semilla,cadencia,turno,casa,prestigio,poblacion,comarcas,maravedis,pan,lana,sal,hierro,produccion_pan,produccion_total,escasez,obras_terminadas,obras_mayores,hitos,decidio,ordenes_propuestas,sin_ordenes
1212,1,1,arrieros,27,56,1,36,67,0,0,0,10,22,0,0,0,0,1,4,0
1212,1,2,arrieros,26,52,1,25,53,0,0,0,10,15,0,0,0,0,1,2,0
1212,1,3,arrieros,25,48,1,14,34,0,0,0,10,15,0,0,0,0,1,6,0
1212,1,4,arrieros,24,44,1,2,24,0,0,0,10,14,0,0,0,0,1,1,0
1212,1,5,arrieros,42,44,1,2,26,0,0,0,16,20,0,1,0,1,1,0,1
1212,1,6,arrieros,42,44,1,14,24,0,0,0,16,32,0,0,0,1,1,8,0
1212,1,7,arrieros,42,44,1,43,28,0,0,0,16,32,0,0,0,1,1,1,0
1212,1,8,arrieros,50,40,1,43,26,0,0,0,16,32,0,0,0,1,1,1,0
1212,1,9,arrieros,49,36,1,43,25,0,0,0,16,32,0,0,0,1,1,1,0
1212,1,10,arrieros,49,37,1,53,31,0,0,0,16,30,0,0,0,1,1,0,1
1212,1,11,arrieros,49,38,1,63,52,0,0,0,32,46,0,0,0,1,1,0,1
1212,1,12,arrieros,49,39,1,70,72,0,0,0,32,46,0,0,0,1,1,1,0
1212,1,13,arrieros,50,40,1,70,92,0,0,0,32,46,0,0,0,1,1,3,0
1212,1,14,arrieros,65,42,1,74,110,0,0,0,32,48,0,0,0,2,1,3,0
1212,1,15,arrieros,65,44,1,74,127,0,0,0,32,48,0,0,0,2,1,3,0
1212,1,16,arrieros,66,46,1,74,143,0,0,0,32,48,0,0,0,2,1,3,0
1212,1,17,arrieros,66,48,1,74,138,0,0,0,20,36,0,0,0,2,1,13,0
1212,1,18,arrieros,67,50,1,64,141,0,0,0,20,36,0,0,0,2,1,3,0
1212,1,19,arrieros,75,52,1,76,142,0,0,0,20,38,0,1,0,2,1,2,0
1212,1,20,arrieros,75,54,1,74,144,0,0,0,20,44,0,0,0,2,1,3,0
1212,1,21,arrieros,76,56,1,76,145,0,0,0,20,44,0,0,0,2,1,3,0
1212,1,22,arrieros,76,58,1,76,145,0,0,0,20,44,0,0,0,2,1,3,0
1212,1,23,arrieros,76,58,1,76,122,0,0,0,10,34,0,0,0,2,1,14,0
1212,1,24,arrieros,76,58,1,99,114,0,0,0,10,29,0,0,0,2,1,4,0
1212,1,25,arrieros,84,58,1,91,106,0,0,0,10,29,0,0,0,2,1,4,0
1212,1,26,arrieros,84,58,1,100,98,0,0,0,10,29,0,0,0,2,1,4,0
1212,1,27,arrieros,84,58,1,97,91,0,0,0,10,29,0,0,0,2,1,4,0
1212,1,28,arrieros,84,58,1,99,84,0,0,0,10,29,0,0,0,2,1,4,0
1212,1,29,arrieros,85,60,1,98,71,0,0,0,16,35,0,0,0,2,1,15,0
1212,1,30,arrieros,85,60,1,105,76,0,0,0,16,42,0,0,0,2,1,5,0
1212,1,31,arrieros,93,60,1,105,80,0,0,0,16,42,0,0,0,2,1,5,0
1212,1,32,arrieros,93,60,1,110,84,0,0,0,16,42,0,0,0,2,1,5,0
1212,1,33,arrieros,93,60,1,109,88,0,0,0,16,42,0,0,0,2,1,5,0
1212,1,34,arrieros,93,60,1,109,92,0,0,0,16,42,0,0,0,2,1,5,0
1212,1,35,arrieros,93,60,1,109,107,0,0,0,32,58,0,0,0,2,1,4,0
1212,1,36,arrieros,93,60,1,109,120,0,0,0,32,58,0,0,0,2,1,4,0
1212,1,37,arrieros,93,60,1,108,132,0,0,0,32,58,0,0,0,2,1,4,0
1212,1,38,arrieros,93,60,1,108,144,0,0,0,32,58,0,0,0,2,1,4,0
1212,1,39,arrieros,93,60,1,107,145,0,0,0,22,48,0,0,0,2,1,4,0
1212,1,40,arrieros,93,60,1,107,146,0,0,0,22,48,0,0,0,2,1,4,0
1212,1,41,arrieros,93,60,1,107,128,0,0,0,14,40,0,0,0,2,1,14,0
1212,1,42,arrieros,93,60,1,107,122,0,0,0,14,40,0,0,0,2,1,4,0
1212,1,43,arrieros,101,60,1,110,117,0,0,0,14,40,0,0,0,2,1,4,0
1212,1,44,arrieros,101,60,1,108,112,0,0,0,14,40,0,0,0,2,1,4,0
1212,1,45,arrieros,101,60,1,113,113,0,0,0,20,46,0,0,0,2,1,4,0
1212,1,46,arrieros,101,60,1,112,114,0,0,0,20,46,0,0,0,2,1,4,0
1212,1,47,arrieros,101,60,1,111,105,0,0,0,10,36,0,0,0,2,1,4,0
1212,1,48,arrieros,101,60,1,105,74,0,0,0,10,30,0,0,0,2,1,14,0
1212,1,49,arrieros,101,60,1,104,66,0,0,0,9,29,0,0,0,2,1,4,0
1212,1,50,arrieros,101,60,1,101,67,0,0,0,9,29,0,0,0,2,1,4,0
1212,1,51,arrieros,101,60,1,100,68,0,0,0,9,29,0,0,0,2,1,4,0
1212,1,52,arrieros,109,60,1,99,69,0,0,0,9,29,0,0,0,2,1,4,0
1212,1,53,arrieros,109,60,1,101,77,0,0,0,16,36,0,0,0,2,1,5,0
1212,1,54,arrieros,109,60,1,108,81,0,0,0,16,42,0,0,0,2,1,5,0
1212,1,55,arrieros,109,60,1,108,85,0,0,0,16,42,0,0,0,2,1,5,0
1212,1,56,arrieros,109,60,1,109,89,0,0,0,16,42,0,0,0,2,1,4,0
1212,1,57,arrieros,109,60,1,111,92,0,0,0,16,42,0,0,0,2,1,5,0
1212,1,58,arrieros,109,60,1,109,91,0,0,0,16,42,0,0,0,2,1,4,0
1212,1,59,arrieros,109,60,1,109,104,0,0,0,32,58,0,0,0,2,1,4,0
1212,1,60,arrieros,109,60,1,108,117,0,0,0,32,58,0,0,0,2,1,4,0
1212,1,61,arrieros,109,60,1,108,129,0,0,0,32,58,0,0,0,2,1,4,0
1212,1,62,arrieros,109,60,1,108,141,0,0,0,32,58,0,0,0,2,1,4,0
1212,1,63,arrieros,109,60,1,107,152,0,0,0,32,58,0,0,0,2,1,4,0
1212,1,64,arrieros,109,60,1,110,163,0,0,0,32,58,0,0,0,2,1,4,0
1212,1,65,arrieros,109,60,1,109,141,0,0,0,21,47,0,0,0,2,1,14,0
1212,1,66,arrieros,109,60,1,109,142,0,0,0,21,47,0,0,0,2,1,4,0
1212,1,67,arrieros,109,60,1,108,143,0,0,0,21,47,0,0,0,2,1,4,0
1212,1,68,arrieros,117,60,1,108,144,0,0,0,21,47,0,0,0,2,1,4,0
1212,1,69,arrieros,117,60,1,107,144,0,0,0,21,47,0,0,0,2,1,4,0
1212,1,70,arrieros,117,60,1,112,144,0,0,0,21,47,0,0,0,2,1,4,0
1212,1,71,arrieros,117,60,1,111,133,0,0,0,9,35,0,0,0,2,1,4,0
1212,1,72,arrieros,117,60,1,104,122,0,0,0,9,29,0,0,0,2,1,4,0
1212,1,73,arrieros,117,60,1,104,113,0,0,0,10,30,0,0,0,2,1,4,0
1212,1,74,arrieros,117,60,1,100,88,0,0,0,10,30,0,0,0,2,1,14,0
1212,1,75,arrieros,117,60,1,103,80,0,0,0,10,30,0,0,0,2,1,5,0
1212,1,76,arrieros,117,60,1,102,74,0,0,0,10,30,0,0,0,2,1,4,0
1212,1,77,arrieros,117,60,1,102,81,0,0,0,16,36,0,0,0,2,1,5,0
1212,1,78,arrieros,125,60,1,105,85,0,0,0,16,42,0,0,0,2,1,5,0
1212,1,79,arrieros,125,60,1,105,89,0,0,0,16,42,0,0,0,2,1,5,0
1212,1,80,arrieros,125,60,1,107,92,0,0,0,16,42,0,0,0,2,1,5,0
1212,1,81,arrieros,125,60,1,109,91,0,0,0,16,42,0,0,0,2,1,4,0
1212,1,82,arrieros,125,60,1,108,89,0,0,0,16,42,0,0,0,2,1,4,0
1212,1,83,arrieros,125,60,1,108,102,0,0,0,32,58,0,0,0,2,1,5,0
1212,1,84,arrieros,125,60,1,107,116,0,0,0,32,58,0,0,0,2,1,4,0
1212,1,85,arrieros,125,60,1,111,128,0,0,0,32,58,0,0,0,2,1,4,0
1212,1,86,arrieros,125,60,1,109,140,0,0,0,32,58,0,0,0,2,1,4,0
1212,1,87,arrieros,125,60,1,109,151,0,0,0,32,58,0,0,0,2,1,4,0
1212,1,88,arrieros,125,60,1,108,162,0,0,0,32,58,0,0,0,2,1,4,0
1212,1,89,arrieros,125,60,1,108,139,0,0,0,20,46,0,0,0,2,1,14,0
1212,1,90,arrieros,125,60,1,108,139,0,0,0,20,46,0,0,0,2,1,4,0
1212,1,91,arrieros,125,60,1,38,139,0,0,0,20,46,0,0,0,2,1,4,0
1212,1,92,arrieros,133,60,1,73,137,0,0,0,20,46,0,0,0,2,1,2,0
1212,1,93,arrieros,133,60,1,99,135,0,0,0,20,46,0,0,0,2,1,3,0
1212,1,94,arrieros,133,60,1,100,133,0,0,0,20,46,0,0,0,2,1,3,0
1212,1,95,arrieros,133,60,1,107,121,0,0,0,10,36,0,0,0,2,1,3,0
1212,1,96,arrieros,133,60,1,102,110,0,0,0,10,30,0,0,0,2,1,3,0
1212,1,97,arrieros,133,60,1,109,99,0,0,0,10,30,0,0,0,2,1,3,0
1212,1,98,arrieros,133,60,1,98,69,0,0,0,10,30,0,0,0,2,1,14,0
1212,1,99,arrieros,133,60,1,102,63,0,0,0,10,30,0,0,0,2,1,3,0
1212,1,100,arrieros,133,60,1,106,63,0,0,0,10,30,0,0,0,2,1,3,0
1212,1,101,arrieros,133,60,1,103,69,0,0,0,16,36,0,0,0,2,1,4,0
1212,1,102,arrieros,141,60,1,108,72,0,0,0,16,42,0,0,0,2,1,4,0
1212,1,103,arrieros,141,60,1,112,75,0,0,0,16,42,0,0,0,2,1,4,0
1212,1,104,arrieros,141,60,1,109,78,0,0,0,16,42,0,0,0,2,1,4,0
1212,1,105,arrieros,141,60,1,117,80,0,0,0,16,42,0,0,0,2,1,4,0
1212,1,106,arrieros,141,60,1,113,82,0,0,0,16,42,0,0,0,2,1,4,0
1212,1,107,arrieros,141,60,1,109,100,0,0,0,32,58,0,0,0,2,1,4,0
1212,1,108,arrieros,141,60,1,116,117,0,0,0,32,58,0,0,0,2,1,4,0
1212,1,109,arrieros,141,60,1,112,129,0,0,0,32,58,0,0,0,2,1,3,0
1212,1,110,arrieros,141,60,1,117,139,0,0,0,32,58,0,0,0,2,1,3,0
1212,1,111,arrieros,141,60,1,107,148,0,0,0,32,58,0,0,0,2,1,3,0
1212,1,112,arrieros,141,60,1,112,157,0,0,0,32,58,0,0,0,2,1,3,0
1212,1,113,arrieros,141,60,1,109,136,0,0,0,20,46,0,0,0,2,1,13,0
1212,1,114,arrieros,141,60,1,115,134,0,0,0,20,46,0,0,0,2,1,3,0
1212,1,115,arrieros,141,60,1,112,132,0,0,0,20,46,0,0,0,2,1,3,0
1212,1,116,arrieros,149,60,1,116,130,0,0,0,20,46,0,0,0,2,1,3,0
1212,1,117,arrieros,149,60,1,115,128,0,0,0,20,46,0,0,0,2,1,3,0
1212,1,118,arrieros,149,60,1,110,126,0,0,0,20,46,0,0,0,2,1,3,0
1212,1,119,arrieros,149,60,1,119,115,0,0,0,10,36,0,0,0,2,1,3,0
1212,1,120,arrieros,149,60,1,106,104,0,0,0,10,30,0,0,0,2,1,3,0
1212,1,121,arrieros,149,60,1,105,94,0,0,0,10,30,0,0,0,2,1,3,0
1212,1,122,arrieros,149,60,1,104,58,0,0,0,10,30,0,0,0,2,1,14,0
1212,1,123,arrieros,149,60,1,109,57,0,0,0,10,30,0,0,0,2,1,3,0
1212,1,124,arrieros,149,60,1,102,57,0,0,0,10,30,0,0,0,2,1,4,0
1212,1,125,arrieros,149,60,1,106,63,0,0,0,16,36,0,0,0,2,1,4,0
1212,1,126,arrieros,157,60,1,112,66,0,0,0,16,42,0,0,0,2,1,4,0
1212,1,127,arrieros,157,60,1,109,69,0,0,0,16,42,0,0,0,2,1,4,0
1212,1,128,arrieros,157,60,1,120,72,0,0,0,16,42,0,0,0,2,1,4,0
1212,1,129,arrieros,157,60,1,118,75,0,0,0,16,42,0,0,0,2,1,4,0
1212,1,130,arrieros,157,60,1,113,78,0,0,0,16,42,0,0,0,2,1,4,0
1212,1,131,arrieros,157,60,1,111,96,0,0,0,32,58,0,0,0,2,1,4,0
1212,1,132,arrieros,157,60,1,118,113,0,0,0,32,58,0,0,0,2,1,4,0
1212,1,133,arrieros,157,60,1,112,129,0,0,0,32,58,0,0,0,2,1,3,0
1212,1,134,arrieros,157,60,1,114,139,0,0,0,32,58,0,0,0,2,1,3,0
1212,1,135,arrieros,157,60,1,107,148,0,0,0,32,58,0,0,0,2,1,3,0
1212,1,136,arrieros,157,60,1,111,157,0,0,0,32,58,0,0,0,2,1,3,0
1212,1,137,arrieros,157,60,1,108,132,0,0,0,20,46,0,0,0,2,1,13,0
1212,1,138,arrieros,157,60,1,110,130,0,0,0,20,46,0,0,0,2,1,3,0
1212,1,139,arrieros,157,60,1,115,128,0,0,0,20,46,0,0,0,2,1,3,0
1212,1,140,arrieros,165,60,1,105,126,0,0,0,20,46,0,0,0,2,1,3,0
1212,1,141,arrieros,165,60,1,117,124,0,0,0,20,46,0,0,0,2,1,3,0
1212,1,142,arrieros,165,60,1,110,122,0,0,0,20,46,0,0,0,2,1,3,0
1212,1,143,arrieros,165,60,1,117,111,0,0,0,10,36,0,0,0,2,1,3,0
1212,1,144,arrieros,165,60,1,108,100,0,0,0,10,30,0,0,0,2,1,3,0
1212,1,145,arrieros,165,60,1,108,90,0,0,0,10,30,0,0,0,2,1,4,0
1212,1,146,arrieros,165,60,1,103,64,0,0,0,10,30,0,0,0,2,1,14,0
1212,1,147,arrieros,165,60,1,106,64,0,0,0,10,30,0,0,0,2,1,3,0
1212,1,148,arrieros,165,60,1,100,64,0,0,0,10,30,0,0,0,2,1,4,0
1212,1,149,arrieros,173,60,1,104,70,0,0,0,16,36,0,0,0,2,1,4,0
1212,1,150,arrieros,173,60,1,115,73,0,0,0,16,42,0,0,0,2,1,4,0
1212,1,151,arrieros,173,60,1,114,76,0,0,0,16,42,0,0,0,2,1,5,0
1212,1,152,arrieros,173,60,1,116,78,0,0,0,16,42,0,0,0,2,1,4,0
1212,1,153,arrieros,173,60,1,116,80,0,0,0,16,42,0,0,0,2,1,4,0
1212,1,154,arrieros,173,60,1,111,82,0,0,0,16,42,0,0,0,2,1,4,0
1212,1,155,arrieros,173,60,1,119,100,0,0,0,32,58,0,0,0,2,1,4,0
1212,1,156,arrieros,173,60,1,113,117,0,0,0,32,58,0,0,0,2,1,4,0
1212,1,157,arrieros,173,60,1,119,129,0,0,0,32,58,0,0,0,2,1,3,0
1212,1,158,arrieros,173,60,1,109,139,0,0,0,32,58,0,0,0,2,1,3,0
1212,1,159,arrieros,173,60,1,114,148,0,0,0,32,58,0,0,0,2,1,3,0
1212,1,160,arrieros,173,60,1,107,157,0,0,0,32,58,0,0,0,2,1,3,0
1212,1,161,arrieros,333,63,1,109,140,0,0,0,20,46,0,1,1,3,1,13,0
1212,1,162,arrieros,334,66,1,113,140,0,0,0,20,46,0,0,0,3,1,4,0
1212,1,163,arrieros,334,69,1,117,137,0,0,0,18,44,0,0,0,3,1,3,0
1212,1,164,arrieros,343,72,1,110,133,0,0,0,18,44,0,0,0,3,1,3,0
1212,1,165,arrieros,344,75,1,123,128,0,0,0,18,46,0,0,0,3,1,3,0
1212,1,166,arrieros,344,75,1,141,123,0,0,0,18,46,0,0,0,3,1,3,0
1212,1,167,arrieros,344,75,1,191,110,0,0,0,9,37,0,0,0,3,1,2,0
1212,1,168,arrieros,344,75,1,204,97,0,0,0,9,30,0,0,0,3,1,3,0
1212,1,169,arrieros,344,75,1,190,67,0,0,0,9,30,0,0,0,3,1,13,0
1212,1,170,arrieros,344,75,1,174,68,0,0,0,9,30,0,0,0,3,1,3,0
1212,1,171,arrieros,344,75,1,157,69,0,0,0,9,30,0,0,0,3,1,3,0
1212,1,172,arrieros,344,75,1,145,70,0,0,0,9,30,0,0,0,3,1,3,0
1212,1,173,arrieros,352,75,1,118,76,0,0,0,14,35,0,0,0,3,1,4,0
1212,1,174,arrieros,352,75,1,152,79,0,0,0,14,42,0,0,0,3,1,3,0
1212,1,175,arrieros,352,75,1,111,81,0,0,0,14,42,0,0,0,3,1,4,0
1212,1,176,arrieros,352,75,1,167,83,0,0,0,14,42,0,0,0,3,1,3,0
1212,1,177,arrieros,352,75,1,131,85,0,0,0,14,42,0,0,0,3,1,4,0
1212,1,178,arrieros,352,75,1,163,87,0,0,0,14,42,0,0,0,3,1,4,0
1212,1,179,arrieros,352,78,1,148,103,0,0,0,28,56,0,0,0,3,1,4,0
1212,1,180,arrieros,353,80,1,153,117,0,0,0,28,56,0,0,0,3,1,4,0
1212,1,181,arrieros,353,80,1,183,129,0,0,0,28,58,0,0,0,3,1,4,0
1212,1,182,arrieros,353,80,1,240,135,0,0,0,28,58,0,0,0,3,1,3,0
1212,1,183,arrieros,353,80,1,302,138,0,0,0,28,58,0,0,0,3,1,3,0
1212,1,184,arrieros,353,80,1,363,141,0,0,0,28,58,0,0,0,3,1,3,0
1212,1,185,arrieros,353,80,1,470,118,0,0,0,18,48,0,0,0,3,1,12,0
1212,1,186,arrieros,353,80,1,502,112,0,0,0,18,48,0,0,0,3,1,3,0
1212,1,187,arrieros,353,80,1,513,108,0,0,0,18,48,0,0,0,3,1,3,0
1212,1,188,arrieros,361,80,1,513,110,0,0,0,18,48,0,0,0,3,1,3,0
1212,1,189,arrieros,361,80,1,514,116,0,0,0,18,48,0,0,0,3,1,3,0
1212,1,190,arrieros,361,80,1,547,120,0,0,0,18,48,0,0,0,3,1,3,0
1212,1,191,arrieros,361,80,1,606,109,0,0,0,9,39,0,0,0,3,1,2,0
1212,1,192,arrieros,361,80,1,592,95,0,0,0,9,31,0,0,0,3,1,3,0
1212,1,193,arrieros,361,80,1,582,68,0,0,0,9,31,0,0,0,3,1,13,0
1212,1,194,arrieros,361,80,1,568,67,0,0,0,9,31,0,0,0,3,1,3,0
1212,1,195,arrieros,361,80,1,552,66,0,0,0,9,31,0,0,0,3,1,3,0
1212,1,196,arrieros,361,80,1,542,65,0,0,0,9,31,0,0,0,3,1,3,0
1212,1,197,arrieros,361,80,1,491,67,0,0,0,12,34,0,0,0,3,1,4,0
1212,1,198,arrieros,369,80,1,498,66,0,0,0,12,42,0,0,0,3,1,4,0
1212,1,199,arrieros,369,80,1,504,65,0,0,0,12,42,0,0,0,3,1,4,0
1212,1,200,arrieros,369,80,1,510,64,0,0,0,12,42,0,0,0,3,1,4,0
1212,1,1,canteros,39,116,1,88,53,0,0,0,15,45,0,0,0,0,1,4,0
1212,1,2,canteros,39,116,1,95,36,0,0,0,15,31,0,0,0,0,1,0,1
1212,1,3,canteros,39,116,1,102,20,0,0,0,15,31,0,1,0,0,1,0,1
1212,1,4,canteros,39,116,1,75,6,0,0,0,15,39,0,0,0,0,1,4,0
1212,1,5,canteros,39,116,1,89,8,0,0,0,24,48,0,0,0,0,1,2,0
1212,1,6,canteros,39,116,1,96,6,0,0,0,24,59,0,0,0,0,1,3,0
1212,1,7,canteros,39,116,1,93,5,0,0,0,24,59,0,0,0,0,1,3,0
1212,1,8,canteros,39,116,1,100,4,0,0,0,24,59,0,0,0,0,1,3,0
1212,1,9,canteros,38,116,1,99,4,0,0,0,24,59,1,0,0,0,1,3,0
1212,1,10,canteros,37,116,1,100,4,0,0,0,24,59,1,0,0,0,1,3,0
1212,1,11,canteros,37,116,1,101,27,0,0,0,48,83,0,0,0,0,1,3,0
1212,1,12,canteros,37,116,1,102,49,0,0,0,48,83,0,0,0,0,1,3,0
1212,1,13,canteros,37,116,1,104,70,0,0,0,48,83,0,0,0,0,1,3,0
1212,1,14,canteros,36,112,1,87,80,0,0,0,48,83,0,0,0,0,1,4,0
1212,1,15,canteros,50,108,1,81,91,0,0,0,48,83,0,0,0,1,1,4,0
1212,1,16,canteros,50,108,1,95,112,0,0,0,48,81,0,0,0,1,1,2,0
1212,1,17,canteros,50,108,1,90,111,0,0,0,30,63,0,0,0,1,1,8,0
1212,1,18,canteros,68,108,1,95,117,0,0,0,30,62,0,0,0,2,1,2,0
1212,1,19,canteros,68,108,1,92,123,0,0,0,30,62,0,0,0,2,1,3,0
1212,1,20,canteros,68,108,1,96,128,0,0,0,30,62,0,0,0,2,1,2,0
1212,1,21,canteros,68,108,1,92,131,0,0,0,30,62,0,0,0,2,1,8,0
1212,1,22,canteros,68,108,1,98,136,0,0,0,30,62,0,0,0,2,1,2,0
1212,1,23,canteros,76,108,1,95,127,0,0,0,15,47,0,0,0,2,1,2,0
1212,1,24,canteros,76,108,1,88,120,0,0,0,15,37,0,0,0,2,1,2,0
1212,1,25,canteros,76,108,1,87,112,0,0,0,15,37,0,0,0,2,1,2,0
1212,1,26,canteros,76,108,1,83,100,0,0,0,15,37,0,0,0,2,1,7,0
1212,1,27,canteros,84,108,1,83,91,0,0,0,15,37,0,0,0,2,1,2,0
1212,1,28,canteros,84,108,1,82,81,0,0,0,15,37,0,0,0,2,1,2,0
1212,1,29,canteros,84,108,1,83,75,0,0,0,18,40,0,0,0,2,1,2,0
1212,1,30,canteros,84,108,1,93,67,0,0,0,18,50,0,0,0,2,1,7,0
1212,1,31,canteros,92,108,1,95,61,0,0,0,18,50,0,0,0,2,1,2,0
1212,1,32,canteros,92,108,1,99,57,0,0,0,18,50,0,0,0,2,1,2,0
1212,1,33,canteros,92,108,1,103,54,0,0,0,18,50,0,0,0,2,1,2,0
1212,1,34,canteros,92,108,1,92,51,0,0,0,18,50,0,0,0,2,1,4,0
1212,1,35,canteros,92,108,1,155,74,0,0,0,48,79,0,0,0,2,1,3,0
1212,1,36,canteros,92,108,1,26,96,0,0,0,48,79,0,0,0,2,1,5,0
1212,1,37,canteros,92,108,1,121,115,0,0,0,48,79,0,0,0,2,1,1,0
1212,1,38,canteros,92,108,1,84,129,0,0,0,48,79,0,0,0,2,1,4,0
1212,1,39,canteros,92,108,1,117,147,0,0,0,48,79,0,0,0,2,1,3,0
1212,1,40,canteros,92,108,1,113,164,0,0,0,48,79,0,0,0,2,1,3,0
1212,1,41,canteros,92,108,1,95,159,0,0,0,30,61,0,0,0,2,1,8,0
1212,1,42,canteros,92,108,1,98,161,0,0,0,30,61,0,0,0,2,1,3,0
1212,1,43,canteros,100,108,1,91,163,0,0,0,30,61,0,0,0,2,1,3,0
1212,1,44,canteros,100,108,1,95,165,0,0,0,30,61,0,0,0,2,1,2,0
1212,1,45,canteros,100,108,1,92,167,0,0,0,30,61,0,0,0,2,1,3,0
1212,1,46,canteros,100,108,1,99,169,0,0,0,30,61,0,0,0,2,1,2,0
1212,1,47,canteros,100,108,1,94,156,0,0,0,15,46,0,0,0,2,1,3,0
1212,1,48,canteros,100,108,1,85,138,0,0,0,15,36,0,0,0,2,1,7,0
1212,1,49,canteros,100,108,1,83,127,0,0,0,15,36,0,0,0,2,1,2,0
1212,1,50,canteros,108,108,1,83,115,0,0,0,15,36,0,0,0,2,1,2,0
1212,1,51,canteros,108,108,1,82,102,0,0,0,15,36,0,0,0,2,1,2,0
1212,1,52,canteros,108,108,1,81,90,0,0,0,15,35,0,0,0,2,1,2,0
1212,1,53,canteros,108,108,1,84,87,0,0,0,24,44,0,0,0,2,1,2,0
1212,1,54,canteros,108,108,1,90,79,0,0,0,24,54,0,0,0,2,1,8,0
1212,1,55,canteros,108,108,1,92,76,0,0,0,24,54,0,0,0,2,1,3,0
1212,1,56,canteros,116,108,1,90,73,0,0,0,24,54,0,0,0,2,1,3,0
1212,1,57,canteros,116,108,1,94,70,0,0,0,24,54,0,0,0,2,1,3,0
1212,1,58,canteros,116,108,1,93,67,0,0,0,24,54,0,0,0,2,1,3,0
1212,1,59,canteros,116,108,1,97,87,0,0,0,48,78,0,0,0,2,1,3,0
1212,1,60,canteros,116,108,1,88,106,0,0,0,48,78,0,0,0,2,1,3,0
1212,1,61,canteros,116,108,1,99,124,0,0,0,48,78,0,0,0,2,1,3,0
1212,1,62,canteros,116,108,1,88,142,0,0,0,48,78,0,0,0,2,1,3,0
1212,1,63,canteros,116,108,1,99,159,0,0,0,48,78,0,0,0,2,1,3,0
1212,1,64,canteros,116,108,1,88,175,0,0,0,48,78,0,0,0,2,1,3,0
1212,1,65,canteros,116,108,1,98,169,0,0,0,30,60,0,0,0,2,1,7,0
1212,1,66,canteros,116,108,1,90,164,0,0,0,30,60,0,0,0,2,1,3,0
1212,1,67,canteros,124,108,1,88,164,0,0,0,30,60,0,0,0,2,1,2,0
1212,1,68,canteros,124,108,1,94,166,0,0,0,30,60,0,0,0,2,1,2,0
1212,1,69,canteros,124,108,1,98,167,0,0,0,30,60,0,0,0,2,1,2,0
1212,1,70,canteros,124,108,1,97,169,0,0,0,30,60,0,0,0,2,1,3,0
1212,1,71,canteros,124,108,1,98,156,0,0,0,15,45,0,0,0,2,1,3,0
1212,1,72,canteros,124,108,1,82,138,0,0,0,15,35,0,0,0,2,1,8,0
1212,1,73,canteros,124,108,1,84,127,0,0,0,15,35,0,0,0,2,1,2,0
1212,1,74,canteros,132,108,1,83,114,0,0,0,15,35,0,0,0,2,1,2,0
1212,1,75,canteros,132,108,1,82,101,0,0,0,15,35,0,0,0,2,1,2,0
1212,1,76,canteros,132,108,1,81,89,0,0,0,15,35,0,0,0,2,1,2,0
1212,1,77,canteros,132,108,1,86,86,0,0,0,24,44,0,0,0,2,1,2,0
1212,1,78,canteros,132,108,1,93,78,0,0,0,24,54,0,0,0,2,1,8,0
1212,1,79,canteros,132,108,1,95,75,0,0,0,24,54,0,0,0,2,1,3,0
1212,1,80,canteros,140,108,1,87,72,0,0,0,24,54,0,0,0,2,1,3,0
1212,1,81,canteros,140,108,1,93,69,0,0,0,24,54,0,0,0,2,1,3,0
1212,1,82,canteros,140,108,1,94,66,0,0,0,24,54,0,0,0,2,1,3,0
1212,1,83,canteros,140,108,1,97,86,0,0,0,48,78,0,0,0,2,1,3,0
1212,1,84,canteros,140,108,1,88,105,0,0,0,48,78,0,0,0,2,1,3,0
1212,1,85,canteros,140,108,1,93,124,0,0,0,48,78,0,0,0,2,1,3,0
1212,1,86,canteros,140,108,1,94,142,0,0,0,48,78,0,0,0,2,1,3,0
1212,1,87,canteros,140,108,1,97,159,0,0,0,48,78,0,0,0,2,1,3,0
1212,1,88,canteros,140,108,1,88,175,0,0,0,48,78,0,0,0,2,1,3,0
1212,1,89,canteros,140,108,1,93,169,0,0,0,30,60,0,0,0,2,1,7,0
1212,1,90,canteros,140,108,1,85,164,0,0,0,30,60,0,0,0,2,1,3,0
1212,1,91,canteros,358,108,1,92,164,0,0,0,30,60,0,1,1,3,1,2,0
1212,1,92,canteros,358,108,1,94,167,0,0,0,30,60,0,0,0,3,1,3,0
1212,1,93,canteros,358,108,1,96,161,0,0,0,27,57,0,0,0,3,1,2,0
1212,1,94,canteros,358,108,1,93,155,0,0,0,27,57,0,0,0,3,1,3,0
1212,1,95,canteros,358,108,1,98,137,0,0,0,13,43,0,0,0,3,1,2,0
1212,1,96,canteros,358,108,1,86,122,0,0,0,13,33,0,0,0,3,1,8,0
1212,1,97,canteros,358,108,1,85,111,0,0,0,13,33,0,0,0,3,1,2,0
1212,1,98,canteros,366,108,1,81,100,0,0,0,13,33,0,0,0,3,1,2,0
1212,1,99,canteros,366,108,1,81,89,0,0,0,13,33,0,0,0,3,1,2,0
1212,1,100,canteros,366,108,1,80,77,0,0,0,13,33,0,0,0,3,1,2,0
1212,1,101,canteros,366,108,1,85,74,0,0,0,21,41,0,0,0,3,1,2,0
1212,1,102,canteros,366,108,1,92,66,0,0,0,21,51,0,0,0,3,1,8,0
1212,1,103,canteros,366,108,1,94,62,0,0,0,21,51,0,0,0,3,1,3,0
1212,1,104,canteros,374,108,1,98,58,0,0,0,21,51,0,0,0,3,1,3,0
1212,1,105,canteros,374,108,1,95,54,0,0,0,21,51,0,0,0,3,1,3,0
1212,1,106,canteros,374,108,1,94,51,0,0,0,21,51,0,0,0,3,1,3,0
1212,1,107,canteros,374,108,1,98,69,0,0,0,43,73,0,0,0,3,1,3,0
1212,1,108,canteros,374,108,1,102,86,0,0,0,43,73,0,0,0,3,1,3,0
1212,1,109,canteros,374,108,1,105,102,0,0,0,43,73,0,0,0,3,1,2,0
1212,1,110,canteros,374,108,1,108,121,0,0,0,43,73,0,0,0,3,1,2,0
1212,1,111,canteros,374,108,1,110,139,0,0,0,43,73,0,0,0,3,1,2,0
1212,1,112,canteros,374,108,1,115,156,0,0,0,43,73,0,0,0,3,1,2,0
1212,1,113,canteros,374,108,1,124,153,0,0,0,27,57,0,0,0,3,1,7,0
1212,1,114,canteros,374,108,1,119,153,0,0,0,27,57,0,0,0,3,1,2,0
1212,1,115,canteros,382,108,1,117,156,0,0,0,27,57,0,0,0,3,1,2,0
1212,1,116,canteros,382,108,1,126,159,0,0,0,27,57,0,0,0,3,1,2,0
1212,1,117,canteros,382,108,1,144,159,0,0,0,27,57,0,0,0,3,1,2,0
1212,1,118,canteros,382,108,1,159,156,0,0,0,27,57,0,0,0,3,1,2,0
1212,1,119,canteros,382,108,1,163,140,0,0,0,13,43,0,0,0,3,1,2,0
1212,1,120,canteros,382,108,1,145,123,0,0,0,13,33,0,0,0,3,1,7,0
1212,1,121,canteros,382,108,1,131,115,0,0,0,13,33,0,0,0,3,1,2,0
1212,1,122,canteros,382,108,1,116,107,0,0,0,13,33,0,0,0,3,1,2,0
1212,1,123,canteros,390,108,1,100,100,0,0,0,13,33,0,0,0,3,1,2,0
1212,1,124,canteros,390,108,1,87,93,0,0,0,13,33,0,0,0,3,1,2,0
1212,1,125,canteros,390,108,1,89,93,0,0,0,21,41,0,0,0,3,1,2,0
1212,1,126,canteros,390,108,1,93,90,0,0,0,21,51,0,0,0,3,1,2,0
1212,1,127,canteros,390,108,1,97,88,0,0,0,21,51,0,0,0,3,1,2,0
1212,1,128,canteros,390,108,1,101,79,0,0,0,21,51,0,0,0,3,1,7,0
1212,1,129,canteros,390,108,1,104,78,0,0,0,21,51,0,0,0,3,1,2,0
1212,1,130,canteros,390,108,1,107,77,0,0,0,21,51,0,0,0,3,1,2,0
1212,1,131,canteros,398,108,1,109,97,0,0,0,43,73,0,0,0,3,1,2,0
1212,1,132,canteros,398,108,1,114,116,0,0,0,43,73,0,0,0,3,1,2,0
1212,1,133,canteros,398,108,1,119,134,0,0,0,43,73,0,0,0,3,1,2,0
1212,1,134,canteros,398,108,1,97,151,0,0,0,43,73,0,0,0,3,1,3,0
1212,1,135,canteros,398,108,1,127,168,0,0,0,43,73,0,0,0,3,1,2,0
1212,1,136,canteros,398,108,1,108,184,0,0,0,43,73,0,0,0,3,1,2,0
1212,1,137,canteros,398,108,1,183,177,0,0,0,27,57,0,0,0,3,1,1,0
1212,1,138,canteros,398,108,1,207,170,0,0,0,27,57,0,0,0,3,1,0,1
1212,1,139,canteros,398,108,1,231,164,0,0,0,27,57,0,0,0,3,1,0,1
1212,1,140,canteros,399,112,1,265,163,0,0,0,27,57,0,0,0,3,1,1,0
1212,1,141,canteros,398,108,1,250,146,0,0,0,27,59,0,0,0,3,1,3,0
1212,1,142,canteros,398,108,1,251,140,0,0,0,27,57,0,0,0,3,1,8,0
1212,1,143,canteros,398,108,1,270,128,0,0,0,13,43,0,0,0,3,1,3,0
1212,1,144,canteros,398,108,1,266,117,0,0,0,13,33,0,0,0,3,1,2,0
1212,1,145,canteros,406,108,1,266,109,0,0,0,13,33,0,0,0,3,1,3,0
1212,1,146,canteros,406,108,1,276,99,0,0,0,13,33,0,0,0,3,1,3,0
1212,1,147,canteros,406,108,1,273,89,0,0,0,13,33,0,0,0,3,1,2,0
1212,1,148,canteros,406,108,1,270,82,0,0,0,13,33,0,0,0,3,1,3,0
1212,1,149,canteros,406,108,1,239,80,0,0,0,21,41,0,0,0,3,1,4,0
1212,1,150,canteros,406,108,1,254,70,0,0,0,21,51,0,0,0,3,1,8,0
1212,1,151,canteros,406,108,1,269,69,0,0,0,21,51,0,0,0,3,1,5,0
1212,1,152,canteros,406,108,1,290,65,0,0,0,21,51,0,0,0,3,1,3,0
1212,1,153,canteros,414,108,1,307,64,0,0,0,21,51,0,0,0,3,1,4,0
1212,1,154,canteros,414,108,1,328,60,0,0,0,21,51,0,0,0,3,1,3,0
1212,1,155,canteros,414,108,1,344,80,0,0,0,43,73,0,0,0,3,1,4,0
1212,1,156,canteros,414,108,1,364,97,0,0,0,43,73,0,0,0,3,1,3,0
1212,1,157,canteros,414,108,1,379,116,0,0,0,43,73,0,0,0,3,1,4,0
1212,1,158,canteros,414,108,1,399,131,0,0,0,43,73,0,0,0,3,1,3,0
1212,1,159,canteros,414,108,1,414,149,0,0,0,43,73,0,0,0,3,1,4,0
1212,1,160,canteros,414,108,1,434,163,0,0,0,43,73,0,0,0,3,1,3,0
1212,1,161,canteros,415,112,1,530,169,0,0,0,27,57,0,0,0,3,1,3,0
1212,1,162,canteros,414,108,1,556,152,0,0,0,27,59,0,0,0,3,1,2,0
1212,1,163,canteros,414,108,1,551,140,0,0,0,27,57,0,0,0,3,1,8,0
1212,1,164,canteros,414,108,1,571,142,0,0,0,27,57,0,0,0,3,1,3,0
1212,1,165,canteros,414,108,1,578,144,0,0,0,27,57,0,0,0,3,1,2,0
1212,1,166,canteros,422,108,1,585,149,0,0,0,27,57,0,0,0,3,1,3,0
1212,1,167,canteros,422,108,1,603,137,0,0,0,13,43,0,0,0,3,1,3,0
1212,1,168,canteros,422,108,1,599,126,0,0,0,13,33,0,0,0,3,1,2,0
1212,1,169,canteros,422,108,1,599,118,0,0,0,13,33,0,0,0,3,1,3,0
1212,1,170,canteros,422,108,1,609,107,0,0,0,13,33,0,0,0,3,1,3,0
1212,1,171,canteros,422,108,1,606,93,0,0,0,13,33,0,0,0,3,1,7,0
1212,1,172,canteros,422,108,1,603,86,0,0,0,13,33,0,0,0,3,1,3,0
1212,1,173,canteros,422,108,1,572,84,0,0,0,21,41,0,0,0,3,1,4,0
1212,1,174,canteros,430,108,1,587,79,0,0,0,21,51,0,0,0,3,1,3,0
1212,1,175,canteros,430,108,1,602,78,0,0,0,21,51,0,0,0,3,1,4,0
1212,1,176,canteros,430,108,1,623,74,0,0,0,21,51,0,0,0,3,1,3,0
1212,1,177,canteros,430,108,1,640,73,0,0,0,21,51,0,0,0,3,1,4,0
1212,1,178,canteros,430,108,1,661,69,0,0,0,21,51,0,0,0,3,1,3,0
1212,1,179,canteros,430,108,1,677,89,0,0,0,43,73,0,0,0,3,1,4,0
1212,1,180,canteros,430,108,1,697,105,0,0,0,43,73,0,0,0,3,1,3,0
1212,1,181,canteros,430,108,1,712,124,0,0,0,43,73,0,0,0,3,1,4,0
1212,1,182,canteros,430,108,1,732,139,0,0,0,43,73,0,0,0,3,1,3,0
1212,1,183,canteros,430,108,1,717,118,0,0,0,43,73,0,0,0,3,1,5,0
1212,1,184,canteros,430,108,1,687,133,0,0,0,43,73,0,0,0,3,1,4,0
1212,1,185,canteros,464,138,2,744,129,0,0,0,27,57,0,0,0,4,1,9,0
1212,1,186,canteros,464,138,2,746,125,0,0,0,27,63,0,0,0,4,1,4,0
1212,1,187,canteros,464,138,2,739,119,0,0,0,27,63,0,1,0,4,1,4,0
1212,1,188,canteros,472,138,2,734,119,0,0,0,31,67,0,0,0,4,1,4,0
1212,1,189,canteros,472,138,2,740,116,0,0,0,31,67,0,0,0,4,1,4,0
1212,1,190,canteros,472,138,2,719,113,0,0,0,31,67,0,0,0,4,1,3,0
1212,1,191,canteros,472,138,2,713,96,0,0,0,15,51,0,0,0,4,1,5,0
1212,1,192,canteros,472,138,2,709,76,0,0,0,15,41,0,1,0,4,1,4,0
1212,1,193,canteros,472,138,2,683,54,0,0,0,15,45,0,0,0,4,1,8,0
1212,1,194,canteros,472,138,2,657,39,0,0,0,15,45,0,1,0,4,1,3,0
1212,1,195,canteros,472,138,2,643,27,0,0,0,15,51,0,0,0,4,1,4,0
1212,1,196,canteros,472,138,2,646,12,0,0,0,15,51,0,0,0,4,1,3,0
1212,1,197,canteros,480,138,2,608,9,0,0,0,24,60,0,0,0,4,1,4,0
1212,1,198,canteros,479,138,2,632,4,0,0,0,24,70,1,0,0,4,1,4,0
1212,1,199,canteros,478,138,2,656,4,0,0,0,24,70,1,0,0,4,1,5,0
1212,1,200,canteros,476,134,2,680,4,0,0,0,24,66,1,0,0,4,1,4,0
1212,1,1,ferrones,33,86,1,390,62,0,14,0,15,33,0,0,0,0,1,4,0
1212,1,2,ferrones,32,82,1,374,44,0,9,0,15,23,0,0,0,0,1,2,0
1212,1,3,ferrones,32,82,1,378,37,0,4,0,15,23,0,0,0,0,1,0,1
1212,1,4,ferrones,32,82,1,382,29,0,0,0,15,23,0,0,0,0,1,0,1
1212,1,5,ferrones,32,82,1,386,11,0,0,0,4,12,0,1,0,0,1,0,1
1212,1,6,ferrones,31,82,1,312,0,0,0,0,4,28,1,0,0,0,1,6,0
1212,1,7,ferrones,30,82,1,301,3,0,0,0,4,28,1,0,0,0,1,5,0
1212,1,8,ferrones,29,80,1,296,3,0,0,0,4,28,1,0,0,0,1,5,0
1212,1,9,ferrones,27,78,1,224,3,0,2,0,4,28,1,0,0,0,1,4,0
1212,1,10,ferrones,26,76,1,243,4,0,0,0,10,32,1,0,0,0,1,3,0
1212,1,11,ferrones,24,74,1,179,7,0,0,0,9,31,1,0,0,0,1,4,0
1212,1,12,ferrones,23,72,1,161,4,0,0,0,8,30,1,0,0,0,1,4,0
1212,1,13,ferrones,22,70,1,143,4,0,0,0,8,30,1,0,0,0,1,4,0
1212,1,14,ferrones,20,68,1,150,4,0,0,0,7,29,1,0,0,0,1,5,0
1212,1,15,ferrones,19,66,1,125,4,0,0,0,7,19,1,0,0,0,1,4,0
1212,1,16,ferrones,18,65,1,126,4,0,0,0,7,19,1,0,0,0,1,3,0
1212,1,17,ferrones,16,64,1,86,4,0,0,0,4,16,1,0,0,0,1,3,0
1212,1,18,ferrones,15,63,1,90,7,0,0,0,3,15,1,0,0,0,1,2,0
1212,1,19,ferrones,14,62,1,76,5,0,0,0,3,15,1,0,0,0,1,2,0
1212,1,20,ferrones,13,61,1,79,6,0,0,0,3,15,1,0,0,0,1,2,0
1212,1,21,ferrones,12,60,1,77,3,0,0,0,3,15,1,0,0,0,1,2,0
1212,1,22,ferrones,10,59,1,75,3,0,0,0,3,15,1,0,0,0,1,2,0
1212,1,23,ferrones,9,58,1,72,3,0,0,0,1,12,1,0,0,0,1,2,0
1212,1,24,ferrones,8,57,1,74,3,0,0,0,1,12,1,0,0,0,1,2,0
1212,1,25,ferrones,7,56,1,74,2,0,0,0,1,12,1,0,0,0,1,2,0
1212,1,26,ferrones,6,55,1,74,2,0,0,0,1,12,1,0,0,0,1,2,0
1212,1,27,ferrones,4,54,1,74,2,0,0,0,1,12,1,0,0,0,1,2,0
1212,1,28,ferrones,3,53,1,74,2,0,0,0,1,12,1,0,0,0,1,2,0
1212,1,29,ferrones,2,52,1,74,2,0,0,0,2,13,1,0,0,0,1,2,0
1212,1,30,ferrones,1,51,1,78,2,0,0,0,2,17,1,0,0,0,1,3,0
1212,1,31,ferrones,0,50,1,73,2,0,0,0,2,13,1,0,0,0,1,2,0
1212,1,32,ferrones,-2,49,1,75,3,0,0,0,2,13,1,0,0,0,1,2,0
1212,1,33,ferrones,-3,48,1,69,2,0,0,0,2,12,1,0,0,0,1,2,0
1212,1,34,ferrones,-4,47,1,75,3,0,0,0,2,12,1,0,0,0,1,2,0
1212,1,35,ferrones,-5,46,1,68,1,0,0,0,5,15,1,0,0,0,1,2,0
1212,1,36,ferrones,-6,45,1,74,3,0,0,0,5,15,1,0,0,0,1,2,0
1212,1,37,ferrones,-8,44,1,72,1,0,0,0,5,15,1,0,0,0,1,2,0
1212,1,38,ferrones,-9,43,1,71,2,0,0,0,5,15,1,0,0,0,1,2,0
1212,1,39,ferrones,-10,42,1,70,2,0,0,0,5,15,1,0,0,0,1,2,0
1212,1,40,ferrones,-11,41,1,69,2,0,0,0,5,15,1,0,0,0,1,2,0
1212,1,41,ferrones,-12,40,1,73,2,0,0,0,3,13,1,0,0,0,1,2,0
1212,1,42,ferrones,-14,39,1,71,1,0,0,0,3,13,1,0,0,0,1,2,0
1212,1,43,ferrones,-15,38,1,70,2,0,0,0,3,13,1,0,0,0,1,2,0
1212,1,44,ferrones,-16,37,1,69,2,0,0,0,3,13,1,0,0,0,1,2,0
1212,1,45,ferrones,-17,36,1,73,2,0,0,0,3,13,1,0,0,0,1,2,0
1212,1,46,ferrones,-18,35,1,71,1,0,0,0,3,13,1,0,0,0,1,2,0
1212,1,47,ferrones,-20,34,1,70,2,0,0,0,1,11,1,0,0,0,1,2,0
1212,1,48,ferrones,-21,33,1,69,2,0,0,0,1,11,1,0,0,0,1,2,0
1212,1,49,ferrones,-22,32,1,73,2,0,0,0,1,11,1,0,0,0,1,2,0
1212,1,50,ferrones,-23,31,1,71,1,0,0,0,1,11,1,0,0,0,1,2,0
1212,1,51,ferrones,-24,30,1,70,2,0,0,0,1,11,1,0,0,0,1,2,0
1212,1,52,ferrones,-26,29,1,69,2,0,0,0,1,11,1,0,0,0,1,2,0
1212,1,53,ferrones,-27,28,1,72,2,0,0,0,2,11,1,0,0,0,1,2,0
1212,1,54,ferrones,-28,27,1,70,1,0,0,0,2,12,1,0,0,0,1,3,0
1212,1,55,ferrones,-29,26,1,68,2,0,0,0,2,11,1,0,0,0,1,2,0
1212,1,56,ferrones,-30,25,1,71,2,0,0,0,2,11,1,0,0,0,1,2,0
1212,1,57,ferrones,-32,24,1,68,1,0,0,0,2,11,1,0,0,0,1,2,0
1212,1,58,ferrones,-33,23,1,71,2,0,0,0,2,11,1,0,0,0,1,2,0
1212,1,59,ferrones,-33,23,1,58,3,0,0,0,5,14,0,0,0,0,1,2,0
1212,1,60,ferrones,-33,23,1,66,3,0,0,0,5,14,0,1,0,0,1,1,0
1212,1,61,ferrones,-33,23,1,57,2,0,0,0,4,15,0,0,0,0,1,3,0
1212,1,62,ferrones,-33,23,1,64,1,0,0,0,5,16,0,1,0,0,1,2,0
1212,1,63,ferrones,-33,23,1,77,0,0,0,0,4,15,0,1,0,0,1,0,1
1212,1,64,ferrones,-33,23,1,38,0,0,0,0,5,16,0,0,0,0,1,3,0
1212,1,65,ferrones,-34,23,1,48,3,0,0,0,3,14,1,0,0,0,1,1,0
1212,1,66,ferrones,-35,23,1,54,0,0,0,0,3,14,1,0,0,0,1,0,1
1212,1,67,ferrones,-36,22,1,60,0,0,0,0,3,14,1,1,0,0,1,0,1
1212,1,68,ferrones,-37,21,1,66,0,0,0,1,2,13,1,0,0,0,1,0,1
1212,1,69,ferrones,-38,20,1,67,0,0,0,2,2,13,1,0,0,0,1,2,0
1212,1,70,ferrones,-40,19,1,69,1,0,0,2,2,12,1,0,0,0,1,2,0
1212,1,71,ferrones,-41,18,1,70,1,0,0,2,0,9,1,0,0,0,1,2,0
1212,1,72,ferrones,-42,17,1,66,1,0,0,2,0,9,1,0,0,0,1,2,0
1212,1,73,ferrones,-43,16,1,69,2,0,0,2,0,9,1,0,0,0,1,2,0
1212,1,74,ferrones,-44,15,1,70,1,0,0,2,0,9,1,0,0,0,1,2,0
1212,1,75,ferrones,-46,14,1,66,1,0,0,2,0,9,1,0,0,0,1,2,0
1212,1,76,ferrones,-47,13,1,69,2,0,0,2,0,9,1,0,0,0,1,2,0
1212,1,77,ferrones,-48,12,1,70,1,0,0,2,0,8,1,0,0,0,1,2,0
1212,1,78,ferrones,-49,11,1,67,1,0,0,2,0,9,1,0,0,0,1,3,0
1212,1,79,ferrones,-50,10,1,70,2,0,0,2,0,8,1,0,0,0,1,2,0
1212,1,80,ferrones,-50,10,1,66,1,0,0,2,0,8,0,0,0,0,1,2,0
1212,1,81,ferrones,-51,10,1,69,2,0,0,2,0,8,1,0,0,0,1,2,0
1212,1,82,ferrones,-51,10,1,70,1,0,0,2,0,8,0,0,0,0,1,2,0
1212,1,83,ferrones,-51,10,1,66,1,0,0,2,1,9,0,0,0,0,1,2,0
1212,1,84,ferrones,-51,10,1,69,2,0,0,2,1,9,0,0,0,0,1,2,0
1212,1,85,ferrones,-51,10,1,70,2,0,0,2,1,9,0,0,0,0,1,2,0
1212,1,86,ferrones,-51,10,1,66,2,0,0,2,1,9,0,0,0,0,1,2,0
1212,1,87,ferrones,-51,10,1,69,3,0,0,2,1,9,0,0,0,0,1,2,0
1212,1,88,ferrones,-51,10,1,70,4,0,0,2,2,11,0,0,0,0,1,2,0
1212,1,89,ferrones,-51,10,1,66,4,0,0,2,1,10,0,0,0,0,1,2,0
1212,1,90,ferrones,-51,10,1,69,5,0,0,2,1,10,0,0,0,0,1,2,0
1212,1,91,ferrones,-51,10,1,70,5,0,0,2,1,10,0,0,0,0,1,2,0
1212,1,92,ferrones,-51,10,1,66,5,0,0,2,1,10,0,0,0,0,1,2,0
1212,1,93,ferrones,-51,10,1,69,6,0,0,2,1,10,0,0,0,0,1,2,0
1212,1,94,ferrones,-51,10,1,70,6,0,0,2,1,10,0,0,0,0,1,2,0
1212,1,95,ferrones,-51,10,1,66,5,0,0,2,0,9,0,0,0,0,1,2,0
1212,1,96,ferrones,-51,10,1,69,5,0,0,2,0,9,0,0,0,0,1,2,0
1212,1,97,ferrones,-51,10,1,70,4,0,0,2,0,9,0,0,0,0,1,2,0
1212,1,98,ferrones,-51,10,1,66,3,0,0,2,0,9,0,0,0,0,1,2,0
1212,1,99,ferrones,-51,10,1,69,3,0,0,2,0,9,0,0,0,0,1,2,0
1212,1,100,ferrones,-51,10,1,70,2,0,0,2,0,9,0,0,0,0,1,2,0
1212,1,101,ferrones,-51,10,1,66,2,0,0,2,1,10,0,0,0,0,1,2,0
1212,1,102,ferrones,-51,10,1,70,3,0,0,2,1,11,0,0,0,0,1,2,0
1212,1,103,ferrones,-51,10,1,67,3,0,0,2,1,11,0,0,0,0,1,2,0
1212,1,104,ferrones,-51,10,1,71,4,0,0,2,1,11,0,0,0,0,1,2,0
1212,1,105,ferrones,-51,10,1,68,4,0,0,2,1,11,0,0,0,0,1,2,0
1212,1,106,ferrones,-51,10,1,72,5,0,0,2,1,11,0,0,0,0,1,2,0
1212,1,107,ferrones,-51,10,1,69,6,0,0,2,2,12,0,0,0,0,1,2,0
1212,1,108,ferrones,-51,10,1,73,8,0,0,2,2,12,0,0,0,0,1,2,0
1212,1,109,ferrones,-51,10,1,70,9,0,0,2,2,12,0,0,0,0,1,2,0
1212,1,110,ferrones,-51,10,1,69,11,0,0,2,2,12,0,0,0,0,1,2,0
1212,1,111,ferrones,-51,10,1,72,13,0,0,2,2,12,0,0,0,0,1,2,0
1212,1,112,ferrones,-51,10,1,69,14,0,0,2,2,12,0,0,0,0,1,2,0
1212,1,113,ferrones,-51,10,1,72,11,0,0,2,1,11,0,0,0,0,1,7,0
1212,1,114,ferrones,-33,10,1,69,11,0,0,2,1,11,0,0,0,1,1,2,0
1212,1,115,ferrones,-33,10,1,72,12,0,0,2,1,11,0,0,0,1,1,2,0
1212,1,116,ferrones,-33,10,1,69,12,0,0,2,1,11,0,0,0,1,1,2,0
1212,1,117,ferrones,-33,10,1,72,13,0,0,2,1,11,0,0,0,1,1,2,0
1212,1,118,ferrones,-33,10,1,69,6,0,0,2,1,11,0,0,0,1,1,7,0
1212,1,119,ferrones,-33,10,1,72,6,0,0,2,0,10,0,0,0,1,1,2,0
1212,1,120,ferrones,-33,10,1,68,5,0,0,2,0,9,0,0,0,1,1,2,0
1212,1,121,ferrones,-33,10,1,70,5,0,0,2,0,9,0,0,0,1,1,2,0
1212,1,122,ferrones,-33,10,1,66,4,0,0,2,0,9,0,0,0,1,1,2,0
1212,1,123,ferrones,-25,10,1,68,4,0,0,2,0,9,0,0,0,1,1,2,0
1212,1,124,ferrones,-25,10,1,69,3,0,0,2,0,9,0,0,0,1,1,2,0
1212,1,125,ferrones,-25,10,1,70,3,0,0,2,1,10,0,0,0,1,1,2,0
1212,1,126,ferrones,-25,10,1,67,3,0,0,2,1,11,0,0,0,1,1,2,0
1212,1,127,ferrones,-25,10,1,71,4,0,0,2,1,11,0,0,0,1,1,2,0
1212,1,128,ferrones,-25,10,1,68,4,0,0,2,1,11,0,0,0,1,1,2,0
1212,1,129,ferrones,-25,10,1,72,5,0,0,2,1,11,0,0,0,1,1,2,0
1212,1,130,ferrones,-25,10,1,69,5,0,0,2,1,11,0,0,0,1,1,2,0
1212,1,131,ferrones,-25,10,1,73,7,0,0,2,2,12,0,0,0,1,1,2,0
1212,1,132,ferrones,-25,10,1,70,8,0,0,2,2,12,0,0,0,1,1,2,0
1212,1,133,ferrones,-25,10,1,69,10,0,0,2,2,12,0,0,0,1,1,2,0
1212,1,134,ferrones,-25,10,1,72,12,0,0,2,2,12,0,0,0,1,1,2,0
1212,1,135,ferrones,-25,10,1,69,13,0,0,2,2,12,0,0,0,1,1,2,0
1212,1,136,ferrones,-25,10,1,72,15,0,0,2,2,12,0,0,0,1,1,2,0
1212,1,137,ferrones,-25,10,1,69,11,0,0,2,1,11,0,0,0,1,1,7,0
1212,1,138,ferrones,-25,10,1,72,12,0,0,2,1,11,0,0,0,1,1,2,0
1212,1,139,ferrones,-17,10,1,69,12,0,0,2,1,11,0,0,0,1,1,2,0
1212,1,140,ferrones,-17,10,1,72,13,0,0,2,1,11,0,0,0,1,1,2,0
1212,1,141,ferrones,-17,10,1,69,13,0,0,2,1,11,0,0,0,1,1,2,0
1212,1,142,ferrones,-17,10,1,72,14,0,0,2,1,11,0,0,0,1,1,2,0
1212,1,143,ferrones,-17,10,1,69,13,0,0,2,0,10,0,0,0,1,1,2,0
1212,1,144,ferrones,-17,10,1,71,7,0,0,2,0,9,0,0,0,1,1,7,0
1212,1,145,ferrones,-17,10,1,67,6,0,0,2,0,9,0,0,0,1,1,2,0
1212,1,146,ferrones,-17,10,1,69,6,0,0,2,0,9,0,0,0,1,1,2,0
1212,1,147,ferrones,-9,10,1,70,5,0,0,2,0,9,0,0,0,1,1,2,0
1212,1,148,ferrones,-9,10,1,66,4,0,0,2,0,9,0,0,0,1,1,2,0
1212,1,149,ferrones,-9,10,1,69,5,0,0,2,1,10,0,0,0,1,1,2,0
1212,1,150,ferrones,-9,10,1,71,5,0,0,2,1,11,0,0,0,1,1,2,0
1212,1,151,ferrones,-9,10,1,68,5,0,0,2,1,11,0,0,0,1,1,3,0
1212,1,152,ferrones,-9,10,1,72,6,0,0,2,1,11,0,0,0,1,1,2,0
1212,1,153,ferrones,-9,10,1,69,6,0,0,2,1,11,0,0,0,1,1,2,0
1212,1,154,ferrones,-9,10,1,73,7,0,0,2,1,11,0,0,0,1,1,2,0
1212,1,155,ferrones,-9,10,1,70,8,0,0,2,2,12,0,0,0,1,1,2,0
1212,1,156,ferrones,-9,10,1,69,10,0,0,2,2,12,0,0,0,1,1,2,0
1212,1,157,ferrones,-9,10,1,72,12,0,0,2,2,12,0,0,0,1,1,2,0
1212,1,158,ferrones,-9,10,1,69,13,0,0,2,2,12,0,0,0,1,1,2,0
1212,1,159,ferrones,-9,10,1,72,15,0,0,2,2,12,0,0,0,1,1,2,0
1212,1,160,ferrones,-9,10,1,69,16,0,0,2,2,12,0,0,0,1,1,2,0
1212,1,161,ferrones,-9,10,1,72,8,0,0,2,1,11,0,0,0,1,1,7,0
1212,1,162,ferrones,-9,10,1,69,8,0,0,2,1,11,0,0,0,1,1,2,0
1212,1,163,ferrones,-9,10,1,72,9,0,0,2,1,11,0,0,0,1,1,2,0
1212,1,164,ferrones,-9,10,1,69,9,0,0,2,1,11,0,0,0,1,1,2,0
1212,1,165,ferrones,-9,10,1,72,10,0,0,2,1,11,0,0,0,1,1,2,0
1212,1,166,ferrones,-9,10,1,69,10,0,0,2,1,11,0,0,0,1,1,2,0
1212,1,167,ferrones,-1,10,1,72,10,0,0,2,0,10,0,0,0,1,1,2,0
1212,1,168,ferrones,-1,10,1,68,9,0,0,2,0,9,0,0,0,1,1,2,0
1212,1,169,ferrones,-1,10,1,70,9,0,0,2,0,9,0,0,0,1,1,2,0
1212,1,170,ferrones,-1,10,1,66,8,0,0,2,0,9,0,0,0,1,1,2,0
1212,1,171,ferrones,-1,10,1,68,8,0,0,2,0,9,0,0,0,1,1,2,0
1212,1,172,ferrones,-1,10,1,69,7,0,0,2,0,9,0,0,0,1,1,2,0
1212,1,173,ferrones,-1,10,1,70,7,0,0,2,1,10,0,0,0,1,1,2,0
1212,1,174,ferrones,-1,10,1,67,7,0,0,2,1,11,0,0,0,1,1,2,0
1212,1,175,ferrones,-1,10,1,71,8,0,0,2,1,11,0,0,0,1,1,2,0
1212,1,176,ferrones,-1,10,1,68,8,0,0,2,1,11,0,0,0,1,1,2,0
1212,1,177,ferrones,-1,10,1,72,9,0,0,2,1,11,0,0,0,1,1,2,0
1212,1,178,ferrones,-1,10,1,69,9,0,0,2,1,11,0,0,0,1,1,2,0
1212,1,179,ferrones,-1,10,1,73,11,0,0,2,2,12,0,0,0,1,1,2,0
1212,1,180,ferrones,-1,10,1,70,12,0,0,2,2,12,0,0,0,1,1,2,0
1212,1,181,ferrones,-1,10,1,69,14,0,0,2,2,12,0,0,0,1,1,2,0
1212,1,182,ferrones,-1,10,1,72,16,0,0,2,2,12,0,0,0,1,1,2,0
1212,1,183,ferrones,-1,10,1,69,17,0,0,2,2,12,0,0,0,1,1,2,0
1212,1,184,ferrones,-1,10,1,72,19,0,0,2,2,12,0,0,0,1,1,2,0
1212,1,185,ferrones,-1,10,1,67,9,0,0,2,1,11,0,0,0,1,1,7,0
1212,1,186,ferrones,-1,10,1,71,8,0,0,2,1,11,0,0,0,1,1,2,0
1212,1,187,ferrones,-1,10,1,68,8,0,0,2,1,11,0,0,0,1,1,2,0
1212,1,188,ferrones,-1,10,1,72,9,0,0,2,1,11,0,0,0,1,1,2,0
1212,1,189,ferrones,-1,10,1,69,9,0,0,2,1,11,0,0,0,1,1,2,0
1212,1,190,ferrones,-1,10,1,73,10,0,0,2,1,11,0,0,0,1,1,2,0
1212,1,191,ferrones,7,10,1,70,9,0,0,2,0,10,0,0,0,1,1,2,0
1212,1,192,ferrones,7,10,1,68,9,0,0,2,0,9,0,0,0,1,1,2,0
1212,1,193,ferrones,7,10,1,70,9,0,0,2,0,9,0,0,0,1,1,2,0
1212,1,194,ferrones,7,10,1,66,8,0,0,2,0,9,0,0,0,1,1,2,0
1212,1,195,ferrones,7,10,1,68,8,0,0,2,0,9,0,0,0,1,1,2,0
1212,1,196,ferrones,7,10,1,69,7,0,0,2,0,9,0,0,0,1,1,2,0
1212,1,197,ferrones,7,10,1,70,7,0,0,2,1,10,0,0,0,1,1,2,0
1212,1,198,ferrones,7,10,1,67,7,0,0,2,1,11,0,0,0,1,1,2,0
1212,1,199,ferrones,7,10,1,71,8,0,0,2,1,11,0,0,0,1,1,2,0
1212,1,200,ferrones,7,10,1,68,8,0,0,2,1,11,0,0,0,1,1,2,0
1212,1,1,hortelanos,39,116,1,40,67,0,0,0,29,53,0,0,0,0,1,4,0
1212,1,2,hortelanos,39,116,1,47,59,0,0,0,29,40,0,0,0,0,1,5,0
1212,1,3,hortelanos,107,116,1,54,55,0,0,0,29,40,0,0,0,1,1,0,1
1212,1,4,hortelanos,107,116,1,61,51,0,0,0,29,40,0,0,0,1,1,0,1
1212,1,5,hortelanos,107,116,1,68,59,0,0,0,41,52,0,1,0,1,1,0,1
1212,1,6,hortelanos,106,112,1,74,57,0,0,0,41,71,0,0,0,1,1,6,0
1212,1,7,hortelanos,114,112,1,86,68,0,0,0,41,71,0,0,0,1,1,4,0
1212,1,8,hortelanos,113,108,1,75,70,0,0,0,41,71,0,0,0,1,1,4,0
1212,1,9,hortelanos,128,108,1,91,84,0,0,0,41,69,0,0,0,2,1,3,0
1212,1,10,hortelanos,128,108,1,91,91,0,0,0,41,69,0,0,0,2,1,9,0
1212,1,11,hortelanos,136,108,1,95,149,0,0,0,88,116,0,0,0,2,1,4,0
1212,1,12,hortelanos,136,108,1,92,205,0,0,0,88,116,0,0,0,2,1,4,0
1212,1,13,hortelanos,136,108,1,97,253,0,0,0,88,116,0,0,0,2,1,4,0
1212,1,14,hortelanos,136,108,1,114,296,0,0,0,88,116,0,0,0,2,1,4,0
1212,1,15,hortelanos,136,108,1,131,337,0,0,0,88,116,0,0,0,2,1,4,0
1212,1,16,hortelanos,136,108,1,121,378,0,0,0,88,116,0,0,0,2,1,5,0
1212,1,17,hortelanos,136,108,1,142,362,0,1,0,48,76,0,0,0,2,1,14,0
1212,1,18,hortelanos,136,108,1,118,365,0,1,0,48,76,0,0,0,2,1,3,0
1212,1,19,hortelanos,144,108,1,120,366,0,1,0,48,76,0,0,0,2,1,3,0
1212,1,20,hortelanos,144,108,1,109,368,0,1,0,48,76,0,0,0,2,1,3,0
1212,1,21,hortelanos,144,108,1,119,359,0,1,0,48,76,0,0,0,2,1,8,0
1212,1,22,hortelanos,144,108,1,116,360,0,1,0,48,76,0,0,0,2,1,3,0
1212,1,23,hortelanos,144,108,1,116,343,0,1,0,29,57,0,0,0,2,1,8,0
1212,1,24,hortelanos,152,108,1,105,327,0,1,0,29,47,0,0,0,2,1,3,0
1212,1,25,hortelanos,152,108,1,104,302,0,1,0,29,47,0,0,0,2,1,8,0
1212,1,26,hortelanos,152,108,1,102,286,0,1,0,29,47,0,0,0,2,1,3,0
1212,1,27,hortelanos,152,108,1,100,270,0,1,0,29,47,0,0,0,2,1,8,0
1212,1,28,hortelanos,160,108,1,98,256,0,1,0,29,47,0,0,0,2,1,3,0
1212,1,29,hortelanos,160,108,1,106,244,0,1,0,41,59,0,0,0,2,1,8,0
1212,1,30,hortelanos,160,108,1,112,242,0,1,0,41,69,0,0,0,2,1,3,0
1212,1,31,hortelanos,160,108,1,121,240,0,1,0,41,69,0,0,0,2,1,3,0
1212,1,32,hortelanos,160,108,1,130,237,0,0,0,41,69,0,0,0,2,1,8,0
1212,1,33,hortelanos,160,108,1,112,228,0,0,0,41,69,0,0,0,2,1,9,0
1212,1,34,hortelanos,168,108,1,119,227,0,1,0,41,69,0,0,0,2,1,3,0
1212,1,35,hortelanos,168,108,1,127,255,0,1,0,71,99,0,0,0,2,1,3,0
1212,1,36,hortelanos,168,108,1,109,283,0,1,0,71,99,0,0,0,2,1,4,0
1212,1,37,hortelanos,168,108,1,114,308,0,2,0,71,99,0,0,0,2,1,3,0
1212,1,38,hortelanos,168,108,1,110,333,0,2,0,71,99,0,0,0,2,1,3,0
1212,1,39,hortelanos,169,112,1,124,361,0,2,0,71,99,0,0,0,2,1,4,0
1212,1,40,hortelanos,168,108,1,99,371,0,1,0,71,101,0,0,0,2,1,9,0
1212,1,41,hortelanos,168,108,1,93,327,0,1,0,48,76,0,0,0,2,1,9,0
1212,1,42,hortelanos,168,108,1,143,325,0,1,0,48,76,0,0,0,2,1,2,0
1212,1,43,hortelanos,266,165,2,139,323,0,1,0,48,76,0,0,0,3,1,3,0
1212,1,44,hortelanos,266,167,2,173,307,0,1,0,48,86,0,0,0,3,1,4,0
1212,1,45,hortelanos,266,168,2,163,307,0,1,0,58,96,0,1,0,3,1,4,0
1212,1,46,hortelanos,266,168,2,108,318,0,1,0,71,111,0,1,0,3,1,5,0
1212,1,47,hortelanos,266,168,2,112,310,0,1,0,62,102,0,0,0,3,1,14,0
1212,1,48,hortelanos,266,168,2,106,310,0,1,0,62,92,0,1,0,3,1,4,0
1212,1,49,hortelanos,275,171,2,96,311,0,1,0,62,92,0,1,0,3,1,3,0
1212,1,50,hortelanos,275,174,2,103,311,0,1,0,62,92,0,0,0,3,1,3,0
1212,1,51,hortelanos,276,177,2,102,299,0,1,0,62,92,0,1,0,3,1,8,0
1212,1,52,hortelanos,277,180,2,100,301,0,1,0,62,95,0,0,0,3,1,3,0
1212,1,53,hortelanos,277,183,2,74,272,0,1,0,76,111,0,0,0,3,1,9,0
1212,1,54,hortelanos,278,186,2,118,283,0,1,0,76,121,0,0,0,3,1,4,0
1212,1,55,hortelanos,341,274,3,131,296,0,1,0,76,121,0,0,0,4,1,3,0
1212,1,56,hortelanos,342,278,3,96,249,0,1,0,76,139,0,0,0,4,1,7,0
1212,1,57,hortelanos,343,282,3,113,239,0,2,0,76,139,0,1,0,4,1,5,0
1212,1,58,hortelanos,369,372,4,95,206,0,2,0,89,152,0,1,0,4,1,6,0
1212,1,59,hortelanos,369,373,4,120,239,0,0,0,139,220,0,1,0,4,1,11,0
1212,1,60,hortelanos,394,419,5,121,287,0,0,0,157,240,0,2,0,4,1,7,0
1212,1,61,hortelanos,395,422,5,138,326,0,1,0,162,253,0,1,0,4,1,7,0
1212,1,62,hortelanos,395,424,5,157,370,0,2,0,168,261,0,0,0,4,1,5,0
1212,1,63,hortelanos,396,426,5,173,413,0,1,0,168,261,0,0,0,4,1,10,0
1212,1,64,hortelanos,404,428,5,191,453,0,1,0,168,261,0,1,0,4,1,6,0
1212,1,65,hortelanos,405,430,5,224,463,0,2,0,138,233,0,0,0,4,1,6,0
1212,1,66,hortelanos,405,432,5,191,464,0,2,0,127,222,0,0,0,4,1,6,0
1212,1,67,hortelanos,405,434,5,222,459,0,2,0,127,222,0,1,0,4,1,12,0
1212,1,68,hortelanos,414,436,5,253,463,0,2,0,131,226,0,0,0,4,1,5,0
1212,1,69,hortelanos,414,438,5,274,466,0,2,0,131,226,0,0,0,4,1,5,0
1212,1,70,hortelanos,414,438,5,257,467,0,2,0,131,228,0,1,0,4,1,6,0
1212,1,71,hortelanos,414,438,5,280,448,0,2,0,108,205,0,0,0,4,1,6,0
1212,1,72,hortelanos,414,438,5,303,426,0,2,0,108,195,0,0,0,4,1,11,0
1212,1,73,hortelanos,414,438,5,326,407,0,2,0,108,195,0,0,0,4,1,5,0
1212,1,74,hortelanos,422,438,5,299,388,0,2,0,108,195,0,1,0,4,1,5,0
1212,1,75,hortelanos,422,438,5,325,372,0,2,0,108,195,0,0,0,4,1,5,0
1212,1,76,hortelanos,422,438,5,341,358,0,2,0,108,195,0,0,0,4,1,4,0
1212,1,77,hortelanos,422,438,5,364,356,0,2,0,122,209,0,0,0,4,1,5,0
1212,1,78,hortelanos,422,438,5,347,351,0,2,0,122,219,0,1,0,4,1,10,0
1212,1,79,hortelanos,422,438,5,380,364,0,2,0,137,234,0,0,0,4,1,6,0
1212,1,80,hortelanos,430,438,5,386,338,0,2,0,137,234,0,0,0,4,1,5,0
1212,1,81,hortelanos,430,438,5,422,353,0,2,0,137,234,0,0,0,4,1,4,0
1212,1,82,hortelanos,451,503,6,408,367,0,2,0,137,234,0,0,0,4,1,4,0
1212,1,83,hortelanos,451,503,6,420,359,0,2,0,173,282,0,0,0,4,1,6,0
1212,1,84,hortelanos,451,503,6,459,388,0,1,0,173,282,0,1,0,4,1,10,0
1212,1,85,hortelanos,474,539,7,495,432,0,1,0,186,295,0,1,0,4,1,6,0
1212,1,86,hortelanos,475,540,7,521,477,0,2,0,200,315,0,0,0,4,1,6,0
1212,1,87,hortelanos,475,541,7,552,519,0,3,0,200,315,0,1,0,4,1,5,0
1212,1,88,hortelanos,475,542,7,587,557,0,2,0,200,315,0,0,0,4,1,10,0
1212,1,89,hortelanos,475,543,7,603,572,0,2,0,173,288,0,0,0,4,1,5,0
1212,1,90,hortelanos,484,545,7,589,584,0,2,0,173,290,0,1,0,4,1,8,0
1212,1,91,hortelanos,484,547,7,625,600,0,2,0,177,294,0,0,0,4,1,6,0
1212,1,92,hortelanos,484,549,7,659,616,0,2,0,177,294,0,0,0,4,1,4,0
1212,1,93,hortelanos,485,551,7,701,630,0,2,0,177,294,0,1,0,4,1,5,0
1212,1,94,hortelanos,485,553,7,685,646,0,2,0,181,298,0,0,0,4,1,9,0
1212,1,95,hortelanos,486,555,7,721,638,0,2,0,158,277,0,0,0,4,1,7,0
1212,1,96,hortelanos,494,557,7,750,630,0,2,0,158,267,0,1,0,4,1,5,0
1212,1,97,hortelanos,494,559,7,752,585,0,2,0,158,267,0,0,0,4,1,5,0
1212,1,98,hortelanos,495,561,7,724,581,0,2,0,158,267,0,0,0,4,1,4,0
1212,1,99,hortelanos,517,631,8,752,575,0,2,0,158,267,0,0,0,4,1,6,0
1212,1,100,hortelanos,517,633,8,763,511,0,2,0,158,281,0,1,0,4,1,11,0
1212,1,101,hortelanos,517,633,8,739,510,0,2,0,178,303,0,0,0,4,1,5,0
1212,1,102,hortelanos,544,685,9,790,508,0,2,0,178,313,0,1,0,4,1,6,0
1212,1,103,hortelanos,544,687,9,832,501,0,2,0,184,329,0,0,0,4,1,5,0
1212,1,104,hortelanos,544,689,9,834,494,0,2,0,184,329,0,1,0,4,1,6,0
1212,1,105,hortelanos,545,691,9,884,490,0,0,0,190,335,0,0,0,4,1,10,0
1212,1,106,hortelanos,545,693,9,889,487,0,0,0,190,335,0,1,0,4,1,6,0
1212,1,107,hortelanos,553,693,9,881,516,0,2,0,226,373,0,0,0,4,1,5,0
1212,1,108,hortelanos,553,693,9,878,543,0,4,0,226,373,0,1,0,4,1,7,0
1212,1,109,hortelanos,553,693,9,877,576,0,4,0,229,376,0,0,0,4,1,6,0
1212,1,110,hortelanos,553,693,9,908,607,0,4,0,229,376,0,0,0,4,1,6,0
1212,1,111,hortelanos,553,693,9,967,633,0,2,0,229,376,0,1,0,4,1,10,0
1212,1,112,hortelanos,553,693,9,1013,665,0,2,0,232,379,0,0,0,4,1,4,0
1212,1,113,hortelanos,561,693,9,1009,668,0,2,0,205,352,0,1,0,4,1,5,0
1212,1,114,hortelanos,561,693,9,1008,672,0,2,0,205,352,0,0,0,4,1,7,0
1212,1,115,hortelanos,561,693,9,1060,676,0,2,0,205,352,0,0,0,4,1,5,0
1212,1,116,hortelanos,561,693,9,1112,681,0,2,0,205,352,0,0,0,4,1,4,0
1212,1,117,hortelanos,561,693,9,1154,685,0,2,0,205,352,0,0,0,4,1,9,0
1212,1,118,hortelanos,561,693,9,1162,688,0,2,0,205,352,0,1,0,4,1,4,0
1212,1,119,hortelanos,569,693,9,1218,679,0,2,0,192,339,0,0,0,4,1,5,0
1212,1,120,hortelanos,569,693,9,1276,671,0,2,0,192,329,0,0,0,4,1,3,0
1212,1,121,hortelanos,569,693,9,1331,667,0,2,0,192,329,0,0,0,4,1,3,0
1212,1,122,hortelanos,569,693,9,1336,661,0,2,0,192,329,0,0,0,4,1,8,0
1212,1,123,hortelanos,569,693,9,1369,655,0,2,0,192,329,0,0,0,4,1,6,0
1212,1,124,hortelanos,578,696,9,1408,646,0,2,0,192,329,0,1,0,4,1,5,0
1212,1,125,hortelanos,578,699,9,1447,651,0,2,0,206,343,0,0,0,4,1,5,0
1212,1,126,hortelanos,579,702,9,1469,654,0,2,0,206,353,0,0,0,4,1,4,0
1212,1,127,hortelanos,580,705,9,1539,659,0,2,0,206,353,0,0,0,4,1,4,0
1212,1,128,hortelanos,580,709,9,1606,664,0,1,0,206,355,0,0,0,4,1,8,0
1212,1,129,hortelanos,581,713,9,1658,668,0,1,0,206,355,0,0,0,4,1,4,0
1212,1,130,hortelanos,589,713,9,1634,629,0,2,0,206,357,0,0,0,4,1,5,0
1212,1,131,hortelanos,590,716,9,1684,693,0,3,0,271,422,0,1,0,4,1,7,0
1212,1,132,hortelanos,612,789,10,1737,716,0,3,0,231,382,0,0,0,4,1,6,0
1212,1,133,hortelanos,613,792,10,1775,720,0,3,0,231,396,0,0,0,4,1,6,0
1212,1,134,hortelanos,614,795,10,1801,719,0,3,0,231,396,0,1,0,4,1,7,0
1212,1,135,hortelanos,614,798,10,1868,725,0,1,0,237,404,0,0,0,4,1,10,0
1212,1,136,hortelanos,615,801,10,1909,731,0,1,0,237,404,0,0,0,4,1,5,0
1212,1,137,hortelanos,623,801,10,1974,697,0,2,0,197,364,0,1,0,4,1,5,0
1212,1,138,hortelanos,623,804,10,1985,696,0,2,0,228,395,0,0,0,4,1,4,0
1212,1,139,hortelanos,624,808,10,2030,695,0,2,0,228,397,0,1,0,4,1,7,0
1212,1,140,hortelanos,625,812,10,2090,691,0,2,0,228,397,0,1,0,4,1,5,0
1212,1,141,hortelanos,625,813,10,2150,684,0,2,0,228,401,0,0,0,4,1,10,0
1212,1,142,hortelanos,625,813,10,2155,681,0,2,0,228,403,0,0,0,4,1,4,0
1212,1,143,hortelanos,633,813,10,2217,655,0,2,0,205,380,0,0,0,4,1,6,0
1212,1,144,hortelanos,633,813,10,2269,629,0,2,0,205,370,0,1,0,4,1,5,0
1212,1,145,hortelanos,633,813,10,2294,576,0,2,0,214,379,0,0,0,4,1,5,0
1212,1,146,hortelanos,633,813,10,2299,565,0,2,0,214,379,0,0,0,4,1,4,0
1212,1,147,hortelanos,651,863,11,2350,549,0,2,0,214,379,0,0,0,4,1,12,0
1212,1,148,hortelanos,651,863,11,2384,525,0,2,0,214,389,0,1,0,4,1,5,0
1212,1,149,hortelanos,660,868,11,2365,516,0,2,0,228,403,0,0,0,4,1,7,0
1212,1,150,hortelanos,661,873,11,2434,502,0,2,0,228,413,0,2,0,4,1,7,0
1212,1,151,hortelanos,662,878,11,2504,502,0,2,0,238,423,0,0,0,4,1,4,0
1212,1,152,hortelanos,663,883,11,2555,547,0,2,0,284,469,0,1,0,4,1,6,0
1212,1,153,hortelanos,664,889,11,2566,585,0,1,0,284,471,0,0,0,4,1,9,0
1212,1,154,hortelanos,665,893,11,2584,581,0,1,0,284,473,0,0,0,4,1,6,0
1212,1,155,hortelanos,674,896,11,2636,652,0,2,0,327,518,0,1,0,4,1,7,0
1212,1,156,hortelanos,694,959,12,2692,723,0,3,0,327,518,0,0,0,4,1,5,0
1212,1,157,hortelanos,695,962,12,2724,740,0,3,0,327,530,0,1,0,4,1,7,0
1212,1,158,hortelanos,696,965,12,2736,802,0,1,0,337,540,0,0,0,4,1,11,0
1212,1,159,hortelanos,722,1015,13,2778,861,0,1,0,337,542,0,0,0,4,1,6,0
1212,1,160,hortelanos,723,1020,13,2817,861,0,2,0,337,550,0,1,0,4,1,8,0
1212,1,161,hortelanos,724,1025,13,2831,883,0,3,0,315,528,0,0,0,4,1,4,0
1212,1,162,hortelanos,742,1077,14,2883,907,0,3,0,315,532,0,1,0,4,1,11,0
1212,1,163,hortelanos,751,1084,14,2938,917,0,3,0,319,544,0,1,0,4,1,6,0
1212,1,164,hortelanos,753,1091,14,2975,930,0,3,0,324,549,0,1,0,4,1,7,0
1212,1,165,hortelanos,754,1095,14,2979,941,0,3,0,324,541,0,1,0,4,1,7,0
1212,1,166,hortelanos,754,1098,14,3015,954,0,3,0,328,545,0,0,0,4,1,11,0
1212,1,167,hortelanos,755,1100,14,3060,936,0,3,0,296,515,0,0,0,4,1,6,0
1212,1,168,hortelanos,763,1102,14,3075,877,0,3,0,296,505,0,1,0,4,1,7,0
1212,1,169,hortelanos,763,1103,14,3073,865,0,3,0,301,510,0,0,0,4,1,4,0
1212,1,170,hortelanos,783,1160,15,3123,857,0,3,0,303,514,0,1,0,4,1,5,0
1212,1,171,hortelanos,783,1162,15,3135,792,0,3,0,303,524,0,0,0,4,1,12,0
1212,1,172,hortelanos,784,1167,15,3109,771,0,3,0,303,524,0,1,0,4,1,6,0
1212,1,173,hortelanos,811,1223,16,3153,768,0,3,0,322,545,0,0,0,4,1,8,0
1212,1,174,hortelanos,812,1229,16,3196,752,0,3,0,322,571,0,1,0,4,1,5,0
1212,1,175,hortelanos,814,1235,16,3188,742,0,3,0,328,579,0,1,0,4,1,7,0
1212,1,176,hortelanos,815,1242,16,3238,735,0,3,0,333,584,0,1,0,4,1,7,0
1212,1,177,hortelanos,816,1249,16,3299,728,0,1,0,338,590,0,1,0,4,1,11,0
1212,1,178,hortelanos,817,1253,16,3332,722,0,1,0,338,592,0,0,0,4,1,6,0
1212,1,179,hortelanos,825,1253,16,3321,761,0,2,0,389,636,0,1,0,4,1,6,0
1212,1,180,hortelanos,825,1253,16,3382,806,0,3,0,395,642,0,1,0,4,1,6,0
1212,1,181,hortelanos,825,1253,16,3442,853,0,3,0,395,642,0,0,0,4,1,5,0
1212,1,182,hortelanos,825,1253,16,3495,898,0,3,0,395,642,0,0,0,4,1,4,0
1212,1,183,hortelanos,825,1253,16,3505,936,0,1,0,395,642,0,1,0,4,1,12,0
1212,1,184,hortelanos,825,1253,16,3535,992,0,1,0,412,659,0,0,0,4,1,6,0
1212,1,185,hortelanos,833,1253,16,3578,1002,0,2,0,368,615,0,1,0,4,1,6,0
1212,1,186,hortelanos,833,1253,16,3628,1019,0,2,0,374,621,0,1,0,4,1,8,0
1212,1,187,hortelanos,833,1253,16,3634,1041,0,2,0,380,619,0,1,0,4,1,6,0
1212,1,188,hortelanos,833,1253,16,3694,1064,0,2,0,380,623,0,0,0,4,1,6,0
1212,1,189,hortelanos,833,1253,16,3747,1083,0,2,0,380,623,0,0,0,4,1,9,0
1212,1,190,hortelanos,833,1253,16,3807,1104,0,2,0,380,623,0,1,0,4,1,5,0
1212,1,191,hortelanos,833,1253,16,3820,1107,0,2,0,362,605,0,0,0,4,1,4,0
1212,1,192,hortelanos,841,1253,16,3893,1110,0,2,0,363,596,0,0,0,4,1,5,0
1212,1,193,hortelanos,841,1253,16,3941,1113,0,2,0,363,596,0,0,0,4,1,5,0
1212,1,194,hortelanos,842,1257,16,3991,1115,0,2,0,363,596,0,1,0,4,1,5,0
1212,1,195,hortelanos,843,1261,16,3994,1118,0,2,0,363,596,0,0,0,4,1,5,0
1212,1,196,hortelanos,844,1265,16,4071,1117,0,2,0,363,600,0,0,0,4,1,10,0
1212,1,197,hortelanos,844,1269,16,4125,1132,0,2,0,379,618,0,0,0,4,1,5,0
1212,1,198,hortelanos,854,1276,16,4194,1145,0,2,0,379,628,0,1,0,4,1,4,0
1212,1,199,hortelanos,855,1283,16,4215,1158,0,2,0,379,630,0,0,0,4,1,4,0
1212,1,200,hortelanos,857,1290,16,4253,1129,0,2,0,379,630,0,1,0,4,1,6,0
1212,1,1,mercaderes,39,116,1,468,49,0,0,0,11,43,0,0,0,0,1,3,0
1212,1,2,mercaderes,39,116,1,426,30,0,0,0,11,30,0,0,0,0,1,4,0
1212,1,3,mercaderes,39,116,1,402,19,0,0,0,11,30,0,0,0,0,1,3,0
1212,1,4,mercaderes,39,116,1,378,8,0,0,0,11,30,0,0,0,0,1,3,0
1212,1,5,mercaderes,38,116,1,314,7,0,0,0,18,37,1,0,0,0,1,4,0
1212,1,6,mercaderes,37,116,1,268,4,0,2,0,18,48,1,0,0,0,1,4,0
1212,1,7,mercaderes,35,113,1,260,4,0,4,0,18,48,1,0,0,0,1,3,0
1212,1,8,mercaderes,34,110,1,245,7,0,4,0,18,48,1,0,0,0,1,3,0
1212,1,9,mercaderes,32,107,1,233,7,0,4,0,18,48,1,0,0,0,1,3,0
1212,1,10,mercaderes,30,104,1,219,7,0,4,0,18,46,1,0,0,0,1,3,0
1212,1,11,mercaderes,30,104,1,204,20,0,3,0,32,60,0,0,0,0,1,3,0
1212,1,12,mercaderes,30,104,1,189,33,0,2,0,32,60,0,0,0,0,1,3,0
1212,1,13,mercaderes,30,104,1,172,46,0,1,0,32,60,0,0,0,0,1,3,0
1212,1,14,mercaderes,30,104,1,141,57,0,1,0,32,60,0,0,0,0,1,4,0
1212,1,15,mercaderes,30,104,1,113,69,0,2,0,36,64,0,0,0,0,1,4,0
1212,1,16,mercaderes,30,100,1,88,72,0,1,0,36,64,0,0,0,0,1,4,0
1212,1,17,mercaderes,29,96,1,82,56,0,1,0,18,46,0,0,0,0,1,8,0
1212,1,18,mercaderes,47,96,1,90,55,0,0,0,18,44,0,0,0,1,1,3,0
1212,1,19,mercaderes,47,96,1,89,53,0,0,0,18,44,0,0,0,1,1,4,0
1212,1,20,mercaderes,47,96,1,91,51,0,0,0,18,44,0,1,0,1,1,3,0
1212,1,21,mercaderes,47,96,1,90,49,0,0,0,18,44,0,0,0,1,1,8,0
1212,1,22,mercaderes,47,96,1,90,49,0,0,0,18,44,0,0,0,1,1,3,0
1212,1,23,mercaderes,55,96,1,89,42,0,0,0,11,37,0,0,0,1,1,3,0
1212,1,24,mercaderes,55,96,1,83,35,0,0,0,11,28,0,0,0,1,1,3,0
1212,1,25,mercaderes,55,96,1,83,28,0,0,0,11,28,0,0,0,1,1,3,0
1212,1,26,mercaderes,55,96,1,81,20,0,0,0,11,28,0,0,0,1,1,3,0
1212,1,27,mercaderes,55,96,1,81,12,0,0,0,11,28,0,0,0,1,1,3,0
1212,1,28,mercaderes,54,96,1,78,4,0,0,0,11,28,1,0,0,1,1,3,0
1212,1,29,mercaderes,53,96,1,97,4,0,0,0,18,35,1,0,0,1,1,3,0
1212,1,30,mercaderes,51,94,1,89,4,0,0,0,18,44,1,0,0,1,1,3,0
1212,1,31,mercaderes,50,92,1,95,4,0,0,0,18,44,1,0,0,1,1,3,0
1212,1,32,mercaderes,49,90,1,98,4,0,0,0,16,42,1,0,0,1,1,3,0
1212,1,33,mercaderes,47,88,1,92,4,0,0,0,16,42,1,0,0,1,1,3,0
1212,1,34,mercaderes,46,86,1,96,4,0,0,0,16,40,1,0,0,1,1,4,0
1212,1,35,mercaderes,46,86,1,79,14,0,0,0,27,40,0,0,0,1,1,3,0
1212,1,36,mercaderes,46,86,1,82,28,0,0,0,32,45,0,0,0,1,1,3,0
1212,1,37,mercaderes,46,86,1,77,42,0,0,0,32,45,0,0,0,1,1,3,0
1212,1,38,mercaderes,46,86,1,77,55,0,0,0,32,45,0,0,0,1,1,3,0
1212,1,39,mercaderes,45,82,1,55,57,0,0,0,32,45,0,0,0,1,1,3,0
1212,1,40,mercaderes,44,78,1,50,65,0,0,0,36,49,0,0,0,1,1,3,0
1212,1,41,mercaderes,44,78,1,59,62,0,0,0,22,34,0,1,0,1,1,6,0
1212,1,42,mercaderes,52,78,1,68,63,0,0,0,22,34,0,0,0,1,1,0,1
1212,1,43,mercaderes,52,78,1,69,64,0,0,0,22,34,0,0,0,1,1,3,0
1212,1,44,mercaderes,67,78,1,71,66,0,0,0,22,34,0,0,0,2,1,2,0
1212,1,45,mercaderes,67,78,1,72,67,0,0,0,22,34,0,0,0,2,1,8,0
1212,1,46,mercaderes,67,78,1,72,70,0,0,0,22,34,0,0,0,2,1,3,0
1212,1,47,mercaderes,75,78,1,72,62,0,0,0,11,23,0,0,0,2,1,3,0
1212,1,48,mercaderes,75,78,1,72,54,0,0,0,11,23,0,0,0,2,1,3,0
1212,1,49,mercaderes,75,78,1,72,47,0,0,0,11,23,0,0,0,2,1,3,0
1212,1,50,mercaderes,75,78,1,72,38,0,0,0,11,23,0,0,0,2,1,8,0
1212,1,51,mercaderes,83,78,1,72,31,0,0,0,11,23,0,0,0,2,1,3,0
1212,1,52,mercaderes,83,78,1,72,25,0,0,0,11,23,0,0,0,2,1,3,0
1212,1,53,mercaderes,83,78,1,72,26,0,0,0,18,30,0,0,0,2,1,3,0
1212,1,54,mercaderes,83,78,1,78,26,0,0,0,18,35,0,0,0,2,1,3,0
1212,1,55,mercaderes,83,78,1,78,26,0,0,0,18,35,0,0,0,2,1,2,0
1212,1,56,mercaderes,83,78,1,80,28,0,0,0,18,35,0,0,0,2,1,2,0
1212,1,57,mercaderes,83,78,1,80,30,0,0,0,18,35,0,0,0,2,1,3,0
1212,1,58,mercaderes,83,78,1,80,32,0,0,0,18,35,0,0,0,2,1,3,0
1212,1,59,mercaderes,83,78,1,80,52,0,0,0,36,53,0,0,0,2,1,3,0
1212,1,60,mercaderes,83,78,1,81,71,0,0,0,36,53,0,0,0,2,1,3,0
1212,1,61,mercaderes,83,78,1,80,89,0,0,0,36,53,0,0,0,2,1,3,0
1212,1,62,mercaderes,83,78,1,80,106,0,0,0,36,53,0,0,0,2,1,3,0
1212,1,63,mercaderes,83,78,1,80,123,0,0,0,36,53,0,0,0,2,1,3,0
1212,1,64,mercaderes,83,78,1,80,139,0,0,0,36,53,0,0,0,2,1,3,0
1212,1,65,mercaderes,83,78,1,79,135,0,0,0,22,39,0,0,0,2,1,8,0
1212,1,66,mercaderes,91,78,1,79,133,0,0,0,22,39,0,0,0,2,1,3,0
1212,1,67,mercaderes,91,78,1,79,131,0,0,0,22,39,0,0,0,2,1,3,0
1212,1,68,mercaderes,91,78,1,79,129,0,0,0,22,39,0,0,0,2,1,3,0
1212,1,69,mercaderes,91,78,1,79,123,0,0,0,22,39,0,0,0,2,1,8,0
1212,1,70,mercaderes,91,78,1,79,121,0,0,0,22,39,0,0,0,2,1,3,0
1212,1,71,mercaderes,91,78,1,79,109,0,0,0,11,28,0,0,0,2,1,3,0
1212,1,72,mercaderes,99,78,1,74,97,0,0,0,11,23,0,0,0,2,1,3,0
1212,1,73,mercaderes,99,78,1,74,90,0,0,0,11,23,0,0,0,2,1,3,0
1212,1,74,mercaderes,99,78,1,73,82,0,0,0,11,23,0,0,0,2,1,3,0
1212,1,75,mercaderes,99,78,1,73,75,0,0,0,11,23,0,0,0,2,1,2,0
1212,1,76,mercaderes,99,78,1,73,64,0,0,0,11,23,0,0,0,2,1,7,0
1212,1,77,mercaderes,99,78,1,73,64,0,0,0,18,30,0,0,0,2,1,2,0
1212,1,78,mercaderes,99,78,1,78,64,0,0,0,18,35,0,0,0,2,1,2,0
1212,1,79,mercaderes,107,78,1,78,64,0,0,0,18,35,0,0,0,2,1,3,0
1212,1,80,mercaderes,107,78,1,79,65,0,0,0,18,35,0,0,0,2,1,3,0
1212,1,81,mercaderes,107,78,1,79,66,0,0,0,18,35,0,0,0,2,1,3,0
1212,1,82,mercaderes,107,78,1,79,67,0,0,0,18,35,0,0,0,2,1,3,0
1212,1,83,mercaderes,107,78,1,80,85,0,0,0,36,53,0,0,0,2,1,3,0
1212,1,84,mercaderes,107,78,1,80,102,0,0,0,36,53,0,0,0,2,1,3,0
1212,1,85,mercaderes,107,78,1,80,119,0,0,0,36,53,0,0,0,2,1,3,0
1212,1,86,mercaderes,107,78,1,80,135,0,0,0,36,53,0,0,0,2,1,4,0
1212,1,87,mercaderes,107,78,1,78,147,0,0,0,36,53,0,0,0,2,1,3,0
1212,1,88,mercaderes,107,78,1,79,158,0,0,0,36,53,0,0,0,2,1,2,0
1212,1,89,mercaderes,107,78,1,79,151,0,0,0,22,39,0,0,0,2,1,8,0
1212,1,90,mercaderes,107,78,1,79,148,0,0,0,22,39,0,0,0,2,1,3,0
1212,1,91,mercaderes,115,78,1,79,145,0,0,0,22,39,0,0,0,2,1,3,0
1212,1,92,mercaderes,115,78,1,79,143,0,0,0,22,39,0,0,0,2,1,3,0
1212,1,93,mercaderes,115,78,1,79,141,0,0,0,22,39,0,0,0,2,1,3,0
1212,1,94,mercaderes,115,78,1,79,139,0,0,0,22,39,0,0,0,2,1,3,0
1212,1,95,mercaderes,115,78,1,79,126,0,0,0,11,28,0,0,0,2,1,3,0
1212,1,96,mercaderes,115,78,1,74,110,0,0,0,11,23,0,0,0,2,1,8,0
1212,1,97,mercaderes,115,78,1,74,98,0,0,0,11,23,0,0,0,2,1,3,0
1212,1,98,mercaderes,123,78,1,73,90,0,0,0,11,23,0,0,0,2,1,3,0
1212,1,99,mercaderes,123,78,1,73,82,0,0,0,11,23,0,0,0,2,1,2,0
1212,1,100,mercaderes,123,78,1,73,75,0,0,0,11,23,0,0,0,2,1,2,0
1212,1,101,mercaderes,123,78,1,73,75,0,0,0,18,30,0,0,0,2,1,2,0
1212,1,102,mercaderes,123,78,1,78,71,0,0,0,18,35,0,0,0,2,1,7,0
1212,1,103,mercaderes,123,78,1,78,71,0,0,0,18,35,0,0,0,2,1,3,0
1212,1,104,mercaderes,131,78,1,79,72,0,0,0,18,35,0,0,0,2,1,3,0
1212,1,105,mercaderes,131,78,1,79,73,0,0,0,18,35,0,0,0,2,1,3,0
1212,1,106,mercaderes,131,78,1,79,74,0,0,0,18,35,0,0,0,2,1,3,0
1212,1,107,mercaderes,131,78,1,79,92,0,0,0,36,53,0,0,0,2,1,3,0
1212,1,108,mercaderes,131,78,1,79,109,0,0,0,36,53,0,0,0,2,1,3,0
1212,1,109,mercaderes,131,78,1,80,125,0,0,0,36,53,0,0,0,2,1,3,0
1212,1,110,mercaderes,131,78,1,80,141,0,0,0,36,53,0,0,0,2,1,3,0
1212,1,111,mercaderes,131,78,1,79,152,0,0,0,36,53,0,0,0,2,1,3,0
1212,1,112,mercaderes,131,78,1,79,163,0,0,0,36,53,0,0,0,2,1,3,0
1212,1,113,mercaderes,131,78,1,79,156,0,0,0,22,39,0,0,0,2,1,8,0
1212,1,114,mercaderes,131,78,1,79,153,0,0,0,22,39,0,0,0,2,1,3,0
1212,1,115,mercaderes,139,78,1,79,150,0,0,0,22,39,0,0,0,2,1,3,0
1212,1,116,mercaderes,139,78,1,79,147,0,0,0,22,39,0,0,0,2,1,3,0
1212,1,117,mercaderes,139,78,1,79,144,0,0,0,22,39,0,0,0,2,1,3,0
1212,1,118,mercaderes,139,78,1,79,142,0,0,0,22,39,0,0,0,2,1,3,0
1212,1,119,mercaderes,139,78,1,79,129,0,0,0,11,28,0,0,0,2,1,3,0
1212,1,120,mercaderes,139,78,1,74,113,0,0,0,11,23,0,0,0,2,1,8,0
1212,1,121,mercaderes,139,78,1,74,92,0,0,0,10,22,0,0,0,2,1,4,0
1212,1,122,mercaderes,147,78,1,73,83,0,0,0,10,22,0,0,0,2,1,3,0
1212,1,123,mercaderes,147,78,1,73,75,0,0,0,10,22,0,0,0,2,1,2,0
1212,1,124,mercaderes,147,78,1,73,57,0,0,0,10,22,0,0,0,2,1,4,0
1212,1,125,mercaderes,147,78,1,73,57,0,0,0,18,30,0,0,0,2,1,2,0
1212,1,126,mercaderes,147,78,1,78,53,0,0,0,18,35,0,0,0,2,1,7,0
1212,1,127,mercaderes,147,78,1,78,47,0,0,0,18,35,0,0,0,2,1,3,0
1212,1,128,mercaderes,155,78,1,79,49,0,0,0,18,35,0,0,0,2,1,3,0
1212,1,129,mercaderes,155,78,1,79,43,0,0,0,18,35,0,0,0,2,1,5,0
1212,1,130,mercaderes,155,78,1,79,45,0,0,0,18,35,0,0,0,2,1,3,0
1212,1,131,mercaderes,155,78,1,79,64,0,0,0,36,53,0,0,0,2,1,3,0
1212,1,132,mercaderes,155,78,1,79,82,0,0,0,36,53,0,0,0,2,1,3,0
1212,1,133,mercaderes,155,78,1,80,100,0,0,0,36,53,0,0,0,2,1,3,0
1212,1,134,mercaderes,155,78,1,80,117,0,0,0,36,53,0,0,0,2,1,3,0
1212,1,135,mercaderes,155,78,1,80,133,0,0,0,36,53,0,0,0,2,1,3,0
1212,1,136,mercaderes,155,78,1,78,147,0,0,0,36,53,0,0,0,2,1,3,0
1212,1,137,mercaderes,155,78,1,79,133,0,0,0,22,39,0,0,0,2,1,9,0
1212,1,138,mercaderes,155,78,1,79,131,0,0,0,22,39,0,0,0,2,1,3,0
1212,1,139,mercaderes,163,78,1,79,129,0,0,0,22,39,0,0,0,2,1,3,0
1212,1,140,mercaderes,163,78,1,79,127,0,0,0,22,39,0,0,0,2,1,3,0
1212,1,141,mercaderes,163,78,1,79,123,0,0,0,22,39,0,0,0,2,1,3,0
1212,1,142,mercaderes,163,78,1,79,121,0,0,0,22,39,0,0,0,2,1,3,0
1212,1,143,mercaderes,163,78,1,79,108,0,0,0,10,27,0,0,0,2,1,3,0
1212,1,144,mercaderes,163,78,1,74,86,0,0,0,10,22,0,0,0,2,1,9,0
1212,1,145,mercaderes,163,78,1,75,79,0,0,0,11,23,0,0,0,2,1,3,0
1212,1,146,mercaderes,171,78,1,73,72,0,0,0,11,23,0,0,0,2,1,3,0
1212,1,147,mercaderes,171,78,1,73,65,0,0,0,11,23,0,0,0,2,1,2,0
1212,1,148,mercaderes,171,78,1,73,54,0,0,0,11,23,0,0,0,2,1,2,0
1212,1,149,mercaderes,171,78,1,73,54,0,0,0,18,30,0,0,0,2,1,2,0
1212,1,150,mercaderes,171,78,1,78,48,0,0,0,18,35,0,0,0,2,1,7,0
1212,1,151,mercaderes,171,78,1,78,49,0,0,0,18,35,0,0,0,2,1,4,0
1212,1,152,mercaderes,171,78,1,84,51,0,0,0,18,40,0,0,0,2,1,3,0
1212,1,153,mercaderes,179,78,1,84,52,0,0,0,18,40,0,0,0,2,1,3,0
1212,1,154,mercaderes,179,78,1,84,53,0,0,0,18,40,0,0,0,2,1,3,0
1212,1,155,mercaderes,179,78,1,84,72,0,0,0,36,58,0,0,0,2,1,3,0
1212,1,156,mercaderes,179,78,1,85,90,0,0,0,36,58,0,0,0,2,1,3,0
1212,1,157,mercaderes,179,78,1,85,107,0,0,0,36,58,0,0,0,2,1,3,0
1212,1,158,mercaderes,179,78,1,85,124,0,0,0,36,58,0,0,0,2,1,3,0
1212,1,159,mercaderes,179,78,1,85,140,0,0,0,36,58,0,0,0,2,1,3,0
1212,1,160,mercaderes,179,78,1,84,151,0,0,0,36,58,0,0,0,2,1,3,0
1212,1,161,mercaderes,179,78,1,84,148,0,0,0,22,44,0,0,0,2,1,3,0
1212,1,162,mercaderes,180,82,1,94,149,0,0,0,22,44,0,0,0,2,1,4,0
1212,1,163,mercaderes,179,78,1,73,136,0,0,0,22,46,0,0,0,2,1,3,0
1212,1,164,mercaderes,179,78,1,87,126,0,0,0,22,44,0,0,0,2,1,8,0
1212,1,165,mercaderes,179,78,1,81,124,0,0,0,22,44,0,0,0,2,1,2,0
1212,1,166,mercaderes,179,78,1,87,122,0,0,0,22,44,0,0,0,2,1,3,0
1212,1,167,mercaderes,187,78,1,84,102,0,0,0,11,33,0,0,0,2,1,4,0
1212,1,168,mercaderes,187,78,1,81,91,0,0,0,11,27,0,0,0,2,1,3,0
1212,1,169,mercaderes,187,78,1,80,85,0,0,0,11,27,0,0,0,2,1,2,0
1212,1,170,mercaderes,187,78,1,79,79,0,0,0,11,27,0,0,0,2,1,3,0
1212,1,171,mercaderes,187,78,1,78,69,0,0,0,11,27,0,0,0,2,1,3,0
1212,1,172,mercaderes,187,78,1,78,57,0,0,0,11,27,0,0,0,2,1,8,0
1212,1,173,mercaderes,187,78,1,78,58,0,0,0,18,34,0,0,0,2,1,3,0
1212,1,174,mercaderes,187,78,1,84,59,0,0,0,18,40,0,0,0,2,1,3,0
1212,1,175,mercaderes,196,82,1,462,52,0,0,0,18,40,0,0,0,2,1,5,0
1212,1,176,mercaderes,195,78,1,373,43,0,0,0,18,42,0,0,0,2,1,5,0
1212,1,177,mercaderes,195,78,1,170,37,0,2,0,18,40,0,0,0,2,1,6,0
1212,1,178,mercaderes,195,78,1,119,40,0,3,0,18,40,0,0,0,2,1,4,0
1212,1,179,mercaderes,195,78,1,101,63,0,1,0,36,58,0,0,0,2,1,3,0
1212,1,180,mercaderes,195,78,1,96,84,0,1,0,36,58,0,0,0,2,1,4,0
1212,1,181,mercaderes,195,78,1,89,101,0,1,0,36,58,0,0,0,2,1,4,0
1212,1,182,mercaderes,195,78,1,89,118,0,1,0,36,58,0,0,0,2,1,4,0
1212,1,183,mercaderes,195,78,1,86,127,0,0,0,36,58,0,0,0,2,1,6,0
1212,1,184,mercaderes,195,78,1,87,149,0,0,0,45,67,0,0,0,2,1,3,0
1212,1,185,mercaderes,195,78,1,54,101,0,0,0,28,50,0,0,0,2,1,10,0
1212,1,186,mercaderes,195,78,1,81,106,0,0,0,28,50,0,0,0,2,1,1,0
1212,1,187,mercaderes,229,109,2,79,107,0,0,0,28,50,0,0,0,3,1,2,0
1212,1,188,mercaderes,237,109,2,75,109,0,0,0,28,57,0,0,0,3,1,3,0
1212,1,189,mercaderes,238,110,2,84,106,0,0,0,28,57,0,1,0,3,1,3,0
1212,1,190,mercaderes,238,110,2,74,106,0,0,0,28,57,0,0,0,3,1,2,0
1212,1,191,mercaderes,238,110,2,84,93,0,0,0,14,43,0,0,0,3,1,3,0
1212,1,192,mercaderes,238,110,2,78,64,0,0,0,14,37,0,1,0,3,1,5,0
1212,1,193,mercaderes,238,110,2,80,48,0,0,0,14,37,0,0,0,3,1,7,0
1212,1,194,mercaderes,238,110,2,80,38,0,0,0,14,37,0,0,0,3,1,2,0
1212,1,195,mercaderes,238,110,2,80,12,0,0,0,14,37,0,0,0,3,1,6,0
1212,1,196,mercaderes,237,110,2,80,4,0,0,0,14,37,1,0,0,3,1,2,0
1212,1,197,mercaderes,245,110,2,79,6,0,0,0,25,48,0,0,0,3,1,2,0
1212,1,198,mercaderes,245,110,2,84,8,0,0,0,25,54,0,0,0,3,1,2,0
1212,1,199,mercaderes,245,110,2,83,10,0,0,0,25,54,0,0,0,3,1,3,0
1212,1,200,mercaderes,245,110,2,89,12,0,0,0,25,54,0,0,0,3,1,6,0
1212,1,1,mesta,21,26,1,22,65,0,0,0,4,10,0,0,0,0,1,4,0
1212,1,2,mesta,20,22,1,0,49,0,0,0,4,6,0,0,0,0,1,2,0
1212,1,3,mesta,20,22,1,2,38,0,0,0,3,5,0,0,0,0,1,5,0
1212,1,4,mesta,20,22,1,0,33,0,0,0,3,5,0,0,0,0,1,0,1
1212,1,5,mesta,20,23,1,0,31,0,0,0,6,8,0,1,0,0,1,0,1
1212,1,6,mesta,38,24,1,2,31,0,0,0,6,18,0,0,0,1,1,1,0
1212,1,7,mesta,39,25,1,10,30,0,0,0,6,18,0,0,0,1,1,0,1
1212,1,8,mesta,39,25,1,18,29,0,0,0,6,18,0,0,0,1,1,0,1
1212,1,9,mesta,39,25,1,26,28,0,0,0,6,18,0,0,0,1,1,0,1
1212,1,10,mesta,38,21,1,14,18,0,0,0,6,18,0,0,0,1,1,1,0
1212,1,11,mesta,38,21,1,22,24,0,0,0,11,23,0,0,0,1,1,0,1
1212,1,12,mesta,38,21,1,30,29,0,0,0,11,23,0,0,0,1,1,0,1
1212,1,13,mesta,38,22,1,38,34,0,0,0,11,23,0,0,0,1,1,0,1
1212,1,14,mesta,38,23,1,46,40,0,0,0,12,24,0,0,0,1,1,0,1
1212,1,15,mesta,38,24,1,54,46,0,0,0,12,24,0,0,0,1,1,0,1
1212,1,16,mesta,39,25,1,62,51,0,0,0,13,25,0,0,0,1,1,0,1
1212,1,17,mesta,38,22,1,50,31,0,0,0,6,18,0,0,0,1,1,6,0
1212,1,18,mesta,38,23,1,58,31,0,0,0,6,18,0,0,0,1,1,0,1
1212,1,19,mesta,38,24,1,66,31,0,0,0,6,18,0,0,0,1,1,0,1
1212,1,20,mesta,39,25,1,69,30,0,0,0,6,18,0,0,0,1,1,2,0
1212,1,21,mesta,39,26,1,73,30,0,0,0,6,18,0,0,0,1,1,2,0
1212,1,22,mesta,39,27,1,72,30,0,0,0,6,18,0,0,0,1,1,2,0
1212,1,23,mesta,47,27,1,73,29,0,0,0,4,16,0,0,0,1,1,2,0
1212,1,24,mesta,47,27,1,72,28,0,0,0,4,14,0,0,0,1,1,2,0
1212,1,25,mesta,47,27,1,71,27,0,0,0,4,14,0,0,0,1,1,2,0
1212,1,26,mesta,47,27,1,70,26,0,0,0,4,14,0,0,0,1,1,2,0
1212,1,27,mesta,47,27,1,69,26,0,0,0,4,14,0,0,0,1,1,2,0
1212,1,28,mesta,47,27,1,73,26,0,0,0,4,14,0,0,0,1,1,2,0
1212,1,29,mesta,47,27,1,70,26,0,0,0,6,16,0,0,0,1,1,2,0
1212,1,30,mesta,47,27,1,71,22,0,0,0,6,18,0,0,0,1,1,7,0
1212,1,31,mesta,47,27,1,72,24,0,0,0,6,18,0,0,0,1,1,2,0
1212,1,32,mesta,55,27,1,73,26,0,0,0,6,18,0,0,0,1,1,2,0
1212,1,33,mesta,55,27,1,74,27,0,0,0,6,18,0,0,0,1,1,2,0
1212,1,34,mesta,55,27,1,75,28,0,0,0,6,18,0,0,0,1,1,2,0
1212,1,35,mesta,55,28,1,70,36,0,0,0,13,25,0,0,0,1,1,2,0
1212,1,36,mesta,55,29,1,72,44,0,0,0,13,25,0,0,0,1,1,2,0
1212,1,37,mesta,56,30,1,72,50,0,0,0,13,25,0,0,0,1,1,2,0
1212,1,38,mesta,55,29,1,45,56,0,0,0,13,27,0,0,0,1,1,3,0
1212,1,39,mesta,56,30,1,55,62,0,0,0,13,25,0,0,0,1,1,2,0
1212,1,40,mesta,56,31,1,65,68,0,0,0,13,27,0,0,0,1,1,0,1
1212,1,41,mesta,56,32,1,75,60,0,0,0,8,22,0,0,0,1,1,5,0
1212,1,42,mesta,56,33,1,76,60,0,0,0,8,22,0,0,0,1,1,2,0
1212,1,43,mesta,56,34,1,79,60,0,0,0,8,22,0,0,0,1,1,2,0
1212,1,44,mesta,72,35,1,73,60,0,0,0,8,22,0,0,0,2,1,2,0
1212,1,45,mesta,72,35,1,69,60,0,0,0,8,22,0,0,0,2,1,2,0
1212,1,46,mesta,72,35,1,76,58,0,0,0,8,22,0,1,0,2,1,2,0
1212,1,47,mesta,80,35,1,78,55,0,0,0,4,24,0,0,0,2,1,2,0
1212,1,48,mesta,80,35,1,69,51,0,0,0,4,21,0,0,0,2,1,2,0
1212,1,49,mesta,80,35,1,76,48,0,0,0,4,21,0,0,0,2,1,2,0
1212,1,50,mesta,80,35,1,69,46,0,0,0,4,21,0,0,0,2,1,2,0
1212,1,51,mesta,80,35,1,75,46,0,0,0,4,21,0,0,0,2,1,2,0
1212,1,52,mesta,80,35,1,68,44,0,0,0,4,21,0,0,0,2,1,3,0
1212,1,53,mesta,80,35,1,91,46,0,0,0,6,23,0,0,0,2,1,4,0
1212,1,54,mesta,80,35,1,99,41,0,0,0,6,26,0,0,0,2,1,9,0
1212,1,55,mesta,80,35,1,103,41,0,0,0,6,26,0,0,0,2,1,4,0
1212,1,56,mesta,88,35,1,110,41,0,0,0,6,26,0,0,0,2,1,4,0
1212,1,57,mesta,88,35,1,117,41,0,0,0,6,26,0,0,0,2,1,4,0
1212,1,58,mesta,98,35,1,123,41,11,0,0,6,26,0,0,0,2,1,4,0
1212,1,59,mesta,98,36,1,101,48,7,0,0,13,33,0,0,0,2,1,5,0
1212,1,60,mesta,98,37,1,272,52,2,0,0,13,33,0,0,0,2,1,5,0
1212,1,61,mesta,98,36,1,370,56,2,0,0,13,33,0,0,0,2,1,6,0
1212,1,62,mesta,98,35,1,336,63,2,0,0,13,33,0,0,0,2,1,6,0
1212,1,63,mesta,98,36,1,333,72,2,0,0,13,33,0,0,0,2,1,6,0
1212,1,64,mesta,98,37,1,329,79,2,0,0,13,33,0,0,0,2,1,4,0
1212,1,65,mesta,98,37,1,349,72,2,0,0,8,28,0,0,0,2,1,8,0
1212,1,66,mesta,98,37,1,323,74,2,0,0,8,28,0,0,0,2,1,3,0
1212,1,67,mesta,98,37,1,296,76,2,0,0,8,28,0,0,0,2,1,3,0
1212,1,68,mesta,98,37,1,269,78,2,0,0,8,28,0,0,0,2,1,3,0
1212,1,69,mesta,98,37,1,241,80,2,0,0,8,28,0,0,0,2,1,3,0
1212,1,70,mesta,98,37,1,220,82,2,0,0,8,28,0,0,0,2,1,3,0
1212,1,71,mesta,106,37,1,198,80,2,0,0,4,24,0,0,0,2,1,3,0
1212,1,72,mesta,106,37,1,172,78,2,0,0,4,21,0,0,0,2,1,3,0
1212,1,73,mesta,106,37,1,145,76,2,0,0,4,21,0,0,0,2,1,3,0
1212,1,74,mesta,106,37,1,117,74,2,0,0,4,21,0,0,0,2,1,3,0
1212,1,75,mesta,106,37,1,98,72,2,0,0,4,21,0,0,0,2,1,3,0
1212,1,76,mesta,106,37,1,98,71,2,0,0,4,21,0,0,0,2,1,3,0
1212,1,77,mesta,106,37,1,98,72,2,0,0,6,23,0,0,0,2,1,6,0
1212,1,78,mesta,106,37,1,104,65,2,0,0,6,26,0,0,0,2,1,8,0
1212,1,79,mesta,106,37,1,109,66,2,0,0,6,26,0,0,0,2,1,3,0
1212,1,80,mesta,106,37,1,114,67,2,0,0,6,26,0,0,0,2,1,3,0
1212,1,81,mesta,106,37,1,118,68,2,0,0,6,26,0,0,0,2,1,3,0
1212,1,82,mesta,216,37,1,122,69,38,0,0,6,26,0,0,0,3,1,3,0
1212,1,83,mesta,224,38,1,102,76,34,0,0,13,33,0,0,0,3,1,5,0
1212,1,84,mesta,224,39,1,274,83,29,0,0,13,33,0,0,0,3,1,5,0
1212,1,85,mesta,225,40,1,425,90,25,0,0,13,33,0,0,0,3,1,5,0
1212,1,86,mesta,225,42,1,569,96,21,0,0,13,35,0,0,0,3,1,5,0
1212,1,87,mesta,225,42,1,681,101,17,0,0,13,35,0,0,0,3,1,9,0
1212,1,88,mesta,225,44,1,821,108,13,0,0,13,35,0,0,0,3,1,5,0
1212,1,89,mesta,225,44,1,952,71,10,0,0,8,30,0,0,0,3,1,5,0
1212,1,90,mesta,225,44,1,1003,73,7,0,0,8,30,0,0,0,3,1,5,0
1212,1,91,mesta,260,79,2,1102,75,4,0,0,8,30,0,0,0,4,1,5,0
1212,1,92,mesta,260,79,2,1156,31,1,0,0,8,36,0,0,0,4,1,7,0
1212,1,93,mesta,261,83,2,1191,26,1,0,0,8,36,0,1,0,4,1,7,0
1212,1,94,mesta,306,118,3,1161,28,1,0,0,11,39,0,0,0,5,1,5,0
1212,1,95,mesta,306,118,3,1124,13,1,0,0,5,39,0,0,0,5,1,6,0
1212,1,96,mesta,305,118,3,1043,4,1,0,0,5,35,1,1,0,5,1,6,0
1212,1,97,mesta,304,118,3,1011,4,1,0,0,5,35,1,1,0,5,1,4,0
1212,1,98,mesta,303,115,3,979,4,1,0,0,6,36,1,0,0,5,1,5,0
1212,1,99,mesta,301,112,3,947,4,1,0,0,6,32,1,0,0,5,1,5,0
1212,1,100,mesta,299,109,3,915,4,1,0,0,6,28,1,0,0,5,1,4,0
1212,1,101,mesta,298,106,3,847,4,1,0,0,10,32,1,0,0,5,1,8,0
1212,1,102,mesta,296,103,3,834,1,1,0,0,10,36,1,0,0,5,1,5,0
1212,1,103,mesta,295,100,3,821,1,1,0,0,10,35,1,0,0,5,1,5,0
1212,1,104,mesta,293,97,3,806,1,1,0,0,10,33,1,0,0,5,1,5,0
1212,1,105,mesta,291,94,3,791,1,1,0,0,9,31,1,0,0,5,1,6,0
1212,1,106,mesta,253,39,1,770,1,54,0,0,5,19,1,0,0,5,1,5,0
1212,1,107,mesta,253,39,1,788,10,50,0,0,10,24,0,0,0,5,1,5,0
1212,1,108,mesta,253,37,1,895,18,46,0,0,10,24,0,0,0,5,1,6,0
1212,1,109,mesta,253,37,1,1035,27,42,0,0,10,24,0,0,0,5,1,7,0
1212,1,110,mesta,253,38,1,1173,38,38,0,0,12,27,0,0,0,5,1,5,0
1212,1,111,mesta,253,35,1,1239,39,34,0,0,12,27,0,0,0,5,1,10,0
1212,1,112,mesta,253,36,1,1373,50,30,0,0,12,27,0,0,0,5,1,6,0
1212,1,113,mesta,253,36,1,1534,47,27,0,0,7,22,0,0,0,5,1,10,0
1212,1,114,mesta,253,36,1,1619,56,24,0,0,8,24,0,0,0,5,1,6,0
1212,1,115,mesta,253,36,1,1666,65,21,0,0,8,24,0,0,0,5,1,5,0
1212,1,116,mesta,261,36,1,1761,73,18,0,0,8,24,0,0,0,5,1,6,0
1212,1,117,mesta,261,36,1,1855,81,15,0,0,8,24,0,0,0,5,1,5,0
1212,1,118,mesta,261,36,1,1917,50,12,0,0,8,24,0,0,0,5,1,6,0
1212,1,119,mesta,261,36,1,1958,55,9,0,0,4,20,0,0,0,5,1,5,0
1212,1,120,mesta,278,81,2,1998,60,6,0,0,4,20,0,0,0,5,1,6,0
1212,1,121,mesta,278,81,2,2072,53,3,0,0,3,27,0,0,0,5,1,7,0
1212,1,122,mesta,278,81,2,2145,44,0,0,0,3,27,0,0,0,5,1,6,0
1212,1,123,mesta,277,81,2,2162,41,0,0,0,3,27,1,1,0,5,1,5,0
1212,1,124,mesta,276,81,2,2139,44,0,0,0,5,29,1,1,0,5,1,6,0
1212,1,125,mesta,276,81,2,2070,53,0,0,0,16,40,0,0,0,5,1,8,0
1212,1,126,mesta,276,81,2,2053,57,0,0,0,16,42,0,1,0,5,1,7,0
1212,1,127,mesta,276,81,2,1981,65,0,0,0,21,47,0,1,0,5,1,7,0
1212,1,128,mesta,276,84,2,1904,78,0,0,0,26,46,0,1,0,5,1,6,0
1212,1,129,mesta,277,87,2,1892,95,0,0,0,29,49,0,0,0,5,1,6,0
1212,1,130,mesta,328,90,2,1852,70,79,0,0,29,49,0,0,0,5,1,6,0
1212,1,131,mesta,328,93,2,1816,114,75,0,0,61,82,0,0,0,5,1,5,0
1212,1,132,mesta,342,124,3,1954,155,71,0,0,61,83,0,0,0,5,1,6,0
1212,1,133,mesta,343,129,3,2081,190,67,0,0,67,90,0,1,0,5,1,6,0
1212,1,134,mesta,344,134,3,2160,225,63,0,0,67,94,0,0,0,5,1,6,0
1212,1,135,mesta,345,138,3,2288,257,59,0,0,67,94,0,0,0,5,1,12,0
1212,1,136,mesta,346,141,3,2418,287,55,0,0,67,98,0,0,0,5,1,5,0
1212,1,137,mesta,346,144,3,2593,283,52,0,0,44,77,0,0,0,5,1,9,0
1212,1,138,mesta,347,147,3,2637,288,49,0,0,44,77,0,0,0,5,1,4,0
1212,1,139,mesta,348,150,3,2725,293,46,0,0,44,77,0,0,0,5,1,5,0
1212,1,140,mesta,348,153,3,2815,297,43,0,0,44,77,0,0,0,5,1,4,0
1212,1,141,mesta,349,156,3,2904,300,40,0,0,44,77,0,0,0,5,1,4,0
1212,1,142,mesta,350,160,3,2943,302,37,0,0,44,78,0,0,0,5,1,4,0
1212,1,143,mesta,358,160,3,3029,280,34,0,0,20,54,0,0,0,5,1,5,0
1212,1,144,mesta,358,160,3,3114,258,31,0,0,20,50,0,0,0,5,1,5,0
1212,1,145,mesta,358,160,3,3195,242,28,0,0,24,54,0,0,0,5,1,5,0
1212,1,146,mesta,358,160,3,3229,227,25,0,0,24,54,0,0,0,5,1,5,0
1212,1,147,mesta,358,160,3,3310,212,22,0,0,24,54,0,0,0,5,1,6,0
1212,1,148,mesta,358,160,3,3392,198,19,0,0,24,54,0,0,0,5,1,7,0
1212,1,149,mesta,358,160,3,3446,190,15,0,0,35,65,0,0,0,5,1,13,0
1212,1,150,mesta,358,160,3,3547,186,11,0,0,35,69,0,0,0,5,1,5,0
1212,1,151,mesta,358,160,3,3694,183,7,0,0,35,69,0,0,0,5,1,7,0
1212,1,152,mesta,366,160,3,3838,180,3,0,0,35,69,0,0,0,5,1,5,0
1212,1,153,mesta,366,160,3,3979,177,0,0,0,35,69,0,0,0,5,1,5,0
1212,1,154,mesta,416,160,3,4017,174,103,0,0,35,69,0,0,0,5,1,5,0
1212,1,155,mesta,416,164,3,4032,203,99,0,0,67,101,0,0,0,5,1,7,0
1212,1,156,mesta,417,168,3,4166,229,95,0,0,67,101,0,0,0,5,1,5,0
1212,1,157,mesta,418,172,3,4298,253,91,0,0,67,101,0,0,0,5,1,5,0
1212,1,158,mesta,419,177,3,4350,236,87,0,0,67,103,0,0,0,5,1,6,0
1212,1,159,mesta,420,182,3,4431,257,83,0,0,67,103,0,0,0,5,1,11,0
1212,1,160,mesta,434,214,4,4560,277,79,0,0,67,103,0,0,0,5,1,6,0
1212,1,161,mesta,434,214,4,4688,224,76,0,0,48,87,0,0,0,5,1,11,0
1212,1,162,mesta,434,214,4,4724,217,73,0,0,48,87,0,1,0,5,1,6,0
1212,1,163,mesta,456,284,5,4808,212,70,0,0,48,87,0,0,0,5,1,7,0
1212,1,164,mesta,464,284,5,4872,190,67,0,0,48,102,0,0,0,5,1,6,0
1212,1,165,mesta,464,284,5,4889,167,64,0,0,48,102,0,1,0,5,1,7,0
1212,1,166,mesta,464,284,5,4956,149,61,0,0,53,107,0,1,0,5,1,7,0
1212,1,167,mesta,464,284,5,5020,111,58,0,0,31,85,0,0,0,5,1,6,0
1212,1,168,mesta,464,284,5,5087,73,55,0,0,31,79,0,1,0,5,1,6,0
1212,1,169,mesta,464,284,5,5090,41,52,0,0,34,82,0,1,0,5,1,5,0
1212,1,170,mesta,464,284,5,5142,13,49,0,0,37,85,0,0,0,5,1,7,0
1212,1,171,mesta,463,284,5,5192,1,46,0,0,37,85,1,1,0,5,1,4,0
1212,1,172,mesta,462,284,5,5254,4,43,0,0,40,88,1,1,0,5,1,7,0
1212,1,173,mesta,462,284,5,5242,1,39,0,0,60,108,0,0,0,5,1,8,0
1212,1,174,mesta,461,284,5,5380,0,35,0,0,61,115,1,0,0,5,1,6,0
1212,1,175,mesta,460,284,5,5514,0,31,0,0,60,114,1,0,0,5,1,5,0
1212,1,176,mesta,458,277,5,5645,0,27,0,0,60,114,1,0,0,5,1,5,0
1212,1,177,mesta,456,270,5,5718,0,23,0,0,60,109,1,0,0,5,1,6,0
1212,1,178,mesta,503,264,5,5836,0,131,0,0,56,97,1,0,0,5,1,5,0
1212,1,179,mesta,505,272,5,5947,44,127,0,0,104,145,0,0,0,5,1,5,0
1212,1,180,mesta,506,279,5,6061,84,123,0,0,104,145,0,0,0,5,1,5,0
1212,1,181,mesta,508,286,5,6176,128,119,0,0,111,155,0,0,0,5,1,5,0
1212,1,182,mesta,509,293,5,6240,168,115,0,0,111,155,0,0,0,5,1,6,0
1212,1,183,mesta,510,297,5,6374,205,111,0,0,111,157,0,0,0,5,1,11,0
1212,1,184,mesta,511,300,5,6506,265,107,0,0,138,185,0,0,0,5,1,5,0
1212,1,185,mesta,511,303,5,6665,273,104,0,0,93,142,0,0,0,5,1,12,0
1212,1,186,mesta,512,306,5,6694,288,101,0,0,93,142,0,0,0,5,1,5,0
1212,1,187,mesta,512,308,5,6772,301,98,0,0,93,142,0,0,0,5,1,7,0
1212,1,188,mesta,521,312,5,6855,311,95,0,0,93,147,0,1,0,5,1,6,0
1212,1,189,mesta,522,316,5,6936,321,92,0,0,93,147,0,0,0,5,1,5,0
1212,1,190,mesta,522,316,5,6966,313,89,0,0,76,130,0,0,0,5,1,5,0
1212,1,191,mesta,522,316,5,7045,272,86,0,0,43,97,0,0,0,5,1,6,0
1212,1,192,mesta,522,316,5,7115,233,83,0,0,43,91,0,1,0,5,1,5,0
1212,1,193,mesta,522,316,5,7187,189,80,0,0,34,82,0,0,0,5,1,5,0
1212,1,194,mesta,522,316,5,7208,137,77,0,0,34,82,0,0,0,5,1,10,0
1212,1,195,mesta,522,316,5,7290,97,74,0,0,34,82,0,0,0,5,1,6,0
1212,1,196,mesta,522,316,5,7372,58,71,0,0,34,82,0,0,0,5,1,7,0
1212,1,197,mesta,522,316,5,7424,47,67,0,0,61,109,0,0,0,5,1,8,0
1212,1,198,mesta,522,316,5,7509,35,63,0,0,61,115,0,0,0,5,1,5,0
1212,1,199,mesta,522,316,5,7641,24,59,0,0,61,115,0,0,0,5,1,6,0
1212,1,200,mesta,522,316,5,7771,11,55,0,0,61,115,0,1,0,5,1,5,0
1212,1,1,monjes,35,96,1,36,58,0,0,0,15,35,0,0,0,0,1,4,0
1212,1,2,monjes,35,96,1,31,46,0,0,0,15,24,0,0,0,0,1,1,0
1212,1,3,monjes,35,96,1,36,32,0,0,0,15,24,0,0,0,0,1,0,1
1212,1,4,monjes,35,96,1,41,19,0,0,0,15,24,0,1,0,0,1,0,1
1212,1,5,monjes,35,96,1,46,28,0,0,0,36,45,0,1,0,0,1,0,1
1212,1,6,monjes,35,96,1,68,39,0,0,0,36,62,0,0,0,0,1,1,0
1212,1,7,monjes,35,96,1,82,49,0,0,0,36,62,0,0,0,0,1,2,0
1212,1,8,monjes,35,96,1,86,61,0,0,0,36,62,0,0,0,0,1,3,0
1212,1,9,monjes,34,92,1,73,74,0,0,0,45,71,0,0,0,0,1,4,0
1212,1,10,monjes,49,90,1,68,79,0,0,0,45,71,0,0,0,1,1,9,0
1212,1,11,monjes,67,90,1,62,136,0,0,0,90,110,0,0,0,2,1,3,0
1212,1,12,monjes,67,90,1,81,198,0,0,0,90,110,0,0,0,2,1,1,0
1212,1,13,monjes,67,90,1,83,256,0,0,0,90,110,0,0,0,2,1,2,0
1212,1,14,monjes,67,90,1,82,305,0,0,0,90,110,0,0,0,2,1,3,0
1212,1,15,monjes,67,90,1,96,334,0,0,0,72,92,0,0,0,2,1,3,0
1212,1,16,monjes,67,90,1,103,363,0,0,0,72,92,0,0,0,2,1,3,0
1212,1,17,monjes,67,90,1,102,351,0,0,0,45,65,0,0,0,2,1,13,0
1212,1,18,monjes,75,90,1,99,355,0,0,0,45,65,0,0,0,2,1,3,0
1212,1,19,monjes,75,90,1,96,358,0,0,0,45,65,0,0,0,2,1,3,0
1212,1,20,monjes,75,90,1,93,361,0,0,0,45,65,0,0,0,2,1,3,0
1212,1,21,monjes,75,90,1,97,354,0,0,0,45,65,0,0,0,2,1,13,0
1212,1,22,monjes,75,90,1,94,357,0,0,0,45,65,0,0,0,2,1,3,0
1212,1,23,monjes,83,90,1,98,337,0,0,0,22,42,0,0,0,2,1,3,0
1212,1,24,monjes,83,90,1,111,316,0,0,0,22,36,0,0,0,2,1,3,0
1212,1,25,monjes,83,90,1,96,299,0,0,0,22,36,0,0,0,2,1,3,0
1212,1,26,monjes,83,90,1,94,281,0,0,0,22,36,0,0,0,2,1,8,0
1212,1,27,monjes,83,90,1,100,263,0,0,0,22,36,0,0,0,2,1,3,0
1212,1,28,monjes,91,90,1,96,247,0,0,0,22,36,0,0,0,2,1,3,0
1212,1,29,monjes,91,90,1,93,245,0,0,0,36,50,0,0,0,2,1,3,0
1212,1,30,monjes,91,90,1,106,242,0,0,0,36,56,0,0,0,2,1,3,0
1212,1,31,monjes,91,90,1,109,240,0,0,0,36,56,0,0,0,2,1,3,0
1212,1,32,monjes,91,90,1,112,234,0,0,0,36,56,0,0,0,2,1,8,0
1212,1,33,monjes,91,90,1,114,233,0,0,0,36,56,0,0,0,2,1,3,0
1212,1,34,monjes,99,90,1,116,232,0,0,0,36,56,0,0,0,2,1,3,0
1212,1,35,monjes,99,90,1,118,265,0,0,0,72,92,0,0,0,2,1,3,0
1212,1,36,monjes,99,90,1,120,297,0,0,0,72,92,0,0,0,2,1,3,0
1212,1,37,monjes,99,90,1,123,328,0,0,0,72,92,0,0,0,2,1,3,0
1212,1,38,monjes,99,90,1,100,358,0,0,0,72,92,0,0,0,2,1,4,0
1212,1,39,monjes,99,90,1,104,386,0,1,0,72,92,0,0,0,2,1,3,0
1212,1,40,monjes,99,90,1,107,413,0,1,0,72,92,0,0,0,2,1,3,0
1212,1,41,monjes,99,94,1,109,420,0,1,0,45,65,0,0,0,2,1,4,0
1212,1,42,monjes,99,90,1,82,410,0,1,0,45,65,0,0,0,2,1,4,0
1212,1,43,monjes,99,90,1,102,402,0,1,0,45,65,0,0,0,2,1,8,0
1212,1,44,monjes,99,90,1,101,402,0,1,0,45,65,0,0,0,2,1,3,0
1212,1,45,monjes,107,90,1,103,402,0,1,0,45,65,0,0,0,2,1,3,0
1212,1,46,monjes,106,89,1,105,388,0,1,0,45,65,0,0,0,2,1,6,0
1212,1,47,monjes,107,90,1,97,368,0,1,0,22,41,0,0,0,2,1,3,0
1212,1,48,monjes,107,90,1,93,348,0,1,0,22,36,0,0,0,2,1,3,0
1212,1,49,monjes,136,96,2,101,329,0,1,0,24,38,0,0,0,3,1,4,0
1212,1,50,monjes,136,96,2,82,292,0,1,0,24,38,0,0,0,3,1,14,0
1212,1,51,monjes,136,96,2,88,272,0,1,0,24,38,0,0,0,3,1,4,0
1212,1,52,monjes,144,97,2,58,214,0,1,0,24,38,0,1,0,3,1,4,0
1212,1,53,monjes,143,93,2,72,209,0,1,0,42,56,0,0,0,3,1,5,0
1212,1,54,monjes,242,146,3,95,194,0,1,0,39,59,0,1,0,4,1,9,0
1212,1,55,monjes,242,146,3,83,185,0,1,0,38,69,0,0,0,4,1,6,0
1212,1,56,monjes,243,154,3,73,182,0,0,0,47,75,0,2,0,4,1,10,0
1212,1,57,monjes,243,152,3,50,154,0,0,0,58,87,0,1,0,4,1,7,0
1212,1,58,monjes,252,155,3,67,172,0,0,0,58,91,0,0,0,4,1,1,0
1212,1,59,monjes,261,164,4,88,249,0,0,0,83,117,0,0,0,4,1,3,0
1212,1,60,monjes,262,166,4,77,274,0,0,0,84,119,0,1,0,4,1,5,0
1212,1,61,monjes,262,168,4,68,258,0,0,0,84,118,0,0,0,4,1,4,0
1212,1,62,monjes,263,170,4,98,279,0,0,0,85,121,0,0,0,4,1,2,0
1212,1,63,monjes,279,211,5,91,303,0,0,0,86,122,0,1,0,4,1,4,0
1212,1,64,monjes,280,217,5,71,319,0,0,0,87,130,0,0,0,4,1,6,0
1212,1,65,monjes,281,223,5,88,320,0,0,0,78,120,0,1,0,4,1,8,0
1212,1,66,monjes,282,229,5,90,335,0,0,0,86,128,0,0,0,4,1,4,0
1212,1,67,monjes,292,235,5,79,349,0,0,0,86,129,0,0,0,4,1,4,0
1212,1,68,monjes,293,242,5,90,359,0,0,0,87,131,0,1,0,4,1,4,0
1212,1,69,monjes,294,249,5,82,383,0,0,0,100,145,0,0,0,4,1,4,0
1212,1,70,monjes,296,257,5,86,403,0,0,0,101,148,0,1,0,4,1,6,0
1212,1,71,monjes,296,257,5,94,376,0,0,0,60,110,0,0,0,4,1,8,0
1212,1,72,monjes,296,257,5,88,352,0,0,0,60,104,0,0,0,4,1,4,0
1212,1,73,monjes,304,257,5,87,334,0,0,0,62,106,0,1,0,4,1,4,0
1212,1,74,monjes,304,257,5,85,316,0,0,0,62,106,0,0,0,4,1,5,0
1212,1,75,monjes,304,257,5,71,299,0,0,0,62,106,0,1,0,4,1,4,0
1212,1,76,monjes,304,257,5,66,281,0,0,0,62,106,0,0,0,4,1,4,0
1212,1,77,monjes,306,265,5,73,276,0,0,0,84,128,0,1,0,4,1,8,0
1212,1,78,monjes,307,273,5,90,280,0,0,0,92,144,0,2,0,4,1,5,0
1212,1,79,monjes,309,281,5,101,288,0,0,0,94,155,0,0,0,4,1,4,0
1212,1,80,monjes,318,289,5,105,296,0,0,0,97,159,0,1,0,4,1,5,0
1212,1,81,monjes,320,298,5,112,303,0,0,0,98,164,0,1,0,4,1,4,0
1212,1,82,monjes,322,307,5,119,311,0,0,0,100,166,0,0,0,4,1,4,0
1212,1,83,monjes,324,316,5,101,437,0,0,0,224,291,0,0,0,4,1,5,0
1212,1,84,monjes,326,325,5,111,555,0,1,0,225,293,0,0,0,4,1,4,0
1212,1,85,monjes,327,330,5,116,667,0,1,0,225,294,0,0,0,4,1,3,0
1212,1,86,monjes,328,335,5,121,772,0,1,0,225,294,0,0,0,4,1,3,0
1212,1,87,monjes,329,340,5,126,872,0,1,0,225,294,0,0,0,4,1,3,0
1212,1,88,monjes,330,345,5,108,963,0,0,0,225,297,0,0,0,4,1,9,0
1212,1,89,monjes,331,350,5,109,953,0,1,0,120,192,0,0,0,4,1,3,0
1212,1,90,monjes,340,355,5,111,942,0,1,0,120,194,0,0,0,4,1,3,0
1212,1,91,monjes,341,361,5,115,931,0,1,0,120,196,0,0,0,4,1,3,0
1212,1,92,monjes,342,367,5,110,919,0,1,0,120,196,0,0,0,4,1,3,0
1212,1,93,monjes,343,373,5,114,906,0,1,0,120,196,0,0,0,4,1,3,0
1212,1,94,monjes,344,379,5,109,889,0,1,0,120,197,0,0,0,4,1,8,0
1212,1,95,monjes,344,379,5,113,833,0,1,0,77,154,0,0,0,4,1,3,0
1212,1,96,monjes,352,379,5,115,779,0,1,0,77,148,0,0,0,4,1,3,0
1212,1,97,monjes,352,379,5,126,719,0,1,0,70,141,0,0,0,4,1,3,0
1212,1,98,monjes,352,379,5,14,658,0,1,0,70,141,0,0,0,4,1,4,0
1212,1,99,monjes,351,374,5,55,589,0,1,0,70,141,0,0,0,4,1,5,0
1212,1,100,monjes,351,374,5,97,525,0,1,0,70,141,0,0,0,4,1,7,0
1212,1,101,monjes,353,380,5,107,505,0,1,0,102,173,0,0,0,4,1,4,0
1212,1,102,monjes,354,387,5,124,485,0,1,0,102,181,0,0,0,4,1,4,0
1212,1,103,monjes,363,394,5,118,466,0,1,0,102,181,0,0,0,4,1,5,0
1212,1,104,monjes,373,403,6,111,446,0,2,0,102,183,0,0,0,4,1,7,0
1212,1,105,monjes,373,403,6,100,427,0,3,0,102,183,0,0,0,4,1,5,0
1212,1,106,monjes,373,403,6,101,407,0,2,0,102,183,0,1,0,4,1,10,0
1212,1,107,monjes,383,412,6,97,482,0,2,0,196,277,0,0,0,4,1,4,0
1212,1,108,monjes,385,420,6,103,552,0,2,0,198,279,0,0,0,4,1,4,0
1212,1,109,monjes,385,424,6,104,622,0,2,0,201,283,0,0,0,4,1,4,0
1212,1,110,monjes,386,428,6,102,682,0,0,0,201,283,0,0,0,4,1,9,0
1212,1,111,monjes,387,432,6,107,742,0,0,0,201,286,0,0,0,4,1,3,0
1212,1,112,monjes,388,436,6,115,794,0,0,0,201,286,0,0,0,4,1,3,0
1212,1,113,monjes,389,441,6,105,772,0,0,0,131,217,0,0,0,4,1,8,0
1212,1,114,monjes,398,446,6,106,752,0,0,0,132,218,0,0,0,4,1,3,0
1212,1,115,monjes,399,451,6,106,736,0,0,0,132,218,0,0,0,4,1,3,0
1212,1,116,monjes,400,457,6,107,719,0,0,0,132,219,0,0,0,4,1,3,0
1212,1,117,monjes,401,463,6,109,701,0,0,0,132,219,0,0,0,4,1,4,0
1212,1,118,monjes,402,469,6,86,644,0,0,0,132,215,0,0,0,4,1,10,0
1212,1,119,monjes,402,469,6,104,575,0,0,0,76,159,0,0,0,4,1,4,0
1212,1,120,monjes,429,524,7,99,510,0,0,0,76,153,0,1,0,4,1,4,0
1212,1,121,monjes,429,524,7,87,435,0,0,0,76,162,0,0,0,4,1,6,0
1212,1,122,monjes,429,524,7,97,360,0,0,0,76,159,0,0,0,4,1,5,0
1212,1,123,monjes,429,524,7,97,289,0,0,0,76,159,0,1,0,4,1,4,0
1212,1,124,monjes,429,524,7,68,188,0,0,0,82,165,0,0,0,4,1,10,0
1212,1,125,monjes,429,524,7,94,174,0,0,0,122,205,0,0,0,4,1,2,0
1212,1,126,monjes,449,584,8,88,159,0,0,0,122,211,0,0,0,4,1,3,0
1212,1,127,monjes,457,584,8,78,132,0,0,0,122,221,0,0,0,4,1,5,0
1212,1,128,monjes,457,584,8,91,104,0,0,0,122,218,0,1,0,4,1,3,0
1212,1,129,monjes,457,584,8,93,89,0,0,0,132,228,0,0,0,4,1,3,0
1212,1,130,monjes,457,584,8,58,36,0,0,0,132,228,0,0,0,4,1,4,0
1212,1,131,monjes,460,598,8,83,130,0,0,0,243,339,0,0,0,4,1,1,0
1212,1,132,monjes,483,672,9,69,214,0,0,0,243,340,0,0,0,4,1,4,0
1212,1,133,monjes,486,685,9,69,269,0,0,0,243,352,0,1,0,4,1,6,0
1212,1,134,monjes,488,697,9,96,333,0,0,0,263,370,0,2,0,4,1,5,0
1212,1,135,monjes,491,711,9,99,431,0,0,0,299,410,0,1,0,4,1,5,0
1212,1,136,monjes,492,719,9,113,542,0,0,0,319,431,0,1,0,4,1,4,0
1212,1,137,monjes,493,724,9,122,550,0,0,0,216,328,0,0,0,4,1,9,0
1212,1,138,monjes,494,728,9,124,561,0,0,0,216,329,0,0,0,4,1,4,0
1212,1,139,monjes,503,732,9,128,571,0,0,0,216,330,0,0,0,4,1,4,0
1212,1,140,monjes,504,736,9,131,579,0,0,0,216,330,0,0,0,4,1,4,0
1212,1,141,monjes,505,740,9,138,586,0,0,0,216,330,0,0,0,4,1,4,0
1212,1,142,monjes,506,745,9,143,592,0,0,0,216,332,0,0,0,4,1,4,0
1212,1,143,monjes,506,745,9,151,500,0,0,0,117,234,0,0,0,4,1,9,0
1212,1,144,monjes,506,745,9,103,413,0,0,0,117,228,0,0,0,4,1,5,0
1212,1,145,monjes,674,745,9,104,330,0,0,0,117,228,0,1,1,5,1,4,0
1212,1,146,monjes,674,745,9,107,252,0,0,0,117,228,0,0,0,5,1,4,0
1212,1,147,monjes,674,745,9,101,177,0,0,0,117,228,0,0,0,5,1,4,0
1212,1,148,monjes,674,745,9,105,106,0,0,0,117,228,0,0,0,5,1,4,0
1212,1,149,monjes,674,745,9,103,102,0,0,0,180,291,0,1,0,5,1,3,0
1212,1,150,monjes,674,745,9,107,97,0,0,0,180,303,0,0,0,5,1,3,0
1212,1,151,monjes,674,745,9,111,92,0,0,0,180,303,0,0,0,5,1,4,0
1212,1,152,monjes,674,745,9,99,66,0,0,0,160,283,0,1,0,5,1,4,0
1212,1,153,monjes,674,745,9,111,41,0,0,0,160,283,0,1,0,5,1,3,0
1212,1,154,monjes,673,745,9,112,44,0,0,0,166,289,1,0,0,5,1,4,0
1212,1,155,monjes,674,753,9,102,126,0,0,0,309,432,0,0,0,5,1,2,0
1212,1,156,monjes,675,758,9,100,240,0,0,0,309,432,0,1,0,5,1,3,0
1212,1,157,monjes,693,809,10,115,344,0,0,0,309,437,0,0,0,5,1,4,0
1212,1,158,monjes,695,815,10,107,428,0,0,0,309,444,0,0,0,5,1,7,0
1212,1,159,monjes,696,821,10,104,504,0,0,0,309,443,0,2,0,5,1,6,0
1212,1,160,monjes,697,827,10,112,610,0,0,0,345,480,0,2,0,5,1,5,0
1212,1,161,monjes,698,833,10,123,603,0,0,0,232,370,0,1,0,5,1,9,0
1212,1,162,monjes,700,840,10,133,614,0,0,0,243,383,0,0,0,5,1,6,0
1212,1,163,monjes,710,850,10,128,621,0,0,0,243,383,0,1,0,5,1,5,0
1212,1,164,monjes,711,856,10,138,625,0,0,0,243,383,0,1,0,5,1,4,0
1212,1,165,monjes,712,861,10,152,635,0,0,0,249,393,0,0,0,5,1,4,0
1212,1,166,monjes,713,866,10,116,644,0,0,0,249,393,0,0,0,5,1,5,0
1212,1,167,monjes,713,866,10,116,541,0,0,0,136,281,0,0,0,5,1,5,0
1212,1,168,monjes,713,866,10,125,436,0,0,0,136,275,0,1,0,5,1,10,0
1212,1,169,monjes,713,866,10,133,341,0,0,0,136,275,0,1,0,5,1,4,0
1212,1,170,monjes,721,866,10,142,255,0,0,0,141,280,0,0,0,5,1,4,0
1212,1,171,monjes,721,866,10,151,172,0,0,0,141,280,0,1,0,5,1,4,0
1212,1,172,monjes,721,866,10,141,98,0,0,0,141,280,0,0,0,5,1,3,0
1212,1,173,monjes,721,866,10,120,97,0,0,0,213,352,0,0,0,5,1,5,0
1212,1,174,monjes,721,866,10,132,93,0,1,0,213,358,0,1,0,5,1,3,0
1212,1,175,monjes,721,866,10,115,91,0,1,0,213,362,0,0,0,5,1,4,0
1212,1,176,monjes,721,866,10,127,89,0,2,0,213,362,0,0,0,5,1,3,0
1212,1,177,monjes,721,866,10,111,87,0,0,0,213,362,0,1,0,5,1,4,0
1212,1,178,monjes,721,866,10,121,86,0,0,0,213,362,0,1,0,5,1,3,0
1212,1,179,monjes,723,877,10,119,262,0,0,0,398,547,0,0,0,5,1,3,0
1212,1,180,monjes,725,888,10,113,421,0,0,0,398,547,0,1,0,5,1,6,0
1212,1,181,monjes,727,899,10,141,569,0,1,0,398,553,0,0,0,5,1,4,0
1212,1,182,monjes,730,911,10,145,704,0,0,0,398,556,0,0,0,5,1,11,0
1212,1,183,monjes,740,923,10,126,836,0,1,0,398,558,0,1,0,5,1,5,0
1212,1,184,monjes,742,931,10,132,954,0,2,0,398,558,0,0,0,5,1,8,0
1212,1,185,monjes,744,943,10,156,941,0,3,0,260,421,0,0,0,5,1,4,0
1212,1,186,monjes,747,957,10,131,929,0,3,0,260,425,0,0,0,5,1,6,0
1212,1,187,monjes,759,977,11,157,911,0,3,0,260,426,0,1,0,5,1,11,0
1212,1,188,monjes,762,993,11,129,853,0,3,0,260,426,0,0,0,5,1,6,0
1212,1,189,monjes,773,1007,11,147,830,0,3,0,260,430,0,1,0,5,1,5,0
1212,1,190,monjes,790,1051,12,165,814,0,3,0,269,439,0,1,0,5,1,4,0
1212,1,191,monjes,790,1051,12,160,677,0,3,0,152,331,0,0,0,5,1,6,0
1212,1,192,monjes,790,1051,12,104,544,0,3,0,152,323,0,0,0,5,1,6,0
1212,1,193,monjes,790,1051,12,108,413,0,3,0,152,323,0,1,0,5,1,10,0
1212,1,194,monjes,790,1051,12,111,293,0,3,0,156,327,0,1,0,5,1,4,0
1212,1,195,monjes,798,1051,12,115,178,0,3,0,153,327,0,0,0,5,1,4,0
1212,1,196,monjes,798,1051,12,100,72,0,1,0,153,327,0,0,0,5,1,3,0
1212,1,197,monjes,798,1051,12,109,45,0,0,0,230,404,0,0,0,5,1,4,0
1212,1,198,monjes,797,1051,12,110,44,0,0,0,230,410,1,1,0,5,1,4,0
1212,1,199,monjes,796,1051,12,141,44,0,0,0,230,417,1,0,0,5,1,2,0
1212,1,200,monjes,789,1024,12,138,44,0,0,0,230,417,1,0,0,5,1,3,0
1212,1,1,salineros,23,36,1,19,68,0,9,0,8,27,0,0,0,0,1,4,0
1212,1,2,salineros,23,36,1,18,65,0,18,0,8,22,0,0,0,0,1,1,0
1212,1,3,salineros,23,36,1,17,62,0,27,0,8,22,0,0,0,0,1,0,1
1212,1,4,salineros,23,36,1,16,59,0,36,0,8,22,0,0,0,0,1,0,1
1212,1,5,salineros,23,37,1,15,60,0,45,0,12,26,0,1,0,0,1,0,1
1212,1,6,salineros,23,38,1,17,63,0,65,0,12,40,0,0,0,0,1,0,1
1212,1,7,salineros,88,39,1,19,66,0,85,0,12,40,0,0,0,1,1,0,1
1212,1,8,salineros,89,40,1,1,69,0,104,0,12,39,0,0,0,1,1,0,1
1212,1,9,salineros,89,42,1,5,69,0,123,0,12,41,0,0,0,1,1,0,1
1212,1,10,salineros,89,44,1,9,69,0,141,0,12,40,0,1,0,1,1,0,1
1212,1,11,salineros,90,46,1,21,83,0,149,0,25,61,0,0,0,1,1,3,0
1212,1,12,salineros,89,44,1,104,87,0,156,0,25,60,0,0,0,1,1,3,0
1212,1,13,salineros,89,42,1,140,87,0,168,0,25,60,0,0,0,1,1,9,0
1212,1,14,salineros,106,39,1,132,92,0,181,0,25,59,0,0,0,2,1,4,0
1212,1,15,salineros,107,40,1,141,108,0,193,0,25,57,0,0,0,2,1,3,0
1212,1,16,salineros,107,42,1,151,123,0,205,0,25,59,0,0,0,2,1,3,0
1212,1,17,salineros,107,44,1,160,127,0,216,0,16,49,0,0,0,2,1,8,0
1212,1,18,salineros,116,46,1,168,132,0,227,0,16,49,0,0,0,2,1,3,0
1212,1,19,salineros,116,48,1,176,137,0,237,0,16,48,0,0,0,2,1,3,0
1212,1,20,salineros,117,50,1,188,141,0,247,0,16,48,0,0,0,2,1,3,0
1212,1,21,salineros,117,52,1,200,143,0,256,0,16,49,0,0,0,2,1,8,0
1212,1,22,salineros,117,54,1,212,146,0,265,0,16,49,0,0,0,2,1,3,0
1212,1,23,salineros,125,54,1,223,141,0,273,0,8,40,0,0,0,2,1,3,0
1212,1,24,salineros,125,54,1,232,136,0,281,0,8,35,0,0,0,2,1,3,0
1212,1,25,salineros,125,54,1,240,131,0,288,0,8,34,0,0,0,2,1,3,0
1212,1,26,salineros,125,54,1,246,124,0,295,0,8,34,0,0,0,2,1,8,0
1212,1,27,salineros,133,54,1,252,119,0,302,0,8,34,0,0,0,2,1,3,0
1212,1,28,salineros,133,54,1,257,114,0,308,0,8,33,0,0,0,2,1,3,0
1212,1,29,salineros,133,54,1,266,113,0,314,0,12,37,0,0,0,2,1,3,0
1212,1,30,salineros,133,54,1,279,110,0,319,0,12,41,0,0,0,2,1,8,0
1212,1,31,salineros,141,54,1,291,109,0,324,0,12,41,0,0,0,2,1,3,0
1212,1,32,salineros,141,54,1,302,108,0,328,0,12,40,0,0,0,2,1,3,0
1212,1,33,salineros,141,54,1,312,107,0,332,0,12,40,0,0,0,2,1,3,0
1212,1,34,salineros,141,54,1,326,104,0,334,0,12,39,0,0,0,2,1,8,0
1212,1,35,salineros,150,56,1,338,116,0,337,0,25,52,0,0,0,2,1,3,0
1212,1,36,salineros,150,58,1,349,127,0,340,0,25,52,0,0,0,2,1,3,0
1212,1,37,salineros,151,60,1,360,138,0,343,0,25,52,0,0,0,2,1,3,0
1212,1,38,salineros,151,60,1,376,146,0,344,0,25,54,0,0,0,2,1,8,0
1212,1,39,salineros,159,60,1,391,156,0,346,0,25,54,0,0,0,2,1,3,0
1212,1,40,salineros,159,60,1,424,163,0,348,0,25,54,0,0,0,2,1,4,0
1212,1,41,salineros,159,60,1,457,161,0,350,0,16,45,0,0,0,2,1,4,0
1212,1,42,salineros,159,60,1,490,155,0,352,0,16,45,0,0,0,2,1,9,0
1212,1,43,salineros,159,60,1,523,153,0,354,0,16,45,0,0,0,2,1,4,0
1212,1,44,salineros,167,60,1,560,151,0,356,0,16,45,0,0,0,2,1,4,0
1212,1,45,salineros,167,60,1,578,152,0,358,0,16,45,0,0,0,2,1,3,0
1212,1,46,salineros,167,60,1,592,153,0,360,0,16,45,0,0,0,2,1,3,0
1212,1,47,salineros,167,60,1,623,143,0,363,0,8,37,0,0,0,2,1,4,0
1212,1,48,salineros,167,60,1,662,132,0,361,0,8,31,0,0,0,2,1,8,0
1212,1,49,salineros,167,60,1,646,125,0,367,0,8,31,0,0,0,2,1,2,0
1212,1,50,salineros,175,60,1,616,118,0,370,0,8,31,0,0,0,2,1,3,0
1212,1,51,salineros,175,60,1,603,111,0,373,0,8,31,0,0,0,2,1,3,0
1212,1,52,salineros,175,60,1,590,104,0,376,0,8,31,0,0,0,2,1,3,0
1212,1,53,salineros,175,60,1,579,101,0,379,0,12,35,0,0,0,2,1,3,0
1212,1,54,salineros,175,60,1,573,94,0,383,0,12,41,0,0,0,2,1,8,0
1212,1,55,salineros,175,60,1,566,91,0,387,0,12,41,0,0,0,2,1,3,0
1212,1,56,salineros,183,60,1,558,88,0,391,0,12,41,0,0,0,2,1,3,0
1212,1,57,salineros,183,60,1,569,85,0,395,0,12,41,0,0,0,2,1,4,0
1212,1,58,salineros,183,60,1,585,84,0,399,0,12,41,0,0,0,2,1,4,0
1212,1,59,salineros,183,60,1,595,98,0,403,0,25,54,0,0,0,2,1,4,0
1212,1,60,salineros,183,60,1,582,108,0,401,0,25,54,0,0,0,2,1,8,0
1212,1,61,salineros,183,60,1,577,118,0,404,0,25,54,0,0,0,2,1,3,0
1212,1,62,salineros,183,60,1,571,128,0,407,0,25,54,0,0,0,2,1,3,0
1212,1,63,salineros,191,60,1,569,138,0,410,0,25,54,0,0,0,2,1,3,0
1212,1,64,salineros,191,60,1,595,148,0,410,0,25,54,0,0,0,2,1,3,0
1212,1,65,salineros,191,60,1,678,149,0,416,0,16,45,0,0,0,2,1,1,0
1212,1,66,salineros,191,60,1,694,150,0,412,0,16,45,0,0,0,2,1,2,0
1212,1,67,salineros,191,60,1,798,147,0,417,0,16,45,0,0,0,2,1,6,0
1212,1,68,salineros,191,60,1,764,148,0,413,0,16,45,0,0,0,2,1,3,0
1212,1,69,salineros,199,60,1,814,149,0,419,0,16,45,0,0,0,2,1,2,0
1212,1,70,salineros,199,60,1,830,150,0,415,0,16,45,0,0,0,2,1,3,0
1212,1,71,salineros,199,60,1,937,143,0,421,0,8,37,0,0,0,2,1,2,0
1212,1,72,salineros,199,60,1,897,136,0,418,0,8,31,0,0,0,2,1,2,0
1212,1,73,salineros,199,60,1,993,125,0,425,0,8,31,0,0,0,2,1,7,0
1212,1,74,salineros,199,60,1,980,118,0,427,0,8,31,0,0,0,2,1,3,0
1212,1,75,salineros,207,60,1,1000,116,0,434,0,8,31,0,0,0,2,1,2,0
1212,1,76,salineros,207,60,1,941,119,0,438,0,8,31,0,0,0,2,1,3,0
1212,1,77,salineros,207,60,1,956,123,0,442,0,12,35,0,0,0,2,1,4,0
1212,1,78,salineros,207,60,1,976,127,0,446,0,12,41,0,0,0,2,1,3,0
1212,1,79,salineros,207,60,1,1017,131,0,446,0,12,41,0,0,0,2,1,3,0
1212,1,80,salineros,207,60,1,1019,87,0,453,0,12,41,0,0,0,2,1,6,0
1212,1,81,salineros,207,60,1,1021,84,0,453,0,12,41,0,0,0,2,1,4,0
1212,1,82,salineros,251,100,2,1074,84,0,460,0,12,41,0,0,0,3,1,2,0
1212,1,83,salineros,251,100,2,1025,50,0,465,0,25,62,0,0,0,3,1,5,0
1212,1,84,salineros,251,100,2,982,55,0,470,0,25,62,0,1,0,3,1,6,0
1212,1,85,salineros,296,138,3,985,69,0,474,0,37,74,0,1,0,4,1,6,0
1212,1,86,salineros,297,141,3,943,47,0,479,0,50,93,0,1,0,4,1,8,0
1212,1,87,salineros,297,144,3,906,66,0,483,0,54,97,0,2,0,4,1,6,0
1212,1,88,salineros,314,189,4,908,105,0,486,0,71,114,0,0,0,4,1,5,0
1212,1,89,salineros,315,193,4,920,112,0,489,0,49,100,0,1,0,4,1,6,0
1212,1,90,salineros,315,194,4,850,113,0,492,0,57,108,0,1,0,4,1,7,0
1212,1,91,salineros,317,200,4,866,126,0,495,0,65,120,0,1,0,4,1,10,0
1212,1,92,salineros,318,206,4,882,152,0,498,0,73,128,0,0,0,4,1,7,0
1212,1,93,salineros,320,215,4,902,174,0,501,0,73,128,0,2,0,4,1,5,0
1212,1,94,salineros,321,224,4,873,196,0,503,0,73,130,0,1,0,4,1,5,0
1212,1,95,salineros,329,224,4,855,180,0,506,0,41,98,0,0,0,4,1,7,0
1212,1,96,salineros,329,224,4,873,162,0,509,0,41,92,0,1,0,4,1,6,0
1212,1,97,salineros,329,224,4,885,149,0,512,0,41,92,0,1,0,4,1,4,0
1212,1,98,salineros,329,224,4,896,136,0,516,0,41,92,0,0,0,4,1,4,0
1212,1,99,salineros,329,224,4,858,123,0,520,0,41,92,0,1,0,4,1,4,0
1212,1,100,salineros,329,224,4,869,112,0,524,0,41,92,0,0,0,4,1,5,0
1212,1,101,salineros,331,230,4,880,117,0,528,0,57,108,0,0,0,4,1,4,0
1212,1,102,salineros,331,230,4,871,81,0,533,0,57,118,0,0,0,4,1,6,0
1212,1,103,salineros,331,230,4,845,85,0,538,0,57,118,0,0,0,4,1,4,0
1212,1,104,salineros,349,280,5,817,89,0,543,0,57,118,0,0,0,4,1,5,0
1212,1,105,salineros,349,280,5,789,80,0,548,0,57,128,0,0,0,4,1,6,0
1212,1,106,salineros,349,280,5,813,69,0,553,0,57,128,0,1,0,4,1,5,0
1212,1,107,salineros,351,292,5,836,112,0,557,0,109,180,0,0,0,4,1,4,0
1212,1,108,salineros,353,304,5,859,152,0,560,0,109,180,0,0,0,4,1,4,0
1212,1,109,salineros,356,316,5,833,189,0,563,0,109,182,0,0,0,4,1,4,0
1212,1,110,salineros,358,329,5,858,223,0,565,0,109,184,0,0,0,4,1,5,0
1212,1,111,salineros,361,342,5,889,248,0,564,0,109,186,0,0,0,4,1,10,0
1212,1,112,salineros,364,355,5,940,268,0,565,0,109,192,0,1,0,4,1,6,0
1212,1,113,salineros,372,355,5,945,260,0,566,0,82,165,0,0,0,4,1,5,0
1212,1,114,salineros,372,355,5,999,252,0,567,0,82,165,0,0,0,4,1,6,0
1212,1,115,salineros,372,355,5,1037,244,0,568,0,82,165,0,0,0,4,1,5,0
1212,1,116,salineros,372,355,5,1090,234,0,570,0,82,165,0,1,0,4,1,6,0
1212,1,117,salineros,372,355,5,1092,226,0,572,0,86,169,0,0,0,4,1,10,0
1212,1,118,salineros,372,355,5,1129,222,0,574,0,86,169,0,0,0,4,1,6,0
1212,1,119,salineros,372,355,5,1181,179,0,577,0,49,132,0,0,0,4,1,6,0
1212,1,120,salineros,380,355,5,1210,139,0,581,0,49,124,0,1,0,4,1,4,0
1212,1,121,salineros,380,355,5,1171,108,0,585,0,53,128,0,0,0,4,1,5,0
1212,1,122,salineros,380,355,5,1147,75,0,590,0,53,128,0,0,0,4,1,5,0
1212,1,123,salineros,379,355,5,1176,44,0,596,0,53,128,1,1,0,4,1,5,0
1212,1,124,salineros,378,355,5,1204,44,0,602,0,53,128,1,0,0,4,1,4,0
1212,1,125,salineros,375,347,5,1231,44,0,608,0,72,147,1,0,0,4,1,5,0
1212,1,126,salineros,372,339,5,1210,44,0,614,0,71,145,1,0,0,4,1,5,0
1212,1,127,salineros,370,332,5,1231,44,0,620,0,62,126,1,0,0,4,1,5,0
1212,1,128,salineros,368,325,5,1245,44,0,626,0,62,116,1,0,0,4,1,6,0
1212,1,129,salineros,365,318,5,1252,44,0,632,0,55,100,1,0,0,4,1,4,0
1212,1,130,salineros,363,311,5,1258,44,0,637,0,48,92,1,0,0,4,1,4,0
1212,1,131,salineros,363,311,5,1264,60,0,641,0,89,133,0,0,0,4,1,5,0
1212,1,132,salineros,365,322,5,1263,74,0,645,0,89,123,0,1,0,4,1,4,0
1212,1,133,salineros,286,207,3,1266,87,0,649,0,52,79,0,0,0,4,1,4,0
1212,1,134,salineros,288,215,3,1273,101,0,652,0,61,88,0,0,0,4,1,6,0
1212,1,135,salineros,290,225,3,1280,115,0,656,0,63,93,0,0,0,4,1,4,0
1212,1,136,salineros,292,235,3,1277,126,0,660,0,63,93,0,0,0,4,1,4,0
1212,1,137,salineros,292,235,3,1284,112,0,664,0,42,73,0,1,0,4,1,5,0
1212,1,138,salineros,292,235,3,1291,108,0,668,0,50,81,0,0,0,4,1,4,0
1212,1,139,salineros,292,235,3,1298,110,0,672,0,56,87,0,0,0,4,1,4,0
1212,1,140,salineros,292,235,3,1289,112,0,676,0,56,87,0,0,0,4,1,4,0
1212,1,141,salineros,292,235,3,1245,112,0,680,0,56,87,0,1,0,4,1,6,0
1212,1,142,salineros,293,241,3,1250,119,0,684,0,61,92,0,0,0,4,1,5,0
1212,1,143,salineros,293,241,3,1245,99,0,688,0,36,68,0,0,0,4,1,4,0
1212,1,144,salineros,293,241,3,1254,81,0,693,0,40,72,0,0,0,4,1,4,0
1212,1,145,salineros,293,241,3,1214,64,0,698,0,41,73,0,1,0,4,1,4,0
1212,1,146,salineros,293,241,3,1224,55,0,703,0,47,79,0,0,0,4,1,6,0
1212,1,147,salineros,293,241,3,1239,46,0,708,0,47,85,0,0,0,4,1,5,0
1212,1,148,salineros,292,241,3,1257,44,0,714,0,47,89,1,0,0,4,1,4,0
1212,1,149,salineros,292,241,3,1225,49,0,719,0,61,103,0,0,0,4,1,4,0
1212,1,150,salineros,292,241,3,1248,54,0,724,0,61,109,0,0,0,4,1,5,0
1212,1,151,salineros,292,241,3,1271,59,0,729,0,61,109,0,0,0,4,1,5,0
1212,1,152,salineros,292,241,3,1294,64,0,736,0,61,111,0,0,0,4,1,4,0
1212,1,153,salineros,292,241,3,1271,69,0,743,0,61,111,0,0,0,4,1,4,0
1212,1,154,salineros,293,245,3,1297,74,0,750,0,61,111,0,0,0,4,1,5,0
1212,1,155,salineros,294,252,3,1321,120,0,756,0,103,153,0,0,0,4,1,4,0
1212,1,156,salineros,295,259,3,1347,164,0,761,0,103,155,0,0,0,4,1,4,0
1212,1,157,salineros,297,266,3,1322,207,0,765,0,103,155,0,0,0,4,1,4,0
1212,1,158,salineros,298,273,3,1363,238,0,765,0,103,155,0,0,0,4,1,11,0
1212,1,159,salineros,300,282,3,1411,271,0,768,0,103,159,0,0,0,4,1,5,0
1212,1,160,salineros,302,291,3,1458,302,0,770,0,103,159,0,0,0,4,1,5,0
1212,1,161,salineros,302,292,3,1456,301,0,772,0,73,130,0,0,0,4,1,5,0
1212,1,162,salineros,310,292,3,1505,299,0,774,0,73,131,0,0,0,4,1,6,0
1212,1,163,salineros,310,292,3,1558,297,0,776,0,73,131,0,0,0,4,1,5,0
1212,1,164,salineros,310,292,3,1610,295,0,778,0,73,131,0,0,0,4,1,5,0
1212,1,165,salineros,310,292,3,1611,293,0,780,0,73,131,0,0,0,4,1,5,0
1212,1,166,salineros,310,292,3,1662,287,0,782,0,73,131,0,0,0,4,1,11,0
1212,1,167,salineros,310,292,3,1712,259,0,785,0,47,105,0,0,0,4,1,5,0
1212,1,168,salineros,318,292,3,1756,231,0,789,0,47,99,0,0,0,4,1,5,0
1212,1,169,salineros,318,292,3,1750,203,0,793,0,47,99,0,0,0,4,1,5,0
1212,1,170,salineros,318,292,3,1793,175,0,798,0,47,99,0,0,0,4,1,6,0
1212,1,171,salineros,318,292,3,1822,150,0,803,0,47,99,0,0,0,4,1,4,0
1212,1,172,salineros,318,292,3,1848,128,0,809,0,47,99,0,0,0,4,1,4,0
1212,1,173,salineros,318,292,3,1828,120,0,815,0,61,113,0,0,0,4,1,4,0
1212,1,174,salineros,318,292,3,1863,112,0,821,0,61,119,0,0,0,4,1,5,0
1212,1,175,salineros,318,292,3,1896,104,0,827,0,61,119,0,0,0,4,1,4,0
1212,1,176,salineros,318,292,3,1929,96,0,833,0,61,119,0,0,0,4,1,4,0
1212,1,177,salineros,318,292,3,1911,88,0,840,0,61,119,0,0,0,4,1,4,0
1212,1,178,salineros,318,292,3,1943,80,0,847,0,61,119,0,0,0,4,1,5,0
1212,1,179,salineros,319,297,3,1975,114,0,853,0,103,161,0,0,0,4,1,4,0
1212,1,180,salineros,320,300,3,2006,147,0,858,0,103,161,0,0,0,4,1,4,0
1212,1,181,salineros,320,300,3,1988,179,0,863,0,103,162,0,0,0,4,1,4,0
1212,1,182,salineros,320,300,3,2019,211,0,867,0,103,162,0,0,0,4,1,5,0
1212,1,183,salineros,320,300,3,2068,234,0,869,0,103,162,0,0,0,4,1,10,0
1212,1,184,salineros,320,300,3,2121,268,0,872,0,111,170,0,0,0,4,1,5,0
1212,1,185,salineros,320,300,3,2123,269,0,875,0,78,137,0,0,0,4,1,5,0
1212,1,186,salineros,320,300,3,2175,270,0,878,0,78,137,0,0,0,4,1,6,0
1212,1,187,salineros,328,300,3,2226,271,0,881,0,78,137,0,0,0,4,1,5,0
1212,1,188,salineros,328,300,3,2277,272,0,884,0,78,137,0,0,0,4,1,5,0
1212,1,189,salineros,328,300,3,2278,273,0,887,0,78,137,0,0,0,4,1,5,0
1212,1,190,salineros,328,300,3,2329,269,0,890,0,73,132,0,0,0,4,1,6,0
1212,1,191,salineros,328,300,3,2379,239,0,893,0,47,106,0,0,0,4,1,5,0
1212,1,192,salineros,328,300,3,2423,205,0,897,0,47,100,0,0,0,4,1,10,0
1212,1,193,salineros,328,300,3,2421,171,0,902,0,44,97,0,0,0,4,1,5,0
1212,1,194,salineros,328,300,3,2454,140,0,908,0,44,97,0,0,0,4,1,5,0
1212,1,195,salineros,328,300,3,2483,113,0,914,0,44,97,0,0,0,4,1,4,0
1212,1,196,salineros,328,300,3,2511,86,0,921,0,44,97,0,0,0,4,1,4,0
1212,1,197,salineros,336,300,3,2488,74,0,928,0,59,112,0,0,0,4,1,4,0
1212,1,198,salineros,336,300,3,2521,62,0,935,0,59,118,0,0,0,4,1,5,0
1212,1,199,salineros,336,300,3,2554,50,0,942,0,59,118,0,0,0,4,1,4,0
1212,1,200,salineros,335,300,3,2586,44,0,950,0,59,118,1,0,0,4,1,4,0
1212-2,1,1,arrieros,34,91,1,42,61,0,0,0,12,30,0,0,0,0,1,4,0
1212-2,1,2,arrieros,33,87,1,35,42,0,0,0,12,21,0,0,0,0,1,2,0
1212-2,1,3,arrieros,33,87,1,39,30,0,0,0,12,20,0,0,0,0,1,0,1
1212-2,1,4,arrieros,33,87,1,43,19,0,0,0,12,20,0,0,0,0,1,0,1
1212-2,1,5,arrieros,33,87,1,47,16,0,0,0,20,28,0,1,0,0,1,0,1
1212-2,1,6,arrieros,33,87,1,67,15,0,0,0,20,44,0,0,0,0,1,3,0
1212-2,1,7,arrieros,33,87,1,102,14,0,0,0,20,44,0,0,0,0,1,2,0
1212-2,1,8,arrieros,33,87,1,90,14,0,0,0,20,44,0,0,0,0,1,2,0
1212-2,1,9,arrieros,33,87,1,90,22,0,0,0,20,44,0,0,0,0,1,2,0
1212-2,1,10,arrieros,33,87,1,89,29,0,0,0,20,44,0,0,0,0,1,2,0
1212-2,1,11,arrieros,33,87,1,91,55,0,0,0,40,64,0,0,0,0,1,2,0
1212-2,1,12,arrieros,32,83,1,77,73,0,0,0,40,64,0,0,0,0,1,3,0
1212-2,1,13,arrieros,31,79,1,80,92,0,0,0,40,64,0,0,0,0,1,3,0
1212-2,1,14,arrieros,46,75,1,73,107,0,0,0,40,62,0,0,0,1,1,3,0
1212-2,1,15,arrieros,45,71,1,74,124,0,0,0,40,62,0,0,0,1,1,3,0
1212-2,1,16,arrieros,45,71,1,81,145,0,0,0,40,62,0,0,0,1,1,3,0
1212-2,1,17,arrieros,45,71,1,81,139,0,0,0,25,47,0,0,0,1,1,13,0
1212-2,1,18,arrieros,63,71,1,84,142,0,0,0,25,47,0,0,0,2,1,3,0
1212-2,1,19,arrieros,63,71,1,74,144,0,0,0,25,47,0,0,0,2,1,3,0
1212-2,1,20,arrieros,63,71,1,84,144,0,0,0,25,47,0,1,0,2,1,3,0
1212-2,1,21,arrieros,63,71,1,81,142,0,0,0,25,51,0,0,0,2,1,13,0
1212-2,1,22,arrieros,63,71,1,84,144,0,0,0,25,51,0,0,0,2,1,3,0
1212-2,1,23,arrieros,71,71,1,84,134,0,0,0,12,38,0,0,0,2,1,3,0
1212-2,1,24,arrieros,71,71,1,77,124,0,0,0,12,31,0,0,0,2,1,3,0
1212-2,1,25,arrieros,71,71,1,77,115,0,0,0,12,31,0,0,0,2,1,4,0
1212-2,1,26,arrieros,71,71,1,97,102,0,0,0,12,31,0,0,0,2,1,15,0
1212-2,1,27,arrieros,79,71,1,89,92,0,0,0,12,31,0,0,0,2,1,3,0
1212-2,1,28,arrieros,79,71,1,81,92,0,0,0,12,31,0,1,0,2,1,2,0
1212-2,1,29,arrieros,79,71,1,79,100,0,0,0,20,39,0,0,0,2,1,3,0
1212-2,1,30,arrieros,79,71,1,82,100,0,0,0,20,46,0,0,0,2,1,14,0
1212-2,1,31,arrieros,87,71,1,105,104,0,0,0,20,46,0,0,0,2,1,3,0
1212-2,1,32,arrieros,87,71,1,101,109,0,0,0,20,46,0,0,0,2,1,4,0
1212-2,1,33,arrieros,87,71,1,107,112,0,0,0,20,46,0,0,0,2,1,4,0
1212-2,1,34,arrieros,87,71,1,105,89,0,0,0,20,46,0,0,0,2,1,14,0
1212-2,1,35,arrieros,95,71,1,104,101,0,0,0,33,59,0,0,0,2,1,6,0
1212-2,1,36,arrieros,95,71,1,105,117,0,0,0,33,59,0,1,0,2,1,4,0
1212-2,1,37,arrieros,95,71,1,91,137,0,0,0,33,59,0,0,0,2,1,3,0
1212-2,1,38,arrieros,95,71,1,90,147,0,0,0,33,59,0,0,0,2,1,3,0
1212-2,1,39,arrieros,95,71,1,87,157,0,0,0,33,59,0,0,0,2,1,4,0
1212-2,1,40,arrieros,95,71,1,109,165,0,0,0,33,59,0,1,0,2,1,3,0
1212-2,1,41,arrieros,95,71,1,84,167,0,0,0,25,51,0,0,0,2,1,3,0
1212-2,1,42,arrieros,96,79,1,102,190,0,0,0,25,51,0,0,0,2,1,5,0
1212-2,1,43,arrieros,96,75,1,74,183,0,0,0,25,51,0,0,0,2,1,5,0
1212-2,1,44,arrieros,95,71,1,103,167,0,0,0,25,51,0,1,0,2,1,8,0
1212-2,1,45,arrieros,95,71,1,81,161,0,0,0,25,51,0,0,0,2,1,8,0
1212-2,1,46,arrieros,103,71,1,89,163,0,0,0,25,51,0,0,0,2,1,4,0
1212-2,1,47,arrieros,103,71,1,83,150,0,0,0,12,38,0,0,0,2,1,3,0
1212-2,1,48,arrieros,103,71,1,76,138,0,0,0,12,31,0,1,0,2,1,3,0
1212-2,1,49,arrieros,103,71,1,76,128,0,0,0,12,31,0,0,0,2,1,4,0
1212-2,1,50,arrieros,103,71,1,89,113,0,0,0,12,31,0,0,0,2,1,9,0
1212-2,1,51,arrieros,103,71,1,89,99,0,0,0,12,31,0,0,0,2,1,9,0
1212-2,1,52,arrieros,111,71,1,92,91,0,0,0,12,31,0,0,0,2,1,3,0
1212-2,1,53,arrieros,111,71,1,94,99,0,0,0,20,39,0,0,0,2,1,4,0
1212-2,1,54,arrieros,111,71,1,101,104,0,0,0,20,46,0,0,0,2,1,5,0
1212-2,1,55,arrieros,111,71,1,101,109,0,0,0,20,46,0,0,0,2,1,5,0
1212-2,1,56,arrieros,111,71,1,102,102,0,0,0,20,46,0,0,0,2,1,9,0
1212-2,1,57,arrieros,111,71,1,104,90,0,0,0,20,46,0,0,0,2,1,9,0
1212-2,1,58,arrieros,119,71,1,104,96,0,0,0,20,46,0,0,0,2,1,5,0
1212-2,1,59,arrieros,119,71,1,103,121,0,0,0,40,66,0,0,0,2,1,5,0
1212-2,1,60,arrieros,119,71,1,106,145,0,0,0,40,66,0,0,0,2,1,4,0
1212-2,1,61,arrieros,119,71,1,104,162,0,0,0,40,66,0,0,0,2,1,4,0
1212-2,1,62,arrieros,119,71,1,103,178,0,0,0,40,66,0,0,0,2,1,4,0
1212-2,1,63,arrieros,119,71,1,103,193,0,0,0,40,66,0,0,0,2,1,4,0
1212-2,1,64,arrieros,119,71,1,103,208,0,0,0,40,66,0,0,0,2,1,4,0
1212-2,1,65,arrieros,119,71,1,103,203,0,0,0,25,51,0,0,0,2,1,6,0
1212-2,1,66,arrieros,119,71,1,135,205,0,0,0,25,51,0,0,0,2,1,4,0
1212-2,1,67,arrieros,120,79,1,138,227,0,0,0,25,51,0,0,0,2,1,6,0
1212-2,1,68,arrieros,120,75,1,131,220,0,0,0,25,51,0,0,0,2,1,4,0
1212-2,1,69,arrieros,119,71,1,123,202,0,0,0,25,51,0,0,0,2,1,10,0
1212-2,1,70,arrieros,119,71,1,134,196,0,0,0,25,51,0,0,0,2,1,9,0
1212-2,1,71,arrieros,127,71,1,131,185,0,0,0,12,38,0,0,0,2,1,4,0
1212-2,1,72,arrieros,127,71,1,127,175,0,0,0,12,31,0,0,0,2,1,4,0
1212-2,1,73,arrieros,127,71,1,127,165,0,0,0,12,31,0,0,0,2,1,6,0
1212-2,1,74,arrieros,127,71,1,124,150,0,0,0,12,31,0,0,0,2,1,5,0
1212-2,1,75,arrieros,127,71,1,123,136,0,0,0,12,31,0,0,0,2,1,9,0
1212-2,1,76,arrieros,127,71,1,123,122,0,0,0,12,31,0,0,0,2,1,9,0
1212-2,1,77,arrieros,135,71,1,125,125,0,0,0,20,39,0,0,0,2,1,6,0
1212-2,1,78,arrieros,135,71,1,130,131,0,0,0,20,46,0,0,0,2,1,5,0
1212-2,1,79,arrieros,135,71,1,130,137,0,0,0,20,46,0,0,0,2,1,5,0
1212-2,1,80,arrieros,135,71,1,130,138,0,0,0,20,46,0,0,0,2,1,6,0
1212-2,1,81,arrieros,135,71,1,130,131,0,0,0,20,46,0,0,0,2,1,10,0
1212-2,1,82,arrieros,135,71,1,133,137,0,0,0,20,46,0,0,0,2,1,5,0
1212-2,1,83,arrieros,143,71,1,132,162,0,0,0,40,66,0,0,0,2,1,5,0
1212-2,1,84,arrieros,143,71,1,135,186,0,0,0,40,66,0,0,0,2,1,4,0
1212-2,1,85,arrieros,143,71,1,134,203,0,0,0,40,66,0,0,0,2,1,4,0
1212-2,1,86,arrieros,143,71,1,133,219,0,0,0,40,66,0,0,0,2,1,4,0
1212-2,1,87,arrieros,143,71,1,133,234,0,0,0,40,66,0,0,0,2,1,4,0
1212-2,1,88,arrieros,143,71,1,135,249,0,0,0,40,66,0,0,0,2,1,5,0
1212-2,1,89,arrieros,143,71,1,135,237,0,0,0,25,51,0,0,0,2,1,10,0
1212-2,1,90,arrieros,143,71,1,135,237,0,0,0,25,51,0,0,0,2,1,4,0
1212-2,1,91,arrieros,152,75,1,140,247,0,0,0,25,51,0,0,0,2,1,6,0
1212-2,1,92,arrieros,151,71,1,122,234,0,0,0,25,51,0,0,0,2,1,5,0
1212-2,1,93,arrieros,151,71,1,137,225,0,0,0,25,51,0,0,0,2,1,9,0
1212-2,1,94,arrieros,151,71,1,131,226,0,0,0,25,51,0,0,0,2,1,4,0
1212-2,1,95,arrieros,151,71,1,134,202,0,0,0,12,38,0,0,0,2,1,10,0
1212-2,1,96,arrieros,159,71,1,127,191,0,0,0,12,31,0,0,0,2,1,4,0
1212-2,1,97,arrieros,159,71,1,126,181,0,0,0,12,31,0,0,0,2,1,4,0
1212-2,1,98,arrieros,167,71,1,123,171,0,0,0,12,31,0,0,0,2,1,4,0
1212-2,1,99,arrieros,167,71,1,123,161,0,0,0,12,31,0,0,0,2,1,5,0
1212-2,1,100,arrieros,167,71,1,123,139,0,0,0,12,31,0,0,0,2,1,10,0
1212-2,1,101,arrieros,167,71,1,123,138,0,0,0,20,39,0,0,0,2,1,5,0
1212-2,1,102,arrieros,167,71,1,131,137,0,0,0,20,46,0,0,0,2,1,6,0
1212-2,1,103,arrieros,175,71,1,139,129,0,0,0,20,46,0,0,0,2,1,10,0
1212-2,1,104,arrieros,175,71,1,130,140,0,0,0,25,51,0,0,0,2,1,5,0
1212-2,1,105,arrieros,175,71,1,133,152,0,0,0,25,51,0,0,0,2,1,6,0
1212-2,1,106,arrieros,175,71,1,160,163,0,0,0,25,51,0,0,0,2,1,4,0
1212-2,1,107,arrieros,175,71,1,156,195,0,0,0,50,76,0,0,0,2,1,5,0
1212-2,1,108,arrieros,175,71,1,162,229,0,0,0,50,76,0,0,0,2,1,4,0
1212-2,1,109,arrieros,175,71,1,160,255,0,0,0,50,76,0,0,0,2,1,4,0
1212-2,1,110,arrieros,175,71,1,163,271,0,0,0,40,66,0,0,0,2,1,3,0
1212-2,1,111,arrieros,175,71,1,165,286,0,0,0,40,66,0,0,0,2,1,4,0
1212-2,1,112,arrieros,175,71,1,170,300,0,0,0,40,66,0,0,0,2,1,6,0
1212-2,1,113,arrieros,176,75,1,171,283,0,0,0,25,51,0,0,0,2,1,11,0
1212-2,1,114,arrieros,175,71,1,156,276,0,0,0,25,51,0,0,0,2,1,4,0
1212-2,1,115,arrieros,183,71,1,173,259,0,0,0,25,51,0,0,0,2,1,10,0
1212-2,1,116,arrieros,183,71,1,164,260,0,0,0,25,51,0,0,0,2,1,3,0
1212-2,1,117,arrieros,183,71,1,170,261,0,0,0,25,51,0,0,0,2,1,3,0
1212-2,1,118,arrieros,183,71,1,164,262,0,0,0,25,51,0,0,0,2,1,3,0
1212-2,1,119,arrieros,183,71,1,170,242,0,0,0,12,38,0,0,0,2,1,5,0
1212-2,1,120,arrieros,183,71,1,155,222,0,0,0,12,31,0,0,0,2,1,8,0
1212-2,1,121,arrieros,183,71,1,163,202,0,0,0,12,31,0,0,0,2,1,8,0
1212-2,1,122,arrieros,183,71,1,159,193,0,0,0,12,31,0,0,0,2,1,3,0
1212-2,1,123,arrieros,191,71,1,168,176,0,0,0,12,31,0,0,0,2,1,5,0
1212-2,1,124,arrieros,191,71,1,160,168,0,0,0,12,31,0,0,0,2,1,4,0
1212-2,1,125,arrieros,191,71,1,166,177,0,0,0,20,39,0,0,0,2,1,4,0
1212-2,1,126,arrieros,191,71,1,165,182,0,0,0,20,46,0,0,0,2,1,4,0
1212-2,1,127,arrieros,191,71,1,167,179,0,0,0,20,46,0,0,0,2,1,6,0
1212-2,1,128,arrieros,191,71,1,169,174,0,0,0,20,46,0,0,0,2,1,9,0
1212-2,1,129,arrieros,191,71,1,171,170,0,0,0,20,46,0,0,0,2,1,9,0
1212-2,1,130,arrieros,199,71,1,175,176,0,0,0,20,46,0,0,0,2,1,4,0
1212-2,1,131,arrieros,199,71,1,168,201,0,0,0,40,66,0,0,0,2,1,4,0
1212-2,1,132,arrieros,199,71,1,176,225,0,0,0,40,66,0,0,0,2,1,3,0
1212-2,1,133,arrieros,199,71,1,172,242,0,0,0,40,66,0,0,0,2,1,3,0
1212-2,1,134,arrieros,199,71,1,175,258,0,0,0,40,66,0,0,0,2,1,4,0
1212-2,1,135,arrieros,199,71,1,110,273,0,0,0,40,66,0,0,0,2,1,4,0
1212-2,1,136,arrieros,199,71,1,194,286,0,0,0,40,66,0,0,0,2,1,4,0
1212-2,1,137,arrieros,199,71,1,157,272,0,0,0,25,51,0,0,0,2,1,5,0
1212-2,1,138,arrieros,199,71,1,181,271,0,0,0,25,51,0,0,0,2,1,3,0
1212-2,1,139,arrieros,200,75,1,165,270,0,0,0,25,51,0,0,0,2,1,6,0
1212-2,1,140,arrieros,200,75,1,169,270,0,0,0,25,51,0,0,0,2,1,5,0
1212-2,1,141,arrieros,199,71,1,161,241,0,0,0,25,51,0,0,0,2,1,11,0
1212-2,1,142,arrieros,199,71,1,160,231,0,0,0,25,51,0,0,0,2,1,8,0
1212-2,1,143,arrieros,199,71,1,163,219,0,0,0,12,38,0,0,0,2,1,3,0
1212-2,1,144,arrieros,207,71,1,156,207,0,0,0,12,31,0,0,0,2,1,5,0
1212-2,1,145,arrieros,207,71,1,160,184,0,0,0,12,31,0,0,0,2,1,5,0
1212-2,1,146,arrieros,207,71,1,160,174,0,0,0,12,31,0,0,0,2,1,3,0
1212-2,1,147,arrieros,207,71,1,162,173,0,0,0,12,31,0,0,0,2,1,5,0
1212-2,1,148,arrieros,207,71,1,163,146,0,0,0,12,31,0,0,0,2,1,15,0
1212-2,1,149,arrieros,207,71,1,155,154,0,0,0,20,39,0,0,0,2,1,4,0
1212-2,1,150,arrieros,207,71,1,169,158,0,0,0,20,46,0,0,0,2,1,4,0
1212-2,1,151,arrieros,215,71,1,170,154,0,0,0,20,46,0,0,0,2,1,7,0
1212-2,1,152,arrieros,215,71,1,173,158,0,0,0,20,46,0,0,0,2,1,4,0
1212-2,1,153,arrieros,215,71,1,166,162,0,0,0,20,46,0,0,0,2,1,4,0
1212-2,1,154,arrieros,215,71,1,171,166,0,0,0,20,46,0,0,0,2,1,4,0
1212-2,1,155,arrieros,215,71,1,169,189,0,0,0,40,66,0,0,0,2,1,4,0
1212-2,1,156,arrieros,215,71,1,173,211,0,0,0,40,66,0,0,0,2,1,4,0
1212-2,1,157,arrieros,215,71,1,169,232,0,0,0,40,66,0,0,0,2,1,3,0
1212-2,1,158,arrieros,215,71,1,177,247,0,0,0,40,66,0,0,0,2,1,3,0
1212-2,1,159,arrieros,215,71,1,166,261,0,0,0,40,66,0,0,0,2,1,3,0
1212-2,1,160,arrieros,215,71,1,173,274,0,0,0,40,66,0,0,0,2,1,5,0
1212-2,1,161,arrieros,215,71,1,167,244,0,0,0,25,51,0,0,0,2,1,15,0
1212-2,1,162,arrieros,215,71,1,170,244,0,0,0,25,51,0,0,0,2,1,3,0
1212-2,1,163,arrieros,223,71,1,164,244,0,0,0,25,51,0,0,0,2,1,3,0
1212-2,1,164,arrieros,223,71,1,170,244,0,0,0,25,51,0,0,0,2,1,3,0
1212-2,1,165,arrieros,223,71,1,163,234,0,0,0,25,51,0,0,0,2,1,5,0
1212-2,1,166,arrieros,223,71,1,163,234,0,0,0,25,51,0,0,0,2,1,3,0
1212-2,1,167,arrieros,223,71,1,163,222,0,0,0,12,38,0,0,0,2,1,3,0
1212-2,1,168,arrieros,223,71,1,158,194,0,0,0,12,31,0,0,0,2,1,13,0
1212-2,1,169,arrieros,223,71,1,164,175,0,0,0,12,31,0,0,0,2,1,6,0
1212-2,1,170,arrieros,231,71,1,156,171,0,0,0,12,31,0,0,0,2,1,4,0
1212-2,1,171,arrieros,231,71,1,161,170,0,0,0,12,31,0,0,0,2,1,3,0
1212-2,1,172,arrieros,231,71,1,162,169,0,0,0,12,31,0,0,0,2,1,3,0
1212-2,1,173,arrieros,231,71,1,154,176,0,0,0,20,39,0,0,0,2,1,6,0
1212-2,1,174,arrieros,231,71,1,169,146,0,0,0,20,46,0,0,0,2,1,16,0
1212-2,1,175,arrieros,231,71,1,169,151,0,0,0,20,46,0,0,0,2,1,4,0
1212-2,1,176,arrieros,239,71,1,172,156,0,0,0,20,46,0,0,0,2,1,4,0
1212-2,1,177,arrieros,239,71,1,165,160,0,0,0,20,46,0,0,0,2,1,4,0
1212-2,1,178,arrieros,239,71,1,168,164,0,0,0,20,46,0,0,0,2,1,4,0
1212-2,1,179,arrieros,239,71,1,172,187,0,0,0,40,66,0,0,0,2,1,4,0
1212-2,1,180,arrieros,239,71,1,166,209,0,0,0,40,66,0,0,0,2,1,4,0
1212-2,1,181,arrieros,239,71,1,174,230,0,0,0,40,66,0,0,0,2,1,3,0
1212-2,1,182,arrieros,239,71,1,169,245,0,0,0,40,66,0,0,0,2,1,3,0
1212-2,1,183,arrieros,239,71,1,173,259,0,0,0,40,66,0,0,0,2,1,3,0
1212-2,1,184,arrieros,239,71,1,168,272,0,0,0,40,66,0,0,0,2,1,5,0
1212-2,1,185,arrieros,239,71,1,176,237,0,0,0,25,51,0,0,0,2,1,15,0
1212-2,1,186,arrieros,239,71,1,167,237,0,0,0,25,51,0,0,0,2,1,3,0
1212-2,1,187,arrieros,239,71,1,173,237,0,0,0,25,51,0,0,0,2,1,3,0
1212-2,1,188,arrieros,247,71,1,166,237,0,0,0,25,51,0,0,0,2,1,3,0
1212-2,1,189,arrieros,247,71,1,167,237,0,0,0,25,51,0,0,0,2,1,5,0
1212-2,1,190,arrieros,247,71,1,170,219,0,0,0,25,51,0,0,0,2,1,5,0
1212-2,1,191,arrieros,247,71,1,161,207,0,0,0,12,38,0,0,0,2,1,3,0
1212-2,1,192,arrieros,247,71,1,158,196,0,0,0,12,31,0,0,0,2,1,3,0
1212-2,1,193,arrieros,247,71,1,159,169,0,0,0,12,31,0,0,0,2,1,14,0
1212-2,1,194,arrieros,247,71,1,158,163,0,0,0,12,31,0,0,0,2,1,5,0
1212-2,1,195,arrieros,247,71,1,160,144,0,0,0,12,31,0,0,0,2,1,5,0
1212-2,1,196,arrieros,255,71,1,161,144,0,0,0,12,31,0,0,0,2,1,3,0
1212-2,1,197,arrieros,255,71,1,163,152,0,0,0,20,39,0,0,0,2,1,4,0
1212-2,1,198,arrieros,255,71,1,164,157,0,0,0,20,46,0,0,0,2,1,4,0
1212-2,1,199,arrieros,255,71,1,168,161,0,0,0,20,46,0,0,0,2,1,4,0
1212-2,1,200,arrieros,255,71,1,171,165,0,0,0,20,46,0,0,0,2,1,4,0
1212-2,1,1,canteros,39,116,1,88,53,0,0,0,15,45,0,0,0,0,1,4,0
1212-2,1,2,canteros,39,116,1,95,36,0,0,0,15,31,0,0,0,0,1,0,1
1212-2,1,3,canteros,39,116,1,102,20,0,0,0,15,31,0,1,0,0,1,0,1
1212-2,1,4,canteros,39,116,1,75,6,0,0,0,15,39,0,0,0,0,1,4,0
1212-2,1,5,canteros,38,116,1,89,7,0,0,0,17,41,1,0,0,0,1,2,0
1212-2,1,6,canteros,37,116,1,96,3,0,0,0,17,52,1,0,0,0,1,3,0
1212-2,1,7,canteros,35,113,1,93,4,0,0,0,17,52,1,0,0,0,1,3,0
1212-2,1,8,canteros,34,110,1,100,4,0,0,0,17,52,1,0,0,0,1,3,0
1212-2,1,9,canteros,32,107,1,99,4,0,0,0,17,52,1,0,0,0,1,3,0
1212-2,1,10,canteros,30,104,1,98,4,0,0,0,17,50,1,0,0,0,1,3,0
1212-2,1,11,canteros,30,104,1,97,25,0,0,0,43,75,0,0,0,0,1,3,0
1212-2,1,12,canteros,30,104,1,96,45,0,0,0,43,75,0,0,0,0,1,3,0
1212-2,1,13,canteros,30,104,1,96,64,0,0,0,43,75,0,0,0,0,1,3,0
1212-2,1,14,canteros,30,100,1,77,73,0,0,0,43,75,0,0,0,0,1,4,0
1212-2,1,15,canteros,44,96,1,75,87,0,0,0,48,81,0,0,0,1,1,3,0
1212-2,1,16,canteros,44,96,1,90,111,0,0,0,48,79,0,0,0,1,1,2,0
1212-2,1,17,canteros,44,96,1,87,112,0,0,0,30,61,0,0,0,1,1,7,0
1212-2,1,18,canteros,62,96,1,93,121,0,0,0,30,60,0,0,0,2,1,2,0
1212-2,1,19,canteros,62,96,1,93,128,0,0,0,30,60,0,0,0,2,1,2,0
1212-2,1,20,canteros,62,96,1,94,136,0,0,0,30,60,0,0,0,2,1,2,0
1212-2,1,21,canteros,62,96,1,95,142,0,0,0,30,60,0,0,0,2,1,7,0
1212-2,1,22,canteros,62,96,1,95,150,0,0,0,30,60,0,0,0,2,1,3,0
1212-2,1,23,canteros,70,96,1,103,138,0,0,0,15,45,0,0,0,2,1,2,0
1212-2,1,24,canteros,70,96,1,98,124,0,0,0,15,36,0,0,0,2,1,2,0
1212-2,1,25,canteros,70,96,1,82,117,0,0,0,15,36,0,0,0,2,1,2,0
1212-2,1,26,canteros,70,96,1,86,111,0,0,0,15,36,0,0,0,2,1,7,0
1212-2,1,27,canteros,78,96,1,80,103,0,0,0,15,36,0,0,0,2,1,2,0
1212-2,1,28,canteros,78,96,1,83,97,0,0,0,15,36,0,0,0,2,1,2,0
1212-2,1,29,canteros,78,96,1,80,98,0,0,0,24,45,0,0,0,2,1,2,0
1212-2,1,30,canteros,78,96,1,91,98,0,0,0,24,54,0,0,0,2,1,7,0
1212-2,1,31,canteros,86,96,1,89,99,0,0,0,24,54,0,0,0,2,1,2,0
1212-2,1,32,canteros,86,96,1,93,103,0,0,0,24,54,0,0,0,2,1,2,0
1212-2,1,33,canteros,86,96,1,96,106,0,0,0,24,54,0,0,0,2,1,2,0
1212-2,1,34,canteros,86,96,1,99,109,0,0,0,24,54,0,0,0,2,1,2,0
1212-2,1,35,canteros,86,96,1,113,135,0,0,0,48,77,0,0,0,2,1,3,0
1212-2,1,36,canteros,86,96,1,6,157,0,0,0,48,77,0,0,0,2,1,5,0
1212-2,1,37,canteros,86,96,1,74,176,0,0,0,48,77,0,0,0,2,1,1,0
1212-2,1,38,canteros,86,96,1,84,191,0,0,0,48,77,0,0,0,2,1,2,0
1212-2,1,39,canteros,86,96,1,85,205,0,0,0,48,77,0,0,0,2,1,2,0
1212-2,1,40,canteros,86,96,1,84,218,0,0,0,48,77,0,0,0,2,1,2,0
1212-2,1,41,canteros,86,96,1,83,210,0,0,0,30,59,0,0,0,2,1,7,0
1212-2,1,42,canteros,86,96,1,88,206,0,0,0,30,59,0,0,0,2,1,2,0
1212-2,1,43,canteros,94,96,1,85,202,0,0,0,30,59,0,0,0,2,1,2,0
1212-2,1,44,canteros,94,96,1,85,198,0,0,0,30,59,0,0,0,2,1,2,0
1212-2,1,45,canteros,94,96,1,83,194,0,0,0,30,59,0,0,0,2,1,2,0
1212-2,1,46,canteros,94,96,1,87,191,0,0,0,30,59,0,0,0,2,1,2,0
1212-2,1,47,canteros,94,96,1,84,173,0,0,0,15,44,0,0,0,2,1,2,0
1212-2,1,48,canteros,94,96,1,73,152,0,0,0,15,35,0,0,0,2,1,7,0
1212-2,1,49,canteros,94,96,1,73,133,0,0,0,12,32,0,0,0,2,1,2,0
1212-2,1,50,canteros,102,96,1,77,118,0,0,0,12,32,0,0,0,2,1,2,0
1212-2,1,51,canteros,102,96,1,77,103,0,0,0,12,32,0,0,0,2,1,2,0
1212-2,1,52,canteros,102,96,1,78,90,0,0,0,12,31,0,0,0,2,1,2,0
1212-2,1,53,canteros,102,96,1,79,89,0,0,0,24,43,0,0,0,2,1,2,0
1212-2,1,54,canteros,102,96,1,89,84,0,0,0,24,52,0,0,0,2,1,7,0
1212-2,1,55,canteros,102,96,1,87,83,0,0,0,24,52,0,0,0,2,1,3,0
1212-2,1,56,canteros,110,96,1,89,82,0,0,0,24,52,0,0,0,2,1,3,0
1212-2,1,57,canteros,110,96,1,88,81,0,0,0,24,52,0,0,0,2,1,3,0
1212-2,1,58,canteros,110,96,1,96,80,0,0,0,24,52,0,0,0,2,1,3,0
1212-2,1,59,canteros,110,96,1,84,102,0,0,0,48,76,0,0,0,2,1,3,0
1212-2,1,60,canteros,110,96,1,94,124,0,0,0,48,76,0,0,0,2,1,3,0
1212-2,1,61,canteros,110,96,1,88,145,0,0,0,48,76,0,0,0,2,1,3,0
1212-2,1,62,canteros,110,96,1,96,165,0,0,0,48,76,0,0,0,2,1,3,0
1212-2,1,63,canteros,110,96,1,88,184,0,0,0,48,76,0,0,0,2,1,2,0
1212-2,1,64,canteros,110,96,1,90,198,0,0,0,48,76,0,0,0,2,1,2,0
1212-2,1,65,canteros,110,96,1,82,190,0,0,0,30,58,0,0,0,2,1,7,0
1212-2,1,66,canteros,110,96,1,88,187,0,0,0,30,58,0,0,0,2,1,2,0
1212-2,1,67,canteros,118,96,1,86,184,0,0,0,30,58,0,0,0,2,1,2,0
1212-2,1,68,canteros,118,96,1,84,181,0,0,0,30,58,0,0,0,2,1,2,0
1212-2,1,69,canteros,328,96,1,86,178,0,0,0,30,58,0,1,1,3,1,2,0
1212-2,1,70,canteros,328,96,1,90,177,0,0,0,30,58,0,0,0,3,1,3,0
1212-2,1,71,canteros,328,96,1,88,158,0,0,0,11,39,0,0,0,3,1,2,0
1212-2,1,72,canteros,328,96,1,88,136,0,0,0,11,30,0,0,0,3,1,7,0
1212-2,1,73,canteros,328,96,1,84,120,0,0,0,13,32,0,0,0,3,1,2,0
1212-2,1,74,canteros,336,96,1,84,111,0,0,0,13,32,0,0,0,3,1,2,0
1212-2,1,75,canteros,336,96,1,82,101,0,0,0,13,32,0,0,0,3,1,2,0
1212-2,1,76,canteros,336,96,1,80,92,0,0,0,13,32,0,0,0,3,1,2,0
1212-2,1,77,canteros,336,96,1,82,91,0,0,0,21,40,0,0,0,3,1,2,0
1212-2,1,78,canteros,336,96,1,92,85,0,0,0,21,49,0,0,0,3,1,7,0
1212-2,1,79,canteros,336,96,1,90,83,0,0,0,21,49,0,0,0,3,1,3,0
1212-2,1,80,canteros,344,96,1,93,81,0,0,0,21,49,0,0,0,3,1,3,0
1212-2,1,81,canteros,344,96,1,96,79,0,0,0,21,49,0,0,0,3,1,3,0
1212-2,1,82,canteros,344,96,1,105,77,0,0,0,21,49,0,0,0,3,1,3,0
1212-2,1,83,canteros,344,96,1,105,97,0,0,0,43,71,0,0,0,3,1,2,0
1212-2,1,84,canteros,344,96,1,107,119,0,0,0,43,71,0,0,0,3,1,2,0
1212-2,1,85,canteros,344,96,1,109,140,0,0,0,43,71,0,0,0,3,1,2,0
1212-2,1,86,canteros,344,96,1,96,160,0,0,0,43,71,0,0,0,3,1,3,0
1212-2,1,87,canteros,344,96,1,123,176,0,0,0,43,71,0,0,0,3,1,2,0
1212-2,1,88,canteros,344,96,1,120,188,0,0,0,43,71,0,0,0,3,1,2,0
1212-2,1,89,canteros,344,96,1,193,180,0,0,0,27,55,0,0,0,3,1,6,0
1212-2,1,90,canteros,344,96,1,215,176,0,0,0,27,55,0,0,0,3,1,0,1
1212-2,1,91,canteros,352,96,1,237,172,0,0,0,27,55,0,0,0,3,1,0,1
1212-2,1,92,canteros,352,96,1,259,168,0,0,0,27,55,0,0,0,3,1,0,1
1212-2,1,93,canteros,352,96,1,281,165,0,0,0,27,55,0,0,0,3,1,0,1
1212-2,1,94,canteros,352,96,1,303,162,0,0,0,27,55,0,0,0,3,1,0,1
1212-2,1,95,canteros,352,96,1,325,145,0,0,0,13,41,0,0,0,3,1,0,1
1212-2,1,96,canteros,352,96,1,338,125,0,0,0,13,32,0,0,0,3,1,5,0
1212-2,1,97,canteros,352,96,1,310,110,0,0,0,13,32,0,0,0,3,1,2,0
1212-2,1,98,canteros,360,96,1,294,106,0,0,0,13,32,0,0,0,3,1,2,0
1212-2,1,99,canteros,360,96,1,277,102,0,0,0,13,32,0,0,0,3,1,2,0
1212-2,1,100,canteros,360,96,1,264,98,0,0,0,13,32,0,0,0,3,1,2,0
1212-2,1,101,canteros,360,96,1,211,102,0,0,0,21,40,0,0,0,3,1,3,0
1212-2,1,102,canteros,360,96,1,213,99,0,0,0,21,49,0,0,0,3,1,8,0
1212-2,1,103,canteros,360,96,1,215,100,0,0,0,21,49,0,0,0,3,1,3,0
1212-2,1,104,canteros,368,96,1,216,101,0,0,0,21,49,0,0,0,3,1,3,0
1212-2,1,105,canteros,368,96,1,217,102,0,0,0,21,49,0,0,0,3,1,3,0
1212-2,1,106,canteros,368,96,1,217,103,0,0,0,21,49,0,0,0,3,1,3,0
1212-2,1,107,canteros,368,96,1,220,125,0,0,0,43,71,0,0,0,3,1,3,0
1212-2,1,108,canteros,368,96,1,223,146,0,0,0,43,71,0,0,0,3,1,3,0
1212-2,1,109,canteros,368,96,1,254,166,0,0,0,43,71,0,0,0,3,1,2,0
1212-2,1,110,canteros,368,96,1,276,178,0,0,0,43,71,0,0,0,3,1,2,0
1212-2,1,111,canteros,368,96,1,298,190,0,0,0,43,71,0,0,0,3,1,2,0
1212-2,1,112,canteros,368,96,1,320,201,0,0,0,43,71,0,0,0,3,1,2,0
1212-2,1,113,canteros,368,96,1,393,191,0,0,0,27,55,0,0,0,3,1,6,0
1212-2,1,114,canteros,368,96,1,415,187,0,0,0,27,55,0,0,0,3,1,0,1
1212-2,1,115,canteros,368,96,1,437,183,0,0,0,27,55,0,0,0,3,1,0,1
1212-2,1,116,canteros,376,96,1,459,179,0,0,0,27,55,0,0,0,3,1,0,1
1212-2,1,117,canteros,376,96,1,481,175,0,0,0,27,55,0,0,0,3,1,0,1
1212-2,1,118,canteros,376,96,1,503,171,0,0,0,27,55,0,0,0,3,1,0,1
1212-2,1,119,canteros,376,96,1,525,154,0,0,0,13,41,0,0,0,3,1,0,1
1212-2,1,120,canteros,376,96,1,538,138,0,0,0,13,32,0,0,0,3,1,0,1
1212-2,1,121,canteros,376,96,1,526,117,0,0,0,13,32,0,0,0,3,1,7,0
1212-2,1,122,canteros,376,96,1,506,108,0,0,0,13,32,0,0,0,3,1,2,0
1212-2,1,123,canteros,376,96,1,490,104,0,0,0,13,32,0,0,0,3,1,2,0
1212-2,1,124,canteros,384,96,1,473,100,0,0,0,13,32,0,0,0,3,1,2,0
1212-2,1,125,canteros,384,96,1,421,104,0,0,0,21,40,0,0,0,3,1,3,0
1212-2,1,126,canteros,384,96,1,424,104,0,0,0,21,49,0,0,0,3,1,3,0
1212-2,1,127,canteros,384,96,1,426,104,0,0,0,21,49,0,0,0,3,1,3,0
1212-2,1,128,canteros,384,96,1,428,104,0,0,0,21,49,0,0,0,3,1,3,0
1212-2,1,129,canteros,384,96,1,429,104,0,0,0,21,49,0,0,0,3,1,3,0
1212-2,1,130,canteros,384,96,1,430,99,0,0,0,15,43,0,0,0,3,1,3,0
1212-2,1,131,canteros,384,96,1,431,108,0,0,0,30,58,0,0,0,3,1,3,0
1212-2,1,132,canteros,384,96,1,435,117,0,0,0,30,58,0,0,0,3,1,3,0
1212-2,1,133,canteros,384,96,1,438,126,0,0,0,30,58,0,0,0,3,1,3,0
1212-2,1,134,canteros,384,96,1,440,134,0,0,0,30,58,0,0,0,3,1,3,0
1212-2,1,135,canteros,384,96,1,442,142,0,0,0,30,58,0,0,0,3,1,3,0
1212-2,1,136,canteros,384,96,1,463,162,0,0,0,43,71,0,0,0,3,1,3,0
1212-2,1,137,canteros,384,96,1,539,155,0,0,0,27,55,0,0,0,3,1,6,0
1212-2,1,138,canteros,384,96,1,561,152,0,0,0,27,55,0,0,0,3,1,0,1
1212-2,1,139,canteros,384,96,1,583,149,0,0,0,27,55,0,0,0,3,1,0,1
1212-2,1,140,canteros,392,96,1,605,146,0,0,0,27,55,0,0,0,3,1,0,1
1212-2,1,141,canteros,392,96,1,627,144,0,0,0,27,55,0,0,0,3,1,0,1
1212-2,1,142,canteros,392,96,1,649,142,0,0,0,27,55,0,0,0,3,1,2,0
1212-2,1,143,canteros,392,96,1,653,88,0,0,0,13,41,0,0,0,3,1,3,0
1212-2,1,144,canteros,392,96,1,640,76,0,0,0,13,32,0,0,0,3,1,3,0
1212-2,1,145,canteros,426,126,2,647,62,0,0,0,13,32,0,0,0,4,1,8,0
1212-2,1,146,canteros,426,126,2,624,50,0,0,0,13,38,0,0,0,4,1,3,0
1212-2,1,147,canteros,426,126,2,605,39,0,0,0,13,38,0,1,0,4,1,5,0
1212-2,1,148,canteros,426,126,2,602,27,0,0,0,15,40,0,0,0,4,1,4,0
1212-2,1,149,canteros,426,126,2,548,24,0,0,0,24,49,0,0,0,4,1,4,0
1212-2,1,150,canteros,434,126,2,537,21,0,0,0,24,58,0,0,0,4,1,5,0
1212-2,1,151,canteros,434,126,2,543,13,0,0,0,24,58,0,0,0,4,1,6,0
1212-2,1,152,canteros,434,126,2,546,8,0,0,0,24,58,0,1,0,4,1,5,0
1212-2,1,153,canteros,434,126,2,541,2,0,0,0,24,62,0,0,0,4,1,4,0
1212-2,1,154,canteros,433,126,2,530,4,0,0,0,24,62,1,1,0,4,1,4,0
1212-2,1,155,canteros,433,126,2,532,27,0,0,0,50,94,0,0,0,4,1,5,0
1212-2,1,156,canteros,433,127,2,555,46,0,0,0,50,94,0,0,0,4,1,4,0
1212-2,1,157,canteros,433,128,2,577,67,0,0,0,50,94,0,0,0,4,1,5,0
1212-2,1,158,canteros,433,129,2,600,86,0,0,0,50,90,0,0,0,4,1,4,0
1212-2,1,159,canteros,434,130,2,622,104,0,0,0,50,90,0,0,0,4,1,4,0
1212-2,1,160,canteros,434,131,2,644,122,0,0,0,50,90,0,0,0,4,1,4,0
1212-2,1,161,canteros,434,131,2,705,116,0,0,0,31,70,0,0,0,4,1,8,0
1212-2,1,162,canteros,434,131,2,658,118,0,0,0,31,70,0,0,0,4,1,4,0
1212-2,1,163,canteros,434,131,2,656,119,0,0,0,32,73,0,0,0,4,1,2,0
1212-2,1,164,canteros,442,131,2,639,123,0,0,0,32,73,0,0,0,4,1,2,0
1212-2,1,165,canteros,442,131,2,624,127,0,0,0,32,73,0,0,0,4,1,3,0
1212-2,1,166,canteros,442,131,2,610,130,0,0,0,32,75,0,0,0,4,1,2,0
1212-2,1,167,canteros,442,131,2,591,117,0,0,0,15,58,0,0,0,4,1,2,0
1212-2,1,168,canteros,442,131,2,572,105,0,0,0,15,49,0,0,0,4,1,2,0
1212-2,1,169,canteros,442,131,2,547,87,0,0,0,15,49,0,0,0,4,1,7,0
1212-2,1,170,canteros,442,131,2,526,76,0,0,0,15,48,0,0,0,4,1,2,0
1212-2,1,171,canteros,442,131,2,504,65,0,0,0,15,48,0,0,0,4,1,2,0
1212-2,1,172,canteros,450,131,2,476,55,0,0,0,15,48,0,0,0,4,1,2,0
1212-2,1,173,canteros,450,131,2,418,55,0,0,0,25,58,0,0,0,4,1,3,0
1212-2,1,174,canteros,450,131,2,415,52,0,0,0,25,67,0,0,0,4,1,3,0
1212-2,1,175,canteros,450,131,2,406,49,0,0,0,25,67,0,0,0,4,1,3,0
1212-2,1,176,canteros,450,131,2,402,46,0,0,0,25,67,0,0,0,4,1,3,0
1212-2,1,177,canteros,450,131,2,397,43,0,0,0,25,67,0,0,0,4,1,3,0
1212-2,1,178,canteros,450,131,2,387,40,0,0,0,25,67,0,0,0,4,1,3,0
1212-2,1,179,canteros,450,132,2,382,62,0,0,0,51,93,0,0,0,4,1,3,0
1212-2,1,180,canteros,450,133,2,380,82,0,0,0,51,93,0,0,0,4,1,3,0
1212-2,1,181,canteros,450,134,2,374,102,0,0,0,51,93,0,0,0,4,1,3,0
1212-2,1,182,canteros,451,135,2,370,121,0,0,0,51,93,0,0,0,4,1,3,0
1212-2,1,183,canteros,451,136,2,366,139,0,0,0,51,93,0,0,0,4,1,3,0
1212-2,1,184,canteros,451,138,2,357,155,0,0,0,51,94,0,0,0,4,1,3,0
1212-2,1,185,canteros,451,138,2,392,146,0,0,0,32,75,0,0,0,4,1,7,0
1212-2,1,186,canteros,451,138,2,378,147,0,0,0,32,75,0,0,0,4,1,2,0
1212-2,1,187,canteros,451,138,2,364,148,0,0,0,32,75,0,0,0,4,1,2,0
1212-2,1,188,canteros,459,138,2,353,149,0,0,0,32,75,0,0,0,4,1,2,0
1212-2,1,189,canteros,459,138,2,341,150,0,0,0,32,75,0,0,0,4,1,2,0
1212-2,1,190,canteros,459,138,2,324,151,0,0,0,32,75,0,0,0,4,1,2,0
1212-2,1,191,canteros,459,138,2,310,135,0,0,0,15,57,0,0,0,4,1,2,0
1212-2,1,192,canteros,459,138,2,292,120,0,0,0,15,48,0,0,0,4,1,2,0
1212-2,1,193,canteros,459,138,2,268,106,0,0,0,15,48,0,0,0,4,1,2,0
1212-2,1,194,canteros,459,138,2,248,86,0,0,0,15,48,0,0,0,4,1,7,0
1212-2,1,195,canteros,579,138,2,224,73,0,0,0,15,48,0,1,1,4,1,2,0
1212-2,1,196,canteros,579,138,2,202,62,0,0,0,15,48,0,0,0,4,1,2,0
1212-2,1,197,canteros,587,138,2,144,61,0,0,0,25,58,0,0,0,4,1,3,0
1212-2,1,198,canteros,587,138,2,142,57,0,0,0,25,67,0,0,0,4,1,3,0
1212-2,1,199,canteros,587,138,2,139,54,0,0,0,25,67,0,0,0,4,1,3,0
1212-2,1,200,canteros,587,138,2,161,51,0,0,0,25,67,0,0,0,4,1,3,0
1212-2,1,1,ferrones,33,86,1,390,62,0,14,0,15,33,0,0,0,0,1,4,0
1212-2,1,2,ferrones,32,82,1,374,44,0,9,0,15,23,0,0,0,0,1,2,0
1212-2,1,3,ferrones,32,82,1,378,37,0,4,0,15,23,0,0,0,0,1,0,1
1212-2,1,4,ferrones,32,82,1,382,29,0,0,0,15,23,0,0,0,0,1,0,1
1212-2,1,5,ferrones,32,82,1,386,11,0,0,0,4,12,0,1,0,0,1,0,1
1212-2,1,6,ferrones,31,82,1,312,0,0,0,0,4,28,1,0,0,0,1,6,0
1212-2,1,7,ferrones,30,82,1,301,3,0,0,0,4,28,1,0,0,0,1,5,0
1212-2,1,8,ferrones,29,80,1,296,3,0,0,0,4,28,1,0,0,0,1,5,0
1212-2,1,9,ferrones,27,78,1,224,3,0,2,0,4,28,1,0,0,0,1,4,0
1212-2,1,10,ferrones,26,76,1,243,4,0,0,0,10,32,1,0,0,0,1,3,0
1212-2,1,11,ferrones,24,74,1,179,7,0,0,0,9,31,1,0,0,0,1,4,0
1212-2,1,12,ferrones,23,72,1,161,4,0,0,0,8,30,1,0,0,0,1,4,0
1212-2,1,13,ferrones,22,70,1,143,4,0,0,0,8,30,1,0,0,0,1,4,0
1212-2,1,14,ferrones,20,68,1,150,4,0,0,0,7,29,1,0,0,0,1,5,0
1212-2,1,15,ferrones,19,66,1,125,4,0,0,0,7,19,1,0,0,0,1,4,0
1212-2,1,16,ferrones,18,65,1,126,4,0,0,0,7,19,1,0,0,0,1,3,0
1212-2,1,17,ferrones,16,64,1,86,4,0,0,0,4,16,1,0,0,0,1,3,0
1212-2,1,18,ferrones,15,63,1,90,7,0,0,0,3,15,1,0,0,0,1,2,0
1212-2,1,19,ferrones,14,62,1,76,5,0,0,0,3,15,1,0,0,0,1,2,0
1212-2,1,20,ferrones,13,61,1,79,6,0,0,0,3,15,1,0,0,0,1,2,0
1212-2,1,21,ferrones,12,60,1,77,3,0,0,0,3,15,1,0,0,0,1,2,0
1212-2,1,22,ferrones,10,59,1,75,3,0,0,0,3,15,1,0,0,0,1,2,0
1212-2,1,23,ferrones,9,58,1,72,3,0,0,0,1,12,1,0,0,0,1,2,0
1212-2,1,24,ferrones,8,57,1,74,3,0,0,0,1,12,1,0,0,0,1,2,0
1212-2,1,25,ferrones,7,56,1,74,2,0,0,0,1,12,1,0,0,0,1,2,0
1212-2,1,26,ferrones,6,55,1,74,2,0,0,0,1,12,1,0,0,0,1,2,0
1212-2,1,27,ferrones,4,54,1,74,2,0,0,0,1,12,1,0,0,0,1,2,0
1212-2,1,28,ferrones,3,53,1,74,2,0,0,0,1,12,1,0,0,0,1,2,0
1212-2,1,29,ferrones,2,52,1,74,2,0,0,0,2,13,1,0,0,0,1,2,0
1212-2,1,30,ferrones,1,51,1,78,2,0,0,0,2,17,1,0,0,0,1,3,0
1212-2,1,31,ferrones,0,50,1,73,2,0,0,0,2,13,1,0,0,0,1,2,0
1212-2,1,32,ferrones,-2,49,1,75,3,0,0,0,2,13,1,0,0,0,1,2,0
1212-2,1,33,ferrones,-3,48,1,69,2,0,0,0,2,12,1,0,0,0,1,2,0
1212-2,1,34,ferrones,-4,47,1,75,3,0,0,0,2,12,1,0,0,0,1,2,0
1212-2,1,35,ferrones,-5,46,1,68,1,0,0,0,5,15,1,0,0,0,1,2,0
1212-2,1,36,ferrones,-6,45,1,74,3,0,0,0,5,15,1,0,0,0,1,2,0
1212-2,1,37,ferrones,-8,44,1,72,1,0,0,0,5,15,1,0,0,0,1,2,0
1212-2,1,38,ferrones,-9,43,1,71,2,0,0,0,5,15,1,0,0,0,1,2,0
1212-2,1,39,ferrones,-10,42,1,70,2,0,0,0,5,15,1,0,0,0,1,2,0
1212-2,1,40,ferrones,-11,41,1,69,2,0,0,0,5,15,1,0,0,0,1,2,0
1212-2,1,41,ferrones,-12,40,1,73,2,0,0,0,3,13,1,0,0,0,1,2,0
1212-2,1,42,ferrones,-14,39,1,71,1,0,0,0,3,13,1,0,0,0,1,2,0
1212-2,1,43,ferrones,-15,38,1,70,2,0,0,0,3,13,1,0,0,0,1,2,0
1212-2,1,44,ferrones,-16,37,1,69,2,0,0,0,3,13,1,0,0,0,1,2,0
1212-2,1,45,ferrones,-17,36,1,73,2,0,0,0,3,13,1,0,0,0,1,2,0
1212-2,1,46,ferrones,-18,35,1,71,1,0,0,0,3,13,1,0,0,0,1,2,0
1212-2,1,47,ferrones,-20,34,1,70,2,0,0,0,1,11,1,0,0,0,1,2,0
1212-2,1,48,ferrones,-21,33,1,69,2,0,0,0,1,11,1,0,0,0,1,2,0
1212-2,1,49,ferrones,-22,32,1,73,2,0,0,0,1,11,1,0,0,0,1,2,0
1212-2,1,50,ferrones,-23,31,1,71,1,0,0,0,1,11,1,0,0,0,1,2,0
1212-2,1,51,ferrones,-24,30,1,70,2,0,0,0,1,11,1,0,0,0,1,2,0
1212-2,1,52,ferrones,-26,29,1,69,2,0,0,0,1,11,1,0,0,0,1,2,0
1212-2,1,53,ferrones,-27,28,1,72,2,0,0,0,2,11,1,0,0,0,1,2,0
1212-2,1,54,ferrones,-28,27,1,70,1,0,0,0,2,12,1,0,0,0,1,3,0
1212-2,1,55,ferrones,-29,26,1,68,2,0,0,0,2,11,1,0,0,0,1,2,0
1212-2,1,56,ferrones,-30,25,1,71,2,0,0,0,2,11,1,0,0,0,1,2,0
1212-2,1,57,ferrones,-32,24,1,68,1,0,0,0,2,11,1,0,0,0,1,2,0
1212-2,1,58,ferrones,-33,23,1,71,2,0,0,0,2,11,1,0,0,0,1,2,0
1212-2,1,59,ferrones,-33,23,1,58,3,0,0,0,5,14,0,0,0,0,1,2,0
1212-2,1,60,ferrones,-33,23,1,66,3,0,0,0,5,14,0,1,0,0,1,1,0
1212-2,1,61,ferrones,-33,23,1,57,2,0,0,0,4,15,0,0,0,0,1,3,0
1212-2,1,62,ferrones,-33,23,1,64,1,0,0,0,5,16,0,1,0,0,1,2,0
1212-2,1,63,ferrones,-33,23,1,77,0,0,0,0,4,15,0,1,0,0,1,0,1
1212-2,1,64,ferrones,-33,23,1,38,0,0,0,0,5,16,0,0,0,0,1,3,0
1212-2,1,65,ferrones,-34,23,1,48,3,0,0,0,3,14,1,0,0,0,1,1,0
1212-2,1,66,ferrones,-35,23,1,54,0,0,0,0,3,14,1,0,0,0,1,0,1
1212-2,1,67,ferrones,-36,22,1,60,0,0,0,0,3,14,1,1,0,0,1,0,1
1212-2,1,68,ferrones,-37,21,1,66,0,0,0,1,2,13,1,0,0,0,1,0,1
1212-2,1,69,ferrones,-38,20,1,67,0,0,0,2,2,13,1,0,0,0,1,2,0
1212-2,1,70,ferrones,-40,19,1,69,1,0,0,2,2,12,1,0,0,0,1,2,0
1212-2,1,71,ferrones,-41,18,1,70,1,0,0,2,0,9,1,0,0,0,1,2,0
1212-2,1,72,ferrones,-42,17,1,66,1,0,0,2,0,9,1,0,0,0,1,2,0
1212-2,1,73,ferrones,-43,16,1,69,2,0,0,2,0,9,1,0,0,0,1,2,0
1212-2,1,74,ferrones,-44,15,1,70,1,0,0,2,0,9,1,0,0,0,1,2,0
1212-2,1,75,ferrones,-46,14,1,66,1,0,0,2,0,9,1,0,0,0,1,2,0
1212-2,1,76,ferrones,-47,13,1,69,2,0,0,2,0,9,1,0,0,0,1,2,0
1212-2,1,77,ferrones,-48,12,1,70,1,0,0,2,0,8,1,0,0,0,1,2,0
1212-2,1,78,ferrones,-49,11,1,67,1,0,0,2,0,9,1,0,0,0,1,3,0
1212-2,1,79,ferrones,-50,10,1,70,2,0,0,2,0,8,1,0,0,0,1,2,0
1212-2,1,80,ferrones,-50,10,1,66,1,0,0,2,0,8,0,0,0,0,1,2,0
1212-2,1,81,ferrones,-51,10,1,69,2,0,0,2,0,8,1,0,0,0,1,2,0
1212-2,1,82,ferrones,-51,10,1,70,1,0,0,2,0,8,0,0,0,0,1,2,0
1212-2,1,83,ferrones,-51,10,1,66,1,0,0,2,1,9,0,0,0,0,1,2,0
1212-2,1,84,ferrones,-51,10,1,69,2,0,0,2,1,9,0,0,0,0,1,2,0
1212-2,1,85,ferrones,-51,10,1,70,2,0,0,2,1,9,0,0,0,0,1,2,0
1212-2,1,86,ferrones,-51,10,1,66,2,0,0,2,1,9,0,0,0,0,1,2,0
1212-2,1,87,ferrones,-51,10,1,69,3,0,0,2,1,9,0,0,0,0,1,2,0
1212-2,1,88,ferrones,-51,10,1,70,4,0,0,2,2,11,0,0,0,0,1,2,0
1212-2,1,89,ferrones,-51,10,1,66,4,0,0,2,1,10,0,0,0,0,1,2,0
1212-2,1,90,ferrones,-51,10,1,69,5,0,0,2,1,10,0,0,0,0,1,2,0
1212-2,1,91,ferrones,-51,10,1,70,5,0,0,2,1,10,0,0,0,0,1,2,0
1212-2,1,92,ferrones,-51,10,1,66,5,0,0,2,1,10,0,0,0,0,1,2,0
1212-2,1,93,ferrones,-51,10,1,69,6,0,0,2,1,10,0,0,0,0,1,2,0
1212-2,1,94,ferrones,-51,10,1,70,6,0,0,2,1,10,0,0,0,0,1,2,0
1212-2,1,95,ferrones,-51,10,1,66,5,0,0,2,0,9,0,0,0,0,1,2,0
1212-2,1,96,ferrones,-51,10,1,69,5,0,0,2,0,9,0,0,0,0,1,2,0
1212-2,1,97,ferrones,-51,10,1,70,4,0,0,2,0,9,0,0,0,0,1,2,0
1212-2,1,98,ferrones,-51,10,1,66,3,0,0,2,0,9,0,0,0,0,1,2,0
1212-2,1,99,ferrones,-51,10,1,69,3,0,0,2,0,9,0,0,0,0,1,2,0
1212-2,1,100,ferrones,-51,10,1,70,2,0,0,2,0,9,0,0,0,0,1,2,0
1212-2,1,101,ferrones,-51,10,1,66,2,0,0,2,1,10,0,0,0,0,1,2,0
1212-2,1,102,ferrones,-51,10,1,70,3,0,0,2,1,11,0,0,0,0,1,2,0
1212-2,1,103,ferrones,-51,10,1,67,3,0,0,2,1,11,0,0,0,0,1,2,0
1212-2,1,104,ferrones,-51,10,1,71,4,0,0,2,1,11,0,0,0,0,1,2,0
1212-2,1,105,ferrones,-51,10,1,68,4,0,0,2,1,11,0,0,0,0,1,2,0
1212-2,1,106,ferrones,-51,10,1,72,5,0,0,2,1,11,0,0,0,0,1,2,0
1212-2,1,107,ferrones,-51,10,1,69,6,0,0,2,2,12,0,0,0,0,1,2,0
1212-2,1,108,ferrones,-51,10,1,73,8,0,0,2,2,12,0,0,0,0,1,2,0
1212-2,1,109,ferrones,-51,10,1,70,9,0,0,2,2,12,0,0,0,0,1,2,0
1212-2,1,110,ferrones,-51,10,1,69,11,0,0,2,2,12,0,0,0,0,1,2,0
1212-2,1,111,ferrones,-51,10,1,72,13,0,0,2,2,12,0,0,0,0,1,2,0
1212-2,1,112,ferrones,-51,10,1,69,14,0,0,2,2,12,0,0,0,0,1,2,0
1212-2,1,113,ferrones,-51,10,1,72,11,0,0,2,1,11,0,0,0,0,1,7,0
1212-2,1,114,ferrones,-33,10,1,69,11,0,0,2,1,11,0,0,0,1,1,2,0
1212-2,1,115,ferrones,-33,10,1,72,12,0,0,2,1,11,0,0,0,1,1,2,0
1212-2,1,116,ferrones,-33,10,1,69,12,0,0,2,1,11,0,0,0,1,1,2,0
1212-2,1,117,ferrones,-33,10,1,72,13,0,0,2,1,11,0,0,0,1,1,2,0
1212-2,1,118,ferrones,-33,10,1,69,6,0,0,2,1,11,0,0,0,1,1,7,0
1212-2,1,119,ferrones,-33,10,1,72,6,0,0,2,0,10,0,0,0,1,1,2,0
1212-2,1,120,ferrones,-33,10,1,68,5,0,0,2,0,9,0,0,0,1,1,2,0
1212-2,1,121,ferrones,-33,10,1,70,5,0,0,2,0,9,0,0,0,1,1,2,0
1212-2,1,122,ferrones,-33,10,1,66,4,0,0,2,0,9,0,0,0,1,1,2,0
1212-2,1,123,ferrones,-25,10,1,68,4,0,0,2,0,9,0,0,0,1,1,2,0
1212-2,1,124,ferrones,-25,10,1,69,3,0,0,2,0,9,0,0,0,1,1,2,0
1212-2,1,125,ferrones,-25,10,1,70,3,0,0,2,1,10,0,0,0,1,1,2,0
1212-2,1,126,ferrones,-25,10,1,67,3,0,0,2,1,11,0,0,0,1,1,2,0
1212-2,1,127,ferrones,-25,10,1,71,4,0,0,2,1,11,0,0,0,1,1,2,0
1212-2,1,128,ferrones,-25,10,1,68,4,0,0,2,1,11,0,0,0,1,1,2,0
1212-2,1,129,ferrones,-25,10,1,72,5,0,0,2,1,11,0,0,0,1,1,2,0
1212-2,1,130,ferrones,-25,10,1,69,5,0,0,2,1,11,0,0,0,1,1,2,0
1212-2,1,131,ferrones,-25,10,1,73,7,0,0,2,2,12,0,0,0,1,1,2,0
1212-2,1,132,ferrones,-25,10,1,70,8,0,0,2,2,12,0,0,0,1,1,2,0
1212-2,1,133,ferrones,-25,10,1,69,10,0,0,2,2,12,0,0,0,1,1,2,0
1212-2,1,134,ferrones,-25,10,1,72,12,0,0,2,2,12,0,0,0,1,1,2,0
1212-2,1,135,ferrones,-25,10,1,69,13,0,0,2,2,12,0,0,0,1,1,2,0
1212-2,1,136,ferrones,-25,10,1,72,15,0,0,2,2,12,0,0,0,1,1,2,0
1212-2,1,137,ferrones,-25,10,1,69,11,0,0,2,1,11,0,0,0,1,1,7,0
1212-2,1,138,ferrones,-25,10,1,72,12,0,0,2,1,11,0,0,0,1,1,2,0
1212-2,1,139,ferrones,-17,10,1,69,12,0,0,2,1,11,0,0,0,1,1,2,0
1212-2,1,140,ferrones,-17,10,1,72,13,0,0,2,1,11,0,0,0,1,1,2,0
1212-2,1,141,ferrones,-17,10,1,69,13,0,0,2,1,11,0,0,0,1,1,2,0
1212-2,1,142,ferrones,-17,10,1,72,14,0,0,2,1,11,0,0,0,1,1,2,0
1212-2,1,143,ferrones,-17,10,1,69,13,0,0,2,0,10,0,0,0,1,1,2,0
1212-2,1,144,ferrones,-17,10,1,71,7,0,0,2,0,9,0,0,0,1,1,7,0
1212-2,1,145,ferrones,-17,10,1,67,6,0,0,2,0,9,0,0,0,1,1,2,0
1212-2,1,146,ferrones,-17,10,1,69,6,0,0,2,0,9,0,0,0,1,1,2,0
1212-2,1,147,ferrones,-9,10,1,70,5,0,0,2,0,9,0,0,0,1,1,2,0
1212-2,1,148,ferrones,-9,10,1,66,4,0,0,2,0,9,0,0,0,1,1,2,0
1212-2,1,149,ferrones,-9,10,1,69,5,0,0,2,1,10,0,0,0,1,1,2,0
1212-2,1,150,ferrones,-9,10,1,71,5,0,0,2,1,11,0,0,0,1,1,2,0
1212-2,1,151,ferrones,-9,10,1,68,5,0,0,2,1,11,0,0,0,1,1,3,0
1212-2,1,152,ferrones,-9,10,1,72,6,0,0,2,1,11,0,0,0,1,1,2,0
1212-2,1,153,ferrones,-9,10,1,69,6,0,0,2,1,11,0,0,0,1,1,2,0
1212-2,1,154,ferrones,-9,10,1,73,7,0,0,2,1,11,0,0,0,1,1,2,0
1212-2,1,155,ferrones,-9,10,1,70,8,0,0,2,2,12,0,0,0,1,1,2,0
1212-2,1,156,ferrones,-9,10,1,69,10,0,0,2,2,12,0,0,0,1,1,2,0
1212-2,1,157,ferrones,-9,10,1,72,12,0,0,2,2,12,0,0,0,1,1,2,0
1212-2,1,158,ferrones,-9,10,1,69,13,0,0,2,2,12,0,0,0,1,1,2,0
1212-2,1,159,ferrones,-9,10,1,72,15,0,0,2,2,12,0,0,0,1,1,2,0
1212-2,1,160,ferrones,-9,10,1,69,16,0,0,2,2,12,0,0,0,1,1,2,0
1212-2,1,161,ferrones,-9,10,1,72,8,0,0,2,1,11,0,0,0,1,1,7,0
1212-2,1,162,ferrones,-9,10,1,69,8,0,0,2,1,11,0,0,0,1,1,2,0
1212-2,1,163,ferrones,-9,10,1,72,9,0,0,2,1,11,0,0,0,1,1,2,0
1212-2,1,164,ferrones,-9,10,1,69,9,0,0,2,1,11,0,0,0,1,1,2,0
1212-2,1,165,ferrones,-9,10,1,72,10,0,0,2,1,11,0,0,0,1,1,2,0
1212-2,1,166,ferrones,-9,10,1,69,10,0,0,2,1,11,0,0,0,1,1,2,0
1212-2,1,167,ferrones,-1,10,1,72,10,0,0,2,0,10,0,0,0,1,1,2,0
1212-2,1,168,ferrones,-1,10,1,68,9,0,0,2,0,9,0,0,0,1,1,2,0
1212-2,1,169,ferrones,-1,10,1,70,9,0,0,2,0,9,0,0,0,1,1,2,0
1212-2,1,170,ferrones,-1,10,1,66,8,0,0,2,0,9,0,0,0,1,1,2,0
1212-2,1,171,ferrones,-1,10,1,68,8,0,0,2,0,9,0,0,0,1,1,2,0
1212-2,1,172,ferrones,-1,10,1,69,7,0,0,2,0,9,0,0,0,1,1,2,0
1212-2,1,173,ferrones,-1,10,1,70,7,0,0,2,1,10,0,0,0,1,1,2,0
1212-2,1,174,ferrones,-1,10,1,67,7,0,0,2,1,11,0,0,0,1,1,2,0
1212-2,1,175,ferrones,-1,10,1,71,8,0,0,2,1,11,0,0,0,1,1,2,0
1212-2,1,176,ferrones,-1,10,1,68,8,0,0,2,1,11,0,0,0,1,1,2,0
1212-2,1,177,ferrones,-1,10,1,72,9,0,0,2,1,11,0,0,0,1,1,2,0
1212-2,1,178,ferrones,-1,10,1,69,9,0,0,2,1,11,0,0,0,1,1,2,0
1212-2,1,179,ferrones,-1,10,1,73,11,0,0,2,2,12,0,0,0,1,1,2,0
1212-2,1,180,ferrones,-1,10,1,70,12,0,0,2,2,12,0,0,0,1,1,2,0
1212-2,1,181,ferrones,-1,10,1,69,14,0,0,2,2,12,0,0,0,1,1,2,0
1212-2,1,182,ferrones,-1,10,1,72,16,0,0,2,2,12,0,0,0,1,1,2,0
1212-2,1,183,ferrones,-1,10,1,69,17,0,0,2,2,12,0,0,0,1,1,2,0
1212-2,1,184,ferrones,-1,10,1,72,19,0,0,2,2,12,0,0,0,1,1,2,0
1212-2,1,185,ferrones,-1,10,1,67,9,0,0,2,1,11,0,0,0,1,1,7,0
1212-2,1,186,ferrones,-1,10,1,71,8,0,0,2,1,11,0,0,0,1,1,2,0
1212-2,1,187,ferrones,-1,10,1,68,8,0,0,2,1,11,0,0,0,1,1,2,0
1212-2,1,188,ferrones,-1,10,1,72,9,0,0,2,1,11,0,0,0,1,1,2,0
1212-2,1,189,ferrones,-1,10,1,69,9,0,0,2,1,11,0,0,0,1,1,2,0
1212-2,1,190,ferrones,-1,10,1,73,10,0,0,2,1,11,0,0,0,1,1,2,0
1212-2,1,191,ferrones,7,10,1,70,9,0,0,2,0,10,0,0,0,1,1,2,0
1212-2,1,192,ferrones,7,10,1,68,9,0,0,2,0,9,0,0,0,1,1,2,0
1212-2,1,193,ferrones,7,10,1,70,9,0,0,2,0,9,0,0,0,1,1,2,0
1212-2,1,194,ferrones,7,10,1,66,8,0,0,2,0,9,0,0,0,1,1,2,0
1212-2,1,195,ferrones,7,10,1,68,8,0,0,2,0,9,0,0,0,1,1,2,0
1212-2,1,196,ferrones,7,10,1,69,7,0,0,2,0,9,0,0,0,1,1,2,0
1212-2,1,197,ferrones,7,10,1,70,7,0,0,2,1,10,0,0,0,1,1,2,0
1212-2,1,198,ferrones,7,10,1,67,7,0,0,2,1,11,0,0,0,1,1,2,0
1212-2,1,199,ferrones,7,10,1,71,8,0,0,2,1,11,0,0,0,1,1,2,0
1212-2,1,200,ferrones,7,10,1,68,8,0,0,2,1,11,0,0,0,1,1,2,0
1212-2,1,1,hortelanos,37,106,1,38,70,0,0,0,29,51,0,0,0,0,1,4,0
1212-2,1,2,hortelanos,36,102,1,24,57,0,0,0,29,39,0,0,0,0,1,6,0
1212-2,1,3,hortelanos,104,102,1,30,57,0,0,0,29,39,0,0,0,1,1,0,1
1212-2,1,4,hortelanos,104,102,1,36,57,0,0,0,29,39,0,0,0,1,1,0,1
1212-2,1,5,hortelanos,104,102,1,42,69,0,0,0,41,51,0,1,0,1,1,0,1
1212-2,1,6,hortelanos,103,98,1,46,70,0,0,0,41,69,0,0,0,1,1,7,0
1212-2,1,7,hortelanos,176,98,1,68,84,0,0,0,41,67,0,0,0,2,1,0,1
1212-2,1,8,hortelanos,176,98,1,82,97,0,0,0,41,67,0,0,0,2,1,2,0
1212-2,1,9,hortelanos,176,98,1,86,112,0,0,0,41,67,0,0,0,2,1,3,0
1212-2,1,10,hortelanos,176,98,1,93,121,0,0,0,41,67,0,0,0,2,1,8,0
1212-2,1,11,hortelanos,184,98,1,93,165,0,0,0,71,97,0,0,0,2,1,4,0
1212-2,1,12,hortelanos,184,98,1,93,201,0,0,0,71,97,0,0,0,2,1,4,0
1212-2,1,13,hortelanos,184,98,1,108,233,0,0,0,71,97,0,0,0,2,1,4,0
1212-2,1,14,hortelanos,184,98,1,123,263,0,0,0,71,97,0,0,0,2,1,4,0
1212-2,1,15,hortelanos,184,98,1,111,293,0,0,0,71,97,0,0,0,2,1,5,0
1212-2,1,16,hortelanos,184,98,1,125,321,0,1,0,71,97,0,0,0,2,1,4,0
1212-2,1,17,hortelanos,185,102,1,135,322,0,1,0,48,74,0,0,0,2,1,10,0
1212-2,1,18,hortelanos,184,98,1,142,314,0,1,0,48,76,0,0,0,2,1,4,0
1212-2,1,19,hortelanos,184,98,1,117,318,0,1,0,48,74,0,0,0,2,1,8,0
1212-2,1,20,hortelanos,192,98,1,117,324,0,1,0,48,74,0,0,0,2,1,3,0
1212-2,1,21,hortelanos,192,98,1,116,323,0,1,0,48,74,0,0,0,2,1,8,0
1212-2,1,22,hortelanos,192,98,1,114,329,0,1,0,48,74,0,0,0,2,1,3,0
1212-2,1,23,hortelanos,192,98,1,111,316,0,1,0,29,55,0,0,0,2,1,3,0
1212-2,1,24,hortelanos,192,98,1,99,304,0,1,0,29,46,0,0,0,2,1,8,0
1212-2,1,25,hortelanos,200,98,1,107,282,0,1,0,29,46,0,0,0,2,1,8,0
1212-2,1,26,hortelanos,200,98,1,103,270,0,1,0,29,46,0,0,0,2,1,3,0
1212-2,1,27,hortelanos,200,98,1,99,258,0,1,0,29,46,0,0,0,2,1,3,0
1212-2,1,28,hortelanos,200,98,1,107,244,0,1,0,29,46,0,0,0,2,1,8,0
1212-2,1,29,hortelanos,208,98,1,104,236,0,1,0,41,58,0,0,0,2,1,8,0
1212-2,1,30,hortelanos,208,98,1,110,237,0,1,0,41,67,0,0,0,2,1,3,0
1212-2,1,31,hortelanos,208,98,1,116,238,0,1,0,41,67,0,0,0,2,1,3,0
1212-2,1,32,hortelanos,208,98,1,122,239,0,1,0,41,67,0,0,0,2,1,3,0
1212-2,1,33,hortelanos,208,98,1,128,230,0,0,0,41,67,0,0,0,2,1,13,0
1212-2,1,34,hortelanos,216,98,1,107,233,0,0,0,41,67,0,0,0,2,1,4,0
1212-2,1,35,hortelanos,216,98,1,112,263,0,1,0,71,97,0,0,0,2,1,3,0
1212-2,1,36,hortelanos,216,98,1,119,292,0,1,0,71,97,0,0,0,2,1,3,0
1212-2,1,37,hortelanos,216,98,1,126,314,0,0,0,71,97,0,0,0,2,1,8,0
1212-2,1,38,hortelanos,224,98,1,75,304,0,0,0,71,97,0,0,0,2,1,5,0
1212-2,1,39,hortelanos,224,98,1,110,328,0,1,0,71,97,0,0,0,2,1,3,0
1212-2,1,40,hortelanos,313,150,2,114,350,0,0,0,71,97,0,0,0,3,1,8,0
1212-2,1,41,hortelanos,313,152,2,102,342,0,0,0,48,84,0,0,0,3,1,5,0
1212-2,1,42,hortelanos,313,154,2,100,340,0,0,0,58,94,0,1,0,3,1,4,0
1212-2,1,43,hortelanos,314,156,2,98,344,0,0,0,63,99,0,1,0,3,1,9,0
1212-2,1,44,hortelanos,322,158,2,112,353,0,0,0,69,105,0,1,0,3,1,4,0
1212-2,1,45,hortelanos,323,161,2,103,363,0,0,0,69,107,0,1,0,3,1,4,0
1212-2,1,46,hortelanos,323,164,2,112,371,0,0,0,69,107,0,1,0,3,1,3,0
1212-2,1,47,hortelanos,324,167,2,113,358,0,0,0,46,87,0,0,0,3,1,3,0
1212-2,1,48,hortelanos,325,170,2,101,343,0,0,0,46,78,0,0,0,3,1,8,0
1212-2,1,49,hortelanos,325,173,2,110,328,0,0,0,46,80,0,0,0,3,1,3,0
1212-2,1,50,hortelanos,334,176,2,107,313,0,0,0,46,80,0,0,0,3,1,3,0
1212-2,1,51,hortelanos,334,179,2,114,297,0,0,0,46,80,0,0,0,3,1,3,0
1212-2,1,52,hortelanos,335,183,2,111,283,0,0,0,46,82,0,0,0,3,1,3,0
1212-2,1,53,hortelanos,336,187,2,121,281,0,0,0,60,96,0,0,0,3,1,3,0
1212-2,1,54,hortelanos,336,188,2,119,277,0,0,0,60,105,0,0,0,3,1,10,0
1212-2,1,55,hortelanos,336,188,2,142,274,0,1,0,60,107,0,0,0,3,1,4,0
1212-2,1,56,hortelanos,344,188,2,139,272,0,1,0,60,107,0,0,0,3,1,5,0
1212-2,1,57,hortelanos,344,188,2,136,270,0,2,0,60,107,0,0,0,3,1,5,0
1212-2,1,58,hortelanos,344,188,2,147,270,0,3,0,60,107,0,0,0,3,1,4,0
1212-2,1,59,hortelanos,344,188,2,135,268,0,3,0,96,143,0,0,0,3,1,5,0
1212-2,1,60,hortelanos,344,188,2,162,303,0,0,0,96,143,0,0,0,3,1,8,0
1212-2,1,61,hortelanos,392,235,3,111,337,0,0,0,96,143,0,0,0,4,1,5,0
1212-2,1,62,hortelanos,400,237,3,108,355,0,2,0,96,151,0,0,0,4,1,5,0
1212-2,1,63,hortelanos,400,239,3,122,376,0,3,0,96,151,0,1,0,4,1,5,0
1212-2,1,64,hortelanos,401,241,3,155,396,0,3,0,100,158,0,1,0,4,1,3,0
1212-2,1,65,hortelanos,401,243,3,203,386,0,3,0,80,138,0,1,0,4,1,8,0
1212-2,1,66,hortelanos,402,245,3,139,390,0,3,0,85,142,0,1,0,4,1,5,0
1212-2,1,67,hortelanos,410,247,3,131,393,0,3,0,85,142,0,1,0,4,1,3,0
1212-2,1,68,hortelanos,410,249,3,122,398,0,3,0,85,142,0,0,0,4,1,3,0
1212-2,1,69,hortelanos,411,252,3,125,401,0,3,0,85,144,0,0,0,4,1,3,0
1212-2,1,70,hortelanos,412,255,3,128,398,0,3,0,85,144,0,0,0,4,1,4,0
1212-2,1,71,hortelanos,412,255,3,187,370,0,3,0,62,121,0,0,0,4,1,8,0
1212-2,1,72,hortelanos,412,255,3,211,352,0,3,0,62,112,0,0,0,4,1,3,0
1212-2,1,73,hortelanos,420,255,3,229,341,0,3,0,62,112,0,0,0,4,1,3,0
1212-2,1,74,hortelanos,420,255,3,196,331,0,3,0,62,112,0,0,0,4,1,3,0
1212-2,1,75,hortelanos,420,255,3,164,321,0,3,0,62,112,0,0,0,4,1,4,0
1212-2,1,76,hortelanos,420,255,3,182,312,0,3,0,62,112,0,0,0,4,1,4,0
1212-2,1,77,hortelanos,420,258,3,199,313,0,3,0,76,126,0,0,0,4,1,8,0
1212-2,1,78,hortelanos,421,261,3,227,316,0,3,0,76,137,0,0,0,4,1,3,0
1212-2,1,79,hortelanos,429,264,3,205,318,0,3,0,76,137,0,0,0,4,1,3,0
1212-2,1,80,hortelanos,430,267,3,33,319,0,3,0,76,137,0,0,0,4,1,4,0
1212-2,1,81,hortelanos,431,270,3,81,311,0,3,0,76,137,0,0,0,4,1,2,0
1212-2,1,82,hortelanos,431,274,3,128,300,0,3,0,76,139,0,0,0,4,1,4,0
1212-2,1,83,hortelanos,432,278,3,140,327,0,1,0,112,175,0,0,0,4,1,10,0
1212-2,1,84,hortelanos,440,278,3,144,352,0,1,0,112,177,0,0,0,4,1,5,0
1212-2,1,85,hortelanos,440,278,3,156,374,0,2,0,112,177,0,0,0,4,1,5,0
1212-2,1,86,hortelanos,440,278,3,166,399,0,3,0,112,177,0,0,0,4,1,4,0
1212-2,1,87,hortelanos,440,278,3,173,419,0,1,0,112,177,0,0,0,4,1,9,0
1212-2,1,88,hortelanos,440,278,3,184,440,0,1,0,112,177,0,0,0,4,1,5,0
1212-2,1,89,hortelanos,448,278,3,175,436,0,2,0,85,150,0,0,0,4,1,3,0
1212-2,1,90,hortelanos,448,278,3,138,391,0,2,0,85,150,0,0,0,4,1,4,0
1212-2,1,91,hortelanos,448,278,3,149,386,0,2,0,85,150,0,0,0,4,1,4,0
1212-2,1,92,hortelanos,465,320,4,155,384,0,2,0,85,150,0,0,0,4,1,4,0
1212-2,1,93,hortelanos,465,322,4,144,368,0,2,0,85,158,0,0,0,4,1,10,0
1212-2,1,94,hortelanos,465,324,4,161,355,0,2,0,85,158,0,1,0,4,1,6,0
1212-2,1,95,hortelanos,465,324,4,153,325,0,2,0,66,139,0,0,0,4,1,4,0
1212-2,1,96,hortelanos,473,324,4,157,294,0,2,0,66,130,0,0,0,4,1,6,0
1212-2,1,97,hortelanos,473,324,4,161,264,0,2,0,66,130,0,1,0,4,1,5,0
1212-2,1,98,hortelanos,473,324,4,114,242,0,2,0,71,135,0,0,0,4,1,6,0
1212-2,1,99,hortelanos,473,324,4,118,221,0,2,0,71,135,0,0,0,4,1,5,0
1212-2,1,100,hortelanos,473,324,4,118,197,0,2,0,71,135,0,0,0,4,1,9,0
1212-2,1,101,hortelanos,474,326,4,117,192,0,2,0,85,149,0,0,0,4,1,4,0
1212-2,1,102,hortelanos,474,328,4,124,187,0,2,0,85,158,0,0,0,4,1,4,0
1212-2,1,103,hortelanos,483,330,4,133,181,0,2,0,85,160,0,0,0,4,1,4,0
1212-2,1,104,hortelanos,483,332,4,142,175,0,2,0,85,160,0,0,0,4,1,4,0
1212-2,1,105,hortelanos,483,334,4,151,168,0,2,0,85,160,0,0,0,4,1,4,0
1212-2,1,106,hortelanos,483,334,4,173,162,0,2,0,85,160,0,0,0,4,1,4,0
1212-2,1,107,hortelanos,484,336,4,138,192,0,2,0,121,196,0,0,0,4,1,5,0
1212-2,1,108,hortelanos,484,338,4,143,213,0,0,0,121,196,0,0,0,4,1,10,0
1212-2,1,109,hortelanos,484,338,4,145,235,0,0,0,121,198,0,1,0,4,1,6,0
1212-2,1,110,hortelanos,484,338,4,123,268,0,1,0,133,210,0,0,0,4,1,5,0
1212-2,1,111,hortelanos,484,338,4,131,299,0,3,0,133,210,0,0,0,4,1,5,0
1212-2,1,112,hortelanos,484,338,4,145,331,0,4,0,133,210,0,0,0,4,1,5,0
1212-2,1,113,hortelanos,492,338,4,165,333,0,4,0,101,178,0,0,0,4,1,5,0
1212-2,1,114,hortelanos,492,338,4,148,296,0,4,0,101,178,0,0,0,4,1,6,0
1212-2,1,115,hortelanos,492,338,4,165,299,0,4,0,101,178,0,0,0,4,1,4,0
1212-2,1,116,hortelanos,667,374,5,126,302,0,4,0,101,178,0,1,1,5,1,5,0
1212-2,1,117,hortelanos,668,375,5,123,326,0,4,0,130,213,0,0,0,5,1,5,0
1212-2,1,118,hortelanos,669,380,5,151,351,0,4,0,130,213,0,1,0,5,1,7,0
1212-2,1,119,hortelanos,668,377,5,130,360,0,4,0,129,212,0,0,0,5,1,6,0
1212-2,1,120,hortelanos,668,378,5,138,373,0,4,0,129,203,0,0,0,5,1,11,0
1212-2,1,121,hortelanos,669,380,5,148,390,0,4,0,129,205,0,1,0,5,1,5,0
1212-2,1,122,hortelanos,677,382,5,148,411,0,4,0,133,209,0,0,0,5,1,5,0
1212-2,1,123,hortelanos,677,384,5,158,430,0,4,0,133,209,0,0,0,5,1,6,0
1212-2,1,124,hortelanos,678,386,5,118,447,0,4,0,133,209,0,0,0,5,1,6,0
1212-2,1,125,hortelanos,678,388,5,134,466,0,4,0,136,212,0,1,0,5,1,4,0
1212-2,1,126,hortelanos,679,390,5,151,482,0,4,0,136,223,0,1,0,5,1,10,0
1212-2,1,127,hortelanos,679,392,5,172,502,0,4,0,137,224,0,0,0,5,1,5,0
1212-2,1,128,hortelanos,679,394,5,140,520,0,4,0,137,224,0,0,0,5,1,5,0
1212-2,1,129,hortelanos,688,396,5,159,537,0,4,0,137,224,0,0,0,5,1,4,0
1212-2,1,130,hortelanos,688,398,5,181,552,0,4,0,137,224,0,0,0,5,1,5,0
1212-2,1,131,hortelanos,688,398,5,201,567,0,4,0,137,226,0,1,0,5,1,5,0
1212-2,1,132,hortelanos,688,398,5,174,589,0,4,0,145,234,0,0,0,5,1,6,0
1212-2,1,133,hortelanos,688,398,5,197,610,0,4,0,145,234,0,0,0,5,1,5,0
1212-2,1,134,hortelanos,688,398,5,198,630,0,4,0,145,234,0,0,0,5,1,3,0
1212-2,1,135,hortelanos,688,398,5,204,643,0,2,0,145,234,0,0,0,5,1,8,0
1212-2,1,136,hortelanos,688,398,5,199,659,0,2,0,145,234,0,0,0,5,1,3,0
1212-2,1,137,hortelanos,688,398,5,225,672,0,2,0,145,234,0,1,0,5,1,4,0
1212-2,1,138,hortelanos,696,398,5,193,693,0,2,0,151,240,0,0,0,5,1,5,0
1212-2,1,139,hortelanos,696,398,5,198,713,0,2,0,151,240,0,0,0,5,1,4,0
1212-2,1,140,hortelanos,696,398,5,209,732,0,2,0,151,240,0,0,0,5,1,3,0
1212-2,1,141,hortelanos,696,398,5,219,750,0,2,0,151,240,0,0,0,5,1,3,0
1212-2,1,142,hortelanos,697,401,5,191,765,0,2,0,151,240,0,1,0,5,1,5,0
1212-2,1,143,hortelanos,697,404,5,198,776,0,2,0,151,240,0,0,0,5,1,10,0
1212-2,1,144,hortelanos,698,407,5,206,789,0,2,0,151,231,0,0,0,5,1,4,0
1212-2,1,145,hortelanos,707,410,5,211,801,0,2,0,151,231,0,1,0,5,1,4,0
1212-2,1,146,hortelanos,707,413,5,159,813,0,2,0,151,239,0,0,0,5,1,3,0
1212-2,1,147,hortelanos,708,416,5,158,824,0,2,0,151,239,0,0,0,5,1,3,0
1212-2,1,148,hortelanos,708,419,5,157,834,0,2,0,151,239,0,0,0,5,1,3,0
1212-2,1,149,hortelanos,709,423,5,157,843,0,2,0,151,241,0,0,0,5,1,3,0
1212-2,1,150,hortelanos,710,427,5,166,846,0,2,0,151,250,0,0,0,5,1,8,0
1212-2,1,151,hortelanos,710,428,5,174,853,0,2,0,151,250,0,0,0,5,1,4,0
1212-2,1,152,hortelanos,718,428,5,193,886,0,2,0,180,281,0,0,0,5,1,3,0
1212-2,1,153,hortelanos,718,428,5,161,918,0,2,0,180,281,0,0,0,5,1,4,0
1212-2,1,154,hortelanos,718,428,5,178,949,0,2,0,180,281,0,0,0,5,1,3,0
1212-2,1,155,hortelanos,718,428,5,195,979,0,2,0,180,281,0,0,0,5,1,3,0
1212-2,1,156,hortelanos,718,428,5,211,1007,0,2,0,180,281,0,0,0,5,1,3,0
1212-2,1,157,hortelanos,718,428,5,226,1034,0,2,0,180,281,0,0,0,5,1,3,0
1212-2,1,158,hortelanos,719,432,5,251,1062,0,2,0,180,281,0,0,0,5,1,4,0
1212-2,1,159,hortelanos,718,428,5,244,1077,0,2,0,180,281,0,0,0,5,1,4,0
1212-2,1,160,hortelanos,718,428,5,255,1095,0,1,0,180,281,0,0,0,5,1,8,0
1212-2,1,161,hortelanos,718,428,5,266,1119,0,1,0,180,281,0,0,0,5,1,3,0
1212-2,1,162,hortelanos,718,428,5,226,1142,0,1,0,180,281,0,0,0,5,1,4,0
1212-2,1,163,hortelanos,726,428,5,245,1164,0,1,0,180,281,0,0,0,5,1,4,0
1212-2,1,164,hortelanos,726,428,5,263,1185,0,1,0,180,281,0,0,0,5,1,3,0
1212-2,1,165,hortelanos,726,428,5,280,1205,0,1,0,180,281,0,0,0,5,1,3,0
1212-2,1,166,hortelanos,726,428,5,246,1224,0,1,0,180,281,0,0,0,5,1,3,0
1212-2,1,167,hortelanos,726,428,5,231,1204,0,1,0,180,281,0,0,0,5,1,4,0
1212-2,1,168,hortelanos,726,428,5,236,1220,0,1,0,180,272,0,0,0,5,1,9,0
1212-2,1,169,hortelanos,758,548,6,241,1239,0,1,0,180,272,0,0,0,5,1,3,0
1212-2,1,170,hortelanos,766,548,6,59,1190,0,1,0,180,296,0,0,0,5,1,6,0
1212-2,1,171,hortelanos,766,548,6,127,1170,0,1,0,180,296,0,0,0,5,1,3,0
1212-2,1,172,hortelanos,786,608,7,138,1155,0,1,0,180,296,0,1,0,5,1,4,0
1212-2,1,173,hortelanos,786,608,7,140,1141,0,1,0,196,324,0,1,0,5,1,6,0
1212-2,1,174,hortelanos,786,608,7,150,1136,0,1,0,212,349,0,3,0,5,1,11,0
1212-2,1,175,hortelanos,786,608,7,167,1153,0,2,0,228,365,0,2,0,5,1,5,0
1212-2,1,176,hortelanos,786,608,7,189,1189,0,3,0,244,381,0,1,0,5,1,4,0
1212-2,1,177,hortelanos,795,611,7,152,1223,0,3,0,244,381,0,1,0,5,1,5,0
1212-2,1,178,hortelanos,795,614,7,174,1256,0,3,0,244,381,0,1,0,5,1,3,0
1212-2,1,179,hortelanos,796,617,7,206,1289,0,3,0,244,384,0,0,0,5,1,3,0
1212-2,1,180,hortelanos,797,620,7,236,1319,0,3,0,244,384,0,0,0,5,1,3,0
1212-2,1,181,hortelanos,797,623,7,267,1347,0,3,0,244,386,0,0,0,5,1,3,0
1212-2,1,182,hortelanos,798,626,7,297,1374,0,3,0,244,386,0,0,0,5,1,3,0
1212-2,1,183,hortelanos,798,629,7,326,1399,0,3,0,244,386,0,0,0,5,1,3,0
1212-2,1,184,hortelanos,799,633,7,356,1415,0,2,0,244,388,0,0,0,5,1,8,0
1212-2,1,185,hortelanos,800,637,7,387,1437,0,2,0,244,388,0,0,0,5,1,3,0
1212-2,1,186,hortelanos,800,638,7,365,1457,0,2,0,244,388,0,0,0,5,1,4,0
1212-2,1,187,hortelanos,800,638,7,394,1476,0,2,0,244,390,0,0,0,5,1,4,0
1212-2,1,188,hortelanos,808,638,7,423,1494,0,2,0,244,390,0,0,0,5,1,3,0
1212-2,1,189,hortelanos,808,638,7,451,1511,0,2,0,244,390,0,0,0,5,1,3,0
1212-2,1,190,hortelanos,808,638,7,439,1528,0,2,0,244,390,0,0,0,5,1,3,0
1212-2,1,191,hortelanos,808,638,7,478,1544,0,2,0,244,390,0,0,0,5,1,4,0
1212-2,1,192,hortelanos,808,638,7,509,1559,0,2,0,244,381,0,0,0,5,1,3,0
1212-2,1,193,hortelanos,808,638,7,538,1568,0,2,0,244,381,0,0,0,5,1,8,0
1212-2,1,194,hortelanos,808,638,7,517,1582,0,2,0,244,381,0,0,0,5,1,3,0
1212-2,1,195,hortelanos,928,638,7,544,1596,0,2,0,244,381,0,1,1,5,1,4,0
1212-2,1,196,hortelanos,936,638,7,575,1627,0,2,0,260,397,0,0,0,5,1,3,0
1212-2,1,197,hortelanos,936,638,7,603,1656,0,2,0,260,397,0,0,0,5,1,3,0
1212-2,1,198,hortelanos,936,638,7,590,1684,0,2,0,260,406,0,0,0,5,1,3,0
1212-2,1,199,hortelanos,936,638,7,626,1711,0,2,0,260,406,0,0,0,5,1,4,0
1212-2,1,200,hortelanos,936,638,7,662,1737,0,2,0,260,406,0,0,0,5,1,3,0
1212-2,1,1,mercaderes,33,86,1,74,57,0,0,0,11,37,0,0,0,0,1,4,0
1212-2,1,2,mercaderes,33,86,1,73,44,0,0,0,11,27,0,0,0,0,1,3,0
1212-2,1,3,mercaderes,33,86,1,76,35,0,0,0,11,27,0,1,0,0,1,2,0
1212-2,1,4,mercaderes,33,86,1,79,28,0,0,0,11,27,0,0,0,0,1,2,0
1212-2,1,5,mercaderes,33,86,1,81,28,0,0,0,18,34,0,0,0,0,1,2,0
1212-2,1,6,mercaderes,33,86,1,92,28,0,0,0,18,42,0,0,0,0,1,2,0
1212-2,1,7,mercaderes,33,86,1,93,28,0,0,0,18,42,0,0,0,0,1,3,0
1212-2,1,8,mercaderes,33,86,1,96,28,0,0,0,18,42,0,0,0,0,1,3,0
1212-2,1,9,mercaderes,33,86,1,89,28,0,0,0,18,42,0,0,0,0,1,3,0
1212-2,1,10,mercaderes,33,86,1,95,28,0,0,0,18,42,0,0,0,0,1,3,0
1212-2,1,11,mercaderes,34,90,1,88,46,0,0,0,36,60,0,0,0,0,1,3,0
1212-2,1,12,mercaderes,34,90,1,99,62,0,0,0,36,62,0,0,0,0,1,3,0
1212-2,1,13,mercaderes,34,90,1,75,68,0,0,0,36,62,0,0,0,0,1,4,0
1212-2,1,14,mercaderes,49,90,1,74,74,0,0,0,36,62,0,0,0,1,1,3,0
1212-2,1,15,mercaderes,49,90,1,67,79,0,0,0,36,62,0,0,0,1,1,3,0
1212-2,1,16,mercaderes,49,90,1,66,84,0,0,0,36,62,0,0,0,1,1,3,0
1212-2,1,17,mercaderes,49,90,1,84,79,0,0,0,22,48,0,0,0,1,1,8,0
1212-2,1,18,mercaderes,67,90,1,83,77,0,0,0,22,48,0,0,0,2,1,3,0
1212-2,1,19,mercaderes,67,90,1,89,81,0,0,0,22,48,0,0,0,2,1,3,0
1212-2,1,20,mercaderes,67,90,1,89,83,0,0,0,22,48,0,1,0,2,1,4,0
1212-2,1,21,mercaderes,67,90,1,88,85,0,0,0,22,48,0,0,0,2,1,8,0
1212-2,1,22,mercaderes,67,90,1,91,89,0,0,0,22,48,0,0,0,2,1,3,0
1212-2,1,23,mercaderes,75,90,1,90,82,0,0,0,11,37,0,0,0,2,1,3,0
1212-2,1,24,mercaderes,75,90,1,83,76,0,0,0,11,28,0,0,0,2,1,4,0
1212-2,1,25,mercaderes,75,90,1,80,68,0,0,0,11,28,0,0,0,2,1,2,0
1212-2,1,26,mercaderes,75,90,1,80,58,0,0,0,11,28,0,1,0,2,1,8,0
1212-2,1,27,mercaderes,83,90,1,78,52,0,0,0,11,28,0,0,0,2,1,3,0
1212-2,1,28,mercaderes,83,90,1,78,46,0,0,0,11,28,0,0,0,2,1,3,0
1212-2,1,29,mercaderes,83,90,1,77,46,0,0,0,18,35,0,0,0,2,1,3,0
1212-2,1,30,mercaderes,83,90,1,87,45,0,0,0,18,44,0,0,0,2,1,3,0
1212-2,1,31,mercaderes,83,90,1,86,44,0,0,0,18,44,0,0,0,2,1,4,0
1212-2,1,32,mercaderes,83,90,1,89,43,0,0,0,18,44,0,0,0,2,1,4,0
1212-2,1,33,mercaderes,83,90,1,89,42,0,0,0,18,44,0,0,0,2,1,3,0
1212-2,1,34,mercaderes,83,90,1,90,41,0,0,0,18,44,0,0,0,2,1,3,0
1212-2,1,35,mercaderes,83,90,1,90,52,0,0,0,30,56,0,0,0,2,1,4,0
1212-2,1,36,mercaderes,83,90,1,90,62,0,0,0,30,56,0,0,0,2,1,4,0
1212-2,1,37,mercaderes,83,90,1,89,72,0,0,0,30,56,0,0,0,2,1,4,0
1212-2,1,38,mercaderes,83,90,1,87,81,0,0,0,30,56,0,0,0,2,1,4,0
1212-2,1,39,mercaderes,83,90,1,87,90,0,0,0,30,56,0,0,0,2,1,4,0
1212-2,1,40,mercaderes,83,90,1,86,99,0,0,0,30,56,0,0,0,2,1,4,0
1212-2,1,41,mercaderes,83,90,1,88,98,0,0,0,22,48,0,0,0,2,1,8,0
1212-2,1,42,mercaderes,83,90,1,88,102,0,0,0,22,48,0,0,0,2,1,3,0
1212-2,1,43,mercaderes,91,90,1,90,105,0,0,0,22,48,0,0,0,2,1,3,0
1212-2,1,44,mercaderes,91,90,1,90,108,0,0,0,22,48,0,0,0,2,1,3,0
1212-2,1,45,mercaderes,91,90,1,90,111,0,0,0,22,48,0,0,0,2,1,3,0
1212-2,1,46,mercaderes,91,90,1,89,114,0,0,0,22,48,0,0,0,2,1,3,0
1212-2,1,47,mercaderes,91,90,1,89,104,0,0,0,11,37,0,0,0,2,1,8,0
1212-2,1,48,mercaderes,91,90,1,79,97,0,0,0,11,28,0,0,0,2,1,3,0
1212-2,1,49,mercaderes,99,90,1,79,90,0,0,0,11,28,0,0,0,2,1,2,0
1212-2,1,50,mercaderes,99,90,1,79,82,0,0,0,11,28,0,0,0,2,1,2,0
1212-2,1,51,mercaderes,99,90,1,79,75,0,0,0,11,28,0,0,0,2,1,2,0
1212-2,1,52,mercaderes,99,90,1,79,68,0,0,0,11,28,0,0,0,2,1,2,0
1212-2,1,53,mercaderes,99,90,1,78,65,0,0,0,18,35,0,0,0,2,1,8,0
1212-2,1,54,mercaderes,99,90,1,86,63,0,0,0,18,44,0,0,0,2,1,3,0
1212-2,1,55,mercaderes,107,90,1,86,61,0,0,0,18,44,0,0,0,2,1,4,0
1212-2,1,56,mercaderes,107,90,1,89,59,0,0,0,18,44,0,0,0,2,1,4,0
1212-2,1,57,mercaderes,107,90,1,88,57,0,0,0,18,44,0,0,0,2,1,4,0
1212-2,1,58,mercaderes,107,90,1,88,55,0,0,0,18,44,0,0,0,2,1,4,0
1212-2,1,59,mercaderes,107,90,1,88,71,0,0,0,36,62,0,0,0,2,1,4,0
1212-2,1,60,mercaderes,107,90,1,88,86,0,0,0,36,62,0,0,0,2,1,4,0
1212-2,1,61,mercaderes,107,90,1,90,100,0,0,0,36,62,0,0,0,2,1,4,0
1212-2,1,62,mercaderes,107,90,1,89,114,0,0,0,36,62,0,0,0,2,1,4,0
1212-2,1,63,mercaderes,107,90,1,89,127,0,0,0,36,62,0,0,0,2,1,4,0
1212-2,1,64,mercaderes,107,90,1,89,140,0,0,0,36,62,0,0,0,2,1,4,0
1212-2,1,65,mercaderes,107,90,1,89,135,0,0,0,22,48,0,0,0,2,1,9,0
1212-2,1,66,mercaderes,107,90,1,88,128,0,0,0,22,48,0,1,0,2,1,3,0
1212-2,1,67,mercaderes,115,90,1,89,130,0,0,0,22,48,0,0,0,2,1,3,0
1212-2,1,68,mercaderes,115,90,1,89,132,0,0,0,22,48,0,0,0,2,1,3,0
1212-2,1,69,mercaderes,115,90,1,88,134,0,0,0,22,48,0,0,0,2,1,5,0
1212-2,1,70,mercaderes,115,90,1,89,135,0,0,0,22,48,0,0,0,2,1,3,0
1212-2,1,71,mercaderes,115,90,1,90,124,0,0,0,11,37,0,0,0,2,1,4,0
1212-2,1,72,mercaderes,115,90,1,79,108,0,0,0,11,28,0,0,0,2,1,8,0
1212-2,1,73,mercaderes,115,90,1,81,101,0,0,0,11,28,0,0,0,2,1,2,0
1212-2,1,74,mercaderes,123,90,1,79,93,0,0,0,11,28,0,0,0,2,1,3,0
1212-2,1,75,mercaderes,123,90,1,78,85,0,0,0,11,28,0,0,0,2,1,2,0
1212-2,1,76,mercaderes,123,90,1,78,78,0,0,0,11,28,0,0,0,2,1,3,0
1212-2,1,77,mercaderes,123,90,1,77,77,0,0,0,18,35,0,0,0,2,1,3,0
1212-2,1,78,mercaderes,123,90,1,85,71,0,0,0,18,44,0,0,0,2,1,8,0
1212-2,1,79,mercaderes,123,90,1,85,69,0,0,0,18,44,0,0,0,2,1,4,0
1212-2,1,80,mercaderes,131,90,1,87,67,0,0,0,18,44,0,0,0,2,1,4,0
1212-2,1,81,mercaderes,131,90,1,89,65,0,0,0,18,44,0,0,0,2,1,4,0
1212-2,1,82,mercaderes,131,90,1,88,63,0,0,0,18,44,0,0,0,2,1,4,0
1212-2,1,83,mercaderes,131,90,1,89,78,0,0,0,36,62,0,0,0,2,1,4,0
1212-2,1,84,mercaderes,131,90,1,88,93,0,0,0,36,62,0,0,0,2,1,4,0
1212-2,1,85,mercaderes,131,90,1,89,107,0,0,0,36,62,0,0,0,2,1,4,0
1212-2,1,86,mercaderes,131,90,1,89,121,0,0,0,36,62,0,0,0,2,1,4,0
1212-2,1,87,mercaderes,131,90,1,89,134,0,0,0,36,62,0,0,0,2,1,4,0
1212-2,1,88,mercaderes,131,90,1,89,147,0,0,0,36,62,0,0,0,2,1,4,0
1212-2,1,89,mercaderes,131,90,1,89,142,0,0,0,22,48,0,0,0,2,1,8,0
1212-2,1,90,mercaderes,131,90,1,88,137,0,0,0,22,48,0,0,0,2,1,3,0
1212-2,1,91,mercaderes,139,90,1,88,132,0,0,0,22,48,0,0,0,2,1,5,0
1212-2,1,92,mercaderes,139,90,1,89,126,0,0,0,22,48,0,1,0,2,1,3,0
1212-2,1,93,mercaderes,139,90,1,89,128,0,0,0,22,48,0,0,0,2,1,3,0
1212-2,1,94,mercaderes,139,90,1,88,130,0,0,0,22,48,0,0,0,2,1,3,0
1212-2,1,95,mercaderes,139,90,1,91,122,0,0,0,11,37,0,0,0,2,1,3,0
1212-2,1,96,mercaderes,139,90,1,81,108,0,0,0,11,28,0,0,0,2,1,8,0
1212-2,1,97,mercaderes,139,90,1,83,101,0,0,0,11,28,0,0,0,2,1,3,0
1212-2,1,98,mercaderes,139,90,1,79,93,0,0,0,11,28,0,0,0,2,1,2,0
1212-2,1,99,mercaderes,147,90,1,80,86,0,0,0,11,28,0,0,0,2,1,2,0
1212-2,1,100,mercaderes,147,90,1,78,78,0,0,0,11,28,0,0,0,2,1,3,0
1212-2,1,101,mercaderes,147,90,1,78,78,0,0,0,18,35,0,0,0,2,1,3,0
1212-2,1,102,mercaderes,147,90,1,85,76,0,0,0,18,44,0,0,0,2,1,3,0
1212-2,1,103,mercaderes,147,90,1,87,74,0,0,0,18,44,0,0,0,2,1,4,0
1212-2,1,104,mercaderes,147,90,1,88,76,0,0,0,22,48,0,0,0,2,1,4,0
1212-2,1,105,mercaderes,147,90,1,88,77,0,0,0,22,48,0,0,0,2,1,3,0
1212-2,1,106,mercaderes,147,90,1,89,78,0,0,0,22,48,0,0,0,2,1,3,0
1212-2,1,107,mercaderes,147,90,1,89,101,0,0,0,45,71,0,0,0,2,1,4,0
1212-2,1,108,mercaderes,147,90,1,89,124,0,0,0,45,71,0,0,0,2,1,4,0
1212-2,1,109,mercaderes,147,90,1,88,146,0,0,0,45,71,0,0,0,2,1,4,0
1212-2,1,110,mercaderes,147,90,1,89,158,0,0,0,36,62,0,0,0,2,1,3,0
1212-2,1,111,mercaderes,147,90,1,88,166,0,0,0,36,62,0,0,0,2,1,3,0
1212-2,1,112,mercaderes,147,90,1,88,173,0,0,0,36,62,0,0,0,2,1,3,0
1212-2,1,113,mercaderes,147,90,1,88,162,0,0,0,22,48,0,0,0,2,1,8,0
1212-2,1,114,mercaderes,147,90,1,88,156,0,0,0,22,48,0,0,0,2,1,4,0
1212-2,1,115,mercaderes,147,90,1,93,148,0,0,0,22,48,0,1,0,2,1,3,0
1212-2,1,116,mercaderes,155,90,1,90,143,0,0,0,22,48,0,0,0,2,1,2,0
1212-2,1,117,mercaderes,155,90,1,87,138,0,0,0,22,48,0,0,0,2,1,2,0
1212-2,1,118,mercaderes,155,90,1,105,133,0,0,0,22,48,0,0,0,2,1,2,0
1212-2,1,119,mercaderes,155,90,1,92,118,0,0,0,11,37,0,0,0,2,1,3,0
1212-2,1,120,mercaderes,155,90,1,93,108,0,0,0,11,28,0,0,0,2,1,2,0
1212-2,1,121,mercaderes,155,90,1,80,96,0,0,0,11,28,0,0,0,2,1,8,0
1212-2,1,122,mercaderes,155,90,1,83,89,0,0,0,11,28,0,0,0,2,1,2,0
1212-2,1,123,mercaderes,155,90,1,78,81,0,0,0,11,28,0,0,0,2,1,2,0
1212-2,1,124,mercaderes,163,90,1,84,75,0,0,0,11,28,0,0,0,2,1,2,0
1212-2,1,125,mercaderes,163,90,1,79,74,0,0,0,18,35,0,0,0,2,1,3,0
1212-2,1,126,mercaderes,163,90,1,95,72,0,0,0,18,44,0,0,0,2,1,2,0
1212-2,1,127,mercaderes,163,90,1,88,70,0,0,0,18,44,0,0,0,2,1,3,0
1212-2,1,128,mercaderes,163,90,1,97,68,0,0,0,18,44,0,0,0,2,1,3,0
1212-2,1,129,mercaderes,163,90,1,93,66,0,0,0,18,44,0,0,0,2,1,4,0
1212-2,1,130,mercaderes,163,90,1,97,62,0,0,0,18,44,0,1,0,2,1,3,0
1212-2,1,131,mercaderes,163,90,1,91,77,0,0,0,36,62,0,0,0,2,1,3,0
1212-2,1,132,mercaderes,163,90,1,92,92,0,0,0,36,62,0,0,0,2,1,3,0
1212-2,1,133,mercaderes,163,90,1,98,106,0,0,0,36,62,0,0,0,2,1,3,0
1212-2,1,134,mercaderes,163,90,1,91,120,0,0,0,36,62,0,0,0,2,1,3,0
1212-2,1,135,mercaderes,163,90,1,99,133,0,0,0,36,62,0,0,0,2,1,3,0
1212-2,1,136,mercaderes,163,90,1,96,146,0,0,0,36,62,0,0,0,2,1,3,0
1212-2,1,137,mercaderes,163,90,1,98,139,0,0,0,22,48,0,0,0,2,1,7,0
1212-2,1,138,mercaderes,163,90,1,99,134,0,0,0,22,48,0,0,0,2,1,2,0
1212-2,1,139,mercaderes,163,90,1,97,129,0,0,0,22,48,0,0,0,2,1,3,0
1212-2,1,140,mercaderes,171,90,1,96,128,0,0,0,22,48,0,0,0,2,1,3,0
1212-2,1,141,mercaderes,171,90,1,96,130,0,0,0,22,48,0,0,0,2,1,3,0
1212-2,1,142,mercaderes,171,90,1,95,132,0,0,0,22,48,0,0,0,2,1,3,0
1212-2,1,143,mercaderes,171,90,1,98,124,0,0,0,11,37,0,0,0,2,1,3,0
1212-2,1,144,mercaderes,171,90,1,86,115,0,0,0,11,28,0,0,0,2,1,3,0
1212-2,1,145,mercaderes,171,90,1,85,101,0,0,0,11,28,0,0,0,2,1,7,0
1212-2,1,146,mercaderes,171,90,1,84,94,0,0,0,11,28,0,0,0,2,1,2,0
1212-2,1,147,mercaderes,171,90,1,82,87,0,0,0,11,28,0,0,0,2,1,2,0
1212-2,1,148,mercaderes,179,90,1,84,80,0,0,0,11,28,0,0,0,2,1,2,0
1212-2,1,149,mercaderes,179,90,1,79,79,0,0,0,18,35,0,0,0,2,1,3,0
1212-2,1,150,mercaderes,179,90,1,95,76,0,0,0,18,44,0,0,0,2,1,2,0
1212-2,1,151,mercaderes,179,90,1,88,74,0,0,0,18,44,0,0,0,2,1,4,0
1212-2,1,152,mercaderes,179,90,1,103,72,0,0,0,18,51,0,0,0,2,1,3,0
1212-2,1,153,mercaderes,179,90,1,95,70,0,0,0,18,51,0,0,0,2,1,3,0
1212-2,1,154,mercaderes,179,90,1,103,68,0,0,0,18,51,0,0,0,2,1,3,0
1212-2,1,155,mercaderes,179,90,1,98,83,0,0,0,36,69,0,0,0,2,1,3,0
1212-2,1,156,mercaderes,179,90,1,108,98,0,0,0,36,69,0,0,0,2,1,3,0
1212-2,1,157,mercaderes,179,90,1,104,112,0,0,0,36,69,0,0,0,2,1,3,0
1212-2,1,158,mercaderes,179,90,1,103,125,0,0,0,36,69,0,0,0,2,1,3,0
1212-2,1,159,mercaderes,179,90,1,102,138,0,0,0,36,69,0,0,0,2,1,3,0
1212-2,1,160,mercaderes,179,90,1,104,150,0,0,0,36,69,0,0,0,2,1,2,0
1212-2,1,161,mercaderes,179,90,1,105,138,0,0,0,22,55,0,0,0,2,1,7,0
1212-2,1,162,mercaderes,179,90,1,105,133,0,0,0,22,55,0,0,0,2,1,2,0
1212-2,1,163,mercaderes,179,90,1,109,128,0,0,0,22,55,0,0,0,2,1,3,0
1212-2,1,164,mercaderes,187,90,1,105,128,0,0,0,22,55,0,0,0,2,1,3,0
1212-2,1,165,mercaderes,187,90,1,103,130,0,0,0,22,55,0,0,0,2,1,3,0
1212-2,1,166,mercaderes,187,90,1,101,132,0,0,0,22,55,0,0,0,2,1,3,0
1212-2,1,167,mercaderes,187,90,1,102,124,0,0,0,11,44,0,0,0,2,1,3,0
1212-2,1,168,mercaderes,187,90,1,98,115,0,0,0,11,32,0,0,0,2,1,3,0
1212-2,1,169,mercaderes,187,90,1,93,107,0,0,0,11,32,0,0,0,2,1,3,0
1212-2,1,170,mercaderes,187,90,1,88,94,0,0,0,11,32,0,0,0,2,1,8,0
1212-2,1,171,mercaderes,187,90,1,92,87,0,0,0,11,32,0,0,0,2,1,2,0
1212-2,1,172,mercaderes,187,90,1,93,80,0,0,0,11,32,0,0,0,2,1,2,0
1212-2,1,173,mercaderes,195,90,1,84,80,0,0,0,18,39,0,0,0,2,1,3,0
1212-2,1,174,mercaderes,195,90,1,99,77,0,0,0,18,51,0,0,0,2,1,3,0
1212-2,1,175,mercaderes,195,90,1,101,75,0,0,0,18,51,0,0,0,2,1,3,0
1212-2,1,176,mercaderes,195,90,1,108,73,0,0,0,18,51,0,0,0,2,1,3,0
1212-2,1,177,mercaderes,195,90,1,104,71,0,0,0,18,51,0,0,0,2,1,3,0
1212-2,1,178,mercaderes,195,90,1,103,69,0,0,0,18,51,0,0,0,2,1,3,0
1212-2,1,179,mercaderes,195,90,1,102,84,0,0,0,36,69,0,0,0,2,1,3,0
1212-2,1,180,mercaderes,195,90,1,111,99,0,0,0,36,69,0,0,0,2,1,3,0
1212-2,1,181,mercaderes,195,90,1,107,113,0,0,0,36,69,0,0,0,2,1,3,0
1212-2,1,182,mercaderes,195,90,1,106,126,0,0,0,36,69,0,0,0,2,1,3,0
1212-2,1,183,mercaderes,195,90,1,104,139,0,0,0,36,69,0,0,0,2,1,3,0
1212-2,1,184,mercaderes,195,90,1,105,151,0,0,0,36,69,0,0,0,2,1,2,0
1212-2,1,185,mercaderes,195,90,1,105,139,0,0,0,22,55,0,0,0,2,1,7,0
1212-2,1,186,mercaderes,195,90,1,105,134,0,0,0,22,55,0,0,0,2,1,2,0
1212-2,1,187,mercaderes,195,90,1,102,129,0,0,0,22,55,0,0,0,2,1,3,0
1212-2,1,188,mercaderes,203,90,1,110,128,0,0,0,22,55,0,0,0,2,1,3,0
1212-2,1,189,mercaderes,203,90,1,105,130,0,0,0,22,55,0,0,0,2,1,3,0
1212-2,1,190,mercaderes,203,90,1,102,132,0,0,0,22,55,0,0,0,2,1,3,0
1212-2,1,191,mercaderes,203,90,1,106,124,0,0,0,11,44,0,0,0,2,1,3,0
1212-2,1,192,mercaderes,203,90,1,91,115,0,0,0,11,32,0,0,0,2,1,3,0
1212-2,1,193,mercaderes,203,90,1,98,107,0,0,0,11,32,0,0,0,2,1,2,0
1212-2,1,194,mercaderes,203,90,1,89,94,0,0,0,11,32,0,0,0,2,1,8,0
1212-2,1,195,mercaderes,203,90,1,93,87,0,0,0,11,32,0,0,0,2,1,2,0
1212-2,1,196,mercaderes,203,90,1,84,80,0,0,0,11,32,0,0,0,2,1,3,0
1212-2,1,197,mercaderes,203,90,1,87,80,0,0,0,18,39,0,0,0,2,1,3,0
1212-2,1,198,mercaderes,211,90,1,101,77,0,0,0,18,51,0,0,0,2,1,3,0
1212-2,1,199,mercaderes,211,90,1,104,75,0,0,0,18,51,0,0,0,2,1,3,0
1212-2,1,200,mercaderes,211,90,1,100,73,0,0,0,18,51,0,0,0,2,1,3,0
1212-2,1,1,mesta,23,39,1,251,61,0,0,0,4,12,0,0,0,0,1,5,0
1212-2,1,2,mesta,22,33,1,200,45,0,0,0,4,7,0,0,0,0,1,4,0
1212-2,1,3,mesta,21,29,1,179,25,0,0,0,4,7,0,0,0,0,1,7,0
1212-2,1,4,mesta,21,29,1,177,22,0,0,0,4,6,0,0,0,0,1,0,1
1212-2,1,5,mesta,21,29,1,175,21,0,0,0,6,8,0,1,0,0,1,0,1
1212-2,1,6,mesta,39,29,1,87,22,0,0,0,6,18,0,0,0,1,1,5,0
1212-2,1,7,mesta,39,29,1,140,27,0,0,0,6,18,0,0,0,1,1,4,0
1212-2,1,8,mesta,39,25,1,63,22,0,0,0,6,18,0,0,0,1,1,5,0
1212-2,1,9,mesta,39,25,1,101,28,0,0,0,6,18,0,0,0,1,1,1,0
1212-2,1,10,mesta,39,25,1,72,27,2,0,0,6,18,0,1,0,1,1,3,0
1212-2,1,11,mesta,39,26,1,82,36,2,0,0,10,26,0,0,0,1,1,2,0
1212-2,1,12,mesta,39,27,1,73,43,2,0,0,10,26,0,0,0,1,1,2,0
1212-2,1,13,mesta,39,28,1,77,52,2,0,0,11,28,0,0,0,1,1,2,0
1212-2,1,14,mesta,39,29,1,71,56,2,0,0,11,28,0,0,0,1,1,2,0
1212-2,1,15,mesta,40,30,1,75,61,2,0,0,12,29,0,0,0,1,1,4,0
1212-2,1,16,mesta,40,31,1,79,66,2,0,0,12,31,0,0,0,1,1,2,0
1212-2,1,17,mesta,40,32,1,75,63,2,0,0,8,27,0,0,0,1,1,8,0
1212-2,1,18,mesta,40,33,1,91,63,2,0,0,8,28,0,0,0,1,1,3,0
1212-2,1,19,mesta,48,34,1,96,63,2,0,0,8,28,0,0,0,1,1,3,0
1212-2,1,20,mesta,64,35,1,101,63,2,0,0,8,28,0,0,0,2,1,3,0
1212-2,1,21,mesta,64,35,1,100,63,2,0,0,8,28,0,0,0,2,1,3,0
1212-2,1,22,mesta,64,35,1,105,63,2,0,0,8,28,0,0,0,2,1,3,0
1212-2,1,23,mesta,64,35,1,103,59,2,0,0,4,24,0,0,0,2,1,3,0
1212-2,1,24,mesta,64,35,1,97,49,2,0,0,4,21,0,0,0,2,1,8,0
1212-2,1,25,mesta,64,35,1,95,46,2,0,0,4,21,0,0,0,2,1,4,0
1212-2,1,26,mesta,64,35,1,97,47,2,0,0,4,21,0,0,0,2,1,4,0
1212-2,1,27,mesta,64,35,1,92,48,2,0,0,4,21,0,0,0,2,1,4,0
1212-2,1,28,mesta,72,35,1,94,49,2,0,0,4,21,0,0,0,2,1,4,0
1212-2,1,29,mesta,72,35,1,95,52,2,0,0,6,23,0,0,0,2,1,4,0
1212-2,1,30,mesta,72,35,1,105,51,2,0,0,6,26,0,0,0,2,1,6,0
1212-2,1,31,mesta,72,35,1,114,50,2,0,0,6,26,0,0,0,2,1,4,0
1212-2,1,32,mesta,72,35,1,123,49,2,0,0,6,26,0,0,0,2,1,4,0
1212-2,1,33,mesta,72,35,1,105,49,2,0,0,6,26,0,0,0,2,1,5,0
1212-2,1,34,mesta,92,35,1,136,49,16,0,0,6,26,0,0,0,2,1,4,0
1212-2,1,35,mesta,92,36,1,114,53,12,0,0,11,31,0,0,0,2,1,5,0
1212-2,1,36,mesta,92,37,1,306,55,7,0,0,11,31,0,0,0,2,1,5,0
1212-2,1,37,mesta,92,38,1,483,57,3,0,0,11,31,0,0,0,2,1,5,0
1212-2,1,38,mesta,92,37,1,614,59,0,0,0,11,31,0,0,0,2,1,6,0
1212-2,1,39,mesta,92,36,1,689,63,0,0,0,11,31,0,0,0,2,1,9,0
1212-2,1,40,mesta,92,35,1,657,70,0,0,0,11,31,0,0,0,2,1,6,0
1212-2,1,41,mesta,92,35,1,684,69,0,0,0,8,28,0,0,0,2,1,9,0
1212-2,1,42,mesta,92,35,1,662,72,0,0,0,8,28,0,0,0,2,1,3,0
1212-2,1,43,mesta,92,35,1,639,74,0,0,0,8,28,0,0,0,2,1,3,0
1212-2,1,44,mesta,100,35,1,616,76,0,0,0,8,28,0,0,0,2,1,3,0
1212-2,1,45,mesta,100,35,1,593,78,0,0,0,8,28,0,0,0,2,1,3,0
1212-2,1,46,mesta,100,35,1,576,80,0,0,0,8,28,0,0,0,2,1,3,0
1212-2,1,47,mesta,100,35,1,558,78,0,0,0,4,24,0,0,0,2,1,3,0
1212-2,1,48,mesta,100,35,1,536,76,0,0,0,4,21,0,0,0,2,1,3,0
1212-2,1,49,mesta,100,35,1,513,74,0,0,0,4,21,0,0,0,2,1,3,0
1212-2,1,50,mesta,100,35,1,490,64,0,0,0,4,21,0,0,0,2,1,8,0
1212-2,1,51,mesta,100,35,1,466,63,0,0,0,4,21,0,0,0,2,1,3,0
1212-2,1,52,mesta,100,35,1,442,62,0,0,0,4,21,0,0,0,2,1,3,0
1212-2,1,53,mesta,100,35,1,390,63,0,0,0,6,23,0,0,0,2,1,4,0
1212-2,1,54,mesta,100,35,1,389,64,0,0,0,6,26,0,0,0,2,1,9,0
1212-2,1,55,mesta,108,35,1,388,65,0,0,0,6,26,0,0,0,2,1,4,0
1212-2,1,56,mesta,108,35,1,387,66,0,0,0,6,26,0,0,0,2,1,4,0
1212-2,1,57,mesta,108,35,1,386,67,0,0,0,6,26,0,0,0,2,1,4,0
1212-2,1,58,mesta,128,35,1,384,68,32,0,0,6,26,0,0,0,2,1,4,0
1212-2,1,59,mesta,128,36,1,406,75,28,0,0,13,33,0,0,0,2,1,5,0
1212-2,1,60,mesta,128,37,1,571,81,24,0,0,13,33,0,0,0,2,1,5,0
1212-2,1,61,mesta,128,38,1,733,87,20,0,0,13,33,0,0,0,2,1,5,0
1212-2,1,62,mesta,128,39,1,893,93,16,0,0,13,33,0,0,0,2,1,5,0
1212-2,1,63,mesta,129,40,1,1051,98,12,0,0,13,33,0,0,0,2,1,10,0
1212-2,1,64,mesta,129,42,1,1159,102,8,0,0,13,35,0,0,0,2,1,6,0
1212-2,1,65,mesta,129,42,1,1313,58,5,0,0,8,30,0,0,0,2,1,10,0
1212-2,1,66,mesta,129,42,1,1369,59,2,0,0,8,30,0,0,0,2,1,6,0
1212-2,1,67,mesta,168,97,2,1474,61,2,0,0,8,30,0,0,0,3,1,5,0
1212-2,1,68,mesta,176,97,2,1450,54,2,0,0,8,40,0,0,0,3,1,6,0
1212-2,1,69,mesta,176,97,2,1426,45,2,0,0,8,40,0,1,0,3,1,5,0
1212-2,1,70,mesta,175,97,2,1412,44,2,0,0,15,47,1,1,0,3,1,5,0
1212-2,1,71,mesta,174,97,2,1397,44,2,0,0,11,43,1,0,0,3,1,4,0
1212-2,1,72,mesta,173,95,2,1378,44,2,0,0,11,39,1,0,0,3,1,4,0
1212-2,1,73,mesta,171,93,2,1359,44,2,0,0,10,38,1,0,0,3,1,5,0
1212-2,1,74,mesta,170,91,2,1337,44,2,0,0,10,31,1,0,0,3,1,4,0
1212-2,1,75,mesta,168,89,2,1314,44,2,0,0,10,30,1,0,0,3,1,4,0
1212-2,1,76,mesta,167,87,2,1293,44,2,0,0,9,29,1,0,0,3,1,4,0
1212-2,1,77,mesta,167,87,2,1226,46,2,0,0,14,33,0,0,0,3,1,5,0
1212-2,1,78,mesta,167,87,2,1211,43,2,0,0,14,37,0,1,0,3,1,11,0
1212-2,1,79,mesta,167,87,2,1191,44,2,0,0,18,41,0,1,0,3,1,6,0
1212-2,1,80,mesta,129,37,1,1186,49,2,0,0,6,26,0,1,0,3,1,5,0
1212-2,1,81,mesta,129,37,1,1186,52,2,0,0,6,26,0,0,0,3,1,5,0
1212-2,1,82,mesta,179,37,1,1186,55,38,0,0,6,26,0,0,0,3,1,5,0
1212-2,1,83,mesta,179,37,1,1207,65,34,0,0,13,33,0,0,0,3,1,5,0
1212-2,1,84,mesta,179,38,1,1376,73,30,0,0,13,33,0,0,0,3,1,5,0
1212-2,1,85,mesta,179,39,1,1541,81,26,0,0,13,33,0,0,0,3,1,5,0
1212-2,1,86,mesta,179,39,1,1703,90,22,0,0,13,33,0,0,0,3,1,6,0
1212-2,1,87,mesta,179,39,1,1813,99,18,0,0,13,33,0,0,0,3,1,11,0
1212-2,1,88,mesta,179,39,1,1971,107,14,0,0,13,33,0,0,0,3,1,6,0
1212-2,1,89,mesta,179,39,1,2158,101,11,0,0,8,28,0,0,0,3,1,10,0
1212-2,1,90,mesta,179,39,1,2262,104,8,0,0,8,28,0,0,0,3,1,5,0
1212-2,1,91,mesta,179,39,1,2245,106,5,0,0,8,28,0,0,0,3,1,5,0
1212-2,1,92,mesta,187,39,1,2362,109,2,0,0,8,28,0,0,0,3,1,6,0
1212-2,1,93,mesta,187,39,1,2463,109,2,0,0,8,28,0,0,0,3,1,4,0
1212-2,1,94,mesta,187,39,1,2451,112,2,0,0,8,28,0,0,0,3,1,4,0
1212-2,1,95,mesta,187,39,1,2387,111,2,0,0,4,24,0,0,0,3,1,4,0
1212-2,1,96,mesta,187,39,1,2369,110,2,0,0,4,21,0,0,0,3,1,5,0
1212-2,1,97,mesta,187,39,1,2353,109,2,0,0,4,21,0,0,0,3,1,4,0
1212-2,1,98,mesta,187,39,1,2335,108,2,0,0,4,21,0,0,0,3,1,4,0
1212-2,1,99,mesta,187,39,1,2269,108,2,0,0,4,21,0,0,0,3,1,4,0
1212-2,1,100,mesta,187,39,1,2251,108,2,0,0,4,21,0,0,0,3,1,5,0
1212-2,1,101,mesta,187,39,1,2201,109,2,0,0,6,23,0,0,0,3,1,5,0
1212-2,1,102,mesta,187,39,1,2202,101,2,0,0,6,26,0,0,0,3,1,15,0
1212-2,1,103,mesta,187,39,1,2153,100,2,0,0,6,26,0,0,0,3,1,5,0
1212-2,1,104,mesta,187,39,1,2154,101,2,0,0,8,28,0,0,0,3,1,6,0
1212-2,1,105,mesta,187,39,1,2150,102,2,0,0,8,28,0,0,0,3,1,5,0
1212-2,1,106,mesta,245,39,1,2151,103,34,0,0,8,28,0,0,0,3,1,5,0
1212-2,1,107,mesta,246,40,1,2123,111,30,0,0,16,36,0,0,0,3,1,5,0
1212-2,1,108,mesta,246,42,1,2291,117,26,0,0,16,38,0,0,0,3,1,6,0
1212-2,1,109,mesta,246,44,1,2456,123,22,0,0,16,38,0,0,0,3,1,5,0
1212-2,1,110,mesta,247,46,1,2619,125,18,0,0,13,35,0,0,0,3,1,5,0
1212-2,1,111,mesta,247,46,1,2730,127,14,0,0,13,35,0,0,0,3,1,10,0
1212-2,1,112,mesta,247,46,1,2889,128,10,0,0,13,35,0,0,0,3,1,6,0
1212-2,1,113,mesta,247,46,1,3076,125,7,0,0,8,30,0,0,0,3,1,5,0
1212-2,1,114,mesta,247,46,1,3176,123,4,0,0,8,30,0,0,0,3,1,5,0
1212-2,1,115,mesta,247,46,1,3246,121,1,0,0,8,30,0,0,0,3,1,5,0
1212-2,1,116,mesta,247,46,1,3349,119,1,0,0,8,30,0,0,0,3,1,5,0
1212-2,1,117,mesta,248,50,1,3348,122,1,0,0,8,30,0,0,0,3,1,5,0
1212-2,1,118,mesta,247,46,1,3314,112,1,0,0,8,32,0,0,0,3,1,5,0
1212-2,1,119,mesta,247,46,1,3253,109,1,0,0,4,26,0,0,0,3,1,4,0
1212-2,1,120,mesta,247,46,1,3238,107,1,0,0,4,22,0,0,0,3,1,5,0
1212-2,1,121,mesta,247,46,1,3220,105,1,0,0,4,22,0,0,0,3,1,4,0
1212-2,1,122,mesta,247,46,1,3204,103,1,0,0,4,22,0,0,0,3,1,4,0
1212-2,1,123,mesta,247,46,1,3136,101,1,0,0,4,22,0,0,0,3,1,4,0
1212-2,1,124,mesta,247,46,1,3120,99,1,0,0,4,22,0,0,0,3,1,5,0
1212-2,1,125,mesta,247,46,1,3068,99,1,0,0,6,24,0,0,0,3,1,5,0
1212-2,1,126,mesta,247,46,1,3071,96,1,0,0,6,28,0,0,0,3,1,10,0
1212-2,1,127,mesta,247,46,1,3024,93,1,0,0,6,28,0,0,0,3,1,5,0
1212-2,1,128,mesta,247,46,1,3022,90,1,0,0,6,28,0,0,0,3,1,6,0
1212-2,1,129,mesta,247,46,1,3024,87,1,0,0,6,28,0,0,0,3,1,5,0
1212-2,1,130,mesta,297,46,1,3026,84,28,0,0,6,28,0,0,0,3,1,5,0
1212-2,1,131,mesta,297,46,1,2999,88,24,0,0,13,35,0,0,0,3,1,5,0
1212-2,1,132,mesta,297,46,1,3169,91,20,0,0,13,35,0,0,0,3,1,6,0
1212-2,1,133,mesta,297,46,1,3335,94,16,0,0,13,35,0,0,0,3,1,5,0
1212-2,1,134,mesta,297,46,1,3495,97,12,0,0,13,35,0,0,0,3,1,5,0
1212-2,1,135,mesta,297,46,1,3607,100,8,0,0,13,35,0,0,0,3,1,10,0
1212-2,1,136,mesta,297,46,1,3767,103,4,0,0,13,35,0,0,0,3,1,6,0
1212-2,1,137,mesta,297,46,1,3955,101,1,0,0,8,30,0,0,0,3,1,5,0
1212-2,1,138,mesta,297,46,1,4045,100,1,0,0,8,30,0,0,0,3,1,4,0
1212-2,1,139,mesta,297,46,1,3985,102,1,0,0,8,30,0,0,0,3,1,4,0
1212-2,1,140,mesta,297,46,1,3975,104,1,0,0,8,30,0,0,0,3,1,5,0
1212-2,1,141,mesta,297,46,1,3960,106,1,0,0,8,30,0,0,0,3,1,4,0
1212-2,1,142,mesta,297,46,1,3950,108,1,0,0,8,30,0,0,0,3,1,4,0
1212-2,1,143,mesta,297,46,1,3887,106,1,0,0,4,26,0,0,0,3,1,4,0
1212-2,1,144,mesta,297,46,1,3872,104,1,0,0,4,22,0,0,0,3,1,5,0
1212-2,1,145,mesta,297,46,1,3855,102,1,0,0,4,22,0,0,0,3,1,4,0
1212-2,1,146,mesta,297,46,1,3840,100,1,0,0,4,22,0,0,0,3,1,4,0
1212-2,1,147,mesta,297,46,1,3775,98,1,0,0,4,22,0,0,0,3,1,4,0
1212-2,1,148,mesta,297,46,1,3760,96,1,0,0,4,22,0,0,0,3,1,5,0
1212-2,1,149,mesta,297,46,1,3711,96,1,0,0,6,24,0,0,0,3,1,5,0
1212-2,1,150,mesta,297,46,1,3714,93,1,0,0,6,28,0,0,0,3,1,10,0
1212-2,1,151,mesta,297,46,1,3667,90,1,0,0,6,28,0,0,0,3,1,6,0
1212-2,1,152,mesta,297,46,1,3665,85,1,0,0,6,28,0,0,0,3,1,6,0
1212-2,1,153,mesta,296,46,1,3668,81,1,0,0,6,28,1,0,0,3,1,5,0
1212-2,1,154,mesta,345,46,1,3671,81,28,0,0,6,28,1,0,0,3,1,5,0
1212-2,1,155,mesta,345,46,1,3645,83,24,0,0,13,35,0,0,0,3,1,5,0
1212-2,1,156,mesta,345,46,1,3814,84,20,0,0,13,35,0,0,0,3,1,6,0
1212-2,1,157,mesta,345,46,1,3980,85,16,0,0,13,35,0,0,0,3,1,5,0
1212-2,1,158,mesta,345,46,1,4143,86,12,0,0,13,35,0,0,0,3,1,5,0
1212-2,1,159,mesta,345,46,1,4255,87,8,0,0,13,35,0,0,0,3,1,10,0
1212-2,1,160,mesta,345,46,1,4410,88,4,0,0,13,35,0,0,0,3,1,6,0
1212-2,1,161,mesta,345,46,1,4598,84,1,0,0,8,30,0,0,0,3,1,5,0
1212-2,1,162,mesta,345,46,1,4688,81,1,0,0,8,30,0,0,0,3,1,4,0
1212-2,1,163,mesta,344,46,1,4627,84,1,0,0,8,30,1,0,0,3,1,4,0
1212-2,1,164,mesta,344,46,1,4616,84,1,0,0,8,30,0,0,0,3,1,4,0
1212-2,1,165,mesta,344,46,1,4605,84,1,0,0,8,30,0,0,0,3,1,5,0
1212-2,1,166,mesta,344,46,1,4589,84,1,0,0,8,30,0,0,0,3,1,4,0
1212-2,1,167,mesta,343,46,1,4527,84,1,0,0,4,26,1,0,0,3,1,4,0
1212-2,1,168,mesta,342,46,1,4509,84,1,0,0,4,22,1,0,0,3,1,4,0
1212-2,1,169,mesta,341,45,1,4493,84,1,0,0,4,22,1,0,0,3,1,4,0
1212-2,1,170,mesta,339,44,1,4475,84,1,0,0,4,22,1,0,0,3,1,4,0
1212-2,1,171,mesta,338,43,1,4459,84,1,0,0,4,22,1,0,0,3,1,4,0
1212-2,1,172,mesta,337,42,1,4445,84,1,0,0,4,22,1,0,0,3,1,4,0
1212-2,1,173,mesta,336,41,1,4395,84,1,0,0,6,24,1,0,0,3,1,5,0
1212-2,1,174,mesta,335,40,1,4398,81,1,0,0,6,28,1,0,0,3,1,10,0
1212-2,1,175,mesta,333,39,1,4397,81,1,0,0,6,28,1,0,0,3,1,5,0
1212-2,1,176,mesta,332,38,1,4398,81,1,0,0,6,25,1,0,0,3,1,5,0
1212-2,1,177,mesta,331,37,1,4398,81,1,0,0,6,25,1,0,0,3,1,5,0
1212-2,1,178,mesta,380,36,1,4398,81,17,0,0,6,25,1,0,0,3,1,5,0
1212-2,1,179,mesta,380,36,1,4419,81,13,0,0,10,28,0,0,0,3,1,6,0
1212-2,1,180,mesta,380,36,1,4527,82,9,0,0,12,27,0,0,0,3,1,6,0
1212-2,1,181,mesta,380,36,1,4686,83,5,0,0,12,27,0,0,0,3,1,6,0
1212-2,1,182,mesta,380,36,1,4844,84,1,0,0,12,27,0,0,0,3,1,5,0
1212-2,1,183,mesta,380,36,1,4978,86,1,0,0,13,29,0,0,0,3,1,10,0
1212-2,1,184,mesta,380,36,1,4927,89,1,0,0,13,29,0,0,0,3,1,5,0
1212-2,1,185,mesta,380,36,1,4962,87,1,0,0,8,24,0,0,0,3,1,5,0
1212-2,1,186,mesta,380,36,1,4947,88,1,0,0,8,24,0,0,0,3,1,4,0
1212-2,1,187,mesta,380,36,1,4928,89,1,0,0,8,24,0,0,0,3,1,4,0
1212-2,1,188,mesta,380,36,1,4863,90,1,0,0,8,24,0,0,0,3,1,4,0
1212-2,1,189,mesta,540,36,1,4844,91,1,0,0,8,24,0,1,1,4,1,5,0
1212-2,1,190,mesta,540,36,1,4828,94,1,0,0,8,24,0,0,0,4,1,5,0
1212-2,1,191,mesta,540,36,1,4812,93,1,0,0,4,20,0,0,0,4,1,4,0
1212-2,1,192,mesta,540,36,1,4746,92,1,0,0,4,20,0,0,0,4,1,4,0
1212-2,1,193,mesta,540,36,1,4730,91,1,0,0,4,20,0,0,0,4,1,5,0
1212-2,1,194,mesta,540,36,1,4716,90,1,0,0,4,20,0,0,0,4,1,4,0
1212-2,1,195,mesta,540,36,1,4702,89,1,0,0,4,20,0,0,0,4,1,4,0
1212-2,1,196,mesta,540,36,1,4638,88,1,0,0,4,20,0,0,0,4,1,4,0
1212-2,1,197,mesta,540,36,1,4586,89,1,0,0,6,22,0,0,0,4,1,6,0
1212-2,1,198,mesta,540,36,1,4586,87,1,0,0,6,24,0,0,0,4,1,10,0
1212-2,1,199,mesta,540,36,1,4586,85,1,0,0,6,24,0,0,0,4,1,5,0
1212-2,1,200,mesta,540,36,1,4546,83,1,0,0,6,24,0,0,0,4,1,4,0
1212-2,1,1,monjes,35,96,1,36,58,0,0,0,15,35,0,0,0,0,1,4,0
1212-2,1,2,monjes,35,96,1,31,46,0,0,0,15,24,0,0,0,0,1,1,0
1212-2,1,3,monjes,35,96,1,36,32,0,0,0,15,24,0,0,0,0,1,0,1
1212-2,1,4,monjes,35,96,1,41,19,0,0,0,15,24,0,1,0,0,1,0,1
1212-2,1,5,monjes,35,96,1,46,28,0,0,0,36,45,0,1,0,0,1,0,1
1212-2,1,6,monjes,35,96,1,68,39,0,0,0,36,62,0,0,0,0,1,1,0
1212-2,1,7,monjes,35,96,1,82,49,0,0,0,36,62,0,0,0,0,1,2,0
1212-2,1,8,monjes,35,96,1,86,61,0,0,0,36,62,0,0,0,0,1,3,0
1212-2,1,9,monjes,34,92,1,73,65,0,0,0,36,62,0,0,0,0,1,4,0
1212-2,1,10,monjes,34,90,1,68,62,0,0,0,36,62,0,0,0,0,1,9,0
1212-2,1,11,monjes,52,90,1,62,108,0,0,0,78,98,0,0,0,1,1,3,0
1212-2,1,12,monjes,52,90,1,81,179,0,0,0,98,118,0,0,0,1,1,1,0
1212-2,1,13,monjes,67,90,1,83,245,0,0,0,98,118,0,0,0,2,1,2,0
1212-2,1,14,monjes,67,90,1,82,302,0,0,0,98,118,0,0,0,2,1,3,0
1212-2,1,15,monjes,67,90,1,96,356,0,0,0,98,118,0,0,0,2,1,3,0
1212-2,1,16,monjes,67,90,1,103,409,0,0,0,98,118,0,0,0,2,1,3,0
1212-2,1,17,monjes,67,90,1,102,406,0,0,0,56,76,0,0,0,2,1,13,0
1212-2,1,18,monjes,75,90,1,99,407,0,0,0,45,65,0,0,0,2,1,3,0
1212-2,1,19,monjes,75,90,1,96,408,0,0,0,45,65,0,0,0,2,1,3,0
1212-2,1,20,monjes,75,90,1,93,409,0,0,0,45,65,0,0,0,2,1,3,0
1212-2,1,21,monjes,75,90,1,97,400,0,0,0,45,65,0,0,0,2,1,13,0
1212-2,1,22,monjes,75,90,1,94,402,0,0,0,45,65,0,0,0,2,1,3,0
1212-2,1,23,monjes,83,90,1,98,380,0,0,0,22,42,0,0,0,2,1,3,0
1212-2,1,24,monjes,83,90,1,111,357,0,0,0,22,36,0,0,0,2,1,3,0
1212-2,1,25,monjes,83,90,1,96,333,0,0,0,17,31,0,0,0,2,1,3,0
1212-2,1,26,monjes,83,90,1,94,308,0,0,0,17,31,0,0,0,2,1,8,0
1212-2,1,27,monjes,83,90,1,100,284,0,0,0,17,31,0,0,0,2,1,3,0
1212-2,1,28,monjes,91,90,1,96,262,0,0,0,17,31,0,0,0,2,1,3,0
1212-2,1,29,monjes,91,90,1,93,259,0,0,0,36,50,0,0,0,2,1,3,0
1212-2,1,30,monjes,91,90,1,106,256,0,0,0,36,56,0,0,0,2,1,3,0
1212-2,1,31,monjes,91,90,1,109,254,0,0,0,36,56,0,0,0,2,1,3,0
1212-2,1,32,monjes,91,90,1,112,248,0,0,0,36,56,0,0,0,2,1,8,0
1212-2,1,33,monjes,91,90,1,114,246,0,0,0,36,56,0,0,0,2,1,3,0
1212-2,1,34,monjes,99,90,1,116,244,0,0,0,36,56,0,0,0,2,1,3,0
1212-2,1,35,monjes,99,90,1,118,277,0,0,0,72,92,0,0,0,2,1,3,0
1212-2,1,36,monjes,99,90,1,120,308,0,0,0,72,92,0,0,0,2,1,3,0
1212-2,1,37,monjes,99,90,1,123,338,0,0,0,72,92,0,0,0,2,1,3,0
1212-2,1,38,monjes,99,90,1,100,368,0,0,0,72,92,0,0,0,2,1,4,0
1212-2,1,39,monjes,99,90,1,104,396,0,1,0,72,92,0,0,0,2,1,3,0
1212-2,1,40,monjes,99,90,1,107,423,0,1,0,72,92,0,0,0,2,1,3,0
1212-2,1,41,monjes,99,94,1,109,430,0,1,0,45,65,0,0,0,2,1,4,0
1212-2,1,42,monjes,99,90,1,82,420,0,1,0,45,65,0,0,0,2,1,4,0
1212-2,1,43,monjes,99,90,1,102,412,0,1,0,45,65,0,0,0,2,1,8,0
1212-2,1,44,monjes,99,90,1,101,412,0,1,0,45,65,0,0,0,2,1,3,0
1212-2,1,45,monjes,107,90,1,103,412,0,1,0,45,65,0,0,0,2,1,3,0
1212-2,1,46,monjes,106,89,1,105,398,0,1,0,45,65,0,0,0,2,1,6,0
1212-2,1,47,monjes,106,89,1,97,373,0,1,0,17,36,0,0,0,2,1,3,0
1212-2,1,48,monjes,106,89,1,92,348,0,1,0,17,30,0,0,0,2,1,3,0
1212-2,1,49,monjes,135,94,2,99,328,0,1,0,22,35,0,0,0,3,1,5,0
1212-2,1,50,monjes,135,94,2,79,286,0,1,0,22,35,0,0,0,3,1,14,0
1212-2,1,51,monjes,135,94,2,91,264,0,1,0,22,35,0,0,0,3,1,4,0
1212-2,1,52,monjes,143,94,2,54,207,0,1,0,22,35,0,1,0,3,1,4,0
1212-2,1,53,monjes,143,94,2,67,205,0,1,0,40,53,0,0,0,3,1,5,0
1212-2,1,54,monjes,242,149,3,91,197,0,1,0,42,61,0,1,0,4,1,8,0
1212-2,1,55,monjes,243,154,3,77,192,0,1,0,39,72,0,0,0,4,1,6,0
1212-2,1,56,monjes,244,157,3,75,189,0,0,0,49,79,0,2,0,4,1,9,0
1212-2,1,57,monjes,244,155,3,49,162,0,0,0,60,90,0,1,0,4,1,7,0
1212-2,1,58,monjes,252,158,3,51,181,0,0,0,60,95,0,0,0,4,1,1,0
1212-2,1,59,monjes,262,167,4,95,292,0,0,0,122,158,0,1,0,4,1,1,0
1212-2,1,60,monjes,262,169,4,48,313,0,0,0,122,158,0,0,0,4,1,5,0
1212-2,1,61,monjes,263,171,4,81,369,0,0,0,123,159,0,0,0,4,1,2,0
1212-2,1,62,monjes,279,212,5,92,424,0,0,0,124,161,0,1,0,4,1,4,0
1212-2,1,63,monjes,280,218,5,73,470,0,0,0,125,168,0,0,0,4,1,5,0
1212-2,1,64,monjes,281,224,5,91,510,0,0,0,126,168,0,1,0,4,1,3,0
1212-2,1,65,monjes,283,230,5,88,511,0,0,0,87,129,0,0,0,4,1,8,0
1212-2,1,66,monjes,284,236,5,78,514,0,0,0,88,132,0,0,0,4,1,3,0
1212-2,1,67,monjes,293,243,5,90,513,0,0,0,89,134,0,1,0,4,1,4,0
1212-2,1,68,monjes,295,250,5,81,525,0,0,0,101,146,0,0,0,4,1,3,0
1212-2,1,69,monjes,296,258,5,95,534,0,0,0,103,152,0,1,0,4,1,5,0
1212-2,1,70,monjes,298,266,5,99,542,0,0,0,103,155,0,1,0,4,1,3,0
1212-2,1,71,monjes,298,266,5,95,503,0,0,0,58,110,0,0,0,4,1,8,0
1212-2,1,72,monjes,298,266,5,95,467,0,0,0,58,104,0,0,0,4,1,4,0
1212-2,1,73,monjes,306,266,5,83,432,0,0,0,58,104,0,1,0,4,1,3,0
1212-2,1,74,monjes,306,266,5,77,398,0,0,0,58,104,0,0,0,4,1,4,0
1212-2,1,75,monjes,306,266,5,79,365,0,0,0,58,104,0,1,0,4,1,3,0
1212-2,1,76,monjes,306,266,5,87,340,0,0,0,61,107,0,1,0,4,1,4,0
1212-2,1,77,monjes,307,274,5,86,346,0,0,0,95,140,0,1,0,4,1,9,0
1212-2,1,78,monjes,309,282,5,98,352,0,0,0,96,158,0,1,0,4,1,5,0
1212-2,1,79,monjes,311,290,5,101,357,0,0,0,97,159,0,1,0,4,1,4,0
1212-2,1,80,monjes,320,299,5,108,364,0,0,0,99,164,0,0,0,4,1,4,0
1212-2,1,81,monjes,322,308,5,115,369,0,0,0,99,165,0,0,0,4,1,4,0
1212-2,1,82,monjes,324,317,5,122,372,0,0,0,100,167,0,0,0,4,1,4,0
1212-2,1,83,monjes,326,326,5,104,452,0,0,0,182,250,0,0,0,4,1,5,0
1212-2,1,84,monjes,327,331,5,114,527,0,1,0,183,252,0,0,0,4,1,4,0
1212-2,1,85,monjes,328,336,5,120,598,0,1,0,183,254,0,0,0,4,1,3,0
1212-2,1,86,monjes,329,341,5,127,664,0,1,0,183,254,0,0,0,4,1,3,0
1212-2,1,87,monjes,330,346,5,109,727,0,1,0,183,255,0,0,0,4,1,4,0
1212-2,1,88,monjes,331,351,5,118,782,0,1,0,183,255,0,0,0,4,1,8,0
1212-2,1,89,monjes,332,356,5,108,779,0,1,0,120,192,0,0,0,4,1,3,0
1212-2,1,90,monjes,341,362,5,112,773,0,1,0,120,196,0,0,0,4,1,3,0
1212-2,1,91,monjes,342,368,5,116,766,0,1,0,120,196,0,0,0,4,1,3,0
1212-2,1,92,monjes,343,374,5,111,759,0,1,0,120,196,0,0,0,4,1,3,0
1212-2,1,93,monjes,345,380,5,116,750,0,1,0,120,197,0,0,0,4,1,3,0
1212-2,1,94,monjes,346,386,5,10,731,0,1,0,120,197,0,0,0,4,1,9,0
1212-2,1,95,monjes,346,386,5,60,665,0,1,0,70,150,0,0,0,4,1,2,0
1212-2,1,96,monjes,354,386,5,103,602,0,1,0,70,144,0,0,0,4,1,2,0
1212-2,1,97,monjes,354,386,5,113,546,0,1,0,70,144,0,0,0,4,1,3,0
1212-2,1,98,monjes,353,381,5,120,487,0,1,0,70,144,0,0,0,4,1,7,0
1212-2,1,99,monjes,353,381,5,122,439,0,1,0,70,144,0,0,0,4,1,4,0
1212-2,1,100,monjes,353,381,5,124,394,0,1,0,70,144,0,0,0,4,1,9,0
1212-2,1,101,monjes,354,389,5,106,383,0,1,0,102,176,0,0,0,4,1,5,0
1212-2,1,102,monjes,365,403,6,124,366,0,2,0,102,182,0,0,0,4,1,5,0
1212-2,1,103,monjes,373,403,6,111,350,0,2,0,102,183,0,0,0,4,1,6,0
1212-2,1,104,monjes,373,403,6,108,336,0,2,0,102,183,0,1,0,4,1,5,0
1212-2,1,105,monjes,375,412,6,109,330,0,2,0,108,189,0,0,0,4,1,4,0
1212-2,1,106,monjes,377,420,6,106,320,0,1,0,109,190,0,0,0,4,1,9,0
1212-2,1,107,monjes,385,424,6,113,396,0,1,0,201,283,0,0,0,4,1,4,0
1212-2,1,108,monjes,386,428,6,125,465,0,1,0,201,285,0,0,0,4,1,4,0
1212-2,1,109,monjes,387,432,6,116,531,0,1,0,201,286,0,0,0,4,1,5,0
1212-2,1,110,monjes,388,436,6,129,593,0,2,0,201,286,0,0,0,4,1,4,0
1212-2,1,111,monjes,389,440,6,133,650,0,0,0,201,286,0,0,0,4,1,9,0
1212-2,1,112,monjes,389,444,6,120,711,0,0,0,203,288,0,0,0,4,1,5,0
1212-2,1,113,monjes,399,450,6,112,698,0,1,0,132,219,0,0,0,4,1,3,0
1212-2,1,114,monjes,400,456,6,114,677,0,1,0,132,219,0,0,0,4,1,8,0
1212-2,1,115,monjes,401,462,6,120,659,0,1,0,132,219,0,0,0,4,1,5,0
1212-2,1,116,monjes,402,468,6,116,650,0,1,0,132,214,0,0,0,4,1,5,0
1212-2,1,117,monjes,403,474,6,132,634,0,1,0,132,215,0,0,0,4,1,9,0
1212-2,1,118,monjes,405,480,6,134,623,0,1,0,132,216,0,0,0,4,1,4,0
1212-2,1,119,monjes,405,480,6,136,557,0,1,0,76,161,0,0,0,4,1,4,0
1212-2,1,120,monjes,413,480,6,132,494,0,1,0,76,155,0,0,0,4,1,4,0
1212-2,1,121,monjes,413,480,6,128,433,0,1,0,76,155,0,0,0,4,1,4,0
1212-2,1,122,monjes,413,480,6,133,374,0,1,0,76,155,0,0,0,4,1,4,0
1212-2,1,123,monjes,413,480,6,129,318,0,1,0,76,155,0,0,0,4,1,4,0
1212-2,1,124,monjes,413,480,6,136,259,0,1,0,76,155,0,0,0,4,1,9,0
1212-2,1,125,monjes,412,475,6,143,233,0,1,0,112,191,0,0,0,4,1,7,0
1212-2,1,126,monjes,412,475,6,143,217,0,1,0,112,196,0,1,0,4,1,3,0
1212-2,1,127,monjes,420,475,6,140,201,0,1,0,112,196,0,0,0,4,1,3,0
1212-2,1,128,monjes,420,475,6,133,191,0,1,0,112,196,0,0,0,4,1,3,0
1212-2,1,129,monjes,420,475,6,126,182,0,1,0,112,196,0,0,0,4,1,3,0
1212-2,1,130,monjes,429,480,7,128,173,0,1,0,112,196,0,0,0,4,1,4,0
1212-2,1,131,monjes,431,493,7,47,210,0,1,0,203,287,0,0,0,4,1,6,0
1212-2,1,132,monjes,434,507,7,66,269,0,2,0,203,289,0,1,0,4,1,4,0
1212-2,1,133,monjes,457,581,8,92,336,0,2,0,220,307,0,1,0,4,1,4,0
1212-2,1,134,monjes,459,592,8,76,404,0,0,0,243,340,0,1,0,4,1,12,0
1212-2,1,135,monjes,461,603,8,91,489,0,0,0,263,360,0,2,0,4,1,6,0
1212-2,1,136,monjes,462,608,8,105,604,0,0,0,299,399,0,1,0,4,1,4,0
1212-2,1,137,monjes,623,613,8,106,626,0,0,0,204,304,0,1,1,5,1,4,0
1212-2,1,138,monjes,632,618,8,109,651,0,0,0,204,304,0,0,0,5,1,4,0
1212-2,1,139,monjes,633,623,8,113,674,0,0,0,204,305,0,0,0,5,1,4,0
1212-2,1,140,monjes,634,628,8,107,696,0,0,0,204,305,0,0,0,5,1,4,0
1212-2,1,141,monjes,635,633,8,111,713,0,0,0,204,305,0,1,0,5,1,5,0
1212-2,1,142,monjes,636,639,8,117,729,0,0,0,204,311,0,0,0,5,1,9,0
1212-2,1,143,monjes,636,639,8,123,655,0,0,0,111,218,0,0,0,5,1,4,0
1212-2,1,144,monjes,644,639,8,123,582,0,0,0,111,212,0,0,0,5,1,5,0
1212-2,1,145,monjes,644,639,8,123,512,0,0,0,111,212,0,1,0,5,1,4,0
1212-2,1,146,monjes,644,639,8,108,447,0,0,0,111,212,0,0,0,5,1,4,0
1212-2,1,147,monjes,644,639,8,98,383,0,0,0,111,212,0,0,0,5,1,4,0
1212-2,1,148,monjes,644,639,8,107,316,0,0,0,111,212,0,1,0,5,1,10,0
1212-2,1,149,monjes,646,645,8,116,312,0,0,0,172,272,0,1,0,5,1,4,0
1212-2,1,150,monjes,646,648,8,134,306,0,0,0,172,281,0,0,0,5,1,4,0
1212-2,1,151,monjes,655,653,8,112,298,0,0,0,172,282,0,1,0,5,1,7,0
1212-2,1,152,monjes,655,653,8,134,271,0,1,0,154,266,0,1,0,5,1,4,0
1212-2,1,153,monjes,655,653,8,129,253,0,1,0,159,271,0,0,0,5,1,5,0
1212-2,1,154,monjes,655,653,8,115,236,0,2,0,159,271,0,0,0,5,1,5,0
1212-2,1,155,monjes,656,658,8,126,346,0,3,0,291,403,0,1,0,5,1,5,0
1212-2,1,156,monjes,657,663,8,136,451,0,1,0,292,411,0,0,0,5,1,9,0
1212-2,1,157,monjes,658,668,8,128,556,0,1,0,294,413,0,0,0,5,1,5,0
1212-2,1,158,monjes,659,673,8,124,651,0,2,0,295,415,0,1,0,5,1,6,0
1212-2,1,159,monjes,660,678,8,122,746,0,3,0,296,416,0,0,0,5,1,4,0
1212-2,1,160,monjes,661,683,8,132,838,0,3,0,296,416,0,1,0,5,1,4,0
1212-2,1,161,monjes,670,689,8,144,834,0,3,0,199,321,0,0,0,5,1,5,0
1212-2,1,162,monjes,672,695,8,156,826,0,3,0,199,321,0,1,0,5,1,5,0
1212-2,1,163,monjes,673,701,8,118,819,0,3,0,199,321,0,0,0,5,1,5,0
1212-2,1,164,monjes,674,707,8,131,811,0,3,0,199,322,0,0,0,5,1,4,0
1212-2,1,165,monjes,675,714,8,147,800,0,3,0,199,325,0,1,0,5,1,4,0
1212-2,1,166,monjes,678,726,8,174,794,0,3,0,199,326,0,0,0,5,1,5,0
1212-2,1,167,monjes,677,722,8,121,690,0,3,0,114,241,0,0,0,5,1,6,0
1212-2,1,168,monjes,677,722,8,132,595,0,3,0,114,235,0,0,0,5,1,9,0
1212-2,1,169,monjes,676,718,8,143,517,0,3,0,132,253,0,0,0,5,1,7,0
1212-2,1,170,monjes,676,718,8,154,449,0,3,0,132,253,0,0,0,5,1,4,0
1212-2,1,171,monjes,684,718,8,115,383,0,3,0,132,253,0,0,0,5,1,5,0
1212-2,1,172,monjes,684,718,8,126,324,0,3,0,132,253,0,0,0,5,1,4,0
1212-2,1,173,monjes,684,718,8,136,302,0,3,0,168,289,0,0,0,5,1,4,0
1212-2,1,174,monjes,693,722,9,152,281,0,3,0,168,294,0,0,0,5,1,5,0
1212-2,1,175,monjes,693,722,9,94,260,0,3,0,168,294,0,0,0,5,1,6,0
1212-2,1,176,monjes,693,722,9,107,237,0,3,0,168,294,0,1,0,5,1,5,0
1212-2,1,177,monjes,693,722,9,100,221,0,3,0,172,298,0,0,0,5,1,4,0
1212-2,1,178,monjes,693,722,9,113,203,0,3,0,172,298,0,1,0,5,1,5,0
1212-2,1,179,monjes,696,735,9,117,317,0,3,0,306,433,0,0,0,5,1,4,0
1212-2,1,180,monjes,697,744,9,123,423,0,3,0,307,436,0,1,0,5,1,5,0
1212-2,1,181,monjes,699,753,9,115,522,0,0,0,308,438,0,0,0,5,1,9,0
1212-2,1,182,monjes,701,763,9,133,614,0,0,0,309,442,0,1,0,5,1,4,0
1212-2,1,183,monjes,711,773,9,128,700,0,0,0,309,441,0,0,0,5,1,5,0
1212-2,1,184,monjes,713,783,9,113,781,0,1,0,310,444,0,0,0,5,1,6,0
1212-2,1,185,monjes,715,793,9,128,756,0,2,0,205,340,0,1,0,5,1,5,0
1212-2,1,186,monjes,717,802,9,128,742,0,2,0,218,354,0,0,0,5,1,9,0
1212-2,1,187,monjes,718,808,9,144,729,0,2,0,218,359,0,1,0,5,1,4,0
1212-2,1,188,monjes,727,814,9,160,728,0,2,0,230,371,0,0,0,5,1,4,0
1212-2,1,189,monjes,729,820,9,126,726,0,2,0,230,371,0,0,0,5,1,5,0
1212-2,1,190,monjes,730,826,9,142,724,0,2,0,232,373,0,0,0,5,1,4,0
1212-2,1,191,monjes,730,826,9,159,647,0,2,0,154,296,0,0,0,5,1,4,0
1212-2,1,192,monjes,730,826,9,170,569,0,2,0,154,290,0,0,0,5,1,10,0
1212-2,1,193,monjes,730,826,9,131,477,0,2,0,132,268,0,0,0,5,1,4,0
1212-2,1,194,monjes,730,826,9,142,388,0,2,0,132,268,0,0,0,5,1,4,0
1212-2,1,195,monjes,738,826,9,152,303,0,2,0,132,268,0,0,0,5,1,4,0
1212-2,1,196,monjes,738,826,9,133,183,0,2,0,132,268,0,0,0,5,1,5,0
1212-2,1,197,monjes,738,826,9,135,170,0,2,0,195,331,0,0,0,5,1,3,0
1212-2,1,198,monjes,751,851,10,139,160,0,2,0,195,337,0,0,0,5,1,3,0
1212-2,1,199,monjes,750,847,10,112,139,0,2,0,195,340,0,0,0,5,1,8,0
1212-2,1,200,monjes,750,847,10,101,122,0,2,0,193,337,0,1,0,5,1,4,0
1212-2,1,1,salineros,24,41,1,19,69,0,7,0,10,27,0,0,0,0,1,4,0
1212-2,1,2,salineros,24,41,1,19,67,0,14,0,10,23,0,0,0,0,1,1,0
1212-2,1,3,salineros,24,41,1,19,65,0,21,0,10,23,0,0,0,0,1,0,1
1212-2,1,4,salineros,24,41,1,19,63,0,28,0,10,23,0,0,0,0,1,0,1
1212-2,1,5,salineros,24,43,1,19,67,0,35,0,16,29,0,1,0,0,1,0,1
1212-2,1,6,salineros,25,45,1,3,73,0,51,0,16,42,0,0,0,0,1,0,1
1212-2,1,7,salineros,40,47,1,7,76,0,67,0,16,42,0,0,0,1,1,0,1
1212-2,1,8,salineros,40,49,1,11,79,0,83,0,16,42,0,1,0,1,1,0,1
1212-2,1,9,salineros,41,51,1,23,83,0,88,0,16,49,0,0,0,1,1,3,0
1212-2,1,10,salineros,40,49,1,120,77,0,93,0,16,51,0,0,0,1,1,3,0
1212-2,1,11,salineros,40,47,1,169,86,0,102,0,35,67,0,0,0,1,1,10,0
1212-2,1,12,salineros,58,45,1,166,109,0,112,0,43,75,0,0,0,2,1,4,0
1212-2,1,13,salineros,58,47,1,181,141,0,122,0,43,75,0,0,0,2,1,3,0
1212-2,1,14,salineros,58,49,1,195,173,0,130,0,43,74,0,0,0,2,1,3,0
1212-2,1,15,salineros,59,51,1,226,196,0,135,0,43,74,0,0,0,2,1,9,0
1212-2,1,16,salineros,59,53,1,261,224,0,142,0,43,76,0,0,0,2,1,5,0
1212-2,1,17,salineros,60,55,1,295,233,0,148,0,25,57,0,0,0,2,1,4,0
1212-2,1,18,salineros,68,57,1,328,237,0,154,0,20,52,0,0,0,2,1,4,0
1212-2,1,19,salineros,68,59,1,361,240,0,159,0,20,51,0,0,0,2,1,4,0
1212-2,1,20,salineros,69,60,1,394,243,0,164,0,20,51,0,0,0,2,1,4,0
1212-2,1,21,salineros,69,60,1,429,245,0,169,0,20,53,0,0,0,2,1,4,0
1212-2,1,22,salineros,69,60,1,470,247,0,173,0,20,52,0,0,0,2,1,4,0
1212-2,1,23,salineros,69,60,1,510,239,0,177,0,10,42,0,0,0,2,1,4,0
1212-2,1,24,salineros,69,60,1,544,227,0,181,0,10,36,0,0,0,2,1,9,0
1212-2,1,25,salineros,69,60,1,577,216,0,184,0,7,32,0,0,0,2,1,4,0
1212-2,1,26,salineros,77,60,1,608,205,0,187,0,7,32,0,0,0,2,1,4,0
1212-2,1,27,salineros,77,60,1,639,194,0,190,0,7,31,0,0,0,2,1,4,0
1212-2,1,28,salineros,77,60,1,670,183,0,193,0,7,31,0,0,0,2,1,4,0
1212-2,1,29,salineros,77,60,1,700,181,0,196,0,16,40,0,0,0,2,1,4,0
1212-2,1,30,salineros,77,60,1,736,177,0,198,0,16,45,0,0,0,2,1,9,0
1212-2,1,31,salineros,85,60,1,772,175,0,200,0,16,45,0,0,0,2,1,4,0
1212-2,1,32,salineros,85,60,1,811,173,0,202,0,16,45,0,0,0,2,1,4,0
1212-2,1,33,salineros,85,60,1,849,171,0,203,0,16,44,0,0,0,2,1,4,0
1212-2,1,34,salineros,85,60,1,887,165,0,200,0,16,44,0,0,0,2,1,9,0
1212-2,1,35,salineros,85,60,1,924,179,0,200,0,32,59,0,0,0,2,1,4,0
1212-2,1,36,salineros,85,60,1,961,193,0,200,0,32,59,0,0,0,2,1,4,0
1212-2,1,37,salineros,93,60,1,998,207,0,199,0,32,59,0,0,0,2,1,4,0
1212-2,1,38,salineros,93,60,1,1035,221,0,198,0,32,59,0,0,0,2,1,4,0
1212-2,1,39,salineros,93,60,1,1070,235,0,197,0,32,59,0,0,0,2,1,4,0
1212-2,1,40,salineros,93,60,1,1107,249,0,195,0,32,59,0,0,0,2,1,4,0
1212-2,1,41,salineros,93,60,1,1094,245,0,193,0,20,47,0,0,0,2,1,10,0
1212-2,1,42,salineros,93,60,1,1135,247,0,192,0,20,47,0,0,0,2,1,5,0
1212-2,1,43,salineros,93,60,1,1175,249,0,190,0,20,47,0,0,0,2,1,4,0
1212-2,1,44,salineros,101,60,1,1214,251,0,188,0,20,47,0,0,0,2,1,4,0
1212-2,1,45,salineros,101,60,1,1202,253,0,186,0,20,47,0,0,0,2,1,4,0
1212-2,1,46,salineros,101,60,1,1239,255,0,184,0,20,47,0,0,0,2,1,5,0
1212-2,1,47,salineros,101,60,1,1276,244,0,183,0,7,34,0,0,0,2,1,4,0
1212-2,1,48,salineros,101,60,1,1307,233,0,182,0,7,28,0,0,0,2,1,4,0
1212-2,1,49,salineros,101,60,1,1337,216,0,181,0,10,31,0,0,0,2,1,9,0
1212-2,1,50,salineros,101,60,1,1316,208,0,180,0,10,31,0,0,0,2,1,5,0
1212-2,1,51,salineros,101,60,1,1345,200,0,179,0,10,31,0,0,0,2,1,5,0
1212-2,1,52,salineros,101,60,1,1378,192,0,179,0,10,31,0,0,0,2,1,4,0
1212-2,1,53,salineros,101,60,1,1410,190,0,179,0,16,37,0,0,0,2,1,4,0
1212-2,1,54,salineros,101,60,1,1398,188,0,179,0,16,43,0,0,0,2,1,4,0
1212-2,1,55,salineros,109,60,1,1435,186,0,179,0,16,43,0,0,0,2,1,5,0
1212-2,1,56,salineros,109,60,1,1471,184,0,179,0,16,43,0,0,0,2,1,4,0
1212-2,1,57,salineros,109,60,1,1507,182,0,179,0,16,43,0,0,0,2,1,4,0
1212-2,1,58,salineros,109,60,1,1466,140,0,180,0,16,43,0,0,0,2,1,5,0
1212-2,1,59,salineros,109,60,1,1486,157,0,180,0,32,59,0,0,0,2,1,4,0
1212-2,1,60,salineros,149,120,2,1522,171,0,180,0,32,59,0,0,0,3,1,4,0
1212-2,1,61,salineros,149,120,2,1554,170,0,180,0,32,71,0,0,0,3,1,6,0
1212-2,1,62,salineros,149,120,2,1539,168,0,180,0,32,71,0,1,0,3,1,7,0
1212-2,1,63,salineros,149,120,2,1567,178,0,178,0,48,87,0,1,0,3,1,12,0
1212-2,1,64,salineros,149,120,2,1595,208,0,177,0,64,103,0,1,0,3,1,6,0
1212-2,1,65,salineros,149,120,2,1636,220,0,176,0,46,85,0,1,0,3,1,5,0
1212-2,1,66,salineros,149,120,2,1626,239,0,175,0,52,91,0,0,0,3,1,4,0
1212-2,1,67,salineros,149,120,2,1666,258,0,173,0,52,91,0,0,0,3,1,5,0
1212-2,1,68,salineros,149,120,2,1706,277,0,171,0,52,91,0,0,0,3,1,4,0
1212-2,1,69,salineros,157,120,2,1744,296,0,169,0,52,91,0,0,0,3,1,4,0
1212-2,1,70,salineros,157,120,2,1732,315,0,166,0,52,91,0,0,0,3,1,4,0
1212-2,1,71,salineros,157,120,2,1770,314,0,163,0,32,71,0,0,0,3,1,5,0
1212-2,1,72,salineros,157,120,2,1806,313,0,160,0,32,65,0,0,0,3,1,4,0
1212-2,1,73,salineros,157,120,2,1841,312,0,157,0,32,65,0,0,0,3,1,4,0
1212-2,1,74,salineros,157,120,2,1826,311,0,154,0,32,65,0,0,0,3,1,4,0
1212-2,1,75,salineros,157,120,2,1860,310,0,151,0,32,65,0,0,0,3,1,5,0
1212-2,1,76,salineros,157,120,2,1893,309,0,148,0,32,65,0,0,0,3,1,4,0
1212-2,1,77,salineros,157,120,2,1928,320,0,145,0,44,77,0,0,0,3,1,4,0
1212-2,1,78,salineros,157,120,2,1919,331,0,142,0,44,83,0,0,0,3,1,4,0
1212-2,1,79,salineros,157,120,2,1959,342,0,139,0,44,83,0,0,0,3,1,5,0
1212-2,1,80,salineros,157,120,2,2005,353,0,134,0,44,83,0,0,0,3,1,4,0
1212-2,1,81,salineros,157,120,2,2035,364,0,130,0,44,83,0,0,0,3,1,4,0
1212-2,1,82,salineros,157,120,2,2018,375,0,126,0,44,83,0,0,0,3,1,4,0
1212-2,1,83,salineros,157,124,2,2061,418,0,121,0,76,115,0,0,0,3,1,6,0
1212-2,1,84,salineros,158,125,2,2088,448,0,115,0,76,115,0,1,0,3,1,6,0
1212-2,1,85,salineros,159,130,2,2128,482,0,105,0,76,113,0,0,0,3,1,9,0
1212-2,1,86,salineros,159,133,2,2120,523,0,98,0,76,117,0,0,0,3,1,4,0
1212-2,1,87,salineros,160,136,2,2162,563,0,90,0,76,117,0,0,0,3,1,5,0
1212-2,1,88,salineros,160,139,2,2203,602,0,81,0,76,117,0,0,0,3,1,4,0
1212-2,1,89,salineros,161,142,2,2244,617,0,72,0,52,93,0,0,0,3,1,4,0
1212-2,1,90,salineros,162,146,2,2255,631,0,60,0,52,95,0,0,0,3,1,4,0
1212-2,1,91,salineros,163,150,2,2303,644,0,51,0,52,95,0,0,0,3,1,5,0
1212-2,1,92,salineros,171,150,2,2341,656,0,41,0,52,97,0,0,0,3,1,5,0
1212-2,1,93,salineros,171,154,2,2394,666,0,31,0,52,97,0,1,0,3,1,4,0
1212-2,1,94,salineros,172,158,2,2391,677,0,21,0,52,97,0,0,0,3,1,4,0
1212-2,1,95,salineros,172,158,2,2437,667,0,11,0,32,77,0,0,0,3,1,5,0
1212-2,1,96,salineros,172,158,2,2458,657,0,4,0,32,71,0,0,0,3,1,3,0
1212-2,1,97,salineros,172,158,2,2453,647,0,11,0,32,71,0,0,0,3,1,3,0
1212-2,1,98,salineros,172,158,2,2428,632,0,5,0,32,71,0,0,0,3,1,3,0
1212-2,1,99,salineros,172,158,2,2400,622,0,12,0,32,71,0,0,0,3,1,4,0
1212-2,1,100,salineros,172,158,2,2379,612,0,6,0,32,71,0,0,0,3,1,3,0
1212-2,1,101,salineros,173,162,2,2385,612,0,0,0,44,83,0,0,0,3,1,3,0
1212-2,1,102,salineros,174,169,2,2326,610,0,7,0,44,91,0,1,0,3,1,4,0
1212-2,1,103,salineros,176,176,2,2340,609,0,3,0,44,91,0,0,0,3,1,4,0
1212-2,1,104,salineros,176,179,2,2347,606,0,10,0,44,93,0,0,0,3,1,3,0
1212-2,1,105,salineros,176,179,2,2326,603,0,4,0,44,93,0,0,0,3,1,3,0
1212-2,1,106,salineros,176,179,2,2263,600,0,11,0,44,93,0,0,0,3,1,3,0
1212-2,1,107,salineros,178,186,2,2218,589,0,6,0,76,125,0,0,0,3,1,4,0
1212-2,1,108,salineros,180,195,2,2215,616,0,0,0,76,127,0,0,0,3,1,5,0
1212-2,1,109,salineros,224,225,3,2179,630,0,7,0,76,129,0,0,0,4,1,5,0
1212-2,1,110,salineros,224,229,3,2155,639,0,0,0,76,135,0,0,0,4,1,9,0
1212-2,1,111,salineros,225,233,3,2147,652,0,7,0,76,135,0,1,0,4,1,4,0
1212-2,1,112,salineros,226,238,3,2159,678,0,2,0,87,148,0,0,0,4,1,3,0
1212-2,1,113,salineros,226,239,3,2163,675,0,9,0,59,120,0,0,0,4,1,3,0
1212-2,1,114,salineros,226,239,3,2197,667,0,2,0,59,120,0,0,0,4,1,3,0
1212-2,1,115,salineros,226,239,3,2176,664,0,9,0,59,120,0,0,0,4,1,3,0
1212-2,1,116,salineros,226,239,3,2160,661,0,2,0,59,120,0,0,0,4,1,3,0
1212-2,1,117,salineros,226,239,3,2143,658,0,9,0,59,120,0,0,0,4,1,3,0
1212-2,1,118,salineros,234,239,3,2126,655,0,2,0,59,120,0,0,0,4,1,3,0
1212-2,1,119,salineros,234,239,3,2116,628,0,9,0,35,96,0,0,0,4,1,3,0
1212-2,1,120,salineros,234,239,3,2097,601,0,3,0,35,88,0,0,0,4,1,3,0
1212-2,1,121,salineros,234,239,3,2077,574,0,10,0,35,88,0,0,0,4,1,3,0
1212-2,1,122,salineros,234,239,3,2056,547,0,6,0,35,88,0,0,0,4,1,3,0
1212-2,1,123,salineros,234,239,3,2074,516,0,2,0,35,88,0,0,0,4,1,3,0
1212-2,1,124,salineros,234,239,3,2119,482,0,9,0,35,88,0,0,0,4,1,2,0
1212-2,1,125,salineros,234,239,3,2162,462,0,6,0,49,102,0,0,0,4,1,2,0
1212-2,1,126,salineros,234,239,3,2216,442,0,3,0,49,110,0,0,0,4,1,3,0
1212-2,1,127,salineros,234,239,3,2269,422,0,1,0,49,106,0,0,0,4,1,2,0
1212-2,1,128,salineros,234,239,3,2304,403,0,8,0,49,106,0,0,0,4,1,3,0
1212-2,1,129,salineros,234,239,3,2358,383,0,8,0,49,106,0,0,0,4,1,2,0
1212-2,1,130,salineros,234,239,3,2409,363,0,7,0,49,106,0,0,0,4,1,2,0
1212-2,1,131,salineros,235,244,3,2463,381,0,6,0,87,144,0,0,0,4,1,2,0
1212-2,1,132,salineros,236,247,3,2516,398,0,4,0,88,145,0,0,0,4,1,2,0
1212-2,1,133,salineros,236,248,3,2570,415,0,2,0,88,147,0,0,0,4,1,2,0
1212-2,1,134,salineros,236,249,3,2623,431,0,0,0,88,147,0,0,0,4,1,2,0
1212-2,1,135,salineros,237,250,3,2641,449,0,7,0,88,147,0,0,0,4,1,4,0
1212-2,1,136,salineros,237,252,3,2705,465,0,6,0,88,150,0,0,0,4,1,2,0
1212-2,1,137,salineros,237,252,3,2763,452,0,3,0,60,122,0,0,0,4,1,2,0
1212-2,1,138,salineros,237,252,3,2820,439,0,1,0,60,122,0,0,0,4,1,2,0
1212-2,1,139,salineros,238,256,3,2886,426,0,8,0,60,122,0,0,0,4,1,3,0
1212-2,1,140,salineros,237,252,3,2921,402,0,6,0,60,122,0,0,0,4,1,3,0
1212-2,1,141,salineros,237,252,3,2978,381,0,5,0,60,120,0,0,0,4,1,7,0
1212-2,1,142,salineros,237,252,3,3034,368,0,4,0,60,120,0,0,0,4,1,2,0
1212-2,1,143,salineros,237,252,3,3050,338,0,4,0,36,96,0,0,0,4,1,4,0
1212-2,1,144,salineros,237,252,3,3054,313,0,4,0,36,88,0,0,0,4,1,4,0
1212-2,1,145,salineros,237,252,3,3059,285,0,5,0,36,88,0,1,0,4,1,4,0
1212-2,1,146,salineros,237,252,3,3064,263,0,6,0,40,92,0,0,0,4,1,4,0
1212-2,1,147,salineros,237,252,3,3069,241,0,8,0,40,92,0,0,0,4,1,4,0
1212-2,1,148,salineros,237,252,3,3074,219,0,10,0,40,92,0,0,0,4,1,4,0
1212-2,1,149,salineros,245,252,3,3091,211,0,12,0,56,108,0,0,0,4,1,4,0
1212-2,1,150,salineros,245,252,3,3112,205,0,14,0,56,116,0,0,0,4,1,3,0
1212-2,1,151,salineros,245,252,3,3131,202,0,17,0,56,116,0,0,0,4,1,4,0
1212-2,1,152,salineros,245,252,3,3149,199,0,22,0,56,118,0,0,0,4,1,3,0
1212-2,1,153,salineros,245,252,3,3179,196,0,24,0,56,118,0,0,0,4,1,4,0
1212-2,1,154,salineros,245,252,3,3238,190,0,26,0,56,118,0,0,0,4,1,4,0
1212-2,1,155,salineros,246,258,3,3296,229,0,27,0,101,163,0,0,0,4,1,4,0
1212-2,1,156,salineros,247,260,3,3340,267,0,27,0,101,165,0,0,0,4,1,5,0
1212-2,1,157,salineros,247,262,3,3378,302,0,26,0,101,165,0,1,0,4,1,6,0
1212-2,1,158,salineros,247,264,3,3433,338,0,25,0,105,169,0,1,0,4,1,5,0
1212-2,1,159,salineros,248,266,3,3489,380,0,23,0,110,176,0,0,0,4,1,5,0
1212-2,1,160,salineros,248,268,3,3545,422,0,20,0,110,176,0,0,0,4,1,5,0
1212-2,1,161,salineros,249,270,3,3600,430,0,17,0,77,143,0,0,0,4,1,4,0
1212-2,1,162,salineros,249,272,3,3652,435,0,17,0,77,143,0,0,0,4,1,4,0
1212-2,1,163,salineros,249,274,3,3664,439,0,17,0,77,143,0,1,0,4,1,3,0
1212-2,1,164,salineros,250,277,3,3675,445,0,17,0,77,144,0,0,0,4,1,3,0
1212-2,1,165,salineros,251,280,3,3686,450,0,16,0,77,144,0,0,0,4,1,3,0
1212-2,1,166,salineros,251,283,3,3696,454,0,15,0,77,144,0,0,0,4,1,3,0
1212-2,1,167,salineros,251,283,3,3723,426,0,15,0,49,116,0,0,0,4,1,3,0
1212-2,1,168,salineros,251,283,3,3746,398,0,15,0,49,107,0,0,0,4,1,3,0
1212-2,1,169,salineros,251,283,3,3768,377,0,16,0,52,110,0,0,0,4,1,3,0
1212-2,1,170,salineros,251,283,3,3782,363,0,17,0,52,110,0,0,0,4,1,3,0
1212-2,1,171,salineros,251,283,3,3796,349,0,19,0,52,110,0,0,0,4,1,3,0
1212-2,1,172,salineros,251,283,3,3822,335,0,18,0,52,110,0,0,0,4,1,4,0
1212-2,1,173,salineros,251,283,3,3877,331,0,17,0,65,123,0,0,0,4,1,4,0
1212-2,1,174,salineros,251,283,3,3928,327,0,19,0,65,132,0,0,0,4,1,3,0
1212-2,1,175,salineros,251,283,3,3962,326,0,18,0,65,132,0,0,0,4,1,4,0
1212-2,1,176,salineros,252,287,3,4035,322,0,17,0,65,132,0,0,0,4,1,5,0
1212-2,1,177,salineros,251,283,3,4065,307,0,19,0,65,132,0,0,0,4,1,4,0
1212-2,1,178,salineros,251,283,3,4097,298,0,15,0,65,130,0,0,0,4,1,9,0
1212-2,1,179,salineros,253,290,3,4145,339,0,17,0,110,175,0,0,0,4,1,3,0
1212-2,1,180,salineros,253,293,3,4168,381,0,18,0,110,178,0,0,0,4,1,3,0
1212-2,1,181,salineros,254,296,3,4203,422,0,15,0,110,178,0,0,0,4,1,4,0
1212-2,1,182,salineros,254,299,3,4254,459,0,14,0,110,178,0,0,0,4,1,3,0
1212-2,1,183,salineros,255,303,3,4308,492,0,13,0,110,180,0,0,0,4,1,2,0
1212-2,1,184,salineros,256,307,3,4374,517,0,11,0,110,180,0,0,0,4,1,2,0
1212-2,1,185,salineros,256,308,3,4438,508,0,9,0,77,147,0,0,0,4,1,2,0
1212-2,1,186,salineros,256,308,3,4502,498,0,7,0,77,148,0,0,0,4,1,2,0
1212-2,1,187,salineros,256,308,3,4565,488,0,6,0,77,148,0,0,0,4,1,2,0
1212-2,1,188,salineros,256,308,3,4628,478,0,5,0,77,148,0,0,0,4,1,2,0
1212-2,1,189,salineros,256,308,3,4694,468,0,4,0,77,148,0,0,0,4,1,2,0
1212-2,1,190,salineros,256,308,3,4759,458,0,3,0,77,148,0,0,0,4,1,2,0
1212-2,1,191,salineros,264,308,3,4806,427,0,3,0,52,123,0,0,0,4,1,3,0
1212-2,1,192,salineros,264,308,3,4828,403,0,3,0,52,114,0,0,0,4,1,4,0
1212-2,1,193,salineros,264,308,3,4840,377,0,4,0,49,111,0,0,0,4,1,4,0
1212-2,1,194,salineros,264,308,3,4853,348,0,6,0,49,111,0,1,0,4,1,4,0
1212-2,1,195,salineros,264,308,3,4866,321,0,8,0,49,111,0,0,0,4,1,4,0
1212-2,1,196,salineros,264,308,3,4879,294,0,11,0,49,111,0,0,0,4,1,4,0
1212-2,1,197,salineros,264,308,3,4892,283,0,14,0,65,127,0,0,0,4,1,4,0
1212-2,1,198,salineros,264,308,3,4915,272,0,17,0,65,136,0,0,0,4,1,4,0
1212-2,1,199,salineros,264,308,3,4938,261,0,20,0,65,136,0,0,0,4,1,4,0
1212-2,1,200,salineros,264,308,3,4961,250,0,21,0,65,136,0,0,0,4,1,5,0
1212-3,1,1,arrieros,31,76,1,40,64,0,0,0,12,28,0,0,0,0,1,4,0
1212-3,1,2,arrieros,30,72,1,31,48,0,0,0,12,19,0,0,0,0,1,2,0
1212-3,1,3,arrieros,29,68,1,22,29,0,0,0,12,19,0,0,0,0,1,6,0
1212-3,1,4,arrieros,47,68,1,24,22,0,0,0,12,18,0,0,0,1,1,0,1
1212-3,1,5,arrieros,47,68,1,26,18,0,0,0,15,21,0,1,0,1,1,0,1
1212-3,1,6,arrieros,47,68,1,42,16,0,0,0,15,35,0,0,0,1,1,3,0
1212-3,1,7,arrieros,47,68,1,79,14,0,0,0,15,35,0,0,0,1,1,1,0
1212-3,1,8,arrieros,47,68,1,76,12,0,0,0,15,35,0,0,0,1,1,3,0
1212-3,1,9,arrieros,47,68,1,81,15,0,0,0,15,35,0,0,0,1,1,3,0
1212-3,1,10,arrieros,47,68,1,81,17,0,0,0,15,35,0,0,0,1,1,3,0
1212-3,1,11,arrieros,47,68,1,81,44,0,0,0,40,60,0,0,0,1,1,3,0
1212-3,1,12,arrieros,46,64,1,72,64,0,0,0,40,60,0,0,0,1,1,3,0
1212-3,1,13,arrieros,46,60,1,69,84,0,0,0,40,60,0,0,0,1,1,3,0
1212-3,1,14,arrieros,60,58,1,68,102,0,0,0,40,60,0,0,0,2,1,3,0
1212-3,1,15,arrieros,61,60,1,76,125,0,0,0,40,58,0,0,0,2,1,2,0
1212-3,1,16,arrieros,61,60,1,76,144,0,0,0,40,60,0,0,0,2,1,3,0
1212-3,1,17,arrieros,61,60,1,78,123,0,0,0,25,45,0,0,0,2,1,18,0
1212-3,1,18,arrieros,69,60,1,78,128,0,0,0,25,45,0,0,0,2,1,2,0
1212-3,1,19,arrieros,69,60,1,81,133,0,0,0,25,45,0,0,0,2,1,2,0
1212-3,1,20,arrieros,69,60,1,71,138,0,0,0,25,45,0,0,0,2,1,3,0
1212-3,1,21,arrieros,69,60,1,81,137,0,0,0,25,45,0,1,0,2,1,14,0
1212-3,1,22,arrieros,77,60,1,78,132,0,0,0,25,48,0,0,0,2,1,8,0
1212-3,1,23,arrieros,77,60,1,81,124,0,0,0,12,35,0,0,0,2,1,2,0
1212-3,1,24,arrieros,77,60,1,75,117,0,0,0,12,29,0,0,0,2,1,3,0
1212-3,1,25,arrieros,77,60,1,75,106,0,0,0,12,29,0,0,0,2,1,13,0
1212-3,1,26,arrieros,85,60,1,72,97,0,0,0,12,29,0,0,0,2,1,3,0
1212-3,1,27,arrieros,85,60,1,72,89,0,0,0,12,29,0,1,0,2,1,3,0
1212-3,1,28,arrieros,85,60,1,73,86,0,0,0,12,29,0,0,0,2,1,3,0
1212-3,1,29,arrieros,85,63,1,71,85,0,0,0,20,37,0,0,0,2,1,13,0
1212-3,1,30,arrieros,94,66,1,79,90,0,0,0,20,43,0,0,0,2,1,2,0
1212-3,1,31,arrieros,94,69,1,79,94,0,0,0,20,43,0,0,0,2,1,3,0
1212-3,1,32,arrieros,95,72,1,81,99,0,0,0,20,43,0,0,0,2,1,3,0
1212-3,1,33,arrieros,96,75,1,82,98,0,0,0,20,45,0,0,0,2,1,13,0
1212-3,1,34,arrieros,104,78,1,82,101,0,0,0,20,45,0,0,0,2,1,2,0
1212-3,1,35,arrieros,105,81,1,86,124,0,0,0,40,65,0,0,0,2,1,3,0
1212-3,1,36,arrieros,106,85,1,105,145,0,0,0,40,67,0,0,0,2,1,4,0
1212-3,1,37,arrieros,106,89,1,100,160,0,0,0,40,67,0,0,0,2,1,3,0
1212-3,1,38,arrieros,106,89,1,106,171,0,0,0,40,67,0,0,0,2,1,4,0
1212-3,1,39,arrieros,106,89,1,103,182,0,0,0,40,67,0,0,0,2,1,4,0
1212-3,1,40,arrieros,106,89,1,105,192,0,0,0,40,67,0,0,0,2,1,5,0
1212-3,1,41,arrieros,106,89,1,102,184,0,0,0,25,52,0,1,0,2,1,12,0
1212-3,1,42,arrieros,114,89,1,93,180,0,0,0,25,52,0,0,0,2,1,4,0
1212-3,1,43,arrieros,114,89,1,90,174,0,0,0,25,52,0,1,0,2,1,3,0
1212-3,1,44,arrieros,114,89,1,87,170,0,0,0,25,52,0,0,0,2,1,4,0
1212-3,1,45,arrieros,114,89,1,87,159,0,0,0,25,52,0,1,0,2,1,12,0
1212-3,1,46,arrieros,114,89,1,87,156,0,0,0,25,52,0,0,0,2,1,2,0
1212-3,1,47,arrieros,122,89,1,87,141,0,0,0,12,39,0,0,0,2,1,3,0
1212-3,1,48,arrieros,122,89,1,79,124,0,0,0,12,31,0,0,0,2,1,3,0
1212-3,1,49,arrieros,122,89,1,80,115,0,0,0,12,31,0,1,0,2,1,3,0
1212-3,1,50,arrieros,122,89,1,77,98,0,0,0,12,31,0,0,0,2,1,13,0
1212-3,1,51,arrieros,130,89,1,77,90,0,0,0,12,31,0,0,0,2,1,3,0
1212-3,1,52,arrieros,130,89,1,76,81,0,0,0,12,31,0,0,0,2,1,3,0
1212-3,1,53,arrieros,130,89,1,76,80,0,0,0,20,39,0,0,0,2,1,3,0
1212-3,1,54,arrieros,130,89,1,84,71,0,0,0,20,47,0,0,0,2,1,13,0
1212-3,1,55,arrieros,138,89,1,84,71,0,0,0,20,47,0,0,0,2,1,4,0
1212-3,1,56,arrieros,138,89,1,106,73,0,0,0,20,47,0,0,0,2,1,4,0
1212-3,1,57,arrieros,138,89,1,100,75,0,0,0,20,47,0,0,0,2,1,5,0
1212-3,1,58,arrieros,138,89,1,104,57,0,0,0,20,47,0,0,0,2,1,14,0
1212-3,1,59,arrieros,146,89,1,104,78,0,0,0,40,67,0,0,0,2,1,5,0
1212-3,1,60,arrieros,146,89,1,104,99,0,0,0,40,67,0,0,0,2,1,6,0
1212-3,1,61,arrieros,146,89,1,103,117,0,0,0,40,67,0,1,0,2,1,4,0
1212-3,1,62,arrieros,146,89,1,91,139,0,0,0,40,67,0,0,0,2,1,4,0
1212-3,1,63,arrieros,146,89,1,90,160,0,0,0,40,67,0,0,0,2,1,3,0
1212-3,1,64,arrieros,146,89,1,88,171,0,0,0,40,67,0,0,0,2,1,3,0
1212-3,1,65,arrieros,146,89,1,88,168,0,0,0,25,52,0,0,0,2,1,4,0
1212-3,1,66,arrieros,148,97,1,120,185,0,0,0,25,52,0,0,0,2,1,7,0
1212-3,1,67,arrieros,147,93,1,96,171,0,0,0,25,54,0,1,0,2,1,3,0
1212-3,1,68,arrieros,146,89,1,85,155,0,0,0,25,54,0,0,0,2,1,8,0
1212-3,1,69,arrieros,146,89,1,90,146,0,0,0,25,52,0,0,0,2,1,9,0
1212-3,1,70,arrieros,154,89,1,85,142,0,0,0,25,52,0,1,0,2,1,4,0
1212-3,1,71,arrieros,154,89,1,87,131,0,0,0,12,39,0,0,0,2,1,4,0
1212-3,1,72,arrieros,154,89,1,77,115,0,0,0,12,31,0,0,0,2,1,3,0
1212-3,1,73,arrieros,154,89,1,80,106,0,0,0,12,31,0,1,0,2,1,3,0
1212-3,1,74,arrieros,154,89,1,77,93,0,0,0,12,31,0,0,0,2,1,8,0
1212-3,1,75,arrieros,154,89,1,77,81,0,0,0,12,31,0,0,0,2,1,8,0
1212-3,1,76,arrieros,162,89,1,76,73,0,0,0,12,31,0,0,0,2,1,3,0
1212-3,1,77,arrieros,162,89,1,76,73,0,0,0,20,39,0,0,0,2,1,4,0
1212-3,1,78,arrieros,162,89,1,96,73,0,0,0,20,47,0,0,0,2,1,4,0
1212-3,1,79,arrieros,162,89,1,96,73,0,0,0,20,47,0,0,0,2,1,5,0
1212-3,1,80,arrieros,162,89,1,99,64,0,0,0,20,47,0,0,0,2,1,10,0
1212-3,1,81,arrieros,162,89,1,102,55,0,0,0,20,47,0,0,0,2,1,10,0
1212-3,1,82,arrieros,170,89,1,101,57,0,0,0,20,47,0,0,0,2,1,5,0
1212-3,1,83,arrieros,170,89,1,104,78,0,0,0,40,67,0,0,0,2,1,5,0
1212-3,1,84,arrieros,170,89,1,104,99,0,0,0,40,67,0,0,0,2,1,5,0
1212-3,1,85,arrieros,170,89,1,103,119,0,0,0,40,67,0,0,0,2,1,6,0
1212-3,1,86,arrieros,170,89,1,103,136,0,0,0,40,67,0,1,0,2,1,4,0
1212-3,1,87,arrieros,170,89,1,91,157,0,0,0,40,67,0,0,0,2,1,5,0
1212-3,1,88,arrieros,170,89,1,91,170,0,0,0,40,67,0,0,0,2,1,3,0
1212-3,1,89,arrieros,170,89,1,88,167,0,0,0,25,52,0,0,0,2,1,3,0
1212-3,1,90,arrieros,171,93,1,94,165,0,0,0,25,52,0,0,0,2,1,8,0
1212-3,1,91,arrieros,171,93,1,111,164,0,0,0,25,54,0,1,0,2,1,4,0
1212-3,1,92,arrieros,170,89,1,83,148,0,0,0,25,54,0,0,0,2,1,8,0
1212-3,1,93,arrieros,170,89,1,93,139,0,0,0,25,52,0,0,0,2,1,9,0
1212-3,1,94,arrieros,178,89,1,85,135,0,0,0,25,52,0,1,0,2,1,2,0
1212-3,1,95,arrieros,178,89,1,91,129,0,0,0,12,39,0,0,0,2,1,4,0
1212-3,1,96,arrieros,178,89,1,77,118,0,0,0,12,31,0,0,0,2,1,3,0
1212-3,1,97,arrieros,178,89,1,80,112,0,0,0,12,31,0,0,0,2,1,3,0
1212-3,1,98,arrieros,178,89,1,76,96,0,0,0,12,31,0,0,0,2,1,9,0
1212-3,1,99,arrieros,178,89,1,93,83,0,0,0,12,31,0,0,0,2,1,9,0
1212-3,1,100,arrieros,186,89,1,88,75,0,0,0,12,31,0,0,0,2,1,3,0
1212-3,1,101,arrieros,186,89,1,92,80,0,0,0,20,39,0,0,0,2,1,4,0
1212-3,1,102,arrieros,186,89,1,100,81,0,0,0,20,47,0,0,0,2,1,5,0
1212-3,1,103,arrieros,186,89,1,101,82,0,0,0,20,47,0,0,0,2,1,4,0
1212-3,1,104,arrieros,186,89,1,104,73,0,0,0,20,47,0,0,0,2,1,10,0
1212-3,1,105,arrieros,186,89,1,104,63,0,0,0,20,47,0,0,0,2,1,10,0
1212-3,1,106,arrieros,194,89,1,103,65,0,0,0,20,47,0,0,0,2,1,5,0
1212-3,1,107,arrieros,194,89,1,103,86,0,0,0,40,67,0,0,0,2,1,5,0
1212-3,1,108,arrieros,194,89,1,103,106,0,0,0,40,67,0,0,0,2,1,5,0
1212-3,1,109,arrieros,194,89,1,103,126,0,0,0,40,67,0,0,0,2,1,5,0
1212-3,1,110,arrieros,194,89,1,105,145,0,0,0,40,67,0,0,0,2,1,5,0
1212-3,1,111,arrieros,194,89,1,104,163,0,0,0,40,67,0,0,0,2,1,3,0
1212-3,1,112,arrieros,194,89,1,105,174,0,0,0,40,67,0,0,0,2,1,4,0
1212-3,1,113,arrieros,194,89,1,102,170,0,0,0,25,52,0,0,0,2,1,3,0
1212-3,1,114,arrieros,194,89,1,105,159,0,0,0,25,52,0,0,0,2,1,5,0
1212-3,1,115,arrieros,196,97,1,114,176,0,0,0,25,52,0,0,0,2,1,5,0
1212-3,1,116,arrieros,195,93,1,94,165,0,0,0,25,54,0,0,0,2,1,4,0
1212-3,1,117,arrieros,194,89,1,103,148,0,0,0,25,54,0,0,0,2,1,9,0
1212-3,1,118,arrieros,194,89,1,99,137,0,0,0,25,52,0,0,0,2,1,9,0
1212-3,1,119,arrieros,202,89,1,101,122,0,0,0,12,39,0,0,0,2,1,5,0
1212-3,1,120,arrieros,202,89,1,92,109,0,0,0,12,31,0,0,0,2,1,4,0
1212-3,1,121,arrieros,202,89,1,94,105,0,0,0,12,31,0,0,0,2,1,4,0
1212-3,1,122,arrieros,202,89,1,92,100,0,0,0,12,31,0,0,0,2,1,4,0
1212-3,1,123,arrieros,202,89,1,93,91,0,0,0,12,31,0,0,0,2,1,9,0
1212-3,1,124,arrieros,202,89,1,91,80,0,0,0,12,31,0,0,0,2,1,8,0
1212-3,1,125,arrieros,210,89,1,96,84,0,0,0,20,39,0,0,0,2,1,4,0
1212-3,1,126,arrieros,210,89,1,101,85,0,0,0,20,47,0,0,0,2,1,5,0
1212-3,1,127,arrieros,210,89,1,101,86,0,0,0,20,47,0,0,0,2,1,5,0
1212-3,1,128,arrieros,210,89,1,104,87,0,0,0,20,47,0,0,0,2,1,5,0
1212-3,1,129,arrieros,210,89,1,103,76,0,0,0,20,47,0,0,0,2,1,10,0
1212-3,1,130,arrieros,210,89,1,103,78,0,0,0,20,47,0,0,0,2,1,5,0
1212-3,1,131,arrieros,218,89,1,103,99,0,0,0,40,67,0,0,0,2,1,5,0
1212-3,1,132,arrieros,218,89,1,103,119,0,0,0,40,67,0,0,0,2,1,5,0
1212-3,1,133,arrieros,218,89,1,105,138,0,0,0,40,67,0,0,0,2,1,5,0
1212-3,1,134,arrieros,218,89,1,104,156,0,0,0,40,67,0,0,0,2,1,3,0
1212-3,1,135,arrieros,218,89,1,105,168,0,0,0,40,67,0,0,0,2,1,5,0
1212-3,1,136,arrieros,218,89,1,102,179,0,0,0,40,67,0,0,0,2,1,3,0
1212-3,1,137,arrieros,218,89,1,104,169,0,0,0,25,52,0,0,0,2,1,9,0
1212-3,1,138,arrieros,218,89,1,102,158,0,0,0,25,52,0,0,0,2,1,5,0
1212-3,1,139,arrieros,227,93,1,108,164,0,0,0,25,52,0,0,0,2,1,5,0
1212-3,1,140,arrieros,226,89,1,95,154,0,0,0,25,54,0,0,0,2,1,4,0
1212-3,1,141,arrieros,226,89,1,104,142,0,0,0,25,52,0,0,0,2,1,9,0
1212-3,1,142,arrieros,226,89,1,99,140,0,0,0,25,52,0,0,0,2,1,4,0
1212-3,1,143,arrieros,226,89,1,101,125,0,0,0,12,39,0,0,0,2,1,4,0
1212-3,1,144,arrieros,234,89,1,93,103,0,0,0,12,31,0,0,0,2,1,9,0
1212-3,1,145,arrieros,234,89,1,94,99,0,0,0,12,31,0,0,0,2,1,3,0
1212-3,1,146,arrieros,234,89,1,94,95,0,0,0,12,31,0,0,0,2,1,4,0
1212-3,1,147,arrieros,234,89,1,93,91,0,0,0,12,31,0,0,0,2,1,4,0
1212-3,1,148,arrieros,234,89,1,92,80,0,0,0,12,31,0,0,0,2,1,8,0
1212-3,1,149,arrieros,234,89,1,96,84,0,0,0,20,39,0,0,0,2,1,5,0
1212-3,1,150,arrieros,234,89,1,101,77,0,0,0,20,47,0,0,0,2,1,10,0
1212-3,1,151,arrieros,242,89,1,101,78,0,0,0,20,47,0,0,0,2,1,6,0
1212-3,1,152,arrieros,242,89,1,104,79,0,0,0,20,47,0,0,0,2,1,5,0
1212-3,1,153,arrieros,242,89,1,103,80,0,0,0,20,47,0,0,0,2,1,5,0
1212-3,1,154,arrieros,242,89,1,103,81,0,0,0,20,47,0,0,0,2,1,5,0
1212-3,1,155,arrieros,242,89,1,103,90,0,0,0,28,55,0,0,0,2,1,5,0
1212-3,1,156,arrieros,242,89,1,102,99,0,0,0,28,55,0,0,0,2,1,5,0
1212-3,1,157,arrieros,242,89,1,105,107,0,0,0,28,55,0,0,0,2,1,5,0
1212-3,1,158,arrieros,242,89,1,104,115,0,0,0,28,55,0,0,0,2,1,5,0
1212-3,1,159,arrieros,242,89,1,104,123,0,0,0,28,55,0,0,0,2,1,6,0
1212-3,1,160,arrieros,242,89,1,104,130,0,0,0,28,55,0,0,0,2,1,5,0
1212-3,1,161,arrieros,242,89,1,103,124,0,0,0,25,52,0,0,0,2,1,15,0
1212-3,1,162,arrieros,242,89,1,102,130,0,0,0,25,52,0,0,0,2,1,5,0
1212-3,1,163,arrieros,250,89,1,103,137,0,0,0,25,52,0,0,0,2,1,5,0
1212-3,1,164,arrieros,250,89,1,104,143,0,0,0,25,52,0,0,0,2,1,5,0
1212-3,1,165,arrieros,250,89,1,103,142,0,0,0,25,52,0,0,0,2,1,4,0
1212-3,1,166,arrieros,250,89,1,102,140,0,0,0,25,52,0,0,0,2,1,4,0
1212-3,1,167,arrieros,250,89,1,102,125,0,0,0,12,39,0,0,0,2,1,4,0
1212-3,1,168,arrieros,250,89,1,94,95,0,0,0,12,31,0,0,0,2,1,14,0
1212-3,1,169,arrieros,250,89,1,97,91,0,0,0,12,31,0,0,0,2,1,4,0
1212-3,1,170,arrieros,258,89,1,94,87,0,0,0,12,31,0,0,0,2,1,4,0
1212-3,1,171,arrieros,258,89,1,93,83,0,0,0,12,31,0,0,0,2,1,4,0
1212-3,1,172,arrieros,258,89,1,93,80,0,0,0,12,31,0,0,0,2,1,3,0
1212-3,1,173,arrieros,258,89,1,96,84,0,0,0,20,39,0,0,0,2,1,5,0
1212-3,1,174,arrieros,258,89,1,101,69,0,0,0,20,47,0,0,0,2,1,15,0
1212-3,1,175,arrieros,258,89,1,101,71,0,0,0,20,47,0,0,0,2,1,5,0
1212-3,1,176,arrieros,266,89,1,104,73,0,0,0,20,47,0,0,0,2,1,5,0
1212-3,1,177,arrieros,266,89,1,103,75,0,0,0,20,47,0,0,0,2,1,5,0
1212-3,1,178,arrieros,266,89,1,103,77,0,0,0,20,47,0,0,0,2,1,5,0
1212-3,1,179,arrieros,266,89,1,103,98,0,0,0,40,67,0,0,0,2,1,5,0
1212-3,1,180,arrieros,266,89,1,103,118,0,0,0,40,67,0,0,0,2,1,5,0
1212-3,1,181,arrieros,266,89,1,105,137,0,0,0,40,67,0,0,0,2,1,5,0
1212-3,1,182,arrieros,266,89,1,104,155,0,0,0,40,67,0,0,0,2,1,5,0
1212-3,1,183,arrieros,266,89,1,103,168,0,0,0,40,67,0,0,0,2,1,4,0
1212-3,1,184,arrieros,266,89,1,102,179,0,0,0,40,67,0,0,0,2,1,4,0
1212-3,1,185,arrieros,266,89,1,102,159,0,0,0,25,52,0,0,0,2,1,14,0
1212-3,1,186,arrieros,266,89,1,108,126,0,0,0,25,52,0,0,0,2,1,7,0
1212-3,1,187,arrieros,274,89,1,108,124,0,0,0,25,52,0,0,0,2,1,4,0
1212-3,1,188,arrieros,274,89,1,110,131,0,0,0,25,52,0,0,0,2,1,4,0
1212-3,1,189,arrieros,274,89,1,110,138,0,0,0,25,52,0,0,0,2,1,4,0
1212-3,1,190,arrieros,274,89,1,109,143,0,0,0,25,52,0,0,0,2,1,3,0
1212-3,1,191,arrieros,274,89,1,108,128,0,0,0,12,39,0,0,0,2,1,3,0
1212-3,1,192,arrieros,274,89,1,96,98,0,0,0,12,31,0,0,0,2,1,15,0
1212-3,1,193,arrieros,274,89,1,95,94,0,0,0,12,31,0,0,0,2,1,4,0
1212-3,1,194,arrieros,282,89,1,92,90,0,0,0,12,31,0,0,0,2,1,4,0
1212-3,1,195,arrieros,282,89,1,96,86,0,0,0,12,31,0,0,0,2,1,4,0
1212-3,1,196,arrieros,282,89,1,93,81,0,0,0,12,31,0,0,0,2,1,4,0
1212-3,1,197,arrieros,282,89,1,94,83,0,0,0,18,37,0,0,0,2,1,5,0
1212-3,1,198,arrieros,282,89,1,100,68,0,0,0,18,45,0,0,0,2,1,15,0
1212-3,1,199,arrieros,282,89,1,100,68,0,0,0,18,45,0,0,0,2,1,4,0
1212-3,1,200,arrieros,282,89,1,103,68,0,0,0,18,45,0,0,0,2,1,4,0
1212-3,1,1,canteros,39,116,1,88,53,0,0,0,15,45,0,0,0,0,1,4,0
1212-3,1,2,canteros,39,116,1,95,36,0,0,0,15,31,0,0,0,0,1,0,1
1212-3,1,3,canteros,39,116,1,102,20,0,0,0,15,31,0,1,0,0,1,0,1
1212-3,1,4,canteros,39,116,1,75,6,0,0,0,15,39,0,0,0,0,1,4,0
1212-3,1,5,canteros,39,116,1,89,8,0,0,0,24,48,0,0,0,0,1,2,0
1212-3,1,6,canteros,39,116,1,96,6,0,0,0,24,59,0,0,0,0,1,3,0
1212-3,1,7,canteros,39,116,1,93,5,0,0,0,24,59,0,0,0,0,1,3,0
1212-3,1,8,canteros,39,116,1,100,4,0,0,0,24,59,0,0,0,0,1,3,0
1212-3,1,9,canteros,38,116,1,99,4,0,0,0,24,59,1,0,0,0,1,3,0
1212-3,1,10,canteros,37,116,1,100,4,0,0,0,24,59,1,0,0,0,1,3,0
1212-3,1,11,canteros,37,116,1,101,27,0,0,0,48,83,0,0,0,0,1,3,0
1212-3,1,12,canteros,37,116,1,102,49,0,0,0,48,83,0,0,0,0,1,3,0
1212-3,1,13,canteros,37,116,1,104,70,0,0,0,48,83,0,0,0,0,1,3,0
1212-3,1,14,canteros,36,112,1,87,80,0,0,0,48,83,0,0,0,0,1,4,0
1212-3,1,15,canteros,50,108,1,81,91,0,0,0,48,83,0,0,0,1,1,4,0
1212-3,1,16,canteros,50,108,1,95,112,0,0,0,48,81,0,0,0,1,1,2,0
1212-3,1,17,canteros,50,108,1,90,111,0,0,0,30,63,0,0,0,1,1,8,0
1212-3,1,18,canteros,68,108,1,95,117,0,0,0,30,62,0,0,0,2,1,2,0
1212-3,1,19,canteros,68,108,1,92,123,0,0,0,30,62,0,0,0,2,1,3,0
1212-3,1,20,canteros,68,108,1,96,128,0,0,0,30,62,0,0,0,2,1,2,0
1212-3,1,21,canteros,68,108,1,92,131,0,0,0,30,62,0,0,0,2,1,8,0
1212-3,1,22,canteros,68,108,1,98,136,0,0,0,30,62,0,0,0,2,1,2,0
1212-3,1,23,canteros,76,108,1,95,127,0,0,0,15,47,0,0,0,2,1,2,0
1212-3,1,24,canteros,76,108,1,88,120,0,0,0,15,37,0,0,0,2,1,2,0
1212-3,1,25,canteros,76,108,1,87,112,0,0,0,15,37,0,0,0,2,1,2,0
1212-3,1,26,canteros,76,108,1,83,100,0,0,0,15,37,0,0,0,2,1,7,0
1212-3,1,27,canteros,84,108,1,83,91,0,0,0,15,37,0,0,0,2,1,2,0
1212-3,1,28,canteros,84,108,1,82,81,0,0,0,15,37,0,0,0,2,1,2,0
1212-3,1,29,canteros,84,108,1,83,80,0,0,0,24,46,0,0,0,2,1,2,0
1212-3,1,30,canteros,84,108,1,93,77,0,0,0,24,56,0,0,0,2,1,7,0
1212-3,1,31,canteros,92,108,1,95,77,0,0,0,24,56,0,0,0,2,1,2,0
1212-3,1,32,canteros,92,108,1,99,79,0,0,0,24,56,0,0,0,2,1,2,0
1212-3,1,33,canteros,92,108,1,103,80,0,0,0,24,56,0,0,0,2,1,2,0
1212-3,1,34,canteros,92,108,1,92,81,0,0,0,24,56,0,0,0,2,1,4,0
1212-3,1,35,canteros,92,108,1,156,102,0,0,0,48,79,0,0,0,2,1,3,0
1212-3,1,36,canteros,92,108,1,26,123,0,0,0,48,79,0,0,0,2,1,5,0
1212-3,1,37,canteros,92,108,1,121,141,0,0,0,48,79,0,0,0,2,1,1,0
1212-3,1,38,canteros,92,108,1,84,154,0,0,0,48,79,0,0,0,2,1,4,0
1212-3,1,39,canteros,92,108,1,117,171,0,0,0,48,79,0,0,0,2,1,3,0
1212-3,1,40,canteros,92,108,1,111,187,0,0,0,48,79,0,0,0,2,1,3,0
1212-3,1,41,canteros,92,108,1,92,180,0,0,0,30,61,0,0,0,2,1,7,0
1212-3,1,42,canteros,92,108,1,94,174,0,0,0,30,61,0,0,0,2,1,2,0
1212-3,1,43,canteros,100,108,1,90,168,0,0,0,30,61,0,0,0,2,1,2,0
1212-3,1,44,canteros,100,108,1,91,163,0,0,0,30,61,0,0,0,2,1,2,0
1212-3,1,45,canteros,100,108,1,89,164,0,0,0,30,61,0,0,0,2,1,2,0
1212-3,1,46,canteros,100,108,1,93,166,0,0,0,30,61,0,0,0,2,1,2,0
1212-3,1,47,canteros,100,108,1,96,153,0,0,0,15,46,0,0,0,2,1,2,0
1212-3,1,48,canteros,100,108,1,83,137,0,0,0,15,36,0,0,0,2,1,8,0
1212-3,1,49,canteros,100,108,1,78,126,0,0,0,15,36,0,0,0,2,1,2,0
1212-3,1,50,canteros,108,108,1,83,113,0,0,0,15,36,0,0,0,2,1,2,0
1212-3,1,51,canteros,108,108,1,82,100,0,0,0,15,36,0,0,0,2,1,2,0
1212-3,1,52,canteros,108,108,1,82,88,0,0,0,15,35,0,0,0,2,1,2,0
1212-3,1,53,canteros,108,108,1,86,85,0,0,0,24,44,0,0,0,2,1,2,0
1212-3,1,54,canteros,108,108,1,92,77,0,0,0,24,54,0,0,0,2,1,8,0
1212-3,1,55,canteros,108,108,1,93,74,0,0,0,24,54,0,0,0,2,1,3,0
1212-3,1,56,canteros,116,108,1,96,71,0,0,0,24,54,0,0,0,2,1,3,0
1212-3,1,57,canteros,116,108,1,87,68,0,0,0,24,54,0,0,0,2,1,3,0
1212-3,1,58,canteros,116,108,1,92,65,0,0,0,24,54,0,0,0,2,1,3,0
1212-3,1,59,canteros,116,108,1,93,85,0,0,0,48,78,0,0,0,2,1,3,0
1212-3,1,60,canteros,116,108,1,96,104,0,0,0,48,78,0,0,0,2,1,3,0
1212-3,1,61,canteros,116,108,1,87,123,0,0,0,48,78,0,0,0,2,1,3,0
1212-3,1,62,canteros,116,108,1,93,141,0,0,0,48,78,0,0,0,2,1,3,0
1212-3,1,63,canteros,116,108,1,95,158,0,0,0,48,78,0,0,0,2,1,3,0
1212-3,1,64,canteros,116,108,1,88,174,0,0,0,48,78,0,0,0,2,1,3,0
1212-3,1,65,canteros,116,108,1,99,168,0,0,0,30,60,0,0,0,2,1,7,0
1212-3,1,66,canteros,116,108,1,87,163,0,0,0,30,60,0,0,0,2,1,3,0
1212-3,1,67,canteros,124,108,1,91,164,0,0,0,30,60,0,0,0,2,1,2,0
1212-3,1,68,canteros,124,108,1,94,165,0,0,0,30,60,0,0,0,2,1,2,0
1212-3,1,69,canteros,124,108,1,97,167,0,0,0,30,60,0,0,0,2,1,2,0
1212-3,1,70,canteros,124,108,1,94,169,0,0,0,30,60,0,0,0,2,1,3,0
1212-3,1,71,canteros,124,108,1,93,156,0,0,0,15,45,0,0,0,2,1,3,0
1212-3,1,72,canteros,124,108,1,83,138,0,0,0,15,35,0,0,0,2,1,7,0
1212-3,1,73,canteros,124,108,1,86,127,0,0,0,15,35,0,0,0,2,1,2,0
1212-3,1,74,canteros,132,108,1,82,114,0,0,0,15,35,0,0,0,2,1,2,0
1212-3,1,75,canteros,132,108,1,83,102,0,0,0,15,35,0,0,0,2,1,2,0
1212-3,1,76,canteros,132,108,1,82,90,0,0,0,15,35,0,0,0,2,1,2,0
1212-3,1,77,canteros,132,108,1,85,87,0,0,0,24,44,0,0,0,2,1,2,0
1212-3,1,78,canteros,132,108,1,91,79,0,0,0,24,54,0,0,0,2,1,8,0
1212-3,1,79,canteros,132,108,1,92,76,0,0,0,24,54,0,0,0,2,1,3,0
1212-3,1,80,canteros,140,108,1,95,73,0,0,0,24,54,0,0,0,2,1,3,0
1212-3,1,81,canteros,140,108,1,86,70,0,0,0,24,54,0,0,0,2,1,3,0
1212-3,1,82,canteros,140,108,1,92,67,0,0,0,24,54,0,0,0,2,1,3,0
1212-3,1,83,canteros,140,108,1,94,87,0,0,0,48,78,0,0,0,2,1,3,0
1212-3,1,84,canteros,140,108,1,98,106,0,0,0,48,78,0,0,0,2,1,3,0
1212-3,1,85,canteros,140,108,1,96,124,0,0,0,48,78,0,0,0,2,1,3,0
1212-3,1,86,canteros,140,108,1,85,142,0,0,0,48,78,0,0,0,2,1,3,0
1212-3,1,87,canteros,350,108,1,94,159,0,0,0,48,78,0,1,1,3,1,3,0
1212-3,1,88,canteros,350,108,1,93,177,0,0,0,48,78,0,0,0,3,1,4,0
1212-3,1,89,canteros,350,108,1,96,169,0,0,0,27,57,0,0,0,3,1,7,0
1212-3,1,90,canteros,350,108,1,92,163,0,0,0,27,57,0,0,0,3,1,2,0
1212-3,1,91,canteros,358,108,1,96,157,0,0,0,27,57,0,0,0,3,1,2,0
1212-3,1,92,canteros,358,108,1,95,151,0,0,0,27,57,0,0,0,3,1,3,0
1212-3,1,93,canteros,358,108,1,93,150,0,0,0,27,57,0,0,0,3,1,3,0
1212-3,1,94,canteros,358,108,1,97,151,0,0,0,27,57,0,0,0,3,1,2,0
1212-3,1,95,canteros,358,108,1,94,139,0,0,0,13,43,0,0,0,3,1,3,0
1212-3,1,96,canteros,358,108,1,91,123,0,0,0,13,33,0,0,0,3,1,7,0
1212-3,1,97,canteros,358,108,1,86,112,0,0,0,13,33,0,0,0,3,1,2,0
1212-3,1,98,canteros,366,108,1,84,102,0,0,0,13,33,0,0,0,3,1,2,0
1212-3,1,99,canteros,366,108,1,85,91,0,0,0,13,33,0,0,0,3,1,2,0
1212-3,1,100,canteros,366,108,1,80,79,0,0,0,13,33,0,0,0,3,1,2,0
1212-3,1,101,canteros,366,108,1,84,77,0,0,0,21,41,0,0,0,3,1,2,0
1212-3,1,102,canteros,366,108,1,90,69,0,0,0,21,51,0,0,0,3,1,8,0
1212-3,1,103,canteros,366,108,1,91,65,0,0,0,21,51,0,0,0,3,1,3,0
1212-3,1,104,canteros,374,108,1,94,61,0,0,0,21,51,0,0,0,3,1,3,0
1212-3,1,105,canteros,374,108,1,103,57,0,0,0,21,51,0,0,0,3,1,3,0
1212-3,1,106,canteros,374,108,1,105,53,0,0,0,21,51,0,0,0,3,1,2,0
1212-3,1,107,canteros,374,108,1,109,74,0,0,0,43,73,0,0,0,3,1,2,0
1212-3,1,108,canteros,374,108,1,114,94,0,0,0,43,73,0,0,0,3,1,2,0
1212-3,1,109,canteros,374,108,1,118,113,0,0,0,43,73,0,0,0,3,1,2,0
1212-3,1,110,canteros,374,108,1,95,131,0,0,0,43,73,0,0,0,3,1,3,0
1212-3,1,111,canteros,374,108,1,124,149,0,0,0,43,73,0,0,0,3,1,2,0
1212-3,1,112,canteros,374,108,1,101,166,0,0,0,43,73,0,0,0,3,1,3,0
1212-3,1,113,canteros,374,108,1,162,163,0,0,0,27,57,0,0,0,3,1,6,0
1212-3,1,114,canteros,374,108,1,186,157,0,0,0,27,57,0,0,0,3,1,0,1
1212-3,1,115,canteros,382,108,1,189,151,0,0,0,27,57,0,0,0,3,1,2,0
1212-3,1,116,canteros,382,108,1,179,150,0,0,0,27,57,0,0,0,3,1,2,0
1212-3,1,117,canteros,382,108,1,175,154,0,0,0,27,57,0,0,0,3,1,2,0
1212-3,1,118,canteros,382,108,1,178,158,0,0,0,27,57,0,0,0,3,1,2,0
1212-3,1,119,canteros,382,108,1,194,147,0,0,0,13,43,0,0,0,3,1,2,0
1212-3,1,120,canteros,382,108,1,172,128,0,0,0,13,33,0,0,0,3,1,7,0
1212-3,1,121,canteros,382,108,1,155,120,0,0,0,13,33,0,0,0,3,1,2,0
1212-3,1,122,canteros,382,108,1,142,112,0,0,0,13,33,0,0,0,3,1,2,0
1212-3,1,123,canteros,390,108,1,128,105,0,0,0,13,33,0,0,0,3,1,2,0
1212-3,1,124,canteros,390,108,1,113,98,0,0,0,13,33,0,0,0,3,1,2,0
1212-3,1,125,canteros,390,108,1,109,99,0,0,0,21,41,0,0,0,3,1,2,0
1212-3,1,126,canteros,390,108,1,112,97,0,0,0,21,51,0,0,0,3,1,2,0
1212-3,1,127,canteros,390,108,1,118,95,0,0,0,21,51,0,0,0,3,1,2,0
1212-3,1,128,canteros,390,108,1,97,86,0,0,0,21,51,0,0,0,3,1,8,0
1212-3,1,129,canteros,390,108,1,127,84,0,0,0,21,51,0,0,0,3,1,2,0
1212-3,1,130,canteros,390,108,1,105,82,0,0,0,21,51,0,0,0,3,1,3,0
1212-3,1,131,canteros,398,108,1,134,102,0,0,0,43,73,0,0,0,3,1,2,0
1212-3,1,132,canteros,398,108,1,111,121,0,0,0,43,73,0,0,0,3,1,3,0
1212-3,1,133,canteros,398,108,1,140,139,0,0,0,43,73,0,0,0,3,1,2,0
1212-3,1,134,canteros,398,108,1,95,156,0,0,0,43,73,0,0,0,3,1,3,0
1212-3,1,135,canteros,398,108,1,155,173,0,0,0,43,73,0,0,0,3,1,2,0
1212-3,1,136,canteros,398,108,1,136,188,0,0,0,43,73,0,0,0,3,1,2,0
1212-3,1,137,canteros,398,108,1,211,181,0,0,0,27,57,0,0,0,3,1,1,0
1212-3,1,138,canteros,398,108,1,235,174,0,0,0,27,57,0,0,0,3,1,0,1
1212-3,1,139,canteros,398,108,1,259,168,0,0,0,27,57,0,0,0,3,1,0,1
1212-3,1,140,canteros,399,112,1,293,167,0,0,0,27,57,0,0,0,3,1,1,0
1212-3,1,141,canteros,398,108,1,294,150,0,0,0,27,59,0,0,0,3,1,3,0
1212-3,1,142,canteros,398,108,1,291,139,0,0,0,27,57,0,0,0,3,1,8,0
1212-3,1,143,canteros,398,108,1,311,127,0,0,0,13,43,0,0,0,3,1,3,0
1212-3,1,144,canteros,398,108,1,307,116,0,0,0,13,33,0,0,0,3,1,2,0
1212-3,1,145,canteros,406,108,1,303,108,0,0,0,13,33,0,0,0,3,1,3,0
1212-3,1,146,canteros,406,108,1,310,98,0,0,0,13,33,0,0,0,3,1,3,0
1212-3,1,147,canteros,406,108,1,308,88,0,0,0,13,33,0,0,0,3,1,2,0
1212-3,1,148,canteros,406,108,1,307,82,0,0,0,13,33,0,0,0,3,1,3,0
1212-3,1,149,canteros,406,108,1,277,80,0,0,0,21,41,0,0,0,3,1,4,0
1212-3,1,150,canteros,406,108,1,292,70,0,0,0,21,51,0,0,0,3,1,8,0
1212-3,1,151,canteros,406,108,1,307,69,0,0,0,21,51,0,0,0,3,1,5,0
1212-3,1,152,canteros,406,108,1,327,65,0,0,0,21,51,0,0,0,3,1,3,0
1212-3,1,153,canteros,414,108,1,342,64,0,0,0,21,51,0,0,0,3,1,4,0
1212-3,1,154,canteros,414,108,1,363,60,0,0,0,21,51,0,0,0,3,1,3,0
1212-3,1,155,canteros,414,108,1,380,80,0,0,0,43,73,0,0,0,3,1,4,0
1212-3,1,156,canteros,414,108,1,401,97,0,0,0,43,73,0,0,0,3,1,3,0
1212-3,1,157,canteros,414,108,1,417,116,0,0,0,43,73,0,0,0,3,1,4,0
1212-3,1,158,canteros,414,108,1,437,131,0,0,0,43,73,0,0,0,3,1,3,0
1212-3,1,159,canteros,414,108,1,452,149,0,0,0,43,73,0,0,0,3,1,4,0
1212-3,1,160,canteros,414,108,1,472,163,0,0,0,43,73,0,0,0,3,1,3,0
1212-3,1,161,canteros,415,112,1,565,169,0,0,0,27,57,0,0,0,3,1,3,0
1212-3,1,162,canteros,414,108,1,591,152,0,0,0,27,59,0,0,0,3,1,2,0
1212-3,1,163,canteros,414,108,1,586,140,0,0,0,27,57,0,0,0,3,1,8,0
1212-3,1,164,canteros,414,108,1,604,142,0,0,0,27,57,0,0,0,3,1,3,0
1212-3,1,165,canteros,414,108,1,613,144,0,0,0,27,57,0,0,0,3,1,2,0
1212-3,1,166,canteros,422,108,1,622,149,0,0,0,27,57,0,0,0,3,1,3,0
1212-3,1,167,canteros,422,108,1,641,137,0,0,0,13,43,0,0,0,3,1,3,0
1212-3,1,168,canteros,422,108,1,638,126,0,0,0,13,33,0,0,0,3,1,2,0
1212-3,1,169,canteros,422,108,1,634,118,0,0,0,13,33,0,0,0,3,1,3,0
1212-3,1,170,canteros,422,108,1,642,107,0,0,0,13,33,0,0,0,3,1,3,0
1212-3,1,171,canteros,422,108,1,641,93,0,0,0,13,33,0,0,0,3,1,7,0
1212-3,1,172,canteros,422,108,1,640,86,0,0,0,13,33,0,0,0,3,1,3,0
1212-3,1,173,canteros,422,108,1,610,84,0,0,0,21,41,0,0,0,3,1,4,0
1212-3,1,174,canteros,430,108,1,625,79,0,0,0,21,51,0,0,0,3,1,3,0
1212-3,1,175,canteros,430,108,1,641,78,0,0,0,21,51,0,0,0,3,1,4,0
1212-3,1,176,canteros,430,108,1,661,74,0,0,0,21,51,0,0,0,3,1,3,0
1212-3,1,177,canteros,430,108,1,676,73,0,0,0,21,51,0,0,0,3,1,4,0
1212-3,1,178,canteros,430,108,1,696,75,0,0,0,27,57,0,0,0,3,1,3,0
1212-3,1,179,canteros,430,108,1,714,105,0,0,0,54,84,0,0,0,3,1,4,0
1212-3,1,180,canteros,430,108,1,735,131,0,0,0,54,84,0,0,0,3,1,3,0
1212-3,1,181,canteros,430,108,1,722,121,0,0,0,54,84,0,0,0,3,1,5,0
1212-3,1,182,canteros,430,108,1,693,147,0,0,0,54,84,0,0,0,3,1,4,0
1212-3,1,183,canteros,464,139,2,709,175,0,0,0,54,84,0,0,0,4,1,4,0
1212-3,1,184,canteros,465,140,2,711,181,0,0,0,43,79,0,0,0,4,1,4,0
1212-3,1,185,canteros,465,140,2,751,166,0,0,0,27,63,0,1,0,4,1,10,0
1212-3,1,186,canteros,465,140,2,757,160,0,0,0,31,67,0,0,0,4,1,4,0
1212-3,1,187,canteros,465,140,2,751,154,0,0,0,31,67,0,0,0,4,1,3,0
1212-3,1,188,canteros,473,140,2,729,151,0,0,0,31,67,0,0,0,4,1,4,0
1212-3,1,189,canteros,473,140,2,736,144,0,0,0,31,67,0,0,0,4,1,5,0
1212-3,1,190,canteros,473,140,2,731,137,0,0,0,31,67,0,1,0,4,1,3,0
1212-3,1,191,canteros,473,140,2,717,120,0,0,0,15,55,0,0,0,4,1,4,0
1212-3,1,192,canteros,473,140,2,701,99,0,0,0,15,45,0,1,0,4,1,3,0
1212-3,1,193,canteros,473,140,2,686,78,0,0,0,15,51,0,0,0,4,1,9,0
1212-3,1,194,canteros,473,140,2,688,60,0,0,0,15,51,0,0,0,4,1,3,0
1212-3,1,195,canteros,473,140,2,687,46,0,0,0,15,51,0,0,0,4,1,3,0
1212-3,1,196,canteros,473,140,2,687,32,0,0,0,15,51,0,0,0,4,1,3,0
1212-3,1,197,canteros,481,140,2,651,28,0,0,0,24,60,0,0,0,4,1,4,0
1212-3,1,198,canteros,481,140,2,626,21,0,0,0,24,70,0,0,0,4,1,5,0
1212-3,1,199,canteros,481,140,2,597,14,0,0,0,24,69,0,0,0,4,1,5,0
1212-3,1,200,canteros,481,140,2,610,5,0,0,0,24,69,0,0,0,4,1,3,0
1212-3,1,1,ferrones,25,46,1,65,62,0,0,0,6,16,0,0,0,0,1,4,0
1212-3,1,2,ferrones,24,42,1,45,44,0,0,0,6,10,0,0,0,0,1,2,0
1212-3,1,3,ferrones,23,38,1,25,21,0,0,0,6,10,0,0,0,0,1,6,0
1212-3,1,4,ferrones,23,38,1,24,16,0,0,0,6,9,0,0,0,0,1,0,1
1212-3,1,5,ferrones,23,38,1,23,14,0,0,0,9,12,0,1,0,0,1,0,1
1212-3,1,6,ferrones,41,38,1,33,14,0,0,0,9,23,0,0,0,1,1,1,0
1212-3,1,7,ferrones,41,38,1,43,14,0,0,0,9,23,0,0,0,1,1,0,1
1212-3,1,8,ferrones,41,38,1,53,14,0,0,0,9,23,0,0,0,1,1,0,1
1212-3,1,9,ferrones,41,38,1,63,14,0,0,0,9,23,0,0,0,1,1,0,1
1212-3,1,10,ferrones,41,38,1,73,14,0,0,0,9,23,0,0,0,1,1,0,1
1212-3,1,11,ferrones,41,38,1,74,24,0,0,0,19,33,0,0,0,1,1,2,0
1212-3,1,12,ferrones,41,39,1,72,33,0,0,0,19,33,0,0,0,1,1,3,0
1212-3,1,13,ferrones,41,36,1,56,33,0,0,0,19,33,0,0,0,1,1,3,0
1212-3,1,14,ferrones,41,37,1,68,42,0,0,0,19,33,0,0,0,1,1,1,0
1212-3,1,15,ferrones,41,38,1,73,50,0,0,0,19,33,0,0,0,1,1,2,0
1212-3,1,16,ferrones,41,39,1,75,59,0,0,0,19,33,0,0,0,1,1,2,0
1212-3,1,17,ferrones,42,40,1,73,51,0,0,0,12,26,0,0,0,1,1,8,0
1212-3,1,18,ferrones,42,42,1,69,52,0,0,0,12,28,0,0,0,1,1,2,0
1212-3,1,19,ferrones,42,44,1,77,50,0,0,0,12,28,0,1,0,1,1,2,0
1212-3,1,20,ferrones,43,46,1,73,49,0,0,0,12,32,0,0,0,1,1,3,0
1212-3,1,21,ferrones,43,48,1,80,49,0,0,0,12,32,0,0,0,1,1,2,0
1212-3,1,22,ferrones,44,50,1,76,48,0,0,0,12,32,0,0,0,1,1,2,0
1212-3,1,23,ferrones,52,50,1,81,41,0,0,0,6,28,0,0,0,1,1,3,0
1212-3,1,24,ferrones,52,50,1,75,35,0,0,0,6,23,0,0,0,1,1,2,0
1212-3,1,25,ferrones,52,50,1,75,28,0,0,0,6,23,0,0,0,1,1,3,0
1212-3,1,26,ferrones,52,50,1,73,23,0,0,0,6,23,0,0,0,1,1,3,0
1212-3,1,27,ferrones,52,50,1,75,18,0,0,0,6,23,0,0,0,1,1,2,0
1212-3,1,28,ferrones,52,50,1,72,14,0,0,0,6,23,0,0,0,1,1,2,0
1212-3,1,29,ferrones,52,50,1,75,14,0,0,0,9,26,0,0,0,1,1,2,0
1212-3,1,30,ferrones,52,50,1,78,13,0,0,0,9,31,0,0,0,1,1,3,0
1212-3,1,31,ferrones,52,50,1,81,11,0,0,0,9,31,0,0,0,1,1,3,0
1212-3,1,32,ferrones,52,50,1,79,9,0,0,0,9,31,0,0,0,1,1,3,0
1212-3,1,33,ferrones,52,50,1,79,8,0,0,0,9,31,0,0,0,1,1,3,0
1212-3,1,34,ferrones,52,50,1,79,7,0,0,0,9,31,0,0,0,1,1,3,0
1212-3,1,35,ferrones,52,50,1,79,16,0,0,0,19,41,0,0,0,1,1,3,0
1212-3,1,36,ferrones,52,50,1,79,25,0,0,0,19,41,0,0,0,1,1,3,0
1212-3,1,37,ferrones,52,52,1,79,33,0,0,0,19,41,0,0,0,1,1,3,0
1212-3,1,38,ferrones,52,54,1,80,40,0,0,0,19,41,0,0,0,1,1,2,0
1212-3,1,39,ferrones,53,56,1,81,45,0,0,0,19,41,0,0,0,1,1,2,0
1212-3,1,40,ferrones,53,58,1,81,48,0,0,0,19,41,0,0,0,1,1,3,0
1212-3,1,41,ferrones,53,58,1,70,37,0,0,0,12,34,0,0,0,1,1,8,0
1212-3,1,42,ferrones,53,58,1,79,36,0,0,0,12,34,0,1,0,1,1,3,0
1212-3,1,43,ferrones,53,58,1,50,35,0,0,0,12,34,0,0,0,1,1,2,0
1212-3,1,44,ferrones,53,58,1,68,33,0,0,0,12,34,0,0,0,1,1,1,0
1212-3,1,45,ferrones,53,58,1,77,28,0,0,0,12,34,0,0,0,1,1,2,0
1212-3,1,46,ferrones,53,58,1,77,25,0,0,0,12,34,0,1,0,1,1,2,0
1212-3,1,47,ferrones,61,58,1,80,20,0,0,5,6,33,0,0,0,1,1,2,0
1212-3,1,48,ferrones,61,58,1,73,15,0,0,9,6,27,0,0,0,1,1,2,0
1212-3,1,49,ferrones,61,58,1,77,11,0,0,13,6,27,0,0,0,1,1,2,0
1212-3,1,50,ferrones,61,58,1,73,5,0,0,17,6,27,0,0,0,1,1,2,0
1212-3,1,51,ferrones,60,58,1,76,3,0,0,21,6,27,1,0,0,1,1,2,0
1212-3,1,52,ferrones,59,58,1,72,2,0,0,17,6,27,1,0,0,1,1,3,0
1212-3,1,53,ferrones,58,57,1,75,3,0,0,21,10,33,1,0,0,1,1,2,0
1212-3,1,54,ferrones,57,56,1,76,2,0,0,17,10,38,1,0,0,1,1,3,0
1212-3,1,55,ferrones,56,55,1,79,3,0,0,20,11,39,1,0,0,1,1,2,0
1212-3,1,56,ferrones,81,55,1,82,4,0,0,15,11,39,0,0,0,1,1,3,0
1212-3,1,57,ferrones,81,55,1,81,6,0,0,17,12,41,0,0,0,1,1,2,0
1212-3,1,58,ferrones,81,55,1,82,9,0,0,19,12,41,0,0,0,1,1,2,0
1212-3,1,59,ferrones,81,55,1,83,24,0,0,21,24,53,0,0,0,1,1,2,0
1212-3,1,60,ferrones,81,57,1,83,38,0,0,15,24,53,0,0,0,1,1,3,0
1212-3,1,61,ferrones,81,59,1,83,52,0,0,17,26,56,0,0,0,1,1,2,0
1212-3,1,62,ferrones,82,60,1,83,66,0,0,18,26,55,0,0,0,1,1,2,0
1212-3,1,63,ferrones,82,60,1,85,78,0,0,19,26,57,0,0,0,1,1,2,0
1212-3,1,64,ferrones,97,60,1,87,90,0,0,20,26,57,0,0,0,2,1,2,0
1212-3,1,65,ferrones,97,60,1,81,82,0,0,21,16,47,0,0,0,2,1,7,0
1212-3,1,66,ferrones,97,60,1,85,80,0,0,22,16,47,0,0,0,2,1,2,0
1212-3,1,67,ferrones,97,60,1,81,82,0,0,23,16,47,0,0,0,2,1,2,0
1212-3,1,68,ferrones,97,60,1,84,85,0,0,21,16,47,0,0,0,2,1,3,0
1212-3,1,69,ferrones,97,60,1,140,87,0,0,22,16,47,0,0,0,2,1,2,0
1212-3,1,70,ferrones,97,60,1,83,89,0,0,23,16,47,0,0,0,2,1,3,0
1212-3,1,71,ferrones,105,60,1,100,82,0,0,21,8,39,0,0,0,2,1,4,0
1212-3,1,72,ferrones,105,60,1,135,73,0,0,22,8,33,0,0,0,2,1,2,0
1212-3,1,73,ferrones,105,60,1,95,71,0,0,23,8,33,0,0,0,2,1,3,0
1212-3,1,74,ferrones,105,60,1,95,69,0,0,21,8,33,0,0,0,2,1,4,0
1212-3,1,75,ferrones,105,60,1,131,64,0,0,22,8,33,0,0,0,2,1,2,0
1212-3,1,76,ferrones,105,60,1,89,62,0,0,22,8,32,0,0,0,2,1,3,0
1212-3,1,77,ferrones,105,60,1,88,65,0,0,22,13,37,0,0,0,2,1,3,0
1212-3,1,78,ferrones,105,60,1,91,60,0,0,22,13,43,0,0,0,2,1,7,0
1212-3,1,79,ferrones,105,60,1,83,60,0,0,22,13,43,0,0,0,2,1,3,0
1212-3,1,80,ferrones,113,60,1,86,60,0,0,22,13,43,0,0,0,2,1,2,0
1212-3,1,81,ferrones,113,60,1,89,60,0,0,22,13,43,0,0,0,2,1,2,0
1212-3,1,82,ferrones,113,60,1,83,60,0,0,22,13,43,0,0,0,2,1,3,0
1212-3,1,83,ferrones,113,60,1,87,73,0,0,22,26,56,0,0,0,2,1,2,0
1212-3,1,84,ferrones,113,60,1,89,85,0,0,22,26,56,0,0,0,2,1,2,0
1212-3,1,85,ferrones,113,60,1,82,97,0,0,22,26,56,0,0,0,2,1,3,0
1212-3,1,86,ferrones,113,60,1,88,108,0,0,22,26,56,0,0,0,2,1,2,0
1212-3,1,87,ferrones,113,60,1,82,115,0,0,22,26,56,0,0,0,2,1,2,0
1212-3,1,88,ferrones,113,60,1,88,121,0,0,22,26,56,0,0,0,2,1,2,0
1212-3,1,89,ferrones,113,60,1,82,114,0,0,22,16,46,0,0,0,2,1,7,0
1212-3,1,90,ferrones,113,60,1,88,111,0,0,21,16,45,0,0,0,2,1,2,0
1212-3,1,91,ferrones,121,60,1,82,108,0,0,20,16,45,0,0,0,2,1,2,0
1212-3,1,92,ferrones,121,60,1,88,105,0,0,19,16,45,0,0,0,2,1,2,0
1212-3,1,93,ferrones,121,60,1,82,102,0,0,18,16,45,0,0,0,2,1,2,0
1212-3,1,94,ferrones,121,60,1,88,99,0,0,17,16,45,0,0,0,2,1,2,0
1212-3,1,95,ferrones,121,60,1,82,89,0,0,16,8,37,0,0,0,2,1,2,0
1212-3,1,96,ferrones,121,60,1,86,73,0,0,15,8,31,0,0,0,2,1,8,0
1212-3,1,97,ferrones,121,60,1,74,65,0,0,14,8,31,0,0,0,2,1,2,0
1212-3,1,98,ferrones,121,60,1,81,61,0,0,13,8,31,0,0,0,2,1,2,0
1212-3,1,99,ferrones,121,60,1,74,54,0,0,12,8,31,0,0,0,2,1,2,0
1212-3,1,100,ferrones,129,60,1,80,50,0,0,11,8,31,0,0,0,2,1,2,0
1212-3,1,101,ferrones,129,60,1,73,49,0,0,10,13,36,0,0,0,2,1,2,0
1212-3,1,102,ferrones,129,60,1,84,50,0,0,9,13,42,0,0,0,2,1,2,0
1212-3,1,103,ferrones,129,60,1,82,49,0,0,8,13,42,0,0,0,2,1,2,0
1212-3,1,104,ferrones,129,60,1,83,50,0,0,7,13,42,0,0,0,2,1,2,0
1212-3,1,105,ferrones,129,60,1,84,51,0,0,5,13,41,0,0,0,2,1,2,0
1212-3,1,106,ferrones,129,60,1,85,52,0,0,3,13,41,0,0,0,2,1,2,0
1212-3,1,107,ferrones,129,60,1,86,65,0,0,1,26,54,0,0,0,2,1,2,0
1212-3,1,108,ferrones,129,60,1,89,77,0,0,3,26,54,0,0,0,2,1,2,0
1212-3,1,109,ferrones,129,60,1,83,89,0,0,1,26,54,0,0,0,2,1,3,0
1212-3,1,110,ferrones,129,60,1,84,100,0,0,3,26,54,0,0,0,2,1,3,0
1212-3,1,111,ferrones,129,60,1,88,108,0,0,1,26,54,0,0,0,2,1,2,0
1212-3,1,112,ferrones,129,60,1,82,115,0,0,3,26,54,0,0,0,2,1,2,0
1212-3,1,113,ferrones,129,60,1,88,104,0,0,1,16,44,0,0,0,2,1,7,0
1212-3,1,114,ferrones,129,60,1,82,101,0,0,3,16,44,0,0,0,2,1,2,0
1212-3,1,115,ferrones,129,60,1,88,98,0,0,1,16,44,0,0,0,2,1,2,0
1212-3,1,116,ferrones,129,60,1,82,96,0,0,3,16,44,0,0,0,2,1,3,0
1212-3,1,117,ferrones,129,60,1,112,94,0,0,1,16,44,0,0,0,2,1,2,0
1212-3,1,118,ferrones,137,60,1,88,92,0,0,3,16,44,0,0,0,2,1,3,0
1212-3,1,119,ferrones,137,60,1,121,82,0,0,1,8,36,0,0,0,2,1,2,0
1212-3,1,120,ferrones,137,60,1,92,72,0,0,3,8,30,0,0,0,2,1,4,0
1212-3,1,121,ferrones,137,60,1,105,67,0,0,1,8,30,0,0,0,2,1,4,0
1212-3,1,122,ferrones,137,60,1,115,62,0,0,3,8,30,0,0,0,2,1,4,0
1212-3,1,123,ferrones,137,60,1,107,57,0,0,1,8,30,0,0,0,2,1,3,0
1212-3,1,124,ferrones,137,60,1,85,55,0,0,3,8,30,0,0,0,2,1,4,0
1212-3,1,125,ferrones,137,60,1,103,51,0,0,1,13,35,0,0,0,2,1,9,0
1212-3,1,126,ferrones,137,60,1,111,49,0,0,3,13,41,0,0,0,2,1,4,0
1212-3,1,127,ferrones,145,60,1,107,47,0,0,1,13,41,0,0,0,2,1,3,0
1212-3,1,128,ferrones,145,60,1,104,48,0,0,3,13,41,0,0,0,2,1,4,0
1212-3,1,129,ferrones,145,60,1,127,46,0,0,1,13,41,0,0,0,2,1,4,0
1212-3,1,130,ferrones,145,60,1,112,44,0,0,3,13,41,0,0,0,2,1,5,0
1212-3,1,131,ferrones,145,60,1,149,54,0,0,1,26,54,0,0,0,2,1,4,0
1212-3,1,132,ferrones,145,60,1,109,64,0,0,3,26,54,0,0,0,2,1,5,0
1212-3,1,133,ferrones,145,60,1,171,73,0,0,1,26,54,0,0,0,2,1,4,0
1212-3,1,134,ferrones,145,60,1,131,82,0,0,3,26,54,0,0,0,2,1,5,0
1212-3,1,135,ferrones,145,60,1,167,91,0,0,1,26,54,0,0,0,2,1,5,0
1212-3,1,136,ferrones,145,60,1,149,99,0,0,3,26,54,0,0,0,2,1,4,0
1212-3,1,137,ferrones,145,60,1,182,87,0,0,1,16,44,0,0,0,2,1,8,0
1212-3,1,138,ferrones,145,60,1,185,85,0,0,3,16,44,0,0,0,2,1,4,0
1212-3,1,139,ferrones,145,60,1,187,86,0,0,1,16,44,0,0,0,2,1,4,0
1212-3,1,140,ferrones,145,60,1,187,88,0,0,3,16,44,0,0,0,2,1,4,0
1212-3,1,141,ferrones,145,60,1,179,90,0,0,1,16,44,0,0,0,2,1,4,0
1212-3,1,142,ferrones,145,60,1,166,90,0,0,3,16,44,0,0,0,2,1,3,0
1212-3,1,143,ferrones,153,60,1,156,80,0,0,1,8,36,0,0,0,2,1,3,0
1212-3,1,144,ferrones,153,60,1,156,71,0,0,3,8,30,0,0,0,2,1,4,0
1212-3,1,145,ferrones,153,60,1,150,66,0,0,1,8,30,0,0,0,2,1,4,0
1212-3,1,146,ferrones,153,60,1,144,61,0,0,3,8,30,0,0,0,2,1,4,0
1212-3,1,147,ferrones,153,60,1,138,56,0,0,1,8,30,0,0,0,2,1,4,0
1212-3,1,148,ferrones,153,60,1,132,52,0,0,3,8,30,0,0,0,2,1,4,0
1212-3,1,149,ferrones,153,60,1,117,52,0,0,1,13,35,0,0,0,2,1,5,0
1212-3,1,150,ferrones,153,60,1,166,42,0,0,3,13,41,0,0,0,2,1,9,0
1212-3,1,151,ferrones,153,60,1,144,40,0,0,1,13,41,0,0,0,2,1,6,0
1212-3,1,152,ferrones,153,60,1,161,38,0,0,0,13,42,0,0,0,2,1,5,0
1212-3,1,153,ferrones,153,60,1,178,36,0,0,3,13,42,0,0,0,2,1,5,0
1212-3,1,154,ferrones,153,60,1,195,34,0,0,2,13,42,0,0,0,2,1,5,0
1212-3,1,155,ferrones,161,60,1,212,45,0,0,1,26,55,0,0,0,2,1,5,0
1212-3,1,156,ferrones,161,60,1,229,55,0,0,0,26,55,0,0,0,2,1,5,0
1212-3,1,157,ferrones,161,60,1,246,65,0,0,3,26,55,0,0,0,2,1,5,0
1212-3,1,158,ferrones,161,60,1,263,74,0,0,2,26,55,0,0,0,2,1,5,0
1212-3,1,159,ferrones,161,60,1,280,83,0,0,1,26,55,0,0,0,2,1,5,0
1212-3,1,160,ferrones,161,60,1,297,92,0,0,0,26,55,0,0,0,2,1,5,0
1212-3,1,161,ferrones,161,60,1,334,91,0,0,3,16,45,0,0,0,2,1,3,0
1212-3,1,162,ferrones,161,60,1,325,89,0,0,2,16,45,0,0,0,2,1,3,0
1212-3,1,163,ferrones,161,60,1,320,87,0,0,1,16,45,0,0,0,2,1,4,0
1212-3,1,164,ferrones,161,60,1,321,86,0,0,0,16,45,0,0,0,2,1,4,0
1212-3,1,165,ferrones,161,60,1,323,87,0,0,3,16,45,0,0,0,2,1,4,0
1212-3,1,166,ferrones,161,60,1,320,89,0,0,2,16,45,0,0,0,2,1,4,0
1212-3,1,167,ferrones,161,60,1,310,82,0,0,1,8,37,0,0,0,2,1,4,0
1212-3,1,168,ferrones,161,64,1,319,73,0,0,0,8,31,0,0,0,2,1,5,0
1212-3,1,169,ferrones,161,60,1,294,57,0,0,3,8,31,0,0,0,2,1,5,0
1212-3,1,170,ferrones,161,60,1,288,44,0,0,2,8,31,0,0,0,2,1,9,0
1212-3,1,171,ferrones,161,60,1,282,40,0,0,1,8,31,0,0,0,2,1,4,0
1212-3,1,172,ferrones,161,60,1,276,36,0,0,0,8,31,0,0,0,2,1,4,0
1212-3,1,173,ferrones,161,60,1,234,37,0,0,3,13,36,0,0,0,2,1,5,0
1212-3,1,174,ferrones,161,60,1,251,35,0,0,2,13,42,0,0,0,2,1,5,0
1212-3,1,175,ferrones,161,60,1,268,33,0,0,1,13,42,0,0,0,2,1,5,0
1212-3,1,176,ferrones,161,60,1,285,31,0,0,0,13,42,0,0,0,2,1,5,0
1212-3,1,177,ferrones,161,60,1,302,29,0,0,3,13,42,0,0,0,2,1,5,0
1212-3,1,178,ferrones,169,60,1,319,27,0,0,2,13,42,0,0,0,2,1,5,0
1212-3,1,179,ferrones,169,60,1,336,38,0,0,1,26,55,0,0,0,2,1,5,0
1212-3,1,180,ferrones,169,60,1,353,49,0,0,0,26,55,0,0,0,2,1,5,0
1212-3,1,181,ferrones,169,60,1,370,59,0,0,3,26,55,0,0,0,2,1,5,0
1212-3,1,182,ferrones,169,60,1,387,69,0,0,2,26,55,0,0,0,2,1,5,0
1212-3,1,183,ferrones,169,60,1,404,78,0,0,1,26,55,0,0,0,2,1,5,0
1212-3,1,184,ferrones,169,60,1,421,87,0,0,0,26,55,0,0,0,2,1,5,0
1212-3,1,185,ferrones,169,60,1,470,86,0,0,3,16,45,0,0,0,2,1,4,0
1212-3,1,186,ferrones,169,60,1,472,89,0,0,2,16,45,0,0,0,2,1,5,0
1212-3,1,187,ferrones,169,60,1,472,92,0,0,1,16,45,0,0,0,2,1,4,0
1212-3,1,188,ferrones,169,60,1,472,95,0,0,0,16,45,0,0,0,2,1,4,0
1212-3,1,189,ferrones,169,60,1,472,98,0,0,3,16,45,0,0,0,2,1,4,0
1212-3,1,190,ferrones,169,60,1,472,101,0,0,2,16,45,0,0,0,2,1,4,0
1212-3,1,191,ferrones,169,60,1,474,96,0,0,1,8,37,0,0,0,2,1,4,0
1212-3,1,192,ferrones,169,60,1,470,92,0,0,0,8,31,0,0,0,2,1,4,0
1212-3,1,193,ferrones,169,60,1,466,88,0,0,3,8,31,0,0,0,2,1,4,0
1212-3,1,194,ferrones,169,60,1,461,84,0,0,2,8,31,0,0,0,2,1,4,0
1212-3,1,195,ferrones,169,60,1,456,80,0,0,1,8,31,0,0,0,2,1,4,0
1212-3,1,196,ferrones,169,60,1,451,76,0,0,0,8,31,0,0,0,2,1,4,0
1212-3,1,197,ferrones,169,60,1,410,77,0,0,3,13,36,0,0,0,2,1,5,0
1212-3,1,198,ferrones,169,60,1,427,75,0,0,2,13,42,0,0,0,2,1,5,0
1212-3,1,199,ferrones,169,60,1,444,73,0,0,1,13,42,0,0,0,2,1,5,0
1212-3,1,200,ferrones,169,60,1,461,71,0,0,0,13,42,0,0,0,2,1,5,0
1212-3,1,1,hortelanos,39,116,1,40,67,0,0,0,29,53,0,0,0,0,1,4,0
1212-3,1,2,hortelanos,39,116,1,47,59,0,0,0,29,40,0,0,0,0,1,5,0
1212-3,1,3,hortelanos,107,116,1,54,55,0,0,0,29,40,0,0,0,1,1,0,1
1212-3,1,4,hortelanos,107,116,1,61,51,0,0,0,29,40,0,0,0,1,1,0,1
1212-3,1,5,hortelanos,107,116,1,68,59,0,0,0,41,52,0,1,0,1,1,0,1
1212-3,1,6,hortelanos,106,112,1,74,57,0,0,0,41,71,0,0,0,1,1,6,0
1212-3,1,7,hortelanos,114,112,1,86,68,0,0,0,41,71,0,0,0,1,1,4,0
1212-3,1,8,hortelanos,113,108,1,75,70,0,0,0,41,71,0,0,0,1,1,4,0
1212-3,1,9,hortelanos,128,108,1,91,91,0,0,0,48,76,0,0,0,2,1,3,0
1212-3,1,10,hortelanos,128,108,1,91,104,0,0,0,48,76,0,0,0,2,1,9,0
1212-3,1,11,hortelanos,136,108,1,95,160,0,0,0,86,114,0,0,0,2,1,4,0
1212-3,1,12,hortelanos,136,108,1,103,208,0,0,0,86,114,0,0,0,2,1,4,0
1212-3,1,13,hortelanos,136,108,1,118,252,0,0,0,86,114,0,0,0,2,1,4,0
1212-3,1,14,hortelanos,136,108,1,109,294,0,0,0,86,114,0,0,0,2,1,5,0
1212-3,1,15,hortelanos,136,108,1,124,319,0,1,0,71,99,0,0,0,2,1,4,0
1212-3,1,16,hortelanos,136,108,1,114,333,0,0,0,71,99,0,0,0,2,1,15,0
1212-3,1,17,hortelanos,136,108,1,132,331,0,1,0,48,76,0,0,0,2,1,4,0
1212-3,1,18,hortelanos,144,108,1,119,329,0,1,0,48,76,0,0,0,2,1,4,0
1212-3,1,19,hortelanos,144,108,1,115,331,0,1,0,48,76,0,0,0,2,1,3,0
1212-3,1,20,hortelanos,144,108,1,116,329,0,1,0,48,76,0,0,0,2,1,8,0
1212-3,1,21,hortelanos,144,108,1,116,331,0,1,0,48,76,0,0,0,2,1,3,0
1212-3,1,22,hortelanos,144,108,1,116,333,0,1,0,48,76,0,0,0,2,1,8,0
1212-3,1,23,hortelanos,152,108,1,116,317,0,1,0,29,57,0,0,0,2,1,3,0
1212-3,1,24,hortelanos,152,108,1,105,294,0,1,0,29,47,0,0,0,2,1,8,0
1212-3,1,25,hortelanos,152,108,1,104,279,0,1,0,29,47,0,0,0,2,1,3,0
1212-3,1,26,hortelanos,152,108,1,102,263,0,1,0,29,47,0,0,0,2,1,8,0
1212-3,1,27,hortelanos,160,108,1,99,249,0,1,0,29,47,0,0,0,2,1,3,0
1212-3,1,28,hortelanos,160,108,1,108,226,0,1,0,29,47,0,0,0,2,1,8,0
1212-3,1,29,hortelanos,160,108,1,106,225,0,1,0,41,59,0,0,0,2,1,3,0
1212-3,1,30,hortelanos,160,108,1,115,223,0,1,0,41,69,0,0,0,2,1,8,0
1212-3,1,31,hortelanos,160,108,1,123,222,0,1,0,41,69,0,0,0,2,1,3,0
1212-3,1,32,hortelanos,168,108,1,131,213,0,1,0,41,69,0,0,0,2,1,8,0
1212-3,1,33,hortelanos,168,108,1,113,213,0,1,0,41,69,0,0,0,2,1,4,0
1212-3,1,34,hortelanos,168,108,1,119,212,0,2,0,41,69,0,0,0,2,1,3,0
1212-3,1,35,hortelanos,168,108,1,116,241,0,2,0,71,99,0,0,0,2,1,3,0
1212-3,1,36,hortelanos,168,108,1,95,229,0,0,0,71,99,0,0,0,2,1,9,0
1212-3,1,37,hortelanos,176,108,1,113,256,0,0,0,71,99,0,0,0,2,1,3,0
1212-3,1,38,hortelanos,216,165,2,121,282,0,0,0,71,99,0,0,0,3,1,3,0
1212-3,1,39,hortelanos,216,167,2,117,294,0,0,0,71,109,0,0,0,3,1,5,0
1212-3,1,40,hortelanos,216,168,2,100,318,0,0,0,85,123,0,1,0,3,1,5,0
1212-3,1,41,hortelanos,216,168,2,100,327,0,1,0,71,111,0,1,0,3,1,9,0
1212-3,1,42,hortelanos,216,168,2,110,340,0,1,0,85,125,0,1,0,3,1,9,0
1212-3,1,43,hortelanos,225,171,2,103,363,0,1,0,85,125,0,1,0,3,1,4,0
1212-3,1,44,hortelanos,225,174,2,113,384,0,1,0,85,125,0,1,0,3,1,3,0
1212-3,1,45,hortelanos,226,177,2,115,406,0,1,0,85,128,0,0,0,3,1,3,0
1212-3,1,46,hortelanos,227,180,2,115,413,0,1,0,85,128,0,0,0,3,1,8,0
1212-3,1,47,hortelanos,227,183,2,126,406,0,1,0,62,107,0,0,0,3,1,8,0
1212-3,1,48,hortelanos,228,186,2,116,403,0,1,0,62,97,0,0,0,3,1,3,0
1212-3,1,49,hortelanos,236,189,2,116,398,0,1,0,62,97,0,0,0,3,1,3,0
1212-3,1,50,hortelanos,237,193,2,117,380,0,1,0,62,99,0,0,0,3,1,8,0
1212-3,1,51,hortelanos,238,197,2,87,335,0,1,0,62,99,0,0,0,3,1,4,0
1212-3,1,52,hortelanos,238,198,2,117,327,0,1,0,62,99,0,0,0,3,1,3,0
1212-3,1,53,hortelanos,293,283,3,126,331,0,1,0,76,115,0,0,0,4,1,8,0
1212-3,1,54,hortelanos,293,283,3,120,319,0,1,0,76,141,0,0,0,4,1,6,0
1212-3,1,55,hortelanos,301,283,3,113,307,0,2,0,76,141,0,1,0,4,1,6,0
1212-3,1,56,hortelanos,301,283,3,126,310,0,3,0,89,154,0,1,0,4,1,5,0
1212-3,1,57,hortelanos,301,283,3,147,337,0,3,0,112,177,0,1,0,4,1,5,0
1212-3,1,58,hortelanos,302,287,3,157,363,0,3,0,112,177,0,1,0,4,1,5,0
1212-3,1,59,hortelanos,302,288,3,162,427,0,0,0,157,222,0,1,0,4,1,10,0
1212-3,1,60,hortelanos,302,288,3,145,489,0,1,0,157,227,0,0,0,4,1,5,0
1212-3,1,61,hortelanos,310,288,3,144,548,0,3,0,157,227,0,0,0,4,1,4,0
1212-3,1,62,hortelanos,310,288,3,144,594,0,2,0,157,227,0,0,0,4,1,8,0
1212-3,1,63,hortelanos,310,288,3,145,632,0,2,0,139,209,0,0,0,4,1,3,0
1212-3,1,64,hortelanos,310,288,3,116,626,0,1,0,139,209,0,0,0,4,1,9,0
1212-3,1,65,hortelanos,310,288,3,136,635,0,1,0,112,182,0,0,0,4,1,3,0
1212-3,1,66,hortelanos,335,330,4,152,639,0,1,0,112,182,0,0,0,4,1,4,0
1212-3,1,67,hortelanos,335,332,4,205,629,0,1,0,112,190,0,0,0,4,1,9,0
1212-3,1,68,hortelanos,335,334,4,256,620,0,1,0,112,190,0,1,0,4,1,3,0
1212-3,1,69,hortelanos,336,336,4,316,615,0,1,0,116,194,0,1,0,4,1,3,0
1212-3,1,70,hortelanos,336,338,4,265,619,0,1,0,121,199,0,1,0,4,1,9,0
1212-3,1,71,hortelanos,337,340,4,263,594,0,1,0,98,178,0,0,0,4,1,10,0
1212-3,1,72,hortelanos,345,342,4,260,576,0,1,0,98,168,0,1,0,4,1,4,0
1212-3,1,73,hortelanos,345,344,4,256,561,0,1,0,98,168,0,1,0,4,1,3,0
1212-3,1,74,hortelanos,346,346,4,207,546,0,1,0,98,172,0,0,0,4,1,4,0
1212-3,1,75,hortelanos,346,348,4,201,523,0,1,0,98,172,0,1,0,4,1,9,0
1212-3,1,76,hortelanos,347,351,4,196,508,0,1,0,98,174,0,0,0,4,1,8,0
1212-3,1,77,hortelanos,347,354,4,220,507,0,1,0,112,188,0,0,0,4,1,4,0
1212-3,1,78,hortelanos,356,357,4,197,509,0,2,0,112,198,0,0,0,4,1,4,0
1212-3,1,79,hortelanos,357,360,4,83,512,0,3,0,112,198,0,0,0,4,1,5,0
1212-3,1,80,hortelanos,357,363,4,151,508,0,3,0,112,200,0,0,0,4,1,2,0
1212-3,1,81,hortelanos,358,366,4,185,501,0,3,0,112,200,0,0,0,4,1,3,0
1212-3,1,82,hortelanos,358,369,4,132,494,0,0,0,112,200,0,0,0,4,1,10,0
1212-3,1,83,hortelanos,359,373,4,99,487,0,2,0,148,238,0,0,0,4,1,6,0
1212-3,1,84,hortelanos,368,377,4,129,517,0,4,0,148,238,0,0,0,4,1,4,0
1212-3,1,85,hortelanos,390,446,5,147,546,0,4,0,148,238,0,0,0,4,1,4,0
1212-3,1,86,hortelanos,391,450,5,168,558,0,4,0,148,252,0,0,0,4,1,5,0
1212-3,1,87,hortelanos,391,454,5,181,567,0,4,0,148,252,0,1,0,4,1,5,0
1212-3,1,88,hortelanos,392,459,5,196,595,0,3,0,172,278,0,1,0,4,1,10,0
1212-3,1,89,hortelanos,393,464,5,212,603,0,3,0,151,257,0,1,0,4,1,5,0
1212-3,1,90,hortelanos,402,469,5,201,585,0,3,0,166,274,0,1,0,4,1,6,0
1212-3,1,91,hortelanos,403,473,5,178,620,0,3,0,181,289,0,1,0,4,1,6,0
1212-3,1,92,hortelanos,429,563,6,207,667,0,3,0,194,304,0,0,0,4,1,5,0
1212-3,1,93,hortelanos,429,563,6,206,652,0,3,0,194,322,0,0,0,4,1,6,0
1212-3,1,94,hortelanos,429,563,6,178,670,0,3,0,194,322,0,1,0,4,1,11,0
1212-3,1,95,hortelanos,444,598,7,222,646,0,3,0,146,274,0,0,0,4,1,6,0
1212-3,1,96,hortelanos,452,598,7,234,614,0,3,0,146,270,0,1,0,4,1,5,0
1212-3,1,97,hortelanos,452,598,7,215,589,0,3,0,152,276,0,0,0,4,1,6,0
1212-3,1,98,hortelanos,452,599,7,245,565,0,3,0,152,276,0,1,0,4,1,5,0
1212-3,1,99,hortelanos,453,600,7,258,548,0,3,0,156,280,0,0,0,4,1,4,0
1212-3,1,100,hortelanos,453,601,7,289,524,0,3,0,156,280,0,0,0,4,1,10,0
1212-3,1,101,hortelanos,453,602,7,263,536,0,3,0,188,312,0,1,0,4,1,4,0
1212-3,1,102,hortelanos,453,603,7,277,514,0,3,0,193,327,0,1,0,4,1,6,0
1212-3,1,103,hortelanos,462,605,7,315,533,0,3,0,193,329,0,0,0,4,1,5,0
1212-3,1,104,hortelanos,484,677,8,353,551,0,3,0,193,329,0,0,0,4,1,4,0
1212-3,1,105,hortelanos,484,679,8,351,512,0,3,0,193,343,0,0,0,4,1,6,0
1212-3,1,106,hortelanos,485,681,8,335,511,0,3,0,193,343,0,1,0,4,1,6,0
1212-3,1,107,hortelanos,504,735,9,384,591,0,0,0,283,433,0,1,0,4,1,12,0
1212-3,1,108,hortelanos,504,739,9,386,668,0,1,0,290,452,0,0,0,4,1,7,0
1212-3,1,109,hortelanos,513,743,9,410,736,0,3,0,290,452,0,2,0,4,1,7,0
1212-3,1,110,hortelanos,514,747,9,445,822,0,4,0,311,473,0,2,0,4,1,6,0
1212-3,1,111,hortelanos,515,751,9,501,927,0,4,0,333,495,0,1,0,4,1,4,0
1212-3,1,112,hortelanos,515,753,9,502,1034,0,3,0,342,506,0,0,0,4,1,10,0
1212-3,1,113,hortelanos,515,753,9,555,1065,0,3,0,265,431,0,0,0,4,1,5,0
1212-3,1,114,hortelanos,523,753,9,614,1095,0,3,0,265,431,0,0,0,4,1,4,0
1212-3,1,115,hortelanos,523,753,9,666,1124,0,3,0,265,431,0,0,0,4,1,4,0
1212-3,1,116,hortelanos,523,753,9,668,1152,0,3,0,265,431,0,0,0,4,1,4,0
1212-3,1,117,hortelanos,683,753,9,701,1176,0,3,0,265,431,0,1,1,5,1,9,0
1212-3,1,118,hortelanos,683,753,9,747,1228,0,3,0,294,460,0,0,0,5,1,3,0
1212-3,1,119,hortelanos,691,753,9,790,1239,0,3,0,253,419,0,0,0,5,1,3,0
1212-3,1,120,hortelanos,691,753,9,772,1247,0,3,0,253,409,0,0,0,5,1,3,0
1212-3,1,121,hortelanos,691,753,9,824,1252,0,3,0,253,409,0,1,0,5,1,4,0
1212-3,1,122,hortelanos,691,753,9,856,1258,0,3,0,253,409,0,0,0,5,1,8,0
1212-3,1,123,hortelanos,699,753,9,887,1266,0,3,0,253,409,0,0,0,5,1,3,0
1212-3,1,124,hortelanos,699,753,9,927,1267,0,3,0,253,409,0,1,0,5,1,3,0
1212-3,1,125,hortelanos,699,753,9,957,1302,0,3,0,282,438,0,0,0,5,1,5,0
1212-3,1,126,hortelanos,699,753,9,1006,1333,0,3,0,282,448,0,1,0,5,1,8,0
1212-3,1,127,hortelanos,700,756,9,1044,1365,0,3,0,282,448,0,1,0,5,1,4,0
1212-3,1,128,hortelanos,708,759,9,1042,1395,0,3,0,282,448,0,1,0,5,1,3,0
1212-3,1,129,hortelanos,709,762,9,1079,1426,0,3,0,282,455,0,0,0,5,1,4,0
1212-3,1,130,hortelanos,710,765,9,1125,1453,0,3,0,282,455,0,1,0,5,1,4,0
1212-3,1,131,hortelanos,710,768,9,1170,1526,0,1,0,330,505,0,0,0,5,1,8,0
1212-3,1,132,hortelanos,719,774,9,1159,1591,0,1,0,330,505,0,1,0,5,1,5,0
1212-3,1,133,hortelanos,721,780,9,1156,1652,0,2,0,330,505,0,1,0,5,1,5,0
1212-3,1,134,hortelanos,722,787,9,1201,1702,0,1,0,330,511,0,0,0,5,1,9,0
1212-3,1,135,hortelanos,723,794,9,1251,1753,0,0,0,330,511,0,0,0,5,1,9,0
1212-3,1,136,hortelanos,732,798,9,1276,1806,0,1,0,330,513,0,0,0,5,1,4,0
1212-3,1,137,hortelanos,733,801,9,1271,1822,0,3,0,294,479,0,0,0,5,1,3,0
1212-3,1,138,hortelanos,733,804,9,1290,1798,0,3,0,294,479,0,0,0,5,1,4,0
1212-3,1,139,hortelanos,734,808,9,1300,1804,0,3,0,294,481,0,0,0,5,1,14,0
1212-3,1,140,hortelanos,757,882,10,1359,1818,0,3,0,294,481,0,0,0,5,1,4,0
1212-3,1,141,hortelanos,765,883,10,1403,1810,0,3,0,294,495,0,0,0,5,1,4,0
1212-3,1,142,hortelanos,765,883,10,1398,1804,0,3,0,294,497,0,1,0,5,1,5,0
1212-3,1,143,hortelanos,765,883,10,1450,1775,0,3,0,270,473,0,0,0,5,1,5,0
1212-3,1,144,hortelanos,765,883,10,1501,1738,0,3,0,270,463,0,1,0,5,1,9,0
1212-3,1,145,hortelanos,765,883,10,1552,1714,0,3,0,277,470,0,0,0,5,1,8,0
1212-3,1,146,hortelanos,765,883,10,1520,1655,0,3,0,277,470,0,1,0,5,1,5,0
1212-3,1,147,hortelanos,774,886,10,1568,1639,0,3,0,277,470,0,1,0,5,1,4,0
1212-3,1,148,hortelanos,793,941,11,1615,1623,0,3,0,277,470,0,0,0,5,1,3,0
1212-3,1,149,hortelanos,794,946,11,1642,1611,0,3,0,295,498,0,1,0,5,1,4,0
1212-3,1,150,hortelanos,795,951,11,1637,1586,0,3,0,295,508,0,1,0,5,1,15,0
1212-3,1,151,hortelanos,804,957,11,1691,1575,0,3,0,300,515,0,1,0,5,1,6,0
1212-3,1,152,hortelanos,805,963,11,1751,1625,0,3,0,365,580,0,1,0,5,1,4,0
1212-3,1,153,hortelanos,807,970,11,1814,1676,0,3,0,365,584,0,1,0,5,1,4,0
1212-3,1,154,hortelanos,808,977,11,1826,1722,0,2,0,365,584,0,1,0,5,1,8,0
1212-3,1,155,hortelanos,817,984,11,1857,1784,0,2,0,423,642,0,0,0,5,1,4,0
1212-3,1,156,hortelanos,819,991,11,1920,1870,0,0,0,423,644,0,0,0,5,1,9,0
1212-3,1,157,hortelanos,840,1058,12,1962,1961,0,0,0,423,646,0,0,0,5,1,4,0
1212-3,1,158,hortelanos,842,1065,12,1982,2029,0,1,0,423,660,0,0,0,5,1,5,0
1212-3,1,159,hortelanos,843,1072,12,1977,2092,0,3,0,423,660,0,1,0,5,1,6,0
1212-3,1,160,hortelanos,844,1077,12,2033,2157,0,3,0,429,668,0,1,0,5,1,10,0
1212-3,1,161,hortelanos,845,1080,12,2102,2178,0,3,0,393,634,0,1,0,5,1,8,0
1212-3,1,162,hortelanos,853,1083,12,2171,2201,0,3,0,393,634,0,0,0,5,1,4,0
1212-3,1,163,hortelanos,854,1089,12,2190,2227,0,3,0,393,636,0,1,0,5,1,4,0
1212-3,1,164,hortelanos,856,1095,12,2268,2250,0,3,0,393,636,0,1,0,5,1,4,0
1212-3,1,165,hortelanos,857,1101,12,2344,2273,0,3,0,393,639,0,0,0,5,1,4,0
1212-3,1,166,hortelanos,858,1108,12,2411,2279,0,3,0,393,627,0,0,0,5,1,13,0
1212-3,1,167,hortelanos,860,1115,12,2430,2262,0,3,0,357,594,0,0,0,5,1,3,0
1212-3,1,168,hortelanos,869,1122,12,2336,2245,0,3,0,357,584,0,0,0,5,1,5,0
1212-3,1,169,hortelanos,870,1129,12,2394,2225,0,3,0,357,584,0,0,0,5,1,4,0
1212-3,1,170,hortelanos,872,1137,12,2449,2190,0,3,0,357,586,0,0,0,5,1,8,0
1212-3,1,171,hortelanos,874,1145,12,2453,2167,0,3,0,358,587,0,1,0,5,1,3,0
1212-3,1,172,hortelanos,875,1150,12,2528,2139,0,3,0,358,588,0,0,0,5,1,9,0
1212-3,1,173,hortelanos,875,1154,12,2580,2137,0,3,0,379,611,0,0,0,5,1,3,0
1212-3,1,174,hortelanos,876,1158,12,2703,2116,0,3,0,379,622,0,0,0,5,1,9,0
1212-3,1,175,hortelanos,885,1162,12,2724,2113,0,3,0,379,631,0,0,0,5,1,3,0
1212-3,1,176,hortelanos,886,1166,12,2836,2106,0,3,0,379,631,0,0,0,5,1,4,0
1212-3,1,177,hortelanos,887,1172,12,2964,2097,0,3,0,379,632,0,0,0,5,1,3,0
1212-3,1,178,hortelanos,887,1173,12,3068,2077,0,2,0,379,632,0,0,0,5,1,8,0
1212-3,1,179,hortelanos,887,1173,12,3100,2121,0,0,0,437,692,0,0,0,5,1,9,0
1212-3,1,180,hortelanos,887,1173,12,3126,2131,0,1,0,437,692,0,0,0,5,1,5,0
1212-3,1,181,hortelanos,895,1173,12,3203,2178,0,3,0,437,692,0,0,0,5,1,5,0
1212-3,1,182,hortelanos,915,1233,13,3279,2225,0,4,0,437,692,0,0,0,5,1,3,0
1212-3,1,183,hortelanos,915,1233,13,3308,2217,0,4,0,437,704,0,0,0,5,1,5,0
1212-3,1,184,hortelanos,916,1237,13,3327,2249,0,4,0,437,704,0,1,0,5,1,6,0
1212-3,1,185,hortelanos,935,1290,14,3382,2238,0,4,0,408,675,0,1,0,5,1,6,0
1212-3,1,186,hortelanos,935,1292,14,3404,2189,0,4,0,423,700,0,0,0,5,1,10,0
1212-3,1,187,hortelanos,936,1297,14,3413,2193,0,4,0,423,700,0,1,0,5,1,6,0
1212-3,1,188,hortelanos,953,1340,15,3466,2188,0,4,0,429,708,0,2,0,5,1,7,0
1212-3,1,189,hortelanos,953,1342,15,3494,2146,0,4,0,435,722,0,0,0,5,1,10,0
1212-3,1,190,hortelanos,953,1344,15,3508,2150,0,4,0,435,722,0,1,0,5,1,5,0
1212-3,1,191,hortelanos,971,1393,16,3587,2121,0,4,0,404,693,0,0,0,5,1,6,0
1212-3,1,192,hortelanos,981,1400,16,3642,2082,0,4,0,404,691,0,2,0,5,1,5,0
1212-3,1,193,hortelanos,982,1407,16,3648,2083,0,4,0,443,730,0,0,0,5,1,6,0
1212-3,1,194,hortelanos,983,1414,16,3723,2081,0,4,0,443,732,0,2,0,5,1,6,0
1212-3,1,195,hortelanos,985,1420,16,3797,2084,0,4,0,448,740,0,1,0,5,1,9,0
1212-3,1,196,hortelanos,994,1425,16,3876,2093,0,4,0,453,749,0,0,0,5,1,4,0
1212-3,1,197,hortelanos,995,1430,16,3901,2073,0,4,0,424,720,0,0,0,5,1,4,0
1212-3,1,198,hortelanos,1215,1434,16,3989,2053,0,4,0,424,730,0,1,1,6,1,5,0
1212-3,1,199,hortelanos,1216,1437,16,4085,2050,0,4,0,440,750,0,0,0,6,1,5,0
1212-3,1,200,hortelanos,1217,1441,16,4173,2043,0,3,0,440,739,0,0,0,6,1,9,0
1212-3,1,1,mercaderes,39,116,1,468,49,0,0,0,11,43,0,0,0,0,1,4,0
1212-3,1,2,mercaderes,39,116,1,430,28,0,0,0,11,30,0,0,0,0,1,4,0
1212-3,1,3,mercaderes,39,116,1,409,15,0,0,0,11,30,0,1,0,0,1,3,0
1212-3,1,4,mercaderes,38,116,1,387,7,0,0,0,11,30,1,0,0,0,1,3,0
1212-3,1,5,mercaderes,37,116,1,323,7,0,0,0,18,37,1,0,0,0,1,4,0
1212-3,1,6,mercaderes,35,113,1,318,4,0,0,0,18,48,1,0,0,0,1,4,0
1212-3,1,7,mercaderes,34,110,1,313,4,0,0,0,18,48,1,0,0,0,1,4,0
1212-3,1,8,mercaderes,32,107,1,308,4,0,0,0,18,48,1,0,0,0,1,4,0
1212-3,1,9,mercaderes,30,104,1,303,4,0,0,0,18,46,1,0,0,0,1,4,0
1212-3,1,10,mercaderes,29,101,1,297,4,0,0,0,16,44,1,0,0,0,1,4,0
1212-3,1,11,mercaderes,29,101,1,291,15,0,0,0,32,60,0,0,0,0,1,4,0
1212-3,1,12,mercaderes,29,101,1,285,26,0,0,0,32,60,0,0,0,0,1,4,0
1212-3,1,13,mercaderes,29,101,1,279,36,0,0,0,32,60,0,0,0,0,1,4,0
1212-3,1,14,mercaderes,29,101,1,273,46,0,0,0,32,60,0,0,0,0,1,4,0
1212-3,1,15,mercaderes,29,101,1,266,55,0,0,0,32,60,0,0,0,0,1,4,0
1212-3,1,16,mercaderes,29,101,1,260,64,0,0,0,32,60,0,0,0,0,1,4,0
1212-3,1,17,mercaderes,28,97,1,274,52,0,0,0,20,48,0,0,0,0,1,4,0
1212-3,1,18,mercaderes,28,97,1,257,52,0,0,0,20,46,0,0,0,0,1,8,0
1212-3,1,19,mercaderes,46,97,1,240,54,0,0,0,20,46,0,0,0,1,1,3,0
1212-3,1,20,mercaderes,46,97,1,225,55,0,0,0,20,46,0,0,0,1,1,4,0
1212-3,1,21,mercaderes,46,97,1,218,55,0,0,0,20,46,0,1,0,1,1,4,0
1212-3,1,22,mercaderes,46,97,1,208,58,0,0,0,22,48,0,0,0,1,1,8,0
1212-3,1,23,mercaderes,54,97,1,204,51,0,0,0,11,37,0,0,0,1,1,3,0
1212-3,1,24,mercaderes,54,97,1,175,44,0,0,0,11,28,0,0,0,1,1,3,0
1212-3,1,25,mercaderes,54,97,1,150,37,0,0,0,11,28,0,0,0,1,1,3,0
1212-3,1,26,mercaderes,54,97,1,125,31,0,0,0,11,28,0,0,0,1,1,3,0
1212-3,1,27,mercaderes,54,97,1,101,25,0,0,0,11,28,0,0,0,1,1,3,0
1212-3,1,28,mercaderes,54,97,1,97,19,0,0,0,11,28,0,0,0,1,1,3,0
1212-3,1,29,mercaderes,54,97,1,86,20,0,0,0,18,35,0,0,0,1,1,3,0
1212-3,1,30,mercaderes,54,97,1,94,18,0,0,0,18,44,0,0,0,1,1,3,0
1212-3,1,31,mercaderes,54,97,1,90,16,0,0,0,18,44,0,0,0,1,1,3,0
1212-3,1,32,mercaderes,54,97,1,99,14,0,0,0,18,44,0,0,0,1,1,3,0
1212-3,1,33,mercaderes,54,97,1,95,12,0,0,0,18,44,0,0,0,1,1,3,0
1212-3,1,34,mercaderes,54,97,1,93,10,0,0,0,18,44,0,0,0,1,1,3,0
1212-3,1,35,mercaderes,54,97,1,101,26,0,0,0,36,62,0,0,0,1,1,3,0
1212-3,1,36,mercaderes,54,97,1,96,41,0,0,0,36,62,0,0,0,1,1,3,0
1212-3,1,37,mercaderes,54,97,1,94,55,0,0,0,36,62,0,0,0,1,1,3,0
1212-3,1,38,mercaderes,54,97,1,95,69,0,0,0,36,62,0,0,0,1,1,3,0
1212-3,1,39,mercaderes,53,93,1,74,73,0,0,0,36,62,0,0,0,1,1,4,0
1212-3,1,40,mercaderes,68,90,1,73,77,0,0,0,36,62,0,0,0,2,1,3,0
1212-3,1,41,mercaderes,68,90,1,66,67,0,0,0,22,48,0,0,0,2,1,8,0
1212-3,1,42,mercaderes,76,90,1,86,69,0,0,0,22,48,0,0,0,2,1,3,0
1212-3,1,43,mercaderes,76,90,1,83,68,0,0,0,22,48,0,0,0,2,1,4,0
1212-3,1,44,mercaderes,76,90,1,89,71,0,0,0,22,48,0,1,0,2,1,3,0
1212-3,1,45,mercaderes,76,90,1,89,74,0,0,0,22,48,0,0,0,2,1,8,0
1212-3,1,46,mercaderes,76,90,1,88,79,0,0,0,22,48,0,0,0,2,1,3,0
1212-3,1,47,mercaderes,84,90,1,88,73,0,0,0,11,37,0,0,0,2,1,3,0
1212-3,1,48,mercaderes,84,90,1,81,67,0,0,0,11,28,0,0,0,2,1,3,0
1212-3,1,49,mercaderes,84,90,1,81,61,0,0,0,11,28,0,0,0,2,1,3,0
1212-3,1,50,mercaderes,84,90,1,79,52,0,0,0,11,28,0,0,0,2,1,8,0
1212-3,1,51,mercaderes,92,90,1,78,46,0,0,0,11,28,0,0,0,2,1,2,0
1212-3,1,52,mercaderes,92,90,1,78,40,0,0,0,11,28,0,0,0,2,1,3,0
1212-3,1,53,mercaderes,92,90,1,77,40,0,0,0,18,35,0,0,0,2,1,3,0
1212-3,1,54,mercaderes,92,90,1,86,39,0,0,0,18,44,0,0,0,2,1,3,0
1212-3,1,55,mercaderes,92,90,1,86,38,0,0,0,18,44,0,0,0,2,1,4,0
1212-3,1,56,mercaderes,92,90,1,88,37,0,0,0,18,44,0,0,0,2,1,4,0
1212-3,1,57,mercaderes,92,90,1,90,36,0,0,0,18,44,0,0,0,2,1,4,0
1212-3,1,58,mercaderes,92,90,1,89,35,0,0,0,18,44,0,0,0,2,1,4,0
1212-3,1,59,mercaderes,92,90,1,91,52,0,0,0,36,62,0,0,0,2,1,3,0
1212-3,1,60,mercaderes,92,90,1,91,68,0,0,0,36,62,0,0,0,2,1,4,0
1212-3,1,61,mercaderes,92,90,1,90,83,0,0,0,36,62,0,0,0,2,1,4,0
1212-3,1,62,mercaderes,92,90,1,89,98,0,0,0,36,62,0,0,0,2,1,4,0
1212-3,1,63,mercaderes,92,90,1,89,112,0,0,0,36,62,0,0,0,2,1,4,0
1212-3,1,64,mercaderes,92,90,1,89,125,0,0,0,36,62,0,0,0,2,1,4,0
1212-3,1,65,mercaderes,92,90,1,89,121,0,0,0,22,48,0,0,0,2,1,8,0
1212-3,1,66,mercaderes,92,90,1,88,124,0,0,0,22,48,0,0,0,2,1,3,0
1212-3,1,67,mercaderes,100,90,1,88,127,0,0,0,22,48,0,0,0,2,1,3,0
1212-3,1,68,mercaderes,100,90,1,91,129,0,0,0,22,48,0,0,0,2,1,3,0
1212-3,1,69,mercaderes,100,90,1,90,131,0,0,0,22,48,0,0,0,2,1,3,0
1212-3,1,70,mercaderes,100,90,1,90,133,0,0,0,22,48,0,0,0,2,1,3,0
1212-3,1,71,mercaderes,100,90,1,89,121,0,0,0,11,37,0,0,0,2,1,9,0
1212-3,1,72,mercaderes,100,90,1,80,111,0,0,0,11,28,0,0,0,2,1,3,0
1212-3,1,73,mercaderes,108,90,1,80,103,0,0,0,11,28,0,0,0,2,1,3,0
1212-3,1,74,mercaderes,108,90,1,78,95,0,0,0,11,28,0,0,0,2,1,3,0
1212-3,1,75,mercaderes,108,90,1,80,87,0,0,0,11,28,0,0,0,2,1,3,0
1212-3,1,76,mercaderes,108,90,1,78,78,0,0,0,11,28,0,0,0,2,1,3,0
1212-3,1,77,mercaderes,108,90,1,79,74,0,0,0,18,35,0,0,0,2,1,8,0
1212-3,1,78,mercaderes,108,90,1,86,72,0,0,0,18,44,0,0,0,2,1,3,0
1212-3,1,79,mercaderes,108,90,1,86,70,0,0,0,18,44,0,0,0,2,1,4,0
1212-3,1,80,mercaderes,116,90,1,89,68,0,0,0,18,44,0,0,0,2,1,4,0
1212-3,1,81,mercaderes,116,90,1,89,66,0,0,0,18,44,0,0,0,2,1,4,0
1212-3,1,82,mercaderes,116,90,1,89,64,0,0,0,18,44,0,0,0,2,1,4,0
1212-3,1,83,mercaderes,116,90,1,88,79,0,0,0,36,62,0,0,0,2,1,4,0
1212-3,1,84,mercaderes,116,90,1,88,94,0,0,0,36,62,0,0,0,2,1,4,0
1212-3,1,85,mercaderes,116,90,1,88,108,0,0,0,36,62,0,0,0,2,1,4,0
1212-3,1,86,mercaderes,116,90,1,88,122,0,0,0,36,62,0,0,0,2,1,4,0
1212-3,1,87,mercaderes,116,90,1,90,135,0,0,0,36,62,0,0,0,2,1,4,0
1212-3,1,88,mercaderes,116,90,1,89,148,0,0,0,36,62,0,0,0,2,1,3,0
1212-3,1,89,mercaderes,116,90,1,91,140,0,0,0,22,48,0,0,0,2,1,9,0
1212-3,1,90,mercaderes,116,90,1,88,135,0,0,0,22,48,0,0,0,2,1,3,0
1212-3,1,91,mercaderes,124,90,1,91,130,0,0,0,22,48,0,0,0,2,1,4,0
1212-3,1,92,mercaderes,124,90,1,88,128,0,0,0,22,48,0,0,0,2,1,3,0
1212-3,1,93,mercaderes,124,90,1,89,130,0,0,0,22,48,0,0,0,2,1,3,0
1212-3,1,94,mercaderes,124,90,1,89,132,0,0,0,22,48,0,0,0,2,1,3,0
1212-3,1,95,mercaderes,124,90,1,89,124,0,0,0,11,37,0,0,0,2,1,3,0
1212-3,1,96,mercaderes,124,90,1,81,110,0,0,0,11,28,0,0,0,2,1,8,0
1212-3,1,97,mercaderes,124,90,1,79,103,0,0,0,11,28,0,0,0,2,1,3,0
1212-3,1,98,mercaderes,124,90,1,79,95,0,0,0,11,28,0,0,0,2,1,2,0
1212-3,1,99,mercaderes,132,90,1,79,87,0,0,0,11,28,0,0,0,2,1,2,0
1212-3,1,100,mercaderes,132,90,1,79,79,0,0,0,11,28,0,0,0,2,1,2,0
1212-3,1,101,mercaderes,132,90,1,78,78,0,0,0,18,35,0,0,0,2,1,3,0
1212-3,1,102,mercaderes,132,90,1,86,76,0,0,0,18,44,0,0,0,2,1,3,0
1212-3,1,103,mercaderes,132,90,1,86,74,0,0,0,18,44,0,0,0,2,1,4,0
1212-3,1,104,mercaderes,132,90,1,89,66,0,0,0,18,44,0,0,0,2,1,9,0
1212-3,1,105,mercaderes,132,90,1,88,64,0,0,0,18,44,0,0,0,2,1,4,0
1212-3,1,106,mercaderes,132,90,1,88,62,0,0,0,18,44,0,0,0,2,1,4,0
1212-3,1,107,mercaderes,140,90,1,88,77,0,0,0,36,62,0,0,0,2,1,4,0
1212-3,1,108,mercaderes,140,90,1,88,92,0,0,0,36,62,0,0,0,2,1,4,0
1212-3,1,109,mercaderes,140,90,1,90,106,0,0,0,36,62,0,0,0,2,1,4,0
1212-3,1,110,mercaderes,140,90,1,89,120,0,0,0,36,62,0,0,0,2,1,4,0
1212-3,1,111,mercaderes,140,90,1,89,133,0,0,0,36,62,0,0,0,2,1,4,0
1212-3,1,112,mercaderes,140,90,1,89,146,0,0,0,36,62,0,0,0,2,1,4,0
1212-3,1,113,mercaderes,140,90,1,89,145,0,0,0,22,48,0,0,0,2,1,3,0
1212-3,1,114,mercaderes,140,90,1,88,140,0,0,0,22,48,0,0,0,2,1,3,0
1212-3,1,115,mercaderes,140,90,1,88,135,0,0,0,22,48,0,0,0,2,1,3,0
1212-3,1,116,mercaderes,140,94,1,98,132,0,0,0,22,48,0,0,0,2,1,5,0
1212-3,1,117,mercaderes,140,90,1,73,120,0,0,0,22,48,0,0,0,2,1,4,0
1212-3,1,118,mercaderes,140,90,1,92,115,0,0,0,22,48,0,0,0,2,1,7,0
1212-3,1,119,mercaderes,140,90,1,86,104,0,0,0,11,37,0,0,0,2,1,3,0
1212-3,1,120,mercaderes,140,90,1,80,97,0,0,0,11,28,0,0,0,2,1,3,0
1212-3,1,121,mercaderes,148,90,1,79,90,0,0,0,11,28,0,0,0,2,1,3,0
1212-3,1,122,mercaderes,148,90,1,80,82,0,0,0,11,28,0,0,0,2,1,2,0
1212-3,1,123,mercaderes,148,90,1,79,75,0,0,0,11,28,0,0,0,2,1,3,0
1212-3,1,124,mercaderes,148,90,1,79,68,0,0,0,11,28,0,0,0,2,1,2,0
1212-3,1,125,mercaderes,148,90,1,79,68,0,0,0,18,35,0,0,0,2,1,3,0
1212-3,1,126,mercaderes,148,90,1,86,61,0,0,0,18,44,0,0,0,2,1,8,0
1212-3,1,127,mercaderes,148,90,1,86,59,0,0,0,18,44,0,0,0,2,1,4,0
1212-3,1,128,mercaderes,156,90,1,89,57,0,0,0,18,44,0,0,0,2,1,4,0
1212-3,1,129,mercaderes,156,90,1,88,55,0,0,0,18,44,0,0,0,2,1,4,0
1212-3,1,130,mercaderes,156,90,1,88,53,0,0,0,18,44,0,0,0,2,1,4,0
1212-3,1,131,mercaderes,156,90,1,88,69,0,0,0,36,62,0,0,0,2,1,4,0
1212-3,1,132,mercaderes,156,90,1,88,84,0,0,0,36,62,0,0,0,2,1,4,0
1212-3,1,133,mercaderes,156,90,1,90,99,0,0,0,36,62,0,0,0,2,1,4,0
1212-3,1,134,mercaderes,156,90,1,89,113,0,0,0,36,62,0,0,0,2,1,4,0
1212-3,1,135,mercaderes,156,90,1,93,126,0,0,0,36,62,0,0,0,2,1,4,0
1212-3,1,136,mercaderes,156,90,1,89,139,0,0,0,36,62,0,0,0,2,1,3,0
1212-3,1,137,mercaderes,156,90,1,101,132,0,0,0,22,48,0,0,0,2,1,7,0
1212-3,1,138,mercaderes,156,90,1,90,127,0,0,0,22,48,0,0,0,2,1,3,0
1212-3,1,139,mercaderes,156,90,1,100,128,0,0,0,22,48,0,0,0,2,1,2,0
1212-3,1,140,mercaderes,164,90,1,96,130,0,0,0,22,48,0,0,0,2,1,3,0
1212-3,1,141,mercaderes,164,90,1,94,132,0,0,0,22,48,0,0,0,2,1,3,0
1212-3,1,142,mercaderes,164,90,1,96,134,0,0,0,22,48,0,0,0,2,1,3,0
1212-3,1,143,mercaderes,164,90,1,95,125,0,0,0,11,37,0,0,0,2,1,3,0
1212-3,1,144,mercaderes,164,90,1,85,114,0,0,0,11,28,0,0,0,2,1,3,0
1212-3,1,145,mercaderes,164,90,1,86,99,0,0,0,11,28,0,0,0,2,1,7,0
1212-3,1,146,mercaderes,164,90,1,83,92,0,0,0,11,28,0,0,0,2,1,2,0
1212-3,1,147,mercaderes,164,90,1,80,85,0,0,0,11,28,0,0,0,2,1,2,0
1212-3,1,148,mercaderes,172,90,1,81,79,0,0,0,11,28,0,0,0,2,1,2,0
1212-3,1,149,mercaderes,172,90,1,86,78,0,0,0,18,35,0,0,0,2,1,2,0
1212-3,1,150,mercaderes,172,90,1,88,76,0,0,0,18,44,0,0,0,2,1,3,0
1212-3,1,151,mercaderes,172,90,1,95,74,0,0,0,18,44,0,0,0,2,1,4,0
1212-3,1,152,mercaderes,172,90,1,98,72,0,0,0,18,51,0,0,0,2,1,3,0
1212-3,1,153,mercaderes,172,90,1,104,70,0,0,0,18,51,0,0,0,2,1,3,0
1212-3,1,154,mercaderes,172,90,1,100,68,0,0,0,18,51,0,0,0,2,1,3,0
1212-3,1,155,mercaderes,172,90,1,109,73,0,0,0,25,58,0,0,0,2,1,3,0
1212-3,1,156,mercaderes,172,90,1,105,77,0,0,0,25,58,0,0,0,2,1,3,0
1212-3,1,157,mercaderes,172,90,1,104,81,0,0,0,25,58,0,0,0,2,1,3,0
1212-3,1,158,mercaderes,172,90,1,103,85,0,0,0,25,58,0,0,0,2,1,3,0
1212-3,1,159,mercaderes,172,90,1,102,89,0,0,0,25,58,0,0,0,2,1,3,0
1212-3,1,160,mercaderes,172,90,1,110,93,0,0,0,25,58,0,0,0,2,1,3,0
1212-3,1,161,mercaderes,172,90,1,105,87,0,0,0,22,55,0,0,0,2,1,8,0
1212-3,1,162,mercaderes,172,90,1,103,91,0,0,0,22,55,0,0,0,2,1,3,0
1212-3,1,163,mercaderes,172,90,1,104,95,0,0,0,22,55,0,0,0,2,1,3,0
1212-3,1,164,mercaderes,180,90,1,104,99,0,0,0,22,55,0,0,0,2,1,3,0
1212-3,1,165,mercaderes,180,90,1,104,103,0,0,0,22,55,0,0,0,2,1,3,0
1212-3,1,166,mercaderes,180,90,1,103,106,0,0,0,22,55,0,0,0,2,1,3,0
1212-3,1,167,mercaderes,180,90,1,102,99,0,0,0,11,44,0,0,0,2,1,3,0
1212-3,1,168,mercaderes,180,90,1,98,92,0,0,0,11,32,0,0,0,2,1,3,0
1212-3,1,169,mercaderes,180,90,1,91,85,0,0,0,11,32,0,0,0,2,1,3,0
1212-3,1,170,mercaderes,180,90,1,97,73,0,0,0,11,32,0,0,0,2,1,7,0
1212-3,1,171,mercaderes,180,90,1,89,67,0,0,0,11,32,0,0,0,2,1,3,0
1212-3,1,172,mercaderes,180,90,1,94,61,0,0,0,11,32,0,0,0,2,1,2,0
1212-3,1,173,mercaderes,188,90,1,85,62,0,0,0,18,39,0,0,0,2,1,3,0
1212-3,1,174,mercaderes,188,90,1,101,60,0,0,0,18,51,0,0,0,2,1,3,0
1212-3,1,175,mercaderes,188,90,1,104,58,0,0,0,18,51,0,0,0,2,1,3,0
1212-3,1,176,mercaderes,188,90,1,99,56,0,0,0,18,51,0,0,0,2,1,3,0
1212-3,1,177,mercaderes,188,90,1,107,54,0,0,0,18,51,0,0,0,2,1,3,0
1212-3,1,178,mercaderes,188,90,1,102,52,0,0,0,18,51,0,0,0,2,1,3,0
1212-3,1,179,mercaderes,188,90,1,110,68,0,0,0,36,69,0,0,0,2,1,3,0
1212-3,1,180,mercaderes,188,90,1,107,83,0,0,0,36,69,0,0,0,2,1,3,0
1212-3,1,181,mercaderes,188,90,1,106,98,0,0,0,36,69,0,0,0,2,1,3,0
1212-3,1,182,mercaderes,188,90,1,105,112,0,0,0,36,69,0,0,0,2,1,3,0
1212-3,1,183,mercaderes,188,90,1,104,125,0,0,0,36,69,0,0,0,2,1,3,0
1212-3,1,184,mercaderes,188,90,1,102,138,0,0,0,36,69,0,0,0,2,1,3,0
1212-3,1,185,mercaderes,188,90,1,103,136,0,0,0,28,61,0,0,0,2,1,7,0
1212-3,1,186,mercaderes,188,90,1,106,137,0,0,0,28,61,0,0,0,2,1,3,0
1212-3,1,187,mercaderes,188,90,1,101,140,0,0,0,28,61,0,0,0,2,1,3,0
1212-3,1,188,mercaderes,196,90,1,102,142,0,0,0,28,61,0,0,0,2,1,2,0
1212-3,1,189,mercaderes,196,90,1,102,143,0,0,0,28,61,0,0,0,2,1,2,0
1212-3,1,190,mercaderes,196,90,1,102,144,0,0,0,28,61,0,0,0,2,1,2,0
1212-3,1,191,mercaderes,196,90,1,102,128,0,0,0,11,44,0,0,0,2,1,2,0
1212-3,1,192,mercaderes,196,90,1,97,113,0,0,0,11,32,0,0,0,2,1,3,0
1212-3,1,193,mercaderes,196,90,1,90,98,0,0,0,11,32,0,0,0,2,1,8,0
1212-3,1,194,mercaderes,196,90,1,93,91,0,0,0,11,32,0,0,0,2,1,2,0
1212-3,1,195,mercaderes,196,90,1,83,84,0,0,0,11,32,0,0,0,2,1,3,0
1212-3,1,196,mercaderes,196,90,1,85,78,0,0,0,11,32,0,0,0,2,1,2,0
1212-3,1,197,mercaderes,196,90,1,87,79,0,0,0,18,39,0,0,0,2,1,3,0
1212-3,1,198,mercaderes,204,90,1,100,76,0,0,0,18,51,0,0,0,2,1,3,0
1212-3,1,199,mercaderes,204,90,1,103,74,0,0,0,18,51,0,0,0,2,1,3,0
1212-3,1,200,mercaderes,204,90,1,99,68,0,0,0,14,47,0,0,0,2,1,3,0
1212-3,1,1,mesta,20,21,1,20,66,0,0,0,4,8,0,0,0,0,1,4,0
1212-3,1,2,mesta,20,21,1,18,60,0,0,0,3,5,0,0,0,0,1,1,0
1212-3,1,3,mesta,20,21,1,16,54,0,0,0,3,5,0,0,0,0,1,0,1
1212-3,1,4,mesta,20,21,1,14,48,0,0,0,3,5,0,0,0,0,1,0,1
1212-3,1,5,mesta,20,22,1,12,45,0,0,0,5,7,0,1,0,0,1,0,1
1212-3,1,6,mesta,20,23,1,20,45,0,0,0,6,18,0,0,0,0,1,1,0
1212-3,1,7,mesta,20,24,1,28,45,0,0,0,6,18,0,0,0,0,1,0,1
1212-3,1,8,mesta,21,25,1,36,44,0,0,0,6,18,0,0,0,0,1,0,1
1212-3,1,9,mesta,20,22,1,24,33,0,0,0,6,18,0,0,0,0,1,1,0
1212-3,1,10,mesta,20,23,1,32,33,0,0,0,6,18,0,0,0,0,1,0,1
1212-3,1,11,mesta,20,24,1,40,39,0,0,0,12,24,0,0,0,0,1,0,1
1212-3,1,12,mesta,21,25,1,48,45,0,0,0,13,25,0,0,0,0,1,0,1
1212-3,1,13,mesta,20,22,1,36,41,0,0,0,13,25,0,0,0,0,1,1,0
1212-3,1,14,mesta,20,23,1,44,47,0,0,0,12,24,0,0,0,0,1,0,1
1212-3,1,15,mesta,20,24,1,52,52,0,0,0,12,24,0,0,0,0,1,0,1
1212-3,1,16,mesta,21,25,1,60,57,0,0,0,13,25,0,0,0,0,1,0,1
1212-3,1,17,mesta,20,22,1,48,37,0,0,0,8,20,0,0,0,0,1,6,0
1212-3,1,18,mesta,20,23,1,56,38,0,0,0,7,19,0,0,0,0,1,0,1
1212-3,1,19,mesta,20,24,1,64,40,0,0,0,8,20,0,0,0,0,1,0,1
1212-3,1,20,mesta,21,25,1,72,41,0,0,0,8,20,0,0,0,0,1,0,1
1212-3,1,21,mesta,21,26,1,75,42,0,0,0,8,20,0,0,0,0,1,2,0
1212-3,1,22,mesta,21,27,1,75,44,0,0,0,8,20,0,0,0,0,1,2,0
1212-3,1,23,mesta,39,27,1,76,41,0,0,0,4,16,0,0,0,1,1,2,0
1212-3,1,24,mesta,39,27,1,70,38,0,0,0,4,14,0,0,0,1,1,3,0
1212-3,1,25,mesta,39,27,1,69,36,0,0,0,4,14,0,0,0,1,1,2,0
1212-3,1,26,mesta,39,27,1,73,35,0,0,0,4,14,0,0,0,1,1,2,0
1212-3,1,27,mesta,39,27,1,70,33,0,0,0,4,14,0,0,0,1,1,2,0
1212-3,1,28,mesta,39,27,1,69,32,0,0,0,4,14,0,0,0,1,1,2,0
1212-3,1,29,mesta,39,27,1,73,33,0,0,0,6,16,0,0,0,1,1,2,0
1212-3,1,30,mesta,39,27,1,72,26,0,0,0,6,18,0,0,0,1,1,7,0
1212-3,1,31,mesta,39,27,1,73,27,0,0,0,6,18,0,0,0,1,1,2,0
1212-3,1,32,mesta,39,27,1,74,28,0,0,0,6,18,0,0,0,1,1,2,0
1212-3,1,33,mesta,39,27,1,75,29,0,0,0,6,18,0,0,0,1,1,2,0
1212-3,1,34,mesta,39,27,1,71,30,0,0,0,6,18,0,0,0,1,1,2,0
1212-3,1,35,mesta,47,28,1,73,39,0,0,0,13,25,0,0,0,1,1,2,0
1212-3,1,36,mesta,47,29,1,74,46,0,0,0,13,25,0,0,0,1,1,2,0
1212-3,1,37,mesta,48,30,1,74,52,0,0,0,13,25,0,0,0,1,1,2,0
1212-3,1,38,mesta,47,29,1,47,58,0,0,0,13,27,0,0,0,1,1,3,0
1212-3,1,39,mesta,48,30,1,57,64,0,0,0,13,25,0,0,0,1,1,1,0
1212-3,1,40,mesta,48,31,1,67,70,0,0,0,13,27,0,0,0,1,1,1,0
1212-3,1,41,mesta,63,32,1,77,71,0,0,0,8,22,0,0,0,2,1,0,1
1212-3,1,42,mesta,63,33,1,78,71,0,0,0,8,22,0,0,0,2,1,2,0
1212-3,1,43,mesta,63,33,1,62,71,0,0,0,8,22,0,0,0,2,1,2,0
1212-3,1,44,mesta,63,34,1,77,69,0,0,0,8,22,0,1,0,2,1,1,0
1212-3,1,45,mesta,64,35,1,78,69,0,0,0,8,31,0,0,0,2,1,2,0
1212-3,1,46,mesta,64,35,1,72,69,0,0,0,8,31,0,0,0,2,1,2,0
1212-3,1,47,mesta,64,35,1,78,65,0,0,0,4,27,0,0,0,2,1,2,0
1212-3,1,48,mesta,64,39,1,79,61,0,0,0,4,24,0,0,0,2,1,3,0
1212-3,1,49,mesta,64,35,1,53,47,0,0,0,4,24,0,0,0,2,1,4,0
1212-3,1,50,mesta,64,35,1,86,36,0,0,0,4,24,0,0,0,2,1,7,0
1212-3,1,51,mesta,64,35,1,99,33,0,0,0,4,24,0,0,0,2,1,3,0
1212-3,1,52,mesta,64,35,1,89,34,0,0,0,4,24,0,0,0,2,1,4,0
1212-3,1,53,mesta,64,35,1,94,37,0,0,0,6,26,0,0,0,2,1,5,0
1212-3,1,54,mesta,64,35,1,95,37,0,0,0,6,29,0,0,0,2,1,4,0
1212-3,1,55,mesta,64,35,1,97,37,0,0,0,6,29,0,0,0,2,1,4,0
1212-3,1,56,mesta,64,35,1,99,37,0,0,0,6,29,0,0,0,2,1,4,0
1212-3,1,57,mesta,64,35,1,101,37,0,0,0,6,29,0,0,0,2,1,4,0
1212-3,1,58,mesta,82,35,1,105,37,11,0,0,6,29,0,0,0,2,1,4,0
1212-3,1,59,mesta,82,36,1,105,44,6,0,0,13,36,0,0,0,2,1,5,0
1212-3,1,60,mesta,82,37,1,307,48,1,0,0,13,36,0,0,0,2,1,5,0
1212-3,1,61,mesta,82,36,1,427,52,1,0,0,13,36,0,0,0,2,1,6,0
1212-3,1,62,mesta,82,35,1,394,59,1,0,0,13,36,0,0,0,2,1,6,0
1212-3,1,63,mesta,82,36,1,387,69,1,0,0,13,36,0,0,0,2,1,4,0
1212-3,1,64,mesta,82,37,1,381,76,1,0,0,13,36,0,0,0,2,1,7,0
1212-3,1,65,mesta,82,37,1,399,78,1,0,0,8,31,0,0,0,2,1,3,0
1212-3,1,66,mesta,82,37,1,370,80,1,0,0,8,31,0,0,0,2,1,3,0
1212-3,1,67,mesta,82,37,1,341,82,1,0,0,8,31,0,0,0,2,1,3,0
1212-3,1,68,mesta,82,37,1,311,84,1,0,0,8,31,0,0,0,2,1,3,0
1212-3,1,69,mesta,82,37,1,281,86,1,0,0,8,31,0,0,0,2,1,3,0
1212-3,1,70,mesta,82,37,1,258,88,1,0,0,8,31,0,0,0,2,1,3,0
1212-3,1,71,mesta,82,37,1,234,86,1,0,0,4,27,0,0,0,2,1,3,0
1212-3,1,72,mesta,82,37,1,206,84,1,0,0,4,24,0,0,0,2,1,3,0
1212-3,1,73,mesta,82,37,1,177,82,1,0,0,4,24,0,0,0,2,1,3,0
1212-3,1,74,mesta,82,37,1,147,80,1,0,0,4,24,0,0,0,2,1,3,0
1212-3,1,75,mesta,82,37,1,117,78,1,0,0,4,24,0,0,0,2,1,3,0
1212-3,1,76,mesta,82,37,1,95,76,1,0,0,4,24,0,0,0,2,1,3,0
1212-3,1,77,mesta,82,37,1,100,76,1,0,0,6,26,0,0,0,2,1,6,0
1212-3,1,78,mesta,82,37,1,98,76,1,0,0,6,29,0,0,0,2,1,3,0
1212-3,1,79,mesta,82,37,1,97,76,1,0,0,6,29,0,0,0,2,1,3,0
1212-3,1,80,mesta,83,41,1,108,76,1,0,0,6,29,0,0,0,2,1,4,0
1212-3,1,81,mesta,82,37,1,90,66,1,0,0,6,31,0,0,0,2,1,4,0
1212-3,1,82,mesta,192,37,1,99,67,36,0,0,6,29,0,0,0,3,1,3,0
1212-3,1,83,mesta,192,38,1,99,74,31,0,0,13,36,0,0,0,3,1,5,0
1212-3,1,84,mesta,192,39,1,300,81,26,0,0,13,36,0,0,0,3,1,5,0
1212-3,1,85,mesta,193,40,1,472,88,22,0,0,13,36,0,0,0,3,1,5,0
1212-3,1,86,mesta,193,42,1,631,94,18,0,0,13,38,0,0,0,3,1,5,0
1212-3,1,87,mesta,193,42,1,758,99,14,0,0,13,38,0,0,0,3,1,6,0
1212-3,1,88,mesta,193,42,1,853,68,10,0,0,13,38,0,0,0,3,1,11,0
1212-3,1,89,mesta,193,42,1,980,62,7,0,0,8,33,0,0,0,3,1,11,0
1212-3,1,90,mesta,227,72,2,1098,68,4,0,0,8,33,0,0,0,4,1,6,0
1212-3,1,91,mesta,227,72,2,1165,28,1,0,0,8,39,0,0,0,4,1,7,0
1212-3,1,92,mesta,227,72,2,1204,26,1,0,0,8,39,0,1,0,4,1,6,0
1212-3,1,93,mesta,271,102,3,1172,32,1,0,0,11,42,0,0,0,5,1,5,0
1212-3,1,94,mesta,271,102,3,1133,29,1,0,0,11,48,0,1,0,5,1,6,0
1212-3,1,95,mesta,279,102,3,1054,21,1,0,0,5,42,0,0,0,5,1,6,0
1212-3,1,96,mesta,279,102,3,1020,13,1,0,0,5,38,0,1,0,5,1,5,0
1212-3,1,97,mesta,279,102,3,976,9,1,0,0,7,40,0,0,0,5,1,4,0
1212-3,1,98,mesta,278,102,3,942,4,1,0,0,7,40,1,0,0,5,1,5,0
1212-3,1,99,mesta,277,102,3,858,4,1,0,0,7,40,1,1,0,5,1,4,0
1212-3,1,100,mesta,275,99,3,824,4,1,0,0,10,43,1,0,0,5,1,5,0
1212-3,1,101,mesta,275,99,3,743,8,1,0,0,14,40,0,0,0,5,1,10,0
1212-3,1,102,mesta,275,99,3,725,9,1,0,0,16,43,0,1,0,5,1,7,0
1212-3,1,103,mesta,275,99,3,697,16,1,0,0,20,47,0,0,0,5,1,5,0
1212-3,1,104,mesta,275,99,3,679,21,1,0,0,20,47,0,1,0,5,1,6,0
1212-3,1,105,mesta,275,99,3,646,30,1,0,0,23,50,0,0,0,5,1,5,0
1212-3,1,106,mesta,325,99,3,628,37,80,0,0,23,50,0,1,0,5,1,6,0
1212-3,1,107,mesta,326,103,3,623,66,76,0,0,44,71,0,0,0,5,1,5,0
1212-3,1,108,mesta,327,107,3,774,91,72,0,0,45,74,0,1,0,5,1,5,0
1212-3,1,109,mesta,328,111,3,872,115,68,0,0,44,73,0,0,0,5,1,7,0
1212-3,1,110,mesta,329,115,3,1017,137,64,0,0,44,73,0,0,0,5,1,6,0
1212-3,1,111,mesta,329,119,3,1161,158,60,0,0,45,74,0,0,0,5,1,5,0
1212-3,1,112,mesta,330,123,3,1305,178,56,0,0,46,77,0,0,0,5,1,10,0
1212-3,1,113,mesta,330,123,3,1427,171,53,0,0,30,63,0,0,0,5,1,10,0
1212-3,1,114,mesta,330,123,3,1487,137,50,0,0,30,63,0,0,0,5,1,6,0
1212-3,1,115,mesta,330,123,3,1543,143,47,0,0,30,63,0,0,0,5,1,7,0
1212-3,1,116,mesta,351,188,4,1649,148,44,0,0,30,65,0,0,0,5,1,6,0
1212-3,1,117,mesta,351,188,4,1742,137,41,0,0,30,77,0,0,0,5,1,6,0
1212-3,1,118,mesta,351,188,4,1783,124,38,0,0,30,77,0,1,0,5,1,7,0
1212-3,1,119,mesta,359,188,4,1882,99,35,0,0,17,64,0,0,0,5,1,6,0
1212-3,1,120,mesta,359,188,4,1975,75,32,0,0,17,59,0,1,0,5,1,5,0
1212-3,1,121,mesta,359,188,4,2066,54,29,0,0,17,59,0,0,0,5,1,5,0
1212-3,1,122,mesta,359,188,4,2106,34,26,0,0,17,59,0,0,0,5,1,5,0
1212-3,1,123,mesta,359,188,4,2195,15,23,0,0,17,59,0,0,0,5,1,6,0
1212-3,1,124,mesta,358,188,4,2283,1,20,0,0,17,59,1,0,0,5,1,5,0
1212-3,1,125,mesta,357,188,4,2347,1,16,0,0,27,69,1,0,0,5,1,11,0
1212-3,1,126,mesta,355,184,4,2444,1,12,0,0,27,74,1,0,0,5,1,6,0
1212-3,1,127,mesta,354,180,4,2607,1,8,0,0,25,64,1,0,0,5,1,5,0
1212-3,1,128,mesta,352,176,4,2766,1,4,0,0,24,63,1,0,0,5,1,5,0
1212-3,1,129,mesta,350,172,4,2922,1,0,0,0,23,62,1,0,0,5,1,5,0
1212-3,1,130,mesta,398,168,4,3058,1,88,0,0,19,55,1,0,0,5,1,5,0
1212-3,1,131,mesta,398,168,4,2984,11,84,0,0,38,72,0,0,0,5,1,6,0
1212-3,1,132,mesta,398,168,4,3124,16,80,0,0,38,70,0,0,0,5,1,5,0
1212-3,1,133,mesta,398,168,4,3264,24,76,0,0,42,74,0,0,0,5,1,6,0
1212-3,1,134,mesta,399,170,4,3402,33,72,0,0,44,76,0,0,0,5,1,5,0
1212-3,1,135,mesta,399,174,4,3538,43,68,0,0,45,78,0,0,0,5,1,5,0
1212-3,1,136,mesta,400,178,4,3674,53,64,0,0,47,82,0,0,0,5,1,9,0
1212-3,1,137,mesta,400,178,4,3858,47,61,0,0,31,66,0,0,0,5,1,6,0
1212-3,1,138,mesta,400,178,4,3950,43,58,0,0,32,67,0,0,0,5,1,5,0
1212-3,1,139,mesta,400,178,4,3986,39,55,0,0,32,67,0,0,0,5,1,7,0
1212-3,1,140,mesta,400,178,4,4076,35,52,0,0,32,69,0,0,0,5,1,7,0
1212-3,1,141,mesta,400,178,4,4166,31,49,0,0,32,71,0,0,0,5,1,5,0
1212-3,1,142,mesta,400,178,4,4255,28,46,0,0,33,72,0,0,0,5,1,5,0
1212-3,1,143,mesta,400,178,4,4289,10,43,0,0,17,56,0,0,0,5,1,5,0
1212-3,1,144,mesta,399,178,4,4367,1,40,0,0,17,51,1,0,0,5,1,7,0
1212-3,1,145,mesta,398,178,4,4450,1,37,0,0,17,55,1,0,0,5,1,5,0
1212-3,1,146,mesta,396,174,4,4529,1,34,0,0,17,55,1,0,0,5,1,5,0
1212-3,1,147,mesta,395,170,4,4560,1,31,0,0,17,54,1,0,0,5,1,5,0
1212-3,1,148,mesta,393,166,4,4638,1,28,0,0,16,53,1,0,0,5,1,5,0
1212-3,1,149,mesta,391,162,4,4688,1,24,0,0,25,61,1,0,0,5,1,10,0
1212-3,1,150,mesta,389,158,4,4839,0,20,0,0,21,57,1,0,0,5,1,6,0
1212-3,1,151,mesta,387,154,4,4982,0,16,0,0,21,53,1,0,0,5,1,6,0
1212-3,1,152,mesta,386,150,4,5122,0,12,0,0,20,51,1,0,0,5,1,6,0
1212-3,1,153,mesta,384,146,4,5258,0,8,0,0,18,48,1,0,0,5,1,6,0
1212-3,1,154,mesta,432,142,4,5390,0,127,0,0,17,46,1,0,0,5,1,6,0
1212-3,1,155,mesta,432,142,4,5515,6,123,0,0,33,54,0,0,0,5,1,5,0
1212-3,1,156,mesta,432,142,4,5638,14,119,0,0,35,58,0,0,0,5,1,5,0
1212-3,1,157,mesta,432,142,4,5760,23,115,0,0,36,59,0,0,0,5,1,6,0
1212-3,1,158,mesta,433,148,4,5880,34,111,0,0,39,62,0,0,0,5,1,5,0
1212-3,1,159,mesta,434,154,4,6020,45,107,0,0,41,65,0,0,0,5,1,5,0
1212-3,1,160,mesta,436,160,4,6152,55,103,0,0,42,66,0,0,0,5,1,9,0
1212-3,1,161,mesta,436,160,4,6312,48,100,0,0,26,50,0,0,0,5,1,5,0
1212-3,1,162,mesta,436,160,4,6339,43,97,0,0,27,51,0,0,0,5,1,6,0
1212-3,1,163,mesta,436,160,4,6414,39,94,0,0,28,52,0,0,0,5,1,6,0
1212-3,1,164,mesta,436,160,4,6488,35,91,0,0,28,52,0,0,0,5,1,6,0
1212-3,1,165,mesta,436,160,4,6561,32,88,0,0,29,54,0,0,0,5,1,6,0
1212-3,1,166,mesta,436,160,4,6579,29,85,0,0,29,55,0,0,0,5,1,5,0
1212-3,1,167,mesta,436,160,4,6651,13,82,0,0,15,41,0,0,0,5,1,6,0
1212-3,1,168,mesta,435,160,4,6724,1,79,0,0,15,45,1,0,0,5,1,5,0
1212-3,1,169,mesta,434,160,4,6798,1,76,0,0,15,45,1,0,0,5,1,5,0
1212-3,1,170,mesta,432,156,4,6870,1,73,0,0,15,45,1,0,0,5,1,5,0
1212-3,1,171,mesta,430,152,4,6943,1,70,0,0,15,45,1,0,0,5,1,5,0
1212-3,1,172,mesta,428,148,4,7032,1,67,0,0,13,43,1,0,0,5,1,5,0
1212-3,1,173,mesta,426,144,4,7090,1,63,0,0,21,51,1,0,0,5,1,10,0
1212-3,1,174,mesta,425,140,4,7232,0,59,0,0,20,53,1,0,0,5,1,5,0
1212-3,1,175,mesta,423,136,4,7371,0,55,0,0,19,52,1,0,0,5,1,6,0
1212-3,1,176,mesta,421,132,4,7506,0,51,0,0,16,48,1,0,0,5,1,6,0
1212-3,1,177,mesta,419,128,4,7639,0,47,0,0,16,47,1,0,0,5,1,6,0
1212-3,1,178,mesta,467,124,4,7758,0,166,0,0,19,43,1,0,0,5,1,5,0
1212-3,1,179,mesta,467,124,4,7880,15,162,0,0,38,61,0,0,0,5,1,5,0
1212-3,1,180,mesta,469,130,4,8000,30,158,0,0,39,63,0,0,0,5,1,5,0
1212-3,1,181,mesta,470,136,4,8141,46,154,0,0,41,66,0,0,0,5,1,6,0
1212-3,1,182,mesta,471,142,4,8280,60,150,0,0,42,69,0,0,0,5,1,5,0
1212-3,1,183,mesta,472,148,4,8416,77,146,0,0,47,74,0,0,0,5,1,5,0
1212-3,1,184,mesta,473,150,4,8548,84,142,0,0,39,66,0,0,0,5,1,9,0
1212-3,1,185,mesta,473,150,4,8706,76,139,0,0,24,51,0,0,0,5,1,5,0
1212-3,1,186,mesta,473,150,4,8752,31,136,0,0,24,51,0,0,0,5,1,6,0
1212-3,1,187,mesta,473,150,4,8777,28,133,0,0,26,53,0,0,0,5,1,6,0
1212-3,1,188,mesta,487,180,5,8847,25,130,0,0,26,53,0,0,0,5,1,6,0
1212-3,1,189,mesta,487,180,5,8890,16,127,0,0,27,60,0,0,0,5,1,7,0
1212-3,1,190,mesta,487,180,5,8893,5,124,0,0,27,61,0,1,0,5,1,8,0
1212-3,1,191,mesta,486,180,5,8945,1,121,0,0,15,50,1,0,0,5,1,7,0
1212-3,1,192,mesta,485,180,5,8996,1,118,0,0,15,51,1,0,0,5,1,5,0
1212-3,1,193,mesta,483,175,5,9066,1,115,0,0,15,51,1,0,0,5,1,5,0
1212-3,1,194,mesta,481,170,5,9079,1,112,0,0,15,49,1,0,0,5,1,6,0
1212-3,1,195,mesta,479,165,5,9146,1,109,0,0,13,44,1,0,0,5,1,5,0
1212-3,1,196,mesta,477,160,5,9212,1,106,0,0,12,43,1,0,0,5,1,5,0
1212-3,1,197,mesta,475,155,5,9246,1,102,0,0,21,50,1,0,0,5,1,11,0
1212-3,1,198,mesta,473,150,5,9359,0,98,0,0,19,47,1,0,0,5,1,6,0
1212-3,1,199,mesta,471,145,5,9469,0,94,0,0,16,43,1,0,0,5,1,6,0
1212-3,1,200,mesta,469,140,5,9575,0,90,0,0,16,41,1,0,0,5,1,5,0
1212-3,1,1,monjes,27,56,1,28,65,0,0,0,12,24,0,0,0,0,1,4,0
1212-3,1,2,monjes,26,52,1,9,49,0,0,0,12,17,0,0,0,0,1,2,0
1212-3,1,3,monjes,26,52,1,0,41,0,0,0,12,17,0,0,0,0,1,5,0
1212-3,1,4,monjes,44,52,1,1,35,0,0,0,12,17,0,0,0,1,1,0,1
1212-3,1,5,monjes,44,54,1,2,37,0,0,0,20,25,0,2,0,1,1,0,1
1212-3,1,6,monjes,45,56,1,16,52,0,0,0,30,48,0,0,0,1,1,1,0
1212-3,1,7,monjes,45,58,1,30,66,0,0,0,30,48,0,0,0,1,1,0,1
1212-3,1,8,monjes,45,56,1,24,70,0,0,0,30,48,0,0,0,1,1,6,0
1212-3,1,9,monjes,67,54,1,18,73,0,0,0,30,48,0,0,0,2,1,1,0
1212-3,1,10,monjes,68,56,1,32,87,0,0,0,30,48,0,0,0,2,1,1,0
1212-3,1,11,monjes,68,58,1,44,128,0,0,0,60,75,0,0,0,2,1,0,1
1212-3,1,12,monjes,69,60,1,56,168,0,0,0,60,75,0,0,0,2,1,0,1
1212-3,1,13,monjes,69,63,1,69,205,0,0,0,60,76,0,0,0,2,1,0,1
1212-3,1,14,monjes,70,66,1,74,235,0,0,0,60,76,0,0,0,2,1,3,0
1212-3,1,15,monjes,70,69,1,92,259,0,0,0,60,76,0,0,0,2,1,3,0
1212-3,1,16,monjes,71,72,1,98,284,0,0,0,60,76,0,0,0,2,1,3,0
1212-3,1,17,monjes,72,75,1,96,270,0,0,0,37,54,0,0,0,2,1,13,0
1212-3,1,18,monjes,80,78,1,92,273,0,0,0,37,54,0,0,0,2,1,3,0
1212-3,1,19,monjes,81,81,1,95,274,0,0,0,37,54,0,0,0,2,1,3,0
1212-3,1,20,monjes,82,85,1,100,274,0,0,0,37,56,0,0,0,2,1,3,0
1212-3,1,21,monjes,82,89,1,100,266,0,0,0,37,56,0,0,0,2,1,13,0
1212-3,1,22,monjes,91,90,1,99,265,0,0,0,37,56,0,0,0,2,1,3,0
1212-3,1,23,monjes,91,90,1,98,246,0,0,0,18,38,0,0,0,2,1,3,0
1212-3,1,24,monjes,91,90,1,90,228,0,0,0,18,32,0,0,0,2,1,3,0
1212-3,1,25,monjes,91,90,1,89,208,0,0,0,18,32,0,0,0,2,1,8,0
1212-3,1,26,monjes,99,90,1,110,174,0,0,0,18,32,0,0,0,2,1,8,0
1212-3,1,27,monjes,99,90,1,90,164,0,0,0,18,32,0,0,0,2,1,2,0
1212-3,1,28,monjes,99,90,1,87,154,0,0,0,18,32,0,0,0,2,1,2,0
1212-3,1,29,monjes,99,90,1,87,154,0,0,0,30,44,0,0,0,2,1,7,0
1212-3,1,30,monjes,99,90,1,90,144,0,0,0,30,50,0,0,0,2,1,7,0
1212-3,1,31,monjes,106,89,1,83,136,0,0,0,30,50,0,0,0,2,1,5,0
1212-3,1,32,monjes,107,90,1,90,139,0,0,0,30,49,0,0,0,2,1,3,0
1212-3,1,33,monjes,186,96,2,83,144,0,0,0,30,50,0,0,0,3,1,3,0
1212-3,1,34,monjes,186,97,2,74,138,0,0,0,30,50,0,0,0,3,1,8,0
1212-3,1,35,monjes,194,98,2,81,166,0,0,0,60,80,0,1,0,3,1,3,0
1212-3,1,36,monjes,194,99,2,71,215,0,0,0,78,98,0,0,0,3,1,2,0
1212-3,1,37,monjes,195,100,2,79,248,0,0,0,78,98,0,1,0,3,1,4,0
1212-3,1,38,monjes,195,101,2,99,276,0,0,0,72,95,0,0,0,3,1,3,0
1212-3,1,39,monjes,195,102,2,103,303,0,0,0,73,96,0,1,0,3,1,4,0
1212-3,1,40,monjes,195,103,2,85,333,0,0,0,75,98,0,0,0,3,1,3,0
1212-3,1,41,monjes,195,103,2,112,322,0,0,0,47,70,0,1,0,3,1,12,0
1212-3,1,42,monjes,195,100,2,79,312,0,0,0,43,64,0,0,0,3,1,4,0
1212-3,1,43,monjes,284,107,3,108,306,0,0,0,45,67,0,0,0,4,1,9,0
1212-3,1,44,monjes,292,109,3,89,306,0,0,0,45,67,0,0,0,4,1,5,0
1212-3,1,45,monjes,293,111,3,102,303,0,0,0,57,79,0,1,0,4,1,9,0
1212-3,1,46,monjes,292,108,3,93,324,0,0,0,73,95,0,0,0,4,1,6,0
1212-3,1,47,monjes,293,110,3,95,312,0,0,0,35,58,0,0,0,4,1,3,0
1212-3,1,48,monjes,293,112,3,49,261,0,0,0,36,53,0,0,0,4,1,9,0
1212-3,1,49,monjes,311,120,4,106,290,0,0,0,39,56,0,0,0,4,1,4,0
1212-3,1,50,monjes,311,123,4,86,267,0,0,0,40,57,0,1,0,4,1,9,0
1212-3,1,51,monjes,311,121,4,87,248,0,0,0,38,57,0,0,0,4,1,6,0
1212-3,1,52,monjes,311,124,4,86,238,0,0,0,40,59,0,0,0,4,1,8,0
1212-3,1,53,monjes,320,127,4,87,250,0,0,0,61,83,0,0,0,4,1,3,0
1212-3,1,54,monjes,330,136,5,81,251,0,0,0,63,92,0,0,0,4,1,9,0
1212-3,1,55,monjes,331,140,5,86,261,0,0,0,65,94,0,1,0,4,1,4,0
1212-3,1,56,monjes,330,139,5,60,233,0,0,0,76,105,0,0,0,4,1,12,0
1212-3,1,57,monjes,331,143,5,84,258,0,0,0,80,110,0,0,0,4,1,2,0
1212-3,1,58,monjes,349,153,6,104,324,0,0,0,81,111,0,0,0,4,1,4,0
1212-3,1,59,monjes,350,158,6,54,381,0,0,0,159,190,0,1,0,4,1,6,0
1212-3,1,60,monjes,351,163,6,67,486,0,0,0,174,205,0,0,0,4,1,2,0
1212-3,1,61,monjes,367,204,7,87,586,0,0,0,176,207,0,1,0,4,1,3,0
1212-3,1,62,monjes,369,210,7,53,630,0,0,0,169,207,0,0,0,4,1,6,0
1212-3,1,63,monjes,370,216,7,75,709,0,0,0,170,211,0,0,0,4,1,2,0
1212-3,1,64,monjes,386,257,8,96,786,0,0,0,171,213,0,1,0,4,1,5,0
1212-3,1,65,monjes,387,264,8,56,773,0,0,0,108,156,0,0,0,4,1,11,0
1212-3,1,66,monjes,389,272,8,82,768,0,0,0,109,156,0,1,0,4,1,7,0
1212-3,1,67,monjes,399,280,8,73,770,0,0,0,110,156,0,0,0,4,1,3,0
1212-3,1,68,monjes,400,288,8,87,768,0,0,0,111,158,0,1,0,4,1,4,0
1212-3,1,69,monjes,402,296,8,83,779,0,0,0,123,173,0,0,0,4,1,4,0
1212-3,1,70,monjes,403,304,8,84,772,0,0,0,124,169,0,1,0,4,1,14,0
1212-3,1,71,monjes,402,299,8,89,720,0,0,0,68,117,0,0,0,4,1,6,0
1212-3,1,72,monjes,410,299,8,87,676,0,0,0,68,111,0,0,0,4,1,4,0
1212-3,1,73,monjes,419,304,9,73,634,0,0,0,68,111,0,1,0,4,1,4,0
1212-3,1,74,monjes,419,304,9,59,579,0,0,0,68,111,0,0,0,4,1,10,0
1212-3,1,75,monjes,419,304,9,57,531,0,0,0,68,111,0,1,0,4,1,2,0
1212-3,1,76,monjes,419,304,9,59,492,0,0,0,74,117,0,1,0,4,1,8,0
1212-3,1,77,monjes,421,313,9,70,502,0,0,0,121,164,0,1,0,4,1,3,0
1212-3,1,78,monjes,431,322,9,66,521,0,0,0,130,179,0,1,0,4,1,3,0
1212-3,1,79,monjes,433,332,9,84,537,0,0,0,130,184,0,1,0,4,1,3,0
1212-3,1,80,monjes,435,343,9,84,538,0,0,0,129,187,0,1,0,4,1,9,0
1212-3,1,81,monjes,437,354,9,61,550,0,0,0,130,190,0,0,0,4,1,8,0
1212-3,1,82,monjes,447,363,9,86,556,0,0,0,131,193,0,2,0,4,1,3,0
1212-3,1,83,monjes,449,372,9,89,694,0,0,0,265,326,0,0,0,4,1,3,0
1212-3,1,84,monjes,451,381,9,95,828,0,0,0,269,332,0,0,0,4,1,3,0
1212-3,1,85,monjes,453,391,9,95,958,0,0,0,272,340,0,0,0,4,1,3,0
1212-3,1,86,monjes,455,401,9,95,1083,0,0,0,274,343,0,0,0,4,1,3,0
1212-3,1,87,monjes,457,411,9,98,1202,0,0,0,278,347,0,1,0,4,1,4,0
1212-3,1,88,monjes,460,425,9,95,1322,0,0,0,281,350,0,0,0,4,1,4,0
1212-3,1,89,monjes,462,436,9,79,1312,0,0,0,182,253,0,1,0,4,1,9,0
1212-3,1,90,monjes,464,448,9,90,1321,0,0,0,189,263,0,1,0,4,1,9,0
1212-3,1,91,monjes,467,460,9,94,1334,0,0,0,189,263,0,1,0,4,1,3,0
1212-3,1,92,monjes,477,472,9,99,1356,0,0,0,200,274,0,0,0,4,1,3,0
1212-3,1,93,monjes,479,484,9,98,1364,0,0,0,200,275,0,0,0,4,1,8,0
1212-3,1,94,monjes,482,496,9,107,1377,0,0,0,200,277,0,1,0,4,1,4,0
1212-3,1,95,monjes,481,491,9,109,1310,0,0,0,122,208,0,0,0,4,1,6,0
1212-3,1,96,monjes,481,491,9,105,1247,0,0,0,121,201,0,0,0,4,1,8,0
1212-3,1,97,monjes,490,496,10,86,1189,0,0,0,121,201,0,0,0,4,1,5,0
1212-3,1,98,monjes,490,496,10,84,1111,0,0,0,121,201,0,1,0,4,1,10,0
1212-3,1,99,monjes,498,496,10,92,1052,0,0,0,121,201,0,1,0,4,1,4,0
1212-3,1,100,monjes,499,503,10,92,1002,0,0,0,127,207,0,1,0,4,1,3,0
1212-3,1,101,monjes,503,522,10,94,1008,0,0,0,182,264,0,1,0,4,1,4,0
1212-3,1,102,monjes,506,537,10,104,1006,0,0,0,184,274,0,0,0,4,1,7,0
1212-3,1,103,monjes,509,554,10,103,998,0,0,0,180,270,0,0,0,4,1,3,0
1212-3,1,104,monjes,513,570,10,104,989,0,0,0,181,272,0,1,0,4,1,8,0
1212-3,1,105,monjes,516,587,10,110,971,0,0,0,183,279,0,0,0,4,1,8,0
1212-3,1,106,monjes,537,610,11,116,963,0,0,0,184,281,0,0,0,4,1,5,0
1212-3,1,107,monjes,541,633,11,107,1081,0,0,0,323,421,0,1,0,4,1,4,0
1212-3,1,108,monjes,546,658,11,104,1192,0,0,0,326,428,0,1,0,4,1,5,0
1212-3,1,109,monjes,551,683,11,112,1315,0,0,0,350,454,0,1,0,4,1,4,0
1212-3,1,110,monjes,556,706,11,124,1419,0,0,0,339,449,0,0,0,4,1,3,0
1212-3,1,111,monjes,560,726,11,143,1519,0,0,0,340,457,0,0,0,4,1,4,0
1212-3,1,112,monjes,564,747,11,127,1600,0,0,0,342,460,0,1,0,4,1,7,0
1212-3,1,113,monjes,566,757,11,106,1553,0,1,0,226,347,0,0,0,4,1,7,0
1212-3,1,114,monjes,568,769,11,129,1512,0,1,0,224,346,0,1,0,4,1,10,0
1212-3,1,115,monjes,571,781,11,124,1481,0,1,0,226,352,0,0,0,4,1,3,0
1212-3,1,116,monjes,590,795,12,138,1447,0,1,0,227,356,0,2,0,4,1,6,0
1212-3,1,117,monjes,591,804,12,107,1416,0,1,0,229,357,0,0,0,4,1,4,0
1212-3,1,118,monjes,594,816,12,133,1376,0,1,0,230,358,0,3,0,4,1,5,0
1212-3,1,119,monjes,594,816,12,128,1268,0,1,0,153,283,0,0,0,4,1,3,0
1212-3,1,120,monjes,594,816,12,129,1161,0,1,0,153,277,0,1,0,4,1,8,0
1212-3,1,121,monjes,602,816,12,144,1061,0,1,0,153,277,0,0,0,4,1,4,0
1212-3,1,122,monjes,602,816,12,152,971,0,1,0,153,277,0,1,0,4,1,5,0
1212-3,1,123,monjes,602,816,12,160,884,0,1,0,153,277,0,0,0,4,1,4,0
1212-3,1,124,monjes,602,816,12,168,799,0,1,0,153,277,0,1,0,4,1,9,0
1212-3,1,125,monjes,606,839,12,161,776,0,1,0,212,336,0,0,0,4,1,5,0
1212-3,1,126,monjes,615,843,12,153,746,0,2,0,212,344,0,0,0,4,1,5,0
1212-3,1,127,monjes,617,854,12,169,717,0,3,0,213,345,0,1,0,4,1,5,0
1212-3,1,128,monjes,617,854,12,187,689,0,3,0,210,349,0,0,0,4,1,5,0
1212-3,1,129,monjes,617,854,12,155,662,0,3,0,210,349,0,0,0,4,1,5,0
1212-3,1,130,monjes,617,854,12,173,632,0,0,0,210,349,0,1,0,4,1,9,0
1212-3,1,131,monjes,622,879,12,177,750,0,0,0,361,500,0,0,0,4,1,5,0
1212-3,1,132,monjes,635,904,12,158,860,0,1,0,366,507,0,0,0,4,1,5,0
1212-3,1,133,monjes,641,930,12,162,960,0,3,0,370,513,0,1,0,4,1,6,0
1212-3,1,134,monjes,646,956,12,199,1056,0,3,0,372,519,0,0,0,4,1,4,0
1212-3,1,135,monjes,650,976,12,215,1148,0,3,0,378,529,0,1,0,4,1,5,0
1212-3,1,136,monjes,654,996,12,234,1229,0,2,0,378,532,0,1,0,4,1,10,0
1212-3,1,137,monjes,657,1014,12,257,1195,0,2,0,264,421,0,1,0,4,1,5,0
1212-3,1,138,monjes,669,1032,12,293,1172,0,2,0,278,436,0,1,0,4,1,4,0
1212-3,1,139,monjes,672,1047,12,282,1165,0,2,0,296,456,0,0,0,4,1,5,0
1212-3,1,140,monjes,674,1057,12,324,1156,0,2,0,297,460,0,0,0,4,1,5,0
1212-3,1,141,monjes,676,1068,12,369,1146,0,2,0,301,467,0,0,0,4,1,9,0
1212-3,1,142,monjes,678,1079,12,414,1137,0,2,0,302,470,0,0,0,4,1,4,0
1212-3,1,143,monjes,686,1079,12,411,1014,0,2,0,185,355,0,0,0,4,1,5,0
1212-3,1,144,monjes,686,1079,12,452,894,0,2,0,185,349,0,0,0,4,1,5,0
1212-3,1,145,monjes,686,1079,12,493,779,0,2,0,185,349,0,1,0,4,1,4,0
1212-3,1,146,monjes,686,1079,12,534,666,0,2,0,185,349,0,0,0,4,1,9,0
1212-3,1,147,monjes,686,1079,12,525,561,0,2,0,185,349,0,0,0,4,1,4,0
1212-3,1,148,monjes,686,1079,12,566,461,0,2,0,185,349,0,0,0,4,1,5,0
1212-3,1,149,monjes,686,1079,12,607,436,0,2,0,259,423,0,0,0,4,1,4,0
1212-3,1,150,monjes,694,1079,12,654,412,0,2,0,259,429,0,0,0,4,1,4,0
1212-3,1,151,monjes,694,1079,12,651,389,0,2,0,259,429,0,0,0,4,1,5,0
1212-3,1,152,monjes,694,1079,12,698,340,0,2,0,231,401,0,0,0,4,1,5,0
1212-3,1,153,monjes,694,1079,12,745,293,0,2,0,231,401,0,0,0,4,1,4,0
1212-3,1,154,monjes,694,1079,12,792,248,0,2,0,231,401,0,0,0,4,1,4,0
1212-3,1,155,monjes,697,1090,12,789,330,0,2,0,362,532,0,0,0,4,1,4,0
1212-3,1,156,monjes,699,1101,12,824,409,0,2,0,365,535,0,0,0,4,1,6,0
1212-3,1,157,monjes,701,1113,12,862,480,0,2,0,365,538,0,1,0,4,1,5,0
1212-3,1,158,monjes,704,1126,12,902,569,0,2,0,389,564,0,1,0,4,1,5,0
1212-3,1,159,monjes,706,1139,12,905,674,0,2,0,413,589,0,1,0,4,1,4,0
1212-3,1,160,monjes,708,1149,12,958,778,0,1,0,421,597,0,0,0,4,1,10,0
1212-3,1,161,monjes,710,1157,12,1013,776,0,1,0,314,492,0,0,0,4,1,4,0
1212-3,1,162,monjes,719,1160,12,1069,774,0,1,0,316,495,0,0,0,4,1,4,0
1212-3,1,163,monjes,719,1164,12,1078,772,0,1,0,317,499,0,0,0,4,1,4,0
1212-3,1,164,monjes,720,1168,12,1137,769,0,1,0,317,499,0,0,0,4,1,5,0
1212-3,1,165,monjes,721,1172,12,1196,766,0,1,0,318,500,0,0,0,4,1,4,0
1212-3,1,166,monjes,722,1176,12,1255,759,0,1,0,318,500,0,0,0,4,1,9,0
1212-3,1,167,monjes,721,1172,12,1266,629,0,1,0,191,375,0,0,0,4,1,7,0
1212-3,1,168,monjes,729,1172,12,1271,508,0,1,0,190,368,0,0,0,4,1,5,0
1212-3,1,169,monjes,729,1172,12,1326,392,0,1,0,190,368,0,0,0,4,1,5,0
1212-3,1,170,monjes,738,1176,13,1381,281,0,1,0,190,368,0,0,0,4,1,5,0
1212-3,1,171,monjes,738,1176,13,1405,133,0,1,0,190,368,0,0,0,4,1,6,0
1212-3,1,172,monjes,737,1176,13,1408,44,0,1,0,190,368,1,0,0,4,1,4,0
1212-3,1,173,monjes,754,1226,14,1438,50,0,1,0,265,443,1,1,0,4,1,3,0
1212-3,1,174,monjes,747,1195,14,1467,47,0,2,0,271,464,1,0,0,4,1,5,0
1212-3,1,175,monjes,739,1164,14,1497,47,0,3,0,270,445,1,0,0,4,1,2,0
1212-3,1,176,monjes,732,1133,14,1531,50,0,3,0,266,439,1,0,0,4,1,2,0
1212-3,1,177,monjes,725,1102,14,1562,50,0,3,0,264,435,1,0,0,4,1,2,0
1212-3,1,178,monjes,735,1151,14,1472,81,0,2,0,296,463,0,0,0,4,1,2,0
1212-3,1,179,monjes,744,1198,14,1432,321,0,2,0,532,703,0,1,0,4,1,5,0
1212-3,1,180,monjes,749,1221,14,1462,567,0,2,0,564,743,0,0,0,4,1,5,0
1212-3,1,181,monjes,751,1230,14,1503,800,0,2,0,570,756,0,0,0,4,1,4,0
1212-3,1,182,monjes,752,1238,14,1549,1025,0,0,0,574,765,0,0,0,4,1,9,0
1212-3,1,183,monjes,762,1246,14,1509,1242,0,0,0,578,769,0,0,0,4,1,5,0
1212-3,1,184,monjes,763,1254,14,1515,1383,0,2,0,513,704,0,0,0,4,1,6,0
1212-3,1,185,monjes,765,1260,14,1610,1383,0,2,0,373,565,0,0,0,4,1,4,0
1212-3,1,186,monjes,766,1267,14,1662,1385,0,2,0,376,569,0,0,0,4,1,9,0
1212-3,1,187,monjes,775,1270,14,1631,1344,0,2,0,376,570,0,0,0,4,1,8,0
1212-3,1,188,monjes,776,1277,14,1630,1338,0,2,0,370,564,0,0,0,4,1,5,0
1212-3,1,189,monjes,795,1331,15,1679,1333,0,2,0,373,567,0,0,0,4,1,5,0
1212-3,1,190,monjes,797,1340,15,1720,1321,0,2,0,376,578,0,0,0,4,1,11,0
1212-3,1,191,monjes,797,1344,15,1721,1144,0,2,0,206,406,0,0,0,4,1,6,0
1212-3,1,192,monjes,805,1344,15,1767,973,0,2,0,206,401,0,1,0,4,1,5,0
1212-3,1,193,monjes,805,1344,15,1813,815,0,2,0,211,406,0,0,0,4,1,4,0
1212-3,1,194,monjes,805,1344,15,1858,664,0,2,0,211,406,0,0,0,4,1,4,0
1212-3,1,195,monjes,805,1344,15,1854,519,0,2,0,211,406,0,0,0,4,1,4,0
1212-3,1,196,monjes,805,1344,15,1862,341,0,2,0,211,406,0,0,0,4,1,5,0
1212-3,1,197,monjes,805,1344,15,1860,292,0,2,0,300,495,0,0,0,4,1,6,0
1212-3,1,198,monjes,823,1394,16,1910,245,0,2,0,300,501,0,1,0,4,1,5,0
1212-3,1,199,monjes,823,1394,16,1944,190,0,2,0,300,513,0,0,0,4,1,6,0
1212-3,1,200,monjes,823,1394,16,1930,138,0,0,0,297,507,0,1,0,4,1,5,0
1212-3,1,1,salineros,27,58,1,23,72,0,13,0,17,36,0,0,0,0,1,4,0
1212-3,1,2,salineros,27,56,1,4,63,0,16,0,17,29,0,0,0,0,1,2,0
1212-3,1,3,salineros,27,58,1,5,60,0,19,0,17,29,0,0,0,0,1,5,0
1212-3,1,4,salineros,46,60,1,6,61,0,22,0,17,29,0,0,0,1,1,0,1
1212-3,1,5,salineros,46,60,1,8,61,0,25,0,17,30,0,1,0,1,1,0,1
1212-3,1,6,salineros,111,60,1,16,63,0,36,0,17,44,0,0,0,2,1,0,1
1212-3,1,7,salineros,111,60,1,4,65,0,46,0,17,43,0,0,0,2,1,0,1
1212-3,1,8,salineros,111,60,1,12,62,0,55,0,17,43,0,0,0,2,1,6,0
1212-3,1,9,salineros,111,60,1,20,62,0,65,0,17,43,0,1,0,2,1,0,1
1212-3,1,10,salineros,118,58,1,16,54,0,64,0,17,50,0,0,0,2,1,4,0
1212-3,1,11,salineros,119,60,1,146,65,0,63,0,25,56,0,0,0,2,1,2,0
1212-3,1,12,salineros,118,58,1,214,65,0,69,0,25,58,0,0,0,2,1,5,0
1212-3,1,13,salineros,119,60,1,239,80,0,74,0,25,55,0,0,0,2,1,4,0
1212-3,1,14,salineros,119,60,1,265,94,0,79,0,25,57,0,0,0,2,1,4,0
1212-3,1,15,salineros,119,60,1,281,108,0,83,0,25,57,0,0,0,2,1,3,0
1212-3,1,16,salineros,119,60,1,300,113,0,86,0,25,57,0,0,0,2,1,8,0
1212-3,1,17,salineros,119,60,1,318,119,0,89,0,21,52,0,0,0,2,1,3,0
1212-3,1,18,salineros,119,60,1,335,125,0,92,0,21,52,0,0,0,2,1,3,0
1212-3,1,19,salineros,127,60,1,351,131,0,95,0,21,52,0,0,0,2,1,3,0
1212-3,1,20,salineros,127,60,1,366,137,0,97,0,21,51,0,0,0,2,1,3,0
1212-3,1,21,salineros,127,60,1,386,143,0,99,0,21,51,0,0,0,2,1,3,0
1212-3,1,22,salineros,127,60,1,405,149,0,101,0,21,51,0,0,0,2,1,3,0
1212-3,1,23,salineros,127,60,1,428,151,0,101,0,17,46,0,0,0,2,1,3,0
1212-3,1,24,salineros,127,60,1,393,132,0,101,0,17,40,0,0,0,2,1,14,0
1212-3,1,25,salineros,127,60,1,408,134,0,102,0,17,40,0,0,0,2,1,4,0
1212-3,1,26,salineros,127,60,1,421,136,0,103,0,17,40,0,0,0,2,1,3,0
1212-3,1,27,salineros,127,60,1,432,138,0,103,0,17,39,0,0,0,2,1,3,0
1212-3,1,28,salineros,135,60,1,393,130,0,103,0,17,39,0,0,0,2,1,8,0
1212-3,1,29,salineros,135,60,1,402,134,0,103,0,19,41,0,0,0,2,1,4,0
1212-3,1,30,salineros,135,60,1,422,138,0,102,0,19,46,0,0,0,2,1,3,0
1212-3,1,31,salineros,135,60,1,442,142,0,101,0,19,46,0,0,0,2,1,3,0
1212-3,1,32,salineros,135,60,1,410,146,0,100,0,19,46,0,0,0,2,1,3,0
1212-3,1,33,salineros,135,60,1,432,145,0,96,0,19,45,0,0,0,2,1,8,0
1212-3,1,34,salineros,135,60,1,453,149,0,94,0,19,45,0,0,0,2,1,3,0
1212-3,1,35,salineros,135,60,1,473,159,0,91,0,25,51,0,0,0,2,1,3,0
1212-3,1,36,salineros,135,60,1,511,166,0,88,0,25,51,0,0,0,2,1,4,0
1212-3,1,37,salineros,135,60,1,551,173,0,85,0,25,51,0,0,0,2,1,4,0
1212-3,1,38,salineros,135,60,1,590,180,0,82,0,25,51,0,0,0,2,1,4,0
1212-3,1,39,salineros,135,60,1,628,187,0,79,0,25,51,0,0,0,2,1,4,0
1212-3,1,40,salineros,135,60,1,666,194,0,76,0,25,51,0,0,0,2,1,4,0
1212-3,1,41,salineros,143,60,1,704,197,0,73,0,21,47,0,0,0,2,1,4,0
1212-3,1,42,salineros,143,60,1,741,200,0,69,0,21,47,0,0,0,2,1,4,0
1212-3,1,43,salineros,143,60,1,786,203,0,65,0,21,47,0,0,0,2,1,4,0
1212-3,1,44,salineros,143,60,1,830,206,0,61,0,21,47,0,0,0,2,1,4,0
1212-3,1,45,salineros,143,60,1,873,209,0,57,0,21,47,0,0,0,2,1,4,0
1212-3,1,46,salineros,143,60,1,915,212,0,53,0,21,47,0,0,0,2,1,4,0
1212-3,1,47,salineros,143,60,1,956,211,0,49,0,17,43,0,0,0,2,1,4,0
1212-3,1,48,salineros,143,60,1,961,158,0,46,0,17,37,0,0,0,2,1,10,0
1212-3,1,49,salineros,143,60,1,944,157,0,43,0,17,37,0,0,0,2,1,5,0
1212-3,1,50,salineros,182,115,2,977,156,0,40,0,17,37,0,0,0,3,1,5,0
1212-3,1,51,salineros,182,115,2,1005,142,0,38,0,17,47,0,0,0,3,1,6,0
1212-3,1,52,salineros,182,115,2,1029,130,0,36,0,17,47,0,0,0,3,1,4,0
1212-3,1,53,salineros,182,115,2,1054,123,0,34,0,19,49,0,1,0,3,1,4,0
1212-3,1,54,salineros,182,119,2,1084,124,0,32,0,25,61,0,0,0,3,1,6,0
1212-3,1,55,salineros,182,115,2,1078,112,0,30,0,25,61,0,1,0,3,1,6,0
1212-3,1,56,salineros,182,117,2,1106,109,0,27,0,31,67,0,1,0,3,1,9,0
1212-3,1,57,salineros,182,119,2,1132,118,0,25,0,35,71,0,0,0,3,1,5,0
1212-3,1,58,salineros,183,120,2,1158,128,0,23,0,35,71,0,0,0,3,1,4,0
1212-3,1,59,salineros,183,120,2,1185,156,0,20,0,54,92,0,0,0,3,1,4,0
1212-3,1,60,salineros,183,120,2,1225,181,0,17,0,54,92,0,0,0,3,1,5,0
1212-3,1,61,salineros,183,120,2,1248,203,0,16,0,54,92,0,0,0,3,1,3,0
1212-3,1,62,salineros,191,120,2,1244,224,0,15,0,54,92,0,0,0,3,1,3,0
1212-3,1,63,salineros,191,120,2,1239,245,0,14,0,54,92,0,0,0,3,1,3,0
1212-3,1,64,salineros,191,120,2,1238,266,0,12,0,54,92,0,0,0,3,1,3,0
1212-3,1,65,salineros,191,120,2,1237,274,0,10,0,41,79,0,0,0,3,1,3,0
1212-3,1,66,salineros,191,120,2,1275,276,0,8,0,41,79,0,0,0,3,1,3,0
1212-3,1,67,salineros,191,120,2,1247,284,0,6,0,41,79,0,0,0,3,1,3,0
1212-3,1,68,salineros,191,124,2,1226,293,0,4,0,41,79,0,0,0,3,1,4,0
1212-3,1,69,salineros,192,125,2,1203,288,0,2,0,41,79,0,1,0,3,1,5,0
1212-3,1,70,salineros,193,130,2,1174,286,0,0,0,41,77,0,0,0,3,1,9,0
1212-3,1,71,salineros,193,130,2,1132,266,0,2,0,16,56,0,0,0,3,1,4,0
1212-3,1,72,salineros,193,130,2,1116,260,0,4,0,29,63,0,0,0,3,1,4,0
1212-3,1,73,salineros,193,130,2,1092,250,0,4,0,29,63,0,0,0,3,1,4,0
1212-3,1,74,salineros,193,130,2,1057,244,0,3,0,29,63,0,0,0,3,1,4,0
1212-3,1,75,salineros,201,130,2,1014,238,0,2,0,29,63,0,0,0,3,1,4,0
1212-3,1,76,salineros,201,130,2,977,230,0,2,0,29,63,0,0,0,3,1,4,0
1212-3,1,77,salineros,201,133,2,902,229,0,3,0,38,72,0,1,0,3,1,4,0
1212-3,1,78,salineros,202,136,2,894,229,0,4,0,38,78,0,1,0,3,1,4,0
1212-3,1,79,salineros,202,139,2,894,230,0,4,0,38,81,0,0,0,3,1,3,0
1212-3,1,80,salineros,203,142,2,862,231,0,3,0,38,81,0,0,0,3,1,3,0
1212-3,1,81,salineros,204,146,2,826,225,0,0,0,38,83,0,0,0,3,1,9,0
1212-3,1,82,salineros,204,146,2,786,210,0,2,0,25,70,0,0,0,3,1,4,0
1212-3,1,83,salineros,205,150,2,765,225,0,4,0,54,99,0,0,0,3,1,6,0
1212-3,1,84,salineros,205,154,2,765,240,0,4,0,54,101,0,1,0,3,1,5,0
1212-3,1,85,salineros,206,158,2,736,266,0,2,0,63,110,0,0,0,3,1,3,0
1212-3,1,86,salineros,207,162,2,692,287,0,0,0,63,110,0,0,0,3,1,4,0
1212-3,1,87,salineros,208,166,2,659,289,0,2,0,46,95,0,0,0,3,1,4,0
1212-3,1,88,salineros,209,170,2,629,308,0,9,0,63,112,0,0,0,3,1,4,0
1212-3,1,89,salineros,217,174,2,611,313,0,8,0,50,101,0,0,0,3,1,3,0
1212-3,1,90,salineros,218,178,2,586,317,0,5,0,50,101,0,0,0,3,1,3,0
1212-3,1,91,salineros,219,180,2,570,320,0,2,0,50,101,0,0,0,3,1,3,0
1212-3,1,92,salineros,219,180,2,538,322,0,6,0,50,103,0,0,0,3,1,4,0
1212-3,1,93,salineros,219,180,2,528,324,0,5,0,50,103,0,0,0,3,1,3,0
1212-3,1,94,salineros,219,180,2,510,326,0,2,0,50,103,0,0,0,3,1,3,0
1212-3,1,95,salineros,219,180,2,475,316,0,6,0,38,91,0,0,0,3,1,4,0
1212-3,1,96,salineros,219,180,2,407,306,0,5,0,38,85,0,0,0,3,1,4,0
1212-3,1,97,salineros,219,180,2,381,296,0,3,0,38,85,0,0,0,3,1,4,0
1212-3,1,98,salineros,219,184,2,377,284,0,1,0,38,85,0,0,0,3,1,5,0
1212-3,1,99,salineros,219,180,2,150,242,0,3,0,21,68,0,0,0,3,1,5,0
1212-3,1,100,salineros,219,180,2,126,219,0,5,0,38,84,0,0,0,3,1,9,0
1212-3,1,101,salineros,219,180,2,121,216,0,5,0,44,90,0,0,0,3,1,4,0
1212-3,1,102,salineros,219,180,2,122,214,0,4,0,44,95,0,0,0,3,1,4,0
1212-3,1,103,salineros,219,180,2,116,212,0,3,0,44,95,0,0,0,3,1,4,0
1212-3,1,104,salineros,219,180,2,107,209,0,2,0,44,95,0,0,0,3,1,5,0
1212-3,1,105,salineros,227,180,2,112,204,0,2,0,44,95,0,0,0,3,1,5,0
1212-3,1,106,salineros,227,180,2,126,199,0,2,0,44,95,0,0,0,3,1,5,0
1212-3,1,107,salineros,227,182,2,117,215,0,2,0,63,114,0,0,0,3,1,5,0
1212-3,1,108,salineros,227,184,2,111,230,0,2,0,63,114,0,0,0,3,1,5,0
1212-3,1,109,salineros,227,184,2,119,243,0,2,0,63,116,0,0,0,3,1,5,0
1212-3,1,110,salineros,227,184,2,123,257,0,1,0,63,116,0,0,0,3,1,5,0
1212-3,1,111,salineros,227,184,2,117,253,0,2,0,46,99,0,0,0,3,1,5,0
1212-3,1,112,salineros,227,184,2,116,265,0,1,0,63,116,0,0,0,3,1,5,0
1212-3,1,113,salineros,227,184,2,119,249,0,3,0,33,86,0,0,0,3,1,5,0
1212-3,1,114,salineros,227,184,2,116,250,0,2,0,50,103,0,0,0,3,1,5,0
1212-3,1,115,salineros,227,184,2,112,251,0,1,0,50,103,0,0,0,3,1,5,0
1212-3,1,116,salineros,228,188,2,136,235,0,3,0,33,86,0,0,0,3,1,6,0
1212-3,1,117,salineros,228,186,2,109,226,0,3,0,50,103,0,0,0,3,1,6,0
1212-3,1,118,salineros,228,188,2,114,215,0,3,0,50,101,0,0,0,3,1,10,0
1212-3,1,119,salineros,228,188,2,129,201,0,3,0,38,91,0,0,0,3,1,5,0
1212-3,1,120,salineros,228,188,2,112,190,0,4,0,38,85,0,0,0,3,1,5,0
1212-3,1,121,salineros,228,188,2,113,179,0,5,0,38,85,0,0,0,3,1,4,0
1212-3,1,122,salineros,228,188,2,105,169,0,5,0,38,85,0,0,0,3,1,4,0
1212-3,1,123,salineros,228,188,2,113,158,0,5,0,38,85,0,0,0,3,1,4,0
1212-3,1,124,salineros,228,188,2,106,148,0,6,0,38,85,0,0,0,3,1,4,0
1212-3,1,125,salineros,236,188,2,110,147,0,7,0,44,91,0,0,0,3,1,3,0
1212-3,1,126,salineros,236,188,2,105,149,0,8,0,44,97,0,0,0,3,1,3,0
1212-3,1,127,salineros,236,188,2,107,151,0,9,0,44,97,0,0,0,3,1,3,0
1212-3,1,128,salineros,236,188,2,108,153,0,10,0,44,97,0,0,0,3,1,3,0
1212-3,1,129,salineros,236,188,2,106,152,0,11,0,44,97,0,0,0,3,1,4,0
1212-3,1,130,salineros,236,188,2,114,151,0,12,0,44,97,0,0,0,3,1,3,0
1212-3,1,131,salineros,236,188,2,103,166,0,8,0,63,116,0,0,0,3,1,8,0
1212-3,1,132,salineros,236,188,2,105,183,0,8,0,63,116,0,0,0,3,1,4,0
1212-3,1,133,salineros,236,188,2,119,197,0,8,0,63,116,0,0,0,3,1,4,0
1212-3,1,134,salineros,236,188,2,122,212,0,7,0,63,116,0,0,0,3,1,4,0
1212-3,1,135,salineros,236,188,2,118,227,0,6,0,63,116,0,0,0,3,1,4,0
1212-3,1,136,salineros,236,188,2,121,242,0,5,0,63,116,0,0,0,3,1,4,0
1212-3,1,137,salineros,236,188,2,124,244,0,4,0,50,103,0,0,0,3,1,4,0
1212-3,1,138,salineros,236,188,2,120,246,0,3,0,50,103,0,0,0,3,1,4,0
1212-3,1,139,salineros,244,188,2,118,247,0,2,0,50,103,0,0,0,3,1,5,0
1212-3,1,140,salineros,244,188,2,115,247,0,2,0,50,103,0,0,0,3,1,5,0
1212-3,1,141,salineros,244,188,2,119,247,0,2,0,50,103,0,0,0,3,1,5,0
1212-3,1,142,salineros,244,188,2,123,247,0,2,0,50,103,0,0,0,3,1,5,0
1212-3,1,143,salineros,244,188,2,122,235,0,2,0,38,91,0,0,0,3,1,5,0
1212-3,1,144,salineros,244,188,2,115,223,0,2,0,38,85,0,0,0,3,1,5,0
1212-3,1,145,salineros,244,188,2,112,211,0,2,0,38,85,0,0,0,3,1,5,0
1212-3,1,146,salineros,244,188,2,116,198,0,3,0,38,85,0,0,0,3,1,5,0
1212-3,1,147,salineros,244,188,2,114,186,0,4,0,38,85,0,0,0,3,1,5,0
1212-3,1,148,salineros,244,188,2,110,175,0,5,0,38,85,0,0,0,3,1,4,0
1212-3,1,149,salineros,244,188,2,118,170,0,5,0,44,91,0,0,0,3,1,4,0
1212-3,1,150,salineros,244,188,2,121,166,0,5,0,44,97,0,0,0,3,1,4,0
1212-3,1,151,salineros,244,188,2,116,162,0,5,0,44,97,0,0,0,3,1,5,0
1212-3,1,152,salineros,244,188,2,118,158,0,6,0,44,98,0,0,0,3,1,4,0
1212-3,1,153,salineros,244,188,2,114,154,0,7,0,44,98,0,0,0,3,1,4,0
1212-3,1,154,salineros,244,188,2,116,150,0,9,0,44,98,0,0,0,3,1,4,0
1212-3,1,155,salineros,244,188,2,115,165,0,10,0,60,114,0,0,0,3,1,3,0
1212-3,1,156,salineros,244,188,2,104,180,0,11,0,60,114,0,0,0,3,1,4,0
1212-3,1,157,salineros,244,188,2,117,191,0,12,0,60,114,0,0,0,3,1,4,0
1212-3,1,158,salineros,244,188,2,120,203,0,12,0,60,114,0,0,0,3,1,4,0
1212-3,1,159,salineros,244,188,2,115,215,0,12,0,60,114,0,0,0,3,1,4,0
1212-3,1,160,salineros,244,188,2,117,227,0,12,0,60,114,0,0,0,3,1,4,0
1212-3,1,161,salineros,244,188,2,119,229,0,12,0,50,104,0,0,0,3,1,4,0
1212-3,1,162,salineros,244,188,2,121,231,0,12,0,50,104,0,0,0,3,1,4,0
1212-3,1,163,salineros,245,192,2,133,233,0,12,0,50,104,0,0,0,3,1,5,0
1212-3,1,164,salineros,245,190,2,104,224,0,12,0,50,106,0,0,0,3,1,5,0
1212-3,1,165,salineros,245,192,2,117,217,0,12,0,50,104,0,0,0,3,1,9,0
1212-3,1,166,salineros,245,192,2,122,218,0,12,0,50,106,0,0,0,3,1,4,0
1212-3,1,167,salineros,245,192,2,122,207,0,12,0,38,94,0,0,0,3,1,4,0
1212-3,1,168,salineros,405,192,2,117,196,0,13,0,38,88,0,1,1,4,1,4,0
1212-3,1,169,salineros,405,192,2,115,185,0,14,0,36,86,0,0,0,4,1,5,0
1212-3,1,170,salineros,405,192,2,113,174,0,17,0,36,88,0,0,0,4,1,4,0
1212-3,1,171,salineros,405,192,2,111,163,0,20,0,36,88,0,0,0,4,1,4,0
1212-3,1,172,salineros,413,192,2,122,152,0,20,0,36,88,0,0,0,4,1,5,0
1212-3,1,173,salineros,413,192,2,153,149,0,21,0,44,96,0,0,0,4,1,4,0
1212-3,1,174,salineros,413,192,2,184,149,0,22,0,44,102,0,0,0,4,1,4,0
1212-3,1,175,salineros,413,192,2,214,149,0,23,0,44,102,0,0,0,4,1,4,0
1212-3,1,176,salineros,413,192,2,244,149,0,24,0,44,102,0,0,0,4,1,4,0
1212-3,1,177,salineros,413,192,2,273,149,0,25,0,44,102,0,0,0,4,1,4,0
1212-3,1,178,salineros,413,192,2,302,149,0,26,0,44,102,0,0,0,4,1,4,0
1212-3,1,179,salineros,413,192,2,330,168,0,26,0,63,121,0,0,0,4,1,4,0
1212-3,1,180,salineros,413,192,2,370,184,0,26,0,63,121,0,0,0,4,1,5,0
1212-3,1,181,salineros,413,192,2,421,197,0,26,0,63,121,0,0,0,4,1,5,0
1212-3,1,182,salineros,413,192,2,471,210,0,25,0,63,121,0,0,0,4,1,5,0
1212-3,1,183,salineros,413,192,2,521,223,0,24,0,63,121,0,0,0,4,1,5,0
1212-3,1,184,salineros,413,192,2,570,236,0,23,0,63,121,0,0,0,4,1,5,0
1212-3,1,185,salineros,413,192,2,618,236,0,22,0,50,108,0,0,0,4,1,5,0
1212-3,1,186,salineros,413,192,2,666,236,0,21,0,50,108,0,0,0,4,1,5,0
1212-3,1,187,salineros,413,192,2,714,236,0,20,0,50,108,0,0,0,4,1,5,0
1212-3,1,188,salineros,414,196,2,771,236,0,19,0,50,108,0,0,0,4,1,6,0
1212-3,1,189,salineros,413,194,2,798,225,0,18,0,50,108,0,0,0,4,1,6,0
1212-3,1,190,salineros,414,196,2,842,214,0,17,0,50,106,0,0,0,4,1,10,0
1212-3,1,191,salineros,414,196,2,880,198,0,19,0,36,94,0,0,0,4,1,4,0
1212-3,1,192,salineros,414,196,2,841,186,0,19,0,36,88,0,0,0,4,1,6,0
1212-3,1,193,salineros,414,196,2,885,173,0,19,0,38,90,0,0,0,4,1,6,0
1212-3,1,194,salineros,414,196,2,929,160,0,19,0,38,90,0,0,0,4,1,5,0
1212-3,1,195,salineros,414,196,2,972,147,0,20,0,38,90,0,0,0,4,1,5,0
1212-3,1,196,salineros,414,196,2,951,137,0,21,0,38,90,0,0,0,4,1,4,0
1212-3,1,197,salineros,422,196,2,976,135,0,22,0,43,95,0,0,0,4,1,5,0
1212-3,1,198,salineros,422,196,2,1006,133,0,23,0,43,101,0,0,0,4,1,4,0
1212-3,1,199,salineros,422,196,2,1035,131,0,24,0,43,101,0,0,0,4,1,4,0
1212-3,1,200,salineros,422,196,2,1014,129,0,25,0,43,101,0,0,0,4,1,4,0
1212,6,1,arrieros,27,56,1,36,67,0,0,0,10,22,0,0,0,0,1,6,0
1212,6,2,arrieros,27,56,1,37,59,0,0,0,10,15,0,0,0,0,,0,0
1212,6,3,arrieros,27,56,1,38,51,0,0,0,10,15,0,0,0,0,,0,0
1212,6,4,arrieros,27,56,1,39,44,0,0,0,10,15,0,0,0,0,,0,0
1212,6,5,arrieros,27,58,1,40,43,0,0,0,16,21,0,1,0,0,,0,0
1212,6,6,arrieros,28,60,1,54,44,0,0,0,16,34,0,0,0,0,,0,0
1212,6,7,arrieros,27,58,1,58,38,0,0,0,16,36,0,0,0,0,1,4,0
1212,6,8,arrieros,28,60,1,72,39,0,0,0,16,34,0,0,0,0,,0,0
1212,6,9,arrieros,28,60,1,88,39,0,0,0,16,36,0,0,0,0,,0,0
1212,6,10,arrieros,28,60,1,104,39,0,0,0,16,36,0,0,0,0,,0,0
1212,6,11,arrieros,28,60,1,120,54,0,0,0,32,52,0,0,0,0,,0,0
1212,6,12,arrieros,28,60,1,136,69,0,0,0,32,52,0,0,0,0,,0,0
1212,6,13,arrieros,27,58,1,93,77,0,0,0,32,52,0,0,0,0,1,7,0
1212,6,14,arrieros,43,60,1,98,101,0,0,0,32,50,0,0,0,1,,0,0
1212,6,15,arrieros,43,60,1,114,116,0,0,0,32,52,0,0,0,1,,0,0
1212,6,16,arrieros,43,60,1,130,128,0,0,0,32,52,0,0,0,1,,0,0
1212,6,17,arrieros,43,60,1,146,128,0,0,0,20,40,0,0,0,1,,0,0
1212,6,18,arrieros,43,60,1,162,128,0,0,0,20,40,0,0,0,1,,0,0
1212,6,19,arrieros,42,58,1,89,116,0,0,0,20,40,0,0,0,1,1,9,0
1212,6,20,arrieros,43,60,1,93,118,0,0,0,20,38,0,0,0,1,,0,0
1212,6,21,arrieros,61,60,1,109,117,0,0,0,20,40,0,1,0,2,,0,0
1212,6,22,arrieros,61,60,1,125,118,0,0,0,20,46,0,0,0,2,,0,0
1212,6,23,arrieros,61,60,1,141,109,0,0,0,10,36,0,0,0,2,,0,0
1212,6,24,arrieros,61,60,1,151,100,0,0,0,10,30,0,0,0,2,,0,0
1212,6,25,arrieros,60,56,1,88,71,0,0,0,10,30,0,0,0,2,1,16,0
1212,6,26,arrieros,60,56,1,97,65,0,0,0,10,29,0,0,0,2,,0,0
1212,6,27,arrieros,68,56,1,106,57,0,0,0,10,29,0,0,0,2,,0,0
1212,6,28,arrieros,68,56,1,115,49,0,0,0,10,29,0,1,0,2,,0,0
1212,6,29,arrieros,68,58,1,124,49,0,0,0,16,35,0,0,0,2,,0,0
1212,6,30,arrieros,69,60,1,138,49,0,0,0,16,40,0,0,0,2,,0,0
1212,6,31,arrieros,68,58,1,117,35,0,0,0,16,42,0,0,0,2,1,18,0
1212,6,32,arrieros,69,60,1,131,42,0,0,0,16,40,0,0,0,2,,0,0
1212,6,33,arrieros,77,63,1,147,42,0,0,0,16,42,0,0,0,2,,0,0
1212,6,34,arrieros,78,66,1,163,42,0,0,0,16,42,0,0,0,2,,0,0
1212,6,35,arrieros,78,69,1,179,56,0,0,0,32,58,0,0,0,2,,0,0
1212,6,36,arrieros,79,72,1,195,69,0,0,0,32,58,0,0,0,2,,0,0
1212,6,37,arrieros,80,75,1,187,80,0,0,0,32,60,0,0,0,2,1,14,0
1212,6,38,arrieros,80,78,1,180,97,0,0,0,32,60,0,0,0,2,,0,0
1212,6,39,arrieros,81,81,1,193,102,0,0,0,22,50,0,0,0,2,,0,0
1212,6,40,arrieros,82,85,1,213,101,0,0,0,22,52,0,0,0,2,,0,0
1212,6,41,arrieros,82,85,1,233,91,0,0,0,14,44,0,0,0,2,,0,0
1212,6,42,arrieros,82,85,1,253,81,0,0,0,14,44,0,0,0,2,,0,0
1212,6,43,arrieros,82,85,1,400,64,0,0,0,14,44,0,0,0,2,1,27,0
1212,6,44,arrieros,82,85,1,356,64,0,0,0,14,44,0,0,0,2,,0,0
1212,6,45,arrieros,90,85,1,312,70,0,0,0,20,50,0,0,0,2,,0,0
1212,6,46,arrieros,90,85,1,332,76,0,0,0,20,50,0,0,0,2,,0,0
1212,6,47,arrieros,90,85,1,352,63,0,0,0,10,40,0,0,0,2,,0,0
1212,6,48,arrieros,90,85,1,364,50,0,0,0,10,32,0,0,0,2,,0,0
1212,6,49,arrieros,90,85,1,486,37,0,0,0,9,31,0,0,0,2,1,23,0
1212,6,50,arrieros,90,85,1,434,33,0,0,0,9,31,0,0,0,2,,0,0
1212,6,51,arrieros,90,85,1,382,30,0,0,0,9,31,0,0,0,2,,0,0
1212,6,52,arrieros,90,85,1,330,27,0,0,0,9,31,0,0,0,2,,0,0
1212,6,53,arrieros,90,85,1,296,31,0,0,0,16,38,0,0,0,2,,0,0
1212,6,54,arrieros,90,85,1,316,34,0,0,0,16,46,0,0,0,2,,0,0
1212,6,55,arrieros,90,85,1,418,28,0,0,0,16,46,0,0,0,2,1,19,0
1212,6,56,arrieros,90,85,1,334,29,0,0,0,16,46,0,0,0,2,,0,0
1212,6,57,arrieros,90,85,1,310,30,0,0,0,16,46,0,0,0,2,,0,0
1212,6,58,arrieros,90,85,1,330,30,0,0,0,16,46,0,0,0,2,,0,0
1212,6,59,arrieros,90,89,1,350,40,0,0,0,32,62,0,0,0,2,,0,0
1212,6,60,arrieros,90,89,1,370,48,0,0,0,32,62,0,0,0,2,,0,0
1212,6,61,arrieros,90,89,1,571,56,0,0,0,32,62,0,0,0,2,1,20,0
1212,6,62,arrieros,90,89,1,488,70,0,0,0,32,62,0,0,0,2,,0,0
1212,6,63,arrieros,90,89,1,405,83,0,0,0,32,62,0,0,0,2,,0,0
1212,6,64,arrieros,90,89,1,425,96,0,0,0,32,62,0,0,0,2,,0,0
1212,6,65,arrieros,90,89,1,445,92,0,0,0,21,51,0,0,0,2,,0,0
1212,6,66,arrieros,90,89,1,465,88,0,0,0,21,51,0,0,0,2,,0,0
1212,6,67,arrieros,90,89,1,717,70,0,0,0,21,51,0,0,0,2,1,35,0
1212,6,68,arrieros,90,89,1,673,76,0,0,0,21,51,0,0,0,2,,0,0
1212,6,69,arrieros,98,89,1,629,81,0,0,0,21,51,0,0,0,2,,0,0
1212,6,70,arrieros,98,89,1,585,86,0,0,0,21,51,0,0,0,2,,0,0
1212,6,71,arrieros,98,89,1,541,80,0,0,0,9,39,0,0,0,2,,0,0
1212,6,72,arrieros,98,89,1,489,74,0,0,0,9,31,0,0,0,2,,0,0
1212,6,73,arrieros,98,89,1,564,69,0,0,0,10,32,0,0,0,2,1,25,0
1212,6,74,arrieros,98,89,1,512,64,0,0,0,10,32,0,0,0,2,,0,0
1212,6,75,arrieros,98,89,1,460,59,0,0,0,10,32,0,0,0,2,,0,0
1212,6,76,arrieros,98,89,1,408,55,0,0,0,10,32,0,0,0,2,,0,0
1212,6,77,arrieros,98,89,1,356,57,0,0,0,16,38,0,0,0,2,,0,0
1212,6,78,arrieros,98,89,1,312,58,0,0,0,16,46,0,0,0,2,,0,0
1212,6,79,arrieros,98,89,1,393,43,0,0,0,16,46,0,0,0,2,1,31,0
1212,6,80,arrieros,98,89,1,310,42,0,0,0,16,46,0,0,0,2,,0,0
1212,6,81,arrieros,106,89,1,287,41,0,0,0,16,46,0,0,0,2,,0,0
1212,6,82,arrieros,106,89,1,307,40,0,0,0,16,46,0,0,0,2,,0,0
1212,6,83,arrieros,106,89,1,327,48,0,0,0,32,62,0,0,0,2,,0,0
1212,6,84,arrieros,106,89,1,347,56,0,0,0,32,62,0,0,0,2,,0,0
1212,6,85,arrieros,106,89,1,604,64,0,0,0,32,62,0,0,0,2,1,22,0
1212,6,86,arrieros,106,89,1,521,78,0,0,0,32,62,0,0,0,2,,0,0
1212,6,87,arrieros,106,89,1,463,91,0,0,0,32,62,0,0,0,2,,0,0
1212,6,88,arrieros,106,89,1,483,103,0,0,0,32,62,0,0,0,2,,0,0
1212,6,89,arrieros,106,89,1,503,97,0,0,0,20,50,0,0,0,2,,0,0
1212,6,90,arrieros,106,89,1,523,92,0,0,0,20,50,0,0,0,2,,0,0
1212,6,91,arrieros,108,97,1,740,93,0,0,0,20,50,0,0,0,2,1,27,0
1212,6,92,arrieros,108,97,1,698,95,0,0,0,20,52,0,0,0,2,,0,0
1212,6,93,arrieros,108,97,1,656,97,0,0,0,20,52,0,0,0,2,,0,0
1212,6,94,arrieros,108,97,1,614,99,0,0,0,20,52,0,0,0,2,,0,0
1212,6,95,arrieros,108,97,1,572,91,0,0,0,10,42,0,0,0,2,,0,0
1212,6,96,arrieros,108,97,1,521,83,0,0,0,10,33,0,0,0,2,,0,0
1212,6,97,arrieros,107,93,1,563,70,0,0,0,10,33,0,0,0,2,1,27,0
1212,6,98,arrieros,107,93,1,512,64,0,0,0,10,33,0,0,0,2,,0,0
1212,6,99,arrieros,107,93,1,461,58,0,0,0,10,33,0,0,0,2,,0,0
1212,6,100,arrieros,107,93,1,410,53,0,0,0,10,33,0,0,0,2,,0,0
1212,6,101,arrieros,107,93,1,359,54,0,0,0,16,39,0,0,0,2,,0,0
1212,6,102,arrieros,107,93,1,317,55,0,0,0,16,48,0,0,0,2,,0,0
1212,6,103,arrieros,106,89,1,392,50,0,0,0,16,48,0,0,0,2,1,22,0
1212,6,104,arrieros,106,89,1,309,49,0,0,0,16,46,0,0,0,2,,0,0
1212,6,105,arrieros,106,89,1,286,48,0,0,0,16,46,0,0,0,2,,0,0
1212,6,106,arrieros,106,89,1,301,47,0,0,0,16,46,0,0,0,2,,0,0
1212,6,107,arrieros,106,89,1,321,56,0,0,0,32,62,0,0,0,2,,0,0
1212,6,108,arrieros,106,89,1,341,64,0,0,0,32,62,0,0,0,2,,0,0
1212,6,109,arrieros,106,89,1,595,72,0,0,0,32,62,0,0,0,2,1,22,0
1212,6,110,arrieros,106,89,1,512,85,0,0,0,32,62,0,0,0,2,,0,0
1212,6,111,arrieros,106,89,1,480,98,0,0,0,32,62,0,0,0,2,,0,0
1212,6,112,arrieros,106,89,1,479,110,0,0,0,32,62,0,0,0,2,,0,0
1212,6,113,arrieros,106,89,1,499,109,0,0,0,20,50,0,0,0,2,,0,0
1212,6,114,arrieros,106,89,1,519,103,0,0,0,20,50,0,0,0,2,,0,0
1212,6,115,arrieros,106,89,1,714,71,0,0,0,20,50,0,0,0,2,1,35,0
1212,6,116,arrieros,106,89,1,670,76,0,0,0,20,50,0,0,0,2,,0,0
1212,6,117,arrieros,106,89,1,626,81,0,0,0,20,50,0,0,0,2,,0,0
1212,6,118,arrieros,106,89,1,582,85,0,0,0,20,50,0,0,0,2,,0,0
1212,6,119,arrieros,114,89,1,538,80,0,0,0,10,40,0,0,0,2,,0,0
1212,6,120,arrieros,114,89,1,486,75,0,0,0,10,32,0,0,0,2,,0,0
1212,6,121,arrieros,114,89,1,563,70,0,0,0,10,32,0,0,0,2,1,25,0
1212,6,122,arrieros,114,89,1,511,65,0,0,0,10,32,0,0,0,2,,0,0
1212,6,123,arrieros,114,89,1,459,60,0,0,0,10,32,0,0,0,2,,0,0
1212,6,124,arrieros,114,89,1,407,56,0,0,0,10,32,0,0,0,2,,0,0
1212,6,125,arrieros,114,89,1,355,57,0,0,0,16,38,0,0,0,2,,0,0
1212,6,126,arrieros,114,89,1,311,58,0,0,0,16,46,0,0,0,2,,0,0
1212,6,127,arrieros,114,89,1,395,47,0,0,0,16,46,0,0,0,2,1,26,0
1212,6,128,arrieros,114,89,1,312,46,0,0,0,16,46,0,0,0,2,,0,0
1212,6,129,arrieros,114,89,1,289,45,0,0,0,16,46,0,0,0,2,,0,0
1212,6,130,arrieros,122,89,1,309,44,0,0,0,16,46,0,0,0,2,,0,0
1212,6,131,arrieros,122,89,1,329,52,0,0,0,32,62,0,0,0,2,,0,0
1212,6,132,arrieros,122,89,1,349,60,0,0,0,32,62,0,0,0,2,,0,0
1212,6,133,arrieros,122,89,1,608,68,0,0,0,32,62,0,0,0,2,1,22,0
1212,6,134,arrieros,122,89,1,525,81,0,0,0,32,62,0,0,0,2,,0,0
1212,6,135,arrieros,122,89,1,467,94,0,0,0,32,62,0,0,0,2,,0,0
1212,6,136,arrieros,122,89,1,482,106,0,0,0,32,62,0,0,0,2,,0,0
1212,6,137,arrieros,122,89,1,502,101,0,0,0,20,50,0,0,0,2,,0,0
1212,6,138,arrieros,122,89,1,522,96,0,0,0,20,50,0,0,0,2,,0,0
1212,6,139,arrieros,122,89,1,752,81,0,0,0,20,50,0,0,0,2,1,30,0
1212,6,140,arrieros,122,89,1,708,85,0,0,0,20,50,0,0,0,2,,0,0
1212,6,141,arrieros,122,89,1,664,89,0,0,0,20,50,0,0,0,2,,0,0
1212,6,142,arrieros,130,89,1,620,93,0,0,0,20,50,0,0,0,2,,0,0
1212,6,143,arrieros,130,89,1,576,87,0,0,0,10,40,0,0,0,2,,0,0
1212,6,144,arrieros,130,89,1,524,81,0,0,0,10,32,0,0,0,2,,0,0
1212,6,145,arrieros,131,93,1,648,83,0,0,0,10,32,0,0,0,2,1,25,0
1212,6,146,arrieros,131,93,1,597,77,0,0,0,10,33,0,0,0,2,,0,0
1212,6,147,arrieros,131,93,1,546,71,0,0,0,10,33,0,0,0,2,,0,0
1212,6,148,arrieros,131,93,1,495,65,0,0,0,10,33,0,0,0,2,,0,0
1212,6,149,arrieros,131,93,1,444,65,0,0,0,16,39,0,0,0,2,,0,0
1212,6,150,arrieros,131,93,1,402,65,0,0,0,16,48,0,0,0,2,,0,0
1212,6,151,arrieros,130,89,1,481,48,0,0,0,16,48,0,0,0,2,1,30,0
1212,6,152,arrieros,130,89,1,398,47,0,0,0,16,46,0,0,0,2,,0,0
1212,6,153,arrieros,130,89,1,315,46,0,0,0,16,46,0,0,0,2,,0,0
1212,6,154,arrieros,138,89,1,310,45,0,0,0,16,46,0,0,0,2,,0,0
1212,6,155,arrieros,138,89,1,325,59,0,0,0,32,62,0,0,0,2,,0,0
1212,6,156,arrieros,138,89,1,345,68,0,0,0,32,62,0,0,0,2,,0,0
1212,6,157,arrieros,138,89,1,567,75,0,0,0,32,62,0,0,0,2,1,20,0
1212,6,158,arrieros,138,89,1,499,89,0,0,0,32,62,0,0,0,2,,0,0
1212,6,159,arrieros,138,89,1,431,103,0,0,0,32,62,0,0,0,2,,0,0
1212,6,160,arrieros,138,89,1,430,116,0,0,0,32,62,0,0,0,2,,0,0
1212,6,161,arrieros,138,89,1,450,113,0,0,0,20,50,0,0,0,2,,0,0
1212,6,162,arrieros,138,89,1,470,105,0,0,0,20,50,0,0,0,2,,0,0
1212,6,163,arrieros,138,89,1,787,84,0,0,0,20,50,0,0,0,2,1,29,0
1212,6,164,arrieros,138,89,1,743,86,0,0,0,20,50,0,0,0,2,,0,0
1212,6,165,arrieros,138,89,1,695,88,0,0,0,20,50,0,0,0,2,,0,0
1212,6,166,arrieros,146,89,1,651,90,0,0,0,20,50,0,0,0,2,,0,0
1212,6,167,arrieros,146,89,1,605,82,0,0,0,10,40,0,0,0,2,,0,0
1212,6,168,arrieros,146,89,1,553,75,0,0,0,10,32,0,0,0,2,,0,0
1212,6,169,arrieros,147,93,1,680,76,0,0,0,10,32,0,0,0,2,1,25,0
1212,6,170,arrieros,147,93,1,627,68,0,0,0,10,33,0,0,0,2,,0,0
1212,6,171,arrieros,147,93,1,576,60,0,0,0,10,33,0,0,0,2,,0,0
1212,6,172,arrieros,147,93,1,522,53,0,0,0,10,33,0,0,0,2,,0,0
1212,6,173,arrieros,147,93,1,471,52,0,0,0,16,39,0,0,0,2,,0,0
1212,6,174,arrieros,147,93,1,429,51,0,0,0,16,48,0,0,0,2,,0,0
1212,6,175,arrieros,147,93,1,515,50,0,0,0,16,48,0,0,0,2,1,23,0
1212,6,176,arrieros,147,93,1,433,46,0,0,0,16,48,0,0,0,2,,0,0
1212,6,177,arrieros,147,93,1,347,42,0,0,0,16,48,0,0,0,2,,0,0
1212,6,178,arrieros,147,93,1,316,38,0,0,0,16,48,0,0,0,2,,0,0
1212,6,179,arrieros,147,93,1,338,50,0,0,0,32,64,0,0,0,2,,0,0
1212,6,180,arrieros,147,93,1,360,55,0,0,0,32,64,0,0,0,2,,0,0
1212,6,181,arrieros,147,93,1,652,60,0,0,0,32,64,0,0,0,2,1,22,0
1212,6,182,arrieros,147,93,1,571,71,0,0,0,32,64,0,0,0,2,,0,0
1212,6,183,arrieros,147,93,1,510,81,0,0,0,32,64,0,0,0,2,,0,0
1212,6,184,arrieros,147,93,1,519,91,0,0,0,32,64,0,0,0,2,,0,0
1212,6,185,arrieros,147,93,1,541,86,0,0,0,20,52,0,0,0,2,,0,0
1212,6,186,arrieros,147,93,1,563,78,0,0,0,20,52,0,0,0,2,,0,0
1212,6,187,arrieros,146,89,1,868,56,0,0,0,20,52,0,0,0,2,1,30,0
1212,6,188,arrieros,146,89,1,824,59,0,0,0,20,50,0,0,0,2,,0,0
1212,6,189,arrieros,146,89,1,780,62,0,0,0,20,50,0,0,0,2,,0,0
1212,6,190,arrieros,154,89,1,736,65,0,0,0,20,50,0,0,0,2,,0,0
1212,6,191,arrieros,154,89,1,690,58,0,0,0,10,40,0,0,0,2,,0,0
1212,6,192,arrieros,154,89,1,636,52,0,0,0,10,32,0,0,0,2,,0,0
1212,6,193,arrieros,154,89,1,754,46,0,0,0,10,32,0,0,0,2,1,24,0
1212,6,194,arrieros,154,89,1,702,40,0,0,0,10,32,0,0,0,2,,0,0
1212,6,195,arrieros,154,89,1,650,34,0,0,0,10,32,0,0,0,2,,0,0
1212,6,196,arrieros,154,89,1,596,29,0,0,0,10,32,0,0,0,2,,0,0
1212,6,197,arrieros,154,89,1,544,27,0,0,0,13,35,0,0,0,2,,0,0
1212,6,198,arrieros,154,89,1,500,25,0,0,0,13,43,0,0,0,2,,0,0
1212,6,199,arrieros,154,89,1,585,23,0,0,0,13,43,0,0,0,2,1,25,0
1212,6,200,arrieros,154,89,1,496,18,0,0,0,13,43,0,0,0,2,,0,0
1212,6,1,canteros,39,116,1,88,53,0,0,0,15,45,0,0,0,0,1,4,0
1212,6,2,canteros,39,116,1,95,36,0,0,0,15,31,0,0,0,0,,0,0
1212,6,3,canteros,39,116,1,102,20,0,0,0,15,31,0,1,0,0,,0,0
1212,6,4,canteros,39,116,1,117,6,0,0,0,15,39,0,0,0,0,,0,0
1212,6,5,canteros,39,116,1,132,1,0,0,0,24,48,0,0,0,0,,0,0
1212,6,6,canteros,38,116,1,158,0,0,0,0,24,59,1,0,0,0,,0,0
1212,6,7,canteros,37,116,1,97,0,0,0,0,24,59,1,0,0,0,1,8,0
1212,6,8,canteros,35,113,1,113,4,0,0,0,24,59,1,0,0,0,,0,0
1212,6,9,canteros,35,113,1,139,2,0,0,0,24,59,0,0,0,0,,0,0
1212,6,10,canteros,34,113,1,165,0,0,0,0,24,59,1,0,0,0,,0,0
1212,6,11,canteros,34,113,1,191,20,0,0,0,48,83,0,0,0,0,,0,0
1212,6,12,canteros,34,113,1,217,39,0,0,0,48,83,0,0,0,0,,0,0
1212,6,13,canteros,34,113,1,223,57,0,0,0,48,83,0,0,0,0,1,11,0
1212,6,14,canteros,34,113,1,187,78,0,0,0,48,83,0,0,0,0,,0,0
1212,6,15,canteros,34,113,1,208,99,0,0,0,48,83,0,0,0,0,,0,0
1212,6,16,canteros,49,113,1,234,116,0,0,0,48,83,0,0,0,1,,0,0
1212,6,17,canteros,49,113,1,260,114,0,0,0,30,65,0,0,0,1,,0,0
1212,6,18,canteros,49,113,1,286,112,0,0,0,30,64,0,0,0,1,,0,0
1212,6,19,canteros,48,109,1,346,100,0,0,0,30,64,0,0,0,1,1,17,0
1212,6,20,canteros,48,109,1,323,106,0,0,0,30,62,0,0,0,1,,0,0
1212,6,21,canteros,48,109,1,300,112,0,0,0,30,62,0,0,0,1,,0,0
1212,6,22,canteros,48,109,1,277,118,0,0,0,30,62,0,0,0,1,,0,0
1212,6,23,canteros,48,109,1,266,109,0,0,0,15,47,0,0,0,1,,0,0
1212,6,24,canteros,48,109,1,280,101,0,0,0,15,37,0,0,0,1,,0,0
1212,6,25,canteros,48,105,1,293,72,0,0,0,15,37,0,0,0,1,1,26,0
1212,6,26,canteros,66,105,1,260,66,0,0,0,15,37,0,0,0,2,,0,0
1212,6,27,canteros,66,105,1,227,60,0,0,0,15,37,0,0,0,2,,0,0
1212,6,28,canteros,66,105,1,194,51,0,0,0,15,37,0,0,0,2,,0,0
1212,6,29,canteros,74,105,1,179,49,0,0,0,18,40,0,0,0,2,,0,0
1212,6,30,canteros,74,105,1,203,47,0,0,0,18,50,0,0,0,2,,0,0
1212,6,31,canteros,74,105,1,91,38,0,0,0,18,50,0,0,0,2,1,10,0
1212,6,32,canteros,74,105,1,59,34,0,0,0,18,50,0,0,0,2,,0,0
1212,6,33,canteros,74,105,1,78,31,0,0,0,18,50,0,0,0,2,,0,0
1212,6,34,canteros,74,105,1,102,22,0,0,0,18,50,0,0,0,2,,0,0
1212,6,35,canteros,74,105,1,126,41,0,0,0,48,79,0,0,0,2,,0,0
1212,6,36,canteros,74,105,1,150,59,0,0,0,48,79,0,0,0,2,,0,0
1212,6,37,canteros,74,105,1,188,76,0,0,0,48,79,0,0,0,2,1,5,0
1212,6,38,canteros,74,105,1,206,97,0,0,0,48,79,0,0,0,2,,0,0
1212,6,39,canteros,74,105,1,230,113,0,0,0,48,79,0,0,0,2,,0,0
1212,6,40,canteros,74,105,1,254,128,0,0,0,48,79,0,0,0,2,,0,0
1212,6,41,canteros,74,105,1,278,125,0,0,0,30,61,0,0,0,2,,0,0
1212,6,42,canteros,74,105,1,302,122,0,0,0,30,61,0,0,0,2,,0,0
1212,6,43,canteros,74,105,1,340,119,0,0,0,30,61,0,0,0,2,1,27,0
1212,6,44,canteros,82,105,1,317,124,0,0,0,30,61,0,0,0,2,,0,0
1212,6,45,canteros,82,105,1,288,128,0,0,0,30,61,0,0,0,2,,0,0
1212,6,46,canteros,82,105,1,259,132,0,0,0,30,61,0,0,0,2,,0,0
1212,6,47,canteros,82,105,1,230,121,0,0,0,15,46,0,0,0,2,,0,0
1212,6,48,canteros,90,105,1,239,111,0,0,0,15,36,0,0,0,2,,0,0
1212,6,49,canteros,90,105,1,275,96,0,0,0,15,36,0,0,0,2,1,13,0
1212,6,50,canteros,90,105,1,237,87,0,0,0,15,36,0,0,0,2,,0,0
1212,6,51,canteros,90,105,1,198,79,0,0,0,15,36,0,0,0,2,,0,0
1212,6,52,canteros,90,105,1,171,71,0,0,0,15,35,0,0,0,2,,0,0
1212,6,53,canteros,90,105,1,185,72,0,0,0,24,44,0,0,0,2,,0,0
1212,6,54,canteros,90,105,1,209,66,0,0,0,24,54,0,0,0,2,,0,0
1212,6,55,canteros,90,105,1,199,56,0,0,0,24,54,0,0,0,2,1,14,0
1212,6,56,canteros,90,105,1,156,54,0,0,0,24,54,0,0,0,2,,0,0
1212,6,57,canteros,98,105,1,180,52,0,0,0,24,54,0,0,0,2,,0,0
1212,6,58,canteros,98,105,1,204,47,0,0,0,24,54,0,0,0,2,,0,0
1212,6,59,canteros,98,105,1,228,65,0,0,0,48,78,0,0,0,2,,0,0
1212,6,60,canteros,98,105,1,252,82,0,0,0,48,78,0,0,0,2,,0,0
1212,6,61,canteros,98,105,1,287,98,0,0,0,48,78,0,0,0,2,1,11,0
1212,6,62,canteros,98,105,1,219,118,0,0,0,48,78,0,0,0,2,,0,0
1212,6,63,canteros,98,105,1,220,137,0,0,0,48,78,0,0,0,2,,0,0
1212,6,64,canteros,98,105,1,244,155,0,0,0,48,78,0,0,0,2,,0,0
1212,6,65,canteros,98,105,1,268,151,0,0,0,30,60,0,0,0,2,,0,0
1212,6,66,canteros,98,105,1,292,147,0,0,0,30,60,0,0,0,2,,0,0
1212,6,67,canteros,98,105,1,396,141,0,0,0,30,60,0,0,0,2,1,21,0
1212,6,68,canteros,98,105,1,368,145,0,0,0,30,60,0,0,0,2,,0,0
1212,6,69,canteros,106,105,1,339,149,0,0,0,30,60,0,0,0,2,,0,0
1212,6,70,canteros,106,105,1,316,152,0,0,0,30,60,0,0,0,2,,0,0
1212,6,71,canteros,106,105,1,293,141,0,0,0,15,45,0,0,0,2,,0,0
1212,6,72,canteros,106,105,1,301,130,0,0,0,15,35,0,0,0,2,,0,0
1212,6,73,canteros,106,105,1,337,109,0,0,0,15,35,0,0,0,2,1,22,0
1212,6,74,canteros,106,105,1,304,100,0,0,0,15,35,0,0,0,2,,0,0
1212,6,75,canteros,106,105,1,265,91,0,0,0,15,35,0,0,0,2,,0,0
1212,6,76,canteros,114,105,1,226,82,0,0,0,15,35,0,0,0,2,,0,0
1212,6,77,canteros,114,105,1,188,82,0,0,0,24,44,0,0,0,2,,0,0
1212,6,78,canteros,114,105,1,207,82,0,0,0,24,54,0,0,0,2,,0,0
1212,6,79,canteros,114,105,1,216,76,0,0,0,24,54,0,0,0,2,1,9,0
1212,6,80,canteros,114,105,1,173,74,0,0,0,24,54,0,0,0,2,,0,0
1212,6,81,canteros,324,105,1,195,72,0,0,0,24,54,0,1,1,3,,0,0
1212,6,82,canteros,324,105,1,219,68,0,0,0,24,54,0,0,0,3,,0,0
1212,6,83,canteros,324,105,1,243,87,0,0,0,48,78,0,0,0,3,,0,0
1212,6,84,canteros,324,105,1,267,105,0,0,0,48,78,0,0,0,3,,0,0
1212,6,85,canteros,324,105,1,304,122,0,0,0,48,78,0,0,0,3,1,13,0
1212,6,86,canteros,324,105,1,242,138,0,0,0,43,73,0,0,0,3,,0,0
1212,6,87,canteros,324,105,1,231,153,0,0,0,43,73,0,0,0,3,,0,0
1212,6,88,canteros,324,105,1,255,168,0,0,0,43,73,0,0,0,3,,0,0
1212,6,89,canteros,324,105,1,279,163,0,0,0,27,57,0,0,0,3,,0,0
1212,6,90,canteros,324,105,1,303,158,0,0,0,27,57,0,0,0,3,,0,0
1212,6,91,canteros,324,105,1,407,149,0,0,0,27,57,0,0,0,3,1,21,0
1212,6,92,canteros,324,105,1,378,148,0,0,0,27,57,0,0,0,3,,0,0
1212,6,93,canteros,332,105,1,349,148,0,0,0,27,57,0,0,0,3,,0,0
1212,6,94,canteros,332,105,1,320,148,0,0,0,27,57,0,0,0,3,,0,0
1212,6,95,canteros,332,105,1,315,134,0,0,0,13,43,0,0,0,3,,0,0
1212,6,96,canteros,332,105,1,329,121,0,0,0,13,33,0,0,0,3,,0,0
1212,6,97,canteros,332,105,1,369,100,0,0,0,13,33,0,0,0,3,1,17,0
1212,6,98,canteros,332,105,1,342,94,0,0,0,13,33,0,0,0,3,,0,0
1212,6,99,canteros,340,105,1,315,88,0,0,0,13,33,0,0,0,3,,0,0
1212,6,100,canteros,340,105,1,288,82,0,0,0,13,33,0,0,0,3,,0,0
1212,6,101,canteros,340,105,1,261,84,0,0,0,21,41,0,0,0,3,,0,0
1212,6,102,canteros,340,105,1,244,86,0,0,0,21,51,0,0,0,3,,0,0
1212,6,103,canteros,340,105,1,263,88,0,0,0,21,51,0,0,0,3,1,9,0
1212,6,104,canteros,340,105,1,207,87,0,0,0,21,51,0,0,0,3,,0,0
1212,6,105,canteros,340,105,1,210,86,0,0,0,21,51,0,0,0,3,,0,0
1212,6,106,canteros,340,105,1,234,83,0,0,0,21,51,0,0,0,3,,0,0
1212,6,107,canteros,340,105,1,258,96,0,0,0,43,73,0,0,0,3,,0,0
1212,6,108,canteros,340,105,1,282,109,0,0,0,43,73,0,0,0,3,,0,0
1212,6,109,canteros,340,105,1,356,121,0,0,0,43,73,0,0,0,3,1,12,0
1212,6,110,canteros,340,105,1,300,140,0,0,0,43,73,0,0,0,3,,0,0
1212,6,111,canteros,340,105,1,269,158,0,0,0,43,73,0,0,0,3,,0,0
1212,6,112,canteros,340,105,1,288,175,0,0,0,43,73,0,0,0,3,,0,0
1212,6,113,canteros,340,105,1,312,170,0,0,0,27,57,0,0,0,3,,0,0
1212,6,114,canteros,340,105,1,336,165,0,0,0,27,57,0,0,0,3,,0,0
1212,6,115,canteros,340,105,1,516,156,0,0,0,27,57,0,0,0,3,1,6,0
1212,6,116,canteros,340,105,1,540,151,0,0,0,27,57,0,0,0,3,,0,0
1212,6,117,canteros,348,105,1,564,146,0,0,0,27,57,0,0,0,3,,0,0
1212,6,118,canteros,348,105,1,588,142,0,0,0,27,57,0,0,0,3,,0,0
1212,6,119,canteros,348,105,1,612,124,0,0,0,13,43,0,0,0,3,,0,0
1212,6,120,canteros,348,105,1,626,107,0,0,0,13,33,0,0,0,3,,0,0
1212,6,121,canteros,348,105,1,599,87,0,0,0,13,33,0,0,0,3,1,17,0
1212,6,122,canteros,348,105,1,572,82,0,0,0,13,33,0,0,0,3,,0,0
1212,6,123,canteros,356,105,1,545,77,0,0,0,13,33,0,0,0,3,,0,0
1212,6,124,canteros,356,105,1,518,72,0,0,0,13,33,0,0,0,3,,0,0
1212,6,125,canteros,356,105,1,491,75,0,0,0,21,41,0,0,0,3,,0,0
1212,6,126,canteros,356,105,1,474,78,0,0,0,21,51,0,0,0,3,,0,0
1212,6,127,canteros,356,105,1,495,81,0,0,0,21,51,0,0,0,3,1,17,0
1212,6,128,canteros,356,105,1,439,80,0,0,0,21,51,0,0,0,3,,0,0
1212,6,129,canteros,356,105,1,383,79,0,0,0,21,51,0,0,0,3,,0,0
1212,6,130,canteros,356,105,1,327,79,0,0,0,21,51,0,0,0,3,,0,0
1212,6,131,canteros,356,105,1,271,100,0,0,0,43,73,0,0,0,3,,0,0
1212,6,132,canteros,356,105,1,282,120,0,0,0,43,73,0,0,0,3,,0,0
1212,6,133,canteros,356,105,1,530,135,0,0,0,43,73,0,0,0,3,1,12,0
1212,6,134,canteros,356,105,1,474,153,0,0,0,43,73,0,0,0,3,,0,0
1212,6,135,canteros,356,105,1,443,171,0,0,0,43,73,0,0,0,3,,0,0
1212,6,136,canteros,356,105,1,462,188,0,0,0,43,73,0,0,0,3,,0,0
1212,6,137,canteros,356,105,1,486,183,0,0,0,27,57,0,0,0,3,,0,0
1212,6,138,canteros,356,105,1,510,177,0,0,0,27,57,0,0,0,3,,0,0
1212,6,139,canteros,356,105,1,689,167,0,0,0,27,57,0,0,0,3,1,7,0
1212,6,140,canteros,356,105,1,713,162,0,0,0,27,57,0,0,0,3,,0,0
1212,6,141,canteros,364,105,1,737,157,0,0,0,27,57,0,0,0,3,,0,0
1212,6,142,canteros,364,105,1,761,152,0,0,0,27,57,0,0,0,3,,0,0
1212,6,143,canteros,364,105,1,785,134,0,0,0,13,43,0,0,0,3,,0,0
1212,6,144,canteros,364,105,1,799,117,0,0,0,13,33,0,0,0,3,,0,0
1212,6,145,canteros,364,105,1,835,96,0,0,0,13,33,0,0,0,3,1,21,0
1212,6,146,canteros,364,105,1,820,87,0,0,0,13,33,0,0,0,3,,0,0
1212,6,147,canteros,372,105,1,805,79,0,0,0,13,33,0,0,0,3,,0,0
1212,6,148,canteros,372,105,1,790,71,0,0,0,13,33,0,0,0,3,,0,0
1212,6,149,canteros,372,105,1,763,71,0,0,0,21,41,0,0,0,3,,0,0
1212,6,150,canteros,372,105,1,746,74,0,0,0,21,51,0,0,0,3,,0,0
1212,6,151,canteros,372,105,1,823,77,0,0,0,21,51,0,0,0,3,1,22,0
1212,6,152,canteros,372,105,1,779,74,0,0,0,21,51,0,0,0,3,,0,0
1212,6,153,canteros,372,105,1,735,71,0,0,0,21,51,0,0,0,3,,0,0
1212,6,154,canteros,372,105,1,679,68,0,0,0,21,51,0,0,0,3,,0,0
1212,6,155,canteros,372,105,1,623,89,0,0,0,43,73,0,0,0,3,,0,0
1212,6,156,canteros,372,105,1,567,109,0,0,0,43,73,0,0,0,3,,0,0
1212,6,157,canteros,372,105,1,929,128,0,0,0,43,73,0,0,0,3,1,21,0
1212,6,158,canteros,372,105,1,885,144,0,0,0,43,73,0,0,0,3,,0,0
1212,6,159,canteros,372,105,1,841,159,0,0,0,43,73,0,0,0,3,,0,0
1212,6,160,canteros,372,105,1,785,173,0,0,0,43,73,0,0,0,3,,0,0
1212,6,161,canteros,372,105,1,729,175,0,0,0,27,57,0,0,0,3,,0,0
1212,6,162,canteros,372,105,1,673,176,0,0,0,27,57,0,0,0,3,,0,0
1212,6,163,canteros,372,105,1,1076,135,0,0,0,27,57,0,0,0,3,1,8,0
1212,6,164,canteros,372,105,1,1100,131,0,0,0,27,57,0,0,0,3,,0,0
1212,6,165,canteros,414,135,2,1124,127,0,0,0,27,57,0,0,0,4,,0,0
1212,6,166,canteros,414,135,2,1140,117,0,0,0,27,63,0,0,0,4,,0,0
1212,6,167,canteros,414,135,2,1156,94,0,0,0,13,49,0,0,0,4,,0,0
1212,6,168,canteros,414,135,2,1162,72,0,0,0,13,39,0,0,0,4,,0,0
1212,6,169,canteros,414,135,2,1178,45,0,0,0,13,39,0,0,0,4,1,24,0
1212,6,170,canteros,414,135,2,1155,30,0,0,0,13,39,0,1,0,4,,0,0
1212,6,171,canteros,414,135,2,1122,19,0,0,0,15,41,0,0,0,4,,0,0
1212,6,172,canteros,421,135,2,1099,7,0,0,0,15,41,1,1,0,4,,0,0
1212,6,173,canteros,420,135,2,1064,7,0,0,0,24,56,1,0,0,4,,0,0
1212,6,174,canteros,418,131,2,1039,10,0,0,0,24,65,1,0,0,4,,0,0
1212,6,175,canteros,418,131,2,1088,12,0,0,0,24,63,0,0,0,4,1,20,0
1212,6,176,canteros,418,131,2,1022,6,0,0,0,24,60,0,0,0,4,,0,0
1212,6,177,canteros,417,131,2,956,7,0,0,0,24,60,1,1,0,4,,0,0
1212,6,178,canteros,416,131,2,890,7,0,0,0,24,63,1,0,0,4,,0,0
1212,6,179,canteros,416,132,2,824,31,0,0,0,49,88,0,0,0,4,,0,0
1212,6,180,canteros,416,133,2,759,53,0,0,0,49,89,0,0,0,4,,0,0
1212,6,181,canteros,416,134,2,1032,74,0,0,0,49,89,0,0,0,4,1,24,0
1212,6,182,canteros,417,135,2,979,90,0,0,0,50,92,0,0,0,4,,0,0
1212,6,183,canteros,417,136,2,926,105,0,0,0,50,92,0,0,0,4,,0,0
1212,6,184,canteros,417,137,2,873,119,0,0,0,50,92,0,0,0,4,,0,0
1212,6,185,canteros,417,137,2,820,114,0,0,0,31,73,0,0,0,4,,0,0
1212,6,186,canteros,417,137,2,751,110,0,0,0,32,75,0,0,0,4,,0,0
1212,6,187,canteros,417,137,2,1172,106,0,0,0,32,75,0,0,0,4,1,17,0
1212,6,188,canteros,417,137,2,1142,108,0,0,0,32,75,0,0,0,4,,0,0
1212,6,189,canteros,417,137,2,1117,110,0,0,0,32,75,0,0,0,4,,0,0
1212,6,190,canteros,425,137,2,1092,112,0,0,0,32,75,0,0,0,4,,0,0
1212,6,191,canteros,425,137,2,1062,98,0,0,0,15,58,0,0,0,4,,0,0
1212,6,192,canteros,425,137,2,1027,84,0,0,0,15,48,0,0,0,4,,0,0
1212,6,193,canteros,425,137,2,1061,71,0,0,0,15,48,0,0,0,4,1,13,0
1212,6,194,canteros,425,137,2,1028,58,0,0,0,15,50,0,0,0,4,,0,0
1212,6,195,canteros,425,137,2,995,46,0,0,0,15,49,0,0,0,4,,0,0
1212,6,196,canteros,425,137,2,957,34,0,0,0,15,49,0,0,0,4,,0,0
1212,6,197,canteros,425,137,2,924,33,0,0,0,25,59,0,0,0,4,,0,0
1212,6,198,canteros,425,137,2,901,32,0,0,0,25,69,0,0,0,4,,0,0
1212,6,199,canteros,425,137,2,913,31,0,0,0,25,69,0,0,0,4,1,18,0
1212,6,200,canteros,425,137,2,850,27,0,0,0,25,69,0,0,0,4,,0,0
1212,6,1,ferrones,33,86,1,390,62,0,14,0,15,33,0,0,0,0,1,6,0
1212,6,2,ferrones,33,86,1,394,53,0,8,0,15,23,0,0,0,0,,0,0
1212,6,3,ferrones,33,86,1,398,45,0,3,0,15,23,0,0,0,0,,0,0
1212,6,4,ferrones,33,86,1,402,31,0,0,0,9,17,0,0,0,0,,0,0
1212,6,5,ferrones,33,86,1,406,12,0,0,0,4,12,0,1,0,0,,0,0
1212,6,6,ferrones,32,86,1,426,0,0,0,0,4,28,1,0,0,0,,0,0
1212,6,7,ferrones,31,86,1,352,0,0,0,0,4,28,1,0,0,0,1,26,0
1212,6,8,ferrones,29,84,1,278,3,0,0,0,4,28,1,0,0,0,,0,0
1212,6,9,ferrones,28,82,1,204,3,0,0,0,4,28,1,0,0,0,,0,0
1212,6,10,ferrones,27,80,1,155,3,0,2,0,4,28,1,0,0,0,,0,0
1212,6,11,ferrones,25,78,1,160,3,0,0,0,15,39,1,0,0,0,,0,0
1212,6,12,ferrones,24,76,1,178,1,0,0,0,8,30,1,0,0,0,,0,0
1212,6,13,ferrones,22,74,1,274,0,0,0,0,8,30,1,0,0,0,1,8,0
1212,6,14,ferrones,21,72,1,277,4,0,0,0,7,29,1,0,0,0,,0,0
1212,6,15,ferrones,20,70,1,295,1,0,0,0,7,29,1,0,0,0,,0,0
1212,6,16,ferrones,18,68,1,313,0,0,0,0,7,29,1,0,0,0,,0,0
1212,6,17,ferrones,17,66,1,329,0,0,0,0,3,23,1,0,0,0,,0,0
1212,6,18,ferrones,16,65,1,345,0,0,0,0,3,23,1,0,0,0,,0,0
1212,6,19,ferrones,14,64,1,366,0,0,0,0,3,23,1,0,0,0,1,16,0
1212,6,20,ferrones,13,63,1,310,7,0,0,0,3,15,1,0,0,0,,0,0
1212,6,21,ferrones,12,62,1,254,7,0,0,0,3,15,1,0,0,0,,0,0
1212,6,22,ferrones,11,61,1,198,7,0,0,0,3,15,1,0,0,0,,0,0
1212,6,23,ferrones,10,60,1,182,7,0,0,0,1,13,1,0,0,0,,0,0
1212,6,24,ferrones,8,59,1,191,5,0,0,0,1,13,1,0,0,0,,0,0
1212,6,25,ferrones,7,58,1,219,0,0,0,0,1,12,1,0,0,0,1,7,0
1212,6,26,ferrones,6,57,1,162,7,0,0,0,1,12,1,0,0,0,,0,0
1212,6,27,ferrones,5,56,1,170,7,0,0,0,1,12,1,0,0,0,,0,0
1212,6,28,ferrones,4,55,1,178,0,0,0,0,1,12,1,0,0,0,,0,0
1212,6,29,ferrones,2,54,1,186,0,0,0,0,2,13,1,0,0,0,,0,0
1212,6,30,ferrones,1,53,1,198,0,0,0,0,2,17,1,0,0,0,,0,0
1212,6,31,ferrones,0,52,1,149,0,0,0,0,2,17,1,0,0,0,1,11,0
1212,6,32,ferrones,-1,51,1,127,4,0,0,0,2,13,1,0,0,0,,0,0
1212,6,33,ferrones,-2,50,1,130,4,0,0,0,2,13,1,0,0,0,,0,0
1212,6,34,ferrones,-4,49,1,138,1,0,0,0,2,13,1,0,0,0,,0,0
1212,6,35,ferrones,-5,48,1,145,0,0,0,0,5,15,1,0,0,0,,0,0
1212,6,36,ferrones,-6,47,1,152,0,0,0,0,5,15,1,0,0,0,,0,0
1212,6,37,ferrones,-7,46,1,159,0,0,0,0,5,15,1,0,0,0,1,7,0
1212,6,38,ferrones,-8,45,1,151,4,0,0,0,5,15,1,0,0,0,,0,0
1212,6,39,ferrones,-10,44,1,158,3,0,0,0,5,15,1,0,0,0,,0,0
1212,6,40,ferrones,-11,43,1,165,0,0,0,0,5,15,1,0,0,0,,0,0
1212,6,41,ferrones,-12,42,1,172,0,0,0,0,3,13,1,0,0,0,,0,0
1212,6,42,ferrones,-13,41,1,179,0,0,0,0,3,13,1,0,0,0,,0,0
1212,6,43,ferrones,-14,40,1,166,0,0,0,0,3,13,1,0,0,0,1,9,0
1212,6,44,ferrones,-16,39,1,128,7,0,0,0,3,13,1,0,0,0,,0,0
1212,6,45,ferrones,-16,39,1,120,8,0,0,0,3,13,0,0,0,0,,0,0
1212,6,46,ferrones,-16,39,1,127,1,0,0,0,3,13,0,1,0,0,,0,0
1212,6,47,ferrones,-17,39,1,134,0,0,0,0,1,13,1,0,0,0,,0,0
1212,6,48,ferrones,-18,39,1,141,0,0,0,0,1,13,1,0,0,0,,0,0
1212,6,49,ferrones,-19,38,1,115,0,0,0,0,1,13,1,0,0,0,1,6,0
1212,6,50,ferrones,-20,37,1,107,7,0,0,0,1,13,1,0,0,0,,0,0
1212,6,51,ferrones,-21,36,1,114,3,0,0,0,1,13,1,0,0,0,,0,0
1212,6,52,ferrones,-22,35,1,121,0,0,0,0,1,13,1,0,0,0,,0,0
1212,6,53,ferrones,-24,34,1,128,0,0,0,0,2,14,1,0,0,0,,0,0
1212,6,54,ferrones,-25,33,1,137,0,0,0,0,2,16,1,0,0,0,,0,0
1212,6,55,ferrones,-26,32,1,92,0,0,0,0,2,16,1,0,0,0,1,6,0
1212,6,56,ferrones,-27,31,1,99,4,0,1,0,2,14,1,0,0,0,,0,0
1212,6,57,ferrones,-28,30,1,106,0,0,1,0,2,14,1,0,0,0,,0,0
1212,6,58,ferrones,-30,29,1,113,0,0,1,0,2,14,1,0,0,0,,0,0
1212,6,59,ferrones,-31,28,1,119,0,0,1,0,5,16,1,0,0,0,,0,0
1212,6,60,ferrones,-32,27,1,125,0,0,1,0,5,16,1,0,0,0,,0,0
1212,6,61,ferrones,-33,26,1,95,0,0,1,0,4,15,1,0,0,0,1,6,0
1212,6,62,ferrones,-34,25,1,86,4,0,1,0,4,15,1,0,0,0,,0,0
1212,6,63,ferrones,-34,25,1,92,5,0,0,0,4,15,0,0,0,0,,0,0
1212,6,64,ferrones,-34,25,1,98,1,0,0,0,4,15,0,1,0,0,,0,0
1212,6,65,ferrones,-35,25,1,104,0,0,0,0,2,13,1,0,0,0,,0,0
1212,6,66,ferrones,-36,25,1,110,0,0,0,0,2,13,1,0,0,0,,0,0
1212,6,67,ferrones,-38,24,1,90,0,0,0,0,2,13,1,0,0,0,1,6,0
1212,6,68,ferrones,-39,23,1,91,7,0,0,0,2,13,1,0,0,0,,0,0
1212,6,69,ferrones,-39,23,1,104,5,0,0,0,2,13,0,1,0,0,,0,0
1212,6,70,ferrones,-39,23,1,110,3,0,0,0,3,14,0,0,0,0,,0,0
1212,6,71,ferrones,-40,23,1,116,0,0,0,0,1,12,1,0,0,0,,0,0
1212,6,72,ferrones,-41,23,1,122,0,0,0,0,1,12,1,0,0,0,,0,0
1212,6,73,ferrones,-42,22,1,87,0,0,0,0,1,12,1,0,0,0,1,8,0
1212,6,74,ferrones,-43,21,1,88,7,0,0,0,1,12,1,0,0,0,,0,0
1212,6,75,ferrones,-43,21,1,79,4,0,0,0,1,12,0,0,0,0,,0,0
1212,6,76,ferrones,-44,21,1,85,0,0,0,0,1,12,1,0,0,0,,0,0
1212,6,77,ferrones,-45,21,1,91,0,0,0,0,2,13,1,1,0,0,,0,0
1212,6,78,ferrones,-46,20,1,98,0,0,0,0,1,12,1,0,0,0,,0,0
1212,6,79,ferrones,-48,19,1,92,0,0,0,0,1,12,1,0,0,0,1,7,0
1212,6,80,ferrones,-49,18,1,92,4,0,0,0,1,10,1,0,0,0,,0,0
1212,6,81,ferrones,-49,18,1,104,2,0,0,0,1,10,0,1,0,0,,0,0
1212,6,82,ferrones,-49,18,1,109,0,0,0,0,2,12,0,0,0,0,,0,0
1212,6,83,ferrones,-49,18,1,114,0,0,0,0,4,14,0,0,0,0,,0,0
1212,6,84,ferrones,-49,18,1,119,1,0,0,0,5,15,0,0,0,0,,0,0
1212,6,85,ferrones,-49,18,1,74,2,0,0,0,5,15,0,0,0,0,1,7,0
1212,6,86,ferrones,-49,18,1,74,5,0,0,0,5,15,0,1,0,0,,0,0
1212,6,87,ferrones,-49,18,1,79,6,0,0,0,4,14,0,0,0,0,,0,0
1212,6,88,ferrones,-49,18,1,84,6,0,0,0,4,14,0,0,0,0,,0,0
1212,6,89,ferrones,-49,18,1,89,5,0,0,0,3,13,0,0,0,0,,0,0
1212,6,90,ferrones,-49,18,1,94,4,0,0,0,3,13,0,0,0,0,,0,0
1212,6,91,ferrones,-49,18,1,92,3,0,0,0,3,13,0,1,0,0,1,4,0
1212,6,92,ferrones,-49,18,1,97,9,0,0,0,4,15,0,0,0,0,,0,0
1212,6,93,ferrones,-49,18,1,102,9,0,0,0,4,15,0,0,0,0,,0,0
1212,6,94,ferrones,-49,18,1,107,9,0,0,0,4,15,0,0,0,0,,0,0
1212,6,95,ferrones,-49,18,1,112,7,0,0,0,2,13,0,0,0,0,,0,0
1212,6,96,ferrones,-49,18,1,117,5,0,0,0,2,13,0,0,0,0,,0,0
1212,6,97,ferrones,-49,18,1,46,3,0,0,0,2,13,0,0,0,0,1,5,0
1212,6,98,ferrones,-50,18,1,51,7,0,0,0,2,13,1,0,0,0,,0,0
1212,6,99,ferrones,-50,18,1,56,3,0,0,0,2,13,0,0,0,0,,0,0
1212,6,100,ferrones,-51,18,1,61,0,0,0,0,2,13,1,0,0,0,,0,0
1212,6,101,ferrones,-52,18,1,66,0,0,0,0,3,14,1,0,0,0,,0,0
1212,6,102,ferrones,-53,17,1,72,0,0,0,0,3,15,1,1,0,0,,0,0
1212,6,103,ferrones,-54,16,1,84,0,0,0,2,2,15,1,0,0,0,1,3,0
1212,6,104,ferrones,-55,15,1,90,2,0,0,3,2,14,1,0,0,0,,0,0
1212,6,105,ferrones,-55,15,1,96,1,0,0,4,2,14,0,0,0,0,,0,0
1212,6,106,ferrones,-55,15,1,102,0,0,0,5,2,14,0,0,0,0,,0,0
1212,6,107,ferrones,-55,15,1,108,1,0,0,6,4,16,0,0,0,0,,0,0
1212,6,108,ferrones,-55,15,1,114,2,0,0,7,4,16,0,0,0,0,,0,0
1212,6,109,ferrones,-55,15,1,85,3,0,0,8,4,16,0,0,0,0,1,6,0
1212,6,110,ferrones,-55,15,1,76,8,0,0,9,4,16,0,0,0,0,,0,0
1212,6,111,ferrones,-55,15,1,82,12,0,0,10,4,16,0,0,0,0,,0,0
1212,6,112,ferrones,-55,15,1,88,13,0,0,11,4,16,0,0,0,0,,0,0
1212,6,113,ferrones,-55,15,1,94,12,0,0,12,2,14,0,0,0,0,,0,0
1212,6,114,ferrones,-55,15,1,100,11,0,0,13,2,14,0,0,0,0,,0,0
1212,6,115,ferrones,-55,15,1,86,10,0,0,14,2,14,0,0,0,0,1,5,0
1212,6,116,ferrones,-55,15,1,87,16,0,0,15,2,14,0,0,0,0,,0,0
1212,6,117,ferrones,-55,15,1,93,16,0,0,16,2,14,0,0,0,0,,0,0
1212,6,118,ferrones,-55,15,1,99,15,0,0,17,2,14,0,0,0,0,,0,0
1212,6,119,ferrones,-55,15,1,105,13,0,0,18,1,13,0,0,0,0,,0,0
1212,6,120,ferrones,-55,15,1,110,11,0,0,19,1,12,0,0,0,0,,0,0
1212,6,121,ferrones,-55,15,1,79,9,0,0,20,1,12,0,0,0,0,1,4,0
1212,6,122,ferrones,-55,15,1,84,14,0,0,21,1,12,0,0,0,0,,0,0
1212,6,123,ferrones,-55,15,1,89,12,0,0,22,1,12,0,0,0,0,,0,0
1212,6,124,ferrones,-55,15,1,94,10,0,0,23,1,12,0,0,0,0,,0,0
1212,6,125,ferrones,-55,15,1,99,9,0,0,24,2,13,0,0,0,0,,0,0
1212,6,126,ferrones,-55,15,1,105,8,0,0,25,2,14,0,0,0,0,,0,0
1212,6,127,ferrones,-55,15,1,101,7,0,0,13,2,14,0,0,0,0,1,8,0
1212,6,128,ferrones,-55,15,1,87,7,0,0,12,2,13,0,0,0,0,,0,0
1212,6,129,ferrones,-55,15,1,93,10,0,0,12,2,14,0,0,0,0,,0,0
1212,6,130,ferrones,-55,15,1,99,9,0,0,12,2,14,0,0,0,0,,0,0
1212,6,131,ferrones,-55,15,1,105,10,0,0,11,4,15,0,0,0,0,,0,0
1212,6,132,ferrones,-55,15,1,111,11,0,0,11,4,16,0,0,0,0,,0,0
1212,6,133,ferrones,-55,15,1,193,12,0,0,10,4,15,0,0,0,0,1,6,0
1212,6,134,ferrones,-55,15,1,189,17,0,0,10,4,16,0,0,0,0,,0,0
1212,6,135,ferrones,-55,15,1,195,20,0,0,10,4,16,0,0,0,0,,0,0
1212,6,136,ferrones,-55,15,1,201,21,0,0,10,4,16,0,0,0,0,,0,0
1212,6,137,ferrones,-55,15,1,207,21,0,0,9,3,14,0,0,0,0,,0,0
1212,6,138,ferrones,-55,15,1,213,21,0,0,9,3,15,0,0,0,0,,0,0
1212,6,139,ferrones,-55,15,1,176,21,0,0,8,3,14,0,0,0,0,1,10,0
1212,6,140,ferrones,-55,15,1,125,24,0,0,8,3,15,0,0,0,0,,0,0
1212,6,141,ferrones,-55,15,1,92,27,0,0,8,3,15,0,0,0,0,,0,0
1212,6,142,ferrones,-55,15,1,98,29,0,0,8,3,15,0,0,0,0,,0,0
1212,6,143,ferrones,-55,15,1,104,26,0,0,8,1,13,0,0,0,0,,0,0
1212,6,144,ferrones,-55,15,1,109,24,0,0,8,1,12,0,0,0,0,,0,0
1212,6,145,ferrones,-55,15,1,110,22,0,0,8,1,12,0,0,0,0,1,3,0
1212,6,146,ferrones,-55,15,1,115,20,0,0,8,1,12,0,0,0,0,,0,0
1212,6,147,ferrones,-55,15,1,120,18,0,0,8,1,12,0,0,0,0,,0,0
1212,6,148,ferrones,-55,15,1,125,16,0,0,8,1,12,0,0,0,0,,0,0
1212,6,149,ferrones,-55,15,1,130,15,0,0,8,2,13,0,0,0,0,,0,0
1212,6,150,ferrones,-55,15,1,136,14,0,0,8,2,14,0,0,0,0,,0,0
1212,6,151,ferrones,-55,15,1,91,13,0,0,8,2,14,0,0,0,0,1,8,0
1212,6,152,ferrones,-55,15,1,87,16,0,1,8,2,14,0,0,0,0,,0,0
1212,6,153,ferrones,-55,15,1,93,17,0,0,8,2,14,0,0,0,0,,0,0
1212,6,154,ferrones,-55,15,1,99,16,0,0,8,2,14,0,0,0,0,,0,0
1212,6,155,ferrones,-55,15,1,105,17,0,0,7,4,15,0,0,0,0,,0,0
1212,6,156,ferrones,-55,15,1,111,18,0,0,7,4,16,0,0,0,0,,0,0
1212,6,157,ferrones,-55,15,1,93,19,0,0,6,4,15,0,0,0,0,1,6,0
1212,6,158,ferrones,-55,15,1,89,24,0,0,6,4,16,0,0,0,0,,0,0
1212,6,159,ferrones,-55,15,1,95,26,0,0,6,4,16,0,0,0,0,,0,0
1212,6,160,ferrones,-55,15,1,101,26,0,0,6,4,16,0,0,0,0,,0,0
1212,6,161,ferrones,-55,15,1,107,25,0,0,5,3,14,0,0,0,0,,0,0
1212,6,162,ferrones,-55,15,1,113,24,0,0,5,3,15,0,0,0,0,,0,0
1212,6,163,ferrones,-55,15,1,85,24,0,0,4,3,14,0,0,0,0,1,3,0
1212,6,164,ferrones,-55,15,1,91,24,0,0,4,3,15,0,0,0,0,,0,0
1212,6,165,ferrones,-55,15,1,97,24,0,0,4,3,15,0,0,0,0,,0,0
1212,6,166,ferrones,-55,15,1,103,24,0,0,4,3,15,0,0,0,0,,0,0
1212,6,167,ferrones,-55,15,1,109,22,0,0,4,1,13,0,0,0,0,,0,0
1212,6,168,ferrones,-55,15,1,114,20,0,0,4,1,12,0,0,0,0,,0,0
1212,6,169,ferrones,-55,15,1,83,18,0,0,3,1,11,0,0,0,0,1,4,0
1212,6,170,ferrones,-55,15,1,88,20,0,0,3,1,12,0,0,0,0,,0,0
1212,6,171,ferrones,-55,15,1,93,18,0,0,3,1,12,0,0,0,0,,0,0
1212,6,172,ferrones,-55,15,1,98,16,0,0,3,1,12,0,0,0,0,,0,0
1212,6,173,ferrones,-55,15,1,103,15,0,0,2,2,12,0,0,0,0,,0,0
1212,6,174,ferrones,-55,15,1,109,14,0,0,2,2,14,0,0,0,0,,0,0
1212,6,175,ferrones,-55,15,1,92,13,0,0,1,2,13,0,0,0,0,1,6,0
1212,6,176,ferrones,-55,15,1,88,16,0,0,1,2,14,0,0,0,0,,0,0
1212,6,177,ferrones,-55,15,1,94,17,0,0,1,2,14,0,0,0,0,,0,0
1212,6,178,ferrones,-55,15,1,100,16,0,0,1,2,14,0,0,0,0,,0,0
1212,6,179,ferrones,-55,15,1,106,17,0,0,0,4,15,0,0,0,0,,0,0
1212,6,180,ferrones,-55,15,1,112,18,0,0,0,4,16,0,0,0,0,,0,0
1212,6,181,ferrones,-55,15,1,94,19,0,0,0,4,15,0,0,0,0,1,6,0
1212,6,182,ferrones,-55,15,1,90,24,0,0,0,4,16,0,0,0,0,,0,0
1212,6,183,ferrones,-55,15,1,96,26,0,0,0,4,16,0,0,0,0,,0,0
1212,6,184,ferrones,-55,15,1,102,26,0,0,0,4,15,0,0,0,0,,0,0
1212,6,185,ferrones,-55,15,1,108,25,0,0,0,3,15,0,0,0,0,,0,0
1212,6,186,ferrones,-55,15,1,114,24,0,0,0,3,14,0,0,0,0,,0,0
1212,6,187,ferrones,-55,15,1,80,24,0,0,0,3,15,0,0,0,0,1,3,0
1212,6,188,ferrones,-55,15,1,86,24,0,0,0,3,14,0,0,0,0,,0,0
1212,6,189,ferrones,-55,15,1,92,24,0,0,0,3,15,0,0,0,0,,0,0
1212,6,190,ferrones,-55,15,1,98,24,0,0,0,3,15,0,0,0,0,,0,0
1212,6,191,ferrones,-55,15,1,104,22,0,0,0,1,13,0,0,0,0,,0,0
1212,6,192,ferrones,-55,15,1,109,20,0,0,0,1,12,0,0,0,0,,0,0
1212,6,193,ferrones,-55,15,1,86,18,0,0,0,1,12,0,0,0,0,1,6,0
1212,6,194,ferrones,-55,15,1,86,20,0,0,0,1,12,0,0,0,0,,0,0
1212,6,195,ferrones,-55,15,1,91,19,0,0,0,1,12,0,0,0,0,,0,0
1212,6,196,ferrones,-55,15,1,96,17,0,0,0,1,12,0,0,0,0,,0,0
1212,6,197,ferrones,-55,15,1,101,16,0,0,0,2,12,0,0,0,0,,0,0
1212,6,198,ferrones,-55,15,1,107,15,0,0,0,2,14,0,0,0,0,,0,0
1212,6,199,ferrones,-55,15,1,89,14,0,0,0,2,13,0,0,0,0,1,6,0
1212,6,200,ferrones,-55,15,1,90,17,0,0,0,2,14,0,0,0,0,,0,0
1212,6,1,hortelanos,39,116,1,40,67,0,0,0,29,53,0,0,0,0,1,4,0
1212,6,2,hortelanos,39,116,1,47,63,0,0,0,29,40,0,0,0,0,,0,0
1212,6,3,hortelanos,39,116,1,54,59,0,0,0,29,40,0,0,0,0,,0,0
1212,6,4,hortelanos,39,116,1,61,55,0,0,0,29,40,0,0,0,0,,0,0
1212,6,5,hortelanos,39,116,1,68,63,0,0,0,41,52,0,1,0,0,,0,0
1212,6,6,hortelanos,39,116,1,94,72,0,0,0,41,71,0,0,0,0,,0,0
1212,6,7,hortelanos,38,112,1,100,68,0,0,0,41,71,0,0,0,0,1,11,0
1212,6,8,hortelanos,106,112,1,126,78,0,0,0,41,71,0,0,0,1,,0,0
1212,6,9,hortelanos,106,112,1,152,88,0,0,0,41,71,0,0,0,1,,0,0
1212,6,10,hortelanos,121,112,1,178,93,0,0,0,41,71,0,0,0,2,,0,0
1212,6,11,hortelanos,129,112,1,204,147,0,0,0,88,118,0,0,0,2,,0,0
1212,6,12,hortelanos,129,112,1,230,199,0,0,0,88,118,0,0,0,2,,0,0
1212,6,13,hortelanos,128,108,1,155,236,0,0,0,88,118,0,0,0,2,1,21,0
1212,6,14,hortelanos,128,108,1,98,282,0,2,0,88,116,0,0,0,2,,0,0
1212,6,15,hortelanos,128,108,1,115,321,0,4,0,88,116,0,0,0,2,,0,0
1212,6,16,hortelanos,128,108,1,139,357,0,4,0,88,116,0,0,0,2,,0,0
1212,6,17,hortelanos,128,108,1,163,353,0,4,0,48,76,0,0,0,2,,0,0
1212,6,18,hortelanos,128,108,1,187,350,0,4,0,48,76,0,0,0,2,,0,0
1212,6,19,hortelanos,128,108,1,277,354,0,4,0,48,76,0,0,0,2,1,27,0
1212,6,20,hortelanos,136,108,1,241,357,0,4,0,48,76,0,0,0,2,,0,0
1212,6,21,hortelanos,136,108,1,258,354,0,4,0,48,76,0,0,0,2,,0,0
1212,6,22,hortelanos,136,108,1,282,349,0,4,0,48,76,0,0,0,2,,0,0
1212,6,23,hortelanos,144,108,1,306,327,0,4,0,29,57,0,0,0,2,,0,0
1212,6,24,hortelanos,144,108,1,320,306,0,4,0,29,47,0,0,0,2,,0,0
1212,6,25,hortelanos,144,108,1,418,273,0,4,0,29,47,0,0,0,2,1,24,0
1212,6,26,hortelanos,144,108,1,425,255,0,4,0,29,47,0,0,0,2,,0,0
1212,6,27,hortelanos,144,108,1,432,238,0,4,0,29,47,0,0,0,2,,0,0
1212,6,28,hortelanos,144,108,1,439,222,0,4,0,29,47,0,0,0,2,,0,0
1212,6,29,hortelanos,144,108,1,446,218,0,4,0,41,59,0,0,0,2,,0,0
1212,6,30,hortelanos,144,108,1,463,214,0,4,0,41,69,0,0,0,2,,0,0
1212,6,31,hortelanos,144,108,1,551,204,0,4,0,41,69,0,0,0,2,1,33,0
1212,6,32,hortelanos,152,108,1,505,207,0,4,0,41,69,0,0,0,2,,0,0
1212,6,33,hortelanos,152,108,1,459,210,0,4,0,41,69,0,0,0,2,,0,0
1212,6,34,hortelanos,152,108,1,413,212,0,4,0,41,69,0,0,0,2,,0,0
1212,6,35,hortelanos,160,108,1,367,243,0,4,0,71,99,0,0,0,2,,0,0
1212,6,36,hortelanos,160,108,1,341,271,0,4,0,71,99,0,0,0,2,,0,0
1212,6,37,hortelanos,160,108,1,453,289,0,2,0,71,99,0,0,0,2,1,21,0
1212,6,38,hortelanos,160,108,1,407,317,0,2,0,71,99,0,0,0,2,,0,0
1212,6,39,hortelanos,160,108,1,361,344,0,2,0,71,99,0,0,0,2,,0,0
1212,6,40,hortelanos,160,108,1,315,370,0,2,0,71,99,0,0,0,2,,0,0
1212,6,41,hortelanos,160,108,1,339,366,0,2,0,48,76,0,0,0,2,,0,0
1212,6,42,hortelanos,160,108,1,363,362,0,2,0,48,76,0,0,0,2,,0,0
1212,6,43,hortelanos,161,112,1,482,365,0,2,0,48,76,0,0,0,2,1,23,0
1212,6,44,hortelanos,161,112,1,438,367,0,2,0,48,78,0,0,0,2,,0,0
1212,6,45,hortelanos,161,112,1,394,369,0,2,0,48,78,0,0,0,2,,0,0
1212,6,46,hortelanos,161,112,1,350,371,0,2,0,48,78,0,0,0,2,,0,0
1212,6,47,hortelanos,161,112,1,356,350,0,2,0,29,59,0,0,0,2,,0,0
1212,6,48,hortelanos,161,112,1,371,327,0,2,0,29,48,0,0,0,2,,0,0
1212,6,49,hortelanos,160,108,1,428,253,0,2,0,29,48,0,0,0,2,1,24,0
1212,6,50,hortelanos,160,108,1,372,242,0,2,0,29,47,0,0,0,2,,0,0
1212,6,51,hortelanos,255,193,2,316,232,0,2,0,29,47,0,0,0,3,,0,0
1212,6,52,hortelanos,255,193,2,269,202,0,2,0,29,63,0,0,0,3,,0,0
1212,6,53,hortelanos,255,193,2,262,181,0,2,0,41,75,0,0,0,3,,0,0
1212,6,54,hortelanos,255,193,2,295,158,0,2,0,41,85,0,0,0,3,,0,0
1212,6,55,hortelanos,255,193,2,408,138,0,2,0,41,85,0,0,0,3,1,24,0
1212,6,56,hortelanos,255,193,2,415,132,0,2,0,49,93,0,3,0,3,,0,0
1212,6,57,hortelanos,263,193,2,412,158,0,2,0,73,117,0,0,0,3,,0,0
1212,6,58,hortelanos,263,193,2,409,186,0,2,0,73,117,0,0,0,3,,0,0
1212,6,59,hortelanos,263,193,2,406,248,0,2,0,109,153,0,0,0,3,,0,0
1212,6,60,hortelanos,263,193,2,403,324,0,2,0,127,171,0,0,0,3,,0,0
1212,6,61,hortelanos,263,193,2,423,342,0,0,0,127,171,0,0,0,3,1,41,0
1212,6,62,hortelanos,264,197,2,409,398,0,0,0,127,171,0,2,0,3,,0,0
1212,6,63,hortelanos,314,255,3,395,454,0,0,0,127,174,0,0,0,4,,0,0
1212,6,64,hortelanos,322,257,3,387,495,0,0,0,127,186,0,0,0,4,,0,0
1212,6,65,hortelanos,322,258,3,379,501,0,0,0,93,152,0,0,0,4,,0,0
1212,6,66,hortelanos,322,258,3,373,493,0,0,0,82,143,0,0,0,4,,0,0
1212,6,67,hortelanos,330,258,3,403,450,0,0,0,82,143,0,0,0,4,1,23,0
1212,6,68,hortelanos,330,258,3,374,443,0,0,0,82,143,0,2,0,4,,0,0
1212,6,69,hortelanos,347,300,4,335,462,0,0,0,106,167,0,0,0,4,,0,0
1212,6,70,hortelanos,348,305,4,305,467,0,0,0,106,175,0,2,0,4,,0,0
1212,6,71,hortelanos,357,310,4,305,449,0,0,0,83,152,0,0,0,4,,0,0
1212,6,72,hortelanos,358,315,4,335,425,0,0,0,83,142,0,0,0,4,,0,0
1212,6,73,hortelanos,359,320,4,420,370,0,0,0,83,142,0,1,0,4,1,36,0
1212,6,74,hortelanos,360,325,4,406,357,0,0,0,83,149,0,0,0,4,,0,0
1212,6,75,hortelanos,386,415,5,377,343,0,0,0,83,149,0,1,0,4,,0,0
1212,6,76,hortelanos,386,415,5,364,312,0,0,0,87,171,0,0,0,4,,0,0
1212,6,77,hortelanos,386,415,5,361,294,0,0,0,101,185,0,1,0,4,,0,0
1212,6,78,hortelanos,386,415,5,378,281,0,0,0,105,199,0,1,0,4,,0,0
1212,6,79,hortelanos,386,415,5,421,230,0,0,0,105,199,0,1,0,4,1,35,0
1212,6,80,hortelanos,386,415,5,376,218,0,2,0,105,203,0,1,0,4,,0,0
1212,6,81,hortelanos,409,450,6,336,212,0,4,0,110,208,0,1,0,4,,0,0
1212,6,82,hortelanos,410,455,6,318,201,0,6,0,115,219,0,1,0,4,,0,0
1212,6,83,hortelanos,411,461,6,370,224,0,2,0,151,255,0,1,0,4,,0,0
1212,6,84,hortelanos,412,468,6,424,240,0,2,0,151,260,0,0,0,4,,0,0
1212,6,85,hortelanos,414,475,6,533,259,0,2,0,151,260,0,1,0,4,1,37,0
1212,6,86,hortelanos,415,480,6,541,279,0,2,0,151,262,0,1,0,4,,0,0
1212,6,87,hortelanos,415,484,6,541,302,0,2,0,155,268,0,0,0,4,,0,0
1212,6,88,hortelanos,416,489,6,553,321,0,2,0,155,270,0,1,0,4,,0,0
1212,6,89,hortelanos,417,494,6,565,318,0,2,0,134,249,0,1,0,4,,0,0
1212,6,90,hortelanos,418,499,6,569,316,0,2,0,134,251,0,0,0,4,,0,0
1212,6,91,hortelanos,420,508,6,703,316,0,2,0,134,251,0,1,0,4,1,31,0
1212,6,92,hortelanos,421,513,6,717,314,0,2,0,140,257,0,1,0,4,,0,0
1212,6,93,hortelanos,422,519,6,725,320,0,2,0,147,268,0,0,0,4,,0,0
1212,6,94,hortelanos,424,525,6,733,323,0,2,0,147,268,0,1,0,4,,0,0
1212,6,95,hortelanos,424,525,6,751,299,0,2,0,121,242,0,0,0,4,,0,0
1212,6,96,hortelanos,424,525,6,759,276,0,2,0,121,232,0,1,0,4,,0,0
1212,6,97,hortelanos,423,521,6,820,249,0,2,0,124,235,0,0,0,4,1,26,0
1212,6,98,hortelanos,423,521,6,831,235,0,2,0,124,235,0,0,0,4,,0,0
1212,6,99,hortelanos,423,521,6,842,221,0,2,0,124,235,0,0,0,4,,0,0
1212,6,100,hortelanos,423,521,6,853,208,0,2,0,124,235,0,0,0,4,,0,0
1212,6,101,hortelanos,423,524,6,864,217,0,2,0,146,257,0,0,0,4,,0,0
1212,6,102,hortelanos,424,526,6,887,224,0,2,0,146,269,0,0,0,4,,0,0
1212,6,103,hortelanos,424,528,6,980,231,0,2,0,146,269,0,0,0,4,1,25,0
1212,6,104,hortelanos,424,528,6,855,237,0,2,0,146,271,0,0,0,4,,0,0
1212,6,105,hortelanos,424,528,6,880,241,0,2,0,146,271,0,0,0,4,,0,0
1212,6,106,hortelanos,424,528,6,899,256,0,2,0,158,283,0,0,0,4,,0,0
1212,6,107,hortelanos,424,528,6,924,328,0,2,0,218,343,0,0,0,4,,0,0
1212,6,108,hortelanos,424,528,6,942,397,0,2,0,218,343,0,0,0,4,,0,0
1212,6,109,hortelanos,424,528,6,1081,460,0,0,0,218,343,0,0,0,4,1,29,0
1212,6,110,hortelanos,432,528,6,1093,523,0,0,0,218,343,0,0,0,4,,0,0
1212,6,111,hortelanos,432,528,6,1105,583,0,0,0,218,343,0,0,0,4,,0,0
1212,6,112,hortelanos,432,528,6,1117,641,0,0,0,218,343,0,0,0,4,,0,0
1212,6,113,hortelanos,432,528,6,1136,653,0,0,0,173,298,0,0,0,4,,0,0
1212,6,114,hortelanos,432,528,6,1149,665,0,0,0,173,298,0,0,0,4,,0,0
1212,6,115,hortelanos,432,528,6,1257,636,0,0,0,173,298,0,0,0,4,1,35,0
1212,6,116,hortelanos,440,528,6,1269,648,0,0,0,173,298,0,0,0,4,,0,0
1212,6,117,hortelanos,461,593,7,1288,660,0,0,0,173,298,0,0,0,4,,0,0
1212,6,118,hortelanos,461,593,7,1304,656,0,0,0,173,310,0,0,0,4,,0,0
1212,6,119,hortelanos,461,593,7,1324,614,0,0,0,135,272,0,0,0,4,,0,0
1212,6,120,hortelanos,469,593,7,1333,576,0,0,0,135,262,0,0,0,4,,0,0
1212,6,121,hortelanos,469,593,7,1407,501,0,0,0,135,262,0,0,0,4,1,30,0
1212,6,122,hortelanos,469,593,7,1416,463,0,0,0,135,262,0,0,0,4,,0,0
1212,6,123,hortelanos,491,663,8,1426,427,0,0,0,135,262,0,2,0,4,,0,0
1212,6,124,hortelanos,491,663,8,1439,403,0,0,0,159,300,0,0,0,4,,0,0
1212,6,125,hortelanos,491,663,8,1455,400,0,0,0,182,323,0,0,0,4,,0,0
1212,6,126,hortelanos,492,666,8,1474,397,0,0,0,182,333,0,1,0,4,,0,0
1212,6,127,hortelanos,492,669,8,1546,354,0,0,0,182,333,0,0,0,4,1,46,0
1212,6,128,hortelanos,501,672,8,1553,348,0,2,0,182,335,0,2,0,4,,0,0
1212,6,129,hortelanos,520,727,9,1560,357,0,4,0,194,347,0,0,0,4,,0,0
1212,6,130,hortelanos,521,732,9,1570,351,0,6,0,194,357,0,0,0,4,,0,0
1212,6,131,hortelanos,522,738,9,1575,436,0,6,0,289,454,0,0,0,4,,0,0
1212,6,132,hortelanos,523,744,9,1587,470,0,8,0,240,405,0,0,0,4,,0,0
1212,6,133,hortelanos,532,748,9,1740,502,0,8,0,240,405,0,0,0,4,1,30,0
1212,6,134,hortelanos,532,748,9,1770,528,0,8,0,240,409,0,2,0,4,,0,0
1212,6,135,hortelanos,532,748,9,1787,573,0,8,0,257,426,0,0,0,4,,0,0
1212,6,136,hortelanos,532,748,9,1818,612,0,8,0,257,426,0,2,0,4,,0,0
1212,6,137,hortelanos,532,748,9,1830,599,0,8,0,200,369,0,0,0,4,,0,0
1212,6,138,hortelanos,532,748,9,1860,616,0,8,0,233,402,0,1,0,4,,0,0
1212,6,139,hortelanos,533,752,9,1988,640,0,8,0,236,405,0,0,0,4,1,26,0
1212,6,140,hortelanos,533,752,9,2018,659,0,8,0,236,405,0,0,0,4,,0,0
1212,6,141,hortelanos,533,752,9,2048,677,0,8,0,236,405,0,0,0,4,,0,0
1212,6,142,hortelanos,533,752,9,2085,695,0,8,0,236,405,0,0,0,4,,0,0
1212,6,143,hortelanos,533,752,9,2119,664,0,8,0,186,355,0,0,0,4,,0,0
1212,6,144,hortelanos,533,752,9,2146,634,0,8,0,186,345,0,0,0,4,,0,0
1212,6,145,hortelanos,692,748,9,2225,594,0,8,0,186,345,0,1,1,5,1,26,0
1212,6,146,hortelanos,693,751,9,2252,618,0,8,0,238,397,0,1,0,5,,0,0
1212,6,147,hortelanos,693,754,9,2279,643,0,8,0,238,397,0,0,0,5,,0,0
1212,6,148,hortelanos,694,757,9,2306,666,0,8,0,238,397,0,0,0,5,,0,0
1212,6,149,hortelanos,695,760,9,2333,700,0,8,0,254,413,0,0,0,5,,0,0
1212,6,150,hortelanos,695,764,9,2362,732,0,8,0,254,425,0,1,0,5,,0,0
1212,6,151,hortelanos,696,768,9,2477,757,0,8,0,254,425,0,1,0,5,1,31,0
1212,6,152,hortelanos,697,772,9,2517,835,0,8,0,304,480,0,0,0,5,,0,0
1212,6,153,hortelanos,706,776,9,2557,909,0,8,0,304,480,0,0,0,5,,0,0
1212,6,154,hortelanos,707,780,9,2587,979,0,8,0,304,480,0,0,0,5,,0,0
1212,6,155,hortelanos,707,784,9,2629,1093,0,8,0,356,534,0,1,0,5,,0,0
1212,6,156,hortelanos,708,788,9,2671,1203,0,8,0,356,534,0,0,0,5,,0,0
1212,6,157,hortelanos,709,792,9,2794,1306,0,6,0,356,536,0,0,0,5,1,30,0
1212,6,158,hortelanos,718,796,9,2829,1401,0,6,0,356,536,0,0,0,5,,0,0
1212,6,159,hortelanos,718,798,9,2874,1489,0,6,0,356,536,0,1,0,5,,0,0
1212,6,160,hortelanos,718,798,9,2921,1574,0,2,0,356,538,0,0,0,5,,0,0
1212,6,161,hortelanos,718,798,9,2968,1620,0,2,0,317,499,0,0,0,5,,0,0
1212,6,162,hortelanos,726,798,9,3014,1666,0,2,0,317,499,0,0,0,5,,0,0
1212,6,163,hortelanos,726,798,9,3152,1707,0,2,0,317,499,0,0,0,5,1,24,0
1212,6,164,hortelanos,726,798,9,3179,1745,0,2,0,317,499,0,0,0,5,,0,0
1212,6,165,hortelanos,726,798,9,3206,1786,0,2,0,317,499,0,0,0,5,,0,0
1212,6,166,hortelanos,726,798,9,3233,1825,0,2,0,317,499,0,0,0,5,,0,0
1212,6,167,hortelanos,726,798,9,3260,1832,0,2,0,285,467,0,0,0,5,,0,0
1212,6,168,hortelanos,726,798,9,3277,1839,0,2,0,285,457,0,0,0,5,,0,0
1212,6,169,hortelanos,726,798,9,3416,1793,0,2,0,285,457,0,0,0,5,1,29,0
1212,6,170,hortelanos,726,798,9,3433,1801,0,2,0,285,457,0,0,0,5,,0,0
1212,6,171,hortelanos,756,868,10,3450,1809,0,2,0,285,457,0,0,0,5,,0,0
1212,6,172,hortelanos,756,868,10,3469,1799,0,2,0,285,471,0,0,0,5,,0,0
1212,6,173,hortelanos,756,868,10,3488,1808,0,2,0,304,490,0,0,0,5,,0,0
1212,6,174,hortelanos,756,868,10,3517,1817,0,2,0,304,500,0,0,0,5,,0,0
1212,6,175,hortelanos,756,868,10,3659,1785,0,2,0,304,500,0,0,0,5,1,29,0
1212,6,176,hortelanos,756,868,10,3688,1791,0,2,0,304,500,0,2,0,5,,0,0
1212,6,177,hortelanos,782,915,11,3707,1814,0,2,0,318,514,0,0,0,5,,0,0
1212,6,178,hortelanos,783,920,11,3729,1821,0,2,0,318,522,0,2,0,5,,0,0
1212,6,179,hortelanos,784,925,11,3751,1880,0,2,0,370,574,0,0,0,5,,0,0
1212,6,180,hortelanos,785,930,11,3775,1934,0,2,0,370,576,0,1,0,5,,0,0
1212,6,181,hortelanos,786,935,11,3873,1985,0,1,0,370,576,0,0,0,5,1,27,0
1212,6,182,hortelanos,787,941,11,3899,2031,0,1,0,370,578,0,2,0,5,,0,0
1212,6,183,hortelanos,796,947,11,3915,2085,0,1,0,379,587,0,0,0,5,,0,0
1212,6,184,hortelanos,797,952,11,3943,2134,0,1,0,379,589,0,1,0,5,,0,0
1212,6,185,hortelanos,798,956,11,3973,2144,0,1,0,340,552,0,0,0,5,,0,0
1212,6,186,hortelanos,799,960,11,4003,2153,0,1,0,340,552,0,0,0,5,,0,0
1212,6,187,hortelanos,799,964,11,4011,2106,0,1,0,340,554,0,0,0,5,1,32,0
1212,6,188,hortelanos,801,971,11,4036,2105,0,1,0,340,554,0,2,0,5,,0,0
1212,6,189,hortelanos,829,1030,12,4063,2114,0,1,0,344,564,0,0,0,5,,0,0
1212,6,190,hortelanos,830,1039,12,4087,2105,0,1,0,344,574,0,0,0,5,,0,0
1212,6,191,hortelanos,832,1046,12,4115,2067,0,1,0,312,542,0,0,0,5,,0,0
1212,6,192,hortelanos,833,1051,12,4136,2029,0,1,0,312,536,0,0,0,5,,0,0
1212,6,193,hortelanos,834,1056,12,4313,1935,0,1,0,312,536,0,0,0,5,1,35,0
1212,6,194,hortelanos,834,1059,12,4397,1885,0,1,0,312,538,0,0,0,5,,0,0
1212,6,195,hortelanos,863,1123,13,4482,1837,0,1,0,312,540,0,2,0,5,,0,0
1212,6,196,hortelanos,864,1127,13,4561,1795,0,1,0,324,564,0,0,0,5,,0,0
1212,6,197,hortelanos,864,1128,13,4650,1766,0,1,0,343,583,0,0,0,5,,0,0
1212,6,198,hortelanos,864,1128,13,4751,1742,0,1,0,343,595,0,1,0,5,,0,0
1212,6,199,hortelanos,864,1128,13,4867,1687,0,1,0,344,596,0,0,0,5,1,30,0
1212,6,200,hortelanos,864,1128,13,4905,1669,0,2,0,344,596,0,2,0,5,,0,0
1212,6,1,mercaderes,39,116,1,468,49,0,0,0,11,43,0,0,0,0,1,3,0
1212,6,2,mercaderes,39,116,1,483,30,0,0,0,11,30,0,0,0,0,,0,0
1212,6,3,mercaderes,39,116,1,498,12,0,0,0,11,30,0,0,0,0,,0,0
1212,6,4,mercaderes,38,116,1,513,0,0,0,0,11,30,1,0,0,0,,0,0
1212,6,5,mercaderes,37,116,1,528,0,0,0,0,18,37,1,0,0,0,,0,0
1212,6,6,mercaderes,35,113,1,554,0,0,0,0,18,48,1,0,0,0,,0,0
1212,6,7,mercaderes,34,110,1,484,0,0,0,0,18,48,1,0,0,0,1,23,0
1212,6,8,mercaderes,32,107,1,414,4,0,2,0,18,48,1,0,0,0,,0,0
1212,6,9,mercaderes,30,104,1,342,4,0,4,0,18,46,1,0,0,0,,0,0
1212,6,10,mercaderes,29,101,1,270,4,0,6,0,16,44,1,0,0,0,,0,0
1212,6,11,mercaderes,29,101,1,198,15,0,7,0,32,60,0,0,0,0,,0,0
1212,6,12,mercaderes,29,101,1,208,26,0,8,0,32,60,0,0,0,0,,0,0
1212,6,13,mercaderes,29,101,1,295,36,0,7,0,32,60,0,0,0,0,1,9,0
1212,6,14,mercaderes,29,101,1,262,50,0,6,0,32,60,0,0,0,0,,0,0
1212,6,15,mercaderes,29,101,1,256,63,0,4,0,32,60,0,0,0,0,,0,0
1212,6,16,mercaderes,29,101,1,280,76,0,2,0,32,60,0,0,0,0,,0,0
1212,6,17,mercaderes,29,101,1,304,66,0,0,0,16,44,0,0,0,0,,0,0
1212,6,18,mercaderes,29,101,1,328,55,0,0,0,16,44,0,0,0,0,,0,0
1212,6,19,mercaderes,29,101,1,340,45,0,0,0,16,44,0,0,0,0,1,17,0
1212,6,20,mercaderes,29,101,1,308,42,0,0,0,16,44,0,0,0,0,,0,0
1212,6,21,mercaderes,29,101,1,276,39,0,0,0,16,44,0,0,0,0,,0,0
1212,6,22,mercaderes,29,101,1,244,38,0,0,0,18,46,0,0,0,0,,0,0
1212,6,23,mercaderes,29,101,1,230,31,0,0,0,11,39,0,0,0,0,,0,0
1212,6,24,mercaderes,29,101,1,239,24,0,0,0,11,29,0,0,0,0,,0,0
1212,6,25,mercaderes,29,101,1,276,11,0,0,0,11,29,0,0,0,0,1,12,0
1212,6,26,mercaderes,28,101,1,233,7,0,0,0,11,29,1,0,0,0,,0,0
1212,6,27,mercaderes,27,101,1,190,7,0,0,0,11,29,1,0,0,0,,0,0
1212,6,28,mercaderes,25,98,1,199,7,0,0,0,11,29,1,0,0,0,,0,0
1212,6,29,mercaderes,24,96,1,212,1,0,0,0,16,33,1,0,0,0,,0,0
1212,6,30,mercaderes,22,94,1,234,0,0,0,0,16,42,1,0,0,0,,0,0
1212,6,31,mercaderes,21,92,1,217,0,0,0,0,16,42,1,0,0,0,1,12,0
1212,6,32,mercaderes,20,90,1,157,4,0,2,0,13,27,1,0,0,0,,0,0
1212,6,33,mercaderes,18,88,1,163,4,0,3,0,13,27,1,0,0,0,,0,0
1212,6,34,mercaderes,17,86,1,173,1,0,3,0,13,26,1,0,0,0,,0,0
1212,6,35,mercaderes,17,86,1,183,7,0,2,0,27,40,0,0,0,0,,0,0
1212,6,36,mercaderes,17,86,1,193,13,0,1,0,27,40,0,0,0,0,,0,0
1212,6,37,mercaderes,17,86,1,176,19,0,0,0,27,40,0,0,0,0,1,10,0
1212,6,38,mercaderes,17,86,1,141,28,0,1,0,27,40,0,0,0,0,,0,0
1212,6,39,mercaderes,17,86,1,137,43,0,0,0,32,45,0,0,0,0,,0,0
1212,6,40,mercaderes,17,86,1,147,55,0,0,0,32,45,0,0,0,0,,0,0
1212,6,41,mercaderes,17,86,1,157,52,0,0,0,20,33,0,0,0,0,,0,0
1212,6,42,mercaderes,17,86,1,167,49,0,0,0,20,33,0,0,0,0,,0,0
1212,6,43,mercaderes,17,86,1,159,48,0,0,0,22,35,0,0,0,0,1,7,0
1212,6,44,mercaderes,17,86,1,122,55,0,0,0,22,35,0,0,0,0,,0,0
1212,6,45,mercaderes,17,86,1,132,61,0,0,0,22,35,0,0,0,0,,0,0
1212,6,46,mercaderes,17,86,1,142,60,0,0,0,22,35,0,0,0,0,,0,0
1212,6,47,mercaderes,17,86,1,152,48,0,0,0,11,24,0,0,0,0,,0,0
1212,6,48,mercaderes,17,86,1,162,37,0,0,0,11,24,0,0,0,0,,0,0
1212,6,49,mercaderes,17,86,1,144,26,0,0,0,11,24,0,0,0,0,1,9,0
1212,6,50,mercaderes,17,86,1,115,23,0,0,0,11,24,0,0,0,0,,0,0
1212,6,51,mercaderes,17,86,1,120,20,0,0,0,11,24,0,0,0,0,,0,0
1212,6,52,mercaderes,17,86,1,130,11,0,0,0,11,24,0,0,0,0,,0,0
1212,6,53,mercaderes,17,86,1,140,8,0,0,0,18,31,0,0,0,0,,0,0
1212,6,54,mercaderes,17,86,1,156,5,0,0,0,18,37,0,0,0,0,,0,0
1212,6,55,mercaderes,17,86,1,109,2,0,0,0,18,37,0,0,0,0,1,5,0
1212,6,56,mercaderes,16,86,1,125,4,0,2,0,18,37,1,0,0,0,,0,0
1212,6,57,mercaderes,16,86,1,141,1,0,1,0,18,37,0,0,0,0,,0,0
1212,6,58,mercaderes,15,86,1,157,0,0,1,0,18,37,1,0,0,0,,0,0
1212,6,59,mercaderes,15,86,1,173,15,0,0,0,36,55,0,0,0,0,,0,0
1212,6,60,mercaderes,15,86,1,189,29,0,0,0,36,55,0,0,0,0,,0,0
1212,6,61,mercaderes,15,86,1,133,43,0,0,0,36,55,0,0,0,0,1,10,0
1212,6,62,mercaderes,15,86,1,122,60,0,2,0,36,55,0,0,0,0,,0,0
1212,6,63,mercaderes,15,86,1,133,78,0,0,0,36,55,0,0,0,0,,0,0
1212,6,64,mercaderes,30,86,1,149,91,0,0,0,36,55,0,0,0,1,,0,0
1212,6,65,mercaderes,30,86,1,165,89,0,0,0,22,41,0,0,0,1,,0,0
1212,6,66,mercaderes,30,86,1,181,87,0,0,0,22,41,0,0,0,1,,0,0
1212,6,67,mercaderes,29,82,1,154,75,0,0,0,22,41,0,0,0,1,1,10,0
1212,6,68,mercaderes,29,82,1,114,81,0,0,0,22,41,0,0,0,1,,0,0
1212,6,69,mercaderes,29,82,1,121,87,0,0,0,22,41,0,0,0,1,,0,0
1212,6,70,mercaderes,29,82,1,137,88,0,0,0,22,41,0,0,0,1,,0,0
1212,6,71,mercaderes,29,82,1,153,76,0,0,0,11,30,0,0,0,1,,0,0
1212,6,72,mercaderes,29,82,1,163,65,0,0,0,11,24,0,0,0,1,,0,0
1212,6,73,mercaderes,28,78,1,132,41,0,0,0,11,24,0,0,0,1,1,18,0
1212,6,74,mercaderes,46,78,1,94,39,0,0,0,11,23,0,0,0,2,,0,0
1212,6,75,mercaderes,46,78,1,103,37,0,0,0,11,23,0,0,0,2,,0,0
1212,6,76,mercaderes,46,78,1,112,24,0,0,0,11,23,0,0,0,2,,0,0
1212,6,77,mercaderes,54,78,1,121,23,0,0,0,18,30,0,0,0,2,,0,0
1212,6,78,mercaderes,54,78,1,135,22,0,0,0,18,35,0,0,0,2,,0,0
1212,6,79,mercaderes,54,78,1,103,21,0,0,0,18,35,0,0,0,2,1,7,0
1212,6,80,mercaderes,54,78,1,117,22,0,1,0,18,35,0,1,0,2,,0,0
1212,6,81,mercaderes,54,78,1,131,21,0,0,0,18,35,0,0,0,2,,0,0
1212,6,82,mercaderes,54,78,1,145,20,0,0,0,18,35,0,0,0,2,,0,0
1212,6,83,mercaderes,54,78,1,159,36,0,0,0,36,53,0,0,0,2,,0,0
1212,6,84,mercaderes,54,78,1,173,51,0,0,0,36,53,0,0,0,2,,0,0
1212,6,85,mercaderes,53,74,1,92,56,0,0,0,36,53,0,0,0,2,1,9,0
1212,6,86,mercaderes,53,74,1,89,74,0,2,0,36,53,0,1,0,2,,0,0
1212,6,87,mercaderes,53,74,1,103,95,0,0,0,36,53,0,0,0,2,,0,0
1212,6,88,mercaderes,53,74,1,117,109,0,0,0,36,53,0,0,0,2,,0,0
1212,6,89,mercaderes,53,74,1,131,109,0,0,0,22,39,0,0,0,2,,0,0
1212,6,90,mercaderes,53,74,1,145,109,0,0,0,22,39,0,0,0,2,,0,0
1212,6,91,mercaderes,53,70,1,101,98,0,0,0,22,39,0,0,0,2,1,17,0
1212,6,92,mercaderes,61,70,1,98,104,0,0,0,22,39,0,0,0,2,,0,0
1212,6,93,mercaderes,61,70,1,112,109,0,0,0,22,39,0,0,0,2,,0,0
1212,6,94,mercaderes,61,70,1,126,110,0,0,0,22,39,0,0,0,2,,0,0
1212,6,95,mercaderes,61,70,1,140,99,0,0,0,11,28,0,0,0,2,,0,0
1212,6,96,mercaderes,69,70,1,149,90,0,0,0,11,23,0,0,0,2,,0,0
1212,6,97,mercaderes,69,70,1,124,81,0,0,0,11,23,0,0,0,2,1,8,0
1212,6,98,mercaderes,69,70,1,104,78,0,0,0,11,23,0,0,0,2,,0,0
1212,6,99,mercaderes,69,70,1,113,75,0,0,0,11,23,0,1,0,2,,0,0
1212,6,100,mercaderes,69,70,1,122,67,0,0,0,11,23,0,0,0,2,,0,0
1212,6,101,mercaderes,69,70,1,131,66,0,0,0,18,30,0,0,0,2,,0,0
1212,6,102,mercaderes,69,70,1,145,65,0,0,0,18,35,0,0,0,2,,0,0
1212,6,103,mercaderes,69,70,1,112,62,0,0,0,18,35,0,0,0,2,1,19,0
1212,6,104,mercaderes,77,70,1,113,63,0,1,0,18,35,0,1,0,2,,0,0
1212,6,105,mercaderes,77,70,1,127,65,0,1,0,18,35,0,0,0,2,,0,0
1212,6,106,mercaderes,77,70,1,141,62,0,1,0,18,35,0,0,0,2,,0,0
1212,6,107,mercaderes,85,70,1,155,78,0,1,0,36,53,0,0,0,2,,0,0
1212,6,108,mercaderes,85,70,1,169,94,0,1,0,36,53,0,0,0,2,,0,0
1212,6,109,mercaderes,85,70,1,144,109,0,1,0,36,53,0,0,0,2,1,11,0
1212,6,110,mercaderes,85,70,1,123,125,0,2,0,36,53,0,1,0,2,,0,0
1212,6,111,mercaderes,85,70,1,124,143,0,2,0,36,53,0,0,0,2,,0,0
1212,6,112,mercaderes,85,70,1,138,159,0,2,0,36,53,0,0,0,2,,0,0
1212,6,113,mercaderes,85,70,1,152,158,0,2,0,22,39,0,0,0,2,,0,0
1212,6,114,mercaderes,85,70,1,166,157,0,2,0,22,39,0,0,0,2,,0,0
1212,6,115,mercaderes,85,74,1,155,159,0,2,0,22,39,0,0,0,2,1,8,0
1212,6,116,mercaderes,85,74,1,127,155,0,2,0,22,39,0,1,0,2,,0,0
1212,6,117,mercaderes,85,74,1,141,153,0,2,0,22,39,0,0,0,2,,0,0
1212,6,118,mercaderes,85,74,1,155,151,0,2,0,22,39,0,0,0,2,,0,0
1212,6,119,mercaderes,85,74,1,169,139,0,2,0,11,28,0,0,0,2,,0,0
1212,6,120,mercaderes,85,74,1,178,127,0,2,0,11,23,0,0,0,2,,0,0
1212,6,121,mercaderes,85,70,1,155,105,0,2,0,10,22,0,0,0,2,1,8,0
1212,6,122,mercaderes,85,70,1,122,97,0,0,0,10,22,0,0,0,2,,0,0
1212,6,123,mercaderes,85,70,1,101,87,0,0,0,10,22,0,0,0,2,,0,0
1212,6,124,mercaderes,85,70,1,110,77,0,0,0,10,22,0,0,0,2,,0,0
1212,6,125,mercaderes,85,70,1,119,75,0,0,0,18,30,0,0,0,2,,0,0
1212,6,126,mercaderes,85,70,1,133,73,0,0,0,18,35,0,0,0,2,,0,0
1212,6,127,mercaderes,85,70,1,105,66,0,0,0,18,35,0,0,0,2,1,11,0
1212,6,128,mercaderes,85,70,1,119,69,0,1,0,18,35,0,0,0,2,,0,0
1212,6,129,mercaderes,93,70,1,133,68,0,1,0,18,35,0,0,0,2,,0,0
1212,6,130,mercaderes,93,70,1,147,67,0,1,0,18,35,0,0,0,2,,0,0
1212,6,131,mercaderes,93,70,1,161,83,0,1,0,36,53,0,0,0,2,,0,0
1212,6,132,mercaderes,93,70,1,175,98,0,1,0,36,53,0,0,0,2,,0,0
1212,6,133,mercaderes,93,70,1,136,113,0,1,0,36,53,0,0,0,2,1,9,0
1212,6,134,mercaderes,93,70,1,106,131,0,2,0,36,53,0,0,0,2,,0,0
1212,6,135,mercaderes,93,70,1,120,148,0,2,0,36,53,0,0,0,2,,0,0
1212,6,136,mercaderes,93,70,1,134,161,0,2,0,36,53,0,0,0,2,,0,0
1212,6,137,mercaderes,93,70,1,148,160,0,2,0,22,39,0,0,0,2,,0,0
1212,6,138,mercaderes,93,70,1,162,159,0,2,0,22,39,0,0,0,2,,0,0
1212,6,139,mercaderes,93,74,1,124,161,0,2,0,22,39,0,0,0,2,1,7,0
1212,6,140,mercaderes,93,74,1,129,159,0,2,0,22,39,0,0,0,2,,0,0
1212,6,141,mercaderes,93,74,1,143,157,0,2,0,22,39,0,0,0,2,,0,0
1212,6,142,mercaderes,93,74,1,157,155,0,2,0,22,39,0,0,0,2,,0,0
1212,6,143,mercaderes,93,74,1,171,142,0,2,0,10,27,0,0,0,2,,0,0
1212,6,144,mercaderes,93,74,1,180,129,0,2,0,10,22,0,0,0,2,,0,0
1212,6,145,mercaderes,93,70,1,107,108,0,2,0,11,23,0,0,0,2,1,6,0
1212,6,146,mercaderes,93,70,1,89,98,0,2,0,11,23,0,0,0,2,,0,0
1212,6,147,mercaderes,93,70,1,98,91,0,0,0,11,23,0,0,0,2,,0,0
1212,6,148,mercaderes,93,70,1,107,82,0,0,0,11,23,0,0,0,2,,0,0
1212,6,149,mercaderes,93,70,1,116,80,0,0,0,18,30,0,0,0,2,,0,0
1212,6,150,mercaderes,93,70,1,130,78,0,0,0,18,35,0,0,0,2,,0,0
1212,6,151,mercaderes,93,70,1,108,70,0,0,0,18,35,0,0,0,2,1,11,0
1212,6,152,mercaderes,93,70,1,127,73,0,1,0,18,40,0,0,0,2,,0,0
1212,6,153,mercaderes,101,70,1,146,72,0,1,0,18,40,0,0,0,2,,0,0
1212,6,154,mercaderes,101,70,1,165,71,0,1,0,18,40,0,0,0,2,,0,0
1212,6,155,mercaderes,101,70,1,184,87,0,1,0,36,58,0,0,0,2,,0,0
1212,6,156,mercaderes,101,70,1,203,102,0,1,0,36,58,0,0,0,2,,0,0
1212,6,157,mercaderes,101,70,1,167,117,0,1,0,36,58,0,0,0,2,1,10,0
1212,6,158,mercaderes,101,70,1,116,135,0,2,0,36,58,0,0,0,2,,0,0
1212,6,159,mercaderes,101,70,1,135,152,0,3,0,36,58,0,0,0,2,,0,0
1212,6,160,mercaderes,101,70,1,154,165,0,3,0,36,58,0,0,0,2,,0,0
1212,6,161,mercaderes,101,70,1,173,164,0,3,0,22,44,0,0,0,2,,0,0
1212,6,162,mercaderes,101,70,1,192,163,0,3,0,22,44,0,0,0,2,,0,0
1212,6,163,mercaderes,101,74,1,161,165,0,3,0,22,44,0,0,0,2,1,7,0
1212,6,164,mercaderes,101,74,1,144,163,0,3,0,22,44,0,0,0,2,,0,0
1212,6,165,mercaderes,101,74,1,163,161,0,3,0,22,44,0,0,0,2,,0,0
1212,6,166,mercaderes,101,74,1,182,159,0,3,0,22,44,0,0,0,2,,0,0
1212,6,167,mercaderes,101,74,1,201,146,0,3,0,11,33,0,0,0,2,,0,0
1212,6,168,mercaderes,101,74,1,214,137,0,0,0,11,27,0,0,0,2,,0,0
1212,6,169,mercaderes,101,70,1,153,116,0,0,0,11,27,0,0,0,2,1,6,0
1212,6,170,mercaderes,101,70,1,103,106,0,0,0,11,27,0,0,0,2,,0,0
1212,6,171,mercaderes,101,70,1,116,96,0,0,0,11,27,0,0,0,2,,0,0
1212,6,172,mercaderes,101,70,1,129,87,0,0,0,11,27,0,0,0,2,,0,0
1212,6,173,mercaderes,101,70,1,142,85,0,0,0,18,34,0,0,0,2,,0,0
1212,6,174,mercaderes,101,70,1,161,83,0,0,0,18,40,0,0,0,2,,0,0
1212,6,175,mercaderes,101,70,1,127,75,0,0,0,18,40,0,0,0,2,1,13,0
1212,6,176,mercaderes,101,70,1,141,77,0,2,0,18,40,0,0,0,2,,0,0
1212,6,177,mercaderes,109,70,1,160,78,0,0,0,18,40,0,0,0,2,,0,0
1212,6,178,mercaderes,109,70,1,179,76,0,0,0,18,40,0,0,0,2,,0,0
1212,6,179,mercaderes,109,70,1,198,92,0,0,0,36,58,0,0,0,2,,0,0
1212,6,180,mercaderes,109,70,1,217,107,0,0,0,36,58,0,0,0,2,,0,0
1212,6,181,mercaderes,109,70,1,150,121,0,0,0,36,58,0,0,0,2,1,11,0
1212,6,182,mercaderes,109,70,1,128,136,0,2,0,36,58,0,0,0,2,,0,0
1212,6,183,mercaderes,109,70,1,142,150,0,2,0,36,58,0,0,0,2,,0,0
1212,6,184,mercaderes,109,70,1,161,172,0,2,0,45,67,0,0,0,2,,0,0
1212,6,185,mercaderes,109,70,1,180,176,0,2,0,28,50,0,0,0,2,,0,0
1212,6,186,mercaderes,109,70,1,199,180,0,2,0,28,50,0,0,0,2,,0,0
1212,6,187,mercaderes,109,74,1,145,148,0,2,0,28,50,0,0,0,2,1,8,0
1212,6,188,mercaderes,109,74,1,119,152,0,2,0,28,50,0,0,0,2,,0,0
1212,6,189,mercaderes,145,114,2,138,156,0,2,0,28,50,0,0,0,3,,0,0
1212,6,190,mercaderes,145,114,2,158,144,0,2,0,22,54,0,0,0,3,,0,0
1212,6,191,mercaderes,145,114,2,178,122,0,2,0,11,43,0,0,0,3,,0,0
1212,6,192,mercaderes,145,114,2,192,101,0,2,0,11,37,0,0,0,3,,0,0
1212,6,193,mercaderes,145,110,2,148,70,0,0,0,8,34,0,0,0,3,1,13,0
1212,6,194,mercaderes,145,110,2,106,53,0,0,0,8,34,0,0,0,3,,0,0
1212,6,195,mercaderes,145,110,2,103,36,0,0,0,8,34,0,2,0,3,,0,0
1212,6,196,mercaderes,145,110,2,117,28,0,0,0,15,41,0,0,0,3,,0,0
1212,6,197,mercaderes,145,112,2,131,30,0,0,0,30,56,0,0,0,3,,0,0
1212,6,198,mercaderes,145,114,2,151,31,0,0,0,30,62,0,0,0,3,,0,0
1212,6,199,mercaderes,146,116,2,118,32,0,0,0,30,62,0,0,0,3,1,6,0
1212,6,200,mercaderes,146,118,2,138,36,0,2,0,30,62,0,0,0,3,,0,0
1212,6,1,mesta,21,26,1,22,65,0,0,0,4,10,0,0,0,0,1,6,0
1212,6,2,mesta,21,26,1,20,59,0,0,0,4,6,0,0,0,0,,0,0
1212,6,3,mesta,21,26,1,18,53,0,0,0,4,6,0,0,0,0,,0,0
1212,6,4,mesta,21,26,1,16,48,0,0,0,4,6,0,0,0,0,,0,0
1212,6,5,mesta,21,27,1,14,45,0,0,0,6,8,0,1,0,0,,0,0
1212,6,6,mesta,21,27,1,22,44,0,0,0,6,18,0,0,0,0,,0,0
1212,6,7,mesta,20,24,1,10,33,0,0,0,6,18,0,0,0,0,1,2,0
1212,6,8,mesta,21,25,1,18,32,0,0,0,6,18,0,0,0,0,,0,0
1212,6,9,mesta,21,26,1,26,31,0,0,0,6,18,0,0,0,0,,0,0
1212,6,10,mesta,21,27,1,34,30,0,0,0,6,18,0,0,0,0,,0,0
1212,6,11,mesta,21,28,1,42,36,0,0,0,13,25,0,0,0,0,,0,0
1212,6,12,mesta,21,29,1,50,41,0,0,0,13,25,0,0,0,0,,0,0
1212,6,13,mesta,21,26,1,38,36,0,0,0,13,25,0,0,0,0,1,1,0
1212,6,14,mesta,21,27,1,46,42,0,0,0,13,25,0,0,0,0,,0,0
1212,6,15,mesta,21,28,1,54,48,0,0,0,13,25,0,0,0,0,,0,0
1212,6,16,mesta,21,29,1,62,52,0,0,0,13,25,0,0,0,0,,0,0
1212,6,17,mesta,21,29,1,70,49,0,0,0,6,18,0,0,0,0,,0,0
1212,6,18,mesta,21,29,1,78,47,0,0,0,6,18,0,0,0,0,,0,0
1212,6,19,mesta,21,25,1,52,29,0,0,0,6,18,0,0,0,0,1,10,0
1212,6,20,mesta,21,25,1,60,29,0,0,0,6,18,0,0,0,0,,0,0
1212,6,21,mesta,39,25,1,68,28,0,0,0,6,18,0,0,0,1,,0,0
1212,6,22,mesta,39,25,1,76,27,0,0,0,6,18,0,0,0,1,,0,0
1212,6,23,mesta,39,25,1,84,24,0,0,0,4,16,0,0,0,1,,0,0
1212,6,24,mesta,39,25,1,90,22,0,0,0,4,14,0,0,0,1,,0,0
1212,6,25,mesta,39,25,1,69,20,0,0,0,4,14,0,0,0,1,1,3,0
1212,6,26,mesta,39,25,1,75,24,0,0,0,4,14,0,0,0,1,,0,0
1212,6,27,mesta,39,25,1,81,22,0,0,0,4,14,0,0,0,1,,0,0
1212,6,28,mesta,39,25,1,87,20,0,0,0,4,14,0,0,0,1,,0,0
1212,6,29,mesta,39,25,1,93,20,0,0,0,6,16,0,0,0,1,,0,0
1212,6,30,mesta,39,25,1,101,20,0,0,0,6,18,0,0,0,1,,0,0
1212,6,31,mesta,39,25,1,80,16,0,0,0,6,18,0,0,0,1,1,9,0
1212,6,32,mesta,39,25,1,88,20,0,0,0,6,18,0,0,0,1,,0,0
1212,6,33,mesta,47,25,1,96,20,0,0,0,6,18,0,0,0,1,,0,0
1212,6,34,mesta,47,25,1,104,20,0,0,0,6,18,0,0,0,1,,0,0
1212,6,35,mesta,47,25,1,112,26,0,0,0,13,25,0,0,0,1,,0,0
1212,6,36,mesta,47,26,1,120,32,0,0,0,13,25,0,0,0,1,,0,0
1212,6,37,mesta,47,27,1,92,38,0,0,0,13,25,0,0,0,1,1,6,0
1212,6,38,mesta,47,28,1,80,48,0,0,0,13,25,0,0,0,1,,0,0
1212,6,39,mesta,47,29,1,88,52,0,0,0,13,25,0,1,0,1,,0,0
1212,6,40,mesta,48,30,1,96,55,0,0,0,12,29,0,0,0,1,,0,0
1212,6,41,mesta,48,31,1,106,53,0,0,0,7,26,0,0,0,1,,0,0
1212,6,42,mesta,48,32,1,116,52,0,0,0,8,27,0,0,0,1,,0,0
1212,6,43,mesta,48,31,1,59,47,0,0,0,8,28,0,0,0,1,1,9,0
1212,6,44,mesta,48,32,1,69,48,0,0,0,8,27,0,0,0,1,,0,0
1212,6,45,mesta,56,33,1,79,48,0,0,0,8,28,0,0,0,1,,0,0
1212,6,46,mesta,56,34,1,89,48,0,0,0,8,28,0,0,0,1,,0,0
1212,6,47,mesta,56,34,1,99,44,0,0,0,4,24,0,0,0,1,,0,0
1212,6,48,mesta,56,34,1,106,40,0,0,0,4,21,0,0,0,1,,0,0
1212,6,49,mesta,56,34,1,92,36,0,0,0,4,21,0,0,0,1,1,9,0
1212,6,50,mesta,56,34,1,94,36,0,0,0,4,21,0,0,0,1,,0,0
1212,6,51,mesta,56,34,1,101,33,0,0,0,4,21,0,0,0,1,,0,0
1212,6,52,mesta,56,34,1,108,29,0,0,0,4,21,0,0,0,1,,0,0
1212,6,53,mesta,56,34,1,115,27,0,0,0,6,23,0,0,0,1,,0,0
1212,6,54,mesta,56,34,1,125,25,0,0,0,6,26,0,0,0,1,,0,0
1212,6,55,mesta,56,34,1,167,19,0,0,0,6,26,0,0,0,1,1,19,0
1212,6,56,mesta,56,34,1,172,19,0,0,0,6,26,0,0,0,1,,0,0
1212,6,57,mesta,56,34,1,182,17,0,0,0,6,26,0,1,0,1,,0,0
1212,6,58,mesta,56,34,1,192,16,0,0,0,6,26,0,0,0,1,,0,0
1212,6,59,mesta,64,34,1,202,22,0,0,0,13,33,0,0,0,1,,0,0
1212,6,60,mesta,64,34,1,212,27,0,0,0,13,33,0,0,0,1,,0,0
1212,6,61,mesta,65,35,1,297,32,0,0,0,13,33,0,0,0,1,1,14,0
1212,6,62,mesta,65,36,1,249,38,0,0,0,13,33,0,0,0,1,,0,0
1212,6,63,mesta,65,37,1,249,43,0,0,0,13,33,0,0,0,1,,0,0
1212,6,64,mesta,65,38,1,259,49,0,0,0,13,33,0,0,0,1,,0,0
1212,6,65,mesta,65,38,1,269,48,0,0,0,8,28,0,0,0,1,,0,0
1212,6,66,mesta,65,38,1,279,47,0,0,0,8,28,0,0,0,1,,0,0
1212,6,67,mesta,65,38,1,371,46,0,0,0,8,28,0,0,0,1,1,22,0
1212,6,68,mesta,65,38,1,334,49,0,0,0,8,28,0,0,0,1,,0,0
1212,6,69,mesta,65,38,1,297,52,0,0,0,8,28,0,0,0,1,,0,0
1212,6,70,mesta,65,38,1,260,54,0,0,0,8,28,0,0,0,1,,0,0
1212,6,71,mesta,65,38,1,241,52,0,0,0,4,24,0,0,0,1,,0,0
1212,6,72,mesta,65,38,1,248,51,0,0,0,4,21,0,0,0,1,,0,0
1212,6,73,mesta,66,42,1,370,48,0,0,0,4,21,0,0,0,1,1,21,0
1212,6,74,mesta,66,42,1,331,46,0,0,0,4,22,0,0,0,1,,0,0
1212,6,75,mesta,66,42,1,292,44,0,0,0,4,22,0,0,0,1,,0,0
1212,6,76,mesta,66,42,1,253,42,0,0,0,4,22,0,0,0,1,,0,0
1212,6,77,mesta,66,42,1,261,42,0,0,0,6,24,0,0,0,1,,0,0
1212,6,78,mesta,66,42,1,273,38,0,0,0,6,28,0,0,0,1,,0,0
1212,6,79,mesta,65,36,1,305,24,0,0,0,6,28,0,0,0,1,1,25,0
1212,6,80,mesta,65,36,1,232,25,0,0,0,6,26,0,0,0,1,,0,0
1212,6,81,mesta,65,36,1,210,25,0,0,0,6,26,0,0,0,1,,0,0
1212,6,82,mesta,155,36,1,206,25,7,0,0,6,26,0,0,0,2,,0,0
1212,6,83,mesta,155,37,1,216,31,7,0,0,13,33,0,0,0,2,,0,0
1212,6,84,mesta,155,38,1,226,36,7,0,0,13,33,0,0,0,2,,0,0
1212,6,85,mesta,155,39,1,449,41,3,0,0,13,33,0,0,0,2,1,23,0
1212,6,86,mesta,156,40,1,399,46,0,0,0,13,33,0,0,0,2,,0,0
1212,6,87,mesta,156,42,1,379,49,0,0,0,13,35,0,0,0,2,,0,0
1212,6,88,mesta,156,44,1,377,53,0,0,0,13,35,0,0,0,2,,0,0
1212,6,89,mesta,156,44,1,389,51,0,0,0,8,30,0,0,0,2,,0,0
1212,6,90,mesta,156,44,1,401,48,0,0,0,8,30,0,0,0,2,,0,0
1212,6,91,mesta,156,44,1,854,35,0,0,0,8,30,0,0,0,2,1,30,0
1212,6,92,mesta,156,44,1,819,37,0,0,0,8,30,0,0,0,2,,0,0
1212,6,93,mesta,156,44,1,784,39,0,0,0,8,30,0,0,0,2,,0,0
1212,6,94,mesta,156,44,1,749,41,0,0,0,8,30,0,0,0,2,,0,0
1212,6,95,mesta,156,44,1,714,39,0,0,0,4,26,0,0,0,2,,0,0
1212,6,96,mesta,156,44,1,675,37,0,0,0,4,22,0,0,0,2,,0,0
1212,6,97,mesta,156,44,1,777,35,0,0,0,4,22,0,0,0,2,1,24,0
1212,6,98,mesta,164,44,1,738,33,0,0,0,4,22,0,0,0,2,,0,0
1212,6,99,mesta,164,44,1,699,31,0,0,0,4,22,0,0,0,2,,0,0
1212,6,100,mesta,164,44,1,660,29,0,0,0,4,22,0,0,0,2,,0,0
1212,6,101,mesta,164,44,1,621,29,0,0,0,6,24,0,0,0,2,,0,0
1212,6,102,mesta,164,44,1,586,29,0,0,0,6,28,0,0,0,2,,0,0
1212,6,103,mesta,164,42,1,623,29,0,0,0,6,28,0,0,0,2,1,33,0
1212,6,104,mesta,164,42,1,552,29,0,0,0,6,28,0,0,0,2,,0,0
1212,6,105,mesta,164,42,1,481,28,0,0,0,6,28,0,0,0,2,,0,0
1212,6,106,mesta,184,42,1,410,27,20,0,0,6,28,0,0,0,2,,0,0
1212,6,107,mesta,184,44,1,339,33,20,0,0,13,35,0,0,0,2,,0,0
1212,6,108,mesta,185,46,1,268,38,20,0,0,13,35,0,0,0,2,,0,0
1212,6,109,mesta,185,48,1,652,43,16,0,0,13,35,0,0,0,2,1,27,0
1212,6,110,mesta,186,50,1,604,46,12,0,0,13,35,0,0,0,2,,0,0
1212,6,111,mesta,186,52,1,558,48,8,0,0,13,37,0,0,0,2,,0,0
1212,6,112,mesta,186,54,1,563,49,2,0,0,13,37,0,0,0,2,,0,0
1212,6,113,mesta,186,54,1,563,46,2,0,0,8,32,0,0,0,2,,0,0
1212,6,114,mesta,186,54,1,572,44,2,0,0,8,32,0,0,0,2,,0,0
1212,6,115,mesta,186,54,1,1381,33,2,0,0,8,32,0,0,0,2,1,31,0
1212,6,116,mesta,186,54,1,1348,34,2,0,0,8,32,0,0,0,2,,0,0
1212,6,117,mesta,186,54,1,1315,35,2,0,0,8,32,0,0,0,2,,0,0
1212,6,118,mesta,186,54,1,1282,36,2,0,0,8,32,0,0,0,2,,0,0
1212,6,119,mesta,186,54,1,1249,33,2,0,0,4,28,0,0,0,2,,0,0
1212,6,120,mesta,186,54,1,1211,30,2,0,0,4,23,0,0,0,2,,0,0
1212,6,121,mesta,186,54,1,1308,27,2,0,0,3,22,0,0,0,2,1,24,0
1212,6,122,mesta,194,54,1,1270,24,2,0,0,3,22,0,0,0,2,,0,0
1212,6,123,mesta,194,54,1,1232,21,2,0,0,3,22,0,0,0,2,,0,0
1212,6,124,mesta,194,54,1,1194,18,2,0,0,3,22,0,0,0,2,,0,0
1212,6,125,mesta,194,54,1,1156,18,2,0,0,6,25,0,0,0,2,,0,0
1212,6,126,mesta,194,54,1,1123,18,2,0,0,6,30,0,0,0,2,,0,0
1212,6,127,mesta,194,54,1,1193,18,2,0,0,6,30,0,0,0,2,1,33,0
1212,6,128,mesta,194,54,1,1124,15,2,0,0,6,30,0,0,0,2,,0,0
1212,6,129,mesta,194,54,1,1055,12,2,0,0,6,30,0,0,0,2,,0,0
1212,6,130,mesta,224,54,1,986,9,36,0,0,6,30,0,0,0,2,,0,0
1212,6,131,mesta,224,54,1,917,13,36,0,0,13,37,0,0,0,2,,0,0
1212,6,132,mesta,224,54,1,848,17,36,0,0,13,37,0,0,0,2,,0,0
1212,6,133,mesta,224,52,1,1204,21,32,0,0,13,37,0,0,0,2,1,31,0
1212,6,134,mesta,224,52,1,1158,25,28,0,0,13,37,0,0,0,2,,0,0
1212,6,135,mesta,224,52,1,1112,29,24,0,0,13,37,0,0,0,2,,0,0
1212,6,136,mesta,224,54,1,1066,33,20,0,0,13,37,0,0,0,2,,0,0
1212,6,137,mesta,224,54,1,1020,32,16,0,0,8,32,0,0,0,2,,0,0
1212,6,138,mesta,224,54,1,974,31,12,0,0,8,32,0,0,0,2,,0,0
1212,6,139,mesta,224,54,1,2096,30,9,0,0,8,32,0,0,0,2,1,31,0
1212,6,140,mesta,224,54,1,2078,30,6,0,0,8,32,0,0,0,2,,0,0
1212,6,141,mesta,224,54,1,2060,29,3,0,0,8,32,0,0,0,2,,0,0
1212,6,142,mesta,224,54,1,2042,28,0,0,0,8,32,0,0,0,2,,0,0
1212,6,143,mesta,224,54,1,2009,23,0,0,0,3,27,0,0,0,2,,0,0
1212,6,144,mesta,224,54,1,1971,21,0,0,0,3,22,0,0,0,2,,0,0
1212,6,145,mesta,224,54,1,2457,20,0,0,0,4,23,0,0,0,2,1,24,0
1212,6,146,mesta,224,54,1,2419,19,0,0,0,4,23,0,0,0,2,,0,0
1212,6,147,mesta,224,54,1,2381,18,0,0,0,4,23,0,0,0,2,,0,0
1212,6,148,mesta,224,54,1,2343,17,0,0,0,4,23,0,0,0,2,,0,0
1212,6,149,mesta,224,54,1,2305,18,0,0,0,6,25,0,0,0,2,,0,0
1212,6,150,mesta,224,54,1,2272,19,0,0,0,6,30,0,0,0,2,,0,0
1212,6,151,mesta,224,54,1,2330,20,0,0,0,6,30,0,0,0,2,1,34,0
1212,6,152,mesta,224,54,1,2261,18,0,0,0,6,30,0,0,0,2,,0,0
1212,6,153,mesta,224,54,1,2192,16,0,0,0,6,30,0,0,0,2,,0,0
1212,6,154,mesta,254,54,1,2123,14,45,0,0,6,30,0,0,0,2,,0,0
1212,6,155,mesta,254,54,1,2054,19,45,0,0,13,37,0,0,0,2,,0,0
1212,6,156,mesta,254,54,1,1985,24,45,0,0,13,37,0,0,0,2,,0,0
1212,6,157,mesta,254,52,1,2338,28,41,0,0,13,37,0,0,0,2,1,32,0
1212,6,158,mesta,254,54,1,2292,33,37,0,0,13,37,0,0,0,2,,0,0
1212,6,159,mesta,254,54,1,2246,38,33,0,0,13,37,0,0,0,2,,0,0
1212,6,160,mesta,254,54,1,2200,43,29,0,0,13,37,0,0,0,2,,0,0
1212,6,161,mesta,254,54,1,2154,43,25,0,0,8,32,0,0,0,2,,0,0
1212,6,162,mesta,254,54,1,2108,43,21,0,0,8,32,0,0,0,2,,0,0
1212,6,163,mesta,254,54,1,3239,37,18,0,0,8,32,0,0,0,2,1,38,0
1212,6,164,mesta,254,54,1,3221,38,15,0,0,8,32,0,0,0,2,,0,0
1212,6,165,mesta,254,54,1,3203,38,12,0,0,8,32,0,0,0,2,,0,0
1212,6,166,mesta,254,54,1,3185,38,9,0,0,8,32,0,0,0,2,,0,0
1212,6,167,mesta,262,54,1,3167,34,6,0,0,4,28,0,0,0,2,,0,0
1212,6,168,mesta,262,54,1,3144,30,3,0,0,4,23,0,0,0,2,,0,0
1212,6,169,mesta,262,54,1,3831,26,0,0,0,4,23,0,0,0,2,1,25,0
1212,6,170,mesta,262,54,1,3793,23,0,0,0,4,23,0,0,0,2,,0,0
1212,6,171,mesta,262,54,1,3755,23,0,0,0,4,23,0,0,0,2,,0,0
1212,6,172,mesta,262,54,1,3717,23,0,0,0,4,23,0,0,0,2,,0,0
1212,6,173,mesta,262,54,1,3679,25,0,0,0,6,25,0,0,0,2,,0,0
1212,6,174,mesta,262,54,1,3646,27,0,0,0,6,30,0,0,0,2,,0,0
1212,6,175,mesta,262,54,1,3734,28,0,0,0,6,30,0,0,0,2,1,29,0
1212,6,176,mesta,262,54,1,3677,28,0,0,0,6,30,0,0,0,2,,0,0
1212,6,177,mesta,262,54,1,3620,28,0,0,0,6,30,0,0,0,2,,0,0
1212,6,178,mesta,302,54,1,3563,28,54,0,0,6,30,0,0,0,2,,0,0
1212,6,179,mesta,302,54,1,3506,34,54,0,0,13,37,0,0,0,2,,0,0
1212,6,180,mesta,302,54,1,3449,40,54,0,0,13,37,0,0,0,2,,0,0
1212,6,181,mesta,302,54,1,3793,7,50,0,0,13,37,0,0,0,2,1,32,0
1212,6,182,mesta,302,54,1,3747,10,46,0,0,13,37,0,0,0,2,,0,0
1212,6,183,mesta,337,89,2,3701,13,42,0,0,13,37,0,0,0,3,,0,0
1212,6,184,mesta,337,89,2,3648,10,38,0,0,16,46,0,0,0,3,,0,0
1212,6,185,mesta,337,89,2,3595,1,34,0,0,10,40,0,0,0,3,,0,0
1212,6,186,mesta,336,89,2,3542,0,30,0,0,10,40,1,0,0,3,,0,0
1212,6,187,mesta,335,89,2,4654,0,27,0,0,10,40,1,0,0,3,1,36,0
1212,6,188,mesta,334,87,2,4629,1,24,0,0,10,40,1,0,0,3,,0,0
1212,6,189,mesta,333,85,2,4604,1,21,0,0,10,40,1,0,0,3,,0,0
1212,6,190,mesta,331,83,2,4575,1,18,0,0,8,38,1,0,0,3,,0,0
1212,6,191,mesta,330,81,2,4550,1,15,0,0,4,34,1,0,0,3,,0,0
1212,6,192,mesta,328,79,2,4517,1,12,0,0,4,29,1,0,0,3,,0,0
1212,6,193,mesta,327,77,2,5200,1,9,0,0,3,27,1,0,0,3,1,29,0
1212,6,194,mesta,326,75,2,5166,1,6,0,0,3,22,1,0,0,3,,0,0
1212,6,195,mesta,324,73,2,5134,1,3,0,0,3,21,1,0,0,3,,0,0
1212,6,196,mesta,290,45,1,5102,1,0,0,0,3,20,1,0,0,3,,0,0
1212,6,197,mesta,288,44,1,5063,1,0,0,0,6,23,1,0,0,3,,0,0
1212,6,198,mesta,287,43,1,5028,4,0,0,0,5,25,1,0,0,3,,0,0
1212,6,199,mesta,287,43,1,5448,6,0,0,0,5,25,0,0,0,3,1,36,0
1212,6,200,mesta,287,43,1,5372,5,0,0,0,5,19,0,0,0,3,,0,0
1212,6,1,monjes,35,96,1,26,58,0,0,0,15,35,0,0,0,0,1,5,0
1212,6,2,monjes,35,96,1,31,44,0,0,0,15,24,0,0,0,0,,0,0
1212,6,3,monjes,35,96,1,36,30,0,0,0,15,24,0,1,0,0,,0,0
1212,6,4,monjes,35,96,1,41,25,0,0,0,22,31,0,0,0,0,,0,0
1212,6,5,monjes,35,96,1,46,34,0,0,0,36,45,0,1,0,0,,0,0
1212,6,6,monjes,35,96,1,68,45,0,0,0,36,62,0,0,0,0,,0,0
1212,6,7,monjes,35,96,1,82,55,0,0,0,36,62,0,0,0,0,1,4,0
1212,6,8,monjes,35,96,1,104,67,0,0,0,36,62,0,0,0,0,,0,0
1212,6,9,monjes,35,96,1,126,85,0,0,0,45,71,0,0,0,0,,0,0
1212,6,10,monjes,50,96,1,148,102,0,0,0,45,71,0,0,0,1,,0,0
1212,6,11,monjes,50,96,1,170,162,0,0,0,90,116,0,0,0,1,,0,0
1212,6,12,monjes,50,96,1,192,219,0,0,0,90,116,0,0,0,1,,0,0
1212,6,13,monjes,49,92,1,117,260,0,0,0,90,116,0,0,0,1,1,13,0
1212,6,14,monjes,49,92,1,105,308,0,2,0,90,110,0,0,0,1,,0,0
1212,6,15,monjes,49,92,1,100,336,0,2,0,72,92,0,0,0,1,,0,0
1212,6,16,monjes,49,92,1,117,370,0,2,0,72,92,0,0,0,1,,0,0
1212,6,17,monjes,49,92,1,134,377,0,2,0,45,65,0,0,0,1,,0,0
1212,6,18,monjes,49,92,1,151,384,0,2,0,45,65,0,0,0,1,,0,0
1212,6,19,monjes,49,90,1,154,374,0,2,0,45,65,0,0,0,1,1,25,0
1212,6,20,monjes,67,90,1,135,377,0,2,0,45,65,0,0,0,2,,0,0
1212,6,21,monjes,67,90,1,152,374,0,2,0,45,65,0,0,0,2,,0,0
1212,6,22,monjes,67,90,1,169,372,0,2,0,45,65,0,0,0,2,,0,0
1212,6,23,monjes,67,90,1,186,344,0,2,0,22,42,0,0,0,2,,0,0
1212,6,24,monjes,75,90,1,197,321,0,2,0,22,36,0,0,0,2,,0,0
1212,6,25,monjes,75,90,1,246,282,0,2,0,22,36,0,0,0,2,1,21,0
1212,6,26,monjes,75,90,1,206,268,0,2,0,22,36,0,0,0,2,,0,0
1212,6,27,monjes,75,90,1,188,252,0,2,0,22,36,0,0,0,2,,0,0
1212,6,28,monjes,75,90,1,199,232,0,2,0,22,36,0,0,0,2,,0,0
1212,6,29,monjes,75,90,1,210,227,0,2,0,36,50,0,0,0,2,,0,0
1212,6,30,monjes,75,90,1,227,222,0,2,0,36,56,0,0,0,2,,0,0
1212,6,31,monjes,75,90,1,320,208,0,2,0,36,56,0,0,0,2,1,31,0
1212,6,32,monjes,83,90,1,308,208,0,2,0,36,56,0,0,0,2,,0,0
1212,6,33,monjes,83,90,1,296,208,0,2,0,36,56,0,0,0,2,,0,0
1212,6,34,monjes,83,90,1,284,209,0,2,0,36,56,0,0,0,2,,0,0
1212,6,35,monjes,83,90,1,272,249,0,2,0,72,92,0,0,0,2,,0,0
1212,6,36,monjes,83,90,1,267,288,0,2,0,72,92,0,0,0,2,,0,0
1212,6,37,monjes,91,90,1,294,322,0,2,0,72,92,0,0,0,2,1,16,0
1212,6,38,monjes,91,90,1,248,355,0,2,0,72,92,0,0,0,2,,0,0
1212,6,39,monjes,91,90,1,202,386,0,2,0,72,92,0,0,0,2,,0,0
1212,6,40,monjes,91,90,1,201,411,0,2,0,72,92,0,0,0,2,,0,0
1212,6,41,monjes,91,90,1,218,407,0,2,0,45,65,0,0,0,2,,0,0
1212,6,42,monjes,91,90,1,235,403,0,2,0,45,65,0,0,0,2,,0,0
1212,6,43,monjes,91,94,1,330,409,0,2,0,45,65,0,0,0,2,1,16,0
1212,6,44,monjes,91,94,1,284,411,0,2,0,45,65,0,0,0,2,,0,0
1212,6,45,monjes,91,94,1,256,411,0,2,0,45,65,0,0,0,2,,0,0
1212,6,46,monjes,91,94,1,273,406,0,2,0,45,65,0,0,0,2,,0,0
1212,6,47,monjes,91,94,1,290,379,0,2,0,22,42,0,0,0,2,,0,0
1212,6,48,monjes,91,94,1,301,353,0,2,0,22,36,0,0,0,2,,0,0
1212,6,49,monjes,90,89,1,357,314,0,2,0,24,38,0,0,0,2,1,20,0
1212,6,50,monjes,91,90,1,304,301,0,2,0,24,37,0,0,0,2,,0,0
1212,6,51,monjes,91,90,1,252,288,0,2,0,24,38,0,0,0,2,,0,0
1212,6,52,monjes,120,96,2,218,274,0,2,0,24,38,0,0,0,3,,0,0
1212,6,53,monjes,120,97,2,223,265,0,2,0,36,50,0,0,0,3,,0,0
1212,6,54,monjes,120,98,2,234,256,0,2,0,36,56,0,0,0,3,,0,0
1212,6,55,monjes,120,99,2,271,198,0,2,0,36,56,0,0,0,3,1,30,0
1212,6,56,monjes,121,100,2,219,197,0,2,0,36,56,0,1,0,3,,0,0
1212,6,57,monjes,227,153,3,176,203,0,2,0,44,65,0,0,0,4,,0,0
1212,6,58,monjes,228,156,3,191,185,0,2,0,44,75,0,1,0,4,,0,0
1212,6,59,monjes,228,159,3,206,186,0,2,0,58,94,0,0,0,4,,0,0
1212,6,60,monjes,229,162,3,221,186,0,2,0,59,96,0,1,0,4,,0,0
1212,6,61,monjes,230,165,3,279,197,0,2,0,59,96,0,0,0,4,1,16,0
1212,6,62,monjes,230,166,3,244,224,0,2,0,76,112,0,3,0,4,,0,0
1212,6,63,monjes,230,167,3,209,270,0,2,0,90,127,0,0,0,4,,0,0
1212,6,64,monjes,230,168,3,214,315,0,2,0,91,129,0,0,0,4,,0,0
1212,6,65,monjes,230,169,3,229,344,0,2,0,82,120,0,0,0,4,,0,0
1212,6,66,monjes,231,170,3,244,369,0,2,0,82,120,0,0,0,4,,0,0
1212,6,67,monjes,230,166,3,205,336,0,2,0,84,124,0,0,0,4,1,32,0
1212,6,68,monjes,231,170,3,157,354,0,2,0,80,117,0,2,0,4,,0,0
1212,6,69,monjes,258,226,4,118,380,0,2,0,88,126,0,0,0,4,,0,0
1212,6,70,monjes,260,237,4,136,381,0,2,0,89,137,0,1,0,4,,0,0
1212,6,71,monjes,260,237,4,154,351,0,2,0,54,102,0,0,0,4,,0,0
1212,6,72,monjes,260,237,4,166,323,0,2,0,54,96,0,0,0,4,,0,0
1212,6,73,monjes,260,237,4,217,265,0,2,0,55,97,0,0,0,4,1,27,0
1212,6,74,monjes,260,237,4,188,248,0,2,0,55,94,0,0,0,4,,0,0
1212,6,75,monjes,275,272,5,177,230,0,2,0,55,94,0,2,0,4,,0,0
1212,6,76,monjes,275,272,5,162,211,0,2,0,62,110,0,0,0,4,,0,0
1212,6,77,monjes,276,278,5,166,206,0,2,0,84,132,0,0,0,4,,0,0
1212,6,78,monjes,278,286,5,179,201,0,2,0,86,144,0,2,0,4,,0,0
1212,6,79,monjes,279,294,5,251,212,0,2,0,93,151,0,0,0,4,1,18,0
1212,6,80,monjes,281,302,5,206,227,0,2,0,94,150,0,2,0,4,,0,0
1212,6,81,monjes,291,311,5,204,243,0,2,0,95,154,0,1,0,4,,0,0
1212,6,82,monjes,293,321,5,211,258,0,2,0,96,163,0,0,0,4,,0,0
1212,6,83,monjes,295,331,5,230,371,0,2,0,210,277,0,1,0,4,,0,0
1212,6,84,monjes,297,341,5,250,490,0,2,0,223,291,0,1,0,4,,0,0
1212,6,85,monjes,299,352,5,271,594,0,0,0,223,293,0,0,0,4,1,28,0
1212,6,86,monjes,301,364,5,255,703,0,0,0,225,298,0,0,0,4,,0,0
1212,6,87,monjes,312,376,5,241,805,0,0,0,225,300,0,0,0,4,,0,0
1212,6,88,monjes,314,388,5,231,900,0,0,0,225,304,0,0,0,4,,0,0
1212,6,89,monjes,316,399,5,239,886,0,0,0,120,199,0,0,0,4,,0,0
1212,6,90,monjes,318,407,5,265,867,0,0,0,120,202,0,0,0,4,,0,0
1212,6,91,monjes,320,415,5,341,850,0,0,0,120,202,0,0,0,4,1,16,0
1212,6,92,monjes,321,424,5,313,830,0,0,0,120,204,0,0,0,4,,0,0
1212,6,93,monjes,323,433,5,285,808,0,0,0,120,204,0,0,0,4,,0,0
1212,6,94,monjes,325,443,5,312,779,0,0,0,120,205,0,0,0,4,,0,0
1212,6,95,monjes,325,443,5,348,707,0,0,0,77,162,0,0,0,4,,0,0
1212,6,96,monjes,325,443,5,378,638,0,0,0,77,156,0,0,0,4,,0,0
1212,6,97,monjes,325,443,5,447,571,0,0,0,70,149,0,0,0,4,1,30,0
1212,6,98,monjes,325,443,5,437,511,0,0,0,70,149,0,0,0,4,,0,0
1212,6,99,monjes,333,443,5,427,454,0,0,0,70,149,0,0,0,4,,0,0
1212,6,100,monjes,333,443,5,417,399,0,0,0,70,149,0,0,0,4,,0,0
1212,6,101,monjes,333,443,5,407,377,0,0,0,102,181,0,0,0,4,,0,0
1212,6,102,monjes,333,443,5,403,356,0,0,0,102,187,0,0,0,4,,0,0
1212,6,103,monjes,333,443,5,459,334,0,0,0,102,187,0,0,0,4,1,31,0
1212,6,104,monjes,333,443,5,413,310,0,2,0,102,187,0,0,0,4,,0,0
1212,6,105,monjes,341,443,5,367,287,0,4,0,102,187,0,0,0,4,,0,0
1212,6,106,monjes,341,443,5,321,265,0,6,0,102,187,0,0,0,4,,0,0
1212,6,107,monjes,343,453,5,344,318,0,8,0,183,268,0,0,0,4,,0,0
1212,6,108,monjes,345,463,5,383,372,0,0,0,183,271,0,0,0,4,,0,0
1212,6,109,monjes,347,473,5,446,419,0,0,0,183,271,0,0,0,4,1,29,0
1212,6,110,monjes,349,483,5,393,460,0,2,0,183,273,0,1,0,4,,0,0
1212,6,111,monjes,350,489,5,356,517,0,4,0,203,297,0,1,0,4,,0,0
1212,6,112,monjes,352,495,5,344,590,0,6,0,223,317,0,0,0,4,,0,0
1212,6,113,monjes,352,498,5,376,581,0,7,0,145,239,0,0,0,4,,0,0
1212,6,114,monjes,353,500,5,418,570,0,7,0,145,240,0,0,0,4,,0,0
1212,6,115,monjes,354,506,5,508,559,0,7,0,145,242,0,0,0,4,1,31,0
1212,6,116,monjes,355,512,5,525,548,0,7,0,145,242,0,2,0,4,,0,0
1212,6,117,monjes,356,518,5,542,543,0,7,0,145,242,0,0,0,4,,0,0
1212,6,118,monjes,357,524,5,559,537,0,7,0,145,242,0,0,0,4,,0,0
1212,6,119,monjes,357,524,5,578,469,0,7,0,82,181,0,0,0,4,,0,0
1212,6,120,monjes,366,529,6,591,404,0,7,0,82,175,0,0,0,4,,0,0
1212,6,121,monjes,366,525,6,606,339,0,0,0,82,175,0,0,0,4,1,30,0
1212,6,122,monjes,366,525,6,600,278,0,0,0,82,174,0,0,0,4,,0,0
1212,6,123,monjes,366,525,6,594,219,0,0,0,82,174,0,1,0,4,,0,0
1212,6,124,monjes,366,525,6,578,168,0,0,0,85,177,0,0,0,4,,0,0
1212,6,125,monjes,366,525,6,572,157,0,0,0,127,219,0,0,0,4,,0,0
1212,6,126,monjes,366,525,6,572,146,0,0,0,127,225,0,1,0,4,,0,0
1212,6,127,monjes,366,525,6,592,100,0,0,0,124,223,0,0,0,4,1,24,0
1212,6,128,monjes,366,525,6,540,92,0,2,0,124,223,0,1,0,4,,0,0
1212,6,129,monjes,385,580,7,473,88,0,2,0,124,223,0,0,0,4,,0,0
1212,6,130,monjes,385,580,7,420,69,0,2,0,125,234,0,1,0,4,,0,0
1212,6,131,monjes,387,594,7,367,150,0,4,0,228,337,0,0,0,4,,0,0
1212,6,132,monjes,390,605,7,367,226,0,6,0,229,340,0,0,0,4,,0,0
1212,6,133,monjes,392,615,7,338,294,0,6,0,230,342,0,0,0,4,1,26,0
1212,6,134,monjes,393,624,7,358,356,0,6,0,231,341,0,2,0,4,,0,0
1212,6,135,monjes,395,634,7,355,456,0,6,0,272,384,0,0,0,4,,0,0
1212,6,136,monjes,397,644,7,378,548,0,6,0,274,388,0,2,0,4,,0,0
1212,6,137,monjes,399,654,7,373,569,0,6,0,203,319,0,0,0,4,,0,0
1212,6,138,monjes,401,664,7,399,584,0,6,0,204,322,0,2,0,4,,0,0
1212,6,139,monjes,402,668,7,462,568,0,6,0,220,340,0,0,0,4,1,34,0
1212,6,140,monjes,403,673,7,459,592,0,6,0,216,325,0,0,0,4,,0,0
1212,6,141,monjes,432,735,8,457,616,0,6,0,218,328,0,0,0,4,,0,0
1212,6,142,monjes,432,736,8,459,625,0,6,0,218,339,0,0,0,4,,0,0
1212,6,143,monjes,432,736,8,459,546,0,6,0,128,250,0,0,0,4,,0,0
1212,6,144,monjes,432,736,8,453,470,0,6,0,128,244,0,0,0,4,,0,0
1212,6,145,monjes,432,736,8,475,395,0,6,0,128,244,0,0,0,4,1,42,0
1212,6,146,monjes,440,736,8,468,321,0,6,0,128,241,0,0,0,4,,0,0
1212,6,147,monjes,440,736,8,462,255,0,0,0,128,241,0,2,0,4,,0,0
1212,6,148,monjes,440,736,8,448,199,0,0,0,139,252,0,0,0,4,,0,0
1212,6,149,monjes,440,737,8,444,202,0,0,0,199,312,0,0,0,4,,0,0
1212,6,150,monjes,440,738,8,442,207,0,0,0,200,319,0,1,0,4,,0,0
1212,6,151,monjes,448,739,8,500,213,0,0,0,200,322,0,0,0,4,1,23,0
1212,6,152,monjes,448,739,8,456,195,0,2,0,178,300,0,0,0,4,,0,0
1212,6,153,monjes,448,739,8,406,181,0,4,0,178,300,0,0,0,4,,0,0
1212,6,154,monjes,448,739,8,352,174,0,2,0,178,300,0,0,0,4,,0,0
1212,6,155,monjes,449,740,8,357,298,0,4,0,318,440,0,0,0,4,,0,0
1212,6,156,monjes,449,741,8,399,416,0,4,0,318,440,0,0,0,4,,0,0
1212,6,157,monjes,449,742,8,479,522,0,0,0,319,442,0,0,0,4,1,29,0
1212,6,158,monjes,449,743,8,477,631,0,0,0,321,444,0,0,0,4,,0,0
1212,6,159,monjes,457,744,8,475,737,0,0,0,322,445,0,0,0,4,,0,0
1212,6,160,monjes,458,745,8,478,838,0,0,0,322,446,0,0,0,4,,0,0
1212,6,161,monjes,458,746,8,477,832,0,0,0,215,340,0,0,0,4,,0,0
1212,6,162,monjes,458,747,8,476,828,0,0,0,217,342,0,0,0,4,,0,0
1212,6,163,monjes,458,748,8,531,821,0,0,0,217,342,0,0,0,4,1,30,0
1212,6,164,monjes,458,749,8,529,817,0,0,0,218,344,0,0,0,4,,0,0
1212,6,165,monjes,467,750,8,528,814,0,0,0,218,344,0,0,0,4,,0,0
1212,6,166,monjes,467,751,8,527,811,0,0,0,218,344,0,0,0,4,,0,0
1212,6,167,monjes,467,751,8,528,721,0,0,0,127,253,0,0,0,4,,0,0
1212,6,168,monjes,467,751,8,523,634,0,0,0,127,247,0,0,0,4,,0,0
1212,6,169,monjes,467,751,8,570,550,0,0,0,127,247,0,0,0,4,1,30,0
1212,6,170,monjes,467,751,8,565,470,0,0,0,127,247,0,0,0,4,,0,0
1212,6,171,monjes,475,751,8,559,393,0,0,0,127,247,0,0,0,4,,0,0
1212,6,172,monjes,475,751,8,554,319,0,0,0,127,247,0,0,0,4,,0,0
1212,6,173,monjes,475,751,8,547,303,0,0,0,184,304,0,0,0,4,,0,0
1212,6,174,monjes,475,751,8,546,288,0,0,0,184,310,0,0,0,4,,0,0
1212,6,175,monjes,475,751,8,605,264,0,0,0,184,310,0,0,0,4,1,33,0
1212,6,176,monjes,475,751,8,562,246,0,2,0,184,310,0,0,0,4,,0,0
1212,6,177,monjes,635,751,8,520,229,0,4,0,184,310,0,1,1,5,,0,0
1212,6,178,monjes,644,756,9,481,214,0,6,0,184,310,0,0,0,5,,0,0
1212,6,179,monjes,644,758,9,430,335,0,8,0,327,453,0,0,0,5,,0,0
1212,6,180,monjes,645,760,9,404,451,0,10,0,327,453,0,0,0,5,,0,0
1212,6,181,monjes,646,765,9,450,557,0,8,0,327,453,0,1,0,5,1,34,0
1212,6,182,monjes,647,770,9,442,665,0,8,0,327,454,0,1,0,5,,0,0
1212,6,183,monjes,648,775,9,419,787,0,8,0,345,472,0,0,0,5,,0,0
1212,6,184,monjes,657,780,9,412,901,0,8,0,345,473,0,1,0,5,,0,0
1212,6,185,monjes,658,785,9,406,897,0,8,0,229,358,0,1,0,5,,0,0
1212,6,186,monjes,659,790,9,400,896,0,8,0,231,360,0,0,0,5,,0,0
1212,6,187,monjes,660,795,9,466,857,0,8,0,232,361,0,0,0,5,1,25,0
1212,6,188,monjes,661,801,9,462,855,0,8,0,232,363,0,1,0,5,,0,0
1212,6,189,monjes,679,854,10,458,855,0,8,0,234,365,0,0,0,5,,0,0
1212,6,190,monjes,681,862,10,437,843,0,8,0,235,373,0,0,0,5,,0,0
1212,6,191,monjes,681,862,10,427,735,0,8,0,138,277,0,0,0,5,,0,0
1212,6,192,monjes,681,862,10,411,631,0,8,0,138,271,0,1,0,5,,0,0
1212,6,193,monjes,681,862,10,420,525,0,8,0,134,271,0,0,0,5,1,35,0
1212,6,194,monjes,681,862,10,406,424,0,8,0,134,269,0,0,0,5,,0,0
1212,6,195,monjes,689,862,10,392,332,0,1,0,134,269,0,2,0,5,,0,0
1212,6,196,monjes,689,862,10,378,251,0,1,0,145,280,0,1,0,5,,0,0
1212,6,197,monjes,689,862,10,354,237,0,1,0,209,344,0,0,0,5,,0,0
1212,6,198,monjes,689,862,10,346,221,0,1,0,209,350,0,1,0,5,,0,0
1212,6,199,monjes,689,862,10,423,206,0,1,0,209,354,0,0,0,5,1,25,0
1212,6,200,monjes,689,862,10,398,188,0,2,0,209,354,0,0,0,5,,0,0
1212,6,1,salineros,23,36,1,19,68,0,9,0,8,27,0,0,0,0,1,5,0
1212,6,2,salineros,23,36,1,18,65,0,18,0,8,22,0,0,0,0,,0,0
1212,6,3,salineros,23,36,1,17,62,0,27,0,8,22,0,0,0,0,,0,0
1212,6,4,salineros,23,36,1,16,59,0,36,0,8,22,0,0,0,0,,0,0
1212,6,5,salineros,23,37,1,15,60,0,45,0,12,26,0,1,0,0,,0,0
1212,6,6,salineros,23,38,1,17,63,0,65,0,12,40,0,0,0,0,,0,0
1212,6,7,salineros,88,39,1,19,66,0,85,0,12,40,0,0,0,1,1,0,1
1212,6,8,salineros,89,40,1,1,69,0,104,0,12,39,0,0,0,1,,0,0
1212,6,9,salineros,89,42,1,5,69,0,123,0,12,41,0,0,0,1,,0,0
1212,6,10,salineros,89,44,1,9,69,0,141,0,12,40,0,1,0,1,,0,0
1212,6,11,salineros,90,46,1,21,83,0,159,0,25,61,0,0,0,1,,0,0
1212,6,12,salineros,90,48,1,33,97,0,176,0,25,60,0,0,0,1,,0,0
1212,6,13,salineros,90,46,1,25,100,0,183,0,25,60,0,0,0,1,1,14,0
1212,6,14,salineros,90,48,1,37,114,0,188,0,25,59,0,0,0,1,,0,0
1212,6,15,salineros,91,50,1,49,127,0,193,0,25,59,0,0,0,1,,0,0
1212,6,16,salineros,91,52,1,63,140,0,198,0,25,61,0,0,0,1,,0,0
1212,6,17,salineros,91,54,1,77,143,0,202,0,16,51,0,0,0,1,,0,0
1212,6,18,salineros,92,56,1,91,146,0,206,0,16,51,0,0,0,1,,0,0
1212,6,19,salineros,91,54,1,592,134,0,214,0,16,50,0,0,0,1,1,24,0
1212,6,20,salineros,110,56,1,606,137,0,217,0,16,50,0,0,0,2,,0,0
1212,6,21,salineros,110,58,1,620,139,0,219,0,16,49,0,0,0,2,,0,0
1212,6,22,salineros,111,60,1,634,141,0,221,0,16,49,0,0,0,2,,0,0
1212,6,23,salineros,111,60,1,650,130,0,222,0,8,42,0,0,0,2,,0,0
1212,6,24,salineros,119,60,1,660,123,0,223,0,8,36,0,0,0,2,,0,0
1212,6,25,salineros,118,56,1,1115,106,0,230,0,8,35,0,0,0,2,1,19,0
1212,6,26,salineros,118,56,1,1082,100,0,238,0,8,34,0,0,0,2,,0,0
1212,6,27,salineros,118,56,1,1049,94,0,246,0,8,34,0,0,0,2,,0,0
1212,6,28,salineros,118,56,1,1016,88,0,253,0,8,33,0,0,0,2,,0,0
1212,6,29,salineros,118,56,1,983,86,0,260,0,12,37,0,0,0,2,,0,0
1212,6,30,salineros,118,56,1,955,84,0,266,0,12,41,0,0,0,2,,0,0
1212,6,31,salineros,118,56,1,1165,81,0,272,0,12,41,0,0,0,2,1,28,0
1212,6,32,salineros,126,56,1,1137,79,0,277,0,12,40,0,0,0,2,,0,0
1212,6,33,salineros,126,56,1,1109,77,0,282,0,12,40,0,0,0,2,,0,0
1212,6,34,salineros,126,56,1,1081,74,0,286,0,12,39,0,0,0,2,,0,0
1212,6,35,salineros,134,58,1,1053,85,0,290,0,25,52,0,0,0,2,,0,0
1212,6,36,salineros,135,60,1,1025,96,0,294,0,25,52,0,0,0,2,,0,0
1212,6,37,salineros,135,60,1,1243,106,0,297,0,25,54,0,0,0,2,1,18,0
1212,6,38,salineros,135,60,1,1217,116,0,300,0,25,54,0,0,0,2,,0,0
1212,6,39,salineros,135,60,1,1191,126,0,303,0,25,54,0,0,0,2,,0,0
1212,6,40,salineros,135,60,1,1165,136,0,306,0,25,54,0,0,0,2,,0,0
1212,6,41,salineros,135,60,1,1139,137,0,309,0,16,45,0,0,0,2,,0,0
1212,6,42,salineros,135,60,1,1113,138,0,312,0,16,45,0,0,0,2,,0,0
1212,6,43,salineros,135,64,1,1286,142,0,315,0,16,45,0,0,0,2,1,20,0
1212,6,44,salineros,135,64,1,1260,142,0,318,0,16,45,0,0,0,2,,0,0
1212,6,45,salineros,135,64,1,1234,142,0,321,0,16,45,0,0,0,2,,0,0
1212,6,46,salineros,135,64,1,1208,142,0,324,0,16,45,0,0,0,2,,0,0
1212,6,47,salineros,135,64,1,1182,134,0,327,0,8,37,0,0,0,2,,0,0
1212,6,48,salineros,135,64,1,1150,126,0,330,0,8,31,0,0,0,2,,0,0
1212,6,49,salineros,135,60,1,1285,108,0,333,0,8,31,0,0,0,2,1,20,0
1212,6,50,salineros,135,60,1,1253,101,0,336,0,8,31,0,0,0,2,,0,0
1212,6,51,salineros,135,60,1,1221,94,0,340,0,8,31,0,0,0,2,,0,0
1212,6,52,salineros,135,60,1,1189,87,0,344,0,8,31,0,0,0,2,,0,0
1212,6,53,salineros,135,60,1,1157,84,0,348,0,12,35,0,0,0,2,,0,0
1212,6,54,salineros,135,60,1,1131,81,0,352,0,12,41,0,0,0,2,,0,0
1212,6,55,salineros,135,60,1,1300,74,0,356,0,12,41,0,0,0,2,1,35,0
1212,6,56,salineros,143,60,1,1280,75,0,360,0,12,41,0,0,0,2,,0,0
1212,6,57,salineros,143,60,1,1260,76,0,364,0,12,41,0,0,0,2,,0,0
1212,6,58,salineros,143,60,1,1240,73,0,368,0,12,41,0,0,0,2,,0,0
1212,6,59,salineros,151,60,1,1220,87,0,372,0,25,54,0,0,0,2,,0,0
1212,6,60,salineros,151,60,1,1200,101,0,376,0,25,54,0,0,0,2,,0,0
1212,6,61,salineros,151,60,1,1375,115,0,380,0,25,54,0,0,0,2,1,19,0
1212,6,62,salineros,151,60,1,1321,125,0,384,0,25,54,0,0,0,2,,0,0
1212,6,63,salineros,151,60,1,1267,135,0,388,0,25,54,0,0,0,2,,0,0
1212,6,64,salineros,151,60,1,1213,145,0,391,0,25,54,0,0,0,2,,0,0
1212,6,65,salineros,151,60,1,1159,146,0,394,0,16,45,0,0,0,2,,0,0
1212,6,66,salineros,151,60,1,1105,147,0,397,0,16,45,0,0,0,2,,0,0
1212,6,67,salineros,151,64,1,1346,153,0,400,0,16,45,0,0,0,2,1,19,0
1212,6,68,salineros,151,64,1,1292,153,0,403,0,16,45,0,0,0,2,,0,0
1212,6,69,salineros,151,64,1,1238,153,0,406,0,16,45,0,0,0,2,,0,0
1212,6,70,salineros,151,64,1,1184,153,0,409,0,16,45,0,0,0,2,,0,0
1212,6,71,salineros,151,64,1,1130,145,0,412,0,8,37,0,0,0,2,,0,0
1212,6,72,salineros,151,64,1,1070,137,0,416,0,8,31,0,0,0,2,,0,0
1212,6,73,salineros,151,60,1,1286,119,0,420,0,8,31,0,0,0,2,1,19,0
1212,6,74,salineros,151,60,1,1226,112,0,424,0,8,31,0,0,0,2,,0,0
1212,6,75,salineros,151,60,1,1166,105,0,428,0,8,31,0,0,0,2,,0,0
1212,6,76,salineros,151,60,1,1106,98,0,432,0,8,31,0,0,0,2,,0,0
1212,6,77,salineros,151,60,1,1046,95,0,436,0,12,35,0,0,0,2,,0,0
1212,6,78,salineros,151,60,1,992,92,0,440,0,12,41,0,0,0,2,,0,0
1212,6,79,salineros,151,60,1,1232,45,0,445,0,12,41,0,0,0,2,1,29,0
1212,6,80,salineros,159,60,1,1216,49,0,450,0,12,41,0,0,0,2,,0,0
1212,6,81,salineros,194,95,2,1200,53,0,455,0,12,41,0,0,0,3,,0,0
1212,6,82,salineros,194,95,2,1181,46,0,460,0,12,47,0,0,0,3,,0,0
1212,6,83,salineros,194,95,2,1162,55,0,465,0,25,60,0,0,0,3,,0,0
1212,6,84,salineros,194,95,2,1143,64,0,470,0,25,60,0,0,0,3,,0,0
1212,6,85,salineros,194,95,2,1252,33,0,475,0,25,60,0,0,0,3,1,23,0
1212,6,86,salineros,202,96,2,1233,40,0,480,0,25,60,0,1,0,3,,0,0
1212,6,87,salineros,248,139,3,1204,59,0,484,0,36,71,0,0,0,4,,0,0
1212,6,88,salineros,249,142,3,1184,66,0,488,0,36,79,0,1,0,4,,0,0
1212,6,89,salineros,249,142,3,1149,68,0,492,0,30,73,0,0,0,4,,0,0
1212,6,90,salineros,249,142,3,1129,68,0,496,0,30,73,0,1,0,4,,0,0
1212,6,91,salineros,250,146,3,1286,37,0,501,0,34,77,0,0,0,4,1,28,0
1212,6,92,salineros,250,146,3,1261,35,0,506,0,34,77,0,2,0,4,,0,0
1212,6,93,salineros,266,186,4,1236,48,0,511,0,45,88,0,0,0,4,,0,0
1212,6,94,salineros,266,186,4,1210,51,0,516,0,45,96,0,0,0,4,,0,0
1212,6,95,salineros,266,186,4,1184,35,0,521,0,26,77,0,0,0,4,,0,0
1212,6,96,salineros,266,186,4,1152,19,0,526,0,26,71,0,0,0,4,,0,0
1212,6,97,salineros,265,186,4,1352,4,0,532,0,26,71,1,0,0,4,1,25,0
1212,6,98,salineros,264,186,4,1320,4,0,538,0,26,71,1,0,0,4,,0,0
1212,6,99,salineros,262,182,4,1288,4,0,544,0,26,71,1,0,0,4,,0,0
1212,6,100,salineros,260,178,4,1254,4,0,550,0,24,67,1,0,0,4,,0,0
1212,6,101,salineros,258,174,4,1220,4,0,556,0,32,75,1,0,0,4,,0,0
1212,6,102,salineros,257,170,4,1192,4,0,562,0,27,76,1,0,0,4,,0,0
1212,6,103,salineros,255,166,4,1391,4,0,568,0,27,76,1,0,0,4,1,25,0
1212,6,104,salineros,253,162,4,1358,4,0,573,0,26,66,1,0,0,4,,0,0
1212,6,105,salineros,251,158,4,1325,4,0,578,0,26,66,1,0,0,4,,0,0
1212,6,106,salineros,146,56,1,1292,4,0,581,0,9,33,1,0,0,4,,0,0
1212,6,107,salineros,146,56,1,1269,13,0,583,0,19,43,0,0,0,4,,0,0
1212,6,108,salineros,146,56,1,1246,22,0,585,0,19,43,0,0,0,4,,0,0
1212,6,109,salineros,146,58,1,1459,31,0,587,0,19,43,0,0,0,4,1,25,0
1212,6,110,salineros,147,60,1,1430,40,0,589,0,19,36,0,0,0,4,,0,0
1212,6,111,salineros,147,60,1,1402,52,0,593,0,23,43,0,0,0,4,,0,0
1212,6,112,salineros,147,60,1,1374,64,0,596,0,23,43,0,0,0,4,,0,0
1212,6,113,salineros,147,60,1,1346,67,0,599,0,14,34,0,0,0,4,,0,0
1212,6,114,salineros,147,60,1,1318,70,0,602,0,14,34,0,0,0,4,,0,0
1212,6,115,salineros,146,56,1,1487,65,0,607,0,16,37,0,0,0,4,1,26,0
1212,6,116,salineros,146,58,1,1459,71,0,612,0,16,36,0,0,0,4,,0,0
1212,6,117,salineros,147,60,1,1431,77,0,617,0,16,36,0,0,0,4,,0,0
1212,6,118,salineros,147,60,1,1404,82,0,622,0,16,37,0,0,0,4,,0,0
1212,6,119,salineros,147,60,1,1377,79,0,627,0,8,29,0,0,0,4,,0,0
1212,6,120,salineros,147,60,1,1350,76,0,632,0,8,29,0,0,0,4,,0,0
1212,6,121,salineros,147,60,1,1503,67,0,637,0,8,29,0,0,0,4,1,24,0
1212,6,122,salineros,147,60,1,1480,67,0,642,0,8,29,0,0,0,4,,0,0
1212,6,123,salineros,155,60,1,1457,67,0,647,0,8,29,0,0,0,4,,0,0
1212,6,124,salineros,155,60,1,1434,67,0,652,0,8,29,0,0,0,4,,0,0
1212,6,125,salineros,155,60,1,1411,71,0,657,0,12,33,0,0,0,4,,0,0
1212,6,126,salineros,155,60,1,1392,75,0,662,0,12,37,0,0,0,4,,0,0
1212,6,127,salineros,155,60,1,1533,79,0,670,0,12,37,0,0,0,4,1,13,0
1212,6,128,salineros,155,60,1,1501,86,0,678,0,12,37,0,0,0,4,,0,0
1212,6,129,salineros,155,60,1,1469,93,0,686,0,12,37,0,0,0,4,,0,0
1212,6,130,salineros,155,60,1,1437,100,0,694,0,12,37,0,0,0,4,,0,0
1212,6,131,salineros,155,60,1,1405,120,0,701,0,25,50,0,0,0,4,,0,0
1212,6,132,salineros,155,60,1,1373,140,0,708,0,25,50,0,0,0,4,,0,0
1212,6,133,salineros,155,60,1,1416,156,0,700,0,25,50,0,0,0,4,1,18,0
1212,6,134,salineros,155,60,1,1429,166,0,696,0,25,50,0,0,0,4,,0,0
1212,6,135,salineros,155,60,1,1442,176,0,692,0,25,50,0,0,0,4,,0,0
1212,6,136,salineros,163,60,1,1455,186,0,688,0,25,50,0,0,0,4,,0,0
1212,6,137,salineros,163,60,1,1468,187,0,684,0,16,41,0,0,0,4,,0,0
1212,6,138,salineros,163,60,1,1481,188,0,680,0,16,41,0,0,0,4,,0,0
1212,6,139,salineros,163,60,1,1981,189,0,686,0,16,41,0,0,0,4,1,2,0
1212,6,140,salineros,163,60,1,1994,190,0,692,0,16,41,0,0,0,4,,0,0
1212,6,141,salineros,163,60,1,2007,191,0,697,0,16,41,0,0,0,4,,0,0
1212,6,142,salineros,163,60,1,2020,192,0,702,0,16,41,0,0,0,4,,0,0
1212,6,143,salineros,163,60,1,2033,185,0,708,0,8,33,0,0,0,4,,0,0
1212,6,144,salineros,163,60,1,2042,178,0,714,0,8,29,0,0,0,4,,0,0
1212,6,145,salineros,163,60,1,2001,167,0,710,0,8,29,0,0,0,4,1,18,0
1212,6,146,salineros,163,60,1,2010,160,0,706,0,8,29,0,0,0,4,,0,0
1212,6,147,salineros,171,60,1,2019,153,0,702,0,8,29,0,0,0,4,,0,0
1212,6,148,salineros,171,60,1,2028,146,0,698,0,8,29,0,0,0,4,,0,0
1212,6,149,salineros,171,60,1,2037,143,0,694,0,12,33,0,0,0,4,,0,0
1212,6,150,salineros,171,60,1,2050,140,0,691,0,12,37,0,0,0,4,,0,0
1212,6,151,salineros,171,60,1,2564,137,0,698,0,12,37,0,0,0,4,1,3,0
1212,6,152,salineros,171,60,1,2577,134,0,707,0,12,39,0,0,0,4,,0,0
1212,6,153,salineros,171,60,1,2590,131,0,716,0,12,39,0,0,0,4,,0,0
1212,6,154,salineros,171,60,1,2603,128,0,725,0,12,39,0,0,0,4,,0,0
1212,6,155,salineros,171,60,1,2616,138,0,734,0,25,52,0,0,0,4,,0,0
1212,6,156,salineros,171,60,1,2629,148,0,742,0,25,52,0,0,0,4,,0,0
1212,6,157,salineros,171,60,1,2592,154,0,737,0,25,52,0,0,0,4,1,18,0
1212,6,158,salineros,171,60,1,2605,164,0,735,0,25,52,0,0,0,4,,0,0
1212,6,159,salineros,171,60,1,2618,174,0,733,0,25,52,0,0,0,4,,0,0
1212,6,160,salineros,179,60,1,2631,184,0,731,0,25,52,0,0,0,4,,0,0
1212,6,161,salineros,179,60,1,2644,185,0,729,0,16,43,0,0,0,4,,0,0
1212,6,162,salineros,179,60,1,2657,186,0,727,0,16,43,0,0,0,4,,0,0
1212,6,163,salineros,179,60,1,3150,187,0,735,0,16,43,0,0,0,4,1,2,0
1212,6,164,salineros,179,60,1,3163,188,0,743,0,16,43,0,0,0,4,,0,0
1212,6,165,salineros,179,60,1,3176,189,0,751,0,16,43,0,0,0,4,,0,0
1212,6,166,salineros,179,60,1,3189,190,0,759,0,16,43,0,0,0,4,,0,0
1212,6,167,salineros,179,60,1,3202,183,0,767,0,8,35,0,0,0,4,,0,0
1212,6,168,salineros,179,60,1,3211,176,0,775,0,8,31,0,0,0,4,,0,0
1212,6,169,salineros,179,60,1,3170,165,0,773,0,8,31,0,0,0,4,1,18,0
1212,6,170,salineros,179,60,1,3179,158,0,771,0,8,31,0,0,0,4,,0,0
1212,6,171,salineros,187,60,1,3188,151,0,769,0,8,31,0,0,0,4,,0,0
1212,6,172,salineros,187,60,1,3197,144,0,767,0,8,31,0,0,0,4,,0,0
1212,6,173,salineros,187,60,1,3206,141,0,765,0,12,35,0,0,0,4,,0,0
1212,6,174,salineros,187,60,1,3219,138,0,764,0,12,39,0,0,0,4,,0,0
1212,6,175,salineros,187,60,1,3720,135,0,773,0,12,39,0,0,0,4,1,2,0
1212,6,176,salineros,187,60,1,3733,132,0,782,0,12,39,0,0,0,4,,0,0
1212,6,177,salineros,187,60,1,3746,129,0,791,0,12,39,0,0,0,4,,0,0
1212,6,178,salineros,187,60,1,3759,126,0,800,0,12,39,0,0,0,4,,0,0
1212,6,179,salineros,187,60,1,3772,136,0,809,0,25,52,0,0,0,4,,0,0
1212,6,180,salineros,187,60,1,3785,146,0,817,0,25,52,0,0,0,4,,0,0
1212,6,181,salineros,187,60,1,3748,152,0,812,0,25,52,0,0,0,4,1,18,0
1212,6,182,salineros,187,60,1,3761,162,0,810,0,25,52,0,0,0,4,,0,0
1212,6,183,salineros,187,60,1,3774,172,0,808,0,25,52,0,0,0,4,,0,0
1212,6,184,salineros,195,60,1,3787,182,0,806,0,25,52,0,0,0,4,,0,0
1212,6,185,salineros,195,60,1,3800,183,0,804,0,16,43,0,0,0,4,,0,0
1212,6,186,salineros,195,60,1,3813,184,0,802,0,16,43,0,0,0,4,,0,0
1212,6,187,salineros,195,60,1,4310,185,0,810,0,16,43,0,0,0,4,1,2,0
1212,6,188,salineros,195,60,1,4323,186,0,818,0,16,43,0,0,0,4,,0,0
1212,6,189,salineros,195,60,1,4336,187,0,826,0,16,43,0,0,0,4,,0,0
1212,6,190,salineros,195,60,1,4349,188,0,834,0,16,43,0,0,0,4,,0,0
1212,6,191,salineros,195,60,1,4362,181,0,842,0,8,35,0,0,0,4,,0,0
1212,6,192,salineros,195,60,1,4371,174,0,850,0,8,31,0,0,0,4,,0,0
1212,6,193,salineros,195,60,1,4330,160,0,848,0,8,31,0,0,0,4,1,18,0
1212,6,194,salineros,195,60,1,4339,153,0,846,0,8,31,0,0,0,4,,0,0
1212,6,195,salineros,195,60,1,4348,146,0,844,0,8,31,0,0,0,4,,0,0
1212,6,196,salineros,195,60,1,4357,139,0,843,0,8,31,0,0,0,4,,0,0
1212,6,197,salineros,195,60,1,4366,135,0,842,0,11,34,0,0,0,4,,0,0
1212,6,198,salineros,203,60,1,4379,131,0,841,0,11,38,0,0,0,4,,0,0
1212,6,199,salineros,203,60,1,4892,127,0,850,0,11,38,0,0,0,4,1,2,0
1212,6,200,salineros,203,60,1,4905,123,0,859,0,11,38,0,0,0,4,,0,0
1212-2,6,1,arrieros,34,91,1,42,61,0,0,0,12,30,0,0,0,0,1,5,0
1212-2,6,2,arrieros,34,91,1,47,48,0,0,0,12,21,0,0,0,0,,0,0
1212-2,6,3,arrieros,34,91,1,52,35,0,0,0,12,21,0,0,0,0,,0,0
1212-2,6,4,arrieros,34,91,1,57,23,0,0,0,12,21,0,0,0,0,,0,0
1212-2,6,5,arrieros,34,91,1,62,19,0,0,0,20,29,0,1,0,0,,0,0
1212-2,6,6,arrieros,34,91,1,84,17,0,0,0,20,46,0,0,0,0,,0,0
1212-2,6,7,arrieros,34,91,1,84,15,0,0,0,20,46,0,0,0,0,1,5,0
1212-2,6,8,arrieros,34,91,1,106,19,0,0,0,20,46,0,0,0,0,,0,0
1212-2,6,9,arrieros,34,91,1,128,17,0,0,0,20,46,0,0,0,0,,0,0
1212-2,6,10,arrieros,34,91,1,150,15,0,0,0,20,46,0,0,0,0,,0,0
1212-2,6,11,arrieros,34,91,1,172,32,0,0,0,40,66,0,0,0,0,,0,0
1212-2,6,12,arrieros,34,91,1,194,48,0,0,0,40,66,0,0,0,0,,0,0
1212-2,6,13,arrieros,34,91,1,128,64,0,0,0,40,66,0,0,0,0,1,7,0
1212-2,6,14,arrieros,34,91,1,132,88,0,0,0,40,66,0,0,0,0,,0,0
1212-2,6,15,arrieros,49,91,1,154,107,0,0,0,40,66,0,0,0,1,,0,0
1212-2,6,16,arrieros,49,91,1,176,120,0,0,0,40,66,0,0,0,1,,0,0
1212-2,6,17,arrieros,49,91,1,198,119,0,0,0,25,51,0,0,0,1,,0,0
1212-2,6,18,arrieros,49,91,1,220,118,0,0,0,25,51,0,0,0,1,,0,0
1212-2,6,19,arrieros,48,87,1,232,111,0,0,0,25,51,0,0,0,1,1,10,0
1212-2,6,20,arrieros,48,87,1,168,123,0,0,0,25,49,0,0,0,1,,0,0
1212-2,6,21,arrieros,48,87,1,177,132,0,0,0,25,49,0,1,0,1,,0,0
1212-2,6,22,arrieros,48,87,1,197,134,0,0,0,25,53,0,0,0,1,,0,0
1212-2,6,23,arrieros,48,87,1,217,120,0,0,0,12,40,0,0,0,1,,0,0
1212-2,6,24,arrieros,48,87,1,229,107,0,0,0,12,32,0,0,0,1,,0,0
1212-2,6,25,arrieros,47,83,1,200,85,0,0,0,12,32,0,0,0,1,1,20,0
1212-2,6,26,arrieros,65,83,1,138,86,0,0,0,12,32,0,0,0,2,,0,0
1212-2,6,27,arrieros,65,83,1,132,87,0,0,0,12,32,0,0,0,2,,0,0
1212-2,6,28,arrieros,65,83,1,144,77,0,0,0,12,32,0,0,0,2,,0,0
1212-2,6,29,arrieros,73,83,1,156,74,0,0,0,20,40,0,0,0,2,,0,0
1212-2,6,30,arrieros,73,83,1,176,72,0,0,0,20,48,0,0,0,2,,0,0
1212-2,6,31,arrieros,72,79,1,131,64,0,0,0,20,48,0,0,0,2,1,11,0
1212-2,6,32,arrieros,72,79,1,138,69,0,0,0,20,46,0,0,0,2,,0,0
1212-2,6,33,arrieros,72,79,1,156,71,0,0,0,20,46,0,0,0,2,,0,0
1212-2,6,34,arrieros,72,79,1,174,70,0,0,0,20,46,0,0,0,2,,0,0
1212-2,6,35,arrieros,72,79,1,192,81,0,0,0,33,59,0,0,0,2,,0,0
1212-2,6,36,arrieros,72,79,1,210,92,0,0,0,33,59,0,0,0,2,,0,0
1212-2,6,37,arrieros,72,75,1,279,96,0,0,0,33,59,0,0,0,2,1,15,0
1212-2,6,38,arrieros,72,75,1,255,111,0,0,0,33,59,0,1,0,2,,0,0
1212-2,6,39,arrieros,72,75,1,269,127,0,0,0,33,59,0,0,0,2,,0,0
1212-2,6,40,arrieros,72,75,1,287,138,0,0,0,33,59,0,0,0,2,,0,0
1212-2,6,41,arrieros,72,75,1,305,140,0,0,0,25,51,0,0,0,2,,0,0
1212-2,6,42,arrieros,72,75,1,323,142,0,0,0,25,51,0,0,0,2,,0,0
1212-2,6,43,arrieros,71,71,1,375,133,0,0,0,25,51,0,0,0,2,1,31,0
1212-2,6,44,arrieros,79,71,1,274,136,0,0,0,25,51,0,0,0,2,,0,0
1212-2,6,45,arrieros,79,71,1,272,139,0,0,0,25,51,0,0,0,2,,0,0
1212-2,6,46,arrieros,79,71,1,290,142,0,0,0,25,51,0,0,0,2,,0,0
1212-2,6,47,arrieros,79,71,1,308,127,0,0,0,12,38,0,0,0,2,,0,0
1212-2,6,48,arrieros,87,71,1,319,118,0,0,0,12,31,0,0,0,2,,0,0
1212-2,6,49,arrieros,87,71,1,338,109,0,0,0,12,31,0,0,0,2,1,13,0
1212-2,6,50,arrieros,87,71,1,230,98,0,0,0,12,31,0,0,0,2,,0,0
1212-2,6,51,arrieros,87,71,1,221,88,0,0,0,12,31,0,1,0,2,,0,0
1212-2,6,52,arrieros,87,71,1,232,80,0,0,0,12,31,0,0,0,2,,0,0
1212-2,6,53,arrieros,87,71,1,243,80,0,0,0,20,39,0,0,0,2,,0,0
1212-2,6,54,arrieros,87,71,1,261,80,0,0,0,20,46,0,0,0,2,,0,0
1212-2,6,55,arrieros,87,71,1,329,74,0,0,0,20,46,0,0,0,2,1,36,0
1212-2,6,56,arrieros,95,71,1,269,78,0,0,0,20,46,0,1,0,2,,0,0
1212-2,6,57,arrieros,95,71,1,269,84,0,0,0,20,46,0,0,0,2,,0,0
1212-2,6,58,arrieros,95,71,1,287,83,0,0,0,20,46,0,0,0,2,,0,0
1212-2,6,59,arrieros,95,71,1,305,102,0,0,0,40,66,0,0,0,2,,0,0
1212-2,6,60,arrieros,95,71,1,323,120,0,0,0,40,66,0,0,0,2,,0,0
1212-2,6,61,arrieros,103,71,1,384,138,0,0,0,40,66,0,0,0,2,1,14,0
1212-2,6,62,arrieros,103,71,1,286,153,0,0,0,40,66,0,1,0,2,,0,0
1212-2,6,63,arrieros,103,71,1,274,169,0,0,0,40,66,0,0,0,2,,0,0
1212-2,6,64,arrieros,103,71,1,292,185,0,0,0,40,66,0,0,0,2,,0,0
1212-2,6,65,arrieros,103,71,1,310,186,0,0,0,25,51,0,0,0,2,,0,0
1212-2,6,66,arrieros,103,71,1,328,187,0,0,0,25,51,0,0,0,2,,0,0
1212-2,6,67,arrieros,104,79,1,398,192,0,0,0,25,51,0,0,0,2,1,13,0
1212-2,6,68,arrieros,104,79,1,297,189,0,0,0,25,51,0,1,0,2,,0,0
1212-2,6,69,arrieros,104,79,1,285,188,0,0,0,25,51,0,0,0,2,,0,0
1212-2,6,70,arrieros,104,79,1,303,187,0,0,0,25,51,0,0,0,2,,0,0
1212-2,6,71,arrieros,104,79,1,321,173,0,0,0,12,38,0,0,0,2,,0,0
1212-2,6,72,arrieros,104,79,1,332,160,0,0,0,12,31,0,0,0,2,,0,0
1212-2,6,73,arrieros,104,75,1,335,142,0,0,0,12,31,0,0,0,2,1,11,0
1212-2,6,74,arrieros,104,75,1,227,131,0,0,0,12,31,0,0,0,2,,0,0
1212-2,6,75,arrieros,104,75,1,208,120,0,0,0,12,31,0,0,0,2,,0,0
1212-2,6,76,arrieros,104,75,1,219,110,0,0,0,12,31,0,0,0,2,,0,0
1212-2,6,77,arrieros,104,75,1,230,108,0,0,0,20,39,0,0,0,2,,0,0
1212-2,6,78,arrieros,104,75,1,248,106,0,0,0,20,46,0,0,0,2,,0,0
1212-2,6,79,arrieros,103,71,1,287,92,0,0,0,20,46,0,0,0,2,1,20,0
1212-2,6,80,arrieros,103,71,1,227,98,0,0,0,20,46,0,0,0,2,,0,0
1212-2,6,81,arrieros,111,71,1,241,103,0,0,0,20,46,0,0,0,2,,0,0
1212-2,6,82,arrieros,111,71,1,259,103,0,0,0,20,46,0,0,0,2,,0,0
1212-2,6,83,arrieros,111,71,1,277,121,0,0,0,40,66,0,0,0,2,,0,0
1212-2,6,84,arrieros,111,71,1,295,139,0,0,0,40,66,0,0,0,2,,0,0
1212-2,6,85,arrieros,111,71,1,384,158,0,0,0,40,66,0,0,0,2,1,12,0
1212-2,6,86,arrieros,111,71,1,286,176,0,0,0,40,66,0,0,0,2,,0,0
1212-2,6,87,arrieros,111,71,1,304,193,0,0,0,40,66,0,0,0,2,,0,0
1212-2,6,88,arrieros,111,71,1,322,209,0,0,0,40,66,0,0,0,2,,0,0
1212-2,6,89,arrieros,111,71,1,340,210,0,0,0,25,51,0,0,0,2,,0,0
1212-2,6,90,arrieros,111,71,1,358,211,0,0,0,25,51,0,0,0,2,,0,0
1212-2,6,91,arrieros,111,71,1,455,200,0,0,0,25,51,0,0,0,2,1,21,0
1212-2,6,92,arrieros,111,71,1,354,202,0,0,0,25,51,0,0,0,2,,0,0
1212-2,6,93,arrieros,119,71,1,342,204,0,0,0,25,51,0,0,0,2,,0,0
1212-2,6,94,arrieros,119,71,1,360,206,0,0,0,25,51,0,0,0,2,,0,0
1212-2,6,95,arrieros,119,71,1,378,195,0,0,0,12,38,0,0,0,2,,0,0
1212-2,6,96,arrieros,119,71,1,389,184,0,0,0,12,31,0,0,0,2,,0,0
1212-2,6,97,arrieros,119,71,1,439,160,0,0,0,12,31,0,0,0,2,1,22,0
1212-2,6,98,arrieros,119,71,1,331,151,0,0,0,12,31,0,0,0,2,,0,0
1212-2,6,99,arrieros,127,71,1,282,142,0,0,0,12,31,0,0,0,2,,0,0
1212-2,6,100,arrieros,127,71,1,293,134,0,0,0,12,31,0,0,0,2,,0,0
1212-2,6,101,arrieros,127,71,1,304,134,0,0,0,20,39,0,0,0,2,,0,0
1212-2,6,102,arrieros,127,71,1,322,134,0,0,0,20,46,0,0,0,2,,0,0
1212-2,6,103,arrieros,127,71,1,405,122,0,0,0,20,46,0,0,0,2,1,27,0
1212-2,6,104,arrieros,127,71,1,320,133,0,0,0,25,51,0,0,0,2,,0,0
1212-2,6,105,arrieros,135,71,1,316,143,0,0,0,25,51,0,0,0,2,,0,0
1212-2,6,106,arrieros,135,71,1,330,153,0,0,0,25,51,0,0,0,2,,0,0
1212-2,6,107,arrieros,135,71,1,348,182,0,0,0,50,76,0,0,0,2,,0,0
1212-2,6,108,arrieros,135,71,1,366,208,0,0,0,50,76,0,0,0,2,,0,0
1212-2,6,109,arrieros,135,71,1,497,235,0,0,0,50,76,0,0,0,2,1,15,0
1212-2,6,110,arrieros,135,71,1,399,251,0,0,0,40,66,0,0,0,2,,0,0
1212-2,6,111,arrieros,135,71,1,377,267,0,0,0,40,66,0,0,0,2,,0,0
1212-2,6,112,arrieros,135,71,1,395,282,0,0,0,40,66,0,0,0,2,,0,0
1212-2,6,113,arrieros,135,71,1,413,282,0,0,0,25,51,0,0,0,2,,0,0
1212-2,6,114,arrieros,135,71,1,431,282,0,0,0,25,51,0,0,0,2,,0,0
1212-2,6,115,arrieros,136,75,1,538,281,0,0,0,25,51,0,0,0,2,1,18,0
1212-2,6,116,arrieros,136,75,1,437,280,0,0,0,25,51,0,0,0,2,,0,0
1212-2,6,117,arrieros,144,75,1,385,279,0,0,0,25,51,0,0,0,2,,0,0
1212-2,6,118,arrieros,144,75,1,403,278,0,0,0,25,51,0,0,0,2,,0,0
1212-2,6,119,arrieros,144,75,1,421,265,0,0,0,12,38,0,0,0,2,,0,0
1212-2,6,120,arrieros,144,75,1,432,252,0,0,0,12,31,0,0,0,2,,0,0
1212-2,6,121,arrieros,143,71,1,511,227,0,0,0,12,31,0,0,0,2,1,19,0
1212-2,6,122,arrieros,143,71,1,432,217,0,0,0,12,31,0,0,0,2,,0,0
1212-2,6,123,arrieros,151,71,1,353,207,0,0,0,12,31,0,0,0,2,,0,0
1212-2,6,124,arrieros,151,71,1,324,198,0,0,0,12,31,0,0,0,2,,0,0
1212-2,6,125,arrieros,151,71,1,335,197,0,0,0,20,39,0,0,0,2,,0,0
1212-2,6,126,arrieros,151,71,1,353,196,0,0,0,20,46,0,0,0,2,,0,0
1212-2,6,127,arrieros,151,71,1,419,181,0,0,0,20,46,0,0,0,2,1,25,0
1212-2,6,128,arrieros,151,71,1,386,178,0,0,0,20,46,0,0,0,2,,0,0
1212-2,6,129,arrieros,159,71,1,353,176,0,0,0,20,46,0,0,0,2,,0,0
1212-2,6,130,arrieros,159,71,1,320,174,0,0,0,20,46,0,0,0,2,,0,0
1212-2,6,131,arrieros,159,71,1,312,191,0,0,0,40,66,0,0,0,2,,0,0
1212-2,6,132,arrieros,159,71,1,330,207,0,0,0,40,66,0,0,0,2,,0,0
1212-2,6,133,arrieros,159,71,1,545,223,0,0,0,40,66,0,0,0,2,1,10,0
1212-2,6,134,arrieros,159,71,1,469,238,0,0,0,40,66,0,0,0,2,,0,0
1212-2,6,135,arrieros,159,71,1,487,252,0,0,0,40,66,0,0,0,2,,0,0
1212-2,6,136,arrieros,159,71,1,505,266,0,0,0,40,66,0,0,0,2,,0,0
1212-2,6,137,arrieros,159,71,1,523,265,0,0,0,25,51,0,0,0,2,,0,0
1212-2,6,138,arrieros,159,71,1,541,264,0,0,0,25,51,0,0,0,2,,0,0
1212-2,6,139,arrieros,160,79,1,616,269,0,0,0,25,51,0,0,0,2,1,17,0
1212-2,6,140,arrieros,160,79,1,510,266,0,0,0,25,51,0,0,0,2,,0,0
1212-2,6,141,arrieros,160,79,1,405,263,0,0,0,25,51,0,0,0,2,,0,0
1212-2,6,142,arrieros,160,79,1,358,260,0,0,0,25,51,0,0,0,2,,0,0
1212-2,6,143,arrieros,160,79,1,374,245,0,0,0,12,38,0,0,0,2,,0,0
1212-2,6,144,arrieros,160,79,1,385,230,0,0,0,12,31,0,0,0,2,,0,0
1212-2,6,145,arrieros,160,75,1,470,210,0,0,0,12,31,0,0,0,2,1,12,0
1212-2,6,146,arrieros,160,75,1,360,198,0,0,0,12,31,0,0,0,2,,0,0
1212-2,6,147,arrieros,160,75,1,349,186,0,0,0,12,31,0,0,0,2,,0,0
1212-2,6,148,arrieros,160,75,1,357,175,0,0,0,12,31,0,0,0,2,,0,0
1212-2,6,149,arrieros,160,75,1,368,172,0,0,0,20,39,0,0,0,2,,0,0
1212-2,6,150,arrieros,160,75,1,386,169,0,0,0,20,46,0,0,0,2,,0,0
1212-2,6,151,arrieros,159,71,1,459,150,0,0,0,20,46,0,0,0,2,1,25,0
1212-2,6,152,arrieros,159,71,1,370,155,0,0,0,20,46,0,0,0,2,,0,0
1212-2,6,153,arrieros,167,71,1,336,159,0,0,0,20,46,0,0,0,2,,0,0
1212-2,6,154,arrieros,167,71,1,346,163,0,0,0,20,46,0,0,0,2,,0,0
1212-2,6,155,arrieros,167,71,1,364,182,0,0,0,40,66,0,0,0,2,,0,0
1212-2,6,156,arrieros,167,71,1,382,199,0,0,0,40,66,0,0,0,2,,0,0
1212-2,6,157,arrieros,167,71,1,524,215,0,0,0,40,66,0,0,0,2,1,20,0
1212-2,6,158,arrieros,167,71,1,427,231,0,0,0,40,66,0,0,0,2,,0,0
1212-2,6,159,arrieros,167,71,1,411,247,0,0,0,40,66,0,0,0,2,,0,0
1212-2,6,160,arrieros,167,71,1,425,262,0,0,0,40,66,0,0,0,2,,0,0
1212-2,6,161,arrieros,167,71,1,439,262,0,0,0,25,51,0,0,0,2,,0,0
1212-2,6,162,arrieros,167,71,1,457,262,0,0,0,25,51,0,0,0,2,,0,0
1212-2,6,163,arrieros,168,75,1,566,257,0,0,0,25,51,0,0,0,2,1,17,0
1212-2,6,164,arrieros,168,75,1,461,255,0,0,0,25,51,0,0,0,2,,0,0
1212-2,6,165,arrieros,176,75,1,376,253,0,0,0,25,51,0,0,0,2,,0,0
1212-2,6,166,arrieros,176,75,1,389,251,0,0,0,25,51,0,0,0,2,,0,0
1212-2,6,167,arrieros,176,75,1,407,237,0,0,0,12,38,0,0,0,2,,0,0
1212-2,6,168,arrieros,176,75,1,418,224,0,0,0,12,31,0,0,0,2,,0,0
1212-2,6,169,arrieros,175,71,1,475,206,0,0,0,12,31,0,0,0,2,1,12,0
1212-2,6,170,arrieros,175,71,1,365,195,0,0,0,12,31,0,0,0,2,,0,0
1212-2,6,171,arrieros,175,71,1,314,184,0,0,0,12,31,0,0,0,2,,0,0
1212-2,6,172,arrieros,175,71,1,322,174,0,0,0,12,31,0,0,0,2,,0,0
1212-2,6,173,arrieros,175,71,1,333,172,0,0,0,20,39,0,0,0,2,,0,0
1212-2,6,174,arrieros,175,71,1,351,170,0,0,0,20,46,0,0,0,2,,0,0
1212-2,6,175,arrieros,175,71,1,444,153,0,0,0,20,46,0,0,0,2,1,26,0
1212-2,6,176,arrieros,175,71,1,355,158,0,0,0,20,46,0,0,0,2,,0,0
1212-2,6,177,arrieros,183,71,1,351,162,0,0,0,20,46,0,0,0,2,,0,0
1212-2,6,178,arrieros,183,71,1,369,166,0,0,0,20,46,0,0,0,2,,0,0
1212-2,6,179,arrieros,183,71,1,387,183,0,0,0,40,66,0,0,0,2,,0,0
1212-2,6,180,arrieros,183,71,1,405,200,0,0,0,40,66,0,0,0,2,,0,0
1212-2,6,181,arrieros,183,71,1,534,216,0,0,0,40,66,0,0,0,2,1,14,0
1212-2,6,182,arrieros,183,71,1,432,231,0,0,0,40,66,0,0,0,2,,0,0
1212-2,6,183,arrieros,183,71,1,400,246,0,0,0,40,66,0,0,0,2,,0,0
1212-2,6,184,arrieros,183,71,1,413,260,0,0,0,40,66,0,0,0,2,,0,0
1212-2,6,185,arrieros,183,71,1,431,259,0,0,0,25,51,0,0,0,2,,0,0
1212-2,6,186,arrieros,183,71,1,449,258,0,0,0,25,51,0,0,0,2,,0,0
1212-2,6,187,arrieros,184,79,1,560,263,0,0,0,25,51,0,0,0,2,1,14,0
1212-2,6,188,arrieros,184,79,1,459,260,0,0,0,25,51,0,0,0,2,,0,0
1212-2,6,189,arrieros,184,79,1,383,257,0,0,0,25,51,0,0,0,2,,0,0
1212-2,6,190,arrieros,345,80,1,398,254,0,0,0,25,51,0,1,1,3,,0,0
1212-2,6,191,arrieros,345,80,1,418,240,0,0,0,12,40,0,0,0,3,,0,0
1212-2,6,192,arrieros,345,80,1,430,226,0,0,0,12,32,0,0,0,3,,0,0
1212-2,6,193,arrieros,344,76,1,493,208,0,0,0,12,32,0,0,0,3,1,13,0
1212-2,6,194,arrieros,344,76,1,385,196,0,0,0,11,30,0,0,0,3,,0,0
1212-2,6,195,arrieros,344,76,1,326,184,0,0,0,11,30,0,0,0,3,,0,0
1212-2,6,196,arrieros,344,76,1,337,173,0,0,0,11,30,0,0,0,3,,0,0
1212-2,6,197,arrieros,344,76,1,348,169,0,0,0,18,37,0,0,0,3,,0,0
1212-2,6,198,arrieros,344,76,1,366,165,0,0,0,18,44,0,0,0,3,,0,0
1212-2,6,199,arrieros,344,75,1,481,149,0,0,0,18,44,0,0,0,3,1,22,0
1212-2,6,200,arrieros,344,75,1,415,156,0,0,0,18,44,0,0,0,3,,0,0
1212-2,6,1,canteros,39,116,1,88,53,0,0,0,15,45,0,0,0,0,1,4,0
1212-2,6,2,canteros,39,116,1,95,36,0,0,0,15,31,0,0,0,0,,0,0
1212-2,6,3,canteros,39,116,1,102,20,0,0,0,15,31,0,1,0,0,,0,0
1212-2,6,4,canteros,39,116,1,117,6,0,0,0,15,39,0,0,0,0,,0,0
1212-2,6,5,canteros,38,116,1,132,0,0,0,0,17,41,1,0,0,0,,0,0
1212-2,6,6,canteros,37,116,1,158,0,0,0,0,17,52,1,0,0,0,,0,0
1212-2,6,7,canteros,35,113,1,97,0,0,0,0,17,52,1,0,0,0,1,8,0
1212-2,6,8,canteros,34,110,1,113,4,0,0,0,17,52,1,0,0,0,,0,0
1212-2,6,9,canteros,32,107,1,139,2,0,0,0,17,52,1,0,0,0,,0,0
1212-2,6,10,canteros,30,104,1,163,0,0,0,0,17,50,1,0,0,0,,0,0
1212-2,6,11,canteros,30,104,1,187,17,0,0,0,43,75,0,0,0,0,,0,0
1212-2,6,12,canteros,30,104,1,211,33,0,0,0,43,75,0,0,0,0,,0,0
1212-2,6,13,canteros,30,104,1,215,48,0,0,0,43,75,0,0,0,0,1,9,0
1212-2,6,14,canteros,30,104,1,177,67,0,0,0,43,75,0,0,0,0,,0,0
1212-2,6,15,canteros,30,104,1,201,90,0,0,0,48,81,0,0,0,0,,0,0
1212-2,6,16,canteros,45,104,1,225,108,0,0,0,48,81,0,0,0,1,,0,0
1212-2,6,17,canteros,45,104,1,249,108,0,0,0,30,63,0,0,0,1,,0,0
1212-2,6,18,canteros,45,104,1,273,108,0,0,0,30,62,0,0,0,1,,0,0
1212-2,6,19,canteros,45,100,1,329,98,0,0,0,30,62,0,0,0,1,1,16,0
1212-2,6,20,canteros,45,100,1,306,106,0,0,0,30,62,0,0,0,1,,0,0
1212-2,6,21,canteros,45,100,1,283,114,0,0,0,30,62,0,0,0,1,,0,0
1212-2,6,22,canteros,45,100,1,260,122,0,0,0,30,62,0,0,0,1,,0,0
1212-2,6,23,canteros,45,100,1,259,115,0,0,0,15,47,0,0,0,1,,0,0
1212-2,6,24,canteros,45,100,1,273,107,0,0,0,15,37,0,0,0,1,,0,0
1212-2,6,25,canteros,44,96,1,285,80,0,0,0,15,37,0,0,0,1,1,26,0
1212-2,6,26,canteros,62,96,1,251,76,0,0,0,15,36,0,0,0,2,,0,0
1212-2,6,27,canteros,62,96,1,217,72,0,0,0,15,36,0,0,0,2,,0,0
1212-2,6,28,canteros,62,96,1,183,64,0,0,0,15,36,0,0,0,2,,0,0
1212-2,6,29,canteros,70,96,1,171,69,0,0,0,24,45,0,0,0,2,,0,0
1212-2,6,30,canteros,70,96,1,193,73,0,0,0,24,54,0,0,0,2,,0,0
1212-2,6,31,canteros,70,96,1,79,71,0,0,0,24,54,0,0,0,2,1,9,0
1212-2,6,32,canteros,70,96,1,72,74,0,0,0,24,54,0,0,0,2,,0,0
1212-2,6,33,canteros,70,96,1,73,77,0,0,0,24,54,0,0,0,2,,0,0
1212-2,6,34,canteros,70,96,1,95,77,0,0,0,24,54,0,0,0,2,,0,0
1212-2,6,35,canteros,70,96,1,117,96,0,0,0,48,77,0,0,0,2,,0,0
1212-2,6,36,canteros,70,96,1,139,114,0,0,0,48,77,0,0,0,2,,0,0
1212-2,6,37,canteros,70,96,1,177,131,0,0,0,48,77,0,0,0,2,1,7,0
1212-2,6,38,canteros,70,96,1,182,151,0,0,0,48,77,0,0,0,2,,0,0
1212-2,6,39,canteros,70,96,1,204,171,0,0,0,48,77,0,0,0,2,,0,0
1212-2,6,40,canteros,70,96,1,226,186,0,0,0,48,77,0,0,0,2,,0,0
1212-2,6,41,canteros,70,96,1,248,183,0,0,0,30,59,0,0,0,2,,0,0
1212-2,6,42,canteros,70,96,1,270,180,0,0,0,30,59,0,0,0,2,,0,0
1212-2,6,43,canteros,70,96,1,273,176,0,0,0,30,59,0,0,0,2,1,19,0
1212-2,6,44,canteros,78,96,1,229,173,0,0,0,30,59,0,0,0,2,,0,0
1212-2,6,45,canteros,78,96,1,185,170,0,0,0,30,59,0,0,0,2,,0,0
1212-2,6,46,canteros,78,96,1,171,168,0,0,0,30,59,0,0,0,2,,0,0
1212-2,6,47,canteros,78,96,1,187,150,0,0,0,15,44,0,0,0,2,,0,0
1212-2,6,48,canteros,86,96,1,195,134,0,0,0,15,35,0,0,0,2,,0,0
1212-2,6,49,canteros,86,96,1,213,116,0,0,0,12,32,0,0,0,2,1,10,0
1212-2,6,50,canteros,86,96,1,173,105,0,0,0,12,32,0,0,0,2,,0,0
1212-2,6,51,canteros,86,96,1,139,95,0,0,0,12,32,0,0,0,2,,0,0
1212-2,6,52,canteros,86,96,1,146,85,0,0,0,12,31,0,0,0,2,,0,0
1212-2,6,53,canteros,86,96,1,153,80,0,0,0,24,43,0,0,0,2,,0,0
1212-2,6,54,canteros,86,96,1,170,75,0,0,0,24,52,0,0,0,2,,0,0
1212-2,6,55,canteros,86,96,1,147,67,0,0,0,24,52,0,0,0,2,1,13,0
1212-2,6,56,canteros,86,96,1,140,67,0,0,0,24,52,0,0,0,2,,0,0
1212-2,6,57,canteros,94,96,1,162,67,0,0,0,24,52,0,0,0,2,,0,0
1212-2,6,58,canteros,94,96,1,184,63,0,0,0,24,52,0,0,0,2,,0,0
1212-2,6,59,canteros,94,96,1,206,82,0,0,0,48,76,0,0,0,2,,0,0
1212-2,6,60,canteros,94,96,1,228,100,0,0,0,48,76,0,0,0,2,,0,0
1212-2,6,61,canteros,94,96,1,232,118,0,0,0,48,76,0,0,0,2,1,11,0
1212-2,6,62,canteros,94,96,1,187,139,0,0,0,48,76,0,0,0,2,,0,0
1212-2,6,63,canteros,94,96,1,186,159,0,0,0,48,76,0,0,0,2,,0,0
1212-2,6,64,canteros,94,96,1,208,178,0,0,0,48,76,0,0,0,2,,0,0
1212-2,6,65,canteros,94,96,1,230,175,0,0,0,30,58,0,0,0,2,,0,0
1212-2,6,66,canteros,94,96,1,252,172,0,0,0,30,58,0,0,0,2,,0,0
1212-2,6,67,canteros,94,96,1,316,166,0,0,0,30,58,0,0,0,2,1,14,0
1212-2,6,68,canteros,94,96,1,272,164,0,0,0,30,58,0,0,0,2,,0,0
1212-2,6,69,canteros,102,96,1,228,162,0,0,0,30,58,0,0,0,2,,0,0
1212-2,6,70,canteros,102,96,1,233,160,0,0,0,30,58,0,0,0,2,,0,0
1212-2,6,71,canteros,102,96,1,249,141,0,0,0,12,40,0,0,0,2,,0,0
1212-2,6,72,canteros,312,96,1,260,122,0,0,0,12,31,0,1,1,3,,0,0
1212-2,6,73,canteros,312,96,1,280,105,0,0,0,15,34,0,0,0,3,1,21,0
1212-2,6,74,canteros,312,96,1,246,98,0,0,0,13,32,0,0,0,3,,0,0
1212-2,6,75,canteros,312,96,1,212,91,0,0,0,13,32,0,0,0,3,,0,0
1212-2,6,76,canteros,320,96,1,178,84,0,0,0,13,32,0,0,0,3,,0,0
1212-2,6,77,canteros,320,96,1,182,85,0,0,0,21,40,0,0,0,3,,0,0
1212-2,6,78,canteros,320,96,1,204,81,0,0,0,21,49,0,0,0,3,,0,0
1212-2,6,79,canteros,320,96,1,204,75,0,0,0,21,49,0,0,0,3,1,11,0
1212-2,6,80,canteros,320,96,1,171,74,0,0,0,21,49,0,0,0,3,,0,0
1212-2,6,81,canteros,320,96,1,184,73,0,0,0,21,49,0,0,0,3,,0,0
1212-2,6,82,canteros,320,96,1,206,70,0,0,0,21,49,0,0,0,3,,0,0
1212-2,6,83,canteros,320,96,1,228,86,0,0,0,43,71,0,0,0,3,,0,0
1212-2,6,84,canteros,320,96,1,250,101,0,0,0,43,71,0,0,0,3,,0,0
1212-2,6,85,canteros,320,96,1,290,116,0,0,0,43,71,0,0,0,3,1,9,0
1212-2,6,86,canteros,320,96,1,232,137,0,0,0,43,71,0,0,0,3,,0,0
1212-2,6,87,canteros,320,96,1,225,157,0,0,0,43,71,0,0,0,3,,0,0
1212-2,6,88,canteros,320,96,1,247,176,0,0,0,43,71,0,0,0,3,,0,0
1212-2,6,89,canteros,320,96,1,269,172,0,0,0,27,55,0,0,0,3,,0,0
1212-2,6,90,canteros,320,96,1,291,168,0,0,0,27,55,0,0,0,3,,0,0
1212-2,6,91,canteros,320,96,1,440,161,0,0,0,27,55,0,0,0,3,1,6,0
1212-2,6,92,canteros,320,96,1,462,158,0,0,0,27,55,0,0,0,3,,0,0
1212-2,6,93,canteros,328,96,1,484,155,0,0,0,27,55,0,0,0,3,,0,0
1212-2,6,94,canteros,328,96,1,506,152,0,0,0,27,55,0,0,0,3,,0,0
1212-2,6,95,canteros,328,96,1,528,136,0,0,0,13,41,0,0,0,3,,0,0
1212-2,6,96,canteros,328,96,1,541,120,0,0,0,13,32,0,0,0,3,,0,0
1212-2,6,97,canteros,328,96,1,513,101,0,0,0,13,32,0,0,0,3,1,17,0
1212-2,6,98,canteros,328,96,1,485,97,0,0,0,13,32,0,0,0,3,,0,0
1212-2,6,99,canteros,336,96,1,457,93,0,0,0,13,32,0,0,0,3,,0,0
1212-2,6,100,canteros,336,96,1,429,89,0,0,0,13,32,0,0,0,3,,0,0
1212-2,6,101,canteros,336,96,1,401,93,0,0,0,21,40,0,0,0,3,,0,0
1212-2,6,102,canteros,336,96,1,382,97,0,0,0,21,49,0,0,0,3,,0,0
1212-2,6,103,canteros,336,96,1,401,101,0,0,0,21,49,0,0,0,3,1,13,0
1212-2,6,104,canteros,336,96,1,343,102,0,0,0,21,49,0,0,0,3,,0,0
1212-2,6,105,canteros,336,96,1,285,103,0,0,0,21,49,0,0,0,3,,0,0
1212-2,6,106,canteros,336,96,1,227,103,0,0,0,21,49,0,0,0,3,,0,0
1212-2,6,107,canteros,336,96,1,249,125,0,0,0,43,71,0,0,0,3,,0,0
1212-2,6,108,canteros,336,96,1,271,139,0,0,0,43,71,0,0,0,3,,0,0
1212-2,6,109,canteros,336,96,1,461,152,0,0,0,43,71,0,0,0,3,1,12,0
1212-2,6,110,canteros,336,96,1,411,170,0,0,0,43,71,0,0,0,3,,0,0
1212-2,6,111,canteros,336,96,1,386,187,0,0,0,43,71,0,0,0,3,,0,0
1212-2,6,112,canteros,336,96,1,391,203,0,0,0,43,71,0,0,0,3,,0,0
1212-2,6,113,canteros,336,96,1,413,202,0,0,0,27,55,0,0,0,3,,0,0
1212-2,6,114,canteros,336,96,1,435,197,0,0,0,27,55,0,0,0,3,,0,0
1212-2,6,115,canteros,336,96,1,610,188,0,0,0,27,55,0,0,0,3,1,6,0
1212-2,6,116,canteros,336,96,1,632,184,0,0,0,27,55,0,0,0,3,,0,0
1212-2,6,117,canteros,344,96,1,654,180,0,0,0,27,55,0,0,0,3,,0,0
1212-2,6,118,canteros,344,96,1,676,176,0,0,0,27,55,0,0,0,3,,0,0
1212-2,6,119,canteros,344,96,1,698,159,0,0,0,13,41,0,0,0,3,,0,0
1212-2,6,120,canteros,344,96,1,711,143,0,0,0,13,32,0,0,0,3,,0,0
1212-2,6,121,canteros,344,96,1,689,85,0,0,0,13,32,0,0,0,3,1,18,0
1212-2,6,122,canteros,344,96,1,697,73,0,0,0,13,32,0,0,0,3,,0,0
1212-2,6,123,canteros,386,126,2,705,61,0,0,0,13,32,0,0,0,4,,0,0
1212-2,6,124,canteros,386,126,2,706,43,0,0,0,13,38,0,0,0,4,,0,0
1212-2,6,125,canteros,386,126,2,707,33,0,0,0,21,46,0,0,0,4,,0,0
1212-2,6,126,canteros,386,126,2,717,24,0,0,0,21,55,0,0,0,4,,0,0
1212-2,6,127,canteros,386,126,2,653,15,0,0,0,21,55,0,0,0,4,1,21,0
1212-2,6,128,canteros,386,126,2,587,10,0,0,0,21,55,0,1,0,4,,0,0
1212-2,6,129,canteros,386,126,2,511,10,0,0,0,24,58,0,0,0,4,,0,0
1212-2,6,130,canteros,385,126,2,445,7,0,0,0,17,51,1,1,0,4,,0,0
1212-2,6,131,canteros,385,126,2,379,18,0,0,0,35,75,0,0,0,4,,0,0
1212-2,6,132,canteros,385,126,2,313,29,0,0,0,35,75,0,0,0,4,,0,0
1212-2,6,133,canteros,385,127,2,598,39,0,0,0,35,75,0,0,0,4,1,13,0
1212-2,6,134,canteros,385,128,2,532,47,0,0,0,35,71,0,0,0,4,,0,0
1212-2,6,135,canteros,385,129,2,466,54,0,0,0,35,71,0,1,0,4,,0,0
1212-2,6,136,canteros,386,130,2,472,77,0,0,0,50,90,0,0,0,4,,0,0
1212-2,6,137,canteros,386,130,2,487,75,0,0,0,31,71,0,0,0,4,,0,0
1212-2,6,138,canteros,386,130,2,502,72,0,0,0,31,71,0,0,0,4,,0,0
1212-2,6,139,canteros,386,131,2,672,66,0,0,0,32,73,0,0,0,4,1,19,0
1212-2,6,140,canteros,386,131,2,658,71,0,0,0,32,73,0,0,0,4,,0,0
1212-2,6,141,canteros,394,131,2,632,76,0,0,0,32,73,0,0,0,4,,0,0
1212-2,6,142,canteros,394,131,2,606,83,0,0,0,32,73,0,0,0,4,,0,0
1212-2,6,143,canteros,394,131,2,580,74,0,0,0,15,56,0,0,0,4,,0,0
1212-2,6,144,canteros,394,131,2,545,65,0,0,0,15,47,0,0,0,4,,0,0
1212-2,6,145,canteros,394,131,2,621,57,0,0,0,15,47,0,0,0,4,1,19,0
1212-2,6,146,canteros,394,131,2,599,46,0,0,0,15,49,0,0,0,4,,0,0
1212-2,6,147,canteros,394,131,2,577,35,0,0,0,15,49,0,0,0,4,,0,0
1212-2,6,148,canteros,394,131,2,555,25,0,0,0,15,49,0,0,0,4,,0,0
1212-2,6,149,canteros,394,131,2,533,25,0,0,0,25,59,0,0,0,4,,0,0
1212-2,6,150,canteros,394,131,2,520,25,0,0,0,25,68,0,0,0,4,,0,0
1212-2,6,151,canteros,394,131,2,499,25,0,0,0,25,68,0,0,0,4,1,26,0
1212-2,6,152,canteros,394,131,2,439,20,0,0,0,25,68,0,0,0,4,,0,0
1212-2,6,153,canteros,394,131,2,379,15,0,0,0,25,67,0,0,0,4,,0,0
1212-2,6,154,canteros,394,131,2,319,10,0,0,0,25,67,0,0,0,4,,0,0
1212-2,6,155,canteros,394,132,2,259,30,0,0,0,51,93,0,0,0,4,,0,0
1212-2,6,156,canteros,394,133,2,199,49,0,0,0,51,93,0,0,0,4,,0,0
1212-2,6,157,canteros,394,134,2,589,67,0,0,0,51,93,0,0,0,4,1,7,0
1212-2,6,158,canteros,395,135,2,542,87,0,0,0,51,93,0,0,0,4,,0,0
1212-2,6,159,canteros,395,136,2,551,106,0,0,0,51,93,0,0,0,4,,0,0
1212-2,6,160,canteros,395,138,2,561,117,0,0,0,51,94,0,0,0,4,,0,0
1212-2,6,161,canteros,395,138,2,571,109,0,0,0,32,75,0,0,0,4,,0,0
1212-2,6,162,canteros,395,138,2,581,101,0,0,0,32,75,0,0,0,4,,0,0
1212-2,6,163,canteros,395,138,2,650,90,0,0,0,32,75,0,0,0,4,1,17,0
1212-2,6,164,canteros,395,138,2,619,93,0,0,0,32,75,0,0,0,4,,0,0
1212-2,6,165,canteros,403,138,2,588,96,0,0,0,32,75,0,0,0,4,,0,0
1212-2,6,166,canteros,403,138,2,557,99,0,0,0,32,75,0,0,0,4,,0,0
1212-2,6,167,canteros,523,138,2,532,85,0,0,0,15,58,0,1,1,4,,0,0
1212-2,6,168,canteros,523,138,2,499,74,0,0,0,15,49,0,0,0,4,,0,0
1212-2,6,169,canteros,523,138,2,539,58,0,0,0,15,49,0,0,0,4,1,17,0
1212-2,6,170,canteros,523,138,2,506,48,0,0,0,15,49,0,0,0,4,,0,0
1212-2,6,171,canteros,523,138,2,473,38,0,0,0,15,49,0,0,0,4,,0,0
1212-2,6,172,canteros,531,138,2,440,29,0,0,0,15,49,0,0,0,4,,0,0
1212-2,6,173,canteros,531,138,2,407,30,0,0,0,25,59,0,0,0,4,,0,0
1212-2,6,174,canteros,531,138,2,383,31,0,0,0,25,67,0,0,0,4,,0,0
1212-2,6,175,canteros,531,138,2,393,32,0,0,0,25,67,0,0,0,4,1,15,0
1212-2,6,176,canteros,531,138,2,329,30,0,0,0,25,67,0,0,0,4,,0,0
1212-2,6,177,canteros,531,138,2,265,28,0,0,0,25,67,0,0,0,4,,0,0
1212-2,6,178,canteros,531,138,2,226,26,0,0,0,25,67,0,0,0,4,,0,0
1212-2,6,179,canteros,532,140,2,221,49,0,0,0,51,93,0,0,0,4,,0,0
1212-2,6,180,canteros,532,142,2,238,68,0,0,0,51,93,0,0,0,4,,0,0
1212-2,6,181,canteros,532,144,2,400,81,0,0,0,51,93,0,0,0,4,1,9,0
1212-2,6,182,canteros,533,146,2,336,100,0,0,0,51,93,0,0,0,4,,0,0
1212-2,6,183,canteros,533,148,2,342,118,0,0,0,51,95,0,0,0,4,,0,0
1212-2,6,184,canteros,534,150,2,361,130,0,0,0,51,95,0,0,0,4,,0,0
1212-2,6,185,canteros,534,150,2,380,120,0,0,0,32,76,0,0,0,4,,0,0
1212-2,6,186,canteros,534,150,2,399,111,0,0,0,32,76,0,0,0,4,,0,0
1212-2,6,187,canteros,534,150,2,503,98,0,0,0,32,76,0,0,0,4,1,18,0
1212-2,6,188,canteros,534,150,2,481,100,0,0,0,32,76,0,0,0,4,,0,0
1212-2,6,189,canteros,534,150,2,459,102,0,0,0,32,76,0,0,0,4,,0,0
1212-2,6,190,canteros,542,150,2,437,104,0,0,0,32,76,0,0,0,4,,0,0
1212-2,6,191,canteros,542,150,2,415,89,0,0,0,15,59,0,0,0,4,,0,0
1212-2,6,192,canteros,542,150,2,384,75,0,0,0,15,50,0,0,0,4,,0,0
1212-2,6,193,canteros,542,150,2,429,61,0,0,0,15,50,0,0,0,4,1,12,0
1212-2,6,194,canteros,542,150,2,397,48,0,0,0,15,50,0,0,0,4,,0,0
1212-2,6,195,canteros,542,150,2,365,35,0,0,0,15,49,0,0,0,4,,0,0
1212-2,6,196,canteros,542,150,2,333,23,0,0,0,15,49,0,0,0,4,,0,0
1212-2,6,197,canteros,542,150,2,301,21,0,0,0,25,59,0,0,0,4,,0,0
1212-2,6,198,canteros,542,150,2,278,19,0,0,0,25,68,0,0,0,4,,0,0
1212-2,6,199,canteros,542,150,2,256,17,0,0,0,25,68,0,0,0,4,1,17,0
1212-2,6,200,canteros,542,150,2,206,7,0,0,0,25,68,0,0,0,4,,0,0
1212-2,6,1,ferrones,33,86,1,390,62,0,14,0,15,33,0,0,0,0,1,6,0
1212-2,6,2,ferrones,33,86,1,394,53,0,8,0,15,23,0,0,0,0,,0,0
1212-2,6,3,ferrones,33,86,1,398,45,0,3,0,15,23,0,0,0,0,,0,0
1212-2,6,4,ferrones,33,86,1,402,31,0,0,0,9,17,0,0,0,0,,0,0
1212-2,6,5,ferrones,33,86,1,406,12,0,0,0,4,12,0,1,0,0,,0,0
1212-2,6,6,ferrones,32,86,1,426,0,0,0,0,4,28,1,0,0,0,,0,0
1212-2,6,7,ferrones,31,86,1,352,0,0,0,0,4,28,1,0,0,0,1,26,0
1212-2,6,8,ferrones,29,84,1,278,3,0,0,0,4,28,1,0,0,0,,0,0
1212-2,6,9,ferrones,28,82,1,204,3,0,0,0,4,28,1,0,0,0,,0,0
1212-2,6,10,ferrones,27,80,1,155,3,0,2,0,4,28,1,0,0,0,,0,0
1212-2,6,11,ferrones,25,78,1,160,3,0,0,0,15,39,1,0,0,0,,0,0
1212-2,6,12,ferrones,24,76,1,178,1,0,0,0,8,30,1,0,0,0,,0,0
1212-2,6,13,ferrones,22,74,1,274,0,0,0,0,8,30,1,0,0,0,1,8,0
1212-2,6,14,ferrones,21,72,1,277,4,0,0,0,7,29,1,0,0,0,,0,0
1212-2,6,15,ferrones,20,70,1,295,1,0,0,0,7,29,1,0,0,0,,0,0
1212-2,6,16,ferrones,18,68,1,313,0,0,0,0,7,29,1,0,0,0,,0,0
1212-2,6,17,ferrones,17,66,1,329,0,0,0,0,3,23,1,0,0,0,,0,0
1212-2,6,18,ferrones,16,65,1,345,0,0,0,0,3,23,1,0,0,0,,0,0
1212-2,6,19,ferrones,14,64,1,366,0,0,0,0,3,23,1,0,0,0,1,16,0
1212-2,6,20,ferrones,13,63,1,310,7,0,0,0,3,15,1,0,0,0,,0,0
1212-2,6,21,ferrones,12,62,1,254,7,0,0,0,3,15,1,0,0,0,,0,0
1212-2,6,22,ferrones,11,61,1,198,7,0,0,0,3,15,1,0,0,0,,0,0
1212-2,6,23,ferrones,10,60,1,182,7,0,0,0,1,13,1,0,0,0,,0,0
1212-2,6,24,ferrones,8,59,1,191,5,0,0,0,1,13,1,0,0,0,,0,0
1212-2,6,25,ferrones,7,58,1,219,0,0,0,0,1,12,1,0,0,0,1,7,0
1212-2,6,26,ferrones,6,57,1,162,7,0,0,0,1,12,1,0,0,0,,0,0
1212-2,6,27,ferrones,5,56,1,170,7,0,0,0,1,12,1,0,0,0,,0,0
1212-2,6,28,ferrones,4,55,1,178,0,0,0,0,1,12,1,0,0,0,,0,0
1212-2,6,29,ferrones,2,54,1,186,0,0,0,0,2,13,1,0,0,0,,0,0
1212-2,6,30,ferrones,1,53,1,198,0,0,0,0,2,17,1,0,0,0,,0,0
1212-2,6,31,ferrones,0,52,1,149,0,0,0,0,2,17,1,0,0,0,1,11,0
1212-2,6,32,ferrones,-1,51,1,127,4,0,0,0,2,13,1,0,0,0,,0,0
1212-2,6,33,ferrones,-2,50,1,130,4,0,0,0,2,13,1,0,0,0,,0,0
1212-2,6,34,ferrones,-4,49,1,138,1,0,0,0,2,13,1,0,0,0,,0,0
1212-2,6,35,ferrones,-5,48,1,145,0,0,0,0,5,15,1,0,0,0,,0,0
1212-2,6,36,ferrones,-6,47,1,152,0,0,0,0,5,15,1,0,0,0,,0,0
1212-2,6,37,ferrones,-7,46,1,159,0,0,0,0,5,15,1,0,0,0,1,7,0
1212-2,6,38,ferrones,-8,45,1,151,4,0,0,0,5,15,1,0,0,0,,0,0
1212-2,6,39,ferrones,-10,44,1,158,3,0,0,0,5,15,1,0,0,0,,0,0
1212-2,6,40,ferrones,-11,43,1,165,0,0,0,0,5,15,1,0,0,0,,0,0
1212-2,6,41,ferrones,-12,42,1,172,0,0,0,0,3,13,1,0,0,0,,0,0
1212-2,6,42,ferrones,-13,41,1,179,0,0,0,0,3,13,1,0,0,0,,0,0
1212-2,6,43,ferrones,-14,40,1,166,0,0,0,0,3,13,1,0,0,0,1,9,0
1212-2,6,44,ferrones,-16,39,1,128,7,0,0,0,3,13,1,0,0,0,,0,0
1212-2,6,45,ferrones,-16,39,1,120,8,0,0,0,3,13,0,0,0,0,,0,0
1212-2,6,46,ferrones,-16,39,1,127,1,0,0,0,3,13,0,1,0,0,,0,0
1212-2,6,47,ferrones,-17,39,1,134,0,0,0,0,1,13,1,0,0,0,,0,0
1212-2,6,48,ferrones,-18,39,1,141,0,0,0,0,1,13,1,0,0,0,,0,0
1212-2,6,49,ferrones,-19,38,1,115,0,0,0,0,1,13,1,0,0,0,1,6,0
1212-2,6,50,ferrones,-20,37,1,107,7,0,0,0,1,13,1,0,0,0,,0,0
1212-2,6,51,ferrones,-21,36,1,114,3,0,0,0,1,13,1,0,0,0,,0,0
1212-2,6,52,ferrones,-22,35,1,121,0,0,0,0,1,13,1,0,0,0,,0,0
1212-2,6,53,ferrones,-24,34,1,128,0,0,0,0,2,14,1,0,0,0,,0,0
1212-2,6,54,ferrones,-25,33,1,137,0,0,0,0,2,16,1,0,0,0,,0,0
1212-2,6,55,ferrones,-26,32,1,92,0,0,0,0,2,16,1,0,0,0,1,6,0
1212-2,6,56,ferrones,-27,31,1,99,4,0,1,0,2,14,1,0,0,0,,0,0
1212-2,6,57,ferrones,-28,30,1,106,0,0,1,0,2,14,1,0,0,0,,0,0
1212-2,6,58,ferrones,-30,29,1,113,0,0,1,0,2,14,1,0,0,0,,0,0
1212-2,6,59,ferrones,-31,28,1,119,0,0,1,0,5,16,1,0,0,0,,0,0
1212-2,6,60,ferrones,-32,27,1,125,0,0,1,0,5,16,1,0,0,0,,0,0
1212-2,6,61,ferrones,-33,26,1,95,0,0,1,0,4,15,1,0,0,0,1,6,0
1212-2,6,62,ferrones,-34,25,1,86,4,0,1,0,4,15,1,0,0,0,,0,0
1212-2,6,63,ferrones,-34,25,1,92,5,0,0,0,4,15,0,0,0,0,,0,0
1212-2,6,64,ferrones,-34,25,1,98,1,0,0,0,4,15,0,1,0,0,,0,0
1212-2,6,65,ferrones,-35,25,1,104,0,0,0,0,2,13,1,0,0,0,,0,0
1212-2,6,66,ferrones,-36,25,1,110,0,0,0,0,2,13,1,0,0,0,,0,0
1212-2,6,67,ferrones,-38,24,1,90,0,0,0,0,2,13,1,0,0,0,1,6,0
1212-2,6,68,ferrones,-39,23,1,91,7,0,0,0,2,13,1,0,0,0,,0,0
1212-2,6,69,ferrones,-39,23,1,104,5,0,0,0,2,13,0,1,0,0,,0,0
1212-2,6,70,ferrones,-39,23,1,110,3,0,0,0,3,14,0,0,0,0,,0,0
1212-2,6,71,ferrones,-40,23,1,116,0,0,0,0,1,12,1,0,0,0,,0,0
1212-2,6,72,ferrones,-41,23,1,122,0,0,0,0,1,12,1,0,0,0,,0,0
1212-2,6,73,ferrones,-42,22,1,87,0,0,0,0,1,12,1,0,0,0,1,8,0
1212-2,6,74,ferrones,-43,21,1,88,7,0,0,0,1,12,1,0,0,0,,0,0
1212-2,6,75,ferrones,-43,21,1,79,4,0,0,0,1,12,0,0,0,0,,0,0
1212-2,6,76,ferrones,-44,21,1,85,0,0,0,0,1,12,1,0,0,0,,0,0
1212-2,6,77,ferrones,-45,21,1,91,0,0,0,0,2,13,1,1,0,0,,0,0
1212-2,6,78,ferrones,-46,20,1,98,0,0,0,0,1,12,1,0,0,0,,0,0
1212-2,6,79,ferrones,-48,19,1,92,0,0,0,0,1,12,1,0,0,0,1,7,0
1212-2,6,80,ferrones,-49,18,1,92,4,0,0,0,1,10,1,0,0,0,,0,0
1212-2,6,81,ferrones,-49,18,1,104,2,0,0,0,1,10,0,1,0,0,,0,0
1212-2,6,82,ferrones,-49,18,1,109,0,0,0,0,2,12,0,0,0,0,,0,0
1212-2,6,83,ferrones,-49,18,1,114,0,0,0,0,4,14,0,0,0,0,,0,0
1212-2,6,84,ferrones,-49,18,1,119,1,0,0,0,5,15,0,0,0,0,,0,0
1212-2,6,85,ferrones,-49,18,1,74,2,0,0,0,5,15,0,0,0,0,1,7,0
1212-2,6,86,ferrones,-49,18,1,74,5,0,0,0,5,15,0,1,0,0,,0,0
1212-2,6,87,ferrones,-49,18,1,79,6,0,0,0,4,14,0,0,0,0,,0,0
1212-2,6,88,ferrones,-49,18,1,84,6,0,0,0,4,14,0,0,0,0,,0,0
1212-2,6,89,ferrones,-49,18,1,89,5,0,0,0,3,13,0,0,0,0,,0,0
1212-2,6,90,ferrones,-49,18,1,94,4,0,0,0,3,13,0,0,0,0,,0,0
1212-2,6,91,ferrones,-49,18,1,92,3,0,0,0,3,13,0,1,0,0,1,4,0
1212-2,6,92,ferrones,-49,18,1,97,9,0,0,0,4,15,0,0,0,0,,0,0
1212-2,6,93,ferrones,-49,18,1,102,9,0,0,0,4,15,0,0,0,0,,0,0
1212-2,6,94,ferrones,-49,18,1,107,9,0,0,0,4,15,0,0,0,0,,0,0
1212-2,6,95,ferrones,-49,18,1,112,7,0,0,0,2,13,0,0,0,0,,0,0
1212-2,6,96,ferrones,-49,18,1,117,5,0,0,0,2,13,0,0,0,0,,0,0
1212-2,6,97,ferrones,-49,18,1,46,3,0,0,0,2,13,0,0,0,0,1,5,0
1212-2,6,98,ferrones,-50,18,1,51,7,0,0,0,2,13,1,0,0,0,,0,0
1212-2,6,99,ferrones,-50,18,1,56,3,0,0,0,2,13,0,0,0,0,,0,0
1212-2,6,100,ferrones,-51,18,1,61,0,0,0,0,2,13,1,0,0,0,,0,0
1212-2,6,101,ferrones,-52,18,1,66,0,0,0,0,3,14,1,0,0,0,,0,0
1212-2,6,102,ferrones,-53,17,1,72,0,0,0,0,3,15,1,1,0,0,,0,0
1212-2,6,103,ferrones,-54,16,1,84,0,0,0,2,2,15,1,0,0,0,1,3,0
1212-2,6,104,ferrones,-55,15,1,90,2,0,0,3,2,14,1,0,0,0,,0,0
1212-2,6,105,ferrones,-55,15,1,96,1,0,0,4,2,14,0,0,0,0,,0,0
1212-2,6,106,ferrones,-55,15,1,102,0,0,0,5,2,14,0,0,0,0,,0,0
1212-2,6,107,ferrones,-55,15,1,108,1,0,0,6,4,16,0,0,0,0,,0,0
1212-2,6,108,ferrones,-55,15,1,114,2,0,0,7,4,16,0,0,0,0,,0,0
1212-2,6,109,ferrones,-55,15,1,85,3,0,0,8,4,16,0,0,0,0,1,6,0
1212-2,6,110,ferrones,-55,15,1,76,8,0,0,9,4,16,0,0,0,0,,0,0
1212-2,6,111,ferrones,-55,15,1,82,12,0,0,10,4,16,0,0,0,0,,0,0
1212-2,6,112,ferrones,-55,15,1,88,13,0,0,11,4,16,0,0,0,0,,0,0
1212-2,6,113,ferrones,-55,15,1,94,12,0,0,12,2,14,0,0,0,0,,0,0
1212-2,6,114,ferrones,-55,15,1,100,11,0,0,13,2,14,0,0,0,0,,0,0
1212-2,6,115,ferrones,-55,15,1,86,10,0,0,14,2,14,0,0,0,0,1,5,0
1212-2,6,116,ferrones,-55,15,1,87,16,0,0,15,2,14,0,0,0,0,,0,0
1212-2,6,117,ferrones,-55,15,1,93,16,0,0,16,2,14,0,0,0,0,,0,0
1212-2,6,118,ferrones,-55,15,1,99,15,0,0,17,2,14,0,0,0,0,,0,0
1212-2,6,119,ferrones,-55,15,1,105,13,0,0,18,1,13,0,0,0,0,,0,0
1212-2,6,120,ferrones,-55,15,1,110,11,0,0,19,1,12,0,0,0,0,,0,0
1212-2,6,121,ferrones,-55,15,1,79,9,0,0,20,1,12,0,0,0,0,1,4,0
1212-2,6,122,ferrones,-55,15,1,84,14,0,0,21,1,12,0,0,0,0,,0,0
1212-2,6,123,ferrones,-55,15,1,89,12,0,0,22,1,12,0,0,0,0,,0,0
1212-2,6,124,ferrones,-55,15,1,94,10,0,0,23,1,12,0,0,0,0,,0,0
1212-2,6,125,ferrones,-55,15,1,99,9,0,0,24,2,13,0,0,0,0,,0,0
1212-2,6,126,ferrones,-55,15,1,105,8,0,0,25,2,14,0,0,0,0,,0,0
1212-2,6,127,ferrones,-55,15,1,101,7,0,0,13,2,14,0,0,0,0,1,8,0
1212-2,6,128,ferrones,-55,15,1,87,7,0,0,12,2,13,0,0,0,0,,0,0
1212-2,6,129,ferrones,-55,15,1,93,10,0,0,12,2,14,0,0,0,0,,0,0
1212-2,6,130,ferrones,-55,15,1,99,9,0,0,12,2,14,0,0,0,0,,0,0
1212-2,6,131,ferrones,-55,15,1,105,10,0,0,11,4,15,0,0,0,0,,0,0
1212-2,6,132,ferrones,-55,15,1,111,11,0,0,11,4,16,0,0,0,0,,0,0
1212-2,6,133,ferrones,-55,15,1,193,12,0,0,10,4,15,0,0,0,0,1,6,0
1212-2,6,134,ferrones,-55,15,1,189,17,0,0,10,4,16,0,0,0,0,,0,0
1212-2,6,135,ferrones,-55,15,1,195,20,0,0,10,4,16,0,0,0,0,,0,0
1212-2,6,136,ferrones,-55,15,1,201,21,0,0,10,4,16,0,0,0,0,,0,0
1212-2,6,137,ferrones,-55,15,1,207,21,0,0,9,3,14,0,0,0,0,,0,0
1212-2,6,138,ferrones,-55,15,1,213,21,0,0,9,3,15,0,0,0,0,,0,0
1212-2,6,139,ferrones,-55,15,1,176,21,0,0,8,3,14,0,0,0,0,1,10,0
1212-2,6,140,ferrones,-55,15,1,125,24,0,0,8,3,15,0,0,0,0,,0,0
1212-2,6,141,ferrones,-55,15,1,92,27,0,0,8,3,15,0,0,0,0,,0,0
1212-2,6,142,ferrones,-55,15,1,98,29,0,0,8,3,15,0,0,0,0,,0,0
1212-2,6,143,ferrones,-55,15,1,104,26,0,0,8,1,13,0,0,0,0,,0,0
1212-2,6,144,ferrones,-55,15,1,109,24,0,0,8,1,12,0,0,0,0,,0,0
1212-2,6,145,ferrones,-55,15,1,110,22,0,0,8,1,12,0,0,0,0,1,3,0
1212-2,6,146,ferrones,-55,15,1,115,20,0,0,8,1,12,0,0,0,0,,0,0
1212-2,6,147,ferrones,-55,15,1,120,18,0,0,8,1,12,0,0,0,0,,0,0
1212-2,6,148,ferrones,-55,15,1,125,16,0,0,8,1,12,0,0,0,0,,0,0
1212-2,6,149,ferrones,-55,15,1,130,15,0,0,8,2,13,0,0,0,0,,0,0
1212-2,6,150,ferrones,-55,15,1,136,14,0,0,8,2,14,0,0,0,0,,0,0
1212-2,6,151,ferrones,-55,15,1,91,13,0,0,8,2,14,0,0,0,0,1,8,0
1212-2,6,152,ferrones,-55,15,1,87,16,0,1,8,2,14,0,0,0,0,,0,0
1212-2,6,153,ferrones,-55,15,1,93,17,0,0,8,2,14,0,0,0,0,,0,0
1212-2,6,154,ferrones,-55,15,1,99,16,0,0,8,2,14,0,0,0,0,,0,0
1212-2,6,155,ferrones,-55,15,1,105,17,0,0,7,4,15,0,0,0,0,,0,0
1212-2,6,156,ferrones,-55,15,1,111,18,0,0,7,4,16,0,0,0,0,,0,0
1212-2,6,157,ferrones,-55,15,1,93,19,0,0,6,4,15,0,0,0,0,1,6,0
1212-2,6,158,ferrones,-55,15,1,89,24,0,0,6,4,16,0,0,0,0,,0,0
1212-2,6,159,ferrones,-55,15,1,95,26,0,0,6,4,16,0,0,0,0,,0,0
1212-2,6,160,ferrones,-55,15,1,101,26,0,0,6,4,16,0,0,0,0,,0,0
1212-2,6,161,ferrones,-55,15,1,107,25,0,0,5,3,14,0,0,0,0,,0,0
1212-2,6,162,ferrones,-55,15,1,113,24,0,0,5,3,15,0,0,0,0,,0,0
1212-2,6,163,ferrones,-55,15,1,85,24,0,0,4,3,14,0,0,0,0,1,3,0
1212-2,6,164,ferrones,-55,15,1,91,24,0,0,4,3,15,0,0,0,0,,0,0
1212-2,6,165,ferrones,-55,15,1,97,24,0,0,4,3,15,0,0,0,0,,0,0
1212-2,6,166,ferrones,-55,15,1,103,24,0,0,4,3,15,0,0,0,0,,0,0
1212-2,6,167,ferrones,-55,15,1,109,22,0,0,4,1,13,0,0,0,0,,0,0
1212-2,6,168,ferrones,-55,15,1,114,20,0,0,4,1,12,0,0,0,0,,0,0
1212-2,6,169,ferrones,-55,15,1,83,18,0,0,3,1,11,0,0,0,0,1,4,0
1212-2,6,170,ferrones,-55,15,1,88,20,0,0,3,1,12,0,0,0,0,,0,0
1212-2,6,171,ferrones,-55,15,1,93,18,0,0,3,1,12,0,0,0,0,,0,0
1212-2,6,172,ferrones,-55,15,1,98,16,0,0,3,1,12,0,0,0,0,,0,0
1212-2,6,173,ferrones,-55,15,1,103,15,0,0,2,2,12,0,0,0,0,,0,0
1212-2,6,174,ferrones,-55,15,1,109,14,0,0,2,2,14,0,0,0,0,,0,0
1212-2,6,175,ferrones,-55,15,1,92,13,0,0,1,2,13,0,0,0,0,1,6,0
1212-2,6,176,ferrones,-55,15,1,88,16,0,0,1,2,14,0,0,0,0,,0,0
1212-2,6,177,ferrones,-55,15,1,94,17,0,0,1,2,14,0,0,0,0,,0,0
1212-2,6,178,ferrones,-55,15,1,100,16,0,0,1,2,14,0,0,0,0,,0,0
1212-2,6,179,ferrones,-55,15,1,106,17,0,0,0,4,15,0,0,0,0,,0,0
1212-2,6,180,ferrones,-55,15,1,112,18,0,0,0,4,16,0,0,0,0,,0,0
1212-2,6,181,ferrones,-55,15,1,94,19,0,0,0,4,15,0,0,0,0,1,6,0
1212-2,6,182,ferrones,-55,15,1,90,24,0,0,0,4,16,0,0,0,0,,0,0
1212-2,6,183,ferrones,-55,15,1,96,26,0,0,0,4,16,0,0,0,0,,0,0
1212-2,6,184,ferrones,-55,15,1,102,26,0,0,0,4,15,0,0,0,0,,0,0
1212-2,6,185,ferrones,-55,15,1,108,25,0,0,0,3,15,0,0,0,0,,0,0
1212-2,6,186,ferrones,-55,15,1,114,24,0,0,0,3,14,0,0,0,0,,0,0
1212-2,6,187,ferrones,-55,15,1,80,24,0,0,0,3,15,0,0,0,0,1,3,0
1212-2,6,188,ferrones,-55,15,1,86,24,0,0,0,3,14,0,0,0,0,,0,0
1212-2,6,189,ferrones,-55,15,1,92,24,0,0,0,3,15,0,0,0,0,,0,0
1212-2,6,190,ferrones,-55,15,1,98,24,0,0,0,3,15,0,0,0,0,,0,0
1212-2,6,191,ferrones,-55,15,1,104,22,0,0,0,1,13,0,0,0,0,,0,0
1212-2,6,192,ferrones,-55,15,1,109,20,0,0,0,1,12,0,0,0,0,,0,0
1212-2,6,193,ferrones,-55,15,1,86,18,0,0,0,1,12,0,0,0,0,1,6,0
1212-2,6,194,ferrones,-55,15,1,86,20,0,0,0,1,12,0,0,0,0,,0,0
1212-2,6,195,ferrones,-55,15,1,91,19,0,0,0,1,12,0,0,0,0,,0,0
1212-2,6,196,ferrones,-55,15,1,96,17,0,0,0,1,12,0,0,0,0,,0,0
1212-2,6,197,ferrones,-55,15,1,101,16,0,0,0,2,12,0,0,0,0,,0,0
1212-2,6,198,ferrones,-55,15,1,107,15,0,0,0,2,14,0,0,0,0,,0,0
1212-2,6,199,ferrones,-55,15,1,89,14,0,0,0,2,13,0,0,0,0,1,6,0
1212-2,6,200,ferrones,-55,15,1,90,17,0,0,0,2,14,0,0,0,0,,0,0
1212-2,6,1,hortelanos,37,106,1,38,70,0,0,0,29,51,0,0,0,0,1,4,0
1212-2,6,2,hortelanos,37,106,1,44,69,0,0,0,29,39,0,0,0,0,,0,0
1212-2,6,3,hortelanos,37,106,1,50,68,0,0,0,29,39,0,0,0,0,,0,0
1212-2,6,4,hortelanos,37,106,1,56,67,0,0,0,29,39,0,0,0,0,,0,0
1212-2,6,5,hortelanos,37,106,1,62,77,0,0,0,41,51,0,1,0,0,,0,0
1212-2,6,6,hortelanos,37,106,1,86,89,0,0,0,41,69,0,0,0,0,,0,0
1212-2,6,7,hortelanos,101,102,1,90,89,0,0,0,41,69,0,0,0,1,1,11,0
1212-2,6,8,hortelanos,169,102,1,114,101,0,0,0,41,69,0,0,0,2,,0,0
1212-2,6,9,hortelanos,169,102,1,138,113,0,0,0,41,69,0,0,0,2,,0,0
1212-2,6,10,hortelanos,169,102,1,162,120,0,0,0,41,69,0,0,0,2,,0,0
1212-2,6,11,hortelanos,177,102,1,186,160,0,0,0,71,99,0,0,0,2,,0,0
1212-2,6,12,hortelanos,177,102,1,210,198,0,0,0,71,99,0,0,0,2,,0,0
1212-2,6,13,hortelanos,176,98,1,133,221,0,0,0,71,99,0,0,0,2,1,21,0
1212-2,6,14,hortelanos,176,98,1,99,253,0,2,0,71,97,0,0,0,2,,0,0
1212-2,6,15,hortelanos,176,98,1,111,279,0,3,0,71,97,0,0,0,2,,0,0
1212-2,6,16,hortelanos,176,98,1,133,303,0,3,0,71,97,0,0,0,2,,0,0
1212-2,6,17,hortelanos,176,98,1,155,304,0,3,0,48,74,0,0,0,2,,0,0
1212-2,6,18,hortelanos,176,98,1,177,305,0,3,0,48,74,0,0,0,2,,0,0
1212-2,6,19,hortelanos,176,98,1,270,300,0,3,0,48,74,0,0,0,2,1,31,0
1212-2,6,20,hortelanos,184,98,1,238,308,0,3,0,48,74,0,0,0,2,,0,0
1212-2,6,21,hortelanos,184,98,1,260,309,0,3,0,48,74,0,0,0,2,,0,0
1212-2,6,22,hortelanos,184,98,1,282,310,0,3,0,48,74,0,0,0,2,,0,0
1212-2,6,23,hortelanos,184,98,1,304,292,0,3,0,29,55,0,0,0,2,,0,0
1212-2,6,24,hortelanos,192,98,1,317,276,0,3,0,29,46,0,0,0,2,,0,0
1212-2,6,25,hortelanos,192,98,1,392,254,0,3,0,29,46,0,0,0,2,1,24,0
1212-2,6,26,hortelanos,192,98,1,378,243,0,3,0,29,46,0,0,0,2,,0,0
1212-2,6,27,hortelanos,192,98,1,364,233,0,3,0,29,46,0,0,0,2,,0,0
1212-2,6,28,hortelanos,192,98,1,350,223,0,3,0,29,46,0,0,0,2,,0,0
1212-2,6,29,hortelanos,192,98,1,336,225,0,3,0,41,58,0,0,0,2,,0,0
1212-2,6,30,hortelanos,192,98,1,331,227,0,3,0,41,67,0,0,0,2,,0,0
1212-2,6,31,hortelanos,192,98,1,409,232,0,3,0,41,67,0,0,0,2,1,26,0
1212-2,6,32,hortelanos,200,98,1,361,237,0,3,0,41,67,0,0,0,2,,0,0
1212-2,6,33,hortelanos,200,98,1,313,241,0,3,0,41,67,0,0,0,2,,0,0
1212-2,6,34,hortelanos,200,98,1,275,243,0,3,0,41,67,0,0,0,2,,0,0
1212-2,6,35,hortelanos,208,98,1,297,269,0,3,0,71,97,0,0,0,2,,0,0
1212-2,6,36,hortelanos,208,98,1,319,294,0,3,0,71,97,0,0,0,2,,0,0
1212-2,6,37,hortelanos,208,98,1,425,314,0,1,0,71,97,0,0,0,2,1,21,0
1212-2,6,38,hortelanos,208,98,1,377,344,0,1,0,71,97,0,0,0,2,,0,0
1212-2,6,39,hortelanos,208,98,1,329,373,0,1,0,71,97,0,0,0,2,,0,0
1212-2,6,40,hortelanos,208,98,1,311,398,0,1,0,71,97,0,0,0,2,,0,0
1212-2,6,41,hortelanos,208,98,1,333,396,0,1,0,48,74,0,0,0,2,,0,0
1212-2,6,42,hortelanos,208,98,1,355,394,0,1,0,48,74,0,0,0,2,,0,0
1212-2,6,43,hortelanos,209,102,1,431,359,0,1,0,48,74,0,0,0,2,1,24,0
1212-2,6,44,hortelanos,209,102,1,385,364,0,1,0,48,76,0,0,0,2,,0,0
1212-2,6,45,hortelanos,297,154,2,339,369,0,1,0,48,76,0,0,0,3,,0,0
1212-2,6,46,hortelanos,298,156,2,297,361,0,1,0,48,86,0,0,0,3,,0,0
1212-2,6,47,hortelanos,298,156,2,315,328,0,1,0,29,67,0,0,0,3,,0,0
1212-2,6,48,hortelanos,298,156,2,333,296,0,1,0,29,57,0,0,0,3,,0,0
1212-2,6,49,hortelanos,297,152,2,377,262,0,1,0,29,57,0,0,0,3,1,23,0
1212-2,6,50,hortelanos,297,152,2,324,242,0,1,0,35,62,0,0,0,3,,0,0
1212-2,6,51,hortelanos,297,152,2,271,223,0,1,0,35,62,0,2,0,3,,0,0
1212-2,6,52,hortelanos,297,154,2,218,217,0,1,0,45,72,0,0,0,3,,0,0
1212-2,6,53,hortelanos,298,156,2,235,215,0,1,0,59,86,0,0,0,3,,0,0
1212-2,6,54,hortelanos,298,158,2,261,212,0,1,0,59,95,0,2,0,3,,0,0
1212-2,6,55,hortelanos,299,161,2,390,214,0,1,0,59,97,0,0,0,3,1,34,0
1212-2,6,56,hortelanos,307,164,2,368,218,0,2,0,59,97,0,1,0,3,,0,0
1212-2,6,57,hortelanos,308,167,2,346,223,0,3,0,59,100,0,0,0,3,,0,0
1212-2,6,58,hortelanos,309,170,2,324,226,0,4,0,59,100,0,0,0,3,,0,0
1212-2,6,59,hortelanos,317,173,2,354,259,0,5,0,95,138,0,0,0,3,,0,0
1212-2,6,60,hortelanos,318,176,2,384,289,0,5,0,95,138,0,0,0,3,,0,0
1212-2,6,61,hortelanos,318,179,2,437,285,0,5,0,95,138,0,0,0,3,1,18,0
1212-2,6,62,hortelanos,319,183,2,399,320,0,5,0,95,140,0,0,0,3,,0,0
1212-2,6,63,hortelanos,417,234,3,361,353,0,5,0,95,140,0,0,0,4,,0,0
1212-2,6,64,hortelanos,418,237,3,322,372,0,5,0,95,148,0,0,0,4,,0,0
1212-2,6,65,hortelanos,418,239,3,315,360,0,5,0,68,123,0,0,0,4,,0,0
1212-2,6,66,hortelanos,419,241,3,350,345,0,5,0,68,125,0,0,0,4,,0,0
1212-2,6,67,hortelanos,419,243,3,479,335,0,5,0,68,125,0,0,0,4,1,27,0
1212-2,6,68,hortelanos,420,245,3,488,330,0,5,0,68,125,0,2,0,4,,0,0
1212-2,6,69,hortelanos,428,247,3,487,337,0,5,0,77,134,0,0,0,4,,0,0
1212-2,6,70,hortelanos,428,248,3,496,341,0,5,0,77,134,0,1,0,4,,0,0
1212-2,6,71,hortelanos,428,248,3,507,324,0,5,0,54,113,0,0,0,4,,0,0
1212-2,6,72,hortelanos,428,248,3,509,308,0,5,0,54,104,0,0,0,4,,0,0
1212-2,6,73,hortelanos,428,248,3,522,291,0,5,0,54,104,0,0,0,4,1,32,0
1212-2,6,74,hortelanos,436,248,3,505,269,0,5,0,54,104,0,0,0,4,,0,0
1212-2,6,75,hortelanos,436,248,3,488,248,0,5,0,54,104,0,2,0,4,,0,0
1212-2,6,76,hortelanos,436,248,3,471,237,0,0,0,54,107,0,0,0,4,,0,0
1212-2,6,77,hortelanos,437,251,3,454,235,0,0,0,68,121,0,0,0,4,,0,0
1212-2,6,78,hortelanos,437,254,3,446,233,0,0,0,68,130,0,0,0,4,,0,0
1212-2,6,79,hortelanos,438,257,3,488,189,0,0,0,68,130,0,0,0,4,1,33,0
1212-2,6,80,hortelanos,439,260,3,440,183,0,2,0,68,130,0,0,0,4,,0,0
1212-2,6,81,hortelanos,463,300,4,394,176,0,4,0,68,132,0,0,0,4,,0,0
1212-2,6,82,hortelanos,463,300,4,349,163,0,2,0,68,140,0,0,0,4,,0,0
1212-2,6,83,hortelanos,464,305,4,355,180,0,4,0,104,176,0,0,0,4,,0,0
1212-2,6,84,hortelanos,465,310,4,391,192,0,4,0,104,176,0,0,0,4,,0,0
1212-2,6,85,hortelanos,466,315,4,506,207,0,4,0,104,176,0,0,0,4,1,29,0
1212-2,6,86,hortelanos,467,321,4,523,219,0,4,0,104,178,0,2,0,4,,0,0
1212-2,6,87,hortelanos,468,327,4,520,253,0,4,0,125,199,0,0,0,4,,0,0
1212-2,6,88,hortelanos,469,330,4,539,281,0,4,0,125,201,0,2,0,4,,0,0
1212-2,6,89,hortelanos,469,332,4,542,290,0,4,0,104,182,0,0,0,4,,0,0
1212-2,6,90,hortelanos,469,334,4,563,296,0,4,0,104,182,0,1,0,4,,0,0
1212-2,6,91,hortelanos,471,340,4,677,273,0,4,0,108,186,0,0,0,4,1,20,0
1212-2,6,92,hortelanos,471,342,4,697,289,0,4,0,108,186,0,0,0,4,,0,0
1212-2,6,93,hortelanos,486,378,5,719,304,0,4,0,108,188,0,0,0,4,,0,0
1212-2,6,94,hortelanos,486,379,5,738,310,0,4,0,108,194,0,0,0,4,,0,0
1212-2,6,95,hortelanos,486,379,5,757,280,0,4,0,71,157,0,0,0,4,,0,0
1212-2,6,96,hortelanos,486,379,5,767,251,0,4,0,71,148,0,0,0,4,,0,0
1212-2,6,97,hortelanos,486,375,5,781,214,0,4,0,71,148,0,0,0,4,1,25,0
1212-2,6,98,hortelanos,486,375,5,791,191,0,0,0,71,148,0,0,0,4,,0,0
1212-2,6,99,hortelanos,486,375,5,801,165,0,0,0,71,148,0,1,0,4,,0,0
1212-2,6,100,hortelanos,486,375,5,793,145,0,0,0,74,151,0,0,0,4,,0,0
1212-2,6,101,hortelanos,486,376,5,803,145,0,0,0,96,173,0,0,0,4,,0,0
1212-2,6,102,hortelanos,486,377,5,822,144,0,0,0,96,182,0,1,0,4,,0,0
1212-2,6,103,hortelanos,486,378,5,817,151,0,0,0,99,185,0,0,0,4,1,20,0
1212-2,6,104,hortelanos,487,380,5,787,155,0,2,0,99,187,0,1,0,4,,0,0
1212-2,6,105,hortelanos,487,382,5,747,158,0,4,0,99,187,0,1,0,4,,0,0
1212-2,6,106,hortelanos,487,384,5,717,164,0,2,0,99,187,0,1,0,4,,0,0
1212-2,6,107,hortelanos,488,386,5,687,223,0,4,0,157,250,0,0,0,4,,0,0
1212-2,6,108,hortelanos,488,388,5,657,280,0,6,0,157,250,0,0,0,4,,0,0
1212-2,6,109,hortelanos,489,390,5,711,327,0,6,0,157,252,0,0,0,4,1,34,0
1212-2,6,110,hortelanos,497,392,5,715,373,0,6,0,157,252,0,0,0,4,,0,0
1212-2,6,111,hortelanos,497,394,5,719,416,0,6,0,157,252,0,0,0,4,,0,0
1212-2,6,112,hortelanos,498,396,5,723,453,0,3,0,157,252,0,0,0,4,,0,0
1212-2,6,113,hortelanos,506,398,5,727,451,0,3,0,114,209,0,0,0,4,,0,0
1212-2,6,114,hortelanos,507,401,5,733,449,0,3,0,114,211,0,0,0,4,,0,0
1212-2,6,115,hortelanos,507,404,5,831,408,0,3,0,114,211,0,0,0,4,1,25,0
1212-2,6,116,hortelanos,508,407,5,837,406,0,3,0,114,211,0,0,0,4,,0,0
1212-2,6,117,hortelanos,524,446,6,843,404,0,3,0,114,211,0,0,0,4,,0,0
1212-2,6,118,hortelanos,525,450,6,850,392,0,3,0,114,219,0,0,0,4,,0,0
1212-2,6,119,hortelanos,525,450,6,707,344,0,3,0,77,182,0,0,0,4,,0,0
1212-2,6,120,hortelanos,525,450,6,702,296,0,3,0,77,173,0,0,0,4,,0,0
1212-2,6,121,hortelanos,525,450,6,748,252,0,3,0,81,178,0,0,0,4,1,35,0
1212-2,6,122,hortelanos,525,450,6,736,209,0,3,0,81,178,0,0,0,4,,0,0
1212-2,6,123,hortelanos,525,450,6,725,168,0,3,0,81,178,0,1,0,4,,0,0
1212-2,6,124,hortelanos,533,450,6,695,136,0,0,0,84,181,0,0,0,4,,0,0
1212-2,6,125,hortelanos,533,450,6,681,122,0,0,0,107,204,0,0,0,4,,0,0
1212-2,6,126,hortelanos,533,450,6,675,109,0,0,0,107,213,0,1,0,4,,0,0
1212-2,6,127,hortelanos,533,450,6,750,105,0,0,0,111,217,0,0,0,4,1,24,0
1212-2,6,128,hortelanos,533,450,6,706,102,0,2,0,111,217,0,0,0,4,,0,0
1212-2,6,129,hortelanos,533,450,6,655,102,0,2,0,111,217,0,0,0,4,,0,0
1212-2,6,130,hortelanos,533,450,6,611,102,0,2,0,111,217,0,0,0,4,,0,0
1212-2,6,131,hortelanos,533,454,6,560,157,0,4,0,171,277,0,0,0,4,,0,0
1212-2,6,132,hortelanos,534,458,6,516,209,0,6,0,171,277,0,0,0,4,,0,0
1212-2,6,133,hortelanos,535,463,6,637,260,0,0,0,171,279,0,0,0,4,1,25,0
1212-2,6,134,hortelanos,536,469,6,641,301,0,0,0,171,281,0,1,0,4,,0,0
1212-2,6,135,hortelanos,537,472,6,652,346,0,0,0,177,287,0,0,0,4,,0,0
1212-2,6,136,hortelanos,537,474,6,658,388,0,0,0,177,289,0,0,0,4,,0,0
1212-2,6,137,hortelanos,538,476,6,671,385,0,0,0,132,244,0,0,0,4,,0,0
1212-2,6,138,hortelanos,538,478,6,677,382,0,0,0,132,244,0,0,0,4,,0,0
1212-2,6,139,hortelanos,539,480,6,750,375,0,0,0,132,246,0,0,0,4,1,30,0
1212-2,6,140,hortelanos,539,482,6,752,370,0,0,0,132,246,0,0,0,4,,0,0
1212-2,6,141,hortelanos,547,484,6,754,365,0,0,0,132,246,0,0,0,4,,0,0
1212-2,6,142,hortelanos,548,486,6,763,360,0,0,0,132,246,0,0,0,4,,0,0
1212-2,6,143,hortelanos,548,486,6,769,318,0,0,0,94,208,0,0,0,4,,0,0
1212-2,6,144,hortelanos,548,486,6,769,278,0,0,0,94,199,0,0,0,4,,0,0
1212-2,6,145,hortelanos,548,486,6,842,237,0,0,0,94,199,0,0,0,4,1,30,0
1212-2,6,146,hortelanos,556,486,6,838,198,0,0,0,94,199,0,1,0,4,,0,0
1212-2,6,147,hortelanos,556,486,6,835,163,0,0,0,94,199,0,0,0,4,,0,0
1212-2,6,148,hortelanos,556,486,6,831,129,0,0,0,94,199,0,0,0,4,,0,0
1212-2,6,149,hortelanos,556,486,6,825,119,0,0,0,117,222,0,0,0,4,,0,0
1212-2,6,150,hortelanos,556,486,6,827,109,0,0,0,117,231,0,0,0,4,,0,0
1212-2,6,151,hortelanos,556,486,6,884,64,0,0,0,117,231,0,0,0,4,1,26,0
1212-2,6,152,hortelanos,556,488,6,848,80,0,2,0,138,252,0,0,0,4,,0,0
1212-2,6,153,hortelanos,576,548,7,807,97,0,2,0,138,254,0,0,0,4,,0,0
1212-2,6,154,hortelanos,576,548,7,776,99,0,2,0,138,266,0,0,0,4,,0,0
1212-2,6,155,hortelanos,577,551,7,738,168,0,4,0,210,338,0,0,0,4,,0,0
1212-2,6,156,hortelanos,577,554,7,707,234,0,6,0,210,338,0,0,0,4,,0,0
1212-2,6,157,hortelanos,738,557,7,838,293,0,6,0,210,338,0,1,1,5,1,29,0
1212-2,6,158,hortelanos,739,560,7,858,350,0,6,0,213,341,0,2,0,5,,0,0
1212-2,6,159,hortelanos,739,563,7,860,457,0,6,0,264,394,0,0,0,5,,0,0
1212-2,6,160,hortelanos,740,566,7,872,555,0,6,0,264,394,0,2,0,5,,0,0
1212-2,6,161,hortelanos,740,569,7,876,643,0,6,0,256,386,0,1,0,5,,0,0
1212-2,6,162,hortelanos,741,573,7,900,726,0,6,0,256,392,0,1,0,5,,0,0
1212-2,6,163,hortelanos,742,577,7,988,816,0,6,0,270,406,0,0,0,5,1,30,0
1212-2,6,164,hortelanos,742,578,7,1006,905,0,6,0,270,406,0,0,0,5,,0,0
1212-2,6,165,hortelanos,750,578,7,1016,990,0,6,0,270,408,0,0,0,5,,0,0
1212-2,6,166,hortelanos,750,578,7,1036,1070,0,6,0,270,408,0,1,0,5,,0,0
1212-2,6,167,hortelanos,750,578,7,1056,1101,0,6,0,220,358,0,0,0,5,,0,0
1212-2,6,168,hortelanos,750,578,7,1067,1130,0,6,0,220,349,0,0,0,5,,0,0
1212-2,6,169,hortelanos,750,578,7,1137,1157,0,6,0,220,349,0,0,0,5,1,24,0
1212-2,6,170,hortelanos,750,578,7,1129,1181,0,6,0,220,349,0,0,0,5,,0,0
1212-2,6,171,hortelanos,758,578,7,1121,1204,0,6,0,220,349,0,0,0,5,,0,0
1212-2,6,172,hortelanos,758,578,7,1113,1226,0,6,0,220,349,0,0,0,5,,0,0
1212-2,6,173,hortelanos,758,578,7,1105,1275,0,6,0,249,378,0,0,0,5,,0,0
1212-2,6,174,hortelanos,758,578,7,1106,1322,0,6,0,249,387,0,0,0,5,,0,0
1212-2,6,175,hortelanos,758,578,7,1225,1351,0,6,0,249,387,0,0,0,5,1,29,0
1212-2,6,176,hortelanos,758,578,7,1226,1395,0,6,0,249,387,0,0,0,5,,0,0
1212-2,6,177,hortelanos,766,578,7,1227,1437,0,6,0,249,387,0,0,0,5,,0,0
1212-2,6,178,hortelanos,766,578,7,1228,1478,0,6,0,249,387,0,0,0,5,,0,0
1212-2,6,179,hortelanos,766,578,7,1229,1595,0,6,0,330,468,0,0,0,5,,0,0
1212-2,6,180,hortelanos,766,578,7,1230,1707,0,6,0,330,468,0,0,0,5,,0,0
1212-2,6,181,hortelanos,766,578,7,1342,1804,0,1,0,330,468,0,0,0,5,1,29,0
1212-2,6,182,hortelanos,766,578,7,1343,1908,0,1,0,330,468,0,0,0,5,,0,0
1212-2,6,183,hortelanos,774,578,7,1344,2008,0,1,0,330,468,0,0,0,5,,0,0
1212-2,6,184,hortelanos,774,578,7,1345,2104,0,1,0,330,468,0,0,0,5,,0,0
1212-2,6,185,hortelanos,774,578,7,1346,2138,0,1,0,270,408,0,0,0,5,,0,0
1212-2,6,186,hortelanos,774,578,7,1347,2171,0,1,0,270,408,0,0,0,5,,0,0
1212-2,6,187,hortelanos,775,582,7,1498,2166,0,1,0,270,408,0,0,0,5,1,25,0
1212-2,6,188,hortelanos,775,582,7,1499,2197,0,1,0,270,408,0,0,0,5,,0,0
1212-2,6,189,hortelanos,815,702,8,1500,2227,0,1,0,270,408,0,0,0,5,,0,0
1212-2,6,190,hortelanos,815,702,8,1517,2227,0,1,0,270,432,0,0,0,5,,0,0
1212-2,6,191,hortelanos,815,702,8,1534,2179,0,1,0,220,382,0,0,0,5,,0,0
1212-2,6,192,hortelanos,815,702,8,1542,2133,0,1,0,220,373,0,0,0,5,,0,0
1212-2,6,193,hortelanos,814,698,8,1592,2072,0,1,0,220,373,0,0,0,5,1,31,0
1212-2,6,194,hortelanos,814,698,8,1600,2023,0,1,0,220,373,0,0,0,5,,0,0
1212-2,6,195,hortelanos,814,698,8,1608,1976,0,1,0,220,373,0,3,0,5,,0,0
1212-2,6,196,hortelanos,814,698,8,1463,1965,0,1,0,249,402,0,1,0,5,,0,0
1212-2,6,197,hortelanos,814,698,8,1464,1980,0,1,0,278,431,0,0,0,5,,0,0
1212-2,6,198,hortelanos,822,698,8,1474,2005,0,1,0,289,451,0,1,0,5,,0,0
1212-2,6,199,hortelanos,822,698,8,1616,2029,0,1,0,289,451,0,0,0,5,1,25,0
1212-2,6,200,hortelanos,822,698,8,1630,2052,0,2,0,289,451,0,0,0,5,,0,0
1212-2,6,1,mercaderes,33,86,1,74,57,0,0,0,11,37,0,0,0,0,1,4,0
1212-2,6,2,mercaderes,33,86,1,86,44,0,0,0,11,27,0,0,0,0,,0,0
1212-2,6,3,mercaderes,33,86,1,98,31,0,0,0,11,27,0,1,0,0,,0,0
1212-2,6,4,mercaderes,33,86,1,110,21,0,0,0,11,27,0,0,0,0,,0,0
1212-2,6,5,mercaderes,33,86,1,122,18,0,0,0,18,34,0,0,0,0,,0,0
1212-2,6,6,mercaderes,33,86,1,142,15,0,0,0,18,42,0,0,0,0,,0,0
1212-2,6,7,mercaderes,33,86,1,92,12,0,0,0,18,42,0,0,0,0,1,8,0
1212-2,6,8,mercaderes,33,86,1,101,13,0,0,0,18,42,0,0,0,0,,0,0
1212-2,6,9,mercaderes,33,86,1,121,13,0,0,0,18,42,0,0,0,0,,0,0
1212-2,6,10,mercaderes,33,86,1,141,10,0,0,0,18,42,0,0,0,0,,0,0
1212-2,6,11,mercaderes,33,86,1,161,24,0,0,0,36,60,0,0,0,0,,0,0
1212-2,6,12,mercaderes,34,90,1,181,38,0,0,0,36,60,0,0,0,0,,0,0
1212-2,6,13,mercaderes,34,90,1,153,50,0,0,0,36,62,0,0,0,0,1,8,0
1212-2,6,14,mercaderes,34,90,1,151,66,0,0,0,36,62,0,0,0,0,,0,0
1212-2,6,15,mercaderes,34,90,1,173,81,0,0,0,36,62,0,0,0,0,,0,0
1212-2,6,16,mercaderes,49,90,1,195,92,0,0,0,36,62,0,0,0,1,,0,0
1212-2,6,17,mercaderes,49,90,1,217,89,0,0,0,22,48,0,0,0,1,,0,0
1212-2,6,18,mercaderes,49,90,1,239,86,0,0,0,22,48,0,0,0,1,,0,0
1212-2,6,19,mercaderes,49,90,1,261,73,0,0,0,22,48,0,0,0,1,1,13,0
1212-2,6,20,mercaderes,49,90,1,230,78,0,0,0,22,48,0,0,0,1,,0,0
1212-2,6,21,mercaderes,49,90,1,199,82,0,0,0,22,48,0,0,0,1,,0,0
1212-2,6,22,mercaderes,49,90,1,202,86,0,0,0,22,48,0,0,0,1,,0,0
1212-2,6,23,mercaderes,49,90,1,224,78,0,0,0,11,37,0,0,0,1,,0,0
1212-2,6,24,mercaderes,49,90,1,237,65,0,0,0,11,28,0,0,0,1,,0,0
1212-2,6,25,mercaderes,48,86,1,231,39,0,0,0,11,28,0,0,0,1,1,23,0
1212-2,6,26,mercaderes,66,86,1,190,35,0,0,0,11,27,0,0,0,2,,0,0
1212-2,6,27,mercaderes,66,86,1,149,31,0,0,0,11,27,0,0,0,2,,0,0
1212-2,6,28,mercaderes,66,86,1,145,24,0,0,0,11,27,0,0,0,2,,0,0
1212-2,6,29,mercaderes,74,86,1,157,26,0,0,0,18,34,0,0,0,2,,0,0
1212-2,6,30,mercaderes,74,86,1,177,23,0,0,0,18,42,0,0,0,2,,0,0
1212-2,6,31,mercaderes,74,86,1,156,20,0,0,0,18,42,0,0,0,2,1,10,0
1212-2,6,32,mercaderes,74,86,1,162,19,0,0,0,18,42,0,1,0,2,,0,0
1212-2,6,33,mercaderes,74,86,1,174,20,0,0,0,18,42,0,0,0,2,,0,0
1212-2,6,34,mercaderes,74,86,1,194,19,0,0,0,18,42,0,0,0,2,,0,0
1212-2,6,35,mercaderes,74,86,1,214,27,0,0,0,30,54,0,0,0,2,,0,0
1212-2,6,36,mercaderes,75,90,1,234,35,0,0,0,30,54,0,0,0,2,,0,0
1212-2,6,37,mercaderes,75,90,1,241,42,0,0,0,30,56,0,0,0,2,1,10,0
1212-2,6,38,mercaderes,75,90,1,176,51,0,0,0,30,56,0,1,0,2,,0,0
1212-2,6,39,mercaderes,75,90,1,198,61,0,0,0,30,56,0,0,0,2,,0,0
1212-2,6,40,mercaderes,75,90,1,220,67,0,0,0,30,56,0,0,0,2,,0,0
1212-2,6,41,mercaderes,75,90,1,242,65,0,0,0,22,48,0,0,0,2,,0,0
1212-2,6,42,mercaderes,75,90,1,264,63,0,0,0,22,48,0,0,0,2,,0,0
1212-2,6,43,mercaderes,75,90,1,340,50,0,0,0,22,48,0,0,0,2,1,26,0
1212-2,6,44,mercaderes,83,90,1,317,55,0,0,0,22,48,0,0,0,2,,0,0
1212-2,6,45,mercaderes,83,90,1,294,60,0,0,0,22,48,0,0,0,2,,0,0
1212-2,6,46,mercaderes,83,90,1,271,65,0,0,0,22,48,0,0,0,2,,0,0
1212-2,6,47,mercaderes,83,90,1,270,58,0,0,0,11,37,0,0,0,2,,0,0
1212-2,6,48,mercaderes,83,90,1,283,53,0,0,0,11,28,0,0,0,2,,0,0
1212-2,6,49,mercaderes,91,90,1,291,41,0,0,0,11,28,0,0,0,2,1,17,0
1212-2,6,50,mercaderes,91,90,1,251,34,0,0,0,11,28,0,0,0,2,,0,0
1212-2,6,51,mercaderes,91,90,1,211,28,0,0,0,11,28,0,1,0,2,,0,0
1212-2,6,52,mercaderes,91,90,1,171,24,0,0,0,11,28,0,0,0,2,,0,0
1212-2,6,53,mercaderes,91,90,1,174,27,0,0,0,18,35,0,0,0,2,,0,0
1212-2,6,54,mercaderes,91,90,1,196,26,0,0,0,18,44,0,0,0,2,,0,0
1212-2,6,55,mercaderes,91,90,1,196,22,0,0,0,18,44,0,0,0,2,1,12,0
1212-2,6,56,mercaderes,91,90,1,182,20,0,0,0,18,44,0,1,0,2,,0,0
1212-2,6,57,mercaderes,91,90,1,193,20,0,0,0,18,44,0,0,0,2,,0,0
1212-2,6,58,mercaderes,91,90,1,215,19,0,0,0,18,44,0,0,0,2,,0,0
1212-2,6,59,mercaderes,91,90,1,237,32,0,0,0,36,62,0,0,0,2,,0,0
1212-2,6,60,mercaderes,91,90,1,259,45,0,0,0,36,62,0,0,0,2,,0,0
1212-2,6,61,mercaderes,91,90,1,263,57,0,0,0,36,62,0,0,0,2,1,13,0
1212-2,6,62,mercaderes,91,90,1,198,73,0,0,0,36,62,0,0,0,2,,0,0
1212-2,6,63,mercaderes,91,90,1,198,88,0,0,0,36,62,0,0,0,2,,0,0
1212-2,6,64,mercaderes,91,90,1,220,102,0,0,0,36,62,0,0,0,2,,0,0
1212-2,6,65,mercaderes,91,90,1,242,98,0,0,0,22,48,0,0,0,2,,0,0
1212-2,6,66,mercaderes,91,90,1,264,95,0,0,0,22,48,0,0,0,2,,0,0
1212-2,6,67,mercaderes,91,90,1,345,79,0,0,0,22,48,0,0,0,2,1,21,0
1212-2,6,68,mercaderes,91,90,1,322,83,0,0,0,22,48,0,0,0,2,,0,0
1212-2,6,69,mercaderes,99,90,1,299,87,0,0,0,22,48,0,0,0,2,,0,0
1212-2,6,70,mercaderes,99,90,1,276,91,0,0,0,22,48,0,0,0,2,,0,0
1212-2,6,71,mercaderes,99,90,1,275,84,0,0,0,11,37,0,0,0,2,,0,0
1212-2,6,72,mercaderes,99,90,1,288,78,0,0,0,11,28,0,0,0,2,,0,0
1212-2,6,73,mercaderes,99,90,1,297,64,0,0,0,11,28,0,0,0,2,1,21,0
1212-2,6,74,mercaderes,99,90,1,257,56,0,0,0,11,28,0,0,0,2,,0,0
1212-2,6,75,mercaderes,107,90,1,217,49,0,0,0,11,28,0,1,0,2,,0,0
1212-2,6,76,mercaderes,107,90,1,177,44,0,0,0,11,28,0,0,0,2,,0,0
1212-2,6,77,mercaderes,107,90,1,174,46,0,0,0,18,35,0,0,0,2,,0,0
1212-2,6,78,mercaderes,107,90,1,196,46,0,0,0,18,44,0,0,0,2,,0,0
1212-2,6,79,mercaderes,107,90,1,204,41,0,0,0,18,44,0,0,0,2,1,11,0
1212-2,6,80,mercaderes,107,90,1,172,38,0,0,0,18,44,0,1,0,2,,0,0
1212-2,6,81,mercaderes,107,90,1,194,37,0,0,0,18,44,0,0,0,2,,0,0
1212-2,6,82,mercaderes,107,90,1,216,32,0,0,0,18,44,0,0,0,2,,0,0
1212-2,6,83,mercaderes,107,90,1,238,45,0,0,0,36,62,0,0,0,2,,0,0
1212-2,6,84,mercaderes,107,90,1,260,57,0,0,0,36,62,0,0,0,2,,0,0
1212-2,6,85,mercaderes,107,90,1,286,69,0,0,0,36,62,0,0,0,2,1,12,0
1212-2,6,86,mercaderes,107,90,1,222,84,0,0,0,36,62,0,0,0,2,,0,0
1212-2,6,87,mercaderes,107,90,1,216,99,0,0,0,36,62,0,0,0,2,,0,0
1212-2,6,88,mercaderes,107,90,1,238,113,0,0,0,36,62,0,0,0,2,,0,0
1212-2,6,89,mercaderes,107,90,1,260,109,0,0,0,22,48,0,0,0,2,,0,0
1212-2,6,90,mercaderes,107,90,1,282,105,0,0,0,22,48,0,0,0,2,,0,0
1212-2,6,91,mercaderes,107,90,1,374,97,0,0,0,22,48,0,0,0,2,1,20,0
1212-2,6,92,mercaderes,107,90,1,343,101,0,0,0,22,48,0,0,0,2,,0,0
1212-2,6,93,mercaderes,115,90,1,312,104,0,0,0,22,48,0,0,0,2,,0,0
1212-2,6,94,mercaderes,115,90,1,281,107,0,0,0,22,48,0,0,0,2,,0,0
1212-2,6,95,mercaderes,115,90,1,293,100,0,0,0,11,37,0,0,0,2,,0,0
1212-2,6,96,mercaderes,115,90,1,306,89,0,0,0,11,28,0,0,0,2,,0,0
1212-2,6,97,mercaderes,115,90,1,333,71,0,0,0,11,28,0,0,0,2,1,22,0
1212-2,6,98,mercaderes,115,90,1,293,65,0,0,0,11,28,0,0,0,2,,0,0
1212-2,6,99,mercaderes,123,90,1,253,59,0,0,0,11,28,0,0,0,2,,0,0
1212-2,6,100,mercaderes,123,90,1,213,54,0,0,0,11,28,0,0,0,2,,0,0
1212-2,6,101,mercaderes,123,90,1,193,55,0,0,0,18,35,0,0,0,2,,0,0
1212-2,6,102,mercaderes,123,90,1,215,56,0,0,0,18,44,0,0,0,2,,0,0
1212-2,6,103,mercaderes,123,90,1,216,50,0,0,0,18,44,0,0,0,2,1,13,0
1212-2,6,104,mercaderes,123,90,1,195,52,0,0,0,22,48,0,0,0,2,,0,0
1212-2,6,105,mercaderes,123,90,1,204,54,0,0,0,22,48,0,0,0,2,,0,0
1212-2,6,106,mercaderes,123,90,1,222,56,0,0,0,22,48,0,0,0,2,,0,0
1212-2,6,107,mercaderes,123,90,1,244,77,0,0,0,45,71,0,0,0,2,,0,0
1212-2,6,108,mercaderes,123,90,1,266,96,0,0,0,45,71,0,0,0,2,,0,0
1212-2,6,109,mercaderes,123,90,1,274,115,0,0,0,45,71,0,0,0,2,1,14,0
1212-2,6,110,mercaderes,123,90,1,202,128,0,0,0,36,62,0,0,0,2,,0,0
1212-2,6,111,mercaderes,123,90,1,211,141,0,0,0,36,62,0,0,0,2,,0,0
1212-2,6,112,mercaderes,123,90,1,229,153,0,0,0,36,62,0,0,0,2,,0,0
1212-2,6,113,mercaderes,123,90,1,251,148,0,0,0,22,48,0,0,0,2,,0,0
1212-2,6,114,mercaderes,123,90,1,273,143,0,0,0,22,48,0,0,0,2,,0,0
1212-2,6,115,mercaderes,123,90,1,324,134,0,0,0,22,48,0,0,0,2,1,13,0
1212-2,6,116,mercaderes,123,90,1,247,129,0,0,0,22,48,0,0,0,2,,0,0
1212-2,6,117,mercaderes,131,90,1,259,124,0,0,0,22,48,0,0,0,2,,0,0
1212-2,6,118,mercaderes,131,90,1,281,120,0,0,0,22,48,0,0,0,2,,0,0
1212-2,6,119,mercaderes,131,90,1,303,105,0,0,0,11,37,0,0,0,2,,0,0
1212-2,6,120,mercaderes,131,90,1,316,91,0,0,0,11,28,0,0,0,2,,0,0
1212-2,6,121,mercaderes,131,90,1,332,73,0,0,0,11,28,0,0,0,2,1,22,0
1212-2,6,122,mercaderes,131,90,1,292,67,0,0,0,11,28,0,0,0,2,,0,0
1212-2,6,123,mercaderes,139,90,1,252,61,0,0,0,11,28,0,0,0,2,,0,0
1212-2,6,124,mercaderes,139,90,1,212,55,0,0,0,11,28,0,0,0,2,,0,0
1212-2,6,125,mercaderes,139,90,1,182,56,0,0,0,18,35,0,0,0,2,,0,0
1212-2,6,126,mercaderes,139,90,1,204,57,0,0,0,18,44,0,0,0,2,,0,0
1212-2,6,127,mercaderes,139,90,1,208,51,0,0,0,18,44,0,0,0,2,1,10,0
1212-2,6,128,mercaderes,139,90,1,187,50,0,0,0,18,44,0,0,0,2,,0,0
1212-2,6,129,mercaderes,139,90,1,202,49,0,0,0,18,44,0,0,0,2,,0,0
1212-2,6,130,mercaderes,139,90,1,224,46,0,0,0,18,44,0,0,0,2,,0,0
1212-2,6,131,mercaderes,139,90,1,246,58,0,0,0,36,62,0,0,0,2,,0,0
1212-2,6,132,mercaderes,139,90,1,268,70,0,0,0,36,62,0,0,0,2,,0,0
1212-2,6,133,mercaderes,139,90,1,274,81,0,0,0,36,62,0,0,0,2,1,13,0
1212-2,6,134,mercaderes,139,90,1,202,96,0,0,0,36,62,0,0,0,2,,0,0
1212-2,6,135,mercaderes,139,90,1,211,110,0,0,0,36,62,0,0,0,2,,0,0
1212-2,6,136,mercaderes,139,90,1,226,124,0,0,0,36,62,0,0,0,2,,0,0
1212-2,6,137,mercaderes,139,90,1,248,122,0,0,0,22,48,0,0,0,2,,0,0
1212-2,6,138,mercaderes,139,90,1,270,118,0,0,0,22,48,0,0,0,2,,0,0
1212-2,6,139,mercaderes,139,90,1,372,108,0,0,0,22,48,0,0,0,2,1,21,0
1212-2,6,140,mercaderes,139,90,1,341,111,0,0,0,22,48,0,0,0,2,,0,0
1212-2,6,141,mercaderes,139,90,1,310,114,0,0,0,22,48,0,0,0,2,,0,0
1212-2,6,142,mercaderes,139,90,1,289,117,0,0,0,22,48,0,0,0,2,,0,0
1212-2,6,143,mercaderes,147,90,1,304,109,0,0,0,11,37,0,0,0,2,,0,0
1212-2,6,144,mercaderes,147,90,1,317,97,0,0,0,11,28,0,0,0,2,,0,0
1212-2,6,145,mercaderes,147,90,1,338,83,0,0,0,11,28,0,0,0,2,1,17,0
1212-2,6,146,mercaderes,147,90,1,298,77,0,0,0,11,28,0,0,0,2,,0,0
1212-2,6,147,mercaderes,147,90,1,258,71,0,0,0,11,28,0,0,0,2,,0,0
1212-2,6,148,mercaderes,147,90,1,218,65,0,0,0,11,28,0,0,0,2,,0,0
1212-2,6,149,mercaderes,147,90,1,188,66,0,0,0,18,35,0,0,0,2,,0,0
1212-2,6,150,mercaderes,147,90,1,210,67,0,0,0,18,44,0,0,0,2,,0,0
1212-2,6,151,mercaderes,147,90,1,215,55,0,0,0,18,44,0,0,0,2,1,16,0
1212-2,6,152,mercaderes,147,90,1,201,53,0,0,0,18,51,0,0,0,2,,0,0
1212-2,6,153,mercaderes,147,90,1,217,52,0,0,0,18,51,0,0,0,2,,0,0
1212-2,6,154,mercaderes,155,90,1,246,51,0,0,0,18,51,0,0,0,2,,0,0
1212-2,6,155,mercaderes,155,90,1,275,63,0,0,0,36,69,0,0,0,2,,0,0
1212-2,6,156,mercaderes,155,90,1,304,74,0,0,0,36,69,0,0,0,2,,0,0
1212-2,6,157,mercaderes,155,90,1,320,85,0,0,0,36,69,0,0,0,2,1,14,0
1212-2,6,158,mercaderes,155,90,1,255,100,0,0,0,36,69,0,0,0,2,,0,0
1212-2,6,159,mercaderes,155,90,1,241,114,0,0,0,36,69,0,0,0,2,,0,0
1212-2,6,160,mercaderes,155,90,1,257,127,0,0,0,36,69,0,0,0,2,,0,0
1212-2,6,161,mercaderes,155,90,1,286,126,0,0,0,22,55,0,0,0,2,,0,0
1212-2,6,162,mercaderes,155,90,1,315,121,0,0,0,22,55,0,0,0,2,,0,0
1212-2,6,163,mercaderes,155,94,1,446,123,0,0,0,22,55,0,0,0,2,1,17,0
1212-2,6,164,mercaderes,155,94,1,422,125,0,0,0,22,55,0,0,0,2,,0,0
1212-2,6,165,mercaderes,155,94,1,398,127,0,0,0,22,55,0,0,0,2,,0,0
1212-2,6,166,mercaderes,155,94,1,374,128,0,0,0,22,55,0,0,0,2,,0,0
1212-2,6,167,mercaderes,155,94,1,360,119,0,0,0,11,44,0,0,0,2,,0,0
1212-2,6,168,mercaderes,155,94,1,377,110,0,0,0,11,32,0,0,0,2,,0,0
1212-2,6,169,mercaderes,155,90,1,398,85,0,0,0,11,32,0,0,0,2,1,19,0
1212-2,6,170,mercaderes,155,90,1,362,79,0,0,0,11,32,0,0,0,2,,0,0
1212-2,6,171,mercaderes,155,90,1,326,73,0,0,0,11,32,0,0,0,2,,0,0
1212-2,6,172,mercaderes,155,90,1,290,67,0,0,0,11,32,0,0,0,2,,0,0
1212-2,6,173,mercaderes,155,90,1,254,68,0,0,0,18,39,0,0,0,2,,0,0
1212-2,6,174,mercaderes,155,90,1,240,69,0,0,0,18,51,0,0,0,2,,0,0
1212-2,6,175,mercaderes,155,90,1,265,62,0,0,0,18,51,0,0,0,2,1,18,0
1212-2,6,176,mercaderes,155,90,1,225,60,0,0,0,18,51,0,0,0,2,,0,0
1212-2,6,177,mercaderes,155,90,1,241,58,0,0,0,18,51,0,0,0,2,,0,0
1212-2,6,178,mercaderes,163,90,1,266,56,0,0,0,18,51,0,0,0,2,,0,0
1212-2,6,179,mercaderes,163,90,1,295,69,0,0,0,36,69,0,0,0,2,,0,0
1212-2,6,180,mercaderes,163,90,1,324,80,0,0,0,36,69,0,0,0,2,,0,0
1212-2,6,181,mercaderes,163,90,1,365,91,0,0,0,36,69,0,0,0,2,1,15,0
1212-2,6,182,mercaderes,163,90,1,300,105,0,0,0,36,69,0,0,0,2,,0,0
1212-2,6,183,mercaderes,163,90,1,260,119,0,0,0,36,69,0,0,0,2,,0,0
1212-2,6,184,mercaderes,163,90,1,282,132,0,0,0,36,69,0,0,0,2,,0,0
1212-2,6,185,mercaderes,163,90,1,311,129,0,0,0,22,55,0,0,0,2,,0,0
1212-2,6,186,mercaderes,163,90,1,340,124,0,0,0,22,55,0,0,0,2,,0,0
1212-2,6,187,mercaderes,163,90,1,483,120,0,0,0,22,55,0,0,0,2,1,18,0
1212-2,6,188,mercaderes,163,90,1,459,123,0,0,0,22,55,0,0,0,2,,0,0
1212-2,6,189,mercaderes,163,90,1,435,126,0,0,0,22,55,0,0,0,2,,0,0
1212-2,6,190,mercaderes,163,90,1,411,128,0,0,0,22,55,0,0,0,2,,0,0
1212-2,6,191,mercaderes,163,90,1,387,120,0,0,0,11,44,0,0,0,2,,0,0
1212-2,6,192,mercaderes,163,90,1,391,112,0,0,0,11,32,0,0,0,2,,0,0
1212-2,6,193,mercaderes,163,94,1,436,105,0,0,0,11,32,0,0,0,2,1,20,0
1212-2,6,194,mercaderes,163,94,1,400,97,0,0,0,11,32,0,0,0,2,,0,0
1212-2,6,195,mercaderes,163,94,1,364,89,0,0,0,11,32,0,0,0,2,,0,0
1212-2,6,196,mercaderes,163,94,1,328,81,0,0,0,11,32,0,0,0,2,,0,0
1212-2,6,197,mercaderes,163,94,1,292,80,0,0,0,18,39,0,0,0,2,,0,0
1212-2,6,198,mercaderes,163,94,1,268,79,0,0,0,18,51,0,0,0,2,,0,0
1212-2,6,199,mercaderes,163,90,1,277,69,0,0,0,18,51,0,0,0,2,1,14,0
1212-2,6,200,mercaderes,163,90,1,212,67,0,0,0,18,51,0,0,0,2,,0,0
1212-2,6,1,mesta,23,39,1,251,61,0,0,0,4,12,0,0,0,0,1,7,0
1212-2,6,2,mesta,23,39,1,250,54,0,0,0,4,7,0,0,0,0,,0,0
1212-2,6,3,mesta,23,39,1,249,47,0,0,0,4,7,0,0,0,0,,0,0
1212-2,6,4,mesta,23,39,1,248,40,0,0,0,4,7,0,0,0,0,,0,0
1212-2,6,5,mesta,23,39,1,247,35,0,0,0,6,9,0,1,0,0,,0,0
1212-2,6,6,mesta,23,39,1,257,32,0,0,0,6,20,0,0,0,0,,0,0
1212-2,6,7,mesta,22,33,1,121,20,0,0,0,6,20,0,0,0,0,1,14,0
1212-2,6,8,mesta,22,33,1,35,25,0,0,0,6,20,0,0,0,0,,0,0
1212-2,6,9,mesta,22,33,1,30,28,0,0,0,6,20,0,0,0,0,,0,0
1212-2,6,10,mesta,22,33,1,40,26,0,0,0,6,20,0,1,0,0,,0,0
1212-2,6,11,mesta,22,34,1,50,32,0,0,0,13,33,0,0,0,0,,0,0
1212-2,6,12,mesta,23,35,1,60,38,0,0,0,13,33,0,0,0,0,,0,0
1212-2,6,13,mesta,22,32,1,181,34,0,0,0,13,33,0,0,0,0,1,2,0
1212-2,6,14,mesta,22,33,1,191,40,0,0,0,13,33,0,0,0,0,,0,0
1212-2,6,15,mesta,22,34,1,201,46,0,0,0,13,33,0,0,0,0,,0,0
1212-2,6,16,mesta,23,35,1,211,51,0,0,0,13,33,0,0,0,0,,0,0
1212-2,6,17,mesta,23,35,1,221,51,0,0,0,8,28,0,0,0,0,,0,0
1212-2,6,18,mesta,23,35,1,231,51,0,0,0,8,28,0,0,0,0,,0,0
1212-2,6,19,mesta,22,32,1,173,36,0,0,0,8,28,0,0,0,0,1,26,0
1212-2,6,20,mesta,22,33,1,135,40,0,0,0,8,28,0,0,0,0,,0,0
1212-2,6,21,mesta,40,34,1,97,44,0,0,0,8,28,0,0,0,1,,0,0
1212-2,6,22,mesta,40,34,1,83,48,0,0,0,8,28,0,0,0,1,,0,0
1212-2,6,23,mesta,40,34,1,93,46,0,0,0,4,24,0,0,0,1,,0,0
1212-2,6,24,mesta,40,34,1,100,41,0,0,0,4,21,0,1,0,1,,0,0
1212-2,6,25,mesta,40,34,1,197,38,0,0,0,4,21,0,0,0,1,1,6,0
1212-2,6,26,mesta,40,34,1,204,39,0,0,0,4,21,0,0,0,1,,0,0
1212-2,6,27,mesta,40,34,1,211,36,0,0,0,4,21,0,0,0,1,,0,0
1212-2,6,28,mesta,40,34,1,218,33,0,0,0,4,21,0,0,0,1,,0,0
1212-2,6,29,mesta,40,34,1,225,32,0,0,0,6,23,0,0,0,1,,0,0
1212-2,6,30,mesta,40,34,1,235,31,0,0,0,6,26,0,0,0,1,,0,0
1212-2,6,31,mesta,40,34,1,211,24,0,0,0,6,26,0,0,0,1,1,25,0
1212-2,6,32,mesta,40,34,1,140,25,0,0,0,6,26,0,0,0,1,,0,0
1212-2,6,33,mesta,40,34,1,145,25,0,0,0,6,26,0,0,0,1,,0,0
1212-2,6,34,mesta,60,34,1,150,25,16,0,0,6,26,0,0,0,1,,0,0
1212-2,6,35,mesta,69,35,1,160,30,16,0,0,11,31,0,0,0,1,,0,0
1212-2,6,36,mesta,69,36,1,170,34,16,0,0,11,31,0,0,0,1,,0,0
1212-2,6,37,mesta,69,37,1,357,37,12,0,0,11,31,0,0,0,1,1,21,0
1212-2,6,38,mesta,69,38,1,332,40,7,0,0,11,31,0,0,0,1,,0,0
1212-2,6,39,mesta,69,39,1,333,43,1,0,0,11,31,0,0,0,1,,0,0
1212-2,6,40,mesta,70,40,1,338,46,1,0,0,11,31,0,0,0,1,,0,0
1212-2,6,41,mesta,70,40,1,350,46,1,0,0,8,30,0,0,0,1,,0,0
1212-2,6,42,mesta,70,40,1,362,45,1,0,0,8,30,0,0,0,1,,0,0
1212-2,6,43,mesta,70,40,1,1096,44,1,0,0,8,30,0,0,0,1,1,26,0
1212-2,6,44,mesta,70,40,1,1063,47,1,0,0,8,30,0,0,0,1,,0,0
1212-2,6,45,mesta,70,40,1,1030,50,1,0,0,8,30,0,0,0,1,,0,0
1212-2,6,46,mesta,70,40,1,997,52,1,0,0,8,30,0,0,0,1,,0,0
1212-2,6,47,mesta,70,40,1,964,51,1,0,0,4,26,0,0,0,1,,0,0
1212-2,6,48,mesta,70,40,1,927,50,1,0,0,4,22,0,0,0,1,,0,0
1212-2,6,49,mesta,70,42,1,1005,51,1,0,0,4,22,0,0,0,1,1,26,0
1212-2,6,50,mesta,70,42,1,968,52,1,0,0,4,22,0,0,0,1,,0,0
1212-2,6,51,mesta,70,42,1,931,52,1,0,0,4,22,0,0,0,1,,0,0
1212-2,6,52,mesta,70,42,1,894,52,1,0,0,4,22,0,0,0,1,,0,0
1212-2,6,53,mesta,70,42,1,857,53,1,0,0,6,24,0,0,0,1,,0,0
1212-2,6,54,mesta,70,42,1,824,54,1,0,0,6,28,0,0,0,1,,0,0
1212-2,6,55,mesta,69,36,1,837,46,1,0,0,6,28,0,0,0,1,1,34,0
1212-2,6,56,mesta,69,36,1,766,48,1,0,0,6,26,0,0,0,1,,0,0
1212-2,6,57,mesta,69,36,1,695,49,1,0,0,6,26,0,0,0,1,,0,0
1212-2,6,58,mesta,89,36,1,624,49,15,0,0,6,26,0,0,0,1,,0,0
1212-2,6,59,mesta,89,37,1,553,56,15,0,0,13,33,0,0,0,1,,0,0
1212-2,6,60,mesta,89,38,1,482,63,15,0,0,13,33,0,0,0,1,,0,0
1212-2,6,61,mesta,89,39,1,862,70,11,0,0,13,33,0,0,0,1,1,28,0
1212-2,6,62,mesta,105,40,1,812,75,7,0,0,13,33,0,0,0,2,,0,0
1212-2,6,63,mesta,105,42,1,764,79,3,0,0,13,35,0,0,0,2,,0,0
1212-2,6,64,mesta,105,44,1,716,83,0,0,0,13,35,0,0,0,2,,0,0
1212-2,6,65,mesta,105,44,1,644,81,0,0,0,8,30,0,0,0,2,,0,0
1212-2,6,66,mesta,105,44,1,572,79,0,0,0,8,30,0,0,0,2,,0,0
1212-2,6,67,mesta,105,44,1,1484,71,0,0,0,8,30,0,0,0,2,1,27,0
1212-2,6,68,mesta,105,44,1,1439,70,0,0,0,8,30,0,0,0,2,,0,0
1212-2,6,69,mesta,113,44,1,1394,68,0,0,0,8,30,0,0,0,2,,0,0
1212-2,6,70,mesta,113,44,1,1349,66,0,0,0,8,30,0,0,0,2,,0,0
1212-2,6,71,mesta,113,44,1,1304,60,0,0,0,4,26,0,0,0,2,,0,0
1212-2,6,72,mesta,113,44,1,1255,54,0,0,0,4,22,0,0,0,2,,0,0
1212-2,6,73,mesta,113,42,1,1355,50,0,0,0,4,22,0,0,0,2,1,26,0
1212-2,6,74,mesta,113,42,1,1318,53,0,0,0,4,22,0,0,0,2,,0,0
1212-2,6,75,mesta,113,42,1,1281,55,0,0,0,4,22,0,0,0,2,,0,0
1212-2,6,76,mesta,113,42,1,1244,57,0,0,0,4,22,0,0,0,2,,0,0
1212-2,6,77,mesta,113,42,1,1207,61,0,0,0,6,24,0,0,0,2,,0,0
1212-2,6,78,mesta,113,42,1,1174,65,0,0,0,6,28,0,0,0,2,,0,0
1212-2,6,79,mesta,113,42,1,1246,68,0,0,0,6,28,0,0,0,2,1,34,0
1212-2,6,80,mesta,113,42,1,1177,68,0,0,0,6,28,0,0,0,2,,0,0
1212-2,6,81,mesta,113,42,1,1108,68,0,0,0,6,28,0,0,0,2,,0,0
1212-2,6,82,mesta,153,42,1,1039,68,28,0,0,6,28,0,0,0,2,,0,0
1212-2,6,83,mesta,153,44,1,970,75,28,0,0,13,35,0,0,0,2,,0,0
1212-2,6,84,mesta,154,46,1,901,81,28,0,0,13,35,0,0,0,2,,0,0
1212-2,6,85,mesta,154,48,1,1289,87,24,0,0,13,35,0,0,0,2,1,30,0
1212-2,6,86,mesta,155,50,1,1241,90,20,0,0,13,35,0,0,0,2,,0,0
1212-2,6,87,mesta,155,52,1,1195,93,16,0,0,13,37,0,0,0,2,,0,0
1212-2,6,88,mesta,155,54,1,1149,95,12,0,0,13,37,0,0,0,2,,0,0
1212-2,6,89,mesta,155,54,1,1103,92,8,0,0,8,32,0,0,0,2,,0,0
1212-2,6,90,mesta,155,54,1,1057,89,4,0,0,8,32,0,0,0,2,,0,0
1212-2,6,91,mesta,155,54,1,2296,82,1,0,0,8,32,0,0,0,2,1,35,0
1212-2,6,92,mesta,155,54,1,2265,81,1,0,0,8,32,0,0,0,2,,0,0
1212-2,6,93,mesta,155,54,1,2234,83,1,0,0,8,32,0,0,0,2,,0,0
1212-2,6,94,mesta,163,54,1,2203,85,1,0,0,8,32,0,0,0,2,,0,0
1212-2,6,95,mesta,163,54,1,2172,83,1,0,0,4,28,0,0,0,2,,0,0
1212-2,6,96,mesta,163,54,1,2136,81,1,0,0,4,23,0,0,0,2,,0,0
1212-2,6,97,mesta,162,54,1,2346,84,1,0,0,4,23,1,0,0,2,1,25,0
1212-2,6,98,mesta,161,54,1,2310,84,1,0,0,4,23,1,0,0,2,,0,0
1212-2,6,99,mesta,160,53,1,2274,84,1,0,0,4,23,1,0,0,2,,0,0
1212-2,6,100,mesta,159,52,1,2238,84,1,0,0,4,23,1,0,0,2,,0,0
1212-2,6,101,mesta,159,52,1,2172,45,1,0,0,6,25,0,0,0,2,,0,0
1212-2,6,102,mesta,159,52,1,2141,46,1,0,0,6,30,0,0,0,2,,0,0
1212-2,6,103,mesta,198,107,2,2156,47,1,0,0,6,30,0,0,0,3,1,36,0
1212-2,6,104,mesta,197,107,2,2086,41,1,0,0,8,42,1,0,0,3,,0,0
1212-2,6,105,mesta,196,107,2,2016,41,1,0,0,8,42,1,0,0,3,,0,0
1212-2,6,106,mesta,245,105,2,1946,41,32,0,0,8,42,1,0,0,3,,0,0
1212-2,6,107,mesta,243,103,2,1876,41,32,0,0,16,50,1,0,0,3,,0,0
1212-2,6,108,mesta,242,101,2,1806,41,32,0,0,15,48,1,0,0,3,,0,0
1212-2,6,109,mesta,240,99,2,2184,41,28,0,0,15,46,1,0,0,3,1,36,0
1212-2,6,110,mesta,239,97,2,2130,40,24,0,0,12,36,1,0,0,3,,0,0
1212-2,6,111,mesta,238,95,2,2076,40,20,0,0,10,33,1,0,0,3,,0,0
1212-2,6,112,mesta,236,93,2,2021,40,16,0,0,10,32,1,0,0,3,,0,0
1212-2,6,113,mesta,197,44,1,1966,40,12,0,0,5,24,1,0,0,3,,0,0
1212-2,6,114,mesta,196,43,1,1918,40,8,0,0,5,24,1,0,0,3,,0,0
1212-2,6,115,mesta,195,42,1,3172,40,5,0,0,5,24,1,0,0,3,1,32,0
1212-2,6,116,mesta,194,41,1,3149,41,2,0,0,5,18,1,0,0,3,,0,0
1212-2,6,117,mesta,193,40,1,3111,41,2,0,0,5,18,1,0,0,3,,0,0
1212-2,6,118,mesta,191,39,1,3073,44,2,0,0,5,18,1,0,0,3,,0,0
1212-2,6,119,mesta,190,38,1,3035,44,2,0,0,2,15,1,0,0,3,,0,0
1212-2,6,120,mesta,189,37,1,2997,44,2,0,0,2,15,1,0,0,3,,0,0
1212-2,6,121,mesta,188,36,1,3297,44,2,0,0,2,15,1,0,0,3,1,24,0
1212-2,6,122,mesta,187,35,1,3259,44,2,0,0,2,15,1,0,0,3,,0,0
1212-2,6,123,mesta,187,35,1,3221,44,2,0,0,2,15,0,0,0,3,,0,0
1212-2,6,124,mesta,187,35,1,3183,44,2,0,0,2,15,0,0,0,3,,0,0
1212-2,6,125,mesta,187,35,1,3145,46,2,0,0,4,17,0,0,0,3,,0,0
1212-2,6,126,mesta,187,35,1,3109,48,2,0,0,4,19,0,0,0,3,,0,0
1212-2,6,127,mesta,187,35,1,3103,51,2,0,0,5,21,0,0,0,3,1,31,0
1212-2,6,128,mesta,187,35,1,3039,52,2,0,0,5,19,0,0,0,3,,0,0
1212-2,6,129,mesta,187,35,1,2975,53,2,0,0,5,19,0,0,0,3,,0,0
1212-2,6,130,mesta,237,35,1,2911,55,28,0,0,6,21,0,0,0,3,,0,0
1212-2,6,131,mesta,237,35,1,2847,63,28,0,0,12,27,0,0,0,3,,0,0
1212-2,6,132,mesta,237,36,1,2783,70,28,0,0,12,27,0,0,0,3,,0,0
1212-2,6,133,mesta,237,37,1,3150,77,24,0,0,13,29,0,0,0,3,1,30,0
1212-2,6,134,mesta,237,38,1,3097,80,20,0,0,13,29,0,0,0,3,,0,0
1212-2,6,135,mesta,237,39,1,3040,83,16,0,0,13,29,0,0,0,3,,0,0
1212-2,6,136,mesta,238,40,1,2987,86,12,0,0,13,29,0,0,0,3,,0,0
1212-2,6,137,mesta,238,40,1,2934,83,8,0,0,8,24,0,0,0,3,,0,0
1212-2,6,138,mesta,238,40,1,2881,80,4,0,0,8,24,0,0,0,3,,0,0
1212-2,6,139,mesta,238,40,1,4123,72,1,0,0,8,24,0,0,0,3,1,35,0
1212-2,6,140,mesta,238,40,1,4085,70,1,0,0,8,24,0,0,0,3,,0,0
1212-2,6,141,mesta,238,40,1,4047,70,1,0,0,8,24,0,0,0,3,,0,0
1212-2,6,142,mesta,246,40,1,4009,70,1,0,0,8,24,0,0,0,3,,0,0
1212-2,6,143,mesta,246,40,1,3969,67,1,0,0,4,20,0,0,0,3,,0,0
1212-2,6,144,mesta,246,40,1,3929,64,1,0,0,4,20,0,0,0,3,,0,0
1212-2,6,145,mesta,246,40,1,4121,61,1,0,0,4,20,0,0,0,3,1,24,0
1212-2,6,146,mesta,246,40,1,4083,58,1,0,0,4,20,0,0,0,3,,0,0
1212-2,6,147,mesta,246,40,1,4043,55,1,0,0,4,20,0,0,0,3,,0,0
1212-2,6,148,mesta,246,40,1,4005,52,1,0,0,4,20,0,0,0,3,,0,0
1212-2,6,149,mesta,246,40,1,3967,51,1,0,0,6,22,0,0,0,3,,0,0
1212-2,6,150,mesta,246,40,1,3932,50,1,0,0,6,25,0,0,0,3,,0,0
1212-2,6,151,mesta,246,40,1,3993,49,1,0,0,6,25,0,0,0,3,1,36,0
1212-2,6,152,mesta,246,40,1,3918,45,1,0,0,6,25,0,0,0,3,,0,0
1212-2,6,153,mesta,246,40,1,3847,41,1,0,0,6,25,0,0,0,3,,0,0
1212-2,6,154,mesta,295,40,1,3776,41,28,0,0,6,25,1,0,0,3,,0,0
1212-2,6,155,mesta,295,40,1,3705,44,28,0,0,13,32,0,0,0,3,,0,0
1212-2,6,156,mesta,295,40,1,3634,47,28,0,0,13,32,0,0,0,3,,0,0
1212-2,6,157,mesta,295,40,1,4008,50,24,0,0,13,32,0,0,0,3,1,30,0
1212-2,6,158,mesta,295,40,1,3958,52,20,0,0,13,32,0,0,0,3,,0,0
1212-2,6,159,mesta,295,40,1,3908,54,16,0,0,13,32,0,0,0,3,,0,0
1212-2,6,160,mesta,295,40,1,3858,56,12,0,0,13,32,0,0,0,3,,0,0
1212-2,6,161,mesta,295,40,1,3808,53,8,0,0,8,27,0,0,0,3,,0,0
1212-2,6,162,mesta,295,40,1,3758,50,4,0,0,8,27,0,0,0,3,,0,0
1212-2,6,163,mesta,295,40,1,4997,47,1,0,0,8,27,0,0,0,3,1,30,0
1212-2,6,164,mesta,295,40,1,4962,45,1,0,0,8,27,0,0,0,3,,0,0
1212-2,6,165,mesta,295,40,1,4923,45,1,0,0,8,27,0,0,0,3,,0,0
1212-2,6,166,mesta,295,40,1,4888,45,1,0,0,8,27,0,0,0,3,,0,0
1212-2,6,167,mesta,294,40,1,4853,44,1,0,0,4,23,1,0,0,3,,0,0
1212-2,6,168,mesta,293,40,1,4813,44,1,0,0,4,20,1,0,0,3,,0,0
1212-2,6,169,mesta,291,39,1,5027,44,1,0,0,4,20,1,0,0,3,1,24,0
1212-2,6,170,mesta,290,38,1,4986,44,1,0,0,4,20,1,0,0,3,,0,0
1212-2,6,171,mesta,289,37,1,4948,44,1,0,0,4,20,1,0,0,3,,0,0
1212-2,6,172,mesta,288,36,1,4908,44,1,0,0,4,20,1,0,0,3,,0,0
1212-2,6,173,mesta,287,35,1,4870,44,1,0,0,6,22,1,0,0,3,,0,0
1212-2,6,174,mesta,287,35,1,4834,44,1,0,0,6,24,0,0,0,3,,0,0
1212-2,6,175,mesta,287,35,1,4900,44,1,0,0,6,24,0,0,0,3,1,35,0
1212-2,6,176,mesta,287,35,1,4828,41,1,0,0,6,24,0,0,0,3,,0,0
1212-2,6,177,mesta,286,35,1,4752,41,1,0,0,6,24,1,0,0,3,,0,0
1212-2,6,178,mesta,335,35,1,4680,41,17,0,0,6,24,1,0,0,3,,0,0
1212-2,6,179,mesta,335,35,1,4608,45,17,0,0,13,31,0,0,0,3,,0,0
1212-2,6,180,mesta,335,35,1,4536,49,17,0,0,13,31,0,0,0,3,,0,0
1212-2,6,181,mesta,335,35,1,4912,53,13,0,0,13,31,0,0,0,3,1,30,0
1212-2,6,182,mesta,335,35,1,4861,56,9,0,0,13,31,0,0,0,3,,0,0
1212-2,6,183,mesta,335,35,1,4810,59,5,0,0,13,31,0,0,0,3,,0,0
1212-2,6,184,mesta,335,35,1,4759,62,1,0,0,13,31,0,0,0,3,,0,0
1212-2,6,185,mesta,335,35,1,4687,60,1,0,0,8,26,0,0,0,3,,0,0
1212-2,6,186,mesta,335,35,1,4615,59,1,0,0,8,26,0,0,0,3,,0,0
1212-2,6,187,mesta,335,35,1,5574,58,1,0,0,8,26,0,0,0,3,1,29,0
1212-2,6,188,mesta,335,35,1,5538,60,1,0,0,8,26,0,0,0,3,,0,0
1212-2,6,189,mesta,335,35,1,5498,62,1,0,0,8,26,0,0,0,3,,0,0
1212-2,6,190,mesta,335,35,1,5462,64,1,0,0,8,26,0,0,0,3,,0,0
1212-2,6,191,mesta,335,35,1,5424,62,1,0,0,4,22,0,0,0,3,,0,0
1212-2,6,192,mesta,335,35,1,5386,60,1,0,0,4,20,0,0,0,3,,0,0
1212-2,6,193,mesta,335,35,1,5474,58,1,0,0,4,20,0,0,0,3,1,24,0
1212-2,6,194,mesta,335,35,1,5436,56,1,0,0,4,20,0,0,0,3,,0,0
1212-2,6,195,mesta,335,35,1,5398,54,1,0,0,4,20,0,0,0,3,,0,0
1212-2,6,196,mesta,335,35,1,5358,52,1,0,0,4,20,0,0,0,3,,0,0
1212-2,6,197,mesta,335,35,1,5320,52,1,0,0,6,22,0,0,0,3,,0,0
1212-2,6,198,mesta,335,35,1,5284,52,1,0,0,6,24,0,0,0,3,,0,0
1212-2,6,199,mesta,335,35,1,5345,52,1,0,0,6,24,0,0,0,3,1,35,0
1212-2,6,200,mesta,335,35,1,5269,49,1,0,0,6,24,0,0,0,3,,0,0
1212-2,6,1,monjes,35,96,1,26,58,0,0,0,15,35,0,0,0,0,1,5,0
1212-2,6,2,monjes,35,96,1,31,44,0,0,0,15,24,0,0,0,0,,0,0
1212-2,6,3,monjes,35,96,1,36,30,0,0,0,15,24,0,1,0,0,,0,0
1212-2,6,4,monjes,35,96,1,41,25,0,0,0,22,31,0,0,0,0,,0,0
1212-2,6,5,monjes,35,96,1,46,34,0,0,0,36,45,0,1,0,0,,0,0
1212-2,6,6,monjes,35,96,1,68,45,0,0,0,36,62,0,0,0,0,,0,0
1212-2,6,7,monjes,35,96,1,82,55,0,0,0,36,62,0,0,0,0,1,4,0
1212-2,6,8,monjes,35,96,1,104,67,0,0,0,36,62,0,0,0,0,,0,0
1212-2,6,9,monjes,35,96,1,126,76,0,0,0,36,62,0,0,0,0,,0,0
1212-2,6,10,monjes,50,96,1,148,85,0,0,0,36,62,0,0,0,1,,0,0
1212-2,6,11,monjes,50,96,1,170,134,0,0,0,78,104,0,0,0,1,,0,0
1212-2,6,12,monjes,50,96,1,192,200,0,0,0,98,124,0,0,0,1,,0,0
1212-2,6,13,monjes,49,92,1,95,254,0,0,0,98,124,0,0,0,1,1,8,0
1212-2,6,14,monjes,49,92,1,83,316,0,2,0,98,118,0,0,0,1,,0,0
1212-2,6,15,monjes,49,92,1,100,376,0,2,0,98,118,0,0,0,1,,0,0
1212-2,6,16,monjes,49,92,1,117,433,0,2,0,98,118,0,0,0,1,,0,0
1212-2,6,17,monjes,49,92,1,134,448,0,2,0,56,76,0,0,0,1,,0,0
1212-2,6,18,monjes,49,92,1,151,452,0,2,0,45,65,0,0,0,1,,0,0
1212-2,6,19,monjes,49,90,1,120,439,0,2,0,45,65,0,0,0,1,1,25,0
1212-2,6,20,monjes,67,90,1,101,439,0,2,0,45,65,0,0,0,2,,0,0
1212-2,6,21,monjes,67,90,1,118,434,0,2,0,45,65,0,0,0,2,,0,0
1212-2,6,22,monjes,67,90,1,135,429,0,2,0,45,65,0,0,0,2,,0,0
1212-2,6,23,monjes,67,90,1,152,398,0,2,0,22,42,0,0,0,2,,0,0
1212-2,6,24,monjes,75,90,1,163,373,0,2,0,22,36,0,0,0,2,,0,0
1212-2,6,25,monjes,74,86,1,214,327,0,2,0,17,31,0,0,0,2,1,20,0
1212-2,6,26,monjes,74,86,1,173,308,0,2,0,17,30,0,0,0,2,,0,0
1212-2,6,27,monjes,74,86,1,183,282,0,2,0,17,30,0,0,0,2,,0,0
1212-2,6,28,monjes,74,86,1,193,257,0,2,0,17,30,0,0,0,2,,0,0
1212-2,6,29,monjes,75,90,1,203,252,0,2,0,36,49,0,0,0,2,,0,0
1212-2,6,30,monjes,75,90,1,220,246,0,2,0,36,56,0,0,0,2,,0,0
1212-2,6,31,monjes,75,90,1,296,234,0,2,0,36,56,0,0,0,2,1,30,0
1212-2,6,32,monjes,83,90,1,262,236,0,2,0,36,56,0,0,0,2,,0,0
1212-2,6,33,monjes,83,90,1,228,237,0,2,0,36,56,0,0,0,2,,0,0
1212-2,6,34,monjes,83,90,1,245,230,0,2,0,36,56,0,0,0,2,,0,0
1212-2,6,35,monjes,83,90,1,262,259,0,2,0,72,92,0,0,0,2,,0,0
1212-2,6,36,monjes,83,90,1,279,287,0,2,0,72,92,0,0,0,2,,0,0
1212-2,6,37,monjes,91,90,1,337,321,0,2,0,72,92,0,0,0,2,1,16,0
1212-2,6,38,monjes,91,90,1,291,354,0,2,0,72,92,0,0,0,2,,0,0
1212-2,6,39,monjes,91,90,1,245,385,0,2,0,72,92,0,0,0,2,,0,0
1212-2,6,40,monjes,91,90,1,235,411,0,2,0,72,92,0,0,0,2,,0,0
1212-2,6,41,monjes,91,90,1,252,407,0,2,0,45,65,0,0,0,2,,0,0
1212-2,6,42,monjes,91,90,1,269,403,0,2,0,45,65,0,0,0,2,,0,0
1212-2,6,43,monjes,91,94,1,367,409,0,2,0,45,65,0,0,0,2,1,17,0
1212-2,6,44,monjes,91,94,1,321,411,0,2,0,45,65,0,0,0,2,,0,0
1212-2,6,45,monjes,91,94,1,275,413,0,2,0,45,65,0,0,0,2,,0,0
1212-2,6,46,monjes,91,94,1,274,410,0,2,0,45,65,0,0,0,2,,0,0
1212-2,6,47,monjes,91,94,1,291,378,0,2,0,17,37,0,0,0,2,,0,0
1212-2,6,48,monjes,91,94,1,302,348,0,2,0,17,31,0,0,0,2,,0,0
1212-2,6,49,monjes,91,90,1,359,321,0,2,0,22,36,0,0,0,2,1,17,0
1212-2,6,50,monjes,91,90,1,307,306,0,2,0,22,36,0,0,0,2,,0,0
1212-2,6,51,monjes,91,90,1,255,291,0,2,0,22,36,0,0,0,2,,0,0
1212-2,6,52,monjes,91,90,1,221,275,0,2,0,22,36,0,0,0,2,,0,0
1212-2,6,53,monjes,91,90,1,232,268,0,2,0,36,50,0,0,0,2,,0,0
1212-2,6,54,monjes,91,90,1,249,261,0,2,0,36,56,0,0,0,2,,0,0
1212-2,6,55,monjes,90,89,1,334,243,0,2,0,36,56,0,0,0,2,1,23,0
1212-2,6,56,monjes,91,90,1,287,244,0,2,0,36,55,0,0,0,2,,0,0
1212-2,6,57,monjes,99,90,1,241,245,0,2,0,36,56,0,0,0,2,,0,0
1212-2,6,58,monjes,128,96,2,258,239,0,2,0,36,56,0,0,0,3,,0,0
1212-2,6,59,monjes,128,97,2,269,266,0,2,0,72,92,0,0,0,3,,0,0
1212-2,6,60,monjes,128,98,2,280,292,0,2,0,72,92,0,0,0,3,,0,0
1212-2,6,61,monjes,128,99,2,334,272,0,0,0,72,92,0,0,0,3,1,26,0
1212-2,6,62,monjes,129,100,2,291,302,0,0,0,72,92,0,1,0,3,,0,0
1212-2,6,63,monjes,177,153,3,239,347,0,0,0,88,109,0,0,0,4,,0,0
1212-2,6,64,monjes,178,156,3,200,376,0,0,0,88,119,0,1,0,4,,0,0
1212-2,6,65,monjes,178,159,3,215,364,0,0,0,52,88,0,0,0,4,,0,0
1212-2,6,66,monjes,179,162,3,230,351,0,0,0,53,90,0,1,0,4,,0,0
1212-2,6,67,monjes,180,165,3,321,338,0,0,0,53,90,0,0,0,4,1,30,0
1212-2,6,68,monjes,180,166,3,318,336,0,0,0,67,103,0,3,0,4,,0,0
1212-2,6,69,monjes,188,167,3,300,352,0,0,0,80,117,0,0,0,4,,0,0
1212-2,6,70,monjes,188,168,3,297,367,0,0,0,81,119,0,1,0,4,,0,0
1212-2,6,71,monjes,188,169,3,294,352,0,0,0,50,88,0,0,0,4,,0,0
1212-2,6,72,monjes,189,170,3,285,336,0,0,0,50,82,0,0,0,4,,0,0
1212-2,6,73,monjes,188,169,3,326,277,0,0,0,52,86,0,1,0,4,1,25,0
1212-2,6,74,monjes,189,173,3,272,270,0,0,0,49,80,0,0,0,4,,0,0
1212-2,6,75,monjes,207,223,4,218,261,0,0,0,50,82,0,0,0,4,,0,0
1212-2,6,76,monjes,208,228,4,194,238,0,0,0,50,92,0,1,0,4,,0,0
1212-2,6,77,monjes,209,234,4,206,235,0,0,0,74,116,0,0,0,4,,0,0
1212-2,6,78,monjes,211,240,4,224,231,0,0,0,74,122,0,0,0,4,,0,0
1212-2,6,79,monjes,212,245,4,255,190,0,0,0,74,123,0,0,0,4,1,32,0
1212-2,6,80,monjes,212,249,4,211,193,0,2,0,76,125,0,2,0,4,,0,0
1212-2,6,81,monjes,236,289,5,203,207,0,4,0,86,138,0,0,0,4,,0,0
1212-2,6,82,monjes,238,298,5,205,208,0,4,0,87,147,0,2,0,4,,0,0
1212-2,6,83,monjes,240,307,5,210,289,0,4,0,170,231,0,0,0,4,,0,0
1212-2,6,84,monjes,242,316,5,225,366,0,4,0,171,232,0,1,0,4,,0,0
1212-2,6,85,monjes,244,325,5,291,435,0,0,0,171,233,0,0,0,4,1,30,0
1212-2,6,86,monjes,246,335,5,261,504,0,0,0,171,233,0,1,0,4,,0,0
1212-2,6,87,monjes,256,346,5,231,568,0,0,0,171,235,0,1,0,4,,0,0
1212-2,6,88,monjes,258,357,5,213,626,0,0,0,171,241,0,1,0,4,,0,0
1212-2,6,89,monjes,260,369,5,234,625,0,0,0,119,192,0,0,0,4,,0,0
1212-2,6,90,monjes,263,380,5,261,615,0,0,0,119,194,0,1,0,4,,0,0
1212-2,6,91,monjes,264,387,5,338,608,0,0,0,119,197,0,0,0,4,1,21,0
1212-2,6,92,monjes,265,394,5,306,604,0,0,0,120,200,0,0,0,4,,0,0
1212-2,6,93,monjes,275,401,5,274,598,0,0,0,120,200,0,0,0,4,,0,0
1212-2,6,94,monjes,276,409,5,298,585,0,0,0,120,202,0,0,0,4,,0,0
1212-2,6,95,monjes,276,409,5,331,521,0,0,0,70,152,0,0,0,4,,0,0
1212-2,6,96,monjes,276,409,5,358,460,0,0,0,70,146,0,0,0,4,,0,0
1212-2,6,97,monjes,276,409,5,421,405,0,0,0,70,146,0,0,0,4,1,30,0
1212-2,6,98,monjes,276,409,5,408,360,0,0,0,70,146,0,0,0,4,,0,0
1212-2,6,99,monjes,284,409,5,395,316,0,0,0,70,146,0,0,0,4,,0,0
1212-2,6,100,monjes,284,409,5,382,274,0,0,0,70,146,0,0,0,4,,0,0
1212-2,6,101,monjes,285,410,5,369,265,0,0,0,102,178,0,0,0,4,,0,0
1212-2,6,102,monjes,285,411,5,362,256,0,0,0,102,184,0,0,0,4,,0,0
1212-2,6,103,monjes,285,411,5,415,246,0,0,0,102,184,0,0,0,4,1,25,0
1212-2,6,104,monjes,285,411,5,366,234,0,2,0,102,184,0,0,0,4,,0,0
1212-2,6,105,monjes,285,411,5,317,222,0,4,0,102,184,0,0,0,4,,0,0
1212-2,6,106,monjes,285,411,5,319,209,0,6,0,102,184,0,0,0,4,,0,0
1212-2,6,107,monjes,286,419,5,330,279,0,0,0,183,265,0,0,0,4,,0,0
1212-2,6,108,monjes,288,428,5,365,335,0,0,0,183,267,0,0,0,4,,0,0
1212-2,6,109,monjes,290,437,5,345,391,0,0,0,183,267,0,0,0,4,1,24,0
1212-2,6,110,monjes,292,448,5,314,445,0,2,0,183,269,0,0,0,4,,0,0
1212-2,6,111,monjes,294,459,5,287,494,0,4,0,183,269,0,0,0,4,,0,0
1212-2,6,112,monjes,297,470,5,263,539,0,6,0,183,272,0,0,0,4,,0,0
1212-2,6,113,monjes,298,475,5,264,518,0,8,0,120,209,0,0,0,4,,0,0
1212-2,6,114,monjes,298,475,5,294,495,0,9,0,120,209,0,0,0,4,,0,0
1212-2,6,115,monjes,298,475,5,361,472,0,9,0,120,209,0,0,0,4,1,31,0
1212-2,6,116,monjes,298,475,5,357,451,0,9,0,120,209,0,2,0,4,,0,0
1212-2,6,117,monjes,308,486,5,353,458,0,9,0,145,234,0,0,0,4,,0,0
1212-2,6,118,monjes,310,497,5,358,462,0,9,0,145,239,0,0,0,4,,0,0
1212-2,6,119,monjes,310,497,5,363,411,0,0,0,82,178,0,0,0,4,,0,0
1212-2,6,120,monjes,310,497,5,370,353,0,0,0,82,172,0,0,0,4,,0,0
1212-2,6,121,monjes,310,497,5,425,294,0,0,0,82,172,0,0,0,4,1,32,0
1212-2,6,122,monjes,310,497,5,424,241,0,0,0,82,172,0,0,0,4,,0,0
1212-2,6,123,monjes,318,497,5,423,191,0,0,0,82,172,0,0,0,4,,0,0
1212-2,6,124,monjes,318,497,5,424,143,0,0,0,82,172,0,0,0,4,,0,0
1212-2,6,125,monjes,318,497,5,425,133,0,0,0,122,212,0,0,0,4,,0,0
1212-2,6,126,monjes,318,497,5,428,123,0,0,0,122,218,0,1,0,4,,0,0
1212-2,6,127,monjes,318,497,5,481,119,0,0,0,122,218,0,0,0,4,1,17,0
1212-2,6,128,monjes,318,497,5,432,115,0,2,0,122,218,0,0,0,4,,0,0
1212-2,6,129,monjes,318,497,5,387,111,0,4,0,122,218,0,0,0,4,,0,0
1212-2,6,130,monjes,318,497,5,337,109,0,3,0,122,218,0,0,0,4,,0,0
1212-2,6,131,monjes,319,503,5,380,202,0,5,0,223,319,0,0,0,4,,0,0
1212-2,6,132,monjes,320,509,5,427,287,0,5,0,223,319,0,0,0,4,,0,0
1212-2,6,133,monjes,322,515,5,496,360,0,2,0,223,320,0,0,0,4,1,29,0
1212-2,6,134,monjes,323,521,5,504,436,0,2,0,223,320,0,0,0,4,,0,0
1212-2,6,135,monjes,332,529,5,511,507,0,2,0,223,323,0,0,0,4,,0,0
1212-2,6,136,monjes,334,537,5,518,574,0,2,0,223,323,0,0,0,4,,0,0
1212-2,6,137,monjes,336,545,5,526,561,0,2,0,145,246,0,0,0,4,,0,0
1212-2,6,138,monjes,337,552,5,538,547,0,2,0,145,246,0,0,0,4,,0,0
1212-2,6,139,monjes,338,555,5,649,528,0,2,0,145,248,0,0,0,4,1,29,0
1212-2,6,140,monjes,338,558,5,659,513,0,2,0,145,248,0,0,0,4,,0,0
1212-2,6,141,monjes,347,561,5,673,498,0,2,0,145,248,0,0,0,4,,0,0
1212-2,6,142,monjes,348,565,5,685,482,0,2,0,145,250,0,0,0,4,,0,0
1212-2,6,143,monjes,348,565,5,699,406,0,2,0,82,187,0,0,0,4,,0,0
1212-2,6,144,monjes,348,565,5,707,333,0,2,0,82,181,0,0,0,4,,0,0
1212-2,6,145,monjes,348,565,5,787,222,0,2,0,82,181,0,0,0,4,1,35,0
1212-2,6,146,monjes,356,565,5,795,156,0,2,0,82,181,0,0,0,4,,0,0
1212-2,6,147,monjes,378,635,6,802,95,0,0,0,82,181,0,0,0,4,,0,0
1212-2,6,148,monjes,378,635,6,811,14,0,0,0,82,195,0,0,0,4,,0,0
1212-2,6,149,monjes,377,635,6,818,1,0,0,0,122,235,1,0,0,4,,0,0
1212-2,6,150,monjes,376,635,6,831,1,0,0,0,122,241,1,0,0,4,,0,0
1212-2,6,151,monjes,379,619,6,894,4,0,0,0,122,241,1,0,0,4,1,32,0
1212-2,6,152,monjes,375,603,6,848,4,0,2,0,108,216,1,0,0,4,,0,0
1212-2,6,153,monjes,531,588,6,803,4,0,4,0,108,216,1,1,1,5,,0,0
1212-2,6,154,monjes,527,573,6,758,4,0,6,0,108,213,1,0,0,5,,0,0
1212-2,6,155,monjes,532,596,6,687,62,0,6,0,198,300,0,0,0,5,,0,0
1212-2,6,156,monjes,537,620,6,645,110,0,5,0,199,307,0,2,0,5,,0,0
1212-2,6,157,monjes,540,635,6,709,185,0,3,0,231,340,0,1,0,5,1,19,0
1212-2,6,158,monjes,541,643,6,705,251,0,3,0,231,335,0,2,0,5,,0,0
1212-2,6,159,monjes,542,649,6,672,355,0,3,0,271,376,0,0,0,5,,0,0
1212-2,6,160,monjes,544,655,6,670,449,0,3,0,271,377,0,2,0,5,,0,0
1212-2,6,161,monjes,545,661,6,669,462,0,3,0,187,294,0,0,0,5,,0,0
1212-2,6,162,monjes,545,664,6,668,472,0,3,0,187,294,0,0,0,5,,0,0
1212-2,6,163,monjes,545,664,6,776,478,0,3,0,187,295,0,0,0,5,1,29,0
1212-2,6,164,monjes,545,664,6,786,482,0,3,0,187,295,0,0,0,5,,0,0
1212-2,6,165,monjes,554,669,7,796,486,0,3,0,187,295,0,0,0,5,,0,0
1212-2,6,166,monjes,555,670,7,798,487,0,3,0,187,295,0,0,0,5,,0,0
1212-2,6,167,monjes,555,670,7,800,411,0,3,0,107,215,0,0,0,5,,0,0
1212-2,6,168,monjes,555,670,7,796,338,0,3,0,107,209,0,0,0,5,,0,0
1212-2,6,169,monjes,554,666,7,849,239,0,3,0,123,225,0,0,0,5,1,32,0
1212-2,6,170,monjes,554,666,7,844,188,0,3,0,123,225,0,0,0,5,,0,0
1212-2,6,171,monjes,574,726,8,839,142,0,0,0,123,225,0,1,0,5,,0,0
1212-2,6,172,monjes,574,726,8,823,83,0,0,0,124,236,0,0,0,5,,0,0
1212-2,6,173,monjes,574,726,8,817,58,0,0,0,159,271,0,0,0,5,,0,0
1212-2,6,174,monjes,574,726,8,817,34,0,0,0,159,277,0,1,0,5,,0,0
1212-2,6,175,monjes,574,726,8,801,15,0,0,0,158,276,0,0,0,5,1,32,0
1212-2,6,176,monjes,573,726,8,750,4,0,2,0,158,273,1,3,0,5,,0,0
1212-2,6,177,monjes,572,726,8,699,4,0,4,0,165,283,1,0,0,5,,0,0
1212-2,6,178,monjes,567,708,8,648,4,0,6,0,165,283,1,0,0,5,,0,0
1212-2,6,179,monjes,571,725,8,560,128,0,5,0,299,410,0,0,0,5,,0,0
1212-2,6,180,monjes,571,729,8,509,241,0,2,0,300,418,0,3,0,5,,0,0
1212-2,6,181,monjes,572,733,8,596,351,0,4,0,305,423,0,0,0,5,1,24,0
1212-2,6,182,monjes,573,737,8,596,453,0,4,0,306,424,0,2,0,5,,0,0
1212-2,6,183,monjes,574,741,8,596,554,0,4,0,307,425,0,0,0,5,,0,0
1212-2,6,184,monjes,575,745,8,597,651,0,4,0,308,428,0,0,0,5,,0,0
1212-2,6,185,monjes,575,749,8,598,645,0,4,0,205,325,0,0,0,5,,0,0
1212-2,6,186,monjes,576,753,8,599,639,0,4,0,206,326,0,0,0,5,,0,0
1212-2,6,187,monjes,577,758,8,641,624,0,4,0,207,329,0,0,0,5,1,26,0
1212-2,6,188,monjes,578,763,8,646,618,0,4,0,207,330,0,0,0,5,,0,0
1212-2,6,189,monjes,579,768,8,651,613,0,4,0,209,333,0,0,0,5,,0,0
1212-2,6,190,monjes,580,773,8,657,606,0,4,0,209,334,0,0,0,5,,0,0
1212-2,6,191,monjes,580,773,8,663,531,0,4,0,139,264,0,0,0,5,,0,0
1212-2,6,192,monjes,580,773,8,663,459,0,4,0,139,258,0,0,0,5,,0,0
1212-2,6,193,monjes,580,773,8,715,369,0,4,0,122,241,0,0,0,5,1,30,0
1212-2,6,194,monjes,580,773,8,715,288,0,4,0,122,241,0,0,0,5,,0,0
1212-2,6,195,monjes,580,773,8,715,210,0,4,0,122,241,0,0,0,5,,0,0
1212-2,6,196,monjes,588,773,8,715,138,0,1,0,122,241,0,0,0,5,,0,0
1212-2,6,197,monjes,588,773,8,715,118,0,1,0,176,295,0,0,0,5,,0,0
1212-2,6,198,monjes,588,773,8,721,98,0,1,0,176,301,0,0,0,5,,0,0
1212-2,6,199,monjes,588,773,8,752,72,0,1,0,176,301,0,0,0,5,1,28,0
1212-2,6,200,monjes,588,773,8,731,57,0,2,0,176,301,0,0,0,5,,0,0
1212-2,6,1,salineros,24,41,1,19,69,0,7,0,10,27,0,0,0,0,1,5,0
1212-2,6,2,salineros,24,41,1,19,67,0,14,0,10,23,0,0,0,0,,0,0
1212-2,6,3,salineros,24,41,1,19,65,0,21,0,10,23,0,0,0,0,,0,0
1212-2,6,4,salineros,24,41,1,19,63,0,28,0,10,23,0,0,0,0,,0,0
1212-2,6,5,salineros,24,43,1,19,67,0,35,0,16,29,0,1,0,0,,0,0
1212-2,6,6,salineros,25,45,1,3,73,0,51,0,16,42,0,0,0,0,,0,0
1212-2,6,7,salineros,40,47,1,7,76,0,67,0,16,42,0,0,0,1,1,0,1
1212-2,6,8,salineros,40,49,1,11,79,0,83,0,16,42,0,1,0,1,,0,0
1212-2,6,9,salineros,41,51,1,23,83,0,98,0,16,49,0,0,0,1,,0,0
1212-2,6,10,salineros,41,53,1,37,87,0,113,0,16,51,0,0,0,1,,0,0
1212-2,6,11,salineros,42,55,1,51,109,0,126,0,35,69,0,0,0,1,,0,0
1212-2,6,12,salineros,42,57,1,65,139,0,139,0,43,77,0,0,0,1,,0,0
1212-2,6,13,salineros,42,55,1,59,158,0,141,0,43,77,0,0,0,1,1,15,0
1212-2,6,14,salineros,42,57,1,73,188,0,142,0,43,76,0,0,0,1,,0,0
1212-2,6,15,salineros,42,59,1,87,217,0,142,0,43,76,0,0,0,1,,0,0
1212-2,6,16,salineros,43,60,1,101,246,0,142,0,43,76,0,0,0,1,,0,0
1212-2,6,17,salineros,43,60,1,117,256,0,140,0,25,59,0,0,0,1,,0,0
1212-2,6,18,salineros,43,60,1,133,261,0,138,0,20,54,0,0,0,1,,0,0
1212-2,6,19,salineros,42,58,1,717,249,0,142,0,20,53,0,0,0,1,1,32,0
1212-2,6,20,salineros,61,60,1,707,252,0,146,0,20,51,0,0,0,2,,0,0
1212-2,6,21,salineros,61,60,1,699,254,0,150,0,20,53,0,0,0,2,,0,0
1212-2,6,22,salineros,61,60,1,715,256,0,149,0,20,52,0,0,0,2,,0,0
1212-2,6,23,salineros,61,60,1,731,244,0,148,0,10,42,0,0,0,2,,0,0
1212-2,6,24,salineros,69,60,1,741,236,0,148,0,10,36,0,0,0,2,,0,0
1212-2,6,25,salineros,68,56,1,1083,215,0,151,0,7,32,0,0,0,2,1,25,0
1212-2,6,26,salineros,68,56,1,1068,205,0,154,0,7,31,0,0,0,2,,0,0
1212-2,6,27,salineros,68,56,1,1053,195,0,157,0,7,30,0,0,0,2,,0,0
1212-2,6,28,salineros,68,56,1,1038,185,0,160,0,7,30,0,0,0,2,,0,0
1212-2,6,29,salineros,68,58,1,1023,184,0,163,0,16,39,0,0,0,2,,0,0
1212-2,6,30,salineros,69,60,1,1013,183,0,165,0,16,43,0,0,0,2,,0,0
1212-2,6,31,salineros,69,60,1,1276,177,0,164,0,16,45,0,0,0,2,1,29,0
1212-2,6,32,salineros,69,60,1,1268,175,0,166,0,16,45,0,0,0,2,,0,0
1212-2,6,33,salineros,69,60,1,1260,173,0,167,0,16,44,0,0,0,2,,0,0
1212-2,6,34,salineros,69,60,1,1252,171,0,168,0,16,44,0,0,0,2,,0,0
1212-2,6,35,salineros,77,60,1,1244,185,0,168,0,32,59,0,0,0,2,,0,0
1212-2,6,36,salineros,77,60,1,1236,199,0,167,0,32,59,0,0,0,2,,0,0
1212-2,6,37,salineros,77,60,1,1446,213,0,166,0,32,59,0,0,0,2,1,25,0
1212-2,6,38,salineros,77,60,1,1438,227,0,165,0,32,59,0,0,0,2,,0,0
1212-2,6,39,salineros,77,60,1,1430,241,0,164,0,32,59,0,0,0,2,,0,0
1212-2,6,40,salineros,77,60,1,1422,255,0,162,0,32,59,0,0,0,2,,0,0
1212-2,6,41,salineros,77,60,1,1414,257,0,160,0,20,47,0,0,0,2,,0,0
1212-2,6,42,salineros,77,60,1,1406,259,0,158,0,20,47,0,0,0,2,,0,0
1212-2,6,43,salineros,77,60,1,1623,257,0,156,0,20,47,0,0,0,2,1,30,0
1212-2,6,44,salineros,77,60,1,1615,259,0,154,0,20,47,0,0,0,2,,0,0
1212-2,6,45,salineros,85,60,1,1607,261,0,152,0,20,47,0,0,0,2,,0,0
1212-2,6,46,salineros,85,60,1,1599,263,0,150,0,20,47,0,0,0,2,,0,0
1212-2,6,47,salineros,85,60,1,1591,252,0,148,0,7,34,0,0,0,2,,0,0
1212-2,6,48,salineros,85,60,1,1577,241,0,147,0,7,28,0,0,0,2,,0,0
1212-2,6,49,salineros,85,60,1,1787,227,0,146,0,10,31,0,0,0,2,1,30,0
1212-2,6,50,salineros,85,60,1,1773,219,0,145,0,10,31,0,0,0,2,,0,0
1212-2,6,51,salineros,85,60,1,1759,211,0,144,0,10,31,0,0,0,2,,0,0
1212-2,6,52,salineros,93,60,1,1745,203,0,143,0,10,31,0,0,0,2,,0,0
1212-2,6,53,salineros,93,60,1,1731,201,0,142,0,16,37,0,0,0,2,,0,0
1212-2,6,54,salineros,93,60,1,1723,199,0,141,0,16,43,0,0,0,2,,0,0
1212-2,6,55,salineros,93,60,1,1981,197,0,141,0,16,43,0,0,0,2,1,25,0
1212-2,6,56,salineros,93,60,1,1973,195,0,141,0,16,43,0,0,0,2,,0,0
1212-2,6,57,salineros,93,60,1,1965,193,0,141,0,16,43,0,0,0,2,,0,0
1212-2,6,58,salineros,93,60,1,1957,191,0,141,0,16,43,0,0,0,2,,0,0
1212-2,6,59,salineros,93,60,1,1949,205,0,140,0,32,59,0,0,0,2,,0,0
1212-2,6,60,salineros,93,60,1,1941,219,0,139,0,32,59,0,0,0,2,,0,0
1212-2,6,61,salineros,93,60,1,2162,229,0,134,0,32,59,0,0,0,2,1,30,0
1212-2,6,62,salineros,93,60,1,2154,243,0,133,0,32,59,0,0,0,2,,0,0
1212-2,6,63,salineros,93,60,1,2146,257,0,131,0,32,59,0,0,0,2,,0,0
1212-2,6,64,salineros,101,60,1,2138,271,0,129,0,32,59,0,0,0,2,,0,0
1212-2,6,65,salineros,101,60,1,2130,273,0,127,0,20,47,0,0,0,2,,0,0
1212-2,6,66,salineros,101,60,1,2122,275,0,125,0,20,47,0,0,0,2,,0,0
1212-2,6,67,salineros,101,60,1,2358,237,0,124,0,20,47,0,0,0,2,1,25,0
1212-2,6,68,salineros,101,60,1,2350,239,0,123,0,20,47,0,0,0,2,,0,0
1212-2,6,69,salineros,141,120,2,2342,241,0,122,0,20,47,0,0,0,3,,0,0
1212-2,6,70,salineros,141,120,2,2337,228,0,121,0,20,59,0,0,0,3,,0,0
1212-2,6,71,salineros,141,120,2,2332,205,0,120,0,10,49,0,0,0,3,,0,0
1212-2,6,72,salineros,141,120,2,2321,182,0,120,0,10,43,0,0,0,3,,0,0
1212-2,6,73,salineros,141,120,2,2515,153,0,120,0,10,43,0,0,0,3,1,36,0
1212-2,6,74,salineros,141,120,2,2505,128,0,121,0,10,43,0,0,0,3,,0,0
1212-2,6,75,salineros,141,120,2,2495,104,0,122,0,10,43,0,1,0,3,,0,0
1212-2,6,76,salineros,141,120,2,2485,86,0,124,0,14,47,0,0,0,3,,0,0
1212-2,6,77,salineros,149,120,2,2475,77,0,126,0,23,56,0,0,0,3,,0,0
1212-2,6,78,salineros,149,120,2,2471,68,0,128,0,23,62,0,0,0,3,,0,0
1212-2,6,79,salineros,149,120,2,2661,62,0,130,0,23,62,0,0,0,3,1,28,0
1212-2,6,80,salineros,149,120,2,2645,55,0,132,0,23,62,0,2,0,3,,0,0
1212-2,6,81,salineros,149,120,2,2614,64,0,134,0,35,74,0,0,0,3,,0,0
1212-2,6,82,salineros,149,120,2,2598,71,0,136,0,35,74,0,1,0,3,,0,0
1212-2,6,83,salineros,149,120,2,2582,115,0,137,0,70,109,0,0,0,3,,0,0
1212-2,6,84,salineros,149,120,2,2566,159,0,137,0,70,109,0,0,0,3,,0,0
1212-2,6,85,salineros,149,120,2,2813,197,0,135,0,70,109,0,0,0,3,1,34,0
1212-2,6,86,salineros,149,120,2,2809,235,0,134,0,70,109,0,0,0,3,,0,0
1212-2,6,87,salineros,157,120,2,2805,273,0,132,0,70,109,0,0,0,3,,0,0
1212-2,6,88,salineros,157,120,2,2789,314,0,129,0,70,109,0,0,0,3,,0,0
1212-2,6,89,salineros,157,120,2,2773,336,0,126,0,48,87,0,0,0,3,,0,0
1212-2,6,90,salineros,157,120,2,2757,358,0,122,0,48,87,0,0,0,3,,0,0
1212-2,6,91,salineros,157,120,2,2969,370,0,118,0,48,87,0,0,0,3,1,30,0
1212-2,6,92,salineros,157,120,2,2964,385,0,114,0,48,87,0,0,0,3,,0,0
1212-2,6,93,salineros,157,120,2,2959,400,0,109,0,48,87,0,0,0,3,,0,0
1212-2,6,94,salineros,157,120,2,2954,415,0,104,0,48,87,0,0,0,3,,0,0
1212-2,6,95,salineros,157,120,2,2949,411,0,99,0,29,68,0,0,0,3,,0,0
1212-2,6,96,salineros,165,120,2,2938,407,0,94,0,29,62,0,0,0,3,,0,0
1212-2,6,97,salineros,165,120,2,3148,403,0,89,0,29,62,0,0,0,3,1,25,0
1212-2,6,98,salineros,165,120,2,3137,399,0,84,0,29,62,0,0,0,3,,0,0
1212-2,6,99,salineros,165,120,2,3126,395,0,80,0,29,62,0,0,0,3,,0,0
1212-2,6,100,salineros,165,120,2,3115,391,0,76,0,29,62,0,0,0,3,,0,0
1212-2,6,101,salineros,165,120,2,3104,398,0,71,0,40,73,0,0,0,3,,0,0
1212-2,6,102,salineros,165,120,2,3099,405,0,66,0,40,79,0,0,0,3,,0,0
1212-2,6,103,salineros,165,120,2,3301,406,0,60,0,40,79,0,0,0,3,1,30,0
1212-2,6,104,salineros,165,120,2,3280,413,0,55,0,40,79,0,0,0,3,,0,0
1212-2,6,105,salineros,165,120,2,3259,420,0,50,0,40,79,0,0,0,3,,0,0
1212-2,6,106,salineros,165,123,2,3238,425,0,45,0,40,79,0,1,0,3,,0,0
1212-2,6,107,salineros,166,126,2,3217,462,0,39,0,70,109,0,0,0,3,,0,0
1212-2,6,108,salineros,174,129,2,3196,496,0,33,0,70,109,0,1,0,3,,0,0
1212-2,6,109,salineros,175,132,2,3450,531,0,26,0,70,109,0,0,0,3,1,25,0
1212-2,6,110,salineros,176,135,2,3447,565,0,18,0,70,111,0,0,0,3,,0,0
1212-2,6,111,salineros,176,138,2,3444,599,0,9,0,70,111,0,0,0,3,,0,0
1212-2,6,112,salineros,177,141,2,3441,632,0,0,0,70,111,0,0,0,3,,0,0
1212-2,6,113,salineros,178,145,2,3440,642,0,4,0,48,91,0,0,0,3,,0,0
1212-2,6,114,salineros,178,149,2,3439,651,0,8,0,48,91,0,0,0,3,,0,0
1212-2,6,115,salineros,179,153,2,3641,659,0,1,0,48,91,0,0,0,3,1,19,0
1212-2,6,116,salineros,180,157,2,3624,666,0,8,0,48,93,0,0,0,3,,0,0
1212-2,6,117,salineros,181,161,2,3607,672,0,1,0,48,93,0,0,0,3,,0,0
1212-2,6,118,salineros,182,165,2,3592,677,0,8,0,48,95,0,0,0,3,,0,0
1212-2,6,119,salineros,182,165,2,3577,662,0,1,0,29,76,0,0,0,3,,0,0
1212-2,6,120,salineros,182,165,2,3556,647,0,8,0,29,70,0,0,0,3,,0,0
1212-2,6,121,salineros,182,169,2,3586,632,0,2,0,29,70,0,0,0,3,1,21,0
1212-2,6,122,salineros,182,169,2,3537,616,0,9,0,29,70,0,0,0,3,,0,0
1212-2,6,123,salineros,182,169,2,3488,598,0,3,0,29,70,0,0,0,3,,0,0
1212-2,6,124,salineros,182,169,2,3439,580,0,10,0,29,70,0,1,0,3,,0,0
1212-2,6,125,salineros,182,169,2,3390,575,0,5,0,40,81,0,0,0,3,,0,0
1212-2,6,126,salineros,182,169,2,3347,570,0,0,0,40,87,0,0,0,3,,0,0
1212-2,6,127,salineros,182,165,2,3391,554,0,7,0,40,87,0,0,0,3,1,26,0
1212-2,6,128,salineros,182,165,2,3344,549,0,4,0,40,87,0,0,0,3,,0,0
1212-2,6,129,salineros,182,165,2,3297,544,0,2,0,40,87,0,0,0,3,,0,0
1212-2,6,130,salineros,182,165,2,3250,539,0,11,0,40,87,0,0,0,3,,0,0
1212-2,6,131,salineros,183,172,2,3203,564,0,8,0,70,117,0,0,0,3,,0,0
1212-2,6,132,salineros,184,179,2,3156,587,0,5,0,70,117,0,0,0,3,,0,0
1212-2,6,133,salineros,186,186,2,3254,602,0,10,0,70,119,0,0,0,3,1,24,0
1212-2,6,134,salineros,187,192,2,3213,623,0,4,0,70,119,0,0,0,3,,0,0
1212-2,6,135,salineros,188,195,2,3176,642,0,11,0,70,123,0,0,0,3,,0,0
1212-2,6,136,salineros,188,198,2,3139,661,0,4,0,70,123,0,0,0,3,,0,0
1212-2,6,137,salineros,188,198,2,3102,657,0,11,0,48,101,0,0,0,3,,0,0
1212-2,6,138,salineros,188,198,2,3065,653,0,4,0,48,101,0,0,0,3,,0,0
1212-2,6,139,salineros,196,198,2,3222,642,0,11,0,48,101,0,0,0,3,1,13,0
1212-2,6,140,salineros,196,198,2,3255,631,0,5,0,48,101,0,0,0,3,,0,0
1212-2,6,141,salineros,196,198,2,3288,620,0,12,0,48,101,0,0,0,3,,0,0
1212-2,6,142,salineros,196,198,2,3321,609,0,6,0,48,101,0,0,0,3,,0,0
1212-2,6,143,salineros,196,198,2,3354,579,0,1,0,29,82,0,0,0,3,,0,0
1212-2,6,144,salineros,196,198,2,3380,549,0,8,0,29,75,0,0,0,3,,0,0
1212-2,6,145,salineros,196,198,2,3505,519,0,4,0,29,75,0,0,0,3,1,13,0
1212-2,6,146,salineros,196,198,2,3531,489,0,1,0,29,75,0,0,0,3,,0,0
1212-2,6,147,salineros,196,198,2,3557,459,0,8,0,29,75,0,0,0,3,,0,0
1212-2,6,148,salineros,196,198,2,3583,429,0,6,0,29,75,0,0,0,3,,0,0
1212-2,6,149,salineros,196,198,2,3609,410,0,4,0,40,86,0,0,0,3,,0,0
1212-2,6,150,salineros,196,198,2,3642,391,0,2,0,40,93,0,0,0,3,,0,0
1212-2,6,151,salineros,196,198,2,3773,372,0,1,0,40,93,0,0,0,3,1,14,0
1212-2,6,152,salineros,196,198,2,3806,353,0,2,0,40,95,0,0,0,3,,0,0
1212-2,6,153,salineros,196,198,2,3839,334,0,4,0,40,95,0,0,0,3,,0,0
1212-2,6,154,salineros,196,198,2,3872,315,0,6,0,40,95,0,0,0,3,,0,0
1212-2,6,155,salineros,197,201,2,3905,326,0,8,0,70,125,0,0,0,3,,0,0
1212-2,6,156,salineros,198,205,2,3940,336,0,10,0,70,127,0,0,0,3,,0,0
1212-2,6,157,salineros,199,210,2,4087,345,0,11,0,70,127,0,0,0,3,1,17,0
1212-2,6,158,salineros,199,210,2,4124,353,0,12,0,70,129,0,0,0,3,,0,0
1212-2,6,159,salineros,199,210,2,4161,361,0,13,0,70,129,0,0,0,3,,0,0
1212-2,6,160,salineros,199,210,2,4173,375,0,14,0,70,129,0,0,0,3,,0,0
1212-2,6,161,salineros,199,210,2,4181,374,0,15,0,48,107,0,0,0,3,,0,0
1212-2,6,162,salineros,199,210,2,4189,374,0,16,0,48,107,0,0,0,3,,0,0
1212-2,6,163,salineros,198,206,2,4305,317,0,18,0,48,107,0,0,0,3,1,14,0
1212-2,6,164,salineros,198,206,2,4340,304,0,20,0,48,105,0,0,0,3,,0,0
1212-2,6,165,salineros,242,236,3,4375,291,0,22,0,48,105,0,0,0,4,,0,0
1212-2,6,166,salineros,242,236,3,4402,270,0,25,0,48,111,0,0,0,4,,0,0
1212-2,6,167,salineros,242,236,3,4429,230,0,29,0,29,92,0,0,0,4,,0,0
1212-2,6,168,salineros,242,236,3,4448,190,0,34,0,29,84,0,0,0,4,,0,0
1212-2,6,169,salineros,242,236,3,4591,151,0,36,0,31,86,0,0,0,4,1,33,0
1212-2,6,170,salineros,242,236,3,4593,122,0,39,0,31,86,0,0,0,4,,0,0
1212-2,6,171,salineros,242,236,3,4595,93,0,43,0,31,86,0,1,0,4,,0,0
1212-2,6,172,salineros,242,236,3,4587,70,0,47,0,35,90,0,0,0,4,,0,0
1212-2,6,173,salineros,242,236,3,4589,55,0,51,0,45,100,0,0,0,4,,0,0
1212-2,6,174,salineros,242,236,3,4599,40,0,56,0,45,108,0,1,0,4,,0,0
1212-2,6,175,salineros,242,236,3,4840,36,0,61,0,51,114,0,0,0,4,1,24,0
1212-2,6,176,salineros,242,236,3,4831,30,0,66,0,51,114,0,1,0,4,,0,0
1212-2,6,177,salineros,250,236,3,4807,30,0,71,0,55,118,0,0,0,4,,0,0
1212-2,6,178,salineros,250,236,3,4798,28,0,76,0,55,118,0,1,0,4,,0,0
1212-2,6,179,salineros,251,241,3,4789,72,0,80,0,99,162,0,0,0,4,,0,0
1212-2,6,180,salineros,251,242,3,4782,116,0,83,0,100,165,0,0,0,4,,0,0
1212-2,6,181,salineros,251,243,3,5035,161,0,85,0,101,166,0,0,0,4,1,25,0
1212-2,6,182,salineros,251,244,3,5028,206,0,86,0,101,162,0,0,0,4,,0,0
1212-2,6,183,salineros,252,245,3,5021,250,0,87,0,101,162,0,0,0,4,,0,0
1212-2,6,184,salineros,252,246,3,5014,294,0,87,0,101,162,0,0,0,4,,0,0
1212-2,6,185,salineros,252,247,3,5007,307,0,86,0,70,131,0,0,0,4,,0,0
1212-2,6,186,salineros,252,248,3,5000,320,0,85,0,70,131,0,0,0,4,,0,0
1212-2,6,187,salineros,252,249,3,5257,332,0,84,0,73,134,0,0,0,4,1,30,0
1212-2,6,188,salineros,253,250,3,5263,341,0,83,0,73,134,0,0,0,4,,0,0
1212-2,6,189,salineros,253,252,3,5269,350,0,81,0,73,134,0,0,0,4,,0,0
1212-2,6,190,salineros,253,254,3,5275,358,0,79,0,73,134,0,0,0,4,,0,0
1212-2,6,191,salineros,253,254,3,5281,342,0,78,0,49,110,0,0,0,4,,0,0
1212-2,6,192,salineros,253,254,3,5278,326,0,77,0,49,101,0,0,0,4,,0,0
1212-2,6,193,salineros,253,254,3,5559,307,0,76,0,46,98,0,0,0,4,1,25,0
1212-2,6,194,salineros,253,254,3,5565,291,0,76,0,46,101,0,0,0,4,,0,0
1212-2,6,195,salineros,253,254,3,5571,275,0,76,0,46,101,0,0,0,4,,0,0
1212-2,6,196,salineros,253,254,3,5577,259,0,76,0,46,101,0,0,0,4,,0,0
1212-2,6,197,salineros,253,254,3,5583,258,0,76,0,61,116,0,0,0,4,,0,0
1212-2,6,198,salineros,253,254,3,5598,257,0,76,0,61,125,0,0,0,4,,0,0
1212-2,6,199,salineros,253,254,3,5879,256,0,76,0,61,125,0,0,0,4,1,24,0
1212-2,6,200,salineros,253,254,3,5894,255,0,76,0,61,125,0,0,0,4,,0,0
1212-3,6,1,arrieros,31,76,1,40,64,0,0,0,12,28,0,0,0,0,1,6,0
1212-3,6,2,arrieros,31,76,1,43,53,0,0,0,12,19,0,0,0,0,,0,0
1212-3,6,3,arrieros,31,76,1,46,43,0,0,0,12,19,0,0,0,0,,0,0
1212-3,6,4,arrieros,31,76,1,49,33,0,0,0,12,19,0,0,0,0,,0,0
1212-3,6,5,arrieros,31,76,1,52,26,0,0,0,15,22,0,1,0,0,,0,0
1212-3,6,6,arrieros,31,76,1,70,22,0,0,0,15,37,0,0,0,0,,0,0
1212-3,6,7,arrieros,31,76,1,80,18,0,0,0,15,37,0,0,0,0,1,5,0
1212-3,6,8,arrieros,31,76,1,98,16,0,0,0,15,37,0,0,0,0,,0,0
1212-3,6,9,arrieros,31,76,1,116,12,0,0,0,15,37,0,0,0,0,,0,0
1212-3,6,10,arrieros,31,76,1,134,8,0,0,0,15,37,0,0,0,0,,0,0
1212-3,6,11,arrieros,31,76,1,152,28,0,0,0,40,62,0,0,0,0,,0,0
1212-3,6,12,arrieros,31,76,1,170,48,0,0,0,40,62,0,0,0,0,,0,0
1212-3,6,13,arrieros,30,72,1,114,61,0,0,0,40,62,0,0,0,0,1,8,0
1212-3,6,14,arrieros,30,72,1,110,89,0,0,0,40,62,0,0,0,0,,0,0
1212-3,6,15,arrieros,45,72,1,128,113,0,0,0,40,62,0,0,0,1,,0,0
1212-3,6,16,arrieros,45,72,1,146,130,0,0,0,40,62,0,0,0,1,,0,0
1212-3,6,17,arrieros,45,72,1,164,132,0,0,0,25,47,0,0,0,1,,0,0
1212-3,6,18,arrieros,45,72,1,182,134,0,0,0,25,47,0,0,0,1,,0,0
1212-3,6,19,arrieros,44,68,1,121,126,0,0,0,25,47,0,0,0,1,1,14,0
1212-3,6,20,arrieros,62,68,1,127,129,0,0,0,25,45,0,0,0,2,,0,0
1212-3,6,21,arrieros,63,71,1,143,128,0,0,0,25,45,0,2,0,2,,0,0
1212-3,6,22,arrieros,63,74,1,161,127,0,0,0,25,50,0,0,0,2,,0,0
1212-3,6,23,arrieros,71,74,1,179,117,0,0,0,12,37,0,0,0,2,,0,0
1212-3,6,24,arrieros,71,74,1,190,107,0,0,0,12,30,0,0,0,2,,0,0
1212-3,6,25,arrieros,71,70,1,126,92,0,0,0,12,30,0,0,0,2,1,9,0
1212-3,6,26,arrieros,71,70,1,111,91,0,0,0,12,30,0,0,0,2,,0,0
1212-3,6,27,arrieros,71,70,1,118,90,0,0,0,12,30,0,0,0,2,,0,0
1212-3,6,28,arrieros,71,70,1,129,83,0,0,0,12,30,0,0,0,2,,0,0
1212-3,6,29,arrieros,71,73,1,140,83,0,0,0,20,38,0,0,0,2,,0,0
1212-3,6,30,arrieros,72,76,1,158,82,0,0,0,20,45,0,0,0,2,,0,0
1212-3,6,31,arrieros,72,75,1,115,69,0,0,0,20,45,0,0,0,2,1,28,0
1212-3,6,32,arrieros,80,78,1,122,78,0,0,0,20,45,0,0,0,2,,0,0
1212-3,6,33,arrieros,81,81,1,140,79,0,0,0,20,45,0,0,0,2,,0,0
1212-3,6,34,arrieros,81,81,1,160,71,0,0,0,20,47,0,0,0,2,,0,0
1212-3,6,35,arrieros,90,85,1,180,88,0,0,0,40,67,0,0,0,2,,0,0
1212-3,6,36,arrieros,90,89,1,200,103,0,0,0,40,67,0,0,0,2,,0,0
1212-3,6,37,arrieros,90,89,1,154,111,0,0,0,40,67,0,0,0,2,1,12,0
1212-3,6,38,arrieros,90,89,1,134,128,0,0,0,40,67,0,1,0,2,,0,0
1212-3,6,39,arrieros,90,89,1,154,147,0,0,0,40,67,0,0,0,2,,0,0
1212-3,6,40,arrieros,90,89,1,174,159,0,0,0,40,67,0,0,0,2,,0,0
1212-3,6,41,arrieros,90,89,1,194,156,0,0,0,25,52,0,0,0,2,,0,0
1212-3,6,42,arrieros,90,89,1,214,153,0,0,0,25,52,0,0,0,2,,0,0
1212-3,6,43,arrieros,90,89,1,243,148,0,0,0,25,52,0,0,0,2,1,28,0
1212-3,6,44,arrieros,98,89,1,218,145,0,0,0,25,52,0,0,0,2,,0,0
1212-3,6,45,arrieros,98,89,1,238,143,0,0,0,25,52,0,0,0,2,,0,0
1212-3,6,46,arrieros,98,89,1,258,139,0,0,0,25,52,0,0,0,2,,0,0
1212-3,6,47,arrieros,106,89,1,278,124,0,0,0,12,39,0,0,0,2,,0,0
1212-3,6,48,arrieros,106,89,1,290,110,0,0,0,12,31,0,0,0,2,,0,0
1212-3,6,49,arrieros,106,89,1,319,96,0,0,0,12,31,0,0,0,2,1,21,0
1212-3,6,50,arrieros,106,89,1,271,90,0,0,0,12,31,0,0,0,2,,0,0
1212-3,6,51,arrieros,106,89,1,223,84,0,0,0,12,31,0,1,0,2,,0,0
1212-3,6,52,arrieros,106,89,1,193,81,0,0,0,12,31,0,0,0,2,,0,0
1212-3,6,53,arrieros,106,89,1,197,85,0,0,0,20,39,0,0,0,2,,0,0
1212-3,6,54,arrieros,106,89,1,217,82,0,0,0,20,47,0,0,0,2,,0,0
1212-3,6,55,arrieros,106,89,1,279,73,0,0,0,20,47,0,0,0,2,1,33,0
1212-3,6,56,arrieros,114,89,1,250,73,0,0,0,20,47,0,1,0,2,,0,0
1212-3,6,57,arrieros,114,89,1,262,75,0,0,0,20,47,0,0,0,2,,0,0
1212-3,6,58,arrieros,114,89,1,282,65,0,0,0,20,47,0,0,0,2,,0,0
1212-3,6,59,arrieros,122,89,1,302,80,0,0,0,40,67,0,0,0,2,,0,0
1212-3,6,60,arrieros,122,89,1,322,95,0,0,0,40,67,0,0,0,2,,0,0
1212-3,6,61,arrieros,122,89,1,355,109,0,0,0,40,67,0,0,0,2,1,16,0
1212-3,6,62,arrieros,122,89,1,275,126,0,0,0,40,67,0,1,0,2,,0,0
1212-3,6,63,arrieros,122,89,1,235,145,0,0,0,40,67,0,0,0,2,,0,0
1212-3,6,64,arrieros,122,89,1,255,166,0,0,0,40,67,0,0,0,2,,0,0
1212-3,6,65,arrieros,122,89,1,275,163,0,0,0,25,52,0,0,0,2,,0,0
1212-3,6,66,arrieros,122,89,1,295,160,0,0,0,25,52,0,0,0,2,,0,0
1212-3,6,67,arrieros,124,97,1,397,165,0,0,0,25,52,0,0,0,2,1,13,0
1212-3,6,68,arrieros,124,97,1,311,158,0,0,0,25,54,0,1,0,2,,0,0
1212-3,6,69,arrieros,124,97,1,315,153,0,0,0,25,54,0,0,0,2,,0,0
1212-3,6,70,arrieros,124,97,1,337,148,0,0,0,25,54,0,0,0,2,,0,0
1212-3,6,71,arrieros,124,97,1,359,131,0,0,0,12,41,0,0,0,2,,0,0
1212-3,6,72,arrieros,124,97,1,372,115,0,0,0,12,32,0,0,0,2,,0,0
1212-3,6,73,arrieros,123,93,1,400,94,0,0,0,12,32,0,0,0,2,1,22,0
1212-3,6,74,arrieros,123,93,1,353,87,0,0,0,12,32,0,0,0,2,,0,0
1212-3,6,75,arrieros,123,93,1,306,81,0,0,0,12,32,0,1,0,2,,0,0
1212-3,6,76,arrieros,123,93,1,248,77,0,0,0,12,32,0,0,0,2,,0,0
1212-3,6,77,arrieros,123,93,1,208,84,0,0,0,20,40,0,0,0,2,,0,0
1212-3,6,78,arrieros,123,93,1,222,90,0,0,0,20,49,0,0,0,2,,0,0
1212-3,6,79,arrieros,122,89,1,258,74,0,0,0,20,49,0,0,0,2,1,24,0
1212-3,6,80,arrieros,130,89,1,229,74,0,0,0,20,47,0,1,0,2,,0,0
1212-3,6,81,arrieros,130,89,1,238,76,0,0,0,20,47,0,0,0,2,,0,0
1212-3,6,82,arrieros,130,89,1,258,69,0,0,0,20,47,0,0,0,2,,0,0
1212-3,6,83,arrieros,138,89,1,278,84,0,0,0,40,67,0,0,0,2,,0,0
1212-3,6,84,arrieros,138,89,1,298,98,0,0,0,40,67,0,0,0,2,,0,0
1212-3,6,85,arrieros,138,89,1,335,112,0,0,0,40,67,0,0,0,2,1,17,0
1212-3,6,86,arrieros,138,89,1,255,129,0,0,0,40,67,0,1,0,2,,0,0
1212-3,6,87,arrieros,138,89,1,242,148,0,0,0,40,67,0,0,0,2,,0,0
1212-3,6,88,arrieros,138,89,1,258,169,0,0,0,40,67,0,0,0,2,,0,0
1212-3,6,89,arrieros,138,89,1,278,167,0,0,0,25,52,0,0,0,2,,0,0
1212-3,6,90,arrieros,138,89,1,298,164,0,0,0,25,52,0,0,0,2,,0,0
1212-3,6,91,arrieros,139,93,1,384,161,0,0,0,25,52,0,0,0,2,1,22,0
1212-3,6,92,arrieros,147,93,1,298,155,0,0,0,25,54,0,1,0,2,,0,0
1212-3,6,93,arrieros,147,93,1,302,151,0,0,0,25,54,0,0,0,2,,0,0
1212-3,6,94,arrieros,147,93,1,324,147,0,0,0,25,54,0,0,0,2,,0,0
1212-3,6,95,arrieros,147,93,1,346,125,0,0,0,12,41,0,0,0,2,,0,0
1212-3,6,96,arrieros,147,93,1,359,110,0,0,0,12,32,0,0,0,2,,0,0
1212-3,6,97,arrieros,154,89,1,387,90,0,0,0,12,32,0,0,0,2,1,21,0
1212-3,6,98,arrieros,154,89,1,339,84,0,0,0,12,31,0,0,0,2,,0,0
1212-3,6,99,arrieros,154,89,1,291,79,0,0,0,12,31,0,1,0,2,,0,0
1212-3,6,100,arrieros,154,89,1,232,76,0,0,0,12,31,0,0,0,2,,0,0
1212-3,6,101,arrieros,154,89,1,200,84,0,0,0,20,39,0,0,0,2,,0,0
1212-3,6,102,arrieros,154,89,1,216,91,0,0,0,20,47,0,0,0,2,,0,0
1212-3,6,103,arrieros,154,89,1,256,79,0,0,0,20,47,0,0,0,2,1,24,0
1212-3,6,104,arrieros,154,89,1,227,78,0,0,0,20,47,0,1,0,2,,0,0
1212-3,6,105,arrieros,162,89,1,243,79,0,0,0,20,47,0,0,0,2,,0,0
1212-3,6,106,arrieros,162,89,1,263,75,0,0,0,20,47,0,0,0,2,,0,0
1212-3,6,107,arrieros,162,89,1,283,90,0,0,0,40,67,0,0,0,2,,0,0
1212-3,6,108,arrieros,162,89,1,303,104,0,0,0,40,67,0,0,0,2,,0,0
1212-3,6,109,arrieros,162,89,1,336,118,0,0,0,40,67,0,0,0,2,1,15,0
1212-3,6,110,arrieros,162,89,1,256,137,0,0,0,40,67,0,0,0,2,,0,0
1212-3,6,111,arrieros,162,89,1,234,155,0,0,0,40,67,0,0,0,2,,0,0
1212-3,6,112,arrieros,162,89,1,254,176,0,0,0,40,67,0,0,0,2,,0,0
1212-3,6,113,arrieros,162,89,1,274,172,0,0,0,25,52,0,0,0,2,,0,0
1212-3,6,114,arrieros,162,89,1,294,168,0,0,0,25,52,0,0,0,2,,0,0
1212-3,6,115,arrieros,162,89,1,378,158,0,0,0,25,52,0,0,0,2,1,20,0
1212-3,6,116,arrieros,162,89,1,290,155,0,0,0,25,52,0,0,0,2,,0,0
1212-3,6,117,arrieros,170,89,1,292,152,0,0,0,25,52,0,0,0,2,,0,0
1212-3,6,118,arrieros,170,89,1,312,149,0,0,0,25,52,0,0,0,2,,0,0
1212-3,6,119,arrieros,170,89,1,332,134,0,0,0,12,39,0,0,0,2,,0,0
1212-3,6,120,arrieros,170,89,1,344,120,0,0,0,12,31,0,0,0,2,,0,0
1212-3,6,121,arrieros,170,89,1,429,98,0,0,0,12,31,0,0,0,2,1,32,0
1212-3,6,122,arrieros,170,89,1,381,94,0,0,0,12,31,0,0,0,2,,0,0
1212-3,6,123,arrieros,178,89,1,333,90,0,0,0,12,31,0,0,0,2,,0,0
1212-3,6,124,arrieros,178,89,1,285,86,0,0,0,12,31,0,0,0,2,,0,0
1212-3,6,125,arrieros,178,89,1,255,90,0,0,0,20,39,0,0,0,2,,0,0
1212-3,6,126,arrieros,178,89,1,275,94,0,0,0,20,47,0,0,0,2,,0,0
1212-3,6,127,arrieros,178,89,1,342,77,0,0,0,20,47,0,0,0,2,1,24,0
1212-3,6,128,arrieros,178,89,1,262,78,0,0,0,20,47,0,0,0,2,,0,0
1212-3,6,129,arrieros,186,89,1,267,79,0,0,0,20,47,0,0,0,2,,0,0
1212-3,6,130,arrieros,186,89,1,287,78,0,0,0,20,47,0,0,0,2,,0,0
1212-3,6,131,arrieros,186,89,1,307,93,0,0,0,40,67,0,0,0,2,,0,0
1212-3,6,132,arrieros,186,89,1,327,107,0,0,0,40,67,0,0,0,2,,0,0
1212-3,6,133,arrieros,186,89,1,457,120,0,0,0,40,67,0,0,0,2,1,18,0
1212-3,6,134,arrieros,186,89,1,377,139,0,0,0,40,67,0,0,0,2,,0,0
1212-3,6,135,arrieros,186,89,1,348,157,0,0,0,40,67,0,0,0,2,,0,0
1212-3,6,136,arrieros,186,89,1,350,174,0,0,0,40,67,0,0,0,2,,0,0
1212-3,6,137,arrieros,186,89,1,370,175,0,0,0,25,52,0,0,0,2,,0,0
1212-3,6,138,arrieros,186,89,1,390,171,0,0,0,25,52,0,0,0,2,,0,0
1212-3,6,139,arrieros,188,97,1,527,174,0,0,0,25,52,0,0,0,2,1,14,0
1212-3,6,140,arrieros,188,97,1,441,168,0,0,0,25,54,0,0,0,2,,0,0
1212-3,6,141,arrieros,188,97,1,355,163,0,0,0,25,54,0,0,0,2,,0,0
1212-3,6,142,arrieros,188,97,1,377,158,0,0,0,25,54,0,0,0,2,,0,0
1212-3,6,143,arrieros,188,97,1,399,141,0,0,0,12,41,0,0,0,2,,0,0
1212-3,6,144,arrieros,188,97,1,412,124,0,0,0,12,32,0,0,0,2,,0,0
1212-3,6,145,arrieros,187,93,1,508,102,0,0,0,12,32,0,0,0,2,1,25,0
1212-3,6,146,arrieros,187,93,1,461,97,0,0,0,12,32,0,0,0,2,,0,0
1212-3,6,147,arrieros,187,93,1,414,92,0,0,0,12,32,0,0,0,2,,0,0
1212-3,6,148,arrieros,187,93,1,367,87,0,0,0,12,32,0,0,0,2,,0,0
1212-3,6,149,arrieros,187,93,1,320,90,0,0,0,20,40,0,0,0,2,,0,0
1212-3,6,150,arrieros,187,93,1,291,93,0,0,0,20,49,0,0,0,2,,0,0
1212-3,6,151,arrieros,186,89,1,382,82,0,0,0,20,49,0,0,0,2,1,22,0
1212-3,6,152,arrieros,186,89,1,302,83,0,0,0,20,47,0,0,0,2,,0,0
1212-3,6,153,arrieros,194,89,1,291,84,0,0,0,20,47,0,0,0,2,,0,0
1212-3,6,154,arrieros,194,89,1,311,85,0,0,0,20,47,0,0,0,2,,0,0
1212-3,6,155,arrieros,194,89,1,331,88,0,0,0,28,55,0,0,0,2,,0,0
1212-3,6,156,arrieros,194,89,1,351,91,0,0,0,28,55,0,0,0,2,,0,0
1212-3,6,157,arrieros,194,89,1,470,94,0,0,0,28,55,0,0,0,2,1,20,0
1212-3,6,158,arrieros,194,89,1,390,102,0,0,0,28,55,0,0,0,2,,0,0
1212-3,6,159,arrieros,194,89,1,335,110,0,0,0,28,55,0,0,0,2,,0,0
1212-3,6,160,arrieros,194,89,1,340,118,0,0,0,28,55,0,0,0,2,,0,0
1212-3,6,161,arrieros,194,89,1,360,121,0,0,0,25,52,0,0,0,2,,0,0
1212-3,6,162,arrieros,194,89,1,380,120,0,0,0,25,52,0,0,0,2,,0,0
1212-3,6,163,arrieros,194,89,1,599,110,0,0,0,25,52,0,0,0,2,1,34,0
1212-3,6,164,arrieros,194,89,1,559,118,0,0,0,25,52,0,0,0,2,,0,0
1212-3,6,165,arrieros,202,89,1,519,126,0,0,0,25,52,0,0,0,2,,0,0
1212-3,6,166,arrieros,202,89,1,479,133,0,0,0,25,52,0,0,0,2,,0,0
1212-3,6,167,arrieros,202,89,1,439,128,0,0,0,12,39,0,0,0,2,,0,0
1212-3,6,168,arrieros,202,89,1,433,123,0,0,0,12,31,0,0,0,2,,0,0
1212-3,6,169,arrieros,202,89,1,540,106,0,0,0,12,31,0,0,0,2,1,35,0
1212-3,6,170,arrieros,202,89,1,492,102,0,0,0,12,31,0,0,0,2,,0,0
1212-3,6,171,arrieros,210,89,1,444,98,0,0,0,12,31,0,0,0,2,,0,0
1212-3,6,172,arrieros,210,89,1,396,94,0,0,0,12,31,0,0,0,2,,0,0
1212-3,6,173,arrieros,210,89,1,348,98,0,0,0,20,39,0,0,0,2,,0,0
1212-3,6,174,arrieros,210,89,1,308,102,0,0,0,20,47,0,0,0,2,,0,0
1212-3,6,175,arrieros,210,89,1,405,91,0,0,0,20,47,0,0,0,2,1,28,0
1212-3,6,176,arrieros,210,89,1,325,92,0,0,0,20,47,0,0,0,2,,0,0
1212-3,6,177,arrieros,218,89,1,305,93,0,0,0,20,47,0,0,0,2,,0,0
1212-3,6,178,arrieros,218,89,1,317,94,0,0,0,20,47,0,0,0,2,,0,0
1212-3,6,179,arrieros,218,89,1,337,110,0,0,0,40,67,0,0,0,2,,0,0
1212-3,6,180,arrieros,218,89,1,357,123,0,0,0,40,67,0,0,0,2,,0,0
1212-3,6,181,arrieros,218,89,1,488,136,0,0,0,40,67,0,0,0,2,1,19,0
1212-3,6,182,arrieros,218,89,1,408,154,0,0,0,40,67,0,0,0,2,,0,0
1212-3,6,183,arrieros,218,89,1,353,172,0,0,0,40,67,0,0,0,2,,0,0
1212-3,6,184,arrieros,218,89,1,351,189,0,0,0,40,67,0,0,0,2,,0,0
1212-3,6,185,arrieros,218,89,1,371,191,0,0,0,25,52,0,0,0,2,,0,0
1212-3,6,186,arrieros,218,89,1,391,187,0,0,0,25,52,0,0,0,2,,0,0
1212-3,6,187,arrieros,220,97,1,554,189,0,0,0,25,52,0,0,0,2,1,14,0
1212-3,6,188,arrieros,220,97,1,468,183,0,0,0,25,54,0,0,0,2,,0,0
1212-3,6,189,arrieros,220,97,1,382,177,0,0,0,25,54,0,0,0,2,,0,0
1212-3,6,190,arrieros,220,97,1,404,171,0,0,0,25,54,0,0,0,2,,0,0
1212-3,6,191,arrieros,220,97,1,426,153,0,0,0,12,41,0,0,0,2,,0,0
1212-3,6,192,arrieros,220,97,1,439,136,0,0,0,12,32,0,0,0,2,,0,0
1212-3,6,193,arrieros,219,93,1,366,115,0,0,0,12,32,0,0,0,2,1,21,0
1212-3,6,194,arrieros,219,93,1,335,110,0,0,0,12,32,0,0,0,2,,0,0
1212-3,6,195,arrieros,219,93,1,304,106,0,0,0,12,32,0,0,0,2,,0,0
1212-3,6,196,arrieros,219,93,1,273,102,0,0,0,12,32,0,0,0,2,,0,0
1212-3,6,197,arrieros,219,93,1,242,104,0,0,0,18,38,0,0,0,2,,0,0
1212-3,6,198,arrieros,219,93,1,220,106,0,0,0,18,47,0,0,0,2,,0,0
1212-3,6,199,arrieros,218,89,1,284,95,0,0,0,18,47,0,0,0,2,1,19,0
1212-3,6,200,arrieros,218,89,1,255,92,0,0,0,18,45,0,0,0,2,,0,0
1212-3,6,1,canteros,39,116,1,88,53,0,0,0,15,45,0,0,0,0,1,4,0
1212-3,6,2,canteros,39,116,1,95,36,0,0,0,15,31,0,0,0,0,,0,0
1212-3,6,3,canteros,39,116,1,102,20,0,0,0,15,31,0,1,0,0,,0,0
1212-3,6,4,canteros,39,116,1,117,6,0,0,0,15,39,0,0,0,0,,0,0
1212-3,6,5,canteros,39,116,1,132,1,0,0,0,24,48,0,0,0,0,,0,0
1212-3,6,6,canteros,38,116,1,158,0,0,0,0,24,59,1,0,0,0,,0,0
1212-3,6,7,canteros,37,116,1,97,0,0,0,0,24,59,1,0,0,0,1,8,0
1212-3,6,8,canteros,35,113,1,113,4,0,0,0,24,59,1,0,0,0,,0,0
1212-3,6,9,canteros,35,113,1,139,2,0,0,0,24,59,0,0,0,0,,0,0
1212-3,6,10,canteros,34,113,1,165,0,0,0,0,24,59,1,0,0,0,,0,0
1212-3,6,11,canteros,34,113,1,191,20,0,0,0,48,83,0,0,0,0,,0,0
1212-3,6,12,canteros,34,113,1,217,39,0,0,0,48,83,0,0,0,0,,0,0
1212-3,6,13,canteros,34,113,1,223,57,0,0,0,48,83,0,0,0,0,1,11,0
1212-3,6,14,canteros,34,113,1,187,78,0,0,0,48,83,0,0,0,0,,0,0
1212-3,6,15,canteros,34,113,1,208,99,0,0,0,48,83,0,0,0,0,,0,0
1212-3,6,16,canteros,49,113,1,234,116,0,0,0,48,83,0,0,0,1,,0,0
1212-3,6,17,canteros,49,113,1,260,114,0,0,0,30,65,0,0,0,1,,0,0
1212-3,6,18,canteros,49,113,1,286,112,0,0,0,30,64,0,0,0,1,,0,0
1212-3,6,19,canteros,48,109,1,346,100,0,0,0,30,64,0,0,0,1,1,17,0
1212-3,6,20,canteros,48,109,1,323,106,0,0,0,30,62,0,0,0,1,,0,0
1212-3,6,21,canteros,48,109,1,300,112,0,0,0,30,62,0,0,0,1,,0,0
1212-3,6,22,canteros,48,109,1,277,118,0,0,0,30,62,0,0,0,1,,0,0
1212-3,6,23,canteros,48,109,1,266,109,0,0,0,15,47,0,0,0,1,,0,0
1212-3,6,24,canteros,48,109,1,280,101,0,0,0,15,37,0,0,0,1,,0,0
1212-3,6,25,canteros,48,105,1,293,72,0,0,0,15,37,0,0,0,1,1,26,0
1212-3,6,26,canteros,66,105,1,260,66,0,0,0,15,37,0,0,0,2,,0,0
1212-3,6,27,canteros,66,105,1,227,60,0,0,0,15,37,0,0,0,2,,0,0
1212-3,6,28,canteros,66,105,1,194,51,0,0,0,15,37,0,0,0,2,,0,0
1212-3,6,29,canteros,74,105,1,179,55,0,0,0,24,46,0,0,0,2,,0,0
1212-3,6,30,canteros,74,105,1,203,58,0,0,0,24,56,0,0,0,2,,0,0
1212-3,6,31,canteros,74,105,1,92,54,0,0,0,24,56,0,0,0,2,1,10,0
1212-3,6,32,canteros,74,105,1,61,55,0,0,0,24,56,0,0,0,2,,0,0
1212-3,6,33,canteros,74,105,1,80,56,0,0,0,24,56,0,0,0,2,,0,0
1212-3,6,34,canteros,74,105,1,104,51,0,0,0,24,56,0,0,0,2,,0,0
1212-3,6,35,canteros,74,105,1,128,69,0,0,0,48,79,0,0,0,2,,0,0
1212-3,6,36,canteros,74,105,1,152,86,0,0,0,48,79,0,0,0,2,,0,0
1212-3,6,37,canteros,74,105,1,188,102,0,0,0,48,79,0,0,0,2,1,7,0
1212-3,6,38,canteros,74,105,1,201,122,0,0,0,48,79,0,0,0,2,,0,0
1212-3,6,39,canteros,74,105,1,225,138,0,0,0,48,79,0,0,0,2,,0,0
1212-3,6,40,canteros,74,105,1,249,152,0,0,0,48,79,0,0,0,2,,0,0
1212-3,6,41,canteros,74,105,1,273,148,0,0,0,30,61,0,0,0,2,,0,0
1212-3,6,42,canteros,74,105,1,297,144,0,0,0,30,61,0,0,0,2,,0,0
1212-3,6,43,canteros,74,105,1,337,140,0,0,0,30,61,0,0,0,2,1,26,0
1212-3,6,44,canteros,82,105,1,314,144,0,0,0,30,61,0,0,0,2,,0,0
1212-3,6,45,canteros,82,105,1,285,148,0,0,0,30,61,0,0,0,2,,0,0
1212-3,6,46,canteros,82,105,1,256,151,0,0,0,30,61,0,0,0,2,,0,0
1212-3,6,47,canteros,82,105,1,227,139,0,0,0,15,46,0,0,0,2,,0,0
1212-3,6,48,canteros,90,105,1,241,128,0,0,0,15,36,0,0,0,2,,0,0
1212-3,6,49,canteros,90,105,1,275,111,0,0,0,15,36,0,0,0,2,1,15,0
1212-3,6,50,canteros,90,105,1,237,102,0,0,0,15,36,0,0,0,2,,0,0
1212-3,6,51,canteros,90,105,1,198,93,0,0,0,15,36,0,0,0,2,,0,0
1212-3,6,52,canteros,90,105,1,171,84,0,0,0,15,35,0,0,0,2,,0,0
1212-3,6,53,canteros,90,105,1,180,84,0,0,0,24,44,0,0,0,2,,0,0
1212-3,6,54,canteros,90,105,1,204,78,0,0,0,24,54,0,0,0,2,,0,0
1212-3,6,55,canteros,90,105,1,196,68,0,0,0,24,54,0,0,0,2,1,16,0
1212-3,6,56,canteros,90,105,1,179,66,0,0,0,24,54,0,0,0,2,,0,0
1212-3,6,57,canteros,98,105,1,180,64,0,0,0,24,54,0,0,0,2,,0,0
1212-3,6,58,canteros,98,105,1,198,62,0,0,0,24,54,0,0,0,2,,0,0
1212-3,6,59,canteros,98,105,1,222,79,0,0,0,48,78,0,0,0,2,,0,0
1212-3,6,60,canteros,98,105,1,246,96,0,0,0,48,78,0,0,0,2,,0,0
1212-3,6,61,canteros,98,105,1,261,112,0,0,0,48,78,0,0,0,2,1,11,0
1212-3,6,62,canteros,98,105,1,193,131,0,0,0,48,78,0,0,0,2,,0,0
1212-3,6,63,canteros,98,105,1,204,149,0,0,0,48,78,0,0,0,2,,0,0
1212-3,6,64,canteros,98,105,1,228,166,0,0,0,48,78,0,0,0,2,,0,0
1212-3,6,65,canteros,98,105,1,252,162,0,0,0,30,60,0,0,0,2,,0,0
1212-3,6,66,canteros,98,105,1,276,158,0,0,0,30,60,0,0,0,2,,0,0
1212-3,6,67,canteros,98,105,1,379,151,0,0,0,30,60,0,0,0,2,1,20,0
1212-3,6,68,canteros,98,105,1,351,154,0,0,0,30,60,0,0,0,2,,0,0
1212-3,6,69,canteros,106,105,1,322,157,0,0,0,30,60,0,0,0,2,,0,0
1212-3,6,70,canteros,106,105,1,293,160,0,0,0,30,60,0,0,0,2,,0,0
1212-3,6,71,canteros,106,105,1,292,149,0,0,0,15,45,0,0,0,2,,0,0
1212-3,6,72,canteros,106,105,1,306,137,0,0,0,15,35,0,0,0,2,,0,0
1212-3,6,73,canteros,106,105,1,336,116,0,0,0,15,35,0,0,0,2,1,22,0
1212-3,6,74,canteros,106,105,1,297,106,0,0,0,15,35,0,0,0,2,,0,0
1212-3,6,75,canteros,106,105,1,258,97,0,0,0,15,35,0,0,0,2,,0,0
1212-3,6,76,canteros,114,105,1,219,88,0,0,0,15,35,0,0,0,2,,0,0
1212-3,6,77,canteros,114,105,1,186,88,0,0,0,24,44,0,0,0,2,,0,0
1212-3,6,78,canteros,114,105,1,196,88,0,0,0,24,54,0,0,0,2,,0,0
1212-3,6,79,canteros,114,105,1,206,83,0,0,0,24,54,0,0,0,2,1,10,0
1212-3,6,80,canteros,114,105,1,189,80,0,0,0,24,54,0,0,0,2,,0,0
1212-3,6,81,canteros,324,105,1,198,77,0,0,0,24,54,0,1,1,3,,0,0
1212-3,6,82,canteros,324,105,1,222,75,0,0,0,24,54,0,0,0,3,,0,0
1212-3,6,83,canteros,324,105,1,246,94,0,0,0,48,78,0,0,0,3,,0,0
1212-3,6,84,canteros,324,105,1,270,112,0,0,0,48,78,0,0,0,3,,0,0
1212-3,6,85,canteros,324,105,1,285,129,0,0,0,48,78,0,0,0,3,1,13,0
1212-3,6,86,canteros,324,105,1,223,145,0,0,0,43,73,0,0,0,3,,0,0
1212-3,6,87,canteros,324,105,1,212,160,0,0,0,43,73,0,0,0,3,,0,0
1212-3,6,88,canteros,324,105,1,236,174,0,0,0,43,73,0,0,0,3,,0,0
1212-3,6,89,canteros,324,105,1,260,168,0,0,0,27,57,0,0,0,3,,0,0
1212-3,6,90,canteros,324,105,1,284,163,0,0,0,27,57,0,0,0,3,,0,0
1212-3,6,91,canteros,324,105,1,380,154,0,0,0,27,57,0,0,0,3,1,14,0
1212-3,6,92,canteros,324,105,1,344,149,0,0,0,27,57,0,0,0,3,,0,0
1212-3,6,93,canteros,332,105,1,308,144,0,0,0,27,57,0,0,0,3,,0,0
1212-3,6,94,canteros,332,105,1,290,140,0,0,0,27,57,0,0,0,3,,0,0
1212-3,6,95,canteros,332,105,1,314,122,0,0,0,13,43,0,0,0,3,,0,0
1212-3,6,96,canteros,332,105,1,328,105,0,0,0,13,33,0,0,0,3,,0,0
1212-3,6,97,canteros,332,105,1,364,85,0,0,0,13,33,0,0,0,3,1,17,0
1212-3,6,98,canteros,332,105,1,337,80,0,0,0,13,33,0,0,0,3,,0,0
1212-3,6,99,canteros,340,105,1,310,75,0,0,0,13,33,0,0,0,3,,0,0
1212-3,6,100,canteros,340,105,1,283,70,0,0,0,13,33,0,0,0,3,,0,0
1212-3,6,101,canteros,340,105,1,256,73,0,0,0,21,41,0,0,0,3,,0,0
1212-3,6,102,canteros,340,105,1,239,76,0,0,0,21,51,0,0,0,3,,0,0
1212-3,6,103,canteros,340,105,1,255,79,0,0,0,21,51,0,0,0,3,1,9,0
1212-3,6,104,canteros,340,105,1,199,79,0,0,0,21,51,0,0,0,3,,0,0
1212-3,6,105,canteros,340,105,1,206,79,0,0,0,21,51,0,0,0,3,,0,0
1212-3,6,106,canteros,340,105,1,230,76,0,0,0,21,51,0,0,0,3,,0,0
1212-3,6,107,canteros,340,105,1,254,90,0,0,0,43,73,0,0,0,3,,0,0
1212-3,6,108,canteros,340,105,1,278,103,0,0,0,43,73,0,0,0,3,,0,0
1212-3,6,109,canteros,340,105,1,345,116,0,0,0,43,73,0,0,0,3,1,10,0
1212-3,6,110,canteros,340,105,1,289,135,0,0,0,43,73,0,0,0,3,,0,0
1212-3,6,111,canteros,340,105,1,258,153,0,0,0,43,73,0,0,0,3,,0,0
1212-3,6,112,canteros,340,105,1,282,171,0,0,0,43,73,0,0,0,3,,0,0
1212-3,6,113,canteros,340,105,1,306,166,0,0,0,27,57,0,0,0,3,,0,0
1212-3,6,114,canteros,340,105,1,330,161,0,0,0,27,57,0,0,0,3,,0,0
1212-3,6,115,canteros,340,105,1,505,152,0,0,0,27,57,0,0,0,3,1,17,0
1212-3,6,116,canteros,340,105,1,524,148,0,0,0,27,57,0,0,0,3,,0,0
1212-3,6,117,canteros,348,105,1,543,145,0,0,0,27,57,0,0,0,3,,0,0
1212-3,6,118,canteros,348,105,1,562,142,0,0,0,27,57,0,0,0,3,,0,0
1212-3,6,119,canteros,348,105,1,581,125,0,0,0,13,43,0,0,0,3,,0,0
1212-3,6,120,canteros,348,105,1,590,109,0,0,0,13,33,0,0,0,3,,0,0
1212-3,6,121,canteros,348,105,1,575,90,0,0,0,13,33,0,0,0,3,1,17,0
1212-3,6,122,canteros,348,105,1,548,84,0,0,0,13,33,0,0,0,3,,0,0
1212-3,6,123,canteros,356,105,1,521,79,0,0,0,13,33,0,0,0,3,,0,0
1212-3,6,124,canteros,356,105,1,494,74,0,0,0,13,33,0,0,0,3,,0,0
1212-3,6,125,canteros,356,105,1,467,77,0,0,0,21,41,0,0,0,3,,0,0
1212-3,6,126,canteros,356,105,1,450,80,0,0,0,21,51,0,0,0,3,,0,0
1212-3,6,127,canteros,356,105,1,471,82,0,0,0,21,51,0,0,0,3,1,17,0
1212-3,6,128,canteros,356,105,1,415,81,0,0,0,21,51,0,0,0,3,,0,0
1212-3,6,129,canteros,356,105,1,359,80,0,0,0,21,51,0,0,0,3,,0,0
1212-3,6,130,canteros,356,105,1,303,79,0,0,0,21,51,0,0,0,3,,0,0
1212-3,6,131,canteros,356,105,1,272,100,0,0,0,43,73,0,0,0,3,,0,0
1212-3,6,132,canteros,356,105,1,283,120,0,0,0,43,73,0,0,0,3,,0,0
1212-3,6,133,canteros,356,105,1,506,135,0,0,0,43,73,0,0,0,3,1,12,0
1212-3,6,134,canteros,356,105,1,450,153,0,0,0,43,73,0,0,0,3,,0,0
1212-3,6,135,canteros,356,105,1,419,171,0,0,0,43,73,0,0,0,3,,0,0
1212-3,6,136,canteros,356,105,1,438,188,0,0,0,43,73,0,0,0,3,,0,0
1212-3,6,137,canteros,356,105,1,462,183,0,0,0,27,57,0,0,0,3,,0,0
1212-3,6,138,canteros,356,105,1,486,177,0,0,0,27,57,0,0,0,3,,0,0
1212-3,6,139,canteros,356,105,1,665,167,0,0,0,27,57,0,0,0,3,1,7,0
1212-3,6,140,canteros,356,105,1,689,162,0,0,0,27,57,0,0,0,3,,0,0
1212-3,6,141,canteros,364,105,1,713,157,0,0,0,27,57,0,0,0,3,,0,0
1212-3,6,142,canteros,364,105,1,737,152,0,0,0,27,57,0,0,0,3,,0,0
1212-3,6,143,canteros,364,105,1,761,134,0,0,0,13,43,0,0,0,3,,0,0
1212-3,6,144,canteros,364,105,1,775,117,0,0,0,13,33,0,0,0,3,,0,0
1212-3,6,145,canteros,364,105,1,811,96,0,0,0,13,33,0,0,0,3,1,21,0
1212-3,6,146,canteros,364,105,1,796,87,0,0,0,13,33,0,0,0,3,,0,0
1212-3,6,147,canteros,372,105,1,781,79,0,0,0,13,33,0,0,0,3,,0,0
1212-3,6,148,canteros,372,105,1,766,71,0,0,0,13,33,0,0,0,3,,0,0
1212-3,6,149,canteros,372,105,1,739,71,0,0,0,21,41,0,0,0,3,,0,0
1212-3,6,150,canteros,372,105,1,722,74,0,0,0,21,51,0,0,0,3,,0,0
1212-3,6,151,canteros,372,105,1,798,77,0,0,0,21,51,0,0,0,3,1,22,0
1212-3,6,152,canteros,372,105,1,754,74,0,0,0,21,51,0,0,0,3,,0,0
1212-3,6,153,canteros,372,105,1,710,71,0,0,0,21,51,0,0,0,3,,0,0
1212-3,6,154,canteros,372,105,1,654,68,0,0,0,21,51,0,0,0,3,,0,0
1212-3,6,155,canteros,372,105,1,598,89,0,0,0,43,73,0,0,0,3,,0,0
1212-3,6,156,canteros,372,105,1,542,109,0,0,0,43,73,0,0,0,3,,0,0
1212-3,6,157,canteros,372,105,1,907,128,0,0,0,43,73,0,0,0,3,1,21,0
1212-3,6,158,canteros,372,105,1,863,144,0,0,0,43,73,0,0,0,3,,0,0
1212-3,6,159,canteros,372,105,1,819,159,0,0,0,43,73,0,0,0,3,,0,0
1212-3,6,160,canteros,372,105,1,763,173,0,0,0,43,73,0,0,0,3,,0,0
1212-3,6,161,canteros,372,105,1,707,175,0,0,0,27,57,0,0,0,3,,0,0
1212-3,6,162,canteros,372,105,1,651,176,0,0,0,27,57,0,0,0,3,,0,0
1212-3,6,163,canteros,372,105,1,1055,135,0,0,0,27,57,0,0,0,3,1,8,0
1212-3,6,164,canteros,372,105,1,1079,131,0,0,0,27,57,0,0,0,3,,0,0
1212-3,6,165,canteros,414,135,2,1103,127,0,0,0,27,57,0,0,0,4,,0,0
1212-3,6,166,canteros,414,135,2,1119,117,0,0,0,27,63,0,0,0,4,,0,0
1212-3,6,167,canteros,414,135,2,1135,94,0,0,0,13,49,0,0,0,4,,0,0
1212-3,6,168,canteros,414,135,2,1141,72,0,0,0,13,39,0,0,0,4,,0,0
1212-3,6,169,canteros,414,135,2,1157,45,0,0,0,13,39,0,0,0,4,1,24,0
1212-3,6,170,canteros,414,135,2,1134,30,0,0,0,13,39,0,1,0,4,,0,0
1212-3,6,171,canteros,414,135,2,1096,19,0,0,0,15,41,0,0,0,4,,0,0
1212-3,6,172,canteros,421,135,2,1073,7,0,0,0,15,41,1,0,0,4,,0,0
1212-3,6,173,canteros,420,135,2,1038,7,0,0,0,24,50,1,1,0,4,,0,0
1212-3,6,174,canteros,418,131,2,1013,10,0,0,0,24,63,1,0,0,4,,0,0
1212-3,6,175,canteros,418,131,2,1074,12,0,0,0,24,61,0,0,0,4,1,29,0
1212-3,6,176,canteros,418,131,2,1005,5,0,0,0,24,58,0,0,0,4,,0,0
1212-3,6,177,canteros,417,131,2,946,1,0,0,0,24,58,1,1,0,4,,0,0
1212-3,6,178,canteros,417,131,2,887,1,0,0,0,31,70,0,0,0,4,,0,0
1212-3,6,179,canteros,417,132,2,815,31,0,0,0,62,101,0,0,0,4,,0,0
1212-3,6,180,canteros,417,133,2,744,62,0,0,0,62,102,0,0,0,4,,0,0
1212-3,6,181,canteros,417,134,2,1073,93,0,0,0,63,105,0,0,0,4,1,24,0
1212-3,6,182,canteros,418,135,2,1020,121,0,0,0,63,104,0,0,0,4,,0,0
1212-3,6,183,canteros,418,136,2,967,148,0,0,0,63,104,0,0,0,4,,0,0
1212-3,6,184,canteros,418,137,2,914,160,0,0,0,50,91,0,0,0,4,,0,0
1212-3,6,185,canteros,418,137,2,861,154,0,0,0,32,75,0,0,0,4,,0,0
1212-3,6,186,canteros,418,137,2,792,148,0,0,0,32,75,0,0,0,4,,0,0
1212-3,6,187,canteros,418,137,2,1211,143,0,0,0,32,75,0,0,0,4,1,18,0
1212-3,6,188,canteros,418,137,2,1188,144,0,0,0,32,77,0,0,0,4,,0,0
1212-3,6,189,canteros,418,137,2,1160,145,0,0,0,32,77,0,0,0,4,,0,0
1212-3,6,190,canteros,426,137,2,1137,146,0,0,0,32,77,0,0,0,4,,0,0
1212-3,6,191,canteros,426,137,2,1109,130,0,0,0,15,59,0,0,0,4,,0,0
1212-3,6,192,canteros,426,137,2,1076,115,0,0,0,15,49,0,0,0,4,,0,0
1212-3,6,193,canteros,426,137,2,1123,101,0,0,0,15,49,0,0,0,4,1,12,0
1212-3,6,194,canteros,426,137,2,1086,87,0,0,0,15,49,0,0,0,4,,0,0
1212-3,6,195,canteros,426,137,2,1053,74,0,0,0,15,49,0,0,0,4,,0,0
1212-3,6,196,canteros,426,137,2,1020,61,0,0,0,15,49,0,0,0,4,,0,0
1212-3,6,197,canteros,426,137,2,982,58,0,0,0,25,59,0,0,0,4,,0,0
1212-3,6,198,canteros,426,137,2,959,56,0,0,0,25,69,0,0,0,4,,0,0
1212-3,6,199,canteros,426,137,2,975,54,0,0,0,25,69,0,0,0,4,1,18,0
1212-3,6,200,canteros,426,137,2,907,49,0,0,0,25,69,0,0,0,4,,0,0
1212-3,6,1,ferrones,25,46,1,65,62,0,0,0,6,16,0,0,0,0,1,7,0
1212-3,6,2,ferrones,25,46,1,65,53,0,0,0,6,10,0,0,0,0,,0,0
1212-3,6,3,ferrones,25,46,1,65,45,0,0,0,6,10,0,0,0,0,,0,0
1212-3,6,4,ferrones,25,46,1,65,37,0,0,0,6,10,0,0,0,0,,0,0
1212-3,6,5,ferrones,25,46,1,65,32,0,0,0,9,13,0,1,0,0,,0,0
1212-3,6,6,ferrones,25,46,1,77,29,0,0,0,9,25,0,0,0,0,,0,0
1212-3,6,7,ferrones,25,46,1,75,26,0,0,0,9,25,0,0,0,0,1,5,0
1212-3,6,8,ferrones,25,46,1,87,25,0,0,0,9,25,0,0,0,0,,0,0
1212-3,6,9,ferrones,25,46,1,99,23,0,0,0,9,25,0,0,0,0,,0,0
1212-3,6,10,ferrones,25,46,1,111,21,0,0,0,9,25,0,0,0,0,,0,0
1212-3,6,11,ferrones,25,46,1,123,28,0,0,0,19,35,0,0,0,0,,0,0
1212-3,6,12,ferrones,25,48,1,135,35,0,0,0,19,35,0,0,0,0,,0,0
1212-3,6,13,ferrones,25,46,1,62,31,0,0,0,19,35,0,0,0,0,1,9,0
1212-3,6,14,ferrones,25,48,1,69,41,0,0,0,19,35,0,0,0,0,,0,0
1212-3,6,15,ferrones,26,50,1,81,48,0,0,0,19,35,0,0,0,0,,0,0
1212-3,6,16,ferrones,26,52,1,95,53,0,0,0,19,37,0,0,0,0,,0,0
1212-3,6,17,ferrones,26,52,1,109,50,0,0,0,12,30,0,0,0,0,,0,0
1212-3,6,18,ferrones,26,52,1,123,48,0,0,0,12,30,0,0,0,0,,0,0
1212-3,6,19,ferrones,26,50,1,92,30,0,0,0,12,30,0,0,0,0,1,11,0
1212-3,6,20,ferrones,26,50,1,96,32,0,0,0,12,30,0,0,0,0,,0,0
1212-3,6,21,ferrones,44,50,1,110,29,0,0,0,12,30,0,1,0,1,,0,0
1212-3,6,22,ferrones,44,50,1,124,28,0,0,0,12,34,0,0,0,1,,0,0
1212-3,6,23,ferrones,44,50,1,138,22,0,0,0,6,28,0,0,0,1,,0,0
1212-3,6,24,ferrones,44,50,1,147,16,0,0,0,6,23,0,0,0,1,,0,0
1212-3,6,25,ferrones,44,50,1,112,10,0,0,0,6,23,0,0,0,1,1,6,0
1212-3,6,26,ferrones,44,50,1,96,11,0,0,0,6,23,0,0,0,1,,0,0
1212-3,6,27,ferrones,44,50,1,105,10,0,0,0,6,23,0,0,0,1,,0,0
1212-3,6,28,ferrones,44,50,1,114,4,0,0,0,6,23,0,0,0,1,,0,0
1212-3,6,29,ferrones,44,50,1,123,1,0,0,0,9,26,0,0,0,1,,0,0
1212-3,6,30,ferrones,43,50,1,137,0,0,0,0,9,31,1,0,0,1,,0,0
1212-3,6,31,ferrones,42,50,1,103,0,0,0,0,9,31,1,0,0,1,1,5,0
1212-3,6,32,ferrones,40,49,1,117,4,0,0,0,9,31,1,0,0,1,,0,0
1212-3,6,33,ferrones,40,49,1,129,1,0,0,0,9,29,0,0,0,1,,0,0
1212-3,6,34,ferrones,39,49,1,141,0,0,0,0,9,29,1,0,0,1,,0,0
1212-3,6,35,ferrones,39,49,1,153,7,0,0,0,19,39,0,0,0,1,,0,0
1212-3,6,36,ferrones,39,49,1,165,14,0,0,0,19,39,0,0,0,1,,0,0
1212-3,6,37,ferrones,39,49,1,119,21,0,0,0,19,39,0,0,0,1,1,7,0
1212-3,6,38,ferrones,40,51,1,126,31,0,0,0,19,39,0,0,0,1,,0,0
1212-3,6,39,ferrones,40,53,1,140,36,0,0,0,19,41,0,1,0,1,,0,0
1212-3,6,40,ferrones,41,55,1,154,41,0,0,0,19,41,0,0,0,1,,0,0
1212-3,6,41,ferrones,41,55,1,168,39,0,0,0,12,34,0,0,0,1,,0,0
1212-3,6,42,ferrones,41,55,1,182,37,0,0,0,12,34,0,0,0,1,,0,0
1212-3,6,43,ferrones,41,55,1,184,26,0,0,0,12,34,0,0,0,1,1,12,0
1212-3,6,44,ferrones,41,55,1,157,27,0,0,0,12,34,0,0,0,1,,0,0
1212-3,6,45,ferrones,41,55,1,171,26,0,0,0,12,34,0,0,0,1,,0,0
1212-3,6,46,ferrones,41,55,1,185,23,0,0,0,12,34,0,1,0,1,,0,0
1212-3,6,47,ferrones,41,55,1,199,16,0,0,0,6,28,0,0,0,1,,0,0
1212-3,6,48,ferrones,41,55,1,208,9,0,0,0,6,23,0,0,0,1,,0,0
1212-3,6,49,ferrones,41,55,1,190,2,0,0,0,6,23,0,0,0,1,1,9,0
1212-3,6,50,ferrones,48,55,1,137,7,0,0,0,6,23,1,0,0,1,,0,0
1212-3,6,51,ferrones,48,55,1,126,7,0,0,0,6,23,0,0,0,1,,0,0
1212-3,6,52,ferrones,48,55,1,135,4,0,0,0,6,23,0,0,0,1,,0,0
1212-3,6,53,ferrones,48,55,1,144,0,0,0,0,9,26,0,0,0,1,,0,0
1212-3,6,54,ferrones,47,55,1,158,0,0,0,0,9,31,1,0,0,1,,0,0
1212-3,6,55,ferrones,46,55,1,115,0,0,0,0,9,31,1,0,0,1,1,5,0
1212-3,6,56,ferrones,44,54,1,129,4,0,0,0,9,31,1,0,0,1,,0,0
1212-3,6,57,ferrones,44,54,1,143,0,0,0,0,9,31,0,0,0,1,,0,0
1212-3,6,58,ferrones,43,54,1,157,0,0,0,0,9,31,1,0,0,1,,0,0
1212-3,6,59,ferrones,43,54,1,171,6,0,0,0,19,41,0,0,0,1,,0,0
1212-3,6,60,ferrones,43,54,1,185,12,0,0,0,19,41,0,0,0,1,,0,0
1212-3,6,61,ferrones,43,54,1,165,18,0,0,0,19,41,0,0,0,1,1,8,0
1212-3,6,62,ferrones,43,54,1,156,28,0,0,0,19,41,0,0,0,1,,0,0
1212-3,6,63,ferrones,44,56,1,170,34,0,0,0,19,41,0,0,0,1,,0,0
1212-3,6,64,ferrones,44,58,1,184,38,0,0,0,19,41,0,0,0,1,,0,0
1212-3,6,65,ferrones,44,58,1,198,35,0,0,0,12,34,0,0,0,1,,0,0
1212-3,6,66,ferrones,44,58,1,212,32,0,0,0,12,34,0,0,0,1,,0,0
1212-3,6,67,ferrones,44,58,1,227,29,0,0,0,12,34,0,0,0,1,1,9,0
1212-3,6,68,ferrones,44,58,1,171,31,0,0,0,12,34,0,0,0,1,,0,0
1212-3,6,69,ferrones,44,58,1,176,33,0,0,0,12,34,0,0,0,1,,0,0
1212-3,6,70,ferrones,44,58,1,190,30,0,0,0,12,34,0,0,0,1,,0,0
1212-3,6,71,ferrones,44,58,1,204,22,0,0,0,6,28,0,0,0,1,,0,0
1212-3,6,72,ferrones,44,58,1,213,14,0,0,0,6,23,0,0,0,1,,0,0
1212-3,6,73,ferrones,44,58,1,203,6,0,0,0,6,23,0,0,0,1,1,9,0
1212-3,6,74,ferrones,43,58,1,150,7,0,0,0,6,23,1,0,0,1,,0,0
1212-3,6,75,ferrones,42,58,1,134,7,0,0,0,6,23,1,0,0,1,,0,0
1212-3,6,76,ferrones,41,57,1,143,5,0,0,0,6,23,1,0,0,1,,0,0
1212-3,6,77,ferrones,41,57,1,152,0,0,0,0,9,26,0,0,0,1,,0,0
1212-3,6,78,ferrones,40,57,1,166,0,0,0,0,9,31,1,0,0,1,,0,0
1212-3,6,79,ferrones,39,57,1,123,0,0,0,0,9,31,1,0,0,1,1,7,0
1212-3,6,80,ferrones,38,56,1,132,4,0,0,0,9,31,1,0,0,1,,0,0
1212-3,6,81,ferrones,37,55,1,146,1,0,0,0,9,31,1,0,0,1,,0,0
1212-3,6,82,ferrones,35,54,1,160,0,0,0,0,9,31,1,0,0,1,,0,0
1212-3,6,83,ferrones,35,54,1,174,4,0,0,0,17,39,0,0,0,1,,0,0
1212-3,6,84,ferrones,35,54,1,188,8,0,0,0,17,39,0,0,0,1,,0,0
1212-3,6,85,ferrones,35,54,1,171,12,0,0,0,17,39,0,0,0,1,1,8,0
1212-3,6,86,ferrones,35,54,1,156,20,0,0,0,17,39,0,0,0,1,,0,0
1212-3,6,87,ferrones,35,54,1,170,28,0,0,0,17,39,0,0,0,1,,0,0
1212-3,6,88,ferrones,36,56,1,184,33,0,0,0,19,41,0,0,0,1,,0,0
1212-3,6,89,ferrones,36,56,1,198,30,0,0,0,12,34,0,0,0,1,,0,0
1212-3,6,90,ferrones,36,56,1,212,27,0,0,0,12,34,0,0,0,1,,0,0
1212-3,6,91,ferrones,36,56,1,237,24,0,0,0,12,34,0,0,0,1,1,9,0
1212-3,6,92,ferrones,36,56,1,189,29,0,0,0,12,34,0,0,0,1,,0,0
1212-3,6,93,ferrones,36,56,1,178,33,0,0,0,12,34,0,0,0,1,,0,0
1212-3,6,94,ferrones,36,56,1,192,35,0,0,0,12,34,0,0,0,1,,0,0
1212-3,6,95,ferrones,36,56,1,206,26,0,0,0,6,28,0,0,0,1,,0,0
1212-3,6,96,ferrones,36,56,1,215,18,0,0,0,6,23,0,0,0,1,,0,0
1212-3,6,97,ferrones,36,56,1,205,10,0,0,0,6,23,0,0,0,1,1,9,0
1212-3,6,98,ferrones,36,56,1,152,9,0,0,0,6,23,0,0,0,1,,0,0
1212-3,6,99,ferrones,36,56,1,131,8,0,0,0,6,23,0,0,0,1,,0,0
1212-3,6,100,ferrones,36,56,1,140,6,0,0,0,6,23,0,0,0,1,,0,0
1212-3,6,101,ferrones,36,56,1,149,1,0,0,0,9,26,0,0,0,1,,0,0
1212-3,6,102,ferrones,35,56,1,163,0,0,0,0,9,31,1,0,0,1,,0,0
1212-3,6,103,ferrones,34,56,1,124,0,0,0,0,9,31,1,0,0,1,1,7,0
1212-3,6,104,ferrones,33,55,1,133,4,0,0,0,9,31,1,0,0,1,,0,0
1212-3,6,105,ferrones,33,55,1,147,1,0,0,0,9,31,0,0,0,1,,0,0
1212-3,6,106,ferrones,32,55,1,161,0,0,0,0,9,31,1,0,0,1,,0,0
1212-3,6,107,ferrones,32,55,1,175,6,0,0,0,19,41,0,0,0,1,,0,0
1212-3,6,108,ferrones,32,55,1,189,12,0,0,0,19,41,0,0,0,1,,0,0
1212-3,6,109,ferrones,32,55,1,172,18,0,0,0,19,41,0,0,0,1,1,8,0
1212-3,6,110,ferrones,32,55,1,157,28,0,0,0,19,41,0,0,0,1,,0,0
1212-3,6,111,ferrones,32,57,1,171,37,0,0,0,19,41,0,0,0,1,,0,0
1212-3,6,112,ferrones,32,59,1,185,41,0,0,0,19,41,0,0,0,1,,0,0
1212-3,6,113,ferrones,32,59,1,199,38,0,0,0,12,34,0,0,0,1,,0,0
1212-3,6,114,ferrones,32,59,1,213,35,0,0,0,12,34,0,0,0,1,,0,0
1212-3,6,115,ferrones,32,59,1,238,32,0,0,0,12,34,0,0,0,1,1,9,0
1212-3,6,116,ferrones,32,59,1,190,36,0,0,0,12,34,0,0,0,1,,0,0
1212-3,6,117,ferrones,32,59,1,179,40,0,0,0,12,34,0,0,0,1,,0,0
1212-3,6,118,ferrones,32,59,1,193,42,0,0,0,12,34,0,0,0,1,,0,0
1212-3,6,119,ferrones,32,59,1,207,33,0,0,0,6,28,0,0,0,1,,0,0
1212-3,6,120,ferrones,32,59,1,216,24,0,0,0,6,23,0,0,0,1,,0,0
1212-3,6,121,ferrones,32,59,1,221,16,0,0,0,6,23,0,0,0,1,1,11,0
1212-3,6,122,ferrones,32,59,1,168,12,0,0,0,6,23,0,0,0,1,,0,0
1212-3,6,123,ferrones,32,59,1,133,11,0,0,0,6,23,0,0,0,1,,0,0
1212-3,6,124,ferrones,32,59,1,142,10,0,0,0,6,23,0,0,0,1,,0,0
1212-3,6,125,ferrones,32,59,1,151,5,0,0,0,9,26,0,0,0,1,,0,0
1212-3,6,126,ferrones,32,59,1,165,0,0,0,0,9,31,0,0,0,1,,0,0
1212-3,6,127,ferrones,31,59,1,155,0,0,0,0,9,31,1,0,0,1,1,12,0
1212-3,6,128,ferrones,30,59,1,155,1,0,0,0,9,31,1,0,0,1,,0,0
1212-3,6,129,ferrones,29,58,1,164,1,0,0,0,9,31,1,0,0,1,,0,0
1212-3,6,130,ferrones,28,57,1,178,1,0,0,0,9,31,1,0,0,1,,0,0
1212-3,6,131,ferrones,28,57,1,192,6,0,0,0,19,41,0,0,0,1,,0,0
1212-3,6,132,ferrones,28,57,1,206,11,0,0,0,19,41,0,0,0,1,,0,0
1212-3,6,133,ferrones,28,57,1,249,16,0,0,0,19,41,0,0,0,1,1,11,0
1212-3,6,134,ferrones,28,57,1,216,22,0,0,0,19,41,0,0,0,1,,0,0
1212-3,6,135,ferrones,28,59,1,215,30,0,0,0,19,41,0,0,0,1,,0,0
1212-3,6,136,ferrones,29,61,1,229,37,0,0,0,19,41,0,0,0,1,,0,0
1212-3,6,137,ferrones,29,61,1,245,33,0,0,0,12,36,0,0,0,1,,0,0
1212-3,6,138,ferrones,29,61,1,261,29,0,0,0,12,36,0,0,0,1,,0,0
1212-3,6,139,ferrones,29,61,1,333,25,0,0,0,12,36,0,0,0,1,1,15,0
1212-3,6,140,ferrones,29,61,1,302,26,0,0,0,12,36,0,0,0,1,,0,0
1212-3,6,141,ferrones,29,61,1,256,27,0,0,0,12,36,0,0,0,1,,0,0
1212-3,6,142,ferrones,29,61,1,228,31,0,0,0,12,36,0,0,0,1,,0,0
1212-3,6,143,ferrones,29,61,1,244,29,0,0,0,6,30,0,0,0,1,,0,0
1212-3,6,144,ferrones,29,61,1,254,20,0,0,0,6,24,0,0,0,1,,0,0
1212-3,6,145,ferrones,29,61,1,310,11,0,0,0,6,24,0,0,0,1,1,16,0
1212-3,6,146,ferrones,29,61,1,273,6,0,0,0,6,24,0,0,0,1,,0,0
1212-3,6,147,ferrones,28,61,1,236,4,0,0,0,6,24,1,0,0,1,,0,0
1212-3,6,148,ferrones,27,61,1,193,4,0,0,0,6,24,1,0,0,1,,0,0
1212-3,6,149,ferrones,26,60,1,203,7,0,0,0,9,27,1,0,0,1,,0,0
1212-3,6,150,ferrones,26,60,1,219,1,0,0,0,9,33,0,0,0,1,,0,0
1212-3,6,151,ferrones,25,60,1,263,0,0,0,0,9,33,1,0,0,1,1,16,0
1212-3,6,152,ferrones,24,60,1,221,1,0,0,0,9,33,1,0,0,1,,0,0
1212-3,6,153,ferrones,22,59,1,223,1,0,0,0,9,33,1,0,0,1,,0,0
1212-3,6,154,ferrones,21,58,1,237,1,0,0,0,9,31,1,0,0,1,,0,0
1212-3,6,155,ferrones,21,58,1,251,4,0,0,0,17,39,0,0,0,1,,0,0
1212-3,6,156,ferrones,21,58,1,265,7,0,0,0,17,39,0,0,0,1,,0,0
1212-3,6,157,ferrones,21,58,1,366,12,0,0,0,19,41,0,0,0,1,1,14,0
1212-3,6,158,ferrones,21,58,1,297,18,0,0,0,19,41,0,0,0,1,,0,0
1212-3,6,159,ferrones,21,58,1,273,24,0,0,0,19,41,0,0,0,1,,0,0
1212-3,6,160,ferrones,22,60,1,287,32,0,0,0,19,41,0,0,0,1,,0,0
1212-3,6,161,ferrones,22,60,1,303,28,0,0,0,12,36,0,0,0,1,,0,0
1212-3,6,162,ferrones,22,60,1,319,24,0,0,0,12,36,0,0,0,1,,0,0
1212-3,6,163,ferrones,22,60,1,461,21,0,0,0,12,36,0,0,0,1,1,18,0
1212-3,6,164,ferrones,22,60,1,430,22,0,0,0,12,36,0,0,0,1,,0,0
1212-3,6,165,ferrones,22,60,1,384,23,0,0,0,12,36,0,0,0,1,,0,0
1212-3,6,166,ferrones,22,60,1,338,27,0,0,0,12,36,0,0,0,1,,0,0
1212-3,6,167,ferrones,22,60,1,319,25,0,0,0,6,30,0,0,0,1,,0,0
1212-3,6,168,ferrones,22,60,1,324,23,0,0,0,6,24,0,0,0,1,,0,0
1212-3,6,169,ferrones,22,60,1,398,15,0,0,0,6,24,0,0,0,1,1,21,0
1212-3,6,170,ferrones,22,60,1,361,10,0,0,0,6,24,0,0,0,1,,0,0
1212-3,6,171,ferrones,22,60,1,324,5,0,0,0,6,24,0,0,0,1,,0,0
1212-3,6,172,ferrones,21,60,1,287,4,0,0,0,6,24,1,0,0,1,,0,0
1212-3,6,173,ferrones,20,60,1,235,4,0,0,0,9,27,1,0,0,1,,0,0
1212-3,6,174,ferrones,18,59,1,241,7,0,0,0,9,33,1,0,0,1,,0,0
1212-3,6,175,ferrones,18,59,1,322,4,0,0,0,9,31,0,0,0,1,1,15,0
1212-3,6,176,ferrones,17,59,1,253,1,0,0,0,9,31,1,0,0,1,,0,0
1212-3,6,177,ferrones,16,59,1,253,1,0,0,0,9,31,1,0,0,1,,0,0
1212-3,6,178,ferrones,15,58,1,267,1,0,0,0,9,31,1,0,0,1,,0,0
1212-3,6,179,ferrones,15,58,1,281,4,0,0,0,17,39,0,0,0,1,,0,0
1212-3,6,180,ferrones,15,58,1,295,7,0,0,0,17,39,0,0,0,1,,0,0
1212-3,6,181,ferrones,15,58,1,445,10,0,0,0,17,39,0,0,0,1,1,16,0
1212-3,6,182,ferrones,15,58,1,376,14,0,0,0,17,39,0,0,0,1,,0,0
1212-3,6,183,ferrones,15,58,1,343,18,0,0,0,17,39,0,0,0,1,,0,0
1212-3,6,184,ferrones,15,58,1,337,25,0,0,0,17,39,0,0,0,1,,0,0
1212-3,6,185,ferrones,15,58,1,351,27,0,0,0,12,34,0,0,0,1,,0,0
1212-3,6,186,ferrones,15,58,1,365,24,0,0,0,12,34,0,0,0,1,,0,0
1212-3,6,187,ferrones,15,58,1,520,22,0,0,0,12,34,0,0,0,1,1,20,0
1212-3,6,188,ferrones,15,58,1,487,24,0,0,0,12,34,0,0,0,1,,0,0
1212-3,6,189,ferrones,15,58,1,454,26,0,0,0,12,34,0,0,0,1,,0,0
1212-3,6,190,ferrones,15,58,1,406,28,0,0,0,12,34,0,0,0,1,,0,0
1212-3,6,191,ferrones,15,58,1,358,27,0,0,0,6,28,0,0,0,1,,0,0
1212-3,6,192,ferrones,15,58,1,332,26,0,0,0,6,23,0,0,0,1,,0,0
1212-3,6,193,ferrones,15,58,1,437,25,0,0,0,6,23,0,0,0,1,1,22,0
1212-3,6,194,ferrones,15,58,1,399,21,0,0,0,6,23,0,0,0,1,,0,0
1212-3,6,195,ferrones,15,58,1,361,17,0,0,0,6,23,0,0,0,1,,0,0
1212-3,6,196,ferrones,15,58,1,323,13,0,0,0,6,23,0,0,0,1,,0,0
1212-3,6,197,ferrones,15,58,1,285,12,0,0,0,9,26,0,0,0,1,,0,0
1212-3,6,198,ferrones,15,58,1,264,11,0,0,0,9,31,0,0,0,1,,0,0
1212-3,6,199,ferrones,15,58,1,365,13,0,0,0,9,31,0,0,0,1,1,17,0
1212-3,6,200,ferrones,15,58,1,296,9,0,0,0,9,31,0,0,0,1,,0,0
1212-3,6,1,hortelanos,39,116,1,40,67,0,0,0,29,53,0,0,0,0,1,4,0
1212-3,6,2,hortelanos,39,116,1,47,63,0,0,0,29,40,0,0,0,0,,0,0
1212-3,6,3,hortelanos,39,116,1,54,59,0,0,0,29,40,0,0,0,0,,0,0
1212-3,6,4,hortelanos,39,116,1,61,55,0,0,0,29,40,0,0,0,0,,0,0
1212-3,6,5,hortelanos,39,116,1,68,63,0,0,0,41,52,0,1,0,0,,0,0
1212-3,6,6,hortelanos,39,116,1,94,72,0,0,0,41,71,0,0,0,0,,0,0
1212-3,6,7,hortelanos,38,112,1,100,68,0,0,0,41,71,0,0,0,0,1,11,0
1212-3,6,8,hortelanos,106,112,1,126,78,0,0,0,41,71,0,0,0,1,,0,0
1212-3,6,9,hortelanos,106,112,1,152,95,0,0,0,48,78,0,0,0,1,,0,0
1212-3,6,10,hortelanos,121,112,1,178,107,0,0,0,48,78,0,0,0,2,,0,0
1212-3,6,11,hortelanos,129,112,1,204,159,0,0,0,86,116,0,0,0,2,,0,0
1212-3,6,12,hortelanos,129,112,1,230,209,0,0,0,86,116,0,0,0,2,,0,0
1212-3,6,13,hortelanos,128,108,1,155,243,0,0,0,86,116,0,0,0,2,1,21,0
1212-3,6,14,hortelanos,128,108,1,98,286,0,2,0,86,114,0,0,0,2,,0,0
1212-3,6,15,hortelanos,128,108,1,115,308,0,4,0,71,99,0,0,0,2,,0,0
1212-3,6,16,hortelanos,128,108,1,139,328,0,4,0,71,99,0,0,0,2,,0,0
1212-3,6,17,hortelanos,128,108,1,163,326,0,4,0,48,76,0,0,0,2,,0,0
1212-3,6,18,hortelanos,128,108,1,187,324,0,4,0,48,76,0,0,0,2,,0,0
1212-3,6,19,hortelanos,128,108,1,277,329,0,4,0,48,76,0,0,0,2,1,27,0
1212-3,6,20,hortelanos,136,108,1,241,333,0,4,0,48,76,0,0,0,2,,0,0
1212-3,6,21,hortelanos,136,108,1,258,331,0,4,0,48,76,0,0,0,2,,0,0
1212-3,6,22,hortelanos,136,108,1,282,327,0,4,0,48,76,0,0,0,2,,0,0
1212-3,6,23,hortelanos,144,108,1,306,306,0,4,0,29,57,0,0,0,2,,0,0
1212-3,6,24,hortelanos,144,108,1,320,286,0,4,0,29,47,0,0,0,2,,0,0
1212-3,6,25,hortelanos,144,108,1,418,254,0,4,0,29,47,0,0,0,2,1,24,0
1212-3,6,26,hortelanos,144,108,1,425,237,0,4,0,29,47,0,0,0,2,,0,0
1212-3,6,27,hortelanos,144,108,1,432,221,0,4,0,29,47,0,0,0,2,,0,0
1212-3,6,28,hortelanos,144,108,1,439,206,0,4,0,29,47,0,0,0,2,,0,0
1212-3,6,29,hortelanos,144,108,1,446,203,0,4,0,41,59,0,0,0,2,,0,0
1212-3,6,30,hortelanos,144,108,1,463,200,0,4,0,41,69,0,0,0,2,,0,0
1212-3,6,31,hortelanos,144,108,1,551,191,0,4,0,41,69,0,0,0,2,1,33,0
1212-3,6,32,hortelanos,152,108,1,505,194,0,4,0,41,69,0,0,0,2,,0,0
1212-3,6,33,hortelanos,152,108,1,459,197,0,4,0,41,69,0,0,0,2,,0,0
1212-3,6,34,hortelanos,152,108,1,413,199,0,4,0,41,69,0,0,0,2,,0,0
1212-3,6,35,hortelanos,160,108,1,367,231,0,4,0,71,99,0,0,0,2,,0,0
1212-3,6,36,hortelanos,160,108,1,341,259,0,4,0,71,99,0,0,0,2,,0,0
1212-3,6,37,hortelanos,160,108,1,453,277,0,2,0,71,99,0,0,0,2,1,21,0
1212-3,6,38,hortelanos,160,108,1,407,306,0,2,0,71,99,0,0,0,2,,0,0
1212-3,6,39,hortelanos,160,108,1,361,333,0,2,0,71,99,0,0,0,2,,0,0
1212-3,6,40,hortelanos,160,108,1,315,359,0,2,0,71,99,0,0,0,2,,0,0
1212-3,6,41,hortelanos,160,108,1,339,355,0,2,0,48,76,0,0,0,2,,0,0
1212-3,6,42,hortelanos,160,108,1,363,351,0,2,0,48,76,0,0,0,2,,0,0
1212-3,6,43,hortelanos,161,112,1,482,355,0,2,0,48,76,0,0,0,2,1,23,0
1212-3,6,44,hortelanos,161,112,1,438,357,0,2,0,48,78,0,0,0,2,,0,0
1212-3,6,45,hortelanos,161,112,1,394,359,0,2,0,48,78,0,0,0,2,,0,0
1212-3,6,46,hortelanos,161,112,1,350,361,0,2,0,48,78,0,0,0,2,,0,0
1212-3,6,47,hortelanos,161,112,1,356,340,0,2,0,29,59,0,0,0,2,,0,0
1212-3,6,48,hortelanos,161,112,1,371,318,0,2,0,29,48,0,0,0,2,,0,0
1212-3,6,49,hortelanos,160,108,1,428,245,0,2,0,29,48,0,0,0,2,1,24,0
1212-3,6,50,hortelanos,160,108,1,372,235,0,2,0,29,47,0,0,0,2,,0,0
1212-3,6,51,hortelanos,255,193,2,316,225,0,2,0,29,47,0,0,0,3,,0,0
1212-3,6,52,hortelanos,255,193,2,269,195,0,2,0,29,63,0,0,0,3,,0,0
1212-3,6,53,hortelanos,255,193,2,262,174,0,2,0,41,75,0,0,0,3,,0,0
1212-3,6,54,hortelanos,255,193,2,295,151,0,2,0,41,85,0,0,0,3,,0,0
1212-3,6,55,hortelanos,255,193,2,398,135,0,2,0,41,85,0,0,0,3,1,22,0
1212-3,6,56,hortelanos,255,193,2,395,135,0,2,0,49,93,0,3,0,3,,0,0
1212-3,6,57,hortelanos,263,193,2,392,173,0,2,0,82,126,0,0,0,3,,0,0
1212-3,6,58,hortelanos,263,193,2,389,209,0,2,0,82,126,0,0,0,3,,0,0
1212-3,6,59,hortelanos,263,193,2,386,287,0,2,0,127,171,0,0,0,3,,0,0
1212-3,6,60,hortelanos,263,193,2,383,362,0,2,0,127,171,0,0,0,3,,0,0
1212-3,6,61,hortelanos,263,193,2,391,378,0,0,0,127,171,0,0,0,3,1,41,0
1212-3,6,62,hortelanos,264,197,2,377,432,0,0,0,127,171,0,2,0,3,,0,0
1212-3,6,63,hortelanos,314,255,3,363,470,0,0,0,109,156,0,0,0,4,,0,0
1212-3,6,64,hortelanos,322,257,3,355,493,0,0,0,109,168,0,0,0,4,,0,0
1212-3,6,65,hortelanos,322,258,3,347,488,0,0,0,82,141,0,0,0,4,,0,0
1212-3,6,66,hortelanos,322,258,3,341,480,0,0,0,82,143,0,0,0,4,,0,0
1212-3,6,67,hortelanos,330,258,3,374,437,0,0,0,82,143,0,0,0,4,1,22,0
1212-3,6,68,hortelanos,330,258,3,345,430,0,0,0,82,143,0,2,0,4,,0,0
1212-3,6,69,hortelanos,347,300,4,306,450,0,0,0,106,167,0,0,0,4,,0,0
1212-3,6,70,hortelanos,348,305,4,276,455,0,0,0,106,175,0,2,0,4,,0,0
1212-3,6,71,hortelanos,357,310,4,306,434,0,0,0,83,152,0,0,0,4,,0,0
1212-3,6,72,hortelanos,358,315,4,336,411,0,0,0,83,142,0,0,0,4,,0,0
1212-3,6,73,hortelanos,359,320,4,419,357,0,0,0,83,142,0,1,0,4,1,36,0
1212-3,6,74,hortelanos,360,325,4,405,344,0,0,0,83,149,0,0,0,4,,0,0
1212-3,6,75,hortelanos,386,415,5,376,331,0,0,0,83,149,0,1,0,4,,0,0
1212-3,6,76,hortelanos,386,415,5,363,301,0,0,0,87,171,0,0,0,4,,0,0
1212-3,6,77,hortelanos,386,415,5,360,284,0,0,0,101,185,0,1,0,4,,0,0
1212-3,6,78,hortelanos,386,415,5,377,271,0,0,0,105,199,0,1,0,4,,0,0
1212-3,6,79,hortelanos,386,415,5,420,220,0,0,0,105,199,0,1,0,4,1,35,0
1212-3,6,80,hortelanos,386,415,5,375,209,0,2,0,105,203,0,1,0,4,,0,0
1212-3,6,81,hortelanos,409,450,6,335,203,0,4,0,110,208,0,1,0,4,,0,0
1212-3,6,82,hortelanos,410,455,6,317,192,0,6,0,115,219,0,1,0,4,,0,0
1212-3,6,83,hortelanos,411,461,6,369,215,0,2,0,151,255,0,1,0,4,,0,0
1212-3,6,84,hortelanos,412,468,6,423,231,0,2,0,151,260,0,0,0,4,,0,0
1212-3,6,85,hortelanos,414,475,6,532,250,0,2,0,151,260,0,1,0,4,1,37,0
1212-3,6,86,hortelanos,415,480,6,540,270,0,2,0,151,262,0,1,0,4,,0,0
1212-3,6,87,hortelanos,415,484,6,540,293,0,2,0,155,268,0,0,0,4,,0,0
1212-3,6,88,hortelanos,416,489,6,552,312,0,2,0,155,270,0,1,0,4,,0,0
1212-3,6,89,hortelanos,417,494,6,564,310,0,2,0,134,249,0,1,0,4,,0,0
1212-3,6,90,hortelanos,418,499,6,568,309,0,2,0,134,251,0,0,0,4,,0,0
1212-3,6,91,hortelanos,420,508,6,702,309,0,2,0,134,251,0,1,0,4,1,31,0
1212-3,6,92,hortelanos,421,513,6,716,308,0,2,0,140,257,0,1,0,4,,0,0
1212-3,6,93,hortelanos,422,519,6,724,314,0,2,0,147,268,0,0,0,4,,0,0
1212-3,6,94,hortelanos,424,525,6,732,317,0,2,0,147,268,0,1,0,4,,0,0
1212-3,6,95,hortelanos,424,525,6,750,293,0,2,0,121,242,0,0,0,4,,0,0
1212-3,6,96,hortelanos,424,525,6,758,270,0,2,0,121,232,0,1,0,4,,0,0
1212-3,6,97,hortelanos,424,525,6,839,253,0,2,0,124,235,0,0,0,4,1,25,0
1212-3,6,98,hortelanos,424,525,6,850,238,0,2,0,124,235,0,0,0,4,,0,0
1212-3,6,99,hortelanos,424,525,6,861,223,0,2,0,124,235,0,0,0,4,,0,0
1212-3,6,100,hortelanos,424,525,6,872,209,0,2,0,124,235,0,0,0,4,,0,0
1212-3,6,101,hortelanos,424,528,6,883,217,0,2,0,146,257,0,0,0,4,,0,0
1212-3,6,102,hortelanos,425,530,6,906,223,0,2,0,146,269,0,0,0,4,,0,0
1212-3,6,103,hortelanos,425,532,6,999,229,0,2,0,146,269,0,0,0,4,1,25,0
1212-3,6,104,hortelanos,425,532,6,1024,234,0,2,0,146,271,0,0,0,4,,0,0
1212-3,6,105,hortelanos,425,532,6,899,239,0,2,0,146,271,0,0,0,4,,0,0
1212-3,6,106,hortelanos,425,532,6,924,241,0,2,0,146,271,0,0,0,4,,0,0
1212-3,6,107,hortelanos,425,532,6,943,313,0,2,0,218,343,0,0,0,4,,0,0
1212-3,6,108,hortelanos,425,532,6,968,382,0,2,0,218,343,0,0,0,4,,0,0
1212-3,6,109,hortelanos,424,528,6,1080,438,0,2,0,218,343,0,0,0,4,1,25,0
1212-3,6,110,hortelanos,424,528,6,1092,502,0,2,0,218,343,0,0,0,4,,0,0
1212-3,6,111,hortelanos,424,528,6,1111,563,0,2,0,218,343,0,0,0,4,,0,0
1212-3,6,112,hortelanos,424,528,6,1123,622,0,2,0,218,343,0,0,0,4,,0,0
1212-3,6,113,hortelanos,424,528,6,1135,635,0,2,0,173,298,0,0,0,4,,0,0
1212-3,6,114,hortelanos,424,528,6,1148,648,0,2,0,173,298,0,0,0,4,,0,0
1212-3,6,115,hortelanos,424,528,6,1243,656,0,2,0,173,298,0,0,0,4,1,30,0
1212-3,6,116,hortelanos,424,528,6,1255,668,0,2,0,173,298,0,0,0,4,,0,0
1212-3,6,117,hortelanos,432,528,6,1267,679,0,2,0,173,298,0,0,0,4,,0,0
1212-3,6,118,hortelanos,432,528,6,1286,690,0,2,0,173,298,0,0,0,4,,0,0
1212-3,6,119,hortelanos,432,528,6,1302,664,0,2,0,135,260,0,0,0,4,,0,0
1212-3,6,120,hortelanos,432,528,6,1307,639,0,2,0,135,250,0,0,0,4,,0,0
1212-3,6,121,hortelanos,432,528,6,1414,574,0,2,0,135,250,0,0,0,4,1,35,0
1212-3,6,122,hortelanos,440,528,6,1419,552,0,2,0,135,250,0,0,0,4,,0,0
1212-3,6,123,hortelanos,462,598,7,1425,531,0,2,0,135,250,0,0,0,4,,0,0
1212-3,6,124,hortelanos,462,598,7,1433,493,0,2,0,135,264,0,0,0,4,,0,0
1212-3,6,125,hortelanos,470,598,7,1439,480,0,2,0,158,287,0,0,0,4,,0,0
1212-3,6,126,hortelanos,470,598,7,1454,468,0,2,0,158,297,0,0,0,4,,0,0
1212-3,6,127,hortelanos,470,598,7,1543,418,0,2,0,158,297,0,0,0,4,1,30,0
1212-3,6,128,hortelanos,470,598,7,1558,405,0,2,0,158,297,0,2,0,4,,0,0
1212-3,6,129,hortelanos,491,663,8,1580,408,0,2,0,170,309,0,0,0,4,,0,0
1212-3,6,130,hortelanos,492,666,8,1606,393,0,2,0,170,321,0,1,0,4,,0,0
1212-3,6,131,hortelanos,492,669,8,1625,437,0,2,0,230,381,0,0,0,4,,0,0
1212-3,6,132,hortelanos,493,672,8,1645,479,0,2,0,230,381,0,0,0,4,,0,0
1212-3,6,133,hortelanos,494,675,8,1746,480,0,0,0,230,381,0,0,0,4,1,40,0
1212-3,6,134,hortelanos,502,679,8,1774,515,0,0,0,230,383,0,2,0,4,,0,0
1212-3,6,135,hortelanos,522,735,9,1775,593,0,0,0,273,426,0,0,0,4,,0,0
1212-3,6,136,hortelanos,522,737,9,1801,645,0,0,0,273,438,0,2,0,4,,0,0
1212-3,6,137,hortelanos,522,739,9,1809,670,0,0,0,239,404,0,0,0,4,,0,0
1212-3,6,138,hortelanos,523,741,9,1842,693,0,0,0,239,404,0,1,0,4,,0,0
1212-3,6,139,hortelanos,691,743,9,1908,727,0,0,0,251,416,0,1,1,5,1,30,0
1212-3,6,140,hortelanos,691,743,9,1943,786,0,0,0,280,447,0,2,0,5,,0,0
1212-3,6,141,hortelanos,691,743,9,1978,853,0,0,0,287,454,0,0,0,5,,0,0
1212-3,6,142,hortelanos,692,747,9,2013,915,0,0,0,287,454,0,1,0,5,,0,0
1212-3,6,143,hortelanos,693,751,9,2048,936,0,0,0,245,412,0,0,0,5,,0,0
1212-3,6,144,hortelanos,694,755,9,2073,955,0,0,0,245,402,0,0,0,5,,0,0
1212-3,6,145,hortelanos,694,759,9,2176,969,0,0,0,245,404,0,0,0,5,1,35,0
1212-3,6,146,hortelanos,704,766,9,2193,983,0,0,0,245,404,0,1,0,5,,0,0
1212-3,6,147,hortelanos,705,773,9,2222,994,0,0,0,245,406,0,0,0,5,,0,0
1212-3,6,148,hortelanos,707,780,9,2251,1002,0,0,0,245,406,0,1,0,5,,0,0
1212-3,6,149,hortelanos,708,785,9,2280,1034,0,0,0,270,438,0,0,0,5,,0,0
1212-3,6,150,hortelanos,716,788,9,2313,1064,0,0,0,270,452,0,0,0,5,,0,0
1212-3,6,151,hortelanos,717,791,9,2408,1089,0,0,0,270,452,0,1,0,5,1,32,0
1212-3,6,152,hortelanos,717,794,9,2429,1164,0,2,0,321,503,0,0,0,5,,0,0
1212-3,6,153,hortelanos,718,798,9,2452,1235,0,4,0,321,505,0,0,0,5,,0,0
1212-3,6,154,hortelanos,719,802,9,2475,1302,0,6,0,321,505,0,0,0,5,,0,0
1212-3,6,155,hortelanos,719,803,9,2498,1443,0,6,0,402,586,0,0,0,5,,0,0
1212-3,6,156,hortelanos,719,803,9,2523,1579,0,8,0,402,588,0,0,0,5,,0,0
1212-3,6,157,hortelanos,719,803,9,2712,1707,0,4,0,402,588,0,0,0,5,1,24,0
1212-3,6,158,hortelanos,719,803,9,2749,1828,0,4,0,402,588,0,0,0,5,,0,0
1212-3,6,159,hortelanos,727,803,9,2796,1942,0,4,0,402,588,0,1,0,5,,0,0
1212-3,6,160,hortelanos,727,803,9,2843,2054,0,4,0,402,588,0,0,0,5,,0,0
1212-3,6,161,hortelanos,727,803,9,2890,2104,0,4,0,342,528,0,0,0,5,,0,0
1212-3,6,162,hortelanos,727,803,9,2937,2152,0,4,0,342,528,0,0,0,5,,0,0
1212-3,6,163,hortelanos,727,803,9,3073,2193,0,4,0,342,528,0,0,0,5,1,34,0
1212-3,6,164,hortelanos,735,803,9,3100,2235,0,4,0,342,528,0,0,0,5,,0,0
1212-3,6,165,hortelanos,735,803,9,3127,2279,0,4,0,342,528,0,0,0,5,,0,0
1212-3,6,166,hortelanos,735,803,9,3154,2322,0,4,0,342,528,0,0,0,5,,0,0
1212-3,6,167,hortelanos,735,803,9,3181,2314,0,4,0,292,478,0,0,0,5,,0,0
1212-3,6,168,hortelanos,735,803,9,3198,2307,0,4,0,292,468,0,0,0,5,,0,0
1212-3,6,169,hortelanos,743,803,9,3343,2250,0,4,0,292,468,0,0,0,5,1,24,0
1212-3,6,170,hortelanos,743,803,9,3360,2246,0,4,0,292,468,0,0,0,5,,0,0
1212-3,6,171,hortelanos,765,873,10,3377,2242,0,4,0,292,468,0,0,0,5,,0,0
1212-3,6,172,hortelanos,765,873,10,3396,2221,0,4,0,292,482,0,0,0,5,,0,0
1212-3,6,173,hortelanos,765,873,10,3415,2229,0,4,0,321,511,0,0,0,5,,0,0
1212-3,6,174,hortelanos,765,873,10,3444,2236,0,4,0,321,521,0,0,0,5,,0,0
1212-3,6,175,hortelanos,765,873,10,3579,2201,0,4,0,321,521,0,0,0,5,1,29,0
1212-3,6,176,hortelanos,765,873,10,3608,2205,0,4,0,321,521,0,2,0,5,,0,0
1212-3,6,177,hortelanos,791,920,11,3627,2227,0,4,0,335,535,0,0,0,5,,0,0
1212-3,6,178,hortelanos,792,925,11,3649,2232,0,4,0,335,543,0,2,0,5,,0,0
1212-3,6,179,hortelanos,793,930,11,3671,2318,0,4,0,416,624,0,0,0,5,,0,0
1212-3,6,180,hortelanos,794,935,11,3695,2397,0,4,0,416,626,0,1,0,5,,0,0
1212-3,6,181,hortelanos,795,940,11,3794,2471,0,0,0,416,626,0,0,0,5,1,29,0
1212-3,6,182,hortelanos,796,946,11,3820,2540,0,0,0,416,628,0,2,0,5,,0,0
1212-3,6,183,hortelanos,797,952,11,3836,2617,0,0,0,425,637,0,0,0,5,,0,0
1212-3,6,184,hortelanos,806,958,11,3864,2685,0,0,0,425,639,0,2,0,5,,0,0
1212-3,6,185,hortelanos,808,965,11,3884,2696,0,0,0,365,581,0,0,0,5,,0,0
1212-3,6,186,hortelanos,809,972,11,3914,2703,0,0,0,365,581,0,1,0,5,,0,0
1212-3,6,187,hortelanos,810,979,11,4084,2659,0,0,0,365,587,0,0,0,5,1,24,0
1212-3,6,188,hortelanos,812,986,11,4118,2662,0,0,0,365,589,0,0,0,5,,0,0
1212-3,6,189,hortelanos,832,1045,12,4154,2667,0,0,0,365,591,0,0,0,5,,0,0
1212-3,6,190,hortelanos,833,1054,12,4187,2654,0,0,0,365,601,0,0,0,5,,0,0
1212-3,6,191,hortelanos,835,1061,12,4220,2595,0,0,0,315,551,0,0,0,5,,0,0
1212-3,6,192,hortelanos,836,1066,12,4247,2537,0,0,0,315,545,0,0,0,5,,0,0
1212-3,6,193,hortelanos,837,1071,12,4254,2507,0,0,0,346,576,0,0,0,5,1,31,0
1212-3,6,194,hortelanos,837,1073,12,4273,2474,0,0,0,346,567,0,0,0,5,,0,0
1212-3,6,195,hortelanos,845,1073,12,4292,2445,0,0,0,350,572,0,2,0,5,,0,0
1212-3,6,196,hortelanos,845,1073,12,4302,2433,0,0,0,362,584,0,0,0,5,,0,0
1212-3,6,197,hortelanos,845,1073,12,4318,2403,0,0,0,347,569,0,0,0,5,,0,0
1212-3,6,198,hortelanos,846,1076,12,4344,2374,0,0,0,347,579,0,2,0,5,,0,0
1212-3,6,199,hortelanos,846,1079,12,4480,2300,0,0,0,347,579,0,0,0,5,1,41,0
1212-3,6,200,hortelanos,855,1082,12,4492,2270,0,2,0,347,585,0,2,0,5,,0,0
1212-3,6,1,mercaderes,39,116,1,468,49,0,0,0,11,43,0,0,0,0,1,4,0
1212-3,6,2,mercaderes,39,116,1,483,28,0,0,0,11,30,0,0,0,0,,0,0
1212-3,6,3,mercaderes,39,116,1,498,8,0,0,0,11,30,0,1,0,0,,0,0
1212-3,6,4,mercaderes,38,116,1,513,0,0,0,0,11,30,1,0,0,0,,0,0
1212-3,6,5,mercaderes,37,116,1,528,0,0,0,0,18,37,1,0,0,0,,0,0
1212-3,6,6,mercaderes,35,113,1,554,0,0,0,0,18,48,1,0,0,0,,0,0
1212-3,6,7,mercaderes,34,110,1,485,0,0,0,0,18,48,1,0,0,0,1,23,0
1212-3,6,8,mercaderes,32,107,1,416,4,0,0,0,18,48,1,0,0,0,,0,0
1212-3,6,9,mercaderes,30,104,1,345,4,0,0,0,18,46,1,0,0,0,,0,0
1212-3,6,10,mercaderes,29,101,1,274,4,0,0,0,16,44,1,0,0,0,,0,0
1212-3,6,11,mercaderes,29,101,1,203,15,0,0,0,32,60,0,0,0,0,,0,0
1212-3,6,12,mercaderes,29,101,1,213,26,0,0,0,32,60,0,0,0,0,,0,0
1212-3,6,13,mercaderes,29,101,1,472,36,0,0,0,32,60,0,0,0,0,1,10,0
1212-3,6,14,mercaderes,29,101,1,452,46,0,0,0,32,60,0,0,0,0,,0,0
1212-3,6,15,mercaderes,29,101,1,462,55,0,0,0,32,60,0,0,0,0,,0,0
1212-3,6,16,mercaderes,29,101,1,486,64,0,0,0,32,60,0,0,0,0,,0,0
1212-3,6,17,mercaderes,29,101,1,510,57,0,0,0,20,48,0,0,0,0,,0,0
1212-3,6,18,mercaderes,29,101,1,534,50,0,0,0,20,48,0,0,0,0,,0,0
1212-3,6,19,mercaderes,29,101,1,586,44,0,0,0,20,48,0,0,0,0,1,18,0
1212-3,6,20,mercaderes,29,101,1,557,45,0,0,0,20,48,0,0,0,0,,0,0
1212-3,6,21,mercaderes,29,101,1,528,46,0,0,0,20,48,0,0,0,0,,0,0
1212-3,6,22,mercaderes,29,101,1,499,49,0,0,0,22,50,0,0,0,0,,0,0
1212-3,6,23,mercaderes,29,101,1,470,41,0,0,0,11,39,0,0,0,0,,0,0
1212-3,6,24,mercaderes,29,101,1,431,33,0,0,0,11,29,0,0,0,0,,0,0
1212-3,6,25,mercaderes,29,101,1,488,26,0,0,0,11,29,0,0,0,0,1,18,0
1212-3,6,26,mercaderes,29,101,1,449,19,0,0,0,11,29,0,0,0,0,,0,0
1212-3,6,27,mercaderes,29,101,1,410,12,0,0,0,11,29,0,0,0,0,,0,0
1212-3,6,28,mercaderes,28,101,1,371,7,0,0,0,11,29,1,0,0,0,,0,0
1212-3,6,29,mercaderes,28,101,1,332,7,0,0,0,18,36,0,0,0,0,,0,0
1212-3,6,30,mercaderes,28,101,1,303,7,0,0,0,18,46,0,0,0,0,,0,0
1212-3,6,31,mercaderes,28,101,1,326,7,0,0,0,18,46,0,0,0,0,1,14,0
1212-3,6,32,mercaderes,28,101,1,255,4,0,0,0,18,46,0,0,0,0,,0,0
1212-3,6,33,mercaderes,27,101,1,235,4,0,0,0,18,46,1,0,0,0,,0,0
1212-3,6,34,mercaderes,26,101,1,251,4,0,0,0,18,46,1,0,0,0,,0,0
1212-3,6,35,mercaderes,26,101,1,275,17,0,0,0,36,64,0,0,0,0,,0,0
1212-3,6,36,mercaderes,26,101,1,299,27,0,0,0,36,64,0,0,0,0,,0,0
1212-3,6,37,mercaderes,26,101,1,372,37,0,0,0,36,64,0,0,0,0,1,14,0
1212-3,6,38,mercaderes,26,101,1,301,51,0,0,0,36,64,0,0,0,0,,0,0
1212-3,6,39,mercaderes,26,101,1,281,64,0,0,0,36,64,0,0,0,0,,0,0
1212-3,6,40,mercaderes,26,101,1,301,76,0,0,0,36,64,0,0,0,0,,0,0
1212-3,6,41,mercaderes,26,101,1,325,72,0,0,0,22,50,0,0,0,0,,0,0
1212-3,6,42,mercaderes,26,101,1,349,67,0,0,0,22,50,0,0,0,0,,0,0
1212-3,6,43,mercaderes,25,97,1,444,52,0,0,0,22,50,0,0,0,0,1,18,0
1212-3,6,44,mercaderes,25,97,1,413,55,0,0,0,22,48,0,0,0,0,,0,0
1212-3,6,45,mercaderes,25,97,1,382,58,0,0,0,22,48,0,0,0,0,,0,0
1212-3,6,46,mercaderes,25,97,1,351,61,0,0,0,22,48,0,0,0,0,,0,0
1212-3,6,47,mercaderes,25,97,1,320,54,0,0,0,11,37,0,0,0,0,,0,0
1212-3,6,48,mercaderes,25,97,1,310,47,0,0,0,11,28,0,0,0,0,,0,0
1212-3,6,49,mercaderes,25,97,1,356,40,0,0,0,11,28,0,0,0,0,1,17,0
1212-3,6,50,mercaderes,25,97,1,316,33,0,0,0,11,28,0,0,0,0,,0,0
1212-3,6,51,mercaderes,25,97,1,276,27,0,0,0,11,28,0,0,0,0,,0,0
1212-3,6,52,mercaderes,25,97,1,236,21,0,0,0,11,28,0,0,0,0,,0,0
1212-3,6,53,mercaderes,25,97,1,216,22,0,0,0,18,35,0,0,0,0,,0,0
1212-3,6,54,mercaderes,25,97,1,234,23,0,0,0,18,44,0,0,0,0,,0,0
1212-3,6,55,mercaderes,25,97,1,231,18,0,0,0,18,44,0,0,0,0,1,11,0
1212-3,6,56,mercaderes,25,97,1,183,16,0,0,0,18,44,0,0,0,0,,0,0
1212-3,6,57,mercaderes,25,97,1,197,14,0,0,0,18,44,0,0,0,0,,0,0
1212-3,6,58,mercaderes,25,97,1,219,10,0,0,0,18,44,0,0,0,0,,0,0
1212-3,6,59,mercaderes,25,97,1,241,22,0,0,0,36,62,0,0,0,0,,0,0
1212-3,6,60,mercaderes,25,97,1,263,33,0,0,0,36,62,0,0,0,0,,0,0
1212-3,6,61,mercaderes,25,97,1,297,44,0,0,0,36,62,0,0,0,0,1,11,0
1212-3,6,62,mercaderes,25,97,1,224,58,0,0,0,36,62,0,0,0,0,,0,0
1212-3,6,63,mercaderes,25,97,1,235,72,0,0,0,36,62,0,0,0,0,,0,0
1212-3,6,64,mercaderes,25,97,1,257,84,0,0,0,36,62,0,0,0,0,,0,0
1212-3,6,65,mercaderes,25,97,1,279,79,0,0,0,22,48,0,0,0,0,,0,0
1212-3,6,66,mercaderes,25,97,1,301,74,0,0,0,22,48,0,0,0,0,,0,0
1212-3,6,67,mercaderes,24,93,1,384,58,0,0,0,22,48,0,0,0,0,1,27,0
1212-3,6,68,mercaderes,42,93,1,353,62,0,0,0,22,48,0,0,0,1,,0,0
1212-3,6,69,mercaderes,42,93,1,322,66,0,0,0,22,48,0,0,0,1,,0,0
1212-3,6,70,mercaderes,57,93,1,291,68,0,0,0,22,48,0,0,0,2,,0,0
1212-3,6,71,mercaderes,65,93,1,290,61,0,0,0,11,37,0,0,0,2,,0,0
1212-3,6,72,mercaderes,65,93,1,299,55,0,0,0,11,28,0,0,0,2,,0,0
1212-3,6,73,mercaderes,65,93,1,333,43,0,0,0,11,28,0,0,0,2,1,17,0
1212-3,6,74,mercaderes,65,93,1,293,35,0,0,0,11,28,0,0,0,2,,0,0
1212-3,6,75,mercaderes,65,93,1,253,28,0,0,0,11,28,0,1,0,2,,0,0
1212-3,6,76,mercaderes,65,93,1,213,23,0,0,0,11,28,0,0,0,2,,0,0
1212-3,6,77,mercaderes,65,93,1,203,25,0,0,0,18,35,0,0,0,2,,0,0
1212-3,6,78,mercaderes,65,93,1,221,27,0,0,0,18,44,0,0,0,2,,0,0
1212-3,6,79,mercaderes,65,93,1,227,23,0,0,0,18,44,0,0,0,2,1,12,0
1212-3,6,80,mercaderes,65,93,1,187,22,0,0,0,18,44,0,0,0,2,,0,0
1212-3,6,81,mercaderes,65,93,1,198,21,0,0,0,18,44,0,0,0,2,,0,0
1212-3,6,82,mercaderes,65,93,1,220,19,0,0,0,18,44,0,0,0,2,,0,0
1212-3,6,83,mercaderes,65,93,1,242,31,0,0,0,36,62,0,0,0,2,,0,0
1212-3,6,84,mercaderes,65,93,1,264,43,0,0,0,36,62,0,0,0,2,,0,0
1212-3,6,85,mercaderes,65,93,1,292,54,0,0,0,36,62,0,0,0,2,1,11,0
1212-3,6,86,mercaderes,65,93,1,219,69,0,0,0,36,62,0,0,0,2,,0,0
1212-3,6,87,mercaderes,65,93,1,227,83,0,0,0,36,62,0,0,0,2,,0,0
1212-3,6,88,mercaderes,65,93,1,249,97,0,0,0,36,62,0,0,0,2,,0,0
1212-3,6,89,mercaderes,65,93,1,271,93,0,0,0,22,48,0,0,0,2,,0,0
1212-3,6,90,mercaderes,65,93,1,293,89,0,0,0,22,48,0,0,0,2,,0,0
1212-3,6,91,mercaderes,65,90,1,377,74,0,0,0,22,48,0,0,0,2,1,26,0
1212-3,6,92,mercaderes,73,90,1,346,79,0,0,0,22,48,0,0,0,2,,0,0
1212-3,6,93,mercaderes,73,90,1,315,83,0,0,0,22,48,0,0,0,2,,0,0
1212-3,6,94,mercaderes,73,90,1,284,87,0,0,0,22,48,0,0,0,2,,0,0
1212-3,6,95,mercaderes,73,90,1,287,79,0,0,0,11,37,0,0,0,2,,0,0
1212-3,6,96,mercaderes,81,90,1,300,72,0,0,0,11,28,0,0,0,2,,0,0
1212-3,6,97,mercaderes,80,86,1,311,49,0,0,0,11,28,0,0,0,2,1,18,0
1212-3,6,98,mercaderes,80,86,1,270,43,0,0,0,11,27,0,0,0,2,,0,0
1212-3,6,99,mercaderes,80,86,1,229,37,0,0,0,11,27,0,1,0,2,,0,0
1212-3,6,100,mercaderes,80,86,1,188,33,0,0,0,11,27,0,0,0,2,,0,0
1212-3,6,101,mercaderes,80,86,1,177,36,0,0,0,18,34,0,0,0,2,,0,0
1212-3,6,102,mercaderes,80,86,1,193,39,0,0,0,18,42,0,0,0,2,,0,0
1212-3,6,103,mercaderes,80,86,1,197,36,0,0,0,18,42,0,0,0,2,1,12,0
1212-3,6,104,mercaderes,80,86,1,181,34,0,0,0,18,42,0,1,0,2,,0,0
1212-3,6,105,mercaderes,80,86,1,193,34,0,0,0,18,42,0,0,0,2,,0,0
1212-3,6,106,mercaderes,80,86,1,213,32,0,0,0,18,42,0,0,0,2,,0,0
1212-3,6,107,mercaderes,81,90,1,233,46,0,0,0,36,60,0,0,0,2,,0,0
1212-3,6,108,mercaderes,81,90,1,255,58,0,0,0,36,62,0,0,0,2,,0,0
1212-3,6,109,mercaderes,81,90,1,263,70,0,0,0,36,62,0,0,0,2,1,13,0
1212-3,6,110,mercaderes,81,90,1,199,85,0,0,0,36,62,0,0,0,2,,0,0
1212-3,6,111,mercaderes,81,90,1,200,100,0,0,0,36,62,0,0,0,2,,0,0
1212-3,6,112,mercaderes,81,90,1,222,114,0,0,0,36,62,0,0,0,2,,0,0
1212-3,6,113,mercaderes,81,90,1,244,110,0,0,0,22,48,0,0,0,2,,0,0
1212-3,6,114,mercaderes,81,90,1,266,106,0,0,0,22,48,0,0,0,2,,0,0
1212-3,6,115,mercaderes,81,90,1,366,100,0,0,0,22,48,0,0,0,2,1,26,0
1212-3,6,116,mercaderes,89,90,1,343,103,0,0,0,22,48,0,0,0,2,,0,0
1212-3,6,117,mercaderes,89,90,1,320,106,0,0,0,22,48,0,0,0,2,,0,0
1212-3,6,118,mercaderes,89,90,1,297,109,0,0,0,22,48,0,0,0,2,,0,0
1212-3,6,119,mercaderes,89,90,1,296,98,0,0,0,11,37,0,0,0,2,,0,0
1212-3,6,120,mercaderes,89,90,1,309,91,0,0,0,11,28,0,0,0,2,,0,0
1212-3,6,121,mercaderes,97,90,1,326,77,0,0,0,11,28,0,0,0,2,1,17,0
1212-3,6,122,mercaderes,97,90,1,286,71,0,0,0,11,28,0,0,0,2,,0,0
1212-3,6,123,mercaderes,97,90,1,246,65,0,0,0,11,28,0,0,0,2,,0,0
1212-3,6,124,mercaderes,97,90,1,206,59,0,0,0,11,28,0,0,0,2,,0,0
1212-3,6,125,mercaderes,97,90,1,186,60,0,0,0,18,35,0,0,0,2,,0,0
1212-3,6,126,mercaderes,97,90,1,204,61,0,0,0,18,44,0,0,0,2,,0,0
1212-3,6,127,mercaderes,97,90,1,207,53,0,0,0,18,44,0,0,0,2,1,15,0
1212-3,6,128,mercaderes,97,90,1,186,52,0,0,0,18,44,0,0,0,2,,0,0
1212-3,6,129,mercaderes,105,90,1,201,51,0,0,0,18,44,0,0,0,2,,0,0
1212-3,6,130,mercaderes,105,90,1,223,48,0,0,0,18,44,0,0,0,2,,0,0
1212-3,6,131,mercaderes,105,90,1,245,60,0,0,0,36,62,0,0,0,2,,0,0
1212-3,6,132,mercaderes,105,90,1,267,72,0,0,0,36,62,0,0,0,2,,0,0
1212-3,6,133,mercaderes,105,90,1,272,83,0,0,0,36,62,0,0,0,2,1,14,0
1212-3,6,134,mercaderes,105,90,1,200,98,0,0,0,36,62,0,0,0,2,,0,0
1212-3,6,135,mercaderes,105,90,1,209,112,0,0,0,36,62,0,0,0,2,,0,0
1212-3,6,136,mercaderes,105,90,1,227,125,0,0,0,36,62,0,0,0,2,,0,0
1212-3,6,137,mercaderes,105,90,1,249,121,0,0,0,22,48,0,0,0,2,,0,0
1212-3,6,138,mercaderes,105,90,1,271,117,0,0,0,22,48,0,0,0,2,,0,0
1212-3,6,139,mercaderes,105,94,1,381,116,0,0,0,22,48,0,0,0,2,1,17,0
1212-3,6,140,mercaderes,105,94,1,350,118,0,0,0,22,48,0,0,0,2,,0,0
1212-3,6,141,mercaderes,105,94,1,319,120,0,0,0,22,48,0,0,0,2,,0,0
1212-3,6,142,mercaderes,105,94,1,298,122,0,0,0,22,48,0,0,0,2,,0,0
1212-3,6,143,mercaderes,105,94,1,313,113,0,0,0,11,37,0,0,0,2,,0,0
1212-3,6,144,mercaderes,105,94,1,326,99,0,0,0,11,28,0,0,0,2,,0,0
1212-3,6,145,mercaderes,105,90,1,330,74,0,0,0,11,28,0,0,0,2,1,17,0
1212-3,6,146,mercaderes,105,90,1,290,68,0,0,0,11,28,0,0,0,2,,0,0
1212-3,6,147,mercaderes,105,90,1,250,62,0,0,0,11,28,0,0,0,2,,0,0
1212-3,6,148,mercaderes,105,90,1,210,56,0,0,0,11,28,0,0,0,2,,0,0
1212-3,6,149,mercaderes,105,90,1,170,57,0,0,0,18,35,0,0,0,2,,0,0
1212-3,6,150,mercaderes,105,90,1,192,58,0,0,0,18,44,0,0,0,2,,0,0
1212-3,6,151,mercaderes,105,90,1,199,44,0,0,0,18,44,0,0,0,2,1,17,0
1212-3,6,152,mercaderes,105,90,1,195,43,0,0,0,18,51,0,0,0,2,,0,0
1212-3,6,153,mercaderes,113,90,1,220,42,0,0,0,18,51,0,0,0,2,,0,0
1212-3,6,154,mercaderes,113,90,1,249,38,0,0,0,18,51,0,0,0,2,,0,0
1212-3,6,155,mercaderes,113,90,1,278,40,0,0,0,25,58,0,0,0,2,,0,0
1212-3,6,156,mercaderes,113,90,1,307,42,0,0,0,25,58,0,0,0,2,,0,0
1212-3,6,157,mercaderes,113,90,1,313,44,0,0,0,25,58,0,0,0,2,1,15,0
1212-3,6,158,mercaderes,113,90,1,247,50,0,0,0,25,58,0,0,0,2,,0,0
1212-3,6,159,mercaderes,113,90,1,232,55,0,0,0,25,58,0,0,0,2,,0,0
1212-3,6,160,mercaderes,113,90,1,250,60,0,0,0,25,58,0,0,0,2,,0,0
1212-3,6,161,mercaderes,113,90,1,279,61,0,0,0,22,55,0,0,0,2,,0,0
1212-3,6,162,mercaderes,113,90,1,308,59,0,0,0,22,55,0,0,0,2,,0,0
1212-3,6,163,mercaderes,113,90,1,429,53,0,0,0,22,55,0,0,0,2,1,22,0
1212-3,6,164,mercaderes,113,90,1,405,58,0,0,0,22,55,0,0,0,2,,0,0
1212-3,6,165,mercaderes,113,90,1,381,63,0,0,0,22,55,0,0,0,2,,0,0
1212-3,6,166,mercaderes,121,90,1,357,68,0,0,0,22,55,0,0,0,2,,0,0
1212-3,6,167,mercaderes,121,90,1,353,62,0,0,0,11,44,0,0,0,2,,0,0
1212-3,6,168,mercaderes,121,90,1,370,56,0,0,0,11,32,0,0,0,2,,0,0
1212-3,6,169,mercaderes,121,90,1,405,44,0,0,0,11,32,0,0,0,2,1,19,0
1212-3,6,170,mercaderes,121,90,1,369,39,0,0,0,11,32,0,0,0,2,,0,0
1212-3,6,171,mercaderes,121,90,1,333,34,0,0,0,11,32,0,0,0,2,,0,0
1212-3,6,172,mercaderes,121,90,1,297,30,0,0,0,11,32,0,0,0,2,,0,0
1212-3,6,173,mercaderes,121,90,1,261,32,0,0,0,18,39,0,0,0,2,,0,0
1212-3,6,174,mercaderes,121,90,1,247,34,0,0,0,18,51,0,0,0,2,,0,0
1212-3,6,175,mercaderes,121,90,1,271,36,0,0,0,18,51,0,0,0,2,1,13,0
1212-3,6,176,mercaderes,121,90,1,230,35,0,0,0,18,51,0,0,0,2,,0,0
1212-3,6,177,mercaderes,121,90,1,245,34,0,0,0,18,51,0,0,0,2,,0,0
1212-3,6,178,mercaderes,121,90,1,266,33,0,0,0,18,51,0,0,0,2,,0,0
1212-3,6,179,mercaderes,121,90,1,295,48,0,0,0,36,69,0,0,0,2,,0,0
1212-3,6,180,mercaderes,121,90,1,324,60,0,0,0,36,69,0,0,0,2,,0,0
1212-3,6,181,mercaderes,121,90,1,310,72,0,0,0,36,69,0,0,0,2,1,15,0
1212-3,6,182,mercaderes,121,90,1,265,88,0,0,0,36,69,0,0,0,2,,0,0
1212-3,6,183,mercaderes,121,90,1,220,103,0,0,0,36,69,0,0,0,2,,0,0
1212-3,6,184,mercaderes,121,90,1,226,118,0,0,0,36,69,0,0,0,2,,0,0
1212-3,6,185,mercaderes,121,90,1,236,125,0,0,0,28,61,0,0,0,2,,0,0
1212-3,6,186,mercaderes,121,90,1,265,130,0,0,0,28,61,0,0,0,2,,0,0
1212-3,6,187,mercaderes,121,90,1,425,124,0,0,0,28,61,0,0,0,2,1,19,0
1212-3,6,188,mercaderes,121,90,1,401,130,0,0,0,28,61,0,0,0,2,,0,0
1212-3,6,189,mercaderes,121,90,1,377,136,0,0,0,28,61,0,0,0,2,,0,0
1212-3,6,190,mercaderes,129,90,1,363,142,0,0,0,28,61,0,0,0,2,,0,0
1212-3,6,191,mercaderes,129,90,1,390,131,0,0,0,11,44,0,0,0,2,,0,0
1212-3,6,192,mercaderes,129,90,1,407,114,0,0,0,11,32,0,0,0,2,,0,0
1212-3,6,193,mercaderes,129,90,1,405,97,0,0,0,11,32,0,0,0,2,1,19,0
1212-3,6,194,mercaderes,129,90,1,367,88,0,0,0,11,32,0,0,0,2,,0,0
1212-3,6,195,mercaderes,129,90,1,331,79,0,0,0,11,32,0,0,0,2,,0,0
1212-3,6,196,mercaderes,129,90,1,293,71,0,0,0,11,32,0,0,0,2,,0,0
1212-3,6,197,mercaderes,129,90,1,257,70,0,0,0,18,39,0,0,0,2,,0,0
1212-3,6,198,mercaderes,129,90,1,233,69,0,0,0,18,51,0,0,0,2,,0,0
1212-3,6,199,mercaderes,129,90,1,267,63,0,0,0,18,51,0,0,0,2,1,16,0
1212-3,6,200,mercaderes,129,90,1,227,55,0,0,0,14,47,0,0,0,2,,0,0
1212-3,6,1,mesta,20,21,1,20,66,0,0,0,4,8,0,0,0,0,1,6,0
1212-3,6,2,mesta,20,21,1,18,60,0,0,0,3,5,0,0,0,0,,0,0
1212-3,6,3,mesta,20,21,1,16,54,0,0,0,3,5,0,0,0,0,,0,0
1212-3,6,4,mesta,20,21,1,14,48,0,0,0,3,5,0,0,0,0,,0,0
1212-3,6,5,mesta,20,22,1,12,45,0,0,0,5,7,0,1,0,0,,0,0
1212-3,6,6,mesta,20,23,1,20,45,0,0,0,6,18,0,0,0,0,,0,0
1212-3,6,7,mesta,20,24,1,28,45,0,0,0,6,18,0,0,0,0,1,1,0
1212-3,6,8,mesta,21,25,1,36,44,0,0,0,6,18,0,0,0,0,,0,0
1212-3,6,9,mesta,21,26,1,44,43,0,0,0,6,18,0,0,0,0,,0,0
1212-3,6,10,mesta,21,27,1,52,42,0,0,0,6,18,0,0,0,0,,0,0
1212-3,6,11,mesta,21,28,1,60,48,0,0,0,13,25,0,0,0,0,,0,0
1212-3,6,12,mesta,21,29,1,68,52,0,0,0,13,25,0,0,0,0,,0,0
1212-3,6,13,mesta,21,26,1,56,47,0,0,0,13,25,0,0,0,0,1,1,0
1212-3,6,14,mesta,21,27,1,64,52,0,0,0,13,25,0,0,0,0,,0,0
1212-3,6,15,mesta,21,28,1,72,57,0,0,0,13,25,0,0,0,0,,0,0
1212-3,6,16,mesta,21,29,1,80,61,0,0,0,13,25,0,0,0,0,,0,0
1212-3,6,17,mesta,22,30,1,88,60,0,0,0,8,20,0,0,0,0,,0,0
1212-3,6,18,mesta,22,31,1,98,59,0,0,0,8,22,0,0,0,0,,0,0
1212-3,6,19,mesta,21,26,1,22,37,0,0,0,8,22,0,0,0,0,1,10,0
1212-3,6,20,mesta,21,27,1,30,40,0,0,0,8,20,0,0,0,0,,0,0
1212-3,6,21,mesta,21,28,1,38,42,0,0,0,8,20,0,0,0,0,,0,0
1212-3,6,22,mesta,21,29,1,46,43,0,0,0,8,20,0,0,0,0,,0,0
1212-3,6,23,mesta,21,29,1,54,40,0,0,0,4,16,0,0,0,0,,0,0
1212-3,6,24,mesta,21,29,1,60,37,0,0,0,4,14,0,0,0,0,,0,0
1212-3,6,25,mesta,21,25,1,57,24,0,0,0,4,14,0,0,0,0,1,3,0
1212-3,6,26,mesta,39,25,1,63,23,0,0,0,4,14,0,0,0,1,,0,0
1212-3,6,27,mesta,39,25,1,69,22,0,0,0,4,14,0,0,0,1,,0,0
1212-3,6,28,mesta,39,25,1,75,21,0,0,0,4,14,0,0,0,1,,0,0
1212-3,6,29,mesta,39,25,1,81,22,0,0,0,6,16,0,0,0,1,,0,0
1212-3,6,30,mesta,39,25,1,89,23,0,0,0,6,18,0,0,0,1,,0,0
1212-3,6,31,mesta,39,25,1,68,24,0,0,0,6,18,0,0,0,1,1,5,0
1212-3,6,32,mesta,39,25,1,66,28,0,0,0,6,18,0,0,0,1,,0,0
1212-3,6,33,mesta,39,25,1,74,26,0,0,0,6,18,0,1,0,1,,0,0
1212-3,6,34,mesta,39,25,1,82,25,4,0,0,5,24,0,0,0,1,,0,0
1212-3,6,35,mesta,39,25,1,90,29,4,0,0,10,29,0,0,0,1,,0,0
1212-3,6,36,mesta,39,26,1,98,33,4,0,0,10,29,0,0,0,1,,0,0
1212-3,6,37,mesta,39,27,1,82,37,0,0,0,10,29,0,0,0,1,1,7,0
1212-3,6,38,mesta,39,28,1,85,43,0,0,0,11,30,0,0,0,1,,0,0
1212-3,6,39,mesta,39,29,1,93,48,0,0,0,11,30,0,0,0,1,,0,0
1212-3,6,40,mesta,40,30,1,101,52,0,0,0,12,32,0,0,0,1,,0,0
1212-3,6,41,mesta,40,31,1,111,51,0,0,0,7,29,0,0,0,1,,0,0
1212-3,6,42,mesta,40,32,1,121,51,0,0,0,8,30,0,0,0,1,,0,0
1212-3,6,43,mesta,40,33,1,240,41,0,0,0,8,31,0,0,0,1,1,17,0
1212-3,6,44,mesta,40,34,1,250,41,0,0,0,8,31,0,0,0,1,,0,0
1212-3,6,45,mesta,41,35,1,260,41,0,0,0,8,31,0,0,0,1,,0,0
1212-3,6,46,mesta,41,35,1,270,41,0,0,0,8,31,0,0,0,1,,0,0
1212-3,6,47,mesta,41,35,1,280,37,0,0,0,4,27,0,0,0,1,,0,0
1212-3,6,48,mesta,41,35,1,287,33,0,0,0,4,24,0,0,0,1,,0,0
1212-3,6,49,mesta,40,33,1,339,29,0,0,0,4,24,0,0,0,1,1,23,0
1212-3,6,50,mesta,48,33,1,299,31,0,0,0,4,24,0,0,0,1,,0,0
1212-3,6,51,mesta,48,33,1,259,30,0,0,0,4,24,0,0,0,1,,0,0
1212-3,6,52,mesta,48,33,1,219,29,0,0,0,4,24,0,1,0,1,,0,0
1212-3,6,53,mesta,48,33,1,188,32,0,0,0,6,26,0,0,0,1,,0,0
1212-3,6,54,mesta,48,33,1,198,35,0,0,0,6,29,0,0,0,1,,0,0
1212-3,6,55,mesta,48,33,1,252,34,0,0,0,6,29,0,0,0,1,1,20,0
1212-3,6,56,mesta,48,33,1,230,34,0,0,0,6,29,0,0,0,1,,0,0
1212-3,6,57,mesta,48,33,1,217,34,0,0,0,6,29,0,0,0,1,,0,0
1212-3,6,58,mesta,138,33,1,227,34,11,0,0,6,29,0,0,0,2,,0,0
1212-3,6,59,mesta,138,34,1,237,40,11,0,0,13,36,0,0,0,2,,0,0
1212-3,6,60,mesta,139,35,1,247,46,11,0,0,13,36,0,0,0,2,,0,0
1212-3,6,61,mesta,139,36,1,394,51,7,0,0,13,36,0,0,0,2,1,22,0
1212-3,6,62,mesta,139,37,1,344,55,3,0,0,13,36,0,0,0,2,,0,0
1212-3,6,63,mesta,139,38,1,294,59,0,0,0,13,36,0,0,0,2,,0,0
1212-3,6,64,mesta,139,39,1,299,63,0,0,0,13,36,0,0,0,2,,0,0
1212-3,6,65,mesta,139,39,1,309,63,0,0,0,8,31,0,0,0,2,,0,0
1212-3,6,66,mesta,139,39,1,319,62,0,0,0,8,31,0,0,0,2,,0,0
1212-3,6,67,mesta,139,39,1,941,52,0,0,0,8,31,0,0,0,2,1,23,0
1212-3,6,68,mesta,139,39,1,888,51,0,0,0,8,31,0,0,0,2,,0,0
1212-3,6,69,mesta,139,39,1,835,50,0,0,0,8,31,0,0,0,2,,0,0
1212-3,6,70,mesta,139,39,1,782,49,0,0,0,8,31,0,0,0,2,,0,0
1212-3,6,71,mesta,139,39,1,792,45,0,0,0,4,27,0,0,0,2,,0,0
1212-3,6,72,mesta,139,39,1,799,41,0,0,0,4,24,0,0,0,2,,0,0
1212-3,6,73,mesta,139,37,1,884,37,0,0,0,4,24,0,0,0,2,1,25,0
1212-3,6,74,mesta,147,37,1,844,39,0,0,0,4,24,0,0,0,2,,0,0
1212-3,6,75,mesta,147,37,1,804,40,0,0,0,4,24,0,0,0,2,,0,0
1212-3,6,76,mesta,147,37,1,764,41,0,0,0,4,24,0,0,0,2,,0,0
1212-3,6,77,mesta,147,37,1,724,44,0,0,0,6,26,0,0,0,2,,0,0
1212-3,6,78,mesta,147,37,1,687,47,0,0,0,6,29,0,0,0,2,,0,0
1212-3,6,79,mesta,147,35,1,701,50,0,0,0,6,29,0,0,0,2,1,33,0
1212-3,6,80,mesta,147,35,1,628,52,0,0,0,6,29,0,0,0,2,,0,0
1212-3,6,81,mesta,147,35,1,555,53,0,0,0,6,29,0,0,0,2,,0,0
1212-3,6,82,mesta,167,35,1,482,54,21,0,0,6,29,0,0,0,2,,0,0
1212-3,6,83,mesta,167,36,1,409,62,21,0,0,13,36,0,0,0,2,,0,0
1212-3,6,84,mesta,167,37,1,336,69,21,0,0,13,36,0,0,0,2,,0,0
1212-3,6,85,mesta,182,38,1,700,75,17,0,0,13,36,0,0,0,3,1,27,0
1212-3,6,86,mesta,182,39,1,650,80,13,0,0,13,36,0,0,0,3,,0,0
1212-3,6,87,mesta,183,40,1,600,85,9,0,0,13,36,0,0,0,3,,0,0
1212-3,6,88,mesta,183,42,1,552,89,5,0,0,13,38,0,0,0,3,,0,0
1212-3,6,89,mesta,183,42,1,529,88,0,0,0,8,33,0,0,0,3,,0,0
1212-3,6,90,mesta,183,42,1,541,87,0,0,0,8,33,0,0,0,3,,0,0
1212-3,6,91,mesta,183,42,1,1567,82,0,0,0,8,33,0,0,0,3,1,27,0
1212-3,6,92,mesta,183,42,1,1516,81,0,0,0,8,33,0,0,0,3,,0,0
1212-3,6,93,mesta,191,42,1,1465,80,0,0,0,8,33,0,0,0,3,,0,0
1212-3,6,94,mesta,191,42,1,1414,79,0,0,0,8,33,0,0,0,3,,0,0
1212-3,6,95,mesta,191,42,1,1363,74,0,0,0,4,29,0,0,0,3,,0,0
1212-3,6,96,mesta,191,42,1,1308,70,0,0,0,4,25,0,0,0,3,,0,0
1212-3,6,97,mesta,191,40,1,1379,67,0,0,0,4,25,0,0,0,3,1,20,0
1212-3,6,98,mesta,191,40,1,1324,66,0,0,0,4,25,0,0,0,3,,0,0
1212-3,6,99,mesta,191,40,1,1269,64,0,0,0,4,25,0,0,0,3,,0,0
1212-3,6,100,mesta,191,40,1,1214,63,0,0,0,4,25,0,0,0,3,,0,0
1212-3,6,101,mesta,191,40,1,1159,64,0,0,0,6,27,0,0,0,3,,0,0
1212-3,6,102,mesta,191,40,1,1108,64,0,0,0,6,31,0,0,0,3,,0,0
1212-3,6,103,mesta,191,40,1,1195,64,0,0,0,6,31,0,0,0,3,1,34,0
1212-3,6,104,mesta,191,40,1,1124,65,0,0,0,6,31,0,0,0,3,,0,0
1212-3,6,105,mesta,191,40,1,1053,66,0,0,0,6,31,0,0,0,3,,0,0
1212-3,6,106,mesta,231,40,1,982,67,44,0,0,6,31,0,0,0,3,,0,0
1212-3,6,107,mesta,231,42,1,911,75,44,0,0,13,38,0,0,0,3,,0,0
1212-3,6,108,mesta,231,44,1,840,83,44,0,0,13,38,0,0,0,3,,0,0
1212-3,6,109,mesta,232,46,1,1206,89,40,0,0,13,38,0,0,0,3,1,30,0
1212-3,6,110,mesta,232,48,1,1158,94,36,0,0,13,38,0,0,0,3,,0,0
1212-3,6,111,mesta,233,50,1,1110,98,32,0,0,13,38,0,0,0,3,,0,0
1212-3,6,112,mesta,233,52,1,1064,102,28,0,0,13,40,0,0,0,3,,0,0
1212-3,6,113,mesta,233,52,1,1018,100,24,0,0,8,35,0,0,0,3,,0,0
1212-3,6,114,mesta,233,52,1,972,98,20,0,0,8,35,0,0,0,3,,0,0
1212-3,6,115,mesta,233,52,1,2139,90,17,0,0,8,35,0,0,0,3,1,40,0
1212-3,6,116,mesta,233,52,1,2121,89,14,0,0,8,35,0,0,0,3,,0,0
1212-3,6,117,mesta,233,52,1,2103,89,11,0,0,8,35,0,0,0,3,,0,0
1212-3,6,118,mesta,233,52,1,2085,89,8,0,0,8,35,0,0,0,3,,0,0
1212-3,6,119,mesta,233,52,1,2067,85,5,0,0,4,31,0,0,0,3,,0,0
1212-3,6,120,mesta,233,52,1,2044,81,2,0,0,4,26,0,0,0,3,,0,0
1212-3,6,121,mesta,233,52,1,2743,77,2,0,0,4,26,0,0,0,3,1,25,0
1212-3,6,122,mesta,241,52,1,2705,76,2,0,0,4,26,0,0,0,3,,0,0
1212-3,6,123,mesta,241,52,1,2667,75,2,0,0,4,26,0,0,0,3,,0,0
1212-3,6,124,mesta,241,52,1,2629,74,2,0,0,4,26,0,0,0,3,,0,0
1212-3,6,125,mesta,241,52,1,2591,75,2,0,0,6,28,0,0,0,3,,0,0
1212-3,6,126,mesta,241,52,1,2558,76,2,0,0,6,33,0,0,0,3,,0,0
1212-3,6,127,mesta,241,52,1,2555,77,2,0,0,6,33,0,0,0,3,1,35,0
1212-3,6,128,mesta,241,52,1,2486,75,2,0,0,6,33,0,0,0,3,,0,0
1212-3,6,129,mesta,241,52,1,2417,72,2,0,0,6,33,0,0,0,3,,0,0
1212-3,6,130,mesta,281,52,1,2348,69,46,0,0,6,33,0,0,0,3,,0,0
1212-3,6,131,mesta,281,54,1,2279,73,46,0,0,13,40,0,0,0,3,,0,0
1212-3,6,132,mesta,281,54,1,2210,77,46,0,0,13,40,0,0,0,3,,0,0
1212-3,6,133,mesta,281,54,1,2453,81,42,0,0,13,40,0,0,0,3,1,32,0
1212-3,6,134,mesta,281,54,1,2411,83,38,0,0,13,40,0,0,0,3,,0,0
1212-3,6,135,mesta,281,54,1,2369,85,34,0,0,13,40,0,0,0,3,,0,0
1212-3,6,136,mesta,281,54,1,2327,87,30,0,0,13,40,0,0,0,3,,0,0
1212-3,6,137,mesta,281,54,1,2285,84,26,0,0,8,35,0,0,0,3,,0,0
1212-3,6,138,mesta,281,54,1,2243,81,22,0,0,8,35,0,0,0,3,,0,0
1212-3,6,139,mesta,282,58,1,3420,78,19,0,0,8,35,0,0,0,3,1,37,0
1212-3,6,140,mesta,282,58,1,3402,74,16,0,0,8,35,0,0,0,3,,0,0
1212-3,6,141,mesta,282,58,1,3384,70,13,0,0,8,35,0,0,0,3,,0,0
1212-3,6,142,mesta,282,58,1,3362,66,10,0,0,8,35,0,0,0,3,,0,0
1212-3,6,143,mesta,282,58,1,3344,59,7,0,0,4,31,0,0,0,3,,0,0
1212-3,6,144,mesta,282,58,1,3319,52,4,0,0,4,26,0,0,0,3,,0,0
1212-3,6,145,mesta,282,58,1,4039,45,1,0,0,4,26,0,0,0,3,1,26,0
1212-3,6,146,mesta,281,58,1,4001,41,1,0,0,4,26,1,0,0,3,,0,0
1212-3,6,147,mesta,280,58,1,3961,44,1,0,0,4,26,1,0,0,3,,0,0
1212-3,6,148,mesta,279,57,1,3923,44,1,0,0,4,26,1,0,0,3,,0,0
1212-3,6,149,mesta,278,56,1,3885,44,1,0,0,6,28,1,0,0,3,,0,0
1212-3,6,150,mesta,277,55,1,3852,44,1,0,0,6,33,1,0,0,3,,0,0
1212-3,6,151,mesta,275,54,1,3999,44,1,0,0,6,33,1,0,0,3,1,36,0
1212-3,6,152,mesta,274,53,1,3930,41,1,0,0,6,33,1,0,0,3,,0,0
1212-3,6,153,mesta,273,52,1,3861,41,1,0,0,6,33,1,0,0,3,,0,0
1212-3,6,154,mesta,322,51,1,3792,41,60,0,0,6,33,1,0,0,3,,0,0
1212-3,6,155,mesta,322,51,1,3723,44,60,0,0,12,38,0,0,0,3,,0,0
1212-3,6,156,mesta,322,51,1,3650,47,60,0,0,12,38,0,0,0,3,,0,0
1212-3,6,157,mesta,322,51,1,3968,50,56,0,0,12,38,0,0,0,3,1,31,0
1212-3,6,158,mesta,322,51,1,3922,53,52,0,0,13,40,0,0,0,3,,0,0
1212-3,6,159,mesta,322,51,1,3876,56,48,0,0,13,40,0,0,0,3,,0,0
1212-3,6,160,mesta,322,51,1,3830,59,44,0,0,13,40,0,0,0,3,,0,0
1212-3,6,161,mesta,322,51,1,3784,57,40,0,0,8,35,0,0,0,3,,0,0
1212-3,6,162,mesta,322,51,1,3738,55,36,0,0,8,35,0,0,0,3,,0,0
1212-3,6,163,mesta,322,51,1,4901,53,33,0,0,8,35,0,0,0,3,1,35,0
1212-3,6,164,mesta,322,51,1,4883,52,30,0,0,8,35,0,0,0,3,,0,0
1212-3,6,165,mesta,322,51,1,4860,51,27,0,0,8,35,0,0,0,3,,0,0
1212-3,6,166,mesta,322,51,1,4842,50,24,0,0,8,35,0,0,0,3,,0,0
1212-3,6,167,mesta,322,51,1,4822,45,21,0,0,4,31,0,0,0,3,,0,0
1212-3,6,168,mesta,321,51,1,4799,41,18,0,0,4,26,1,0,0,3,,0,0
1212-3,6,169,mesta,320,51,1,5559,41,15,0,0,4,26,1,0,0,3,1,30,0
1212-3,6,170,mesta,319,50,1,5536,41,12,0,0,4,26,1,0,0,3,,0,0
1212-3,6,171,mesta,317,49,1,5513,41,9,0,0,4,26,1,0,0,3,,0,0
1212-3,6,172,mesta,316,48,1,5487,41,6,0,0,4,25,1,0,0,3,,0,0
1212-3,6,173,mesta,315,47,1,5463,41,3,0,0,6,27,1,0,0,3,,0,0
1212-3,6,174,mesta,314,46,1,5443,41,0,0,0,6,31,1,0,0,3,,0,0
1212-3,6,175,mesta,313,45,1,6109,41,0,0,0,6,31,1,0,0,3,1,34,0
1212-3,6,176,mesta,311,44,1,6033,41,0,0,0,6,30,1,0,0,3,,0,0
1212-3,6,177,mesta,310,43,1,5962,41,0,0,0,6,30,1,0,0,3,,0,0
1212-3,6,178,mesta,349,42,1,5891,41,50,0,0,7,31,1,0,0,3,,0,0
1212-3,6,179,mesta,349,42,1,5820,45,50,0,0,12,34,0,0,0,3,,0,0
1212-3,6,180,mesta,349,42,1,5749,52,50,0,0,15,39,0,0,0,3,,0,0
1212-3,6,181,mesta,349,42,1,6112,59,46,0,0,15,39,0,0,0,3,1,31,0
1212-3,6,182,mesta,349,42,1,6059,64,42,0,0,15,33,0,0,0,3,,0,0
1212-3,6,183,mesta,349,42,1,6006,69,38,0,0,15,33,0,0,0,3,,0,0
1212-3,6,184,mesta,349,44,1,5953,72,34,0,0,13,32,0,0,0,3,,0,0
1212-3,6,185,mesta,349,44,1,5900,69,30,0,0,8,27,0,0,0,3,,0,0
1212-3,6,186,mesta,349,44,1,5847,66,26,0,0,8,27,0,0,0,3,,0,0
1212-3,6,187,mesta,349,44,1,7032,64,23,0,0,8,27,0,0,0,3,1,36,0
1212-3,6,188,mesta,349,44,1,7007,63,20,0,0,8,27,0,0,0,3,,0,0
1212-3,6,189,mesta,349,44,1,6977,62,17,0,0,8,27,0,0,0,3,,0,0
1212-3,6,190,mesta,349,44,1,6952,61,14,0,0,8,27,0,0,0,3,,0,0
1212-3,6,191,mesta,349,44,1,6927,56,11,0,0,4,23,0,0,0,3,,0,0
1212-3,6,192,mesta,349,44,1,6900,51,8,0,0,4,23,0,0,0,3,,0,0
1212-3,6,193,mesta,349,44,1,7591,46,5,0,0,4,23,0,0,0,3,1,27,0
1212-3,6,194,mesta,349,44,1,7564,41,2,0,0,4,23,0,0,0,3,,0,0
1212-3,6,195,mesta,348,44,1,7524,41,2,0,0,4,23,1,0,0,3,,0,0
1212-3,6,196,mesta,347,44,1,7482,44,2,0,0,4,23,1,0,0,3,,0,0
1212-3,6,197,mesta,347,44,1,7442,44,2,0,0,6,25,0,0,0,3,,0,0
1212-3,6,198,mesta,347,44,1,7405,44,2,0,0,6,28,0,0,0,3,,0,0
1212-3,6,199,mesta,347,44,1,7605,44,2,0,0,6,28,0,0,0,3,1,36,0
1212-3,6,200,mesta,347,44,1,7532,41,2,0,0,6,28,0,0,0,3,,0,0
1212-3,6,1,monjes,27,56,1,18,65,0,0,0,12,24,0,0,0,0,1,5,0
1212-3,6,2,monjes,27,56,1,19,57,0,0,0,12,17,0,0,0,0,,0,0
1212-3,6,3,monjes,27,56,1,20,49,0,0,0,12,17,0,1,0,0,,0,0
1212-3,6,4,monjes,27,58,1,21,49,0,0,0,18,23,0,0,0,0,,0,0
1212-3,6,5,monjes,28,60,1,22,61,0,0,0,30,35,0,1,0,0,,0,0
1212-3,6,6,monjes,28,63,1,38,73,0,0,0,30,50,0,0,0,0,,0,0
1212-3,6,7,monjes,93,61,1,34,75,0,0,0,30,50,0,0,0,1,1,2,0
1212-3,6,8,monjes,93,64,1,50,87,0,0,0,30,50,0,0,0,1,,0,0
1212-3,6,9,monjes,94,67,1,66,97,0,0,0,30,50,0,0,0,1,,0,0
1212-3,6,10,monjes,95,70,1,82,107,0,0,0,30,50,0,0,0,1,,0,0
1212-3,6,11,monjes,95,73,1,100,144,0,0,0,60,82,0,0,0,1,,0,0
1212-3,6,12,monjes,96,76,1,118,179,0,0,0,60,82,0,0,0,1,,0,0
1212-3,6,13,monjes,96,75,1,65,202,0,0,0,60,82,0,0,0,1,1,5,0
1212-3,6,14,monjes,96,78,1,79,235,0,0,0,60,77,0,0,0,1,,0,0
1212-3,6,15,monjes,97,81,1,93,265,0,0,0,60,77,0,0,0,1,,0,0
1212-3,6,16,monjes,98,85,1,109,293,0,0,0,60,79,0,0,0,1,,0,0
1212-3,6,17,monjes,98,89,1,125,297,0,0,0,37,56,0,0,0,1,,0,0
1212-3,6,18,monjes,99,90,1,141,300,0,0,0,37,56,0,0,0,1,,0,0
1212-3,6,19,monjes,99,90,1,99,286,0,0,0,37,57,0,0,0,1,1,25,0
1212-3,6,20,monjes,117,90,1,87,283,0,0,0,37,57,0,0,0,2,,0,0
1212-3,6,21,monjes,117,90,1,104,277,0,0,0,37,57,0,0,0,2,,0,0
1212-3,6,22,monjes,117,90,1,121,271,0,0,0,37,57,0,0,0,2,,0,0
1212-3,6,23,monjes,117,90,1,138,245,0,0,0,18,38,0,0,0,2,,0,0
1212-3,6,24,monjes,125,90,1,149,222,0,0,0,18,32,0,0,0,2,,0,0
1212-3,6,25,monjes,125,90,1,237,193,0,0,0,18,32,0,0,0,2,1,15,0
1212-3,6,26,monjes,125,90,1,212,177,0,0,0,18,32,0,0,0,2,,0,0
1212-3,6,27,monjes,125,90,1,223,157,0,0,0,18,32,0,0,0,2,,0,0
1212-3,6,28,monjes,125,90,1,234,143,0,0,0,18,32,0,0,0,2,,0,0
1212-3,6,29,monjes,125,90,1,245,145,0,0,0,30,44,0,0,0,2,,0,0
1212-3,6,30,monjes,125,90,1,262,147,0,0,0,30,50,0,0,0,2,,0,0
1212-3,6,31,monjes,125,90,1,243,136,0,0,0,30,50,0,0,0,2,1,24,0
1212-3,6,32,monjes,133,90,1,183,139,0,2,0,30,50,0,0,0,2,,0,0
1212-3,6,33,monjes,133,90,1,178,142,0,3,0,30,50,0,0,0,2,,0,0
1212-3,6,34,monjes,133,90,1,195,147,0,0,0,30,50,0,0,0,2,,0,0
1212-3,6,35,monjes,141,90,1,212,178,0,0,0,60,80,0,0,0,2,,0,0
1212-3,6,36,monjes,141,90,1,229,208,0,0,0,60,80,0,0,0,2,,0,0
1212-3,6,37,monjes,141,90,1,181,233,0,0,0,60,80,0,0,0,2,1,11,0
1212-3,6,38,monjes,141,90,1,132,257,0,2,0,60,80,0,0,0,2,,0,0
1212-3,6,39,monjes,141,90,1,139,284,0,2,0,60,80,0,0,0,2,,0,0
1212-3,6,40,monjes,141,90,1,156,310,0,2,0,60,80,0,0,0,2,,0,0
1212-3,6,41,monjes,141,90,1,173,312,0,2,0,37,57,0,0,0,2,,0,0
1212-3,6,42,monjes,141,90,1,190,314,0,2,0,37,57,0,0,0,2,,0,0
1212-3,6,43,monjes,141,90,1,209,298,0,2,0,37,57,0,0,0,2,1,29,0
1212-3,6,44,monjes,149,90,1,166,297,0,2,0,37,57,0,0,0,2,,0,0
1212-3,6,45,monjes,149,90,1,183,290,0,2,0,37,57,0,0,0,2,,0,0
1212-3,6,46,monjes,149,90,1,200,283,0,2,0,37,57,0,0,0,2,,0,0
1212-3,6,47,monjes,149,90,1,217,257,0,2,0,18,38,0,0,0,2,,0,0
1212-3,6,48,monjes,157,90,1,228,233,0,2,0,18,32,0,0,0,2,,0,0
1212-3,6,49,monjes,156,85,1,313,193,0,2,0,18,32,0,0,0,2,1,21,0
1212-3,6,50,monjes,156,85,1,253,180,0,2,0,18,31,0,0,0,2,,0,0
1212-3,6,51,monjes,185,90,2,243,162,0,2,0,18,31,0,0,0,3,,0,0
1212-3,6,52,monjes,185,90,2,248,138,0,2,0,18,31,0,0,0,3,,0,0
1212-3,6,53,monjes,186,95,2,253,132,0,2,0,30,43,0,0,0,3,,0,0
1212-3,6,54,monjes,186,97,2,264,134,0,2,0,30,49,0,0,0,3,,0,0
1212-3,6,55,monjes,185,93,2,300,89,0,0,0,30,50,0,0,0,3,1,31,0
1212-3,6,56,monjes,193,94,2,256,98,0,0,0,30,50,0,1,0,3,,0,0
1212-3,6,57,monjes,290,139,3,202,113,0,0,0,35,55,0,0,0,4,,0,0
1212-3,6,58,monjes,291,144,3,179,112,0,0,0,35,63,0,1,0,4,,0,0
1212-3,6,59,monjes,300,147,3,194,143,0,0,0,65,95,0,0,0,4,,0,0
1212-3,6,60,monjes,301,150,3,209,165,0,0,0,66,97,0,1,0,4,,0,0
1212-3,6,61,monjes,301,153,3,180,188,0,0,0,67,98,0,0,0,4,1,14,0
1212-3,6,62,monjes,302,156,3,134,228,0,2,0,85,113,0,1,0,4,,0,0
1212-3,6,63,monjes,302,159,3,140,268,0,2,0,87,118,0,1,0,4,,0,0
1212-3,6,64,monjes,303,160,3,155,306,0,2,0,87,119,0,0,0,4,,0,0
1212-3,6,65,monjes,303,161,3,171,309,0,2,0,55,88,0,0,0,4,,0,0
1212-3,6,66,monjes,303,162,3,187,313,0,2,0,57,90,0,0,0,4,,0,0
1212-3,6,67,monjes,303,164,3,134,262,0,2,0,57,90,0,0,0,4,1,27,0
1212-3,6,68,monjes,304,167,3,99,262,0,2,0,59,91,0,1,0,4,,0,0
1212-3,6,69,monjes,324,226,4,114,272,0,2,0,72,105,0,0,0,4,,0,0
1212-3,6,70,monjes,325,230,4,118,263,0,2,0,72,116,0,0,0,4,,0,0
1212-3,6,71,monjes,325,230,4,139,225,0,2,0,40,86,0,0,0,4,,0,0
1212-3,6,72,monjes,325,230,4,154,188,0,2,0,40,80,0,1,0,4,,0,0
1212-3,6,73,monjes,323,223,4,195,115,0,2,0,47,87,0,0,0,4,1,18,0
1212-3,6,74,monjes,323,223,4,156,108,0,2,0,47,82,0,0,0,4,,0,0
1212-3,6,75,monjes,340,268,5,168,102,0,0,0,47,82,0,1,0,4,,0,0
1212-3,6,76,monjes,341,273,5,181,77,0,0,0,47,94,0,1,0,4,,0,0
1212-3,6,77,monjes,342,278,5,196,83,0,0,0,77,126,0,0,0,4,,0,0
1212-3,6,78,monjes,344,285,5,217,86,0,0,0,77,132,0,1,0,4,,0,0
1212-3,6,79,monjes,344,286,5,141,48,0,0,0,79,135,0,0,0,4,1,19,0
1212-3,6,80,monjes,345,292,5,117,58,0,2,0,79,132,0,0,0,4,,0,0
1212-3,6,81,monjes,355,304,6,154,106,0,0,0,80,134,0,1,0,4,,0,0
1212-3,6,82,monjes,357,311,6,173,111,0,0,0,81,137,0,0,0,4,,0,0
1212-3,6,83,monjes,358,318,6,180,168,0,0,0,141,197,0,0,0,4,,0,0
1212-3,6,84,monjes,359,324,6,199,220,0,0,0,142,198,0,1,0,4,,0,0
1212-3,6,85,monjes,361,330,6,154,293,0,0,0,170,229,0,0,0,4,1,18,0
1212-3,6,86,monjes,362,336,6,143,359,0,2,0,170,230,0,1,0,4,,0,0
1212-3,6,87,monjes,363,342,6,142,440,0,2,0,190,250,0,0,0,4,,0,0
1212-3,6,88,monjes,364,348,6,162,523,0,2,0,190,251,0,1,0,4,,0,0
1212-3,6,89,monjes,366,357,6,186,536,0,2,0,123,186,0,1,0,4,,0,0
1212-3,6,90,monjes,368,367,6,200,548,0,2,0,123,189,0,0,0,4,,0,0
1212-3,6,91,monjes,369,372,6,203,507,0,2,0,124,192,0,1,0,4,1,35,0
1212-3,6,92,monjes,379,382,6,187,528,0,2,0,136,204,0,1,0,4,,0,0
1212-3,6,93,monjes,390,397,7,202,589,0,2,0,137,205,0,0,0,4,,0,0
1212-3,6,94,monjes,391,403,7,225,592,0,2,0,138,207,0,1,0,4,,0,0
1212-3,6,95,monjes,399,403,7,252,543,0,2,0,82,152,0,0,0,4,,0,0
1212-3,6,96,monjes,399,403,7,273,494,0,2,0,82,146,0,0,0,4,,0,0
1212-3,6,97,monjes,398,398,7,334,409,0,2,0,82,146,0,0,0,4,1,31,0
1212-3,6,98,monjes,398,398,7,310,376,0,2,0,82,146,0,0,0,4,,0,0
1212-3,6,99,monjes,407,403,8,316,382,0,2,0,82,146,0,1,0,4,,0,0
1212-3,6,100,monjes,407,403,8,271,350,0,2,0,83,147,0,1,0,4,,0,0
1212-3,6,101,monjes,409,410,8,261,352,0,2,0,119,183,0,0,0,4,,0,0
1212-3,6,102,monjes,410,418,8,276,351,0,2,0,121,193,0,1,0,4,,0,0
1212-3,6,103,monjes,412,426,8,364,350,0,2,0,121,193,0,1,0,4,1,32,0
1212-3,6,104,monjes,413,434,8,336,354,0,2,0,125,191,0,1,0,4,,0,0
1212-3,6,105,monjes,423,442,8,294,365,0,2,0,133,200,0,0,0,4,,0,0
1212-3,6,106,monjes,425,450,8,268,374,0,2,0,135,203,0,1,0,4,,0,0
1212-3,6,107,monjes,427,460,8,246,486,0,2,0,244,316,0,0,0,4,,0,0
1212-3,6,108,monjes,429,470,8,269,588,0,2,0,249,322,0,1,0,4,,0,0
1212-3,6,109,monjes,431,480,8,341,647,0,2,0,246,322,0,0,0,4,1,24,0
1212-3,6,110,monjes,433,490,8,321,749,0,2,0,252,328,0,0,0,4,,0,0
1212-3,6,111,monjes,453,553,9,303,847,0,2,0,254,332,0,0,0,4,,0,0
1212-3,6,112,monjes,456,566,9,286,928,0,2,0,258,346,0,1,0,4,,0,0
1212-3,6,113,monjes,458,579,9,290,922,0,2,0,174,264,0,0,0,4,,0,0
1212-3,6,114,monjes,461,592,9,315,909,0,2,0,174,264,0,0,0,4,,0,0
1212-3,6,115,monjes,463,604,9,367,896,0,2,0,175,266,0,0,0,4,1,28,0
1212-3,6,116,monjes,464,609,9,330,878,0,2,0,176,267,0,2,0,4,,0,0
1212-3,6,117,monjes,474,618,9,285,885,0,2,0,201,294,0,1,0,4,,0,0
1212-3,6,118,monjes,476,627,9,280,887,0,2,0,201,294,0,1,0,4,,0,0
1212-3,6,119,monjes,476,627,9,316,813,0,2,0,126,223,0,0,0,4,,0,0
1212-3,6,120,monjes,476,627,9,342,741,0,2,0,126,217,0,0,0,4,,0,0
1212-3,6,121,monjes,476,627,9,468,677,0,2,0,126,217,0,1,0,4,1,29,0
1212-3,6,122,monjes,476,627,9,453,623,0,2,0,126,217,0,0,0,4,,0,0
1212-3,6,123,monjes,484,627,9,438,571,0,2,0,126,217,0,0,0,4,,0,0
1212-3,6,124,monjes,484,627,9,423,521,0,2,0,126,217,0,0,0,4,,0,0
1212-3,6,125,monjes,486,639,9,408,517,0,2,0,174,265,0,0,0,4,,0,0
1212-3,6,126,monjes,489,651,9,399,510,0,2,0,174,272,0,1,0,4,,0,0
1212-3,6,127,monjes,491,663,9,462,502,0,2,0,175,275,0,0,0,4,1,30,0
1212-3,6,128,monjes,494,675,9,455,492,0,2,0,176,276,0,1,0,4,,0,0
1212-3,6,129,monjes,504,687,9,449,482,0,2,0,177,278,0,0,0,4,,0,0
1212-3,6,130,monjes,507,701,9,447,470,0,2,0,177,282,0,0,0,4,,0,0
1212-3,6,131,monjes,510,715,9,435,577,0,2,0,305,410,0,0,0,4,,0,0
1212-3,6,132,monjes,512,727,9,436,675,0,2,0,305,413,0,1,0,4,,0,0
1212-3,6,133,monjes,514,739,9,561,769,0,2,0,305,423,0,0,0,4,1,25,0
1212-3,6,134,monjes,517,751,9,566,856,0,2,0,305,423,0,0,0,4,,0,0
1212-3,6,135,monjes,520,768,9,574,935,0,2,0,305,426,0,1,0,4,,0,0
1212-3,6,136,monjes,524,785,9,582,1008,0,2,0,305,426,0,0,0,4,,0,0
1212-3,6,137,monjes,527,803,9,592,979,0,2,0,206,329,0,0,0,4,,0,0
1212-3,6,138,monjes,531,821,9,604,945,0,2,0,206,331,0,1,0,4,,0,0
1212-3,6,139,monjes,532,827,9,739,908,0,2,0,206,334,0,0,0,4,1,29,0
1212-3,6,140,monjes,532,827,9,755,873,0,2,0,206,335,0,0,0,4,,0,0
1212-3,6,141,monjes,540,827,9,771,840,0,2,0,206,335,0,0,0,4,,0,0
1212-3,6,142,monjes,540,827,9,787,808,0,2,0,206,335,0,0,0,4,,0,0
1212-3,6,143,monjes,540,827,9,803,702,0,2,0,128,257,0,0,0,4,,0,0
1212-3,6,144,monjes,540,827,9,813,601,0,2,0,128,251,0,0,0,4,,0,0
1212-3,6,145,monjes,540,827,9,893,502,0,2,0,128,251,0,0,0,4,1,35,0
1212-3,6,146,monjes,548,827,9,903,409,0,2,0,128,251,0,0,0,4,,0,0
1212-3,6,147,monjes,548,827,9,913,319,0,2,0,128,251,0,0,0,4,,0,0
1212-3,6,148,monjes,548,827,9,923,231,0,2,0,128,251,0,0,0,4,,0,0
1212-3,6,149,monjes,548,827,9,933,195,0,2,0,177,300,0,0,0,4,,0,0
1212-3,6,150,monjes,556,827,9,949,161,0,2,0,177,306,0,0,0,4,,0,0
1212-3,6,151,monjes,556,827,9,1024,131,0,2,0,177,306,0,0,0,4,1,20,0
1212-3,6,152,monjes,556,827,9,1029,89,0,0,0,158,287,0,0,0,4,,0,0
1212-3,6,153,monjes,556,827,9,1034,47,0,0,0,158,287,0,0,0,4,,0,0
1212-3,6,154,monjes,555,827,9,1039,7,0,0,0,158,287,1,0,0,4,,0,0
1212-3,6,155,monjes,558,841,9,1044,54,0,0,0,247,376,0,0,0,4,,0,0
1212-3,6,156,monjes,560,852,9,1049,95,0,0,0,247,376,0,0,0,4,,0,0
1212-3,6,157,monjes,561,856,9,1068,131,0,0,0,247,380,0,0,0,4,1,29,0
1212-3,6,158,monjes,562,861,9,1027,154,0,2,0,247,382,0,4,0,4,,0,0
1212-3,6,159,monjes,563,867,9,999,243,0,4,0,311,447,0,1,0,4,,0,0
1212-3,6,160,monjes,564,874,9,973,339,0,4,0,321,459,0,0,0,4,,0,0
1212-3,6,161,monjes,566,881,9,947,352,0,4,0,241,379,0,0,0,4,,0,0
1212-3,6,162,monjes,567,888,9,921,363,0,4,0,241,379,0,0,0,4,,0,0
1212-3,6,163,monjes,569,895,9,1143,330,0,6,0,241,381,0,0,0,4,1,25,0
1212-3,6,164,monjes,570,902,9,1170,336,0,6,0,241,381,0,0,0,4,,0,0
1212-3,6,165,monjes,591,966,10,1198,339,0,6,0,241,382,0,0,0,4,,0,0
1212-3,6,166,monjes,591,966,10,1228,327,0,6,0,241,393,0,0,0,4,,0,0
1212-3,6,167,monjes,591,966,10,1258,226,0,1,0,143,295,0,0,0,4,,0,0
1212-3,6,168,monjes,591,966,10,1282,124,0,1,0,143,289,0,0,0,4,,0,0
1212-3,6,169,monjes,589,962,10,1409,44,0,1,0,143,289,1,0,0,4,1,28,0
1212-3,6,170,monjes,588,962,10,1422,47,0,1,0,143,286,1,0,0,4,,0,0
1212-3,6,171,monjes,582,939,10,1435,47,0,1,0,143,286,1,0,0,4,,0,0
1212-3,6,172,monjes,577,916,10,1437,47,0,1,0,143,275,1,0,0,4,,0,0
1212-3,6,173,monjes,571,893,10,1439,47,0,1,0,201,333,1,0,0,4,,0,0
1212-3,6,174,monjes,566,870,10,1443,47,0,1,0,201,335,1,0,0,4,,0,0
1212-3,6,175,monjes,560,847,10,1545,47,0,1,0,201,331,1,0,0,4,1,19,0
1212-3,6,176,monjes,555,825,10,1549,47,0,2,0,201,331,1,0,0,4,,0,0
1212-3,6,177,monjes,555,825,10,1383,5,0,2,0,201,327,0,0,0,4,,0,0
1212-3,6,178,monjes,555,825,10,1379,26,0,2,0,226,352,0,2,0,4,,0,0
1212-3,6,179,monjes,579,909,11,1379,258,0,2,0,443,569,0,0,0,4,,0,0
1212-3,6,180,monjes,588,954,11,1381,461,0,3,0,443,580,0,0,0,4,,0,0
1212-3,6,181,monjes,597,995,11,1424,642,0,3,0,443,588,0,0,0,4,1,31,0
1212-3,6,182,monjes,603,1025,11,1438,799,0,3,0,443,586,0,2,0,4,,0,0
1212-3,6,183,monjes,605,1036,11,1468,969,0,3,0,467,622,0,0,0,4,,0,0
1212-3,6,184,monjes,607,1045,11,1495,1077,0,3,0,412,568,0,0,0,4,,0,0
1212-3,6,185,monjes,608,1050,11,1522,1072,0,3,0,301,458,0,0,0,4,,0,0
1212-3,6,186,monjes,609,1056,11,1557,1066,0,3,0,301,461,0,0,0,4,,0,0
1212-3,6,187,monjes,610,1062,11,1662,1056,0,3,0,301,461,0,0,0,4,1,30,0
1212-3,6,188,monjes,611,1068,11,1693,1048,0,3,0,301,461,0,0,0,4,,0,0
1212-3,6,189,monjes,620,1074,11,1724,1038,0,3,0,301,461,0,0,0,4,,0,0
1212-3,6,190,monjes,622,1080,11,1761,1028,0,3,0,301,463,0,0,0,4,,0,0
1212-3,6,191,monjes,622,1080,11,1796,889,0,3,0,169,331,0,0,0,4,,0,0
1212-3,6,192,monjes,622,1080,11,1825,756,0,3,0,169,325,0,0,0,4,,0,0
1212-3,6,193,monjes,622,1080,11,1924,626,0,3,0,169,325,0,0,0,4,1,30,0
1212-3,6,194,monjes,622,1080,11,1952,504,0,3,0,169,325,0,0,0,4,,0,0
1212-3,6,195,monjes,630,1080,11,1981,386,0,3,0,169,325,0,0,0,4,,0,0
1212-3,6,196,monjes,630,1080,11,2002,273,0,3,0,169,325,0,0,0,4,,0,0
1212-3,6,197,monjes,630,1080,11,2033,226,0,3,0,235,391,0,0,0,4,,0,0
1212-3,6,198,monjes,630,1080,11,2066,181,0,3,0,235,397,0,1,0,4,,0,0
1212-3,6,199,monjes,630,1080,11,2158,146,0,0,0,235,400,0,0,0,4,1,19,0
1212-3,6,200,monjes,630,1080,11,2180,112,0,0,0,235,400,0,0,0,4,,0,0
1212-3,6,1,salineros,27,56,1,3,72,0,13,0,17,36,0,0,0,0,1,6,0
1212-3,6,2,salineros,27,56,1,4,71,0,16,0,17,29,0,0,0,0,,0,0
1212-3,6,3,salineros,27,56,1,5,70,0,19,0,17,29,0,0,0,0,,0,0
1212-3,6,4,salineros,27,56,1,6,69,0,22,0,17,29,0,0,0,0,,0,0
1212-3,6,5,salineros,27,58,1,7,68,0,25,0,17,29,0,2,0,0,,0,0
1212-3,6,6,salineros,28,60,1,21,71,0,36,0,17,50,0,0,0,0,,0,0
1212-3,6,7,salineros,27,58,1,17,63,0,36,0,17,51,0,0,0,0,1,6,0
1212-3,6,8,salineros,28,60,1,31,66,0,36,0,17,49,0,0,0,0,,0,0
1212-3,6,9,salineros,28,60,1,47,68,0,46,0,17,51,0,0,0,0,,0,0
1212-3,6,10,salineros,43,60,1,63,70,0,55,0,17,50,0,0,0,1,,0,0
1212-3,6,11,salineros,43,60,1,79,80,0,64,0,25,58,0,0,0,1,,0,0
1212-3,6,12,salineros,43,60,1,95,90,0,73,0,25,58,0,0,0,1,,0,0
1212-3,6,13,salineros,42,58,1,284,88,0,74,0,25,57,0,0,0,1,1,24,0
1212-3,6,14,salineros,61,60,1,298,99,0,72,0,25,55,0,0,0,2,,0,0
1212-3,6,15,salineros,61,60,1,314,109,0,69,0,25,57,0,0,0,2,,0,0
1212-3,6,16,salineros,61,60,1,330,115,0,64,0,25,57,0,0,0,2,,0,0
1212-3,6,17,salineros,69,60,1,346,121,0,60,0,21,52,0,0,0,2,,0,0
1212-3,6,18,salineros,69,60,1,362,127,0,56,0,21,52,0,0,0,2,,0,0
1212-3,6,19,salineros,68,58,1,954,123,0,59,0,21,52,0,0,0,2,1,19,0
1212-3,6,20,salineros,69,60,1,921,130,0,61,0,21,49,0,0,0,2,,0,0
1212-3,6,21,salineros,69,60,1,890,136,0,63,0,21,51,0,0,0,2,,0,0
1212-3,6,22,salineros,69,60,1,859,142,0,65,0,21,51,0,0,0,2,,0,0
1212-3,6,23,salineros,69,60,1,828,144,0,66,0,17,46,0,0,0,2,,0,0
1212-3,6,24,salineros,69,60,1,791,146,0,67,0,17,40,0,0,0,2,,0,0
1212-3,6,25,salineros,69,60,1,1003,132,0,68,0,17,40,0,0,0,2,1,29,0
1212-3,6,26,salineros,69,60,1,966,134,0,69,0,17,40,0,0,0,2,,0,0
1212-3,6,27,salineros,77,60,1,929,136,0,69,0,17,39,0,0,0,2,,0,0
1212-3,6,28,salineros,77,60,1,892,138,0,69,0,17,39,0,0,0,2,,0,0
1212-3,6,29,salineros,77,60,1,855,142,0,69,0,19,41,0,0,0,2,,0,0
1212-3,6,30,salineros,77,60,1,824,146,0,68,0,19,46,0,0,0,2,,0,0
1212-3,6,31,salineros,77,60,1,1095,150,0,67,0,19,46,0,0,0,2,1,18,0
1212-3,6,32,salineros,77,60,1,1064,154,0,65,0,19,46,0,0,0,2,,0,0
1212-3,6,33,salineros,77,60,1,1033,158,0,62,0,19,45,0,0,0,2,,0,0
1212-3,6,34,salineros,77,60,1,1002,162,0,59,0,19,45,0,0,0,2,,0,0
1212-3,6,35,salineros,77,60,1,971,172,0,56,0,25,51,0,0,0,2,,0,0
1212-3,6,36,salineros,77,60,1,940,182,0,53,0,25,51,0,0,0,2,,0,0
1212-3,6,37,salineros,77,60,1,1228,185,0,47,0,25,51,0,0,0,2,1,29,0
1212-3,6,38,salineros,77,60,1,1217,192,0,44,0,25,51,0,0,0,2,,0,0
1212-3,6,39,salineros,77,60,1,1206,199,0,40,0,25,51,0,0,0,2,,0,0
1212-3,6,40,salineros,85,60,1,1195,206,0,36,0,25,51,0,0,0,2,,0,0
1212-3,6,41,salineros,85,60,1,1184,209,0,32,0,21,47,0,0,0,2,,0,0
1212-3,6,42,salineros,85,60,1,1173,212,0,28,0,21,47,0,0,0,2,,0,0
1212-3,6,43,salineros,85,60,1,1475,215,0,24,0,21,47,0,0,0,2,1,22,0
1212-3,6,44,salineros,85,60,1,1464,218,0,20,0,21,47,0,0,0,2,,0,0
1212-3,6,45,salineros,85,60,1,1453,221,0,16,0,21,47,0,0,0,2,,0,0
1212-3,6,46,salineros,85,60,1,1442,224,0,12,0,21,47,0,0,0,2,,0,0
1212-3,6,47,salineros,85,60,1,1411,223,0,11,0,17,43,0,0,0,2,,0,0
1212-3,6,48,salineros,85,60,1,1374,222,0,10,0,17,37,0,0,0,2,,0,0
1212-3,6,49,salineros,85,60,1,1529,202,0,9,0,17,37,0,0,0,2,1,29,0
1212-3,6,50,salineros,85,60,1,1492,201,0,8,0,17,37,0,0,0,2,,0,0
1212-3,6,51,salineros,85,60,1,1455,200,0,7,0,17,37,0,0,0,2,,0,0
1212-3,6,52,salineros,85,60,1,1418,199,0,6,0,17,37,0,0,0,2,,0,0
1212-3,6,53,salineros,93,60,1,1381,200,0,5,0,19,39,0,0,0,2,,0,0
1212-3,6,54,salineros,93,60,1,1350,201,0,4,0,19,45,0,0,0,2,,0,0
1212-3,6,55,salineros,93,60,1,1443,146,0,4,0,19,45,0,0,0,2,1,24,0
1212-3,6,56,salineros,93,60,1,1426,145,0,5,0,19,45,0,0,0,2,,0,0
1212-3,6,57,salineros,132,115,2,1409,144,0,6,0,19,45,0,0,0,3,,0,0
1212-3,6,58,salineros,132,115,2,1395,126,0,7,0,19,55,0,0,0,3,,0,0
1212-3,6,59,salineros,132,115,2,1381,118,0,8,0,25,61,0,0,0,3,,0,0
1212-3,6,60,salineros,132,115,2,1367,110,0,9,0,25,61,0,0,0,3,,0,0
1212-3,6,61,salineros,132,115,2,1441,105,0,8,0,25,61,0,0,0,3,1,29,0
1212-3,6,62,salineros,132,115,2,1395,105,0,10,0,25,61,0,2,0,3,,0,0
1212-3,6,63,salineros,140,117,2,1309,132,0,11,0,48,84,0,0,0,3,,0,0
1212-3,6,64,salineros,140,119,2,1263,152,0,12,0,48,84,0,3,0,3,,0,0
1212-3,6,65,salineros,141,120,2,1187,173,0,12,0,43,82,0,0,0,3,,0,0
1212-3,6,66,salineros,141,120,2,1143,189,0,12,0,43,84,0,2,0,3,,0,0
1212-3,6,67,salineros,141,120,2,1189,221,0,7,0,67,108,0,0,0,3,1,25,0
1212-3,6,68,salineros,141,120,2,1134,254,0,1,0,67,108,0,0,0,3,,0,0
1212-3,6,69,salineros,141,120,2,1079,251,0,1,0,30,71,0,0,0,3,,0,0
1212-3,6,70,salineros,141,120,2,1024,248,0,1,0,30,71,0,0,0,3,,0,0
1212-3,6,71,salineros,141,120,2,987,234,0,2,0,19,60,0,0,0,3,,0,0
1212-3,6,72,salineros,141,120,2,951,236,0,1,0,32,67,0,0,0,3,,0,0
1212-3,6,73,salineros,141,120,2,953,186,0,3,0,19,54,0,0,0,3,1,25,0
1212-3,6,74,salineros,149,120,2,859,185,0,7,0,32,67,0,0,0,3,,0,0
1212-3,6,75,salineros,201,190,3,765,208,0,6,0,56,91,0,0,0,4,,0,0
1212-3,6,76,salineros,201,190,3,676,214,0,5,0,56,105,0,0,0,4,,0,0
1212-3,6,77,salineros,201,190,3,587,217,0,6,0,53,102,0,0,0,4,,0,0
1212-3,6,78,salineros,201,190,3,504,232,0,5,0,65,120,0,0,0,4,,0,0
1212-3,6,79,salineros,201,190,3,671,235,0,6,0,53,108,0,0,0,4,1,35,0
1212-3,6,80,salineros,201,193,3,631,260,0,1,0,76,131,0,2,0,4,,0,0
1212-3,6,81,salineros,201,193,3,591,247,0,3,0,35,90,0,0,0,4,,0,0
1212-3,6,82,salineros,202,196,3,551,247,0,3,0,52,107,0,2,0,4,,0,0
1212-3,6,83,salineros,202,199,3,511,272,0,2,0,74,129,0,0,0,4,,0,0
1212-3,6,84,salineros,203,202,3,471,297,0,1,0,74,129,0,0,0,4,,0,0
1212-3,6,85,salineros,204,206,3,567,302,0,1,0,57,114,0,0,0,4,1,32,0
1212-3,6,86,salineros,205,210,3,538,300,0,1,0,57,114,0,2,0,4,,0,0
1212-3,6,87,salineros,205,214,3,511,320,0,1,0,76,135,0,0,0,4,,0,0
1212-3,6,88,salineros,206,218,3,484,339,0,1,0,76,135,0,0,0,4,,0,0
1212-3,6,89,salineros,206,218,3,457,334,0,1,0,53,112,0,0,0,4,,0,0
1212-3,6,90,salineros,206,218,3,430,329,0,1,0,53,112,0,0,0,4,,0,0
1212-3,6,91,salineros,206,218,3,545,320,0,1,0,53,112,0,0,0,4,1,34,0
1212-3,6,92,salineros,206,218,3,509,317,0,1,0,53,112,0,0,0,4,,0,0
1212-3,6,93,salineros,206,218,3,473,316,0,1,0,53,112,0,0,0,4,,0,0
1212-3,6,94,salineros,206,218,3,437,315,0,1,0,53,112,0,0,0,4,,0,0
1212-3,6,95,salineros,214,218,3,401,294,0,2,0,33,92,0,0,0,4,,0,0
1212-3,6,96,salineros,214,218,3,397,286,0,1,0,50,103,0,0,0,4,,0,0
1212-3,6,97,salineros,214,218,3,502,264,0,2,0,33,86,0,0,0,4,1,28,0
1212-3,6,98,salineros,214,218,3,460,260,0,1,0,50,103,0,0,0,4,,0,0
1212-3,6,99,salineros,214,218,3,418,239,0,3,0,33,86,0,0,0,4,,0,0
1212-3,6,100,salineros,214,218,3,376,235,0,3,0,50,103,0,0,0,4,,0,0
1212-3,6,101,salineros,215,222,3,334,242,0,3,0,61,114,0,0,0,4,,0,0
1212-3,6,102,salineros,216,226,3,361,242,0,3,0,61,122,0,0,0,4,,0,0
1212-3,6,103,salineros,217,230,3,450,239,0,2,0,61,122,0,0,0,4,1,25,0
1212-3,6,104,salineros,217,234,3,394,243,0,5,0,61,124,0,0,0,4,,0,0
1212-3,6,105,salineros,218,238,3,338,261,0,5,0,76,139,0,0,0,4,,0,0
1212-3,6,106,salineros,219,242,3,344,274,0,5,0,76,139,0,0,0,4,,0,0
1212-3,6,107,salineros,228,246,3,380,314,0,1,0,108,173,0,0,0,4,,0,0
1212-3,6,108,salineros,229,250,3,416,319,0,0,0,76,141,0,0,0,4,,0,0
1212-3,6,109,salineros,229,254,3,564,329,0,6,0,76,143,0,0,0,4,1,22,0
1212-3,6,110,salineros,230,258,3,531,389,0,9,0,124,191,0,0,0,4,,0,0
1212-3,6,111,salineros,231,262,3,498,448,0,3,0,124,191,0,0,0,4,,0,0
1212-3,6,112,salineros,232,266,3,467,475,0,10,0,93,162,0,0,0,4,,0,0
1212-3,6,113,salineros,233,270,3,436,509,0,13,0,101,170,0,0,0,4,,0,0
1212-3,6,114,salineros,233,270,3,478,536,0,5,0,101,172,0,0,0,4,,0,0
1212-3,6,115,salineros,233,270,3,604,550,0,7,0,85,156,0,0,0,4,1,16,0
1212-3,6,116,salineros,233,270,3,532,580,0,13,0,101,172,0,0,0,4,,0,0
1212-3,6,117,salineros,233,270,3,460,610,0,6,0,101,172,0,0,0,4,,0,0
1212-3,6,118,salineros,233,270,3,426,638,0,12,0,101,172,0,0,0,4,,0,0
1212-3,6,119,salineros,233,270,3,468,642,0,16,0,81,152,0,0,0,4,,0,0
1212-3,6,120,salineros,233,270,3,504,646,0,2,0,81,146,0,0,0,4,,0,0
1212-3,6,121,salineros,233,274,3,666,627,0,6,0,50,115,0,0,0,4,1,17,0
1212-3,6,122,salineros,233,274,3,588,636,0,12,0,81,146,0,0,0,4,,0,0
1212-3,6,123,salineros,233,274,3,510,645,0,18,0,81,146,0,0,0,4,,0,0
1212-3,6,124,salineros,233,274,3,451,653,0,10,0,81,146,0,0,0,4,,0,0
1212-3,6,125,salineros,233,274,3,487,667,0,15,0,92,157,0,0,0,4,,0,0
1212-3,6,126,salineros,233,274,3,529,681,0,1,0,92,163,0,0,0,4,,0,0
1212-3,6,127,salineros,233,270,3,677,642,0,7,0,44,115,0,0,0,4,1,18,0
1212-3,6,128,salineros,233,272,3,622,662,0,12,0,92,161,0,0,0,4,,0,0
1212-3,6,129,salineros,233,274,3,567,681,0,17,0,92,161,0,0,0,4,,0,0
1212-3,6,130,salineros,233,274,3,514,700,0,7,0,92,163,0,0,0,4,,0,0
1212-3,6,131,salineros,233,274,3,480,750,0,12,0,124,195,0,0,0,4,,0,0
1212-3,6,132,salineros,233,274,3,522,796,0,16,0,124,195,0,0,0,4,,0,0
1212-3,6,133,salineros,233,274,3,596,834,0,12,0,124,195,0,0,0,4,1,18,0
1212-3,6,134,salineros,233,274,3,638,878,0,12,0,124,195,0,0,0,4,,0,0
1212-3,6,135,salineros,233,274,3,674,934,0,12,0,136,207,0,0,0,4,,0,0
1212-3,6,136,salineros,233,274,3,716,990,0,12,0,136,207,0,0,0,4,,0,0
1212-3,6,137,salineros,233,274,3,758,1021,0,12,0,111,182,0,0,0,4,,0,0
1212-3,6,138,salineros,233,274,3,800,1052,0,12,0,111,182,0,0,0,4,,0,0
1212-3,6,139,salineros,241,274,3,882,1090,0,12,0,111,182,0,0,0,4,1,19,0
1212-3,6,140,salineros,241,274,3,841,1128,0,12,0,111,182,0,0,0,4,,0,0
1212-3,6,141,salineros,241,274,3,800,1166,0,12,0,111,182,0,0,0,4,,0,0
1212-3,6,142,salineros,241,274,3,766,1204,0,12,0,111,182,0,0,0,4,,0,0
1212-3,6,143,salineros,241,274,3,728,1220,0,12,0,89,160,0,0,0,4,,0,0
1212-3,6,144,salineros,241,274,3,684,1236,0,12,0,89,154,0,0,0,4,,0,0
1212-3,6,145,salineros,241,274,3,727,1252,0,12,0,89,154,0,0,0,4,1,19,0
1212-3,6,146,salineros,241,274,3,682,1268,0,12,0,89,154,0,0,0,4,,0,0
1212-3,6,147,salineros,241,274,3,642,1284,0,12,0,89,154,0,0,0,4,,0,0
1212-3,6,148,salineros,241,274,3,598,1300,0,12,0,89,154,0,0,0,4,,0,0
1212-3,6,149,salineros,241,274,3,558,1328,0,12,0,101,166,0,0,0,4,,0,0
1212-3,6,150,salineros,241,274,3,517,1356,0,12,0,101,172,0,0,0,4,,0,0
1212-3,6,151,salineros,241,274,3,628,1384,0,12,0,101,172,0,0,0,4,1,19,0
1212-3,6,152,salineros,241,274,3,594,1412,0,13,0,101,173,0,0,0,4,,0,0
1212-3,6,153,salineros,241,274,3,553,1440,0,14,0,101,173,0,0,0,4,,0,0
1212-3,6,154,salineros,241,274,3,519,1468,0,15,0,101,173,0,0,0,4,,0,0
1212-3,6,155,salineros,241,274,3,485,1518,0,16,0,123,195,0,0,0,4,,0,0
1212-3,6,156,salineros,241,274,3,445,1568,0,17,0,123,195,0,0,0,4,,0,0
1212-3,6,157,salineros,241,274,3,514,1616,0,18,0,123,195,0,0,0,4,1,19,0
1212-3,6,158,salineros,241,274,3,502,1664,0,19,0,123,195,0,0,0,4,,0,0
1212-3,6,159,salineros,241,274,3,483,1712,0,20,0,123,195,0,0,0,4,,0,0
1212-3,6,160,salineros,241,274,3,471,1760,0,21,0,123,195,0,0,0,4,,0,0
1212-3,6,161,salineros,241,274,3,459,1796,0,22,0,111,183,0,0,0,4,,0,0
1212-3,6,162,salineros,241,274,3,447,1832,0,23,0,111,183,0,0,0,4,,0,0
1212-3,6,163,salineros,242,278,3,608,1870,0,17,0,111,183,0,0,0,4,1,15,0
1212-3,6,164,salineros,242,278,3,637,1900,0,18,0,111,183,0,0,0,4,,0,0
1212-3,6,165,salineros,242,278,3,679,1930,0,19,0,111,183,0,0,0,4,,0,0
1212-3,6,166,salineros,242,278,3,721,1960,0,20,0,111,183,0,0,0,4,,0,0
1212-3,6,167,salineros,242,278,3,758,1968,0,21,0,89,161,0,0,0,4,,0,0
1212-3,6,168,salineros,242,278,3,790,1976,0,22,0,89,155,0,0,0,4,,0,0
1212-3,6,169,salineros,242,276,3,987,1979,0,16,0,87,153,0,0,0,4,1,15,0
1212-3,6,170,salineros,242,278,3,1017,1985,0,17,0,87,152,0,0,0,4,,0,0
1212-3,6,171,salineros,242,278,3,1053,1991,0,18,0,87,153,0,0,0,4,,0,0
1212-3,6,172,salineros,242,278,3,1085,1997,0,19,0,87,153,0,0,0,4,,0,0
1212-3,6,173,salineros,242,278,3,1121,2017,0,20,0,101,167,0,0,0,4,,0,0
1212-3,6,174,salineros,242,278,3,1156,2037,0,21,0,101,173,0,0,0,4,,0,0
1212-3,6,175,salineros,242,278,3,1375,2055,0,16,0,101,173,0,0,0,4,1,19,0
1212-3,6,176,salineros,242,278,3,1417,2074,0,17,0,101,173,0,0,0,4,,0,0
1212-3,6,177,salineros,242,278,3,1453,2094,0,18,0,101,173,0,0,0,4,,0,0
1212-3,6,178,salineros,242,278,3,1495,2114,0,19,0,101,173,0,0,0,4,,0,0
1212-3,6,179,salineros,250,278,3,1537,2169,0,20,0,136,208,0,0,0,4,,0,0
1212-3,6,180,salineros,250,278,3,1572,2224,0,21,0,136,208,0,0,0,4,,0,0
1212-3,6,181,salineros,250,278,3,1784,2285,0,16,0,136,208,0,0,0,4,1,14,0
1212-3,6,182,salineros,250,278,3,1826,2340,0,17,0,136,208,0,0,0,4,,0,0
1212-3,6,183,salineros,250,278,3,1861,2395,0,18,0,136,208,0,0,0,4,,0,0
1212-3,6,184,salineros,250,278,3,1903,2450,0,19,0,136,208,0,0,0,4,,0,0
1212-3,6,185,salineros,250,278,3,1945,2480,0,20,0,111,183,0,0,0,4,,0,0
1212-3,6,186,salineros,250,278,3,1981,2510,0,21,0,111,183,0,0,0,4,,0,0
1212-3,6,187,salineros,250,278,3,2148,2547,0,19,0,111,183,0,0,0,4,1,21,0
1212-3,6,188,salineros,250,278,3,2139,2584,0,17,0,111,183,0,0,0,4,,0,0
1212-3,6,189,salineros,250,278,3,2137,2618,0,18,0,111,183,0,0,0,4,,0,0
1212-3,6,190,salineros,250,278,3,2135,2652,0,19,0,111,183,0,0,0,4,,0,0
1212-3,6,191,salineros,250,278,3,2128,2662,0,20,0,87,159,0,0,0,4,,0,0
1212-3,6,192,salineros,250,278,3,2116,2672,0,21,0,87,153,0,0,0,4,,0,0
1212-3,6,193,salineros,251,282,3,2325,2689,0,16,0,89,155,0,0,0,4,1,15,0
1212-3,6,194,salineros,251,282,3,2357,2696,0,17,0,89,155,0,0,0,4,,0,0
1212-3,6,195,salineros,251,282,3,2393,2703,0,18,0,89,155,0,0,0,4,,0,0
1212-3,6,196,salineros,251,282,3,2424,2710,0,19,0,89,155,0,0,0,4,,0,0
1212-3,6,197,salineros,251,282,3,2460,2726,0,20,0,98,164,0,0,0,4,,0,0
1212-3,6,198,salineros,251,282,3,2502,2742,0,21,0,98,170,0,0,0,4,,0,0
1212-3,6,199,salineros,251,280,3,2686,2754,0,16,0,98,170,0,0,0,4,1,15,0
1212-3,6,200,salineros,251,282,3,2726,2770,0,17,0,98,168,0,0,0,4,,0,0
