semilla,cadencia,turno,casa,prestigio,poblacion,comarcas,maravedis,pan,lana,sal,hierro,produccion_pan,produccion_total,escasez,obras_terminadas,obras_mayores,hitos,decidio,ordenes_propuestas,sin_ordenes
1212,1,1,arrieros,27,56,1,36,67,0,0,0,10,22,0,0,0,0,1,4,0
1212,1,2,arrieros,26,52,1,25,53,0,0,0,10,15,0,0,0,0,1,2,0
1212,1,3,arrieros,25,48,1,14,22,0,0,0,10,15,0,0,0,0,1,6,0
1212,1,4,arrieros,25,48,1,14,18,0,0,0,10,14,0,0,0,0,1,0,1
1212,1,5,arrieros,93,48,1,14,20,0,0,0,16,20,0,1,0,1,1,0,1
1212,1,6,arrieros,93,48,1,26,24,0,0,0,16,32,0,0,0,1,1,3,0
1212,1,7,arrieros,93,48,1,55,27,0,0,0,16,32,0,0,0,1,1,1,0
1212,1,8,arrieros,94,50,1,67,30,0,0,0,16,32,0,0,0,1,1,0,1
1212,1,9,arrieros,94,52,1,74,33,0,0,0,16,34,0,0,0,1,1,3,0
1212,1,10,arrieros,94,50,1,65,30,0,0,0,16,34,0,0,0,1,1,3,0
1212,1,11,arrieros,94,52,1,78,51,0,0,0,32,50,0,0,0,1,1,2,0
1212,1,12,arrieros,94,54,1,71,63,0,0,0,32,50,0,0,0,1,1,4,0
1212,1,13,arrieros,94,52,1,69,77,0,0,0,32,50,0,0,0,1,1,3,0
1212,1,14,arrieros,109,50,1,69,89,0,0,0,32,50,0,0,0,2,1,3,0
1212,1,15,arrieros,109,52,1,76,106,0,0,0,32,50,0,0,0,2,1,2,0
1212,1,16,arrieros,109,54,1,76,120,0,0,0,32,50,0,0,0,2,1,3,0
1212,1,17,arrieros,110,56,1,76,84,0,0,0,20,38,0,0,0,2,1,13,0
1212,1,18,arrieros,110,58,1,76,87,0,0,0,20,38,0,0,0,2,1,3,0
1212,1,19,arrieros,119,60,1,76,90,0,0,0,20,38,0,0,0,2,1,3,0
1212,1,20,arrieros,119,60,1,80,95,0,0,0,20,40,0,0,0,2,1,3,0
1212,1,21,arrieros,119,60,1,68,96,0,0,0,20,40,0,0,0,2,1,3,0
1212,1,22,arrieros,119,60,1,81,96,0,0,0,20,40,0,1,0,2,1,3,0
1212,1,23,arrieros,119,60,1,78,89,0,0,0,10,36,0,0,0,2,1,3,0
1212,1,24,arrieros,119,60,1,75,45,0,0,0,10,30,0,0,0,2,1,14,0
1212,1,25,arrieros,119,60,1,74,40,0,0,0,10,30,0,0,0,2,1,3,0
1212,1,26,arrieros,127,60,1,74,37,0,0,0,10,30,0,0,0,2,1,4,0
1212,1,27,arrieros,127,60,1,102,34,0,0,0,10,30,0,0,0,2,1,4,0
1212,1,28,arrieros,127,60,1,94,31,0,0,0,10,30,0,0,0,2,1,4,0
1212,1,29,arrieros,127,60,1,100,40,0,0,0,16,36,0,0,0,2,1,4,0
1212,1,30,arrieros,127,60,1,105,46,0,0,0,16,42,0,0,0,2,1,5,0
1212,1,31,arrieros,127,60,1,106,52,0,0,0,16,42,0,0,0,2,1,5,0
1212,1,32,arrieros,127,60,1,109,57,0,0,0,16,42,0,0,0,2,1,5,0
1212,1,33,arrieros,128,68,1,120,62,0,0,0,16,42,0,0,0,2,1,7,0
1212,1,34,arrieros,127,64,1,104,59,0,0,0,16,42,0,0,0,2,1,5,0
1212,1,35,arrieros,127,60,1,103,73,0,0,0,32,58,0,0,0,2,1,5,0
1212,1,36,arrieros,127,60,1,109,93,0,0,0,32,58,0,0,0,2,1,4,0
1212,1,37,arrieros,127,60,1,109,112,0,0,0,32,58,0,0,0,2,1,4,0
1212,1,38,arrieros,127,60,1,109,124,0,0,0,32,58,0,0,0,2,1,4,0
1212,1,39,arrieros,127,60,1,109,126,0,0,0,22,48,0,0,0,2,1,4,0
1212,1,40,arrieros,127,60,1,109,128,0,0,0,22,48,0,0,0,2,1,4,0
1212,1,41,arrieros,127,60,1,108,84,0,0,0,14,40,0,0,0,2,1,14,0
1212,1,42,arrieros,127,60,1,107,80,0,0,0,14,40,0,0,0,2,1,5,0
1212,1,43,arrieros,135,60,1,107,82,0,0,0,14,40,0,0,0,2,1,5,0
1212,1,44,arrieros,135,60,1,104,87,0,0,0,14,40,0,0,0,2,1,5,0
1212,1,45,arrieros,135,60,1,109,97,0,0,0,20,46,0,0,0,2,1,5,0
1212,1,46,arrieros,135,60,1,113,101,0,0,0,20,46,0,0,0,2,1,4,0
1212,1,47,arrieros,135,60,1,109,93,0,0,0,10,36,0,0,0,2,1,4,0
1212,1,48,arrieros,135,60,1,103,49,0,0,0,10,30,0,0,0,2,1,14,0
1212,1,49,arrieros,135,60,1,102,42,0,0,0,9,29,0,0,0,2,1,4,0
1212,1,50,arrieros,135,60,1,102,44,0,0,0,9,29,0,0,0,2,1,4,0
1212,1,51,arrieros,135,60,1,101,46,0,0,0,9,29,0,0,0,2,1,4,0
1212,1,52,arrieros,135,60,1,100,48,0,0,0,9,29,0,0,0,2,1,4,0
1212,1,53,arrieros,143,60,1,99,57,0,0,0,16,36,0,0,0,2,1,5,0
1212,1,54,arrieros,143,60,1,106,62,0,0,0,16,42,0,0,0,2,1,5,0
1212,1,55,arrieros,143,60,1,106,67,0,0,0,16,42,0,0,0,2,1,5,0
1212,1,56,arrieros,143,60,1,108,72,0,0,0,16,42,0,0,0,2,1,5,0
1212,1,57,arrieros,143,60,1,111,77,0,0,0,16,42,0,0,0,2,1,5,0
1212,1,58,arrieros,143,60,1,110,81,0,0,0,16,42,0,0,0,2,1,5,0
1212,1,59,arrieros,143,60,1,109,101,0,0,0,32,58,0,0,0,2,1,5,0
1212,1,60,arrieros,143,60,1,108,120,0,0,0,32,58,0,0,0,2,1,4,0
1212,1,61,arrieros,143,60,1,109,132,0,0,0,32,58,0,0,0,2,1,4,0
1212,1,62,arrieros,143,60,1,108,144,0,0,0,32,58,0,0,0,2,1,4,0
1212,1,63,arrieros,144,68,1,120,155,0,0,0,32,58,0,0,0,2,1,6,0
1212,1,64,arrieros,143,64,1,101,158,0,0,0,32,58,0,0,0,2,1,4,0
1212,1,65,arrieros,143,60,1,102,132,0,0,0,21,47,0,0,0,2,1,9,0
1212,1,66,arrieros,143,60,1,104,114,0,0,0,21,47,0,0,0,2,1,9,0
1212,1,67,arrieros,151,60,1,104,116,0,0,0,21,47,0,0,0,2,1,5,0
1212,1,68,arrieros,151,60,1,107,118,0,0,0,21,47,0,0,0,2,1,4,0
1212,1,69,arrieros,151,60,1,106,120,0,0,0,21,47,0,0,0,2,1,4,0
1212,1,70,arrieros,151,60,1,108,121,0,0,0,21,47,0,0,0,2,1,4,0
1212,1,71,arrieros,151,60,1,112,111,0,0,0,9,35,0,0,0,2,1,4,0
1212,1,72,arrieros,151,60,1,106,101,0,0,0,9,29,0,0,0,2,1,4,0
1212,1,73,arrieros,151,60,1,105,93,0,0,0,10,30,0,0,0,2,1,4,0
1212,1,74,arrieros,151,60,1,105,85,0,0,0,10,30,0,0,0,2,1,3,0
1212,1,75,arrieros,151,60,1,103,77,0,0,0,10,30,0,0,0,2,1,5,0
1212,1,76,arrieros,151,60,1,100,75,0,0,0,10,30,0,0,0,2,1,4,0
1212,1,77,arrieros,151,60,1,99,82,0,0,0,16,36,0,0,0,2,1,5,0
1212,1,78,arrieros,151,60,1,107,86,0,0,0,16,42,0,0,0,2,1,5,0
1212,1,79,arrieros,151,60,1,106,90,0,0,0,16,42,0,0,0,2,1,5,0
1212,1,80,arrieros,151,60,1,111,92,0,0,0,16,42,0,0,0,2,1,4,0
1212,1,81,arrieros,151,60,1,110,90,0,0,0,16,42,0,0,0,2,1,4,0
1212,1,82,arrieros,151,60,1,109,88,0,0,0,16,42,0,0,0,2,1,4,0
1212,1,83,arrieros,151,60,1,109,101,0,0,0,32,58,0,0,0,2,1,5,0
1212,1,84,arrieros,151,60,1,109,116,0,0,0,32,58,0,0,0,2,1,4,0
1212,1,85,arrieros,151,60,1,108,128,0,0,0,32,58,0,0,0,2,1,4,0
1212,1,86,arrieros,152,68,1,119,150,0,0,0,32,58,0,0,0,2,1,6,0
1212,1,87,arrieros,151,64,1,100,153,0,0,0,32,58,0,0,0,2,1,4,0
1212,1,88,arrieros,151,60,1,101,157,0,0,0,32,58,0,0,0,2,1,4,0
1212,1,89,arrieros,151,60,1,107,118,0,0,0,20,46,0,0,0,2,1,14,0
1212,1,90,arrieros,151,60,1,106,119,0,0,0,20,46,0,0,0,2,1,4,0
1212,1,91,arrieros,151,60,1,109,120,0,0,0,20,46,0,0,0,2,1,4,0
1212,1,92,arrieros,151,60,1,108,120,0,0,0,20,46,0,0,0,2,1,4,0
1212,1,93,arrieros,151,60,1,107,120,0,0,0,20,46,0,0,0,2,1,4,0
1212,1,94,arrieros,151,60,1,112,120,0,0,0,20,46,0,0,0,2,1,4,0
1212,1,95,arrieros,159,60,1,112,111,0,0,0,10,36,0,0,0,2,1,4,0
1212,1,96,arrieros,159,60,1,104,102,0,0,0,10,30,0,0,0,2,1,4,0
1212,1,97,arrieros,159,60,1,104,94,0,0,0,10,30,0,0,0,2,1,4,0
1212,1,98,arrieros,159,60,1,100,86,0,0,0,10,30,0,0,0,2,1,4,0
1212,1,99,arrieros,159,60,1,100,78,0,0,0,10,30,0,0,0,2,1,5,0
1212,1,100,arrieros,159,60,1,103,75,0,0,0,10,30,0,0,0,2,1,4,0
1212,1,101,arrieros,159,60,1,22,82,0,0,0,16,36,0,0,0,2,1,5,0
1212,1,102,arrieros,159,60,1,69,87,0,0,0,16,42,0,0,0,2,1,2,0
1212,1,103,arrieros,159,60,1,96,83,0,0,0,16,42,0,0,0,2,1,3,0
1212,1,104,arrieros,159,60,1,99,81,0,0,0,16,42,0,0,0,2,1,5,0
1212,1,105,arrieros,159,60,1,105,83,0,0,0,16,42,0,0,0,2,1,5,0
1212,1,106,arrieros,159,60,1,105,85,0,0,0,16,42,0,0,0,2,1,5,0
1212,1,107,arrieros,159,60,1,109,102,0,0,0,32,58,0,0,0,2,1,5,0
1212,1,108,arrieros,160,68,1,121,121,0,0,0,32,58,0,0,0,2,1,6,0
1212,1,109,arrieros,159,64,1,104,123,0,0,0,32,58,0,0,0,2,1,4,0
1212,1,110,arrieros,159,60,1,106,126,0,0,0,32,58,0,0,0,2,1,4,0
1212,1,111,arrieros,159,60,1,107,136,0,0,0,32,58,0,0,0,2,1,4,0
1212,1,112,arrieros,159,60,1,106,145,0,0,0,32,58,0,0,0,2,1,4,0
1212,1,113,arrieros,159,60,1,109,105,0,0,0,20,46,0,0,0,2,1,14,0
1212,1,114,arrieros,159,60,1,108,104,0,0,0,20,46,0,0,0,2,1,4,0
1212,1,115,arrieros,159,60,1,103,103,0,0,0,20,46,0,0,0,2,1,4,0
1212,1,116,arrieros,159,60,1,108,102,0,0,0,20,46,0,0,0,2,1,4,0
1212,1,117,arrieros,159,60,1,104,101,0,0,0,20,46,0,0,0,2,1,4,0
1212,1,118,arrieros,159,60,1,103,100,0,0,0,20,46,0,0,0,2,1,5,0
1212,1,119,arrieros,167,60,1,106,91,0,0,0,10,36,0,0,0,2,1,5,0
1212,1,120,arrieros,167,60,1,96,83,0,0,0,10,30,0,0,0,2,1,4,0
1212,1,121,arrieros,167,60,1,101,82,0,0,0,10,30,0,0,0,2,1,4,0
1212,1,122,arrieros,167,60,1,104,80,0,0,0,10,30,0,0,0,2,1,4,0
1212,1,123,arrieros,167,60,1,104,80,0,0,0,10,30,0,0,0,2,1,4,0
1212,1,124,arrieros,167,60,1,111,80,0,0,0,10,30,0,0,0,2,1,3,0
1212,1,125,arrieros,167,60,1,111,85,0,0,0,16,36,0,0,0,2,1,4,0
1212,1,126,arrieros,167,60,1,117,87,0,0,0,16,42,0,0,0,2,1,4,0
1212,1,127,arrieros,167,60,1,114,89,0,0,0,16,42,0,0,0,2,1,4,0
1212,1,128,arrieros,167,60,1,111,91,0,0,0,16,42,0,0,0,2,1,4,0
1212,1,129,arrieros,167,60,1,117,93,0,0,0,16,42,0,0,0,2,1,4,0
1212,1,130,arrieros,167,60,1,108,95,0,0,0,16,42,0,0,0,2,1,4,0
1212,1,131,arrieros,167,60,1,117,112,0,0,0,32,58,0,0,0,2,1,4,0
1212,1,132,arrieros,168,68,1,126,130,0,0,0,32,58,0,0,0,2,1,5,0
1212,1,133,arrieros,167,64,1,103,132,0,0,0,32,58,0,0,0,2,1,4,0
1212,1,134,arrieros,167,60,1,104,135,0,0,0,32,58,0,0,0,2,1,4,0
1212,1,135,arrieros,167,60,1,113,144,0,0,0,32,58,0,0,0,2,1,3,0
1212,1,136,arrieros,167,60,1,113,153,0,0,0,32,58,0,0,0,2,1,3,0
1212,1,137,arrieros,167,60,1,111,112,0,0,0,20,46,0,0,0,2,1,13,0
1212,1,138,arrieros,167,60,1,113,111,0,0,0,20,46,0,0,0,2,1,3,0
1212,1,139,arrieros,167,60,1,114,110,0,0,0,20,46,0,0,0,2,1,3,0
1212,1,140,arrieros,175,60,1,107,109,0,0,0,20,46,0,0,0,2,1,3,0
1212,1,141,arrieros,175,60,1,116,108,0,0,0,20,46,0,0,0,2,1,3,0
1212,1,142,arrieros,175,60,1,110,107,0,0,0,20,46,0,0,0,2,1,3,0
1212,1,143,arrieros,175,60,1,118,96,0,0,0,10,36,0,0,0,2,1,3,0
1212,1,144,arrieros,175,60,1,111,86,0,0,0,10,30,0,0,0,2,1,4,0
1212,1,145,arrieros,175,60,1,109,82,0,0,0,10,30,0,0,0,2,1,4,0
1212,1,146,arrieros,175,60,1,103,81,0,0,0,10,30,0,0,0,2,1,4,0
1212,1,147,arrieros,175,60,1,105,81,0,0,0,10,30,0,0,0,2,1,3,0
1212,1,148,arrieros,175,60,1,108,81,0,0,0,10,30,0,0,0,2,1,3,0
1212,1,149,arrieros,175,60,1,107,86,0,0,0,16,36,0,0,0,2,1,4,0
1212,1,150,arrieros,175,60,1,116,88,0,0,0,16,42,0,0,0,2,1,4,0
1212,1,151,arrieros,175,60,1,115,90,0,0,0,16,42,0,0,0,2,1,5,0
1212,1,152,arrieros,176,68,1,127,94,0,0,0,16,42,0,0,0,2,1,6,0
1212,1,153,arrieros,175,64,1,113,89,0,0,0,16,42,0,0,0,2,1,5,0
1212,1,154,arrieros,175,60,1,103,85,0,0,0,16,42,0,0,0,2,1,5,0
1212,1,155,arrieros,175,60,1,111,102,0,0,0,32,58,0,0,0,2,1,4,0
1212,1,156,arrieros,175,60,1,114,119,0,0,0,32,58,0,0,0,2,1,3,0
1212,1,157,arrieros,175,60,1,109,129,0,0,0,32,58,0,0,0,2,1,3,0
1212,1,158,arrieros,175,60,1,111,139,0,0,0,32,58,0,0,0,2,1,3,0
1212,1,159,arrieros,175,60,1,113,148,0,0,0,32,58,0,0,0,2,1,3,0
1212,1,160,arrieros,175,60,1,110,157,0,0,0,32,58,0,0,0,2,1,3,0
1212,1,161,arrieros,175,60,1,112,114,0,0,0,20,46,0,0,0,2,1,13,0
1212,1,162,arrieros,175,60,1,114,113,0,0,0,20,46,0,0,0,2,1,3,0
1212,1,163,arrieros,175,60,1,106,112,0,0,0,20,46,0,0,0,2,1,3,0
1212,1,164,arrieros,183,60,1,112,111,0,0,0,20,46,0,0,0,2,1,3,0
1212,1,165,arrieros,183,60,1,120,110,0,0,0,20,46,0,0,0,2,1,3,0
1212,1,166,arrieros,183,60,1,114,109,0,0,0,20,46,0,0,0,2,1,3,0
1212,1,167,arrieros,183,60,1,111,98,0,0,0,10,36,0,0,0,2,1,3,0
1212,1,168,arrieros,183,60,1,113,88,0,0,0,10,30,0,0,0,2,1,4,0
1212,1,169,arrieros,183,60,1,111,82,0,0,0,10,30,0,0,0,2,1,4,0
1212,1,170,arrieros,183,60,1,104,81,0,0,0,10,30,0,0,0,2,1,4,0
1212,1,171,arrieros,183,60,1,104,81,0,0,0,10,30,0,0,0,2,1,3,0
1212,1,172,arrieros,183,60,1,106,81,0,0,0,10,30,0,0,0,2,1,3,0
1212,1,173,arrieros,183,60,1,106,86,0,0,0,16,36,0,0,0,2,1,4,0
1212,1,174,arrieros,183,60,1,118,88,0,0,0,16,42,0,0,0,2,1,4,0
1212,1,175,arrieros,183,60,1,120,90,0,0,0,16,42,0,0,0,2,1,4,0
1212,1,176,arrieros,183,60,1,121,92,0,0,0,16,42,0,0,0,2,1,4,0
1212,1,177,arrieros,183,60,1,121,94,0,0,0,16,42,0,0,0,2,1,4,0
1212,1,178,arrieros,183,60,1,120,96,0,0,0,16,42,0,0,0,2,1,4,0
1212,1,179,arrieros,345,71,1,124,113,0,0,0,32,58,0,1,1,3,1,6,0
1212,1,180,arrieros,345,70,1,104,125,0,0,0,32,60,0,0,0,3,1,5,0
1212,1,181,arrieros,344,69,1,115,127,0,0,0,28,56,0,0,0,3,1,4,0
1212,1,182,arrieros,345,72,1,106,133,0,0,0,28,54,0,0,0,3,1,3,0
1212,1,183,arrieros,346,75,1,113,138,0,0,0,28,56,0,0,0,3,1,3,0
1212,1,184,arrieros,346,78,1,117,143,0,0,0,28,56,0,0,0,3,1,3,0
1212,1,185,arrieros,346,78,1,142,94,0,0,0,18,46,0,0,0,3,1,13,0
1212,1,186,arrieros,346,78,1,139,90,0,0,0,18,46,0,0,0,3,1,3,0
1212,1,187,arrieros,346,78,1,134,98,0,0,0,18,46,0,0,0,3,1,3,0
1212,1,188,arrieros,354,78,1,127,106,0,0,0,18,46,0,0,0,3,1,3,0
1212,1,189,arrieros,354,78,1,119,113,0,0,0,18,46,0,0,0,3,1,3,0
1212,1,190,arrieros,354,78,1,136,120,0,0,0,18,46,0,0,0,3,1,3,0
1212,1,191,arrieros,354,78,1,191,113,0,0,0,9,37,0,0,0,3,1,2,0
1212,1,192,arrieros,354,78,1,222,99,0,0,0,9,30,0,0,0,3,1,3,0
1212,1,193,arrieros,354,78,1,215,93,0,0,0,9,30,0,0,0,3,1,3,0
1212,1,194,arrieros,354,78,1,200,92,0,0,0,9,30,0,0,0,3,1,3,0
1212,1,195,arrieros,354,78,1,184,91,0,0,0,9,30,0,0,0,3,1,3,0
1212,1,196,arrieros,354,78,1,167,90,0,0,0,9,30,0,0,0,3,1,3,0
1212,1,197,arrieros,354,78,1,116,92,0,0,0,12,33,0,0,0,3,1,4,0
1212,1,198,arrieros,354,78,1,173,91,0,0,0,12,40,0,0,0,3,1,3,0
1212,1,199,arrieros,354,78,1,133,90,0,0,0,12,40,0,0,0,3,1,4,0
1212,1,200,arrieros,354,78,1,163,89,0,0,0,12,40,0,0,0,3,1,4,0
1212,1,1,canteros,39,116,1,88,53,0,0,0,15,45,0,0,0,0,1,4,0
1212,1,2,canteros,39,116,1,95,36,0,0,0,15,31,0,0,0,0,1,0,1
1212,1,3,canteros,39,116,1,102,20,0,0,0,15,31,0,1,0,0,1,0,1
1212,1,4,canteros,39,116,1,75,6,0,0,0,15,39,0,0,0,0,1,4,0
1212,1,5,canteros,39,116,1,89,8,0,0,0,24,48,0,0,0,0,1,2,0
1212,1,6,canteros,39,116,1,96,6,0,0,0,24,59,0,0,0,0,1,3,0
1212,1,7,canteros,39,116,1,93,5,0,0,0,24,59,0,0,0,0,1,3,0
1212,1,8,canteros,39,116,1,100,4,0,0,0,24,59,0,0,0,0,1,3,0
1212,1,9,canteros,38,116,1,99,4,0,0,0,24,59,1,0,0,0,1,3,0
1212,1,10,canteros,37,116,1,100,4,0,0,0,24,59,1,0,0,0,1,3,0
1212,1,11,canteros,37,116,1,101,27,0,0,0,48,83,0,0,0,0,1,3,0
1212,1,12,canteros,37,116,1,102,49,0,0,0,48,83,0,0,0,0,1,3,0
1212,1,13,canteros,37,116,1,104,70,0,0,0,48,83,0,0,0,0,1,3,0
1212,1,14,canteros,36,112,1,87,80,0,0,0,48,83,0,0,0,0,1,4,0
1212,1,15,canteros,50,108,1,81,91,0,0,0,48,83,0,0,0,1,1,4,0
1212,1,16,canteros,50,108,1,95,112,0,0,0,48,81,0,0,0,1,1,2,0
1212,1,17,canteros,50,108,1,90,101,0,0,0,30,63,0,0,0,1,1,8,0
1212,1,18,canteros,50,108,1,95,107,0,0,0,30,62,0,0,0,1,1,2,0
1212,1,19,canteros,68,108,1,92,113,0,0,0,30,62,0,0,0,2,1,3,0
1212,1,20,canteros,68,108,1,96,119,0,0,0,30,62,0,0,0,2,1,2,0
1212,1,21,canteros,68,108,1,92,125,0,0,0,30,62,0,0,0,2,1,3,0
1212,1,22,canteros,68,108,1,98,130,0,0,0,30,62,0,0,0,2,1,2,0
1212,1,23,canteros,68,108,1,95,108,0,0,0,15,47,0,0,0,2,1,7,0
1212,1,24,canteros,68,108,1,88,102,0,0,0,15,37,0,0,0,2,1,2,0
1212,1,25,canteros,76,108,1,87,95,0,0,0,15,37,0,0,0,2,1,2,0
1212,1,26,canteros,76,108,1,83,86,0,0,0,15,37,0,0,0,2,1,2,0
1212,1,27,canteros,76,108,1,83,78,0,0,0,15,37,0,0,0,2,1,2,0
1212,1,28,canteros,76,108,1,82,69,0,0,0,15,37,0,0,0,2,1,2,0
1212,1,29,canteros,76,108,1,83,54,0,0,0,18,40,0,0,0,2,1,7,0
1212,1,30,canteros,76,108,1,93,49,0,0,0,18,50,0,0,0,2,1,2,0
1212,1,31,canteros,84,108,1,94,44,0,0,0,18,50,0,0,0,2,1,2,0
1212,1,32,canteros,84,108,1,98,41,0,0,0,18,50,0,0,0,2,1,2,0
1212,1,33,canteros,84,108,1,102,38,0,0,0,18,50,0,0,0,2,1,2,0
1212,1,34,canteros,84,108,1,117,35,0,0,0,18,50,0,0,0,2,1,3,0
1212,1,35,canteros,84,108,1,17,58,0,0,0,48,79,0,0,0,2,1,5,0
1212,1,36,canteros,84,108,1,94,78,0,0,0,48,79,0,0,0,2,1,1,0
1212,1,37,canteros,84,108,1,89,94,0,0,0,48,79,0,0,0,2,1,3,0
1212,1,38,canteros,84,108,1,92,113,0,0,0,48,79,0,0,0,2,1,3,0
1212,1,39,canteros,84,108,1,90,131,0,0,0,48,79,0,0,0,2,1,3,0
1212,1,40,canteros,84,108,1,94,148,0,0,0,48,79,0,0,0,2,1,3,0
1212,1,41,canteros,84,108,1,92,136,0,0,0,30,61,0,0,0,2,1,7,0
1212,1,42,canteros,92,108,1,97,139,0,0,0,30,61,0,0,0,2,1,2,0
1212,1,43,canteros,92,108,1,95,142,0,0,0,30,61,0,0,0,2,1,3,0
1212,1,44,canteros,92,108,1,94,145,0,0,0,30,61,0,0,0,2,1,3,0
1212,1,45,canteros,92,108,1,98,138,0,0,0,30,61,0,0,0,2,1,7,0
1212,1,46,canteros,92,108,1,95,141,0,0,0,30,61,0,0,0,2,1,3,0
1212,1,47,canteros,100,108,1,86,129,0,0,0,15,46,0,0,0,2,1,3,0
1212,1,48,canteros,100,108,1,86,118,0,0,0,15,36,0,0,0,2,1,2,0
1212,1,49,canteros,100,108,1,84,106,0,0,0,15,36,0,0,0,2,1,2,0
1212,1,50,canteros,100,108,1,85,95,0,0,0,15,36,0,0,0,2,1,2,0
1212,1,51,canteros,100,108,1,81,83,0,0,0,15,36,0,0,0,2,1,2,0
1212,1,52,canteros,100,108,1,81,73,0,0,0,15,35,0,0,0,2,1,2,0
1212,1,53,canteros,100,108,1,84,71,0,0,0,24,44,0,0,0,2,1,2,0
1212,1,54,canteros,100,108,1,90,68,0,0,0,24,54,0,0,0,2,1,3,0
1212,1,55,canteros,100,108,1,91,65,0,0,0,24,54,0,0,0,2,1,3,0
1212,1,56,canteros,101,112,1,98,63,0,0,0,24,54,0,0,0,2,1,4,0
1212,1,57,canteros,101,112,1,97,59,0,0,0,24,56,0,0,0,2,1,3,0
1212,1,58,canteros,101,112,1,92,55,0,0,0,24,56,0,0,0,2,1,3,0
1212,1,59,canteros,101,112,1,95,75,0,0,0,48,80,0,0,0,2,1,3,0
1212,1,60,canteros,100,108,1,76,84,0,0,0,48,80,0,0,0,2,1,4,0
1212,1,61,canteros,100,108,1,92,103,0,0,0,48,78,0,0,0,2,1,2,0
1212,1,62,canteros,100,108,1,91,121,0,0,0,48,78,0,0,0,2,1,3,0
1212,1,63,canteros,100,108,1,94,139,0,0,0,48,78,0,0,0,2,1,3,0
1212,1,64,canteros,100,108,1,91,156,0,0,0,48,78,0,0,0,2,1,3,0
1212,1,65,canteros,100,108,1,94,142,0,0,0,30,60,0,0,0,2,1,7,0
1212,1,66,canteros,100,108,1,97,145,0,0,0,30,60,0,0,0,2,1,2,0
1212,1,67,canteros,108,108,1,94,148,0,0,0,30,60,0,0,0,2,1,3,0
1212,1,68,canteros,108,108,1,95,151,0,0,0,30,60,0,0,0,2,1,2,0
1212,1,69,canteros,108,108,1,94,153,0,0,0,30,60,0,0,0,2,1,3,0
1212,1,70,canteros,108,108,1,99,155,0,0,0,30,60,0,0,0,2,1,2,0
1212,1,71,canteros,108,108,1,97,143,0,0,0,15,45,0,0,0,2,1,3,0
1212,1,72,canteros,108,108,1,85,131,0,0,0,15,35,0,0,0,2,1,3,0
1212,1,73,canteros,108,108,1,83,120,0,0,0,15,35,0,0,0,2,1,2,0
1212,1,74,canteros,108,108,1,83,108,0,0,0,15,35,0,0,0,2,1,2,0
1212,1,75,canteros,109,112,1,94,97,0,0,0,15,35,0,0,0,2,1,3,0
1212,1,76,canteros,108,108,1,67,75,0,0,0,15,36,0,0,0,2,1,3,0
1212,1,77,canteros,108,108,1,86,64,0,0,0,24,44,0,0,0,2,1,7,0
1212,1,78,canteros,108,108,1,89,58,0,0,0,24,54,0,0,0,2,1,3,0
1212,1,79,canteros,116,108,1,84,55,0,0,0,24,54,0,0,0,2,1,3,0
1212,1,80,canteros,116,108,1,92,52,0,0,0,24,54,0,0,0,2,1,3,0
1212,1,81,canteros,116,108,1,87,50,0,0,0,24,54,0,0,0,2,1,3,0
1212,1,82,canteros,116,108,1,96,48,0,0,0,24,54,0,0,0,2,1,3,0
1212,1,83,canteros,116,108,1,91,69,0,0,0,48,78,0,0,0,2,1,3,0
1212,1,84,canteros,116,108,1,92,89,0,0,0,48,78,0,0,0,2,1,3,0
1212,1,85,canteros,116,108,1,89,108,0,0,0,48,78,0,0,0,2,1,3,0
1212,1,86,canteros,116,108,1,92,126,0,0,0,48,78,0,0,0,2,1,3,0
1212,1,87,canteros,117,112,1,99,145,0,0,0,48,78,0,0,0,2,1,4,0
1212,1,88,canteros,116,108,1,79,151,0,0,0,48,80,0,0,0,2,1,4,0
1212,1,89,canteros,116,108,1,91,137,0,0,0,30,60,0,0,0,2,1,7,0
1212,1,90,canteros,116,108,1,92,137,0,0,0,30,60,0,0,0,2,1,2,0
1212,1,91,canteros,124,108,1,96,140,0,0,0,30,60,0,0,0,2,1,2,0
1212,1,92,canteros,124,108,1,94,143,0,0,0,30,60,0,0,0,2,1,3,0
1212,1,93,canteros,124,108,1,98,146,0,0,0,30,60,0,0,0,2,1,2,0
1212,1,94,canteros,124,108,1,95,149,0,0,0,30,60,0,0,0,2,1,3,0
1212,1,95,canteros,124,108,1,92,137,0,0,0,15,45,0,0,0,2,1,3,0
1212,1,96,canteros,124,108,1,82,126,0,0,0,15,35,0,0,0,2,1,2,0
1212,1,97,canteros,124,108,1,85,115,0,0,0,15,35,0,0,0,2,1,2,0
1212,1,98,canteros,124,108,1,81,102,0,0,0,15,35,0,0,0,2,1,2,0
1212,1,99,canteros,125,112,1,92,92,0,0,0,15,35,0,0,0,2,1,3,0
1212,1,100,canteros,124,108,1,64,70,0,0,0,15,36,0,0,0,2,1,3,0
1212,1,101,canteros,124,108,1,86,59,0,0,0,24,44,0,0,0,2,1,6,0
1212,1,102,canteros,124,108,1,87,52,0,0,0,24,54,0,0,0,2,1,3,0
1212,1,103,canteros,132,108,1,93,50,0,0,0,24,54,0,0,0,2,1,3,0
1212,1,104,canteros,132,108,1,94,48,0,0,0,24,54,0,0,0,2,1,3,0
1212,1,105,canteros,132,108,1,91,46,0,0,0,24,54,0,0,0,2,1,3,0
1212,1,106,canteros,132,108,1,94,44,0,0,0,24,54,0,0,0,2,1,3,0
1212,1,107,canteros,132,108,1,93,65,0,0,0,48,78,0,0,0,2,1,3,0
1212,1,108,canteros,132,108,1,98,85,0,0,0,48,78,0,0,0,2,1,3,0
1212,1,109,canteros,132,108,1,90,104,0,0,0,48,78,0,0,0,2,1,3,0
1212,1,110,canteros,342,108,1,94,123,0,0,0,48,78,0,1,1,3,1,3,0
1212,1,111,canteros,343,112,1,108,144,0,0,0,48,78,0,0,0,3,1,5,0
1212,1,112,canteros,342,108,1,87,148,0,0,0,43,75,0,0,0,3,1,4,0
1212,1,113,canteros,342,108,1,96,134,0,0,0,27,57,0,0,0,3,1,7,0
1212,1,114,canteros,342,108,1,92,135,0,0,0,27,57,0,0,0,3,1,3,0
1212,1,115,canteros,350,108,1,96,137,0,0,0,27,57,0,0,0,3,1,2,0
1212,1,116,canteros,350,108,1,92,139,0,0,0,27,57,0,0,0,3,1,3,0
1212,1,117,canteros,350,108,1,99,141,0,0,0,27,57,0,0,0,3,1,2,0
1212,1,118,canteros,350,108,1,98,143,0,0,0,27,57,0,0,0,3,1,3,0
1212,1,119,canteros,350,108,1,97,131,0,0,0,13,43,0,0,0,3,1,3,0
1212,1,120,canteros,350,108,1,86,120,0,0,0,13,33,0,0,0,3,1,3,0
1212,1,121,canteros,350,108,1,84,109,0,0,0,13,33,0,0,0,3,1,2,0
1212,1,122,canteros,350,108,1,84,98,0,0,0,13,33,0,0,0,3,1,2,0
1212,1,123,canteros,351,112,1,93,87,0,0,0,13,33,0,0,0,3,1,3,0
1212,1,124,canteros,350,108,1,64,65,0,0,0,13,34,0,0,0,3,1,3,0
1212,1,125,canteros,350,108,1,89,53,0,0,0,21,41,0,0,0,3,1,6,0
1212,1,126,canteros,350,108,1,89,46,0,0,0,21,51,0,0,0,3,1,3,0
1212,1,127,canteros,358,108,1,97,43,0,0,0,21,51,0,0,0,3,1,3,0
1212,1,128,canteros,358,108,1,93,40,0,0,0,21,51,0,0,0,3,1,3,0
1212,1,129,canteros,358,108,1,99,37,0,0,0,21,51,0,0,0,3,1,3,0
1212,1,130,canteros,358,108,1,96,34,0,0,0,21,51,0,0,0,3,1,3,0
1212,1,131,canteros,358,108,1,95,52,0,0,0,43,73,0,0,0,3,1,3,0
1212,1,132,canteros,358,108,1,100,70,0,0,0,43,73,0,0,0,3,1,3,0
1212,1,133,canteros,358,108,1,98,87,0,0,0,43,73,0,0,0,3,1,3,0
1212,1,134,canteros,358,108,1,109,103,0,0,0,43,73,0,0,0,3,1,3,0
1212,1,135,canteros,359,112,1,120,120,0,0,0,43,73,0,0,0,3,1,3,0
1212,1,136,canteros,358,108,1,79,127,0,0,0,43,75,0,0,0,3,1,4,0
1212,1,137,canteros,358,108,1,123,116,0,0,0,27,57,0,0,0,3,1,7,0
1212,1,138,canteros,358,108,1,112,116,0,0,0,27,57,0,0,0,3,1,2,0
1212,1,139,canteros,366,108,1,108,122,0,0,0,27,57,0,0,0,3,1,2,0
1212,1,140,canteros,366,108,1,115,128,0,0,0,27,57,0,0,0,3,1,3,0
1212,1,141,canteros,366,108,1,122,130,0,0,0,27,57,0,0,0,3,1,2,0
1212,1,142,canteros,366,108,1,128,135,0,0,0,27,57,0,0,0,3,1,3,0
1212,1,143,canteros,366,108,1,149,124,0,0,0,13,43,0,0,0,3,1,3,0
1212,1,144,canteros,366,108,1,147,113,0,0,0,13,33,0,0,0,3,1,2,0
1212,1,145,canteros,366,108,1,145,106,0,0,0,13,33,0,0,0,3,1,3,0
1212,1,146,canteros,366,108,1,154,96,0,0,0,13,33,0,0,0,3,1,3,0
1212,1,147,canteros,367,112,1,160,87,0,0,0,13,33,0,0,0,3,1,3,0
1212,1,148,canteros,366,108,1,137,70,0,0,0,13,34,0,0,0,3,1,4,0
1212,1,149,canteros,366,108,1,109,58,0,0,0,21,41,0,0,0,3,1,9,0
1212,1,150,canteros,366,108,1,176,54,0,0,0,21,51,0,0,0,3,1,2,0
1212,1,151,canteros,374,108,1,142,54,0,0,0,21,51,0,0,0,3,1,5,0
1212,1,152,canteros,374,108,1,163,51,0,0,0,21,51,0,0,0,3,1,3,0
1212,1,153,canteros,374,108,1,178,51,0,0,0,21,51,0,0,0,3,1,4,0
1212,1,154,canteros,374,108,1,198,48,0,0,0,21,51,0,0,0,3,1,3,0
1212,1,155,canteros,374,108,1,213,69,0,0,0,43,73,0,0,0,3,1,4,0
1212,1,156,canteros,374,108,1,234,86,0,0,0,43,73,0,0,0,3,1,3,0
1212,1,157,canteros,374,108,1,248,105,0,0,0,43,73,0,0,0,3,1,4,0
1212,1,158,canteros,374,108,1,269,121,0,0,0,43,73,0,0,0,3,1,3,0
1212,1,159,canteros,375,112,1,296,140,0,0,0,43,73,0,0,0,3,1,5,0
1212,1,160,canteros,374,108,1,299,144,0,0,0,43,75,0,0,0,3,1,4,0
1212,1,161,canteros,374,108,1,354,133,0,0,0,27,57,0,0,0,3,1,8,0
1212,1,162,canteros,374,108,1,373,135,0,0,0,27,57,0,0,0,3,1,3,0
1212,1,163,canteros,382,108,1,379,137,0,0,0,27,57,0,0,0,3,1,2,0
1212,1,164,canteros,382,108,1,384,142,0,0,0,27,57,0,0,0,3,1,3,0
1212,1,165,canteros,382,108,1,404,144,0,0,0,27,57,0,0,0,3,1,3,0
1212,1,166,canteros,382,108,1,412,146,0,0,0,27,57,0,0,0,3,1,2,0
1212,1,167,canteros,382,108,1,420,137,0,0,0,13,43,0,0,0,3,1,3,0
1212,1,168,canteros,382,108,1,429,126,0,0,0,13,33,0,0,0,3,1,3,0
1212,1,169,canteros,382,108,1,425,115,0,0,0,13,33,0,0,0,3,1,2,0
1212,1,170,canteros,382,108,1,420,107,0,0,0,13,33,0,0,0,3,1,3,0
1212,1,171,canteros,382,108,1,431,97,0,0,0,13,33,0,0,0,3,1,3,0
1212,1,172,canteros,383,112,1,439,88,0,0,0,13,33,0,0,0,3,1,3,0
1212,1,173,canteros,382,108,1,379,79,0,0,0,21,42,0,0,0,3,1,5,0
1212,1,174,canteros,382,108,1,399,62,0,0,0,21,51,0,0,0,3,1,8,0
1212,1,175,canteros,382,108,1,414,61,0,0,0,21,51,0,0,0,3,1,4,0
1212,1,176,canteros,382,108,1,434,57,0,0,0,21,51,0,0,0,3,1,3,0
1212,1,177,canteros,382,108,1,449,56,0,0,0,21,51,0,0,0,3,1,4,0
1212,1,178,canteros,390,108,1,469,52,0,0,0,21,51,0,0,0,3,1,3,0
1212,1,179,canteros,390,108,1,486,73,0,0,0,43,73,0,0,0,3,1,4,0
1212,1,180,canteros,390,108,1,508,90,0,0,0,43,73,0,0,0,3,1,3,0
1212,1,181,canteros,390,108,1,525,109,0,0,0,43,73,0,0,0,3,1,4,0
1212,1,182,canteros,390,108,1,546,124,0,0,0,43,73,0,0,0,3,1,3,0
1212,1,183,canteros,390,108,1,562,142,0,0,0,43,73,0,0,0,3,1,4,0
1212,1,184,canteros,390,108,1,582,156,0,0,0,43,73,0,0,0,3,1,3,0
1212,1,185,canteros,390,108,1,640,157,0,0,0,27,57,0,0,0,3,1,3,0
1212,1,186,canteros,390,108,1,670,157,0,0,0,27,57,0,0,0,3,1,2,0
1212,1,187,canteros,391,112,1,659,118,0,0,0,27,57,0,0,0,3,1,5,0
1212,1,188,canteros,390,108,1,652,108,0,0,0,27,59,0,0,0,3,1,3,0
1212,1,189,canteros,424,138,2,661,103,0,0,0,27,57,0,0,0,4,1,8,0
1212,1,190,canteros,424,138,2,662,100,0,0,0,27,63,0,0,0,4,1,4,0
1212,1,191,canteros,424,138,2,655,81,0,0,0,13,49,0,1,0,4,1,4,0
1212,1,192,canteros,424,138,2,639,67,0,0,0,15,41,0,0,0,4,1,4,0
1212,1,193,canteros,424,138,2,634,51,0,0,0,15,41,0,0,0,4,1,4,0
1212,1,194,canteros,432,138,2,603,35,0,0,0,15,41,0,0,0,4,1,3,0
1212,1,195,canteros,432,138,2,586,21,0,0,0,15,41,0,0,0,4,1,5,0
1212,1,196,canteros,432,138,2,583,4,0,0,0,15,41,0,1,0,4,1,4,0
1212,1,197,canteros,431,138,2,529,4,0,0,0,24,54,1,0,0,4,1,4,0
1212,1,198,canteros,430,138,2,534,4,0,0,0,24,64,1,0,0,4,1,5,0
1212,1,199,canteros,428,134,2,554,1,0,0,0,24,64,1,0,0,4,1,6,0
1212,1,200,canteros,427,130,2,573,1,0,0,0,24,58,1,0,0,4,1,5,0
1212,1,1,ferrones,33,86,1,390,62,0,14,0,15,33,0,0,0,0,1,4,0
1212,1,2,ferrones,32,82,1,374,44,0,9,0,15,23,0,0,0,0,1,2,0
1212,1,3,ferrones,32,82,1,378,37,0,4,0,15,23,0,0,0,0,1,0,1
1212,1,4,ferrones,32,82,1,382,29,0,0,0,15,23,0,0,0,0,1,0,1
1212,1,5,ferrones,32,82,1,386,11,0,0,0,4,12,0,1,0,0,1,0,1
1212,1,6,ferrones,31,82,1,312,0,0,0,0,4,28,1,0,0,0,1,6,0
1212,1,7,ferrones,30,82,1,301,3,0,0,0,4,28,1,0,0,0,1,5,0
1212,1,8,ferrones,29,80,1,296,3,0,0,0,4,28,1,0,0,0,1,5,0
1212,1,9,ferrones,27,78,1,224,3,0,2,0,4,28,1,0,0,0,1,4,0
1212,1,10,ferrones,26,76,1,243,4,0,0,0,10,32,1,0,0,0,1,3,0
1212,1,11,ferrones,24,74,1,179,7,0,0,0,9,31,1,0,0,0,1,4,0
1212,1,12,ferrones,23,72,1,161,4,0,0,0,8,30,1,0,0,0,1,4,0
1212,1,13,ferrones,22,70,1,143,4,0,0,0,8,30,1,0,0,0,1,4,0
1212,1,14,ferrones,20,68,1,150,4,0,0,0,7,29,1,0,0,0,1,5,0
1212,1,15,ferrones,19,66,1,125,4,0,0,0,7,19,1,0,0,0,1,4,0
1212,1,16,ferrones,18,65,1,126,4,0,0,0,7,19,1,0,0,0,1,3,0
1212,1,17,ferrones,16,64,1,86,4,0,0,0,4,16,1,0,0,0,1,3,0
1212,1,18,ferrones,15,63,1,90,7,0,0,0,3,15,1,0,0,0,1,2,0
1212,1,19,ferrones,14,62,1,76,5,0,0,0,3,15,1,0,0,0,1,2,0
1212,1,20,ferrones,13,61,1,79,6,0,0,0,3,15,1,0,0,0,1,2,0
1212,1,21,ferrones,12,60,1,77,3,0,0,0,3,15,1,0,0,0,1,2,0
1212,1,22,ferrones,10,59,1,75,3,0,0,0,3,15,1,0,0,0,1,2,0
1212,1,23,ferrones,9,58,1,72,3,0,0,0,1,12,1,0,0,0,1,2,0
1212,1,24,ferrones,8,57,1,74,3,0,0,0,1,12,1,0,0,0,1,2,0
1212,1,25,ferrones,7,56,1,74,2,0,0,0,1,12,1,0,0,0,1,2,0
1212,1,26,ferrones,6,55,1,74,2,0,0,0,1,12,1,0,0,0,1,2,0
1212,1,27,ferrones,4,54,1,74,2,0,0,0,1,12,1,0,0,0,1,2,0
1212,1,28,ferrones,3,53,1,74,2,0,0,0,1,12,1,0,0,0,1,2,0
1212,1,29,ferrones,2,52,1,74,2,0,0,0,2,13,1,0,0,0,1,2,0
1212,1,30,ferrones,1,51,1,78,2,0,0,0,2,17,1,0,0,0,1,3,0
1212,1,31,ferrones,0,50,1,73,2,0,0,0,2,13,1,0,0,0,1,2,0
1212,1,32,ferrones,-2,49,1,75,3,0,0,0,2,13,1,0,0,0,1,2,0
1212,1,33,ferrones,-3,48,1,69,2,0,0,0,2,12,1,0,0,0,1,2,0
1212,1,34,ferrones,-4,47,1,75,3,0,0,0,2,12,1,0,0,0,1,2,0
1212,1,35,ferrones,-5,46,1,68,1,0,0,0,5,15,1,0,0,0,1,2,0
1212,1,36,ferrones,-6,45,1,74,3,0,0,0,5,15,1,0,0,0,1,2,0
1212,1,37,ferrones,-8,44,1,72,1,0,0,0,5,15,1,0,0,0,1,2,0
1212,1,38,ferrones,-9,43,1,71,2,0,0,0,5,15,1,0,0,0,1,2,0
1212,1,39,ferrones,-10,42,1,70,2,0,0,0,5,15,1,0,0,0,1,2,0
1212,1,40,ferrones,-11,41,1,69,2,0,0,0,5,15,1,0,0,0,1,2,0
1212,1,41,ferrones,-12,40,1,73,2,0,0,0,3,13,1,0,0,0,1,2,0
1212,1,42,ferrones,-14,39,1,71,1,0,0,0,3,13,1,0,0,0,1,2,0
1212,1,43,ferrones,-15,38,1,70,2,0,0,0,3,13,1,0,0,0,1,2,0
1212,1,44,ferrones,-16,37,1,69,2,0,0,0,3,13,1,0,0,0,1,2,0
1212,1,45,ferrones,-17,36,1,73,2,0,0,0,3,13,1,0,0,0,1,2,0
1212,1,46,ferrones,-18,35,1,71,1,0,0,0,3,13,1,0,0,0,1,2,0
1212,1,47,ferrones,-20,34,1,70,2,0,0,0,1,11,1,0,0,0,1,2,0
1212,1,48,ferrones,-21,33,1,69,2,0,0,0,1,11,1,0,0,0,1,2,0
1212,1,49,ferrones,-22,32,1,73,2,0,0,0,1,11,1,0,0,0,1,2,0
1212,1,50,ferrones,-23,31,1,71,1,0,0,0,1,11,1,0,0,0,1,2,0
1212,1,51,ferrones,-24,30,1,70,2,0,0,0,1,11,1,0,0,0,1,2,0
1212,1,52,ferrones,-26,29,1,69,2,0,0,0,1,11,1,0,0,0,1,2,0
1212,1,53,ferrones,-27,28,1,72,2,0,0,0,2,11,1,0,0,0,1,2,0
1212,1,54,ferrones,-28,27,1,70,1,0,0,0,2,12,1,0,0,0,1,3,0
1212,1,55,ferrones,-29,26,1,68,2,0,0,0,2,11,1,0,0,0,1,2,0
1212,1,56,ferrones,-30,25,1,71,2,0,0,0,2,11,1,0,0,0,1,2,0
1212,1,57,ferrones,-32,24,1,68,1,0,0,0,2,11,1,0,0,0,1,2,0
1212,1,58,ferrones,-33,23,1,71,2,0,0,0,2,11,1,0,0,0,1,2,0
1212,1,59,ferrones,-33,23,1,58,3,0,0,0,5,14,0,0,0,0,1,2,0
1212,1,60,ferrones,-33,23,1,66,3,0,0,0,5,14,0,1,0,0,1,1,0
1212,1,61,ferrones,-33,23,1,57,2,0,0,0,4,15,0,0,0,0,1,3,0
1212,1,62,ferrones,-33,23,1,64,1,0,0,0,5,16,0,1,0,0,1,2,0
1212,1,63,ferrones,-33,23,1,77,0,0,0,0,4,15,0,1,0,0,1,0,1
1212,1,64,ferrones,-33,23,1,38,0,0,0,0,5,16,0,0,0,0,1,3,0
1212,1,65,ferrones,-34,23,1,48,3,0,0,0,3,14,1,0,0,0,1,1,0
1212,1,66,ferrones,-35,23,1,54,0,0,0,0,3,14,1,0,0,0,1,0,1
1212,1,67,ferrones,-36,22,1,60,0,0,0,0,3,14,1,1,0,0,1,0,1
1212,1,68,ferrones,-37,21,1,66,0,0,0,1,2,13,1,0,0,0,1,0,1
1212,1,69,ferrones,-38,20,1,67,0,0,0,2,2,13,1,0,0,0,1,2,0
1212,1,70,ferrones,-40,19,1,69,1,0,0,2,2,12,1,0,0,0,1,2,0
1212,1,71,ferrones,-41,18,1,70,1,0,0,2,0,9,1,0,0,0,1,2,0
1212,1,72,ferrones,-42,17,1,66,1,0,0,2,0,9,1,0,0,0,1,2,0
1212,1,73,ferrones,-43,16,1,69,2,0,0,2,0,9,1,0,0,0,1,2,0
1212,1,74,ferrones,-44,15,1,70,1,0,0,2,0,9,1,0,0,0,1,2,0
1212,1,75,ferrones,-46,14,1,66,1,0,0,2,0,9,1,0,0,0,1,2,0
1212,1,76,ferrones,-47,13,1,69,2,0,0,2,0,9,1,0,0,0,1,2,0
1212,1,77,ferrones,-48,12,1,70,1,0,0,2,0,8,1,0,0,0,1,2,0
1212,1,78,ferrones,-49,11,1,67,1,0,0,2,0,9,1,0,0,0,1,3,0
1212,1,79,ferrones,-50,10,1,70,2,0,0,2,0,8,1,0,0,0,1,2,0
1212,1,80,ferrones,-50,10,1,66,1,0,0,2,0,8,0,0,0,0,1,2,0
1212,1,81,ferrones,-51,10,1,69,2,0,0,2,0,8,1,0,0,0,1,2,0
1212,1,82,ferrones,-51,10,1,70,1,0,0,2,0,8,0,0,0,0,1,2,0
1212,1,83,ferrones,-51,10,1,66,1,0,0,2,1,9,0,0,0,0,1,2,0
1212,1,84,ferrones,-51,10,1,69,2,0,0,2,1,9,0,0,0,0,1,2,0
1212,1,85,ferrones,-51,10,1,70,2,0,0,2,1,9,0,0,0,0,1,2,0
1212,1,86,ferrones,-51,10,1,66,2,0,0,2,1,9,0,0,0,0,1,2,0
1212,1,87,ferrones,-51,10,1,69,3,0,0,2,1,9,0,0,0,0,1,2,0
1212,1,88,ferrones,-51,10,1,70,4,0,0,2,2,11,0,0,0,0,1,2,0
1212,1,89,ferrones,-51,10,1,66,4,0,0,2,1,10,0,0,0,0,1,2,0
1212,1,90,ferrones,-51,10,1,69,5,0,0,2,1,10,0,0,0,0,1,2,0
1212,1,91,ferrones,-51,10,1,70,5,0,0,2,1,10,0,0,0,0,1,2,0
1212,1,92,ferrones,-51,10,1,66,5,0,0,2,1,10,0,0,0,0,1,2,0
1212,1,93,ferrones,-51,10,1,69,6,0,0,2,1,10,0,0,0,0,1,2,0
1212,1,94,ferrones,-51,10,1,70,6,0,0,2,1,10,0,0,0,0,1,2,0
1212,1,95,ferrones,-51,10,1,66,5,0,0,2,0,9,0,0,0,0,1,2,0
1212,1,96,ferrones,-51,10,1,69,5,0,0,2,0,9,0,0,0,0,1,2,0
1212,1,97,ferrones,-51,10,1,70,4,0,0,2,0,9,0,0,0,0,1,2,0
1212,1,98,ferrones,-51,10,1,66,3,0,0,2,0,9,0,0,0,0,1,2,0
1212,1,99,ferrones,-51,10,1,69,3,0,0,2,0,9,0,0,0,0,1,2,0
1212,1,100,ferrones,-51,10,1,70,2,0,0,2,0,9,0,0,0,0,1,2,0
1212,1,101,ferrones,-51,10,1,66,2,0,0,2,1,10,0,0,0,0,1,2,0
1212,1,102,ferrones,-51,10,1,70,3,0,0,2,1,11,0,0,0,0,1,2,0
1212,1,103,ferrones,-51,10,1,67,3,0,0,2,1,11,0,0,0,0,1,2,0
1212,1,104,ferrones,-51,10,1,71,4,0,0,2,1,11,0,0,0,0,1,2,0
1212,1,105,ferrones,-51,10,1,68,4,0,0,2,1,11,0,0,0,0,1,2,0
1212,1,106,ferrones,-51,10,1,72,5,0,0,2,1,11,0,0,0,0,1,2,0
1212,1,107,ferrones,-51,10,1,69,6,0,0,2,2,12,0,0,0,0,1,2,0
1212,1,108,ferrones,-51,10,1,73,8,0,0,2,2,12,0,0,0,0,1,2,0
1212,1,109,ferrones,-51,10,1,70,9,0,0,2,2,12,0,0,0,0,1,2,0
1212,1,110,ferrones,-51,10,1,69,11,0,0,2,2,12,0,0,0,0,1,2,0
1212,1,111,ferrones,-51,10,1,72,13,0,0,2,2,12,0,0,0,0,1,2,0
1212,1,112,ferrones,-51,10,1,69,14,0,0,2,2,12,0,0,0,0,1,2,0
1212,1,113,ferrones,-51,10,1,72,5,0,0,2,1,11,0,0,0,0,1,7,0
1212,1,114,ferrones,-33,10,1,69,5,0,0,2,1,11,0,0,0,1,1,2,0
1212,1,115,ferrones,-33,10,1,72,6,0,0,2,1,11,0,0,0,1,1,2,0
1212,1,116,ferrones,-33,10,1,69,6,0,0,2,1,11,0,0,0,1,1,2,0
1212,1,117,ferrones,-33,10,1,72,7,0,0,2,1,11,0,0,0,1,1,2,0
1212,1,118,ferrones,-33,10,1,69,7,0,0,2,1,11,0,0,0,1,1,2,0
1212,1,119,ferrones,-33,10,1,72,7,0,0,2,0,10,0,0,0,1,1,2,0
1212,1,120,ferrones,-33,10,1,68,6,0,0,2,0,9,0,0,0,1,1,2,0
1212,1,121,ferrones,-33,10,1,70,6,0,0,2,0,9,0,0,0,1,1,2,0
1212,1,122,ferrones,-33,10,1,66,5,0,0,2,0,9,0,0,0,1,1,2,0
1212,1,123,ferrones,-33,10,1,68,5,0,0,2,0,9,0,0,0,1,1,2,0
1212,1,124,ferrones,-33,10,1,69,4,0,0,2,0,9,0,0,0,1,1,2,0
1212,1,125,ferrones,-33,10,1,70,4,0,0,2,1,10,0,0,0,1,1,2,0
1212,1,126,ferrones,-33,10,1,67,4,0,0,2,1,11,0,0,0,1,1,2,0
1212,1,127,ferrones,-33,10,1,71,5,0,0,2,1,11,0,0,0,1,1,2,0
1212,1,128,ferrones,-33,10,1,68,5,0,0,2,1,11,0,0,0,1,1,2,0
1212,1,129,ferrones,-33,10,1,72,6,0,0,2,1,11,0,0,0,1,1,2,0
1212,1,130,ferrones,-33,10,1,69,6,0,0,2,1,11,0,0,0,1,1,2,0
1212,1,131,ferrones,-33,10,1,73,8,0,0,2,2,12,0,0,0,1,1,2,0
1212,1,132,ferrones,-33,10,1,70,9,0,0,2,2,12,0,0,0,1,1,2,0
1212,1,133,ferrones,-33,10,1,69,11,0,0,2,2,12,0,0,0,1,1,2,0
1212,1,134,ferrones,-33,10,1,72,13,0,0,2,2,12,0,0,0,1,1,2,0
1212,1,135,ferrones,-33,10,1,69,14,0,0,2,2,12,0,0,0,1,1,2,0
1212,1,136,ferrones,-33,10,1,72,16,0,0,2,2,12,0,0,0,1,1,2,0
1212,1,137,ferrones,-33,10,1,69,4,0,0,2,1,11,0,0,0,1,1,7,0
1212,1,138,ferrones,-33,10,1,72,5,0,0,2,1,11,0,0,0,1,1,2,0
1212,1,139,ferrones,-25,10,1,69,5,0,0,2,1,11,0,0,0,1,1,2,0
1212,1,140,ferrones,-25,10,1,72,6,0,0,2,1,11,0,0,0,1,1,2,0
1212,1,141,ferrones,-25,10,1,69,6,0,0,2,1,11,0,0,0,1,1,2,0
1212,1,142,ferrones,-25,10,1,72,7,0,0,2,1,11,0,0,0,1,1,2,0
1212,1,143,ferrones,-25,10,1,69,6,0,0,2,0,10,0,0,0,1,1,2,0
1212,1,144,ferrones,-25,10,1,71,6,0,0,2,0,9,0,0,0,1,1,2,0
1212,1,145,ferrones,-25,10,1,67,5,0,0,2,0,9,0,0,0,1,1,2,0
1212,1,146,ferrones,-25,10,1,69,5,0,0,2,0,9,0,0,0,1,1,2,0
1212,1,147,ferrones,-25,10,1,70,4,0,0,2,0,9,0,0,0,1,1,2,0
1212,1,148,ferrones,-25,10,1,66,3,0,0,2,0,9,0,0,0,1,1,2,0
1212,1,149,ferrones,-25,10,1,69,4,0,0,2,1,10,0,0,0,1,1,2,0
1212,1,150,ferrones,-25,10,1,71,4,0,0,2,1,11,0,0,0,1,1,2,0
1212,1,151,ferrones,-25,10,1,68,4,0,0,2,1,11,0,0,0,1,1,3,0
1212,1,152,ferrones,-25,10,1,72,5,0,0,2,1,11,0,0,0,1,1,2,0
1212,1,153,ferrones,-25,10,1,69,5,0,0,2,1,11,0,0,0,1,1,2,0
1212,1,154,ferrones,-25,10,1,73,6,0,0,2,1,11,0,0,0,1,1,2,0
1212,1,155,ferrones,-25,10,1,70,7,0,0,2,2,12,0,0,0,1,1,2,0
1212,1,156,ferrones,-25,10,1,69,9,0,0,2,2,12,0,0,0,1,1,2,0
1212,1,157,ferrones,-25,10,1,72,11,0,0,2,2,12,0,0,0,1,1,2,0
1212,1,158,ferrones,-25,10,1,69,12,0,0,2,2,12,0,0,0,1,1,2,0
1212,1,159,ferrones,-25,10,1,72,14,0,0,2,2,12,0,0,0,1,1,2,0
1212,1,160,ferrones,-25,10,1,69,15,0,0,2,2,12,0,0,0,1,1,2,0
1212,1,161,ferrones,-25,10,1,72,3,0,0,2,1,11,0,0,0,1,1,7,0
1212,1,162,ferrones,-25,10,1,69,3,0,0,2,1,11,0,0,0,1,1,2,0
1212,1,163,ferrones,-17,10,1,72,4,0,0,2,1,11,0,0,0,1,1,2,0
1212,1,164,ferrones,-17,10,1,69,4,0,0,2,1,11,0,0,0,1,1,2,0
1212,1,165,ferrones,-17,10,1,72,5,0,0,2,1,11,0,0,0,1,1,2,0
1212,1,166,ferrones,-17,10,1,69,5,0,0,2,1,11,0,0,0,1,1,2,0
1212,1,167,ferrones,-17,10,1,72,5,0,0,2,0,10,0,0,0,1,1,2,0
1212,1,168,ferrones,-17,10,1,68,4,0,0,2,0,9,0,0,0,1,1,2,0
1212,1,169,ferrones,-17,10,1,70,4,0,0,2,0,9,0,0,0,1,1,2,0
1212,1,170,ferrones,-17,10,1,66,3,0,0,2,0,9,0,0,0,1,1,2,0
1212,1,171,ferrones,-17,10,1,68,3,0,0,2,0,9,0,0,0,1,1,2,0
1212,1,172,ferrones,-17,10,1,69,2,0,0,2,0,9,0,0,0,1,1,2,0
1212,1,173,ferrones,-17,10,1,70,2,0,0,2,1,10,0,0,0,1,1,2,0
1212,1,174,ferrones,-17,10,1,67,2,0,0,2,1,11,0,0,0,1,1,2,0
1212,1,175,ferrones,-17,10,1,71,3,0,0,2,1,11,0,0,0,1,1,2,0
1212,1,176,ferrones,-17,10,1,68,3,0,0,2,1,11,0,0,0,1,1,2,0
1212,1,177,ferrones,-17,10,1,72,4,0,0,2,1,11,0,0,0,1,1,2,0
1212,1,178,ferrones,-17,10,1,69,4,0,0,2,1,11,0,0,0,1,1,2,0
1212,1,179,ferrones,-17,10,1,73,6,0,0,2,2,12,0,0,0,1,1,2,0
1212,1,180,ferrones,-17,10,1,70,7,0,0,2,2,12,0,0,0,1,1,2,0
1212,1,181,ferrones,-17,10,1,69,9,0,0,2,2,12,0,0,0,1,1,2,0
1212,1,182,ferrones,-17,10,1,72,11,0,0,2,2,12,0,0,0,1,1,2,0
1212,1,183,ferrones,-17,10,1,69,12,0,0,2,2,12,0,0,0,1,1,2,0
1212,1,184,ferrones,-17,10,1,72,14,0,0,2,2,12,0,0,0,1,1,2,0
1212,1,185,ferrones,-17,10,1,69,2,0,0,2,1,11,0,0,0,1,1,7,0
1212,1,186,ferrones,-17,10,1,72,3,0,0,2,1,11,0,0,0,1,1,2,0
1212,1,187,ferrones,-9,10,1,69,3,0,0,2,1,11,0,0,0,1,1,2,0
1212,1,188,ferrones,-9,10,1,72,4,0,0,2,1,11,0,0,0,1,1,2,0
1212,1,189,ferrones,-9,10,1,69,4,0,0,2,1,11,0,0,0,1,1,2,0
1212,1,190,ferrones,-9,10,1,72,5,0,0,2,1,11,0,0,0,1,1,2,0
1212,1,191,ferrones,-9,10,1,69,4,0,0,2,0,10,0,0,0,1,1,2,0
1212,1,192,ferrones,-9,10,1,71,4,0,0,2,0,9,0,0,0,1,1,2,0
1212,1,193,ferrones,-9,10,1,67,3,0,0,2,0,9,0,0,0,1,1,2,0
1212,1,194,ferrones,-9,10,1,69,3,0,0,2,0,9,0,0,0,1,1,2,0
1212,1,195,ferrones,-9,10,1,70,2,0,0,2,0,9,0,0,0,1,1,2,0
1212,1,196,ferrones,-9,10,1,66,1,0,0,2,0,9,0,0,0,1,1,2,0
1212,1,197,ferrones,-9,10,1,69,2,0,0,2,1,10,0,0,0,1,1,2,0
1212,1,198,ferrones,-9,10,1,71,2,0,0,2,1,11,0,0,0,1,1,2,0
1212,1,199,ferrones,-9,10,1,68,2,0,0,2,1,11,0,0,0,1,1,2,0
1212,1,200,ferrones,-9,10,1,72,3,0,0,2,1,11,0,0,0,1,1,2,0
1212,1,1,hortelanos,39,116,1,40,67,0,0,0,29,53,0,0,0,0,1,4,0
1212,1,2,hortelanos,39,116,1,47,63,0,0,0,29,40,0,0,0,0,1,0,1
1212,1,3,hortelanos,39,116,1,54,59,0,0,0,29,40,0,0,0,0,1,0,1
1212,1,4,hortelanos,39,116,1,61,55,0,0,0,29,40,0,0,0,0,1,0,1
1212,1,5,hortelanos,39,116,1,68,63,0,0,0,41,52,0,1,0,0,1,0,1
1212,1,6,hortelanos,38,112,1,74,63,0,0,0,41,71,0,0,0,0,1,1,0
1212,1,7,hortelanos,103,112,1,86,63,0,0,0,41,71,0,0,0,1,1,9,0
1212,1,8,hortelanos,121,112,1,95,74,0,0,0,41,71,0,0,0,2,1,3,0
1212,1,9,hortelanos,120,108,1,72,77,0,0,0,41,71,0,0,0,2,1,5,0
1212,1,10,hortelanos,120,108,1,97,91,0,0,0,41,69,0,0,0,2,1,2,0
1212,1,11,hortelanos,120,108,1,89,146,0,0,0,88,116,0,0,0,2,1,4,0
1212,1,12,hortelanos,120,108,1,96,202,0,0,0,88,116,0,0,0,2,1,4,0
1212,1,13,hortelanos,120,108,1,98,250,0,0,0,88,116,0,0,0,2,1,4,0
1212,1,14,hortelanos,120,108,1,115,293,0,0,0,88,116,0,0,0,2,1,4,0
1212,1,15,hortelanos,120,108,1,132,334,0,0,0,88,116,0,0,0,2,1,4,0
1212,1,16,hortelanos,120,108,1,122,375,0,0,0,88,116,0,0,0,2,1,5,0
1212,1,17,hortelanos,120,108,1,150,351,0,1,0,48,76,0,0,0,2,1,14,0
1212,1,18,hortelanos,128,108,1,126,355,0,1,0,48,76,0,0,0,2,1,3,0
1212,1,19,hortelanos,128,108,1,118,357,0,1,0,48,76,0,0,0,2,1,3,0
1212,1,20,hortelanos,128,108,1,118,358,0,1,0,48,76,0,0,0,2,1,3,0
1212,1,21,hortelanos,128,108,1,117,354,0,1,0,48,76,0,0,0,2,1,8,0
1212,1,22,hortelanos,136,108,1,115,355,0,1,0,48,76,0,0,0,2,1,3,0
1212,1,23,hortelanos,136,108,1,115,330,0,1,0,29,57,0,0,0,2,1,8,0
1212,1,24,hortelanos,136,108,1,104,314,0,1,0,29,47,0,0,0,2,1,3,0
1212,1,25,hortelanos,136,108,1,103,286,0,1,0,29,47,0,0,0,2,1,8,0
1212,1,26,hortelanos,136,108,1,101,271,0,1,0,29,47,0,0,0,2,1,3,0
1212,1,27,hortelanos,144,108,1,99,249,0,1,0,29,47,0,0,0,2,1,8,0
1212,1,28,hortelanos,144,108,1,107,234,0,1,0,29,47,0,0,0,2,1,3,0
1212,1,29,hortelanos,144,108,1,104,233,0,1,0,41,59,0,0,0,2,1,3,0
1212,1,30,hortelanos,144,108,1,111,232,0,1,0,41,69,0,0,0,2,1,3,0
1212,1,31,hortelanos,144,108,1,120,215,0,1,0,41,69,0,0,0,2,1,13,0
1212,1,32,hortelanos,152,108,1,129,214,0,1,0,41,69,0,0,0,2,1,3,0
1212,1,33,hortelanos,152,108,1,111,214,0,1,0,41,69,0,0,0,2,1,4,0
1212,1,34,hortelanos,152,108,1,118,213,0,2,0,41,69,0,0,0,2,1,3,0
1212,1,35,hortelanos,152,108,1,116,227,0,0,0,71,99,0,0,0,2,1,13,0
1212,1,36,hortelanos,160,108,1,124,255,0,0,0,71,99,0,0,0,2,1,3,0
1212,1,37,hortelanos,160,108,1,136,282,0,0,0,71,99,0,0,0,2,1,3,0
1212,1,38,hortelanos,160,108,1,120,308,0,0,0,71,99,0,0,0,2,1,4,0
1212,1,39,hortelanos,160,108,1,131,332,0,1,0,71,99,0,0,0,2,1,3,0
1212,1,40,hortelanos,160,108,1,117,356,0,1,0,71,99,0,0,0,2,1,4,0
1212,1,41,hortelanos,161,112,1,126,366,0,2,0,48,76,0,0,0,2,1,4,0
1212,1,42,hortelanos,161,112,1,149,360,0,2,0,48,78,0,0,0,2,1,5,0
1212,1,43,hortelanos,160,108,1,128,334,0,2,0,48,78,0,0,0,2,1,9,0
1212,1,44,hortelanos,160,108,1,143,281,0,2,0,48,76,0,0,0,2,1,8,0
1212,1,45,hortelanos,168,108,1,187,280,0,2,0,48,76,0,0,0,2,1,3,0
1212,1,46,hortelanos,258,165,2,235,279,0,2,0,48,76,0,0,0,3,1,2,0
1212,1,47,hortelanos,258,165,2,271,247,0,2,0,29,67,0,0,0,3,1,5,0
1212,1,48,hortelanos,258,165,2,211,216,0,2,0,35,63,0,0,0,3,1,11,0
1212,1,49,hortelanos,258,165,2,161,199,0,2,0,35,63,0,1,0,3,1,6,0
1212,1,50,hortelanos,266,167,2,151,197,0,2,0,48,76,0,1,0,3,1,5,0
1212,1,51,hortelanos,266,168,2,151,209,0,2,0,62,90,0,0,0,3,1,5,0
1212,1,52,hortelanos,266,168,2,153,217,0,2,0,62,92,0,0,0,3,1,5,0
1212,1,53,hortelanos,267,171,2,105,239,0,2,0,76,106,0,2,0,3,1,4,0
1212,1,54,hortelanos,267,174,2,78,225,0,2,0,76,116,0,0,0,3,1,5,0
1212,1,55,hortelanos,268,177,2,111,244,0,2,0,76,116,0,1,0,3,1,3,0
1212,1,56,hortelanos,324,265,3,125,266,0,2,0,76,119,0,0,0,4,1,4,0
1212,1,57,hortelanos,324,268,3,124,266,0,2,0,76,137,0,0,0,4,1,5,0
1212,1,58,hortelanos,325,271,3,126,253,0,1,0,76,137,0,1,0,4,1,10,0
1212,1,59,hortelanos,325,274,3,118,296,0,1,0,125,186,0,1,0,4,1,6,0
1212,1,60,hortelanos,334,278,3,119,325,0,2,0,157,220,0,1,0,4,1,5,0
1212,1,61,hortelanos,335,282,3,137,395,0,2,0,157,220,0,0,0,4,1,6,0
1212,1,62,hortelanos,352,325,4,156,463,0,2,0,157,220,0,0,0,4,1,4,0
1212,1,63,hortelanos,352,327,4,130,481,0,2,0,157,230,0,0,0,4,1,6,0
1212,1,64,hortelanos,352,329,4,132,534,0,2,0,157,230,0,1,0,4,1,6,0
1212,1,65,hortelanos,369,371,5,150,558,0,2,0,127,200,0,1,0,4,1,6,0
1212,1,66,hortelanos,369,370,5,127,551,0,2,0,121,200,0,0,0,4,1,6,0
1212,1,67,hortelanos,369,373,5,145,540,0,2,0,121,202,0,1,0,4,1,11,0
1212,1,68,hortelanos,370,376,5,146,546,0,2,0,121,202,0,0,0,4,1,5,0
1212,1,69,hortelanos,378,379,5,161,549,0,2,0,121,202,0,1,0,4,1,6,0
1212,1,70,hortelanos,379,383,5,113,557,0,2,0,125,208,0,0,0,4,1,6,0
1212,1,71,hortelanos,380,387,5,130,540,0,2,0,102,185,0,0,0,4,1,6,0
1212,1,72,hortelanos,380,389,5,139,509,0,2,0,102,177,0,1,0,4,1,10,0
1212,1,73,hortelanos,381,391,5,138,498,0,2,0,106,181,0,0,0,4,1,5,0
1212,1,74,hortelanos,389,393,5,147,485,0,2,0,106,181,0,0,0,4,1,6,0
1212,1,75,hortelanos,390,395,5,158,472,0,2,0,106,183,0,0,0,4,1,5,0
1212,1,76,hortelanos,390,397,5,122,459,0,2,0,106,183,0,1,0,4,1,5,0
1212,1,77,hortelanos,390,399,5,136,462,0,2,0,120,197,0,0,0,4,1,4,0
1212,1,78,hortelanos,391,401,5,160,454,0,2,0,120,207,0,0,0,4,1,9,0
1212,1,79,hortelanos,391,403,5,184,457,0,2,0,120,207,0,0,0,4,1,5,0
1212,1,80,hortelanos,399,403,5,160,459,0,2,0,120,209,0,0,0,4,1,4,0
1212,1,81,hortelanos,399,404,5,183,459,0,2,0,120,209,0,1,0,4,1,7,0
1212,1,82,hortelanos,399,404,5,208,459,0,2,0,120,211,0,0,0,4,1,5,0
1212,1,83,hortelanos,399,404,5,223,494,0,2,0,156,247,0,0,0,4,1,5,0
1212,1,84,hortelanos,399,404,5,198,526,0,2,0,156,247,0,1,0,4,1,6,0
1212,1,85,hortelanos,399,404,5,223,558,0,2,0,156,250,0,0,0,4,1,5,0
1212,1,86,hortelanos,399,404,5,241,589,0,2,0,156,250,0,0,0,4,1,4,0
1212,1,87,hortelanos,399,404,5,266,618,0,2,0,156,250,0,1,0,4,1,6,0
1212,1,88,hortelanos,400,408,5,292,656,0,2,0,163,257,0,0,0,4,1,5,0
1212,1,89,hortelanos,399,404,5,318,645,0,2,0,136,230,0,0,0,4,1,5,0
1212,1,90,hortelanos,399,404,5,297,625,0,2,0,136,230,0,1,0,4,1,14,0
1212,1,91,hortelanos,399,404,5,363,633,0,2,0,144,238,0,0,0,4,1,4,0
1212,1,92,hortelanos,407,404,5,407,601,0,2,0,144,238,0,0,0,4,1,3,0
1212,1,93,hortelanos,408,407,5,433,614,0,2,0,144,238,0,1,0,4,1,5,0
1212,1,94,hortelanos,430,475,6,386,631,0,2,0,144,238,0,0,0,4,1,3,0
1212,1,95,hortelanos,430,478,6,376,568,0,2,0,121,227,0,0,0,4,1,6,0
1212,1,96,hortelanos,430,478,6,349,547,0,2,0,121,217,0,0,0,4,1,5,0
1212,1,97,hortelanos,456,568,7,373,528,0,2,0,121,217,0,1,0,4,1,6,0
1212,1,98,hortelanos,456,568,7,405,487,0,2,0,134,248,0,1,0,4,1,9,0
1212,1,99,hortelanos,457,571,7,381,476,0,2,0,148,262,0,0,0,4,1,6,0
1212,1,100,hortelanos,465,574,7,408,462,0,2,0,148,264,0,1,0,4,1,6,0
1212,1,101,hortelanos,466,577,7,428,463,0,2,0,167,283,0,1,0,4,1,6,0
1212,1,102,hortelanos,467,580,7,471,469,0,2,0,173,299,0,2,0,4,1,6,0
1212,1,103,hortelanos,467,584,7,466,478,0,2,0,173,301,0,0,0,4,1,5,0
1212,1,104,hortelanos,468,588,7,484,437,0,2,0,173,301,0,0,0,4,1,10,0
1212,1,105,hortelanos,476,589,7,532,446,0,2,0,173,301,0,0,0,4,1,5,0
1212,1,106,hortelanos,498,659,8,578,453,0,2,0,173,303,0,1,0,4,1,6,0
1212,1,107,hortelanos,498,659,8,579,440,0,2,0,209,353,0,0,0,4,1,7,0
1212,1,108,hortelanos,498,659,8,618,457,0,0,0,209,353,0,1,0,4,1,11,0
1212,1,109,hortelanos,525,711,9,630,485,0,0,0,215,359,0,1,0,4,1,5,0
1212,1,110,hortelanos,525,713,9,627,500,0,2,0,215,372,0,0,0,4,1,6,0
1212,1,111,hortelanos,526,715,9,659,512,0,4,0,215,372,0,1,0,4,1,6,0
1212,1,112,hortelanos,526,717,9,701,521,0,3,0,218,375,0,1,0,4,1,11,0
1212,1,113,hortelanos,534,719,9,753,514,0,3,0,195,352,0,1,0,4,1,5,0
1212,1,114,hortelanos,534,719,9,750,509,0,3,0,195,354,0,0,0,4,1,6,0
1212,1,115,hortelanos,534,719,9,804,504,0,3,0,195,354,0,1,0,4,1,7,0
1212,1,116,hortelanos,534,719,9,843,502,0,3,0,206,365,0,0,0,4,1,9,0
1212,1,117,hortelanos,542,719,9,887,507,0,3,0,206,365,0,1,0,4,1,6,0
1212,1,118,hortelanos,542,719,9,891,518,0,3,0,213,372,0,1,0,4,1,6,0
1212,1,119,hortelanos,542,719,9,898,508,0,3,0,190,349,0,0,0,4,1,5,0
1212,1,120,hortelanos,542,719,9,942,488,0,3,0,190,339,0,0,0,4,1,11,0
1212,1,121,hortelanos,543,722,9,989,478,0,3,0,190,339,0,1,0,4,1,4,0
1212,1,122,hortelanos,552,725,9,1036,470,0,3,0,190,339,0,0,0,4,1,4,0
1212,1,123,hortelanos,552,728,9,1020,459,0,3,0,190,339,0,0,0,4,1,6,0
1212,1,124,hortelanos,553,734,9,1064,445,0,3,0,190,339,0,1,0,4,1,6,0
1212,1,125,hortelanos,555,741,9,1113,446,0,3,0,204,355,0,1,0,4,1,4,0
1212,1,126,hortelanos,556,748,9,1172,448,0,3,0,204,372,0,0,0,4,1,4,0
1212,1,127,hortelanos,557,754,9,1173,446,0,3,0,204,374,0,1,0,4,1,5,0
1212,1,128,hortelanos,559,760,9,1236,443,0,3,0,204,376,0,1,0,4,1,5,0
1212,1,129,hortelanos,560,769,9,1291,438,0,3,0,204,381,0,1,0,4,1,5,0
1212,1,130,hortelanos,563,782,9,1366,432,0,3,0,204,381,0,1,0,4,1,5,0
1212,1,131,hortelanos,564,788,9,1363,476,0,3,0,267,450,0,0,0,4,1,5,0
1212,1,132,hortelanos,566,799,9,1400,438,0,1,0,229,412,0,0,0,4,1,10,0
1212,1,133,hortelanos,568,807,9,1404,449,0,1,0,229,414,0,0,0,4,1,6,0
1212,1,134,hortelanos,594,859,10,1462,454,0,2,0,229,416,0,0,0,4,1,6,0
1212,1,135,hortelanos,595,864,10,1520,449,0,3,0,229,426,0,0,0,4,1,5,0
1212,1,136,hortelanos,597,870,10,1529,443,0,3,0,229,428,0,1,0,4,1,6,0
1212,1,137,hortelanos,597,870,10,1590,403,0,3,0,194,395,0,1,0,4,1,6,0
1212,1,138,hortelanos,598,876,10,1651,395,0,3,0,226,427,0,1,0,4,1,5,0
1212,1,139,hortelanos,598,879,10,1704,392,0,3,0,233,434,0,1,0,4,1,5,0
1212,1,140,hortelanos,599,881,10,1727,396,0,3,0,240,443,0,1,0,4,1,4,0
1212,1,141,hortelanos,599,883,10,1770,366,0,3,0,244,447,0,0,0,4,1,5,0
1212,1,142,hortelanos,599,884,10,1843,376,0,3,0,244,447,0,0,0,4,1,5,0
1212,1,143,hortelanos,621,954,11,1918,349,0,3,0,207,412,0,0,0,4,1,4,0
1212,1,144,hortelanos,621,954,11,1969,307,0,3,0,207,417,0,0,0,4,1,5,0
1212,1,145,hortelanos,621,954,11,1970,265,0,3,0,207,417,0,0,0,4,1,6,0
1212,1,146,hortelanos,621,954,11,2039,222,0,3,0,207,417,0,1,0,4,1,6,0
1212,1,147,hortelanos,621,954,11,2098,189,0,3,0,213,423,0,1,0,4,1,4,0
1212,1,148,hortelanos,621,954,11,2167,164,0,3,0,220,430,0,0,0,4,1,5,0
1212,1,149,hortelanos,621,954,11,2186,159,0,3,0,242,452,0,1,0,4,1,5,0
1212,1,150,hortelanos,622,957,11,2264,156,0,3,0,242,461,0,1,0,4,1,5,0
1212,1,151,hortelanos,623,960,11,2342,152,0,3,0,242,461,0,1,0,4,1,6,0
1212,1,152,hortelanos,623,963,11,2402,196,0,3,0,287,498,0,0,0,4,1,3,0
1212,1,153,hortelanos,624,966,11,2419,238,0,3,0,287,498,0,0,0,4,1,4,0
1212,1,154,hortelanos,625,970,11,2461,236,0,3,0,287,500,0,0,0,4,1,5,0
1212,1,155,hortelanos,625,974,11,2533,337,0,3,0,356,569,0,0,0,4,1,5,0
1212,1,156,hortelanos,645,1030,12,2607,433,0,3,0,356,571,0,0,0,4,1,4,0
1212,1,157,hortelanos,646,1036,12,2668,519,0,3,0,363,588,0,0,0,4,1,5,0
1212,1,158,hortelanos,647,1042,12,2679,598,0,3,0,363,588,0,1,0,4,1,6,0
1212,1,159,hortelanos,648,1048,12,2742,678,0,1,0,379,606,0,1,0,4,1,11,0
1212,1,160,hortelanos,657,1054,12,2790,776,0,1,0,395,622,0,1,0,4,1,7,0
1212,1,161,hortelanos,658,1058,12,2716,814,0,2,0,340,575,0,1,0,4,1,5,0
1212,1,162,hortelanos,659,1062,12,2723,863,0,2,0,351,586,0,1,0,4,1,5,0
1212,1,163,hortelanos,659,1064,12,2764,875,0,2,0,357,592,0,1,0,4,1,5,0
1212,1,164,hortelanos,659,1064,12,2836,922,0,2,0,363,600,0,0,0,4,1,10,0
1212,1,165,hortelanos,687,1124,13,2915,977,0,2,0,363,600,0,0,0,4,1,4,0
1212,1,166,hortelanos,687,1124,13,2939,977,0,2,0,363,612,0,0,0,4,1,6,0
1212,1,167,hortelanos,687,1124,13,2947,951,0,2,0,298,547,0,0,0,4,1,6,0
1212,1,168,hortelanos,706,1176,14,3013,912,0,2,0,298,538,0,1,0,4,1,11,0
1212,1,169,hortelanos,706,1178,14,3030,843,0,2,0,304,554,0,1,0,4,1,6,0
1212,1,170,hortelanos,715,1180,14,3026,822,0,2,0,311,561,0,0,0,4,1,6,0
1212,1,171,hortelanos,732,1229,15,3090,799,0,2,0,311,561,0,1,0,4,1,6,0
1212,1,172,hortelanos,733,1233,15,3132,772,0,2,0,316,574,0,1,0,4,1,5,0
1212,1,173,hortelanos,734,1235,15,3169,787,0,2,0,359,619,0,0,0,4,1,6,0
1212,1,174,hortelanos,734,1237,15,3196,797,0,2,0,359,622,0,3,0,4,1,7,0
1212,1,175,hortelanos,734,1239,15,3265,821,0,2,0,369,632,0,0,0,4,1,5,0
1212,1,176,hortelanos,735,1241,15,3334,844,0,2,0,369,632,0,0,0,4,1,4,0
1212,1,177,hortelanos,735,1243,15,3410,865,0,2,0,369,632,0,0,0,4,1,4,0
1212,1,178,hortelanos,735,1244,15,3398,847,0,2,0,369,632,0,0,0,4,1,5,0
1212,1,179,hortelanos,736,1248,15,3478,976,0,3,0,482,747,0,0,0,4,1,6,0
1212,1,180,hortelanos,755,1301,16,3518,1089,0,3,0,482,747,0,0,0,4,1,6,0
1212,1,181,hortelanos,755,1303,16,3561,1182,0,1,0,482,757,0,1,0,4,1,11,0
1212,1,182,hortelanos,755,1304,16,3552,1289,0,1,0,493,768,0,2,0,4,1,9,0
1212,1,183,hortelanos,755,1304,16,3619,1410,0,2,0,513,794,0,2,0,4,1,7,0
1212,1,184,hortelanos,755,1304,16,3675,1549,0,3,0,533,814,0,1,0,4,1,5,0
1212,1,185,hortelanos,763,1304,16,3752,1606,0,3,0,453,734,0,1,0,4,1,5,0
1212,1,186,hortelanos,763,1304,16,3772,1672,0,3,0,463,744,0,0,0,4,1,4,0
1212,1,187,hortelanos,763,1304,16,3842,1735,0,3,0,463,744,0,0,0,4,1,5,0
1212,1,188,hortelanos,763,1304,16,3919,1784,0,3,0,463,744,0,0,0,4,1,9,0
1212,1,189,hortelanos,771,1304,16,3989,1843,0,3,0,463,744,0,0,0,4,1,4,0
1212,1,190,hortelanos,771,1304,16,4009,1899,0,3,0,463,744,0,0,0,4,1,4,0
1212,1,191,hortelanos,771,1304,16,4081,1870,0,3,0,376,657,0,0,0,4,1,5,0
1212,1,192,hortelanos,771,1304,16,4145,1830,0,3,0,376,648,0,0,0,4,1,9,0
1212,1,193,hortelanos,779,1304,16,4208,1803,0,3,0,376,648,0,0,0,4,1,4,0
1212,1,194,hortelanos,779,1304,16,4225,1777,0,3,0,376,648,0,0,0,4,1,4,0
1212,1,195,hortelanos,779,1304,16,4289,1751,0,3,0,376,648,0,0,0,4,1,5,0
1212,1,196,hortelanos,780,1307,16,4353,1714,0,3,0,376,648,0,1,0,4,1,9,0
1212,1,197,hortelanos,789,1310,16,4413,1741,0,3,0,427,699,0,0,0,4,1,5,0
1212,1,198,hortelanos,789,1313,16,4435,1766,0,3,0,427,700,0,0,0,4,1,4,0
1212,1,199,hortelanos,790,1316,16,4500,1789,0,3,0,427,700,0,0,0,4,1,5,0
1212,1,200,hortelanos,950,1319,16,4570,1810,0,3,0,427,702,0,1,1,5,1,4,0
1212,1,1,mercaderes,39,116,1,468,49,0,0,0,11,43,0,0,0,0,1,3,0
1212,1,2,mercaderes,39,116,1,426,30,0,0,0,11,30,0,0,0,0,1,4,0
1212,1,3,mercaderes,39,116,1,402,19,0,0,0,11,30,0,0,0,0,1,3,0
1212,1,4,mercaderes,39,116,1,378,8,0,0,0,11,30,0,0,0,0,1,3,0
1212,1,5,mercaderes,38,116,1,314,7,0,0,0,18,37,1,0,0,0,1,4,0
1212,1,6,mercaderes,37,116,1,268,4,0,2,0,18,48,1,0,0,0,1,4,0
1212,1,7,mercaderes,35,113,1,260,4,0,4,0,18,48,1,0,0,0,1,3,0
1212,1,8,mercaderes,34,110,1,245,7,0,4,0,18,48,1,0,0,0,1,3,0
1212,1,9,mercaderes,32,107,1,233,7,0,4,0,18,48,1,0,0,0,1,3,0
1212,1,10,mercaderes,30,104,1,219,7,0,4,0,18,46,1,0,0,0,1,3,0
1212,1,11,mercaderes,30,104,1,204,20,0,3,0,32,60,0,0,0,0,1,3,0
1212,1,12,mercaderes,30,104,1,189,33,0,2,0,32,60,0,0,0,0,1,3,0
1212,1,13,mercaderes,30,104,1,172,46,0,1,0,32,60,0,0,0,0,1,3,0
1212,1,14,mercaderes,30,104,1,141,57,0,1,0,32,60,0,0,0,0,1,4,0
1212,1,15,mercaderes,30,104,1,113,69,0,2,0,36,64,0,0,0,0,1,4,0
1212,1,16,mercaderes,30,100,1,88,72,0,1,0,36,64,0,0,0,0,1,4,0
1212,1,17,mercaderes,29,96,1,82,46,0,1,0,18,46,0,0,0,0,1,8,0
1212,1,18,mercaderes,29,96,1,90,46,0,0,0,18,44,0,0,0,0,1,2,0
1212,1,19,mercaderes,47,96,1,90,44,0,0,0,18,44,0,0,0,1,1,2,0
1212,1,20,mercaderes,47,96,1,92,44,0,0,0,18,44,0,0,0,1,1,3,0
1212,1,21,mercaderes,47,96,1,91,42,0,0,0,18,44,0,1,0,1,1,4,0
1212,1,22,mercaderes,47,96,1,91,42,0,0,0,18,44,0,0,0,1,1,3,0
1212,1,23,mercaderes,47,96,1,90,35,0,0,0,11,37,0,0,0,1,1,3,0
1212,1,24,mercaderes,47,96,1,84,29,0,0,0,11,28,0,0,0,1,1,2,0
1212,1,25,mercaderes,47,96,1,84,23,0,0,0,11,28,0,0,0,1,1,3,0
1212,1,26,mercaderes,47,96,1,81,15,0,0,0,11,28,0,0,0,1,1,3,0
1212,1,27,mercaderes,47,96,1,81,7,0,0,0,11,28,0,0,0,1,1,3,0
1212,1,28,mercaderes,46,96,1,78,4,0,0,0,11,28,1,0,0,1,1,3,0
1212,1,29,mercaderes,45,96,1,94,4,0,0,0,18,35,1,0,0,1,1,3,0
1212,1,30,mercaderes,43,94,1,95,4,0,0,0,18,44,1,0,0,1,1,3,0
1212,1,31,mercaderes,42,92,1,98,4,0,0,0,18,44,1,0,0,1,1,3,0
1212,1,32,mercaderes,41,90,1,92,4,0,0,0,16,42,1,0,0,1,1,3,0
1212,1,33,mercaderes,39,88,1,98,4,0,0,0,16,42,1,0,0,1,1,3,0
1212,1,34,mercaderes,38,86,1,90,4,0,0,0,16,40,1,0,0,1,1,4,0
1212,1,35,mercaderes,38,86,1,85,14,0,0,0,27,40,0,0,0,1,1,3,0
1212,1,36,mercaderes,38,86,1,79,28,0,0,0,32,45,0,0,0,1,1,3,0
1212,1,37,mercaderes,38,86,1,77,42,0,0,0,32,45,0,0,0,1,1,3,0
1212,1,38,mercaderes,38,86,1,77,55,0,0,0,32,45,0,0,0,1,1,3,0
1212,1,39,mercaderes,37,82,1,55,57,0,0,0,32,45,0,0,0,1,1,3,0
1212,1,40,mercaderes,36,78,1,50,65,0,0,0,36,49,0,0,0,1,1,2,0
1212,1,41,mercaderes,36,78,1,59,53,0,0,0,22,34,0,0,0,1,1,5,0
1212,1,42,mercaderes,36,78,1,68,54,0,0,0,22,34,0,0,0,1,1,0,1
1212,1,43,mercaderes,44,78,1,69,55,0,0,0,22,34,0,0,0,1,1,3,0
1212,1,44,mercaderes,44,78,1,71,57,0,0,0,22,34,0,0,0,1,1,3,0
1212,1,45,mercaderes,44,78,1,72,58,0,0,0,22,34,0,1,0,1,1,4,0
1212,1,46,mercaderes,44,78,1,72,61,0,0,0,22,34,0,0,0,1,1,3,0
1212,1,47,mercaderes,44,78,1,72,40,0,0,0,11,23,0,0,0,1,1,8,0
1212,1,48,mercaderes,44,78,1,72,33,0,0,0,11,23,0,0,0,1,1,3,0
1212,1,49,mercaderes,52,78,1,72,26,0,0,0,11,23,0,0,0,1,1,3,0
1212,1,50,mercaderes,52,78,1,72,20,0,0,0,11,23,0,0,0,1,1,3,0
1212,1,51,mercaderes,52,78,1,72,14,0,0,0,11,23,0,0,0,1,1,3,0
1212,1,52,mercaderes,52,78,1,72,8,0,0,0,11,23,0,0,0,1,1,3,0
1212,1,53,mercaderes,52,78,1,72,9,0,0,0,18,30,0,0,0,1,1,3,0
1212,1,54,mercaderes,52,78,1,78,10,0,0,0,18,35,0,0,0,1,1,3,0
1212,1,55,mercaderes,52,78,1,78,11,0,0,0,18,35,0,0,0,1,1,2,0
1212,1,56,mercaderes,52,78,1,80,14,0,0,0,18,35,0,0,0,1,1,2,0
1212,1,57,mercaderes,52,78,1,80,17,0,0,0,18,35,0,0,0,1,1,3,0
1212,1,58,mercaderes,52,78,1,80,20,0,0,0,18,35,0,0,0,1,1,3,0
1212,1,59,mercaderes,52,78,1,80,40,0,0,0,36,53,0,0,0,1,1,3,0
1212,1,60,mercaderes,52,78,1,81,59,0,0,0,36,53,0,0,0,1,1,3,0
1212,1,61,mercaderes,52,78,1,80,77,0,0,0,36,53,0,0,0,1,1,3,0
1212,1,62,mercaderes,52,78,1,80,95,0,0,0,36,53,0,0,0,1,1,3,0
1212,1,63,mercaderes,67,78,1,80,112,0,0,0,36,53,0,0,0,2,1,3,0
1212,1,64,mercaderes,67,78,1,80,128,0,0,0,36,53,0,0,0,2,1,3,0
1212,1,65,mercaderes,67,78,1,79,118,0,0,0,22,39,0,0,0,2,1,8,0
1212,1,66,mercaderes,67,78,1,79,117,0,0,0,22,39,0,0,0,2,1,4,0
1212,1,67,mercaderes,75,78,1,79,118,0,0,0,22,39,0,0,0,2,1,3,0
1212,1,68,mercaderes,75,78,1,48,81,0,0,0,22,39,0,0,0,2,1,5,0
1212,1,69,mercaderes,75,78,1,67,83,0,0,0,22,39,0,0,0,2,1,1,0
1212,1,70,mercaderes,111,118,2,74,83,0,0,0,22,39,0,0,0,3,1,3,0
1212,1,71,mercaderes,111,118,2,65,51,0,0,0,11,36,0,0,0,3,1,9,0
1212,1,72,mercaderes,111,118,2,62,33,0,0,0,11,31,0,0,0,3,1,3,0
1212,1,73,mercaderes,119,118,2,70,12,0,0,0,11,31,0,1,0,3,1,3,0
1212,1,74,mercaderes,118,118,2,68,0,0,0,0,14,34,1,1,0,3,1,3,0
1212,1,75,mercaderes,117,118,2,153,2,0,0,0,17,37,1,0,0,3,1,3,0
1212,1,76,mercaderes,116,115,2,115,1,0,0,0,17,37,1,0,0,3,1,3,0
1212,1,77,mercaderes,116,115,2,99,8,0,0,0,28,46,0,0,0,3,1,4,0
1212,1,78,mercaderes,116,115,2,81,12,0,0,0,28,47,0,0,0,3,1,4,0
1212,1,79,mercaderes,116,115,2,81,16,0,0,0,28,47,0,0,0,3,1,3,0
1212,1,80,mercaderes,116,115,2,76,20,0,0,0,28,47,0,0,0,3,1,3,0
1212,1,81,mercaderes,116,115,2,77,24,0,0,0,28,47,0,0,0,3,1,3,0
1212,1,82,mercaderes,116,115,2,76,28,0,0,0,30,49,0,0,0,3,1,3,0
1212,1,83,mercaderes,116,116,2,76,61,0,0,0,60,79,0,0,0,3,1,3,0
1212,1,84,mercaderes,116,118,2,45,53,0,0,0,60,79,0,0,0,3,1,4,0
1212,1,85,mercaderes,117,120,2,59,84,0,0,0,60,79,0,0,0,3,1,2,0
1212,1,86,mercaderes,161,153,3,72,110,0,0,0,60,82,0,0,0,4,1,0,1
1212,1,87,mercaderes,162,156,3,70,127,0,0,0,60,88,0,0,0,4,1,5,0
1212,1,88,mercaderes,162,159,3,72,145,0,0,0,60,88,0,0,0,4,1,3,0
1212,1,89,mercaderes,162,159,3,74,128,0,0,0,37,67,0,0,0,4,1,8,0
1212,1,90,mercaderes,162,159,3,74,123,0,0,0,37,67,0,0,0,4,1,3,0
1212,1,91,mercaderes,170,159,3,75,120,0,0,0,37,67,0,0,0,4,1,3,0
1212,1,92,mercaderes,170,159,3,45,78,0,0,0,37,67,0,0,0,4,1,4,0
1212,1,93,mercaderes,170,159,3,60,76,0,0,0,37,67,0,0,0,4,1,1,0
1212,1,94,mercaderes,184,189,4,71,72,0,0,0,37,67,0,0,0,4,1,0,1
1212,1,95,mercaderes,184,189,4,68,42,0,0,0,18,54,0,0,0,4,1,4,0
1212,1,96,mercaderes,184,189,4,66,15,0,0,0,18,49,0,0,0,4,1,3,0
1212,1,97,mercaderes,183,189,4,65,1,0,0,0,18,49,1,0,0,4,1,3,0
1212,1,98,mercaderes,182,189,4,101,1,0,0,0,18,49,1,0,0,4,1,4,0
1212,1,99,mercaderes,180,184,4,68,1,0,0,0,18,45,1,0,0,4,1,3,0
1212,1,100,mercaderes,178,179,4,70,7,0,0,0,18,41,1,0,0,4,1,3,0
1212,1,101,mercaderes,176,174,4,58,1,0,0,0,30,50,1,0,0,4,1,2,0
1212,1,102,mercaderes,174,169,4,63,2,0,0,0,30,55,1,0,0,4,1,1,0
1212,1,103,mercaderes,172,164,4,62,0,0,0,0,28,51,1,0,0,4,1,0,1
1212,1,104,mercaderes,171,160,4,61,0,0,0,0,28,51,1,0,0,4,1,1,0
1212,1,105,mercaderes,169,156,4,57,0,0,0,0,25,45,1,0,0,4,1,0,1
1212,1,106,mercaderes,167,152,4,53,0,0,0,0,25,45,1,0,0,4,1,0,1
1212,1,107,mercaderes,102,105,2,49,12,0,0,0,50,68,0,0,0,4,1,1,0
1212,1,108,mercaderes,102,107,2,53,35,0,0,0,50,64,0,0,0,4,1,0,1
1212,1,109,mercaderes,102,109,2,57,57,0,0,0,50,64,0,0,0,4,1,0,1
1212,1,110,mercaderes,103,111,2,61,77,0,0,0,50,64,0,0,0,4,1,0,1
1212,1,111,mercaderes,103,113,2,64,103,0,0,0,57,71,0,0,0,4,1,1,0
1212,1,112,mercaderes,104,115,2,65,127,0,0,0,57,72,0,0,0,4,1,1,0
1212,1,113,mercaderes,104,117,2,65,117,0,0,0,35,50,0,0,0,4,1,7,0
1212,1,114,mercaderes,104,119,2,67,120,0,0,0,35,50,0,0,0,4,1,2,0
1212,1,115,mercaderes,113,121,2,67,122,0,0,0,35,50,0,0,0,4,1,3,0
1212,1,116,mercaderes,113,123,2,67,125,0,0,0,37,52,0,0,0,4,1,3,0
1212,1,117,mercaderes,113,123,2,68,128,0,0,0,37,53,0,0,0,4,1,3,0
1212,1,118,mercaderes,113,123,2,68,131,0,0,0,37,53,0,0,0,4,1,4,0
1212,1,119,mercaderes,113,123,2,72,116,0,0,0,18,38,0,0,0,4,1,3,0
1212,1,120,mercaderes,113,123,2,72,101,0,0,0,18,38,0,0,0,4,1,3,0
1212,1,121,mercaderes,113,123,2,73,87,0,0,0,17,37,0,0,0,4,1,3,0
1212,1,122,mercaderes,113,123,2,73,74,0,0,0,17,37,0,0,0,4,1,2,0
1212,1,123,mercaderes,113,123,2,74,62,0,0,0,17,37,0,0,0,4,1,2,0
1212,1,124,mercaderes,114,127,2,84,52,0,0,0,17,37,0,0,0,4,1,4,0
1212,1,125,mercaderes,114,127,2,74,52,0,0,0,30,50,0,0,0,4,1,3,0
1212,1,126,mercaderes,114,127,2,81,53,0,0,0,30,54,0,0,0,4,1,2,0
1212,1,127,mercaderes,114,127,2,79,53,0,0,0,30,54,0,0,0,4,1,3,0
1212,1,128,mercaderes,114,127,2,80,54,0,0,0,30,54,0,0,0,4,1,3,0
1212,1,129,mercaderes,114,127,2,80,55,0,0,0,30,54,0,0,0,4,1,3,0
1212,1,130,mercaderes,114,127,2,80,56,0,0,0,30,54,0,0,0,4,1,3,0
1212,1,131,mercaderes,114,127,2,81,92,0,0,0,66,90,0,0,0,4,1,3,0
1212,1,132,mercaderes,113,123,2,35,70,0,0,0,57,81,0,0,0,4,1,4,0
1212,1,133,mercaderes,113,123,2,55,98,0,0,0,57,81,0,0,0,4,1,1,0
1212,1,134,mercaderes,128,159,3,39,82,0,0,0,57,81,0,0,0,4,1,1,0
1212,1,135,mercaderes,129,160,3,50,96,0,0,0,57,87,0,0,0,4,1,1,0
1212,1,136,mercaderes,142,187,4,61,109,0,0,0,57,87,0,0,0,4,1,0,1
1212,1,137,mercaderes,142,187,4,65,79,0,0,0,32,63,0,0,0,4,1,7,0
1212,1,138,mercaderes,142,187,4,65,62,0,0,0,37,68,0,0,0,4,1,2,0
1212,1,139,mercaderes,150,187,4,67,52,0,0,0,37,68,0,0,0,4,1,2,0
1212,1,140,mercaderes,150,187,4,67,43,0,0,0,37,68,0,0,0,4,1,3,0
1212,1,141,mercaderes,150,187,4,67,34,0,0,0,37,68,0,0,0,4,1,4,0
1212,1,142,mercaderes,150,187,4,68,25,0,0,0,37,69,0,0,0,4,1,3,0
1212,1,143,mercaderes,149,187,4,68,1,0,0,0,17,49,1,0,0,4,1,3,0
1212,1,144,mercaderes,148,187,4,111,1,0,0,0,17,45,1,0,0,4,1,3,0
1212,1,145,mercaderes,146,183,4,67,1,0,0,0,18,46,1,0,0,4,1,4,0
1212,1,146,mercaderes,144,179,4,76,7,0,0,0,18,41,1,0,0,4,1,2,0
1212,1,147,mercaderes,143,175,4,64,1,0,0,0,18,41,1,0,0,4,1,2,0
1212,1,148,mercaderes,141,171,4,67,3,0,0,0,18,41,1,0,0,4,1,2,0
1212,1,149,mercaderes,139,167,4,59,0,0,0,0,28,49,1,0,0,4,1,2,0
1212,1,150,mercaderes,137,163,4,62,1,0,0,0,28,53,1,0,0,4,1,2,0
1212,1,151,mercaderes,135,159,4,59,0,0,0,0,27,48,1,0,0,4,1,1,0
1212,1,152,mercaderes,100,125,3,57,0,0,0,0,25,48,1,0,0,4,1,0,1
1212,1,153,mercaderes,98,122,3,61,0,0,0,0,25,48,1,0,0,4,1,0,1
1212,1,154,mercaderes,96,119,3,65,0,0,0,0,25,48,1,0,0,4,1,1,0
1212,1,155,mercaderes,65,103,2,59,12,0,0,0,41,59,0,0,0,4,1,2,0
1212,1,156,mercaderes,66,107,2,68,33,0,0,0,46,64,0,0,0,4,1,1,0
1212,1,157,mercaderes,67,111,2,67,55,0,0,0,50,68,0,0,0,4,1,3,0
1212,1,158,mercaderes,68,115,2,69,76,0,0,0,50,68,0,0,0,4,1,3,0
1212,1,159,mercaderes,68,118,2,69,96,0,0,0,50,68,0,0,0,4,1,2,0
1212,1,160,mercaderes,69,120,2,71,119,0,0,0,54,73,0,0,0,4,1,2,0
1212,1,161,mercaderes,69,120,2,72,107,0,0,0,33,53,0,0,0,4,1,8,0
1212,1,162,mercaderes,69,120,2,72,110,0,0,0,35,55,0,0,0,4,1,3,0
1212,1,163,mercaderes,77,120,2,42,74,0,0,0,35,55,0,0,0,4,1,4,0
1212,1,164,mercaderes,77,120,2,54,78,0,0,0,35,55,0,0,0,4,1,1,0
1212,1,165,mercaderes,89,143,3,63,80,0,0,0,35,55,0,0,0,4,1,0,1
1212,1,166,mercaderes,89,143,3,62,77,0,0,0,35,56,0,0,0,4,1,2,0
1212,1,167,mercaderes,89,143,3,62,58,0,0,0,18,39,0,0,0,4,1,1,0
1212,1,168,mercaderes,89,143,3,62,40,0,0,0,18,39,0,0,0,4,1,1,0
1212,1,169,mercaderes,89,143,3,62,23,0,0,0,18,39,0,0,0,4,1,2,0
1212,1,170,mercaderes,89,143,3,67,6,0,0,0,18,44,0,0,0,4,1,2,0
1212,1,171,mercaderes,88,143,3,69,0,0,0,0,18,46,1,0,0,4,1,3,0
1212,1,172,mercaderes,87,143,3,97,1,0,0,0,18,46,1,0,0,4,1,3,0
1212,1,173,mercaderes,86,140,3,73,2,0,0,0,30,58,1,0,0,4,1,3,0
1212,1,174,mercaderes,84,137,3,86,4,0,0,0,30,61,1,0,0,4,1,2,0
1212,1,175,mercaderes,82,134,3,78,2,0,0,0,28,59,1,0,0,4,1,3,0
1212,1,176,mercaderes,81,131,3,79,4,0,0,0,28,59,1,0,0,4,1,3,0
1212,1,177,mercaderes,79,128,3,72,4,0,0,0,27,51,1,0,0,4,1,3,0
1212,1,178,mercaderes,78,125,3,72,4,0,0,0,27,50,1,0,0,4,1,2,0
1212,1,179,mercaderes,78,125,3,70,25,0,0,0,50,73,0,0,0,4,1,2,0
1212,1,180,mercaderes,79,130,3,68,45,0,0,0,50,73,0,0,0,4,1,2,0
1212,1,181,mercaderes,80,135,3,68,67,0,0,0,54,77,0,0,0,4,1,3,0
1212,1,182,mercaderes,81,140,3,66,86,0,0,0,54,77,0,0,0,4,1,3,0
1212,1,183,mercaderes,81,141,3,69,105,0,0,0,57,83,0,0,0,4,1,3,0
1212,1,184,mercaderes,81,142,3,69,132,0,0,0,66,92,0,0,0,4,1,2,0
1212,1,185,mercaderes,81,143,3,70,122,0,0,0,41,67,0,0,0,4,1,7,0
1212,1,186,mercaderes,81,144,3,70,125,0,0,0,41,67,0,0,0,4,1,3,0
1212,1,187,mercaderes,90,145,3,70,127,0,0,0,41,67,0,0,0,4,1,3,0
1212,1,188,mercaderes,90,146,3,70,131,0,0,0,43,69,0,0,0,4,1,3,0
1212,1,189,mercaderes,90,147,3,40,97,0,0,0,43,69,0,0,0,4,1,4,0
1212,1,190,mercaderes,90,148,3,50,97,0,0,0,37,63,0,0,0,4,1,2,0
1212,1,191,mercaderes,101,164,4,62,62,0,0,0,18,49,0,0,0,4,1,5,0
1212,1,192,mercaderes,101,164,4,59,38,0,0,0,18,44,0,0,0,4,1,2,0
1212,1,193,mercaderes,109,164,4,58,12,0,0,0,15,41,0,0,0,4,1,0,1
1212,1,194,mercaderes,108,164,4,57,0,0,0,0,15,41,1,0,0,4,1,0,1
1212,1,195,mercaderes,107,164,4,69,0,0,0,0,15,41,1,0,0,4,1,1,0
1212,1,196,mercaderes,106,160,4,59,0,0,0,0,15,41,1,0,0,4,1,2,0
1212,1,197,mercaderes,104,156,4,59,2,0,0,0,30,54,1,0,0,4,1,1,0
1212,1,198,mercaderes,102,152,4,61,0,0,0,0,28,57,1,0,0,4,1,0,1
1212,1,199,mercaderes,100,148,4,63,0,0,0,0,28,57,1,0,0,4,1,0,1
1212,1,200,mercaderes,98,144,4,65,0,0,0,0,28,57,1,0,0,4,1,1,0
1212,1,1,mesta,22,30,1,42,74,0,0,0,4,10,0,0,0,0,1,3,0
1212,1,2,mesta,22,30,1,41,67,0,0,0,4,7,0,0,0,0,1,1,0
1212,1,3,mesta,22,30,1,40,60,0,0,0,4,7,0,0,0,0,1,0,1
1212,1,4,mesta,22,30,1,39,53,0,0,0,4,7,0,0,0,0,1,0,1
1212,1,5,mesta,22,30,1,38,48,0,0,0,6,9,0,1,0,0,1,0,1
1212,1,6,mesta,21,27,1,28,36,0,0,0,6,20,0,0,0,0,1,1,0
1212,1,7,mesta,21,27,1,36,35,0,0,0,6,18,0,0,0,0,1,1,0
1212,1,8,mesta,21,27,1,44,34,0,0,0,6,18,0,0,0,0,1,0,1
1212,1,9,mesta,21,27,1,52,33,0,0,0,6,18,0,0,0,0,1,0,1
1212,1,10,mesta,21,27,1,60,32,0,0,0,6,18,0,0,0,0,1,0,1
1212,1,11,mesta,21,28,1,68,38,0,0,0,13,25,0,0,0,0,1,0,1
1212,1,12,mesta,21,29,1,71,43,0,0,0,13,25,0,0,0,0,1,2,0
1212,1,13,mesta,22,30,1,70,49,0,0,0,13,25,0,0,0,0,1,2,0
1212,1,14,mesta,21,29,1,44,55,0,0,0,13,27,0,0,0,0,1,3,0
1212,1,15,mesta,22,30,1,54,61,0,0,0,13,25,0,0,0,0,1,2,0
1212,1,16,mesta,22,31,1,64,67,0,0,0,13,27,0,0,0,0,1,0,1
1212,1,17,mesta,22,31,1,74,66,0,0,0,6,20,0,0,0,0,1,0,1
1212,1,18,mesta,22,31,1,75,65,0,0,0,6,20,0,0,0,0,1,2,0
1212,1,19,mesta,22,31,1,78,64,0,0,0,6,20,0,0,0,0,1,2,0
1212,1,20,mesta,22,31,1,72,63,0,0,0,6,20,0,0,0,0,1,2,0
1212,1,21,mesta,22,31,1,68,62,0,0,0,6,20,0,0,0,0,1,2,0
1212,1,22,mesta,22,31,1,80,59,0,0,0,6,20,0,1,0,0,1,1,0
1212,1,23,mesta,22,31,1,72,56,0,0,0,4,23,0,0,0,0,1,2,0
1212,1,24,mesta,22,31,1,75,53,0,0,0,4,20,0,0,0,0,1,2,0
1212,1,25,mesta,22,31,1,75,50,0,0,0,4,20,0,0,0,0,1,2,0
1212,1,26,mesta,22,31,1,75,48,0,0,0,4,20,0,0,0,0,1,2,0
1212,1,27,mesta,22,31,1,75,46,0,0,0,4,20,0,0,0,0,1,2,0
1212,1,28,mesta,22,31,1,74,44,0,0,0,4,20,0,0,0,0,1,2,0
1212,1,29,mesta,22,31,1,70,46,0,0,0,6,22,0,0,0,0,1,5,0
1212,1,30,mesta,22,31,1,95,47,0,0,0,6,25,0,0,0,0,1,3,0
1212,1,31,mesta,22,31,1,91,48,0,0,0,6,25,0,0,0,0,1,4,0
1212,1,32,mesta,22,31,1,100,49,0,0,0,6,25,0,0,0,0,1,3,0
1212,1,33,mesta,22,31,1,99,48,0,0,0,6,25,0,0,0,0,1,3,0
1212,1,34,mesta,32,31,1,100,48,8,0,0,6,25,0,0,0,0,1,3,0
1212,1,35,mesta,32,32,1,101,54,3,0,0,13,32,0,0,0,0,1,5,0
1212,1,36,mesta,32,33,1,281,59,0,0,0,13,33,0,0,0,0,1,5,0
1212,1,37,mesta,32,32,1,316,64,0,0,0,13,33,0,0,0,0,1,5,0
1212,1,38,mesta,32,33,1,313,71,0,0,0,13,33,0,0,0,0,1,5,0
1212,1,39,mesta,47,34,1,310,77,0,0,0,13,33,0,0,0,1,1,5,0
1212,1,40,mesta,48,35,1,307,83,0,0,0,13,33,0,0,0,1,1,4,0
1212,1,41,mesta,48,35,1,328,84,0,0,0,8,28,0,0,0,1,1,3,0
1212,1,42,mesta,48,35,1,301,85,0,0,0,8,28,0,0,0,1,1,3,0
1212,1,43,mesta,48,35,1,274,86,0,0,0,8,28,0,0,0,1,1,3,0
1212,1,44,mesta,48,35,1,246,87,0,0,0,8,28,0,0,0,1,1,3,0
1212,1,45,mesta,48,35,1,218,88,0,0,0,8,28,0,0,0,1,1,3,0
1212,1,46,mesta,48,35,1,197,89,0,0,0,8,28,0,0,0,1,1,3,0
1212,1,47,mesta,48,35,1,175,86,0,0,0,4,24,0,0,0,1,1,3,0
1212,1,48,mesta,48,35,1,149,83,0,0,0,4,21,0,0,0,1,1,3,0
1212,1,49,mesta,48,35,1,122,80,0,0,0,4,21,0,0,0,1,1,3,0
1212,1,50,mesta,48,35,1,103,77,0,0,0,4,21,0,0,0,1,1,3,0
1212,1,51,mesta,48,35,1,103,74,0,0,0,4,21,0,0,0,1,1,3,0
1212,1,52,mesta,48,35,1,103,72,0,0,0,4,21,0,0,0,1,1,3,0
1212,1,53,mesta,48,35,1,106,72,0,0,0,6,23,0,0,0,1,1,5,0
1212,1,54,mesta,48,35,1,111,72,0,0,0,6,26,0,0,0,1,1,3,0
1212,1,55,mesta,48,35,1,116,72,0,0,0,6,26,0,0,0,1,1,3,0
1212,1,56,mesta,48,35,1,120,72,0,0,0,6,26,0,0,0,1,1,3,0
1212,1,57,mesta,48,35,1,124,72,0,0,0,6,26,0,0,0,1,1,3,0
1212,1,58,mesta,148,35,1,102,72,25,0,0,6,26,0,0,0,2,1,4,0
1212,1,59,mesta,148,36,1,129,78,20,0,0,13,33,0,0,0,2,1,5,0
1212,1,60,mesta,148,37,1,283,83,16,0,0,13,33,0,0,0,2,1,5,0
1212,1,61,mesta,148,38,1,427,88,12,0,0,13,33,0,0,0,2,1,5,0
1212,1,62,mesta,148,37,1,539,93,8,0,0,13,33,0,0,0,2,1,6,0
1212,1,63,mesta,148,36,1,648,99,4,0,0,13,33,0,0,0,2,1,9,0
1212,1,64,mesta,148,37,1,785,107,0,0,0,13,33,0,0,0,2,1,5,0
1212,1,65,mesta,148,37,1,917,110,0,0,0,8,28,0,0,0,2,1,3,0
1212,1,66,mesta,148,37,1,891,113,0,0,0,8,28,0,0,0,2,1,3,0
1212,1,67,mesta,148,37,1,864,116,0,0,0,8,28,0,0,0,2,1,3,0
1212,1,68,mesta,148,37,1,837,119,0,0,0,8,28,0,0,0,2,1,3,0
1212,1,69,mesta,148,37,1,809,120,0,0,0,8,28,0,0,0,2,1,3,0
1212,1,70,mesta,148,37,1,788,121,0,0,0,8,28,0,0,0,2,1,3,0
1212,1,71,mesta,148,37,1,766,119,0,0,0,4,24,0,0,0,2,1,3,0
1212,1,72,mesta,148,37,1,740,117,0,0,0,4,21,0,0,0,2,1,3,0
1212,1,73,mesta,148,37,1,713,115,0,0,0,4,21,0,0,0,2,1,3,0
1212,1,74,mesta,148,37,1,686,113,0,0,0,4,21,0,0,0,2,1,3,0
1212,1,75,mesta,148,37,1,658,111,0,0,0,4,21,0,0,0,2,1,3,0
1212,1,76,mesta,148,37,1,629,109,0,0,0,4,21,0,0,0,2,1,3,0
1212,1,77,mesta,148,37,1,576,109,0,0,0,6,23,0,0,0,2,1,7,0
1212,1,78,mesta,148,37,1,573,109,0,0,0,6,26,0,0,0,2,1,4,0
1212,1,79,mesta,148,37,1,570,109,0,0,0,6,26,0,0,0,2,1,4,0
1212,1,80,mesta,148,37,1,567,109,0,0,0,6,26,0,0,0,2,1,4,0
1212,1,81,mesta,148,37,1,564,109,0,0,0,6,26,0,0,0,2,1,4,0
1212,1,82,mesta,178,37,1,568,109,38,0,0,6,26,0,0,0,2,1,4,0
1212,1,83,mesta,178,38,1,521,116,33,0,0,13,33,0,0,0,2,1,5,0
1212,1,84,mesta,178,39,1,701,120,29,0,0,13,33,0,0,0,2,1,5,0
1212,1,85,mesta,178,38,1,816,124,25,0,0,13,33,0,0,0,2,1,7,0
1212,1,86,mesta,178,39,1,959,130,21,0,0,13,33,0,0,0,2,1,6,0
1212,1,87,mesta,179,40,1,1099,136,17,0,0,13,33,0,0,0,2,1,8,0
1212,1,88,mesta,178,37,1,1220,131,13,0,0,13,35,0,0,0,2,1,6,0
1212,1,89,mesta,178,37,1,1381,119,10,0,0,8,28,0,0,0,2,1,9,0
1212,1,90,mesta,178,37,1,1464,120,7,0,0,8,28,0,0,0,2,1,4,0
1212,1,91,mesta,196,37,1,1564,123,4,0,0,8,28,0,0,0,3,1,5,0
1212,1,92,mesta,196,37,1,1632,88,1,0,0,8,28,0,0,0,3,1,5,0
1212,1,93,mesta,196,37,1,1667,92,1,0,0,8,28,0,0,0,3,1,5,0
1212,1,94,mesta,231,72,2,1649,100,1,0,0,8,28,0,0,0,4,1,5,0
1212,1,95,mesta,231,72,2,1618,95,1,0,0,4,30,0,0,0,4,1,5,0
1212,1,96,mesta,231,72,2,1541,89,1,0,0,4,27,0,0,0,4,1,6,0
1212,1,97,mesta,231,72,2,1517,83,1,0,0,4,27,0,1,0,4,1,5,0
1212,1,98,mesta,231,72,2,1482,81,1,0,0,6,29,0,0,0,4,1,4,0
1212,1,99,mesta,231,72,2,1455,77,1,0,0,6,29,0,0,0,4,1,4,0
1212,1,100,mesta,231,72,2,1380,73,1,0,0,6,29,0,1,0,4,1,6,0
1212,1,101,mesta,232,76,2,1329,74,1,0,0,9,32,0,0,0,4,1,9,0
1212,1,102,mesta,232,76,2,1323,71,1,0,0,9,37,0,0,0,4,1,5,0
1212,1,103,mesta,232,76,2,1313,68,1,0,0,9,37,0,0,0,4,1,5,0
1212,1,104,mesta,232,76,2,1307,65,1,0,0,9,37,0,0,0,4,1,5,0
1212,1,105,mesta,232,76,2,1301,63,1,0,0,9,37,0,0,0,4,1,5,0
1212,1,106,mesta,282,76,2,1295,61,62,0,0,9,37,0,0,0,4,1,5,0
1212,1,107,mesta,282,76,2,1312,68,58,0,0,19,47,0,0,0,4,1,5,0
1212,1,108,mesta,282,76,2,1453,74,54,0,0,19,47,0,0,0,4,1,5,0
1212,1,109,mesta,282,76,2,1537,80,50,0,0,19,47,0,0,0,4,1,6,0
1212,1,110,mesta,282,76,2,1673,86,46,0,0,19,47,0,0,0,4,1,6,0
1212,1,111,mesta,282,76,2,1807,91,42,0,0,19,47,0,0,0,4,1,10,0
1212,1,112,mesta,282,76,2,1940,96,38,0,0,19,47,0,0,0,4,1,5,0
1212,1,113,mesta,281,72,2,2029,85,35,0,0,12,40,0,0,0,4,1,6,0
1212,1,114,mesta,281,72,2,2110,86,32,0,0,12,38,0,0,0,4,1,6,0
1212,1,115,mesta,281,72,2,2204,87,29,0,0,12,38,0,0,0,4,1,5,0
1212,1,116,mesta,281,72,2,2296,75,26,0,0,12,38,0,0,0,4,1,10,0
1212,1,117,mesta,281,72,2,2332,76,23,0,0,12,38,0,0,0,4,1,5,0
1212,1,118,mesta,281,72,2,2420,77,20,0,0,12,38,0,0,0,4,1,6,0
1212,1,119,mesta,289,72,2,2505,72,17,0,0,6,32,0,0,0,4,1,5,0
1212,1,120,mesta,289,72,2,2588,67,14,0,0,6,29,0,0,0,4,1,5,0
1212,1,121,mesta,289,72,2,2617,61,11,0,0,4,27,0,0,0,4,1,5,0
1212,1,122,mesta,289,72,2,2698,55,8,0,0,4,27,0,0,0,4,1,6,0
1212,1,123,mesta,289,72,2,2778,49,5,0,0,4,27,0,0,0,4,1,5,0
1212,1,124,mesta,289,72,2,2856,43,2,0,0,4,27,0,0,0,4,1,7,0
1212,1,125,mesta,289,72,2,2834,42,2,0,0,9,32,0,0,0,4,1,8,0
1212,1,126,mesta,289,72,2,2826,41,2,0,0,9,35,0,0,0,4,1,6,0
1212,1,127,mesta,288,72,2,2818,41,2,0,0,9,35,1,0,0,4,1,5,0
1212,1,128,mesta,288,76,2,2816,44,2,0,0,9,35,1,0,0,4,1,6,0
1212,1,129,mesta,288,76,2,2759,42,2,0,0,9,37,0,0,0,4,1,5,0
1212,1,130,mesta,337,76,2,2752,41,64,0,0,9,37,1,0,0,4,1,6,0
1212,1,131,mesta,337,76,2,2768,49,60,0,0,19,47,0,0,0,4,1,5,0
1212,1,132,mesta,337,76,2,2906,56,56,0,0,19,47,0,0,0,4,1,5,0
1212,1,133,mesta,337,76,2,2991,63,52,0,0,19,47,0,0,0,4,1,5,0
1212,1,134,mesta,337,76,2,3124,69,48,0,0,19,47,0,0,0,4,1,6,0
1212,1,135,mesta,337,76,2,3250,75,44,0,0,19,47,0,0,0,4,1,10,0
1212,1,136,mesta,337,76,2,3400,81,40,0,0,19,47,0,0,0,4,1,5,0
1212,1,137,mesta,337,76,2,3524,80,37,0,0,12,40,0,0,0,4,1,5,0
1212,1,138,mesta,337,76,2,3616,80,34,0,0,12,40,0,0,0,4,1,6,0
1212,1,139,mesta,337,76,2,3707,80,31,0,0,12,40,0,0,0,4,1,5,0
1212,1,140,mesta,337,76,2,3796,80,28,0,0,12,40,0,0,0,4,1,5,0
1212,1,141,mesta,337,76,2,3831,80,25,0,0,12,40,0,0,0,4,1,5,0
1212,1,142,mesta,337,76,2,3919,80,22,0,0,12,40,0,0,0,4,1,6,0
1212,1,143,mesta,337,76,2,4006,72,19,0,0,4,32,0,0,0,4,1,5,0
1212,1,144,mesta,337,76,2,4086,65,16,0,0,4,28,0,0,0,4,1,5,0
1212,1,145,mesta,337,76,2,4118,60,13,0,0,6,30,0,0,0,4,1,5,0
1212,1,146,mesta,337,76,2,4196,55,10,0,0,6,30,0,0,0,4,1,6,0
1212,1,147,mesta,337,76,2,4276,50,7,0,0,6,30,0,0,0,4,1,5,0
1212,1,148,mesta,337,76,2,4354,45,4,0,0,6,30,0,0,0,4,1,7,0
1212,1,149,mesta,337,76,2,4369,43,0,0,0,9,33,0,0,0,4,1,8,0
1212,1,150,mesta,337,76,2,4491,40,0,0,0,9,37,0,0,0,4,1,6,0
1212,1,151,mesta,336,76,2,4485,41,0,0,0,9,37,1,0,0,4,1,6,0
1212,1,152,mesta,335,76,2,4479,41,0,0,0,9,37,1,0,0,4,1,5,0
1212,1,153,mesta,333,74,2,4423,41,0,0,0,9,37,1,0,0,4,1,5,0
1212,1,154,mesta,382,72,2,4413,41,77,0,0,9,37,1,0,0,4,1,5,0
1212,1,155,mesta,382,72,2,4428,50,73,0,0,19,45,0,0,0,4,1,5,0
1212,1,156,mesta,382,72,2,4568,58,69,0,0,19,45,0,0,0,4,1,6,0
1212,1,157,mesta,382,72,2,4655,65,65,0,0,19,45,0,0,0,4,1,5,0
1212,1,158,mesta,382,72,2,4790,72,61,0,0,19,45,0,0,0,4,1,6,0
1212,1,159,mesta,382,72,2,4923,79,57,0,0,19,45,0,0,0,4,1,10,0
1212,1,160,mesta,382,72,2,5054,86,53,0,0,19,45,0,0,0,4,1,5,0
1212,1,161,mesta,382,72,2,5161,86,50,0,0,12,38,0,0,0,4,1,5,0
1212,1,162,mesta,382,72,2,5237,87,47,0,0,12,38,0,0,0,4,1,6,0
1212,1,163,mesta,382,72,2,5331,88,44,0,0,12,38,0,0,0,4,1,5,0
1212,1,164,mesta,382,72,2,5423,89,41,0,0,12,38,0,0,0,4,1,5,0
1212,1,165,mesta,382,72,2,5463,89,38,0,0,12,38,0,0,0,4,1,5,0
1212,1,166,mesta,382,72,2,5551,89,35,0,0,12,38,0,0,0,4,1,6,0
1212,1,167,mesta,382,72,2,5636,84,32,0,0,6,32,0,0,0,4,1,5,0
1212,1,168,mesta,382,72,2,5717,79,29,0,0,6,29,0,0,0,4,1,5,0
1212,1,169,mesta,382,72,2,5747,74,26,0,0,6,29,0,0,0,4,1,5,0
1212,1,170,mesta,382,72,2,5828,69,23,0,0,6,29,0,0,0,4,1,6,0
1212,1,171,mesta,382,72,2,5909,65,20,0,0,6,29,0,0,0,4,1,5,0
1212,1,172,mesta,382,72,2,5986,61,17,0,0,6,29,0,0,0,4,1,7,0
1212,1,173,mesta,382,72,2,5987,60,13,0,0,9,32,0,0,0,4,1,8,0
1212,1,174,mesta,382,72,2,6115,58,9,0,0,9,35,0,0,0,4,1,6,0
1212,1,175,mesta,382,72,2,6262,56,5,0,0,9,35,0,0,0,4,1,5,0
1212,1,176,mesta,382,72,2,6405,54,1,0,0,9,35,0,0,0,4,1,5,0
1212,1,177,mesta,382,72,2,6472,52,1,0,0,9,35,0,0,0,4,1,5,0
1212,1,178,mesta,432,72,2,6464,51,78,0,0,9,35,0,0,0,4,1,6,0
1212,1,179,mesta,432,72,2,6475,60,74,0,0,19,45,0,0,0,4,1,6,0
1212,1,180,mesta,432,72,2,6612,67,70,0,0,19,45,0,0,0,4,1,5,0
1212,1,181,mesta,432,72,2,6696,74,66,0,0,19,45,0,0,0,4,1,5,0
1212,1,182,mesta,432,72,2,6828,81,62,0,0,19,45,0,0,0,4,1,6,0
1212,1,183,mesta,432,72,2,6958,88,58,0,0,19,45,0,0,0,4,1,10,0
1212,1,184,mesta,432,74,2,7087,99,54,0,0,24,50,0,0,0,4,1,5,0
1212,1,185,mesta,432,70,2,7174,91,51,0,0,15,43,0,0,0,4,1,6,0
1212,1,186,mesta,432,70,2,7268,82,48,0,0,15,41,0,0,0,4,1,11,0
1212,1,187,mesta,432,70,2,7360,87,45,0,0,15,41,0,0,0,4,1,5,0
1212,1,188,mesta,600,70,2,7444,91,42,0,0,15,41,0,1,1,5,1,5,0
1212,1,189,mesta,600,70,2,7451,59,39,0,0,15,41,0,0,0,5,1,6,0
1212,1,190,mesta,600,70,2,7487,64,36,0,0,12,38,0,0,0,5,1,6,0
1212,1,191,mesta,645,105,3,7572,63,33,0,0,6,32,0,0,0,6,1,6,0
1212,1,192,mesta,645,105,3,7605,13,30,0,0,6,35,0,0,0,6,1,7,0
1212,1,193,mesta,644,105,3,7627,1,27,0,0,4,33,1,0,0,6,1,7,0
1212,1,194,mesta,665,175,4,7698,1,24,0,0,4,33,1,1,0,6,1,5,0
1212,1,195,mesta,663,170,4,7765,1,21,0,0,5,48,1,0,0,6,1,6,0
1212,1,196,mesta,661,165,4,7829,1,18,0,0,5,46,1,0,0,6,1,8,0
1212,1,197,mesta,659,161,4,7863,1,14,0,0,11,48,1,0,0,6,1,9,0
1212,1,198,mesta,658,161,4,7982,0,10,0,0,11,43,1,0,0,6,1,6,0
1212,1,199,mesta,656,157,4,8113,0,6,0,0,10,42,1,0,0,6,1,6,0
1212,1,200,mesta,654,153,4,8238,1,2,0,0,10,36,1,0,0,6,1,5,0
1212,1,1,monjes,35,96,1,36,58,0,0,0,15,35,0,0,0,0,1,4,0
1212,1,2,monjes,35,96,1,31,46,0,0,0,15,24,0,0,0,0,1,1,0
1212,1,3,monjes,35,96,1,36,32,0,0,0,15,24,0,0,0,0,1,0,1
1212,1,4,monjes,35,96,1,41,19,0,0,0,15,24,0,1,0,0,1,0,1
1212,1,5,monjes,35,96,1,46,28,0,0,0,36,45,0,1,0,0,1,0,1
1212,1,6,monjes,35,96,1,68,39,0,0,0,36,62,0,0,0,0,1,1,0
1212,1,7,monjes,35,96,1,82,49,0,0,0,36,62,0,0,0,0,1,2,0
1212,1,8,monjes,35,96,1,86,61,0,0,0,36,62,0,0,0,0,1,3,0
1212,1,9,monjes,34,92,1,73,74,0,0,0,45,71,0,0,0,0,1,4,0
1212,1,10,monjes,49,90,1,68,76,0,0,0,45,71,0,0,0,1,1,9,0
1212,1,11,monjes,67,90,1,62,133,0,0,0,90,110,0,0,0,2,1,3,0
1212,1,12,monjes,67,90,1,81,195,0,0,0,90,110,0,0,0,2,1,1,0
1212,1,13,monjes,67,90,1,83,253,0,0,0,90,110,0,0,0,2,1,2,0
1212,1,14,monjes,67,90,1,82,302,0,0,0,90,110,0,0,0,2,1,3,0
1212,1,15,monjes,67,90,1,96,331,0,0,0,72,92,0,0,0,2,1,3,0
1212,1,16,monjes,67,90,1,103,360,0,0,0,72,92,0,0,0,2,1,3,0
1212,1,17,monjes,67,90,1,102,345,0,0,0,45,65,0,0,0,2,1,13,0
1212,1,18,monjes,75,90,1,99,349,0,0,0,45,65,0,0,0,2,1,3,0
1212,1,19,monjes,75,90,1,96,353,0,0,0,45,65,0,0,0,2,1,3,0
1212,1,20,monjes,75,90,1,93,356,0,0,0,45,65,0,0,0,2,1,3,0
1212,1,21,monjes,75,90,1,97,343,0,0,0,45,65,0,0,0,2,1,13,0
1212,1,22,monjes,75,90,1,94,347,0,0,0,45,65,0,0,0,2,1,3,0
1212,1,23,monjes,83,90,1,98,328,0,0,0,22,42,0,0,0,2,1,3,0
1212,1,24,monjes,83,90,1,111,307,0,0,0,22,36,0,0,0,2,1,3,0
1212,1,25,monjes,83,90,1,96,290,0,0,0,22,36,0,0,0,2,1,3,0
1212,1,26,monjes,83,90,1,94,273,0,0,0,22,36,0,0,0,2,1,3,0
1212,1,27,monjes,83,90,1,100,256,0,0,0,22,36,0,0,0,2,1,3,0
1212,1,28,monjes,83,94,1,106,240,0,0,0,22,36,0,0,0,2,1,4,0
1212,1,29,monjes,83,90,1,83,228,0,0,0,36,50,0,0,0,2,1,4,0
1212,1,30,monjes,83,90,1,105,212,0,0,0,36,56,0,0,0,2,1,8,0
1212,1,31,monjes,83,90,1,107,211,0,0,0,36,56,0,0,0,2,1,3,0
1212,1,32,monjes,91,90,1,110,210,0,0,0,36,56,0,0,0,2,1,3,0
1212,1,33,monjes,91,90,1,112,210,0,0,0,36,56,0,0,0,2,1,3,0
1212,1,34,monjes,91,90,1,114,210,0,0,0,36,56,0,0,0,2,1,3,0
1212,1,35,monjes,91,90,1,116,244,0,0,0,72,92,0,0,0,2,1,3,0
1212,1,36,monjes,91,90,1,118,277,0,0,0,72,92,0,0,0,2,1,3,0
1212,1,37,monjes,91,90,1,121,308,0,0,0,72,92,0,0,0,2,1,3,0
1212,1,38,monjes,91,90,1,124,338,0,0,0,72,92,0,0,0,2,1,3,0
1212,1,39,monjes,91,94,1,111,373,0,0,0,72,92,0,0,0,2,1,5,0
1212,1,40,monjes,91,90,1,95,390,0,1,0,72,92,0,0,0,2,1,4,0
1212,1,41,monjes,91,90,1,105,377,0,1,0,45,65,0,0,0,2,1,8,0
1212,1,42,monjes,91,90,1,97,379,0,1,0,45,65,0,0,0,2,1,3,0
1212,1,43,monjes,99,90,1,99,380,0,1,0,45,65,0,0,0,2,1,3,0
1212,1,44,monjes,99,90,1,100,381,0,1,0,45,65,0,0,0,2,1,3,0
1212,1,45,monjes,99,90,1,102,382,0,1,0,45,65,0,0,0,2,1,3,0
1212,1,46,monjes,98,89,1,104,369,0,1,0,45,65,0,0,0,2,1,6,0
1212,1,47,monjes,99,90,1,105,349,0,1,0,22,41,0,0,0,2,1,3,0
1212,1,48,monjes,99,90,1,91,331,0,1,0,22,36,0,0,0,2,1,3,0
1212,1,49,monjes,128,96,2,95,313,0,1,0,24,38,0,0,0,3,1,4,0
1212,1,50,monjes,128,96,2,86,269,0,1,0,24,38,0,0,0,3,1,14,0
1212,1,51,monjes,128,96,2,91,250,0,1,0,24,38,0,0,0,3,1,4,0
1212,1,52,monjes,128,97,2,57,194,0,1,0,24,38,0,1,0,3,1,4,0
1212,1,53,monjes,127,93,2,70,200,0,1,0,42,56,0,0,0,3,1,4,0
1212,1,54,monjes,234,146,3,73,194,0,1,0,39,59,0,1,0,4,1,8,0
1212,1,55,monjes,234,146,3,66,185,0,1,0,38,69,0,0,0,4,1,5,0
1212,1,56,monjes,235,154,3,79,185,0,1,0,47,75,0,2,0,4,1,4,0
1212,1,57,monjes,235,152,3,40,156,0,1,0,58,87,0,0,0,4,1,6,0
1212,1,58,monjes,236,155,3,57,172,0,1,0,58,87,0,1,0,4,1,2,0
1212,1,59,monjes,245,164,4,85,249,0,1,0,83,117,0,0,0,4,1,1,0
1212,1,60,monjes,246,166,4,72,272,0,1,0,84,119,0,1,0,4,1,5,0
1212,1,61,monjes,246,168,4,63,256,0,1,0,84,118,0,0,0,4,1,4,0
1212,1,62,monjes,247,174,4,104,278,0,1,0,85,121,0,0,0,4,1,3,0
1212,1,63,monjes,262,208,5,77,293,0,1,0,86,122,0,0,0,4,1,4,0
1212,1,64,monjes,263,214,5,90,292,0,0,0,87,130,0,1,0,4,1,12,0
1212,1,65,monjes,265,220,5,78,301,0,0,0,78,120,0,0,0,4,1,4,0
1212,1,66,monjes,274,226,5,87,309,0,0,0,79,121,0,1,0,4,1,3,0
1212,1,67,monjes,275,232,5,87,325,0,0,0,86,128,0,0,0,4,1,4,0
1212,1,68,monjes,276,239,5,77,339,0,0,0,87,131,0,0,0,4,1,4,0
1212,1,69,monjes,278,246,5,88,350,0,0,0,88,133,0,1,0,4,1,4,0
1212,1,70,monjes,279,253,5,80,374,0,0,0,101,146,0,0,0,4,1,4,0
1212,1,71,monjes,279,253,5,81,353,0,0,0,60,107,0,0,0,4,1,5,0
1212,1,72,monjes,279,253,5,88,318,0,0,0,60,101,0,1,0,4,1,9,0
1212,1,73,monjes,279,253,5,76,302,0,0,0,62,106,0,1,0,4,1,4,0
1212,1,74,monjes,288,259,5,83,289,0,0,0,66,110,0,0,0,4,1,4,0
1212,1,75,monjes,289,263,5,82,278,0,0,0,67,113,0,1,0,4,1,4,0
1212,1,76,monjes,289,263,5,81,266,0,0,0,67,120,0,0,0,4,1,4,0
1212,1,77,monjes,291,271,5,89,274,0,0,0,92,145,0,1,0,4,1,5,0
1212,1,78,monjes,292,279,5,98,278,0,0,0,92,152,0,2,0,4,1,4,0
1212,1,79,monjes,294,287,5,87,285,0,0,0,93,156,0,0,0,4,1,4,0
1212,1,80,monjes,296,296,5,103,288,0,0,0,94,160,0,1,0,4,1,4,0
1212,1,81,monjes,298,305,5,109,297,0,0,0,100,166,0,0,0,4,1,4,0
1212,1,82,monjes,300,318,5,127,305,0,0,0,101,168,0,0,0,4,1,5,0
1212,1,83,monjes,301,322,5,90,420,0,0,0,225,293,0,0,0,4,1,6,0
1212,1,84,monjes,302,327,5,110,537,0,1,0,225,294,0,0,0,4,1,4,0
1212,1,85,monjes,303,332,5,114,649,0,1,0,225,294,0,0,0,4,1,3,0
1212,1,86,monjes,304,337,5,119,754,0,1,0,225,294,0,0,0,4,1,3,0
1212,1,87,monjes,305,342,5,126,854,0,1,0,225,296,0,0,0,4,1,3,0
1212,1,88,monjes,306,347,5,108,937,0,0,0,225,297,0,0,0,4,1,9,0
1212,1,89,monjes,307,352,5,110,928,0,1,0,120,194,0,0,0,4,1,3,0
1212,1,90,monjes,316,357,5,112,917,0,1,0,120,194,0,0,0,4,1,3,0
1212,1,91,monjes,317,363,5,116,906,0,1,0,120,196,0,0,0,4,1,4,0
1212,1,92,monjes,318,369,5,111,893,0,1,0,120,196,0,1,0,4,1,4,0
1212,1,93,monjes,320,375,5,115,878,0,1,0,120,196,0,1,0,4,1,3,0
1212,1,94,monjes,321,381,5,111,865,0,1,0,120,197,0,0,0,4,1,3,0
1212,1,95,monjes,321,381,5,115,809,0,1,0,77,154,0,0,0,4,1,3,0
1212,1,96,monjes,321,381,5,108,756,0,1,0,77,148,0,0,0,4,1,3,0
1212,1,97,monjes,322,385,5,121,697,0,1,0,70,141,0,0,0,4,1,4,0
1212,1,98,monjes,321,381,5,94,631,0,1,0,70,142,0,0,0,4,1,4,0
1212,1,99,monjes,321,381,5,114,562,0,1,0,70,141,0,0,0,4,1,8,0
1212,1,100,monjes,321,381,5,117,507,0,1,0,70,141,0,0,0,4,1,4,0
1212,1,101,monjes,331,392,5,109,492,0,1,0,102,173,0,0,0,4,1,5,0
1212,1,102,monjes,333,400,5,17,473,0,2,0,102,182,0,0,0,4,1,5,0
1212,1,103,monjes,333,402,5,65,449,0,3,0,102,183,0,0,0,4,1,2,0
1212,1,104,monjes,333,402,5,112,411,0,2,0,102,183,0,0,0,4,1,8,0
1212,1,105,monjes,333,402,5,123,393,0,2,0,102,183,0,0,0,4,1,4,0
1212,1,106,monjes,341,402,5,129,379,0,2,0,102,183,0,0,0,4,1,4,0
1212,1,107,monjes,343,411,5,135,443,0,2,0,183,264,0,0,0,4,1,4,0
1212,1,108,monjes,345,420,5,142,503,0,2,0,183,265,0,0,0,4,1,4,0
1212,1,109,monjes,346,429,5,155,557,0,2,0,183,267,0,0,0,4,1,4,0
1212,1,110,monjes,348,439,5,165,607,0,2,0,183,268,0,0,0,4,1,4,0
1212,1,111,monjes,350,449,5,174,645,0,0,0,183,268,0,0,0,4,1,9,0
1212,1,112,monjes,352,459,5,138,686,0,0,0,183,272,0,0,0,4,1,6,0
1212,1,113,monjes,353,463,5,143,659,0,2,0,120,209,0,1,0,4,1,5,0
1212,1,114,monjes,363,474,5,157,648,0,2,0,133,223,0,1,0,4,1,4,0
1212,1,115,monjes,365,484,5,122,648,0,2,0,145,236,0,0,0,4,1,5,0
1212,1,116,monjes,366,489,5,143,645,0,2,0,145,238,0,0,0,4,1,4,0
1212,1,117,monjes,368,495,5,161,641,0,2,0,145,239,0,0,0,4,1,4,0
1212,1,118,monjes,369,501,5,129,636,0,2,0,145,240,0,0,0,4,1,5,0
1212,1,119,monjes,369,501,5,120,530,0,2,0,82,177,0,0,0,4,1,5,0
1212,1,120,monjes,369,501,5,135,467,0,2,0,82,171,0,0,0,4,1,4,0
1212,1,121,monjes,389,561,6,150,407,0,2,0,82,171,0,0,0,4,1,4,0
1212,1,122,monjes,388,556,6,101,327,0,2,0,82,183,0,0,0,4,1,10,0
1212,1,123,monjes,389,560,6,94,214,0,2,0,82,179,0,0,0,4,1,7,0
1212,1,124,monjes,389,560,6,116,146,0,2,0,82,180,0,1,0,4,1,4,0
1212,1,125,monjes,411,630,7,119,135,0,2,0,132,230,0,0,0,4,1,3,0
1212,1,126,monjes,411,630,7,112,111,0,2,0,132,250,0,0,0,4,1,6,0
1212,1,127,monjes,411,630,7,107,88,0,0,0,132,235,0,1,0,4,1,4,0
1212,1,128,monjes,411,630,7,110,76,0,0,0,142,245,0,0,0,4,1,3,0
1212,1,129,monjes,411,630,7,85,23,0,0,0,142,245,0,0,0,4,1,4,0
1212,1,130,monjes,411,630,7,104,10,0,0,0,142,245,0,0,0,4,1,3,0
1212,1,131,monjes,431,693,8,106,114,0,0,0,263,366,0,0,0,4,1,3,0
1212,1,132,monjes,433,701,8,82,198,0,0,0,263,375,0,0,0,4,1,6,0
1212,1,133,monjes,434,708,8,96,273,0,0,0,263,372,0,2,0,4,1,4,0
1212,1,134,monjes,435,714,8,92,378,0,0,0,303,413,0,1,0,4,1,5,0
1212,1,135,monjes,437,722,8,99,484,0,0,0,323,437,0,1,0,4,1,5,0
1212,1,136,monjes,439,730,8,92,576,0,0,0,343,457,0,0,0,4,1,5,0
1212,1,137,monjes,439,730,8,117,566,0,0,0,219,335,0,0,0,4,1,12,0
1212,1,138,monjes,459,790,9,135,574,0,0,0,219,335,0,0,0,4,1,4,0
1212,1,139,monjes,459,790,9,135,568,0,0,0,219,345,0,0,0,4,1,6,0
1212,1,140,monjes,459,790,9,147,564,0,0,0,219,342,0,1,0,4,1,5,0
1212,1,141,monjes,467,790,9,163,572,0,0,0,229,352,0,0,0,4,1,4,0
1212,1,142,monjes,627,790,9,124,579,0,0,0,229,352,0,1,1,5,1,5,0
1212,1,143,monjes,627,790,9,140,478,0,0,0,123,246,0,0,0,5,1,7,0
1212,1,144,monjes,627,790,9,150,385,0,0,0,123,240,0,0,0,5,1,4,0
1212,1,145,monjes,627,790,9,149,296,0,0,0,123,240,0,0,0,5,1,4,0
1212,1,146,monjes,627,790,9,159,213,0,0,0,123,240,0,0,0,5,1,5,0
1212,1,147,monjes,627,790,9,119,133,0,0,0,123,240,0,1,0,5,1,5,0
1212,1,148,monjes,636,795,10,120,61,0,0,0,123,246,0,0,0,5,1,4,0
1212,1,149,monjes,636,795,10,89,56,0,0,0,190,313,0,0,0,5,1,5,0
1212,1,150,monjes,636,795,10,107,45,0,0,0,190,319,0,3,0,5,1,5,0
1212,1,151,monjes,636,799,10,102,52,0,0,0,203,332,0,0,0,5,1,4,0
1212,1,152,monjes,636,799,10,102,37,0,0,0,181,310,0,0,0,5,1,3,0
1212,1,153,monjes,636,799,10,101,21,0,0,0,181,310,0,1,0,5,1,3,0
1212,1,154,monjes,636,799,10,100,7,0,0,0,181,310,0,0,0,5,1,3,0
1212,1,155,monjes,637,803,10,108,147,0,0,0,340,469,0,0,0,5,1,3,0
1212,1,156,monjes,638,807,10,95,282,0,0,0,342,471,0,0,0,5,1,3,0
1212,1,157,monjes,639,811,10,106,406,0,0,0,345,474,0,1,0,5,1,5,0
1212,1,158,monjes,640,815,10,125,523,0,0,0,345,479,0,0,0,5,1,4,0
1212,1,159,monjes,640,819,10,119,635,0,0,0,345,480,0,0,0,5,1,5,0
1212,1,160,monjes,642,826,10,99,740,0,1,0,345,480,0,1,0,5,1,6,0
1212,1,161,monjes,643,834,10,122,710,0,2,0,221,358,0,1,0,5,1,9,0
1212,1,162,monjes,645,842,10,132,701,0,2,0,227,364,0,0,0,5,1,4,0
1212,1,163,monjes,655,850,10,132,691,0,2,0,227,364,0,0,0,5,1,4,0
1212,1,164,monjes,656,858,10,144,677,0,2,0,227,366,0,1,0,5,1,5,0
1212,1,165,monjes,658,866,10,156,664,0,2,0,227,369,0,0,0,5,1,4,0
1212,1,166,monjes,660,875,10,169,649,0,2,0,227,370,0,0,0,5,1,4,0
1212,1,167,monjes,660,875,10,169,533,0,2,0,125,270,0,0,0,5,1,5,0
1212,1,168,monjes,660,875,10,128,408,0,2,0,125,264,0,1,0,5,1,12,0
1212,1,169,monjes,668,875,10,136,302,0,2,0,125,264,0,1,0,5,1,4,0
1212,1,170,monjes,668,875,10,145,207,0,2,0,130,269,0,0,0,5,1,4,0
1212,1,171,monjes,668,875,10,154,114,0,2,0,130,269,0,0,0,5,1,5,0
1212,1,172,monjes,668,875,10,154,28,0,1,0,130,269,0,1,0,5,1,3,0
1212,1,173,monjes,668,875,10,134,12,0,0,0,195,334,0,0,0,5,1,4,0
1212,1,174,monjes,667,875,10,120,4,0,1,0,195,340,1,1,0,5,1,4,0
1212,1,175,monjes,666,875,10,131,4,0,2,0,195,340,1,0,0,5,1,3,0
1212,1,176,monjes,660,853,10,131,4,0,2,0,195,340,1,0,0,5,1,3,0
1212,1,177,monjes,655,831,10,123,7,0,2,0,195,330,1,0,0,5,1,3,0
1212,1,178,monjes,650,810,10,114,7,0,2,0,195,330,1,0,0,5,1,3,0
1212,1,179,monjes,656,843,10,106,162,0,2,0,356,489,0,0,0,5,1,3,0
1212,1,180,monjes,662,870,10,98,301,0,2,0,356,491,0,1,0,5,1,3,0
1212,1,181,monjes,664,883,10,115,424,0,2,0,356,500,0,1,0,5,1,4,0
1212,1,182,monjes,667,896,10,130,539,0,2,0,356,505,0,0,0,5,1,4,0
1212,1,183,monjes,669,908,10,134,636,0,0,0,356,505,0,0,0,5,1,10,0
1212,1,184,monjes,671,916,10,115,732,0,0,0,356,510,0,1,0,5,1,6,0
1212,1,185,monjes,680,924,10,139,709,0,1,0,241,395,0,2,0,5,1,5,0
1212,1,186,monjes,682,933,10,148,700,0,1,0,250,411,0,0,0,5,1,5,0
1212,1,187,monjes,684,942,10,169,689,0,1,0,251,412,0,1,0,5,1,5,0
1212,1,188,monjes,687,955,10,128,680,0,1,0,255,418,0,1,0,5,1,6,0
1212,1,189,monjes,689,968,10,152,670,0,1,0,256,419,0,1,0,5,1,4,0
1212,1,190,monjes,692,982,10,130,665,0,1,0,263,430,0,0,0,5,1,5,0
1212,1,191,monjes,692,982,10,158,547,0,1,0,150,318,0,0,0,5,1,5,0
1212,1,192,monjes,693,986,10,190,434,0,1,0,150,312,0,1,0,5,1,6,0
1212,1,193,monjes,693,986,10,196,326,0,1,0,150,312,0,0,0,5,1,4,0
1212,1,194,monjes,693,986,10,138,182,0,1,0,150,312,0,0,0,5,1,5,0
1212,1,195,monjes,693,986,10,151,85,0,1,0,150,312,0,1,0,5,1,3,0
1212,1,196,monjes,711,1041,11,160,7,0,1,0,151,312,1,0,0,5,1,3,0
1212,1,197,monjes,710,1041,11,145,7,0,1,0,221,391,1,0,0,5,1,6,0
1212,1,198,monjes,704,1016,11,137,4,0,2,0,221,394,1,0,0,5,1,4,0
1212,1,199,monjes,698,991,11,137,4,0,3,0,220,385,1,0,0,5,1,3,0
1212,1,200,monjes,692,966,11,137,7,0,3,0,219,384,1,0,0,5,1,3,0
1212,1,1,salineros,23,36,1,19,68,0,9,0,8,27,0,0,0,0,1,4,0
1212,1,2,salineros,23,36,1,18,65,0,18,0,8,22,0,0,0,0,1,1,0
1212,1,3,salineros,23,36,1,17,62,0,27,0,8,22,0,0,0,0,1,0,1
1212,1,4,salineros,23,36,1,16,59,0,36,0,8,22,0,0,0,0,1,0,1
1212,1,5,salineros,23,37,1,15,60,0,45,0,12,26,0,1,0,0,1,0,1
1212,1,6,salineros,23,38,1,17,63,0,65,0,12,40,0,0,0,0,1,0,1
1212,1,7,salineros,38,39,1,19,66,0,85,0,12,40,0,0,0,1,1,0,1
1212,1,8,salineros,39,40,1,1,69,0,104,0,12,39,0,0,0,1,1,0,1
1212,1,9,salineros,39,42,1,5,69,0,123,0,12,41,0,0,0,1,1,0,1
1212,1,10,salineros,39,44,1,9,69,0,141,0,12,40,0,1,0,1,1,0,1
1212,1,11,salineros,40,46,1,21,83,0,149,0,25,61,0,0,0,1,1,3,0
1212,1,12,salineros,39,44,1,104,87,0,156,0,25,60,0,0,0,1,1,3,0
1212,1,13,salineros,39,42,1,140,79,0,169,0,25,60,0,0,0,1,1,9,0
1212,1,14,salineros,56,39,1,132,84,0,182,0,25,59,0,0,0,2,1,4,0
1212,1,15,salineros,57,40,1,141,100,0,195,0,25,57,0,0,0,2,1,3,0
1212,1,16,salineros,57,42,1,151,115,0,207,0,25,59,0,0,0,2,1,3,0
1212,1,17,salineros,57,44,1,160,121,0,218,0,16,49,0,0,0,2,1,3,0
1212,1,18,salineros,58,46,1,168,126,0,229,0,16,49,0,0,0,2,1,3,0
1212,1,19,salineros,58,48,1,176,121,0,239,0,16,48,0,0,0,2,1,8,0
1212,1,20,salineros,67,50,1,188,125,0,249,0,16,48,0,0,0,2,1,3,0
1212,1,21,salineros,67,52,1,200,129,0,258,0,16,49,0,0,0,2,1,3,0
1212,1,22,salineros,67,54,1,212,132,0,267,0,16,49,0,0,0,2,1,3,0
1212,1,23,salineros,67,54,1,223,127,0,275,0,8,40,0,0,0,2,1,3,0
1212,1,24,salineros,67,54,1,232,110,0,283,0,8,35,0,0,0,2,1,8,0
1212,1,25,salineros,75,54,1,240,105,0,290,0,8,34,0,0,0,2,1,3,0
1212,1,26,salineros,75,54,1,246,100,0,298,0,8,34,0,0,0,2,1,3,0
1212,1,27,salineros,75,54,1,252,95,0,306,0,8,34,0,0,0,2,1,3,0
1212,1,28,salineros,75,54,1,257,78,0,313,0,8,33,0,0,0,2,1,8,0
1212,1,29,salineros,83,54,1,272,77,0,320,0,12,37,0,0,0,2,1,4,0
1212,1,30,salineros,83,54,1,288,80,0,326,0,12,41,0,0,0,2,1,4,0
1212,1,31,salineros,83,54,1,303,83,0,332,0,12,41,0,0,0,2,1,4,0
1212,1,32,salineros,83,54,1,313,74,0,337,0,12,40,0,0,0,2,1,9,0
1212,1,33,salineros,91,54,1,329,74,0,342,0,12,40,0,0,0,2,1,4,0
1212,1,34,salineros,91,54,1,347,77,0,346,0,12,39,0,0,0,2,1,4,0
1212,1,35,salineros,92,56,1,364,93,0,350,0,25,52,0,0,0,2,1,4,0
1212,1,36,salineros,92,58,1,374,97,0,352,0,25,52,0,0,0,2,1,8,0
1212,1,37,salineros,101,60,1,386,108,0,355,0,25,52,0,0,0,2,1,3,0
1212,1,38,salineros,101,60,1,399,118,0,358,0,25,54,0,0,0,2,1,3,0
1212,1,39,salineros,101,60,1,411,128,0,361,0,25,54,0,0,0,2,1,3,0
1212,1,40,salineros,101,60,1,423,138,0,364,0,25,54,0,0,0,2,1,3,0
1212,1,41,salineros,101,60,1,433,139,0,367,0,16,45,0,0,0,2,1,3,0
1212,1,42,salineros,101,60,1,448,140,0,370,0,16,45,0,0,0,2,1,3,0
1212,1,43,salineros,101,64,1,472,146,0,373,0,16,45,0,0,0,2,1,4,0
1212,1,44,salineros,101,60,1,470,136,0,376,0,16,45,0,0,0,2,1,4,0
1212,1,45,salineros,101,60,1,486,126,0,379,0,16,45,0,0,0,2,1,8,0
1212,1,46,salineros,101,60,1,500,127,0,382,0,16,45,0,0,0,2,1,3,0
1212,1,47,salineros,109,60,1,514,120,0,385,0,8,37,0,0,0,2,1,3,0
1212,1,48,salineros,109,60,1,520,113,0,388,0,8,31,0,0,0,2,1,3,0
1212,1,49,salineros,109,60,1,538,106,0,389,0,8,31,0,0,0,2,1,3,0
1212,1,50,salineros,109,60,1,530,99,0,393,0,8,31,0,0,0,2,1,3,0
1212,1,51,salineros,109,60,1,518,92,0,397,0,8,31,0,0,0,2,1,3,0
1212,1,52,salineros,109,60,1,506,73,0,401,0,8,31,0,0,0,2,1,8,0
1212,1,53,salineros,109,60,1,519,70,0,405,0,12,35,0,0,0,2,1,4,0
1212,1,54,salineros,109,60,1,530,71,0,409,0,12,41,0,0,0,2,1,4,0
1212,1,55,salineros,117,60,1,540,72,0,413,0,12,41,0,0,0,2,1,4,0
1212,1,56,salineros,117,60,1,550,73,0,417,0,12,41,0,0,0,2,1,4,0
1212,1,57,salineros,117,60,1,558,74,0,421,0,12,41,0,0,0,2,1,4,0
1212,1,58,salineros,117,60,1,566,75,0,425,0,12,41,0,0,0,2,1,4,0
1212,1,59,salineros,117,60,1,573,89,0,429,0,25,54,0,0,0,2,1,4,0
1212,1,60,salineros,117,60,1,562,103,0,433,0,25,54,0,0,0,2,1,4,0
1212,1,61,salineros,117,60,1,552,114,0,436,0,25,54,0,0,0,2,1,3,0
1212,1,62,salineros,117,60,1,542,124,0,439,0,25,54,0,0,0,2,1,3,0
1212,1,63,salineros,117,64,1,546,137,0,442,0,25,54,0,0,0,2,1,4,0
1212,1,64,salineros,117,60,1,527,136,0,445,0,25,54,0,0,0,2,1,4,0
1212,1,65,salineros,117,60,1,526,124,0,448,0,16,45,0,0,0,2,1,8,0
1212,1,66,salineros,117,60,1,524,125,0,451,0,16,45,0,0,0,2,1,3,0
1212,1,67,salineros,125,60,1,520,126,0,454,0,16,45,0,0,0,2,1,3,0
1212,1,68,salineros,125,60,1,535,127,0,455,0,16,45,0,0,0,2,1,3,0
1212,1,69,salineros,125,60,1,610,128,0,461,0,16,45,0,0,0,2,1,1,0
1212,1,70,salineros,125,60,1,626,129,0,457,0,16,45,0,0,0,2,1,2,0
1212,1,71,salineros,125,60,1,726,122,0,463,0,8,37,0,0,0,2,1,1,0
1212,1,72,salineros,125,60,1,706,75,0,460,0,8,31,0,0,0,2,1,3,0
1212,1,73,salineros,125,60,1,762,68,0,467,0,8,31,0,0,0,2,1,2,0
1212,1,74,salineros,160,95,2,703,71,0,471,0,8,31,0,0,0,3,1,4,0
1212,1,75,salineros,160,95,2,704,63,0,475,0,8,37,0,0,0,3,1,4,0
1212,1,76,salineros,160,99,2,720,54,0,480,0,8,37,0,0,0,3,1,6,0
1212,1,77,salineros,160,99,2,728,44,0,485,0,12,41,0,1,0,3,1,4,0
1212,1,78,salineros,160,99,2,731,42,0,490,0,18,53,0,0,0,3,1,4,0
1212,1,79,salineros,160,99,2,745,38,0,495,0,18,53,0,1,0,3,1,5,0
1212,1,80,salineros,160,99,2,747,42,0,500,0,24,59,0,0,0,3,1,4,0
1212,1,81,salineros,160,99,2,763,44,0,505,0,24,59,0,1,0,3,1,4,0
1212,1,82,salineros,161,100,2,778,52,0,510,0,28,63,0,0,0,3,1,4,0
1212,1,83,salineros,161,101,2,794,85,0,515,0,54,89,0,0,0,3,1,6,0
1212,1,84,salineros,162,105,2,807,116,0,519,0,54,89,0,1,0,3,1,4,0
1212,1,85,salineros,162,105,2,802,138,0,523,0,54,89,0,0,0,3,1,5,0
1212,1,86,salineros,162,109,2,816,159,0,524,0,54,89,0,0,0,3,1,9,0
1212,1,87,salineros,163,114,2,830,190,0,527,0,54,91,0,0,0,3,1,4,0
1212,1,88,salineros,164,119,2,846,220,0,529,0,54,93,0,0,0,3,1,4,0
1212,1,89,salineros,165,124,2,794,188,0,531,0,36,75,0,0,0,3,1,5,0
1212,1,90,salineros,174,129,2,831,190,0,533,0,36,75,0,0,0,3,1,4,0
1212,1,91,salineros,220,169,3,870,191,0,535,0,36,77,0,0,0,4,1,6,0
1212,1,92,salineros,220,169,3,867,143,0,538,0,36,85,0,0,0,4,1,8,0
1212,1,93,salineros,220,169,3,831,136,0,541,0,36,85,0,1,0,4,1,6,0
1212,1,94,salineros,236,209,4,835,140,0,544,0,44,93,0,1,0,4,1,6,0
1212,1,95,salineros,236,209,4,828,112,0,547,0,28,85,0,0,0,4,1,6,0
1212,1,96,salineros,236,209,4,827,86,0,551,0,28,77,0,1,0,4,1,5,0
1212,1,97,salineros,237,213,4,845,64,0,555,0,32,81,0,2,0,4,1,6,0
1212,1,98,salineros,237,213,4,838,54,0,560,0,41,90,0,1,0,4,1,4,0
1212,1,99,salineros,237,213,4,846,48,0,565,0,45,94,0,0,0,4,1,5,0
1212,1,100,salineros,236,213,4,808,44,0,571,0,45,94,1,1,0,4,1,5,0
1212,1,101,salineros,236,213,4,819,56,0,576,0,61,110,0,0,0,4,1,4,0
1212,1,102,salineros,236,213,4,837,68,0,581,0,61,118,0,0,0,4,1,5,0
1212,1,103,salineros,238,223,4,854,80,0,586,0,61,118,0,0,0,4,1,4,0
1212,1,104,salineros,240,230,4,822,90,0,591,0,61,120,0,0,0,4,1,5,0
1212,1,105,salineros,241,236,4,842,96,0,595,0,61,122,0,1,0,4,1,6,0
1212,1,106,salineros,242,242,4,864,100,0,599,0,61,122,0,1,0,4,1,4,0
1212,1,107,salineros,243,248,4,885,154,0,602,0,110,171,0,0,0,4,1,4,0
1212,1,108,salineros,244,254,4,860,206,0,604,0,110,175,0,0,0,4,1,4,0
1212,1,109,salineros,246,261,4,880,244,0,605,0,110,177,0,0,0,4,1,6,0
1212,1,110,salineros,247,268,4,928,276,0,604,0,110,177,0,0,0,4,1,10,0
1212,1,111,salineros,249,275,4,975,317,0,604,0,110,177,0,0,0,4,1,5,0
1212,1,112,salineros,250,282,4,1006,357,0,603,0,110,177,0,0,0,4,1,6,0
1212,1,113,salineros,251,285,4,1043,357,0,602,0,74,147,0,1,0,4,1,6,0
1212,1,114,salineros,259,288,4,1094,360,0,601,0,78,151,0,1,0,4,1,5,0
1212,1,115,salineros,260,291,4,1115,328,0,601,0,82,155,0,0,0,4,1,6,0
1212,1,116,salineros,261,295,4,1118,336,0,601,0,82,157,0,0,0,4,1,8,0
1212,1,117,salineros,279,345,5,1170,339,0,600,0,82,157,0,2,0,4,1,6,0
1212,1,118,salineros,279,345,5,1213,333,0,600,0,82,167,0,0,0,4,1,6,0
1212,1,119,salineros,279,345,5,1206,296,0,600,0,53,138,0,0,0,4,1,7,0
1212,1,120,salineros,279,349,5,1264,257,0,601,0,53,129,0,1,0,4,1,8,0
1212,1,121,salineros,279,345,5,1291,213,0,603,0,57,133,0,1,0,4,1,6,0
1212,1,122,salineros,279,345,5,1336,185,0,606,0,62,137,0,0,0,4,1,6,0
1212,1,123,salineros,279,345,5,1317,158,0,609,0,62,137,0,1,0,4,1,5,0
1212,1,124,salineros,279,345,5,1344,136,0,613,0,62,137,0,1,0,4,1,5,0
1212,1,125,salineros,279,345,5,1371,139,0,617,0,85,160,0,0,0,4,1,4,0
1212,1,126,salineros,279,345,5,1406,142,0,621,0,85,168,0,0,0,4,1,4,0
1212,1,127,salineros,279,345,5,1389,145,0,624,0,85,168,0,0,0,4,1,4,0
1212,1,128,salineros,279,345,5,1422,148,0,627,0,85,168,0,0,0,4,1,5,0
1212,1,129,salineros,279,345,5,1455,151,0,630,0,85,168,0,0,0,4,1,4,0
1212,1,130,salineros,279,345,5,1492,154,0,633,0,85,168,0,0,0,4,1,4,0
1212,1,131,salineros,282,361,5,1478,220,0,635,0,150,233,0,1,0,4,1,4,0
1212,1,132,salineros,284,373,5,1529,281,0,636,0,150,235,0,0,0,4,1,6,0
1212,1,133,salineros,287,385,5,1588,325,0,634,0,150,239,0,0,0,4,1,10,0
1212,1,134,salineros,289,397,5,1646,377,0,633,0,150,239,0,0,0,4,1,5,0
1212,1,135,salineros,291,409,5,1658,426,0,631,0,150,243,0,0,0,4,1,5,0
1212,1,136,salineros,294,422,5,1722,472,0,628,0,150,245,0,0,0,4,1,6,0
1212,1,137,salineros,294,422,5,1787,467,0,625,0,102,199,0,0,0,4,1,5,0
1212,1,138,salineros,302,422,5,1852,462,0,622,0,102,199,0,0,0,4,1,5,0
1212,1,139,salineros,302,422,5,1867,457,0,619,0,102,199,0,0,0,4,1,5,0
1212,1,140,salineros,302,422,5,1936,452,0,616,0,102,199,0,0,0,4,1,6,0
1212,1,141,salineros,302,422,5,2004,447,0,613,0,102,199,0,0,0,4,1,5,0
1212,1,142,salineros,302,422,5,2071,442,0,610,0,102,199,0,0,0,4,1,5,0
1212,1,143,salineros,302,422,5,2088,397,0,608,0,62,159,0,0,0,4,1,5,0
1212,1,144,salineros,303,426,5,2155,352,0,607,0,62,150,0,0,0,4,1,8,0
1212,1,145,salineros,302,422,5,2192,295,0,607,0,63,151,0,0,0,4,1,6,0
1212,1,146,salineros,302,422,5,2248,236,0,608,0,63,150,0,1,0,4,1,10,0
1212,1,147,salineros,302,422,5,2253,192,0,610,0,63,150,0,0,0,4,1,5,0
1212,1,148,salineros,310,422,5,2294,151,0,613,0,63,150,0,0,0,4,1,5,0
1212,1,149,salineros,310,422,5,2332,135,0,617,0,85,172,0,0,0,4,1,4,0
1212,1,150,salineros,310,422,5,2382,119,0,621,0,85,180,0,0,0,4,1,4,0
1212,1,151,salineros,310,422,5,2381,103,0,625,0,85,180,0,0,0,4,1,5,0
1212,1,152,salineros,310,422,5,2428,87,0,632,0,85,182,0,0,0,4,1,5,0
1212,1,153,salineros,310,422,5,2475,71,0,639,0,85,182,0,0,0,4,1,4,0
1212,1,154,salineros,311,426,5,2531,56,0,646,0,85,182,0,0,0,4,1,5,0
1212,1,155,salineros,314,442,5,2529,104,0,652,0,150,249,0,0,0,4,1,4,0
1212,1,156,salineros,316,454,5,2583,148,0,657,0,150,255,0,0,0,4,1,5,0
1212,1,157,salineros,319,466,5,2636,189,0,662,0,150,255,0,0,0,4,1,4,0
1212,1,158,salineros,321,477,5,2692,227,0,666,0,150,259,0,0,0,4,1,4,0
1212,1,159,salineros,322,483,5,2716,259,0,669,0,150,263,0,0,0,4,1,5,0
1212,1,160,salineros,323,489,5,2799,287,0,672,0,150,263,0,0,0,4,1,6,0
1212,1,161,salineros,323,489,5,2883,265,0,675,0,102,217,0,0,0,4,1,5,0
1212,1,162,salineros,323,489,5,2966,243,0,678,0,102,217,0,0,0,4,1,5,0
1212,1,163,salineros,323,489,5,2999,221,0,682,0,102,217,0,0,0,4,1,5,0
1212,1,164,salineros,323,489,5,3081,199,0,686,0,102,217,0,0,0,4,1,6,0
1212,1,165,salineros,323,489,5,3163,177,0,691,0,102,217,0,0,0,4,1,5,0
1212,1,166,salineros,323,489,5,3231,158,0,696,0,102,217,0,0,0,4,1,4,0
1212,1,167,salineros,323,489,5,3244,103,0,702,0,63,178,0,0,0,4,1,4,0
1212,1,168,salineros,323,489,5,3298,48,0,709,0,63,169,0,0,0,4,1,5,0
1212,1,169,salineros,322,489,5,3352,44,0,717,0,63,169,1,0,0,4,1,4,0
1212,1,170,salineros,321,489,5,3410,44,0,725,0,62,168,1,0,0,4,1,4,0
1212,1,171,salineros,318,477,5,3417,44,0,733,0,62,168,1,0,0,4,1,4,0
1212,1,172,salineros,315,466,5,3466,44,0,741,0,56,155,1,0,0,4,1,5,0
1212,1,173,salineros,312,455,5,3505,44,0,749,0,72,159,1,0,0,4,1,5,0
1212,1,174,salineros,308,444,5,3543,44,0,757,0,64,148,1,0,0,4,1,5,0
1212,1,175,salineros,305,433,5,3569,44,0,765,0,57,126,1,0,0,4,1,5,0
1212,1,176,salineros,302,422,5,3587,44,0,772,0,56,111,1,0,0,4,1,4,0
1212,1,177,salineros,299,411,5,3601,44,0,779,0,56,108,1,0,0,4,1,4,0
1212,1,178,salineros,206,230,3,3614,44,0,784,0,30,69,1,0,0,4,1,5,0
1212,1,179,salineros,118,74,1,3619,49,0,788,0,19,39,0,0,0,4,1,4,0
1212,1,180,salineros,118,74,1,3631,54,0,792,0,19,39,0,0,0,4,1,4,0
1212,1,181,salineros,118,74,1,3642,63,0,798,0,23,45,0,0,0,4,1,4,0
1212,1,182,salineros,119,77,1,3602,72,0,804,0,23,45,0,0,0,4,1,5,0
1212,1,183,salineros,120,80,1,3612,80,0,810,0,23,45,0,0,0,4,1,5,0
1212,1,184,salineros,120,84,1,3623,87,0,816,0,23,46,0,0,0,4,1,4,0
1212,1,185,salineros,120,84,1,3633,86,0,823,0,16,40,0,0,0,4,1,4,0
1212,1,186,salineros,120,84,1,3592,85,0,830,0,16,40,0,0,0,4,1,4,0
1212,1,187,salineros,120,84,1,3600,84,0,837,0,16,40,0,0,0,4,1,5,0
1212,1,188,salineros,120,84,1,3608,83,0,844,0,16,40,0,0,0,4,1,4,0
1212,1,189,salineros,120,84,1,3618,82,0,851,0,16,40,0,0,0,4,1,4,0
1212,1,190,salineros,120,84,1,3582,81,0,858,0,16,40,0,0,0,4,1,4,0
1212,1,191,salineros,120,84,1,3594,72,0,865,0,8,32,0,0,0,4,1,5,0
1212,1,192,salineros,120,84,1,3605,63,0,872,0,8,32,0,0,0,4,1,4,0
1212,1,193,salineros,120,84,1,3616,54,0,879,0,8,32,0,0,0,4,1,4,0
1212,1,194,salineros,120,84,1,3576,45,0,886,0,8,32,0,0,0,4,1,4,0
1212,1,195,salineros,119,84,1,3586,44,0,894,0,8,32,1,0,0,4,1,5,0
1212,1,196,salineros,118,84,1,3596,44,0,902,0,8,32,1,0,0,4,1,4,0
1212,1,197,salineros,117,82,1,3605,44,0,910,0,11,35,1,0,0,4,1,4,0
1212,1,198,salineros,116,80,1,3570,44,0,918,0,11,41,1,0,0,4,1,4,0
1212,1,199,salineros,114,78,1,3584,44,0,926,0,11,41,1,0,0,4,1,4,0
1212,1,200,salineros,113,76,1,3600,44,0,934,0,11,39,1,0,0,4,1,4,0
1212-2,1,1,arrieros,34,91,1,42,61,0,0,0,12,30,0,0,0,0,1,4,0
1212-2,1,2,arrieros,33,87,1,35,42,0,0,0,12,21,0,0,0,0,1,2,0
1212-2,1,3,arrieros,33,87,1,39,30,0,0,0,12,20,0,0,0,0,1,0,1
1212-2,1,4,arrieros,33,87,1,43,19,0,0,0,12,20,0,0,0,0,1,0,1
1212-2,1,5,arrieros,33,87,1,47,16,0,0,0,20,28,0,1,0,0,1,0,1
1212-2,1,6,arrieros,33,87,1,67,15,0,0,0,20,44,0,0,0,0,1,3,0
1212-2,1,7,arrieros,33,87,1,102,14,0,0,0,20,44,0,0,0,0,1,2,0
1212-2,1,8,arrieros,33,87,1,90,14,0,0,0,20,44,0,0,0,0,1,2,0
1212-2,1,9,arrieros,33,87,1,90,22,0,0,0,20,44,0,0,0,0,1,2,0
1212-2,1,10,arrieros,33,87,1,89,29,0,0,0,20,44,0,0,0,0,1,2,0
1212-2,1,11,arrieros,33,87,1,91,55,0,0,0,40,64,0,0,0,0,1,2,0
1212-2,1,12,arrieros,32,83,1,77,73,0,0,0,40,64,0,0,0,0,1,3,0
1212-2,1,13,arrieros,31,79,1,80,92,0,0,0,40,64,0,0,0,0,1,3,0
1212-2,1,14,arrieros,46,75,1,73,107,0,0,0,40,62,0,0,0,1,1,3,0
1212-2,1,15,arrieros,45,71,1,74,124,0,0,0,40,62,0,0,0,1,1,3,0
1212-2,1,16,arrieros,45,71,1,81,145,0,0,0,40,62,0,0,0,1,1,3,0
1212-2,1,17,arrieros,45,71,1,81,127,0,0,0,25,47,0,0,0,1,1,13,0
1212-2,1,18,arrieros,63,71,1,84,130,0,0,0,25,47,0,0,0,2,1,3,0
1212-2,1,19,arrieros,63,71,1,74,133,0,0,0,25,47,0,0,0,2,1,3,0
1212-2,1,20,arrieros,63,71,1,84,134,0,0,0,25,47,0,1,0,2,1,3,0
1212-2,1,21,arrieros,63,71,1,81,113,0,0,0,25,51,0,0,0,2,1,13,0
1212-2,1,22,arrieros,63,71,1,84,117,0,0,0,25,51,0,0,0,2,1,3,0
1212-2,1,23,arrieros,71,71,1,84,108,0,0,0,12,38,0,0,0,2,1,3,0
1212-2,1,24,arrieros,71,71,1,77,99,0,0,0,12,31,0,0,0,2,1,3,0
1212-2,1,25,arrieros,71,71,1,77,91,0,0,0,12,31,0,0,0,2,1,4,0
1212-2,1,26,arrieros,71,71,1,99,63,0,0,0,12,31,0,0,0,2,1,15,0
1212-2,1,27,arrieros,79,71,1,91,58,0,0,0,12,31,0,0,0,2,1,3,0
1212-2,1,28,arrieros,79,71,1,81,59,0,0,0,12,31,0,1,0,2,1,3,0
1212-2,1,29,arrieros,79,71,1,78,68,0,0,0,20,39,0,0,0,2,1,3,0
1212-2,1,30,arrieros,79,71,1,84,50,0,0,0,20,46,0,0,0,2,1,13,0
1212-2,1,31,arrieros,87,71,1,107,56,0,0,0,20,46,0,0,0,2,1,4,0
1212-2,1,32,arrieros,87,71,1,100,63,0,0,0,20,46,0,0,0,2,1,5,0
1212-2,1,33,arrieros,87,71,1,106,70,0,0,0,20,46,0,0,0,2,1,5,0
1212-2,1,34,arrieros,87,71,1,103,43,0,0,0,20,46,0,0,0,2,1,15,0
1212-2,1,35,arrieros,95,71,1,104,63,0,0,0,33,59,0,0,0,2,1,5,0
1212-2,1,36,arrieros,95,71,1,104,82,0,0,0,33,59,0,0,0,2,1,5,0
1212-2,1,37,arrieros,95,71,1,104,101,0,0,0,33,59,0,0,0,2,1,5,0
1212-2,1,38,arrieros,95,71,1,106,119,0,0,0,33,59,0,0,0,2,1,6,0
1212-2,1,39,arrieros,95,71,1,106,134,0,0,0,33,59,0,1,0,2,1,4,0
1212-2,1,40,arrieros,95,71,1,91,145,0,0,0,33,59,0,0,0,2,1,3,0
1212-2,1,41,arrieros,95,71,1,90,147,0,0,0,25,51,0,0,0,2,1,3,0
1212-2,1,42,arrieros,96,79,1,99,171,0,0,0,25,51,0,0,0,2,1,6,0
1212-2,1,43,arrieros,96,75,1,106,163,0,0,0,25,51,0,1,0,2,1,3,0
1212-2,1,44,arrieros,95,71,1,81,139,0,0,0,25,51,0,0,0,2,1,8,0
1212-2,1,45,arrieros,95,71,1,89,125,0,0,0,25,51,0,0,0,2,1,9,0
1212-2,1,46,arrieros,103,71,1,83,126,0,0,0,25,51,0,1,0,2,1,3,0
1212-2,1,47,arrieros,103,71,1,83,117,0,0,0,12,38,0,0,0,2,1,3,0
1212-2,1,48,arrieros,103,71,1,76,108,0,0,0,12,31,0,0,0,2,1,4,0
1212-2,1,49,arrieros,103,71,1,91,99,0,0,0,12,31,0,0,0,2,1,5,0
1212-2,1,50,arrieros,103,71,1,89,89,0,0,0,12,31,0,0,0,2,1,3,0
1212-2,1,51,arrieros,103,71,1,80,87,0,0,0,12,31,0,1,0,2,1,2,0
1212-2,1,52,arrieros,103,71,1,79,87,0,0,0,12,31,0,0,0,2,1,3,0
1212-2,1,53,arrieros,103,71,1,76,92,0,0,0,20,39,0,0,0,2,1,4,0
1212-2,1,54,arrieros,104,75,1,110,97,0,0,0,20,46,0,0,0,2,1,5,0
1212-2,1,55,arrieros,104,75,1,98,97,0,0,0,20,46,0,0,0,2,1,6,0
1212-2,1,56,arrieros,103,71,1,97,77,0,0,0,20,46,0,0,0,2,1,10,0
1212-2,1,57,arrieros,103,71,1,103,64,0,0,0,20,46,0,0,0,2,1,10,0
1212-2,1,58,arrieros,111,71,1,102,71,0,0,0,20,46,0,0,0,2,1,5,0
1212-2,1,59,arrieros,111,71,1,105,97,0,0,0,40,66,0,0,0,2,1,4,0
1212-2,1,60,arrieros,111,71,1,105,122,0,0,0,40,66,0,0,0,2,1,5,0
1212-2,1,61,arrieros,111,71,1,104,146,0,0,0,40,66,0,0,0,2,1,4,0
1212-2,1,62,arrieros,111,71,1,104,163,0,0,0,40,66,0,0,0,2,1,4,0
1212-2,1,63,arrieros,111,71,1,104,179,0,0,0,40,66,0,0,0,2,1,4,0
1212-2,1,64,arrieros,111,71,1,104,194,0,0,0,40,66,0,0,0,2,1,4,0
1212-2,1,65,arrieros,111,71,1,103,196,0,0,0,25,51,0,0,0,2,1,5,0
1212-2,1,66,arrieros,112,75,1,139,207,0,0,0,25,51,0,0,0,2,1,5,0
1212-2,1,67,arrieros,112,75,1,127,209,0,0,0,25,51,0,0,0,2,1,5,0
1212-2,1,68,arrieros,111,71,1,128,185,0,0,0,25,51,0,0,0,2,1,9,0
1212-2,1,69,arrieros,111,71,1,132,170,0,0,0,25,51,0,0,0,2,1,9,0
1212-2,1,70,arrieros,119,71,1,132,173,0,0,0,25,51,0,0,0,2,1,4,0
1212-2,1,71,arrieros,119,71,1,135,163,0,0,0,12,38,0,0,0,2,1,4,0
1212-2,1,72,arrieros,119,71,1,127,154,0,0,0,12,31,0,0,0,2,1,4,0
1212-2,1,73,arrieros,119,71,1,127,139,0,0,0,12,31,0,0,0,2,1,6,0
1212-2,1,74,arrieros,119,71,1,124,131,0,0,0,12,31,0,0,0,2,1,4,0
1212-2,1,75,arrieros,119,71,1,126,132,0,0,0,12,31,0,0,0,2,1,4,0
1212-2,1,76,arrieros,119,71,1,125,133,0,0,0,12,31,0,0,0,2,1,4,0
1212-2,1,77,arrieros,120,75,1,130,137,0,0,0,20,39,0,0,0,2,1,8,0
1212-2,1,78,arrieros,119,71,1,129,136,0,0,0,20,46,0,0,0,2,1,5,0
1212-2,1,79,arrieros,120,75,1,138,123,0,0,0,20,46,0,0,0,2,1,11,0
1212-2,1,80,arrieros,119,71,1,126,122,0,0,0,20,46,0,0,0,2,1,5,0
1212-2,1,81,arrieros,127,71,1,135,105,0,0,0,20,46,0,0,0,2,1,11,0
1212-2,1,82,arrieros,127,71,1,131,112,0,0,0,20,46,0,0,0,2,1,5,0
1212-2,1,83,arrieros,127,71,1,134,138,0,0,0,40,66,0,0,0,2,1,5,0
1212-2,1,84,arrieros,127,71,1,131,163,0,0,0,40,66,0,0,0,2,1,5,0
1212-2,1,85,arrieros,127,71,1,134,187,0,0,0,40,66,0,0,0,2,1,4,0
1212-2,1,86,arrieros,127,71,1,134,204,0,0,0,40,66,0,0,0,2,1,4,0
1212-2,1,87,arrieros,127,71,1,134,220,0,0,0,40,66,0,0,0,2,1,4,0
1212-2,1,88,arrieros,127,71,1,133,235,0,0,0,40,66,0,0,0,2,1,6,0
1212-2,1,89,arrieros,127,71,1,133,229,0,0,0,25,51,0,0,0,2,1,5,0
1212-2,1,90,arrieros,128,75,1,139,237,0,0,0,25,51,0,0,0,2,1,5,0
1212-2,1,91,arrieros,128,75,1,138,235,0,0,0,25,51,0,0,0,2,1,6,0
1212-2,1,92,arrieros,127,71,1,131,204,0,0,0,25,51,0,0,0,2,1,10,0
1212-2,1,93,arrieros,127,71,1,135,189,0,0,0,25,51,0,0,0,2,1,9,0
1212-2,1,94,arrieros,135,71,1,134,191,0,0,0,25,51,0,0,0,2,1,4,0
1212-2,1,95,arrieros,135,71,1,134,181,0,0,0,12,38,0,0,0,2,1,5,0
1212-2,1,96,arrieros,135,71,1,127,165,0,0,0,12,31,0,0,0,2,1,5,0
1212-2,1,97,arrieros,135,71,1,127,156,0,0,0,12,31,0,0,0,2,1,4,0
1212-2,1,98,arrieros,135,71,1,124,143,0,0,0,12,31,0,0,0,2,1,5,0
1212-2,1,99,arrieros,135,71,1,124,135,0,0,0,12,31,0,0,0,2,1,5,0
1212-2,1,100,arrieros,135,71,1,122,132,0,0,0,12,31,0,0,0,2,1,4,0
1212-2,1,101,arrieros,136,75,1,131,141,0,0,0,20,39,0,0,0,2,1,5,0
1212-2,1,102,arrieros,135,71,1,127,140,0,0,0,20,46,0,0,0,2,1,5,0
1212-2,1,103,arrieros,136,75,1,136,126,0,0,0,20,46,0,0,0,2,1,12,0
1212-2,1,104,arrieros,135,71,1,122,124,0,0,0,25,51,0,0,0,2,1,6,0
1212-2,1,105,arrieros,143,71,1,105,77,0,0,0,25,51,0,0,0,2,1,10,0
1212-2,1,106,arrieros,143,71,1,133,90,0,0,0,25,51,0,0,0,2,1,3,0
1212-2,1,107,arrieros,181,123,2,127,124,0,0,0,50,76,0,0,0,3,1,5,0
1212-2,1,108,arrieros,182,125,2,126,146,0,0,0,50,86,0,0,0,3,1,7,0
1212-2,1,109,arrieros,182,127,2,133,163,0,0,0,50,86,0,2,0,3,1,5,0
1212-2,1,110,arrieros,182,129,2,108,192,0,0,0,56,92,0,0,0,3,1,3,0
1212-2,1,111,arrieros,183,131,2,121,217,0,0,0,56,92,0,1,0,3,1,2,0
1212-2,1,112,arrieros,183,131,2,117,254,0,0,0,72,110,0,0,0,3,1,4,0
1212-2,1,113,arrieros,183,131,2,91,220,0,0,0,45,83,0,0,0,3,1,6,0
1212-2,1,114,arrieros,184,135,2,123,233,0,0,0,45,83,0,0,0,3,1,3,0
1212-2,1,115,arrieros,230,177,3,105,236,0,0,0,45,83,0,0,0,4,1,4,0
1212-2,1,116,arrieros,230,175,3,94,214,0,0,0,45,91,0,0,0,4,1,10,0
1212-2,1,117,arrieros,230,175,3,111,191,0,0,0,45,91,0,1,0,4,1,10,0
1212-2,1,118,arrieros,238,177,3,107,191,0,0,0,50,96,0,1,0,4,1,3,0
1212-2,1,119,arrieros,238,177,3,113,152,0,0,0,24,70,0,0,0,4,1,4,0
1212-2,1,120,arrieros,238,177,3,104,127,0,0,0,24,63,0,0,0,4,1,2,0
1212-2,1,121,arrieros,238,177,3,108,111,0,0,0,24,63,0,0,0,4,1,3,0
1212-2,1,122,arrieros,238,177,3,92,85,0,0,0,24,63,0,0,0,4,1,3,0
1212-2,1,123,arrieros,238,177,3,105,68,0,0,0,24,63,0,0,0,4,1,1,0
1212-2,1,124,arrieros,238,177,3,99,46,0,0,0,24,63,0,1,0,4,1,2,0
1212-2,1,125,arrieros,238,177,3,104,54,0,0,0,48,87,0,0,0,4,1,3,0
1212-2,1,126,arrieros,238,177,3,109,60,0,0,0,48,94,0,0,0,4,1,4,0
1212-2,1,127,arrieros,239,183,3,115,71,0,0,0,48,94,0,0,0,4,1,5,0
1212-2,1,128,arrieros,240,189,3,119,72,0,0,0,48,96,0,0,0,4,1,5,0
1212-2,1,129,arrieros,240,189,3,115,78,0,0,0,48,96,0,0,0,4,1,3,0
1212-2,1,130,arrieros,241,191,3,116,83,0,0,0,48,96,0,1,0,4,1,4,0
1212-2,1,131,arrieros,241,194,3,86,96,0,0,0,96,146,0,0,0,4,1,3,0
1212-2,1,132,arrieros,242,197,3,113,147,0,0,0,96,146,0,0,0,4,1,2,0
1212-2,1,133,arrieros,259,243,4,95,183,0,0,0,96,138,0,0,0,4,1,3,0
1212-2,1,134,arrieros,259,244,4,87,213,0,0,0,96,144,0,0,0,4,1,4,0
1212-2,1,135,arrieros,260,249,4,103,239,0,0,0,96,144,0,1,0,4,1,2,0
1212-2,1,136,arrieros,261,254,4,107,264,0,0,0,96,146,0,0,0,4,1,4,0
1212-2,1,137,arrieros,261,254,4,110,197,0,0,0,60,110,0,0,0,4,1,14,0
1212-2,1,138,arrieros,261,254,4,112,193,0,0,0,61,111,0,0,0,4,1,3,0
1212-2,1,139,arrieros,269,254,4,97,190,0,0,0,61,111,0,0,0,4,1,2,0
1212-2,1,140,arrieros,269,254,4,116,183,0,0,0,61,111,0,1,0,4,1,5,0
1212-2,1,141,arrieros,269,254,4,108,172,0,0,0,61,111,0,0,0,4,1,4,0
1212-2,1,142,arrieros,269,254,4,119,159,0,0,0,61,116,0,0,0,4,1,3,0
1212-2,1,143,arrieros,269,254,4,116,122,0,0,0,30,85,0,0,0,4,1,2,0
1212-2,1,144,arrieros,269,254,4,103,92,0,0,0,30,79,0,0,0,4,1,3,0
1212-2,1,145,arrieros,269,254,4,117,56,0,0,0,29,78,0,0,0,4,1,2,0
1212-2,1,146,arrieros,268,254,4,111,43,0,0,0,29,78,1,1,0,4,1,3,0
1212-2,1,147,arrieros,267,254,4,118,41,0,0,5,29,78,1,0,0,4,1,3,0
1212-2,1,148,arrieros,265,249,4,737,45,0,0,5,29,78,1,0,0,4,1,4,0
1212-2,1,149,arrieros,263,244,4,645,47,0,0,5,49,96,1,0,0,4,1,5,0
1212-2,1,150,arrieros,261,239,4,616,49,0,0,5,45,91,1,0,0,4,1,5,0
1212-2,1,151,arrieros,259,234,4,581,49,0,0,5,45,84,1,0,0,4,1,6,0
1212-2,1,152,arrieros,257,229,4,364,49,0,0,5,40,71,1,0,0,4,1,6,0
1212-2,1,153,arrieros,255,224,4,220,49,0,0,5,37,68,1,0,0,4,1,6,0
1212-2,1,154,arrieros,254,220,4,179,49,0,0,5,37,68,1,0,0,4,1,5,0
1212-2,1,155,arrieros,255,228,4,168,71,0,0,5,68,91,0,0,0,4,1,5,0
1212-2,1,156,arrieros,217,179,3,129,91,0,0,5,46,67,0,2,0,4,1,4,0
1212-2,1,157,arrieros,180,131,2,109,100,0,0,5,41,61,0,0,0,4,1,3,0
1212-2,1,158,arrieros,180,134,2,106,118,0,0,5,43,63,0,0,0,4,1,7,0
1212-2,1,159,arrieros,181,137,2,100,130,0,0,5,43,63,0,0,0,4,1,3,0
1212-2,1,160,arrieros,182,140,2,99,143,0,0,5,47,67,0,0,0,4,1,3,0
1212-2,1,161,arrieros,182,140,2,98,132,0,0,5,29,50,0,0,0,4,1,4,0
1212-2,1,162,arrieros,182,140,2,98,97,0,0,5,29,50,0,0,0,4,1,7,0
1212-2,1,163,arrieros,182,140,2,98,91,0,0,5,29,50,0,0,0,4,1,2,0
1212-2,1,164,arrieros,182,140,2,98,87,0,0,5,30,51,0,0,0,4,1,2,0
1212-2,1,165,arrieros,190,140,2,98,83,0,0,5,30,51,0,0,0,4,1,3,0
1212-2,1,166,arrieros,190,140,2,98,71,0,0,5,30,51,0,0,0,4,1,3,0
1212-2,1,167,arrieros,190,140,2,98,52,0,0,5,14,35,0,0,0,4,1,2,0
1212-2,1,168,arrieros,189,140,2,97,42,0,0,5,14,35,1,0,0,4,1,3,0
1212-2,1,169,arrieros,188,140,2,149,42,0,0,5,14,35,1,0,0,4,1,4,0
1212-2,1,170,arrieros,186,137,2,362,41,0,0,5,14,35,1,0,0,4,1,5,0
1212-2,1,171,arrieros,184,134,2,332,49,0,0,5,14,33,1,0,0,4,1,4,0
1212-2,1,172,arrieros,184,135,2,145,50,0,0,5,14,33,1,0,0,4,1,7,0
1212-2,1,173,arrieros,184,135,2,128,44,0,0,5,23,42,0,0,0,4,1,4,0
1212-2,1,174,arrieros,183,135,2,135,46,0,0,5,23,46,1,0,0,4,1,5,0
1212-2,1,175,arrieros,182,135,2,130,46,0,0,5,23,46,1,0,0,4,1,5,0
1212-2,1,176,arrieros,180,132,2,132,46,0,0,5,23,46,1,0,0,4,1,4,0
1212-2,1,177,arrieros,178,129,2,303,46,0,0,5,22,45,1,0,0,4,1,5,0
1212-2,1,178,arrieros,177,126,2,233,46,0,0,5,22,45,1,0,0,4,1,5,0
1212-2,1,179,arrieros,177,126,2,217,62,0,0,5,41,64,0,0,0,4,1,5,0
1212-2,1,180,arrieros,178,130,2,177,81,0,0,5,45,68,0,0,0,4,1,6,0
1212-2,1,181,arrieros,135,58,1,179,98,0,0,5,40,59,0,0,0,4,1,6,0
1212-2,1,182,arrieros,135,56,1,158,124,0,0,5,40,59,0,0,0,4,1,8,0
1212-2,1,183,arrieros,135,58,1,188,154,0,0,5,40,59,0,0,0,4,1,5,0
1212-2,1,184,arrieros,136,60,1,156,182,0,0,5,40,59,0,0,0,4,1,5,0
1212-2,1,185,arrieros,136,60,1,162,141,0,0,5,25,45,0,0,0,4,1,14,0
1212-2,1,186,arrieros,136,60,1,156,149,0,0,5,25,45,0,0,0,4,1,4,0
1212-2,1,187,arrieros,144,60,1,158,165,0,0,5,25,45,0,0,0,4,1,4,0
1212-2,1,188,arrieros,144,60,1,158,181,0,0,5,25,45,0,0,0,4,1,4,0
1212-2,1,189,arrieros,144,60,1,161,192,0,0,5,25,45,0,0,0,4,1,4,0
1212-2,1,190,arrieros,144,60,1,157,198,0,0,5,25,45,0,0,0,4,1,4,0
1212-2,1,191,arrieros,144,60,1,160,191,0,0,5,12,32,0,0,0,4,1,4,0
1212-2,1,192,arrieros,144,60,1,152,184,0,0,5,12,28,0,0,0,4,1,3,0
1212-2,1,193,arrieros,144,60,1,155,177,0,0,5,12,28,0,0,0,4,1,4,0
1212-2,1,194,arrieros,144,60,1,152,171,0,0,5,12,28,0,0,0,4,1,4,0
1212-2,1,195,arrieros,145,68,1,162,166,0,0,5,12,28,0,0,0,4,1,6,0
1212-2,1,196,arrieros,144,64,1,150,153,0,0,5,12,28,0,0,0,4,1,4,0
1212-2,1,197,arrieros,144,60,1,152,134,0,0,5,20,36,0,0,0,4,1,9,0
1212-2,1,198,arrieros,144,60,1,154,108,0,0,5,20,40,0,0,0,4,1,10,0
1212-2,1,199,arrieros,144,60,1,157,98,0,0,5,20,40,0,0,0,4,1,7,0
1212-2,1,200,arrieros,152,60,1,162,93,0,0,5,20,40,0,0,0,4,1,6,0
1212-2,1,1,canteros,39,116,1,88,53,0,0,0,15,45,0,0,0,0,1,4,0
1212-2,1,2,canteros,39,116,1,95,36,0,0,0,15,31,0,0,0,0,1,0,1
1212-2,1,3,canteros,39,116,1,102,20,0,0,0,15,31,0,1,0,0,1,0,1
1212-2,1,4,canteros,39,116,1,75,6,0,0,0,15,39,0,0,0,0,1,4,0
1212-2,1,5,canteros,38,116,1,89,7,0,0,0,17,41,1,0,0,0,1,2,0
1212-2,1,6,canteros,37,116,1,96,3,0,0,0,17,52,1,0,0,0,1,3,0
1212-2,1,7,canteros,35,113,1,93,4,0,0,0,17,52,1,0,0,0,1,3,0
1212-2,1,8,canteros,34,110,1,100,4,0,0,0,17,52,1,0,0,0,1,3,0
1212-2,1,9,canteros,32,107,1,99,4,0,0,0,17,52,1,0,0,0,1,3,0
1212-2,1,10,canteros,30,104,1,98,4,0,0,0,17,50,1,0,0,0,1,3,0
1212-2,1,11,canteros,30,104,1,97,25,0,0,0,43,75,0,0,0,0,1,3,0
1212-2,1,12,canteros,30,104,1,96,45,0,0,0,43,75,0,0,0,0,1,3,0
1212-2,1,13,canteros,30,104,1,96,64,0,0,0,43,75,0,0,0,0,1,3,0
1212-2,1,14,canteros,30,100,1,77,73,0,0,0,43,75,0,0,0,0,1,4,0
1212-2,1,15,canteros,44,96,1,75,87,0,0,0,48,81,0,0,0,1,1,3,0
1212-2,1,16,canteros,44,96,1,90,111,0,0,0,48,79,0,0,0,1,1,2,0
1212-2,1,17,canteros,44,96,1,87,102,0,0,0,30,61,0,0,0,1,1,7,0
1212-2,1,18,canteros,44,96,1,93,111,0,0,0,30,60,0,0,0,1,1,2,0
1212-2,1,19,canteros,62,96,1,93,119,0,0,0,30,60,0,0,0,2,1,2,0
1212-2,1,20,canteros,62,96,1,94,127,0,0,0,30,60,0,0,0,2,1,2,0
1212-2,1,21,canteros,62,96,1,95,135,0,0,0,30,60,0,0,0,2,1,2,0
1212-2,1,22,canteros,62,96,1,93,143,0,0,0,30,60,0,0,0,2,1,3,0
1212-2,1,23,canteros,62,96,1,97,123,0,0,0,15,45,0,0,0,2,1,8,0
1212-2,1,24,canteros,62,96,1,84,111,0,0,0,15,36,0,0,0,2,1,3,0
1212-2,1,25,canteros,70,96,1,86,105,0,0,0,15,36,0,0,0,2,1,2,0
1212-2,1,26,canteros,70,96,1,81,98,0,0,0,15,36,0,0,0,2,1,2,0
1212-2,1,27,canteros,70,96,1,80,92,0,0,0,15,36,0,0,0,2,1,2,0
1212-2,1,28,canteros,70,96,1,82,85,0,0,0,15,36,0,0,0,2,1,2,0
1212-2,1,29,canteros,70,96,1,79,77,0,0,0,24,45,0,0,0,2,1,7,0
1212-2,1,30,canteros,70,96,1,90,79,0,0,0,24,54,0,0,0,2,1,2,0
1212-2,1,31,canteros,78,96,1,88,80,0,0,0,24,54,0,0,0,2,1,2,0
1212-2,1,32,canteros,78,96,1,96,84,0,0,0,24,54,0,0,0,2,1,2,0
1212-2,1,33,canteros,78,96,1,98,87,0,0,0,24,54,0,0,0,2,1,2,0
1212-2,1,34,canteros,78,96,1,101,91,0,0,0,24,54,0,0,0,2,1,2,0
1212-2,1,35,canteros,78,96,1,115,118,0,0,0,48,77,0,0,0,2,1,3,0
1212-2,1,36,canteros,78,96,1,13,141,0,0,0,48,77,0,0,0,2,1,5,0
1212-2,1,37,canteros,78,96,1,81,161,0,0,0,48,77,0,0,0,2,1,1,0
1212-2,1,38,canteros,78,96,1,85,176,0,0,0,48,77,0,0,0,2,1,2,0
1212-2,1,39,canteros,78,96,1,83,191,0,0,0,48,77,0,0,0,2,1,2,0
1212-2,1,40,canteros,78,96,1,88,205,0,0,0,48,77,0,0,0,2,1,2,0
1212-2,1,41,canteros,78,96,1,85,189,0,0,0,30,59,0,0,0,2,1,7,0
1212-2,1,42,canteros,86,96,1,84,186,0,0,0,30,59,0,0,0,2,1,2,0
1212-2,1,43,canteros,86,96,1,83,183,0,0,0,30,59,0,0,0,2,1,2,0
1212-2,1,44,canteros,86,96,1,89,180,0,0,0,30,59,0,0,0,2,1,2,0
1212-2,1,45,canteros,86,96,1,86,167,0,0,0,30,59,0,0,0,2,1,7,0
1212-2,1,46,canteros,86,96,1,84,165,0,0,0,30,59,0,0,0,2,1,2,0
1212-2,1,47,canteros,94,96,1,82,148,0,0,0,15,44,0,0,0,2,1,2,0
1212-2,1,48,canteros,94,96,1,74,132,0,0,0,15,35,0,0,0,2,1,2,0
1212-2,1,49,canteros,94,96,1,80,119,0,0,0,12,32,0,0,0,2,1,2,0
1212-2,1,50,canteros,94,96,1,80,104,0,0,0,12,32,0,0,0,2,1,2,0
1212-2,1,51,canteros,94,96,1,81,91,0,0,0,12,32,0,0,0,2,1,2,0
1212-2,1,52,canteros,94,96,1,78,78,0,0,0,12,31,0,0,0,2,1,2,0
1212-2,1,53,canteros,94,96,1,80,78,0,0,0,24,43,0,0,0,2,1,2,0
1212-2,1,54,canteros,94,96,1,90,77,0,0,0,24,52,0,0,0,2,1,2,0
1212-2,1,55,canteros,94,96,1,88,76,0,0,0,24,52,0,0,0,2,1,3,0
1212-2,1,56,canteros,95,100,1,106,77,0,0,0,24,52,0,0,0,2,1,4,0
1212-2,1,57,canteros,94,96,1,76,66,0,0,0,24,54,0,0,0,2,1,4,0
1212-2,1,58,canteros,94,96,1,96,66,0,0,0,24,52,0,0,0,2,1,2,0
1212-2,1,59,canteros,94,96,1,87,88,0,0,0,48,76,0,0,0,2,1,3,0
1212-2,1,60,canteros,94,96,1,92,110,0,0,0,48,76,0,0,0,2,1,3,0
1212-2,1,61,canteros,94,96,1,91,131,0,0,0,48,76,0,0,0,2,1,3,0
1212-2,1,62,canteros,94,96,1,86,151,0,0,0,48,76,0,0,0,2,1,3,0
1212-2,1,63,canteros,94,96,1,93,171,0,0,0,48,76,0,0,0,2,1,3,0
1212-2,1,64,canteros,94,96,1,85,190,0,0,0,48,76,0,0,0,2,1,2,0
1212-2,1,65,canteros,94,96,1,85,174,0,0,0,30,58,0,0,0,2,1,7,0
1212-2,1,66,canteros,94,96,1,83,171,0,0,0,30,58,0,0,0,2,1,2,0
1212-2,1,67,canteros,102,96,1,87,168,0,0,0,30,58,0,0,0,2,1,2,0
1212-2,1,68,canteros,102,96,1,85,166,0,0,0,30,58,0,0,0,2,1,2,0
1212-2,1,69,canteros,102,96,1,83,164,0,0,0,30,58,0,0,0,2,1,2,0
1212-2,1,70,canteros,312,96,1,91,162,0,0,0,30,58,0,1,1,3,1,2,0
1212-2,1,71,canteros,312,96,1,87,144,0,0,0,12,40,0,0,0,3,1,3,0
1212-2,1,72,canteros,312,96,1,84,126,0,0,0,11,30,0,0,0,3,1,2,0
1212-2,1,73,canteros,312,96,1,82,111,0,0,0,13,32,0,0,0,3,1,2,0
1212-2,1,74,canteros,312,96,1,80,101,0,0,0,13,32,0,0,0,3,1,2,0
1212-2,1,75,canteros,313,100,1,92,93,0,0,0,13,32,0,0,0,3,1,3,0
1212-2,1,76,canteros,312,96,1,62,73,0,0,0,13,33,0,0,0,3,1,3,0
1212-2,1,77,canteros,312,96,1,83,64,0,0,0,21,40,0,0,0,3,1,6,0
1212-2,1,78,canteros,312,96,1,82,59,0,0,0,21,49,0,0,0,3,1,3,0
1212-2,1,79,canteros,320,96,1,93,58,0,0,0,21,49,0,0,0,3,1,2,0
1212-2,1,80,canteros,320,96,1,91,57,0,0,0,21,49,0,0,0,3,1,3,0
1212-2,1,81,canteros,320,96,1,93,56,0,0,0,21,49,0,0,0,3,1,3,0
1212-2,1,82,canteros,320,96,1,95,55,0,0,0,21,49,0,0,0,3,1,3,0
1212-2,1,83,canteros,320,96,1,91,76,0,0,0,43,71,0,0,0,3,1,3,0
1212-2,1,84,canteros,320,96,1,95,96,0,0,0,43,71,0,0,0,3,1,3,0
1212-2,1,85,canteros,320,96,1,91,115,0,0,0,43,71,0,0,0,3,1,3,0
1212-2,1,86,canteros,320,96,1,94,133,0,0,0,43,71,0,0,0,3,1,3,0
1212-2,1,87,canteros,321,100,1,105,151,0,0,0,43,71,0,0,0,3,1,3,0
1212-2,1,88,canteros,320,96,1,91,160,0,0,0,43,73,0,0,0,3,1,3,0
1212-2,1,89,canteros,320,96,1,139,144,0,0,0,27,55,0,0,0,3,1,6,0
1212-2,1,90,canteros,320,96,1,161,142,0,0,0,27,55,0,0,0,3,1,0,1
1212-2,1,91,canteros,328,96,1,174,140,0,0,0,27,55,0,0,0,3,1,2,0
1212-2,1,92,canteros,328,96,1,182,140,0,0,0,27,55,0,0,0,3,1,2,0
1212-2,1,93,canteros,328,96,1,192,142,0,0,0,27,55,0,0,0,3,1,2,0
1212-2,1,94,canteros,328,96,1,210,144,0,0,0,27,55,0,0,0,3,1,2,0
1212-2,1,95,canteros,328,96,1,235,130,0,0,0,13,41,0,0,0,3,1,1,0
1212-2,1,96,canteros,328,96,1,207,115,0,0,0,13,32,0,0,0,3,1,2,0
1212-2,1,97,canteros,328,96,1,190,110,0,0,0,13,32,0,0,0,3,1,2,0
1212-2,1,98,canteros,328,96,1,177,106,0,0,0,13,32,0,0,0,3,1,2,0
1212-2,1,99,canteros,329,100,1,173,103,0,0,0,13,32,0,0,0,3,1,3,0
1212-2,1,100,canteros,328,96,1,139,88,0,0,0,13,33,0,0,0,3,1,3,0
1212-2,1,101,canteros,328,96,1,109,81,0,0,0,21,40,0,0,0,3,1,8,0
1212-2,1,102,canteros,328,96,1,136,82,0,0,0,21,49,0,0,0,3,1,2,0
1212-2,1,103,canteros,336,96,1,110,83,0,0,0,21,49,0,0,0,3,1,3,0
1212-2,1,104,canteros,336,96,1,140,84,0,0,0,21,49,0,0,0,3,1,2,0
1212-2,1,105,canteros,336,96,1,92,85,0,0,0,21,49,0,0,0,3,1,3,0
1212-2,1,106,canteros,336,96,1,145,86,0,0,0,21,49,0,0,0,3,1,2,0
1212-2,1,107,canteros,336,96,1,96,108,0,0,0,43,71,0,0,0,3,1,3,0
1212-2,1,108,canteros,336,96,1,148,129,0,0,0,43,71,0,0,0,3,1,2,0
1212-2,1,109,canteros,336,96,1,98,150,0,0,0,43,71,0,0,0,3,1,3,0
1212-2,1,110,canteros,336,96,1,152,170,0,0,0,43,71,0,0,0,3,1,2,0
1212-2,1,111,canteros,337,100,1,159,183,0,0,0,43,71,0,0,0,3,1,3,0
1212-2,1,112,canteros,336,96,1,163,184,0,0,0,43,73,0,0,0,3,1,3,0
1212-2,1,113,canteros,336,96,1,236,167,0,0,0,27,55,0,0,0,3,1,6,0
1212-2,1,114,canteros,336,96,1,258,164,0,0,0,27,55,0,0,0,3,1,0,1
1212-2,1,115,canteros,344,96,1,280,161,0,0,0,27,55,0,0,0,3,1,0,1
1212-2,1,116,canteros,344,96,1,302,158,0,0,0,27,55,0,0,0,3,1,0,1
1212-2,1,117,canteros,344,96,1,324,155,0,0,0,27,55,0,0,0,3,1,0,1
1212-2,1,118,canteros,344,96,1,346,152,0,0,0,27,55,0,0,0,3,1,0,1
1212-2,1,119,canteros,344,96,1,368,136,0,0,0,13,41,0,0,0,3,1,0,1
1212-2,1,120,canteros,344,96,1,348,120,0,0,0,13,32,0,0,0,3,1,2,0
1212-2,1,121,canteros,344,96,1,331,113,0,0,0,13,32,0,0,0,3,1,2,0
1212-2,1,122,canteros,344,96,1,315,108,0,0,0,13,32,0,0,0,3,1,2,0
1212-2,1,123,canteros,345,100,1,308,105,0,0,0,13,32,0,0,0,3,1,3,0
1212-2,1,124,canteros,344,96,1,271,90,0,0,0,13,33,0,0,0,3,1,3,0
1212-2,1,125,canteros,344,96,1,219,83,0,0,0,21,40,0,0,0,3,1,8,0
1212-2,1,126,canteros,344,96,1,222,84,0,0,0,21,49,0,0,0,3,1,3,0
1212-2,1,127,canteros,352,96,1,224,85,0,0,0,21,49,0,0,0,3,1,3,0
1212-2,1,128,canteros,352,96,1,226,86,0,0,0,21,49,0,0,0,3,1,3,0
1212-2,1,129,canteros,352,96,1,227,87,0,0,0,21,49,0,0,0,3,1,3,0
1212-2,1,130,canteros,352,96,1,228,82,0,0,0,15,43,0,0,0,3,1,3,0
1212-2,1,131,canteros,352,96,1,228,92,0,0,0,30,58,0,0,0,3,1,3,0
1212-2,1,132,canteros,352,96,1,231,102,0,0,0,30,58,0,0,0,3,1,3,0
1212-2,1,133,canteros,352,96,1,234,111,0,0,0,30,58,0,0,0,3,1,3,0
1212-2,1,134,canteros,352,96,1,236,120,0,0,0,30,58,0,0,0,3,1,3,0
1212-2,1,135,canteros,353,100,1,248,129,0,0,0,30,58,0,0,0,3,1,4,0
1212-2,1,136,canteros,352,96,1,231,139,0,0,0,43,73,0,0,0,3,1,4,0
1212-2,1,137,canteros,352,96,1,291,131,0,0,0,27,55,0,0,0,3,1,7,0
1212-2,1,138,canteros,352,96,1,278,134,0,0,0,27,55,0,0,0,3,1,2,0
1212-2,1,139,canteros,360,96,1,274,142,0,0,0,27,55,0,0,0,3,1,2,0
1212-2,1,140,canteros,360,96,1,301,150,0,0,0,27,55,0,0,0,3,1,2,0
1212-2,1,141,canteros,360,96,1,326,149,0,0,0,27,55,0,0,0,3,1,1,0
1212-2,1,142,canteros,360,96,1,348,146,0,0,0,27,55,0,0,0,3,1,2,0
1212-2,1,143,canteros,360,96,1,391,130,0,0,0,13,41,0,0,0,3,1,1,0
1212-2,1,144,canteros,360,96,1,375,115,0,0,0,13,32,0,0,0,3,1,3,0
1212-2,1,145,canteros,360,96,1,383,107,0,0,0,13,32,0,0,0,3,1,3,0
1212-2,1,146,canteros,360,96,1,379,100,0,0,0,13,32,0,0,0,3,1,2,0
1212-2,1,147,canteros,361,100,1,384,97,0,0,0,13,32,0,0,0,3,1,4,0
1212-2,1,148,canteros,360,96,1,371,79,0,0,0,13,33,0,0,0,3,1,4,0
1212-2,1,149,canteros,360,96,1,330,69,0,0,0,21,40,0,0,0,3,1,8,0
1212-2,1,150,canteros,360,96,1,345,71,0,0,0,21,49,0,0,0,3,1,4,0
1212-2,1,151,canteros,360,96,1,364,70,0,0,0,21,49,0,0,0,3,1,4,0
1212-2,1,152,canteros,360,96,1,378,72,0,0,0,21,49,0,0,0,3,1,4,0
1212-2,1,153,canteros,368,96,1,396,71,0,0,0,21,49,0,0,0,3,1,3,0
1212-2,1,154,canteros,368,96,1,409,73,0,0,0,21,49,0,0,0,3,1,4,0
1212-2,1,155,canteros,368,96,1,427,93,0,0,0,43,71,0,0,0,3,1,3,0
1212-2,1,156,canteros,368,96,1,440,115,0,0,0,43,71,0,0,0,3,1,4,0
1212-2,1,157,canteros,368,96,1,459,133,0,0,0,43,71,0,0,0,3,1,3,0
1212-2,1,158,canteros,368,96,1,474,153,0,0,0,43,71,0,0,0,3,1,4,0
1212-2,1,159,canteros,368,96,1,522,170,0,0,0,43,71,0,0,0,3,1,2,0
1212-2,1,160,canteros,368,96,1,544,182,0,0,0,43,71,0,0,0,3,1,3,0
1212-2,1,161,canteros,369,100,1,647,179,0,0,0,27,55,0,0,0,3,1,2,0
1212-2,1,162,canteros,368,96,1,621,126,0,0,0,27,57,0,0,0,3,1,4,0
1212-2,1,163,canteros,368,96,1,622,111,0,0,0,27,55,0,0,0,3,1,7,0
1212-2,1,164,canteros,402,126,2,628,120,0,0,0,27,55,0,0,0,4,1,3,0
1212-2,1,165,canteros,402,126,2,626,119,0,0,0,27,61,0,0,0,4,1,4,0
1212-2,1,166,canteros,402,126,2,616,116,0,0,0,27,61,0,1,0,4,1,4,0
1212-2,1,167,canteros,410,126,2,608,103,0,0,0,15,49,0,0,0,4,1,4,0
1212-2,1,168,canteros,410,126,2,604,88,0,0,0,15,40,0,0,0,4,1,4,0
1212-2,1,169,canteros,410,126,2,573,74,0,0,0,15,40,0,0,0,4,1,3,0
1212-2,1,170,canteros,410,126,2,558,61,0,0,0,15,40,0,0,0,4,1,5,0
1212-2,1,171,canteros,410,126,2,553,46,0,0,0,15,40,0,1,0,4,1,4,0
1212-2,1,172,canteros,410,126,2,526,33,0,0,0,15,44,0,0,0,4,1,3,0
1212-2,1,173,canteros,410,126,2,459,31,0,0,0,24,53,0,1,0,4,1,4,0
1212-2,1,174,canteros,410,126,2,461,28,0,0,0,24,68,0,0,0,4,1,5,0
1212-2,1,175,canteros,410,126,2,484,22,0,0,0,24,68,0,0,0,4,1,4,0
1212-2,1,176,canteros,411,130,2,516,20,0,0,0,24,68,0,0,0,4,1,5,0
1212-2,1,177,canteros,411,130,2,540,16,0,0,0,24,70,0,0,0,4,1,4,0
1212-2,1,178,canteros,411,130,2,564,12,0,0,0,24,70,0,0,0,4,1,4,0
1212-2,1,179,canteros,411,131,2,588,33,0,0,0,50,96,0,0,0,4,1,4,0
1212-2,1,180,canteros,411,132,2,613,53,0,0,0,50,95,0,0,0,4,1,4,0
1212-2,1,181,canteros,411,133,2,638,72,0,0,0,50,95,0,0,0,4,1,5,0
1212-2,1,182,canteros,411,134,2,609,90,0,0,0,50,91,0,0,0,4,1,5,0
1212-2,1,183,canteros,411,131,2,601,96,0,0,0,50,91,0,0,0,4,1,4,0
1212-2,1,184,canteros,411,132,2,595,115,0,0,0,50,89,0,0,0,4,1,3,0
1212-2,1,185,canteros,411,132,2,624,102,0,0,0,32,73,0,0,0,4,1,7,0
1212-2,1,186,canteros,411,132,2,608,106,0,0,0,32,73,0,0,0,4,1,2,0
1212-2,1,187,canteros,411,132,2,586,109,0,0,0,32,73,0,0,0,4,1,3,0
1212-2,1,188,canteros,411,132,2,576,112,0,0,0,32,75,0,0,0,4,1,2,0
1212-2,1,189,canteros,419,132,2,564,115,0,0,0,32,74,0,0,0,4,1,2,0
1212-2,1,190,canteros,419,132,2,546,118,0,0,0,32,74,0,0,0,4,1,2,0
1212-2,1,191,canteros,419,132,2,532,105,0,0,0,15,57,0,0,0,4,1,2,0
1212-2,1,192,canteros,419,132,2,508,92,0,0,0,15,48,0,0,0,4,1,2,0
1212-2,1,193,canteros,419,132,2,485,80,0,0,0,15,48,0,0,0,4,1,2,0
1212-2,1,194,canteros,419,132,2,465,68,0,0,0,15,48,0,0,0,4,1,2,0
1212-2,1,195,canteros,419,132,2,443,57,0,0,0,15,48,0,0,0,4,1,2,0
1212-2,1,196,canteros,419,132,2,416,46,0,0,0,15,48,0,0,0,4,1,2,0
1212-2,1,197,canteros,419,132,2,354,45,0,0,0,25,58,0,0,0,4,1,3,0
1212-2,1,198,canteros,420,136,2,362,42,0,0,0,25,67,0,0,0,4,1,4,0
1212-2,1,199,canteros,420,136,2,356,37,0,0,0,25,69,0,0,0,4,1,3,0
1212-2,1,200,canteros,420,136,2,354,32,0,0,0,25,69,0,0,0,4,1,3,0
1212-2,1,1,ferrones,33,86,1,390,62,0,14,0,15,33,0,0,0,0,1,4,0
1212-2,1,2,ferrones,32,82,1,374,44,0,9,0,15,23,0,0,0,0,1,2,0
1212-2,1,3,ferrones,32,82,1,378,37,0,4,0,15,23,0,0,0,0,1,0,1
1212-2,1,4,ferrones,32,82,1,382,29,0,0,0,15,23,0,0,0,0,1,0,1
1212-2,1,5,ferrones,32,82,1,386,11,0,0,0,4,12,0,1,0,0,1,0,1
1212-2,1,6,ferrones,31,82,1,312,0,0,0,0,4,28,1,0,0,0,1,6,0
1212-2,1,7,ferrones,30,82,1,301,3,0,0,0,4,28,1,0,0,0,1,5,0
1212-2,1,8,ferrones,29,80,1,296,3,0,0,0,4,28,1,0,0,0,1,5,0
1212-2,1,9,ferrones,27,78,1,224,3,0,2,0,4,28,1,0,0,0,1,4,0
1212-2,1,10,ferrones,26,76,1,243,4,0,0,0,10,32,1,0,0,0,1,3,0
1212-2,1,11,ferrones,24,74,1,179,7,0,0,0,9,31,1,0,0,0,1,4,0
1212-2,1,12,ferrones,23,72,1,161,4,0,0,0,8,30,1,0,0,0,1,4,0
1212-2,1,13,ferrones,22,70,1,143,4,0,0,0,8,30,1,0,0,0,1,4,0
1212-2,1,14,ferrones,20,68,1,150,4,0,0,0,7,29,1,0,0,0,1,5,0
1212-2,1,15,ferrones,19,66,1,125,4,0,0,0,7,19,1,0,0,0,1,4,0
1212-2,1,16,ferrones,18,65,1,126,4,0,0,0,7,19,1,0,0,0,1,3,0
1212-2,1,17,ferrones,16,64,1,86,4,0,0,0,4,16,1,0,0,0,1,3,0
1212-2,1,18,ferrones,15,63,1,90,7,0,0,0,3,15,1,0,0,0,1,2,0
1212-2,1,19,ferrones,14,62,1,76,5,0,0,0,3,15,1,0,0,0,1,2,0
1212-2,1,20,ferrones,13,61,1,79,6,0,0,0,3,15,1,0,0,0,1,2,0
1212-2,1,21,ferrones,12,60,1,77,3,0,0,0,3,15,1,0,0,0,1,2,0
1212-2,1,22,ferrones,10,59,1,75,3,0,0,0,3,15,1,0,0,0,1,2,0
1212-2,1,23,ferrones,9,58,1,72,3,0,0,0,1,12,1,0,0,0,1,2,0
1212-2,1,24,ferrones,8,57,1,74,3,0,0,0,1,12,1,0,0,0,1,2,0
1212-2,1,25,ferrones,7,56,1,74,2,0,0,0,1,12,1,0,0,0,1,2,0
1212-2,1,26,ferrones,6,55,1,74,2,0,0,0,1,12,1,0,0,0,1,2,0
1212-2,1,27,ferrones,4,54,1,74,2,0,0,0,1,12,1,0,0,0,1,2,0
1212-2,1,28,ferrones,3,53,1,74,2,0,0,0,1,12,1,0,0,0,1,2,0
1212-2,1,29,ferrones,2,52,1,74,2,0,0,0,2,13,1,0,0,0,1,2,0
1212-2,1,30,ferrones,1,51,1,78,2,0,0,0,2,17,1,0,0,0,1,3,0
1212-2,1,31,ferrones,0,50,1,73,2,0,0,0,2,13,1,0,0,0,1,2,0
1212-2,1,32,ferrones,-2,49,1,75,3,0,0,0,2,13,1,0,0,0,1,2,0
1212-2,1,33,ferrones,-3,48,1,69,2,0,0,0,2,12,1,0,0,0,1,2,0
1212-2,1,34,ferrones,-4,47,1,75,3,0,0,0,2,12,1,0,0,0,1,2,0
1212-2,1,35,ferrones,-5,46,1,68,1,0,0,0,5,15,1,0,0,0,1,2,0
1212-2,1,36,ferrones,-6,45,1,74,3,0,0,0,5,15,1,0,0,0,1,2,0
1212-2,1,37,ferrones,-8,44,1,72,1,0,0,0,5,15,1,0,0,0,1,2,0
1212-2,1,38,ferrones,-9,43,1,71,2,0,0,0,5,15,1,0,0,0,1,2,0
1212-2,1,39,ferrones,-10,42,1,70,2,0,0,0,5,15,1,0,0,0,1,2,0
1212-2,1,40,ferrones,-11,41,1,69,2,0,0,0,5,15,1,0,0,0,1,2,0
1212-2,1,41,ferrones,-12,40,1,73,2,0,0,0,3,13,1,0,0,0,1,2,0
1212-2,1,42,ferrones,-14,39,1,71,1,0,0,0,3,13,1,0,0,0,1,2,0
1212-2,1,43,ferrones,-15,38,1,70,2,0,0,0,3,13,1,0,0,0,1,2,0
1212-2,1,44,ferrones,-16,37,1,69,2,0,0,0,3,13,1,0,0,0,1,2,0
1212-2,1,45,ferrones,-17,36,1,73,2,0,0,0,3,13,1,0,0,0,1,2,0
1212-2,1,46,ferrones,-18,35,1,71,1,0,0,0,3,13,1,0,0,0,1,2,0
1212-2,1,47,ferrones,-20,34,1,70,2,0,0,0,1,11,1,0,0,0,1,2,0
1212-2,1,48,ferrones,-21,33,1,69,2,0,0,0,1,11,1,0,0,0,1,2,0
1212-2,1,49,ferrones,-22,32,1,73,2,0,0,0,1,11,1,0,0,0,1,2,0
1212-2,1,50,ferrones,-23,31,1,71,1,0,0,0,1,11,1,0,0,0,1,2,0
1212-2,1,51,ferrones,-24,30,1,70,2,0,0,0,1,11,1,0,0,0,1,2,0
1212-2,1,52,ferrones,-26,29,1,69,2,0,0,0,1,11,1,0,0,0,1,2,0
1212-2,1,53,ferrones,-27,28,1,72,2,0,0,0,2,11,1,0,0,0,1,2,0
1212-2,1,54,ferrones,-28,27,1,70,1,0,0,0,2,12,1,0,0,0,1,3,0
1212-2,1,55,ferrones,-29,26,1,68,2,0,0,0,2,11,1,0,0,0,1,2,0
1212-2,1,56,ferrones,-30,25,1,71,2,0,0,0,2,11,1,0,0,0,1,2,0
1212-2,1,57,ferrones,-32,24,1,68,1,0,0,0,2,11,1,0,0,0,1,2,0
1212-2,1,58,ferrones,-33,23,1,71,2,0,0,0,2,11,1,0,0,0,1,2,0
1212-2,1,59,ferrones,-33,23,1,58,3,0,0,0,5,14,0,0,0,0,1,2,0
1212-2,1,60,ferrones,-33,23,1,66,3,0,0,0,5,14,0,1,0,0,1,1,0
1212-2,1,61,ferrones,-33,23,1,57,2,0,0,0,4,15,0,0,0,0,1,3,0
1212-2,1,62,ferrones,-33,23,1,64,1,0,0,0,5,16,0,1,0,0,1,2,0
1212-2,1,63,ferrones,-33,23,1,77,0,0,0,0,4,15,0,1,0,0,1,0,1
1212-2,1,64,ferrones,-33,23,1,38,0,0,0,0,5,16,0,0,0,0,1,3,0
1212-2,1,65,ferrones,-34,23,1,48,3,0,0,0,3,14,1,0,0,0,1,1,0
1212-2,1,66,ferrones,-35,23,1,54,0,0,0,0,3,14,1,0,0,0,1,0,1
1212-2,1,67,ferrones,-36,22,1,60,0,0,0,0,3,14,1,1,0,0,1,0,1
1212-2,1,68,ferrones,-37,21,1,66,0,0,0,1,2,13,1,0,0,0,1,0,1
1212-2,1,69,ferrones,-38,20,1,67,0,0,0,2,2,13,1,0,0,0,1,2,0
1212-2,1,70,ferrones,-40,19,1,69,1,0,0,2,2,12,1,0,0,0,1,2,0
1212-2,1,71,ferrones,-41,18,1,70,1,0,0,2,0,9,1,0,0,0,1,2,0
1212-2,1,72,ferrones,-42,17,1,66,1,0,0,2,0,9,1,0,0,0,1,2,0
1212-2,1,73,ferrones,-43,16,1,69,2,0,0,2,0,9,1,0,0,0,1,2,0
1212-2,1,74,ferrones,-44,15,1,70,1,0,0,2,0,9,1,0,0,0,1,2,0
1212-2,1,75,ferrones,-46,14,1,66,1,0,0,2,0,9,1,0,0,0,1,2,0
1212-2,1,76,ferrones,-47,13,1,69,2,0,0,2,0,9,1,0,0,0,1,2,0
1212-2,1,77,ferrones,-48,12,1,70,1,0,0,2,0,8,1,0,0,0,1,2,0
1212-2,1,78,ferrones,-49,11,1,67,1,0,0,2,0,9,1,0,0,0,1,3,0
1212-2,1,79,ferrones,-50,10,1,70,2,0,0,2,0,8,1,0,0,0,1,2,0
1212-2,1,80,ferrones,-50,10,1,66,1,0,0,2,0,8,0,0,0,0,1,2,0
1212-2,1,81,ferrones,-51,10,1,69,2,0,0,2,0,8,1,0,0,0,1,2,0
1212-2,1,82,ferrones,-51,10,1,70,1,0,0,2,0,8,0,0,0,0,1,2,0
1212-2,1,83,ferrones,-51,10,1,66,1,0,0,2,1,9,0,0,0,0,1,2,0
1212-2,1,84,ferrones,-51,10,1,69,2,0,0,2,1,9,0,0,0,0,1,2,0
1212-2,1,85,ferrones,-51,10,1,70,2,0,0,2,1,9,0,0,0,0,1,2,0
1212-2,1,86,ferrones,-51,10,1,66,2,0,0,2,1,9,0,0,0,0,1,2,0
1212-2,1,87,ferrones,-51,10,1,69,3,0,0,2,1,9,0,0,0,0,1,2,0
1212-2,1,88,ferrones,-51,10,1,70,4,0,0,2,2,11,0,0,0,0,1,2,0
1212-2,1,89,ferrones,-51,10,1,66,4,0,0,2,1,10,0,0,0,0,1,2,0
1212-2,1,90,ferrones,-51,10,1,69,5,0,0,2,1,10,0,0,0,0,1,2,0
1212-2,1,91,ferrones,-51,10,1,70,5,0,0,2,1,10,0,0,0,0,1,2,0
1212-2,1,92,ferrones,-51,10,1,66,5,0,0,2,1,10,0,0,0,0,1,2,0
1212-2,1,93,ferrones,-51,10,1,69,6,0,0,2,1,10,0,0,0,0,1,2,0
1212-2,1,94,ferrones,-51,10,1,70,6,0,0,2,1,10,0,0,0,0,1,2,0
1212-2,1,95,ferrones,-51,10,1,66,5,0,0,2,0,9,0,0,0,0,1,2,0
1212-2,1,96,ferrones,-51,10,1,69,5,0,0,2,0,9,0,0,0,0,1,2,0
1212-2,1,97,ferrones,-51,10,1,70,4,0,0,2,0,9,0,0,0,0,1,2,0
1212-2,1,98,ferrones,-51,10,1,66,3,0,0,2,0,9,0,0,0,0,1,2,0
1212-2,1,99,ferrones,-51,10,1,69,3,0,0,2,0,9,0,0,0,0,1,2,0
1212-2,1,100,ferrones,-51,10,1,70,2,0,0,2,0,9,0,0,0,0,1,2,0
1212-2,1,101,ferrones,-51,10,1,66,2,0,0,2,1,10,0,0,0,0,1,2,0
1212-2,1,102,ferrones,-51,10,1,70,3,0,0,2,1,11,0,0,0,0,1,2,0
1212-2,1,103,ferrones,-51,10,1,67,3,0,0,2,1,11,0,0,0,0,1,2,0
1212-2,1,104,ferrones,-51,10,1,71,4,0,0,2,1,11,0,0,0,0,1,2,0
1212-2,1,105,ferrones,-51,10,1,68,4,0,0,2,1,11,0,0,0,0,1,2,0
1212-2,1,106,ferrones,-51,10,1,72,5,0,0,2,1,11,0,0,0,0,1,2,0
1212-2,1,107,ferrones,-51,10,1,69,6,0,0,2,2,12,0,0,0,0,1,2,0
1212-2,1,108,ferrones,-51,10,1,73,8,0,0,2,2,12,0,0,0,0,1,2,0
1212-2,1,109,ferrones,-51,10,1,70,9,0,0,2,2,12,0,0,0,0,1,2,0
1212-2,1,110,ferrones,-51,10,1,69,11,0,0,2,2,12,0,0,0,0,1,2,0
1212-2,1,111,ferrones,-51,10,1,72,13,0,0,2,2,12,0,0,0,0,1,2,0
1212-2,1,112,ferrones,-51,10,1,69,14,0,0,2,2,12,0,0,0,0,1,2,0
1212-2,1,113,ferrones,-51,10,1,72,5,0,0,2,1,11,0,0,0,0,1,7,0
1212-2,1,114,ferrones,-33,10,1,69,5,0,0,2,1,11,0,0,0,1,1,2,0
1212-2,1,115,ferrones,-33,10,1,72,6,0,0,2,1,11,0,0,0,1,1,2,0
1212-2,1,116,ferrones,-33,10,1,69,6,0,0,2,1,11,0,0,0,1,1,2,0
1212-2,1,117,ferrones,-33,10,1,72,7,0,0,2,1,11,0,0,0,1,1,2,0
1212-2,1,118,ferrones,-33,10,1,69,7,0,0,2,1,11,0,0,0,1,1,2,0
1212-2,1,119,ferrones,-33,10,1,72,7,0,0,2,0,10,0,0,0,1,1,2,0
1212-2,1,120,ferrones,-33,10,1,68,6,0,0,2,0,9,0,0,0,1,1,2,0
1212-2,1,121,ferrones,-33,10,1,70,6,0,0,2,0,9,0,0,0,1,1,2,0
1212-2,1,122,ferrones,-33,10,1,66,5,0,0,2,0,9,0,0,0,1,1,2,0
1212-2,1,123,ferrones,-33,10,1,68,5,0,0,2,0,9,0,0,0,1,1,2,0
1212-2,1,124,ferrones,-33,10,1,69,4,0,0,2,0,9,0,0,0,1,1,2,0
1212-2,1,125,ferrones,-33,10,1,70,4,0,0,2,1,10,0,0,0,1,1,2,0
1212-2,1,126,ferrones,-33,10,1,67,4,0,0,2,1,11,0,0,0,1,1,2,0
1212-2,1,127,ferrones,-33,10,1,71,5,0,0,2,1,11,0,0,0,1,1,2,0
1212-2,1,128,ferrones,-33,10,1,68,5,0,0,2,1,11,0,0,0,1,1,2,0
1212-2,1,129,ferrones,-33,10,1,72,6,0,0,2,1,11,0,0,0,1,1,2,0
1212-2,1,130,ferrones,-33,10,1,69,6,0,0,2,1,11,0,0,0,1,1,2,0
1212-2,1,131,ferrones,-33,10,1,73,8,0,0,2,2,12,0,0,0,1,1,2,0
1212-2,1,132,ferrones,-33,10,1,70,9,0,0,2,2,12,0,0,0,1,1,2,0
1212-2,1,133,ferrones,-33,10,1,69,11,0,0,2,2,12,0,0,0,1,1,2,0
1212-2,1,134,ferrones,-33,10,1,72,13,0,0,2,2,12,0,0,0,1,1,2,0
1212-2,1,135,ferrones,-33,10,1,69,14,0,0,2,2,12,0,0,0,1,1,2,0
1212-2,1,136,ferrones,-33,10,1,72,16,0,0,2,2,12,0,0,0,1,1,2,0
1212-2,1,137,ferrones,-33,10,1,69,8,0,0,2,1,11,0,0,0,1,1,7,0
1212-2,1,138,ferrones,-25,10,1,72,9,0,0,2,1,11,0,0,0,1,1,2,0
1212-2,1,139,ferrones,-25,10,1,69,9,0,0,2,1,11,0,0,0,1,1,2,0
1212-2,1,140,ferrones,-25,10,1,72,10,0,0,2,1,11,0,0,0,1,1,2,0
1212-2,1,141,ferrones,-25,10,1,69,10,0,0,2,1,11,0,0,0,1,1,2,0
1212-2,1,142,ferrones,-25,10,1,72,11,0,0,2,1,11,0,0,0,1,1,2,0
1212-2,1,143,ferrones,-25,10,1,69,5,0,0,2,0,10,0,0,0,1,1,7,0
1212-2,1,144,ferrones,-25,10,1,71,5,0,0,2,0,9,0,0,0,1,1,2,0
1212-2,1,145,ferrones,-25,10,1,67,4,0,0,2,0,9,0,0,0,1,1,2,0
1212-2,1,146,ferrones,-17,10,1,69,4,0,0,2,0,9,0,0,0,1,1,2,0
1212-2,1,147,ferrones,-17,10,1,70,3,0,0,2,0,9,0,0,0,1,1,2,0
1212-2,1,148,ferrones,-17,10,1,66,2,0,0,2,0,9,0,0,0,1,1,2,0
1212-2,1,149,ferrones,-17,10,1,69,3,0,0,2,1,10,0,0,0,1,1,2,0
1212-2,1,150,ferrones,-17,10,1,71,3,0,0,2,1,11,0,0,0,1,1,2,0
1212-2,1,151,ferrones,-17,10,1,68,3,0,0,2,1,11,0,0,0,1,1,3,0
1212-2,1,152,ferrones,-17,14,1,82,5,0,0,2,1,11,0,0,0,1,1,3,0
1212-2,1,153,ferrones,-17,14,1,69,4,0,0,2,1,11,0,0,0,1,1,2,0
1212-2,1,154,ferrones,-17,14,1,75,6,0,0,2,1,11,0,0,0,1,1,2,0
1212-2,1,155,ferrones,-17,14,1,67,7,0,0,2,3,13,0,0,0,1,1,2,0
1212-2,1,156,ferrones,-17,14,1,72,10,0,0,2,3,13,0,0,0,1,1,2,0
1212-2,1,157,ferrones,-17,14,1,69,11,0,0,2,3,13,0,0,0,1,1,2,0
1212-2,1,158,ferrones,-17,14,1,72,13,0,0,2,3,13,0,0,0,1,1,2,0
1212-2,1,159,ferrones,-17,14,1,69,14,0,0,2,3,13,0,0,0,1,1,2,0
1212-2,1,160,ferrones,-17,14,1,72,16,0,0,2,3,13,0,0,0,1,1,2,0
1212-2,1,161,ferrones,-17,14,1,69,16,0,0,2,2,12,0,0,0,1,1,2,0
1212-2,1,162,ferrones,-17,14,1,72,17,0,0,2,2,12,0,0,0,1,1,2,0
1212-2,1,163,ferrones,-17,14,1,69,17,0,0,2,2,12,0,0,0,1,1,2,0
1212-2,1,164,ferrones,-17,14,1,72,18,0,0,2,2,12,0,0,0,1,1,2,0
1212-2,1,165,ferrones,-17,14,1,69,18,0,0,2,2,12,0,0,0,1,1,2,0
1212-2,1,166,ferrones,-17,14,1,72,19,0,0,2,2,12,0,0,0,1,1,2,0
1212-2,1,167,ferrones,-17,14,1,69,17,0,0,2,0,10,0,0,0,1,1,2,0
1212-2,1,168,ferrones,-17,14,1,71,16,0,0,2,0,9,0,0,0,1,1,2,0
1212-2,1,169,ferrones,-17,14,1,67,15,0,0,2,1,10,0,0,0,1,1,2,0
1212-2,1,170,ferrones,-17,14,1,69,15,0,0,2,1,10,0,0,0,1,1,2,0
1212-2,1,171,ferrones,-17,14,1,70,14,0,0,2,1,10,0,0,0,1,1,2,0
1212-2,1,172,ferrones,-17,14,1,66,13,0,0,2,1,10,0,0,0,1,1,2,0
1212-2,1,173,ferrones,-17,14,1,68,13,0,0,2,1,10,0,0,0,1,1,2,0
1212-2,1,174,ferrones,-17,14,1,70,12,0,0,2,1,11,0,0,0,1,1,2,0
1212-2,1,175,ferrones,-17,14,1,67,11,0,0,2,1,11,0,0,0,1,1,2,0
1212-2,1,176,ferrones,-17,14,1,70,11,0,0,2,1,11,0,0,0,1,1,2,0
1212-2,1,177,ferrones,-17,14,1,67,10,0,0,2,1,11,0,0,0,1,1,2,0
1212-2,1,178,ferrones,-17,14,1,70,10,0,0,2,1,11,0,0,0,1,1,2,0
1212-2,1,179,ferrones,-17,14,1,67,11,0,0,2,3,13,0,0,0,1,1,2,0
1212-2,1,180,ferrones,-17,14,1,70,13,0,0,2,3,13,0,0,0,1,1,2,0
1212-2,1,181,ferrones,-17,14,1,67,14,0,0,2,3,13,0,0,0,1,1,2,0
1212-2,1,182,ferrones,-17,14,1,70,16,0,0,2,3,13,0,0,0,1,1,2,0
1212-2,1,183,ferrones,-17,14,1,67,17,0,0,2,3,13,0,0,0,1,1,2,0
1212-2,1,184,ferrones,-17,14,1,70,19,0,0,2,3,13,0,0,0,1,1,2,0
1212-2,1,185,ferrones,-17,14,1,67,19,0,0,2,2,12,0,0,0,1,1,2,0
1212-2,1,186,ferrones,-17,14,1,70,20,0,0,2,2,12,0,0,0,1,1,2,0
1212-2,1,187,ferrones,-17,14,1,67,20,0,0,2,2,12,0,0,0,1,1,2,0
1212-2,1,188,ferrones,-17,14,1,70,21,0,0,2,2,12,0,0,0,1,1,2,0
1212-2,1,189,ferrones,-17,14,1,67,21,0,0,2,2,12,0,0,0,1,1,2,0
1212-2,1,190,ferrones,-17,14,1,70,22,0,0,2,2,12,0,0,0,1,1,2,0
1212-2,1,191,ferrones,-17,14,1,67,21,0,0,2,1,11,0,0,0,1,1,2,0
1212-2,1,192,ferrones,-17,14,1,69,21,0,0,2,1,10,0,0,0,1,1,2,0
1212-2,1,193,ferrones,-17,14,1,70,20,0,0,2,1,10,0,0,0,1,1,2,0
1212-2,1,194,ferrones,-17,14,1,66,19,0,0,2,1,10,0,0,0,1,1,2,0
1212-2,1,195,ferrones,-17,14,1,69,19,0,0,2,1,10,0,0,0,1,1,2,0
1212-2,1,196,ferrones,-17,14,1,70,18,0,0,2,1,10,0,0,0,1,1,2,0
1212-2,1,197,ferrones,-17,14,1,66,17,0,0,2,1,10,0,0,0,1,1,2,0
1212-2,1,198,ferrones,-17,14,1,70,17,0,0,2,1,11,0,0,0,1,1,2,0
1212-2,1,199,ferrones,-17,14,1,67,16,0,0,2,1,11,0,0,0,1,1,2,0
1212-2,1,200,ferrones,-17,14,1,71,16,0,0,2,1,11,0,0,0,1,1,2,0
1212-2,1,1,hortelanos,37,106,1,38,70,0,0,0,29,51,0,0,0,0,1,4,0
1212-2,1,2,hortelanos,36,102,1,24,53,0,0,0,29,39,0,0,0,0,1,6,0
1212-2,1,3,hortelanos,104,102,1,30,53,0,0,0,29,39,0,0,0,1,1,0,1
1212-2,1,4,hortelanos,104,102,1,36,53,0,0,0,29,39,0,0,0,1,1,0,1
1212-2,1,5,hortelanos,104,102,1,42,65,0,0,0,41,51,0,1,0,1,1,0,1
1212-2,1,6,hortelanos,103,98,1,46,61,0,0,0,41,69,0,0,0,1,1,7,0
1212-2,1,7,hortelanos,111,98,1,68,75,0,0,0,41,67,0,0,0,1,1,0,1
1212-2,1,8,hortelanos,111,98,1,82,89,0,0,0,41,67,0,0,0,1,1,2,0
1212-2,1,9,hortelanos,126,98,1,86,104,0,0,0,41,67,0,0,0,2,1,3,0
1212-2,1,10,hortelanos,126,98,1,93,109,0,0,0,41,67,0,0,0,2,1,8,0
1212-2,1,11,hortelanos,134,98,1,93,153,0,0,0,71,97,0,0,0,2,1,4,0
1212-2,1,12,hortelanos,134,98,1,93,192,0,0,0,71,97,0,0,0,2,1,4,0
1212-2,1,13,hortelanos,134,98,1,101,224,0,0,0,71,97,0,0,0,2,1,4,0
1212-2,1,14,hortelanos,134,98,1,116,255,0,0,0,71,97,0,0,0,2,1,4,0
1212-2,1,15,hortelanos,134,98,1,104,285,0,0,0,71,97,0,0,0,2,1,5,0
1212-2,1,16,hortelanos,134,98,1,118,313,0,1,0,71,97,0,0,0,2,1,4,0
1212-2,1,17,hortelanos,135,102,1,128,314,0,1,0,48,74,0,0,0,2,1,10,0
1212-2,1,18,hortelanos,134,98,1,136,306,0,1,0,48,76,0,0,0,2,1,4,0
1212-2,1,19,hortelanos,134,98,1,111,300,0,1,0,48,74,0,0,0,2,1,8,0
1212-2,1,20,hortelanos,134,98,1,111,307,0,1,0,48,74,0,0,0,2,1,3,0
1212-2,1,21,hortelanos,142,98,1,110,306,0,1,0,48,74,0,0,0,2,1,8,0
1212-2,1,22,hortelanos,142,98,1,108,312,0,1,0,48,74,0,0,0,2,1,3,0
1212-2,1,23,hortelanos,142,98,1,115,299,0,1,0,29,55,0,0,0,2,1,3,0
1212-2,1,24,hortelanos,142,98,1,102,287,0,1,0,29,46,0,0,0,2,1,3,0
1212-2,1,25,hortelanos,142,98,1,100,261,0,1,0,29,46,0,0,0,2,1,13,0
1212-2,1,26,hortelanos,150,98,1,97,250,0,1,0,29,46,0,0,0,2,1,3,0
1212-2,1,27,hortelanos,150,98,1,103,238,0,1,0,29,46,0,0,0,2,1,3,0
1212-2,1,28,hortelanos,150,98,1,98,228,0,1,0,29,46,0,0,0,2,1,3,0
1212-2,1,29,hortelanos,150,98,1,106,209,0,1,0,41,58,0,0,0,2,1,13,0
1212-2,1,30,hortelanos,150,98,1,112,211,0,1,0,41,67,0,0,0,2,1,3,0
1212-2,1,31,hortelanos,158,98,1,118,213,0,1,0,41,67,0,0,0,2,1,3,0
1212-2,1,32,hortelanos,158,98,1,124,215,0,1,0,41,67,0,0,0,2,1,3,0
1212-2,1,33,hortelanos,158,98,1,130,209,0,1,0,41,67,0,0,0,2,1,8,0
1212-2,1,34,hortelanos,158,98,1,110,201,0,1,0,41,67,0,0,0,2,1,9,0
1212-2,1,35,hortelanos,166,98,1,115,233,0,2,0,71,97,0,0,0,2,1,3,0
1212-2,1,36,hortelanos,166,98,1,112,264,0,2,0,71,97,0,0,0,2,1,3,0
1212-2,1,37,hortelanos,166,98,1,109,294,0,2,0,71,97,0,0,0,2,1,3,0
1212-2,1,38,hortelanos,166,98,1,90,283,0,2,0,71,97,0,0,0,2,1,4,0
1212-2,1,39,hortelanos,166,98,1,109,310,0,2,0,71,97,0,0,0,2,1,3,0
1212-2,1,40,hortelanos,255,150,2,116,333,0,1,0,71,97,0,0,0,3,1,8,0
1212-2,1,41,hortelanos,256,156,2,114,333,0,1,0,48,84,0,0,0,3,1,6,0
1212-2,1,42,hortelanos,255,154,2,87,322,0,1,0,58,96,0,1,0,3,1,5,0
1212-2,1,43,hortelanos,256,156,2,97,314,0,1,0,63,99,0,1,0,3,1,9,0
1212-2,1,44,hortelanos,264,158,2,110,324,0,1,0,69,105,0,1,0,3,1,4,0
1212-2,1,45,hortelanos,265,161,2,102,335,0,1,0,69,107,0,1,0,3,1,4,0
1212-2,1,46,hortelanos,265,164,2,111,344,0,1,0,69,107,0,1,0,3,1,3,0
1212-2,1,47,hortelanos,266,167,2,112,333,0,1,0,46,87,0,0,0,3,1,3,0
1212-2,1,48,hortelanos,267,170,2,101,308,0,1,0,46,78,0,0,0,3,1,8,0
1212-2,1,49,hortelanos,267,173,2,109,294,0,1,0,46,80,0,0,0,3,1,3,0
1212-2,1,50,hortelanos,276,176,2,116,280,0,1,0,46,80,0,0,0,3,1,3,0
1212-2,1,51,hortelanos,276,179,2,112,266,0,1,0,46,80,0,0,0,3,1,3,0
1212-2,1,52,hortelanos,277,183,2,115,255,0,1,0,46,82,0,0,0,3,1,4,0
1212-2,1,53,hortelanos,278,187,2,125,258,0,1,0,60,96,0,0,0,3,1,4,0
1212-2,1,54,hortelanos,278,188,2,120,246,0,1,0,60,105,0,0,0,3,1,10,0
1212-2,1,55,hortelanos,278,188,2,116,245,0,2,0,60,107,0,0,0,3,1,5,0
1212-2,1,56,hortelanos,286,188,2,127,246,0,3,0,60,107,0,0,0,3,1,4,0
1212-2,1,57,hortelanos,286,188,2,137,250,0,3,0,60,107,0,0,0,3,1,4,0
1212-2,1,58,hortelanos,286,188,2,147,254,0,3,0,60,107,0,0,0,3,1,4,0
1212-2,1,59,hortelanos,286,188,2,136,253,0,3,0,96,143,0,0,0,3,1,5,0
1212-2,1,60,hortelanos,286,188,2,113,282,0,1,0,96,143,0,0,0,3,1,9,0
1212-2,1,61,hortelanos,334,235,3,136,316,0,1,0,96,143,0,0,0,4,1,3,0
1212-2,1,62,hortelanos,342,237,3,136,335,0,2,0,96,151,0,0,0,4,1,5,0
1212-2,1,63,hortelanos,342,239,3,100,357,0,3,0,96,151,0,1,0,4,1,5,0
1212-2,1,64,hortelanos,343,241,3,85,346,0,3,0,100,158,0,1,0,4,1,5,0
1212-2,1,65,hortelanos,343,243,3,104,353,0,3,0,80,138,0,1,0,4,1,4,0
1212-2,1,66,hortelanos,360,287,4,114,367,0,3,0,88,145,0,1,0,4,1,4,0
1212-2,1,67,hortelanos,361,291,4,94,340,0,3,0,95,160,0,1,0,4,1,5,0
1212-2,1,68,hortelanos,361,294,4,99,343,0,3,0,100,165,0,1,0,4,1,10,0
1212-2,1,69,hortelanos,377,332,5,118,358,0,3,0,104,171,0,1,0,4,1,5,0
1212-2,1,70,hortelanos,386,335,5,118,369,0,3,0,109,182,0,0,0,4,1,5,0
1212-2,1,71,hortelanos,386,335,5,125,345,0,3,0,75,150,0,0,0,4,1,5,0
1212-2,1,72,hortelanos,386,335,5,123,320,0,3,0,75,141,0,1,0,4,1,6,0
1212-2,1,73,hortelanos,386,335,5,109,301,0,3,0,78,144,0,0,0,4,1,5,0
1212-2,1,74,hortelanos,386,335,5,110,281,0,3,0,78,144,0,1,0,4,1,6,0
1212-2,1,75,hortelanos,386,335,5,111,264,0,3,0,78,144,0,1,0,4,1,5,0
1212-2,1,76,hortelanos,386,335,5,102,253,0,3,0,82,148,0,0,0,4,1,5,0
1212-2,1,77,hortelanos,387,342,5,123,261,0,3,0,103,169,0,0,0,4,1,7,0
1212-2,1,78,hortelanos,387,341,5,112,257,0,3,0,103,178,0,1,0,4,1,6,0
1212-2,1,79,hortelanos,387,344,5,125,249,0,3,0,103,178,0,0,0,4,1,9,0
1212-2,1,80,hortelanos,388,348,5,140,257,0,3,0,103,180,0,0,0,4,1,4,0
1212-2,1,81,hortelanos,397,352,5,155,264,0,3,0,103,180,0,0,0,4,1,4,0
1212-2,1,82,hortelanos,397,354,5,142,267,0,3,0,103,182,0,0,0,4,1,5,0
1212-2,1,83,hortelanos,398,356,5,177,324,0,3,0,157,236,0,0,0,4,1,4,0
1212-2,1,84,hortelanos,398,358,5,185,379,0,3,0,157,236,0,1,0,4,1,6,0
1212-2,1,85,hortelanos,399,360,5,201,430,0,3,0,157,238,0,0,0,4,1,5,0
1212-2,1,86,hortelanos,399,362,5,157,470,0,2,0,157,238,0,0,0,4,1,10,0
1212-2,1,87,hortelanos,407,364,5,173,514,0,2,0,157,238,0,1,0,4,1,5,0
1212-2,1,88,hortelanos,408,366,5,138,557,0,2,0,157,244,0,0,0,4,1,7,0
1212-2,1,89,hortelanos,408,368,5,151,557,0,2,0,116,203,0,0,0,4,1,3,0
1212-2,1,90,hortelanos,409,374,5,163,553,0,2,0,116,205,0,1,0,4,1,6,0
1212-2,1,91,hortelanos,411,380,5,130,540,0,2,0,116,205,0,1,0,4,1,11,0
1212-2,1,92,hortelanos,412,386,5,150,539,0,2,0,116,208,0,0,0,4,1,4,0
1212-2,1,93,hortelanos,421,392,5,170,538,0,2,0,116,208,0,0,0,4,1,4,0
1212-2,1,94,hortelanos,422,398,5,194,535,0,2,0,116,212,0,0,0,4,1,5,0
1212-2,1,95,hortelanos,422,398,5,168,499,0,2,0,82,178,0,0,0,4,1,4,0
1212-2,1,96,hortelanos,422,398,5,143,463,0,2,0,82,169,0,0,0,4,1,5,0
1212-2,1,97,hortelanos,422,398,5,176,430,0,2,0,82,169,0,0,0,4,1,4,0
1212-2,1,98,hortelanos,422,398,5,205,401,0,2,0,82,169,0,0,0,4,1,3,0
1212-2,1,99,hortelanos,422,398,5,81,373,0,2,0,82,169,0,0,0,4,1,4,0
1212-2,1,100,hortelanos,422,398,5,86,337,0,2,0,82,169,0,0,0,4,1,2,0
1212-2,1,101,hortelanos,423,404,5,126,319,0,2,0,103,190,0,0,0,4,1,4,0
1212-2,1,102,hortelanos,424,407,5,147,305,0,2,0,103,199,0,0,0,4,1,4,0
1212-2,1,103,hortelanos,425,411,5,172,296,0,2,0,103,201,0,0,0,4,1,6,0
1212-2,1,104,hortelanos,424,407,5,166,274,0,2,0,103,201,0,0,0,4,1,5,0
1212-2,1,105,hortelanos,424,407,5,137,249,0,2,0,103,201,0,0,0,4,1,10,0
1212-2,1,106,hortelanos,424,407,5,152,240,0,2,0,103,201,0,0,0,4,1,4,0
1212-2,1,107,hortelanos,433,414,5,166,283,0,2,0,157,255,0,0,0,4,1,4,0
1212-2,1,108,hortelanos,434,419,5,139,322,0,2,0,157,257,0,0,0,4,1,5,0
1212-2,1,109,hortelanos,435,423,5,157,359,0,2,0,157,259,0,0,0,4,1,4,0
1212-2,1,110,hortelanos,435,424,5,175,393,0,2,0,157,259,0,0,0,4,1,4,0
1212-2,1,111,hortelanos,435,424,5,195,425,0,2,0,157,261,0,0,0,4,1,5,0
1212-2,1,112,hortelanos,435,424,5,172,456,0,2,0,157,261,0,0,0,4,1,4,0
1212-2,1,113,hortelanos,435,424,5,193,446,0,2,0,116,220,0,0,0,4,1,5,0
1212-2,1,114,hortelanos,435,424,5,213,436,0,2,0,116,220,0,0,0,4,1,4,0
1212-2,1,115,hortelanos,436,428,5,243,432,0,2,0,116,220,0,0,0,4,1,5,0
1212-2,1,116,hortelanos,435,424,5,200,412,0,2,0,116,220,0,0,0,4,1,5,0
1212-2,1,117,hortelanos,435,424,5,220,391,0,2,0,116,220,0,0,0,4,1,10,0
1212-2,1,118,hortelanos,435,424,5,240,384,0,2,0,116,220,0,0,0,4,1,4,0
1212-2,1,119,hortelanos,443,424,5,264,344,0,2,0,82,186,0,0,0,4,1,4,0
1212-2,1,120,hortelanos,443,424,5,227,306,0,2,0,82,177,0,0,0,4,1,4,0
1212-2,1,121,hortelanos,443,424,5,191,269,0,2,0,82,177,0,0,0,4,1,5,0
1212-2,1,122,hortelanos,443,424,5,205,234,0,2,0,82,177,0,0,0,4,1,5,0
1212-2,1,123,hortelanos,443,424,5,227,200,0,2,0,82,177,0,0,0,4,1,4,0
1212-2,1,124,hortelanos,443,424,5,250,166,0,2,0,82,177,0,0,0,4,1,4,0
1212-2,1,125,hortelanos,443,424,5,225,154,0,2,0,103,198,0,1,0,4,1,4,0
1212-2,1,126,hortelanos,444,428,5,232,106,0,2,0,103,207,0,0,0,4,1,6,0
1212-2,1,127,hortelanos,444,428,5,199,102,0,0,0,103,207,0,0,0,4,1,4,0
1212-2,1,128,hortelanos,464,488,6,178,100,0,0,0,103,207,0,0,0,4,1,4,0
1212-2,1,129,hortelanos,464,488,6,134,80,0,2,0,103,219,0,0,0,4,1,5,0
1212-2,1,130,hortelanos,464,488,6,135,60,0,2,0,103,219,0,1,0,4,1,4,0
1212-2,1,131,hortelanos,465,492,6,148,107,0,2,0,170,286,0,1,0,4,1,4,0
1212-2,1,132,hortelanos,466,496,6,158,167,0,2,0,184,300,0,0,0,4,1,4,0
1212-2,1,133,hortelanos,467,500,6,175,219,0,2,0,184,300,0,1,0,4,1,5,0
1212-2,1,134,hortelanos,468,505,6,212,288,0,2,0,208,326,0,1,0,4,1,4,0
1212-2,1,135,hortelanos,468,506,6,216,368,0,2,0,232,350,0,0,0,4,1,5,0
1212-2,1,136,hortelanos,629,511,6,212,400,0,1,0,232,350,0,1,1,5,1,10,0
1212-2,1,137,hortelanos,629,514,6,195,456,0,1,0,202,320,0,0,0,5,1,5,0
1212-2,1,138,hortelanos,653,550,7,180,509,0,1,0,202,322,0,0,0,5,1,5,0
1212-2,1,139,hortelanos,653,551,7,195,552,0,1,0,202,328,0,0,0,5,1,6,0
1212-2,1,140,hortelanos,653,552,7,224,588,0,1,0,202,328,0,1,0,5,1,5,0
1212-2,1,141,hortelanos,653,553,7,238,628,0,1,0,205,331,0,1,0,5,1,4,0
1212-2,1,142,hortelanos,653,554,7,221,651,0,1,0,205,331,0,1,0,5,1,10,0
1212-2,1,143,hortelanos,654,556,7,256,683,0,1,0,198,326,0,0,0,5,1,5,0
1212-2,1,144,hortelanos,662,558,7,279,713,0,1,0,198,318,0,0,0,5,1,4,0
1212-2,1,145,hortelanos,663,560,7,305,741,0,1,0,198,318,0,0,0,5,1,5,0
1212-2,1,146,hortelanos,663,562,7,282,766,0,1,0,198,318,0,0,0,5,1,4,0
1212-2,1,147,hortelanos,663,564,7,279,751,0,1,0,198,318,0,1,0,5,1,5,0
1212-2,1,148,hortelanos,664,566,7,308,774,0,1,0,198,320,0,0,0,5,1,6,0
1212-2,1,149,hortelanos,696,688,8,331,801,0,1,0,205,327,0,1,0,5,1,5,0
1212-2,1,150,hortelanos,697,690,8,367,797,0,2,0,205,359,0,1,0,5,1,6,0
1212-2,1,151,hortelanos,697,692,8,348,795,0,3,0,205,363,0,1,0,5,1,7,0
1212-2,1,152,hortelanos,698,698,8,411,846,0,3,0,259,417,0,1,0,5,1,7,0
1212-2,1,153,hortelanos,698,697,8,446,900,0,3,0,275,435,0,0,0,5,1,5,0
1212-2,1,154,hortelanos,699,700,8,501,950,0,1,0,275,435,0,0,0,5,1,9,0
1212-2,1,155,hortelanos,699,703,8,500,1024,0,0,0,297,457,0,0,0,5,1,5,0
1212-2,1,156,hortelanos,700,706,8,480,1098,0,1,0,297,457,0,1,0,5,1,6,0
1212-2,1,157,hortelanos,700,709,8,517,1169,0,3,0,297,459,0,0,0,5,1,6,0
1212-2,1,158,hortelanos,709,712,8,557,1235,0,4,0,297,459,0,0,0,5,1,3,0
1212-2,1,159,hortelanos,710,715,8,608,1296,0,4,0,297,459,0,0,0,5,1,3,0
1212-2,1,160,hortelanos,710,719,8,602,1354,0,4,0,297,461,0,1,0,5,1,3,0
1212-2,1,161,hortelanos,711,723,8,684,1391,0,4,0,281,445,0,0,0,5,1,4,0
1212-2,1,162,hortelanos,711,724,8,729,1430,0,4,0,281,445,0,0,0,5,1,4,0
1212-2,1,163,hortelanos,711,724,8,821,1460,0,4,0,281,447,0,1,0,5,1,3,0
1212-2,1,164,hortelanos,711,724,8,817,1495,0,4,0,281,447,0,0,0,5,1,3,0
1212-2,1,165,hortelanos,711,724,8,818,1529,0,4,0,281,447,0,0,0,5,1,4,0
1212-2,1,166,hortelanos,712,728,8,878,1561,0,4,0,281,447,0,0,0,5,1,5,0
1212-2,1,167,hortelanos,711,724,8,908,1568,0,4,0,267,433,0,0,0,5,1,4,0
1212-2,1,168,hortelanos,711,724,8,948,1570,0,4,0,267,424,0,0,0,5,1,8,0
1212-2,1,169,hortelanos,711,724,8,936,1587,0,4,0,267,424,0,0,0,5,1,3,0
1212-2,1,170,hortelanos,719,724,8,973,1604,0,4,0,267,424,0,0,0,5,1,4,0
1212-2,1,171,hortelanos,719,724,8,1009,1620,0,4,0,267,424,0,0,0,5,1,3,0
1212-2,1,172,hortelanos,719,724,8,1045,1635,0,4,0,267,424,0,0,0,5,1,3,0
1212-2,1,173,hortelanos,719,724,8,1030,1657,0,4,0,275,432,0,0,0,5,1,3,0
1212-2,1,174,hortelanos,719,724,8,1081,1678,0,4,0,275,439,0,0,0,5,1,4,0
1212-2,1,175,hortelanos,719,724,8,1131,1699,0,4,0,275,439,0,0,0,5,1,3,0
1212-2,1,176,hortelanos,719,724,8,1180,1719,0,4,0,275,439,0,0,0,5,1,3,0
1212-2,1,177,hortelanos,719,724,8,1178,1738,0,4,0,275,439,0,0,0,5,1,3,0
1212-2,1,178,hortelanos,720,728,8,1235,1756,0,4,0,275,439,0,0,0,5,1,5,0
1212-2,1,179,hortelanos,719,724,8,1105,1784,0,4,0,297,461,0,0,0,5,1,5,0
1212-2,1,180,hortelanos,719,724,8,1114,1768,0,2,0,297,461,0,0,0,5,1,9,0
1212-2,1,181,hortelanos,719,724,8,1101,1804,0,2,0,297,461,0,0,0,5,1,3,0
1212-2,1,182,hortelanos,734,755,9,1087,1839,0,2,0,297,461,0,0,0,5,1,4,0
1212-2,1,183,hortelanos,734,756,9,1052,1866,0,2,0,297,467,0,0,0,5,1,5,0
1212-2,1,184,hortelanos,734,757,9,1085,1889,0,2,0,297,467,0,1,0,5,1,5,0
1212-2,1,185,hortelanos,742,758,9,1128,1899,0,2,0,285,455,0,0,0,5,1,3,0
1212-2,1,186,hortelanos,742,759,9,1195,1906,0,2,0,285,455,0,1,0,5,1,4,0
1212-2,1,187,hortelanos,743,760,9,1209,1918,0,2,0,289,459,0,0,0,5,1,3,0
1212-2,1,188,hortelanos,743,761,9,1202,1930,0,2,0,289,459,0,1,0,5,1,5,0
1212-2,1,189,hortelanos,743,762,9,1248,1943,0,2,0,289,459,0,0,0,5,1,4,0
1212-2,1,190,hortelanos,743,763,9,1286,1954,0,2,0,289,459,0,1,0,5,1,4,0
1212-2,1,191,hortelanos,743,764,9,1326,1953,0,2,0,275,445,0,0,0,5,1,3,0
1212-2,1,192,hortelanos,744,766,9,1300,1951,0,2,0,275,440,0,0,0,5,1,3,0
1212-2,1,193,hortelanos,745,772,9,1343,1948,0,2,0,275,440,0,0,0,5,1,5,0
1212-2,1,194,hortelanos,745,770,9,1357,1933,0,2,0,275,442,0,1,0,5,1,4,0
1212-2,1,195,hortelanos,745,772,9,1401,1915,0,2,0,275,445,0,0,0,5,1,8,0
1212-2,1,196,hortelanos,745,774,9,1445,1907,0,2,0,275,445,0,0,0,5,1,3,0
1212-2,1,197,hortelanos,746,776,9,1474,1913,0,2,0,283,455,0,0,0,5,1,4,0
1212-2,1,198,hortelanos,754,778,9,1564,1912,0,2,0,283,462,0,0,0,5,1,3,0
1212-2,1,199,hortelanos,755,780,9,1665,1911,0,2,0,283,462,0,0,0,5,1,3,0
1212-2,1,200,hortelanos,755,782,9,1683,1912,0,2,0,283,462,0,0,0,5,1,3,0
1212-2,1,1,mercaderes,33,86,1,74,57,0,0,0,11,37,0,0,0,0,1,4,0
1212-2,1,2,mercaderes,33,86,1,73,44,0,0,0,11,27,0,0,0,0,1,3,0
1212-2,1,3,mercaderes,33,86,1,76,35,0,0,0,11,27,0,1,0,0,1,2,0
1212-2,1,4,mercaderes,33,86,1,79,28,0,0,0,11,27,0,0,0,0,1,2,0
1212-2,1,5,mercaderes,33,86,1,81,28,0,0,0,18,34,0,0,0,0,1,2,0
1212-2,1,6,mercaderes,33,86,1,92,28,0,0,0,18,42,0,0,0,0,1,2,0
1212-2,1,7,mercaderes,33,86,1,93,28,0,0,0,18,42,0,0,0,0,1,3,0
1212-2,1,8,mercaderes,33,86,1,96,28,0,0,0,18,42,0,0,0,0,1,3,0
1212-2,1,9,mercaderes,33,86,1,89,28,0,0,0,18,42,0,0,0,0,1,3,0
1212-2,1,10,mercaderes,33,86,1,95,28,0,0,0,18,42,0,0,0,0,1,3,0
1212-2,1,11,mercaderes,34,90,1,88,46,0,0,0,36,60,0,0,0,0,1,3,0
1212-2,1,12,mercaderes,34,90,1,99,62,0,0,0,36,62,0,0,0,0,1,3,0
1212-2,1,13,mercaderes,34,90,1,75,68,0,0,0,36,62,0,0,0,0,1,4,0
1212-2,1,14,mercaderes,49,90,1,74,74,0,0,0,36,62,0,0,0,1,1,3,0
1212-2,1,15,mercaderes,49,90,1,67,79,0,0,0,36,62,0,0,0,1,1,3,0
1212-2,1,16,mercaderes,49,90,1,66,84,0,0,0,36,62,0,0,0,1,1,3,0
1212-2,1,17,mercaderes,49,90,1,84,73,0,0,0,22,48,0,0,0,1,1,8,0
1212-2,1,18,mercaderes,67,90,1,83,72,0,0,0,22,48,0,0,0,2,1,3,0
1212-2,1,19,mercaderes,67,90,1,89,77,0,0,0,22,48,0,0,0,2,1,3,0
1212-2,1,20,mercaderes,67,90,1,89,79,0,0,0,22,48,0,1,0,2,1,4,0
1212-2,1,21,mercaderes,67,90,1,88,75,0,0,0,22,48,0,0,0,2,1,8,0
1212-2,1,22,mercaderes,67,90,1,91,79,0,0,0,22,48,0,0,0,2,1,3,0
1212-2,1,23,mercaderes,75,90,1,90,73,0,0,0,11,37,0,0,0,2,1,3,0
1212-2,1,24,mercaderes,75,90,1,83,67,0,0,0,11,28,0,0,0,2,1,4,0
1212-2,1,25,mercaderes,75,90,1,80,59,0,0,0,11,28,0,0,0,2,1,2,0
1212-2,1,26,mercaderes,75,90,1,80,41,0,0,0,11,28,0,1,0,2,1,8,0
1212-2,1,27,mercaderes,83,90,1,78,35,0,0,0,11,28,0,0,0,2,1,2,0
1212-2,1,28,mercaderes,83,90,1,79,30,0,0,0,11,28,0,0,0,2,1,3,0
1212-2,1,29,mercaderes,83,90,1,78,30,0,0,0,18,35,0,0,0,2,1,3,0
1212-2,1,30,mercaderes,83,90,1,88,29,0,0,0,18,44,0,0,0,2,1,3,0
1212-2,1,31,mercaderes,83,90,1,87,28,0,0,0,18,44,0,0,0,2,1,4,0
1212-2,1,32,mercaderes,83,90,1,89,28,0,0,0,18,44,0,0,0,2,1,4,0
1212-2,1,33,mercaderes,83,90,1,89,28,0,0,0,18,44,0,0,0,2,1,3,0
1212-2,1,34,mercaderes,83,90,1,90,28,0,0,0,18,44,0,0,0,2,1,3,0
1212-2,1,35,mercaderes,83,90,1,90,39,0,0,0,30,56,0,0,0,2,1,4,0
1212-2,1,36,mercaderes,83,90,1,90,50,0,0,0,30,56,0,0,0,2,1,4,0
1212-2,1,37,mercaderes,83,90,1,90,60,0,0,0,30,56,0,0,0,2,1,4,0
1212-2,1,38,mercaderes,83,90,1,87,70,0,0,0,30,56,0,0,0,2,1,4,0
1212-2,1,39,mercaderes,83,90,1,87,79,0,0,0,30,56,0,0,0,2,1,4,0
1212-2,1,40,mercaderes,83,90,1,86,88,0,0,0,30,56,0,0,0,2,1,4,0
1212-2,1,41,mercaderes,83,90,1,88,77,0,0,0,22,48,0,0,0,2,1,8,0
1212-2,1,42,mercaderes,83,90,1,88,81,0,0,0,22,48,0,0,0,2,1,3,0
1212-2,1,43,mercaderes,91,90,1,90,85,0,0,0,22,48,0,0,0,2,1,3,0
1212-2,1,44,mercaderes,91,90,1,90,89,0,0,0,22,48,0,0,0,2,1,3,0
1212-2,1,45,mercaderes,91,90,1,90,93,0,0,0,22,48,0,0,0,2,1,3,0
1212-2,1,46,mercaderes,91,90,1,89,97,0,0,0,22,48,0,0,0,2,1,3,0
1212-2,1,47,mercaderes,91,90,1,89,90,0,0,0,11,37,0,0,0,2,1,3,0
1212-2,1,48,mercaderes,91,90,1,79,83,0,0,0,11,28,0,0,0,2,1,3,0
1212-2,1,49,mercaderes,91,90,1,79,77,0,0,0,11,28,0,0,0,2,1,2,0
1212-2,1,50,mercaderes,91,90,1,79,59,0,0,0,11,28,0,0,0,2,1,7,0
1212-2,1,51,mercaderes,91,90,1,79,53,0,0,0,11,28,0,0,0,2,1,2,0
1212-2,1,52,mercaderes,99,90,1,79,47,0,0,0,11,28,0,0,0,2,1,2,0
1212-2,1,53,mercaderes,99,90,1,78,48,0,0,0,18,35,0,0,0,2,1,3,0
1212-2,1,54,mercaderes,99,90,1,86,47,0,0,0,18,44,0,0,0,2,1,3,0
1212-2,1,55,mercaderes,99,90,1,86,46,0,0,0,18,44,0,0,0,2,1,4,0
1212-2,1,56,mercaderes,99,90,1,89,45,0,0,0,18,44,0,0,0,2,1,4,0
1212-2,1,57,mercaderes,99,90,1,88,44,0,0,0,18,44,0,0,0,2,1,4,0
1212-2,1,58,mercaderes,99,94,1,99,43,0,0,0,18,44,0,0,0,2,1,5,0
1212-2,1,59,mercaderes,99,94,1,89,58,0,0,0,36,62,0,0,0,2,1,4,0
1212-2,1,60,mercaderes,99,90,1,78,63,0,0,0,36,62,0,0,0,2,1,4,0
1212-2,1,61,mercaderes,99,90,1,90,78,0,0,0,36,62,0,0,0,2,1,3,0
1212-2,1,62,mercaderes,99,90,1,56,54,0,0,0,36,62,0,0,0,2,1,5,0
1212-2,1,63,mercaderes,99,90,1,85,70,0,0,0,36,62,0,0,0,2,1,1,0
1212-2,1,64,mercaderes,133,121,2,82,81,0,0,0,36,62,0,0,0,3,1,4,0
1212-2,1,65,mercaderes,133,121,2,78,63,0,0,0,22,54,0,0,0,3,1,9,0
1212-2,1,66,mercaderes,133,121,2,87,57,0,0,0,22,54,0,1,0,3,1,4,0
1212-2,1,67,mercaderes,141,121,2,87,58,0,0,0,28,60,0,0,0,3,1,3,0
1212-2,1,68,mercaderes,141,121,2,88,61,0,0,0,28,60,0,0,0,3,1,3,0
1212-2,1,69,mercaderes,141,121,2,87,64,0,0,0,28,60,0,0,0,3,1,3,0
1212-2,1,70,mercaderes,141,121,2,87,67,0,0,0,28,60,0,0,0,3,1,3,0
1212-2,1,71,mercaderes,141,121,2,89,56,0,0,0,14,46,0,0,0,3,1,3,0
1212-2,1,72,mercaderes,141,121,2,80,46,0,0,0,14,37,0,0,0,3,1,3,0
1212-2,1,73,mercaderes,141,121,2,80,36,0,0,0,14,37,0,0,0,3,1,2,0
1212-2,1,74,mercaderes,141,121,2,78,26,0,0,0,14,37,0,0,0,3,1,2,0
1212-2,1,75,mercaderes,141,121,2,78,16,0,0,0,14,37,0,0,0,3,1,3,0
1212-2,1,76,mercaderes,141,121,2,77,5,0,0,0,14,37,0,0,0,3,1,3,0
1212-2,1,77,mercaderes,140,121,2,77,5,0,0,0,22,45,1,0,0,3,1,3,0
1212-2,1,78,mercaderes,139,121,2,280,4,0,0,0,22,54,1,0,0,3,1,3,0
1212-2,1,79,mercaderes,137,118,2,218,4,0,0,0,22,54,1,0,0,3,1,4,0
1212-2,1,80,mercaderes,136,115,2,211,4,0,0,0,22,52,1,0,0,3,1,5,0
1212-2,1,81,mercaderes,134,112,2,200,4,0,0,0,21,46,1,0,0,3,1,4,0
1212-2,1,82,mercaderes,132,109,2,189,4,0,0,0,21,46,1,0,0,3,1,4,0
1212-2,1,83,mercaderes,132,109,2,167,20,0,0,0,39,64,0,0,0,3,1,4,0
1212-2,1,84,mercaderes,133,114,2,135,33,0,0,0,39,64,0,1,0,3,1,5,0
1212-2,1,85,mercaderes,134,119,2,135,53,0,0,0,46,71,0,0,0,3,1,5,0
1212-2,1,86,mercaderes,135,120,2,112,72,0,0,0,46,73,0,0,0,3,1,5,0
1212-2,1,87,mercaderes,135,121,2,113,93,0,0,0,50,78,0,0,0,3,1,4,0
1212-2,1,88,mercaderes,135,122,2,86,116,0,0,0,53,81,0,0,0,3,1,4,0
1212-2,1,89,mercaderes,135,123,2,85,105,0,0,0,32,60,0,0,0,3,1,8,0
1212-2,1,90,mercaderes,135,124,2,85,110,0,0,0,32,60,0,0,0,3,1,3,0
1212-2,1,91,mercaderes,144,125,2,88,114,0,0,0,32,60,0,0,0,3,1,3,0
1212-2,1,92,mercaderes,144,126,2,87,118,0,0,0,32,60,0,0,0,3,1,3,0
1212-2,1,93,mercaderes,144,127,2,87,124,0,0,0,34,62,0,0,0,3,1,3,0
1212-2,1,94,mercaderes,144,128,2,86,129,0,0,0,34,62,0,0,0,3,1,3,0
1212-2,1,95,mercaderes,144,128,2,86,117,0,0,0,17,45,0,0,0,3,1,4,0
1212-2,1,96,mercaderes,144,128,2,79,105,0,0,0,17,38,0,0,0,3,1,3,0
1212-2,1,97,mercaderes,144,128,2,78,94,0,0,0,17,38,0,0,0,3,1,2,0
1212-2,1,98,mercaderes,144,128,2,79,71,0,0,0,17,38,0,0,0,3,1,8,0
1212-2,1,99,mercaderes,144,128,2,77,59,0,0,0,17,38,0,0,0,3,1,2,0
1212-2,1,100,mercaderes,152,128,2,78,49,0,0,0,17,38,0,0,0,3,1,2,0
1212-2,1,101,mercaderes,152,128,2,78,48,0,0,0,27,48,0,0,0,3,1,3,0
1212-2,1,102,mercaderes,152,128,2,86,46,0,0,0,27,57,0,0,0,3,1,3,0
1212-2,1,103,mercaderes,152,128,2,86,44,0,0,0,27,57,0,0,0,3,1,4,0
1212-2,1,104,mercaderes,152,129,2,88,49,0,0,0,34,64,0,0,0,3,1,4,0
1212-2,1,105,mercaderes,153,130,2,88,53,0,0,0,34,64,0,0,0,3,1,4,0
1212-2,1,106,mercaderes,154,136,2,98,57,0,0,0,34,65,0,0,0,3,1,5,0
1212-2,1,107,mercaderes,154,138,2,88,93,0,0,0,69,100,0,0,0,3,1,4,0
1212-2,1,108,mercaderes,155,140,2,70,118,0,0,0,69,100,0,0,0,3,1,4,0
1212-2,1,109,mercaderes,155,142,2,89,150,0,0,0,69,102,0,0,0,3,1,2,0
1212-2,1,110,mercaderes,155,144,2,88,167,0,0,0,55,88,0,0,0,3,1,4,0
1212-2,1,111,mercaderes,156,146,2,91,183,0,0,0,55,88,0,0,0,3,1,4,0
1212-2,1,112,mercaderes,156,148,2,91,198,0,0,0,55,88,0,0,0,3,1,4,0
1212-2,1,113,mercaderes,156,148,2,91,179,0,0,0,34,67,0,0,0,3,1,8,0
1212-2,1,114,mercaderes,156,148,2,91,176,0,0,0,34,67,0,0,0,3,1,3,0
1212-2,1,115,mercaderes,164,148,2,91,174,0,0,0,34,67,0,0,0,3,1,3,0
1212-2,1,116,mercaderes,164,148,2,91,172,0,0,0,34,67,0,0,0,3,1,3,0
1212-2,1,117,mercaderes,164,148,2,90,170,0,0,0,34,67,0,0,0,3,1,3,0
1212-2,1,118,mercaderes,164,148,2,93,168,0,0,0,34,67,0,0,0,3,1,4,0
1212-2,1,119,mercaderes,164,148,2,92,150,0,0,0,17,50,0,0,0,3,1,3,0
1212-2,1,120,mercaderes,164,148,2,86,132,0,0,0,17,41,0,0,0,3,1,3,0
1212-2,1,121,mercaderes,164,148,2,82,115,0,0,0,17,41,0,0,0,3,1,3,0
1212-2,1,122,mercaderes,164,148,2,82,99,0,0,0,17,41,0,0,0,3,1,3,0
1212-2,1,123,mercaderes,165,152,2,90,83,0,0,0,17,41,0,0,0,3,1,4,0
1212-2,1,124,mercaderes,165,152,2,81,66,0,0,0,17,42,0,0,0,3,1,4,0
1212-2,1,125,mercaderes,165,152,2,85,60,0,0,0,27,52,0,0,0,3,1,3,0
1212-2,1,126,mercaderes,165,152,2,90,52,0,0,0,27,61,0,0,0,3,1,4,0
1212-2,1,127,mercaderes,165,152,2,93,44,0,0,0,27,61,0,0,0,3,1,4,0
1212-2,1,128,mercaderes,165,152,2,93,36,0,0,0,27,61,0,0,0,3,1,4,0
1212-2,1,129,mercaderes,165,152,2,93,28,0,0,0,27,61,0,0,0,3,1,4,0
1212-2,1,130,mercaderes,165,152,2,93,21,0,0,0,27,61,0,0,0,3,1,4,0
1212-2,1,131,mercaderes,165,152,2,93,41,0,0,0,55,89,0,0,0,3,1,4,0
1212-2,1,132,mercaderes,165,152,2,93,60,0,0,0,55,89,0,0,0,3,1,4,0
1212-2,1,133,mercaderes,165,152,2,93,78,0,0,0,55,89,0,0,0,3,1,4,0
1212-2,1,134,mercaderes,165,152,2,92,96,0,0,0,55,89,0,0,0,3,1,3,0
1212-2,1,135,mercaderes,165,152,2,83,103,0,0,0,55,89,0,0,0,3,1,4,0
1212-2,1,136,mercaderes,165,152,2,91,120,0,0,0,55,89,0,0,0,3,1,3,0
1212-2,1,137,mercaderes,165,152,2,91,103,0,0,0,34,68,0,0,0,3,1,8,0
1212-2,1,138,mercaderes,165,152,2,94,103,0,0,0,34,68,0,0,0,3,1,3,0
1212-2,1,139,mercaderes,173,152,2,93,103,0,0,0,34,68,0,0,0,3,1,4,0
1212-2,1,140,mercaderes,173,152,2,96,103,0,0,0,34,68,0,0,0,3,1,3,0
1212-2,1,141,mercaderes,173,152,2,95,103,0,0,0,34,68,0,0,0,3,1,4,0
1212-2,1,142,mercaderes,173,152,2,95,103,0,0,0,34,68,0,0,0,3,1,4,0
1212-2,1,143,mercaderes,173,152,2,95,86,0,0,0,17,51,0,0,0,3,1,4,0
1212-2,1,144,mercaderes,173,152,2,85,70,0,0,0,17,42,0,0,0,3,1,4,0
1212-2,1,145,mercaderes,173,152,2,88,55,0,0,0,17,42,0,0,0,3,1,3,0
1212-2,1,146,mercaderes,174,156,2,94,41,0,0,0,17,42,0,0,0,3,1,4,0
1212-2,1,147,mercaderes,174,156,2,84,26,0,0,0,17,42,0,0,0,3,1,4,0
1212-2,1,148,mercaderes,174,156,2,86,11,0,0,0,17,42,0,0,0,3,1,3,0
1212-2,1,149,mercaderes,173,156,2,83,7,0,0,0,27,52,1,0,0,3,1,4,0
1212-2,1,150,mercaderes,172,156,2,436,4,0,0,0,27,61,1,0,0,3,1,4,0
1212-2,1,151,mercaderes,170,153,2,370,4,0,0,0,27,61,1,0,0,3,1,5,0
1212-2,1,152,mercaderes,169,150,2,369,4,0,0,0,27,67,1,0,0,3,1,4,0
1212-2,1,153,mercaderes,167,147,2,368,4,0,0,0,27,67,1,0,0,3,1,4,0
1212-2,1,154,mercaderes,165,144,2,369,4,0,0,0,27,67,1,0,0,3,1,4,0
1212-2,1,155,mercaderes,165,144,2,369,21,0,0,0,49,89,0,0,0,3,1,4,0
1212-2,1,156,mercaderes,166,148,2,155,37,0,0,0,49,89,0,0,0,3,1,6,0
1212-2,1,157,mercaderes,167,152,2,155,52,0,0,0,49,89,0,0,0,3,1,4,0
1212-2,1,158,mercaderes,167,152,2,158,65,0,0,0,49,92,0,0,0,3,1,4,0
1212-2,1,159,mercaderes,167,152,2,158,83,0,0,0,55,98,0,0,0,3,1,5,0
1212-2,1,160,mercaderes,167,152,2,158,100,0,0,0,55,98,0,0,0,3,1,5,0
1212-2,1,161,mercaderes,166,148,2,156,87,0,0,0,34,77,0,0,0,3,1,5,0
1212-2,1,162,mercaderes,166,148,2,105,75,0,0,0,34,74,0,0,0,3,1,9,0
1212-2,1,163,mercaderes,166,148,2,104,77,0,0,0,34,74,0,0,0,3,1,4,0
1212-2,1,164,mercaderes,166,148,2,104,79,0,0,0,34,74,0,0,0,3,1,4,0
1212-2,1,165,mercaderes,166,148,2,103,80,0,0,0,34,74,0,0,0,3,1,4,0
1212-2,1,166,mercaderes,166,148,2,103,81,0,0,0,34,74,0,0,0,3,1,3,0
1212-2,1,167,mercaderes,174,148,2,102,66,0,0,0,17,57,0,0,0,3,1,3,0
1212-2,1,168,mercaderes,174,148,2,92,52,0,0,0,17,47,0,0,0,3,1,4,0
1212-2,1,169,mercaderes,174,148,2,90,38,0,0,0,17,47,0,0,0,3,1,3,0
1212-2,1,170,mercaderes,174,148,2,86,25,0,0,0,17,47,0,0,0,3,1,3,0
1212-2,1,171,mercaderes,174,148,2,89,12,0,0,0,17,47,0,0,0,3,1,3,0
1212-2,1,172,mercaderes,173,148,2,88,7,0,0,0,17,47,1,0,0,3,1,3,0
1212-2,1,173,mercaderes,172,148,2,419,7,0,0,0,27,57,1,0,0,3,1,5,0
1212-2,1,174,mercaderes,171,145,2,362,4,0,0,0,27,67,1,0,0,3,1,4,0
1212-2,1,175,mercaderes,169,142,2,362,4,0,0,0,27,67,1,0,0,3,1,4,0
1212-2,1,176,mercaderes,168,143,2,372,5,0,0,0,25,65,1,0,0,3,1,5,0
1212-2,1,177,mercaderes,167,140,2,372,4,0,0,0,24,64,1,0,0,3,1,4,0
1212-2,1,178,mercaderes,165,137,2,369,4,0,0,0,24,62,1,0,0,3,1,5,0
1212-2,1,179,mercaderes,165,137,2,355,18,0,0,0,44,70,0,0,0,3,1,5,0
1212-2,1,180,mercaderes,166,140,2,136,36,0,0,0,49,70,0,0,0,3,1,5,0
1212-2,1,181,mercaderes,166,143,2,135,52,0,0,0,49,70,0,0,0,3,1,5,0
1212-2,1,182,mercaderes,167,147,2,113,68,0,0,0,49,71,0,0,0,3,1,5,0
1212-2,1,183,mercaderes,168,151,2,112,82,0,0,0,49,71,0,0,0,3,1,4,0
1212-2,1,184,mercaderes,168,151,2,87,100,0,0,0,55,78,0,0,0,3,1,4,0
1212-2,1,185,mercaderes,167,147,2,70,88,0,0,0,34,57,0,0,0,3,1,3,0
1212-2,1,186,mercaderes,167,147,2,80,77,0,0,0,34,56,0,0,0,3,1,7,0
1212-2,1,187,mercaderes,167,147,2,76,75,0,0,0,34,56,0,0,0,3,1,4,0
1212-2,1,188,mercaderes,167,147,2,83,77,0,0,0,34,61,0,0,0,3,1,2,0
1212-2,1,189,mercaderes,167,147,2,82,77,0,0,0,34,61,0,0,0,3,1,2,0
1212-2,1,190,mercaderes,167,147,2,84,79,0,0,0,34,61,0,0,0,3,1,3,0
1212-2,1,191,mercaderes,175,147,2,82,64,0,0,0,17,44,0,0,0,3,1,3,0
1212-2,1,192,mercaderes,175,147,2,86,51,0,0,0,17,44,0,0,0,3,1,3,0
1212-2,1,193,mercaderes,175,147,2,85,37,0,0,0,17,44,0,0,0,3,1,3,0
1212-2,1,194,mercaderes,175,147,2,86,25,0,0,0,17,44,0,0,0,3,1,3,0
1212-2,1,195,mercaderes,175,147,2,85,13,0,0,0,17,44,0,0,0,3,1,3,0
1212-2,1,196,mercaderes,174,147,2,85,7,0,0,0,17,44,1,0,0,3,1,3,0
1212-2,1,197,mercaderes,173,147,2,331,7,0,0,0,27,54,1,0,0,3,1,5,0
1212-2,1,198,mercaderes,171,144,2,268,4,0,0,0,27,61,1,0,0,3,1,4,0
1212-2,1,199,mercaderes,170,141,2,262,4,0,0,0,27,61,1,0,0,3,1,4,0
1212-2,1,200,mercaderes,169,142,2,267,5,0,0,0,27,60,1,0,0,3,1,5,0
1212-2,1,1,mesta,23,39,1,251,61,0,0,0,4,12,0,0,0,0,1,5,0
1212-2,1,2,mesta,23,37,1,220,54,0,0,0,4,7,0,0,0,0,1,3,0
1212-2,1,3,mesta,23,37,1,219,48,0,0,0,4,7,0,0,0,0,1,1,0
1212-2,1,4,mesta,23,37,1,218,42,0,0,0,4,7,0,0,0,0,1,0,1
1212-2,1,5,mesta,23,37,1,217,38,0,0,0,6,9,0,1,0,0,1,0,1
1212-2,1,6,mesta,23,37,1,131,36,0,0,0,6,20,0,0,0,0,1,5,0
1212-2,1,7,mesta,23,37,1,135,38,0,0,0,6,20,0,0,0,0,1,6,0
1212-2,1,8,mesta,23,37,1,104,40,0,0,0,6,20,0,0,0,0,1,4,0
1212-2,1,9,mesta,23,37,1,117,40,0,0,0,6,20,0,1,0,0,1,3,0
1212-2,1,10,mesta,23,37,1,93,42,2,0,0,6,26,0,0,0,0,1,3,0
1212-2,1,11,mesta,23,38,1,87,51,2,0,0,13,33,0,0,0,0,1,3,0
1212-2,1,12,mesta,23,39,1,85,59,2,0,0,13,33,0,0,0,0,1,2,0
1212-2,1,13,mesta,24,40,1,78,67,2,0,0,13,33,0,0,0,0,1,3,0
1212-2,1,14,mesta,23,37,1,59,61,2,0,0,13,35,0,0,0,0,1,3,0
1212-2,1,15,mesta,23,38,1,74,65,2,0,0,13,33,0,0,0,0,1,4,0
1212-2,1,16,mesta,23,39,1,92,69,2,0,0,13,33,0,0,0,0,1,3,0
1212-2,1,17,mesta,23,39,1,100,55,2,0,0,8,28,0,0,0,0,1,8,0
1212-2,1,18,mesta,23,39,1,101,54,2,0,0,8,28,0,0,0,0,1,4,0
1212-2,1,19,mesta,41,39,1,97,57,2,0,0,8,28,0,0,0,1,1,4,0
1212-2,1,20,mesta,41,39,1,98,60,2,0,0,8,28,0,0,0,1,1,4,0
1212-2,1,21,mesta,41,39,1,100,62,2,0,0,8,28,0,0,0,1,1,3,0
1212-2,1,22,mesta,41,39,1,106,61,2,0,0,8,28,0,0,0,1,1,3,0
1212-2,1,23,mesta,41,39,1,104,56,2,0,0,4,24,0,0,0,1,1,3,0
1212-2,1,24,mesta,41,39,1,102,51,2,0,0,4,21,0,0,0,1,1,4,0
1212-2,1,25,mesta,41,39,1,95,51,2,0,0,4,21,0,0,0,1,1,4,0
1212-2,1,26,mesta,41,39,1,95,51,2,0,0,4,21,0,0,0,1,1,4,0
1212-2,1,27,mesta,41,39,1,97,51,2,0,0,4,21,0,0,0,1,1,4,0
1212-2,1,28,mesta,41,39,1,93,51,2,0,0,4,21,0,0,0,1,1,4,0
1212-2,1,29,mesta,42,43,1,106,52,2,0,0,6,23,0,0,0,1,1,5,0
1212-2,1,30,mesta,41,39,1,97,40,2,0,0,6,28,0,0,0,1,1,7,0
1212-2,1,31,mesta,41,39,1,106,26,2,0,0,6,26,0,0,0,1,1,9,0
1212-2,1,32,mesta,41,39,1,114,25,2,0,0,6,26,0,0,0,1,1,4,0
1212-2,1,33,mesta,49,39,1,122,25,2,0,0,6,26,0,0,0,1,1,4,0
1212-2,1,34,mesta,69,39,1,104,25,16,0,0,6,26,0,0,0,1,1,5,0
1212-2,1,35,mesta,69,39,1,129,29,11,0,0,11,31,0,0,0,1,1,5,0
1212-2,1,36,mesta,70,40,1,308,32,7,0,0,11,31,0,0,0,1,1,5,0
1212-2,1,37,mesta,69,36,1,452,24,3,0,0,11,33,0,0,0,1,1,6,0
1212-2,1,38,mesta,68,34,1,582,27,0,0,0,11,31,0,0,0,1,1,6,0
1212-2,1,39,mesta,68,33,1,657,33,0,0,0,11,31,0,0,0,1,1,9,0
1212-2,1,40,mesta,68,34,1,658,42,0,0,0,11,31,0,0,0,1,1,6,0
1212-2,1,41,mesta,69,38,1,705,50,0,0,0,8,28,0,0,0,1,1,5,0
1212-2,1,42,mesta,69,36,1,662,55,0,0,0,8,28,0,0,0,1,1,5,0
1212-2,1,43,mesta,69,36,1,637,62,0,0,0,8,28,0,0,0,1,1,4,0
1212-2,1,44,mesta,69,36,1,615,65,0,0,0,8,28,0,0,0,1,1,3,0
1212-2,1,45,mesta,84,36,1,592,67,0,0,0,8,28,0,0,0,2,1,3,0
1212-2,1,46,mesta,84,36,1,569,69,0,0,0,8,28,0,0,0,2,1,3,0
1212-2,1,47,mesta,84,36,1,552,67,0,0,0,4,24,0,0,0,2,1,3,0
1212-2,1,48,mesta,84,36,1,531,65,0,0,0,4,21,0,0,0,2,1,3,0
1212-2,1,49,mesta,84,36,1,509,63,0,0,0,4,21,0,0,0,2,1,3,0
1212-2,1,50,mesta,84,36,1,487,61,0,0,0,4,21,0,0,0,2,1,3,0
1212-2,1,51,mesta,84,36,1,464,59,0,0,0,4,21,0,0,0,2,1,3,0
1212-2,1,52,mesta,84,36,1,440,57,0,0,0,4,21,0,0,0,2,1,3,0
1212-2,1,53,mesta,84,36,1,389,57,0,0,0,6,23,0,0,0,2,1,4,0
1212-2,1,54,mesta,84,36,1,389,57,0,0,0,6,26,0,0,0,2,1,9,0
1212-2,1,55,mesta,84,36,1,389,57,0,0,0,6,26,0,0,0,2,1,4,0
1212-2,1,56,mesta,84,36,1,388,57,0,0,0,6,26,0,0,0,2,1,4,0
1212-2,1,57,mesta,84,36,1,386,57,0,0,0,6,26,0,0,0,2,1,4,0
1212-2,1,58,mesta,104,36,1,384,57,31,0,0,6,26,0,0,0,2,1,4,0
1212-2,1,59,mesta,104,37,1,406,64,27,0,0,13,33,0,0,0,2,1,5,0
1212-2,1,60,mesta,104,38,1,573,71,23,0,0,13,33,0,0,0,2,1,5,0
1212-2,1,61,mesta,104,39,1,736,77,19,0,0,13,33,0,0,0,2,1,5,0
1212-2,1,62,mesta,105,40,1,897,83,15,0,0,13,33,0,0,0,2,1,5,0
1212-2,1,63,mesta,104,37,1,1038,78,11,0,0,13,35,0,0,0,2,1,11,0
1212-2,1,64,mesta,104,38,1,1145,84,7,0,0,13,33,0,0,0,2,1,6,0
1212-2,1,65,mesta,104,38,1,1298,34,4,0,0,8,28,0,0,0,2,1,10,0
1212-2,1,66,mesta,104,38,1,1353,37,1,0,0,8,28,0,0,0,2,1,6,0
1212-2,1,67,mesta,143,93,2,1457,41,1,0,0,8,28,0,0,0,3,1,5,0
1212-2,1,68,mesta,142,93,2,1442,44,1,0,0,8,38,1,0,0,3,1,6,0
1212-2,1,69,mesta,149,93,2,1427,44,1,0,0,8,38,1,0,0,3,1,4,0
1212-2,1,70,mesta,148,91,2,1412,44,1,0,0,8,38,1,0,0,3,1,4,0
1212-2,1,71,mesta,146,89,2,1396,44,1,0,0,4,34,1,0,0,3,1,5,0
1212-2,1,72,mesta,145,87,2,1374,44,1,0,0,4,24,1,0,0,3,1,4,0
1212-2,1,73,mesta,144,85,2,1352,44,1,0,0,4,24,1,0,0,3,1,4,0
1212-2,1,74,mesta,142,83,2,1330,44,1,0,0,4,24,1,0,0,3,1,4,0
1212-2,1,75,mesta,141,81,2,1308,44,1,0,0,3,22,1,0,0,3,1,4,0
1212-2,1,76,mesta,139,79,2,1287,44,1,0,0,3,21,1,0,0,3,1,4,0
1212-2,1,77,mesta,101,30,1,1230,44,1,0,0,5,21,1,0,0,3,1,6,0
1212-2,1,78,mesta,101,30,1,1228,47,1,0,0,4,18,0,0,0,3,1,10,0
1212-2,1,79,mesta,101,30,1,1226,51,1,0,0,5,20,0,0,0,3,1,5,0
1212-2,1,80,mesta,101,30,1,1144,15,1,0,0,5,20,0,0,0,3,1,6,0
1212-2,1,81,mesta,101,30,1,1142,19,1,0,0,5,20,0,0,0,3,1,6,0
1212-2,1,82,mesta,168,75,2,1140,23,37,0,0,5,20,0,0,0,3,1,5,0
1212-2,1,83,mesta,168,75,2,1144,23,33,0,0,12,35,0,0,0,3,1,6,0
1212-2,1,84,mesta,168,75,2,1243,20,29,0,0,12,35,0,1,0,3,1,7,0
1212-2,1,85,mesta,168,75,2,1389,26,25,0,0,22,45,0,1,0,3,1,7,0
1212-2,1,86,mesta,169,82,2,1542,43,21,0,0,32,55,0,1,0,3,1,7,0
1212-2,1,87,mesta,169,82,2,1648,28,17,0,0,43,67,0,1,0,3,1,12,0
1212-2,1,88,mesta,170,85,2,1747,62,13,0,0,53,77,0,1,0,3,1,5,0
1212-2,1,89,mesta,222,155,3,1875,77,10,0,0,36,60,0,0,0,4,1,7,0
1212-2,1,90,mesta,222,155,3,1961,74,7,0,0,36,74,0,1,0,4,1,8,0
1212-2,1,91,mesta,222,155,3,2046,72,4,0,0,36,74,0,1,0,4,1,6,0
1212-2,1,92,mesta,222,158,3,2097,75,1,0,0,42,80,0,1,0,4,1,6,0
1212-2,1,93,mesta,223,161,3,2167,83,1,0,0,48,88,0,1,0,4,1,5,0
1212-2,1,94,mesta,223,164,3,2130,102,1,0,0,54,94,0,1,0,4,1,3,0
1212-2,1,95,mesta,223,164,3,2092,96,1,0,0,28,68,0,0,0,4,1,4,0
1212-2,1,96,mesta,223,164,3,2003,88,1,0,0,28,68,0,0,0,4,1,4,0
1212-2,1,97,mesta,223,164,3,1934,40,1,0,0,28,68,0,1,0,4,1,4,0
1212-2,1,98,mesta,223,164,3,1899,34,1,0,0,28,68,0,1,0,4,1,4,0
1212-2,1,99,mesta,241,211,4,1863,31,1,0,0,28,68,0,0,0,4,1,4,0
1212-2,1,100,mesta,241,211,4,1806,17,1,0,0,28,63,0,0,0,4,1,4,0
1212-2,1,101,mesta,241,211,4,1662,17,1,0,0,44,79,0,0,0,4,1,6,0
1212-2,1,102,mesta,241,211,4,1627,12,1,0,0,44,81,0,2,0,4,1,11,0
1212-2,1,103,mesta,241,211,4,1607,18,1,0,0,51,88,0,0,0,4,1,4,0
1212-2,1,104,mesta,242,219,4,1487,34,1,0,0,62,99,0,0,0,4,1,5,0
1212-2,1,105,mesta,244,228,4,1402,51,1,0,0,66,107,0,1,0,4,1,5,0
1212-2,1,106,mesta,296,236,4,1372,72,41,0,0,75,118,0,0,0,4,1,5,0
1212-2,1,107,mesta,297,243,4,1360,160,37,0,0,148,192,0,0,0,4,1,6,0
1212-2,1,108,mesta,298,247,4,1481,231,33,0,0,148,198,0,0,0,4,1,6,0
1212-2,1,109,mesta,299,251,4,1549,296,29,0,0,148,198,0,1,0,4,1,7,0
1212-2,1,110,mesta,300,259,4,1687,341,25,0,0,119,171,0,0,0,4,1,6,0
1212-2,1,111,mesta,302,268,4,1824,383,21,0,0,119,172,0,0,0,4,1,10,0
1212-2,1,112,mesta,304,277,4,1959,420,17,0,0,119,172,0,0,0,4,1,5,0
1212-2,1,113,mesta,306,286,4,2080,396,14,0,0,75,130,0,1,0,4,1,9,0
1212-2,1,114,mesta,308,295,4,2171,389,11,0,0,75,133,0,0,0,4,1,5,0
1212-2,1,115,mesta,308,295,4,2276,381,8,0,0,75,135,0,0,0,4,1,4,0
1212-2,1,116,mesta,308,295,4,2383,373,5,0,0,75,135,0,0,0,4,1,4,0
1212-2,1,117,mesta,316,295,4,2438,365,2,0,0,75,135,0,0,0,4,1,4,0
1212-2,1,118,mesta,317,304,4,2526,362,2,0,0,78,138,0,0,0,4,1,4,0
1212-2,1,119,mesta,317,304,4,2450,323,2,0,0,40,100,0,0,0,4,1,4,0
1212-2,1,120,mesta,317,304,4,2420,286,2,0,0,40,96,0,0,0,4,1,4,0
1212-2,1,121,mesta,317,304,4,2396,250,2,0,0,40,96,0,0,0,4,1,3,0
1212-2,1,122,mesta,317,304,4,2368,215,2,0,0,40,96,0,0,0,4,1,3,0
1212-2,1,123,mesta,317,304,4,2292,182,2,0,0,40,96,0,0,0,4,1,3,0
1212-2,1,124,mesta,317,304,4,2281,150,2,0,0,40,96,0,0,0,4,1,5,0
1212-2,1,125,mesta,317,304,4,2239,138,2,0,0,62,118,0,0,0,4,1,5,0
1212-2,1,126,mesta,317,304,4,2251,123,2,0,0,62,122,0,0,0,4,1,10,0
1212-2,1,127,mesta,318,308,4,2218,110,2,0,0,62,122,0,0,0,4,1,6,0
1212-2,1,128,mesta,318,308,4,2229,95,2,0,0,62,122,0,0,0,4,1,6,0
1212-2,1,129,mesta,318,308,4,2240,81,2,0,0,62,122,0,0,0,4,1,5,0
1212-2,1,130,mesta,368,308,4,2251,67,34,0,0,62,122,0,0,0,4,1,5,0
1212-2,1,131,mesta,370,317,4,2233,112,30,0,0,122,182,0,0,0,4,1,5,0
1212-2,1,132,mesta,371,324,4,2404,152,26,0,0,122,182,0,0,0,4,1,6,0
1212-2,1,133,mesta,373,330,4,2581,188,22,0,0,122,186,0,0,0,4,1,5,0
1212-2,1,134,mesta,374,337,4,2757,222,18,0,0,122,187,0,0,0,4,1,5,0
1212-2,1,135,mesta,375,344,4,2882,253,14,0,0,122,188,0,0,0,4,1,10,0
1212-2,1,136,mesta,376,347,4,3034,271,10,0,0,122,188,0,0,0,4,1,7,0
1212-2,1,137,mesta,376,347,4,3235,243,7,0,0,78,144,0,0,0,4,1,10,0
1212-2,1,138,mesta,376,347,4,3353,230,4,0,0,78,144,0,0,0,4,1,5,0
1212-2,1,139,mesta,376,347,4,3437,217,1,0,0,78,144,0,0,0,4,1,5,0
1212-2,1,140,mesta,376,347,4,3550,205,1,0,0,78,144,0,0,0,4,1,5,0
1212-2,1,141,mesta,384,347,4,3553,196,1,0,0,78,144,0,0,0,4,1,4,0
1212-2,1,142,mesta,384,347,4,3556,188,1,0,0,78,144,0,0,0,4,1,4,0
1212-2,1,143,mesta,384,347,4,3506,143,1,0,0,40,106,0,0,0,4,1,4,0
1212-2,1,144,mesta,384,347,4,3504,100,1,0,0,40,102,0,0,0,4,1,5,0
1212-2,1,145,mesta,385,351,4,3510,60,1,0,0,40,102,0,0,0,4,1,5,0
1212-2,1,146,mesta,384,351,4,3510,44,1,0,0,40,104,1,0,0,4,1,4,0
1212-2,1,147,mesta,383,351,4,3457,44,1,0,0,40,104,1,0,0,4,1,4,0
1212-2,1,148,mesta,380,343,4,3459,44,1,0,0,40,104,1,0,0,4,1,4,0
1212-2,1,149,mesta,378,336,4,3421,44,1,0,0,62,122,1,0,0,4,1,5,0
1212-2,1,150,mesta,375,329,4,3436,41,1,0,0,62,126,1,0,0,4,1,10,0
1212-2,1,151,mesta,373,322,4,3451,41,1,0,0,61,125,1,0,0,4,1,6,0
1212-2,1,152,mesta,371,315,4,3460,41,1,0,0,61,123,1,0,0,4,1,6,0
1212-2,1,153,mesta,368,308,4,3463,41,1,0,0,53,101,1,0,0,4,1,5,0
1212-2,1,154,mesta,416,301,4,3463,41,38,0,0,53,99,1,0,0,4,1,5,0
1212-2,1,155,mesta,418,311,4,3483,71,34,0,0,106,151,0,0,0,4,1,7,0
1212-2,1,156,mesta,420,322,4,3639,97,30,0,0,106,148,0,0,0,4,1,5,0
1212-2,1,157,mesta,422,332,4,3793,119,26,0,0,106,149,0,0,0,4,1,5,0
1212-2,1,158,mesta,424,342,4,3945,142,22,0,0,111,154,0,0,0,4,1,5,0
1212-2,1,159,mesta,426,353,4,4041,165,18,0,0,114,158,0,0,0,4,1,11,0
1212-2,1,160,mesta,428,364,4,4191,184,14,0,0,114,159,0,0,0,4,1,6,0
1212-2,1,161,mesta,428,364,4,4369,161,11,0,0,75,120,0,0,0,4,1,6,0
1212-2,1,162,mesta,428,364,4,4472,143,8,0,0,78,131,0,0,0,4,1,5,0
1212-2,1,163,mesta,428,364,4,4541,126,5,0,0,78,131,0,0,0,4,1,5,0
1212-2,1,164,mesta,428,364,4,4658,110,2,0,0,78,131,0,0,0,4,1,7,0
1212-2,1,165,mesta,428,364,4,4762,94,2,0,0,78,139,0,0,0,4,1,4,0
1212-2,1,166,mesta,428,364,4,4758,82,2,0,0,78,139,0,0,0,4,1,4,0
1212-2,1,167,mesta,427,364,4,4702,44,2,0,0,40,101,1,0,0,4,1,4,0
1212-2,1,168,mesta,426,364,4,4693,44,2,0,0,40,96,1,0,0,4,1,4,0
1212-2,1,169,mesta,424,355,4,4683,44,2,0,0,40,96,1,0,0,4,1,4,0
1212-2,1,170,mesta,421,346,4,4669,44,2,0,0,40,94,1,0,0,4,1,4,0
1212-2,1,171,mesta,418,337,4,4657,44,2,0,0,40,94,1,0,0,4,1,4,0
1212-2,1,172,mesta,415,328,4,4642,44,2,0,0,36,90,1,0,0,4,1,4,0
1212-2,1,173,mesta,413,320,4,4591,44,2,0,0,56,107,1,0,0,4,1,5,0
1212-2,1,174,mesta,410,313,4,4595,41,2,0,0,52,107,1,0,0,4,1,11,0
1212-2,1,175,mesta,408,306,4,4592,41,2,0,0,49,97,1,0,0,4,1,6,0
1212-2,1,176,mesta,406,300,4,4582,41,2,0,0,47,88,1,0,0,4,1,6,0
1212-2,1,177,mesta,403,294,4,4563,41,2,0,0,47,84,1,0,0,4,1,5,0
1212-2,1,178,mesta,451,288,4,4547,41,28,0,0,43,79,1,0,0,4,1,5,0
1212-2,1,179,mesta,451,288,4,4552,49,24,0,0,81,116,0,0,0,4,1,5,0
1212-2,1,180,mesta,451,288,4,4704,62,20,0,0,87,123,0,0,0,4,1,5,0
1212-2,1,181,mesta,453,299,4,4852,82,16,0,0,95,131,0,0,0,4,1,5,0
1212-2,1,182,mesta,456,310,4,4997,99,12,0,0,95,131,0,0,0,4,1,5,0
1212-2,1,183,mesta,458,321,4,5142,116,8,0,0,99,136,0,0,0,4,1,10,0
1212-2,1,184,mesta,460,333,4,5286,135,4,0,0,104,142,0,0,0,4,1,5,0
1212-2,1,185,mesta,460,333,4,5454,116,1,0,0,69,108,0,0,0,4,1,5,0
1212-2,1,186,mesta,460,333,4,5479,99,1,0,0,69,108,0,0,0,4,1,5,0
1212-2,1,187,mesta,460,333,4,5454,88,1,0,0,71,110,0,0,0,4,1,5,0
1212-2,1,188,mesta,460,333,4,5429,80,1,0,0,74,113,0,0,0,4,1,4,0
1212-2,1,189,mesta,460,333,4,5404,76,1,0,0,78,117,0,0,0,4,1,5,0
1212-2,1,190,mesta,460,333,4,5331,72,1,0,0,78,123,0,0,0,4,1,5,0
1212-2,1,191,mesta,459,333,4,5318,44,1,0,0,40,92,1,0,0,4,1,6,0
1212-2,1,192,mesta,458,333,4,5302,44,1,0,0,40,91,1,0,0,4,1,4,0
1212-2,1,193,mesta,456,325,4,5288,44,1,0,0,40,91,1,0,0,4,1,4,0
1212-2,1,194,mesta,453,317,4,5224,44,1,0,0,37,88,1,0,0,4,1,4,0
1212-2,1,195,mesta,451,310,4,5206,44,1,0,0,36,85,1,0,0,4,1,4,0
1212-2,1,196,mesta,448,304,4,5192,44,1,0,0,35,84,1,0,0,4,1,4,0
1212-2,1,197,mesta,446,298,4,5142,44,1,0,0,52,101,1,0,0,4,1,6,0
1212-2,1,198,mesta,444,292,4,5139,41,1,0,0,49,97,1,0,0,4,1,11,0
1212-2,1,199,mesta,442,286,4,5125,41,1,0,0,47,89,1,0,0,4,1,6,0
1212-2,1,200,mesta,440,280,4,5109,41,1,0,0,47,82,1,0,0,4,1,5,0
1212-2,1,1,monjes,35,96,1,36,58,0,0,0,15,35,0,0,0,0,1,4,0
1212-2,1,2,monjes,35,96,1,31,46,0,0,0,15,24,0,0,0,0,1,1,0
1212-2,1,3,monjes,35,96,1,36,32,0,0,0,15,24,0,0,0,0,1,0,1
1212-2,1,4,monjes,35,96,1,41,19,0,0,0,15,24,0,1,0,0,1,0,1
1212-2,1,5,monjes,35,96,1,46,28,0,0,0,36,45,0,1,0,0,1,0,1
1212-2,1,6,monjes,35,96,1,68,39,0,0,0,36,62,0,0,0,0,1,1,0
1212-2,1,7,monjes,35,96,1,82,49,0,0,0,36,62,0,0,0,0,1,2,0
1212-2,1,8,monjes,35,96,1,86,61,0,0,0,36,62,0,0,0,0,1,3,0
1212-2,1,9,monjes,34,92,1,73,65,0,0,0,36,62,0,0,0,0,1,4,0
1212-2,1,10,monjes,34,90,1,68,59,0,0,0,36,62,0,0,0,0,1,9,0
1212-2,1,11,monjes,52,90,1,62,105,0,0,0,78,98,0,0,0,1,1,3,0
1212-2,1,12,monjes,52,90,1,81,176,0,0,0,98,118,0,0,0,1,1,1,0
1212-2,1,13,monjes,67,90,1,83,242,0,0,0,98,118,0,0,0,2,1,2,0
1212-2,1,14,monjes,67,90,1,82,299,0,0,0,98,118,0,0,0,2,1,3,0
1212-2,1,15,monjes,67,90,1,96,353,0,0,0,98,118,0,0,0,2,1,3,0
1212-2,1,16,monjes,67,90,1,103,406,0,0,0,98,118,0,0,0,2,1,3,0
1212-2,1,17,monjes,67,90,1,102,400,0,0,0,56,76,0,0,0,2,1,13,0
1212-2,1,18,monjes,75,90,1,99,402,0,0,0,45,65,0,0,0,2,1,3,0
1212-2,1,19,monjes,75,90,1,96,403,0,0,0,45,65,0,0,0,2,1,3,0
1212-2,1,20,monjes,75,90,1,93,404,0,0,0,45,65,0,0,0,2,1,3,0
1212-2,1,21,monjes,75,90,1,97,389,0,0,0,45,65,0,0,0,2,1,13,0
1212-2,1,22,monjes,75,90,1,94,391,0,0,0,45,65,0,0,0,2,1,3,0
1212-2,1,23,monjes,83,90,1,98,370,0,0,0,22,42,0,0,0,2,1,3,0
1212-2,1,24,monjes,83,90,1,111,348,0,0,0,22,36,0,0,0,2,1,3,0
1212-2,1,25,monjes,83,90,1,96,325,0,0,0,17,31,0,0,0,2,1,3,0
1212-2,1,26,monjes,83,90,1,94,302,0,0,0,17,31,0,0,0,2,1,3,0
1212-2,1,27,monjes,83,90,1,100,279,0,0,0,17,31,0,0,0,2,1,3,0
1212-2,1,28,monjes,83,94,1,106,258,0,0,0,17,31,0,0,0,2,1,4,0
1212-2,1,29,monjes,83,90,1,83,245,0,0,0,36,50,0,0,0,2,1,4,0
1212-2,1,30,monjes,83,90,1,105,228,0,0,0,36,56,0,0,0,2,1,8,0
1212-2,1,31,monjes,83,90,1,107,227,0,0,0,36,56,0,0,0,2,1,3,0
1212-2,1,32,monjes,91,90,1,110,226,0,0,0,36,56,0,0,0,2,1,3,0
1212-2,1,33,monjes,91,90,1,112,225,0,0,0,36,56,0,0,0,2,1,3,0
1212-2,1,34,monjes,91,90,1,114,224,0,0,0,36,56,0,0,0,2,1,3,0
1212-2,1,35,monjes,91,90,1,116,258,0,0,0,72,92,0,0,0,2,1,3,0
1212-2,1,36,monjes,91,90,1,118,290,0,0,0,72,92,0,0,0,2,1,3,0
1212-2,1,37,monjes,91,90,1,121,321,0,0,0,72,92,0,0,0,2,1,3,0
1212-2,1,38,monjes,91,90,1,124,351,0,0,0,72,92,0,0,0,2,1,3,0
1212-2,1,39,monjes,91,94,1,111,385,0,0,0,72,92,0,0,0,2,1,5,0
1212-2,1,40,monjes,91,90,1,95,402,0,1,0,72,92,0,0,0,2,1,4,0
1212-2,1,41,monjes,91,90,1,105,388,0,1,0,45,65,0,0,0,2,1,8,0
1212-2,1,42,monjes,91,90,1,97,390,0,1,0,45,65,0,0,0,2,1,3,0
1212-2,1,43,monjes,99,90,1,99,391,0,1,0,45,65,0,0,0,2,1,3,0
1212-2,1,44,monjes,99,90,1,100,392,0,1,0,45,65,0,0,0,2,1,3,0
1212-2,1,45,monjes,99,90,1,102,393,0,1,0,45,65,0,0,0,2,1,3,0
1212-2,1,46,monjes,98,89,1,104,380,0,1,0,45,65,0,0,0,2,1,6,0
1212-2,1,47,monjes,98,89,1,105,354,0,1,0,17,36,0,0,0,2,1,3,0
1212-2,1,48,monjes,98,89,1,90,331,0,1,0,17,30,0,0,0,2,1,3,0
1212-2,1,49,monjes,127,94,2,93,311,0,1,0,22,35,0,0,0,3,1,5,0
1212-2,1,50,monjes,127,94,2,83,262,0,1,0,22,35,0,0,0,3,1,14,0
1212-2,1,51,monjes,127,94,2,87,242,0,1,0,22,35,0,0,0,3,1,4,0
1212-2,1,52,monjes,127,94,2,59,185,0,1,0,22,35,0,1,0,3,1,4,0
1212-2,1,53,monjes,127,94,2,72,190,0,1,0,40,53,0,0,0,3,1,4,0
1212-2,1,54,monjes,234,149,3,74,187,0,1,0,42,61,0,1,0,4,1,8,0
1212-2,1,55,monjes,235,154,3,67,182,0,1,0,39,72,0,0,0,4,1,5,0
1212-2,1,56,monjes,236,157,3,67,182,0,1,0,49,79,0,2,0,4,1,4,0
1212-2,1,57,monjes,236,155,3,45,153,0,1,0,60,90,0,1,0,4,1,7,0
1212-2,1,58,monjes,236,158,3,45,170,0,1,0,60,95,0,0,0,4,1,1,0
1212-2,1,59,monjes,246,167,4,89,281,0,1,0,122,158,0,1,0,4,1,1,0
1212-2,1,60,monjes,246,169,4,42,303,0,1,0,122,158,0,0,0,4,1,5,0
1212-2,1,61,monjes,247,171,4,75,359,0,1,0,123,159,0,0,0,4,1,2,0
1212-2,1,62,monjes,264,216,5,105,413,0,1,0,124,161,0,1,0,4,1,5,0
1212-2,1,63,monjes,264,218,5,57,450,0,1,0,125,168,0,0,0,4,1,6,0
1212-2,1,64,monjes,265,224,5,85,477,0,0,0,126,168,0,1,0,4,1,7,0
1212-2,1,65,monjes,267,230,5,91,474,0,0,0,87,129,0,0,0,4,1,8,0
1212-2,1,66,monjes,276,236,5,80,474,0,0,0,88,132,0,0,0,4,1,3,0
1212-2,1,67,monjes,277,243,5,92,474,0,0,0,89,134,0,1,0,4,1,4,0
1212-2,1,68,monjes,279,250,5,83,488,0,0,0,101,146,0,0,0,4,1,3,0
1212-2,1,69,monjes,280,258,5,97,498,0,0,0,103,152,0,1,0,4,1,5,0
1212-2,1,70,monjes,282,266,5,92,508,0,0,0,103,155,0,1,0,4,1,3,0
1212-2,1,71,monjes,282,266,5,98,473,0,0,0,58,110,0,0,0,4,1,3,0
1212-2,1,72,monjes,282,266,5,90,426,0,0,0,58,104,0,0,0,4,1,9,0
1212-2,1,73,monjes,282,266,5,78,393,0,0,0,58,104,0,1,0,4,1,3,0
1212-2,1,74,monjes,290,266,5,77,362,0,0,0,58,104,0,0,0,4,1,4,0
1212-2,1,75,monjes,290,266,5,75,334,0,0,0,58,104,0,1,0,4,1,3,0
1212-2,1,76,monjes,290,266,5,83,310,0,0,0,61,107,0,1,0,4,1,4,0
1212-2,1,77,monjes,291,274,5,82,321,0,0,0,95,140,0,1,0,4,1,4,0
1212-2,1,78,monjes,293,282,5,94,328,0,0,0,96,158,0,1,0,4,1,5,0
1212-2,1,79,monjes,295,290,5,97,334,0,0,0,97,159,0,1,0,4,1,4,0
1212-2,1,80,monjes,296,299,5,104,342,0,0,0,99,164,0,0,0,4,1,4,0
1212-2,1,81,monjes,298,308,5,111,348,0,0,0,99,165,0,0,0,4,1,4,0
1212-2,1,82,monjes,301,321,5,129,352,0,0,0,100,167,0,0,0,4,1,5,0
1212-2,1,83,monjes,302,326,5,92,423,0,0,0,182,251,0,0,0,4,1,6,0
1212-2,1,84,monjes,303,331,5,102,499,0,1,0,183,252,0,0,0,4,1,4,0
1212-2,1,85,monjes,304,336,5,108,571,0,1,0,183,254,0,0,0,4,1,3,0
1212-2,1,86,monjes,305,341,5,115,638,0,1,0,183,254,0,0,0,4,1,3,0
1212-2,1,87,monjes,306,346,5,123,701,0,1,0,183,255,0,0,0,4,1,3,0
1212-2,1,88,monjes,307,351,5,105,749,0,0,0,183,255,0,0,0,4,1,9,0
1212-2,1,89,monjes,308,356,5,105,746,0,1,0,120,192,0,0,0,4,1,3,0
1212-2,1,90,monjes,317,362,5,108,741,0,1,0,120,196,0,0,0,4,1,3,0
1212-2,1,91,monjes,318,368,5,112,736,0,1,0,120,196,0,0,0,4,1,3,0
1212-2,1,92,monjes,319,374,5,116,729,0,1,0,120,196,0,0,0,4,1,3,0
1212-2,1,93,monjes,321,380,5,112,722,0,1,0,120,197,0,0,0,4,1,3,0
1212-2,1,94,monjes,322,386,5,117,713,0,1,0,120,197,0,0,0,4,1,3,0
1212-2,1,95,monjes,322,386,5,164,651,0,1,0,70,150,0,0,0,4,1,3,0
1212-2,1,96,monjes,322,386,5,52,590,0,1,0,70,144,0,0,0,4,1,4,0
1212-2,1,97,monjes,323,390,5,103,530,0,1,0,70,144,0,0,0,4,1,3,0
1212-2,1,98,monjes,321,381,5,89,461,0,1,0,70,144,0,0,0,4,1,8,0
1212-2,1,99,monjes,321,381,5,108,399,0,1,0,70,143,0,0,0,4,1,9,0
1212-2,1,100,monjes,321,381,5,107,353,0,1,0,70,143,0,0,0,4,1,4,0
1212-2,1,101,monjes,331,393,5,115,342,0,1,0,102,175,0,0,0,4,1,4,0
1212-2,1,102,monjes,341,402,6,137,326,0,1,0,102,182,0,0,0,4,1,5,0
1212-2,1,103,monjes,341,402,6,107,309,0,1,0,102,182,0,0,0,4,1,6,0
1212-2,1,104,monjes,341,401,6,115,274,0,1,0,102,182,0,1,0,4,1,13,0
1212-2,1,105,monjes,343,410,6,127,260,0,1,0,104,184,0,0,0,4,1,4,0
1212-2,1,106,monjes,351,414,6,110,247,0,1,0,105,186,0,0,0,4,1,6,0
1212-2,1,107,monjes,362,429,7,122,316,0,2,0,192,275,0,0,0,4,1,5,0
1212-2,1,108,monjes,364,439,7,105,383,0,2,0,194,278,0,0,0,4,1,5,0
1212-2,1,109,monjes,366,445,7,102,449,0,2,0,196,281,0,1,0,4,1,5,0
1212-2,1,110,monjes,367,451,7,95,528,0,2,0,212,297,0,0,0,4,1,4,0
1212-2,1,111,monjes,368,457,7,96,596,0,0,0,215,300,0,0,0,4,1,9,0
1212-2,1,112,monjes,369,464,7,103,670,0,0,0,219,306,0,0,0,4,1,4,0
1212-2,1,113,monjes,371,471,7,104,665,0,0,0,142,232,0,0,0,4,1,4,0
1212-2,1,114,monjes,380,478,7,101,662,0,0,0,142,232,0,0,0,4,1,4,0
1212-2,1,115,monjes,382,485,7,103,657,0,0,0,142,232,0,0,0,4,1,4,0
1212-2,1,116,monjes,383,492,7,101,650,0,0,0,142,233,0,0,0,4,1,4,0
1212-2,1,117,monjes,384,499,7,99,642,0,0,0,142,233,0,0,0,4,1,4,0
1212-2,1,118,monjes,386,507,7,111,632,0,0,0,142,234,0,0,0,4,1,4,0
1212-2,1,119,monjes,386,507,7,114,563,0,0,0,81,175,0,0,0,4,1,5,0
1212-2,1,120,monjes,386,507,7,110,497,0,0,0,81,169,0,0,0,4,1,4,0
1212-2,1,121,monjes,386,507,7,107,433,0,0,0,81,169,0,0,0,4,1,4,0
1212-2,1,122,monjes,386,507,7,104,372,0,0,0,81,169,0,0,0,4,1,4,0
1212-2,1,123,monjes,387,511,7,111,313,0,0,0,81,169,0,0,0,4,1,5,0
1212-2,1,124,monjes,386,507,7,90,246,0,0,0,81,169,0,0,0,4,1,5,0
1212-2,1,125,monjes,386,507,7,106,224,0,0,0,120,207,0,0,0,4,1,5,0
1212-2,1,126,monjes,386,507,7,118,201,0,0,0,120,213,0,1,0,4,1,4,0
1212-2,1,127,monjes,386,507,7,120,187,0,0,0,120,213,0,0,0,4,1,3,0
1212-2,1,128,monjes,386,507,7,118,176,0,0,0,120,213,0,0,0,4,1,3,0
1212-2,1,129,monjes,386,507,7,112,166,0,0,0,120,213,0,0,0,4,1,3,0
1212-2,1,130,monjes,386,507,7,105,156,0,0,0,120,213,0,0,0,4,1,3,0
1212-2,1,131,monjes,389,520,7,103,242,0,0,0,219,312,0,0,0,4,1,3,0
1212-2,1,132,monjes,390,529,7,108,314,0,0,0,219,313,0,0,0,4,1,4,0
1212-2,1,133,monjes,392,538,7,122,379,0,0,0,219,314,0,0,0,4,1,4,0
1212-2,1,134,monjes,394,547,7,100,440,0,0,0,219,316,0,0,0,4,1,6,0
1212-2,1,135,monjes,396,557,7,112,494,0,1,0,219,319,0,1,0,4,1,5,0
1212-2,1,136,monjes,398,567,7,119,549,0,0,0,239,339,0,1,0,4,1,10,0
1212-2,1,137,monjes,560,578,7,133,547,0,0,0,167,270,0,2,1,5,1,4,0
1212-2,1,138,monjes,570,588,7,147,558,0,0,0,177,280,0,0,0,5,1,5,0
1212-2,1,139,monjes,571,591,7,156,566,0,0,0,177,275,0,0,0,5,1,4,0
1212-2,1,140,monjes,571,593,7,116,574,0,0,0,177,276,0,0,0,5,1,5,0
1212-2,1,141,monjes,573,601,7,126,578,0,0,0,177,276,0,1,0,5,1,4,0
1212-2,1,142,monjes,574,609,7,136,582,0,0,0,177,276,0,0,0,5,1,4,0
1212-2,1,143,monjes,574,609,7,147,508,0,0,0,98,198,0,0,0,5,1,4,0
1212-2,1,144,monjes,574,609,7,152,425,0,0,0,98,192,0,0,0,5,1,9,0
1212-2,1,145,monjes,582,609,7,107,356,0,0,0,98,192,0,1,0,5,1,5,0
1212-2,1,146,monjes,582,609,7,112,291,0,0,0,98,192,0,0,0,5,1,4,0
1212-2,1,147,monjes,581,604,7,106,221,0,0,0,98,192,0,0,0,5,1,7,0
1212-2,1,148,monjes,581,604,7,111,161,0,0,0,98,192,0,0,0,5,1,5,0
1212-2,1,149,monjes,581,604,7,116,154,0,0,0,148,242,0,1,0,5,1,3,0
1212-2,1,150,monjes,590,609,8,121,149,0,0,0,148,251,0,0,0,5,1,4,0
1212-2,1,151,monjes,590,609,8,102,142,0,0,0,148,251,0,1,0,5,1,6,0
1212-2,1,152,monjes,590,609,8,80,119,0,0,0,131,234,0,1,0,5,1,4,0
1212-2,1,153,monjes,590,609,8,90,101,0,0,0,136,239,0,1,0,5,1,2,0
1212-2,1,154,monjes,590,609,8,93,84,0,0,0,136,238,0,1,0,5,1,4,0
1212-2,1,155,monjes,593,624,8,89,176,0,0,0,247,350,0,0,0,5,1,3,0
1212-2,1,156,monjes,596,639,8,85,263,0,0,0,249,353,0,0,0,5,1,4,0
1212-2,1,157,monjes,599,654,8,82,336,0,0,0,251,358,0,1,0,5,1,5,0
1212-2,1,158,monjes,601,663,8,106,406,0,0,0,258,367,0,1,0,5,1,5,0
1212-2,1,159,monjes,603,672,8,110,479,0,0,0,263,372,0,0,0,5,1,4,0
1212-2,1,160,monjes,604,675,8,118,547,0,0,0,265,376,0,1,0,5,1,5,0
1212-2,1,161,monjes,604,678,8,116,516,0,0,0,175,287,0,1,0,5,1,9,0
1212-2,1,162,monjes,605,681,8,123,502,0,0,0,176,294,0,1,0,5,1,4,0
1212-2,1,163,monjes,613,684,8,130,492,0,0,0,179,296,0,0,0,5,1,4,0
1212-2,1,164,monjes,614,687,8,137,481,0,0,0,181,299,0,1,0,5,1,4,0
1212-2,1,165,monjes,615,690,8,144,474,0,0,0,182,301,0,0,0,5,1,5,0
1212-2,1,166,monjes,615,693,8,151,469,0,0,0,185,304,0,0,0,5,1,4,0
1212-2,1,167,monjes,615,693,8,160,384,0,0,0,102,223,0,0,0,5,1,4,0
1212-2,1,168,monjes,615,693,8,98,300,0,0,0,102,217,0,0,0,5,1,6,0
1212-2,1,169,monjes,615,693,8,109,233,0,0,0,119,234,0,1,0,5,1,4,0
1212-2,1,170,monjes,616,697,8,122,171,0,0,0,119,234,0,1,0,5,1,5,0
1212-2,1,171,monjes,616,697,8,118,124,0,0,0,128,245,0,0,0,5,1,3,0
1212-2,1,172,monjes,616,697,8,111,82,0,0,0,128,245,0,0,0,5,1,3,0
1212-2,1,173,monjes,616,697,8,112,77,0,0,0,164,281,0,0,0,5,1,3,0
1212-2,1,174,monjes,616,697,8,117,69,0,0,0,164,287,0,0,0,5,1,3,0
1212-2,1,175,monjes,616,697,8,122,61,0,0,0,164,287,0,0,0,5,1,3,0
1212-2,1,176,monjes,616,697,8,126,53,0,0,0,164,287,0,0,0,5,1,3,0
1212-2,1,177,monjes,616,697,8,130,46,0,0,0,164,287,0,0,0,5,1,3,0
1212-2,1,178,monjes,616,697,8,108,39,0,0,0,164,287,0,0,0,5,1,4,0
1212-2,1,179,monjes,617,702,8,115,164,0,1,0,301,424,0,0,0,5,1,3,0
1212-2,1,180,monjes,618,707,8,121,285,0,1,0,303,426,0,0,0,5,1,3,0
1212-2,1,181,monjes,619,712,8,110,397,0,1,0,305,428,0,0,0,5,1,5,0
1212-2,1,182,monjes,620,717,8,115,491,0,2,0,307,432,0,0,0,5,1,5,0
1212-2,1,183,monjes,621,722,8,130,583,0,0,0,308,433,0,0,0,5,1,9,0
1212-2,1,184,monjes,622,727,8,127,684,0,0,0,310,437,0,0,0,5,1,5,0
1212-2,1,185,monjes,623,732,8,144,676,0,1,0,203,330,0,0,0,5,1,4,0
1212-2,1,186,monjes,624,737,8,158,672,0,1,0,205,332,0,0,0,5,1,4,0
1212-2,1,187,monjes,625,742,8,122,668,0,1,0,206,333,0,0,0,5,1,5,0
1212-2,1,188,monjes,634,747,8,136,664,0,1,0,207,334,0,0,0,5,1,4,0
1212-2,1,189,monjes,635,754,8,152,660,0,1,0,208,338,0,0,0,5,1,4,0
1212-2,1,190,monjes,637,761,8,168,655,0,1,0,209,339,0,0,0,5,1,5,0
1212-2,1,191,monjes,637,761,8,134,578,0,1,0,136,266,0,0,0,5,1,4,0
1212-2,1,192,monjes,636,757,8,144,501,0,1,0,136,260,0,0,0,5,1,7,0
1212-2,1,193,monjes,636,757,8,154,411,0,1,0,115,238,0,0,0,5,1,4,0
1212-2,1,194,monjes,636,757,8,114,325,0,1,0,115,238,0,0,0,5,1,5,0
1212-2,1,195,monjes,645,761,9,123,242,0,1,0,115,238,0,0,0,5,1,5,0
1212-2,1,196,monjes,646,765,9,121,162,0,1,0,115,238,0,0,0,5,1,6,0
1212-2,1,197,monjes,646,765,9,121,139,0,1,0,171,294,0,0,0,5,1,4,0
1212-2,1,198,monjes,646,765,9,121,117,0,1,0,171,300,0,1,0,5,1,3,0
1212-2,1,199,monjes,646,765,9,111,100,0,1,0,174,303,0,0,0,5,1,3,0
1212-2,1,200,monjes,646,765,9,111,82,0,1,0,174,303,0,1,0,5,1,4,0
1212-2,1,1,salineros,24,41,1,19,69,0,7,0,10,27,0,0,0,0,1,4,0
1212-2,1,2,salineros,24,41,1,19,67,0,14,0,10,23,0,0,0,0,1,1,0
1212-2,1,3,salineros,24,41,1,19,65,0,21,0,10,23,0,0,0,0,1,0,1
1212-2,1,4,salineros,24,41,1,19,63,0,28,0,10,23,0,0,0,0,1,0,1
1212-2,1,5,salineros,24,43,1,19,67,0,35,0,16,29,0,1,0,0,1,0,1
1212-2,1,6,salineros,25,45,1,3,73,0,51,0,16,42,0,0,0,0,1,0,1
1212-2,1,7,salineros,90,47,1,7,76,0,67,0,16,42,0,0,0,1,1,0,1
1212-2,1,8,salineros,90,49,1,11,79,0,83,0,16,42,0,1,0,1,1,0,1
1212-2,1,9,salineros,91,51,1,23,83,0,88,0,16,49,0,0,0,1,1,3,0
1212-2,1,10,salineros,90,49,1,120,77,0,93,0,16,51,0,0,0,1,1,3,0
1212-2,1,11,salineros,90,47,1,169,78,0,103,0,35,67,0,0,0,1,1,10,0
1212-2,1,12,salineros,108,45,1,166,101,0,114,0,43,75,0,0,0,2,1,4,0
1212-2,1,13,salineros,108,47,1,131,133,0,124,0,43,75,0,0,0,2,1,4,0
1212-2,1,14,salineros,108,49,1,145,165,0,132,0,43,74,0,0,0,2,1,3,0
1212-2,1,15,salineros,109,51,1,176,193,0,140,0,43,74,0,0,0,2,1,4,0
1212-2,1,16,salineros,109,53,1,211,221,0,147,0,43,76,0,0,0,2,1,5,0
1212-2,1,17,salineros,110,55,1,245,230,0,153,0,25,57,0,0,0,2,1,4,0
1212-2,1,18,salineros,111,60,1,288,241,0,159,0,20,52,0,0,0,2,1,5,0
1212-2,1,19,salineros,110,58,1,303,233,0,164,0,20,53,0,0,0,2,1,5,0
1212-2,1,20,salineros,111,60,1,336,222,0,169,0,20,51,0,0,0,2,1,9,0
1212-2,1,21,salineros,111,60,1,371,224,0,174,0,20,53,0,0,0,2,1,4,0
1212-2,1,22,salineros,111,60,1,412,226,0,178,0,20,52,0,0,0,2,1,4,0
1212-2,1,23,salineros,119,60,1,452,218,0,182,0,10,42,0,0,0,2,1,4,0
1212-2,1,24,salineros,119,60,1,486,210,0,186,0,10,36,0,0,0,2,1,4,0
1212-2,1,25,salineros,119,60,1,519,199,0,189,0,7,32,0,0,0,2,1,4,0
1212-2,1,26,salineros,119,60,1,550,188,0,193,0,7,32,0,0,0,2,1,4,0
1212-2,1,27,salineros,119,60,1,581,165,0,196,0,7,31,0,0,0,2,1,9,0
1212-2,1,28,salineros,119,60,1,612,154,0,199,0,7,31,0,0,0,2,1,4,0
1212-2,1,29,salineros,127,60,1,642,152,0,202,0,16,40,0,0,0,2,1,4,0
1212-2,1,30,salineros,127,60,1,660,153,0,204,0,16,45,0,0,0,2,1,3,0
1212-2,1,31,salineros,127,60,1,694,151,0,206,0,16,45,0,0,0,2,1,4,0
1212-2,1,32,salineros,127,60,1,715,152,0,208,0,16,45,0,0,0,2,1,3,0
1212-2,1,33,salineros,127,60,1,733,142,0,209,0,16,44,0,0,0,2,1,8,0
1212-2,1,34,salineros,135,60,1,751,143,0,211,0,16,44,0,0,0,2,1,3,0
1212-2,1,35,salineros,135,60,1,772,160,0,211,0,32,59,0,0,0,2,1,3,0
1212-2,1,36,salineros,135,60,1,809,174,0,211,0,32,59,0,0,0,2,1,4,0
1212-2,1,37,salineros,135,60,1,847,188,0,211,0,32,59,0,0,0,2,1,4,0
1212-2,1,38,salineros,135,60,1,885,202,0,210,0,32,59,0,0,0,2,1,4,0
1212-2,1,39,salineros,135,60,1,921,216,0,209,0,32,59,0,0,0,2,1,4,0
1212-2,1,40,salineros,135,64,1,967,237,0,208,0,32,59,0,0,0,2,1,5,0
1212-2,1,41,salineros,135,60,1,983,228,0,207,0,20,47,0,0,0,2,1,5,0
1212-2,1,42,salineros,135,60,1,1023,217,0,206,0,20,47,0,0,0,2,1,9,0
1212-2,1,43,salineros,143,60,1,1062,219,0,205,0,20,47,0,0,0,2,1,4,0
1212-2,1,44,salineros,143,60,1,1101,221,0,204,0,20,47,0,0,0,2,1,4,0
1212-2,1,45,salineros,143,60,1,1088,223,0,203,0,20,47,0,0,0,2,1,5,0
1212-2,1,46,salineros,143,60,1,1124,213,0,202,0,20,47,0,0,0,2,1,9,0
1212-2,1,47,salineros,143,60,1,1160,202,0,201,0,7,34,0,0,0,2,1,5,0
1212-2,1,48,salineros,151,60,1,1190,191,0,201,0,7,28,0,0,0,2,1,4,0
1212-2,1,49,salineros,151,60,1,1169,183,0,201,0,10,31,0,0,0,2,1,4,0
1212-2,1,50,salineros,151,60,1,1199,175,0,201,0,10,31,0,0,0,2,1,5,0
1212-2,1,51,salineros,151,60,1,1229,167,0,201,0,10,31,0,0,0,2,1,4,0
1212-2,1,52,salineros,151,60,1,1263,159,0,201,0,10,31,0,0,0,2,1,4,0
1212-2,1,53,salineros,151,60,1,1248,157,0,201,0,16,37,0,0,0,2,1,4,0
1212-2,1,54,salineros,151,60,1,1258,115,0,202,0,16,43,0,0,0,2,1,5,0
1212-2,1,55,salineros,151,60,1,1279,116,0,203,0,16,43,0,0,0,2,1,4,0
1212-2,1,56,salineros,190,119,2,1308,118,0,204,0,16,43,0,0,0,3,1,4,0
1212-2,1,57,salineros,190,115,2,1304,95,0,206,0,16,53,0,0,0,3,1,6,0
1212-2,1,58,salineros,190,115,2,1268,74,0,207,0,16,53,0,1,0,3,1,11,0
1212-2,1,59,salineros,190,117,2,1276,93,0,208,0,48,85,0,1,0,3,1,6,0
1212-2,1,60,salineros,198,119,2,1283,130,0,209,0,64,101,0,1,0,3,1,5,0
1212-2,1,61,salineros,199,120,2,1305,173,0,209,0,70,107,0,1,0,3,1,5,0
1212-2,1,62,salineros,199,120,2,1295,220,0,208,0,76,115,0,0,0,3,1,5,0
1212-2,1,63,salineros,199,120,2,1308,213,0,205,0,76,115,0,0,0,3,1,10,0
1212-2,1,64,salineros,199,120,2,1350,256,0,203,0,76,115,0,0,0,3,1,5,0
1212-2,1,65,salineros,257,180,3,1391,275,0,201,0,52,91,0,0,0,4,1,4,0
1212-2,1,66,salineros,257,180,3,1424,279,0,199,0,52,103,0,0,0,4,1,6,0
1212-2,1,67,salineros,257,180,3,1417,281,0,197,0,52,103,0,1,0,4,1,6,0
1212-2,1,68,salineros,257,180,3,1459,296,0,195,0,62,113,0,0,0,4,1,5,0
1212-2,1,69,salineros,257,180,3,1500,301,0,192,0,62,113,0,0,0,4,1,10,0
1212-2,1,70,salineros,257,180,3,1541,315,0,189,0,62,113,0,0,0,4,1,4,0
1212-2,1,71,salineros,265,180,3,1532,304,0,186,0,37,88,0,0,0,4,1,4,0
1212-2,1,72,salineros,265,180,3,1541,253,0,184,0,37,82,0,0,0,4,1,5,0
1212-2,1,73,salineros,265,180,3,1532,242,0,183,0,37,82,0,0,0,4,1,6,0
1212-2,1,74,salineros,290,265,4,1573,232,0,182,0,37,82,0,0,0,4,1,6,0
1212-2,1,75,salineros,290,265,4,1610,201,0,181,0,37,98,0,0,0,4,1,6,0
1212-2,1,76,salineros,290,265,4,1606,168,0,181,0,37,98,0,0,0,4,1,6,0
1212-2,1,77,salineros,290,265,4,1652,150,0,181,0,52,113,0,1,0,4,1,6,0
1212-2,1,78,salineros,290,269,4,1691,150,0,182,0,64,131,0,0,0,4,1,6,0
1212-2,1,79,salineros,290,265,4,1706,139,0,183,0,64,131,0,1,0,4,1,6,0
1212-2,1,80,salineros,290,267,4,1689,153,0,184,0,76,141,0,0,0,4,1,4,0
1212-2,1,81,salineros,290,269,4,1734,153,0,183,0,76,141,0,0,0,4,1,11,0
1212-2,1,82,salineros,290,269,4,1788,156,0,183,0,76,143,0,0,0,4,1,5,0
1212-2,1,83,salineros,298,269,4,1841,227,0,182,0,140,207,0,0,0,4,1,5,0
1212-2,1,84,salineros,298,269,4,1844,298,0,180,0,140,207,0,0,0,4,1,5,0
1212-2,1,85,salineros,298,269,4,1896,369,0,176,0,140,207,0,0,0,4,1,6,0
1212-2,1,86,salineros,298,269,4,1947,430,0,170,0,140,207,0,0,0,4,1,10,0
1212-2,1,87,salineros,306,269,4,1997,501,0,163,0,140,207,0,0,0,4,1,4,0
1212-2,1,88,salineros,306,269,4,1996,571,0,155,0,140,207,0,0,0,4,1,4,0
1212-2,1,89,salineros,306,269,4,2044,593,0,147,0,92,159,0,0,0,4,1,5,0
1212-2,1,90,salineros,306,269,4,2092,615,0,138,0,92,159,0,0,0,4,1,4,0
1212-2,1,91,salineros,306,269,4,2140,625,0,129,0,92,159,0,0,0,4,1,9,0
1212-2,1,92,salineros,306,269,4,2142,647,0,120,0,92,159,0,0,0,4,1,4,0
1212-2,1,93,salineros,314,269,4,2193,669,0,110,0,92,159,0,0,0,4,1,5,0
1212-2,1,94,salineros,314,269,4,2244,691,0,100,0,92,159,0,0,0,4,1,4,0
1212-2,1,95,salineros,314,269,4,2306,673,0,88,0,52,119,0,0,0,4,1,4,0
1212-2,1,96,salineros,314,269,4,2271,601,0,79,0,52,113,0,0,0,4,1,10,0
1212-2,1,97,salineros,314,269,4,2255,583,0,71,0,52,113,0,0,0,4,1,5,0
1212-2,1,98,salineros,346,389,5,2288,565,0,63,0,52,113,0,0,0,4,1,5,0
1212-2,1,99,salineros,346,389,5,2342,504,0,56,0,52,137,0,0,0,4,1,11,0
1212-2,1,100,salineros,346,389,5,2352,453,0,50,0,52,137,0,1,0,4,1,6,0
1212-2,1,101,salineros,354,389,5,2416,428,0,45,0,76,161,0,1,0,4,1,6,0
1212-2,1,102,salineros,354,389,5,2470,411,0,40,0,82,173,0,0,0,4,1,6,0
1212-2,1,103,salineros,354,389,5,2538,392,0,36,0,82,173,0,1,0,4,1,5,0
1212-2,1,104,salineros,354,389,5,2555,384,0,32,0,91,182,0,0,0,4,1,5,0
1212-2,1,105,salineros,354,389,5,2621,376,0,28,0,91,182,0,0,0,4,1,8,0
1212-2,1,106,salineros,354,389,5,2687,368,0,24,0,91,182,0,0,0,4,1,5,0
1212-2,1,107,salineros,355,394,5,2763,430,0,19,0,161,252,0,0,0,4,1,6,0
1212-2,1,108,salineros,355,392,5,2760,481,0,13,0,161,254,0,0,0,4,1,6,0
1212-2,1,109,salineros,355,394,5,2783,491,0,7,0,161,252,0,0,0,4,1,10,0
1212-2,1,110,salineros,355,394,5,2813,555,0,2,0,161,254,0,0,0,4,1,5,0
1212-2,1,111,salineros,375,451,6,2842,619,0,9,0,161,254,0,0,0,4,1,4,0
1212-2,1,112,salineros,375,453,6,2847,669,0,2,0,161,264,0,0,0,4,1,6,0
1212-2,1,113,salineros,383,453,6,2807,662,0,9,0,109,212,0,2,0,4,1,6,0
1212-2,1,114,salineros,383,454,6,2767,674,0,2,0,126,229,0,1,0,4,1,6,0
1212-2,1,115,salineros,383,454,6,2794,690,0,9,0,130,235,0,1,0,4,1,6,0
1212-2,1,116,salineros,383,454,6,2814,713,0,1,0,135,240,0,0,0,4,1,3,0
1212-2,1,117,salineros,383,454,6,2834,723,0,8,0,135,240,0,0,0,4,1,8,0
1212-2,1,118,salineros,383,454,6,2804,742,0,0,0,135,240,0,0,0,4,1,3,0
1212-2,1,119,salineros,383,454,6,2828,708,0,7,0,82,187,0,0,0,4,1,4,0
1212-2,1,120,salineros,383,454,6,2845,674,0,0,0,82,181,0,0,0,4,1,3,0
1212-2,1,121,salineros,391,454,6,2869,640,0,7,0,82,181,0,0,0,4,1,4,0
1212-2,1,122,salineros,391,454,6,2840,610,0,1,0,82,181,0,0,0,4,1,4,0
1212-2,1,123,salineros,391,454,6,2861,580,0,8,0,82,181,0,0,0,4,1,5,0
1212-2,1,124,salineros,391,454,6,2882,550,0,4,0,82,181,0,0,0,4,1,4,0
1212-2,1,125,salineros,391,454,6,2903,551,0,0,0,113,212,0,0,0,4,1,4,0
1212-2,1,126,salineros,391,454,6,2858,551,0,7,0,113,218,0,0,0,4,1,5,0
1212-2,1,127,salineros,391,454,6,2895,549,0,4,0,113,218,0,0,0,4,1,5,0
1212-2,1,128,salineros,391,454,6,2922,550,0,0,0,113,218,0,0,0,4,1,5,0
1212-2,1,129,salineros,392,458,6,2933,550,0,7,0,113,210,0,0,0,4,1,6,0
1212-2,1,130,salineros,391,454,6,2908,535,0,5,0,113,210,0,0,0,4,1,5,0
1212-2,1,131,salineros,392,456,6,2919,609,0,10,0,197,292,0,0,0,4,1,10,0
1212-2,1,132,salineros,392,458,6,2933,693,0,3,0,197,292,0,0,0,4,1,4,0
1212-2,1,133,salineros,393,462,6,2960,775,0,10,0,197,294,0,1,0,4,1,4,0
1212-2,1,134,salineros,394,466,6,2926,860,0,17,0,199,296,0,0,0,4,1,3,0
1212-2,1,135,salineros,395,470,6,2945,940,0,5,0,199,298,0,0,0,4,1,4,0
1212-2,1,136,salineros,403,474,6,2963,1009,0,11,0,199,298,0,0,0,4,1,8,0
1212-2,1,137,salineros,404,478,6,2995,1022,0,18,0,136,237,0,0,0,4,1,5,0
1212-2,1,138,salineros,405,482,6,2972,1036,0,3,0,136,243,0,0,0,4,1,4,0
1212-2,1,139,salineros,405,484,6,2973,1009,0,12,0,136,243,0,0,0,4,1,4,0
1212-2,1,140,salineros,405,484,6,2982,1021,0,0,0,136,245,0,0,0,4,1,4,0
1212-2,1,141,salineros,428,559,7,3018,1031,0,9,0,136,245,0,1,0,4,1,4,0
1212-2,1,142,salineros,429,563,7,3018,984,0,18,0,136,259,0,1,0,4,1,6,0
1212-2,1,143,salineros,428,559,7,2970,912,0,5,0,83,206,0,0,0,4,1,7,0
1212-2,1,144,salineros,446,609,8,3018,836,0,14,0,83,199,0,1,0,4,1,10,0
1212-2,1,145,salineros,446,609,8,3007,759,0,7,0,86,212,0,0,0,4,1,5,0
1212-2,1,146,salineros,454,609,8,2981,688,0,2,0,86,212,0,0,0,4,1,7,0
1212-2,1,147,salineros,454,609,8,3004,617,0,11,0,86,212,0,2,0,4,1,5,0
1212-2,1,148,salineros,454,609,8,2978,514,0,19,0,90,226,0,0,0,4,1,5,0
1212-2,1,149,salineros,454,609,8,3013,475,0,25,0,126,262,0,1,0,4,1,11,0
1212-2,1,150,salineros,470,649,9,3031,445,0,43,0,126,278,0,1,0,4,1,5,0
1212-2,1,151,salineros,478,649,9,3023,422,0,58,0,141,300,0,0,0,4,1,9,0
1212-2,1,152,salineros,478,649,9,3085,395,0,82,0,141,308,0,2,0,4,1,6,0
1212-2,1,153,salineros,478,649,9,3147,386,0,105,0,155,321,0,0,0,4,1,5,0
1212-2,1,154,salineros,478,649,9,3208,377,0,128,0,155,321,0,0,0,4,1,5,0
1212-2,1,155,salineros,480,655,9,3219,480,0,148,0,267,432,0,0,0,4,1,5,0
1212-2,1,156,salineros,481,661,9,3280,582,0,165,0,267,431,0,0,0,4,1,6,0
1212-2,1,157,salineros,482,665,9,3347,682,0,179,0,267,432,0,0,0,4,1,5,0
1212-2,1,158,salineros,482,669,9,3398,781,0,190,0,267,431,0,0,0,4,1,7,0
1212-2,1,159,salineros,484,677,9,3403,878,0,199,0,267,421,0,1,0,4,1,7,0
1212-2,1,160,salineros,484,677,9,3435,967,0,205,0,272,429,0,1,0,4,1,8,0
1212-2,1,161,salineros,485,681,9,3479,976,0,210,0,195,349,0,1,0,4,1,12,0
1212-2,1,162,salineros,485,683,9,3536,1000,0,213,0,204,351,0,1,0,4,1,6,0
1212-2,1,163,salineros,486,685,9,3543,1037,0,215,0,209,355,0,0,0,4,1,5,0
1212-2,1,164,salineros,494,687,9,3548,1076,0,217,0,212,359,0,0,0,4,1,5,0
1212-2,1,165,salineros,494,687,9,3605,1114,0,217,0,212,360,0,0,0,4,1,5,0
1212-2,1,166,salineros,494,687,9,3662,1139,0,215,0,212,359,0,0,0,4,1,9,0
1212-2,1,167,salineros,494,687,9,3723,1101,0,213,0,140,286,0,0,0,4,1,5,0
1212-2,1,168,salineros,494,687,9,3725,1067,0,212,0,140,272,0,0,0,4,1,5,0
1212-2,1,169,salineros,494,687,9,3782,1040,0,211,0,147,283,0,0,0,4,1,5,0
1212-2,1,170,salineros,494,687,9,3808,962,0,210,0,147,282,0,0,0,4,1,11,0
1212-2,1,171,salineros,494,687,9,3868,935,0,210,0,147,286,0,0,0,4,1,5,0
1212-2,1,172,salineros,517,722,10,3878,909,0,210,0,147,286,0,0,0,4,1,5,0
1212-2,1,173,salineros,517,723,10,3870,914,0,210,0,187,332,0,0,0,4,1,7,0
1212-2,1,174,salineros,517,724,10,3927,917,0,210,0,187,338,0,1,0,4,1,6,0
1212-2,1,175,salineros,518,725,10,3984,928,0,210,0,194,345,0,0,0,4,1,5,0
1212-2,1,176,salineros,518,726,10,4041,939,0,210,0,194,345,0,0,0,4,1,6,0
1212-2,1,177,salineros,518,727,10,4056,950,0,209,0,194,349,0,0,0,4,1,5,0
1212-2,1,178,salineros,518,729,10,4122,961,0,208,0,194,351,0,0,0,4,1,6,0
1212-2,1,179,salineros,519,731,10,4188,1101,0,204,0,324,481,0,0,0,4,1,5,0
1212-2,1,180,salineros,519,733,10,4252,1241,0,198,0,324,481,0,0,0,4,1,4,0
1212-2,1,181,salineros,520,739,10,4275,1369,0,187,0,324,481,0,0,0,4,1,10,0
1212-2,1,182,salineros,520,739,10,4319,1496,0,176,0,324,483,0,0,0,4,1,6,0
1212-2,1,183,salineros,521,743,10,4383,1622,0,160,0,324,483,0,0,0,4,1,10,0
1212-2,1,184,salineros,522,745,10,4448,1758,0,143,0,324,485,0,0,0,4,1,4,0
1212-2,1,185,salineros,522,747,10,4463,1797,0,126,0,228,389,0,0,0,4,1,4,0
1212-2,1,186,salineros,523,751,10,4538,1842,0,108,0,228,389,0,0,0,4,1,6,0
1212-2,1,187,salineros,522,749,10,4589,1870,0,89,0,228,391,0,0,0,4,1,5,0
1212-2,1,188,salineros,523,751,10,4658,1908,0,69,0,228,389,0,0,0,4,1,4,0
1212-2,1,189,salineros,531,751,10,4681,1946,0,49,0,228,391,0,0,0,4,1,5,0
1212-2,1,190,salineros,531,751,10,4719,1944,0,29,0,228,383,0,0,0,4,1,5,0
1212-2,1,191,salineros,531,751,10,4785,1908,0,9,0,154,309,0,0,0,4,1,5,0
1212-2,1,192,salineros,555,831,11,4827,1872,0,31,0,154,303,0,0,0,4,1,3,0
1212-2,1,193,salineros,555,831,11,4851,1808,0,13,0,146,311,0,0,0,4,1,5,0
1212-2,1,194,salineros,555,831,11,4842,1742,0,0,0,146,311,0,0,0,4,1,5,0
1212-2,1,195,salineros,556,835,11,4823,1660,0,24,0,130,295,0,1,0,4,1,6,0
1212-2,1,196,salineros,555,831,11,4853,1591,0,15,0,152,317,0,0,0,4,1,5,0
1212-2,1,197,salineros,555,831,11,4893,1573,0,5,0,204,368,0,0,0,4,1,8,0
1212-2,1,198,salineros,555,831,11,4861,1567,0,27,0,204,373,0,0,0,4,1,4,0
1212-2,1,199,salineros,555,831,11,4871,1515,0,15,0,204,377,0,0,0,4,1,5,0
1212-2,1,200,salineros,555,831,11,4919,1509,0,6,0,204,377,0,0,0,4,1,4,0
1212-3,1,1,arrieros,31,76,1,40,64,0,0,0,12,28,0,0,0,0,1,4,0
1212-3,1,2,arrieros,30,72,1,31,48,0,0,0,12,19,0,0,0,0,1,2,0
1212-3,1,3,arrieros,29,68,1,22,23,0,0,0,12,19,0,0,0,0,1,6,0
1212-3,1,4,arrieros,97,68,1,24,16,0,0,0,12,18,0,0,0,1,1,0,1
1212-3,1,5,arrieros,97,68,1,26,12,0,0,0,15,21,0,1,0,1,1,0,1
1212-3,1,6,arrieros,97,68,1,42,10,0,0,0,15,35,0,0,0,1,1,3,0
1212-3,1,7,arrieros,97,68,1,79,8,0,0,0,15,35,0,0,0,1,1,1,0
1212-3,1,8,arrieros,97,68,1,76,6,0,0,0,15,35,0,0,0,1,1,3,0
1212-3,1,9,arrieros,97,68,1,81,9,0,0,0,15,35,0,0,0,1,1,3,0
1212-3,1,10,arrieros,97,68,1,81,11,0,0,0,15,35,0,0,0,1,1,3,0
1212-3,1,11,arrieros,97,68,1,81,38,0,0,0,40,60,0,0,0,1,1,3,0
1212-3,1,12,arrieros,97,68,1,81,64,0,0,0,40,60,0,0,0,1,1,3,0
1212-3,1,13,arrieros,96,64,1,71,83,0,0,0,40,60,0,0,0,1,1,3,0
1212-3,1,14,arrieros,111,60,1,68,102,0,0,0,40,60,0,0,0,2,1,3,0
1212-3,1,15,arrieros,110,58,1,75,120,0,0,0,40,60,0,0,0,2,1,2,0
1212-3,1,16,arrieros,111,60,1,74,141,0,0,0,40,58,0,0,0,2,1,3,0
1212-3,1,17,arrieros,111,60,1,78,107,0,0,0,25,45,0,0,0,2,1,18,0
1212-3,1,18,arrieros,119,60,1,78,113,0,0,0,25,45,0,0,0,2,1,2,0
1212-3,1,19,arrieros,119,60,1,81,119,0,0,0,25,45,0,0,0,2,1,2,0
1212-3,1,20,arrieros,119,60,1,71,124,0,0,0,25,45,0,0,0,2,1,3,0
1212-3,1,21,arrieros,119,60,1,81,99,0,0,0,25,45,0,1,0,2,1,19,0
1212-3,1,22,arrieros,127,60,1,78,105,0,0,0,25,48,0,0,0,2,1,3,0
1212-3,1,23,arrieros,127,60,1,81,98,0,0,0,12,35,0,0,0,2,1,2,0
1212-3,1,24,arrieros,127,60,1,75,92,0,0,0,12,29,0,0,0,2,1,3,0
1212-3,1,25,arrieros,127,60,1,75,70,0,0,0,12,29,0,0,0,2,1,13,0
1212-3,1,26,arrieros,135,60,1,72,63,0,0,0,12,29,0,0,0,2,1,2,0
1212-3,1,27,arrieros,135,60,1,75,60,0,0,0,12,29,0,1,0,2,1,3,0
1212-3,1,28,arrieros,135,60,1,73,58,0,0,0,12,29,0,0,0,2,1,2,0
1212-3,1,29,arrieros,135,63,1,75,47,0,0,0,20,37,0,0,0,2,1,13,0
1212-3,1,30,arrieros,144,66,1,79,53,0,0,0,20,43,0,0,0,2,1,2,0
1212-3,1,31,arrieros,144,69,1,80,59,0,0,0,20,43,0,0,0,2,1,3,0
1212-3,1,32,arrieros,145,72,1,81,65,0,0,0,20,43,0,0,0,2,1,3,0
1212-3,1,33,arrieros,146,75,1,83,54,0,0,0,20,45,0,0,0,2,1,13,0
1212-3,1,34,arrieros,154,78,1,82,59,0,0,0,20,45,0,0,0,2,1,3,0
1212-3,1,35,arrieros,155,81,1,83,83,0,0,0,40,65,0,0,0,2,1,3,0
1212-3,1,36,arrieros,156,85,1,105,105,0,0,0,40,67,0,0,0,2,1,4,0
1212-3,1,37,arrieros,156,89,1,99,126,0,0,0,40,67,0,0,0,2,1,5,0
1212-3,1,38,arrieros,156,89,1,104,145,0,0,0,40,67,0,0,0,2,1,5,0
1212-3,1,39,arrieros,156,89,1,101,163,0,0,0,40,67,0,0,0,2,1,4,0
1212-3,1,40,arrieros,156,89,1,103,174,0,0,0,40,67,0,0,0,2,1,4,0
1212-3,1,41,arrieros,156,89,1,103,144,0,0,0,25,52,0,0,0,2,1,19,0
1212-3,1,42,arrieros,164,89,1,103,142,0,0,0,25,52,0,0,0,2,1,5,0
1212-3,1,43,arrieros,164,89,1,102,138,0,0,0,25,52,0,1,0,2,1,4,0
1212-3,1,44,arrieros,164,89,1,90,144,0,0,0,25,52,0,0,0,2,1,4,0
1212-3,1,45,arrieros,164,89,1,90,112,0,0,0,25,52,0,1,0,2,1,13,0
1212-3,1,46,arrieros,164,89,1,86,117,0,0,0,25,52,0,0,0,2,1,3,0
1212-3,1,47,arrieros,172,89,1,87,111,0,0,0,12,39,0,0,0,2,1,2,0
1212-3,1,48,arrieros,172,89,1,79,104,0,0,0,12,31,0,0,0,2,1,3,0
1212-3,1,49,arrieros,172,89,1,81,98,0,0,0,12,31,0,0,0,2,1,3,0
1212-3,1,50,arrieros,172,89,1,78,90,0,0,0,12,31,0,0,0,2,1,4,0
1212-3,1,51,arrieros,172,89,1,94,82,0,0,0,12,31,0,0,0,2,1,3,0
1212-3,1,52,arrieros,174,97,1,101,77,0,0,0,12,31,0,0,0,2,1,6,0
1212-3,1,53,arrieros,173,93,1,84,74,0,0,0,20,40,0,0,0,2,1,5,0
1212-3,1,54,arrieros,172,89,1,95,51,0,0,0,20,49,0,0,0,2,1,9,0
1212-3,1,55,arrieros,180,89,1,98,54,0,0,0,20,47,0,0,0,2,1,5,0
1212-3,1,56,arrieros,180,89,1,99,56,0,0,0,20,47,0,0,0,2,1,5,0
1212-3,1,57,arrieros,180,89,1,102,40,0,0,0,20,47,0,0,0,2,1,10,0
1212-3,1,58,arrieros,188,89,1,101,43,0,0,0,20,47,0,0,0,2,1,5,0
1212-3,1,59,arrieros,188,89,1,104,65,0,0,0,40,67,0,0,0,2,1,6,0
1212-3,1,60,arrieros,188,89,1,104,84,0,0,0,40,67,0,1,0,2,1,4,0
1212-3,1,61,arrieros,188,89,1,92,107,0,0,0,40,67,0,0,0,2,1,4,0
1212-3,1,62,arrieros,188,89,1,61,91,0,0,0,40,67,0,0,0,2,1,4,0
1212-3,1,63,arrieros,188,89,1,87,113,0,0,0,40,67,0,0,0,2,1,2,0
1212-3,1,64,arrieros,225,131,2,80,126,0,0,0,40,67,0,0,0,3,1,4,0
1212-3,1,65,arrieros,226,135,2,74,76,0,0,0,25,60,0,0,0,3,1,12,0
1212-3,1,66,arrieros,234,135,2,90,69,0,0,0,25,62,0,1,0,3,1,4,0
1212-3,1,67,arrieros,280,175,3,86,72,0,0,0,37,74,0,1,0,4,1,4,0
1212-3,1,68,arrieros,280,179,3,92,84,0,0,0,50,95,0,0,0,4,1,4,0
1212-3,1,69,arrieros,281,183,3,91,94,0,0,0,50,95,0,0,0,4,1,3,0
1212-3,1,70,arrieros,282,187,3,92,104,0,0,0,50,95,0,0,0,4,1,3,0
1212-3,1,71,arrieros,281,183,3,75,65,0,0,0,24,69,0,0,0,4,1,8,0
1212-3,1,72,arrieros,281,183,3,84,49,0,0,0,24,59,0,0,0,4,1,3,0
1212-3,1,73,arrieros,289,183,3,79,29,0,0,0,24,59,0,1,0,4,1,3,0
1212-3,1,74,arrieros,289,183,3,81,18,0,0,0,28,63,0,0,0,4,1,3,0
1212-3,1,75,arrieros,289,183,3,79,6,0,0,0,28,63,0,0,0,4,1,3,0
1212-3,1,76,arrieros,288,183,3,79,5,0,0,0,28,63,1,0,0,4,1,3,0
1212-3,1,77,arrieros,288,183,3,248,10,0,0,0,45,80,0,0,0,4,1,3,0
1212-3,1,78,arrieros,288,183,3,76,15,0,0,0,45,88,0,0,0,4,1,5,0
1212-3,1,79,arrieros,288,183,3,149,22,0,0,0,45,88,0,1,0,4,1,4,0
1212-3,1,80,arrieros,289,187,3,87,34,0,0,0,54,97,0,0,0,4,1,5,0
1212-3,1,81,arrieros,290,191,3,129,50,0,0,0,54,99,0,0,0,4,1,3,0
1212-3,1,82,arrieros,290,191,3,64,22,0,0,0,54,101,0,1,0,4,1,6,0
1212-3,1,83,arrieros,291,195,3,104,89,0,0,0,108,155,0,0,0,4,1,2,0
1212-3,1,84,arrieros,310,251,4,87,145,0,0,0,108,155,0,0,0,4,1,4,0
1212-3,1,85,arrieros,311,257,4,100,193,0,0,0,108,165,0,0,0,4,1,4,0
1212-3,1,86,arrieros,312,263,4,66,197,0,0,0,108,165,0,0,0,4,1,4,0
1212-3,1,87,arrieros,313,267,4,103,240,0,0,0,108,167,0,0,0,4,1,3,0
1212-3,1,88,arrieros,330,311,5,84,272,0,0,0,108,169,0,0,0,4,1,4,0
1212-3,1,89,arrieros,330,311,5,79,178,0,0,0,67,138,0,1,0,4,1,16,0
1212-3,1,90,arrieros,330,313,5,103,179,0,0,0,79,150,0,0,0,4,1,3,0
1212-3,1,91,arrieros,353,348,6,101,178,0,0,0,79,150,0,0,0,4,1,3,0
1212-3,1,92,arrieros,353,348,6,106,175,0,0,0,79,156,0,0,0,4,1,4,0
1212-3,1,93,arrieros,353,348,6,105,172,0,0,0,79,156,0,0,0,4,1,3,0
1212-3,1,94,arrieros,353,348,6,101,170,0,0,0,79,156,0,0,0,4,1,3,0
1212-3,1,95,arrieros,353,348,6,110,127,0,0,0,38,115,0,0,0,4,1,3,0
1212-3,1,96,arrieros,353,348,6,99,84,0,0,0,38,107,0,1,0,4,1,3,0
1212-3,1,97,arrieros,353,348,6,99,51,0,0,0,43,112,0,0,0,4,1,3,0
1212-3,1,98,arrieros,353,348,6,96,17,0,0,0,43,112,0,0,0,4,1,3,0
1212-3,1,99,arrieros,352,348,6,100,10,0,0,0,43,112,1,0,0,4,1,3,0
1212-3,1,100,arrieros,351,348,6,229,9,0,0,0,42,111,1,0,0,4,1,4,0
1212-3,1,101,arrieros,349,341,6,153,10,0,0,0,70,133,1,0,0,4,1,5,0
1212-3,1,102,arrieros,346,334,6,155,9,0,0,0,63,121,1,0,0,4,1,5,0
1212-3,1,103,arrieros,344,327,6,130,9,0,0,0,61,115,1,0,0,4,1,5,0
1212-3,1,104,arrieros,342,320,6,129,9,0,0,0,57,104,1,0,0,4,1,4,0
1212-3,1,105,arrieros,339,313,6,96,9,0,0,0,53,93,1,0,0,4,1,3,0
1212-3,1,106,arrieros,337,306,6,87,9,0,0,0,51,89,1,0,0,4,1,2,0
1212-3,1,107,arrieros,339,317,6,76,44,0,0,0,103,140,0,0,0,4,1,3,0
1212-3,1,108,arrieros,268,240,4,65,71,0,0,0,67,91,0,1,0,4,1,3,0
1212-3,1,109,arrieros,153,88,1,57,79,0,0,0,36,52,0,1,0,4,1,3,0
1212-3,1,110,arrieros,153,89,1,68,91,0,0,0,36,52,0,0,0,4,1,1,0
1212-3,1,111,arrieros,153,89,1,70,105,0,0,0,40,56,0,0,0,4,1,2,0
1212-3,1,112,arrieros,153,89,1,72,121,0,0,0,40,56,0,0,0,4,1,3,0
1212-3,1,113,arrieros,153,89,1,72,80,0,0,0,25,41,0,0,0,4,1,13,0
1212-3,1,114,arrieros,153,89,1,73,83,0,0,0,25,41,0,0,0,4,1,4,0
1212-3,1,115,arrieros,161,89,1,73,84,0,0,0,25,41,0,1,0,4,1,3,0
1212-3,1,116,arrieros,161,89,1,73,87,0,0,0,25,41,0,0,0,4,1,3,0
1212-3,1,117,arrieros,161,89,1,73,90,0,0,0,25,41,0,0,0,4,1,3,0
1212-3,1,118,arrieros,161,89,1,73,93,0,0,0,25,41,0,0,0,4,1,3,0
1212-3,1,119,arrieros,161,89,1,74,41,0,0,0,12,28,0,0,0,4,1,13,0
1212-3,1,120,arrieros,161,89,1,74,33,0,0,0,12,28,0,0,0,4,1,3,0
1212-3,1,121,arrieros,169,89,1,73,26,0,0,0,12,28,0,0,0,4,1,3,0
1212-3,1,122,arrieros,169,89,1,73,19,0,0,0,12,28,0,0,0,4,1,3,0
1212-3,1,123,arrieros,169,89,1,73,12,0,0,0,12,28,0,0,0,4,1,3,0
1212-3,1,124,arrieros,169,89,1,73,5,0,0,0,12,28,0,0,0,4,1,3,0
1212-3,1,125,arrieros,169,89,1,73,6,0,0,0,20,36,0,0,0,4,1,3,0
1212-3,1,126,arrieros,169,89,1,79,7,0,0,0,20,42,0,0,0,4,1,3,0
1212-3,1,127,arrieros,169,89,1,79,8,0,0,0,20,42,0,0,0,4,1,3,0
1212-3,1,128,arrieros,169,89,1,81,11,0,0,0,20,42,0,0,0,4,1,3,0
1212-3,1,129,arrieros,169,89,1,99,14,0,0,0,20,42,0,0,0,4,1,4,0
1212-3,1,130,arrieros,169,89,1,93,17,0,0,0,20,42,0,0,0,4,1,5,0
1212-3,1,131,arrieros,169,89,1,96,40,0,0,0,40,62,0,0,0,4,1,5,0
1212-3,1,132,arrieros,169,89,1,98,62,0,0,0,40,62,0,0,0,4,1,5,0
1212-3,1,133,arrieros,169,89,1,97,83,0,0,0,40,62,0,0,0,4,1,5,0
1212-3,1,134,arrieros,169,89,1,97,103,0,0,0,40,62,0,0,0,4,1,5,0
1212-3,1,135,arrieros,169,89,1,97,123,0,0,0,40,62,0,0,0,4,1,5,0
1212-3,1,136,arrieros,169,89,1,96,142,0,0,0,40,62,0,0,0,4,1,5,0
1212-3,1,137,arrieros,169,89,1,96,97,0,0,0,25,47,0,0,0,4,1,13,0
1212-3,1,138,arrieros,169,89,1,99,96,0,0,0,25,47,0,0,0,4,1,4,0
1212-3,1,139,arrieros,177,89,1,97,105,0,0,0,25,47,0,0,0,4,1,5,0
1212-3,1,140,arrieros,177,89,1,96,111,0,0,0,25,47,0,1,0,4,1,3,0
1212-3,1,141,arrieros,177,89,1,88,120,0,0,0,25,47,0,0,0,4,1,2,0
1212-3,1,142,arrieros,177,89,1,87,129,0,0,0,25,47,0,0,0,4,1,3,0
1212-3,1,143,arrieros,177,89,1,84,122,0,0,0,12,34,0,0,0,4,1,3,0
1212-3,1,144,arrieros,177,89,1,78,90,0,0,0,12,28,0,0,0,4,1,9,0
1212-3,1,145,arrieros,177,89,1,96,58,0,0,0,12,28,0,0,0,4,1,8,0
1212-3,1,146,arrieros,185,89,1,86,52,0,0,0,12,28,0,0,0,4,1,4,0
1212-3,1,147,arrieros,185,89,1,90,50,0,0,0,12,28,0,0,0,4,1,3,0
1212-3,1,148,arrieros,185,89,1,92,23,0,0,0,12,28,0,0,0,4,1,7,0
1212-3,1,149,arrieros,185,89,1,92,29,0,0,0,20,36,0,0,0,4,1,4,0
1212-3,1,150,arrieros,185,89,1,98,17,0,0,0,20,42,0,0,0,4,1,7,0
1212-3,1,151,arrieros,185,89,1,104,21,0,0,0,20,42,0,0,0,4,1,5,0
1212-3,1,152,arrieros,185,89,1,100,8,0,0,0,20,42,0,0,0,4,1,7,0
1212-3,1,153,arrieros,185,89,1,99,4,0,0,0,20,42,0,0,0,4,1,5,0
1212-3,1,154,arrieros,185,89,1,99,0,0,0,0,20,42,0,0,0,4,1,6,0
1212-3,1,155,arrieros,185,89,1,98,12,0,0,0,28,50,0,0,0,4,1,6,0
1212-3,1,156,arrieros,185,89,1,98,22,0,0,0,28,50,0,1,0,4,1,3,0
1212-3,1,157,arrieros,185,89,1,87,36,0,0,0,28,50,0,0,0,4,1,3,0
1212-3,1,158,arrieros,185,89,1,86,50,0,0,0,28,50,0,0,0,4,1,3,0
1212-3,1,159,arrieros,185,89,1,84,61,0,0,0,28,50,0,0,0,4,1,2,0
1212-3,1,160,arrieros,185,89,1,83,72,0,0,0,28,50,0,0,0,4,1,4,0
1212-3,1,161,arrieros,185,89,1,103,38,0,0,0,25,47,0,0,0,4,1,10,0
1212-3,1,162,arrieros,185,89,1,97,30,0,0,0,25,47,0,0,0,4,1,6,0
1212-3,1,163,arrieros,193,89,1,105,25,0,0,0,25,47,0,0,0,4,1,5,0
1212-3,1,164,arrieros,193,89,1,101,19,0,0,0,25,47,0,0,0,4,1,7,0
1212-3,1,165,arrieros,193,89,1,100,31,0,0,0,25,47,0,0,0,4,1,4,0
1212-3,1,166,arrieros,193,89,1,97,42,0,0,0,25,47,0,0,0,4,1,4,0
1212-3,1,167,arrieros,193,89,1,96,40,0,0,0,12,34,0,0,0,4,1,4,0
1212-3,1,168,arrieros,193,89,1,94,38,0,0,0,12,28,0,0,0,4,1,4,0
1212-3,1,169,arrieros,193,89,1,93,36,0,0,0,12,28,0,0,0,4,1,4,0
1212-3,1,170,arrieros,193,89,1,92,34,0,0,0,12,28,0,0,0,4,1,3,0
1212-3,1,171,arrieros,193,89,1,91,33,0,0,0,12,28,0,0,0,4,1,4,0
1212-3,1,172,arrieros,193,89,1,90,31,0,0,0,12,28,0,0,0,4,1,4,0
1212-3,1,173,arrieros,193,89,1,90,36,0,0,0,20,36,0,0,0,4,1,4,0
1212-3,1,174,arrieros,193,89,1,96,39,0,0,0,20,42,0,0,0,4,1,4,0
1212-3,1,175,arrieros,193,89,1,95,42,0,0,0,20,42,0,0,0,4,1,5,0
1212-3,1,176,arrieros,193,89,1,97,45,0,0,0,20,42,0,0,0,4,1,5,0
1212-3,1,177,arrieros,193,89,1,97,48,0,0,0,20,42,0,0,0,4,1,5,0
1212-3,1,178,arrieros,193,89,1,96,51,0,0,0,20,42,0,0,0,4,1,5,0
1212-3,1,179,arrieros,193,89,1,96,73,0,0,0,40,62,0,0,0,4,1,5,0
1212-3,1,180,arrieros,193,89,1,96,94,0,0,0,40,62,0,0,0,4,1,5,0
1212-3,1,181,arrieros,193,89,1,66,76,0,0,0,40,62,0,0,0,4,1,6,0
1212-3,1,182,arrieros,193,89,1,98,97,0,0,0,40,62,0,0,0,4,1,5,0
1212-3,1,183,arrieros,210,131,2,89,110,0,0,0,40,62,0,1,0,4,1,3,0
1212-3,1,184,arrieros,210,133,2,44,84,0,0,0,40,64,0,0,0,4,1,4,0
1212-3,1,185,arrieros,210,133,2,56,80,0,0,0,25,49,0,1,0,4,1,2,0
1212-3,1,186,arrieros,224,163,3,69,77,0,0,0,35,59,0,1,0,4,1,1,0
1212-3,1,187,arrieros,225,166,3,70,79,0,0,0,45,71,0,0,0,4,1,5,0
1212-3,1,188,arrieros,225,169,3,76,82,0,0,0,45,74,0,0,0,4,1,3,0
1212-3,1,189,arrieros,226,172,3,76,84,0,0,0,45,74,0,0,0,4,1,3,0
1212-3,1,190,arrieros,227,175,3,79,71,0,0,0,45,76,0,0,0,4,1,4,0
1212-3,1,191,arrieros,227,175,3,71,36,0,0,0,22,53,0,0,0,4,1,5,0
1212-3,1,192,arrieros,227,175,3,76,2,0,0,0,22,49,0,0,0,4,1,5,0
1212-3,1,193,arrieros,226,175,3,74,3,0,0,0,22,49,1,1,0,4,1,3,0
1212-3,1,194,arrieros,225,175,3,282,4,0,0,0,27,54,1,0,0,4,1,4,0
1212-3,1,195,arrieros,223,171,3,199,3,0,0,0,27,54,1,0,0,4,1,7,0
1212-3,1,196,arrieros,221,167,3,158,12,0,0,0,27,54,1,0,0,4,1,3,0
1212-3,1,197,arrieros,221,167,3,107,9,0,0,0,38,65,0,0,0,4,1,4,0
1212-3,1,198,arrieros,221,167,3,127,15,0,0,0,38,71,0,0,0,4,1,3,0
1212-3,1,199,arrieros,221,167,3,96,7,0,0,0,38,71,0,1,0,4,1,6,0
1212-3,1,200,arrieros,221,167,3,97,6,0,0,0,39,72,0,0,0,4,1,3,0
1212-3,1,1,canteros,39,116,1,88,53,0,0,0,15,45,0,0,0,0,1,4,0
1212-3,1,2,canteros,39,116,1,95,36,0,0,0,15,31,0,0,0,0,1,0,1
1212-3,1,3,canteros,39,116,1,102,20,0,0,0,15,31,0,1,0,0,1,0,1
1212-3,1,4,canteros,39,116,1,75,6,0,0,0,15,39,0,0,0,0,1,4,0
1212-3,1,5,canteros,39,116,1,89,8,0,0,0,24,48,0,0,0,0,1,2,0
1212-3,1,6,canteros,39,116,1,96,6,0,0,0,24,59,0,0,0,0,1,3,0
1212-3,1,7,canteros,39,116,1,93,5,0,0,0,24,59,0,0,0,0,1,3,0
1212-3,1,8,canteros,39,116,1,100,4,0,0,0,24,59,0,0,0,0,1,3,0
1212-3,1,9,canteros,38,116,1,99,4,0,0,0,24,59,1,0,0,0,1,3,0
1212-3,1,10,canteros,37,116,1,100,4,0,0,0,24,59,1,0,0,0,1,3,0
1212-3,1,11,canteros,37,116,1,101,27,0,0,0,48,83,0,0,0,0,1,3,0
1212-3,1,12,canteros,37,116,1,102,49,0,0,0,48,83,0,0,0,0,1,3,0
1212-3,1,13,canteros,37,116,1,104,70,0,0,0,48,83,0,0,0,0,1,3,0
1212-3,1,14,canteros,36,112,1,87,80,0,0,0,48,83,0,0,0,0,1,4,0
1212-3,1,15,canteros,50,108,1,81,91,0,0,0,48,83,0,0,0,1,1,4,0
1212-3,1,16,canteros,50,108,1,95,112,0,0,0,48,81,0,0,0,1,1,2,0
1212-3,1,17,canteros,50,108,1,90,101,0,0,0,30,63,0,0,0,1,1,8,0
1212-3,1,18,canteros,50,108,1,95,107,0,0,0,30,62,0,0,0,1,1,2,0
1212-3,1,19,canteros,68,108,1,92,113,0,0,0,30,62,0,0,0,2,1,3,0
1212-3,1,20,canteros,68,108,1,96,119,0,0,0,30,62,0,0,0,2,1,2,0
1212-3,1,21,canteros,68,108,1,92,125,0,0,0,30,62,0,0,0,2,1,3,0
1212-3,1,22,canteros,68,108,1,98,130,0,0,0,30,62,0,0,0,2,1,2,0
1212-3,1,23,canteros,68,108,1,95,108,0,0,0,15,47,0,0,0,2,1,7,0
1212-3,1,24,canteros,68,108,1,88,102,0,0,0,15,37,0,0,0,2,1,2,0
1212-3,1,25,canteros,76,108,1,87,95,0,0,0,15,37,0,0,0,2,1,2,0
1212-3,1,26,canteros,76,108,1,83,86,0,0,0,15,37,0,0,0,2,1,2,0
1212-3,1,27,canteros,76,108,1,83,78,0,0,0,15,37,0,0,0,2,1,2,0
1212-3,1,28,canteros,76,108,1,82,69,0,0,0,15,37,0,0,0,2,1,2,0
1212-3,1,29,canteros,76,108,1,83,60,0,0,0,24,46,0,0,0,2,1,7,0
1212-3,1,30,canteros,76,108,1,93,60,0,0,0,24,56,0,0,0,2,1,2,0
1212-3,1,31,canteros,84,108,1,95,60,0,0,0,24,56,0,0,0,2,1,2,0
1212-3,1,32,canteros,84,108,1,99,62,0,0,0,24,56,0,0,0,2,1,2,0
1212-3,1,33,canteros,84,108,1,103,64,0,0,0,24,56,0,0,0,2,1,2,0
1212-3,1,34,canteros,84,108,1,92,66,0,0,0,24,56,0,0,0,2,1,4,0
1212-3,1,35,canteros,84,108,1,156,88,0,0,0,48,79,0,0,0,2,1,3,0
1212-3,1,36,canteros,84,108,1,26,109,0,0,0,48,79,0,0,0,2,1,5,0
1212-3,1,37,canteros,84,108,1,121,127,0,0,0,48,79,0,0,0,2,1,1,0
1212-3,1,38,canteros,84,108,1,84,141,0,0,0,48,79,0,0,0,2,1,4,0
1212-3,1,39,canteros,84,108,1,117,158,0,0,0,48,79,0,0,0,2,1,3,0
1212-3,1,40,canteros,84,108,1,113,174,0,0,0,48,79,0,0,0,2,1,3,0
1212-3,1,41,canteros,84,108,1,94,160,0,0,0,30,61,0,0,0,2,1,7,0
1212-3,1,42,canteros,92,108,1,97,155,0,0,0,30,61,0,0,0,2,1,2,0
1212-3,1,43,canteros,92,108,1,89,157,0,0,0,30,61,0,0,0,2,1,3,0
1212-3,1,44,canteros,92,108,1,94,159,0,0,0,30,61,0,0,0,2,1,2,0
1212-3,1,45,canteros,92,108,1,97,151,0,0,0,30,61,0,0,0,2,1,7,0
1212-3,1,46,canteros,92,108,1,94,153,0,0,0,30,61,0,0,0,2,1,3,0
1212-3,1,47,canteros,100,108,1,101,141,0,0,0,15,46,0,0,0,2,1,2,0
1212-3,1,48,canteros,100,108,1,84,129,0,0,0,15,36,0,0,0,2,1,3,0
1212-3,1,49,canteros,100,108,1,83,118,0,0,0,15,36,0,0,0,2,1,2,0
1212-3,1,50,canteros,100,108,1,83,105,0,0,0,15,36,0,0,0,2,1,2,0
1212-3,1,51,canteros,100,108,1,82,93,0,0,0,15,36,0,0,0,2,1,2,0
1212-3,1,52,canteros,100,108,1,81,81,0,0,0,15,35,0,0,0,2,1,2,0
1212-3,1,53,canteros,100,108,1,84,78,0,0,0,24,44,0,0,0,2,1,2,0
1212-3,1,54,canteros,100,108,1,90,75,0,0,0,24,54,0,0,0,2,1,3,0
1212-3,1,55,canteros,100,108,1,91,72,0,0,0,24,54,0,0,0,2,1,3,0
1212-3,1,56,canteros,101,112,1,104,70,0,0,0,24,54,0,0,0,2,1,4,0
1212-3,1,57,canteros,100,108,1,79,56,0,0,0,24,56,0,0,0,2,1,4,0
1212-3,1,58,canteros,100,108,1,90,53,0,0,0,24,54,0,0,0,2,1,2,0
1212-3,1,59,canteros,100,108,1,91,74,0,0,0,48,78,0,0,0,2,1,3,0
1212-3,1,60,canteros,100,108,1,96,94,0,0,0,48,78,0,0,0,2,1,3,0
1212-3,1,61,canteros,100,108,1,88,113,0,0,0,48,78,0,0,0,2,1,3,0
1212-3,1,62,canteros,100,108,1,99,131,0,0,0,48,78,0,0,0,2,1,3,0
1212-3,1,63,canteros,100,108,1,88,148,0,0,0,48,78,0,0,0,2,1,3,0
1212-3,1,64,canteros,100,108,1,99,165,0,0,0,48,78,0,0,0,2,1,3,0
1212-3,1,65,canteros,100,108,1,88,151,0,0,0,30,60,0,0,0,2,1,8,0
1212-3,1,66,canteros,100,108,1,96,153,0,0,0,30,60,0,0,0,2,1,2,0
1212-3,1,67,canteros,108,108,1,92,154,0,0,0,30,60,0,0,0,2,1,3,0
1212-3,1,68,canteros,108,108,1,99,156,0,0,0,30,60,0,0,0,2,1,2,0
1212-3,1,69,canteros,108,108,1,98,158,0,0,0,30,60,0,0,0,2,1,3,0
1212-3,1,70,canteros,108,108,1,91,160,0,0,0,30,60,0,0,0,2,1,3,0
1212-3,1,71,canteros,108,108,1,96,148,0,0,0,15,45,0,0,0,2,1,2,0
1212-3,1,72,canteros,108,108,1,83,136,0,0,0,15,35,0,0,0,2,1,3,0
1212-3,1,73,canteros,108,108,1,85,125,0,0,0,15,35,0,0,0,2,1,2,0
1212-3,1,74,canteros,108,108,1,80,112,0,0,0,15,35,0,0,0,2,1,2,0
1212-3,1,75,canteros,109,112,1,96,102,0,0,0,15,35,0,0,0,2,1,3,0
1212-3,1,76,canteros,108,108,1,62,78,0,0,0,15,36,0,0,0,2,1,4,0
1212-3,1,77,canteros,108,108,1,87,67,0,0,0,24,44,0,0,0,2,1,6,0
1212-3,1,78,canteros,108,108,1,88,60,0,0,0,24,54,0,0,0,2,1,3,0
1212-3,1,79,canteros,116,108,1,91,57,0,0,0,24,54,0,0,0,2,1,3,0
1212-3,1,80,canteros,116,108,1,91,54,0,0,0,24,54,0,0,0,2,1,3,0
1212-3,1,81,canteros,116,108,1,94,52,0,0,0,24,54,0,0,0,2,1,3,0
1212-3,1,82,canteros,116,108,1,91,50,0,0,0,24,54,0,0,0,2,1,3,0
1212-3,1,83,canteros,116,108,1,94,71,0,0,0,48,78,0,0,0,2,1,3,0
1212-3,1,84,canteros,116,108,1,92,91,0,0,0,48,78,0,0,0,2,1,3,0
1212-3,1,85,canteros,116,108,1,95,110,0,0,0,48,78,0,0,0,2,1,3,0
1212-3,1,86,canteros,116,108,1,92,128,0,0,0,48,78,0,0,0,2,1,3,0
1212-3,1,87,canteros,117,112,1,95,147,0,0,0,48,78,0,0,0,2,1,4,0
1212-3,1,88,canteros,116,108,1,75,153,0,0,0,48,80,0,0,0,2,1,4,0
1212-3,1,89,canteros,116,108,1,91,139,0,0,0,30,60,0,0,0,2,1,7,0
1212-3,1,90,canteros,116,108,1,91,138,0,0,0,30,60,0,0,0,2,1,2,0
1212-3,1,91,canteros,124,108,1,95,141,0,0,0,30,60,0,0,0,2,1,2,0
1212-3,1,92,canteros,124,108,1,93,144,0,0,0,30,60,0,0,0,2,1,3,0
1212-3,1,93,canteros,124,108,1,97,147,0,0,0,30,60,0,0,0,2,1,2,0
1212-3,1,94,canteros,124,108,1,94,150,0,0,0,30,60,0,0,0,2,1,3,0
1212-3,1,95,canteros,124,108,1,98,138,0,0,0,15,45,0,0,0,2,1,2,0
1212-3,1,96,canteros,124,108,1,88,127,0,0,0,15,35,0,0,0,2,1,3,0
1212-3,1,97,canteros,124,108,1,83,116,0,0,0,15,35,0,0,0,2,1,2,0
1212-3,1,98,canteros,124,108,1,84,104,0,0,0,15,35,0,0,0,2,1,2,0
1212-3,1,99,canteros,125,112,1,94,93,0,0,0,15,35,0,0,0,2,1,3,0
1212-3,1,100,canteros,124,108,1,66,71,0,0,0,15,36,0,0,0,2,1,3,0
1212-3,1,101,canteros,124,108,1,83,60,0,0,0,24,44,0,0,0,2,1,7,0
1212-3,1,102,canteros,124,108,1,86,54,0,0,0,24,54,0,0,0,2,1,3,0
1212-3,1,103,canteros,132,108,1,92,52,0,0,0,24,54,0,0,0,2,1,3,0
1212-3,1,104,canteros,132,108,1,93,50,0,0,0,24,54,0,0,0,2,1,3,0
1212-3,1,105,canteros,132,108,1,90,48,0,0,0,24,54,0,0,0,2,1,3,0
1212-3,1,106,canteros,292,108,1,91,46,0,0,0,24,54,0,1,1,3,1,3,0
1212-3,1,107,canteros,292,108,1,95,69,0,0,0,48,78,0,0,0,3,1,4,0
1212-3,1,108,canteros,292,108,1,94,86,0,0,0,43,73,0,0,0,3,1,3,0
1212-3,1,109,canteros,292,108,1,100,102,0,0,0,43,73,0,0,0,3,1,3,0
1212-3,1,110,canteros,292,108,1,98,118,0,0,0,43,73,0,0,0,3,1,3,0
1212-3,1,111,canteros,293,112,1,108,134,0,0,0,43,73,0,0,0,3,1,4,0
1212-3,1,112,canteros,292,108,1,89,138,0,0,0,43,75,0,0,0,3,1,4,0
1212-3,1,113,canteros,292,108,1,94,124,0,0,0,27,57,0,0,0,3,1,7,0
1212-3,1,114,canteros,292,108,1,97,127,0,0,0,27,57,0,0,0,3,1,2,0
1212-3,1,115,canteros,300,108,1,94,129,0,0,0,27,57,0,0,0,3,1,3,0
1212-3,1,116,canteros,300,108,1,97,131,0,0,0,27,57,0,0,0,3,1,2,0
1212-3,1,117,canteros,300,108,1,96,133,0,0,0,27,57,0,0,0,3,1,3,0
1212-3,1,118,canteros,300,108,1,96,135,0,0,0,27,57,0,0,0,3,1,3,0
1212-3,1,119,canteros,300,108,1,95,124,0,0,0,13,43,0,0,0,3,1,3,0
1212-3,1,120,canteros,300,108,1,84,113,0,0,0,13,33,0,0,0,3,1,3,0
1212-3,1,121,canteros,300,108,1,86,103,0,0,0,13,33,0,0,0,3,1,2,0
1212-3,1,122,canteros,300,108,1,81,91,0,0,0,13,33,0,0,0,3,1,2,0
1212-3,1,123,canteros,301,112,1,91,81,0,0,0,13,33,0,0,0,3,1,3,0
1212-3,1,124,canteros,300,108,1,65,59,0,0,0,13,34,0,0,0,3,1,3,0
1212-3,1,125,canteros,300,108,1,84,58,0,0,0,21,41,0,0,0,3,1,2,0
1212-3,1,126,canteros,300,108,1,87,51,0,0,0,21,51,0,0,0,3,1,3,0
1212-3,1,127,canteros,300,108,1,94,48,0,0,0,21,51,0,0,0,3,1,3,0
1212-3,1,128,canteros,300,108,1,96,45,0,0,0,21,51,0,0,0,3,1,3,0
1212-3,1,129,canteros,300,108,1,93,42,0,0,0,21,51,0,0,0,3,1,3,0
1212-3,1,130,canteros,300,108,1,98,39,0,0,0,21,51,0,0,0,3,1,3,0
1212-3,1,131,canteros,300,108,1,101,57,0,0,0,43,73,0,0,0,3,1,2,0
1212-3,1,132,canteros,300,108,1,105,78,0,0,0,43,73,0,0,0,3,1,2,0
1212-3,1,133,canteros,300,108,1,108,98,0,0,0,43,73,0,0,0,3,1,2,0
1212-3,1,134,canteros,300,108,1,114,117,0,0,0,43,73,0,0,0,3,1,2,0
1212-3,1,135,canteros,300,108,1,119,135,0,0,0,43,73,0,0,0,3,1,2,0
1212-3,1,136,canteros,300,108,1,97,152,0,0,0,43,73,0,0,0,3,1,3,0
1212-3,1,137,canteros,300,108,1,119,140,0,0,0,27,57,0,0,0,3,1,7,0
1212-3,1,138,canteros,300,108,1,113,144,0,0,0,27,57,0,0,0,3,1,2,0
1212-3,1,139,canteros,308,108,1,107,149,0,0,0,27,57,0,0,0,3,1,2,0
1212-3,1,140,canteros,308,108,1,105,154,0,0,0,27,57,0,0,0,3,1,2,0
1212-3,1,141,canteros,308,108,1,110,158,0,0,0,27,57,0,0,0,3,1,2,0
1212-3,1,142,canteros,308,108,1,127,160,0,0,0,27,57,0,0,0,3,1,3,0
1212-3,1,143,canteros,308,108,1,168,145,0,0,0,13,43,0,0,0,3,1,2,0
1212-3,1,144,canteros,308,108,1,156,128,0,0,0,13,33,0,0,0,3,1,3,0
1212-3,1,145,canteros,308,108,1,164,117,0,0,0,13,33,0,0,0,3,1,3,0
1212-3,1,146,canteros,308,108,1,160,106,0,0,0,13,33,0,0,0,3,1,2,0
1212-3,1,147,canteros,309,112,1,165,100,0,0,0,13,33,0,0,0,3,1,4,0
1212-3,1,148,canteros,308,108,1,156,79,0,0,0,13,34,0,0,0,3,1,4,0
1212-3,1,149,canteros,308,108,1,115,67,0,0,0,21,41,0,0,0,3,1,8,0
1212-3,1,150,canteros,308,108,1,156,66,0,0,0,21,51,0,0,0,3,1,4,0
1212-3,1,151,canteros,316,108,1,151,62,0,0,0,21,51,0,0,0,3,1,4,0
1212-3,1,152,canteros,316,108,1,166,61,0,0,0,21,51,0,0,0,3,1,4,0
1212-3,1,153,canteros,316,108,1,186,57,0,0,0,21,51,0,0,0,3,1,3,0
1212-3,1,154,canteros,316,108,1,201,56,0,0,0,21,51,0,0,0,3,1,4,0
1212-3,1,155,canteros,316,108,1,221,74,0,0,0,43,73,0,0,0,3,1,3,0
1212-3,1,156,canteros,316,108,1,239,94,0,0,0,43,73,0,0,0,3,1,4,0
1212-3,1,157,canteros,316,108,1,260,110,0,0,0,43,73,0,0,0,3,1,3,0
1212-3,1,158,canteros,316,108,1,277,128,0,0,0,43,73,0,0,0,3,1,4,0
1212-3,1,159,canteros,317,112,1,308,144,0,0,0,43,73,0,0,0,3,1,4,0
1212-3,1,160,canteros,316,108,1,306,151,0,0,0,43,75,0,0,0,3,1,5,0
1212-3,1,161,canteros,316,108,1,365,136,0,0,0,27,57,0,0,0,3,1,7,0
1212-3,1,162,canteros,316,108,1,371,141,0,0,0,27,57,0,0,0,3,1,3,0
1212-3,1,163,canteros,324,108,1,388,143,0,0,0,27,57,0,0,0,3,1,3,0
1212-3,1,164,canteros,324,108,1,397,145,0,0,0,27,57,0,0,0,3,1,2,0
1212-3,1,165,canteros,324,108,1,406,150,0,0,0,27,57,0,0,0,3,1,3,0
1212-3,1,166,canteros,324,108,1,425,151,0,0,0,27,57,0,0,0,3,1,3,0
1212-3,1,167,canteros,324,108,1,432,139,0,0,0,13,43,0,0,0,3,1,2,0
1212-3,1,168,canteros,324,108,1,428,130,0,0,0,13,33,0,0,0,3,1,3,0
1212-3,1,169,canteros,324,108,1,436,119,0,0,0,13,33,0,0,0,3,1,3,0
1212-3,1,170,canteros,324,108,1,435,108,0,0,0,13,33,0,0,0,3,1,2,0
1212-3,1,171,canteros,325,112,1,444,102,0,0,0,13,33,0,0,0,3,1,4,0
1212-3,1,172,canteros,324,108,1,434,81,0,0,0,13,34,0,0,0,3,1,4,0
1212-3,1,173,canteros,324,108,1,392,68,0,0,0,21,41,0,0,0,3,1,8,0
1212-3,1,174,canteros,324,108,1,407,67,0,0,0,21,51,0,0,0,3,1,4,0
1212-3,1,175,canteros,324,108,1,427,63,0,0,0,21,51,0,0,0,3,1,3,0
1212-3,1,176,canteros,324,108,1,442,62,0,0,0,21,51,0,0,0,3,1,4,0
1212-3,1,177,canteros,332,108,1,463,58,0,0,0,21,51,0,0,0,3,1,3,0
1212-3,1,178,canteros,332,108,1,480,63,0,0,0,27,57,0,0,0,3,1,4,0
1212-3,1,179,canteros,332,108,1,501,91,0,0,0,54,84,0,0,0,3,1,3,0
1212-3,1,180,canteros,332,108,1,517,121,0,0,0,54,84,0,0,0,3,1,4,0
1212-3,1,181,canteros,332,108,1,537,147,0,0,0,54,84,0,0,0,3,1,3,0
1212-3,1,182,canteros,332,108,1,552,175,0,0,0,54,84,0,0,0,3,1,4,0
1212-3,1,183,canteros,332,108,1,601,198,0,0,0,54,84,0,0,0,3,1,2,0
1212-3,1,184,canteros,332,108,1,625,206,0,0,0,43,73,0,0,0,3,1,3,0
1212-3,1,185,canteros,333,112,1,730,199,0,0,0,27,57,0,0,0,3,1,2,0
1212-3,1,186,canteros,332,108,1,706,143,0,0,0,27,59,0,0,0,3,1,4,0
1212-3,1,187,canteros,332,108,1,659,125,0,0,0,27,57,0,0,0,3,1,8,0
1212-3,1,188,canteros,366,138,2,665,130,0,0,0,27,57,0,0,0,4,1,3,0
1212-3,1,189,canteros,366,138,2,665,126,0,0,0,27,63,0,0,0,4,1,4,0
1212-3,1,190,canteros,366,138,2,660,120,0,0,0,27,63,0,1,0,4,1,4,0
1212-3,1,191,canteros,374,138,2,656,104,0,0,0,15,51,0,0,0,4,1,4,0
1212-3,1,192,canteros,374,138,2,653,86,0,0,0,15,41,0,0,0,4,1,4,0
1212-3,1,193,canteros,374,138,2,623,69,0,0,0,15,41,0,0,0,4,1,3,0
1212-3,1,194,canteros,374,138,2,607,54,0,0,0,15,41,0,0,0,4,1,5,0
1212-3,1,195,canteros,374,138,2,603,36,0,0,0,15,41,0,1,0,4,1,4,0
1212-3,1,196,canteros,374,138,2,577,21,0,0,0,15,45,0,0,0,4,1,3,0
1212-3,1,197,canteros,374,138,2,510,16,0,0,0,24,54,0,1,0,4,1,4,0
1212-3,1,198,canteros,374,138,2,514,10,0,0,0,24,70,0,0,0,4,1,5,0
1212-3,1,199,canteros,374,138,2,539,1,0,0,0,24,70,0,0,0,4,1,4,0
1212-3,1,200,canteros,374,142,2,573,5,0,0,0,24,70,1,0,0,4,1,5,0
1212-3,1,1,ferrones,25,46,1,65,62,0,0,0,6,16,0,0,0,0,1,4,0
1212-3,1,2,ferrones,24,42,1,45,44,0,0,0,6,10,0,0,0,0,1,2,0
1212-3,1,3,ferrones,23,38,1,25,14,0,0,0,6,10,0,0,0,0,1,6,0
1212-3,1,4,ferrones,23,38,1,24,9,0,0,0,6,9,0,0,0,0,1,0,1
1212-3,1,5,ferrones,23,38,1,23,7,0,0,0,9,12,0,1,0,0,1,0,1
1212-3,1,6,ferrones,41,38,1,33,7,0,0,0,9,23,0,0,0,1,1,1,0
1212-3,1,7,ferrones,41,38,1,43,7,0,0,0,9,23,0,0,0,1,1,0,1
1212-3,1,8,ferrones,41,38,1,53,7,0,0,0,9,23,0,0,0,1,1,0,1
1212-3,1,9,ferrones,41,38,1,63,7,0,0,0,9,23,0,0,0,1,1,0,1
1212-3,1,10,ferrones,41,38,1,73,7,0,0,0,9,23,0,0,0,1,1,0,1
1212-3,1,11,ferrones,41,38,1,74,17,0,0,0,19,33,0,0,0,1,1,2,0
1212-3,1,12,ferrones,41,38,1,72,26,0,0,0,19,33,0,0,0,1,1,3,0
1212-3,1,13,ferrones,41,39,1,76,36,0,0,0,19,33,0,0,0,1,1,2,0
1212-3,1,14,ferrones,43,45,1,84,46,0,0,0,19,33,0,0,0,1,1,4,0
1212-3,1,15,ferrones,42,43,1,55,44,0,0,0,19,35,0,0,0,1,1,4,0
1212-3,1,16,ferrones,42,40,1,43,45,0,0,0,19,35,0,0,0,1,1,2,0
1212-3,1,17,ferrones,42,42,1,55,31,0,0,0,12,28,0,1,0,1,1,5,0
1212-3,1,18,ferrones,42,44,1,67,32,0,0,0,12,32,0,0,0,1,1,0,1
1212-3,1,19,ferrones,51,46,1,73,32,0,0,0,12,32,0,0,0,1,1,2,0
1212-3,1,20,ferrones,51,48,1,77,32,0,0,0,12,32,0,0,0,1,1,2,0
1212-3,1,21,ferrones,52,50,1,77,31,0,0,0,12,32,0,0,0,1,1,3,0
1212-3,1,22,ferrones,52,50,1,80,31,0,0,0,12,34,0,0,0,1,1,3,0
1212-3,1,23,ferrones,52,50,1,79,25,0,0,0,6,28,0,0,0,1,1,2,0
1212-3,1,24,ferrones,52,50,1,74,19,0,0,0,6,23,0,0,0,1,1,3,0
1212-3,1,25,ferrones,52,50,1,78,15,0,0,0,6,23,0,0,0,1,1,2,0
1212-3,1,26,ferrones,52,50,1,75,11,0,0,0,6,23,0,0,0,1,1,2,0
1212-3,1,27,ferrones,52,50,1,73,8,0,0,0,6,23,0,0,0,1,1,2,0
1212-3,1,28,ferrones,52,50,1,76,5,0,0,0,6,23,0,0,0,1,1,2,0
1212-3,1,29,ferrones,52,54,1,84,4,0,0,0,9,26,0,0,0,1,1,4,0
1212-3,1,30,ferrones,52,54,1,78,1,0,0,0,9,31,0,0,0,1,1,3,0
1212-3,1,31,ferrones,51,54,1,84,1,0,0,0,9,31,1,0,0,1,1,3,0
1212-3,1,32,ferrones,50,54,1,78,1,0,0,0,9,31,1,0,0,1,1,3,0
1212-3,1,33,ferrones,49,53,1,84,1,0,0,0,9,31,1,0,0,1,1,3,0
1212-3,1,34,ferrones,48,52,1,78,1,0,0,0,9,31,1,0,0,1,1,3,0
1212-3,1,35,ferrones,48,52,1,84,8,0,0,0,19,41,0,0,0,1,1,3,0
1212-3,1,36,ferrones,48,52,1,78,15,0,0,0,19,41,0,0,0,1,1,3,0
1212-3,1,37,ferrones,48,52,1,84,22,0,0,0,19,41,0,0,0,1,1,3,0
1212-3,1,38,ferrones,48,52,1,78,28,0,0,0,19,41,0,0,0,1,1,3,0
1212-3,1,39,ferrones,48,54,1,84,34,0,0,0,19,41,0,0,0,1,1,3,0
1212-3,1,40,ferrones,49,56,1,71,40,0,0,0,19,41,0,0,0,1,1,3,0
1212-3,1,41,ferrones,49,56,1,81,39,0,0,0,12,34,0,1,0,1,1,3,0
1212-3,1,42,ferrones,48,52,1,28,28,0,0,0,12,34,0,0,0,1,1,3,0
1212-3,1,43,ferrones,48,52,1,47,28,0,0,0,12,34,0,0,0,1,1,1,0
1212-3,1,44,ferrones,48,52,1,61,24,0,0,0,12,34,0,0,0,1,1,0,1
1212-3,1,45,ferrones,48,52,1,75,21,0,0,0,12,34,0,1,0,1,1,0,1
1212-3,1,46,ferrones,48,52,1,74,20,0,0,5,12,39,0,0,0,1,1,2,0
1212-3,1,47,ferrones,48,52,1,82,16,0,0,9,6,32,0,0,0,1,1,2,0
1212-3,1,48,ferrones,48,52,1,73,11,0,0,13,6,27,0,0,0,1,1,2,0
1212-3,1,49,ferrones,48,52,1,77,8,0,0,17,6,27,0,0,0,1,1,2,0
1212-3,1,50,ferrones,48,52,1,73,3,0,0,21,6,27,0,0,0,1,1,2,0
1212-3,1,51,ferrones,47,52,1,76,3,0,0,17,6,27,1,0,0,1,1,3,0
1212-3,1,52,ferrones,46,52,1,72,2,0,0,21,6,29,1,0,0,1,1,2,0
1212-3,1,53,ferrones,45,51,1,75,3,0,0,17,10,33,1,0,0,1,1,3,0
1212-3,1,54,ferrones,45,51,1,76,4,0,0,20,11,39,0,0,0,1,1,2,0
1212-3,1,55,ferrones,70,51,1,79,6,0,0,15,11,39,0,0,0,1,1,3,0
1212-3,1,56,ferrones,70,51,1,82,9,0,0,17,12,41,0,0,0,1,1,2,0
1212-3,1,57,ferrones,70,51,1,80,12,0,0,19,12,41,0,0,0,1,1,2,0
1212-3,1,58,ferrones,70,51,1,81,16,0,0,21,12,41,0,0,0,1,1,2,0
1212-3,1,59,ferrones,70,53,1,82,31,0,0,15,24,53,0,0,0,1,1,3,0
1212-3,1,60,ferrones,71,55,1,83,47,0,0,17,26,56,0,0,0,1,1,2,0
1212-3,1,61,ferrones,71,57,1,83,62,0,0,18,26,55,0,0,0,1,1,2,0
1212-3,1,62,ferrones,71,59,1,83,76,0,0,19,26,55,0,0,0,1,1,2,0
1212-3,1,63,ferrones,87,60,1,83,89,0,0,20,26,55,0,0,0,2,1,2,0
1212-3,1,64,ferrones,87,60,1,82,100,0,0,21,26,57,0,0,0,2,1,3,0
1212-3,1,65,ferrones,87,60,1,86,87,0,0,22,16,47,0,0,0,2,1,8,0
1212-3,1,66,ferrones,87,60,1,107,87,0,0,23,16,47,0,0,0,2,1,1,0
1212-3,1,67,ferrones,95,60,1,108,87,0,0,21,16,47,0,0,0,2,1,3,0
1212-3,1,68,ferrones,95,60,1,168,90,0,0,22,16,47,0,0,0,2,1,2,0
1212-3,1,69,ferrones,95,60,1,126,92,0,0,23,16,47,0,0,0,2,1,3,0
1212-3,1,70,ferrones,95,60,1,131,98,0,0,21,16,47,0,0,0,2,1,4,0
1212-3,1,71,ferrones,95,60,1,173,93,0,0,22,8,39,0,0,0,2,1,2,0
1212-3,1,72,ferrones,95,60,1,130,92,0,0,23,8,33,0,0,0,2,1,3,0
1212-3,1,73,ferrones,95,60,1,123,91,0,0,21,8,33,0,0,0,2,1,4,0
1212-3,1,74,ferrones,95,60,1,168,87,0,0,22,8,33,0,0,0,2,1,2,0
1212-3,1,75,ferrones,95,60,1,126,85,0,0,22,8,32,0,0,0,2,1,3,0
1212-3,1,76,ferrones,95,60,1,120,84,0,0,22,8,32,0,0,0,2,1,2,0
1212-3,1,77,ferrones,95,64,1,121,88,0,0,22,13,37,0,0,0,2,1,4,0
1212-3,1,78,ferrones,95,60,1,95,78,0,0,22,13,43,0,0,0,2,1,4,0
1212-3,1,79,ferrones,95,60,1,113,66,0,0,22,13,43,0,0,0,2,1,7,0
1212-3,1,80,ferrones,95,60,1,110,65,0,0,22,13,43,0,0,0,2,1,2,0
1212-3,1,81,ferrones,103,60,1,111,67,0,0,22,13,43,0,0,0,2,1,2,0
1212-3,1,82,ferrones,103,60,1,112,68,0,0,22,13,43,0,0,0,2,1,2,0
1212-3,1,83,ferrones,103,60,1,113,82,0,0,22,26,56,0,0,0,2,1,2,0
1212-3,1,84,ferrones,103,60,1,114,95,0,0,22,26,56,0,0,0,2,1,2,0
1212-3,1,85,ferrones,103,60,1,117,108,0,0,22,26,56,0,0,0,2,1,2,0
1212-3,1,86,ferrones,103,60,1,120,120,0,0,22,26,56,0,0,0,2,1,2,0
1212-3,1,87,ferrones,103,60,1,113,132,0,0,22,26,56,0,0,0,2,1,3,0
1212-3,1,88,ferrones,103,60,1,89,105,0,0,22,26,56,0,0,0,2,1,3,0
1212-3,1,89,ferrones,103,64,1,93,105,0,0,21,16,45,0,0,0,2,1,3,0
1212-3,1,90,ferrones,137,90,2,70,92,0,0,20,16,45,0,0,0,3,1,3,0
1212-3,1,91,ferrones,137,90,2,67,70,0,0,11,16,51,0,0,0,3,1,9,0
1212-3,1,92,ferrones,137,90,2,74,62,0,0,9,16,51,0,1,0,3,1,3,0
1212-3,1,93,ferrones,145,90,2,64,62,0,0,7,23,58,0,0,0,3,1,2,0
1212-3,1,94,ferrones,145,91,2,76,61,0,0,5,23,58,0,1,0,3,1,2,0
1212-3,1,95,ferrones,145,91,2,60,52,0,0,3,15,50,0,0,0,3,1,2,0
1212-3,1,96,ferrones,145,91,2,67,45,0,0,1,15,44,0,0,0,3,1,2,0
1212-3,1,97,ferrones,145,91,2,65,35,0,0,0,15,44,0,1,0,3,1,2,0
1212-3,1,98,ferrones,145,91,2,54,32,0,0,2,19,48,0,0,0,3,1,2,0
1212-3,1,99,ferrones,145,91,2,58,27,0,0,0,19,48,0,0,0,3,1,1,0
1212-3,1,100,ferrones,145,91,2,61,22,0,0,2,19,48,0,1,0,3,1,0,1
1212-3,1,101,ferrones,145,92,2,64,30,0,0,0,31,60,0,0,0,3,1,0,1
1212-3,1,102,ferrones,145,93,2,73,38,0,0,2,32,67,0,0,0,3,1,0,1
1212-3,1,103,ferrones,146,98,2,82,49,0,0,0,32,67,0,0,0,3,1,3,0
1212-3,1,104,ferrones,146,98,2,44,19,0,0,1,32,66,0,0,0,3,1,3,0
1212-3,1,105,ferrones,146,99,2,59,30,0,0,2,32,66,0,0,0,3,1,1,0
1212-3,1,106,ferrones,193,144,3,68,36,0,0,0,31,65,0,0,0,4,1,0,1
1212-3,1,107,ferrones,194,147,3,57,60,0,0,1,62,104,0,0,0,4,1,5,0
1212-3,1,108,ferrones,195,150,3,52,79,0,0,0,59,97,0,1,0,4,1,2,0
1212-3,1,109,ferrones,195,153,3,56,107,0,0,1,71,109,0,1,0,4,1,1,0
1212-3,1,110,ferrones,195,152,3,27,134,0,0,0,80,120,0,0,0,4,1,1,0
1212-3,1,111,ferrones,196,155,3,33,168,0,0,1,81,121,0,1,0,4,1,1,0
1212-3,1,112,ferrones,196,159,3,39,198,0,0,0,78,118,0,1,0,4,1,1,0
1212-3,1,113,ferrones,197,163,3,45,193,0,0,1,55,95,0,0,0,4,1,5,0
1212-3,1,114,ferrones,198,167,3,51,201,0,0,0,56,96,0,0,0,4,1,0,1
1212-3,1,115,ferrones,207,172,3,59,210,0,0,1,58,100,0,0,0,4,1,0,1
1212-3,1,116,ferrones,208,177,3,37,179,0,0,0,59,101,0,0,0,4,1,2,0
1212-3,1,117,ferrones,209,182,3,50,187,0,0,1,59,106,0,0,0,4,1,0,1
1212-3,1,118,ferrones,225,223,4,65,193,0,0,0,59,108,0,0,0,4,1,0,1
1212-3,1,119,ferrones,225,223,4,68,163,0,0,1,31,86,0,0,0,4,1,3,0
1212-3,1,120,ferrones,225,223,4,66,135,0,0,0,31,80,0,0,0,4,1,2,0
1212-3,1,121,ferrones,225,223,4,64,98,0,0,1,31,80,0,0,0,4,1,7,0
1212-3,1,122,ferrones,225,223,4,67,70,0,0,0,31,80,0,0,0,4,1,1,0
1212-3,1,123,ferrones,233,223,4,64,45,0,0,1,31,80,0,0,0,4,1,3,0
1212-3,1,124,ferrones,233,223,4,61,22,0,0,0,31,70,0,0,0,4,1,1,0
1212-3,1,125,ferrones,233,223,4,57,15,0,0,1,48,87,0,0,0,4,1,0,1
1212-3,1,126,ferrones,233,223,4,59,8,0,0,0,48,93,0,0,0,4,1,0,1
1212-3,1,127,ferrones,233,223,4,61,1,0,0,1,48,93,0,0,0,4,1,0,1
1212-3,1,128,ferrones,232,223,4,63,0,0,0,0,48,93,1,0,0,4,1,0,1
1212-3,1,129,ferrones,231,223,4,65,0,0,0,1,48,93,1,0,0,4,1,1,0
1212-3,1,130,ferrones,229,218,4,62,0,0,0,0,48,89,1,0,0,4,1,2,0
1212-3,1,131,ferrones,231,225,4,63,38,0,0,1,92,131,0,0,0,4,1,1,0
1212-3,1,132,ferrones,232,231,4,65,72,0,0,0,92,133,0,0,0,4,1,0,1
1212-3,1,133,ferrones,233,237,4,62,103,0,0,1,92,133,0,0,0,4,1,2,0
1212-3,1,134,ferrones,234,243,4,66,132,0,0,0,92,134,0,0,0,4,1,1,0
1212-3,1,135,ferrones,235,248,4,65,160,0,0,1,94,137,0,0,0,4,1,2,0
1212-3,1,136,ferrones,236,252,4,65,187,0,0,0,94,137,0,0,0,4,1,3,0
1212-3,1,137,ferrones,236,252,4,71,168,0,0,1,60,104,0,0,0,4,1,6,0
1212-3,1,138,ferrones,236,252,4,76,160,0,0,0,60,104,0,0,0,4,1,0,1
1212-3,1,139,ferrones,244,252,4,81,153,0,0,1,60,104,0,0,0,4,1,1,0
1212-3,1,140,ferrones,244,252,4,92,146,0,0,0,60,110,0,0,0,4,1,0,1
1212-3,1,141,ferrones,244,252,4,103,139,0,0,1,60,110,0,0,0,4,1,0,1
1212-3,1,142,ferrones,244,252,4,104,133,0,0,0,60,110,0,0,0,4,1,2,0
1212-3,1,143,ferrones,244,252,4,108,101,0,0,1,31,81,0,0,0,4,1,2,0
1212-3,1,144,ferrones,244,252,4,101,70,0,0,0,31,75,0,0,0,4,1,2,0
1212-3,1,145,ferrones,244,252,4,69,40,0,0,1,31,75,0,0,0,4,1,3,0
1212-3,1,146,ferrones,244,252,4,80,15,0,0,0,31,75,0,0,0,4,1,2,0
1212-3,1,147,ferrones,243,252,4,66,1,0,0,1,31,75,1,0,0,4,1,3,0
1212-3,1,148,ferrones,242,252,4,74,4,0,0,0,31,78,1,0,0,4,1,2,0
1212-3,1,149,ferrones,240,247,4,73,1,0,0,1,49,96,1,0,0,4,1,2,0
1212-3,1,150,ferrones,238,242,4,75,2,0,0,0,49,98,1,0,0,4,1,2,0
1212-3,1,151,ferrones,236,237,4,72,2,0,0,1,45,94,1,0,0,4,1,4,0
1212-3,1,152,ferrones,234,232,4,70,3,0,0,0,45,92,1,0,0,4,1,2,0
1212-3,1,153,ferrones,232,227,4,66,2,0,0,0,39,86,1,0,0,4,1,3,0
1212-3,1,154,ferrones,230,222,4,63,2,0,0,0,37,80,1,0,0,4,1,3,0
1212-3,1,155,ferrones,230,222,4,57,16,0,0,0,68,104,0,0,0,4,1,2,0
1212-3,1,156,ferrones,230,222,4,44,28,0,0,0,68,97,0,0,0,4,1,0,1
1212-3,1,157,ferrones,232,230,4,31,40,0,0,0,68,97,0,0,0,4,1,0,1
1212-3,1,158,ferrones,198,200,3,19,49,0,0,0,68,96,0,0,0,4,1,0,1
1212-3,1,159,ferrones,199,207,3,15,68,0,0,0,71,99,0,0,0,4,1,0,1
1212-3,1,160,ferrones,200,210,3,13,85,0,0,0,71,101,0,0,0,4,1,1,0
1212-3,1,161,ferrones,200,210,3,12,79,0,0,0,49,80,0,0,0,4,1,0,1
1212-3,1,162,ferrones,200,210,3,11,75,0,0,0,51,82,0,0,0,4,1,0,1
1212-3,1,163,ferrones,200,210,3,10,72,0,0,0,51,82,0,0,0,4,1,0,1
1212-3,1,164,ferrones,200,210,3,9,69,0,0,0,51,82,0,0,0,4,1,0,1
1212-3,1,165,ferrones,200,210,3,8,66,0,0,0,51,82,0,0,0,4,1,0,1
1212-3,1,166,ferrones,200,210,3,7,63,0,0,0,51,82,0,0,0,4,1,0,1
1212-3,1,167,ferrones,200,210,3,6,39,0,0,0,29,60,0,0,0,4,1,0,1
1212-3,1,168,ferrones,200,210,3,5,16,0,0,0,29,60,0,0,0,4,1,0,1
1212-3,1,169,ferrones,199,210,3,4,0,0,0,0,29,60,1,0,0,4,1,0,1
1212-3,1,170,ferrones,198,210,3,3,0,0,0,0,29,60,1,0,0,4,1,0,1
1212-3,1,171,ferrones,196,206,3,2,0,0,0,0,29,60,1,0,0,4,1,0,1
1212-3,1,172,ferrones,194,202,3,8,0,0,0,0,26,54,1,0,0,4,1,0,1
1212-3,1,173,ferrones,192,198,3,0,0,0,0,0,41,69,1,0,0,4,1,0,1
1212-3,1,174,ferrones,190,194,3,0,0,0,0,0,40,72,1,0,0,4,1,0,1
1212-3,1,175,ferrones,189,190,3,0,0,0,0,0,37,69,1,0,0,4,1,0,1
1212-3,1,176,ferrones,187,186,3,0,0,0,0,0,36,68,1,0,0,4,1,0,1
1212-3,1,177,ferrones,185,182,3,3,0,0,0,0,34,65,1,0,0,4,1,0,1
1212-3,1,178,ferrones,183,178,3,0,0,0,0,0,33,64,1,0,0,4,1,0,1
1212-3,1,179,ferrones,183,178,3,1,21,0,0,0,65,96,0,0,0,4,1,1,0
1212-3,1,180,ferrones,141,108,2,0,41,0,0,0,57,80,0,0,0,4,1,0,1
1212-3,1,181,ferrones,142,112,2,0,69,0,0,0,57,80,0,0,0,4,1,2,0
1212-3,1,182,ferrones,103,58,1,0,95,0,0,0,21,41,0,0,0,4,1,0,1
1212-3,1,183,ferrones,104,60,1,0,101,0,0,0,24,44,0,0,0,4,1,0,1
1212-3,1,184,ferrones,104,60,1,5,106,0,0,0,24,45,0,0,0,4,1,0,1
1212-3,1,185,ferrones,104,60,1,14,102,0,0,0,15,36,0,0,0,4,1,0,1
1212-3,1,186,ferrones,104,60,1,23,98,0,0,0,15,36,0,0,0,4,1,0,1
1212-3,1,187,ferrones,104,60,1,32,95,0,0,0,15,36,0,0,0,4,1,0,1
1212-3,1,188,ferrones,104,64,1,51,93,0,0,0,15,36,0,0,0,4,1,1,0
1212-3,1,189,ferrones,104,60,1,40,79,0,0,0,15,36,0,0,0,4,1,1,0
1212-3,1,190,ferrones,104,60,1,49,76,0,0,0,15,36,0,0,0,4,1,0,1
1212-3,1,191,ferrones,104,60,1,58,66,0,0,0,7,28,0,0,0,4,1,0,1
1212-3,1,192,ferrones,104,60,1,67,56,0,0,0,7,28,0,0,0,4,1,0,1
1212-3,1,193,ferrones,104,60,1,71,47,0,0,0,7,28,0,0,0,4,1,2,0
1212-3,1,194,ferrones,104,60,1,71,39,0,0,0,7,28,0,0,0,4,1,2,0
1212-3,1,195,ferrones,104,60,1,73,19,0,0,0,7,28,0,0,0,4,1,7,0
1212-3,1,196,ferrones,104,60,1,75,13,0,0,0,7,28,0,0,0,4,1,2,0
1212-3,1,197,ferrones,104,60,1,72,12,0,0,0,12,33,0,0,0,4,1,2,0
1212-3,1,198,ferrones,104,60,1,79,12,0,0,0,12,37,0,0,0,4,1,2,0
1212-3,1,199,ferrones,104,60,1,80,11,0,0,0,12,37,0,0,0,4,1,2,0
1212-3,1,200,ferrones,112,60,1,77,11,0,0,0,12,37,0,0,0,4,1,2,0
1212-3,1,1,hortelanos,39,116,1,40,67,0,0,0,29,53,0,0,0,0,1,4,0
1212-3,1,2,hortelanos,39,116,1,47,63,0,0,0,29,40,0,0,0,0,1,0,1
1212-3,1,3,hortelanos,39,116,1,54,59,0,0,0,29,40,0,0,0,0,1,0,1
1212-3,1,4,hortelanos,39,116,1,61,55,0,0,0,29,40,0,0,0,0,1,0,1
1212-3,1,5,hortelanos,39,116,1,68,63,0,0,0,41,52,0,1,0,0,1,0,1
1212-3,1,6,hortelanos,38,112,1,74,63,0,0,0,41,71,0,0,0,0,1,1,0
1212-3,1,7,hortelanos,103,112,1,86,63,0,0,0,41,71,0,0,0,1,1,9,0
1212-3,1,8,hortelanos,121,112,1,95,74,0,0,0,41,71,0,0,0,2,1,3,0
1212-3,1,9,hortelanos,120,108,1,72,84,0,0,0,48,78,0,0,0,2,1,5,0
1212-3,1,10,hortelanos,120,108,1,97,104,0,0,0,48,76,0,0,0,2,1,2,0
1212-3,1,11,hortelanos,120,108,1,89,157,0,0,0,86,114,0,0,0,2,1,4,0
1212-3,1,12,hortelanos,120,108,1,100,205,0,0,0,86,114,0,0,0,2,1,4,0
1212-3,1,13,hortelanos,120,108,1,115,249,0,0,0,86,114,0,0,0,2,1,4,0
1212-3,1,14,hortelanos,120,108,1,132,290,0,0,0,86,114,0,0,0,2,1,4,0
1212-3,1,15,hortelanos,120,108,1,122,316,0,0,0,71,99,0,0,0,2,1,5,0
1212-3,1,16,hortelanos,120,108,1,117,340,0,1,0,71,99,0,0,0,2,1,5,0
1212-3,1,17,hortelanos,120,108,1,142,331,0,2,0,48,76,0,0,0,2,1,8,0
1212-3,1,18,hortelanos,128,108,1,179,329,0,2,0,48,76,0,0,0,2,1,3,0
1212-3,1,19,hortelanos,128,108,1,155,333,0,2,0,48,76,0,0,0,2,1,3,0
1212-3,1,20,hortelanos,128,108,1,138,337,0,2,0,48,76,0,0,0,2,1,3,0
1212-3,1,21,hortelanos,128,108,1,120,336,0,2,0,48,76,0,0,0,2,1,8,0
1212-3,1,22,hortelanos,136,108,1,110,339,0,2,0,48,76,0,0,0,2,1,3,0
1212-3,1,23,hortelanos,136,108,1,110,311,0,2,0,29,57,0,0,0,2,1,8,0
1212-3,1,24,hortelanos,136,108,1,99,296,0,2,0,29,47,0,0,0,2,1,3,0
1212-3,1,25,hortelanos,136,108,1,108,268,0,2,0,29,47,0,0,0,2,1,8,0
1212-3,1,26,hortelanos,136,108,1,105,254,0,2,0,29,47,0,0,0,2,1,3,0
1212-3,1,27,hortelanos,144,108,1,102,234,0,2,0,29,47,0,0,0,2,1,8,0
1212-3,1,28,hortelanos,144,108,1,99,221,0,2,0,29,47,0,0,0,2,1,3,0
1212-3,1,29,hortelanos,144,108,1,108,219,0,2,0,41,59,0,0,0,2,1,3,0
1212-3,1,30,hortelanos,144,108,1,116,218,0,2,0,41,69,0,0,0,2,1,3,0
1212-3,1,31,hortelanos,144,108,1,114,202,0,2,0,41,69,0,0,0,2,1,13,0
1212-3,1,32,hortelanos,152,108,1,112,203,0,2,0,41,69,0,0,0,2,1,3,0
1212-3,1,33,hortelanos,152,108,1,110,204,0,2,0,41,69,0,0,0,2,1,3,0
1212-3,1,34,hortelanos,152,108,1,113,205,0,2,0,41,69,0,0,0,2,1,3,0
1212-3,1,35,hortelanos,152,108,1,115,220,0,0,0,71,99,0,0,0,2,1,13,0
1212-3,1,36,hortelanos,160,108,1,126,248,0,0,0,71,99,0,0,0,2,1,3,0
1212-3,1,37,hortelanos,160,108,1,109,276,0,0,0,71,99,0,0,0,2,1,4,0
1212-3,1,38,hortelanos,160,108,1,119,302,0,1,0,71,99,0,0,0,2,1,3,0
1212-3,1,39,hortelanos,160,108,1,130,327,0,1,0,71,99,0,0,0,2,1,3,0
1212-3,1,40,hortelanos,160,108,1,114,352,0,1,0,71,99,0,0,0,2,1,4,0
1212-3,1,41,hortelanos,161,112,1,142,361,0,2,0,48,76,0,0,0,2,1,4,0
1212-3,1,42,hortelanos,161,112,1,132,354,0,2,0,48,78,0,0,0,2,1,5,0
1212-3,1,43,hortelanos,160,108,1,159,328,0,2,0,48,78,0,0,0,2,1,9,0
1212-3,1,44,hortelanos,160,108,1,207,314,0,2,0,48,76,0,0,0,2,1,7,0
1212-3,1,45,hortelanos,168,108,1,74,274,0,2,0,48,76,0,0,0,2,1,4,0
1212-3,1,46,hortelanos,168,108,1,70,272,0,2,0,48,76,0,0,0,2,1,2,0
1212-3,1,47,hortelanos,207,163,2,105,246,0,2,0,29,57,0,0,0,3,1,8,0
1212-3,1,48,hortelanos,207,163,2,106,210,0,2,0,29,57,0,0,0,3,1,11,0
1212-3,1,49,hortelanos,207,163,2,105,193,0,2,0,35,63,0,0,0,3,1,4,0
1212-3,1,50,hortelanos,215,163,2,91,179,0,2,0,35,63,0,0,0,3,1,4,0
1212-3,1,51,hortelanos,215,163,2,96,163,0,2,0,35,63,0,0,0,3,1,5,0
1212-3,1,52,hortelanos,215,163,2,100,145,0,2,0,35,63,0,1,0,3,1,4,0
1212-3,1,53,hortelanos,216,165,2,83,161,0,2,0,62,90,0,0,0,3,1,3,0
1212-3,1,54,hortelanos,216,167,2,103,171,0,2,0,62,100,0,1,0,3,1,4,0
1212-3,1,55,hortelanos,216,168,2,115,193,0,2,0,76,114,0,0,0,3,1,4,0
1212-3,1,56,hortelanos,216,168,2,128,216,0,2,0,76,116,0,0,0,3,1,4,0
1212-3,1,57,hortelanos,216,168,2,134,248,0,2,0,85,125,0,0,0,3,1,5,0
1212-3,1,58,hortelanos,216,168,2,141,268,0,1,0,85,125,0,0,0,3,1,10,0
1212-3,1,59,hortelanos,216,168,2,133,338,0,1,0,130,170,0,0,0,3,1,5,0
1212-3,1,60,hortelanos,224,168,2,127,403,0,2,0,130,170,0,0,0,3,1,5,0
1212-3,1,61,hortelanos,224,168,2,110,467,0,3,0,130,170,0,0,0,3,1,4,0
1212-3,1,62,hortelanos,224,168,2,117,526,0,3,0,130,170,0,0,0,3,1,4,0
1212-3,1,63,hortelanos,224,168,2,111,567,0,3,0,112,152,0,0,0,3,1,4,0
1212-3,1,64,hortelanos,224,168,2,112,600,0,2,0,112,152,0,0,0,3,1,9,0
1212-3,1,65,hortelanos,224,168,2,82,572,0,2,0,85,125,0,0,0,3,1,5,0
1212-3,1,66,hortelanos,224,168,2,116,581,0,2,0,85,125,0,0,0,3,1,3,0
1212-3,1,67,hortelanos,280,257,3,117,596,0,2,0,85,125,0,0,0,4,1,5,0
1212-3,1,68,hortelanos,279,253,3,94,566,0,2,0,85,143,0,0,0,4,1,11,0
1212-3,1,69,hortelanos,279,253,3,105,543,0,2,0,85,141,0,1,0,4,1,9,0
1212-3,1,70,hortelanos,279,253,3,128,548,0,2,0,98,154,0,1,0,4,1,4,0
1212-3,1,71,hortelanos,287,253,3,137,547,0,2,0,89,145,0,0,0,4,1,3,0
1212-3,1,72,hortelanos,287,253,3,104,535,0,2,0,89,135,0,0,0,4,1,9,0
1212-3,1,73,hortelanos,287,253,3,113,531,0,2,0,89,135,0,0,0,4,1,3,0
1212-3,1,74,hortelanos,287,253,3,117,528,0,2,0,89,135,0,0,0,4,1,4,0
1212-3,1,75,hortelanos,287,253,3,113,526,0,2,0,89,135,0,0,0,4,1,4,0
1212-3,1,76,hortelanos,287,253,3,114,515,0,2,0,89,135,0,0,0,4,1,9,0
1212-3,1,77,hortelanos,287,253,3,107,527,0,2,0,103,149,0,0,0,4,1,4,0
1212-3,1,78,hortelanos,288,257,3,126,539,0,2,0,103,159,0,0,0,4,1,5,0
1212-3,1,79,hortelanos,287,253,3,105,541,0,2,0,103,161,0,0,0,4,1,5,0
1212-3,1,80,hortelanos,287,253,3,127,530,0,2,0,103,159,0,0,0,4,1,13,0
1212-3,1,81,hortelanos,287,253,3,123,543,0,2,0,103,159,0,0,0,4,1,4,0
1212-3,1,82,hortelanos,295,253,3,117,555,0,2,0,103,159,0,0,0,4,1,4,0
1212-3,1,83,hortelanos,295,253,3,117,600,0,2,0,139,195,0,0,0,4,1,4,0
1212-3,1,84,hortelanos,295,253,3,125,637,0,0,0,139,195,0,0,0,4,1,9,0
1212-3,1,85,hortelanos,295,253,3,124,678,0,0,0,139,195,0,0,0,4,1,5,0
1212-3,1,86,hortelanos,295,253,3,125,717,0,1,0,139,195,0,0,0,4,1,5,0
1212-3,1,87,hortelanos,295,253,3,126,748,0,1,0,139,195,0,0,0,4,1,10,0
1212-3,1,88,hortelanos,303,253,3,148,785,0,1,0,139,195,0,0,0,4,1,5,0
1212-3,1,89,hortelanos,303,253,3,172,796,0,1,0,112,168,0,0,0,4,1,4,0
1212-3,1,90,hortelanos,303,253,3,124,807,0,1,0,112,168,0,0,0,4,1,5,0
1212-3,1,91,hortelanos,303,253,3,119,805,0,1,0,112,168,0,0,0,4,1,9,0
1212-3,1,92,hortelanos,303,253,3,119,814,0,1,0,112,168,0,0,0,4,1,4,0
1212-3,1,93,hortelanos,311,253,3,121,823,0,1,0,112,168,0,0,0,4,1,4,0
1212-3,1,94,hortelanos,311,253,3,124,833,0,1,0,112,168,0,0,0,4,1,4,0
1212-3,1,95,hortelanos,311,253,3,122,820,0,1,0,89,145,0,0,0,4,1,4,0
1212-3,1,96,hortelanos,311,253,3,109,808,0,1,0,89,135,0,0,0,4,1,4,0
1212-3,1,97,hortelanos,311,253,3,110,794,0,1,0,89,135,0,0,0,4,1,4,0
1212-3,1,98,hortelanos,521,253,3,111,781,0,1,0,89,135,0,1,1,5,1,4,0
1212-3,1,99,hortelanos,521,253,3,113,820,0,1,0,141,187,0,0,0,5,1,4,0
1212-3,1,100,hortelanos,521,253,3,135,855,0,1,0,141,187,0,0,0,5,1,3,0
1212-3,1,101,hortelanos,522,257,3,142,889,0,1,0,141,187,0,0,0,5,1,7,0
1212-3,1,102,hortelanos,521,253,3,126,911,0,2,0,141,197,0,1,0,5,1,6,0
1212-3,1,103,hortelanos,521,253,3,125,934,0,3,0,141,197,0,0,0,5,1,9,0
1212-3,1,104,hortelanos,521,253,3,132,968,0,3,0,141,197,0,0,0,5,1,4,0
1212-3,1,105,hortelanos,529,254,3,168,997,0,3,0,141,197,0,1,0,5,1,4,0
1212-3,1,106,hortelanos,529,254,3,166,1024,0,3,0,141,199,0,0,0,5,1,4,0
1212-3,1,107,hortelanos,529,254,3,168,1055,0,3,0,141,199,0,0,0,5,1,4,0
1212-3,1,108,hortelanos,529,254,3,171,1085,0,3,0,141,199,0,0,0,5,1,4,0
1212-3,1,109,hortelanos,529,254,3,164,1114,0,3,0,141,199,0,0,0,5,1,5,0
1212-3,1,110,hortelanos,529,254,3,123,1139,0,3,0,141,199,0,1,0,5,1,4,0
1212-3,1,111,hortelanos,529,254,3,127,1166,0,3,0,141,202,0,0,0,5,1,4,0
1212-3,1,112,hortelanos,530,258,3,150,1194,0,3,0,141,202,0,0,0,5,1,4,0
1212-3,1,113,hortelanos,529,254,3,126,1206,0,3,0,141,202,0,1,0,5,1,5,0
1212-3,1,114,hortelanos,529,254,3,132,1216,0,3,0,141,202,0,0,0,5,1,8,0
1212-3,1,115,hortelanos,529,254,3,158,1237,0,3,0,141,202,0,0,0,5,1,3,0
1212-3,1,116,hortelanos,537,254,3,157,1260,0,3,0,141,202,0,0,0,5,1,3,0
1212-3,1,117,hortelanos,538,257,3,172,1280,0,3,0,141,202,0,1,0,5,1,5,0
1212-3,1,118,hortelanos,539,260,3,120,1300,0,3,0,141,202,0,0,0,5,1,5,0
1212-3,1,119,hortelanos,539,263,3,128,1317,0,3,0,141,202,0,0,0,5,1,4,0
1212-3,1,120,hortelanos,540,266,3,119,1333,0,3,0,141,192,0,1,0,5,1,4,0
1212-3,1,121,hortelanos,540,269,3,128,1347,0,3,0,141,197,0,0,0,5,1,3,0
1212-3,1,122,hortelanos,541,272,3,128,1348,0,3,0,141,197,0,0,0,5,1,8,0
1212-3,1,123,hortelanos,542,275,3,127,1361,0,3,0,141,197,0,0,0,5,1,3,0
1212-3,1,124,hortelanos,550,279,3,128,1373,0,3,0,141,199,0,0,0,5,1,3,0
1212-3,1,125,hortelanos,551,283,3,129,1384,0,3,0,141,199,0,0,0,5,1,3,0
1212-3,1,126,hortelanos,551,284,3,139,1393,0,3,0,141,209,0,0,0,5,1,3,0
1212-3,1,127,hortelanos,551,284,3,142,1402,0,3,0,141,211,0,0,0,5,1,3,0
1212-3,1,128,hortelanos,551,284,3,144,1411,0,3,0,141,211,0,0,0,5,1,3,0
1212-3,1,129,hortelanos,551,284,3,146,1419,0,3,0,141,211,0,0,0,5,1,3,0
1212-3,1,130,hortelanos,551,284,3,156,1427,0,3,0,141,211,0,0,0,5,1,3,0
1212-3,1,131,hortelanos,552,288,3,175,1435,0,3,0,141,211,0,0,0,5,1,4,0
1212-3,1,132,hortelanos,551,284,3,162,1432,0,3,0,141,211,0,0,0,5,1,4,0
1212-3,1,133,hortelanos,551,284,3,168,1426,0,1,0,141,211,0,0,0,5,1,8,0
1212-3,1,134,hortelanos,551,284,3,177,1432,0,1,0,141,211,0,0,0,5,1,4,0
1212-3,1,135,hortelanos,559,284,3,132,1437,0,2,0,141,211,0,0,0,5,1,5,0
1212-3,1,136,hortelanos,559,284,3,133,1444,0,3,0,141,211,0,0,0,5,1,3,0
1212-3,1,137,hortelanos,559,284,3,137,1451,0,3,0,141,211,0,0,0,5,1,3,0
1212-3,1,138,hortelanos,559,284,3,139,1458,0,3,0,141,211,0,0,0,5,1,3,0
1212-3,1,139,hortelanos,559,284,3,141,1464,0,3,0,141,211,0,0,0,5,1,3,0
1212-3,1,140,hortelanos,559,284,3,142,1470,0,3,0,141,211,0,0,0,5,1,3,0
1212-3,1,141,hortelanos,559,284,3,143,1467,0,3,0,141,211,0,0,0,5,1,8,0
1212-3,1,142,hortelanos,559,284,3,152,1473,0,3,0,141,211,0,0,0,5,1,3,0
1212-3,1,143,hortelanos,567,284,3,7,1479,0,3,0,141,211,0,0,0,5,1,4,0
1212-3,1,144,hortelanos,567,284,3,71,1476,0,3,0,141,201,0,0,0,5,1,2,0
1212-3,1,145,hortelanos,567,284,3,115,1474,0,3,0,141,201,0,0,0,5,1,3,0
1212-3,1,146,hortelanos,567,284,3,123,1476,0,3,0,141,201,0,0,0,5,1,3,0
1212-3,1,147,hortelanos,567,284,3,123,1479,0,3,0,141,201,0,0,0,5,1,3,0
1212-3,1,148,hortelanos,567,284,3,125,1482,0,3,0,141,201,0,0,0,5,1,3,0
1212-3,1,149,hortelanos,567,284,3,123,1484,0,3,0,141,201,0,0,0,5,1,3,0
1212-3,1,150,hortelanos,568,288,3,140,1486,0,3,0,141,211,0,0,0,5,1,4,0
1212-3,1,151,hortelanos,567,284,3,117,1479,0,3,0,141,211,0,0,0,5,1,5,0
1212-3,1,152,hortelanos,567,284,3,132,1494,0,3,0,169,239,0,0,0,5,1,8,0
1212-3,1,153,hortelanos,567,284,3,126,1524,0,3,0,169,239,0,0,0,5,1,3,0
1212-3,1,154,hortelanos,575,284,3,130,1552,0,3,0,169,239,0,0,0,5,1,3,0
1212-3,1,155,hortelanos,575,284,3,124,1580,0,3,0,169,239,0,0,0,5,1,3,0
1212-3,1,156,hortelanos,575,284,3,127,1605,0,3,0,169,239,0,0,0,5,1,3,0
1212-3,1,157,hortelanos,575,284,3,138,1629,0,3,0,169,239,0,0,0,5,1,3,0
1212-3,1,158,hortelanos,575,284,3,138,1653,0,3,0,169,239,0,0,0,5,1,3,0
1212-3,1,159,hortelanos,575,284,3,139,1677,0,3,0,169,239,0,0,0,5,1,3,0
1212-3,1,160,hortelanos,575,284,3,139,1700,0,3,0,169,239,0,0,0,5,1,3,0
1212-3,1,161,hortelanos,575,284,3,138,1722,0,3,0,169,239,0,0,0,5,1,3,0
1212-3,1,162,hortelanos,576,288,3,147,1746,0,3,0,169,239,0,0,0,5,1,4,0
1212-3,1,163,hortelanos,575,284,3,124,1755,0,3,0,169,239,0,0,0,5,1,4,0
1212-3,1,164,hortelanos,575,284,3,129,1758,0,3,0,169,239,0,0,0,5,1,8,0
1212-3,1,165,hortelanos,575,284,3,135,1776,0,3,0,169,239,0,0,0,5,1,3,0
1212-3,1,166,hortelanos,583,284,3,129,1795,0,3,0,169,239,0,0,0,5,1,3,0
1212-3,1,167,hortelanos,583,284,3,137,1812,0,3,0,169,239,0,0,0,5,1,3,0
1212-3,1,168,hortelanos,703,284,3,124,1829,0,3,0,169,229,0,1,1,5,1,3,0
1212-3,1,169,hortelanos,703,284,3,133,1850,0,3,0,185,245,0,0,0,5,1,8,0
1212-3,1,170,hortelanos,711,284,3,129,1883,0,3,0,185,245,0,0,0,5,1,3,0
1212-3,1,171,hortelanos,711,284,3,136,1914,0,3,0,185,245,0,0,0,5,1,3,0
1212-3,1,172,hortelanos,711,284,3,131,1944,0,3,0,185,245,0,0,0,5,1,3,0
1212-3,1,173,hortelanos,711,284,3,126,1973,0,3,0,185,245,0,0,0,5,1,3,0
1212-3,1,174,hortelanos,711,284,3,142,2000,0,3,0,185,255,0,0,0,5,1,3,0
1212-3,1,175,hortelanos,711,284,3,146,2027,0,3,0,185,255,0,0,0,5,1,3,0
1212-3,1,176,hortelanos,711,284,3,149,2053,0,3,0,185,255,0,0,0,5,1,3,0
1212-3,1,177,hortelanos,712,288,3,162,2079,0,3,0,185,255,0,0,0,5,1,4,0
1212-3,1,178,hortelanos,711,284,3,144,2092,0,3,0,185,255,0,0,0,5,1,5,0
1212-3,1,179,hortelanos,711,284,3,143,2102,0,1,0,185,253,0,0,0,5,1,8,0
1212-3,1,180,hortelanos,711,284,3,145,2123,0,1,0,185,253,0,0,0,5,1,4,0
1212-3,1,181,hortelanos,719,284,3,0,2143,0,2,0,185,253,0,0,0,5,1,4,0
1212-3,1,182,hortelanos,719,284,3,65,2155,0,3,0,185,253,0,0,0,5,1,2,0
1212-3,1,183,hortelanos,719,284,3,124,2167,0,3,0,185,253,0,0,0,5,1,2,0
1212-3,1,184,hortelanos,719,284,3,126,2184,0,3,0,185,253,0,0,0,5,1,3,0
1212-3,1,185,hortelanos,719,284,3,133,2201,0,3,0,185,253,0,0,0,5,1,3,0
1212-3,1,186,hortelanos,719,284,3,130,2218,0,3,0,185,253,0,0,0,5,1,3,0
1212-3,1,187,hortelanos,719,284,3,128,2220,0,3,0,185,253,0,0,0,5,1,8,0
1212-3,1,188,hortelanos,719,284,3,134,2235,0,3,0,185,253,0,0,0,5,1,3,0
1212-3,1,189,hortelanos,727,284,3,129,2251,0,3,0,185,253,0,0,0,5,1,3,0
1212-3,1,190,hortelanos,727,284,3,132,2265,0,3,0,185,253,0,0,0,5,1,3,0
1212-3,1,191,hortelanos,727,284,3,129,2279,0,3,0,185,253,0,0,0,5,1,3,0
1212-3,1,192,hortelanos,727,284,3,125,2292,0,3,0,185,244,0,0,0,5,1,3,0
1212-3,1,193,hortelanos,727,284,3,122,2322,0,3,0,203,262,0,0,0,5,1,3,0
1212-3,1,194,hortelanos,727,284,3,118,2350,0,3,0,203,262,0,0,0,5,1,3,0
1212-3,1,195,hortelanos,727,284,3,131,2376,0,3,0,203,262,0,0,0,5,1,3,0
1212-3,1,196,hortelanos,728,288,3,132,2403,0,3,0,203,262,0,0,0,5,1,4,0
1212-3,1,197,hortelanos,727,284,3,103,2395,0,3,0,178,238,0,0,0,5,1,4,0
1212-3,1,198,hortelanos,727,284,3,131,2378,0,3,0,178,246,0,0,0,5,1,8,0
1212-3,1,199,hortelanos,727,284,3,126,2381,0,3,0,178,246,0,0,0,5,1,3,0
1212-3,1,200,hortelanos,735,284,3,133,2383,0,3,0,178,246,0,0,0,5,1,3,0
1212-3,1,1,mercaderes,39,116,1,468,49,0,0,0,11,43,0,0,0,0,1,4,0
1212-3,1,2,mercaderes,39,116,1,430,28,0,0,0,11,30,0,0,0,0,1,4,0
1212-3,1,3,mercaderes,39,116,1,409,15,0,0,0,11,30,0,1,0,0,1,3,0
1212-3,1,4,mercaderes,38,116,1,387,7,0,0,0,11,30,1,0,0,0,1,3,0
1212-3,1,5,mercaderes,37,116,1,323,7,0,0,0,18,37,1,0,0,0,1,4,0
1212-3,1,6,mercaderes,35,113,1,318,4,0,0,0,18,48,1,0,0,0,1,4,0
1212-3,1,7,mercaderes,34,110,1,313,4,0,0,0,18,48,1,0,0,0,1,4,0
1212-3,1,8,mercaderes,32,107,1,308,4,0,0,0,18,48,1,0,0,0,1,4,0
1212-3,1,9,mercaderes,30,104,1,303,4,0,0,0,18,46,1,0,0,0,1,4,0
1212-3,1,10,mercaderes,29,101,1,297,4,0,0,0,16,44,1,0,0,0,1,4,0
1212-3,1,11,mercaderes,29,101,1,291,15,0,0,0,32,60,0,0,0,0,1,4,0
1212-3,1,12,mercaderes,29,101,1,285,26,0,0,0,32,60,0,0,0,0,1,4,0
1212-3,1,13,mercaderes,29,101,1,279,36,0,0,0,32,60,0,0,0,0,1,4,0
1212-3,1,14,mercaderes,29,101,1,273,46,0,0,0,32,60,0,0,0,0,1,4,0
1212-3,1,15,mercaderes,29,101,1,266,55,0,0,0,32,60,0,0,0,0,1,4,0
1212-3,1,16,mercaderes,29,101,1,260,64,0,0,0,32,60,0,0,0,0,1,4,0
1212-3,1,17,mercaderes,28,97,1,274,52,0,0,0,20,48,0,0,0,0,1,4,0
1212-3,1,18,mercaderes,28,97,1,257,54,0,0,0,20,46,0,0,0,0,1,3,0
1212-3,1,19,mercaderes,28,97,1,240,49,0,0,0,20,46,0,0,0,0,1,8,0
1212-3,1,20,mercaderes,46,97,1,225,51,0,0,0,20,46,0,0,0,1,1,3,0
1212-3,1,21,mercaderes,46,97,1,210,53,0,0,0,20,46,0,0,0,1,1,4,0
1212-3,1,22,mercaderes,46,97,1,203,55,0,0,0,22,48,0,1,0,1,1,4,0
1212-3,1,23,mercaderes,46,97,1,192,43,0,0,0,11,37,0,0,0,1,1,8,0
1212-3,1,24,mercaderes,54,97,1,179,36,0,0,0,11,28,0,0,0,1,1,3,0
1212-3,1,25,mercaderes,54,97,1,149,30,0,0,0,11,28,0,0,0,1,1,3,0
1212-3,1,26,mercaderes,54,97,1,124,24,0,0,0,11,28,0,0,0,1,1,3,0
1212-3,1,27,mercaderes,54,97,1,101,18,0,0,0,11,28,0,0,0,1,1,3,0
1212-3,1,28,mercaderes,54,97,1,97,12,0,0,0,11,28,0,0,0,1,1,3,0
1212-3,1,29,mercaderes,54,97,1,87,13,0,0,0,18,35,0,0,0,1,1,3,0
1212-3,1,30,mercaderes,54,97,1,96,11,0,0,0,18,44,0,0,0,1,1,3,0
1212-3,1,31,mercaderes,54,97,1,92,9,0,0,0,18,44,0,0,0,1,1,3,0
1212-3,1,32,mercaderes,54,97,1,101,7,0,0,0,18,44,0,0,0,1,1,3,0
1212-3,1,33,mercaderes,54,97,1,97,5,0,0,0,18,44,0,0,0,1,1,3,0
1212-3,1,34,mercaderes,53,97,1,95,4,0,0,0,18,44,1,0,0,1,1,3,0
1212-3,1,35,mercaderes,53,97,1,93,20,0,0,0,36,62,0,0,0,1,1,3,0
1212-3,1,36,mercaderes,53,97,1,101,35,0,0,0,36,62,0,0,0,1,1,3,0
1212-3,1,37,mercaderes,53,97,1,96,50,0,0,0,36,62,0,0,0,1,1,3,0
1212-3,1,38,mercaderes,53,97,1,97,64,0,0,0,36,62,0,0,0,1,1,3,0
1212-3,1,39,mercaderes,52,93,1,76,68,0,0,0,36,62,0,0,0,1,1,4,0
1212-3,1,40,mercaderes,67,90,1,75,73,0,0,0,36,62,0,0,0,2,1,3,0
1212-3,1,41,mercaderes,67,90,1,68,53,0,0,0,22,48,0,0,0,2,1,8,0
1212-3,1,42,mercaderes,67,90,1,86,55,0,0,0,22,48,0,0,0,2,1,3,0
1212-3,1,43,mercaderes,75,90,1,84,55,0,0,0,22,48,0,0,0,2,1,3,0
1212-3,1,44,mercaderes,75,90,1,89,60,0,0,0,22,48,0,0,0,2,1,4,0
1212-3,1,45,mercaderes,75,90,1,89,63,0,0,0,22,48,0,1,0,2,1,4,0
1212-3,1,46,mercaderes,75,90,1,88,68,0,0,0,22,48,0,0,0,2,1,3,0
1212-3,1,47,mercaderes,75,90,1,88,49,0,0,0,11,37,0,0,0,2,1,8,0
1212-3,1,48,mercaderes,75,90,1,81,44,0,0,0,11,28,0,0,0,2,1,3,0
1212-3,1,49,mercaderes,83,90,1,81,39,0,0,0,11,28,0,0,0,2,1,3,0
1212-3,1,50,mercaderes,83,90,1,80,33,0,0,0,11,28,0,0,0,2,1,3,0
1212-3,1,51,mercaderes,83,90,1,79,28,0,0,0,11,28,0,0,0,2,1,2,0
1212-3,1,52,mercaderes,83,90,1,79,23,0,0,0,11,28,0,0,0,2,1,3,0
1212-3,1,53,mercaderes,83,90,1,78,24,0,0,0,18,35,0,0,0,2,1,3,0
1212-3,1,54,mercaderes,83,90,1,86,24,0,0,0,18,44,0,0,0,2,1,3,0
1212-3,1,55,mercaderes,83,90,1,86,24,0,0,0,18,44,0,0,0,2,1,4,0
1212-3,1,56,mercaderes,83,90,1,88,24,0,0,0,18,44,0,0,0,2,1,4,0
1212-3,1,57,mercaderes,83,90,1,90,24,0,0,0,18,44,0,0,0,2,1,4,0
1212-3,1,58,mercaderes,83,90,1,89,24,0,0,0,18,44,0,0,0,2,1,4,0
1212-3,1,59,mercaderes,83,90,1,91,41,0,0,0,36,62,0,0,0,2,1,3,0
1212-3,1,60,mercaderes,83,90,1,91,57,0,0,0,36,62,0,0,0,2,1,4,0
1212-3,1,61,mercaderes,83,90,1,91,73,0,0,0,36,62,0,0,0,2,1,4,0
1212-3,1,62,mercaderes,83,90,1,89,88,0,0,0,36,62,0,0,0,2,1,4,0
1212-3,1,63,mercaderes,83,90,1,89,102,0,0,0,36,62,0,0,0,2,1,4,0
1212-3,1,64,mercaderes,83,90,1,89,116,0,0,0,36,62,0,0,0,2,1,4,0
1212-3,1,65,mercaderes,83,90,1,89,104,0,0,0,22,48,0,0,0,2,1,8,0
1212-3,1,66,mercaderes,83,90,1,88,107,0,0,0,22,48,0,0,0,2,1,3,0
1212-3,1,67,mercaderes,91,90,1,88,110,0,0,0,22,48,0,0,0,2,1,3,0
1212-3,1,68,mercaderes,91,90,1,91,113,0,0,0,22,48,0,0,0,2,1,3,0
1212-3,1,69,mercaderes,91,90,1,90,116,0,0,0,22,48,0,0,0,2,1,3,0
1212-3,1,70,mercaderes,91,90,1,90,119,0,0,0,22,48,0,0,0,2,1,3,0
1212-3,1,71,mercaderes,91,90,1,89,97,0,0,0,11,37,0,0,0,2,1,8,0
1212-3,1,72,mercaderes,91,90,1,80,90,0,0,0,11,28,0,0,0,2,1,3,0
1212-3,1,73,mercaderes,99,90,1,79,83,0,0,0,11,28,0,0,0,2,1,3,0
1212-3,1,74,mercaderes,99,90,1,78,76,0,0,0,11,28,0,0,0,2,1,2,0
1212-3,1,75,mercaderes,99,90,1,80,69,0,0,0,11,28,0,0,0,2,1,3,0
1212-3,1,76,mercaderes,99,90,1,78,61,0,0,0,11,28,0,0,0,2,1,3,0
1212-3,1,77,mercaderes,99,90,1,79,61,0,0,0,18,35,0,0,0,2,1,3,0
1212-3,1,78,mercaderes,99,90,1,86,59,0,0,0,18,44,0,0,0,2,1,3,0
1212-3,1,79,mercaderes,99,90,1,86,44,0,0,0,18,44,0,0,0,2,1,9,0
1212-3,1,80,mercaderes,99,90,1,89,43,0,0,0,18,44,0,0,0,2,1,4,0
1212-3,1,81,mercaderes,107,90,1,90,42,0,0,0,18,44,0,0,0,2,1,4,0
1212-3,1,82,mercaderes,107,90,1,90,41,0,0,0,18,44,0,0,0,2,1,4,0
1212-3,1,83,mercaderes,107,90,1,89,57,0,0,0,36,62,0,0,0,2,1,4,0
1212-3,1,84,mercaderes,107,90,1,89,73,0,0,0,36,62,0,0,0,2,1,4,0
1212-3,1,85,mercaderes,107,90,1,88,88,0,0,0,36,62,0,0,0,2,1,4,0
1212-3,1,86,mercaderes,107,90,1,88,102,0,0,0,36,62,0,0,0,2,1,4,0
1212-3,1,87,mercaderes,107,90,1,90,116,0,0,0,36,62,0,0,0,2,1,4,0
1212-3,1,88,mercaderes,107,90,1,89,129,0,0,0,36,62,0,0,0,2,1,5,0
1212-3,1,89,mercaderes,107,90,1,89,128,0,0,0,22,48,0,0,0,2,1,3,0
1212-3,1,90,mercaderes,107,94,1,100,131,0,0,0,22,48,0,0,0,2,1,4,0
1212-3,1,91,mercaderes,107,90,1,76,123,0,0,0,22,48,0,0,0,2,1,4,0
1212-3,1,92,mercaderes,107,90,1,92,111,0,0,0,22,48,0,0,0,2,1,7,0
1212-3,1,93,mercaderes,107,90,1,86,112,0,0,0,22,48,0,0,0,2,1,3,0
1212-3,1,94,mercaderes,107,90,1,88,115,0,0,0,22,48,0,0,0,2,1,3,0
1212-3,1,95,mercaderes,107,90,1,91,107,0,0,0,11,37,0,0,0,2,1,3,0
1212-3,1,96,mercaderes,107,90,1,81,100,0,0,0,11,28,0,0,0,2,1,3,0
1212-3,1,97,mercaderes,115,90,1,81,93,0,0,0,11,28,0,0,0,2,1,3,0
1212-3,1,98,mercaderes,115,90,1,78,85,0,0,0,11,28,0,0,0,2,1,3,0
1212-3,1,99,mercaderes,115,90,1,78,78,0,0,0,11,28,0,0,0,2,1,3,0
1212-3,1,100,mercaderes,115,90,1,77,70,0,0,0,11,28,0,0,0,2,1,3,0
1212-3,1,101,mercaderes,115,90,1,77,69,0,0,0,18,35,0,0,0,2,1,3,0
1212-3,1,102,mercaderes,115,90,1,85,67,0,0,0,18,44,0,0,0,2,1,3,0
1212-3,1,103,mercaderes,115,90,1,85,65,0,0,0,18,44,0,0,0,2,1,4,0
1212-3,1,104,mercaderes,115,90,1,90,63,0,0,0,18,44,0,0,0,2,1,4,0
1212-3,1,105,mercaderes,115,90,1,89,61,0,0,0,18,44,0,0,0,2,1,4,0
1212-3,1,106,mercaderes,115,90,1,89,59,0,0,0,18,44,0,0,0,2,1,4,0
1212-3,1,107,mercaderes,115,90,1,89,75,0,0,0,36,62,0,0,0,2,1,4,0
1212-3,1,108,mercaderes,115,94,1,99,91,0,0,0,36,62,0,0,0,2,1,5,0
1212-3,1,109,mercaderes,115,90,1,75,95,0,0,0,36,62,0,0,0,2,1,4,0
1212-3,1,110,mercaderes,115,90,1,92,109,0,0,0,36,62,0,0,0,2,1,3,0
1212-3,1,111,mercaderes,115,90,1,86,123,0,0,0,36,62,0,0,0,2,1,4,0
1212-3,1,112,mercaderes,115,90,1,89,136,0,0,0,36,62,0,0,0,2,1,4,0
1212-3,1,113,mercaderes,115,90,1,88,120,0,0,0,22,48,0,0,0,2,1,9,0
1212-3,1,114,mercaderes,115,90,1,90,118,0,0,0,22,48,0,0,0,2,1,3,0
1212-3,1,115,mercaderes,123,90,1,88,121,0,0,0,22,48,0,0,0,2,1,3,0
1212-3,1,116,mercaderes,123,90,1,91,124,0,0,0,22,48,0,0,0,2,1,3,0
1212-3,1,117,mercaderes,123,90,1,90,127,0,0,0,22,48,0,0,0,2,1,3,0
1212-3,1,118,mercaderes,123,90,1,90,129,0,0,0,22,48,0,0,0,2,1,3,0
1212-3,1,119,mercaderes,123,90,1,89,121,0,0,0,11,37,0,0,0,2,1,3,0
1212-3,1,120,mercaderes,123,90,1,80,113,0,0,0,11,28,0,0,0,2,1,3,0
1212-3,1,121,mercaderes,123,90,1,80,105,0,0,0,11,28,0,0,0,2,1,3,0
1212-3,1,122,mercaderes,123,90,1,78,97,0,0,0,11,28,0,0,0,2,1,3,0
1212-3,1,123,mercaderes,123,90,1,80,89,0,0,0,11,28,0,0,0,2,1,3,0
1212-3,1,124,mercaderes,123,94,1,88,81,0,0,0,11,28,0,0,0,2,1,4,0
1212-3,1,125,mercaderes,123,90,1,64,70,0,0,0,18,35,0,0,0,2,1,4,0
1212-3,1,126,mercaderes,123,90,1,89,53,0,0,0,18,44,0,0,0,2,1,7,0
1212-3,1,127,mercaderes,123,90,1,83,49,0,0,0,18,44,0,0,0,2,1,4,0
1212-3,1,128,mercaderes,123,90,1,89,48,0,0,0,18,44,0,0,0,2,1,3,0
1212-3,1,129,mercaderes,131,90,1,89,47,0,0,0,18,44,0,0,0,2,1,4,0
1212-3,1,130,mercaderes,131,90,1,89,46,0,0,0,18,44,0,0,0,2,1,4,0
1212-3,1,131,mercaderes,131,90,1,89,62,0,0,0,36,62,0,0,0,2,1,4,0
1212-3,1,132,mercaderes,131,90,1,88,77,0,0,0,36,62,0,0,0,2,1,4,0
1212-3,1,133,mercaderes,131,90,1,88,92,0,0,0,36,62,0,0,0,2,1,4,0
1212-3,1,134,mercaderes,131,90,1,88,106,0,0,0,36,62,0,0,0,2,1,4,0
1212-3,1,135,mercaderes,131,90,1,88,120,0,0,0,36,62,0,0,0,2,1,4,0
1212-3,1,136,mercaderes,131,90,1,90,133,0,0,0,36,62,0,0,0,2,1,4,0
1212-3,1,137,mercaderes,131,90,1,92,132,0,0,0,22,48,0,0,0,2,1,4,0
1212-3,1,138,mercaderes,131,90,1,93,132,0,0,0,22,48,0,0,0,2,1,3,0
1212-3,1,139,mercaderes,131,94,1,105,133,0,0,0,22,48,0,0,0,2,1,4,0
1212-3,1,140,mercaderes,131,90,1,72,124,0,0,0,22,48,0,0,0,2,1,4,0
1212-3,1,141,mercaderes,131,90,1,97,114,0,0,0,22,48,0,0,0,2,1,7,0
1212-3,1,142,mercaderes,131,90,1,89,113,0,0,0,22,48,0,0,0,2,1,3,0
1212-3,1,143,mercaderes,131,90,1,97,105,0,0,0,11,37,0,0,0,2,1,2,0
1212-3,1,144,mercaderes,131,90,1,83,98,0,0,0,11,28,0,0,0,2,1,3,0
1212-3,1,145,mercaderes,131,90,1,84,91,0,0,0,11,28,0,0,0,2,1,2,0
1212-3,1,146,mercaderes,139,90,1,82,84,0,0,0,11,28,0,0,0,2,1,2,0
1212-3,1,147,mercaderes,139,90,1,84,78,0,0,0,11,28,0,0,0,2,1,2,0
1212-3,1,148,mercaderes,139,90,1,79,71,0,0,0,11,28,0,0,0,2,1,2,0
1212-3,1,149,mercaderes,139,90,1,86,72,0,0,0,18,35,0,0,0,2,1,2,0
1212-3,1,150,mercaderes,139,90,1,88,70,0,0,0,18,44,0,0,0,2,1,3,0
1212-3,1,151,mercaderes,139,90,1,93,68,0,0,0,18,44,0,0,0,2,1,4,0
1212-3,1,152,mercaderes,139,90,1,95,66,0,0,0,18,51,0,0,0,2,1,3,0
1212-3,1,153,mercaderes,139,90,1,100,64,0,0,0,18,51,0,0,0,2,1,3,0
1212-3,1,154,mercaderes,139,90,1,107,62,0,0,0,18,51,0,0,0,2,1,3,0
1212-3,1,155,mercaderes,139,90,1,103,67,0,0,0,25,58,0,0,0,2,1,3,0
1212-3,1,156,mercaderes,139,90,1,102,72,0,0,0,25,58,0,0,0,2,1,3,0
1212-3,1,157,mercaderes,139,94,1,121,76,0,0,0,25,58,0,0,0,2,1,4,0
1212-3,1,158,mercaderes,139,90,1,97,70,0,0,0,25,58,0,0,0,2,1,4,0
1212-3,1,159,mercaderes,139,90,1,106,75,0,0,0,25,58,0,0,0,2,1,3,0
1212-3,1,160,mercaderes,139,90,1,102,79,0,0,0,25,58,0,0,0,2,1,3,0
1212-3,1,161,mercaderes,139,90,1,111,67,0,0,0,22,55,0,0,0,2,1,8,0
1212-3,1,162,mercaderes,139,90,1,107,72,0,0,0,22,55,0,0,0,2,1,3,0
1212-3,1,163,mercaderes,139,90,1,105,77,0,0,0,22,55,0,0,0,2,1,3,0
1212-3,1,164,mercaderes,139,90,1,106,81,0,0,0,22,55,0,0,0,2,1,3,0
1212-3,1,165,mercaderes,139,90,1,106,85,0,0,0,22,55,0,0,0,2,1,3,0
1212-3,1,166,mercaderes,139,90,1,106,89,0,0,0,22,55,0,0,0,2,1,3,0
1212-3,1,167,mercaderes,147,90,1,105,82,0,0,0,11,44,0,0,0,2,1,3,0
1212-3,1,168,mercaderes,147,90,1,92,76,0,0,0,11,32,0,0,0,2,1,3,0
1212-3,1,169,mercaderes,147,90,1,99,70,0,0,0,11,32,0,0,0,2,1,2,0
1212-3,1,170,mercaderes,147,90,1,89,64,0,0,0,11,32,0,0,0,2,1,3,0
1212-3,1,171,mercaderes,147,90,1,95,58,0,0,0,11,32,0,0,0,2,1,2,0
1212-3,1,172,mercaderes,147,90,1,87,53,0,0,0,11,32,0,0,0,2,1,3,0
1212-3,1,173,mercaderes,147,90,1,92,55,0,0,0,18,39,0,0,0,2,1,3,0
1212-3,1,174,mercaderes,147,90,1,105,53,0,0,0,18,51,0,0,0,2,1,3,0
1212-3,1,175,mercaderes,147,90,1,98,52,0,0,0,18,51,0,0,0,2,1,3,0
1212-3,1,176,mercaderes,147,90,1,107,51,0,0,0,18,51,0,0,0,2,1,3,0
1212-3,1,177,mercaderes,147,90,1,103,50,0,0,0,18,51,0,0,0,2,1,3,0
1212-3,1,178,mercaderes,147,94,1,111,50,0,0,0,18,51,0,0,0,2,1,4,0
1212-3,1,179,mercaderes,147,94,1,109,65,0,0,0,36,69,0,0,0,2,1,3,0
1212-3,1,180,mercaderes,147,90,1,87,70,0,0,0,36,69,0,0,0,2,1,4,0
1212-3,1,181,mercaderes,147,90,1,105,85,0,0,0,36,69,0,0,0,2,1,3,0
1212-3,1,182,mercaderes,147,90,1,99,100,0,0,0,36,69,0,0,0,2,1,3,0
1212-3,1,183,mercaderes,147,90,1,108,114,0,0,0,36,69,0,0,0,2,1,3,0
1212-3,1,184,mercaderes,147,90,1,104,127,0,0,0,36,69,0,0,0,2,1,3,0
1212-3,1,185,mercaderes,147,90,1,103,119,0,0,0,28,61,0,0,0,2,1,8,0
1212-3,1,186,mercaderes,147,90,1,102,127,0,0,0,28,61,0,0,0,2,1,3,0
1212-3,1,187,mercaderes,147,90,1,111,135,0,0,0,28,61,0,0,0,2,1,3,0
1212-3,1,188,mercaderes,147,90,1,100,143,0,0,0,28,61,0,0,0,2,1,3,0
1212-3,1,189,mercaderes,147,90,1,103,147,0,0,0,28,61,0,0,0,2,1,2,0
1212-3,1,190,mercaderes,147,90,1,103,147,0,0,0,28,61,0,0,0,2,1,2,0
1212-3,1,191,mercaderes,155,90,1,103,131,0,0,0,11,44,0,0,0,2,1,2,0
1212-3,1,192,mercaderes,155,90,1,88,116,0,0,0,11,32,0,0,0,2,1,3,0
1212-3,1,193,mercaderes,155,90,1,94,108,0,0,0,11,32,0,0,0,2,1,2,0
1212-3,1,194,mercaderes,155,90,1,84,101,0,0,0,11,32,0,0,0,2,1,3,0
1212-3,1,195,mercaderes,155,90,1,89,94,0,0,0,11,32,0,0,0,2,1,2,0
1212-3,1,196,mercaderes,155,90,1,91,87,0,0,0,11,32,0,0,0,2,1,2,0
1212-3,1,197,mercaderes,155,90,1,93,87,0,0,0,18,39,0,0,0,2,1,3,0
1212-3,1,198,mercaderes,155,90,1,96,84,0,0,0,18,51,0,0,0,2,1,3,0
1212-3,1,199,mercaderes,155,90,1,102,81,0,0,0,18,51,0,0,0,2,1,3,0
1212-3,1,200,mercaderes,155,90,1,108,75,0,0,0,14,47,0,0,0,2,1,3,0
1212-3,1,1,mesta,21,25,1,40,75,0,0,0,4,8,0,0,0,0,1,3,0
1212-3,1,2,mesta,21,25,1,38,69,0,0,0,4,6,0,0,0,0,1,1,0
1212-3,1,3,mesta,21,25,1,36,63,0,0,0,4,6,0,0,0,0,1,0,1
1212-3,1,4,mesta,21,25,1,34,57,0,0,0,4,6,0,0,0,0,1,0,1
1212-3,1,5,mesta,21,26,1,32,53,0,0,0,6,8,0,1,0,0,1,0,1
1212-3,1,6,mesta,20,23,1,20,42,0,0,0,6,18,0,0,0,0,1,1,0
1212-3,1,7,mesta,20,24,1,28,42,0,0,0,6,18,0,0,0,0,1,1,0
1212-3,1,8,mesta,21,25,1,36,41,0,0,0,6,18,0,0,0,0,1,0,1
1212-3,1,9,mesta,21,26,1,44,40,0,0,0,6,18,0,0,0,0,1,0,1
1212-3,1,10,mesta,21,27,1,52,39,0,0,0,6,18,0,0,0,0,1,0,1
1212-3,1,11,mesta,21,28,1,60,45,0,0,0,13,25,0,0,0,0,1,0,1
1212-3,1,12,mesta,21,29,1,68,49,0,0,0,13,25,0,0,0,0,1,0,1
1212-3,1,13,mesta,22,30,1,76,53,0,0,0,13,25,0,0,0,0,1,0,1
1212-3,1,14,mesta,21,29,1,47,57,0,0,0,13,27,0,0,0,0,1,3,0
1212-3,1,15,mesta,22,30,1,57,63,0,0,0,13,25,0,0,0,0,1,1,0
1212-3,1,16,mesta,22,31,1,67,69,0,0,0,13,27,0,0,0,0,1,1,0
1212-3,1,17,mesta,37,32,1,77,70,0,0,0,8,22,0,0,0,1,1,0,1
1212-3,1,18,mesta,37,33,1,78,70,0,0,0,8,22,0,0,0,1,1,2,0
1212-3,1,19,mesta,37,34,1,72,70,0,0,0,8,22,0,0,0,1,1,2,0
1212-3,1,20,mesta,38,35,1,78,70,0,0,0,8,22,0,0,0,1,1,2,0
1212-3,1,21,mesta,38,35,1,62,70,0,0,0,8,22,0,0,0,1,1,2,0
1212-3,1,22,mesta,38,35,1,77,68,0,0,0,8,22,0,1,0,1,1,1,0
1212-3,1,23,mesta,38,35,1,78,64,0,0,0,4,27,0,0,0,1,1,2,0
1212-3,1,24,mesta,38,35,1,69,60,0,0,0,4,24,0,0,0,1,1,2,0
1212-3,1,25,mesta,38,35,1,72,56,0,0,0,4,24,0,0,0,1,1,2,0
1212-3,1,26,mesta,38,35,1,72,52,0,0,0,4,24,0,0,0,1,1,2,0
1212-3,1,27,mesta,38,35,1,71,48,0,0,0,4,24,0,0,0,1,1,3,0
1212-3,1,28,mesta,38,35,1,92,47,0,0,0,4,24,0,0,0,1,1,3,0
1212-3,1,29,mesta,38,35,1,91,48,0,0,0,6,26,0,0,0,1,1,5,0
1212-3,1,30,mesta,38,35,1,102,48,0,0,0,6,29,0,0,0,1,1,4,0
1212-3,1,31,mesta,38,35,1,104,48,0,0,0,6,29,0,0,0,1,1,4,0
1212-3,1,32,mesta,38,35,1,106,48,0,0,0,6,29,0,0,0,1,1,4,0
1212-3,1,33,mesta,38,35,1,108,48,0,0,0,6,29,0,0,0,1,1,4,0
1212-3,1,34,mesta,48,35,1,110,48,11,0,0,6,29,0,0,0,1,1,4,0
1212-3,1,35,mesta,48,36,1,111,54,6,0,0,13,36,0,0,0,1,1,5,0
1212-3,1,36,mesta,48,37,1,313,58,1,0,0,13,36,0,0,0,1,1,5,0
1212-3,1,37,mesta,48,36,1,383,62,1,0,0,13,36,0,0,0,1,1,7,0
1212-3,1,38,mesta,48,35,1,347,69,1,0,0,13,36,0,0,0,1,1,6,0
1212-3,1,39,mesta,48,36,1,341,77,1,0,0,13,36,0,0,0,1,1,4,0
1212-3,1,40,mesta,48,37,1,335,84,1,0,0,13,36,0,0,0,1,1,7,0
1212-3,1,41,mesta,48,37,1,303,86,1,0,0,8,31,0,0,0,1,1,3,0
1212-3,1,42,mesta,48,37,1,275,88,1,0,0,8,31,0,0,0,1,1,4,0
1212-3,1,43,mesta,48,37,1,246,90,1,0,0,8,31,0,0,0,1,1,3,0
1212-3,1,44,mesta,48,37,1,216,92,1,0,0,8,31,0,0,0,1,1,3,0
1212-3,1,45,mesta,48,37,1,136,94,1,0,0,8,31,0,0,0,1,1,3,0
1212-3,1,46,mesta,48,37,1,113,96,1,0,0,8,31,0,0,0,1,1,3,0
1212-3,1,47,mesta,48,37,1,107,94,1,0,0,4,27,0,0,0,1,1,3,0
1212-3,1,48,mesta,48,37,1,96,92,1,0,0,4,24,0,0,0,1,1,3,0
1212-3,1,49,mesta,48,37,1,94,90,1,0,0,4,24,0,0,0,1,1,3,0
1212-3,1,50,mesta,48,37,1,70,49,1,0,0,4,24,0,0,0,1,1,4,0
1212-3,1,51,mesta,48,37,1,92,48,1,0,0,4,24,0,0,0,1,1,3,0
1212-3,1,52,mesta,82,67,2,92,50,1,0,0,4,24,0,0,0,2,1,4,0
1212-3,1,53,mesta,82,67,2,72,49,1,0,0,6,32,0,0,0,2,1,8,0
1212-3,1,54,mesta,82,67,2,95,43,1,0,0,6,35,0,1,0,2,1,4,0
1212-3,1,55,mesta,82,67,2,81,43,1,0,0,10,39,0,0,0,2,1,4,0
1212-3,1,56,mesta,82,67,2,95,41,1,0,0,10,39,0,1,0,2,1,5,0
1212-3,1,57,mesta,82,67,2,79,45,1,0,0,14,43,0,0,0,2,1,4,0
1212-3,1,58,mesta,192,67,2,92,47,36,0,0,14,43,0,1,0,3,1,5,0
1212-3,1,59,mesta,192,69,2,99,73,30,0,0,37,66,0,0,0,3,1,4,0
1212-3,1,60,mesta,193,71,2,303,94,25,0,0,37,66,0,1,0,3,1,6,0
1212-3,1,61,mesta,193,73,2,406,123,21,0,0,45,74,0,0,0,3,1,6,0
1212-3,1,62,mesta,193,71,2,537,139,17,0,0,45,76,0,1,0,3,1,7,0
1212-3,1,63,mesta,193,73,2,684,162,13,0,0,40,69,0,0,0,3,1,7,0
1212-3,1,64,mesta,193,73,2,799,180,9,0,0,41,70,0,2,0,3,1,9,0
1212-3,1,65,mesta,193,73,2,857,137,6,0,0,26,55,0,0,0,3,1,12,0
1212-3,1,66,mesta,194,75,2,913,149,3,0,0,26,55,0,0,0,3,1,6,0
1212-3,1,67,mesta,256,108,3,1015,162,0,0,0,27,56,0,0,0,5,1,5,0
1212-3,1,68,mesta,256,108,3,1071,167,0,0,0,27,62,0,0,0,5,1,6,0
1212-3,1,69,mesta,257,111,3,1045,170,0,0,0,27,62,0,1,0,5,1,6,0
1212-3,1,70,mesta,258,115,3,954,183,0,0,0,31,62,0,0,0,5,1,5,0
1212-3,1,71,mesta,257,111,3,905,167,0,0,0,15,48,0,0,0,5,1,6,0
1212-3,1,72,mesta,257,111,3,871,163,0,0,0,15,43,0,1,0,5,1,4,0
1212-3,1,73,mesta,257,111,3,836,161,0,0,0,15,43,0,0,0,5,1,4,0
1212-3,1,74,mesta,257,111,3,721,119,0,0,0,15,43,0,0,0,5,1,4,0
1212-3,1,75,mesta,257,111,3,636,118,0,0,0,16,44,0,0,0,5,1,5,0
1212-3,1,76,mesta,272,146,4,601,117,0,0,0,16,44,0,0,0,5,1,5,0
1212-3,1,77,mesta,273,150,4,523,117,0,0,0,26,60,0,0,0,5,1,12,0
1212-3,1,78,mesta,272,146,4,480,101,0,0,0,26,65,0,1,0,5,1,8,0
1212-3,1,79,mesta,272,146,4,398,88,0,0,0,29,69,0,0,0,5,1,10,0
1212-3,1,80,mesta,272,146,4,376,87,0,0,0,29,69,0,1,0,5,1,5,0
1212-3,1,81,mesta,280,146,4,354,85,0,0,0,29,69,0,0,0,5,1,5,0
1212-3,1,82,mesta,310,146,4,332,83,73,0,0,29,69,0,0,0,5,1,5,0
1212-3,1,83,mesta,311,151,4,333,111,69,0,0,60,100,0,0,0,5,1,5,0
1212-3,1,84,mesta,312,156,4,479,136,65,0,0,60,100,0,0,0,5,1,6,0
1212-3,1,85,mesta,313,161,4,592,120,61,0,0,60,96,0,0,0,5,1,6,0
1212-3,1,86,mesta,314,166,4,682,142,57,0,0,60,96,0,0,0,5,1,9,0
1212-3,1,87,mesta,326,188,5,805,152,53,0,0,60,100,0,0,0,5,1,9,0
1212-3,1,88,mesta,328,195,5,927,166,49,0,0,60,104,0,0,0,5,1,6,0
1212-3,1,89,mesta,328,199,5,1045,156,46,0,0,36,80,0,1,0,5,1,8,0
1212-3,1,90,mesta,328,195,5,1093,140,43,0,0,40,86,0,0,0,5,1,7,0
1212-3,1,91,mesta,328,195,5,1185,120,40,0,0,40,84,0,1,0,5,1,10,0
1212-3,1,92,mesta,328,195,5,1275,116,37,0,0,40,84,0,0,0,5,1,5,0
1212-3,1,93,mesta,328,195,5,1363,112,34,0,0,40,84,0,0,0,5,1,6,0
1212-3,1,94,mesta,328,195,5,1416,70,31,0,0,40,78,0,0,0,5,1,7,0
1212-3,1,95,mesta,328,195,5,1449,48,28,0,0,19,59,0,0,0,5,1,6,0
1212-3,1,96,mesta,357,260,6,1528,26,25,0,0,19,56,0,0,0,5,1,6,0
1212-3,1,97,mesta,356,260,6,1604,1,22,0,0,19,68,1,0,0,5,1,6,0
1212-3,1,98,mesta,355,260,6,1679,1,19,0,0,19,68,1,0,0,5,1,5,0
1212-3,1,99,mesta,352,254,6,1753,1,16,0,0,19,68,1,0,0,5,1,6,0
1212-3,1,100,mesta,350,248,6,1827,1,13,0,0,19,65,1,0,0,5,1,6,0
1212-3,1,101,mesta,348,242,6,1869,1,9,0,0,30,68,1,0,0,5,1,10,0
1212-3,1,102,mesta,346,236,6,1992,0,5,0,0,29,69,1,0,0,5,1,6,0
1212-3,1,103,mesta,344,230,6,2133,0,1,0,0,28,66,1,0,0,5,1,5,0
1212-3,1,104,mesta,341,224,6,2245,0,1,0,0,25,60,1,0,0,5,1,6,0
1212-3,1,105,mesta,339,218,6,2205,1,1,0,0,25,56,1,0,0,5,1,5,0
1212-3,1,106,mesta,317,141,4,2165,1,74,0,0,21,47,1,0,0,5,1,6,0
1212-3,1,107,mesta,317,141,4,2160,12,70,0,0,38,60,0,0,0,5,1,5,0
1212-3,1,108,mesta,282,107,3,2300,22,66,0,0,34,54,0,0,0,5,1,5,0
1212-3,1,109,mesta,283,111,3,2443,43,62,0,0,41,62,0,0,0,5,1,5,0
1212-3,1,110,mesta,249,82,2,2584,62,58,0,0,37,56,0,0,0,5,1,8,0
1212-3,1,111,mesta,250,89,2,2741,85,54,0,0,38,59,0,0,0,5,1,8,0
1212-3,1,112,mesta,251,92,2,2886,104,50,0,0,38,59,0,0,0,5,1,5,0
1212-3,1,113,mesta,252,95,2,3057,108,47,0,0,24,46,0,0,0,5,1,5,0
1212-3,1,114,mesta,252,99,2,3149,113,44,0,0,24,47,0,0,0,5,1,5,0
1212-3,1,115,mesta,252,99,2,3239,117,41,0,0,24,47,0,0,0,5,1,5,0
1212-3,1,116,mesta,253,103,2,3345,124,38,0,0,28,51,0,0,0,5,1,5,0
1212-3,1,117,mesta,254,107,2,3398,130,35,0,0,28,51,0,0,0,5,1,6,0
1212-3,1,118,mesta,255,111,2,3499,135,32,0,0,28,51,0,0,0,5,1,6,0
1212-3,1,119,mesta,255,111,2,3599,125,29,0,0,14,37,0,0,0,5,1,5,0
1212-3,1,120,mesta,255,111,2,3697,116,26,0,0,14,37,0,0,0,5,1,5,0
1212-3,1,121,mesta,255,111,2,3744,107,23,0,0,14,37,0,0,0,5,1,5,0
1212-3,1,122,mesta,255,111,2,3839,99,20,0,0,15,38,0,0,0,5,1,6,0
1212-3,1,123,mesta,255,111,2,3933,92,17,0,0,15,38,0,0,0,5,1,5,0
1212-3,1,124,mesta,255,111,2,4044,85,12,0,0,15,38,0,0,0,5,1,5,0
1212-3,1,125,mesta,255,111,2,4048,86,8,0,0,23,46,0,0,0,5,1,11,0
1212-3,1,126,mesta,255,111,2,4192,85,4,0,0,23,48,0,0,0,5,1,7,0
1212-3,1,127,mesta,255,111,2,4362,83,0,0,0,23,53,0,0,0,5,1,5,0
1212-3,1,128,mesta,255,111,2,4505,81,0,0,0,23,53,0,0,0,5,1,5,0
1212-3,1,129,mesta,255,111,2,4450,80,0,0,0,23,53,0,0,0,5,1,5,0
1212-3,1,130,mesta,305,111,2,4445,79,67,0,0,23,53,0,0,0,5,1,6,0
1212-3,1,131,mesta,306,115,2,4459,102,63,0,0,48,78,0,0,0,5,1,5,0
1212-3,1,132,mesta,306,115,2,4602,113,59,0,0,48,79,0,0,0,5,1,6,0
1212-3,1,133,mesta,306,119,2,4711,133,55,0,0,48,78,0,0,0,5,1,5,0
1212-3,1,134,mesta,307,124,2,4840,113,51,0,0,48,80,0,0,0,5,1,9,0
1212-3,1,135,mesta,308,129,2,4997,130,47,0,0,48,80,0,0,0,5,1,8,0
1212-3,1,136,mesta,324,167,3,5153,145,43,0,0,48,81,0,0,0,5,1,5,0
1212-3,1,137,mesta,324,167,3,5329,126,40,0,0,34,70,0,0,0,5,1,11,0
1212-3,1,138,mesta,324,167,3,5374,122,37,0,0,34,70,0,0,0,5,1,6,0
1212-3,1,139,mesta,324,167,3,5485,118,34,0,0,34,70,0,0,0,5,1,7,0
1212-3,1,140,mesta,324,167,3,5591,114,31,0,0,34,72,0,0,0,5,1,5,0
1212-3,1,141,mesta,324,167,3,5669,71,28,0,0,34,72,0,0,0,5,1,5,0
1212-3,1,142,mesta,324,167,3,5725,68,25,0,0,34,72,0,0,0,5,1,5,0
1212-3,1,143,mesta,343,181,4,5826,49,22,0,0,17,55,0,0,0,5,1,6,0
1212-3,1,144,mesta,342,181,4,5915,41,19,0,0,18,53,1,0,0,5,1,6,0
1212-3,1,145,mesta,341,181,4,6005,41,16,0,0,18,53,1,0,0,5,1,5,0
1212-3,1,146,mesta,339,176,4,6093,41,13,0,0,18,53,1,0,0,5,1,5,0
1212-3,1,147,mesta,337,171,4,6177,41,10,0,0,18,52,1,0,0,5,1,5,0
1212-3,1,148,mesta,335,166,4,6263,41,7,0,0,18,52,1,0,0,5,1,5,0
1212-3,1,149,mesta,333,161,4,6320,41,3,0,0,28,62,1,0,0,5,1,10,0
1212-3,1,150,mesta,331,156,4,6458,40,0,0,0,27,63,1,0,0,5,1,5,0
1212-3,1,151,mesta,329,151,4,6556,40,0,0,0,26,62,1,0,0,5,1,6,0
1212-3,1,152,mesta,327,146,4,6535,41,0,0,0,25,57,1,0,0,5,1,6,0
1212-3,1,153,mesta,325,141,4,6508,41,0,0,0,25,56,1,0,0,5,1,6,0
1212-3,1,154,mesta,373,136,4,6481,41,83,0,0,21,47,1,0,0,5,1,5,0
1212-3,1,155,mesta,373,136,4,6447,17,79,0,0,44,69,0,0,0,5,1,5,0
1212-3,1,156,mesta,374,142,4,6591,32,75,0,0,45,71,0,0,0,5,1,5,0
1212-3,1,157,mesta,393,199,5,6732,51,71,0,0,51,77,0,0,0,5,1,5,0
1212-3,1,158,mesta,393,199,5,6854,56,67,0,0,51,80,0,0,0,5,1,9,0
1212-3,1,159,mesta,393,199,5,6973,60,63,0,0,52,81,0,1,0,5,1,8,0
1212-3,1,160,mesta,396,211,5,7111,72,59,0,0,59,88,0,1,0,5,1,7,0
1212-3,1,161,mesta,396,211,5,7236,23,56,0,0,38,72,0,0,0,5,1,6,0
1212-3,1,162,mesta,396,211,5,7262,15,53,0,0,38,72,0,0,0,5,1,6,0
1212-3,1,163,mesta,410,243,6,7338,8,50,0,0,39,73,0,0,0,5,1,7,0
1212-3,1,164,mesta,409,243,6,7412,1,47,0,0,43,85,1,0,0,5,1,6,0
1212-3,1,165,mesta,408,243,6,7492,1,44,0,0,43,85,1,0,0,5,1,5,0
1212-3,1,166,mesta,406,236,6,7565,1,41,0,0,43,85,1,0,0,5,1,5,0
1212-3,1,167,mesta,403,229,6,7640,1,38,0,0,20,62,1,0,0,5,1,5,0
1212-3,1,168,mesta,401,222,6,7706,1,35,0,0,18,56,1,0,0,5,1,5,0
1212-3,1,169,mesta,399,215,6,7772,1,32,0,0,17,54,1,0,0,5,1,5,0
1212-3,1,170,mesta,396,208,6,7837,1,29,0,0,17,53,1,0,0,5,1,6,0
1212-3,1,171,mesta,394,201,6,7893,1,26,0,0,14,45,1,0,0,5,1,6,0
1212-3,1,172,mesta,391,194,6,7945,1,23,0,0,14,40,1,0,0,5,1,5,0
1212-3,1,173,mesta,389,188,6,7968,1,19,0,0,24,49,1,0,0,5,1,10,0
1212-3,1,174,mesta,387,183,6,8072,0,15,0,0,24,50,1,0,0,5,1,5,0
1212-3,1,175,mesta,385,178,6,8174,0,11,0,0,21,46,1,0,0,5,1,5,0
1212-3,1,176,mesta,383,173,6,8273,0,7,0,0,20,43,1,0,0,5,1,5,0
1212-3,1,177,mesta,381,168,6,8392,0,3,0,0,20,43,1,0,0,5,1,5,0
1212-3,1,178,mesta,429,163,6,8507,0,87,0,0,24,46,1,0,0,5,1,5,0
1212-3,1,179,mesta,329,83,3,8579,14,83,0,0,18,35,0,0,0,5,1,6,0
1212-3,1,180,mesta,261,22,1,8715,17,79,0,0,10,24,0,0,0,5,1,5,0
1212-3,1,181,mesta,261,22,1,8819,26,75,0,0,10,24,0,0,0,5,1,6,0
1212-3,1,182,mesta,261,23,1,8971,36,71,0,0,11,26,0,0,0,5,1,9,0
1212-3,1,183,mesta,261,24,1,9121,47,67,0,0,12,27,0,0,0,5,1,5,0
1212-3,1,184,mesta,262,25,1,9269,54,63,0,0,10,25,0,0,0,5,1,7,0
1212-3,1,185,mesta,262,25,1,9390,57,60,0,0,6,22,0,0,0,5,1,4,0
1212-3,1,186,mesta,262,25,1,9498,60,57,0,0,6,22,0,0,0,5,1,5,0
1212-3,1,187,mesta,262,25,1,9598,63,54,0,0,6,22,0,0,0,5,1,4,0
1212-3,1,188,mesta,262,25,1,9701,66,51,0,0,6,22,0,0,0,5,1,4,0
1212-3,1,189,mesta,262,25,1,9753,69,48,0,0,6,22,0,0,0,5,1,4,0
1212-3,1,190,mesta,262,25,1,9853,72,45,0,0,6,22,0,0,0,5,1,5,0
1212-3,1,191,mesta,262,25,1,9950,72,42,0,0,3,19,0,0,0,5,1,4,0
1212-3,1,192,mesta,262,25,1,10045,72,39,0,0,3,19,0,0,0,5,1,4,0
1212-3,1,193,mesta,262,25,1,10089,72,36,0,0,3,19,0,0,0,5,1,4,0
1212-3,1,194,mesta,262,25,1,10181,72,33,0,0,3,19,0,0,0,5,1,5,0
1212-3,1,195,mesta,262,25,1,10274,72,30,0,0,3,19,0,0,0,5,1,4,0
1212-3,1,196,mesta,262,25,1,10365,72,27,0,0,3,19,0,0,0,5,1,4,0
1212-3,1,197,mesta,262,25,1,10383,73,23,0,0,5,21,0,0,0,5,1,10,0
1212-3,1,198,mesta,262,25,1,10530,74,19,0,0,5,22,0,0,0,5,1,6,0
1212-3,1,199,mesta,262,25,1,10697,75,15,0,0,5,22,0,0,0,5,1,5,0
1212-3,1,200,mesta,262,25,1,10831,38,11,0,0,5,22,0,0,0,5,1,6,0
1212-3,1,1,monjes,27,56,1,28,65,0,0,0,12,24,0,0,0,0,1,4,0
1212-3,1,2,monjes,26,52,1,9,49,0,0,0,12,17,0,0,0,0,1,2,0
1212-3,1,3,monjes,26,52,1,0,35,0,0,0,12,17,0,0,0,0,1,5,0
1212-3,1,4,monjes,44,52,1,1,29,0,0,0,12,17,0,0,0,1,1,0,1
1212-3,1,5,monjes,44,54,1,2,31,0,0,0,20,25,0,2,0,1,1,0,1
1212-3,1,6,monjes,45,56,1,16,47,0,0,0,30,48,0,0,0,1,1,1,0
1212-3,1,7,monjes,45,58,1,30,61,0,0,0,30,48,0,0,0,1,1,0,1
1212-3,1,8,monjes,45,56,1,24,61,0,0,0,30,48,0,0,0,1,1,6,0
1212-3,1,9,monjes,67,54,1,18,65,0,0,0,30,48,0,0,0,2,1,1,0
1212-3,1,10,monjes,68,56,1,32,79,0,0,0,30,48,0,0,0,2,1,1,0
1212-3,1,11,monjes,68,58,1,44,120,0,0,0,60,75,0,0,0,2,1,0,1
1212-3,1,12,monjes,69,60,1,56,160,0,0,0,60,75,0,0,0,2,1,0,1
1212-3,1,13,monjes,69,63,1,69,197,0,0,0,60,76,0,0,0,2,1,0,1
1212-3,1,14,monjes,70,66,1,74,233,0,0,0,60,76,0,0,0,2,1,2,0
1212-3,1,15,monjes,70,69,1,81,257,0,0,0,60,76,0,0,0,2,1,3,0
1212-3,1,16,monjes,71,72,1,101,280,0,0,0,60,76,0,0,0,2,1,3,0
1212-3,1,17,monjes,72,75,1,100,261,0,0,0,37,54,0,0,0,2,1,13,0
1212-3,1,18,monjes,80,78,1,97,264,0,0,0,37,54,0,0,0,2,1,3,0
1212-3,1,19,monjes,81,81,1,93,266,0,0,0,37,54,0,0,0,2,1,3,0
1212-3,1,20,monjes,82,85,1,97,266,0,0,0,37,56,0,0,0,2,1,3,0
1212-3,1,21,monjes,82,89,1,95,253,0,0,0,37,56,0,0,0,2,1,13,0
1212-3,1,22,monjes,91,90,1,101,252,0,0,0,37,56,0,0,0,2,1,3,0
1212-3,1,23,monjes,91,90,1,102,234,0,0,0,18,38,0,0,0,2,1,3,0
1212-3,1,24,monjes,91,90,1,95,216,0,0,0,18,32,0,0,0,2,1,3,0
1212-3,1,25,monjes,91,90,1,94,190,0,0,0,18,32,0,0,0,2,1,8,0
1212-3,1,26,monjes,99,90,1,101,165,0,0,0,18,32,0,0,0,2,1,7,0
1212-3,1,27,monjes,99,90,1,76,155,0,0,0,18,32,0,0,0,2,1,2,0
1212-3,1,28,monjes,99,90,1,90,145,0,0,0,18,32,0,0,0,2,1,2,0
1212-3,1,29,monjes,99,90,1,74,139,0,0,0,30,44,0,0,0,2,1,7,0
1212-3,1,30,monjes,99,90,1,90,142,0,0,0,30,50,0,0,0,2,1,2,0
1212-3,1,31,monjes,107,90,1,80,144,0,0,0,30,50,0,0,0,2,1,2,0
1212-3,1,32,monjes,107,90,1,86,146,0,0,0,30,50,0,0,0,2,1,2,0
1212-3,1,33,monjes,106,89,1,89,126,0,0,0,30,50,0,0,0,2,1,10,0
1212-3,1,34,monjes,107,90,1,86,118,0,0,0,30,49,0,0,0,2,1,8,0
1212-3,1,35,monjes,194,96,2,86,154,0,0,0,60,80,0,0,0,3,1,4,0
1212-3,1,36,monjes,194,97,2,76,187,0,0,0,60,80,0,0,0,3,1,3,0
1212-3,1,37,monjes,194,98,2,79,213,0,0,0,60,80,0,1,0,3,1,3,0
1212-3,1,38,monjes,194,99,2,69,249,0,0,0,78,98,0,0,0,3,1,3,0
1212-3,1,39,monjes,195,100,2,94,280,0,0,0,78,98,0,1,0,3,1,4,0
1212-3,1,40,monjes,195,101,2,100,308,0,0,0,72,95,0,0,0,3,1,3,0
1212-3,1,41,monjes,195,101,2,102,304,0,0,0,45,68,0,1,0,3,1,13,0
1212-3,1,42,monjes,194,98,2,64,293,0,0,0,42,63,0,0,0,3,1,4,0
1212-3,1,43,monjes,284,105,3,100,274,0,0,0,43,64,0,1,0,4,1,8,0
1212-3,1,44,monjes,284,107,3,81,274,0,0,0,43,64,0,0,0,4,1,5,0
1212-3,1,45,monjes,292,109,3,95,271,0,0,0,55,77,0,1,0,4,1,9,0
1212-3,1,46,monjes,292,106,3,97,290,0,0,0,71,93,0,0,0,4,1,6,0
1212-3,1,47,monjes,292,108,3,99,279,0,0,0,33,55,0,0,0,4,1,3,0
1212-3,1,48,monjes,293,110,3,65,232,0,0,0,36,52,0,0,0,4,1,4,0
1212-3,1,49,monjes,302,118,4,111,253,0,0,0,37,54,0,0,0,4,1,8,0
1212-3,1,50,monjes,311,121,4,78,245,0,0,0,38,55,0,0,0,4,1,5,0
1212-3,1,51,monjes,310,119,4,92,227,0,0,0,41,58,0,1,0,4,1,6,0
1212-3,1,52,monjes,312,126,4,92,220,0,0,0,38,57,0,0,0,4,1,4,0
1212-3,1,53,monjes,312,125,4,64,212,0,0,0,60,81,0,0,0,4,1,9,0
1212-3,1,54,monjes,321,134,5,92,211,0,0,0,61,88,0,0,0,4,1,9,0
1212-3,1,55,monjes,330,138,5,71,221,0,0,0,63,91,0,0,0,4,1,4,0
1212-3,1,56,monjes,331,142,5,63,193,0,0,0,65,94,0,1,0,4,1,5,0
1212-3,1,57,monjes,332,145,5,75,223,0,0,0,75,105,0,0,0,4,1,4,0
1212-3,1,58,monjes,348,186,6,60,243,0,0,0,76,105,0,1,0,4,1,5,0
1212-3,1,59,monjes,350,197,6,54,282,0,0,0,146,186,0,0,0,4,1,5,0
1212-3,1,60,monjes,351,203,6,79,355,0,0,0,147,186,0,0,0,4,1,2,0
1212-3,1,61,monjes,368,245,7,93,425,0,0,0,149,188,0,1,0,4,1,4,0
1212-3,1,62,monjes,369,252,7,43,449,0,0,0,150,195,0,0,0,4,1,6,0
1212-3,1,63,monjes,370,259,7,70,504,0,0,0,151,196,0,1,0,4,1,2,0
1212-3,1,64,monjes,386,297,8,75,558,0,0,0,150,196,0,0,0,4,1,3,0
1212-3,1,65,monjes,388,305,8,84,525,0,0,0,97,151,0,1,0,4,1,16,0
1212-3,1,66,monjes,389,314,8,93,527,0,0,0,110,163,0,1,0,4,1,4,0
1212-3,1,67,monjes,399,323,8,80,531,0,0,0,111,167,0,0,0,4,1,3,0
1212-3,1,68,monjes,401,331,8,93,530,0,0,0,111,167,0,1,0,4,1,4,0
1212-3,1,69,monjes,402,338,8,87,536,0,0,0,125,184,0,0,0,4,1,9,0
1212-3,1,70,monjes,404,345,8,97,532,0,0,0,125,180,0,1,0,4,1,9,0
1212-3,1,71,monjes,403,340,8,83,481,0,0,0,69,128,0,0,0,4,1,8,0
1212-3,1,72,monjes,411,340,8,77,439,0,0,0,69,121,0,1,0,4,1,4,0
1212-3,1,73,monjes,420,345,9,80,401,0,0,0,69,121,0,1,0,4,1,4,0
1212-3,1,74,monjes,420,345,9,65,372,0,0,0,76,128,0,1,0,4,1,4,0
1212-3,1,75,monjes,420,345,9,61,348,0,0,0,83,135,0,0,0,4,1,4,0
1212-3,1,76,monjes,420,345,9,74,309,0,0,0,83,135,0,1,0,4,1,8,0
1212-3,1,77,monjes,422,355,9,77,328,0,0,0,131,183,0,1,0,4,1,4,0
1212-3,1,78,monjes,424,365,9,85,360,0,0,0,142,200,0,0,0,4,1,4,0
1212-3,1,79,monjes,434,375,9,83,391,0,0,0,144,203,0,0,0,4,1,4,0
1212-3,1,80,monjes,436,387,9,94,420,0,0,0,146,208,0,0,0,4,1,4,0
1212-3,1,81,monjes,439,400,9,86,447,0,0,0,146,210,0,0,0,4,1,4,0
1212-3,1,82,monjes,441,411,9,92,459,0,0,0,146,212,0,0,0,4,1,9,0
1212-3,1,83,monjes,451,422,9,83,598,0,0,0,274,341,0,1,0,4,1,5,0
1212-3,1,84,monjes,453,433,9,101,728,0,0,0,274,341,0,1,0,4,1,4,0
1212-3,1,85,monjes,455,444,9,95,860,0,0,0,281,351,0,0,0,4,1,3,0
1212-3,1,86,monjes,458,455,9,103,982,0,0,0,281,352,0,0,0,4,1,3,0
1212-3,1,87,monjes,460,467,9,101,1097,0,0,0,281,354,0,1,0,4,1,3,0
1212-3,1,88,monjes,462,479,9,100,1206,0,0,0,281,354,0,0,0,4,1,3,0
1212-3,1,89,monjes,465,492,9,92,1195,0,0,0,182,258,0,0,0,4,1,13,0
1212-3,1,90,monjes,468,506,9,103,1191,0,0,0,182,259,0,1,0,4,1,4,0
1212-3,1,91,monjes,479,521,9,107,1192,0,0,0,182,263,0,0,0,4,1,3,0
1212-3,1,92,monjes,482,537,9,113,1189,0,0,0,182,265,0,0,0,4,1,3,0
1212-3,1,93,monjes,485,553,9,109,1181,0,0,0,182,265,0,1,0,4,1,4,0
1212-3,1,94,monjes,488,569,9,103,1158,0,0,0,182,268,0,0,0,4,1,8,0
1212-3,1,95,monjes,488,569,9,101,1066,0,0,0,104,195,0,0,0,4,1,4,0
1212-3,1,96,monjes,488,569,9,98,976,0,0,0,104,189,0,2,0,4,1,4,0
1212-3,1,97,monjes,489,573,9,125,899,0,0,0,112,197,0,1,0,4,1,5,0
1212-3,1,98,monjes,488,569,9,90,816,0,0,0,122,207,0,1,0,4,1,9,0
1212-3,1,99,monjes,487,564,9,113,742,0,0,0,122,213,0,0,0,4,1,12,0
1212-3,1,100,monjes,487,564,9,110,689,0,0,0,121,212,0,0,0,4,1,4,0
1212-3,1,101,monjes,501,590,10,119,685,0,0,0,169,260,0,1,0,4,1,5,0
1212-3,1,102,monjes,503,604,10,121,674,0,0,0,169,268,0,0,0,4,1,5,0
1212-3,1,103,monjes,515,622,10,96,659,0,0,0,171,272,0,2,0,4,1,8,0
1212-3,1,104,monjes,519,641,10,112,653,0,1,0,183,286,0,1,0,4,1,5,0
1212-3,1,105,monjes,522,658,10,130,650,0,1,0,189,293,0,0,0,4,1,4,0
1212-3,1,106,monjes,525,671,10,126,644,0,1,0,189,297,0,0,0,4,1,6,0
1212-3,1,107,monjes,528,687,10,123,769,0,2,0,330,440,0,1,0,4,1,5,0
1212-3,1,108,monjes,531,703,10,134,880,0,1,0,330,440,0,0,0,4,1,9,0
1212-3,1,109,monjes,534,719,10,132,993,0,1,0,330,442,0,0,0,4,1,5,0
1212-3,1,110,monjes,539,741,10,132,1093,0,2,0,330,445,0,1,0,4,1,6,0
1212-3,1,111,monjes,543,762,10,149,1187,0,3,0,330,447,0,0,0,4,1,4,0
1212-3,1,112,monjes,555,781,10,135,1261,0,2,0,330,450,0,0,0,4,1,8,0
1212-3,1,113,monjes,558,798,10,137,1231,0,2,0,221,343,0,1,0,4,1,4,0
1212-3,1,114,monjes,560,807,10,140,1193,0,2,0,221,348,0,0,0,4,1,6,0
1212-3,1,115,monjes,563,821,10,180,1152,0,2,0,219,349,0,1,0,4,1,5,0
1212-3,1,116,monjes,566,836,10,145,1120,0,2,0,220,350,0,1,0,4,1,6,0
1212-3,1,117,monjes,568,849,10,178,1088,0,2,0,221,354,0,1,0,4,1,5,0
1212-3,1,118,monjes,580,869,11,212,1058,0,2,0,223,357,0,0,0,4,1,5,0
1212-3,1,119,monjes,580,869,11,181,943,0,2,0,140,277,0,0,0,4,1,6,0
1212-3,1,120,monjes,581,873,11,216,834,0,2,0,140,271,0,1,0,4,1,6,0
1212-3,1,121,monjes,580,869,11,171,717,0,2,0,140,271,0,1,0,4,1,6,0
1212-3,1,122,monjes,580,869,11,186,605,0,2,0,144,275,0,0,0,4,1,9,0
1212-3,1,123,monjes,580,869,11,211,512,0,2,0,144,275,0,0,0,4,1,6,0
1212-3,1,124,monjes,580,869,11,236,423,0,2,0,144,275,0,1,0,4,1,4,0
1212-3,1,125,monjes,588,869,11,211,389,0,2,0,196,328,0,0,0,4,1,4,0
1212-3,1,126,monjes,588,869,11,241,354,0,2,0,196,333,0,1,0,4,1,6,0
1212-3,1,127,monjes,588,869,11,256,323,0,2,0,196,333,0,0,0,4,1,4,0
1212-3,1,128,monjes,588,869,11,286,291,0,2,0,196,333,0,1,0,4,1,4,0
1212-3,1,129,monjes,588,869,11,266,260,0,2,0,196,332,0,1,0,4,1,4,0
1212-3,1,130,monjes,588,869,11,296,233,0,2,0,196,332,0,0,0,4,1,5,0
1212-3,1,131,monjes,592,889,11,315,344,0,2,0,336,472,0,0,0,4,1,3,0
1212-3,1,132,monjes,595,900,11,332,448,0,2,0,338,479,0,0,0,4,1,5,0
1212-3,1,133,monjes,598,915,11,305,540,0,2,0,340,483,0,2,0,4,1,5,0
1212-3,1,134,monjes,601,930,11,328,628,0,0,0,347,491,0,1,0,4,1,10,0
1212-3,1,135,monjes,612,947,11,265,739,0,0,0,374,522,0,1,0,4,1,7,0
1212-3,1,136,monjes,616,965,11,252,851,0,2,0,386,535,0,1,0,4,1,7,0
1212-3,1,137,monjes,619,983,11,279,852,0,4,0,279,429,0,1,0,4,1,5,0
1212-3,1,138,monjes,623,1000,11,323,861,0,4,0,297,449,0,1,0,4,1,9,0
1212-3,1,139,monjes,633,1011,11,319,885,0,4,0,308,462,0,0,0,4,1,4,0
1212-3,1,140,monjes,635,1020,11,318,908,0,4,0,310,468,0,0,0,4,1,5,0
1212-3,1,141,monjes,637,1030,11,368,930,0,4,0,313,472,0,0,0,4,1,5,0
1212-3,1,142,monjes,639,1040,11,419,940,0,4,0,315,475,0,0,0,4,1,9,0
1212-3,1,143,monjes,639,1040,11,471,838,0,4,0,190,352,0,0,0,4,1,4,0
1212-3,1,144,monjes,647,1040,11,467,740,0,4,0,190,346,0,0,0,4,1,4,0
1212-3,1,145,monjes,646,1035,11,483,600,0,4,0,190,346,0,0,0,4,1,8,0
1212-3,1,146,monjes,646,1035,11,479,511,0,4,0,187,342,0,0,0,4,1,5,0
1212-3,1,147,monjes,663,1080,12,525,425,0,4,0,187,342,0,0,0,4,1,5,0
1212-3,1,148,monjes,664,1085,12,555,331,0,4,0,187,349,0,0,0,4,1,6,0
1212-3,1,149,monjes,664,1085,12,539,313,0,4,0,265,426,0,0,0,4,1,6,0
1212-3,1,150,monjes,664,1085,12,589,294,0,4,0,265,432,0,2,0,4,1,6,0
1212-3,1,151,monjes,665,1094,12,639,289,0,4,0,275,446,0,0,0,4,1,5,0
1212-3,1,152,monjes,665,1094,12,676,252,0,4,0,245,418,0,1,0,4,1,5,0
1212-3,1,153,monjes,665,1094,12,678,220,0,0,0,245,418,0,1,0,4,1,4,0
1212-3,1,154,monjes,665,1094,12,679,196,0,0,0,251,424,0,0,0,4,1,5,0
1212-3,1,155,monjes,667,1101,12,672,323,0,2,0,407,580,0,0,0,4,1,4,0
1212-3,1,156,monjes,668,1108,12,756,443,0,2,0,410,584,0,0,0,4,1,5,0
1212-3,1,157,monjes,670,1115,12,758,555,0,2,0,411,585,0,1,0,4,1,4,0
1212-3,1,158,monjes,671,1122,12,760,677,0,2,0,425,599,0,0,0,4,1,5,0
1212-3,1,159,monjes,673,1130,12,764,784,0,0,0,426,603,0,0,0,4,1,10,0
1212-3,1,160,monjes,674,1139,12,779,895,0,0,0,428,606,0,0,0,4,1,6,0
1212-3,1,161,monjes,684,1145,12,885,894,0,0,0,320,499,0,0,0,4,1,4,0
1212-3,1,162,monjes,685,1150,12,943,894,0,0,0,320,500,0,0,0,4,1,4,0
1212-3,1,163,monjes,686,1155,12,951,894,0,0,0,321,501,0,0,0,4,1,4,0
1212-3,1,164,monjes,687,1161,12,962,894,0,0,0,322,505,0,0,0,4,1,5,0
1212-3,1,165,monjes,688,1167,12,1023,893,0,0,0,323,506,0,0,0,4,1,5,0
1212-3,1,166,monjes,689,1173,12,1084,892,0,0,0,324,507,0,0,0,4,1,4,0
1212-3,1,167,monjes,689,1173,12,1147,764,0,0,0,194,379,0,0,0,4,1,4,0
1212-3,1,168,monjes,689,1173,12,1154,630,0,0,0,194,373,0,0,0,4,1,9,0
1212-3,1,169,monjes,689,1173,12,1211,510,0,0,0,194,373,0,0,0,4,1,5,0
1212-3,1,170,monjes,697,1173,12,1268,398,0,0,0,194,373,0,0,0,4,1,4,0
1212-3,1,171,monjes,697,1173,12,1325,290,0,0,0,194,373,0,0,0,4,1,4,0
1212-3,1,172,monjes,697,1173,12,1302,148,0,0,0,194,373,0,0,0,4,1,5,0
1212-3,1,173,monjes,696,1169,12,1258,123,0,0,0,271,450,0,0,0,4,1,8,0
1212-3,1,174,monjes,714,1219,13,1173,104,0,2,0,271,454,0,0,0,4,1,5,0
1212-3,1,175,monjes,714,1219,13,1245,70,0,1,0,271,463,0,0,0,4,1,5,0
1212-3,1,176,monjes,713,1219,13,1218,47,0,1,0,271,460,1,1,0,4,1,6,0
1212-3,1,177,monjes,713,1223,13,1238,44,0,2,0,282,471,1,0,0,4,1,4,0
1212-3,1,178,monjes,713,1223,13,1300,61,0,1,0,320,509,0,0,0,4,1,3,0
1212-3,1,179,monjes,715,1231,13,1329,325,0,1,0,575,764,0,0,0,4,1,5,0
1212-3,1,180,monjes,717,1240,13,1313,569,0,2,0,576,768,0,0,0,4,1,5,0
1212-3,1,181,monjes,718,1249,13,1395,801,0,2,0,577,770,0,0,0,4,1,5,0
1212-3,1,182,monjes,719,1254,13,1457,1017,0,1,0,579,773,0,0,0,4,1,9,0
1212-3,1,183,monjes,728,1257,13,1502,1232,0,1,0,580,776,0,0,0,4,1,5,0
1212-3,1,184,monjes,729,1260,13,1523,1366,0,1,0,509,705,0,0,0,4,1,5,0
1212-3,1,185,monjes,729,1261,13,1583,1347,0,2,0,369,565,0,0,0,4,1,8,0
1212-3,1,186,monjes,730,1267,13,1646,1342,0,2,0,369,565,0,0,0,4,1,4,0
1212-3,1,187,monjes,731,1271,13,1707,1324,0,2,0,369,566,0,0,0,4,1,9,0
1212-3,1,188,monjes,740,1275,13,1717,1318,0,2,0,369,566,0,0,0,4,1,4,0
1212-3,1,189,monjes,740,1279,13,1782,1315,0,2,0,369,566,0,0,0,4,1,5,0
1212-3,1,190,monjes,741,1283,13,1844,1312,0,2,0,369,567,0,0,0,4,1,4,0
1212-3,1,191,monjes,741,1283,13,1878,1111,0,2,0,204,402,0,0,0,4,1,5,0
1212-3,1,192,monjes,750,1287,14,1936,944,0,2,0,204,396,0,0,0,4,1,11,0
1212-3,1,193,monjes,767,1332,15,1923,789,0,2,0,204,396,0,0,0,4,1,6,0
1212-3,1,194,monjes,775,1332,15,1909,631,0,2,0,204,403,0,0,0,4,1,8,0
1212-3,1,195,monjes,775,1332,15,1957,478,0,2,0,204,401,0,1,0,4,1,6,0
1212-3,1,196,monjes,775,1332,15,1997,335,0,2,0,206,403,0,1,0,4,1,4,0
1212-3,1,197,monjes,775,1332,15,2047,287,0,2,0,299,496,0,0,0,4,1,5,0
1212-3,1,198,monjes,774,1328,15,2049,233,0,2,0,299,502,0,1,0,4,1,7,0
1212-3,1,199,monjes,774,1328,15,2068,147,0,2,0,299,503,0,0,0,4,1,5,0
1212-3,1,200,monjes,774,1328,15,2111,112,0,2,0,299,503,0,0,0,4,1,4,0
1212-3,1,1,salineros,27,58,1,23,72,0,13,0,17,36,0,0,0,0,1,4,0
1212-3,1,2,salineros,27,56,1,4,63,0,16,0,17,29,0,0,0,0,1,2,0
1212-3,1,3,salineros,27,58,1,5,54,0,19,0,17,29,0,0,0,0,1,5,0
1212-3,1,4,salineros,46,60,1,6,55,0,22,0,17,29,0,0,0,1,1,0,1
1212-3,1,5,salineros,46,60,1,8,55,0,25,0,17,30,0,1,0,1,1,0,1
1212-3,1,6,salineros,46,60,1,16,57,0,36,0,17,44,0,0,0,1,1,0,1
1212-3,1,7,salineros,46,60,1,4,59,0,46,0,17,43,0,0,0,1,1,0,1
1212-3,1,8,salineros,46,60,1,12,51,0,56,0,17,43,0,0,0,1,1,6,0
1212-3,1,9,salineros,54,60,1,20,51,0,66,0,17,43,0,1,0,1,1,0,1
1212-3,1,10,salineros,53,58,1,16,43,0,66,0,17,50,0,0,0,1,1,4,0
1212-3,1,11,salineros,54,60,1,146,54,0,65,0,25,56,0,0,0,1,1,2,0
1212-3,1,12,salineros,53,58,1,214,48,0,69,0,25,58,0,0,0,1,1,10,0
1212-3,1,13,salineros,62,60,1,239,63,0,74,0,25,55,0,0,0,1,1,4,0
1212-3,1,14,salineros,62,60,1,265,77,0,79,0,25,57,0,0,0,1,1,4,0
1212-3,1,15,salineros,77,60,1,290,91,0,84,0,25,57,0,0,0,2,1,4,0
1212-3,1,16,salineros,77,60,1,306,98,0,87,0,25,57,0,0,0,2,1,8,0
1212-3,1,17,salineros,85,60,1,324,104,0,90,0,21,52,0,0,0,2,1,3,0
1212-3,1,18,salineros,85,60,1,342,110,0,93,0,21,52,0,0,0,2,1,3,0
1212-3,1,19,salineros,85,60,1,358,116,0,96,0,21,52,0,0,0,2,1,3,0
1212-3,1,20,salineros,85,60,1,374,110,0,98,0,21,51,0,0,0,2,1,8,0
1212-3,1,21,salineros,85,60,1,389,116,0,100,0,21,51,0,0,0,2,1,3,0
1212-3,1,22,salineros,85,60,1,408,122,0,102,0,21,51,0,0,0,2,1,3,0
1212-3,1,23,salineros,93,60,1,431,124,0,103,0,17,46,0,0,0,2,1,3,0
1212-3,1,24,salineros,93,60,1,397,112,0,104,0,17,40,0,0,0,2,1,9,0
1212-3,1,25,salineros,93,60,1,412,114,0,105,0,17,40,0,0,0,2,1,4,0
1212-3,1,26,salineros,93,60,1,425,116,0,106,0,17,40,0,0,0,2,1,3,0
1212-3,1,27,salineros,93,60,1,437,106,0,106,0,17,39,0,0,0,2,1,8,0
1212-3,1,28,salineros,93,60,1,398,98,0,106,0,17,39,0,0,0,2,1,8,0
1212-3,1,29,salineros,101,60,1,408,102,0,106,0,19,41,0,0,0,2,1,4,0
1212-3,1,30,salineros,101,60,1,423,106,0,105,0,19,46,0,0,0,2,1,3,0
1212-3,1,31,salineros,101,60,1,443,110,0,104,0,19,46,0,0,0,2,1,3,0
1212-3,1,32,salineros,101,60,1,412,114,0,103,0,19,46,0,0,0,2,1,3,0
1212-3,1,33,salineros,101,60,1,435,107,0,101,0,19,45,0,0,0,2,1,8,0
1212-3,1,34,salineros,101,60,1,456,111,0,99,0,19,45,0,0,0,2,1,3,0
1212-3,1,35,salineros,109,60,1,477,121,0,97,0,25,51,0,0,0,2,1,3,0
1212-3,1,36,salineros,109,60,1,496,131,0,95,0,25,51,0,0,0,2,1,3,0
1212-3,1,37,salineros,109,60,1,513,141,0,93,0,25,51,0,0,0,2,1,3,0
1212-3,1,38,salineros,109,60,1,530,151,0,90,0,25,51,0,0,0,2,1,3,0
1212-3,1,39,salineros,109,60,1,545,161,0,87,0,25,51,0,0,0,2,1,3,0
1212-3,1,40,salineros,109,60,1,585,168,0,84,0,25,51,0,0,0,2,1,4,0
1212-3,1,41,salineros,109,60,1,626,171,0,81,0,21,47,0,0,0,2,1,4,0
1212-3,1,42,salineros,109,64,1,675,179,0,78,0,21,47,0,0,0,2,1,5,0
1212-3,1,43,salineros,109,60,1,699,171,0,75,0,21,47,0,0,0,2,1,5,0
1212-3,1,44,salineros,109,60,1,742,161,0,72,0,21,47,0,0,0,2,1,9,0
1212-3,1,45,salineros,109,60,1,785,164,0,69,0,21,47,0,0,0,2,1,4,0
1212-3,1,46,salineros,109,60,1,826,167,0,66,0,21,47,0,0,0,2,1,4,0
1212-3,1,47,salineros,117,60,1,866,166,0,63,0,17,43,0,0,0,2,1,4,0
1212-3,1,48,salineros,117,60,1,870,113,0,61,0,17,37,0,0,0,2,1,10,0
1212-3,1,49,salineros,117,60,1,833,115,0,59,0,17,37,0,0,0,2,1,4,0
1212-3,1,50,salineros,155,110,2,843,117,0,57,0,17,37,0,0,0,3,1,4,0
1212-3,1,51,salineros,155,110,2,861,107,0,54,0,17,47,0,0,0,3,1,5,0
1212-3,1,52,salineros,155,110,2,890,99,0,53,0,17,47,0,0,0,3,1,4,0
1212-3,1,53,salineros,155,110,2,914,93,0,52,0,19,49,0,1,0,3,1,4,0
1212-3,1,54,salineros,155,110,2,933,97,0,51,0,27,63,0,0,0,3,1,5,0
1212-3,1,55,salineros,155,114,2,971,99,0,50,0,27,63,0,1,0,3,1,5,0
1212-3,1,56,salineros,155,112,2,978,100,0,49,0,35,71,0,0,0,3,1,5,0
1212-3,1,57,salineros,155,114,2,954,98,0,47,0,35,71,0,0,0,3,1,11,0
1212-3,1,58,salineros,156,116,2,980,109,0,45,0,35,71,0,0,0,3,1,5,0
1212-3,1,59,salineros,164,118,2,1005,141,0,43,0,57,93,0,0,0,3,1,4,0
1212-3,1,60,salineros,165,120,2,1030,173,0,40,0,57,93,0,0,0,3,1,4,0
1212-3,1,61,salineros,165,120,2,1019,201,0,37,0,57,95,0,0,0,3,1,5,0
1212-3,1,62,salineros,165,120,2,1061,226,0,33,0,57,95,0,0,0,3,1,4,0
1212-3,1,63,salineros,165,120,2,1086,200,0,26,0,57,95,0,0,0,3,1,10,0
1212-3,1,64,salineros,165,120,2,1076,224,0,22,0,57,95,0,0,0,3,1,5,0
1212-3,1,65,salineros,213,170,3,1109,232,0,18,0,41,79,0,0,0,4,1,5,0
1212-3,1,66,salineros,213,170,3,1140,228,0,14,0,41,89,0,0,0,4,1,7,0
1212-3,1,67,salineros,213,174,3,1148,187,0,14,0,45,93,0,2,0,4,1,7,0
1212-3,1,68,salineros,214,175,3,1068,188,0,14,0,55,103,0,1,0,4,1,7,0
1212-3,1,69,salineros,234,237,4,1074,198,0,13,0,65,113,0,1,0,4,1,10,0
1212-3,1,70,salineros,235,244,4,1072,211,0,12,0,71,129,0,0,0,4,1,5,0
1212-3,1,71,salineros,243,244,4,1080,196,0,12,0,47,105,0,0,0,4,1,5,0
1212-3,1,72,salineros,243,244,4,1052,141,0,13,0,47,99,0,1,0,4,1,5,0
1212-3,1,73,salineros,243,244,4,990,135,0,14,0,51,103,0,0,0,4,1,4,0
1212-3,1,74,salineros,271,344,5,974,132,0,15,0,51,103,0,0,0,4,1,4,0
1212-3,1,75,salineros,271,344,5,930,64,0,17,0,51,123,0,0,0,4,1,5,0
1212-3,1,76,salineros,271,344,5,876,30,0,20,0,51,123,0,0,0,4,1,5,0
1212-3,1,77,salineros,290,399,6,884,17,0,20,0,68,140,0,1,0,4,1,5,0
1212-3,1,78,salineros,290,403,6,944,5,0,21,0,75,163,1,0,0,4,1,7,0
1212-3,1,79,salineros,289,403,6,993,4,0,22,0,70,158,1,0,0,4,1,4,0
1212-3,1,80,salineros,286,394,6,1042,4,0,23,0,70,158,1,0,0,4,1,4,0
1212-3,1,81,salineros,284,386,6,1087,4,0,24,0,70,156,1,0,0,4,1,5,0
1212-3,1,82,salineros,281,379,6,1127,4,0,25,0,61,140,1,0,0,4,1,5,0
1212-3,1,83,salineros,281,379,6,1142,13,0,25,0,99,171,0,0,0,4,1,5,0
1212-3,1,84,salineros,281,379,6,1155,18,0,25,0,99,163,0,2,0,4,1,6,0
1212-3,1,85,salineros,283,388,6,1163,44,0,25,0,118,170,0,1,0,4,1,6,0
1212-3,1,86,salineros,285,397,6,1162,75,0,24,0,126,171,0,1,0,4,1,5,0
1212-3,1,87,salineros,286,404,6,1166,116,0,22,0,138,184,0,1,0,4,1,5,0
1212-3,1,88,salineros,288,410,6,1168,174,0,17,0,157,203,0,1,0,4,1,5,0
1212-3,1,89,salineros,288,413,6,1171,193,0,15,0,122,170,0,1,0,4,1,5,0
1212-3,1,90,salineros,289,416,6,1164,216,0,12,0,127,175,0,1,0,4,1,5,0
1212-3,1,91,salineros,290,420,6,1159,250,0,9,0,137,186,0,0,0,4,1,5,0
1212-3,1,92,salineros,290,422,6,1133,279,0,5,0,143,192,0,0,0,4,1,5,0
1212-3,1,93,salineros,290,423,6,1081,271,0,1,0,147,195,0,0,0,4,1,11,0
1212-3,1,94,salineros,290,423,6,1016,280,0,2,0,114,164,0,0,0,4,1,7,0
1212-3,1,95,salineros,312,493,7,1005,265,0,1,0,90,144,0,0,0,4,1,6,0
1212-3,1,96,salineros,312,493,7,937,215,0,3,0,73,139,0,0,0,4,1,8,0
1212-3,1,97,salineros,320,493,7,885,181,0,4,0,91,163,0,0,0,4,1,8,0
1212-3,1,98,salineros,320,493,7,889,164,0,3,0,108,186,0,1,0,4,1,6,0
1212-3,1,99,salineros,320,493,7,893,137,0,5,0,96,174,0,0,0,4,1,6,0
1212-3,1,100,salineros,320,493,7,808,130,0,5,0,113,195,0,0,0,4,1,4,0
1212-3,1,101,salineros,320,493,7,777,146,0,7,0,139,221,0,0,0,4,1,5,0
1212-3,1,102,salineros,320,493,7,781,166,0,8,0,139,227,0,0,0,4,1,4,0
1212-3,1,103,salineros,320,493,7,804,185,0,7,0,139,227,0,0,0,4,1,4,0
1212-3,1,104,salineros,320,493,7,764,202,0,4,0,139,227,0,0,0,4,1,5,0
1212-3,1,105,salineros,321,497,7,787,219,0,2,0,139,227,0,0,0,4,1,7,0
1212-3,1,106,salineros,321,497,7,800,217,0,2,0,122,210,0,0,0,4,1,5,0
1212-3,1,107,salineros,321,497,7,813,288,0,1,0,195,283,0,0,0,4,1,5,0
1212-3,1,108,salineros,320,493,7,755,330,0,1,0,178,266,0,0,0,4,1,7,0
1212-3,1,109,salineros,320,493,7,765,379,0,8,0,178,266,0,1,0,4,1,6,0
1212-3,1,110,salineros,320,493,7,781,470,0,0,0,225,313,0,1,0,4,1,10,0
1212-3,1,111,salineros,320,493,7,730,536,0,5,0,195,283,0,1,0,4,1,6,0
1212-3,1,112,salineros,320,493,7,730,645,0,9,0,234,322,0,0,0,4,1,6,0
1212-3,1,113,salineros,320,493,7,728,656,0,12,0,176,264,0,1,0,4,1,5,0
1212-3,1,114,salineros,328,493,7,722,684,0,12,0,190,278,0,0,0,4,1,5,0
1212-3,1,115,salineros,347,545,8,696,752,0,12,0,190,278,0,0,0,4,1,5,0
1212-3,1,116,salineros,375,647,9,707,807,0,12,0,190,288,0,0,0,4,1,6,0
1212-3,1,117,salineros,375,649,9,728,835,0,12,0,190,308,0,1,0,4,1,6,0
1212-3,1,118,salineros,376,651,9,708,871,0,12,0,199,317,0,1,0,4,1,6,0
1212-3,1,119,salineros,376,651,9,738,861,0,12,0,151,269,0,0,0,4,1,5,0
1212-3,1,120,salineros,377,655,9,772,851,0,12,0,151,263,0,0,0,4,1,5,0
1212-3,1,121,salineros,376,651,9,776,830,0,12,0,151,263,0,0,0,4,1,5,0
1212-3,1,122,salineros,376,651,9,749,807,0,12,0,151,262,0,0,0,4,1,9,0
1212-3,1,123,salineros,376,651,9,772,791,0,12,0,151,262,0,0,0,4,1,5,0
1212-3,1,124,salineros,376,651,9,795,781,0,12,0,151,262,0,0,0,4,1,4,0
1212-3,1,125,salineros,377,655,9,788,767,0,12,0,187,298,0,0,0,4,1,5,0
1212-3,1,126,salineros,385,657,9,768,792,0,12,0,187,305,0,0,0,4,1,4,0
1212-3,1,127,salineros,410,742,10,800,816,0,12,0,187,307,0,0,0,4,1,5,0
1212-3,1,128,salineros,410,742,10,825,819,0,12,0,187,323,0,0,0,4,1,6,0
1212-3,1,129,salineros,410,742,10,810,820,0,13,0,187,324,0,1,0,4,1,6,0
1212-3,1,130,salineros,410,742,10,845,830,0,14,0,194,331,0,0,0,4,1,5,0
1212-3,1,131,salineros,410,742,10,880,946,0,15,0,300,437,0,0,0,4,1,4,0
1212-3,1,132,salineros,410,742,10,915,1062,0,16,0,300,437,0,0,0,4,1,5,0
1212-3,1,133,salineros,410,742,10,896,1178,0,17,0,300,429,0,0,0,4,1,4,0
1212-3,1,134,salineros,411,746,10,878,1295,0,18,0,300,429,0,0,0,4,1,5,0
1212-3,1,135,salineros,410,744,10,902,1396,0,16,0,300,429,0,0,0,4,1,6,0
1212-3,1,136,salineros,411,746,10,959,1494,0,16,0,300,427,0,0,0,4,1,8,0
1212-3,1,137,salineros,411,746,10,986,1528,0,17,0,223,352,0,0,0,4,1,3,0
1212-3,1,138,salineros,411,746,10,963,1563,0,18,0,224,353,0,0,0,4,1,3,0
1212-3,1,139,salineros,419,746,10,959,1598,0,16,0,224,353,0,0,0,4,1,5,0
1212-3,1,140,salineros,419,746,10,1014,1633,0,17,0,224,353,0,0,0,4,1,4,0
1212-3,1,141,salineros,419,746,10,1039,1668,0,18,0,224,353,0,0,0,4,1,4,0
1212-3,1,142,salineros,419,746,10,1088,1703,0,16,0,224,357,0,0,0,4,1,4,0
1212-3,1,143,salineros,419,746,10,1097,1670,0,17,0,156,289,0,0,0,4,1,3,0
1212-3,1,144,salineros,419,746,10,1119,1637,0,18,0,156,283,0,0,0,4,1,4,0
1212-3,1,145,salineros,419,746,10,1123,1564,0,16,0,156,272,0,0,0,4,1,5,0
1212-3,1,146,salineros,419,746,10,1170,1531,0,17,0,156,272,0,0,0,4,1,4,0
1212-3,1,147,salineros,441,816,11,1139,1498,0,18,0,156,272,0,0,0,4,1,3,0
1212-3,1,148,salineros,441,816,11,1138,1407,0,16,0,156,286,0,0,0,4,1,6,0
1212-3,1,149,salineros,441,816,11,1135,1393,0,17,0,195,325,0,0,0,4,1,5,0
1212-3,1,150,salineros,457,855,12,1169,1380,0,18,0,196,332,0,1,0,4,1,5,0
1212-3,1,151,salineros,456,851,12,1172,1357,0,16,0,203,345,0,0,0,4,1,7,0
1212-3,1,152,salineros,456,851,12,1162,1330,0,19,0,203,345,0,1,0,4,1,9,0
1212-3,1,153,salineros,456,851,12,1192,1316,0,19,0,207,349,0,0,0,4,1,6,0
1212-3,1,154,salineros,456,851,12,1257,1308,0,19,0,207,355,0,0,0,4,1,4,0
1212-3,1,155,salineros,464,854,12,1321,1377,0,19,0,284,432,0,0,0,4,1,4,0
1212-3,1,156,salineros,465,857,12,1335,1445,0,19,0,284,432,0,0,0,4,1,4,0
1212-3,1,157,salineros,465,858,12,1402,1512,0,19,0,284,434,0,0,0,4,1,5,0
1212-3,1,158,salineros,465,859,12,1468,1579,0,19,0,284,434,0,0,0,4,1,4,0
1212-3,1,159,salineros,466,860,12,1539,1646,0,19,0,284,434,0,0,0,4,1,4,0
1212-3,1,160,salineros,466,862,12,1563,1712,0,19,0,284,436,0,0,0,4,1,4,0
1212-3,1,161,salineros,466,864,12,1607,1693,0,19,0,239,391,0,0,0,4,1,5,0
1212-3,1,162,salineros,467,866,12,1679,1713,0,19,0,239,391,0,0,0,4,1,5,0
1212-3,1,163,salineros,485,919,13,1760,1734,0,19,0,239,391,0,0,0,4,1,5,0
1212-3,1,164,salineros,486,921,13,1797,1731,0,19,0,239,401,0,0,0,4,1,8,0
1212-3,1,165,salineros,487,927,13,1805,1724,0,19,0,239,389,0,1,0,4,1,10,0
1212-3,1,166,salineros,488,931,13,1866,1736,0,19,0,246,400,0,0,0,4,1,5,0
1212-3,1,167,salineros,488,931,13,1927,1661,0,19,0,166,320,0,0,0,4,1,6,0
1212-3,1,168,salineros,496,931,13,1978,1592,0,19,0,166,307,0,0,0,4,1,4,0
1212-3,1,169,salineros,496,931,13,1984,1513,0,19,0,156,297,0,0,0,4,1,4,0
1212-3,1,170,salineros,496,931,13,1989,1434,0,19,0,156,297,0,0,0,4,1,5,0
1212-3,1,171,salineros,496,931,13,2044,1355,0,19,0,156,297,0,0,0,4,1,5,0
1212-3,1,172,salineros,496,931,13,2100,1276,0,19,0,156,297,0,0,0,4,1,5,0
1212-3,1,173,salineros,496,931,13,2154,1255,0,19,0,213,354,0,0,0,4,1,6,0
1212-3,1,174,salineros,497,935,13,2179,1235,0,19,0,213,365,0,0,0,4,1,6,0
1212-3,1,175,salineros,496,931,13,2223,1203,0,19,0,213,365,0,0,0,4,1,7,0
1212-3,1,176,salineros,496,931,13,2285,1169,0,19,0,213,363,0,0,0,4,1,11,0
1212-3,1,177,salineros,496,931,13,2351,1142,0,19,0,213,367,0,0,0,4,1,5,0
1212-3,1,178,salineros,496,931,13,2366,1121,0,19,0,213,367,0,0,0,4,1,5,0
1212-3,1,179,salineros,505,937,13,2406,1187,0,19,0,340,494,0,0,0,4,1,6,0
1212-3,1,180,salineros,506,941,13,2466,1291,0,19,0,340,495,0,0,0,4,1,7,0
1212-3,1,181,salineros,525,995,14,2520,1392,0,19,0,340,490,0,1,0,4,1,7,0
1212-3,1,182,salineros,525,998,14,2555,1496,0,19,0,356,516,0,1,0,4,1,7,0
1212-3,1,183,salineros,526,1000,14,2555,1603,0,19,0,362,523,0,2,0,4,1,7,0
1212-3,1,184,salineros,526,1002,14,2613,1728,0,19,0,379,540,0,1,0,4,1,5,0
1212-3,1,185,salineros,526,1004,14,2670,1767,0,19,0,292,453,0,0,0,4,1,4,0
1212-3,1,186,salineros,526,1004,14,2729,1806,0,19,0,293,456,0,0,0,4,1,5,0
1212-3,1,187,salineros,527,1008,14,2751,1846,0,19,0,293,456,0,0,0,4,1,5,0
1212-3,1,188,salineros,527,1006,14,2794,1874,0,19,0,293,458,0,0,0,4,1,6,0
1212-3,1,189,salineros,527,1008,14,2859,1902,0,19,0,293,456,0,0,0,4,1,10,0
1212-3,1,190,salineros,527,1008,14,2929,1940,0,19,0,293,462,0,0,0,4,1,4,0
1212-3,1,191,salineros,527,1008,14,2949,1861,0,19,0,184,353,0,0,0,4,1,4,0
1212-3,1,192,salineros,527,1008,14,2982,1750,0,19,0,184,347,0,0,0,4,1,5,0
1212-3,1,193,salineros,535,1008,14,3044,1692,0,19,0,197,360,0,0,0,4,1,5,0
1212-3,1,194,salineros,551,1048,15,3106,1634,0,19,0,197,360,0,0,0,4,1,4,0
1212-3,1,195,salineros,551,1048,15,3121,1526,0,19,0,197,368,0,0,0,4,1,6,0
1212-3,1,196,salineros,551,1048,15,3127,1456,0,19,0,197,368,0,0,0,4,1,6,0
1212-3,1,197,salineros,564,1073,16,3183,1432,0,19,0,242,413,0,1,0,4,1,6,0
1212-3,1,198,salineros,564,1073,16,3219,1409,0,19,0,247,428,0,0,0,4,1,7,0
1212-3,1,199,salineros,564,1073,16,3217,1384,0,19,0,247,420,0,1,0,4,1,6,0
1212-3,1,200,salineros,565,1077,16,3274,1365,0,19,0,251,424,0,0,0,4,1,7,0
1212,6,1,arrieros,27,56,1,36,67,0,0,0,10,22,0,0,0,0,1,6,0
1212,6,2,arrieros,27,56,1,37,59,0,0,0,10,15,0,0,0,0,,0,0
1212,6,3,arrieros,27,56,1,38,51,0,0,0,10,15,0,0,0,0,,0,0
1212,6,4,arrieros,27,56,1,39,44,0,0,0,10,15,0,0,0,0,,0,0
1212,6,5,arrieros,27,58,1,40,43,0,0,0,16,21,0,1,0,0,,0,0
1212,6,6,arrieros,28,60,1,54,44,0,0,0,16,34,0,0,0,0,,0,0
1212,6,7,arrieros,27,58,1,58,38,0,0,0,16,36,0,0,0,0,1,4,0
1212,6,8,arrieros,28,60,1,72,39,0,0,0,16,34,0,0,0,0,,0,0
1212,6,9,arrieros,28,60,1,88,39,0,0,0,16,36,0,0,0,0,,0,0
1212,6,10,arrieros,28,60,1,104,39,0,0,0,16,36,0,0,0,0,,0,0
1212,6,11,arrieros,28,60,1,120,54,0,0,0,32,52,0,0,0,0,,0,0
1212,6,12,arrieros,28,60,1,136,69,0,0,0,32,52,0,0,0,0,,0,0
1212,6,13,arrieros,27,58,1,93,77,0,0,0,32,52,0,0,0,0,1,7,0
1212,6,14,arrieros,43,60,1,98,101,0,0,0,32,50,0,0,0,1,,0,0
1212,6,15,arrieros,43,60,1,114,116,0,0,0,32,52,0,0,0,1,,0,0
1212,6,16,arrieros,43,60,1,130,128,0,0,0,32,52,0,0,0,1,,0,0
1212,6,17,arrieros,43,60,1,146,128,0,0,0,20,40,0,0,0,1,,0,0
1212,6,18,arrieros,43,60,1,162,128,0,0,0,20,40,0,0,0,1,,0,0
1212,6,19,arrieros,42,58,1,89,103,0,0,0,20,40,0,0,0,1,1,14,0
1212,6,20,arrieros,43,60,1,93,105,0,0,0,20,38,0,0,0,1,,0,0
1212,6,21,arrieros,61,60,1,109,104,0,0,0,20,40,0,1,0,2,,0,0
1212,6,22,arrieros,61,60,1,125,105,0,0,0,20,46,0,0,0,2,,0,0
1212,6,23,arrieros,61,60,1,141,96,0,0,0,10,36,0,0,0,2,,0,0
1212,6,24,arrieros,61,60,1,151,88,0,0,0,10,30,0,0,0,2,,0,0
1212,6,25,arrieros,60,56,1,88,55,0,0,0,10,30,0,0,0,2,1,17,0
1212,6,26,arrieros,60,56,1,97,51,0,0,0,10,29,0,0,0,2,,0,0
1212,6,27,arrieros,68,56,1,106,44,0,0,0,10,29,0,0,0,2,,0,0
1212,6,28,arrieros,68,56,1,115,20,0,0,0,10,29,0,1,0,2,,0,0
1212,6,29,arrieros,68,56,1,124,22,0,0,0,16,35,0,0,0,2,,0,0
1212,6,30,arrieros,68,56,1,138,24,0,0,0,16,40,0,0,0,2,,0,0
1212,6,31,arrieros,68,56,1,150,25,0,0,0,16,40,0,0,0,2,1,9,0
1212,6,32,arrieros,68,58,1,142,32,0,0,0,16,40,0,0,0,2,,0,0
1212,6,33,arrieros,68,58,1,156,21,0,0,0,16,40,0,0,0,2,,0,0
1212,6,34,arrieros,68,58,1,170,23,0,0,0,16,40,0,0,0,2,,0,0
1212,6,35,arrieros,77,60,1,184,40,0,0,0,32,56,0,0,0,2,,0,0
1212,6,36,arrieros,77,63,1,200,55,0,0,0,32,58,0,0,0,2,,0,0
1212,6,37,arrieros,77,61,1,162,64,0,0,0,32,58,0,0,0,2,1,14,0
1212,6,38,arrieros,77,64,1,144,84,0,0,0,32,58,0,0,0,2,,0,0
1212,6,39,arrieros,78,67,1,160,93,0,0,0,22,48,0,0,0,2,,0,0
1212,6,40,arrieros,79,70,1,176,96,0,0,0,22,48,0,0,0,2,,0,0
1212,6,41,arrieros,79,70,1,194,90,0,0,0,14,42,0,0,0,2,,0,0
1212,6,42,arrieros,79,70,1,212,84,0,0,0,14,42,0,0,0,2,,0,0
1212,6,43,arrieros,80,78,1,366,90,0,0,0,14,42,0,0,0,2,1,18,0
1212,6,44,arrieros,80,78,1,320,91,0,0,0,14,42,0,0,0,2,,0,0
1212,6,45,arrieros,81,81,1,317,98,0,0,0,20,48,0,0,0,2,,0,0
1212,6,46,arrieros,81,81,1,337,100,0,0,0,20,50,0,0,0,2,,0,0
1212,6,47,arrieros,81,81,1,357,87,0,0,0,10,40,0,0,0,2,,0,0
1212,6,48,arrieros,81,81,1,369,74,0,0,0,10,32,0,0,0,2,,0,0
1212,6,49,arrieros,80,77,1,467,55,0,0,0,9,31,0,0,0,2,1,24,0
1212,6,50,arrieros,80,77,1,414,53,0,0,0,9,30,0,0,0,2,,0,0
1212,6,51,arrieros,80,77,1,361,51,0,0,0,9,30,0,0,0,2,,0,0
1212,6,52,arrieros,80,77,1,308,49,0,0,0,9,30,0,0,0,2,,0,0
1212,6,53,arrieros,80,77,1,273,54,0,0,0,16,37,0,0,0,2,,0,0
1212,6,54,arrieros,80,77,1,286,58,0,0,0,16,44,0,0,0,2,,0,0
1212,6,55,arrieros,79,73,1,380,30,0,0,0,16,44,0,0,0,2,1,23,0
1212,6,56,arrieros,79,73,1,295,33,0,0,0,16,44,0,0,0,2,,0,0
1212,6,57,arrieros,87,73,1,296,36,0,0,0,16,44,0,0,0,2,,0,0
1212,6,58,arrieros,87,73,1,314,37,0,0,0,16,44,0,0,0,2,,0,0
1212,6,59,arrieros,88,76,1,332,49,0,0,0,32,60,0,0,0,2,,0,0
1212,6,60,arrieros,88,79,1,350,60,0,0,0,32,60,0,0,0,2,,0,0
1212,6,61,arrieros,89,82,1,542,71,0,0,0,32,60,0,0,0,2,1,21,0
1212,6,62,arrieros,90,86,1,459,86,0,0,0,32,62,0,0,0,2,,0,0
1212,6,63,arrieros,90,89,1,401,100,0,0,0,32,62,0,0,0,2,,0,0
1212,6,64,arrieros,90,89,1,416,112,0,0,0,32,62,0,0,0,2,,0,0
1212,6,65,arrieros,90,89,1,436,108,0,0,0,21,51,0,0,0,2,,0,0
1212,6,66,arrieros,90,89,1,456,103,0,0,0,21,51,0,0,0,2,,0,0
1212,6,67,arrieros,90,89,1,694,61,0,0,0,21,51,0,0,0,2,1,45,0
1212,6,68,arrieros,90,89,1,650,67,0,0,0,21,51,0,0,0,2,,0,0
1212,6,69,arrieros,98,89,1,606,73,0,0,0,21,51,0,0,0,2,,0,0
1212,6,70,arrieros,98,89,1,562,79,0,0,0,21,51,0,0,0,2,,0,0
1212,6,71,arrieros,98,89,1,518,73,0,0,0,9,39,0,0,0,2,,0,0
1212,6,72,arrieros,98,89,1,466,67,0,0,0,9,31,0,0,0,2,,0,0
1212,6,73,arrieros,98,89,1,565,62,0,0,0,10,32,0,0,0,2,1,25,0
1212,6,74,arrieros,98,89,1,513,57,0,0,0,10,32,0,0,0,2,,0,0
1212,6,75,arrieros,98,89,1,461,53,0,0,0,10,32,0,0,0,2,,0,0
1212,6,76,arrieros,98,89,1,409,49,0,0,0,10,32,0,0,0,2,,0,0
1212,6,77,arrieros,98,89,1,357,51,0,0,0,16,38,0,0,0,2,,0,0
1212,6,78,arrieros,98,89,1,313,24,0,0,0,16,46,0,0,0,2,,0,0
1212,6,79,arrieros,98,89,1,395,27,0,0,0,16,46,0,0,0,2,1,21,0
1212,6,80,arrieros,98,89,1,311,27,0,0,0,16,46,0,0,0,2,,0,0
1212,6,81,arrieros,106,89,1,287,27,0,0,0,16,46,0,0,0,2,,0,0
1212,6,82,arrieros,106,89,1,307,27,0,0,0,16,46,0,0,0,2,,0,0
1212,6,83,arrieros,106,89,1,327,36,0,0,0,32,62,0,0,0,2,,0,0
1212,6,84,arrieros,106,89,1,347,45,0,0,0,32,62,0,0,0,2,,0,0
1212,6,85,arrieros,106,89,1,609,53,0,0,0,32,62,0,0,0,2,1,21,0
1212,6,86,arrieros,106,89,1,525,67,0,0,0,32,62,0,0,0,2,,0,0
1212,6,87,arrieros,106,89,1,466,80,0,0,0,32,62,0,0,0,2,,0,0
1212,6,88,arrieros,106,89,1,486,93,0,0,0,32,62,0,0,0,2,,0,0
1212,6,89,arrieros,106,89,1,506,88,0,0,0,20,50,0,0,0,2,,0,0
1212,6,90,arrieros,106,89,1,526,83,0,0,0,20,50,0,0,0,2,,0,0
1212,6,91,arrieros,108,97,1,743,79,0,0,0,20,50,0,0,0,2,1,27,0
1212,6,92,arrieros,108,97,1,701,81,0,0,0,20,52,0,0,0,2,,0,0
1212,6,93,arrieros,108,97,1,659,83,0,0,0,20,52,0,0,0,2,,0,0
1212,6,94,arrieros,108,97,1,617,85,0,0,0,20,52,0,0,0,2,,0,0
1212,6,95,arrieros,108,97,1,575,78,0,0,0,10,42,0,0,0,2,,0,0
1212,6,96,arrieros,108,97,1,524,71,0,0,0,10,33,0,0,0,2,,0,0
1212,6,97,arrieros,107,93,1,563,58,0,0,0,10,33,0,0,0,2,1,26,0
1212,6,98,arrieros,107,93,1,512,53,0,0,0,10,33,0,0,0,2,,0,0
1212,6,99,arrieros,107,93,1,461,48,0,0,0,10,33,0,0,0,2,,0,0
1212,6,100,arrieros,107,93,1,410,43,0,0,0,10,33,0,0,0,2,,0,0
1212,6,101,arrieros,107,93,1,359,44,0,0,0,16,39,0,0,0,2,,0,0
1212,6,102,arrieros,107,93,1,317,45,0,0,0,16,48,0,0,0,2,,0,0
1212,6,103,arrieros,107,93,1,403,46,0,0,0,16,48,0,0,0,2,1,21,0
1212,6,104,arrieros,107,93,1,321,44,0,0,0,16,48,0,0,0,2,,0,0
1212,6,105,arrieros,107,93,1,299,42,0,0,0,16,48,0,0,0,2,,0,0
1212,6,106,arrieros,107,93,1,316,40,0,0,0,16,48,0,0,0,2,,0,0
1212,6,107,arrieros,107,93,1,338,49,0,0,0,32,64,0,0,0,2,,0,0
1212,6,108,arrieros,107,93,1,360,56,0,0,0,32,64,0,0,0,2,,0,0
1212,6,109,arrieros,106,89,1,609,57,0,0,0,32,64,0,0,0,2,1,23,0
1212,6,110,arrieros,106,89,1,526,71,0,0,0,32,62,0,0,0,2,,0,0
1212,6,111,arrieros,106,89,1,468,84,0,0,0,32,62,0,0,0,2,,0,0
1212,6,112,arrieros,106,89,1,475,97,0,0,0,32,62,0,0,0,2,,0,0
1212,6,113,arrieros,106,89,1,495,95,0,0,0,20,50,0,0,0,2,,0,0
1212,6,114,arrieros,106,89,1,515,90,0,0,0,20,50,0,0,0,2,,0,0
1212,6,115,arrieros,106,89,1,737,47,0,0,0,20,50,0,0,0,2,1,36,0
1212,6,116,arrieros,106,89,1,693,53,0,0,0,20,50,0,0,0,2,,0,0
1212,6,117,arrieros,106,89,1,649,58,0,0,0,20,50,0,0,0,2,,0,0
1212,6,118,arrieros,106,89,1,605,63,0,0,0,20,50,0,0,0,2,,0,0
1212,6,119,arrieros,106,89,1,561,58,0,0,0,10,40,0,0,0,2,,0,0
1212,6,120,arrieros,106,89,1,509,54,0,0,0,10,32,0,0,0,2,,0,0
1212,6,121,arrieros,106,89,1,564,50,0,0,0,10,32,0,0,0,2,1,25,0
1212,6,122,arrieros,114,89,1,512,46,0,0,0,10,32,0,0,0,2,,0,0
1212,6,123,arrieros,114,89,1,460,42,0,0,0,10,32,0,0,0,2,,0,0
1212,6,124,arrieros,114,89,1,408,38,0,0,0,10,32,0,0,0,2,,0,0
1212,6,125,arrieros,114,89,1,356,40,0,0,0,16,38,0,0,0,2,,0,0
1212,6,126,arrieros,114,89,1,312,42,0,0,0,16,46,0,0,0,2,,0,0
1212,6,127,arrieros,114,89,1,397,44,0,0,0,16,46,0,0,0,2,1,20,0
1212,6,128,arrieros,114,89,1,313,43,0,0,0,16,46,0,0,0,2,,0,0
1212,6,129,arrieros,114,89,1,289,42,0,0,0,16,46,0,0,0,2,,0,0
1212,6,130,arrieros,114,89,1,309,41,0,0,0,16,46,0,0,0,2,,0,0
1212,6,131,arrieros,114,89,1,329,49,0,0,0,32,62,0,0,0,2,,0,0
1212,6,132,arrieros,114,89,1,349,57,0,0,0,32,62,0,0,0,2,,0,0
1212,6,133,arrieros,114,89,1,611,65,0,0,0,32,62,0,0,0,2,1,22,0
1212,6,134,arrieros,114,89,1,528,78,0,0,0,32,62,0,0,0,2,,0,0
1212,6,135,arrieros,114,89,1,470,91,0,0,0,32,62,0,0,0,2,,0,0
1212,6,136,arrieros,114,89,1,485,103,0,0,0,32,62,0,0,0,2,,0,0
1212,6,137,arrieros,114,89,1,505,98,0,0,0,20,50,0,0,0,2,,0,0
1212,6,138,arrieros,114,89,1,525,93,0,0,0,20,50,0,0,0,2,,0,0
1212,6,139,arrieros,116,97,1,748,88,0,0,0,20,50,0,0,0,2,1,27,0
1212,6,140,arrieros,116,97,1,706,90,0,0,0,20,52,0,0,0,2,,0,0
1212,6,141,arrieros,116,97,1,664,92,0,0,0,20,52,0,0,0,2,,0,0
1212,6,142,arrieros,116,97,1,622,94,0,0,0,20,52,0,0,0,2,,0,0
1212,6,143,arrieros,116,97,1,580,86,0,0,0,10,42,0,0,0,2,,0,0
1212,6,144,arrieros,116,97,1,529,79,0,0,0,10,33,0,0,0,2,,0,0
1212,6,145,arrieros,115,93,1,636,66,0,0,0,10,33,0,0,0,2,1,25,0
1212,6,146,arrieros,115,93,1,585,60,0,0,0,10,33,0,0,0,2,,0,0
1212,6,147,arrieros,115,93,1,534,55,0,0,0,10,33,0,0,0,2,,0,0
1212,6,148,arrieros,115,93,1,483,50,0,0,0,10,33,0,0,0,2,,0,0
1212,6,149,arrieros,115,93,1,432,51,0,0,0,16,39,0,0,0,2,,0,0
1212,6,150,arrieros,115,93,1,390,52,0,0,0,16,48,0,0,0,2,,0,0
1212,6,151,arrieros,115,93,1,482,53,0,0,0,16,48,0,0,0,2,1,23,0
1212,6,152,arrieros,115,93,1,401,51,0,0,0,16,48,0,0,0,2,,0,0
1212,6,153,arrieros,115,93,1,320,49,0,0,0,16,48,0,0,0,2,,0,0
1212,6,154,arrieros,115,93,1,321,47,0,0,0,16,48,0,0,0,2,,0,0
1212,6,155,arrieros,115,93,1,343,59,0,0,0,32,64,0,0,0,2,,0,0
1212,6,156,arrieros,115,93,1,365,66,0,0,0,32,64,0,0,0,2,,0,0
1212,6,157,arrieros,114,89,1,582,68,0,0,0,32,64,0,0,0,2,1,21,0
1212,6,158,arrieros,114,89,1,514,82,0,0,0,32,62,0,0,0,2,,0,0
1212,6,159,arrieros,114,89,1,446,96,0,0,0,32,62,0,0,0,2,,0,0
1212,6,160,arrieros,114,89,1,429,109,0,0,0,32,62,0,0,0,2,,0,0
1212,6,161,arrieros,114,89,1,449,110,0,0,0,20,50,0,0,0,2,,0,0
1212,6,162,arrieros,114,89,1,469,102,0,0,0,20,50,0,0,0,2,,0,0
1212,6,163,arrieros,114,89,1,778,55,0,0,0,20,50,0,0,0,2,1,34,0
1212,6,164,arrieros,114,89,1,734,58,0,0,0,20,50,0,0,0,2,,0,0
1212,6,165,arrieros,114,89,1,690,61,0,0,0,20,50,0,0,0,2,,0,0
1212,6,166,arrieros,114,89,1,646,64,0,0,0,20,50,0,0,0,2,,0,0
1212,6,167,arrieros,122,89,1,600,57,0,0,0,10,40,0,0,0,2,,0,0
1212,6,168,arrieros,122,89,1,546,51,0,0,0,10,32,0,0,0,2,,0,0
1212,6,169,arrieros,122,89,1,665,45,0,0,0,10,32,0,0,0,2,1,24,0
1212,6,170,arrieros,122,89,1,613,39,0,0,0,10,32,0,0,0,2,,0,0
1212,6,171,arrieros,122,89,1,559,33,0,0,0,10,32,0,0,0,2,,0,0
1212,6,172,arrieros,122,89,1,507,28,0,0,0,10,32,0,0,0,2,,0,0
1212,6,173,arrieros,122,89,1,455,29,0,0,0,16,38,0,0,0,2,,0,0
1212,6,174,arrieros,122,89,1,411,30,0,0,0,16,46,0,0,0,2,,0,0
1212,6,175,arrieros,122,89,1,499,31,0,0,0,16,46,0,0,0,2,1,23,0
1212,6,176,arrieros,122,89,1,410,29,0,0,0,16,46,0,0,0,2,,0,0
1212,6,177,arrieros,122,89,1,326,27,0,0,0,16,46,0,0,0,2,,0,0
1212,6,178,arrieros,122,89,1,311,25,0,0,0,16,46,0,0,0,2,,0,0
1212,6,179,arrieros,122,89,1,331,38,0,0,0,32,62,0,0,0,2,,0,0
1212,6,180,arrieros,122,89,1,351,45,0,0,0,32,62,0,0,0,2,,0,0
1212,6,181,arrieros,124,97,1,650,51,0,0,0,32,62,0,0,0,2,1,23,0
1212,6,182,arrieros,124,97,1,568,61,0,0,0,32,64,0,0,0,2,,0,0
1212,6,183,arrieros,124,97,1,507,71,0,0,0,32,64,0,0,0,2,,0,0
1212,6,184,arrieros,124,97,1,529,80,0,0,0,32,64,0,0,0,2,,0,0
1212,6,185,arrieros,124,97,1,551,72,0,0,0,20,52,0,0,0,2,,0,0
1212,6,186,arrieros,124,97,1,573,64,0,0,0,20,52,0,0,0,2,,0,0
1212,6,187,arrieros,123,93,1,893,51,0,0,0,20,52,0,0,0,2,1,25,0
1212,6,188,arrieros,123,93,1,851,54,0,0,0,20,52,0,0,0,2,,0,0
1212,6,189,arrieros,123,93,1,809,57,0,0,0,20,52,0,0,0,2,,0,0
1212,6,190,arrieros,123,93,1,767,59,0,0,0,20,52,0,0,0,2,,0,0
1212,6,191,arrieros,123,93,1,722,52,0,0,0,10,42,0,0,0,2,,0,0
1212,6,192,arrieros,123,93,1,669,45,0,0,0,10,33,0,0,0,2,,0,0
1212,6,193,arrieros,123,93,1,785,38,0,0,0,10,33,0,0,0,2,1,24,0
1212,6,194,arrieros,123,93,1,733,32,0,0,0,10,33,0,0,0,2,,0,0
1212,6,195,arrieros,123,93,1,681,26,0,0,0,10,33,0,0,0,2,,0,0
1212,6,196,arrieros,123,93,1,627,20,0,0,0,10,33,0,0,0,2,,0,0
1212,6,197,arrieros,123,93,1,575,17,0,0,0,13,36,0,0,0,2,,0,0
1212,6,198,arrieros,123,93,1,532,14,0,0,0,13,45,0,0,0,2,,0,0
1212,6,199,arrieros,123,93,1,624,11,0,0,0,13,45,0,0,0,2,1,26,0
1212,6,200,arrieros,122,93,1,537,6,0,0,0,13,45,1,0,0,2,,0,0
1212,6,1,canteros,39,116,1,88,53,0,0,0,15,45,0,0,0,0,1,4,0
1212,6,2,canteros,39,116,1,95,36,0,0,0,15,31,0,0,0,0,,0,0
1212,6,3,canteros,39,116,1,102,20,0,0,0,15,31,0,1,0,0,,0,0
1212,6,4,canteros,39,116,1,117,6,0,0,0,15,39,0,0,0,0,,0,0
1212,6,5,canteros,39,116,1,132,1,0,0,0,24,48,0,0,0,0,,0,0
1212,6,6,canteros,38,116,1,158,0,0,0,0,24,59,1,0,0,0,,0,0
1212,6,7,canteros,37,116,1,97,0,0,0,0,24,59,1,0,0,0,1,8,0
1212,6,8,canteros,35,113,1,113,4,0,0,0,24,59,1,0,0,0,,0,0
1212,6,9,canteros,35,113,1,139,2,0,0,0,24,59,0,0,0,0,,0,0
1212,6,10,canteros,34,113,1,165,0,0,0,0,24,59,1,0,0,0,,0,0
1212,6,11,canteros,34,113,1,191,20,0,0,0,48,83,0,0,0,0,,0,0
1212,6,12,canteros,34,113,1,217,39,0,0,0,48,83,0,0,0,0,,0,0
1212,6,13,canteros,34,113,1,223,57,0,0,0,48,83,0,0,0,0,1,11,0
1212,6,14,canteros,34,113,1,187,78,0,0,0,48,83,0,0,0,0,,0,0
1212,6,15,canteros,34,113,1,208,99,0,0,0,48,83,0,0,0,0,,0,0
1212,6,16,canteros,49,113,1,234,116,0,0,0,48,83,0,0,0,1,,0,0
1212,6,17,canteros,49,113,1,260,114,0,0,0,30,65,0,0,0,1,,0,0
1212,6,18,canteros,49,113,1,286,112,0,0,0,30,64,0,0,0,1,,0,0
1212,6,19,canteros,48,109,1,346,100,0,0,0,30,64,0,0,0,1,1,17,0
1212,6,20,canteros,48,109,1,323,106,0,0,0,30,62,0,0,0,1,,0,0
1212,6,21,canteros,48,109,1,300,112,0,0,0,30,62,0,0,0,1,,0,0
1212,6,22,canteros,48,109,1,277,118,0,0,0,30,62,0,0,0,1,,0,0
1212,6,23,canteros,48,109,1,266,109,0,0,0,15,47,0,0,0,1,,0,0
1212,6,24,canteros,48,109,1,280,101,0,0,0,15,37,0,0,0,1,,0,0
1212,6,25,canteros,48,105,1,293,62,0,0,0,15,37,0,0,0,1,1,21,0
1212,6,26,canteros,48,105,1,260,56,0,0,0,15,37,0,0,0,1,,0,0
1212,6,27,canteros,66,105,1,227,51,0,0,0,15,37,0,0,0,2,,0,0
1212,6,28,canteros,66,105,1,194,46,0,0,0,15,37,0,0,0,2,,0,0
1212,6,29,canteros,66,105,1,179,44,0,0,0,18,40,0,0,0,2,,0,0
1212,6,30,canteros,66,105,1,203,42,0,0,0,18,50,0,0,0,2,,0,0
1212,6,31,canteros,66,105,1,91,33,0,0,0,18,50,0,0,0,2,1,10,0
1212,6,32,canteros,66,105,1,59,30,0,0,0,18,50,0,0,0,2,,0,0
1212,6,33,canteros,66,105,1,78,27,0,0,0,18,50,0,0,0,2,,0,0
1212,6,34,canteros,66,105,1,102,18,0,0,0,18,50,0,0,0,2,,0,0
1212,6,35,canteros,66,105,1,126,37,0,0,0,48,79,0,0,0,2,,0,0
1212,6,36,canteros,66,105,1,150,55,0,0,0,48,79,0,0,0,2,,0,0
1212,6,37,canteros,66,105,1,187,72,0,0,0,48,79,0,0,0,2,1,5,0
1212,6,38,canteros,66,105,1,205,93,0,0,0,48,79,0,0,0,2,,0,0
1212,6,39,canteros,66,105,1,229,109,0,0,0,48,79,0,0,0,2,,0,0
1212,6,40,canteros,66,105,1,253,124,0,0,0,48,79,0,0,0,2,,0,0
1212,6,41,canteros,66,105,1,277,121,0,0,0,30,61,0,0,0,2,,0,0
1212,6,42,canteros,66,105,1,301,119,0,0,0,30,61,0,0,0,2,,0,0
1212,6,43,canteros,66,105,1,340,104,0,0,0,30,61,0,0,0,2,1,22,0
1212,6,44,canteros,66,105,1,317,109,0,0,0,30,61,0,0,0,2,,0,0
1212,6,45,canteros,74,105,1,288,114,0,0,0,30,61,0,0,0,2,,0,0
1212,6,46,canteros,74,105,1,259,119,0,0,0,30,61,0,0,0,2,,0,0
1212,6,47,canteros,74,105,1,230,109,0,0,0,15,46,0,0,0,2,,0,0
1212,6,48,canteros,74,105,1,239,100,0,0,0,15,36,0,0,0,2,,0,0
1212,6,49,canteros,74,105,1,275,73,0,0,0,15,36,0,0,0,2,1,18,0
1212,6,50,canteros,74,105,1,237,65,0,0,0,15,36,0,0,0,2,,0,0
1212,6,51,canteros,82,105,1,198,57,0,0,0,15,36,0,0,0,2,,0,0
1212,6,52,canteros,82,105,1,171,50,0,0,0,15,35,0,0,0,2,,0,0
1212,6,53,canteros,82,105,1,185,52,0,0,0,24,44,0,0,0,2,,0,0
1212,6,54,canteros,82,105,1,209,47,0,0,0,24,54,0,0,0,2,,0,0
1212,6,55,canteros,82,105,1,198,42,0,0,0,24,54,0,0,0,2,1,9,0
1212,6,56,canteros,82,105,1,154,41,0,0,0,24,54,0,0,0,2,,0,0
1212,6,57,canteros,82,105,1,178,40,0,0,0,24,54,0,0,0,2,,0,0
1212,6,58,canteros,82,105,1,202,35,0,0,0,24,54,0,0,0,2,,0,0
1212,6,59,canteros,82,105,1,226,53,0,0,0,48,78,0,0,0,2,,0,0
1212,6,60,canteros,82,105,1,250,71,0,0,0,48,78,0,0,0,2,,0,0
1212,6,61,canteros,82,105,1,287,88,0,0,0,48,78,0,0,0,2,1,11,0
1212,6,62,canteros,82,105,1,219,108,0,0,0,48,78,0,0,0,2,,0,0
1212,6,63,canteros,82,105,1,220,127,0,0,0,48,78,0,0,0,2,,0,0
1212,6,64,canteros,82,105,1,244,146,0,0,0,48,78,0,0,0,2,,0,0
1212,6,65,canteros,82,105,1,268,143,0,0,0,30,60,0,0,0,2,,0,0
1212,6,66,canteros,82,105,1,292,140,0,0,0,30,60,0,0,0,2,,0,0
1212,6,67,canteros,82,105,1,396,124,0,0,0,30,60,0,0,0,2,1,21,0
1212,6,68,canteros,82,105,1,368,128,0,0,0,30,60,0,0,0,2,,0,0
1212,6,69,canteros,90,105,1,339,132,0,0,0,30,60,0,0,0,2,,0,0
1212,6,70,canteros,90,105,1,316,136,0,0,0,30,60,0,0,0,2,,0,0
1212,6,71,canteros,90,105,1,293,126,0,0,0,15,45,0,0,0,2,,0,0
1212,6,72,canteros,90,105,1,301,116,0,0,0,15,35,0,0,0,2,,0,0
1212,6,73,canteros,90,105,1,337,88,0,0,0,15,35,0,0,0,2,1,27,0
1212,6,74,canteros,90,105,1,304,79,0,0,0,15,35,0,0,0,2,,0,0
1212,6,75,canteros,98,105,1,265,71,0,0,0,15,35,0,0,0,2,,0,0
1212,6,76,canteros,98,105,1,226,63,0,0,0,15,35,0,0,0,2,,0,0
1212,6,77,canteros,98,105,1,188,64,0,0,0,24,44,0,0,0,2,,0,0
1212,6,78,canteros,98,105,1,207,65,0,0,0,24,54,0,0,0,2,,0,0
1212,6,79,canteros,98,105,1,216,60,0,0,0,24,54,0,0,0,2,1,9,0
1212,6,80,canteros,98,105,1,173,58,0,0,0,24,54,0,0,0,2,,0,0
1212,6,81,canteros,308,105,1,195,56,0,0,0,24,54,0,1,1,3,,0,0
1212,6,82,canteros,308,105,1,219,43,0,0,0,24,54,0,0,0,3,,0,0
1212,6,83,canteros,308,105,1,243,63,0,0,0,48,78,0,0,0,3,,0,0
1212,6,84,canteros,308,105,1,267,82,0,0,0,48,78,0,0,0,3,,0,0
1212,6,85,canteros,308,105,1,304,100,0,0,0,48,78,0,0,0,3,1,13,0
1212,6,86,canteros,308,105,1,242,117,0,0,0,43,73,0,0,0,3,,0,0
1212,6,87,canteros,316,105,1,231,133,0,0,0,43,73,0,0,0,3,,0,0
1212,6,88,canteros,316,105,1,255,148,0,0,0,43,73,0,0,0,3,,0,0
1212,6,89,canteros,316,105,1,279,144,0,0,0,27,57,0,0,0,3,,0,0
1212,6,90,canteros,316,105,1,303,140,0,0,0,27,57,0,0,0,3,,0,0
1212,6,91,canteros,316,105,1,413,136,0,0,0,27,57,0,0,0,3,1,17,0
1212,6,92,canteros,316,105,1,390,139,0,0,0,27,57,0,0,0,3,,0,0
1212,6,93,canteros,316,105,1,367,142,0,0,0,27,57,0,0,0,3,,0,0
1212,6,94,canteros,316,105,1,344,145,0,0,0,27,57,0,0,0,3,,0,0
1212,6,95,canteros,316,105,1,321,134,0,0,0,13,43,0,0,0,3,,0,0
1212,6,96,canteros,316,105,1,330,124,0,0,0,13,33,0,0,0,3,,0,0
1212,6,97,canteros,316,109,1,386,108,0,0,0,13,33,0,0,0,3,1,19,0
1212,6,98,canteros,316,109,1,359,98,0,0,0,13,33,0,0,0,3,,0,0
1212,6,99,canteros,316,109,1,332,88,0,0,0,13,33,0,0,0,3,,0,0
1212,6,100,canteros,316,109,1,305,79,0,0,0,13,33,0,0,0,3,,0,0
1212,6,101,canteros,316,109,1,278,78,0,0,0,21,41,0,0,0,3,,0,0
1212,6,102,canteros,316,109,1,261,77,0,0,0,21,51,0,0,0,3,,0,0
1212,6,103,canteros,316,105,1,255,66,0,0,0,21,51,0,0,0,3,1,12,0
1212,6,104,canteros,316,105,1,199,66,0,0,0,21,51,0,0,0,3,,0,0
1212,6,105,canteros,316,105,1,194,66,0,0,0,21,51,0,0,0,3,,0,0
1212,6,106,canteros,316,105,1,209,66,0,0,0,21,51,0,0,0,3,,0,0
1212,6,107,canteros,316,105,1,233,82,0,0,0,43,73,0,0,0,3,,0,0
1212,6,108,canteros,316,105,1,257,96,0,0,0,43,73,0,0,0,3,,0,0
1212,6,109,canteros,316,105,1,334,109,0,0,0,43,73,0,0,0,3,1,11,0
1212,6,110,canteros,316,105,1,278,128,0,0,0,43,73,0,0,0,3,,0,0
1212,6,111,canteros,316,105,1,273,147,0,0,0,43,73,0,0,0,3,,0,0
1212,6,112,canteros,316,105,1,292,165,0,0,0,43,73,0,0,0,3,,0,0
1212,6,113,canteros,316,105,1,316,161,0,0,0,27,57,0,0,0,3,,0,0
1212,6,114,canteros,316,105,1,340,156,0,0,0,27,57,0,0,0,3,,0,0
1212,6,115,canteros,316,105,1,467,138,0,0,0,27,57,0,0,0,3,1,22,0
1212,6,116,canteros,316,105,1,466,140,0,0,0,27,57,0,0,0,3,,0,0
1212,6,117,canteros,324,105,1,465,142,0,0,0,27,57,0,0,0,3,,0,0
1212,6,118,canteros,324,105,1,464,144,0,0,0,27,57,0,0,0,3,,0,0
1212,6,119,canteros,324,105,1,463,132,0,0,0,13,43,0,0,0,3,,0,0
1212,6,120,canteros,324,105,1,452,121,0,0,0,13,33,0,0,0,3,,0,0
1212,6,121,canteros,324,105,1,471,110,0,0,0,13,33,0,0,0,3,1,12,0
1212,6,122,canteros,324,105,1,444,104,0,0,0,13,33,0,0,0,3,,0,0
1212,6,123,canteros,324,105,1,417,98,0,0,0,13,33,0,0,0,3,,0,0
1212,6,124,canteros,324,105,1,390,92,0,0,0,13,33,0,0,0,3,,0,0
1212,6,125,canteros,324,105,1,363,94,0,0,0,21,41,0,0,0,3,,0,0
1212,6,126,canteros,324,105,1,346,91,0,0,0,21,51,0,0,0,3,,0,0
1212,6,127,canteros,324,105,1,360,93,0,0,0,21,51,0,0,0,3,1,14,0
1212,6,128,canteros,324,105,1,304,92,0,0,0,21,51,0,0,0,3,,0,0
1212,6,129,canteros,324,105,1,248,91,0,0,0,21,51,0,0,0,3,,0,0
1212,6,130,canteros,332,105,1,243,90,0,0,0,21,51,0,0,0,3,,0,0
1212,6,131,canteros,332,105,1,250,110,0,0,0,43,73,0,0,0,3,,0,0
1212,6,132,canteros,332,105,1,274,126,0,0,0,43,73,0,0,0,3,,0,0
1212,6,133,canteros,332,105,1,414,138,0,0,0,43,73,0,0,0,3,1,11,0
1212,6,134,canteros,332,105,1,358,156,0,0,0,43,73,0,0,0,3,,0,0
1212,6,135,canteros,332,105,1,353,174,0,0,0,43,73,0,0,0,3,,0,0
1212,6,136,canteros,332,105,1,352,191,0,0,0,43,73,0,0,0,3,,0,0
1212,6,137,canteros,332,105,1,376,191,0,0,0,27,57,0,0,0,3,,0,0
1212,6,138,canteros,332,105,1,400,185,0,0,0,27,57,0,0,0,3,,0,0
1212,6,139,canteros,332,109,1,568,179,0,0,0,27,57,0,0,0,3,1,3,0
1212,6,140,canteros,332,109,1,592,172,0,0,0,27,57,0,0,0,3,,0,0
1212,6,141,canteros,332,109,1,616,166,0,0,0,27,57,0,0,0,3,,0,0
1212,6,142,canteros,332,109,1,640,160,0,0,0,27,57,0,0,0,3,,0,0
1212,6,143,canteros,332,109,1,664,141,0,0,0,13,43,0,0,0,3,,0,0
1212,6,144,canteros,332,109,1,678,122,0,0,0,13,33,0,0,0,3,,0,0
1212,6,145,canteros,332,105,1,694,95,0,0,0,13,33,0,0,0,3,1,17,0
1212,6,146,canteros,332,105,1,679,86,0,0,0,13,33,0,0,0,3,,0,0
1212,6,147,canteros,332,105,1,664,78,0,0,0,13,33,0,0,0,3,,0,0
1212,6,148,canteros,332,105,1,649,70,0,0,0,13,33,0,0,0,3,,0,0
1212,6,149,canteros,332,105,1,622,70,0,0,0,21,41,0,0,0,3,,0,0
1212,6,150,canteros,332,105,1,605,73,0,0,0,21,51,0,0,0,3,,0,0
1212,6,151,canteros,332,105,1,680,63,0,0,0,21,51,0,0,0,3,1,32,0
1212,6,152,canteros,332,105,1,636,60,0,0,0,21,51,0,0,0,3,,0,0
1212,6,153,canteros,340,105,1,592,57,0,0,0,21,51,0,0,0,3,,0,0
1212,6,154,canteros,340,105,1,536,54,0,0,0,21,51,0,0,0,3,,0,0
1212,6,155,canteros,340,105,1,480,76,0,0,0,43,73,0,0,0,3,,0,0
1212,6,156,canteros,340,105,1,424,97,0,0,0,43,73,0,0,0,3,,0,0
1212,6,157,canteros,340,105,1,789,117,0,0,0,43,73,0,0,0,3,1,19,0
1212,6,158,canteros,340,105,1,745,133,0,0,0,43,73,0,0,0,3,,0,0
1212,6,159,canteros,340,105,1,701,148,0,0,0,43,73,0,0,0,3,,0,0
1212,6,160,canteros,340,105,1,645,161,0,0,0,43,73,0,0,0,3,,0,0
1212,6,161,canteros,340,105,1,589,163,0,0,0,27,57,0,0,0,3,,0,0
1212,6,162,canteros,340,105,1,613,165,0,0,0,27,57,0,0,0,3,,0,0
1212,6,163,canteros,340,105,1,987,160,0,0,0,27,57,0,0,0,3,1,2,0
1212,6,164,canteros,340,105,1,1011,155,0,0,0,27,57,0,0,0,3,,0,0
1212,6,165,canteros,348,105,1,1035,150,0,0,0,27,57,0,0,0,3,,0,0
1212,6,166,canteros,348,105,1,1059,145,0,0,0,27,57,0,0,0,3,,0,0
1212,6,167,canteros,348,105,1,1083,127,0,0,0,13,43,0,0,0,3,,0,0
1212,6,168,canteros,348,105,1,1097,110,0,0,0,13,33,0,0,0,3,,0,0
1212,6,169,canteros,348,105,1,1101,55,0,0,0,13,33,0,0,0,3,1,17,0
1212,6,170,canteros,348,105,1,1086,48,0,0,0,13,33,0,0,0,3,,0,0
1212,6,171,canteros,382,135,2,1071,41,0,0,0,13,33,0,0,0,4,,0,0
1212,6,172,canteros,382,135,2,1048,28,0,0,0,13,39,0,0,0,4,,0,0
1212,6,173,canteros,382,135,2,1013,23,0,0,0,21,47,0,0,0,4,,0,0
1212,6,174,canteros,382,135,2,988,21,0,0,0,21,57,0,0,0,4,,0,0
1212,6,175,canteros,382,139,2,1057,20,0,0,0,21,57,0,0,0,4,1,25,0
1212,6,176,canteros,382,139,2,1004,9,0,0,0,21,57,0,1,0,4,,0,0
1212,6,177,canteros,381,139,2,951,4,0,0,0,24,60,1,0,0,4,,0,0
1212,6,178,canteros,380,139,2,886,4,0,0,0,24,60,1,0,0,4,,0,0
1212,6,179,canteros,380,139,2,806,27,0,0,0,50,86,0,0,0,4,,0,0
1212,6,180,canteros,381,140,2,741,46,0,0,0,49,85,0,0,0,4,,0,0
1212,6,181,canteros,381,141,2,1095,63,0,0,0,49,85,0,1,0,4,1,28,0
1212,6,182,canteros,381,142,2,1037,76,0,0,0,50,86,0,0,0,4,,0,0
1212,6,183,canteros,381,143,2,979,89,0,0,0,50,86,0,0,0,4,,0,0
1212,6,184,canteros,381,144,2,908,101,0,0,0,50,86,0,0,0,4,,0,0
1212,6,185,canteros,381,144,2,827,97,0,0,0,31,67,0,0,0,4,,0,0
1212,6,186,canteros,381,144,2,756,91,0,0,0,31,67,0,1,0,4,,0,0
1212,6,187,canteros,381,140,2,1086,77,0,0,0,31,73,0,0,0,4,1,26,0
1212,6,188,canteros,381,140,2,1067,74,0,0,0,32,75,0,0,0,4,,0,0
1212,6,189,canteros,381,140,2,1044,71,0,0,0,32,75,0,0,0,4,,0,0
1212,6,190,canteros,381,140,2,1025,68,0,0,0,32,75,0,0,0,4,,0,0
1212,6,191,canteros,381,140,2,1006,49,0,0,0,15,58,0,0,0,4,,0,0
1212,6,192,canteros,381,140,2,977,30,0,0,0,15,48,0,0,0,4,,0,0
1212,6,193,canteros,381,140,2,1086,12,0,0,0,15,48,0,0,0,4,1,13,0
1212,6,194,canteros,380,140,2,1052,10,0,0,0,15,50,1,0,0,4,,0,0
1212,6,195,canteros,379,140,2,1018,10,0,0,0,15,50,1,0,0,4,,0,0
1212,6,196,canteros,377,136,2,979,10,0,0,0,15,50,1,0,0,4,,0,0
1212,6,197,canteros,375,132,2,945,10,0,0,0,25,60,1,0,0,4,,0,0
1212,6,198,canteros,375,132,2,915,10,0,0,0,25,68,0,0,0,4,,0,0
1212,6,199,canteros,375,132,2,927,10,0,0,0,25,67,0,0,0,4,1,18,0
1212,6,200,canteros,375,132,2,862,7,0,0,0,25,67,0,0,0,4,,0,0
1212,6,1,ferrones,33,86,1,390,62,0,14,0,15,33,0,0,0,0,1,6,0
1212,6,2,ferrones,33,86,1,394,53,0,8,0,15,23,0,0,0,0,,0,0
1212,6,3,ferrones,33,86,1,398,45,0,3,0,15,23,0,0,0,0,,0,0
1212,6,4,ferrones,33,86,1,402,31,0,0,0,9,17,0,0,0,0,,0,0
1212,6,5,ferrones,33,86,1,406,12,0,0,0,4,12,0,1,0,0,,0,0
1212,6,6,ferrones,32,86,1,426,0,0,0,0,4,28,1,0,0,0,,0,0
1212,6,7,ferrones,31,86,1,352,0,0,0,0,4,28,1,0,0,0,1,26,0
1212,6,8,ferrones,29,84,1,278,3,0,0,0,4,28,1,0,0,0,,0,0
1212,6,9,ferrones,28,82,1,204,3,0,0,0,4,28,1,0,0,0,,0,0
1212,6,10,ferrones,27,80,1,155,3,0,2,0,4,28,1,0,0,0,,0,0
1212,6,11,ferrones,25,78,1,160,3,0,0,0,15,39,1,0,0,0,,0,0
1212,6,12,ferrones,24,76,1,178,1,0,0,0,8,30,1,0,0,0,,0,0
1212,6,13,ferrones,22,74,1,274,0,0,0,0,8,30,1,0,0,0,1,8,0
1212,6,14,ferrones,21,72,1,277,4,0,0,0,7,29,1,0,0,0,,0,0
1212,6,15,ferrones,20,70,1,295,1,0,0,0,7,29,1,0,0,0,,0,0
1212,6,16,ferrones,18,68,1,313,0,0,0,0,7,29,1,0,0,0,,0,0
1212,6,17,ferrones,17,66,1,329,0,0,0,0,3,23,1,0,0,0,,0,0
1212,6,18,ferrones,16,65,1,345,0,0,0,0,3,23,1,0,0,0,,0,0
1212,6,19,ferrones,14,64,1,366,0,0,0,0,3,23,1,0,0,0,1,16,0
1212,6,20,ferrones,13,63,1,310,7,0,0,0,3,15,1,0,0,0,,0,0
1212,6,21,ferrones,12,62,1,254,7,0,0,0,3,15,1,0,0,0,,0,0
1212,6,22,ferrones,11,61,1,198,7,0,0,0,3,15,1,0,0,0,,0,0
1212,6,23,ferrones,10,60,1,182,7,0,0,0,1,13,1,0,0,0,,0,0
1212,6,24,ferrones,8,59,1,191,5,0,0,0,1,13,1,0,0,0,,0,0
1212,6,25,ferrones,7,58,1,219,0,0,0,0,1,12,1,0,0,0,1,7,0
1212,6,26,ferrones,6,57,1,162,7,0,0,0,1,12,1,0,0,0,,0,0
1212,6,27,ferrones,5,56,1,170,7,0,0,0,1,12,1,0,0,0,,0,0
1212,6,28,ferrones,4,55,1,178,0,0,0,0,1,12,1,0,0,0,,0,0
1212,6,29,ferrones,2,54,1,186,0,0,0,0,2,13,1,0,0,0,,0,0
1212,6,30,ferrones,1,53,1,198,0,0,0,0,2,17,1,0,0,0,,0,0
1212,6,31,ferrones,0,52,1,149,0,0,0,0,2,17,1,0,0,0,1,11,0
1212,6,32,ferrones,-1,51,1,127,4,0,0,0,2,13,1,0,0,0,,0,0
1212,6,33,ferrones,-2,50,1,130,4,0,0,0,2,13,1,0,0,0,,0,0
1212,6,34,ferrones,-4,49,1,138,1,0,0,0,2,13,1,0,0,0,,0,0
1212,6,35,ferrones,-5,48,1,145,0,0,0,0,5,15,1,0,0,0,,0,0
1212,6,36,ferrones,-6,47,1,152,0,0,0,0,5,15,1,0,0,0,,0,0
1212,6,37,ferrones,-7,46,1,159,0,0,0,0,5,15,1,0,0,0,1,7,0
1212,6,38,ferrones,-8,45,1,151,4,0,0,0,5,15,1,0,0,0,,0,0
1212,6,39,ferrones,-10,44,1,158,3,0,0,0,5,15,1,0,0,0,,0,0
1212,6,40,ferrones,-11,43,1,165,0,0,0,0,5,15,1,0,0,0,,0,0
1212,6,41,ferrones,-12,42,1,172,0,0,0,0,3,13,1,0,0,0,,0,0
1212,6,42,ferrones,-13,41,1,179,0,0,0,0,3,13,1,0,0,0,,0,0
1212,6,43,ferrones,-14,40,1,166,0,0,0,0,3,13,1,0,0,0,1,9,0
1212,6,44,ferrones,-16,39,1,128,7,0,0,0,3,13,1,0,0,0,,0,0
1212,6,45,ferrones,-16,39,1,120,8,0,0,0,3,13,0,0,0,0,,0,0
1212,6,46,ferrones,-16,39,1,127,1,0,0,0,3,13,0,1,0,0,,0,0
1212,6,47,ferrones,-17,39,1,134,0,0,0,0,1,13,1,0,0,0,,0,0
1212,6,48,ferrones,-18,39,1,141,0,0,0,0,1,13,1,0,0,0,,0,0
1212,6,49,ferrones,-19,38,1,115,0,0,0,0,1,13,1,0,0,0,1,6,0
1212,6,50,ferrones,-20,37,1,107,7,0,0,0,1,13,1,0,0,0,,0,0
1212,6,51,ferrones,-21,36,1,114,3,0,0,0,1,13,1,0,0,0,,0,0
1212,6,52,ferrones,-22,35,1,121,0,0,0,0,1,13,1,0,0,0,,0,0
1212,6,53,ferrones,-24,34,1,128,0,0,0,0,2,14,1,0,0,0,,0,0
1212,6,54,ferrones,-25,33,1,137,0,0,0,0,2,16,1,0,0,0,,0,0
1212,6,55,ferrones,-26,32,1,92,0,0,0,0,2,16,1,0,0,0,1,6,0
1212,6,56,ferrones,-27,31,1,99,4,0,1,0,2,14,1,0,0,0,,0,0
1212,6,57,ferrones,-28,30,1,106,0,0,1,0,2,14,1,0,0,0,,0,0
1212,6,58,ferrones,-30,29,1,113,0,0,1,0,2,14,1,0,0,0,,0,0
1212,6,59,ferrones,-31,28,1,119,0,0,1,0,5,16,1,0,0,0,,0,0
1212,6,60,ferrones,-32,27,1,125,0,0,1,0,5,16,1,0,0,0,,0,0
1212,6,61,ferrones,-33,26,1,95,0,0,1,0,4,15,1,0,0,0,1,6,0
1212,6,62,ferrones,-34,25,1,86,4,0,1,0,4,15,1,0,0,0,,0,0
1212,6,63,ferrones,-34,25,1,92,5,0,0,0,4,15,0,0,0,0,,0,0
1212,6,64,ferrones,-34,25,1,98,1,0,0,0,4,15,0,1,0,0,,0,0
1212,6,65,ferrones,-35,25,1,104,0,0,0,0,2,13,1,0,0,0,,0,0
1212,6,66,ferrones,-36,25,1,110,0,0,0,0,2,13,1,0,0,0,,0,0
1212,6,67,ferrones,-38,24,1,90,0,0,0,0,2,13,1,0,0,0,1,6,0
1212,6,68,ferrones,-39,23,1,91,7,0,0,0,2,13,1,0,0,0,,0,0
1212,6,69,ferrones,-39,23,1,104,5,0,0,0,2,13,0,1,0,0,,0,0
1212,6,70,ferrones,-39,23,1,110,3,0,0,0,3,14,0,0,0,0,,0,0
1212,6,71,ferrones,-40,23,1,116,0,0,0,0,1,12,1,0,0,0,,0,0
1212,6,72,ferrones,-41,23,1,122,0,0,0,0,1,12,1,0,0,0,,0,0
1212,6,73,ferrones,-42,22,1,87,0,0,0,0,1,12,1,0,0,0,1,8,0
1212,6,74,ferrones,-43,21,1,88,7,0,0,0,1,12,1,0,0,0,,0,0
1212,6,75,ferrones,-43,21,1,79,4,0,0,0,1,12,0,0,0,0,,0,0
1212,6,76,ferrones,-44,21,1,85,0,0,0,0,1,12,1,0,0,0,,0,0
1212,6,77,ferrones,-45,21,1,91,0,0,0,0,2,13,1,1,0,0,,0,0
1212,6,78,ferrones,-46,20,1,98,0,0,0,0,1,12,1,0,0,0,,0,0
1212,6,79,ferrones,-48,19,1,92,0,0,0,0,1,12,1,0,0,0,1,7,0
1212,6,80,ferrones,-49,18,1,92,4,0,0,0,1,10,1,0,0,0,,0,0
1212,6,81,ferrones,-49,18,1,104,2,0,0,0,1,10,0,1,0,0,,0,0
1212,6,82,ferrones,-49,18,1,109,0,0,0,0,2,12,0,0,0,0,,0,0
1212,6,83,ferrones,-49,18,1,114,0,0,0,0,4,14,0,0,0,0,,0,0
1212,6,84,ferrones,-49,18,1,119,1,0,0,0,5,15,0,0,0,0,,0,0
1212,6,85,ferrones,-49,18,1,74,2,0,0,0,5,15,0,0,0,0,1,7,0
1212,6,86,ferrones,-49,18,1,74,5,0,0,0,5,15,0,1,0,0,,0,0
1212,6,87,ferrones,-49,18,1,79,6,0,0,0,4,14,0,0,0,0,,0,0
1212,6,88,ferrones,-49,18,1,84,6,0,0,0,4,14,0,0,0,0,,0,0
1212,6,89,ferrones,-49,18,1,89,5,0,0,0,3,13,0,0,0,0,,0,0
1212,6,90,ferrones,-49,18,1,94,4,0,0,0,3,13,0,0,0,0,,0,0
1212,6,91,ferrones,-49,18,1,92,3,0,0,0,3,13,0,1,0,0,1,4,0
1212,6,92,ferrones,-49,18,1,97,9,0,0,0,4,15,0,0,0,0,,0,0
1212,6,93,ferrones,-49,18,1,102,9,0,0,0,4,15,0,0,0,0,,0,0
1212,6,94,ferrones,-49,18,1,107,9,0,0,0,4,15,0,0,0,0,,0,0
1212,6,95,ferrones,-49,18,1,112,7,0,0,0,2,13,0,0,0,0,,0,0
1212,6,96,ferrones,-49,18,1,117,5,0,0,0,2,13,0,0,0,0,,0,0
1212,6,97,ferrones,-49,18,1,46,3,0,0,0,2,13,0,0,0,0,1,5,0
1212,6,98,ferrones,-50,18,1,51,7,0,0,0,2,13,1,0,0,0,,0,0
1212,6,99,ferrones,-50,18,1,56,3,0,0,0,2,13,0,0,0,0,,0,0
1212,6,100,ferrones,-51,18,1,61,0,0,0,0,2,13,1,0,0,0,,0,0
1212,6,101,ferrones,-52,18,1,66,0,0,0,0,3,14,1,0,0,0,,0,0
1212,6,102,ferrones,-53,17,1,72,0,0,0,0,3,15,1,1,0,0,,0,0
1212,6,103,ferrones,-54,16,1,84,0,0,0,2,2,15,1,0,0,0,1,3,0
1212,6,104,ferrones,-55,15,1,90,2,0,0,3,2,14,1,0,0,0,,0,0
1212,6,105,ferrones,-55,15,1,96,1,0,0,4,2,14,0,0,0,0,,0,0
1212,6,106,ferrones,-55,15,1,102,0,0,0,5,2,14,0,0,0,0,,0,0
1212,6,107,ferrones,-55,15,1,108,1,0,0,6,4,16,0,0,0,0,,0,0
1212,6,108,ferrones,-55,15,1,114,2,0,0,7,4,16,0,0,0,0,,0,0
1212,6,109,ferrones,-55,15,1,85,3,0,0,8,4,16,0,0,0,0,1,6,0
1212,6,110,ferrones,-55,15,1,76,8,0,0,9,4,16,0,0,0,0,,0,0
1212,6,111,ferrones,-55,15,1,82,12,0,0,10,4,16,0,0,0,0,,0,0
1212,6,112,ferrones,-55,15,1,88,13,0,0,11,4,16,0,0,0,0,,0,0
1212,6,113,ferrones,-55,15,1,94,12,0,0,12,2,14,0,0,0,0,,0,0
1212,6,114,ferrones,-55,15,1,100,11,0,0,13,2,14,0,0,0,0,,0,0
1212,6,115,ferrones,-55,15,1,86,10,0,0,14,2,14,0,0,0,0,1,5,0
1212,6,116,ferrones,-55,15,1,87,16,0,0,15,2,14,0,0,0,0,,0,0
1212,6,117,ferrones,-55,15,1,93,16,0,0,16,2,14,0,0,0,0,,0,0
1212,6,118,ferrones,-55,15,1,99,15,0,0,17,2,14,0,0,0,0,,0,0
1212,6,119,ferrones,-55,15,1,105,13,0,0,18,1,13,0,0,0,0,,0,0
1212,6,120,ferrones,-55,15,1,110,11,0,0,19,1,12,0,0,0,0,,0,0
1212,6,121,ferrones,-55,15,1,79,9,0,0,20,1,12,0,0,0,0,1,4,0
1212,6,122,ferrones,-55,15,1,84,14,0,0,21,1,12,0,0,0,0,,0,0
1212,6,123,ferrones,-55,15,1,89,12,0,0,22,1,12,0,0,0,0,,0,0
1212,6,124,ferrones,-55,15,1,94,10,0,0,23,1,12,0,0,0,0,,0,0
1212,6,125,ferrones,-55,15,1,99,9,0,0,24,2,13,0,0,0,0,,0,0
1212,6,126,ferrones,-55,15,1,105,8,0,0,25,2,14,0,0,0,0,,0,0
1212,6,127,ferrones,-55,15,1,101,7,0,0,13,2,14,0,0,0,0,1,8,0
1212,6,128,ferrones,-55,15,1,87,7,0,0,12,2,13,0,0,0,0,,0,0
1212,6,129,ferrones,-55,15,1,93,10,0,0,12,2,14,0,0,0,0,,0,0
1212,6,130,ferrones,-55,15,1,99,9,0,0,12,2,14,0,0,0,0,,0,0
1212,6,131,ferrones,-55,15,1,105,10,0,0,11,4,15,0,0,0,0,,0,0
1212,6,132,ferrones,-55,15,1,111,11,0,0,11,4,16,0,0,0,0,,0,0
1212,6,133,ferrones,-55,15,1,193,12,0,0,10,4,15,0,0,0,0,1,6,0
1212,6,134,ferrones,-55,15,1,189,17,0,0,10,4,16,0,0,0,0,,0,0
1212,6,135,ferrones,-55,15,1,195,20,0,0,10,4,16,0,0,0,0,,0,0
1212,6,136,ferrones,-55,15,1,201,21,0,0,10,4,16,0,0,0,0,,0,0
1212,6,137,ferrones,-55,15,1,207,21,0,0,9,3,14,0,0,0,0,,0,0
1212,6,138,ferrones,-55,15,1,213,21,0,0,9,3,15,0,0,0,0,,0,0
1212,6,139,ferrones,-55,15,1,176,21,0,0,8,3,14,0,0,0,0,1,10,0
1212,6,140,ferrones,-55,15,1,125,24,0,0,8,3,15,0,0,0,0,,0,0
1212,6,141,ferrones,-55,15,1,92,27,0,0,8,3,15,0,0,0,0,,0,0
1212,6,142,ferrones,-55,15,1,98,29,0,0,8,3,15,0,0,0,0,,0,0
1212,6,143,ferrones,-55,15,1,104,26,0,0,8,1,13,0,0,0,0,,0,0
1212,6,144,ferrones,-55,15,1,109,24,0,0,8,1,12,0,0,0,0,,0,0
1212,6,145,ferrones,-55,15,1,110,22,0,0,8,1,12,0,0,0,0,1,3,0
1212,6,146,ferrones,-55,15,1,115,20,0,0,8,1,12,0,0,0,0,,0,0
1212,6,147,ferrones,-55,15,1,120,18,0,0,8,1,12,0,0,0,0,,0,0
1212,6,148,ferrones,-55,15,1,125,16,0,0,8,1,12,0,0,0,0,,0,0
1212,6,149,ferrones,-55,15,1,130,15,0,0,8,2,13,0,0,0,0,,0,0
1212,6,150,ferrones,-55,15,1,136,14,0,0,8,2,14,0,0,0,0,,0,0
1212,6,151,ferrones,-55,15,1,91,13,0,0,8,2,14,0,0,0,0,1,8,0
1212,6,152,ferrones,-55,15,1,87,16,0,1,8,2,14,0,0,0,0,,0,0
1212,6,153,ferrones,-55,15,1,93,17,0,0,8,2,14,0,0,0,0,,0,0
1212,6,154,ferrones,-55,15,1,99,16,0,0,8,2,14,0,0,0,0,,0,0
1212,6,155,ferrones,-55,15,1,105,17,0,0,7,4,15,0,0,0,0,,0,0
1212,6,156,ferrones,-55,15,1,111,18,0,0,7,4,16,0,0,0,0,,0,0
1212,6,157,ferrones,-55,15,1,93,19,0,0,6,4,15,0,0,0,0,1,6,0
1212,6,158,ferrones,-55,15,1,89,24,0,0,6,4,16,0,0,0,0,,0,0
1212,6,159,ferrones,-55,15,1,95,26,0,0,6,4,16,0,0,0,0,,0,0
1212,6,160,ferrones,-55,15,1,101,26,0,0,6,4,16,0,0,0,0,,0,0
1212,6,161,ferrones,-55,15,1,107,25,0,0,5,3,14,0,0,0,0,,0,0
1212,6,162,ferrones,-55,15,1,113,24,0,0,5,3,15,0,0,0,0,,0,0
1212,6,163,ferrones,-55,15,1,85,24,0,0,4,3,14,0,0,0,0,1,3,0
1212,6,164,ferrones,-55,15,1,91,24,0,0,4,3,15,0,0,0,0,,0,0
1212,6,165,ferrones,-55,15,1,97,24,0,0,4,3,15,0,0,0,0,,0,0
1212,6,166,ferrones,-55,15,1,103,24,0,0,4,3,15,0,0,0,0,,0,0
1212,6,167,ferrones,-55,15,1,109,22,0,0,4,1,13,0,0,0,0,,0,0
1212,6,168,ferrones,-55,15,1,114,20,0,0,4,1,12,0,0,0,0,,0,0
1212,6,169,ferrones,-55,15,1,83,18,0,0,3,1,11,0,0,0,0,1,4,0
1212,6,170,ferrones,-55,15,1,88,20,0,0,3,1,12,0,0,0,0,,0,0
1212,6,171,ferrones,-55,15,1,93,18,0,0,3,1,12,0,0,0,0,,0,0
1212,6,172,ferrones,-55,15,1,98,16,0,0,3,1,12,0,0,0,0,,0,0
1212,6,173,ferrones,-55,15,1,103,15,0,0,2,2,12,0,0,0,0,,0,0
1212,6,174,ferrones,-55,15,1,109,14,0,0,2,2,14,0,0,0,0,,0,0
1212,6,175,ferrones,-55,15,1,92,13,0,0,1,2,13,0,0,0,0,1,6,0
1212,6,176,ferrones,-55,15,1,88,16,0,0,1,2,14,0,0,0,0,,0,0
1212,6,177,ferrones,-55,15,1,94,17,0,0,1,2,14,0,0,0,0,,0,0
1212,6,178,ferrones,-55,15,1,100,16,0,0,1,2,14,0,0,0,0,,0,0
1212,6,179,ferrones,-55,15,1,106,17,0,0,0,4,15,0,0,0,0,,0,0
1212,6,180,ferrones,-55,15,1,112,18,0,0,0,4,16,0,0,0,0,,0,0
1212,6,181,ferrones,-55,15,1,94,19,0,0,0,4,15,0,0,0,0,1,6,0
1212,6,182,ferrones,-55,15,1,90,24,0,0,0,4,16,0,0,0,0,,0,0
1212,6,183,ferrones,-55,15,1,96,26,0,0,0,4,16,0,0,0,0,,0,0
1212,6,184,ferrones,-55,15,1,102,26,0,0,0,4,15,0,0,0,0,,0,0
1212,6,185,ferrones,-55,15,1,108,25,0,0,0,3,15,0,0,0,0,,0,0
1212,6,186,ferrones,-55,15,1,114,24,0,0,0,3,14,0,0,0,0,,0,0
1212,6,187,ferrones,-55,15,1,80,24,0,0,0,3,15,0,0,0,0,1,3,0
1212,6,188,ferrones,-55,15,1,86,24,0,0,0,3,14,0,0,0,0,,0,0
1212,6,189,ferrones,-55,15,1,92,24,0,0,0,3,15,0,0,0,0,,0,0
1212,6,190,ferrones,-55,15,1,98,24,0,0,0,3,15,0,0,0,0,,0,0
1212,6,191,ferrones,-55,15,1,104,22,0,0,0,1,13,0,0,0,0,,0,0
1212,6,192,ferrones,-55,15,1,109,20,0,0,0,1,12,0,0,0,0,,0,0
1212,6,193,ferrones,-55,15,1,86,18,0,0,0,1,12,0,0,0,0,1,6,0
1212,6,194,ferrones,-55,15,1,86,20,0,0,0,1,12,0,0,0,0,,0,0
1212,6,195,ferrones,-55,15,1,91,19,0,0,0,1,12,0,0,0,0,,0,0
1212,6,196,ferrones,-55,15,1,96,17,0,0,0,1,12,0,0,0,0,,0,0
1212,6,197,ferrones,-55,15,1,101,16,0,0,0,2,12,0,0,0,0,,0,0
1212,6,198,ferrones,-55,15,1,107,15,0,0,0,2,14,0,0,0,0,,0,0
1212,6,199,ferrones,-55,15,1,89,14,0,0,0,2,13,0,0,0,0,1,6,0
1212,6,200,ferrones,-55,15,1,90,17,0,0,0,2,14,0,0,0,0,,0,0
1212,6,1,hortelanos,39,116,1,40,67,0,0,0,29,53,0,0,0,0,1,4,0
1212,6,2,hortelanos,39,116,1,47,63,0,0,0,29,40,0,0,0,0,,0,0
1212,6,3,hortelanos,39,116,1,54,59,0,0,0,29,40,0,0,0,0,,0,0
1212,6,4,hortelanos,39,116,1,61,55,0,0,0,29,40,0,0,0,0,,0,0
1212,6,5,hortelanos,39,116,1,68,63,0,0,0,41,52,0,1,0,0,,0,0
1212,6,6,hortelanos,39,116,1,94,72,0,0,0,41,71,0,0,0,0,,0,0
1212,6,7,hortelanos,38,112,1,100,62,0,0,0,41,71,0,0,0,0,1,11,0
1212,6,8,hortelanos,106,112,1,126,72,0,0,0,41,71,0,0,0,1,,0,0
1212,6,9,hortelanos,106,112,1,152,82,0,0,0,41,71,0,0,0,1,,0,0
1212,6,10,hortelanos,121,112,1,178,82,0,0,0,41,71,0,0,0,2,,0,0
1212,6,11,hortelanos,129,112,1,204,137,0,0,0,88,118,0,0,0,2,,0,0
1212,6,12,hortelanos,129,112,1,230,190,0,0,0,88,118,0,0,0,2,,0,0
1212,6,13,hortelanos,128,108,1,155,227,0,0,0,88,118,0,0,0,2,1,21,0
1212,6,14,hortelanos,128,108,1,98,273,0,2,0,88,116,0,0,0,2,,0,0
1212,6,15,hortelanos,128,108,1,115,312,0,4,0,88,116,0,0,0,2,,0,0
1212,6,16,hortelanos,128,108,1,139,349,0,4,0,88,116,0,0,0,2,,0,0
1212,6,17,hortelanos,128,108,1,163,346,0,4,0,48,76,0,0,0,2,,0,0
1212,6,18,hortelanos,128,108,1,187,350,0,4,0,48,76,0,0,0,2,,0,0
1212,6,19,hortelanos,128,108,1,260,352,0,4,0,48,76,0,0,0,2,1,27,0
1212,6,20,hortelanos,136,108,1,224,356,0,4,0,48,76,0,0,0,2,,0,0
1212,6,21,hortelanos,136,108,1,241,353,0,4,0,48,76,0,0,0,2,,0,0
1212,6,22,hortelanos,136,108,1,265,347,0,4,0,48,76,0,0,0,2,,0,0
1212,6,23,hortelanos,144,108,1,289,326,0,4,0,29,57,0,0,0,2,,0,0
1212,6,24,hortelanos,144,108,1,303,305,0,4,0,29,47,0,0,0,2,,0,0
1212,6,25,hortelanos,144,108,1,401,272,0,4,0,29,47,0,0,0,2,1,24,0
1212,6,26,hortelanos,144,108,1,408,255,0,4,0,29,47,0,0,0,2,,0,0
1212,6,27,hortelanos,144,108,1,415,238,0,4,0,29,47,0,0,0,2,,0,0
1212,6,28,hortelanos,144,108,1,422,222,0,4,0,29,47,0,0,0,2,,0,0
1212,6,29,hortelanos,144,108,1,429,218,0,4,0,41,59,0,0,0,2,,0,0
1212,6,30,hortelanos,144,108,1,446,214,0,4,0,41,69,0,0,0,2,,0,0
1212,6,31,hortelanos,144,108,1,534,194,0,4,0,41,69,0,0,0,2,1,38,0
1212,6,32,hortelanos,152,108,1,488,197,0,4,0,41,69,0,0,0,2,,0,0
1212,6,33,hortelanos,152,108,1,442,200,0,4,0,41,69,0,0,0,2,,0,0
1212,6,34,hortelanos,152,108,1,396,193,0,4,0,41,69,0,0,0,2,,0,0
1212,6,35,hortelanos,160,108,1,350,225,0,4,0,71,99,0,0,0,2,,0,0
1212,6,36,hortelanos,160,108,1,344,252,0,4,0,71,99,0,0,0,2,,0,0
1212,6,37,hortelanos,160,108,1,454,271,0,2,0,71,99,0,0,0,2,1,21,0
1212,6,38,hortelanos,160,108,1,408,300,0,2,0,71,99,0,0,0,2,,0,0
1212,6,39,hortelanos,160,108,1,362,328,0,2,0,71,99,0,0,0,2,,0,0
1212,6,40,hortelanos,160,108,1,316,350,0,1,0,71,99,0,0,0,2,,0,0
1212,6,41,hortelanos,168,108,1,340,347,0,1,0,48,76,0,0,0,2,,0,0
1212,6,42,hortelanos,168,108,1,364,344,0,1,0,48,76,0,0,0,2,,0,0
1212,6,43,hortelanos,168,108,1,473,344,0,1,0,48,76,0,0,0,2,1,22,0
1212,6,44,hortelanos,168,108,1,427,348,0,1,0,48,76,0,0,0,2,,0,0
1212,6,45,hortelanos,168,108,1,381,352,0,1,0,48,76,0,0,0,2,,0,0
1212,6,46,hortelanos,168,108,1,335,356,0,1,0,48,76,0,0,0,2,,0,0
1212,6,47,hortelanos,168,108,1,339,336,0,1,0,29,57,0,0,0,2,,0,0
1212,6,48,hortelanos,168,108,1,353,315,0,1,0,29,47,0,0,0,2,,0,0
1212,6,49,hortelanos,169,112,1,439,252,0,1,0,29,47,0,0,0,2,1,24,0
1212,6,50,hortelanos,169,112,1,384,240,0,1,0,29,48,0,0,0,2,,0,0
1212,6,51,hortelanos,264,197,2,329,229,0,1,0,29,48,0,0,0,3,,0,0
1212,6,52,hortelanos,264,197,2,283,198,0,1,0,29,64,0,0,0,3,,0,0
1212,6,53,hortelanos,264,197,2,297,174,0,1,0,41,76,0,0,0,3,,0,0
1212,6,54,hortelanos,264,197,2,332,150,0,1,0,41,87,0,0,0,3,,0,0
1212,6,55,hortelanos,263,193,2,403,127,0,1,0,41,87,0,0,0,3,1,23,0
1212,6,56,hortelanos,263,193,2,384,125,0,2,0,49,93,0,3,0,3,,0,0
1212,6,57,hortelanos,263,193,2,365,151,0,3,0,73,117,0,0,0,3,,0,0
1212,6,58,hortelanos,263,193,2,346,176,0,4,0,73,117,0,0,0,3,,0,0
1212,6,59,hortelanos,263,193,2,327,235,0,5,0,109,153,0,0,0,3,,0,0
1212,6,60,hortelanos,263,193,2,349,309,0,6,0,127,171,0,0,0,3,,0,0
1212,6,61,hortelanos,263,193,2,342,323,0,3,0,127,171,0,0,0,3,1,26,0
1212,6,62,hortelanos,264,197,2,328,380,0,3,0,127,171,0,2,0,3,,0,0
1212,6,63,hortelanos,322,255,3,314,437,0,3,0,127,174,0,0,0,4,,0,0
1212,6,64,hortelanos,322,257,3,306,478,0,3,0,127,186,0,0,0,4,,0,0
1212,6,65,hortelanos,322,258,3,298,484,0,3,0,93,152,0,0,0,4,,0,0
1212,6,66,hortelanos,322,258,3,292,479,0,3,0,82,143,0,0,0,4,,0,0
1212,6,67,hortelanos,322,258,3,350,454,0,3,0,82,143,0,0,0,4,1,36,0
1212,6,68,hortelanos,330,258,3,321,447,0,3,0,82,143,0,2,0,4,,0,0
1212,6,69,hortelanos,330,258,3,282,467,0,3,0,106,167,0,0,0,4,,0,0
1212,6,70,hortelanos,331,261,3,303,477,0,3,0,106,167,0,2,0,4,,0,0
1212,6,71,hortelanos,331,264,3,334,458,0,3,0,83,144,0,0,0,4,,0,0
1212,6,72,hortelanos,340,267,3,365,445,0,3,0,83,134,0,0,0,4,,0,0
1212,6,73,hortelanos,341,270,3,485,439,0,3,0,83,134,0,1,0,4,1,22,0
1212,6,74,hortelanos,341,273,3,458,434,0,3,0,83,139,0,0,0,4,,0,0
1212,6,75,hortelanos,342,276,3,431,429,0,3,0,83,139,0,0,0,4,,0,0
1212,6,76,hortelanos,342,279,3,404,423,0,3,0,83,139,0,0,0,4,,0,0
1212,6,77,hortelanos,343,283,3,379,430,0,3,0,97,155,0,0,0,4,,0,0
1212,6,78,hortelanos,344,287,3,424,429,0,3,0,97,165,0,0,0,4,,0,0
1212,6,79,hortelanos,344,288,3,506,422,0,3,0,97,165,0,0,0,4,1,30,0
1212,6,80,hortelanos,344,288,3,508,430,0,3,0,97,167,0,0,0,4,,0,0
1212,6,81,hortelanos,352,288,3,360,438,0,3,0,97,167,0,0,0,4,,0,0
1212,6,82,hortelanos,352,288,3,362,444,0,3,0,97,167,0,0,0,4,,0,0
1212,6,83,hortelanos,352,288,3,358,490,0,3,0,139,209,0,0,0,4,,0,0
1212,6,84,hortelanos,352,288,3,360,534,0,3,0,139,209,0,0,0,4,,0,0
1212,6,85,hortelanos,352,288,3,418,538,0,3,0,139,209,0,0,0,4,1,18,0
1212,6,86,hortelanos,352,288,3,388,576,0,3,0,139,209,0,0,0,4,,0,0
1212,6,87,hortelanos,369,330,4,358,613,0,3,0,139,209,0,0,0,4,,0,0
1212,6,88,hortelanos,369,332,4,327,639,0,3,0,139,217,0,0,0,4,,0,0
1212,6,89,hortelanos,369,334,4,347,632,0,3,0,112,190,0,0,0,4,,0,0
1212,6,90,hortelanos,370,336,4,386,623,0,3,0,112,190,0,0,0,4,,0,0
1212,6,91,hortelanos,370,338,4,480,602,0,3,0,112,190,0,0,0,4,1,37,0
1212,6,92,hortelanos,371,340,4,451,597,0,3,0,112,192,0,2,0,4,,0,0
1212,6,93,hortelanos,379,342,4,429,603,0,3,0,121,201,0,0,0,4,,0,0
1212,6,94,hortelanos,379,344,4,397,607,0,3,0,121,201,0,1,0,4,,0,0
1212,6,95,hortelanos,380,346,4,402,585,0,3,0,98,178,0,0,0,4,,0,0
1212,6,96,hortelanos,380,348,4,436,560,0,3,0,98,168,0,1,0,4,,0,0
1212,6,97,hortelanos,381,351,4,569,544,0,3,0,98,174,0,0,0,4,1,18,0
1212,6,98,hortelanos,381,354,4,535,528,0,3,0,98,174,0,0,0,4,,0,0
1212,6,99,hortelanos,382,357,4,502,512,0,3,0,98,174,0,0,0,4,,0,0
1212,6,100,hortelanos,383,360,4,458,489,0,3,0,98,174,0,0,0,4,,0,0
1212,6,101,hortelanos,383,363,4,424,484,0,3,0,112,190,0,0,0,4,,0,0
1212,6,102,hortelanos,384,366,4,449,474,0,3,0,112,200,0,1,0,4,,0,0
1212,6,103,hortelanos,392,369,4,542,471,0,3,0,112,200,0,0,0,4,1,25,0
1212,6,104,hortelanos,393,373,4,545,470,0,3,0,112,202,0,0,0,4,,0,0
1212,6,105,hortelanos,394,377,4,541,468,0,3,0,112,202,0,0,0,4,,0,0
1212,6,106,hortelanos,394,378,4,537,465,0,3,0,112,202,0,0,0,4,,0,0
1212,6,107,hortelanos,394,378,4,536,497,0,3,0,148,240,0,0,0,4,,0,0
1212,6,108,hortelanos,394,378,4,541,528,0,3,0,148,240,0,0,0,4,,0,0
1212,6,109,hortelanos,394,378,4,640,519,0,3,0,148,240,0,0,0,4,1,26,0
1212,6,110,hortelanos,394,378,4,638,547,0,3,0,148,240,0,1,0,4,,0,0
1212,6,111,hortelanos,409,414,5,643,582,0,3,0,155,247,0,0,0,4,,0,0
1212,6,112,hortelanos,410,415,5,638,607,0,3,0,155,253,0,0,0,4,,0,0
1212,6,113,hortelanos,410,416,5,633,605,0,3,0,128,226,0,0,0,4,,0,0
1212,6,114,hortelanos,570,417,5,628,602,0,3,0,128,226,0,1,1,5,,0,0
1212,6,115,hortelanos,571,422,5,707,629,0,3,0,157,255,0,0,0,5,1,32,0
1212,6,116,hortelanos,571,424,5,696,652,0,3,0,157,257,0,1,0,5,,0,0
1212,6,117,hortelanos,572,426,5,700,677,0,3,0,161,261,0,1,0,5,,0,0
1212,6,118,hortelanos,572,428,5,704,706,0,3,0,166,266,0,1,0,5,,0,0
1212,6,119,hortelanos,573,430,5,698,735,0,3,0,166,266,0,0,0,5,,0,0
1212,6,120,hortelanos,573,432,5,692,761,0,3,0,166,256,0,0,0,5,,0,0
1212,6,121,hortelanos,573,430,5,745,727,0,3,0,166,258,0,1,0,5,1,25,0
1212,6,122,hortelanos,573,432,5,712,752,0,3,0,166,262,0,0,0,5,,0,0
1212,6,123,hortelanos,594,499,6,689,773,0,3,0,166,262,0,0,0,5,,0,0
1212,6,124,hortelanos,595,501,6,670,776,0,3,0,166,274,0,0,0,5,,0,0
1212,6,125,hortelanos,595,503,6,651,780,0,3,0,166,274,0,1,0,5,,0,0
1212,6,126,hortelanos,596,506,6,644,786,0,3,0,166,286,0,0,0,5,,0,0
1212,6,127,hortelanos,596,509,6,743,726,0,3,0,166,286,0,0,0,5,1,34,0
1212,6,128,hortelanos,597,512,6,736,728,0,3,0,166,286,0,2,0,5,,0,0
1212,6,129,hortelanos,632,605,7,719,756,0,3,0,190,310,0,0,0,5,,0,0
1212,6,130,hortelanos,633,611,7,725,757,0,3,0,190,330,0,2,0,5,,0,0
1212,6,131,hortelanos,634,617,7,721,781,0,3,0,211,351,0,0,0,5,,0,0
1212,6,132,hortelanos,635,623,7,729,772,0,3,0,182,324,0,1,0,5,,0,0
1212,6,133,hortelanos,637,630,7,890,761,0,1,0,182,329,0,0,0,5,1,39,0
1212,6,134,hortelanos,646,637,7,925,750,0,1,0,182,329,0,3,0,5,,0,0
1212,6,135,hortelanos,647,642,7,934,778,0,1,0,218,367,0,0,0,5,,0,0
1212,6,136,hortelanos,648,646,7,973,795,0,0,0,218,369,0,2,0,5,,0,0
1212,6,137,hortelanos,648,648,7,1012,793,0,0,0,196,347,0,0,0,5,,0,0
1212,6,138,hortelanos,656,648,7,1053,826,0,0,0,228,381,0,0,0,5,,0,0
1212,6,139,hortelanos,656,648,7,1180,819,0,0,0,228,381,0,0,0,5,1,25,0
1212,6,140,hortelanos,656,648,7,1221,851,0,0,0,228,381,0,0,0,5,,0,0
1212,6,141,hortelanos,678,718,8,1262,882,0,0,0,228,381,0,0,0,5,,0,0
1212,6,142,hortelanos,678,718,8,1306,895,0,0,0,228,395,0,0,0,5,,0,0
1212,6,143,hortelanos,678,718,8,1350,891,0,0,0,211,378,0,0,0,5,,0,0
1212,6,144,hortelanos,678,718,8,1384,888,0,0,0,211,368,0,0,0,5,,0,0
1212,6,145,hortelanos,678,718,8,1472,836,0,0,0,211,368,0,0,0,5,1,35,0
1212,6,146,hortelanos,678,718,8,1506,831,0,0,0,211,368,0,0,0,5,,0,0
1212,6,147,hortelanos,705,770,9,1540,826,0,0,0,211,368,0,2,0,5,,0,0
1212,6,148,hortelanos,705,772,9,1567,824,0,0,0,223,390,0,0,0,5,,0,0
1212,6,149,hortelanos,705,774,9,1604,828,0,0,0,234,401,0,0,0,5,,0,0
1212,6,150,hortelanos,706,779,9,1651,832,0,0,0,234,411,0,2,0,5,,0,0
1212,6,151,hortelanos,707,784,9,1692,828,0,0,0,234,411,0,0,0,5,1,47,0
1212,6,152,hortelanos,716,787,9,1700,866,0,2,0,279,458,0,3,0,5,,0,0
1212,6,153,hortelanos,717,790,9,1698,915,0,4,0,286,465,0,0,0,5,,0,0
1212,6,154,hortelanos,718,797,9,1708,947,0,6,0,286,467,0,2,0,5,,0,0
1212,6,155,hortelanos,719,804,9,1708,1021,0,6,0,318,499,0,0,0,5,,0,0
1212,6,156,hortelanos,729,811,9,1720,1088,0,8,0,318,501,0,1,0,5,,0,0
1212,6,157,hortelanos,730,818,9,1932,1154,0,8,0,318,507,0,0,0,5,1,25,0
1212,6,158,hortelanos,732,825,9,1986,1219,0,8,0,318,509,0,0,0,5,,0,0
1212,6,159,hortelanos,733,832,9,2042,1279,0,8,0,318,511,0,0,0,5,,0,0
1212,6,160,hortelanos,734,839,9,2098,1335,0,8,0,318,511,0,0,0,5,,0,0
1212,6,161,hortelanos,736,847,9,2158,1365,0,8,0,294,491,0,0,0,5,,0,0
1212,6,162,hortelanos,738,855,9,2218,1392,0,8,0,294,491,0,0,0,5,,0,0
1212,6,163,hortelanos,739,861,9,2331,1411,0,8,0,294,491,0,0,0,5,1,25,0
1212,6,164,hortelanos,739,861,9,2370,1424,0,8,0,294,495,0,0,0,5,,0,0
1212,6,165,hortelanos,739,861,9,2409,1440,0,8,0,294,495,0,0,0,5,,0,0
1212,6,166,hortelanos,739,861,9,2448,1456,0,8,0,294,495,0,0,0,5,,0,0
1212,6,167,hortelanos,739,861,9,2487,1452,0,8,0,274,475,0,0,0,5,,0,0
1212,6,168,hortelanos,739,861,9,2516,1448,0,8,0,274,465,0,0,0,5,,0,0
1212,6,169,hortelanos,738,857,9,2645,1423,0,8,0,274,465,0,0,0,5,1,25,0
1212,6,170,hortelanos,738,857,9,2674,1421,0,8,0,274,465,0,0,0,5,,0,0
1212,6,171,hortelanos,738,857,9,2703,1419,0,8,0,274,465,0,0,0,5,,0,0
1212,6,172,hortelanos,738,857,9,2732,1417,0,8,0,274,465,0,0,0,5,,0,0
1212,6,173,hortelanos,738,857,9,2761,1427,0,8,0,286,477,0,0,0,5,,0,0
1212,6,174,hortelanos,738,857,9,2800,1437,0,8,0,286,487,0,0,0,5,,0,0
1212,6,175,hortelanos,738,857,9,2808,1384,0,8,0,286,487,0,0,0,5,1,35,0
1212,6,176,hortelanos,746,857,9,2840,1393,0,8,0,286,487,0,0,0,5,,0,0
1212,6,177,hortelanos,768,927,10,2872,1404,0,8,0,288,489,0,0,0,5,,0,0
1212,6,178,hortelanos,768,927,10,2906,1386,0,8,0,288,503,0,0,0,5,,0,0
1212,6,179,hortelanos,768,927,10,2940,1412,0,8,0,320,535,0,0,0,5,,0,0
1212,6,180,hortelanos,768,927,10,2975,1437,0,8,0,320,535,0,0,0,5,,0,0
1212,6,181,hortelanos,768,927,10,3096,1461,0,8,0,320,535,0,0,0,5,1,22,0
1212,6,182,hortelanos,768,927,10,3130,1480,0,8,0,320,535,0,2,0,5,,0,0
1212,6,183,hortelanos,768,927,10,3154,1517,0,8,0,336,551,0,0,0,5,,0,0
1212,6,184,hortelanos,768,927,10,3188,1551,0,8,0,336,551,0,1,0,5,,0,0
1212,6,185,hortelanos,776,927,10,3222,1562,0,8,0,312,527,0,0,0,5,,0,0
1212,6,186,hortelanos,776,927,10,3257,1573,0,8,0,312,527,0,0,0,5,,0,0
1212,6,187,hortelanos,776,927,10,3398,1571,0,8,0,312,527,0,0,0,5,1,26,0
1212,6,188,hortelanos,777,930,10,3432,1574,0,8,0,312,527,0,2,0,5,,0,0
1212,6,189,hortelanos,777,933,10,3466,1583,0,8,0,312,527,0,0,0,5,,0,0
1212,6,190,hortelanos,778,936,10,3500,1591,0,8,0,312,527,0,0,0,5,,0,0
1212,6,191,hortelanos,778,939,10,3538,1579,0,8,0,292,507,0,0,0,5,,0,0
1212,6,192,hortelanos,779,943,10,3568,1567,0,8,0,292,499,0,0,0,5,,0,0
1212,6,193,hortelanos,781,951,10,3754,1508,0,8,0,292,499,0,0,0,5,1,25,0
1212,6,194,hortelanos,782,955,10,3786,1496,0,8,0,292,501,0,0,0,5,,0,0
1212,6,195,hortelanos,801,1011,11,3817,1484,0,8,0,292,501,0,0,0,5,,0,0
1212,6,196,hortelanos,802,1017,11,3846,1459,0,8,0,292,511,0,0,0,5,,0,0
1212,6,197,hortelanos,803,1024,11,3873,1444,0,8,0,304,525,0,0,0,5,,0,0
1212,6,198,hortelanos,805,1031,11,3910,1428,0,8,0,304,535,0,0,0,5,,0,0
1212,6,199,hortelanos,925,1034,11,4045,1364,0,8,0,304,537,0,1,1,5,1,32,0
1212,6,200,hortelanos,926,1037,11,4116,1367,0,8,0,320,553,0,2,0,5,,0,0
1212,6,1,mercaderes,39,116,1,468,49,0,0,0,11,43,0,0,0,0,1,3,0
1212,6,2,mercaderes,39,116,1,483,30,0,0,0,11,30,0,0,0,0,,0,0
1212,6,3,mercaderes,39,116,1,498,12,0,0,0,11,30,0,0,0,0,,0,0
1212,6,4,mercaderes,38,116,1,513,0,0,0,0,11,30,1,0,0,0,,0,0
1212,6,5,mercaderes,37,116,1,528,0,0,0,0,18,37,1,0,0,0,,0,0
1212,6,6,mercaderes,35,113,1,554,0,0,0,0,18,48,1,0,0,0,,0,0
1212,6,7,mercaderes,34,110,1,484,0,0,0,0,18,48,1,0,0,0,1,23,0
1212,6,8,mercaderes,32,107,1,414,4,0,2,0,18,48,1,0,0,0,,0,0
1212,6,9,mercaderes,30,104,1,342,4,0,4,0,18,46,1,0,0,0,,0,0
1212,6,10,mercaderes,29,101,1,270,4,0,6,0,16,44,1,0,0,0,,0,0
1212,6,11,mercaderes,29,101,1,198,15,0,7,0,32,60,0,0,0,0,,0,0
1212,6,12,mercaderes,29,101,1,208,26,0,8,0,32,60,0,0,0,0,,0,0
1212,6,13,mercaderes,29,101,1,295,36,0,7,0,32,60,0,0,0,0,1,9,0
1212,6,14,mercaderes,29,101,1,262,50,0,6,0,32,60,0,0,0,0,,0,0
1212,6,15,mercaderes,29,101,1,256,63,0,4,0,32,60,0,0,0,0,,0,0
1212,6,16,mercaderes,29,101,1,280,76,0,2,0,32,60,0,0,0,0,,0,0
1212,6,17,mercaderes,29,101,1,304,66,0,0,0,16,44,0,0,0,0,,0,0
1212,6,18,mercaderes,29,101,1,328,55,0,0,0,16,44,0,0,0,0,,0,0
1212,6,19,mercaderes,29,101,1,340,45,0,0,0,16,44,0,0,0,0,1,17,0
1212,6,20,mercaderes,29,101,1,308,42,0,0,0,16,44,0,0,0,0,,0,0
1212,6,21,mercaderes,29,101,1,276,39,0,0,0,16,44,0,0,0,0,,0,0
1212,6,22,mercaderes,29,101,1,244,38,0,0,0,18,46,0,0,0,0,,0,0
1212,6,23,mercaderes,29,101,1,230,31,0,0,0,11,39,0,0,0,0,,0,0
1212,6,24,mercaderes,29,101,1,239,24,0,0,0,11,29,0,0,0,0,,0,0
1212,6,25,mercaderes,29,101,1,276,11,0,0,0,11,29,0,0,0,0,1,12,0
1212,6,26,mercaderes,28,101,1,233,7,0,0,0,11,29,1,0,0,0,,0,0
1212,6,27,mercaderes,27,101,1,190,7,0,0,0,11,29,1,0,0,0,,0,0
1212,6,28,mercaderes,25,98,1,199,7,0,0,0,11,29,1,0,0,0,,0,0
1212,6,29,mercaderes,24,96,1,212,1,0,0,0,16,33,1,0,0,0,,0,0
1212,6,30,mercaderes,22,94,1,234,0,0,0,0,16,42,1,0,0,0,,0,0
1212,6,31,mercaderes,21,92,1,217,0,0,0,0,16,42,1,0,0,0,1,12,0
1212,6,32,mercaderes,20,90,1,157,4,0,2,0,13,27,1,0,0,0,,0,0
1212,6,33,mercaderes,18,88,1,163,4,0,3,0,13,27,1,0,0,0,,0,0
1212,6,34,mercaderes,17,86,1,173,1,0,3,0,13,26,1,0,0,0,,0,0
1212,6,35,mercaderes,17,86,1,183,7,0,2,0,27,40,0,0,0,0,,0,0
1212,6,36,mercaderes,17,86,1,193,13,0,1,0,27,40,0,0,0,0,,0,0
1212,6,37,mercaderes,17,86,1,176,19,0,0,0,27,40,0,0,0,0,1,10,0
1212,6,38,mercaderes,17,86,1,141,28,0,1,0,27,40,0,0,0,0,,0,0
1212,6,39,mercaderes,17,86,1,137,43,0,0,0,32,45,0,0,0,0,,0,0
1212,6,40,mercaderes,17,86,1,147,55,0,0,0,32,45,0,0,0,0,,0,0
1212,6,41,mercaderes,17,86,1,157,52,0,0,0,20,33,0,0,0,0,,0,0
1212,6,42,mercaderes,17,86,1,167,49,0,0,0,20,33,0,0,0,0,,0,0
1212,6,43,mercaderes,17,86,1,159,48,0,0,0,22,35,0,0,0,0,1,7,0
1212,6,44,mercaderes,17,86,1,122,55,0,0,0,22,35,0,0,0,0,,0,0
1212,6,45,mercaderes,17,86,1,132,61,0,0,0,22,35,0,0,0,0,,0,0
1212,6,46,mercaderes,17,86,1,142,60,0,0,0,22,35,0,0,0,0,,0,0
1212,6,47,mercaderes,17,86,1,152,48,0,0,0,11,24,0,0,0,0,,0,0
1212,6,48,mercaderes,17,86,1,162,37,0,0,0,11,24,0,0,0,0,,0,0
1212,6,49,mercaderes,17,86,1,144,26,0,0,0,11,24,0,0,0,0,1,9,0
1212,6,50,mercaderes,17,86,1,115,23,0,0,0,11,24,0,0,0,0,,0,0
1212,6,51,mercaderes,17,86,1,120,20,0,0,0,11,24,0,0,0,0,,0,0
1212,6,52,mercaderes,17,86,1,130,11,0,0,0,11,24,0,0,0,0,,0,0
1212,6,53,mercaderes,17,86,1,140,8,0,0,0,18,31,0,0,0,0,,0,0
1212,6,54,mercaderes,17,86,1,156,5,0,0,0,18,37,0,0,0,0,,0,0
1212,6,55,mercaderes,17,86,1,109,2,0,0,0,18,37,0,0,0,0,1,5,0
1212,6,56,mercaderes,16,86,1,125,4,0,2,0,18,37,1,0,0,0,,0,0
1212,6,57,mercaderes,16,86,1,141,1,0,1,0,18,37,0,0,0,0,,0,0
1212,6,58,mercaderes,15,86,1,157,0,0,1,0,18,37,1,0,0,0,,0,0
1212,6,59,mercaderes,15,86,1,173,15,0,0,0,36,55,0,0,0,0,,0,0
1212,6,60,mercaderes,15,86,1,189,29,0,0,0,36,55,0,0,0,0,,0,0
1212,6,61,mercaderes,15,86,1,133,43,0,0,0,36,55,0,0,0,0,1,10,0
1212,6,62,mercaderes,15,86,1,122,60,0,2,0,36,55,0,0,0,0,,0,0
1212,6,63,mercaderes,15,86,1,133,78,0,0,0,36,55,0,0,0,0,,0,0
1212,6,64,mercaderes,30,86,1,149,91,0,0,0,36,55,0,0,0,1,,0,0
1212,6,65,mercaderes,30,86,1,165,89,0,0,0,22,41,0,0,0,1,,0,0
1212,6,66,mercaderes,30,86,1,181,87,0,0,0,22,41,0,0,0,1,,0,0
1212,6,67,mercaderes,29,82,1,154,75,0,0,0,22,41,0,0,0,1,1,10,0
1212,6,68,mercaderes,29,82,1,114,81,0,0,0,22,41,0,0,0,1,,0,0
1212,6,69,mercaderes,29,82,1,121,87,0,0,0,22,41,0,0,0,1,,0,0
1212,6,70,mercaderes,29,82,1,137,88,0,0,0,22,41,0,0,0,1,,0,0
1212,6,71,mercaderes,29,82,1,153,76,0,0,0,11,30,0,0,0,1,,0,0
1212,6,72,mercaderes,29,82,1,163,65,0,0,0,11,24,0,0,0,1,,0,0
1212,6,73,mercaderes,28,78,1,132,31,0,0,0,11,24,0,0,0,1,1,13,0
1212,6,74,mercaderes,28,78,1,94,30,0,0,0,11,23,0,0,0,1,,0,0
1212,6,75,mercaderes,46,78,1,103,29,0,0,0,11,23,0,0,0,2,,0,0
1212,6,76,mercaderes,46,78,1,112,21,0,0,0,11,23,0,0,0,2,,0,0
1212,6,77,mercaderes,46,78,1,121,20,0,0,0,18,30,0,0,0,2,,0,0
1212,6,78,mercaderes,46,78,1,135,19,0,0,0,18,35,0,0,0,2,,0,0
1212,6,79,mercaderes,46,78,1,103,18,0,0,0,18,35,0,0,0,2,1,7,0
1212,6,80,mercaderes,46,78,1,117,19,0,1,0,18,35,0,1,0,2,,0,0
1212,6,81,mercaderes,46,78,1,131,18,0,0,0,18,35,0,0,0,2,,0,0
1212,6,82,mercaderes,46,78,1,145,17,0,0,0,18,35,0,0,0,2,,0,0
1212,6,83,mercaderes,46,78,1,159,33,0,0,0,36,53,0,0,0,2,,0,0
1212,6,84,mercaderes,46,78,1,173,48,0,0,0,36,53,0,0,0,2,,0,0
1212,6,85,mercaderes,46,78,1,111,63,0,0,0,36,53,0,0,0,2,1,8,0
1212,6,86,mercaderes,46,78,1,108,81,0,2,0,36,53,0,0,0,2,,0,0
1212,6,87,mercaderes,46,78,1,122,101,0,0,0,36,53,0,0,0,2,,0,0
1212,6,88,mercaderes,46,78,1,136,114,0,0,0,36,53,0,0,0,2,,0,0
1212,6,89,mercaderes,46,78,1,150,113,0,0,0,22,39,0,0,0,2,,0,0
1212,6,90,mercaderes,46,78,1,164,112,0,0,0,22,39,0,0,0,2,,0,0
1212,6,91,mercaderes,45,74,1,130,88,0,0,0,22,39,0,0,0,2,1,13,0
1212,6,92,mercaderes,45,74,1,97,96,0,0,0,22,39,0,0,0,2,,0,0
1212,6,93,mercaderes,53,74,1,111,103,0,0,0,22,39,0,0,0,2,,0,0
1212,6,94,mercaderes,53,74,1,125,103,0,0,0,22,39,0,0,0,2,,0,0
1212,6,95,mercaderes,53,74,1,139,93,0,0,0,11,28,0,0,0,2,,0,0
1212,6,96,mercaderes,53,74,1,148,83,0,0,0,11,23,0,0,0,2,,0,0
1212,6,97,mercaderes,53,70,1,111,52,0,0,0,11,23,0,0,0,2,1,13,0
1212,6,98,mercaderes,53,70,1,91,50,0,0,0,11,23,0,0,0,2,,0,0
1212,6,99,mercaderes,61,70,1,100,48,0,0,0,11,23,0,1,0,2,,0,0
1212,6,100,mercaderes,61,70,1,109,41,0,0,0,11,23,0,0,0,2,,0,0
1212,6,101,mercaderes,61,70,1,118,41,0,0,0,18,30,0,0,0,2,,0,0
1212,6,102,mercaderes,61,70,1,132,41,0,0,0,18,35,0,0,0,2,,0,0
1212,6,103,mercaderes,61,70,1,98,41,0,0,0,18,35,0,0,0,2,1,7,0
1212,6,104,mercaderes,61,70,1,112,43,0,1,0,18,35,0,1,0,2,,0,0
1212,6,105,mercaderes,61,70,1,126,44,0,0,0,18,35,0,0,0,2,,0,0
1212,6,106,mercaderes,61,70,1,140,44,0,0,0,18,35,0,0,0,2,,0,0
1212,6,107,mercaderes,61,70,1,154,61,0,0,0,36,53,0,0,0,2,,0,0
1212,6,108,mercaderes,61,70,1,168,77,0,0,0,36,53,0,0,0,2,,0,0
1212,6,109,mercaderes,61,70,1,105,93,0,0,0,36,53,0,0,0,2,1,7,0
1212,6,110,mercaderes,61,70,1,106,112,0,2,0,36,53,0,0,0,2,,0,0
1212,6,111,mercaderes,61,70,1,120,129,0,2,0,36,53,0,0,0,2,,0,0
1212,6,112,mercaderes,61,70,1,134,143,0,2,0,36,53,0,0,0,2,,0,0
1212,6,113,mercaderes,61,70,1,148,143,0,2,0,22,39,0,0,0,2,,0,0
1212,6,114,mercaderes,61,70,1,162,143,0,2,0,22,39,0,0,0,2,,0,0
1212,6,115,mercaderes,61,70,1,109,130,0,2,0,22,39,0,0,0,2,1,11,0
1212,6,116,mercaderes,61,70,1,114,130,0,2,0,22,39,0,0,0,2,,0,0
1212,6,117,mercaderes,69,70,1,128,130,0,2,0,22,39,0,0,0,2,,0,0
1212,6,118,mercaderes,69,70,1,142,130,0,2,0,22,39,0,0,0,2,,0,0
1212,6,119,mercaderes,69,70,1,156,120,0,2,0,11,28,0,0,0,2,,0,0
1212,6,120,mercaderes,69,70,1,165,110,0,2,0,11,23,0,0,0,2,,0,0
1212,6,121,mercaderes,69,70,1,76,50,0,0,0,10,22,0,0,0,2,1,13,0
1212,6,122,mercaderes,69,70,1,76,40,0,0,0,10,22,0,0,0,2,,0,0
1212,6,123,mercaderes,113,110,2,85,30,0,0,0,10,22,0,1,0,3,,0,0
1212,6,124,mercaderes,113,110,2,93,13,0,0,0,10,30,0,0,0,3,,0,0
1212,6,125,mercaderes,113,110,2,101,4,0,0,0,18,38,0,0,0,3,,0,0
1212,6,126,mercaderes,112,110,2,114,0,0,0,0,18,43,1,0,0,3,,0,0
1212,6,127,mercaderes,111,110,2,135,0,0,0,0,18,43,1,0,0,3,1,11,0
1212,6,128,mercaderes,109,107,2,130,4,0,0,0,18,43,1,0,0,3,,0,0
1212,6,129,mercaderes,107,104,2,140,4,0,0,0,18,40,1,0,0,3,,0,0
1212,6,130,mercaderes,106,102,2,150,0,0,0,0,18,40,1,0,0,3,,0,0
1212,6,131,mercaderes,106,102,2,150,11,0,0,0,36,58,0,0,0,3,,0,0
1212,6,132,mercaderes,106,102,2,160,20,0,0,0,36,58,0,1,0,3,,0,0
1212,6,133,mercaderes,106,103,2,97,38,0,0,0,44,66,0,0,0,3,1,9,0
1212,6,134,mercaderes,106,104,2,96,59,0,2,0,44,62,0,0,0,3,,0,0
1212,6,135,mercaderes,107,105,2,105,78,0,0,0,44,62,0,0,0,3,,0,0
1212,6,136,mercaderes,107,107,2,114,93,0,0,0,44,62,0,0,0,3,,0,0
1212,6,137,mercaderes,107,107,2,123,89,0,0,0,25,43,0,0,0,3,,0,0
1212,6,138,mercaderes,107,109,2,132,88,0,0,0,28,46,0,0,0,3,,0,0
1212,6,139,mercaderes,108,111,2,119,73,0,0,0,28,46,0,0,0,3,1,11,0
1212,6,140,mercaderes,108,113,2,103,79,0,0,0,28,46,0,0,0,3,,0,0
1212,6,141,mercaderes,117,115,2,112,82,0,0,0,28,46,0,0,0,3,,0,0
1212,6,142,mercaderes,117,115,2,122,79,0,0,0,28,47,0,0,0,3,,0,0
1212,6,143,mercaderes,117,115,2,132,62,0,0,0,13,32,0,0,0,3,,0,0
1212,6,144,mercaderes,117,115,2,138,46,0,0,0,13,28,0,0,0,3,,0,0
1212,6,145,mercaderes,117,115,2,117,31,0,0,0,14,29,0,0,0,3,1,6,0
1212,6,146,mercaderes,117,115,2,93,24,0,0,0,14,29,0,0,0,3,,0,0
1212,6,147,mercaderes,117,115,2,99,15,0,0,0,14,29,0,0,0,3,,0,0
1212,6,148,mercaderes,116,115,2,105,0,0,0,0,14,29,1,1,0,3,,0,0
1212,6,149,mercaderes,115,115,2,111,0,0,0,0,24,39,1,0,0,3,,0,0
1212,6,150,mercaderes,113,113,2,121,0,0,0,0,24,43,1,0,0,3,,0,0
1212,6,151,mercaderes,112,111,2,120,0,0,0,0,24,42,1,0,0,3,1,10,0
1212,6,152,mercaderes,110,109,2,113,4,0,0,0,24,51,1,0,0,3,,0,0
1212,6,153,mercaderes,110,109,2,130,4,0,0,0,23,50,0,0,0,3,,0,0
1212,6,154,mercaderes,110,109,2,147,0,0,0,0,23,50,0,0,0,3,,0,0
1212,6,155,mercaderes,110,109,2,164,21,0,0,0,48,75,0,0,0,3,,0,0
1212,6,156,mercaderes,111,111,2,181,41,0,0,0,48,75,0,0,0,3,,0,0
1212,6,157,mercaderes,111,113,2,125,60,0,0,0,48,75,0,0,0,3,1,9,0
1212,6,158,mercaderes,112,115,2,114,81,0,2,0,48,77,0,0,0,3,,0,0
1212,6,159,mercaderes,112,117,2,133,101,0,2,0,48,77,0,0,0,3,,0,0
1212,6,160,mercaderes,112,119,2,152,116,0,2,0,48,77,0,0,0,3,,0,0
1212,6,161,mercaderes,112,119,2,171,112,0,2,0,29,58,0,0,0,3,,0,0
1212,6,162,mercaderes,112,119,2,190,108,0,2,0,29,58,0,0,0,3,,0,0
1212,6,163,mercaderes,112,119,2,161,56,0,0,0,29,58,0,0,0,3,1,23,0
1212,6,164,mercaderes,112,119,2,133,59,0,0,0,29,58,0,1,0,3,,0,0
1212,6,165,mercaderes,164,149,3,117,64,0,0,0,29,58,0,0,0,4,,0,0
1212,6,166,mercaderes,164,149,3,134,61,0,0,0,29,65,0,0,0,4,,0,0
1212,6,167,mercaderes,164,149,3,151,37,0,0,0,14,50,0,0,0,4,,0,0
1212,6,168,mercaderes,164,149,3,163,14,0,0,0,14,45,0,0,0,4,,0,0
1212,6,169,mercaderes,163,149,3,163,0,0,0,0,14,45,1,0,0,4,1,13,0
1212,6,170,mercaderes,162,149,3,125,7,0,0,0,14,45,1,0,0,4,,0,0
1212,6,171,mercaderes,161,146,3,130,7,0,0,0,14,45,1,0,0,4,,0,0
1212,6,172,mercaderes,159,143,3,138,1,0,0,0,14,43,1,0,0,4,,0,0
1212,6,173,mercaderes,158,140,3,146,0,0,0,0,24,53,1,0,0,4,,0,0
1212,6,174,mercaderes,156,137,3,158,0,0,0,0,23,56,1,0,0,4,,0,0
1212,6,175,mercaderes,154,134,3,123,0,0,0,0,23,56,1,0,0,4,1,9,0
1212,6,176,mercaderes,153,131,3,123,4,0,2,0,23,52,1,0,0,4,,0,0
1212,6,177,mercaderes,151,128,3,133,2,0,2,0,20,49,1,0,0,4,,0,0
1212,6,178,mercaderes,150,125,3,143,0,0,2,0,20,49,1,0,0,4,,0,0
1212,6,179,mercaderes,117,103,2,131,4,0,0,0,41,67,0,1,0,4,,0,0
1212,6,180,mercaderes,117,103,2,146,20,0,0,0,41,67,0,0,0,4,,0,0
1212,6,181,mercaderes,118,107,2,124,35,0,0,0,41,67,0,0,0,4,1,9,0
1212,6,182,mercaderes,119,111,2,112,53,0,1,0,42,65,0,0,0,4,,0,0
1212,6,183,mercaderes,120,115,2,124,70,0,1,0,42,65,0,0,0,4,,0,0
1212,6,184,mercaderes,128,117,2,137,89,0,1,0,50,74,0,0,0,4,,0,0
1212,6,185,mercaderes,128,119,2,150,91,0,1,0,34,58,0,0,0,4,,0,0
1212,6,186,mercaderes,129,120,2,163,94,0,1,0,35,59,0,0,0,4,,0,0
1212,6,187,mercaderes,129,120,2,123,57,0,1,0,35,60,0,0,0,4,1,11,0
1212,6,188,mercaderes,129,120,2,95,67,0,1,0,35,65,0,0,0,4,,0,0
1212,6,189,mercaderes,143,150,3,105,77,0,1,0,35,65,0,0,0,4,,0,0
1212,6,190,mercaderes,143,150,3,121,69,0,1,0,29,66,0,0,0,4,,0,0
1212,6,191,mercaderes,143,150,3,137,46,0,0,0,14,51,0,0,0,4,,0,0
1212,6,192,mercaderes,143,150,3,148,23,0,0,0,14,46,0,0,0,4,,0,0
1212,6,193,mercaderes,142,154,3,146,1,0,0,0,11,43,1,0,0,4,1,11,0
1212,6,194,mercaderes,141,154,3,121,7,0,0,0,11,43,1,0,0,4,,0,0
1212,6,195,mercaderes,140,151,3,132,7,0,0,0,11,43,1,0,0,4,,0,0
1212,6,196,mercaderes,138,148,3,140,0,0,0,0,11,40,1,0,0,4,,0,0
1212,6,197,mercaderes,137,145,3,148,0,0,0,0,24,53,1,0,0,4,,0,0
1212,6,198,mercaderes,135,142,3,161,0,0,0,0,24,58,1,0,0,4,,0,0
1212,6,199,mercaderes,133,139,3,115,0,0,0,0,24,58,1,0,0,4,1,9,0
1212,6,200,mercaderes,132,136,3,111,4,0,2,0,21,50,1,0,0,4,,0,0
1212,6,1,mesta,22,30,1,42,74,0,0,0,4,10,0,0,0,0,1,5,0
1212,6,2,mesta,22,30,1,41,67,0,0,0,4,7,0,0,0,0,,0,0
1212,6,3,mesta,22,30,1,40,60,0,0,0,4,7,0,0,0,0,,0,0
1212,6,4,mesta,22,30,1,39,53,0,0,0,4,7,0,0,0,0,,0,0
1212,6,5,mesta,22,30,1,38,48,0,0,0,6,9,0,1,0,0,,0,0
1212,6,6,mesta,22,30,1,48,46,0,0,0,6,20,0,0,0,0,,0,0
1212,6,7,mesta,21,27,1,38,34,0,0,0,6,20,0,0,0,0,1,1,0
1212,6,8,mesta,21,27,1,46,33,0,0,0,6,18,0,0,0,0,,0,0
1212,6,9,mesta,21,27,1,54,32,0,0,0,6,18,0,0,0,0,,0,0
1212,6,10,mesta,21,27,1,62,31,0,0,0,6,18,0,0,0,0,,0,0
1212,6,11,mesta,21,28,1,70,37,0,0,0,13,25,0,0,0,0,,0,0
1212,6,12,mesta,21,29,1,78,42,0,0,0,13,25,0,0,0,0,,0,0
1212,6,13,mesta,22,30,1,71,47,0,0,0,13,25,0,0,0,0,1,4,0
1212,6,14,mesta,22,31,1,81,54,0,0,0,13,27,0,0,0,0,,0,0
1212,6,15,mesta,22,32,1,91,58,0,0,0,13,27,0,0,0,0,,0,0
1212,6,16,mesta,22,33,1,101,61,0,0,0,13,27,0,0,0,0,,0,0
1212,6,17,mesta,22,33,1,111,57,0,0,0,6,20,0,0,0,0,,0,0
1212,6,18,mesta,22,33,1,121,53,0,0,0,6,20,0,0,0,0,,0,0
1212,6,19,mesta,22,31,1,46,49,0,0,0,6,20,0,0,0,0,1,5,0
1212,6,20,mesta,22,31,1,46,49,0,0,0,6,20,0,0,0,0,,0,0
1212,6,21,mesta,22,31,1,56,46,0,0,0,6,20,0,1,0,0,,0,0
1212,6,22,mesta,22,31,1,66,45,0,0,0,6,25,0,0,0,0,,0,0
1212,6,23,mesta,22,31,1,76,42,0,0,0,4,23,0,0,0,0,,0,0
1212,6,24,mesta,22,31,1,83,39,0,0,0,4,20,0,0,0,0,,0,0
1212,6,25,mesta,22,31,1,88,36,0,0,0,4,20,0,0,0,0,1,3,0
1212,6,26,mesta,22,31,1,95,37,0,0,0,4,20,0,0,0,0,,0,0
1212,6,27,mesta,22,31,1,102,34,0,0,0,4,20,0,0,0,0,,0,0
1212,6,28,mesta,22,31,1,109,31,0,0,0,4,20,0,0,0,0,,0,0
1212,6,29,mesta,22,31,1,116,30,0,0,0,6,22,0,0,0,0,,0,0
1212,6,30,mesta,22,31,1,126,29,0,0,0,6,25,0,0,0,0,,0,0
1212,6,31,mesta,22,31,1,84,28,0,0,0,6,25,0,0,0,0,1,10,0
1212,6,32,mesta,22,31,1,89,28,0,0,0,6,25,0,0,0,0,,0,0
1212,6,33,mesta,22,31,1,99,28,0,0,0,6,25,0,0,0,0,,0,0
1212,6,34,mesta,22,31,1,109,27,0,0,0,6,25,0,0,0,0,,0,0
1212,6,35,mesta,22,32,1,119,33,0,0,0,13,32,0,0,0,0,,0,0
1212,6,36,mesta,22,33,1,129,38,0,0,0,13,33,0,0,0,0,,0,0
1212,6,37,mesta,22,34,1,185,43,0,0,0,13,33,0,0,0,0,1,14,0
1212,6,38,mesta,23,35,1,190,49,0,0,0,13,33,0,0,0,0,,0,0
1212,6,39,mesta,23,36,1,195,54,0,0,0,13,33,0,0,0,0,,0,0
1212,6,40,mesta,23,37,1,205,58,0,0,0,13,33,0,0,0,0,,0,0
1212,6,41,mesta,23,37,1,215,56,0,0,0,8,28,0,0,0,0,,0,0
1212,6,42,mesta,23,37,1,225,54,0,0,0,8,28,0,0,0,0,,0,0
1212,6,43,mesta,23,37,1,326,52,0,0,0,8,28,0,0,0,0,1,19,0
1212,6,44,mesta,23,37,1,289,54,0,0,0,8,28,0,0,0,0,,0,0
1212,6,45,mesta,23,37,1,252,54,0,0,0,8,28,0,1,0,0,,0,0
1212,6,46,mesta,23,37,1,242,56,0,0,0,8,28,0,0,0,0,,0,0
1212,6,47,mesta,23,37,1,252,54,0,0,0,4,24,0,0,0,0,,0,0
1212,6,48,mesta,23,37,1,259,48,0,0,0,4,21,0,0,0,0,,0,0
1212,6,49,mesta,23,37,1,384,43,0,0,0,4,21,0,0,0,0,1,19,0
1212,6,50,mesta,23,37,1,344,42,0,0,0,4,21,0,0,0,0,,0,0
1212,6,51,mesta,23,37,1,304,41,0,0,0,4,21,0,0,0,0,,0,0
1212,6,52,mesta,23,37,1,264,40,0,0,0,4,21,0,0,0,0,,0,0
1212,6,53,mesta,23,37,1,261,41,0,0,0,6,23,0,0,0,0,,0,0
1212,6,54,mesta,23,37,1,271,40,0,0,0,6,26,0,0,0,0,,0,0
1212,6,55,mesta,23,35,1,258,37,0,0,0,6,26,0,0,0,0,1,24,0
1212,6,56,mesta,23,35,1,185,38,0,0,0,6,26,0,0,0,0,,0,0
1212,6,57,mesta,23,35,1,163,38,0,0,0,6,26,0,0,0,0,,0,0
1212,6,58,mesta,113,35,1,168,38,7,0,0,6,26,0,0,0,1,,0,0
1212,6,59,mesta,113,36,1,173,45,7,0,0,13,33,0,0,0,1,,0,0
1212,6,60,mesta,113,37,1,183,50,7,0,0,13,33,0,0,0,1,,0,0
1212,6,61,mesta,113,38,1,385,54,3,0,0,13,33,0,0,0,1,1,17,0
1212,6,62,mesta,113,39,1,335,58,0,0,0,13,33,0,0,0,1,,0,0
1212,6,63,mesta,114,40,1,345,62,0,0,0,13,33,0,0,0,1,,0,0
1212,6,64,mesta,114,42,1,357,65,0,0,0,13,35,0,0,0,1,,0,0
1212,6,65,mesta,114,42,1,369,63,0,0,0,8,30,0,0,0,1,,0,0
1212,6,66,mesta,114,42,1,381,61,0,0,0,8,30,0,0,0,1,,0,0
1212,6,67,mesta,113,38,1,785,49,0,0,0,8,30,0,0,0,1,1,26,0
1212,6,68,mesta,113,38,1,748,52,0,0,0,8,28,0,0,0,1,,0,0
1212,6,69,mesta,113,38,1,711,55,0,0,0,8,28,0,0,0,1,,0,0
1212,6,70,mesta,113,38,1,674,58,0,0,0,8,28,0,0,0,1,,0,0
1212,6,71,mesta,113,38,1,637,57,0,0,0,4,24,0,0,0,1,,0,0
1212,6,72,mesta,113,38,1,597,56,0,0,0,4,21,0,0,0,1,,0,0
1212,6,73,mesta,113,38,1,691,42,0,0,0,4,21,0,0,0,1,1,29,0
1212,6,74,mesta,113,38,1,651,42,0,0,0,4,21,0,0,0,1,,0,0
1212,6,75,mesta,113,38,1,611,42,0,0,0,4,21,0,0,0,1,,0,0
1212,6,76,mesta,113,38,1,571,42,0,0,0,4,21,0,0,0,1,,0,0
1212,6,77,mesta,113,38,1,531,44,0,0,0,6,23,0,0,0,1,,0,0
1212,6,78,mesta,131,38,1,494,46,0,0,0,6,26,0,0,0,2,,0,0
1212,6,79,mesta,131,36,1,525,48,0,0,0,6,26,0,0,0,2,1,32,0
1212,6,80,mesta,131,36,1,452,49,0,0,0,6,26,0,0,0,2,,0,0
1212,6,81,mesta,131,36,1,379,49,0,0,0,6,26,0,0,0,2,,0,0
1212,6,82,mesta,151,36,1,306,49,20,0,0,6,26,0,0,0,2,,0,0
1212,6,83,mesta,151,37,1,233,55,20,0,0,13,33,0,0,0,2,,0,0
1212,6,84,mesta,151,38,1,229,61,20,0,0,13,33,0,0,0,2,,0,0
1212,6,85,mesta,151,39,1,566,67,16,0,0,13,33,0,0,0,2,1,24,0
1212,6,86,mesta,167,40,1,516,72,12,0,0,13,33,0,0,0,3,,0,0
1212,6,87,mesta,167,42,1,493,75,7,0,0,13,35,0,0,0,3,,0,0
1212,6,88,mesta,167,44,1,496,78,1,0,0,13,35,0,0,0,3,,0,0
1212,6,89,mesta,167,44,1,508,75,1,0,0,8,30,0,0,0,3,,0,0
1212,6,90,mesta,167,44,1,520,72,1,0,0,8,30,0,0,0,3,,0,0
1212,6,91,mesta,167,44,1,1316,61,1,0,0,8,30,0,0,0,3,1,22,0
1212,6,92,mesta,167,44,1,1265,59,1,0,0,8,30,0,0,0,3,,0,0
1212,6,93,mesta,167,44,1,1214,57,1,0,0,8,30,0,0,0,3,,0,0
1212,6,94,mesta,167,44,1,1163,55,1,0,0,8,30,0,0,0,3,,0,0
1212,6,95,mesta,167,44,1,1112,49,1,0,0,4,26,0,0,0,3,,0,0
1212,6,96,mesta,167,44,1,1057,44,1,0,0,4,22,0,0,0,3,,0,0
1212,6,97,mesta,167,40,1,1163,29,1,0,0,4,22,0,0,0,3,1,25,0
1212,6,98,mesta,167,40,1,1124,29,1,0,0,4,22,0,0,0,3,,0,0
1212,6,99,mesta,167,40,1,1085,29,1,0,0,4,22,0,0,0,3,,0,0
1212,6,100,mesta,167,40,1,1046,29,1,0,0,4,22,0,0,0,3,,0,0
1212,6,101,mesta,167,40,1,1007,31,1,0,0,6,24,0,0,0,3,,0,0
1212,6,102,mesta,167,40,1,972,33,1,0,0,6,28,0,0,0,3,,0,0
1212,6,103,mesta,166,36,1,1021,13,1,0,0,6,28,0,0,0,3,1,39,0
1212,6,104,mesta,166,36,1,948,14,1,0,0,6,26,0,0,0,3,,0,0
1212,6,105,mesta,174,36,1,875,15,1,0,0,6,26,0,0,0,3,,0,0
1212,6,106,mesta,204,36,1,802,16,35,0,0,6,26,0,0,0,3,,0,0
1212,6,107,mesta,204,36,1,729,24,35,0,0,13,33,0,0,0,3,,0,0
1212,6,108,mesta,204,37,1,656,31,35,0,0,13,33,0,0,0,3,,0,0
1212,6,109,mesta,204,36,1,1013,38,31,0,0,13,33,0,0,0,3,1,31,0
1212,6,110,mesta,204,37,1,963,46,27,0,0,13,33,0,0,0,3,,0,0
1212,6,111,mesta,204,38,1,913,53,23,0,0,13,33,0,0,0,3,,0,0
1212,6,112,mesta,204,39,1,863,60,19,0,0,13,33,0,0,0,3,,0,0
1212,6,113,mesta,204,39,1,813,62,15,0,0,8,28,0,0,0,3,,0,0
1212,6,114,mesta,204,39,1,763,64,11,0,0,8,28,0,0,0,3,,0,0
1212,6,115,mesta,205,43,1,1886,69,8,0,0,8,28,0,0,0,3,1,25,0
1212,6,116,mesta,205,43,1,1862,70,5,0,0,8,30,0,0,0,3,,0,0
1212,6,117,mesta,205,43,1,1838,70,2,0,0,8,30,0,0,0,3,,0,0
1212,6,118,mesta,205,43,1,1787,70,2,0,0,8,30,0,0,0,3,,0,0
1212,6,119,mesta,205,43,1,1736,66,2,0,0,4,26,0,0,0,3,,0,0
1212,6,120,mesta,205,43,1,1681,62,2,0,0,4,22,0,0,0,3,,0,0
1212,6,121,mesta,204,39,1,2040,9,2,0,0,3,21,0,0,0,3,1,26,0
1212,6,122,mesta,204,39,1,2000,11,2,0,0,3,20,0,0,0,3,,0,0
1212,6,123,mesta,239,74,2,1960,13,2,0,0,3,20,0,0,0,4,,0,0
1212,6,124,mesta,239,74,2,1913,6,2,0,0,3,26,0,0,0,4,,0,0
1212,6,125,mesta,238,74,2,1866,4,2,0,0,6,29,1,0,0,4,,0,0
1212,6,126,mesta,237,74,2,1822,4,2,0,0,6,32,1,0,0,4,,0,0
1212,6,127,mesta,236,72,2,1871,4,2,0,0,6,32,1,0,0,4,1,36,0
1212,6,128,mesta,235,70,2,1791,1,2,0,0,6,28,1,0,0,4,,0,0
1212,6,129,mesta,233,68,2,1711,1,2,0,0,6,28,1,0,0,4,,0,0
1212,6,130,mesta,262,66,2,1631,1,39,0,0,6,28,1,0,0,4,,0,0
1212,6,131,mesta,262,66,2,1541,2,39,0,0,12,33,0,0,0,4,,0,0
1212,6,132,mesta,262,66,2,1461,1,39,0,0,12,33,0,1,0,4,,0,0
1212,6,133,mesta,261,64,2,1793,6,35,0,0,16,37,0,0,0,4,1,32,0
1212,6,134,mesta,261,64,2,1736,11,31,0,0,17,38,0,1,0,4,,0,0
1212,6,135,mesta,261,64,2,1679,19,27,0,0,18,40,0,0,0,4,,0,0
1212,6,136,mesta,261,64,2,1622,26,23,0,0,18,40,0,0,0,4,,0,0
1212,6,137,mesta,261,64,2,1565,26,19,0,0,11,33,0,0,0,4,,0,0
1212,6,138,mesta,261,64,2,1508,26,15,0,0,11,33,0,0,0,4,,0,0
1212,6,139,mesta,261,64,2,2630,26,12,0,0,11,33,0,0,0,4,1,32,0
1212,6,140,mesta,261,64,2,2601,27,9,0,0,11,33,0,0,0,4,,0,0
1212,6,141,mesta,261,64,2,2572,27,6,0,0,11,33,0,0,0,4,,0,0
1212,6,142,mesta,261,64,2,2543,27,3,0,0,11,33,0,0,0,4,,0,0
1212,6,143,mesta,261,64,2,2514,21,0,0,0,4,26,0,0,0,4,,0,0
1212,6,144,mesta,261,64,2,2467,15,0,0,0,4,23,0,0,0,4,,0,0
1212,6,145,mesta,261,64,2,2968,13,0,0,0,5,24,0,0,0,4,1,19,0
1212,6,146,mesta,261,64,2,2933,12,0,0,0,5,24,0,0,0,4,,0,0
1212,6,147,mesta,261,64,2,2898,12,0,0,0,6,25,0,0,0,4,,0,0
1212,6,148,mesta,261,64,2,2863,12,0,0,0,6,25,0,0,0,4,,0,0
1212,6,149,mesta,261,64,2,2828,15,0,0,0,9,28,0,0,0,4,,0,0
1212,6,150,mesta,261,64,2,2796,18,0,0,0,9,31,0,0,0,4,,0,0
1212,6,151,mesta,261,64,2,2839,21,0,0,0,9,31,0,0,0,4,1,36,0
1212,6,152,mesta,261,64,2,2761,18,0,0,0,9,33,0,0,0,4,,0,0
1212,6,153,mesta,261,64,2,2683,15,0,0,0,9,33,0,0,0,4,,0,0
1212,6,154,mesta,301,64,2,2601,12,54,0,0,9,33,0,0,0,4,,0,0
1212,6,155,mesta,301,64,2,2523,19,54,0,0,19,43,0,0,0,4,,0,0
1212,6,156,mesta,301,64,2,2445,25,54,0,0,19,43,0,0,0,4,,0,0
1212,6,157,mesta,302,66,2,2826,31,50,0,0,19,43,0,0,0,4,1,31,0
1212,6,158,mesta,302,68,2,2771,36,46,0,0,19,43,0,0,0,4,,0,0
1212,6,159,mesta,303,70,2,2716,40,42,0,0,19,43,0,0,0,4,,0,0
1212,6,160,mesta,303,71,2,2661,44,38,0,0,19,43,0,0,0,4,,0,0
1212,6,161,mesta,303,71,2,2601,41,34,0,0,12,36,0,0,0,4,,0,0
1212,6,162,mesta,303,71,2,2546,38,30,0,0,12,36,0,0,0,4,,0,0
1212,6,163,mesta,303,71,2,3661,35,27,0,0,12,36,0,0,0,4,1,34,0
1212,6,164,mesta,303,71,2,3634,33,24,0,0,12,36,0,0,0,4,,0,0
1212,6,165,mesta,303,71,2,3607,31,21,0,0,12,36,0,0,0,4,,0,0
1212,6,166,mesta,303,71,2,3580,29,18,0,0,12,36,0,0,0,4,,0,0
1212,6,167,mesta,303,71,2,3551,22,15,0,0,6,30,0,0,0,4,,0,0
1212,6,168,mesta,303,71,2,3519,15,12,0,0,6,27,0,0,0,4,,0,0
1212,6,169,mesta,303,71,2,4195,8,9,0,0,6,27,0,0,0,4,1,28,0
1212,6,170,mesta,303,71,2,4163,1,6,0,0,6,27,0,0,0,4,,0,0
1212,6,171,mesta,302,71,2,4133,1,3,0,0,6,27,1,0,0,4,,0,0
1212,6,172,mesta,301,71,2,4100,1,0,0,0,6,27,1,0,0,4,,0,0
1212,6,173,mesta,299,69,2,4055,1,0,0,0,9,30,1,0,0,4,,0,0
1212,6,174,mesta,298,67,2,4013,4,0,0,0,9,33,1,0,0,4,,0,0
1212,6,175,mesta,298,67,2,4433,4,0,0,0,9,33,0,0,0,4,1,35,0
1212,6,176,mesta,298,67,2,4355,1,0,0,0,9,33,0,0,0,4,,0,0
1212,6,177,mesta,297,67,2,4273,1,0,0,0,9,33,1,0,0,4,,0,0
1212,6,178,mesta,346,67,2,4195,1,61,0,0,9,33,1,0,0,4,,0,0
1212,6,179,mesta,346,67,2,4117,8,61,0,0,19,43,0,0,0,4,,0,0
1212,6,180,mesta,346,67,2,4039,15,61,0,0,19,43,0,0,0,4,,0,0
1212,6,181,mesta,346,67,2,4409,22,57,0,0,19,43,0,0,0,4,1,30,0
1212,6,182,mesta,346,67,2,4354,27,53,0,0,19,43,0,0,0,4,,0,0
1212,6,183,mesta,346,69,2,4299,32,49,0,0,19,43,0,0,0,4,,0,0
1212,6,184,mesta,347,71,2,4244,41,45,0,0,24,48,0,0,0,4,,0,0
1212,6,185,mesta,347,71,2,4189,41,41,0,0,15,39,0,0,0,4,,0,0
1212,6,186,mesta,347,71,2,4134,41,37,0,0,15,39,0,0,0,4,,0,0
1212,6,187,mesta,347,71,2,5260,42,34,0,0,15,39,0,0,0,4,1,36,0
1212,6,188,mesta,347,71,2,5233,44,31,0,0,15,39,0,0,0,4,,0,0
1212,6,189,mesta,347,71,2,5206,46,28,0,0,15,39,0,0,0,4,,0,0
1212,6,190,mesta,347,71,2,5174,45,25,0,0,12,36,0,0,0,4,,0,0
1212,6,191,mesta,346,71,2,5147,41,22,0,0,6,30,1,0,0,4,,0,0
1212,6,192,mesta,345,71,2,5115,41,19,0,0,6,27,1,0,0,4,,0,0
1212,6,193,mesta,343,69,2,5793,41,16,0,0,4,25,1,0,0,4,1,30,0
1212,6,194,mesta,342,67,2,5763,41,13,0,0,4,25,1,0,0,4,,0,0
1212,6,195,mesta,341,65,2,5731,41,10,0,0,4,25,1,0,0,4,,0,0
1212,6,196,mesta,339,63,2,5701,41,7,0,0,4,25,1,0,0,4,,0,0
1212,6,197,mesta,338,61,2,5671,41,4,0,0,9,30,1,0,0,4,,0,0
1212,6,198,mesta,336,59,2,5642,41,1,0,0,9,31,1,0,0,4,,0,0
1212,6,199,mesta,335,57,2,6231,41,1,0,0,9,30,1,0,0,4,1,35,0
1212,6,200,mesta,334,55,2,6151,41,1,0,0,8,29,1,0,0,4,,0,0
1212,6,1,monjes,35,96,1,26,58,0,0,0,15,35,0,0,0,0,1,5,0
1212,6,2,monjes,35,96,1,31,44,0,0,0,15,24,0,0,0,0,,0,0
1212,6,3,monjes,35,96,1,36,30,0,0,0,15,24,0,1,0,0,,0,0
1212,6,4,monjes,35,96,1,41,25,0,0,0,22,31,0,0,0,0,,0,0
1212,6,5,monjes,35,96,1,46,34,0,0,0,36,45,0,1,0,0,,0,0
1212,6,6,monjes,35,96,1,68,45,0,0,0,36,62,0,0,0,0,,0,0
1212,6,7,monjes,35,96,1,82,55,0,0,0,36,62,0,0,0,0,1,4,0
1212,6,8,monjes,35,96,1,104,67,0,0,0,36,62,0,0,0,0,,0,0
1212,6,9,monjes,35,96,1,126,85,0,0,0,45,71,0,0,0,0,,0,0
1212,6,10,monjes,50,96,1,148,102,0,0,0,45,71,0,0,0,1,,0,0
1212,6,11,monjes,50,96,1,170,162,0,0,0,90,116,0,0,0,1,,0,0
1212,6,12,monjes,50,96,1,192,219,0,0,0,90,116,0,0,0,1,,0,0
1212,6,13,monjes,49,92,1,117,260,0,0,0,90,116,0,0,0,1,1,13,0
1212,6,14,monjes,49,92,1,105,308,0,2,0,90,110,0,0,0,1,,0,0
1212,6,15,monjes,49,92,1,100,336,0,2,0,72,92,0,0,0,1,,0,0
1212,6,16,monjes,49,92,1,117,370,0,2,0,72,92,0,0,0,1,,0,0
1212,6,17,monjes,49,92,1,134,377,0,2,0,45,65,0,0,0,1,,0,0
1212,6,18,monjes,49,92,1,151,384,0,2,0,45,65,0,0,0,1,,0,0
1212,6,19,monjes,49,90,1,154,368,0,2,0,45,65,0,0,0,1,1,25,0
1212,6,20,monjes,67,90,1,135,371,0,2,0,45,65,0,0,0,2,,0,0
1212,6,21,monjes,67,90,1,152,369,0,2,0,45,65,0,0,0,2,,0,0
1212,6,22,monjes,67,90,1,169,367,0,2,0,45,65,0,0,0,2,,0,0
1212,6,23,monjes,67,90,1,186,333,0,2,0,22,42,0,0,0,2,,0,0
1212,6,24,monjes,75,90,1,197,310,0,2,0,22,36,0,0,0,2,,0,0
1212,6,25,monjes,75,90,1,246,271,0,2,0,22,36,0,0,0,2,1,21,0
1212,6,26,monjes,75,90,1,206,258,0,2,0,22,36,0,0,0,2,,0,0
1212,6,27,monjes,75,90,1,188,242,0,2,0,22,36,0,0,0,2,,0,0
1212,6,28,monjes,75,90,1,199,223,0,2,0,22,36,0,0,0,2,,0,0
1212,6,29,monjes,75,90,1,210,218,0,2,0,36,50,0,0,0,2,,0,0
1212,6,30,monjes,75,90,1,227,213,0,2,0,36,56,0,0,0,2,,0,0
1212,6,31,monjes,75,90,1,320,190,0,2,0,36,56,0,0,0,2,1,24,0
1212,6,32,monjes,75,90,1,308,190,0,2,0,36,56,0,0,0,2,,0,0
1212,6,33,monjes,83,90,1,296,196,0,2,0,36,56,0,0,0,2,,0,0
1212,6,34,monjes,83,90,1,284,202,0,2,0,36,56,0,0,0,2,,0,0
1212,6,35,monjes,83,90,1,272,242,0,2,0,72,92,0,0,0,2,,0,0
1212,6,36,monjes,83,90,1,267,281,0,2,0,72,92,0,0,0,2,,0,0
1212,6,37,monjes,83,90,1,276,315,0,2,0,72,92,0,0,0,2,1,16,0
1212,6,38,monjes,83,90,1,230,348,0,2,0,72,92,0,0,0,2,,0,0
1212,6,39,monjes,83,90,1,184,380,0,2,0,72,92,0,0,0,2,,0,0
1212,6,40,monjes,83,90,1,183,405,0,2,0,72,92,0,0,0,2,,0,0
1212,6,41,monjes,83,90,1,200,401,0,2,0,45,65,0,0,0,2,,0,0
1212,6,42,monjes,83,90,1,217,398,0,2,0,45,65,0,0,0,2,,0,0
1212,6,43,monjes,83,90,1,304,393,0,2,0,45,65,0,0,0,2,1,25,0
1212,6,44,monjes,83,90,1,258,397,0,2,0,45,65,0,0,0,2,,0,0
1212,6,45,monjes,91,90,1,248,397,0,2,0,45,65,0,0,0,2,,0,0
1212,6,46,monjes,91,90,1,265,394,0,2,0,45,65,0,0,0,2,,0,0
1212,6,47,monjes,91,90,1,282,369,0,2,0,22,42,0,0,0,2,,0,0
1212,6,48,monjes,91,90,1,293,345,0,2,0,22,36,0,0,0,2,,0,0
1212,6,49,monjes,90,89,1,365,317,0,2,0,24,38,0,0,0,2,1,19,0
1212,6,50,monjes,91,90,1,312,295,0,2,0,24,37,0,0,0,2,,0,0
1212,6,51,monjes,91,90,1,260,283,0,2,0,24,38,0,0,0,2,,0,0
1212,6,52,monjes,128,96,2,235,268,0,2,0,24,38,0,0,0,3,,0,0
1212,6,53,monjes,128,97,2,240,259,0,2,0,36,50,0,0,0,3,,0,0
1212,6,54,monjes,128,98,2,251,251,0,2,0,36,56,0,0,0,3,,0,0
1212,6,55,monjes,128,99,2,287,198,0,2,0,36,56,0,0,0,3,1,25,0
1212,6,56,monjes,129,100,2,235,197,0,2,0,36,56,0,1,0,3,,0,0
1212,6,57,monjes,227,153,3,174,205,0,2,0,44,65,0,0,0,4,,0,0
1212,6,58,monjes,228,156,3,189,187,0,2,0,44,75,0,1,0,4,,0,0
1212,6,59,monjes,228,159,3,204,188,0,2,0,58,94,0,0,0,4,,0,0
1212,6,60,monjes,229,162,3,219,188,0,2,0,59,96,0,1,0,4,,0,0
1212,6,61,monjes,230,169,3,283,199,0,2,0,59,96,0,0,0,4,1,17,0
1212,6,62,monjes,231,170,3,248,225,0,2,0,76,112,0,3,0,4,,0,0
1212,6,63,monjes,231,171,3,213,270,0,2,0,90,127,0,0,0,4,,0,0
1212,6,64,monjes,231,172,3,221,314,0,2,0,91,129,0,0,0,4,,0,0
1212,6,65,monjes,231,173,3,236,341,0,2,0,82,120,0,0,0,4,,0,0
1212,6,66,monjes,231,174,3,251,365,0,2,0,82,120,0,0,0,4,,0,0
1212,6,67,monjes,230,166,3,189,325,0,2,0,84,124,0,0,0,4,1,28,0
1212,6,68,monjes,231,170,3,141,343,0,2,0,80,117,0,2,0,4,,0,0
1212,6,69,monjes,250,226,4,93,371,0,2,0,88,126,0,0,0,4,,0,0
1212,6,70,monjes,252,237,4,111,372,0,2,0,89,137,0,1,0,4,,0,0
1212,6,71,monjes,252,237,4,129,343,0,2,0,54,102,0,0,0,4,,0,0
1212,6,72,monjes,252,237,4,141,315,0,2,0,54,96,0,0,0,4,,0,0
1212,6,73,monjes,252,237,4,225,283,0,2,0,55,97,0,0,0,4,1,28,0
1212,6,74,monjes,252,237,4,196,265,0,2,0,55,94,0,0,0,4,,0,0
1212,6,75,monjes,252,237,4,207,241,0,2,0,55,94,0,2,0,4,,0,0
1212,6,76,monjes,252,237,4,203,225,0,2,0,62,104,0,0,0,4,,0,0
1212,6,77,monjes,253,242,4,214,227,0,2,0,84,126,0,0,0,4,,0,0
1212,6,78,monjes,262,249,4,234,230,0,2,0,86,138,0,2,0,4,,0,0
1212,6,79,monjes,264,256,4,298,210,0,2,0,93,145,0,0,0,4,1,22,0
1212,6,80,monjes,265,263,4,278,228,0,2,0,94,146,0,2,0,4,,0,0
1212,6,81,monjes,282,307,5,260,249,0,2,0,95,150,0,0,0,4,,0,0
1212,6,82,monjes,284,316,5,236,260,0,2,0,96,158,0,0,0,4,,0,0
1212,6,83,monjes,286,325,5,239,374,0,2,0,210,272,0,0,0,4,,0,0
1212,6,84,monjes,287,334,5,256,477,0,2,0,210,273,0,0,0,4,,0,0
1212,6,85,monjes,289,344,5,330,577,0,2,0,210,275,0,0,0,4,1,27,0
1212,6,86,monjes,292,356,5,304,673,0,2,0,210,276,0,1,0,4,,0,0
1212,6,87,monjes,294,368,5,288,774,0,2,0,223,289,0,1,0,4,,0,0
1212,6,88,monjes,297,380,5,276,868,0,2,0,223,299,0,1,0,4,,0,0
1212,6,89,monjes,299,391,5,273,857,0,2,0,119,195,0,0,0,4,,0,0
1212,6,90,monjes,300,399,5,300,839,0,2,0,119,198,0,0,0,4,,0,0
1212,6,91,monjes,303,411,5,388,815,0,2,0,120,202,0,0,0,4,1,22,0
1212,6,92,monjes,304,419,5,359,793,0,2,0,120,203,0,0,0,4,,0,0
1212,6,93,monjes,306,427,5,330,774,0,2,0,120,203,0,0,0,4,,0,0
1212,6,94,monjes,308,436,5,320,752,0,2,0,120,204,0,0,0,4,,0,0
1212,6,95,monjes,308,436,5,355,682,0,2,0,77,161,0,0,0,4,,0,0
1212,6,96,monjes,308,436,5,384,614,0,2,0,77,155,0,0,0,4,,0,0
1212,6,97,monjes,307,432,5,430,540,0,2,0,70,148,0,0,0,4,1,26,0
1212,6,98,monjes,307,432,5,419,483,0,2,0,70,148,0,0,0,4,,0,0
1212,6,99,monjes,307,432,5,408,429,0,2,0,70,148,0,0,0,4,,0,0
1212,6,100,monjes,307,432,5,397,377,0,2,0,70,148,0,0,0,4,,0,0
1212,6,101,monjes,307,432,5,386,358,0,2,0,102,180,0,0,0,4,,0,0
1212,6,102,monjes,307,432,5,381,339,0,2,0,102,186,0,0,0,4,,0,0
1212,6,103,monjes,306,427,5,428,304,0,1,0,102,186,0,0,0,4,1,33,0
1212,6,104,monjes,306,427,5,423,285,0,1,0,102,186,0,0,0,4,,0,0
1212,6,105,monjes,315,432,6,418,271,0,1,0,102,186,0,0,0,4,,0,0
1212,6,106,monjes,323,432,6,405,256,0,1,0,102,186,0,0,0,4,,0,0
1212,6,107,monjes,325,442,6,392,319,0,1,0,183,267,0,0,0,4,,0,0
1212,6,108,monjes,327,453,6,380,378,0,1,0,183,268,0,0,0,4,,0,0
1212,6,109,monjes,329,464,6,443,430,0,1,0,183,270,0,0,0,4,1,31,0
1212,6,110,monjes,332,476,6,418,472,0,2,0,183,272,0,1,0,4,,0,0
1212,6,111,monjes,334,486,6,383,530,0,3,0,203,292,0,0,0,4,,0,0
1212,6,112,monjes,335,492,6,362,582,0,4,0,203,296,0,1,0,4,,0,0
1212,6,113,monjes,336,498,6,341,560,0,5,0,128,224,0,0,0,4,,0,0
1212,6,114,monjes,337,504,6,346,538,0,6,0,129,225,0,0,0,4,,0,0
1212,6,115,monjes,339,511,6,376,510,0,6,0,130,230,0,0,0,4,1,24,0
1212,6,116,monjes,339,514,6,389,491,0,6,0,130,231,0,0,0,4,,0,0
1212,6,117,monjes,340,517,6,406,475,0,6,0,131,232,0,0,0,4,,0,0
1212,6,118,monjes,341,520,6,423,461,0,6,0,132,233,0,0,0,4,,0,0
1212,6,119,monjes,349,520,6,440,393,0,6,0,76,177,0,0,0,4,,0,0
1212,6,120,monjes,349,520,6,451,328,0,6,0,76,171,0,0,0,4,,0,0
1212,6,121,monjes,349,520,6,462,271,0,0,0,76,171,0,0,0,4,1,29,0
1212,6,122,monjes,349,520,6,454,206,0,0,0,76,171,0,0,0,4,,0,0
1212,6,123,monjes,349,520,6,446,144,0,0,0,76,171,0,1,0,4,,0,0
1212,6,124,monjes,349,520,6,438,89,0,0,0,79,173,0,0,0,4,,0,0
1212,6,125,monjes,349,520,6,428,70,0,0,0,114,208,0,0,0,4,,0,0
1212,6,126,monjes,349,520,6,423,51,0,0,0,114,214,0,0,0,4,,0,0
1212,6,127,monjes,349,520,6,475,36,0,0,0,114,214,0,0,0,4,1,20,0
1212,6,128,monjes,349,520,6,419,22,0,2,0,114,214,0,0,0,4,,0,0
1212,6,129,monjes,349,520,6,363,8,0,3,0,114,214,0,0,0,4,,0,0
1212,6,130,monjes,348,520,6,332,4,0,5,0,114,214,1,0,0,4,,0,0
1212,6,131,monjes,349,527,6,358,77,0,4,0,202,302,0,0,0,4,,0,0
1212,6,132,monjes,350,532,6,395,149,0,1,0,203,304,0,0,0,4,,0,0
1212,6,133,monjes,351,536,6,398,210,0,1,0,203,305,0,0,0,4,1,25,0
1212,6,134,monjes,352,540,6,370,267,0,2,0,205,308,0,3,0,4,,0,0
1212,6,135,monjes,352,544,6,329,372,0,3,0,253,356,0,0,0,4,,0,0
1212,6,136,monjes,353,548,6,306,472,0,4,0,255,359,0,1,0,4,,0,0
1212,6,137,monjes,354,552,6,279,487,0,5,0,170,273,0,0,0,4,,0,0
1212,6,138,monjes,355,556,6,319,502,0,6,0,171,274,0,0,0,4,,0,0
1212,6,139,monjes,356,561,6,364,460,0,6,0,172,278,0,0,0,4,1,40,0
1212,6,140,monjes,365,566,6,366,473,0,6,0,173,279,0,0,0,4,,0,0
1212,6,141,monjes,387,638,7,372,486,0,6,0,175,281,0,0,0,4,,0,0
1212,6,142,monjes,387,639,7,376,482,0,6,0,176,297,0,0,0,4,,0,0
1212,6,143,monjes,387,639,7,381,395,0,6,0,100,221,0,0,0,4,,0,0
1212,6,144,monjes,387,639,7,381,316,0,6,0,100,215,0,0,0,4,,0,0
1212,6,145,monjes,394,634,7,405,243,0,0,0,100,215,0,0,0,4,1,35,0
1212,6,146,monjes,394,634,7,403,170,0,0,0,97,206,0,0,0,4,,0,0
1212,6,147,monjes,394,634,7,401,89,0,0,0,97,206,0,2,0,4,,0,0
1212,6,148,monjes,403,639,8,399,37,0,0,0,108,217,0,0,0,4,,0,0
1212,6,149,monjes,411,639,8,389,35,0,0,0,159,268,0,0,0,4,,0,0
1212,6,150,monjes,411,639,8,385,31,0,0,0,159,274,0,1,0,4,,0,0
1212,6,151,monjes,411,639,8,422,34,0,0,0,161,276,0,0,0,4,1,24,0
1212,6,152,monjes,411,639,8,354,18,0,2,0,143,249,0,1,0,4,,0,0
1212,6,153,monjes,411,639,8,275,9,0,3,0,148,254,0,0,0,4,,0,0
1212,6,154,monjes,410,639,8,257,4,0,5,0,148,254,1,1,0,4,,0,0
1212,6,155,monjes,411,641,8,273,111,0,2,0,266,372,0,0,0,4,,0,0
1212,6,156,monjes,411,643,8,301,211,0,2,0,268,375,0,0,0,4,,0,0
1212,6,157,monjes,412,649,8,359,306,0,2,0,271,378,0,0,0,4,1,21,0
1212,6,158,monjes,413,651,8,343,408,0,2,0,281,389,0,0,0,4,,0,0
1212,6,159,monjes,413,653,8,331,508,0,2,0,284,392,0,0,0,4,,0,0
1212,6,160,monjes,414,655,8,307,609,0,2,0,287,396,0,0,0,4,,0,0
1212,6,161,monjes,414,657,8,283,616,0,2,0,190,300,0,0,0,4,,0,0
1212,6,162,monjes,574,659,8,293,625,0,2,0,193,303,0,1,1,5,,0,0
1212,6,163,monjes,575,661,8,321,585,0,2,0,196,306,0,0,0,5,1,26,0
1212,6,164,monjes,575,663,8,311,594,0,2,0,197,307,0,0,0,5,,0,0
1212,6,165,monjes,596,725,9,301,605,0,2,0,200,310,0,0,0,5,,0,0
1212,6,166,monjes,596,727,9,290,601,0,2,0,201,321,0,0,0,5,,0,0
1212,6,167,monjes,596,727,9,281,514,0,2,0,116,238,0,0,0,5,,0,0
1212,6,168,monjes,596,727,9,275,430,0,2,0,116,232,0,1,0,5,,0,0
1212,6,169,monjes,596,727,9,335,340,0,2,0,116,232,0,0,0,5,1,35,0
1212,6,170,monjes,596,727,9,320,262,0,2,0,116,229,0,0,0,5,,0,0
1212,6,171,monjes,604,727,9,305,185,0,2,0,116,229,0,2,0,5,,0,0
1212,6,172,monjes,604,727,9,290,123,0,2,0,125,238,0,1,0,5,,0,0
1212,6,173,monjes,604,727,9,265,121,0,2,0,183,296,0,0,0,5,,0,0
1212,6,174,monjes,605,734,9,283,115,0,2,0,183,302,0,1,0,5,,0,0
1212,6,175,monjes,606,735,9,365,115,0,2,0,183,305,0,0,0,5,1,15,0
1212,6,176,monjes,606,735,9,346,118,0,2,0,183,305,0,0,0,5,,0,0
1212,6,177,monjes,606,735,9,327,121,0,2,0,183,305,0,0,0,5,,0,0
1212,6,178,monjes,606,735,9,308,124,0,2,0,183,305,0,0,0,5,,0,0
1212,6,179,monjes,608,745,9,316,262,0,2,0,326,448,0,1,0,5,,0,0
1212,6,180,monjes,610,755,9,348,393,0,2,0,326,449,0,0,0,5,,0,0
1212,6,181,monjes,612,766,9,402,507,0,2,0,326,450,0,0,0,5,1,24,0
1212,6,182,monjes,614,777,9,395,618,0,2,0,326,450,0,0,0,5,,0,0
1212,6,183,monjes,616,788,9,391,721,0,2,0,326,453,0,0,0,5,,0,0
1212,6,184,monjes,618,799,9,387,816,0,2,0,326,453,0,1,0,5,,0,0
1212,6,185,monjes,621,811,9,385,801,0,2,0,216,345,0,0,0,5,,0,0
1212,6,186,monjes,623,824,9,385,784,0,2,0,216,347,0,0,0,5,,0,0
1212,6,187,monjes,626,837,9,488,752,0,2,0,216,348,0,1,0,5,1,34,0
1212,6,188,monjes,637,852,9,491,730,0,2,0,216,350,0,0,0,5,,0,0
1212,6,189,monjes,639,863,9,495,705,0,2,0,216,351,0,0,0,5,,0,0
1212,6,190,monjes,639,863,9,491,679,0,2,0,216,353,0,0,0,5,,0,0
1212,6,191,monjes,639,863,9,497,555,0,2,0,125,262,0,0,0,5,,0,0
1212,6,192,monjes,639,863,9,497,446,0,2,0,125,256,0,1,0,5,,0,0
1212,6,193,monjes,647,863,9,549,343,0,2,0,125,260,0,0,0,5,1,25,0
1212,6,194,monjes,647,863,9,549,242,0,2,0,125,260,0,0,0,5,,0,0
1212,6,195,monjes,647,863,9,549,145,0,2,0,125,260,0,1,0,5,,0,0
1212,6,196,monjes,647,863,9,539,55,0,0,0,125,260,0,0,0,5,,0,0
1212,6,197,monjes,647,863,9,539,22,0,0,0,183,318,0,0,0,5,,0,0
1212,6,198,monjes,646,863,9,544,1,0,0,0,183,324,1,1,0,5,,0,0
1212,6,199,monjes,645,863,9,601,4,0,0,0,183,330,1,0,0,5,1,23,0
1212,6,200,monjes,640,842,9,555,4,0,2,0,183,330,1,0,0,5,,0,0
1212,6,1,salineros,23,36,1,19,68,0,9,0,8,27,0,0,0,0,1,5,0
1212,6,2,salineros,23,36,1,18,65,0,18,0,8,22,0,0,0,0,,0,0
1212,6,3,salineros,23,36,1,17,62,0,27,0,8,22,0,0,0,0,,0,0
1212,6,4,salineros,23,36,1,16,59,0,36,0,8,22,0,0,0,0,,0,0
1212,6,5,salineros,23,37,1,15,60,0,45,0,12,26,0,1,0,0,,0,0
1212,6,6,salineros,23,38,1,17,63,0,65,0,12,40,0,0,0,0,,0,0
1212,6,7,salineros,88,39,1,19,66,0,85,0,12,40,0,0,0,1,1,0,1
1212,6,8,salineros,89,40,1,1,69,0,104,0,12,39,0,0,0,1,,0,0
1212,6,9,salineros,89,42,1,5,69,0,123,0,12,41,0,0,0,1,,0,0
1212,6,10,salineros,89,44,1,9,69,0,141,0,12,40,0,1,0,1,,0,0
1212,6,11,salineros,90,46,1,21,83,0,159,0,25,61,0,0,0,1,,0,0
1212,6,12,salineros,90,48,1,33,97,0,176,0,25,60,0,0,0,1,,0,0
1212,6,13,salineros,90,46,1,25,100,0,183,0,25,60,0,0,0,1,1,14,0
1212,6,14,salineros,90,48,1,37,114,0,188,0,25,59,0,0,0,1,,0,0
1212,6,15,salineros,91,50,1,49,127,0,193,0,25,59,0,0,0,1,,0,0
1212,6,16,salineros,91,52,1,63,140,0,198,0,25,61,0,0,0,1,,0,0
1212,6,17,salineros,91,54,1,77,143,0,202,0,16,51,0,0,0,1,,0,0
1212,6,18,salineros,92,56,1,91,146,0,206,0,16,51,0,0,0,1,,0,0
1212,6,19,salineros,91,54,1,592,124,0,214,0,16,50,0,0,0,1,1,19,0
1212,6,20,salineros,92,56,1,606,127,0,217,0,16,50,0,0,0,1,,0,0
1212,6,21,salineros,110,58,1,620,129,0,219,0,16,49,0,0,0,2,,0,0
1212,6,22,salineros,111,60,1,634,131,0,221,0,16,49,0,0,0,2,,0,0
1212,6,23,salineros,111,60,1,650,124,0,222,0,8,42,0,0,0,2,,0,0
1212,6,24,salineros,111,60,1,660,117,0,223,0,8,36,0,0,0,2,,0,0
1212,6,25,salineros,110,56,1,1115,88,0,231,0,8,35,0,0,0,2,1,24,0
1212,6,26,salineros,110,56,1,1082,82,0,239,0,8,34,0,0,0,2,,0,0
1212,6,27,salineros,118,56,1,1049,76,0,247,0,8,34,0,0,0,2,,0,0
1212,6,28,salineros,118,56,1,1016,70,0,254,0,8,33,0,0,0,2,,0,0
1212,6,29,salineros,118,56,1,983,68,0,261,0,12,37,0,0,0,2,,0,0
1212,6,30,salineros,118,56,1,955,66,0,267,0,12,41,0,0,0,2,,0,0
1212,6,31,salineros,118,56,1,1171,51,0,273,0,12,41,0,0,0,2,1,29,0
1212,6,32,salineros,118,56,1,1149,53,0,279,0,12,40,0,0,0,2,,0,0
1212,6,33,salineros,126,56,1,1127,55,0,284,0,12,40,0,0,0,2,,0,0
1212,6,34,salineros,126,56,1,1105,57,0,288,0,12,39,0,0,0,2,,0,0
1212,6,35,salineros,126,58,1,1083,72,0,292,0,25,52,0,0,0,2,,0,0
1212,6,36,salineros,127,60,1,1061,87,0,296,0,25,52,0,0,0,2,,0,0
1212,6,37,salineros,127,60,1,1218,101,0,300,0,25,54,0,0,0,2,1,25,0
1212,6,38,salineros,127,60,1,1196,114,0,303,0,25,54,0,0,0,2,,0,0
1212,6,39,salineros,127,60,1,1174,127,0,306,0,25,54,0,0,0,2,,0,0
1212,6,40,salineros,127,60,1,1152,140,0,309,0,25,54,0,0,0,2,,0,0
1212,6,41,salineros,127,60,1,1130,144,0,312,0,16,45,0,0,0,2,,0,0
1212,6,42,salineros,127,60,1,1108,148,0,315,0,16,45,0,0,0,2,,0,0
1212,6,43,salineros,127,60,1,1261,143,0,318,0,16,45,0,0,0,2,1,34,0
1212,6,44,salineros,135,60,1,1235,144,0,321,0,16,45,0,0,0,2,,0,0
1212,6,45,salineros,135,60,1,1209,145,0,324,0,16,45,0,0,0,2,,0,0
1212,6,46,salineros,135,60,1,1183,146,0,327,0,16,45,0,0,0,2,,0,0
1212,6,47,salineros,135,60,1,1157,130,0,330,0,8,37,0,0,0,2,,0,0
1212,6,48,salineros,143,60,1,1125,123,0,333,0,8,31,0,0,0,2,,0,0
1212,6,49,salineros,143,60,1,1285,116,0,336,0,8,31,0,0,0,2,1,19,0
1212,6,50,salineros,143,60,1,1253,109,0,339,0,8,31,0,0,0,2,,0,0
1212,6,51,salineros,143,60,1,1221,102,0,342,0,8,31,0,0,0,2,,0,0
1212,6,52,salineros,143,60,1,1189,86,0,346,0,8,31,0,0,0,2,,0,0
1212,6,53,salineros,151,60,1,1157,83,0,350,0,12,35,0,0,0,2,,0,0
1212,6,54,salineros,151,60,1,1131,80,0,354,0,12,41,0,0,0,2,,0,0
1212,6,55,salineros,151,60,1,1340,77,0,359,0,12,41,0,0,0,2,1,25,0
1212,6,56,salineros,151,60,1,1320,78,0,364,0,12,41,0,0,0,2,,0,0
1212,6,57,salineros,151,60,1,1300,79,0,369,0,12,41,0,0,0,2,,0,0
1212,6,58,salineros,151,60,1,1280,80,0,374,0,12,41,0,0,0,2,,0,0
1212,6,59,salineros,151,60,1,1260,94,0,379,0,25,54,0,0,0,2,,0,0
1212,6,60,salineros,151,60,1,1240,108,0,383,0,25,54,0,0,0,2,,0,0
1212,6,61,salineros,151,64,1,1384,83,0,387,0,25,54,0,0,0,2,1,26,0
1212,6,62,salineros,151,64,1,1364,96,0,391,0,25,54,0,0,0,2,,0,0
1212,6,63,salineros,187,104,2,1344,109,0,394,0,25,54,0,0,0,3,,0,0
1212,6,64,salineros,187,104,2,1323,112,0,397,0,25,62,0,0,0,3,,0,0
1212,6,65,salineros,187,104,2,1302,106,0,400,0,16,53,0,0,0,3,,0,0
1212,6,66,salineros,187,104,2,1281,100,0,404,0,16,53,0,0,0,3,,0,0
1212,6,67,salineros,187,100,2,1413,44,0,409,0,16,53,0,0,0,3,1,30,0
1212,6,68,salineros,187,100,2,1392,35,0,414,0,16,53,0,2,0,3,,0,0
1212,6,69,salineros,232,135,3,1341,44,0,419,0,30,67,0,0,0,4,,0,0
1212,6,70,salineros,232,135,3,1317,41,0,424,0,30,73,0,2,0,4,,0,0
1212,6,71,salineros,232,135,3,1293,35,0,429,0,23,66,0,0,0,4,,0,0
1212,6,72,salineros,232,135,3,1263,29,0,434,0,23,60,0,0,0,4,,0,0
1212,6,73,salineros,232,135,3,1446,23,0,439,0,23,60,0,0,0,4,1,27,0
1212,6,74,salineros,232,135,3,1415,15,0,444,0,23,60,0,0,0,4,,0,0
1212,6,75,salineros,232,135,3,1384,7,0,449,0,23,60,0,1,0,4,,0,0
1212,6,76,salineros,232,135,3,1353,4,0,455,0,26,63,0,0,0,4,,0,0
1212,6,77,salineros,232,135,3,1322,11,0,460,0,36,73,0,0,0,4,,0,0
1212,6,78,salineros,232,135,3,1297,18,0,465,0,36,79,0,0,0,4,,0,0
1212,6,79,salineros,232,135,3,1503,25,0,470,0,36,79,0,0,0,4,1,24,0
1212,6,80,salineros,232,138,3,1478,32,0,475,0,36,79,0,0,0,4,,0,0
1212,6,81,salineros,233,141,3,1453,38,0,480,0,36,79,0,0,0,4,,0,0
1212,6,82,salineros,233,144,3,1428,43,0,485,0,36,79,0,0,0,4,,0,0
1212,6,83,salineros,234,147,3,1403,78,0,489,0,67,110,0,0,0,4,,0,0
1212,6,84,salineros,235,150,3,1378,113,0,492,0,67,110,0,0,0,4,,0,0
1212,6,85,salineros,235,154,3,1580,135,0,494,0,67,114,0,0,0,4,1,35,0
1212,6,86,salineros,244,158,3,1560,168,0,497,0,67,114,0,0,0,4,,0,0
1212,6,87,salineros,245,162,3,1540,200,0,499,0,67,114,0,0,0,4,,0,0
1212,6,88,salineros,246,166,3,1520,231,0,501,0,67,114,0,0,0,4,,0,0
1212,6,89,salineros,247,170,3,1500,239,0,503,0,45,92,0,0,0,4,,0,0
1212,6,90,salineros,247,172,3,1484,236,0,504,0,45,96,0,0,0,4,,0,0
1212,6,91,salineros,247,174,3,1651,239,0,506,0,45,96,0,0,0,4,1,31,0
1212,6,92,salineros,248,176,3,1648,239,0,507,0,45,96,0,0,0,4,,0,0
1212,6,93,salineros,256,178,3,1645,238,0,509,0,45,96,0,0,0,4,,0,0
1212,6,94,salineros,257,180,3,1642,237,0,511,0,45,96,0,0,0,4,,0,0
1212,6,95,salineros,257,180,3,1641,216,0,513,0,26,79,0,0,0,4,,0,0
1212,6,96,salineros,257,180,3,1634,195,0,515,0,26,73,0,0,0,4,,0,0
1212,6,97,salineros,257,180,3,1825,174,0,518,0,26,73,0,0,0,4,1,26,0
1212,6,98,salineros,257,180,3,1805,156,0,521,0,26,73,0,0,0,4,,0,0
1212,6,99,salineros,257,180,3,1785,141,0,525,0,26,73,0,0,0,4,,0,0
1212,6,100,salineros,257,180,3,1765,126,0,529,0,26,73,0,0,0,4,,0,0
1212,6,101,salineros,257,180,3,1745,121,0,533,0,36,83,0,0,0,4,,0,0
1212,6,102,salineros,257,180,3,1731,116,0,537,0,36,89,0,0,0,4,,0,0
1212,6,103,salineros,257,184,3,1889,112,0,541,0,36,89,0,0,0,4,1,26,0
1212,6,104,salineros,257,184,3,1862,106,0,545,0,36,89,0,0,0,4,,0,0
1212,6,105,salineros,257,184,3,1835,100,0,549,0,36,89,0,0,0,4,,0,0
1212,6,106,salineros,257,184,3,1808,92,0,554,0,36,89,0,1,0,4,,0,0
1212,6,107,salineros,258,187,3,1781,117,0,558,0,67,120,0,0,0,4,,0,0
1212,6,108,salineros,259,190,3,1754,142,0,562,0,67,120,0,0,0,4,,0,0
1212,6,109,salineros,259,193,3,1923,166,0,565,0,67,122,0,0,0,4,1,28,0
1212,6,110,salineros,260,196,3,1911,185,0,568,0,67,122,0,2,0,4,,0,0
1212,6,111,salineros,260,199,3,1884,223,0,570,0,83,138,0,0,0,4,,0,0
1212,6,112,salineros,261,202,3,1872,259,0,571,0,83,138,0,1,0,4,,0,0
1212,6,113,salineros,262,206,3,1862,273,0,572,0,60,117,0,0,0,4,,0,0
1212,6,114,salineros,263,210,3,1852,286,0,573,0,60,117,0,0,0,4,,0,0
1212,6,115,salineros,263,210,3,2009,285,0,574,0,60,119,0,0,0,4,1,32,0
1212,6,116,salineros,263,210,3,2014,291,0,574,0,60,119,0,0,0,4,,0,0
1212,6,117,salineros,263,210,3,2019,297,0,574,0,60,119,0,0,0,4,,0,0
1212,6,118,salineros,263,210,3,2024,303,0,574,0,60,119,0,0,0,4,,0,0
1212,6,119,salineros,263,210,3,2029,287,0,575,0,38,97,0,0,0,4,,0,0
1212,6,120,salineros,263,210,3,2025,271,0,576,0,38,88,0,0,0,4,,0,0
1212,6,121,salineros,263,210,3,2229,242,0,577,0,38,88,0,0,0,4,1,45,0
1212,6,122,salineros,263,210,3,2225,224,0,579,0,38,88,0,0,0,4,,0,0
1212,6,123,salineros,271,210,3,2221,206,0,581,0,38,88,0,1,0,4,,0,0
1212,6,124,salineros,271,210,3,2217,190,0,583,0,38,88,0,0,0,4,,0,0
1212,6,125,salineros,271,210,3,2213,186,0,586,0,50,100,0,0,0,4,,0,0
1212,6,126,salineros,271,210,3,2218,182,0,589,0,50,109,0,0,0,4,,0,0
1212,6,127,salineros,271,210,3,2394,181,0,595,0,50,109,0,0,0,4,1,19,0
1212,6,128,salineros,271,210,3,2372,186,0,601,0,50,109,0,0,0,4,,0,0
1212,6,129,salineros,271,210,3,2350,191,0,607,0,50,109,0,0,0,4,,0,0
1212,6,130,salineros,271,210,3,2328,196,0,613,0,50,109,0,0,0,4,,0,0
1212,6,131,salineros,271,213,3,2306,231,0,617,0,87,146,0,0,0,4,,0,0
1212,6,132,salineros,272,216,3,2284,272,0,621,0,87,146,0,0,0,4,,0,0
1212,6,133,salineros,272,219,3,2320,309,0,621,0,87,146,0,0,0,4,1,31,0
1212,6,134,salineros,273,222,3,2325,340,0,620,0,87,146,0,0,0,4,,0,0
1212,6,135,salineros,274,225,3,2332,370,0,619,0,87,148,0,0,0,4,,0,0
1212,6,136,salineros,274,228,3,2339,399,0,617,0,87,148,0,0,0,4,,0,0
1212,6,137,salineros,283,231,3,2346,400,0,615,0,60,121,0,0,0,4,,0,0
1212,6,138,salineros,284,235,3,2355,401,0,613,0,60,123,0,0,0,4,,0,0
1212,6,139,salineros,284,239,3,2514,401,0,614,0,60,123,0,0,0,4,1,22,0
1212,6,140,salineros,284,239,3,2476,399,0,615,0,60,123,0,0,0,4,,0,0
1212,6,141,salineros,285,243,3,2438,395,0,616,0,60,123,0,1,0,4,,0,0
1212,6,142,salineros,285,243,3,2413,392,0,617,0,60,125,0,0,0,4,,0,0
1212,6,143,salineros,285,243,3,2399,367,0,619,0,38,103,0,0,0,4,,0,0
1212,6,144,salineros,285,243,3,2376,344,0,621,0,38,94,0,1,0,4,,0,0
1212,6,145,salineros,286,247,3,2484,321,0,624,0,38,94,0,0,0,4,1,26,0
1212,6,146,salineros,286,247,3,2473,297,0,627,0,38,94,0,1,0,4,,0,0
1212,6,147,salineros,286,247,3,2462,275,0,631,0,38,94,0,0,0,4,,0,0
1212,6,148,salineros,286,247,3,2451,253,0,635,0,38,94,0,0,0,4,,0,0
1212,6,149,salineros,286,247,3,2440,243,0,639,0,50,106,0,0,0,4,,0,0
1212,6,150,salineros,286,247,3,2438,233,0,644,0,50,115,0,0,0,4,,0,0
1212,6,151,salineros,285,243,3,2480,213,0,649,0,50,115,0,0,0,4,1,27,0
1212,6,152,salineros,285,243,3,2476,204,0,656,0,50,115,0,0,0,4,,0,0
1212,6,153,salineros,285,243,3,2472,195,0,663,0,50,115,0,0,0,4,,0,0
1212,6,154,salineros,285,243,3,2468,186,0,671,0,50,115,0,0,0,4,,0,0
1212,6,155,salineros,287,253,3,2464,214,0,678,0,87,152,0,0,0,4,,0,0
1212,6,156,salineros,288,259,3,2464,239,0,685,0,87,156,0,0,0,4,,0,0
1212,6,157,salineros,290,265,3,2540,252,0,686,0,87,156,0,0,0,4,1,41,0
1212,6,158,salineros,291,271,3,2553,271,0,689,0,87,156,0,0,0,4,,0,0
1212,6,159,salineros,292,277,3,2568,289,0,691,0,87,158,0,0,0,4,,0,0
1212,6,160,salineros,293,283,3,2585,305,0,693,0,87,160,0,0,0,4,,0,0
1212,6,161,salineros,293,283,3,2602,293,0,695,0,60,133,0,0,0,4,,0,0
1212,6,162,salineros,301,283,3,2619,281,0,698,0,60,133,0,0,0,4,,0,0
1212,6,163,salineros,301,283,3,2818,269,0,704,0,60,133,0,0,0,4,1,25,0
1212,6,164,salineros,301,283,3,2822,260,0,710,0,60,133,0,0,0,4,,0,0
1212,6,165,salineros,301,283,3,2826,251,0,716,0,60,133,0,0,0,4,,0,0
1212,6,166,salineros,301,283,3,2830,242,0,722,0,60,133,0,0,0,4,,0,0
1212,6,167,salineros,301,283,3,2834,200,0,729,0,38,111,0,0,0,4,,0,0
1212,6,168,salineros,301,283,3,2829,169,0,737,0,38,102,0,0,0,4,,0,0
1212,6,169,salineros,301,283,3,2856,141,0,746,0,38,102,0,0,0,4,1,19,0
1212,6,170,salineros,301,283,3,2825,116,0,755,0,38,102,0,0,0,4,,0,0
1212,6,171,salineros,301,283,3,2794,91,0,765,0,38,102,0,0,0,4,,0,0
1212,6,172,salineros,301,283,3,2763,66,0,775,0,38,102,0,0,0,4,,0,0
1212,6,173,salineros,301,283,3,2732,53,0,785,0,50,114,0,0,0,4,,0,0
1212,6,174,salineros,300,283,3,2710,47,0,796,0,50,123,1,0,0,4,,0,0
1212,6,175,salineros,307,283,3,2797,47,0,807,0,50,123,1,0,0,4,1,18,0
1212,6,176,salineros,305,276,3,2775,47,0,818,0,50,123,1,0,0,4,,0,0
1212,6,177,salineros,302,269,3,2751,47,0,829,0,44,115,1,0,0,4,,0,0
1212,6,178,salineros,300,262,3,2725,47,0,840,0,44,113,1,0,0,4,,0,0
1212,6,179,salineros,300,262,3,2699,54,0,850,0,65,134,0,0,0,4,,0,0
1212,6,180,salineros,300,262,3,2673,61,0,860,0,65,134,0,0,0,4,,0,0
1212,6,181,salineros,300,262,3,2770,68,0,867,0,65,134,0,0,0,4,1,25,0
1212,6,182,salineros,301,269,3,2747,78,0,874,0,71,127,0,0,0,4,,0,0
1212,6,183,salineros,260,202,2,2724,86,0,881,0,51,93,0,0,0,4,,0,0
1212,6,184,salineros,261,205,2,2698,91,0,888,0,51,95,0,0,0,4,,0,0
1212,6,185,salineros,261,205,2,2672,79,0,895,0,35,79,0,0,0,4,,0,0
1212,6,186,salineros,261,205,2,2646,67,0,902,0,35,79,0,0,0,4,,0,0
1212,6,187,salineros,261,209,2,2865,58,0,912,0,38,82,0,0,0,4,1,19,0
1212,6,188,salineros,261,209,2,2826,51,0,922,0,38,82,0,0,0,4,,0,0
1212,6,189,salineros,260,209,2,2787,47,0,933,0,38,82,1,0,0,4,,0,0
1212,6,190,salineros,259,209,2,2748,47,0,944,0,38,82,1,0,0,4,,0,0
1212,6,191,salineros,257,204,2,2709,47,0,955,0,23,67,1,0,0,4,,0,0
1212,6,192,salineros,255,199,2,2661,47,0,966,0,23,58,1,0,0,4,,0,0
1212,6,193,salineros,253,194,2,2733,47,0,973,0,20,54,1,0,0,4,1,24,0
1212,6,194,salineros,251,189,2,2697,44,0,980,0,20,53,1,0,0,4,,0,0
1212,6,195,salineros,249,184,2,2661,44,0,985,0,19,50,1,0,0,4,,0,0
1212,6,196,salineros,247,179,2,2625,44,0,990,0,15,46,1,0,0,4,,0,0
1212,6,197,salineros,246,175,2,2588,44,0,995,0,19,49,1,0,0,4,,0,0
1212,6,198,salineros,244,171,2,2559,44,0,999,0,17,54,1,0,0,4,,0,0
1212,6,199,salineros,242,167,2,2773,44,0,1003,0,17,52,1,0,0,4,1,25,0
1212,6,200,salineros,194,74,1,2733,44,0,1007,0,6,25,1,0,0,4,,0,0
1212-2,6,1,arrieros,34,91,1,42,61,0,0,0,12,30,0,0,0,0,1,5,0
1212-2,6,2,arrieros,34,91,1,47,48,0,0,0,12,21,0,0,0,0,,0,0
1212-2,6,3,arrieros,34,91,1,52,35,0,0,0,12,21,0,0,0,0,,0,0
1212-2,6,4,arrieros,34,91,1,57,23,0,0,0,12,21,0,0,0,0,,0,0
1212-2,6,5,arrieros,34,91,1,62,19,0,0,0,20,29,0,1,0,0,,0,0
1212-2,6,6,arrieros,34,91,1,84,17,0,0,0,20,46,0,0,0,0,,0,0
1212-2,6,7,arrieros,34,91,1,84,15,0,0,0,20,46,0,0,0,0,1,5,0
1212-2,6,8,arrieros,34,91,1,106,19,0,0,0,20,46,0,0,0,0,,0,0
1212-2,6,9,arrieros,34,91,1,128,17,0,0,0,20,46,0,0,0,0,,0,0
1212-2,6,10,arrieros,34,91,1,150,15,0,0,0,20,46,0,0,0,0,,0,0
1212-2,6,11,arrieros,34,91,1,172,32,0,0,0,40,66,0,0,0,0,,0,0
1212-2,6,12,arrieros,34,91,1,194,48,0,0,0,40,66,0,0,0,0,,0,0
1212-2,6,13,arrieros,34,91,1,128,64,0,0,0,40,66,0,0,0,0,1,7,0
1212-2,6,14,arrieros,34,91,1,132,88,0,0,0,40,66,0,0,0,0,,0,0
1212-2,6,15,arrieros,49,91,1,154,107,0,0,0,40,66,0,0,0,1,,0,0
1212-2,6,16,arrieros,49,91,1,176,120,0,0,0,40,66,0,0,0,1,,0,0
1212-2,6,17,arrieros,49,91,1,198,119,0,0,0,25,51,0,0,0,1,,0,0
1212-2,6,18,arrieros,49,91,1,220,118,0,0,0,25,51,0,0,0,1,,0,0
1212-2,6,19,arrieros,48,87,1,232,111,0,0,0,25,51,0,0,0,1,1,10,0
1212-2,6,20,arrieros,48,87,1,168,123,0,0,0,25,49,0,0,0,1,,0,0
1212-2,6,21,arrieros,48,87,1,177,132,0,0,0,25,49,0,1,0,1,,0,0
1212-2,6,22,arrieros,48,87,1,197,134,0,0,0,25,53,0,0,0,1,,0,0
1212-2,6,23,arrieros,48,87,1,217,120,0,0,0,12,40,0,0,0,1,,0,0
1212-2,6,24,arrieros,48,87,1,229,107,0,0,0,12,32,0,0,0,1,,0,0
1212-2,6,25,arrieros,47,83,1,200,79,0,0,0,12,32,0,0,0,1,1,20,0
1212-2,6,26,arrieros,65,83,1,138,81,0,0,0,12,32,0,0,0,2,,0,0
1212-2,6,27,arrieros,65,83,1,132,83,0,0,0,12,32,0,0,0,2,,0,0
1212-2,6,28,arrieros,65,83,1,144,63,0,0,0,12,32,0,0,0,2,,0,0
1212-2,6,29,arrieros,73,83,1,156,61,0,0,0,20,40,0,0,0,2,,0,0
1212-2,6,30,arrieros,73,83,1,176,59,0,0,0,20,48,0,0,0,2,,0,0
1212-2,6,31,arrieros,72,79,1,131,51,0,0,0,20,48,0,0,0,2,1,11,0
1212-2,6,32,arrieros,72,79,1,138,56,0,0,0,20,46,0,0,0,2,,0,0
1212-2,6,33,arrieros,72,79,1,156,58,0,0,0,20,46,0,0,0,2,,0,0
1212-2,6,34,arrieros,72,79,1,174,57,0,0,0,20,46,0,0,0,2,,0,0
1212-2,6,35,arrieros,72,79,1,192,69,0,0,0,33,59,0,0,0,2,,0,0
1212-2,6,36,arrieros,72,79,1,210,80,0,0,0,33,59,0,0,0,2,,0,0
1212-2,6,37,arrieros,72,75,1,279,85,0,0,0,33,59,0,0,0,2,1,15,0
1212-2,6,38,arrieros,72,75,1,255,101,0,0,0,33,59,0,1,0,2,,0,0
1212-2,6,39,arrieros,72,75,1,269,118,0,0,0,33,59,0,0,0,2,,0,0
1212-2,6,40,arrieros,72,75,1,287,129,0,0,0,33,59,0,0,0,2,,0,0
1212-2,6,41,arrieros,72,75,1,305,131,0,0,0,25,51,0,0,0,2,,0,0
1212-2,6,42,arrieros,72,75,1,323,133,0,0,0,25,51,0,0,0,2,,0,0
1212-2,6,43,arrieros,71,71,1,375,105,0,0,0,25,51,0,0,0,2,1,31,0
1212-2,6,44,arrieros,79,71,1,274,109,0,0,0,25,51,0,0,0,2,,0,0
1212-2,6,45,arrieros,79,71,1,272,113,0,0,0,25,51,0,0,0,2,,0,0
1212-2,6,46,arrieros,79,71,1,290,117,0,0,0,25,51,0,0,0,2,,0,0
1212-2,6,47,arrieros,79,71,1,308,84,0,0,0,12,38,0,0,0,2,,0,0
1212-2,6,48,arrieros,87,71,1,319,76,0,0,0,12,31,0,0,0,2,,0,0
1212-2,6,49,arrieros,87,71,1,392,69,0,0,0,12,31,0,0,0,2,1,22,0
1212-2,6,50,arrieros,87,71,1,340,69,0,0,0,12,31,0,0,0,2,,0,0
1212-2,6,51,arrieros,87,71,1,288,69,0,0,0,12,31,0,1,0,2,,0,0
1212-2,6,52,arrieros,87,71,1,236,71,0,0,0,12,31,0,0,0,2,,0,0
1212-2,6,53,arrieros,87,71,1,243,81,0,0,0,20,39,0,0,0,2,,0,0
1212-2,6,54,arrieros,87,71,1,261,82,0,0,0,20,46,0,0,0,2,,0,0
1212-2,6,55,arrieros,87,71,1,339,50,0,0,0,20,46,0,0,0,2,1,36,0
1212-2,6,56,arrieros,95,71,1,279,55,0,0,0,20,46,0,1,0,2,,0,0
1212-2,6,57,arrieros,95,71,1,279,62,0,0,0,20,46,0,0,0,2,,0,0
1212-2,6,58,arrieros,95,71,1,297,36,0,0,0,20,46,0,0,0,2,,0,0
1212-2,6,59,arrieros,95,71,1,315,57,0,0,0,40,66,0,0,0,2,,0,0
1212-2,6,60,arrieros,95,71,1,333,77,0,0,0,40,66,0,0,0,2,,0,0
1212-2,6,61,arrieros,103,71,1,412,96,0,0,0,40,66,0,0,0,2,1,18,0
1212-2,6,62,arrieros,103,71,1,327,119,0,0,0,40,66,0,1,0,2,,0,0
1212-2,6,63,arrieros,103,71,1,293,143,0,0,0,40,66,0,0,0,2,,0,0
1212-2,6,64,arrieros,103,71,1,296,166,0,0,0,40,66,0,0,0,2,,0,0
1212-2,6,65,arrieros,103,71,1,314,172,0,0,0,25,51,0,0,0,2,,0,0
1212-2,6,66,arrieros,103,71,1,332,173,0,0,0,25,51,0,0,0,2,,0,0
1212-2,6,67,arrieros,104,79,1,440,186,0,0,0,25,51,0,0,0,2,1,14,0
1212-2,6,68,arrieros,104,79,1,339,183,0,0,0,25,51,0,1,0,2,,0,0
1212-2,6,69,arrieros,104,79,1,327,182,0,0,0,25,51,0,0,0,2,,0,0
1212-2,6,70,arrieros,104,79,1,345,181,0,0,0,25,51,0,0,0,2,,0,0
1212-2,6,71,arrieros,104,79,1,363,168,0,0,0,12,38,0,0,0,2,,0,0
1212-2,6,72,arrieros,104,79,1,374,155,0,0,0,12,31,0,0,0,2,,0,0
1212-2,6,73,arrieros,104,75,1,377,137,0,0,0,12,31,0,0,0,2,1,11,0
1212-2,6,74,arrieros,104,75,1,269,126,0,0,0,12,31,0,0,0,2,,0,0
1212-2,6,75,arrieros,104,75,1,210,116,0,0,0,12,31,0,0,0,2,,0,0
1212-2,6,76,arrieros,104,75,1,221,106,0,0,0,12,31,0,0,0,2,,0,0
1212-2,6,77,arrieros,104,75,1,232,104,0,0,0,20,39,0,0,0,2,,0,0
1212-2,6,78,arrieros,104,75,1,250,102,0,0,0,20,46,0,0,0,2,,0,0
1212-2,6,79,arrieros,103,71,1,291,76,0,0,0,20,46,0,0,0,2,1,25,0
1212-2,6,80,arrieros,103,71,1,231,82,0,0,0,20,46,0,0,0,2,,0,0
1212-2,6,81,arrieros,111,71,1,241,88,0,0,0,20,46,0,0,0,2,,0,0
1212-2,6,82,arrieros,111,71,1,259,90,0,0,0,20,46,0,0,0,2,,0,0
1212-2,6,83,arrieros,111,71,1,277,109,0,0,0,40,66,0,0,0,2,,0,0
1212-2,6,84,arrieros,111,71,1,295,127,0,0,0,40,66,0,0,0,2,,0,0
1212-2,6,85,arrieros,111,71,1,386,135,0,0,0,40,66,0,0,0,2,1,12,0
1212-2,6,86,arrieros,111,71,1,288,154,0,0,0,40,66,0,0,0,2,,0,0
1212-2,6,87,arrieros,111,71,1,306,172,0,0,0,40,66,0,0,0,2,,0,0
1212-2,6,88,arrieros,111,71,1,324,189,0,0,0,40,66,0,0,0,2,,0,0
1212-2,6,89,arrieros,111,71,1,342,191,0,0,0,25,51,0,0,0,2,,0,0
1212-2,6,90,arrieros,119,71,1,360,193,0,0,0,25,51,0,0,0,2,,0,0
1212-2,6,91,arrieros,119,71,1,458,176,0,0,0,25,51,0,0,0,2,1,22,0
1212-2,6,92,arrieros,119,71,1,357,179,0,0,0,25,51,0,0,0,2,,0,0
1212-2,6,93,arrieros,127,71,1,345,182,0,0,0,25,51,0,0,0,2,,0,0
1212-2,6,94,arrieros,127,71,1,363,184,0,0,0,25,51,0,0,0,2,,0,0
1212-2,6,95,arrieros,127,71,1,381,174,0,0,0,12,38,0,0,0,2,,0,0
1212-2,6,96,arrieros,127,71,1,392,164,0,0,0,12,31,0,0,0,2,,0,0
1212-2,6,97,arrieros,128,75,1,451,156,0,0,0,12,31,0,0,0,2,1,13,0
1212-2,6,98,arrieros,128,75,1,343,146,0,0,0,12,31,0,0,0,2,,0,0
1212-2,6,99,arrieros,128,75,1,294,119,0,0,0,12,31,0,0,0,2,,0,0
1212-2,6,100,arrieros,128,75,1,305,111,0,0,0,12,31,0,0,0,2,,0,0
1212-2,6,101,arrieros,136,75,1,316,111,0,0,0,20,39,0,0,0,2,,0,0
1212-2,6,102,arrieros,136,75,1,334,111,0,0,0,20,46,0,0,0,2,,0,0
1212-2,6,103,arrieros,135,71,1,407,105,0,0,0,20,46,0,0,0,2,1,19,0
1212-2,6,104,arrieros,135,71,1,322,117,0,0,0,25,51,0,0,0,2,,0,0
1212-2,6,105,arrieros,135,71,1,308,128,0,0,0,25,51,0,0,0,2,,0,0
1212-2,6,106,arrieros,135,71,1,322,139,0,0,0,25,51,0,0,0,2,,0,0
1212-2,6,107,arrieros,135,71,1,340,168,0,0,0,50,76,0,0,0,2,,0,0
1212-2,6,108,arrieros,135,71,1,358,195,0,0,0,50,76,0,0,0,2,,0,0
1212-2,6,109,arrieros,136,75,1,497,223,0,0,0,50,76,0,0,0,2,1,15,0
1212-2,6,110,arrieros,136,75,1,399,239,0,0,0,40,66,0,0,0,2,,0,0
1212-2,6,111,arrieros,136,75,1,387,254,0,0,0,40,66,0,0,0,2,,0,0
1212-2,6,112,arrieros,136,75,1,405,269,0,0,0,40,66,0,0,0,2,,0,0
1212-2,6,113,arrieros,136,75,1,423,269,0,0,0,25,51,0,0,0,2,,0,0
1212-2,6,114,arrieros,136,75,1,441,269,0,0,0,25,51,0,0,0,2,,0,0
1212-2,6,115,arrieros,135,71,1,523,244,0,0,0,25,51,0,0,0,2,1,22,0
1212-2,6,116,arrieros,135,71,1,422,246,0,0,0,25,51,0,0,0,2,,0,0
1212-2,6,117,arrieros,143,71,1,360,248,0,0,0,25,51,0,0,0,2,,0,0
1212-2,6,118,arrieros,143,71,1,378,249,0,0,0,25,51,0,0,0,2,,0,0
1212-2,6,119,arrieros,143,71,1,396,238,0,0,0,12,38,0,0,0,2,,0,0
1212-2,6,120,arrieros,143,71,1,407,227,0,0,0,12,31,0,0,0,2,,0,0
1212-2,6,121,arrieros,143,71,1,470,198,0,0,0,12,31,0,0,0,2,1,22,0
1212-2,6,122,arrieros,143,71,1,362,189,0,0,0,12,31,0,0,0,2,,0,0
1212-2,6,123,arrieros,151,71,1,333,163,0,0,0,12,31,0,0,0,2,,0,0
1212-2,6,124,arrieros,151,71,1,344,155,0,0,0,12,31,0,0,0,2,,0,0
1212-2,6,125,arrieros,151,71,1,355,155,0,0,0,20,39,0,0,0,2,,0,0
1212-2,6,126,arrieros,151,71,1,373,155,0,0,0,20,46,0,0,0,2,,0,0
1212-2,6,127,arrieros,151,71,1,460,155,0,0,0,20,46,0,0,0,2,1,19,0
1212-2,6,128,arrieros,151,71,1,385,161,0,0,0,20,46,0,0,0,2,,0,0
1212-2,6,129,arrieros,151,71,1,361,167,0,0,0,20,46,0,0,0,2,,0,0
1212-2,6,130,arrieros,151,71,1,357,173,0,0,0,20,46,0,0,0,2,,0,0
1212-2,6,131,arrieros,151,71,1,375,187,0,0,0,40,66,0,0,0,2,,0,0
1212-2,6,132,arrieros,151,71,1,393,205,0,0,0,40,66,0,0,0,2,,0,0
1212-2,6,133,arrieros,152,75,1,501,223,0,0,0,40,66,0,0,0,2,1,16,0
1212-2,6,134,arrieros,152,75,1,468,237,0,0,0,40,66,0,0,0,2,,0,0
1212-2,6,135,arrieros,152,75,1,435,250,0,0,0,40,66,0,0,0,2,,0,0
1212-2,6,136,arrieros,152,75,1,402,263,0,0,0,40,66,0,0,0,2,,0,0
1212-2,6,137,arrieros,152,75,1,369,261,0,0,0,25,51,0,0,0,2,,0,0
1212-2,6,138,arrieros,160,75,1,387,259,0,0,0,25,51,0,0,0,2,,0,0
1212-2,6,139,arrieros,159,71,1,613,251,0,0,0,25,51,0,0,0,2,1,12,0
1212-2,6,140,arrieros,159,71,1,508,250,0,0,0,25,51,0,0,0,2,,0,0
1212-2,6,141,arrieros,159,71,1,502,249,0,0,0,25,51,0,0,0,2,,0,0
1212-2,6,142,arrieros,159,71,1,520,248,0,0,0,25,51,0,0,0,2,,0,0
1212-2,6,143,arrieros,159,71,1,538,235,0,0,0,12,38,0,0,0,2,,0,0
1212-2,6,144,arrieros,159,71,1,549,223,0,0,0,12,31,0,0,0,2,,0,0
1212-2,6,145,arrieros,159,71,1,604,192,0,0,0,12,31,0,0,0,2,1,25,0
1212-2,6,146,arrieros,159,71,1,493,181,0,0,0,12,31,0,0,0,2,,0,0
1212-2,6,147,arrieros,167,71,1,383,171,0,0,0,12,31,0,0,0,2,,0,0
1212-2,6,148,arrieros,167,71,1,322,161,0,0,0,12,31,0,0,0,2,,0,0
1212-2,6,149,arrieros,167,71,1,328,159,0,0,0,20,39,0,0,0,2,,0,0
1212-2,6,150,arrieros,167,71,1,346,157,0,0,0,20,46,0,0,0,2,,0,0
1212-2,6,151,arrieros,167,71,1,466,155,0,0,0,20,46,0,0,0,2,1,17,0
1212-2,6,152,arrieros,167,71,1,377,159,0,0,0,20,46,0,0,0,2,,0,0
1212-2,6,153,arrieros,167,71,1,377,163,0,0,0,20,46,0,0,0,2,,0,0
1212-2,6,154,arrieros,167,71,1,395,166,0,0,0,20,46,0,0,0,2,,0,0
1212-2,6,155,arrieros,167,71,1,413,183,0,0,0,40,66,0,0,0,2,,0,0
1212-2,6,156,arrieros,167,71,1,431,200,0,0,0,40,66,0,0,0,2,,0,0
1212-2,6,157,arrieros,167,71,1,551,212,0,0,0,40,66,0,0,0,2,1,14,0
1212-2,6,158,arrieros,167,71,1,453,227,0,0,0,40,66,0,0,0,2,,0,0
1212-2,6,159,arrieros,167,71,1,397,242,0,0,0,40,66,0,0,0,2,,0,0
1212-2,6,160,arrieros,167,71,1,410,256,0,0,0,40,66,0,0,0,2,,0,0
1212-2,6,161,arrieros,167,71,1,428,255,0,0,0,25,51,0,0,0,2,,0,0
1212-2,6,162,arrieros,167,71,1,446,254,0,0,0,25,51,0,0,0,2,,0,0
1212-2,6,163,arrieros,176,75,1,561,254,0,0,0,25,51,0,0,0,2,1,13,0
1212-2,6,164,arrieros,176,75,1,460,252,0,0,0,25,51,0,0,0,2,,0,0
1212-2,6,165,arrieros,176,75,1,394,250,0,0,0,25,51,0,0,0,2,,0,0
1212-2,6,166,arrieros,176,75,1,407,248,0,0,0,25,51,0,0,0,2,,0,0
1212-2,6,167,arrieros,176,75,1,425,234,0,0,0,12,38,0,0,0,2,,0,0
1212-2,6,168,arrieros,176,75,1,436,221,0,0,0,12,31,0,0,0,2,,0,0
1212-2,6,169,arrieros,175,71,1,490,203,0,0,0,12,31,0,0,0,2,1,12,0
1212-2,6,170,arrieros,175,71,1,380,192,0,0,0,12,31,0,0,0,2,,0,0
1212-2,6,171,arrieros,175,71,1,319,181,0,0,0,12,31,0,0,0,2,,0,0
1212-2,6,172,arrieros,175,71,1,328,171,0,0,0,12,31,0,0,0,2,,0,0
1212-2,6,173,arrieros,175,71,1,334,169,0,0,0,20,39,0,0,0,2,,0,0
1212-2,6,174,arrieros,175,71,1,352,167,0,0,0,20,46,0,0,0,2,,0,0
1212-2,6,175,arrieros,175,71,1,438,145,0,0,0,20,46,0,0,0,2,1,27,0
1212-2,6,176,arrieros,175,71,1,353,150,0,0,0,20,46,0,0,0,2,,0,0
1212-2,6,177,arrieros,183,71,1,349,155,0,0,0,20,46,0,0,0,2,,0,0
1212-2,6,178,arrieros,183,71,1,363,159,0,0,0,20,46,0,0,0,2,,0,0
1212-2,6,179,arrieros,183,71,1,381,177,0,0,0,40,66,0,0,0,2,,0,0
1212-2,6,180,arrieros,183,71,1,399,194,0,0,0,40,66,0,0,0,2,,0,0
1212-2,6,181,arrieros,184,75,1,549,210,0,0,0,40,66,0,0,0,2,1,20,0
1212-2,6,182,arrieros,184,75,1,464,230,0,0,0,40,66,0,0,0,2,,0,0
1212-2,6,183,arrieros,184,75,1,430,250,0,0,0,40,66,0,0,0,2,,0,0
1212-2,6,184,arrieros,184,75,1,426,269,0,0,0,40,66,0,0,0,2,,0,0
1212-2,6,185,arrieros,184,75,1,444,272,0,0,0,25,51,0,0,0,2,,0,0
1212-2,6,186,arrieros,184,75,1,462,256,0,0,0,25,51,0,0,0,2,,0,0
1212-2,6,187,arrieros,183,71,1,593,249,0,0,0,25,51,0,0,0,2,1,12,0
1212-2,6,188,arrieros,183,71,1,487,248,0,0,0,25,51,0,0,0,2,,0,0
1212-2,6,189,arrieros,191,71,1,406,248,0,0,0,25,51,0,0,0,2,,0,0
1212-2,6,190,arrieros,191,71,1,420,248,0,0,0,25,51,0,0,0,2,,0,0
1212-2,6,191,arrieros,191,71,1,436,235,0,0,0,12,38,0,0,0,2,,0,0
1212-2,6,192,arrieros,191,71,1,447,223,0,0,0,12,31,0,0,0,2,,0,0
1212-2,6,193,arrieros,191,71,1,510,191,0,0,0,12,31,0,0,0,2,1,22,0
1212-2,6,194,arrieros,191,71,1,399,180,0,0,0,12,31,0,0,0,2,,0,0
1212-2,6,195,arrieros,199,71,1,328,170,0,0,0,12,31,0,0,0,2,,0,0
1212-2,6,196,arrieros,199,71,1,337,160,0,0,0,12,31,0,0,0,2,,0,0
1212-2,6,197,arrieros,199,71,1,348,158,0,0,0,20,39,0,0,0,2,,0,0
1212-2,6,198,arrieros,199,71,1,366,156,0,0,0,20,46,0,0,0,2,,0,0
1212-2,6,199,arrieros,199,71,1,461,154,0,0,0,20,46,0,0,0,2,1,18,0
1212-2,6,200,arrieros,359,74,1,371,158,0,0,0,20,46,0,1,1,3,,0,0
1212-2,6,1,canteros,39,116,1,88,53,0,0,0,15,45,0,0,0,0,1,4,0
1212-2,6,2,canteros,39,116,1,95,36,0,0,0,15,31,0,0,0,0,,0,0
1212-2,6,3,canteros,39,116,1,102,20,0,0,0,15,31,0,1,0,0,,0,0
1212-2,6,4,canteros,39,116,1,117,6,0,0,0,15,39,0,0,0,0,,0,0
1212-2,6,5,canteros,38,116,1,132,0,0,0,0,17,41,1,0,0,0,,0,0
1212-2,6,6,canteros,37,116,1,158,0,0,0,0,17,52,1,0,0,0,,0,0
1212-2,6,7,canteros,35,113,1,97,0,0,0,0,17,52,1,0,0,0,1,8,0
1212-2,6,8,canteros,34,110,1,113,4,0,0,0,17,52,1,0,0,0,,0,0
1212-2,6,9,canteros,32,107,1,139,2,0,0,0,17,52,1,0,0,0,,0,0
1212-2,6,10,canteros,30,104,1,163,0,0,0,0,17,50,1,0,0,0,,0,0
1212-2,6,11,canteros,30,104,1,187,17,0,0,0,43,75,0,0,0,0,,0,0
1212-2,6,12,canteros,30,104,1,211,33,0,0,0,43,75,0,0,0,0,,0,0
1212-2,6,13,canteros,30,104,1,215,48,0,0,0,43,75,0,0,0,0,1,9,0
1212-2,6,14,canteros,30,104,1,177,67,0,0,0,43,75,0,0,0,0,,0,0
1212-2,6,15,canteros,30,104,1,201,90,0,0,0,48,81,0,0,0,0,,0,0
1212-2,6,16,canteros,45,104,1,225,108,0,0,0,48,81,0,0,0,1,,0,0
1212-2,6,17,canteros,45,104,1,249,108,0,0,0,30,63,0,0,0,1,,0,0
1212-2,6,18,canteros,45,104,1,273,108,0,0,0,30,62,0,0,0,1,,0,0
1212-2,6,19,canteros,45,100,1,329,98,0,0,0,30,62,0,0,0,1,1,16,0
1212-2,6,20,canteros,45,100,1,306,106,0,0,0,30,62,0,0,0,1,,0,0
1212-2,6,21,canteros,45,100,1,283,114,0,0,0,30,62,0,0,0,1,,0,0
1212-2,6,22,canteros,45,100,1,260,122,0,0,0,30,62,0,0,0,1,,0,0
1212-2,6,23,canteros,45,100,1,259,115,0,0,0,15,47,0,0,0,1,,0,0
1212-2,6,24,canteros,45,100,1,273,107,0,0,0,15,37,0,0,0,1,,0,0
1212-2,6,25,canteros,44,96,1,285,70,0,0,0,15,37,0,0,0,1,1,21,0
1212-2,6,26,canteros,44,96,1,251,66,0,0,0,15,36,0,0,0,1,,0,0
1212-2,6,27,canteros,62,96,1,217,62,0,0,0,15,36,0,0,0,2,,0,0
1212-2,6,28,canteros,62,96,1,183,58,0,0,0,15,36,0,0,0,2,,0,0
1212-2,6,29,canteros,62,96,1,171,63,0,0,0,24,45,0,0,0,2,,0,0
1212-2,6,30,canteros,62,96,1,193,67,0,0,0,24,54,0,0,0,2,,0,0
1212-2,6,31,canteros,62,96,1,79,52,0,0,0,24,54,0,0,0,2,1,14,0
1212-2,6,32,canteros,62,96,1,72,55,0,0,0,24,54,0,0,0,2,,0,0
1212-2,6,33,canteros,70,96,1,73,58,0,0,0,24,54,0,0,0,2,,0,0
1212-2,6,34,canteros,70,96,1,95,59,0,0,0,24,54,0,0,0,2,,0,0
1212-2,6,35,canteros,70,96,1,117,78,0,0,0,48,77,0,0,0,2,,0,0
1212-2,6,36,canteros,70,96,1,139,96,0,0,0,48,77,0,0,0,2,,0,0
1212-2,6,37,canteros,70,96,1,177,114,0,0,0,48,77,0,0,0,2,1,7,0
1212-2,6,38,canteros,70,96,1,182,135,0,0,0,48,77,0,0,0,2,,0,0
1212-2,6,39,canteros,70,96,1,204,155,0,0,0,48,77,0,0,0,2,,0,0
1212-2,6,40,canteros,70,96,1,226,170,0,0,0,48,77,0,0,0,2,,0,0
1212-2,6,41,canteros,70,96,1,248,168,0,0,0,30,59,0,0,0,2,,0,0
1212-2,6,42,canteros,70,96,1,270,166,0,0,0,30,59,0,0,0,2,,0,0
1212-2,6,43,canteros,70,96,1,273,155,0,0,0,30,59,0,0,0,2,1,24,0
1212-2,6,44,canteros,78,96,1,229,153,0,0,0,30,59,0,0,0,2,,0,0
1212-2,6,45,canteros,78,96,1,185,151,0,0,0,30,59,0,0,0,2,,0,0
1212-2,6,46,canteros,78,96,1,171,149,0,0,0,30,59,0,0,0,2,,0,0
1212-2,6,47,canteros,78,96,1,187,124,0,0,0,15,44,0,0,0,2,,0,0
1212-2,6,48,canteros,86,96,1,195,109,0,0,0,15,35,0,0,0,2,,0,0
1212-2,6,49,canteros,86,96,1,213,92,0,0,0,12,32,0,0,0,2,1,10,0
1212-2,6,50,canteros,86,96,1,173,82,0,0,0,12,32,0,0,0,2,,0,0
1212-2,6,51,canteros,86,96,1,139,73,0,0,0,12,32,0,0,0,2,,0,0
1212-2,6,52,canteros,86,96,1,146,55,0,0,0,12,31,0,0,0,2,,0,0
1212-2,6,53,canteros,86,96,1,153,51,0,0,0,24,43,0,0,0,2,,0,0
1212-2,6,54,canteros,86,96,1,170,48,0,0,0,24,52,0,0,0,2,,0,0
1212-2,6,55,canteros,86,96,1,146,45,0,0,0,24,52,0,0,0,2,1,9,0
1212-2,6,56,canteros,94,96,1,144,46,0,0,0,24,52,0,0,0,2,,0,0
1212-2,6,57,canteros,94,96,1,161,47,0,0,0,24,52,0,0,0,2,,0,0
1212-2,6,58,canteros,94,96,1,183,45,0,0,0,24,52,0,0,0,2,,0,0
1212-2,6,59,canteros,94,96,1,205,65,0,0,0,48,76,0,0,0,2,,0,0
1212-2,6,60,canteros,94,96,1,227,84,0,0,0,48,76,0,0,0,2,,0,0
1212-2,6,61,canteros,94,96,1,234,102,0,0,0,48,76,0,0,0,2,1,11,0
1212-2,6,62,canteros,94,96,1,189,124,0,0,0,48,76,0,0,0,2,,0,0
1212-2,6,63,canteros,94,96,1,188,145,0,0,0,48,76,0,0,0,2,,0,0
1212-2,6,64,canteros,94,96,1,210,165,0,0,0,48,76,0,0,0,2,,0,0
1212-2,6,65,canteros,94,96,1,232,163,0,0,0,30,58,0,0,0,2,,0,0
1212-2,6,66,canteros,94,96,1,254,161,0,0,0,30,58,0,0,0,2,,0,0
1212-2,6,67,canteros,95,100,1,328,160,0,0,0,30,58,0,0,0,2,1,10,0
1212-2,6,68,canteros,95,100,1,286,157,0,0,0,30,60,0,0,0,2,,0,0
1212-2,6,69,canteros,95,100,1,244,154,0,0,0,30,60,0,0,0,2,,0,0
1212-2,6,70,canteros,95,100,1,251,151,0,0,0,30,60,0,0,0,2,,0,0
1212-2,6,71,canteros,95,100,1,269,131,0,0,0,12,42,0,0,0,2,,0,0
1212-2,6,72,canteros,305,100,1,281,112,0,0,0,12,32,0,1,1,3,,0,0
1212-2,6,73,canteros,304,96,1,282,89,0,0,0,15,35,0,0,0,3,1,17,0
1212-2,6,74,canteros,304,96,1,248,82,0,0,0,13,32,0,0,0,3,,0,0
1212-2,6,75,canteros,304,96,1,214,76,0,0,0,13,32,0,0,0,3,,0,0
1212-2,6,76,canteros,304,96,1,180,70,0,0,0,13,32,0,0,0,3,,0,0
1212-2,6,77,canteros,304,96,1,164,72,0,0,0,21,40,0,0,0,3,,0,0
1212-2,6,78,canteros,304,96,1,186,74,0,0,0,21,49,0,0,0,3,,0,0
1212-2,6,79,canteros,304,96,1,187,56,0,0,0,21,49,0,0,0,3,1,20,0
1212-2,6,80,canteros,304,96,1,174,55,0,0,0,21,49,0,0,0,3,,0,0
1212-2,6,81,canteros,312,96,1,191,54,0,0,0,21,49,0,0,0,3,,0,0
1212-2,6,82,canteros,312,96,1,213,50,0,0,0,21,49,0,0,0,3,,0,0
1212-2,6,83,canteros,312,96,1,235,67,0,0,0,43,71,0,0,0,3,,0,0
1212-2,6,84,canteros,312,96,1,257,83,0,0,0,43,71,0,0,0,3,,0,0
1212-2,6,85,canteros,312,96,1,274,98,0,0,0,43,71,0,0,0,3,1,11,0
1212-2,6,86,canteros,312,96,1,216,120,0,0,0,43,71,0,0,0,3,,0,0
1212-2,6,87,canteros,312,96,1,209,141,0,0,0,43,71,0,0,0,3,,0,0
1212-2,6,88,canteros,312,96,1,226,159,0,0,0,43,71,0,0,0,3,,0,0
1212-2,6,89,canteros,312,96,1,248,157,0,0,0,27,55,0,0,0,3,,0,0
1212-2,6,90,canteros,312,96,1,270,154,0,0,0,27,55,0,0,0,3,,0,0
1212-2,6,91,canteros,312,96,1,421,151,0,0,0,27,55,0,0,0,3,1,1,0
1212-2,6,92,canteros,312,96,1,443,148,0,0,0,27,55,0,0,0,3,,0,0
1212-2,6,93,canteros,320,96,1,465,145,0,0,0,27,55,0,0,0,3,,0,0
1212-2,6,94,canteros,320,96,1,487,143,0,0,0,27,55,0,0,0,3,,0,0
1212-2,6,95,canteros,320,96,1,509,127,0,0,0,13,41,0,0,0,3,,0,0
1212-2,6,96,canteros,320,96,1,522,112,0,0,0,13,32,0,0,0,3,,0,0
1212-2,6,97,canteros,320,96,1,494,97,0,0,0,13,32,0,0,0,3,1,12,0
1212-2,6,98,canteros,320,96,1,466,93,0,0,0,13,32,0,0,0,3,,0,0
1212-2,6,99,canteros,320,96,1,438,89,0,0,0,13,32,0,0,0,3,,0,0
1212-2,6,100,canteros,320,96,1,410,85,0,0,0,13,32,0,0,0,3,,0,0
1212-2,6,101,canteros,320,96,1,382,89,0,0,0,21,40,0,0,0,3,,0,0
1212-2,6,102,canteros,320,96,1,363,93,0,0,0,21,49,0,0,0,3,,0,0
1212-2,6,103,canteros,321,100,1,391,98,0,0,0,21,49,0,0,0,3,1,16,0
1212-2,6,104,canteros,321,100,1,335,98,0,0,0,21,51,0,0,0,3,,0,0
1212-2,6,105,canteros,321,100,1,279,98,0,0,0,21,51,0,0,0,3,,0,0
1212-2,6,106,canteros,321,100,1,248,98,0,0,0,21,51,0,0,0,3,,0,0
1212-2,6,107,canteros,321,100,1,267,119,0,0,0,43,73,0,0,0,3,,0,0
1212-2,6,108,canteros,321,100,1,291,133,0,0,0,43,73,0,0,0,3,,0,0
1212-2,6,109,canteros,320,96,1,431,136,0,0,0,43,73,0,0,0,3,1,13,0
1212-2,6,110,canteros,320,96,1,373,156,0,0,0,43,71,0,0,0,3,,0,0
1212-2,6,111,canteros,320,96,1,340,175,0,0,0,43,71,0,0,0,3,,0,0
1212-2,6,112,canteros,320,96,1,349,194,0,0,0,43,71,0,0,0,3,,0,0
1212-2,6,113,canteros,320,96,1,371,193,0,0,0,27,55,0,0,0,3,,0,0
1212-2,6,114,canteros,320,96,1,393,189,0,0,0,27,55,0,0,0,3,,0,0
1212-2,6,115,canteros,320,96,1,573,172,0,0,0,27,55,0,0,0,3,1,11,0
1212-2,6,116,canteros,320,96,1,595,168,0,0,0,27,55,0,0,0,3,,0,0
1212-2,6,117,canteros,328,96,1,617,165,0,0,0,27,55,0,0,0,3,,0,0
1212-2,6,118,canteros,328,96,1,639,162,0,0,0,27,55,0,0,0,3,,0,0
1212-2,6,119,canteros,328,96,1,661,145,0,0,0,13,41,0,0,0,3,,0,0
1212-2,6,120,canteros,328,96,1,674,129,0,0,0,13,32,0,0,0,3,,0,0
1212-2,6,121,canteros,328,96,1,646,114,0,0,0,13,32,0,0,0,3,1,12,0
1212-2,6,122,canteros,328,96,1,618,109,0,0,0,13,32,0,0,0,3,,0,0
1212-2,6,123,canteros,328,96,1,590,105,0,0,0,13,32,0,0,0,3,,0,0
1212-2,6,124,canteros,328,96,1,562,92,0,0,0,13,32,0,0,0,3,,0,0
1212-2,6,125,canteros,328,96,1,534,96,0,0,0,21,40,0,0,0,3,,0,0
1212-2,6,126,canteros,328,96,1,515,100,0,0,0,21,49,0,0,0,3,,0,0
1212-2,6,127,canteros,336,96,1,534,104,0,0,0,21,49,0,0,0,3,1,18,0
1212-2,6,128,canteros,336,96,1,476,104,0,0,0,21,49,0,0,0,3,,0,0
1212-2,6,129,canteros,336,96,1,418,104,0,0,0,21,49,0,0,0,3,,0,0
1212-2,6,130,canteros,336,96,1,360,99,0,0,0,15,43,0,0,0,3,,0,0
1212-2,6,131,canteros,336,96,1,302,108,0,0,0,30,58,0,0,0,3,,0,0
1212-2,6,132,canteros,336,96,1,269,117,0,0,0,30,58,0,0,0,3,,0,0
1212-2,6,133,canteros,336,96,1,546,126,0,0,0,30,58,0,0,0,3,1,11,0
1212-2,6,134,canteros,336,96,1,488,134,0,0,0,30,58,0,0,0,3,,0,0
1212-2,6,135,canteros,336,96,1,481,142,0,0,0,30,58,0,0,0,3,,0,0
1212-2,6,136,canteros,336,96,1,486,162,0,0,0,43,71,0,0,0,3,,0,0
1212-2,6,137,canteros,336,96,1,508,163,0,0,0,27,55,0,0,0,3,,0,0
1212-2,6,138,canteros,336,96,1,530,160,0,0,0,27,55,0,0,0,3,,0,0
1212-2,6,139,canteros,337,100,1,693,157,0,0,0,27,55,0,0,0,3,1,3,0
1212-2,6,140,canteros,337,100,1,717,153,0,0,0,27,57,0,0,0,3,,0,0
1212-2,6,141,canteros,337,100,1,741,149,0,0,0,27,57,0,0,0,3,,0,0
1212-2,6,142,canteros,337,100,1,765,145,0,0,0,27,57,0,0,0,3,,0,0
1212-2,6,143,canteros,337,100,1,789,128,0,0,0,13,43,0,0,0,3,,0,0
1212-2,6,144,canteros,337,100,1,803,112,0,0,0,13,33,0,0,0,3,,0,0
1212-2,6,145,canteros,336,96,1,799,87,0,0,0,13,33,0,0,0,3,1,17,0
1212-2,6,146,canteros,336,96,1,783,80,0,0,0,13,32,0,0,0,3,,0,0
1212-2,6,147,canteros,336,96,1,767,74,0,0,0,13,32,0,0,0,3,,0,0
1212-2,6,148,canteros,336,96,1,751,68,0,0,0,13,32,0,0,0,3,,0,0
1212-2,6,149,canteros,336,96,1,723,70,0,0,0,21,40,0,0,0,3,,0,0
1212-2,6,150,canteros,336,96,1,704,75,0,0,0,21,49,0,0,0,3,,0,0
1212-2,6,151,canteros,336,96,1,777,67,0,0,0,21,49,0,0,0,3,1,32,0
1212-2,6,152,canteros,336,96,1,731,66,0,0,0,21,49,0,0,0,3,,0,0
1212-2,6,153,canteros,344,96,1,685,65,0,0,0,21,49,0,0,0,3,,0,0
1212-2,6,154,canteros,344,96,1,627,64,0,0,0,21,49,0,0,0,3,,0,0
1212-2,6,155,canteros,344,96,1,569,87,0,0,0,43,71,0,0,0,3,,0,0
1212-2,6,156,canteros,344,96,1,511,109,0,0,0,43,71,0,0,0,3,,0,0
1212-2,6,157,canteros,344,96,1,874,130,0,0,0,43,71,0,0,0,3,1,21,0
1212-2,6,158,canteros,344,96,1,828,148,0,0,0,43,71,0,0,0,3,,0,0
1212-2,6,159,canteros,344,96,1,782,165,0,0,0,43,71,0,0,0,3,,0,0
1212-2,6,160,canteros,344,96,1,724,179,0,0,0,43,71,0,0,0,3,,0,0
1212-2,6,161,canteros,344,96,1,666,182,0,0,0,27,55,0,0,0,3,,0,0
1212-2,6,162,canteros,344,96,1,608,185,0,0,0,27,55,0,0,0,3,,0,0
1212-2,6,163,canteros,344,96,1,1040,188,0,0,0,27,55,0,0,0,3,1,2,0
1212-2,6,164,canteros,344,96,1,1062,184,0,0,0,27,55,0,0,0,3,,0,0
1212-2,6,165,canteros,352,96,1,1084,180,0,0,0,27,55,0,0,0,3,,0,0
1212-2,6,166,canteros,352,96,1,1106,176,0,0,0,27,55,0,0,0,3,,0,0
1212-2,6,167,canteros,352,96,1,1128,159,0,0,0,13,41,0,0,0,3,,0,0
1212-2,6,168,canteros,352,96,1,1141,143,0,0,0,13,32,0,0,0,3,,0,0
1212-2,6,169,canteros,352,96,1,1168,89,0,0,0,13,32,0,0,0,3,1,15,0
1212-2,6,170,canteros,352,96,1,1176,76,0,0,0,13,32,0,0,0,3,,0,0
1212-2,6,171,canteros,390,146,2,1184,64,0,0,0,13,32,0,0,0,4,,0,0
1212-2,6,172,canteros,390,146,2,1193,41,0,0,0,13,42,0,0,0,4,,0,0
1212-2,6,173,canteros,390,146,2,1202,26,0,0,0,21,50,0,0,0,4,,0,0
1212-2,6,174,canteros,390,146,2,1220,12,0,0,0,21,59,0,0,0,4,,0,0
1212-2,6,175,canteros,390,150,2,1266,2,0,0,0,21,59,1,0,0,4,1,26,0
1212-2,6,176,canteros,389,150,2,1222,4,0,0,0,21,61,1,0,0,4,,0,0
1212-2,6,177,canteros,387,146,2,1178,4,0,0,0,21,61,1,0,0,4,,0,0
1212-2,6,178,canteros,385,143,2,1118,4,0,0,0,21,57,1,0,0,4,,0,0
1212-2,6,179,canteros,385,143,2,1048,19,0,0,0,43,79,0,0,0,4,,0,0
1212-2,6,180,canteros,386,145,2,988,31,0,0,0,43,79,0,1,0,4,,0,0
1212-2,6,181,canteros,386,147,2,1350,56,0,0,0,56,94,0,0,0,4,1,29,0
1212-2,6,182,canteros,386,149,2,1294,74,0,0,0,56,87,0,0,0,4,,0,0
1212-2,6,183,canteros,387,151,2,1238,91,0,0,0,56,87,0,0,0,4,,0,0
1212-2,6,184,canteros,387,153,2,1159,107,0,0,0,56,87,0,0,0,4,,0,0
1212-2,6,185,canteros,387,153,2,1090,102,0,0,0,35,66,0,1,0,4,,0,0
1212-2,6,186,canteros,388,155,2,1021,111,0,0,0,47,78,0,0,0,4,,0,0
1212-2,6,187,canteros,387,151,2,1377,72,0,0,0,47,79,0,0,0,4,1,24,0
1212-2,6,188,canteros,387,151,2,1361,83,0,0,0,47,79,0,0,0,4,,0,0
1212-2,6,189,canteros,431,182,3,1345,94,0,0,0,47,79,0,0,0,5,,0,0
1212-2,6,190,canteros,431,183,3,1311,97,0,0,0,47,85,0,0,0,5,,0,0
1212-2,6,191,canteros,431,183,3,1275,76,0,0,0,24,62,0,1,0,5,,0,0
1212-2,6,192,canteros,431,183,3,1230,65,0,0,0,29,58,0,0,0,5,,0,0
1212-2,6,193,canteros,431,183,3,1271,55,0,0,0,29,58,0,0,0,5,1,28,0
1212-2,6,194,canteros,431,183,3,1231,42,0,0,0,29,62,0,0,0,5,,0,0
1212-2,6,195,canteros,431,183,3,1201,28,0,0,0,29,62,0,1,0,5,,0,0
1212-2,6,196,canteros,431,183,3,1171,16,0,0,0,29,68,0,0,0,5,,0,0
1212-2,6,197,canteros,431,183,3,1119,23,0,0,0,48,87,0,0,0,5,,0,0
1212-2,6,198,canteros,431,184,3,1086,31,0,0,0,48,96,0,1,0,5,,0,0
1212-2,6,199,canteros,432,185,3,1147,48,0,0,0,57,105,0,0,0,5,1,18,0
1212-2,6,200,canteros,432,186,3,1081,62,0,0,0,57,105,0,1,0,5,,0,0
1212-2,6,1,ferrones,33,86,1,390,62,0,14,0,15,33,0,0,0,0,1,6,0
1212-2,6,2,ferrones,33,86,1,394,53,0,8,0,15,23,0,0,0,0,,0,0
1212-2,6,3,ferrones,33,86,1,398,45,0,3,0,15,23,0,0,0,0,,0,0
1212-2,6,4,ferrones,33,86,1,402,31,0,0,0,9,17,0,0,0,0,,0,0
1212-2,6,5,ferrones,33,86,1,406,12,0,0,0,4,12,0,1,0,0,,0,0
1212-2,6,6,ferrones,32,86,1,426,0,0,0,0,4,28,1,0,0,0,,0,0
1212-2,6,7,ferrones,31,86,1,352,0,0,0,0,4,28,1,0,0,0,1,26,0
1212-2,6,8,ferrones,29,84,1,278,3,0,0,0,4,28,1,0,0,0,,0,0
1212-2,6,9,ferrones,28,82,1,204,3,0,0,0,4,28,1,0,0,0,,0,0
1212-2,6,10,ferrones,27,80,1,155,3,0,2,0,4,28,1,0,0,0,,0,0
1212-2,6,11,ferrones,25,78,1,160,3,0,0,0,15,39,1,0,0,0,,0,0
1212-2,6,12,ferrones,24,76,1,178,1,0,0,0,8,30,1,0,0,0,,0,0
1212-2,6,13,ferrones,22,74,1,274,0,0,0,0,8,30,1,0,0,0,1,8,0
1212-2,6,14,ferrones,21,72,1,277,4,0,0,0,7,29,1,0,0,0,,0,0
1212-2,6,15,ferrones,20,70,1,295,1,0,0,0,7,29,1,0,0,0,,0,0
1212-2,6,16,ferrones,18,68,1,313,0,0,0,0,7,29,1,0,0,0,,0,0
1212-2,6,17,ferrones,17,66,1,329,0,0,0,0,3,23,1,0,0,0,,0,0
1212-2,6,18,ferrones,16,65,1,345,0,0,0,0,3,23,1,0,0,0,,0,0
1212-2,6,19,ferrones,14,64,1,366,0,0,0,0,3,23,1,0,0,0,1,16,0
1212-2,6,20,ferrones,13,63,1,310,7,0,0,0,3,15,1,0,0,0,,0,0
1212-2,6,21,ferrones,12,62,1,254,7,0,0,0,3,15,1,0,0,0,,0,0
1212-2,6,22,ferrones,11,61,1,198,7,0,0,0,3,15,1,0,0,0,,0,0
1212-2,6,23,ferrones,10,60,1,182,7,0,0,0,1,13,1,0,0,0,,0,0
1212-2,6,24,ferrones,8,59,1,191,5,0,0,0,1,13,1,0,0,0,,0,0
1212-2,6,25,ferrones,7,58,1,219,0,0,0,0,1,12,1,0,0,0,1,7,0
1212-2,6,26,ferrones,6,57,1,162,7,0,0,0,1,12,1,0,0,0,,0,0
1212-2,6,27,ferrones,5,56,1,170,7,0,0,0,1,12,1,0,0,0,,0,0
1212-2,6,28,ferrones,4,55,1,178,0,0,0,0,1,12,1,0,0,0,,0,0
1212-2,6,29,ferrones,2,54,1,186,0,0,0,0,2,13,1,0,0,0,,0,0
1212-2,6,30,ferrones,1,53,1,198,0,0,0,0,2,17,1,0,0,0,,0,0
1212-2,6,31,ferrones,0,52,1,149,0,0,0,0,2,17,1,0,0,0,1,11,0
1212-2,6,32,ferrones,-1,51,1,127,4,0,0,0,2,13,1,0,0,0,,0,0
1212-2,6,33,ferrones,-2,50,1,130,4,0,0,0,2,13,1,0,0,0,,0,0
1212-2,6,34,ferrones,-4,49,1,138,1,0,0,0,2,13,1,0,0,0,,0,0
1212-2,6,35,ferrones,-5,48,1,145,0,0,0,0,5,15,1,0,0,0,,0,0
1212-2,6,36,ferrones,-6,47,1,152,0,0,0,0,5,15,1,0,0,0,,0,0
1212-2,6,37,ferrones,-7,46,1,159,0,0,0,0,5,15,1,0,0,0,1,7,0
1212-2,6,38,ferrones,-8,45,1,151,4,0,0,0,5,15,1,0,0,0,,0,0
1212-2,6,39,ferrones,-10,44,1,158,3,0,0,0,5,15,1,0,0,0,,0,0
1212-2,6,40,ferrones,-11,43,1,165,0,0,0,0,5,15,1,0,0,0,,0,0
1212-2,6,41,ferrones,-12,42,1,172,0,0,0,0,3,13,1,0,0,0,,0,0
1212-2,6,42,ferrones,-13,41,1,179,0,0,0,0,3,13,1,0,0,0,,0,0
1212-2,6,43,ferrones,-14,40,1,166,0,0,0,0,3,13,1,0,0,0,1,9,0
1212-2,6,44,ferrones,-16,39,1,128,7,0,0,0,3,13,1,0,0,0,,0,0
1212-2,6,45,ferrones,-16,39,1,120,8,0,0,0,3,13,0,0,0,0,,0,0
1212-2,6,46,ferrones,-16,39,1,127,1,0,0,0,3,13,0,1,0,0,,0,0
1212-2,6,47,ferrones,-17,39,1,134,0,0,0,0,1,13,1,0,0,0,,0,0
1212-2,6,48,ferrones,-18,39,1,141,0,0,0,0,1,13,1,0,0,0,,0,0
1212-2,6,49,ferrones,-19,38,1,115,0,0,0,0,1,13,1,0,0,0,1,6,0
1212-2,6,50,ferrones,-20,37,1,107,7,0,0,0,1,13,1,0,0,0,,0,0
1212-2,6,51,ferrones,-21,36,1,114,3,0,0,0,1,13,1,0,0,0,,0,0
1212-2,6,52,ferrones,-22,35,1,121,0,0,0,0,1,13,1,0,0,0,,0,0
1212-2,6,53,ferrones,-24,34,1,128,0,0,0,0,2,14,1,0,0,0,,0,0
1212-2,6,54,ferrones,-25,33,1,137,0,0,0,0,2,16,1,0,0,0,,0,0
1212-2,6,55,ferrones,-26,32,1,92,0,0,0,0,2,16,1,0,0,0,1,6,0
1212-2,6,56,ferrones,-27,31,1,99,4,0,1,0,2,14,1,0,0,0,,0,0
1212-2,6,57,ferrones,-28,30,1,106,0,0,1,0,2,14,1,0,0,0,,0,0
1212-2,6,58,ferrones,-30,29,1,113,0,0,1,0,2,14,1,0,0,0,,0,0
1212-2,6,59,ferrones,-31,28,1,119,0,0,1,0,5,16,1,0,0,0,,0,0
1212-2,6,60,ferrones,-32,27,1,125,0,0,1,0,5,16,1,0,0,0,,0,0
1212-2,6,61,ferrones,-33,26,1,95,0,0,1,0,4,15,1,0,0,0,1,6,0
1212-2,6,62,ferrones,-34,25,1,86,4,0,1,0,4,15,1,0,0,0,,0,0
1212-2,6,63,ferrones,-34,25,1,92,5,0,0,0,4,15,0,0,0,0,,0,0
1212-2,6,64,ferrones,-34,25,1,98,1,0,0,0,4,15,0,1,0,0,,0,0
1212-2,6,65,ferrones,-35,25,1,104,0,0,0,0,2,13,1,0,0,0,,0,0
1212-2,6,66,ferrones,-36,25,1,110,0,0,0,0,2,13,1,0,0,0,,0,0
1212-2,6,67,ferrones,-38,24,1,90,0,0,0,0,2,13,1,0,0,0,1,6,0
1212-2,6,68,ferrones,-39,23,1,91,7,0,0,0,2,13,1,0,0,0,,0,0
1212-2,6,69,ferrones,-39,23,1,104,5,0,0,0,2,13,0,1,0,0,,0,0
1212-2,6,70,ferrones,-39,23,1,110,3,0,0,0,3,14,0,0,0,0,,0,0
1212-2,6,71,ferrones,-40,23,1,116,0,0,0,0,1,12,1,0,0,0,,0,0
1212-2,6,72,ferrones,-41,23,1,122,0,0,0,0,1,12,1,0,0,0,,0,0
1212-2,6,73,ferrones,-42,22,1,87,0,0,0,0,1,12,1,0,0,0,1,8,0
1212-2,6,74,ferrones,-43,21,1,88,7,0,0,0,1,12,1,0,0,0,,0,0
1212-2,6,75,ferrones,-43,21,1,79,4,0,0,0,1,12,0,0,0,0,,0,0
1212-2,6,76,ferrones,-44,21,1,85,0,0,0,0,1,12,1,0,0,0,,0,0
1212-2,6,77,ferrones,-45,21,1,91,0,0,0,0,2,13,1,1,0,0,,0,0
1212-2,6,78,ferrones,-46,20,1,98,0,0,0,0,1,12,1,0,0,0,,0,0
1212-2,6,79,ferrones,-48,19,1,92,0,0,0,0,1,12,1,0,0,0,1,7,0
1212-2,6,80,ferrones,-49,18,1,92,4,0,0,0,1,10,1,0,0,0,,0,0
1212-2,6,81,ferrones,-49,18,1,104,2,0,0,0,1,10,0,1,0,0,,0,0
1212-2,6,82,ferrones,-49,18,1,109,0,0,0,0,2,12,0,0,0,0,,0,0
1212-2,6,83,ferrones,-49,18,1,114,0,0,0,0,4,14,0,0,0,0,,0,0
1212-2,6,84,ferrones,-49,18,1,119,1,0,0,0,5,15,0,0,0,0,,0,0
1212-2,6,85,ferrones,-49,18,1,74,2,0,0,0,5,15,0,0,0,0,1,7,0
1212-2,6,86,ferrones,-49,18,1,74,5,0,0,0,5,15,0,1,0,0,,0,0
1212-2,6,87,ferrones,-49,18,1,79,6,0,0,0,4,14,0,0,0,0,,0,0
1212-2,6,88,ferrones,-49,18,1,84,6,0,0,0,4,14,0,0,0,0,,0,0
1212-2,6,89,ferrones,-49,18,1,89,5,0,0,0,3,13,0,0,0,0,,0,0
1212-2,6,90,ferrones,-49,18,1,94,4,0,0,0,3,13,0,0,0,0,,0,0
1212-2,6,91,ferrones,-49,18,1,92,3,0,0,0,3,13,0,1,0,0,1,4,0
1212-2,6,92,ferrones,-49,18,1,97,9,0,0,0,4,15,0,0,0,0,,0,0
1212-2,6,93,ferrones,-49,18,1,102,9,0,0,0,4,15,0,0,0,0,,0,0
1212-2,6,94,ferrones,-49,18,1,107,9,0,0,0,4,15,0,0,0,0,,0,0
1212-2,6,95,ferrones,-49,18,1,112,7,0,0,0,2,13,0,0,0,0,,0,0
1212-2,6,96,ferrones,-49,18,1,117,5,0,0,0,2,13,0,0,0,0,,0,0
1212-2,6,97,ferrones,-49,18,1,46,3,0,0,0,2,13,0,0,0,0,1,5,0
1212-2,6,98,ferrones,-50,18,1,51,7,0,0,0,2,13,1,0,0,0,,0,0
1212-2,6,99,ferrones,-50,18,1,56,3,0,0,0,2,13,0,0,0,0,,0,0
1212-2,6,100,ferrones,-51,18,1,61,0,0,0,0,2,13,1,0,0,0,,0,0
1212-2,6,101,ferrones,-52,18,1,66,0,0,0,0,3,14,1,0,0,0,,0,0
1212-2,6,102,ferrones,-53,17,1,72,0,0,0,0,3,15,1,1,0,0,,0,0
1212-2,6,103,ferrones,-54,16,1,84,0,0,0,2,2,15,1,0,0,0,1,3,0
1212-2,6,104,ferrones,-55,15,1,90,2,0,0,3,2,14,1,0,0,0,,0,0
1212-2,6,105,ferrones,-55,15,1,96,1,0,0,4,2,14,0,0,0,0,,0,0
1212-2,6,106,ferrones,-55,15,1,102,0,0,0,5,2,14,0,0,0,0,,0,0
1212-2,6,107,ferrones,-55,15,1,108,1,0,0,6,4,16,0,0,0,0,,0,0
1212-2,6,108,ferrones,-55,15,1,114,2,0,0,7,4,16,0,0,0,0,,0,0
1212-2,6,109,ferrones,-55,15,1,85,3,0,0,8,4,16,0,0,0,0,1,6,0
1212-2,6,110,ferrones,-55,15,1,76,8,0,0,9,4,16,0,0,0,0,,0,0
1212-2,6,111,ferrones,-55,15,1,82,12,0,0,10,4,16,0,0,0,0,,0,0
1212-2,6,112,ferrones,-55,15,1,88,13,0,0,11,4,16,0,0,0,0,,0,0
1212-2,6,113,ferrones,-55,15,1,94,12,0,0,12,2,14,0,0,0,0,,0,0
1212-2,6,114,ferrones,-55,15,1,100,11,0,0,13,2,14,0,0,0,0,,0,0
1212-2,6,115,ferrones,-55,15,1,86,10,0,0,14,2,14,0,0,0,0,1,5,0
1212-2,6,116,ferrones,-55,15,1,87,16,0,0,15,2,14,0,0,0,0,,0,0
1212-2,6,117,ferrones,-55,15,1,93,16,0,0,16,2,14,0,0,0,0,,0,0
1212-2,6,118,ferrones,-55,15,1,99,15,0,0,17,2,14,0,0,0,0,,0,0
1212-2,6,119,ferrones,-55,15,1,105,13,0,0,18,1,13,0,0,0,0,,0,0
1212-2,6,120,ferrones,-55,15,1,110,11,0,0,19,1,12,0,0,0,0,,0,0
1212-2,6,121,ferrones,-55,15,1,79,9,0,0,20,1,12,0,0,0,0,1,4,0
1212-2,6,122,ferrones,-55,15,1,84,14,0,0,21,1,12,0,0,0,0,,0,0
1212-2,6,123,ferrones,-55,15,1,89,12,0,0,22,1,12,0,0,0,0,,0,0
1212-2,6,124,ferrones,-55,15,1,94,10,0,0,23,1,12,0,0,0,0,,0,0
1212-2,6,125,ferrones,-55,15,1,99,9,0,0,24,2,13,0,0,0,0,,0,0
1212-2,6,126,ferrones,-55,15,1,105,8,0,0,25,2,14,0,0,0,0,,0,0
1212-2,6,127,ferrones,-55,15,1,101,7,0,0,13,2,14,0,0,0,0,1,8,0
1212-2,6,128,ferrones,-55,15,1,87,7,0,0,12,2,13,0,0,0,0,,0,0
1212-2,6,129,ferrones,-55,15,1,93,10,0,0,12,2,14,0,0,0,0,,0,0
1212-2,6,130,ferrones,-55,15,1,99,9,0,0,12,2,14,0,0,0,0,,0,0
1212-2,6,131,ferrones,-55,15,1,105,10,0,0,11,4,15,0,0,0,0,,0,0
1212-2,6,132,ferrones,-55,15,1,111,11,0,0,11,4,16,0,0,0,0,,0,0
1212-2,6,133,ferrones,-55,15,1,193,12,0,0,10,4,15,0,0,0,0,1,6,0
1212-2,6,134,ferrones,-55,15,1,189,17,0,0,10,4,16,0,0,0,0,,0,0
1212-2,6,135,ferrones,-55,15,1,195,20,0,0,10,4,16,0,0,0,0,,0,0
1212-2,6,136,ferrones,-55,15,1,201,21,0,0,10,4,16,0,0,0,0,,0,0
1212-2,6,137,ferrones,-55,15,1,207,21,0,0,9,3,14,0,0,0,0,,0,0
1212-2,6,138,ferrones,-55,15,1,213,21,0,0,9,3,15,0,0,0,0,,0,0
1212-2,6,139,ferrones,-55,15,1,176,21,0,0,8,3,14,0,0,0,0,1,10,0
1212-2,6,140,ferrones,-55,15,1,125,24,0,0,8,3,15,0,0,0,0,,0,0
1212-2,6,141,ferrones,-55,15,1,92,27,0,0,8,3,15,0,0,0,0,,0,0
1212-2,6,142,ferrones,-55,15,1,98,29,0,0,8,3,15,0,0,0,0,,0,0
1212-2,6,143,ferrones,-55,15,1,104,26,0,0,8,1,13,0,0,0,0,,0,0
1212-2,6,144,ferrones,-55,15,1,109,24,0,0,8,1,12,0,0,0,0,,0,0
1212-2,6,145,ferrones,-55,15,1,110,22,0,0,8,1,12,0,0,0,0,1,3,0
1212-2,6,146,ferrones,-55,15,1,115,20,0,0,8,1,12,0,0,0,0,,0,0
1212-2,6,147,ferrones,-55,15,1,120,18,0,0,8,1,12,0,0,0,0,,0,0
1212-2,6,148,ferrones,-55,15,1,125,16,0,0,8,1,12,0,0,0,0,,0,0
1212-2,6,149,ferrones,-55,15,1,130,15,0,0,8,2,13,0,0,0,0,,0,0
1212-2,6,150,ferrones,-55,15,1,136,14,0,0,8,2,14,0,0,0,0,,0,0
1212-2,6,151,ferrones,-55,15,1,91,13,0,0,8,2,14,0,0,0,0,1,8,0
1212-2,6,152,ferrones,-55,15,1,87,16,0,1,8,2,14,0,0,0,0,,0,0
1212-2,6,153,ferrones,-55,15,1,93,17,0,0,8,2,14,0,0,0,0,,0,0
1212-2,6,154,ferrones,-55,15,1,99,16,0,0,8,2,14,0,0,0,0,,0,0
1212-2,6,155,ferrones,-55,15,1,105,17,0,0,7,4,15,0,0,0,0,,0,0
1212-2,6,156,ferrones,-55,15,1,111,18,0,0,7,4,16,0,0,0,0,,0,0
1212-2,6,157,ferrones,-55,15,1,93,19,0,0,6,4,15,0,0,0,0,1,6,0
1212-2,6,158,ferrones,-55,15,1,89,24,0,0,6,4,16,0,0,0,0,,0,0
1212-2,6,159,ferrones,-55,15,1,95,26,0,0,6,4,16,0,0,0,0,,0,0
1212-2,6,160,ferrones,-55,15,1,101,26,0,0,6,4,16,0,0,0,0,,0,0
1212-2,6,161,ferrones,-55,15,1,107,25,0,0,5,3,14,0,0,0,0,,0,0
1212-2,6,162,ferrones,-55,15,1,113,24,0,0,5,3,15,0,0,0,0,,0,0
1212-2,6,163,ferrones,-55,15,1,85,24,0,0,4,3,14,0,0,0,0,1,3,0
1212-2,6,164,ferrones,-55,15,1,91,24,0,0,4,3,15,0,0,0,0,,0,0
1212-2,6,165,ferrones,-55,15,1,97,24,0,0,4,3,15,0,0,0,0,,0,0
1212-2,6,166,ferrones,-55,15,1,103,24,0,0,4,3,15,0,0,0,0,,0,0
1212-2,6,167,ferrones,-55,15,1,109,22,0,0,4,1,13,0,0,0,0,,0,0
1212-2,6,168,ferrones,-55,15,1,114,20,0,0,4,1,12,0,0,0,0,,0,0
1212-2,6,169,ferrones,-55,15,1,83,18,0,0,3,1,11,0,0,0,0,1,4,0
1212-2,6,170,ferrones,-55,15,1,88,20,0,0,3,1,12,0,0,0,0,,0,0
1212-2,6,171,ferrones,-55,15,1,93,18,0,0,3,1,12,0,0,0,0,,0,0
1212-2,6,172,ferrones,-55,15,1,98,16,0,0,3,1,12,0,0,0,0,,0,0
1212-2,6,173,ferrones,-55,15,1,103,15,0,0,2,2,12,0,0,0,0,,0,0
1212-2,6,174,ferrones,-55,15,1,109,14,0,0,2,2,14,0,0,0,0,,0,0
1212-2,6,175,ferrones,-55,15,1,92,13,0,0,1,2,13,0,0,0,0,1,6,0
1212-2,6,176,ferrones,-55,15,1,88,16,0,0,1,2,14,0,0,0,0,,0,0
1212-2,6,177,ferrones,-55,15,1,94,17,0,0,1,2,14,0,0,0,0,,0,0
1212-2,6,178,ferrones,-55,15,1,100,16,0,0,1,2,14,0,0,0,0,,0,0
1212-2,6,179,ferrones,-55,15,1,106,17,0,0,0,4,15,0,0,0,0,,0,0
1212-2,6,180,ferrones,-55,15,1,112,18,0,0,0,4,16,0,0,0,0,,0,0
1212-2,6,181,ferrones,-55,15,1,94,19,0,0,0,4,15,0,0,0,0,1,6,0
1212-2,6,182,ferrones,-55,15,1,90,24,0,0,0,4,16,0,0,0,0,,0,0
1212-2,6,183,ferrones,-55,15,1,96,26,0,0,0,4,16,0,0,0,0,,0,0
1212-2,6,184,ferrones,-55,15,1,102,26,0,0,0,4,15,0,0,0,0,,0,0
1212-2,6,185,ferrones,-55,15,1,108,25,0,0,0,3,15,0,0,0,0,,0,0
1212-2,6,186,ferrones,-55,15,1,114,24,0,0,0,3,14,0,0,0,0,,0,0
1212-2,6,187,ferrones,-55,15,1,80,24,0,0,0,3,15,0,0,0,0,1,3,0
1212-2,6,188,ferrones,-55,15,1,86,24,0,0,0,3,14,0,0,0,0,,0,0
1212-2,6,189,ferrones,-55,15,1,92,24,0,0,0,3,15,0,0,0,0,,0,0
1212-2,6,190,ferrones,-55,15,1,98,24,0,0,0,3,15,0,0,0,0,,0,0
1212-2,6,191,ferrones,-55,15,1,104,22,0,0,0,1,13,0,0,0,0,,0,0
1212-2,6,192,ferrones,-55,15,1,109,20,0,0,0,1,12,0,0,0,0,,0,0
1212-2,6,193,ferrones,-55,15,1,86,18,0,0,0,1,12,0,0,0,0,1,6,0
1212-2,6,194,ferrones,-55,15,1,86,20,0,0,0,1,12,0,0,0,0,,0,0
1212-2,6,195,ferrones,-55,15,1,91,19,0,0,0,1,12,0,0,0,0,,0,0
1212-2,6,196,ferrones,-55,15,1,96,17,0,0,0,1,12,0,0,0,0,,0,0
1212-2,6,197,ferrones,-55,15,1,101,16,0,0,0,2,12,0,0,0,0,,0,0
1212-2,6,198,ferrones,-55,15,1,107,15,0,0,0,2,14,0,0,0,0,,0,0
1212-2,6,199,ferrones,-55,15,1,89,14,0,0,0,2,13,0,0,0,0,1,6,0
1212-2,6,200,ferrones,-55,15,1,90,17,0,0,0,2,14,0,0,0,0,,0,0
1212-2,6,1,hortelanos,37,106,1,38,70,0,0,0,29,51,0,0,0,0,1,4,0
1212-2,6,2,hortelanos,37,106,1,44,69,0,0,0,29,39,0,0,0,0,,0,0
1212-2,6,3,hortelanos,37,106,1,50,68,0,0,0,29,39,0,0,0,0,,0,0
1212-2,6,4,hortelanos,37,106,1,56,67,0,0,0,29,39,0,0,0,0,,0,0
1212-2,6,5,hortelanos,37,106,1,62,77,0,0,0,41,51,0,1,0,0,,0,0
1212-2,6,6,hortelanos,37,106,1,86,89,0,0,0,41,69,0,0,0,0,,0,0
1212-2,6,7,hortelanos,36,102,1,90,85,0,0,0,41,69,0,0,0,0,1,11,0
1212-2,6,8,hortelanos,104,102,1,114,97,0,0,0,41,69,0,0,0,1,,0,0
1212-2,6,9,hortelanos,104,102,1,138,109,0,0,0,41,69,0,0,0,1,,0,0
1212-2,6,10,hortelanos,119,102,1,162,110,0,0,0,41,69,0,0,0,2,,0,0
1212-2,6,11,hortelanos,127,102,1,186,150,0,0,0,71,99,0,0,0,2,,0,0
1212-2,6,12,hortelanos,127,102,1,210,189,0,0,0,71,99,0,0,0,2,,0,0
1212-2,6,13,hortelanos,126,98,1,133,212,0,0,0,71,99,0,0,0,2,1,19,0
1212-2,6,14,hortelanos,126,98,1,99,244,0,2,0,71,97,0,0,0,2,,0,0
1212-2,6,15,hortelanos,126,98,1,111,271,0,3,0,71,97,0,0,0,2,,0,0
1212-2,6,16,hortelanos,126,98,1,133,296,0,3,0,71,97,0,0,0,2,,0,0
1212-2,6,17,hortelanos,126,98,1,155,298,0,3,0,48,74,0,0,0,2,,0,0
1212-2,6,18,hortelanos,126,98,1,177,310,0,3,0,48,74,0,0,0,2,,0,0
1212-2,6,19,hortelanos,126,98,1,246,303,0,3,0,48,74,0,0,0,2,1,31,0
1212-2,6,20,hortelanos,134,98,1,214,310,0,3,0,48,74,0,0,0,2,,0,0
1212-2,6,21,hortelanos,134,98,1,236,311,0,3,0,48,74,0,0,0,2,,0,0
1212-2,6,22,hortelanos,134,98,1,258,312,0,3,0,48,74,0,0,0,2,,0,0
1212-2,6,23,hortelanos,134,98,1,280,289,0,3,0,29,55,0,0,0,2,,0,0
1212-2,6,24,hortelanos,142,98,1,293,273,0,3,0,29,46,0,0,0,2,,0,0
1212-2,6,25,hortelanos,142,98,1,368,251,0,3,0,29,46,0,0,0,2,1,24,0
1212-2,6,26,hortelanos,142,98,1,354,240,0,3,0,29,46,0,0,0,2,,0,0
1212-2,6,27,hortelanos,142,98,1,340,230,0,3,0,29,46,0,0,0,2,,0,0
1212-2,6,28,hortelanos,142,98,1,326,220,0,3,0,29,46,0,0,0,2,,0,0
1212-2,6,29,hortelanos,142,98,1,312,222,0,3,0,41,58,0,0,0,2,,0,0
1212-2,6,30,hortelanos,142,98,1,307,224,0,3,0,41,67,0,0,0,2,,0,0
1212-2,6,31,hortelanos,143,102,1,395,229,0,3,0,41,67,0,0,0,2,1,17,0
1212-2,6,32,hortelanos,143,102,1,349,233,0,3,0,41,69,0,0,0,2,,0,0
1212-2,6,33,hortelanos,143,102,1,303,237,0,3,0,41,69,0,0,0,2,,0,0
1212-2,6,34,hortelanos,143,102,1,297,236,0,3,0,41,69,0,0,0,2,,0,0
1212-2,6,35,hortelanos,143,102,1,321,261,0,3,0,71,99,0,0,0,2,,0,0
1212-2,6,36,hortelanos,143,102,1,345,285,0,3,0,71,99,0,0,0,2,,0,0
1212-2,6,37,hortelanos,142,98,1,432,295,0,1,0,71,99,0,0,0,2,1,22,0
1212-2,6,38,hortelanos,142,98,1,384,326,0,1,0,71,97,0,0,0,2,,0,0
1212-2,6,39,hortelanos,142,98,1,336,356,0,1,0,71,97,0,0,0,2,,0,0
1212-2,6,40,hortelanos,142,98,1,288,384,0,1,0,71,97,0,0,0,2,,0,0
1212-2,6,41,hortelanos,142,98,1,310,382,0,1,0,48,74,0,0,0,2,,0,0
1212-2,6,42,hortelanos,142,98,1,332,380,0,1,0,48,74,0,0,0,2,,0,0
1212-2,6,43,hortelanos,142,98,1,398,329,0,1,0,48,74,0,0,0,2,1,27,0
1212-2,6,44,hortelanos,142,98,1,350,336,0,1,0,48,74,0,0,0,2,,0,0
1212-2,6,45,hortelanos,239,150,2,302,343,0,1,0,48,74,0,0,0,3,,0,0
1212-2,6,46,hortelanos,239,152,2,268,336,0,1,0,48,84,0,0,0,3,,0,0
1212-2,6,47,hortelanos,239,152,2,294,304,0,1,0,29,65,0,0,0,3,,0,0
1212-2,6,48,hortelanos,239,152,2,311,274,0,1,0,29,56,0,0,0,3,,0,0
1212-2,6,49,hortelanos,239,152,2,382,229,0,1,0,29,56,0,0,0,3,1,32,0
1212-2,6,50,hortelanos,239,152,2,329,211,0,1,0,35,62,0,0,0,3,,0,0
1212-2,6,51,hortelanos,247,152,2,276,193,0,1,0,35,62,0,2,0,3,,0,0
1212-2,6,52,hortelanos,247,154,2,243,186,0,1,0,45,72,0,0,0,3,,0,0
1212-2,6,53,hortelanos,248,156,2,260,185,0,1,0,59,86,0,0,0,3,,0,0
1212-2,6,54,hortelanos,248,158,2,286,183,0,1,0,59,95,0,2,0,3,,0,0
1212-2,6,55,hortelanos,249,161,2,412,179,0,1,0,59,97,0,0,0,3,1,36,0
1212-2,6,56,hortelanos,257,164,2,390,185,0,2,0,59,97,0,1,0,3,,0,0
1212-2,6,57,hortelanos,258,167,2,368,191,0,3,0,59,100,0,0,0,3,,0,0
1212-2,6,58,hortelanos,259,170,2,346,192,0,4,0,59,100,0,0,0,3,,0,0
1212-2,6,59,hortelanos,267,173,2,352,231,0,5,0,95,138,0,0,0,3,,0,0
1212-2,6,60,hortelanos,268,176,2,382,266,0,5,0,95,138,0,0,0,3,,0,0
1212-2,6,61,hortelanos,268,179,2,427,263,0,5,0,95,138,0,0,0,3,1,24,0
1212-2,6,62,hortelanos,269,183,2,395,299,0,5,0,95,140,0,0,0,3,,0,0
1212-2,6,63,hortelanos,367,234,3,382,334,0,5,0,95,140,0,0,0,4,,0,0
1212-2,6,64,hortelanos,368,237,3,368,358,0,5,0,95,148,0,0,0,4,,0,0
1212-2,6,65,hortelanos,368,239,3,356,354,0,5,0,68,123,0,0,0,4,,0,0
1212-2,6,66,hortelanos,369,241,3,346,350,0,5,0,68,125,0,0,0,4,,0,0
1212-2,6,67,hortelanos,369,243,3,410,298,0,5,0,68,125,0,0,0,4,1,33,0
1212-2,6,68,hortelanos,370,245,3,400,291,0,5,0,68,125,0,2,0,4,,0,0
1212-2,6,69,hortelanos,394,289,4,380,296,0,5,0,77,134,0,0,0,4,,0,0
1212-2,6,70,hortelanos,395,292,4,371,289,0,5,0,77,142,0,1,0,4,,0,0
1212-2,6,71,hortelanos,395,292,4,364,261,0,5,0,54,121,0,0,0,4,,0,0
1212-2,6,72,hortelanos,395,292,4,348,239,0,0,0,54,112,0,0,0,4,,0,0
1212-2,6,73,hortelanos,395,292,4,421,201,0,0,0,54,112,0,0,0,4,1,36,0
1212-2,6,74,hortelanos,395,292,4,405,170,0,0,0,54,112,0,0,0,4,,0,0
1212-2,6,75,hortelanos,403,292,4,379,141,0,0,0,54,112,0,3,0,4,,0,0
1212-2,6,76,hortelanos,403,292,4,363,124,0,0,0,62,120,0,0,0,4,,0,0
1212-2,6,77,hortelanos,404,297,4,347,121,0,0,0,76,134,0,1,0,4,,0,0
1212-2,6,78,hortelanos,404,299,4,330,120,0,0,0,76,146,0,0,0,4,,0,0
1212-2,6,79,hortelanos,404,299,4,349,81,0,0,0,76,146,0,1,0,4,1,22,0
1212-2,6,80,hortelanos,405,304,4,288,81,0,2,0,76,146,0,1,0,4,,0,0
1212-2,6,81,hortelanos,420,339,5,280,83,0,2,0,76,151,0,0,0,4,,0,0
1212-2,6,82,hortelanos,420,339,5,299,77,0,0,0,76,157,0,0,0,4,,0,0
1212-2,6,83,hortelanos,422,345,5,332,102,0,0,0,112,193,0,1,0,4,,0,0
1212-2,6,84,hortelanos,423,351,5,369,124,0,0,0,112,193,0,0,0,4,,0,0
1212-2,6,85,hortelanos,424,357,5,351,144,0,0,0,112,195,0,0,0,4,1,23,0
1212-2,6,86,hortelanos,425,363,5,294,163,0,2,0,112,195,0,1,0,4,,0,0
1212-2,6,87,hortelanos,426,369,5,227,190,0,4,0,120,203,0,0,0,4,,0,0
1212-2,6,88,hortelanos,428,378,5,239,212,0,6,0,120,209,0,1,0,4,,0,0
1212-2,6,89,hortelanos,428,378,5,262,211,0,1,0,95,184,0,1,0,4,,0,0
1212-2,6,90,hortelanos,430,387,5,307,206,0,1,0,98,187,0,1,0,4,,0,0
1212-2,6,91,hortelanos,431,393,5,340,200,0,1,0,101,190,0,0,0,4,1,23,0
1212-2,6,92,hortelanos,432,398,5,342,194,0,1,0,101,192,0,1,0,4,,0,0
1212-2,6,93,hortelanos,433,403,5,346,195,0,1,0,107,200,0,0,0,4,,0,0
1212-2,6,94,hortelanos,434,408,5,342,195,0,1,0,107,202,0,0,0,4,,0,0
1212-2,6,95,hortelanos,434,408,5,348,162,0,1,0,76,171,0,0,0,4,,0,0
1212-2,6,96,hortelanos,434,408,5,375,127,0,1,0,76,162,0,1,0,4,,0,0
1212-2,6,97,hortelanos,434,408,5,478,103,0,1,0,78,164,0,0,0,4,1,17,0
1212-2,6,98,hortelanos,434,408,5,464,83,0,1,0,78,164,0,0,0,4,,0,0
1212-2,6,99,hortelanos,434,408,5,450,64,0,1,0,78,164,0,0,0,4,,0,0
1212-2,6,100,hortelanos,434,408,5,436,47,0,0,0,78,164,0,0,0,4,,0,0
1212-2,6,101,hortelanos,434,408,5,422,50,0,0,0,99,185,0,0,0,4,,0,0
1212-2,6,102,hortelanos,434,408,5,447,53,0,0,0,99,194,0,0,0,4,,0,0
1212-2,6,103,hortelanos,434,408,5,359,55,0,0,0,99,194,0,0,0,4,1,17,0
1212-2,6,104,hortelanos,434,408,5,333,55,0,2,0,99,194,0,0,0,4,,0,0
1212-2,6,105,hortelanos,435,410,5,307,61,0,2,0,104,199,0,0,0,4,,0,0
1212-2,6,106,hortelanos,435,410,5,281,67,0,2,0,104,199,0,0,0,4,,0,0
1212-2,6,107,hortelanos,436,415,5,255,125,0,4,0,159,254,0,0,0,4,,0,0
1212-2,6,108,hortelanos,437,421,5,308,183,0,2,0,159,256,0,0,0,4,,0,0
1212-2,6,109,hortelanos,438,427,5,358,223,0,2,0,159,256,0,0,0,4,1,24,0
1212-2,6,110,hortelanos,438,428,5,362,265,0,2,0,159,258,0,0,0,4,,0,0
1212-2,6,111,hortelanos,438,428,5,367,304,0,2,0,159,260,0,0,0,4,,0,0
1212-2,6,112,hortelanos,438,428,5,379,341,0,2,0,159,260,0,0,0,4,,0,0
1212-2,6,113,hortelanos,438,428,5,384,337,0,2,0,118,219,0,0,0,4,,0,0
1212-2,6,114,hortelanos,438,428,5,419,331,0,2,0,118,219,0,0,0,4,,0,0
1212-2,6,115,hortelanos,438,428,5,520,277,0,2,0,118,219,0,0,0,4,1,35,0
1212-2,6,116,hortelanos,438,428,5,519,275,0,2,0,118,219,0,0,0,4,,0,0
1212-2,6,117,hortelanos,461,464,6,518,273,0,2,0,118,219,0,0,0,4,,0,0
1212-2,6,118,hortelanos,462,465,6,517,263,0,2,0,118,225,0,0,0,4,,0,0
1212-2,6,119,hortelanos,462,465,6,518,219,0,2,0,83,190,0,0,0,4,,0,0
1212-2,6,120,hortelanos,462,465,6,511,177,0,2,0,83,181,0,0,0,4,,0,0
1212-2,6,121,hortelanos,462,465,6,568,137,0,2,0,83,181,0,0,0,4,1,30,0
1212-2,6,122,hortelanos,462,465,6,567,90,0,0,0,83,181,0,0,0,4,,0,0
1212-2,6,123,hortelanos,462,465,6,566,52,0,0,0,83,181,0,1,0,4,,0,0
1212-2,6,124,hortelanos,470,465,6,546,21,0,0,0,86,184,0,0,0,4,,0,0
1212-2,6,125,hortelanos,470,465,6,541,9,0,0,0,107,205,0,0,0,4,,0,0
1212-2,6,126,hortelanos,469,465,6,552,1,0,0,0,107,214,1,1,0,4,,0,0
1212-2,6,127,hortelanos,468,465,6,625,4,0,0,0,111,218,1,0,0,4,1,22,0
1212-2,6,128,hortelanos,465,455,6,579,4,0,2,0,111,218,1,0,0,4,,0,0
1212-2,6,129,hortelanos,462,445,6,531,4,0,4,0,110,209,1,0,0,4,,0,0
1212-2,6,130,hortelanos,462,445,6,476,5,0,5,0,110,209,0,0,0,4,,0,0
1212-2,6,131,hortelanos,465,460,6,428,60,0,5,0,165,264,0,0,0,4,,0,0
1212-2,6,132,hortelanos,465,461,6,465,110,0,4,0,165,272,0,0,0,4,,0,0
1212-2,6,133,hortelanos,466,466,6,544,159,0,0,0,165,272,0,0,0,4,1,19,0
1212-2,6,134,hortelanos,466,467,6,544,205,0,0,0,165,272,0,0,0,4,,0,0
1212-2,6,135,hortelanos,466,468,6,537,250,0,0,0,166,273,0,0,0,4,,0,0
1212-2,6,136,hortelanos,467,470,6,539,293,0,0,0,166,275,0,0,0,4,,0,0
1212-2,6,137,hortelanos,467,472,6,534,295,0,0,0,125,234,0,0,0,4,,0,0
1212-2,6,138,hortelanos,467,474,6,530,295,0,0,0,125,234,0,0,0,4,,0,0
1212-2,6,139,hortelanos,467,472,6,566,283,0,0,0,125,234,0,0,0,4,1,26,0
1212-2,6,140,hortelanos,467,474,6,566,277,0,0,0,125,234,0,0,0,4,,0,0
1212-2,6,141,hortelanos,468,476,6,568,271,0,0,0,125,236,0,0,0,4,,0,0
1212-2,6,142,hortelanos,468,478,6,577,264,0,0,0,125,236,0,0,0,4,,0,0
1212-2,6,143,hortelanos,468,478,6,583,224,0,0,0,90,201,0,0,0,4,,0,0
1212-2,6,144,hortelanos,468,478,6,579,186,0,0,0,90,192,0,0,0,4,,0,0
1212-2,6,145,hortelanos,468,478,6,661,149,0,0,0,90,192,0,0,0,4,1,25,0
1212-2,6,146,hortelanos,468,478,6,664,113,0,0,0,90,192,0,0,0,4,,0,0
1212-2,6,147,hortelanos,468,478,6,666,78,0,0,0,90,192,0,1,0,4,,0,0
1212-2,6,148,hortelanos,468,478,6,669,47,0,0,0,90,192,0,0,0,4,,0,0
1212-2,6,149,hortelanos,628,478,6,671,37,0,0,0,111,213,0,1,1,5,,0,0
1212-2,6,150,hortelanos,629,480,6,686,66,0,0,0,149,260,0,0,0,5,,0,0
1212-2,6,151,hortelanos,629,482,6,720,96,0,0,0,149,260,0,0,0,5,1,26,0
1212-2,6,152,hortelanos,629,484,6,674,151,0,2,0,177,288,0,0,0,5,,0,0
1212-2,6,153,hortelanos,630,487,6,640,201,0,4,0,177,290,0,1,0,5,,0,0
1212-2,6,154,hortelanos,631,490,6,606,251,0,6,0,177,294,0,0,0,5,,0,0
1212-2,6,155,hortelanos,631,493,6,572,320,0,8,0,200,317,0,0,0,5,,0,0
1212-2,6,156,hortelanos,632,496,6,538,394,0,2,0,200,317,0,0,0,5,,0,0
1212-2,6,157,hortelanos,632,499,6,623,439,0,1,0,200,319,0,0,0,5,1,35,0
1212-2,6,158,hortelanos,641,502,6,642,494,0,1,0,200,319,0,1,0,5,,0,0
1212-2,6,159,hortelanos,642,505,6,661,548,0,1,0,200,319,0,0,0,5,,0,0
1212-2,6,160,hortelanos,642,509,6,682,599,0,1,0,200,321,0,0,0,5,,0,0
1212-2,6,161,hortelanos,643,513,6,703,629,0,1,0,182,303,0,0,0,5,,0,0
1212-2,6,162,hortelanos,643,514,6,724,647,0,1,0,182,303,0,0,0,5,,0,0
1212-2,6,163,hortelanos,643,514,6,831,636,0,1,0,182,305,0,0,0,5,1,25,0
1212-2,6,164,hortelanos,651,514,6,854,664,0,1,0,182,305,0,0,0,5,,0,0
1212-2,6,165,hortelanos,671,574,7,877,691,0,1,0,182,305,0,0,0,5,,0,0
1212-2,6,166,hortelanos,671,574,7,903,702,0,1,0,182,317,0,0,0,5,,0,0
1212-2,6,167,hortelanos,671,574,7,929,699,0,1,0,168,303,0,0,0,5,,0,0
1212-2,6,168,hortelanos,671,574,7,946,697,0,1,0,168,294,0,0,0,5,,0,0
1212-2,6,169,hortelanos,671,574,7,991,683,0,1,0,168,294,0,0,0,5,1,35,0
1212-2,6,170,hortelanos,671,574,7,1008,677,0,1,0,168,294,0,0,0,5,,0,0
1212-2,6,171,hortelanos,671,574,7,1025,672,0,1,0,168,294,0,2,0,5,,0,0
1212-2,6,172,hortelanos,671,574,7,1032,698,0,1,0,197,323,0,0,0,5,,0,0
1212-2,6,173,hortelanos,671,574,7,1049,728,0,1,0,206,332,0,0,0,5,,0,0
1212-2,6,174,hortelanos,680,577,7,1075,757,0,1,0,206,341,0,2,0,5,,0,0
1212-2,6,175,hortelanos,681,580,7,1140,786,0,1,0,206,341,0,0,0,5,1,31,0
1212-2,6,176,hortelanos,681,583,7,1151,808,0,2,0,206,341,0,1,0,5,,0,0
1212-2,6,177,hortelanos,682,586,7,1162,831,0,3,0,206,344,0,0,0,5,,0,0
1212-2,6,178,hortelanos,682,589,7,1175,852,0,4,0,206,346,0,0,0,5,,0,0
1212-2,6,179,hortelanos,683,592,7,1188,893,0,5,0,229,369,0,0,0,5,,0,0
1212-2,6,180,hortelanos,684,595,7,1201,932,0,6,0,229,369,0,0,0,5,,0,0
1212-2,6,181,hortelanos,684,599,7,1304,933,0,7,0,229,371,0,0,0,5,1,19,0
1212-2,6,182,hortelanos,685,603,7,1309,970,0,7,0,229,371,0,0,0,5,,0,0
1212-2,6,183,hortelanos,702,646,8,1314,1005,0,7,0,229,371,0,0,0,5,,0,0
1212-2,6,184,hortelanos,702,648,8,1312,1028,0,7,0,229,381,0,0,0,5,,0,0
1212-2,6,185,hortelanos,703,650,8,1310,1031,0,7,0,211,363,0,0,0,5,,0,0
1212-2,6,186,hortelanos,703,652,8,1308,1034,0,7,0,211,363,0,0,0,5,,0,0
1212-2,6,187,hortelanos,704,658,8,1435,1024,0,7,0,211,363,0,0,0,5,1,25,0
1212-2,6,188,hortelanos,705,660,8,1435,1026,0,7,0,211,365,0,0,0,5,,0,0
1212-2,6,189,hortelanos,705,662,8,1435,1027,0,7,0,211,365,0,0,0,5,,0,0
1212-2,6,190,hortelanos,705,664,8,1435,1028,0,7,0,211,365,0,0,0,5,,0,0
1212-2,6,191,hortelanos,706,666,8,1435,1014,0,7,0,197,351,0,0,0,5,,0,0
1212-2,6,192,hortelanos,706,668,8,1426,1001,0,7,0,197,342,0,0,0,5,,0,0
1212-2,6,193,hortelanos,705,664,8,1560,978,0,7,0,197,344,0,0,0,5,1,29,0
1212-2,6,194,hortelanos,705,664,8,1573,963,0,7,0,197,335,0,0,0,5,,0,0
1212-2,6,195,hortelanos,706,667,8,1586,952,0,7,0,197,335,0,2,0,5,,0,0
1212-2,6,196,hortelanos,707,670,8,1599,945,0,7,0,197,335,0,0,0,5,,0,0
1212-2,6,197,hortelanos,707,673,8,1612,944,0,7,0,206,344,0,0,0,5,,0,0
1212-2,6,198,hortelanos,708,676,8,1633,942,0,7,0,206,352,0,1,0,5,,0,0
1212-2,6,199,hortelanos,708,679,8,1756,887,0,7,0,206,352,0,0,0,5,1,30,0
1212-2,6,200,hortelanos,709,682,8,1777,889,0,7,0,206,352,0,0,0,5,,0,0
1212-2,6,1,mercaderes,33,86,1,74,57,0,0,0,11,37,0,0,0,0,1,4,0
1212-2,6,2,mercaderes,33,86,1,86,44,0,0,0,11,27,0,0,0,0,,0,0
1212-2,6,3,mercaderes,33,86,1,98,31,0,0,0,11,27,0,1,0,0,,0,0
1212-2,6,4,mercaderes,33,86,1,110,21,0,0,0,11,27,0,0,0,0,,0,0
1212-2,6,5,mercaderes,33,86,1,122,18,0,0,0,18,34,0,0,0,0,,0,0
1212-2,6,6,mercaderes,33,86,1,142,15,0,0,0,18,42,0,0,0,0,,0,0
1212-2,6,7,mercaderes,33,86,1,92,12,0,0,0,18,42,0,0,0,0,1,8,0
1212-2,6,8,mercaderes,33,86,1,101,13,0,0,0,18,42,0,0,0,0,,0,0
1212-2,6,9,mercaderes,33,86,1,121,13,0,0,0,18,42,0,0,0,0,,0,0
1212-2,6,10,mercaderes,33,86,1,141,10,0,0,0,18,42,0,0,0,0,,0,0
1212-2,6,11,mercaderes,33,86,1,161,24,0,0,0,36,60,0,0,0,0,,0,0
1212-2,6,12,mercaderes,34,90,1,181,38,0,0,0,36,60,0,0,0,0,,0,0
1212-2,6,13,mercaderes,34,90,1,153,50,0,0,0,36,62,0,0,0,0,1,8,0
1212-2,6,14,mercaderes,34,90,1,151,66,0,0,0,36,62,0,0,0,0,,0,0
1212-2,6,15,mercaderes,34,90,1,173,81,0,0,0,36,62,0,0,0,0,,0,0
1212-2,6,16,mercaderes,49,90,1,195,92,0,0,0,36,62,0,0,0,1,,0,0
1212-2,6,17,mercaderes,49,90,1,217,89,0,0,0,22,48,0,0,0,1,,0,0
1212-2,6,18,mercaderes,49,90,1,239,86,0,0,0,22,48,0,0,0,1,,0,0
1212-2,6,19,mercaderes,49,90,1,261,73,0,0,0,22,48,0,0,0,1,1,13,0
1212-2,6,20,mercaderes,49,90,1,230,78,0,0,0,22,48,0,0,0,1,,0,0
1212-2,6,21,mercaderes,49,90,1,199,82,0,0,0,22,48,0,0,0,1,,0,0
1212-2,6,22,mercaderes,49,90,1,202,86,0,0,0,22,48,0,0,0,1,,0,0
1212-2,6,23,mercaderes,49,90,1,224,78,0,0,0,11,37,0,0,0,1,,0,0
1212-2,6,24,mercaderes,49,90,1,237,65,0,0,0,11,28,0,0,0,1,,0,0
1212-2,6,25,mercaderes,48,86,1,231,33,0,0,0,11,28,0,0,0,1,1,23,0
1212-2,6,26,mercaderes,66,86,1,190,30,0,0,0,11,27,0,0,0,2,,0,0
1212-2,6,27,mercaderes,66,86,1,149,27,0,0,0,11,27,0,0,0,2,,0,0
1212-2,6,28,mercaderes,66,86,1,145,14,0,0,0,11,27,0,0,0,2,,0,0
1212-2,6,29,mercaderes,74,86,1,157,16,0,0,0,18,34,0,0,0,2,,0,0
1212-2,6,30,mercaderes,74,86,1,177,13,0,0,0,18,42,0,0,0,2,,0,0
1212-2,6,31,mercaderes,74,86,1,156,10,0,0,0,18,42,0,0,0,2,1,10,0
1212-2,6,32,mercaderes,74,86,1,162,9,0,0,0,18,42,0,1,0,2,,0,0
1212-2,6,33,mercaderes,74,86,1,174,10,0,0,0,18,42,0,0,0,2,,0,0
1212-2,6,34,mercaderes,74,86,1,194,9,0,0,0,18,42,0,0,0,2,,0,0
1212-2,6,35,mercaderes,74,86,1,214,18,0,0,0,30,54,0,0,0,2,,0,0
1212-2,6,36,mercaderes,74,86,1,234,26,0,0,0,30,54,0,0,0,2,,0,0
1212-2,6,37,mercaderes,75,90,1,239,34,0,0,0,30,54,0,0,0,2,1,10,0
1212-2,6,38,mercaderes,75,90,1,174,43,0,0,0,30,56,0,1,0,2,,0,0
1212-2,6,39,mercaderes,75,90,1,196,53,0,0,0,30,56,0,0,0,2,,0,0
1212-2,6,40,mercaderes,75,90,1,218,59,0,0,0,30,56,0,0,0,2,,0,0
1212-2,6,41,mercaderes,75,90,1,240,57,0,0,0,22,48,0,0,0,2,,0,0
1212-2,6,42,mercaderes,75,90,1,262,55,0,0,0,22,48,0,0,0,2,,0,0
1212-2,6,43,mercaderes,75,90,1,355,43,0,0,0,22,48,0,0,0,2,1,21,0
1212-2,6,44,mercaderes,75,90,1,332,49,0,0,0,22,48,0,0,0,2,,0,0
1212-2,6,45,mercaderes,83,90,1,309,55,0,0,0,22,48,0,0,0,2,,0,0
1212-2,6,46,mercaderes,83,90,1,286,60,0,0,0,22,48,0,0,0,2,,0,0
1212-2,6,47,mercaderes,83,90,1,289,55,0,0,0,11,37,0,0,0,2,,0,0
1212-2,6,48,mercaderes,83,90,1,302,49,0,0,0,11,28,0,0,0,2,,0,0
1212-2,6,49,mercaderes,83,90,1,309,37,0,0,0,11,28,0,0,0,2,1,17,0
1212-2,6,50,mercaderes,83,90,1,269,31,0,0,0,11,28,0,0,0,2,,0,0
1212-2,6,51,mercaderes,83,90,1,229,25,0,0,0,11,28,0,1,0,2,,0,0
1212-2,6,52,mercaderes,83,90,1,189,21,0,0,0,11,28,0,0,0,2,,0,0
1212-2,6,53,mercaderes,83,90,1,179,24,0,0,0,18,35,0,0,0,2,,0,0
1212-2,6,54,mercaderes,83,90,1,194,27,0,0,0,18,44,0,0,0,2,,0,0
1212-2,6,55,mercaderes,83,90,1,201,25,0,0,0,18,44,0,0,0,2,1,10,0
1212-2,6,56,mercaderes,83,90,1,187,25,0,0,0,18,44,0,0,0,2,,0,0
1212-2,6,57,mercaderes,83,90,1,198,25,0,0,0,18,44,0,0,0,2,,0,0
1212-2,6,58,mercaderes,83,90,1,220,24,0,0,0,18,44,0,0,0,2,,0,0
1212-2,6,59,mercaderes,83,90,1,242,37,0,0,0,36,62,0,0,0,2,,0,0
1212-2,6,60,mercaderes,83,90,1,264,49,0,0,0,36,62,0,0,0,2,,0,0
1212-2,6,61,mercaderes,83,90,1,286,61,0,0,0,36,62,0,0,0,2,1,15,0
1212-2,6,62,mercaderes,83,90,1,236,76,0,0,0,36,62,0,0,0,2,,0,0
1212-2,6,63,mercaderes,83,90,1,211,91,0,0,0,36,62,0,0,0,2,,0,0
1212-2,6,64,mercaderes,83,90,1,220,105,0,0,0,36,62,0,0,0,2,,0,0
1212-2,6,65,mercaderes,83,90,1,242,105,0,0,0,22,48,0,0,0,2,,0,0
1212-2,6,66,mercaderes,83,90,1,264,101,0,0,0,22,48,0,0,0,2,,0,0
1212-2,6,67,mercaderes,83,90,1,333,38,0,0,0,22,48,0,0,0,2,1,25,0
1212-2,6,68,mercaderes,83,90,1,302,44,0,0,0,22,48,0,0,0,2,,0,0
1212-2,6,69,mercaderes,125,120,2,271,50,0,0,0,22,48,0,0,0,3,,0,0
1212-2,6,70,mercaderes,125,120,2,249,48,0,0,0,22,54,0,0,0,3,,0,0
1212-2,6,71,mercaderes,125,120,2,270,35,0,0,0,11,43,0,0,0,3,,0,0
1212-2,6,72,mercaderes,125,120,2,282,16,0,0,0,11,34,0,0,0,3,,0,0
1212-2,6,73,mercaderes,124,120,2,301,0,0,0,0,11,34,1,0,0,3,1,19,0
1212-2,6,74,mercaderes,123,120,2,260,7,0,0,0,11,34,1,0,0,3,,0,0
1212-2,6,75,mercaderes,121,117,2,219,3,0,0,0,11,34,1,0,0,3,,0,0
1212-2,6,76,mercaderes,119,114,2,175,7,0,0,0,11,31,1,0,0,3,,0,0
1212-2,6,77,mercaderes,118,111,2,174,7,0,0,0,18,38,1,0,0,3,,0,0
1212-2,6,78,mercaderes,116,108,2,191,3,0,0,0,18,46,1,0,0,3,,0,0
1212-2,6,79,mercaderes,115,105,2,184,0,0,0,0,18,46,1,0,0,3,1,10,0
1212-2,6,80,mercaderes,113,102,2,166,4,0,0,0,16,41,1,0,0,3,,0,0
1212-2,6,81,mercaderes,111,99,2,180,4,0,0,0,16,39,1,0,0,3,,0,0
1212-2,6,82,mercaderes,110,96,2,194,0,0,0,0,13,36,1,0,0,3,,0,0
1212-2,6,83,mercaderes,77,74,1,198,3,0,0,0,27,49,0,1,0,3,,0,0
1212-2,6,84,mercaderes,77,74,1,216,10,0,0,0,27,49,0,1,0,3,,0,0
1212-2,6,85,mercaderes,77,74,1,218,19,0,0,0,27,49,0,0,0,3,1,13,0
1212-2,6,86,mercaderes,78,77,1,165,31,0,0,0,27,39,0,0,0,3,,0,0
1212-2,6,87,mercaderes,79,80,1,170,47,0,0,0,32,44,0,0,0,3,,0,0
1212-2,6,88,mercaderes,87,84,1,180,58,0,0,0,32,45,0,0,0,3,,0,0
1212-2,6,89,mercaderes,87,84,1,190,55,0,0,0,20,33,0,0,0,3,,0,0
1212-2,6,90,mercaderes,87,84,1,200,52,0,0,0,20,33,0,0,0,3,,0,0
1212-2,6,91,mercaderes,87,84,1,239,42,0,0,0,22,35,0,0,0,3,1,13,0
1212-2,6,92,mercaderes,88,88,1,204,49,0,0,0,22,35,0,0,0,3,,0,0
1212-2,6,93,mercaderes,89,90,1,169,55,0,0,0,22,35,0,0,0,3,,0,0
1212-2,6,94,mercaderes,89,90,1,176,60,0,0,0,22,36,0,0,0,3,,0,0
1212-2,6,95,mercaderes,89,90,1,187,49,0,0,0,11,25,0,0,0,3,,0,0
1212-2,6,96,mercaderes,89,90,1,198,37,0,0,0,11,25,0,0,0,3,,0,0
1212-2,6,97,mercaderes,89,94,1,204,26,0,0,0,11,25,0,0,0,3,1,13,0
1212-2,6,98,mercaderes,89,94,1,170,19,0,0,0,11,25,0,0,0,3,,0,0
1212-2,6,99,mercaderes,89,94,1,136,12,0,0,0,11,25,0,1,0,3,,0,0
1212-2,6,100,mercaderes,89,94,1,147,7,0,0,0,11,25,0,0,0,3,,0,0
1212-2,6,101,mercaderes,89,94,1,158,2,0,0,0,18,32,0,0,0,3,,0,0
1212-2,6,102,mercaderes,88,94,1,175,0,0,0,0,18,38,1,0,0,3,,0,0
1212-2,6,103,mercaderes,87,94,1,142,0,0,0,0,18,38,1,0,0,3,1,11,0
1212-2,6,104,mercaderes,86,92,1,137,4,0,0,0,22,42,1,0,0,3,,0,0
1212-2,6,105,mercaderes,86,92,1,150,7,0,0,0,22,42,0,0,0,3,,0,0
1212-2,6,106,mercaderes,86,92,1,167,7,0,0,0,22,42,0,0,0,3,,0,0
1212-2,6,107,mercaderes,86,92,1,184,28,0,0,0,45,65,0,0,0,3,,0,0
1212-2,6,108,mercaderes,86,92,1,201,48,0,0,0,45,65,0,0,0,3,,0,0
1212-2,6,109,mercaderes,86,92,1,198,68,0,0,0,45,65,0,0,0,3,1,12,0
1212-2,6,110,mercaderes,86,92,1,180,82,0,0,0,36,56,0,0,0,3,,0,0
1212-2,6,111,mercaderes,86,92,1,184,96,0,0,0,36,56,0,0,0,3,,0,0
1212-2,6,112,mercaderes,86,92,1,194,109,0,0,0,36,56,0,0,0,3,,0,0
1212-2,6,113,mercaderes,86,92,1,211,106,0,0,0,22,42,0,0,0,3,,0,0
1212-2,6,114,mercaderes,86,92,1,228,101,0,0,0,22,42,0,0,0,3,,0,0
1212-2,6,115,mercaderes,86,90,1,250,87,0,0,0,22,42,0,0,0,3,1,14,0
1212-2,6,116,mercaderes,86,90,1,222,91,0,0,0,22,42,0,0,0,3,,0,0
1212-2,6,117,mercaderes,86,90,1,194,95,0,0,0,22,42,0,0,0,3,,0,0
1212-2,6,118,mercaderes,86,90,1,180,99,0,0,0,22,42,0,0,0,3,,0,0
1212-2,6,119,mercaderes,86,90,1,197,92,0,0,0,11,31,0,0,0,3,,0,0
1212-2,6,120,mercaderes,86,90,1,208,78,0,0,0,11,25,0,0,0,3,,0,0
1212-2,6,121,mercaderes,86,90,1,203,52,0,0,0,11,25,0,0,0,3,1,23,0
1212-2,6,122,mercaderes,86,90,1,161,47,0,0,0,11,25,0,0,0,3,,0,0
1212-2,6,123,mercaderes,94,90,1,139,42,0,0,0,11,25,0,0,0,3,,0,0
1212-2,6,124,mercaderes,94,90,1,143,37,0,0,0,11,25,0,0,0,3,,0,0
1212-2,6,125,mercaderes,94,90,1,154,34,0,0,0,18,32,0,0,0,3,,0,0
1212-2,6,126,mercaderes,94,90,1,171,29,0,0,0,18,38,0,0,0,3,,0,0
1212-2,6,127,mercaderes,94,90,1,137,24,0,0,0,18,38,0,0,0,3,1,9,0
1212-2,6,128,mercaderes,94,90,1,140,22,0,0,0,18,38,0,1,0,3,,0,0
1212-2,6,129,mercaderes,94,90,1,157,11,0,0,0,18,38,0,0,0,3,,0,0
1212-2,6,130,mercaderes,94,90,1,174,7,0,0,0,18,38,0,0,0,3,,0,0
1212-2,6,131,mercaderes,94,90,1,191,21,0,0,0,36,56,0,0,0,3,,0,0
1212-2,6,132,mercaderes,94,90,1,208,34,0,0,0,36,56,0,0,0,3,,0,0
1212-2,6,133,mercaderes,94,90,1,204,47,0,0,0,36,56,0,0,0,3,1,12,0
1212-2,6,134,mercaderes,102,90,1,185,63,0,0,0,36,56,0,0,0,3,,0,0
1212-2,6,135,mercaderes,102,90,1,180,78,0,0,0,36,56,0,0,0,3,,0,0
1212-2,6,136,mercaderes,102,90,1,197,93,0,0,0,36,56,0,0,0,3,,0,0
1212-2,6,137,mercaderes,102,90,1,214,90,0,0,0,22,42,0,0,0,3,,0,0
1212-2,6,138,mercaderes,102,90,1,231,87,0,0,0,22,42,0,0,0,3,,0,0
1212-2,6,139,mercaderes,102,90,1,237,46,0,0,0,22,42,0,0,0,3,1,14,0
1212-2,6,140,mercaderes,102,90,1,201,52,0,0,0,22,42,0,0,0,3,,0,0
1212-2,6,141,mercaderes,114,112,2,165,57,0,0,0,22,42,0,0,0,3,,0,0
1212-2,6,142,mercaderes,114,112,2,168,56,0,0,0,22,43,0,0,0,3,,0,0
1212-2,6,143,mercaderes,114,112,2,181,41,0,0,0,11,32,0,0,0,3,,0,0
1212-2,6,144,mercaderes,114,112,2,188,24,0,0,0,11,26,0,0,0,3,,0,0
1212-2,6,145,mercaderes,115,116,2,192,7,0,0,0,11,26,0,0,0,3,1,15,0
1212-2,6,146,mercaderes,114,116,2,147,7,0,0,0,11,27,1,0,0,3,,0,0
1212-2,6,147,mercaderes,113,116,2,135,7,0,0,0,11,27,1,1,0,3,,0,0
1212-2,6,148,mercaderes,111,113,2,143,6,0,0,0,14,30,1,0,0,3,,0,0
1212-2,6,149,mercaderes,111,113,2,151,0,0,0,0,22,38,0,0,0,3,,0,0
1212-2,6,150,mercaderes,110,113,2,165,0,0,0,0,22,44,1,0,0,3,,0,0
1212-2,6,151,mercaderes,109,113,2,142,0,0,0,0,22,44,1,0,0,3,1,11,0
1212-2,6,152,mercaderes,108,110,2,149,4,0,0,0,22,51,1,0,0,3,,0,0
1212-2,6,153,mercaderes,106,107,2,166,4,0,0,0,22,51,1,0,0,3,,0,0
1212-2,6,154,mercaderes,106,107,2,183,1,0,0,0,22,47,0,0,0,3,,0,0
1212-2,6,155,mercaderes,106,107,2,200,19,0,0,0,44,69,0,0,0,3,,0,0
1212-2,6,156,mercaderes,107,110,2,217,36,0,0,0,44,69,0,0,0,3,,0,0
1212-2,6,157,mercaderes,107,111,2,217,51,0,0,0,44,73,0,0,0,3,1,11,0
1212-2,6,158,mercaderes,107,112,2,176,70,0,0,0,44,73,0,0,0,3,,0,0
1212-2,6,159,mercaderes,107,113,2,179,87,0,0,0,44,73,0,0,0,3,,0,0
1212-2,6,160,mercaderes,107,114,2,200,99,0,0,0,44,73,0,1,0,3,,0,0
1212-2,6,161,mercaderes,108,115,2,221,99,0,0,0,32,61,0,0,0,3,,0,0
1212-2,6,162,mercaderes,108,116,2,242,99,0,0,0,32,61,0,0,0,3,,0,0
1212-2,6,163,mercaderes,108,117,2,296,89,0,0,0,32,61,0,0,0,3,1,14,0
1212-2,6,164,mercaderes,108,118,2,272,98,0,0,0,34,63,0,0,0,3,,0,0
1212-2,6,165,mercaderes,108,119,2,248,106,0,0,0,34,63,0,0,0,3,,0,0
1212-2,6,166,mercaderes,109,120,2,224,114,0,0,0,34,63,0,0,0,3,,0,0
1212-2,6,167,mercaderes,109,120,2,247,104,0,0,0,17,48,0,0,0,3,,0,0
1212-2,6,168,mercaderes,109,120,2,262,88,0,0,0,17,40,0,0,0,3,,0,0
1212-2,6,169,mercaderes,109,120,2,272,59,0,0,0,17,40,0,0,0,3,1,26,0
1212-2,6,170,mercaderes,109,120,2,242,52,0,0,0,17,40,0,0,0,3,,0,0
1212-2,6,171,mercaderes,117,120,2,202,45,0,0,0,17,40,0,0,0,3,,0,0
1212-2,6,172,mercaderes,117,120,2,172,36,0,0,0,17,40,0,0,0,3,,0,0
1212-2,6,173,mercaderes,117,120,2,168,37,0,0,0,27,50,0,1,0,3,,0,0
1212-2,6,174,mercaderes,117,121,2,191,44,0,0,0,32,63,0,0,0,3,,0,0
1212-2,6,175,mercaderes,117,122,2,173,45,0,0,0,32,63,0,0,0,3,1,10,0
1212-2,6,176,mercaderes,117,123,2,160,50,0,0,0,32,63,0,0,0,3,,0,0
1212-2,6,177,mercaderes,117,124,2,175,45,0,0,0,32,63,0,0,0,3,,0,0
1212-2,6,178,mercaderes,118,125,2,198,47,0,0,0,32,63,0,0,0,3,,0,0
1212-2,6,179,mercaderes,118,126,2,221,77,0,0,0,64,95,0,0,0,3,,0,0
1212-2,6,180,mercaderes,118,127,2,244,106,0,0,0,64,95,0,0,0,3,,0,0
1212-2,6,181,mercaderes,126,128,2,249,134,0,0,0,64,95,0,0,0,3,1,13,0
1212-2,6,182,mercaderes,126,129,2,186,162,0,0,0,64,95,0,1,0,3,,0,0
1212-2,6,183,mercaderes,127,130,2,199,191,0,0,0,64,95,0,0,0,3,,0,0
1212-2,6,184,mercaderes,127,132,2,224,218,0,0,0,64,97,0,0,0,3,,0,0
1212-2,6,185,mercaderes,127,134,2,249,216,0,0,0,40,73,0,0,0,3,,0,0
1212-2,6,186,mercaderes,128,136,2,274,215,0,0,0,40,73,0,0,0,3,,0,0
1212-2,6,187,mercaderes,128,138,2,341,199,0,0,0,40,73,0,0,0,3,1,13,0
1212-2,6,188,mercaderes,129,140,2,294,193,0,0,0,40,73,0,0,0,3,,0,0
1212-2,6,189,mercaderes,129,142,2,256,191,0,0,0,40,75,0,0,0,3,,0,0
1212-2,6,190,mercaderes,129,144,2,283,189,0,0,0,40,75,0,0,0,3,,0,0
1212-2,6,191,mercaderes,129,144,2,310,167,0,0,0,20,55,0,0,0,3,,0,0
1212-2,6,192,mercaderes,129,144,2,329,145,0,0,0,20,47,0,0,0,3,,0,0
1212-2,6,193,mercaderes,130,148,2,326,125,0,0,0,20,47,0,0,0,3,1,18,0
1212-2,6,194,mercaderes,130,148,2,292,111,0,0,0,20,47,0,0,0,3,,0,0
1212-2,6,195,mercaderes,130,148,2,258,98,0,0,0,20,47,0,0,0,3,,0,0
1212-2,6,196,mercaderes,130,148,2,224,85,0,0,0,20,47,0,0,0,3,,0,0
1212-2,6,197,mercaderes,130,148,2,190,84,0,0,0,32,59,0,0,0,3,,0,0
1212-2,6,198,mercaderes,130,148,2,213,83,0,0,0,32,67,0,0,0,3,,0,0
1212-2,6,199,mercaderes,130,148,2,224,76,0,0,0,32,67,0,0,0,3,1,11,0
1212-2,6,200,mercaderes,130,148,2,208,73,0,0,0,32,67,0,0,0,3,,0,0
1212-2,6,1,mesta,23,39,1,251,61,0,0,0,4,12,0,0,0,0,1,7,0
1212-2,6,2,mesta,23,39,1,250,54,0,0,0,4,7,0,0,0,0,,0,0
1212-2,6,3,mesta,23,39,1,249,47,0,0,0,4,7,0,0,0,0,,0,0
1212-2,6,4,mesta,23,39,1,248,40,0,0,0,4,7,0,0,0,0,,0,0
1212-2,6,5,mesta,23,39,1,247,35,0,0,0,6,9,0,1,0,0,,0,0
1212-2,6,6,mesta,23,39,1,257,32,0,0,0,6,20,0,0,0,0,,0,0
1212-2,6,7,mesta,23,37,1,141,29,0,0,0,6,20,0,0,0,0,1,13,0
1212-2,6,8,mesta,23,37,1,55,32,0,0,0,6,20,0,0,0,0,,0,0
1212-2,6,9,mesta,23,37,1,50,34,0,0,0,6,20,0,0,0,0,,0,0
1212-2,6,10,mesta,23,37,1,60,31,0,0,0,6,20,0,1,0,0,,0,0
1212-2,6,11,mesta,23,38,1,70,36,0,0,0,13,33,0,0,0,0,,0,0
1212-2,6,12,mesta,23,39,1,80,41,0,0,0,13,33,0,0,0,0,,0,0
1212-2,6,13,mesta,24,40,1,201,46,0,0,0,13,33,0,0,0,0,1,3,0
1212-2,6,14,mesta,24,42,1,213,53,0,0,0,13,35,0,0,0,0,,0,0
1212-2,6,15,mesta,24,44,1,225,56,0,0,0,13,35,0,0,0,0,,0,0
1212-2,6,16,mesta,25,46,1,237,58,0,0,0,13,35,0,0,0,0,,0,0
1212-2,6,17,mesta,25,46,1,249,55,0,0,0,8,30,0,0,0,0,,0,0
1212-2,6,18,mesta,25,46,1,261,52,0,0,0,8,30,0,0,0,0,,0,0
1212-2,6,19,mesta,24,42,1,214,40,0,0,0,8,30,0,0,0,0,1,24,0
1212-2,6,20,mesta,24,42,1,181,43,0,0,0,8,30,0,0,0,0,,0,0
1212-2,6,21,mesta,24,42,1,148,46,0,0,0,8,30,0,0,0,0,,0,0
1212-2,6,22,mesta,24,42,1,115,49,0,0,0,8,30,0,0,0,0,,0,0
1212-2,6,23,mesta,24,42,1,107,46,0,0,0,4,26,0,0,0,0,,0,0
1212-2,6,24,mesta,24,42,1,115,43,0,0,0,4,22,0,1,0,0,,0,0
1212-2,6,25,mesta,23,38,1,193,15,0,0,0,4,22,0,0,0,0,1,14,0
1212-2,6,26,mesta,23,38,1,190,16,0,0,0,4,21,0,0,0,0,,0,0
1212-2,6,27,mesta,23,38,1,197,15,0,0,0,4,21,0,0,0,0,,0,0
1212-2,6,28,mesta,23,38,1,204,12,0,0,0,4,21,0,0,0,0,,0,0
1212-2,6,29,mesta,23,38,1,211,11,0,0,0,6,23,0,0,0,0,,0,0
1212-2,6,30,mesta,41,38,1,221,10,0,0,0,6,26,0,0,0,1,,0,0
1212-2,6,31,mesta,41,38,1,201,9,0,0,0,6,26,0,0,0,1,1,20,0
1212-2,6,32,mesta,41,38,1,155,9,0,0,0,6,26,0,0,0,1,,0,0
1212-2,6,33,mesta,41,38,1,143,9,0,0,0,6,26,0,0,0,1,,0,0
1212-2,6,34,mesta,61,38,1,153,9,16,0,0,6,26,0,0,0,1,,0,0
1212-2,6,35,mesta,61,38,1,163,13,16,0,0,11,31,0,0,0,1,,0,0
1212-2,6,36,mesta,61,38,1,173,17,16,0,0,11,31,0,0,0,1,,0,0
1212-2,6,37,mesta,61,38,1,339,21,12,0,0,11,31,0,0,0,1,1,21,0
1212-2,6,38,mesta,61,38,1,314,24,7,0,0,11,31,0,0,0,1,,0,0
1212-2,6,39,mesta,61,38,1,315,27,1,0,0,11,31,0,0,0,1,,0,0
1212-2,6,40,mesta,61,39,1,320,30,1,0,0,11,31,0,0,0,1,,0,0
1212-2,6,41,mesta,61,39,1,330,31,1,0,0,8,28,0,0,0,1,,0,0
1212-2,6,42,mesta,61,39,1,340,31,1,0,0,8,28,0,0,0,1,,0,0
1212-2,6,43,mesta,62,43,1,1082,32,1,0,0,8,28,0,0,0,1,1,27,0
1212-2,6,44,mesta,62,43,1,1049,35,1,0,0,8,30,0,0,0,1,,0,0
1212-2,6,45,mesta,62,43,1,1016,38,1,0,0,8,30,0,0,0,1,,0,0
1212-2,6,46,mesta,62,43,1,983,41,1,0,0,8,30,0,0,0,1,,0,0
1212-2,6,47,mesta,62,43,1,950,40,1,0,0,4,26,0,0,0,1,,0,0
1212-2,6,48,mesta,62,43,1,913,39,1,0,0,4,22,0,0,0,1,,0,0
1212-2,6,49,mesta,61,37,1,960,28,1,0,0,4,22,0,0,0,1,1,26,0
1212-2,6,50,mesta,61,37,1,922,30,1,0,0,4,21,0,0,0,1,,0,0
1212-2,6,51,mesta,61,37,1,884,31,1,0,0,4,21,0,0,0,1,,0,0
1212-2,6,52,mesta,61,37,1,846,32,1,0,0,4,21,0,0,0,1,,0,0
1212-2,6,53,mesta,61,37,1,808,35,1,0,0,6,23,0,0,0,1,,0,0
1212-2,6,54,mesta,61,37,1,773,38,1,0,0,6,26,0,0,0,1,,0,0
1212-2,6,55,mesta,61,35,1,806,28,1,0,0,6,26,0,0,0,1,1,43,0
1212-2,6,56,mesta,61,35,1,735,31,1,0,0,6,26,0,0,0,1,,0,0
1212-2,6,57,mesta,69,35,1,664,33,1,0,0,6,26,0,0,0,1,,0,0
1212-2,6,58,mesta,89,35,1,593,35,15,0,0,6,26,0,0,0,1,,0,0
1212-2,6,59,mesta,89,36,1,522,44,15,0,0,13,33,0,0,0,1,,0,0
1212-2,6,60,mesta,89,37,1,451,51,15,0,0,13,33,0,0,0,1,,0,0
1212-2,6,61,mesta,89,38,1,831,58,11,0,0,13,33,0,0,0,1,1,30,0
1212-2,6,62,mesta,89,39,1,781,64,7,0,0,13,33,0,0,0,1,,0,0
1212-2,6,63,mesta,90,40,1,731,70,3,0,0,13,33,0,0,0,1,,0,0
1212-2,6,64,mesta,105,42,1,683,72,0,0,0,13,35,0,0,0,2,,0,0
1212-2,6,65,mesta,105,42,1,614,72,0,0,0,8,30,0,0,0,2,,0,0
1212-2,6,66,mesta,105,42,1,570,73,0,0,0,8,30,0,0,0,2,,0,0
1212-2,6,67,mesta,104,38,1,1438,64,0,0,0,8,30,0,0,0,2,1,23,0
1212-2,6,68,mesta,104,38,1,1391,65,0,0,0,8,28,0,0,0,2,,0,0
1212-2,6,69,mesta,104,38,1,1344,65,0,0,0,8,28,0,0,0,2,,0,0
1212-2,6,70,mesta,104,38,1,1297,65,0,0,0,8,28,0,0,0,2,,0,0
1212-2,6,71,mesta,112,38,1,1250,61,0,0,0,4,24,0,0,0,2,,0,0
1212-2,6,72,mesta,112,38,1,1200,57,0,0,0,4,21,0,0,0,2,,0,0
1212-2,6,73,mesta,112,36,1,1292,53,0,0,0,4,21,0,0,0,2,1,25,0
1212-2,6,74,mesta,112,36,1,1251,54,0,0,0,4,21,0,0,0,2,,0,0
1212-2,6,75,mesta,112,36,1,1210,54,0,0,0,4,21,0,0,0,2,,0,0
1212-2,6,76,mesta,112,36,1,1169,54,0,0,0,4,21,0,0,0,2,,0,0
1212-2,6,77,mesta,112,36,1,1128,56,0,0,0,6,23,0,0,0,2,,0,0
1212-2,6,78,mesta,112,36,1,1090,58,0,0,0,6,26,0,0,0,2,,0,0
1212-2,6,79,mesta,112,36,1,1164,60,0,0,0,6,26,0,0,0,2,1,28,0
1212-2,6,80,mesta,112,36,1,1090,59,0,0,0,6,26,0,0,0,2,,0,0
1212-2,6,81,mesta,112,36,1,1016,58,0,0,0,6,26,0,0,0,2,,0,0
1212-2,6,82,mesta,152,36,1,942,57,28,0,0,6,26,0,0,0,2,,0,0
1212-2,6,83,mesta,152,37,1,868,63,28,0,0,13,33,0,0,0,2,,0,0
1212-2,6,84,mesta,152,38,1,794,69,28,0,0,13,33,0,0,0,2,,0,0
1212-2,6,85,mesta,153,44,1,1197,75,24,0,0,13,33,0,0,0,2,1,31,0
1212-2,6,86,mesta,154,46,1,1149,78,20,0,0,13,35,0,0,0,2,,0,0
1212-2,6,87,mesta,154,48,1,1101,81,16,0,0,13,35,0,0,0,2,,0,0
1212-2,6,88,mesta,155,50,1,1053,83,12,0,0,13,35,0,0,0,2,,0,0
1212-2,6,89,mesta,155,50,1,1007,80,8,0,0,8,32,0,0,0,2,,0,0
1212-2,6,90,mesta,155,50,1,961,77,4,0,0,8,32,0,0,0,2,,0,0
1212-2,6,91,mesta,154,46,1,2180,65,1,0,0,8,32,0,0,0,2,1,31,0
1212-2,6,92,mesta,154,46,1,2138,65,1,0,0,8,30,0,0,0,2,,0,0
1212-2,6,93,mesta,154,46,1,2096,65,1,0,0,8,30,0,0,0,2,,0,0
1212-2,6,94,mesta,154,46,1,2054,65,1,0,0,8,30,0,0,0,2,,0,0
1212-2,6,95,mesta,154,46,1,2012,61,1,0,0,4,26,0,0,0,2,,0,0
1212-2,6,96,mesta,154,46,1,1966,57,1,0,0,4,22,0,0,0,2,,0,0
1212-2,6,97,mesta,154,46,1,2154,15,1,0,0,4,22,0,0,0,2,1,25,0
1212-2,6,98,mesta,154,46,1,2117,16,1,0,0,4,22,0,0,0,2,,0,0
1212-2,6,99,mesta,193,101,2,2080,17,1,0,0,4,22,0,0,0,3,,0,0
1212-2,6,100,mesta,193,101,2,2040,4,1,0,0,4,32,0,0,0,3,,0,0
1212-2,6,101,mesta,192,101,2,2000,4,1,0,0,6,34,1,0,0,3,,0,0
1212-2,6,102,mesta,191,101,2,1964,4,1,0,0,6,38,1,0,0,3,,0,0
1212-2,6,103,mesta,189,99,2,2020,4,1,0,0,6,38,1,0,0,3,1,41,0
1212-2,6,104,mesta,188,97,2,1945,1,1,0,0,8,33,1,0,0,3,,0,0
1212-2,6,105,mesta,187,95,2,1870,1,1,0,0,8,33,1,0,0,3,,0,0
1212-2,6,106,mesta,235,93,2,1795,1,32,0,0,8,33,1,0,0,3,,0,0
1212-2,6,107,mesta,234,91,2,1720,1,32,0,0,15,39,1,0,0,3,,0,0
1212-2,6,108,mesta,232,89,2,1645,1,32,0,0,15,39,1,0,0,3,,0,0
1212-2,6,109,mesta,231,87,2,2019,1,28,0,0,12,34,1,0,0,3,1,31,0
1212-2,6,110,mesta,230,85,2,1959,0,24,0,0,10,26,1,0,0,3,,0,0
1212-2,6,111,mesta,191,37,1,1899,0,20,0,0,10,24,1,0,0,3,,0,0
1212-2,6,112,mesta,191,37,1,1846,5,16,0,0,10,24,0,0,0,3,,0,0
1212-2,6,113,mesta,191,37,1,1793,6,12,0,0,6,20,0,0,0,3,,0,0
1212-2,6,114,mesta,191,37,1,1740,7,8,0,0,6,20,0,0,0,3,,0,0
1212-2,6,115,mesta,191,37,1,2919,8,5,0,0,6,20,0,0,0,3,1,26,0
1212-2,6,116,mesta,191,37,1,2906,12,2,0,0,7,22,0,0,0,3,,0,0
1212-2,6,117,mesta,191,37,1,2878,14,2,0,0,7,22,0,0,0,3,,0,0
1212-2,6,118,mesta,191,37,1,2850,19,2,0,0,7,22,0,0,0,3,,0,0
1212-2,6,119,mesta,191,37,1,2822,21,2,0,0,4,20,0,0,0,3,,0,0
1212-2,6,120,mesta,191,37,1,2794,23,2,0,0,4,20,0,0,0,3,,0,0
1212-2,6,121,mesta,191,37,1,3081,25,2,0,0,4,20,0,0,0,3,1,24,0
1212-2,6,122,mesta,191,37,1,3043,24,2,0,0,4,20,0,0,0,3,,0,0
1212-2,6,123,mesta,191,37,1,3003,23,2,0,0,4,20,0,0,0,3,,0,0
1212-2,6,124,mesta,191,37,1,2965,22,2,0,0,4,20,0,0,0,3,,0,0
1212-2,6,125,mesta,191,37,1,2927,23,2,0,0,6,22,0,0,0,3,,0,0
1212-2,6,126,mesta,191,37,1,2891,24,2,0,0,6,24,0,0,0,3,,0,0
1212-2,6,127,mesta,191,37,1,2955,25,2,0,0,6,24,0,0,0,3,1,35,0
1212-2,6,128,mesta,191,37,1,2883,23,2,0,0,6,24,0,0,0,3,,0,0
1212-2,6,129,mesta,191,37,1,2811,21,2,0,0,6,24,0,0,0,3,,0,0
1212-2,6,130,mesta,241,37,1,2739,19,28,0,0,6,24,0,0,0,3,,0,0
1212-2,6,131,mesta,241,37,1,2667,24,28,0,0,13,31,0,0,0,3,,0,0
1212-2,6,132,mesta,241,37,1,2590,28,28,0,0,13,31,0,0,0,3,,0,0
1212-2,6,133,mesta,241,38,1,2971,32,24,0,0,13,31,0,0,0,3,1,30,0
1212-2,6,134,mesta,241,39,1,2920,35,20,0,0,13,31,0,0,0,3,,0,0
1212-2,6,135,mesta,242,40,1,2869,38,16,0,0,13,31,0,0,0,3,,0,0
1212-2,6,136,mesta,242,42,1,2819,40,12,0,0,13,32,0,0,0,3,,0,0
1212-2,6,137,mesta,242,42,1,2769,37,8,0,0,8,27,0,0,0,3,,0,0
1212-2,6,138,mesta,242,42,1,2719,34,4,0,0,8,27,0,0,0,3,,0,0
1212-2,6,139,mesta,242,42,1,3964,18,1,0,0,8,27,0,0,0,3,1,35,0
1212-2,6,140,mesta,242,42,1,3929,17,1,0,0,8,27,0,0,0,3,,0,0
1212-2,6,141,mesta,242,42,1,3890,18,1,0,0,8,27,0,0,0,3,,0,0
1212-2,6,142,mesta,242,42,1,3855,19,1,0,0,8,27,0,0,0,3,,0,0
1212-2,6,143,mesta,250,42,1,3818,16,1,0,0,4,23,0,0,0,3,,0,0
1212-2,6,144,mesta,250,42,1,3780,13,1,0,0,4,20,0,0,0,3,,0,0
1212-2,6,145,mesta,250,42,1,3969,10,1,0,0,4,20,0,0,0,3,1,24,0
1212-2,6,146,mesta,250,42,1,3931,7,1,0,0,4,20,0,0,0,3,,0,0
1212-2,6,147,mesta,250,42,1,3893,4,1,0,0,4,20,0,0,0,3,,0,0
1212-2,6,148,mesta,249,42,1,3853,4,1,0,0,4,20,1,0,0,3,,0,0
1212-2,6,149,mesta,248,42,1,3815,4,1,0,0,6,22,1,0,0,3,,0,0
1212-2,6,150,mesta,247,41,1,3780,4,1,0,0,6,25,1,0,0,3,,0,0
1212-2,6,151,mesta,246,40,1,3842,4,1,0,0,6,25,1,0,0,3,1,36,0
1212-2,6,152,mesta,244,39,1,3767,1,1,0,0,6,25,1,0,0,3,,0,0
1212-2,6,153,mesta,243,38,1,3695,1,1,0,0,6,24,1,0,0,3,,0,0
1212-2,6,154,mesta,292,37,1,3623,1,28,0,0,6,24,1,0,0,3,,0,0
1212-2,6,155,mesta,292,37,1,3551,5,28,0,0,13,31,0,0,0,3,,0,0
1212-2,6,156,mesta,292,37,1,3479,9,28,0,0,13,31,0,0,0,3,,0,0
1212-2,6,157,mesta,293,41,1,3862,14,24,0,0,13,31,0,0,0,3,1,31,0
1212-2,6,158,mesta,293,41,1,3812,16,20,0,0,13,32,0,0,0,3,,0,0
1212-2,6,159,mesta,293,41,1,3762,18,16,0,0,13,32,0,0,0,3,,0,0
1212-2,6,160,mesta,293,41,1,3712,20,12,0,0,13,32,0,0,0,3,,0,0
1212-2,6,161,mesta,293,41,1,3662,17,8,0,0,8,27,0,0,0,3,,0,0
1212-2,6,162,mesta,293,41,1,3612,14,4,0,0,8,27,0,0,0,3,,0,0
1212-2,6,163,mesta,293,41,1,4851,11,1,0,0,8,27,0,0,0,3,1,30,0
1212-2,6,164,mesta,293,41,1,4816,9,1,0,0,8,27,0,0,0,3,,0,0
1212-2,6,165,mesta,293,41,1,4781,9,1,0,0,8,27,0,0,0,3,,0,0
1212-2,6,166,mesta,293,41,1,4742,9,1,0,0,8,27,0,0,0,3,,0,0
1212-2,6,167,mesta,293,41,1,4707,5,1,0,0,4,23,0,0,0,3,,0,0
1212-2,6,168,mesta,292,41,1,4667,4,1,0,0,4,20,1,0,0,3,,0,0
1212-2,6,169,mesta,291,41,1,4881,4,1,0,0,4,20,1,0,0,3,1,24,0
1212-2,6,170,mesta,290,40,1,4840,4,1,0,0,4,20,1,0,0,3,,0,0
1212-2,6,171,mesta,288,39,1,4802,4,1,0,0,4,20,1,0,0,3,,0,0
1212-2,6,172,mesta,287,38,1,4762,4,1,0,0,4,20,1,0,0,3,,0,0
1212-2,6,173,mesta,286,37,1,4724,4,1,0,0,6,22,1,0,0,3,,0,0
1212-2,6,174,mesta,285,36,1,4688,4,1,0,0,6,24,1,0,0,3,,0,0
1212-2,6,175,mesta,284,35,1,4754,4,1,0,0,6,24,1,0,0,3,1,35,0
1212-2,6,176,mesta,284,35,1,4682,1,1,0,0,6,24,0,0,0,3,,0,0
1212-2,6,177,mesta,283,35,1,4606,1,1,0,0,6,24,1,0,0,3,,0,0
1212-2,6,178,mesta,332,35,1,4534,1,17,0,0,6,24,1,0,0,3,,0,0
1212-2,6,179,mesta,332,35,1,4462,5,17,0,0,13,31,0,0,0,3,,0,0
1212-2,6,180,mesta,332,35,1,4390,9,17,0,0,13,31,0,0,0,3,,0,0
1212-2,6,181,mesta,332,35,1,4771,13,13,0,0,13,31,0,0,0,3,1,30,0
1212-2,6,182,mesta,332,35,1,4715,16,9,0,0,13,31,0,0,0,3,,0,0
1212-2,6,183,mesta,332,35,1,4664,19,5,0,0,13,31,0,0,0,3,,0,0
1212-2,6,184,mesta,332,35,1,4613,22,1,0,0,13,31,0,0,0,3,,0,0
1212-2,6,185,mesta,332,35,1,4541,20,1,0,0,8,26,0,0,0,3,,0,0
1212-2,6,186,mesta,332,35,1,4469,19,1,0,0,8,26,0,0,0,3,,0,0
1212-2,6,187,mesta,332,35,1,5428,18,1,0,0,8,26,0,0,0,3,1,29,0
1212-2,6,188,mesta,332,35,1,5392,20,1,0,0,8,26,0,0,0,3,,0,0
1212-2,6,189,mesta,332,35,1,5352,22,1,0,0,8,26,0,0,0,3,,0,0
1212-2,6,190,mesta,332,35,1,5316,24,1,0,0,8,26,0,0,0,3,,0,0
1212-2,6,191,mesta,332,35,1,5278,22,1,0,0,4,22,0,0,0,3,,0,0
1212-2,6,192,mesta,332,35,1,5240,20,1,0,0,4,20,0,0,0,3,,0,0
1212-2,6,193,mesta,332,35,1,5331,18,1,0,0,4,20,0,0,0,3,1,24,0
1212-2,6,194,mesta,332,35,1,5290,16,1,0,0,4,20,0,0,0,3,,0,0
1212-2,6,195,mesta,332,35,1,5252,14,1,0,0,4,20,0,0,0,3,,0,0
1212-2,6,196,mesta,332,35,1,5212,12,1,0,0,4,20,0,0,0,3,,0,0
1212-2,6,197,mesta,332,35,1,5174,12,1,0,0,6,22,0,0,0,3,,0,0
1212-2,6,198,mesta,332,35,1,5138,12,1,0,0,6,24,0,0,0,3,,0,0
1212-2,6,199,mesta,332,35,1,5199,12,1,0,0,6,24,0,0,0,3,1,35,0
1212-2,6,200,mesta,332,35,1,5127,9,1,0,0,6,24,0,0,0,3,,0,0
1212-2,6,1,monjes,35,96,1,26,58,0,0,0,15,35,0,0,0,0,1,5,0
1212-2,6,2,monjes,35,96,1,31,44,0,0,0,15,24,0,0,0,0,,0,0
1212-2,6,3,monjes,35,96,1,36,30,0,0,0,15,24,0,1,0,0,,0,0
1212-2,6,4,monjes,35,96,1,41,25,0,0,0,22,31,0,0,0,0,,0,0
1212-2,6,5,monjes,35,96,1,46,34,0,0,0,36,45,0,1,0,0,,0,0
1212-2,6,6,monjes,35,96,1,68,45,0,0,0,36,62,0,0,0,0,,0,0
1212-2,6,7,monjes,35,96,1,82,55,0,0,0,36,62,0,0,0,0,1,4,0
1212-2,6,8,monjes,35,96,1,104,67,0,0,0,36,62,0,0,0,0,,0,0
1212-2,6,9,monjes,35,96,1,126,76,0,0,0,36,62,0,0,0,0,,0,0
1212-2,6,10,monjes,50,96,1,148,85,0,0,0,36,62,0,0,0,1,,0,0
1212-2,6,11,monjes,50,96,1,170,134,0,0,0,78,104,0,0,0,1,,0,0
1212-2,6,12,monjes,50,96,1,192,200,0,0,0,98,124,0,0,0,1,,0,0
1212-2,6,13,monjes,49,92,1,95,254,0,0,0,98,124,0,0,0,1,1,8,0
1212-2,6,14,monjes,49,92,1,83,316,0,2,0,98,118,0,0,0,1,,0,0
1212-2,6,15,monjes,49,92,1,100,376,0,2,0,98,118,0,0,0,1,,0,0
1212-2,6,16,monjes,49,92,1,117,433,0,2,0,98,118,0,0,0,1,,0,0
1212-2,6,17,monjes,49,92,1,134,448,0,2,0,56,76,0,0,0,1,,0,0
1212-2,6,18,monjes,49,92,1,151,452,0,2,0,45,65,0,0,0,1,,0,0
1212-2,6,19,monjes,49,90,1,120,433,0,2,0,45,65,0,0,0,1,1,25,0
1212-2,6,20,monjes,67,90,1,101,433,0,2,0,45,65,0,0,0,2,,0,0
1212-2,6,21,monjes,67,90,1,118,428,0,2,0,45,65,0,0,0,2,,0,0
1212-2,6,22,monjes,67,90,1,135,423,0,2,0,45,65,0,0,0,2,,0,0
1212-2,6,23,monjes,67,90,1,152,387,0,2,0,22,42,0,0,0,2,,0,0
1212-2,6,24,monjes,75,90,1,163,362,0,2,0,22,36,0,0,0,2,,0,0
1212-2,6,25,monjes,74,86,1,214,317,0,2,0,17,31,0,0,0,2,1,20,0
1212-2,6,26,monjes,74,86,1,173,298,0,2,0,17,30,0,0,0,2,,0,0
1212-2,6,27,monjes,74,86,1,183,273,0,2,0,17,30,0,0,0,2,,0,0
1212-2,6,28,monjes,74,86,1,193,249,0,2,0,17,30,0,0,0,2,,0,0
1212-2,6,29,monjes,75,90,1,203,244,0,2,0,36,49,0,0,0,2,,0,0
1212-2,6,30,monjes,75,90,1,220,238,0,2,0,36,56,0,0,0,2,,0,0
1212-2,6,31,monjes,75,90,1,296,217,0,2,0,36,56,0,0,0,2,1,25,0
1212-2,6,32,monjes,75,90,1,262,219,0,2,0,36,56,0,0,0,2,,0,0
1212-2,6,33,monjes,83,90,1,228,221,0,2,0,36,56,0,0,0,2,,0,0
1212-2,6,34,monjes,83,90,1,245,216,0,2,0,36,56,0,0,0,2,,0,0
1212-2,6,35,monjes,83,90,1,262,246,0,2,0,72,92,0,0,0,2,,0,0
1212-2,6,36,monjes,83,90,1,279,276,0,2,0,72,92,0,0,0,2,,0,0
1212-2,6,37,monjes,83,90,1,335,310,0,2,0,72,92,0,0,0,2,1,16,0
1212-2,6,38,monjes,83,90,1,289,343,0,2,0,72,92,0,0,0,2,,0,0
1212-2,6,39,monjes,83,90,1,243,375,0,2,0,72,92,0,0,0,2,,0,0
1212-2,6,40,monjes,83,90,1,233,401,0,2,0,72,92,0,0,0,2,,0,0
1212-2,6,41,monjes,83,90,1,250,398,0,2,0,45,65,0,0,0,2,,0,0
1212-2,6,42,monjes,83,90,1,267,395,0,2,0,45,65,0,0,0,2,,0,0
1212-2,6,43,monjes,83,90,1,355,390,0,2,0,45,65,0,0,0,2,1,26,0
1212-2,6,44,monjes,83,90,1,309,394,0,2,0,45,65,0,0,0,2,,0,0
1212-2,6,45,monjes,91,90,1,263,398,0,2,0,45,65,0,0,0,2,,0,0
1212-2,6,46,monjes,91,90,1,262,397,0,2,0,45,65,0,0,0,2,,0,0
1212-2,6,47,monjes,91,90,1,279,367,0,2,0,17,37,0,0,0,2,,0,0
1212-2,6,48,monjes,91,90,1,290,338,0,2,0,17,31,0,0,0,2,,0,0
1212-2,6,49,monjes,91,90,1,367,322,0,2,0,22,36,0,0,0,2,1,16,0
1212-2,6,50,monjes,91,90,1,315,298,0,2,0,22,36,0,0,0,2,,0,0
1212-2,6,51,monjes,91,90,1,263,284,0,2,0,22,36,0,0,0,2,,0,0
1212-2,6,52,monjes,99,90,1,238,267,0,2,0,22,36,0,0,0,2,,0,0
1212-2,6,53,monjes,99,90,1,249,260,0,2,0,36,50,0,0,0,2,,0,0
1212-2,6,54,monjes,99,90,1,266,254,0,2,0,36,56,0,0,0,2,,0,0
1212-2,6,55,monjes,98,89,1,350,241,0,2,0,36,56,0,0,0,2,1,19,0
1212-2,6,56,monjes,99,90,1,303,242,0,2,0,36,55,0,0,0,2,,0,0
1212-2,6,57,monjes,99,90,1,257,243,0,2,0,36,56,0,0,0,2,,0,0
1212-2,6,58,monjes,128,96,2,265,238,0,2,0,36,56,0,0,0,3,,0,0
1212-2,6,59,monjes,128,97,2,276,265,0,2,0,72,92,0,0,0,3,,0,0
1212-2,6,60,monjes,128,98,2,287,291,0,2,0,72,92,0,0,0,3,,0,0
1212-2,6,61,monjes,129,103,2,351,272,0,0,0,72,92,0,0,0,3,1,28,0
1212-2,6,62,monjes,129,104,2,308,301,0,0,0,72,92,0,1,0,3,,0,0
1212-2,6,63,monjes,178,157,3,256,345,0,0,0,88,109,0,0,0,4,,0,0
1212-2,6,64,monjes,179,160,3,217,373,0,0,0,88,119,0,1,0,4,,0,0
1212-2,6,65,monjes,179,163,3,223,361,0,0,0,52,88,0,0,0,4,,0,0
1212-2,6,66,monjes,180,166,3,238,348,0,0,0,53,90,0,1,0,4,,0,0
1212-2,6,67,monjes,180,165,3,319,327,0,0,0,53,90,0,0,0,4,1,26,0
1212-2,6,68,monjes,180,166,3,325,325,0,0,0,67,103,0,3,0,4,,0,0
1212-2,6,69,monjes,180,167,3,316,341,0,0,0,80,117,0,0,0,4,,0,0
1212-2,6,70,monjes,180,168,3,322,355,0,0,0,81,119,0,1,0,4,,0,0
1212-2,6,71,monjes,180,169,3,328,340,0,0,0,50,88,0,0,0,4,,0,0
1212-2,6,72,monjes,181,170,3,328,324,0,0,0,50,82,0,0,0,4,,0,0
1212-2,6,73,monjes,180,169,3,363,253,0,0,0,52,86,0,1,0,4,1,31,0
1212-2,6,74,monjes,181,173,3,309,247,0,0,0,49,80,0,0,0,4,,0,0
1212-2,6,75,monjes,199,223,4,255,239,0,0,0,50,82,0,0,0,4,,0,0
1212-2,6,76,monjes,200,228,4,204,220,0,0,0,50,92,0,1,0,4,,0,0
1212-2,6,77,monjes,201,234,4,207,219,0,0,0,74,116,0,0,0,4,,0,0
1212-2,6,78,monjes,211,240,4,225,216,0,0,0,74,122,0,0,0,4,,0,0
1212-2,6,79,monjes,212,245,4,260,179,0,0,0,74,123,0,0,0,4,1,22,0
1212-2,6,80,monjes,212,249,4,216,183,0,2,0,76,125,0,2,0,4,,0,0
1212-2,6,81,monjes,228,289,5,208,197,0,4,0,86,138,0,0,0,4,,0,0
1212-2,6,82,monjes,230,298,5,200,204,0,4,0,87,147,0,2,0,4,,0,0
1212-2,6,83,monjes,232,307,5,215,295,0,4,0,170,231,0,0,0,4,,0,0
1212-2,6,84,monjes,234,316,5,230,373,0,4,0,171,232,0,1,0,4,,0,0
1212-2,6,85,monjes,236,325,5,263,444,0,4,0,171,233,0,0,0,4,1,25,0
1212-2,6,86,monjes,238,335,5,233,512,0,4,0,171,233,0,1,0,4,,0,0
1212-2,6,87,monjes,240,346,5,203,576,0,4,0,171,235,0,1,0,4,,0,0
1212-2,6,88,monjes,242,357,5,185,634,0,4,0,171,241,0,1,0,4,,0,0
1212-2,6,89,monjes,244,369,5,200,635,0,4,0,119,192,0,0,0,4,,0,0
1212-2,6,90,monjes,247,380,5,227,627,0,4,0,119,194,0,1,0,4,,0,0
1212-2,6,91,monjes,249,391,5,311,611,0,4,0,119,197,0,0,0,4,1,21,0
1212-2,6,92,monjes,250,398,5,279,602,0,4,0,120,200,0,0,0,4,,0,0
1212-2,6,93,monjes,252,405,5,274,593,0,4,0,120,200,0,0,0,4,,0,0
1212-2,6,94,monjes,253,413,5,307,578,0,4,0,120,202,0,0,0,4,,0,0
1212-2,6,95,monjes,253,413,5,340,514,0,4,0,70,152,0,0,0,4,,0,0
1212-2,6,96,monjes,253,413,5,367,452,0,4,0,70,146,0,0,0,4,,0,0
1212-2,6,97,monjes,252,409,5,459,390,0,4,0,70,146,0,0,0,4,1,25,0
1212-2,6,98,monjes,252,409,5,446,345,0,4,0,70,146,0,0,0,4,,0,0
1212-2,6,99,monjes,252,409,5,433,302,0,4,0,70,146,0,0,0,4,,0,0
1212-2,6,100,monjes,252,409,5,420,261,0,4,0,70,146,0,0,0,4,,0,0
1212-2,6,101,monjes,253,410,5,407,252,0,4,0,102,178,0,0,0,4,,0,0
1212-2,6,102,monjes,253,411,5,400,243,0,4,0,102,184,0,0,0,4,,0,0
1212-2,6,103,monjes,253,411,5,445,222,0,3,0,102,184,0,0,0,4,1,30,0
1212-2,6,104,monjes,253,411,5,438,211,0,3,0,102,184,0,0,0,4,,0,0
1212-2,6,105,monjes,253,411,5,431,204,0,3,0,102,184,0,0,0,4,,0,0
1212-2,6,106,monjes,261,411,5,424,197,0,3,0,102,184,0,0,0,4,,0,0
1212-2,6,107,monjes,262,419,5,417,268,0,3,0,183,265,0,0,0,4,,0,0
1212-2,6,108,monjes,264,428,5,412,335,0,3,0,183,267,0,0,0,4,,0,0
1212-2,6,109,monjes,266,437,5,417,396,0,3,0,183,267,0,0,0,4,1,19,0
1212-2,6,110,monjes,268,448,5,427,454,0,3,0,183,269,0,0,0,4,,0,0
1212-2,6,111,monjes,270,459,5,441,507,0,3,0,183,269,0,0,0,4,,0,0
1212-2,6,112,monjes,273,470,5,458,556,0,3,0,183,272,0,0,0,4,,0,0
1212-2,6,113,monjes,274,475,5,475,539,0,3,0,120,209,0,0,0,4,,0,0
1212-2,6,114,monjes,274,475,5,492,522,0,3,0,120,209,0,0,0,4,,0,0
1212-2,6,115,monjes,274,475,5,545,496,0,3,0,120,209,0,0,0,4,1,36,0
1212-2,6,116,monjes,274,475,5,541,474,0,3,0,120,209,0,2,0,4,,0,0
1212-2,6,117,monjes,284,486,5,537,481,0,3,0,145,234,0,0,0,4,,0,0
1212-2,6,118,monjes,286,497,5,542,484,0,3,0,145,239,0,0,0,4,,0,0
1212-2,6,119,monjes,286,497,5,547,424,0,3,0,82,178,0,0,0,4,,0,0
1212-2,6,120,monjes,286,497,5,545,366,0,3,0,82,172,0,0,0,4,,0,0
1212-2,6,121,monjes,286,497,5,595,311,0,3,0,82,172,0,0,0,4,1,27,0
1212-2,6,122,monjes,286,497,5,594,248,0,3,0,82,172,0,0,0,4,,0,0
1212-2,6,123,monjes,286,497,5,593,197,0,3,0,82,172,0,0,0,4,,0,0
1212-2,6,124,monjes,294,497,5,594,148,0,3,0,82,172,0,0,0,4,,0,0
1212-2,6,125,monjes,294,497,5,595,141,0,0,0,122,212,0,0,0,4,,0,0
1212-2,6,126,monjes,294,497,5,598,131,0,0,0,122,218,0,1,0,4,,0,0
1212-2,6,127,monjes,294,497,5,651,126,0,0,0,122,218,0,0,0,4,1,24,0
1212-2,6,128,monjes,294,497,5,602,122,0,2,0,122,218,0,0,0,4,,0,0
1212-2,6,129,monjes,294,497,5,557,118,0,4,0,122,218,0,0,0,4,,0,0
1212-2,6,130,monjes,294,497,5,507,116,0,3,0,122,218,0,0,0,4,,0,0
1212-2,6,131,monjes,295,503,5,458,209,0,5,0,223,319,0,0,0,4,,0,0
1212-2,6,132,monjes,296,509,5,438,297,0,7,0,223,319,0,0,0,4,,0,0
1212-2,6,133,monjes,298,519,5,542,378,0,8,0,223,320,0,0,0,4,1,25,0
1212-2,6,134,monjes,300,525,5,546,453,0,8,0,223,320,0,0,0,4,,0,0
1212-2,6,135,monjes,301,533,5,553,523,0,8,0,223,323,0,0,0,4,,0,0
1212-2,6,136,monjes,303,541,5,564,588,0,8,0,223,323,0,0,0,4,,0,0
1212-2,6,137,monjes,304,549,5,571,574,0,8,0,145,246,0,0,0,4,,0,0
1212-2,6,138,monjes,306,556,5,579,558,0,8,0,145,246,0,0,0,4,,0,0
1212-2,6,139,monjes,306,559,5,676,531,0,8,0,145,248,0,0,0,4,1,25,0
1212-2,6,140,monjes,307,562,5,686,515,0,8,0,145,248,0,0,0,4,,0,0
1212-2,6,141,monjes,308,565,5,696,499,0,8,0,145,248,0,0,0,4,,0,0
1212-2,6,142,monjes,308,569,5,708,482,0,8,0,145,250,0,0,0,4,,0,0
1212-2,6,143,monjes,308,569,5,721,405,0,8,0,82,187,0,0,0,4,,0,0
1212-2,6,144,monjes,308,569,5,729,338,0,1,0,82,181,0,0,0,4,,0,0
1212-2,6,145,monjes,308,569,5,809,215,0,1,0,82,181,0,0,0,4,1,35,0
1212-2,6,146,monjes,308,569,5,817,148,0,1,0,82,181,0,0,0,4,,0,0
1212-2,6,147,monjes,338,639,6,825,84,0,1,0,82,181,0,0,0,4,,0,0
1212-2,6,148,monjes,338,639,6,834,6,0,0,0,82,195,0,0,0,4,,0,0
1212-2,6,149,monjes,337,639,6,841,1,0,0,0,122,235,1,0,0,4,,0,0
1212-2,6,150,monjes,336,639,6,854,1,0,0,0,122,241,1,0,0,4,,0,0
1212-2,6,151,monjes,492,623,6,918,4,0,0,0,122,241,1,1,1,5,1,32,0
1212-2,6,152,monjes,488,607,6,877,4,0,2,0,108,217,1,0,0,5,,0,0
1212-2,6,153,monjes,484,592,6,835,0,0,4,0,108,216,1,0,0,5,,0,0
1212-2,6,154,monjes,480,577,6,790,4,0,6,0,108,213,1,0,0,5,,0,0
1212-2,6,155,monjes,485,600,6,720,57,0,5,0,198,301,0,0,0,5,,0,0
1212-2,6,156,monjes,489,622,6,678,102,0,5,0,198,305,0,3,0,5,,0,0
1212-2,6,157,monjes,492,635,6,744,178,0,3,0,230,339,0,0,0,5,1,19,0
1212-2,6,158,monjes,493,643,6,740,244,0,3,0,230,333,0,2,0,5,,0,0
1212-2,6,159,monjes,494,649,6,707,348,0,3,0,271,376,0,0,0,5,,0,0
1212-2,6,160,monjes,496,655,6,705,442,0,3,0,271,377,0,2,0,5,,0,0
1212-2,6,161,monjes,505,661,6,704,455,0,3,0,187,294,0,0,0,5,,0,0
1212-2,6,162,monjes,505,664,6,703,465,0,3,0,187,294,0,0,0,5,,0,0
1212-2,6,163,monjes,505,664,6,770,429,0,3,0,187,295,0,0,0,5,1,28,0
1212-2,6,164,monjes,505,664,6,780,433,0,3,0,187,295,0,0,0,5,,0,0
1212-2,6,165,monjes,514,669,7,820,477,0,3,0,187,295,0,0,0,5,,0,0
1212-2,6,166,monjes,515,670,7,822,479,0,3,0,187,295,0,0,0,5,,0,0
1212-2,6,167,monjes,515,670,7,824,404,0,3,0,107,215,0,0,0,5,,0,0
1212-2,6,168,monjes,515,670,7,820,332,0,3,0,107,209,0,0,0,5,,0,0
1212-2,6,169,monjes,515,674,7,865,279,0,3,0,123,225,0,0,0,5,1,30,0
1212-2,6,170,monjes,515,674,7,860,224,0,3,0,123,225,0,0,0,5,,0,0
1212-2,6,171,monjes,515,674,7,855,171,0,3,0,123,225,0,1,0,5,,0,0
1212-2,6,172,monjes,515,674,7,840,129,0,0,0,127,229,0,0,0,5,,0,0
1212-2,6,173,monjes,515,674,7,835,118,0,0,0,162,264,0,0,0,5,,0,0
1212-2,6,174,monjes,515,674,7,836,107,0,0,0,162,270,0,1,0,5,,0,0
1212-2,6,175,monjes,515,674,7,844,99,0,0,0,159,268,0,0,0,5,1,25,0
1212-2,6,176,monjes,515,674,7,794,89,0,2,0,159,268,0,1,0,5,,0,0
1212-2,6,177,monjes,515,674,7,729,83,0,2,0,159,268,0,0,0,5,,0,0
1212-2,6,178,monjes,515,674,7,679,75,0,2,0,159,268,0,1,0,5,,0,0
1212-2,6,179,monjes,516,675,7,629,192,0,4,0,288,396,0,0,0,5,,0,0
1212-2,6,180,monjes,516,676,7,579,305,0,6,0,289,398,0,0,0,5,,0,0
1212-2,6,181,monjes,516,677,7,666,409,0,8,0,289,398,0,0,0,5,1,24,0
1212-2,6,182,monjes,516,678,7,667,511,0,8,0,291,400,0,0,0,5,,0,0
1212-2,6,183,monjes,516,679,7,669,609,0,8,0,291,401,0,0,0,5,,0,0
1212-2,6,184,monjes,517,680,7,671,704,0,8,0,292,402,0,0,0,5,,0,0
1212-2,6,185,monjes,517,681,7,673,699,0,8,0,193,303,0,0,0,5,,0,0
1212-2,6,186,monjes,517,682,7,675,695,0,8,0,193,303,0,0,0,5,,0,0
1212-2,6,187,monjes,517,683,7,716,683,0,8,0,195,306,0,0,0,5,1,26,0
1212-2,6,188,monjes,517,684,7,719,681,0,8,0,195,306,0,0,0,5,,0,0
1212-2,6,189,monjes,518,685,7,722,678,0,8,0,195,306,0,0,0,5,,0,0
1212-2,6,190,monjes,518,686,7,725,676,0,8,0,196,307,0,0,0,5,,0,0
1212-2,6,191,monjes,518,686,7,728,612,0,8,0,131,242,0,0,0,5,,0,0
1212-2,6,192,monjes,518,686,7,725,551,0,8,0,131,236,0,0,0,5,,0,0
1212-2,6,193,monjes,518,686,7,774,462,0,8,0,114,219,0,0,0,5,1,30,0
1212-2,6,194,monjes,518,686,7,771,386,0,8,0,114,219,0,0,0,5,,0,0
1212-2,6,195,monjes,518,686,7,768,320,0,1,0,114,219,0,0,0,5,,0,0
1212-2,6,196,monjes,518,686,7,765,254,0,1,0,114,219,0,0,0,5,,0,0
1212-2,6,197,monjes,526,686,7,762,241,0,1,0,166,271,0,0,0,5,,0,0
1212-2,6,198,monjes,526,686,7,765,228,0,1,0,166,277,0,0,0,5,,0,0
1212-2,6,199,monjes,526,686,7,694,214,0,1,0,166,277,0,0,0,5,1,32,0
1212-2,6,200,monjes,526,686,7,676,195,0,2,0,166,277,0,0,0,5,,0,0
1212-2,6,1,salineros,24,41,1,19,69,0,7,0,10,27,0,0,0,0,1,5,0
1212-2,6,2,salineros,24,41,1,19,67,0,14,0,10,23,0,0,0,0,,0,0
1212-2,6,3,salineros,24,41,1,19,65,0,21,0,10,23,0,0,0,0,,0,0
1212-2,6,4,salineros,24,41,1,19,63,0,28,0,10,23,0,0,0,0,,0,0
1212-2,6,5,salineros,24,43,1,19,67,0,35,0,16,29,0,1,0,0,,0,0
1212-2,6,6,salineros,25,45,1,3,73,0,51,0,16,42,0,0,0,0,,0,0
1212-2,6,7,salineros,90,47,1,7,76,0,67,0,16,42,0,0,0,1,1,0,1
1212-2,6,8,salineros,90,49,1,11,79,0,83,0,16,42,0,1,0,1,,0,0
1212-2,6,9,salineros,91,51,1,23,83,0,98,0,16,49,0,0,0,1,,0,0
1212-2,6,10,salineros,91,53,1,37,87,0,113,0,16,51,0,0,0,1,,0,0
1212-2,6,11,salineros,92,55,1,51,109,0,126,0,35,69,0,0,0,1,,0,0
1212-2,6,12,salineros,92,57,1,65,139,0,139,0,43,77,0,0,0,1,,0,0
1212-2,6,13,salineros,92,55,1,59,158,0,141,0,43,77,0,0,0,1,1,15,0
1212-2,6,14,salineros,92,57,1,73,188,0,142,0,43,76,0,0,0,1,,0,0
1212-2,6,15,salineros,92,59,1,87,217,0,142,0,43,76,0,0,0,1,,0,0
1212-2,6,16,salineros,93,60,1,101,246,0,142,0,43,76,0,0,0,1,,0,0
1212-2,6,17,salineros,93,60,1,117,256,0,140,0,25,59,0,0,0,1,,0,0
1212-2,6,18,salineros,93,60,1,133,261,0,138,0,20,54,0,0,0,1,,0,0
1212-2,6,19,salineros,92,58,1,717,239,0,142,0,20,53,0,0,0,1,1,27,0
1212-2,6,20,salineros,93,60,1,707,242,0,147,0,20,51,0,0,0,1,,0,0
1212-2,6,21,salineros,111,60,1,699,244,0,152,0,20,53,0,0,0,2,,0,0
1212-2,6,22,salineros,111,60,1,715,246,0,152,0,20,52,0,0,0,2,,0,0
1212-2,6,23,salineros,111,60,1,731,238,0,152,0,10,42,0,0,0,2,,0,0
1212-2,6,24,salineros,111,60,1,741,230,0,152,0,10,36,0,0,0,2,,0,0
1212-2,6,25,salineros,110,56,1,1083,197,0,155,0,7,32,0,0,0,2,1,30,0
1212-2,6,26,salineros,110,56,1,1068,187,0,159,0,7,31,0,0,0,2,,0,0
1212-2,6,27,salineros,118,56,1,1053,177,0,162,0,7,30,0,0,0,2,,0,0
1212-2,6,28,salineros,118,56,1,1038,167,0,165,0,7,30,0,0,0,2,,0,0
1212-2,6,29,salineros,118,58,1,1023,166,0,168,0,16,39,0,0,0,2,,0,0
1212-2,6,30,salineros,119,60,1,1013,165,0,170,0,16,43,0,0,0,2,,0,0
1212-2,6,31,salineros,119,60,1,1276,150,0,172,0,16,45,0,0,0,2,1,28,0
1212-2,6,32,salineros,119,60,1,1268,148,0,174,0,16,45,0,0,0,2,,0,0
1212-2,6,33,salineros,127,60,1,1260,146,0,176,0,16,44,0,0,0,2,,0,0
1212-2,6,34,salineros,127,60,1,1252,144,0,178,0,16,44,0,0,0,2,,0,0
1212-2,6,35,salineros,127,60,1,1244,158,0,178,0,32,59,0,0,0,2,,0,0
1212-2,6,36,salineros,127,60,1,1218,175,0,178,0,32,59,0,0,0,2,,0,0
1212-2,6,37,salineros,127,60,1,1428,189,0,178,0,32,59,0,0,0,2,1,25,0
1212-2,6,38,salineros,127,60,1,1420,203,0,177,0,32,59,0,0,0,2,,0,0
1212-2,6,39,salineros,127,60,1,1412,217,0,176,0,32,59,0,0,0,2,,0,0
1212-2,6,40,salineros,127,60,1,1404,231,0,175,0,32,59,0,0,0,2,,0,0
1212-2,6,41,salineros,127,60,1,1396,233,0,174,0,20,47,0,0,0,2,,0,0
1212-2,6,42,salineros,127,60,1,1388,235,0,173,0,20,47,0,0,0,2,,0,0
1212-2,6,43,salineros,127,60,1,1601,228,0,172,0,20,47,0,0,0,2,1,40,0
1212-2,6,44,salineros,135,60,1,1593,230,0,171,0,20,47,0,0,0,2,,0,0
1212-2,6,45,salineros,135,60,1,1585,232,0,170,0,20,47,0,0,0,2,,0,0
1212-2,6,46,salineros,135,60,1,1577,234,0,169,0,20,47,0,0,0,2,,0,0
1212-2,6,47,salineros,135,60,1,1569,214,0,168,0,7,34,0,0,0,2,,0,0
1212-2,6,48,salineros,143,60,1,1555,203,0,167,0,7,28,0,0,0,2,,0,0
1212-2,6,49,salineros,143,60,1,1768,195,0,167,0,10,31,0,0,0,2,1,25,0
1212-2,6,50,salineros,143,60,1,1754,187,0,167,0,10,31,0,0,0,2,,0,0
1212-2,6,51,salineros,143,60,1,1740,179,0,167,0,10,31,0,0,0,2,,0,0
1212-2,6,52,salineros,143,60,1,1726,162,0,167,0,10,31,0,0,0,2,,0,0
1212-2,6,53,salineros,143,60,1,1712,160,0,167,0,16,37,0,0,0,2,,0,0
1212-2,6,54,salineros,143,60,1,1704,158,0,167,0,16,43,0,0,0,2,,0,0
1212-2,6,55,salineros,143,60,1,1912,156,0,167,0,16,43,0,0,0,2,1,21,0
1212-2,6,56,salineros,151,60,1,1904,154,0,167,0,16,43,0,0,0,2,,0,0
1212-2,6,57,salineros,151,60,1,1878,155,0,167,0,16,43,0,0,0,2,,0,0
1212-2,6,58,salineros,151,60,1,1852,156,0,167,0,16,43,0,0,0,2,,0,0
1212-2,6,59,salineros,151,60,1,1826,173,0,167,0,32,59,0,0,0,2,,0,0
1212-2,6,60,salineros,151,60,1,1800,190,0,167,0,32,59,0,0,0,2,,0,0
1212-2,6,61,salineros,151,60,1,2034,164,0,167,0,32,59,0,0,0,2,1,25,0
1212-2,6,62,salineros,151,60,1,2026,178,0,167,0,32,59,0,0,0,2,,0,0
1212-2,6,63,salineros,190,117,2,2018,192,0,167,0,32,59,0,0,0,3,,0,0
1212-2,6,64,salineros,190,119,2,2011,192,0,167,0,32,69,0,0,0,3,,0,0
1212-2,6,65,salineros,190,119,2,2004,180,0,167,0,20,57,0,0,0,3,,0,0
1212-2,6,66,salineros,190,119,2,1997,168,0,167,0,20,57,0,0,0,3,,0,0
1212-2,6,67,salineros,191,123,2,2199,157,0,167,0,20,57,0,0,0,3,1,38,0
1212-2,6,68,salineros,191,123,2,2193,141,0,168,0,20,57,0,2,0,3,,0,0
1212-2,6,69,salineros,191,124,2,2157,147,0,169,0,38,75,0,0,0,3,,0,0
1212-2,6,70,salineros,191,124,2,2153,148,0,170,0,38,77,0,2,0,3,,0,0
1212-2,6,71,salineros,191,124,2,2119,144,0,171,0,29,68,0,0,0,3,,0,0
1212-2,6,72,salineros,191,124,2,2109,136,0,172,0,29,62,0,0,0,3,,0,0
1212-2,6,73,salineros,191,120,2,2300,81,0,174,0,29,62,0,2,0,3,1,26,0
1212-2,6,74,salineros,191,120,2,2278,104,0,172,0,49,82,0,0,0,3,,0,0
1212-2,6,75,salineros,246,205,3,2256,127,0,169,0,49,82,0,0,0,4,,0,0
1212-2,6,76,salineros,246,205,3,2241,129,0,166,0,49,98,0,0,0,4,,0,0
1212-2,6,77,salineros,246,205,3,2226,142,0,163,0,60,109,0,0,0,4,,0,0
1212-2,6,78,salineros,246,205,3,2217,155,0,159,0,60,115,0,0,0,4,,0,0
1212-2,6,79,salineros,246,205,3,2432,113,0,156,0,60,115,0,0,0,4,1,36,0
1212-2,6,80,salineros,246,205,3,2423,123,0,153,0,66,121,0,1,0,4,,0,0
1212-2,6,81,salineros,274,265,4,2414,152,0,150,0,76,131,0,0,0,4,,0,0
1212-2,6,82,salineros,274,265,4,2408,166,0,146,0,76,143,0,0,0,4,,0,0
1212-2,6,83,salineros,274,265,4,2402,221,0,141,0,117,184,0,0,0,4,,0,0
1212-2,6,84,salineros,274,265,4,2396,276,0,135,0,117,184,0,0,0,4,,0,0
1212-2,6,85,salineros,274,265,4,2607,278,0,128,0,117,184,0,0,0,4,1,42,0
1212-2,6,86,salineros,282,265,4,2613,325,0,121,0,117,184,0,1,0,4,,0,0
1212-2,6,87,salineros,314,385,5,2619,388,0,113,0,131,198,0,0,0,4,,0,0
1212-2,6,88,salineros,314,385,5,2640,421,0,104,0,131,222,0,0,0,4,,0,0
1212-2,6,89,salineros,314,385,5,2661,419,0,95,0,96,187,0,0,0,4,,0,0
1212-2,6,90,salineros,314,385,5,2682,408,0,85,0,96,187,0,0,0,4,,0,0
1212-2,6,91,salineros,314,385,5,2868,406,0,76,0,96,187,0,0,0,4,1,37,0
1212-2,6,92,salineros,322,385,5,2889,394,0,68,0,96,187,0,5,0,4,,0,0
1212-2,6,93,salineros,322,385,5,2891,428,0,59,0,132,223,0,0,0,4,,0,0
1212-2,6,94,salineros,322,385,5,2912,460,0,49,0,132,223,0,1,0,4,,0,0
1212-2,6,95,salineros,322,385,5,2933,464,0,37,0,102,193,0,0,0,4,,0,0
1212-2,6,96,salineros,322,385,5,2948,468,0,25,0,102,187,0,0,0,4,,0,0
1212-2,6,97,salineros,322,385,5,3182,472,0,13,0,102,187,0,0,0,4,1,32,0
1212-2,6,98,salineros,322,385,5,3197,476,0,1,0,102,187,0,0,0,4,,0,0
1212-2,6,99,salineros,322,385,5,3212,439,0,5,0,61,146,0,0,0,4,,0,0
1212-2,6,100,salineros,322,385,5,3215,430,0,8,0,89,174,0,0,0,4,,0,0
1212-2,6,101,salineros,322,385,5,3218,463,0,9,0,128,213,0,0,0,4,,0,0
1212-2,6,102,salineros,322,385,5,3227,496,0,0,0,128,219,0,0,0,4,,0,0
1212-2,6,103,salineros,322,389,5,3358,487,0,8,0,87,178,0,0,0,4,1,32,0
1212-2,6,104,salineros,322,389,5,3345,515,0,11,0,128,219,0,0,0,4,,0,0
1212-2,6,105,salineros,322,389,5,3332,543,0,3,0,128,219,0,0,0,4,,0,0
1212-2,6,106,salineros,322,389,5,3319,545,0,10,0,102,193,0,0,0,4,,0,0
1212-2,6,107,salineros,322,389,5,3306,644,0,13,0,199,290,0,0,0,4,,0,0
1212-2,6,108,salineros,322,389,5,3293,743,0,16,0,199,290,0,0,0,4,,0,0
1212-2,6,109,salineros,322,387,5,3387,833,0,2,0,199,290,0,0,0,4,1,20,0
1212-2,6,110,salineros,322,389,5,3387,907,0,7,0,173,262,0,0,0,4,,0,0
1212-2,6,111,salineros,322,389,5,3389,1006,0,8,0,199,290,0,0,0,4,,0,0
1212-2,6,112,salineros,322,389,5,3391,1105,0,9,0,199,290,0,0,0,4,,0,0
1212-2,6,113,salineros,322,389,5,3393,1152,0,10,0,147,238,0,0,0,4,,0,0
1212-2,6,114,salineros,322,389,5,3395,1199,0,11,0,147,238,0,0,0,4,,0,0
1212-2,6,115,salineros,322,389,5,3456,1234,0,12,0,147,238,0,0,0,4,1,30,0
1212-2,6,116,salineros,322,389,5,3447,1277,0,14,0,147,238,0,0,0,4,,0,0
1212-2,6,117,salineros,330,389,5,3438,1324,0,16,0,147,238,0,0,0,4,,0,0
1212-2,6,118,salineros,330,389,5,3429,1371,0,18,0,147,238,0,0,0,4,,0,0
1212-2,6,119,salineros,330,389,5,3420,1373,0,20,0,102,193,0,0,0,4,,0,0
1212-2,6,120,salineros,330,389,5,3405,1375,0,22,0,102,187,0,0,0,4,,0,0
1212-2,6,121,salineros,330,389,5,3523,1325,0,21,0,102,187,0,0,0,4,1,26,0
1212-2,6,122,salineros,330,389,5,3537,1327,0,19,0,102,187,0,0,0,4,,0,0
1212-2,6,123,salineros,356,439,6,3533,1329,0,20,0,102,187,0,0,0,4,,0,0
1212-2,6,124,salineros,356,439,6,3525,1319,0,21,0,102,197,0,0,0,4,,0,0
1212-2,6,125,salineros,357,441,6,3517,1335,0,22,0,128,223,0,0,0,4,,0,0
1212-2,6,126,salineros,357,443,6,3515,1350,0,23,0,128,229,0,0,0,4,,0,0
1212-2,6,127,salineros,358,445,6,3649,1342,0,21,0,128,229,0,0,0,4,1,40,0
1212-2,6,128,salineros,366,447,6,3665,1354,0,19,0,128,229,0,1,0,4,,0,0
1212-2,6,129,salineros,366,449,6,3663,1375,0,20,0,135,236,0,0,0,4,,0,0
1212-2,6,130,salineros,366,449,6,3663,1385,0,21,0,135,238,0,0,0,4,,0,0
1212-2,6,131,salineros,366,449,6,3663,1483,0,22,0,213,316,0,0,0,4,,0,0
1212-2,6,132,salineros,366,449,6,3663,1581,0,23,0,213,316,0,0,0,4,,0,0
1212-2,6,133,salineros,366,449,6,3800,1679,0,21,0,213,316,0,0,0,4,1,21,0
1212-2,6,134,salineros,374,449,6,3818,1777,0,19,0,213,316,0,0,0,4,,0,0
1212-2,6,135,salineros,374,449,6,3818,1875,0,20,0,213,316,0,0,0,4,,0,0
1212-2,6,136,salineros,374,449,6,3818,1973,0,21,0,213,316,0,0,0,4,,0,0
1212-2,6,137,salineros,374,449,6,3818,2014,0,22,0,156,259,0,0,0,4,,0,0
1212-2,6,138,salineros,374,449,6,3818,2055,0,23,0,156,259,0,0,0,4,,0,0
1212-2,6,139,salineros,375,453,6,3999,2101,0,21,0,156,259,0,0,0,4,1,22,0
1212-2,6,140,salineros,375,453,6,3999,2141,0,19,0,156,253,0,0,0,4,,0,0
1212-2,6,141,salineros,375,453,6,3969,2181,0,20,0,156,253,0,0,0,4,,0,0
1212-2,6,142,salineros,376,456,6,3939,2219,0,21,0,156,253,0,1,0,4,,0,0
1212-2,6,143,salineros,376,456,6,3909,2206,0,22,0,106,203,0,0,0,4,,0,0
1212-2,6,144,salineros,376,456,6,3873,2193,0,23,0,106,197,0,1,0,4,,0,0
1212-2,6,145,salineros,375,452,6,4027,2171,0,21,0,107,198,0,0,0,4,1,22,0
1212-2,6,146,salineros,375,452,6,4036,2158,0,19,0,107,197,0,1,0,4,,0,0
1212-2,6,147,salineros,375,452,6,4027,2147,0,20,0,107,197,0,1,0,4,,0,0
1212-2,6,148,salineros,375,452,6,4018,2138,0,21,0,107,197,0,0,0,4,,0,0
1212-2,6,149,salineros,376,457,6,4009,2158,0,22,0,136,226,0,0,0,4,,0,0
1212-2,6,150,salineros,377,462,6,4005,2177,0,23,0,136,231,0,0,0,4,,0,0
1212-2,6,151,salineros,378,465,6,4138,2182,0,21,0,136,233,0,0,0,4,1,33,0
1212-2,6,152,salineros,378,468,6,4159,2199,0,21,0,136,240,0,0,0,4,,0,0
1212-2,6,153,salineros,387,471,6,4162,2215,0,24,0,136,240,0,0,0,4,,0,0
1212-2,6,154,salineros,387,474,6,4165,2231,0,27,0,136,240,0,0,0,4,,0,0
1212-2,6,155,salineros,388,478,6,4170,2325,0,30,0,215,321,0,0,0,4,,0,0
1212-2,6,156,salineros,389,482,6,4175,2418,0,33,0,215,321,0,0,0,4,,0,0
1212-2,6,157,salineros,390,486,6,4318,2510,0,33,0,215,321,0,0,0,4,1,25,0
1212-2,6,158,salineros,391,490,6,4342,2601,0,33,0,215,322,0,0,0,4,,0,0
1212-2,6,159,salineros,391,494,6,4366,2682,0,32,0,215,322,0,0,0,4,,0,0
1212-2,6,160,salineros,392,499,6,4392,2771,0,32,0,215,324,0,0,0,4,,0,0
1212-2,6,161,salineros,393,504,6,4418,2801,0,32,0,157,266,0,0,0,4,,0,0
1212-2,6,162,salineros,394,509,6,4445,2829,0,32,0,157,267,0,0,0,4,,0,0
1212-2,6,163,salineros,395,514,6,4670,2856,0,32,0,157,267,0,0,0,4,1,24,0
1212-2,6,164,salineros,396,519,6,4682,2882,0,32,0,157,268,0,0,0,4,,0,0
1212-2,6,165,salineros,397,524,6,4694,2903,0,32,0,157,268,0,0,0,4,,0,0
1212-2,6,166,salineros,398,529,6,4708,2926,0,32,0,157,270,0,0,0,4,,0,0
1212-2,6,167,salineros,406,529,6,4722,2896,0,32,0,107,220,0,0,0,4,,0,0
1212-2,6,168,salineros,406,529,6,4700,2866,0,35,0,107,214,0,1,0,4,,0,0
1212-2,6,169,salineros,406,529,6,4960,2843,0,35,0,114,221,0,0,0,4,1,26,0
1212-2,6,170,salineros,406,529,6,4984,2820,0,38,0,114,224,0,1,0,4,,0,0
1212-2,6,171,salineros,406,529,6,5008,2799,0,41,0,114,224,0,0,0,4,,0,0
1212-2,6,172,salineros,406,529,6,5032,2778,0,44,0,114,224,0,0,0,4,,0,0
1212-2,6,173,salineros,408,537,6,5056,2779,0,47,0,136,246,0,0,0,4,,0,0
1212-2,6,174,salineros,410,545,6,5087,2778,0,50,0,136,253,0,0,0,4,,0,0
1212-2,6,175,salineros,410,549,6,5345,2775,0,0,0,136,253,0,0,0,4,1,26,0
1212-2,6,176,salineros,410,549,6,5378,2730,0,9,0,95,214,0,0,0,4,,0,0
1212-2,6,177,salineros,410,549,6,5411,2726,0,12,0,136,255,0,0,0,4,,0,0
1212-2,6,178,salineros,410,549,6,5444,2722,0,15,0,136,255,0,0,0,4,,0,0
1212-2,6,179,salineros,411,552,6,5477,2797,0,18,0,215,334,0,0,0,4,,0,0
1212-2,6,180,salineros,412,555,6,5512,2871,0,21,0,215,336,0,0,0,4,,0,0
1212-2,6,181,salineros,412,556,6,5703,2935,0,24,0,215,336,0,0,0,4,1,22,0
1212-2,6,182,salineros,413,561,6,5720,3008,0,27,0,215,334,0,0,0,4,,0,0
1212-2,6,183,salineros,413,564,6,5711,3078,0,33,0,215,338,0,1,0,4,,0,0
1212-2,6,184,salineros,414,567,6,5702,3149,0,39,0,215,338,0,0,0,4,,0,0
1212-2,6,185,salineros,415,573,6,5693,3160,0,45,0,157,280,0,1,0,4,,0,0
1212-2,6,186,salineros,416,579,6,5686,3169,0,51,0,157,282,0,1,0,4,,0,0
1212-2,6,187,salineros,418,585,6,5879,3166,0,54,0,157,282,0,0,0,4,1,30,0
1212-2,6,188,salineros,419,591,6,5918,3166,0,57,0,157,282,0,1,0,4,,0,0
1212-2,6,189,salineros,420,597,6,5959,3173,0,60,0,157,284,0,0,0,4,,0,0
1212-2,6,190,salineros,429,603,6,6002,3178,0,0,0,157,286,0,0,0,4,,0,0
1212-2,6,191,salineros,429,603,6,6045,3098,0,9,0,73,202,0,0,0,4,,0,0
1212-2,6,192,salineros,429,603,6,6082,3059,0,12,0,114,237,0,0,0,4,,0,0
1212-2,6,193,salineros,429,603,6,6313,3013,0,18,0,107,230,0,0,0,4,1,19,0
1212-2,6,194,salineros,429,603,6,6332,2967,0,24,0,107,230,0,0,0,4,,0,0
1212-2,6,195,salineros,429,603,6,6351,2921,0,30,0,107,230,0,0,0,4,,0,0
1212-2,6,196,salineros,429,603,6,6370,2875,0,36,0,107,230,0,0,0,4,,0,0
1212-2,6,197,salineros,429,603,6,6389,2858,0,42,0,136,259,0,0,0,4,,0,0
1212-2,6,198,salineros,429,603,6,6414,2841,0,48,0,136,265,0,0,0,4,,0,0
1212-2,6,199,salineros,429,603,6,6526,2812,0,51,0,136,265,0,0,0,4,1,35,0
1212-2,6,200,salineros,429,603,6,6569,2795,0,0,0,136,265,0,0,0,4,,0,0
1212-3,6,1,arrieros,31,76,1,40,64,0,0,0,12,28,0,0,0,0,1,6,0
1212-3,6,2,arrieros,31,76,1,43,53,0,0,0,12,19,0,0,0,0,,0,0
1212-3,6,3,arrieros,31,76,1,46,43,0,0,0,12,19,0,0,0,0,,0,0
1212-3,6,4,arrieros,31,76,1,49,33,0,0,0,12,19,0,0,0,0,,0,0
1212-3,6,5,arrieros,31,76,1,52,26,0,0,0,15,22,0,1,0,0,,0,0
1212-3,6,6,arrieros,31,76,1,70,22,0,0,0,15,37,0,0,0,0,,0,0
1212-3,6,7,arrieros,31,76,1,80,18,0,0,0,15,37,0,0,0,0,1,5,0
1212-3,6,8,arrieros,31,76,1,98,16,0,0,0,15,37,0,0,0,0,,0,0
1212-3,6,9,arrieros,31,76,1,116,12,0,0,0,15,37,0,0,0,0,,0,0
1212-3,6,10,arrieros,31,76,1,134,8,0,0,0,15,37,0,0,0,0,,0,0
1212-3,6,11,arrieros,31,76,1,152,28,0,0,0,40,62,0,0,0,0,,0,0
1212-3,6,12,arrieros,31,76,1,170,48,0,0,0,40,62,0,0,0,0,,0,0
1212-3,6,13,arrieros,30,72,1,114,61,0,0,0,40,62,0,0,0,0,1,8,0
1212-3,6,14,arrieros,30,72,1,110,89,0,0,0,40,62,0,0,0,0,,0,0
1212-3,6,15,arrieros,45,72,1,128,113,0,0,0,40,62,0,0,0,1,,0,0
1212-3,6,16,arrieros,45,72,1,146,130,0,0,0,40,62,0,0,0,1,,0,0
1212-3,6,17,arrieros,45,72,1,164,132,0,0,0,25,47,0,0,0,1,,0,0
1212-3,6,18,arrieros,45,72,1,182,134,0,0,0,25,47,0,0,0,1,,0,0
1212-3,6,19,arrieros,44,68,1,121,120,0,0,0,25,47,0,0,0,1,1,14,0
1212-3,6,20,arrieros,62,68,1,127,123,0,0,0,25,45,0,0,0,2,,0,0
1212-3,6,21,arrieros,63,71,1,143,122,0,0,0,25,45,0,2,0,2,,0,0
1212-3,6,22,arrieros,63,74,1,161,115,0,0,0,25,50,0,0,0,2,,0,0
1212-3,6,23,arrieros,71,74,1,179,105,0,0,0,12,37,0,0,0,2,,0,0
1212-3,6,24,arrieros,71,74,1,190,96,0,0,0,12,30,0,0,0,2,,0,0
1212-3,6,25,arrieros,71,70,1,153,81,0,0,0,12,30,0,0,0,2,1,10,0
1212-3,6,26,arrieros,71,70,1,111,85,0,0,0,12,30,0,0,0,2,,0,0
1212-3,6,27,arrieros,71,70,1,118,89,0,0,0,12,30,0,0,0,2,,0,0
1212-3,6,28,arrieros,71,70,1,129,82,0,0,0,12,30,0,0,0,2,,0,0
1212-3,6,29,arrieros,71,73,1,140,82,0,0,0,20,38,0,0,0,2,,0,0
1212-3,6,30,arrieros,72,76,1,158,81,0,0,0,20,45,0,0,0,2,,0,0
1212-3,6,31,arrieros,72,75,1,113,56,0,0,0,20,45,0,0,0,2,1,28,0
1212-3,6,32,arrieros,80,78,1,120,65,0,0,0,20,45,0,0,0,2,,0,0
1212-3,6,33,arrieros,81,81,1,138,67,0,0,0,20,45,0,0,0,2,,0,0
1212-3,6,34,arrieros,81,81,1,158,48,0,0,0,20,47,0,0,0,2,,0,0
1212-3,6,35,arrieros,90,85,1,178,66,0,0,0,40,67,0,0,0,2,,0,0
1212-3,6,36,arrieros,90,89,1,198,82,0,0,0,40,67,0,0,0,2,,0,0
1212-3,6,37,arrieros,90,89,1,154,91,0,0,0,40,67,0,0,0,2,1,13,0
1212-3,6,38,arrieros,90,89,1,143,111,0,0,0,40,67,0,0,0,2,,0,0
1212-3,6,39,arrieros,90,89,1,159,130,0,0,0,40,67,0,0,0,2,,0,0
1212-3,6,40,arrieros,90,89,1,179,144,0,0,0,40,67,0,0,0,2,,0,0
1212-3,6,41,arrieros,90,89,1,199,142,0,0,0,25,52,0,0,0,2,,0,0
1212-3,6,42,arrieros,90,89,1,219,140,0,0,0,25,52,0,0,0,2,,0,0
1212-3,6,43,arrieros,90,89,1,242,129,0,0,0,25,52,0,0,0,2,1,30,0
1212-3,6,44,arrieros,98,89,1,217,125,0,0,0,25,52,0,1,0,2,,0,0
1212-3,6,45,arrieros,98,89,1,237,123,0,0,0,25,52,0,0,0,2,,0,0
1212-3,6,46,arrieros,98,89,1,257,112,0,0,0,25,52,0,0,0,2,,0,0
1212-3,6,47,arrieros,106,89,1,277,98,0,0,0,12,39,0,0,0,2,,0,0
1212-3,6,48,arrieros,106,89,1,289,85,0,0,0,12,31,0,0,0,2,,0,0
1212-3,6,49,arrieros,106,89,1,356,72,0,0,0,12,31,0,0,0,2,1,16,0
1212-3,6,50,arrieros,106,89,1,308,67,0,0,0,12,31,0,0,0,2,,0,0
1212-3,6,51,arrieros,106,89,1,249,62,0,0,0,12,31,0,1,0,2,,0,0
1212-3,6,52,arrieros,106,89,1,225,62,0,0,0,12,31,0,0,0,2,,0,0
1212-3,6,53,arrieros,106,89,1,237,68,0,0,0,20,39,0,0,0,2,,0,0
1212-3,6,54,arrieros,106,89,1,257,64,0,0,0,20,47,0,0,0,2,,0,0
1212-3,6,55,arrieros,108,97,1,279,61,0,0,0,20,47,0,0,0,2,1,16,0
1212-3,6,56,arrieros,108,97,1,226,59,0,0,0,20,49,0,1,0,2,,0,0
1212-3,6,57,arrieros,108,97,1,226,59,0,0,0,20,49,0,0,0,2,,0,0
1212-3,6,58,arrieros,108,97,1,248,59,0,0,0,20,49,0,0,0,2,,0,0
1212-3,6,59,arrieros,108,97,1,270,72,0,0,0,40,69,0,0,0,2,,0,0
1212-3,6,60,arrieros,108,97,1,292,85,0,0,0,40,69,0,0,0,2,,0,0
1212-3,6,61,arrieros,107,93,1,351,92,0,0,0,40,69,0,0,0,2,1,15,0
1212-3,6,62,arrieros,107,93,1,273,109,0,0,0,40,69,0,1,0,2,,0,0
1212-3,6,63,arrieros,107,93,1,266,127,0,0,0,40,69,0,0,0,2,,0,0
1212-3,6,64,arrieros,107,93,1,288,147,0,0,0,40,69,0,0,0,2,,0,0
1212-3,6,65,arrieros,107,93,1,310,144,0,0,0,25,54,0,0,0,2,,0,0
1212-3,6,66,arrieros,107,93,1,332,141,0,0,0,25,54,0,0,0,2,,0,0
1212-3,6,67,arrieros,106,89,1,389,80,0,0,0,25,54,0,0,0,2,1,28,0
1212-3,6,68,arrieros,114,89,1,317,81,0,0,0,25,52,0,1,0,2,,0,0
1212-3,6,69,arrieros,150,129,2,254,84,0,0,0,25,52,0,0,0,3,,0,0
1212-3,6,70,arrieros,150,129,2,271,77,0,0,0,25,60,0,0,0,3,,0,0
1212-3,6,71,arrieros,150,129,2,292,40,0,0,0,12,47,0,0,0,3,,0,0
1212-3,6,72,arrieros,150,129,2,305,20,0,0,0,12,39,0,0,0,3,,0,0
1212-3,6,73,arrieros,158,129,2,358,0,0,0,0,12,39,0,0,0,3,1,21,0
1212-3,6,74,arrieros,157,129,2,311,9,0,0,0,12,39,1,0,0,3,,0,0
1212-3,6,75,arrieros,156,129,2,253,9,0,0,0,12,39,1,2,0,3,,0,0
1212-3,6,76,arrieros,155,126,2,213,12,0,0,0,17,44,1,0,0,3,,0,0
1212-3,6,77,arrieros,155,126,2,214,22,0,0,0,29,54,0,0,0,3,,0,0
1212-3,6,78,arrieros,155,126,2,233,18,0,0,0,29,62,0,1,0,3,,0,0
1212-3,6,79,arrieros,155,126,2,232,24,0,0,0,38,71,0,0,0,3,1,11,0
1212-3,6,80,arrieros,155,129,2,189,37,0,0,0,38,67,0,1,0,3,,0,0
1212-3,6,81,arrieros,156,131,2,206,51,0,0,0,38,67,0,0,0,3,,0,0
1212-3,6,82,arrieros,156,133,2,223,55,0,0,0,38,67,0,0,0,3,,0,0
1212-3,6,83,arrieros,157,135,2,240,95,0,0,0,76,105,0,0,0,3,,0,0
1212-3,6,84,arrieros,157,137,2,257,137,0,0,0,80,109,0,0,0,3,,0,0
1212-3,6,85,arrieros,157,139,2,220,138,0,0,0,80,109,0,0,0,3,1,11,0
1212-3,6,86,arrieros,158,141,2,152,184,0,0,0,80,110,0,1,0,3,,0,0
1212-3,6,87,arrieros,207,195,3,170,229,0,0,0,80,110,0,0,0,4,,0,0
1212-3,6,88,arrieros,207,199,3,181,251,0,0,0,80,120,0,0,0,4,,0,0
1212-3,6,89,arrieros,208,203,3,202,240,0,0,0,50,90,0,1,0,4,,0,0
1212-3,6,90,arrieros,209,207,3,223,242,0,0,0,62,102,0,0,0,4,,0,0
1212-3,6,91,arrieros,209,209,3,253,178,0,0,0,62,103,0,0,0,4,1,37,0
1212-3,6,92,arrieros,217,209,3,210,193,0,0,0,62,109,0,0,0,4,,0,0
1212-3,6,93,arrieros,234,251,4,220,207,0,0,0,62,109,0,0,0,4,,0,0
1212-3,6,94,arrieros,234,251,4,249,185,0,0,0,62,117,0,0,0,4,,0,0
1212-3,6,95,arrieros,242,251,4,268,147,0,0,0,30,85,0,0,0,4,,0,0
1212-3,6,96,arrieros,242,251,4,289,109,0,0,0,30,77,0,0,0,4,,0,0
1212-3,6,97,arrieros,242,251,4,288,72,0,0,0,30,77,0,1,0,4,1,14,0
1212-3,6,98,arrieros,242,251,4,238,57,0,0,0,36,83,0,0,0,4,,0,0
1212-3,6,99,arrieros,242,251,4,188,42,0,0,0,36,83,0,0,0,4,,0,0
1212-3,6,100,arrieros,242,251,4,194,28,0,0,0,36,83,0,0,0,4,,0,0
1212-3,6,101,arrieros,242,251,4,215,29,0,0,0,60,107,0,0,0,4,,0,0
1212-3,6,102,arrieros,242,251,4,234,26,0,0,0,60,115,0,0,0,4,,0,0
1212-3,6,103,arrieros,242,251,4,216,22,0,0,0,60,115,0,1,0,4,1,10,0
1212-3,6,104,arrieros,242,253,4,185,36,0,0,0,68,123,0,0,0,4,,0,0
1212-3,6,105,arrieros,243,255,4,214,49,0,0,0,68,123,0,0,0,4,,0,0
1212-3,6,106,arrieros,243,257,4,243,52,0,0,0,68,123,0,0,0,4,,0,0
1212-3,6,107,arrieros,243,259,4,272,120,0,0,0,136,191,0,0,0,4,,0,0
1212-3,6,108,arrieros,244,261,4,293,185,0,0,0,136,193,0,0,0,4,,0,0
1212-3,6,109,arrieros,244,263,4,271,206,0,0,0,136,193,0,1,0,4,1,12,0
1212-3,6,110,arrieros,245,265,4,191,295,0,0,0,156,213,0,0,0,4,,0,0
1212-3,6,111,arrieros,264,324,5,211,379,0,0,0,156,213,0,0,0,4,,0,0
1212-3,6,112,arrieros,265,328,5,243,439,0,0,0,156,223,0,0,0,4,,0,0
1212-3,6,113,arrieros,265,329,5,277,436,0,0,0,97,166,0,0,0,4,,0,0
1212-3,6,114,arrieros,265,329,5,313,433,0,0,0,97,168,0,0,0,4,,0,0
1212-3,6,115,arrieros,265,329,5,378,377,0,0,0,97,168,0,0,0,4,1,37,0
1212-3,6,116,arrieros,273,329,5,343,387,0,0,0,97,168,0,1,0,4,,0,0
1212-3,6,117,arrieros,289,365,6,308,408,0,0,0,107,178,0,0,0,4,,0,0
1212-3,6,118,arrieros,289,366,6,303,397,0,0,0,107,184,0,0,0,4,,0,0
1212-3,6,119,arrieros,297,366,6,338,356,0,0,0,53,130,0,0,0,4,,0,0
1212-3,6,120,arrieros,297,366,6,365,306,0,0,0,53,122,0,0,0,4,,0,0
1212-3,6,121,arrieros,297,366,6,366,219,0,0,0,53,122,0,0,0,4,1,19,0
1212-3,6,122,arrieros,297,366,6,312,186,0,0,0,53,122,0,0,0,4,,0,0
1212-3,6,123,arrieros,313,406,7,268,153,0,0,0,53,122,0,0,0,4,,0,0
1212-3,6,124,arrieros,313,406,7,225,111,0,0,0,53,130,0,1,0,4,,0,0
1212-3,6,125,arrieros,313,406,7,235,112,0,0,0,94,171,0,0,0,4,,0,0
1212-3,6,126,arrieros,313,406,7,271,106,0,0,0,94,179,0,0,0,4,,0,0
1212-3,6,127,arrieros,313,406,7,253,57,0,0,0,94,179,0,0,0,4,1,15,0
1212-3,6,128,arrieros,313,406,7,193,57,0,0,0,94,179,0,0,0,4,,0,0
1212-3,6,129,arrieros,330,451,8,218,56,0,0,0,94,179,0,1,0,4,,0,0
1212-3,6,130,arrieros,330,451,8,255,48,0,0,0,102,195,0,0,0,4,,0,0
1212-3,6,131,arrieros,331,456,8,292,135,0,0,0,204,297,0,0,0,4,,0,0
1212-3,6,132,arrieros,332,461,8,329,216,0,0,0,204,297,0,0,0,4,,0,0
1212-3,6,133,arrieros,333,466,8,369,293,0,0,0,204,297,0,0,0,4,1,17,0
1212-3,6,134,arrieros,334,472,8,299,375,0,0,0,204,301,0,0,0,4,,0,0
1212-3,6,135,arrieros,335,478,8,288,452,0,0,0,204,301,0,0,0,4,,0,0
1212-3,6,136,arrieros,336,484,8,327,523,0,0,0,204,303,0,1,0,4,,0,0
1212-3,6,137,arrieros,338,490,8,370,519,0,0,0,137,236,0,0,0,4,,0,0
1212-3,6,138,arrieros,339,495,8,413,513,0,0,0,137,236,0,0,0,4,,0,0
1212-3,6,139,arrieros,339,499,8,539,469,0,0,0,137,240,0,0,0,4,1,28,0
1212-3,6,140,arrieros,340,503,8,515,475,0,0,0,137,240,0,0,0,4,,0,0
1212-3,6,141,arrieros,349,505,8,493,480,0,0,0,137,242,0,0,0,4,,0,0
1212-3,6,142,arrieros,349,507,8,471,484,0,0,0,137,242,0,0,0,4,,0,0
1212-3,6,143,arrieros,349,507,8,458,421,0,0,0,68,173,0,0,0,4,,0,0
1212-3,6,144,arrieros,349,507,8,495,359,0,0,0,68,165,0,0,0,4,,0,0
1212-3,6,145,arrieros,349,507,8,561,259,0,0,0,68,165,0,1,0,4,1,29,0
1212-3,6,146,arrieros,349,507,8,531,205,0,0,0,68,165,0,0,0,4,,0,0
1212-3,6,147,arrieros,357,507,8,501,154,0,0,0,68,165,0,0,0,4,,0,0
1212-3,6,148,arrieros,357,507,8,471,105,0,0,0,68,165,0,0,0,4,,0,0
1212-3,6,149,arrieros,357,507,8,441,98,0,0,0,110,207,0,0,0,4,,0,0
1212-3,6,150,arrieros,357,507,8,419,91,0,0,0,110,215,0,0,0,4,,0,0
1212-3,6,151,arrieros,357,507,8,484,84,0,0,0,110,215,0,0,0,4,1,16,0
1212-3,6,152,arrieros,357,507,8,422,75,0,0,0,110,215,0,0,0,4,,0,0
1212-3,6,153,arrieros,357,507,8,360,64,0,0,0,110,215,0,1,0,4,,0,0
1212-3,6,154,arrieros,357,507,8,383,56,0,0,0,110,215,0,0,0,4,,0,0
1212-3,6,155,arrieros,359,515,8,432,93,0,0,0,159,264,0,0,0,4,,0,0
1212-3,6,156,arrieros,360,521,8,483,120,0,0,0,159,266,0,0,0,4,,0,0
1212-3,6,157,arrieros,361,527,8,636,144,0,0,0,159,266,0,0,0,4,1,25,0
1212-3,6,158,arrieros,362,533,8,566,175,0,0,0,159,266,0,0,0,4,,0,0
1212-3,6,159,arrieros,363,539,8,510,201,0,0,0,159,270,0,1,0,4,,0,0
1212-3,6,160,arrieros,365,545,8,479,237,0,0,0,170,281,0,0,0,4,,0,0
1212-3,6,161,arrieros,366,551,8,530,248,0,0,0,147,258,0,0,0,4,,0,0
1212-3,6,162,arrieros,367,557,8,589,249,0,0,0,147,262,0,0,0,4,,0,0
1212-3,6,163,arrieros,368,563,8,722,247,0,0,0,147,262,0,0,0,4,1,19,0
1212-3,6,164,arrieros,369,567,8,710,256,0,0,0,147,262,0,0,0,4,,0,0
1212-3,6,165,arrieros,369,567,8,688,264,0,0,0,147,262,0,0,0,4,,0,0
1212-3,6,166,arrieros,369,567,8,676,270,0,0,0,147,262,0,1,0,4,,0,0
1212-3,6,167,arrieros,369,567,8,664,211,0,0,0,78,193,0,0,0,4,,0,0
1212-3,6,168,arrieros,369,567,8,644,155,0,0,0,78,185,0,0,0,4,,0,0
1212-3,6,169,arrieros,369,567,8,593,101,0,0,0,78,185,0,0,0,4,1,20,0
1212-3,6,170,arrieros,369,567,8,573,49,0,0,0,78,185,0,0,0,4,,0,0
1212-3,6,171,arrieros,368,567,8,553,12,0,0,0,78,185,1,0,0,4,,0,0
1212-3,6,172,arrieros,367,567,8,533,12,0,0,0,71,178,1,0,0,4,,0,0
1212-3,6,173,arrieros,364,556,8,513,12,0,0,0,118,225,1,0,0,4,,0,0
1212-3,6,174,arrieros,361,545,8,492,12,0,0,0,118,224,1,0,0,4,,0,0
1212-3,6,175,arrieros,357,534,8,849,12,0,0,0,109,215,1,0,0,4,1,22,0
1212-3,6,176,arrieros,354,523,8,779,9,0,0,0,109,204,1,0,0,4,,0,0
1212-3,6,177,arrieros,351,512,8,709,9,0,0,0,92,187,1,0,0,4,,0,0
1212-3,6,178,arrieros,348,501,8,659,9,0,0,0,90,180,1,0,0,4,,0,0
1212-3,6,179,arrieros,350,512,8,684,63,0,0,0,172,262,0,0,0,4,,0,0
1212-3,6,180,arrieros,352,523,8,710,104,0,0,0,172,262,0,1,0,4,,0,0
1212-3,6,181,arrieros,108,144,2,882,150,0,0,0,108,142,0,1,0,4,1,26,0
1212-3,6,182,arrieros,109,148,2,784,223,0,0,0,108,132,0,0,0,4,,0,0
1212-3,6,183,arrieros,109,149,2,686,292,0,0,0,108,132,0,0,0,4,,0,0
1212-3,6,184,arrieros,109,149,2,588,358,0,0,0,108,132,0,0,0,4,,0,0
1212-3,6,185,arrieros,109,149,2,490,385,0,0,0,70,94,0,0,0,4,,0,0
1212-3,6,186,arrieros,109,149,2,417,411,0,0,0,70,94,0,0,0,4,,0,0
1212-3,6,187,arrieros,109,149,2,690,415,0,0,0,70,94,0,0,0,4,1,18,0
1212-3,6,188,arrieros,109,149,2,586,429,0,0,0,70,94,0,1,0,4,,0,0
1212-3,6,189,arrieros,109,149,2,482,444,0,0,0,70,94,0,0,0,4,,0,0
1212-3,6,190,arrieros,109,149,2,495,458,0,0,0,70,94,0,0,0,4,,0,0
1212-3,6,191,arrieros,109,149,2,508,440,0,0,0,37,61,0,0,0,4,,0,0
1212-3,6,192,arrieros,109,149,2,521,423,0,0,0,37,61,0,0,0,4,,0,0
1212-3,6,193,arrieros,109,149,2,493,326,0,0,0,37,61,0,0,0,4,1,22,0
1212-3,6,194,arrieros,109,149,2,389,312,0,0,0,37,61,0,0,0,4,,0,0
1212-3,6,195,arrieros,139,219,3,285,298,0,0,0,37,61,0,1,0,4,,0,0
1212-3,6,196,arrieros,139,219,3,193,270,0,0,0,37,75,0,0,0,4,,0,0
1212-3,6,197,arrieros,139,219,3,209,260,0,0,0,54,92,0,0,0,4,,0,0
1212-3,6,198,arrieros,139,219,3,231,250,0,0,0,54,98,0,0,0,4,,0,0
1212-3,6,199,arrieros,139,219,3,258,198,0,0,0,54,98,0,0,0,4,1,22,0
1212-3,6,200,arrieros,139,219,3,220,198,0,0,0,54,98,0,1,0,4,,0,0
1212-3,6,1,canteros,39,116,1,88,53,0,0,0,15,45,0,0,0,0,1,4,0
1212-3,6,2,canteros,39,116,1,95,36,0,0,0,15,31,0,0,0,0,,0,0
1212-3,6,3,canteros,39,116,1,102,20,0,0,0,15,31,0,1,0,0,,0,0
1212-3,6,4,canteros,39,116,1,117,6,0,0,0,15,39,0,0,0,0,,0,0
1212-3,6,5,canteros,39,116,1,132,1,0,0,0,24,48,0,0,0,0,,0,0
1212-3,6,6,canteros,38,116,1,158,0,0,0,0,24,59,1,0,0,0,,0,0
1212-3,6,7,canteros,37,116,1,97,0,0,0,0,24,59,1,0,0,0,1,8,0
1212-3,6,8,canteros,35,113,1,113,4,0,0,0,24,59,1,0,0,0,,0,0
1212-3,6,9,canteros,35,113,1,139,2,0,0,0,24,59,0,0,0,0,,0,0
1212-3,6,10,canteros,34,113,1,165,0,0,0,0,24,59,1,0,0,0,,0,0
1212-3,6,11,canteros,34,113,1,191,20,0,0,0,48,83,0,0,0,0,,0,0
1212-3,6,12,canteros,34,113,1,217,39,0,0,0,48,83,0,0,0,0,,0,0
1212-3,6,13,canteros,34,113,1,223,57,0,0,0,48,83,0,0,0,0,1,11,0
1212-3,6,14,canteros,34,113,1,187,78,0,0,0,48,83,0,0,0,0,,0,0
1212-3,6,15,canteros,34,113,1,208,99,0,0,0,48,83,0,0,0,0,,0,0
1212-3,6,16,canteros,49,113,1,234,116,0,0,0,48,83,0,0,0,1,,0,0
1212-3,6,17,canteros,49,113,1,260,114,0,0,0,30,65,0,0,0,1,,0,0
1212-3,6,18,canteros,49,113,1,286,112,0,0,0,30,64,0,0,0,1,,0,0
1212-3,6,19,canteros,48,109,1,346,100,0,0,0,30,64,0,0,0,1,1,17,0
1212-3,6,20,canteros,48,109,1,323,106,0,0,0,30,62,0,0,0,1,,0,0
1212-3,6,21,canteros,48,109,1,300,112,0,0,0,30,62,0,0,0,1,,0,0
1212-3,6,22,canteros,48,109,1,277,118,0,0,0,30,62,0,0,0,1,,0,0
1212-3,6,23,canteros,48,109,1,266,109,0,0,0,15,47,0,0,0,1,,0,0
1212-3,6,24,canteros,48,109,1,280,101,0,0,0,15,37,0,0,0,1,,0,0
1212-3,6,25,canteros,48,105,1,293,62,0,0,0,15,37,0,0,0,1,1,21,0
1212-3,6,26,canteros,48,105,1,260,56,0,0,0,15,37,0,0,0,1,,0,0
1212-3,6,27,canteros,66,105,1,227,51,0,0,0,15,37,0,0,0,2,,0,0
1212-3,6,28,canteros,66,105,1,194,46,0,0,0,15,37,0,0,0,2,,0,0
1212-3,6,29,canteros,66,105,1,179,50,0,0,0,24,46,0,0,0,2,,0,0
1212-3,6,30,canteros,66,105,1,203,54,0,0,0,24,56,0,0,0,2,,0,0
1212-3,6,31,canteros,66,105,1,92,50,0,0,0,24,56,0,0,0,2,1,10,0
1212-3,6,32,canteros,66,105,1,61,52,0,0,0,24,56,0,0,0,2,,0,0
1212-3,6,33,canteros,66,105,1,80,54,0,0,0,24,56,0,0,0,2,,0,0
1212-3,6,34,canteros,66,105,1,104,49,0,0,0,24,56,0,0,0,2,,0,0
1212-3,6,35,canteros,66,105,1,128,67,0,0,0,48,79,0,0,0,2,,0,0
1212-3,6,36,canteros,66,105,1,152,84,0,0,0,48,79,0,0,0,2,,0,0
1212-3,6,37,canteros,66,105,1,188,100,0,0,0,48,79,0,0,0,2,1,7,0
1212-3,6,38,canteros,66,105,1,201,120,0,0,0,48,79,0,0,0,2,,0,0
1212-3,6,39,canteros,66,105,1,225,136,0,0,0,48,79,0,0,0,2,,0,0
1212-3,6,40,canteros,66,105,1,249,150,0,0,0,48,79,0,0,0,2,,0,0
1212-3,6,41,canteros,66,105,1,273,146,0,0,0,30,61,0,0,0,2,,0,0
1212-3,6,42,canteros,66,105,1,297,143,0,0,0,30,61,0,0,0,2,,0,0
1212-3,6,43,canteros,66,105,1,337,127,0,0,0,30,61,0,0,0,2,1,21,0
1212-3,6,44,canteros,66,105,1,314,131,0,0,0,30,61,0,0,0,2,,0,0
1212-3,6,45,canteros,74,105,1,285,135,0,0,0,30,61,0,0,0,2,,0,0
1212-3,6,46,canteros,74,105,1,256,139,0,0,0,30,61,0,0,0,2,,0,0
1212-3,6,47,canteros,74,105,1,227,128,0,0,0,15,46,0,0,0,2,,0,0
1212-3,6,48,canteros,74,105,1,241,118,0,0,0,15,36,0,0,0,2,,0,0
1212-3,6,49,canteros,74,105,1,275,89,0,0,0,15,36,0,0,0,2,1,20,0
1212-3,6,50,canteros,74,105,1,237,80,0,0,0,15,36,0,0,0,2,,0,0
1212-3,6,51,canteros,82,105,1,198,72,0,0,0,15,36,0,0,0,2,,0,0
1212-3,6,52,canteros,82,105,1,171,64,0,0,0,15,35,0,0,0,2,,0,0
1212-3,6,53,canteros,82,105,1,180,65,0,0,0,24,44,0,0,0,2,,0,0
1212-3,6,54,canteros,82,105,1,204,60,0,0,0,24,54,0,0,0,2,,0,0
1212-3,6,55,canteros,82,105,1,196,54,0,0,0,24,54,0,0,0,2,1,11,0
1212-3,6,56,canteros,82,105,1,179,52,0,0,0,24,54,0,0,0,2,,0,0
1212-3,6,57,canteros,82,105,1,180,51,0,0,0,24,54,0,0,0,2,,0,0
1212-3,6,58,canteros,82,105,1,198,50,0,0,0,24,54,0,0,0,2,,0,0
1212-3,6,59,canteros,82,105,1,222,68,0,0,0,48,78,0,0,0,2,,0,0
1212-3,6,60,canteros,82,105,1,246,85,0,0,0,48,78,0,0,0,2,,0,0
1212-3,6,61,canteros,82,105,1,261,101,0,0,0,48,78,0,0,0,2,1,11,0
1212-3,6,62,canteros,82,105,1,193,121,0,0,0,48,78,0,0,0,2,,0,0
1212-3,6,63,canteros,82,105,1,204,140,0,0,0,48,78,0,0,0,2,,0,0
1212-3,6,64,canteros,82,105,1,228,157,0,0,0,48,78,0,0,0,2,,0,0
1212-3,6,65,canteros,82,105,1,252,153,0,0,0,30,60,0,0,0,2,,0,0
1212-3,6,66,canteros,82,105,1,276,149,0,0,0,30,60,0,0,0,2,,0,0
1212-3,6,67,canteros,82,105,1,379,132,0,0,0,30,60,0,0,0,2,1,20,0
1212-3,6,68,canteros,82,105,1,351,136,0,0,0,30,60,0,0,0,2,,0,0
1212-3,6,69,canteros,90,105,1,322,140,0,0,0,30,60,0,0,0,2,,0,0
1212-3,6,70,canteros,90,105,1,293,144,0,0,0,30,60,0,0,0,2,,0,0
1212-3,6,71,canteros,90,105,1,292,133,0,0,0,15,45,0,0,0,2,,0,0
1212-3,6,72,canteros,90,105,1,306,122,0,0,0,15,35,0,0,0,2,,0,0
1212-3,6,73,canteros,90,105,1,336,94,0,0,0,15,35,0,0,0,2,1,27,0
1212-3,6,74,canteros,90,105,1,297,85,0,0,0,15,35,0,0,0,2,,0,0
1212-3,6,75,canteros,98,105,1,258,77,0,0,0,15,35,0,0,0,2,,0,0
1212-3,6,76,canteros,98,105,1,219,69,0,0,0,15,35,0,0,0,2,,0,0
1212-3,6,77,canteros,98,105,1,186,70,0,0,0,24,44,0,0,0,2,,0,0
1212-3,6,78,canteros,98,105,1,196,71,0,0,0,24,54,0,0,0,2,,0,0
1212-3,6,79,canteros,98,105,1,206,67,0,0,0,24,54,0,0,0,2,1,10,0
1212-3,6,80,canteros,98,105,1,189,65,0,0,0,24,54,0,0,0,2,,0,0
1212-3,6,81,canteros,308,105,1,198,63,0,0,0,24,54,0,1,1,3,,0,0
1212-3,6,82,canteros,308,105,1,222,53,0,0,0,24,54,0,0,0,3,,0,0
1212-3,6,83,canteros,308,105,1,246,72,0,0,0,48,78,0,0,0,3,,0,0
1212-3,6,84,canteros,308,105,1,270,91,0,0,0,48,78,0,0,0,3,,0,0
1212-3,6,85,canteros,308,105,1,285,109,0,0,0,48,78,0,0,0,3,1,13,0
1212-3,6,86,canteros,308,105,1,223,125,0,0,0,43,73,0,0,0,3,,0,0
1212-3,6,87,canteros,316,105,1,212,141,0,0,0,43,73,0,0,0,3,,0,0
1212-3,6,88,canteros,316,105,1,236,156,0,0,0,43,73,0,0,0,3,,0,0
1212-3,6,89,canteros,316,105,1,260,151,0,0,0,27,57,0,0,0,3,,0,0
1212-3,6,90,canteros,316,105,1,284,146,0,0,0,27,57,0,0,0,3,,0,0
1212-3,6,91,canteros,316,105,1,393,142,0,0,0,27,57,0,0,0,3,1,16,0
1212-3,6,92,canteros,316,105,1,370,145,0,0,0,27,57,0,0,0,3,,0,0
1212-3,6,93,canteros,316,105,1,347,148,0,0,0,27,57,0,0,0,3,,0,0
1212-3,6,94,canteros,316,105,1,324,151,0,0,0,27,57,0,0,0,3,,0,0
1212-3,6,95,canteros,316,105,1,313,140,0,0,0,13,43,0,0,0,3,,0,0
1212-3,6,96,canteros,316,105,1,327,129,0,0,0,13,33,0,0,0,3,,0,0
1212-3,6,97,canteros,316,109,1,370,112,0,0,0,13,33,0,0,0,3,1,18,0
1212-3,6,98,canteros,316,109,1,337,102,0,0,0,13,33,0,0,0,3,,0,0
1212-3,6,99,canteros,316,109,1,304,92,0,0,0,13,33,0,0,0,3,,0,0
1212-3,6,100,canteros,316,109,1,271,82,0,0,0,13,33,0,0,0,3,,0,0
1212-3,6,101,canteros,316,109,1,238,80,0,0,0,21,41,0,0,0,3,,0,0
1212-3,6,102,canteros,316,109,1,233,79,0,0,0,21,51,0,0,0,3,,0,0
1212-3,6,103,canteros,316,105,1,234,68,0,0,0,21,51,0,0,0,3,1,10,0
1212-3,6,104,canteros,316,105,1,178,68,0,0,0,21,51,0,0,0,3,,0,0
1212-3,6,105,canteros,316,105,1,189,68,0,0,0,21,51,0,0,0,3,,0,0
1212-3,6,106,canteros,316,105,1,213,64,0,0,0,21,51,0,0,0,3,,0,0
1212-3,6,107,canteros,316,105,1,237,78,0,0,0,43,73,0,0,0,3,,0,0
1212-3,6,108,canteros,316,105,1,261,92,0,0,0,43,73,0,0,0,3,,0,0
1212-3,6,109,canteros,316,105,1,330,105,0,0,0,43,73,0,0,0,3,1,11,0
1212-3,6,110,canteros,316,105,1,274,125,0,0,0,43,73,0,0,0,3,,0,0
1212-3,6,111,canteros,316,105,1,269,144,0,0,0,43,73,0,0,0,3,,0,0
1212-3,6,112,canteros,316,105,1,284,162,0,0,0,43,73,0,0,0,3,,0,0
1212-3,6,113,canteros,316,105,1,308,159,0,0,0,27,57,0,0,0,3,,0,0
1212-3,6,114,canteros,316,105,1,332,154,0,0,0,27,57,0,0,0,3,,0,0
1212-3,6,115,canteros,316,105,1,453,136,0,0,0,27,57,0,0,0,3,1,22,0
1212-3,6,116,canteros,316,105,1,444,140,0,0,0,27,57,0,0,0,3,,0,0
1212-3,6,117,canteros,324,105,1,435,144,0,0,0,27,57,0,0,0,3,,0,0
1212-3,6,118,canteros,324,105,1,426,148,0,0,0,27,57,0,0,0,3,,0,0
1212-3,6,119,canteros,324,105,1,417,138,0,0,0,13,43,0,0,0,3,,0,0
1212-3,6,120,canteros,324,105,1,398,128,0,0,0,13,33,0,0,0,3,,0,0
1212-3,6,121,canteros,324,105,1,433,119,0,0,0,13,33,0,0,0,3,1,12,0
1212-3,6,122,canteros,324,105,1,406,112,0,0,0,13,33,0,0,0,3,,0,0
1212-3,6,123,canteros,324,105,1,379,106,0,0,0,13,33,0,0,0,3,,0,0
1212-3,6,124,canteros,324,105,1,352,100,0,0,0,13,33,0,0,0,3,,0,0
1212-3,6,125,canteros,324,105,1,325,102,0,0,0,21,41,0,0,0,3,,0,0
1212-3,6,126,canteros,324,105,1,308,99,0,0,0,21,51,0,0,0,3,,0,0
1212-3,6,127,canteros,324,105,1,328,101,0,0,0,21,51,0,0,0,3,1,12,0
1212-3,6,128,canteros,324,105,1,272,100,0,0,0,21,51,0,0,0,3,,0,0
1212-3,6,129,canteros,324,105,1,216,99,0,0,0,21,51,0,0,0,3,,0,0
1212-3,6,130,canteros,332,105,1,235,98,0,0,0,21,51,0,0,0,3,,0,0
1212-3,6,131,canteros,332,105,1,259,112,0,0,0,43,73,0,0,0,3,,0,0
1212-3,6,132,canteros,332,105,1,283,124,0,0,0,43,73,0,0,0,3,,0,0
1212-3,6,133,canteros,332,105,1,412,136,0,0,0,43,73,0,0,0,3,1,12,0
1212-3,6,134,canteros,332,105,1,356,154,0,0,0,43,73,0,0,0,3,,0,0
1212-3,6,135,canteros,332,105,1,325,172,0,0,0,43,73,0,0,0,3,,0,0
1212-3,6,136,canteros,332,105,1,344,189,0,0,0,43,73,0,0,0,3,,0,0
1212-3,6,137,canteros,332,105,1,368,184,0,0,0,27,57,0,0,0,3,,0,0
1212-3,6,138,canteros,332,105,1,392,178,0,0,0,27,57,0,0,0,3,,0,0
1212-3,6,139,canteros,332,109,1,581,172,0,0,0,27,57,0,0,0,3,1,3,0
1212-3,6,140,canteros,332,109,1,605,166,0,0,0,27,57,0,0,0,3,,0,0
1212-3,6,141,canteros,332,109,1,629,160,0,0,0,27,57,0,0,0,3,,0,0
1212-3,6,142,canteros,332,109,1,653,154,0,0,0,27,57,0,0,0,3,,0,0
1212-3,6,143,canteros,332,109,1,677,135,0,0,0,13,43,0,0,0,3,,0,0
1212-3,6,144,canteros,332,109,1,691,117,0,0,0,13,33,0,0,0,3,,0,0
1212-3,6,145,canteros,332,105,1,707,90,0,0,0,13,33,0,0,0,3,1,17,0
1212-3,6,146,canteros,332,105,1,692,81,0,0,0,13,33,0,0,0,3,,0,0
1212-3,6,147,canteros,332,105,1,677,73,0,0,0,13,33,0,0,0,3,,0,0
1212-3,6,148,canteros,332,105,1,662,65,0,0,0,13,33,0,0,0,3,,0,0
1212-3,6,149,canteros,332,105,1,635,65,0,0,0,21,41,0,0,0,3,,0,0
1212-3,6,150,canteros,332,105,1,618,68,0,0,0,21,51,0,0,0,3,,0,0
1212-3,6,151,canteros,332,105,1,696,58,0,0,0,21,51,0,0,0,3,1,32,0
1212-3,6,152,canteros,332,105,1,652,55,0,0,0,21,51,0,0,0,3,,0,0
1212-3,6,153,canteros,340,105,1,608,52,0,0,0,21,51,0,0,0,3,,0,0
1212-3,6,154,canteros,340,105,1,552,50,0,0,0,21,51,0,0,0,3,,0,0
1212-3,6,155,canteros,340,105,1,496,72,0,0,0,43,73,0,0,0,3,,0,0
1212-3,6,156,canteros,340,105,1,440,93,0,0,0,43,73,0,0,0,3,,0,0
1212-3,6,157,canteros,340,105,1,802,113,0,0,0,43,73,0,0,0,3,1,20,0
1212-3,6,158,canteros,340,105,1,758,129,0,0,0,43,73,0,0,0,3,,0,0
1212-3,6,159,canteros,340,105,1,714,145,0,0,0,43,73,0,0,0,3,,0,0
1212-3,6,160,canteros,340,105,1,658,158,0,0,0,43,73,0,0,0,3,,0,0
1212-3,6,161,canteros,340,105,1,602,160,0,0,0,27,57,0,0,0,3,,0,0
1212-3,6,162,canteros,340,105,1,613,162,0,0,0,27,57,0,0,0,3,,0,0
1212-3,6,163,canteros,340,105,1,991,160,0,0,0,27,57,0,0,0,3,1,2,0
1212-3,6,164,canteros,340,105,1,1015,155,0,0,0,27,57,0,0,0,3,,0,0
1212-3,6,165,canteros,348,105,1,1039,150,0,0,0,27,57,0,0,0,3,,0,0
1212-3,6,166,canteros,348,105,1,1063,145,0,0,0,27,57,0,0,0,3,,0,0
1212-3,6,167,canteros,348,105,1,1087,127,0,0,0,13,43,0,0,0,3,,0,0
1212-3,6,168,canteros,348,105,1,1101,110,0,0,0,13,33,0,0,0,3,,0,0
1212-3,6,169,canteros,348,105,1,1105,55,0,0,0,13,33,0,0,0,3,1,17,0
1212-3,6,170,canteros,348,105,1,1090,48,0,0,0,13,33,0,0,0,3,,0,0
1212-3,6,171,canteros,382,135,2,1075,41,0,0,0,13,33,0,0,0,4,,0,0
1212-3,6,172,canteros,382,135,2,1052,28,0,0,0,13,39,0,0,0,4,,0,0
1212-3,6,173,canteros,382,135,2,1017,23,0,0,0,21,47,0,0,0,4,,0,0
1212-3,6,174,canteros,382,135,2,992,21,0,0,0,21,57,0,0,0,4,,0,0
1212-3,6,175,canteros,382,139,2,1061,20,0,0,0,21,57,0,0,0,4,1,25,0
1212-3,6,176,canteros,382,139,2,1008,9,0,0,0,21,57,0,1,0,4,,0,0
1212-3,6,177,canteros,381,139,2,955,4,0,0,0,24,60,1,0,0,4,,0,0
1212-3,6,178,canteros,381,139,2,875,5,0,0,0,31,67,0,0,0,4,,0,0
1212-3,6,179,canteros,382,140,2,810,38,0,0,0,63,99,0,0,0,4,,0,0
1212-3,6,180,canteros,382,141,2,745,69,0,0,0,63,99,0,1,0,4,,0,0
1212-3,6,181,canteros,382,142,2,1099,101,0,0,0,63,103,0,0,0,4,1,28,0
1212-3,6,182,canteros,382,143,2,1041,125,0,0,0,63,99,0,0,0,4,,0,0
1212-3,6,183,canteros,382,144,2,983,148,0,0,0,63,99,0,0,0,4,,0,0
1212-3,6,184,canteros,383,145,2,912,157,0,0,0,50,86,0,0,0,4,,0,0
1212-3,6,185,canteros,383,145,2,831,150,0,0,0,31,67,0,0,0,4,,0,0
1212-3,6,186,canteros,383,145,2,760,142,0,0,0,31,67,0,1,0,4,,0,0
1212-3,6,187,canteros,382,141,2,1143,127,0,0,0,32,75,0,0,0,4,1,25,0
1212-3,6,188,canteros,382,141,2,1124,124,0,0,0,32,75,0,0,0,4,,0,0
1212-3,6,189,canteros,382,141,2,1105,121,0,0,0,32,75,0,0,0,4,,0,0
1212-3,6,190,canteros,382,141,2,1086,118,0,0,0,32,75,0,0,0,4,,0,0
1212-3,6,191,canteros,382,141,2,1067,99,0,0,0,15,58,0,0,0,4,,0,0
1212-3,6,192,canteros,382,141,2,1038,80,0,0,0,15,48,0,0,0,4,,0,0
1212-3,6,193,canteros,382,141,2,1165,49,0,0,0,15,48,0,0,0,4,1,24,0
1212-3,6,194,canteros,382,141,2,1144,35,0,0,0,15,50,0,0,0,4,,0,0
1212-3,6,195,canteros,390,141,2,1123,22,0,0,0,15,50,0,0,0,4,,0,0
1212-3,6,196,canteros,390,141,2,1102,9,0,0,0,15,50,0,0,0,4,,0,0
1212-3,6,197,canteros,389,141,2,1081,7,0,0,0,25,60,1,0,0,4,,0,0
1212-3,6,198,canteros,388,141,2,1070,7,0,0,0,25,69,1,0,0,4,,0,0
1212-3,6,199,canteros,386,137,2,1162,7,0,0,0,25,69,1,0,0,4,1,25,0
1212-3,6,200,canteros,384,133,2,1111,4,0,0,0,25,69,1,0,0,4,,0,0
1212-3,6,1,ferrones,25,46,1,65,62,0,0,0,6,16,0,0,0,0,1,7,0
1212-3,6,2,ferrones,25,46,1,65,53,0,0,0,6,10,0,0,0,0,,0,0
1212-3,6,3,ferrones,25,46,1,65,45,0,0,0,6,10,0,0,0,0,,0,0
1212-3,6,4,ferrones,25,46,1,65,37,0,0,0,6,10,0,0,0,0,,0,0
1212-3,6,5,ferrones,25,46,1,65,32,0,0,0,9,13,0,1,0,0,,0,0
1212-3,6,6,ferrones,25,46,1,77,29,0,0,0,9,25,0,0,0,0,,0,0
1212-3,6,7,ferrones,25,46,1,75,26,0,0,0,9,25,0,0,0,0,1,5,0
1212-3,6,8,ferrones,25,46,1,87,25,0,0,0,9,25,0,0,0,0,,0,0
1212-3,6,9,ferrones,25,46,1,99,23,0,0,0,9,25,0,0,0,0,,0,0
1212-3,6,10,ferrones,25,46,1,111,21,0,0,0,9,25,0,0,0,0,,0,0
1212-3,6,11,ferrones,25,46,1,123,28,0,0,0,19,35,0,0,0,0,,0,0
1212-3,6,12,ferrones,25,48,1,135,35,0,0,0,19,35,0,0,0,0,,0,0
1212-3,6,13,ferrones,25,46,1,62,31,0,0,0,19,35,0,0,0,0,1,9,0
1212-3,6,14,ferrones,25,48,1,69,41,0,0,0,19,35,0,0,0,0,,0,0
1212-3,6,15,ferrones,26,50,1,81,48,0,0,0,19,35,0,0,0,0,,0,0
1212-3,6,16,ferrones,26,52,1,95,53,0,0,0,19,37,0,0,0,0,,0,0
1212-3,6,17,ferrones,26,52,1,109,50,0,0,0,12,30,0,0,0,0,,0,0
1212-3,6,18,ferrones,26,52,1,123,48,0,0,0,12,30,0,0,0,0,,0,0
1212-3,6,19,ferrones,25,48,1,92,23,0,0,0,12,30,0,0,0,0,1,16,0
1212-3,6,20,ferrones,25,48,1,94,26,0,0,0,12,28,0,0,0,0,,0,0
1212-3,6,21,ferrones,43,48,1,106,24,0,0,0,12,28,0,1,0,1,,0,0
1212-3,6,22,ferrones,43,48,1,118,24,0,0,0,12,32,0,0,0,1,,0,0
1212-3,6,23,ferrones,43,48,1,130,18,0,0,0,6,26,0,0,0,1,,0,0
1212-3,6,24,ferrones,43,48,1,138,12,0,0,0,6,22,0,0,0,1,,0,0
1212-3,6,25,ferrones,43,48,1,102,6,0,0,0,6,22,0,0,0,1,1,6,0
1212-3,6,26,ferrones,43,48,1,95,7,0,0,0,6,22,0,0,0,1,,0,0
1212-3,6,27,ferrones,43,48,1,103,4,0,0,0,6,22,0,0,0,1,,0,0
1212-3,6,28,ferrones,42,48,1,111,0,0,0,0,6,22,1,0,0,1,,0,0
1212-3,6,29,ferrones,41,48,1,119,0,0,0,0,9,25,1,0,0,1,,0,0
1212-3,6,30,ferrones,40,47,1,131,0,0,0,0,9,29,1,0,0,1,,0,0
1212-3,6,31,ferrones,39,46,1,118,0,0,0,0,9,29,1,0,0,1,1,7,0
1212-3,6,32,ferrones,38,45,1,107,4,0,0,0,9,29,1,0,0,1,,0,0
1212-3,6,33,ferrones,38,45,1,119,3,0,0,0,9,29,0,0,0,1,,0,0
1212-3,6,34,ferrones,38,45,1,131,1,0,0,0,9,29,0,0,0,1,,0,0
1212-3,6,35,ferrones,38,45,1,143,9,0,0,0,19,39,0,0,0,1,,0,0
1212-3,6,36,ferrones,38,45,1,155,17,0,0,0,19,39,0,0,0,1,,0,0
1212-3,6,37,ferrones,38,45,1,114,24,0,0,0,19,39,0,0,0,1,1,8,0
1212-3,6,38,ferrones,38,47,1,107,35,0,0,0,19,39,0,0,0,1,,0,0
1212-3,6,39,ferrones,46,49,1,119,42,0,0,0,19,39,0,1,0,1,,0,0
1212-3,6,40,ferrones,47,51,1,131,48,0,0,0,19,39,0,0,0,1,,0,0
1212-3,6,41,ferrones,47,51,1,145,47,0,0,0,12,34,0,0,0,1,,0,0
1212-3,6,42,ferrones,47,51,1,159,46,0,0,0,12,34,0,0,0,1,,0,0
1212-3,6,43,ferrones,46,49,1,120,35,0,0,0,12,34,0,0,0,1,1,7,0
1212-3,6,44,ferrones,46,49,1,114,37,0,0,0,12,32,0,0,0,1,,0,0
1212-3,6,45,ferrones,47,51,1,126,34,0,0,0,12,32,0,1,0,1,,0,0
1212-3,6,46,ferrones,47,51,1,140,33,0,0,0,12,34,0,0,0,1,,0,0
1212-3,6,47,ferrones,47,51,1,154,26,0,0,0,6,28,0,0,0,1,,0,0
1212-3,6,48,ferrones,47,51,1,163,20,0,0,0,6,23,0,0,0,1,,0,0
1212-3,6,49,ferrones,48,55,1,148,15,0,0,0,6,23,0,0,0,1,1,8,0
1212-3,6,50,ferrones,48,55,1,119,15,0,0,0,6,23,0,0,0,1,,0,0
1212-3,6,51,ferrones,48,55,1,128,12,0,0,0,6,23,0,0,0,1,,0,0
1212-3,6,52,ferrones,48,55,1,137,5,0,0,0,6,23,0,0,0,1,,0,0
1212-3,6,53,ferrones,48,55,1,146,1,0,0,0,9,26,0,0,0,1,,0,0
1212-3,6,54,ferrones,47,55,1,160,0,0,0,0,9,31,1,0,0,1,,0,0
1212-3,6,55,ferrones,46,55,1,104,0,0,0,0,9,31,1,0,0,1,1,5,0
1212-3,6,56,ferrones,44,54,1,118,4,0,0,0,9,31,1,0,0,1,,0,0
1212-3,6,57,ferrones,44,54,1,132,0,0,0,0,9,31,0,0,0,1,,0,0
1212-3,6,58,ferrones,43,54,1,146,0,0,0,0,9,31,1,0,0,1,,0,0
1212-3,6,59,ferrones,43,54,1,160,6,0,0,0,19,41,0,0,0,1,,0,0
1212-3,6,60,ferrones,43,54,1,174,12,0,0,0,19,41,0,0,0,1,,0,0
1212-3,6,61,ferrones,43,54,1,155,18,0,0,0,19,41,0,0,0,1,1,8,0
1212-3,6,62,ferrones,43,54,1,155,28,0,0,0,19,41,0,0,0,1,,0,0
1212-3,6,63,ferrones,44,56,1,169,34,0,0,0,19,41,0,0,0,1,,0,0
1212-3,6,64,ferrones,44,58,1,183,38,0,0,0,19,41,0,0,0,1,,0,0
1212-3,6,65,ferrones,44,58,1,197,35,0,0,0,12,34,0,0,0,1,,0,0
1212-3,6,66,ferrones,44,58,1,211,32,0,0,0,12,34,0,0,0,1,,0,0
1212-3,6,67,ferrones,44,58,1,219,29,0,0,0,12,34,0,0,0,1,1,7,0
1212-3,6,68,ferrones,44,58,1,159,30,0,0,0,12,34,0,0,0,1,,0,0
1212-3,6,69,ferrones,44,58,1,173,31,0,0,0,12,34,0,0,0,1,,0,0
1212-3,6,70,ferrones,44,58,1,187,28,0,0,0,12,34,0,0,0,1,,0,0
1212-3,6,71,ferrones,44,58,1,201,20,0,0,0,6,28,0,0,0,1,,0,0
1212-3,6,72,ferrones,44,58,1,210,12,0,0,0,6,23,0,0,0,1,,0,0
1212-3,6,73,ferrones,44,58,1,201,4,0,0,0,6,23,0,0,0,1,1,9,0
1212-3,6,74,ferrones,43,58,1,148,7,0,0,0,6,23,1,0,0,1,,0,0
1212-3,6,75,ferrones,42,58,1,132,7,0,0,0,6,23,1,0,0,1,,0,0
1212-3,6,76,ferrones,41,57,1,141,5,0,0,0,6,23,1,0,0,1,,0,0
1212-3,6,77,ferrones,41,57,1,150,0,0,0,0,9,26,0,0,0,1,,0,0
1212-3,6,78,ferrones,40,57,1,164,0,0,0,0,9,31,1,0,0,1,,0,0
1212-3,6,79,ferrones,39,57,1,121,0,0,0,0,9,31,1,0,0,1,1,7,0
1212-3,6,80,ferrones,38,56,1,130,4,0,0,0,9,31,1,0,0,1,,0,0
1212-3,6,81,ferrones,37,55,1,144,1,0,0,0,9,31,1,0,0,1,,0,0
1212-3,6,82,ferrones,35,54,1,158,0,0,0,0,9,31,1,0,0,1,,0,0
1212-3,6,83,ferrones,35,54,1,172,4,0,0,0,17,39,0,0,0,1,,0,0
1212-3,6,84,ferrones,35,54,1,186,8,0,0,0,17,39,0,0,0,1,,0,0
1212-3,6,85,ferrones,35,54,1,169,12,0,0,0,17,39,0,0,0,1,1,9,0
1212-3,6,86,ferrones,35,54,1,163,20,0,0,0,17,39,0,0,0,1,,0,0
1212-3,6,87,ferrones,35,54,1,172,28,0,0,0,17,39,0,0,0,1,,0,0
1212-3,6,88,ferrones,36,56,1,186,34,0,0,0,19,41,0,0,0,1,,0,0
1212-3,6,89,ferrones,36,56,1,200,31,0,0,0,12,34,0,0,0,1,,0,0
1212-3,6,90,ferrones,36,56,1,214,28,0,0,0,12,34,0,0,0,1,,0,0
1212-3,6,91,ferrones,36,56,1,238,25,0,0,0,12,34,0,0,0,1,1,9,0
1212-3,6,92,ferrones,36,56,1,190,30,0,0,0,12,34,0,0,0,1,,0,0
1212-3,6,93,ferrones,36,56,1,174,34,0,0,0,12,34,0,0,0,1,,0,0
1212-3,6,94,ferrones,36,56,1,188,37,0,0,0,12,34,0,0,0,1,,0,0
1212-3,6,95,ferrones,36,56,1,202,28,0,0,0,6,28,0,0,0,1,,0,0
1212-3,6,96,ferrones,36,56,1,211,20,0,0,0,6,23,0,0,0,1,,0,0
1212-3,6,97,ferrones,36,56,1,202,12,0,0,0,6,23,0,0,0,1,1,9,0
1212-3,6,98,ferrones,36,56,1,149,11,0,0,0,6,23,0,0,0,1,,0,0
1212-3,6,99,ferrones,36,56,1,133,10,0,0,0,6,23,0,0,0,1,,0,0
1212-3,6,100,ferrones,36,56,1,142,7,0,0,0,6,23,0,0,0,1,,0,0
1212-3,6,101,ferrones,36,56,1,151,2,0,0,0,9,26,0,0,0,1,,0,0
1212-3,6,102,ferrones,35,56,1,165,0,0,0,0,9,31,1,0,0,1,,0,0
1212-3,6,103,ferrones,34,56,1,124,0,0,0,0,9,31,1,0,0,1,1,7,0
1212-3,6,104,ferrones,33,55,1,133,4,0,0,0,9,31,1,0,0,1,,0,0
1212-3,6,105,ferrones,33,55,1,147,1,0,0,0,9,31,0,0,0,1,,0,0
1212-3,6,106,ferrones,32,55,1,161,0,0,0,0,9,31,1,0,0,1,,0,0
1212-3,6,107,ferrones,32,55,1,175,6,0,0,0,19,41,0,0,0,1,,0,0
1212-3,6,108,ferrones,32,55,1,189,12,0,0,0,19,41,0,0,0,1,,0,0
1212-3,6,109,ferrones,32,55,1,172,18,0,0,0,19,41,0,0,0,1,1,8,0
1212-3,6,110,ferrones,32,55,1,157,28,0,0,0,19,41,0,0,0,1,,0,0
1212-3,6,111,ferrones,32,57,1,171,37,0,0,0,19,41,0,0,0,1,,0,0
1212-3,6,112,ferrones,32,59,1,185,41,0,0,0,19,41,0,0,0,1,,0,0
1212-3,6,113,ferrones,32,59,1,199,38,0,0,0,12,34,0,0,0,1,,0,0
1212-3,6,114,ferrones,32,59,1,213,35,0,0,0,12,34,0,0,0,1,,0,0
1212-3,6,115,ferrones,32,59,1,238,32,0,0,0,12,34,0,0,0,1,1,9,0
1212-3,6,116,ferrones,32,59,1,190,36,0,0,0,12,34,0,0,0,1,,0,0
1212-3,6,117,ferrones,32,59,1,179,40,0,0,0,12,34,0,0,0,1,,0,0
1212-3,6,118,ferrones,32,59,1,193,42,0,0,0,12,34,0,0,0,1,,0,0
1212-3,6,119,ferrones,32,59,1,207,33,0,0,0,6,28,0,0,0,1,,0,0
1212-3,6,120,ferrones,32,59,1,216,24,0,0,0,6,23,0,0,0,1,,0,0
1212-3,6,121,ferrones,32,59,1,221,16,0,0,0,6,23,0,0,0,1,1,11,0
1212-3,6,122,ferrones,32,59,1,168,12,0,0,0,6,23,0,0,0,1,,0,0
1212-3,6,123,ferrones,32,59,1,133,11,0,0,0,6,23,0,0,0,1,,0,0
1212-3,6,124,ferrones,32,59,1,142,10,0,0,0,6,23,0,0,0,1,,0,0
1212-3,6,125,ferrones,32,59,1,151,5,0,0,0,9,26,0,0,0,1,,0,0
1212-3,6,126,ferrones,32,59,1,165,0,0,0,0,9,31,0,0,0,1,,0,0
1212-3,6,127,ferrones,31,59,1,155,0,0,0,0,9,31,1,0,0,1,1,12,0
1212-3,6,128,ferrones,30,59,1,155,1,0,0,0,9,31,1,0,0,1,,0,0
1212-3,6,129,ferrones,29,58,1,164,1,0,0,0,9,31,1,0,0,1,,0,0
1212-3,6,130,ferrones,28,57,1,178,1,0,0,0,9,31,1,0,0,1,,0,0
1212-3,6,131,ferrones,28,57,1,192,6,0,0,0,19,41,0,0,0,1,,0,0
1212-3,6,132,ferrones,28,57,1,206,11,0,0,0,19,41,0,0,0,1,,0,0
1212-3,6,133,ferrones,28,57,1,243,16,0,0,0,19,41,0,0,0,1,1,11,0
1212-3,6,134,ferrones,28,57,1,210,22,0,0,0,19,41,0,0,0,1,,0,0
1212-3,6,135,ferrones,28,59,1,209,30,0,0,0,19,41,0,0,0,1,,0,0
1212-3,6,136,ferrones,29,61,1,223,37,0,0,0,19,41,0,0,0,1,,0,0
1212-3,6,137,ferrones,29,61,1,239,33,0,0,0,12,36,0,0,0,1,,0,0
1212-3,6,138,ferrones,29,61,1,255,29,0,0,0,12,36,0,0,0,1,,0,0
1212-3,6,139,ferrones,29,61,1,326,25,0,0,0,12,36,0,0,0,1,1,14,0
1212-3,6,140,ferrones,29,61,1,295,26,0,0,0,12,36,0,0,0,1,,0,0
1212-3,6,141,ferrones,29,61,1,249,27,0,0,0,12,36,0,0,0,1,,0,0
1212-3,6,142,ferrones,29,61,1,230,31,0,0,0,12,36,0,0,0,1,,0,0
1212-3,6,143,ferrones,29,61,1,246,29,0,0,0,6,30,0,0,0,1,,0,0
1212-3,6,144,ferrones,29,61,1,256,20,0,0,0,6,24,0,0,0,1,,0,0
1212-3,6,145,ferrones,29,61,1,310,11,0,0,0,6,24,0,0,0,1,1,16,0
1212-3,6,146,ferrones,29,61,1,273,6,0,0,0,6,24,0,0,0,1,,0,0
1212-3,6,147,ferrones,28,61,1,236,4,0,0,0,6,24,1,0,0,1,,0,0
1212-3,6,148,ferrones,27,61,1,193,4,0,0,0,6,24,1,0,0,1,,0,0
1212-3,6,149,ferrones,26,60,1,203,7,0,0,0,9,27,1,0,0,1,,0,0
1212-3,6,150,ferrones,26,60,1,219,1,0,0,0,9,33,0,0,0,1,,0,0
1212-3,6,151,ferrones,25,60,1,263,0,0,0,0,9,33,1,0,0,1,1,14,0
1212-3,6,152,ferrones,24,60,1,221,1,0,0,0,9,33,1,0,0,1,,0,0
1212-3,6,153,ferrones,22,59,1,222,1,0,0,0,9,33,1,0,0,1,,0,0
1212-3,6,154,ferrones,21,58,1,236,3,0,0,0,9,31,1,0,0,1,,0,0
1212-3,6,155,ferrones,21,58,1,250,6,0,0,0,17,39,0,0,0,1,,0,0
1212-3,6,156,ferrones,21,58,1,264,9,0,0,0,17,39,0,0,0,1,,0,0
1212-3,6,157,ferrones,21,58,1,350,14,0,0,0,19,41,0,0,0,1,1,14,0
1212-3,6,158,ferrones,21,58,1,281,20,0,0,0,19,41,0,0,0,1,,0,0
1212-3,6,159,ferrones,21,58,1,257,25,0,0,0,19,41,0,0,0,1,,0,0
1212-3,6,160,ferrones,22,60,1,271,33,0,0,0,19,41,0,0,0,1,,0,0
1212-3,6,161,ferrones,22,60,1,287,29,0,0,0,12,36,0,0,0,1,,0,0
1212-3,6,162,ferrones,22,60,1,303,25,0,0,0,12,36,0,0,0,1,,0,0
1212-3,6,163,ferrones,22,60,1,451,22,0,0,0,12,36,0,0,0,1,1,17,0
1212-3,6,164,ferrones,22,60,1,420,23,0,0,0,12,36,0,0,0,1,,0,0
1212-3,6,165,ferrones,22,60,1,374,24,0,0,0,12,36,0,0,0,1,,0,0
1212-3,6,166,ferrones,22,60,1,328,28,0,0,0,12,36,0,0,0,1,,0,0
1212-3,6,167,ferrones,22,60,1,319,26,0,0,0,6,30,0,0,0,1,,0,0
1212-3,6,168,ferrones,22,60,1,329,22,0,0,0,6,24,0,0,0,1,,0,0
1212-3,6,169,ferrones,22,60,1,399,13,0,0,0,6,24,0,0,0,1,1,21,0
1212-3,6,170,ferrones,22,60,1,362,8,0,0,0,6,24,0,0,0,1,,0,0
1212-3,6,171,ferrones,21,60,1,325,4,0,0,0,6,24,1,0,0,1,,0,0
1212-3,6,172,ferrones,20,60,1,288,4,0,0,0,6,24,1,0,0,1,,0,0
1212-3,6,173,ferrones,18,59,1,236,4,0,0,0,9,27,1,0,0,1,,0,0
1212-3,6,174,ferrones,17,58,1,235,7,0,0,0,9,31,1,0,0,1,,0,0
1212-3,6,175,ferrones,17,58,1,318,5,0,0,0,9,31,0,0,0,1,1,14,0
1212-3,6,176,ferrones,17,58,1,249,1,0,0,0,9,31,0,0,0,1,,0,0
1212-3,6,177,ferrones,16,58,1,258,1,0,0,0,9,31,1,0,0,1,,0,0
1212-3,6,178,ferrones,15,58,1,272,1,0,0,0,8,30,1,0,0,1,,0,0
1212-3,6,179,ferrones,15,58,1,286,4,0,0,0,17,39,0,0,0,1,,0,0
1212-3,6,180,ferrones,15,58,1,300,7,0,0,0,17,39,0,0,0,1,,0,0
1212-3,6,181,ferrones,15,58,1,452,10,0,0,0,17,39,0,0,0,1,1,15,0
1212-3,6,182,ferrones,15,58,1,368,14,0,0,0,17,39,0,0,0,1,,0,0
1212-3,6,183,ferrones,15,58,1,335,21,0,0,0,17,39,0,0,0,1,,0,0
1212-3,6,184,ferrones,15,58,1,339,28,0,0,0,17,39,0,0,0,1,,0,0
1212-3,6,185,ferrones,15,58,1,353,27,0,0,0,12,34,0,0,0,1,,0,0
1212-3,6,186,ferrones,15,58,1,367,24,0,0,0,12,34,0,0,0,1,,0,0
1212-3,6,187,ferrones,15,58,1,499,22,0,0,0,12,34,0,0,0,1,1,20,0
1212-3,6,188,ferrones,15,58,1,466,24,0,0,0,12,34,0,0,0,1,,0,0
1212-3,6,189,ferrones,15,58,1,433,26,0,0,0,12,34,0,0,0,1,,0,0
1212-3,6,190,ferrones,15,58,1,385,28,0,0,0,12,34,0,0,0,1,,0,0
1212-3,6,191,ferrones,15,58,1,337,27,0,0,0,6,28,0,0,0,1,,0,0
1212-3,6,192,ferrones,15,58,1,311,26,0,0,0,6,23,0,0,0,1,,0,0
1212-3,6,193,ferrones,15,58,1,416,25,0,0,0,6,23,0,0,0,1,1,22,0
1212-3,6,194,ferrones,15,58,1,378,21,0,0,0,6,23,0,0,0,1,,0,0
1212-3,6,195,ferrones,15,58,1,340,17,0,0,0,6,23,0,0,0,1,,0,0
1212-3,6,196,ferrones,15,58,1,302,13,0,0,0,6,23,0,0,0,1,,0,0
1212-3,6,197,ferrones,15,58,1,264,12,0,0,0,9,26,0,0,0,1,,0,0
1212-3,6,198,ferrones,15,58,1,263,11,0,0,0,9,31,0,0,0,1,,0,0
1212-3,6,199,ferrones,15,58,1,358,9,0,0,0,9,31,0,0,0,1,1,18,0
1212-3,6,200,ferrones,15,58,1,289,5,0,0,0,9,31,0,0,0,1,,0,0
1212-3,6,1,hortelanos,39,116,1,40,67,0,0,0,29,53,0,0,0,0,1,4,0
1212-3,6,2,hortelanos,39,116,1,47,63,0,0,0,29,40,0,0,0,0,,0,0
1212-3,6,3,hortelanos,39,116,1,54,59,0,0,0,29,40,0,0,0,0,,0,0
1212-3,6,4,hortelanos,39,116,1,61,55,0,0,0,29,40,0,0,0,0,,0,0
1212-3,6,5,hortelanos,39,116,1,68,63,0,0,0,41,52,0,1,0,0,,0,0
1212-3,6,6,hortelanos,39,116,1,94,72,0,0,0,41,71,0,0,0,0,,0,0
1212-3,6,7,hortelanos,38,112,1,100,62,0,0,0,41,71,0,0,0,0,1,11,0
1212-3,6,8,hortelanos,106,112,1,126,72,0,0,0,41,71,0,0,0,1,,0,0
1212-3,6,9,hortelanos,106,112,1,152,89,0,0,0,48,78,0,0,0,1,,0,0
1212-3,6,10,hortelanos,121,112,1,178,95,0,0,0,48,78,0,0,0,2,,0,0
1212-3,6,11,hortelanos,129,112,1,204,147,0,0,0,86,116,0,0,0,2,,0,0
1212-3,6,12,hortelanos,129,112,1,230,197,0,0,0,86,116,0,0,0,2,,0,0
1212-3,6,13,hortelanos,128,108,1,155,232,0,0,0,86,116,0,0,0,2,1,21,0
1212-3,6,14,hortelanos,128,108,1,98,276,0,2,0,86,114,0,0,0,2,,0,0
1212-3,6,15,hortelanos,128,108,1,115,299,0,4,0,71,99,0,0,0,2,,0,0
1212-3,6,16,hortelanos,128,108,1,139,320,0,4,0,71,99,0,0,0,2,,0,0
1212-3,6,17,hortelanos,128,108,1,163,318,0,4,0,48,76,0,0,0,2,,0,0
1212-3,6,18,hortelanos,128,108,1,187,316,0,4,0,48,76,0,0,0,2,,0,0
1212-3,6,19,hortelanos,128,108,1,277,319,0,4,0,48,76,0,0,0,2,1,27,0
1212-3,6,20,hortelanos,136,108,1,241,324,0,4,0,48,76,0,0,0,2,,0,0
1212-3,6,21,hortelanos,136,108,1,258,323,0,4,0,48,76,0,0,0,2,,0,0
1212-3,6,22,hortelanos,136,108,1,282,318,0,4,0,48,76,0,0,0,2,,0,0
1212-3,6,23,hortelanos,144,108,1,306,298,0,4,0,29,57,0,0,0,2,,0,0
1212-3,6,24,hortelanos,144,108,1,320,278,0,4,0,29,47,0,0,0,2,,0,0
1212-3,6,25,hortelanos,144,108,1,418,246,0,4,0,29,47,0,0,0,2,1,24,0
1212-3,6,26,hortelanos,144,108,1,425,230,0,4,0,29,47,0,0,0,2,,0,0
1212-3,6,27,hortelanos,144,108,1,432,214,0,4,0,29,47,0,0,0,2,,0,0
1212-3,6,28,hortelanos,144,108,1,439,199,0,4,0,29,47,0,0,0,2,,0,0
1212-3,6,29,hortelanos,144,108,1,446,196,0,4,0,41,59,0,0,0,2,,0,0
1212-3,6,30,hortelanos,144,108,1,463,193,0,4,0,41,69,0,0,0,2,,0,0
1212-3,6,31,hortelanos,144,108,1,551,186,0,4,0,41,69,0,0,0,2,1,33,0
1212-3,6,32,hortelanos,152,108,1,505,193,0,0,0,41,69,0,0,0,2,,0,0
1212-3,6,33,hortelanos,152,108,1,459,196,0,0,0,41,69,0,0,0,2,,0,0
1212-3,6,34,hortelanos,152,108,1,413,189,0,0,0,41,69,0,0,0,2,,0,0
1212-3,6,35,hortelanos,160,108,1,367,221,0,0,0,71,99,0,0,0,2,,0,0
1212-3,6,36,hortelanos,160,108,1,341,250,0,0,0,71,99,0,0,0,2,,0,0
1212-3,6,37,hortelanos,160,108,1,432,279,0,0,0,71,99,0,0,0,2,1,18,0
1212-3,6,38,hortelanos,160,108,1,365,307,0,2,0,71,99,0,0,0,2,,0,0
1212-3,6,39,hortelanos,160,108,1,298,333,0,4,0,71,99,0,0,0,2,,0,0
1212-3,6,40,hortelanos,160,108,1,322,347,0,5,0,71,99,0,0,0,2,,0,0
1212-3,6,41,hortelanos,168,108,1,346,344,0,5,0,48,76,0,0,0,2,,0,0
1212-3,6,42,hortelanos,168,108,1,370,341,0,5,0,48,76,0,0,0,2,,0,0
1212-3,6,43,hortelanos,168,108,1,448,335,0,5,0,48,76,0,0,0,2,1,22,0
1212-3,6,44,hortelanos,168,108,1,402,339,0,5,0,48,76,0,0,0,2,,0,0
1212-3,6,45,hortelanos,168,108,1,356,343,0,5,0,48,76,0,0,0,2,,0,0
1212-3,6,46,hortelanos,168,108,1,310,347,0,5,0,48,76,0,0,0,2,,0,0
1212-3,6,47,hortelanos,168,108,1,304,329,0,5,0,29,57,0,0,0,2,,0,0
1212-3,6,48,hortelanos,168,108,1,318,308,0,5,0,29,47,0,0,0,2,,0,0
1212-3,6,49,hortelanos,169,112,1,424,283,0,5,0,29,47,0,0,0,2,1,22,0
1212-3,6,50,hortelanos,169,112,1,369,270,0,5,0,29,48,0,0,0,2,,0,0
1212-3,6,51,hortelanos,169,112,1,314,258,0,5,0,29,48,0,0,0,2,,0,0
1212-3,6,52,hortelanos,169,112,1,289,243,0,5,0,29,48,0,0,0,2,,0,0
1212-3,6,53,hortelanos,169,112,1,304,236,0,5,0,41,60,0,0,0,2,,0,0
1212-3,6,54,hortelanos,169,112,1,330,235,0,0,0,41,71,0,0,0,2,,0,0
1212-3,6,55,hortelanos,168,108,1,263,183,0,0,0,41,71,0,0,0,2,1,20,0
1212-3,6,56,hortelanos,168,108,1,236,180,0,2,0,41,69,0,0,0,2,,0,0
1212-3,6,57,hortelanos,208,165,2,209,184,0,4,0,48,76,0,0,0,3,,0,0
1212-3,6,58,hortelanos,208,167,2,186,178,0,2,0,48,86,0,0,0,3,,0,0
1212-3,6,59,hortelanos,208,168,2,163,205,0,2,0,86,124,0,0,0,3,,0,0
1212-3,6,60,hortelanos,208,168,2,193,228,0,2,0,86,126,0,0,0,3,,0,0
1212-3,6,61,hortelanos,208,168,2,395,246,0,0,0,86,126,0,0,0,3,1,31,0
1212-3,6,62,hortelanos,208,168,2,387,293,0,0,0,103,143,0,0,0,3,,0,0
1212-3,6,63,hortelanos,216,168,2,364,321,0,0,0,85,125,0,0,0,3,,0,0
1212-3,6,64,hortelanos,216,168,2,376,342,0,0,0,85,125,0,1,0,3,,0,0
1212-3,6,65,hortelanos,216,168,2,406,346,0,0,0,71,111,0,0,0,3,,0,0
1212-3,6,66,hortelanos,216,168,2,436,349,0,0,0,71,111,0,0,0,3,,0,0
1212-3,6,67,hortelanos,216,168,2,549,300,0,0,0,71,111,0,0,0,3,1,24,0
1212-3,6,68,hortelanos,216,168,2,557,305,0,0,0,71,111,0,0,0,3,,0,0
1212-3,6,69,hortelanos,271,253,3,580,308,0,0,0,71,111,0,1,0,4,,0,0
1212-3,6,70,hortelanos,271,253,3,612,302,0,0,0,85,141,0,0,0,4,,0,0
1212-3,6,71,hortelanos,271,253,3,641,279,0,0,0,62,118,0,0,0,4,,0,0
1212-3,6,72,hortelanos,271,253,3,663,256,0,0,0,62,108,0,0,0,4,,0,0
1212-3,6,73,hortelanos,271,253,3,736,228,0,0,0,62,108,0,0,0,4,1,35,0
1212-3,6,74,hortelanos,271,253,3,727,216,0,0,0,62,108,0,0,0,4,,0,0
1212-3,6,75,hortelanos,279,253,3,703,205,0,0,0,62,108,0,0,0,4,,0,0
1212-3,6,76,hortelanos,279,253,3,694,192,0,0,0,62,108,0,0,0,4,,0,0
1212-3,6,77,hortelanos,279,253,3,670,193,0,0,0,76,122,0,1,0,4,,0,0
1212-3,6,78,hortelanos,279,253,3,671,207,0,0,0,89,145,0,1,0,4,,0,0
1212-3,6,79,hortelanos,279,253,3,699,225,0,0,0,103,159,0,0,0,4,1,41,0
1212-3,6,80,hortelanos,287,253,3,669,252,0,2,0,103,159,0,0,0,4,,0,0
1212-3,6,81,hortelanos,287,253,3,639,278,0,4,0,103,159,0,0,0,4,,0,0
1212-3,6,82,hortelanos,287,253,3,609,293,0,6,0,103,159,0,0,0,4,,0,0
1212-3,6,83,hortelanos,287,253,3,579,352,0,6,0,139,195,0,0,0,4,,0,0
1212-3,6,84,hortelanos,287,253,3,549,408,0,6,0,139,195,0,0,0,4,,0,0
1212-3,6,85,hortelanos,287,253,3,662,463,0,8,0,139,195,0,0,0,4,1,26,0
1212-3,6,86,hortelanos,287,253,3,641,513,0,8,0,139,195,0,0,0,4,,0,0
1212-3,6,87,hortelanos,295,253,3,613,561,0,8,0,139,195,0,0,0,4,,0,0
1212-3,6,88,hortelanos,295,253,3,585,607,0,8,0,139,195,0,0,0,4,,0,0
1212-3,6,89,hortelanos,295,253,3,558,625,0,8,0,112,168,0,0,0,4,,0,0
1212-3,6,90,hortelanos,295,253,3,556,643,0,8,0,112,168,0,0,0,4,,0,0
1212-3,6,91,hortelanos,295,253,3,615,652,0,8,0,112,168,0,0,0,4,1,30,0
1212-3,6,92,hortelanos,295,253,3,594,669,0,8,0,112,168,0,0,0,4,,0,0
1212-3,6,93,hortelanos,295,253,3,566,685,0,8,0,112,168,0,0,0,4,,0,0
1212-3,6,94,hortelanos,295,253,3,538,700,0,8,0,112,168,0,0,0,4,,0,0
1212-3,6,95,hortelanos,295,253,3,514,693,0,8,0,89,145,0,0,0,4,,0,0
1212-3,6,96,hortelanos,295,253,3,479,686,0,8,0,89,135,0,0,0,4,,0,0
1212-3,6,97,hortelanos,296,257,3,540,667,0,8,0,89,135,0,0,0,4,1,31,0
1212-3,6,98,hortelanos,296,257,3,506,660,0,8,0,89,135,0,0,0,4,,0,0
1212-3,6,99,hortelanos,296,257,3,475,653,0,8,0,89,135,0,0,0,4,,0,0
1212-3,6,100,hortelanos,296,257,3,440,645,0,8,0,89,135,0,0,0,4,,0,0
1212-3,6,101,hortelanos,296,258,3,402,650,0,8,0,103,149,0,1,0,4,,0,0
1212-3,6,102,hortelanos,296,258,3,383,657,0,8,0,103,161,0,0,0,4,,0,0
1212-3,6,103,hortelanos,295,254,3,469,654,0,8,0,103,161,0,0,0,4,1,24,0
1212-3,6,104,hortelanos,295,254,3,444,662,0,8,0,103,161,0,0,0,4,,0,0
1212-3,6,105,hortelanos,295,254,3,418,669,0,8,0,103,161,0,0,0,4,,0,0
1212-3,6,106,hortelanos,295,254,3,399,676,0,8,0,103,161,0,0,0,4,,0,0
1212-3,6,107,hortelanos,295,254,3,373,717,0,8,0,139,197,0,0,0,4,,0,0
1212-3,6,108,hortelanos,295,254,3,387,752,0,8,0,139,197,0,0,0,4,,0,0
1212-3,6,109,hortelanos,295,254,3,504,768,0,4,0,139,197,0,0,0,4,1,39,0
1212-3,6,110,hortelanos,295,254,3,478,806,0,4,0,139,197,0,0,0,4,,0,0
1212-3,6,111,hortelanos,303,254,3,453,842,0,4,0,139,197,0,0,0,4,,0,0
1212-3,6,112,hortelanos,303,254,3,434,877,0,4,0,139,197,0,0,0,4,,0,0
1212-3,6,113,hortelanos,303,254,3,408,885,0,4,0,112,170,0,0,0,4,,0,0
1212-3,6,114,hortelanos,303,254,3,415,888,0,4,0,112,170,0,0,0,4,,0,0
1212-3,6,115,hortelanos,303,254,3,527,891,0,4,0,112,170,0,0,0,4,1,29,0
1212-3,6,116,hortelanos,303,254,3,501,887,0,3,0,112,170,0,0,0,4,,0,0
1212-3,6,117,hortelanos,303,254,3,475,894,0,3,0,112,170,0,0,0,4,,0,0
1212-3,6,118,hortelanos,303,254,3,456,901,0,3,0,112,170,0,0,0,4,,0,0
1212-3,6,119,hortelanos,311,254,3,434,885,0,3,0,89,147,0,0,0,4,,0,0
1212-3,6,120,hortelanos,471,254,3,407,869,0,3,0,89,137,0,1,1,5,,0,0
1212-3,6,121,hortelanos,471,254,3,492,898,0,3,0,141,189,0,0,0,5,1,23,0
1212-3,6,122,hortelanos,471,254,3,453,933,0,3,0,141,189,0,0,0,5,,0,0
1212-3,6,123,hortelanos,471,254,3,404,966,0,3,0,141,189,0,1,0,5,,0,0
1212-3,6,124,hortelanos,471,254,3,365,998,0,3,0,141,192,0,0,0,5,,0,0
1212-3,6,125,hortelanos,471,254,3,326,1028,0,3,0,141,192,0,1,0,5,,0,0
1212-3,6,126,hortelanos,471,254,3,367,1050,0,3,0,141,205,0,1,0,5,,0,0
1212-3,6,127,hortelanos,472,258,3,499,1032,0,4,0,141,205,0,0,0,5,1,24,0
1212-3,6,128,hortelanos,472,258,3,470,1061,0,4,0,141,205,0,0,0,5,,0,0
1212-3,6,129,hortelanos,493,323,4,451,1087,0,4,0,141,205,0,1,0,5,,0,0
1212-3,6,130,hortelanos,493,323,4,436,1097,0,4,0,141,217,0,0,0,5,,0,0
1212-3,6,131,hortelanos,494,326,4,421,1106,0,4,0,141,217,0,1,0,5,,0,0
1212-3,6,132,hortelanos,494,329,4,466,1110,0,4,0,141,217,0,0,0,5,,0,0
1212-3,6,133,hortelanos,494,328,4,584,1066,0,4,0,141,217,0,0,0,5,1,23,0
1212-3,6,134,hortelanos,495,331,4,601,1070,0,4,0,141,217,0,1,0,5,,0,0
1212-3,6,135,hortelanos,512,376,5,638,1085,0,4,0,153,231,0,1,0,5,,0,0
1212-3,6,136,hortelanos,513,381,5,664,1101,0,4,0,165,251,0,0,0,5,,0,0
1212-3,6,137,hortelanos,514,386,5,700,1114,0,4,0,165,251,0,1,0,5,,0,0
1212-3,6,138,hortelanos,515,392,5,738,1127,0,4,0,165,253,0,0,0,5,,0,0
1212-3,6,139,hortelanos,516,398,5,805,1079,0,4,0,165,253,0,0,0,5,1,36,0
1212-3,6,140,hortelanos,517,401,5,767,1095,0,4,0,165,255,0,1,0,5,,0,0
1212-3,6,141,hortelanos,551,493,6,739,1113,0,4,0,169,261,0,1,0,5,,0,0
1212-3,6,142,hortelanos,552,495,6,732,1112,0,4,0,173,283,0,1,0,5,,0,0
1212-3,6,143,hortelanos,552,497,6,715,1113,0,4,0,173,283,0,0,0,5,,0,0
1212-3,6,144,hortelanos,552,499,6,698,1111,0,4,0,173,273,0,0,0,5,,0,0
1212-3,6,145,hortelanos,552,499,6,800,1063,0,4,0,173,275,0,1,0,5,1,40,0
1212-3,6,146,hortelanos,560,499,6,770,1063,0,4,0,173,279,0,0,0,5,,0,0
1212-3,6,147,hortelanos,576,535,7,748,1061,0,4,0,173,279,0,1,0,5,,0,0
1212-3,6,148,hortelanos,576,536,7,723,1051,0,4,0,178,290,0,1,0,5,,0,0
1212-3,6,149,hortelanos,584,537,7,698,1050,0,4,0,183,295,0,1,0,5,,0,0
1212-3,6,150,hortelanos,584,538,7,693,1049,0,4,0,183,305,0,2,0,5,,0,0
1212-3,6,151,hortelanos,584,539,7,798,1042,0,4,0,183,311,0,0,0,5,1,30,0
1212-3,6,152,hortelanos,585,544,7,756,1073,0,4,0,219,349,0,1,0,5,,0,0
1212-3,6,153,hortelanos,586,549,7,750,1103,0,4,0,219,349,0,2,0,5,,0,0
1212-3,6,154,hortelanos,587,554,7,744,1144,0,4,0,228,358,0,0,0,5,,0,0
1212-3,6,155,hortelanos,588,559,7,718,1180,0,4,0,228,358,0,1,0,5,,0,0
1212-3,6,156,hortelanos,589,564,7,714,1212,0,4,0,228,360,0,2,0,5,,0,0
1212-3,6,157,hortelanos,590,569,7,923,1232,0,2,0,228,366,0,0,0,5,1,28,0
1212-3,6,158,hortelanos,600,577,7,971,1256,0,2,0,228,366,0,1,0,5,,0,0
1212-3,6,159,hortelanos,602,586,7,1021,1277,0,2,0,228,368,0,1,0,5,,0,0
1212-3,6,160,hortelanos,604,595,7,1073,1291,0,0,0,228,370,0,0,0,5,,0,0
1212-3,6,161,hortelanos,605,601,7,1125,1305,0,0,0,228,370,0,0,0,5,,0,0
1212-3,6,162,hortelanos,606,607,7,1181,1320,0,0,0,228,374,0,0,0,5,,0,0
1212-3,6,163,hortelanos,615,614,7,1322,1286,0,0,0,228,376,0,0,0,5,1,25,0
1212-3,6,164,hortelanos,618,625,7,1350,1300,0,0,0,228,376,0,1,0,5,,0,0
1212-3,6,165,hortelanos,641,704,8,1378,1313,0,0,0,228,376,0,0,0,5,,0,0
1212-3,6,166,hortelanos,643,711,8,1412,1306,0,0,0,228,394,0,0,0,5,,0,0
1212-3,6,167,hortelanos,644,718,8,1448,1298,0,0,0,228,396,0,0,0,5,,0,0
1212-3,6,168,hortelanos,646,725,8,1474,1289,0,0,0,228,386,0,0,0,5,,0,0
1212-3,6,169,hortelanos,647,733,8,1576,1219,0,0,0,228,390,0,0,0,5,1,39,0
1212-3,6,170,hortelanos,649,741,8,1586,1204,0,0,0,228,390,0,0,0,5,,0,0
1212-3,6,171,hortelanos,676,796,9,1596,1191,0,0,0,228,390,0,2,0,5,,0,0
1212-3,6,172,hortelanos,676,798,9,1603,1179,0,0,0,242,418,0,0,0,5,,0,0
1212-3,6,173,hortelanos,677,800,9,1620,1167,0,0,0,242,418,0,0,0,5,,0,0
1212-3,6,174,hortelanos,678,805,9,1647,1154,0,0,0,242,428,0,2,0,5,,0,0
1212-3,6,175,hortelanos,679,810,9,1732,1144,0,0,0,242,428,0,0,0,5,1,36,0
1212-3,6,176,hortelanos,679,813,9,1746,1128,0,2,0,242,430,0,3,0,5,,0,0
1212-3,6,177,hortelanos,680,816,9,1750,1117,0,4,0,249,437,0,0,0,5,,0,0
1212-3,6,178,hortelanos,681,823,9,1766,1109,0,6,0,249,439,0,2,0,5,,0,0
1212-3,6,179,hortelanos,691,830,9,1772,1104,0,6,0,249,439,0,0,0,5,,0,0
1212-3,6,180,hortelanos,692,837,9,1790,1096,0,8,0,249,441,0,1,0,5,,0,0
1212-3,6,181,hortelanos,693,844,9,2012,1089,0,8,0,249,447,0,0,0,5,1,25,0
1212-3,6,182,hortelanos,695,851,9,2072,1083,0,8,0,249,449,0,0,0,5,,0,0
1212-3,6,183,hortelanos,696,858,9,2134,1077,0,8,0,249,451,0,0,0,5,,0,0
1212-3,6,184,hortelanos,698,865,9,2196,1069,0,8,0,249,451,0,0,0,5,,0,0
1212-3,6,185,hortelanos,699,873,9,2262,1059,0,8,0,249,455,0,0,0,5,,0,0
1212-3,6,186,hortelanos,701,881,9,2328,1048,0,8,0,249,455,0,0,0,5,,0,0
1212-3,6,187,hortelanos,702,888,9,2477,1035,0,9,0,249,455,0,0,0,5,1,26,0
1212-3,6,188,hortelanos,702,888,9,2547,1021,0,9,0,249,459,0,0,0,5,,0,0
1212-3,6,189,hortelanos,702,888,9,2617,1008,0,9,0,249,459,0,0,0,5,,0,0
1212-3,6,190,hortelanos,702,888,9,2687,995,0,9,0,249,459,0,0,0,5,,0,0
1212-3,6,191,hortelanos,702,888,9,2757,983,0,9,0,249,459,0,0,0,5,,0,0
1212-3,6,192,hortelanos,702,888,9,2817,971,0,9,0,249,449,0,0,0,5,,0,0
1212-3,6,193,hortelanos,701,884,9,2929,967,0,9,0,267,467,0,0,0,5,1,26,0
1212-3,6,194,hortelanos,701,884,9,2989,974,0,9,0,267,467,0,0,0,5,,0,0
1212-3,6,195,hortelanos,701,884,9,3049,981,0,9,0,267,467,0,0,0,5,,0,0
1212-3,6,196,hortelanos,701,884,9,3109,987,0,9,0,267,467,0,0,0,5,,0,0
1212-3,6,197,hortelanos,701,884,9,3169,969,0,9,0,242,442,0,0,0,5,,0,0
1212-3,6,198,hortelanos,701,884,9,3239,952,0,9,0,242,452,0,0,0,5,,0,0
1212-3,6,199,hortelanos,701,884,9,3379,923,0,8,0,242,452,0,0,0,5,1,30,0
1212-3,6,200,hortelanos,701,884,9,3449,904,0,8,0,242,452,0,0,0,5,,0,0
1212-3,6,1,mercaderes,39,116,1,468,49,0,0,0,11,43,0,0,0,0,1,4,0
1212-3,6,2,mercaderes,39,116,1,483,28,0,0,0,11,30,0,0,0,0,,0,0
1212-3,6,3,mercaderes,39,116,1,498,8,0,0,0,11,30,0,1,0,0,,0,0
1212-3,6,4,mercaderes,38,116,1,513,0,0,0,0,11,30,1,0,0,0,,0,0
1212-3,6,5,mercaderes,37,116,1,528,0,0,0,0,18,37,1,0,0,0,,0,0
1212-3,6,6,mercaderes,35,113,1,554,0,0,0,0,18,48,1,0,0,0,,0,0
1212-3,6,7,mercaderes,34,110,1,485,0,0,0,0,18,48,1,0,0,0,1,23,0
1212-3,6,8,mercaderes,32,107,1,416,4,0,0,0,18,48,1,0,0,0,,0,0
1212-3,6,9,mercaderes,30,104,1,345,4,0,0,0,18,46,1,0,0,0,,0,0
1212-3,6,10,mercaderes,29,101,1,274,4,0,0,0,16,44,1,0,0,0,,0,0
1212-3,6,11,mercaderes,29,101,1,203,15,0,0,0,32,60,0,0,0,0,,0,0
1212-3,6,12,mercaderes,29,101,1,213,26,0,0,0,32,60,0,0,0,0,,0,0
1212-3,6,13,mercaderes,29,101,1,472,36,0,0,0,32,60,0,0,0,0,1,10,0
1212-3,6,14,mercaderes,29,101,1,452,46,0,0,0,32,60,0,0,0,0,,0,0
1212-3,6,15,mercaderes,29,101,1,462,55,0,0,0,32,60,0,0,0,0,,0,0
1212-3,6,16,mercaderes,29,101,1,486,64,0,0,0,32,60,0,0,0,0,,0,0
1212-3,6,17,mercaderes,29,101,1,510,57,0,0,0,20,48,0,0,0,0,,0,0
1212-3,6,18,mercaderes,29,101,1,534,50,0,0,0,20,48,0,0,0,0,,0,0
1212-3,6,19,mercaderes,29,101,1,586,44,0,0,0,20,48,0,0,0,0,1,18,0
1212-3,6,20,mercaderes,29,101,1,557,45,0,0,0,20,48,0,0,0,0,,0,0
1212-3,6,21,mercaderes,29,101,1,528,46,0,0,0,20,48,0,0,0,0,,0,0
1212-3,6,22,mercaderes,29,101,1,499,49,0,0,0,22,50,0,0,0,0,,0,0
1212-3,6,23,mercaderes,29,101,1,470,41,0,0,0,11,39,0,0,0,0,,0,0
1212-3,6,24,mercaderes,29,101,1,431,33,0,0,0,11,29,0,0,0,0,,0,0
1212-3,6,25,mercaderes,29,101,1,488,26,0,0,0,11,29,0,0,0,0,1,18,0
1212-3,6,26,mercaderes,29,101,1,449,19,0,0,0,11,29,0,0,0,0,,0,0
1212-3,6,27,mercaderes,29,101,1,410,12,0,0,0,11,29,0,0,0,0,,0,0
1212-3,6,28,mercaderes,28,101,1,371,7,0,0,0,11,29,1,0,0,0,,0,0
1212-3,6,29,mercaderes,28,101,1,332,7,0,0,0,18,36,0,0,0,0,,0,0
1212-3,6,30,mercaderes,28,101,1,303,7,0,0,0,18,46,0,0,0,0,,0,0
1212-3,6,31,mercaderes,28,101,1,326,7,0,0,0,18,46,0,0,0,0,1,14,0
1212-3,6,32,mercaderes,28,101,1,255,4,0,0,0,18,46,0,0,0,0,,0,0
1212-3,6,33,mercaderes,27,101,1,235,4,0,0,0,18,46,1,0,0,0,,0,0
1212-3,6,34,mercaderes,26,101,1,251,4,0,0,0,18,46,1,0,0,0,,0,0
1212-3,6,35,mercaderes,26,101,1,275,17,0,0,0,36,64,0,0,0,0,,0,0
1212-3,6,36,mercaderes,26,101,1,299,27,0,0,0,36,64,0,0,0,0,,0,0
1212-3,6,37,mercaderes,26,101,1,372,37,0,0,0,36,64,0,0,0,0,1,14,0
1212-3,6,38,mercaderes,26,101,1,301,51,0,0,0,36,64,0,0,0,0,,0,0
1212-3,6,39,mercaderes,26,101,1,281,64,0,0,0,36,64,0,0,0,0,,0,0
1212-3,6,40,mercaderes,26,101,1,301,76,0,0,0,36,64,0,0,0,0,,0,0
1212-3,6,41,mercaderes,26,101,1,325,72,0,0,0,22,50,0,0,0,0,,0,0
1212-3,6,42,mercaderes,26,101,1,349,67,0,0,0,22,50,0,0,0,0,,0,0
1212-3,6,43,mercaderes,25,97,1,444,52,0,0,0,22,50,0,0,0,0,1,18,0
1212-3,6,44,mercaderes,25,97,1,413,55,0,0,0,22,48,0,0,0,0,,0,0
1212-3,6,45,mercaderes,25,97,1,382,58,0,0,0,22,48,0,0,0,0,,0,0
1212-3,6,46,mercaderes,25,97,1,351,61,0,0,0,22,48,0,0,0,0,,0,0
1212-3,6,47,mercaderes,25,97,1,320,54,0,0,0,11,37,0,0,0,0,,0,0
1212-3,6,48,mercaderes,25,97,1,310,47,0,0,0,11,28,0,0,0,0,,0,0
1212-3,6,49,mercaderes,25,97,1,356,40,0,0,0,11,28,0,0,0,0,1,17,0
1212-3,6,50,mercaderes,25,97,1,316,33,0,0,0,11,28,0,0,0,0,,0,0
1212-3,6,51,mercaderes,25,97,1,276,27,0,0,0,11,28,0,0,0,0,,0,0
1212-3,6,52,mercaderes,25,97,1,236,21,0,0,0,11,28,0,0,0,0,,0,0
1212-3,6,53,mercaderes,25,97,1,216,22,0,0,0,18,35,0,0,0,0,,0,0
1212-3,6,54,mercaderes,25,97,1,234,23,0,0,0,18,44,0,0,0,0,,0,0
1212-3,6,55,mercaderes,25,97,1,231,18,0,0,0,18,44,0,0,0,0,1,11,0
1212-3,6,56,mercaderes,25,97,1,183,16,0,0,0,18,44,0,0,0,0,,0,0
1212-3,6,57,mercaderes,25,97,1,197,14,0,0,0,18,44,0,0,0,0,,0,0
1212-3,6,58,mercaderes,25,97,1,219,10,0,0,0,18,44,0,0,0,0,,0,0
1212-3,6,59,mercaderes,25,97,1,241,22,0,0,0,36,62,0,0,0,0,,0,0
1212-3,6,60,mercaderes,25,97,1,263,33,0,0,0,36,62,0,0,0,0,,0,0
1212-3,6,61,mercaderes,25,97,1,297,44,0,0,0,36,62,0,0,0,0,1,11,0
1212-3,6,62,mercaderes,25,97,1,224,58,0,0,0,36,62,0,0,0,0,,0,0
1212-3,6,63,mercaderes,25,97,1,235,72,0,0,0,36,62,0,0,0,0,,0,0
1212-3,6,64,mercaderes,25,97,1,257,84,0,0,0,36,62,0,0,0,0,,0,0
1212-3,6,65,mercaderes,25,97,1,279,79,0,0,0,22,48,0,0,0,0,,0,0
1212-3,6,66,mercaderes,25,97,1,301,74,0,0,0,22,48,0,0,0,0,,0,0
1212-3,6,67,mercaderes,24,93,1,384,54,0,0,0,22,48,0,0,0,0,1,27,0
1212-3,6,68,mercaderes,42,93,1,353,58,0,0,0,22,48,0,0,0,1,,0,0
1212-3,6,69,mercaderes,42,93,1,322,62,0,0,0,22,48,0,0,0,1,,0,0
1212-3,6,70,mercaderes,42,93,1,291,60,0,0,0,22,48,0,0,0,1,,0,0
1212-3,6,71,mercaderes,50,93,1,290,54,0,0,0,11,37,0,0,0,1,,0,0
1212-3,6,72,mercaderes,50,93,1,299,48,0,0,0,11,28,0,0,0,1,,0,0
1212-3,6,73,mercaderes,50,93,1,333,36,0,0,0,11,28,0,0,0,1,1,17,0
1212-3,6,74,mercaderes,50,93,1,293,29,0,0,0,11,28,0,0,0,1,,0,0
1212-3,6,75,mercaderes,50,93,1,253,22,0,0,0,11,28,0,1,0,1,,0,0
1212-3,6,76,mercaderes,50,93,1,213,17,0,0,0,11,28,0,0,0,1,,0,0
1212-3,6,77,mercaderes,50,93,1,203,19,0,0,0,18,35,0,0,0,1,,0,0
1212-3,6,78,mercaderes,50,93,1,221,21,0,0,0,18,44,0,0,0,1,,0,0
1212-3,6,79,mercaderes,50,93,1,227,17,0,0,0,18,44,0,0,0,1,1,12,0
1212-3,6,80,mercaderes,50,93,1,187,16,0,0,0,18,44,0,0,0,1,,0,0
1212-3,6,81,mercaderes,50,93,1,198,15,0,0,0,18,44,0,0,0,1,,0,0
1212-3,6,82,mercaderes,50,93,1,220,13,0,0,0,18,44,0,0,0,1,,0,0
1212-3,6,83,mercaderes,50,93,1,242,25,0,0,0,36,62,0,0,0,1,,0,0
1212-3,6,84,mercaderes,50,93,1,264,37,0,0,0,36,62,0,0,0,1,,0,0
1212-3,6,85,mercaderes,50,93,1,292,48,0,0,0,36,62,0,0,0,1,1,11,0
1212-3,6,86,mercaderes,50,93,1,219,63,0,0,0,36,62,0,0,0,1,,0,0
1212-3,6,87,mercaderes,50,93,1,227,77,0,0,0,36,62,0,0,0,1,,0,0
1212-3,6,88,mercaderes,65,93,1,249,91,0,0,0,36,62,0,0,0,2,,0,0
1212-3,6,89,mercaderes,65,93,1,271,87,0,0,0,22,48,0,0,0,2,,0,0
1212-3,6,90,mercaderes,65,93,1,293,83,0,0,0,22,48,0,0,0,2,,0,0
1212-3,6,91,mercaderes,65,90,1,377,59,0,0,0,22,48,0,0,0,2,1,21,0
1212-3,6,92,mercaderes,65,90,1,346,64,0,0,0,22,48,0,0,0,2,,0,0
1212-3,6,93,mercaderes,73,90,1,315,69,0,0,0,22,48,0,0,0,2,,0,0
1212-3,6,94,mercaderes,73,90,1,284,74,0,0,0,22,48,0,0,0,2,,0,0
1212-3,6,95,mercaderes,73,90,1,287,68,0,0,0,11,37,0,0,0,2,,0,0
1212-3,6,96,mercaderes,73,90,1,300,61,0,0,0,11,28,0,0,0,2,,0,0
1212-3,6,97,mercaderes,72,86,1,311,27,0,0,0,11,28,0,0,0,2,1,23,0
1212-3,6,98,mercaderes,72,86,1,270,22,0,0,0,11,27,0,0,0,2,,0,0
1212-3,6,99,mercaderes,80,86,1,229,17,0,0,0,11,27,0,1,0,2,,0,0
1212-3,6,100,mercaderes,80,86,1,188,14,0,0,0,11,27,0,0,0,2,,0,0
1212-3,6,101,mercaderes,80,86,1,177,18,0,0,0,18,34,0,0,0,2,,0,0
1212-3,6,102,mercaderes,80,86,1,193,22,0,0,0,18,42,0,0,0,2,,0,0
1212-3,6,103,mercaderes,80,86,1,197,20,0,0,0,18,42,0,0,0,2,1,12,0
1212-3,6,104,mercaderes,80,86,1,181,19,0,0,0,18,42,0,1,0,2,,0,0
1212-3,6,105,mercaderes,80,86,1,193,20,0,0,0,18,42,0,0,0,2,,0,0
1212-3,6,106,mercaderes,80,86,1,213,19,0,0,0,18,42,0,0,0,2,,0,0
1212-3,6,107,mercaderes,81,90,1,233,33,0,0,0,36,60,0,0,0,2,,0,0
1212-3,6,108,mercaderes,81,90,1,255,46,0,0,0,36,62,0,0,0,2,,0,0
1212-3,6,109,mercaderes,81,90,1,263,58,0,0,0,36,62,0,0,0,2,1,13,0
1212-3,6,110,mercaderes,81,90,1,199,74,0,0,0,36,62,0,0,0,2,,0,0
1212-3,6,111,mercaderes,81,90,1,200,89,0,0,0,36,62,0,0,0,2,,0,0
1212-3,6,112,mercaderes,81,90,1,222,103,0,0,0,36,62,0,0,0,2,,0,0
1212-3,6,113,mercaderes,81,90,1,244,99,0,0,0,22,48,0,0,0,2,,0,0
1212-3,6,114,mercaderes,81,90,1,266,96,0,0,0,22,48,0,0,0,2,,0,0
1212-3,6,115,mercaderes,81,90,1,366,80,0,0,0,22,48,0,0,0,2,1,21,0
1212-3,6,116,mercaderes,81,90,1,343,84,0,0,0,22,48,0,0,0,2,,0,0
1212-3,6,117,mercaderes,89,90,1,320,88,0,0,0,22,48,0,0,0,2,,0,0
1212-3,6,118,mercaderes,89,90,1,297,92,0,0,0,22,48,0,0,0,2,,0,0
1212-3,6,119,mercaderes,89,90,1,296,85,0,0,0,11,37,0,0,0,2,,0,0
1212-3,6,120,mercaderes,89,90,1,309,79,0,0,0,11,28,0,0,0,2,,0,0
1212-3,6,121,mercaderes,89,90,1,326,53,0,0,0,11,28,0,0,0,2,1,27,0
1212-3,6,122,mercaderes,89,90,1,286,48,0,0,0,11,28,0,0,0,2,,0,0
1212-3,6,123,mercaderes,97,90,1,246,43,0,0,0,11,28,0,0,0,2,,0,0
1212-3,6,124,mercaderes,97,90,1,206,38,0,0,0,11,28,0,0,0,2,,0,0
1212-3,6,125,mercaderes,97,90,1,186,40,0,0,0,18,35,0,0,0,2,,0,0
1212-3,6,126,mercaderes,97,90,1,204,42,0,0,0,18,44,0,0,0,2,,0,0
1212-3,6,127,mercaderes,97,90,1,205,38,0,0,0,18,44,0,0,0,2,1,11,0
1212-3,6,128,mercaderes,97,90,1,183,26,0,0,0,18,44,0,0,0,2,,0,0
1212-3,6,129,mercaderes,97,90,1,201,26,0,0,0,18,44,0,0,0,2,,0,0
1212-3,6,130,mercaderes,105,90,1,223,23,0,0,0,18,44,0,0,0,2,,0,0
1212-3,6,131,mercaderes,105,90,1,245,36,0,0,0,36,62,0,0,0,2,,0,0
1212-3,6,132,mercaderes,105,90,1,267,48,0,0,0,36,62,0,0,0,2,,0,0
1212-3,6,133,mercaderes,105,90,1,273,60,0,0,0,36,62,0,0,0,2,1,14,0
1212-3,6,134,mercaderes,105,90,1,201,76,0,0,0,36,62,0,0,0,2,,0,0
1212-3,6,135,mercaderes,105,90,1,210,91,0,0,0,36,62,0,0,0,2,,0,0
1212-3,6,136,mercaderes,105,90,1,228,105,0,0,0,36,62,0,0,0,2,,0,0
1212-3,6,137,mercaderes,105,90,1,250,102,0,0,0,22,48,0,0,0,2,,0,0
1212-3,6,138,mercaderes,105,90,1,272,98,0,0,0,22,48,0,0,0,2,,0,0
1212-3,6,139,mercaderes,105,94,1,384,95,0,0,0,22,48,0,0,0,2,1,14,0
1212-3,6,140,mercaderes,105,94,1,353,98,0,0,0,22,48,0,0,0,2,,0,0
1212-3,6,141,mercaderes,105,94,1,322,101,0,0,0,22,48,0,0,0,2,,0,0
1212-3,6,142,mercaderes,105,94,1,291,103,0,0,0,22,48,0,0,0,2,,0,0
1212-3,6,143,mercaderes,105,94,1,313,95,0,0,0,11,37,0,0,0,2,,0,0
1212-3,6,144,mercaderes,105,94,1,326,80,0,0,0,11,28,0,0,0,2,,0,0
1212-3,6,145,mercaderes,105,90,1,331,56,0,0,0,11,28,0,0,0,2,1,17,0
1212-3,6,146,mercaderes,105,90,1,291,51,0,0,0,11,28,0,0,0,2,,0,0
1212-3,6,147,mercaderes,105,90,1,251,46,0,0,0,11,28,0,0,0,2,,0,0
1212-3,6,148,mercaderes,105,90,1,211,41,0,0,0,11,28,0,0,0,2,,0,0
1212-3,6,149,mercaderes,105,90,1,171,43,0,0,0,18,35,0,0,0,2,,0,0
1212-3,6,150,mercaderes,105,90,1,193,45,0,0,0,18,44,0,0,0,2,,0,0
1212-3,6,151,mercaderes,105,90,1,201,40,0,0,0,18,44,0,0,0,2,1,11,0
1212-3,6,152,mercaderes,105,90,1,196,39,0,0,0,18,51,0,0,0,2,,0,0
1212-3,6,153,mercaderes,105,90,1,221,38,0,0,0,18,51,0,0,0,2,,0,0
1212-3,6,154,mercaderes,105,90,1,250,34,0,0,0,18,51,0,0,0,2,,0,0
1212-3,6,155,mercaderes,105,90,1,279,36,0,0,0,25,58,0,0,0,2,,0,0
1212-3,6,156,mercaderes,105,90,1,308,38,0,0,0,25,58,0,0,0,2,,0,0
1212-3,6,157,mercaderes,105,90,1,318,40,0,0,0,25,58,0,0,0,2,1,14,0
1212-3,6,158,mercaderes,105,90,1,252,46,0,0,0,25,58,0,0,0,2,,0,0
1212-3,6,159,mercaderes,105,90,1,237,52,0,0,0,25,58,0,0,0,2,,0,0
1212-3,6,160,mercaderes,105,90,1,252,57,0,0,0,25,58,0,0,0,2,,0,0
1212-3,6,161,mercaderes,105,90,1,281,59,0,0,0,22,55,0,0,0,2,,0,0
1212-3,6,162,mercaderes,105,90,1,310,57,0,0,0,22,55,0,0,0,2,,0,0
1212-3,6,163,mercaderes,105,90,1,434,40,0,0,0,22,55,0,0,0,2,1,23,0
1212-3,6,164,mercaderes,105,90,1,410,46,0,0,0,22,55,0,0,0,2,,0,0
1212-3,6,165,mercaderes,105,90,1,386,52,0,0,0,22,55,0,0,0,2,,0,0
1212-3,6,166,mercaderes,105,90,1,362,57,0,0,0,22,55,0,0,0,2,,0,0
1212-3,6,167,mercaderes,113,90,1,358,52,0,0,0,11,44,0,0,0,2,,0,0
1212-3,6,168,mercaderes,113,90,1,371,47,0,0,0,11,32,0,0,0,2,,0,0
1212-3,6,169,mercaderes,113,90,1,406,36,0,0,0,11,32,0,0,0,2,1,19,0
1212-3,6,170,mercaderes,113,90,1,370,31,0,0,0,11,32,0,0,0,2,,0,0
1212-3,6,171,mercaderes,113,90,1,334,27,0,0,0,11,32,0,0,0,2,,0,0
1212-3,6,172,mercaderes,113,90,1,298,23,0,0,0,11,32,0,0,0,2,,0,0
1212-3,6,173,mercaderes,113,90,1,262,26,0,0,0,18,39,0,0,0,2,,0,0
1212-3,6,174,mercaderes,113,90,1,248,29,0,0,0,18,51,0,0,0,2,,0,0
1212-3,6,175,mercaderes,113,90,1,271,31,0,0,0,18,51,0,0,0,2,1,14,0
1212-3,6,176,mercaderes,113,90,1,230,30,0,0,0,18,51,0,0,0,2,,0,0
1212-3,6,177,mercaderes,113,90,1,245,29,0,0,0,18,51,0,0,0,2,,0,0
1212-3,6,178,mercaderes,113,90,1,266,28,0,0,0,18,51,0,0,0,2,,0,0
1212-3,6,179,mercaderes,113,90,1,295,43,0,0,0,36,69,0,0,0,2,,0,0
1212-3,6,180,mercaderes,113,90,1,324,55,0,0,0,36,69,0,0,0,2,,0,0
1212-3,6,181,mercaderes,113,94,1,320,68,0,0,0,36,69,0,0,0,2,1,16,0
1212-3,6,182,mercaderes,113,94,1,275,83,0,0,0,36,69,0,0,0,2,,0,0
1212-3,6,183,mercaderes,113,94,1,230,98,0,0,0,36,69,0,0,0,2,,0,0
1212-3,6,184,mercaderes,113,94,1,236,112,0,0,0,36,69,0,0,0,2,,0,0
1212-3,6,185,mercaderes,113,94,1,246,118,0,0,0,28,61,0,0,0,2,,0,0
1212-3,6,186,mercaderes,113,94,1,275,123,0,0,0,28,61,0,0,0,2,,0,0
1212-3,6,187,mercaderes,113,90,1,418,112,0,0,0,28,61,0,0,0,2,1,14,0
1212-3,6,188,mercaderes,113,90,1,394,119,0,0,0,28,61,0,0,0,2,,0,0
1212-3,6,189,mercaderes,113,90,1,370,126,0,0,0,28,61,0,0,0,2,,0,0
1212-3,6,190,mercaderes,113,90,1,346,132,0,0,0,28,61,0,0,0,2,,0,0
1212-3,6,191,mercaderes,113,90,1,373,122,0,0,0,11,44,0,0,0,2,,0,0
1212-3,6,192,mercaderes,113,90,1,388,105,0,0,0,11,32,0,0,0,2,,0,0
1212-3,6,193,mercaderes,113,90,1,408,74,0,0,0,11,32,0,0,0,2,1,29,0
1212-3,6,194,mercaderes,113,90,1,372,66,0,0,0,11,32,0,0,0,2,,0,0
1212-3,6,195,mercaderes,121,90,1,336,58,0,0,0,11,32,0,0,0,2,,0,0
1212-3,6,196,mercaderes,121,90,1,298,51,0,0,0,11,32,0,0,0,2,,0,0
1212-3,6,197,mercaderes,121,90,1,262,51,0,0,0,18,39,0,0,0,2,,0,0
1212-3,6,198,mercaderes,121,90,1,238,51,0,0,0,18,51,0,0,0,2,,0,0
1212-3,6,199,mercaderes,121,90,1,270,51,0,0,0,18,51,0,0,0,2,1,12,0
1212-3,6,200,mercaderes,121,90,1,225,44,0,0,0,14,47,0,0,0,2,,0,0
1212-3,6,1,mesta,21,25,1,40,75,0,0,0,4,8,0,0,0,0,1,5,0
1212-3,6,2,mesta,21,25,1,38,69,0,0,0,4,6,0,0,0,0,,0,0
1212-3,6,3,mesta,21,25,1,36,63,0,0,0,4,6,0,0,0,0,,0,0
1212-3,6,4,mesta,21,25,1,34,57,0,0,0,4,6,0,0,0,0,,0,0
1212-3,6,5,mesta,21,26,1,32,53,0,0,0,6,8,0,1,0,0,,0,0
1212-3,6,6,mesta,21,27,1,40,51,0,0,0,6,18,0,0,0,0,,0,0
1212-3,6,7,mesta,20,24,1,28,40,0,0,0,6,18,0,0,0,0,1,1,0
1212-3,6,8,mesta,21,25,1,36,39,0,0,0,6,18,0,0,0,0,,0,0
1212-3,6,9,mesta,21,26,1,44,38,0,0,0,6,18,0,0,0,0,,0,0
1212-3,6,10,mesta,21,27,1,52,37,0,0,0,6,18,0,0,0,0,,0,0
1212-3,6,11,mesta,21,28,1,60,43,0,0,0,13,25,0,0,0,0,,0,0
1212-3,6,12,mesta,21,29,1,68,48,0,0,0,13,25,0,0,0,0,,0,0
1212-3,6,13,mesta,22,30,1,76,52,0,0,0,13,25,0,0,0,0,1,1,0
1212-3,6,14,mesta,22,31,1,86,56,0,0,0,13,27,0,0,0,0,,0,0
1212-3,6,15,mesta,22,32,1,96,60,0,0,0,13,27,0,0,0,0,,0,0
1212-3,6,16,mesta,22,33,1,106,63,0,0,0,13,27,0,0,0,0,,0,0
1212-3,6,17,mesta,22,34,1,116,61,0,0,0,8,22,0,0,0,0,,0,0
1212-3,6,18,mesta,23,35,1,126,59,0,0,0,8,22,0,0,0,0,,0,0
1212-3,6,19,mesta,22,34,1,43,57,0,0,0,8,22,0,0,0,0,1,4,0
1212-3,6,20,mesta,22,34,1,43,57,0,0,0,8,22,0,0,0,0,,0,0
1212-3,6,21,mesta,23,35,1,53,54,0,0,0,8,22,0,1,0,0,,0,0
1212-3,6,22,mesta,23,35,1,63,53,0,0,0,8,31,0,0,0,0,,0,0
1212-3,6,23,mesta,23,35,1,73,48,0,0,0,4,27,0,0,0,0,,0,0
1212-3,6,24,mesta,23,35,1,80,44,0,0,0,4,24,0,0,0,0,,0,0
1212-3,6,25,mesta,23,35,1,87,40,0,0,0,4,24,0,0,0,0,1,4,0
1212-3,6,26,mesta,23,35,1,94,40,0,0,0,4,24,0,0,0,0,,0,0
1212-3,6,27,mesta,23,35,1,101,36,0,0,0,4,24,0,0,0,0,,0,0
1212-3,6,28,mesta,23,35,1,108,32,0,0,0,4,24,0,0,0,0,,0,0
1212-3,6,29,mesta,23,35,1,115,30,0,0,0,6,26,0,0,0,0,,0,0
1212-3,6,30,mesta,23,35,1,125,28,0,0,0,6,29,0,0,0,0,,0,0
1212-3,6,31,mesta,23,35,1,83,26,0,0,0,6,29,0,0,0,0,1,17,0
1212-3,6,32,mesta,23,35,1,88,25,0,0,0,6,29,0,0,0,0,,0,0
1212-3,6,33,mesta,23,35,1,98,25,0,0,0,6,29,0,0,0,0,,0,0
1212-3,6,34,mesta,23,35,1,108,24,4,0,0,6,29,0,0,0,0,,0,0
1212-3,6,35,mesta,23,35,1,118,29,4,0,0,13,36,0,0,0,0,,0,0
1212-3,6,36,mesta,23,36,1,128,34,4,0,0,13,36,0,0,0,0,,0,0
1212-3,6,37,mesta,23,37,1,255,38,0,0,0,13,36,0,0,0,0,1,16,0
1212-3,6,38,mesta,23,38,1,260,42,0,0,0,13,36,0,0,0,0,,0,0
1212-3,6,39,mesta,23,39,1,270,47,0,0,0,13,36,0,0,0,0,,0,0
1212-3,6,40,mesta,24,40,1,280,50,0,0,0,13,36,0,0,0,0,,0,0
1212-3,6,41,mesta,24,40,1,292,48,0,0,0,8,33,0,0,0,0,,0,0
1212-3,6,42,mesta,24,40,1,304,46,0,0,0,8,33,0,0,0,0,,0,0
1212-3,6,43,mesta,23,35,1,560,34,0,0,0,8,33,0,0,0,0,1,26,0
1212-3,6,44,mesta,23,35,1,523,40,0,0,0,8,31,0,0,0,0,,0,0
1212-3,6,45,mesta,23,35,1,486,45,0,0,0,8,31,0,0,0,0,,0,0
1212-3,6,46,mesta,23,35,1,449,48,0,0,0,8,31,0,1,0,0,,0,0
1212-3,6,47,mesta,23,35,1,412,49,0,0,0,4,27,0,0,0,0,,0,0
1212-3,6,48,mesta,23,35,1,414,50,0,0,0,4,24,0,0,0,0,,0,0
1212-3,6,49,mesta,22,33,1,477,35,0,0,0,4,24,0,0,0,0,1,31,0
1212-3,6,50,mesta,22,33,1,437,38,0,0,0,4,24,0,0,0,0,,0,0
1212-3,6,51,mesta,22,33,1,397,40,0,0,0,4,24,0,0,0,0,,0,0
1212-3,6,52,mesta,22,33,1,357,42,0,0,0,4,24,0,0,0,0,,0,0
1212-3,6,53,mesta,22,33,1,317,46,0,0,0,6,26,0,0,0,0,,0,0
1212-3,6,54,mesta,40,33,1,280,50,0,0,0,6,29,0,0,0,1,,0,0
1212-3,6,55,mesta,40,33,1,331,53,0,0,0,6,29,0,0,0,1,1,25,0
1212-3,6,56,mesta,40,33,1,258,53,0,0,0,6,29,0,0,0,1,,0,0
1212-3,6,57,mesta,40,33,1,236,53,0,0,0,6,29,0,0,0,1,,0,0
1212-3,6,58,mesta,130,33,1,232,53,15,0,0,6,29,0,0,0,2,,0,0
1212-3,6,59,mesta,130,34,1,237,60,15,0,0,13,36,0,0,0,2,,0,0
1212-3,6,60,mesta,131,35,1,247,67,15,0,0,13,36,0,0,0,2,,0,0
1212-3,6,61,mesta,146,36,1,432,72,11,0,0,13,36,0,0,0,3,1,22,0
1212-3,6,62,mesta,146,37,1,382,76,7,0,0,13,36,0,0,0,3,,0,0
1212-3,6,63,mesta,146,38,1,332,80,3,0,0,13,36,0,0,0,3,,0,0
1212-3,6,64,mesta,146,39,1,342,84,0,0,0,13,36,0,0,0,3,,0,0
1212-3,6,65,mesta,146,39,1,352,83,0,0,0,8,31,0,0,0,3,,0,0
1212-3,6,66,mesta,146,39,1,362,82,0,0,0,8,31,0,0,0,3,,0,0
1212-3,6,67,mesta,147,43,1,1100,44,0,0,0,8,31,0,0,0,3,1,22,0
1212-3,6,68,mesta,147,43,1,1049,44,0,0,0,8,33,0,0,0,3,,0,0
1212-3,6,69,mesta,181,73,2,998,44,0,0,0,8,33,0,0,0,4,,0,0
1212-3,6,70,mesta,181,73,2,940,36,0,0,0,8,39,0,0,0,4,,0,0
1212-3,6,71,mesta,181,73,2,900,24,0,0,0,4,35,0,0,0,4,,0,0
1212-3,6,72,mesta,181,73,2,901,13,0,0,0,4,31,0,0,0,4,,0,0
1212-3,6,73,mesta,181,71,2,961,2,0,0,0,4,31,0,0,0,4,1,31,0
1212-3,6,74,mesta,180,71,2,915,4,0,0,0,4,31,1,0,0,4,,0,0
1212-3,6,75,mesta,179,71,2,869,4,0,0,0,4,31,1,1,0,4,,0,0
1212-3,6,76,mesta,177,69,2,823,4,0,0,0,6,33,1,0,0,4,,0,0
1212-3,6,77,mesta,177,69,2,765,4,0,0,0,9,34,0,0,0,4,,0,0
1212-3,6,78,mesta,176,69,2,721,4,0,0,0,9,38,1,1,0,4,,0,0
1212-3,6,79,mesta,176,69,2,755,7,0,0,0,12,41,0,0,0,4,1,34,0
1212-3,6,80,mesta,176,69,2,676,5,0,0,0,12,38,0,1,0,4,,0,0
1212-3,6,81,mesta,176,69,2,587,9,0,0,0,16,42,0,0,0,4,,0,0
1212-3,6,82,mesta,206,69,2,508,11,32,0,0,16,42,0,1,0,4,,0,0
1212-3,6,83,mesta,207,72,2,414,35,32,0,0,37,63,0,0,0,4,,0,0
1212-3,6,84,mesta,208,75,2,336,56,32,0,0,38,65,0,1,0,4,,0,0
1212-3,6,85,mesta,207,74,2,660,70,28,0,0,39,66,0,0,0,4,1,29,0
1212-3,6,86,mesta,208,77,2,605,91,24,0,0,40,67,0,1,0,4,,0,0
1212-3,6,87,mesta,209,80,2,550,111,20,0,0,39,66,0,0,0,4,,0,0
1212-3,6,88,mesta,209,83,2,495,129,16,0,0,39,66,0,0,0,4,,0,0
1212-3,6,89,mesta,210,86,2,465,134,11,0,0,26,53,0,0,0,4,,0,0
1212-3,6,90,mesta,210,89,2,472,139,4,0,0,27,56,0,0,0,4,,0,0
1212-3,6,91,mesta,210,88,2,1719,120,1,0,0,27,56,0,0,0,4,1,34,0
1212-3,6,92,mesta,211,91,2,1663,127,1,0,0,30,59,0,0,0,4,,0,0
1212-3,6,93,mesta,219,94,2,1607,135,1,0,0,31,60,0,0,0,4,,0,0
1212-3,6,94,mesta,220,98,2,1551,142,1,0,0,31,60,0,0,0,4,,0,0
1212-3,6,95,mesta,220,98,2,1495,135,1,0,0,18,47,0,0,0,4,,0,0
1212-3,6,96,mesta,220,98,2,1434,128,1,0,0,18,42,0,0,0,4,,0,0
1212-3,6,97,mesta,219,92,2,1599,113,1,0,0,18,42,0,0,0,4,1,28,0
1212-3,6,98,mesta,219,92,2,1557,116,1,0,0,18,45,0,0,0,4,,0,0
1212-3,6,99,mesta,219,92,2,1515,117,1,0,0,18,45,0,0,0,4,,0,0
1212-3,6,100,mesta,219,92,2,1473,118,1,0,0,18,45,0,0,0,4,,0,0
1212-3,6,101,mesta,220,96,2,1431,127,1,0,0,26,53,0,0,0,4,,0,0
1212-3,6,102,mesta,221,100,2,1394,132,1,0,0,28,60,0,0,0,4,,0,0
1212-3,6,103,mesta,221,104,2,1398,141,1,0,0,29,61,0,0,0,4,1,35,0
1212-3,6,104,mesta,222,108,2,1325,146,1,0,0,29,61,0,0,0,4,,0,0
1212-3,6,105,mesta,223,112,2,1254,150,1,0,0,29,63,0,0,0,4,,0,0
1212-3,6,106,mesta,264,117,2,1185,147,43,0,0,29,65,0,0,0,4,,0,0
1212-3,6,107,mesta,273,122,2,1116,173,43,0,0,54,90,0,0,0,4,,0,0
1212-3,6,108,mesta,274,127,2,1047,197,43,0,0,54,90,0,0,0,4,,0,0
1212-3,6,109,mesta,275,132,2,1421,221,39,0,0,54,90,0,0,0,4,1,31,0
1212-3,6,110,mesta,276,135,2,1378,241,35,0,0,54,93,0,0,0,4,,0,0
1212-3,6,111,mesta,276,138,2,1335,260,31,0,0,54,93,0,0,0,4,,0,0
1212-3,6,112,mesta,277,141,2,1292,277,27,0,0,54,93,0,0,0,4,,0,0
1212-3,6,113,mesta,278,145,2,1251,275,23,0,0,36,77,0,0,0,4,,0,0
1212-3,6,114,mesta,278,145,2,1210,272,19,0,0,36,77,0,0,0,4,,0,0
1212-3,6,115,mesta,278,149,2,2406,270,16,0,0,36,77,0,0,0,4,1,37,0
1212-3,6,116,mesta,278,149,2,2393,268,13,0,0,36,77,0,0,0,4,,0,0
1212-3,6,117,mesta,278,149,2,2380,266,10,0,0,36,77,0,0,0,4,,0,0
1212-3,6,118,mesta,278,149,2,2367,264,7,0,0,36,77,0,0,0,4,,0,0
1212-3,6,119,mesta,278,149,2,2354,248,4,0,0,21,62,0,0,0,4,,0,0
1212-3,6,120,mesta,278,149,2,2333,232,1,0,0,21,54,0,0,0,4,,0,0
1212-3,6,121,mesta,278,145,2,3015,207,1,0,0,21,54,0,0,0,4,1,26,0
1212-3,6,122,mesta,278,145,2,2979,197,1,0,0,21,54,0,0,0,4,,0,0
1212-3,6,123,mesta,278,145,2,2943,187,1,0,0,21,54,0,0,0,4,,0,0
1212-3,6,124,mesta,278,145,2,2907,178,1,0,0,21,54,0,0,0,4,,0,0
1212-3,6,125,mesta,278,145,2,2871,177,1,0,0,29,62,0,0,0,4,,0,0
1212-3,6,126,mesta,278,145,2,2843,176,1,0,0,29,70,0,0,0,4,,0,0
1212-3,6,127,mesta,278,145,2,2844,162,1,0,0,29,70,0,0,0,4,1,41,0
1212-3,6,128,mesta,278,145,2,2780,158,1,0,0,29,70,0,0,0,4,,0,0
1212-3,6,129,mesta,278,145,2,2716,154,1,0,0,29,70,0,0,0,4,,0,0
1212-3,6,130,mesta,328,145,2,2652,151,53,0,0,29,70,0,0,0,4,,0,0
1212-3,6,131,mesta,328,149,2,2588,172,53,0,0,54,95,0,0,0,4,,0,0
1212-3,6,132,mesta,337,153,2,2524,191,53,0,0,54,95,0,0,0,4,,0,0
1212-3,6,133,mesta,337,154,2,2847,208,49,0,0,54,95,0,0,0,4,1,32,0
1212-3,6,134,mesta,337,154,2,2808,224,45,0,0,54,97,0,0,0,4,,0,0
1212-3,6,135,mesta,337,154,2,2769,239,41,0,0,54,97,0,0,0,4,,0,0
1212-3,6,136,mesta,337,154,2,2730,253,37,0,0,54,97,0,0,0,4,,0,0
1212-3,6,137,mesta,337,154,2,2691,249,33,0,0,36,79,0,0,0,4,,0,0
1212-3,6,138,mesta,337,154,2,2652,246,29,0,0,36,79,0,0,0,4,,0,0
1212-3,6,139,mesta,338,158,2,3770,244,26,0,0,36,79,0,0,0,4,1,31,0
1212-3,6,140,mesta,338,158,2,3771,242,23,0,0,36,79,0,0,0,4,,0,0
1212-3,6,141,mesta,338,158,2,3772,240,20,0,0,36,79,0,0,0,4,,0,0
1212-3,6,142,mesta,338,158,2,3773,238,17,0,0,36,79,0,0,0,4,,0,0
1212-3,6,143,mesta,338,158,2,3772,222,14,0,0,21,64,0,0,0,4,,0,0
1212-3,6,144,mesta,338,158,2,3764,206,11,0,0,21,55,0,0,0,4,,0,0
1212-3,6,145,mesta,337,154,2,4447,181,8,0,0,21,55,0,0,0,4,1,29,0
1212-3,6,146,mesta,337,154,2,4426,165,5,0,0,21,54,0,0,0,4,,0,0
1212-3,6,147,mesta,337,154,2,4403,149,2,0,0,21,54,0,0,0,4,,0,0
1212-3,6,148,mesta,337,154,2,4367,133,2,0,0,21,54,0,0,0,4,,0,0
1212-3,6,149,mesta,337,154,2,4331,129,2,0,0,29,62,0,0,0,4,,0,0
1212-3,6,150,mesta,337,154,2,4303,125,2,0,0,29,70,0,0,0,4,,0,0
1212-3,6,151,mesta,337,154,2,4625,121,2,0,0,29,70,0,0,0,4,1,36,0
1212-3,6,152,mesta,337,154,2,4557,114,2,0,0,29,70,0,0,0,4,,0,0
1212-3,6,153,mesta,337,154,2,4493,107,2,0,0,29,70,0,0,0,4,,0,0
1212-3,6,154,mesta,377,154,2,4429,101,75,0,0,29,70,0,0,0,4,,0,0
1212-3,6,155,mesta,378,158,2,4365,119,75,0,0,54,95,0,0,0,4,,0,0
1212-3,6,156,mesta,378,158,2,4303,135,75,0,0,54,97,0,0,0,4,,0,0
1212-3,6,157,mesta,378,158,2,4624,151,71,0,0,54,97,0,0,0,4,1,31,0
1212-3,6,158,mesta,378,158,2,4585,165,67,0,0,54,97,0,0,0,4,,0,0
1212-3,6,159,mesta,378,158,2,4546,178,63,0,0,54,97,0,0,0,4,,0,0
1212-3,6,160,mesta,378,158,2,4507,191,59,0,0,54,97,0,0,0,4,,0,0
1212-3,6,161,mesta,378,158,2,4468,186,55,0,0,36,79,0,0,0,4,,0,0
1212-3,6,162,mesta,378,158,2,4429,181,51,0,0,36,79,0,0,0,4,,0,0
1212-3,6,163,mesta,378,158,2,5621,176,48,0,0,36,79,0,0,0,4,1,35,0
1212-3,6,164,mesta,378,158,2,5610,173,45,0,0,36,79,0,0,0,4,,0,0
1212-3,6,165,mesta,378,158,2,5595,170,42,0,0,36,79,0,0,0,4,,0,0
1212-3,6,166,mesta,378,158,2,5584,167,39,0,0,36,79,0,0,0,4,,0,0
1212-3,6,167,mesta,378,158,2,5573,150,36,0,0,21,64,0,0,0,4,,0,0
1212-3,6,168,mesta,378,158,2,5550,133,33,0,0,21,55,0,0,0,4,,0,0
1212-3,6,169,mesta,378,158,2,6261,117,30,0,0,21,55,0,0,0,4,1,31,0
1212-3,6,170,mesta,378,158,2,6239,102,27,0,0,21,55,0,0,0,4,,0,0
1212-3,6,171,mesta,378,158,2,6219,87,24,0,0,21,55,0,0,0,4,,0,0
1212-3,6,172,mesta,377,158,2,6197,81,21,0,0,21,55,1,0,0,4,,0,0
1212-3,6,173,mesta,376,158,2,6177,81,18,0,0,29,63,1,0,0,4,,0,0
1212-3,6,174,mesta,374,154,2,6166,81,15,0,0,29,72,1,0,0,4,,0,0
1212-3,6,175,mesta,373,151,2,6858,81,11,0,0,29,70,1,0,0,4,1,34,0
1212-3,6,176,mesta,371,148,2,6817,80,7,0,0,29,70,1,0,0,4,,0,0
1212-3,6,177,mesta,370,145,2,6776,80,3,0,0,29,70,1,0,0,4,,0,0
1212-3,6,178,mesta,410,145,2,6735,82,71,0,0,36,77,0,0,0,4,,0,0
1212-3,6,179,mesta,410,149,2,6671,113,71,0,0,66,107,0,0,0,4,,0,0
1212-3,6,180,mesta,411,153,2,6603,143,71,0,0,66,107,0,0,0,4,,0,0
1212-3,6,181,mesta,411,153,2,7481,171,67,0,0,66,109,0,0,0,4,1,32,0
1212-3,6,182,mesta,411,153,2,7440,197,63,0,0,66,109,0,0,0,4,,0,0
1212-3,6,183,mesta,411,153,2,7399,222,59,0,0,66,109,0,0,0,4,,0,0
1212-3,6,184,mesta,411,153,2,7358,234,55,0,0,54,97,0,0,0,4,,0,0
1212-3,6,185,mesta,411,153,2,7317,228,51,0,0,36,79,0,0,0,4,,0,0
1212-3,6,186,mesta,411,153,2,7276,223,47,0,0,36,79,0,0,0,4,,0,0
1212-3,6,187,mesta,411,153,2,8442,218,44,0,0,36,79,0,0,0,4,1,35,0
1212-3,6,188,mesta,411,153,2,8424,214,41,0,0,36,79,0,0,0,4,,0,0
1212-3,6,189,mesta,411,153,2,8411,210,38,0,0,36,79,0,0,0,4,,0,0
1212-3,6,190,mesta,411,153,2,8398,206,35,0,0,36,79,0,0,0,4,,0,0
1212-3,6,191,mesta,411,153,2,8383,188,32,0,0,21,64,0,0,0,4,,0,0
1212-3,6,192,mesta,411,153,2,8361,171,29,0,0,21,55,0,0,0,4,,0,0
1212-3,6,193,mesta,411,153,2,9071,154,26,0,0,21,55,0,0,0,4,1,31,0
1212-3,6,194,mesta,411,153,2,9049,138,23,0,0,21,55,0,0,0,4,,0,0
1212-3,6,195,mesta,411,153,2,9024,123,20,0,0,21,55,0,0,0,4,,0,0
1212-3,6,196,mesta,411,153,2,9002,108,17,0,0,21,55,0,0,0,4,,0,0
1212-3,6,197,mesta,411,153,2,8980,102,14,0,0,29,63,0,0,0,4,,0,0
1212-3,6,198,mesta,411,153,2,8967,96,11,0,0,29,72,0,0,0,4,,0,0
1212-3,6,199,mesta,411,153,2,9612,90,7,0,0,29,72,0,0,0,4,1,35,0
1212-3,6,200,mesta,411,153,2,9567,83,3,0,0,29,72,0,0,0,4,,0,0
1212-3,6,1,monjes,27,56,1,18,65,0,0,0,12,24,0,0,0,0,1,5,0
1212-3,6,2,monjes,27,56,1,19,57,0,0,0,12,17,0,0,0,0,,0,0
1212-3,6,3,monjes,27,56,1,20,49,0,0,0,12,17,0,1,0,0,,0,0
1212-3,6,4,monjes,27,58,1,21,49,0,0,0,18,23,0,0,0,0,,0,0
1212-3,6,5,monjes,28,60,1,22,61,0,0,0,30,35,0,1,0,0,,0,0
1212-3,6,6,monjes,28,63,1,38,73,0,0,0,30,50,0,0,0,0,,0,0
1212-3,6,7,monjes,93,61,1,34,75,0,0,0,30,50,0,0,0,1,1,2,0
1212-3,6,8,monjes,93,64,1,50,87,0,0,0,30,50,0,0,0,1,,0,0
1212-3,6,9,monjes,94,67,1,66,97,0,0,0,30,50,0,0,0,1,,0,0
1212-3,6,10,monjes,95,70,1,82,107,0,0,0,30,50,0,0,0,1,,0,0
1212-3,6,11,monjes,95,73,1,100,144,0,0,0,60,82,0,0,0,1,,0,0
1212-3,6,12,monjes,96,76,1,118,179,0,0,0,60,82,0,0,0,1,,0,0
1212-3,6,13,monjes,96,75,1,65,202,0,0,0,60,82,0,0,0,1,1,5,0
1212-3,6,14,monjes,96,78,1,79,235,0,0,0,60,77,0,0,0,1,,0,0
1212-3,6,15,monjes,97,81,1,93,265,0,0,0,60,77,0,0,0,1,,0,0
1212-3,6,16,monjes,98,85,1,109,293,0,0,0,60,79,0,0,0,1,,0,0
1212-3,6,17,monjes,98,89,1,125,297,0,0,0,37,56,0,0,0,1,,0,0
1212-3,6,18,monjes,99,90,1,141,300,0,0,0,37,56,0,0,0,1,,0,0
1212-3,6,19,monjes,99,90,1,99,280,0,0,0,37,57,0,0,0,1,1,25,0
1212-3,6,20,monjes,117,90,1,87,278,0,0,0,37,57,0,0,0,2,,0,0
1212-3,6,21,monjes,117,90,1,104,272,0,0,0,37,57,0,0,0,2,,0,0
1212-3,6,22,monjes,117,90,1,121,266,0,0,0,37,57,0,0,0,2,,0,0
1212-3,6,23,monjes,117,90,1,138,236,0,0,0,18,38,0,0,0,2,,0,0
1212-3,6,24,monjes,125,90,1,149,213,0,0,0,18,32,0,0,0,2,,0,0
1212-3,6,25,monjes,125,90,1,237,184,0,0,0,18,32,0,0,0,2,1,13,0
1212-3,6,26,monjes,125,90,1,212,168,0,0,0,18,32,0,0,0,2,,0,0
1212-3,6,27,monjes,125,90,1,223,153,0,0,0,18,32,0,0,0,2,,0,0
1212-3,6,28,monjes,125,90,1,234,144,0,0,0,18,32,0,0,0,2,,0,0
1212-3,6,29,monjes,125,90,1,245,146,0,0,0,30,44,0,0,0,2,,0,0
1212-3,6,30,monjes,125,90,1,262,148,0,0,0,30,50,0,0,0,2,,0,0
1212-3,6,31,monjes,125,90,1,224,132,0,0,0,30,50,0,0,0,2,1,24,0
1212-3,6,32,monjes,133,90,1,164,135,0,2,0,30,50,0,0,0,2,,0,0
1212-3,6,33,monjes,133,90,1,159,138,0,3,0,30,50,0,0,0,2,,0,0
1212-3,6,34,monjes,133,90,1,176,142,0,0,0,30,50,0,0,0,2,,0,0
1212-3,6,35,monjes,141,90,1,193,173,0,0,0,60,80,0,0,0,2,,0,0
1212-3,6,36,monjes,141,90,1,210,203,0,0,0,60,80,0,0,0,2,,0,0
1212-3,6,37,monjes,141,90,1,162,229,0,0,0,60,80,0,0,0,2,1,7,0
1212-3,6,38,monjes,141,90,1,129,257,0,2,0,60,80,0,0,0,2,,0,0
1212-3,6,39,monjes,141,90,1,146,284,0,2,0,60,80,0,0,0,2,,0,0
1212-3,6,40,monjes,141,90,1,163,310,0,2,0,60,80,0,0,0,2,,0,0
1212-3,6,41,monjes,141,90,1,180,312,0,2,0,37,57,0,0,0,2,,0,0
1212-3,6,42,monjes,141,90,1,197,314,0,2,0,37,57,0,0,0,2,,0,0
1212-3,6,43,monjes,141,90,1,178,291,0,2,0,37,57,0,0,0,2,1,29,0
1212-3,6,44,monjes,149,90,1,135,290,0,2,0,37,57,0,0,0,2,,0,0
1212-3,6,45,monjes,149,90,1,152,283,0,2,0,37,57,0,0,0,2,,0,0
1212-3,6,46,monjes,149,90,1,169,277,0,2,0,37,57,0,0,0,2,,0,0
1212-3,6,47,monjes,149,90,1,186,245,0,2,0,18,38,0,0,0,2,,0,0
1212-3,6,48,monjes,157,90,1,197,222,0,2,0,18,32,0,0,0,2,,0,0
1212-3,6,49,monjes,156,85,1,283,183,0,2,0,18,32,0,0,0,2,1,18,0
1212-3,6,50,monjes,156,85,1,233,169,0,2,0,18,31,0,0,0,2,,0,0
1212-3,6,51,monjes,235,90,2,243,150,0,2,0,18,31,0,0,0,3,,0,0
1212-3,6,52,monjes,235,90,2,248,132,0,2,0,18,31,0,0,0,3,,0,0
1212-3,6,53,monjes,236,95,2,253,135,0,2,0,30,43,0,0,0,3,,0,0
1212-3,6,54,monjes,236,97,2,264,137,0,2,0,30,49,0,0,0,3,,0,0
1212-3,6,55,monjes,235,93,2,266,81,0,2,0,30,50,0,0,0,3,1,26,0
1212-3,6,56,monjes,235,94,2,222,92,0,0,0,30,50,0,1,0,3,,0,0
1212-3,6,57,monjes,340,139,3,168,107,0,0,0,35,55,0,0,0,4,,0,0
1212-3,6,58,monjes,341,144,3,145,109,0,0,0,35,63,0,1,0,4,,0,0
1212-3,6,59,monjes,342,147,3,160,140,0,0,0,65,95,0,0,0,4,,0,0
1212-3,6,60,monjes,343,150,3,175,162,0,0,0,66,97,0,1,0,4,,0,0
1212-3,6,61,monjes,343,153,3,118,146,0,0,0,67,98,0,0,0,4,1,14,0
1212-3,6,62,monjes,344,156,3,102,188,0,2,0,85,113,0,1,0,4,,0,0
1212-3,6,63,monjes,362,206,4,112,229,0,2,0,87,118,0,1,0,4,,0,0
1212-3,6,64,monjes,362,209,4,128,256,0,2,0,87,127,0,0,0,4,,0,0
1212-3,6,65,monjes,363,212,4,145,249,0,2,0,55,96,0,0,0,4,,0,0
1212-3,6,66,monjes,364,215,4,164,243,0,2,0,57,100,0,0,0,4,,0,0
1212-3,6,67,monjes,364,219,4,126,196,0,2,0,57,100,0,0,0,4,1,24,0
1212-3,6,68,monjes,365,224,4,98,193,0,2,0,59,98,0,1,0,4,,0,0
1212-3,6,69,monjes,375,234,5,134,238,0,2,0,72,112,0,0,0,4,,0,0
1212-3,6,70,monjes,376,237,5,148,235,0,2,0,72,113,0,0,0,4,,0,0
1212-3,6,71,monjes,376,237,5,163,198,0,2,0,40,82,0,0,0,4,,0,0
1212-3,6,72,monjes,376,237,5,160,162,0,2,0,40,76,0,0,0,4,,0,0
1212-3,6,73,monjes,374,228,5,189,82,0,0,0,40,76,0,0,0,4,1,24,0
1212-3,6,74,monjes,374,228,5,147,68,0,0,0,40,76,0,1,0,4,,0,0
1212-3,6,75,monjes,383,233,6,178,101,0,0,0,47,83,0,0,0,4,,0,0
1212-3,6,76,monjes,383,233,6,172,87,0,0,0,47,83,0,1,0,4,,0,0
1212-3,6,77,monjes,384,236,6,176,103,0,0,0,80,116,0,0,0,4,,0,0
1212-3,6,78,monjes,384,239,6,186,118,0,0,0,80,122,0,1,0,4,,0,0
1212-3,6,79,monjes,384,237,6,89,91,0,0,0,82,125,0,0,0,4,1,18,0
1212-3,6,80,monjes,385,240,6,64,112,0,2,0,82,126,0,1,0,4,,0,0
1212-3,6,81,monjes,399,274,7,71,134,0,2,0,85,129,0,1,0,4,,0,0
1212-3,6,82,monjes,401,283,7,67,148,0,2,0,87,141,0,0,0,4,,0,0
1212-3,6,83,monjes,402,287,7,78,227,0,2,0,160,214,0,1,0,4,,0,0
1212-3,6,84,monjes,403,291,7,89,310,0,2,0,166,220,0,0,0,4,,0,0
1212-3,6,85,monjes,404,298,7,84,376,0,0,0,169,224,0,1,0,4,1,31,0
1212-3,6,86,monjes,414,306,7,89,448,0,0,0,171,221,0,1,0,4,,0,0
1212-3,6,87,monjes,415,314,7,87,519,0,0,0,178,230,0,0,0,4,,0,0
1212-3,6,88,monjes,417,322,7,97,578,0,0,0,180,232,0,1,0,4,,0,0
1212-3,6,89,monjes,419,330,7,96,593,0,0,0,136,190,0,0,0,4,,0,0
1212-3,6,90,monjes,420,338,7,107,611,0,0,0,137,191,0,1,0,4,,0,0
1212-3,6,91,monjes,430,346,7,198,626,0,0,0,143,199,0,0,0,4,1,18,0
1212-3,6,92,monjes,432,355,7,203,645,0,0,0,144,202,0,1,0,4,,0,0
1212-3,6,93,monjes,433,364,7,218,670,0,0,0,153,210,0,1,0,4,,0,0
1212-3,6,94,monjes,435,370,7,233,694,0,0,0,154,214,0,0,0,4,,0,0
1212-3,6,95,monjes,436,375,7,250,660,0,0,0,95,157,0,0,0,4,,0,0
1212-3,6,96,monjes,436,378,7,262,627,0,0,0,96,154,0,0,0,4,,0,0
1212-3,6,97,monjes,436,378,7,313,536,0,0,0,96,155,0,0,0,4,1,34,0
1212-3,6,98,monjes,445,383,7,255,516,0,0,0,98,157,0,0,0,4,,0,0
1212-3,6,99,monjes,455,393,8,237,537,0,0,0,100,159,0,0,0,4,,0,0
1212-3,6,100,monjes,455,393,8,244,495,0,0,0,100,160,0,0,0,4,,0,0
1212-3,6,101,monjes,457,401,8,251,502,0,0,0,140,200,0,1,0,4,,0,0
1212-3,6,102,monjes,467,413,8,266,511,0,0,0,142,210,0,1,0,4,,0,0
1212-3,6,103,monjes,470,425,8,302,486,0,0,0,142,210,0,0,0,4,1,25,0
1212-3,6,104,monjes,472,438,8,233,497,0,2,0,142,211,0,1,0,4,,0,0
1212-3,6,105,monjes,493,503,9,201,512,0,4,0,150,220,0,0,0,4,,0,0
1212-3,6,106,monjes,496,518,9,221,505,0,4,0,150,232,0,1,0,4,,0,0
1212-3,6,107,monjes,499,531,9,242,604,0,4,0,265,348,0,1,0,4,,0,0
1212-3,6,108,monjes,501,541,9,266,698,0,4,0,265,351,0,0,0,4,,0,0
1212-3,6,109,monjes,503,552,9,344,783,0,1,0,268,356,0,0,0,4,1,34,0
1212-3,6,110,monjes,505,561,9,326,874,0,1,0,268,354,0,2,0,4,,0,0
1212-3,6,111,monjes,514,567,9,308,999,0,1,0,305,391,0,0,0,4,,0,0
1212-3,6,112,monjes,515,573,9,292,1118,0,1,0,305,393,0,0,0,4,,0,0
1212-3,6,113,monjes,517,583,9,296,1131,0,1,0,206,294,0,1,0,4,,0,0
1212-3,6,114,monjes,519,593,9,325,1139,0,1,0,206,294,0,0,0,4,,0,0
1212-3,6,115,monjes,521,603,9,412,1123,0,1,0,206,295,0,0,0,4,1,31,0
1212-3,6,116,monjes,532,615,9,366,1129,0,1,0,206,299,0,0,0,4,,0,0
1212-3,6,117,monjes,534,627,9,330,1130,0,1,0,206,299,0,1,0,4,,0,0
1212-3,6,118,monjes,537,640,9,317,1128,0,1,0,206,305,0,0,0,4,,0,0
1212-3,6,119,monjes,537,640,9,356,1029,0,1,0,128,229,0,0,0,4,,0,0
1212-3,6,120,monjes,537,640,9,389,944,0,1,0,128,223,0,1,0,4,,0,0
1212-3,6,121,monjes,545,640,9,467,871,0,1,0,128,223,0,1,0,4,1,26,0
1212-3,6,122,monjes,545,640,9,455,807,0,1,0,128,223,0,0,0,4,,0,0
1212-3,6,123,monjes,545,640,9,443,745,0,1,0,128,223,0,0,0,4,,0,0
1212-3,6,124,monjes,545,640,9,431,686,0,1,0,128,223,0,0,0,4,,0,0
1212-3,6,125,monjes,548,655,9,419,676,0,1,0,177,272,0,0,0,4,,0,0
1212-3,6,126,monjes,550,667,9,415,662,0,1,0,177,280,0,1,0,4,,0,0
1212-3,6,127,monjes,552,679,9,517,635,0,1,0,177,281,0,0,0,4,1,39,0
1212-3,6,128,monjes,555,691,9,500,614,0,2,0,177,282,0,0,0,4,,0,0
1212-3,6,129,monjes,566,706,9,485,589,0,3,0,177,284,0,1,0,4,,0,0
1212-3,6,130,monjes,567,711,9,471,563,0,4,0,177,285,0,0,0,4,,0,0
1212-3,6,131,monjes,570,727,9,457,660,0,5,0,305,413,0,0,0,4,,0,0
1212-3,6,132,monjes,573,743,9,471,746,0,5,0,305,415,0,1,0,4,,0,0
1212-3,6,133,monjes,577,760,9,577,830,0,5,0,305,418,0,0,0,4,1,25,0
1212-3,6,134,monjes,579,773,9,586,909,0,5,0,305,421,0,0,0,4,,0,0
1212-3,6,135,monjes,581,784,9,596,977,0,4,0,305,422,0,0,0,4,,0,0
1212-3,6,136,monjes,584,795,9,607,1042,0,4,0,305,423,0,1,0,4,,0,0
1212-3,6,137,monjes,586,807,9,621,1009,0,4,0,206,327,0,0,0,4,,0,0
1212-3,6,138,monjes,596,819,9,636,975,0,4,0,206,328,0,0,0,4,,0,0
1212-3,6,139,monjes,596,819,9,668,937,0,4,0,206,328,0,1,0,4,1,30,0
1212-3,6,140,monjes,598,827,9,683,895,0,4,0,206,328,0,4,0,4,,0,0
1212-3,6,141,monjes,601,844,9,691,913,0,4,0,261,386,0,0,0,4,,0,0
1212-3,6,142,monjes,605,860,9,710,924,0,4,0,261,387,0,1,0,4,,0,0
1212-3,6,143,monjes,605,860,9,719,831,0,4,0,155,289,0,0,0,4,,0,0
1212-3,6,144,monjes,605,860,9,734,740,0,4,0,155,283,0,0,0,4,,0,0
1212-3,6,145,monjes,605,864,9,829,653,0,4,0,155,283,0,1,0,4,1,26,0
1212-3,6,146,monjes,605,864,9,845,573,0,4,0,158,286,0,0,0,4,,0,0
1212-3,6,147,monjes,605,864,9,861,494,0,4,0,158,286,0,0,0,4,,0,0
1212-3,6,148,monjes,605,864,9,877,418,0,4,0,158,286,0,1,0,4,,0,0
1212-3,6,149,monjes,607,872,9,893,412,0,4,0,226,354,0,0,0,4,,0,0
1212-3,6,150,monjes,609,881,9,916,406,0,4,0,227,362,0,0,0,4,,0,0
1212-3,6,151,monjes,611,891,9,1032,361,0,4,0,229,368,0,0,0,4,1,26,0
1212-3,6,152,monjes,611,891,9,1059,330,0,4,0,203,343,0,0,0,4,,0,0
1212-3,6,153,monjes,630,946,10,1086,300,0,4,0,203,343,0,0,0,4,,0,0
1212-3,6,154,monjes,630,946,10,1113,258,0,4,0,203,352,0,0,0,4,,0,0
1212-3,6,155,monjes,632,958,10,1140,334,0,4,0,324,473,0,0,0,4,,0,0
1212-3,6,156,monjes,635,970,10,1167,404,0,4,0,324,473,0,0,0,4,,0,0
1212-3,6,157,monjes,637,983,10,1244,468,0,4,0,324,477,0,0,0,4,1,31,0
1212-3,6,158,monjes,640,995,10,1276,523,0,4,0,324,475,0,2,0,4,,0,0
1212-3,6,159,monjes,641,1004,10,1286,620,0,4,0,369,522,0,0,0,4,,0,0
1212-3,6,160,monjes,643,1012,10,1321,706,0,4,0,369,523,0,2,0,4,,0,0
1212-3,6,161,monjes,644,1019,10,1342,724,0,4,0,300,455,0,0,0,4,,0,0
1212-3,6,162,monjes,645,1021,10,1379,739,0,4,0,300,456,0,1,0,4,,0,0
1212-3,6,163,monjes,644,1019,10,1486,710,0,4,0,308,464,0,0,0,4,1,29,0
1212-3,6,164,monjes,645,1021,10,1523,735,0,4,0,308,464,0,0,0,4,,0,0
1212-3,6,165,monjes,663,1070,11,1560,758,0,4,0,308,464,0,0,0,4,,0,0
1212-3,6,166,monjes,664,1079,11,1596,769,0,4,0,308,472,0,0,0,4,,0,0
1212-3,6,167,monjes,664,1079,11,1634,654,0,4,0,180,346,0,0,0,4,,0,0
1212-3,6,168,monjes,664,1079,11,1666,544,0,4,0,180,340,0,0,0,4,,0,0
1212-3,6,169,monjes,664,1079,11,1746,438,0,4,0,180,340,0,0,0,4,1,31,0
1212-3,6,170,monjes,664,1079,11,1778,333,0,4,0,180,337,0,0,0,4,,0,0
1212-3,6,171,monjes,664,1079,11,1810,232,0,4,0,180,337,0,2,0,4,,0,0
1212-3,6,172,monjes,664,1079,11,1827,147,0,1,0,185,345,0,0,0,4,,0,0
1212-3,6,173,monjes,664,1079,11,1859,135,0,1,0,265,425,0,0,0,4,,0,0
1212-3,6,174,monjes,664,1079,11,1897,123,0,1,0,265,431,0,2,0,4,,0,0
1212-3,6,175,monjes,664,1079,11,1979,124,0,1,0,271,437,0,0,0,4,1,25,0
1212-3,6,176,monjes,665,1084,11,1991,124,0,2,0,271,437,0,1,0,4,,0,0
1212-3,6,177,monjes,666,1086,11,2003,124,0,3,0,271,437,0,0,0,4,,0,0
1212-3,6,178,monjes,667,1091,11,2015,158,0,4,0,307,473,0,0,0,4,,0,0
1212-3,6,179,monjes,668,1096,11,2027,429,0,5,0,556,722,0,0,0,4,,0,0
1212-3,6,180,monjes,669,1102,11,2041,687,0,5,0,556,724,0,0,0,4,,0,0
1212-3,6,181,monjes,670,1108,11,2132,917,0,3,0,556,724,0,0,0,4,1,30,0
1212-3,6,182,monjes,671,1114,11,2172,1150,0,3,0,556,724,0,0,0,4,,0,0
1212-3,6,183,monjes,681,1121,11,2215,1372,0,3,0,556,727,0,0,0,4,,0,0
1212-3,6,184,monjes,682,1128,11,2258,1515,0,3,0,485,656,0,0,0,4,,0,0
1212-3,6,185,monjes,683,1132,11,2301,1518,0,3,0,347,518,0,0,0,4,,0,0
1212-3,6,186,monjes,684,1135,11,2345,1520,0,3,0,347,519,0,0,0,4,,0,0
1212-3,6,187,monjes,684,1139,11,2455,1514,0,3,0,347,521,0,0,0,4,1,35,0
1212-3,6,188,monjes,693,1143,11,2501,1515,0,3,0,347,521,0,0,0,4,,0,0
1212-3,6,189,monjes,694,1147,11,2548,1515,0,3,0,347,522,0,0,0,4,,0,0
1212-3,6,190,monjes,695,1151,11,2595,1514,0,3,0,347,522,0,0,0,4,,0,0
1212-3,6,191,monjes,695,1151,11,2642,1355,0,3,0,191,366,0,0,0,4,,0,0
1212-3,6,192,monjes,703,1151,11,2683,1210,0,3,0,191,360,0,0,0,4,,0,0
1212-3,6,193,monjes,703,1151,11,2700,1071,0,3,0,191,360,0,0,0,4,1,20,0
1212-3,6,194,monjes,703,1151,11,2758,939,0,3,0,191,360,0,0,0,4,,0,0
1212-3,6,195,monjes,703,1151,11,2816,812,0,3,0,191,360,0,0,0,4,,0,0
1212-3,6,196,monjes,703,1151,11,2874,690,0,3,0,191,360,0,0,0,4,,0,0
1212-3,6,197,monjes,703,1151,11,2934,650,0,3,0,271,440,0,0,0,4,,0,0
1212-3,6,198,monjes,703,1151,11,3000,611,0,3,0,271,446,0,0,0,4,,0,0
1212-3,6,199,monjes,703,1151,11,3104,523,0,3,0,271,446,0,0,0,4,1,30,0
1212-3,6,200,monjes,703,1151,11,3147,486,0,3,0,271,446,0,0,0,4,,0,0
1212-3,6,1,salineros,27,56,1,3,72,0,13,0,17,36,0,0,0,0,1,6,0
1212-3,6,2,salineros,27,56,1,4,71,0,16,0,17,29,0,0,0,0,,0,0
1212-3,6,3,salineros,27,56,1,5,70,0,19,0,17,29,0,0,0,0,,0,0
1212-3,6,4,salineros,27,56,1,6,69,0,22,0,17,29,0,0,0,0,,0,0
1212-3,6,5,salineros,27,58,1,7,68,0,25,0,17,29,0,2,0,0,,0,0
1212-3,6,6,salineros,28,60,1,21,71,0,36,0,17,50,0,0,0,0,,0,0
1212-3,6,7,salineros,27,58,1,17,63,0,36,0,17,51,0,0,0,0,1,6,0
1212-3,6,8,salineros,28,60,1,31,66,0,36,0,17,49,0,0,0,0,,0,0
1212-3,6,9,salineros,28,60,1,47,68,0,46,0,17,51,0,0,0,0,,0,0
1212-3,6,10,salineros,43,60,1,63,70,0,55,0,17,50,0,0,0,1,,0,0
1212-3,6,11,salineros,43,60,1,79,80,0,64,0,25,58,0,0,0,1,,0,0
1212-3,6,12,salineros,43,60,1,95,90,0,73,0,25,58,0,0,0,1,,0,0
1212-3,6,13,salineros,42,58,1,284,82,0,74,0,25,57,0,0,0,1,1,24,0
1212-3,6,14,salineros,61,60,1,298,93,0,72,0,25,55,0,0,0,2,,0,0
1212-3,6,15,salineros,61,60,1,314,103,0,69,0,25,57,0,0,0,2,,0,0
1212-3,6,16,salineros,61,60,1,330,105,0,64,0,25,57,0,0,0,2,,0,0
1212-3,6,17,salineros,69,60,1,346,111,0,60,0,21,52,0,0,0,2,,0,0
1212-3,6,18,salineros,69,60,1,362,117,0,56,0,21,52,0,0,0,2,,0,0
1212-3,6,19,salineros,68,58,1,954,113,0,59,0,21,52,0,0,0,2,1,19,0
1212-3,6,20,salineros,69,60,1,921,120,0,61,0,21,49,0,0,0,2,,0,0
1212-3,6,21,salineros,69,60,1,890,126,0,63,0,21,51,0,0,0,2,,0,0
1212-3,6,22,salineros,69,60,1,859,132,0,65,0,21,51,0,0,0,2,,0,0
1212-3,6,23,salineros,69,60,1,828,134,0,66,0,17,46,0,0,0,2,,0,0
1212-3,6,24,salineros,69,60,1,791,136,0,67,0,17,40,0,0,0,2,,0,0
1212-3,6,25,salineros,69,60,1,1003,117,0,68,0,17,40,0,0,0,2,1,34,0
1212-3,6,26,salineros,77,60,1,966,119,0,69,0,17,40,0,0,0,2,,0,0
1212-3,6,27,salineros,77,60,1,929,121,0,69,0,17,39,0,0,0,2,,0,0
1212-3,6,28,salineros,77,60,1,892,116,0,69,0,17,39,0,0,0,2,,0,0
1212-3,6,29,salineros,85,60,1,855,120,0,69,0,19,41,0,0,0,2,,0,0
1212-3,6,30,salineros,85,60,1,824,124,0,68,0,19,46,0,0,0,2,,0,0
1212-3,6,31,salineros,85,60,1,1095,128,0,67,0,19,46,0,0,0,2,1,18,0
1212-3,6,32,salineros,85,60,1,1064,132,0,66,0,19,46,0,0,0,2,,0,0
1212-3,6,33,salineros,85,60,1,1033,136,0,64,0,19,45,0,0,0,2,,0,0
1212-3,6,34,salineros,85,60,1,1002,140,0,62,0,19,45,0,0,0,2,,0,0
1212-3,6,35,salineros,85,60,1,971,150,0,60,0,25,51,0,0,0,2,,0,0
1212-3,6,36,salineros,85,60,1,940,160,0,57,0,25,51,0,0,0,2,,0,0
1212-3,6,37,salineros,85,60,1,1228,157,0,53,0,25,51,0,0,0,2,1,36,0
1212-3,6,38,salineros,93,60,1,1217,164,0,50,0,25,51,0,0,0,2,,0,0
1212-3,6,39,salineros,93,60,1,1206,171,0,47,0,25,51,0,0,0,2,,0,0
1212-3,6,40,salineros,93,60,1,1175,171,0,43,0,25,51,0,0,0,2,,0,0
1212-3,6,41,salineros,101,60,1,1144,177,0,40,0,21,47,0,0,0,2,,0,0
1212-3,6,42,salineros,101,60,1,1113,183,0,37,0,21,47,0,0,0,2,,0,0
1212-3,6,43,salineros,101,60,1,1408,175,0,34,0,21,47,0,0,0,2,1,24,0
1212-3,6,44,salineros,101,60,1,1397,178,0,31,0,21,47,0,0,0,2,,0,0
1212-3,6,45,salineros,109,60,1,1386,181,0,28,0,21,47,0,0,0,2,,0,0
1212-3,6,46,salineros,109,60,1,1375,184,0,25,0,21,47,0,0,0,2,,0,0
1212-3,6,47,salineros,109,60,1,1364,183,0,22,0,17,43,0,0,0,2,,0,0
1212-3,6,48,salineros,109,60,1,1347,182,0,19,0,17,37,0,0,0,2,,0,0
1212-3,6,49,salineros,109,60,1,1581,169,0,16,0,17,37,0,0,0,2,1,25,0
1212-3,6,50,salineros,109,60,1,1544,168,0,16,0,17,37,0,0,0,2,,0,0
1212-3,6,51,salineros,109,60,1,1507,167,0,16,0,17,37,0,0,0,2,,0,0
1212-3,6,52,salineros,109,60,1,1470,166,0,16,0,17,37,0,0,0,2,,0,0
1212-3,6,53,salineros,109,60,1,1433,167,0,16,0,19,39,0,0,0,2,,0,0
1212-3,6,54,salineros,109,60,1,1402,168,0,16,0,19,45,0,0,0,2,,0,0
1212-3,6,55,salineros,109,64,1,1532,114,0,17,0,19,45,0,0,0,2,1,23,0
1212-3,6,56,salineros,109,64,1,1515,112,0,18,0,19,45,0,0,0,2,,0,0
1212-3,6,57,salineros,148,119,2,1498,110,0,19,0,19,45,0,0,0,3,,0,0
1212-3,6,58,salineros,148,119,2,1484,93,0,21,0,19,55,0,0,0,3,,0,0
1212-3,6,59,salineros,148,119,2,1470,89,0,23,0,25,61,0,0,0,3,,0,0
1212-3,6,60,salineros,148,119,2,1456,85,0,25,0,25,61,0,0,0,3,,0,0
1212-3,6,61,salineros,148,115,2,1444,71,0,24,0,25,61,0,0,0,3,1,29,0
1212-3,6,62,salineros,148,115,2,1412,68,0,23,0,25,61,0,2,0,3,,0,0
1212-3,6,63,salineros,148,117,2,1340,92,0,22,0,48,84,0,0,0,3,,0,0
1212-3,6,64,salineros,148,119,2,1294,109,0,23,0,48,84,0,3,0,3,,0,0
1212-3,6,65,salineros,149,120,2,1218,130,0,24,0,43,82,0,0,0,3,,0,0
1212-3,6,66,salineros,149,120,2,1174,146,0,25,0,43,84,0,2,0,3,,0,0
1212-3,6,67,salineros,149,120,2,1308,136,0,19,0,67,108,0,0,0,3,1,27,0
1212-3,6,68,salineros,149,120,2,1278,173,0,12,0,67,108,0,0,0,3,,0,0
1212-3,6,69,salineros,197,172,3,1248,214,0,4,0,67,108,0,0,0,4,,0,0
1212-3,6,70,salineros,197,174,3,1207,230,0,1,0,55,106,0,0,0,4,,0,0
1212-3,6,71,salineros,205,174,3,1166,213,0,2,0,19,70,0,0,0,4,,0,0
1212-3,6,72,salineros,205,174,3,1119,209,0,1,0,32,77,0,0,0,4,,0,0
1212-3,6,73,salineros,205,174,3,1224,149,0,4,0,19,64,0,0,0,4,1,36,0
1212-3,6,74,salineros,206,176,3,1176,153,0,3,0,51,96,0,0,0,4,,0,0
1212-3,6,75,salineros,224,226,4,1128,141,0,5,0,36,81,0,2,0,4,,0,0
1212-3,6,76,salineros,224,226,4,1083,140,0,5,0,55,110,0,0,0,4,,0,0
1212-3,6,77,salineros,225,230,4,1038,147,0,5,0,67,122,0,0,0,4,,0,0
1212-3,6,78,salineros,225,234,4,999,153,0,4,0,67,128,0,2,0,4,,0,0
1212-3,6,79,salineros,226,239,4,1072,111,0,4,0,67,130,0,0,0,4,1,40,0
1212-3,6,80,salineros,227,244,4,989,118,0,4,0,67,130,0,2,0,4,,0,0
1212-3,6,81,salineros,257,314,5,906,134,0,7,0,74,137,0,0,0,4,,0,0
1212-3,6,82,salineros,258,319,5,828,147,0,8,0,90,167,0,1,0,4,,0,0
1212-3,6,83,salineros,260,325,5,752,190,0,8,0,119,198,0,0,0,4,,0,0
1212-3,6,84,salineros,261,331,5,678,231,0,7,0,119,200,0,0,0,4,,0,0
1212-3,6,85,salineros,262,337,5,796,266,0,5,0,119,200,0,1,0,4,1,36,0
1212-3,6,86,salineros,263,343,5,768,281,0,2,0,103,184,0,2,0,4,,0,0
1212-3,6,87,salineros,265,350,5,729,312,0,7,0,116,201,0,0,0,4,,0,0
1212-3,6,88,salineros,266,357,5,705,364,0,7,0,147,232,0,1,0,4,,0,0
1212-3,6,89,salineros,267,364,5,681,394,0,8,0,119,204,0,0,0,4,,0,0
1212-3,6,90,salineros,269,372,5,646,422,0,9,0,119,208,0,0,0,4,,0,0
1212-3,6,91,salineros,279,380,5,747,406,0,1,0,119,208,0,1,0,4,1,34,0
1212-3,6,92,salineros,279,380,5,729,387,0,8,0,76,167,0,0,0,4,,0,0
1212-3,6,93,salineros,300,445,6,711,416,0,9,0,124,215,0,0,0,4,,0,0
1212-3,6,94,salineros,302,455,6,696,429,0,1,0,124,227,0,0,0,4,,0,0
1212-3,6,95,salineros,302,455,6,681,363,0,8,0,47,150,0,0,0,4,,0,0
1212-3,6,96,salineros,302,455,6,660,345,0,2,0,95,192,0,0,0,4,,0,0
1212-3,6,97,salineros,302,455,6,749,256,0,1,0,64,161,0,0,0,4,1,35,0
1212-3,6,98,salineros,302,455,6,728,188,0,4,0,47,144,0,0,0,4,,0,0
1212-3,6,99,salineros,330,555,7,707,152,0,3,0,79,176,0,1,0,4,,0,0
1212-3,6,100,salineros,330,555,7,699,82,0,6,0,68,185,0,0,0,4,,0,0
1212-3,6,101,salineros,330,555,7,691,62,0,5,0,118,235,0,0,0,4,,0,0
1212-3,6,102,salineros,330,555,7,689,26,0,7,0,102,225,0,0,0,4,,0,0
1212-3,6,103,salineros,330,559,7,799,9,0,7,0,118,241,0,0,0,4,1,25,0
1212-3,6,104,salineros,329,559,7,754,4,0,10,0,118,241,1,0,0,4,,0,0
1212-3,6,105,salineros,328,559,7,709,4,0,13,0,118,241,1,0,0,4,,0,0
1212-3,6,106,salineros,325,546,7,664,4,0,16,0,118,241,1,0,0,4,,0,0
1212-3,6,107,salineros,325,546,7,603,21,0,18,0,149,266,0,0,0,4,,0,0
1212-3,6,108,salineros,327,555,7,585,36,0,20,0,149,266,0,1,0,4,,0,0
1212-3,6,109,salineros,328,561,7,758,60,0,18,0,158,279,0,0,0,4,1,20,0
1212-3,6,110,salineros,329,567,7,743,92,0,16,0,168,285,0,0,0,4,,0,0
1212-3,6,111,salineros,330,573,7,738,124,0,13,0,168,285,0,1,0,4,,0,0
1212-3,6,112,salineros,331,579,7,733,168,0,9,0,180,297,0,0,0,4,,0,0
1212-3,6,113,salineros,331,579,7,732,167,0,5,0,136,257,0,0,0,4,,0,0
1212-3,6,114,salineros,331,579,7,731,150,0,4,0,120,241,0,0,0,4,,0,0
1212-3,6,115,salineros,331,579,7,812,138,0,3,0,125,246,0,0,0,4,1,25,0
1212-3,6,116,salineros,331,579,7,754,109,0,7,0,111,217,0,0,0,4,,0,0
1212-3,6,117,salineros,331,579,7,686,115,0,7,0,146,252,0,0,0,4,,0,0
1212-3,6,118,salineros,333,586,7,628,119,0,7,0,146,252,0,1,0,4,,0,0
1212-3,6,119,salineros,333,586,7,570,87,0,8,0,110,216,0,0,0,4,,0,0
1212-3,6,120,salineros,333,586,7,506,55,0,9,0,110,210,0,0,0,4,,0,0
1212-3,6,121,salineros,333,586,7,637,24,0,11,0,111,211,0,0,0,4,1,20,0
1212-3,6,122,salineros,332,586,7,597,7,0,14,0,111,215,1,0,0,4,,0,0
1212-3,6,123,salineros,331,586,7,557,7,0,17,0,111,215,1,0,0,4,,0,0
1212-3,6,124,salineros,327,573,7,517,7,0,20,0,111,215,1,0,0,4,,0,0
1212-3,6,125,salineros,324,561,7,474,7,0,23,0,124,225,1,0,0,4,,0,0
1212-3,6,126,salineros,320,549,7,524,7,0,26,0,124,229,1,0,0,4,,0,0
1212-3,6,127,salineros,317,537,7,681,0,0,23,0,118,223,1,0,0,4,1,16,0
1212-3,6,128,salineros,314,525,7,682,7,0,20,0,116,202,1,0,0,4,,0,0
1212-3,6,129,salineros,137,208,3,682,7,0,16,0,82,121,1,0,0,4,,0,0
1212-3,6,130,salineros,139,215,3,653,36,0,14,0,74,113,0,0,0,4,,0,0
1212-3,6,131,salineros,140,221,3,625,95,0,11,0,102,142,0,0,0,4,,0,0
1212-3,6,132,salineros,141,226,3,599,152,0,7,0,102,144,0,0,0,4,,0,0
1212-3,6,133,salineros,141,227,3,662,198,0,2,0,102,145,0,0,0,4,1,18,0
1212-3,6,134,salineros,142,232,3,559,232,0,5,0,85,122,0,0,0,4,,0,0
1212-3,6,135,salineros,143,236,3,458,279,0,5,0,100,139,0,0,0,4,,0,0
1212-3,6,136,salineros,144,240,3,357,325,0,11,0,100,139,0,0,0,4,,0,0
1212-3,6,137,salineros,144,244,3,309,363,0,7,0,93,133,0,0,0,4,,0,0
1212-3,6,138,salineros,145,248,3,327,397,0,9,0,93,133,0,0,0,4,,0,0
1212-3,6,139,salineros,146,252,3,449,417,0,8,0,102,142,0,0,0,4,1,27,0
1212-3,6,140,salineros,147,256,3,411,449,0,10,0,102,143,0,0,0,4,,0,0
1212-3,6,141,salineros,156,262,3,373,480,0,12,0,102,143,0,0,0,4,,0,0
1212-3,6,142,salineros,157,268,3,335,510,0,3,0,102,143,0,0,0,4,,0,0
1212-3,6,143,salineros,157,268,3,316,480,0,9,0,45,86,0,0,0,4,,0,0
1212-3,6,144,salineros,158,270,3,329,486,0,11,0,83,119,0,0,0,4,,0,0
1212-3,6,145,salineros,158,270,3,485,483,0,0,0,83,120,0,0,0,4,1,25,0
1212-3,6,146,salineros,158,270,3,484,438,0,7,0,31,72,0,0,0,4,,0,0
1212-3,6,147,salineros,158,270,3,483,445,0,8,0,83,124,0,0,0,4,,0,0
1212-3,6,148,salineros,158,270,3,482,452,0,9,0,83,124,0,0,0,4,,0,0
1212-3,6,149,salineros,158,270,3,481,466,0,10,0,95,136,0,0,0,4,,0,0
1212-3,6,150,salineros,158,270,3,486,485,0,1,0,95,142,0,0,0,4,,0,0
1212-3,6,151,salineros,158,270,3,572,402,0,8,0,43,90,0,0,0,4,1,25,0
1212-3,6,152,salineros,158,270,3,512,425,0,5,0,95,154,0,0,0,4,,0,0
1212-3,6,153,salineros,187,376,4,452,430,0,13,0,77,136,0,0,0,4,,0,0
1212-3,6,154,salineros,188,380,4,394,444,0,9,0,117,183,0,0,0,4,,0,0
1212-3,6,155,salineros,196,384,4,393,486,0,5,0,145,211,0,0,0,4,,0,0
1212-3,6,156,salineros,197,388,4,430,507,0,10,0,127,193,0,0,0,4,,0,0
1212-3,6,157,salineros,198,392,4,634,552,0,11,0,145,211,0,0,0,4,1,25,0
1212-3,6,158,salineros,199,397,4,619,601,0,2,0,145,220,0,0,0,4,,0,0
1212-3,6,159,salineros,200,402,4,604,614,0,9,0,110,185,0,0,0,4,,0,0
1212-3,6,160,salineros,201,407,4,591,661,0,12,0,145,222,0,0,0,4,,0,0
1212-3,6,161,salineros,202,412,4,578,693,0,15,0,131,208,0,0,0,4,,0,0
1212-3,6,162,salineros,203,417,4,566,723,0,3,0,131,209,0,0,0,4,,0,0
1212-3,6,163,salineros,204,421,4,649,666,0,10,0,96,174,0,0,0,4,1,24,0
1212-3,6,164,salineros,204,424,4,584,688,0,17,0,131,209,0,0,0,4,,0,0
1212-3,6,165,salineros,229,509,5,521,709,0,9,0,131,211,0,0,0,4,,0,0
1212-3,6,166,salineros,229,509,5,467,713,0,16,0,139,235,0,0,0,4,,0,0
1212-3,6,167,salineros,229,509,5,489,681,0,9,0,103,199,0,0,0,4,,0,0
1212-3,6,168,salineros,229,509,5,543,647,0,12,0,103,193,0,0,0,4,,0,0
1212-3,6,169,salineros,229,505,5,761,567,0,1,0,100,190,0,0,0,4,1,23,0
1212-3,6,170,salineros,229,505,5,783,487,0,8,0,48,138,0,0,0,4,,0,0
1212-3,6,171,salineros,257,605,6,805,459,0,9,0,100,190,0,3,0,4,,0,0
1212-3,6,172,salineros,257,605,6,836,412,0,1,0,100,210,0,0,0,4,,0,0
1212-3,6,173,salineros,257,605,6,867,336,0,1,0,71,181,0,0,0,4,,0,0
1212-3,6,174,salineros,257,605,6,904,260,0,2,0,71,187,0,0,0,4,,0,0
1212-3,6,175,salineros,257,605,6,962,201,0,3,0,88,204,0,0,0,4,1,36,0
1212-3,6,176,salineros,257,605,6,965,128,0,6,0,88,204,0,5,0,4,,0,0
1212-3,6,177,salineros,257,608,6,953,139,0,5,0,162,278,0,0,0,4,,0,0
1212-3,6,178,salineros,257,608,6,956,129,0,6,0,144,260,0,1,0,4,,0,0
1212-3,6,179,salineros,258,611,6,959,233,0,3,0,256,372,0,0,0,4,,0,0
1212-3,6,180,salineros,258,614,6,964,302,0,2,0,221,339,0,0,0,4,,0,0
1212-3,6,181,salineros,259,617,6,1127,370,0,8,0,221,339,0,0,0,4,1,30,0
1212-3,6,182,salineros,260,620,6,1132,472,0,10,0,256,374,0,0,0,4,,0,0
1212-3,6,183,salineros,260,623,6,1139,573,0,12,0,256,376,0,0,0,4,,0,0
1212-3,6,184,salineros,261,626,6,1146,674,0,14,0,256,376,0,0,0,4,,0,0
1212-3,6,185,salineros,261,629,6,1153,712,0,1,0,194,314,0,0,0,4,,0,0
1212-3,6,186,salineros,261,629,6,1160,697,0,9,0,142,262,0,0,0,4,,0,0
1212-3,6,187,salineros,262,632,6,1308,721,0,11,0,194,314,0,0,0,4,1,29,0
1212-3,6,188,salineros,263,635,6,1308,758,0,15,0,194,316,0,0,0,4,,0,0
1212-3,6,189,salineros,263,638,6,1308,795,0,3,0,194,316,0,0,0,4,,0,0
1212-3,6,190,salineros,263,638,6,1308,796,0,11,0,159,281,0,0,0,4,,0,0
1212-3,6,191,salineros,271,638,6,1308,774,0,15,0,136,258,0,0,0,4,,0,0
1212-3,6,192,salineros,271,638,6,1302,752,0,3,0,136,252,0,0,0,4,,0,0
1212-3,6,193,salineros,271,638,6,1433,659,0,11,0,105,221,0,0,0,4,1,26,0
1212-3,6,194,salineros,271,638,6,1412,638,0,16,0,140,256,0,0,0,4,,0,0
1212-3,6,195,salineros,291,699,7,1391,617,0,8,0,140,256,0,1,0,4,,0,0
1212-3,6,196,salineros,291,699,7,1373,599,0,13,0,156,284,0,0,0,4,,0,0
1212-3,6,197,salineros,292,702,7,1355,608,0,5,0,183,311,0,0,0,4,,0,0
1212-3,6,198,salineros,292,702,7,1345,598,0,12,0,165,301,0,0,0,4,,0,0
1212-3,6,199,salineros,293,705,7,1573,566,0,5,0,183,319,0,0,0,4,1,22,0
1212-3,6,200,salineros,293,705,7,1621,555,0,8,0,165,301,0,2,0,4,,0,0
