semilla,cadencia,turno,casa,prestigio,poblacion,comarcas,maravedis,pan,lana,sal,hierro,produccion_pan,produccion_total,escasez,obras_terminadas,obras_mayores,hitos,decidio,ordenes_propuestas,sin_ordenes
1212,1,1,arrieros,27,56,1,36,69,0,0,0,12,24,0,0,0,0,1,4,0
1212,1,2,arrieros,26,52,1,25,57,0,0,0,12,17,0,0,0,0,1,2,0
1212,1,3,arrieros,25,48,1,14,28,0,0,0,12,17,0,0,0,0,1,6,0
1212,1,4,arrieros,25,48,1,14,25,0,0,0,12,16,0,0,0,0,1,0,1
1212,1,5,arrieros,43,48,1,14,26,0,0,0,16,20,0,1,0,1,1,0,1
1212,1,6,arrieros,43,48,1,26,29,0,0,0,16,32,0,0,0,1,1,3,0
1212,1,7,arrieros,44,50,1,55,32,0,0,0,16,32,0,0,0,1,1,1,0
1212,1,8,arrieros,43,46,1,57,29,0,0,0,16,34,0,0,0,1,1,1,0
1212,1,9,arrieros,43,48,1,69,33,0,0,0,16,32,0,0,0,1,1,0,1
1212,1,10,arrieros,43,46,1,60,30,0,0,0,16,32,0,0,0,1,1,3,0
1212,1,11,arrieros,42,44,1,63,46,0,0,0,32,48,0,0,0,1,1,2,0
1212,1,12,arrieros,44,50,1,81,65,0,0,0,32,48,0,0,0,1,1,1,0
1212,1,13,arrieros,43,48,1,62,76,0,0,0,32,50,0,0,0,1,1,3,0
1212,1,14,arrieros,59,50,1,81,98,0,0,0,32,48,0,0,0,2,1,1,0
1212,1,15,arrieros,59,52,1,77,114,0,0,0,32,50,0,0,0,2,1,2,0
1212,1,16,arrieros,59,54,1,87,128,0,0,0,32,50,0,0,0,2,1,2,0
1212,1,17,arrieros,60,56,1,76,92,0,0,0,20,38,0,0,0,2,1,12,0
1212,1,18,arrieros,60,58,1,79,95,0,0,0,20,38,0,0,0,2,1,2,0
1212,1,19,arrieros,69,60,1,78,96,0,0,0,20,38,0,1,0,2,1,2,0
1212,1,20,arrieros,69,60,1,81,101,0,0,0,20,46,0,0,0,2,1,2,0
1212,1,21,arrieros,69,60,1,84,102,0,0,0,20,46,0,0,0,2,1,2,0
1212,1,22,arrieros,69,60,1,87,103,0,0,0,20,46,0,0,0,2,1,2,0
1212,1,23,arrieros,69,60,1,81,96,0,0,0,12,38,0,0,0,2,1,3,0
1212,1,24,arrieros,69,60,1,109,54,0,0,0,12,32,0,0,0,2,1,13,0
1212,1,25,arrieros,69,60,1,98,49,0,0,0,12,32,0,0,0,2,1,4,0
1212,1,26,arrieros,77,60,1,101,54,0,0,0,12,32,0,0,0,2,1,3,0
1212,1,27,arrieros,77,60,1,104,58,0,0,0,12,32,0,0,0,2,1,3,0
1212,1,28,arrieros,77,60,1,105,62,0,0,0,12,32,0,0,0,2,1,3,0
1212,1,29,arrieros,77,60,1,104,70,0,0,0,16,36,0,0,0,2,1,4,0
1212,1,30,arrieros,77,60,1,113,75,0,0,0,16,42,0,0,0,2,1,4,0
1212,1,31,arrieros,77,60,1,109,79,0,0,0,16,42,0,0,0,2,1,4,0
1212,1,32,arrieros,77,60,1,120,83,0,0,0,16,42,0,0,0,2,1,4,0
1212,1,33,arrieros,78,68,1,129,87,0,0,0,16,42,0,0,0,2,1,6,0
1212,1,34,arrieros,77,64,1,117,83,0,0,0,16,42,0,0,0,2,1,5,0
1212,1,35,arrieros,77,60,1,104,96,0,0,0,32,58,0,0,0,2,1,5,0
1212,1,36,arrieros,77,60,1,119,115,0,0,0,32,58,0,0,0,2,1,3,0
1212,1,37,arrieros,77,60,1,111,127,0,0,0,32,58,0,0,0,2,1,3,0
1212,1,38,arrieros,77,60,1,117,139,0,0,0,32,58,0,0,0,2,1,3,0
1212,1,39,arrieros,77,60,1,110,141,0,0,0,22,48,0,0,0,2,1,3,0
1212,1,40,arrieros,77,60,1,115,143,0,0,0,22,48,0,0,0,2,1,3,0
1212,1,41,arrieros,77,60,1,108,99,0,0,0,14,40,0,0,0,2,1,13,0
1212,1,42,arrieros,77,60,1,112,95,0,0,0,14,40,0,0,0,2,1,3,0
1212,1,43,arrieros,85,60,1,117,91,0,0,0,14,40,0,0,0,2,1,3,0
1212,1,44,arrieros,85,60,1,111,87,0,0,0,14,40,0,0,0,2,1,3,0
1212,1,45,arrieros,85,60,1,119,89,0,0,0,20,46,0,0,0,2,1,4,0
1212,1,46,arrieros,85,60,1,112,94,0,0,0,20,46,0,0,0,2,1,4,0
1212,1,47,arrieros,85,60,1,123,89,0,0,0,12,38,0,0,0,2,1,3,0
1212,1,48,arrieros,85,60,1,109,47,0,0,0,12,32,0,0,0,2,1,14,0
1212,1,49,arrieros,85,60,1,112,43,0,0,0,11,31,0,0,0,2,1,4,0
1212,1,50,arrieros,85,60,1,105,47,0,0,0,11,31,0,0,0,2,1,4,0
1212,1,51,arrieros,85,60,1,107,51,0,0,0,11,31,0,0,0,2,1,3,0
1212,1,52,arrieros,85,60,1,100,55,0,0,0,11,31,0,0,0,2,1,4,0
1212,1,53,arrieros,93,60,1,108,63,0,0,0,16,36,0,0,0,2,1,4,0
1212,1,54,arrieros,93,60,1,117,68,0,0,0,16,42,0,0,0,2,1,4,0
1212,1,55,arrieros,93,60,1,119,73,0,0,0,16,42,0,0,0,2,1,4,0
1212,1,56,arrieros,93,60,1,120,78,0,0,0,16,42,0,0,0,2,1,4,0
1212,1,57,arrieros,93,60,1,121,82,0,0,0,16,42,0,0,0,2,1,4,0
1212,1,58,arrieros,93,60,1,120,86,0,0,0,16,42,0,0,0,2,1,4,0
1212,1,59,arrieros,93,60,1,118,105,0,0,0,32,58,0,0,0,2,1,4,0
1212,1,60,arrieros,93,60,1,115,122,0,0,0,32,58,0,0,0,2,1,3,0
1212,1,61,arrieros,93,60,1,111,134,0,0,0,32,58,0,0,0,2,1,3,0
1212,1,62,arrieros,93,60,1,116,145,0,0,0,32,58,0,0,0,2,1,3,0
1212,1,63,arrieros,94,68,1,121,156,0,0,0,32,58,0,0,0,2,1,5,0
1212,1,64,arrieros,93,64,1,104,159,0,0,0,32,58,0,0,0,2,1,4,0
1212,1,65,arrieros,93,60,1,108,133,0,0,0,21,47,0,0,0,2,1,9,0
1212,1,66,arrieros,93,60,1,109,115,0,0,0,21,47,0,0,0,2,1,8,0
1212,1,67,arrieros,101,60,1,113,117,0,0,0,21,47,0,0,0,2,1,3,0
1212,1,68,arrieros,101,60,1,115,119,0,0,0,21,47,0,0,0,2,1,3,0
1212,1,69,arrieros,101,60,1,113,120,0,0,0,21,47,0,0,0,2,1,3,0
1212,1,70,arrieros,101,60,1,123,121,0,0,0,21,47,0,0,0,2,1,3,0
1212,1,71,arrieros,101,60,1,111,113,0,0,0,11,37,0,0,0,2,1,3,0
1212,1,72,arrieros,101,60,1,116,105,0,0,0,11,31,0,0,0,2,1,3,0
1212,1,73,arrieros,101,60,1,105,98,0,0,0,12,32,0,0,0,2,1,3,0
1212,1,74,arrieros,101,60,1,106,92,0,0,0,12,32,0,0,0,2,1,3,0
1212,1,75,arrieros,101,60,1,103,86,0,0,0,12,32,0,0,0,2,1,3,0
1212,1,76,arrieros,101,60,1,113,80,0,0,0,12,32,0,0,0,2,1,4,0
1212,1,77,arrieros,101,60,1,102,82,0,0,0,16,36,0,0,0,2,1,4,0
1212,1,78,arrieros,101,60,1,120,86,0,0,0,16,42,0,0,0,2,1,4,0
1212,1,79,arrieros,101,60,1,112,90,0,0,0,16,42,0,0,0,2,1,4,0
1212,1,80,arrieros,101,60,1,118,92,0,0,0,16,42,0,0,0,2,1,3,0
1212,1,81,arrieros,101,60,1,113,90,0,0,0,16,42,0,0,0,2,1,3,0
1212,1,82,arrieros,101,60,1,119,88,0,0,0,16,42,0,0,0,2,1,3,0
1212,1,83,arrieros,101,60,1,112,101,0,0,0,32,58,0,0,0,2,1,4,0
1212,1,84,arrieros,101,60,1,117,116,0,0,0,32,58,0,0,0,2,1,3,0
1212,1,85,arrieros,101,60,1,110,128,0,0,0,32,58,0,0,0,2,1,3,0
1212,1,86,arrieros,102,68,1,135,150,0,0,0,32,58,0,0,0,2,1,5,0
1212,1,87,arrieros,101,64,1,39,153,0,0,0,32,58,0,0,0,2,1,5,0
1212,1,88,arrieros,101,60,1,115,155,0,0,0,32,58,0,0,0,2,1,3,0
1212,1,89,arrieros,101,60,1,98,114,0,0,0,20,46,0,0,0,2,1,13,0
1212,1,90,arrieros,101,60,1,112,113,0,0,0,20,46,0,0,0,2,1,3,0
1212,1,91,arrieros,101,60,1,108,112,0,0,0,20,46,0,0,0,2,1,3,0
1212,1,92,arrieros,101,60,1,111,111,0,0,0,20,46,0,0,0,2,1,3,0
1212,1,93,arrieros,101,60,1,114,110,0,0,0,20,46,0,0,0,2,1,3,0
1212,1,94,arrieros,101,60,1,102,109,0,0,0,20,46,0,0,0,2,1,3,0
1212,1,95,arrieros,109,60,1,118,100,0,0,0,12,38,0,0,0,2,1,3,0
1212,1,96,arrieros,109,60,1,103,92,0,0,0,12,32,0,0,0,2,1,4,0
1212,1,97,arrieros,109,60,1,116,86,0,0,0,12,32,0,0,0,2,1,3,0
1212,1,98,arrieros,109,60,1,103,87,0,0,0,12,32,0,0,0,2,1,4,0
1212,1,99,arrieros,109,60,1,104,88,0,0,0,12,32,0,0,0,2,1,3,0
1212,1,100,arrieros,109,60,1,107,89,0,0,0,12,32,0,0,0,2,1,3,0
1212,1,101,arrieros,109,60,1,107,94,0,0,0,16,36,0,0,0,2,1,4,0
1212,1,102,arrieros,109,60,1,118,96,0,0,0,16,42,0,0,0,2,1,4,0
1212,1,103,arrieros,109,60,1,119,98,0,0,0,16,42,0,0,0,2,1,4,0
1212,1,104,arrieros,109,60,1,117,100,0,0,0,16,42,0,0,0,2,1,4,0
1212,1,105,arrieros,109,60,1,114,100,0,0,0,16,42,0,0,0,2,1,4,0
1212,1,106,arrieros,109,60,1,107,98,0,0,0,16,42,0,0,0,2,1,4,0
1212,1,107,arrieros,109,60,1,114,111,0,0,0,32,58,0,0,0,2,1,4,0
1212,1,108,arrieros,110,68,1,123,127,0,0,0,32,58,0,0,0,2,1,5,0
1212,1,109,arrieros,109,64,1,97,129,0,0,0,32,58,0,0,0,2,1,4,0
1212,1,110,arrieros,109,60,1,104,132,0,0,0,32,58,0,0,0,2,1,4,0
1212,1,111,arrieros,109,60,1,114,142,0,0,0,32,58,0,0,0,2,1,3,0
1212,1,112,arrieros,109,60,1,102,151,0,0,0,32,58,0,0,0,2,1,3,0
1212,1,113,arrieros,109,60,1,116,110,0,0,0,20,46,0,0,0,2,1,13,0
1212,1,114,arrieros,109,60,1,107,109,0,0,0,20,46,0,0,0,2,1,3,0
1212,1,115,arrieros,109,60,1,106,108,0,0,0,20,46,0,0,0,2,1,3,0
1212,1,116,arrieros,109,60,1,108,107,0,0,0,20,46,0,0,0,2,1,3,0
1212,1,117,arrieros,109,60,1,105,106,0,0,0,20,46,0,0,0,2,1,3,0
1212,1,118,arrieros,109,60,1,111,105,0,0,0,20,46,0,0,0,2,1,3,0
1212,1,119,arrieros,117,60,1,117,96,0,0,0,12,38,0,0,0,2,1,3,0
1212,1,120,arrieros,117,60,1,109,88,0,0,0,12,32,0,0,0,2,1,4,0
1212,1,121,arrieros,117,60,1,111,86,0,0,0,12,32,0,0,0,2,1,4,0
1212,1,122,arrieros,117,60,1,103,87,0,0,0,12,32,0,0,0,2,1,4,0
1212,1,123,arrieros,117,60,1,106,88,0,0,0,12,32,0,0,0,2,1,3,0
1212,1,124,arrieros,117,60,1,103,89,0,0,0,12,32,0,0,0,2,1,4,0
1212,1,125,arrieros,117,60,1,102,94,0,0,0,16,36,0,0,0,2,1,4,0
1212,1,126,arrieros,117,60,1,120,96,0,0,0,16,42,0,0,0,2,1,4,0
1212,1,127,arrieros,117,60,1,120,98,0,0,0,16,42,0,0,0,2,1,4,0
1212,1,128,arrieros,117,60,1,117,100,0,0,0,16,42,0,0,0,2,1,4,0
1212,1,129,arrieros,117,60,1,117,100,0,0,0,16,42,0,0,0,2,1,4,0
1212,1,130,arrieros,117,60,1,113,98,0,0,0,16,42,0,0,0,2,1,4,0
1212,1,131,arrieros,117,60,1,113,111,0,0,0,32,58,0,0,0,2,1,4,0
1212,1,132,arrieros,118,68,1,131,127,0,0,0,32,58,0,0,0,2,1,5,0
1212,1,133,arrieros,117,64,1,100,129,0,0,0,32,58,0,0,0,2,1,4,0
1212,1,134,arrieros,117,60,1,106,132,0,0,0,32,58,0,0,0,2,1,4,0
1212,1,135,arrieros,117,60,1,103,142,0,0,0,32,58,0,0,0,2,1,3,0
1212,1,136,arrieros,117,60,1,114,151,0,0,0,32,58,0,0,0,2,1,3,0
1212,1,137,arrieros,117,60,1,105,110,0,0,0,20,46,0,0,0,2,1,13,0
1212,1,138,arrieros,117,60,1,104,109,0,0,0,20,46,0,0,0,2,1,3,0
1212,1,139,arrieros,117,60,1,115,108,0,0,0,20,46,0,0,0,2,1,3,0
1212,1,140,arrieros,125,60,1,108,107,0,0,0,20,46,0,0,0,2,1,3,0
1212,1,141,arrieros,125,60,1,110,106,0,0,0,20,46,0,0,0,2,1,3,0
1212,1,142,arrieros,125,60,1,118,105,0,0,0,20,46,0,0,0,2,1,3,0
1212,1,143,arrieros,125,60,1,114,96,0,0,0,12,38,0,0,0,2,1,3,0
1212,1,144,arrieros,125,60,1,107,88,0,0,0,12,32,0,0,0,2,1,4,0
1212,1,145,arrieros,125,60,1,106,86,0,0,0,12,32,0,0,0,2,1,4,0
1212,1,146,arrieros,125,60,1,99,87,0,0,0,12,32,0,0,0,2,1,4,0
1212,1,147,arrieros,125,60,1,101,88,0,0,0,12,32,0,0,0,2,1,3,0
1212,1,148,arrieros,125,60,1,106,89,0,0,0,12,32,0,0,0,2,1,3,0
1212,1,149,arrieros,125,60,1,104,94,0,0,0,16,36,0,0,0,2,1,4,0
1212,1,150,arrieros,125,60,1,112,96,0,0,0,16,42,0,0,0,2,1,4,0
1212,1,151,arrieros,125,60,1,114,98,0,0,0,16,42,0,0,0,2,1,5,0
1212,1,152,arrieros,126,68,1,123,102,0,0,0,16,42,0,0,0,2,1,6,0
1212,1,153,arrieros,125,64,1,114,95,0,0,0,16,42,0,0,0,2,1,5,0
1212,1,154,arrieros,125,60,1,99,91,0,0,0,16,42,0,0,0,2,1,5,0
1212,1,155,arrieros,125,60,1,116,108,0,0,0,32,58,0,0,0,2,1,4,0
1212,1,156,arrieros,125,60,1,109,125,0,0,0,32,58,0,0,0,2,1,3,0
1212,1,157,arrieros,285,63,1,113,135,0,0,0,32,58,0,1,1,3,1,3,0
1212,1,158,arrieros,286,66,1,116,146,0,0,0,32,58,0,0,0,3,1,4,0
1212,1,159,arrieros,286,69,1,110,152,0,0,0,28,54,0,0,0,3,1,3,0
1212,1,160,arrieros,287,72,1,115,157,0,0,0,28,54,0,0,0,3,1,3,0
1212,1,161,arrieros,288,75,1,110,111,0,0,0,18,46,0,0,0,3,1,13,0
1212,1,162,arrieros,288,75,1,115,107,0,0,0,18,46,0,0,0,3,1,4,0
1212,1,163,arrieros,288,75,1,139,106,0,0,0,18,46,0,0,0,3,1,3,0
1212,1,164,arrieros,296,75,1,154,109,0,0,0,18,46,0,0,0,3,1,3,0
1212,1,165,arrieros,296,75,1,181,113,0,0,0,18,46,0,0,0,3,1,3,0
1212,1,166,arrieros,296,75,1,220,114,0,0,0,18,46,0,0,0,3,1,3,0
1212,1,167,arrieros,296,75,1,260,103,0,0,0,10,38,0,0,0,3,1,2,0
1212,1,168,arrieros,296,75,1,246,92,0,0,0,10,31,0,0,0,3,1,3,0
1212,1,169,arrieros,296,75,1,233,92,0,0,0,10,31,0,0,0,3,1,3,0
1212,1,170,arrieros,296,75,1,216,93,0,0,0,10,31,0,0,0,3,1,3,0
1212,1,171,arrieros,296,75,1,204,94,0,0,0,10,31,0,0,0,3,1,3,0
1212,1,172,arrieros,296,75,1,191,95,0,0,0,10,31,0,0,0,3,1,3,0
1212,1,173,arrieros,296,75,1,137,100,0,0,0,14,35,0,0,0,3,1,4,0
1212,1,174,arrieros,296,75,1,166,102,0,0,0,14,42,0,0,0,3,1,4,0
1212,1,175,arrieros,296,75,1,147,104,0,0,0,14,42,0,0,0,3,1,4,0
1212,1,176,arrieros,296,75,1,179,105,0,0,0,14,42,0,0,0,3,1,4,0
1212,1,177,arrieros,296,75,1,163,106,0,0,0,14,42,0,0,0,3,1,4,0
1212,1,178,arrieros,296,75,1,171,107,0,0,0,14,42,0,0,0,3,1,4,0
1212,1,179,arrieros,297,83,1,193,121,0,0,0,28,56,0,0,0,3,1,6,0
1212,1,180,arrieros,297,80,1,214,127,0,0,0,28,58,0,0,0,3,1,5,0
1212,1,181,arrieros,296,79,1,260,131,0,0,0,28,58,0,0,0,3,1,4,0
1212,1,182,arrieros,297,80,1,323,135,0,0,0,28,56,0,0,0,3,1,3,0
1212,1,183,arrieros,297,80,1,386,138,0,0,0,28,58,0,0,0,3,1,3,0
1212,1,184,arrieros,297,80,1,448,141,0,0,0,28,58,0,0,0,3,1,3,0
1212,1,185,arrieros,297,80,1,538,88,0,0,0,18,48,0,0,0,3,1,12,0
1212,1,186,arrieros,297,80,1,531,83,0,0,0,18,48,0,0,0,3,1,3,0
1212,1,187,arrieros,297,80,1,528,90,0,0,0,18,48,0,0,0,3,1,3,0
1212,1,188,arrieros,305,80,1,523,97,0,0,0,18,48,0,0,0,3,1,3,0
1212,1,189,arrieros,305,80,1,517,104,0,0,0,18,48,0,0,0,3,1,3,0
1212,1,190,arrieros,305,80,1,516,110,0,0,0,18,48,0,0,0,3,1,3,0
1212,1,191,arrieros,305,80,1,521,108,0,0,0,10,40,0,0,0,3,1,3,0
1212,1,192,arrieros,305,80,1,514,105,0,0,0,10,32,0,0,0,3,1,3,0
1212,1,193,arrieros,305,80,1,501,104,0,0,0,10,32,0,0,0,3,1,3,0
1212,1,194,arrieros,305,80,1,486,103,0,0,0,10,32,0,0,0,3,1,3,0
1212,1,195,arrieros,305,80,1,477,102,0,0,0,10,32,0,0,0,3,1,3,0
1212,1,196,arrieros,305,80,1,466,101,0,0,0,10,32,0,0,0,3,1,3,0
1212,1,197,arrieros,305,80,1,414,102,0,0,0,12,34,0,0,0,3,1,4,0
1212,1,198,arrieros,305,80,1,420,100,0,0,0,12,42,0,0,0,3,1,4,0
1212,1,199,arrieros,305,80,1,425,98,0,0,0,12,42,0,0,0,3,1,4,0
1212,1,200,arrieros,305,80,1,434,96,0,0,0,12,42,0,0,0,3,1,4,0
1212,1,1,canteros,39,116,1,40,56,0,0,0,18,48,0,0,0,0,1,4,0
1212,1,2,canteros,39,116,1,47,42,0,0,0,18,34,0,0,0,0,1,0,1
1212,1,3,canteros,39,116,1,54,28,0,0,0,18,34,0,1,0,0,1,0,1
1212,1,4,canteros,39,116,1,69,17,0,0,0,18,42,0,0,0,0,1,1,0
1212,1,5,canteros,39,116,1,79,12,0,0,0,24,48,0,0,0,0,1,2,0
1212,1,6,canteros,39,116,1,89,8,0,0,0,24,59,0,0,0,0,1,2,0
1212,1,7,canteros,39,116,1,97,7,0,0,0,24,59,0,0,0,0,1,3,0
1212,1,8,canteros,39,116,1,94,6,0,0,0,24,59,0,0,0,0,1,3,0
1212,1,9,canteros,39,116,1,101,5,0,0,0,24,59,0,0,0,0,1,3,0
1212,1,10,canteros,39,116,1,100,4,0,0,0,24,59,0,0,0,0,1,3,0
1212,1,11,canteros,39,116,1,101,27,0,0,0,48,83,0,0,0,0,1,3,0
1212,1,12,canteros,39,116,1,102,49,0,0,0,48,83,0,0,0,0,1,3,0
1212,1,13,canteros,39,116,1,103,70,0,0,0,48,83,0,0,0,0,1,3,0
1212,1,14,canteros,38,112,1,85,80,0,0,0,48,83,0,0,0,0,1,4,0
1212,1,15,canteros,52,108,1,78,91,0,0,0,48,83,0,0,0,1,1,4,0
1212,1,16,canteros,52,108,1,92,112,0,0,0,48,81,0,0,0,1,1,2,0
1212,1,17,canteros,52,108,1,93,101,0,0,0,30,63,0,0,0,1,1,7,0
1212,1,18,canteros,52,108,1,98,107,0,0,0,30,62,0,0,0,1,1,2,0
1212,1,19,canteros,70,108,1,96,113,0,0,0,30,62,0,0,0,2,1,3,0
1212,1,20,canteros,70,108,1,95,119,0,0,0,30,62,0,0,0,2,1,3,0
1212,1,21,canteros,70,108,1,93,125,0,0,0,30,62,0,0,0,2,1,3,0
1212,1,22,canteros,70,108,1,97,130,0,0,0,30,62,0,0,0,2,1,2,0
1212,1,23,canteros,70,108,1,97,111,0,0,0,18,50,0,0,0,2,1,8,0
1212,1,24,canteros,70,108,1,87,105,0,0,0,18,40,0,0,0,2,1,3,0
1212,1,25,canteros,78,108,1,86,100,0,0,0,18,40,0,0,0,2,1,2,0
1212,1,26,canteros,78,108,1,83,94,0,0,0,18,40,0,0,0,2,1,2,0
1212,1,27,canteros,78,108,1,83,88,0,0,0,18,40,0,0,0,2,1,2,0
1212,1,28,canteros,78,108,1,82,81,0,0,0,18,40,0,0,0,2,1,2,0
1212,1,29,canteros,78,108,1,85,66,0,0,0,18,40,0,0,0,2,1,7,0
1212,1,30,canteros,78,108,1,91,59,0,0,0,18,50,0,0,0,2,1,3,0
1212,1,31,canteros,86,108,1,92,52,0,0,0,18,50,0,0,0,2,1,3,0
1212,1,32,canteros,86,108,1,95,46,0,0,0,18,50,0,0,0,2,1,3,0
1212,1,33,canteros,86,108,1,99,40,0,0,0,18,50,0,0,0,2,1,2,0
1212,1,34,canteros,86,108,1,116,37,0,0,0,18,50,0,0,0,2,1,3,0
1212,1,35,canteros,86,108,1,17,60,0,0,0,48,79,0,0,0,2,1,5,0
1212,1,36,canteros,86,108,1,94,80,0,0,0,48,79,0,0,0,2,1,1,0
1212,1,37,canteros,86,108,1,89,96,0,0,0,48,79,0,0,0,2,1,3,0
1212,1,38,canteros,86,108,1,87,115,0,0,0,48,79,0,0,0,2,1,3,0
1212,1,39,canteros,86,108,1,96,133,0,0,0,48,79,0,0,0,2,1,3,0
1212,1,40,canteros,86,108,1,85,150,0,0,0,48,79,0,0,0,2,1,3,0
1212,1,41,canteros,86,108,1,94,137,0,0,0,30,61,0,0,0,2,1,7,0
1212,1,42,canteros,94,108,1,96,139,0,0,0,30,61,0,0,0,2,1,2,0
1212,1,43,canteros,94,108,1,92,142,0,0,0,30,61,0,0,0,2,1,3,0
1212,1,44,canteros,94,108,1,92,145,0,0,0,30,61,0,0,0,2,1,2,0
1212,1,45,canteros,94,108,1,97,138,0,0,0,30,61,0,0,0,2,1,7,0
1212,1,46,canteros,94,108,1,95,141,0,0,0,30,61,0,0,0,2,1,3,0
1212,1,47,canteros,102,108,1,94,132,0,0,0,18,49,0,0,0,2,1,3,0
1212,1,48,canteros,102,108,1,88,124,0,0,0,18,39,0,0,0,2,1,2,0
1212,1,49,canteros,102,108,1,85,116,0,0,0,18,39,0,0,0,2,1,2,0
1212,1,50,canteros,102,108,1,81,107,0,0,0,18,39,0,0,0,2,1,2,0
1212,1,51,canteros,102,108,1,83,99,0,0,0,18,39,0,0,0,2,1,2,0
1212,1,52,canteros,102,108,1,83,90,0,0,0,18,38,0,0,0,2,1,2,0
1212,1,53,canteros,102,108,1,81,87,0,0,0,24,44,0,0,0,2,1,3,0
1212,1,54,canteros,102,108,1,95,83,0,0,0,24,54,0,0,0,2,1,2,0
1212,1,55,canteros,102,108,1,89,79,0,0,0,24,54,0,0,0,2,1,3,0
1212,1,56,canteros,103,112,1,98,77,0,0,0,24,54,0,0,0,2,1,4,0
1212,1,57,canteros,102,108,1,71,63,0,0,0,24,56,0,0,0,2,1,4,0
1212,1,58,canteros,102,108,1,96,60,0,0,0,24,54,0,0,0,2,1,2,0
1212,1,59,canteros,102,108,1,88,78,0,0,0,48,78,0,0,0,2,1,3,0
1212,1,60,canteros,102,108,1,94,98,0,0,0,48,78,0,0,0,2,1,3,0
1212,1,61,canteros,102,108,1,95,117,0,0,0,48,78,0,0,0,2,1,3,0
1212,1,62,canteros,102,108,1,86,135,0,0,0,48,78,0,0,0,2,1,3,0
1212,1,63,canteros,102,108,1,91,152,0,0,0,48,78,0,0,0,2,1,3,0
1212,1,64,canteros,102,108,1,93,169,0,0,0,48,78,0,0,0,2,1,3,0
1212,1,65,canteros,102,108,1,93,155,0,0,0,30,60,0,0,0,2,1,8,0
1212,1,66,canteros,102,108,1,92,155,0,0,0,30,60,0,0,0,2,1,2,0
1212,1,67,canteros,110,108,1,96,157,0,0,0,30,60,0,0,0,2,1,2,0
1212,1,68,canteros,110,108,1,94,159,0,0,0,30,60,0,0,0,2,1,3,0
1212,1,69,canteros,110,108,1,98,161,0,0,0,30,60,0,0,0,2,1,2,0
1212,1,70,canteros,110,108,1,95,163,0,0,0,30,60,0,0,0,2,1,3,0
1212,1,71,canteros,110,108,1,92,153,0,0,0,18,48,0,0,0,2,1,3,0
1212,1,72,canteros,110,108,1,82,144,0,0,0,18,38,0,0,0,2,1,2,0
1212,1,73,canteros,110,108,1,85,135,0,0,0,18,38,0,0,0,2,1,2,0
1212,1,74,canteros,110,108,1,81,125,0,0,0,18,38,0,0,0,2,1,2,0
1212,1,75,canteros,111,112,1,92,117,0,0,0,18,38,0,0,0,2,1,3,0
1212,1,76,canteros,110,108,1,64,97,0,0,0,18,39,0,0,0,2,1,3,0
1212,1,77,canteros,110,108,1,86,85,0,0,0,24,44,0,0,0,2,1,6,0
1212,1,78,canteros,110,108,1,87,77,0,0,0,24,54,0,0,0,2,1,3,0
1212,1,79,canteros,118,108,1,94,74,0,0,0,24,54,0,0,0,2,1,3,0
1212,1,80,canteros,118,108,1,95,71,0,0,0,24,54,0,0,0,2,1,3,0
1212,1,81,canteros,118,108,1,86,68,0,0,0,24,54,0,0,0,2,1,3,0
1212,1,82,canteros,118,108,1,92,65,0,0,0,24,54,0,0,0,2,1,3,0
1212,1,83,canteros,118,108,1,94,85,0,0,0,48,78,0,0,0,2,1,3,0
1212,1,84,canteros,118,108,1,98,104,0,0,0,48,78,0,0,0,2,1,3,0
1212,1,85,canteros,118,108,1,90,123,0,0,0,48,78,0,0,0,2,1,3,0
1212,1,86,canteros,118,108,1,90,141,0,0,0,48,78,0,0,0,2,1,3,0
1212,1,87,canteros,119,112,1,104,159,0,0,0,48,78,0,0,0,2,1,4,0
1212,1,88,canteros,118,108,1,77,165,0,0,0,48,80,0,0,0,2,1,4,0
1212,1,89,canteros,118,108,1,94,151,0,0,0,30,60,0,0,0,2,1,7,0
1212,1,90,canteros,118,108,1,94,150,0,0,0,30,60,0,0,0,2,1,2,0
1212,1,91,canteros,126,108,1,97,152,0,0,0,30,60,0,0,0,2,1,2,0
1212,1,92,canteros,126,108,1,94,154,0,0,0,30,60,0,0,0,2,1,3,0
1212,1,93,canteros,126,108,1,95,156,0,0,0,30,60,0,0,0,2,1,2,0
1212,1,94,canteros,126,108,1,94,158,0,0,0,30,60,0,0,0,2,1,3,0
1212,1,95,canteros,126,108,1,99,149,0,0,0,18,48,0,0,0,2,1,2,0
1212,1,96,canteros,126,108,1,87,140,0,0,0,18,38,0,0,0,2,1,3,0
1212,1,97,canteros,126,108,1,85,131,0,0,0,18,38,0,0,0,2,1,2,0
1212,1,98,canteros,126,108,1,81,122,0,0,0,18,38,0,0,0,2,1,2,0
1212,1,99,canteros,127,112,1,91,114,0,0,0,18,38,0,0,0,2,1,3,0
1212,1,100,canteros,126,108,1,65,94,0,0,0,18,39,0,0,0,2,1,3,0
1212,1,101,canteros,126,108,1,84,82,0,0,0,24,44,0,0,0,2,1,7,0
1212,1,102,canteros,126,108,1,87,75,0,0,0,24,54,0,0,0,2,1,3,0
1212,1,103,canteros,134,108,1,95,72,0,0,0,24,54,0,0,0,2,1,3,0
1212,1,104,canteros,134,108,1,85,69,0,0,0,24,54,0,0,0,2,1,3,0
1212,1,105,canteros,134,108,1,96,66,0,0,0,24,54,0,0,0,2,1,3,0
1212,1,106,canteros,134,108,1,86,63,0,0,0,24,54,0,0,0,2,1,3,0
1212,1,107,canteros,134,108,1,97,83,0,0,0,48,78,0,0,0,2,1,3,0
1212,1,108,canteros,134,108,1,86,102,0,0,0,48,78,0,0,0,2,1,3,0
1212,1,109,canteros,344,108,1,95,121,0,0,0,48,78,0,1,1,3,1,3,0
1212,1,110,canteros,344,108,1,90,141,0,0,0,48,78,0,0,0,3,1,4,0
1212,1,111,canteros,345,112,1,105,156,0,0,0,43,73,0,0,0,3,1,4,0
1212,1,112,canteros,344,108,1,84,159,0,0,0,43,75,0,0,0,3,1,4,0
1212,1,113,canteros,344,108,1,100,144,0,0,0,27,57,0,0,0,3,1,8,0
1212,1,114,canteros,344,108,1,95,142,0,0,0,27,57,0,0,0,3,1,3,0
1212,1,115,canteros,352,108,1,95,144,0,0,0,27,57,0,0,0,3,1,3,0
1212,1,116,canteros,352,108,1,94,146,0,0,0,27,57,0,0,0,3,1,3,0
1212,1,117,canteros,352,108,1,99,148,0,0,0,27,57,0,0,0,3,1,2,0
1212,1,118,canteros,352,108,1,96,150,0,0,0,27,57,0,0,0,3,1,3,0
1212,1,119,canteros,352,108,1,94,141,0,0,0,16,46,0,0,0,3,1,3,0
1212,1,120,canteros,352,108,1,87,132,0,0,0,16,36,0,0,0,3,1,2,0
1212,1,121,canteros,352,108,1,86,124,0,0,0,16,36,0,0,0,3,1,2,0
1212,1,122,canteros,352,108,1,84,115,0,0,0,16,36,0,0,0,3,1,2,0
1212,1,123,canteros,353,112,1,95,107,0,0,0,16,36,0,0,0,3,1,3,0
1212,1,124,canteros,352,108,1,62,87,0,0,0,16,37,0,0,0,3,1,4,0
1212,1,125,canteros,352,108,1,86,74,0,0,0,21,41,0,0,0,3,1,6,0
1212,1,126,canteros,352,108,1,87,66,0,0,0,21,51,0,0,0,3,1,3,0
1212,1,127,canteros,360,108,1,94,62,0,0,0,21,51,0,0,0,3,1,3,0
1212,1,128,canteros,360,108,1,95,58,0,0,0,21,51,0,0,0,3,1,3,0
1212,1,129,canteros,360,108,1,92,54,0,0,0,21,51,0,0,0,3,1,3,0
1212,1,130,canteros,360,108,1,97,51,0,0,0,21,51,0,0,0,3,1,3,0
1212,1,131,canteros,360,108,1,93,69,0,0,0,43,73,0,0,0,3,1,3,0
1212,1,132,canteros,360,108,1,100,86,0,0,0,43,73,0,0,0,3,1,3,0
1212,1,133,canteros,360,108,1,104,102,0,0,0,43,73,0,0,0,3,1,2,0
1212,1,134,canteros,360,108,1,109,121,0,0,0,43,73,0,0,0,3,1,2,0
1212,1,135,canteros,361,112,1,123,140,0,0,0,43,73,0,0,0,3,1,3,0
1212,1,136,canteros,360,108,1,83,147,0,0,0,43,75,0,0,0,3,1,4,0
1212,1,137,canteros,360,108,1,120,136,0,0,0,27,57,0,0,0,3,1,7,0
1212,1,138,canteros,360,108,1,109,136,0,0,0,27,57,0,0,0,3,1,2,0
1212,1,139,canteros,368,108,1,102,141,0,0,0,27,57,0,0,0,3,1,2,0
1212,1,140,canteros,368,108,1,112,146,0,0,0,27,57,0,0,0,3,1,3,0
1212,1,141,canteros,368,108,1,121,148,0,0,0,27,57,0,0,0,3,1,2,0
1212,1,142,canteros,368,108,1,129,153,0,0,0,27,57,0,0,0,3,1,3,0
1212,1,143,canteros,368,108,1,148,144,0,0,0,16,46,0,0,0,3,1,3,0
1212,1,144,canteros,368,108,1,144,135,0,0,0,16,36,0,0,0,3,1,2,0
1212,1,145,canteros,368,108,1,139,130,0,0,0,16,36,0,0,0,3,1,3,0
1212,1,146,canteros,368,108,1,149,122,0,0,0,16,36,0,0,0,3,1,3,0
1212,1,147,canteros,369,112,1,157,115,0,0,0,16,36,0,0,0,3,1,3,0
1212,1,148,canteros,368,108,1,136,100,0,0,0,16,37,0,0,0,3,1,4,0
1212,1,149,canteros,368,108,1,106,87,0,0,0,21,41,0,0,0,3,1,9,0
1212,1,150,canteros,368,108,1,172,82,0,0,0,21,51,0,0,0,3,1,2,0
1212,1,151,canteros,376,108,1,136,80,0,0,0,21,51,0,0,0,3,1,5,0
1212,1,152,canteros,376,108,1,181,76,0,0,0,21,51,0,0,0,3,1,3,0
1212,1,153,canteros,376,108,1,170,75,0,0,0,21,51,0,0,0,3,1,4,0
1212,1,154,canteros,376,108,1,191,71,0,0,0,21,51,0,0,0,3,1,3,0
1212,1,155,canteros,376,108,1,208,91,0,0,0,43,73,0,0,0,3,1,4,0
1212,1,156,canteros,376,108,1,229,107,0,0,0,43,73,0,0,0,3,1,3,0
1212,1,157,canteros,376,108,1,245,126,0,0,0,43,73,0,0,0,3,1,4,0
1212,1,158,canteros,376,108,1,265,141,0,0,0,43,73,0,0,0,3,1,3,0
1212,1,159,canteros,377,112,1,290,159,0,0,0,43,73,0,0,0,3,1,5,0
1212,1,160,canteros,376,108,1,292,162,0,0,0,43,75,0,0,0,3,1,4,0
1212,1,161,canteros,376,108,1,375,150,0,0,0,27,57,0,0,0,3,1,7,0
1212,1,162,canteros,376,108,1,378,144,0,0,0,27,57,0,0,0,3,1,2,0
1212,1,163,canteros,384,108,1,387,149,0,0,0,27,57,0,0,0,3,1,3,0
1212,1,164,canteros,384,108,1,406,151,0,0,0,27,57,0,0,0,3,1,3,0
1212,1,165,canteros,384,108,1,413,152,0,0,0,27,57,0,0,0,3,1,2,0
1212,1,166,canteros,384,108,1,419,156,0,0,0,27,57,0,0,0,3,1,3,0
1212,1,167,canteros,384,108,1,441,147,0,0,0,16,46,0,0,0,3,1,3,0
1212,1,168,canteros,384,108,1,438,137,0,0,0,16,36,0,0,0,3,1,2,0
1212,1,169,canteros,384,108,1,437,131,0,0,0,16,36,0,0,0,3,1,3,0
1212,1,170,canteros,384,108,1,446,123,0,0,0,16,36,0,0,0,3,1,3,0
1212,1,171,canteros,384,108,1,443,115,0,0,0,16,36,0,0,0,3,1,2,0
1212,1,172,canteros,385,112,1,449,111,0,0,0,16,36,0,0,0,3,1,4,0
1212,1,173,canteros,384,108,1,399,98,0,0,0,21,42,0,0,0,3,1,5,0
1212,1,174,canteros,384,108,1,415,80,0,0,0,21,51,0,0,0,3,1,8,0
1212,1,175,canteros,384,108,1,432,79,0,0,0,21,51,0,0,0,3,1,4,0
1212,1,176,canteros,384,108,1,453,75,0,0,0,21,51,0,0,0,3,1,3,0
1212,1,177,canteros,384,108,1,469,74,0,0,0,21,51,0,0,0,3,1,4,0
1212,1,178,canteros,392,108,1,489,70,0,0,0,21,51,0,0,0,3,1,3,0
1212,1,179,canteros,392,108,1,504,90,0,0,0,43,73,0,0,0,3,1,4,0
1212,1,180,canteros,392,108,1,524,106,0,0,0,43,73,0,0,0,3,1,3,0
1212,1,181,canteros,392,108,1,539,125,0,0,0,43,73,0,0,0,3,1,4,0
1212,1,182,canteros,392,108,1,559,140,0,0,0,43,73,0,0,0,3,1,3,0
1212,1,183,canteros,392,108,1,577,157,0,0,0,43,73,0,0,0,3,1,4,0
1212,1,184,canteros,392,108,1,606,171,0,0,0,43,73,0,0,0,3,1,3,0
1212,1,185,canteros,392,108,1,688,170,0,0,0,27,57,0,0,0,3,1,2,0
1212,1,186,canteros,392,108,1,702,125,0,0,0,27,57,0,0,0,3,1,2,0
1212,1,187,canteros,393,112,1,657,120,0,0,0,27,57,0,0,0,3,1,5,0
1212,1,188,canteros,426,138,2,658,112,0,0,0,27,59,0,0,0,4,1,4,0
1212,1,189,canteros,426,138,2,647,97,0,0,0,27,63,0,0,0,4,1,8,0
1212,1,190,canteros,426,138,2,639,95,0,0,0,27,63,0,1,0,4,1,5,0
1212,1,191,canteros,426,138,2,645,80,0,0,0,18,54,0,0,0,4,1,4,0
1212,1,192,canteros,426,138,2,629,66,0,0,0,18,44,0,0,0,4,1,3,0
1212,1,193,canteros,426,138,2,600,55,0,0,0,18,44,0,0,0,4,1,4,0
1212,1,194,canteros,434,138,2,597,40,0,0,0,18,44,0,0,0,4,1,5,0
1212,1,195,canteros,434,138,2,582,26,0,0,0,18,44,0,1,0,4,1,3,0
1212,1,196,canteros,434,138,2,557,17,0,0,0,18,48,0,0,0,4,1,4,0
1212,1,197,canteros,434,138,2,502,9,0,0,0,24,54,0,1,0,4,1,4,0
1212,1,198,canteros,433,138,2,506,4,0,0,0,24,70,1,0,0,4,1,5,0
1212,1,199,canteros,432,138,2,526,1,0,0,0,24,70,1,0,0,4,1,4,0
1212,1,200,canteros,430,134,2,550,4,0,0,0,24,68,1,0,0,4,1,5,0
1212,1,1,ferrones,33,86,1,390,62,0,14,0,15,33,0,0,0,0,1,4,0
1212,1,2,ferrones,32,82,1,374,44,0,9,0,15,23,0,0,0,0,1,2,0
1212,1,3,ferrones,32,82,1,378,37,0,4,0,15,23,0,0,0,0,1,0,1
1212,1,4,ferrones,32,82,1,382,29,0,0,0,15,23,0,0,0,0,1,0,1
1212,1,5,ferrones,32,82,1,386,11,0,0,0,4,12,0,1,0,0,1,0,1
1212,1,6,ferrones,31,82,1,312,0,0,0,0,4,28,1,0,0,0,1,6,0
1212,1,7,ferrones,30,82,1,301,3,0,0,0,4,28,1,0,0,0,1,5,0
1212,1,8,ferrones,29,80,1,296,3,0,0,0,4,28,1,0,0,0,1,5,0
1212,1,9,ferrones,27,78,1,224,3,0,2,0,4,28,1,0,0,0,1,4,0
1212,1,10,ferrones,26,76,1,243,4,0,0,0,10,32,1,0,0,0,1,3,0
1212,1,11,ferrones,24,74,1,179,7,0,0,0,9,31,1,0,0,0,1,4,0
1212,1,12,ferrones,23,72,1,161,4,0,0,0,8,30,1,0,0,0,1,4,0
1212,1,13,ferrones,22,70,1,143,4,0,0,0,8,30,1,0,0,0,1,4,0
1212,1,14,ferrones,20,68,1,150,4,0,0,0,7,29,1,0,0,0,1,5,0
1212,1,15,ferrones,19,66,1,125,4,0,0,0,7,19,1,0,0,0,1,4,0
1212,1,16,ferrones,18,65,1,126,4,0,0,0,7,19,1,0,0,0,1,3,0
1212,1,17,ferrones,16,64,1,86,4,0,0,0,4,16,1,0,0,0,1,3,0
1212,1,18,ferrones,15,63,1,90,7,0,0,0,3,15,1,0,0,0,1,2,0
1212,1,19,ferrones,14,62,1,76,5,0,0,0,3,15,1,0,0,0,1,2,0
1212,1,20,ferrones,13,61,1,79,6,0,0,0,3,15,1,0,0,0,1,2,0
1212,1,21,ferrones,12,60,1,77,3,0,0,0,3,15,1,0,0,0,1,2,0
1212,1,22,ferrones,10,59,1,75,3,0,0,0,3,15,1,0,0,0,1,2,0
1212,1,23,ferrones,9,58,1,72,3,0,0,0,2,13,1,0,0,0,1,2,0
1212,1,24,ferrones,8,57,1,74,3,0,0,0,2,13,1,0,0,0,1,2,0
1212,1,25,ferrones,7,56,1,74,2,0,0,0,2,13,1,0,0,0,1,2,0
1212,1,26,ferrones,6,55,1,74,2,0,0,0,2,13,1,0,0,0,1,2,0
1212,1,27,ferrones,4,54,1,74,2,0,0,0,2,13,1,0,0,0,1,2,0
1212,1,28,ferrones,3,53,1,74,2,0,0,0,2,13,1,0,0,0,1,2,0
1212,1,29,ferrones,2,52,1,74,2,0,0,0,2,13,1,0,0,0,1,2,0
1212,1,30,ferrones,1,51,1,78,2,0,0,0,2,17,1,0,0,0,1,3,0
1212,1,31,ferrones,0,50,1,73,2,0,0,0,2,13,1,0,0,0,1,2,0
1212,1,32,ferrones,-2,49,1,75,3,0,0,0,2,13,1,0,0,0,1,2,0
1212,1,33,ferrones,-3,48,1,69,2,0,0,0,2,12,1,0,0,0,1,2,0
1212,1,34,ferrones,-4,47,1,75,3,0,0,0,2,12,1,0,0,0,1,2,0
1212,1,35,ferrones,-5,46,1,68,1,0,0,0,5,15,1,0,0,0,1,2,0
1212,1,36,ferrones,-6,45,1,74,3,0,0,0,5,15,1,0,0,0,1,2,0
1212,1,37,ferrones,-8,44,1,72,1,0,0,0,5,15,1,0,0,0,1,2,0
1212,1,38,ferrones,-9,43,1,71,2,0,0,0,5,15,1,0,0,0,1,2,0
1212,1,39,ferrones,-10,42,1,70,2,0,0,0,5,15,1,0,0,0,1,2,0
1212,1,40,ferrones,-11,41,1,69,2,0,0,0,5,15,1,0,0,0,1,2,0
1212,1,41,ferrones,-12,40,1,73,2,0,0,0,3,13,1,0,0,0,1,2,0
1212,1,42,ferrones,-14,39,1,71,1,0,0,0,3,13,1,0,0,0,1,2,0
1212,1,43,ferrones,-15,38,1,70,2,0,0,0,3,13,1,0,0,0,1,2,0
1212,1,44,ferrones,-16,37,1,69,2,0,0,0,3,13,1,0,0,0,1,2,0
1212,1,45,ferrones,-17,36,1,73,2,0,0,0,3,13,1,0,0,0,1,2,0
1212,1,46,ferrones,-18,35,1,71,1,0,0,0,3,13,1,0,0,0,1,2,0
1212,1,47,ferrones,-20,34,1,70,2,0,0,0,2,12,1,0,0,0,1,2,0
1212,1,48,ferrones,-21,33,1,69,2,0,0,0,2,12,1,0,0,0,1,2,0
1212,1,49,ferrones,-22,32,1,73,2,0,0,0,2,12,1,0,0,0,1,2,0
1212,1,50,ferrones,-23,31,1,71,1,0,0,0,2,12,1,0,0,0,1,2,0
1212,1,51,ferrones,-24,30,1,70,2,0,0,0,2,12,1,0,0,0,1,2,0
1212,1,52,ferrones,-26,29,1,69,2,0,0,0,2,12,1,0,0,0,1,2,0
1212,1,53,ferrones,-27,28,1,72,2,0,0,0,2,11,1,0,0,0,1,2,0
1212,1,54,ferrones,-28,27,1,70,1,0,0,0,2,12,1,0,0,0,1,3,0
1212,1,55,ferrones,-29,26,1,68,2,0,0,0,2,11,1,0,0,0,1,2,0
1212,1,56,ferrones,-30,25,1,71,2,0,0,0,2,11,1,0,0,0,1,2,0
1212,1,57,ferrones,-32,24,1,68,1,0,0,0,2,11,1,0,0,0,1,2,0
1212,1,58,ferrones,-33,23,1,71,2,0,0,0,2,11,1,0,0,0,1,2,0
1212,1,59,ferrones,-33,23,1,58,3,0,0,0,5,14,0,0,0,0,1,2,0
1212,1,60,ferrones,-33,23,1,66,3,0,0,0,5,14,0,1,0,0,1,1,0
1212,1,61,ferrones,-33,23,1,57,2,0,0,0,4,15,0,0,0,0,1,3,0
1212,1,62,ferrones,-33,23,1,64,1,0,0,0,5,16,0,1,0,0,1,2,0
1212,1,63,ferrones,-33,23,1,77,0,0,0,0,4,15,0,1,0,0,1,0,1
1212,1,64,ferrones,-33,23,1,38,0,0,0,0,5,16,0,0,0,0,1,3,0
1212,1,65,ferrones,-34,23,1,48,3,0,0,0,3,14,1,0,0,0,1,1,0
1212,1,66,ferrones,-35,23,1,54,0,0,0,0,3,14,1,0,0,0,1,0,1
1212,1,67,ferrones,-36,22,1,60,0,0,0,0,3,14,1,1,0,0,1,0,1
1212,1,68,ferrones,-37,21,1,66,0,0,0,1,2,13,1,0,0,0,1,0,1
1212,1,69,ferrones,-38,20,1,67,0,0,0,2,2,13,1,0,0,0,1,2,0
1212,1,70,ferrones,-40,19,1,69,1,0,0,2,2,12,1,0,0,0,1,2,0
1212,1,71,ferrones,-41,18,1,70,1,0,0,2,1,10,1,0,0,0,1,2,0
1212,1,72,ferrones,-42,17,1,66,1,0,0,2,0,9,1,0,0,0,1,2,0
1212,1,73,ferrones,-43,16,1,69,2,0,0,2,0,9,1,0,0,0,1,2,0
1212,1,74,ferrones,-44,15,1,70,1,0,0,2,0,9,1,0,0,0,1,2,0
1212,1,75,ferrones,-46,14,1,66,1,0,0,2,0,9,1,0,0,0,1,2,0
1212,1,76,ferrones,-47,13,1,69,2,0,0,2,0,9,1,0,0,0,1,2,0
1212,1,77,ferrones,-48,12,1,70,1,0,0,2,0,8,1,0,0,0,1,2,0
1212,1,78,ferrones,-49,11,1,67,1,0,0,2,0,9,1,0,0,0,1,3,0
1212,1,79,ferrones,-50,10,1,70,2,0,0,2,0,8,1,0,0,0,1,2,0
1212,1,80,ferrones,-50,10,1,66,1,0,0,2,0,8,0,0,0,0,1,2,0
1212,1,81,ferrones,-51,10,1,69,2,0,0,2,0,8,1,0,0,0,1,2,0
1212,1,82,ferrones,-51,10,1,70,1,0,0,2,0,8,0,0,0,0,1,2,0
1212,1,83,ferrones,-51,10,1,66,1,0,0,2,1,9,0,0,0,0,1,2,0
1212,1,84,ferrones,-51,10,1,69,2,0,0,2,1,9,0,0,0,0,1,2,0
1212,1,85,ferrones,-51,10,1,70,2,0,0,2,1,9,0,0,0,0,1,2,0
1212,1,86,ferrones,-51,10,1,66,2,0,0,2,1,9,0,0,0,0,1,2,0
1212,1,87,ferrones,-51,10,1,69,3,0,0,2,1,9,0,0,0,0,1,2,0
1212,1,88,ferrones,-51,10,1,70,4,0,0,2,2,11,0,0,0,0,1,2,0
1212,1,89,ferrones,-51,10,1,66,4,0,0,2,1,10,0,0,0,0,1,2,0
1212,1,90,ferrones,-51,10,1,69,5,0,0,2,1,10,0,0,0,0,1,2,0
1212,1,91,ferrones,-51,10,1,70,5,0,0,2,1,10,0,0,0,0,1,2,0
1212,1,92,ferrones,-51,10,1,66,5,0,0,2,1,10,0,0,0,0,1,2,0
1212,1,93,ferrones,-51,10,1,69,6,0,0,2,1,10,0,0,0,0,1,2,0
1212,1,94,ferrones,-51,10,1,70,6,0,0,2,1,10,0,0,0,0,1,2,0
1212,1,95,ferrones,-51,10,1,66,5,0,0,2,0,9,0,0,0,0,1,2,0
1212,1,96,ferrones,-51,10,1,69,5,0,0,2,0,9,0,0,0,0,1,2,0
1212,1,97,ferrones,-51,10,1,70,4,0,0,2,0,9,0,0,0,0,1,2,0
1212,1,98,ferrones,-51,10,1,66,3,0,0,2,0,9,0,0,0,0,1,2,0
1212,1,99,ferrones,-51,10,1,69,3,0,0,2,0,9,0,0,0,0,1,2,0
1212,1,100,ferrones,-51,10,1,70,2,0,0,2,0,9,0,0,0,0,1,2,0
1212,1,101,ferrones,-51,10,1,66,2,0,0,2,1,10,0,0,0,0,1,2,0
1212,1,102,ferrones,-51,10,1,70,3,0,0,2,1,11,0,0,0,0,1,2,0
1212,1,103,ferrones,-51,10,1,67,3,0,0,2,1,11,0,0,0,0,1,2,0
1212,1,104,ferrones,-51,10,1,71,4,0,0,2,1,11,0,0,0,0,1,2,0
1212,1,105,ferrones,-51,10,1,68,4,0,0,2,1,11,0,0,0,0,1,2,0
1212,1,106,ferrones,-51,10,1,72,5,0,0,2,1,11,0,0,0,0,1,2,0
1212,1,107,ferrones,-51,10,1,69,6,0,0,2,2,12,0,0,0,0,1,2,0
1212,1,108,ferrones,-51,10,1,73,8,0,0,2,2,12,0,0,0,0,1,2,0
1212,1,109,ferrones,-51,10,1,70,9,0,0,2,2,12,0,0,0,0,1,2,0
1212,1,110,ferrones,-51,10,1,69,11,0,0,2,2,12,0,0,0,0,1,2,0
1212,1,111,ferrones,-51,10,1,72,13,0,0,2,2,12,0,0,0,0,1,2,0
1212,1,112,ferrones,-51,10,1,69,14,0,0,2,2,12,0,0,0,0,1,2,0
1212,1,113,ferrones,-51,10,1,72,5,0,0,2,1,11,0,0,0,0,1,7,0
1212,1,114,ferrones,-33,10,1,69,5,0,0,2,1,11,0,0,0,1,1,2,0
1212,1,115,ferrones,-33,10,1,72,6,0,0,2,1,11,0,0,0,1,1,2,0
1212,1,116,ferrones,-33,10,1,69,6,0,0,2,1,11,0,0,0,1,1,2,0
1212,1,117,ferrones,-33,10,1,72,7,0,0,2,1,11,0,0,0,1,1,2,0
1212,1,118,ferrones,-33,10,1,69,7,0,0,2,1,11,0,0,0,1,1,2,0
1212,1,119,ferrones,-33,10,1,72,7,0,0,2,0,10,0,0,0,1,1,2,0
1212,1,120,ferrones,-33,10,1,68,6,0,0,2,0,9,0,0,0,1,1,2,0
1212,1,121,ferrones,-33,10,1,70,6,0,0,2,0,9,0,0,0,1,1,2,0
1212,1,122,ferrones,-33,10,1,66,5,0,0,2,0,9,0,0,0,1,1,2,0
1212,1,123,ferrones,-33,10,1,68,5,0,0,2,0,9,0,0,0,1,1,2,0
1212,1,124,ferrones,-33,10,1,69,4,0,0,2,0,9,0,0,0,1,1,2,0
1212,1,125,ferrones,-33,10,1,70,4,0,0,2,1,10,0,0,0,1,1,2,0
1212,1,126,ferrones,-33,10,1,67,4,0,0,2,1,11,0,0,0,1,1,2,0
1212,1,127,ferrones,-33,10,1,71,5,0,0,2,1,11,0,0,0,1,1,2,0
1212,1,128,ferrones,-33,10,1,68,5,0,0,2,1,11,0,0,0,1,1,2,0
1212,1,129,ferrones,-33,10,1,72,6,0,0,2,1,11,0,0,0,1,1,2,0
1212,1,130,ferrones,-33,10,1,69,6,0,0,2,1,11,0,0,0,1,1,2,0
1212,1,131,ferrones,-33,10,1,73,8,0,0,2,2,12,0,0,0,1,1,2,0
1212,1,132,ferrones,-33,10,1,70,9,0,0,2,2,12,0,0,0,1,1,2,0
1212,1,133,ferrones,-33,10,1,69,11,0,0,2,2,12,0,0,0,1,1,2,0
1212,1,134,ferrones,-33,10,1,72,13,0,0,2,2,12,0,0,0,1,1,2,0
1212,1,135,ferrones,-33,10,1,69,14,0,0,2,2,12,0,0,0,1,1,2,0
1212,1,136,ferrones,-33,10,1,72,16,0,0,2,2,12,0,0,0,1,1,2,0
1212,1,137,ferrones,-33,10,1,69,4,0,0,2,1,11,0,0,0,1,1,7,0
1212,1,138,ferrones,-33,10,1,72,5,0,0,2,1,11,0,0,0,1,1,2,0
1212,1,139,ferrones,-25,10,1,69,5,0,0,2,1,11,0,0,0,1,1,2,0
1212,1,140,ferrones,-25,10,1,72,6,0,0,2,1,11,0,0,0,1,1,2,0
1212,1,141,ferrones,-25,10,1,69,6,0,0,2,1,11,0,0,0,1,1,2,0
1212,1,142,ferrones,-25,10,1,72,7,0,0,2,1,11,0,0,0,1,1,2,0
1212,1,143,ferrones,-25,10,1,69,6,0,0,2,0,10,0,0,0,1,1,2,0
1212,1,144,ferrones,-25,10,1,71,6,0,0,2,0,9,0,0,0,1,1,2,0
1212,1,145,ferrones,-25,10,1,67,5,0,0,2,0,9,0,0,0,1,1,2,0
1212,1,146,ferrones,-25,10,1,69,5,0,0,2,0,9,0,0,0,1,1,2,0
1212,1,147,ferrones,-25,10,1,70,4,0,0,2,0,9,0,0,0,1,1,2,0
1212,1,148,ferrones,-25,10,1,66,3,0,0,2,0,9,0,0,0,1,1,2,0
1212,1,149,ferrones,-25,10,1,69,4,0,0,2,1,10,0,0,0,1,1,2,0
1212,1,150,ferrones,-25,10,1,71,4,0,0,2,1,11,0,0,0,1,1,2,0
1212,1,151,ferrones,-25,10,1,68,4,0,0,2,1,11,0,0,0,1,1,3,0
1212,1,152,ferrones,-25,10,1,72,5,0,0,2,1,11,0,0,0,1,1,2,0
1212,1,153,ferrones,-25,10,1,69,5,0,0,2,1,11,0,0,0,1,1,2,0
1212,1,154,ferrones,-25,10,1,73,6,0,0,2,1,11,0,0,0,1,1,2,0
1212,1,155,ferrones,-25,10,1,70,7,0,0,2,2,12,0,0,0,1,1,2,0
1212,1,156,ferrones,-25,10,1,69,9,0,0,2,2,12,0,0,0,1,1,2,0
1212,1,157,ferrones,-25,10,1,72,11,0,0,2,2,12,0,0,0,1,1,2,0
1212,1,158,ferrones,-25,10,1,69,12,0,0,2,2,12,0,0,0,1,1,2,0
1212,1,159,ferrones,-25,10,1,72,14,0,0,2,2,12,0,0,0,1,1,2,0
1212,1,160,ferrones,-25,10,1,69,15,0,0,2,2,12,0,0,0,1,1,2,0
1212,1,161,ferrones,-25,10,1,72,3,0,0,2,1,11,0,0,0,1,1,7,0
1212,1,162,ferrones,-25,10,1,69,3,0,0,2,1,11,0,0,0,1,1,2,0
1212,1,163,ferrones,-17,10,1,72,4,0,0,2,1,11,0,0,0,1,1,2,0
1212,1,164,ferrones,-17,10,1,69,4,0,0,2,1,11,0,0,0,1,1,2,0
1212,1,165,ferrones,-17,10,1,72,5,0,0,2,1,11,0,0,0,1,1,2,0
1212,1,166,ferrones,-17,10,1,69,5,0,0,2,1,11,0,0,0,1,1,2,0
1212,1,167,ferrones,-17,10,1,72,5,0,0,2,0,10,0,0,0,1,1,2,0
1212,1,168,ferrones,-17,10,1,68,4,0,0,2,0,9,0,0,0,1,1,2,0
1212,1,169,ferrones,-17,10,1,70,4,0,0,2,0,9,0,0,0,1,1,2,0
1212,1,170,ferrones,-17,10,1,66,3,0,0,2,0,9,0,0,0,1,1,2,0
1212,1,171,ferrones,-17,10,1,68,3,0,0,2,0,9,0,0,0,1,1,2,0
1212,1,172,ferrones,-17,10,1,69,2,0,0,2,0,9,0,0,0,1,1,2,0
1212,1,173,ferrones,-17,10,1,70,2,0,0,2,1,10,0,0,0,1,1,2,0
1212,1,174,ferrones,-17,10,1,67,2,0,0,2,1,11,0,0,0,1,1,2,0
1212,1,175,ferrones,-17,10,1,71,3,0,0,2,1,11,0,0,0,1,1,2,0
1212,1,176,ferrones,-17,10,1,68,3,0,0,2,1,11,0,0,0,1,1,2,0
1212,1,177,ferrones,-17,10,1,72,4,0,0,2,1,11,0,0,0,1,1,2,0
1212,1,178,ferrones,-17,10,1,69,4,0,0,2,1,11,0,0,0,1,1,2,0
1212,1,179,ferrones,-17,10,1,73,6,0,0,2,2,12,0,0,0,1,1,2,0
1212,1,180,ferrones,-17,10,1,70,7,0,0,2,2,12,0,0,0,1,1,2,0
1212,1,181,ferrones,-17,10,1,69,9,0,0,2,2,12,0,0,0,1,1,2,0
1212,1,182,ferrones,-17,10,1,72,11,0,0,2,2,12,0,0,0,1,1,2,0
1212,1,183,ferrones,-17,10,1,69,12,0,0,2,2,12,0,0,0,1,1,2,0
1212,1,184,ferrones,-17,10,1,72,14,0,0,2,2,12,0,0,0,1,1,2,0
1212,1,185,ferrones,-17,10,1,69,2,0,0,2,1,11,0,0,0,1,1,7,0
1212,1,186,ferrones,-17,10,1,72,3,0,0,2,1,11,0,0,0,1,1,2,0
1212,1,187,ferrones,-9,10,1,69,3,0,0,2,1,11,0,0,0,1,1,2,0
1212,1,188,ferrones,-9,10,1,72,4,0,0,2,1,11,0,0,0,1,1,2,0
1212,1,189,ferrones,-9,10,1,69,4,0,0,2,1,11,0,0,0,1,1,2,0
1212,1,190,ferrones,-9,10,1,72,5,0,0,2,1,11,0,0,0,1,1,2,0
1212,1,191,ferrones,-9,10,1,69,4,0,0,2,0,10,0,0,0,1,1,2,0
1212,1,192,ferrones,-9,10,1,71,4,0,0,2,0,9,0,0,0,1,1,2,0
1212,1,193,ferrones,-9,10,1,67,3,0,0,2,0,9,0,0,0,1,1,2,0
1212,1,194,ferrones,-9,10,1,69,3,0,0,2,0,9,0,0,0,1,1,2,0
1212,1,195,ferrones,-9,10,1,70,2,0,0,2,0,9,0,0,0,1,1,2,0
1212,1,196,ferrones,-9,10,1,66,1,0,0,2,0,9,0,0,0,1,1,2,0
1212,1,197,ferrones,-9,10,1,69,2,0,0,2,1,10,0,0,0,1,1,2,0
1212,1,198,ferrones,-9,10,1,71,2,0,0,2,1,11,0,0,0,1,1,2,0
1212,1,199,ferrones,-9,10,1,68,2,0,0,2,1,11,0,0,0,1,1,2,0
1212,1,200,ferrones,-9,10,1,72,3,0,0,2,1,11,0,0,0,1,1,2,0
1212,1,1,hortelanos,39,116,1,40,71,0,0,0,33,57,0,0,0,0,1,4,0
1212,1,2,hortelanos,39,116,1,47,61,0,0,0,33,44,0,0,0,0,1,5,0
1212,1,3,hortelanos,107,116,1,54,61,0,0,0,33,44,0,0,0,1,1,0,1
1212,1,4,hortelanos,107,116,1,61,61,0,0,0,33,44,0,0,0,1,1,0,1
1212,1,5,hortelanos,172,116,1,68,69,0,0,0,41,52,0,1,0,2,1,0,1
1212,1,6,hortelanos,171,112,1,74,61,0,0,0,41,71,0,0,0,2,1,6,0
1212,1,7,hortelanos,179,112,1,86,72,0,0,0,41,71,0,0,0,2,1,4,0
1212,1,8,hortelanos,178,108,1,75,73,0,0,0,41,71,0,0,0,2,1,4,0
1212,1,9,hortelanos,178,108,1,91,87,0,0,0,41,69,0,0,0,2,1,3,0
1212,1,10,hortelanos,178,108,1,91,91,0,0,0,41,69,0,0,0,2,1,9,0
1212,1,11,hortelanos,186,108,1,95,149,0,0,0,88,116,0,0,0,2,1,4,0
1212,1,12,hortelanos,186,108,1,92,205,0,0,0,88,116,0,0,0,2,1,4,0
1212,1,13,hortelanos,186,108,1,97,253,0,0,0,88,116,0,0,0,2,1,4,0
1212,1,14,hortelanos,186,108,1,114,296,0,0,0,88,116,0,0,0,2,1,4,0
1212,1,15,hortelanos,186,108,1,131,337,0,0,0,88,116,0,0,0,2,1,4,0
1212,1,16,hortelanos,186,108,1,121,378,0,0,0,88,116,0,0,0,2,1,5,0
1212,1,17,hortelanos,186,108,1,142,360,0,1,0,48,76,0,0,0,2,1,14,0
1212,1,18,hortelanos,194,108,1,118,363,0,1,0,48,76,0,0,0,2,1,3,0
1212,1,19,hortelanos,194,108,1,120,364,0,1,0,48,76,0,0,0,2,1,3,0
1212,1,20,hortelanos,194,108,1,109,366,0,1,0,48,76,0,0,0,2,1,3,0
1212,1,21,hortelanos,194,108,1,119,351,0,1,0,48,76,0,0,0,2,1,13,0
1212,1,22,hortelanos,194,108,1,116,353,0,1,0,48,76,0,0,0,2,1,3,0
1212,1,23,hortelanos,202,108,1,116,340,0,1,0,33,61,0,0,0,2,1,3,0
1212,1,24,hortelanos,202,108,1,105,328,0,1,0,33,51,0,0,0,2,1,3,0
1212,1,25,hortelanos,202,108,1,104,307,0,1,0,33,51,0,0,0,2,1,8,0
1212,1,26,hortelanos,202,108,1,102,295,0,1,0,33,51,0,0,0,2,1,3,0
1212,1,27,hortelanos,202,108,1,100,283,0,1,0,33,51,0,0,0,2,1,3,0
1212,1,28,hortelanos,203,112,1,108,272,0,1,0,33,51,0,0,0,2,1,4,0
1212,1,29,hortelanos,202,108,1,87,249,0,1,0,41,60,0,0,0,2,1,9,0
1212,1,30,hortelanos,202,108,1,114,231,0,1,0,41,69,0,0,0,2,1,8,0
1212,1,31,hortelanos,202,108,1,122,230,0,1,0,41,69,0,0,0,2,1,3,0
1212,1,32,hortelanos,210,108,1,131,229,0,1,0,41,69,0,0,0,2,1,3,0
1212,1,33,hortelanos,210,108,1,113,221,0,1,0,41,69,0,0,0,2,1,9,0
1212,1,34,hortelanos,210,108,1,120,220,0,2,0,41,69,0,0,0,2,1,3,0
1212,1,35,hortelanos,210,108,1,108,250,0,2,0,71,99,0,0,0,2,1,3,0
1212,1,36,hortelanos,210,108,1,116,269,0,0,0,71,99,0,0,0,2,1,8,0
1212,1,37,hortelanos,218,108,1,128,295,0,0,0,71,99,0,0,0,2,1,3,0
1212,1,38,hortelanos,218,108,1,112,321,0,0,0,71,99,0,0,0,2,1,4,0
1212,1,39,hortelanos,218,108,1,123,345,0,1,0,71,99,0,0,0,2,1,3,0
1212,1,40,hortelanos,218,108,1,135,359,0,0,0,71,99,0,0,0,2,1,13,0
1212,1,41,hortelanos,218,108,1,86,318,0,0,0,48,76,0,0,0,2,1,4,0
1212,1,42,hortelanos,218,108,1,119,318,0,0,0,48,76,0,0,0,2,1,3,0
1212,1,43,hortelanos,316,165,2,116,316,0,0,0,48,76,0,0,0,3,1,3,0
1212,1,44,hortelanos,316,167,2,150,301,0,0,0,48,86,0,0,0,3,1,4,0
1212,1,45,hortelanos,316,168,2,137,301,0,0,0,58,96,0,1,0,3,1,4,0
1212,1,46,hortelanos,316,168,2,132,312,0,0,0,71,111,0,1,0,3,1,4,0
1212,1,47,hortelanos,316,168,2,136,311,0,0,0,67,107,0,0,0,3,1,9,0
1212,1,48,hortelanos,316,168,2,130,316,0,0,0,67,97,0,1,0,3,1,4,0
1212,1,49,hortelanos,317,171,2,113,323,0,0,0,67,97,0,1,0,3,1,3,0
1212,1,50,hortelanos,317,174,2,105,319,0,0,0,67,97,0,0,0,3,1,8,0
1212,1,51,hortelanos,318,177,2,103,312,0,0,0,67,97,0,1,0,3,1,8,0
1212,1,52,hortelanos,327,180,2,106,318,0,0,0,67,100,0,0,0,3,1,3,0
1212,1,53,hortelanos,327,183,2,80,291,0,0,0,76,111,0,0,0,3,1,4,0
1212,1,54,hortelanos,328,186,2,118,302,0,0,0,76,121,0,0,0,3,1,3,0
1212,1,55,hortelanos,383,274,3,133,313,0,0,0,76,121,0,0,0,4,1,3,0
1212,1,56,hortelanos,384,278,3,127,304,0,0,0,76,139,0,0,0,4,1,6,0
1212,1,57,hortelanos,385,282,3,118,293,0,1,0,76,139,0,1,0,4,1,6,0
1212,1,58,hortelanos,386,287,3,149,293,0,2,0,89,152,0,1,0,4,1,6,0
1212,1,59,hortelanos,385,283,3,154,334,0,2,0,139,206,0,1,0,4,1,6,0
1212,1,60,hortelanos,386,287,3,135,354,0,0,0,157,222,0,1,0,4,1,11,0
1212,1,61,hortelanos,386,288,3,141,420,0,0,0,157,222,0,1,0,4,1,5,0
1212,1,62,hortelanos,411,330,4,150,481,0,1,0,157,227,0,0,0,4,1,5,0
1212,1,63,hortelanos,411,332,4,113,492,0,2,0,157,235,0,0,0,4,1,8,0
1212,1,64,hortelanos,411,334,4,118,540,0,3,0,157,235,0,1,0,4,1,5,0
1212,1,65,hortelanos,427,372,5,123,558,0,3,0,127,205,0,1,0,4,1,4,0
1212,1,66,hortelanos,428,375,5,125,558,0,3,0,121,205,0,1,0,4,1,7,0
1212,1,67,hortelanos,428,378,5,142,561,0,3,0,121,207,0,1,0,4,1,6,0
1212,1,68,hortelanos,429,381,5,144,557,0,3,0,125,211,0,0,0,4,1,9,0
1212,1,69,hortelanos,429,384,5,160,561,0,3,0,125,211,0,1,0,4,1,6,0
1212,1,70,hortelanos,430,388,5,122,572,0,3,0,130,218,0,0,0,4,1,5,0
1212,1,71,hortelanos,439,392,5,140,563,0,3,0,112,200,0,0,0,4,1,6,0
1212,1,72,hortelanos,439,394,5,154,552,0,3,0,112,192,0,1,0,4,1,4,0
1212,1,73,hortelanos,440,396,5,168,545,0,3,0,112,192,0,0,0,4,1,4,0
1212,1,74,hortelanos,440,398,5,129,525,0,3,0,112,192,0,0,0,4,1,12,0
1212,1,75,hortelanos,441,403,5,132,515,0,3,0,112,194,0,1,0,4,1,5,0
1212,1,76,hortelanos,450,408,5,145,504,0,3,0,112,194,0,0,0,4,1,5,0
1212,1,77,hortelanos,451,413,5,161,501,0,3,0,121,203,0,1,0,4,1,4,0
1212,1,78,hortelanos,452,418,5,137,500,0,3,0,121,217,0,0,0,4,1,5,0
1212,1,79,hortelanos,453,423,5,152,496,0,3,0,121,219,0,1,0,4,1,6,0
1212,1,80,hortelanos,454,429,5,179,490,0,3,0,121,221,0,1,0,4,1,5,0
1212,1,81,hortelanos,456,435,5,209,484,0,3,0,121,225,0,0,0,4,1,5,0
1212,1,82,hortelanos,457,442,5,191,479,0,3,0,121,227,0,0,0,4,1,5,0
1212,1,83,hortelanos,458,449,5,223,505,0,3,0,157,263,0,1,0,4,1,5,0
1212,1,84,hortelanos,461,460,5,267,529,0,3,0,157,265,0,0,0,4,1,5,0
1212,1,85,hortelanos,461,463,5,283,540,0,3,0,157,267,0,0,0,4,1,5,0
1212,1,86,hortelanos,463,470,5,269,549,0,1,0,157,267,0,0,0,4,1,9,0
1212,1,87,hortelanos,464,478,5,294,565,0,1,0,157,271,0,0,0,4,1,5,0
1212,1,88,hortelanos,474,486,5,320,575,0,2,0,157,271,0,0,0,4,1,5,0
1212,1,89,hortelanos,475,491,5,361,559,0,3,0,130,244,0,0,0,4,1,4,0
1212,1,90,hortelanos,476,495,5,405,546,0,3,0,130,248,0,0,0,4,1,4,0
1212,1,91,hortelanos,476,498,5,449,532,0,3,0,130,248,0,0,0,4,1,4,0
1212,1,92,hortelanos,476,498,5,495,518,0,3,0,130,250,0,0,0,4,1,4,0
1212,1,93,hortelanos,476,498,5,541,505,0,3,0,130,250,0,0,0,4,1,4,0
1212,1,94,hortelanos,476,498,5,587,480,0,3,0,130,250,0,0,0,4,1,9,0
1212,1,95,hortelanos,476,498,5,633,451,0,3,0,112,232,0,0,0,4,1,4,0
1212,1,96,hortelanos,484,498,5,619,423,0,3,0,112,222,0,0,0,4,1,5,0
1212,1,97,hortelanos,484,498,5,625,358,0,3,0,112,222,0,0,0,4,1,5,0
1212,1,98,hortelanos,484,498,5,661,334,0,3,0,112,222,0,0,0,4,1,5,0
1212,1,99,hortelanos,505,563,6,697,311,0,3,0,112,222,0,0,0,4,1,4,0
1212,1,100,hortelanos,505,563,6,689,235,0,3,0,112,234,0,0,0,4,1,6,0
1212,1,101,hortelanos,505,563,6,530,207,0,3,0,121,243,0,0,0,4,1,6,0
1212,1,102,hortelanos,532,657,7,585,179,0,3,0,121,253,0,2,0,4,1,6,0
1212,1,103,hortelanos,532,657,7,630,156,0,3,0,148,298,0,0,0,4,1,5,0
1212,1,104,hortelanos,532,657,7,643,96,0,1,0,148,298,0,1,0,4,1,6,0
1212,1,105,hortelanos,532,657,7,603,84,0,1,0,155,305,0,1,0,4,1,6,0
1212,1,106,hortelanos,550,707,8,581,77,0,2,0,160,310,0,1,0,4,1,6,0
1212,1,107,hortelanos,550,709,8,602,109,0,3,0,210,370,0,0,0,4,1,5,0
1212,1,108,hortelanos,551,711,8,615,143,0,0,0,210,370,0,1,0,4,1,5,0
1212,1,109,hortelanos,551,713,8,613,174,0,0,0,213,373,0,2,0,4,1,5,0
1212,1,110,hortelanos,552,715,8,576,216,0,2,0,232,392,0,1,0,4,1,6,0
1212,1,111,hortelanos,552,717,8,624,264,0,4,0,241,401,0,1,0,4,1,5,0
1212,1,112,hortelanos,552,717,8,679,320,0,4,0,251,413,0,1,0,4,1,5,0
1212,1,113,hortelanos,552,717,8,728,336,0,4,0,211,373,0,1,0,4,1,5,0
1212,1,114,hortelanos,552,717,8,763,327,0,4,0,226,388,0,1,0,4,1,5,0
1212,1,115,hortelanos,552,717,8,772,373,0,4,0,241,403,0,0,0,4,1,5,0
1212,1,116,hortelanos,574,787,9,825,417,0,4,0,241,403,0,0,0,4,1,5,0
1212,1,117,hortelanos,573,783,9,851,432,0,4,0,241,417,0,0,0,4,1,6,0
1212,1,118,hortelanos,573,783,9,840,442,0,4,0,241,417,0,1,0,4,1,11,0
1212,1,119,hortelanos,573,783,9,901,424,0,4,0,202,378,0,0,0,4,1,6,0
1212,1,120,hortelanos,573,783,9,951,410,0,4,0,202,368,0,1,0,4,1,4,0
1212,1,121,hortelanos,581,783,9,1002,406,0,4,0,209,375,0,0,0,4,1,4,0
1212,1,122,hortelanos,581,783,9,1002,402,0,4,0,209,375,0,0,0,4,1,4,0
1212,1,123,hortelanos,581,783,9,1053,398,0,4,0,209,375,0,0,0,4,1,5,0
1212,1,124,hortelanos,581,783,9,1104,394,0,4,0,209,375,0,0,0,4,1,4,0
1212,1,125,hortelanos,581,783,9,1157,412,0,4,0,232,398,0,0,0,4,1,4,0
1212,1,126,hortelanos,581,783,9,1163,421,0,4,0,232,408,0,0,0,4,1,9,0
1212,1,127,hortelanos,581,783,9,1220,438,0,4,0,232,408,0,0,0,4,1,5,0
1212,1,128,hortelanos,589,783,9,1276,455,0,4,0,232,408,0,0,0,4,1,4,0
1212,1,129,hortelanos,589,783,9,1333,471,0,4,0,232,408,0,0,0,4,1,4,0
1212,1,130,hortelanos,589,783,9,1344,486,0,4,0,232,408,0,0,0,4,1,4,0
1212,1,131,hortelanos,589,783,9,1411,626,0,2,0,371,547,0,0,0,4,1,10,0
1212,1,132,hortelanos,597,783,9,1471,702,0,2,0,302,478,0,0,0,4,1,4,0
1212,1,133,hortelanos,597,783,9,1521,775,0,2,0,302,478,0,0,0,4,1,5,0
1212,1,134,hortelanos,597,783,9,1520,843,0,2,0,302,478,0,1,0,4,1,5,0
1212,1,135,hortelanos,597,783,9,1586,917,0,0,0,318,494,0,1,0,4,1,10,0
1212,1,136,hortelanos,765,783,9,1624,1011,0,0,0,334,510,0,1,1,5,1,5,0
1212,1,137,hortelanos,765,783,9,1682,1032,0,2,0,258,434,0,0,0,5,1,4,0
1212,1,138,hortelanos,765,783,9,1697,1097,0,2,0,305,481,0,0,0,5,1,4,0
1212,1,139,hortelanos,765,783,9,1762,1150,0,2,0,305,481,0,0,0,5,1,10,0
1212,1,140,hortelanos,773,783,9,1817,1210,0,2,0,305,481,0,0,0,5,1,4,0
1212,1,141,hortelanos,773,783,9,1863,1266,0,2,0,305,481,0,1,0,5,1,3,0
1212,1,142,hortelanos,773,783,9,1865,1306,0,2,0,305,481,0,0,0,5,1,8,0
1212,1,143,hortelanos,773,783,9,1905,1286,0,2,0,278,454,0,0,0,5,1,4,0
1212,1,144,hortelanos,773,783,9,1943,1310,0,2,0,278,444,0,0,0,5,1,4,0
1212,1,145,hortelanos,795,853,10,1981,1333,0,2,0,278,444,0,0,0,5,1,3,0
1212,1,146,hortelanos,795,853,10,2024,1281,0,2,0,278,458,0,1,0,5,1,10,0
1212,1,147,hortelanos,795,853,10,2013,1293,0,2,0,285,465,0,0,0,5,1,6,0
1212,1,148,hortelanos,821,900,11,2070,1305,0,2,0,285,465,0,1,0,5,1,6,0
1212,1,149,hortelanos,821,902,11,2093,1322,0,2,0,301,489,0,2,0,5,1,5,0
1212,1,150,hortelanos,821,904,11,2086,1351,0,2,0,314,512,0,2,0,5,1,7,0
1212,1,151,hortelanos,822,906,11,2149,1384,0,2,0,318,518,0,1,0,5,1,7,0
1212,1,152,hortelanos,822,908,11,2190,1459,0,1,0,385,585,0,0,0,5,1,13,0
1212,1,153,hortelanos,823,913,11,2237,1542,0,1,0,385,585,0,1,0,5,1,5,0
1212,1,154,hortelanos,832,918,11,2237,1623,0,2,0,385,585,0,0,0,5,1,4,0
1212,1,155,hortelanos,833,922,11,2252,1681,0,3,0,402,602,0,1,0,5,1,4,0
1212,1,156,hortelanos,834,925,11,2304,1776,0,3,0,402,604,0,0,0,5,1,4,0
1212,1,157,hortelanos,854,989,12,2407,1861,0,3,0,402,606,0,0,0,5,1,3,0
1212,1,158,hortelanos,855,993,12,2435,1931,0,3,0,402,618,0,1,0,5,1,4,0
1212,1,159,hortelanos,856,997,12,2422,1997,0,3,0,402,620,0,1,0,5,1,5,0
1212,1,160,hortelanos,858,1009,12,2547,2063,0,3,0,408,626,0,1,0,5,1,7,0
1212,1,161,hortelanos,858,1009,12,2576,2110,0,3,0,402,620,0,1,0,5,1,4,0
1212,1,162,hortelanos,858,1009,12,2611,2142,0,3,0,402,622,0,0,0,5,1,11,0
1212,1,163,hortelanos,860,1016,12,2602,2180,0,3,0,402,620,0,1,0,5,1,9,0
1212,1,164,hortelanos,869,1023,12,2655,2230,0,3,0,402,622,0,1,0,5,1,4,0
1212,1,165,hortelanos,871,1030,12,2707,2279,0,3,0,402,626,0,0,0,5,1,4,0
1212,1,166,hortelanos,872,1038,12,2715,2284,0,3,0,402,618,0,1,0,5,1,5,0
1212,1,167,hortelanos,873,1044,12,2723,2317,0,3,0,393,611,0,0,0,5,1,3,0
1212,1,168,hortelanos,893,1102,13,2781,2321,0,3,0,393,602,0,1,0,5,1,14,0
1212,1,169,hortelanos,895,1110,13,2806,2339,0,3,0,393,615,0,0,0,5,1,4,0
1212,1,170,hortelanos,904,1119,13,2784,2348,0,3,0,393,618,0,0,0,5,1,5,0
1212,1,171,hortelanos,906,1128,13,2829,2358,0,3,0,394,619,0,1,0,5,1,5,0
1212,1,172,hortelanos,907,1134,13,2864,2367,0,3,0,400,625,0,1,0,5,1,8,0
1212,1,173,hortelanos,908,1138,13,2913,2389,0,3,0,411,641,0,0,0,5,1,4,0
1212,1,174,hortelanos,910,1145,13,2919,2398,0,3,0,411,650,0,2,0,5,1,10,0
1212,1,175,hortelanos,910,1149,13,2981,2420,0,3,0,411,656,0,0,0,5,1,4,0
1212,1,176,hortelanos,919,1152,13,3044,2438,0,3,0,411,658,0,1,0,5,1,3,0
1212,1,177,hortelanos,920,1155,13,3108,2456,0,3,0,411,658,0,0,0,5,1,3,0
1212,1,178,hortelanos,920,1158,13,3132,2460,0,2,0,411,660,0,0,0,5,1,8,0
1212,1,179,hortelanos,921,1161,13,3205,2493,0,2,0,428,677,0,0,0,5,1,4,0
1212,1,180,hortelanos,921,1164,13,3277,2523,0,2,0,428,677,0,0,0,5,1,3,0
1212,1,181,hortelanos,922,1167,13,3350,2551,0,2,0,428,679,0,0,0,5,1,3,0
1212,1,182,hortelanos,923,1170,13,3371,2578,0,2,0,428,679,0,0,0,5,1,3,0
1212,1,183,hortelanos,924,1177,13,3452,2608,0,2,0,428,679,0,0,0,5,1,5,0
1212,1,184,hortelanos,924,1176,13,3504,2614,0,1,0,428,681,0,0,0,5,1,9,0
1212,1,185,hortelanos,924,1179,13,3574,2608,0,1,0,415,668,0,0,0,5,1,9,0
1212,1,186,hortelanos,925,1183,13,3586,2617,0,1,0,415,656,0,0,0,5,1,3,0
1212,1,187,hortelanos,934,1187,13,3648,2625,0,1,0,415,657,0,0,0,5,1,4,0
1212,1,188,hortelanos,935,1191,13,3710,2622,0,1,0,415,657,0,0,0,5,1,8,0
1212,1,189,hortelanos,936,1195,13,3624,2628,0,1,0,415,657,0,0,0,5,1,4,0
1212,1,190,hortelanos,936,1199,13,3636,2631,0,1,0,415,657,0,0,0,5,1,4,0
1212,1,191,hortelanos,937,1203,13,3704,2612,0,1,0,407,649,0,0,0,5,1,9,0
1212,1,192,hortelanos,937,1203,13,3759,2592,0,1,0,407,641,0,0,0,5,1,8,0
1212,1,193,hortelanos,946,1207,13,3814,2585,0,1,0,407,641,0,1,0,5,1,3,0
1212,1,194,hortelanos,947,1211,13,3829,2578,0,1,0,407,641,0,0,0,5,1,4,0
1212,1,195,hortelanos,948,1215,13,3909,2528,0,1,0,407,649,0,0,0,5,1,4,0
1212,1,196,hortelanos,948,1219,13,3968,2510,0,1,0,407,651,0,0,0,5,1,9,0
1212,1,197,hortelanos,970,1285,14,4031,2498,0,1,0,412,656,0,0,0,5,1,9,0
1212,1,198,hortelanos,971,1291,14,4051,2437,0,2,0,412,678,0,0,0,5,1,6,0
1212,1,199,hortelanos,971,1293,14,4047,2420,0,3,0,412,678,0,1,0,5,1,5,0
1212,1,200,hortelanos,991,1350,15,4105,2408,0,3,0,426,694,0,1,0,5,1,10,0
1212,1,1,mercaderes,39,116,1,468,51,0,0,0,13,45,0,0,0,0,1,3,0
1212,1,2,mercaderes,39,116,1,426,34,0,0,0,13,32,0,0,0,0,1,4,0
1212,1,3,mercaderes,39,116,1,402,25,0,0,0,13,32,0,0,0,0,1,3,0
1212,1,4,mercaderes,39,116,1,378,16,0,0,0,13,32,0,0,0,0,1,3,0
1212,1,5,mercaderes,39,116,1,314,12,0,0,0,18,37,0,0,0,0,1,4,0
1212,1,6,mercaderes,39,116,1,268,5,0,2,0,18,48,0,0,0,0,1,4,0
1212,1,7,mercaderes,38,116,1,260,4,0,4,0,18,48,1,0,0,0,1,3,0
1212,1,8,mercaderes,37,116,1,245,7,0,4,0,18,48,1,0,0,0,1,3,0
1212,1,9,mercaderes,35,113,1,233,7,0,4,0,18,48,1,0,0,0,1,3,0
1212,1,10,mercaderes,34,110,1,221,7,0,4,0,18,48,1,0,0,0,1,3,0
1212,1,11,mercaderes,34,110,1,208,23,0,3,0,36,66,0,0,0,0,1,3,0
1212,1,12,mercaderes,34,110,1,195,39,0,2,0,36,66,0,0,0,0,1,3,0
1212,1,13,mercaderes,34,110,1,180,55,0,1,0,36,66,0,0,0,0,1,3,0
1212,1,14,mercaderes,34,110,1,151,69,0,1,0,36,66,0,0,0,0,1,4,0
1212,1,15,mercaderes,33,106,1,105,70,0,2,0,36,66,0,0,0,0,1,5,0
1212,1,16,mercaderes,32,102,1,89,59,0,0,0,36,64,0,0,0,0,1,9,0
1212,1,17,mercaderes,32,102,1,96,57,0,0,0,18,46,0,0,0,0,1,2,0
1212,1,18,mercaderes,50,102,1,100,55,0,0,0,18,46,0,0,0,1,1,2,0
1212,1,19,mercaderes,50,102,1,95,54,0,0,0,18,46,0,0,0,1,1,4,0
1212,1,20,mercaderes,50,102,1,99,51,0,0,0,18,46,0,1,0,1,1,3,0
1212,1,21,mercaderes,50,102,1,93,50,0,0,0,18,46,0,0,0,1,1,3,0
1212,1,22,mercaderes,50,102,1,98,49,0,0,0,18,46,0,0,0,1,1,2,0
1212,1,23,mercaderes,50,102,1,104,43,0,0,0,13,41,0,0,0,1,1,2,0
1212,1,24,mercaderes,50,102,1,90,37,0,0,0,13,31,0,0,0,1,1,3,0
1212,1,25,mercaderes,50,102,1,86,31,0,0,0,13,31,0,0,0,1,1,2,0
1212,1,26,mercaderes,50,102,1,84,26,0,0,0,13,31,0,0,0,1,1,2,0
1212,1,27,mercaderes,50,102,1,84,20,0,0,0,13,31,0,0,0,1,1,2,0
1212,1,28,mercaderes,50,102,1,83,13,0,0,0,13,31,0,0,0,1,1,2,0
1212,1,29,mercaderes,50,102,1,86,11,0,0,0,18,36,0,0,0,1,1,2,0
1212,1,30,mercaderes,50,102,1,98,8,0,0,0,18,46,0,0,0,1,1,2,0
1212,1,31,mercaderes,50,102,1,92,5,0,0,0,18,46,0,0,0,1,1,3,0
1212,1,32,mercaderes,49,102,1,101,4,0,0,0,18,46,1,0,0,1,1,3,0
1212,1,33,mercaderes,48,102,1,98,4,0,0,0,18,46,1,0,0,1,1,3,0
1212,1,34,mercaderes,46,99,1,98,4,0,0,0,18,46,1,0,0,1,1,3,0
1212,1,35,mercaderes,46,99,1,96,20,0,0,0,36,62,0,0,0,1,1,3,0
1212,1,36,mercaderes,46,99,1,94,35,0,0,0,36,62,0,0,0,1,1,3,0
1212,1,37,mercaderes,46,99,1,100,50,0,0,0,36,62,0,0,0,1,1,3,0
1212,1,38,mercaderes,46,99,1,95,64,0,0,0,36,62,0,0,0,1,1,3,0
1212,1,39,mercaderes,46,95,1,72,68,0,0,0,36,62,0,0,0,1,1,4,0
1212,1,40,mercaderes,60,91,1,75,73,0,0,0,36,62,0,0,0,2,1,3,0
1212,1,41,mercaderes,60,91,1,87,61,0,0,0,22,48,0,0,0,2,1,7,0
1212,1,42,mercaderes,60,91,1,88,62,0,0,0,22,48,0,0,0,2,1,2,0
1212,1,43,mercaderes,68,91,1,92,66,0,0,0,22,48,0,0,0,2,1,2,0
1212,1,44,mercaderes,68,91,1,91,70,0,0,0,22,48,0,0,0,2,1,3,0
1212,1,45,mercaderes,68,91,1,95,73,0,0,0,22,48,0,1,0,2,1,3,0
1212,1,46,mercaderes,68,91,1,98,78,0,0,0,22,48,0,0,0,2,1,2,0
1212,1,47,mercaderes,68,91,1,91,61,0,0,0,13,39,0,0,0,2,1,8,0
1212,1,48,mercaderes,68,91,1,86,57,0,0,0,13,30,0,0,0,2,1,2,0
1212,1,49,mercaderes,76,91,1,82,54,0,0,0,13,30,0,0,0,2,1,2,0
1212,1,50,mercaderes,76,91,1,81,50,0,0,0,13,30,0,0,0,2,1,2,0
1212,1,51,mercaderes,76,91,1,79,45,0,0,0,13,30,0,0,0,2,1,2,0
1212,1,52,mercaderes,76,91,1,79,40,0,0,0,13,30,0,0,0,2,1,2,0
1212,1,53,mercaderes,76,91,1,81,39,0,0,0,18,35,0,0,0,2,1,2,0
1212,1,54,mercaderes,76,91,1,92,38,0,0,0,18,44,0,0,0,2,1,2,0
1212,1,55,mercaderes,76,91,1,94,37,0,0,0,18,44,0,0,0,2,1,3,0
1212,1,56,mercaderes,76,91,1,98,36,0,0,0,18,44,0,0,0,2,1,3,0
1212,1,57,mercaderes,76,91,1,92,35,0,0,0,18,44,0,0,0,2,1,3,0
1212,1,58,mercaderes,76,91,1,98,34,0,0,0,18,44,0,0,0,2,1,3,0
1212,1,59,mercaderes,76,91,1,92,51,0,0,0,36,62,0,0,0,2,1,3,0
1212,1,60,mercaderes,76,91,1,99,67,0,0,0,36,62,0,0,0,2,1,3,0
1212,1,61,mercaderes,76,91,1,93,82,0,0,0,36,62,0,0,0,2,1,3,0
1212,1,62,mercaderes,76,91,1,99,97,0,0,0,36,62,0,0,0,2,1,3,0
1212,1,63,mercaderes,76,91,1,93,111,0,0,0,36,62,0,0,0,2,1,3,0
1212,1,64,mercaderes,76,91,1,99,124,0,0,0,36,62,0,0,0,2,1,3,0
1212,1,65,mercaderes,76,91,1,91,112,0,0,0,22,48,0,0,0,2,1,8,0
1212,1,66,mercaderes,76,91,1,96,115,0,0,0,22,48,0,0,0,2,1,2,0
1212,1,67,mercaderes,84,91,1,98,118,0,0,0,22,48,0,0,0,2,1,2,0
1212,1,68,mercaderes,84,91,1,91,121,0,0,0,22,48,0,0,0,2,1,3,0
1212,1,69,mercaderes,84,91,1,94,124,0,0,0,22,48,0,0,0,2,1,2,0
1212,1,70,mercaderes,84,91,1,95,127,0,0,0,22,48,0,0,0,2,1,2,0
1212,1,71,mercaderes,84,91,1,96,108,0,0,0,13,39,0,0,0,2,1,7,0
1212,1,72,mercaderes,84,91,1,91,103,0,0,0,13,30,0,0,0,2,1,2,0
1212,1,73,mercaderes,92,91,1,85,98,0,0,0,13,30,0,0,0,2,1,2,0
1212,1,74,mercaderes,92,91,1,82,93,0,0,0,13,30,0,0,0,2,1,2,0
1212,1,75,mercaderes,92,91,1,82,87,0,0,0,13,30,0,0,0,2,1,2,0
1212,1,76,mercaderes,92,91,1,80,80,0,0,0,13,30,0,0,0,2,1,2,0
1212,1,77,mercaderes,92,91,1,82,69,0,0,0,18,35,0,0,0,2,1,7,0
1212,1,78,mercaderes,92,91,1,92,67,0,0,0,18,44,0,0,0,2,1,2,0
1212,1,79,mercaderes,100,91,1,93,65,0,0,0,18,44,0,0,0,2,1,3,0
1212,1,80,mercaderes,100,91,1,96,63,0,0,0,18,44,0,0,0,2,1,3,0
1212,1,81,mercaderes,100,91,1,90,61,0,0,0,18,44,0,0,0,2,1,3,0
1212,1,82,mercaderes,100,91,1,97,59,0,0,0,18,44,0,0,0,2,1,3,0
1212,1,83,mercaderes,100,91,1,92,75,0,0,0,36,62,0,0,0,2,1,3,0
1212,1,84,mercaderes,100,91,1,99,90,0,0,0,36,62,0,0,0,2,1,3,0
1212,1,85,mercaderes,100,91,1,94,104,0,0,0,36,62,0,0,0,2,1,3,0
1212,1,86,mercaderes,100,91,1,101,118,0,0,0,36,62,0,0,0,2,1,3,0
1212,1,87,mercaderes,100,91,1,95,131,0,0,0,36,62,0,0,0,2,1,3,0
1212,1,88,mercaderes,100,91,1,92,144,0,0,0,36,62,0,0,0,2,1,3,0
1212,1,89,mercaderes,100,91,1,97,131,0,0,0,22,48,0,0,0,2,1,7,0
1212,1,90,mercaderes,100,91,1,98,126,0,0,0,22,48,0,0,0,2,1,2,0
1212,1,91,mercaderes,108,91,1,90,128,0,0,0,22,48,0,0,0,2,1,3,0
1212,1,92,mercaderes,108,91,1,93,130,0,0,0,22,48,0,0,0,2,1,2,0
1212,1,93,mercaderes,108,91,1,97,132,0,0,0,22,48,0,0,0,2,1,2,0
1212,1,94,mercaderes,108,91,1,95,134,0,0,0,22,48,0,0,0,2,1,3,0
1212,1,95,mercaderes,108,91,1,92,126,0,0,0,13,39,0,0,0,2,1,3,0
1212,1,96,mercaderes,108,91,1,87,117,0,0,0,13,30,0,0,0,2,1,2,0
1212,1,97,mercaderes,108,91,1,84,111,0,0,0,13,30,0,0,0,2,1,2,0
1212,1,98,mercaderes,108,91,1,83,104,0,0,0,13,30,0,0,0,2,1,2,0
1212,1,99,mercaderes,108,91,1,81,97,0,0,0,13,30,0,0,0,2,1,2,0
1212,1,100,mercaderes,109,95,1,89,91,0,0,0,13,30,0,0,0,2,1,3,0
1212,1,101,mercaderes,108,91,1,62,78,0,0,0,18,35,0,0,0,2,1,4,0
1212,1,102,mercaderes,108,91,1,92,63,0,0,0,18,44,0,0,0,2,1,6,0
1212,1,103,mercaderes,108,91,1,88,57,0,0,0,18,44,0,0,0,2,1,3,0
1212,1,104,mercaderes,116,91,1,92,55,0,0,0,18,44,0,0,0,2,1,3,0
1212,1,105,mercaderes,116,91,1,96,53,0,0,0,18,44,0,0,0,2,1,3,0
1212,1,106,mercaderes,116,91,1,91,52,0,0,0,18,44,0,0,0,2,1,3,0
1212,1,107,mercaderes,116,91,1,97,68,0,0,0,36,62,0,0,0,2,1,3,0
1212,1,108,mercaderes,116,91,1,91,83,0,0,0,36,62,0,0,0,2,1,3,0
1212,1,109,mercaderes,116,91,1,97,98,0,0,0,36,62,0,0,0,2,1,3,0
1212,1,110,mercaderes,116,91,1,91,112,0,0,0,36,62,0,0,0,2,1,3,0
1212,1,111,mercaderes,116,91,1,97,125,0,0,0,36,62,0,0,0,2,1,3,0
1212,1,112,mercaderes,116,91,1,91,138,0,0,0,36,62,0,0,0,2,1,3,0
1212,1,113,mercaderes,117,95,1,106,138,0,0,0,22,48,0,0,0,2,1,3,0
1212,1,114,mercaderes,116,91,1,73,122,0,0,0,22,48,0,0,0,2,1,4,0
1212,1,115,mercaderes,116,91,1,94,111,0,0,0,22,48,0,0,0,2,1,7,0
1212,1,116,mercaderes,116,91,1,92,110,0,0,0,22,48,0,0,0,2,1,2,0
1212,1,117,mercaderes,124,91,1,95,113,0,0,0,22,48,0,0,0,2,1,2,0
1212,1,118,mercaderes,124,91,1,97,116,0,0,0,22,48,0,0,0,2,1,2,0
1212,1,119,mercaderes,124,91,1,99,110,0,0,0,13,39,0,0,0,2,1,2,0
1212,1,120,mercaderes,124,91,1,82,104,0,0,0,13,30,0,0,0,2,1,3,0
1212,1,121,mercaderes,124,91,1,84,98,0,0,0,12,29,0,0,0,2,1,2,0
1212,1,122,mercaderes,124,91,1,82,90,0,0,0,12,29,0,0,0,2,1,2,0
1212,1,123,mercaderes,124,91,1,79,82,0,0,0,12,29,0,0,0,2,1,2,0
1212,1,124,mercaderes,124,91,1,83,75,0,0,0,12,29,0,0,0,2,1,2,0
1212,1,125,mercaderes,124,91,1,85,73,0,0,0,18,35,0,0,0,2,1,2,0
1212,1,126,mercaderes,125,95,1,106,72,0,0,0,18,44,0,0,0,2,1,3,0
1212,1,127,mercaderes,124,91,1,70,59,0,0,0,18,44,0,0,0,2,1,4,0
1212,1,128,mercaderes,124,91,1,96,44,0,0,0,18,44,0,0,0,2,1,7,0
1212,1,129,mercaderes,124,91,1,85,41,0,0,0,18,44,0,0,0,2,1,3,0
1212,1,130,mercaderes,132,91,1,100,40,0,0,0,18,44,0,0,0,2,1,2,0
1212,1,131,mercaderes,132,91,1,92,56,0,0,0,36,62,0,0,0,2,1,3,0
1212,1,132,mercaderes,132,91,1,99,72,0,0,0,36,62,0,0,0,2,1,3,0
1212,1,133,mercaderes,132,91,1,93,87,0,0,0,36,62,0,0,0,2,1,3,0
1212,1,134,mercaderes,132,91,1,99,101,0,0,0,36,62,0,0,0,2,1,3,0
1212,1,135,mercaderes,132,91,1,93,115,0,0,0,36,62,0,0,0,2,1,3,0
1212,1,136,mercaderes,132,91,1,99,128,0,0,0,36,62,0,0,0,2,1,3,0
1212,1,137,mercaderes,132,91,1,91,127,0,0,0,22,48,0,0,0,2,1,3,0
1212,1,138,mercaderes,132,91,1,96,129,0,0,0,22,48,0,0,0,2,1,2,0
1212,1,139,mercaderes,133,95,1,108,131,0,0,0,22,48,0,0,0,2,1,3,0
1212,1,140,mercaderes,132,91,1,72,123,0,0,0,22,48,0,0,0,2,1,4,0
1212,1,141,mercaderes,132,91,1,98,115,0,0,0,22,48,0,0,0,2,1,7,0
1212,1,142,mercaderes,132,91,1,85,113,0,0,0,22,48,0,0,0,2,1,3,0
1212,1,143,mercaderes,132,91,1,92,106,0,0,0,12,38,0,0,0,2,1,2,0
1212,1,144,mercaderes,132,91,1,83,99,0,0,0,12,29,0,0,0,2,1,2,0
1212,1,145,mercaderes,140,91,1,86,94,0,0,0,13,30,0,0,0,2,1,2,0
1212,1,146,mercaderes,140,91,1,81,87,0,0,0,13,30,0,0,0,2,1,2,0
1212,1,147,mercaderes,140,91,1,81,81,0,0,0,13,30,0,0,0,2,1,2,0
1212,1,148,mercaderes,140,91,1,80,75,0,0,0,13,30,0,0,0,2,1,2,0
1212,1,149,mercaderes,140,91,1,83,74,0,0,0,18,35,0,0,0,2,1,2,0
1212,1,150,mercaderes,140,91,1,93,72,0,0,0,18,44,0,0,0,2,1,2,0
1212,1,151,mercaderes,140,91,1,94,70,0,0,0,18,44,0,0,0,2,1,4,0
1212,1,152,mercaderes,140,91,1,104,68,0,0,0,18,51,0,0,0,2,1,3,0
1212,1,153,mercaderes,141,95,1,106,67,0,0,0,18,51,0,0,0,2,1,4,0
1212,1,154,mercaderes,140,91,1,84,54,0,0,0,18,51,0,0,0,2,1,4,0
1212,1,155,mercaderes,140,91,1,109,70,0,0,0,36,69,0,0,0,2,1,2,0
1212,1,156,mercaderes,140,91,1,100,85,0,0,0,36,69,0,0,0,2,1,3,0
1212,1,157,mercaderes,140,91,1,108,100,0,0,0,36,69,0,0,0,2,1,3,0
1212,1,158,mercaderes,140,91,1,104,114,0,0,0,36,69,0,0,0,2,1,3,0
1212,1,159,mercaderes,140,91,1,103,127,0,0,0,36,69,0,0,0,2,1,3,0
1212,1,160,mercaderes,140,91,1,111,140,0,0,0,36,69,0,0,0,2,1,3,0
1212,1,161,mercaderes,140,91,1,105,126,0,0,0,22,55,0,0,0,2,1,7,0
1212,1,162,mercaderes,140,91,1,109,121,0,0,0,22,55,0,0,0,2,1,3,0
1212,1,163,mercaderes,148,91,1,102,124,0,0,0,22,55,0,0,0,2,1,3,0
1212,1,164,mercaderes,148,91,1,106,127,0,0,0,22,55,0,0,0,2,1,3,0
1212,1,165,mercaderes,148,91,1,107,129,0,0,0,22,55,0,0,0,2,1,3,0
1212,1,166,mercaderes,148,91,1,102,131,0,0,0,22,55,0,0,0,2,1,3,0
1212,1,167,mercaderes,148,91,1,108,125,0,0,0,13,46,0,0,0,2,1,3,0
1212,1,168,mercaderes,148,91,1,89,119,0,0,0,13,34,0,0,0,2,1,3,0
1212,1,169,mercaderes,148,91,1,91,113,0,0,0,13,34,0,0,0,2,1,2,0
1212,1,170,mercaderes,148,91,1,87,107,0,0,0,13,34,0,0,0,2,1,2,0
1212,1,171,mercaderes,148,91,1,87,102,0,0,0,13,34,0,0,0,2,1,2,0
1212,1,172,mercaderes,149,95,1,96,97,0,0,0,13,34,0,0,0,2,1,3,0
1212,1,173,mercaderes,148,91,1,67,85,0,0,0,18,39,0,0,0,2,1,4,0
1212,1,174,mercaderes,148,91,1,102,69,0,0,0,18,51,0,0,0,2,1,7,0
1212,1,175,mercaderes,148,91,1,98,64,0,0,0,18,51,0,0,0,2,1,3,0
1212,1,176,mercaderes,156,91,1,103,62,0,0,0,18,51,0,0,0,2,1,3,0
1212,1,177,mercaderes,156,91,1,108,60,0,0,0,18,51,0,0,0,2,1,3,0
1212,1,178,mercaderes,156,91,1,103,58,0,0,0,18,51,0,0,0,2,1,3,0
1212,1,179,mercaderes,156,91,1,110,74,0,0,0,36,69,0,0,0,2,1,3,0
1212,1,180,mercaderes,156,91,1,105,89,0,0,0,36,69,0,0,0,2,1,3,0
1212,1,181,mercaderes,156,91,1,103,103,0,0,0,36,69,0,0,0,2,1,3,0
1212,1,182,mercaderes,156,91,1,110,117,0,0,0,36,69,0,0,0,2,1,3,0
1212,1,183,mercaderes,156,91,1,105,130,0,0,0,36,69,0,0,0,2,1,3,0
1212,1,184,mercaderes,156,91,1,103,151,0,0,0,45,78,0,0,0,2,1,3,0
1212,1,185,mercaderes,157,95,1,118,156,0,0,0,28,61,0,0,0,2,1,3,0
1212,1,186,mercaderes,156,91,1,83,145,0,0,0,28,61,0,0,0,2,1,3,0
1212,1,187,mercaderes,156,91,1,109,132,0,0,0,28,61,0,0,0,2,1,7,0
1212,1,188,mercaderes,156,91,1,100,133,0,0,0,28,61,0,0,0,2,1,3,0
1212,1,189,mercaderes,164,91,1,104,140,0,0,0,28,61,0,0,0,2,1,3,0
1212,1,190,mercaderes,164,91,1,109,140,0,0,0,22,55,0,0,0,2,1,2,0
1212,1,191,mercaderes,164,91,1,103,126,0,0,0,13,46,0,0,0,2,1,2,0
1212,1,192,mercaderes,164,91,1,94,113,0,0,0,13,34,0,0,0,2,1,3,0
1212,1,193,mercaderes,164,91,1,93,104,0,0,0,10,31,0,0,0,2,1,2,0
1212,1,194,mercaderes,164,91,1,90,96,0,0,0,10,31,0,0,0,2,1,2,0
1212,1,195,mercaderes,164,91,1,86,88,0,0,0,10,31,0,0,0,2,1,2,0
1212,1,196,mercaderes,164,91,1,86,80,0,0,0,10,31,0,0,0,2,1,2,0
1212,1,197,mercaderes,164,91,1,86,79,0,0,0,18,39,0,0,0,2,1,3,0
1212,1,198,mercaderes,165,95,1,107,77,0,0,0,18,51,0,0,0,2,1,4,0
1212,1,199,mercaderes,164,91,1,80,64,0,0,0,18,51,0,0,0,2,1,4,0
1212,1,200,mercaderes,164,91,1,106,49,0,0,0,18,51,0,0,0,2,1,7,0
1212,1,1,mesta,22,30,1,42,75,0,0,0,5,11,0,0,0,0,1,3,0
1212,1,2,mesta,22,30,1,41,69,0,0,0,5,8,0,0,0,0,1,1,0
1212,1,3,mesta,22,30,1,40,63,0,0,0,5,8,0,0,0,0,1,0,1
1212,1,4,mesta,22,30,1,39,57,0,0,0,5,8,0,0,0,0,1,0,1
1212,1,5,mesta,22,30,1,38,52,0,0,0,6,9,0,1,0,0,1,0,1
1212,1,6,mesta,21,27,1,28,40,0,0,0,6,20,0,0,0,0,1,1,0
1212,1,7,mesta,21,27,1,36,39,0,0,0,6,18,0,0,0,0,1,1,0
1212,1,8,mesta,21,27,1,44,38,0,0,0,6,18,0,0,0,0,1,0,1
1212,1,9,mesta,21,27,1,52,37,0,0,0,6,18,0,0,0,0,1,0,1
1212,1,10,mesta,21,27,1,60,36,0,0,0,6,18,0,0,0,0,1,0,1
1212,1,11,mesta,21,28,1,68,42,0,0,0,13,25,0,0,0,0,1,0,1
1212,1,12,mesta,21,29,1,76,47,0,0,0,13,25,0,0,0,0,1,0,1
1212,1,13,mesta,22,30,1,70,51,0,0,0,13,25,0,0,0,0,1,3,0
1212,1,14,mesta,21,29,1,44,56,0,0,0,13,27,0,0,0,0,1,3,0
1212,1,15,mesta,22,30,1,54,62,0,0,0,13,25,0,0,0,0,1,1,0
1212,1,16,mesta,22,31,1,64,68,0,0,0,13,27,0,0,0,0,1,0,1
1212,1,17,mesta,22,31,1,74,67,0,0,0,6,20,0,0,0,0,1,0,1
1212,1,18,mesta,22,31,1,75,66,0,0,0,6,20,0,0,0,0,1,2,0
1212,1,19,mesta,22,31,1,78,65,0,0,0,6,20,0,0,0,0,1,2,0
1212,1,20,mesta,22,31,1,72,64,0,0,0,6,20,0,0,0,0,1,2,0
1212,1,21,mesta,22,31,1,68,62,0,0,0,6,20,0,0,0,0,1,2,0
1212,1,22,mesta,22,31,1,80,58,0,0,0,6,20,0,1,0,0,1,1,0
1212,1,23,mesta,22,31,1,72,54,0,0,0,4,23,0,0,0,0,1,2,0
1212,1,24,mesta,22,31,1,75,50,0,0,0,4,20,0,0,0,0,1,2,0
1212,1,25,mesta,22,31,1,75,47,0,0,0,4,20,0,0,0,0,1,2,0
1212,1,26,mesta,22,31,1,70,44,0,0,0,4,20,0,0,0,0,1,3,0
1212,1,27,mesta,22,31,1,70,42,0,0,0,4,20,0,0,0,0,1,2,0
1212,1,28,mesta,22,31,1,70,41,0,0,0,4,20,0,0,0,0,1,2,0
1212,1,29,mesta,22,31,1,75,42,0,0,0,6,22,0,0,0,0,1,3,0
1212,1,30,mesta,22,31,1,89,42,0,0,0,6,25,0,0,0,0,1,4,0
1212,1,31,mesta,22,31,1,96,42,0,0,0,6,25,0,0,0,0,1,4,0
1212,1,32,mesta,22,31,1,97,42,0,0,0,6,25,0,0,0,0,1,4,0
1212,1,33,mesta,22,31,1,101,42,0,0,0,6,25,0,0,0,0,1,4,0
1212,1,34,mesta,22,31,1,104,42,1,0,0,6,25,0,0,0,0,1,4,0
1212,1,35,mesta,22,32,1,107,49,1,0,0,13,32,0,0,0,0,1,4,0
1212,1,36,mesta,22,33,1,106,54,1,0,0,13,33,0,0,0,0,1,3,0
1212,1,37,mesta,22,34,1,106,58,1,0,0,13,33,0,0,0,0,1,3,0
1212,1,38,mesta,23,35,1,109,62,1,0,0,13,33,0,0,0,0,1,3,0
1212,1,39,mesta,23,36,1,112,66,1,0,0,13,33,0,0,0,0,1,3,0
1212,1,40,mesta,38,37,1,115,69,1,0,0,13,33,0,0,0,1,1,3,0
1212,1,41,mesta,38,37,1,103,67,1,0,0,8,28,0,0,0,1,1,3,0
1212,1,42,mesta,38,37,1,106,65,1,0,0,8,28,0,0,0,1,1,3,0
1212,1,43,mesta,38,37,1,102,63,1,0,0,8,28,0,0,0,1,1,3,0
1212,1,44,mesta,38,37,1,105,61,1,0,0,8,28,0,0,0,1,1,3,0
1212,1,45,mesta,38,37,1,99,58,1,0,0,8,28,0,0,0,1,1,3,0
1212,1,46,mesta,38,37,1,101,55,1,0,0,8,28,0,0,0,1,1,4,0
1212,1,47,mesta,38,37,1,99,51,1,0,0,5,25,0,0,0,1,1,4,0
1212,1,48,mesta,38,37,1,91,50,1,0,0,5,22,0,0,0,1,1,4,0
1212,1,49,mesta,38,37,1,92,49,1,0,0,5,22,0,0,0,1,1,4,0
1212,1,50,mesta,38,37,1,94,48,1,0,0,5,22,0,0,0,1,1,4,0
1212,1,51,mesta,38,37,1,95,47,1,0,0,5,22,0,0,0,1,1,4,0
1212,1,52,mesta,38,37,1,96,46,1,0,0,5,22,0,0,0,1,1,4,0
1212,1,53,mesta,38,37,1,94,46,1,0,0,6,23,0,0,0,1,1,4,0
1212,1,54,mesta,38,37,1,99,43,1,0,0,6,26,0,0,0,1,1,4,0
1212,1,55,mesta,38,37,1,107,40,1,0,0,6,26,0,0,0,1,1,4,0
1212,1,56,mesta,38,37,1,114,37,1,0,0,6,26,0,0,0,1,1,4,0
1212,1,57,mesta,38,37,1,121,34,1,0,0,6,26,0,0,0,1,1,4,0
1212,1,58,mesta,38,37,1,101,31,2,0,0,6,26,0,0,0,1,1,5,0
1212,1,59,mesta,38,38,1,130,35,2,0,0,13,33,0,0,0,1,1,4,0
1212,1,60,mesta,38,39,1,110,39,2,0,0,13,33,0,0,0,1,1,5,0
1212,1,61,mesta,39,40,1,138,43,2,0,0,13,33,0,0,0,1,1,4,0
1212,1,62,mesta,38,37,1,99,36,2,0,0,13,35,0,0,0,1,1,6,0
1212,1,63,mesta,38,38,1,127,40,2,0,0,13,33,0,0,0,1,1,4,0
1212,1,64,mesta,38,39,1,106,44,2,0,0,13,33,0,0,0,1,1,5,0
1212,1,65,mesta,38,39,1,128,30,2,0,0,8,28,0,0,0,1,1,9,0
1212,1,66,mesta,38,39,1,113,32,2,0,0,8,28,0,0,0,1,1,4,0
1212,1,67,mesta,56,39,1,97,34,2,0,0,8,28,0,0,0,2,1,4,0
1212,1,68,mesta,56,39,1,99,36,2,0,0,8,28,0,0,0,2,1,4,0
1212,1,69,mesta,56,39,1,94,38,2,0,0,8,28,0,0,0,2,1,4,0
1212,1,70,mesta,56,39,1,99,40,2,0,0,8,28,0,0,0,2,1,4,0
1212,1,71,mesta,56,39,1,98,39,2,0,0,5,25,0,0,0,2,1,4,0
1212,1,72,mesta,56,39,1,93,38,2,0,0,5,22,0,0,0,2,1,4,0
1212,1,73,mesta,56,39,1,97,37,2,0,0,5,22,0,0,0,2,1,4,0
1212,1,74,mesta,56,39,1,100,36,2,0,0,5,22,0,0,0,2,1,4,0
1212,1,75,mesta,56,39,1,94,35,2,0,0,5,22,0,0,0,2,1,4,0
1212,1,76,mesta,56,39,1,96,34,2,0,0,5,22,0,0,0,2,1,4,0
1212,1,77,mesta,57,43,1,105,34,2,0,0,6,23,0,0,0,2,1,5,0
1212,1,78,mesta,56,39,1,93,21,2,0,0,6,28,0,0,0,2,1,5,0
1212,1,79,mesta,56,39,1,98,19,2,0,0,6,26,0,0,0,2,1,4,0
1212,1,80,mesta,56,39,1,103,17,2,0,0,6,26,0,0,0,2,1,4,0
1212,1,81,mesta,56,39,1,108,15,2,0,0,6,26,0,0,0,2,1,4,0
1212,1,82,mesta,56,39,1,113,13,2,0,0,6,26,0,0,0,2,1,4,0
1212,1,83,mesta,56,39,1,121,18,2,0,0,13,33,0,0,0,2,1,4,0
1212,1,84,mesta,56,39,1,102,23,2,0,0,13,33,0,0,0,2,1,5,0
1212,1,85,mesta,56,39,1,131,27,2,0,0,13,33,0,0,0,2,1,4,0
1212,1,86,mesta,57,40,1,111,31,2,0,0,13,33,0,0,0,2,1,5,0
1212,1,87,mesta,56,36,1,122,25,2,0,0,13,35,0,0,0,2,1,5,0
1212,1,88,mesta,56,36,1,102,29,2,0,0,13,33,0,0,0,2,1,5,0
1212,1,89,mesta,56,36,1,124,15,2,0,0,8,28,0,0,0,2,1,9,0
1212,1,90,mesta,56,36,1,111,18,2,0,0,8,28,0,0,0,2,1,4,0
1212,1,91,mesta,64,36,1,96,21,2,0,0,8,28,0,0,0,2,1,4,0
1212,1,92,mesta,64,36,1,99,24,2,0,0,8,28,0,0,0,2,1,4,0
1212,1,93,mesta,64,36,1,94,27,2,0,0,8,28,0,0,0,2,1,4,0
1212,1,94,mesta,64,36,1,98,29,2,0,0,8,28,0,0,0,2,1,4,0
1212,1,95,mesta,64,36,1,93,28,2,0,0,5,25,0,0,0,2,1,4,0
1212,1,96,mesta,64,36,1,96,28,2,0,0,5,22,0,0,0,2,1,4,0
1212,1,97,mesta,64,36,1,99,28,2,0,0,5,22,0,0,0,2,1,4,0
1212,1,98,mesta,64,36,1,93,28,2,0,0,5,22,0,0,0,2,1,4,0
1212,1,99,mesta,64,36,1,96,28,2,0,0,5,22,0,0,0,2,1,4,0
1212,1,100,mesta,64,36,1,100,28,2,0,0,5,22,0,0,0,2,1,4,0
1212,1,101,mesta,65,40,1,110,28,2,0,0,6,23,0,0,0,2,1,5,0
1212,1,102,mesta,65,40,1,119,25,2,0,0,6,28,0,0,0,2,1,4,0
1212,1,103,mesta,65,40,1,101,22,2,0,0,6,28,0,0,0,2,1,5,0
1212,1,104,mesta,65,40,1,132,19,2,0,0,6,28,0,0,0,2,1,4,0
1212,1,105,mesta,65,40,1,114,16,2,0,0,6,28,0,0,0,2,1,5,0
1212,1,106,mesta,65,40,1,144,13,2,0,0,6,28,0,0,0,2,1,4,0
1212,1,107,mesta,65,40,1,100,17,2,0,0,13,35,0,0,0,2,1,5,0
1212,1,108,mesta,65,40,1,152,21,2,0,0,13,35,0,0,0,2,1,4,0
1212,1,109,mesta,65,40,1,108,25,2,0,0,13,35,0,0,0,2,1,5,0
1212,1,110,mesta,65,40,1,160,28,2,0,0,13,35,0,0,0,2,1,4,0
1212,1,111,mesta,65,42,1,116,31,2,0,0,13,35,0,0,0,2,1,5,0
1212,1,112,mesta,65,44,1,169,34,2,0,0,13,35,0,0,0,2,1,4,0
1212,1,113,mesta,65,40,1,143,22,2,0,0,8,30,0,0,0,2,1,5,0
1212,1,114,mesta,65,40,1,131,24,2,0,0,8,30,0,0,0,2,1,4,0
1212,1,115,mesta,65,40,1,118,26,2,0,0,8,30,0,0,0,2,1,4,0
1212,1,116,mesta,65,40,1,105,28,2,0,0,8,30,0,0,0,2,1,4,0
1212,1,117,mesta,65,40,1,101,18,2,0,0,8,30,0,0,0,2,1,9,0
1212,1,118,mesta,65,40,1,98,20,2,0,0,8,30,0,0,0,2,1,4,0
1212,1,119,mesta,73,40,1,95,19,2,0,0,5,27,0,0,0,2,1,4,0
1212,1,120,mesta,73,40,1,97,18,2,0,0,5,23,0,0,0,2,1,4,0
1212,1,121,mesta,73,40,1,101,16,2,0,0,4,22,0,0,0,2,1,4,0
1212,1,122,mesta,73,40,1,96,14,2,0,0,4,22,0,0,0,2,1,4,0
1212,1,123,mesta,73,40,1,99,12,2,0,0,4,22,0,0,0,2,1,4,0
1212,1,124,mesta,73,40,1,93,10,2,0,0,4,22,0,0,0,2,1,4,0
1212,1,125,mesta,73,40,1,111,10,2,0,0,6,24,0,0,0,2,1,4,0
1212,1,126,mesta,73,40,1,25,7,2,0,0,6,28,0,0,0,2,1,5,0
1212,1,127,mesta,73,40,1,85,5,2,0,0,6,28,0,0,0,2,1,2,0
1212,1,128,mesta,72,44,1,121,1,2,0,0,6,28,1,0,0,2,1,5,0
1212,1,129,mesta,71,44,1,106,1,2,0,0,6,28,1,0,0,2,1,5,0
1212,1,130,mesta,70,43,1,138,1,2,0,0,6,28,1,0,0,2,1,4,0
1212,1,131,mesta,70,43,1,121,3,2,0,0,13,35,0,0,0,2,1,5,0
1212,1,132,mesta,70,43,1,122,5,2,0,0,13,35,0,0,0,2,1,5,0
1212,1,133,mesta,70,43,1,127,7,2,0,0,13,35,0,0,0,2,1,5,0
1212,1,134,mesta,70,43,1,131,9,2,0,0,13,35,0,0,0,2,1,5,0
1212,1,135,mesta,70,43,1,135,11,2,0,0,13,35,0,0,0,2,1,5,0
1212,1,136,mesta,70,43,1,139,13,2,0,0,13,35,0,0,0,2,1,5,0
1212,1,137,mesta,70,43,1,150,10,2,0,0,8,30,0,0,0,2,1,4,0
1212,1,138,mesta,70,43,1,137,10,2,0,0,8,30,0,0,0,2,1,4,0
1212,1,139,mesta,70,43,1,124,10,2,0,0,8,30,0,0,0,2,1,4,0
1212,1,140,mesta,70,43,1,110,10,2,0,0,8,30,0,0,0,2,1,4,0
1212,1,141,mesta,70,43,1,96,10,2,0,0,8,30,0,0,0,2,1,4,0
1212,1,142,mesta,70,43,1,95,10,2,0,0,8,30,0,0,0,2,1,4,0
1212,1,143,mesta,70,43,1,101,6,2,0,0,4,26,0,0,0,2,1,4,0
1212,1,144,mesta,69,43,1,94,4,2,0,0,4,22,1,0,0,2,1,4,0
1212,1,145,mesta,68,43,1,97,4,2,0,0,5,23,1,0,0,2,1,4,0
1212,1,146,mesta,67,42,1,99,4,2,0,0,5,23,1,0,0,2,1,4,0
1212,1,147,mesta,66,41,1,95,4,2,0,0,5,23,1,0,0,2,1,4,0
1212,1,148,mesta,65,40,1,99,4,2,0,0,5,23,1,0,0,2,1,4,0
1212,1,149,mesta,63,39,1,100,4,2,0,0,6,24,1,0,0,2,1,4,0
1212,1,150,mesta,62,38,1,107,1,2,0,0,6,26,1,0,0,2,1,4,0
1212,1,151,mesta,61,37,1,113,1,2,0,0,6,26,1,0,0,2,1,5,0
1212,1,152,mesta,60,36,1,119,1,2,0,0,6,26,1,0,0,2,1,4,0
1212,1,153,mesta,59,35,1,94,1,2,0,0,6,25,1,0,0,2,1,5,0
1212,1,154,mesta,57,34,1,122,1,2,0,0,6,25,1,0,0,2,1,4,0
1212,1,155,mesta,57,34,1,101,4,2,0,0,12,31,0,0,0,2,1,6,0
1212,1,156,mesta,57,34,1,126,7,2,0,0,12,27,0,0,0,2,1,4,0
1212,1,157,mesta,57,34,1,98,10,2,0,0,12,27,0,0,0,2,1,5,0
1212,1,158,mesta,57,34,1,123,14,2,0,0,13,29,0,0,0,2,1,4,0
1212,1,159,mesta,57,34,1,102,18,2,0,0,13,29,0,0,0,2,1,5,0
1212,1,160,mesta,57,34,1,129,22,2,0,0,13,29,0,0,0,2,1,4,0
1212,1,161,mesta,57,34,1,118,21,2,0,0,8,24,0,0,0,2,1,4,0
1212,1,162,mesta,57,34,1,97,23,2,0,0,8,24,0,0,0,2,1,4,0
1212,1,163,mesta,57,34,1,98,25,2,0,0,8,24,0,0,0,2,1,4,0
1212,1,164,mesta,57,34,1,91,27,2,0,0,8,24,0,0,0,2,1,4,0
1212,1,165,mesta,57,34,1,92,28,2,0,0,8,24,0,0,0,2,1,4,0
1212,1,166,mesta,57,34,1,93,29,2,0,0,8,24,0,0,0,2,1,4,0
1212,1,167,mesta,57,34,1,91,28,2,0,0,5,21,0,0,0,2,1,4,0
1212,1,168,mesta,57,34,1,92,27,2,0,0,5,21,0,0,0,2,1,4,0
1212,1,169,mesta,57,34,1,95,26,2,0,0,5,21,0,0,0,2,1,4,0
1212,1,170,mesta,57,34,1,98,25,2,0,0,5,21,0,0,0,2,1,4,0
1212,1,171,mesta,57,34,1,91,24,2,0,0,5,21,0,0,0,2,1,4,0
1212,1,172,mesta,57,34,1,91,23,2,0,0,5,21,0,0,0,2,1,4,0
1212,1,173,mesta,57,34,1,99,23,2,0,0,6,22,0,0,0,2,1,4,0
1212,1,174,mesta,57,34,1,104,20,2,0,0,6,24,0,0,0,2,1,4,0
1212,1,175,mesta,57,34,1,112,17,2,0,0,6,24,0,0,0,2,1,4,0
1212,1,176,mesta,57,34,1,118,14,2,0,0,6,24,0,0,0,2,1,4,0
1212,1,177,mesta,57,34,1,98,11,2,0,0,6,24,0,0,0,2,1,5,0
1212,1,178,mesta,57,34,1,122,8,2,0,0,6,24,0,0,0,2,1,4,0
1212,1,179,mesta,57,34,1,101,12,2,0,0,13,31,0,0,0,2,1,5,0
1212,1,180,mesta,57,34,1,128,16,2,0,0,13,31,0,0,0,2,1,4,0
1212,1,181,mesta,57,34,1,107,20,2,0,0,13,31,0,0,0,2,1,5,0
1212,1,182,mesta,57,34,1,129,24,2,0,0,13,31,0,0,0,2,1,4,0
1212,1,183,mesta,57,34,1,107,27,2,0,0,13,31,0,0,0,2,1,5,0
1212,1,184,mesta,58,35,1,134,33,2,0,0,16,34,0,0,0,2,1,4,0
1212,1,185,mesta,58,35,1,123,33,2,0,0,10,28,0,0,0,2,1,4,0
1212,1,186,mesta,58,35,1,107,36,2,0,0,10,28,0,0,0,2,1,4,0
1212,1,187,mesta,58,35,1,87,39,2,0,0,10,28,0,0,0,2,1,4,0
1212,1,188,mesta,58,35,1,97,42,2,0,0,10,28,0,0,0,2,1,3,0
1212,1,189,mesta,58,35,1,101,45,2,0,0,10,28,0,0,0,2,1,4,0
1212,1,190,mesta,58,35,1,97,46,2,0,0,8,26,0,0,0,2,1,4,0
1212,1,191,mesta,58,35,1,99,44,2,0,0,5,23,0,0,0,2,1,4,0
1212,1,192,mesta,58,35,1,92,42,2,0,0,5,21,0,0,0,2,1,4,0
1212,1,193,mesta,58,35,1,96,39,2,0,0,4,20,0,0,0,2,1,4,0
1212,1,194,mesta,58,35,1,100,36,2,0,0,4,20,0,0,0,2,1,4,0
1212,1,195,mesta,58,35,1,94,33,2,0,0,4,20,0,0,0,2,1,4,0
1212,1,196,mesta,58,35,1,93,30,2,0,0,4,20,0,0,0,2,1,4,0
1212,1,197,mesta,58,35,1,92,29,2,0,0,6,22,0,0,0,2,1,4,0
1212,1,198,mesta,58,35,1,97,25,2,0,0,6,24,0,0,0,2,1,4,0
1212,1,199,mesta,58,35,1,101,22,2,0,0,6,24,0,0,0,2,1,4,0
1212,1,200,mesta,58,35,1,105,19,2,0,0,6,24,0,0,0,2,1,4,0
1212,1,1,monjes,35,96,1,36,61,0,0,0,18,38,0,0,0,0,1,4,0
1212,1,2,monjes,35,96,1,31,51,0,0,0,18,27,0,0,0,0,1,1,0
1212,1,3,monjes,35,96,1,36,40,0,0,0,18,27,0,0,0,0,1,0,1
1212,1,4,monjes,35,96,1,41,29,0,0,0,18,27,0,1,0,0,1,0,1
1212,1,5,monjes,35,96,1,46,38,0,0,0,36,45,0,1,0,0,1,0,1
1212,1,6,monjes,35,96,1,68,48,0,0,0,36,62,0,0,0,0,1,1,0
1212,1,7,monjes,35,96,1,83,58,0,0,0,36,62,0,0,0,0,1,2,0
1212,1,8,monjes,34,92,1,66,60,0,0,0,36,62,0,0,0,0,1,4,0
1212,1,9,monjes,34,90,1,70,64,0,0,0,45,71,0,0,0,0,1,8,0
1212,1,10,monjes,67,90,1,63,75,0,0,0,45,71,0,0,0,2,1,4,0
1212,1,11,monjes,67,90,1,83,141,0,0,0,90,110,0,0,0,2,1,1,0
1212,1,12,monjes,67,90,1,78,201,0,0,0,90,110,0,0,0,2,1,2,0
1212,1,13,monjes,67,90,1,85,259,0,0,0,90,110,0,0,0,2,1,2,0
1212,1,14,monjes,67,90,1,84,307,0,0,0,90,110,0,0,0,2,1,3,0
1212,1,15,monjes,67,90,1,98,336,0,0,0,72,92,0,0,0,2,1,3,0
1212,1,16,monjes,67,90,1,105,365,0,0,0,72,92,0,0,0,2,1,3,0
1212,1,17,monjes,67,90,1,95,351,0,0,0,45,65,0,0,0,2,1,13,0
1212,1,18,monjes,75,90,1,100,354,0,0,0,45,65,0,0,0,2,1,3,0
1212,1,19,monjes,75,90,1,98,357,0,0,0,45,65,0,0,0,2,1,3,0
1212,1,20,monjes,75,90,1,95,360,0,0,0,45,65,0,0,0,2,1,3,0
1212,1,21,monjes,75,90,1,99,346,0,0,0,45,65,0,0,0,2,1,13,0
1212,1,22,monjes,75,90,1,97,350,0,0,0,45,65,0,0,0,2,1,3,0
1212,1,23,monjes,83,90,1,94,336,0,0,0,27,47,0,0,0,2,1,3,0
1212,1,24,monjes,83,90,1,94,321,0,0,0,27,41,0,0,0,2,1,3,0
1212,1,25,monjes,83,90,1,100,306,0,0,0,27,41,0,0,0,2,1,3,0
1212,1,26,monjes,83,90,1,96,293,0,0,0,27,41,0,0,0,2,1,3,0
1212,1,27,monjes,83,90,1,93,281,0,0,0,27,41,0,0,0,2,1,3,0
1212,1,28,monjes,83,94,1,109,268,0,0,0,27,41,0,0,0,2,1,4,0
1212,1,29,monjes,83,90,1,85,255,0,0,0,36,50,0,0,0,2,1,4,0
1212,1,30,monjes,83,90,1,106,238,0,0,0,36,56,0,0,0,2,1,8,0
1212,1,31,monjes,83,90,1,108,236,0,0,0,36,56,0,0,0,2,1,3,0
1212,1,32,monjes,91,90,1,111,234,0,0,0,36,56,0,0,0,2,1,3,0
1212,1,33,monjes,91,90,1,113,233,0,0,0,36,56,0,0,0,2,1,3,0
1212,1,34,monjes,91,90,1,115,232,0,0,0,36,56,0,0,0,2,1,3,0
1212,1,35,monjes,91,90,1,117,265,0,0,0,72,92,0,0,0,2,1,3,0
1212,1,36,monjes,91,90,1,119,297,0,0,0,72,92,0,0,0,2,1,3,0
1212,1,37,monjes,91,90,1,122,328,0,0,0,72,92,0,0,0,2,1,3,0
1212,1,38,monjes,91,90,1,99,358,0,0,0,72,92,0,0,0,2,1,4,0
1212,1,39,monjes,91,94,1,113,391,0,1,0,72,92,0,0,0,2,1,4,0
1212,1,40,monjes,91,90,1,96,407,0,1,0,72,92,0,0,0,2,1,4,0
1212,1,41,monjes,91,90,1,97,394,0,1,0,45,65,0,0,0,2,1,8,0
1212,1,42,monjes,91,90,1,98,395,0,1,0,45,65,0,0,0,2,1,3,0
1212,1,43,monjes,99,90,1,99,396,0,1,0,45,65,0,0,0,2,1,3,0
1212,1,44,monjes,99,90,1,100,397,0,1,0,45,65,0,0,0,2,1,3,0
1212,1,45,monjes,99,90,1,102,398,0,1,0,45,65,0,0,0,2,1,3,0
1212,1,46,monjes,98,89,1,104,385,0,1,0,45,65,0,0,0,2,1,6,0
1212,1,47,monjes,99,90,1,105,369,0,1,0,27,46,0,0,0,2,1,3,0
1212,1,48,monjes,99,90,1,91,355,0,1,0,27,41,0,0,0,2,1,3,0
1212,1,49,monjes,128,96,2,95,341,0,1,0,29,43,0,0,0,3,1,4,0
1212,1,50,monjes,128,97,2,86,301,0,1,0,29,43,0,0,0,3,1,14,0
1212,1,51,monjes,128,98,2,91,285,0,1,0,29,43,0,0,0,3,1,4,0
1212,1,52,monjes,128,99,2,57,233,0,1,0,29,43,0,1,0,3,1,4,0
1212,1,53,monjes,128,95,2,71,228,0,1,0,43,57,0,0,0,3,1,5,0
1212,1,54,monjes,234,148,3,94,214,0,1,0,41,61,0,1,0,4,1,9,0
1212,1,55,monjes,234,148,3,91,198,0,1,0,39,71,0,0,0,4,1,7,0
1212,1,56,monjes,236,156,3,81,194,0,1,0,48,77,0,2,0,4,1,5,0
1212,1,57,monjes,235,154,3,62,166,0,1,0,59,89,0,1,0,4,1,7,0
1212,1,58,monjes,236,157,3,64,185,0,1,0,60,94,0,0,0,4,1,1,0
1212,1,59,monjes,246,166,4,103,259,0,1,0,84,119,0,1,0,4,1,3,0
1212,1,60,monjes,246,168,4,48,248,0,1,0,85,121,0,0,0,4,1,5,0
1212,1,61,monjes,247,170,4,81,271,0,1,0,86,122,0,0,0,4,1,2,0
1212,1,62,monjes,264,215,5,102,294,0,1,0,87,123,0,1,0,4,1,5,0
1212,1,63,monjes,264,217,5,59,301,0,1,0,88,131,0,0,0,4,1,7,0
1212,1,64,monjes,265,223,5,86,299,0,0,0,89,131,0,1,0,4,1,7,0
1212,1,65,monjes,266,229,5,90,312,0,0,0,86,128,0,0,0,4,1,4,0
1212,1,66,monjes,276,235,5,79,328,0,0,0,87,130,0,0,0,4,1,4,0
1212,1,67,monjes,277,242,5,90,340,0,0,0,88,133,0,1,0,4,1,4,0
1212,1,68,monjes,278,249,5,82,365,0,0,0,101,146,0,0,0,4,1,4,0
1212,1,69,monjes,280,257,5,74,385,0,0,0,101,148,0,1,0,4,1,6,0
1212,1,70,monjes,282,265,5,78,404,0,0,0,103,155,0,1,0,4,1,4,0
1212,1,71,monjes,283,270,5,92,395,0,0,0,77,129,0,0,0,4,1,4,0
1212,1,72,monjes,283,274,5,85,374,0,0,0,77,126,0,1,0,4,1,9,0
1212,1,73,monjes,284,278,5,88,368,0,0,0,80,137,0,0,0,4,1,4,0
1212,1,74,monjes,294,286,5,91,359,0,0,0,80,138,0,1,0,4,1,5,0
1212,1,75,monjes,295,294,5,85,352,0,0,0,80,138,0,1,0,4,1,4,0
1212,1,76,monjes,296,299,5,74,342,0,0,0,80,138,0,0,0,4,1,5,0
1212,1,77,monjes,298,308,5,88,339,0,0,0,95,155,0,1,0,4,1,5,0
1212,1,78,monjes,300,318,5,103,333,0,0,0,95,162,0,2,0,4,1,4,0
1212,1,79,monjes,302,328,5,111,335,0,0,0,102,170,0,1,0,4,1,4,0
1212,1,80,monjes,304,336,5,120,336,0,0,0,102,170,0,0,0,4,1,4,0
1212,1,81,monjes,305,341,5,106,336,0,0,0,102,173,0,0,0,4,1,5,0
1212,1,82,monjes,307,350,5,130,334,0,1,0,102,174,0,0,0,4,1,5,0
1212,1,83,monjes,308,355,5,97,440,0,1,0,225,297,0,0,0,4,1,6,0
1212,1,84,monjes,309,360,5,113,549,0,2,0,225,299,0,0,0,4,1,4,0
1212,1,85,monjes,310,366,5,116,642,0,0,0,225,301,0,0,0,4,1,8,0
1212,1,86,monjes,311,372,5,130,739,0,0,0,225,301,0,0,0,4,1,3,0
1212,1,87,monjes,312,378,5,116,832,0,0,0,225,301,0,0,0,4,1,4,0
1212,1,88,monjes,313,384,5,130,919,0,1,0,225,302,0,0,0,4,1,3,0
1212,1,89,monjes,315,390,5,116,903,0,1,0,120,197,0,0,0,4,1,3,0
1212,1,90,monjes,324,397,5,114,885,0,1,0,120,199,0,0,0,4,1,3,0
1212,1,91,monjes,326,405,5,112,866,0,1,0,120,200,0,0,0,4,1,3,0
1212,1,92,monjes,327,413,5,120,845,0,1,0,120,201,0,0,0,4,1,3,0
1212,1,93,monjes,329,421,5,124,824,0,1,0,120,201,0,0,0,4,1,3,0
1212,1,94,monjes,331,431,5,122,797,0,1,0,120,203,0,0,0,4,1,8,0
1212,1,95,monjes,331,431,5,129,738,0,1,0,87,170,0,0,0,4,1,3,0
1212,1,96,monjes,331,431,5,120,687,0,1,0,87,164,0,0,0,4,1,3,0
1212,1,97,monjes,332,435,5,139,628,0,1,0,79,156,0,0,0,4,1,4,0
1212,1,98,monjes,331,431,5,41,563,0,1,0,79,156,0,0,0,4,1,5,0
1212,1,99,monjes,331,431,5,80,496,0,1,0,79,155,0,0,0,4,1,7,0
1212,1,100,monjes,331,431,5,111,436,0,1,0,79,155,0,0,0,4,1,3,0
1212,1,101,monjes,339,431,5,123,410,0,1,0,102,178,0,0,0,4,1,4,0
1212,1,102,monjes,339,431,5,116,383,0,1,0,102,184,0,0,0,4,1,5,0
1212,1,103,monjes,339,431,5,140,356,0,2,0,102,184,0,0,0,4,1,4,0
1212,1,104,monjes,339,431,5,150,322,0,1,0,102,184,0,0,0,4,1,9,0
1212,1,105,monjes,339,431,5,140,302,0,1,0,102,184,0,0,0,4,1,5,0
1212,1,106,monjes,347,431,5,138,280,0,2,0,102,184,0,0,0,4,1,5,0
1212,1,107,monjes,350,445,5,147,338,0,3,0,183,265,0,0,0,4,1,4,0
1212,1,108,monjes,352,455,5,159,393,0,3,0,183,270,0,0,0,4,1,4,0
1212,1,109,monjes,354,465,5,160,444,0,3,0,183,272,0,0,0,4,1,5,0
1212,1,110,monjes,355,474,5,166,488,0,3,0,183,273,0,1,0,4,1,5,0
1212,1,111,monjes,356,478,5,170,540,0,1,0,203,295,0,1,0,4,1,10,0
1212,1,112,monjes,357,482,5,169,614,0,1,0,223,315,0,1,0,4,1,5,0
1212,1,113,monjes,358,487,5,143,622,0,2,0,158,251,0,0,0,4,1,5,0
1212,1,114,monjes,367,493,5,160,632,0,2,0,158,252,0,0,0,4,1,4,0
1212,1,115,monjes,368,499,5,178,640,0,2,0,158,252,0,0,0,4,1,5,0
1212,1,116,monjes,370,505,5,196,647,0,2,0,158,252,0,0,0,4,1,4,0
1212,1,117,monjes,371,511,5,169,651,0,2,0,158,253,0,0,0,4,1,4,0
1212,1,118,monjes,372,517,5,159,616,0,2,0,158,254,0,0,0,4,1,5,0
1212,1,119,monjes,372,517,5,181,565,0,2,0,102,198,0,0,0,4,1,5,0
1212,1,120,monjes,392,577,6,197,516,0,2,0,102,192,0,0,0,4,1,4,0
1212,1,121,monjes,392,577,6,198,455,0,2,0,102,204,0,0,0,4,1,6,0
1212,1,122,monjes,391,572,6,162,386,0,2,0,102,200,0,0,0,4,1,9,0
1212,1,123,monjes,392,576,6,156,286,0,2,0,102,200,0,1,0,4,1,6,0
1212,1,124,monjes,392,576,6,171,241,0,2,0,109,209,0,0,0,4,1,6,0
1212,1,125,monjes,414,646,7,189,229,0,2,0,142,242,0,0,0,4,1,4,0
1212,1,126,monjes,414,646,7,202,199,0,2,0,142,262,0,1,0,4,1,7,0
1212,1,127,monjes,414,646,7,203,173,0,2,0,142,247,0,1,0,4,1,4,0
1212,1,128,monjes,414,646,7,150,163,0,2,0,152,257,0,0,0,4,1,4,0
1212,1,129,monjes,414,646,7,117,115,0,2,0,152,257,0,0,0,4,1,4,0
1212,1,130,monjes,414,646,7,117,107,0,2,0,152,257,0,0,0,4,1,3,0
1212,1,131,monjes,435,710,8,112,225,0,2,0,283,388,0,0,0,4,1,3,0
1212,1,132,monjes,436,719,8,94,320,0,2,0,283,397,0,0,0,4,1,7,0
1212,1,133,monjes,438,727,8,104,402,0,2,0,283,395,0,2,0,4,1,6,0
1212,1,134,monjes,439,734,8,83,510,0,2,0,323,436,0,1,0,4,1,6,0
1212,1,135,monjes,441,742,8,113,628,0,0,0,343,458,0,1,0,4,1,9,0
1212,1,136,monjes,443,751,8,108,732,0,0,0,363,479,0,0,0,4,1,5,0
1212,1,137,monjes,444,756,8,125,738,0,0,0,232,349,0,0,0,4,1,7,0
1212,1,138,monjes,633,821,9,141,749,0,0,0,232,350,0,1,1,5,1,4,0
1212,1,139,monjes,633,824,9,147,746,0,0,0,232,360,0,0,0,5,1,6,0
1212,1,140,monjes,633,824,9,167,741,0,0,0,232,359,0,1,0,5,1,5,0
1212,1,141,monjes,633,824,9,137,747,0,0,0,242,369,0,0,0,5,1,5,0
1212,1,142,monjes,633,824,9,147,745,0,0,0,242,369,0,0,0,5,1,7,0
1212,1,143,monjes,633,824,9,167,659,0,0,0,152,279,0,0,0,5,1,5,0
1212,1,144,monjes,633,824,9,181,576,0,0,0,152,273,0,1,0,5,1,5,0
1212,1,145,monjes,634,828,9,155,503,0,0,0,152,279,0,0,0,5,1,5,0
1212,1,146,monjes,633,824,9,149,420,0,0,0,152,279,0,0,0,5,1,5,0
1212,1,147,monjes,642,829,10,163,351,0,0,0,152,279,0,1,0,5,1,5,0
1212,1,148,monjes,642,829,10,94,286,0,0,0,152,279,0,0,0,5,1,6,0
1212,1,149,monjes,642,829,10,108,262,0,0,0,200,327,0,0,0,5,1,6,0
1212,1,150,monjes,642,829,10,129,236,0,0,0,200,332,0,2,0,5,1,4,0
1212,1,151,monjes,642,829,10,124,222,0,0,0,206,342,0,0,0,5,1,6,0
1212,1,152,monjes,642,829,10,120,187,0,1,0,183,319,0,0,0,5,1,5,0
1212,1,153,monjes,642,829,10,117,156,0,2,0,183,319,0,1,0,5,1,4,0
1212,1,154,monjes,642,829,10,111,129,0,2,0,183,319,0,1,0,5,1,3,0
1212,1,155,monjes,645,840,10,98,274,0,2,0,356,492,0,0,0,5,1,3,0
1212,1,156,monjes,646,847,10,113,407,0,2,0,358,495,0,1,0,5,1,5,0
1212,1,157,monjes,647,854,10,122,535,0,2,0,360,500,0,0,0,5,1,4,0
1212,1,158,monjes,649,861,10,133,659,0,2,0,363,503,0,0,0,5,1,4,0
1212,1,159,monjes,650,868,10,145,765,0,0,0,363,505,0,0,0,5,1,9,0
1212,1,160,monjes,652,878,10,101,873,0,0,0,363,506,0,1,0,5,1,6,0
1212,1,161,monjes,654,888,10,117,848,0,2,0,233,376,0,1,0,5,1,4,0
1212,1,162,monjes,657,900,10,134,831,0,2,0,238,385,0,0,0,5,1,5,0
1212,1,163,monjes,659,912,10,151,810,0,2,0,238,385,0,1,0,5,1,5,0
1212,1,164,monjes,669,921,10,169,789,0,2,0,238,386,0,0,0,5,1,4,0
1212,1,165,monjes,670,929,10,189,767,0,2,0,238,388,0,0,0,5,1,4,0
1212,1,166,monjes,672,937,10,209,742,0,2,0,238,388,0,1,0,5,1,4,0
1212,1,167,monjes,672,937,10,232,635,0,2,0,152,305,0,0,0,5,1,4,0
1212,1,168,monjes,672,937,10,199,532,0,2,0,152,299,0,0,0,5,1,6,0
1212,1,169,monjes,672,937,10,216,433,0,2,0,152,299,0,0,0,5,1,5,0
1212,1,170,monjes,673,941,10,242,337,0,2,0,152,299,0,0,0,5,1,6,0
1212,1,171,monjes,673,941,10,259,243,0,2,0,152,299,0,1,0,5,1,4,0
1212,1,172,monjes,673,941,10,226,155,0,2,0,152,299,0,0,0,5,1,4,0
1212,1,173,monjes,673,941,10,234,116,0,2,0,198,345,0,0,0,5,1,4,0
1212,1,174,monjes,673,941,10,244,83,0,0,0,198,351,0,1,0,5,1,3,0
1212,1,175,monjes,673,941,10,202,52,0,0,0,198,351,0,0,0,5,1,4,0
1212,1,176,monjes,673,941,10,121,17,0,2,0,198,351,0,1,0,5,1,5,0
1212,1,177,monjes,672,941,10,132,4,0,4,0,198,355,1,0,0,5,1,3,0
1212,1,178,monjes,671,941,10,141,7,0,4,0,198,355,1,0,0,5,1,3,0
1212,1,179,monjes,673,951,10,152,145,0,1,0,368,525,0,0,0,5,1,3,0
1212,1,180,monjes,675,961,10,147,271,0,1,0,368,526,0,1,0,5,1,5,0
1212,1,181,monjes,677,971,10,139,383,0,2,0,368,526,0,0,0,5,1,5,0
1212,1,182,monjes,679,982,10,159,485,0,3,0,368,530,0,1,0,5,1,5,0
1212,1,183,monjes,681,993,10,175,596,0,3,0,381,543,0,1,0,5,1,4,0
1212,1,184,monjes,684,1005,10,186,691,0,3,0,382,552,0,1,0,5,1,6,0
1212,1,185,monjes,684,1005,10,204,651,0,3,0,251,420,0,0,0,5,1,9,0
1212,1,186,monjes,684,1005,10,222,621,0,3,0,251,420,0,1,0,5,1,5,0
1212,1,187,monjes,684,1005,10,240,593,0,3,0,252,420,0,1,0,5,1,5,0
1212,1,188,monjes,686,1017,10,258,580,0,3,0,263,431,0,1,0,5,1,5,0
1212,1,189,monjes,696,1029,10,290,577,0,3,0,276,446,0,1,0,5,1,4,0
1212,1,190,monjes,698,1035,10,273,586,0,3,0,289,461,0,0,0,5,1,6,0
1212,1,191,monjes,698,1035,10,308,491,0,3,0,184,358,0,0,0,5,1,5,0
1212,1,192,monjes,698,1035,10,336,400,0,3,0,184,352,0,1,0,5,1,4,0
1212,1,193,monjes,698,1035,10,365,314,0,3,0,184,352,0,0,0,5,1,4,0
1212,1,194,monjes,698,1035,10,314,193,0,3,0,184,352,0,0,0,5,1,5,0
1212,1,195,monjes,698,1035,10,334,121,0,0,0,184,352,0,0,0,5,1,4,0
1212,1,196,monjes,717,1090,11,350,53,0,0,0,184,352,0,0,0,5,1,3,0
1212,1,197,monjes,717,1090,11,305,27,0,0,0,239,416,0,0,0,5,1,6,0
1212,1,198,monjes,716,1090,11,230,4,0,2,0,239,419,1,1,0,5,1,6,0
1212,1,199,monjes,715,1090,11,247,4,0,4,0,248,428,1,0,0,5,1,3,0
1212,1,200,monjes,708,1063,11,262,7,0,4,0,248,428,1,0,0,5,1,3,0
1212,1,1,salineros,23,36,1,19,69,0,9,0,9,28,0,0,0,0,1,4,0
1212,1,2,salineros,23,36,1,18,67,0,18,0,9,23,0,0,0,0,1,1,0
1212,1,3,salineros,23,36,1,17,65,0,27,0,9,23,0,0,0,0,1,0,1
1212,1,4,salineros,23,36,1,16,63,0,36,0,9,23,0,0,0,0,1,0,1
1212,1,5,salineros,23,37,1,15,64,0,45,0,12,26,0,1,0,0,1,0,1
1212,1,6,salineros,23,38,1,17,67,0,65,0,12,40,0,0,0,0,1,0,1
1212,1,7,salineros,38,39,1,19,70,0,85,0,12,40,0,0,0,1,1,0,1
1212,1,8,salineros,39,40,1,1,73,0,104,0,12,39,0,0,0,1,1,0,1
1212,1,9,salineros,39,42,1,5,73,0,123,0,12,41,0,0,0,1,1,0,1
1212,1,10,salineros,39,44,1,9,73,0,141,0,12,40,0,1,0,1,1,0,1
1212,1,11,salineros,40,46,1,21,87,0,149,0,25,61,0,0,0,1,1,3,0
1212,1,12,salineros,39,44,1,104,91,0,156,0,25,60,0,0,0,1,1,3,0
1212,1,13,salineros,39,42,1,140,83,0,169,0,25,60,0,0,0,1,1,9,0
1212,1,14,salineros,56,39,1,132,88,0,182,0,25,59,0,0,0,2,1,4,0
1212,1,15,salineros,57,40,1,141,104,0,194,0,25,57,0,0,0,2,1,3,0
1212,1,16,salineros,57,42,1,151,119,0,206,0,25,59,0,0,0,2,1,3,0
1212,1,17,salineros,57,44,1,160,125,0,217,0,16,49,0,0,0,2,1,3,0
1212,1,18,salineros,58,46,1,168,130,0,228,0,16,49,0,0,0,2,1,3,0
1212,1,19,salineros,58,48,1,176,125,0,238,0,16,48,0,0,0,2,1,8,0
1212,1,20,salineros,67,50,1,188,129,0,248,0,16,48,0,0,0,2,1,3,0
1212,1,21,salineros,67,52,1,200,133,0,257,0,16,49,0,0,0,2,1,3,0
1212,1,22,salineros,67,54,1,212,136,0,266,0,16,49,0,0,0,2,1,3,0
1212,1,23,salineros,67,54,1,223,132,0,274,0,9,41,0,0,0,2,1,3,0
1212,1,24,salineros,67,54,1,232,116,0,282,0,9,36,0,0,0,2,1,8,0
1212,1,25,salineros,75,54,1,240,112,0,289,0,9,35,0,0,0,2,1,3,0
1212,1,26,salineros,75,54,1,246,108,0,296,0,9,35,0,0,0,2,1,3,0
1212,1,27,salineros,75,54,1,252,104,0,303,0,9,35,0,0,0,2,1,3,0
1212,1,28,salineros,75,54,1,257,88,0,310,0,9,34,0,0,0,2,1,8,0
1212,1,29,salineros,83,54,1,266,87,0,317,0,12,37,0,0,0,2,1,3,0
1212,1,30,salineros,83,54,1,279,86,0,323,0,12,41,0,0,0,2,1,3,0
1212,1,31,salineros,83,54,1,291,85,0,329,0,12,41,0,0,0,2,1,3,0
1212,1,32,salineros,83,54,1,302,72,0,334,0,12,40,0,0,0,2,1,8,0
1212,1,33,salineros,91,54,1,318,71,0,339,0,12,40,0,0,0,2,1,4,0
1212,1,34,salineros,91,54,1,336,74,0,343,0,12,39,0,0,0,2,1,4,0
1212,1,35,salineros,92,56,1,353,90,0,347,0,25,52,0,0,0,2,1,4,0
1212,1,36,salineros,92,58,1,363,94,0,349,0,25,52,0,0,0,2,1,8,0
1212,1,37,salineros,101,60,1,375,105,0,352,0,25,52,0,0,0,2,1,3,0
1212,1,38,salineros,101,60,1,387,115,0,355,0,25,54,0,0,0,2,1,3,0
1212,1,39,salineros,101,60,1,399,125,0,358,0,25,54,0,0,0,2,1,3,0
1212,1,40,salineros,101,60,1,415,135,0,361,0,25,54,0,0,0,2,1,3,0
1212,1,41,salineros,101,60,1,429,136,0,364,0,16,45,0,0,0,2,1,3,0
1212,1,42,salineros,101,60,1,443,137,0,367,0,16,45,0,0,0,2,1,3,0
1212,1,43,salineros,101,64,1,466,143,0,370,0,16,45,0,0,0,2,1,4,0
1212,1,44,salineros,101,60,1,463,133,0,373,0,16,45,0,0,0,2,1,4,0
1212,1,45,salineros,101,60,1,478,123,0,376,0,16,45,0,0,0,2,1,8,0
1212,1,46,salineros,101,60,1,492,124,0,379,0,16,45,0,0,0,2,1,3,0
1212,1,47,salineros,109,60,1,511,118,0,381,0,9,38,0,0,0,2,1,3,0
1212,1,48,salineros,109,60,1,497,112,0,384,0,9,32,0,0,0,2,1,3,0
1212,1,49,salineros,109,60,1,486,106,0,387,0,9,32,0,0,0,2,1,3,0
1212,1,50,salineros,109,60,1,475,100,0,391,0,9,32,0,0,0,2,1,3,0
1212,1,51,salineros,109,60,1,462,94,0,395,0,9,32,0,0,0,2,1,3,0
1212,1,52,salineros,109,60,1,447,76,0,399,0,9,32,0,0,0,2,1,8,0
1212,1,53,salineros,109,60,1,454,73,0,403,0,12,35,0,0,0,2,1,4,0
1212,1,54,salineros,109,60,1,465,74,0,407,0,12,41,0,0,0,2,1,4,0
1212,1,55,salineros,117,60,1,475,75,0,411,0,12,41,0,0,0,2,1,4,0
1212,1,56,salineros,117,60,1,484,76,0,415,0,12,41,0,0,0,2,1,4,0
1212,1,57,salineros,117,60,1,493,77,0,419,0,12,41,0,0,0,2,1,4,0
1212,1,58,salineros,117,60,1,501,78,0,423,0,12,41,0,0,0,2,1,4,0
1212,1,59,salineros,117,60,1,508,92,0,427,0,25,54,0,0,0,2,1,4,0
1212,1,60,salineros,117,60,1,493,106,0,430,0,25,54,0,0,0,2,1,3,0
1212,1,61,salineros,117,60,1,483,116,0,433,0,25,54,0,0,0,2,1,3,0
1212,1,62,salineros,117,60,1,473,126,0,436,0,25,54,0,0,0,2,1,3,0
1212,1,63,salineros,117,64,1,481,139,0,439,0,25,54,0,0,0,2,1,4,0
1212,1,64,salineros,117,60,1,462,138,0,442,0,25,54,0,0,0,2,1,4,0
1212,1,65,salineros,117,60,1,461,126,0,445,0,16,45,0,0,0,2,1,8,0
1212,1,66,salineros,117,60,1,488,127,0,445,0,16,45,0,0,0,2,1,3,0
1212,1,67,salineros,125,60,1,571,128,0,441,0,16,45,0,0,0,2,1,2,0
1212,1,68,salineros,125,60,1,673,129,0,447,0,16,45,0,0,0,2,1,1,0
1212,1,69,salineros,125,60,1,689,130,0,443,0,16,45,0,0,0,2,1,2,0
1212,1,70,salineros,125,60,1,798,131,0,449,0,16,45,0,0,0,2,1,1,0
1212,1,71,salineros,125,60,1,814,125,0,446,0,9,38,0,0,0,2,1,3,0
1212,1,72,salineros,125,60,1,859,79,0,454,0,9,32,0,0,0,2,1,3,0
1212,1,73,salineros,125,60,1,794,78,0,459,0,9,32,0,0,0,2,1,4,0
1212,1,74,salineros,160,95,2,757,79,0,464,0,9,32,0,0,0,3,1,4,0
1212,1,75,salineros,160,95,2,757,72,0,469,0,9,38,0,0,0,3,1,4,0
1212,1,76,salineros,160,99,2,771,64,0,474,0,9,38,0,0,0,3,1,6,0
1212,1,77,salineros,160,99,2,783,54,0,479,0,12,41,0,1,0,3,1,4,0
1212,1,78,salineros,160,99,2,790,52,0,484,0,18,53,0,0,0,3,1,4,0
1212,1,79,salineros,160,99,2,806,48,0,489,0,18,53,0,1,0,3,1,5,0
1212,1,80,salineros,160,99,2,806,52,0,494,0,24,59,0,0,0,3,1,4,0
1212,1,81,salineros,160,99,2,820,54,0,499,0,24,59,0,1,0,3,1,4,0
1212,1,82,salineros,160,99,2,834,62,0,504,0,28,63,0,0,0,3,1,4,0
1212,1,83,salineros,161,100,2,798,96,0,508,0,54,89,0,0,0,3,1,6,0
1212,1,84,salineros,161,104,2,782,87,0,512,0,54,89,0,1,0,3,1,4,0
1212,1,85,salineros,161,104,2,775,109,0,515,0,54,89,0,0,0,3,1,5,0
1212,1,86,salineros,209,150,3,787,130,0,516,0,54,89,0,0,0,4,1,9,0
1212,1,87,salineros,210,156,3,792,151,0,519,0,54,97,0,0,0,4,1,6,0
1212,1,88,salineros,211,163,3,800,168,0,521,0,54,101,0,1,0,4,1,5,0
1212,1,89,salineros,213,170,3,817,171,0,523,0,44,91,0,1,0,4,1,6,0
1212,1,90,salineros,222,177,3,808,137,0,526,0,52,99,0,1,0,4,1,7,0
1212,1,91,salineros,224,185,3,834,148,0,529,0,56,107,0,1,0,4,1,4,0
1212,1,92,salineros,242,235,4,806,167,0,531,0,61,112,0,0,0,4,1,6,0
1212,1,93,salineros,242,239,4,832,169,0,533,0,61,122,0,1,0,4,1,6,0
1212,1,94,salineros,242,239,4,861,167,0,535,0,61,122,0,1,0,4,1,6,0
1212,1,95,salineros,242,239,4,884,142,0,538,0,44,105,0,0,0,4,1,6,0
1212,1,96,salineros,242,239,4,901,124,0,541,0,44,97,0,1,0,4,1,5,0
1212,1,97,salineros,243,243,4,927,114,0,544,0,49,102,0,1,0,4,1,6,0
1212,1,98,salineros,243,243,4,944,107,0,548,0,53,107,0,1,0,4,1,6,0
1212,1,99,salineros,243,243,4,909,102,0,552,0,53,107,0,1,0,4,1,5,0
1212,1,100,salineros,243,243,4,924,97,0,556,0,53,107,0,0,0,4,1,5,0
1212,1,101,salineros,244,249,4,938,104,0,560,0,65,119,0,1,0,4,1,4,0
1212,1,102,salineros,246,255,4,961,111,0,564,0,65,128,0,0,0,4,1,4,0
1212,1,103,salineros,247,262,4,936,117,0,568,0,65,130,0,0,0,4,1,4,0
1212,1,104,salineros,247,262,4,962,121,0,572,0,65,132,0,0,0,4,1,6,0
1212,1,105,salineros,247,262,4,957,83,0,577,0,65,132,0,1,0,4,1,6,0
1212,1,106,salineros,247,262,4,982,85,0,582,0,65,132,0,1,0,4,1,4,0
1212,1,107,salineros,267,321,5,961,141,0,586,0,117,184,0,0,0,4,1,4,0
1212,1,108,salineros,269,330,5,977,182,0,589,0,117,194,0,0,0,4,1,6,0
1212,1,109,salineros,271,340,5,1009,219,0,591,0,117,196,0,1,0,4,1,4,0
1212,1,110,salineros,273,350,5,1057,257,0,592,0,122,203,0,0,0,4,1,5,0
1212,1,111,salineros,274,357,5,1087,280,0,593,0,122,203,0,0,0,4,1,6,0
1212,1,112,salineros,276,366,5,1131,298,0,592,0,122,207,0,0,0,4,1,10,0
1212,1,113,salineros,276,366,5,1139,289,0,592,0,86,175,0,1,0,4,1,7,0
1212,1,114,salineros,286,376,5,1196,291,0,592,0,95,184,0,0,0,4,1,6,0
1212,1,115,salineros,287,383,5,1253,290,0,592,0,95,184,0,0,0,4,1,5,0
1212,1,116,salineros,287,383,5,1310,288,0,593,0,95,184,0,0,0,4,1,5,0
1212,1,117,salineros,287,383,5,1321,286,0,594,0,95,184,0,0,0,4,1,5,0
1212,1,118,salineros,287,383,5,1381,284,0,595,0,95,184,0,0,0,4,1,6,0
1212,1,119,salineros,287,383,5,1430,250,0,596,0,63,152,0,0,0,4,1,5,0
1212,1,120,salineros,287,383,5,1480,202,0,598,0,63,143,0,0,0,4,1,10,0
1212,1,121,salineros,287,383,5,1479,166,0,601,0,63,143,0,1,0,4,1,5,0
1212,1,122,salineros,295,383,5,1514,140,0,605,0,68,148,0,0,0,4,1,7,0
1212,1,123,salineros,295,383,5,1546,117,0,609,0,68,148,0,0,0,4,1,4,0
1212,1,124,salineros,295,383,5,1577,94,0,614,0,68,148,0,0,0,4,1,4,0
1212,1,125,salineros,295,383,5,1558,87,0,619,0,84,164,0,0,0,4,1,4,0
1212,1,126,salineros,295,383,5,1597,80,0,624,0,84,173,0,0,0,4,1,5,0
1212,1,127,salineros,295,383,5,1640,73,0,629,0,84,173,0,0,0,4,1,4,0
1212,1,128,salineros,295,383,5,1682,64,0,634,0,84,173,0,1,0,4,1,4,0
1212,1,129,salineros,295,383,5,1673,57,0,639,0,84,173,0,0,0,4,1,4,0
1212,1,130,salineros,296,387,5,1724,50,0,644,0,84,173,0,0,0,4,1,6,0
1212,1,131,salineros,298,397,5,1766,108,0,648,0,150,241,0,0,0,4,1,4,0
1212,1,132,salineros,300,407,5,1794,163,0,651,0,150,243,0,0,0,4,1,5,0
1212,1,133,salineros,302,418,5,1791,214,0,653,0,150,247,0,1,0,4,1,5,0
1212,1,134,salineros,304,429,5,1836,266,0,654,0,155,252,0,0,0,4,1,6,0
1212,1,135,salineros,307,441,5,1903,310,0,654,0,155,254,0,1,0,4,1,5,0
1212,1,136,salineros,309,453,5,1954,348,0,653,0,160,263,0,0,0,4,1,6,0
1212,1,137,salineros,310,456,5,1979,334,0,652,0,114,217,0,0,0,4,1,10,0
1212,1,138,salineros,310,456,5,2055,332,0,652,0,114,219,0,0,0,4,1,6,0
1212,1,139,salineros,318,456,5,2130,330,0,652,0,114,219,0,0,0,4,1,5,0
1212,1,140,salineros,318,456,5,2205,328,0,652,0,114,219,0,0,0,4,1,5,0
1212,1,141,salineros,318,456,5,2229,326,0,652,0,114,219,0,0,0,4,1,5,0
1212,1,142,salineros,318,456,5,2303,324,0,652,0,114,219,0,0,0,4,1,6,0
1212,1,143,salineros,318,456,5,2377,284,0,653,0,78,183,0,0,0,4,1,5,0
1212,1,144,salineros,318,456,5,2441,244,0,654,0,78,174,0,1,0,4,1,5,0
1212,1,145,salineros,319,460,5,2465,207,0,656,0,78,174,0,0,0,4,1,6,0
1212,1,146,salineros,319,460,5,2529,168,0,659,0,78,174,0,0,0,4,1,6,0
1212,1,147,salineros,319,460,5,2583,132,0,663,0,78,174,0,0,0,4,1,4,0
1212,1,148,salineros,319,460,5,2633,99,0,667,0,78,174,0,0,0,4,1,4,0
1212,1,149,salineros,319,460,5,2632,82,0,672,0,94,190,0,0,0,4,1,4,0
1212,1,150,salineros,319,460,5,2690,65,0,677,0,94,199,0,0,0,4,1,5,0
1212,1,151,salineros,319,460,5,2746,48,0,682,0,94,199,0,0,0,4,1,5,0
1212,1,152,salineros,318,460,5,2802,44,0,690,0,94,201,1,0,0,4,1,4,0
1212,1,153,salineros,317,460,5,2808,44,0,698,0,89,196,1,0,0,4,1,4,0
1212,1,154,salineros,314,450,5,2863,44,0,706,0,89,196,1,0,0,4,1,4,0
1212,1,155,salineros,316,461,5,2914,83,0,713,0,147,250,0,0,0,4,1,5,0
1212,1,156,salineros,317,468,5,2956,119,0,719,0,147,238,0,0,0,4,1,5,0
1212,1,157,salineros,319,476,5,2995,153,0,724,0,147,228,0,0,0,4,1,5,0
1212,1,158,salineros,321,486,5,3024,185,0,729,0,147,217,0,0,0,4,1,5,0
1212,1,159,salineros,323,497,5,3047,220,0,733,0,152,214,0,0,0,4,1,4,0
1212,1,160,salineros,325,508,5,3085,252,0,736,0,155,218,0,0,0,4,1,5,0
1212,1,161,salineros,325,508,5,3077,235,0,740,0,112,175,0,0,0,4,1,6,0
1212,1,162,salineros,325,508,5,3119,220,0,744,0,114,177,0,0,0,4,1,6,0
1212,1,163,salineros,325,508,5,3161,205,0,748,0,114,177,0,0,0,4,1,6,0
1212,1,164,salineros,325,508,5,3210,194,0,752,0,118,189,0,0,0,4,1,6,0
1212,1,165,salineros,325,508,5,3216,183,0,757,0,118,196,0,0,0,4,1,6,0
1212,1,166,salineros,325,508,5,3266,175,0,762,0,118,204,0,0,0,4,1,5,0
1212,1,167,salineros,325,508,5,3317,134,0,768,0,82,168,0,0,0,4,1,5,0
1212,1,168,salineros,325,508,5,3363,93,0,775,0,82,164,0,0,0,4,1,4,0
1212,1,169,salineros,325,508,5,3358,52,0,782,0,82,164,0,0,0,4,1,4,0
1212,1,170,salineros,324,508,5,3402,44,0,790,0,82,164,1,0,0,4,1,5,0
1212,1,171,salineros,323,508,5,3445,44,0,798,0,82,164,1,0,0,4,1,4,0
1212,1,172,salineros,320,495,5,3488,44,0,806,0,82,164,1,0,0,4,1,4,0
1212,1,173,salineros,316,482,5,3479,44,0,814,0,98,178,1,0,0,4,1,4,0
1212,1,174,salineros,312,469,5,3526,44,0,822,0,94,181,1,0,0,4,1,4,0
1212,1,175,salineros,309,457,5,3571,44,0,830,0,89,174,1,0,0,4,1,4,0
1212,1,176,salineros,306,445,5,3614,44,0,838,0,89,173,1,0,0,4,1,5,0
1212,1,177,salineros,302,434,5,3652,44,0,845,0,79,153,1,0,0,4,1,5,0
1212,1,178,salineros,299,424,5,3680,44,0,852,0,76,141,1,0,0,4,1,5,0
1212,1,179,salineros,299,424,5,3699,61,0,856,0,119,171,0,0,0,4,1,5,0
1212,1,180,salineros,302,438,5,3712,82,0,862,0,123,171,0,0,0,4,1,5,0
1212,1,181,salineros,305,453,5,3721,107,0,867,0,130,175,0,0,0,4,1,4,0
1212,1,182,salineros,308,469,5,3732,133,0,872,0,135,182,0,0,0,4,1,4,0
1212,1,183,salineros,312,485,5,3742,160,0,876,0,140,187,0,0,0,4,1,4,0
1212,1,184,salineros,314,499,5,3753,196,0,880,0,153,203,0,0,0,4,1,4,0
1212,1,185,salineros,314,499,5,3778,178,0,885,0,105,155,0,0,0,4,1,5,0
1212,1,186,salineros,314,499,5,3793,165,0,890,0,110,160,0,0,0,4,1,4,0
1212,1,187,salineros,314,499,5,3758,158,0,895,0,113,163,0,0,0,4,1,5,0
1212,1,188,salineros,314,499,5,3772,153,0,900,0,115,165,0,0,0,4,1,5,0
1212,1,189,salineros,314,499,5,3785,151,0,905,0,118,168,0,0,0,4,1,4,0
1212,1,190,salineros,314,499,5,3798,145,0,910,0,114,164,0,0,0,4,1,5,0
1212,1,191,salineros,314,499,5,3767,107,0,916,0,82,140,0,0,0,4,1,5,0
1212,1,192,salineros,314,499,5,3793,69,0,923,0,82,147,0,0,0,4,1,6,0
1212,1,193,salineros,313,499,5,3827,44,0,931,0,79,152,1,0,0,4,1,5,0
1212,1,194,salineros,312,499,5,3867,44,0,939,0,79,157,1,0,0,4,1,4,0
1212,1,195,salineros,309,486,5,3857,44,0,947,0,79,157,1,0,0,4,1,4,0
1212,1,196,salineros,305,473,5,3895,44,0,955,0,76,152,1,0,0,4,1,4,0
1212,1,197,salineros,302,461,5,3933,44,0,963,0,82,155,1,0,0,4,1,4,0
1212,1,198,salineros,298,449,5,3976,44,0,971,0,82,161,1,0,0,4,1,5,0
1212,1,199,salineros,295,438,5,4010,44,0,979,0,77,148,1,0,0,4,1,5,0
1212,1,200,salineros,292,427,5,4036,44,0,987,0,73,136,1,0,0,4,1,5,0
1212-2,1,1,arrieros,34,91,1,42,64,0,0,0,15,33,0,0,0,0,1,4,0
1212-2,1,2,arrieros,33,87,1,35,48,0,0,0,15,24,0,0,0,0,1,2,0
1212-2,1,3,arrieros,33,87,1,39,39,0,0,0,15,23,0,0,0,0,1,0,1
1212-2,1,4,arrieros,33,87,1,43,30,0,0,0,15,23,0,0,0,0,1,0,1
1212-2,1,5,arrieros,33,87,1,47,26,0,0,0,20,28,0,1,0,0,1,0,1
1212-2,1,6,arrieros,33,87,1,67,24,0,0,0,20,44,0,0,0,0,1,3,0
1212-2,1,7,arrieros,33,87,1,102,23,0,0,0,20,44,0,0,0,0,1,2,0
1212-2,1,8,arrieros,33,87,1,90,23,0,0,0,20,44,0,0,0,0,1,2,0
1212-2,1,9,arrieros,33,87,1,90,31,0,0,0,20,44,0,0,0,0,1,2,0
1212-2,1,10,arrieros,33,87,1,89,37,0,0,0,20,44,0,0,0,0,1,2,0
1212-2,1,11,arrieros,33,87,1,91,62,0,0,0,40,64,0,0,0,0,1,2,0
1212-2,1,12,arrieros,32,83,1,77,79,0,0,0,40,64,0,0,0,0,1,3,0
1212-2,1,13,arrieros,46,79,1,80,98,0,0,0,40,64,0,0,0,1,1,3,0
1212-2,1,14,arrieros,46,75,1,73,113,0,0,0,40,62,0,0,0,1,1,3,0
1212-2,1,15,arrieros,45,71,1,81,129,0,0,0,40,62,0,0,0,1,1,3,0
1212-2,1,16,arrieros,45,71,1,80,147,0,0,0,40,62,0,0,0,1,1,2,0
1212-2,1,17,arrieros,45,71,1,84,129,0,0,0,25,47,0,0,0,1,1,12,0
1212-2,1,18,arrieros,63,71,1,88,132,0,0,0,25,47,0,0,0,2,1,2,0
1212-2,1,19,arrieros,63,71,1,82,135,0,0,0,25,47,0,0,0,2,1,2,0
1212-2,1,20,arrieros,63,71,1,86,136,0,0,0,25,47,0,1,0,2,1,2,0
1212-2,1,21,arrieros,63,71,1,90,115,0,0,0,25,51,0,0,0,2,1,12,0
1212-2,1,22,arrieros,63,71,1,84,119,0,0,0,25,51,0,0,0,2,1,2,0
1212-2,1,23,arrieros,71,71,1,91,113,0,0,0,15,41,0,0,0,2,1,2,0
1212-2,1,24,arrieros,71,71,1,78,107,0,0,0,15,34,0,0,0,2,1,3,0
1212-2,1,25,arrieros,71,71,1,80,99,0,0,0,15,34,0,0,0,2,1,2,0
1212-2,1,26,arrieros,71,71,1,78,73,0,0,0,15,34,0,1,0,2,1,12,0
1212-2,1,27,arrieros,79,71,1,76,74,0,0,0,15,34,0,0,0,2,1,3,0
1212-2,1,28,arrieros,79,71,1,92,75,0,0,0,15,34,0,0,0,2,1,3,0
1212-2,1,29,arrieros,79,71,1,90,79,0,0,0,20,39,0,0,0,2,1,4,0
1212-2,1,30,arrieros,79,71,1,110,61,0,0,0,20,46,0,0,0,2,1,13,0
1212-2,1,31,arrieros,87,71,1,107,68,0,0,0,20,46,0,0,0,2,1,4,0
1212-2,1,32,arrieros,87,71,1,112,75,0,0,0,20,46,0,0,0,2,1,4,0
1212-2,1,33,arrieros,87,71,1,106,81,0,0,0,20,46,0,0,0,2,1,4,0
1212-2,1,34,arrieros,87,71,1,112,53,0,0,0,20,46,0,0,0,2,1,15,0
1212-2,1,35,arrieros,95,71,1,114,71,0,0,0,33,59,0,1,0,2,1,3,0
1212-2,1,36,arrieros,95,71,1,92,93,0,0,0,33,59,0,0,0,2,1,3,0
1212-2,1,37,arrieros,95,71,1,96,114,0,0,0,33,59,0,0,0,2,1,2,0
1212-2,1,38,arrieros,95,71,1,91,133,0,0,0,33,59,0,0,0,2,1,3,0
1212-2,1,39,arrieros,95,71,1,110,144,0,0,0,33,59,0,0,0,2,1,3,0
1212-2,1,40,arrieros,95,71,1,101,154,0,0,0,33,59,0,0,0,2,1,4,0
1212-2,1,41,arrieros,95,71,1,108,154,0,0,0,25,51,0,1,0,2,1,2,0
1212-2,1,42,arrieros,96,79,1,110,178,0,0,0,25,51,0,0,0,2,1,4,0
1212-2,1,43,arrieros,96,75,1,77,171,0,0,0,25,51,0,0,0,2,1,4,0
1212-2,1,44,arrieros,95,71,1,87,145,0,0,0,25,51,0,1,0,2,1,8,0
1212-2,1,45,arrieros,95,71,1,87,130,0,0,0,25,51,0,0,0,2,1,8,0
1212-2,1,46,arrieros,103,71,1,90,131,0,0,0,25,51,0,1,0,2,1,2,0
1212-2,1,47,arrieros,103,71,1,83,124,0,0,0,15,41,0,0,0,2,1,2,0
1212-2,1,48,arrieros,103,71,1,82,118,0,0,0,15,34,0,0,0,2,1,2,0
1212-2,1,49,arrieros,103,71,1,78,112,0,0,0,15,34,0,0,0,2,1,3,0
1212-2,1,50,arrieros,103,71,1,106,106,0,0,0,15,34,0,0,0,2,1,3,0
1212-2,1,51,arrieros,103,71,1,96,100,0,0,0,15,34,0,0,0,2,1,4,0
1212-2,1,52,arrieros,103,71,1,104,97,0,0,0,15,34,0,0,0,2,1,3,0
1212-2,1,53,arrieros,103,71,1,96,104,0,0,0,20,39,0,0,0,2,1,4,0
1212-2,1,54,arrieros,104,75,1,111,109,0,0,0,20,46,0,0,0,2,1,5,0
1212-2,1,55,arrieros,104,75,1,99,108,0,0,0,20,46,0,0,0,2,1,6,0
1212-2,1,56,arrieros,103,71,1,101,86,0,0,0,20,46,0,0,0,2,1,10,0
1212-2,1,57,arrieros,103,71,1,110,73,0,0,0,20,46,0,0,0,2,1,9,0
1212-2,1,58,arrieros,111,71,1,108,79,0,0,0,20,46,0,0,0,2,1,4,0
1212-2,1,59,arrieros,111,71,1,112,104,0,0,0,40,66,0,0,0,2,1,4,0
1212-2,1,60,arrieros,111,71,1,112,128,0,0,0,40,66,0,0,0,2,1,4,0
1212-2,1,61,arrieros,111,71,1,108,149,0,0,0,40,66,0,0,0,2,1,3,0
1212-2,1,62,arrieros,111,71,1,114,166,0,0,0,40,66,0,0,0,2,1,3,0
1212-2,1,63,arrieros,111,71,1,107,182,0,0,0,40,66,0,0,0,2,1,3,0
1212-2,1,64,arrieros,111,71,1,113,197,0,0,0,40,66,0,0,0,2,1,3,0
1212-2,1,65,arrieros,111,71,1,106,199,0,0,0,25,51,0,0,0,2,1,4,0
1212-2,1,66,arrieros,112,75,1,150,210,0,0,0,25,51,0,0,0,2,1,4,0
1212-2,1,67,arrieros,112,75,1,120,212,0,0,0,25,51,0,0,0,2,1,5,0
1212-2,1,68,arrieros,111,71,1,128,188,0,0,0,25,51,0,0,0,2,1,9,0
1212-2,1,69,arrieros,111,71,1,139,173,0,0,0,25,51,0,0,0,2,1,8,0
1212-2,1,70,arrieros,119,71,1,140,176,0,0,0,25,51,0,0,0,2,1,3,0
1212-2,1,71,arrieros,119,71,1,134,169,0,0,0,15,41,0,0,0,2,1,3,0
1212-2,1,72,arrieros,119,71,1,133,162,0,0,0,15,34,0,0,0,2,1,3,0
1212-2,1,73,arrieros,119,71,1,130,156,0,0,0,15,34,0,0,0,2,1,3,0
1212-2,1,74,arrieros,119,71,1,127,150,0,0,0,15,34,0,0,0,2,1,3,0
1212-2,1,75,arrieros,119,71,1,133,144,0,0,0,15,34,0,0,0,2,1,3,0
1212-2,1,76,arrieros,119,71,1,131,138,0,0,0,15,34,0,0,0,2,1,4,0
1212-2,1,77,arrieros,120,75,1,140,141,0,0,0,20,39,0,0,0,2,1,5,0
1212-2,1,78,arrieros,119,71,1,127,140,0,0,0,20,46,0,0,0,2,1,5,0
1212-2,1,79,arrieros,120,75,1,144,126,0,0,0,20,46,0,0,0,2,1,10,0
1212-2,1,80,arrieros,119,71,1,120,125,0,0,0,20,46,0,0,0,2,1,5,0
1212-2,1,81,arrieros,127,71,1,144,112,0,0,0,20,46,0,0,0,2,1,8,0
1212-2,1,82,arrieros,127,71,1,129,118,0,0,0,20,46,0,0,0,2,1,4,0
1212-2,1,83,arrieros,127,71,1,145,143,0,0,0,40,66,0,0,0,2,1,4,0
1212-2,1,84,arrieros,127,71,1,138,167,0,0,0,40,66,0,0,0,2,1,4,0
1212-2,1,85,arrieros,127,71,1,143,189,0,0,0,40,66,0,0,0,2,1,3,0
1212-2,1,86,arrieros,127,71,1,136,206,0,0,0,40,66,0,0,0,2,1,3,0
1212-2,1,87,arrieros,127,71,1,142,222,0,0,0,40,66,0,0,0,2,1,3,0
1212-2,1,88,arrieros,127,71,1,137,237,0,0,0,40,66,0,0,0,2,1,3,0
1212-2,1,89,arrieros,127,71,1,145,237,0,0,0,25,51,0,0,0,2,1,3,0
1212-2,1,90,arrieros,128,75,1,146,244,0,0,0,25,51,0,0,0,2,1,4,0
1212-2,1,91,arrieros,128,75,1,136,241,0,0,0,25,51,0,0,0,2,1,5,0
1212-2,1,92,arrieros,127,71,1,130,215,0,0,0,25,51,0,0,0,2,1,9,0
1212-2,1,93,arrieros,127,71,1,133,199,0,0,0,25,51,0,0,0,2,1,8,0
1212-2,1,94,arrieros,135,71,1,141,201,0,0,0,25,51,0,0,0,2,1,3,0
1212-2,1,95,arrieros,135,71,1,138,193,0,0,0,15,41,0,0,0,2,1,3,0
1212-2,1,96,arrieros,135,71,1,141,185,0,0,0,15,34,0,0,0,2,1,3,0
1212-2,1,97,arrieros,135,71,1,129,178,0,0,0,15,34,0,0,0,2,1,3,0
1212-2,1,98,arrieros,135,71,1,141,171,0,0,0,15,34,0,0,0,2,1,3,0
1212-2,1,99,arrieros,135,71,1,126,164,0,0,0,15,34,0,0,0,2,1,3,0
1212-2,1,100,arrieros,135,71,1,137,158,0,0,0,15,34,0,0,0,2,1,3,0
1212-2,1,101,arrieros,136,75,1,137,157,0,0,0,20,39,0,0,0,2,1,4,0
1212-2,1,102,arrieros,135,71,1,129,149,0,0,0,20,46,0,0,0,2,1,4,0
1212-2,1,103,arrieros,136,75,1,149,129,0,0,0,20,46,0,0,0,2,1,9,0
1212-2,1,104,arrieros,135,71,1,126,127,0,0,0,25,51,0,0,0,2,1,5,0
1212-2,1,105,arrieros,143,71,1,142,120,0,0,0,25,51,0,0,0,2,1,10,0
1212-2,1,106,arrieros,143,71,1,161,133,0,0,0,25,51,0,0,0,2,1,3,0
1212-2,1,107,arrieros,143,71,1,167,169,0,0,0,50,76,0,0,0,2,1,4,0
1212-2,1,108,arrieros,143,71,1,166,204,0,0,0,50,76,0,0,0,2,1,4,0
1212-2,1,109,arrieros,143,71,1,170,237,0,0,0,50,76,0,0,0,2,1,3,0
1212-2,1,110,arrieros,143,71,1,164,253,0,0,0,40,66,0,0,0,2,1,3,0
1212-2,1,111,arrieros,143,71,1,173,269,0,0,0,40,66,0,0,0,2,1,3,0
1212-2,1,112,arrieros,143,71,1,168,284,0,0,0,40,66,0,0,0,2,1,3,0
1212-2,1,113,arrieros,143,71,1,176,284,0,0,0,25,51,0,0,0,2,1,3,0
1212-2,1,114,arrieros,144,75,1,176,291,0,0,0,25,51,0,0,0,2,1,4,0
1212-2,1,115,arrieros,144,75,1,167,288,0,0,0,25,51,0,0,0,2,1,5,0
1212-2,1,116,arrieros,143,71,1,162,262,0,0,0,25,51,0,0,0,2,1,9,0
1212-2,1,117,arrieros,143,71,1,166,246,0,0,0,25,51,0,0,0,2,1,8,0
1212-2,1,118,arrieros,151,71,1,170,248,0,0,0,25,51,0,0,0,2,1,3,0
1212-2,1,119,arrieros,151,71,1,164,240,0,0,0,15,41,0,0,0,2,1,3,0
1212-2,1,120,arrieros,151,71,1,162,232,0,0,0,15,34,0,0,0,2,1,3,0
1212-2,1,121,arrieros,151,71,1,158,224,0,0,0,15,34,0,0,0,2,1,3,0
1212-2,1,122,arrieros,151,71,1,114,217,0,0,0,15,34,0,0,0,2,1,3,0
1212-2,1,123,arrieros,151,71,1,139,208,0,0,0,15,34,0,0,0,2,1,2,0
1212-2,1,124,arrieros,151,71,1,154,200,0,0,0,15,34,0,0,0,2,1,3,0
1212-2,1,125,arrieros,152,75,1,157,197,0,0,0,20,39,0,0,0,2,1,4,0
1212-2,1,126,arrieros,151,71,1,153,187,0,0,0,20,46,0,0,0,2,1,5,0
1212-2,1,127,arrieros,151,71,1,162,171,0,0,0,20,46,0,0,0,2,1,9,0
1212-2,1,128,arrieros,152,75,1,167,177,0,0,0,20,46,0,0,0,2,1,5,0
1212-2,1,129,arrieros,159,71,1,156,174,0,0,0,20,46,0,0,0,2,1,5,0
1212-2,1,130,arrieros,159,71,1,163,178,0,0,0,20,46,0,0,0,2,1,4,0
1212-2,1,131,arrieros,159,71,1,161,201,0,0,0,40,66,0,0,0,2,1,4,0
1212-2,1,132,arrieros,159,71,1,163,223,0,0,0,40,66,0,0,0,2,1,3,0
1212-2,1,133,arrieros,159,71,1,168,238,0,0,0,40,66,0,0,0,2,1,3,0
1212-2,1,134,arrieros,159,71,1,173,252,0,0,0,40,66,0,0,0,2,1,3,0
1212-2,1,135,arrieros,159,71,1,164,266,0,0,0,40,66,0,0,0,2,1,3,0
1212-2,1,136,arrieros,159,71,1,171,279,0,0,0,40,66,0,0,0,2,1,3,0
1212-2,1,137,arrieros,159,71,1,165,258,0,0,0,25,51,0,0,0,2,1,8,0
1212-2,1,138,arrieros,159,71,1,167,257,0,0,0,25,51,0,0,0,2,1,3,0
1212-2,1,139,arrieros,168,75,1,177,259,0,0,0,25,51,0,0,0,2,1,4,0
1212-2,1,140,arrieros,167,71,1,159,251,0,0,0,25,51,0,0,0,2,1,4,0
1212-2,1,141,arrieros,167,71,1,171,233,0,0,0,25,51,0,0,0,2,1,8,0
1212-2,1,142,arrieros,167,71,1,161,233,0,0,0,25,51,0,0,0,2,1,3,0
1212-2,1,143,arrieros,167,71,1,163,224,0,0,0,15,41,0,0,0,2,1,3,0
1212-2,1,144,arrieros,167,71,1,158,215,0,0,0,15,34,0,0,0,2,1,3,0
1212-2,1,145,arrieros,167,71,1,166,206,0,0,0,15,34,0,0,0,2,1,3,0
1212-2,1,146,arrieros,167,71,1,162,198,0,0,0,15,34,0,0,0,2,1,3,0
1212-2,1,147,arrieros,175,71,1,161,190,0,0,0,15,34,0,0,0,2,1,4,0
1212-2,1,148,arrieros,175,71,1,166,184,0,0,0,15,34,0,0,0,2,1,3,0
1212-2,1,149,arrieros,175,71,1,159,190,0,0,0,20,39,0,0,0,2,1,4,0
1212-2,1,150,arrieros,176,75,1,177,194,0,0,0,20,46,0,0,0,2,1,5,0
1212-2,1,151,arrieros,175,71,1,154,190,0,0,0,20,46,0,0,0,2,1,6,0
1212-2,1,152,arrieros,175,71,1,170,173,0,0,0,20,46,0,0,0,2,1,9,0
1212-2,1,153,arrieros,175,71,1,169,177,0,0,0,20,46,0,0,0,2,1,4,0
1212-2,1,154,arrieros,183,71,1,169,181,0,0,0,20,46,0,0,0,2,1,4,0
1212-2,1,155,arrieros,183,71,1,172,204,0,0,0,40,66,0,0,0,2,1,4,0
1212-2,1,156,arrieros,183,71,1,169,226,0,0,0,40,66,0,0,0,2,1,3,0
1212-2,1,157,arrieros,183,71,1,179,241,0,0,0,40,66,0,0,0,2,1,3,0
1212-2,1,158,arrieros,184,75,1,175,255,0,0,0,40,66,0,0,0,2,1,4,0
1212-2,1,159,arrieros,183,71,1,163,263,0,0,0,40,66,0,0,0,2,1,4,0
1212-2,1,160,arrieros,183,71,1,171,276,0,0,0,40,66,0,0,0,2,1,3,0
1212-2,1,161,arrieros,183,71,1,162,254,0,0,0,25,51,0,0,0,2,1,8,0
1212-2,1,162,arrieros,183,71,1,169,253,0,0,0,25,51,0,0,0,2,1,3,0
1212-2,1,163,arrieros,191,71,1,173,252,0,0,0,25,51,0,0,0,2,1,3,0
1212-2,1,164,arrieros,192,75,1,167,252,0,0,0,25,51,0,0,0,2,1,4,0
1212-2,1,165,arrieros,191,71,1,163,246,0,0,0,25,51,0,0,0,2,1,4,0
1212-2,1,166,arrieros,191,71,1,166,226,0,0,0,25,51,0,0,0,2,1,8,0
1212-2,1,167,arrieros,191,71,1,167,217,0,0,0,15,41,0,0,0,2,1,3,0
1212-2,1,168,arrieros,199,71,1,161,208,0,0,0,15,34,0,0,0,2,1,3,0
1212-2,1,169,arrieros,199,71,1,155,200,0,0,0,15,34,0,0,0,2,1,3,0
1212-2,1,170,arrieros,199,71,1,161,192,0,0,0,15,34,0,0,0,2,1,3,0
1212-2,1,171,arrieros,199,71,1,152,184,0,0,0,15,34,0,0,0,2,1,4,0
1212-2,1,172,arrieros,199,71,1,159,184,0,0,0,15,34,0,0,0,2,1,3,0
1212-2,1,173,arrieros,199,71,1,160,189,0,0,0,20,39,0,0,0,2,1,4,0
1212-2,1,174,arrieros,199,71,1,168,192,0,0,0,20,46,0,0,0,2,1,4,0
1212-2,1,175,arrieros,199,71,1,166,195,0,0,0,20,46,0,0,0,2,1,4,0
1212-2,1,176,arrieros,200,75,1,178,199,0,0,0,20,46,0,0,0,2,1,5,0
1212-2,1,177,arrieros,199,71,1,159,195,0,0,0,20,46,0,0,0,2,1,5,0
1212-2,1,178,arrieros,200,75,1,175,198,0,0,0,20,46,0,0,0,2,1,5,0
1212-2,1,179,arrieros,199,71,1,157,213,0,0,0,40,66,0,0,0,2,1,5,0
1212-2,1,180,arrieros,199,71,1,172,234,0,0,0,40,66,0,0,0,2,1,3,0
1212-2,1,181,arrieros,199,71,1,163,248,0,0,0,40,66,0,0,0,2,1,3,0
1212-2,1,182,arrieros,199,71,1,170,262,0,0,0,40,66,0,0,0,2,1,3,0
1212-2,1,183,arrieros,199,71,1,164,275,0,0,0,40,66,0,0,0,2,1,3,0
1212-2,1,184,arrieros,199,71,1,166,288,0,0,0,40,66,0,0,0,2,1,3,0
1212-2,1,185,arrieros,199,71,1,170,246,0,0,0,25,51,0,0,0,2,1,13,0
1212-2,1,186,arrieros,199,71,1,164,246,0,0,0,25,51,0,0,0,2,1,3,0
1212-2,1,187,arrieros,207,71,1,165,246,0,0,0,25,51,0,0,0,2,1,3,0
1212-2,1,188,arrieros,207,71,1,168,246,0,0,0,25,51,0,0,0,2,1,3,0
1212-2,1,189,arrieros,207,71,1,171,246,0,0,0,25,51,0,0,0,2,1,3,0
1212-2,1,190,arrieros,207,71,1,160,246,0,0,0,25,51,0,0,0,2,1,3,0
1212-2,1,191,arrieros,207,71,1,165,236,0,0,0,15,41,0,0,0,2,1,3,0
1212-2,1,192,arrieros,207,71,1,162,226,0,0,0,15,34,0,0,0,2,1,3,0
1212-2,1,193,arrieros,207,71,1,159,217,0,0,0,15,34,0,0,0,2,1,3,0
1212-2,1,194,arrieros,207,71,1,168,208,0,0,0,15,34,0,0,0,2,1,3,0
1212-2,1,195,arrieros,207,71,1,161,200,0,0,0,15,34,0,0,0,2,1,3,0
1212-2,1,196,arrieros,207,71,1,159,192,0,0,0,15,34,0,0,0,2,1,3,0
1212-2,1,197,arrieros,208,79,1,175,189,0,0,0,20,39,0,0,0,2,1,6,0
1212-2,1,198,arrieros,208,75,1,155,185,0,0,0,20,46,0,0,0,2,1,5,0
1212-2,1,199,arrieros,207,71,1,160,162,0,0,0,20,46,0,0,0,2,1,10,0
1212-2,1,200,arrieros,207,71,1,169,146,0,0,0,20,46,0,0,0,2,1,9,0
1212-2,1,1,canteros,39,116,1,40,56,0,0,0,18,48,0,0,0,0,1,4,0
1212-2,1,2,canteros,39,116,1,47,42,0,0,0,18,34,0,0,0,0,1,0,1
1212-2,1,3,canteros,39,116,1,54,28,0,0,0,18,34,0,1,0,0,1,0,1
1212-2,1,4,canteros,39,116,1,69,17,0,0,0,18,42,0,0,0,0,1,1,0
1212-2,1,5,canteros,39,116,1,79,5,0,0,0,17,41,0,0,0,0,1,2,0
1212-2,1,6,canteros,38,116,1,89,1,0,0,0,17,52,1,0,0,0,1,2,0
1212-2,1,7,canteros,37,116,1,97,4,0,0,0,17,52,1,0,0,0,1,3,0
1212-2,1,8,canteros,35,113,1,94,4,0,0,0,17,52,1,0,0,0,1,3,0
1212-2,1,9,canteros,34,110,1,101,4,0,0,0,17,52,1,0,0,0,1,3,0
1212-2,1,10,canteros,32,107,1,100,4,0,0,0,17,52,1,0,0,0,1,3,0
1212-2,1,11,canteros,32,107,1,99,29,0,0,0,48,81,0,0,0,0,1,3,0
1212-2,1,12,canteros,32,107,1,98,53,0,0,0,48,81,0,0,0,0,1,3,0
1212-2,1,13,canteros,32,107,1,97,76,0,0,0,48,81,0,0,0,0,1,3,0
1212-2,1,14,canteros,31,103,1,77,89,0,0,0,48,81,0,0,0,0,1,4,0
1212-2,1,15,canteros,45,99,1,74,102,0,0,0,48,81,0,0,0,1,1,3,0
1212-2,1,16,canteros,45,99,1,89,125,0,0,0,48,79,0,0,0,1,1,2,0
1212-2,1,17,canteros,45,99,1,87,115,0,0,0,30,61,0,0,0,1,1,7,0
1212-2,1,18,canteros,45,99,1,94,124,0,0,0,30,60,0,0,0,1,1,2,0
1212-2,1,19,canteros,63,99,1,95,131,0,0,0,30,60,0,0,0,2,1,2,0
1212-2,1,20,canteros,63,99,1,91,139,0,0,0,30,60,0,0,0,2,1,3,0
1212-2,1,21,canteros,63,99,1,93,147,0,0,0,30,60,0,0,0,2,1,2,0
1212-2,1,22,canteros,63,99,1,92,154,0,0,0,30,60,0,0,0,2,1,3,0
1212-2,1,23,canteros,63,99,1,93,133,0,0,0,18,48,0,0,0,2,1,7,0
1212-2,1,24,canteros,63,99,1,86,122,0,0,0,18,39,0,0,0,2,1,2,0
1212-2,1,25,canteros,71,99,1,81,119,0,0,0,18,39,0,0,0,2,1,2,0
1212-2,1,26,canteros,71,99,1,82,115,0,0,0,18,39,0,0,0,2,1,2,0
1212-2,1,27,canteros,71,99,1,81,110,0,0,0,18,39,0,0,0,2,1,2,0
1212-2,1,28,canteros,71,99,1,80,105,0,0,0,18,39,0,0,0,2,1,2,0
1212-2,1,29,canteros,71,99,1,83,97,0,0,0,24,45,0,0,0,2,1,7,0
1212-2,1,30,canteros,71,99,1,89,98,0,0,0,24,54,0,0,0,2,1,2,0
1212-2,1,31,canteros,79,99,1,88,100,0,0,0,24,54,0,0,0,2,1,2,0
1212-2,1,32,canteros,79,99,1,93,103,0,0,0,24,54,0,0,0,2,1,2,0
1212-2,1,33,canteros,79,99,1,93,105,0,0,0,24,54,0,0,0,2,1,2,0
1212-2,1,34,canteros,79,99,1,105,108,0,0,0,24,54,0,0,0,2,1,3,0
1212-2,1,35,canteros,79,99,1,116,131,0,0,0,48,77,0,0,0,2,1,4,0
1212-2,1,36,canteros,79,99,1,36,153,0,0,0,48,77,0,0,0,2,1,5,0
1212-2,1,37,canteros,79,99,1,105,172,0,0,0,48,77,0,0,0,2,1,1,0
1212-2,1,38,canteros,79,99,1,85,187,0,0,0,48,77,0,0,0,2,1,2,0
1212-2,1,39,canteros,79,99,1,91,201,0,0,0,48,77,0,0,0,2,1,2,0
1212-2,1,40,canteros,79,99,1,84,215,0,0,0,48,77,0,0,0,2,1,2,0
1212-2,1,41,canteros,79,99,1,84,199,0,0,0,30,59,0,0,0,2,1,7,0
1212-2,1,42,canteros,87,99,1,83,195,0,0,0,30,59,0,0,0,2,1,2,0
1212-2,1,43,canteros,87,99,1,87,192,0,0,0,30,59,0,0,0,2,1,2,0
1212-2,1,44,canteros,87,99,1,85,189,0,0,0,30,59,0,0,0,2,1,2,0
1212-2,1,45,canteros,87,99,1,83,176,0,0,0,30,59,0,0,0,2,1,7,0
1212-2,1,46,canteros,87,99,1,87,173,0,0,0,30,59,0,0,0,2,1,2,0
1212-2,1,47,canteros,95,99,1,83,159,0,0,0,18,47,0,0,0,2,1,2,0
1212-2,1,48,canteros,95,99,1,77,145,0,0,0,18,38,0,0,0,2,1,3,0
1212-2,1,49,canteros,95,99,1,72,132,0,0,0,15,35,0,0,0,2,1,2,0
1212-2,1,50,canteros,95,99,1,81,121,0,0,0,15,35,0,0,0,2,1,2,0
1212-2,1,51,canteros,95,99,1,76,108,0,0,0,15,35,0,0,0,2,1,2,0
1212-2,1,52,canteros,95,99,1,82,99,0,0,0,15,34,0,0,0,2,1,2,0
1212-2,1,53,canteros,95,99,1,82,97,0,0,0,24,43,0,0,0,2,1,2,0
1212-2,1,54,canteros,95,99,1,92,96,0,0,0,24,52,0,0,0,2,1,2,0
1212-2,1,55,canteros,95,99,1,90,95,0,0,0,24,52,0,0,0,2,1,3,0
1212-2,1,56,canteros,96,103,1,101,95,0,0,0,24,52,0,0,0,2,1,4,0
1212-2,1,57,canteros,95,99,1,73,83,0,0,0,24,54,0,0,0,2,1,4,0
1212-2,1,58,canteros,95,99,1,86,82,0,0,0,24,52,0,0,0,2,1,2,0
1212-2,1,59,canteros,95,99,1,90,103,0,0,0,48,76,0,0,0,2,1,3,0
1212-2,1,60,canteros,95,99,1,90,124,0,0,0,48,76,0,0,0,2,1,3,0
1212-2,1,61,canteros,95,99,1,92,145,0,0,0,48,76,0,0,0,2,1,3,0
1212-2,1,62,canteros,95,99,1,88,165,0,0,0,48,76,0,0,0,2,1,3,0
1212-2,1,63,canteros,95,99,1,95,184,0,0,0,48,76,0,0,0,2,1,2,0
1212-2,1,64,canteros,95,99,1,88,198,0,0,0,48,76,0,0,0,2,1,2,0
1212-2,1,65,canteros,95,99,1,88,181,0,0,0,30,58,0,0,0,2,1,7,0
1212-2,1,66,canteros,95,99,1,86,178,0,0,0,30,58,0,0,0,2,1,2,0
1212-2,1,67,canteros,103,99,1,85,175,0,0,0,30,58,0,0,0,2,1,2,0
1212-2,1,68,canteros,103,99,1,83,172,0,0,0,30,58,0,0,0,2,1,2,0
1212-2,1,69,canteros,313,99,1,91,169,0,0,0,30,58,0,1,1,3,1,2,0
1212-2,1,70,canteros,313,99,1,87,168,0,0,0,30,58,0,0,0,3,1,3,0
1212-2,1,71,canteros,313,99,1,92,151,0,0,0,13,41,0,0,0,3,1,2,0
1212-2,1,72,canteros,313,99,1,83,135,0,0,0,13,32,0,0,0,3,1,2,0
1212-2,1,73,canteros,313,99,1,85,122,0,0,0,16,35,0,0,0,3,1,2,0
1212-2,1,74,canteros,313,99,1,80,115,0,0,0,16,35,0,0,0,3,1,2,0
1212-2,1,75,canteros,314,103,1,94,110,0,0,0,16,35,0,0,0,3,1,3,0
1212-2,1,76,canteros,313,99,1,64,92,0,0,0,16,36,0,0,0,3,1,3,0
1212-2,1,77,canteros,313,99,1,85,82,0,0,0,21,40,0,0,0,3,1,6,0
1212-2,1,78,canteros,313,99,1,84,76,0,0,0,21,49,0,0,0,3,1,3,0
1212-2,1,79,canteros,321,99,1,90,75,0,0,0,21,49,0,0,0,3,1,3,0
1212-2,1,80,canteros,321,99,1,90,74,0,0,0,21,49,0,0,0,3,1,3,0
1212-2,1,81,canteros,321,99,1,92,73,0,0,0,21,49,0,0,0,3,1,3,0
1212-2,1,82,canteros,321,99,1,95,72,0,0,0,21,49,0,0,0,3,1,3,0
1212-2,1,83,canteros,321,99,1,97,92,0,0,0,43,71,0,0,0,3,1,2,0
1212-2,1,84,canteros,321,99,1,100,114,0,0,0,43,71,0,0,0,3,1,2,0
1212-2,1,85,canteros,321,99,1,102,135,0,0,0,43,71,0,0,0,3,1,2,0
1212-2,1,86,canteros,321,99,1,104,155,0,0,0,43,71,0,0,0,3,1,2,0
1212-2,1,87,canteros,322,103,1,118,176,0,0,0,43,71,0,0,0,3,1,3,0
1212-2,1,88,canteros,321,99,1,97,177,0,0,0,43,73,0,0,0,3,1,3,0
1212-2,1,89,canteros,321,99,1,170,160,0,0,0,27,55,0,0,0,3,1,6,0
1212-2,1,90,canteros,321,99,1,192,157,0,0,0,27,55,0,0,0,3,1,0,1
1212-2,1,91,canteros,329,99,1,214,154,0,0,0,27,55,0,0,0,3,1,0,1
1212-2,1,92,canteros,329,99,1,236,151,0,0,0,27,55,0,0,0,3,1,0,1
1212-2,1,93,canteros,329,99,1,258,148,0,0,0,27,55,0,0,0,3,1,0,1
1212-2,1,94,canteros,329,99,1,271,145,0,0,0,27,55,0,0,0,3,1,2,0
1212-2,1,95,canteros,329,99,1,275,134,0,0,0,16,44,0,0,0,3,1,2,0
1212-2,1,96,canteros,329,99,1,253,126,0,0,0,16,35,0,0,0,3,1,2,0
1212-2,1,97,canteros,329,99,1,236,124,0,0,0,16,35,0,0,0,3,1,2,0
1212-2,1,98,canteros,329,99,1,218,122,0,0,0,16,35,0,0,0,3,1,2,0
1212-2,1,99,canteros,330,103,1,214,121,0,0,0,16,35,0,0,0,3,1,3,0
1212-2,1,100,canteros,329,99,1,180,108,0,0,0,16,36,0,0,0,3,1,3,0
1212-2,1,101,canteros,329,99,1,125,100,0,0,0,21,40,0,0,0,3,1,8,0
1212-2,1,102,canteros,329,99,1,151,101,0,0,0,21,49,0,0,0,3,1,3,0
1212-2,1,103,canteros,337,99,1,127,102,0,0,0,21,49,0,0,0,3,1,3,0
1212-2,1,104,canteros,337,99,1,152,103,0,0,0,21,49,0,0,0,3,1,3,0
1212-2,1,105,canteros,337,99,1,130,103,0,0,0,21,49,0,0,0,3,1,3,0
1212-2,1,106,canteros,337,99,1,158,103,0,0,0,21,49,0,0,0,3,1,3,0
1212-2,1,107,canteros,337,99,1,135,125,0,0,0,43,71,0,0,0,3,1,3,0
1212-2,1,108,canteros,337,99,1,162,146,0,0,0,43,71,0,0,0,3,1,3,0
1212-2,1,109,canteros,337,99,1,150,166,0,0,0,43,71,0,0,0,3,1,3,0
1212-2,1,110,canteros,337,99,1,177,182,0,0,0,43,71,0,0,0,3,1,2,0
1212-2,1,111,canteros,338,103,1,209,194,0,0,0,43,71,0,0,0,3,1,3,0
1212-2,1,112,canteros,337,99,1,213,194,0,0,0,43,73,0,0,0,3,1,3,0
1212-2,1,113,canteros,337,99,1,286,177,0,0,0,27,55,0,0,0,3,1,6,0
1212-2,1,114,canteros,337,99,1,308,173,0,0,0,27,55,0,0,0,3,1,0,1
1212-2,1,115,canteros,345,99,1,330,169,0,0,0,27,55,0,0,0,3,1,0,1
1212-2,1,116,canteros,345,99,1,352,166,0,0,0,27,55,0,0,0,3,1,0,1
1212-2,1,117,canteros,345,99,1,374,163,0,0,0,27,55,0,0,0,3,1,0,1
1212-2,1,118,canteros,345,99,1,396,160,0,0,0,27,55,0,0,0,3,1,0,1
1212-2,1,119,canteros,345,99,1,418,146,0,0,0,16,44,0,0,0,3,1,0,1
1212-2,1,120,canteros,345,99,1,414,133,0,0,0,16,35,0,0,0,3,1,2,0
1212-2,1,121,canteros,345,99,1,391,124,0,0,0,16,35,0,0,0,3,1,2,0
1212-2,1,122,canteros,345,99,1,374,122,0,0,0,16,35,0,0,0,3,1,2,0
1212-2,1,123,canteros,346,103,1,366,121,0,0,0,16,35,0,0,0,3,1,3,0
1212-2,1,124,canteros,345,99,1,334,108,0,0,0,16,36,0,0,0,3,1,3,0
1212-2,1,125,canteros,345,99,1,281,100,0,0,0,21,40,0,0,0,3,1,8,0
1212-2,1,126,canteros,345,99,1,283,101,0,0,0,21,49,0,0,0,3,1,3,0
1212-2,1,127,canteros,353,99,1,285,102,0,0,0,21,49,0,0,0,3,1,3,0
1212-2,1,128,canteros,353,99,1,286,103,0,0,0,21,49,0,0,0,3,1,3,0
1212-2,1,129,canteros,353,99,1,287,103,0,0,0,21,49,0,0,0,3,1,3,0
1212-2,1,130,canteros,353,99,1,287,98,0,0,0,15,43,0,0,0,3,1,3,0
1212-2,1,131,canteros,353,99,1,290,107,0,0,0,30,58,0,0,0,3,1,3,0
1212-2,1,132,canteros,353,99,1,293,116,0,0,0,30,58,0,0,0,3,1,3,0
1212-2,1,133,canteros,353,99,1,295,125,0,0,0,30,58,0,0,0,3,1,3,0
1212-2,1,134,canteros,353,99,1,297,133,0,0,0,30,58,0,0,0,3,1,3,0
1212-2,1,135,canteros,354,103,1,308,142,0,0,0,30,58,0,0,0,3,1,4,0
1212-2,1,136,canteros,353,99,1,291,151,0,0,0,43,73,0,0,0,3,1,4,0
1212-2,1,137,canteros,353,99,1,371,142,0,0,0,27,55,0,0,0,3,1,6,0
1212-2,1,138,canteros,353,99,1,360,140,0,0,0,27,55,0,0,0,3,1,2,0
1212-2,1,139,canteros,361,99,1,352,146,0,0,0,27,55,0,0,0,3,1,2,0
1212-2,1,140,canteros,361,99,1,370,154,0,0,0,27,55,0,0,0,3,1,2,0
1212-2,1,141,canteros,361,99,1,397,155,0,0,0,27,55,0,0,0,3,1,1,0
1212-2,1,142,canteros,361,99,1,419,152,0,0,0,27,55,0,0,0,3,1,2,0
1212-2,1,143,canteros,361,99,1,462,139,0,0,0,16,44,0,0,0,3,1,1,0
1212-2,1,144,canteros,361,99,1,446,126,0,0,0,16,35,0,0,0,3,1,3,0
1212-2,1,145,canteros,361,99,1,453,121,0,0,0,16,35,0,0,0,3,1,3,0
1212-2,1,146,canteros,361,99,1,448,116,0,0,0,16,35,0,0,0,3,1,2,0
1212-2,1,147,canteros,362,103,1,452,115,0,0,0,16,35,0,0,0,3,1,4,0
1212-2,1,148,canteros,361,99,1,442,100,0,0,0,16,36,0,0,0,3,1,4,0
1212-2,1,149,canteros,361,99,1,400,90,0,0,0,21,40,0,0,0,3,1,8,0
1212-2,1,150,canteros,361,99,1,414,91,0,0,0,21,49,0,0,0,3,1,4,0
1212-2,1,151,canteros,361,99,1,432,89,0,0,0,21,49,0,0,0,3,1,4,0
1212-2,1,152,canteros,361,99,1,446,90,0,0,0,21,49,0,0,0,3,1,4,0
1212-2,1,153,canteros,369,99,1,464,88,0,0,0,21,49,0,0,0,3,1,3,0
1212-2,1,154,canteros,369,99,1,477,89,0,0,0,21,49,0,0,0,3,1,4,0
1212-2,1,155,canteros,369,99,1,495,108,0,0,0,43,71,0,0,0,3,1,3,0
1212-2,1,156,canteros,369,99,1,511,129,0,0,0,43,71,0,0,0,3,1,4,0
1212-2,1,157,canteros,369,99,1,530,147,0,0,0,43,71,0,0,0,3,1,3,0
1212-2,1,158,canteros,369,99,1,549,167,0,0,0,43,71,0,0,0,3,1,4,0
1212-2,1,159,canteros,369,99,1,595,182,0,0,0,43,71,0,0,0,3,1,2,0
1212-2,1,160,canteros,369,99,1,617,193,0,0,0,43,71,0,0,0,3,1,3,0
1212-2,1,161,canteros,370,103,1,720,190,0,0,0,27,55,0,0,0,3,1,2,0
1212-2,1,162,canteros,369,99,1,694,137,0,0,0,27,57,0,0,0,3,1,4,0
1212-2,1,163,canteros,369,99,1,645,122,0,0,0,27,55,0,0,0,3,1,8,0
1212-2,1,164,canteros,403,129,2,650,130,0,0,0,27,55,0,0,0,4,1,3,0
1212-2,1,165,canteros,403,129,2,648,127,0,0,0,27,61,0,0,0,4,1,4,0
1212-2,1,166,canteros,403,129,2,638,123,0,0,0,27,61,0,1,0,4,1,4,0
1212-2,1,167,canteros,411,129,2,629,112,0,0,0,18,52,0,0,0,4,1,4,0
1212-2,1,168,canteros,411,129,2,625,99,0,0,0,18,43,0,0,0,4,1,4,0
1212-2,1,169,canteros,411,129,2,594,86,0,0,0,18,43,0,0,0,4,1,3,0
1212-2,1,170,canteros,411,129,2,579,75,0,0,0,18,43,0,0,0,4,1,5,0
1212-2,1,171,canteros,411,129,2,574,61,0,0,0,18,43,0,1,0,4,1,4,0
1212-2,1,172,canteros,411,129,2,546,50,0,0,0,18,47,0,0,0,4,1,3,0
1212-2,1,173,canteros,411,129,2,478,46,0,0,0,24,53,0,1,0,4,1,4,0
1212-2,1,174,canteros,411,129,2,480,41,0,0,0,24,68,0,0,0,4,1,5,0
1212-2,1,175,canteros,411,129,2,503,33,0,0,0,24,68,0,0,0,4,1,4,0
1212-2,1,176,canteros,412,133,2,535,29,0,0,0,24,68,0,0,0,4,1,5,0
1212-2,1,177,canteros,412,133,2,559,24,0,0,0,24,70,0,0,0,4,1,4,0
1212-2,1,178,canteros,412,133,2,583,19,0,0,0,24,70,0,0,0,4,1,4,0
1212-2,1,179,canteros,412,134,2,607,39,0,0,0,50,96,0,0,0,4,1,4,0
1212-2,1,180,canteros,413,135,2,632,58,0,0,0,50,95,0,0,0,4,1,4,0
1212-2,1,181,canteros,413,136,2,657,76,0,0,0,50,95,0,0,0,4,1,5,0
1212-2,1,182,canteros,413,137,2,628,93,0,0,0,50,91,0,0,0,4,1,5,0
1212-2,1,183,canteros,412,134,2,620,98,0,0,0,50,91,0,0,0,4,1,4,0
1212-2,1,184,canteros,413,135,2,614,116,0,0,0,50,89,0,0,0,4,1,3,0
1212-2,1,185,canteros,413,135,2,643,103,0,0,0,32,73,0,0,0,4,1,7,0
1212-2,1,186,canteros,413,135,2,627,106,0,0,0,32,73,0,0,0,4,1,2,0
1212-2,1,187,canteros,413,135,2,605,109,0,0,0,32,73,0,0,0,4,1,3,0
1212-2,1,188,canteros,413,135,2,595,112,0,0,0,32,75,0,0,0,4,1,2,0
1212-2,1,189,canteros,421,135,2,583,115,0,0,0,32,74,0,0,0,4,1,2,0
1212-2,1,190,canteros,421,135,2,565,118,0,0,0,32,74,0,0,0,4,1,2,0
1212-2,1,191,canteros,421,135,2,551,108,0,0,0,19,61,0,0,0,4,1,2,0
1212-2,1,192,canteros,421,135,2,527,99,0,0,0,19,52,0,0,0,4,1,2,0
1212-2,1,193,canteros,421,135,2,504,90,0,0,0,19,52,0,0,0,4,1,2,0
1212-2,1,194,canteros,421,135,2,484,82,0,0,0,19,52,0,0,0,4,1,2,0
1212-2,1,195,canteros,421,135,2,463,74,0,0,0,19,52,0,0,0,4,1,2,0
1212-2,1,196,canteros,421,135,2,436,66,0,0,0,19,52,0,0,0,4,1,2,0
1212-2,1,197,canteros,421,135,2,373,64,0,0,0,25,58,0,0,0,4,1,3,0
1212-2,1,198,canteros,421,139,2,381,60,0,0,0,25,67,0,0,0,4,1,4,0
1212-2,1,199,canteros,421,139,2,375,55,0,0,0,25,69,0,0,0,4,1,3,0
1212-2,1,200,canteros,421,139,2,373,50,0,0,0,25,69,0,0,0,4,1,3,0
1212-2,1,1,ferrones,33,86,1,390,62,0,14,0,15,33,0,0,0,0,1,4,0
1212-2,1,2,ferrones,32,82,1,374,44,0,9,0,15,23,0,0,0,0,1,2,0
1212-2,1,3,ferrones,32,82,1,378,37,0,4,0,15,23,0,0,0,0,1,0,1
1212-2,1,4,ferrones,32,82,1,382,29,0,0,0,15,23,0,0,0,0,1,0,1
1212-2,1,5,ferrones,32,82,1,386,11,0,0,0,4,12,0,1,0,0,1,0,1
1212-2,1,6,ferrones,31,82,1,312,0,0,0,0,4,28,1,0,0,0,1,6,0
1212-2,1,7,ferrones,30,82,1,301,3,0,0,0,4,28,1,0,0,0,1,5,0
1212-2,1,8,ferrones,29,80,1,296,3,0,0,0,4,28,1,0,0,0,1,5,0
1212-2,1,9,ferrones,27,78,1,224,3,0,2,0,4,28,1,0,0,0,1,4,0
1212-2,1,10,ferrones,26,76,1,243,4,0,0,0,10,32,1,0,0,0,1,3,0
1212-2,1,11,ferrones,24,74,1,179,7,0,0,0,9,31,1,0,0,0,1,4,0
1212-2,1,12,ferrones,23,72,1,161,4,0,0,0,8,30,1,0,0,0,1,4,0
1212-2,1,13,ferrones,22,70,1,143,4,0,0,0,8,30,1,0,0,0,1,4,0
1212-2,1,14,ferrones,20,68,1,150,4,0,0,0,7,29,1,0,0,0,1,5,0
1212-2,1,15,ferrones,19,66,1,125,4,0,0,0,7,19,1,0,0,0,1,4,0
1212-2,1,16,ferrones,18,65,1,126,4,0,0,0,7,19,1,0,0,0,1,3,0
1212-2,1,17,ferrones,16,64,1,86,4,0,0,0,4,16,1,0,0,0,1,3,0
1212-2,1,18,ferrones,15,63,1,90,7,0,0,0,3,15,1,0,0,0,1,2,0
1212-2,1,19,ferrones,14,62,1,76,5,0,0,0,3,15,1,0,0,0,1,2,0
1212-2,1,20,ferrones,13,61,1,79,6,0,0,0,3,15,1,0,0,0,1,2,0
1212-2,1,21,ferrones,12,60,1,77,3,0,0,0,3,15,1,0,0,0,1,2,0
1212-2,1,22,ferrones,10,59,1,75,3,0,0,0,3,15,1,0,0,0,1,2,0
1212-2,1,23,ferrones,9,58,1,72,3,0,0,0,2,13,1,0,0,0,1,2,0
1212-2,1,24,ferrones,8,57,1,74,3,0,0,0,2,13,1,0,0,0,1,2,0
1212-2,1,25,ferrones,7,56,1,74,2,0,0,0,2,13,1,0,0,0,1,2,0
1212-2,1,26,ferrones,6,55,1,74,2,0,0,0,2,13,1,0,0,0,1,2,0
1212-2,1,27,ferrones,4,54,1,74,2,0,0,0,2,13,1,0,0,0,1,2,0
1212-2,1,28,ferrones,3,53,1,74,2,0,0,0,2,13,1,0,0,0,1,2,0
1212-2,1,29,ferrones,2,52,1,74,2,0,0,0,2,13,1,0,0,0,1,2,0
1212-2,1,30,ferrones,1,51,1,78,2,0,0,0,2,17,1,0,0,0,1,3,0
1212-2,1,31,ferrones,0,50,1,73,2,0,0,0,2,13,1,0,0,0,1,2,0
1212-2,1,32,ferrones,-2,49,1,75,3,0,0,0,2,13,1,0,0,0,1,2,0
1212-2,1,33,ferrones,-3,48,1,69,2,0,0,0,2,12,1,0,0,0,1,2,0
1212-2,1,34,ferrones,-4,47,1,75,3,0,0,0,2,12,1,0,0,0,1,2,0
1212-2,1,35,ferrones,-5,46,1,68,1,0,0,0,5,15,1,0,0,0,1,2,0
1212-2,1,36,ferrones,-6,45,1,74,3,0,0,0,5,15,1,0,0,0,1,2,0
1212-2,1,37,ferrones,-8,44,1,72,1,0,0,0,5,15,1,0,0,0,1,2,0
1212-2,1,38,ferrones,-9,43,1,71,2,0,0,0,5,15,1,0,0,0,1,2,0
1212-2,1,39,ferrones,-10,42,1,70,2,0,0,0,5,15,1,0,0,0,1,2,0
1212-2,1,40,ferrones,-11,41,1,69,2,0,0,0,5,15,1,0,0,0,1,2,0
1212-2,1,41,ferrones,-12,40,1,73,2,0,0,0,3,13,1,0,0,0,1,2,0
1212-2,1,42,ferrones,-14,39,1,71,1,0,0,0,3,13,1,0,0,0,1,2,0
1212-2,1,43,ferrones,-15,38,1,70,2,0,0,0,3,13,1,0,0,0,1,2,0
1212-2,1,44,ferrones,-16,37,1,69,2,0,0,0,3,13,1,0,0,0,1,2,0
1212-2,1,45,ferrones,-17,36,1,73,2,0,0,0,3,13,1,0,0,0,1,2,0
1212-2,1,46,ferrones,-18,35,1,71,1,0,0,0,3,13,1,0,0,0,1,2,0
1212-2,1,47,ferrones,-20,34,1,70,2,0,0,0,2,12,1,0,0,0,1,2,0
1212-2,1,48,ferrones,-21,33,1,69,2,0,0,0,2,12,1,0,0,0,1,2,0
1212-2,1,49,ferrones,-22,32,1,73,2,0,0,0,2,12,1,0,0,0,1,2,0
1212-2,1,50,ferrones,-23,31,1,71,1,0,0,0,2,12,1,0,0,0,1,2,0
1212-2,1,51,ferrones,-24,30,1,70,2,0,0,0,2,12,1,0,0,0,1,2,0
1212-2,1,52,ferrones,-26,29,1,69,2,0,0,0,2,12,1,0,0,0,1,2,0
1212-2,1,53,ferrones,-27,28,1,72,2,0,0,0,2,11,1,0,0,0,1,2,0
1212-2,1,54,ferrones,-28,27,1,70,1,0,0,0,2,12,1,0,0,0,1,3,0
1212-2,1,55,ferrones,-29,26,1,68,2,0,0,0,2,11,1,0,0,0,1,2,0
1212-2,1,56,ferrones,-30,25,1,71,2,0,0,0,2,11,1,0,0,0,1,2,0
1212-2,1,57,ferrones,-32,24,1,68,1,0,0,0,2,11,1,0,0,0,1,2,0
1212-2,1,58,ferrones,-33,23,1,71,2,0,0,0,2,11,1,0,0,0,1,2,0
1212-2,1,59,ferrones,-33,23,1,58,3,0,0,0,5,14,0,0,0,0,1,2,0
1212-2,1,60,ferrones,-33,23,1,66,3,0,0,0,5,14,0,1,0,0,1,1,0
1212-2,1,61,ferrones,-33,23,1,57,2,0,0,0,4,15,0,0,0,0,1,3,0
1212-2,1,62,ferrones,-33,23,1,64,1,0,0,0,5,16,0,1,0,0,1,2,0
1212-2,1,63,ferrones,-33,23,1,77,0,0,0,0,4,15,0,1,0,0,1,0,1
1212-2,1,64,ferrones,-33,23,1,38,0,0,0,0,5,16,0,0,0,0,1,3,0
1212-2,1,65,ferrones,-34,23,1,48,3,0,0,0,3,14,1,0,0,0,1,1,0
1212-2,1,66,ferrones,-35,23,1,54,0,0,0,0,3,14,1,0,0,0,1,0,1
1212-2,1,67,ferrones,-36,22,1,60,0,0,0,0,3,14,1,1,0,0,1,0,1
1212-2,1,68,ferrones,-37,21,1,66,0,0,0,1,2,13,1,0,0,0,1,0,1
1212-2,1,69,ferrones,-38,20,1,67,0,0,0,2,2,13,1,0,0,0,1,2,0
1212-2,1,70,ferrones,-40,19,1,69,1,0,0,2,2,12,1,0,0,0,1,2,0
1212-2,1,71,ferrones,-41,18,1,70,1,0,0,2,1,10,1,0,0,0,1,2,0
1212-2,1,72,ferrones,-42,17,1,66,1,0,0,2,0,9,1,0,0,0,1,2,0
1212-2,1,73,ferrones,-43,16,1,69,2,0,0,2,0,9,1,0,0,0,1,2,0
1212-2,1,74,ferrones,-44,15,1,70,1,0,0,2,0,9,1,0,0,0,1,2,0
1212-2,1,75,ferrones,-46,14,1,66,1,0,0,2,0,9,1,0,0,0,1,2,0
1212-2,1,76,ferrones,-47,13,1,69,2,0,0,2,0,9,1,0,0,0,1,2,0
1212-2,1,77,ferrones,-48,12,1,70,1,0,0,2,0,8,1,0,0,0,1,2,0
1212-2,1,78,ferrones,-49,11,1,67,1,0,0,2,0,9,1,0,0,0,1,3,0
1212-2,1,79,ferrones,-50,10,1,70,2,0,0,2,0,8,1,0,0,0,1,2,0
1212-2,1,80,ferrones,-50,10,1,66,1,0,0,2,0,8,0,0,0,0,1,2,0
1212-2,1,81,ferrones,-51,10,1,69,2,0,0,2,0,8,1,0,0,0,1,2,0
1212-2,1,82,ferrones,-51,10,1,70,1,0,0,2,0,8,0,0,0,0,1,2,0
1212-2,1,83,ferrones,-51,10,1,66,1,0,0,2,1,9,0,0,0,0,1,2,0
1212-2,1,84,ferrones,-51,10,1,69,2,0,0,2,1,9,0,0,0,0,1,2,0
1212-2,1,85,ferrones,-51,10,1,70,2,0,0,2,1,9,0,0,0,0,1,2,0
1212-2,1,86,ferrones,-51,10,1,66,2,0,0,2,1,9,0,0,0,0,1,2,0
1212-2,1,87,ferrones,-51,10,1,69,3,0,0,2,1,9,0,0,0,0,1,2,0
1212-2,1,88,ferrones,-51,10,1,70,4,0,0,2,2,11,0,0,0,0,1,2,0
1212-2,1,89,ferrones,-51,10,1,66,4,0,0,2,1,10,0,0,0,0,1,2,0
1212-2,1,90,ferrones,-51,10,1,69,5,0,0,2,1,10,0,0,0,0,1,2,0
1212-2,1,91,ferrones,-51,10,1,70,5,0,0,2,1,10,0,0,0,0,1,2,0
1212-2,1,92,ferrones,-51,10,1,66,5,0,0,2,1,10,0,0,0,0,1,2,0
1212-2,1,93,ferrones,-51,10,1,69,6,0,0,2,1,10,0,0,0,0,1,2,0
1212-2,1,94,ferrones,-51,10,1,70,6,0,0,2,1,10,0,0,0,0,1,2,0
1212-2,1,95,ferrones,-51,10,1,66,5,0,0,2,0,9,0,0,0,0,1,2,0
1212-2,1,96,ferrones,-51,10,1,69,5,0,0,2,0,9,0,0,0,0,1,2,0
1212-2,1,97,ferrones,-51,10,1,70,4,0,0,2,0,9,0,0,0,0,1,2,0
1212-2,1,98,ferrones,-51,10,1,66,3,0,0,2,0,9,0,0,0,0,1,2,0
1212-2,1,99,ferrones,-51,10,1,69,3,0,0,2,0,9,0,0,0,0,1,2,0
1212-2,1,100,ferrones,-51,10,1,70,2,0,0,2,0,9,0,0,0,0,1,2,0
1212-2,1,101,ferrones,-51,10,1,66,2,0,0,2,1,10,0,0,0,0,1,2,0
1212-2,1,102,ferrones,-51,10,1,70,3,0,0,2,1,11,0,0,0,0,1,2,0
1212-2,1,103,ferrones,-51,10,1,67,3,0,0,2,1,11,0,0,0,0,1,2,0
1212-2,1,104,ferrones,-51,10,1,71,4,0,0,2,1,11,0,0,0,0,1,2,0
1212-2,1,105,ferrones,-51,10,1,68,4,0,0,2,1,11,0,0,0,0,1,2,0
1212-2,1,106,ferrones,-51,10,1,72,5,0,0,2,1,11,0,0,0,0,1,2,0
1212-2,1,107,ferrones,-51,10,1,69,6,0,0,2,2,12,0,0,0,0,1,2,0
1212-2,1,108,ferrones,-51,10,1,73,8,0,0,2,2,12,0,0,0,0,1,2,0
1212-2,1,109,ferrones,-51,10,1,70,9,0,0,2,2,12,0,0,0,0,1,2,0
1212-2,1,110,ferrones,-51,10,1,69,11,0,0,2,2,12,0,0,0,0,1,2,0
1212-2,1,111,ferrones,-51,10,1,72,13,0,0,2,2,12,0,0,0,0,1,2,0
1212-2,1,112,ferrones,-51,10,1,69,14,0,0,2,2,12,0,0,0,0,1,2,0
1212-2,1,113,ferrones,-51,10,1,72,5,0,0,2,1,11,0,0,0,0,1,7,0
1212-2,1,114,ferrones,-33,10,1,69,5,0,0,2,1,11,0,0,0,1,1,2,0
1212-2,1,115,ferrones,-33,10,1,72,6,0,0,2,1,11,0,0,0,1,1,2,0
1212-2,1,116,ferrones,-33,10,1,69,6,0,0,2,1,11,0,0,0,1,1,2,0
1212-2,1,117,ferrones,-33,10,1,72,7,0,0,2,1,11,0,0,0,1,1,2,0
1212-2,1,118,ferrones,-33,10,1,69,7,0,0,2,1,11,0,0,0,1,1,2,0
1212-2,1,119,ferrones,-33,10,1,72,7,0,0,2,0,10,0,0,0,1,1,2,0
1212-2,1,120,ferrones,-33,10,1,68,6,0,0,2,0,9,0,0,0,1,1,2,0
1212-2,1,121,ferrones,-33,10,1,70,6,0,0,2,0,9,0,0,0,1,1,2,0
1212-2,1,122,ferrones,-33,10,1,66,5,0,0,2,0,9,0,0,0,1,1,2,0
1212-2,1,123,ferrones,-33,10,1,68,5,0,0,2,0,9,0,0,0,1,1,2,0
1212-2,1,124,ferrones,-33,10,1,69,4,0,0,2,0,9,0,0,0,1,1,2,0
1212-2,1,125,ferrones,-33,10,1,70,4,0,0,2,1,10,0,0,0,1,1,2,0
1212-2,1,126,ferrones,-33,10,1,67,4,0,0,2,1,11,0,0,0,1,1,2,0
1212-2,1,127,ferrones,-33,10,1,71,5,0,0,2,1,11,0,0,0,1,1,2,0
1212-2,1,128,ferrones,-33,10,1,68,5,0,0,2,1,11,0,0,0,1,1,2,0
1212-2,1,129,ferrones,-33,10,1,72,6,0,0,2,1,11,0,0,0,1,1,2,0
1212-2,1,130,ferrones,-33,10,1,69,6,0,0,2,1,11,0,0,0,1,1,2,0
1212-2,1,131,ferrones,-33,10,1,73,8,0,0,2,2,12,0,0,0,1,1,2,0
1212-2,1,132,ferrones,-33,10,1,70,9,0,0,2,2,12,0,0,0,1,1,2,0
1212-2,1,133,ferrones,-33,10,1,69,11,0,0,2,2,12,0,0,0,1,1,2,0
1212-2,1,134,ferrones,-33,10,1,72,13,0,0,2,2,12,0,0,0,1,1,2,0
1212-2,1,135,ferrones,-33,10,1,69,14,0,0,2,2,12,0,0,0,1,1,2,0
1212-2,1,136,ferrones,-33,10,1,72,16,0,0,2,2,12,0,0,0,1,1,2,0
1212-2,1,137,ferrones,-33,10,1,69,8,0,0,2,1,11,0,0,0,1,1,7,0
1212-2,1,138,ferrones,-25,10,1,72,9,0,0,2,1,11,0,0,0,1,1,2,0
1212-2,1,139,ferrones,-25,10,1,69,9,0,0,2,1,11,0,0,0,1,1,2,0
1212-2,1,140,ferrones,-25,10,1,72,10,0,0,2,1,11,0,0,0,1,1,2,0
1212-2,1,141,ferrones,-25,10,1,69,10,0,0,2,1,11,0,0,0,1,1,2,0
1212-2,1,142,ferrones,-25,10,1,72,11,0,0,2,1,11,0,0,0,1,1,2,0
1212-2,1,143,ferrones,-25,10,1,69,5,0,0,2,0,10,0,0,0,1,1,7,0
1212-2,1,144,ferrones,-25,10,1,71,5,0,0,2,0,9,0,0,0,1,1,2,0
1212-2,1,145,ferrones,-25,10,1,67,4,0,0,2,0,9,0,0,0,1,1,2,0
1212-2,1,146,ferrones,-17,10,1,69,4,0,0,2,0,9,0,0,0,1,1,2,0
1212-2,1,147,ferrones,-17,10,1,70,3,0,0,2,0,9,0,0,0,1,1,2,0
1212-2,1,148,ferrones,-17,10,1,66,2,0,0,2,0,9,0,0,0,1,1,2,0
1212-2,1,149,ferrones,-17,10,1,69,3,0,0,2,1,10,0,0,0,1,1,2,0
1212-2,1,150,ferrones,-17,10,1,71,3,0,0,2,1,11,0,0,0,1,1,2,0
1212-2,1,151,ferrones,-17,10,1,68,3,0,0,2,1,11,0,0,0,1,1,3,0
1212-2,1,152,ferrones,-17,14,1,82,5,0,0,2,1,11,0,0,0,1,1,3,0
1212-2,1,153,ferrones,-17,14,1,69,4,0,0,2,1,11,0,0,0,1,1,2,0
1212-2,1,154,ferrones,-17,14,1,75,6,0,0,2,1,11,0,0,0,1,1,2,0
1212-2,1,155,ferrones,-17,14,1,67,7,0,0,2,3,13,0,0,0,1,1,2,0
1212-2,1,156,ferrones,-17,14,1,72,10,0,0,2,3,13,0,0,0,1,1,2,0
1212-2,1,157,ferrones,-17,14,1,69,11,0,0,2,3,13,0,0,0,1,1,2,0
1212-2,1,158,ferrones,-17,14,1,72,13,0,0,2,3,13,0,0,0,1,1,2,0
1212-2,1,159,ferrones,-17,14,1,69,14,0,0,2,3,13,0,0,0,1,1,2,0
1212-2,1,160,ferrones,-17,14,1,72,16,0,0,2,3,13,0,0,0,1,1,2,0
1212-2,1,161,ferrones,-17,14,1,69,16,0,0,2,2,12,0,0,0,1,1,2,0
1212-2,1,162,ferrones,-17,14,1,72,17,0,0,2,2,12,0,0,0,1,1,2,0
1212-2,1,163,ferrones,-17,14,1,69,17,0,0,2,2,12,0,0,0,1,1,2,0
1212-2,1,164,ferrones,-17,14,1,72,18,0,0,2,2,12,0,0,0,1,1,2,0
1212-2,1,165,ferrones,-17,14,1,69,18,0,0,2,2,12,0,0,0,1,1,2,0
1212-2,1,166,ferrones,-17,14,1,72,19,0,0,2,2,12,0,0,0,1,1,2,0
1212-2,1,167,ferrones,-17,14,1,69,18,0,0,2,1,11,0,0,0,1,1,2,0
1212-2,1,168,ferrones,-17,14,1,71,18,0,0,2,1,10,0,0,0,1,1,2,0
1212-2,1,169,ferrones,-17,14,1,67,17,0,0,2,1,10,0,0,0,1,1,2,0
1212-2,1,170,ferrones,-17,14,1,69,17,0,0,2,1,10,0,0,0,1,1,2,0
1212-2,1,171,ferrones,-17,14,1,70,16,0,0,2,1,10,0,0,0,1,1,2,0
1212-2,1,172,ferrones,-17,14,1,66,15,0,0,2,1,10,0,0,0,1,1,2,0
1212-2,1,173,ferrones,-17,14,1,68,15,0,0,2,1,10,0,0,0,1,1,2,0
1212-2,1,174,ferrones,-17,14,1,70,14,0,0,2,1,11,0,0,0,1,1,2,0
1212-2,1,175,ferrones,-17,14,1,67,13,0,0,2,1,11,0,0,0,1,1,2,0
1212-2,1,176,ferrones,-17,14,1,70,13,0,0,2,1,11,0,0,0,1,1,2,0
1212-2,1,177,ferrones,-17,14,1,67,12,0,0,2,1,11,0,0,0,1,1,2,0
1212-2,1,178,ferrones,-17,14,1,70,12,0,0,2,1,11,0,0,0,1,1,2,0
1212-2,1,179,ferrones,-17,14,1,67,13,0,0,2,3,13,0,0,0,1,1,2,0
1212-2,1,180,ferrones,-17,14,1,70,15,0,0,2,3,13,0,0,0,1,1,2,0
1212-2,1,181,ferrones,-17,14,1,67,16,0,0,2,3,13,0,0,0,1,1,2,0
1212-2,1,182,ferrones,-17,14,1,70,18,0,0,2,3,13,0,0,0,1,1,2,0
1212-2,1,183,ferrones,-17,14,1,67,19,0,0,2,3,13,0,0,0,1,1,2,0
1212-2,1,184,ferrones,-17,14,1,70,21,0,0,2,3,13,0,0,0,1,1,2,0
1212-2,1,185,ferrones,-17,14,1,67,21,0,0,2,2,12,0,0,0,1,1,2,0
1212-2,1,186,ferrones,-17,14,1,70,22,0,0,2,2,12,0,0,0,1,1,2,0
1212-2,1,187,ferrones,-17,14,1,67,22,0,0,2,2,12,0,0,0,1,1,2,0
1212-2,1,188,ferrones,-17,14,1,70,23,0,0,2,2,12,0,0,0,1,1,2,0
1212-2,1,189,ferrones,-17,14,1,72,23,0,0,2,2,12,0,0,0,1,1,2,0
1212-2,1,190,ferrones,-17,14,1,68,23,0,0,2,2,12,0,0,0,1,1,3,0
1212-2,1,191,ferrones,-17,14,1,71,22,0,0,2,1,11,0,0,0,1,1,2,0
1212-2,1,192,ferrones,-17,14,1,67,21,0,0,2,1,10,0,0,0,1,1,2,0
1212-2,1,193,ferrones,-17,14,1,70,21,0,0,2,1,10,0,0,0,1,1,2,0
1212-2,1,194,ferrones,-17,14,1,66,20,0,0,2,1,10,0,0,0,1,1,2,0
1212-2,1,195,ferrones,-17,14,1,69,20,0,0,2,1,10,0,0,0,1,1,2,0
1212-2,1,196,ferrones,-17,14,1,70,19,0,0,2,1,10,0,0,0,1,1,2,0
1212-2,1,197,ferrones,-17,14,1,66,18,0,0,2,1,10,0,0,0,1,1,2,0
1212-2,1,198,ferrones,-17,14,1,70,18,0,0,2,1,11,0,0,0,1,1,2,0
1212-2,1,199,ferrones,-17,14,1,67,17,0,0,2,1,11,0,0,0,1,1,2,0
1212-2,1,200,ferrones,-17,14,1,71,17,0,0,2,1,11,0,0,0,1,1,2,0
1212-2,1,1,hortelanos,37,106,1,38,73,0,0,0,33,55,0,0,0,0,1,4,0
1212-2,1,2,hortelanos,36,102,1,24,60,0,0,0,33,43,0,0,0,0,1,6,0
1212-2,1,3,hortelanos,104,102,1,30,64,0,0,0,33,43,0,0,0,1,1,0,1
1212-2,1,4,hortelanos,104,102,1,36,68,0,0,0,33,43,0,0,0,1,1,0,1
1212-2,1,5,hortelanos,118,98,1,22,70,0,0,0,41,51,0,1,0,2,1,1,0
1212-2,1,6,hortelanos,118,98,1,44,76,0,0,0,41,67,0,0,0,2,1,6,0
1212-2,1,7,hortelanos,126,98,1,66,90,0,0,0,41,67,0,0,0,2,1,0,1
1212-2,1,8,hortelanos,126,98,1,84,103,0,0,0,41,67,0,0,0,2,1,2,0
1212-2,1,9,hortelanos,126,98,1,86,117,0,0,0,41,67,0,0,0,2,1,3,0
1212-2,1,10,hortelanos,126,98,1,93,121,0,0,0,41,67,0,0,0,2,1,8,0
1212-2,1,11,hortelanos,134,98,1,93,165,0,0,0,71,97,0,0,0,2,1,4,0
1212-2,1,12,hortelanos,134,98,1,93,201,0,0,0,71,97,0,0,0,2,1,4,0
1212-2,1,13,hortelanos,134,98,1,108,233,0,0,0,71,97,0,0,0,2,1,4,0
1212-2,1,14,hortelanos,134,98,1,123,263,0,0,0,71,97,0,0,0,2,1,4,0
1212-2,1,15,hortelanos,134,98,1,111,293,0,0,0,71,97,0,0,0,2,1,5,0
1212-2,1,16,hortelanos,134,98,1,125,321,0,1,0,71,97,0,0,0,2,1,4,0
1212-2,1,17,hortelanos,135,102,1,135,322,0,1,0,48,74,0,0,0,2,1,10,0
1212-2,1,18,hortelanos,134,98,1,142,314,0,1,0,48,76,0,0,0,2,1,4,0
1212-2,1,19,hortelanos,134,98,1,117,308,0,1,0,48,74,0,0,0,2,1,8,0
1212-2,1,20,hortelanos,134,98,1,117,314,0,1,0,48,74,0,0,0,2,1,3,0
1212-2,1,21,hortelanos,142,98,1,116,313,0,1,0,48,74,0,0,0,2,1,8,0
1212-2,1,22,hortelanos,142,98,1,114,319,0,1,0,48,74,0,0,0,2,1,3,0
1212-2,1,23,hortelanos,142,98,1,111,310,0,1,0,33,59,0,0,0,2,1,3,0
1212-2,1,24,hortelanos,142,98,1,99,302,0,1,0,33,50,0,0,0,2,1,3,0
1212-2,1,25,hortelanos,142,98,1,107,278,0,1,0,33,50,0,0,0,2,1,13,0
1212-2,1,26,hortelanos,150,98,1,103,270,0,1,0,33,50,0,0,0,2,1,3,0
1212-2,1,27,hortelanos,150,98,1,99,262,0,1,0,33,50,0,0,0,2,1,3,0
1212-2,1,28,hortelanos,150,98,1,107,254,0,1,0,33,50,0,0,0,2,1,3,0
1212-2,1,29,hortelanos,150,98,1,104,235,0,1,0,41,58,0,0,0,2,1,13,0
1212-2,1,30,hortelanos,150,98,1,110,236,0,1,0,41,67,0,0,0,2,1,3,0
1212-2,1,31,hortelanos,158,98,1,116,237,0,1,0,41,67,0,0,0,2,1,3,0
1212-2,1,32,hortelanos,158,98,1,122,238,0,1,0,41,67,0,0,0,2,1,3,0
1212-2,1,33,hortelanos,158,98,1,128,231,0,1,0,41,67,0,0,0,2,1,8,0
1212-2,1,34,hortelanos,158,98,1,107,223,0,1,0,41,67,0,0,0,2,1,9,0
1212-2,1,35,hortelanos,166,98,1,114,254,0,2,0,71,97,0,0,0,2,1,3,0
1212-2,1,36,hortelanos,166,98,1,111,284,0,2,0,71,97,0,0,0,2,1,3,0
1212-2,1,37,hortelanos,166,98,1,107,313,0,2,0,71,97,0,0,0,2,1,3,0
1212-2,1,38,hortelanos,166,98,1,88,302,0,2,0,71,97,0,0,0,2,1,4,0
1212-2,1,39,hortelanos,166,98,1,117,328,0,2,0,71,97,0,0,0,2,1,3,0
1212-2,1,40,hortelanos,255,150,2,113,351,0,1,0,71,97,0,0,0,3,1,8,0
1212-2,1,41,hortelanos,256,156,2,111,350,0,1,0,48,84,0,0,0,3,1,6,0
1212-2,1,42,hortelanos,255,154,2,84,338,0,1,0,58,96,0,1,0,3,1,5,0
1212-2,1,43,hortelanos,256,156,2,102,328,0,1,0,63,99,0,1,0,3,1,9,0
1212-2,1,44,hortelanos,264,158,2,110,338,0,1,0,69,105,0,1,0,3,1,4,0
1212-2,1,45,hortelanos,265,161,2,102,349,0,1,0,69,107,0,1,0,3,1,4,0
1212-2,1,46,hortelanos,265,164,2,110,357,0,1,0,69,107,0,1,0,3,1,3,0
1212-2,1,47,hortelanos,266,167,2,111,350,0,1,0,51,92,0,0,0,3,1,3,0
1212-2,1,48,hortelanos,267,170,2,99,329,0,1,0,51,83,0,0,0,3,1,8,0
1212-2,1,49,hortelanos,267,173,2,117,318,0,1,0,51,85,0,0,0,3,1,3,0
1212-2,1,50,hortelanos,276,176,2,112,308,0,1,0,51,85,0,0,0,3,1,3,0
1212-2,1,51,hortelanos,276,179,2,109,298,0,1,0,51,85,0,0,0,3,1,3,0
1212-2,1,52,hortelanos,277,183,2,117,287,0,1,0,51,87,0,0,0,3,1,3,0
1212-2,1,53,hortelanos,278,187,2,126,284,0,1,0,60,96,0,0,0,3,1,3,0
1212-2,1,54,hortelanos,278,188,2,118,270,0,1,0,60,105,0,0,0,3,1,9,0
1212-2,1,55,hortelanos,278,188,2,143,266,0,2,0,60,107,0,0,0,3,1,4,0
1212-2,1,56,hortelanos,286,188,2,155,266,0,2,0,60,107,0,0,0,3,1,4,0
1212-2,1,57,hortelanos,286,188,2,113,269,0,2,0,60,107,0,0,0,3,1,5,0
1212-2,1,58,hortelanos,286,188,2,142,270,0,2,0,60,107,0,0,0,3,1,4,0
1212-2,1,59,hortelanos,286,188,2,168,308,0,2,0,96,143,0,0,0,3,1,4,0
1212-2,1,60,hortelanos,286,188,2,188,293,0,0,0,96,143,0,0,0,3,1,8,0
1212-2,1,61,hortelanos,286,188,2,143,321,0,0,0,96,143,0,0,0,3,1,3,0
1212-2,1,62,hortelanos,342,235,3,145,348,0,2,0,96,143,0,0,0,4,1,3,0
1212-2,1,63,hortelanos,342,237,3,160,367,0,4,0,96,151,0,0,0,4,1,4,0
1212-2,1,64,hortelanos,342,239,3,41,387,0,4,0,96,151,0,1,0,4,1,5,0
1212-2,1,65,hortelanos,343,241,3,84,379,0,4,0,73,131,0,0,0,4,1,2,0
1212-2,1,66,hortelanos,343,243,3,122,367,0,4,0,73,130,0,1,0,4,1,5,0
1212-2,1,67,hortelanos,344,245,3,98,332,0,4,0,80,137,0,0,0,4,1,6,0
1212-2,1,68,hortelanos,344,247,3,95,323,0,4,0,80,137,0,0,0,4,1,10,0
1212-2,1,69,hortelanos,361,290,4,122,323,0,4,0,80,137,0,1,0,4,1,6,0
1212-2,1,70,hortelanos,369,292,4,132,321,0,4,0,85,152,0,0,0,4,1,6,0
1212-2,1,71,hortelanos,369,292,4,94,260,0,4,0,64,131,0,0,0,4,1,6,0
1212-2,1,72,hortelanos,369,292,4,113,236,0,4,0,64,122,0,0,0,4,1,6,0
1212-2,1,73,hortelanos,384,327,5,109,215,0,4,0,64,122,0,1,0,4,1,5,0
1212-2,1,74,hortelanos,384,327,5,93,196,0,0,0,68,132,0,0,0,4,1,6,0
1212-2,1,75,hortelanos,384,327,5,109,170,0,0,0,68,132,0,0,0,4,1,6,0
1212-2,1,76,hortelanos,384,327,5,103,147,0,0,0,68,132,0,1,0,4,1,5,0
1212-2,1,77,hortelanos,385,331,5,115,145,0,0,0,82,146,0,0,0,4,1,5,0
1212-2,1,78,hortelanos,385,331,5,98,141,0,0,0,82,155,0,0,0,4,1,4,0
1212-2,1,79,hortelanos,385,331,5,102,135,0,0,0,82,155,0,1,0,4,1,5,0
1212-2,1,80,hortelanos,385,334,5,110,135,0,0,0,86,159,0,0,0,4,1,4,0
1212-2,1,81,hortelanos,386,337,5,101,134,0,0,0,86,159,0,0,0,4,1,4,0
1212-2,1,82,hortelanos,386,337,5,97,132,0,0,0,86,159,0,0,0,4,1,4,0
1212-2,1,83,hortelanos,387,340,5,108,169,0,0,0,128,201,0,1,0,4,1,5,0
1212-2,1,84,hortelanos,387,343,5,119,204,0,0,0,133,208,0,0,0,4,1,5,0
1212-2,1,85,hortelanos,387,342,5,126,226,0,0,0,133,208,0,0,0,4,1,5,0
1212-2,1,86,hortelanos,388,346,5,122,258,0,0,0,133,210,0,0,0,4,1,5,0
1212-2,1,87,hortelanos,389,350,5,123,287,0,1,0,133,210,0,0,0,4,1,5,0
1212-2,1,88,hortelanos,389,354,5,129,299,0,1,0,133,210,0,0,0,4,1,10,0
1212-2,1,89,hortelanos,390,356,5,137,298,0,2,0,101,180,0,0,0,4,1,4,0
1212-2,1,90,hortelanos,398,358,5,111,258,0,2,0,101,180,0,0,0,4,1,5,0
1212-2,1,91,hortelanos,399,360,5,117,258,0,2,0,101,182,0,0,0,4,1,4,0
1212-2,1,92,hortelanos,414,398,6,130,257,0,2,0,101,182,0,0,0,4,1,4,0
1212-2,1,93,hortelanos,414,398,6,132,247,0,2,0,101,188,0,0,0,4,1,6,0
1212-2,1,94,hortelanos,414,399,6,140,224,0,2,0,101,188,0,1,0,4,1,10,0
1212-2,1,95,hortelanos,414,399,6,151,198,0,2,0,83,170,0,0,0,4,1,5,0
1212-2,1,96,hortelanos,422,399,6,152,173,0,2,0,83,161,0,0,0,4,1,5,0
1212-2,1,97,hortelanos,422,399,6,139,149,0,2,0,83,161,0,0,0,4,1,5,0
1212-2,1,98,hortelanos,422,399,6,124,127,0,2,0,83,161,0,0,0,4,1,5,0
1212-2,1,99,hortelanos,422,399,6,117,107,0,2,0,83,161,0,1,0,4,1,4,0
1212-2,1,100,hortelanos,422,399,6,92,95,0,0,0,86,164,0,0,0,4,1,4,0
1212-2,1,101,hortelanos,422,399,6,105,92,0,0,0,98,176,0,0,0,4,1,5,0
1212-2,1,102,hortelanos,422,399,6,116,87,0,0,0,98,185,0,1,0,4,1,4,0
1212-2,1,103,hortelanos,423,402,6,113,88,0,0,0,102,189,0,0,0,4,1,4,0
1212-2,1,104,hortelanos,423,403,6,120,88,0,0,0,102,189,0,0,0,4,1,4,0
1212-2,1,105,hortelanos,423,403,6,123,88,0,0,0,102,189,0,0,0,4,1,3,0
1212-2,1,106,hortelanos,423,403,6,132,89,0,0,0,102,189,0,0,0,4,1,3,0
1212-2,1,107,hortelanos,424,406,6,109,135,0,0,0,149,236,0,0,0,4,1,4,0
1212-2,1,108,hortelanos,425,410,6,115,178,0,1,0,149,238,0,0,0,4,1,4,0
1212-2,1,109,hortelanos,425,412,6,116,214,0,1,0,149,240,0,0,0,4,1,5,0
1212-2,1,110,hortelanos,425,414,6,147,243,0,2,0,149,240,0,1,0,4,1,5,0
1212-2,1,111,hortelanos,426,416,6,160,275,0,0,0,159,250,0,0,0,4,1,10,0
1212-2,1,112,hortelanos,586,418,6,137,314,0,0,0,159,250,0,1,1,5,1,5,0
1212-2,1,113,hortelanos,587,420,6,156,343,0,2,0,149,242,0,0,0,5,1,5,0
1212-2,1,114,hortelanos,595,422,6,176,372,0,2,0,149,242,0,0,0,5,1,5,0
1212-2,1,115,hortelanos,595,424,6,143,400,0,2,0,149,242,0,0,0,5,1,5,0
1212-2,1,116,hortelanos,596,426,6,161,426,0,2,0,149,242,0,0,0,5,1,4,0
1212-2,1,117,hortelanos,596,428,6,188,451,0,2,0,149,242,0,0,0,5,1,5,0
1212-2,1,118,hortelanos,596,428,6,203,475,0,2,0,149,244,0,1,0,5,1,4,0
1212-2,1,119,hortelanos,596,428,6,173,494,0,2,0,146,241,0,0,0,5,1,4,0
1212-2,1,120,hortelanos,596,428,6,174,512,0,2,0,146,232,0,0,0,5,1,5,0
1212-2,1,121,hortelanos,596,428,6,188,528,0,2,0,146,232,0,0,0,5,1,5,0
1212-2,1,122,hortelanos,596,428,6,201,543,0,2,0,146,232,0,1,0,5,1,5,0
1212-2,1,123,hortelanos,596,428,6,154,565,0,2,0,152,238,0,0,0,5,1,5,0
1212-2,1,124,hortelanos,596,428,6,167,584,0,2,0,152,238,0,0,0,5,1,6,0
1212-2,1,125,hortelanos,597,432,6,190,604,0,2,0,154,240,0,1,0,5,1,7,0
1212-2,1,126,hortelanos,596,428,6,192,615,0,2,0,154,249,0,0,0,5,1,5,0
1212-2,1,127,hortelanos,596,428,6,162,621,0,2,0,154,249,0,1,0,5,1,11,0
1212-2,1,128,hortelanos,596,428,6,184,643,0,2,0,155,250,0,0,0,5,1,6,0
1212-2,1,129,hortelanos,604,428,6,184,664,0,2,0,155,250,0,0,0,5,1,3,0
1212-2,1,130,hortelanos,604,428,6,189,680,0,2,0,155,250,0,0,0,5,1,3,0
1212-2,1,131,hortelanos,604,428,6,150,694,0,2,0,155,250,0,1,0,5,1,5,0
1212-2,1,132,hortelanos,604,428,6,159,698,0,1,0,155,250,0,0,0,5,1,8,0
1212-2,1,133,hortelanos,612,428,6,184,711,0,1,0,155,250,0,0,0,5,1,4,0
1212-2,1,134,hortelanos,612,428,6,193,724,0,2,0,155,250,0,0,0,5,1,4,0
1212-2,1,135,hortelanos,612,428,6,198,739,0,3,0,155,250,0,0,0,5,1,3,0
1212-2,1,136,hortelanos,613,431,6,220,751,0,3,0,155,250,0,1,0,5,1,5,0
1212-2,1,137,hortelanos,613,434,6,226,765,0,3,0,155,250,0,0,0,5,1,4,0
1212-2,1,138,hortelanos,614,437,6,192,775,0,3,0,155,250,0,1,0,5,1,5,0
1212-2,1,139,hortelanos,615,440,6,205,779,0,3,0,155,253,0,0,0,5,1,10,0
1212-2,1,140,hortelanos,615,443,6,211,789,0,3,0,155,255,0,0,0,5,1,3,0
1212-2,1,141,hortelanos,624,449,6,233,796,0,3,0,155,255,0,1,0,5,1,4,0
1212-2,1,142,hortelanos,626,455,6,198,803,0,3,0,155,255,0,0,0,5,1,4,0
1212-2,1,143,hortelanos,627,462,6,206,809,0,3,0,155,257,0,0,0,5,1,4,0
1212-2,1,144,hortelanos,628,469,6,219,811,0,3,0,155,248,0,0,0,5,1,5,0
1212-2,1,145,hortelanos,630,476,6,219,811,0,3,0,155,250,0,1,0,5,1,4,0
1212-2,1,146,hortelanos,631,482,6,181,809,0,3,0,155,252,0,0,0,5,1,4,0
1212-2,1,147,hortelanos,632,488,6,183,806,0,3,0,155,252,0,1,0,5,1,4,0
1212-2,1,148,hortelanos,634,495,6,189,803,0,3,0,155,258,0,0,0,5,1,3,0
1212-2,1,149,hortelanos,635,502,6,197,799,0,3,0,155,260,0,0,0,5,1,3,0
1212-2,1,150,hortelanos,637,510,6,181,793,0,3,0,155,269,0,0,0,5,1,4,0
1212-2,1,151,hortelanos,637,510,6,188,776,0,3,0,155,273,0,0,0,5,1,5,0
1212-2,1,152,hortelanos,637,514,6,212,782,0,3,0,184,300,0,0,0,5,1,9,0
1212-2,1,153,hortelanos,637,514,6,237,802,0,3,0,184,302,0,0,0,5,1,3,0
1212-2,1,154,hortelanos,645,514,6,211,821,0,3,0,184,302,0,0,0,5,1,3,0
1212-2,1,155,hortelanos,645,514,6,234,839,0,3,0,184,302,0,0,0,5,1,4,0
1212-2,1,156,hortelanos,645,514,6,257,857,0,3,0,184,302,0,0,0,5,1,3,0
1212-2,1,157,hortelanos,645,514,6,278,874,0,3,0,184,302,0,0,0,5,1,3,0
1212-2,1,158,hortelanos,645,514,6,249,890,0,3,0,184,302,0,0,0,5,1,3,0
1212-2,1,159,hortelanos,645,514,6,269,906,0,3,0,184,302,0,0,0,5,1,3,0
1212-2,1,160,hortelanos,645,514,6,289,921,0,3,0,184,302,0,0,0,5,1,3,0
1212-2,1,161,hortelanos,646,518,6,327,940,0,3,0,184,302,0,0,0,5,1,4,0
1212-2,1,162,hortelanos,645,514,6,284,943,0,3,0,184,302,0,0,0,5,1,5,0
1212-2,1,163,hortelanos,645,514,6,280,905,0,3,0,184,302,0,0,0,5,1,9,0
1212-2,1,164,hortelanos,645,514,6,305,920,0,3,0,184,302,0,0,0,5,1,4,0
1212-2,1,165,hortelanos,677,634,7,329,934,0,3,0,184,302,0,0,0,5,1,3,0
1212-2,1,166,hortelanos,677,634,7,189,881,0,3,0,184,326,0,0,0,5,1,7,0
1212-2,1,167,hortelanos,685,634,7,175,868,0,3,0,184,326,0,0,0,5,1,6,0
1212-2,1,168,hortelanos,705,694,8,212,854,0,3,0,184,318,0,1,0,5,1,6,0
1212-2,1,169,hortelanos,705,694,8,243,841,0,3,0,200,346,0,1,0,5,1,6,0
1212-2,1,170,hortelanos,705,694,8,225,842,0,3,0,216,362,0,0,0,5,1,7,0
1212-2,1,171,hortelanos,705,694,8,269,840,0,3,0,216,362,0,3,0,5,1,6,0
1212-2,1,172,hortelanos,705,694,8,312,858,0,3,0,232,378,0,2,0,5,1,4,0
1212-2,1,173,hortelanos,705,694,8,352,894,0,3,0,248,394,0,0,0,5,1,4,0
1212-2,1,174,hortelanos,705,694,8,351,929,0,3,0,248,402,0,0,0,5,1,4,0
1212-2,1,175,hortelanos,705,694,8,406,962,0,3,0,248,402,0,0,0,5,1,5,0
1212-2,1,176,hortelanos,706,698,8,464,995,0,3,0,248,402,0,0,0,5,1,5,0
1212-2,1,177,hortelanos,705,694,8,492,1015,0,3,0,248,402,0,0,0,5,1,5,0
1212-2,1,178,hortelanos,705,694,8,488,1032,0,2,0,248,400,0,0,0,5,1,9,0
1212-2,1,179,hortelanos,705,694,8,541,1061,0,2,0,248,400,0,0,0,5,1,5,0
1212-2,1,180,hortelanos,705,694,8,568,1089,0,2,0,248,400,0,0,0,5,1,3,0
1212-2,1,181,hortelanos,705,694,8,599,1113,0,2,0,248,400,0,0,0,5,1,3,0
1212-2,1,182,hortelanos,705,694,8,580,1136,0,2,0,248,400,0,0,0,5,1,3,0
1212-2,1,183,hortelanos,713,694,8,569,1158,0,2,0,248,400,0,0,0,5,1,4,0
1212-2,1,184,hortelanos,713,694,8,603,1179,0,2,0,248,400,0,0,0,5,1,4,0
1212-2,1,185,hortelanos,713,694,8,639,1197,0,2,0,248,400,0,1,0,5,1,3,0
1212-2,1,186,hortelanos,713,694,8,674,1217,0,2,0,248,400,0,0,0,5,1,4,0
1212-2,1,187,hortelanos,713,694,8,665,1236,0,2,0,248,400,0,0,0,5,1,3,0
1212-2,1,188,hortelanos,714,697,8,648,1252,0,2,0,248,400,0,1,0,5,1,5,0
1212-2,1,189,hortelanos,715,704,8,692,1270,0,2,0,248,400,0,0,0,5,1,5,0
1212-2,1,190,hortelanos,715,703,8,702,1274,0,2,0,248,402,0,0,0,5,1,4,0
1212-2,1,191,hortelanos,716,706,8,737,1272,0,2,0,248,402,0,0,0,5,1,8,0
1212-2,1,192,hortelanos,716,709,8,716,1284,0,2,0,248,395,0,1,0,5,1,3,0
1212-2,1,193,hortelanos,725,712,8,743,1296,0,2,0,248,398,0,0,0,5,1,4,0
1212-2,1,194,hortelanos,726,716,8,832,1302,0,2,0,248,400,0,0,0,5,1,3,0
1212-2,1,195,hortelanos,727,720,8,863,1312,0,2,0,248,400,0,0,0,5,1,3,0
1212-2,1,196,hortelanos,727,720,8,852,1320,0,2,0,248,402,0,0,0,5,1,3,0
1212-2,1,197,hortelanos,727,720,8,887,1328,0,2,0,248,402,0,0,0,5,1,4,0
1212-2,1,198,hortelanos,847,720,8,929,1336,0,2,0,248,409,0,1,1,5,1,3,0
1212-2,1,199,hortelanos,847,720,8,977,1361,0,2,0,264,425,0,0,0,5,1,3,0
1212-2,1,200,hortelanos,847,720,8,973,1385,0,2,0,264,425,0,0,0,5,1,3,0
1212-2,1,1,mercaderes,33,86,1,62,59,0,0,0,13,39,0,0,0,0,1,4,0
1212-2,1,2,mercaderes,32,82,1,54,38,0,0,0,13,29,0,0,0,0,1,2,0
1212-2,1,3,mercaderes,32,82,1,66,28,0,0,0,13,29,0,1,0,0,1,0,1
1212-2,1,4,mercaderes,32,82,1,74,21,0,0,0,13,29,0,0,0,0,1,2,0
1212-2,1,5,mercaderes,32,82,1,73,20,0,0,0,18,34,0,0,0,0,1,2,0
1212-2,1,6,mercaderes,32,82,1,87,22,0,0,0,18,42,0,0,0,0,1,2,0
1212-2,1,7,mercaderes,32,82,1,87,23,0,0,0,18,42,0,0,0,0,1,3,0
1212-2,1,8,mercaderes,32,82,1,91,25,0,0,0,18,42,0,0,0,0,1,3,0
1212-2,1,9,mercaderes,32,82,1,95,27,0,0,0,18,42,0,0,0,0,1,3,0
1212-2,1,10,mercaderes,32,82,1,89,28,0,0,0,18,42,0,0,0,0,1,3,0
1212-2,1,11,mercaderes,33,86,1,95,47,0,0,0,36,60,0,0,0,0,1,3,0
1212-2,1,12,mercaderes,34,90,1,89,64,0,0,0,36,60,0,0,0,0,1,3,0
1212-2,1,13,mercaderes,34,90,1,77,70,0,0,0,36,62,0,0,0,0,1,4,0
1212-2,1,14,mercaderes,49,90,1,72,76,0,0,0,36,62,0,0,0,1,1,3,0
1212-2,1,15,mercaderes,49,90,1,69,81,0,0,0,36,62,0,0,0,1,1,3,0
1212-2,1,16,mercaderes,49,90,1,87,95,0,0,0,36,62,0,0,0,1,1,2,0
1212-2,1,17,mercaderes,49,90,1,88,84,0,0,0,22,48,0,0,0,1,1,7,0
1212-2,1,18,mercaderes,67,90,1,95,88,0,0,0,22,48,0,0,0,2,1,2,0
1212-2,1,19,mercaderes,67,90,1,91,92,0,0,0,22,48,0,0,0,2,1,4,0
1212-2,1,20,mercaderes,67,90,1,92,94,0,0,0,22,48,0,1,0,2,1,3,0
1212-2,1,21,mercaderes,67,90,1,92,90,0,0,0,22,48,0,0,0,2,1,8,0
1212-2,1,22,mercaderes,67,90,1,91,94,0,0,0,22,48,0,0,0,2,1,3,0
1212-2,1,23,mercaderes,75,90,1,93,89,0,0,0,13,39,0,0,0,2,1,3,0
1212-2,1,24,mercaderes,75,90,1,85,84,0,0,0,13,30,0,0,0,2,1,4,0
1212-2,1,25,mercaderes,75,90,1,85,78,0,0,0,13,30,0,0,0,2,1,2,0
1212-2,1,26,mercaderes,75,90,1,82,61,0,0,0,13,30,0,1,0,2,1,7,0
1212-2,1,27,mercaderes,83,90,1,83,57,0,0,0,13,30,0,0,0,2,1,2,0
1212-2,1,28,mercaderes,83,90,1,78,53,0,0,0,13,30,0,0,0,2,1,2,0
1212-2,1,29,mercaderes,83,90,1,84,55,0,0,0,18,35,0,0,0,2,1,2,0
1212-2,1,30,mercaderes,83,90,1,90,41,0,0,0,18,44,0,0,0,2,1,8,0
1212-2,1,31,mercaderes,83,90,1,89,40,0,0,0,18,44,0,0,0,2,1,3,0
1212-2,1,32,mercaderes,91,90,1,90,39,0,0,0,18,44,0,0,0,2,1,3,0
1212-2,1,33,mercaderes,91,90,1,91,38,0,0,0,18,44,0,0,0,2,1,3,0
1212-2,1,34,mercaderes,91,90,1,92,37,0,0,0,18,44,0,0,0,2,1,3,0
1212-2,1,35,mercaderes,91,90,1,92,48,0,0,0,30,56,0,0,0,2,1,3,0
1212-2,1,36,mercaderes,91,90,1,100,58,0,0,0,30,56,0,0,0,2,1,3,0
1212-2,1,37,mercaderes,91,90,1,94,68,0,0,0,30,56,0,0,0,2,1,3,0
1212-2,1,38,mercaderes,91,90,1,93,77,0,0,0,30,56,0,0,0,2,1,3,0
1212-2,1,39,mercaderes,91,94,1,101,91,0,0,0,30,56,0,0,0,2,1,4,0
1212-2,1,40,mercaderes,91,90,1,79,89,0,0,0,30,56,0,0,0,2,1,4,0
1212-2,1,41,mercaderes,91,90,1,91,77,0,0,0,22,48,0,0,0,2,1,7,0
1212-2,1,42,mercaderes,91,90,1,94,80,0,0,0,22,48,0,0,0,2,1,2,0
1212-2,1,43,mercaderes,99,90,1,91,84,0,0,0,22,48,0,0,0,2,1,3,0
1212-2,1,44,mercaderes,99,90,1,101,88,0,0,0,22,48,0,0,0,2,1,2,0
1212-2,1,45,mercaderes,99,90,1,98,92,0,0,0,22,48,0,0,0,2,1,3,0
1212-2,1,46,mercaderes,99,90,1,97,96,0,0,0,22,48,0,0,0,2,1,3,0
1212-2,1,47,mercaderes,99,90,1,96,91,0,0,0,13,39,0,0,0,2,1,4,0
1212-2,1,48,mercaderes,99,90,1,87,84,0,0,0,13,30,0,0,0,2,1,3,0
1212-2,1,49,mercaderes,99,90,1,85,78,0,0,0,13,30,0,1,0,2,1,2,0
1212-2,1,50,mercaderes,99,90,1,83,63,0,0,0,13,30,0,0,0,2,1,7,0
1212-2,1,51,mercaderes,99,90,1,81,59,0,0,0,13,30,0,0,0,2,1,2,0
1212-2,1,52,mercaderes,107,90,1,83,55,0,0,0,13,30,0,0,0,2,1,2,0
1212-2,1,53,mercaderes,107,90,1,80,55,0,0,0,18,35,0,0,0,2,1,3,0
1212-2,1,54,mercaderes,107,90,1,95,53,0,0,0,18,44,0,0,0,2,1,2,0
1212-2,1,55,mercaderes,107,90,1,86,52,0,0,0,18,44,0,0,0,2,1,3,0
1212-2,1,56,mercaderes,107,90,1,94,51,0,0,0,18,44,0,0,0,2,1,3,0
1212-2,1,57,mercaderes,107,90,1,93,50,0,0,0,18,44,0,0,0,2,1,3,0
1212-2,1,58,mercaderes,107,94,1,103,49,0,0,0,18,44,0,0,0,2,1,4,0
1212-2,1,59,mercaderes,107,94,1,88,64,0,0,0,36,62,0,0,0,2,1,3,0
1212-2,1,60,mercaderes,107,90,1,81,69,0,0,0,36,62,0,0,0,2,1,4,0
1212-2,1,61,mercaderes,107,90,1,97,84,0,0,0,36,62,0,0,0,2,1,2,0
1212-2,1,62,mercaderes,107,90,1,90,99,0,0,0,36,62,0,0,0,2,1,3,0
1212-2,1,63,mercaderes,107,90,1,99,113,0,0,0,36,62,0,0,0,2,1,3,0
1212-2,1,64,mercaderes,107,90,1,95,126,0,0,0,36,62,0,0,0,2,1,3,0
1212-2,1,65,mercaderes,107,90,1,94,112,0,0,0,22,48,0,0,0,2,1,8,0
1212-2,1,66,mercaderes,107,90,1,93,115,0,0,0,22,48,0,0,0,2,1,4,0
1212-2,1,67,mercaderes,115,90,1,94,116,0,0,0,22,48,0,1,0,2,1,3,0
1212-2,1,68,mercaderes,115,90,1,93,119,0,0,0,22,48,0,0,0,2,1,3,0
1212-2,1,69,mercaderes,115,90,1,95,122,0,0,0,22,48,0,0,0,2,1,3,0
1212-2,1,70,mercaderes,115,90,1,96,125,0,0,0,22,48,0,0,0,2,1,3,0
1212-2,1,71,mercaderes,115,90,1,97,119,0,0,0,13,39,0,0,0,2,1,3,0
1212-2,1,72,mercaderes,115,90,1,88,113,0,0,0,13,30,0,0,0,2,1,3,0
1212-2,1,73,mercaderes,115,90,1,87,107,0,0,0,13,30,0,0,0,2,1,2,0
1212-2,1,74,mercaderes,115,90,1,84,102,0,0,0,13,30,0,0,0,2,1,2,0
1212-2,1,75,mercaderes,115,90,1,80,97,0,0,0,13,30,0,0,0,2,1,2,0
1212-2,1,76,mercaderes,115,94,1,93,93,0,0,0,13,30,0,0,0,2,1,3,0
1212-2,1,77,mercaderes,115,90,1,64,81,0,0,0,18,35,0,0,0,2,1,4,0
1212-2,1,78,mercaderes,115,90,1,89,65,0,0,0,18,44,0,0,0,2,1,7,0
1212-2,1,79,mercaderes,115,90,1,89,60,0,0,0,18,44,0,0,0,2,1,3,0
1212-2,1,80,mercaderes,123,90,1,95,58,0,0,0,18,44,0,0,0,2,1,3,0
1212-2,1,81,mercaderes,123,90,1,91,56,0,0,0,18,44,0,0,0,2,1,3,0
1212-2,1,82,mercaderes,123,90,1,100,54,0,0,0,18,44,0,0,0,2,1,3,0
1212-2,1,83,mercaderes,123,90,1,96,70,0,0,0,36,62,0,0,0,2,1,3,0
1212-2,1,84,mercaderes,123,90,1,95,85,0,0,0,36,62,0,0,0,2,1,3,0
1212-2,1,85,mercaderes,123,90,1,93,100,0,0,0,36,62,0,0,0,2,1,4,0
1212-2,1,86,mercaderes,123,90,1,96,112,0,0,0,36,62,0,1,0,2,1,3,0
1212-2,1,87,mercaderes,123,90,1,89,125,0,0,0,36,62,0,0,0,2,1,3,0
1212-2,1,88,mercaderes,123,90,1,90,138,0,0,0,36,62,0,0,0,2,1,3,0
1212-2,1,89,mercaderes,123,94,1,101,138,0,0,0,22,48,0,0,0,2,1,3,0
1212-2,1,90,mercaderes,123,90,1,66,122,0,0,0,22,48,0,0,0,2,1,4,0
1212-2,1,91,mercaderes,123,90,1,93,111,0,0,0,22,48,0,0,0,2,1,7,0
1212-2,1,92,mercaderes,123,90,1,83,108,0,0,0,22,48,0,0,0,2,1,3,0
1212-2,1,93,mercaderes,131,90,1,93,111,0,0,0,22,48,0,0,0,2,1,2,0
1212-2,1,94,mercaderes,131,90,1,89,114,0,0,0,22,48,0,0,0,2,1,3,0
1212-2,1,95,mercaderes,131,90,1,98,108,0,0,0,13,39,0,0,0,2,1,2,0
1212-2,1,96,mercaderes,131,90,1,84,103,0,0,0,13,30,0,0,0,2,1,3,0
1212-2,1,97,mercaderes,131,90,1,83,98,0,0,0,13,30,0,0,0,2,1,2,0
1212-2,1,98,mercaderes,131,90,1,82,93,0,0,0,13,30,0,0,0,2,1,2,0
1212-2,1,99,mercaderes,131,90,1,84,88,0,0,0,13,30,0,0,0,2,1,2,0
1212-2,1,100,mercaderes,131,90,1,80,82,0,0,0,13,30,0,0,0,2,1,2,0
1212-2,1,101,mercaderes,131,90,1,87,82,0,0,0,18,35,0,0,0,2,1,2,0
1212-2,1,102,mercaderes,131,94,1,100,80,0,0,0,18,44,0,0,0,2,1,4,0
1212-2,1,103,mercaderes,131,90,1,76,67,0,0,0,18,44,0,0,0,2,1,4,0
1212-2,1,104,mercaderes,131,90,1,94,56,0,0,0,22,48,0,0,0,2,1,7,0
1212-2,1,105,mercaderes,131,90,1,86,58,0,0,0,22,48,0,0,0,2,1,4,0
1212-2,1,106,mercaderes,139,90,1,96,58,0,0,0,22,48,0,1,0,2,1,3,0
1212-2,1,107,mercaderes,139,90,1,88,82,0,0,0,45,71,0,0,0,2,1,3,0
1212-2,1,108,mercaderes,139,90,1,91,105,0,0,0,45,71,0,0,0,2,1,3,0
1212-2,1,109,mercaderes,139,90,1,92,127,0,0,0,45,71,0,0,0,2,1,3,0
1212-2,1,110,mercaderes,139,90,1,97,140,0,0,0,36,62,0,0,0,2,1,3,0
1212-2,1,111,mercaderes,139,90,1,96,152,0,0,0,36,62,0,0,0,2,1,2,0
1212-2,1,112,mercaderes,139,90,1,97,160,0,0,0,36,62,0,0,0,2,1,2,0
1212-2,1,113,mercaderes,139,90,1,98,154,0,0,0,22,48,0,0,0,2,1,2,0
1212-2,1,114,mercaderes,139,90,1,99,148,0,0,0,22,48,0,0,0,2,1,2,0
1212-2,1,115,mercaderes,139,94,1,110,143,0,0,0,22,48,0,0,0,2,1,3,0
1212-2,1,116,mercaderes,139,90,1,77,127,0,0,0,22,48,0,0,0,2,1,4,0
1212-2,1,117,mercaderes,139,90,1,96,112,0,0,0,22,48,0,0,0,2,1,7,0
1212-2,1,118,mercaderes,139,90,1,90,113,0,0,0,22,48,0,0,0,2,1,3,0
1212-2,1,119,mercaderes,139,90,1,99,107,0,0,0,13,39,0,0,0,2,1,2,0
1212-2,1,120,mercaderes,139,90,1,86,102,0,0,0,13,30,0,0,0,2,1,3,0
1212-2,1,121,mercaderes,139,90,1,85,97,0,0,0,13,30,0,0,0,2,1,2,0
1212-2,1,122,mercaderes,139,90,1,81,92,0,0,0,13,30,0,0,0,2,1,2,0
1212-2,1,123,mercaderes,147,90,1,83,87,0,0,0,13,30,0,0,0,2,1,2,0
1212-2,1,124,mercaderes,147,90,1,79,81,0,0,0,13,30,0,0,0,2,1,2,0
1212-2,1,125,mercaderes,147,90,1,87,81,0,0,0,18,35,0,0,0,2,1,2,0
1212-2,1,126,mercaderes,147,90,1,90,78,0,0,0,18,44,0,0,0,2,1,3,0
1212-2,1,127,mercaderes,147,90,1,96,76,0,0,0,18,44,0,0,0,2,1,3,0
1212-2,1,128,mercaderes,147,90,1,92,74,0,0,0,18,44,0,0,0,2,1,3,0
1212-2,1,129,mercaderes,147,90,1,101,72,0,0,0,18,44,0,0,0,2,1,3,0
1212-2,1,130,mercaderes,147,90,1,96,70,0,0,0,18,44,0,0,0,2,1,3,0
1212-2,1,131,mercaderes,147,90,1,94,85,0,0,0,36,62,0,0,0,2,1,3,0
1212-2,1,132,mercaderes,147,90,1,92,100,0,0,0,36,62,0,0,0,2,1,3,0
1212-2,1,133,mercaderes,147,90,1,100,114,0,0,0,36,62,0,0,0,2,1,3,0
1212-2,1,134,mercaderes,147,94,1,107,128,0,0,0,36,62,0,0,0,2,1,4,0
1212-2,1,135,mercaderes,147,90,1,76,130,0,0,0,36,62,0,0,0,2,1,4,0
1212-2,1,136,mercaderes,147,90,1,98,143,0,0,0,36,62,0,0,0,2,1,2,0
1212-2,1,137,mercaderes,147,90,1,94,129,0,0,0,22,48,0,0,0,2,1,7,0
1212-2,1,138,mercaderes,147,90,1,92,124,0,0,0,22,48,0,0,0,2,1,3,0
1212-2,1,139,mercaderes,147,90,1,101,127,0,0,0,22,48,0,0,0,2,1,2,0
1212-2,1,140,mercaderes,147,90,1,97,129,0,0,0,22,48,0,0,0,2,1,3,0
1212-2,1,141,mercaderes,147,90,1,96,131,0,0,0,22,48,0,0,0,2,1,3,0
1212-2,1,142,mercaderes,147,90,1,94,133,0,0,0,22,48,0,0,0,2,1,3,0
1212-2,1,143,mercaderes,155,90,1,102,127,0,0,0,13,39,0,0,0,2,1,3,0
1212-2,1,144,mercaderes,155,90,1,90,119,0,0,0,13,30,0,0,0,2,1,3,0
1212-2,1,145,mercaderes,155,90,1,91,113,0,0,0,13,30,0,0,0,2,1,2,0
1212-2,1,146,mercaderes,155,90,1,88,107,0,0,0,13,30,0,0,0,2,1,2,0
1212-2,1,147,mercaderes,155,90,1,85,102,0,0,0,13,30,0,0,0,2,1,2,0
1212-2,1,148,mercaderes,155,90,1,82,97,0,0,0,13,30,0,0,0,2,1,2,0
1212-2,1,149,mercaderes,155,90,1,88,97,0,0,0,18,35,0,0,0,2,1,2,0
1212-2,1,150,mercaderes,155,90,1,92,94,0,0,0,18,44,0,0,0,2,1,3,0
1212-2,1,151,mercaderes,155,90,1,98,91,0,0,0,18,44,0,0,0,2,1,4,0
1212-2,1,152,mercaderes,155,90,1,101,88,0,0,0,18,51,0,0,0,2,1,3,0
1212-2,1,153,mercaderes,155,90,1,107,85,0,0,0,18,51,0,0,0,2,1,3,0
1212-2,1,154,mercaderes,155,94,1,113,83,0,0,0,18,51,0,0,0,2,1,4,0
1212-2,1,155,mercaderes,155,90,1,92,87,0,0,0,36,69,0,0,0,2,1,4,0
1212-2,1,156,mercaderes,155,90,1,111,101,0,0,0,36,69,0,0,0,2,1,3,0
1212-2,1,157,mercaderes,155,90,1,104,115,0,0,0,36,69,0,0,0,2,1,3,0
1212-2,1,158,mercaderes,155,90,1,103,128,0,0,0,36,69,0,0,0,2,1,3,0
1212-2,1,159,mercaderes,155,90,1,101,141,0,0,0,36,69,0,0,0,2,1,3,0
1212-2,1,160,mercaderes,155,90,1,102,153,0,0,0,36,69,0,0,0,2,1,2,0
1212-2,1,161,mercaderes,155,90,1,103,134,0,0,0,22,55,0,0,0,2,1,7,0
1212-2,1,162,mercaderes,155,90,1,101,129,0,0,0,22,55,0,0,0,2,1,3,0
1212-2,1,163,mercaderes,155,90,1,108,128,0,0,0,22,55,0,0,0,2,1,3,0
1212-2,1,164,mercaderes,155,90,1,103,130,0,0,0,22,55,0,0,0,2,1,3,0
1212-2,1,165,mercaderes,155,90,1,104,132,0,0,0,22,55,0,0,0,2,1,3,0
1212-2,1,166,mercaderes,155,90,1,108,134,0,0,0,22,55,0,0,0,2,1,3,0
1212-2,1,167,mercaderes,163,90,1,106,126,0,0,0,13,46,0,0,0,2,1,3,0
1212-2,1,168,mercaderes,163,90,1,92,117,0,0,0,13,34,0,0,0,2,1,3,0
1212-2,1,169,mercaderes,163,90,1,98,111,0,0,0,13,34,0,0,0,2,1,2,0
1212-2,1,170,mercaderes,163,90,1,89,105,0,0,0,13,34,0,0,0,2,1,3,0
1212-2,1,171,mercaderes,163,90,1,92,100,0,0,0,13,34,0,0,0,2,1,2,0
1212-2,1,172,mercaderes,163,90,1,92,95,0,0,0,13,34,0,0,0,2,1,2,0
1212-2,1,173,mercaderes,163,90,1,94,95,0,0,0,18,39,0,0,0,2,1,3,0
1212-2,1,174,mercaderes,163,90,1,97,92,0,0,0,18,51,0,0,0,2,1,3,0
1212-2,1,175,mercaderes,163,90,1,103,89,0,0,0,18,51,0,0,0,2,1,3,0
1212-2,1,176,mercaderes,163,90,1,99,86,0,0,0,18,51,0,0,0,2,1,3,0
1212-2,1,177,mercaderes,163,90,1,108,83,0,0,0,18,51,0,0,0,2,1,3,0
1212-2,1,178,mercaderes,163,94,1,114,81,0,0,0,18,51,0,0,0,2,1,4,0
1212-2,1,179,mercaderes,163,90,1,93,85,0,0,0,36,69,0,0,0,2,1,4,0
1212-2,1,180,mercaderes,163,90,1,102,100,0,0,0,36,69,0,0,0,2,1,3,0
1212-2,1,181,mercaderes,163,90,1,107,114,0,0,0,36,69,0,0,0,2,1,3,0
1212-2,1,182,mercaderes,163,90,1,102,127,0,0,0,36,69,0,0,0,2,1,3,0
1212-2,1,183,mercaderes,163,90,1,110,140,0,0,0,36,69,0,0,0,2,1,3,0
1212-2,1,184,mercaderes,163,90,1,98,152,0,0,0,36,69,0,0,0,2,1,2,0
1212-2,1,185,mercaderes,163,90,1,111,133,0,0,0,22,55,0,0,0,2,1,7,0
1212-2,1,186,mercaderes,163,90,1,102,128,0,0,0,22,55,0,0,0,2,1,3,0
1212-2,1,187,mercaderes,163,90,1,111,128,0,0,0,22,55,0,0,0,2,1,3,0
1212-2,1,188,mercaderes,163,90,1,107,130,0,0,0,22,55,0,0,0,2,1,3,0
1212-2,1,189,mercaderes,163,90,1,105,132,0,0,0,22,55,0,0,0,2,1,3,0
1212-2,1,190,mercaderes,163,90,1,107,134,0,0,0,22,55,0,0,0,2,1,3,0
1212-2,1,191,mercaderes,171,90,1,103,126,0,0,0,13,46,0,0,0,2,1,3,0
1212-2,1,192,mercaderes,171,90,1,88,117,0,0,0,13,34,0,0,0,2,1,3,0
1212-2,1,193,mercaderes,171,90,1,93,111,0,0,0,13,34,0,0,0,2,1,2,0
1212-2,1,194,mercaderes,171,90,1,86,105,0,0,0,13,34,0,0,0,2,1,3,0
1212-2,1,195,mercaderes,171,90,1,91,100,0,0,0,13,34,0,0,0,2,1,2,0
1212-2,1,196,mercaderes,171,90,1,93,95,0,0,0,13,34,0,0,0,2,1,2,0
1212-2,1,197,mercaderes,171,90,1,84,95,0,0,0,18,39,0,0,0,2,1,3,0
1212-2,1,198,mercaderes,171,90,1,100,92,0,0,0,18,51,0,0,0,2,1,3,0
1212-2,1,199,mercaderes,171,90,1,103,89,0,0,0,18,51,0,0,0,2,1,3,0
1212-2,1,200,mercaderes,171,90,1,98,86,0,0,0,18,51,0,0,0,2,1,3,0
1212-2,1,1,mesta,23,39,1,231,62,0,0,0,5,13,0,0,0,0,1,5,0
1212-2,1,2,mesta,23,39,1,230,56,0,0,0,5,8,0,0,0,0,1,1,0
1212-2,1,3,mesta,23,39,1,229,49,0,0,0,5,8,0,0,0,0,1,0,1
1212-2,1,4,mesta,23,39,1,228,43,0,0,0,5,8,0,0,0,0,1,0,1
1212-2,1,5,mesta,23,39,1,227,38,0,0,0,6,9,0,1,0,0,1,0,1
1212-2,1,6,mesta,23,39,1,141,35,0,0,0,6,20,0,0,0,0,1,5,0
1212-2,1,7,mesta,23,39,1,145,36,0,0,0,6,20,0,0,0,0,1,4,0
1212-2,1,8,mesta,23,39,1,114,37,0,0,0,6,20,0,0,0,0,1,4,0
1212-2,1,9,mesta,23,39,1,119,36,0,0,0,6,20,0,1,0,0,1,3,0
1212-2,1,10,mesta,23,39,1,98,37,0,0,0,6,26,0,0,0,0,1,3,0
1212-2,1,11,mesta,24,40,1,84,45,0,0,0,13,33,0,0,0,0,1,3,0
1212-2,1,12,mesta,23,37,1,66,42,0,0,0,13,35,0,0,0,0,1,3,0
1212-2,1,13,mesta,23,38,1,76,50,0,0,0,13,33,0,0,0,0,1,2,0
1212-2,1,14,mesta,23,39,1,72,54,0,0,0,13,33,0,0,0,0,1,2,0
1212-2,1,15,mesta,24,40,1,81,60,0,0,0,13,33,0,0,0,0,1,3,0
1212-2,1,16,mesta,23,37,1,74,53,0,0,0,13,35,0,0,0,0,1,4,0
1212-2,1,17,mesta,23,37,1,99,38,0,0,0,8,28,0,0,0,0,1,8,0
1212-2,1,18,mesta,23,37,1,94,39,0,0,0,8,28,0,0,0,0,1,4,0
1212-2,1,19,mesta,41,37,1,98,42,0,0,0,8,28,0,0,0,1,1,4,0
1212-2,1,20,mesta,41,37,1,95,45,0,0,0,8,28,0,0,0,1,1,4,0
1212-2,1,21,mesta,41,37,1,99,48,0,0,0,8,28,0,0,0,1,1,4,0
1212-2,1,22,mesta,41,37,1,98,51,0,0,0,8,28,0,0,0,1,1,4,0
1212-2,1,23,mesta,41,37,1,96,51,0,0,0,5,25,0,0,0,1,1,4,0
1212-2,1,24,mesta,41,37,1,99,51,0,0,0,5,22,0,0,0,1,1,4,0
1212-2,1,25,mesta,41,37,1,94,51,0,0,0,5,22,0,0,0,1,1,4,0
1212-2,1,26,mesta,41,37,1,96,51,0,0,0,5,22,0,0,0,1,1,4,0
1212-2,1,27,mesta,41,37,1,99,50,0,0,0,5,22,0,0,0,1,1,4,0
1212-2,1,28,mesta,41,37,1,94,49,0,0,0,5,22,0,0,0,1,1,4,0
1212-2,1,29,mesta,42,41,1,106,49,0,0,0,6,23,0,0,0,1,1,5,0
1212-2,1,30,mesta,41,37,1,98,35,0,0,0,6,28,0,0,0,1,1,5,0
1212-2,1,31,mesta,41,37,1,108,19,0,0,0,6,26,0,0,0,1,1,9,0
1212-2,1,32,mesta,41,37,1,116,17,0,0,0,6,26,0,0,0,1,1,4,0
1212-2,1,33,mesta,49,37,1,98,15,0,0,0,6,26,0,0,0,1,1,5,0
1212-2,1,34,mesta,49,37,1,129,13,2,0,0,6,26,0,0,0,1,1,4,0
1212-2,1,35,mesta,49,37,1,111,16,2,0,0,11,31,0,0,0,1,1,5,0
1212-2,1,36,mesta,49,37,1,141,19,2,0,0,11,31,0,0,0,1,1,4,0
1212-2,1,37,mesta,49,37,1,97,22,2,0,0,11,31,0,0,0,1,1,5,0
1212-2,1,38,mesta,49,37,1,149,25,2,0,0,11,31,0,0,0,1,1,4,0
1212-2,1,39,mesta,49,37,1,105,27,2,0,0,11,31,0,0,0,1,1,5,0
1212-2,1,40,mesta,49,37,1,156,29,2,0,0,11,31,0,0,0,1,1,4,0
1212-2,1,41,mesta,50,41,1,158,31,2,0,0,8,28,0,0,0,1,1,5,0
1212-2,1,42,mesta,50,41,1,149,32,2,0,0,8,30,0,0,0,1,1,4,0
1212-2,1,43,mesta,49,37,1,118,24,2,0,0,8,30,0,0,0,1,1,5,0
1212-2,1,44,mesta,49,37,1,105,27,2,0,0,8,28,0,0,0,1,1,4,0
1212-2,1,45,mesta,49,37,1,92,18,2,0,0,8,28,0,0,0,1,1,9,0
1212-2,1,46,mesta,49,37,1,95,21,2,0,0,8,28,0,0,0,1,1,4,0
1212-2,1,47,mesta,57,37,1,101,21,2,0,0,5,25,0,0,0,1,1,4,0
1212-2,1,48,mesta,57,37,1,98,21,2,0,0,5,22,0,0,0,1,1,4,0
1212-2,1,49,mesta,57,37,1,93,21,2,0,0,5,22,0,0,0,1,1,4,0
1212-2,1,50,mesta,57,37,1,96,21,2,0,0,5,22,0,0,0,1,1,4,0
1212-2,1,51,mesta,57,37,1,99,21,2,0,0,5,22,0,0,0,1,1,4,0
1212-2,1,52,mesta,57,37,1,94,21,2,0,0,5,22,0,0,0,1,1,4,0
1212-2,1,53,mesta,57,37,1,95,22,2,0,0,6,23,0,0,0,1,1,4,0
1212-2,1,54,mesta,57,37,1,102,20,2,0,0,6,26,0,0,0,1,1,4,0
1212-2,1,55,mesta,57,37,1,109,18,2,0,0,6,26,0,0,0,1,1,4,0
1212-2,1,56,mesta,58,41,1,126,17,2,0,0,6,26,0,0,0,1,1,5,0
1212-2,1,57,mesta,58,41,1,112,14,2,0,0,6,28,0,0,0,1,1,5,0
1212-2,1,58,mesta,58,41,1,146,11,3,0,0,6,28,0,0,0,1,1,4,0
1212-2,1,59,mesta,58,41,1,127,15,0,0,0,13,35,0,0,0,1,1,5,0
1212-2,1,60,mesta,58,41,1,267,18,0,0,0,13,35,0,0,0,1,1,5,0
1212-2,1,61,mesta,58,41,1,249,22,0,0,0,13,35,0,0,0,1,1,5,0
1212-2,1,62,mesta,58,41,1,252,25,0,0,0,13,35,0,0,0,1,1,5,0
1212-2,1,63,mesta,58,41,1,255,28,0,0,0,13,35,0,0,0,1,1,5,0
1212-2,1,64,mesta,58,43,1,258,31,0,0,0,13,35,0,0,0,1,1,5,0
1212-2,1,65,mesta,58,43,1,297,29,0,0,0,8,30,0,0,0,1,1,4,0
1212-2,1,66,mesta,58,43,1,287,30,0,0,0,8,30,0,0,0,1,1,4,0
1212-2,1,67,mesta,58,43,1,277,31,0,0,0,8,30,0,0,0,1,1,4,0
1212-2,1,68,mesta,58,43,1,266,32,0,0,0,8,30,0,0,0,1,1,4,0
1212-2,1,69,mesta,57,39,1,235,24,0,0,0,8,30,0,0,0,1,1,5,0
1212-2,1,70,mesta,57,39,1,221,27,0,0,0,8,28,0,0,0,1,1,4,0
1212-2,1,71,mesta,57,39,1,207,27,0,0,0,5,25,0,0,0,1,1,4,0
1212-2,1,72,mesta,57,39,1,190,27,0,0,0,5,22,0,0,0,1,1,4,0
1212-2,1,73,mesta,57,39,1,175,27,0,0,0,5,22,0,0,0,1,1,4,0
1212-2,1,74,mesta,57,39,1,160,27,0,0,0,5,22,0,0,0,1,1,4,0
1212-2,1,75,mesta,57,39,1,144,14,0,0,0,5,22,0,0,0,1,1,9,0
1212-2,1,76,mesta,57,39,1,128,14,0,0,0,5,22,0,0,0,1,1,4,0
1212-2,1,77,mesta,57,39,1,101,15,0,0,0,6,23,0,0,0,1,1,5,0
1212-2,1,78,mesta,57,39,1,131,13,0,0,0,6,26,0,0,0,1,1,4,0
1212-2,1,79,mesta,57,39,1,112,11,0,0,0,6,26,0,0,0,1,1,5,0
1212-2,1,80,mesta,65,39,1,142,9,0,0,0,6,26,0,0,0,1,1,4,0
1212-2,1,81,mesta,65,39,1,101,7,0,0,0,6,26,0,0,0,1,1,5,0
1212-2,1,82,mesta,65,39,1,154,5,0,0,0,6,26,0,0,0,1,1,4,0
1212-2,1,83,mesta,65,39,1,112,10,0,0,0,13,33,0,0,0,1,1,5,0
1212-2,1,84,mesta,65,39,1,165,15,0,0,0,13,33,0,0,0,1,1,4,0
1212-2,1,85,mesta,65,39,1,122,20,0,0,0,13,33,0,0,0,1,1,5,0
1212-2,1,86,mesta,65,39,1,148,25,0,0,0,13,33,0,0,0,1,1,5,0
1212-2,1,87,mesta,65,39,1,128,29,0,0,0,13,33,0,0,0,1,1,6,0
1212-2,1,88,mesta,66,40,1,154,33,0,0,0,13,33,0,0,0,1,1,5,0
1212-2,1,89,mesta,66,40,1,161,23,0,0,0,8,30,0,0,0,1,1,6,0
1212-2,1,90,mesta,66,40,1,151,25,0,0,0,8,30,0,0,0,1,1,4,0
1212-2,1,91,mesta,66,40,1,141,27,0,0,0,8,30,0,0,0,1,1,4,0
1212-2,1,92,mesta,66,40,1,129,28,0,0,0,8,30,0,0,0,1,1,4,0
1212-2,1,93,mesta,66,40,1,117,29,0,0,0,8,30,0,0,0,1,1,4,0
1212-2,1,94,mesta,66,40,1,105,30,0,0,0,8,30,0,0,0,1,1,4,0
1212-2,1,95,mesta,65,36,1,73,19,0,0,0,5,27,0,0,0,1,1,5,0
1212-2,1,96,mesta,65,36,1,91,19,0,0,0,5,22,0,0,0,1,1,3,0
1212-2,1,97,mesta,65,36,1,98,17,0,0,0,5,22,0,0,0,1,1,4,0
1212-2,1,98,mesta,65,36,1,94,17,0,0,0,5,22,0,0,0,1,1,4,0
1212-2,1,99,mesta,65,36,1,95,17,0,0,0,5,22,0,0,0,1,1,4,0
1212-2,1,100,mesta,65,36,1,100,17,0,0,0,5,22,0,0,0,1,1,4,0
1212-2,1,101,mesta,65,36,1,104,18,0,0,0,6,23,0,0,0,1,1,4,0
1212-2,1,102,mesta,65,36,1,113,16,0,0,0,6,26,0,0,0,1,1,5,0
1212-2,1,103,mesta,65,36,1,122,14,0,0,0,6,26,0,0,0,1,1,4,0
1212-2,1,104,mesta,65,36,1,104,14,0,0,0,8,28,0,0,0,1,1,5,0
1212-2,1,105,mesta,65,36,1,135,14,0,0,0,8,28,0,0,0,1,1,4,0
1212-2,1,106,mesta,95,36,1,117,14,1,0,0,8,28,0,0,0,1,1,5,0
1212-2,1,107,mesta,95,36,1,121,22,1,0,0,16,36,0,0,0,1,1,5,0
1212-2,1,108,mesta,95,36,1,125,29,1,0,0,16,36,0,0,0,1,1,5,0
1212-2,1,109,mesta,95,37,1,129,36,1,0,0,16,36,0,0,0,1,1,5,0
1212-2,1,110,mesta,95,38,1,141,40,1,0,0,13,33,0,0,0,1,1,5,0
1212-2,1,111,mesta,95,39,1,51,44,1,0,0,13,33,0,0,0,1,1,6,0
1212-2,1,112,mesta,96,40,1,130,49,1,0,0,13,33,0,0,0,1,1,2,0
1212-2,1,113,mesta,96,40,1,134,31,1,0,0,8,30,0,0,0,1,1,9,0
1212-2,1,114,mesta,96,40,1,124,30,1,0,0,8,30,0,0,0,1,1,4,0
1212-2,1,115,mesta,96,40,1,113,29,1,0,0,8,30,0,0,0,1,1,4,0
1212-2,1,116,mesta,96,40,1,102,28,1,0,0,8,30,0,0,0,1,1,4,0
1212-2,1,117,mesta,104,40,1,95,28,1,0,0,8,30,0,0,0,1,1,4,0
1212-2,1,118,mesta,104,40,1,102,28,1,0,0,8,30,0,0,0,1,1,4,0
1212-2,1,119,mesta,104,40,1,102,25,1,0,0,5,27,0,0,0,1,1,4,0
1212-2,1,120,mesta,104,40,1,96,22,1,0,0,5,23,0,0,0,1,1,4,0
1212-2,1,121,mesta,104,40,1,100,19,1,0,0,5,23,0,0,0,1,1,4,0
1212-2,1,122,mesta,104,40,1,97,16,1,0,0,5,23,0,0,0,1,1,4,0
1212-2,1,123,mesta,104,40,1,92,13,1,0,0,5,23,0,0,0,1,1,4,0
1212-2,1,124,mesta,104,40,1,93,10,1,0,0,5,23,0,0,0,1,1,4,0
1212-2,1,125,mesta,104,40,1,96,8,1,0,0,6,24,0,0,0,1,1,4,0
1212-2,1,126,mesta,104,40,1,105,3,1,0,0,6,28,0,0,0,1,1,5,0
1212-2,1,127,mesta,103,40,1,114,1,1,0,0,6,28,1,0,0,1,1,4,0
1212-2,1,128,mesta,102,44,1,133,2,1,0,0,6,28,1,0,0,1,1,5,0
1212-2,1,129,mesta,101,43,1,119,1,1,0,0,6,28,1,0,0,1,1,5,0
1212-2,1,130,mesta,130,42,1,122,1,1,0,0,6,28,1,0,0,1,1,5,0
1212-2,1,131,mesta,130,42,1,129,3,1,0,0,13,35,0,0,0,1,1,5,0
1212-2,1,132,mesta,130,42,1,136,5,1,0,0,13,35,0,0,0,1,1,5,0
1212-2,1,133,mesta,130,42,1,143,7,1,0,0,13,35,0,0,0,1,1,5,0
1212-2,1,134,mesta,130,42,1,121,9,1,0,0,13,35,0,0,0,1,1,5,0
1212-2,1,135,mesta,130,42,1,149,11,1,0,0,13,35,0,0,0,1,1,6,0
1212-2,1,136,mesta,130,42,1,130,13,1,0,0,13,35,0,0,0,1,1,5,0
1212-2,1,137,mesta,130,42,1,169,10,1,0,0,8,30,0,0,0,1,1,4,0
1212-2,1,138,mesta,130,42,1,159,10,1,0,0,8,30,0,0,0,1,1,4,0
1212-2,1,139,mesta,130,42,1,143,10,1,0,0,8,30,0,0,0,1,1,4,0
1212-2,1,140,mesta,130,42,1,131,10,1,0,0,8,30,0,0,0,1,1,4,0
1212-2,1,141,mesta,130,42,1,119,10,1,0,0,8,30,0,0,0,1,1,4,0
1212-2,1,142,mesta,130,42,1,107,10,1,0,0,8,30,0,0,0,1,1,4,0
1212-2,1,143,mesta,130,42,1,93,7,1,0,0,5,27,0,0,0,1,1,4,0
1212-2,1,144,mesta,130,42,1,91,4,1,0,0,5,23,0,0,0,1,1,4,0
1212-2,1,145,mesta,129,42,1,96,4,1,0,0,5,23,1,0,0,1,1,4,0
1212-2,1,146,mesta,128,42,1,101,4,1,0,0,5,23,1,0,0,1,1,4,0
1212-2,1,147,mesta,127,41,1,97,4,1,0,0,5,23,1,0,0,1,1,4,0
1212-2,1,148,mesta,126,40,1,89,4,1,0,0,5,23,1,0,0,1,1,4,0
1212-2,1,149,mesta,124,39,1,98,4,1,0,0,6,24,1,0,0,1,1,4,0
1212-2,1,150,mesta,123,38,1,106,1,1,0,0,6,26,1,0,0,1,1,5,0
1212-2,1,151,mesta,122,37,1,116,1,1,0,0,6,26,1,0,0,1,1,5,0
1212-2,1,152,mesta,121,36,1,99,1,1,0,0,6,26,1,0,0,1,1,5,0
1212-2,1,153,mesta,120,35,1,130,1,1,0,0,6,26,1,0,0,1,1,4,0
1212-2,1,154,mesta,148,34,1,107,1,1,0,0,6,25,1,0,0,1,1,5,0
1212-2,1,155,mesta,148,34,1,138,4,1,0,0,12,31,0,0,0,1,1,4,0
1212-2,1,156,mesta,148,34,1,120,7,1,0,0,12,31,0,0,0,1,1,5,0
1212-2,1,157,mesta,148,34,1,124,10,1,0,0,12,31,0,0,0,1,1,5,0
1212-2,1,158,mesta,148,34,1,124,13,1,0,0,12,31,0,0,0,1,1,5,0
1212-2,1,159,mesta,148,34,1,128,17,1,0,0,13,33,0,0,0,1,1,6,0
1212-2,1,160,mesta,148,34,1,132,21,1,0,0,13,33,0,0,0,1,1,5,0
1212-2,1,161,mesta,148,34,1,147,20,1,0,0,8,28,0,0,0,1,1,4,0
1212-2,1,162,mesta,148,34,1,134,22,1,0,0,8,28,0,0,0,1,1,4,0
1212-2,1,163,mesta,148,34,1,116,24,1,0,0,8,28,0,0,0,1,1,4,0
1212-2,1,164,mesta,148,34,1,102,26,1,0,0,8,28,0,0,0,1,1,4,0
1212-2,1,165,mesta,148,34,1,96,28,1,0,0,8,28,0,0,0,1,1,4,0
1212-2,1,166,mesta,148,34,1,100,29,1,0,0,8,28,0,0,0,1,1,4,0
1212-2,1,167,mesta,148,34,1,95,28,1,0,0,5,25,0,0,0,1,1,4,0
1212-2,1,168,mesta,148,34,1,95,27,1,0,0,5,22,0,0,0,1,1,4,0
1212-2,1,169,mesta,148,34,1,97,26,1,0,0,5,22,0,0,0,1,1,4,0
1212-2,1,170,mesta,148,34,1,95,25,1,0,0,5,22,0,0,0,1,1,4,0
1212-2,1,171,mesta,148,34,1,98,24,1,0,0,5,22,0,0,0,1,1,4,0
1212-2,1,172,mesta,148,34,1,94,23,1,0,0,5,22,0,0,0,1,1,4,0
1212-2,1,173,mesta,148,34,1,96,23,1,0,0,6,23,0,0,0,1,1,4,0
1212-2,1,174,mesta,148,34,1,104,20,1,0,0,6,26,0,0,0,1,1,5,0
1212-2,1,175,mesta,148,34,1,112,17,1,0,0,6,26,0,0,0,1,1,4,0
1212-2,1,176,mesta,148,34,1,115,14,1,0,0,6,26,0,0,0,1,1,4,0
1212-2,1,177,mesta,148,34,1,123,11,1,0,0,6,26,0,0,0,1,1,4,0
1212-2,1,178,mesta,178,34,1,104,8,1,0,0,6,26,0,0,0,1,1,5,0
1212-2,1,179,mesta,178,34,1,134,12,1,0,0,13,33,0,0,0,1,1,4,0
1212-2,1,180,mesta,178,34,1,115,16,1,0,0,13,33,0,0,0,1,1,5,0
1212-2,1,181,mesta,178,34,1,141,20,1,0,0,13,33,0,0,0,1,1,4,0
1212-2,1,182,mesta,178,34,1,100,24,1,0,0,13,33,0,0,0,1,1,5,0
1212-2,1,183,mesta,178,34,1,153,27,1,0,0,13,33,0,0,0,1,1,5,0
1212-2,1,184,mesta,179,35,1,111,30,1,0,0,13,33,0,0,0,1,1,5,0
1212-2,1,185,mesta,179,35,1,144,28,1,0,0,8,28,0,0,0,1,1,4,0
1212-2,1,186,mesta,179,35,1,132,29,1,0,0,8,28,0,0,0,1,1,4,0
1212-2,1,187,mesta,179,35,1,120,30,1,0,0,8,28,0,0,0,1,1,4,0
1212-2,1,188,mesta,179,35,1,107,31,1,0,0,8,28,0,0,0,1,1,4,0
1212-2,1,189,mesta,179,35,1,94,32,1,0,0,8,28,0,0,0,1,1,4,0
1212-2,1,190,mesta,179,35,1,93,33,1,0,0,8,28,0,0,0,1,1,4,0
1212-2,1,191,mesta,179,35,1,98,31,1,0,0,5,25,0,0,0,1,1,4,0
1212-2,1,192,mesta,179,35,1,92,29,1,0,0,5,22,0,0,0,1,1,4,0
1212-2,1,193,mesta,179,35,1,95,28,1,0,0,5,22,0,0,0,1,1,4,0
1212-2,1,194,mesta,179,35,1,99,27,1,0,0,5,22,0,0,0,1,1,4,0
1212-2,1,195,mesta,179,35,1,92,26,1,0,0,5,22,0,0,0,1,1,4,0
1212-2,1,196,mesta,179,35,1,94,25,1,0,0,5,22,0,0,0,1,1,4,0
1212-2,1,197,mesta,179,35,1,96,25,1,0,0,6,23,0,0,0,1,1,4,0
1212-2,1,198,mesta,179,35,1,103,22,1,0,0,6,26,0,0,0,1,1,5,0
1212-2,1,199,mesta,179,35,1,113,19,1,0,0,6,26,0,0,0,1,1,4,0
1212-2,1,200,mesta,179,35,1,122,16,1,0,0,6,26,0,0,0,1,1,4,0
1212-2,1,1,monjes,35,96,1,36,61,0,0,0,18,38,0,0,0,0,1,4,0
1212-2,1,2,monjes,35,96,1,31,51,0,0,0,18,27,0,0,0,0,1,1,0
1212-2,1,3,monjes,35,96,1,36,40,0,0,0,18,27,0,0,0,0,1,0,1
1212-2,1,4,monjes,35,96,1,41,29,0,0,0,18,27,0,1,0,0,1,0,1
1212-2,1,5,monjes,35,96,1,46,38,0,0,0,36,45,0,1,0,0,1,0,1
1212-2,1,6,monjes,35,96,1,68,48,0,0,0,36,62,0,0,0,0,1,1,0
1212-2,1,7,monjes,35,96,1,83,58,0,0,0,36,62,0,0,0,0,1,2,0
1212-2,1,8,monjes,34,92,1,66,60,0,0,0,36,62,0,0,0,0,1,4,0
1212-2,1,9,monjes,34,90,1,70,55,0,0,0,36,62,0,0,0,0,1,8,0
1212-2,1,10,monjes,52,90,1,83,68,0,0,0,36,62,0,0,0,1,1,3,0
1212-2,1,11,monjes,52,90,1,62,113,0,0,0,78,98,0,0,0,1,1,4,0
1212-2,1,12,monjes,67,90,1,85,186,0,0,0,98,118,0,0,0,2,1,1,0
1212-2,1,13,monjes,67,90,1,80,252,0,0,0,98,118,0,0,0,2,1,2,0
1212-2,1,14,monjes,67,90,1,87,307,0,0,0,98,118,0,0,0,2,1,3,0
1212-2,1,15,monjes,67,90,1,102,361,0,0,0,98,118,0,0,0,2,1,3,0
1212-2,1,16,monjes,67,90,1,109,414,0,0,0,98,118,0,0,0,2,1,3,0
1212-2,1,17,monjes,67,90,1,99,409,0,0,0,56,76,0,0,0,2,1,13,0
1212-2,1,18,monjes,75,90,1,97,410,0,0,0,45,65,0,0,0,2,1,3,0
1212-2,1,19,monjes,75,90,1,94,411,0,0,0,45,65,0,0,0,2,1,3,0
1212-2,1,20,monjes,75,90,1,98,411,0,0,0,45,65,0,0,0,2,1,3,0
1212-2,1,21,monjes,75,90,1,95,396,0,0,0,45,65,0,0,0,2,1,13,0
1212-2,1,22,monjes,75,90,1,98,397,0,0,0,45,65,0,0,0,2,1,3,0
1212-2,1,23,monjes,83,90,1,96,381,0,0,0,27,47,0,0,0,2,1,3,0
1212-2,1,24,monjes,83,90,1,108,363,0,0,0,27,41,0,0,0,2,1,3,0
1212-2,1,25,monjes,83,90,1,93,343,0,0,0,21,35,0,0,0,2,1,3,0
1212-2,1,26,monjes,83,90,1,100,322,0,0,0,21,35,0,0,0,2,1,3,0
1212-2,1,27,monjes,83,90,1,96,303,0,0,0,21,35,0,0,0,2,1,3,0
1212-2,1,28,monjes,83,94,1,103,284,0,0,0,21,35,0,0,0,2,1,4,0
1212-2,1,29,monjes,83,90,1,80,270,0,0,0,36,50,0,0,0,2,1,4,0
1212-2,1,30,monjes,83,90,1,101,252,0,0,0,36,56,0,0,0,2,1,8,0
1212-2,1,31,monjes,83,90,1,103,250,0,0,0,36,56,0,0,0,2,1,3,0
1212-2,1,32,monjes,91,90,1,106,248,0,0,0,36,56,0,0,0,2,1,3,0
1212-2,1,33,monjes,91,90,1,108,246,0,0,0,36,56,0,0,0,2,1,3,0
1212-2,1,34,monjes,91,90,1,110,244,0,0,0,36,56,0,0,0,2,1,3,0
1212-2,1,35,monjes,91,90,1,112,277,0,0,0,72,92,0,0,0,2,1,3,0
1212-2,1,36,monjes,91,90,1,114,308,0,0,0,72,92,0,0,0,2,1,3,0
1212-2,1,37,monjes,91,90,1,117,338,0,0,0,72,92,0,0,0,2,1,3,0
1212-2,1,38,monjes,91,90,1,120,367,0,0,0,72,92,0,0,0,2,1,3,0
1212-2,1,39,monjes,91,94,1,133,400,0,0,0,72,92,0,0,0,2,1,4,0
1212-2,1,40,monjes,91,90,1,90,417,0,0,0,72,92,0,0,0,2,1,5,0
1212-2,1,41,monjes,91,90,1,101,403,0,1,0,45,65,0,0,0,2,1,8,0
1212-2,1,42,monjes,91,90,1,102,403,0,1,0,45,65,0,0,0,2,1,3,0
1212-2,1,43,monjes,99,90,1,103,403,0,1,0,45,65,0,0,0,2,1,3,0
1212-2,1,44,monjes,99,90,1,104,403,0,1,0,45,65,0,0,0,2,1,3,0
1212-2,1,45,monjes,99,90,1,106,403,0,1,0,45,65,0,0,0,2,1,3,0
1212-2,1,46,monjes,98,89,1,99,390,0,1,0,45,65,0,0,0,2,1,6,0
1212-2,1,47,monjes,98,89,1,101,368,0,1,0,21,40,0,0,0,2,1,3,0
1212-2,1,48,monjes,98,89,1,95,347,0,1,0,21,34,0,0,0,2,1,3,0
1212-2,1,49,monjes,128,96,2,98,331,0,1,0,27,40,0,0,0,3,1,5,0
1212-2,1,50,monjes,128,97,2,77,286,0,1,0,27,41,0,0,0,3,1,14,0
1212-2,1,51,monjes,128,98,2,87,268,0,1,0,27,41,0,0,0,3,1,4,0
1212-2,1,52,monjes,128,99,2,61,213,0,1,0,27,41,0,1,0,3,1,4,0
1212-2,1,53,monjes,128,99,2,75,209,0,1,0,43,57,0,0,0,3,1,5,0
1212-2,1,54,monjes,235,153,3,91,198,0,1,0,44,64,0,1,0,4,1,9,0
1212-2,1,55,monjes,236,158,3,87,193,0,1,0,41,77,0,0,0,4,1,6,0
1212-2,1,56,monjes,237,161,3,76,193,0,1,0,51,84,0,2,0,4,1,5,0
1212-2,1,57,monjes,236,159,3,38,167,0,1,0,62,95,0,1,0,4,1,7,0
1212-2,1,58,monjes,237,162,3,56,186,0,1,0,63,101,0,1,0,4,1,1,0
1212-2,1,59,monjes,247,171,4,100,301,0,1,0,125,161,0,0,0,4,1,1,0
1212-2,1,60,monjes,247,173,4,44,326,0,1,0,126,163,0,0,0,4,1,5,0
1212-2,1,61,monjes,248,178,4,61,382,0,1,0,127,164,0,1,0,4,1,3,0
1212-2,1,62,monjes,265,223,5,100,437,0,1,0,129,167,0,1,0,4,1,3,0
1212-2,1,63,monjes,266,225,5,65,483,0,1,0,137,181,0,0,0,4,1,6,0
1212-2,1,64,monjes,267,231,5,80,519,0,0,0,137,180,0,0,0,4,1,7,0
1212-2,1,65,monjes,268,237,5,91,515,0,0,0,91,137,0,1,0,4,1,9,0
1212-2,1,66,monjes,277,243,5,83,526,0,0,0,103,149,0,0,0,4,1,3,0
1212-2,1,67,monjes,279,250,5,84,538,0,0,0,104,151,0,1,0,4,1,4,0
1212-2,1,68,monjes,280,258,5,87,546,0,0,0,103,156,0,1,0,4,1,5,0
1212-2,1,69,monjes,282,266,5,91,562,0,0,0,112,165,0,1,0,4,1,4,0
1212-2,1,70,monjes,283,271,5,96,578,0,0,0,113,173,0,0,0,4,1,3,0
1212-2,1,71,monjes,284,275,5,95,552,0,0,0,72,133,0,0,0,4,1,3,0
1212-2,1,72,monjes,284,275,5,98,510,0,0,0,72,129,0,1,0,4,1,9,0
1212-2,1,73,monjes,284,275,5,91,484,0,0,0,72,129,0,1,0,4,1,4,0
1212-2,1,74,monjes,292,275,5,78,458,0,0,0,72,129,0,1,0,4,1,4,0
1212-2,1,75,monjes,292,275,5,88,432,0,0,0,72,129,0,1,0,4,1,3,0
1212-2,1,76,monjes,293,283,5,94,410,0,0,0,72,129,0,1,0,4,1,4,0
1212-2,1,77,monjes,295,291,5,87,416,0,0,0,97,153,0,1,0,4,1,4,0
1212-2,1,78,monjes,296,299,5,100,420,0,0,0,99,162,0,0,0,4,1,4,0
1212-2,1,79,monjes,298,308,5,109,423,0,0,0,99,167,0,0,0,4,1,4,0
1212-2,1,80,monjes,300,317,5,117,424,0,0,0,100,168,0,0,0,4,1,4,0
1212-2,1,81,monjes,302,327,5,101,425,0,0,0,101,171,0,0,0,4,1,5,0
1212-2,1,82,monjes,304,336,5,122,424,0,1,0,102,172,0,0,0,4,1,5,0
1212-2,1,83,monjes,305,341,5,87,489,0,1,0,183,254,0,0,0,4,1,6,0
1212-2,1,84,monjes,306,346,5,108,558,0,2,0,183,254,0,0,0,4,1,4,0
1212-2,1,85,monjes,307,351,5,106,614,0,0,0,183,255,0,0,0,4,1,8,0
1212-2,1,86,monjes,308,356,5,114,676,0,0,0,183,255,0,0,0,4,1,3,0
1212-2,1,87,monjes,309,361,5,122,734,0,0,0,183,255,0,0,0,4,1,3,0
1212-2,1,88,monjes,310,367,5,108,789,0,0,0,183,259,0,0,0,4,1,4,0
1212-2,1,89,monjes,311,374,5,113,781,0,1,0,120,197,0,0,0,4,1,3,0
1212-2,1,90,monjes,321,381,5,118,771,0,1,0,120,197,0,0,0,4,1,3,0
1212-2,1,91,monjes,322,388,5,115,761,0,1,0,120,198,0,0,0,4,1,3,0
1212-2,1,92,monjes,324,395,5,111,749,0,1,0,120,198,0,0,0,4,1,3,0
1212-2,1,93,monjes,325,403,5,124,736,0,1,0,120,200,0,0,0,4,1,3,0
1212-2,1,94,monjes,327,411,5,119,723,0,1,0,120,202,0,0,0,4,1,3,0
1212-2,1,95,monjes,326,406,5,161,648,0,1,0,79,162,0,0,0,4,1,11,0
1212-2,1,96,monjes,326,406,5,53,591,0,1,0,79,156,0,0,0,4,1,4,0
1212-2,1,97,monjes,336,415,6,107,535,0,1,0,79,156,0,0,0,4,1,3,0
1212-2,1,98,monjes,335,411,6,74,477,0,1,0,79,156,0,0,0,4,1,6,0
1212-2,1,99,monjes,334,407,6,97,410,0,1,0,79,155,0,0,0,4,1,12,0
1212-2,1,100,monjes,334,407,6,99,365,0,1,0,79,155,0,1,0,4,1,4,0
1212-2,1,101,monjes,334,407,6,104,346,0,1,0,102,178,0,0,0,4,1,4,0
1212-2,1,102,monjes,334,407,6,115,328,0,1,0,103,185,0,0,0,4,1,6,0
1212-2,1,103,monjes,342,407,6,126,310,0,1,0,103,185,0,0,0,4,1,4,0
1212-2,1,104,monjes,342,407,6,115,294,0,1,0,103,185,0,0,0,4,1,5,0
1212-2,1,105,monjes,342,407,6,126,278,0,2,0,103,185,0,0,0,4,1,4,0
1212-2,1,106,monjes,342,407,6,128,254,0,2,0,103,185,0,0,0,4,1,9,0
1212-2,1,107,monjes,353,420,6,131,324,0,2,0,185,267,0,0,0,4,1,4,0
1212-2,1,108,monjes,354,429,6,131,389,0,2,0,187,270,0,0,0,4,1,4,0
1212-2,1,109,monjes,356,439,6,132,452,0,2,0,189,273,0,0,0,4,1,4,0
1212-2,1,110,monjes,358,449,6,133,512,0,2,0,191,275,0,0,0,4,1,4,0
1212-2,1,111,monjes,361,461,6,141,569,0,2,0,193,281,0,0,0,4,1,4,0
1212-2,1,112,monjes,363,473,6,144,623,0,2,0,195,283,0,0,0,4,1,4,0
1212-2,1,113,monjes,366,488,6,159,614,0,2,0,128,217,0,0,0,4,1,5,0
1212-2,1,114,monjes,367,494,6,151,587,0,2,0,130,222,0,0,0,4,1,5,0
1212-2,1,115,monjes,369,500,6,160,557,0,2,0,130,223,0,0,0,4,1,9,0
1212-2,1,116,monjes,370,506,6,171,533,0,2,0,130,225,0,0,0,4,1,4,0
1212-2,1,117,monjes,379,512,6,182,515,0,2,0,130,225,0,0,0,4,1,4,0
1212-2,1,118,monjes,380,515,6,199,496,0,2,0,130,227,0,0,0,4,1,4,0
1212-2,1,119,monjes,380,515,6,201,434,0,2,0,85,182,0,0,0,4,1,5,0
1212-2,1,120,monjes,380,515,6,210,360,0,2,0,85,176,0,0,0,4,1,10,0
1212-2,1,121,monjes,380,515,6,219,302,0,2,0,85,176,0,1,0,4,1,4,0
1212-2,1,122,monjes,388,515,6,228,256,0,2,0,93,184,0,0,0,4,1,4,0
1212-2,1,123,monjes,388,515,6,206,173,0,2,0,93,184,0,0,0,4,1,5,0
1212-2,1,124,monjes,388,515,6,158,135,0,2,0,93,184,0,0,0,4,1,4,0
1212-2,1,125,monjes,410,585,7,156,126,0,2,0,120,211,0,0,0,4,1,4,0
1212-2,1,126,monjes,410,585,7,133,102,0,0,0,120,231,0,1,0,4,1,7,0
1212-2,1,127,monjes,410,585,7,94,71,0,0,0,120,217,0,2,0,4,1,6,0
1212-2,1,128,monjes,410,585,7,107,63,0,1,0,140,237,0,1,0,4,1,4,0
1212-2,1,129,monjes,410,585,7,91,65,0,1,0,148,245,0,0,0,4,1,3,0
1212-2,1,130,monjes,410,587,7,107,65,0,1,0,148,245,0,1,0,4,1,3,0
1212-2,1,131,monjes,411,594,7,104,190,0,1,0,276,373,0,0,0,4,1,3,0
1212-2,1,132,monjes,413,602,7,103,311,0,1,0,279,377,0,0,0,4,1,3,0
1212-2,1,133,monjes,415,610,7,116,420,0,1,0,280,378,0,0,0,4,1,4,0
1212-2,1,134,monjes,416,618,7,135,522,0,1,0,282,382,0,0,0,4,1,4,0
1212-2,1,135,monjes,418,626,7,128,621,0,1,0,285,385,0,0,0,4,1,5,0
1212-2,1,136,monjes,420,635,7,128,705,0,1,0,286,388,0,0,0,4,1,10,0
1212-2,1,137,monjes,581,644,7,139,699,0,2,0,185,287,0,1,1,5,1,4,0
1212-2,1,138,monjes,591,653,7,153,697,0,2,0,187,290,0,0,0,5,1,4,0
1212-2,1,139,monjes,593,662,7,119,694,0,2,0,187,292,0,0,0,5,1,5,0
1212-2,1,140,monjes,594,667,7,137,689,0,2,0,187,294,0,0,0,5,1,4,0
1212-2,1,141,monjes,596,675,7,155,681,0,2,0,187,294,0,1,0,5,1,4,0
1212-2,1,142,monjes,597,682,7,174,673,0,2,0,187,295,0,0,0,5,1,5,0
1212-2,1,143,monjes,597,682,7,134,599,0,2,0,119,228,0,0,0,5,1,4,0
1212-2,1,144,monjes,597,682,7,148,526,0,2,0,119,222,0,0,0,5,1,5,0
1212-2,1,145,monjes,597,682,7,162,456,0,2,0,119,222,0,1,0,5,1,4,0
1212-2,1,146,monjes,597,682,7,176,388,0,2,0,117,223,0,0,0,5,1,5,0
1212-2,1,147,monjes,598,686,7,150,323,0,2,0,117,223,0,0,0,5,1,5,0
1212-2,1,148,monjes,598,686,7,163,258,0,2,0,117,223,0,0,0,5,1,5,0
1212-2,1,149,monjes,598,686,7,177,230,0,2,0,153,259,0,1,0,5,1,5,0
1212-2,1,150,monjes,598,686,7,172,205,0,2,0,153,265,0,0,0,5,1,4,0
1212-2,1,151,monjes,598,685,7,142,170,0,1,0,153,265,0,2,0,5,1,9,0
1212-2,1,152,monjes,598,685,7,136,129,0,1,0,135,252,0,0,0,5,1,4,0
1212-2,1,153,monjes,598,685,7,115,94,0,2,0,135,252,0,0,0,5,1,5,0
1212-2,1,154,monjes,598,685,7,122,57,0,1,0,135,252,0,2,0,5,1,4,0
1212-2,1,155,monjes,609,701,8,126,156,0,1,0,269,386,0,0,0,5,1,5,0
1212-2,1,156,monjes,611,713,8,102,240,0,0,0,271,390,0,1,0,5,1,5,0
1212-2,1,157,monjes,612,719,8,115,333,0,0,0,290,409,0,2,0,5,1,5,0
1212-2,1,158,monjes,613,724,8,127,446,0,0,0,315,435,0,0,0,5,1,4,0
1212-2,1,159,monjes,615,730,8,107,543,0,0,0,316,438,0,1,0,5,1,7,0
1212-2,1,160,monjes,616,736,8,123,650,0,1,0,321,445,0,0,0,5,1,4,0
1212-2,1,161,monjes,616,738,8,141,633,0,1,0,210,335,0,1,0,5,1,10,0
1212-2,1,162,monjes,617,740,8,156,631,0,1,0,207,335,0,0,0,5,1,4,0
1212-2,1,163,monjes,617,742,8,121,627,0,1,0,208,336,0,1,0,5,1,6,0
1212-2,1,164,monjes,617,744,8,121,628,0,1,0,211,339,0,0,0,5,1,4,0
1212-2,1,165,monjes,626,746,8,136,628,0,1,0,213,341,0,1,0,5,1,4,0
1212-2,1,166,monjes,626,749,8,153,631,0,1,0,214,344,0,0,0,5,1,4,0
1212-2,1,167,monjes,626,749,8,120,563,0,1,0,141,271,0,0,0,5,1,5,0
1212-2,1,168,monjes,626,749,8,131,498,0,1,0,141,265,0,0,0,5,1,4,0
1212-2,1,169,monjes,626,749,8,142,457,0,1,0,163,287,0,0,0,5,1,4,0
1212-2,1,170,monjes,626,749,8,153,417,0,1,0,163,287,0,0,0,5,1,4,0
1212-2,1,171,monjes,626,749,8,114,379,0,1,0,163,287,0,0,0,5,1,5,0
1212-2,1,172,monjes,627,753,8,135,343,0,1,0,163,287,0,0,0,5,1,5,0
1212-2,1,173,monjes,627,753,8,129,320,0,1,0,179,303,0,0,0,5,1,5,0
1212-2,1,174,monjes,627,753,8,133,295,0,2,0,179,309,0,0,0,5,1,5,0
1212-2,1,175,monjes,627,753,8,152,273,0,3,0,179,309,0,0,0,5,1,4,0
1212-2,1,176,monjes,627,753,8,119,255,0,3,0,179,309,0,0,0,5,1,5,0
1212-2,1,177,monjes,627,753,8,136,238,0,3,0,179,309,0,0,0,5,1,4,0
1212-2,1,178,monjes,627,753,8,153,221,0,3,0,179,309,0,0,0,5,1,4,0
1212-2,1,179,monjes,628,756,8,170,349,0,3,0,329,459,0,0,0,5,1,5,0
1212-2,1,180,monjes,628,759,8,137,472,0,3,0,330,460,0,0,0,5,1,4,0
1212-2,1,181,monjes,629,762,8,135,582,0,3,0,332,462,0,0,0,5,1,5,0
1212-2,1,182,monjes,630,765,8,153,686,0,0,0,333,464,0,0,0,5,1,9,0
1212-2,1,183,monjes,630,768,8,130,796,0,0,0,334,466,0,0,0,5,1,5,0
1212-2,1,184,monjes,631,771,8,135,898,0,2,0,335,468,0,0,0,5,1,5,0
1212-2,1,185,monjes,631,774,8,157,887,0,3,0,220,353,0,0,0,5,1,4,0
1212-2,1,186,monjes,632,777,8,126,880,0,3,0,221,354,0,0,0,5,1,5,0
1212-2,1,187,monjes,633,780,8,145,873,0,3,0,222,355,0,0,0,5,1,4,0
1212-2,1,188,monjes,641,784,8,165,866,0,3,0,223,357,0,0,0,5,1,4,0
1212-2,1,189,monjes,642,788,8,135,859,0,3,0,223,358,0,0,0,5,1,5,0
1212-2,1,190,monjes,643,792,8,155,852,0,3,0,224,359,0,0,0,5,1,4,0
1212-2,1,191,monjes,643,792,8,175,794,0,3,0,172,307,0,0,0,5,1,5,0
1212-2,1,192,monjes,643,792,8,189,739,0,3,0,172,301,0,0,0,5,1,4,0
1212-2,1,193,monjes,643,792,8,153,664,0,3,0,149,278,0,0,0,5,1,4,0
1212-2,1,194,monjes,644,796,8,177,592,0,4,0,149,278,0,0,0,5,1,6,0
1212-2,1,195,monjes,643,792,8,172,513,0,4,0,150,281,0,0,0,5,1,5,0
1212-2,1,196,monjes,643,792,8,80,435,0,4,0,150,281,0,0,0,5,1,10,0
1212-2,1,197,monjes,643,792,8,81,403,0,4,0,191,322,0,0,0,5,1,2,0
1212-2,1,198,monjes,643,792,8,131,373,0,4,0,191,327,0,0,0,5,1,3,0
1212-2,1,199,monjes,643,792,8,149,351,0,4,0,191,327,0,0,0,5,1,4,0
1212-2,1,200,monjes,643,792,8,135,291,0,4,0,191,327,0,0,0,5,1,5,0
1212-2,1,1,salineros,24,43,1,19,71,0,7,0,12,29,0,0,0,0,1,4,0
1212-2,1,2,salineros,24,43,1,19,71,0,14,0,12,25,0,0,0,0,1,1,0
1212-2,1,3,salineros,24,43,1,19,71,0,21,0,12,25,0,0,0,0,1,0,1
1212-2,1,4,salineros,89,43,1,19,71,0,28,0,12,25,0,0,0,1,1,0,1
1212-2,1,5,salineros,90,45,1,19,75,0,35,0,16,29,0,1,0,1,1,0,1
1212-2,1,6,salineros,90,47,1,3,80,0,51,0,16,42,0,0,0,1,1,0,1
1212-2,1,7,salineros,90,49,1,7,83,0,67,0,16,42,0,0,0,1,1,0,1
1212-2,1,8,salineros,91,51,1,11,85,0,83,0,16,42,0,1,0,1,1,0,1
1212-2,1,9,salineros,91,53,1,25,89,0,88,0,16,51,0,0,0,1,1,3,0
1212-2,1,10,salineros,91,51,1,122,82,0,93,0,16,51,0,0,0,1,1,3,0
1212-2,1,11,salineros,90,49,1,172,83,0,103,0,35,69,0,0,0,1,1,9,0
1212-2,1,12,salineros,108,47,1,169,104,0,113,0,43,75,0,0,0,2,1,4,0
1212-2,1,13,salineros,108,49,1,134,136,0,123,0,43,75,0,0,0,2,1,4,0
1212-2,1,14,salineros,109,51,1,148,167,0,131,0,43,74,0,0,0,2,1,3,0
1212-2,1,15,salineros,109,53,1,181,195,0,139,0,43,76,0,0,0,2,1,5,0
1212-2,1,16,salineros,110,55,1,215,222,0,146,0,43,76,0,0,0,2,1,4,0
1212-2,1,17,salineros,110,57,1,249,231,0,152,0,25,57,0,0,0,2,1,4,0
1212-2,1,18,salineros,111,61,1,292,241,0,158,0,20,52,0,0,0,2,1,5,0
1212-2,1,19,salineros,110,59,1,307,233,0,163,0,20,53,0,0,0,2,1,5,0
1212-2,1,20,salineros,111,60,1,340,222,0,168,0,20,51,0,0,0,2,1,9,0
1212-2,1,21,salineros,111,60,1,377,224,0,173,0,20,53,0,0,0,2,1,4,0
1212-2,1,22,salineros,111,60,1,418,226,0,177,0,20,52,0,0,0,2,1,4,0
1212-2,1,23,salineros,119,60,1,458,220,0,181,0,12,44,0,0,0,2,1,4,0
1212-2,1,24,salineros,119,60,1,492,214,0,185,0,12,38,0,0,0,2,1,4,0
1212-2,1,25,salineros,119,60,1,524,205,0,188,0,9,34,0,0,0,2,1,4,0
1212-2,1,26,salineros,119,60,1,555,196,0,192,0,9,34,0,0,0,2,1,4,0
1212-2,1,27,salineros,119,60,1,586,175,0,195,0,9,33,0,0,0,2,1,9,0
1212-2,1,28,salineros,119,60,1,617,166,0,198,0,9,33,0,0,0,2,1,4,0
1212-2,1,29,salineros,127,60,1,647,164,0,201,0,16,40,0,0,0,2,1,4,0
1212-2,1,30,salineros,127,60,1,683,162,0,203,0,16,45,0,0,0,2,1,4,0
1212-2,1,31,salineros,127,60,1,718,160,0,205,0,16,45,0,0,0,2,1,4,0
1212-2,1,32,salineros,127,60,1,757,158,0,207,0,16,45,0,0,0,2,1,4,0
1212-2,1,33,salineros,127,60,1,795,145,0,208,0,16,44,0,0,0,2,1,9,0
1212-2,1,34,salineros,135,60,1,815,146,0,210,0,16,44,0,0,0,2,1,3,0
1212-2,1,35,salineros,135,60,1,832,163,0,210,0,32,59,0,0,0,2,1,3,0
1212-2,1,36,salineros,135,60,1,865,177,0,210,0,32,59,0,0,0,2,1,4,0
1212-2,1,37,salineros,135,60,1,904,191,0,210,0,32,59,0,0,0,2,1,4,0
1212-2,1,38,salineros,135,60,1,943,205,0,209,0,32,59,0,0,0,2,1,4,0
1212-2,1,39,salineros,135,60,1,980,219,0,208,0,32,59,0,0,0,2,1,4,0
1212-2,1,40,salineros,135,64,1,1027,240,0,207,0,32,59,0,0,0,2,1,5,0
1212-2,1,41,salineros,135,60,1,1043,231,0,206,0,20,47,0,0,0,2,1,5,0
1212-2,1,42,salineros,135,60,1,1083,220,0,205,0,20,47,0,0,0,2,1,9,0
1212-2,1,43,salineros,143,60,1,1122,222,0,204,0,20,47,0,0,0,2,1,4,0
1212-2,1,44,salineros,143,60,1,1111,224,0,203,0,20,47,0,0,0,2,1,5,0
1212-2,1,45,salineros,143,60,1,1149,226,0,202,0,20,47,0,0,0,2,1,5,0
1212-2,1,46,salineros,143,60,1,1186,216,0,201,0,20,47,0,0,0,2,1,9,0
1212-2,1,47,salineros,143,60,1,1222,207,0,200,0,9,36,0,0,0,2,1,4,0
1212-2,1,48,salineros,151,60,1,1202,198,0,199,0,9,30,0,0,0,2,1,4,0
1212-2,1,49,salineros,151,60,1,1231,192,0,199,0,12,33,0,0,0,2,1,5,0
1212-2,1,50,salineros,151,60,1,1260,186,0,199,0,12,33,0,0,0,2,1,4,0
1212-2,1,51,salineros,151,60,1,1289,180,0,199,0,12,33,0,0,0,2,1,4,0
1212-2,1,52,salineros,151,60,1,1272,174,0,199,0,12,33,0,0,0,2,1,4,0
1212-2,1,53,salineros,151,60,1,1274,132,0,200,0,16,37,0,0,0,2,1,5,0
1212-2,1,54,salineros,151,60,1,1294,133,0,201,0,16,43,0,0,0,2,1,4,0
1212-2,1,55,salineros,190,115,2,1315,134,0,202,0,16,43,0,0,0,3,1,3,0
1212-2,1,56,salineros,190,119,2,1342,123,0,203,0,16,53,0,0,0,3,1,6,0
1212-2,1,57,salineros,190,115,2,1287,102,0,205,0,16,53,0,1,0,3,1,7,0
1212-2,1,58,salineros,190,115,2,1297,89,0,206,0,24,61,0,1,0,3,1,11,0
1212-2,1,59,salineros,190,117,2,1305,124,0,206,0,64,101,0,1,0,3,1,5,0
1212-2,1,60,salineros,198,119,2,1328,167,0,206,0,70,107,0,1,0,3,1,5,0
1212-2,1,61,salineros,199,120,2,1313,215,0,205,0,76,113,0,0,0,3,1,5,0
1212-2,1,62,salineros,199,120,2,1327,219,0,204,0,76,115,0,0,0,3,1,5,0
1212-2,1,63,salineros,199,120,2,1370,251,0,200,0,76,115,0,0,0,3,1,10,0
1212-2,1,64,salineros,249,180,3,1412,294,0,198,0,76,115,0,0,0,4,1,4,0
1212-2,1,65,salineros,257,180,3,1446,298,0,195,0,52,103,0,0,0,4,1,6,0
1212-2,1,66,salineros,257,180,3,1439,300,0,192,0,52,103,0,1,0,4,1,5,0
1212-2,1,67,salineros,257,180,3,1481,314,0,189,0,62,113,0,0,0,4,1,5,0
1212-2,1,68,salineros,257,180,3,1523,328,0,186,0,62,113,0,0,0,4,1,5,0
1212-2,1,69,salineros,257,180,3,1564,333,0,183,0,62,113,0,0,0,4,1,9,0
1212-2,1,70,salineros,257,180,3,1555,347,0,180,0,62,113,0,0,0,4,1,4,0
1212-2,1,71,salineros,265,180,3,1596,341,0,177,0,42,93,0,0,0,4,1,5,0
1212-2,1,72,salineros,265,180,3,1605,295,0,175,0,42,87,0,0,0,4,1,5,0
1212-2,1,73,salineros,265,180,3,1643,289,0,173,0,42,87,0,0,0,4,1,4,0
1212-2,1,74,salineros,290,265,4,1633,283,0,171,0,42,87,0,0,0,4,1,4,0
1212-2,1,75,salineros,290,265,4,1670,256,0,169,0,42,103,0,0,0,4,1,7,0
1212-2,1,76,salineros,290,265,4,1716,228,0,168,0,42,103,0,0,0,4,1,5,0
1212-2,1,77,salineros,290,265,4,1762,210,0,167,0,52,113,0,1,0,4,1,5,0
1212-2,1,78,salineros,290,269,4,1764,207,0,166,0,64,131,0,0,0,4,1,7,0
1212-2,1,79,salineros,290,265,4,1794,190,0,166,0,64,131,0,1,0,4,1,8,0
1212-2,1,80,salineros,290,267,4,1842,186,0,166,0,76,141,0,0,0,4,1,10,0
1212-2,1,81,salineros,290,269,4,1890,190,0,166,0,76,141,0,0,0,4,1,5,0
1212-2,1,82,salineros,298,269,4,1894,197,0,166,0,76,143,0,0,0,4,1,5,0
1212-2,1,83,salineros,298,269,4,1947,268,0,164,0,140,207,0,0,0,4,1,6,0
1212-2,1,84,salineros,298,269,4,2000,339,0,161,0,140,207,0,0,0,4,1,5,0
1212-2,1,85,salineros,298,269,4,2052,410,0,156,0,140,207,0,0,0,4,1,5,0
1212-2,1,86,salineros,298,269,4,2052,481,0,150,0,140,207,0,0,0,4,1,4,0
1212-2,1,87,salineros,298,269,4,2102,546,0,141,0,140,207,0,0,0,4,1,10,0
1212-2,1,88,salineros,306,269,4,2151,616,0,132,0,140,207,0,0,0,4,1,4,0
1212-2,1,89,salineros,306,269,4,2199,638,0,123,0,92,159,0,0,0,4,1,4,0
1212-2,1,90,salineros,306,269,4,2197,660,0,113,0,92,159,0,0,0,4,1,4,0
1212-2,1,91,salineros,306,269,4,2245,670,0,103,0,92,159,0,0,0,4,1,10,0
1212-2,1,92,salineros,306,269,4,2297,692,0,93,0,92,159,0,0,0,4,1,4,0
1212-2,1,93,salineros,314,269,4,2318,674,0,83,0,92,159,0,0,0,4,1,5,0
1212-2,1,94,salineros,314,269,4,2319,682,0,73,0,92,159,0,0,0,4,1,9,0
1212-2,1,95,salineros,346,389,5,2320,672,0,63,0,60,127,0,0,0,4,1,5,0
1212-2,1,96,salineros,346,389,5,2383,628,0,52,0,60,145,0,0,0,4,1,6,0
1212-2,1,97,salineros,346,389,5,2459,586,0,44,0,60,145,0,0,0,4,1,4,0
1212-2,1,98,salineros,346,389,5,2469,544,0,37,0,60,145,0,1,0,4,1,5,0
1212-2,1,99,salineros,347,393,5,2539,509,0,30,0,64,149,0,0,0,4,1,7,0
1212-2,1,100,salineros,346,389,5,2579,463,0,24,0,64,149,0,0,0,4,1,6,0
1212-2,1,101,salineros,346,389,5,2641,434,0,19,0,82,166,0,0,0,4,1,11,0
1212-2,1,102,salineros,346,389,5,2657,417,0,14,0,82,171,0,0,0,4,1,5,0
1212-2,1,103,salineros,346,389,5,2699,396,0,12,0,82,171,0,0,0,4,1,5,0
1212-2,1,104,salineros,354,389,5,2717,382,0,11,0,82,171,0,0,0,4,1,4,0
1212-2,1,105,salineros,354,389,5,2734,368,0,10,0,82,171,0,0,0,4,1,4,0
1212-2,1,106,salineros,354,389,5,2713,352,0,9,0,82,171,0,1,0,4,1,4,0
1212-2,1,107,salineros,355,392,5,2688,399,0,5,0,152,241,0,0,0,4,1,10,0
1212-2,1,108,salineros,355,394,5,2700,454,0,2,0,152,243,0,0,0,4,1,6,0
1212-2,1,109,salineros,363,394,5,2715,507,0,9,0,152,245,0,1,0,4,1,5,0
1212-2,1,110,salineros,363,394,5,2735,569,0,4,0,161,254,0,1,0,4,1,5,0
1212-2,1,111,salineros,363,394,5,2700,640,0,11,0,170,263,0,1,0,4,1,5,0
1212-2,1,112,salineros,363,394,5,2723,724,0,3,0,183,276,0,1,0,4,1,4,0
1212-2,1,113,salineros,363,394,5,2747,753,0,10,0,130,223,0,0,0,4,1,3,0
1212-2,1,114,salineros,363,394,5,2769,782,0,1,0,130,223,0,0,0,4,1,3,0
1212-2,1,115,salineros,363,394,5,2741,800,0,8,0,130,223,0,0,0,4,1,8,0
1212-2,1,116,salineros,363,394,5,2762,829,0,15,0,130,223,0,0,0,4,1,4,0
1212-2,1,117,salineros,371,394,5,2788,858,0,4,0,130,223,0,0,0,4,1,3,0
1212-2,1,118,salineros,371,394,5,2813,887,0,11,0,130,223,0,0,0,4,1,3,0
1212-2,1,119,salineros,371,394,5,2787,877,0,0,0,91,184,0,0,0,4,1,3,0
1212-2,1,120,salineros,371,394,5,2817,865,0,7,0,91,178,0,0,0,4,1,4,0
1212-2,1,121,salineros,371,394,5,2808,855,0,14,0,91,178,0,0,0,4,1,3,0
1212-2,1,122,salineros,371,394,5,2807,845,0,4,0,91,178,0,0,0,4,1,3,0
1212-2,1,123,salineros,371,394,5,2784,833,0,11,0,91,178,0,0,0,4,1,4,0
1212-2,1,124,salineros,371,394,5,2801,821,0,1,0,91,178,0,1,0,4,1,4,0
1212-2,1,125,salineros,372,398,5,2829,828,0,8,0,110,197,0,0,0,4,1,5,0
1212-2,1,126,salineros,372,396,5,2854,823,0,16,0,110,203,0,0,0,4,1,4,0
1212-2,1,127,salineros,372,398,5,2800,818,0,6,0,110,201,0,0,0,4,1,8,0
1212-2,1,128,salineros,372,398,5,2805,826,0,13,0,110,203,0,0,0,4,1,4,0
1212-2,1,129,salineros,380,398,5,2838,832,0,3,0,110,203,0,1,0,4,1,4,0
1212-2,1,130,salineros,381,402,5,2860,838,0,10,0,110,203,0,1,0,4,1,3,0
1212-2,1,131,salineros,382,406,5,2832,922,0,17,0,187,280,0,0,0,4,1,3,0
1212-2,1,132,salineros,383,410,5,2853,1005,0,3,0,187,280,0,0,0,4,1,4,0
1212-2,1,133,salineros,383,414,5,2881,1087,0,10,0,187,282,0,0,0,4,1,3,0
1212-2,1,134,salineros,384,418,5,2908,1168,0,17,0,187,282,0,0,0,4,1,3,0
1212-2,1,135,salineros,385,422,5,2887,1248,0,24,0,187,284,0,0,0,4,1,3,0
1212-2,1,136,salineros,387,430,5,2943,1328,0,1,0,187,284,0,0,0,4,1,6,0
1212-2,1,137,salineros,387,430,5,2949,1338,0,8,0,130,227,0,0,0,4,1,4,0
1212-2,1,138,salineros,387,432,5,2957,1345,0,15,0,130,227,0,0,0,4,1,8,0
1212-2,1,139,salineros,387,432,5,2917,1358,0,22,0,130,229,0,0,0,4,1,3,0
1212-2,1,140,salineros,396,435,5,2971,1375,0,0,0,130,229,0,1,0,4,1,6,0
1212-2,1,141,salineros,396,438,5,3005,1392,0,7,0,130,229,0,1,0,4,1,3,0
1212-2,1,142,salineros,397,441,5,3034,1410,0,14,0,130,229,0,0,0,4,1,3,0
1212-2,1,143,salineros,397,441,5,3013,1388,0,21,0,91,190,0,0,0,4,1,3,0
1212-2,1,144,salineros,397,441,5,3053,1354,0,0,0,91,184,0,0,0,4,1,10,0
1212-2,1,145,salineros,397,441,5,3070,1332,0,7,0,91,184,0,0,0,4,1,3,0
1212-2,1,146,salineros,397,441,5,3092,1310,0,14,0,91,184,0,0,0,4,1,3,0
1212-2,1,147,salineros,397,441,5,3068,1288,0,21,0,91,184,0,0,0,4,1,3,0
1212-2,1,148,salineros,397,441,5,3095,1266,0,0,0,91,184,0,0,0,4,1,5,0
1212-2,1,149,salineros,405,441,5,3108,1262,0,7,0,110,203,0,0,0,4,1,4,0
1212-2,1,150,salineros,405,441,5,3123,1259,0,16,0,110,209,0,0,0,4,1,4,0
1212-2,1,151,salineros,405,441,5,3112,1254,0,25,0,110,211,0,1,0,4,1,5,0
1212-2,1,152,salineros,405,441,5,3130,1211,0,9,0,110,214,0,0,0,4,1,5,0
1212-2,1,153,salineros,405,441,5,3186,1208,0,21,0,110,214,0,0,0,4,1,4,0
1212-2,1,154,salineros,428,516,6,3234,1205,0,5,0,110,214,0,0,0,4,1,4,0
1212-2,1,155,salineros,429,522,6,3223,1220,0,17,0,187,305,0,0,0,4,1,5,0
1212-2,1,156,salineros,430,528,6,3191,1272,0,3,0,187,309,0,1,0,4,1,5,0
1212-2,1,157,salineros,452,595,7,3210,1331,0,15,0,198,320,0,1,0,4,1,6,0
1212-2,1,158,salineros,453,601,7,3181,1324,0,0,0,198,332,0,1,0,4,1,7,0
1212-2,1,159,salineros,455,610,7,3127,1364,0,25,0,198,345,0,2,0,4,1,5,0
1212-2,1,160,salineros,474,668,8,3188,1406,0,33,0,212,377,0,1,0,4,1,10,0
1212-2,1,161,salineros,474,668,8,3226,1351,0,38,0,161,337,0,0,0,4,1,11,0
1212-2,1,162,salineros,474,668,8,3256,1340,0,43,0,161,336,0,1,0,4,1,5,0
1212-2,1,163,salineros,498,708,9,3335,1340,0,47,0,170,344,0,0,0,4,1,5,0
1212-2,1,164,salineros,498,708,9,3399,1330,0,51,0,170,352,0,0,0,4,1,5,0
1212-2,1,165,salineros,498,708,9,3422,1318,0,54,0,170,351,0,1,0,4,1,5,0
1212-2,1,166,salineros,500,718,9,3494,1317,0,56,0,179,359,0,0,0,4,1,5,0
1212-2,1,167,salineros,500,718,9,3566,1260,0,58,0,125,304,0,0,0,4,1,4,0
1212-2,1,168,salineros,500,718,9,3636,1203,0,60,0,125,297,0,0,0,4,1,7,0
1212-2,1,169,salineros,500,718,9,3655,1160,0,63,0,139,311,0,0,0,4,1,4,0
1212-2,1,170,salineros,501,722,9,3735,1117,0,66,0,139,310,0,0,0,4,1,6,0
1212-2,1,171,salineros,500,718,9,3786,1063,0,69,0,139,311,0,0,0,4,1,6,0
1212-2,1,172,salineros,500,718,9,3849,1007,0,72,0,139,299,0,0,0,4,1,10,0
1212-2,1,173,salineros,500,718,9,3863,973,0,75,0,151,310,0,0,0,4,1,5,0
1212-2,1,174,salineros,500,718,9,3931,943,0,78,0,151,314,0,0,0,4,1,6,0
1212-2,1,175,salineros,508,718,9,3944,913,0,81,0,151,306,0,0,0,4,1,6,0
1212-2,1,176,salineros,508,718,9,4007,883,0,84,0,151,305,0,0,0,4,1,6,0
1212-2,1,177,salineros,508,718,9,4070,856,0,87,0,154,308,0,0,0,4,1,6,0
1212-2,1,178,salineros,508,718,9,4134,829,0,91,0,154,301,0,0,0,4,1,5,0
1212-2,1,179,salineros,511,730,9,4147,906,0,92,0,258,404,0,0,0,4,1,5,0
1212-2,1,180,salineros,513,742,9,4200,982,0,91,0,260,405,0,0,0,4,1,7,0
1212-2,1,181,salineros,515,754,9,4258,1054,0,88,0,260,403,0,1,0,4,1,9,0
1212-2,1,182,salineros,517,760,9,4293,1126,0,84,0,274,425,0,1,0,4,1,7,0
1212-2,1,183,salineros,519,770,9,4302,1205,0,76,0,284,434,0,1,0,4,1,12,0
1212-2,1,184,salineros,520,778,9,4376,1288,0,67,0,290,446,0,1,0,4,1,10,0
1212-2,1,185,salineros,522,786,9,4423,1266,0,60,0,215,375,0,0,0,4,1,5,0
1212-2,1,186,salineros,523,794,9,4500,1284,0,53,0,217,377,0,0,0,4,1,7,0
1212-2,1,187,salineros,540,837,10,4531,1300,0,45,0,217,381,0,0,0,4,1,4,0
1212-2,1,188,salineros,540,838,10,4556,1295,0,37,0,217,392,0,0,0,4,1,11,0
1212-2,1,189,salineros,540,839,10,4640,1298,0,29,0,217,392,0,1,0,4,1,6,0
1212-2,1,190,salineros,541,840,10,4728,1312,0,21,0,226,405,0,0,0,4,1,4,0
1212-2,1,191,salineros,549,840,10,4815,1275,0,14,0,176,355,0,0,0,4,1,4,0
1212-2,1,192,salineros,549,840,10,4826,1226,0,11,0,176,349,0,0,0,4,1,8,0
1212-2,1,193,salineros,549,840,10,4869,1172,0,9,0,159,332,0,0,0,4,1,5,0
1212-2,1,194,salineros,549,840,10,4911,1122,0,8,0,159,332,0,0,0,4,1,4,0
1212-2,1,195,salineros,549,840,10,4952,1072,0,8,0,159,332,0,0,0,4,1,4,0
1212-2,1,196,salineros,549,840,10,4943,1022,0,9,0,159,332,0,0,0,4,1,4,0
1212-2,1,197,salineros,549,840,10,4984,1005,0,10,0,192,365,0,0,0,4,1,5,0
1212-2,1,198,salineros,549,844,10,5041,988,0,12,0,192,371,0,0,0,4,1,5,0
1212-2,1,199,salineros,549,840,10,5068,960,0,14,0,192,371,0,0,0,4,1,5,0
1212-2,1,200,salineros,549,840,10,5063,930,0,17,0,192,369,0,0,0,4,1,9,0
1212-3,1,1,arrieros,31,76,1,40,67,0,0,0,15,31,0,0,0,0,1,4,0
1212-3,1,2,arrieros,30,72,1,31,53,0,0,0,15,22,0,0,0,0,1,2,0
1212-3,1,3,arrieros,29,68,1,22,31,0,0,0,15,22,0,0,0,0,1,6,0
1212-3,1,4,arrieros,47,68,1,24,26,0,0,0,15,21,0,0,0,1,1,0,1
1212-3,1,5,arrieros,47,68,1,26,22,0,0,0,15,21,0,1,0,1,1,0,1
1212-3,1,6,arrieros,47,68,1,42,20,0,0,0,15,35,0,0,0,1,1,3,0
1212-3,1,7,arrieros,47,68,1,79,18,0,0,0,15,35,0,0,0,1,1,1,0
1212-3,1,8,arrieros,47,68,1,77,16,0,0,0,15,35,0,0,0,1,1,2,0
1212-3,1,9,arrieros,47,68,1,83,19,0,0,0,15,35,0,0,0,1,1,2,0
1212-3,1,10,arrieros,47,68,1,82,21,0,0,0,15,35,0,0,0,1,1,2,0
1212-3,1,11,arrieros,47,68,1,82,49,0,0,0,40,60,0,0,0,1,1,2,0
1212-3,1,12,arrieros,46,64,1,70,70,0,0,0,40,60,0,0,0,1,1,3,0
1212-3,1,13,arrieros,46,60,1,72,91,0,0,0,40,60,0,0,0,1,1,3,0
1212-3,1,14,arrieros,60,58,1,69,108,0,0,0,40,60,0,0,0,2,1,3,0
1212-3,1,15,arrieros,61,60,1,76,129,0,0,0,40,58,0,0,0,2,1,2,0
1212-3,1,16,arrieros,61,60,1,85,148,0,0,0,40,60,0,0,0,2,1,2,0
1212-3,1,17,arrieros,61,60,1,85,114,0,0,0,25,45,0,0,0,2,1,17,0
1212-3,1,18,arrieros,69,60,1,78,120,0,0,0,25,45,0,0,0,2,1,2,0
1212-3,1,19,arrieros,69,60,1,81,123,0,0,0,25,45,0,1,0,2,1,3,0
1212-3,1,20,arrieros,69,60,1,84,128,0,0,0,25,48,0,0,0,2,1,2,0
1212-3,1,21,arrieros,69,60,1,87,105,0,0,0,25,48,0,0,0,2,1,17,0
1212-3,1,22,arrieros,77,60,1,81,111,0,0,0,25,48,0,0,0,2,1,2,0
1212-3,1,23,arrieros,77,60,1,87,107,0,0,0,15,38,0,0,0,2,1,2,0
1212-3,1,24,arrieros,77,60,1,75,101,0,0,0,15,32,0,0,0,2,1,2,0
1212-3,1,25,arrieros,77,63,1,80,80,0,0,0,15,32,0,1,0,2,1,13,0
1212-3,1,26,arrieros,85,63,1,75,78,0,0,0,15,32,0,0,0,2,1,2,0
1212-3,1,27,arrieros,85,63,1,75,80,0,0,0,15,32,0,0,0,2,1,2,0
1212-3,1,28,arrieros,85,63,1,74,81,0,0,0,15,32,0,0,0,2,1,2,0
1212-3,1,29,arrieros,86,66,1,77,69,0,0,0,20,37,0,0,0,2,1,12,0
1212-3,1,30,arrieros,94,69,1,81,74,0,0,0,20,43,0,0,0,2,1,2,0
1212-3,1,31,arrieros,95,72,1,83,78,0,0,0,20,43,0,0,0,2,1,2,0
1212-3,1,32,arrieros,96,75,1,83,82,0,0,0,20,45,0,0,0,2,1,2,0
1212-3,1,33,arrieros,96,78,1,87,71,0,0,0,20,45,0,0,0,2,1,13,0
1212-3,1,34,arrieros,105,81,1,108,76,0,0,0,20,45,0,0,0,2,1,3,0
1212-3,1,35,arrieros,106,85,1,107,99,0,0,0,40,67,0,0,0,2,1,4,0
1212-3,1,36,arrieros,106,89,1,111,120,0,0,0,40,67,0,0,0,2,1,4,0
1212-3,1,37,arrieros,106,89,1,105,139,0,0,0,40,67,0,0,0,2,1,4,0
1212-3,1,38,arrieros,106,89,1,106,157,0,0,0,40,67,0,0,0,2,1,4,0
1212-3,1,39,arrieros,106,89,1,106,167,0,0,0,40,67,0,1,0,2,1,2,0
1212-3,1,40,arrieros,106,89,1,94,178,0,0,0,40,67,0,0,0,2,1,2,0
1212-3,1,41,arrieros,106,89,1,100,158,0,0,0,25,52,0,0,0,2,1,13,0
1212-3,1,42,arrieros,114,89,1,91,153,0,0,0,25,52,0,1,0,2,1,2,0
1212-3,1,43,arrieros,114,89,1,94,150,0,0,0,25,52,0,0,0,2,1,3,0
1212-3,1,44,arrieros,114,89,1,94,145,0,0,0,25,52,0,1,0,2,1,2,0
1212-3,1,45,arrieros,114,89,1,94,115,0,0,0,25,52,0,0,0,2,1,12,0
1212-3,1,46,arrieros,114,89,1,88,114,0,0,0,25,52,0,0,0,2,1,3,0
1212-3,1,47,arrieros,122,89,1,92,110,0,0,0,15,42,0,0,0,2,1,2,0
1212-3,1,48,arrieros,122,89,1,82,104,0,0,0,15,34,0,1,0,2,1,2,0
1212-3,1,49,arrieros,122,89,1,79,102,0,0,0,15,34,0,0,0,2,1,2,0
1212-3,1,50,arrieros,122,89,1,81,98,0,0,0,15,34,0,0,0,2,1,2,0
1212-3,1,51,arrieros,122,89,1,81,93,0,0,0,15,34,0,0,0,2,1,2,0
1212-3,1,52,arrieros,124,97,1,93,90,0,0,0,15,34,0,0,0,2,1,4,0
1212-3,1,53,arrieros,123,93,1,68,82,0,0,0,20,40,0,0,0,2,1,5,0
1212-3,1,54,arrieros,122,89,1,99,59,0,0,0,20,49,0,0,0,2,1,9,0
1212-3,1,55,arrieros,130,89,1,102,39,0,0,0,20,47,0,0,0,2,1,9,0
1212-3,1,56,arrieros,130,89,1,102,42,0,0,0,20,47,0,0,0,2,1,4,0
1212-3,1,57,arrieros,130,89,1,105,45,0,0,0,20,47,0,0,0,2,1,4,0
1212-3,1,58,arrieros,130,89,1,108,48,0,0,0,20,47,0,0,0,2,1,4,0
1212-3,1,59,arrieros,130,89,1,113,70,0,0,0,40,67,0,0,0,2,1,5,0
1212-3,1,60,arrieros,130,89,1,106,89,0,0,0,40,67,0,1,0,2,1,3,0
1212-3,1,61,arrieros,130,89,1,100,112,0,0,0,40,67,0,0,0,2,1,3,0
1212-3,1,62,arrieros,130,89,1,99,134,0,0,0,40,67,0,0,0,2,1,2,0
1212-3,1,63,arrieros,130,89,1,95,155,0,0,0,40,67,0,0,0,2,1,3,0
1212-3,1,64,arrieros,130,89,1,97,171,0,0,0,40,67,0,0,0,2,1,3,0
1212-3,1,65,arrieros,130,89,1,109,136,0,0,0,25,52,0,0,0,2,1,14,0
1212-3,1,66,arrieros,138,89,1,107,132,0,0,0,25,52,0,1,0,2,1,2,0
1212-3,1,67,arrieros,138,89,1,98,142,0,0,0,25,52,0,0,0,2,1,3,0
1212-3,1,68,arrieros,138,89,1,95,146,0,0,0,25,52,0,0,0,2,1,2,0
1212-3,1,69,arrieros,138,89,1,98,112,0,0,0,25,52,0,0,0,2,1,12,0
1212-3,1,70,arrieros,138,89,1,93,111,0,0,0,25,52,0,0,0,2,1,4,0
1212-3,1,71,arrieros,146,89,1,111,107,0,0,0,15,42,0,0,0,2,1,2,0
1212-3,1,72,arrieros,146,89,1,89,104,0,0,0,15,34,0,1,0,2,1,2,0
1212-3,1,73,arrieros,146,89,1,84,106,0,0,0,15,34,0,0,0,2,1,2,0
1212-3,1,74,arrieros,146,89,1,81,70,0,0,0,15,34,0,0,0,2,1,12,0
1212-3,1,75,arrieros,146,89,1,83,67,0,0,0,15,34,0,0,0,2,1,3,0
1212-3,1,76,arrieros,154,89,1,100,63,0,0,0,15,34,0,0,0,2,1,3,0
1212-3,1,77,arrieros,154,89,1,91,65,0,0,0,20,39,0,0,0,2,1,4,0
1212-3,1,78,arrieros,154,89,1,104,67,0,0,0,20,47,0,0,0,2,1,4,0
1212-3,1,79,arrieros,154,89,1,104,69,0,0,0,20,47,0,0,0,2,1,4,0
1212-3,1,80,arrieros,154,89,1,107,71,0,0,0,20,47,0,0,0,2,1,4,0
1212-3,1,81,arrieros,154,89,1,110,73,0,0,0,20,47,0,0,0,2,1,5,0
1212-3,1,82,arrieros,154,89,1,111,73,0,0,0,20,47,0,1,0,2,1,3,0
1212-3,1,83,arrieros,154,89,1,94,97,0,0,0,40,67,0,0,0,2,1,3,0
1212-3,1,84,arrieros,154,89,1,97,120,0,0,0,40,67,0,0,0,2,1,2,0
1212-3,1,85,arrieros,154,89,1,94,142,0,0,0,40,67,0,0,0,2,1,2,0
1212-3,1,86,arrieros,154,89,1,97,163,0,0,0,40,67,0,0,0,2,1,3,0
1212-3,1,87,arrieros,154,89,1,109,174,0,0,0,40,67,0,0,0,2,1,3,0
1212-3,1,88,arrieros,154,89,1,106,185,0,0,0,40,67,0,0,0,2,1,4,0
1212-3,1,89,arrieros,154,89,1,106,143,0,0,0,25,52,0,1,0,2,1,12,0
1212-3,1,90,arrieros,154,89,1,94,141,0,0,0,25,52,0,0,0,2,1,3,0
1212-3,1,91,arrieros,162,89,1,93,137,0,0,0,25,52,0,1,0,2,1,2,0
1212-3,1,92,arrieros,162,89,1,91,144,0,0,0,25,52,0,0,0,2,1,4,0
1212-3,1,93,arrieros,162,89,1,88,141,0,0,0,25,52,0,1,0,2,1,3,0
1212-3,1,94,arrieros,162,89,1,89,145,0,0,0,25,52,0,0,0,2,1,2,0
1212-3,1,95,arrieros,162,89,1,89,133,0,0,0,15,42,0,0,0,2,1,2,0
1212-3,1,96,arrieros,162,89,1,81,87,0,0,0,15,34,0,0,0,2,1,13,0
1212-3,1,97,arrieros,162,89,1,82,82,0,0,0,15,34,0,0,0,2,1,2,0
1212-3,1,98,arrieros,170,89,1,76,77,0,0,0,15,34,0,0,0,2,1,2,0
1212-3,1,99,arrieros,170,89,1,78,74,0,0,0,15,34,0,0,0,2,1,3,0
1212-3,1,100,arrieros,170,89,1,89,69,0,0,0,15,34,0,0,0,2,1,3,0
1212-3,1,101,arrieros,170,89,1,97,70,0,0,0,20,39,0,0,0,2,1,3,0
1212-3,1,102,arrieros,170,89,1,105,72,0,0,0,20,47,0,0,0,2,1,4,0
1212-3,1,103,arrieros,170,89,1,106,74,0,0,0,20,47,0,0,0,2,1,4,0
1212-3,1,104,arrieros,172,97,1,121,76,0,0,0,20,47,0,0,0,2,1,6,0
1212-3,1,105,arrieros,171,93,1,105,70,0,0,0,20,49,0,0,0,2,1,5,0
1212-3,1,106,arrieros,170,89,1,101,65,0,0,0,20,49,0,0,0,2,1,5,0
1212-3,1,107,arrieros,170,89,1,104,86,0,0,0,40,67,0,0,0,2,1,4,0
1212-3,1,108,arrieros,170,89,1,109,106,0,0,0,40,67,0,0,0,2,1,4,0
1212-3,1,109,arrieros,170,89,1,104,126,0,0,0,40,67,0,0,0,2,1,4,0
1212-3,1,110,arrieros,170,89,1,111,145,0,0,0,40,67,0,0,0,2,1,4,0
1212-3,1,111,arrieros,170,89,1,110,163,0,0,0,40,67,0,0,0,2,1,3,0
1212-3,1,112,arrieros,170,89,1,110,174,0,0,0,40,67,0,0,0,2,1,3,0
1212-3,1,113,arrieros,170,89,1,109,132,0,0,0,25,52,0,0,0,2,1,13,0
1212-3,1,114,arrieros,170,89,1,104,130,0,0,0,25,52,0,0,0,2,1,4,0
1212-3,1,115,arrieros,178,89,1,112,134,0,0,0,25,52,0,0,0,2,1,4,0
1212-3,1,116,arrieros,178,89,1,103,140,0,0,0,25,52,0,0,0,2,1,4,0
1212-3,1,117,arrieros,178,89,1,113,142,0,0,0,25,52,0,0,0,2,1,3,0
1212-3,1,118,arrieros,178,89,1,110,140,0,0,0,25,52,0,0,0,2,1,3,0
1212-3,1,119,arrieros,178,89,1,109,128,0,0,0,15,42,0,0,0,2,1,3,0
1212-3,1,120,arrieros,178,89,1,103,81,0,0,0,15,34,0,0,0,2,1,14,0
1212-3,1,121,arrieros,178,89,1,96,81,0,0,0,15,34,0,0,0,2,1,4,0
1212-3,1,122,arrieros,186,89,1,97,81,0,0,0,15,34,0,0,0,2,1,3,0
1212-3,1,123,arrieros,186,89,1,100,81,0,0,0,15,34,0,0,0,2,1,3,0
1212-3,1,124,arrieros,186,89,1,102,81,0,0,0,15,34,0,0,0,2,1,3,0
1212-3,1,125,arrieros,186,89,1,96,85,0,0,0,20,39,0,0,0,2,1,4,0
1212-3,1,126,arrieros,186,89,1,108,86,0,0,0,20,47,0,0,0,2,1,4,0
1212-3,1,127,arrieros,186,89,1,108,87,0,0,0,20,47,0,0,0,2,1,4,0
1212-3,1,128,arrieros,186,89,1,111,88,0,0,0,20,47,0,0,0,2,1,4,0
1212-3,1,129,arrieros,186,89,1,105,89,0,0,0,20,47,0,0,0,2,1,4,0
1212-3,1,130,arrieros,186,89,1,112,90,0,0,0,20,47,0,0,0,2,1,4,0
1212-3,1,131,arrieros,188,97,1,119,110,0,0,0,40,67,0,0,0,2,1,6,0
1212-3,1,132,arrieros,187,93,1,106,122,0,0,0,40,69,0,0,0,2,1,5,0
1212-3,1,133,arrieros,186,89,1,102,134,0,0,0,40,69,0,0,0,2,1,5,0
1212-3,1,134,arrieros,186,89,1,103,152,0,0,0,40,67,0,0,0,2,1,4,0
1212-3,1,135,arrieros,186,89,1,110,168,0,0,0,40,67,0,0,0,2,1,3,0
1212-3,1,136,arrieros,186,89,1,107,179,0,0,0,40,67,0,0,0,2,1,3,0
1212-3,1,137,arrieros,186,89,1,106,137,0,0,0,25,52,0,0,0,2,1,13,0
1212-3,1,138,arrieros,186,89,1,110,135,0,0,0,25,52,0,0,0,2,1,4,0
1212-3,1,139,arrieros,194,89,1,105,134,0,0,0,25,52,0,0,0,2,1,4,0
1212-3,1,140,arrieros,194,89,1,107,135,0,0,0,25,52,0,0,0,2,1,4,0
1212-3,1,141,arrieros,194,89,1,103,137,0,0,0,25,52,0,0,0,2,1,4,0
1212-3,1,142,arrieros,194,89,1,107,138,0,0,0,25,52,0,0,0,2,1,4,0
1212-3,1,143,arrieros,194,89,1,104,127,0,0,0,15,42,0,0,0,2,1,3,0
1212-3,1,144,arrieros,194,89,1,98,116,0,0,0,15,34,0,0,0,2,1,4,0
1212-3,1,145,arrieros,194,89,1,100,114,0,0,0,15,34,0,0,0,2,1,3,0
1212-3,1,146,arrieros,194,89,1,99,112,0,0,0,15,34,0,0,0,2,1,3,0
1212-3,1,147,arrieros,194,89,1,102,110,0,0,0,15,34,0,0,0,2,1,3,0
1212-3,1,148,arrieros,196,97,1,107,108,0,0,0,15,34,0,0,0,2,1,6,0
1212-3,1,149,arrieros,195,93,1,92,104,0,0,0,20,40,0,0,0,2,1,5,0
1212-3,1,150,arrieros,194,89,1,94,79,0,0,0,20,49,0,0,0,2,1,10,0
1212-3,1,151,arrieros,194,89,1,103,61,0,0,0,20,47,0,0,0,2,1,10,0
1212-3,1,152,arrieros,202,89,1,103,63,0,0,0,20,47,0,0,0,2,1,4,0
1212-3,1,153,arrieros,202,89,1,105,65,0,0,0,20,47,0,0,0,2,1,4,0
1212-3,1,154,arrieros,202,89,1,110,67,0,0,0,20,47,0,0,0,2,1,4,0
1212-3,1,155,arrieros,202,89,1,105,77,0,0,0,28,55,0,0,0,2,1,4,0
1212-3,1,156,arrieros,202,89,1,111,86,0,0,0,28,55,0,0,0,2,1,4,0
1212-3,1,157,arrieros,202,89,1,106,95,0,0,0,28,55,0,0,0,2,1,4,0
1212-3,1,158,arrieros,202,89,1,111,103,0,0,0,28,55,0,0,0,2,1,4,0
1212-3,1,159,arrieros,202,89,1,105,111,0,0,0,28,55,0,0,0,2,1,4,0
1212-3,1,160,arrieros,202,89,1,110,119,0,0,0,28,55,0,0,0,2,1,4,0
1212-3,1,161,arrieros,203,93,1,116,131,0,0,0,25,52,0,0,0,2,1,5,0
1212-3,1,162,arrieros,203,93,1,108,139,0,0,0,25,54,0,0,0,2,1,6,0
1212-3,1,163,arrieros,202,89,1,103,120,0,0,0,25,54,0,0,0,2,1,10,0
1212-3,1,164,arrieros,202,89,1,105,104,0,0,0,25,52,0,0,0,2,1,9,0
1212-3,1,165,arrieros,210,89,1,107,112,0,0,0,25,52,0,0,0,2,1,4,0
1212-3,1,166,arrieros,210,89,1,108,120,0,0,0,25,52,0,0,0,2,1,4,0
1212-3,1,167,arrieros,210,89,1,109,118,0,0,0,15,42,0,0,0,2,1,4,0
1212-3,1,168,arrieros,210,89,1,105,116,0,0,0,15,34,0,0,0,2,1,4,0
1212-3,1,169,arrieros,210,89,1,100,114,0,0,0,15,34,0,0,0,2,1,4,0
1212-3,1,170,arrieros,210,89,1,103,112,0,0,0,15,34,0,0,0,2,1,3,0
1212-3,1,171,arrieros,210,89,1,95,91,0,0,0,15,34,0,0,0,2,1,9,0
1212-3,1,172,arrieros,210,89,1,97,90,0,0,0,15,34,0,0,0,2,1,3,0
1212-3,1,173,arrieros,219,93,1,103,95,0,0,0,20,39,0,0,0,2,1,5,0
1212-3,1,174,arrieros,218,89,1,97,90,0,0,0,20,49,0,0,0,2,1,5,0
1212-3,1,175,arrieros,218,89,1,110,71,0,0,0,20,47,0,0,0,2,1,9,0
1212-3,1,176,arrieros,218,89,1,102,73,0,0,0,20,47,0,0,0,2,1,4,0
1212-3,1,177,arrieros,226,89,1,109,75,0,0,0,20,47,0,0,0,2,1,4,0
1212-3,1,178,arrieros,226,89,1,103,77,0,0,0,20,47,0,0,0,2,1,4,0
1212-3,1,179,arrieros,226,89,1,109,98,0,0,0,40,67,0,0,0,2,1,4,0
1212-3,1,180,arrieros,226,89,1,103,118,0,0,0,40,67,0,0,0,2,1,4,0
1212-3,1,181,arrieros,226,89,1,109,137,0,0,0,40,67,0,0,0,2,1,4,0
1212-3,1,182,arrieros,226,89,1,105,155,0,0,0,40,67,0,0,0,2,1,4,0
1212-3,1,183,arrieros,227,93,1,111,173,0,0,0,40,67,0,0,0,2,1,4,0
1212-3,1,184,arrieros,226,89,1,102,178,0,0,0,40,69,0,0,0,2,1,4,0
1212-3,1,185,arrieros,226,89,1,110,154,0,0,0,25,52,0,0,0,2,1,8,0
1212-3,1,186,arrieros,226,89,1,107,151,0,0,0,25,52,0,0,0,2,1,3,0
1212-3,1,187,arrieros,235,93,1,111,153,0,0,0,25,52,0,0,0,2,1,4,0
1212-3,1,188,arrieros,234,89,1,102,144,0,0,0,25,54,0,0,0,2,1,4,0
1212-3,1,189,arrieros,234,89,1,110,124,0,0,0,25,52,0,0,0,2,1,8,0
1212-3,1,190,arrieros,234,89,1,109,122,0,0,0,25,52,0,0,0,2,1,4,0
1212-3,1,191,arrieros,234,89,1,112,120,0,0,0,15,42,0,0,0,2,1,4,0
1212-3,1,192,arrieros,242,89,1,97,118,0,0,0,15,34,0,0,0,2,1,4,0
1212-3,1,193,arrieros,242,89,1,102,116,0,0,0,15,34,0,0,0,2,1,3,0
1212-3,1,194,arrieros,242,89,1,92,114,0,0,0,15,34,0,0,0,2,1,4,0
1212-3,1,195,arrieros,242,89,1,101,112,0,0,0,15,34,0,0,0,2,1,3,0
1212-3,1,196,arrieros,242,89,1,102,109,0,0,0,15,34,0,0,0,2,1,3,0
1212-3,1,197,arrieros,243,93,1,101,110,0,0,0,18,37,0,0,0,2,1,5,0
1212-3,1,198,arrieros,242,89,1,96,102,0,0,0,18,47,0,0,0,2,1,5,0
1212-3,1,199,arrieros,242,89,1,108,81,0,0,0,18,45,0,0,0,2,1,9,0
1212-3,1,200,arrieros,242,89,1,108,80,0,0,0,18,45,0,0,0,2,1,4,0
1212-3,1,1,canteros,39,116,1,40,56,0,0,0,18,48,0,0,0,0,1,4,0
1212-3,1,2,canteros,39,116,1,47,42,0,0,0,18,34,0,0,0,0,1,0,1
1212-3,1,3,canteros,39,116,1,54,28,0,0,0,18,34,0,1,0,0,1,0,1
1212-3,1,4,canteros,39,116,1,69,17,0,0,0,18,42,0,0,0,0,1,1,0
1212-3,1,5,canteros,39,116,1,79,12,0,0,0,24,48,0,0,0,0,1,2,0
1212-3,1,6,canteros,39,116,1,89,8,0,0,0,24,59,0,0,0,0,1,2,0
1212-3,1,7,canteros,39,116,1,97,7,0,0,0,24,59,0,0,0,0,1,3,0
1212-3,1,8,canteros,39,116,1,94,6,0,0,0,24,59,0,0,0,0,1,3,0
1212-3,1,9,canteros,39,116,1,101,5,0,0,0,24,59,0,0,0,0,1,3,0
1212-3,1,10,canteros,39,116,1,100,4,0,0,0,24,59,0,0,0,0,1,3,0
1212-3,1,11,canteros,39,116,1,101,27,0,0,0,48,83,0,0,0,0,1,3,0
1212-3,1,12,canteros,39,116,1,102,49,0,0,0,48,83,0,0,0,0,1,3,0
1212-3,1,13,canteros,39,116,1,103,70,0,0,0,48,83,0,0,0,0,1,3,0
1212-3,1,14,canteros,38,112,1,85,80,0,0,0,48,83,0,0,0,0,1,4,0
1212-3,1,15,canteros,52,108,1,78,91,0,0,0,48,83,0,0,0,1,1,4,0
1212-3,1,16,canteros,52,108,1,92,112,0,0,0,48,81,0,0,0,1,1,2,0
1212-3,1,17,canteros,52,108,1,93,101,0,0,0,30,63,0,0,0,1,1,7,0
1212-3,1,18,canteros,52,108,1,98,107,0,0,0,30,62,0,0,0,1,1,2,0
1212-3,1,19,canteros,70,108,1,96,113,0,0,0,30,62,0,0,0,2,1,3,0
1212-3,1,20,canteros,70,108,1,95,119,0,0,0,30,62,0,0,0,2,1,3,0
1212-3,1,21,canteros,70,108,1,93,125,0,0,0,30,62,0,0,0,2,1,3,0
1212-3,1,22,canteros,70,108,1,97,130,0,0,0,30,62,0,0,0,2,1,2,0
1212-3,1,23,canteros,70,108,1,97,111,0,0,0,18,50,0,0,0,2,1,8,0
1212-3,1,24,canteros,70,108,1,87,105,0,0,0,18,40,0,0,0,2,1,3,0
1212-3,1,25,canteros,78,108,1,86,100,0,0,0,18,40,0,0,0,2,1,2,0
1212-3,1,26,canteros,78,108,1,83,94,0,0,0,18,40,0,0,0,2,1,2,0
1212-3,1,27,canteros,78,108,1,83,88,0,0,0,18,40,0,0,0,2,1,2,0
1212-3,1,28,canteros,78,108,1,82,81,0,0,0,18,40,0,0,0,2,1,2,0
1212-3,1,29,canteros,78,108,1,85,71,0,0,0,24,46,0,0,0,2,1,7,0
1212-3,1,30,canteros,78,108,1,91,70,0,0,0,24,56,0,0,0,2,1,3,0
1212-3,1,31,canteros,86,108,1,92,69,0,0,0,24,56,0,0,0,2,1,3,0
1212-3,1,32,canteros,86,108,1,96,68,0,0,0,24,56,0,0,0,2,1,3,0
1212-3,1,33,canteros,86,108,1,100,67,0,0,0,24,56,0,0,0,2,1,2,0
1212-3,1,34,canteros,86,108,1,117,69,0,0,0,24,56,0,0,0,2,1,3,0
1212-3,1,35,canteros,86,108,1,18,91,0,0,0,48,79,0,0,0,2,1,5,0
1212-3,1,36,canteros,86,108,1,94,110,0,0,0,48,79,0,0,0,2,1,1,0
1212-3,1,37,canteros,86,108,1,89,124,0,0,0,48,79,0,0,0,2,1,3,0
1212-3,1,38,canteros,86,108,1,87,142,0,0,0,48,79,0,0,0,2,1,3,0
1212-3,1,39,canteros,86,108,1,96,159,0,0,0,48,79,0,0,0,2,1,3,0
1212-3,1,40,canteros,86,108,1,85,175,0,0,0,48,79,0,0,0,2,1,3,0
1212-3,1,41,canteros,86,108,1,95,161,0,0,0,30,61,0,0,0,2,1,7,0
1212-3,1,42,canteros,94,108,1,85,156,0,0,0,30,61,0,0,0,2,1,3,0
1212-3,1,43,canteros,94,108,1,87,158,0,0,0,30,61,0,0,0,2,1,2,0
1212-3,1,44,canteros,94,108,1,93,159,0,0,0,30,61,0,0,0,2,1,2,0
1212-3,1,45,canteros,94,108,1,97,150,0,0,0,30,61,0,0,0,2,1,7,0
1212-3,1,46,canteros,94,108,1,96,152,0,0,0,30,61,0,0,0,2,1,3,0
1212-3,1,47,canteros,102,108,1,95,143,0,0,0,18,49,0,0,0,2,1,3,0
1212-3,1,48,canteros,102,108,1,84,134,0,0,0,18,39,0,0,0,2,1,3,0
1212-3,1,49,canteros,102,108,1,86,126,0,0,0,18,39,0,0,0,2,1,2,0
1212-3,1,50,canteros,102,108,1,81,116,0,0,0,18,39,0,0,0,2,1,2,0
1212-3,1,51,canteros,102,108,1,81,107,0,0,0,18,39,0,0,0,2,1,2,0
1212-3,1,52,canteros,102,108,1,80,98,0,0,0,18,38,0,0,0,2,1,2,0
1212-3,1,53,canteros,102,108,1,85,95,0,0,0,24,44,0,0,0,2,1,2,0
1212-3,1,54,canteros,102,108,1,92,91,0,0,0,24,54,0,0,0,2,1,3,0
1212-3,1,55,canteros,102,108,1,88,87,0,0,0,24,54,0,0,0,2,1,3,0
1212-3,1,56,canteros,103,112,1,108,84,0,0,0,24,54,0,0,0,2,1,4,0
1212-3,1,57,canteros,102,108,1,85,70,0,0,0,24,56,0,0,0,2,1,4,0
1212-3,1,58,canteros,102,108,1,91,67,0,0,0,24,54,0,0,0,2,1,3,0
1212-3,1,59,canteros,102,108,1,92,87,0,0,0,48,78,0,0,0,2,1,3,0
1212-3,1,60,canteros,102,108,1,89,106,0,0,0,48,78,0,0,0,2,1,3,0
1212-3,1,61,canteros,102,108,1,92,124,0,0,0,48,78,0,0,0,2,1,3,0
1212-3,1,62,canteros,102,108,1,89,142,0,0,0,48,78,0,0,0,2,1,3,0
1212-3,1,63,canteros,102,108,1,92,159,0,0,0,48,78,0,0,0,2,1,3,0
1212-3,1,64,canteros,102,108,1,89,175,0,0,0,48,78,0,0,0,2,1,3,0
1212-3,1,65,canteros,102,108,1,98,160,0,0,0,30,60,0,0,0,2,1,7,0
1212-3,1,66,canteros,102,108,1,88,155,0,0,0,30,60,0,0,0,2,1,3,0
1212-3,1,67,canteros,110,108,1,92,157,0,0,0,30,60,0,0,0,2,1,2,0
1212-3,1,68,canteros,110,108,1,95,158,0,0,0,30,60,0,0,0,2,1,2,0
1212-3,1,69,canteros,110,108,1,93,160,0,0,0,30,60,0,0,0,2,1,3,0
1212-3,1,70,canteros,110,108,1,97,162,0,0,0,30,60,0,0,0,2,1,2,0
1212-3,1,71,canteros,110,108,1,94,152,0,0,0,18,48,0,0,0,2,1,3,0
1212-3,1,72,canteros,110,108,1,88,143,0,0,0,18,38,0,0,0,2,1,2,0
1212-3,1,73,canteros,110,108,1,88,134,0,0,0,18,38,0,0,0,2,1,2,0
1212-3,1,74,canteros,110,108,1,86,125,0,0,0,18,38,0,0,0,2,1,2,0
1212-3,1,75,canteros,111,112,1,93,117,0,0,0,18,38,0,0,0,2,1,3,0
1212-3,1,76,canteros,110,108,1,67,98,0,0,0,18,39,0,0,0,2,1,3,0
1212-3,1,77,canteros,110,108,1,85,86,0,0,0,24,44,0,0,0,2,1,7,0
1212-3,1,78,canteros,110,108,1,88,79,0,0,0,24,54,0,0,0,2,1,3,0
1212-3,1,79,canteros,118,108,1,90,76,0,0,0,24,54,0,0,0,2,1,3,0
1212-3,1,80,canteros,118,108,1,91,73,0,0,0,24,54,0,0,0,2,1,3,0
1212-3,1,81,canteros,118,108,1,94,70,0,0,0,24,54,0,0,0,2,1,3,0
1212-3,1,82,canteros,118,108,1,91,67,0,0,0,24,54,0,0,0,2,1,3,0
1212-3,1,83,canteros,118,108,1,94,87,0,0,0,48,78,0,0,0,2,1,3,0
1212-3,1,84,canteros,118,108,1,92,106,0,0,0,48,78,0,0,0,2,1,3,0
1212-3,1,85,canteros,118,108,1,96,124,0,0,0,48,78,0,0,0,2,1,3,0
1212-3,1,86,canteros,118,108,1,94,142,0,0,0,48,78,0,0,0,2,1,3,0
1212-3,1,87,canteros,119,112,1,98,160,0,0,0,48,78,0,0,0,2,1,4,0
1212-3,1,88,canteros,118,108,1,78,166,0,0,0,48,80,0,0,0,2,1,4,0
1212-3,1,89,canteros,118,108,1,89,152,0,0,0,30,60,0,0,0,2,1,7,0
1212-3,1,90,canteros,118,108,1,89,151,0,0,0,30,60,0,0,0,2,1,2,0
1212-3,1,91,canteros,126,108,1,92,153,0,0,0,30,60,0,0,0,2,1,2,0
1212-3,1,92,canteros,126,108,1,95,155,0,0,0,30,60,0,0,0,2,1,2,0
1212-3,1,93,canteros,126,108,1,91,157,0,0,0,30,60,0,0,0,2,1,3,0
1212-3,1,94,canteros,126,108,1,97,159,0,0,0,30,60,0,0,0,2,1,2,0
1212-3,1,95,canteros,126,108,1,96,150,0,0,0,18,48,0,0,0,2,1,3,0
1212-3,1,96,canteros,126,108,1,85,141,0,0,0,18,38,0,0,0,2,1,3,0
1212-3,1,97,canteros,126,108,1,79,132,0,0,0,18,38,0,0,0,2,1,2,0
1212-3,1,98,canteros,126,108,1,83,123,0,0,0,18,38,0,0,0,2,1,2,0
1212-3,1,99,canteros,127,112,1,91,113,0,0,0,18,38,0,0,0,2,1,3,0
1212-3,1,100,canteros,126,108,1,63,93,0,0,0,18,39,0,0,0,2,1,3,0
1212-3,1,101,canteros,126,108,1,84,81,0,0,0,24,44,0,0,0,2,1,6,0
1212-3,1,102,canteros,126,108,1,85,73,0,0,0,24,54,0,0,0,2,1,3,0
1212-3,1,103,canteros,134,108,1,93,70,0,0,0,24,54,0,0,0,2,1,3,0
1212-3,1,104,canteros,134,108,1,95,67,0,0,0,24,54,0,0,0,2,1,3,0
1212-3,1,105,canteros,134,108,1,87,64,0,0,0,24,54,0,0,0,2,1,3,0
1212-3,1,106,canteros,294,108,1,96,61,0,0,0,24,54,0,1,1,3,1,3,0
1212-3,1,107,canteros,294,108,1,91,83,0,0,0,48,78,0,0,0,3,1,4,0
1212-3,1,108,canteros,294,108,1,96,100,0,0,0,43,73,0,0,0,3,1,3,0
1212-3,1,109,canteros,294,108,1,93,116,0,0,0,43,73,0,0,0,3,1,3,0
1212-3,1,110,canteros,294,108,1,98,131,0,0,0,43,73,0,0,0,3,1,3,0
1212-3,1,111,canteros,295,112,1,105,147,0,0,0,43,73,0,0,0,3,1,4,0
1212-3,1,112,canteros,294,108,1,86,150,0,0,0,43,75,0,0,0,3,1,4,0
1212-3,1,113,canteros,294,108,1,95,135,0,0,0,27,57,0,0,0,3,1,7,0
1212-3,1,114,canteros,294,108,1,93,136,0,0,0,27,57,0,0,0,3,1,3,0
1212-3,1,115,canteros,302,108,1,99,138,0,0,0,27,57,0,0,0,3,1,2,0
1212-3,1,116,canteros,302,108,1,97,140,0,0,0,27,57,0,0,0,3,1,3,0
1212-3,1,117,canteros,302,108,1,96,142,0,0,0,27,57,0,0,0,3,1,3,0
1212-3,1,118,canteros,302,108,1,94,144,0,0,0,27,57,0,0,0,3,1,3,0
1212-3,1,119,canteros,302,108,1,98,135,0,0,0,16,46,0,0,0,3,1,2,0
1212-3,1,120,canteros,302,108,1,85,127,0,0,0,16,36,0,0,0,3,1,3,0
1212-3,1,121,canteros,302,108,1,86,119,0,0,0,16,36,0,0,0,3,1,2,0
1212-3,1,122,canteros,302,108,1,84,110,0,0,0,16,36,0,0,0,3,1,2,0
1212-3,1,123,canteros,303,112,1,95,103,0,0,0,16,36,0,0,0,3,1,3,0
1212-3,1,124,canteros,302,108,1,62,83,0,0,0,16,37,0,0,0,3,1,4,0
1212-3,1,125,canteros,302,108,1,86,70,0,0,0,21,41,0,0,0,3,1,6,0
1212-3,1,126,canteros,302,108,1,87,62,0,0,0,21,51,0,0,0,3,1,3,0
1212-3,1,127,canteros,310,108,1,94,58,0,0,0,21,51,0,0,0,3,1,3,0
1212-3,1,128,canteros,310,108,1,95,54,0,0,0,21,51,0,0,0,3,1,3,0
1212-3,1,129,canteros,310,108,1,92,51,0,0,0,21,51,0,0,0,3,1,3,0
1212-3,1,130,canteros,310,108,1,102,48,0,0,0,21,51,0,0,0,3,1,3,0
1212-3,1,131,canteros,310,108,1,103,66,0,0,0,43,73,0,0,0,3,1,2,0
1212-3,1,132,canteros,310,108,1,106,86,0,0,0,43,73,0,0,0,3,1,2,0
1212-3,1,133,canteros,310,108,1,111,105,0,0,0,43,73,0,0,0,3,1,2,0
1212-3,1,134,canteros,310,108,1,116,124,0,0,0,43,73,0,0,0,3,1,2,0
1212-3,1,135,canteros,311,112,1,104,143,0,0,0,43,73,0,0,0,3,1,4,0
1212-3,1,136,canteros,310,108,1,116,150,0,0,0,43,75,0,0,0,3,1,3,0
1212-3,1,137,canteros,310,108,1,107,138,0,0,0,27,57,0,0,0,3,1,7,0
1212-3,1,138,canteros,310,108,1,101,143,0,0,0,27,57,0,0,0,3,1,2,0
1212-3,1,139,canteros,318,108,1,99,148,0,0,0,27,57,0,0,0,3,1,2,0
1212-3,1,140,canteros,318,108,1,108,153,0,0,0,27,57,0,0,0,3,1,3,0
1212-3,1,141,canteros,318,108,1,120,154,0,0,0,27,57,0,0,0,3,1,2,0
1212-3,1,142,canteros,318,108,1,126,157,0,0,0,27,57,0,0,0,3,1,3,0
1212-3,1,143,canteros,318,108,1,152,148,0,0,0,16,46,0,0,0,3,1,3,0
1212-3,1,144,canteros,318,108,1,146,137,0,0,0,16,36,0,0,0,3,1,2,0
1212-3,1,145,canteros,318,108,1,141,131,0,0,0,16,36,0,0,0,3,1,3,0
1212-3,1,146,canteros,318,108,1,151,123,0,0,0,16,36,0,0,0,3,1,3,0
1212-3,1,147,canteros,319,112,1,159,116,0,0,0,16,36,0,0,0,3,1,3,0
1212-3,1,148,canteros,318,108,1,138,101,0,0,0,16,37,0,0,0,3,1,4,0
1212-3,1,149,canteros,318,108,1,107,88,0,0,0,21,41,0,0,0,3,1,9,0
1212-3,1,150,canteros,318,108,1,173,83,0,0,0,21,51,0,0,0,3,1,2,0
1212-3,1,151,canteros,326,108,1,137,81,0,0,0,21,51,0,0,0,3,1,5,0
1212-3,1,152,canteros,326,108,1,182,76,0,0,0,21,51,0,0,0,3,1,3,0
1212-3,1,153,canteros,326,108,1,175,75,0,0,0,21,51,0,0,0,3,1,4,0
1212-3,1,154,canteros,326,108,1,196,71,0,0,0,21,51,0,0,0,3,1,3,0
1212-3,1,155,canteros,326,108,1,213,91,0,0,0,43,73,0,0,0,3,1,4,0
1212-3,1,156,canteros,326,108,1,234,107,0,0,0,43,73,0,0,0,3,1,3,0
1212-3,1,157,canteros,326,108,1,250,126,0,0,0,43,73,0,0,0,3,1,4,0
1212-3,1,158,canteros,326,108,1,270,141,0,0,0,43,73,0,0,0,3,1,3,0
1212-3,1,159,canteros,327,112,1,295,159,0,0,0,43,73,0,0,0,3,1,5,0
1212-3,1,160,canteros,326,108,1,297,162,0,0,0,43,75,0,0,0,3,1,4,0
1212-3,1,161,canteros,326,108,1,380,150,0,0,0,27,57,0,0,0,3,1,7,0
1212-3,1,162,canteros,326,108,1,383,144,0,0,0,27,57,0,0,0,3,1,2,0
1212-3,1,163,canteros,334,108,1,392,149,0,0,0,27,57,0,0,0,3,1,3,0
1212-3,1,164,canteros,334,108,1,411,151,0,0,0,27,57,0,0,0,3,1,3,0
1212-3,1,165,canteros,334,108,1,418,152,0,0,0,27,57,0,0,0,3,1,2,0
1212-3,1,166,canteros,334,108,1,424,156,0,0,0,27,57,0,0,0,3,1,3,0
1212-3,1,167,canteros,334,108,1,446,147,0,0,0,16,46,0,0,0,3,1,3,0
1212-3,1,168,canteros,334,108,1,443,137,0,0,0,16,36,0,0,0,3,1,2,0
1212-3,1,169,canteros,334,108,1,442,131,0,0,0,16,36,0,0,0,3,1,3,0
1212-3,1,170,canteros,334,108,1,451,123,0,0,0,16,36,0,0,0,3,1,3,0
1212-3,1,171,canteros,334,108,1,448,115,0,0,0,16,36,0,0,0,3,1,2,0
1212-3,1,172,canteros,335,112,1,454,111,0,0,0,16,36,0,0,0,3,1,4,0
1212-3,1,173,canteros,334,108,1,404,98,0,0,0,21,42,0,0,0,3,1,5,0
1212-3,1,174,canteros,334,108,1,420,80,0,0,0,21,51,0,0,0,3,1,8,0
1212-3,1,175,canteros,334,108,1,437,79,0,0,0,21,51,0,0,0,3,1,4,0
1212-3,1,176,canteros,334,108,1,458,75,0,0,0,21,51,0,0,0,3,1,3,0
1212-3,1,177,canteros,334,108,1,474,74,0,0,0,21,51,0,0,0,3,1,4,0
1212-3,1,178,canteros,342,108,1,494,76,0,0,0,27,57,0,0,0,3,1,3,0
1212-3,1,179,canteros,342,108,1,509,106,0,0,0,54,84,0,0,0,3,1,4,0
1212-3,1,180,canteros,342,108,1,529,132,0,0,0,54,84,0,0,0,3,1,3,0
1212-3,1,181,canteros,342,108,1,544,160,0,0,0,54,84,0,0,0,3,1,4,0
1212-3,1,182,canteros,342,108,1,584,184,0,0,0,54,84,0,0,0,3,1,3,0
1212-3,1,183,canteros,342,108,1,611,205,0,0,0,54,84,0,0,0,3,1,3,0
1212-3,1,184,canteros,342,108,1,655,213,0,0,0,43,73,0,0,0,3,1,2,0
1212-3,1,185,canteros,342,108,1,700,167,0,0,0,27,57,0,0,0,3,1,3,0
1212-3,1,186,canteros,342,108,1,694,161,0,0,0,27,57,0,0,0,3,1,2,0
1212-3,1,187,canteros,377,142,2,723,155,0,0,0,27,57,0,0,0,4,1,5,0
1212-3,1,188,canteros,376,138,2,692,133,0,0,0,27,65,0,0,0,4,1,4,0
1212-3,1,189,canteros,376,138,2,686,119,0,0,0,27,63,0,1,0,4,1,10,0
1212-3,1,190,canteros,376,138,2,692,116,0,0,0,31,67,0,0,0,4,1,4,0
1212-3,1,191,canteros,376,138,2,686,100,0,0,0,18,54,0,0,0,4,1,3,0
1212-3,1,192,canteros,376,138,2,655,88,0,0,0,18,44,0,0,0,4,1,4,0
1212-3,1,193,canteros,376,138,2,651,72,0,0,0,18,44,0,0,0,4,1,5,0
1212-3,1,194,canteros,384,138,2,634,56,0,0,0,18,44,0,1,0,4,1,3,0
1212-3,1,195,canteros,384,138,2,608,46,0,0,0,18,48,0,0,0,4,1,4,0
1212-3,1,196,canteros,384,138,2,593,31,0,0,0,18,48,0,1,0,4,1,3,0
1212-3,1,197,canteros,384,138,2,541,28,0,0,0,24,60,0,0,0,4,1,5,0
1212-3,1,198,canteros,384,138,2,561,19,0,0,0,24,70,0,0,0,4,1,4,0
1212-3,1,199,canteros,384,138,2,586,13,0,0,0,24,70,0,0,0,4,1,4,0
1212-3,1,200,canteros,384,138,2,610,7,0,0,0,24,70,0,0,0,4,1,4,0
1212-3,1,1,ferrones,25,46,1,45,63,0,0,0,7,17,0,0,0,0,1,4,0
1212-3,1,2,ferrones,24,42,1,25,46,0,0,0,7,11,0,0,0,0,1,2,0
1212-3,1,3,ferrones,23,38,1,5,30,0,0,0,7,11,0,0,0,0,1,1,0
1212-3,1,4,ferrones,23,38,1,4,25,0,0,0,7,10,0,0,0,0,1,0,1
1212-3,1,5,ferrones,23,38,1,3,23,0,0,0,9,12,0,1,0,0,1,0,1
1212-3,1,6,ferrones,23,38,1,13,23,0,0,0,9,23,0,0,0,0,1,1,0
1212-3,1,7,ferrones,23,38,1,23,23,0,0,0,9,23,0,0,0,0,1,0,1
1212-3,1,8,ferrones,23,38,1,33,23,0,0,0,9,23,0,0,0,0,1,0,1
1212-3,1,9,ferrones,23,38,1,43,23,0,0,0,9,23,0,0,0,0,1,0,1
1212-3,1,10,ferrones,23,38,1,53,23,0,0,0,9,23,0,0,0,0,1,0,1
1212-3,1,11,ferrones,23,39,1,63,32,0,0,0,19,33,0,0,0,0,1,0,1
1212-3,1,12,ferrones,24,40,1,73,41,0,0,0,19,33,0,0,0,0,1,0,1
1212-3,1,13,ferrones,23,37,1,56,39,0,0,0,19,35,0,0,0,0,1,3,0
1212-3,1,14,ferrones,23,38,1,68,48,0,0,0,19,33,0,0,0,0,1,1,0
1212-3,1,15,ferrones,23,39,1,73,56,0,0,0,19,33,0,0,0,0,1,2,0
1212-3,1,16,ferrones,24,40,1,75,65,0,0,0,19,33,0,0,0,0,1,2,0
1212-3,1,17,ferrones,24,42,1,74,52,0,0,0,12,28,0,0,0,0,1,8,0
1212-3,1,18,ferrones,24,44,1,75,52,0,0,0,12,28,0,0,0,0,1,3,0
1212-3,1,19,ferrones,43,46,1,76,52,0,0,0,12,28,0,0,0,1,1,3,0
1212-3,1,20,ferrones,43,46,1,67,52,0,0,0,12,28,0,0,0,1,1,3,0
1212-3,1,21,ferrones,43,48,1,76,50,0,0,0,12,28,0,1,0,1,1,2,0
1212-3,1,22,ferrones,44,50,1,77,48,0,0,0,12,32,0,0,0,1,1,2,0
1212-3,1,23,ferrones,44,50,1,80,42,0,0,0,7,29,0,0,0,1,1,3,0
1212-3,1,24,ferrones,44,50,1,74,37,0,0,0,7,24,0,0,0,1,1,2,0
1212-3,1,25,ferrones,44,50,1,74,31,0,0,0,7,24,0,0,0,1,1,3,0
1212-3,1,26,ferrones,44,50,1,72,26,0,0,0,7,24,0,0,0,1,1,3,0
1212-3,1,27,ferrones,44,50,1,75,22,0,0,0,7,24,0,0,0,1,1,2,0
1212-3,1,28,ferrones,44,50,1,71,17,0,0,0,7,24,0,0,0,1,1,2,0
1212-3,1,29,ferrones,44,54,1,84,17,0,0,0,9,26,0,0,0,1,1,3,0
1212-3,1,30,ferrones,44,54,1,78,15,0,0,0,9,31,0,0,0,1,1,3,0
1212-3,1,31,ferrones,44,54,1,84,12,0,0,0,9,31,0,0,0,1,1,3,0
1212-3,1,32,ferrones,44,54,1,78,9,0,0,0,9,31,0,0,0,1,1,3,0
1212-3,1,33,ferrones,44,54,1,84,6,0,0,0,9,31,0,0,0,1,1,3,0
1212-3,1,34,ferrones,44,54,1,78,3,0,0,0,9,31,0,0,0,1,1,3,0
1212-3,1,35,ferrones,44,54,1,84,10,0,0,0,19,41,0,0,0,1,1,3,0
1212-3,1,36,ferrones,44,54,1,78,17,0,0,0,19,41,0,0,0,1,1,3,0
1212-3,1,37,ferrones,44,54,1,84,24,0,0,0,19,41,0,0,0,1,1,3,0
1212-3,1,38,ferrones,45,56,1,78,30,0,0,0,19,41,0,0,0,1,1,3,0
1212-3,1,39,ferrones,45,58,1,84,35,0,0,0,19,41,0,0,0,1,1,3,0
1212-3,1,40,ferrones,46,60,1,71,40,0,0,0,19,41,0,0,0,1,1,3,0
1212-3,1,41,ferrones,46,60,1,83,38,0,0,0,12,36,0,1,0,1,1,3,0
1212-3,1,42,ferrones,46,60,1,52,36,0,0,0,12,36,0,0,0,1,1,2,0
1212-3,1,43,ferrones,46,60,1,73,34,0,0,0,12,36,0,0,0,1,1,1,0
1212-3,1,44,ferrones,46,60,1,79,28,0,0,0,12,36,0,0,0,1,1,2,0
1212-3,1,45,ferrones,46,60,1,83,25,0,0,0,12,36,0,1,0,1,1,2,0
1212-3,1,46,ferrones,46,60,1,83,25,0,0,5,12,41,0,0,0,1,1,2,0
1212-3,1,47,ferrones,46,60,1,84,21,0,0,9,7,35,0,0,0,1,1,2,0
1212-3,1,48,ferrones,46,60,1,79,17,0,0,13,7,29,0,0,0,1,1,2,0
1212-3,1,49,ferrones,46,60,1,79,13,0,0,17,7,29,0,0,0,1,1,2,0
1212-3,1,50,ferrones,46,60,1,78,8,0,0,21,7,29,0,0,0,1,1,2,0
1212-3,1,51,ferrones,46,60,1,78,3,0,0,17,7,29,0,0,0,1,1,3,0
1212-3,1,52,ferrones,45,60,1,78,3,0,0,21,7,31,1,0,0,1,1,2,0
1212-3,1,53,ferrones,44,60,1,78,3,0,0,17,10,34,1,0,0,1,1,3,0
1212-3,1,54,ferrones,42,59,1,84,3,0,0,20,11,41,1,0,0,1,1,2,0
1212-3,1,55,ferrones,67,59,1,83,3,0,0,15,11,39,0,0,0,1,1,3,0
1212-3,1,56,ferrones,67,59,1,83,5,0,0,17,12,41,0,0,0,1,1,2,0
1212-3,1,57,ferrones,67,59,1,83,7,0,0,19,12,41,0,0,0,1,1,2,0
1212-3,1,58,ferrones,67,59,1,83,9,0,0,21,12,41,0,0,0,1,1,2,0
1212-3,1,59,ferrones,67,59,1,83,23,0,0,15,24,53,0,0,0,1,1,3,0
1212-3,1,60,ferrones,68,60,1,82,38,0,0,17,26,56,0,0,0,1,1,2,0
1212-3,1,61,ferrones,68,60,1,83,52,0,0,18,26,57,0,0,0,1,1,2,0
1212-3,1,62,ferrones,67,58,1,64,55,0,0,19,26,57,0,0,0,1,1,3,0
1212-3,1,63,ferrones,68,60,1,83,69,0,0,20,26,55,0,0,0,1,1,1,0
1212-3,1,64,ferrones,68,60,1,79,77,0,0,21,26,57,0,0,0,1,1,2,0
1212-3,1,65,ferrones,68,60,1,85,66,0,0,22,16,47,0,0,0,1,1,7,0
1212-3,1,66,ferrones,68,60,1,80,68,0,0,23,16,47,0,0,0,1,1,2,0
1212-3,1,67,ferrones,76,60,1,85,72,0,0,21,16,47,0,0,0,1,1,3,0
1212-3,1,68,ferrones,91,60,1,138,75,0,0,22,16,47,0,0,0,2,1,2,0
1212-3,1,69,ferrones,91,60,1,100,78,0,0,23,16,47,0,0,0,2,1,3,0
1212-3,1,70,ferrones,91,60,1,97,83,0,0,21,16,47,0,0,0,2,1,4,0
1212-3,1,71,ferrones,91,60,1,143,79,0,0,22,10,41,0,0,0,2,1,2,0
1212-3,1,72,ferrones,91,60,1,101,79,0,0,23,10,35,0,0,0,2,1,3,0
1212-3,1,73,ferrones,91,60,1,91,79,0,0,21,10,35,0,0,0,2,1,4,0
1212-3,1,74,ferrones,91,60,1,134,76,0,0,22,10,35,0,0,0,2,1,2,0
1212-3,1,75,ferrones,91,60,1,90,75,0,0,22,10,34,0,0,0,2,1,3,0
1212-3,1,76,ferrones,91,60,1,91,75,0,0,22,10,34,0,0,0,2,1,2,0
1212-3,1,77,ferrones,91,64,1,92,77,0,0,22,13,37,0,0,0,2,1,4,0
1212-3,1,78,ferrones,91,60,1,67,66,0,0,22,13,43,0,0,0,2,1,4,0
1212-3,1,79,ferrones,91,60,1,86,53,0,0,22,13,43,0,0,0,2,1,7,0
1212-3,1,80,ferrones,91,60,1,83,50,0,0,22,13,43,0,0,0,2,1,2,0
1212-3,1,81,ferrones,99,60,1,85,51,0,0,22,13,43,0,0,0,2,1,2,0
1212-3,1,82,ferrones,99,60,1,87,52,0,0,22,13,43,0,0,0,2,1,2,0
1212-3,1,83,ferrones,99,60,1,89,65,0,0,22,26,56,0,0,0,2,1,2,0
1212-3,1,84,ferrones,99,60,1,81,77,0,0,22,26,56,0,0,0,2,1,3,0
1212-3,1,85,ferrones,99,60,1,84,89,0,0,22,26,56,0,0,0,2,1,2,0
1212-3,1,86,ferrones,99,60,1,82,100,0,0,22,26,56,0,0,0,2,1,3,0
1212-3,1,87,ferrones,99,60,1,86,108,0,0,22,26,56,0,0,0,2,1,2,0
1212-3,1,88,ferrones,99,60,1,89,115,0,0,22,26,56,0,0,0,2,1,2,0
1212-3,1,89,ferrones,99,64,1,93,115,0,0,21,16,45,0,0,0,2,1,3,0
1212-3,1,90,ferrones,99,60,1,70,101,0,0,20,16,45,0,0,0,2,1,3,0
1212-3,1,91,ferrones,99,60,1,85,85,0,0,19,16,45,0,0,0,2,1,7,0
1212-3,1,92,ferrones,99,60,1,78,83,0,0,18,16,45,0,0,0,2,1,2,0
1212-3,1,93,ferrones,107,60,1,86,86,0,0,17,16,45,0,0,0,2,1,2,0
1212-3,1,94,ferrones,107,60,1,86,87,0,0,16,16,45,0,0,0,2,1,2,0
1212-3,1,95,ferrones,107,60,1,83,83,0,0,15,10,39,0,0,0,2,1,3,0
1212-3,1,96,ferrones,107,60,1,79,78,0,0,14,10,33,0,0,0,2,1,2,0
1212-3,1,97,ferrones,107,60,1,79,75,0,0,13,10,33,0,0,0,2,1,2,0
1212-3,1,98,ferrones,107,60,1,78,71,0,0,12,10,33,0,0,0,2,1,2,0
1212-3,1,99,ferrones,107,60,1,78,67,0,0,11,10,33,0,0,0,2,1,2,0
1212-3,1,100,ferrones,107,60,1,78,63,0,0,10,10,33,0,0,0,2,1,2,0
1212-3,1,101,ferrones,107,60,1,78,62,0,0,9,13,36,0,0,0,2,1,2,0
1212-3,1,102,ferrones,107,60,1,84,61,0,0,8,13,42,0,0,0,2,1,2,0
1212-3,1,103,ferrones,107,64,1,95,63,0,0,7,13,42,0,0,0,2,1,3,0
1212-3,1,104,ferrones,107,60,1,68,52,0,0,5,13,41,0,0,0,2,1,4,0
1212-3,1,105,ferrones,107,60,1,87,39,0,0,3,13,41,0,0,0,2,1,7,0
1212-3,1,106,ferrones,107,60,1,84,37,0,0,1,13,41,0,0,0,2,1,2,0
1212-3,1,107,ferrones,115,60,1,86,51,0,0,3,26,54,0,0,0,2,1,2,0
1212-3,1,108,ferrones,115,60,1,88,64,0,0,1,26,54,0,0,0,2,1,2,0
1212-3,1,109,ferrones,115,60,1,89,76,0,0,3,26,54,0,0,0,2,1,2,0
1212-3,1,110,ferrones,115,60,1,81,88,0,0,1,26,54,0,0,0,2,1,3,0
1212-3,1,111,ferrones,115,60,1,85,100,0,0,3,26,54,0,0,0,2,1,3,0
1212-3,1,112,ferrones,115,60,1,87,109,0,0,1,26,54,0,0,0,2,1,2,0
1212-3,1,113,ferrones,115,60,1,81,106,0,0,3,16,44,0,0,0,2,1,2,0
1212-3,1,114,ferrones,115,60,1,87,103,0,0,1,16,44,0,0,0,2,1,2,0
1212-3,1,115,ferrones,115,64,1,91,101,0,0,3,16,44,0,0,0,2,1,3,0
1212-3,1,116,ferrones,115,60,1,68,88,0,0,1,16,44,0,0,0,2,1,3,0
1212-3,1,117,ferrones,115,60,1,87,75,0,0,3,16,44,0,0,0,2,1,7,0
1212-3,1,118,ferrones,115,60,1,79,74,0,0,1,16,44,0,0,0,2,1,2,0
1212-3,1,119,ferrones,123,60,1,87,72,0,0,3,10,38,0,0,0,2,1,2,0
1212-3,1,120,ferrones,123,60,1,76,68,0,0,1,10,32,0,0,0,2,1,2,0
1212-3,1,121,ferrones,123,60,1,78,66,0,0,3,10,32,0,0,0,2,1,2,0
1212-3,1,122,ferrones,123,60,1,77,62,0,0,1,10,32,0,0,0,2,1,2,0
1212-3,1,123,ferrones,123,60,1,76,58,0,0,3,10,32,0,0,0,2,1,2,0
1212-3,1,124,ferrones,123,60,1,75,54,0,0,1,10,32,0,0,0,2,1,2,0
1212-3,1,125,ferrones,123,60,1,75,53,0,0,3,13,35,0,0,0,2,1,2,0
1212-3,1,126,ferrones,123,60,1,81,52,0,0,1,13,41,0,0,0,2,1,2,0
1212-3,1,127,ferrones,123,60,1,82,51,0,0,3,13,41,0,0,0,2,1,2,0
1212-3,1,128,ferrones,123,64,1,94,53,0,0,1,13,41,0,0,0,2,1,3,0
1212-3,1,129,ferrones,123,60,1,67,43,0,0,3,13,41,0,0,0,2,1,4,0
1212-3,1,130,ferrones,123,60,1,86,44,0,0,1,13,41,0,0,0,2,1,2,0
1212-3,1,131,ferrones,123,60,1,83,54,0,0,3,26,54,0,0,0,2,1,2,0
1212-3,1,132,ferrones,123,60,1,85,67,0,0,1,26,54,0,0,0,2,1,2,0
1212-3,1,133,ferrones,123,60,1,87,79,0,0,3,26,54,0,0,0,2,1,2,0
1212-3,1,134,ferrones,123,60,1,88,91,0,0,1,26,54,0,0,0,2,1,2,0
1212-3,1,135,ferrones,123,60,1,82,102,0,0,3,26,54,0,0,0,2,1,2,0
1212-3,1,136,ferrones,123,60,1,88,109,0,0,1,26,54,0,0,0,2,1,2,0
1212-3,1,137,ferrones,123,60,1,82,93,0,0,3,16,44,0,0,0,2,1,7,0
1212-3,1,138,ferrones,123,60,1,88,91,0,0,1,16,44,0,0,0,2,1,2,0
1212-3,1,139,ferrones,123,60,1,82,89,0,0,3,16,44,0,0,0,2,1,2,0
1212-3,1,140,ferrones,131,60,1,92,87,0,0,1,16,44,0,0,0,2,1,3,0
1212-3,1,141,ferrones,131,60,1,87,86,0,0,3,16,44,0,0,0,2,1,3,0
1212-3,1,142,ferrones,131,60,1,89,87,0,0,1,16,44,0,0,0,2,1,3,0
1212-3,1,143,ferrones,131,60,1,104,83,0,0,3,10,38,0,0,0,2,1,3,0
1212-3,1,144,ferrones,131,60,1,76,78,0,0,1,10,32,0,0,0,2,1,3,0
1212-3,1,145,ferrones,131,60,1,82,78,0,0,3,10,32,0,0,0,2,1,2,0
1212-3,1,146,ferrones,131,60,1,76,74,0,0,1,10,32,0,0,0,2,1,3,0
1212-3,1,147,ferrones,131,60,1,96,71,0,0,3,10,32,0,0,0,2,1,2,0
1212-3,1,148,ferrones,131,60,1,76,67,0,0,1,10,32,0,0,0,2,1,2,0
1212-3,1,149,ferrones,131,60,1,83,70,0,0,3,13,35,0,0,0,2,1,2,0
1212-3,1,150,ferrones,131,60,1,84,69,0,0,1,13,41,0,0,0,2,1,2,0
1212-3,1,151,ferrones,131,64,1,96,69,0,0,3,13,41,0,0,0,2,1,4,0
1212-3,1,152,ferrones,131,60,1,69,58,0,0,2,13,42,0,0,0,2,1,4,0
1212-3,1,153,ferrones,131,60,1,88,58,0,0,1,13,42,0,0,0,2,1,2,0
1212-3,1,154,ferrones,131,60,1,85,55,0,0,0,13,42,0,0,0,2,1,2,0
1212-3,1,155,ferrones,131,60,1,87,68,0,0,3,26,55,0,0,0,2,1,2,0
1212-3,1,156,ferrones,131,60,1,88,80,0,0,2,26,55,0,0,0,2,1,2,0
1212-3,1,157,ferrones,131,60,1,89,92,0,0,1,26,55,0,0,0,2,1,2,0
1212-3,1,158,ferrones,131,60,1,83,103,0,0,0,26,55,0,0,0,2,1,2,0
1212-3,1,159,ferrones,131,60,1,89,110,0,0,3,26,55,0,0,0,2,1,2,0
1212-3,1,160,ferrones,131,60,1,83,117,0,0,2,26,55,0,0,0,2,1,3,0
1212-3,1,161,ferrones,131,60,1,113,101,0,0,1,16,45,0,0,0,2,1,7,0
1212-3,1,162,ferrones,131,60,1,89,98,0,0,0,16,45,0,0,0,2,1,3,0
1212-3,1,163,ferrones,131,60,1,122,96,0,0,3,16,45,0,0,0,2,1,2,0
1212-3,1,164,ferrones,131,60,1,92,94,0,0,2,16,45,0,0,0,2,1,3,0
1212-3,1,165,ferrones,139,60,1,122,92,0,0,1,16,45,0,0,0,2,1,3,0
1212-3,1,166,ferrones,139,60,1,128,90,0,0,0,16,45,0,0,0,2,1,3,0
1212-3,1,167,ferrones,139,60,1,122,82,0,0,3,10,39,0,0,0,2,1,3,0
1212-3,1,168,ferrones,139,60,1,122,74,0,0,2,10,33,0,0,0,2,1,4,0
1212-3,1,169,ferrones,139,60,1,117,71,0,0,1,10,33,0,0,0,2,1,4,0
1212-3,1,170,ferrones,139,60,1,112,68,0,0,0,10,33,0,0,0,2,1,4,0
1212-3,1,171,ferrones,139,60,1,106,65,0,0,3,10,33,0,0,0,2,1,4,0
1212-3,1,172,ferrones,139,60,1,109,62,0,0,2,10,33,0,0,0,2,1,4,0
1212-3,1,173,ferrones,139,60,1,121,62,0,0,1,13,36,0,0,0,2,1,4,0
1212-3,1,174,ferrones,139,60,1,124,59,0,0,0,13,42,0,0,0,2,1,5,0
1212-3,1,175,ferrones,139,60,1,147,56,0,0,3,13,42,0,0,0,2,1,5,0
1212-3,1,176,ferrones,139,64,1,155,54,0,0,2,13,42,0,0,0,2,1,6,0
1212-3,1,177,ferrones,139,60,1,146,41,0,0,1,13,42,0,0,0,2,1,6,0
1212-3,1,178,ferrones,139,60,1,157,39,0,0,0,13,42,0,0,0,2,1,5,0
1212-3,1,179,ferrones,139,60,1,168,49,0,0,3,26,55,0,0,0,2,1,5,0
1212-3,1,180,ferrones,139,60,1,179,59,0,0,2,26,55,0,0,0,2,1,5,0
1212-3,1,181,ferrones,139,60,1,190,69,0,0,1,26,55,0,0,0,2,1,5,0
1212-3,1,182,ferrones,139,60,1,201,78,0,0,0,26,55,0,0,0,2,1,5,0
1212-3,1,183,ferrones,139,60,1,212,87,0,0,3,26,55,0,0,0,2,1,5,0
1212-3,1,184,ferrones,139,60,1,223,96,0,0,2,26,55,0,0,0,2,1,5,0
1212-3,1,185,ferrones,139,60,1,254,82,0,0,1,16,45,0,0,0,2,1,8,0
1212-3,1,186,ferrones,139,60,1,261,80,0,0,0,16,45,0,0,0,2,1,4,0
1212-3,1,187,ferrones,139,60,1,262,82,0,0,3,16,45,0,0,0,2,1,4,0
1212-3,1,188,ferrones,139,60,1,262,84,0,0,2,16,45,0,0,0,2,1,4,0
1212-3,1,189,ferrones,139,60,1,262,86,0,0,1,16,45,0,0,0,2,1,4,0
1212-3,1,190,ferrones,139,60,1,262,88,0,0,0,16,45,0,0,0,2,1,4,0
1212-3,1,191,ferrones,147,60,1,254,84,0,0,3,10,39,0,0,0,2,1,4,0
1212-3,1,192,ferrones,147,60,1,251,78,0,0,2,10,33,0,0,0,2,1,4,0
1212-3,1,193,ferrones,147,60,1,245,75,0,0,1,10,33,0,0,0,2,1,4,0
1212-3,1,194,ferrones,147,60,1,241,72,0,0,0,10,33,0,0,0,2,1,4,0
1212-3,1,195,ferrones,147,60,1,237,69,0,0,3,10,33,0,0,0,2,1,4,0
1212-3,1,196,ferrones,147,60,1,232,66,0,0,2,10,33,0,0,0,2,1,4,0
1212-3,1,197,ferrones,147,60,1,191,66,0,0,1,13,36,0,0,0,2,1,5,0
1212-3,1,198,ferrones,147,60,1,208,63,0,0,0,13,42,0,0,0,2,1,5,0
1212-3,1,199,ferrones,147,60,1,225,60,0,0,3,13,42,0,0,0,2,1,5,0
1212-3,1,200,ferrones,147,60,1,242,57,0,0,2,13,42,0,0,0,2,1,5,0
1212-3,1,1,hortelanos,39,116,1,40,71,0,0,0,33,57,0,0,0,0,1,4,0
1212-3,1,2,hortelanos,39,116,1,47,61,0,0,0,33,44,0,0,0,0,1,5,0
1212-3,1,3,hortelanos,107,116,1,54,61,0,0,0,33,44,0,0,0,1,1,0,1
1212-3,1,4,hortelanos,107,116,1,61,61,0,0,0,33,44,0,0,0,1,1,0,1
1212-3,1,5,hortelanos,172,116,1,68,69,0,0,0,41,52,0,1,0,2,1,0,1
1212-3,1,6,hortelanos,171,112,1,74,61,0,0,0,41,71,0,0,0,2,1,6,0
1212-3,1,7,hortelanos,179,112,1,86,72,0,0,0,41,71,0,0,0,2,1,4,0
1212-3,1,8,hortelanos,178,108,1,75,73,0,0,0,41,71,0,0,0,2,1,4,0
1212-3,1,9,hortelanos,178,108,1,91,94,0,0,0,48,76,0,0,0,2,1,3,0
1212-3,1,10,hortelanos,178,108,1,91,105,0,0,0,48,76,0,0,0,2,1,9,0
1212-3,1,11,hortelanos,186,108,1,95,161,0,0,0,86,114,0,0,0,2,1,4,0
1212-3,1,12,hortelanos,186,108,1,103,209,0,0,0,86,114,0,0,0,2,1,4,0
1212-3,1,13,hortelanos,186,108,1,118,253,0,0,0,86,114,0,0,0,2,1,4,0
1212-3,1,14,hortelanos,186,108,1,109,295,0,0,0,86,114,0,0,0,2,1,5,0
1212-3,1,15,hortelanos,186,108,1,124,320,0,1,0,71,99,0,0,0,2,1,4,0
1212-3,1,16,hortelanos,186,108,1,114,332,0,0,0,71,99,0,0,0,2,1,15,0
1212-3,1,17,hortelanos,194,108,1,132,330,0,1,0,48,76,0,0,0,2,1,4,0
1212-3,1,18,hortelanos,194,108,1,119,328,0,1,0,48,76,0,0,0,2,1,4,0
1212-3,1,19,hortelanos,194,108,1,115,331,0,1,0,48,76,0,0,0,2,1,3,0
1212-3,1,20,hortelanos,194,108,1,116,321,0,1,0,48,76,0,0,0,2,1,13,0
1212-3,1,21,hortelanos,202,108,1,116,324,0,1,0,48,76,0,0,0,2,1,3,0
1212-3,1,22,hortelanos,202,108,1,116,327,0,1,0,48,76,0,0,0,2,1,3,0
1212-3,1,23,hortelanos,202,108,1,116,315,0,1,0,33,61,0,0,0,2,1,3,0
1212-3,1,24,hortelanos,202,108,1,105,284,0,1,0,33,51,0,0,0,2,1,13,0
1212-3,1,25,hortelanos,210,108,1,104,273,0,1,0,33,51,0,0,0,2,1,3,0
1212-3,1,26,hortelanos,210,108,1,102,262,0,1,0,33,51,0,0,0,2,1,3,0
1212-3,1,27,hortelanos,210,108,1,99,252,0,1,0,33,51,0,0,0,2,1,3,0
1212-3,1,28,hortelanos,210,108,1,108,221,0,1,0,33,51,0,0,0,2,1,13,0
1212-3,1,29,hortelanos,218,108,1,106,220,0,1,0,41,59,0,0,0,2,1,3,0
1212-3,1,30,hortelanos,218,108,1,115,219,0,1,0,41,69,0,0,0,2,1,3,0
1212-3,1,31,hortelanos,218,108,1,123,218,0,1,0,41,69,0,0,0,2,1,3,0
1212-3,1,32,hortelanos,218,108,1,131,199,0,1,0,41,69,0,0,0,2,1,13,0
1212-3,1,33,hortelanos,218,108,1,113,200,0,1,0,41,69,0,0,0,2,1,4,0
1212-3,1,34,hortelanos,226,108,1,119,200,0,2,0,41,69,0,0,0,2,1,3,0
1212-3,1,35,hortelanos,226,108,1,116,230,0,2,0,71,99,0,0,0,2,1,3,0
1212-3,1,36,hortelanos,226,108,1,85,213,0,0,0,71,99,0,0,0,2,1,9,0
1212-3,1,37,hortelanos,226,108,1,114,239,0,0,0,71,99,0,0,0,2,1,3,0
1212-3,1,38,hortelanos,266,165,2,123,266,0,0,0,71,99,0,0,0,3,1,3,0
1212-3,1,39,hortelanos,266,167,2,123,279,0,0,0,71,109,0,0,0,3,1,5,0
1212-3,1,40,hortelanos,266,168,2,110,304,0,0,0,85,123,0,1,0,3,1,5,0
1212-3,1,41,hortelanos,267,172,2,113,319,0,1,0,71,111,0,1,0,3,1,5,0
1212-3,1,42,hortelanos,266,168,2,99,333,0,1,0,85,127,0,1,0,3,1,5,0
1212-3,1,43,hortelanos,267,171,2,106,342,0,1,0,85,125,0,1,0,3,1,9,0
1212-3,1,44,hortelanos,267,174,2,115,364,0,1,0,85,125,0,1,0,3,1,3,0
1212-3,1,45,hortelanos,276,177,2,117,387,0,1,0,85,128,0,0,0,3,1,3,0
1212-3,1,46,hortelanos,277,180,2,117,406,0,1,0,85,128,0,0,0,3,1,3,0
1212-3,1,47,hortelanos,277,183,2,128,406,0,1,0,67,112,0,0,0,3,1,3,0
1212-3,1,48,hortelanos,278,186,2,117,407,0,1,0,67,102,0,0,0,3,1,3,0
1212-3,1,49,hortelanos,278,189,2,117,406,0,1,0,67,102,0,0,0,3,1,3,0
1212-3,1,50,hortelanos,279,193,2,117,404,0,1,0,67,104,0,0,0,3,1,3,0
1212-3,1,51,hortelanos,280,197,2,117,391,0,1,0,67,104,0,0,0,3,1,8,0
1212-3,1,52,hortelanos,280,198,2,117,388,0,1,0,67,104,0,0,0,3,1,3,0
1212-3,1,53,hortelanos,288,198,2,127,393,0,1,0,76,115,0,0,0,3,1,3,0
1212-3,1,54,hortelanos,288,198,2,120,399,0,1,0,76,125,0,0,0,3,1,4,0
1212-3,1,55,hortelanos,288,198,2,140,403,0,2,0,76,125,0,0,0,3,1,3,0
1212-3,1,56,hortelanos,288,198,2,151,408,0,2,0,76,125,0,0,0,3,1,3,0
1212-3,1,57,hortelanos,288,198,2,152,418,0,2,0,85,134,0,0,0,3,1,4,0
1212-3,1,58,hortelanos,288,198,2,54,426,0,2,0,85,134,0,0,0,3,1,4,0
1212-3,1,59,hortelanos,289,202,2,121,475,0,2,0,130,179,0,0,0,3,1,3,0
1212-3,1,60,hortelanos,288,198,2,120,474,0,2,0,130,181,0,0,0,3,1,5,0
1212-3,1,61,hortelanos,288,198,2,120,511,0,0,0,130,179,0,0,0,3,1,8,0
1212-3,1,62,hortelanos,343,283,3,140,561,0,0,0,130,179,0,0,0,4,1,3,0
1212-3,1,63,hortelanos,351,283,3,122,572,0,0,0,112,177,0,0,0,4,1,5,0
1212-3,1,64,hortelanos,351,283,3,135,580,0,1,0,112,177,0,1,0,4,1,4,0
1212-3,1,65,hortelanos,351,283,3,130,577,0,1,0,98,163,0,1,0,4,1,5,0
1212-3,1,66,hortelanos,351,283,3,126,590,0,1,0,112,177,0,0,0,4,1,4,0
1212-3,1,67,hortelanos,351,283,3,128,597,0,1,0,112,177,0,0,0,4,1,3,0
1212-3,1,68,hortelanos,351,283,3,131,608,0,1,0,112,177,0,0,0,4,1,3,0
1212-3,1,69,hortelanos,351,283,3,123,614,0,1,0,112,177,0,0,0,4,1,8,0
1212-3,1,70,hortelanos,351,283,3,133,624,0,1,0,112,177,0,0,0,4,1,3,0
1212-3,1,71,hortelanos,359,283,3,134,618,0,1,0,94,159,0,0,0,4,1,3,0
1212-3,1,72,hortelanos,359,283,3,110,571,0,1,0,94,149,0,0,0,4,1,4,0
1212-3,1,73,hortelanos,359,283,3,120,564,0,1,0,94,149,0,0,0,4,1,5,0
1212-3,1,74,hortelanos,385,373,4,120,557,0,1,0,94,149,0,0,0,4,1,4,0
1212-3,1,75,hortelanos,385,373,4,123,525,0,1,0,94,167,0,1,0,4,1,5,0
1212-3,1,76,hortelanos,385,373,4,140,502,0,1,0,94,167,0,0,0,4,1,6,0
1212-3,1,77,hortelanos,386,377,4,142,488,0,1,0,103,176,0,1,0,4,1,6,0
1212-3,1,78,hortelanos,385,373,4,135,465,0,2,0,108,193,0,1,0,4,1,7,0
1212-3,1,79,hortelanos,385,373,4,158,451,0,3,0,114,197,0,0,0,4,1,10,0
1212-3,1,80,hortelanos,385,373,4,130,452,0,3,0,114,197,0,0,0,4,1,6,0
1212-3,1,81,hortelanos,393,373,4,153,453,0,3,0,114,197,0,0,0,4,1,5,0
1212-3,1,82,hortelanos,393,373,4,182,454,0,3,0,114,197,0,0,0,4,1,5,0
1212-3,1,83,hortelanos,393,373,4,204,489,0,3,0,150,233,0,0,0,4,1,6,0
1212-3,1,84,hortelanos,393,373,4,180,511,0,0,0,150,233,0,0,0,4,1,10,0
1212-3,1,85,hortelanos,393,373,4,178,543,0,0,0,150,233,0,0,0,4,1,5,0
1212-3,1,86,hortelanos,401,373,4,178,574,0,2,0,150,233,0,0,0,4,1,5,0
1212-3,1,87,hortelanos,401,373,4,192,603,0,4,0,150,233,0,0,0,4,1,5,0
1212-3,1,88,hortelanos,401,373,4,207,629,0,4,0,150,233,0,1,0,4,1,4,0
1212-3,1,89,hortelanos,401,373,4,221,631,0,4,0,138,221,0,0,0,4,1,9,0
1212-3,1,90,hortelanos,401,373,4,192,645,0,4,0,138,221,0,0,0,4,1,5,0
1212-3,1,91,hortelanos,409,373,4,194,658,0,4,0,138,221,0,0,0,4,1,4,0
1212-3,1,92,hortelanos,409,373,4,198,670,0,4,0,138,221,0,0,0,4,1,3,0
1212-3,1,93,hortelanos,409,373,4,201,682,0,4,0,138,221,0,0,0,4,1,3,0
1212-3,1,94,hortelanos,619,373,4,157,693,0,4,0,138,221,0,1,1,5,1,3,0
1212-3,1,95,hortelanos,619,373,4,175,721,0,4,0,167,250,0,0,0,5,1,8,0
1212-3,1,96,hortelanos,619,373,4,180,759,0,4,0,167,240,0,0,0,5,1,4,0
1212-3,1,97,hortelanos,627,373,4,186,795,0,4,0,167,240,0,0,0,5,1,4,0
1212-3,1,98,hortelanos,627,373,4,201,824,0,4,0,167,240,0,1,0,5,1,3,0
1212-3,1,99,hortelanos,627,373,4,199,860,0,4,0,167,240,0,0,0,5,1,4,0
1212-3,1,100,hortelanos,627,373,4,204,894,0,4,0,167,240,0,0,0,5,1,3,0
1212-3,1,101,hortelanos,627,373,4,221,925,0,4,0,167,240,0,0,0,5,1,4,0
1212-3,1,102,hortelanos,628,377,4,194,955,0,4,0,167,250,0,1,0,5,1,4,0
1212-3,1,103,hortelanos,628,378,4,204,984,0,4,0,167,250,0,0,0,5,1,4,0
1212-3,1,104,hortelanos,628,378,4,217,1001,0,4,0,167,252,0,0,0,5,1,8,0
1212-3,1,105,hortelanos,628,378,4,200,990,0,4,0,167,252,0,0,0,5,1,4,0
1212-3,1,106,hortelanos,636,378,4,162,1018,0,4,0,167,252,0,0,0,5,1,3,0
1212-3,1,107,hortelanos,657,443,5,187,1043,0,4,0,167,252,0,1,0,5,1,5,0
1212-3,1,108,hortelanos,657,443,5,204,1053,0,4,0,167,264,0,0,0,5,1,5,0
1212-3,1,109,hortelanos,657,443,5,231,1061,0,4,0,167,264,0,1,0,5,1,4,0
1212-3,1,110,hortelanos,657,443,5,230,1071,0,4,0,167,267,0,0,0,5,1,4,0
1212-3,1,111,hortelanos,657,443,5,238,1078,0,4,0,167,267,0,1,0,5,1,5,0
1212-3,1,112,hortelanos,657,443,5,260,1097,0,4,0,179,279,0,1,0,5,1,5,0
1212-3,1,113,hortelanos,658,447,5,300,1130,0,4,0,191,291,0,1,0,5,1,5,0
1212-3,1,114,hortelanos,657,443,5,266,1111,0,4,0,191,291,0,0,0,5,1,6,0
1212-3,1,115,hortelanos,657,443,5,238,1128,0,4,0,191,291,0,0,0,5,1,9,0
1212-3,1,116,hortelanos,674,488,6,272,1152,0,4,0,191,291,0,1,0,5,1,6,0
1212-3,1,117,hortelanos,675,493,6,244,1131,0,4,0,191,299,0,0,0,5,1,6,0
1212-3,1,118,hortelanos,676,498,6,208,1147,0,4,0,191,301,0,1,0,5,1,6,0
1212-3,1,119,hortelanos,700,539,7,227,1165,0,4,0,195,305,0,0,0,5,1,6,0
1212-3,1,120,hortelanos,702,545,7,233,1171,0,4,0,195,301,0,1,0,5,1,6,0
1212-3,1,121,hortelanos,703,552,7,185,1179,0,4,0,200,310,0,0,0,5,1,5,0
1212-3,1,122,hortelanos,704,559,7,205,1183,0,4,0,200,310,0,2,0,5,1,6,0
1212-3,1,123,hortelanos,705,564,7,212,1179,0,4,0,200,313,0,1,0,5,1,8,0
1212-3,1,124,hortelanos,706,568,7,226,1190,0,4,0,204,321,0,0,0,5,1,3,0
1212-3,1,125,hortelanos,715,572,7,190,1197,0,4,0,204,321,0,0,0,5,1,5,0
1212-3,1,126,hortelanos,716,577,7,207,1201,0,4,0,204,333,0,2,0,5,1,6,0
1212-3,1,127,hortelanos,717,582,7,231,1206,0,4,0,204,337,0,1,0,5,1,5,0
1212-3,1,128,hortelanos,718,587,7,252,1214,0,4,0,208,341,0,1,0,5,1,4,0
1212-3,1,129,hortelanos,719,592,7,241,1221,0,4,0,208,343,0,1,0,5,1,4,0
1212-3,1,130,hortelanos,720,597,7,266,1227,0,4,0,208,345,0,0,0,5,1,4,0
1212-3,1,131,hortelanos,721,602,7,284,1230,0,4,0,208,345,0,1,0,5,1,4,0
1212-3,1,132,hortelanos,722,607,7,320,1232,0,4,0,208,345,0,1,0,5,1,3,0
1212-3,1,133,hortelanos,724,617,7,317,1238,0,4,0,208,351,0,0,0,5,1,4,0
1212-3,1,134,hortelanos,725,620,7,335,1228,0,4,0,208,353,0,0,0,5,1,4,0
1212-3,1,135,hortelanos,726,627,7,372,1212,0,2,0,208,353,0,0,0,5,1,8,0
1212-3,1,136,hortelanos,727,634,7,410,1211,0,2,0,208,355,0,0,0,5,1,3,0
1212-3,1,137,hortelanos,737,641,7,447,1208,0,2,0,208,355,0,0,0,5,1,3,0
1212-3,1,138,hortelanos,738,648,7,458,1165,0,2,0,208,359,0,0,0,5,1,4,0
1212-3,1,139,hortelanos,740,655,7,447,1160,0,2,0,208,359,0,0,0,5,1,4,0
1212-3,1,140,hortelanos,763,732,8,486,1154,0,2,0,208,359,0,0,0,5,1,4,0
1212-3,1,141,hortelanos,765,740,8,483,1081,0,2,0,208,377,0,0,0,5,1,10,0
1212-3,1,142,hortelanos,766,747,8,485,1055,0,2,0,208,377,0,1,0,5,1,6,0
1212-3,1,143,hortelanos,785,800,9,546,1033,0,2,0,214,385,0,0,0,5,1,6,0
1212-3,1,144,hortelanos,785,802,9,594,1003,0,2,0,214,387,0,1,0,5,1,6,0
1212-3,1,145,hortelanos,793,804,9,591,981,0,2,0,221,394,0,0,0,5,1,6,0
1212-3,1,146,hortelanos,794,806,9,656,955,0,2,0,221,394,0,2,0,5,1,7,0
1212-3,1,147,hortelanos,795,811,9,711,937,0,2,0,224,397,0,2,0,5,1,4,0
1212-3,1,148,hortelanos,795,814,9,778,909,0,2,0,228,403,0,0,0,5,1,10,0
1212-3,1,149,hortelanos,796,817,9,795,892,0,2,0,228,403,0,2,0,5,1,5,0
1212-3,1,150,hortelanos,805,823,9,861,879,0,2,0,228,413,0,1,0,5,1,5,0
1212-3,1,151,hortelanos,807,830,9,939,865,0,2,0,228,415,0,1,0,5,1,5,0
1212-3,1,152,hortelanos,808,837,9,1016,894,0,2,0,272,466,0,0,0,5,1,4,0
1212-3,1,153,hortelanos,809,844,9,1045,920,0,2,0,272,468,0,0,0,5,1,4,0
1212-3,1,154,hortelanos,811,851,9,1126,943,0,2,0,272,470,0,0,0,5,1,5,0
1212-3,1,155,hortelanos,812,858,9,1207,964,0,2,0,272,470,0,0,0,5,1,4,0
1212-3,1,156,hortelanos,814,865,9,1290,973,0,0,0,272,472,0,0,0,5,1,9,0
1212-3,1,157,hortelanos,815,873,9,1285,988,0,0,0,272,474,0,0,0,5,1,5,0
1212-3,1,158,hortelanos,825,881,9,1282,998,0,2,0,272,476,0,0,0,5,1,6,0
1212-3,1,159,hortelanos,826,886,9,1367,1006,0,4,0,272,476,0,0,0,5,1,5,0
1212-3,1,160,hortelanos,826,888,9,1456,1016,0,4,0,272,478,0,0,0,5,1,4,0
1212-3,1,161,hortelanos,826,888,9,1546,1025,0,4,0,272,480,0,0,0,5,1,4,0
1212-3,1,162,hortelanos,826,888,9,1586,1033,0,4,0,272,480,0,0,0,5,1,4,0
1212-3,1,163,hortelanos,826,888,9,1626,1041,0,4,0,272,480,0,0,0,5,1,5,0
1212-3,1,164,hortelanos,826,888,9,1716,1049,0,4,0,272,480,0,0,0,5,1,5,0
1212-3,1,165,hortelanos,827,892,9,1816,1058,0,4,0,272,480,0,0,0,5,1,5,0
1212-3,1,166,hortelanos,826,888,9,1886,1055,0,4,0,272,480,0,0,0,5,1,5,0
1212-3,1,167,hortelanos,826,888,9,1924,1047,0,4,0,272,478,0,0,0,5,1,9,0
1212-3,1,168,hortelanos,826,888,9,2003,1055,0,4,0,272,469,0,0,0,5,1,5,0
1212-3,1,169,hortelanos,834,888,9,2082,1062,0,4,0,272,469,0,0,0,5,1,4,0
1212-3,1,170,hortelanos,834,888,9,2161,1069,0,4,0,272,469,0,0,0,5,1,4,0
1212-3,1,171,hortelanos,834,888,9,2160,1037,0,4,0,272,469,0,0,0,5,1,5,0
1212-3,1,172,hortelanos,834,888,9,2086,1031,0,4,0,272,469,0,0,0,5,1,11,0
1212-3,1,173,hortelanos,856,958,10,2152,1038,0,4,0,273,470,0,0,0,5,1,4,0
1212-3,1,174,hortelanos,856,958,10,2189,989,0,4,0,273,493,0,0,0,5,1,6,0
1212-3,1,175,hortelanos,864,958,10,2199,979,0,4,0,273,493,0,1,0,5,1,6,0
1212-3,1,176,hortelanos,882,1005,11,2278,977,0,4,0,281,501,0,1,0,5,1,6,0
1212-3,1,177,hortelanos,882,1007,11,2334,973,0,4,0,289,517,0,0,0,5,1,5,0
1212-3,1,178,hortelanos,882,1009,11,2347,967,0,4,0,289,517,0,1,0,5,1,6,0
1212-3,1,179,hortelanos,883,1011,11,2423,954,0,2,0,294,524,0,1,0,5,1,11,0
1212-3,1,180,hortelanos,883,1013,11,2489,960,0,2,0,299,529,0,0,0,5,1,5,0
1212-3,1,181,hortelanos,892,1015,11,2555,962,0,2,0,299,529,0,1,0,5,1,5,0
1212-3,1,182,hortelanos,892,1017,11,2578,984,0,2,0,320,550,0,1,0,5,1,5,0
1212-3,1,183,hortelanos,892,1018,11,2645,1026,0,2,0,342,572,0,1,0,5,1,6,0
1212-3,1,184,hortelanos,892,1018,11,2722,1080,0,2,0,356,588,0,1,0,5,1,4,0
1212-3,1,185,hortelanos,892,1018,11,2806,1122,0,2,0,344,576,0,0,0,5,1,4,0
1212-3,1,186,hortelanos,892,1018,11,2838,1162,0,2,0,344,576,0,0,0,5,1,4,0
1212-3,1,187,hortelanos,892,1018,11,2919,1200,0,2,0,344,576,0,0,0,5,1,5,0
1212-3,1,188,hortelanos,892,1018,11,3000,1237,0,2,0,344,576,0,0,0,5,1,4,0
1212-3,1,189,hortelanos,893,1022,11,3098,1273,0,2,0,344,576,0,0,0,5,1,5,0
1212-3,1,190,hortelanos,892,1018,11,3110,1296,0,2,0,344,578,0,0,0,5,1,5,0
1212-3,1,191,hortelanos,892,1018,11,3196,1299,0,2,0,325,559,0,0,0,5,1,10,0
1212-3,1,192,hortelanos,892,1018,11,3273,1314,0,2,0,325,550,0,0,0,5,1,4,0
1212-3,1,193,hortelanos,900,1018,11,3349,1355,0,2,0,353,578,0,0,0,5,1,4,0
1212-3,1,194,hortelanos,900,1018,11,3375,1394,0,2,0,353,578,0,0,0,5,1,4,0
1212-3,1,195,hortelanos,900,1018,11,3450,1432,0,2,0,353,578,0,0,0,5,1,5,0
1212-3,1,196,hortelanos,900,1018,11,3526,1468,0,2,0,353,578,0,0,0,5,1,4,0
1212-3,1,197,hortelanos,900,1018,11,3598,1473,0,2,0,322,547,0,0,0,5,1,4,0
1212-3,1,198,hortelanos,900,1018,11,3629,1466,0,2,0,322,556,0,0,0,5,1,9,0
1212-3,1,199,hortelanos,900,1018,11,3711,1471,0,2,0,322,556,0,0,0,5,1,5,0
1212-3,1,200,hortelanos,908,1018,11,3791,1476,0,2,0,322,556,0,0,0,5,1,4,0
1212-3,1,1,mercaderes,39,116,1,458,51,0,0,0,13,45,0,0,0,0,1,4,0
1212-3,1,2,mercaderes,39,116,1,420,32,0,0,0,13,32,0,0,0,0,1,4,0
1212-3,1,3,mercaderes,39,116,1,399,21,0,0,0,13,32,0,1,0,0,1,3,0
1212-3,1,4,mercaderes,39,116,1,377,12,0,0,0,13,32,0,0,0,0,1,3,0
1212-3,1,5,mercaderes,39,116,1,313,8,0,0,0,18,37,0,0,0,0,1,4,0
1212-3,1,6,mercaderes,38,116,1,308,4,0,0,0,18,48,1,0,0,0,1,4,0
1212-3,1,7,mercaderes,37,116,1,303,4,0,0,0,18,48,1,0,0,0,1,4,0
1212-3,1,8,mercaderes,35,113,1,298,4,0,0,0,18,48,1,0,0,0,1,4,0
1212-3,1,9,mercaderes,34,110,1,295,4,0,0,0,18,48,1,0,0,0,1,4,0
1212-3,1,10,mercaderes,32,107,1,291,4,0,0,0,18,48,1,0,0,0,1,4,0
1212-3,1,11,mercaderes,32,107,1,285,18,0,0,0,36,64,0,0,0,0,1,4,0
1212-3,1,12,mercaderes,32,107,1,279,31,0,0,0,36,64,0,0,0,0,1,4,0
1212-3,1,13,mercaderes,32,107,1,273,44,0,0,0,36,64,0,0,0,0,1,4,0
1212-3,1,14,mercaderes,32,107,1,267,56,0,0,0,36,64,0,0,0,0,1,4,0
1212-3,1,15,mercaderes,32,107,1,261,68,0,0,0,36,64,0,0,0,0,1,4,0
1212-3,1,16,mercaderes,31,103,1,234,70,0,0,0,36,64,0,0,0,0,1,5,0
1212-3,1,17,mercaderes,30,99,1,248,53,0,0,0,22,50,0,0,0,0,1,9,0
1212-3,1,18,mercaderes,48,99,1,231,56,0,0,0,22,48,0,0,0,1,1,3,0
1212-3,1,19,mercaderes,48,99,1,214,59,0,0,0,22,48,0,0,0,1,1,4,0
1212-3,1,20,mercaderes,48,99,1,207,60,0,0,0,22,48,0,1,0,1,1,4,0
1212-3,1,21,mercaderes,48,95,1,177,49,0,0,0,22,48,0,0,0,1,1,9,0
1212-3,1,22,mercaderes,56,95,1,174,54,0,0,0,22,48,0,0,0,1,1,3,0
1212-3,1,23,mercaderes,56,95,1,154,50,0,0,0,13,39,0,0,0,1,1,3,0
1212-3,1,24,mercaderes,56,95,1,130,46,0,0,0,13,30,0,0,0,1,1,3,0
1212-3,1,25,mercaderes,56,95,1,105,42,0,0,0,13,30,0,0,0,1,1,3,0
1212-3,1,26,mercaderes,56,95,1,89,38,0,0,0,13,30,0,0,0,1,1,3,0
1212-3,1,27,mercaderes,56,95,1,92,34,0,0,0,13,30,0,0,0,1,1,2,0
1212-3,1,28,mercaderes,56,95,1,90,31,0,0,0,13,30,0,0,0,1,1,2,0
1212-3,1,29,mercaderes,56,95,1,87,32,0,0,0,18,35,0,0,0,1,1,3,0
1212-3,1,30,mercaderes,56,95,1,93,30,0,0,0,18,44,0,0,0,1,1,3,0
1212-3,1,31,mercaderes,56,95,1,99,28,0,0,0,18,44,0,0,0,1,1,3,0
1212-3,1,32,mercaderes,56,95,1,95,27,0,0,0,18,44,0,0,0,1,1,3,0
1212-3,1,33,mercaderes,56,95,1,94,26,0,0,0,18,44,0,0,0,1,1,3,0
1212-3,1,34,mercaderes,56,95,1,92,25,0,0,0,18,44,0,0,0,1,1,3,0
1212-3,1,35,mercaderes,56,95,1,100,41,0,0,0,36,62,0,0,0,1,1,3,0
1212-3,1,36,mercaderes,56,95,1,95,56,0,0,0,36,62,0,0,0,1,1,3,0
1212-3,1,37,mercaderes,56,95,1,94,71,0,0,0,36,62,0,0,0,1,1,3,0
1212-3,1,38,mercaderes,55,91,1,74,76,0,0,0,36,62,0,0,0,1,1,4,0
1212-3,1,39,mercaderes,70,91,1,93,91,0,0,0,36,62,0,0,0,2,1,2,0
1212-3,1,40,mercaderes,70,91,1,86,105,0,0,0,36,62,0,0,0,2,1,3,0
1212-3,1,41,mercaderes,70,91,1,95,93,0,0,0,22,48,0,0,0,2,1,7,0
1212-3,1,42,mercaderes,70,91,1,91,97,0,0,0,22,48,0,0,0,2,1,3,0
1212-3,1,43,mercaderes,78,91,1,100,101,0,0,0,22,48,0,0,0,2,1,2,0
1212-3,1,44,mercaderes,78,91,1,96,104,0,0,0,22,48,0,0,0,2,1,4,0
1212-3,1,45,mercaderes,78,91,1,96,105,0,0,0,22,48,0,1,0,2,1,4,0
1212-3,1,46,mercaderes,78,91,1,98,108,0,0,0,22,48,0,0,0,2,1,3,0
1212-3,1,47,mercaderes,78,91,1,92,90,0,0,0,13,39,0,0,0,2,1,8,0
1212-3,1,48,mercaderes,78,91,1,86,85,0,0,0,13,30,0,0,0,2,1,3,0
1212-3,1,49,mercaderes,86,91,1,85,80,0,0,0,13,30,0,0,0,2,1,2,0
1212-3,1,50,mercaderes,86,91,1,82,76,0,0,0,13,30,0,0,0,2,1,2,0
1212-3,1,51,mercaderes,86,91,1,83,72,0,0,0,13,30,0,0,0,2,1,2,0
1212-3,1,52,mercaderes,86,91,1,78,67,0,0,0,13,30,0,0,0,2,1,2,0
1212-3,1,53,mercaderes,86,91,1,87,57,0,0,0,18,35,0,0,0,2,1,7,0
1212-3,1,54,mercaderes,86,91,1,92,55,0,0,0,18,44,0,0,0,2,1,3,0
1212-3,1,55,mercaderes,94,91,1,92,53,0,0,0,18,44,0,0,0,2,1,3,0
1212-3,1,56,mercaderes,94,91,1,101,52,0,0,0,18,44,0,0,0,2,1,3,0
1212-3,1,57,mercaderes,94,91,1,96,51,0,0,0,18,44,0,0,0,2,1,3,0
1212-3,1,58,mercaderes,94,91,1,95,50,0,0,0,18,44,0,0,0,2,1,3,0
1212-3,1,59,mercaderes,94,91,1,94,66,0,0,0,36,62,0,0,0,2,1,3,0
1212-3,1,60,mercaderes,94,91,1,93,81,0,0,0,36,62,0,0,0,2,1,3,0
1212-3,1,61,mercaderes,94,91,1,92,96,0,0,0,36,62,0,0,0,2,1,3,0
1212-3,1,62,mercaderes,94,91,1,100,110,0,0,0,36,62,0,0,0,2,1,3,0
1212-3,1,63,mercaderes,94,91,1,95,124,0,0,0,36,62,0,0,0,2,1,3,0
1212-3,1,64,mercaderes,94,91,1,93,137,0,0,0,36,62,0,0,0,2,1,3,0
1212-3,1,65,mercaderes,94,91,1,100,121,0,0,0,22,48,0,0,0,2,1,8,0
1212-3,1,66,mercaderes,94,91,1,97,118,0,0,0,22,48,0,0,0,2,1,3,0
1212-3,1,67,mercaderes,102,91,1,97,121,0,0,0,22,48,0,0,0,2,1,3,0
1212-3,1,68,mercaderes,102,91,1,97,124,0,0,0,22,48,0,0,0,2,1,3,0
1212-3,1,69,mercaderes,102,91,1,96,127,0,0,0,22,48,0,0,0,2,1,3,0
1212-3,1,70,mercaderes,102,91,1,95,129,0,0,0,22,48,0,0,0,2,1,3,0
1212-3,1,71,mercaderes,102,91,1,94,123,0,0,0,13,39,0,0,0,2,1,3,0
1212-3,1,72,mercaderes,102,91,1,83,117,0,0,0,13,30,0,0,0,2,1,3,0
1212-3,1,73,mercaderes,102,91,1,85,99,0,0,0,13,30,0,0,0,2,1,7,0
1212-3,1,74,mercaderes,102,91,1,83,94,0,0,0,13,30,0,0,0,2,1,2,0
1212-3,1,75,mercaderes,110,91,1,81,89,0,0,0,13,30,0,0,0,2,1,2,0
1212-3,1,76,mercaderes,110,91,1,82,84,0,0,0,13,30,0,0,0,2,1,2,0
1212-3,1,77,mercaderes,110,91,1,87,83,0,0,0,18,35,0,0,0,2,1,2,0
1212-3,1,78,mercaderes,110,91,1,90,80,0,0,0,18,44,0,0,0,2,1,3,0
1212-3,1,79,mercaderes,110,91,1,95,77,0,0,0,18,44,0,0,0,2,1,3,0
1212-3,1,80,mercaderes,110,91,1,90,75,0,0,0,18,44,0,0,0,2,1,3,0
1212-3,1,81,mercaderes,110,91,1,98,73,0,0,0,18,44,0,0,0,2,1,3,0
1212-3,1,82,mercaderes,110,91,1,93,71,0,0,0,18,44,0,0,0,2,1,3,0
1212-3,1,83,mercaderes,110,91,1,93,86,0,0,0,36,62,0,0,0,2,1,3,0
1212-3,1,84,mercaderes,111,95,1,102,101,0,0,0,36,62,0,0,0,2,1,4,0
1212-3,1,85,mercaderes,110,91,1,81,104,0,0,0,36,62,0,0,0,2,1,4,0
1212-3,1,86,mercaderes,110,91,1,100,118,0,0,0,36,62,0,0,0,2,1,2,0
1212-3,1,87,mercaderes,110,91,1,93,131,0,0,0,36,62,0,0,0,2,1,3,0
1212-3,1,88,mercaderes,110,91,1,92,144,0,0,0,36,62,0,0,0,2,1,3,0
1212-3,1,89,mercaderes,110,91,1,94,128,0,0,0,22,48,0,0,0,2,1,7,0
1212-3,1,90,mercaderes,110,91,1,92,123,0,0,0,22,48,0,0,0,2,1,3,0
1212-3,1,91,mercaderes,110,91,1,101,126,0,0,0,22,48,0,0,0,2,1,2,0
1212-3,1,92,mercaderes,118,91,1,96,128,0,0,0,22,48,0,0,0,2,1,3,0
1212-3,1,93,mercaderes,118,91,1,94,130,0,0,0,22,48,0,0,0,2,1,3,0
1212-3,1,94,mercaderes,118,91,1,94,132,0,0,0,22,48,0,0,0,2,1,3,0
1212-3,1,95,mercaderes,118,91,1,98,126,0,0,0,13,39,0,0,0,2,1,3,0
1212-3,1,96,mercaderes,118,91,1,87,119,0,0,0,13,30,0,0,0,2,1,3,0
1212-3,1,97,mercaderes,118,91,1,87,113,0,0,0,13,30,0,0,0,2,1,2,0
1212-3,1,98,mercaderes,118,91,1,84,107,0,0,0,13,30,0,0,0,2,1,2,0
1212-3,1,99,mercaderes,118,91,1,80,102,0,0,0,13,30,0,0,0,2,1,2,0
1212-3,1,100,mercaderes,118,91,1,80,97,0,0,0,13,30,0,0,0,2,1,2,0
1212-3,1,101,mercaderes,118,91,1,87,96,0,0,0,18,35,0,0,0,2,1,2,0
1212-3,1,102,mercaderes,118,91,1,90,93,0,0,0,18,44,0,0,0,2,1,3,0
1212-3,1,103,mercaderes,119,95,1,106,90,0,0,0,18,44,0,0,0,2,1,4,0
1212-3,1,104,mercaderes,118,91,1,72,76,0,0,0,18,44,0,0,0,2,1,4,0
1212-3,1,105,mercaderes,118,91,1,97,59,0,0,0,18,44,0,0,0,2,1,7,0
1212-3,1,106,mercaderes,118,91,1,89,56,0,0,0,18,44,0,0,0,2,1,3,0
1212-3,1,107,mercaderes,126,91,1,98,72,0,0,0,36,62,0,0,0,2,1,3,0
1212-3,1,108,mercaderes,126,91,1,94,87,0,0,0,36,62,0,0,0,2,1,3,0
1212-3,1,109,mercaderes,126,91,1,93,101,0,0,0,36,62,0,0,0,2,1,3,0
1212-3,1,110,mercaderes,126,91,1,91,115,0,0,0,36,62,0,0,0,2,1,3,0
1212-3,1,111,mercaderes,126,91,1,99,128,0,0,0,36,62,0,0,0,2,1,3,0
1212-3,1,112,mercaderes,126,91,1,94,141,0,0,0,36,62,0,0,0,2,1,3,0
1212-3,1,113,mercaderes,126,91,1,95,140,0,0,0,22,48,0,0,0,2,1,2,0
1212-3,1,114,mercaderes,126,91,1,96,135,0,0,0,22,48,0,0,0,2,1,2,0
1212-3,1,115,mercaderes,126,91,1,97,130,0,0,0,22,48,0,0,0,2,1,3,0
1212-3,1,116,mercaderes,127,95,1,105,129,0,0,0,22,48,0,0,0,2,1,4,0
1212-3,1,117,mercaderes,126,91,1,75,121,0,0,0,22,48,0,0,0,2,1,4,0
1212-3,1,118,mercaderes,126,91,1,97,109,0,0,0,22,48,0,0,0,2,1,7,0
1212-3,1,119,mercaderes,126,91,1,90,100,0,0,0,13,39,0,0,0,2,1,3,0
1212-3,1,120,mercaderes,126,91,1,90,95,0,0,0,13,30,0,0,0,2,1,2,0
1212-3,1,121,mercaderes,134,91,1,86,90,0,0,0,13,30,0,0,0,2,1,2,0
1212-3,1,122,mercaderes,134,91,1,82,85,0,0,0,13,30,0,0,0,2,1,2,0
1212-3,1,123,mercaderes,134,91,1,85,80,0,0,0,13,30,0,0,0,2,1,2,0
1212-3,1,124,mercaderes,134,91,1,81,75,0,0,0,13,30,0,0,0,2,1,2,0
1212-3,1,125,mercaderes,134,91,1,89,76,0,0,0,18,35,0,0,0,2,1,2,0
1212-3,1,126,mercaderes,134,91,1,92,74,0,0,0,18,44,0,0,0,2,1,3,0
1212-3,1,127,mercaderes,134,91,1,98,72,0,0,0,18,44,0,0,0,2,1,3,0
1212-3,1,128,mercaderes,134,91,1,94,70,0,0,0,18,44,0,0,0,2,1,3,0
1212-3,1,129,mercaderes,134,91,1,93,68,0,0,0,18,44,0,0,0,2,1,3,0
1212-3,1,130,mercaderes,134,91,1,91,66,0,0,0,18,44,0,0,0,2,1,3,0
1212-3,1,131,mercaderes,134,91,1,99,81,0,0,0,36,62,0,0,0,2,1,3,0
1212-3,1,132,mercaderes,135,95,1,104,97,0,0,0,36,62,0,0,0,2,1,4,0
1212-3,1,133,mercaderes,134,91,1,72,100,0,0,0,36,62,0,0,0,2,1,4,0
1212-3,1,134,mercaderes,134,91,1,98,114,0,0,0,36,62,0,0,0,2,1,2,0
1212-3,1,135,mercaderes,134,91,1,90,126,0,0,0,36,62,0,0,0,2,1,3,0
1212-3,1,136,mercaderes,134,91,1,99,139,0,0,0,36,62,0,0,0,2,1,3,0
1212-3,1,137,mercaderes,134,91,1,98,125,0,0,0,22,48,0,0,0,2,1,7,0
1212-3,1,138,mercaderes,134,91,1,96,120,0,0,0,22,48,0,0,0,2,1,3,0
1212-3,1,139,mercaderes,134,91,1,95,123,0,0,0,22,48,0,0,0,2,1,3,0
1212-3,1,140,mercaderes,134,91,1,94,126,0,0,0,22,48,0,0,0,2,1,3,0
1212-3,1,141,mercaderes,134,91,1,93,128,0,0,0,22,48,0,0,0,2,1,3,0
1212-3,1,142,mercaderes,134,91,1,91,130,0,0,0,22,48,0,0,0,2,1,3,0
1212-3,1,143,mercaderes,142,91,1,102,124,0,0,0,13,39,0,0,0,2,1,2,0
1212-3,1,144,mercaderes,142,91,1,90,118,0,0,0,13,30,0,0,0,2,1,3,0
1212-3,1,145,mercaderes,142,91,1,91,112,0,0,0,13,30,0,0,0,2,1,2,0
1212-3,1,146,mercaderes,142,91,1,88,106,0,0,0,13,30,0,0,0,2,1,2,0
1212-3,1,147,mercaderes,142,91,1,85,101,0,0,0,13,30,0,0,0,2,1,2,0
1212-3,1,148,mercaderes,142,91,1,82,96,0,0,0,13,30,0,0,0,2,1,2,0
1212-3,1,149,mercaderes,142,91,1,88,96,0,0,0,18,35,0,0,0,2,1,2,0
1212-3,1,150,mercaderes,142,91,1,92,93,0,0,0,18,44,0,0,0,2,1,3,0
1212-3,1,151,mercaderes,142,91,1,98,90,0,0,0,18,44,0,0,0,2,1,4,0
1212-3,1,152,mercaderes,142,91,1,101,87,0,0,0,18,51,0,0,0,2,1,3,0
1212-3,1,153,mercaderes,142,91,1,107,84,0,0,0,18,51,0,0,0,2,1,3,0
1212-3,1,154,mercaderes,143,95,1,113,82,0,0,0,18,51,0,0,0,2,1,4,0
1212-3,1,155,mercaderes,142,91,1,92,76,0,0,0,25,58,0,0,0,2,1,4,0
1212-3,1,156,mercaderes,142,91,1,111,80,0,0,0,25,58,0,0,0,2,1,3,0
1212-3,1,157,mercaderes,142,91,1,104,84,0,0,0,25,58,0,0,0,2,1,3,0
1212-3,1,158,mercaderes,142,91,1,103,88,0,0,0,25,58,0,0,0,2,1,3,0
1212-3,1,159,mercaderes,142,91,1,101,92,0,0,0,25,58,0,0,0,2,1,3,0
1212-3,1,160,mercaderes,142,91,1,109,96,0,0,0,25,58,0,0,0,2,1,3,0
1212-3,1,161,mercaderes,142,91,1,104,84,0,0,0,22,55,0,0,0,2,1,8,0
1212-3,1,162,mercaderes,142,91,1,102,88,0,0,0,22,55,0,0,0,2,1,3,0
1212-3,1,163,mercaderes,142,91,1,112,92,0,0,0,22,55,0,0,0,2,1,3,0
1212-3,1,164,mercaderes,142,91,1,109,96,0,0,0,22,55,0,0,0,2,1,3,0
1212-3,1,165,mercaderes,142,91,1,109,100,0,0,0,22,55,0,0,0,2,1,3,0
1212-3,1,166,mercaderes,142,91,1,108,103,0,0,0,22,55,0,0,0,2,1,3,0
1212-3,1,167,mercaderes,150,91,1,107,98,0,0,0,13,46,0,0,0,2,1,3,0
1212-3,1,168,mercaderes,150,91,1,93,93,0,0,0,13,34,0,0,0,2,1,3,0
1212-3,1,169,mercaderes,150,91,1,89,88,0,0,0,13,34,0,0,0,2,1,3,0
1212-3,1,170,mercaderes,150,91,1,94,83,0,0,0,13,34,0,0,0,2,1,2,0
1212-3,1,171,mercaderes,150,91,1,86,79,0,0,0,13,34,0,0,0,2,1,3,0
1212-3,1,172,mercaderes,150,91,1,91,75,0,0,0,13,34,0,0,0,2,1,2,0
1212-3,1,173,mercaderes,150,91,1,92,76,0,0,0,18,39,0,0,0,2,1,3,0
1212-3,1,174,mercaderes,150,91,1,105,74,0,0,0,18,51,0,0,0,2,1,3,0
1212-3,1,175,mercaderes,150,91,1,98,72,0,0,0,18,51,0,0,0,2,1,3,0
1212-3,1,176,mercaderes,150,91,1,106,70,0,0,0,18,51,0,0,0,2,1,3,0
1212-3,1,177,mercaderes,150,91,1,101,68,0,0,0,18,51,0,0,0,2,1,3,0
1212-3,1,178,mercaderes,151,95,1,119,67,0,0,0,18,51,0,0,0,2,1,4,0
1212-3,1,179,mercaderes,150,91,1,94,72,0,0,0,36,69,0,0,0,2,1,4,0
1212-3,1,180,mercaderes,150,91,1,104,87,0,0,0,36,69,0,0,0,2,1,3,0
1212-3,1,181,mercaderes,150,91,1,100,101,0,0,0,36,69,0,0,0,2,1,3,0
1212-3,1,182,mercaderes,150,91,1,109,115,0,0,0,36,69,0,0,0,2,1,3,0
1212-3,1,183,mercaderes,150,91,1,105,128,0,0,0,36,69,0,0,0,2,1,3,0
1212-3,1,184,mercaderes,150,91,1,104,141,0,0,0,36,69,0,0,0,2,1,3,0
1212-3,1,185,mercaderes,150,91,1,105,131,0,0,0,28,61,0,0,0,2,1,7,0
1212-3,1,186,mercaderes,150,91,1,112,132,0,0,0,28,61,0,0,0,2,1,3,0
1212-3,1,187,mercaderes,150,91,1,51,140,0,0,0,28,61,0,0,0,2,1,3,0
1212-3,1,188,mercaderes,158,91,1,85,145,0,0,0,28,61,0,0,0,2,1,1,0
1212-3,1,189,mercaderes,158,91,1,98,144,0,0,0,28,61,0,0,0,2,1,2,0
1212-3,1,190,mercaderes,158,91,1,102,148,0,0,0,28,61,0,0,0,2,1,3,0
1212-3,1,191,mercaderes,158,91,1,102,138,0,0,0,13,46,0,0,0,2,1,3,0
1212-3,1,192,mercaderes,158,91,1,96,124,0,0,0,13,34,0,0,0,2,1,3,0
1212-3,1,193,mercaderes,158,91,1,91,116,0,0,0,13,34,0,0,0,2,1,3,0
1212-3,1,194,mercaderes,158,91,1,96,108,0,0,0,13,34,0,0,0,2,1,2,0
1212-3,1,195,mercaderes,158,91,1,87,101,0,0,0,13,34,0,0,0,2,1,3,0
1212-3,1,196,mercaderes,158,91,1,91,94,0,0,0,13,34,0,0,0,2,1,2,0
1212-3,1,197,mercaderes,158,91,1,92,92,0,0,0,18,39,0,0,0,2,1,3,0
1212-3,1,198,mercaderes,158,91,1,104,87,0,0,0,18,51,0,0,0,2,1,3,0
1212-3,1,199,mercaderes,159,95,1,106,82,0,0,0,18,51,0,0,0,2,1,4,0
1212-3,1,200,mercaderes,158,91,1,86,63,0,0,0,14,47,0,0,0,2,1,4,0
1212-3,1,1,mesta,21,25,1,40,76,0,0,0,5,9,0,0,0,0,1,3,0
1212-3,1,2,mesta,21,25,1,38,71,0,0,0,5,7,0,0,0,0,1,1,0
1212-3,1,3,mesta,21,25,1,36,66,0,0,0,5,7,0,0,0,0,1,0,1
1212-3,1,4,mesta,21,25,1,34,61,0,0,0,5,7,0,0,0,0,1,0,1
1212-3,1,5,mesta,21,26,1,32,57,0,0,0,6,8,0,1,0,0,1,0,1
1212-3,1,6,mesta,20,23,1,20,46,0,0,0,6,18,0,0,0,0,1,1,0
1212-3,1,7,mesta,20,24,1,28,46,0,0,0,6,18,0,0,0,0,1,1,0
1212-3,1,8,mesta,21,25,1,36,45,0,0,0,6,18,0,0,0,0,1,0,1
1212-3,1,9,mesta,21,26,1,44,44,0,0,0,6,18,0,0,0,0,1,0,1
1212-3,1,10,mesta,21,27,1,52,43,0,0,0,6,18,0,0,0,0,1,0,1
1212-3,1,11,mesta,21,28,1,60,48,0,0,0,13,25,0,0,0,0,1,0,1
1212-3,1,12,mesta,21,29,1,68,52,0,0,0,13,25,0,0,0,0,1,0,1
1212-3,1,13,mesta,22,30,1,76,56,0,0,0,13,25,0,0,0,0,1,0,1
1212-3,1,14,mesta,21,29,1,47,60,0,0,0,13,27,0,0,0,0,1,3,0
1212-3,1,15,mesta,22,30,1,57,66,0,0,0,13,25,0,0,0,0,1,1,0
1212-3,1,16,mesta,37,31,1,67,72,0,0,0,13,27,0,0,0,1,1,0,1
1212-3,1,17,mesta,37,32,1,77,72,0,0,0,8,22,0,0,0,1,1,0,1
1212-3,1,18,mesta,37,33,1,78,72,0,0,0,8,22,0,0,0,1,1,2,0
1212-3,1,19,mesta,37,34,1,72,72,0,0,0,8,22,0,0,0,1,1,2,0
1212-3,1,20,mesta,38,35,1,78,72,0,0,0,8,22,0,0,0,1,1,2,0
1212-3,1,21,mesta,38,35,1,62,71,0,0,0,8,22,0,0,0,1,1,2,0
1212-3,1,22,mesta,38,35,1,77,68,0,0,0,8,22,0,1,0,1,1,1,0
1212-3,1,23,mesta,38,35,1,78,64,0,0,0,5,28,0,0,0,1,1,2,0
1212-3,1,24,mesta,38,35,1,69,60,0,0,0,5,25,0,0,0,1,1,2,0
1212-3,1,25,mesta,38,35,1,72,56,0,0,0,5,25,0,0,0,1,1,2,0
1212-3,1,26,mesta,38,35,1,72,52,0,0,0,5,25,0,0,0,1,1,2,0
1212-3,1,27,mesta,38,35,1,71,48,0,0,0,5,25,0,0,0,1,1,3,0
1212-3,1,28,mesta,38,35,1,92,47,0,0,0,5,25,0,0,0,1,1,3,0
1212-3,1,29,mesta,38,35,1,91,47,0,0,0,6,26,0,0,0,1,1,4,0
1212-3,1,30,mesta,38,35,1,102,46,0,0,0,6,29,0,0,0,1,1,4,0
1212-3,1,31,mesta,38,35,1,104,45,0,0,0,6,29,0,0,0,1,1,4,0
1212-3,1,32,mesta,38,35,1,106,44,0,0,0,6,29,0,0,0,1,1,4,0
1212-3,1,33,mesta,38,35,1,108,43,0,0,0,6,29,0,0,0,1,1,4,0
1212-3,1,34,mesta,38,35,1,110,42,1,0,0,6,29,0,0,0,1,1,4,0
1212-3,1,35,mesta,38,36,1,114,48,1,0,0,13,36,0,0,0,1,1,4,0
1212-3,1,36,mesta,38,37,1,117,52,1,0,0,13,36,0,0,0,1,1,4,0
1212-3,1,37,mesta,38,38,1,120,56,1,0,0,13,36,0,0,0,1,1,4,0
1212-3,1,38,mesta,38,39,1,96,60,1,0,0,13,36,0,0,0,1,1,5,0
1212-3,1,39,mesta,39,40,1,117,64,1,0,0,13,36,0,0,0,1,1,3,0
1212-3,1,40,mesta,38,37,1,98,56,1,0,0,13,38,0,0,0,1,1,4,0
1212-3,1,41,mesta,38,37,1,95,41,1,0,0,8,31,0,0,0,1,1,9,0
1212-3,1,42,mesta,38,37,1,97,44,1,0,0,8,31,0,0,0,1,1,4,0
1212-3,1,43,mesta,56,37,1,98,47,1,0,0,8,31,0,0,0,2,1,4,0
1212-3,1,44,mesta,56,37,1,89,50,1,0,0,8,31,0,0,0,2,1,4,0
1212-3,1,45,mesta,56,37,1,90,52,1,0,0,8,31,0,0,0,2,1,4,0
1212-3,1,46,mesta,56,37,1,90,53,1,0,0,8,31,0,0,0,2,1,4,0
1212-3,1,47,mesta,56,37,1,90,52,1,0,0,5,28,0,0,0,2,1,4,0
1212-3,1,48,mesta,56,37,1,87,51,1,0,0,5,25,0,0,0,2,1,4,0
1212-3,1,49,mesta,56,37,1,97,50,1,0,0,5,25,0,0,0,2,1,3,0
1212-3,1,50,mesta,56,37,1,98,49,1,0,0,5,25,0,0,0,2,1,4,0
1212-3,1,51,mesta,56,37,1,89,48,1,0,0,5,25,0,0,0,2,1,4,0
1212-3,1,52,mesta,56,37,1,88,47,1,0,0,5,25,0,0,0,2,1,4,0
1212-3,1,53,mesta,57,41,1,103,47,1,0,0,6,26,0,0,0,2,1,5,0
1212-3,1,54,mesta,56,37,1,87,33,1,0,0,6,31,0,0,0,2,1,5,0
1212-3,1,55,mesta,56,37,1,98,17,1,0,0,6,29,0,0,0,2,1,9,0
1212-3,1,56,mesta,56,37,1,100,15,1,0,0,6,29,0,0,0,2,1,4,0
1212-3,1,57,mesta,64,37,1,102,13,1,0,0,6,29,0,0,0,2,1,4,0
1212-3,1,58,mesta,64,37,1,104,11,2,0,0,6,29,0,0,0,2,1,4,0
1212-3,1,59,mesta,64,37,1,105,16,2,0,0,13,36,0,0,0,2,1,4,0
1212-3,1,60,mesta,64,37,1,108,21,2,0,0,13,36,0,0,0,2,1,4,0
1212-3,1,61,mesta,64,37,1,110,25,2,0,0,13,36,0,0,0,2,1,4,0
1212-3,1,62,mesta,64,37,1,112,29,2,0,0,13,36,0,0,0,2,1,4,0
1212-3,1,63,mesta,64,38,1,114,33,2,0,0,13,36,0,0,0,2,1,4,0
1212-3,1,64,mesta,64,39,1,116,37,2,0,0,13,36,0,0,0,2,1,4,0
1212-3,1,65,mesta,65,43,1,112,39,2,0,0,8,31,0,0,0,2,1,5,0
1212-3,1,66,mesta,64,39,1,77,30,2,0,0,8,33,0,0,0,2,1,5,0
1212-3,1,67,mesta,64,39,1,92,19,2,0,0,8,31,0,0,0,2,1,8,0
1212-3,1,68,mesta,64,39,1,95,21,2,0,0,8,31,0,0,0,2,1,4,0
1212-3,1,69,mesta,72,39,1,95,24,2,0,0,8,31,0,0,0,2,1,4,0
1212-3,1,70,mesta,72,39,1,95,27,2,0,0,8,31,0,0,0,2,1,4,0
1212-3,1,71,mesta,72,39,1,95,27,2,0,0,5,28,0,0,0,2,1,4,0
1212-3,1,72,mesta,72,39,1,92,27,2,0,0,5,25,0,0,0,2,1,4,0
1212-3,1,73,mesta,72,39,1,91,27,2,0,0,5,25,0,0,0,2,1,4,0
1212-3,1,74,mesta,72,39,1,92,27,2,0,0,5,25,0,0,0,2,1,4,0
1212-3,1,75,mesta,72,39,1,93,27,2,0,0,5,25,0,0,0,2,1,4,0
1212-3,1,76,mesta,72,39,1,92,27,2,0,0,5,25,0,0,0,2,1,4,0
1212-3,1,77,mesta,72,39,1,88,28,2,0,0,6,26,0,0,0,2,1,4,0
1212-3,1,78,mesta,72,39,1,100,25,2,0,0,6,29,0,0,0,2,1,4,0
1212-3,1,79,mesta,73,43,1,112,26,2,0,0,6,29,0,0,0,2,1,5,0
1212-3,1,80,mesta,73,43,1,116,23,2,0,0,6,31,0,0,0,2,1,4,0
1212-3,1,81,mesta,73,43,1,120,20,2,0,0,6,31,0,0,0,2,1,4,0
1212-3,1,82,mesta,73,43,1,97,17,2,0,0,6,31,0,0,0,2,1,5,0
1212-3,1,83,mesta,73,43,1,123,21,2,0,0,13,38,0,0,0,2,1,4,0
1212-3,1,84,mesta,73,43,1,100,25,2,0,0,13,38,0,0,0,2,1,5,0
1212-3,1,85,mesta,73,43,1,128,28,2,0,0,13,38,0,0,0,2,1,4,0
1212-3,1,86,mesta,74,45,1,106,31,2,0,0,13,38,0,0,0,2,1,5,0
1212-3,1,87,mesta,74,47,1,133,33,2,0,0,13,38,0,0,0,2,1,4,0
1212-3,1,88,mesta,74,49,1,111,35,2,0,0,13,38,0,0,0,2,1,5,0
1212-3,1,89,mesta,74,49,1,123,31,2,0,0,8,33,0,0,0,2,1,4,0
1212-3,1,90,mesta,74,49,1,109,30,2,0,0,8,33,0,0,0,2,1,4,0
1212-3,1,91,mesta,74,49,1,94,29,2,0,0,8,33,0,0,0,2,1,4,0
1212-3,1,92,mesta,74,49,1,96,28,2,0,0,8,33,0,0,0,2,1,4,0
1212-3,1,93,mesta,74,49,1,99,28,2,0,0,8,33,0,0,0,2,1,4,0
1212-3,1,94,mesta,74,49,1,93,28,2,0,0,8,33,0,0,0,2,1,4,0
1212-3,1,95,mesta,74,49,1,96,25,2,0,0,5,30,0,0,0,2,1,4,0
1212-3,1,96,mesta,74,49,1,94,22,2,0,0,5,26,0,0,0,2,1,4,0
1212-3,1,97,mesta,74,49,1,94,19,2,0,0,5,26,0,0,0,2,1,4,0
1212-3,1,98,mesta,74,49,1,94,16,2,0,0,5,26,0,0,0,2,1,4,0
1212-3,1,99,mesta,74,49,1,93,13,2,0,0,5,26,0,0,0,2,1,4,0
1212-3,1,100,mesta,74,49,1,92,10,2,0,0,5,26,0,0,0,2,1,4,0
1212-3,1,101,mesta,74,49,1,90,8,2,0,0,6,27,0,0,0,2,1,4,0
1212-3,1,102,mesta,74,49,1,104,3,2,0,0,6,31,0,0,0,2,1,4,0
1212-3,1,103,mesta,73,49,1,109,1,2,0,0,6,31,1,0,0,2,1,4,0
1212-3,1,104,mesta,72,49,1,113,1,2,0,0,6,31,1,0,0,2,1,4,0
1212-3,1,105,mesta,71,48,1,117,1,2,0,0,6,31,1,0,0,2,1,4,0
1212-3,1,106,mesta,70,47,1,120,1,2,0,0,6,31,1,0,0,2,1,4,0
1212-3,1,107,mesta,70,47,1,97,4,2,0,0,13,38,0,0,0,2,1,5,0
1212-3,1,108,mesta,70,47,1,123,7,2,0,0,13,38,0,0,0,2,1,4,0
1212-3,1,109,mesta,70,47,1,100,10,2,0,0,13,38,0,0,0,2,1,5,0
1212-3,1,110,mesta,70,47,1,126,13,2,0,0,13,38,0,0,0,2,1,4,0
1212-3,1,111,mesta,70,47,1,103,16,2,0,0,13,38,0,0,0,2,1,5,0
1212-3,1,112,mesta,70,47,1,131,19,2,0,0,13,38,0,0,0,2,1,4,0
1212-3,1,113,mesta,70,47,1,120,17,2,0,0,8,33,0,0,0,2,1,4,0
1212-3,1,114,mesta,70,47,1,106,18,2,0,0,8,33,0,0,0,2,1,4,0
1212-3,1,115,mesta,70,47,1,101,19,2,0,0,8,33,0,0,0,2,1,4,0
1212-3,1,116,mesta,70,47,1,95,20,2,0,0,8,33,0,0,0,2,1,4,0
1212-3,1,117,mesta,70,47,1,98,21,2,0,0,8,33,0,0,0,2,1,4,0
1212-3,1,118,mesta,70,47,1,92,22,2,0,0,8,33,0,0,0,2,1,4,0
1212-3,1,119,mesta,70,47,1,95,20,2,0,0,5,30,0,0,0,2,1,4,0
1212-3,1,120,mesta,70,47,1,94,18,2,0,0,5,26,0,0,0,2,1,4,0
1212-3,1,121,mesta,70,47,1,95,16,2,0,0,5,26,0,0,0,2,1,4,0
1212-3,1,122,mesta,70,47,1,95,14,2,0,0,5,26,0,0,0,2,1,4,0
1212-3,1,123,mesta,70,47,1,94,12,2,0,0,5,26,0,0,0,2,1,4,0
1212-3,1,124,mesta,70,47,1,93,10,2,0,0,5,26,0,0,0,2,1,4,0
1212-3,1,125,mesta,70,47,1,89,9,2,0,0,6,27,0,0,0,2,1,4,0
1212-3,1,126,mesta,70,47,1,102,5,2,0,0,6,31,0,0,0,2,1,4,0
1212-3,1,127,mesta,70,47,1,108,1,2,0,0,6,31,0,0,0,2,1,4,0
1212-3,1,128,mesta,69,47,1,112,1,2,0,0,6,31,1,0,0,2,1,4,0
1212-3,1,129,mesta,68,47,1,116,1,2,0,0,6,31,1,0,0,2,1,4,0
1212-3,1,130,mesta,67,46,1,120,1,2,0,0,6,31,1,0,0,2,1,4,0
1212-3,1,131,mesta,67,46,1,98,4,2,0,0,13,38,0,0,0,2,1,5,0
1212-3,1,132,mesta,67,46,1,125,7,2,0,0,13,38,0,0,0,2,1,4,0
1212-3,1,133,mesta,67,46,1,102,10,2,0,0,13,38,0,0,0,2,1,5,0
1212-3,1,134,mesta,67,46,1,128,13,2,0,0,13,38,0,0,0,2,1,4,0
1212-3,1,135,mesta,67,46,1,105,16,2,0,0,13,38,0,0,0,2,1,5,0
1212-3,1,136,mesta,67,46,1,131,19,2,0,0,13,38,0,0,0,2,1,4,0
1212-3,1,137,mesta,67,46,1,119,17,2,0,0,8,33,0,0,0,2,1,4,0
1212-3,1,138,mesta,67,46,1,36,18,2,0,0,8,33,0,0,0,2,1,4,0
1212-3,1,139,mesta,67,46,1,65,20,2,0,0,8,33,0,0,0,2,1,2,0
1212-3,1,140,mesta,67,46,1,96,15,2,0,0,8,33,0,0,0,2,1,3,0
1212-3,1,141,mesta,67,46,1,105,11,2,0,0,8,33,0,0,0,2,1,4,0
1212-3,1,142,mesta,67,46,1,100,10,2,0,0,8,33,0,0,0,2,1,4,0
1212-3,1,143,mesta,67,46,1,93,6,2,0,0,5,30,0,0,0,2,1,4,0
1212-3,1,144,mesta,66,46,1,92,4,2,0,0,5,26,1,0,0,2,1,4,0
1212-3,1,145,mesta,65,46,1,91,4,2,0,0,5,26,1,0,0,2,1,4,0
1212-3,1,146,mesta,64,45,1,92,4,2,0,0,5,26,1,0,0,2,1,4,0
1212-3,1,147,mesta,62,44,1,93,4,2,0,0,5,26,1,0,0,2,1,4,0
1212-3,1,148,mesta,61,43,1,94,4,2,0,0,5,26,1,0,0,2,1,4,0
1212-3,1,149,mesta,60,42,1,90,4,2,0,0,6,27,1,0,0,2,1,4,0
1212-3,1,150,mesta,59,41,1,103,1,2,0,0,6,31,1,0,0,2,1,4,0
1212-3,1,151,mesta,58,40,1,106,1,2,0,0,6,31,1,0,0,2,1,5,0
1212-3,1,152,mesta,56,39,1,106,1,2,0,0,6,31,1,0,0,2,1,4,0
1212-3,1,153,mesta,55,38,1,110,1,2,0,0,6,28,1,0,0,2,1,4,0
1212-3,1,154,mesta,54,37,1,112,1,2,0,0,6,28,1,0,0,2,1,4,0
1212-3,1,155,mesta,54,37,1,114,3,2,0,0,12,34,0,0,0,2,1,5,0
1212-3,1,156,mesta,54,37,1,113,5,2,0,0,12,30,0,0,0,2,1,4,0
1212-3,1,157,mesta,54,37,1,107,7,2,0,0,12,30,0,0,0,2,1,4,0
1212-3,1,158,mesta,54,37,1,105,10,2,0,0,13,32,0,0,0,2,1,4,0
1212-3,1,159,mesta,54,37,1,103,13,2,0,0,13,32,0,0,0,2,1,4,0
1212-3,1,160,mesta,54,37,1,101,16,2,0,0,13,32,0,0,0,2,1,4,0
1212-3,1,161,mesta,54,37,1,89,14,2,0,0,8,27,0,0,0,2,1,4,0
1212-3,1,162,mesta,54,37,1,88,15,2,0,0,8,27,0,0,0,2,1,4,0
1212-3,1,163,mesta,54,37,1,95,16,2,0,0,8,27,0,0,0,2,1,3,0
1212-3,1,164,mesta,54,37,1,93,17,2,0,0,8,27,0,0,0,2,1,4,0
1212-3,1,165,mesta,54,37,1,92,18,2,0,0,8,27,0,0,0,2,1,4,0
1212-3,1,166,mesta,54,37,1,91,19,2,0,0,8,27,0,0,0,2,1,4,0
1212-3,1,167,mesta,54,37,1,89,17,2,0,0,5,24,0,0,0,2,1,4,0
1212-3,1,168,mesta,54,37,1,85,15,2,0,0,5,24,0,0,0,2,1,4,0
1212-3,1,169,mesta,54,37,1,94,13,2,0,0,5,24,0,0,0,2,1,3,0
1212-3,1,170,mesta,54,37,1,94,11,2,0,0,5,24,0,0,0,2,1,4,0
1212-3,1,171,mesta,54,37,1,94,9,2,0,0,5,24,0,0,0,2,1,4,0
1212-3,1,172,mesta,54,37,1,93,7,2,0,0,5,24,0,0,0,2,1,4,0
1212-3,1,173,mesta,54,37,1,88,6,2,0,0,6,25,0,0,0,2,1,4,0
1212-3,1,174,mesta,54,37,1,98,2,2,0,0,6,27,0,0,0,2,1,4,0
1212-3,1,175,mesta,53,37,1,98,1,2,0,0,6,27,1,0,0,2,1,4,0
1212-3,1,176,mesta,52,37,1,99,1,2,0,0,6,27,1,0,0,2,1,4,0
1212-3,1,177,mesta,51,36,1,97,1,2,0,0,6,27,1,0,0,2,1,4,0
1212-3,1,178,mesta,50,35,1,99,1,2,0,0,8,29,1,0,0,2,1,4,0
1212-3,1,179,mesta,50,35,1,100,8,2,0,0,16,37,0,0,0,2,1,4,0
1212-3,1,180,mesta,50,35,1,101,15,2,0,0,16,37,0,0,0,2,1,4,0
1212-3,1,181,mesta,50,35,1,102,22,2,0,0,16,37,0,0,0,2,1,4,0
1212-3,1,182,mesta,50,35,1,98,28,2,0,0,16,37,0,0,0,2,1,4,0
1212-3,1,183,mesta,50,36,1,98,34,2,0,0,16,37,0,0,0,2,1,4,0
1212-3,1,184,mesta,50,37,1,98,36,2,0,0,13,34,0,0,0,2,1,4,0
1212-3,1,185,mesta,50,37,1,92,33,2,0,0,8,29,0,0,0,2,1,4,0
1212-3,1,186,mesta,50,37,1,93,33,2,0,0,8,29,0,0,0,2,1,4,0
1212-3,1,187,mesta,50,37,1,88,33,2,0,0,8,29,0,0,0,2,1,4,0
1212-3,1,188,mesta,50,37,1,96,33,2,0,0,8,29,0,0,0,2,1,3,0
1212-3,1,189,mesta,50,37,1,98,33,2,0,0,8,29,0,0,0,2,1,4,0
1212-3,1,190,mesta,50,37,1,90,33,2,0,0,8,29,0,0,0,2,1,4,0
1212-3,1,191,mesta,50,37,1,91,30,2,0,0,5,26,0,0,0,2,1,4,0
1212-3,1,192,mesta,50,37,1,89,28,2,0,0,5,24,0,0,0,2,1,4,0
1212-3,1,193,mesta,50,37,1,89,26,2,0,0,5,24,0,0,0,2,1,4,0
1212-3,1,194,mesta,50,37,1,87,24,2,0,0,5,24,0,0,0,2,1,4,0
1212-3,1,195,mesta,50,37,1,95,22,2,0,0,5,24,0,0,0,2,1,3,0
1212-3,1,196,mesta,50,37,1,94,20,2,0,0,5,24,0,0,0,2,1,4,0
1212-3,1,197,mesta,50,37,1,89,19,2,0,0,6,25,0,0,0,2,1,4,0
1212-3,1,198,mesta,50,37,1,99,15,2,0,0,6,27,0,0,0,2,1,4,0
1212-3,1,199,mesta,50,37,1,99,11,2,0,0,6,27,0,0,0,2,1,4,0
1212-3,1,200,mesta,50,37,1,100,7,2,0,0,6,27,0,0,0,2,1,4,0
1212-3,1,1,monjes,27,56,1,28,68,0,0,0,15,27,0,0,0,0,1,4,0
1212-3,1,2,monjes,26,54,1,9,55,0,0,0,15,20,0,0,0,0,1,2,0
1212-3,1,3,monjes,26,54,1,0,43,0,0,0,15,20,0,0,0,0,1,5,0
1212-3,1,4,monjes,44,54,1,1,40,0,0,0,15,20,0,0,0,1,1,0,1
1212-3,1,5,monjes,45,56,1,2,42,0,0,0,20,25,0,2,0,1,1,0,1
1212-3,1,6,monjes,45,58,1,16,56,0,0,0,30,48,0,0,0,1,1,1,0
1212-3,1,7,monjes,46,60,1,30,70,0,0,0,30,48,0,0,0,1,1,0,1
1212-3,1,8,monjes,45,58,1,26,68,0,0,0,30,50,0,0,0,1,1,6,0
1212-3,1,9,monjes,53,56,1,20,72,0,0,0,30,48,0,0,0,1,1,1,0
1212-3,1,10,monjes,53,58,1,34,85,0,0,0,30,48,0,0,0,1,1,1,0
1212-3,1,11,monjes,69,60,1,46,126,0,0,0,60,75,0,0,0,2,1,0,1
1212-3,1,12,monjes,69,63,1,59,165,0,0,0,60,76,0,0,0,2,1,0,1
1212-3,1,13,monjes,70,66,1,72,202,0,0,0,60,76,0,0,0,2,1,0,1
1212-3,1,14,monjes,70,69,1,77,237,0,0,0,60,76,0,0,0,2,1,2,0
1212-3,1,15,monjes,71,72,1,77,261,0,0,0,60,76,0,0,0,2,1,3,0
1212-3,1,16,monjes,72,75,1,98,283,0,0,0,60,77,0,0,0,2,1,3,0
1212-3,1,17,monjes,72,78,1,98,263,0,0,0,37,54,0,0,0,2,1,13,0
1212-3,1,18,monjes,81,81,1,95,265,0,0,0,37,54,0,0,0,2,1,3,0
1212-3,1,19,monjes,82,85,1,100,265,0,0,0,37,56,0,0,0,2,1,3,0
1212-3,1,20,monjes,82,89,1,98,265,0,0,0,37,56,0,0,0,2,1,3,0
1212-3,1,21,monjes,83,90,1,97,251,0,0,0,37,56,0,0,0,2,1,13,0
1212-3,1,22,monjes,91,90,1,97,251,0,0,0,37,57,0,0,0,2,1,3,0
1212-3,1,23,monjes,91,90,1,96,236,0,0,0,22,42,0,0,0,2,1,3,0
1212-3,1,24,monjes,91,90,1,88,222,0,0,0,22,36,0,0,0,2,1,3,0
1212-3,1,25,monjes,91,90,1,94,199,0,0,0,22,36,0,0,0,2,1,8,0
1212-3,1,26,monjes,99,90,1,116,178,0,0,0,22,36,0,0,0,2,1,7,0
1212-3,1,27,monjes,99,90,1,79,171,0,0,0,22,36,0,0,0,2,1,2,0
1212-3,1,28,monjes,99,90,1,96,165,0,0,0,22,36,0,0,0,2,1,2,0
1212-3,1,29,monjes,99,90,1,80,159,0,0,0,30,44,0,0,0,2,1,7,0
1212-3,1,30,monjes,99,90,1,86,149,0,0,0,30,50,0,0,0,2,1,7,0
1212-3,1,31,monjes,106,89,1,89,141,0,0,0,30,50,0,0,0,2,1,5,0
1212-3,1,32,monjes,107,90,1,91,144,0,0,0,30,49,0,0,0,2,1,2,0
1212-3,1,33,monjes,186,96,2,84,146,0,0,0,30,50,0,0,0,3,1,3,0
1212-3,1,34,monjes,186,97,2,75,135,0,0,0,30,50,0,0,0,3,1,8,0
1212-3,1,35,monjes,194,98,2,78,163,0,0,0,60,80,0,1,0,3,1,3,0
1212-3,1,36,monjes,194,99,2,70,213,0,0,0,78,98,0,0,0,3,1,2,0
1212-3,1,37,monjes,195,100,2,77,246,0,0,0,78,98,0,1,0,3,1,4,0
1212-3,1,38,monjes,195,101,2,97,274,0,0,0,72,95,0,0,0,3,1,3,0
1212-3,1,39,monjes,195,102,2,100,301,0,0,0,73,96,0,1,0,3,1,4,0
1212-3,1,40,monjes,195,103,2,82,331,0,0,0,75,98,0,0,0,3,1,3,0
1212-3,1,41,monjes,195,103,2,109,320,0,0,0,47,70,0,1,0,3,1,12,0
1212-3,1,42,monjes,195,100,2,86,309,0,0,0,43,64,0,0,0,3,1,4,0
1212-3,1,43,monjes,284,107,3,105,294,0,0,0,45,67,0,0,0,4,1,9,0
1212-3,1,44,monjes,284,109,3,87,295,0,0,0,45,67,0,0,0,4,1,5,0
1212-3,1,45,monjes,293,111,3,100,293,0,0,0,57,79,0,1,0,4,1,9,0
1212-3,1,46,monjes,292,108,3,91,314,0,0,0,73,95,0,0,0,4,1,6,0
1212-3,1,47,monjes,293,110,3,94,309,0,0,0,42,65,0,0,0,4,1,3,0
1212-3,1,48,monjes,293,112,3,48,267,0,0,0,43,60,0,0,0,4,1,4,0
1212-3,1,49,monjes,303,120,4,105,293,0,0,0,47,64,0,0,0,4,1,9,0
1212-3,1,50,monjes,311,123,4,85,277,0,0,0,48,65,0,1,0,4,1,9,0
1212-3,1,51,monjes,311,121,4,86,266,0,0,0,46,65,0,0,0,4,1,6,0
1212-3,1,52,monjes,311,124,4,85,264,0,0,0,47,66,0,0,0,4,1,3,0
1212-3,1,53,monjes,312,127,4,86,264,0,0,0,61,83,0,0,0,4,1,8,0
1212-3,1,54,monjes,322,136,5,93,265,0,0,0,63,92,0,0,0,4,1,9,0
1212-3,1,55,monjes,331,140,5,76,278,0,0,0,65,94,0,0,0,4,1,4,0
1212-3,1,56,monjes,330,139,5,60,240,0,0,0,66,95,0,1,0,4,1,8,0
1212-3,1,57,monjes,331,143,5,73,256,0,0,0,71,101,0,0,0,4,1,2,0
1212-3,1,58,monjes,341,153,6,115,312,0,0,0,73,103,0,1,0,4,1,5,0
1212-3,1,59,monjes,342,158,6,64,354,0,0,0,140,172,0,0,0,4,1,5,0
1212-3,1,60,monjes,343,163,6,87,428,0,0,0,141,173,0,0,0,4,1,2,0
1212-3,1,61,monjes,359,204,7,87,499,0,0,0,142,174,0,1,0,4,1,4,0
1212-3,1,62,monjes,361,210,7,40,522,0,0,0,144,182,0,0,0,4,1,6,0
1212-3,1,63,monjes,362,216,7,62,579,0,0,0,145,186,0,1,0,4,1,2,0
1212-3,1,64,monjes,377,253,8,71,634,0,0,0,145,186,0,0,0,4,1,2,0
1212-3,1,65,monjes,379,260,8,85,607,0,0,0,93,140,0,1,0,4,1,16,0
1212-3,1,66,monjes,380,268,8,80,615,0,0,0,106,152,0,0,0,4,1,3,0
1212-3,1,67,monjes,390,276,8,85,619,0,0,0,107,153,0,1,0,4,1,4,0
1212-3,1,68,monjes,391,284,8,77,623,0,0,0,107,157,0,0,0,4,1,3,0
1212-3,1,69,monjes,393,292,8,92,623,0,0,0,108,159,0,1,0,4,1,4,0
1212-3,1,70,monjes,395,300,8,76,614,0,0,0,121,172,0,0,0,4,1,13,0
1212-3,1,71,monjes,395,303,8,96,577,0,0,0,79,132,0,0,0,4,1,7,0
1212-3,1,72,monjes,404,307,8,88,546,0,0,0,78,125,0,1,0,4,1,4,0
1212-3,1,73,monjes,413,312,9,91,518,0,0,0,79,130,0,1,0,4,1,5,0
1212-3,1,74,monjes,413,312,9,58,478,0,0,0,79,126,0,0,0,4,1,10,0
1212-3,1,75,monjes,413,312,9,59,442,0,0,0,79,126,0,1,0,4,1,2,0
1212-3,1,76,monjes,413,312,9,54,402,0,0,0,79,126,0,1,0,4,1,8,0
1212-3,1,77,monjes,415,322,9,55,394,0,0,0,102,148,0,1,0,4,1,2,0
1212-3,1,78,monjes,417,333,9,67,397,0,0,0,113,169,0,2,0,4,1,2,0
1212-3,1,79,monjes,427,344,9,84,421,0,0,0,135,192,0,1,0,4,1,4,0
1212-3,1,80,monjes,430,355,9,67,443,0,0,0,132,190,0,0,0,4,1,4,0
1212-3,1,81,monjes,431,364,9,85,460,0,0,0,134,194,0,1,0,4,1,4,0
1212-3,1,82,monjes,433,373,9,87,479,0,0,0,145,208,0,0,0,4,1,9,0
1212-3,1,83,monjes,443,382,9,90,623,0,0,0,269,334,0,0,0,4,1,4,0
1212-3,1,84,monjes,445,391,9,88,762,0,0,0,271,337,0,0,0,4,1,3,0
1212-3,1,85,monjes,447,400,9,97,895,0,0,0,275,341,0,0,0,4,1,3,0
1212-3,1,86,monjes,448,409,9,95,1021,0,0,0,277,344,0,1,0,4,1,4,0
1212-3,1,87,monjes,450,419,9,80,1144,0,0,0,279,347,0,0,0,4,1,3,0
1212-3,1,88,monjes,453,431,9,93,1259,0,0,0,281,353,0,1,0,4,1,3,0
1212-3,1,89,monjes,455,443,9,98,1260,0,0,0,184,255,0,0,0,4,1,13,0
1212-3,1,90,monjes,458,455,9,88,1273,0,0,0,185,256,0,1,0,4,1,4,0
1212-3,1,91,monjes,468,467,9,104,1283,0,0,0,186,258,0,1,0,4,1,3,0
1212-3,1,92,monjes,470,479,9,101,1303,0,0,0,196,271,0,0,0,4,1,3,0
1212-3,1,93,monjes,473,491,9,90,1310,0,0,0,197,274,0,0,0,4,1,8,0
1212-3,1,94,monjes,476,505,9,102,1322,0,0,0,198,279,0,1,0,4,1,5,0
1212-3,1,95,monjes,479,520,9,105,1274,0,0,0,137,226,0,0,0,4,1,4,0
1212-3,1,96,monjes,480,527,9,105,1222,0,0,0,139,222,0,0,0,4,1,6,0
1212-3,1,97,monjes,482,535,9,116,1171,0,0,0,135,218,0,0,0,4,1,4,0
1212-3,1,98,monjes,493,551,10,89,1100,0,0,0,139,226,0,1,0,4,1,10,0
1212-3,1,99,monjes,493,551,10,95,1034,0,0,0,139,226,0,0,0,4,1,9,0
1212-3,1,100,monjes,493,551,10,100,976,0,0,0,139,226,0,1,0,4,1,4,0
1212-3,1,101,monjes,496,568,10,96,962,0,0,0,171,258,0,1,0,4,1,3,0
1212-3,1,102,monjes,500,589,10,95,953,0,0,0,181,276,0,1,0,4,1,5,0
1212-3,1,103,monjes,513,611,10,112,941,0,0,0,183,279,0,1,0,4,1,3,0
1212-3,1,104,monjes,518,635,10,111,933,0,0,0,189,288,0,0,0,4,1,3,0
1212-3,1,105,monjes,522,659,10,130,918,0,0,0,189,292,0,1,0,4,1,5,0
1212-3,1,106,monjes,527,681,10,124,898,0,0,0,185,293,0,0,0,4,1,5,0
1212-3,1,107,monjes,530,696,10,120,1005,0,1,0,323,434,0,0,0,4,1,5,0
1212-3,1,108,monjes,532,708,10,118,1104,0,2,0,325,438,0,1,0,4,1,6,0
1212-3,1,109,monjes,535,722,10,116,1190,0,1,0,326,445,0,0,0,4,1,10,0
1212-3,1,110,monjes,538,737,10,142,1277,0,1,0,328,448,0,1,0,4,1,3,0
1212-3,1,111,monjes,540,749,10,142,1357,0,1,0,327,446,0,1,0,4,1,5,0
1212-3,1,112,monjes,542,759,10,144,1426,0,1,0,328,449,0,0,0,4,1,9,0
1212-3,1,113,monjes,551,764,10,142,1391,0,2,0,224,345,0,1,0,4,1,6,0
1212-3,1,114,monjes,554,775,10,143,1355,0,2,0,220,343,0,0,0,4,1,3,0
1212-3,1,115,monjes,557,791,10,156,1322,0,2,0,220,346,0,1,0,4,1,3,0
1212-3,1,116,monjes,560,807,10,167,1291,0,2,0,222,348,0,0,0,4,1,3,0
1212-3,1,117,monjes,573,834,11,179,1244,0,2,0,223,351,0,1,0,4,1,11,0
1212-3,1,118,monjes,578,858,11,151,1205,0,2,0,224,356,0,1,0,4,1,6,0
1212-3,1,119,monjes,578,858,11,176,1104,0,2,0,159,291,0,0,0,4,1,5,0
1212-3,1,120,monjes,579,862,11,205,1003,0,2,0,159,285,0,1,0,4,1,6,0
1212-3,1,121,monjes,578,858,11,206,906,0,2,0,165,292,0,1,0,4,1,6,0
1212-3,1,122,monjes,578,858,11,167,810,0,2,0,165,292,0,0,0,4,1,9,0
1212-3,1,123,monjes,578,858,11,188,732,0,2,0,165,292,0,0,0,4,1,5,0
1212-3,1,124,monjes,578,858,11,209,657,0,2,0,165,292,0,1,0,4,1,5,0
1212-3,1,125,monjes,586,858,11,230,617,0,2,0,197,325,0,0,0,4,1,4,0
1212-3,1,126,monjes,586,858,11,206,577,0,2,0,197,330,0,1,0,4,1,5,0
1212-3,1,127,monjes,586,858,11,217,541,0,2,0,197,330,0,0,0,4,1,5,0
1212-3,1,128,monjes,586,858,11,243,496,0,2,0,197,330,0,1,0,4,1,9,0
1212-3,1,129,monjes,594,858,11,269,463,0,2,0,197,330,0,0,0,4,1,4,0
1212-3,1,130,monjes,594,858,11,244,431,0,2,0,197,330,0,0,0,4,1,4,0
1212-3,1,131,monjes,600,886,11,269,536,0,2,0,338,471,0,0,0,4,1,5,0
1212-3,1,132,monjes,605,910,11,287,626,0,0,0,340,478,0,0,0,4,1,10,0
1212-3,1,133,monjes,617,931,11,270,712,0,0,0,343,487,0,1,0,4,1,6,0
1212-3,1,134,monjes,621,953,11,204,793,0,2,0,349,496,0,1,0,4,1,6,0
1212-3,1,135,monjes,625,973,11,280,887,0,2,0,371,519,0,1,0,4,1,5,0
1212-3,1,136,monjes,629,993,11,311,992,0,1,0,401,553,0,1,0,4,1,10,0
1212-3,1,137,monjes,633,1013,11,344,983,0,1,0,279,432,0,1,0,4,1,5,0
1212-3,1,138,monjes,644,1028,11,342,986,0,1,0,296,452,0,1,0,4,1,5,0
1212-3,1,139,monjes,645,1034,11,363,957,0,1,0,313,473,0,0,0,4,1,8,0
1212-3,1,140,monjes,647,1043,11,364,973,0,1,0,311,471,0,0,0,4,1,5,0
1212-3,1,141,monjes,666,1095,12,417,988,0,1,0,313,475,0,0,0,4,1,5,0
1212-3,1,142,monjes,668,1107,12,455,984,0,1,0,316,486,0,0,0,4,1,11,0
1212-3,1,143,monjes,668,1107,12,447,886,0,1,0,217,386,0,0,0,4,1,6,0
1212-3,1,144,monjes,676,1107,12,493,793,0,1,0,217,380,0,1,0,4,1,6,0
1212-3,1,145,monjes,676,1107,12,539,713,0,1,0,224,387,0,1,0,4,1,4,0
1212-3,1,146,monjes,676,1107,12,570,636,0,1,0,224,391,0,0,0,4,1,5,0
1212-3,1,147,monjes,676,1107,12,566,548,0,1,0,224,391,0,1,0,4,1,10,0
1212-3,1,148,monjes,676,1107,12,612,477,0,1,0,224,391,0,1,0,4,1,5,0
1212-3,1,149,monjes,685,1114,12,643,467,0,1,0,286,453,0,0,0,4,1,5,0
1212-3,1,150,monjes,687,1122,12,684,454,0,2,0,288,463,0,1,0,4,1,5,0
1212-3,1,151,monjes,689,1130,12,689,445,0,3,0,289,464,0,0,0,4,1,5,0
1212-3,1,152,monjes,689,1130,12,744,406,0,3,0,257,433,0,0,0,4,1,5,0
1212-3,1,153,monjes,689,1130,12,799,369,0,3,0,257,433,0,0,0,4,1,4,0
1212-3,1,154,monjes,689,1130,12,854,333,0,3,0,257,433,0,0,0,4,1,4,0
1212-3,1,155,monjes,690,1136,12,859,455,0,3,0,420,596,0,0,0,4,1,4,0
1212-3,1,156,monjes,691,1141,12,915,571,0,3,0,421,599,0,0,0,4,1,5,0
1212-3,1,157,monjes,692,1146,12,971,684,0,3,0,423,601,0,0,0,4,1,4,0
1212-3,1,158,monjes,693,1151,12,1028,781,0,2,0,423,602,0,0,0,4,1,9,0
1212-3,1,159,monjes,702,1156,12,1036,884,0,2,0,424,604,0,0,0,4,1,4,0
1212-3,1,160,monjes,703,1161,12,1094,982,0,2,0,425,605,0,0,0,4,1,5,0
1212-3,1,161,monjes,704,1167,12,1154,968,0,2,0,313,495,0,0,0,4,1,4,0
1212-3,1,162,monjes,705,1174,12,1216,954,0,2,0,314,498,0,0,0,4,1,4,0
1212-3,1,163,monjes,707,1181,12,1228,928,0,2,0,315,499,0,0,0,4,1,9,0
1212-3,1,164,monjes,708,1188,12,1290,914,0,2,0,316,500,0,0,0,4,1,5,0
1212-3,1,165,monjes,718,1195,12,1353,899,0,2,0,316,502,0,0,0,4,1,4,0
1212-3,1,166,monjes,719,1202,12,1417,884,0,2,0,317,504,0,0,0,4,1,4,0
1212-3,1,167,monjes,719,1202,12,1432,768,0,2,0,213,401,0,0,0,4,1,4,0
1212-3,1,168,monjes,719,1202,12,1491,657,0,2,0,213,395,0,0,0,4,1,5,0
1212-3,1,169,monjes,719,1202,12,1520,512,0,2,0,213,395,0,0,0,4,1,5,0
1212-3,1,170,monjes,719,1202,12,1579,411,0,2,0,213,395,0,0,0,4,1,4,0
1212-3,1,171,monjes,737,1252,13,1500,314,0,2,0,213,395,0,0,0,4,1,4,0
1212-3,1,172,monjes,738,1256,13,1548,211,0,2,0,213,404,0,0,0,4,1,8,0
1212-3,1,173,monjes,738,1256,13,1589,162,0,2,0,269,458,0,0,0,4,1,4,0
1212-3,1,174,monjes,738,1256,13,1637,119,0,0,0,269,464,0,1,0,4,1,3,0
1212-3,1,175,monjes,738,1256,13,1590,89,0,0,0,280,475,0,0,0,4,1,4,0
1212-3,1,176,monjes,738,1256,13,1590,57,0,2,0,280,475,0,0,0,4,1,5,0
1212-3,1,177,monjes,737,1256,13,1630,44,0,4,0,280,475,1,0,0,4,1,3,0
1212-3,1,178,monjes,737,1256,13,1679,55,0,3,0,320,515,0,0,0,4,1,3,0
1212-3,1,179,monjes,739,1266,13,1673,310,0,3,0,574,769,0,0,0,4,1,3,0
1212-3,1,180,monjes,741,1276,13,1728,549,0,3,0,574,769,0,0,0,4,1,5,0
1212-3,1,181,monjes,743,1286,13,1792,773,0,3,0,574,770,0,0,0,4,1,4,0
1212-3,1,182,monjes,745,1295,13,1832,977,0,3,0,574,770,0,0,0,4,1,5,0
1212-3,1,183,monjes,746,1301,13,1845,1165,0,1,0,574,773,0,0,0,4,1,9,0
1212-3,1,184,monjes,747,1305,13,1894,1283,0,1,0,497,697,0,0,0,4,1,6,0
1212-3,1,185,monjes,755,1309,13,1952,1258,0,2,0,355,555,0,0,0,4,1,5,0
1212-3,1,186,monjes,756,1314,13,2017,1234,0,2,0,355,557,0,1,0,4,1,4,0
1212-3,1,187,monjes,757,1319,13,2034,1225,0,2,0,369,572,0,0,0,4,1,4,0
1212-3,1,188,monjes,758,1324,13,2075,1163,0,2,0,369,572,0,0,0,4,1,13,0
1212-3,1,189,monjes,767,1329,13,2092,1154,0,2,0,369,572,0,0,0,4,1,5,0
1212-3,1,190,monjes,786,1382,14,2161,1145,0,2,0,369,574,0,0,0,4,1,5,0
1212-3,1,191,monjes,786,1382,14,2220,988,0,2,0,230,443,0,0,0,4,1,6,0
1212-3,1,192,monjes,787,1386,14,2235,827,0,2,0,230,435,0,0,0,4,1,11,0
1212-3,1,193,monjes,787,1386,14,2250,682,0,2,0,230,436,0,1,0,4,1,5,0
1212-3,1,194,monjes,795,1386,14,2316,550,0,2,0,236,442,0,0,0,4,1,5,0
1212-3,1,195,monjes,795,1386,14,2382,424,0,2,0,236,442,0,0,0,4,1,4,0
1212-3,1,196,monjes,795,1386,14,2448,303,0,2,0,236,442,0,0,0,4,1,4,0
1212-3,1,197,monjes,795,1386,14,2432,209,0,2,0,300,506,0,0,0,4,1,5,0
1212-3,1,198,monjes,795,1386,14,2491,161,0,2,0,300,512,0,0,0,4,1,4,0
1212-3,1,199,monjes,817,1456,15,2546,119,0,0,0,300,512,0,0,0,4,1,3,0
1212-3,1,200,monjes,817,1456,15,2546,60,0,0,0,300,524,0,0,0,4,1,6,0
1212-3,1,1,salineros,27,58,1,23,72,0,13,0,17,36,0,0,0,0,1,4,0
1212-3,1,2,salineros,27,56,1,4,63,0,16,0,17,29,0,0,0,0,1,2,0
1212-3,1,3,salineros,27,58,1,5,54,0,19,0,17,29,0,0,0,0,1,5,0
1212-3,1,4,salineros,46,60,1,6,55,0,22,0,17,29,0,0,0,1,1,0,1
1212-3,1,5,salineros,46,60,1,8,55,0,25,0,17,30,0,1,0,1,1,0,1
1212-3,1,6,salineros,46,60,1,16,57,0,36,0,17,44,0,0,0,1,1,0,1
1212-3,1,7,salineros,46,60,1,4,59,0,46,0,17,43,0,0,0,1,1,0,1
1212-3,1,8,salineros,46,60,1,12,51,0,56,0,17,43,0,0,0,1,1,6,0
1212-3,1,9,salineros,54,60,1,20,51,0,66,0,17,43,0,1,0,1,1,0,1
1212-3,1,10,salineros,53,58,1,16,43,0,66,0,17,50,0,0,0,1,1,4,0
1212-3,1,11,salineros,54,60,1,146,54,0,65,0,25,56,0,0,0,1,1,2,0
1212-3,1,12,salineros,53,58,1,214,48,0,69,0,25,58,0,0,0,1,1,10,0
1212-3,1,13,salineros,62,60,1,239,63,0,74,0,25,55,0,0,0,1,1,4,0
1212-3,1,14,salineros,62,60,1,265,77,0,79,0,25,57,0,0,0,1,1,4,0
1212-3,1,15,salineros,77,60,1,290,91,0,84,0,25,57,0,0,0,2,1,4,0
1212-3,1,16,salineros,77,60,1,306,98,0,87,0,25,57,0,0,0,2,1,8,0
1212-3,1,17,salineros,85,60,1,324,104,0,90,0,21,52,0,0,0,2,1,3,0
1212-3,1,18,salineros,85,60,1,342,110,0,93,0,21,52,0,0,0,2,1,3,0
1212-3,1,19,salineros,85,60,1,358,116,0,96,0,21,52,0,0,0,2,1,3,0
1212-3,1,20,salineros,85,60,1,374,110,0,98,0,21,51,0,0,0,2,1,8,0
1212-3,1,21,salineros,85,60,1,389,116,0,100,0,21,51,0,0,0,2,1,3,0
1212-3,1,22,salineros,85,60,1,408,122,0,102,0,21,51,0,0,0,2,1,3,0
1212-3,1,23,salineros,93,60,1,431,124,0,103,0,17,46,0,0,0,2,1,3,0
1212-3,1,24,salineros,93,60,1,397,112,0,104,0,17,40,0,0,0,2,1,9,0
1212-3,1,25,salineros,93,60,1,412,114,0,105,0,17,40,0,0,0,2,1,4,0
1212-3,1,26,salineros,93,60,1,425,116,0,106,0,17,40,0,0,0,2,1,3,0
1212-3,1,27,salineros,93,60,1,437,106,0,106,0,17,39,0,0,0,2,1,8,0
1212-3,1,28,salineros,93,60,1,398,98,0,106,0,17,39,0,0,0,2,1,8,0
1212-3,1,29,salineros,101,60,1,408,102,0,106,0,19,41,0,0,0,2,1,4,0
1212-3,1,30,salineros,101,60,1,423,106,0,105,0,19,46,0,0,0,2,1,3,0
1212-3,1,31,salineros,101,60,1,443,110,0,104,0,19,46,0,0,0,2,1,3,0
1212-3,1,32,salineros,101,60,1,412,114,0,103,0,19,46,0,0,0,2,1,3,0
1212-3,1,33,salineros,101,60,1,435,107,0,101,0,19,45,0,0,0,2,1,8,0
1212-3,1,34,salineros,101,60,1,456,111,0,99,0,19,45,0,0,0,2,1,3,0
1212-3,1,35,salineros,109,60,1,477,121,0,97,0,25,51,0,0,0,2,1,3,0
1212-3,1,36,salineros,109,60,1,496,131,0,95,0,25,51,0,0,0,2,1,3,0
1212-3,1,37,salineros,109,60,1,513,141,0,93,0,25,51,0,0,0,2,1,3,0
1212-3,1,38,salineros,109,60,1,530,151,0,90,0,25,51,0,0,0,2,1,3,0
1212-3,1,39,salineros,109,60,1,545,161,0,87,0,25,51,0,0,0,2,1,3,0
1212-3,1,40,salineros,109,60,1,585,168,0,84,0,25,51,0,0,0,2,1,4,0
1212-3,1,41,salineros,109,60,1,626,171,0,81,0,21,47,0,0,0,2,1,4,0
1212-3,1,42,salineros,109,64,1,675,179,0,78,0,21,47,0,0,0,2,1,5,0
1212-3,1,43,salineros,109,60,1,699,171,0,75,0,21,47,0,0,0,2,1,5,0
1212-3,1,44,salineros,109,60,1,742,161,0,72,0,21,47,0,0,0,2,1,9,0
1212-3,1,45,salineros,109,60,1,785,164,0,69,0,21,47,0,0,0,2,1,4,0
1212-3,1,46,salineros,109,60,1,826,167,0,66,0,21,47,0,0,0,2,1,4,0
1212-3,1,47,salineros,117,60,1,866,166,0,63,0,17,43,0,0,0,2,1,4,0
1212-3,1,48,salineros,117,60,1,870,113,0,61,0,17,37,0,0,0,2,1,10,0
1212-3,1,49,salineros,117,60,1,833,115,0,59,0,17,37,0,0,0,2,1,4,0
1212-3,1,50,salineros,155,110,2,843,117,0,57,0,17,37,0,0,0,3,1,4,0
1212-3,1,51,salineros,155,110,2,861,107,0,54,0,17,47,0,0,0,3,1,5,0
1212-3,1,52,salineros,155,110,2,880,99,0,53,0,17,47,0,0,0,3,1,5,0
1212-3,1,53,salineros,155,110,2,904,91,0,52,0,19,49,0,1,0,3,1,5,0
1212-3,1,54,salineros,155,110,2,918,93,0,51,0,27,63,0,1,0,3,1,4,0
1212-3,1,55,salineros,156,116,2,956,103,0,50,0,35,71,0,1,0,3,1,5,0
1212-3,1,56,salineros,155,114,2,913,109,0,48,0,41,77,0,0,0,3,1,7,0
1212-3,1,57,salineros,156,116,2,939,113,0,46,0,41,77,0,0,0,3,1,10,0
1212-3,1,58,salineros,156,118,2,965,129,0,44,0,41,77,0,0,0,3,1,4,0
1212-3,1,59,salineros,165,120,2,990,167,0,41,0,63,99,0,0,0,3,1,4,0
1212-3,1,60,salineros,165,120,2,980,201,0,38,0,63,101,0,0,0,3,1,5,0
1212-3,1,61,salineros,165,120,2,1023,232,0,34,0,63,101,0,0,0,3,1,4,0
1212-3,1,62,salineros,165,120,2,1036,212,0,28,0,63,101,0,0,0,3,1,10,0
1212-3,1,63,salineros,165,120,2,1034,242,0,24,0,63,101,0,0,0,3,1,5,0
1212-3,1,64,salineros,213,172,3,1084,272,0,19,0,63,101,0,0,0,4,1,5,0
1212-3,1,65,salineros,213,174,3,1126,273,0,14,0,47,95,0,0,0,4,1,6,0
1212-3,1,66,salineros,214,176,3,1132,236,0,13,0,51,99,0,1,0,4,1,5,0
1212-3,1,67,salineros,215,182,3,1100,255,0,11,0,61,109,0,0,0,4,1,6,0
1212-3,1,68,salineros,234,237,4,1086,262,0,9,0,61,109,0,0,0,4,1,7,0
1212-3,1,69,salineros,234,239,4,1087,254,0,7,0,61,121,0,0,0,4,1,10,0
1212-3,1,70,salineros,234,239,4,1088,255,0,5,0,61,121,0,1,0,4,1,5,0
1212-3,1,71,salineros,242,239,4,1084,244,0,4,0,49,109,0,0,0,4,1,5,0
1212-3,1,72,salineros,242,239,4,1059,191,0,4,0,49,103,0,1,0,4,1,6,0
1212-3,1,73,salineros,242,239,4,1034,145,0,5,0,54,108,0,1,0,4,1,5,0
1212-3,1,74,salineros,261,294,5,995,108,0,6,0,58,112,0,0,0,4,1,4,0
1212-3,1,75,salineros,283,364,6,923,100,0,8,0,58,122,0,0,0,4,1,5,0
1212-3,1,76,salineros,311,464,7,905,72,0,10,0,58,136,0,0,0,4,1,4,0
1212-3,1,77,salineros,311,464,7,885,31,0,13,0,72,170,0,1,0,4,1,5,0
1212-3,1,78,salineros,310,464,7,894,7,0,17,0,80,184,1,3,0,4,1,4,0
1212-3,1,79,salineros,309,464,7,907,7,0,21,0,92,196,1,0,0,4,1,3,0
1212-3,1,80,salineros,307,458,7,942,8,0,22,0,92,196,1,0,0,4,1,5,0
1212-3,1,81,salineros,304,449,7,991,4,0,23,0,92,188,1,0,0,4,1,5,0
1212-3,1,82,salineros,302,441,7,1034,4,0,24,0,80,169,1,0,0,4,1,5,0
1212-3,1,83,salineros,302,441,7,1052,26,0,24,0,128,210,0,0,0,4,1,5,0
1212-3,1,84,salineros,303,449,7,1074,46,0,24,0,128,203,0,1,0,4,1,6,0
1212-3,1,85,salineros,305,455,7,1080,77,0,21,0,141,204,0,1,0,4,1,6,0
1212-3,1,86,salineros,305,457,7,1085,126,0,17,0,160,219,0,1,0,4,1,6,0
1212-3,1,87,salineros,305,459,7,1071,183,0,15,0,169,220,0,1,0,4,1,4,0
1212-3,1,88,salineros,305,459,7,1036,250,0,12,0,179,231,0,1,0,4,1,5,0
1212-3,1,89,salineros,305,457,7,998,264,0,8,0,139,191,0,1,0,4,1,6,0
1212-3,1,90,salineros,305,458,7,972,292,0,1,0,156,206,0,1,0,4,1,13,0
1212-3,1,91,salineros,305,458,7,953,293,0,2,0,121,173,0,0,0,4,1,5,0
1212-3,1,92,salineros,313,458,7,933,321,0,7,0,142,194,0,0,0,4,1,5,0
1212-3,1,93,salineros,313,458,7,863,387,0,8,0,180,232,0,0,0,4,1,6,0
1212-3,1,94,salineros,313,458,7,843,455,0,9,0,182,234,0,0,0,4,1,7,0
1212-3,1,95,salineros,313,458,7,827,482,0,10,0,141,197,0,0,0,4,1,6,0
1212-3,1,96,salineros,313,458,7,809,497,0,11,0,142,196,0,0,0,4,1,11,0
1212-3,1,97,salineros,313,458,7,745,525,0,1,0,142,200,0,0,0,4,1,6,0
1212-3,1,98,salineros,321,458,7,737,502,0,8,0,91,155,0,0,0,4,1,7,0
1212-3,1,99,salineros,321,458,7,733,530,0,9,0,142,210,0,0,0,4,1,6,0
1212-3,1,100,salineros,321,458,7,733,558,0,10,0,142,214,0,0,0,4,1,5,0
1212-3,1,101,salineros,321,458,7,683,606,0,11,0,162,234,0,0,0,4,1,5,0
1212-3,1,102,salineros,321,458,7,689,643,0,12,0,162,240,0,0,0,4,1,11,0
1212-3,1,103,salineros,321,458,7,710,691,0,13,0,162,240,0,0,0,4,1,4,0
1212-3,1,104,salineros,329,458,7,718,740,0,13,0,162,240,0,0,0,4,1,3,0
1212-3,1,105,salineros,329,458,7,677,778,0,12,0,162,240,0,0,0,4,1,8,0
1212-3,1,106,salineros,329,458,7,661,779,0,12,0,162,240,0,0,0,4,1,4,0
1212-3,1,107,salineros,329,458,7,674,904,0,12,0,242,320,0,0,0,4,1,4,0
1212-3,1,108,salineros,357,558,8,687,1029,0,12,0,242,320,0,0,0,4,1,3,0
1212-3,1,109,salineros,357,558,8,698,1126,0,11,0,242,340,0,0,0,4,1,4,0
1212-3,1,110,salineros,357,558,8,706,1224,0,11,0,242,340,0,1,0,4,1,5,0
1212-3,1,111,salineros,357,558,8,668,1348,0,12,0,266,364,0,0,0,4,1,5,0
1212-3,1,112,salineros,358,562,8,670,1435,0,13,0,266,364,0,0,0,4,1,5,0
1212-3,1,113,salineros,358,560,8,619,1481,0,13,0,199,297,0,0,0,4,1,5,0
1212-3,1,114,salineros,376,614,9,636,1524,0,13,0,199,295,0,0,0,4,1,9,0
1212-3,1,115,salineros,377,616,9,641,1567,0,13,0,199,307,0,0,0,4,1,4,0
1212-3,1,116,salineros,377,618,9,611,1607,0,13,0,199,307,0,1,0,4,1,5,0
1212-3,1,117,salineros,378,620,9,630,1658,0,13,0,208,316,0,0,0,4,1,4,0
1212-3,1,118,salineros,378,622,9,649,1708,0,13,0,208,316,0,0,0,4,1,3,0
1212-3,1,119,salineros,386,622,9,669,1706,0,13,0,156,266,0,0,0,4,1,3,0
1212-3,1,120,salineros,386,622,9,632,1704,0,13,0,156,260,0,0,0,4,1,3,0
1212-3,1,121,salineros,386,622,9,645,1702,0,13,0,156,260,0,0,0,4,1,4,0
1212-3,1,122,salineros,386,622,9,657,1700,0,13,0,156,260,0,0,0,4,1,3,0
1212-3,1,123,salineros,386,622,9,669,1698,0,13,0,156,260,0,0,0,4,1,3,0
1212-3,1,124,salineros,386,622,9,631,1696,0,13,0,156,260,0,0,0,4,1,3,0
1212-3,1,125,salineros,386,622,9,618,1679,0,13,0,181,285,0,0,0,4,1,4,0
1212-3,1,126,salineros,386,622,9,641,1702,0,13,0,181,291,0,0,0,4,1,4,0
1212-3,1,127,salineros,411,707,10,662,1725,0,13,0,181,291,0,0,0,4,1,3,0
1212-3,1,128,salineros,412,711,10,655,1688,0,13,0,181,307,0,0,0,4,1,7,0
1212-3,1,129,salineros,411,709,10,608,1677,0,14,0,181,308,0,1,0,4,1,6,0
1212-3,1,130,salineros,427,747,11,628,1674,0,14,0,188,313,0,0,0,4,1,9,0
1212-3,1,131,salineros,427,748,11,629,1779,0,15,0,294,427,0,0,0,4,1,5,0
1212-3,1,132,salineros,427,749,11,636,1881,0,16,0,294,419,0,1,0,4,1,3,0
1212-3,1,133,salineros,428,750,11,642,1993,0,17,0,302,427,0,0,0,4,1,3,0
1212-3,1,134,salineros,428,751,11,653,2105,0,18,0,302,427,0,0,0,4,1,3,0
1212-3,1,135,salineros,428,753,11,686,2217,0,16,0,302,429,0,0,0,4,1,4,0
1212-3,1,136,salineros,429,755,11,728,2328,0,17,0,302,429,0,0,0,4,1,3,0
1212-3,1,137,salineros,437,757,11,759,2357,0,18,0,223,350,0,0,0,4,1,3,0
1212-3,1,138,salineros,437,759,11,725,2388,0,16,0,223,350,0,0,0,4,1,5,0
1212-3,1,139,salineros,438,761,11,739,2419,0,17,0,223,350,0,0,0,4,1,4,0
1212-3,1,140,salineros,438,763,11,724,2449,0,18,0,223,352,0,0,0,4,1,5,0
1212-3,1,141,salineros,439,768,11,761,2477,0,16,0,223,356,0,1,0,4,1,4,0
1212-3,1,142,salineros,441,776,11,758,2503,0,17,0,223,356,0,1,0,4,1,3,0
1212-3,1,143,salineros,441,776,11,775,2471,0,18,0,165,298,0,0,0,4,1,4,0
1212-3,1,144,salineros,441,776,11,806,2439,0,16,0,165,292,0,0,0,4,1,5,0
1212-3,1,145,salineros,441,776,11,838,2407,0,17,0,165,281,0,0,0,4,1,3,0
1212-3,1,146,salineros,441,776,11,790,2375,0,18,0,165,281,0,0,0,4,1,3,0
1212-3,1,147,salineros,441,776,11,812,2343,0,16,0,165,281,0,0,0,4,1,5,0
1212-3,1,148,salineros,442,780,11,823,2271,0,17,0,165,274,0,0,0,4,1,5,0
1212-3,1,149,salineros,441,776,11,834,2252,0,18,0,193,303,0,0,0,4,1,5,0
1212-3,1,150,salineros,463,846,12,796,2236,0,16,0,194,308,0,0,0,4,1,9,0
1212-3,1,151,salineros,463,846,12,744,2210,0,17,0,194,322,0,0,0,4,1,6,0
1212-3,1,152,salineros,463,846,12,751,2188,0,20,0,194,324,0,1,0,4,1,5,0
1212-3,1,153,salineros,471,846,12,779,2173,0,20,0,201,331,0,1,0,4,1,6,0
1212-3,1,154,salineros,471,846,12,841,2160,0,20,0,201,337,0,0,0,4,1,4,0
1212-3,1,155,salineros,473,859,12,851,2224,0,20,0,278,414,0,0,0,4,1,4,0
1212-3,1,156,salineros,476,872,12,862,2285,0,20,0,278,415,0,0,0,4,1,6,0
1212-3,1,157,salineros,478,881,12,931,2342,0,20,0,278,423,0,0,0,4,1,5,0
1212-3,1,158,salineros,480,890,12,999,2397,0,20,0,278,423,0,0,0,4,1,4,0
1212-3,1,159,salineros,481,899,12,1073,2450,0,20,0,278,424,0,0,0,4,1,4,0
1212-3,1,160,salineros,484,910,12,1100,2501,0,20,0,278,428,0,0,0,4,1,4,0
1212-3,1,161,salineros,487,925,12,1144,2508,0,19,0,234,384,0,0,0,4,1,6,0
1212-3,1,162,salineros,487,928,12,1166,2458,0,19,0,234,387,0,0,0,4,1,6,0
1212-3,1,163,salineros,488,934,12,1229,2444,0,19,0,234,386,0,0,0,4,1,10,0
1212-3,1,164,salineros,505,979,13,1294,2442,0,19,0,234,388,0,0,0,4,1,4,0
1212-3,1,165,salineros,505,979,13,1358,2427,0,19,0,234,396,0,1,0,4,1,5,0
1212-3,1,166,salineros,505,979,13,1380,2412,0,19,0,234,396,0,1,0,4,1,5,0
1212-3,1,167,salineros,505,979,13,1452,2340,0,19,0,175,337,0,0,0,4,1,5,0
1212-3,1,168,salineros,513,979,13,1511,2268,0,19,0,175,321,0,0,0,4,1,5,0
1212-3,1,169,salineros,513,979,13,1574,2186,0,19,0,165,311,0,0,0,4,1,4,0
1212-3,1,170,salineros,513,979,13,1586,2104,0,19,0,165,311,0,0,0,4,1,4,0
1212-3,1,171,salineros,513,979,13,1618,1982,0,19,0,165,311,0,0,0,4,1,5,0
1212-3,1,172,salineros,513,979,13,1679,1900,0,19,0,165,311,0,0,0,4,1,5,0
1212-3,1,173,salineros,527,1008,14,1749,1861,0,19,0,207,353,0,0,0,4,1,5,0
1212-3,1,174,salineros,526,1004,14,1775,1803,0,19,0,207,364,0,0,0,4,1,6,0
1212-3,1,175,salineros,526,1004,14,1778,1741,0,19,0,207,362,0,1,0,4,1,10,0
1212-3,1,176,salineros,526,1004,14,1830,1692,0,19,0,211,366,0,0,0,4,1,6,0
1212-3,1,177,salineros,526,1004,14,1887,1643,0,19,0,211,371,0,0,0,4,1,4,0
1212-3,1,178,salineros,534,1004,14,1943,1600,0,19,0,211,371,0,0,0,4,1,4,0
1212-3,1,179,salineros,536,1013,14,1954,1688,0,19,0,342,502,0,0,0,4,1,4,0
1212-3,1,180,salineros,538,1022,14,2013,1774,0,19,0,342,502,0,0,0,4,1,5,0
1212-3,1,181,salineros,540,1030,14,2096,1856,0,18,0,342,506,0,0,0,4,1,5,0
1212-3,1,182,salineros,541,1038,14,2151,1938,0,18,0,342,501,0,0,0,4,1,4,0
1212-3,1,183,salineros,543,1046,14,2118,1978,0,18,0,342,502,0,0,0,4,1,5,0
1212-3,1,184,salineros,545,1056,14,2194,2061,0,18,0,342,504,0,1,0,4,1,6,0
1212-3,1,185,salineros,562,1102,15,2238,2031,0,18,0,247,411,0,0,0,4,1,5,0
1212-3,1,186,salineros,562,1102,15,2282,1987,0,18,0,247,419,0,0,0,4,1,10,0
1212-3,1,187,salineros,562,1102,15,2286,1949,0,18,0,248,420,0,1,0,4,1,5,0
1212-3,1,188,salineros,562,1102,15,2339,1926,0,18,0,255,427,0,0,0,4,1,5,0
1212-3,1,189,salineros,570,1102,15,2397,1903,0,18,0,255,427,0,0,0,4,1,4,0
1212-3,1,190,salineros,570,1102,15,2454,1880,0,18,0,255,427,0,0,0,4,1,5,0
1212-3,1,191,salineros,570,1102,15,2464,1773,0,18,0,171,347,0,0,0,4,1,5,0
1212-3,1,192,salineros,570,1102,15,2519,1666,0,18,0,171,338,0,0,0,4,1,9,0
1212-3,1,193,salineros,570,1102,15,2573,1571,0,18,0,183,350,0,0,0,4,1,4,0
1212-3,1,194,salineros,570,1102,15,2629,1476,0,18,0,183,350,0,0,0,4,1,5,0
1212-3,1,195,salineros,570,1102,15,2647,1380,0,18,0,183,350,0,0,0,4,1,5,0
1212-3,1,196,salineros,570,1102,15,2691,1286,0,18,0,183,350,0,0,0,4,1,6,0
1212-3,1,197,salineros,570,1102,15,2736,1218,0,18,0,209,376,0,0,0,4,1,5,0
1212-3,1,198,salineros,571,1106,15,2784,1151,0,18,0,209,381,0,0,0,4,1,7,0
1212-3,1,199,salineros,570,1102,15,2765,1068,0,18,0,209,381,0,2,0,4,1,7,0
1212-3,1,200,salineros,570,1102,15,2788,953,0,0,0,217,389,0,1,0,4,1,13,0
1212,6,1,arrieros,27,56,1,36,69,0,0,0,12,24,0,0,0,0,1,6,0
1212,6,2,arrieros,27,56,1,37,63,0,0,0,12,17,0,0,0,0,,0,0
1212,6,3,arrieros,27,56,1,38,57,0,0,0,12,17,0,0,0,0,,0,0
1212,6,4,arrieros,27,56,1,39,51,0,0,0,12,17,0,0,0,0,,0,0
1212,6,5,arrieros,27,58,1,40,49,0,0,0,16,21,0,1,0,0,,0,0
1212,6,6,arrieros,28,60,1,54,49,0,0,0,16,34,0,0,0,0,,0,0
1212,6,7,arrieros,27,58,1,58,43,0,0,0,16,36,0,0,0,0,1,4,0
1212,6,8,arrieros,28,60,1,72,44,0,0,0,16,34,0,0,0,0,,0,0
1212,6,9,arrieros,28,60,1,88,44,0,0,0,16,36,0,0,0,0,,0,0
1212,6,10,arrieros,28,60,1,104,44,0,0,0,16,36,0,0,0,0,,0,0
1212,6,11,arrieros,28,60,1,120,59,0,0,0,32,52,0,0,0,0,,0,0
1212,6,12,arrieros,28,60,1,136,73,0,0,0,32,52,0,0,0,0,,0,0
1212,6,13,arrieros,27,58,1,93,81,0,0,0,32,52,0,0,0,0,1,7,0
1212,6,14,arrieros,43,60,1,98,105,0,0,0,32,50,0,0,0,1,,0,0
1212,6,15,arrieros,43,60,1,114,120,0,0,0,32,52,0,0,0,1,,0,0
1212,6,16,arrieros,43,60,1,130,132,0,0,0,32,52,0,0,0,1,,0,0
1212,6,17,arrieros,43,60,1,146,132,0,0,0,20,40,0,0,0,1,,0,0
1212,6,18,arrieros,43,60,1,162,132,0,0,0,20,40,0,0,0,1,,0,0
1212,6,19,arrieros,42,58,1,89,107,0,0,0,20,40,0,0,0,1,1,14,0
1212,6,20,arrieros,43,60,1,93,109,0,0,0,20,38,0,0,0,1,,0,0
1212,6,21,arrieros,61,60,1,109,108,0,0,0,20,40,0,1,0,2,,0,0
1212,6,22,arrieros,61,60,1,125,109,0,0,0,20,46,0,0,0,2,,0,0
1212,6,23,arrieros,61,60,1,141,102,0,0,0,12,38,0,0,0,2,,0,0
1212,6,24,arrieros,61,60,1,151,96,0,0,0,12,32,0,0,0,2,,0,0
1212,6,25,arrieros,60,56,1,88,65,0,0,0,12,32,0,0,0,2,1,16,0
1212,6,26,arrieros,60,56,1,97,61,0,0,0,12,31,0,0,0,2,,0,0
1212,6,27,arrieros,68,56,1,106,55,0,0,0,12,31,0,0,0,2,,0,0
1212,6,28,arrieros,68,56,1,115,32,0,0,0,12,31,0,1,0,2,,0,0
1212,6,29,arrieros,68,58,1,124,33,0,0,0,16,35,0,0,0,2,,0,0
1212,6,30,arrieros,69,60,1,138,34,0,0,0,16,40,0,0,0,2,,0,0
1212,6,31,arrieros,69,63,1,129,34,0,0,0,16,42,0,0,0,2,1,7,0
1212,6,32,arrieros,70,66,1,145,40,0,0,0,16,42,0,0,0,2,,0,0
1212,6,33,arrieros,70,66,1,161,22,0,0,0,16,42,0,0,0,2,,0,0
1212,6,34,arrieros,70,66,1,177,22,0,0,0,16,42,0,0,0,2,,0,0
1212,6,35,arrieros,78,69,1,193,37,0,0,0,32,58,0,0,0,2,,0,0
1212,6,36,arrieros,79,72,1,209,50,0,0,0,32,58,0,0,0,2,,0,0
1212,6,37,arrieros,79,71,1,191,56,0,0,0,32,60,0,0,0,2,1,14,0
1212,6,38,arrieros,79,74,1,166,75,0,0,0,32,60,0,0,0,2,,0,0
1212,6,39,arrieros,80,77,1,184,82,0,0,0,22,50,0,0,0,2,,0,0
1212,6,40,arrieros,81,80,1,202,82,0,0,0,22,50,0,0,0,2,,0,0
1212,6,41,arrieros,81,80,1,222,73,0,0,0,14,44,0,0,0,2,,0,0
1212,6,42,arrieros,81,80,1,242,65,0,0,0,14,44,0,0,0,2,,0,0
1212,6,43,arrieros,82,88,1,406,69,0,0,0,14,44,0,0,0,2,1,19,0
1212,6,44,arrieros,82,88,1,362,68,0,0,0,14,44,0,0,0,2,,0,0
1212,6,45,arrieros,82,88,1,336,73,0,0,0,20,50,0,0,0,2,,0,0
1212,6,46,arrieros,82,88,1,351,78,0,0,0,20,50,0,0,0,2,,0,0
1212,6,47,arrieros,82,88,1,371,67,0,0,0,12,42,0,0,0,2,,0,0
1212,6,48,arrieros,82,88,1,383,55,0,0,0,12,34,0,0,0,2,,0,0
1212,6,49,arrieros,81,84,1,492,37,0,0,0,11,33,0,0,0,2,1,23,0
1212,6,50,arrieros,81,84,1,440,35,0,0,0,11,33,0,0,0,2,,0,0
1212,6,51,arrieros,81,84,1,388,33,0,0,0,11,33,0,0,0,2,,0,0
1212,6,52,arrieros,81,84,1,336,32,0,0,0,11,33,0,0,0,2,,0,0
1212,6,53,arrieros,81,84,1,284,35,0,0,0,16,38,0,0,0,2,,0,0
1212,6,54,arrieros,81,84,1,304,38,0,0,0,16,46,0,0,0,2,,0,0
1212,6,55,arrieros,81,84,1,410,32,0,0,0,16,46,0,0,0,2,1,18,0
1212,6,56,arrieros,81,84,1,326,32,0,0,0,16,46,0,0,0,2,,0,0
1212,6,57,arrieros,81,84,1,311,32,0,0,0,16,46,0,0,0,2,,0,0
1212,6,58,arrieros,81,84,1,331,32,0,0,0,16,46,0,0,0,2,,0,0
1212,6,59,arrieros,82,88,1,351,42,0,0,0,32,62,0,0,0,2,,0,0
1212,6,60,arrieros,82,89,1,371,50,0,0,0,32,62,0,0,0,2,,0,0
1212,6,61,arrieros,82,89,1,577,58,0,0,0,32,62,0,0,0,2,1,19,0
1212,6,62,arrieros,82,89,1,494,72,0,0,0,32,62,0,0,0,2,,0,0
1212,6,63,arrieros,82,89,1,411,85,0,0,0,32,62,0,0,0,2,,0,0
1212,6,64,arrieros,82,89,1,431,98,0,0,0,32,62,0,0,0,2,,0,0
1212,6,65,arrieros,82,89,1,451,94,0,0,0,21,51,0,0,0,2,,0,0
1212,6,66,arrieros,82,89,1,471,90,0,0,0,21,51,0,0,0,2,,0,0
1212,6,67,arrieros,82,85,1,732,61,0,0,0,21,51,0,0,0,2,1,35,0
1212,6,68,arrieros,82,85,1,688,68,0,0,0,21,51,0,0,0,2,,0,0
1212,6,69,arrieros,90,85,1,644,75,0,0,0,21,51,0,0,0,2,,0,0
1212,6,70,arrieros,90,85,1,600,81,0,0,0,21,51,0,0,0,2,,0,0
1212,6,71,arrieros,90,85,1,556,78,0,0,0,11,41,0,0,0,2,,0,0
1212,6,72,arrieros,90,85,1,504,75,0,0,0,11,33,0,0,0,2,,0,0
1212,6,73,arrieros,90,85,1,624,54,0,0,0,12,34,0,0,0,2,1,29,0
1212,6,74,arrieros,90,85,1,572,53,0,0,0,12,34,0,0,0,2,,0,0
1212,6,75,arrieros,90,85,1,520,52,0,0,0,12,34,0,0,0,2,,0,0
1212,6,76,arrieros,90,85,1,468,34,0,0,0,12,34,0,0,0,2,,0,0
1212,6,77,arrieros,90,85,1,416,37,0,0,0,16,38,0,0,0,2,,0,0
1212,6,78,arrieros,98,85,1,372,40,0,0,0,16,46,0,0,0,2,,0,0
1212,6,79,arrieros,98,85,1,455,43,0,0,0,16,46,0,0,0,2,1,21,0
1212,6,80,arrieros,98,85,1,371,43,0,0,0,16,46,0,0,0,2,,0,0
1212,6,81,arrieros,98,85,1,287,43,0,0,0,16,46,0,0,0,2,,0,0
1212,6,82,arrieros,98,85,1,307,43,0,0,0,16,46,0,0,0,2,,0,0
1212,6,83,arrieros,98,89,1,327,52,0,0,0,32,62,0,0,0,2,,0,0
1212,6,84,arrieros,98,89,1,347,60,0,0,0,32,62,0,0,0,2,,0,0
1212,6,85,arrieros,98,89,1,655,68,0,0,0,32,62,0,0,0,2,1,21,0
1212,6,86,arrieros,98,89,1,572,81,0,0,0,32,62,0,0,0,2,,0,0
1212,6,87,arrieros,98,89,1,514,94,0,0,0,32,62,0,0,0,2,,0,0
1212,6,88,arrieros,98,89,1,534,106,0,0,0,32,62,0,0,0,2,,0,0
1212,6,89,arrieros,98,89,1,554,100,0,0,0,20,50,0,0,0,2,,0,0
1212,6,90,arrieros,98,89,1,574,95,0,0,0,20,50,0,0,0,2,,0,0
1212,6,91,arrieros,100,97,1,881,96,0,0,0,20,50,0,0,0,2,1,26,0
1212,6,92,arrieros,100,97,1,839,98,0,0,0,20,52,0,0,0,2,,0,0
1212,6,93,arrieros,100,97,1,797,100,0,0,0,20,52,0,0,0,2,,0,0
1212,6,94,arrieros,100,97,1,755,102,0,0,0,20,52,0,0,0,2,,0,0
1212,6,95,arrieros,100,97,1,713,96,0,0,0,12,44,0,0,0,2,,0,0
1212,6,96,arrieros,100,97,1,662,90,0,0,0,12,35,0,0,0,2,,0,0
1212,6,97,arrieros,99,93,1,769,79,0,0,0,12,35,0,0,0,2,1,25,0
1212,6,98,arrieros,99,93,1,718,75,0,0,0,12,35,0,0,0,2,,0,0
1212,6,99,arrieros,99,93,1,667,71,0,0,0,12,35,0,0,0,2,,0,0
1212,6,100,arrieros,99,93,1,616,67,0,0,0,12,35,0,0,0,2,,0,0
1212,6,101,arrieros,99,93,1,565,67,0,0,0,16,39,0,0,0,2,,0,0
1212,6,102,arrieros,99,93,1,523,67,0,0,0,16,48,0,0,0,2,,0,0
1212,6,103,arrieros,98,89,1,598,42,0,0,0,16,48,0,0,0,2,1,33,0
1212,6,104,arrieros,98,89,1,515,41,0,0,0,16,46,0,0,0,2,,0,0
1212,6,105,arrieros,106,89,1,432,40,0,0,0,16,46,0,0,0,2,,0,0
1212,6,106,arrieros,106,89,1,349,39,0,0,0,16,46,0,0,0,2,,0,0
1212,6,107,arrieros,106,89,1,326,54,0,0,0,32,62,0,0,0,2,,0,0
1212,6,108,arrieros,106,89,1,341,68,0,0,0,32,62,0,0,0,2,,0,0
1212,6,109,arrieros,106,89,1,651,76,0,0,0,32,62,0,0,0,2,1,21,0
1212,6,110,arrieros,106,89,1,568,89,0,0,0,32,62,0,0,0,2,,0,0
1212,6,111,arrieros,106,89,1,536,102,0,0,0,32,62,0,0,0,2,,0,0
1212,6,112,arrieros,106,89,1,535,114,0,0,0,32,62,0,0,0,2,,0,0
1212,6,113,arrieros,106,89,1,555,113,0,0,0,20,50,0,0,0,2,,0,0
1212,6,114,arrieros,106,89,1,575,107,0,0,0,20,50,0,0,0,2,,0,0
1212,6,115,arrieros,107,93,1,870,85,0,0,0,20,50,0,0,0,2,1,30,0
1212,6,116,arrieros,107,93,1,828,88,0,0,0,20,52,0,0,0,2,,0,0
1212,6,117,arrieros,107,93,1,786,91,0,0,0,20,52,0,0,0,2,,0,0
1212,6,118,arrieros,107,93,1,744,94,0,0,0,20,52,0,0,0,2,,0,0
1212,6,119,arrieros,107,93,1,702,89,0,0,0,12,44,0,0,0,2,,0,0
1212,6,120,arrieros,107,93,1,651,84,0,0,0,12,35,0,0,0,2,,0,0
1212,6,121,arrieros,106,89,1,759,74,0,0,0,12,35,0,0,0,2,1,25,0
1212,6,122,arrieros,114,89,1,707,71,0,0,0,12,34,0,0,0,2,,0,0
1212,6,123,arrieros,114,89,1,655,68,0,0,0,12,34,0,0,0,2,,0,0
1212,6,124,arrieros,114,89,1,603,65,0,0,0,12,34,0,0,0,2,,0,0
1212,6,125,arrieros,114,89,1,551,66,0,0,0,16,38,0,0,0,2,,0,0
1212,6,126,arrieros,114,89,1,507,67,0,0,0,16,46,0,0,0,2,,0,0
1212,6,127,arrieros,114,89,1,592,49,0,0,0,16,46,0,0,0,2,1,31,0
1212,6,128,arrieros,114,89,1,509,48,0,0,0,16,46,0,0,0,2,,0,0
1212,6,129,arrieros,114,89,1,426,47,0,0,0,16,46,0,0,0,2,,0,0
1212,6,130,arrieros,114,89,1,343,46,0,0,0,16,46,0,0,0,2,,0,0
1212,6,131,arrieros,114,89,1,329,60,0,0,0,32,62,0,0,0,2,,0,0
1212,6,132,arrieros,122,89,1,349,74,0,0,0,32,62,0,0,0,2,,0,0
1212,6,133,arrieros,122,89,1,665,81,0,0,0,32,62,0,0,0,2,1,22,0
1212,6,134,arrieros,122,89,1,582,94,0,0,0,32,62,0,0,0,2,,0,0
1212,6,135,arrieros,122,89,1,524,106,0,0,0,32,62,0,0,0,2,,0,0
1212,6,136,arrieros,122,89,1,539,118,0,0,0,32,62,0,0,0,2,,0,0
1212,6,137,arrieros,122,89,1,559,113,0,0,0,20,50,0,0,0,2,,0,0
1212,6,138,arrieros,122,89,1,579,107,0,0,0,20,50,0,0,0,2,,0,0
1212,6,139,arrieros,123,93,1,903,101,0,0,0,20,50,0,0,0,2,1,25,0
1212,6,140,arrieros,123,93,1,861,104,0,0,0,20,52,0,0,0,2,,0,0
1212,6,141,arrieros,123,93,1,819,106,0,0,0,20,52,0,0,0,2,,0,0
1212,6,142,arrieros,123,93,1,777,108,0,0,0,20,52,0,0,0,2,,0,0
1212,6,143,arrieros,123,93,1,735,103,0,0,0,12,44,0,0,0,2,,0,0
1212,6,144,arrieros,123,93,1,684,98,0,0,0,12,35,0,0,0,2,,0,0
1212,6,145,arrieros,123,93,1,796,88,0,0,0,12,35,0,0,0,2,1,26,0
1212,6,146,arrieros,123,93,1,745,83,0,0,0,12,35,0,0,0,2,,0,0
1212,6,147,arrieros,123,93,1,694,79,0,0,0,12,35,0,0,0,2,,0,0
1212,6,148,arrieros,123,93,1,643,75,0,0,0,12,35,0,0,0,2,,0,0
1212,6,149,arrieros,123,93,1,592,75,0,0,0,16,39,0,0,0,2,,0,0
1212,6,150,arrieros,123,93,1,550,75,0,0,0,16,48,0,0,0,2,,0,0
1212,6,151,arrieros,122,89,1,560,50,0,0,0,16,48,0,0,0,2,1,31,0
1212,6,152,arrieros,122,89,1,492,50,0,0,0,16,46,0,0,0,2,,0,0
1212,6,153,arrieros,122,89,1,424,50,0,0,0,16,46,0,0,0,2,,0,0
1212,6,154,arrieros,130,89,1,356,50,0,0,0,16,46,0,0,0,2,,0,0
1212,6,155,arrieros,130,89,1,288,65,0,0,0,32,62,0,0,0,2,,0,0
1212,6,156,arrieros,130,89,1,271,80,0,0,0,32,62,0,0,0,2,,0,0
1212,6,157,arrieros,130,89,1,592,94,0,0,0,32,62,0,0,0,2,1,19,0
1212,6,158,arrieros,130,89,1,505,104,0,0,0,32,62,0,0,0,2,,0,0
1212,6,159,arrieros,130,89,1,520,114,0,0,0,32,62,0,0,0,2,,0,0
1212,6,160,arrieros,130,89,1,540,119,0,0,0,32,62,0,0,0,2,,0,0
1212,6,161,arrieros,130,89,1,560,111,0,0,0,20,50,0,0,0,2,,0,0
1212,6,162,arrieros,130,89,1,580,103,0,0,0,20,50,0,0,0,2,,0,0
1212,6,163,arrieros,130,89,1,891,76,0,0,0,20,50,0,0,0,2,1,29,0
1212,6,164,arrieros,130,89,1,847,79,0,0,0,20,50,0,0,0,2,,0,0
1212,6,165,arrieros,130,89,1,803,81,0,0,0,20,50,0,0,0,2,,0,0
1212,6,166,arrieros,130,89,1,755,83,0,0,0,20,50,0,0,0,2,,0,0
1212,6,167,arrieros,138,89,1,711,78,0,0,0,12,42,0,0,0,2,,0,0
1212,6,168,arrieros,138,89,1,659,73,0,0,0,12,34,0,0,0,2,,0,0
1212,6,169,arrieros,139,93,1,780,69,0,0,0,12,34,0,0,0,2,1,25,0
1212,6,170,arrieros,139,93,1,729,63,0,0,0,12,35,0,0,0,2,,0,0
1212,6,171,arrieros,139,93,1,676,57,0,0,0,12,35,0,0,0,2,,0,0
1212,6,172,arrieros,139,93,1,625,52,0,0,0,12,35,0,0,0,2,,0,0
1212,6,173,arrieros,139,93,1,574,51,0,0,0,16,39,0,0,0,2,,0,0
1212,6,174,arrieros,139,93,1,532,50,0,0,0,16,48,0,0,0,2,,0,0
1212,6,175,arrieros,139,93,1,613,49,0,0,0,16,48,0,0,0,2,1,26,0
1212,6,176,arrieros,139,93,1,527,45,0,0,0,16,48,0,0,0,2,,0,0
1212,6,177,arrieros,139,93,1,445,41,0,0,0,16,48,0,0,0,2,,0,0
1212,6,178,arrieros,139,93,1,363,37,0,0,0,16,48,0,0,0,2,,0,0
1212,6,179,arrieros,139,93,1,332,49,0,0,0,32,64,0,0,0,2,,0,0
1212,6,180,arrieros,139,93,1,349,60,0,0,0,32,64,0,0,0,2,,0,0
1212,6,181,arrieros,139,93,1,668,60,0,0,0,32,64,0,0,0,2,1,24,0
1212,6,182,arrieros,139,93,1,587,71,0,0,0,32,64,0,0,0,2,,0,0
1212,6,183,arrieros,139,93,1,531,81,0,0,0,32,64,0,0,0,2,,0,0
1212,6,184,arrieros,139,93,1,548,91,0,0,0,32,64,0,0,0,2,,0,0
1212,6,185,arrieros,139,93,1,570,84,0,0,0,20,52,0,0,0,2,,0,0
1212,6,186,arrieros,139,93,1,592,76,0,0,0,20,52,0,0,0,2,,0,0
1212,6,187,arrieros,138,89,1,903,44,0,0,0,20,52,0,0,0,2,1,30,0
1212,6,188,arrieros,138,89,1,859,48,0,0,0,20,50,0,0,0,2,,0,0
1212,6,189,arrieros,138,89,1,811,52,0,0,0,20,50,0,0,0,2,,0,0
1212,6,190,arrieros,138,89,1,767,56,0,0,0,20,50,0,0,0,2,,0,0
1212,6,191,arrieros,146,89,1,721,52,0,0,0,12,42,0,0,0,2,,0,0
1212,6,192,arrieros,146,89,1,669,48,0,0,0,12,34,0,0,0,2,,0,0
1212,6,193,arrieros,146,89,1,785,44,0,0,0,12,34,0,0,0,2,1,24,0
1212,6,194,arrieros,146,89,1,729,40,0,0,0,12,34,0,0,0,2,,0,0
1212,6,195,arrieros,146,89,1,676,36,0,0,0,12,34,0,0,0,2,,0,0
1212,6,196,arrieros,146,89,1,621,33,0,0,0,12,34,0,0,0,2,,0,0
1212,6,197,arrieros,146,89,1,568,31,0,0,0,13,35,0,0,0,2,,0,0
1212,6,198,arrieros,146,89,1,523,29,0,0,0,13,43,0,0,0,2,,0,0
1212,6,199,arrieros,146,89,1,613,27,0,0,0,13,43,0,0,0,2,1,26,0
1212,6,200,arrieros,146,89,1,529,22,0,0,0,13,43,0,0,0,2,,0,0
1212,6,1,canteros,39,116,1,40,56,0,0,0,18,48,0,0,0,0,1,4,0
1212,6,2,canteros,39,116,1,47,42,0,0,0,18,34,0,0,0,0,,0,0
1212,6,3,canteros,39,116,1,54,28,0,0,0,18,34,0,1,0,0,,0,0
1212,6,4,canteros,39,116,1,69,17,0,0,0,18,42,0,0,0,0,,0,0
1212,6,5,canteros,39,116,1,84,12,0,0,0,24,48,0,0,0,0,,0,0
1212,6,6,canteros,39,116,1,110,7,0,0,0,24,59,0,0,0,0,,0,0
1212,6,7,canteros,39,116,1,100,2,0,0,0,24,59,0,0,0,0,1,7,0
1212,6,8,canteros,38,116,1,112,4,0,0,0,24,59,1,0,0,0,,0,0
1212,6,9,canteros,37,116,1,138,3,0,0,0,24,59,1,0,0,0,,0,0
1212,6,10,canteros,35,113,1,164,0,0,0,0,24,59,1,0,0,0,,0,0
1212,6,11,canteros,35,113,1,190,20,0,0,0,48,83,0,0,0,0,,0,0
1212,6,12,canteros,35,113,1,216,39,0,0,0,48,83,0,0,0,0,,0,0
1212,6,13,canteros,35,113,1,172,57,0,0,0,48,83,0,0,0,0,1,11,0
1212,6,14,canteros,35,113,1,136,78,0,0,0,48,83,0,0,0,0,,0,0
1212,6,15,canteros,35,113,1,157,99,0,0,0,48,83,0,0,0,0,,0,0
1212,6,16,canteros,50,113,1,183,116,0,0,0,48,83,0,0,0,1,,0,0
1212,6,17,canteros,50,113,1,209,114,0,0,0,30,65,0,0,0,1,,0,0
1212,6,18,canteros,50,113,1,235,112,0,0,0,30,64,0,0,0,1,,0,0
1212,6,19,canteros,49,109,1,295,100,0,0,0,30,64,0,0,0,1,1,15,0
1212,6,20,canteros,49,109,1,272,106,0,0,0,30,62,0,0,0,1,,0,0
1212,6,21,canteros,49,109,1,249,112,0,0,0,30,62,0,0,0,1,,0,0
1212,6,22,canteros,49,109,1,244,118,0,0,0,30,62,0,0,0,1,,0,0
1212,6,23,canteros,49,109,1,263,112,0,0,0,18,50,0,0,0,1,,0,0
1212,6,24,canteros,49,109,1,277,100,0,0,0,18,40,0,0,0,1,,0,0
1212,6,25,canteros,49,105,1,276,64,0,0,0,18,40,0,0,0,1,1,21,0
1212,6,26,canteros,49,105,1,243,61,0,0,0,18,40,0,0,0,1,,0,0
1212,6,27,canteros,67,105,1,210,58,0,0,0,18,40,0,0,0,2,,0,0
1212,6,28,canteros,67,105,1,177,55,0,0,0,18,40,0,0,0,2,,0,0
1212,6,29,canteros,67,105,1,162,53,0,0,0,18,40,0,0,0,2,,0,0
1212,6,30,canteros,67,105,1,186,51,0,0,0,18,50,0,0,0,2,,0,0
1212,6,31,canteros,67,105,1,81,42,0,0,0,18,50,0,0,0,2,1,9,0
1212,6,32,canteros,67,105,1,75,38,0,0,0,18,50,0,0,0,2,,0,0
1212,6,33,canteros,67,105,1,86,34,0,0,0,18,50,0,0,0,2,,0,0
1212,6,34,canteros,67,105,1,110,27,0,0,0,18,50,0,0,0,2,,0,0
1212,6,35,canteros,67,105,1,134,46,0,0,0,48,79,0,0,0,2,,0,0
1212,6,36,canteros,67,105,1,158,64,0,0,0,48,79,0,0,0,2,,0,0
1212,6,37,canteros,67,105,1,173,81,0,0,0,48,79,0,0,0,2,1,7,0
1212,6,38,canteros,67,105,1,183,101,0,0,0,48,79,0,0,0,2,,0,0
1212,6,39,canteros,67,105,1,207,119,0,0,0,48,79,0,0,0,2,,0,0
1212,6,40,canteros,67,105,1,231,134,0,0,0,48,79,0,0,0,2,,0,0
1212,6,41,canteros,67,105,1,255,131,0,0,0,30,61,0,0,0,2,,0,0
1212,6,42,canteros,67,105,1,279,128,0,0,0,30,61,0,0,0,2,,0,0
1212,6,43,canteros,67,105,1,321,112,0,0,0,30,61,0,0,0,2,1,20,0
1212,6,44,canteros,67,105,1,298,117,0,0,0,30,61,0,0,0,2,,0,0
1212,6,45,canteros,75,105,1,269,122,0,0,0,30,61,0,0,0,2,,0,0
1212,6,46,canteros,75,105,1,240,127,0,0,0,30,61,0,0,0,2,,0,0
1212,6,47,canteros,75,105,1,229,120,0,0,0,18,49,0,0,0,2,,0,0
1212,6,48,canteros,75,105,1,243,113,0,0,0,18,39,0,0,0,2,,0,0
1212,6,49,canteros,75,105,1,275,87,0,0,0,18,39,0,0,0,2,1,18,0
1212,6,50,canteros,75,105,1,242,81,0,0,0,18,39,0,0,0,2,,0,0
1212,6,51,canteros,83,105,1,203,76,0,0,0,18,39,0,0,0,2,,0,0
1212,6,52,canteros,83,105,1,171,71,0,0,0,18,38,0,0,0,2,,0,0
1212,6,53,canteros,83,105,1,185,72,0,0,0,24,44,0,0,0,2,,0,0
1212,6,54,canteros,83,105,1,209,66,0,0,0,24,54,0,0,0,2,,0,0
1212,6,55,canteros,83,105,1,201,60,0,0,0,24,54,0,0,0,2,1,9,0
1212,6,56,canteros,83,105,1,158,58,0,0,0,24,54,0,0,0,2,,0,0
1212,6,57,canteros,83,105,1,176,56,0,0,0,24,54,0,0,0,2,,0,0
1212,6,58,canteros,83,105,1,200,50,0,0,0,24,54,0,0,0,2,,0,0
1212,6,59,canteros,83,105,1,224,68,0,0,0,48,78,0,0,0,2,,0,0
1212,6,60,canteros,83,105,1,248,85,0,0,0,48,78,0,0,0,2,,0,0
1212,6,61,canteros,83,105,1,283,101,0,0,0,48,78,0,0,0,2,1,11,0
1212,6,62,canteros,83,105,1,215,121,0,0,0,48,78,0,0,0,2,,0,0
1212,6,63,canteros,83,105,1,226,140,0,0,0,48,78,0,0,0,2,,0,0
1212,6,64,canteros,83,105,1,250,157,0,0,0,48,78,0,0,0,2,,0,0
1212,6,65,canteros,83,105,1,274,153,0,0,0,30,60,0,0,0,2,,0,0
1212,6,66,canteros,83,105,1,298,149,0,0,0,30,60,0,0,0,2,,0,0
1212,6,67,canteros,83,105,1,401,132,0,0,0,30,60,0,0,0,2,1,21,0
1212,6,68,canteros,83,105,1,372,136,0,0,0,30,60,0,0,0,2,,0,0
1212,6,69,canteros,91,105,1,343,140,0,0,0,30,60,0,0,0,2,,0,0
1212,6,70,canteros,91,105,1,315,144,0,0,0,30,60,0,0,0,2,,0,0
1212,6,71,canteros,91,105,1,286,136,0,0,0,18,48,0,0,0,2,,0,0
1212,6,72,canteros,91,105,1,300,128,0,0,0,18,38,0,0,0,2,,0,0
1212,6,73,canteros,91,105,1,338,103,0,0,0,18,38,0,0,0,2,1,27,0
1212,6,74,canteros,91,105,1,299,97,0,0,0,18,38,0,0,0,2,,0,0
1212,6,75,canteros,99,105,1,260,91,0,0,0,18,38,0,0,0,2,,0,0
1212,6,76,canteros,99,105,1,221,85,0,0,0,18,38,0,0,0,2,,0,0
1212,6,77,canteros,99,105,1,188,85,0,0,0,24,44,0,0,0,2,,0,0
1212,6,78,canteros,99,105,1,201,85,0,0,0,24,54,0,0,0,2,,0,0
1212,6,79,canteros,99,105,1,210,79,0,0,0,24,54,0,0,0,2,1,10,0
1212,6,80,canteros,99,105,1,194,76,0,0,0,24,54,0,0,0,2,,0,0
1212,6,81,canteros,99,105,1,195,74,0,0,0,24,54,0,0,0,2,,0,0
1212,6,82,canteros,99,105,1,219,63,0,0,0,24,54,0,0,0,2,,0,0
1212,6,83,canteros,99,105,1,243,80,0,0,0,48,78,0,0,0,2,,0,0
1212,6,84,canteros,99,105,1,267,96,0,0,0,48,78,0,0,0,2,,0,0
1212,6,85,canteros,99,105,1,284,112,0,0,0,48,78,0,0,0,2,1,12,0
1212,6,86,canteros,309,105,1,220,131,0,0,0,48,78,0,1,1,3,,0,0
1212,6,87,canteros,317,105,1,209,151,0,0,0,48,78,0,0,0,3,,0,0
1212,6,88,canteros,317,105,1,233,171,0,0,0,48,78,0,0,0,3,,0,0
1212,6,89,canteros,317,105,1,257,168,0,0,0,30,60,0,0,0,3,,0,0
1212,6,90,canteros,317,105,1,281,166,0,0,0,30,60,0,0,0,3,,0,0
1212,6,91,canteros,317,105,1,377,164,0,0,0,30,60,0,0,0,3,1,10,0
1212,6,92,canteros,317,105,1,341,159,0,0,0,27,57,0,0,0,3,,0,0
1212,6,93,canteros,317,105,1,305,154,0,0,0,27,57,0,0,0,3,,0,0
1212,6,94,canteros,317,105,1,293,149,0,0,0,27,57,0,0,0,3,,0,0
1212,6,95,canteros,317,105,1,317,134,0,0,0,16,46,0,0,0,3,,0,0
1212,6,96,canteros,317,105,1,331,120,0,0,0,16,36,0,0,0,3,,0,0
1212,6,97,canteros,317,109,1,375,106,0,0,0,16,36,0,0,0,3,1,13,0
1212,6,98,canteros,317,109,1,348,102,0,0,0,16,36,0,0,0,3,,0,0
1212,6,99,canteros,317,109,1,321,98,0,0,0,16,36,0,0,0,3,,0,0
1212,6,100,canteros,317,109,1,294,94,0,0,0,16,36,0,0,0,3,,0,0
1212,6,101,canteros,317,109,1,267,95,0,0,0,21,41,0,0,0,3,,0,0
1212,6,102,canteros,317,109,1,250,96,0,0,0,21,51,0,0,0,3,,0,0
1212,6,103,canteros,317,105,1,246,87,0,0,0,21,51,0,0,0,3,1,10,0
1212,6,104,canteros,317,105,1,190,86,0,0,0,21,51,0,0,0,3,,0,0
1212,6,105,canteros,317,105,1,185,85,0,0,0,21,51,0,0,0,3,,0,0
1212,6,106,canteros,317,105,1,209,84,0,0,0,21,51,0,0,0,3,,0,0
1212,6,107,canteros,317,105,1,233,97,0,0,0,43,73,0,0,0,3,,0,0
1212,6,108,canteros,317,105,1,257,110,0,0,0,43,73,0,0,0,3,,0,0
1212,6,109,canteros,317,105,1,326,122,0,0,0,43,73,0,0,0,3,1,11,0
1212,6,110,canteros,317,105,1,270,141,0,0,0,43,73,0,0,0,3,,0,0
1212,6,111,canteros,317,105,1,265,159,0,0,0,43,73,0,0,0,3,,0,0
1212,6,112,canteros,317,105,1,284,176,0,0,0,43,73,0,0,0,3,,0,0
1212,6,113,canteros,317,105,1,308,171,0,0,0,27,57,0,0,0,3,,0,0
1212,6,114,canteros,317,105,1,332,166,0,0,0,27,57,0,0,0,3,,0,0
1212,6,115,canteros,317,105,1,488,148,0,0,0,27,57,0,0,0,3,1,11,0
1212,6,116,canteros,317,105,1,512,144,0,0,0,27,57,0,0,0,3,,0,0
1212,6,117,canteros,325,105,1,536,140,0,0,0,27,57,0,0,0,3,,0,0
1212,6,118,canteros,325,105,1,560,136,0,0,0,27,57,0,0,0,3,,0,0
1212,6,119,canteros,325,105,1,584,121,0,0,0,16,46,0,0,0,3,,0,0
1212,6,120,canteros,325,105,1,598,107,0,0,0,16,36,0,0,0,3,,0,0
1212,6,121,canteros,325,105,1,571,94,0,0,0,16,36,0,0,0,3,1,12,0
1212,6,122,canteros,325,105,1,544,91,0,0,0,16,36,0,0,0,3,,0,0
1212,6,123,canteros,325,105,1,517,88,0,0,0,16,36,0,0,0,3,,0,0
1212,6,124,canteros,325,105,1,490,85,0,0,0,16,36,0,0,0,3,,0,0
1212,6,125,canteros,325,105,1,463,87,0,0,0,21,41,0,0,0,3,,0,0
1212,6,126,canteros,325,105,1,446,84,0,0,0,21,51,0,0,0,3,,0,0
1212,6,127,canteros,325,105,1,462,86,0,0,0,21,51,0,0,0,3,1,17,0
1212,6,128,canteros,325,105,1,406,85,0,0,0,21,51,0,0,0,3,,0,0
1212,6,129,canteros,325,105,1,350,84,0,0,0,21,51,0,0,0,3,,0,0
1212,6,130,canteros,333,105,1,294,83,0,0,0,21,51,0,0,0,3,,0,0
1212,6,131,canteros,333,105,1,263,103,0,0,0,43,73,0,0,0,3,,0,0
1212,6,132,canteros,333,105,1,278,123,0,0,0,43,73,0,0,0,3,,0,0
1212,6,133,canteros,333,105,1,498,137,0,0,0,43,73,0,0,0,3,1,10,0
1212,6,134,canteros,333,105,1,442,155,0,0,0,43,73,0,0,0,3,,0,0
1212,6,135,canteros,333,105,1,411,173,0,0,0,43,73,0,0,0,3,,0,0
1212,6,136,canteros,333,105,1,435,190,0,0,0,43,73,0,0,0,3,,0,0
1212,6,137,canteros,333,105,1,459,184,0,0,0,27,57,0,0,0,3,,0,0
1212,6,138,canteros,333,105,1,483,178,0,0,0,27,57,0,0,0,3,,0,0
1212,6,139,canteros,333,109,1,671,172,0,0,0,27,57,0,0,0,3,1,3,0
1212,6,140,canteros,333,109,1,695,166,0,0,0,27,57,0,0,0,3,,0,0
1212,6,141,canteros,333,109,1,719,160,0,0,0,27,57,0,0,0,3,,0,0
1212,6,142,canteros,333,109,1,743,154,0,0,0,27,57,0,0,0,3,,0,0
1212,6,143,canteros,333,109,1,767,138,0,0,0,16,46,0,0,0,3,,0,0
1212,6,144,canteros,333,109,1,781,122,0,0,0,16,36,0,0,0,3,,0,0
1212,6,145,canteros,333,105,1,797,97,0,0,0,16,36,0,0,0,3,1,17,0
1212,6,146,canteros,333,105,1,782,91,0,0,0,16,36,0,0,0,3,,0,0
1212,6,147,canteros,333,105,1,767,85,0,0,0,16,36,0,0,0,3,,0,0
1212,6,148,canteros,333,105,1,752,79,0,0,0,16,36,0,0,0,3,,0,0
1212,6,149,canteros,333,105,1,725,79,0,0,0,21,41,0,0,0,3,,0,0
1212,6,150,canteros,333,105,1,708,82,0,0,0,21,51,0,0,0,3,,0,0
1212,6,151,canteros,333,105,1,787,71,0,0,0,21,51,0,0,0,3,1,32,0
1212,6,152,canteros,333,105,1,743,68,0,0,0,21,51,0,0,0,3,,0,0
1212,6,153,canteros,341,105,1,699,65,0,0,0,21,51,0,0,0,3,,0,0
1212,6,154,canteros,341,105,1,643,62,0,0,0,21,51,0,0,0,3,,0,0
1212,6,155,canteros,341,105,1,587,83,0,0,0,43,73,0,0,0,3,,0,0
1212,6,156,canteros,341,105,1,531,103,0,0,0,43,73,0,0,0,3,,0,0
1212,6,157,canteros,341,105,1,894,123,0,0,0,43,73,0,0,0,3,1,21,0
1212,6,158,canteros,341,105,1,850,139,0,0,0,43,73,0,0,0,3,,0,0
1212,6,159,canteros,341,105,1,806,154,0,0,0,43,73,0,0,0,3,,0,0
1212,6,160,canteros,341,105,1,750,167,0,0,0,43,73,0,0,0,3,,0,0
1212,6,161,canteros,341,105,1,694,169,0,0,0,27,57,0,0,0,3,,0,0
1212,6,162,canteros,341,105,1,638,171,0,0,0,27,57,0,0,0,3,,0,0
1212,6,163,canteros,341,105,1,1041,134,0,0,0,27,57,0,0,0,3,1,3,0
1212,6,164,canteros,341,105,1,1065,130,0,0,0,27,57,0,0,0,3,,0,0
1212,6,165,canteros,383,135,2,1089,126,0,0,0,27,57,0,0,0,4,,0,0
1212,6,166,canteros,383,135,2,1105,116,0,0,0,27,63,0,0,0,4,,0,0
1212,6,167,canteros,383,135,2,1121,96,0,0,0,16,52,0,0,0,4,,0,0
1212,6,168,canteros,383,135,2,1127,76,0,0,0,16,42,0,0,0,4,,0,0
1212,6,169,canteros,383,135,2,1143,57,0,0,0,16,42,0,0,0,4,1,19,0
1212,6,170,canteros,383,135,2,1120,44,0,0,0,16,42,0,1,0,4,,0,0
1212,6,171,canteros,383,135,2,1082,35,0,0,0,18,44,0,0,0,4,,0,0
1212,6,172,canteros,383,135,2,1059,25,0,0,0,18,44,0,0,0,4,,0,0
1212,6,173,canteros,383,135,2,1024,21,0,0,0,24,50,0,1,0,4,,0,0
1212,6,174,canteros,383,135,2,999,22,0,0,0,24,64,0,0,0,4,,0,0
1212,6,175,canteros,383,139,2,1017,24,0,0,0,24,64,0,0,0,4,1,30,0
1212,6,176,canteros,383,139,2,959,13,0,0,0,24,64,0,0,0,4,,0,0
1212,6,177,canteros,383,139,2,901,2,0,0,0,24,64,0,0,0,4,,0,0
1212,6,178,canteros,382,139,2,843,1,0,0,0,24,64,1,0,0,4,,0,0
1212,6,179,canteros,382,139,2,762,16,0,0,0,50,90,0,0,0,4,,0,0
1212,6,180,canteros,383,140,2,691,31,0,0,0,50,90,0,1,0,4,,0,0
1212,6,181,canteros,383,141,2,1052,47,0,0,0,50,96,0,0,0,4,1,24,0
1212,6,182,canteros,383,142,2,981,62,0,0,0,50,95,0,0,0,4,,0,0
1212,6,183,canteros,383,143,2,910,76,0,0,0,50,95,0,0,0,4,,0,0
1212,6,184,canteros,383,144,2,834,90,0,0,0,50,95,0,0,0,4,,0,0
1212,6,185,canteros,383,144,2,763,84,0,0,0,31,76,0,0,0,4,,0,0
1212,6,186,canteros,383,144,2,692,78,0,0,0,31,76,0,0,0,4,,0,0
1212,6,187,canteros,383,144,2,1036,73,0,0,0,31,76,0,0,0,4,1,12,0
1212,6,188,canteros,383,144,2,1011,74,0,0,0,31,76,0,0,0,4,,0,0
1212,6,189,canteros,383,144,2,986,75,0,0,0,31,76,0,0,0,4,,0,0
1212,6,190,canteros,383,144,2,957,76,0,0,0,31,76,0,0,0,4,,0,0
1212,6,191,canteros,383,144,2,932,64,0,0,0,18,63,0,0,0,4,,0,0
1212,6,192,canteros,383,144,2,897,54,0,0,0,19,55,0,0,0,4,,0,0
1212,6,193,canteros,383,144,2,931,44,0,0,0,19,55,0,0,0,4,1,12,0
1212,6,194,canteros,383,144,2,895,34,0,0,0,19,55,0,0,0,4,,0,0
1212,6,195,canteros,383,144,2,859,25,0,0,0,19,55,0,0,0,4,,0,0
1212,6,196,canteros,383,144,2,818,16,0,0,0,19,55,0,0,0,4,,0,0
1212,6,197,canteros,383,144,2,782,13,0,0,0,25,61,0,0,0,4,,0,0
1212,6,198,canteros,383,144,2,752,10,0,0,0,25,71,0,0,0,4,,0,0
1212,6,199,canteros,382,144,2,771,10,0,0,0,25,71,1,0,0,4,1,18,0
1212,6,200,canteros,381,144,2,706,7,0,0,0,25,71,1,0,0,4,,0,0
1212,6,1,ferrones,33,86,1,390,62,0,14,0,15,33,0,0,0,0,1,6,0
1212,6,2,ferrones,33,86,1,394,53,0,8,0,15,23,0,0,0,0,,0,0
1212,6,3,ferrones,33,86,1,398,45,0,3,0,15,23,0,0,0,0,,0,0
1212,6,4,ferrones,33,86,1,402,31,0,0,0,9,17,0,0,0,0,,0,0
1212,6,5,ferrones,33,86,1,406,12,0,0,0,4,12,0,1,0,0,,0,0
1212,6,6,ferrones,32,86,1,426,0,0,0,0,4,28,1,0,0,0,,0,0
1212,6,7,ferrones,31,86,1,352,0,0,0,0,4,28,1,0,0,0,1,26,0
1212,6,8,ferrones,29,84,1,278,3,0,0,0,4,28,1,0,0,0,,0,0
1212,6,9,ferrones,28,82,1,204,3,0,0,0,4,28,1,0,0,0,,0,0
1212,6,10,ferrones,27,80,1,155,3,0,2,0,4,28,1,0,0,0,,0,0
1212,6,11,ferrones,25,78,1,160,3,0,0,0,15,39,1,0,0,0,,0,0
1212,6,12,ferrones,24,76,1,178,1,0,0,0,8,30,1,0,0,0,,0,0
1212,6,13,ferrones,22,74,1,274,0,0,0,0,8,30,1,0,0,0,1,8,0
1212,6,14,ferrones,21,72,1,277,4,0,0,0,7,29,1,0,0,0,,0,0
1212,6,15,ferrones,20,70,1,295,1,0,0,0,7,29,1,0,0,0,,0,0
1212,6,16,ferrones,18,68,1,313,0,0,0,0,7,29,1,0,0,0,,0,0
1212,6,17,ferrones,17,66,1,329,0,0,0,0,3,23,1,0,0,0,,0,0
1212,6,18,ferrones,16,65,1,345,0,0,0,0,3,23,1,0,0,0,,0,0
1212,6,19,ferrones,14,64,1,366,0,0,0,0,3,23,1,0,0,0,1,16,0
1212,6,20,ferrones,13,63,1,310,7,0,0,0,3,15,1,0,0,0,,0,0
1212,6,21,ferrones,12,62,1,254,7,0,0,0,3,15,1,0,0,0,,0,0
1212,6,22,ferrones,11,61,1,198,7,0,0,0,3,15,1,0,0,0,,0,0
1212,6,23,ferrones,10,60,1,182,7,0,0,0,2,14,1,0,0,0,,0,0
1212,6,24,ferrones,8,59,1,191,5,0,0,0,2,14,1,0,0,0,,0,0
1212,6,25,ferrones,7,58,1,219,0,0,0,0,2,13,1,0,0,0,1,7,0
1212,6,26,ferrones,6,57,1,162,7,0,0,0,2,13,1,0,0,0,,0,0
1212,6,27,ferrones,5,56,1,170,7,0,0,0,2,13,1,0,0,0,,0,0
1212,6,28,ferrones,4,55,1,178,0,0,0,0,2,13,1,0,0,0,,0,0
1212,6,29,ferrones,2,54,1,186,0,0,0,0,2,13,1,0,0,0,,0,0
1212,6,30,ferrones,1,53,1,198,0,0,0,0,2,17,1,0,0,0,,0,0
1212,6,31,ferrones,0,52,1,149,0,0,0,0,2,17,1,0,0,0,1,11,0
1212,6,32,ferrones,-1,51,1,127,4,0,0,0,2,13,1,0,0,0,,0,0
1212,6,33,ferrones,-2,50,1,130,4,0,0,0,2,13,1,0,0,0,,0,0
1212,6,34,ferrones,-4,49,1,138,1,0,0,0,2,13,1,0,0,0,,0,0
1212,6,35,ferrones,-5,48,1,145,0,0,0,0,5,15,1,0,0,0,,0,0
1212,6,36,ferrones,-6,47,1,152,0,0,0,0,5,15,1,0,0,0,,0,0
1212,6,37,ferrones,-7,46,1,159,0,0,0,0,5,15,1,0,0,0,1,7,0
1212,6,38,ferrones,-8,45,1,151,4,0,0,0,5,15,1,0,0,0,,0,0
1212,6,39,ferrones,-10,44,1,158,3,0,0,0,5,15,1,0,0,0,,0,0
1212,6,40,ferrones,-11,43,1,165,0,0,0,0,5,15,1,0,0,0,,0,0
1212,6,41,ferrones,-12,42,1,172,0,0,0,0,3,13,1,0,0,0,,0,0
1212,6,42,ferrones,-13,41,1,179,0,0,0,0,3,13,1,0,0,0,,0,0
1212,6,43,ferrones,-14,40,1,166,0,0,0,0,3,13,1,0,0,0,1,9,0
1212,6,44,ferrones,-16,39,1,128,7,0,0,0,3,13,1,0,0,0,,0,0
1212,6,45,ferrones,-16,39,1,120,8,0,0,0,3,13,0,0,0,0,,0,0
1212,6,46,ferrones,-16,39,1,127,1,0,0,0,3,13,0,1,0,0,,0,0
1212,6,47,ferrones,-17,39,1,134,0,0,0,0,2,14,1,0,0,0,,0,0
1212,6,48,ferrones,-18,39,1,141,0,0,0,0,2,14,1,0,0,0,,0,0
1212,6,49,ferrones,-19,38,1,115,0,0,0,0,2,14,1,0,0,0,1,6,0
1212,6,50,ferrones,-20,37,1,107,7,0,0,0,2,14,1,0,0,0,,0,0
1212,6,51,ferrones,-20,37,1,114,3,0,0,0,2,14,0,0,0,0,,0,0
1212,6,52,ferrones,-21,37,1,121,0,0,0,0,2,14,1,0,0,0,,0,0
1212,6,53,ferrones,-22,37,1,128,0,0,0,0,2,14,1,1,0,0,,0,0
1212,6,54,ferrones,-23,36,1,137,0,0,0,0,2,16,1,0,0,0,,0,0
1212,6,55,ferrones,-24,35,1,91,0,0,0,0,2,16,1,0,0,0,1,7,0
1212,6,56,ferrones,-26,34,1,98,3,0,1,0,2,14,1,0,0,0,,0,0
1212,6,57,ferrones,-27,33,1,105,0,0,1,0,2,14,1,0,0,0,,0,0
1212,6,58,ferrones,-28,32,1,112,0,0,1,0,2,14,1,0,0,0,,0,0
1212,6,59,ferrones,-29,31,1,119,0,0,1,0,5,17,1,0,0,0,,0,0
1212,6,60,ferrones,-30,30,1,126,0,0,1,0,5,17,1,0,0,0,,0,0
1212,6,61,ferrones,-32,29,1,97,0,0,1,0,5,17,1,0,0,0,1,6,0
1212,6,62,ferrones,-33,28,1,88,4,0,1,0,5,16,1,0,0,0,,0,0
1212,6,63,ferrones,-33,28,1,101,5,0,0,0,5,16,0,1,0,0,,0,0
1212,6,64,ferrones,-33,28,1,107,3,0,0,0,5,16,0,0,0,0,,0,0
1212,6,65,ferrones,-34,28,1,113,0,0,0,0,3,14,1,0,0,0,,0,0
1212,6,66,ferrones,-35,28,1,119,0,0,0,0,3,14,1,0,0,0,,0,0
1212,6,67,ferrones,-36,27,1,89,0,0,0,0,3,14,1,0,0,0,1,6,0
1212,6,68,ferrones,-37,26,1,95,7,0,0,0,3,14,1,0,0,0,,0,0
1212,6,69,ferrones,-37,26,1,86,4,0,0,0,3,14,0,0,0,0,,0,0
1212,6,70,ferrones,-38,26,1,92,0,0,0,0,3,14,1,1,0,0,,0,0
1212,6,71,ferrones,-39,26,1,98,0,0,0,0,1,12,1,0,0,0,,0,0
1212,6,72,ferrones,-40,25,1,104,0,0,0,0,1,12,1,0,0,0,,0,0
1212,6,73,ferrones,-42,24,1,91,0,0,0,0,1,12,1,0,0,0,1,5,0
1212,6,74,ferrones,-43,23,1,92,7,0,0,0,1,12,1,0,0,0,,0,0
1212,6,75,ferrones,-43,23,1,105,4,0,0,0,1,12,0,1,0,0,,0,0
1212,6,76,ferrones,-43,23,1,111,1,0,0,0,2,13,0,0,0,0,,0,0
1212,6,77,ferrones,-44,23,1,117,0,0,0,0,2,13,1,0,0,0,,0,0
1212,6,78,ferrones,-45,23,1,124,0,0,0,0,2,14,1,0,0,0,,0,0
1212,6,79,ferrones,-46,22,1,92,0,0,0,0,2,14,1,0,0,0,1,9,0
1212,6,80,ferrones,-47,21,1,88,4,0,0,0,2,13,1,0,0,0,,0,0
1212,6,81,ferrones,-47,21,1,79,3,0,0,0,2,13,0,0,0,0,,0,0
1212,6,82,ferrones,-48,21,1,85,0,0,0,0,2,13,1,1,0,0,,0,0
1212,6,83,ferrones,-49,21,1,91,0,0,0,0,3,13,1,0,0,0,,0,0
1212,6,84,ferrones,-50,20,1,97,0,0,0,0,3,13,1,0,0,0,,0,0
1212,6,85,ferrones,-52,19,1,91,0,0,0,0,3,13,1,0,0,0,1,6,0
1212,6,86,ferrones,-53,18,1,91,4,0,0,0,3,12,1,0,0,0,,0,0
1212,6,87,ferrones,-53,18,1,103,4,0,0,0,3,12,0,1,0,0,,0,0
1212,6,88,ferrones,-53,18,1,108,4,0,0,0,4,14,0,0,0,0,,0,0
1212,6,89,ferrones,-53,18,1,113,2,0,0,0,2,12,0,0,0,0,,0,0
1212,6,90,ferrones,-53,18,1,118,1,0,0,0,3,13,0,0,0,0,,0,0
1212,6,91,ferrones,-53,18,1,68,0,0,0,0,3,13,0,0,0,0,1,5,0
1212,6,92,ferrones,-54,18,1,73,7,0,0,0,3,13,1,1,0,0,,0,0
1212,6,93,ferrones,-54,18,1,78,5,0,0,0,2,12,0,0,0,0,,0,0
1212,6,94,ferrones,-54,18,1,83,3,0,0,0,2,12,0,0,0,0,,0,0
1212,6,95,ferrones,-54,18,1,88,0,0,0,0,1,11,0,0,0,0,,0,0
1212,6,96,ferrones,-55,18,1,93,0,0,0,0,1,11,1,0,0,0,,0,0
1212,6,97,ferrones,-56,18,1,84,0,0,0,0,1,11,1,0,0,0,1,4,0
1212,6,98,ferrones,-57,17,1,89,6,0,0,0,1,11,1,0,0,0,,0,0
1212,6,99,ferrones,-57,17,1,101,3,0,0,0,1,11,0,1,0,0,,0,0
1212,6,100,ferrones,-57,17,1,106,1,0,0,0,2,13,0,0,0,0,,0,0
1212,6,101,ferrones,-57,17,1,111,0,0,0,0,3,14,0,0,0,0,,0,0
1212,6,102,ferrones,-58,17,1,117,0,0,0,0,3,15,1,0,0,0,,0,0
1212,6,103,ferrones,-59,17,1,82,0,0,0,0,3,15,1,0,0,0,1,7,0
1212,6,104,ferrones,-60,16,1,83,4,0,0,0,3,15,1,0,0,0,,0,0
1212,6,105,ferrones,-60,16,1,74,3,0,0,0,2,13,0,0,0,0,,0,0
1212,6,106,ferrones,-61,16,1,80,0,0,0,0,2,13,1,1,0,0,,0,0
1212,6,107,ferrones,-61,16,1,86,0,0,0,0,4,15,0,0,0,0,,0,0
1212,6,108,ferrones,-61,16,1,92,0,0,0,0,4,15,0,0,0,0,,0,0
1212,6,109,ferrones,-61,16,1,89,0,0,0,0,4,15,0,1,0,0,1,5,0
1212,6,110,ferrones,-61,16,1,95,5,0,0,0,5,16,0,0,0,0,,0,0
1212,6,111,ferrones,-61,16,1,101,6,0,0,0,5,16,0,0,0,0,,0,0
1212,6,112,ferrones,-61,16,1,107,7,0,0,0,5,16,0,0,0,0,,0,0
1212,6,113,ferrones,-61,16,1,113,6,0,0,0,3,15,0,0,0,0,,0,0
1212,6,114,ferrones,-61,16,1,119,5,0,0,0,3,15,0,0,0,0,,0,0
1212,6,115,ferrones,-61,16,1,49,4,0,0,0,3,15,0,0,0,0,1,5,0
1212,6,116,ferrones,-61,16,1,55,8,0,0,0,3,15,0,0,0,0,,0,0
1212,6,117,ferrones,-61,16,1,61,5,0,0,0,3,15,0,0,0,0,,0,0
1212,6,118,ferrones,-61,16,1,67,2,0,0,0,3,15,0,1,0,0,,0,0
1212,6,119,ferrones,-62,16,1,73,0,0,0,2,1,14,1,0,0,0,,0,0
1212,6,120,ferrones,-63,16,1,78,0,0,0,3,1,12,1,0,0,0,,0,0
1212,6,121,ferrones,-64,15,1,84,0,0,0,4,1,12,1,0,0,0,1,3,0
1212,6,122,ferrones,-66,14,1,89,3,0,0,5,1,12,1,0,0,0,,0,0
1212,6,123,ferrones,-66,14,1,94,1,0,0,6,1,12,0,0,0,0,,0,0
1212,6,124,ferrones,-67,14,1,99,0,0,0,7,1,12,1,0,0,0,,0,0
1212,6,125,ferrones,-68,14,1,104,0,0,0,8,2,13,1,0,0,0,,0,0
1212,6,126,ferrones,-69,13,1,110,0,0,0,9,2,14,1,0,0,0,,0,0
1212,6,127,ferrones,-70,12,1,82,0,0,0,10,1,12,1,0,0,0,1,6,0
1212,6,128,ferrones,-71,11,1,78,4,0,0,10,1,11,1,0,0,0,,0,0
1212,6,129,ferrones,-71,11,1,84,5,0,0,11,1,12,0,0,0,0,,0,0
1212,6,130,ferrones,-71,11,1,90,4,0,0,11,1,11,0,0,0,0,,0,0
1212,6,131,ferrones,-71,11,1,96,4,0,0,12,2,13,0,0,0,0,,0,0
1212,6,132,ferrones,-71,11,1,102,5,0,0,12,3,13,0,0,0,0,,0,0
1212,6,133,ferrones,-71,11,1,84,6,0,0,12,3,13,0,0,0,0,1,4,0
1212,6,134,ferrones,-71,11,1,90,11,0,0,12,3,13,0,0,0,0,,0,0
1212,6,135,ferrones,-71,11,1,96,12,0,0,13,3,14,0,0,0,0,,0,0
1212,6,136,ferrones,-71,11,1,102,13,0,0,14,3,14,0,0,0,0,,0,0
1212,6,137,ferrones,-71,11,1,108,13,0,0,14,2,12,0,0,0,0,,0,0
1212,6,138,ferrones,-71,11,1,114,13,0,0,14,2,12,0,0,0,0,,0,0
1212,6,139,ferrones,-71,11,1,82,13,0,0,14,2,12,0,0,0,0,1,6,0
1212,6,140,ferrones,-71,11,1,83,18,0,0,15,2,13,0,0,0,0,,0,0
1212,6,141,ferrones,-71,11,1,89,19,0,0,16,2,13,0,0,0,0,,0,0
1212,6,142,ferrones,-71,11,1,95,19,0,0,16,2,12,0,0,0,0,,0,0
1212,6,143,ferrones,-71,11,1,101,18,0,0,16,1,11,0,0,0,0,,0,0
1212,6,144,ferrones,-71,11,1,106,17,0,0,17,1,11,0,0,0,0,,0,0
1212,6,145,ferrones,-71,11,1,85,16,0,0,17,1,10,0,0,0,0,1,6,0
1212,6,146,ferrones,-71,11,1,85,16,0,0,17,1,10,0,0,0,0,,0,0
1212,6,147,ferrones,-71,11,1,90,16,0,0,17,1,10,0,0,0,0,,0,0
1212,6,148,ferrones,-71,11,1,95,15,0,0,17,1,10,0,0,0,0,,0,0
1212,6,149,ferrones,-71,11,1,100,14,0,0,17,1,10,0,0,0,0,,0,0
1212,6,150,ferrones,-71,11,1,106,13,0,0,17,1,11,0,0,0,0,,0,0
1212,6,151,ferrones,-71,11,1,87,12,0,0,17,1,11,0,0,0,0,1,7,0
1212,6,152,ferrones,-71,11,1,88,15,0,0,17,1,11,0,0,0,0,,0,0
1212,6,153,ferrones,-71,11,1,94,15,0,0,18,1,12,0,0,0,0,,0,0
1212,6,154,ferrones,-71,11,1,100,14,0,0,18,1,11,0,0,0,0,,0,0
1212,6,155,ferrones,-71,11,1,106,15,0,0,19,3,14,0,0,0,0,,0,0
1212,6,156,ferrones,-71,11,1,112,16,0,0,19,3,13,0,0,0,0,,0,0
1212,6,157,ferrones,-71,11,1,90,17,0,0,19,3,13,0,0,0,0,1,6,0
1212,6,158,ferrones,-71,11,1,86,20,0,0,19,3,13,0,0,0,0,,0,0
1212,6,159,ferrones,-71,11,1,92,23,0,0,20,3,14,0,0,0,0,,0,0
1212,6,160,ferrones,-71,11,1,98,24,0,0,21,3,14,0,0,0,0,,0,0
1212,6,161,ferrones,-71,11,1,104,24,0,0,21,2,12,0,0,0,0,,0,0
1212,6,162,ferrones,-71,11,1,110,24,0,0,22,2,13,0,0,0,0,,0,0
1212,6,163,ferrones,-71,11,1,83,24,0,0,14,2,12,0,0,0,0,1,4,0
1212,6,164,ferrones,-71,11,1,89,24,0,0,13,2,12,0,0,0,0,,0,0
1212,6,165,ferrones,-71,11,1,95,24,0,0,13,2,13,0,0,0,0,,0,0
1212,6,166,ferrones,-71,11,1,101,24,0,0,13,2,13,0,0,0,0,,0,0
1212,6,167,ferrones,-71,11,1,107,23,0,0,13,1,12,0,0,0,0,,0,0
1212,6,168,ferrones,-71,11,1,112,22,0,0,12,1,10,0,0,0,0,,0,0
1212,6,169,ferrones,-71,11,1,83,21,0,0,11,1,10,0,0,0,0,1,3,0
1212,6,170,ferrones,-71,11,1,88,20,0,0,10,1,10,0,0,0,0,,0,0
1212,6,171,ferrones,-71,11,1,93,19,0,0,9,1,10,0,0,0,0,,0,0
1212,6,172,ferrones,-71,11,1,98,18,0,0,8,1,10,0,0,0,0,,0,0
1212,6,173,ferrones,-71,11,1,103,17,0,0,7,1,10,0,0,0,0,,0,0
1212,6,174,ferrones,-71,11,1,109,16,0,0,6,1,11,0,0,0,0,,0,0
1212,6,175,ferrones,-71,11,1,89,15,0,0,5,1,11,0,0,0,0,1,6,0
1212,6,176,ferrones,-71,11,1,90,16,0,0,4,1,11,0,0,0,0,,0,0
1212,6,177,ferrones,-71,11,1,96,16,0,0,3,1,11,0,0,0,0,,0,0
1212,6,178,ferrones,-71,11,1,102,15,0,0,2,1,11,0,0,0,0,,0,0
1212,6,179,ferrones,-71,11,1,108,16,0,0,1,3,13,0,0,0,0,,0,0
1212,6,180,ferrones,-71,11,1,114,17,0,0,0,3,13,0,0,0,0,,0,0
1212,6,181,ferrones,-71,11,1,92,18,0,0,0,3,13,0,0,0,0,1,7,0
1212,6,182,ferrones,-71,11,1,87,20,0,0,0,3,13,0,0,0,0,,0,0
1212,6,183,ferrones,-71,11,1,93,22,0,0,0,3,13,0,0,0,0,,0,0
1212,6,184,ferrones,-71,11,1,99,23,0,0,0,3,13,0,0,0,0,,0,0
1212,6,185,ferrones,-71,11,1,105,23,0,0,0,2,12,0,0,0,0,,0,0
1212,6,186,ferrones,-71,11,1,111,23,0,0,0,2,12,0,0,0,0,,0,0
1212,6,187,ferrones,-71,11,1,83,23,0,0,0,2,12,0,0,0,0,1,3,0
1212,6,188,ferrones,-71,11,1,89,23,0,0,0,2,12,0,0,0,0,,0,0
1212,6,189,ferrones,-71,11,1,95,23,0,0,0,2,12,0,0,0,0,,0,0
1212,6,190,ferrones,-71,11,1,101,23,0,0,0,2,12,0,0,0,0,,0,0
1212,6,191,ferrones,-71,11,1,107,22,0,0,0,1,11,0,0,0,0,,0,0
1212,6,192,ferrones,-71,11,1,112,21,0,0,0,1,10,0,0,0,0,,0,0
1212,6,193,ferrones,-71,11,1,83,20,0,0,0,1,10,0,0,0,0,1,3,0
1212,6,194,ferrones,-71,11,1,88,19,0,0,0,1,10,0,0,0,0,,0,0
1212,6,195,ferrones,-71,11,1,93,18,0,0,0,1,10,0,0,0,0,,0,0
1212,6,196,ferrones,-71,11,1,98,17,0,0,0,1,10,0,0,0,0,,0,0
1212,6,197,ferrones,-71,11,1,103,16,0,0,0,1,10,0,0,0,0,,0,0
1212,6,198,ferrones,-71,11,1,109,15,0,0,0,1,11,0,0,0,0,,0,0
1212,6,199,ferrones,-71,11,1,90,14,0,0,0,1,11,0,0,0,0,1,6,0
1212,6,200,ferrones,-71,11,1,86,16,0,0,0,1,11,0,0,0,0,,0,0
1212,6,1,hortelanos,39,116,1,40,71,0,0,0,33,57,0,0,0,0,1,4,0
1212,6,2,hortelanos,39,116,1,47,71,0,0,0,33,44,0,0,0,0,,0,0
1212,6,3,hortelanos,39,116,1,54,71,0,0,0,33,44,0,0,0,0,,0,0
1212,6,4,hortelanos,104,116,1,61,71,0,0,0,33,44,0,0,0,1,,0,0
1212,6,5,hortelanos,104,116,1,68,78,0,0,0,41,52,0,1,0,1,,0,0
1212,6,6,hortelanos,104,116,1,94,87,0,0,0,41,71,0,0,0,1,,0,0
1212,6,7,hortelanos,103,112,1,100,76,0,0,0,41,71,0,0,0,1,1,11,0
1212,6,8,hortelanos,171,112,1,126,86,0,0,0,41,71,0,0,0,2,,0,0
1212,6,9,hortelanos,171,112,1,152,96,0,0,0,41,71,0,0,0,2,,0,0
1212,6,10,hortelanos,171,112,1,178,95,0,0,0,41,71,0,0,0,2,,0,0
1212,6,11,hortelanos,179,112,1,204,149,0,0,0,88,118,0,0,0,2,,0,0
1212,6,12,hortelanos,179,112,1,230,201,0,0,0,88,118,0,0,0,2,,0,0
1212,6,13,hortelanos,178,108,1,155,237,0,0,0,88,118,0,0,0,2,1,21,0
1212,6,14,hortelanos,178,108,1,98,283,0,2,0,88,116,0,0,0,2,,0,0
1212,6,15,hortelanos,178,108,1,115,322,0,4,0,88,116,0,0,0,2,,0,0
1212,6,16,hortelanos,178,108,1,139,358,0,4,0,88,116,0,0,0,2,,0,0
1212,6,17,hortelanos,178,108,1,163,354,0,4,0,48,76,0,0,0,2,,0,0
1212,6,18,hortelanos,178,108,1,187,350,0,4,0,48,76,0,0,0,2,,0,0
1212,6,19,hortelanos,178,108,1,277,352,0,4,0,48,76,0,0,0,2,1,27,0
1212,6,20,hortelanos,186,108,1,241,356,0,4,0,48,76,0,0,0,2,,0,0
1212,6,21,hortelanos,186,108,1,258,353,0,4,0,48,76,0,0,0,2,,0,0
1212,6,22,hortelanos,186,108,1,282,347,0,4,0,48,76,0,0,0,2,,0,0
1212,6,23,hortelanos,194,108,1,306,329,0,4,0,33,61,0,0,0,2,,0,0
1212,6,24,hortelanos,194,108,1,320,312,0,4,0,33,51,0,0,0,2,,0,0
1212,6,25,hortelanos,194,108,1,418,283,0,4,0,33,51,0,0,0,2,1,24,0
1212,6,26,hortelanos,194,108,1,425,269,0,4,0,33,51,0,0,0,2,,0,0
1212,6,27,hortelanos,194,108,1,432,255,0,4,0,33,51,0,0,0,2,,0,0
1212,6,28,hortelanos,194,108,1,439,242,0,4,0,33,51,0,0,0,2,,0,0
1212,6,29,hortelanos,194,108,1,446,237,0,4,0,41,59,0,0,0,2,,0,0
1212,6,30,hortelanos,194,108,1,463,232,0,4,0,41,69,0,0,0,2,,0,0
1212,6,31,hortelanos,194,108,1,551,212,0,4,0,41,69,0,0,0,2,1,38,0
1212,6,32,hortelanos,202,108,1,505,214,0,4,0,41,69,0,0,0,2,,0,0
1212,6,33,hortelanos,202,108,1,459,216,0,4,0,41,69,0,0,0,2,,0,0
1212,6,34,hortelanos,202,108,1,413,208,0,4,0,41,69,0,0,0,2,,0,0
1212,6,35,hortelanos,210,108,1,367,239,0,4,0,71,99,0,0,0,2,,0,0
1212,6,36,hortelanos,210,108,1,341,267,0,4,0,71,99,0,0,0,2,,0,0
1212,6,37,hortelanos,210,108,1,453,285,0,2,0,71,99,0,0,0,2,1,21,0
1212,6,38,hortelanos,210,108,1,407,313,0,2,0,71,99,0,0,0,2,,0,0
1212,6,39,hortelanos,210,108,1,361,340,0,2,0,71,99,0,0,0,2,,0,0
1212,6,40,hortelanos,210,108,1,315,361,0,1,0,71,99,0,0,0,2,,0,0
1212,6,41,hortelanos,218,108,1,339,357,0,1,0,48,76,0,0,0,2,,0,0
1212,6,42,hortelanos,218,108,1,363,353,0,1,0,48,76,0,0,0,2,,0,0
1212,6,43,hortelanos,218,108,1,472,353,0,1,0,48,76,0,0,0,2,1,22,0
1212,6,44,hortelanos,218,108,1,426,357,0,1,0,48,76,0,0,0,2,,0,0
1212,6,45,hortelanos,218,108,1,380,360,0,1,0,48,76,0,0,0,2,,0,0
1212,6,46,hortelanos,218,108,1,334,363,0,1,0,48,76,0,0,0,2,,0,0
1212,6,47,hortelanos,218,108,1,338,347,0,1,0,33,61,0,0,0,2,,0,0
1212,6,48,hortelanos,218,108,1,352,329,0,1,0,33,51,0,0,0,2,,0,0
1212,6,49,hortelanos,219,112,1,438,270,0,1,0,33,51,0,0,0,2,1,24,0
1212,6,50,hortelanos,219,112,1,383,261,0,1,0,33,52,0,0,0,2,,0,0
1212,6,51,hortelanos,264,197,2,328,253,0,1,0,33,52,0,0,0,3,,0,0
1212,6,52,hortelanos,264,197,2,282,225,0,1,0,33,68,0,0,0,3,,0,0
1212,6,53,hortelanos,264,197,2,296,200,0,1,0,41,76,0,0,0,3,,0,0
1212,6,54,hortelanos,264,197,2,331,175,0,1,0,41,87,0,0,0,3,,0,0
1212,6,55,hortelanos,263,193,2,409,146,0,1,0,41,87,0,0,0,3,1,29,0
1212,6,56,hortelanos,263,193,2,401,135,0,2,0,49,93,0,3,0,3,,0,0
1212,6,57,hortelanos,263,193,2,393,153,0,3,0,73,117,0,0,0,3,,0,0
1212,6,58,hortelanos,263,193,2,385,170,0,4,0,73,117,0,0,0,3,,0,0
1212,6,59,hortelanos,263,193,2,377,221,0,5,0,109,153,0,0,0,3,,0,0
1212,6,60,hortelanos,263,193,2,358,292,0,6,0,127,171,0,0,0,3,,0,0
1212,6,61,hortelanos,263,193,2,405,310,0,4,0,127,171,0,0,0,3,1,32,0
1212,6,62,hortelanos,264,197,2,403,369,0,4,0,127,171,0,2,0,3,,0,0
1212,6,63,hortelanos,372,255,3,401,431,0,4,0,127,174,0,0,0,4,,0,0
1212,6,64,hortelanos,372,257,3,405,477,0,4,0,127,186,0,0,0,4,,0,0
1212,6,65,hortelanos,372,258,3,409,487,0,4,0,93,152,0,0,0,4,,0,0
1212,6,66,hortelanos,372,258,3,415,486,0,4,0,82,143,0,0,0,4,,0,0
1212,6,67,hortelanos,372,258,3,466,464,0,4,0,82,143,0,0,0,4,1,37,0
1212,6,68,hortelanos,380,258,3,437,456,0,4,0,82,143,0,2,0,4,,0,0
1212,6,69,hortelanos,380,258,3,388,476,0,4,0,106,167,0,0,0,4,,0,0
1212,6,70,hortelanos,380,258,3,359,491,0,4,0,106,167,0,2,0,4,,0,0
1212,6,71,hortelanos,380,258,3,330,484,0,4,0,88,152,0,0,0,4,,0,0
1212,6,72,hortelanos,388,258,3,361,478,0,4,0,88,142,0,0,0,4,,0,0
1212,6,73,hortelanos,388,258,3,466,465,0,4,0,88,142,0,0,0,4,1,24,0
1212,6,74,hortelanos,388,258,3,467,463,0,4,0,88,142,0,0,0,4,,0,0
1212,6,75,hortelanos,388,258,3,468,459,0,4,0,88,142,0,0,0,4,,0,0
1212,6,76,hortelanos,389,261,3,469,455,0,4,0,88,142,0,1,0,4,,0,0
1212,6,77,hortelanos,389,264,3,470,461,0,4,0,97,151,0,0,0,4,,0,0
1212,6,78,hortelanos,390,267,3,481,466,0,4,0,97,161,0,0,0,4,,0,0
1212,6,79,hortelanos,391,270,3,613,456,0,4,0,97,161,0,0,0,4,1,18,0
1212,6,80,hortelanos,391,273,3,656,457,0,4,0,97,163,0,0,0,4,,0,0
1212,6,81,hortelanos,400,276,3,699,457,0,4,0,97,163,0,0,0,4,,0,0
1212,6,82,hortelanos,400,279,3,742,456,0,4,0,97,163,0,0,0,4,,0,0
1212,6,83,hortelanos,401,283,3,787,490,0,4,0,133,201,0,0,0,4,,0,0
1212,6,84,hortelanos,402,287,3,676,521,0,4,0,133,201,0,0,0,4,,0,0
1212,6,85,hortelanos,402,288,3,766,517,0,4,0,133,201,0,0,0,4,1,26,0
1212,6,86,hortelanos,402,288,3,756,556,0,4,0,139,209,0,0,0,4,,0,0
1212,6,87,hortelanos,417,324,4,739,594,0,4,0,139,209,0,0,0,4,,0,0
1212,6,88,hortelanos,418,325,4,726,621,0,4,0,139,215,0,0,0,4,,0,0
1212,6,89,hortelanos,418,326,4,706,621,0,4,0,112,188,0,0,0,4,,0,0
1212,6,90,hortelanos,418,327,4,693,621,0,4,0,112,188,0,0,0,4,,0,0
1212,6,91,hortelanos,418,328,4,732,602,0,4,0,112,188,0,0,0,4,1,39,0
1212,6,92,hortelanos,419,330,4,683,600,0,4,0,112,190,0,1,0,4,,0,0
1212,6,93,hortelanos,427,332,4,659,602,0,4,0,116,194,0,1,0,4,,0,0
1212,6,94,hortelanos,427,334,4,629,608,0,4,0,121,199,0,1,0,4,,0,0
1212,6,95,hortelanos,428,336,4,601,598,0,4,0,103,181,0,0,0,4,,0,0
1212,6,96,hortelanos,428,338,4,554,588,0,4,0,103,171,0,0,0,4,,0,0
1212,6,97,hortelanos,429,340,4,629,566,0,4,0,103,173,0,0,0,4,1,24,0
1212,6,98,hortelanos,429,342,4,594,554,0,4,0,103,173,0,1,0,4,,0,0
1212,6,99,hortelanos,429,344,4,552,545,0,4,0,103,177,0,0,0,4,,0,0
1212,6,100,hortelanos,430,346,4,517,526,0,4,0,103,177,0,0,0,4,,0,0
1212,6,101,hortelanos,430,348,4,478,524,0,4,0,112,186,0,1,0,4,,0,0
1212,6,102,hortelanos,431,351,4,451,523,0,4,0,112,198,0,0,0,4,,0,0
1212,6,103,hortelanos,439,354,4,559,522,0,4,0,112,198,0,0,0,4,1,25,0
1212,6,104,hortelanos,440,357,4,551,523,0,4,0,112,198,0,0,0,4,,0,0
1212,6,105,hortelanos,441,360,4,543,523,0,4,0,112,198,0,0,0,4,,0,0
1212,6,106,hortelanos,441,363,4,538,522,0,4,0,112,200,0,0,0,4,,0,0
1212,6,107,hortelanos,442,366,4,532,555,0,4,0,148,236,0,0,0,4,,0,0
1212,6,108,hortelanos,442,369,4,526,586,0,4,0,148,236,0,0,0,4,,0,0
1212,6,109,hortelanos,443,373,4,629,615,0,4,0,148,238,0,0,0,4,1,18,0
1212,6,110,hortelanos,444,377,4,606,639,0,4,0,148,238,0,0,0,4,,0,0
1212,6,111,hortelanos,444,378,4,584,661,0,4,0,148,238,0,0,0,4,,0,0
1212,6,112,hortelanos,444,378,4,563,682,0,4,0,148,240,0,0,0,4,,0,0
1212,6,113,hortelanos,444,378,4,542,676,0,4,0,121,213,0,0,0,4,,0,0
1212,6,114,hortelanos,604,378,4,524,670,0,4,0,121,213,0,1,1,5,,0,0
1212,6,115,hortelanos,605,382,4,689,643,0,4,0,150,242,0,0,0,5,1,25,0
1212,6,116,hortelanos,605,382,4,705,665,0,4,0,150,242,0,0,0,5,,0,0
1212,6,117,hortelanos,626,447,5,721,686,0,4,0,150,242,0,0,0,5,,0,0
1212,6,118,hortelanos,626,447,5,741,688,0,4,0,150,254,0,0,0,5,,0,0
1212,6,119,hortelanos,626,447,5,761,692,0,4,0,150,254,0,0,0,5,,0,0
1212,6,120,hortelanos,626,447,5,771,696,0,4,0,150,244,0,0,0,5,,0,0
1212,6,121,hortelanos,625,443,5,817,643,0,4,0,150,244,0,0,0,5,1,30,0
1212,6,122,hortelanos,625,443,5,797,649,0,4,0,150,244,0,0,0,5,,0,0
1212,6,123,hortelanos,651,533,6,777,655,0,4,0,150,244,0,2,0,5,,0,0
1212,6,124,hortelanos,651,533,6,758,666,0,4,0,174,286,0,0,0,5,,0,0
1212,6,125,hortelanos,651,533,6,749,672,0,4,0,174,286,0,0,0,5,,0,0
1212,6,126,hortelanos,652,536,6,750,678,0,4,0,174,296,0,2,0,5,,0,0
1212,6,127,hortelanos,652,539,6,851,636,0,4,0,174,296,0,0,0,5,1,35,0
1212,6,128,hortelanos,653,542,6,879,643,0,4,0,174,298,0,4,0,5,,0,0
1212,6,129,hortelanos,678,587,7,897,666,0,4,0,184,311,0,0,0,5,,0,0
1212,6,130,hortelanos,679,592,7,924,673,0,4,0,184,319,0,2,0,5,,0,0
1212,6,131,hortelanos,680,598,7,953,700,0,4,0,203,343,0,0,0,5,,0,0
1212,6,132,hortelanos,681,604,7,982,700,0,4,0,177,317,0,0,0,5,,0,0
1212,6,133,hortelanos,682,608,7,1116,690,0,2,0,177,317,0,0,0,5,1,40,0
1212,6,134,hortelanos,691,610,7,1149,684,0,2,0,177,321,0,2,0,5,,0,0
1212,6,135,hortelanos,691,612,7,1162,700,0,2,0,196,340,0,0,0,5,,0,0
1212,6,136,hortelanos,691,614,7,1195,703,0,0,0,196,340,0,2,0,5,,0,0
1212,6,137,hortelanos,700,616,7,1192,704,0,0,0,182,326,0,0,0,5,,0,0
1212,6,138,hortelanos,700,618,7,1225,728,0,0,0,211,355,0,2,0,5,,0,0
1212,6,139,hortelanos,700,618,7,1336,763,0,0,0,219,365,0,0,0,5,1,25,0
1212,6,140,hortelanos,700,618,7,1371,796,0,0,0,219,365,0,0,0,5,,0,0
1212,6,141,hortelanos,700,618,7,1406,828,0,0,0,219,365,0,0,0,5,,0,0
1212,6,142,hortelanos,700,618,7,1441,859,0,0,0,219,365,0,0,0,5,,0,0
1212,6,143,hortelanos,700,618,7,1476,878,0,0,0,208,354,0,0,0,5,,0,0
1212,6,144,hortelanos,700,618,7,1501,896,0,0,0,208,344,0,0,0,5,,0,0
1212,6,145,hortelanos,700,618,7,1599,906,0,0,0,208,344,0,0,0,5,1,30,0
1212,6,146,hortelanos,700,618,7,1624,923,0,0,0,208,344,0,0,0,5,,0,0
1212,6,147,hortelanos,708,618,7,1649,939,0,0,0,208,344,0,0,0,5,,0,0
1212,6,148,hortelanos,708,618,7,1674,955,0,0,0,208,344,0,0,0,5,,0,0
1212,6,149,hortelanos,708,618,7,1699,975,0,0,0,213,349,0,0,0,5,,0,0
1212,6,150,hortelanos,708,618,7,1734,994,0,0,0,213,359,0,0,0,5,,0,0
1212,6,151,hortelanos,708,618,7,1813,953,0,0,0,213,359,0,0,0,5,1,41,0
1212,6,152,hortelanos,716,618,7,1802,1003,0,2,0,254,400,0,0,0,5,,0,0
1212,6,153,hortelanos,738,688,8,1791,1055,0,4,0,254,400,0,0,0,5,,0,0
1212,6,154,hortelanos,738,688,8,1782,1074,0,6,0,254,414,0,0,0,5,,0,0
1212,6,155,hortelanos,738,688,8,1773,1131,0,6,0,280,440,0,0,0,5,,0,0
1212,6,156,hortelanos,746,688,8,1764,1186,0,8,0,280,440,0,0,0,5,,0,0
1212,6,157,hortelanos,746,688,8,1931,1201,0,8,0,280,440,0,0,0,5,1,22,0
1212,6,158,hortelanos,746,688,8,1943,1250,0,8,0,280,440,0,2,0,5,,0,0
1212,6,159,hortelanos,765,740,9,1945,1315,0,8,0,294,454,0,0,0,5,,0,0
1212,6,160,hortelanos,765,742,9,1960,1363,0,8,0,294,464,0,1,0,5,,0,0
1212,6,161,hortelanos,765,744,9,1975,1392,0,8,0,275,445,0,0,0,5,,0,0
1212,6,162,hortelanos,766,746,9,1990,1419,0,8,0,275,445,0,0,0,5,,0,0
1212,6,163,hortelanos,767,752,9,1967,1411,0,8,0,275,445,0,0,0,5,1,28,0
1212,6,164,hortelanos,768,755,9,1977,1428,0,8,0,275,447,0,3,0,5,,0,0
1212,6,165,hortelanos,786,805,10,1994,1463,0,8,0,289,461,0,0,0,5,,0,0
1212,6,166,hortelanos,787,810,10,1997,1483,0,8,0,289,469,0,1,0,5,,0,0
1212,6,167,hortelanos,788,815,10,2004,1488,0,8,0,274,454,0,0,0,5,,0,0
1212,6,168,hortelanos,789,821,10,2004,1492,0,8,0,274,448,0,0,0,5,,0,0
1212,6,169,hortelanos,789,823,10,2052,1475,0,8,0,274,448,0,0,0,5,1,30,0
1212,6,170,hortelanos,791,832,10,2048,1472,0,8,0,274,450,0,1,0,5,,0,0
1212,6,171,hortelanos,793,841,10,2050,1466,0,8,0,274,450,0,2,0,5,,0,0
1212,6,172,hortelanos,794,849,10,2053,1472,0,8,0,284,460,0,1,0,5,,0,0
1212,6,173,hortelanos,796,857,10,2056,1483,0,8,0,291,477,0,0,0,5,,0,0
1212,6,174,hortelanos,798,868,10,2071,1491,0,8,0,291,489,0,1,0,5,,0,0
1212,6,175,hortelanos,800,879,10,2217,1471,0,8,0,291,491,0,0,0,5,1,34,0
1212,6,176,hortelanos,802,888,10,2235,1475,0,8,0,291,491,0,1,0,5,,0,0
1212,6,177,hortelanos,812,895,10,2256,1478,0,8,0,291,499,0,0,0,5,,0,0
1212,6,178,hortelanos,813,902,10,2279,1480,0,8,0,291,501,0,0,0,5,,0,0
1212,6,179,hortelanos,814,906,10,2302,1496,0,7,0,320,530,0,0,0,5,,0,0
1212,6,180,hortelanos,822,909,10,2327,1522,0,7,0,320,532,0,0,0,5,,0,0
1212,6,181,hortelanos,823,913,10,2458,1536,0,5,0,320,534,0,0,0,5,1,24,0
1212,6,182,hortelanos,824,917,10,2485,1557,0,5,0,320,534,0,1,0,5,,0,0
1212,6,183,hortelanos,824,918,10,2513,1578,0,5,0,320,534,0,0,0,5,,0,0
1212,6,184,hortelanos,824,918,10,2542,1598,0,5,0,320,536,0,0,0,5,,0,0
1212,6,185,hortelanos,824,918,10,2571,1597,0,5,0,299,515,0,0,0,5,,0,0
1212,6,186,hortelanos,824,918,10,2600,1596,0,5,0,299,515,0,0,0,5,,0,0
1212,6,187,hortelanos,826,926,10,2788,1572,0,5,0,299,515,0,0,0,5,1,21,0
1212,6,188,hortelanos,826,926,10,2817,1568,0,5,0,299,515,0,1,0,5,,0,0
1212,6,189,hortelanos,848,996,11,2847,1566,0,5,0,299,515,0,0,0,5,,0,0
1212,6,190,hortelanos,848,996,11,2878,1547,0,5,0,299,529,0,0,0,5,,0,0
1212,6,191,hortelanos,848,996,11,2912,1514,0,5,0,284,514,0,0,0,5,,0,0
1212,6,192,hortelanos,848,996,11,2937,1483,0,5,0,284,504,0,0,0,5,,0,0
1212,6,193,hortelanos,967,992,11,3050,1443,0,5,0,284,504,0,1,1,5,1,31,0
1212,6,194,hortelanos,967,992,11,3109,1434,0,5,0,300,519,0,0,0,5,,0,0
1212,6,195,hortelanos,967,992,11,3168,1425,0,5,0,300,519,0,2,0,5,,0,0
1212,6,196,hortelanos,967,992,11,3217,1436,0,5,0,316,535,0,0,0,5,,0,0
1212,6,197,hortelanos,967,992,11,3276,1451,0,5,0,323,542,0,0,0,5,,0,0
1212,6,198,hortelanos,968,995,11,3344,1464,0,5,0,323,551,0,2,0,5,,0,0
1212,6,199,hortelanos,967,994,11,3439,1458,0,5,0,323,551,0,0,0,5,1,31,0
1212,6,200,hortelanos,968,997,11,3494,1472,0,5,0,323,551,0,0,0,5,,0,0
1212,6,1,mercaderes,39,116,1,468,51,0,0,0,13,45,0,0,0,0,1,3,0
1212,6,2,mercaderes,39,116,1,483,34,0,0,0,13,32,0,0,0,0,,0,0
1212,6,3,mercaderes,39,116,1,498,18,0,0,0,13,32,0,0,0,0,,0,0
1212,6,4,mercaderes,39,116,1,513,2,0,0,0,13,32,0,0,0,0,,0,0
1212,6,5,mercaderes,38,116,1,528,0,0,0,0,18,37,1,0,0,0,,0,0
1212,6,6,mercaderes,37,116,1,554,0,0,0,0,18,48,1,0,0,0,,0,0
1212,6,7,mercaderes,35,113,1,484,0,0,0,0,18,48,1,0,0,0,1,23,0
1212,6,8,mercaderes,34,110,1,414,4,0,2,0,18,48,1,0,0,0,,0,0
1212,6,9,mercaderes,32,107,1,344,4,0,4,0,18,48,1,0,0,0,,0,0
1212,6,10,mercaderes,30,104,1,272,4,0,6,0,18,46,1,0,0,0,,0,0
1212,6,11,mercaderes,30,104,1,200,14,0,7,0,32,60,0,0,0,0,,0,0
1212,6,12,mercaderes,30,104,1,210,24,0,8,0,32,60,0,0,0,0,,0,0
1212,6,13,mercaderes,30,104,1,297,33,0,7,0,32,60,0,0,0,0,1,11,0
1212,6,14,mercaderes,30,104,1,264,46,0,6,0,32,60,0,0,0,0,,0,0
1212,6,15,mercaderes,30,104,1,258,62,0,4,0,36,64,0,0,0,0,,0,0
1212,6,16,mercaderes,30,104,1,277,78,0,2,0,36,64,0,0,0,0,,0,0
1212,6,17,mercaderes,30,104,1,301,70,0,0,0,18,46,0,0,0,0,,0,0
1212,6,18,mercaderes,30,104,1,325,60,0,0,0,18,46,0,0,0,0,,0,0
1212,6,19,mercaderes,30,104,1,339,50,0,0,0,18,46,0,0,0,0,1,16,0
1212,6,20,mercaderes,30,104,1,307,48,0,0,0,18,46,0,0,0,0,,0,0
1212,6,21,mercaderes,30,104,1,275,46,0,0,0,18,46,0,0,0,0,,0,0
1212,6,22,mercaderes,30,104,1,243,44,0,0,0,18,46,0,0,0,0,,0,0
1212,6,23,mercaderes,30,104,1,229,37,0,0,0,13,41,0,0,0,0,,0,0
1212,6,24,mercaderes,30,104,1,243,31,0,0,0,13,31,0,0,0,0,,0,0
1212,6,25,mercaderes,30,104,1,278,18,0,0,0,13,31,0,0,0,0,1,12,0
1212,6,26,mercaderes,30,104,1,235,12,0,0,0,13,31,0,0,0,0,,0,0
1212,6,27,mercaderes,29,104,1,192,7,0,0,0,13,31,1,0,0,0,,0,0
1212,6,28,mercaderes,28,104,1,197,7,0,0,0,13,31,1,0,0,0,,0,0
1212,6,29,mercaderes,27,101,1,211,2,0,0,0,18,36,1,0,0,0,,0,0
1212,6,30,mercaderes,25,98,1,235,0,0,0,0,18,46,1,0,0,0,,0,0
1212,6,31,mercaderes,24,96,1,219,0,0,0,0,16,42,1,0,0,0,1,11,0
1212,6,32,mercaderes,22,94,1,170,4,0,2,0,16,42,1,0,0,0,,0,0
1212,6,33,mercaderes,21,92,1,187,4,0,3,0,16,42,1,0,0,0,,0,0
1212,6,34,mercaderes,20,90,1,209,1,0,3,0,13,39,1,0,0,0,,0,0
1212,6,35,mercaderes,20,90,1,231,6,0,2,0,27,53,0,0,0,0,,0,0
1212,6,36,mercaderes,20,90,1,253,11,0,1,0,27,53,0,0,0,0,,0,0
1212,6,37,mercaderes,20,90,1,248,16,0,0,0,27,53,0,0,0,0,1,15,0
1212,6,38,mercaderes,20,90,1,188,25,0,1,0,27,41,0,0,0,0,,0,0
1212,6,39,mercaderes,20,90,1,154,34,0,1,0,27,41,0,0,0,0,,0,0
1212,6,40,mercaderes,20,90,1,160,43,0,0,0,27,41,0,0,0,0,,0,0
1212,6,41,mercaderes,20,90,1,171,41,0,0,0,20,34,0,0,0,0,,0,0
1212,6,42,mercaderes,20,90,1,182,38,0,0,0,20,34,0,0,0,0,,0,0
1212,6,43,mercaderes,20,90,1,190,35,0,0,0,20,34,0,0,0,0,1,9,0
1212,6,44,mercaderes,20,90,1,144,39,0,0,0,20,34,0,0,0,0,,0,0
1212,6,45,mercaderes,20,90,1,150,45,0,0,0,22,36,0,0,0,0,,0,0
1212,6,46,mercaderes,20,90,1,161,45,0,0,0,22,36,0,0,0,0,,0,0
1212,6,47,mercaderes,20,90,1,172,35,0,0,0,13,27,0,0,0,0,,0,0
1212,6,48,mercaderes,20,90,1,183,25,0,0,0,13,27,0,0,0,0,,0,0
1212,6,49,mercaderes,20,90,1,173,16,0,0,0,13,27,0,0,0,0,1,9,0
1212,6,50,mercaderes,20,90,1,127,14,0,0,0,13,27,0,0,0,0,,0,0
1212,6,51,mercaderes,20,90,1,129,12,0,0,0,13,27,0,0,0,0,,0,0
1212,6,52,mercaderes,20,90,1,140,5,0,0,0,13,27,0,0,0,0,,0,0
1212,6,53,mercaderes,20,90,1,151,1,0,0,0,18,32,0,0,0,0,,0,0
1212,6,54,mercaderes,19,90,1,168,0,0,0,0,18,38,1,0,0,0,,0,0
1212,6,55,mercaderes,18,90,1,129,0,0,0,0,18,38,1,0,0,0,1,7,0
1212,6,56,mercaderes,16,88,1,136,4,0,2,0,18,38,1,0,0,0,,0,0
1212,6,57,mercaderes,16,88,1,152,2,0,2,0,18,37,0,0,0,0,,0,0
1212,6,58,mercaderes,15,88,1,168,0,0,2,0,18,37,1,0,0,0,,0,0
1212,6,59,mercaderes,15,88,1,184,14,0,1,0,36,55,0,0,0,0,,0,0
1212,6,60,mercaderes,15,88,1,200,28,0,0,0,36,55,0,0,0,0,,0,0
1212,6,61,mercaderes,15,88,1,147,41,0,0,0,36,55,0,0,0,0,1,10,0
1212,6,62,mercaderes,15,88,1,127,57,0,2,0,36,55,0,0,0,0,,0,0
1212,6,63,mercaderes,15,88,1,138,74,0,0,0,36,55,0,0,0,0,,0,0
1212,6,64,mercaderes,15,88,1,154,86,0,0,0,36,55,0,0,0,0,,0,0
1212,6,65,mercaderes,15,88,1,170,83,0,0,0,22,41,0,0,0,0,,0,0
1212,6,66,mercaderes,15,88,1,186,80,0,0,0,22,41,0,0,0,0,,0,0
1212,6,67,mercaderes,14,84,1,162,68,0,0,0,22,41,0,0,0,0,1,10,0
1212,6,68,mercaderes,14,84,1,122,74,0,0,0,22,41,0,0,0,0,,0,0
1212,6,69,mercaderes,14,84,1,125,79,0,0,0,22,41,0,0,0,0,,0,0
1212,6,70,mercaderes,29,84,1,141,80,0,0,0,22,41,0,0,0,1,,0,0
1212,6,71,mercaderes,29,84,1,157,70,0,0,0,13,32,0,0,0,1,,0,0
1212,6,72,mercaderes,29,84,1,167,60,0,0,0,13,26,0,0,0,1,,0,0
1212,6,73,mercaderes,29,80,1,137,27,0,0,0,13,26,0,0,0,1,1,13,0
1212,6,74,mercaderes,29,80,1,100,27,0,0,0,13,26,0,0,0,1,,0,0
1212,6,75,mercaderes,47,80,1,110,27,0,0,0,13,26,0,0,0,2,,0,0
1212,6,76,mercaderes,47,80,1,120,20,0,0,0,13,26,0,0,0,2,,0,0
1212,6,77,mercaderes,47,80,1,130,18,0,0,0,18,31,0,0,0,2,,0,0
1212,6,78,mercaderes,47,80,1,146,16,0,0,0,18,37,0,0,0,2,,0,0
1212,6,79,mercaderes,47,80,1,119,14,0,0,0,18,37,0,0,0,2,1,8,0
1212,6,80,mercaderes,47,80,1,121,14,0,1,0,18,37,0,1,0,2,,0,0
1212,6,81,mercaderes,47,80,1,137,15,0,0,0,18,37,0,0,0,2,,0,0
1212,6,82,mercaderes,47,80,1,153,13,0,0,0,18,37,0,0,0,2,,0,0
1212,6,83,mercaderes,47,80,1,169,28,0,0,0,36,55,0,0,0,2,,0,0
1212,6,84,mercaderes,47,80,1,185,43,0,0,0,36,55,0,0,0,2,,0,0
1212,6,85,mercaderes,47,80,1,131,57,0,0,0,36,55,0,0,0,2,1,8,0
1212,6,86,mercaderes,47,80,1,121,75,0,2,0,36,55,0,0,0,2,,0,0
1212,6,87,mercaderes,47,80,1,137,94,0,0,0,36,55,0,0,0,2,,0,0
1212,6,88,mercaderes,47,80,1,153,106,0,0,0,36,55,0,0,0,2,,0,0
1212,6,89,mercaderes,47,80,1,169,104,0,0,0,22,41,0,0,0,2,,0,0
1212,6,90,mercaderes,47,80,1,185,102,0,0,0,22,41,0,0,0,2,,0,0
1212,6,91,mercaderes,46,76,1,155,78,0,0,0,22,41,0,0,0,2,1,15,0
1212,6,92,mercaderes,46,76,1,113,85,0,0,0,22,39,0,0,0,2,,0,0
1212,6,93,mercaderes,54,76,1,114,92,0,0,0,22,39,0,0,0,2,,0,0
1212,6,94,mercaderes,54,76,1,128,95,0,0,0,22,39,0,0,0,2,,0,0
1212,6,95,mercaderes,54,76,1,142,86,0,0,0,13,30,0,0,0,2,,0,0
1212,6,96,mercaderes,54,76,1,151,77,0,0,0,13,25,0,0,0,2,,0,0
1212,6,97,mercaderes,53,72,1,121,47,0,0,0,13,25,0,0,0,2,1,15,0
1212,6,98,mercaderes,53,72,1,101,46,0,0,0,13,25,0,0,0,2,,0,0
1212,6,99,mercaderes,61,72,1,105,45,0,0,0,13,25,0,1,0,2,,0,0
1212,6,100,mercaderes,61,72,1,114,40,0,0,0,13,25,0,0,0,2,,0,0
1212,6,101,mercaderes,61,72,1,123,39,0,0,0,18,30,0,0,0,2,,0,0
1212,6,102,mercaderes,61,72,1,137,38,0,0,0,18,35,0,0,0,2,,0,0
1212,6,103,mercaderes,61,72,1,107,37,0,0,0,18,35,0,0,0,2,1,8,0
1212,6,104,mercaderes,61,72,1,116,38,0,1,0,18,35,0,1,0,2,,0,0
1212,6,105,mercaderes,61,72,1,130,39,0,0,0,18,35,0,0,0,2,,0,0
1212,6,106,mercaderes,61,72,1,144,38,0,0,0,18,35,0,0,0,2,,0,0
1212,6,107,mercaderes,61,72,1,158,54,0,0,0,36,53,0,0,0,2,,0,0
1212,6,108,mercaderes,61,72,1,172,70,0,0,0,36,53,0,0,0,2,,0,0
1212,6,109,mercaderes,61,72,1,112,85,0,0,0,36,53,0,0,0,2,1,7,0
1212,6,110,mercaderes,61,72,1,109,103,0,2,0,36,53,0,0,0,2,,0,0
1212,6,111,mercaderes,61,72,1,123,121,0,2,0,36,53,0,0,0,2,,0,0
1212,6,112,mercaderes,61,72,1,137,134,0,2,0,36,53,0,0,0,2,,0,0
1212,6,113,mercaderes,61,72,1,151,133,0,2,0,22,39,0,0,0,2,,0,0
1212,6,114,mercaderes,61,72,1,165,132,0,2,0,22,39,0,0,0,2,,0,0
1212,6,115,mercaderes,61,72,1,117,118,0,2,0,22,39,0,0,0,2,1,10,0
1212,6,116,mercaderes,61,72,1,122,118,0,2,0,22,39,0,0,0,2,,0,0
1212,6,117,mercaderes,69,72,1,136,118,0,2,0,22,39,0,0,0,2,,0,0
1212,6,118,mercaderes,69,72,1,150,118,0,2,0,22,39,0,0,0,2,,0,0
1212,6,119,mercaderes,69,72,1,164,109,0,2,0,13,30,0,0,0,2,,0,0
1212,6,120,mercaderes,69,72,1,173,100,0,2,0,13,25,0,0,0,2,,0,0
1212,6,121,mercaderes,69,72,1,154,81,0,0,0,12,24,0,0,0,2,1,13,0
1212,6,122,mercaderes,69,72,1,107,78,0,0,0,12,24,0,0,0,2,,0,0
1212,6,123,mercaderes,77,72,1,116,75,0,0,0,12,24,0,1,0,2,,0,0
1212,6,124,mercaderes,77,72,1,125,67,0,0,0,12,24,0,0,0,2,,0,0
1212,6,125,mercaderes,77,72,1,134,65,0,0,0,18,30,0,0,0,2,,0,0
1212,6,126,mercaderes,77,72,1,148,63,0,0,0,18,35,0,0,0,2,,0,0
1212,6,127,mercaderes,77,72,1,109,48,0,0,0,18,35,0,0,0,2,1,11,0
1212,6,128,mercaderes,77,72,1,123,49,0,2,0,18,35,0,1,0,2,,0,0
1212,6,129,mercaderes,85,72,1,137,49,0,1,0,18,35,0,0,0,2,,0,0
1212,6,130,mercaderes,85,72,1,151,49,0,0,0,18,35,0,0,0,2,,0,0
1212,6,131,mercaderes,85,72,1,165,65,0,0,0,36,53,0,0,0,2,,0,0
1212,6,132,mercaderes,85,72,1,179,80,0,0,0,36,53,0,0,0,2,,0,0
1212,6,133,mercaderes,85,72,1,127,95,0,0,0,36,53,0,0,0,2,1,9,0
1212,6,134,mercaderes,85,72,1,112,111,0,2,0,36,53,0,1,0,2,,0,0
1212,6,135,mercaderes,85,72,1,126,128,0,2,0,36,53,0,0,0,2,,0,0
1212,6,136,mercaderes,85,72,1,140,141,0,2,0,36,53,0,0,0,2,,0,0
1212,6,137,mercaderes,85,72,1,154,140,0,2,0,22,39,0,0,0,2,,0,0
1212,6,138,mercaderes,85,72,1,168,139,0,2,0,22,39,0,0,0,2,,0,0
1212,6,139,mercaderes,85,72,1,149,129,0,2,0,22,39,0,0,0,2,1,15,0
1212,6,140,mercaderes,85,72,1,115,128,0,2,0,22,39,0,0,0,2,,0,0
1212,6,141,mercaderes,93,72,1,129,127,0,2,0,22,39,0,0,0,2,,0,0
1212,6,142,mercaderes,93,72,1,143,126,0,2,0,22,39,0,0,0,2,,0,0
1212,6,143,mercaderes,93,72,1,157,116,0,2,0,12,29,0,0,0,2,,0,0
1212,6,144,mercaderes,93,72,1,166,106,0,2,0,12,24,0,0,0,2,,0,0
1212,6,145,mercaderes,93,72,1,173,97,0,2,0,13,25,0,0,0,2,1,12,0
1212,6,146,mercaderes,93,72,1,149,93,0,0,0,13,25,0,0,0,2,,0,0
1212,6,147,mercaderes,93,72,1,125,87,0,0,0,13,25,0,0,0,2,,0,0
1212,6,148,mercaderes,93,72,1,129,81,0,0,0,13,25,0,0,0,2,,0,0
1212,6,149,mercaderes,93,72,1,138,75,0,0,0,18,30,0,0,0,2,,0,0
1212,6,150,mercaderes,93,72,1,152,72,0,0,0,18,35,0,0,0,2,,0,0
1212,6,151,mercaderes,93,72,1,127,70,0,0,0,18,35,0,0,0,2,1,10,0
1212,6,152,mercaderes,93,72,1,129,72,0,1,0,18,40,0,0,0,2,,0,0
1212,6,153,mercaderes,93,72,1,143,74,0,1,0,18,40,0,0,0,2,,0,0
1212,6,154,mercaderes,93,72,1,162,73,0,1,0,18,40,0,0,0,2,,0,0
1212,6,155,mercaderes,93,72,1,181,88,0,1,0,36,58,0,0,0,2,,0,0
1212,6,156,mercaderes,101,72,1,200,102,0,1,0,36,58,0,0,0,2,,0,0
1212,6,157,mercaderes,101,72,1,174,116,0,1,0,36,58,0,0,0,2,1,9,0
1212,6,158,mercaderes,101,72,1,123,133,0,2,0,36,58,0,0,0,2,,0,0
1212,6,159,mercaderes,101,72,1,142,149,0,3,0,36,58,0,0,0,2,,0,0
1212,6,160,mercaderes,101,72,1,161,161,0,3,0,36,58,0,0,0,2,,0,0
1212,6,161,mercaderes,101,72,1,180,159,0,3,0,22,44,0,0,0,2,,0,0
1212,6,162,mercaderes,101,72,1,199,157,0,3,0,22,44,0,0,0,2,,0,0
1212,6,163,mercaderes,102,76,1,174,155,0,3,0,22,44,0,0,0,2,1,6,0
1212,6,164,mercaderes,102,76,1,148,152,0,3,0,22,44,0,0,0,2,,0,0
1212,6,165,mercaderes,102,76,1,167,149,0,3,0,22,44,0,0,0,2,,0,0
1212,6,166,mercaderes,102,76,1,186,146,0,3,0,22,44,0,0,0,2,,0,0
1212,6,167,mercaderes,102,76,1,205,138,0,0,0,13,35,0,0,0,2,,0,0
1212,6,168,mercaderes,102,76,1,218,127,0,0,0,13,29,0,0,0,2,,0,0
1212,6,169,mercaderes,101,72,1,160,107,0,0,0,13,29,0,0,0,2,1,6,0
1212,6,170,mercaderes,101,72,1,110,98,0,0,0,13,29,0,0,0,2,,0,0
1212,6,171,mercaderes,101,72,1,123,90,0,0,0,13,29,0,0,0,2,,0,0
1212,6,172,mercaderes,101,72,1,136,82,0,0,0,13,29,0,0,0,2,,0,0
1212,6,173,mercaderes,101,72,1,149,79,0,0,0,18,34,0,0,0,2,,0,0
1212,6,174,mercaderes,101,72,1,168,76,0,0,0,18,40,0,0,0,2,,0,0
1212,6,175,mercaderes,101,72,1,135,60,0,0,0,18,40,0,0,0,2,1,17,0
1212,6,176,mercaderes,101,72,1,141,62,0,2,0,18,40,0,0,0,2,,0,0
1212,6,177,mercaderes,109,72,1,160,64,0,0,0,18,40,0,0,0,2,,0,0
1212,6,178,mercaderes,109,72,1,179,62,0,0,0,18,40,0,0,0,2,,0,0
1212,6,179,mercaderes,109,72,1,198,77,0,0,0,36,58,0,0,0,2,,0,0
1212,6,180,mercaderes,109,72,1,217,92,0,0,0,36,58,0,0,0,2,,0,0
1212,6,181,mercaderes,109,72,1,168,106,0,0,0,36,58,0,0,0,2,1,10,0
1212,6,182,mercaderes,109,72,1,143,124,0,2,0,36,58,0,0,0,2,,0,0
1212,6,183,mercaderes,109,72,1,145,141,0,2,0,36,58,0,0,0,2,,0,0
1212,6,184,mercaderes,109,72,1,164,166,0,2,0,45,67,0,0,0,2,,0,0
1212,6,185,mercaderes,109,72,1,183,162,0,2,0,28,50,0,0,0,2,,0,0
1212,6,186,mercaderes,109,72,1,202,166,0,2,0,28,50,0,0,0,2,,0,0
1212,6,187,mercaderes,109,72,1,141,131,0,2,0,28,50,0,0,0,2,1,6,0
1212,6,188,mercaderes,109,72,1,115,136,0,2,0,28,50,0,0,0,2,,0,0
1212,6,189,mercaderes,145,114,2,134,141,0,2,0,28,50,0,0,0,3,,0,0
1212,6,190,mercaderes,145,114,2,154,130,0,2,0,22,54,0,0,0,3,,0,0
1212,6,191,mercaderes,153,114,2,174,111,0,2,0,13,45,0,0,0,3,,0,0
1212,6,192,mercaderes,153,114,2,188,95,0,0,0,13,39,0,0,0,3,,0,0
1212,6,193,mercaderes,153,114,2,175,74,0,0,0,10,36,0,0,0,3,1,12,0
1212,6,194,mercaderes,153,114,2,133,59,0,0,0,10,36,0,0,0,3,,0,0
1212,6,195,mercaderes,153,114,2,134,45,0,0,0,10,36,0,1,0,3,,0,0
1212,6,196,mercaderes,153,114,2,148,33,0,0,0,14,40,0,0,0,3,,0,0
1212,6,197,mercaderes,153,114,2,162,28,0,0,0,24,50,0,0,0,3,,0,0
1212,6,198,mercaderes,153,114,2,182,24,0,0,0,24,56,0,0,0,3,,0,0
1212,6,199,mercaderes,153,114,2,152,20,0,0,0,24,56,0,0,0,3,1,10,0
1212,6,200,mercaderes,153,114,2,132,20,0,2,0,24,56,0,0,0,3,,0,0
1212,6,1,mesta,22,30,1,42,75,0,0,0,5,11,0,0,0,0,1,5,0
1212,6,2,mesta,22,30,1,41,69,0,0,0,5,8,0,0,0,0,,0,0
1212,6,3,mesta,22,30,1,40,63,0,0,0,5,8,0,0,0,0,,0,0
1212,6,4,mesta,22,30,1,39,57,0,0,0,5,8,0,0,0,0,,0,0
1212,6,5,mesta,22,30,1,38,52,0,0,0,6,9,0,1,0,0,,0,0
1212,6,6,mesta,22,30,1,48,49,0,0,0,6,20,0,0,0,0,,0,0
1212,6,7,mesta,21,27,1,38,37,0,0,0,6,20,0,0,0,0,1,1,0
1212,6,8,mesta,21,27,1,46,36,0,0,0,6,18,0,0,0,0,,0,0
1212,6,9,mesta,21,27,1,54,35,0,0,0,6,18,0,0,0,0,,0,0
1212,6,10,mesta,21,27,1,62,34,0,0,0,6,18,0,0,0,0,,0,0
1212,6,11,mesta,21,28,1,70,40,0,0,0,13,25,0,0,0,0,,0,0
1212,6,12,mesta,21,29,1,78,45,0,0,0,13,25,0,0,0,0,,0,0
1212,6,13,mesta,22,30,1,71,49,0,0,0,13,25,0,0,0,0,1,4,0
1212,6,14,mesta,22,31,1,81,56,0,0,0,13,27,0,0,0,0,,0,0
1212,6,15,mesta,22,32,1,91,60,0,0,0,13,27,0,0,0,0,,0,0
1212,6,16,mesta,22,33,1,101,63,0,0,0,13,27,0,0,0,0,,0,0
1212,6,17,mesta,22,33,1,111,59,0,0,0,6,20,0,0,0,0,,0,0
1212,6,18,mesta,22,33,1,121,55,0,0,0,6,20,0,0,0,0,,0,0
1212,6,19,mesta,22,31,1,51,51,0,0,0,6,20,0,0,0,0,1,4,0
1212,6,20,mesta,22,31,1,51,50,0,0,0,6,20,0,0,0,0,,0,0
1212,6,21,mesta,22,31,1,61,47,0,0,0,6,20,0,1,0,0,,0,0
1212,6,22,mesta,22,31,1,71,46,0,0,0,6,25,0,0,0,0,,0,0
1212,6,23,mesta,22,31,1,81,43,0,0,0,4,23,0,0,0,0,,0,0
1212,6,24,mesta,22,31,1,88,40,0,0,0,4,20,0,0,0,0,,0,0
1212,6,25,mesta,22,31,1,87,37,0,0,0,4,20,0,0,0,0,1,3,0
1212,6,26,mesta,22,31,1,94,39,0,0,0,4,20,0,0,0,0,,0,0
1212,6,27,mesta,22,31,1,101,36,0,0,0,4,20,0,0,0,0,,0,0
1212,6,28,mesta,22,31,1,108,33,0,0,0,4,20,0,0,0,0,,0,0
1212,6,29,mesta,22,31,1,115,32,0,0,0,6,22,0,0,0,0,,0,0
1212,6,30,mesta,22,31,1,125,31,0,0,0,6,25,0,0,0,0,,0,0
1212,6,31,mesta,22,31,1,85,30,0,0,0,6,25,0,0,0,0,1,10,0
1212,6,32,mesta,22,31,1,90,30,0,0,0,6,25,0,0,0,0,,0,0
1212,6,33,mesta,22,31,1,100,30,0,0,0,6,25,0,0,0,0,,0,0
1212,6,34,mesta,22,31,1,110,29,0,0,0,6,25,0,0,0,0,,0,0
1212,6,35,mesta,22,32,1,120,35,0,0,0,13,32,0,0,0,0,,0,0
1212,6,36,mesta,22,33,1,130,40,0,0,0,13,33,0,0,0,0,,0,0
1212,6,37,mesta,22,34,1,186,45,0,0,0,13,33,0,0,0,0,1,13,0
1212,6,38,mesta,23,35,1,191,50,0,0,0,13,33,0,0,0,0,,0,0
1212,6,39,mesta,23,36,1,196,55,0,0,0,13,33,0,0,0,0,,0,0
1212,6,40,mesta,23,37,1,206,59,0,0,0,13,33,0,0,0,0,,0,0
1212,6,41,mesta,23,37,1,216,57,0,0,0,8,28,0,0,0,0,,0,0
1212,6,42,mesta,23,37,1,226,55,0,0,0,8,28,0,0,0,0,,0,0
1212,6,43,mesta,23,37,1,327,53,0,0,0,8,28,0,0,0,0,1,20,0
1212,6,44,mesta,23,37,1,290,55,0,0,0,8,28,0,0,0,0,,0,0
1212,6,45,mesta,23,37,1,253,54,0,0,0,8,28,0,1,0,0,,0,0
1212,6,46,mesta,23,37,1,243,55,0,0,0,8,28,0,0,0,0,,0,0
1212,6,47,mesta,23,37,1,248,53,0,0,0,5,25,0,0,0,0,,0,0
1212,6,48,mesta,23,37,1,255,49,0,0,0,5,22,0,0,0,0,,0,0
1212,6,49,mesta,23,37,1,377,44,0,0,0,5,22,0,0,0,0,1,19,0
1212,6,50,mesta,23,37,1,337,43,0,0,0,5,22,0,0,0,0,,0,0
1212,6,51,mesta,23,37,1,297,42,0,0,0,5,22,0,0,0,0,,0,0
1212,6,52,mesta,23,37,1,257,41,0,0,0,5,22,0,0,0,0,,0,0
1212,6,53,mesta,23,37,1,259,41,0,0,0,6,23,0,0,0,0,,0,0
1212,6,54,mesta,23,37,1,269,38,0,0,0,6,26,0,0,0,0,,0,0
1212,6,55,mesta,23,37,1,285,34,0,0,0,6,26,0,0,0,0,1,22,0
1212,6,56,mesta,23,37,1,212,31,0,0,0,6,26,0,0,0,0,,0,0
1212,6,57,mesta,23,37,1,190,28,0,0,0,6,26,0,0,0,0,,0,0
1212,6,58,mesta,23,37,1,195,25,1,0,0,6,26,0,0,0,0,,0,0
1212,6,59,mesta,23,37,1,200,29,1,0,0,13,33,0,0,0,0,,0,0
1212,6,60,mesta,23,38,1,210,33,1,0,0,13,33,0,0,0,0,,0,0
1212,6,61,mesta,23,39,1,393,36,1,0,0,13,33,0,0,0,0,1,17,0
1212,6,62,mesta,24,40,1,345,40,1,0,0,13,33,0,0,0,0,,0,0
1212,6,63,mesta,24,42,1,352,43,1,0,0,13,35,0,0,0,0,,0,0
1212,6,64,mesta,24,44,1,364,46,1,0,0,13,35,0,0,0,0,,0,0
1212,6,65,mesta,24,44,1,376,42,1,0,0,8,30,0,0,0,0,,0,0
1212,6,66,mesta,24,44,1,388,38,1,0,0,8,30,0,0,0,0,,0,0
1212,6,67,mesta,24,40,1,550,24,1,0,0,8,30,0,0,0,0,1,25,0
1212,6,68,mesta,24,40,1,515,26,1,0,0,8,30,0,0,0,0,,0,0
1212,6,69,mesta,24,40,1,480,28,1,0,0,8,30,0,0,0,0,,0,0
1212,6,70,mesta,24,40,1,445,29,1,0,0,8,30,0,0,0,0,,0,0
1212,6,71,mesta,24,40,1,410,28,1,0,0,5,27,0,0,0,0,,0,0
1212,6,72,mesta,24,40,1,371,27,1,0,0,5,23,0,0,0,0,,0,0
1212,6,73,mesta,24,40,1,465,13,1,0,0,5,23,0,0,0,0,1,29,0
1212,6,74,mesta,24,40,1,426,12,1,0,0,5,23,0,0,0,0,,0,0
1212,6,75,mesta,24,40,1,387,11,1,0,0,5,23,0,0,0,0,,0,0
1212,6,76,mesta,24,40,1,348,10,1,0,0,5,23,0,0,0,0,,0,0
1212,6,77,mesta,24,40,1,309,10,1,0,0,6,24,0,0,0,0,,0,0
1212,6,78,mesta,42,40,1,274,10,1,0,0,6,28,0,0,0,1,,0,0
1212,6,79,mesta,42,40,1,338,10,1,0,0,6,28,0,0,0,1,1,22,0
1212,6,80,mesta,42,40,1,267,7,1,0,0,6,28,0,0,0,1,,0,0
1212,6,81,mesta,42,40,1,247,4,1,0,0,6,28,0,0,0,1,,0,0
1212,6,82,mesta,42,40,1,245,1,1,0,0,6,28,0,0,0,1,,0,0
1212,6,83,mesta,42,40,1,257,5,1,0,0,13,35,0,0,0,1,,0,0
1212,6,84,mesta,42,40,1,269,8,1,0,0,13,35,0,0,0,1,,0,0
1212,6,85,mesta,42,40,1,468,11,1,0,0,13,35,0,0,0,1,1,22,0
1212,6,86,mesta,42,40,1,397,15,1,0,0,13,35,0,0,0,1,,0,0
1212,6,87,mesta,42,40,1,377,19,1,0,0,13,35,0,0,0,1,,0,0
1212,6,88,mesta,42,40,1,384,23,1,0,0,13,35,0,0,0,1,,0,0
1212,6,89,mesta,42,40,1,391,22,1,0,0,8,30,0,0,0,1,,0,0
1212,6,90,mesta,42,40,1,403,21,1,0,0,8,30,0,0,0,1,,0,0
1212,6,91,mesta,42,44,1,644,20,1,0,0,8,30,0,0,0,1,1,25,0
1212,6,92,mesta,42,44,1,609,21,1,0,0,8,30,0,0,0,1,,0,0
1212,6,93,mesta,42,44,1,574,22,1,0,0,8,30,0,0,0,1,,0,0
1212,6,94,mesta,42,44,1,539,23,1,0,0,8,30,0,0,0,1,,0,0
1212,6,95,mesta,42,44,1,504,21,1,0,0,5,27,0,0,0,1,,0,0
1212,6,96,mesta,42,44,1,465,19,1,0,0,5,23,0,0,0,1,,0,0
1212,6,97,mesta,42,44,1,563,17,1,0,0,5,23,0,0,0,1,1,24,0
1212,6,98,mesta,42,44,1,524,15,1,0,0,5,23,0,0,0,1,,0,0
1212,6,99,mesta,42,44,1,485,13,1,0,0,5,23,0,0,0,1,,0,0
1212,6,100,mesta,42,44,1,446,11,1,0,0,5,23,0,0,0,1,,0,0
1212,6,101,mesta,42,44,1,407,10,1,0,0,6,24,0,0,0,1,,0,0
1212,6,102,mesta,42,44,1,372,9,1,0,0,6,28,0,0,0,1,,0,0
1212,6,103,mesta,42,44,1,441,8,1,0,0,6,28,0,0,0,1,1,25,0
1212,6,104,mesta,42,44,1,370,4,1,0,0,6,28,0,0,0,1,,0,0
1212,6,105,mesta,41,44,1,299,1,1,0,0,6,28,1,0,0,1,,0,0
1212,6,106,mesta,40,44,1,253,1,1,0,0,6,28,1,0,0,1,,0,0
1212,6,107,mesta,40,44,1,260,4,1,0,0,13,35,0,0,0,1,,0,0
1212,6,108,mesta,40,44,1,272,7,1,0,0,13,35,0,0,0,1,,0,0
1212,6,109,mesta,40,44,1,528,9,1,0,0,13,35,0,0,0,1,1,22,0
1212,6,110,mesta,40,44,1,457,12,1,0,0,13,35,0,0,0,1,,0,0
1212,6,111,mesta,40,44,1,437,15,1,0,0,13,35,0,0,0,1,,0,0
1212,6,112,mesta,40,44,1,435,18,1,0,0,13,35,0,0,0,1,,0,0
1212,6,113,mesta,40,44,1,447,16,1,0,0,8,30,0,0,0,1,,0,0
1212,6,114,mesta,40,44,1,459,13,1,0,0,8,30,0,0,0,1,,0,0
1212,6,115,mesta,40,44,1,694,10,1,0,0,8,30,0,0,0,1,1,24,0
1212,6,116,mesta,40,44,1,659,11,1,0,0,8,30,0,0,0,1,,0,0
1212,6,117,mesta,40,44,1,624,12,1,0,0,8,30,0,0,0,1,,0,0
1212,6,118,mesta,40,44,1,589,13,1,0,0,8,30,0,0,0,1,,0,0
1212,6,119,mesta,40,44,1,554,11,1,0,0,5,27,0,0,0,1,,0,0
1212,6,120,mesta,40,44,1,515,9,1,0,0,5,23,0,0,0,1,,0,0
1212,6,121,mesta,40,44,1,604,6,1,0,0,4,22,0,0,0,1,1,24,0
1212,6,122,mesta,39,44,1,565,4,1,0,0,4,22,1,0,0,1,,0,0
1212,6,123,mesta,38,44,1,526,4,1,0,0,4,22,1,0,0,1,,0,0
1212,6,124,mesta,37,43,1,487,4,1,0,0,4,22,1,0,0,1,,0,0
1212,6,125,mesta,37,43,1,448,4,1,0,0,6,24,0,0,0,1,,0,0
1212,6,126,mesta,37,43,1,413,4,1,0,0,6,28,0,0,0,1,,0,0
1212,6,127,mesta,37,43,1,476,4,1,0,0,6,28,0,0,0,1,1,27,0
1212,6,128,mesta,37,43,1,405,1,1,0,0,6,28,0,0,0,1,,0,0
1212,6,129,mesta,36,43,1,334,1,1,0,0,6,28,1,0,0,1,,0,0
1212,6,130,mesta,35,43,1,263,1,1,0,0,6,28,1,0,0,1,,0,0
1212,6,131,mesta,35,43,1,261,5,1,0,0,13,35,0,0,0,1,,0,0
1212,6,132,mesta,35,43,1,268,9,1,0,0,13,35,0,0,0,1,,0,0
1212,6,133,mesta,35,43,1,546,13,1,0,0,13,35,0,0,0,1,1,22,0
1212,6,134,mesta,35,43,1,475,17,1,0,0,13,35,0,0,0,1,,0,0
1212,6,135,mesta,35,43,1,455,21,1,0,0,13,35,0,0,0,1,,0,0
1212,6,136,mesta,35,43,1,462,25,1,0,0,13,35,0,0,0,1,,0,0
1212,6,137,mesta,35,43,1,469,24,1,0,0,8,30,0,0,0,1,,0,0
1212,6,138,mesta,35,43,1,481,23,1,0,0,8,30,0,0,0,1,,0,0
1212,6,139,mesta,35,43,1,715,21,1,0,0,8,30,0,0,0,1,1,24,0
1212,6,140,mesta,35,43,1,680,23,1,0,0,8,30,0,0,0,1,,0,0
1212,6,141,mesta,35,43,1,645,25,1,0,0,8,30,0,0,0,1,,0,0
1212,6,142,mesta,35,43,1,610,27,1,0,0,8,30,0,0,0,1,,0,0
1212,6,143,mesta,35,43,1,575,25,1,0,0,4,26,0,0,0,1,,0,0
1212,6,144,mesta,35,43,1,536,23,1,0,0,4,22,0,0,0,1,,0,0
1212,6,145,mesta,35,43,1,625,22,1,0,0,5,23,0,0,0,1,1,24,0
1212,6,146,mesta,35,43,1,586,21,1,0,0,5,23,0,0,0,1,,0,0
1212,6,147,mesta,35,43,1,547,20,1,0,0,5,23,0,0,0,1,,0,0
1212,6,148,mesta,35,43,1,508,19,1,0,0,5,23,0,0,0,1,,0,0
1212,6,149,mesta,35,43,1,469,19,1,0,0,6,24,0,0,0,1,,0,0
1212,6,150,mesta,35,43,1,434,19,1,0,0,6,28,0,0,0,1,,0,0
1212,6,151,mesta,35,43,1,497,19,1,0,0,6,28,0,0,0,1,1,28,0
1212,6,152,mesta,35,43,1,426,16,1,0,0,6,28,0,0,0,1,,0,0
1212,6,153,mesta,35,43,1,355,13,1,0,0,6,28,0,0,0,1,,0,0
1212,6,154,mesta,35,43,1,284,10,1,0,0,6,28,0,0,0,1,,0,0
1212,6,155,mesta,35,43,1,264,14,1,0,0,13,35,0,0,0,1,,0,0
1212,6,156,mesta,35,43,1,271,18,1,0,0,13,35,0,0,0,1,,0,0
1212,6,157,mesta,35,43,1,480,22,1,0,0,13,35,0,0,0,1,1,20,0
1212,6,158,mesta,35,43,1,421,27,1,0,0,13,35,0,0,0,1,,0,0
1212,6,159,mesta,36,45,1,387,31,1,0,0,13,35,0,0,0,1,,0,0
1212,6,160,mesta,36,47,1,379,34,1,0,0,13,35,0,0,0,1,,0,0
1212,6,161,mesta,36,47,1,391,32,1,0,0,8,30,0,0,0,1,,0,0
1212,6,162,mesta,36,47,1,403,26,1,0,0,8,30,0,0,0,1,,0,0
1212,6,163,mesta,36,47,1,649,21,1,0,0,8,30,0,0,0,1,1,24,0
1212,6,164,mesta,36,47,1,614,20,1,0,0,8,30,0,0,0,1,,0,0
1212,6,165,mesta,36,47,1,579,19,1,0,0,8,30,0,0,0,1,,0,0
1212,6,166,mesta,36,47,1,540,18,1,0,0,8,30,0,0,0,1,,0,0
1212,6,167,mesta,36,47,1,505,14,1,0,0,5,27,0,0,0,1,,0,0
1212,6,168,mesta,36,47,1,464,10,1,0,0,5,23,0,0,0,1,,0,0
1212,6,169,mesta,36,47,1,559,6,1,0,0,5,23,0,0,0,1,1,24,0
1212,6,170,mesta,35,47,1,520,4,1,0,0,5,23,1,0,0,1,,0,0
1212,6,171,mesta,34,47,1,479,4,1,0,0,5,23,1,0,0,1,,0,0
1212,6,172,mesta,33,46,1,440,4,1,0,0,5,23,1,0,0,1,,0,0
1212,6,173,mesta,32,45,1,401,4,1,0,0,6,24,1,0,0,1,,0,0
1212,6,174,mesta,30,44,1,366,4,1,0,0,6,28,1,0,0,1,,0,0
1212,6,175,mesta,29,43,1,423,4,1,0,0,6,28,1,0,0,1,1,25,0
1212,6,176,mesta,28,42,1,352,1,1,0,0,6,28,1,0,0,1,,0,0
1212,6,177,mesta,27,41,1,281,1,1,0,0,6,28,1,0,0,1,,0,0
1212,6,178,mesta,26,40,1,261,1,1,0,0,6,28,1,0,0,1,,0,0
1212,6,179,mesta,26,40,1,250,2,1,0,0,12,33,0,0,0,1,,0,0
1212,6,180,mesta,26,40,1,258,3,1,0,0,12,33,0,0,0,1,,0,0
1212,6,181,mesta,26,40,1,496,3,1,0,0,12,33,0,0,0,1,1,20,0
1212,6,182,mesta,26,40,1,425,5,1,0,0,13,35,0,0,0,1,,0,0
1212,6,183,mesta,26,40,1,405,7,1,0,0,13,35,0,0,0,1,,0,0
1212,6,184,mesta,26,40,1,417,12,1,0,0,16,38,0,0,0,1,,0,0
1212,6,185,mesta,26,40,1,429,10,1,0,0,10,32,0,0,0,1,,0,0
1212,6,186,mesta,26,40,1,441,8,1,0,0,10,32,0,0,0,1,,0,0
1212,6,187,mesta,26,40,1,677,6,1,0,0,10,32,0,0,0,1,1,24,0
1212,6,188,mesta,26,40,1,642,8,1,0,0,10,32,0,0,0,1,,0,0
1212,6,189,mesta,26,40,1,602,10,1,0,0,10,32,0,0,0,1,,0,0
1212,6,190,mesta,26,40,1,567,10,1,0,0,8,30,0,0,0,1,,0,0
1212,6,191,mesta,26,40,1,530,7,1,0,0,5,27,0,0,0,1,,0,0
1212,6,192,mesta,26,40,1,491,4,1,0,0,5,23,0,0,0,1,,0,0
1212,6,193,mesta,25,40,1,587,4,1,0,0,4,22,1,0,0,1,1,24,0
1212,6,194,mesta,24,40,1,546,4,1,0,0,4,22,1,0,0,1,,0,0
1212,6,195,mesta,22,39,1,507,4,1,0,0,4,22,1,0,0,1,,0,0
1212,6,196,mesta,21,38,1,465,4,1,0,0,4,21,1,0,0,1,,0,0
1212,6,197,mesta,20,37,1,425,4,1,0,0,6,23,1,0,0,1,,0,0
1212,6,198,mesta,19,36,1,388,4,1,0,0,6,26,1,0,0,1,,0,0
1212,6,199,mesta,18,35,1,454,4,1,0,0,6,26,1,0,0,1,1,27,0
1212,6,200,mesta,18,35,1,381,1,1,0,0,6,26,0,0,0,1,,0,0
1212,6,1,monjes,35,96,1,26,61,0,0,0,18,38,0,0,0,0,1,5,0
1212,6,2,monjes,35,96,1,31,49,0,0,0,18,27,0,0,0,0,,0,0
1212,6,3,monjes,35,96,1,36,38,0,0,0,18,27,0,1,0,0,,0,0
1212,6,4,monjes,35,96,1,41,38,0,0,0,27,36,0,0,0,0,,0,0
1212,6,5,monjes,35,96,1,46,47,0,0,0,36,45,0,1,0,0,,0,0
1212,6,6,monjes,35,96,1,68,57,0,0,0,36,62,0,0,0,0,,0,0
1212,6,7,monjes,35,96,1,83,67,0,0,0,36,62,0,0,0,0,1,4,0
1212,6,8,monjes,35,96,1,105,78,0,0,0,36,62,0,0,0,0,,0,0
1212,6,9,monjes,50,96,1,127,96,0,0,0,45,71,0,0,0,1,,0,0
1212,6,10,monjes,50,96,1,149,113,0,0,0,45,71,0,0,0,1,,0,0
1212,6,11,monjes,50,96,1,171,172,0,0,0,90,116,0,0,0,1,,0,0
1212,6,12,monjes,50,96,1,193,229,0,0,0,90,116,0,0,0,1,,0,0
1212,6,13,monjes,49,92,1,117,270,0,0,0,90,116,0,0,0,1,1,14,0
1212,6,14,monjes,49,92,1,105,318,0,2,0,90,110,0,0,0,1,,0,0
1212,6,15,monjes,49,92,1,100,346,0,2,0,72,92,0,0,0,1,,0,0
1212,6,16,monjes,49,92,1,117,370,0,2,0,72,92,0,0,0,1,,0,0
1212,6,17,monjes,49,92,1,134,377,0,2,0,45,65,0,0,0,1,,0,0
1212,6,18,monjes,49,92,1,151,384,0,2,0,45,65,0,0,0,1,,0,0
1212,6,19,monjes,49,90,1,173,368,0,2,0,45,65,0,0,0,1,1,25,0
1212,6,20,monjes,67,90,1,154,371,0,2,0,45,65,0,0,0,2,,0,0
1212,6,21,monjes,67,90,1,171,369,0,2,0,45,65,0,0,0,2,,0,0
1212,6,22,monjes,67,90,1,188,367,0,2,0,45,65,0,0,0,2,,0,0
1212,6,23,monjes,67,90,1,205,338,0,2,0,27,47,0,0,0,2,,0,0
1212,6,24,monjes,75,90,1,216,320,0,2,0,27,41,0,0,0,2,,0,0
1212,6,25,monjes,75,90,1,266,286,0,2,0,27,41,0,0,0,2,1,21,0
1212,6,26,monjes,75,90,1,226,277,0,2,0,27,41,0,0,0,2,,0,0
1212,6,27,monjes,75,90,1,186,268,0,2,0,27,41,0,0,0,2,,0,0
1212,6,28,monjes,75,90,1,197,253,0,2,0,27,41,0,0,0,2,,0,0
1212,6,29,monjes,75,90,1,208,247,0,2,0,36,50,0,0,0,2,,0,0
1212,6,30,monjes,75,90,1,225,241,0,2,0,36,56,0,0,0,2,,0,0
1212,6,31,monjes,75,90,1,289,214,0,2,0,36,56,0,0,0,2,1,28,0
1212,6,32,monjes,75,90,1,298,210,0,2,0,36,56,0,0,0,2,,0,0
1212,6,33,monjes,83,90,1,307,207,0,2,0,36,56,0,0,0,2,,0,0
1212,6,34,monjes,83,90,1,316,204,0,2,0,36,56,0,0,0,2,,0,0
1212,6,35,monjes,83,90,1,325,239,0,2,0,72,92,0,0,0,2,,0,0
1212,6,36,monjes,83,90,1,334,278,0,2,0,72,92,0,0,0,2,,0,0
1212,6,37,monjes,83,90,1,379,300,0,0,0,72,92,0,0,0,2,1,22,0
1212,6,38,monjes,83,90,1,333,333,0,0,0,72,92,0,0,0,2,,0,0
1212,6,39,monjes,83,90,1,287,365,0,0,0,72,92,0,0,0,2,,0,0
1212,6,40,monjes,83,90,1,241,396,0,0,0,72,92,0,0,0,2,,0,0
1212,6,41,monjes,83,90,1,240,395,0,0,0,45,65,0,0,0,2,,0,0
1212,6,42,monjes,83,90,1,257,392,0,0,0,45,65,0,0,0,2,,0,0
1212,6,43,monjes,82,89,1,318,330,0,0,0,45,65,0,0,0,2,1,34,0
1212,6,44,monjes,83,90,1,271,336,0,0,0,45,64,0,0,0,2,,0,0
1212,6,45,monjes,170,96,2,255,382,0,0,0,45,65,0,0,0,3,,0,0
1212,6,46,monjes,170,97,2,267,377,0,0,0,45,65,0,0,0,3,,0,0
1212,6,47,monjes,170,98,2,279,355,0,0,0,27,47,0,0,0,3,,0,0
1212,6,48,monjes,170,99,2,285,334,0,0,0,27,41,0,0,0,3,,0,0
1212,6,49,monjes,171,100,2,344,323,0,0,0,29,43,0,0,0,3,1,20,0
1212,6,50,monjes,171,101,2,288,300,0,0,0,29,44,0,0,0,3,,0,0
1212,6,51,monjes,171,102,2,232,287,0,0,0,29,44,0,1,0,3,,0,0
1212,6,52,monjes,179,103,2,193,280,0,0,0,35,50,0,0,0,3,,0,0
1212,6,53,monjes,179,104,2,200,276,0,0,0,44,59,0,0,0,3,,0,0
1212,6,54,monjes,180,105,2,213,271,0,0,0,44,65,0,1,0,3,,0,0
1212,6,55,monjes,180,106,2,276,273,0,0,0,43,68,0,0,0,3,1,17,0
1212,6,56,monjes,180,107,2,234,269,0,2,0,44,69,0,1,0,3,,0,0
1212,6,57,monjes,180,108,2,217,268,0,3,0,44,69,0,0,0,3,,0,0
1212,6,58,monjes,180,109,2,230,262,0,3,0,44,69,0,1,0,3,,0,0
1212,6,59,monjes,181,110,2,243,276,0,3,0,62,86,0,0,0,3,,0,0
1212,6,60,monjes,181,111,2,257,290,0,3,0,63,88,0,0,0,3,,0,0
1212,6,61,monjes,182,116,2,332,313,0,3,0,64,90,0,0,0,3,1,16,0
1212,6,62,monjes,182,117,2,283,333,0,3,0,65,91,0,0,0,3,,0,0
1212,6,63,monjes,182,118,2,234,352,0,3,0,65,91,0,0,0,3,,0,0
1212,6,64,monjes,182,119,2,248,365,0,3,0,67,93,0,0,0,3,,0,0
1212,6,65,monjes,183,120,2,262,372,0,3,0,61,87,0,0,0,3,,0,0
1212,6,66,monjes,183,121,2,276,377,0,3,0,61,87,0,0,0,3,,0,0
1212,6,67,monjes,181,113,2,313,333,0,3,0,61,87,0,0,0,3,1,21,0
1212,6,68,monjes,181,114,2,264,343,0,3,0,59,85,0,0,0,3,,0,0
1212,6,69,monjes,231,172,3,215,358,0,3,0,61,87,0,0,0,4,,0,0
1212,6,70,monjes,232,175,3,203,354,0,3,0,61,97,0,0,0,4,,0,0
1212,6,71,monjes,232,176,3,218,328,0,3,0,41,77,0,0,0,4,,0,0
1212,6,72,monjes,232,176,3,229,302,0,3,0,41,73,0,0,0,4,,0,0
1212,6,73,monjes,232,175,3,226,223,0,3,0,42,74,0,0,0,4,1,32,0
1212,6,74,monjes,232,177,3,235,209,0,3,0,52,79,0,0,0,4,,0,0
1212,6,75,monjes,250,227,4,230,195,0,3,0,52,80,0,1,0,4,,0,0
1212,6,76,monjes,251,232,4,243,178,0,3,0,60,98,0,0,0,4,,0,0
1212,6,77,monjes,252,235,4,249,173,0,3,0,72,110,0,1,0,4,,0,0
1212,6,78,monjes,260,238,4,245,184,0,3,0,79,123,0,0,0,4,,0,0
1212,6,79,monjes,261,240,4,279,163,0,3,0,79,123,0,0,0,4,1,21,0
1212,6,80,monjes,261,241,4,246,178,0,3,0,79,123,0,1,0,4,,0,0
1212,6,81,monjes,276,278,5,217,201,0,3,0,86,130,0,0,0,4,,0,0
1212,6,82,monjes,277,280,5,195,215,0,3,0,86,136,0,0,0,4,,0,0
1212,6,83,monjes,277,282,5,209,322,0,3,0,185,235,0,0,0,4,,0,0
1212,6,84,monjes,277,284,5,223,418,0,3,0,185,235,0,0,0,4,,0,0
1212,6,85,monjes,278,286,5,240,506,0,3,0,185,235,0,0,0,4,1,24,0
1212,6,86,monjes,278,289,5,213,593,0,3,0,185,234,0,1,0,4,,0,0
1212,6,87,monjes,279,292,5,186,701,0,3,0,210,259,0,0,0,4,,0,0
1212,6,88,monjes,280,295,5,163,804,0,3,0,210,259,0,0,0,4,,0,0
1212,6,89,monjes,280,298,5,175,803,0,3,0,113,162,0,0,0,4,,0,0
1212,6,90,monjes,281,302,5,193,797,0,3,0,113,163,0,0,0,4,,0,0
1212,6,91,monjes,283,310,5,270,786,0,3,0,113,165,0,0,0,4,1,20,0
1212,6,92,monjes,283,314,5,223,781,0,3,0,113,165,0,0,0,4,,0,0
1212,6,93,monjes,284,318,5,233,772,0,3,0,113,165,0,0,0,4,,0,0
1212,6,94,monjes,285,322,5,253,760,0,3,0,113,165,0,1,0,4,,0,0
1212,6,95,monjes,285,322,5,263,720,0,3,0,82,139,0,0,0,4,,0,0
1212,6,96,monjes,285,322,5,277,680,0,3,0,82,133,0,0,0,4,,0,0
1212,6,97,monjes,284,318,5,334,620,0,3,0,75,126,0,1,0,4,1,22,0
1212,6,98,monjes,284,318,5,285,591,0,3,0,79,130,0,0,0,4,,0,0
1212,6,99,monjes,284,318,5,238,563,0,3,0,79,130,0,0,0,4,,0,0
1212,6,100,monjes,284,318,5,225,530,0,3,0,79,130,0,0,0,4,,0,0
1212,6,101,monjes,286,325,5,231,518,0,3,0,102,153,0,1,0,4,,0,0
1212,6,102,monjes,287,330,5,254,504,0,3,0,102,160,0,1,0,4,,0,0
1212,6,103,monjes,288,335,5,363,486,0,2,0,102,167,0,0,0,4,1,27,0
1212,6,104,monjes,289,340,5,346,480,0,2,0,102,167,0,0,0,4,,0,0
1212,6,105,monjes,290,345,5,326,477,0,2,0,102,168,0,0,0,4,,0,0
1212,6,106,monjes,299,351,5,307,473,0,2,0,102,169,0,0,0,4,,0,0
1212,6,107,monjes,300,357,5,301,545,0,2,0,183,250,0,0,0,4,,0,0
1212,6,108,monjes,301,364,5,323,606,0,2,0,183,252,0,0,0,4,,0,0
1212,6,109,monjes,303,371,5,392,666,0,2,0,183,252,0,0,0,4,1,17,0
1212,6,110,monjes,304,375,5,353,722,0,2,0,183,253,0,0,0,4,,0,0
1212,6,111,monjes,304,378,5,319,775,0,2,0,183,254,0,0,0,4,,0,0
1212,6,112,monjes,306,385,5,281,823,0,2,0,183,254,0,1,0,4,,0,0
1212,6,113,monjes,307,393,5,303,803,0,2,0,120,193,0,0,0,4,,0,0
1212,6,114,monjes,309,401,5,334,779,0,2,0,120,193,0,1,0,4,,0,0
1212,6,115,monjes,309,401,5,437,737,0,2,0,120,195,0,0,0,4,1,36,0
1212,6,116,monjes,310,406,5,404,722,0,2,0,120,196,0,0,0,4,,0,0
1212,6,117,monjes,328,417,6,375,707,0,2,0,120,196,0,0,0,4,,0,0
1212,6,118,monjes,330,427,6,335,688,0,2,0,120,197,0,1,0,4,,0,0
1212,6,119,monjes,330,427,6,344,625,0,2,0,79,156,0,0,0,4,,0,0
1212,6,120,monjes,330,427,6,362,561,0,2,0,79,150,0,0,0,4,,0,0
1212,6,121,monjes,330,427,6,425,506,0,2,0,79,150,0,1,0,4,1,29,0
1212,6,122,monjes,330,427,6,404,447,0,2,0,79,150,0,0,0,4,,0,0
1212,6,123,monjes,330,427,6,383,401,0,2,0,79,150,0,1,0,4,,0,0
1212,6,124,monjes,338,427,6,347,364,0,2,0,85,156,0,0,0,4,,0,0
1212,6,125,monjes,338,427,6,324,351,0,2,0,110,181,0,0,0,4,,0,0
1212,6,126,monjes,340,435,6,307,338,0,2,0,110,187,0,1,0,4,,0,0
1212,6,127,monjes,340,435,6,397,326,0,2,0,110,187,0,0,0,4,1,24,0
1212,6,128,monjes,340,435,6,384,314,0,2,0,110,187,0,0,0,4,,0,0
1212,6,129,monjes,340,435,6,366,303,0,2,0,110,187,0,0,0,4,,0,0
1212,6,130,monjes,340,435,6,349,292,0,2,0,110,187,0,0,0,4,,0,0
1212,6,131,monjes,342,448,6,332,364,0,2,0,196,273,0,0,0,4,,0,0
1212,6,132,monjes,345,463,6,322,432,0,2,0,198,278,0,0,0,4,,0,0
1212,6,133,monjes,349,482,6,421,496,0,2,0,199,280,0,0,0,4,1,25,0
1212,6,134,monjes,352,496,6,412,553,0,2,0,201,286,0,0,0,4,,0,0
1212,6,135,monjes,514,506,6,405,606,0,2,0,203,289,0,1,1,5,,0,0
1212,6,136,monjes,516,515,6,402,659,0,2,0,205,292,0,0,0,5,,0,0
1212,6,137,monjes,517,520,6,403,642,0,2,0,136,227,0,0,0,5,,0,0
1212,6,138,monjes,518,525,6,404,625,0,2,0,138,229,0,0,0,5,,0,0
1212,6,139,monjes,519,530,6,487,598,0,2,0,139,230,0,1,0,5,1,26,0
1212,6,140,monjes,520,535,6,481,582,0,2,0,139,223,0,0,0,5,,0,0
1212,6,141,monjes,521,540,6,475,566,0,2,0,139,223,0,0,0,5,,0,0
1212,6,142,monjes,522,546,6,470,549,0,2,0,139,224,0,0,0,5,,0,0
1212,6,143,monjes,522,546,6,466,485,0,2,0,93,179,0,0,0,5,,0,0
1212,6,144,monjes,522,546,6,456,424,0,2,0,93,173,0,1,0,5,,0,0
1212,6,145,monjes,521,541,6,508,309,0,2,0,93,173,0,0,0,5,1,33,0
1212,6,146,monjes,521,541,6,497,252,0,2,0,93,172,0,0,0,5,,0,0
1212,6,147,monjes,551,611,7,486,197,0,2,0,93,172,0,1,0,5,,0,0
1212,6,148,monjes,551,611,7,474,128,0,2,0,87,181,0,0,0,5,,0,0
1212,6,149,monjes,551,611,7,462,86,0,0,0,112,206,0,0,0,5,,0,0
1212,6,150,monjes,551,611,7,456,44,0,0,0,112,212,0,1,0,5,,0,0
1212,6,151,monjes,551,611,7,464,8,0,0,0,112,212,0,0,0,5,1,30,0
1212,6,152,monjes,550,611,7,406,4,0,2,0,99,195,1,3,0,5,,0,0
1212,6,153,monjes,549,611,7,348,4,0,4,0,119,214,1,0,0,5,,0,0
1212,6,154,monjes,545,595,7,290,4,0,6,0,119,214,1,0,0,5,,0,0
1212,6,155,monjes,548,611,7,249,75,0,6,0,216,305,0,0,0,5,,0,0
1212,6,156,monjes,550,620,7,278,133,0,3,0,218,312,0,5,0,5,,0,0
1212,6,157,monjes,551,629,7,317,228,0,3,0,258,359,0,0,0,5,1,16,0
1212,6,158,monjes,553,638,7,301,322,0,3,0,259,361,0,1,0,5,,0,0
1212,6,159,monjes,555,648,7,287,421,0,3,0,268,372,0,0,0,5,,0,0
1212,6,160,monjes,557,658,7,264,514,0,3,0,269,374,0,0,0,5,,0,0
1212,6,161,monjes,559,668,7,286,511,0,3,0,177,284,0,1,0,5,,0,0
1212,6,162,monjes,561,679,7,326,507,0,3,0,178,292,0,0,0,5,,0,0
1212,6,163,monjes,563,686,7,393,482,0,3,0,179,295,0,0,0,5,1,41,0
1212,6,164,monjes,572,691,7,396,473,0,3,0,180,297,0,0,0,5,,0,0
1212,6,165,monjes,572,693,7,399,465,0,3,0,182,299,0,0,0,5,,0,0
1212,6,166,monjes,573,698,7,403,456,0,3,0,183,302,0,1,0,5,,0,0
1212,6,167,monjes,573,698,7,407,375,0,3,0,120,239,0,0,0,5,,0,0
1212,6,168,monjes,573,698,7,405,304,0,3,0,120,233,0,0,0,5,,0,0
1212,6,169,monjes,581,698,7,454,241,0,3,0,120,233,0,0,0,5,1,25,0
1212,6,170,monjes,581,698,7,451,179,0,3,0,120,233,0,0,0,5,,0,0
1212,6,171,monjes,581,698,7,448,110,0,0,0,120,233,0,1,0,5,,0,0
1212,6,172,monjes,581,698,7,445,55,0,0,0,120,233,0,0,0,5,,0,0
1212,6,173,monjes,589,698,7,442,34,0,0,0,153,266,0,0,0,5,,0,0
1212,6,174,monjes,589,698,7,445,14,0,0,0,153,272,0,0,0,5,,0,0
1212,6,175,monjes,588,698,7,505,4,0,0,0,153,272,1,0,0,5,1,19,0
1212,6,176,monjes,587,698,7,457,4,0,2,0,153,272,1,0,0,5,,0,0
1212,6,177,monjes,583,680,7,409,4,0,4,0,153,272,1,0,0,5,,0,0
1212,6,178,monjes,578,663,7,356,4,0,6,0,152,266,1,0,0,5,,0,0
1212,6,179,monjes,583,689,7,381,118,0,5,0,277,390,0,0,0,5,,0,0
1212,6,180,monjes,585,699,7,421,224,0,0,0,278,393,0,0,0,5,,0,0
1212,6,181,monjes,587,708,7,458,313,0,0,0,280,399,0,0,0,5,1,26,0
1212,6,182,monjes,588,714,7,422,404,0,2,0,287,408,0,0,0,5,,0,0
1212,6,183,monjes,590,720,7,386,492,0,4,0,289,410,0,0,0,5,,0,0
1212,6,184,monjes,591,726,7,351,575,0,6,0,290,412,0,0,0,5,,0,0
1212,6,185,monjes,592,732,7,367,557,0,8,0,191,314,0,0,0,5,,0,0
1212,6,186,monjes,593,739,7,416,545,0,8,0,192,317,0,0,0,5,,0,0
1212,6,187,monjes,595,746,7,499,521,0,8,0,194,319,0,0,0,5,1,25,0
1212,6,188,monjes,596,753,7,509,510,0,8,0,195,321,0,0,0,5,,0,0
1212,6,189,monjes,598,760,7,520,499,0,8,0,196,323,0,0,0,5,,0,0
1212,6,190,monjes,599,765,7,531,486,0,8,0,196,323,0,0,0,5,,0,0
1212,6,191,monjes,599,765,7,545,409,0,8,0,129,259,0,0,0,5,,0,0
1212,6,192,monjes,599,765,7,553,342,0,1,0,129,253,0,0,0,5,,0,0
1212,6,193,monjes,599,765,7,632,232,0,1,0,129,253,0,0,0,5,1,25,0
1212,6,194,monjes,599,765,7,639,165,0,1,0,129,253,0,0,0,5,,0,0
1212,6,195,monjes,616,810,8,646,100,0,1,0,129,253,0,0,0,5,,0,0
1212,6,196,monjes,616,810,8,646,28,0,0,0,129,260,0,0,0,5,,0,0
1212,6,197,monjes,615,810,8,646,1,0,0,0,165,296,1,0,0,5,,0,0
1212,6,198,monjes,614,810,8,652,1,0,0,0,165,302,1,0,0,5,,0,0
1212,6,199,monjes,609,790,8,715,4,0,0,0,165,302,1,0,0,5,1,27,0
1212,6,200,monjes,604,770,8,664,4,0,2,0,164,291,1,0,0,5,,0,0
1212,6,1,salineros,23,36,1,19,69,0,9,0,9,28,0,0,0,0,1,5,0
1212,6,2,salineros,23,36,1,18,67,0,18,0,9,23,0,0,0,0,,0,0
1212,6,3,salineros,23,36,1,17,65,0,27,0,9,23,0,0,0,0,,0,0
1212,6,4,salineros,23,36,1,16,63,0,36,0,9,23,0,0,0,0,,0,0
1212,6,5,salineros,23,37,1,15,64,0,45,0,12,26,0,1,0,0,,0,0
1212,6,6,salineros,23,38,1,17,67,0,65,0,12,40,0,0,0,0,,0,0
1212,6,7,salineros,38,39,1,19,70,0,85,0,12,40,0,0,0,1,1,0,1
1212,6,8,salineros,39,40,1,1,73,0,104,0,12,39,0,0,0,1,,0,0
1212,6,9,salineros,39,42,1,5,73,0,123,0,12,41,0,0,0,1,,0,0
1212,6,10,salineros,39,44,1,9,73,0,141,0,12,40,0,1,0,1,,0,0
1212,6,11,salineros,40,46,1,21,87,0,159,0,25,61,0,0,0,1,,0,0
1212,6,12,salineros,40,48,1,33,101,0,175,0,25,60,0,0,0,1,,0,0
1212,6,13,salineros,40,46,1,25,104,0,181,0,25,60,0,0,0,1,1,14,0
1212,6,14,salineros,40,48,1,37,118,0,186,0,25,59,0,0,0,1,,0,0
1212,6,15,salineros,41,50,1,49,131,0,191,0,25,59,0,0,0,1,,0,0
1212,6,16,salineros,41,52,1,63,144,0,196,0,25,61,0,0,0,1,,0,0
1212,6,17,salineros,41,54,1,77,147,0,200,0,16,51,0,0,0,1,,0,0
1212,6,18,salineros,42,56,1,91,150,0,204,0,16,51,0,0,0,1,,0,0
1212,6,19,salineros,41,54,1,592,128,0,212,0,16,50,0,0,0,1,1,19,0
1212,6,20,salineros,42,56,1,606,131,0,215,0,16,50,0,0,0,1,,0,0
1212,6,21,salineros,60,58,1,620,133,0,217,0,16,49,0,0,0,2,,0,0
1212,6,22,salineros,61,60,1,634,135,0,219,0,16,49,0,0,0,2,,0,0
1212,6,23,salineros,61,60,1,650,129,0,220,0,9,43,0,0,0,2,,0,0
1212,6,24,salineros,61,60,1,660,123,0,221,0,9,37,0,0,0,2,,0,0
1212,6,25,salineros,60,56,1,1115,95,0,228,0,9,36,0,0,0,2,1,24,0
1212,6,26,salineros,60,56,1,1082,90,0,236,0,9,35,0,0,0,2,,0,0
1212,6,27,salineros,68,56,1,1049,85,0,244,0,9,35,0,0,0,2,,0,0
1212,6,28,salineros,68,56,1,1016,80,0,251,0,9,34,0,0,0,2,,0,0
1212,6,29,salineros,68,56,1,983,78,0,258,0,12,37,0,0,0,2,,0,0
1212,6,30,salineros,68,56,1,955,76,0,264,0,12,41,0,0,0,2,,0,0
1212,6,31,salineros,68,56,1,1171,61,0,270,0,12,41,0,0,0,2,1,29,0
1212,6,32,salineros,68,56,1,1149,63,0,275,0,12,40,0,0,0,2,,0,0
1212,6,33,salineros,76,56,1,1127,65,0,280,0,12,40,0,0,0,2,,0,0
1212,6,34,salineros,76,56,1,1105,67,0,284,0,12,39,0,0,0,2,,0,0
1212,6,35,salineros,76,58,1,1083,82,0,288,0,25,52,0,0,0,2,,0,0
1212,6,36,salineros,77,60,1,1061,97,0,292,0,25,52,0,0,0,2,,0,0
1212,6,37,salineros,77,60,1,1214,111,0,295,0,25,54,0,0,0,2,1,19,0
1212,6,38,salineros,77,60,1,1188,121,0,298,0,25,54,0,0,0,2,,0,0
1212,6,39,salineros,77,60,1,1162,131,0,301,0,25,54,0,0,0,2,,0,0
1212,6,40,salineros,77,60,1,1136,141,0,304,0,25,54,0,0,0,2,,0,0
1212,6,41,salineros,77,60,1,1110,142,0,307,0,16,45,0,0,0,2,,0,0
1212,6,42,salineros,77,60,1,1084,143,0,310,0,16,45,0,0,0,2,,0,0
1212,6,43,salineros,77,60,1,1240,135,0,313,0,16,45,0,0,0,2,1,34,0
1212,6,44,salineros,85,60,1,1214,136,0,316,0,16,45,0,0,0,2,,0,0
1212,6,45,salineros,85,60,1,1188,137,0,319,0,16,45,0,0,0,2,,0,0
1212,6,46,salineros,85,60,1,1162,138,0,322,0,16,45,0,0,0,2,,0,0
1212,6,47,salineros,85,60,1,1136,123,0,325,0,9,38,0,0,0,2,,0,0
1212,6,48,salineros,93,60,1,1104,117,0,328,0,9,32,0,0,0,2,,0,0
1212,6,49,salineros,93,60,1,1269,111,0,331,0,9,32,0,0,0,2,1,19,0
1212,6,50,salineros,93,60,1,1237,105,0,334,0,9,32,0,0,0,2,,0,0
1212,6,51,salineros,93,60,1,1205,99,0,338,0,9,32,0,0,0,2,,0,0
1212,6,52,salineros,93,60,1,1173,84,0,342,0,9,32,0,0,0,2,,0,0
1212,6,53,salineros,101,60,1,1141,81,0,346,0,12,35,0,0,0,2,,0,0
1212,6,54,salineros,101,60,1,1115,78,0,350,0,12,41,0,0,0,2,,0,0
1212,6,55,salineros,101,60,1,1330,75,0,355,0,12,41,0,0,0,2,1,25,0
1212,6,56,salineros,101,60,1,1310,76,0,360,0,12,41,0,0,0,2,,0,0
1212,6,57,salineros,101,60,1,1290,77,0,365,0,12,41,0,0,0,2,,0,0
1212,6,58,salineros,101,60,1,1270,78,0,370,0,12,41,0,0,0,2,,0,0
1212,6,59,salineros,101,60,1,1250,92,0,375,0,25,54,0,0,0,2,,0,0
1212,6,60,salineros,101,60,1,1230,106,0,379,0,25,54,0,0,0,2,,0,0
1212,6,61,salineros,101,64,1,1368,81,0,383,0,25,54,0,0,0,2,1,26,0
1212,6,62,salineros,101,64,1,1348,94,0,387,0,25,54,0,0,0,2,,0,0
1212,6,63,salineros,137,104,2,1328,107,0,390,0,25,54,0,0,0,3,,0,0
1212,6,64,salineros,137,104,2,1307,110,0,393,0,25,62,0,0,0,3,,0,0
1212,6,65,salineros,137,104,2,1286,104,0,397,0,16,53,0,0,0,3,,0,0
1212,6,66,salineros,137,104,2,1265,98,0,401,0,16,53,0,0,0,3,,0,0
1212,6,67,salineros,137,100,2,1391,82,0,403,0,16,53,0,0,0,3,1,30,0
1212,6,68,salineros,137,100,2,1382,73,0,405,0,16,53,0,2,0,3,,0,0
1212,6,69,salineros,137,102,2,1343,82,0,407,0,30,67,0,0,0,3,,0,0
1212,6,70,salineros,137,104,2,1334,87,0,409,0,30,67,0,2,0,3,,0,0
1212,6,71,salineros,137,104,2,1325,90,0,411,0,25,62,0,0,0,3,,0,0
1212,6,72,salineros,137,104,2,1310,93,0,413,0,25,56,0,0,0,3,,0,0
1212,6,73,salineros,137,104,2,1598,82,0,417,0,25,56,0,0,0,3,1,31,0
1212,6,74,salineros,137,104,2,1571,85,0,422,0,25,56,0,0,0,3,,0,0
1212,6,75,salineros,145,104,2,1544,88,0,427,0,25,56,0,0,0,3,,0,0
1212,6,76,salineros,145,104,2,1517,91,0,432,0,25,56,0,0,0,3,,0,0
1212,6,77,salineros,146,106,2,1490,100,0,436,0,31,62,0,0,0,3,,0,0
1212,6,78,salineros,146,108,2,1469,109,0,440,0,31,68,0,0,0,3,,0,0
1212,6,79,salineros,147,110,2,1621,105,0,444,0,31,68,0,0,0,3,1,35,0
1212,6,80,salineros,147,112,2,1602,113,0,448,0,31,70,0,0,0,3,,0,0
1212,6,81,salineros,155,114,2,1583,120,0,452,0,31,70,0,0,0,3,,0,0
1212,6,82,salineros,156,116,2,1564,127,0,456,0,31,70,0,0,0,3,,0,0
1212,6,83,salineros,156,118,2,1545,158,0,459,0,56,95,0,0,0,3,,0,0
1212,6,84,salineros,157,120,2,1526,189,0,462,0,56,95,0,0,0,3,,0,0
1212,6,85,salineros,157,120,2,1686,219,0,464,0,56,97,0,0,0,3,1,25,0
1212,6,86,salineros,157,120,2,1669,249,0,465,0,56,97,0,0,0,3,,0,0
1212,6,87,salineros,157,120,2,1652,279,0,466,0,56,97,0,0,0,3,,0,0
1212,6,88,salineros,157,120,2,1635,303,0,465,0,56,97,0,0,0,3,,0,0
1212,6,89,salineros,157,120,2,1618,315,0,465,0,38,79,0,0,0,3,,0,0
1212,6,90,salineros,157,120,2,1601,327,0,465,0,38,79,0,0,0,3,,0,0
1212,6,91,salineros,157,120,2,1776,336,0,462,0,38,79,0,0,0,3,1,27,0
1212,6,92,salineros,157,120,2,1789,341,0,458,0,38,79,0,0,0,3,,0,0
1212,6,93,salineros,165,120,2,1802,346,0,454,0,38,79,0,0,0,3,,0,0
1212,6,94,salineros,165,120,2,1815,351,0,450,0,38,79,0,0,0,3,,0,0
1212,6,95,salineros,165,120,2,1828,343,0,446,0,25,66,0,0,0,3,,0,0
1212,6,96,salineros,165,120,2,1835,335,0,443,0,25,60,0,0,0,3,,0,0
1212,6,97,salineros,165,120,2,2143,327,0,443,0,25,60,0,0,0,3,1,25,0
1212,6,98,salineros,165,120,2,2116,319,0,443,0,25,60,0,0,0,3,,0,0
1212,6,99,salineros,165,120,2,2089,311,0,443,0,25,60,0,0,0,3,,0,0
1212,6,100,salineros,165,120,2,2062,301,0,443,0,25,60,0,0,0,3,,0,0
1212,6,101,salineros,165,120,2,2035,297,0,443,0,31,66,0,1,0,3,,0,0
1212,6,102,salineros,165,123,2,2014,293,0,443,0,31,72,0,1,0,3,,0,0
1212,6,103,salineros,166,127,2,2257,292,0,443,0,31,72,0,0,0,3,1,26,0
1212,6,104,salineros,166,127,2,2252,289,0,443,0,31,72,0,0,0,3,,0,0
1212,6,105,salineros,166,127,2,2247,286,0,444,0,31,72,0,0,0,3,,0,0
1212,6,106,salineros,166,127,2,2242,283,0,445,0,31,72,0,0,0,3,,0,0
1212,6,107,salineros,167,130,2,2237,305,0,445,0,56,97,0,0,0,3,,0,0
1212,6,108,salineros,167,133,2,2232,326,0,445,0,56,97,0,0,0,3,,0,0
1212,6,109,salineros,167,132,2,2410,336,0,445,0,56,97,0,0,0,3,1,26,0
1212,6,110,salineros,168,135,2,2407,356,0,444,0,56,99,0,0,0,3,,0,0
1212,6,111,salineros,168,138,2,2404,376,0,443,0,56,99,0,0,0,3,,0,0
1212,6,112,salineros,169,141,2,2401,395,0,441,0,56,99,0,0,0,3,,0,0
1212,6,113,salineros,170,145,2,2400,395,0,439,0,38,83,0,0,0,3,,0,0
1212,6,114,salineros,170,149,2,2399,394,0,437,0,38,83,0,0,0,3,,0,0
1212,6,115,salineros,171,153,2,2581,379,0,435,0,38,83,0,0,0,3,1,35,0
1212,6,116,salineros,171,153,2,2566,370,0,434,0,38,85,0,0,0,3,,0,0
1212,6,117,salineros,179,153,2,2551,365,0,433,0,38,85,0,1,0,3,,0,0
1212,6,118,salineros,179,153,2,2536,362,0,432,0,38,85,0,0,0,3,,0,0
1212,6,119,salineros,179,153,2,2521,335,0,431,0,25,72,0,0,0,3,,0,0
1212,6,120,salineros,179,153,2,2500,319,0,431,0,25,66,0,0,0,3,,0,0
1212,6,121,salineros,187,153,2,2734,303,0,431,0,25,66,0,0,0,3,1,26,0
1212,6,122,salineros,187,153,2,2729,287,0,432,0,25,66,0,0,0,3,,0,0
1212,6,123,salineros,187,153,2,2724,271,0,433,0,25,66,0,0,0,3,,0,0
1212,6,124,salineros,187,153,2,2719,255,0,434,0,25,66,0,0,0,3,,0,0
1212,6,125,salineros,187,153,2,2714,245,0,435,0,31,72,0,0,0,3,,0,0
1212,6,126,salineros,187,153,2,2715,235,0,437,0,31,78,0,0,0,3,,0,0
1212,6,127,salineros,187,153,2,2909,212,0,439,0,31,78,0,0,0,3,1,41,0
1212,6,128,salineros,187,153,2,2899,203,0,441,0,31,78,0,0,0,3,,0,0
1212,6,129,salineros,195,153,2,2889,194,0,443,0,31,78,0,0,0,3,,0,0
1212,6,130,salineros,195,153,2,2879,185,0,446,0,31,78,0,0,0,3,,0,0
1212,6,131,salineros,197,160,2,2869,201,0,448,0,56,103,0,0,0,3,,0,0
1212,6,132,salineros,198,167,2,2859,215,0,450,0,56,103,0,0,0,3,,0,0
1212,6,133,salineros,199,174,2,3081,228,0,452,0,56,105,0,0,0,3,1,31,0
1212,6,134,salineros,201,181,2,3073,239,0,453,0,56,105,0,0,0,3,,0,0
1212,6,135,salineros,202,188,2,3067,248,0,454,0,56,107,0,0,0,3,,0,0
1212,6,136,salineros,204,195,2,3063,249,0,454,0,56,109,0,0,0,3,,0,0
1212,6,137,salineros,204,195,2,3059,237,0,456,0,38,91,0,0,0,3,,0,0
1212,6,138,salineros,204,195,2,3055,225,0,458,0,38,91,0,0,0,3,,0,0
1212,6,139,salineros,204,195,2,3275,213,0,460,0,38,91,0,0,0,3,1,31,0
1212,6,140,salineros,204,195,2,3271,201,0,462,0,38,91,0,0,0,3,,0,0
1212,6,141,salineros,212,195,2,3267,189,0,464,0,38,91,0,0,0,3,,0,0
1212,6,142,salineros,212,195,2,3263,177,0,467,0,38,91,0,0,0,3,,0,0
1212,6,143,salineros,212,195,2,3259,152,0,470,0,25,78,0,0,0,3,,0,0
1212,6,144,salineros,212,195,2,3248,127,0,474,0,25,71,0,0,0,3,,0,0
1212,6,145,salineros,212,195,2,3442,105,0,478,0,25,71,0,0,0,3,1,25,0
1212,6,146,salineros,212,195,2,3417,86,0,483,0,25,71,0,0,0,3,,0,0
1212,6,147,salineros,212,195,2,3392,67,0,488,0,25,71,0,0,0,3,,0,0
1212,6,148,salineros,212,195,2,3367,48,0,493,0,25,71,0,0,0,3,,0,0
1212,6,149,salineros,211,195,2,3342,44,0,499,0,31,77,1,0,0,3,,0,0
1212,6,150,salineros,210,195,2,3324,44,0,505,0,31,84,1,0,0,3,,0,0
1212,6,151,salineros,208,194,2,3572,45,0,511,0,31,84,1,0,0,3,1,26,0
1212,6,152,salineros,206,189,2,3554,44,0,519,0,28,83,1,0,0,3,,0,0
1212,6,153,salineros,204,184,2,3536,44,0,527,0,28,83,1,0,0,3,,0,0
1212,6,154,salineros,202,179,2,3518,44,0,535,0,24,79,1,0,0,3,,0,0
1212,6,155,salineros,202,179,2,3498,47,0,541,0,43,95,0,0,0,3,,0,0
1212,6,156,salineros,202,179,2,3478,50,0,547,0,43,95,0,0,0,3,,0,0
1212,6,157,salineros,202,179,2,3719,53,0,553,0,43,95,0,0,0,3,1,19,0
1212,6,158,salineros,153,70,1,3706,59,0,559,0,23,55,0,0,0,3,,0,0
1212,6,159,salineros,153,73,1,3692,74,0,566,0,25,58,0,0,0,3,,0,0
1212,6,160,salineros,154,76,1,3678,88,0,573,0,25,58,0,0,0,3,,0,0
1212,6,161,salineros,154,76,1,3664,92,0,580,0,16,49,0,0,0,3,,0,0
1212,6,162,salineros,154,76,1,3650,96,0,587,0,16,49,0,0,0,3,,0,0
1212,6,163,salineros,153,72,1,3791,90,0,594,0,16,49,0,0,0,3,1,20,0
1212,6,164,salineros,153,72,1,3777,95,0,601,0,16,49,0,0,0,3,,0,0
1212,6,165,salineros,153,72,1,3763,100,0,607,0,16,49,0,0,0,3,,0,0
1212,6,166,salineros,153,72,1,3749,105,0,613,0,16,49,0,0,0,3,,0,0
1212,6,167,salineros,153,72,1,3735,103,0,619,0,9,42,0,0,0,3,,0,0
1212,6,168,salineros,153,72,1,3714,101,0,625,0,9,35,0,0,0,3,,0,0
1212,6,169,salineros,153,72,1,3867,86,0,631,0,9,35,0,0,0,3,1,29,0
1212,6,170,salineros,153,72,1,3846,84,0,638,0,9,35,0,0,0,3,,0,0
1212,6,171,salineros,161,72,1,3825,82,0,645,0,9,35,0,0,0,3,,0,0
1212,6,172,salineros,161,72,1,3804,80,0,652,0,9,35,0,0,0,3,,0,0
1212,6,173,salineros,161,72,1,3783,81,0,659,0,12,38,0,0,0,3,,0,0
1212,6,174,salineros,161,72,1,3769,82,0,666,0,12,45,0,0,0,3,,0,0
1212,6,175,salineros,161,72,1,3911,83,0,676,0,12,45,0,0,0,3,1,13,0
1212,6,176,salineros,161,72,1,3884,87,0,686,0,12,45,0,0,0,3,,0,0
1212,6,177,salineros,161,72,1,3857,91,0,696,0,12,45,0,0,0,3,,0,0
1212,6,178,salineros,161,72,1,3830,95,0,706,0,12,45,0,0,0,3,,0,0
1212,6,179,salineros,162,75,1,3803,105,0,714,0,25,58,0,0,0,3,,0,0
1212,6,180,salineros,162,78,1,3776,122,0,723,0,25,58,0,0,0,3,,0,0
1212,6,181,salineros,163,81,1,3791,138,0,729,0,25,58,0,0,0,3,1,19,0
1212,6,182,salineros,164,85,1,3779,150,0,734,0,25,60,0,0,0,3,,0,0
1212,6,183,salineros,164,89,1,3767,161,0,739,0,25,60,0,0,0,3,,0,0
1212,6,184,salineros,165,90,1,3755,171,0,744,0,25,60,0,0,0,3,,0,0
1212,6,185,salineros,173,90,1,3745,172,0,749,0,16,53,0,0,0,3,,0,0
1212,6,186,salineros,173,90,1,3735,173,0,754,0,16,53,0,0,0,3,,0,0
1212,6,187,salineros,173,90,1,3905,174,0,762,0,16,53,0,0,0,3,1,13,0
1212,6,188,salineros,173,90,1,3904,173,0,770,0,16,53,0,0,0,3,,0,0
1212,6,189,salineros,173,90,1,3903,172,0,778,0,16,53,0,0,0,3,,0,0
1212,6,190,salineros,173,90,1,3902,171,0,786,0,16,53,0,0,0,3,,0,0
1212,6,191,salineros,173,90,1,3901,163,0,794,0,9,46,0,0,0,3,,0,0
1212,6,192,salineros,173,90,1,3891,155,0,802,0,9,37,0,0,0,3,,0,0
1212,6,193,salineros,173,94,1,3870,147,0,807,0,9,37,0,0,0,3,1,20,0
1212,6,194,salineros,173,94,1,3851,140,0,813,0,9,37,0,0,0,3,,0,0
1212,6,195,salineros,173,94,1,3832,133,0,819,0,9,37,0,0,0,3,,0,0
1212,6,196,salineros,173,94,1,3813,126,0,825,0,9,37,0,0,0,3,,0,0
1212,6,197,salineros,173,94,1,3794,121,0,831,0,11,39,0,0,0,3,,0,0
1212,6,198,salineros,173,94,1,3784,116,0,837,0,11,48,0,0,0,3,,0,0
1212,6,199,salineros,173,90,1,3917,101,0,846,0,11,48,0,0,0,3,1,14,0
1212,6,200,salineros,173,90,1,3894,100,0,856,0,11,48,0,0,0,3,,0,0
1212-2,6,1,arrieros,34,91,1,42,64,0,0,0,15,33,0,0,0,0,1,5,0
1212-2,6,2,arrieros,34,91,1,47,53,0,0,0,15,24,0,0,0,0,,0,0
1212-2,6,3,arrieros,34,91,1,52,43,0,0,0,15,24,0,0,0,0,,0,0
1212-2,6,4,arrieros,34,91,1,57,33,0,0,0,15,24,0,0,0,0,,0,0
1212-2,6,5,arrieros,34,91,1,62,28,0,0,0,20,29,0,1,0,0,,0,0
1212-2,6,6,arrieros,34,91,1,84,25,0,0,0,20,46,0,0,0,0,,0,0
1212-2,6,7,arrieros,34,91,1,84,23,0,0,0,20,46,0,0,0,0,1,5,0
1212-2,6,8,arrieros,34,91,1,106,27,0,0,0,20,46,0,0,0,0,,0,0
1212-2,6,9,arrieros,34,91,1,128,24,0,0,0,20,46,0,0,0,0,,0,0
1212-2,6,10,arrieros,34,91,1,150,22,0,0,0,20,46,0,0,0,0,,0,0
1212-2,6,11,arrieros,34,91,1,172,39,0,0,0,40,66,0,0,0,0,,0,0
1212-2,6,12,arrieros,34,91,1,194,55,0,0,0,40,66,0,0,0,0,,0,0
1212-2,6,13,arrieros,33,87,1,116,65,0,0,0,40,66,0,0,0,0,1,8,0
1212-2,6,14,arrieros,33,87,1,118,90,0,0,0,40,64,0,0,0,0,,0,0
1212-2,6,15,arrieros,48,87,1,138,110,0,0,0,40,64,0,0,0,1,,0,0
1212-2,6,16,arrieros,48,87,1,158,124,0,0,0,40,64,0,0,0,1,,0,0
1212-2,6,17,arrieros,48,87,1,178,123,0,0,0,25,49,0,0,0,1,,0,0
1212-2,6,18,arrieros,48,87,1,198,122,0,0,0,25,49,0,0,0,1,,0,0
1212-2,6,19,arrieros,47,83,1,196,106,0,0,0,25,49,0,0,0,1,1,20,0
1212-2,6,20,arrieros,65,83,1,160,117,0,0,0,25,49,0,0,0,2,,0,0
1212-2,6,21,arrieros,65,83,1,176,126,0,0,0,25,49,0,1,0,2,,0,0
1212-2,6,22,arrieros,65,83,1,196,113,0,0,0,25,53,0,0,0,2,,0,0
1212-2,6,23,arrieros,73,83,1,216,104,0,0,0,15,43,0,0,0,2,,0,0
1212-2,6,24,arrieros,73,83,1,228,96,0,0,0,15,35,0,0,0,2,,0,0
1212-2,6,25,arrieros,72,79,1,193,82,0,0,0,15,35,0,0,0,2,1,10,0
1212-2,6,26,arrieros,72,79,1,130,87,0,0,0,15,34,0,0,0,2,,0,0
1212-2,6,27,arrieros,72,79,1,123,92,0,0,0,15,34,0,0,0,2,,0,0
1212-2,6,28,arrieros,72,79,1,134,90,0,0,0,15,34,0,0,0,2,,0,0
1212-2,6,29,arrieros,72,79,1,145,88,0,0,0,20,39,0,0,0,2,,0,0
1212-2,6,30,arrieros,72,79,1,163,86,0,0,0,20,46,0,0,0,2,,0,0
1212-2,6,31,arrieros,72,75,1,116,53,0,0,0,20,46,0,0,0,2,1,31,0
1212-2,6,32,arrieros,80,75,1,134,57,0,0,0,20,46,0,1,0,2,,0,0
1212-2,6,33,arrieros,80,75,1,152,57,0,0,0,20,46,0,0,0,2,,0,0
1212-2,6,34,arrieros,80,75,1,170,32,0,0,0,20,46,0,0,0,2,,0,0
1212-2,6,35,arrieros,88,75,1,188,46,0,0,0,33,59,0,0,0,2,,0,0
1212-2,6,36,arrieros,88,75,1,206,59,0,0,0,33,59,0,0,0,2,,0,0
1212-2,6,37,arrieros,87,71,1,271,66,0,0,0,33,59,0,0,0,2,1,12,0
1212-2,6,38,arrieros,87,71,1,247,85,0,0,0,33,59,0,0,0,2,,0,0
1212-2,6,39,arrieros,87,71,1,265,103,0,0,0,33,59,0,0,0,2,,0,0
1212-2,6,40,arrieros,87,71,1,283,115,0,0,0,33,59,0,0,0,2,,0,0
1212-2,6,41,arrieros,87,71,1,301,119,0,0,0,25,51,0,0,0,2,,0,0
1212-2,6,42,arrieros,87,71,1,319,122,0,0,0,25,51,0,0,0,2,,0,0
1212-2,6,43,arrieros,88,79,1,359,142,0,0,0,25,51,0,0,0,2,1,13,0
1212-2,6,44,arrieros,88,79,1,258,143,0,0,0,25,51,0,0,0,2,,0,0
1212-2,6,45,arrieros,88,79,1,256,144,0,0,0,25,51,0,0,0,2,,0,0
1212-2,6,46,arrieros,88,79,1,274,144,0,0,0,25,51,0,0,0,2,,0,0
1212-2,6,47,arrieros,88,79,1,292,135,0,0,0,15,41,0,0,0,2,,0,0
1212-2,6,48,arrieros,88,79,1,303,126,0,0,0,15,34,0,0,0,2,,0,0
1212-2,6,49,arrieros,88,75,1,343,112,0,0,0,15,34,0,0,0,2,1,12,0
1212-2,6,50,arrieros,88,75,1,235,103,0,0,0,15,34,0,0,0,2,,0,0
1212-2,6,51,arrieros,88,75,1,246,95,0,0,0,15,34,0,1,0,2,,0,0
1212-2,6,52,arrieros,88,75,1,257,89,0,0,0,15,34,0,0,0,2,,0,0
1212-2,6,53,arrieros,88,75,1,268,88,0,0,0,20,39,0,0,0,2,,0,0
1212-2,6,54,arrieros,88,75,1,286,87,0,0,0,20,46,0,0,0,2,,0,0
1212-2,6,55,arrieros,87,71,1,337,62,0,0,0,20,46,0,0,0,2,1,26,0
1212-2,6,56,arrieros,95,71,1,252,67,0,0,0,20,46,0,1,0,2,,0,0
1212-2,6,57,arrieros,95,71,1,252,74,0,0,0,20,46,0,0,0,2,,0,0
1212-2,6,58,arrieros,95,71,1,270,62,0,0,0,20,46,0,0,0,2,,0,0
1212-2,6,59,arrieros,95,71,1,288,82,0,0,0,40,66,0,0,0,2,,0,0
1212-2,6,60,arrieros,95,71,1,306,101,0,0,0,40,66,0,0,0,2,,0,0
1212-2,6,61,arrieros,95,71,1,411,120,0,0,0,40,66,0,0,0,2,1,18,0
1212-2,6,62,arrieros,103,71,1,326,142,0,0,0,40,66,0,1,0,2,,0,0
1212-2,6,63,arrieros,103,71,1,312,165,0,0,0,40,66,0,0,0,2,,0,0
1212-2,6,64,arrieros,103,71,1,322,187,0,0,0,40,66,0,0,0,2,,0,0
1212-2,6,65,arrieros,103,71,1,340,190,0,0,0,25,51,0,0,0,2,,0,0
1212-2,6,66,arrieros,103,71,1,358,191,0,0,0,25,51,0,0,0,2,,0,0
1212-2,6,67,arrieros,104,75,1,458,180,0,0,0,25,51,0,0,0,2,1,22,0
1212-2,6,68,arrieros,104,75,1,357,178,0,0,0,25,51,0,1,0,2,,0,0
1212-2,6,69,arrieros,112,75,1,315,178,0,0,0,25,51,0,0,0,2,,0,0
1212-2,6,70,arrieros,112,75,1,333,178,0,0,0,25,51,0,0,0,2,,0,0
1212-2,6,71,arrieros,112,75,1,351,168,0,0,0,15,41,0,0,0,2,,0,0
1212-2,6,72,arrieros,112,75,1,362,159,0,0,0,15,34,0,0,0,2,,0,0
1212-2,6,73,arrieros,111,71,1,373,144,0,0,0,15,34,0,0,0,2,1,11,0
1212-2,6,74,arrieros,111,71,1,265,137,0,0,0,15,34,0,0,0,2,,0,0
1212-2,6,75,arrieros,111,71,1,216,130,0,0,0,15,34,0,0,0,2,,0,0
1212-2,6,76,arrieros,111,71,1,227,106,0,0,0,15,34,0,0,0,2,,0,0
1212-2,6,77,arrieros,111,71,1,238,105,0,0,0,20,39,0,0,0,2,,0,0
1212-2,6,78,arrieros,111,71,1,256,104,0,0,0,20,46,0,0,0,2,,0,0
1212-2,6,79,arrieros,119,71,1,291,86,0,0,0,20,46,0,0,0,2,1,25,0
1212-2,6,80,arrieros,119,71,1,244,92,0,0,0,20,46,0,0,0,2,,0,0
1212-2,6,81,arrieros,119,71,1,247,97,0,0,0,20,46,0,0,0,2,,0,0
1212-2,6,82,arrieros,119,71,1,265,102,0,0,0,20,46,0,0,0,2,,0,0
1212-2,6,83,arrieros,119,71,1,283,122,0,0,0,40,66,0,0,0,2,,0,0
1212-2,6,84,arrieros,119,71,1,301,141,0,0,0,40,66,0,0,0,2,,0,0
1212-2,6,85,arrieros,119,71,1,402,160,0,0,0,40,66,0,0,0,2,1,14,0
1212-2,6,86,arrieros,119,71,1,317,184,0,0,0,40,66,0,0,0,2,,0,0
1212-2,6,87,arrieros,119,71,1,331,207,0,0,0,40,66,0,0,0,2,,0,0
1212-2,6,88,arrieros,119,71,1,349,224,0,0,0,40,66,0,0,0,2,,0,0
1212-2,6,89,arrieros,119,71,1,367,217,0,0,0,25,51,0,0,0,2,,0,0
1212-2,6,90,arrieros,119,71,1,385,218,0,0,0,25,51,0,0,0,2,,0,0
1212-2,6,91,arrieros,128,75,1,501,224,0,0,0,25,51,0,0,0,2,1,12,0
1212-2,6,92,arrieros,128,75,1,400,224,0,0,0,25,51,0,0,0,2,,0,0
1212-2,6,93,arrieros,128,75,1,368,224,0,0,0,25,51,0,0,0,2,,0,0
1212-2,6,94,arrieros,128,75,1,386,224,0,0,0,25,51,0,0,0,2,,0,0
1212-2,6,95,arrieros,128,75,1,404,214,0,0,0,15,41,0,0,0,2,,0,0
1212-2,6,96,arrieros,128,75,1,415,205,0,0,0,15,34,0,0,0,2,,0,0
1212-2,6,97,arrieros,127,71,1,475,190,0,0,0,15,34,0,0,0,2,1,12,0
1212-2,6,98,arrieros,127,71,1,367,183,0,0,0,15,34,0,0,0,2,,0,0
1212-2,6,99,arrieros,127,71,1,298,176,0,0,0,15,34,0,0,0,2,,0,0
1212-2,6,100,arrieros,127,71,1,309,169,0,0,0,15,34,0,0,0,2,,0,0
1212-2,6,101,arrieros,127,71,1,320,167,0,0,0,20,39,0,0,0,2,,0,0
1212-2,6,102,arrieros,127,71,1,338,165,0,0,0,20,46,0,0,0,2,,0,0
1212-2,6,103,arrieros,128,75,1,414,145,0,0,0,20,46,0,0,0,2,1,23,0
1212-2,6,104,arrieros,128,75,1,316,148,0,0,0,25,51,0,0,0,2,,0,0
1212-2,6,105,arrieros,136,75,1,324,151,0,0,0,25,51,0,0,0,2,,0,0
1212-2,6,106,arrieros,136,75,1,342,154,0,0,0,25,51,0,0,0,2,,0,0
1212-2,6,107,arrieros,136,75,1,360,181,0,0,0,50,76,0,0,0,2,,0,0
1212-2,6,108,arrieros,136,75,1,378,207,0,0,0,50,76,0,0,0,2,,0,0
1212-2,6,109,arrieros,135,71,1,467,227,0,0,0,50,76,0,0,0,2,1,15,0
1212-2,6,110,arrieros,135,71,1,369,244,0,0,0,40,66,0,0,0,2,,0,0
1212-2,6,111,arrieros,135,71,1,337,260,0,0,0,40,66,0,0,0,2,,0,0
1212-2,6,112,arrieros,135,71,1,355,275,0,0,0,40,66,0,0,0,2,,0,0
1212-2,6,113,arrieros,135,71,1,373,267,0,0,0,25,51,0,0,0,2,,0,0
1212-2,6,114,arrieros,135,71,1,391,268,0,0,0,25,51,0,0,0,2,,0,0
1212-2,6,115,arrieros,143,71,1,501,250,0,0,0,25,51,0,0,0,2,1,21,0
1212-2,6,116,arrieros,143,71,1,400,251,0,0,0,25,51,0,0,0,2,,0,0
1212-2,6,117,arrieros,143,71,1,388,252,0,0,0,25,51,0,0,0,2,,0,0
1212-2,6,118,arrieros,143,71,1,406,253,0,0,0,25,51,0,0,0,2,,0,0
1212-2,6,119,arrieros,143,71,1,424,245,0,0,0,15,41,0,0,0,2,,0,0
1212-2,6,120,arrieros,143,71,1,435,237,0,0,0,15,34,0,0,0,2,,0,0
1212-2,6,121,arrieros,143,71,1,486,229,0,0,0,15,34,0,0,0,2,1,11,0
1212-2,6,122,arrieros,143,71,1,378,222,0,0,0,15,34,0,0,0,2,,0,0
1212-2,6,123,arrieros,143,71,1,319,198,0,0,0,15,34,0,0,0,2,,0,0
1212-2,6,124,arrieros,143,71,1,330,192,0,0,0,15,34,0,0,0,2,,0,0
1212-2,6,125,arrieros,151,71,1,341,191,0,0,0,20,39,0,0,0,2,,0,0
1212-2,6,126,arrieros,151,71,1,359,190,0,0,0,20,46,0,0,0,2,,0,0
1212-2,6,127,arrieros,152,75,1,420,190,0,0,0,20,46,0,0,0,2,1,15,0
1212-2,6,128,arrieros,152,75,1,387,186,0,0,0,20,46,0,0,0,2,,0,0
1212-2,6,129,arrieros,152,75,1,354,182,0,0,0,20,46,0,0,0,2,,0,0
1212-2,6,130,arrieros,152,75,1,321,178,0,0,0,20,46,0,0,0,2,,0,0
1212-2,6,131,arrieros,152,75,1,313,194,0,0,0,40,66,0,0,0,2,,0,0
1212-2,6,132,arrieros,152,75,1,331,209,0,0,0,40,66,0,0,0,2,,0,0
1212-2,6,133,arrieros,152,75,1,547,218,0,0,0,40,66,0,0,0,2,1,11,0
1212-2,6,134,arrieros,152,75,1,471,232,0,0,0,40,66,0,0,0,2,,0,0
1212-2,6,135,arrieros,152,75,1,489,246,0,0,0,40,66,0,0,0,2,,0,0
1212-2,6,136,arrieros,152,75,1,507,259,0,0,0,40,66,0,0,0,2,,0,0
1212-2,6,137,arrieros,152,75,1,525,257,0,0,0,25,51,0,0,0,2,,0,0
1212-2,6,138,arrieros,152,75,1,543,255,0,0,0,25,51,0,0,0,2,,0,0
1212-2,6,139,arrieros,151,71,1,600,229,0,0,0,25,51,0,0,0,2,1,25,0
1212-2,6,140,arrieros,151,71,1,494,229,0,0,0,25,51,0,0,0,2,,0,0
1212-2,6,141,arrieros,159,71,1,389,229,0,0,0,25,51,0,0,0,2,,0,0
1212-2,6,142,arrieros,159,71,1,342,229,0,0,0,25,51,0,0,0,2,,0,0
1212-2,6,143,arrieros,159,71,1,358,220,0,0,0,15,41,0,0,0,2,,0,0
1212-2,6,144,arrieros,159,71,1,369,211,0,0,0,15,34,0,0,0,2,,0,0
1212-2,6,145,arrieros,159,71,1,462,183,0,0,0,15,34,0,0,0,2,1,21,0
1212-2,6,146,arrieros,159,71,1,352,176,0,0,0,15,34,0,0,0,2,,0,0
1212-2,6,147,arrieros,167,71,1,351,169,0,0,0,15,34,0,0,0,2,,0,0
1212-2,6,148,arrieros,167,71,1,359,162,0,0,0,15,34,0,0,0,2,,0,0
1212-2,6,149,arrieros,167,71,1,370,160,0,0,0,20,39,0,0,0,2,,0,0
1212-2,6,150,arrieros,167,71,1,388,158,0,0,0,20,46,0,0,0,2,,0,0
1212-2,6,151,arrieros,167,71,1,468,156,0,0,0,20,46,0,0,0,2,1,19,0
1212-2,6,152,arrieros,167,71,1,383,160,0,0,0,20,46,0,0,0,2,,0,0
1212-2,6,153,arrieros,167,71,1,349,164,0,0,0,20,46,0,0,0,2,,0,0
1212-2,6,154,arrieros,167,71,1,355,168,0,0,0,20,46,0,0,0,2,,0,0
1212-2,6,155,arrieros,167,71,1,373,187,0,0,0,40,66,0,0,0,2,,0,0
1212-2,6,156,arrieros,167,71,1,391,203,0,0,0,40,66,0,0,0,2,,0,0
1212-2,6,157,arrieros,167,71,1,533,212,0,0,0,40,66,0,0,0,2,1,12,0
1212-2,6,158,arrieros,167,71,1,435,227,0,0,0,40,66,0,0,0,2,,0,0
1212-2,6,159,arrieros,167,71,1,418,242,0,0,0,40,66,0,0,0,2,,0,0
1212-2,6,160,arrieros,167,71,1,436,256,0,0,0,40,66,0,0,0,2,,0,0
1212-2,6,161,arrieros,167,71,1,454,255,0,0,0,25,51,0,0,0,2,,0,0
1212-2,6,162,arrieros,167,71,1,472,254,0,0,0,25,51,0,0,0,2,,0,0
1212-2,6,163,arrieros,175,71,1,562,253,0,0,0,25,51,0,0,0,2,1,11,0
1212-2,6,164,arrieros,175,71,1,457,252,0,0,0,25,51,0,0,0,2,,0,0
1212-2,6,165,arrieros,175,71,1,362,251,0,0,0,25,51,0,0,0,2,,0,0
1212-2,6,166,arrieros,175,71,1,375,250,0,0,0,25,51,0,0,0,2,,0,0
1212-2,6,167,arrieros,175,71,1,393,240,0,0,0,15,41,0,0,0,2,,0,0
1212-2,6,168,arrieros,175,71,1,404,230,0,0,0,15,34,0,0,0,2,,0,0
1212-2,6,169,arrieros,175,71,1,474,221,0,0,0,15,34,0,0,0,2,1,11,0
1212-2,6,170,arrieros,175,71,1,364,212,0,0,0,15,34,0,0,0,2,,0,0
1212-2,6,171,arrieros,175,71,1,333,203,0,0,0,15,34,0,0,0,2,,0,0
1212-2,6,172,arrieros,175,71,1,341,195,0,0,0,15,34,0,0,0,2,,0,0
1212-2,6,173,arrieros,175,71,1,352,192,0,0,0,20,39,0,0,0,2,,0,0
1212-2,6,174,arrieros,175,71,1,370,189,0,0,0,20,46,0,0,0,2,,0,0
1212-2,6,175,arrieros,176,75,1,472,187,0,0,0,20,46,0,0,0,2,1,17,0
1212-2,6,176,arrieros,176,75,1,387,189,0,0,0,20,46,0,0,0,2,,0,0
1212-2,6,177,arrieros,176,75,1,359,191,0,0,0,20,46,0,0,0,2,,0,0
1212-2,6,178,arrieros,176,75,1,377,193,0,0,0,20,46,0,0,0,2,,0,0
1212-2,6,179,arrieros,176,75,1,395,208,0,0,0,40,66,0,0,0,2,,0,0
1212-2,6,180,arrieros,176,75,1,413,223,0,0,0,40,66,0,0,0,2,,0,0
1212-2,6,181,arrieros,176,75,1,542,232,0,0,0,40,66,0,0,0,2,1,15,0
1212-2,6,182,arrieros,176,75,1,444,246,0,0,0,40,66,0,0,0,2,,0,0
1212-2,6,183,arrieros,176,75,1,398,259,0,0,0,40,66,0,0,0,2,,0,0
1212-2,6,184,arrieros,176,75,1,416,272,0,0,0,40,66,0,0,0,2,,0,0
1212-2,6,185,arrieros,176,75,1,434,270,0,0,0,25,51,0,0,0,2,,0,0
1212-2,6,186,arrieros,176,75,1,452,268,0,0,0,25,51,0,0,0,2,,0,0
1212-2,6,187,arrieros,175,71,1,549,241,0,0,0,25,51,0,0,0,2,1,22,0
1212-2,6,188,arrieros,175,71,1,443,241,0,0,0,25,51,0,0,0,2,,0,0
1212-2,6,189,arrieros,183,71,1,367,241,0,0,0,25,51,0,0,0,2,,0,0
1212-2,6,190,arrieros,343,74,1,382,241,0,0,0,25,51,0,1,1,3,,0,0
1212-2,6,191,arrieros,343,74,1,400,232,0,0,0,15,41,0,0,0,3,,0,0
1212-2,6,192,arrieros,343,74,1,411,224,0,0,0,15,34,0,0,0,3,,0,0
1212-2,6,193,arrieros,343,74,1,489,196,0,0,0,15,34,0,0,0,3,1,17,0
1212-2,6,194,arrieros,343,74,1,381,187,0,0,0,13,32,0,0,0,3,,0,0
1212-2,6,195,arrieros,343,74,1,342,178,0,0,0,13,32,0,0,0,3,,0,0
1212-2,6,196,arrieros,343,74,1,353,170,0,0,0,13,32,0,0,0,3,,0,0
1212-2,6,197,arrieros,343,74,1,364,167,0,0,0,18,37,0,0,0,3,,0,0
1212-2,6,198,arrieros,351,74,1,382,164,0,0,0,18,44,0,0,0,3,,0,0
1212-2,6,199,arrieros,351,74,1,495,145,0,0,0,18,44,0,0,0,3,1,16,0
1212-2,6,200,arrieros,351,74,1,429,152,0,0,0,18,44,0,0,0,3,,0,0
1212-2,6,1,canteros,39,116,1,40,56,0,0,0,18,48,0,0,0,0,1,4,0
1212-2,6,2,canteros,39,116,1,47,42,0,0,0,18,34,0,0,0,0,,0,0
1212-2,6,3,canteros,39,116,1,54,28,0,0,0,18,34,0,1,0,0,,0,0
1212-2,6,4,canteros,39,116,1,69,17,0,0,0,18,42,0,0,0,0,,0,0
1212-2,6,5,canteros,39,116,1,84,5,0,0,0,17,41,0,0,0,0,,0,0
1212-2,6,6,canteros,38,116,1,110,0,0,0,0,17,52,1,0,0,0,,0,0
1212-2,6,7,canteros,37,116,1,100,0,0,0,0,17,52,1,0,0,0,1,7,0
1212-2,6,8,canteros,35,113,1,112,4,0,0,0,17,52,1,0,0,0,,0,0
1212-2,6,9,canteros,34,110,1,138,3,0,0,0,17,52,1,0,0,0,,0,0
1212-2,6,10,canteros,32,107,1,164,0,0,0,0,17,52,1,0,0,0,,0,0
1212-2,6,11,canteros,32,107,1,188,22,0,0,0,48,81,0,0,0,0,,0,0
1212-2,6,12,canteros,32,107,1,212,43,0,0,0,48,81,0,0,0,0,,0,0
1212-2,6,13,canteros,32,107,1,166,63,0,0,0,48,81,0,0,0,0,1,9,0
1212-2,6,14,canteros,32,107,1,128,86,0,0,0,48,81,0,0,0,0,,0,0
1212-2,6,15,canteros,47,107,1,152,108,0,0,0,48,81,0,0,0,1,,0,0
1212-2,6,16,canteros,47,107,1,176,125,0,0,0,48,81,0,0,0,1,,0,0
1212-2,6,17,canteros,47,107,1,200,124,0,0,0,30,63,0,0,0,1,,0,0
1212-2,6,18,canteros,47,107,1,224,123,0,0,0,30,62,0,0,0,1,,0,0
1212-2,6,19,canteros,46,103,1,280,113,0,0,0,30,62,0,0,0,1,1,13,0
1212-2,6,20,canteros,46,103,1,257,121,0,0,0,30,62,0,0,0,1,,0,0
1212-2,6,21,canteros,46,103,1,234,128,0,0,0,30,62,0,0,0,1,,0,0
1212-2,6,22,canteros,46,103,1,237,135,0,0,0,30,62,0,0,0,1,,0,0
1212-2,6,23,canteros,46,103,1,261,128,0,0,0,18,50,0,0,0,1,,0,0
1212-2,6,24,canteros,46,103,1,275,117,0,0,0,18,40,0,0,0,1,,0,0
1212-2,6,25,canteros,45,99,1,270,82,0,0,0,18,40,0,0,0,1,1,21,0
1212-2,6,26,canteros,45,99,1,236,80,0,0,0,18,39,0,0,0,1,,0,0
1212-2,6,27,canteros,63,99,1,202,79,0,0,0,18,39,0,0,0,2,,0,0
1212-2,6,28,canteros,63,99,1,168,78,0,0,0,18,39,0,0,0,2,,0,0
1212-2,6,29,canteros,63,99,1,156,82,0,0,0,24,45,0,0,0,2,,0,0
1212-2,6,30,canteros,63,99,1,178,85,0,0,0,24,54,0,0,0,2,,0,0
1212-2,6,31,canteros,63,99,1,71,69,0,0,0,24,54,0,0,0,2,1,14,0
1212-2,6,32,canteros,63,99,1,64,72,0,0,0,24,54,0,0,0,2,,0,0
1212-2,6,33,canteros,71,99,1,77,75,0,0,0,24,54,0,0,0,2,,0,0
1212-2,6,34,canteros,71,99,1,99,73,0,0,0,24,54,0,0,0,2,,0,0
1212-2,6,35,canteros,71,99,1,121,92,0,0,0,48,77,0,0,0,2,,0,0
1212-2,6,36,canteros,71,99,1,143,110,0,0,0,48,77,0,0,0,2,,0,0
1212-2,6,37,canteros,71,99,1,177,127,0,0,0,48,77,0,0,0,2,1,9,0
1212-2,6,38,canteros,71,99,1,177,148,0,0,0,48,77,0,0,0,2,,0,0
1212-2,6,39,canteros,71,99,1,194,168,0,0,0,48,77,0,0,0,2,,0,0
1212-2,6,40,canteros,71,99,1,216,184,0,0,0,48,77,0,0,0,2,,0,0
1212-2,6,41,canteros,71,99,1,238,181,0,0,0,30,59,0,0,0,2,,0,0
1212-2,6,42,canteros,71,99,1,260,178,0,0,0,30,59,0,0,0,2,,0,0
1212-2,6,43,canteros,71,99,1,267,166,0,0,0,30,59,0,0,0,2,1,24,0
1212-2,6,44,canteros,79,99,1,223,164,0,0,0,30,59,0,0,0,2,,0,0
1212-2,6,45,canteros,79,99,1,179,162,0,0,0,30,59,0,0,0,2,,0,0
1212-2,6,46,canteros,79,99,1,177,160,0,0,0,30,59,0,0,0,2,,0,0
1212-2,6,47,canteros,79,99,1,193,137,0,0,0,18,47,0,0,0,2,,0,0
1212-2,6,48,canteros,87,99,1,201,124,0,0,0,18,38,0,0,0,2,,0,0
1212-2,6,49,canteros,87,99,1,216,109,0,0,0,15,35,0,0,0,2,1,10,0
1212-2,6,50,canteros,87,99,1,176,102,0,0,0,15,35,0,0,0,2,,0,0
1212-2,6,51,canteros,87,99,1,136,95,0,0,0,15,35,0,0,0,2,,0,0
1212-2,6,52,canteros,87,99,1,143,79,0,0,0,15,34,0,0,0,2,,0,0
1212-2,6,53,canteros,87,99,1,150,74,0,0,0,24,43,0,0,0,2,,0,0
1212-2,6,54,canteros,87,99,1,172,70,0,0,0,24,52,0,0,0,2,,0,0
1212-2,6,55,canteros,87,99,1,147,66,0,0,0,24,52,0,0,0,2,1,8,0
1212-2,6,56,canteros,95,99,1,141,66,0,0,0,24,52,0,0,0,2,,0,0
1212-2,6,57,canteros,95,99,1,163,66,0,0,0,24,52,0,0,0,2,,0,0
1212-2,6,58,canteros,95,99,1,185,62,0,0,0,24,52,0,0,0,2,,0,0
1212-2,6,59,canteros,95,99,1,207,81,0,0,0,48,76,0,0,0,2,,0,0
1212-2,6,60,canteros,95,99,1,229,99,0,0,0,48,76,0,0,0,2,,0,0
1212-2,6,61,canteros,95,99,1,232,117,0,0,0,48,76,0,0,0,2,1,13,0
1212-2,6,62,canteros,95,99,1,187,138,0,0,0,48,76,0,0,0,2,,0,0
1212-2,6,63,canteros,95,99,1,186,158,0,0,0,48,76,0,0,0,2,,0,0
1212-2,6,64,canteros,95,99,1,203,177,0,0,0,48,76,0,0,0,2,,0,0
1212-2,6,65,canteros,95,99,1,225,175,0,0,0,30,58,0,0,0,2,,0,0
1212-2,6,66,canteros,95,99,1,247,172,0,0,0,30,58,0,0,0,2,,0,0
1212-2,6,67,canteros,96,103,1,323,170,0,0,0,30,58,0,0,0,2,1,10,0
1212-2,6,68,canteros,96,103,1,281,167,0,0,0,30,60,0,0,0,2,,0,0
1212-2,6,69,canteros,96,103,1,239,164,0,0,0,30,60,0,0,0,2,,0,0
1212-2,6,70,canteros,96,103,1,251,161,0,0,0,30,60,0,0,0,2,,0,0
1212-2,6,71,canteros,96,103,1,270,144,0,0,0,15,45,0,0,0,2,,0,0
1212-2,6,72,canteros,96,103,1,278,127,0,0,0,15,35,0,0,0,2,,0,0
1212-2,6,73,canteros,305,99,1,273,104,0,0,0,18,38,0,1,1,3,1,16,0
1212-2,6,74,canteros,305,99,1,239,102,0,0,0,18,37,0,0,0,3,,0,0
1212-2,6,75,canteros,305,99,1,205,100,0,0,0,18,37,0,0,0,3,,0,0
1212-2,6,76,canteros,305,99,1,171,98,0,0,0,18,37,0,0,0,3,,0,0
1212-2,6,77,canteros,305,99,1,155,102,0,0,0,24,43,0,0,0,3,,0,0
1212-2,6,78,canteros,305,99,1,177,105,0,0,0,24,52,0,0,0,3,,0,0
1212-2,6,79,canteros,305,99,1,181,88,0,0,0,24,52,0,0,0,3,1,19,0
1212-2,6,80,canteros,305,99,1,174,86,0,0,0,21,49,0,0,0,3,,0,0
1212-2,6,81,canteros,313,99,1,196,84,0,0,0,21,49,0,0,0,3,,0,0
1212-2,6,82,canteros,313,99,1,218,78,0,0,0,21,49,0,0,0,3,,0,0
1212-2,6,83,canteros,313,99,1,240,94,0,0,0,43,71,0,0,0,3,,0,0
1212-2,6,84,canteros,313,99,1,262,109,0,0,0,43,71,0,0,0,3,,0,0
1212-2,6,85,canteros,313,99,1,275,123,0,0,0,43,71,0,0,0,3,1,14,0
1212-2,6,86,canteros,313,99,1,217,141,0,0,0,43,71,0,0,0,3,,0,0
1212-2,6,87,canteros,313,99,1,210,158,0,0,0,43,71,0,0,0,3,,0,0
1212-2,6,88,canteros,313,99,1,219,172,0,0,0,43,71,0,0,0,3,,0,0
1212-2,6,89,canteros,313,99,1,241,171,0,0,0,27,55,0,0,0,3,,0,0
1212-2,6,90,canteros,313,99,1,263,168,0,0,0,27,55,0,0,0,3,,0,0
1212-2,6,91,canteros,313,99,1,415,165,0,0,0,27,55,0,0,0,3,1,1,0
1212-2,6,92,canteros,313,99,1,437,162,0,0,0,27,55,0,0,0,3,,0,0
1212-2,6,93,canteros,321,99,1,459,159,0,0,0,27,55,0,0,0,3,,0,0
1212-2,6,94,canteros,321,99,1,481,156,0,0,0,27,55,0,0,0,3,,0,0
1212-2,6,95,canteros,321,99,1,503,143,0,0,0,16,44,0,0,0,3,,0,0
1212-2,6,96,canteros,321,99,1,516,130,0,0,0,16,35,0,0,0,3,,0,0
1212-2,6,97,canteros,321,99,1,488,118,0,0,0,16,35,0,0,0,3,1,12,0
1212-2,6,98,canteros,321,99,1,460,116,0,0,0,16,35,0,0,0,3,,0,0
1212-2,6,99,canteros,321,99,1,432,114,0,0,0,16,35,0,0,0,3,,0,0
1212-2,6,100,canteros,321,99,1,404,112,0,0,0,16,35,0,0,0,3,,0,0
1212-2,6,101,canteros,321,99,1,376,115,0,0,0,21,40,0,0,0,3,,0,0
1212-2,6,102,canteros,321,99,1,357,118,0,0,0,21,49,0,0,0,3,,0,0
1212-2,6,103,canteros,322,103,1,386,122,0,0,0,21,49,0,0,0,3,1,14,0
1212-2,6,104,canteros,322,103,1,330,121,0,0,0,21,51,0,0,0,3,,0,0
1212-2,6,105,canteros,322,103,1,274,120,0,0,0,21,51,0,0,0,3,,0,0
1212-2,6,106,canteros,322,103,1,243,119,0,0,0,21,51,0,0,0,3,,0,0
1212-2,6,107,canteros,322,103,1,267,139,0,0,0,43,73,0,0,0,3,,0,0
1212-2,6,108,canteros,322,103,1,291,151,0,0,0,43,73,0,0,0,3,,0,0
1212-2,6,109,canteros,321,99,1,439,153,0,0,0,43,73,0,0,0,3,1,13,0
1212-2,6,110,canteros,321,99,1,389,171,0,0,0,43,71,0,0,0,3,,0,0
1212-2,6,111,canteros,321,99,1,339,188,0,0,0,43,71,0,0,0,3,,0,0
1212-2,6,112,canteros,321,99,1,348,204,0,0,0,43,71,0,0,0,3,,0,0
1212-2,6,113,canteros,321,99,1,370,202,0,0,0,27,55,0,0,0,3,,0,0
1212-2,6,114,canteros,321,99,1,392,197,0,0,0,27,55,0,0,0,3,,0,0
1212-2,6,115,canteros,321,99,1,591,179,0,0,0,27,55,0,0,0,3,1,11,0
1212-2,6,116,canteros,321,99,1,613,175,0,0,0,27,55,0,0,0,3,,0,0
1212-2,6,117,canteros,329,99,1,635,171,0,0,0,27,55,0,0,0,3,,0,0
1212-2,6,118,canteros,329,99,1,657,168,0,0,0,27,55,0,0,0,3,,0,0
1212-2,6,119,canteros,329,99,1,679,154,0,0,0,16,44,0,0,0,3,,0,0
1212-2,6,120,canteros,329,99,1,692,141,0,0,0,16,35,0,0,0,3,,0,0
1212-2,6,121,canteros,329,99,1,668,128,0,0,0,16,35,0,0,0,3,1,12,0
1212-2,6,122,canteros,329,99,1,644,125,0,0,0,16,35,0,0,0,3,,0,0
1212-2,6,123,canteros,329,99,1,620,122,0,0,0,16,35,0,0,0,3,,0,0
1212-2,6,124,canteros,329,99,1,596,110,0,0,0,16,35,0,0,0,3,,0,0
1212-2,6,125,canteros,329,99,1,572,112,0,0,0,21,40,0,0,0,3,,0,0
1212-2,6,126,canteros,329,99,1,557,114,0,0,0,21,49,0,0,0,3,,0,0
1212-2,6,127,canteros,337,99,1,565,116,0,0,0,21,49,0,0,0,3,1,18,0
1212-2,6,128,canteros,337,99,1,507,116,0,0,0,21,49,0,0,0,3,,0,0
1212-2,6,129,canteros,337,99,1,449,116,0,0,0,21,49,0,0,0,3,,0,0
1212-2,6,130,canteros,337,99,1,391,110,0,0,0,15,43,0,0,0,3,,0,0
1212-2,6,131,canteros,337,99,1,333,119,0,0,0,30,58,0,0,0,3,,0,0
1212-2,6,132,canteros,337,99,1,275,127,0,0,0,30,58,0,0,0,3,,0,0
1212-2,6,133,canteros,337,99,1,577,135,0,0,0,30,58,0,0,0,3,1,10,0
1212-2,6,134,canteros,337,99,1,519,143,0,0,0,30,58,0,0,0,3,,0,0
1212-2,6,135,canteros,337,99,1,486,151,0,0,0,30,58,0,0,0,3,,0,0
1212-2,6,136,canteros,337,99,1,508,171,0,0,0,43,71,0,0,0,3,,0,0
1212-2,6,137,canteros,337,99,1,530,168,0,0,0,27,55,0,0,0,3,,0,0
1212-2,6,138,canteros,337,99,1,552,165,0,0,0,27,55,0,0,0,3,,0,0
1212-2,6,139,canteros,338,103,1,737,162,0,0,0,27,55,0,0,0,3,1,3,0
1212-2,6,140,canteros,338,103,1,761,158,0,0,0,27,57,0,0,0,3,,0,0
1212-2,6,141,canteros,338,103,1,785,154,0,0,0,27,57,0,0,0,3,,0,0
1212-2,6,142,canteros,338,103,1,809,150,0,0,0,27,57,0,0,0,3,,0,0
1212-2,6,143,canteros,338,103,1,833,136,0,0,0,16,46,0,0,0,3,,0,0
1212-2,6,144,canteros,338,103,1,847,122,0,0,0,16,36,0,0,0,3,,0,0
1212-2,6,145,canteros,337,99,1,833,61,0,0,0,16,36,0,0,0,3,1,18,0
1212-2,6,146,canteros,337,99,1,817,58,0,0,0,16,35,0,0,0,3,,0,0
1212-2,6,147,canteros,371,129,2,801,55,0,0,0,16,35,0,0,0,4,,0,0
1212-2,6,148,canteros,371,129,2,778,45,0,0,0,16,41,0,0,0,4,,0,0
1212-2,6,149,canteros,371,129,2,743,40,0,0,0,21,46,0,0,0,4,,0,0
1212-2,6,150,canteros,371,129,2,717,38,0,0,0,21,55,0,0,0,4,,0,0
1212-2,6,151,canteros,371,129,2,775,36,0,0,0,21,55,0,0,0,4,1,25,0
1212-2,6,152,canteros,371,129,2,720,27,0,0,0,21,55,0,1,0,4,,0,0
1212-2,6,153,canteros,371,129,2,655,23,0,0,0,24,58,0,0,0,4,,0,0
1212-2,6,154,canteros,371,129,2,588,17,0,0,0,24,58,0,1,0,4,,0,0
1212-2,6,155,canteros,372,130,2,521,41,0,0,0,50,90,0,0,0,4,,0,0
1212-2,6,156,canteros,372,131,2,454,64,0,0,0,50,90,0,0,0,4,,0,0
1212-2,6,157,canteros,372,132,2,785,86,0,0,0,50,90,0,0,0,4,1,17,0
1212-2,6,158,canteros,372,133,2,718,104,0,0,0,50,90,0,0,0,4,,0,0
1212-2,6,159,canteros,372,134,2,651,122,0,0,0,50,90,0,1,0,4,,0,0
1212-2,6,160,canteros,373,135,2,584,141,0,0,0,50,94,0,0,0,4,,0,0
1212-2,6,161,canteros,373,135,2,542,141,0,0,0,31,75,0,0,0,4,,0,0
1212-2,6,162,canteros,373,135,2,542,141,0,0,0,31,75,0,0,0,4,,0,0
1212-2,6,163,canteros,373,135,2,757,124,0,0,0,31,75,0,0,0,4,1,30,0
1212-2,6,164,canteros,373,135,2,738,123,0,0,0,31,71,0,0,0,4,,0,0
1212-2,6,165,canteros,381,135,2,723,122,0,0,0,31,71,0,0,0,4,,0,0
1212-2,6,166,canteros,381,135,2,708,121,0,0,0,31,71,0,0,0,4,,0,0
1212-2,6,167,canteros,381,135,2,693,108,0,0,0,19,60,0,0,0,4,,0,0
1212-2,6,168,canteros,381,135,2,669,96,0,0,0,19,51,0,0,0,4,,0,0
1212-2,6,169,canteros,381,135,2,771,84,0,0,0,19,51,0,0,0,4,1,13,0
1212-2,6,170,canteros,381,135,2,737,76,0,0,0,19,53,0,0,0,4,,0,0
1212-2,6,171,canteros,381,135,2,698,68,0,0,0,19,53,0,0,0,4,,0,0
1212-2,6,172,canteros,381,135,2,664,51,0,0,0,19,53,0,0,0,4,,0,0
1212-2,6,173,canteros,381,135,2,630,50,0,0,0,25,59,0,0,0,4,,0,0
1212-2,6,174,canteros,381,135,2,601,49,0,0,0,25,68,0,0,0,4,,0,0
1212-2,6,175,canteros,389,135,2,612,48,0,0,0,25,68,0,0,0,4,1,18,0
1212-2,6,176,canteros,389,135,2,542,44,0,0,0,25,68,0,0,0,4,,0,0
1212-2,6,177,canteros,389,135,2,477,40,0,0,0,25,67,0,0,0,4,,0,0
1212-2,6,178,canteros,389,135,2,412,36,0,0,0,25,67,0,0,0,4,,0,0
1212-2,6,179,canteros,389,136,2,342,57,0,0,0,51,93,0,0,0,4,,0,0
1212-2,6,180,canteros,389,137,2,277,77,0,0,0,51,93,0,0,0,4,,0,0
1212-2,6,181,canteros,389,138,2,580,96,0,0,0,51,93,0,0,0,4,1,10,0
1212-2,6,182,canteros,389,139,2,512,114,0,0,0,51,93,0,0,0,4,,0,0
1212-2,6,183,canteros,390,141,2,474,131,0,0,0,51,94,0,0,0,4,,0,0
1212-2,6,184,canteros,390,143,2,491,147,0,0,0,51,94,0,0,0,4,,0,0
1212-2,6,185,canteros,390,143,2,503,137,0,0,0,32,75,0,0,0,4,,0,0
1212-2,6,186,canteros,390,143,2,520,127,0,0,0,32,75,0,0,0,4,,0,0
1212-2,6,187,canteros,391,147,2,663,118,0,0,0,32,75,0,0,0,4,1,13,0
1212-2,6,188,canteros,391,147,2,636,118,0,0,0,32,77,0,0,0,4,,0,0
1212-2,6,189,canteros,391,147,2,614,118,0,0,0,32,77,0,0,0,4,,0,0
1212-2,6,190,canteros,391,147,2,592,118,0,0,0,32,77,0,0,0,4,,0,0
1212-2,6,191,canteros,391,147,2,566,106,0,0,0,19,64,0,0,0,4,,0,0
1212-2,6,192,canteros,391,147,2,534,94,0,0,0,19,54,0,0,0,4,,0,0
1212-2,6,193,canteros,390,143,2,555,73,0,0,0,19,54,0,0,0,4,1,13,0
1212-2,6,194,canteros,390,143,2,517,63,0,0,0,19,53,0,0,0,4,,0,0
1212-2,6,195,canteros,510,143,2,481,54,0,0,0,19,53,0,1,1,4,,0,0
1212-2,6,196,canteros,510,143,2,448,47,0,0,0,19,53,0,0,0,4,,0,0
1212-2,6,197,canteros,510,143,2,415,46,0,0,0,25,59,0,0,0,4,,0,0
1212-2,6,198,canteros,510,143,2,391,45,0,0,0,25,67,0,0,0,4,,0,0
1212-2,6,199,canteros,510,143,2,401,44,0,0,0,25,67,0,0,0,4,1,15,0
1212-2,6,200,canteros,510,143,2,337,40,0,0,0,25,67,0,0,0,4,,0,0
1212-2,6,1,ferrones,33,86,1,390,62,0,14,0,15,33,0,0,0,0,1,6,0
1212-2,6,2,ferrones,33,86,1,394,53,0,8,0,15,23,0,0,0,0,,0,0
1212-2,6,3,ferrones,33,86,1,398,45,0,3,0,15,23,0,0,0,0,,0,0
1212-2,6,4,ferrones,33,86,1,402,31,0,0,0,9,17,0,0,0,0,,0,0
1212-2,6,5,ferrones,33,86,1,406,12,0,0,0,4,12,0,1,0,0,,0,0
1212-2,6,6,ferrones,32,86,1,426,0,0,0,0,4,28,1,0,0,0,,0,0
1212-2,6,7,ferrones,31,86,1,352,0,0,0,0,4,28,1,0,0,0,1,26,0
1212-2,6,8,ferrones,29,84,1,278,3,0,0,0,4,28,1,0,0,0,,0,0
1212-2,6,9,ferrones,28,82,1,204,3,0,0,0,4,28,1,0,0,0,,0,0
1212-2,6,10,ferrones,27,80,1,155,3,0,2,0,4,28,1,0,0,0,,0,0
1212-2,6,11,ferrones,25,78,1,160,3,0,0,0,15,39,1,0,0,0,,0,0
1212-2,6,12,ferrones,24,76,1,178,1,0,0,0,8,30,1,0,0,0,,0,0
1212-2,6,13,ferrones,22,74,1,274,0,0,0,0,8,30,1,0,0,0,1,8,0
1212-2,6,14,ferrones,21,72,1,277,4,0,0,0,7,29,1,0,0,0,,0,0
1212-2,6,15,ferrones,20,70,1,295,1,0,0,0,7,29,1,0,0,0,,0,0
1212-2,6,16,ferrones,18,68,1,313,0,0,0,0,7,29,1,0,0,0,,0,0
1212-2,6,17,ferrones,17,66,1,329,0,0,0,0,3,23,1,0,0,0,,0,0
1212-2,6,18,ferrones,16,65,1,345,0,0,0,0,3,23,1,0,0,0,,0,0
1212-2,6,19,ferrones,14,64,1,366,0,0,0,0,3,23,1,0,0,0,1,16,0
1212-2,6,20,ferrones,13,63,1,310,7,0,0,0,3,15,1,0,0,0,,0,0
1212-2,6,21,ferrones,12,62,1,254,7,0,0,0,3,15,1,0,0,0,,0,0
1212-2,6,22,ferrones,11,61,1,198,7,0,0,0,3,15,1,0,0,0,,0,0
1212-2,6,23,ferrones,10,60,1,182,7,0,0,0,2,14,1,0,0,0,,0,0
1212-2,6,24,ferrones,8,59,1,191,5,0,0,0,2,14,1,0,0,0,,0,0
1212-2,6,25,ferrones,7,58,1,219,0,0,0,0,2,13,1,0,0,0,1,7,0
1212-2,6,26,ferrones,6,57,1,162,7,0,0,0,2,13,1,0,0,0,,0,0
1212-2,6,27,ferrones,5,56,1,170,7,0,0,0,2,13,1,0,0,0,,0,0
1212-2,6,28,ferrones,4,55,1,178,0,0,0,0,2,13,1,0,0,0,,0,0
1212-2,6,29,ferrones,2,54,1,186,0,0,0,0,2,13,1,0,0,0,,0,0
1212-2,6,30,ferrones,1,53,1,198,0,0,0,0,2,17,1,0,0,0,,0,0
1212-2,6,31,ferrones,0,52,1,149,0,0,0,0,2,17,1,0,0,0,1,11,0
1212-2,6,32,ferrones,-1,51,1,127,4,0,0,0,2,13,1,0,0,0,,0,0
1212-2,6,33,ferrones,-2,50,1,130,4,0,0,0,2,13,1,0,0,0,,0,0
1212-2,6,34,ferrones,-4,49,1,138,1,0,0,0,2,13,1,0,0,0,,0,0
1212-2,6,35,ferrones,-5,48,1,145,0,0,0,0,5,15,1,0,0,0,,0,0
1212-2,6,36,ferrones,-6,47,1,152,0,0,0,0,5,15,1,0,0,0,,0,0
1212-2,6,37,ferrones,-7,46,1,159,0,0,0,0,5,15,1,0,0,0,1,7,0
1212-2,6,38,ferrones,-8,45,1,151,4,0,0,0,5,15,1,0,0,0,,0,0
1212-2,6,39,ferrones,-10,44,1,158,3,0,0,0,5,15,1,0,0,0,,0,0
1212-2,6,40,ferrones,-11,43,1,165,0,0,0,0,5,15,1,0,0,0,,0,0
1212-2,6,41,ferrones,-12,42,1,172,0,0,0,0,3,13,1,0,0,0,,0,0
1212-2,6,42,ferrones,-13,41,1,179,0,0,0,0,3,13,1,0,0,0,,0,0
1212-2,6,43,ferrones,-14,40,1,166,0,0,0,0,3,13,1,0,0,0,1,9,0
1212-2,6,44,ferrones,-16,39,1,128,7,0,0,0,3,13,1,0,0,0,,0,0
1212-2,6,45,ferrones,-16,39,1,120,8,0,0,0,3,13,0,0,0,0,,0,0
1212-2,6,46,ferrones,-16,39,1,127,1,0,0,0,3,13,0,1,0,0,,0,0
1212-2,6,47,ferrones,-17,39,1,134,0,0,0,0,2,14,1,0,0,0,,0,0
1212-2,6,48,ferrones,-18,39,1,141,0,0,0,0,2,14,1,0,0,0,,0,0
1212-2,6,49,ferrones,-19,38,1,115,0,0,0,0,2,14,1,0,0,0,1,6,0
1212-2,6,50,ferrones,-20,37,1,107,7,0,0,0,2,14,1,0,0,0,,0,0
1212-2,6,51,ferrones,-20,37,1,114,3,0,0,0,2,14,0,0,0,0,,0,0
1212-2,6,52,ferrones,-21,37,1,121,0,0,0,0,2,14,1,0,0,0,,0,0
1212-2,6,53,ferrones,-22,37,1,128,0,0,0,0,2,14,1,1,0,0,,0,0
1212-2,6,54,ferrones,-23,36,1,137,0,0,0,0,2,16,1,0,0,0,,0,0
1212-2,6,55,ferrones,-24,35,1,91,0,0,0,0,2,16,1,0,0,0,1,7,0
1212-2,6,56,ferrones,-26,34,1,98,3,0,1,0,2,14,1,0,0,0,,0,0
1212-2,6,57,ferrones,-27,33,1,105,0,0,1,0,2,14,1,0,0,0,,0,0
1212-2,6,58,ferrones,-28,32,1,112,0,0,1,0,2,14,1,0,0,0,,0,0
1212-2,6,59,ferrones,-29,31,1,119,0,0,1,0,5,17,1,0,0,0,,0,0
1212-2,6,60,ferrones,-30,30,1,126,0,0,1,0,5,17,1,0,0,0,,0,0
1212-2,6,61,ferrones,-32,29,1,97,0,0,1,0,5,17,1,0,0,0,1,6,0
1212-2,6,62,ferrones,-33,28,1,88,4,0,1,0,5,16,1,0,0,0,,0,0
1212-2,6,63,ferrones,-33,28,1,101,5,0,0,0,5,16,0,1,0,0,,0,0
1212-2,6,64,ferrones,-33,28,1,107,3,0,0,0,5,16,0,0,0,0,,0,0
1212-2,6,65,ferrones,-34,28,1,113,0,0,0,0,3,14,1,0,0,0,,0,0
1212-2,6,66,ferrones,-35,28,1,119,0,0,0,0,3,14,1,0,0,0,,0,0
1212-2,6,67,ferrones,-36,27,1,89,0,0,0,0,3,14,1,0,0,0,1,6,0
1212-2,6,68,ferrones,-37,26,1,95,7,0,0,0,3,14,1,0,0,0,,0,0
1212-2,6,69,ferrones,-37,26,1,86,4,0,0,0,3,14,0,0,0,0,,0,0
1212-2,6,70,ferrones,-38,26,1,92,0,0,0,0,3,14,1,1,0,0,,0,0
1212-2,6,71,ferrones,-39,26,1,98,0,0,0,0,1,12,1,0,0,0,,0,0
1212-2,6,72,ferrones,-40,25,1,104,0,0,0,0,1,12,1,0,0,0,,0,0
1212-2,6,73,ferrones,-42,24,1,91,0,0,0,0,1,12,1,0,0,0,1,5,0
1212-2,6,74,ferrones,-43,23,1,92,7,0,0,0,1,12,1,0,0,0,,0,0
1212-2,6,75,ferrones,-43,23,1,105,4,0,0,0,1,12,0,1,0,0,,0,0
1212-2,6,76,ferrones,-43,23,1,111,1,0,0,0,2,13,0,0,0,0,,0,0
1212-2,6,77,ferrones,-44,23,1,117,0,0,0,0,2,13,1,0,0,0,,0,0
1212-2,6,78,ferrones,-45,23,1,124,0,0,0,0,2,14,1,0,0,0,,0,0
1212-2,6,79,ferrones,-46,22,1,92,0,0,0,0,2,14,1,0,0,0,1,9,0
1212-2,6,80,ferrones,-47,21,1,88,4,0,0,0,2,13,1,0,0,0,,0,0
1212-2,6,81,ferrones,-47,21,1,79,3,0,0,0,2,13,0,0,0,0,,0,0
1212-2,6,82,ferrones,-48,21,1,85,0,0,0,0,2,13,1,1,0,0,,0,0
1212-2,6,83,ferrones,-49,21,1,91,0,0,0,0,3,13,1,0,0,0,,0,0
1212-2,6,84,ferrones,-50,20,1,97,0,0,0,0,3,13,1,0,0,0,,0,0
1212-2,6,85,ferrones,-52,19,1,91,0,0,0,0,3,13,1,0,0,0,1,6,0
1212-2,6,86,ferrones,-53,18,1,91,4,0,0,0,3,12,1,0,0,0,,0,0
1212-2,6,87,ferrones,-53,18,1,103,4,0,0,0,3,12,0,1,0,0,,0,0
1212-2,6,88,ferrones,-53,18,1,108,4,0,0,0,4,14,0,0,0,0,,0,0
1212-2,6,89,ferrones,-53,18,1,113,2,0,0,0,2,12,0,0,0,0,,0,0
1212-2,6,90,ferrones,-53,18,1,118,1,0,0,0,3,13,0,0,0,0,,0,0
1212-2,6,91,ferrones,-53,18,1,68,0,0,0,0,3,13,0,0,0,0,1,5,0
1212-2,6,92,ferrones,-54,18,1,73,7,0,0,0,3,13,1,1,0,0,,0,0
1212-2,6,93,ferrones,-54,18,1,78,5,0,0,0,2,12,0,0,0,0,,0,0
1212-2,6,94,ferrones,-54,18,1,83,3,0,0,0,2,12,0,0,0,0,,0,0
1212-2,6,95,ferrones,-54,18,1,88,0,0,0,0,1,11,0,0,0,0,,0,0
1212-2,6,96,ferrones,-55,18,1,93,0,0,0,0,1,11,1,0,0,0,,0,0
1212-2,6,97,ferrones,-56,18,1,84,0,0,0,0,1,11,1,0,0,0,1,4,0
1212-2,6,98,ferrones,-57,17,1,89,6,0,0,0,1,11,1,0,0,0,,0,0
1212-2,6,99,ferrones,-57,17,1,101,3,0,0,0,1,11,0,1,0,0,,0,0
1212-2,6,100,ferrones,-57,17,1,106,1,0,0,0,2,13,0,0,0,0,,0,0
1212-2,6,101,ferrones,-57,17,1,111,0,0,0,0,3,14,0,0,0,0,,0,0
1212-2,6,102,ferrones,-58,17,1,117,0,0,0,0,3,15,1,0,0,0,,0,0
1212-2,6,103,ferrones,-59,17,1,82,0,0,0,0,3,15,1,0,0,0,1,7,0
1212-2,6,104,ferrones,-60,16,1,83,4,0,0,0,3,15,1,0,0,0,,0,0
1212-2,6,105,ferrones,-60,16,1,74,3,0,0,0,2,13,0,0,0,0,,0,0
1212-2,6,106,ferrones,-61,16,1,80,0,0,0,0,2,13,1,1,0,0,,0,0
1212-2,6,107,ferrones,-61,16,1,86,0,0,0,0,4,15,0,0,0,0,,0,0
1212-2,6,108,ferrones,-61,16,1,92,0,0,0,0,4,15,0,0,0,0,,0,0
1212-2,6,109,ferrones,-61,16,1,89,0,0,0,0,4,15,0,1,0,0,1,5,0
1212-2,6,110,ferrones,-61,16,1,95,5,0,0,0,5,16,0,0,0,0,,0,0
1212-2,6,111,ferrones,-61,16,1,101,6,0,0,0,5,16,0,0,0,0,,0,0
1212-2,6,112,ferrones,-61,16,1,107,7,0,0,0,5,16,0,0,0,0,,0,0
1212-2,6,113,ferrones,-61,16,1,113,6,0,0,0,3,15,0,0,0,0,,0,0
1212-2,6,114,ferrones,-61,16,1,119,5,0,0,0,3,15,0,0,0,0,,0,0
1212-2,6,115,ferrones,-61,16,1,49,4,0,0,0,3,15,0,0,0,0,1,5,0
1212-2,6,116,ferrones,-61,16,1,55,8,0,0,0,3,15,0,0,0,0,,0,0
1212-2,6,117,ferrones,-61,16,1,61,5,0,0,0,3,15,0,0,0,0,,0,0
1212-2,6,118,ferrones,-61,16,1,67,2,0,0,0,3,15,0,1,0,0,,0,0
1212-2,6,119,ferrones,-62,16,1,73,0,0,0,2,1,14,1,0,0,0,,0,0
1212-2,6,120,ferrones,-63,16,1,78,0,0,0,3,1,12,1,0,0,0,,0,0
1212-2,6,121,ferrones,-64,15,1,84,0,0,0,4,1,12,1,0,0,0,1,3,0
1212-2,6,122,ferrones,-66,14,1,89,3,0,0,5,1,12,1,0,0,0,,0,0
1212-2,6,123,ferrones,-66,14,1,94,1,0,0,6,1,12,0,0,0,0,,0,0
1212-2,6,124,ferrones,-67,14,1,99,0,0,0,7,1,12,1,0,0,0,,0,0
1212-2,6,125,ferrones,-68,14,1,104,0,0,0,8,2,13,1,0,0,0,,0,0
1212-2,6,126,ferrones,-69,13,1,110,0,0,0,9,2,14,1,0,0,0,,0,0
1212-2,6,127,ferrones,-70,12,1,82,0,0,0,10,1,12,1,0,0,0,1,6,0
1212-2,6,128,ferrones,-71,11,1,78,4,0,0,10,1,11,1,0,0,0,,0,0
1212-2,6,129,ferrones,-71,11,1,84,5,0,0,11,1,12,0,0,0,0,,0,0
1212-2,6,130,ferrones,-71,11,1,90,4,0,0,11,1,11,0,0,0,0,,0,0
1212-2,6,131,ferrones,-71,11,1,96,4,0,0,12,2,13,0,0,0,0,,0,0
1212-2,6,132,ferrones,-71,11,1,102,5,0,0,12,3,13,0,0,0,0,,0,0
1212-2,6,133,ferrones,-71,11,1,84,6,0,0,12,3,13,0,0,0,0,1,4,0
1212-2,6,134,ferrones,-71,11,1,90,11,0,0,12,3,13,0,0,0,0,,0,0
1212-2,6,135,ferrones,-71,11,1,96,12,0,0,13,3,14,0,0,0,0,,0,0
1212-2,6,136,ferrones,-71,11,1,102,13,0,0,14,3,14,0,0,0,0,,0,0
1212-2,6,137,ferrones,-71,11,1,108,13,0,0,14,2,12,0,0,0,0,,0,0
1212-2,6,138,ferrones,-71,11,1,114,13,0,0,14,2,12,0,0,0,0,,0,0
1212-2,6,139,ferrones,-71,11,1,82,13,0,0,14,2,12,0,0,0,0,1,6,0
1212-2,6,140,ferrones,-71,11,1,83,18,0,0,15,2,13,0,0,0,0,,0,0
1212-2,6,141,ferrones,-71,11,1,89,19,0,0,16,2,13,0,0,0,0,,0,0
1212-2,6,142,ferrones,-71,11,1,95,19,0,0,16,2,12,0,0,0,0,,0,0
1212-2,6,143,ferrones,-71,11,1,101,18,0,0,16,1,11,0,0,0,0,,0,0
1212-2,6,144,ferrones,-71,11,1,106,17,0,0,17,1,11,0,0,0,0,,0,0
1212-2,6,145,ferrones,-71,11,1,85,16,0,0,17,1,10,0,0,0,0,1,6,0
1212-2,6,146,ferrones,-71,11,1,85,16,0,0,17,1,10,0,0,0,0,,0,0
1212-2,6,147,ferrones,-71,11,1,90,16,0,0,17,1,10,0,0,0,0,,0,0
1212-2,6,148,ferrones,-71,11,1,95,15,0,0,17,1,10,0,0,0,0,,0,0
1212-2,6,149,ferrones,-71,11,1,100,14,0,0,17,1,10,0,0,0,0,,0,0
1212-2,6,150,ferrones,-71,11,1,106,13,0,0,17,1,11,0,0,0,0,,0,0
1212-2,6,151,ferrones,-71,11,1,87,12,0,0,17,1,11,0,0,0,0,1,7,0
1212-2,6,152,ferrones,-71,11,1,88,15,0,0,17,1,11,0,0,0,0,,0,0
1212-2,6,153,ferrones,-71,11,1,94,15,0,0,18,1,12,0,0,0,0,,0,0
1212-2,6,154,ferrones,-71,11,1,100,14,0,0,18,1,11,0,0,0,0,,0,0
1212-2,6,155,ferrones,-71,11,1,106,15,0,0,19,3,14,0,0,0,0,,0,0
1212-2,6,156,ferrones,-71,11,1,112,16,0,0,19,3,13,0,0,0,0,,0,0
1212-2,6,157,ferrones,-71,11,1,90,17,0,0,19,3,13,0,0,0,0,1,6,0
1212-2,6,158,ferrones,-71,11,1,86,20,0,0,19,3,13,0,0,0,0,,0,0
1212-2,6,159,ferrones,-71,11,1,92,23,0,0,20,3,14,0,0,0,0,,0,0
1212-2,6,160,ferrones,-71,11,1,98,24,0,0,21,3,14,0,0,0,0,,0,0
1212-2,6,161,ferrones,-71,11,1,104,24,0,0,21,2,12,0,0,0,0,,0,0
1212-2,6,162,ferrones,-71,11,1,110,24,0,0,22,2,13,0,0,0,0,,0,0
1212-2,6,163,ferrones,-71,11,1,83,24,0,0,14,2,12,0,0,0,0,1,4,0
1212-2,6,164,ferrones,-71,11,1,89,24,0,0,13,2,12,0,0,0,0,,0,0
1212-2,6,165,ferrones,-71,11,1,95,24,0,0,13,2,13,0,0,0,0,,0,0
1212-2,6,166,ferrones,-71,11,1,101,24,0,0,13,2,13,0,0,0,0,,0,0
1212-2,6,167,ferrones,-71,11,1,107,23,0,0,13,1,12,0,0,0,0,,0,0
1212-2,6,168,ferrones,-71,11,1,112,22,0,0,12,1,10,0,0,0,0,,0,0
1212-2,6,169,ferrones,-71,11,1,83,21,0,0,11,1,10,0,0,0,0,1,3,0
1212-2,6,170,ferrones,-71,11,1,88,20,0,0,10,1,10,0,0,0,0,,0,0
1212-2,6,171,ferrones,-71,11,1,93,19,0,0,9,1,10,0,0,0,0,,0,0
1212-2,6,172,ferrones,-71,11,1,98,18,0,0,8,1,10,0,0,0,0,,0,0
1212-2,6,173,ferrones,-71,11,1,103,17,0,0,7,1,10,0,0,0,0,,0,0
1212-2,6,174,ferrones,-71,11,1,109,16,0,0,6,1,11,0,0,0,0,,0,0
1212-2,6,175,ferrones,-71,11,1,89,15,0,0,5,1,11,0,0,0,0,1,6,0
1212-2,6,176,ferrones,-71,11,1,90,16,0,0,4,1,11,0,0,0,0,,0,0
1212-2,6,177,ferrones,-71,11,1,96,16,0,0,3,1,11,0,0,0,0,,0,0
1212-2,6,178,ferrones,-71,11,1,102,15,0,0,2,1,11,0,0,0,0,,0,0
1212-2,6,179,ferrones,-71,11,1,108,16,0,0,1,3,13,0,0,0,0,,0,0
1212-2,6,180,ferrones,-71,11,1,114,17,0,0,0,3,13,0,0,0,0,,0,0
1212-2,6,181,ferrones,-71,11,1,92,18,0,0,0,3,13,0,0,0,0,1,7,0
1212-2,6,182,ferrones,-71,11,1,87,20,0,0,0,3,13,0,0,0,0,,0,0
1212-2,6,183,ferrones,-71,11,1,93,22,0,0,0,3,13,0,0,0,0,,0,0
1212-2,6,184,ferrones,-71,11,1,99,23,0,0,0,3,13,0,0,0,0,,0,0
1212-2,6,185,ferrones,-71,11,1,105,23,0,0,0,2,12,0,0,0,0,,0,0
1212-2,6,186,ferrones,-71,11,1,111,23,0,0,0,2,12,0,0,0,0,,0,0
1212-2,6,187,ferrones,-71,11,1,83,23,0,0,0,2,12,0,0,0,0,1,3,0
1212-2,6,188,ferrones,-71,11,1,89,23,0,0,0,2,12,0,0,0,0,,0,0
1212-2,6,189,ferrones,-71,11,1,95,23,0,0,0,2,12,0,0,0,0,,0,0
1212-2,6,190,ferrones,-71,11,1,101,23,0,0,0,2,12,0,0,0,0,,0,0
1212-2,6,191,ferrones,-71,11,1,107,22,0,0,0,1,11,0,0,0,0,,0,0
1212-2,6,192,ferrones,-71,11,1,112,21,0,0,0,1,10,0,0,0,0,,0,0
1212-2,6,193,ferrones,-71,11,1,83,20,0,0,0,1,10,0,0,0,0,1,3,0
1212-2,6,194,ferrones,-71,11,1,88,19,0,0,0,1,10,0,0,0,0,,0,0
1212-2,6,195,ferrones,-71,11,1,93,18,0,0,0,1,10,0,0,0,0,,0,0
1212-2,6,196,ferrones,-71,11,1,98,17,0,0,0,1,10,0,0,0,0,,0,0
1212-2,6,197,ferrones,-71,11,1,103,16,0,0,0,1,10,0,0,0,0,,0,0
1212-2,6,198,ferrones,-71,11,1,109,15,0,0,0,1,11,0,0,0,0,,0,0
1212-2,6,199,ferrones,-71,11,1,90,14,0,0,0,1,11,0,0,0,0,1,6,0
1212-2,6,200,ferrones,-71,11,1,86,16,0,0,0,1,11,0,0,0,0,,0,0
1212-2,6,1,hortelanos,37,106,1,38,73,0,0,0,33,55,0,0,0,0,1,4,0
1212-2,6,2,hortelanos,37,106,1,44,75,0,0,0,33,43,0,0,0,0,,0,0
1212-2,6,3,hortelanos,37,106,1,50,77,0,0,0,33,43,0,0,0,0,,0,0
1212-2,6,4,hortelanos,102,106,1,56,79,0,0,0,33,43,0,0,0,1,,0,0
1212-2,6,5,hortelanos,102,106,1,62,89,0,0,0,41,51,0,1,0,1,,0,0
1212-2,6,6,hortelanos,102,106,1,86,100,0,0,0,41,69,0,0,0,1,,0,0
1212-2,6,7,hortelanos,101,102,1,90,95,0,0,0,41,69,0,0,0,1,1,11,0
1212-2,6,8,hortelanos,169,102,1,114,107,0,0,0,41,69,0,0,0,2,,0,0
1212-2,6,9,hortelanos,169,102,1,138,119,0,0,0,41,69,0,0,0,2,,0,0
1212-2,6,10,hortelanos,169,102,1,162,120,0,0,0,41,69,0,0,0,2,,0,0
1212-2,6,11,hortelanos,177,102,1,186,160,0,0,0,71,99,0,0,0,2,,0,0
1212-2,6,12,hortelanos,177,102,1,210,198,0,0,0,71,99,0,0,0,2,,0,0
1212-2,6,13,hortelanos,176,98,1,133,221,0,0,0,71,99,0,0,0,2,1,21,0
1212-2,6,14,hortelanos,176,98,1,99,253,0,2,0,71,97,0,0,0,2,,0,0
1212-2,6,15,hortelanos,176,98,1,111,279,0,3,0,71,97,0,0,0,2,,0,0
1212-2,6,16,hortelanos,176,98,1,133,303,0,3,0,71,97,0,0,0,2,,0,0
1212-2,6,17,hortelanos,176,98,1,155,304,0,3,0,48,74,0,0,0,2,,0,0
1212-2,6,18,hortelanos,176,98,1,177,305,0,3,0,48,74,0,0,0,2,,0,0
1212-2,6,19,hortelanos,176,98,1,270,298,0,3,0,48,74,0,0,0,2,1,31,0
1212-2,6,20,hortelanos,184,98,1,238,306,0,3,0,48,74,0,0,0,2,,0,0
1212-2,6,21,hortelanos,184,98,1,260,307,0,3,0,48,74,0,0,0,2,,0,0
1212-2,6,22,hortelanos,184,98,1,282,308,0,3,0,48,74,0,0,0,2,,0,0
1212-2,6,23,hortelanos,184,98,1,304,289,0,3,0,33,59,0,0,0,2,,0,0
1212-2,6,24,hortelanos,192,98,1,317,277,0,3,0,33,50,0,0,0,2,,0,0
1212-2,6,25,hortelanos,192,98,1,392,259,0,3,0,33,50,0,0,0,2,1,24,0
1212-2,6,26,hortelanos,192,98,1,378,252,0,3,0,33,50,0,0,0,2,,0,0
1212-2,6,27,hortelanos,192,98,1,364,245,0,3,0,33,50,0,0,0,2,,0,0
1212-2,6,28,hortelanos,192,98,1,350,238,0,3,0,33,50,0,0,0,2,,0,0
1212-2,6,29,hortelanos,192,98,1,336,239,0,3,0,41,58,0,0,0,2,,0,0
1212-2,6,30,hortelanos,192,98,1,331,240,0,3,0,41,67,0,0,0,2,,0,0
1212-2,6,31,hortelanos,193,102,1,419,244,0,3,0,41,67,0,0,0,2,1,17,0
1212-2,6,32,hortelanos,193,102,1,373,247,0,3,0,41,69,0,0,0,2,,0,0
1212-2,6,33,hortelanos,193,102,1,327,250,0,3,0,41,69,0,0,0,2,,0,0
1212-2,6,34,hortelanos,193,102,1,291,252,0,3,0,41,69,0,0,0,2,,0,0
1212-2,6,35,hortelanos,193,102,1,315,277,0,3,0,71,99,0,0,0,2,,0,0
1212-2,6,36,hortelanos,193,102,1,339,301,0,3,0,71,99,0,0,0,2,,0,0
1212-2,6,37,hortelanos,192,98,1,427,310,0,1,0,71,99,0,0,0,2,1,22,0
1212-2,6,38,hortelanos,192,98,1,379,340,0,1,0,71,97,0,0,0,2,,0,0
1212-2,6,39,hortelanos,192,98,1,331,369,0,1,0,71,97,0,0,0,2,,0,0
1212-2,6,40,hortelanos,192,98,1,293,396,0,1,0,71,97,0,0,0,2,,0,0
1212-2,6,41,hortelanos,192,98,1,315,394,0,1,0,48,74,0,0,0,2,,0,0
1212-2,6,42,hortelanos,192,98,1,337,392,0,1,0,48,74,0,0,0,2,,0,0
1212-2,6,43,hortelanos,192,98,1,404,340,0,1,0,48,74,0,0,0,2,1,27,0
1212-2,6,44,hortelanos,192,98,1,356,347,0,1,0,48,74,0,0,0,2,,0,0
1212-2,6,45,hortelanos,289,150,2,308,354,0,1,0,48,74,0,0,0,3,,0,0
1212-2,6,46,hortelanos,289,152,2,274,347,0,1,0,48,84,0,0,0,3,,0,0
1212-2,6,47,hortelanos,289,152,2,300,319,0,1,0,33,69,0,0,0,3,,0,0
1212-2,6,48,hortelanos,289,152,2,317,292,0,1,0,33,60,0,0,0,3,,0,0
1212-2,6,49,hortelanos,289,152,2,387,250,0,1,0,33,60,0,0,0,3,1,32,0
1212-2,6,50,hortelanos,289,152,2,334,236,0,1,0,40,67,0,0,0,3,,0,0
1212-2,6,51,hortelanos,297,154,2,281,222,0,1,0,40,67,0,2,0,3,,0,0
1212-2,6,52,hortelanos,298,156,2,248,219,0,1,0,50,77,0,0,0,3,,0,0
1212-2,6,53,hortelanos,298,158,2,265,216,0,1,0,59,86,0,0,0,3,,0,0
1212-2,6,54,hortelanos,299,161,2,293,213,0,1,0,59,97,0,2,0,3,,0,0
1212-2,6,55,hortelanos,299,164,2,419,207,0,1,0,59,97,0,0,0,3,1,37,0
1212-2,6,56,hortelanos,308,167,2,397,211,0,2,0,59,97,0,1,0,3,,0,0
1212-2,6,57,hortelanos,309,170,2,375,216,0,3,0,59,100,0,0,0,3,,0,0
1212-2,6,58,hortelanos,309,173,2,355,215,0,4,0,59,102,0,0,0,3,,0,0
1212-2,6,59,hortelanos,318,176,2,361,252,0,5,0,95,138,0,0,0,3,,0,0
1212-2,6,60,hortelanos,318,179,2,387,283,0,5,0,95,138,0,0,0,3,,0,0
1212-2,6,61,hortelanos,319,183,2,439,281,0,5,0,95,140,0,0,0,3,1,19,0
1212-2,6,62,hortelanos,320,187,2,401,315,0,5,0,95,140,0,0,0,3,,0,0
1212-2,6,63,hortelanos,418,235,3,363,347,0,5,0,95,140,0,0,0,4,,0,0
1212-2,6,64,hortelanos,418,237,3,326,366,0,5,0,95,150,0,0,0,4,,0,0
1212-2,6,65,hortelanos,418,239,3,319,354,0,5,0,68,123,0,0,0,4,,0,0
1212-2,6,66,hortelanos,419,241,3,350,340,0,5,0,68,125,0,0,0,4,,0,0
1212-2,6,67,hortelanos,419,243,3,479,322,0,5,0,68,125,0,0,0,4,1,33,0
1212-2,6,68,hortelanos,420,245,3,489,312,0,5,0,68,125,0,2,0,4,,0,0
1212-2,6,69,hortelanos,428,247,3,489,314,0,5,0,77,134,0,0,0,4,,0,0
1212-2,6,70,hortelanos,428,248,3,499,314,0,5,0,77,134,0,1,0,4,,0,0
1212-2,6,71,hortelanos,428,248,3,511,298,0,5,0,59,118,0,0,0,4,,0,0
1212-2,6,72,hortelanos,428,248,3,514,283,0,5,0,59,109,0,0,0,4,,0,0
1212-2,6,73,hortelanos,428,248,3,553,258,0,5,0,59,109,0,0,0,4,1,32,0
1212-2,6,74,hortelanos,428,248,3,536,242,0,5,0,59,109,0,0,0,4,,0,0
1212-2,6,75,hortelanos,436,248,3,519,232,0,0,0,59,109,0,2,0,4,,0,0
1212-2,6,76,hortelanos,436,248,3,502,221,0,0,0,59,112,0,0,0,4,,0,0
1212-2,6,77,hortelanos,437,251,3,485,219,0,0,0,68,121,0,0,0,4,,0,0
1212-2,6,78,hortelanos,437,254,3,477,217,0,0,0,68,130,0,0,0,4,,0,0
1212-2,6,79,hortelanos,438,257,3,522,164,0,0,0,68,130,0,0,0,4,1,40,0
1212-2,6,80,hortelanos,439,260,3,474,159,0,2,0,68,130,0,0,0,4,,0,0
1212-2,6,81,hortelanos,463,300,4,428,153,0,4,0,68,132,0,0,0,4,,0,0
1212-2,6,82,hortelanos,463,300,4,383,141,0,3,0,68,140,0,0,0,4,,0,0
1212-2,6,83,hortelanos,464,305,4,363,160,0,5,0,104,176,0,0,0,4,,0,0
1212-2,6,84,hortelanos,465,310,4,389,178,0,2,0,104,176,0,0,0,4,,0,0
1212-2,6,85,hortelanos,466,315,4,360,195,0,2,0,104,176,0,0,0,4,1,24,0
1212-2,6,86,hortelanos,467,321,4,376,213,0,2,0,104,178,0,1,0,4,,0,0
1212-2,6,87,hortelanos,468,327,4,374,239,0,1,0,117,191,0,0,0,4,,0,0
1212-2,6,88,hortelanos,469,330,4,392,265,0,1,0,117,193,0,1,0,4,,0,0
1212-2,6,89,hortelanos,469,332,4,412,264,0,1,0,89,167,0,0,0,4,,0,0
1212-2,6,90,hortelanos,477,334,4,422,262,0,1,0,89,167,0,0,0,4,,0,0
1212-2,6,91,hortelanos,478,336,4,513,258,0,1,0,89,167,0,1,0,4,1,30,0
1212-2,6,92,hortelanos,478,338,4,505,259,0,1,0,97,175,0,0,0,4,,0,0
1212-2,6,93,hortelanos,478,338,4,498,260,0,1,0,97,177,0,0,0,4,,0,0
1212-2,6,94,hortelanos,478,338,4,488,261,0,1,0,97,177,0,0,0,4,,0,0
1212-2,6,95,hortelanos,478,338,4,484,237,0,1,0,73,153,0,0,0,4,,0,0
1212-2,6,96,hortelanos,478,338,4,472,214,0,1,0,73,144,0,1,0,4,,0,0
1212-2,6,97,hortelanos,479,342,4,536,198,0,1,0,77,148,0,0,0,4,1,26,0
1212-2,6,98,hortelanos,479,342,4,521,179,0,1,0,77,148,0,0,0,4,,0,0
1212-2,6,99,hortelanos,479,342,4,505,161,0,1,0,77,148,0,1,0,4,,0,0
1212-2,6,100,hortelanos,479,342,4,490,150,0,1,0,82,153,0,0,0,4,,0,0
1212-2,6,101,hortelanos,479,342,4,471,154,0,1,0,97,168,0,0,0,4,,0,0
1212-2,6,102,hortelanos,479,342,4,461,158,0,1,0,97,177,0,0,0,4,,0,0
1212-2,6,103,hortelanos,479,342,4,581,160,0,1,0,97,177,0,0,0,4,1,26,0
1212-2,6,104,hortelanos,479,342,4,576,164,0,2,0,97,177,0,0,0,4,,0,0
1212-2,6,105,hortelanos,479,342,4,553,171,0,3,0,97,177,0,0,0,4,,0,0
1212-2,6,106,hortelanos,479,342,4,523,178,0,4,0,97,177,0,0,0,4,,0,0
1212-2,6,107,hortelanos,479,342,4,500,243,0,5,0,157,237,0,0,0,4,,0,0
1212-2,6,108,hortelanos,479,342,4,470,305,0,6,0,157,237,0,0,0,4,,0,0
1212-2,6,109,hortelanos,478,338,4,503,313,0,7,0,157,237,0,0,0,4,1,26,0
1212-2,6,110,hortelanos,478,338,4,493,369,0,7,0,157,237,0,0,0,4,,0,0
1212-2,6,111,hortelanos,493,374,5,483,423,0,7,0,157,237,0,0,0,4,,0,0
1212-2,6,112,hortelanos,494,375,5,477,466,0,7,0,157,243,0,0,0,4,,0,0
1212-2,6,113,hortelanos,494,376,5,464,464,0,7,0,112,198,0,0,0,4,,0,0
1212-2,6,114,hortelanos,494,377,5,452,461,0,7,0,112,198,0,0,0,4,,0,0
1212-2,6,115,hortelanos,494,378,5,497,443,0,7,0,112,198,0,0,0,4,1,35,0
1212-2,6,116,hortelanos,495,380,5,475,439,0,7,0,112,200,0,1,0,4,,0,0
1212-2,6,117,hortelanos,503,382,5,464,437,0,7,0,115,203,0,1,0,4,,0,0
1212-2,6,118,hortelanos,503,384,5,453,441,0,7,0,119,207,0,0,0,4,,0,0
1212-2,6,119,hortelanos,503,384,5,446,415,0,7,0,89,177,0,0,0,4,,0,0
1212-2,6,120,hortelanos,503,384,5,429,390,0,7,0,89,168,0,0,0,4,,0,0
1212-2,6,121,hortelanos,503,384,5,488,354,0,7,0,89,168,0,0,0,4,1,30,0
1212-2,6,122,hortelanos,503,384,5,472,339,0,0,0,89,168,0,0,0,4,,0,0
1212-2,6,123,hortelanos,511,384,5,459,317,0,0,0,89,168,0,0,0,4,,0,0
1212-2,6,124,hortelanos,511,384,5,442,294,0,0,0,89,168,0,0,0,4,,0,0
1212-2,6,125,hortelanos,512,386,5,422,287,0,0,0,104,183,0,1,0,4,,0,0
1212-2,6,126,hortelanos,512,388,5,418,282,0,0,0,104,192,0,0,0,4,,0,0
1212-2,6,127,hortelanos,673,390,5,528,263,0,0,0,104,194,0,1,1,5,1,39,0
1212-2,6,128,hortelanos,673,392,5,505,295,0,2,0,142,232,0,0,0,5,,0,0
1212-2,6,129,hortelanos,681,394,5,482,325,0,4,0,142,232,0,0,0,5,,0,0
1212-2,6,130,hortelanos,682,396,5,459,354,0,6,0,142,232,0,0,0,5,,0,0
1212-2,6,131,hortelanos,682,398,5,461,403,0,8,0,166,256,0,0,0,5,,0,0
1212-2,6,132,hortelanos,683,401,5,491,449,0,9,0,166,258,0,0,0,5,,0,0
1212-2,6,133,hortelanos,683,404,5,593,495,0,9,0,166,258,0,0,0,5,1,24,0
1212-2,6,134,hortelanos,684,407,5,583,538,0,9,0,166,258,0,0,0,5,,0,0
1212-2,6,135,hortelanos,685,410,5,583,577,0,9,0,166,258,0,1,0,5,,0,0
1212-2,6,136,hortelanos,685,413,5,585,610,0,8,0,166,266,0,0,0,5,,0,0
1212-2,6,137,hortelanos,686,416,5,587,629,0,8,0,148,248,0,0,0,5,,0,0
1212-2,6,138,hortelanos,686,419,5,579,647,0,8,0,148,248,0,0,0,5,,0,0
1212-2,6,139,hortelanos,687,423,5,647,662,0,8,0,148,250,0,1,0,5,1,24,0
1212-2,6,140,hortelanos,688,427,5,632,674,0,8,0,148,250,0,0,0,5,,0,0
1212-2,6,141,hortelanos,689,431,5,643,681,0,8,0,148,250,0,1,0,5,,0,0
1212-2,6,142,hortelanos,690,435,5,649,692,0,8,0,148,252,0,0,0,5,,0,0
1212-2,6,143,hortelanos,698,439,5,655,692,0,8,0,136,240,0,0,0,5,,0,0
1212-2,6,144,hortelanos,699,444,5,654,691,0,8,0,136,233,0,0,0,5,,0,0
1212-2,6,145,hortelanos,700,449,5,721,688,0,8,0,136,233,0,0,0,5,1,19,0
1212-2,6,146,hortelanos,701,454,5,703,681,0,8,0,136,235,0,0,0,5,,0,0
1212-2,6,147,hortelanos,702,458,5,685,673,0,8,0,136,235,0,0,0,5,,0,0
1212-2,6,148,hortelanos,702,458,5,669,665,0,8,0,136,237,0,0,0,5,,0,0
1212-2,6,149,hortelanos,702,458,5,653,663,0,8,0,142,243,0,0,0,5,,0,0
1212-2,6,150,hortelanos,702,458,5,646,661,0,8,0,142,252,0,0,0,5,,0,0
1212-2,6,151,hortelanos,702,458,5,783,659,0,8,0,142,252,0,0,0,5,1,26,0
1212-2,6,152,hortelanos,702,458,5,801,687,0,8,0,169,279,0,0,0,5,,0,0
1212-2,6,153,hortelanos,702,458,5,819,714,0,8,0,169,279,0,0,0,5,,0,0
1212-2,6,154,hortelanos,702,458,5,837,740,0,8,0,169,279,0,0,0,5,,0,0
1212-2,6,155,hortelanos,702,458,5,855,793,0,8,0,198,308,0,0,0,5,,0,0
1212-2,6,156,hortelanos,702,458,5,873,843,0,8,0,198,308,0,0,0,5,,0,0
1212-2,6,157,hortelanos,703,462,5,948,880,0,6,0,198,308,0,0,0,5,1,25,0
1212-2,6,158,hortelanos,703,462,5,941,922,0,6,0,198,308,0,0,0,5,,0,0
1212-2,6,159,hortelanos,703,462,5,934,962,0,6,0,198,308,0,0,0,5,,0,0
1212-2,6,160,hortelanos,703,462,5,927,1001,0,6,0,198,308,0,0,0,5,,0,0
1212-2,6,161,hortelanos,703,462,5,920,1018,0,6,0,177,287,0,0,0,5,,0,0
1212-2,6,162,hortelanos,703,462,5,913,1034,0,6,0,177,287,0,0,0,5,,0,0
1212-2,6,163,hortelanos,703,462,5,1001,1046,0,6,0,177,287,0,0,0,5,1,21,0
1212-2,6,164,hortelanos,703,462,5,994,1061,0,6,0,177,287,0,0,0,5,,0,0
1212-2,6,165,hortelanos,703,462,5,987,1076,0,6,0,177,287,0,0,0,5,,0,0
1212-2,6,166,hortelanos,703,462,5,980,1090,0,6,0,177,287,0,0,0,5,,0,0
1212-2,6,167,hortelanos,703,462,5,973,1089,0,6,0,162,272,0,0,0,5,,0,0
1212-2,6,168,hortelanos,703,462,5,957,1088,0,6,0,162,263,0,0,0,5,,0,0
1212-2,6,169,hortelanos,702,458,5,1043,1062,0,6,0,162,263,0,0,0,5,1,30,0
1212-2,6,170,hortelanos,702,458,5,1026,1063,0,6,0,162,262,0,0,0,5,,0,0
1212-2,6,171,hortelanos,710,458,5,1009,1064,0,6,0,162,262,0,0,0,5,,0,0
1212-2,6,172,hortelanos,710,458,5,992,1065,0,6,0,162,262,0,0,0,5,,0,0
1212-2,6,173,hortelanos,710,458,5,975,1073,0,6,0,169,269,0,0,0,5,,0,0
1212-2,6,174,hortelanos,710,458,5,966,1080,0,6,0,169,277,0,0,0,5,,0,0
1212-2,6,175,hortelanos,710,458,5,1069,1072,0,6,0,169,277,0,0,0,5,1,24,0
1212-2,6,176,hortelanos,710,458,5,1060,1066,0,6,0,169,277,0,0,0,5,,0,0
1212-2,6,177,hortelanos,710,458,5,1051,1074,0,6,0,169,277,0,0,0,5,,0,0
1212-2,6,178,hortelanos,710,458,5,1042,1081,0,6,0,169,277,0,0,0,5,,0,0
1212-2,6,179,hortelanos,718,458,5,1033,1116,0,6,0,198,306,0,0,0,5,,0,0
1212-2,6,180,hortelanos,718,458,5,1024,1149,0,6,0,198,306,0,0,0,5,,0,0
1212-2,6,181,hortelanos,718,458,5,1205,1138,0,6,0,198,306,0,0,0,5,1,19,0
1212-2,6,182,hortelanos,718,458,5,1246,1166,0,6,0,198,306,0,0,0,5,,0,0
1212-2,6,183,hortelanos,733,494,6,1287,1192,0,6,0,198,306,0,0,0,5,,0,0
1212-2,6,184,hortelanos,734,495,6,1327,1209,0,6,0,198,312,0,0,0,5,,0,0
1212-2,6,185,hortelanos,734,496,6,1367,1205,0,6,0,177,291,0,0,0,5,,0,0
1212-2,6,186,hortelanos,734,497,6,1407,1200,0,6,0,177,291,0,0,0,5,,0,0
1212-2,6,187,hortelanos,735,502,6,1461,1190,0,6,0,177,291,0,0,0,5,1,25,0
1212-2,6,188,hortelanos,735,504,6,1507,1179,0,6,0,177,295,0,1,0,5,,0,0
1212-2,6,189,hortelanos,736,506,6,1571,1171,0,6,0,181,299,0,1,0,5,,0,0
1212-2,6,190,hortelanos,736,508,6,1635,1169,0,6,0,185,303,0,0,0,5,,0,0
1212-2,6,191,hortelanos,737,510,6,1699,1152,0,6,0,170,288,0,0,0,5,,0,0
1212-2,6,192,hortelanos,737,512,6,1755,1136,0,6,0,170,280,0,0,0,5,,0,0
1212-2,6,193,hortelanos,737,510,6,1826,1068,0,6,0,170,282,0,0,0,5,1,25,0
1212-2,6,194,hortelanos,737,512,6,1814,1062,0,6,0,170,282,0,0,0,5,,0,0
1212-2,6,195,hortelanos,769,634,7,1800,1053,0,6,0,170,282,0,0,0,5,,0,0
1212-2,6,196,hortelanos,770,636,7,1802,1014,0,6,0,170,306,0,1,0,5,,0,0
1212-2,6,197,hortelanos,770,638,7,1806,986,0,6,0,177,313,0,0,0,5,,0,0
1212-2,6,198,hortelanos,771,641,7,1810,959,0,6,0,177,323,0,0,0,5,,0,0
1212-2,6,199,hortelanos,771,644,7,1925,877,0,6,0,177,323,0,1,0,5,1,40,0
1212-2,6,200,hortelanos,772,647,7,1948,852,0,6,0,177,323,0,2,0,5,,0,0
1212-2,6,1,mercaderes,33,86,1,62,59,0,0,0,13,39,0,0,0,0,1,4,0
1212-2,6,2,mercaderes,33,86,1,74,48,0,0,0,13,29,0,0,0,0,,0,0
1212-2,6,3,mercaderes,33,86,1,86,37,0,0,0,13,29,0,1,0,0,,0,0
1212-2,6,4,mercaderes,33,86,1,98,28,0,0,0,13,29,0,0,0,0,,0,0
1212-2,6,5,mercaderes,33,86,1,110,24,0,0,0,18,34,0,0,0,0,,0,0
1212-2,6,6,mercaderes,33,86,1,130,21,0,0,0,18,42,0,0,0,0,,0,0
1212-2,6,7,mercaderes,33,86,1,80,18,0,0,0,18,42,0,0,0,0,1,6,0
1212-2,6,8,mercaderes,33,86,1,100,19,0,0,0,18,42,0,0,0,0,,0,0
1212-2,6,9,mercaderes,33,86,1,120,16,0,0,0,18,42,0,0,0,0,,0,0
1212-2,6,10,mercaderes,33,86,1,140,13,0,0,0,18,42,0,0,0,0,,0,0
1212-2,6,11,mercaderes,33,86,1,160,27,0,0,0,36,60,0,0,0,0,,0,0
1212-2,6,12,mercaderes,34,90,1,180,41,0,0,0,36,60,0,0,0,0,,0,0
1212-2,6,13,mercaderes,34,90,1,148,53,0,0,0,36,62,0,0,0,0,1,8,0
1212-2,6,14,mercaderes,34,90,1,146,69,0,0,0,36,62,0,0,0,0,,0,0
1212-2,6,15,mercaderes,34,90,1,168,84,0,0,0,36,62,0,0,0,0,,0,0
1212-2,6,16,mercaderes,49,90,1,190,95,0,0,0,36,62,0,0,0,1,,0,0
1212-2,6,17,mercaderes,49,90,1,212,92,0,0,0,22,48,0,0,0,1,,0,0
1212-2,6,18,mercaderes,49,90,1,234,89,0,0,0,22,48,0,0,0,1,,0,0
1212-2,6,19,mercaderes,49,90,1,256,76,0,0,0,22,48,0,0,0,1,1,13,0
1212-2,6,20,mercaderes,49,90,1,225,80,0,0,0,22,48,0,0,0,1,,0,0
1212-2,6,21,mercaderes,49,90,1,194,84,0,0,0,22,48,0,0,0,1,,0,0
1212-2,6,22,mercaderes,49,90,1,203,88,0,0,0,22,48,0,0,0,1,,0,0
1212-2,6,23,mercaderes,49,90,1,225,80,0,0,0,13,39,0,0,0,1,,0,0
1212-2,6,24,mercaderes,49,90,1,238,69,0,0,0,13,30,0,0,0,1,,0,0
1212-2,6,25,mercaderes,48,86,1,230,38,0,0,0,13,30,0,0,0,1,1,23,0
1212-2,6,26,mercaderes,66,86,1,189,36,0,0,0,13,29,0,0,0,2,,0,0
1212-2,6,27,mercaderes,66,86,1,148,34,0,0,0,13,29,0,0,0,2,,0,0
1212-2,6,28,mercaderes,66,86,1,141,22,0,0,0,13,29,0,0,0,2,,0,0
1212-2,6,29,mercaderes,74,86,1,153,25,0,0,0,18,34,0,0,0,2,,0,0
1212-2,6,30,mercaderes,74,86,1,173,22,0,0,0,18,42,0,0,0,2,,0,0
1212-2,6,31,mercaderes,74,86,1,153,19,0,0,0,18,42,0,0,0,2,1,10,0
1212-2,6,32,mercaderes,74,86,1,159,18,0,0,0,18,42,0,1,0,2,,0,0
1212-2,6,33,mercaderes,74,86,1,175,19,0,0,0,18,42,0,0,0,2,,0,0
1212-2,6,34,mercaderes,74,86,1,195,17,0,0,0,18,42,0,0,0,2,,0,0
1212-2,6,35,mercaderes,74,86,1,215,25,0,0,0,30,54,0,0,0,2,,0,0
1212-2,6,36,mercaderes,75,90,1,235,33,0,0,0,30,54,0,0,0,2,,0,0
1212-2,6,37,mercaderes,75,90,1,240,40,0,0,0,30,56,0,0,0,2,1,10,0
1212-2,6,38,mercaderes,75,90,1,175,49,0,0,0,30,56,0,1,0,2,,0,0
1212-2,6,39,mercaderes,75,90,1,197,59,0,0,0,30,56,0,0,0,2,,0,0
1212-2,6,40,mercaderes,75,90,1,219,65,0,0,0,30,56,0,0,0,2,,0,0
1212-2,6,41,mercaderes,75,90,1,241,63,0,0,0,22,48,0,0,0,2,,0,0
1212-2,6,42,mercaderes,75,90,1,263,61,0,0,0,22,48,0,0,0,2,,0,0
1212-2,6,43,mercaderes,75,90,1,339,39,0,0,0,22,48,0,0,0,2,1,21,0
1212-2,6,44,mercaderes,75,90,1,316,45,0,0,0,22,48,0,0,0,2,,0,0
1212-2,6,45,mercaderes,83,90,1,293,51,0,0,0,22,48,0,0,0,2,,0,0
1212-2,6,46,mercaderes,83,90,1,270,56,0,0,0,22,48,0,0,0,2,,0,0
1212-2,6,47,mercaderes,83,90,1,269,53,0,0,0,13,39,0,0,0,2,,0,0
1212-2,6,48,mercaderes,83,90,1,282,50,0,0,0,13,30,0,0,0,2,,0,0
1212-2,6,49,mercaderes,83,90,1,291,40,0,0,0,13,30,0,0,0,2,1,16,0
1212-2,6,50,mercaderes,83,90,1,251,35,0,0,0,13,30,0,0,0,2,,0,0
1212-2,6,51,mercaderes,83,90,1,211,31,0,0,0,13,30,0,1,0,2,,0,0
1212-2,6,52,mercaderes,83,90,1,171,29,0,0,0,13,30,0,0,0,2,,0,0
1212-2,6,53,mercaderes,83,90,1,174,31,0,0,0,18,35,0,0,0,2,,0,0
1212-2,6,54,mercaderes,83,90,1,196,29,0,0,0,18,44,0,0,0,2,,0,0
1212-2,6,55,mercaderes,83,90,1,198,24,0,0,0,18,44,0,0,0,2,1,10,0
1212-2,6,56,mercaderes,83,90,1,184,24,0,0,0,18,44,0,0,0,2,,0,0
1212-2,6,57,mercaderes,83,90,1,195,24,0,0,0,18,44,0,0,0,2,,0,0
1212-2,6,58,mercaderes,83,90,1,217,23,0,0,0,18,44,0,0,0,2,,0,0
1212-2,6,59,mercaderes,83,90,1,239,36,0,0,0,36,62,0,0,0,2,,0,0
1212-2,6,60,mercaderes,83,90,1,261,48,0,0,0,36,62,0,0,0,2,,0,0
1212-2,6,61,mercaderes,83,90,1,283,60,0,0,0,36,62,0,0,0,2,1,15,0
1212-2,6,62,mercaderes,83,90,1,233,76,0,0,0,36,62,0,0,0,2,,0,0
1212-2,6,63,mercaderes,83,90,1,208,91,0,0,0,36,62,0,0,0,2,,0,0
1212-2,6,64,mercaderes,83,90,1,220,105,0,0,0,36,62,0,0,0,2,,0,0
1212-2,6,65,mercaderes,83,90,1,242,104,0,0,0,22,48,0,0,0,2,,0,0
1212-2,6,66,mercaderes,83,90,1,264,100,0,0,0,22,48,0,0,0,2,,0,0
1212-2,6,67,mercaderes,83,90,1,362,76,0,0,0,22,48,0,0,0,2,1,24,0
1212-2,6,68,mercaderes,83,90,1,331,80,0,0,0,22,48,0,0,0,2,,0,0
1212-2,6,69,mercaderes,91,90,1,300,84,0,0,0,22,48,0,0,0,2,,0,0
1212-2,6,70,mercaderes,91,90,1,279,88,0,0,0,22,48,0,0,0,2,,0,0
1212-2,6,71,mercaderes,91,90,1,301,83,0,0,0,13,39,0,0,0,2,,0,0
1212-2,6,72,mercaderes,91,90,1,314,72,0,0,0,13,30,0,0,0,2,,0,0
1212-2,6,73,mercaderes,91,90,1,335,61,0,0,0,13,30,0,0,0,2,1,18,0
1212-2,6,74,mercaderes,91,90,1,295,44,0,0,0,13,30,0,0,0,2,,0,0
1212-2,6,75,mercaderes,91,90,1,255,39,0,0,0,13,30,0,1,0,2,,0,0
1212-2,6,76,mercaderes,99,90,1,215,36,0,0,0,13,30,0,0,0,2,,0,0
1212-2,6,77,mercaderes,99,90,1,195,38,0,0,0,18,35,0,0,0,2,,0,0
1212-2,6,78,mercaderes,99,90,1,210,40,0,0,0,18,44,0,0,0,2,,0,0
1212-2,6,79,mercaderes,99,90,1,221,37,0,0,0,18,44,0,0,0,2,1,10,0
1212-2,6,80,mercaderes,99,90,1,181,34,0,0,0,18,44,0,1,0,2,,0,0
1212-2,6,81,mercaderes,99,90,1,203,33,0,0,0,18,44,0,0,0,2,,0,0
1212-2,6,82,mercaderes,99,90,1,225,28,0,0,0,18,44,0,0,0,2,,0,0
1212-2,6,83,mercaderes,99,90,1,247,41,0,0,0,36,62,0,0,0,2,,0,0
1212-2,6,84,mercaderes,99,90,1,269,53,0,0,0,36,62,0,0,0,2,,0,0
1212-2,6,85,mercaderes,99,94,1,310,65,0,0,0,36,62,0,0,0,2,1,13,0
1212-2,6,86,mercaderes,99,94,1,246,79,0,0,0,36,62,0,0,0,2,,0,0
1212-2,6,87,mercaderes,99,94,1,233,93,0,0,0,36,62,0,0,0,2,,0,0
1212-2,6,88,mercaderes,99,94,1,255,106,0,0,0,36,62,0,0,0,2,,0,0
1212-2,6,89,mercaderes,99,94,1,277,101,0,0,0,22,48,0,0,0,2,,0,0
1212-2,6,90,mercaderes,99,94,1,299,96,0,0,0,22,48,0,0,0,2,,0,0
1212-2,6,91,mercaderes,99,90,1,380,82,0,0,0,22,48,0,0,0,2,1,18,0
1212-2,6,92,mercaderes,99,90,1,357,86,0,0,0,22,48,0,0,0,2,,0,0
1212-2,6,93,mercaderes,99,90,1,334,90,0,0,0,22,48,0,0,0,2,,0,0
1212-2,6,94,mercaderes,99,90,1,311,94,0,0,0,22,48,0,0,0,2,,0,0
1212-2,6,95,mercaderes,99,90,1,288,89,0,0,0,13,39,0,0,0,2,,0,0
1212-2,6,96,mercaderes,99,90,1,288,84,0,0,0,13,30,0,0,0,2,,0,0
1212-2,6,97,mercaderes,99,90,1,302,63,0,0,0,13,30,0,0,0,2,1,25,0
1212-2,6,98,mercaderes,99,90,1,262,59,0,0,0,13,30,0,0,0,2,,0,0
1212-2,6,99,mercaderes,107,90,1,222,55,0,0,0,13,30,0,0,0,2,,0,0
1212-2,6,100,mercaderes,107,90,1,182,52,0,0,0,13,30,0,0,0,2,,0,0
1212-2,6,101,mercaderes,107,90,1,179,54,0,0,0,18,35,0,0,0,2,,0,0
1212-2,6,102,mercaderes,107,90,1,201,53,0,0,0,18,44,0,0,0,2,,0,0
1212-2,6,103,mercaderes,107,90,1,198,48,0,0,0,18,44,0,0,0,2,1,11,0
1212-2,6,104,mercaderes,107,90,1,177,49,0,0,0,22,48,0,1,0,2,,0,0
1212-2,6,105,mercaderes,107,90,1,195,41,0,0,0,22,48,0,0,0,2,,0,0
1212-2,6,106,mercaderes,107,90,1,217,41,0,0,0,22,48,0,0,0,2,,0,0
1212-2,6,107,mercaderes,107,90,1,239,62,0,0,0,45,71,0,0,0,2,,0,0
1212-2,6,108,mercaderes,107,90,1,261,82,0,0,0,45,71,0,0,0,2,,0,0
1212-2,6,109,mercaderes,107,90,1,266,101,0,0,0,45,71,0,0,0,2,1,11,0
1212-2,6,110,mercaderes,115,90,1,194,115,0,0,0,36,62,0,0,0,2,,0,0
1212-2,6,111,mercaderes,115,90,1,203,128,0,0,0,36,62,0,0,0,2,,0,0
1212-2,6,112,mercaderes,115,90,1,225,141,0,0,0,36,62,0,0,0,2,,0,0
1212-2,6,113,mercaderes,115,90,1,247,136,0,0,0,22,48,0,0,0,2,,0,0
1212-2,6,114,mercaderes,115,90,1,269,131,0,0,0,22,48,0,0,0,2,,0,0
1212-2,6,115,mercaderes,115,90,1,370,126,0,0,0,22,48,0,0,0,2,1,15,0
1212-2,6,116,mercaderes,115,90,1,339,128,0,0,0,22,48,0,0,0,2,,0,0
1212-2,6,117,mercaderes,115,90,1,308,130,0,0,0,22,48,0,0,0,2,,0,0
1212-2,6,118,mercaderes,115,90,1,287,132,0,0,0,22,48,0,0,0,2,,0,0
1212-2,6,119,mercaderes,115,90,1,302,126,0,0,0,13,39,0,0,0,2,,0,0
1212-2,6,120,mercaderes,115,90,1,315,115,0,0,0,13,30,0,0,0,2,,0,0
1212-2,6,121,mercaderes,115,94,1,348,102,0,0,0,13,30,0,0,0,2,1,17,0
1212-2,6,122,mercaderes,115,94,1,308,96,0,0,0,13,30,0,0,0,2,,0,0
1212-2,6,123,mercaderes,115,94,1,268,90,0,0,0,13,30,0,0,0,2,,0,0
1212-2,6,124,mercaderes,115,94,1,228,84,0,0,0,13,30,0,0,0,2,,0,0
1212-2,6,125,mercaderes,115,94,1,198,83,0,0,0,18,35,0,0,0,2,,0,0
1212-2,6,126,mercaderes,115,94,1,220,82,0,0,0,18,44,0,0,0,2,,0,0
1212-2,6,127,mercaderes,115,90,1,206,65,0,0,0,18,44,0,0,0,2,1,12,0
1212-2,6,128,mercaderes,115,90,1,185,63,0,0,0,18,44,0,0,0,2,,0,0
1212-2,6,129,mercaderes,115,90,1,184,61,0,0,0,18,44,0,0,0,2,,0,0
1212-2,6,130,mercaderes,115,90,1,206,59,0,0,0,18,44,0,0,0,2,,0,0
1212-2,6,131,mercaderes,115,90,1,228,71,0,0,0,36,62,0,0,0,2,,0,0
1212-2,6,132,mercaderes,115,90,1,250,82,0,0,0,36,62,0,0,0,2,,0,0
1212-2,6,133,mercaderes,115,90,1,261,93,0,0,0,36,62,0,0,0,2,1,9,0
1212-2,6,134,mercaderes,115,90,1,189,107,0,0,0,36,62,0,0,0,2,,0,0
1212-2,6,135,mercaderes,115,90,1,211,121,0,0,0,36,62,0,0,0,2,,0,0
1212-2,6,136,mercaderes,115,90,1,233,130,0,0,0,36,62,0,0,0,2,,0,0
1212-2,6,137,mercaderes,115,90,1,255,125,0,0,0,22,48,0,0,0,2,,0,0
1212-2,6,138,mercaderes,115,90,1,277,120,0,0,0,22,48,0,0,0,2,,0,0
1212-2,6,139,mercaderes,115,90,1,374,103,0,0,0,22,48,0,0,0,2,1,25,0
1212-2,6,140,mercaderes,115,90,1,343,106,0,0,0,22,48,0,0,0,2,,0,0
1212-2,6,141,mercaderes,123,90,1,312,109,0,0,0,22,48,0,0,0,2,,0,0
1212-2,6,142,mercaderes,123,90,1,281,112,0,0,0,22,48,0,0,0,2,,0,0
1212-2,6,143,mercaderes,123,90,1,299,106,0,0,0,13,39,0,0,0,2,,0,0
1212-2,6,144,mercaderes,123,90,1,312,95,0,0,0,13,30,0,0,0,2,,0,0
1212-2,6,145,mercaderes,123,90,1,337,83,0,0,0,13,30,0,0,0,2,1,17,0
1212-2,6,146,mercaderes,123,90,1,297,79,0,0,0,13,30,0,0,0,2,,0,0
1212-2,6,147,mercaderes,123,90,1,257,75,0,0,0,13,30,0,0,0,2,,0,0
1212-2,6,148,mercaderes,123,90,1,217,71,0,0,0,13,30,0,0,0,2,,0,0
1212-2,6,149,mercaderes,123,90,1,197,67,0,0,0,18,35,0,0,0,2,,0,0
1212-2,6,150,mercaderes,123,90,1,212,68,0,0,0,18,44,0,0,0,2,,0,0
1212-2,6,151,mercaderes,123,90,1,217,64,0,0,0,18,44,0,0,0,2,1,11,0
1212-2,6,152,mercaderes,123,90,1,203,62,0,0,0,18,51,0,0,0,2,,0,0
1212-2,6,153,mercaderes,123,90,1,219,60,0,0,0,18,51,0,0,0,2,,0,0
1212-2,6,154,mercaderes,123,90,1,248,58,0,0,0,18,51,0,0,0,2,,0,0
1212-2,6,155,mercaderes,131,90,1,277,70,0,0,0,36,69,0,0,0,2,,0,0
1212-2,6,156,mercaderes,131,90,1,306,81,0,0,0,36,69,0,0,0,2,,0,0
1212-2,6,157,mercaderes,131,90,1,321,92,0,0,0,36,69,0,0,0,2,1,14,0
1212-2,6,158,mercaderes,131,90,1,256,106,0,0,0,36,69,0,0,0,2,,0,0
1212-2,6,159,mercaderes,131,90,1,242,120,0,0,0,36,69,0,0,0,2,,0,0
1212-2,6,160,mercaderes,131,90,1,258,133,0,0,0,36,69,0,0,0,2,,0,0
1212-2,6,161,mercaderes,131,90,1,287,132,0,0,0,22,55,0,0,0,2,,0,0
1212-2,6,162,mercaderes,131,90,1,316,127,0,0,0,22,55,0,0,0,2,,0,0
1212-2,6,163,mercaderes,131,94,1,447,122,0,0,0,22,55,0,0,0,2,1,17,0
1212-2,6,164,mercaderes,131,94,1,423,124,0,0,0,22,55,0,0,0,2,,0,0
1212-2,6,165,mercaderes,131,94,1,399,126,0,0,0,22,55,0,0,0,2,,0,0
1212-2,6,166,mercaderes,131,94,1,375,127,0,0,0,22,55,0,0,0,2,,0,0
1212-2,6,167,mercaderes,131,94,1,361,120,0,0,0,13,46,0,0,0,2,,0,0
1212-2,6,168,mercaderes,131,94,1,378,113,0,0,0,13,34,0,0,0,2,,0,0
1212-2,6,169,mercaderes,131,90,1,398,90,0,0,0,13,34,0,0,0,2,1,19,0
1212-2,6,170,mercaderes,131,90,1,362,85,0,0,0,13,34,0,0,0,2,,0,0
1212-2,6,171,mercaderes,131,90,1,326,80,0,0,0,13,34,0,0,0,2,,0,0
1212-2,6,172,mercaderes,131,90,1,290,76,0,0,0,13,34,0,0,0,2,,0,0
1212-2,6,173,mercaderes,131,90,1,254,77,0,0,0,18,39,0,0,0,2,,0,0
1212-2,6,174,mercaderes,131,90,1,230,78,0,0,0,18,51,0,0,0,2,,0,0
1212-2,6,175,mercaderes,131,90,1,257,66,0,0,0,18,51,0,0,0,2,1,21,0
1212-2,6,176,mercaderes,131,90,1,217,64,0,0,0,18,51,0,0,0,2,,0,0
1212-2,6,177,mercaderes,139,90,1,239,62,0,0,0,18,51,0,0,0,2,,0,0
1212-2,6,178,mercaderes,139,90,1,268,58,0,0,0,18,51,0,0,0,2,,0,0
1212-2,6,179,mercaderes,139,90,1,297,70,0,0,0,36,69,0,0,0,2,,0,0
1212-2,6,180,mercaderes,139,90,1,326,81,0,0,0,36,69,0,0,0,2,,0,0
1212-2,6,181,mercaderes,139,90,1,364,92,0,0,0,36,69,0,0,0,2,1,15,0
1212-2,6,182,mercaderes,139,90,1,299,106,0,0,0,36,69,0,0,0,2,,0,0
1212-2,6,183,mercaderes,139,90,1,259,120,0,0,0,36,69,0,0,0,2,,0,0
1212-2,6,184,mercaderes,139,90,1,281,133,0,0,0,36,69,0,0,0,2,,0,0
1212-2,6,185,mercaderes,139,90,1,310,123,0,0,0,22,55,0,0,0,2,,0,0
1212-2,6,186,mercaderes,139,90,1,339,119,0,0,0,22,55,0,0,0,2,,0,0
1212-2,6,187,mercaderes,139,90,1,484,115,0,0,0,22,55,0,0,0,2,1,17,0
1212-2,6,188,mercaderes,139,90,1,460,118,0,0,0,22,55,0,0,0,2,,0,0
1212-2,6,189,mercaderes,139,90,1,436,121,0,0,0,22,55,0,0,0,2,,0,0
1212-2,6,190,mercaderes,139,90,1,412,124,0,0,0,22,55,0,0,0,2,,0,0
1212-2,6,191,mercaderes,139,90,1,388,118,0,0,0,13,46,0,0,0,2,,0,0
1212-2,6,192,mercaderes,147,90,1,392,112,0,0,0,13,34,0,0,0,2,,0,0
1212-2,6,193,mercaderes,147,90,1,442,103,0,0,0,13,34,0,0,0,2,1,18,0
1212-2,6,194,mercaderes,147,90,1,406,98,0,0,0,13,34,0,0,0,2,,0,0
1212-2,6,195,mercaderes,147,90,1,370,93,0,0,0,13,34,0,0,0,2,,0,0
1212-2,6,196,mercaderes,147,90,1,334,88,0,0,0,13,34,0,0,0,2,,0,0
1212-2,6,197,mercaderes,147,90,1,298,88,0,0,0,18,39,0,0,0,2,,0,0
1212-2,6,198,mercaderes,147,90,1,274,88,0,0,0,18,51,0,0,0,2,,0,0
1212-2,6,199,mercaderes,147,90,1,303,88,0,0,0,18,51,0,0,0,2,1,12,0
1212-2,6,200,mercaderes,147,90,1,238,85,0,0,0,18,51,0,0,0,2,,0,0
1212-2,6,1,mesta,23,39,1,231,62,0,0,0,5,13,0,0,0,0,1,7,0
1212-2,6,2,mesta,23,39,1,230,56,0,0,0,5,8,0,0,0,0,,0,0
1212-2,6,3,mesta,23,39,1,229,49,0,0,0,5,8,0,0,0,0,,0,0
1212-2,6,4,mesta,23,39,1,228,43,0,0,0,5,8,0,0,0,0,,0,0
1212-2,6,5,mesta,23,39,1,227,38,0,0,0,6,9,0,1,0,0,,0,0
1212-2,6,6,mesta,23,39,1,237,35,0,0,0,6,20,0,0,0,0,,0,0
1212-2,6,7,mesta,23,39,1,151,32,0,0,0,6,20,0,0,0,0,1,12,0
1212-2,6,8,mesta,23,39,1,90,33,0,0,0,6,20,0,0,0,0,,0,0
1212-2,6,9,mesta,23,39,1,80,34,0,0,0,6,20,0,0,0,0,,0,0
1212-2,6,10,mesta,23,39,1,90,31,0,0,0,6,20,0,1,0,0,,0,0
1212-2,6,11,mesta,24,40,1,100,35,0,0,0,13,33,0,0,0,0,,0,0
1212-2,6,12,mesta,24,42,1,112,38,0,0,0,13,35,0,0,0,0,,0,0
1212-2,6,13,mesta,23,39,1,167,31,0,0,0,13,35,0,0,0,0,1,7,0
1212-2,6,14,mesta,24,40,1,172,39,0,0,0,13,33,0,0,0,0,,0,0
1212-2,6,15,mesta,24,42,1,184,43,0,0,0,13,35,0,0,0,0,,0,0
1212-2,6,16,mesta,24,44,1,196,46,0,0,0,13,35,0,0,0,0,,0,0
1212-2,6,17,mesta,24,44,1,208,43,0,0,0,8,30,0,0,0,0,,0,0
1212-2,6,18,mesta,24,44,1,220,40,0,0,0,8,30,0,0,0,0,,0,0
1212-2,6,19,mesta,24,40,1,182,14,0,0,0,8,30,0,0,0,0,1,30,0
1212-2,6,20,mesta,24,40,1,149,17,0,0,0,8,30,0,0,0,0,,0,0
1212-2,6,21,mesta,42,40,1,116,20,0,0,0,8,30,0,0,0,1,,0,0
1212-2,6,22,mesta,42,40,1,108,21,0,0,0,8,30,0,1,0,1,,0,0
1212-2,6,23,mesta,42,40,1,115,21,0,0,0,5,27,0,0,0,1,,0,0
1212-2,6,24,mesta,42,40,1,123,18,0,0,0,5,23,0,0,0,1,,0,0
1212-2,6,25,mesta,42,40,1,210,14,0,0,0,5,23,0,0,0,1,1,8,0
1212-2,6,26,mesta,42,40,1,203,14,0,0,0,5,23,0,0,0,1,,0,0
1212-2,6,27,mesta,42,40,1,211,12,0,0,0,5,23,0,0,0,1,,0,0
1212-2,6,28,mesta,42,40,1,219,7,0,0,0,5,23,0,0,0,1,,0,0
1212-2,6,29,mesta,42,40,1,227,3,0,0,0,6,24,0,0,0,1,,0,0
1212-2,6,30,mesta,41,40,1,239,0,0,0,0,6,28,1,0,0,1,,0,0
1212-2,6,31,mesta,40,40,1,220,0,0,0,0,6,28,1,0,0,1,1,18,0
1212-2,6,32,mesta,38,39,1,151,1,0,0,0,6,28,1,0,0,1,,0,0
1212-2,6,33,mesta,37,38,1,147,1,0,0,0,6,26,1,0,0,1,,0,0
1212-2,6,34,mesta,36,37,1,157,1,2,0,0,6,26,1,0,0,1,,0,0
1212-2,6,35,mesta,36,37,1,167,3,2,0,0,11,31,0,0,0,1,,0,0
1212-2,6,36,mesta,36,37,1,177,5,2,0,0,11,31,0,0,0,1,,0,0
1212-2,6,37,mesta,36,37,1,345,7,2,0,0,11,31,0,0,0,1,1,16,0
1212-2,6,38,mesta,36,37,1,325,10,2,0,0,11,31,0,0,0,1,,0,0
1212-2,6,39,mesta,36,37,1,330,13,2,0,0,11,31,0,0,0,1,,0,0
1212-2,6,40,mesta,36,37,1,340,16,2,0,0,11,31,0,0,0,1,,0,0
1212-2,6,41,mesta,44,37,1,350,15,2,0,0,8,28,0,0,0,1,,0,0
1212-2,6,42,mesta,44,37,1,360,14,2,0,0,8,28,0,0,0,1,,0,0
1212-2,6,43,mesta,44,37,1,520,13,2,0,0,8,28,0,0,0,1,1,24,0
1212-2,6,44,mesta,44,37,1,485,16,2,0,0,8,28,0,0,0,1,,0,0
1212-2,6,45,mesta,44,37,1,450,19,2,0,0,8,28,0,0,0,1,,0,0
1212-2,6,46,mesta,44,37,1,415,22,2,0,0,8,28,0,0,0,1,,0,0
1212-2,6,47,mesta,44,37,1,380,22,2,0,0,5,25,0,0,0,1,,0,0
1212-2,6,48,mesta,44,37,1,342,22,2,0,0,5,22,0,0,0,1,,0,0
1212-2,6,49,mesta,44,37,1,437,22,2,0,0,5,22,0,0,0,1,1,24,0
1212-2,6,50,mesta,44,37,1,399,22,2,0,0,5,22,0,0,0,1,,0,0
1212-2,6,51,mesta,44,37,1,361,22,2,0,0,5,22,0,0,0,1,,0,0
1212-2,6,52,mesta,44,37,1,323,22,2,0,0,5,22,0,0,0,1,,0,0
1212-2,6,53,mesta,44,37,1,285,23,2,0,0,6,23,0,0,0,1,,0,0
1212-2,6,54,mesta,44,37,1,250,24,2,0,0,6,26,0,0,0,1,,0,0
1212-2,6,55,mesta,45,41,1,323,25,2,0,0,6,26,0,0,0,1,1,22,0
1212-2,6,56,mesta,45,41,1,254,22,2,0,0,6,28,0,0,0,1,,0,0
1212-2,6,57,mesta,45,41,1,244,19,2,0,0,6,28,0,0,0,1,,0,0
1212-2,6,58,mesta,45,41,1,251,16,3,0,0,6,28,0,0,0,1,,0,0
1212-2,6,59,mesta,45,41,1,263,20,3,0,0,13,35,0,0,0,1,,0,0
1212-2,6,60,mesta,45,41,1,275,23,3,0,0,13,35,0,0,0,1,,0,0
1212-2,6,61,mesta,45,41,1,502,25,0,0,0,13,35,0,0,0,1,1,23,0
1212-2,6,62,mesta,45,41,1,433,27,0,0,0,13,35,0,0,0,1,,0,0
1212-2,6,63,mesta,45,43,1,389,30,0,0,0,13,35,0,0,0,1,,0,0
1212-2,6,64,mesta,46,45,1,387,33,0,0,0,13,35,0,0,0,1,,0,0
1212-2,6,65,mesta,46,45,1,399,30,0,0,0,8,30,0,0,0,1,,0,0
1212-2,6,66,mesta,46,45,1,411,26,0,0,0,8,30,0,0,0,1,,0,0
1212-2,6,67,mesta,46,45,1,776,23,0,0,0,8,30,0,0,0,1,1,24,0
1212-2,6,68,mesta,46,45,1,743,24,0,0,0,8,30,0,0,0,1,,0,0
1212-2,6,69,mesta,46,45,1,710,25,0,0,0,8,30,0,0,0,1,,0,0
1212-2,6,70,mesta,46,45,1,677,26,0,0,0,8,30,0,0,0,1,,0,0
1212-2,6,71,mesta,46,45,1,644,24,0,0,0,5,27,0,0,0,1,,0,0
1212-2,6,72,mesta,46,45,1,607,22,0,0,0,5,23,0,0,0,1,,0,0
1212-2,6,73,mesta,46,45,1,706,20,0,0,0,5,23,0,0,0,1,1,24,0
1212-2,6,74,mesta,46,45,1,669,18,0,0,0,5,23,0,0,0,1,,0,0
1212-2,6,75,mesta,46,45,1,632,16,0,0,0,5,23,0,0,0,1,,0,0
1212-2,6,76,mesta,46,45,1,595,14,0,0,0,5,23,0,0,0,1,,0,0
1212-2,6,77,mesta,46,45,1,558,13,0,0,0,6,24,0,0,0,1,,0,0
1212-2,6,78,mesta,46,45,1,525,12,0,0,0,6,28,0,0,0,1,,0,0
1212-2,6,79,mesta,46,45,1,594,11,0,0,0,6,28,0,0,0,1,1,30,0
1212-2,6,80,mesta,46,45,1,525,7,0,0,0,6,28,0,0,0,1,,0,0
1212-2,6,81,mesta,46,45,1,456,3,0,0,0,6,28,0,0,0,1,,0,0
1212-2,6,82,mesta,45,45,1,387,1,0,0,0,6,28,1,0,0,1,,0,0
1212-2,6,83,mesta,45,45,1,318,4,0,0,0,13,35,0,0,0,1,,0,0
1212-2,6,84,mesta,45,45,1,274,7,0,0,0,13,35,0,0,0,1,,0,0
1212-2,6,85,mesta,45,45,1,615,10,0,0,0,13,35,0,0,0,1,1,22,0
1212-2,6,86,mesta,45,45,1,546,13,0,0,0,13,35,0,0,0,1,,0,0
1212-2,6,87,mesta,45,45,1,528,16,0,0,0,13,35,0,0,0,1,,0,0
1212-2,6,88,mesta,45,45,1,518,19,0,0,0,13,35,0,0,0,1,,0,0
1212-2,6,89,mesta,45,45,1,530,17,0,0,0,8,30,0,0,0,1,,0,0
1212-2,6,90,mesta,45,45,1,542,14,0,0,0,8,30,0,0,0,1,,0,0
1212-2,6,91,mesta,45,45,1,780,11,0,0,0,8,30,0,0,0,1,1,24,0
1212-2,6,92,mesta,45,45,1,747,12,0,0,0,8,30,0,0,0,1,,0,0
1212-2,6,93,mesta,45,45,1,714,13,0,0,0,8,30,0,0,0,1,,0,0
1212-2,6,94,mesta,45,45,1,681,14,0,0,0,8,30,0,0,0,1,,0,0
1212-2,6,95,mesta,45,45,1,648,12,0,0,0,5,27,0,0,0,1,,0,0
1212-2,6,96,mesta,45,45,1,611,10,0,0,0,5,23,0,0,0,1,,0,0
1212-2,6,97,mesta,45,45,1,709,8,0,0,0,5,23,0,0,0,1,1,24,0
1212-2,6,98,mesta,45,45,1,672,6,0,0,0,5,23,0,0,0,1,,0,0
1212-2,6,99,mesta,45,45,1,635,4,0,0,0,5,23,0,0,0,1,,0,0
1212-2,6,100,mesta,44,45,1,598,4,0,0,0,5,23,1,0,0,1,,0,0
1212-2,6,101,mesta,43,45,1,561,4,0,0,0,6,24,1,0,0,1,,0,0
1212-2,6,102,mesta,41,44,1,528,4,0,0,0,6,28,1,0,0,1,,0,0
1212-2,6,103,mesta,40,43,1,595,4,0,0,0,6,28,1,0,0,1,1,30,0
1212-2,6,104,mesta,40,43,1,526,3,0,0,0,8,30,0,0,0,1,,0,0
1212-2,6,105,mesta,40,43,1,457,2,0,0,0,8,30,0,0,0,1,,0,0
1212-2,6,106,mesta,40,43,1,388,1,0,0,0,8,30,0,0,0,1,,0,0
1212-2,6,107,mesta,40,43,1,319,8,0,0,0,16,38,0,0,0,1,,0,0
1212-2,6,108,mesta,40,43,1,275,15,0,0,0,16,38,0,0,0,1,,0,0
1212-2,6,109,mesta,40,43,1,616,22,0,0,0,16,38,0,0,0,1,1,22,0
1212-2,6,110,mesta,40,43,1,547,25,0,0,0,13,35,0,0,0,1,,0,0
1212-2,6,111,mesta,40,43,1,529,28,0,0,0,13,35,0,0,0,1,,0,0
1212-2,6,112,mesta,41,45,1,519,31,0,0,0,13,35,0,0,0,1,,0,0
1212-2,6,113,mesta,41,45,1,531,28,0,0,0,8,30,0,0,0,1,,0,0
1212-2,6,114,mesta,41,45,1,543,24,0,0,0,8,30,0,0,0,1,,0,0
1212-2,6,115,mesta,41,45,1,782,21,0,0,0,8,30,0,0,0,1,1,24,0
1212-2,6,116,mesta,41,45,1,749,22,0,0,0,8,30,0,0,0,1,,0,0
1212-2,6,117,mesta,41,45,1,716,23,0,0,0,8,30,0,0,0,1,,0,0
1212-2,6,118,mesta,41,45,1,683,24,0,0,0,8,30,0,0,0,1,,0,0
1212-2,6,119,mesta,41,45,1,650,22,0,0,0,5,27,0,0,0,1,,0,0
1212-2,6,120,mesta,41,45,1,613,20,0,0,0,5,23,0,0,0,1,,0,0
1212-2,6,121,mesta,41,45,1,711,18,0,0,0,5,23,0,0,0,1,1,24,0
1212-2,6,122,mesta,41,45,1,674,16,0,0,0,5,23,0,0,0,1,,0,0
1212-2,6,123,mesta,41,45,1,637,14,0,0,0,5,23,0,0,0,1,,0,0
1212-2,6,124,mesta,41,45,1,600,12,0,0,0,5,23,0,0,0,1,,0,0
1212-2,6,125,mesta,41,45,1,563,11,0,0,0,6,24,0,0,0,1,,0,0
1212-2,6,126,mesta,41,45,1,530,10,0,0,0,6,28,0,0,0,1,,0,0
1212-2,6,127,mesta,41,45,1,594,9,0,0,0,6,28,0,0,0,1,1,30,0
1212-2,6,128,mesta,41,45,1,525,5,0,0,0,6,28,0,0,0,1,,0,0
1212-2,6,129,mesta,41,45,1,456,1,0,0,0,6,28,0,0,0,1,,0,0
1212-2,6,130,mesta,40,45,1,387,1,0,0,0,6,28,1,0,0,1,,0,0
1212-2,6,131,mesta,40,45,1,318,4,0,0,0,13,35,0,0,0,1,,0,0
1212-2,6,132,mesta,40,45,1,274,7,0,0,0,13,35,0,0,0,1,,0,0
1212-2,6,133,mesta,40,45,1,545,10,0,0,0,13,35,0,0,0,1,1,19,0
1212-2,6,134,mesta,40,45,1,486,14,0,0,0,13,35,0,0,0,1,,0,0
1212-2,6,135,mesta,40,45,1,427,18,0,0,0,13,35,0,0,0,1,,0,0
1212-2,6,136,mesta,40,45,1,439,22,0,0,0,13,35,0,0,0,1,,0,0
1212-2,6,137,mesta,40,45,1,451,17,0,0,0,8,30,0,0,0,1,,0,0
1212-2,6,138,mesta,40,45,1,463,12,0,0,0,8,30,0,0,0,1,,0,0
1212-2,6,139,mesta,40,45,1,743,7,0,0,0,8,30,0,0,0,1,1,24,0
1212-2,6,140,mesta,40,45,1,710,6,0,0,0,8,30,0,0,0,1,,0,0
1212-2,6,141,mesta,40,45,1,677,5,0,0,0,8,30,0,0,0,1,,0,0
1212-2,6,142,mesta,40,45,1,640,4,0,0,0,8,30,0,0,0,1,,0,0
1212-2,6,143,mesta,39,45,1,607,4,0,0,0,5,27,1,0,0,1,,0,0
1212-2,6,144,mesta,38,45,1,568,4,0,0,0,5,23,1,0,0,1,,0,0
1212-2,6,145,mesta,36,44,1,661,4,0,0,0,5,23,1,0,0,1,1,24,0
1212-2,6,146,mesta,35,43,1,624,4,0,0,0,5,23,1,0,0,1,,0,0
1212-2,6,147,mesta,34,42,1,585,4,0,0,0,5,23,1,0,0,1,,0,0
1212-2,6,148,mesta,33,41,1,548,4,0,0,0,5,23,1,0,0,1,,0,0
1212-2,6,149,mesta,32,40,1,511,4,0,0,0,6,24,1,0,0,1,,0,0
1212-2,6,150,mesta,30,39,1,478,4,0,0,0,6,28,1,0,0,1,,0,0
1212-2,6,151,mesta,29,38,1,537,4,0,0,0,6,26,1,0,0,1,1,29,0
1212-2,6,152,mesta,28,37,1,466,1,0,0,0,6,25,1,0,0,1,,0,0
1212-2,6,153,mesta,27,36,1,395,1,0,0,0,6,25,1,0,0,1,,0,0
1212-2,6,154,mesta,26,35,1,324,1,0,0,0,6,25,1,0,0,1,,0,0
1212-2,6,155,mesta,26,35,1,253,2,0,0,0,10,28,0,0,0,1,,0,0
1212-2,6,156,mesta,26,35,1,254,5,0,0,0,12,31,0,0,0,1,,0,0
1212-2,6,157,mesta,26,35,1,572,8,0,0,0,12,31,0,0,0,1,1,21,0
1212-2,6,158,mesta,26,35,1,498,11,0,0,0,12,27,0,0,0,1,,0,0
1212-2,6,159,mesta,26,35,1,475,14,0,0,0,12,27,0,0,0,1,,0,0
1212-2,6,160,mesta,26,35,1,482,18,0,0,0,13,29,0,0,0,1,,0,0
1212-2,6,161,mesta,26,35,1,489,16,0,0,0,8,24,0,0,0,1,,0,0
1212-2,6,162,mesta,26,35,1,496,14,0,0,0,8,24,0,0,0,1,,0,0
1212-2,6,163,mesta,26,35,1,732,12,0,0,0,8,24,0,0,0,1,1,24,0
1212-2,6,164,mesta,26,35,1,694,14,0,0,0,8,24,0,0,0,1,,0,0
1212-2,6,165,mesta,26,35,1,651,16,0,0,0,8,24,0,0,0,1,,0,0
1212-2,6,166,mesta,26,35,1,613,18,0,0,0,8,24,0,0,0,1,,0,0
1212-2,6,167,mesta,26,35,1,573,17,0,0,0,5,21,0,0,0,1,,0,0
1212-2,6,168,mesta,26,35,1,535,16,0,0,0,5,21,0,0,0,1,,0,0
1212-2,6,169,mesta,26,35,1,623,15,0,0,0,5,21,0,0,0,1,1,24,0
1212-2,6,170,mesta,26,35,1,585,14,0,0,0,5,21,0,0,0,1,,0,0
1212-2,6,171,mesta,26,35,1,547,13,0,0,0,5,21,0,0,0,1,,0,0
1212-2,6,172,mesta,26,35,1,507,12,0,0,0,5,21,0,0,0,1,,0,0
1212-2,6,173,mesta,26,35,1,469,12,0,0,0,6,22,0,0,0,1,,0,0
1212-2,6,174,mesta,26,35,1,433,12,0,0,0,6,24,0,0,0,1,,0,0
1212-2,6,175,mesta,26,35,1,495,12,0,0,0,6,24,0,0,0,1,1,28,0
1212-2,6,176,mesta,26,35,1,418,9,0,0,0,6,24,0,0,0,1,,0,0
1212-2,6,177,mesta,26,35,1,346,6,0,0,0,6,24,0,0,0,1,,0,0
1212-2,6,178,mesta,26,35,1,274,3,0,0,0,6,24,0,0,0,1,,0,0
1212-2,6,179,mesta,26,35,1,253,7,0,0,0,13,31,0,0,0,1,,0,0
1212-2,6,180,mesta,26,35,1,248,11,0,0,0,13,31,0,0,0,1,,0,0
1212-2,6,181,mesta,26,35,1,523,15,0,0,0,13,31,0,0,0,1,1,20,0
1212-2,6,182,mesta,26,35,1,447,19,0,0,0,13,31,0,0,0,1,,0,0
1212-2,6,183,mesta,26,35,1,434,23,0,0,0,13,31,0,0,0,1,,0,0
1212-2,6,184,mesta,26,35,1,443,26,0,0,0,13,31,0,0,0,1,,0,0
1212-2,6,185,mesta,26,35,1,452,24,0,0,0,8,26,0,0,0,1,,0,0
1212-2,6,186,mesta,26,35,1,461,22,0,0,0,8,26,0,0,0,1,,0,0
1212-2,6,187,mesta,26,35,1,700,20,0,0,0,8,26,0,0,0,1,1,24,0
1212-2,6,188,mesta,26,35,1,664,22,0,0,0,8,26,0,0,0,1,,0,0
1212-2,6,189,mesta,26,35,1,623,24,0,0,0,8,26,0,0,0,1,,0,0
1212-2,6,190,mesta,26,35,1,587,26,0,0,0,8,26,0,0,0,1,,0,0
1212-2,6,191,mesta,26,35,1,551,25,0,0,0,5,23,0,0,0,1,,0,0
1212-2,6,192,mesta,26,35,1,511,24,0,0,0,5,21,0,0,0,1,,0,0
1212-2,6,193,mesta,26,35,1,601,23,0,0,0,5,21,0,0,0,1,1,24,0
1212-2,6,194,mesta,26,35,1,561,22,0,0,0,5,21,0,0,0,1,,0,0
1212-2,6,195,mesta,26,35,1,523,21,0,0,0,5,21,0,0,0,1,,0,0
1212-2,6,196,mesta,26,35,1,483,20,0,0,0,5,21,0,0,0,1,,0,0
1212-2,6,197,mesta,26,35,1,445,20,0,0,0,6,22,0,0,0,1,,0,0
1212-2,6,198,mesta,26,35,1,409,20,0,0,0,6,24,0,0,0,1,,0,0
1212-2,6,199,mesta,25,33,1,441,20,0,0,0,6,24,0,0,0,1,1,27,0
1212-2,6,200,mesta,25,33,1,369,19,0,0,0,6,24,0,0,0,1,,0,0
1212-2,6,1,monjes,35,96,1,26,61,0,0,0,18,38,0,0,0,0,1,5,0
1212-2,6,2,monjes,35,96,1,31,49,0,0,0,18,27,0,0,0,0,,0,0
1212-2,6,3,monjes,35,96,1,36,38,0,0,0,18,27,0,1,0,0,,0,0
1212-2,6,4,monjes,35,96,1,41,38,0,0,0,27,36,0,0,0,0,,0,0
1212-2,6,5,monjes,35,96,1,46,47,0,0,0,36,45,0,1,0,0,,0,0
1212-2,6,6,monjes,35,96,1,68,57,0,0,0,36,62,0,0,0,0,,0,0
1212-2,6,7,monjes,35,96,1,83,67,0,0,0,36,62,0,0,0,0,1,4,0
1212-2,6,8,monjes,35,96,1,105,78,0,0,0,36,62,0,0,0,0,,0,0
1212-2,6,9,monjes,50,96,1,127,87,0,0,0,36,62,0,0,0,1,,0,0
1212-2,6,10,monjes,50,96,1,149,96,0,0,0,36,62,0,0,0,1,,0,0
1212-2,6,11,monjes,50,96,1,171,144,0,0,0,78,104,0,0,0,1,,0,0
1212-2,6,12,monjes,50,96,1,193,210,0,0,0,98,124,0,0,0,1,,0,0
1212-2,6,13,monjes,49,92,1,117,260,0,0,0,98,124,0,0,0,1,1,12,0
1212-2,6,14,monjes,49,92,1,105,316,0,2,0,98,118,0,0,0,1,,0,0
1212-2,6,15,monjes,49,92,1,100,376,0,2,0,98,118,0,0,0,1,,0,0
1212-2,6,16,monjes,49,92,1,117,433,0,2,0,98,118,0,0,0,1,,0,0
1212-2,6,17,monjes,49,92,1,134,448,0,2,0,56,76,0,0,0,1,,0,0
1212-2,6,18,monjes,49,92,1,151,452,0,2,0,45,65,0,0,0,1,,0,0
1212-2,6,19,monjes,49,90,1,141,433,0,2,0,45,65,0,0,0,1,1,25,0
1212-2,6,20,monjes,67,90,1,122,433,0,2,0,45,65,0,0,0,2,,0,0
1212-2,6,21,monjes,67,90,1,139,428,0,2,0,45,65,0,0,0,2,,0,0
1212-2,6,22,monjes,67,90,1,156,423,0,2,0,45,65,0,0,0,2,,0,0
1212-2,6,23,monjes,67,90,1,173,391,0,2,0,27,47,0,0,0,2,,0,0
1212-2,6,24,monjes,75,90,1,184,371,0,2,0,27,41,0,0,0,2,,0,0
1212-2,6,25,monjes,74,86,1,235,329,0,2,0,21,35,0,0,0,2,1,21,0
1212-2,6,26,monjes,74,86,1,194,313,0,2,0,21,34,0,0,0,2,,0,0
1212-2,6,27,monjes,74,86,1,182,294,0,2,0,21,34,0,0,0,2,,0,0
1212-2,6,28,monjes,74,86,1,192,273,0,2,0,21,34,0,0,0,2,,0,0
1212-2,6,29,monjes,75,90,1,202,267,0,2,0,36,49,0,0,0,2,,0,0
1212-2,6,30,monjes,75,90,1,219,260,0,2,0,36,56,0,0,0,2,,0,0
1212-2,6,31,monjes,75,90,1,307,237,0,2,0,36,56,0,0,0,2,1,27,0
1212-2,6,32,monjes,75,90,1,288,236,0,2,0,36,56,0,0,0,2,,0,0
1212-2,6,33,monjes,83,90,1,269,235,0,2,0,36,56,0,0,0,2,,0,0
1212-2,6,34,monjes,83,90,1,250,235,0,2,0,36,56,0,0,0,2,,0,0
1212-2,6,35,monjes,83,90,1,252,266,0,2,0,72,92,0,0,0,2,,0,0
1212-2,6,36,monjes,83,90,1,269,294,0,2,0,72,92,0,0,0,2,,0,0
1212-2,6,37,monjes,83,90,1,323,328,0,2,0,72,92,0,0,0,2,1,16,0
1212-2,6,38,monjes,83,90,1,277,360,0,2,0,72,92,0,0,0,2,,0,0
1212-2,6,39,monjes,83,90,1,231,391,0,2,0,72,92,0,0,0,2,,0,0
1212-2,6,40,monjes,83,90,1,230,416,0,2,0,72,92,0,0,0,2,,0,0
1212-2,6,41,monjes,83,90,1,247,412,0,2,0,45,65,0,0,0,2,,0,0
1212-2,6,42,monjes,83,90,1,264,408,0,2,0,45,65,0,0,0,2,,0,0
1212-2,6,43,monjes,83,90,1,351,402,0,2,0,45,65,0,0,0,2,1,26,0
1212-2,6,44,monjes,83,90,1,305,405,0,2,0,45,65,0,0,0,2,,0,0
1212-2,6,45,monjes,91,90,1,259,408,0,2,0,45,65,0,0,0,2,,0,0
1212-2,6,46,monjes,91,90,1,267,405,0,2,0,45,65,0,0,0,2,,0,0
1212-2,6,47,monjes,91,90,1,284,378,0,2,0,21,41,0,0,0,2,,0,0
1212-2,6,48,monjes,91,90,1,295,352,0,2,0,21,35,0,0,0,2,,0,0
1212-2,6,49,monjes,91,90,1,371,340,0,2,0,27,41,0,0,0,2,1,16,0
1212-2,6,50,monjes,91,90,1,319,320,0,2,0,27,41,0,0,0,2,,0,0
1212-2,6,51,monjes,91,90,1,267,309,0,2,0,27,41,0,0,0,2,,0,0
1212-2,6,52,monjes,99,90,1,233,297,0,2,0,27,41,0,0,0,2,,0,0
1212-2,6,53,monjes,99,90,1,244,289,0,2,0,36,50,0,0,0,2,,0,0
1212-2,6,54,monjes,99,90,1,261,281,0,2,0,36,56,0,0,0,2,,0,0
1212-2,6,55,monjes,98,89,1,342,267,0,2,0,36,56,0,0,0,2,1,19,0
1212-2,6,56,monjes,99,90,1,295,267,0,2,0,36,55,0,0,0,2,,0,0
1212-2,6,57,monjes,99,90,1,249,267,0,2,0,36,56,0,0,0,2,,0,0
1212-2,6,58,monjes,128,96,2,257,261,0,2,0,36,56,0,0,0,3,,0,0
1212-2,6,59,monjes,128,97,2,268,287,0,2,0,72,92,0,0,0,3,,0,0
1212-2,6,60,monjes,128,98,2,279,312,0,2,0,72,92,0,0,0,3,,0,0
1212-2,6,61,monjes,129,103,2,334,293,0,0,0,72,92,0,0,0,3,1,27,0
1212-2,6,62,monjes,129,104,2,282,322,0,0,0,72,92,0,1,0,3,,0,0
1212-2,6,63,monjes,178,157,3,221,366,0,0,0,88,109,0,0,0,4,,0,0
1212-2,6,64,monjes,179,160,3,209,390,0,0,0,88,119,0,1,0,4,,0,0
1212-2,6,65,monjes,179,163,3,224,376,0,0,0,52,88,0,0,0,4,,0,0
1212-2,6,66,monjes,180,166,3,239,362,0,0,0,53,90,0,1,0,4,,0,0
1212-2,6,67,monjes,180,165,3,304,343,0,0,0,53,90,0,0,0,4,1,26,0
1212-2,6,68,monjes,180,166,3,292,342,0,0,0,67,103,0,3,0,4,,0,0
1212-2,6,69,monjes,180,167,3,265,359,0,0,0,80,117,0,0,0,4,,0,0
1212-2,6,70,monjes,180,168,3,253,375,0,0,0,81,119,0,1,0,4,,0,0
1212-2,6,71,monjes,180,169,3,241,368,0,0,0,57,95,0,0,0,4,,0,0
1212-2,6,72,monjes,181,170,3,223,359,0,0,0,57,89,0,0,0,4,,0,0
1212-2,6,73,monjes,180,169,3,264,293,0,0,0,59,93,0,1,0,4,1,29,0
1212-2,6,74,monjes,181,173,3,210,289,0,0,0,55,86,0,0,0,4,,0,0
1212-2,6,75,monjes,200,229,4,183,283,0,0,0,57,89,0,1,0,4,,0,0
1212-2,6,76,monjes,201,234,4,195,262,0,0,0,57,99,0,0,0,4,,0,0
1212-2,6,77,monjes,203,240,4,207,257,0,0,0,74,116,0,0,0,4,,0,0
1212-2,6,78,monjes,212,245,4,226,251,0,0,0,74,123,0,0,0,4,,0,0
1212-2,6,79,monjes,212,249,4,255,213,0,0,0,76,129,0,0,0,4,1,27,0
1212-2,6,80,monjes,213,253,4,211,215,0,2,0,76,125,0,2,0,4,,0,0
1212-2,6,81,monjes,229,294,5,205,228,0,4,0,87,141,0,0,0,4,,0,0
1212-2,6,82,monjes,231,303,5,207,228,0,4,0,88,149,0,2,0,4,,0,0
1212-2,6,83,monjes,233,312,5,212,309,0,4,0,171,232,0,0,0,4,,0,0
1212-2,6,84,monjes,235,321,5,228,377,0,4,0,171,233,0,1,0,4,,0,0
1212-2,6,85,monjes,237,330,5,295,445,0,4,0,171,233,0,1,0,4,1,25,0
1212-2,6,86,monjes,239,341,5,277,512,0,4,0,171,235,0,1,0,4,,0,0
1212-2,6,87,monjes,241,352,5,247,576,0,4,0,171,241,0,0,0,4,,0,0
1212-2,6,88,monjes,243,363,5,230,632,0,4,0,171,242,0,1,0,4,,0,0
1212-2,6,89,monjes,245,374,5,250,629,0,4,0,119,194,0,1,0,4,,0,0
1212-2,6,90,monjes,247,381,5,278,621,0,4,0,119,195,0,0,0,4,,0,0
1212-2,6,91,monjes,249,392,5,364,607,0,4,0,120,199,0,0,0,4,1,22,0
1212-2,6,92,monjes,250,399,5,332,597,0,4,0,120,200,0,0,0,4,,0,0
1212-2,6,93,monjes,252,406,5,300,591,0,4,0,120,200,0,0,0,4,,0,0
1212-2,6,94,monjes,253,414,5,306,579,0,4,0,120,202,0,0,0,4,,0,0
1212-2,6,95,monjes,253,414,5,339,523,0,4,0,79,161,0,0,0,4,,0,0
1212-2,6,96,monjes,253,414,5,366,470,0,4,0,79,155,0,0,0,4,,0,0
1212-2,6,97,monjes,253,410,5,462,416,0,4,0,79,155,0,0,0,4,1,25,0
1212-2,6,98,monjes,253,410,5,449,379,0,4,0,79,155,0,0,0,4,,0,0
1212-2,6,99,monjes,253,410,5,436,343,0,4,0,79,155,0,0,0,4,,0,0
1212-2,6,100,monjes,253,410,5,423,309,0,4,0,79,155,0,0,0,4,,0,0
1212-2,6,101,monjes,253,411,5,410,298,0,4,0,102,178,0,0,0,4,,0,0
1212-2,6,102,monjes,253,411,5,403,288,0,4,0,102,184,0,0,0,4,,0,0
1212-2,6,103,monjes,253,411,5,448,265,0,3,0,102,184,0,0,0,4,1,30,0
1212-2,6,104,monjes,253,411,5,441,252,0,3,0,102,184,0,0,0,4,,0,0
1212-2,6,105,monjes,253,411,5,434,243,0,3,0,102,184,0,0,0,4,,0,0
1212-2,6,106,monjes,261,411,5,427,235,0,3,0,102,184,0,0,0,4,,0,0
1212-2,6,107,monjes,262,419,5,420,305,0,3,0,183,265,0,0,0,4,,0,0
1212-2,6,108,monjes,264,428,5,415,370,0,3,0,183,267,0,0,0,4,,0,0
1212-2,6,109,monjes,266,437,5,420,430,0,3,0,183,267,0,0,0,4,1,19,0
1212-2,6,110,monjes,268,448,5,430,486,0,3,0,183,269,0,0,0,4,,0,0
1212-2,6,111,monjes,270,459,5,440,537,0,3,0,183,269,0,0,0,4,,0,0
1212-2,6,112,monjes,273,470,5,457,584,0,3,0,183,272,0,0,0,4,,0,0
1212-2,6,113,monjes,274,475,5,474,566,0,3,0,120,209,0,0,0,4,,0,0
1212-2,6,114,monjes,274,475,5,491,548,0,3,0,120,209,0,0,0,4,,0,0
1212-2,6,115,monjes,274,475,5,544,521,0,3,0,120,209,0,0,0,4,1,36,0
1212-2,6,116,monjes,274,475,5,540,498,0,3,0,120,209,0,2,0,4,,0,0
1212-2,6,117,monjes,284,486,5,535,504,0,3,0,145,234,0,0,0,4,,0,0
1212-2,6,118,monjes,286,497,5,540,506,0,3,0,145,239,0,0,0,4,,0,0
1212-2,6,119,monjes,286,497,5,545,457,0,3,0,94,190,0,0,0,4,,0,0
1212-2,6,120,monjes,286,497,5,544,409,0,3,0,94,184,0,0,0,4,,0,0
1212-2,6,121,monjes,286,497,5,594,363,0,3,0,94,184,0,0,0,4,1,27,0
1212-2,6,122,monjes,286,497,5,593,309,0,3,0,94,184,0,0,0,4,,0,0
1212-2,6,123,monjes,286,497,5,594,267,0,3,0,94,184,0,0,0,4,,0,0
1212-2,6,124,monjes,294,497,5,593,225,0,3,0,94,184,0,0,0,4,,0,0
1212-2,6,125,monjes,294,497,5,590,212,0,3,0,122,212,0,1,0,4,,0,0
1212-2,6,126,monjes,294,497,5,597,201,0,3,0,122,218,0,0,0,4,,0,0
1212-2,6,127,monjes,293,492,5,642,187,0,2,0,122,218,0,0,0,4,1,22,0
1212-2,6,128,monjes,293,492,5,632,180,0,2,0,122,216,0,0,0,4,,0,0
1212-2,6,129,monjes,293,492,5,627,177,0,2,0,122,216,0,0,0,4,,0,0
1212-2,6,130,monjes,293,492,5,618,175,0,2,0,122,216,0,0,0,4,,0,0
1212-2,6,131,monjes,304,509,6,609,270,0,2,0,223,317,0,0,0,4,,0,0
1212-2,6,132,monjes,306,516,6,593,357,0,2,0,223,319,0,0,0,4,,0,0
1212-2,6,133,monjes,308,527,6,677,437,0,2,0,223,320,0,0,0,4,1,29,0
1212-2,6,134,monjes,309,534,6,672,505,0,2,0,223,320,0,1,0,4,,0,0
1212-2,6,135,monjes,311,543,6,654,588,0,2,0,241,341,0,0,0,4,,0,0
1212-2,6,136,monjes,313,552,6,657,664,0,2,0,241,342,0,1,0,4,,0,0
1212-2,6,137,monjes,315,561,6,657,654,0,2,0,156,258,0,0,0,4,,0,0
1212-2,6,138,monjes,316,569,6,657,645,0,2,0,158,260,0,0,0,4,,0,0
1212-2,6,139,monjes,317,573,6,741,625,0,2,0,159,263,0,0,0,4,1,25,0
1212-2,6,140,monjes,318,577,6,747,615,0,2,0,159,263,0,0,0,4,,0,0
1212-2,6,141,monjes,319,581,6,749,608,0,2,0,163,267,0,0,0,4,,0,0
1212-2,6,142,monjes,320,586,6,752,601,0,2,0,164,270,0,0,0,4,,0,0
1212-2,6,143,monjes,320,586,6,758,540,0,2,0,108,214,0,0,0,4,,0,0
1212-2,6,144,monjes,320,586,6,758,481,0,2,0,108,208,0,0,0,4,,0,0
1212-2,6,145,monjes,319,581,6,830,368,0,2,0,108,208,0,0,0,4,1,38,0
1212-2,6,146,monjes,319,581,6,830,313,0,2,0,104,204,0,0,0,4,,0,0
1212-2,6,147,monjes,347,641,7,830,261,0,2,0,104,204,0,0,0,4,,0,0
1212-2,6,148,monjes,347,641,7,831,196,0,2,0,104,216,0,0,0,4,,0,0
1212-2,6,149,monjes,347,641,7,830,163,0,2,0,134,246,0,0,0,4,,0,0
1212-2,6,150,monjes,507,641,7,836,131,0,2,0,134,252,0,1,1,5,,0,0
1212-2,6,151,monjes,507,641,7,925,105,0,2,0,134,252,0,0,0,5,1,23,0
1212-2,6,152,monjes,507,641,7,914,68,0,0,0,119,224,0,1,0,5,,0,0
1212-2,6,153,monjes,507,641,7,903,29,0,0,0,126,231,0,1,0,5,,0,0
1212-2,6,154,monjes,506,641,7,892,7,0,0,0,126,231,1,0,0,5,,0,0
1212-2,6,155,monjes,508,652,7,871,82,0,0,0,231,336,0,0,0,5,,0,0
1212-2,6,156,monjes,510,660,7,860,151,0,0,0,232,337,0,1,0,5,,0,0
1212-2,6,157,monjes,511,667,7,860,218,0,0,0,233,343,0,0,0,5,1,30,0
1212-2,6,158,monjes,520,674,7,809,274,0,2,0,235,345,0,3,0,5,,0,0
1212-2,6,159,monjes,522,681,7,722,364,0,4,0,269,380,0,0,0,5,,0,0
1212-2,6,160,monjes,522,682,7,673,445,0,6,0,271,383,0,3,0,5,,0,0
1212-2,6,161,monjes,522,683,7,612,446,0,8,0,185,300,0,0,0,5,,0,0
1212-2,6,162,monjes,522,684,7,563,447,0,10,0,187,302,0,1,0,5,,0,0
1212-2,6,163,monjes,523,689,7,618,457,0,2,0,189,305,0,0,0,5,1,26,0
1212-2,6,164,monjes,524,690,7,622,456,0,2,0,190,306,0,1,0,5,,0,0
1212-2,6,165,monjes,524,691,7,626,457,0,2,0,191,307,0,0,0,5,,0,0
1212-2,6,166,monjes,524,692,7,630,459,0,2,0,192,308,0,0,0,5,,0,0
1212-2,6,167,monjes,524,692,7,634,397,0,2,0,126,242,0,0,0,5,,0,0
1212-2,6,168,monjes,524,692,7,632,337,0,2,0,126,236,0,0,0,5,,0,0
1212-2,6,169,monjes,524,692,7,678,299,0,2,0,146,256,0,0,0,5,1,25,0
1212-2,6,170,monjes,524,692,7,675,263,0,2,0,146,256,0,0,0,5,,0,0
1212-2,6,171,monjes,524,692,7,672,228,0,2,0,146,256,0,0,0,5,,0,0
1212-2,6,172,monjes,524,692,7,669,194,0,2,0,146,256,0,0,0,5,,0,0
1212-2,6,173,monjes,524,692,7,666,176,0,2,0,161,271,0,0,0,5,,0,0
1212-2,6,174,monjes,524,692,7,669,159,0,2,0,161,277,0,0,0,5,,0,0
1212-2,6,175,monjes,524,692,7,721,146,0,2,0,161,277,0,0,0,5,1,19,0
1212-2,6,176,monjes,524,692,7,715,136,0,2,0,161,277,0,0,0,5,,0,0
1212-2,6,177,monjes,524,692,7,709,127,0,2,0,161,277,0,0,0,5,,0,0
1212-2,6,178,monjes,524,692,7,703,118,0,2,0,161,277,0,0,0,5,,0,0
1212-2,6,179,monjes,524,693,7,697,240,0,2,0,297,413,0,0,0,5,,0,0
1212-2,6,180,monjes,524,694,7,691,358,0,2,0,298,414,0,0,0,5,,0,0
1212-2,6,181,monjes,525,695,7,760,460,0,2,0,300,416,0,0,0,5,1,25,0
1212-2,6,182,monjes,525,696,7,764,566,0,2,0,301,418,0,0,0,5,,0,0
1212-2,6,183,monjes,525,697,7,768,668,0,2,0,302,419,0,0,0,5,,0,0
1212-2,6,184,monjes,525,698,7,772,768,0,2,0,304,421,0,0,0,5,,0,0
1212-2,6,185,monjes,525,699,7,776,764,0,2,0,200,318,0,0,0,5,,0,0
1212-2,6,186,monjes,526,700,7,780,761,0,2,0,201,319,0,0,0,5,,0,0
1212-2,6,187,monjes,526,701,7,839,745,0,2,0,202,320,0,0,0,5,1,35,0
1212-2,6,188,monjes,526,702,7,844,737,0,2,0,202,320,0,0,0,5,,0,0
1212-2,6,189,monjes,534,703,7,849,736,0,2,0,203,322,0,0,0,5,,0,0
1212-2,6,190,monjes,534,704,7,854,736,0,2,0,204,323,0,0,0,5,,0,0
1212-2,6,191,monjes,534,704,7,859,677,0,2,0,155,274,0,0,0,5,,0,0
1212-2,6,192,monjes,534,704,7,858,631,0,2,0,155,268,0,0,0,5,,0,0
1212-2,6,193,monjes,534,704,7,909,567,0,2,0,134,247,0,0,0,5,1,25,0
1212-2,6,194,monjes,542,704,7,908,505,0,2,0,134,247,0,0,0,5,,0,0
1212-2,6,195,monjes,542,704,7,907,446,0,2,0,134,247,0,0,0,5,,0,0
1212-2,6,196,monjes,542,704,7,906,389,0,2,0,134,247,0,0,0,5,,0,0
1212-2,6,197,monjes,542,704,7,905,370,0,2,0,171,284,0,0,0,5,,0,0
1212-2,6,198,monjes,542,704,7,910,352,0,2,0,171,290,0,0,0,5,,0,0
1212-2,6,199,monjes,542,704,7,858,335,0,2,0,171,290,0,0,0,5,1,26,0
1212-2,6,200,monjes,542,704,7,858,316,0,2,0,171,290,0,0,0,5,,0,0
1212-2,6,1,salineros,24,43,1,19,71,0,7,0,12,29,0,0,0,0,1,5,0
1212-2,6,2,salineros,24,43,1,19,71,0,14,0,12,25,0,0,0,0,,0,0
1212-2,6,3,salineros,24,43,1,19,71,0,21,0,12,25,0,0,0,0,,0,0
1212-2,6,4,salineros,39,43,1,19,71,0,28,0,12,25,0,0,0,1,,0,0
1212-2,6,5,salineros,40,45,1,19,75,0,35,0,16,29,0,1,0,1,,0,0
1212-2,6,6,salineros,40,47,1,3,80,0,51,0,16,42,0,0,0,1,,0,0
1212-2,6,7,salineros,40,49,1,7,83,0,67,0,16,42,0,0,0,1,1,0,1
1212-2,6,8,salineros,41,51,1,11,85,0,83,0,16,42,0,1,0,1,,0,0
1212-2,6,9,salineros,41,53,1,25,89,0,98,0,16,51,0,0,0,1,,0,0
1212-2,6,10,salineros,42,55,1,39,92,0,113,0,16,51,0,0,0,1,,0,0
1212-2,6,11,salineros,42,57,1,53,114,0,126,0,35,69,0,0,0,1,,0,0
1212-2,6,12,salineros,42,59,1,67,143,0,139,0,43,77,0,0,0,1,,0,0
1212-2,6,13,salineros,42,57,1,55,162,0,142,0,43,77,0,0,0,1,1,16,0
1212-2,6,14,salineros,42,59,1,69,191,0,143,0,43,76,0,0,0,1,,0,0
1212-2,6,15,salineros,43,60,1,83,220,0,143,0,43,76,0,0,0,1,,0,0
1212-2,6,16,salineros,43,60,1,99,248,0,143,0,43,78,0,0,0,1,,0,0
1212-2,6,17,salineros,43,60,1,115,258,0,141,0,25,59,0,0,0,1,,0,0
1212-2,6,18,salineros,43,60,1,131,263,0,139,0,20,54,0,0,0,1,,0,0
1212-2,6,19,salineros,42,58,1,707,241,0,143,0,20,53,0,0,0,1,1,27,0
1212-2,6,20,salineros,43,60,1,697,244,0,148,0,20,51,0,0,0,1,,0,0
1212-2,6,21,salineros,61,60,1,695,246,0,152,0,20,53,0,0,0,2,,0,0
1212-2,6,22,salineros,61,60,1,711,248,0,151,0,20,52,0,0,0,2,,0,0
1212-2,6,23,salineros,61,60,1,727,242,0,151,0,12,44,0,0,0,2,,0,0
1212-2,6,24,salineros,61,60,1,737,236,0,151,0,12,38,0,0,0,2,,0,0
1212-2,6,25,salineros,60,56,1,1087,205,0,154,0,9,34,0,0,0,2,1,30,0
1212-2,6,26,salineros,60,56,1,1072,197,0,158,0,9,33,0,0,0,2,,0,0
1212-2,6,27,salineros,68,56,1,1057,189,0,161,0,9,32,0,0,0,2,,0,0
1212-2,6,28,salineros,68,56,1,1042,181,0,164,0,9,32,0,0,0,2,,0,0
1212-2,6,29,salineros,68,58,1,1027,180,0,167,0,16,39,0,0,0,2,,0,0
1212-2,6,30,salineros,69,60,1,1017,179,0,169,0,16,43,0,0,0,2,,0,0
1212-2,6,31,salineros,69,60,1,1280,164,0,171,0,16,45,0,0,0,2,1,29,0
1212-2,6,32,salineros,69,60,1,1272,162,0,173,0,16,45,0,0,0,2,,0,0
1212-2,6,33,salineros,77,60,1,1264,160,0,174,0,16,44,0,0,0,2,,0,0
1212-2,6,34,salineros,77,60,1,1256,158,0,175,0,16,44,0,0,0,2,,0,0
1212-2,6,35,salineros,77,60,1,1248,172,0,175,0,32,59,0,0,0,2,,0,0
1212-2,6,36,salineros,77,60,1,1240,186,0,175,0,32,59,0,0,0,2,,0,0
1212-2,6,37,salineros,77,60,1,1452,200,0,174,0,32,59,0,0,0,2,1,25,0
1212-2,6,38,salineros,77,60,1,1444,214,0,173,0,32,59,0,0,0,2,,0,0
1212-2,6,39,salineros,77,60,1,1436,228,0,172,0,32,59,0,0,0,2,,0,0
1212-2,6,40,salineros,77,60,1,1428,242,0,171,0,32,59,0,0,0,2,,0,0
1212-2,6,41,salineros,77,60,1,1420,244,0,170,0,20,47,0,0,0,2,,0,0
1212-2,6,42,salineros,77,60,1,1412,246,0,169,0,20,47,0,0,0,2,,0,0
1212-2,6,43,salineros,77,60,1,1630,239,0,167,0,20,47,0,0,0,2,1,40,0
1212-2,6,44,salineros,85,60,1,1622,241,0,166,0,20,47,0,0,0,2,,0,0
1212-2,6,45,salineros,85,60,1,1614,243,0,165,0,20,47,0,0,0,2,,0,0
1212-2,6,46,salineros,85,60,1,1606,245,0,164,0,20,47,0,0,0,2,,0,0
1212-2,6,47,salineros,85,60,1,1598,227,0,163,0,9,36,0,0,0,2,,0,0
1212-2,6,48,salineros,93,60,1,1584,218,0,162,0,9,30,0,0,0,2,,0,0
1212-2,6,49,salineros,93,60,1,1796,212,0,161,0,12,33,0,0,0,2,1,25,0
1212-2,6,50,salineros,93,60,1,1782,206,0,160,0,12,33,0,0,0,2,,0,0
1212-2,6,51,salineros,93,60,1,1768,200,0,159,0,12,33,0,0,0,2,,0,0
1212-2,6,52,salineros,93,60,1,1754,185,0,159,0,12,33,0,0,0,2,,0,0
1212-2,6,53,salineros,93,60,1,1740,183,0,159,0,16,37,0,0,0,2,,0,0
1212-2,6,54,salineros,93,60,1,1732,181,0,159,0,16,43,0,0,0,2,,0,0
1212-2,6,55,salineros,93,60,1,1940,179,0,159,0,16,43,0,0,0,2,1,25,0
1212-2,6,56,salineros,101,60,1,1932,177,0,159,0,16,43,0,0,0,2,,0,0
1212-2,6,57,salineros,101,60,1,1924,175,0,159,0,16,43,0,0,0,2,,0,0
1212-2,6,58,salineros,101,60,1,1916,173,0,159,0,16,43,0,0,0,2,,0,0
1212-2,6,59,salineros,101,60,1,1908,187,0,159,0,32,59,0,0,0,2,,0,0
1212-2,6,60,salineros,101,60,1,1900,201,0,158,0,32,59,0,0,0,2,,0,0
1212-2,6,61,salineros,101,60,1,2139,175,0,158,0,32,59,0,0,0,2,1,25,0
1212-2,6,62,salineros,101,60,1,2131,189,0,158,0,32,59,0,0,0,2,,0,0
1212-2,6,63,salineros,140,117,2,2123,203,0,157,0,32,59,0,0,0,3,,0,0
1212-2,6,64,salineros,140,119,2,2116,203,0,156,0,32,69,0,0,0,3,,0,0
1212-2,6,65,salineros,140,119,2,2109,191,0,156,0,20,57,0,0,0,3,,0,0
1212-2,6,66,salineros,140,119,2,2102,179,0,156,0,20,57,0,0,0,3,,0,0
1212-2,6,67,salineros,141,123,2,2313,168,0,156,0,20,57,0,0,0,3,1,38,0
1212-2,6,68,salineros,141,123,2,2307,152,0,156,0,20,57,0,2,0,3,,0,0
1212-2,6,69,salineros,141,124,2,2271,158,0,156,0,38,75,0,0,0,3,,0,0
1212-2,6,70,salineros,141,124,2,2267,159,0,156,0,38,77,0,2,0,3,,0,0
1212-2,6,71,salineros,141,124,2,2233,158,0,156,0,32,71,0,0,0,3,,0,0
1212-2,6,72,salineros,141,124,2,2223,153,0,156,0,32,65,0,0,0,3,,0,0
1212-2,6,73,salineros,141,120,2,2430,98,0,158,0,32,65,0,2,0,3,1,27,0
1212-2,6,74,salineros,141,120,2,2408,121,0,155,0,52,85,0,0,0,3,,0,0
1212-2,6,75,salineros,196,205,3,2386,147,0,152,0,52,85,0,0,0,4,,0,0
1212-2,6,76,salineros,196,205,3,2371,152,0,149,0,52,101,0,0,0,4,,0,0
1212-2,6,77,salineros,196,205,3,2356,165,0,145,0,60,109,0,0,0,4,,0,0
1212-2,6,78,salineros,196,205,3,2347,178,0,141,0,60,115,0,0,0,4,,0,0
1212-2,6,79,salineros,196,205,3,2566,136,0,138,0,60,115,0,0,0,4,1,41,0
1212-2,6,80,salineros,196,205,3,2569,143,0,135,0,66,121,0,1,0,4,,0,0
1212-2,6,81,salineros,224,265,4,2572,166,0,131,0,76,131,0,0,0,4,,0,0
1212-2,6,82,salineros,224,265,4,2578,174,0,127,0,76,143,0,0,0,4,,0,0
1212-2,6,83,salineros,224,265,4,2584,223,0,122,0,117,184,0,0,0,4,,0,0
1212-2,6,84,salineros,224,265,4,2590,272,0,116,0,117,184,0,0,0,4,,0,0
1212-2,6,85,salineros,224,265,4,2825,271,0,109,0,117,184,0,0,0,4,1,42,0
1212-2,6,86,salineros,232,265,4,2831,318,0,102,0,117,184,0,1,0,4,,0,0
1212-2,6,87,salineros,264,385,5,2837,381,0,94,0,131,198,0,0,0,4,,0,0
1212-2,6,88,salineros,264,385,5,2858,414,0,85,0,131,222,0,0,0,4,,0,0
1212-2,6,89,salineros,264,385,5,2879,412,0,76,0,96,187,0,0,0,4,,0,0
1212-2,6,90,salineros,264,385,5,2900,401,0,66,0,96,187,0,0,0,4,,0,0
1212-2,6,91,salineros,264,385,5,3077,399,0,57,0,96,187,0,0,0,4,1,37,0
1212-2,6,92,salineros,272,385,5,3098,387,0,49,0,96,187,0,5,0,4,,0,0
1212-2,6,93,salineros,272,385,5,3100,421,0,40,0,132,223,0,0,0,4,,0,0
1212-2,6,94,salineros,272,385,5,3121,453,0,30,0,132,223,0,1,0,4,,0,0
1212-2,6,95,salineros,272,385,5,3142,465,0,18,0,110,201,0,0,0,4,,0,0
1212-2,6,96,salineros,272,385,5,3157,477,0,6,0,110,195,0,0,0,4,,0,0
1212-2,6,97,salineros,272,385,5,3367,489,0,7,0,110,195,0,0,0,4,1,35,0
1212-2,6,98,salineros,272,385,5,3357,503,0,9,0,110,195,0,0,0,4,,0,0
1212-2,6,99,salineros,272,385,5,3347,517,0,11,0,110,195,0,0,0,4,,0,0
1212-2,6,100,salineros,272,385,5,3337,531,0,2,0,110,195,0,0,0,4,,0,0
1212-2,6,101,salineros,272,385,5,3327,537,0,8,0,102,187,0,0,0,4,,0,0
1212-2,6,102,salineros,272,385,5,3323,569,0,10,0,128,219,0,0,0,4,,0,0
1212-2,6,103,salineros,272,389,5,3406,601,0,13,0,128,219,0,0,0,4,1,32,0
1212-2,6,104,salineros,272,389,5,3402,632,0,2,0,128,219,0,0,0,4,,0,0
1212-2,6,105,salineros,272,389,5,3398,637,0,8,0,102,193,0,0,0,4,,0,0
1212-2,6,106,salineros,272,389,5,3394,668,0,10,0,128,219,0,0,0,4,,0,0
1212-2,6,107,salineros,272,389,5,3390,770,0,12,0,199,290,0,0,0,4,,0,0
1212-2,6,108,salineros,272,389,5,3386,872,0,14,0,199,290,0,0,0,4,,0,0
1212-2,6,109,salineros,272,387,5,3444,964,0,16,0,199,290,0,0,0,4,1,20,0
1212-2,6,110,salineros,272,389,5,3444,1064,0,17,0,199,288,0,0,0,4,,0,0
1212-2,6,111,salineros,272,389,5,3446,1163,0,18,0,199,290,0,0,0,4,,0,0
1212-2,6,112,salineros,272,389,5,3448,1262,0,19,0,199,290,0,0,0,4,,0,0
1212-2,6,113,salineros,272,389,5,3450,1309,0,20,0,147,238,0,0,0,4,,0,0
1212-2,6,114,salineros,272,389,5,3452,1356,0,21,0,147,238,0,0,0,4,,0,0
1212-2,6,115,salineros,272,389,5,3542,1391,0,19,0,147,238,0,0,0,4,1,26,0
1212-2,6,116,salineros,272,389,5,3562,1434,0,17,0,147,238,0,0,0,4,,0,0
1212-2,6,117,salineros,280,389,5,3564,1481,0,18,0,147,238,0,0,0,4,,0,0
1212-2,6,118,salineros,280,389,5,3566,1528,0,19,0,147,238,0,0,0,4,,0,0
1212-2,6,119,salineros,280,389,5,3568,1538,0,20,0,110,201,0,0,0,4,,0,0
1212-2,6,120,salineros,280,389,5,3564,1548,0,21,0,110,195,0,0,0,4,,0,0
1212-2,6,121,salineros,280,389,5,3717,1506,0,19,0,110,195,0,0,0,4,1,26,0
1212-2,6,122,salineros,280,389,5,3731,1516,0,17,0,110,195,0,0,0,4,,0,0
1212-2,6,123,salineros,307,441,6,3727,1526,0,18,0,110,195,0,0,0,4,,0,0
1212-2,6,124,salineros,307,443,6,3719,1523,0,19,0,110,205,0,0,0,4,,0,0
1212-2,6,125,salineros,308,445,6,3711,1538,0,20,0,128,223,0,0,0,4,,0,0
1212-2,6,126,salineros,308,447,6,3709,1552,0,21,0,128,229,0,0,0,4,,0,0
1212-2,6,127,salineros,308,449,6,3836,1543,0,19,0,128,229,0,0,0,4,1,40,0
1212-2,6,128,salineros,316,449,6,3854,1554,0,17,0,128,231,0,1,0,4,,0,0
1212-2,6,129,salineros,316,449,6,3854,1574,0,18,0,135,238,0,0,0,4,,0,0
1212-2,6,130,salineros,316,449,6,3854,1584,0,19,0,135,238,0,0,0,4,,0,0
1212-2,6,131,salineros,316,449,6,3854,1682,0,20,0,213,316,0,0,0,4,,0,0
1212-2,6,132,salineros,316,449,6,3854,1780,0,21,0,213,316,0,0,0,4,,0,0
1212-2,6,133,salineros,316,449,6,3992,1878,0,19,0,213,316,0,0,0,4,1,21,0
1212-2,6,134,salineros,324,449,6,4010,1976,0,17,0,213,316,0,0,0,4,,0,0
1212-2,6,135,salineros,324,449,6,4010,2074,0,18,0,213,316,0,0,0,4,,0,0
1212-2,6,136,salineros,324,449,6,4010,2172,0,19,0,213,316,0,0,0,4,,0,0
1212-2,6,137,salineros,324,449,6,4010,2213,0,20,0,156,259,0,0,0,4,,0,0
1212-2,6,138,salineros,324,449,6,4010,2254,0,21,0,156,259,0,0,0,4,,0,0
1212-2,6,139,salineros,325,453,6,4206,2300,0,19,0,156,259,0,0,0,4,1,22,0
1212-2,6,140,salineros,325,453,6,4222,2340,0,17,0,156,253,0,0,0,4,,0,0
1212-2,6,141,salineros,325,453,6,4226,2379,0,18,0,156,253,0,0,0,4,,0,0
1212-2,6,142,salineros,325,453,6,4230,2418,0,19,0,156,253,0,0,0,4,,0,0
1212-2,6,143,salineros,325,453,6,4234,2416,0,20,0,115,212,0,0,0,4,,0,0
1212-2,6,144,salineros,325,453,6,4232,2414,0,21,0,115,206,0,0,0,4,,0,0
1212-2,6,145,salineros,325,451,6,4325,2404,0,19,0,116,207,0,0,0,4,1,22,0
1212-2,6,146,salineros,325,453,6,4318,2405,0,17,0,116,206,0,0,0,4,,0,0
1212-2,6,147,salineros,325,453,6,4282,2405,0,18,0,116,207,0,0,0,4,,0,0
1212-2,6,148,salineros,325,453,6,4246,2403,0,19,0,116,207,0,0,0,4,,0,0
1212-2,6,149,salineros,326,456,6,4210,2419,0,20,0,136,227,0,1,0,4,,0,0
1212-2,6,150,salineros,326,459,6,4180,2436,0,21,0,136,233,0,1,0,4,,0,0
1212-2,6,151,salineros,327,462,6,4359,2440,0,19,0,136,233,0,1,0,4,1,33,0
1212-2,6,152,salineros,328,465,6,4379,2456,0,19,0,136,239,0,1,0,4,,0,0
1212-2,6,153,salineros,336,468,6,4382,2473,0,22,0,136,240,0,0,0,4,,0,0
1212-2,6,154,salineros,337,471,6,4385,2489,0,25,0,136,240,0,0,0,4,,0,0
1212-2,6,155,salineros,337,474,6,4388,2584,0,28,0,215,319,0,0,0,4,,0,0
1212-2,6,156,salineros,338,478,6,4393,2678,0,31,0,215,321,0,0,0,4,,0,0
1212-2,6,157,salineros,339,482,6,4533,2771,0,31,0,215,321,0,0,0,4,1,24,0
1212-2,6,158,salineros,340,486,6,4556,2863,0,31,0,215,321,0,0,0,4,,0,0
1212-2,6,159,salineros,341,490,6,4580,2945,0,30,0,215,322,0,0,0,4,,0,0
1212-2,6,160,salineros,341,494,6,4604,3035,0,30,0,215,322,0,0,0,4,,0,0
1212-2,6,161,salineros,342,499,6,4630,3066,0,30,0,157,266,0,0,0,4,,0,0
1212-2,6,162,salineros,343,504,6,4638,3096,0,33,0,157,266,0,0,0,4,,0,0
1212-2,6,163,salineros,344,509,6,4855,3124,0,33,0,157,267,0,0,0,4,1,25,0
1212-2,6,164,salineros,345,514,6,4882,3151,0,33,0,157,267,0,0,0,4,,0,0
1212-2,6,165,salineros,346,519,6,4910,3173,0,33,0,157,268,0,0,0,4,,0,0
1212-2,6,166,salineros,347,524,6,4938,3198,0,33,0,157,268,0,0,0,4,,0,0
1212-2,6,167,salineros,355,524,6,4968,3180,0,33,0,116,229,0,0,0,4,,0,0
1212-2,6,168,salineros,355,524,6,4992,3162,0,33,0,116,223,0,0,0,4,,0,0
1212-2,6,169,salineros,355,524,6,5230,3155,0,33,0,127,234,0,0,0,4,1,25,0
1212-2,6,170,salineros,355,524,6,5238,3148,0,33,0,127,234,0,0,0,4,,0,0
1212-2,6,171,salineros,355,524,6,5246,3141,0,33,0,127,234,0,0,0,4,,0,0
1212-2,6,172,salineros,355,524,6,5254,3134,0,33,0,127,234,0,0,0,4,,0,0
1212-2,6,173,salineros,356,529,6,5262,3134,0,33,0,136,243,0,0,0,4,,0,0
1212-2,6,174,salineros,358,537,6,5276,3133,0,33,0,136,249,0,1,0,4,,0,0
1212-2,6,175,salineros,360,546,6,5573,3130,0,33,0,136,250,0,1,0,4,1,26,0
1212-2,6,176,salineros,360,546,6,5606,3127,0,33,0,136,252,0,0,0,4,,0,0
1212-2,6,177,salineros,360,546,6,5639,3124,0,33,0,136,252,0,0,0,4,,0,0
1212-2,6,178,salineros,360,546,6,5672,3121,0,33,0,136,252,0,0,0,4,,0,0
1212-2,6,179,salineros,360,549,6,5705,3197,0,33,0,215,331,0,0,0,4,,0,0
1212-2,6,180,salineros,361,552,6,5738,3272,0,33,0,215,331,0,0,0,4,,0,0
1212-2,6,181,salineros,361,553,6,5970,3336,0,33,0,215,333,0,0,0,4,1,26,0
1212-2,6,182,salineros,362,558,6,6003,3410,0,33,0,215,331,0,0,0,4,,0,0
1212-2,6,183,salineros,363,561,6,6038,3483,0,33,0,215,333,0,0,0,4,,0,0
1212-2,6,184,salineros,363,564,6,6075,3555,0,33,0,215,335,0,0,0,4,,0,0
1212-2,6,185,salineros,364,567,6,6112,3568,0,33,0,157,277,0,0,0,4,,0,0
1212-2,6,186,salineros,365,570,6,6149,3581,0,33,0,157,277,0,0,0,4,,0,0
1212-2,6,187,salineros,365,573,6,6393,3580,0,33,0,157,279,0,0,0,4,1,30,0
1212-2,6,188,salineros,366,576,6,6416,3585,0,33,0,157,279,0,0,0,4,,0,0
1212-2,6,189,salineros,366,579,6,6439,3595,0,33,0,157,279,0,0,0,4,,0,0
1212-2,6,190,salineros,375,582,6,6462,3603,0,33,0,157,279,0,1,0,4,,0,0
1212-2,6,191,salineros,375,582,6,6487,3582,0,33,0,127,251,0,0,0,4,,0,0
1212-2,6,192,salineros,375,582,6,6506,3559,0,33,0,127,245,0,0,0,4,,0,0
1212-2,6,193,salineros,375,582,6,6795,3525,0,33,0,116,234,0,1,0,4,1,25,0
1212-2,6,194,salineros,375,582,6,6830,3493,0,33,0,116,234,0,0,0,4,,0,0
1212-2,6,195,salineros,375,582,6,6865,3461,0,33,0,116,234,0,0,0,4,,0,0
1212-2,6,196,salineros,375,582,6,6900,3429,0,33,0,116,234,0,0,0,4,,0,0
1212-2,6,197,salineros,375,582,6,6935,3417,0,33,0,136,254,0,0,0,4,,0,0
1212-2,6,198,salineros,375,582,6,6976,3405,0,33,0,136,260,0,0,0,4,,0,0
1212-2,6,199,salineros,375,582,6,7244,3381,0,33,0,136,260,0,0,0,4,1,35,0
1212-2,6,200,salineros,375,582,6,7285,3369,0,33,0,136,260,0,0,0,4,,0,0
1212-3,6,1,arrieros,31,76,1,40,67,0,0,0,15,31,0,0,0,0,1,6,0
1212-3,6,2,arrieros,31,76,1,43,59,0,0,0,15,22,0,0,0,0,,0,0
1212-3,6,3,arrieros,31,76,1,46,51,0,0,0,15,22,0,0,0,0,,0,0
1212-3,6,4,arrieros,31,76,1,49,44,0,0,0,15,22,0,0,0,0,,0,0
1212-3,6,5,arrieros,31,76,1,52,37,0,0,0,15,22,0,1,0,0,,0,0
1212-3,6,6,arrieros,31,76,1,70,32,0,0,0,15,37,0,0,0,0,,0,0
1212-3,6,7,arrieros,31,76,1,80,27,0,0,0,15,37,0,0,0,0,1,5,0
1212-3,6,8,arrieros,31,76,1,98,25,0,0,0,15,37,0,0,0,0,,0,0
1212-3,6,9,arrieros,31,76,1,116,21,0,0,0,15,37,0,0,0,0,,0,0
1212-3,6,10,arrieros,31,76,1,134,17,0,0,0,15,37,0,0,0,0,,0,0
1212-3,6,11,arrieros,31,76,1,152,37,0,0,0,40,62,0,0,0,0,,0,0
1212-3,6,12,arrieros,31,76,1,170,56,0,0,0,40,62,0,0,0,0,,0,0
1212-3,6,13,arrieros,30,72,1,114,69,0,0,0,40,62,0,0,0,0,1,8,0
1212-3,6,14,arrieros,30,72,1,110,97,0,0,0,40,62,0,0,0,0,,0,0
1212-3,6,15,arrieros,45,72,1,128,121,0,0,0,40,62,0,0,0,1,,0,0
1212-3,6,16,arrieros,45,72,1,146,138,0,0,0,40,62,0,0,0,1,,0,0
1212-3,6,17,arrieros,45,72,1,164,140,0,0,0,25,47,0,0,0,1,,0,0
1212-3,6,18,arrieros,45,72,1,182,142,0,0,0,25,47,0,0,0,1,,0,0
1212-3,6,19,arrieros,44,68,1,121,128,0,0,0,25,47,0,0,0,1,1,14,0
1212-3,6,20,arrieros,62,68,1,127,131,0,0,0,25,45,0,0,0,2,,0,0
1212-3,6,21,arrieros,63,71,1,143,130,0,0,0,25,45,0,2,0,2,,0,0
1212-3,6,22,arrieros,63,74,1,161,123,0,0,0,25,50,0,0,0,2,,0,0
1212-3,6,23,arrieros,71,74,1,179,116,0,0,0,15,40,0,0,0,2,,0,0
1212-3,6,24,arrieros,71,74,1,190,109,0,0,0,15,33,0,0,0,2,,0,0
1212-3,6,25,arrieros,71,70,1,116,96,0,0,0,15,33,0,0,0,2,1,9,0
1212-3,6,26,arrieros,71,70,1,109,96,0,0,0,15,33,0,0,0,2,,0,0
1212-3,6,27,arrieros,71,70,1,116,96,0,0,0,15,33,0,0,0,2,,0,0
1212-3,6,28,arrieros,71,70,1,127,92,0,0,0,15,33,0,0,0,2,,0,0
1212-3,6,29,arrieros,71,73,1,138,92,0,0,0,20,38,0,0,0,2,,0,0
1212-3,6,30,arrieros,72,76,1,156,91,0,0,0,20,45,0,0,0,2,,0,0
1212-3,6,31,arrieros,72,75,1,113,66,0,0,0,20,45,0,0,0,2,1,29,0
1212-3,6,32,arrieros,80,78,1,123,73,0,0,0,20,45,0,1,0,2,,0,0
1212-3,6,33,arrieros,81,81,1,141,74,0,0,0,20,45,0,0,0,2,,0,0
1212-3,6,34,arrieros,81,81,1,161,55,0,0,0,20,47,0,0,0,2,,0,0
1212-3,6,35,arrieros,90,85,1,181,72,0,0,0,40,67,0,0,0,2,,0,0
1212-3,6,36,arrieros,90,89,1,201,88,0,0,0,40,67,0,0,0,2,,0,0
1212-3,6,37,arrieros,90,89,1,143,96,0,0,0,40,67,0,0,0,2,1,8,0
1212-3,6,38,arrieros,90,89,1,134,119,0,0,0,40,67,0,0,0,2,,0,0
1212-3,6,39,arrieros,90,89,1,154,140,0,0,0,40,67,0,0,0,2,,0,0
1212-3,6,40,arrieros,90,89,1,174,152,0,0,0,40,67,0,0,0,2,,0,0
1212-3,6,41,arrieros,90,89,1,194,149,0,0,0,25,52,0,0,0,2,,0,0
1212-3,6,42,arrieros,90,89,1,214,146,0,0,0,25,52,0,0,0,2,,0,0
1212-3,6,43,arrieros,90,89,1,201,135,0,0,0,25,52,0,0,0,2,1,28,0
1212-3,6,44,arrieros,98,89,1,176,133,0,0,0,25,52,0,0,0,2,,0,0
1212-3,6,45,arrieros,98,89,1,196,131,0,0,0,25,52,0,0,0,2,,0,0
1212-3,6,46,arrieros,98,89,1,216,120,0,0,0,25,52,0,0,0,2,,0,0
1212-3,6,47,arrieros,106,89,1,236,109,0,0,0,15,42,0,0,0,2,,0,0
1212-3,6,48,arrieros,106,89,1,248,98,0,0,0,15,34,0,0,0,2,,0,0
1212-3,6,49,arrieros,106,89,1,319,88,0,0,0,15,34,0,0,0,2,1,17,0
1212-3,6,50,arrieros,106,89,1,271,85,0,0,0,15,34,0,0,0,2,,0,0
1212-3,6,51,arrieros,106,89,1,223,82,0,0,0,15,34,0,1,0,2,,0,0
1212-3,6,52,arrieros,106,89,1,227,81,0,0,0,15,34,0,0,0,2,,0,0
1212-3,6,53,arrieros,106,89,1,239,78,0,0,0,20,39,0,0,0,2,,0,0
1212-3,6,54,arrieros,106,89,1,259,73,0,0,0,20,47,0,0,0,2,,0,0
1212-3,6,55,arrieros,108,97,1,319,70,0,0,0,20,47,0,0,0,2,1,16,0
1212-3,6,56,arrieros,108,97,1,266,68,0,0,0,20,49,0,1,0,2,,0,0
1212-3,6,57,arrieros,108,97,1,266,68,0,0,0,20,49,0,0,0,2,,0,0
1212-3,6,58,arrieros,108,97,1,288,68,0,0,0,20,49,0,0,0,2,,0,0
1212-3,6,59,arrieros,108,97,1,310,81,0,0,0,40,69,0,0,0,2,,0,0
1212-3,6,60,arrieros,108,97,1,332,94,0,0,0,40,69,0,0,0,2,,0,0
1212-3,6,61,arrieros,107,93,1,387,100,0,0,0,40,69,0,0,0,2,1,18,0
1212-3,6,62,arrieros,107,93,1,309,117,0,0,0,40,69,0,1,0,2,,0,0
1212-3,6,63,arrieros,107,93,1,271,135,0,0,0,40,69,0,0,0,2,,0,0
1212-3,6,64,arrieros,107,93,1,282,155,0,0,0,40,69,0,0,0,2,,0,0
1212-3,6,65,arrieros,107,93,1,304,154,0,0,0,25,54,0,0,0,2,,0,0
1212-3,6,66,arrieros,107,93,1,326,150,0,0,0,25,54,0,0,0,2,,0,0
1212-3,6,67,arrieros,106,89,1,413,127,0,0,0,25,54,0,0,0,2,1,21,0
1212-3,6,68,arrieros,114,89,1,325,123,0,0,0,25,52,0,1,0,2,,0,0
1212-3,6,69,arrieros,114,89,1,300,121,0,0,0,25,52,0,0,0,2,,0,0
1212-3,6,70,arrieros,114,89,1,320,120,0,0,0,25,52,0,0,0,2,,0,0
1212-3,6,71,arrieros,114,89,1,340,93,0,0,0,15,42,0,0,0,2,,0,0
1212-3,6,72,arrieros,114,89,1,352,83,0,0,0,15,34,0,0,0,2,,0,0
1212-3,6,73,arrieros,122,89,1,398,55,0,0,0,15,34,0,0,0,2,1,29,0
1212-3,6,74,arrieros,122,89,1,350,54,0,0,0,15,34,0,0,0,2,,0,0
1212-3,6,75,arrieros,122,89,1,302,53,0,0,0,15,34,0,1,0,2,,0,0
1212-3,6,76,arrieros,122,89,1,243,38,0,0,0,15,34,0,0,0,2,,0,0
1212-3,6,77,arrieros,122,89,1,215,47,0,0,0,20,39,0,0,0,2,,0,0
1212-3,6,78,arrieros,130,89,1,235,55,0,0,0,20,47,0,0,0,2,,0,0
1212-3,6,79,arrieros,130,89,1,275,35,0,0,0,20,47,0,0,0,2,1,17,0
1212-3,6,80,arrieros,138,89,1,220,36,0,0,0,20,47,0,1,0,2,,0,0
1212-3,6,81,arrieros,138,89,1,240,39,0,0,0,20,47,0,0,0,2,,0,0
1212-3,6,82,arrieros,138,89,1,260,36,0,0,0,20,47,0,0,0,2,,0,0
1212-3,6,83,arrieros,138,89,1,280,52,0,0,0,40,67,0,0,0,2,,0,0
1212-3,6,84,arrieros,138,89,1,300,68,0,0,0,40,67,0,0,0,2,,0,0
1212-3,6,85,arrieros,138,89,1,360,83,0,0,0,40,67,0,0,0,2,1,16,0
1212-3,6,86,arrieros,138,89,1,280,102,0,0,0,40,67,0,1,0,2,,0,0
1212-3,6,87,arrieros,138,89,1,267,122,0,0,0,40,67,0,0,0,2,,0,0
1212-3,6,88,arrieros,138,89,1,283,144,0,0,0,40,67,0,0,0,2,,0,0
1212-3,6,89,arrieros,138,89,1,303,143,0,0,0,25,52,0,0,0,2,,0,0
1212-3,6,90,arrieros,138,89,1,323,141,0,0,0,25,52,0,0,0,2,,0,0
1212-3,6,91,arrieros,138,89,1,407,106,0,0,0,25,52,0,0,0,2,1,30,0
1212-3,6,92,arrieros,146,89,1,319,103,0,0,0,25,52,0,1,0,2,,0,0
1212-3,6,93,arrieros,146,89,1,294,102,0,0,0,25,52,0,0,0,2,,0,0
1212-3,6,94,arrieros,146,89,1,314,101,0,0,0,25,52,0,0,0,2,,0,0
1212-3,6,95,arrieros,146,89,1,334,56,0,0,0,15,42,0,0,0,2,,0,0
1212-3,6,96,arrieros,146,89,1,346,48,0,0,0,15,34,0,0,0,2,,0,0
1212-3,6,97,arrieros,154,89,1,392,40,0,0,0,15,34,0,0,0,2,1,19,0
1212-3,6,98,arrieros,154,89,1,344,39,0,0,0,15,34,0,0,0,2,,0,0
1212-3,6,99,arrieros,154,89,1,296,38,0,0,0,15,34,0,1,0,2,,0,0
1212-3,6,100,arrieros,154,89,1,237,39,0,0,0,15,34,0,0,0,2,,0,0
1212-3,6,101,arrieros,154,89,1,216,48,0,0,0,20,39,0,0,0,2,,0,0
1212-3,6,102,arrieros,154,89,1,236,54,0,0,0,20,47,0,0,0,2,,0,0
1212-3,6,103,arrieros,154,89,1,273,50,0,0,0,20,47,0,0,0,2,1,12,0
1212-3,6,104,arrieros,154,89,1,218,51,0,0,0,20,47,0,1,0,2,,0,0
1212-3,6,105,arrieros,154,89,1,238,54,0,0,0,20,47,0,0,0,2,,0,0
1212-3,6,106,arrieros,154,89,1,258,50,0,0,0,20,47,0,0,0,2,,0,0
1212-3,6,107,arrieros,154,89,1,278,66,0,0,0,40,67,0,0,0,2,,0,0
1212-3,6,108,arrieros,154,89,1,298,81,0,0,0,40,67,0,0,0,2,,0,0
1212-3,6,109,arrieros,154,89,1,359,96,0,0,0,40,67,0,0,0,2,1,15,0
1212-3,6,110,arrieros,154,89,1,279,116,0,0,0,40,67,0,0,0,2,,0,0
1212-3,6,111,arrieros,154,89,1,266,135,0,0,0,40,67,0,0,0,2,,0,0
1212-3,6,112,arrieros,154,89,1,282,156,0,0,0,40,67,0,0,0,2,,0,0
1212-3,6,113,arrieros,154,89,1,302,154,0,0,0,25,52,0,0,0,2,,0,0
1212-3,6,114,arrieros,154,89,1,322,151,0,0,0,25,52,0,0,0,2,,0,0
1212-3,6,115,arrieros,154,89,1,407,111,0,0,0,25,52,0,0,0,2,1,30,0
1212-3,6,116,arrieros,154,89,1,319,110,0,0,0,25,52,0,0,0,2,,0,0
1212-3,6,117,arrieros,162,89,1,294,109,0,0,0,25,52,0,0,0,2,,0,0
1212-3,6,118,arrieros,162,89,1,314,108,0,0,0,25,52,0,0,0,2,,0,0
1212-3,6,119,arrieros,162,89,1,334,97,0,0,0,15,42,0,0,0,2,,0,0
1212-3,6,120,arrieros,162,89,1,346,87,0,0,0,15,34,0,0,0,2,,0,0
1212-3,6,121,arrieros,162,89,1,432,44,0,0,0,15,34,0,0,0,2,1,23,0
1212-3,6,122,arrieros,162,89,1,384,45,0,0,0,15,34,0,0,0,2,,0,0
1212-3,6,123,arrieros,170,89,1,336,46,0,0,0,15,34,0,0,0,2,,0,0
1212-3,6,124,arrieros,170,89,1,288,47,0,0,0,15,34,0,0,0,2,,0,0
1212-3,6,125,arrieros,170,89,1,258,53,0,0,0,20,39,0,0,0,2,,0,0
1212-3,6,126,arrieros,170,89,1,274,58,0,0,0,20,47,0,0,0,2,,0,0
1212-3,6,127,arrieros,170,89,1,356,55,0,0,0,20,47,0,0,0,2,1,14,0
1212-3,6,128,arrieros,170,89,1,276,57,0,0,0,20,47,0,0,0,2,,0,0
1212-3,6,129,arrieros,170,89,1,285,59,0,0,0,20,47,0,0,0,2,,0,0
1212-3,6,130,arrieros,170,89,1,305,58,0,0,0,20,47,0,0,0,2,,0,0
1212-3,6,131,arrieros,170,89,1,325,73,0,0,0,40,67,0,0,0,2,,0,0
1212-3,6,132,arrieros,170,89,1,345,88,0,0,0,40,67,0,0,0,2,,0,0
1212-3,6,133,arrieros,172,97,1,479,103,0,0,0,40,67,0,0,0,2,1,21,0
1212-3,6,134,arrieros,172,97,1,401,121,0,0,0,40,69,0,0,0,2,,0,0
1212-3,6,135,arrieros,172,97,1,348,138,0,0,0,40,69,0,0,0,2,,0,0
1212-3,6,136,arrieros,172,97,1,362,154,0,0,0,40,69,0,0,0,2,,0,0
1212-3,6,137,arrieros,172,97,1,384,151,0,0,0,25,54,0,0,0,2,,0,0
1212-3,6,138,arrieros,172,97,1,406,146,0,0,0,25,54,0,0,0,2,,0,0
1212-3,6,139,arrieros,171,93,1,578,136,0,0,0,25,54,0,0,0,2,1,21,0
1212-3,6,140,arrieros,171,93,1,513,137,0,0,0,25,54,0,0,0,2,,0,0
1212-3,6,141,arrieros,171,93,1,448,138,0,0,0,25,54,0,0,0,2,,0,0
1212-3,6,142,arrieros,171,93,1,392,139,0,0,0,25,54,0,0,0,2,,0,0
1212-3,6,143,arrieros,171,93,1,410,130,0,0,0,15,44,0,0,0,2,,0,0
1212-3,6,144,arrieros,171,93,1,423,119,0,0,0,15,35,0,0,0,2,,0,0
1212-3,6,145,arrieros,170,89,1,530,82,0,0,0,15,35,0,0,0,2,1,35,0
1212-3,6,146,arrieros,170,89,1,482,81,0,0,0,15,34,0,0,0,2,,0,0
1212-3,6,147,arrieros,178,89,1,434,81,0,0,0,15,34,0,0,0,2,,0,0
1212-3,6,148,arrieros,178,89,1,386,81,0,0,0,15,34,0,0,0,2,,0,0
1212-3,6,149,arrieros,178,89,1,338,85,0,0,0,20,39,0,0,0,2,,0,0
1212-3,6,150,arrieros,178,89,1,298,89,0,0,0,20,47,0,0,0,2,,0,0
1212-3,6,151,arrieros,178,89,1,392,57,0,0,0,20,47,0,0,0,2,1,28,0
1212-3,6,152,arrieros,178,89,1,312,59,0,0,0,20,47,0,0,0,2,,0,0
1212-3,6,153,arrieros,186,89,1,301,61,0,0,0,20,47,0,0,0,2,,0,0
1212-3,6,154,arrieros,186,89,1,317,63,0,0,0,20,47,0,0,0,2,,0,0
1212-3,6,155,arrieros,186,89,1,337,68,0,0,0,28,55,0,0,0,2,,0,0
1212-3,6,156,arrieros,186,89,1,357,72,0,0,0,28,55,0,0,0,2,,0,0
1212-3,6,157,arrieros,186,89,1,477,75,0,0,0,28,55,0,0,0,2,1,19,0
1212-3,6,158,arrieros,186,89,1,397,84,0,0,0,28,55,0,0,0,2,,0,0
1212-3,6,159,arrieros,186,89,1,342,93,0,0,0,28,55,0,0,0,2,,0,0
1212-3,6,160,arrieros,186,89,1,340,102,0,0,0,28,55,0,0,0,2,,0,0
1212-3,6,161,arrieros,186,89,1,360,98,0,0,0,25,52,0,0,0,2,,0,0
1212-3,6,162,arrieros,186,89,1,380,97,0,0,0,25,52,0,0,0,2,,0,0
1212-3,6,163,arrieros,195,93,1,600,102,0,0,0,25,52,0,0,0,2,1,24,0
1212-3,6,164,arrieros,195,93,1,562,109,0,0,0,25,54,0,0,0,2,,0,0
1212-3,6,165,arrieros,195,93,1,524,116,0,0,0,25,54,0,0,0,2,,0,0
1212-3,6,166,arrieros,195,93,1,486,123,0,0,0,25,54,0,0,0,2,,0,0
1212-3,6,167,arrieros,195,93,1,448,120,0,0,0,15,44,0,0,0,2,,0,0
1212-3,6,168,arrieros,195,93,1,443,117,0,0,0,15,35,0,0,0,2,,0,0
1212-3,6,169,arrieros,194,89,1,551,105,0,0,0,15,35,0,0,0,2,1,25,0
1212-3,6,170,arrieros,194,89,1,503,104,0,0,0,15,34,0,0,0,2,,0,0
1212-3,6,171,arrieros,194,89,1,455,103,0,0,0,15,34,0,0,0,2,,0,0
1212-3,6,172,arrieros,194,89,1,407,102,0,0,0,15,34,0,0,0,2,,0,0
1212-3,6,173,arrieros,194,89,1,359,105,0,0,0,20,39,0,0,0,2,,0,0
1212-3,6,174,arrieros,194,89,1,319,108,0,0,0,20,47,0,0,0,2,,0,0
1212-3,6,175,arrieros,195,93,1,419,91,0,0,0,20,47,0,0,0,2,1,29,0
1212-3,6,176,arrieros,195,93,1,341,91,0,0,0,20,49,0,0,0,2,,0,0
1212-3,6,177,arrieros,203,93,1,314,91,0,0,0,20,49,0,0,0,2,,0,0
1212-3,6,178,arrieros,203,93,1,328,91,0,0,0,20,49,0,0,0,2,,0,0
1212-3,6,179,arrieros,203,93,1,350,106,0,0,0,40,69,0,0,0,2,,0,0
1212-3,6,180,arrieros,203,93,1,372,119,0,0,0,40,69,0,0,0,2,,0,0
1212-3,6,181,arrieros,202,89,1,501,126,0,0,0,40,69,0,0,0,2,1,20,0
1212-3,6,182,arrieros,202,89,1,421,145,0,0,0,40,67,0,0,0,2,,0,0
1212-3,6,183,arrieros,202,89,1,341,163,0,0,0,40,67,0,0,0,2,,0,0
1212-3,6,184,arrieros,202,89,1,350,180,0,0,0,40,67,0,0,0,2,,0,0
1212-3,6,185,arrieros,202,89,1,370,171,0,0,0,25,52,0,0,0,2,,0,0
1212-3,6,186,arrieros,202,89,1,390,168,0,0,0,25,52,0,0,0,2,,0,0
1212-3,6,187,arrieros,210,89,1,574,145,0,0,0,25,52,0,0,0,2,1,21,0
1212-3,6,188,arrieros,210,89,1,486,143,0,0,0,25,52,0,0,0,2,,0,0
1212-3,6,189,arrieros,210,89,1,398,141,0,0,0,25,52,0,0,0,2,,0,0
1212-3,6,190,arrieros,210,89,1,418,139,0,0,0,25,52,0,0,0,2,,0,0
1212-3,6,191,arrieros,210,89,1,438,127,0,0,0,15,42,0,0,0,2,,0,0
1212-3,6,192,arrieros,210,89,1,450,116,0,0,0,15,34,0,0,0,2,,0,0
1212-3,6,193,arrieros,210,89,1,491,105,0,0,0,15,34,0,0,0,2,1,19,0
1212-3,6,194,arrieros,210,89,1,457,87,0,0,0,15,34,0,0,0,2,,0,0
1212-3,6,195,arrieros,210,89,1,425,87,0,0,0,15,34,0,0,0,2,,0,0
1212-3,6,196,arrieros,218,89,1,393,87,0,0,0,15,34,0,0,0,2,,0,0
1212-3,6,197,arrieros,218,89,1,361,90,0,0,0,18,37,0,0,0,2,,0,0
1212-3,6,198,arrieros,218,89,1,337,93,0,0,0,18,45,0,0,0,2,,0,0
1212-3,6,199,arrieros,219,93,1,416,96,0,0,0,18,45,0,0,0,2,1,18,0
1212-3,6,200,arrieros,219,93,1,338,92,0,0,0,18,47,0,0,0,2,,0,0
1212-3,6,1,canteros,39,116,1,40,56,0,0,0,18,48,0,0,0,0,1,4,0
1212-3,6,2,canteros,39,116,1,47,42,0,0,0,18,34,0,0,0,0,,0,0
1212-3,6,3,canteros,39,116,1,54,28,0,0,0,18,34,0,1,0,0,,0,0
1212-3,6,4,canteros,39,116,1,69,17,0,0,0,18,42,0,0,0,0,,0,0
1212-3,6,5,canteros,39,116,1,84,12,0,0,0,24,48,0,0,0,0,,0,0
1212-3,6,6,canteros,39,116,1,110,7,0,0,0,24,59,0,0,0,0,,0,0
1212-3,6,7,canteros,39,116,1,100,2,0,0,0,24,59,0,0,0,0,1,7,0
1212-3,6,8,canteros,38,116,1,112,4,0,0,0,24,59,1,0,0,0,,0,0
1212-3,6,9,canteros,37,116,1,138,3,0,0,0,24,59,1,0,0,0,,0,0
1212-3,6,10,canteros,35,113,1,164,0,0,0,0,24,59,1,0,0,0,,0,0
1212-3,6,11,canteros,35,113,1,190,20,0,0,0,48,83,0,0,0,0,,0,0
1212-3,6,12,canteros,35,113,1,216,39,0,0,0,48,83,0,0,0,0,,0,0
1212-3,6,13,canteros,35,113,1,172,57,0,0,0,48,83,0,0,0,0,1,11,0
1212-3,6,14,canteros,35,113,1,136,78,0,0,0,48,83,0,0,0,0,,0,0
1212-3,6,15,canteros,35,113,1,157,99,0,0,0,48,83,0,0,0,0,,0,0
1212-3,6,16,canteros,50,113,1,183,116,0,0,0,48,83,0,0,0,1,,0,0
1212-3,6,17,canteros,50,113,1,209,114,0,0,0,30,65,0,0,0,1,,0,0
1212-3,6,18,canteros,50,113,1,235,112,0,0,0,30,64,0,0,0,1,,0,0
1212-3,6,19,canteros,49,109,1,295,100,0,0,0,30,64,0,0,0,1,1,15,0
1212-3,6,20,canteros,49,109,1,272,106,0,0,0,30,62,0,0,0,1,,0,0
1212-3,6,21,canteros,49,109,1,249,112,0,0,0,30,62,0,0,0,1,,0,0
1212-3,6,22,canteros,49,109,1,244,118,0,0,0,30,62,0,0,0,1,,0,0
1212-3,6,23,canteros,49,109,1,263,112,0,0,0,18,50,0,0,0,1,,0,0
1212-3,6,24,canteros,49,109,1,277,100,0,0,0,18,40,0,0,0,1,,0,0
1212-3,6,25,canteros,49,105,1,276,64,0,0,0,18,40,0,0,0,1,1,21,0
1212-3,6,26,canteros,49,105,1,243,61,0,0,0,18,40,0,0,0,1,,0,0
1212-3,6,27,canteros,67,105,1,210,58,0,0,0,18,40,0,0,0,2,,0,0
1212-3,6,28,canteros,67,105,1,177,55,0,0,0,18,40,0,0,0,2,,0,0
1212-3,6,29,canteros,67,105,1,162,58,0,0,0,24,46,0,0,0,2,,0,0
1212-3,6,30,canteros,67,105,1,186,61,0,0,0,24,56,0,0,0,2,,0,0
1212-3,6,31,canteros,67,105,1,82,57,0,0,0,24,56,0,0,0,2,1,9,0
1212-3,6,32,canteros,67,105,1,77,58,0,0,0,24,56,0,0,0,2,,0,0
1212-3,6,33,canteros,67,105,1,84,59,0,0,0,24,56,0,0,0,2,,0,0
1212-3,6,34,canteros,67,105,1,108,57,0,0,0,24,56,0,0,0,2,,0,0
1212-3,6,35,canteros,67,105,1,132,74,0,0,0,48,79,0,0,0,2,,0,0
1212-3,6,36,canteros,67,105,1,156,91,0,0,0,48,79,0,0,0,2,,0,0
1212-3,6,37,canteros,67,105,1,170,107,0,0,0,48,79,0,0,0,2,1,7,0
1212-3,6,38,canteros,67,105,1,180,126,0,0,0,48,79,0,0,0,2,,0,0
1212-3,6,39,canteros,67,105,1,204,143,0,0,0,48,79,0,0,0,2,,0,0
1212-3,6,40,canteros,67,105,1,228,157,0,0,0,48,79,0,0,0,2,,0,0
1212-3,6,41,canteros,67,105,1,252,153,0,0,0,30,61,0,0,0,2,,0,0
1212-3,6,42,canteros,67,105,1,276,149,0,0,0,30,61,0,0,0,2,,0,0
1212-3,6,43,canteros,67,105,1,318,132,0,0,0,30,61,0,0,0,2,1,20,0
1212-3,6,44,canteros,67,105,1,295,136,0,0,0,30,61,0,0,0,2,,0,0
1212-3,6,45,canteros,75,105,1,266,140,0,0,0,30,61,0,0,0,2,,0,0
1212-3,6,46,canteros,75,105,1,237,144,0,0,0,30,61,0,0,0,2,,0,0
1212-3,6,47,canteros,75,105,1,230,136,0,0,0,18,49,0,0,0,2,,0,0
1212-3,6,48,canteros,75,105,1,244,127,0,0,0,18,39,0,0,0,2,,0,0
1212-3,6,49,canteros,75,105,1,274,101,0,0,0,18,39,0,0,0,2,1,18,0
1212-3,6,50,canteros,75,105,1,241,95,0,0,0,18,39,0,0,0,2,,0,0
1212-3,6,51,canteros,83,105,1,202,89,0,0,0,18,39,0,0,0,2,,0,0
1212-3,6,52,canteros,83,105,1,170,83,0,0,0,18,38,0,0,0,2,,0,0
1212-3,6,53,canteros,83,105,1,184,83,0,0,0,24,44,0,0,0,2,,0,0
1212-3,6,54,canteros,83,105,1,208,76,0,0,0,24,54,0,0,0,2,,0,0
1212-3,6,55,canteros,83,105,1,200,57,0,0,0,24,54,0,0,0,2,1,14,0
1212-3,6,56,canteros,83,105,1,157,55,0,0,0,24,54,0,0,0,2,,0,0
1212-3,6,57,canteros,91,105,1,175,53,0,0,0,24,54,0,0,0,2,,0,0
1212-3,6,58,canteros,91,105,1,199,48,0,0,0,24,54,0,0,0,2,,0,0
1212-3,6,59,canteros,91,105,1,223,66,0,0,0,48,78,0,0,0,2,,0,0
1212-3,6,60,canteros,91,105,1,247,83,0,0,0,48,78,0,0,0,2,,0,0
1212-3,6,61,canteros,91,105,1,282,99,0,0,0,48,78,0,0,0,2,1,11,0
1212-3,6,62,canteros,91,105,1,214,119,0,0,0,48,78,0,0,0,2,,0,0
1212-3,6,63,canteros,91,105,1,225,138,0,0,0,48,78,0,0,0,2,,0,0
1212-3,6,64,canteros,91,105,1,249,155,0,0,0,48,78,0,0,0,2,,0,0
1212-3,6,65,canteros,91,105,1,273,151,0,0,0,30,60,0,0,0,2,,0,0
1212-3,6,66,canteros,91,105,1,297,147,0,0,0,30,60,0,0,0,2,,0,0
1212-3,6,67,canteros,91,105,1,400,135,0,0,0,30,60,0,0,0,2,1,26,0
1212-3,6,68,canteros,91,105,1,371,139,0,0,0,30,60,0,0,0,2,,0,0
1212-3,6,69,canteros,99,105,1,342,143,0,0,0,30,60,0,0,0,2,,0,0
1212-3,6,70,canteros,99,105,1,314,147,0,0,0,30,60,0,0,0,2,,0,0
1212-3,6,71,canteros,99,105,1,285,139,0,0,0,18,48,0,0,0,2,,0,0
1212-3,6,72,canteros,99,105,1,299,131,0,0,0,18,38,0,0,0,2,,0,0
1212-3,6,73,canteros,99,105,1,337,117,0,0,0,18,38,0,0,0,2,1,16,0
1212-3,6,74,canteros,99,105,1,298,110,0,0,0,18,38,0,0,0,2,,0,0
1212-3,6,75,canteros,99,105,1,259,103,0,0,0,18,38,0,0,0,2,,0,0
1212-3,6,76,canteros,99,105,1,220,90,0,0,0,18,38,0,0,0,2,,0,0
1212-3,6,77,canteros,99,105,1,187,90,0,0,0,24,44,0,0,0,2,,0,0
1212-3,6,78,canteros,99,105,1,205,90,0,0,0,24,54,0,0,0,2,,0,0
1212-3,6,79,canteros,99,105,1,212,83,0,0,0,24,54,0,0,0,2,1,11,0
1212-3,6,80,canteros,99,105,1,196,80,0,0,0,24,54,0,0,0,2,,0,0
1212-3,6,81,canteros,107,105,1,191,77,0,0,0,24,54,0,0,0,2,,0,0
1212-3,6,82,canteros,317,105,1,213,75,0,0,0,24,54,0,1,1,3,,0,0
1212-3,6,83,canteros,317,105,1,237,94,0,0,0,48,78,0,0,0,3,,0,0
1212-3,6,84,canteros,317,105,1,261,112,0,0,0,48,78,0,0,0,3,,0,0
1212-3,6,85,canteros,317,105,1,279,129,0,0,0,48,78,0,0,0,3,1,13,0
1212-3,6,86,canteros,317,105,1,217,145,0,0,0,43,73,0,0,0,3,,0,0
1212-3,6,87,canteros,317,105,1,212,160,0,0,0,43,73,0,0,0,3,,0,0
1212-3,6,88,canteros,317,105,1,236,174,0,0,0,43,73,0,0,0,3,,0,0
1212-3,6,89,canteros,317,105,1,260,168,0,0,0,27,57,0,0,0,3,,0,0
1212-3,6,90,canteros,317,105,1,284,163,0,0,0,27,57,0,0,0,3,,0,0
1212-3,6,91,canteros,317,109,1,388,158,0,0,0,27,57,0,0,0,3,1,10,0
1212-3,6,92,canteros,317,109,1,352,152,0,0,0,27,57,0,0,0,3,,0,0
1212-3,6,93,canteros,317,109,1,316,146,0,0,0,27,57,0,0,0,3,,0,0
1212-3,6,94,canteros,317,109,1,298,141,0,0,0,27,57,0,0,0,3,,0,0
1212-3,6,95,canteros,317,109,1,322,125,0,0,0,16,46,0,0,0,3,,0,0
1212-3,6,96,canteros,317,109,1,336,110,0,0,0,16,36,0,0,0,3,,0,0
1212-3,6,97,canteros,317,105,1,352,86,0,0,0,16,36,0,0,0,3,1,13,0
1212-3,6,98,canteros,317,105,1,325,83,0,0,0,16,36,0,0,0,3,,0,0
1212-3,6,99,canteros,317,105,1,298,81,0,0,0,16,36,0,0,0,3,,0,0
1212-3,6,100,canteros,317,105,1,271,79,0,0,0,16,36,0,0,0,3,,0,0
1212-3,6,101,canteros,317,105,1,244,82,0,0,0,21,41,0,0,0,3,,0,0
1212-3,6,102,canteros,317,105,1,227,84,0,0,0,21,51,0,0,0,3,,0,0
1212-3,6,103,canteros,317,105,1,243,73,0,0,0,21,51,0,0,0,3,1,19,0
1212-3,6,104,canteros,317,105,1,187,73,0,0,0,21,51,0,0,0,3,,0,0
1212-3,6,105,canteros,325,105,1,206,73,0,0,0,21,51,0,0,0,3,,0,0
1212-3,6,106,canteros,325,105,1,230,67,0,0,0,21,51,0,0,0,3,,0,0
1212-3,6,107,canteros,325,105,1,254,81,0,0,0,43,73,0,0,0,3,,0,0
1212-3,6,108,canteros,325,105,1,278,95,0,0,0,43,73,0,0,0,3,,0,0
1212-3,6,109,canteros,325,105,1,342,108,0,0,0,43,73,0,0,0,3,1,10,0
1212-3,6,110,canteros,325,105,1,286,127,0,0,0,43,73,0,0,0,3,,0,0
1212-3,6,111,canteros,325,105,1,255,146,0,0,0,43,73,0,0,0,3,,0,0
1212-3,6,112,canteros,325,105,1,279,162,0,0,0,43,73,0,0,0,3,,0,0
1212-3,6,113,canteros,325,105,1,303,157,0,0,0,27,57,0,0,0,3,,0,0
1212-3,6,114,canteros,325,105,1,327,152,0,0,0,27,57,0,0,0,3,,0,0
1212-3,6,115,canteros,325,105,1,464,147,0,0,0,27,57,0,0,0,3,1,12,0
1212-3,6,116,canteros,325,105,1,447,153,0,0,0,27,57,0,0,0,3,,0,0
1212-3,6,117,canteros,333,105,1,430,158,0,0,0,27,57,0,0,0,3,,0,0
1212-3,6,118,canteros,333,105,1,413,163,0,0,0,27,57,0,0,0,3,,0,0
1212-3,6,119,canteros,333,105,1,396,157,0,0,0,16,46,0,0,0,3,,0,0
1212-3,6,120,canteros,333,105,1,369,152,0,0,0,16,36,0,0,0,3,,0,0
1212-3,6,121,canteros,333,105,1,417,147,0,0,0,16,36,0,0,0,3,1,12,0
1212-3,6,122,canteros,333,105,1,390,142,0,0,0,16,36,0,0,0,3,,0,0
1212-3,6,123,canteros,333,105,1,363,137,0,0,0,16,36,0,0,0,3,,0,0
1212-3,6,124,canteros,333,105,1,336,132,0,0,0,16,36,0,0,0,3,,0,0
1212-3,6,125,canteros,333,105,1,309,132,0,0,0,21,41,0,0,0,3,,0,0
1212-3,6,126,canteros,333,105,1,292,132,0,0,0,21,51,0,0,0,3,,0,0
1212-3,6,127,canteros,333,109,1,324,133,0,0,0,21,51,0,0,0,3,1,13,0
1212-3,6,128,canteros,333,109,1,268,129,0,0,0,21,51,0,0,0,3,,0,0
1212-3,6,129,canteros,333,109,1,237,126,0,0,0,21,51,0,0,0,3,,0,0
1212-3,6,130,canteros,333,109,1,244,123,0,0,0,21,51,0,0,0,3,,0,0
1212-3,6,131,canteros,333,109,1,268,138,0,0,0,43,73,0,0,0,3,,0,0
1212-3,6,132,canteros,333,109,1,292,148,0,0,0,43,73,0,0,0,3,,0,0
1212-3,6,133,canteros,333,105,1,375,148,0,0,0,43,73,0,0,0,3,1,13,0
1212-3,6,134,canteros,333,105,1,319,166,0,0,0,43,73,0,0,0,3,,0,0
1212-3,6,135,canteros,333,105,1,288,183,0,0,0,43,73,0,0,0,3,,0,0
1212-3,6,136,canteros,333,105,1,295,199,0,0,0,43,73,0,0,0,3,,0,0
1212-3,6,137,canteros,333,105,1,319,196,0,0,0,27,57,0,0,0,3,,0,0
1212-3,6,138,canteros,333,105,1,343,190,0,0,0,27,57,0,0,0,3,,0,0
1212-3,6,139,canteros,333,105,1,528,171,0,0,0,27,57,0,0,0,3,1,12,0
1212-3,6,140,canteros,333,105,1,552,166,0,0,0,27,57,0,0,0,3,,0,0
1212-3,6,141,canteros,341,105,1,576,161,0,0,0,27,57,0,0,0,3,,0,0
1212-3,6,142,canteros,341,105,1,600,156,0,0,0,27,57,0,0,0,3,,0,0
1212-3,6,143,canteros,341,105,1,624,141,0,0,0,16,46,0,0,0,3,,0,0
1212-3,6,144,canteros,341,105,1,638,126,0,0,0,16,36,0,0,0,3,,0,0
1212-3,6,145,canteros,341,105,1,674,112,0,0,0,16,36,0,0,0,3,1,16,0
1212-3,6,146,canteros,341,105,1,659,105,0,0,0,16,36,0,0,0,3,,0,0
1212-3,6,147,canteros,341,105,1,644,99,0,0,0,16,36,0,0,0,3,,0,0
1212-3,6,148,canteros,341,105,1,629,84,0,0,0,16,36,0,0,0,3,,0,0
1212-3,6,149,canteros,341,105,1,602,83,0,0,0,21,41,0,0,0,3,,0,0
1212-3,6,150,canteros,341,105,1,585,85,0,0,0,21,51,0,0,0,3,,0,0
1212-3,6,151,canteros,349,105,1,664,87,0,0,0,21,51,0,0,0,3,1,22,0
1212-3,6,152,canteros,349,105,1,620,83,0,0,0,21,51,0,0,0,3,,0,0
1212-3,6,153,canteros,349,105,1,576,79,0,0,0,21,51,0,0,0,3,,0,0
1212-3,6,154,canteros,349,105,1,520,76,0,0,0,21,51,0,0,0,3,,0,0
1212-3,6,155,canteros,349,105,1,464,97,0,0,0,43,73,0,0,0,3,,0,0
1212-3,6,156,canteros,349,105,1,408,117,0,0,0,43,73,0,0,0,3,,0,0
1212-3,6,157,canteros,349,105,1,772,136,0,0,0,43,73,0,0,0,3,1,20,0
1212-3,6,158,canteros,349,105,1,728,151,0,0,0,43,73,0,0,0,3,,0,0
1212-3,6,159,canteros,349,105,1,684,166,0,0,0,43,73,0,0,0,3,,0,0
1212-3,6,160,canteros,349,105,1,628,180,0,0,0,43,73,0,0,0,3,,0,0
1212-3,6,161,canteros,349,105,1,597,181,0,0,0,27,57,0,0,0,3,,0,0
1212-3,6,162,canteros,349,105,1,612,182,0,0,0,27,57,0,0,0,3,,0,0
1212-3,6,163,canteros,349,109,1,974,178,0,0,0,27,57,0,0,0,3,1,3,0
1212-3,6,164,canteros,349,109,1,998,171,0,0,0,27,57,0,0,0,3,,0,0
1212-3,6,165,canteros,349,109,1,1022,165,0,0,0,27,57,0,0,0,3,,0,0
1212-3,6,166,canteros,349,109,1,1046,159,0,0,0,27,57,0,0,0,3,,0,0
1212-3,6,167,canteros,349,109,1,1070,143,0,0,0,16,46,0,0,0,3,,0,0
1212-3,6,168,canteros,349,109,1,1084,127,0,0,0,16,36,0,0,0,3,,0,0
1212-3,6,169,canteros,349,105,1,1068,64,0,0,0,16,36,0,0,0,3,1,18,0
1212-3,6,170,canteros,349,105,1,1053,59,0,0,0,16,36,0,0,0,3,,0,0
1212-3,6,171,canteros,383,135,2,1038,55,0,0,0,16,36,0,0,0,4,,0,0
1212-3,6,172,canteros,383,135,2,1015,44,0,0,0,16,42,0,0,0,4,,0,0
1212-3,6,173,canteros,383,135,2,980,38,0,0,0,21,47,0,0,0,4,,0,0
1212-3,6,174,canteros,383,135,2,955,35,0,0,0,21,57,0,0,0,4,,0,0
1212-3,6,175,canteros,383,135,2,1014,33,0,0,0,21,57,0,0,0,4,1,24,0
1212-3,6,176,canteros,383,135,2,961,23,0,0,0,21,57,0,1,0,4,,0,0
1212-3,6,177,canteros,383,135,2,893,18,0,0,0,24,60,0,0,0,4,,0,0
1212-3,6,178,canteros,383,135,2,828,18,0,0,0,31,67,0,0,0,4,,0,0
1212-3,6,179,canteros,383,136,2,763,52,0,0,0,63,99,0,1,0,4,,0,0
1212-3,6,180,canteros,383,137,2,698,85,0,0,0,63,103,0,0,0,4,,0,0
1212-3,6,181,canteros,383,138,2,999,117,0,0,0,63,103,0,0,0,4,1,29,0
1212-3,6,182,canteros,383,139,2,941,140,0,0,0,63,103,0,0,0,4,,0,0
1212-3,6,183,canteros,384,140,2,883,162,0,0,0,63,103,0,0,0,4,,0,0
1212-3,6,184,canteros,384,141,2,825,169,0,0,0,50,90,0,0,0,4,,0,0
1212-3,6,185,canteros,384,141,2,745,158,0,0,0,31,71,0,0,0,4,,0,0
1212-3,6,186,canteros,384,141,2,675,148,0,0,0,31,71,0,1,0,4,,0,0
1212-3,6,187,canteros,384,141,2,1076,128,0,0,0,31,77,0,0,0,4,1,28,0
1212-3,6,188,canteros,384,141,2,1045,125,0,0,0,31,76,0,0,0,4,,0,0
1212-3,6,189,canteros,392,141,2,1014,122,0,0,0,31,76,0,0,0,4,,0,0
1212-3,6,190,canteros,392,141,2,978,119,0,0,0,31,76,0,0,0,4,,0,0
1212-3,6,191,canteros,392,141,2,947,103,0,0,0,18,63,0,0,0,4,,0,0
1212-3,6,192,canteros,392,141,2,906,88,0,0,0,18,53,0,0,0,4,,0,0
1212-3,6,193,canteros,392,141,2,949,75,0,0,0,19,56,0,0,0,4,1,12,0
1212-3,6,194,canteros,392,141,2,914,65,0,0,0,19,56,0,0,0,4,,0,0
1212-3,6,195,canteros,392,141,2,875,56,0,0,0,19,56,0,0,0,4,,0,0
1212-3,6,196,canteros,392,141,2,840,38,0,0,0,19,56,0,0,0,4,,0,0
1212-3,6,197,canteros,392,141,2,805,35,0,0,0,25,61,0,0,0,4,,0,0
1212-3,6,198,canteros,392,141,2,775,33,0,0,0,25,71,0,0,0,4,,0,0
1212-3,6,199,canteros,400,141,2,783,31,0,0,0,25,71,0,0,0,4,1,18,0
1212-3,6,200,canteros,400,141,2,718,26,0,0,0,25,71,0,0,0,4,,0,0
1212-3,6,1,ferrones,25,46,1,45,63,0,0,0,7,17,0,0,0,0,1,7,0
1212-3,6,2,ferrones,25,46,1,45,55,0,0,0,7,11,0,0,0,0,,0,0
1212-3,6,3,ferrones,25,46,1,45,48,0,0,0,7,11,0,0,0,0,,0,0
1212-3,6,4,ferrones,25,46,1,45,41,0,0,0,7,11,0,0,0,0,,0,0
1212-3,6,5,ferrones,25,46,1,45,36,0,0,0,9,13,0,1,0,0,,0,0
1212-3,6,6,ferrones,25,46,1,57,33,0,0,0,9,25,0,0,0,0,,0,0
1212-3,6,7,ferrones,25,46,1,69,30,0,0,0,9,25,0,0,0,0,1,1,0
1212-3,6,8,ferrones,25,46,1,81,27,0,0,0,9,25,0,0,0,0,,0,0
1212-3,6,9,ferrones,25,46,1,93,24,0,0,0,9,25,0,0,0,0,,0,0
1212-3,6,10,ferrones,25,46,1,105,22,0,0,0,9,25,0,0,0,0,,0,0
1212-3,6,11,ferrones,25,46,1,117,29,0,0,0,19,35,0,0,0,0,,0,0
1212-3,6,12,ferrones,25,48,1,129,36,0,0,0,19,35,0,0,0,0,,0,0
1212-3,6,13,ferrones,25,46,1,53,32,0,0,0,19,35,0,0,0,0,1,7,0
1212-3,6,14,ferrones,25,48,1,65,42,0,0,0,19,35,0,0,0,0,,0,0
1212-3,6,15,ferrones,26,50,1,77,48,0,0,0,19,35,0,0,0,0,,0,0
1212-3,6,16,ferrones,26,52,1,91,53,0,0,0,19,37,0,0,0,0,,0,0
1212-3,6,17,ferrones,26,52,1,105,50,0,0,0,12,30,0,0,0,0,,0,0
1212-3,6,18,ferrones,26,52,1,119,48,0,0,0,12,30,0,0,0,0,,0,0
1212-3,6,19,ferrones,25,48,1,93,23,0,0,0,12,30,0,0,0,0,1,16,0
1212-3,6,20,ferrones,25,48,1,95,26,0,0,0,12,28,0,0,0,0,,0,0
1212-3,6,21,ferrones,43,48,1,107,24,0,0,0,12,28,0,1,0,1,,0,0
1212-3,6,22,ferrones,43,48,1,119,24,0,0,0,12,32,0,0,0,1,,0,0
1212-3,6,23,ferrones,43,48,1,131,19,0,0,0,7,27,0,0,0,1,,0,0
1212-3,6,24,ferrones,43,48,1,139,14,0,0,0,7,23,0,0,0,1,,0,0
1212-3,6,25,ferrones,43,48,1,101,9,0,0,0,7,23,0,0,0,1,1,6,0
1212-3,6,26,ferrones,43,48,1,94,11,0,0,0,7,23,0,0,0,1,,0,0
1212-3,6,27,ferrones,43,48,1,102,9,0,0,0,7,23,0,0,0,1,,0,0
1212-3,6,28,ferrones,43,48,1,110,4,0,0,0,7,23,0,0,0,1,,0,0
1212-3,6,29,ferrones,43,48,1,118,1,0,0,0,9,25,0,0,0,1,,0,0
1212-3,6,30,ferrones,42,48,1,130,0,0,0,0,9,29,1,0,0,1,,0,0
1212-3,6,31,ferrones,41,48,1,117,0,0,0,0,9,29,1,0,0,1,1,7,0
1212-3,6,32,ferrones,40,47,1,106,4,0,0,0,9,29,1,0,0,1,,0,0
1212-3,6,33,ferrones,40,47,1,118,3,0,0,0,9,29,0,0,0,1,,0,0
1212-3,6,34,ferrones,40,47,1,130,1,0,0,0,9,29,0,0,0,1,,0,0
1212-3,6,35,ferrones,40,47,1,142,9,0,0,0,19,39,0,0,0,1,,0,0
1212-3,6,36,ferrones,40,47,1,154,17,0,0,0,19,39,0,0,0,1,,0,0
1212-3,6,37,ferrones,40,47,1,113,24,0,0,0,19,39,0,0,0,1,1,8,0
1212-3,6,38,ferrones,40,49,1,106,35,0,0,0,19,39,0,0,0,1,,0,0
1212-3,6,39,ferrones,49,51,1,118,41,0,0,0,19,39,0,1,0,1,,0,0
1212-3,6,40,ferrones,49,53,1,132,47,0,0,0,19,41,0,0,0,1,,0,0
1212-3,6,41,ferrones,49,53,1,146,45,0,0,0,12,34,0,0,0,1,,0,0
1212-3,6,42,ferrones,49,53,1,160,43,0,0,0,12,34,0,0,0,1,,0,0
1212-3,6,43,ferrones,49,51,1,121,31,0,0,0,12,34,0,0,0,1,1,7,0
1212-3,6,44,ferrones,49,51,1,117,33,0,0,0,12,34,0,0,0,1,,0,0
1212-3,6,45,ferrones,49,51,1,131,32,0,0,0,12,34,0,0,0,1,,0,0
1212-3,6,46,ferrones,49,51,1,145,29,0,0,0,12,34,0,1,0,1,,0,0
1212-3,6,47,ferrones,49,51,1,159,24,0,0,0,7,29,0,0,0,1,,0,0
1212-3,6,48,ferrones,49,51,1,168,19,0,0,0,7,24,0,0,0,1,,0,0
1212-3,6,49,ferrones,50,55,1,153,15,0,0,0,7,24,0,0,0,1,1,8,0
1212-3,6,50,ferrones,50,55,1,119,16,0,0,0,7,24,0,0,0,1,,0,0
1212-3,6,51,ferrones,50,55,1,128,15,0,0,0,7,24,0,0,0,1,,0,0
1212-3,6,52,ferrones,50,55,1,137,9,0,0,0,7,24,0,0,0,1,,0,0
1212-3,6,53,ferrones,50,55,1,146,5,0,0,0,9,26,0,0,0,1,,0,0
1212-3,6,54,ferrones,50,55,1,160,1,0,0,0,9,31,0,0,0,1,,0,0
1212-3,6,55,ferrones,49,55,1,106,0,0,0,0,9,31,1,0,0,1,1,5,0
1212-3,6,56,ferrones,48,55,1,120,4,0,0,0,9,31,1,0,0,1,,0,0
1212-3,6,57,ferrones,48,55,1,134,0,0,0,0,9,31,0,0,0,1,,0,0
1212-3,6,58,ferrones,47,55,1,148,0,0,0,0,9,31,1,0,0,1,,0,0
1212-3,6,59,ferrones,47,55,1,162,6,0,0,0,19,41,0,0,0,1,,0,0
1212-3,6,60,ferrones,47,55,1,176,12,0,0,0,19,41,0,0,0,1,,0,0
1212-3,6,61,ferrones,47,55,1,157,18,0,0,0,19,41,0,0,0,1,1,8,0
1212-3,6,62,ferrones,47,55,1,157,28,0,0,0,19,41,0,0,0,1,,0,0
1212-3,6,63,ferrones,47,57,1,171,34,0,0,0,19,41,0,0,0,1,,0,0
1212-3,6,64,ferrones,47,59,1,185,38,0,0,0,19,41,0,0,0,1,,0,0
1212-3,6,65,ferrones,47,59,1,199,35,0,0,0,12,34,0,0,0,1,,0,0
1212-3,6,66,ferrones,47,59,1,213,32,0,0,0,12,34,0,0,0,1,,0,0
1212-3,6,67,ferrones,47,59,1,217,29,0,0,0,12,34,0,0,0,1,1,7,0
1212-3,6,68,ferrones,47,59,1,158,29,0,0,0,12,34,0,0,0,1,,0,0
1212-3,6,69,ferrones,47,59,1,172,28,0,0,0,12,34,0,0,0,1,,0,0
1212-3,6,70,ferrones,47,59,1,186,25,0,0,0,12,34,0,0,0,1,,0,0
1212-3,6,71,ferrones,47,59,1,200,18,0,0,0,7,29,0,0,0,1,,0,0
1212-3,6,72,ferrones,47,59,1,209,11,0,0,0,7,24,0,0,0,1,,0,0
1212-3,6,73,ferrones,47,59,1,201,4,0,0,0,7,24,0,0,0,1,1,9,0
1212-3,6,74,ferrones,46,59,1,148,7,0,0,0,7,24,1,0,0,1,,0,0
1212-3,6,75,ferrones,46,59,1,132,7,0,0,0,7,24,0,0,0,1,,0,0
1212-3,6,76,ferrones,46,59,1,141,5,0,0,0,7,24,0,0,0,1,,0,0
1212-3,6,77,ferrones,46,59,1,150,0,0,0,0,9,26,0,0,0,1,,0,0
1212-3,6,78,ferrones,45,59,1,164,0,0,0,0,9,31,1,0,0,1,,0,0
1212-3,6,79,ferrones,44,59,1,122,0,0,0,0,9,31,1,0,0,1,1,7,0
1212-3,6,80,ferrones,43,58,1,131,4,0,0,0,9,31,1,0,0,1,,0,0
1212-3,6,81,ferrones,42,57,1,145,1,0,0,0,9,31,1,0,0,1,,0,0
1212-3,6,82,ferrones,41,56,1,159,0,0,0,0,9,31,1,0,0,1,,0,0
1212-3,6,83,ferrones,41,56,1,173,5,0,0,0,19,41,0,0,0,1,,0,0
1212-3,6,84,ferrones,41,56,1,187,10,0,0,0,19,41,0,0,0,1,,0,0
1212-3,6,85,ferrones,41,56,1,168,15,0,0,0,19,41,0,0,0,1,1,8,0
1212-3,6,86,ferrones,41,56,1,153,24,0,0,0,19,41,0,0,0,1,,0,0
1212-3,6,87,ferrones,41,58,1,167,32,0,0,0,19,41,0,0,0,1,,0,0
1212-3,6,88,ferrones,42,60,1,181,36,0,0,0,19,41,0,0,0,1,,0,0
1212-3,6,89,ferrones,42,60,1,197,32,0,0,0,12,36,0,0,0,1,,0,0
1212-3,6,90,ferrones,42,60,1,213,28,0,0,0,12,36,0,0,0,1,,0,0
1212-3,6,91,ferrones,42,60,1,238,24,0,0,0,12,36,0,0,0,1,1,9,0
1212-3,6,92,ferrones,42,60,1,192,28,0,0,0,12,36,0,0,0,1,,0,0
1212-3,6,93,ferrones,42,60,1,183,31,0,0,0,12,36,0,0,0,1,,0,0
1212-3,6,94,ferrones,42,60,1,199,32,0,0,0,12,36,0,0,0,1,,0,0
1212-3,6,95,ferrones,42,60,1,215,24,0,0,0,7,31,0,0,0,1,,0,0
1212-3,6,96,ferrones,42,60,1,225,16,0,0,0,7,25,0,0,0,1,,0,0
1212-3,6,97,ferrones,42,60,1,214,8,0,0,0,7,25,0,0,0,1,1,11,0
1212-3,6,98,ferrones,42,60,1,162,7,0,0,0,7,25,0,0,0,1,,0,0
1212-3,6,99,ferrones,41,60,1,137,7,0,0,0,7,25,1,0,0,1,,0,0
1212-3,6,100,ferrones,40,60,1,142,7,0,0,0,7,25,1,0,0,1,,0,0
1212-3,6,101,ferrones,40,60,1,152,2,0,0,0,9,27,0,0,0,1,,0,0
1212-3,6,102,ferrones,39,60,1,168,0,0,0,0,9,33,1,0,0,1,,0,0
1212-3,6,103,ferrones,38,60,1,136,0,0,0,0,9,33,1,0,0,1,1,7,0
1212-3,6,104,ferrones,36,59,1,142,4,0,0,0,9,33,1,0,0,1,,0,0
1212-3,6,105,ferrones,35,58,1,156,2,0,0,0,9,31,1,0,0,1,,0,0
1212-3,6,106,ferrones,34,57,1,170,0,0,0,0,9,31,1,0,0,1,,0,0
1212-3,6,107,ferrones,34,57,1,184,3,0,0,0,17,39,0,0,0,1,,0,0
1212-3,6,108,ferrones,34,57,1,198,6,0,0,0,17,39,0,0,0,1,,0,0
1212-3,6,109,ferrones,34,57,1,182,9,0,0,0,17,39,0,0,0,1,1,8,0
1212-3,6,110,ferrones,34,57,1,158,16,0,0,0,17,39,0,0,0,1,,0,0
1212-3,6,111,ferrones,34,57,1,172,23,0,0,0,17,39,0,0,0,1,,0,0
1212-3,6,112,ferrones,34,57,1,186,25,0,0,0,17,39,0,0,0,1,,0,0
1212-3,6,113,ferrones,34,57,1,200,21,0,0,0,10,32,0,0,0,1,,0,0
1212-3,6,114,ferrones,34,57,1,214,17,0,0,0,10,32,0,0,0,1,,0,0
1212-3,6,115,ferrones,34,57,1,241,13,0,0,0,10,32,0,0,0,1,1,9,0
1212-3,6,116,ferrones,34,57,1,193,18,0,0,0,12,34,0,0,0,1,,0,0
1212-3,6,117,ferrones,34,57,1,177,23,0,0,0,12,34,0,0,0,1,,0,0
1212-3,6,118,ferrones,34,57,1,191,27,0,0,0,12,34,0,0,0,1,,0,0
1212-3,6,119,ferrones,34,57,1,205,20,0,0,0,7,29,0,0,0,1,,0,0
1212-3,6,120,ferrones,34,57,1,214,13,0,0,0,7,24,0,0,0,1,,0,0
1212-3,6,121,ferrones,34,57,1,219,6,0,0,0,7,24,0,0,0,1,1,14,0
1212-3,6,122,ferrones,33,57,1,181,4,0,0,0,7,24,1,0,0,1,,0,0
1212-3,6,123,ferrones,32,57,1,137,4,0,0,0,7,24,1,0,0,1,,0,0
1212-3,6,124,ferrones,31,56,1,141,7,0,0,0,7,24,1,0,0,1,,0,0
1212-3,6,125,ferrones,31,56,1,150,3,0,0,0,9,26,0,0,0,1,,0,0
1212-3,6,126,ferrones,30,56,1,164,0,0,0,0,9,31,1,0,0,1,,0,0
1212-3,6,127,ferrones,29,56,1,177,0,0,0,0,8,30,1,0,0,1,1,12,0
1212-3,6,128,ferrones,28,55,1,177,1,0,0,0,8,30,1,0,0,1,,0,0
1212-3,6,129,ferrones,26,54,1,186,1,0,0,0,8,30,1,0,0,1,,0,0
1212-3,6,130,ferrones,25,53,1,200,1,0,0,0,7,28,1,0,0,1,,0,0
1212-3,6,131,ferrones,25,53,1,214,2,0,0,0,14,35,0,0,0,1,,0,0
1212-3,6,132,ferrones,25,53,1,228,3,0,0,0,14,35,0,0,0,1,,0,0
1212-3,6,133,ferrones,25,53,1,271,4,0,0,0,14,35,0,0,0,1,1,13,0
1212-3,6,134,ferrones,25,53,1,206,6,0,0,0,14,28,0,0,0,1,,0,0
1212-3,6,135,ferrones,25,53,1,204,11,0,0,0,14,28,0,0,0,1,,0,0
1212-3,6,136,ferrones,25,53,1,212,17,0,0,0,17,32,0,0,0,1,,0,0
1212-3,6,137,ferrones,25,53,1,220,14,0,0,0,10,25,0,0,0,1,,0,0
1212-3,6,138,ferrones,25,53,1,228,11,0,0,0,10,25,0,0,0,1,,0,0
1212-3,6,139,ferrones,25,53,1,316,8,0,0,0,10,25,0,0,0,1,1,14,0
1212-3,6,140,ferrones,25,53,1,277,11,0,0,0,12,27,0,0,0,1,,0,0
1212-3,6,141,ferrones,25,53,1,223,14,0,0,0,12,27,0,0,0,1,,0,0
1212-3,6,142,ferrones,25,53,1,221,20,0,0,0,12,27,0,0,0,1,,0,0
1212-3,6,143,ferrones,25,53,1,229,16,0,0,0,7,22,0,0,0,1,,0,0
1212-3,6,144,ferrones,25,53,1,237,10,0,0,0,7,22,0,0,0,1,,0,0
1212-3,6,145,ferrones,25,53,1,282,4,0,0,0,7,22,0,0,0,1,1,15,0
1212-3,6,146,ferrones,24,53,1,243,4,0,0,0,7,22,1,0,0,1,,0,0
1212-3,6,147,ferrones,23,53,1,204,4,0,0,0,7,22,1,0,0,1,,0,0
1212-3,6,148,ferrones,22,52,1,177,4,0,0,0,7,22,1,0,0,1,,0,0
1212-3,6,149,ferrones,22,52,1,185,7,0,0,0,9,24,0,0,0,1,,0,0
1212-3,6,150,ferrones,22,52,1,197,3,0,0,0,9,28,0,0,0,1,,0,0
1212-3,6,151,ferrones,21,52,1,228,0,0,0,0,9,28,1,0,0,1,1,13,0
1212-3,6,152,ferrones,20,52,1,208,1,0,0,0,9,28,1,0,0,1,,0,0
1212-3,6,153,ferrones,19,51,1,200,1,0,0,0,9,28,1,0,0,1,,0,0
1212-3,6,154,ferrones,18,50,1,212,4,0,0,0,9,28,1,0,0,1,,0,0
1212-3,6,155,ferrones,18,50,1,224,11,0,0,0,19,38,0,0,0,1,,0,0
1212-3,6,156,ferrones,18,50,1,236,18,0,0,0,19,38,0,0,0,1,,0,0
1212-3,6,157,ferrones,18,50,1,294,24,0,0,0,19,38,0,0,0,1,1,12,0
1212-3,6,158,ferrones,18,52,1,233,31,0,0,0,19,38,0,0,0,1,,0,0
1212-3,6,159,ferrones,18,54,1,225,40,0,0,0,19,38,0,0,0,1,,0,0
1212-3,6,160,ferrones,19,56,1,237,49,0,0,0,19,38,0,0,0,1,,0,0
1212-3,6,161,ferrones,19,56,1,249,46,0,0,0,12,31,0,0,0,1,,0,0
1212-3,6,162,ferrones,19,56,1,261,43,0,0,0,12,31,0,0,0,1,,0,0
1212-3,6,163,ferrones,18,52,1,336,30,0,0,0,12,31,0,0,0,1,1,16,0
1212-3,6,164,ferrones,18,52,1,301,32,0,0,0,12,31,0,0,0,1,,0,0
1212-3,6,165,ferrones,18,52,1,251,34,0,0,0,12,31,0,0,0,1,,0,0
1212-3,6,166,ferrones,18,52,1,219,39,0,0,0,12,31,0,0,0,1,,0,0
1212-3,6,167,ferrones,18,52,1,231,39,0,0,0,7,26,0,0,0,1,,0,0
1212-3,6,168,ferrones,18,52,1,239,32,0,0,0,7,22,0,0,0,1,,0,0
1212-3,6,169,ferrones,18,52,1,293,25,0,0,0,7,22,0,0,0,1,1,17,0
1212-3,6,170,ferrones,18,52,1,254,23,0,0,0,7,22,0,0,0,1,,0,0
1212-3,6,171,ferrones,18,52,1,215,21,0,0,0,7,22,0,0,0,1,,0,0
1212-3,6,172,ferrones,18,52,1,185,19,0,0,0,7,22,0,0,0,1,,0,0
1212-3,6,173,ferrones,18,52,1,193,19,0,0,0,9,24,0,0,0,1,,0,0
1212-3,6,174,ferrones,18,52,1,205,15,0,0,0,9,28,0,0,0,1,,0,0
1212-3,6,175,ferrones,18,52,1,257,11,0,0,0,9,28,0,0,0,1,1,11,0
1212-3,6,176,ferrones,18,52,1,211,8,0,0,0,9,28,0,0,0,1,,0,0
1212-3,6,177,ferrones,18,52,1,223,5,0,0,0,9,28,0,0,0,1,,0,0
1212-3,6,178,ferrones,18,52,1,235,1,0,0,0,9,28,0,0,0,1,,0,0
1212-3,6,179,ferrones,18,52,1,247,7,0,0,0,19,38,0,0,0,1,,0,0
1212-3,6,180,ferrones,18,52,1,259,13,0,0,0,19,38,0,0,0,1,,0,0
1212-3,6,181,ferrones,18,52,1,337,19,0,0,0,19,38,0,0,0,1,1,14,0
1212-3,6,182,ferrones,18,52,1,266,25,0,0,0,19,38,0,0,0,1,,0,0
1212-3,6,183,ferrones,18,54,1,249,31,0,0,0,19,38,0,0,0,1,,0,0
1212-3,6,184,ferrones,19,56,1,261,40,0,0,0,19,38,0,0,0,1,,0,0
1212-3,6,185,ferrones,19,56,1,273,37,0,0,0,12,31,0,0,0,1,,0,0
1212-3,6,186,ferrones,19,56,1,285,34,0,0,0,12,31,0,0,0,1,,0,0
1212-3,6,187,ferrones,19,56,1,427,31,0,0,0,12,31,0,0,0,1,1,17,0
1212-3,6,188,ferrones,19,56,1,392,32,0,0,0,12,31,0,0,0,1,,0,0
1212-3,6,189,ferrones,19,56,1,342,33,0,0,0,12,31,0,0,0,1,,0,0
1212-3,6,190,ferrones,19,56,1,292,37,0,0,0,12,31,0,0,0,1,,0,0
1212-3,6,191,ferrones,19,56,1,299,36,0,0,0,7,26,0,0,0,1,,0,0
1212-3,6,192,ferrones,19,56,1,307,29,0,0,0,7,22,0,0,0,1,,0,0
1212-3,6,193,ferrones,19,56,1,368,22,0,0,0,7,22,0,0,0,1,1,21,0
1212-3,6,194,ferrones,19,56,1,329,19,0,0,0,7,22,0,0,0,1,,0,0
1212-3,6,195,ferrones,19,56,1,290,16,0,0,0,7,22,0,0,0,1,,0,0
1212-3,6,196,ferrones,19,56,1,251,13,0,0,0,7,22,0,0,0,1,,0,0
1212-3,6,197,ferrones,19,56,1,206,12,0,0,0,9,24,0,0,0,1,,0,0
1212-3,6,198,ferrones,19,56,1,213,14,0,0,0,9,28,0,0,0,1,,0,0
1212-3,6,199,ferrones,19,56,1,286,10,0,0,0,9,28,0,0,0,1,1,16,0
1212-3,6,200,ferrones,19,56,1,240,6,0,0,0,9,28,0,0,0,1,,0,0
1212-3,6,1,hortelanos,39,116,1,40,71,0,0,0,33,57,0,0,0,0,1,4,0
1212-3,6,2,hortelanos,39,116,1,47,71,0,0,0,33,44,0,0,0,0,,0,0
1212-3,6,3,hortelanos,39,116,1,54,71,0,0,0,33,44,0,0,0,0,,0,0
1212-3,6,4,hortelanos,104,116,1,61,71,0,0,0,33,44,0,0,0,1,,0,0
1212-3,6,5,hortelanos,104,116,1,68,78,0,0,0,41,52,0,1,0,1,,0,0
1212-3,6,6,hortelanos,104,116,1,94,87,0,0,0,41,71,0,0,0,1,,0,0
1212-3,6,7,hortelanos,103,112,1,100,76,0,0,0,41,71,0,0,0,1,1,11,0
1212-3,6,8,hortelanos,171,112,1,126,86,0,0,0,41,71,0,0,0,2,,0,0
1212-3,6,9,hortelanos,171,112,1,152,102,0,0,0,48,78,0,0,0,2,,0,0
1212-3,6,10,hortelanos,171,112,1,178,108,0,0,0,48,78,0,0,0,2,,0,0
1212-3,6,11,hortelanos,179,112,1,204,160,0,0,0,86,116,0,0,0,2,,0,0
1212-3,6,12,hortelanos,179,112,1,230,210,0,0,0,86,116,0,0,0,2,,0,0
1212-3,6,13,hortelanos,178,108,1,155,244,0,0,0,86,116,0,0,0,2,1,21,0
1212-3,6,14,hortelanos,178,108,1,98,287,0,2,0,86,114,0,0,0,2,,0,0
1212-3,6,15,hortelanos,178,108,1,115,309,0,4,0,71,99,0,0,0,2,,0,0
1212-3,6,16,hortelanos,178,108,1,139,329,0,4,0,71,99,0,0,0,2,,0,0
1212-3,6,17,hortelanos,178,108,1,163,326,0,4,0,48,76,0,0,0,2,,0,0
1212-3,6,18,hortelanos,178,108,1,187,324,0,4,0,48,76,0,0,0,2,,0,0
1212-3,6,19,hortelanos,178,108,1,277,327,0,4,0,48,76,0,0,0,2,1,27,0
1212-3,6,20,hortelanos,186,108,1,241,332,0,4,0,48,76,0,0,0,2,,0,0
1212-3,6,21,hortelanos,186,108,1,258,330,0,4,0,48,76,0,0,0,2,,0,0
1212-3,6,22,hortelanos,186,108,1,282,324,0,4,0,48,76,0,0,0,2,,0,0
1212-3,6,23,hortelanos,194,108,1,306,307,0,4,0,33,61,0,0,0,2,,0,0
1212-3,6,24,hortelanos,194,108,1,320,291,0,4,0,33,51,0,0,0,2,,0,0
1212-3,6,25,hortelanos,194,108,1,418,263,0,4,0,33,51,0,0,0,2,1,24,0
1212-3,6,26,hortelanos,194,108,1,425,250,0,4,0,33,51,0,0,0,2,,0,0
1212-3,6,27,hortelanos,194,108,1,432,237,0,4,0,33,51,0,0,0,2,,0,0
1212-3,6,28,hortelanos,194,108,1,439,225,0,4,0,33,51,0,0,0,2,,0,0
1212-3,6,29,hortelanos,194,108,1,446,221,0,4,0,41,59,0,0,0,2,,0,0
1212-3,6,30,hortelanos,194,108,1,463,217,0,4,0,41,69,0,0,0,2,,0,0
1212-3,6,31,hortelanos,194,108,1,551,197,0,4,0,41,69,0,0,0,2,1,38,0
1212-3,6,32,hortelanos,202,108,1,505,200,0,4,0,41,69,0,0,0,2,,0,0
1212-3,6,33,hortelanos,202,108,1,459,203,0,4,0,41,69,0,0,0,2,,0,0
1212-3,6,34,hortelanos,202,108,1,413,196,0,4,0,41,69,0,0,0,2,,0,0
1212-3,6,35,hortelanos,210,108,1,367,228,0,4,0,71,99,0,0,0,2,,0,0
1212-3,6,36,hortelanos,210,108,1,341,257,0,4,0,71,99,0,0,0,2,,0,0
1212-3,6,37,hortelanos,210,108,1,453,275,0,2,0,71,99,0,0,0,2,1,21,0
1212-3,6,38,hortelanos,210,108,1,407,304,0,2,0,71,99,0,0,0,2,,0,0
1212-3,6,39,hortelanos,210,108,1,361,332,0,2,0,71,99,0,0,0,2,,0,0
1212-3,6,40,hortelanos,210,108,1,315,353,0,1,0,71,99,0,0,0,2,,0,0
1212-3,6,41,hortelanos,218,108,1,339,350,0,1,0,48,76,0,0,0,2,,0,0
1212-3,6,42,hortelanos,218,108,1,363,347,0,1,0,48,76,0,0,0,2,,0,0
1212-3,6,43,hortelanos,218,108,1,472,347,0,1,0,48,76,0,0,0,2,1,22,0
1212-3,6,44,hortelanos,218,108,1,426,351,0,1,0,48,76,0,0,0,2,,0,0
1212-3,6,45,hortelanos,218,108,1,380,355,0,1,0,48,76,0,0,0,2,,0,0
1212-3,6,46,hortelanos,218,108,1,334,358,0,1,0,48,76,0,0,0,2,,0,0
1212-3,6,47,hortelanos,218,108,1,338,342,0,1,0,33,61,0,0,0,2,,0,0
1212-3,6,48,hortelanos,218,108,1,352,325,0,1,0,33,51,0,0,0,2,,0,0
1212-3,6,49,hortelanos,219,112,1,438,266,0,1,0,33,51,0,0,0,2,1,24,0
1212-3,6,50,hortelanos,219,112,1,383,258,0,1,0,33,52,0,0,0,2,,0,0
1212-3,6,51,hortelanos,264,197,2,328,250,0,1,0,33,52,0,0,0,3,,0,0
1212-3,6,52,hortelanos,264,197,2,282,222,0,1,0,33,68,0,0,0,3,,0,0
1212-3,6,53,hortelanos,264,197,2,296,197,0,1,0,41,76,0,0,0,3,,0,0
1212-3,6,54,hortelanos,264,197,2,331,172,0,1,0,41,87,0,0,0,3,,0,0
1212-3,6,55,hortelanos,263,193,2,409,143,0,1,0,41,87,0,0,0,3,1,28,0
1212-3,6,56,hortelanos,263,193,2,401,132,0,2,0,49,93,0,3,0,3,,0,0
1212-3,6,57,hortelanos,263,193,2,393,159,0,3,0,82,126,0,0,0,3,,0,0
1212-3,6,58,hortelanos,263,193,2,385,185,0,4,0,82,126,0,0,0,3,,0,0
1212-3,6,59,hortelanos,263,193,2,366,258,0,5,0,127,171,0,0,0,3,,0,0
1212-3,6,60,hortelanos,263,193,2,347,331,0,6,0,127,171,0,0,0,3,,0,0
1212-3,6,61,hortelanos,263,193,2,380,339,0,2,0,127,171,0,0,0,3,1,31,0
1212-3,6,62,hortelanos,264,197,2,366,395,0,2,0,127,171,0,2,0,3,,0,0
1212-3,6,63,hortelanos,322,255,3,352,434,0,2,0,109,156,0,0,0,4,,0,0
1212-3,6,64,hortelanos,322,257,3,344,456,0,1,0,109,168,0,0,0,4,,0,0
1212-3,6,65,hortelanos,322,258,3,336,453,0,1,0,82,141,0,0,0,4,,0,0
1212-3,6,66,hortelanos,322,258,3,330,450,0,1,0,82,143,0,0,0,4,,0,0
1212-3,6,67,hortelanos,322,258,3,393,431,0,1,0,82,143,0,0,0,4,1,36,0
1212-3,6,68,hortelanos,330,258,3,364,425,0,1,0,82,143,0,2,0,4,,0,0
1212-3,6,69,hortelanos,330,258,3,325,446,0,1,0,106,167,0,0,0,4,,0,0
1212-3,6,70,hortelanos,331,261,3,306,461,0,1,0,106,167,0,2,0,4,,0,0
1212-3,6,71,hortelanos,331,264,3,337,447,0,1,0,88,149,0,0,0,4,,0,0
1212-3,6,72,hortelanos,340,267,3,368,439,0,1,0,88,139,0,0,0,4,,0,0
1212-3,6,73,hortelanos,341,270,3,486,438,0,1,0,88,139,0,1,0,4,1,23,0
1212-3,6,74,hortelanos,341,273,3,459,438,0,1,0,88,144,0,0,0,4,,0,0
1212-3,6,75,hortelanos,342,276,3,432,437,0,1,0,88,144,0,0,0,4,,0,0
1212-3,6,76,hortelanos,342,279,3,405,435,0,1,0,88,144,0,0,0,4,,0,0
1212-3,6,77,hortelanos,343,283,3,380,442,0,1,0,97,155,0,0,0,4,,0,0
1212-3,6,78,hortelanos,344,287,3,418,442,0,1,0,97,165,0,0,0,4,,0,0
1212-3,6,79,hortelanos,344,288,3,518,430,0,1,0,97,165,0,0,0,4,1,34,0
1212-3,6,80,hortelanos,344,288,3,379,429,0,2,0,97,167,0,0,0,4,,0,0
1212-3,6,81,hortelanos,352,288,3,386,427,0,3,0,97,167,0,0,0,4,,0,0
1212-3,6,82,hortelanos,352,288,3,393,432,0,4,0,103,173,0,0,0,4,,0,0
1212-3,6,83,hortelanos,352,288,3,400,472,0,5,0,139,209,0,0,0,4,,0,0
1212-3,6,84,hortelanos,352,288,3,407,510,0,6,0,139,209,0,0,0,4,,0,0
1212-3,6,85,hortelanos,352,288,3,471,512,0,7,0,139,209,0,0,0,4,1,18,0
1212-3,6,86,hortelanos,352,288,3,441,551,0,7,0,139,209,0,0,0,4,,0,0
1212-3,6,87,hortelanos,369,330,4,411,589,0,7,0,139,209,0,0,0,4,,0,0
1212-3,6,88,hortelanos,369,332,4,380,616,0,7,0,139,217,0,0,0,4,,0,0
1212-3,6,89,hortelanos,369,334,4,359,614,0,7,0,112,190,0,0,0,4,,0,0
1212-3,6,90,hortelanos,370,336,4,399,606,0,7,0,112,190,0,0,0,4,,0,0
1212-3,6,91,hortelanos,370,338,4,487,586,0,7,0,112,190,0,0,0,4,1,37,0
1212-3,6,92,hortelanos,371,340,4,458,581,0,7,0,112,192,0,2,0,4,,0,0
1212-3,6,93,hortelanos,379,342,4,436,588,0,7,0,121,201,0,0,0,4,,0,0
1212-3,6,94,hortelanos,379,344,4,407,593,0,7,0,121,201,0,1,0,4,,0,0
1212-3,6,95,hortelanos,380,346,4,402,579,0,7,0,103,183,0,0,0,4,,0,0
1212-3,6,96,hortelanos,380,348,4,430,561,0,7,0,103,173,0,0,0,4,,0,0
1212-3,6,97,hortelanos,381,351,4,570,548,0,7,0,103,175,0,0,0,4,1,18,0
1212-3,6,98,hortelanos,381,354,4,536,535,0,7,0,103,175,0,1,0,4,,0,0
1212-3,6,99,hortelanos,382,357,4,503,524,0,7,0,103,179,0,0,0,4,,0,0
1212-3,6,100,hortelanos,383,360,4,463,505,0,7,0,103,179,0,0,0,4,,0,0
1212-3,6,101,hortelanos,383,363,4,428,500,0,7,0,112,190,0,0,0,4,,0,0
1212-3,6,102,hortelanos,384,366,4,453,490,0,7,0,112,200,0,1,0,4,,0,0
1212-3,6,103,hortelanos,392,369,4,544,486,0,7,0,112,200,0,0,0,4,1,25,0
1212-3,6,104,hortelanos,393,373,4,547,484,0,7,0,112,202,0,0,0,4,,0,0
1212-3,6,105,hortelanos,394,377,4,544,481,0,7,0,112,202,0,0,0,4,,0,0
1212-3,6,106,hortelanos,394,378,4,540,478,0,7,0,112,202,0,0,0,4,,0,0
1212-3,6,107,hortelanos,394,378,4,538,509,0,7,0,148,240,0,0,0,4,,0,0
1212-3,6,108,hortelanos,394,378,4,543,539,0,7,0,148,240,0,0,0,4,,0,0
1212-3,6,109,hortelanos,394,378,4,654,568,0,7,0,148,240,0,0,0,4,1,25,0
1212-3,6,110,hortelanos,394,378,4,652,594,0,7,0,148,240,0,1,0,4,,0,0
1212-3,6,111,hortelanos,394,378,4,651,627,0,7,0,155,247,0,0,0,4,,0,0
1212-3,6,112,hortelanos,394,378,4,656,659,0,7,0,155,247,0,0,0,4,,0,0
1212-3,6,113,hortelanos,394,378,4,654,664,0,7,0,128,220,0,0,0,4,,0,0
1212-3,6,114,hortelanos,394,378,4,652,669,0,7,0,128,220,0,0,0,4,,0,0
1212-3,6,115,hortelanos,555,382,4,737,663,0,7,0,128,220,0,1,1,5,1,25,0
1212-3,6,116,hortelanos,555,382,4,723,693,0,7,0,157,249,0,0,0,5,,0,0
1212-3,6,117,hortelanos,555,382,4,709,722,0,7,0,157,249,0,0,0,5,,0,0
1212-3,6,118,hortelanos,555,382,4,695,750,0,7,0,157,249,0,0,0,5,,0,0
1212-3,6,119,hortelanos,555,382,4,681,777,0,7,0,157,249,0,0,0,5,,0,0
1212-3,6,120,hortelanos,555,382,4,657,803,0,7,0,157,239,0,0,0,5,,0,0
1212-3,6,121,hortelanos,554,378,4,742,770,0,7,0,157,239,0,0,0,5,1,26,0
1212-3,6,122,hortelanos,554,378,4,718,797,0,7,0,157,239,0,0,0,5,,0,0
1212-3,6,123,hortelanos,575,443,5,694,823,0,7,0,157,239,0,0,0,5,,0,0
1212-3,6,124,hortelanos,575,443,5,674,831,0,7,0,157,251,0,0,0,5,,0,0
1212-3,6,125,hortelanos,575,443,5,654,840,0,7,0,157,251,0,0,0,5,,0,0
1212-3,6,126,hortelanos,575,443,5,644,849,0,7,0,157,261,0,0,0,5,,0,0
1212-3,6,127,hortelanos,575,443,5,742,793,0,7,0,157,261,0,0,0,5,1,34,0
1212-3,6,128,hortelanos,575,443,5,732,800,0,7,0,157,261,0,2,0,5,,0,0
1212-3,6,129,hortelanos,609,533,6,712,834,0,7,0,181,285,0,0,0,5,,0,0
1212-3,6,130,hortelanos,610,536,6,713,840,0,7,0,181,303,0,2,0,5,,0,0
1212-3,6,131,hortelanos,610,539,6,704,849,0,7,0,181,303,0,0,0,5,,0,0
1212-3,6,132,hortelanos,611,542,6,707,856,0,7,0,181,305,0,1,0,5,,0,0
1212-3,6,133,hortelanos,612,545,6,816,859,0,5,0,181,308,0,0,0,5,1,31,0
1212-3,6,134,hortelanos,620,548,6,819,860,0,5,0,181,308,0,3,0,5,,0,0
1212-3,6,135,hortelanos,621,552,6,824,875,0,5,0,191,320,0,0,0,5,,0,0
1212-3,6,136,hortelanos,622,556,6,829,878,0,2,0,191,320,0,0,0,5,,0,0
1212-3,6,137,hortelanos,622,558,6,834,890,0,2,0,191,320,0,0,0,5,,0,0
1212-3,6,138,hortelanos,630,558,6,841,902,0,2,0,191,322,0,0,0,5,,0,0
1212-3,6,139,hortelanos,630,558,6,989,865,0,2,0,191,322,0,0,0,5,1,26,0
1212-3,6,140,hortelanos,630,558,6,996,870,0,2,0,191,322,0,2,0,5,,0,0
1212-3,6,141,hortelanos,652,628,7,1003,883,0,2,0,191,325,0,0,0,5,,0,0
1212-3,6,142,hortelanos,652,628,7,1013,874,0,2,0,191,339,0,0,0,5,,0,0
1212-3,6,143,hortelanos,652,628,7,1023,869,0,2,0,191,339,0,0,0,5,,0,0
1212-3,6,144,hortelanos,652,628,7,1023,864,0,2,0,191,329,0,0,0,5,,0,0
1212-3,6,145,hortelanos,652,628,7,987,811,0,2,0,191,329,0,0,0,5,1,41,0
1212-3,6,146,hortelanos,660,628,7,1009,807,0,2,0,191,329,0,0,0,5,,0,0
1212-3,6,147,hortelanos,675,664,8,1030,803,0,2,0,191,329,0,2,0,5,,0,0
1212-3,6,148,hortelanos,676,665,8,1039,797,0,2,0,204,348,0,0,0,5,,0,0
1212-3,6,149,hortelanos,684,666,8,1054,799,0,2,0,204,348,0,0,0,5,,0,0
1212-3,6,150,hortelanos,684,667,8,1079,801,0,2,0,204,358,0,1,0,5,,0,0
1212-3,6,151,hortelanos,684,668,8,1186,767,0,2,0,204,358,0,0,0,5,1,31,0
1212-3,6,152,hortelanos,685,670,8,1188,808,0,2,0,245,401,0,1,0,5,,0,0
1212-3,6,153,hortelanos,703,724,9,1209,852,0,2,0,250,406,0,1,0,5,,0,0
1212-3,6,154,hortelanos,704,728,9,1239,888,0,2,0,255,421,0,0,0,5,,0,0
1212-3,6,155,hortelanos,705,732,9,1262,921,0,2,0,255,421,0,0,0,5,,0,0
1212-3,6,156,hortelanos,706,736,9,1285,952,0,2,0,255,421,0,0,0,5,,0,0
1212-3,6,157,hortelanos,707,740,9,1373,974,0,1,0,255,423,0,0,0,5,1,40,0
1212-3,6,158,hortelanos,707,742,9,1407,997,0,1,0,255,425,0,2,0,5,,0,0
1212-3,6,159,hortelanos,715,744,9,1414,1042,0,1,0,275,445,0,0,0,5,,0,0
1212-3,6,160,hortelanos,716,746,9,1441,1080,0,1,0,275,445,0,2,0,5,,0,0
1212-3,6,161,hortelanos,716,748,9,1451,1126,0,1,0,280,450,0,0,0,5,,0,0
1212-3,6,162,hortelanos,716,748,9,1487,1167,0,1,0,280,452,0,1,0,5,,0,0
1212-3,6,163,hortelanos,716,748,9,1574,1196,0,1,0,283,455,0,0,0,5,1,24,0
1212-3,6,164,hortelanos,716,748,9,1591,1236,0,1,0,283,455,0,0,0,5,,0,0
1212-3,6,165,hortelanos,717,751,9,1601,1272,0,1,0,283,455,0,1,0,5,,0,0
1212-3,6,166,hortelanos,717,754,9,1611,1309,0,1,0,283,455,0,0,0,5,,0,0
1212-3,6,167,hortelanos,718,757,9,1628,1334,0,1,0,273,445,0,0,0,5,,0,0
1212-3,6,168,hortelanos,719,760,9,1632,1355,0,1,0,273,435,0,0,0,5,,0,0
1212-3,6,169,hortelanos,727,764,9,1756,1362,0,1,0,273,437,0,1,0,5,1,24,0
1212-3,6,170,hortelanos,728,768,9,1761,1380,0,1,0,273,437,0,0,0,5,,0,0
1212-3,6,171,hortelanos,730,775,9,1762,1396,0,1,0,273,439,0,1,0,5,,0,0
1212-3,6,172,hortelanos,731,782,9,1770,1411,0,1,0,273,439,0,0,0,5,,0,0
1212-3,6,173,hortelanos,732,789,9,1774,1428,0,1,0,278,444,0,1,0,5,,0,0
1212-3,6,174,hortelanos,734,797,9,1787,1444,0,1,0,278,460,0,0,0,5,,0,0
1212-3,6,175,hortelanos,736,805,9,1919,1442,0,1,0,278,462,0,1,0,5,1,30,0
1212-3,6,176,hortelanos,737,813,9,1944,1452,0,2,0,278,464,0,0,0,5,,0,0
1212-3,6,177,hortelanos,738,819,9,1975,1459,0,3,0,278,464,0,0,0,5,,0,0
1212-3,6,178,hortelanos,739,823,9,2003,1465,0,4,0,278,468,0,0,0,5,,0,0
1212-3,6,179,hortelanos,740,827,9,2031,1490,0,5,0,299,489,0,0,0,5,,0,0
1212-3,6,180,hortelanos,860,828,9,2062,1513,0,6,0,299,489,0,1,1,5,,0,0
1212-3,6,181,hortelanos,861,832,9,2213,1506,0,6,0,315,507,0,0,0,5,1,25,0
1212-3,6,182,hortelanos,861,832,9,2246,1546,0,6,0,315,507,0,0,0,5,,0,0
1212-3,6,183,hortelanos,883,902,10,2279,1584,0,6,0,315,507,0,0,0,5,,0,0
1212-3,6,184,hortelanos,883,902,10,2314,1605,0,6,0,315,521,0,0,0,5,,0,0
1212-3,6,185,hortelanos,883,902,10,2349,1609,0,6,0,299,505,0,0,0,5,,0,0
1212-3,6,186,hortelanos,883,902,10,2384,1613,0,6,0,299,505,0,0,0,5,,0,0
1212-3,6,187,hortelanos,883,902,10,2496,1613,0,6,0,299,505,0,0,0,5,1,26,0
1212-3,6,188,hortelanos,883,902,10,2531,1613,0,6,0,299,505,0,2,0,5,,0,0
1212-3,6,189,hortelanos,883,902,10,2556,1630,0,6,0,313,519,0,0,0,5,,0,0
1212-3,6,190,hortelanos,884,905,10,2591,1643,0,6,0,313,519,0,2,0,5,,0,0
1212-3,6,191,hortelanos,884,908,10,2626,1649,0,6,0,303,509,0,0,0,5,,0,0
1212-3,6,192,hortelanos,885,911,10,2651,1652,0,6,0,303,499,0,0,0,5,,0,0
1212-3,6,193,hortelanos,885,910,10,2758,1656,0,6,0,327,523,0,1,0,5,1,25,0
1212-3,6,194,hortelanos,885,914,10,2784,1683,0,6,0,327,524,0,0,0,5,,0,0
1212-3,6,195,hortelanos,894,918,10,2810,1708,0,6,0,327,524,0,0,0,5,,0,0
1212-3,6,196,hortelanos,895,922,10,2838,1731,0,6,0,327,526,0,0,0,5,,0,0
1212-3,6,197,hortelanos,896,926,10,2866,1725,0,6,0,299,498,0,0,0,5,,0,0
1212-3,6,198,hortelanos,897,930,10,2903,1719,0,6,0,299,507,0,0,0,5,,0,0
1212-3,6,199,hortelanos,897,934,10,3091,1658,0,6,0,299,509,0,0,0,5,1,24,0
1212-3,6,200,hortelanos,898,938,10,3130,1653,0,6,0,299,509,0,0,0,5,,0,0
1212-3,6,1,mercaderes,39,116,1,458,51,0,0,0,13,45,0,0,0,0,1,4,0
1212-3,6,2,mercaderes,39,116,1,473,32,0,0,0,13,32,0,0,0,0,,0,0
1212-3,6,3,mercaderes,39,116,1,488,14,0,0,0,13,32,0,1,0,0,,0,0
1212-3,6,4,mercaderes,38,116,1,503,0,0,0,0,13,32,1,0,0,0,,0,0
1212-3,6,5,mercaderes,37,116,1,518,0,0,0,0,18,37,1,0,0,0,,0,0
1212-3,6,6,mercaderes,35,113,1,544,0,0,0,0,18,48,1,0,0,0,,0,0
1212-3,6,7,mercaderes,34,110,1,475,0,0,0,0,18,48,1,0,0,0,1,23,0
1212-3,6,8,mercaderes,32,107,1,406,4,0,0,0,18,48,1,0,0,0,,0,0
1212-3,6,9,mercaderes,30,104,1,335,4,0,0,0,18,46,1,0,0,0,,0,0
1212-3,6,10,mercaderes,29,101,1,264,4,0,0,0,16,44,1,0,0,0,,0,0
1212-3,6,11,mercaderes,29,101,1,193,15,0,0,0,32,60,0,0,0,0,,0,0
1212-3,6,12,mercaderes,29,101,1,209,26,0,0,0,32,60,0,0,0,0,,0,0
1212-3,6,13,mercaderes,29,101,1,467,34,0,0,0,32,60,0,0,0,0,1,10,0
1212-3,6,14,mercaderes,29,101,1,447,44,0,0,0,32,60,0,0,0,0,,0,0
1212-3,6,15,mercaderes,29,101,1,463,53,0,0,0,32,60,0,0,0,0,,0,0
1212-3,6,16,mercaderes,29,101,1,487,60,0,0,0,32,60,0,0,0,0,,0,0
1212-3,6,17,mercaderes,29,101,1,511,53,0,0,0,20,48,0,0,0,0,,0,0
1212-3,6,18,mercaderes,29,101,1,535,47,0,0,0,20,48,0,0,0,0,,0,0
1212-3,6,19,mercaderes,29,101,1,586,41,0,0,0,20,48,0,0,0,0,1,18,0
1212-3,6,20,mercaderes,29,101,1,557,42,0,0,0,20,48,0,0,0,0,,0,0
1212-3,6,21,mercaderes,29,101,1,528,43,0,0,0,20,48,0,0,0,0,,0,0
1212-3,6,22,mercaderes,29,101,1,499,46,0,0,0,22,50,0,0,0,0,,0,0
1212-3,6,23,mercaderes,29,101,1,470,40,0,0,0,13,41,0,0,0,0,,0,0
1212-3,6,24,mercaderes,29,101,1,431,34,0,0,0,13,31,0,0,0,0,,0,0
1212-3,6,25,mercaderes,29,101,1,490,29,0,0,0,13,31,0,0,0,0,1,18,0
1212-3,6,26,mercaderes,29,101,1,451,24,0,0,0,13,31,0,0,0,0,,0,0
1212-3,6,27,mercaderes,29,101,1,412,19,0,0,0,13,31,0,0,0,0,,0,0
1212-3,6,28,mercaderes,29,101,1,373,14,0,0,0,13,31,0,0,0,0,,0,0
1212-3,6,29,mercaderes,29,101,1,334,14,0,0,0,18,36,0,0,0,0,,0,0
1212-3,6,30,mercaderes,29,101,1,305,14,0,0,0,18,46,0,0,0,0,,0,0
1212-3,6,31,mercaderes,29,101,1,328,14,0,0,0,18,46,0,0,0,0,1,14,0
1212-3,6,32,mercaderes,29,101,1,257,11,0,0,0,18,46,0,0,0,0,,0,0
1212-3,6,33,mercaderes,29,101,1,237,8,0,0,0,18,46,0,0,0,0,,0,0
1212-3,6,34,mercaderes,29,101,1,250,5,0,0,0,18,46,0,0,0,0,,0,0
1212-3,6,35,mercaderes,29,101,1,274,19,0,0,0,36,64,0,0,0,0,,0,0
1212-3,6,36,mercaderes,29,101,1,298,29,0,0,0,36,64,0,0,0,0,,0,0
1212-3,6,37,mercaderes,29,101,1,372,39,0,0,0,36,64,0,0,0,0,1,14,0
1212-3,6,38,mercaderes,29,101,1,301,52,0,0,0,36,64,0,0,0,0,,0,0
1212-3,6,39,mercaderes,29,101,1,281,65,0,0,0,36,64,0,0,0,0,,0,0
1212-3,6,40,mercaderes,29,101,1,301,77,0,0,0,36,64,0,0,0,0,,0,0
1212-3,6,41,mercaderes,29,101,1,325,73,0,0,0,22,50,0,0,0,0,,0,0
1212-3,6,42,mercaderes,29,101,1,349,68,0,0,0,22,50,0,0,0,0,,0,0
1212-3,6,43,mercaderes,28,97,1,442,53,0,0,0,22,50,0,0,0,0,1,18,0
1212-3,6,44,mercaderes,28,97,1,411,56,0,0,0,22,48,0,0,0,0,,0,0
1212-3,6,45,mercaderes,28,97,1,380,59,0,0,0,22,48,0,0,0,0,,0,0
1212-3,6,46,mercaderes,28,97,1,349,62,0,0,0,22,48,0,0,0,0,,0,0
1212-3,6,47,mercaderes,28,97,1,318,56,0,0,0,13,39,0,0,0,0,,0,0
1212-3,6,48,mercaderes,28,97,1,308,51,0,0,0,13,30,0,0,0,0,,0,0
1212-3,6,49,mercaderes,28,97,1,356,46,0,0,0,13,30,0,0,0,0,1,16,0
1212-3,6,50,mercaderes,28,97,1,316,41,0,0,0,13,30,0,0,0,0,,0,0
1212-3,6,51,mercaderes,28,97,1,276,36,0,0,0,13,30,0,0,0,0,,0,0
1212-3,6,52,mercaderes,28,97,1,236,31,0,0,0,13,30,0,0,0,0,,0,0
1212-3,6,53,mercaderes,28,97,1,216,31,0,0,0,18,35,0,0,0,0,,0,0
1212-3,6,54,mercaderes,28,97,1,238,31,0,0,0,18,44,0,0,0,0,,0,0
1212-3,6,55,mercaderes,28,97,1,236,24,0,0,0,18,44,0,0,0,0,1,11,0
1212-3,6,56,mercaderes,28,97,1,188,22,0,0,0,18,44,0,0,0,0,,0,0
1212-3,6,57,mercaderes,28,97,1,199,20,0,0,0,18,44,0,0,0,0,,0,0
1212-3,6,58,mercaderes,28,97,1,221,17,0,0,0,18,44,0,0,0,0,,0,0
1212-3,6,59,mercaderes,28,97,1,243,28,0,0,0,36,62,0,0,0,0,,0,0
1212-3,6,60,mercaderes,28,97,1,265,39,0,0,0,36,62,0,0,0,0,,0,0
1212-3,6,61,mercaderes,28,97,1,300,49,0,0,0,36,62,0,0,0,0,1,11,0
1212-3,6,62,mercaderes,28,97,1,227,63,0,0,0,36,62,0,0,0,0,,0,0
1212-3,6,63,mercaderes,28,97,1,235,76,0,0,0,36,62,0,0,0,0,,0,0
1212-3,6,64,mercaderes,43,97,1,257,89,0,0,0,36,62,0,0,0,1,,0,0
1212-3,6,65,mercaderes,43,97,1,279,84,0,0,0,22,48,0,0,0,1,,0,0
1212-3,6,66,mercaderes,43,97,1,301,79,0,0,0,22,48,0,0,0,1,,0,0
1212-3,6,67,mercaderes,42,93,1,385,59,0,0,0,22,48,0,0,0,1,1,27,0
1212-3,6,68,mercaderes,60,93,1,354,63,0,0,0,22,48,0,0,0,2,,0,0
1212-3,6,69,mercaderes,60,93,1,323,67,0,0,0,22,48,0,0,0,2,,0,0
1212-3,6,70,mercaderes,60,93,1,292,65,0,0,0,22,48,0,0,0,2,,0,0
1212-3,6,71,mercaderes,68,93,1,291,60,0,0,0,13,39,0,0,0,2,,0,0
1212-3,6,72,mercaderes,68,93,1,300,55,0,0,0,13,30,0,0,0,2,,0,0
1212-3,6,73,mercaderes,68,93,1,332,45,0,0,0,13,30,0,0,0,2,1,17,0
1212-3,6,74,mercaderes,68,93,1,292,39,0,0,0,13,30,0,0,0,2,,0,0
1212-3,6,75,mercaderes,68,93,1,252,33,0,0,0,13,30,0,1,0,2,,0,0
1212-3,6,76,mercaderes,68,93,1,212,30,0,0,0,13,30,0,0,0,2,,0,0
1212-3,6,77,mercaderes,68,93,1,202,31,0,0,0,18,35,0,0,0,2,,0,0
1212-3,6,78,mercaderes,68,93,1,220,32,0,0,0,18,44,0,0,0,2,,0,0
1212-3,6,79,mercaderes,68,93,1,226,27,0,0,0,18,44,0,0,0,2,1,11,0
1212-3,6,80,mercaderes,68,93,1,186,26,0,0,0,18,44,0,0,0,2,,0,0
1212-3,6,81,mercaderes,68,93,1,197,25,0,0,0,18,44,0,0,0,2,,0,0
1212-3,6,82,mercaderes,68,93,1,219,23,0,0,0,18,44,0,0,0,2,,0,0
1212-3,6,83,mercaderes,68,93,1,241,35,0,0,0,36,62,0,0,0,2,,0,0
1212-3,6,84,mercaderes,68,93,1,263,47,0,0,0,36,62,0,0,0,2,,0,0
1212-3,6,85,mercaderes,68,93,1,291,58,0,0,0,36,62,0,0,0,2,1,11,0
1212-3,6,86,mercaderes,68,93,1,218,73,0,0,0,36,62,0,0,0,2,,0,0
1212-3,6,87,mercaderes,68,93,1,229,87,0,0,0,36,62,0,0,0,2,,0,0
1212-3,6,88,mercaderes,68,93,1,251,99,0,0,0,36,62,0,0,0,2,,0,0
1212-3,6,89,mercaderes,68,93,1,273,95,0,0,0,22,48,0,0,0,2,,0,0
1212-3,6,90,mercaderes,68,93,1,295,91,0,0,0,22,48,0,0,0,2,,0,0
1212-3,6,91,mercaderes,68,90,1,378,66,0,0,0,22,48,0,0,0,2,1,21,0
1212-3,6,92,mercaderes,68,90,1,347,71,0,0,0,22,48,0,0,0,2,,0,0
1212-3,6,93,mercaderes,76,90,1,316,76,0,0,0,22,48,0,0,0,2,,0,0
1212-3,6,94,mercaderes,76,90,1,285,80,0,0,0,22,48,0,0,0,2,,0,0
1212-3,6,95,mercaderes,76,90,1,284,76,0,0,0,13,39,0,0,0,2,,0,0
1212-3,6,96,mercaderes,76,90,1,297,72,0,0,0,13,30,0,0,0,2,,0,0
1212-3,6,97,mercaderes,75,86,1,310,39,0,0,0,13,30,0,0,0,2,1,22,0
1212-3,6,98,mercaderes,75,86,1,269,35,0,0,0,13,29,0,0,0,2,,0,0
1212-3,6,99,mercaderes,83,86,1,228,31,0,0,0,13,29,0,1,0,2,,0,0
1212-3,6,100,mercaderes,83,86,1,187,30,0,0,0,13,29,0,0,0,2,,0,0
1212-3,6,101,mercaderes,83,86,1,176,33,0,0,0,18,34,0,0,0,2,,0,0
1212-3,6,102,mercaderes,83,86,1,196,36,0,0,0,18,42,0,0,0,2,,0,0
1212-3,6,103,mercaderes,83,86,1,199,32,0,0,0,18,42,0,0,0,2,1,11,0
1212-3,6,104,mercaderes,83,86,1,183,30,0,0,0,18,42,0,1,0,2,,0,0
1212-3,6,105,mercaderes,83,86,1,192,30,0,0,0,18,42,0,0,0,2,,0,0
1212-3,6,106,mercaderes,83,86,1,212,29,0,0,0,18,42,0,0,0,2,,0,0
1212-3,6,107,mercaderes,84,90,1,232,43,0,0,0,36,60,0,0,0,2,,0,0
1212-3,6,108,mercaderes,84,90,1,254,55,0,0,0,36,62,0,0,0,2,,0,0
1212-3,6,109,mercaderes,84,90,1,265,67,0,0,0,36,62,0,0,0,2,1,12,0
1212-3,6,110,mercaderes,84,90,1,201,82,0,0,0,36,62,0,0,0,2,,0,0
1212-3,6,111,mercaderes,84,90,1,202,97,0,0,0,36,62,0,0,0,2,,0,0
1212-3,6,112,mercaderes,84,90,1,224,111,0,0,0,36,62,0,0,0,2,,0,0
1212-3,6,113,mercaderes,84,90,1,246,107,0,0,0,22,48,0,0,0,2,,0,0
1212-3,6,114,mercaderes,84,90,1,268,103,0,0,0,22,48,0,0,0,2,,0,0
1212-3,6,115,mercaderes,84,90,1,371,86,0,0,0,22,48,0,0,0,2,1,21,0
1212-3,6,116,mercaderes,84,90,1,348,90,0,0,0,22,48,0,0,0,2,,0,0
1212-3,6,117,mercaderes,92,90,1,325,94,0,0,0,22,48,0,0,0,2,,0,0
1212-3,6,118,mercaderes,92,90,1,302,98,0,0,0,22,48,0,0,0,2,,0,0
1212-3,6,119,mercaderes,92,90,1,301,93,0,0,0,13,39,0,0,0,2,,0,0
1212-3,6,120,mercaderes,92,90,1,310,88,0,0,0,13,30,0,0,0,2,,0,0
1212-3,6,121,mercaderes,92,90,1,328,64,0,0,0,13,30,0,0,0,2,1,27,0
1212-3,6,122,mercaderes,92,90,1,288,60,0,0,0,13,30,0,0,0,2,,0,0
1212-3,6,123,mercaderes,100,90,1,248,56,0,0,0,13,30,0,0,0,2,,0,0
1212-3,6,124,mercaderes,100,90,1,208,53,0,0,0,13,30,0,0,0,2,,0,0
1212-3,6,125,mercaderes,100,90,1,188,55,0,0,0,18,35,0,0,0,2,,0,0
1212-3,6,126,mercaderes,100,90,1,206,56,0,0,0,18,44,0,0,0,2,,0,0
1212-3,6,127,mercaderes,100,90,1,208,51,0,0,0,18,44,0,0,0,2,1,10,0
1212-3,6,128,mercaderes,100,90,1,187,39,0,0,0,18,44,0,0,0,2,,0,0
1212-3,6,129,mercaderes,100,90,1,202,38,0,0,0,18,44,0,0,0,2,,0,0
1212-3,6,130,mercaderes,108,90,1,224,35,0,0,0,18,44,0,0,0,2,,0,0
1212-3,6,131,mercaderes,108,90,1,246,48,0,0,0,36,62,0,0,0,2,,0,0
1212-3,6,132,mercaderes,108,90,1,268,60,0,0,0,36,62,0,0,0,2,,0,0
1212-3,6,133,mercaderes,108,90,1,275,72,0,0,0,36,62,0,0,0,2,1,13,0
1212-3,6,134,mercaderes,108,90,1,203,87,0,0,0,36,62,0,0,0,2,,0,0
1212-3,6,135,mercaderes,108,90,1,212,101,0,0,0,36,62,0,0,0,2,,0,0
1212-3,6,136,mercaderes,108,90,1,227,115,0,0,0,36,62,0,0,0,2,,0,0
1212-3,6,137,mercaderes,108,90,1,249,113,0,0,0,22,48,0,0,0,2,,0,0
1212-3,6,138,mercaderes,108,90,1,271,109,0,0,0,22,48,0,0,0,2,,0,0
1212-3,6,139,mercaderes,108,94,1,384,105,0,0,0,22,48,0,0,0,2,1,16,0
1212-3,6,140,mercaderes,108,94,1,353,107,0,0,0,22,48,0,0,0,2,,0,0
1212-3,6,141,mercaderes,108,94,1,322,109,0,0,0,22,48,0,0,0,2,,0,0
1212-3,6,142,mercaderes,108,94,1,301,111,0,0,0,22,48,0,0,0,2,,0,0
1212-3,6,143,mercaderes,108,94,1,316,104,0,0,0,13,39,0,0,0,2,,0,0
1212-3,6,144,mercaderes,108,94,1,329,93,0,0,0,13,30,0,0,0,2,,0,0
1212-3,6,145,mercaderes,108,90,1,332,71,0,0,0,13,30,0,0,0,2,1,18,0
1212-3,6,146,mercaderes,108,90,1,292,67,0,0,0,13,30,0,0,0,2,,0,0
1212-3,6,147,mercaderes,108,90,1,252,63,0,0,0,13,30,0,0,0,2,,0,0
1212-3,6,148,mercaderes,108,90,1,212,59,0,0,0,13,30,0,0,0,2,,0,0
1212-3,6,149,mercaderes,108,90,1,172,60,0,0,0,18,35,0,0,0,2,,0,0
1212-3,6,150,mercaderes,108,90,1,190,61,0,0,0,18,44,0,0,0,2,,0,0
1212-3,6,151,mercaderes,108,90,1,200,41,0,0,0,18,44,0,0,0,2,1,14,0
1212-3,6,152,mercaderes,108,90,1,196,40,0,0,0,18,51,0,0,0,2,,0,0
1212-3,6,153,mercaderes,108,90,1,225,39,0,0,0,18,51,0,0,0,2,,0,0
1212-3,6,154,mercaderes,116,90,1,254,34,0,0,0,18,51,0,0,0,2,,0,0
1212-3,6,155,mercaderes,116,90,1,283,36,0,0,0,25,58,0,0,0,2,,0,0
1212-3,6,156,mercaderes,116,90,1,312,38,0,0,0,25,58,0,0,0,2,,0,0
1212-3,6,157,mercaderes,116,90,1,320,40,0,0,0,25,58,0,0,0,2,1,16,0
1212-3,6,158,mercaderes,116,90,1,254,46,0,0,0,25,58,0,0,0,2,,0,0
1212-3,6,159,mercaderes,116,90,1,239,52,0,0,0,25,58,0,0,0,2,,0,0
1212-3,6,160,mercaderes,116,90,1,254,57,0,0,0,25,58,0,0,0,2,,0,0
1212-3,6,161,mercaderes,116,90,1,279,59,0,0,0,22,55,0,0,0,2,,0,0
1212-3,6,162,mercaderes,116,90,1,308,58,0,0,0,22,55,0,0,0,2,,0,0
1212-3,6,163,mercaderes,116,90,1,434,56,0,0,0,22,55,0,0,0,2,1,16,0
1212-3,6,164,mercaderes,116,90,1,410,61,0,0,0,22,55,0,0,0,2,,0,0
1212-3,6,165,mercaderes,116,90,1,386,66,0,0,0,22,55,0,0,0,2,,0,0
1212-3,6,166,mercaderes,116,90,1,362,71,0,0,0,22,55,0,0,0,2,,0,0
1212-3,6,167,mercaderes,116,90,1,358,67,0,0,0,13,46,0,0,0,2,,0,0
1212-3,6,168,mercaderes,116,90,1,375,63,0,0,0,13,34,0,0,0,2,,0,0
1212-3,6,169,mercaderes,116,94,1,423,53,0,0,0,13,34,0,0,0,2,1,19,0
1212-3,6,170,mercaderes,116,94,1,387,49,0,0,0,13,34,0,0,0,2,,0,0
1212-3,6,171,mercaderes,116,94,1,351,45,0,0,0,13,34,0,0,0,2,,0,0
1212-3,6,172,mercaderes,116,94,1,315,41,0,0,0,13,34,0,0,0,2,,0,0
1212-3,6,173,mercaderes,116,94,1,279,42,0,0,0,18,39,0,0,0,2,,0,0
1212-3,6,174,mercaderes,116,94,1,265,43,0,0,0,18,51,0,0,0,2,,0,0
1212-3,6,175,mercaderes,116,94,1,290,44,0,0,0,18,51,0,0,0,2,1,11,0
1212-3,6,176,mercaderes,116,94,1,224,42,0,0,0,18,51,0,0,0,2,,0,0
1212-3,6,177,mercaderes,116,94,1,239,40,0,0,0,18,51,0,0,0,2,,0,0
1212-3,6,178,mercaderes,116,94,1,268,38,0,0,0,18,51,0,0,0,2,,0,0
1212-3,6,179,mercaderes,116,94,1,297,49,0,0,0,36,69,0,0,0,2,,0,0
1212-3,6,180,mercaderes,116,94,1,326,60,0,0,0,36,69,0,0,0,2,,0,0
1212-3,6,181,mercaderes,116,90,1,314,61,0,0,0,36,69,0,0,0,2,1,16,0
1212-3,6,182,mercaderes,116,90,1,269,78,0,0,0,36,69,0,0,0,2,,0,0
1212-3,6,183,mercaderes,116,90,1,224,94,0,0,0,36,69,0,0,0,2,,0,0
1212-3,6,184,mercaderes,116,90,1,230,109,0,0,0,36,69,0,0,0,2,,0,0
1212-3,6,185,mercaderes,116,90,1,240,116,0,0,0,28,61,0,0,0,2,,0,0
1212-3,6,186,mercaderes,116,90,1,269,122,0,0,0,28,61,0,0,0,2,,0,0
1212-3,6,187,mercaderes,116,90,1,432,106,0,0,0,28,61,0,0,0,2,1,25,0
1212-3,6,188,mercaderes,116,90,1,408,113,0,0,0,28,61,0,0,0,2,,0,0
1212-3,6,189,mercaderes,124,90,1,384,120,0,0,0,28,61,0,0,0,2,,0,0
1212-3,6,190,mercaderes,124,90,1,370,127,0,0,0,28,61,0,0,0,2,,0,0
1212-3,6,191,mercaderes,124,90,1,390,119,0,0,0,13,46,0,0,0,2,,0,0
1212-3,6,192,mercaderes,124,90,1,407,106,0,0,0,13,34,0,0,0,2,,0,0
1212-3,6,193,mercaderes,124,90,1,436,92,0,0,0,13,34,0,0,0,2,1,18,0
1212-3,6,194,mercaderes,124,90,1,398,85,0,0,0,13,34,0,0,0,2,,0,0
1212-3,6,195,mercaderes,124,90,1,362,79,0,0,0,13,34,0,0,0,2,,0,0
1212-3,6,196,mercaderes,124,90,1,324,73,0,0,0,13,34,0,0,0,2,,0,0
1212-3,6,197,mercaderes,124,90,1,288,64,0,0,0,18,39,0,0,0,2,,0,0
1212-3,6,198,mercaderes,124,90,1,264,63,0,0,0,18,51,0,0,0,2,,0,0
1212-3,6,199,mercaderes,124,90,1,298,62,0,0,0,18,51,0,0,0,2,1,11,0
1212-3,6,200,mercaderes,124,90,1,233,54,0,0,0,14,47,0,0,0,2,,0,0
1212-3,6,1,mesta,21,25,1,40,76,0,0,0,5,9,0,0,0,0,1,5,0
1212-3,6,2,mesta,21,25,1,38,71,0,0,0,5,7,0,0,0,0,,0,0
1212-3,6,3,mesta,21,25,1,36,66,0,0,0,5,7,0,0,0,0,,0,0
1212-3,6,4,mesta,21,25,1,34,61,0,0,0,5,7,0,0,0,0,,0,0
1212-3,6,5,mesta,21,26,1,32,57,0,0,0,6,8,0,1,0,0,,0,0
1212-3,6,6,mesta,21,27,1,40,55,0,0,0,6,18,0,0,0,0,,0,0
1212-3,6,7,mesta,20,24,1,28,44,0,0,0,6,18,0,0,0,0,1,1,0
1212-3,6,8,mesta,21,25,1,36,43,0,0,0,6,18,0,0,0,0,,0,0
1212-3,6,9,mesta,21,26,1,44,42,0,0,0,6,18,0,0,0,0,,0,0
1212-3,6,10,mesta,21,27,1,52,41,0,0,0,6,18,0,0,0,0,,0,0
1212-3,6,11,mesta,21,28,1,60,47,0,0,0,13,25,0,0,0,0,,0,0
1212-3,6,12,mesta,21,29,1,68,51,0,0,0,13,25,0,0,0,0,,0,0
1212-3,6,13,mesta,22,30,1,76,55,0,0,0,13,25,0,0,0,0,1,1,0
1212-3,6,14,mesta,22,31,1,86,59,0,0,0,13,27,0,0,0,0,,0,0
1212-3,6,15,mesta,22,32,1,96,63,0,0,0,13,27,0,0,0,0,,0,0
1212-3,6,16,mesta,22,33,1,106,66,0,0,0,13,27,0,0,0,0,,0,0
1212-3,6,17,mesta,22,34,1,116,64,0,0,0,8,22,0,0,0,0,,0,0
1212-3,6,18,mesta,23,35,1,126,62,0,0,0,8,22,0,0,0,0,,0,0
1212-3,6,19,mesta,22,34,1,43,60,0,0,0,8,22,0,0,0,0,1,4,0
1212-3,6,20,mesta,22,34,1,43,60,0,0,0,8,22,0,0,0,0,,0,0
1212-3,6,21,mesta,23,35,1,53,57,0,0,0,8,22,0,1,0,0,,0,0
1212-3,6,22,mesta,23,35,1,63,56,0,0,0,8,31,0,0,0,0,,0,0
1212-3,6,23,mesta,23,35,1,73,52,0,0,0,5,28,0,0,0,0,,0,0
1212-3,6,24,mesta,23,35,1,80,48,0,0,0,5,25,0,0,0,0,,0,0
1212-3,6,25,mesta,23,35,1,87,45,0,0,0,5,25,0,0,0,0,1,3,0
1212-3,6,26,mesta,23,35,1,94,46,0,0,0,5,25,0,0,0,0,,0,0
1212-3,6,27,mesta,23,35,1,101,43,0,0,0,5,25,0,0,0,0,,0,0
1212-3,6,28,mesta,23,35,1,108,40,0,0,0,5,25,0,0,0,0,,0,0
1212-3,6,29,mesta,23,35,1,115,38,0,0,0,6,26,0,0,0,0,,0,0
1212-3,6,30,mesta,23,35,1,125,36,0,0,0,6,29,0,0,0,0,,0,0
1212-3,6,31,mesta,23,35,1,83,34,0,0,0,6,29,0,0,0,0,1,16,0
1212-3,6,32,mesta,23,35,1,88,33,0,0,0,6,29,0,0,0,0,,0,0
1212-3,6,33,mesta,23,35,1,98,32,0,0,0,6,29,0,0,0,0,,0,0
1212-3,6,34,mesta,23,35,1,108,30,0,0,0,6,29,0,0,0,0,,0,0
1212-3,6,35,mesta,23,36,1,118,35,0,0,0,13,36,0,0,0,0,,0,0
1212-3,6,36,mesta,23,37,1,128,39,0,0,0,13,36,0,0,0,0,,0,0
1212-3,6,37,mesta,23,38,1,257,43,0,0,0,13,36,0,0,0,0,1,17,0
1212-3,6,38,mesta,23,39,1,262,48,0,0,0,13,36,0,0,0,0,,0,0
1212-3,6,39,mesta,24,40,1,267,52,0,0,0,13,36,0,0,0,0,,0,0
1212-3,6,40,mesta,24,42,1,279,55,0,0,0,13,38,0,0,0,0,,0,0
1212-3,6,41,mesta,24,42,1,291,52,0,0,0,8,33,0,0,0,0,,0,0
1212-3,6,42,mesta,24,42,1,303,49,0,0,0,8,33,0,0,0,0,,0,0
1212-3,6,43,mesta,23,38,1,423,37,0,0,0,8,33,0,0,0,0,1,24,0
1212-3,6,44,mesta,23,38,1,386,40,0,0,0,8,31,0,0,0,0,,0,0
1212-3,6,45,mesta,23,38,1,349,40,0,0,0,8,31,0,1,0,0,,0,0
1212-3,6,46,mesta,23,38,1,312,42,0,0,0,8,31,0,0,0,0,,0,0
1212-3,6,47,mesta,23,38,1,275,41,0,0,0,5,28,0,0,0,0,,0,0
1212-3,6,48,mesta,23,38,1,277,40,0,0,0,5,25,0,0,0,0,,0,0
1212-3,6,49,mesta,23,38,1,370,23,0,0,0,5,25,0,0,0,0,1,27,0
1212-3,6,50,mesta,23,38,1,330,23,0,0,0,5,25,0,0,0,0,,0,0
1212-3,6,51,mesta,23,38,1,290,23,0,0,0,5,25,0,0,0,0,,0,0
1212-3,6,52,mesta,23,38,1,250,23,0,0,0,5,25,0,0,0,0,,0,0
1212-3,6,53,mesta,23,38,1,228,24,0,0,0,6,26,0,0,0,0,,0,0
1212-3,6,54,mesta,41,38,1,238,25,0,0,0,6,29,0,0,0,1,,0,0
1212-3,6,55,mesta,41,38,1,294,22,0,0,0,6,29,0,0,0,1,1,20,0
1212-3,6,56,mesta,41,38,1,221,20,0,0,0,6,29,0,0,0,1,,0,0
1212-3,6,57,mesta,41,38,1,226,18,0,0,0,6,29,0,0,0,1,,0,0
1212-3,6,58,mesta,41,38,1,231,16,1,0,0,6,29,0,0,0,1,,0,0
1212-3,6,59,mesta,41,38,1,241,21,1,0,0,13,36,0,0,0,1,,0,0
1212-3,6,60,mesta,41,38,1,251,24,1,0,0,13,36,0,0,0,1,,0,0
1212-3,6,61,mesta,41,38,1,420,27,1,0,0,13,36,0,0,0,1,1,20,0
1212-3,6,62,mesta,41,39,1,347,31,1,0,0,13,36,0,0,0,1,,0,0
1212-3,6,63,mesta,42,40,1,334,35,1,0,0,13,36,0,0,0,1,,0,0
1212-3,6,64,mesta,42,42,1,346,38,1,0,0,13,38,0,0,0,1,,0,0
1212-3,6,65,mesta,42,42,1,358,35,1,0,0,8,33,0,0,0,1,,0,0
1212-3,6,66,mesta,42,42,1,370,32,1,0,0,8,33,0,0,0,1,,0,0
1212-3,6,67,mesta,42,42,1,566,21,1,0,0,8,33,0,0,0,1,1,26,0
1212-3,6,68,mesta,42,42,1,531,23,1,0,0,8,33,0,0,0,1,,0,0
1212-3,6,69,mesta,42,42,1,496,25,1,0,0,8,33,0,0,0,1,,0,0
1212-3,6,70,mesta,42,42,1,461,27,1,0,0,8,33,0,0,0,1,,0,0
1212-3,6,71,mesta,42,42,1,426,26,1,0,0,5,30,0,0,0,1,,0,0
1212-3,6,72,mesta,42,42,1,387,25,1,0,0,5,26,0,0,0,1,,0,0
1212-3,6,73,mesta,42,42,1,477,24,1,0,0,5,26,0,0,0,1,1,24,0
1212-3,6,74,mesta,42,42,1,438,23,1,0,0,5,26,0,0,0,1,,0,0
1212-3,6,75,mesta,42,42,1,399,22,1,0,0,5,26,0,0,0,1,,0,0
1212-3,6,76,mesta,42,42,1,360,21,1,0,0,5,26,0,0,0,1,,0,0
1212-3,6,77,mesta,42,42,1,321,21,1,0,0,6,27,0,0,0,1,,0,0
1212-3,6,78,mesta,42,42,1,286,21,1,0,0,6,31,0,0,0,1,,0,0
1212-3,6,79,mesta,42,42,1,336,21,1,0,0,6,31,0,0,0,1,1,21,0
1212-3,6,80,mesta,42,42,1,265,18,1,0,0,6,31,0,0,0,1,,0,0
1212-3,6,81,mesta,42,42,1,219,15,1,0,0,6,31,0,0,0,1,,0,0
1212-3,6,82,mesta,42,42,1,231,12,1,0,0,6,31,0,0,0,1,,0,0
1212-3,6,83,mesta,42,42,1,243,15,1,0,0,13,38,0,0,0,1,,0,0
1212-3,6,84,mesta,42,42,1,255,18,1,0,0,13,38,0,0,0,1,,0,0
1212-3,6,85,mesta,42,42,1,445,21,1,0,0,13,38,0,0,0,1,1,21,0
1212-3,6,86,mesta,42,42,1,374,25,1,0,0,13,38,0,0,0,1,,0,0
1212-3,6,87,mesta,42,42,1,363,28,1,0,0,13,38,0,0,0,1,,0,0
1212-3,6,88,mesta,42,44,1,370,31,1,0,0,13,38,0,0,0,1,,0,0
1212-3,6,89,mesta,42,44,1,382,28,1,0,0,8,33,0,0,0,1,,0,0
1212-3,6,90,mesta,42,44,1,394,24,1,0,0,8,33,0,0,0,1,,0,0
1212-3,6,91,mesta,42,44,1,597,21,1,0,0,8,33,0,0,0,1,1,24,0
1212-3,6,92,mesta,42,44,1,562,22,1,0,0,8,33,0,0,0,1,,0,0
1212-3,6,93,mesta,42,44,1,527,23,1,0,0,8,33,0,0,0,1,,0,0
1212-3,6,94,mesta,42,44,1,492,24,1,0,0,8,33,0,0,0,1,,0,0
1212-3,6,95,mesta,42,44,1,457,22,1,0,0,5,30,0,0,0,1,,0,0
1212-3,6,96,mesta,42,44,1,418,20,1,0,0,5,26,0,0,0,1,,0,0
1212-3,6,97,mesta,42,44,1,499,18,1,0,0,5,26,0,0,0,1,1,24,0
1212-3,6,98,mesta,42,44,1,460,16,1,0,0,5,26,0,0,0,1,,0,0
1212-3,6,99,mesta,42,44,1,421,14,1,0,0,5,26,0,0,0,1,,0,0
1212-3,6,100,mesta,42,44,1,382,12,1,0,0,5,26,0,0,0,1,,0,0
1212-3,6,101,mesta,42,44,1,343,11,1,0,0,6,27,0,0,0,1,,0,0
1212-3,6,102,mesta,42,44,1,308,10,1,0,0,6,31,0,0,0,1,,0,0
1212-3,6,103,mesta,42,44,1,358,9,1,0,0,6,31,0,0,0,1,1,23,0
1212-3,6,104,mesta,42,44,1,287,5,1,0,0,6,31,0,0,0,1,,0,0
1212-3,6,105,mesta,42,44,1,241,1,1,0,0,6,31,0,0,0,1,,0,0
1212-3,6,106,mesta,41,44,1,230,1,1,0,0,6,31,1,0,0,1,,0,0
1212-3,6,107,mesta,41,44,1,242,4,1,0,0,13,38,0,0,0,1,,0,0
1212-3,6,108,mesta,41,44,1,254,6,1,0,0,13,38,0,0,0,1,,0,0
1212-3,6,109,mesta,41,44,1,445,8,1,0,0,13,38,0,0,0,1,1,21,0
1212-3,6,110,mesta,41,44,1,374,11,1,0,0,13,38,0,0,0,1,,0,0
1212-3,6,111,mesta,41,44,1,363,14,1,0,0,13,38,0,0,0,1,,0,0
1212-3,6,112,mesta,41,44,1,370,17,1,0,0,13,38,0,0,0,1,,0,0
1212-3,6,113,mesta,41,44,1,382,15,1,0,0,8,33,0,0,0,1,,0,0
1212-3,6,114,mesta,41,44,1,394,12,1,0,0,8,33,0,0,0,1,,0,0
1212-3,6,115,mesta,41,44,1,594,9,1,0,0,8,33,0,0,0,1,1,24,0
1212-3,6,116,mesta,41,44,1,559,10,1,0,0,8,33,0,0,0,1,,0,0
1212-3,6,117,mesta,41,44,1,524,11,1,0,0,8,33,0,0,0,1,,0,0
1212-3,6,118,mesta,41,44,1,489,12,1,0,0,8,33,0,0,0,1,,0,0
1212-3,6,119,mesta,41,44,1,454,10,1,0,0,5,30,0,0,0,1,,0,0
1212-3,6,120,mesta,41,44,1,415,8,1,0,0,5,26,0,0,0,1,,0,0
1212-3,6,121,mesta,41,44,1,501,6,1,0,0,5,26,0,0,0,1,1,24,0
1212-3,6,122,mesta,41,44,1,462,4,1,0,0,5,26,0,0,0,1,,0,0
1212-3,6,123,mesta,40,44,1,423,4,1,0,0,5,26,1,0,0,1,,0,0
1212-3,6,124,mesta,39,44,1,384,4,1,0,0,5,26,1,0,0,1,,0,0
1212-3,6,125,mesta,38,43,1,345,4,1,0,0,6,27,1,0,0,1,,0,0
1212-3,6,126,mesta,38,43,1,310,4,1,0,0,6,31,0,0,0,1,,0,0
1212-3,6,127,mesta,38,43,1,362,4,1,0,0,6,31,0,0,0,1,1,21,0
1212-3,6,128,mesta,38,43,1,291,1,1,0,0,6,31,0,0,0,1,,0,0
1212-3,6,129,mesta,37,43,1,220,1,1,0,0,6,31,1,0,0,1,,0,0
1212-3,6,130,mesta,36,43,1,232,1,1,0,0,6,31,1,0,0,1,,0,0
1212-3,6,131,mesta,36,43,1,244,4,1,0,0,13,38,0,0,0,1,,0,0
1212-3,6,132,mesta,36,43,1,256,7,1,0,0,13,38,0,0,0,1,,0,0
1212-3,6,133,mesta,36,43,1,469,10,1,0,0,13,38,0,0,0,1,1,21,0
1212-3,6,134,mesta,36,43,1,398,14,1,0,0,13,38,0,0,0,1,,0,0
1212-3,6,135,mesta,36,43,1,387,18,1,0,0,13,38,0,0,0,1,,0,0
1212-3,6,136,mesta,36,43,1,394,22,1,0,0,13,38,0,0,0,1,,0,0
1212-3,6,137,mesta,36,43,1,406,21,1,0,0,8,33,0,0,0,1,,0,0
1212-3,6,138,mesta,36,43,1,418,19,1,0,0,8,33,0,0,0,1,,0,0
1212-3,6,139,mesta,36,43,1,622,17,1,0,0,8,33,0,0,0,1,1,24,0
1212-3,6,140,mesta,36,43,1,587,19,1,0,0,8,33,0,0,0,1,,0,0
1212-3,6,141,mesta,36,43,1,552,21,1,0,0,8,33,0,0,0,1,,0,0
1212-3,6,142,mesta,36,43,1,517,23,1,0,0,8,33,0,0,0,1,,0,0
1212-3,6,143,mesta,36,43,1,482,22,1,0,0,5,30,0,0,0,1,,0,0
1212-3,6,144,mesta,36,43,1,443,21,1,0,0,5,26,0,0,0,1,,0,0
1212-3,6,145,mesta,36,43,1,523,20,1,0,0,5,26,0,0,0,1,1,24,0
1212-3,6,146,mesta,36,43,1,484,19,1,0,0,5,26,0,0,0,1,,0,0
1212-3,6,147,mesta,36,43,1,445,18,1,0,0,5,26,0,0,0,1,,0,0
1212-3,6,148,mesta,36,43,1,406,17,1,0,0,5,26,0,0,0,1,,0,0
1212-3,6,149,mesta,36,43,1,367,17,1,0,0,6,27,0,0,0,1,,0,0
1212-3,6,150,mesta,36,43,1,332,17,1,0,0,6,31,0,0,0,1,,0,0
1212-3,6,151,mesta,36,43,1,382,17,1,0,0,6,31,0,0,0,1,1,24,0
1212-3,6,152,mesta,36,43,1,311,14,1,0,0,6,31,0,0,0,1,,0,0
1212-3,6,153,mesta,36,43,1,240,11,1,0,0,6,31,0,0,0,1,,0,0
1212-3,6,154,mesta,36,43,1,229,8,1,0,0,6,31,0,0,0,1,,0,0
1212-3,6,155,mesta,36,43,1,241,12,1,0,0,13,38,0,0,0,1,,0,0
1212-3,6,156,mesta,36,43,1,253,15,1,0,0,13,38,0,0,0,1,,0,0
1212-3,6,157,mesta,36,43,1,476,18,1,0,0,13,38,0,0,0,1,1,23,0
1212-3,6,158,mesta,36,43,1,414,22,1,0,0,13,38,0,0,0,1,,0,0
1212-3,6,159,mesta,36,43,1,403,25,1,0,0,13,38,0,0,0,1,,0,0
1212-3,6,160,mesta,36,43,1,401,28,1,0,0,13,38,0,0,0,1,,0,0
1212-3,6,161,mesta,36,43,1,408,26,1,0,0,8,33,0,0,0,1,,0,0
1212-3,6,162,mesta,36,43,1,420,25,1,0,0,8,33,0,0,0,1,,0,0
1212-3,6,163,mesta,36,43,1,552,23,1,0,0,8,33,0,0,0,1,1,19,0
1212-3,6,164,mesta,36,43,1,529,26,1,0,0,8,33,0,0,0,1,,0,0
1212-3,6,165,mesta,36,43,1,506,29,1,0,0,8,33,0,0,0,1,,0,0
1212-3,6,166,mesta,36,43,1,483,31,1,0,0,8,33,0,0,0,1,,0,0
1212-3,6,167,mesta,36,43,1,460,31,1,0,0,5,30,0,0,0,1,,0,0
1212-3,6,168,mesta,36,43,1,433,31,1,0,0,5,26,0,0,0,1,,0,0
1212-3,6,169,mesta,36,43,1,504,31,1,0,0,5,26,0,0,0,1,1,24,0
1212-3,6,170,mesta,36,43,1,463,28,1,0,0,5,26,0,0,0,1,,0,0
1212-3,6,171,mesta,36,43,1,424,25,1,0,0,5,26,0,0,0,1,,0,0
1212-3,6,172,mesta,36,43,1,383,22,1,0,0,5,26,0,0,0,1,,0,0
1212-3,6,173,mesta,36,43,1,344,20,1,0,0,6,27,0,0,0,1,,0,0
1212-3,6,174,mesta,36,43,1,309,18,1,0,0,6,31,0,0,0,1,,0,0
1212-3,6,175,mesta,36,43,1,366,16,1,0,0,6,31,0,0,0,1,1,21,0
1212-3,6,176,mesta,36,43,1,295,11,1,0,0,6,31,0,0,0,1,,0,0
1212-3,6,177,mesta,36,43,1,220,6,1,0,0,6,31,0,0,0,1,,0,0
1212-3,6,178,mesta,36,43,1,232,3,1,0,0,8,33,0,0,0,1,,0,0
1212-3,6,179,mesta,36,43,1,244,7,1,0,0,16,41,0,0,0,1,,0,0
1212-3,6,180,mesta,36,43,1,256,11,1,0,0,16,41,0,0,0,1,,0,0
1212-3,6,181,mesta,36,43,1,469,15,1,0,0,16,41,0,0,0,1,1,21,0
1212-3,6,182,mesta,36,43,1,398,20,1,0,0,16,41,0,0,0,1,,0,0
1212-3,6,183,mesta,36,43,1,387,25,1,0,0,16,41,0,0,0,1,,0,0
1212-3,6,184,mesta,36,43,1,394,26,1,0,0,13,38,0,0,0,1,,0,0
1212-3,6,185,mesta,36,43,1,406,23,1,0,0,8,33,0,0,0,1,,0,0
1212-3,6,186,mesta,36,43,1,418,19,1,0,0,8,33,0,0,0,1,,0,0
1212-3,6,187,mesta,36,43,1,624,15,1,0,0,8,33,0,0,0,1,1,24,0
1212-3,6,188,mesta,36,43,1,584,15,1,0,0,8,33,0,0,0,1,,0,0
1212-3,6,189,mesta,36,43,1,549,15,1,0,0,8,33,0,0,0,1,,0,0
1212-3,6,190,mesta,36,43,1,514,15,1,0,0,8,33,0,0,0,1,,0,0
1212-3,6,191,mesta,36,43,1,477,12,1,0,0,5,30,0,0,0,1,,0,0
1212-3,6,192,mesta,36,43,1,436,9,1,0,0,5,26,0,0,0,1,,0,0
1212-3,6,193,mesta,36,43,1,517,6,1,0,0,5,26,0,0,0,1,1,24,0
1212-3,6,194,mesta,35,43,1,478,4,1,0,0,5,26,1,0,0,1,,0,0
1212-3,6,195,mesta,34,43,1,436,4,1,0,0,5,26,1,0,0,1,,0,0
1212-3,6,196,mesta,33,42,1,397,4,1,0,0,5,26,1,0,0,1,,0,0
1212-3,6,197,mesta,32,41,1,358,4,1,0,0,6,27,1,0,0,1,,0,0
1212-3,6,198,mesta,31,40,1,323,4,1,0,0,6,31,1,0,0,1,,0,0
1212-3,6,199,mesta,29,39,1,369,4,1,0,0,6,31,1,0,0,1,1,23,0
1212-3,6,200,mesta,28,38,1,296,1,1,0,0,6,29,1,0,0,1,,0,0
1212-3,6,1,monjes,27,56,1,18,68,0,0,0,15,27,0,0,0,0,1,5,0
1212-3,6,2,monjes,27,56,1,19,63,0,0,0,15,20,0,0,0,0,,0,0
1212-3,6,3,monjes,27,56,1,20,58,0,0,0,15,20,0,1,0,0,,0,0
1212-3,6,4,monjes,27,58,1,21,62,0,0,0,22,27,0,0,0,0,,0,0
1212-3,6,5,monjes,28,60,1,22,73,0,0,0,30,35,0,1,0,0,,0,0
1212-3,6,6,monjes,43,63,1,38,85,0,0,0,30,50,0,0,0,1,,0,0
1212-3,6,7,monjes,43,61,1,34,87,0,0,0,30,50,0,0,0,1,1,2,0
1212-3,6,8,monjes,43,64,1,50,98,0,0,0,30,50,0,0,0,1,,0,0
1212-3,6,9,monjes,44,67,1,66,108,0,0,0,30,50,0,0,0,1,,0,0
1212-3,6,10,monjes,45,70,1,82,118,0,0,0,30,50,0,0,0,1,,0,0
1212-3,6,11,monjes,45,73,1,100,155,0,0,0,60,82,0,0,0,1,,0,0
1212-3,6,12,monjes,46,76,1,118,190,0,0,0,60,82,0,0,0,1,,0,0
1212-3,6,13,monjes,46,75,1,65,213,0,0,0,60,82,0,0,0,1,1,5,0
1212-3,6,14,monjes,46,78,1,79,245,0,0,0,60,77,0,0,0,1,,0,0
1212-3,6,15,monjes,47,81,1,93,275,0,0,0,60,77,0,0,0,1,,0,0
1212-3,6,16,monjes,48,85,1,109,303,0,0,0,60,79,0,0,0,1,,0,0
1212-3,6,17,monjes,48,89,1,125,307,0,0,0,37,56,0,0,0,1,,0,0
1212-3,6,18,monjes,49,90,1,141,310,0,0,0,37,56,0,0,0,1,,0,0
1212-3,6,19,monjes,49,90,1,99,290,0,0,0,37,57,0,0,0,1,1,25,0
1212-3,6,20,monjes,67,90,1,87,287,0,0,0,37,57,0,0,0,2,,0,0
1212-3,6,21,monjes,67,90,1,104,280,0,0,0,37,57,0,0,0,2,,0,0
1212-3,6,22,monjes,67,90,1,121,274,0,0,0,37,57,0,0,0,2,,0,0
1212-3,6,23,monjes,67,90,1,138,248,0,0,0,22,42,0,0,0,2,,0,0
1212-3,6,24,monjes,75,90,1,149,229,0,0,0,22,36,0,0,0,2,,0,0
1212-3,6,25,monjes,75,90,1,237,203,0,0,0,22,36,0,0,0,2,1,15,0
1212-3,6,26,monjes,75,90,1,212,190,0,0,0,22,36,0,0,0,2,,0,0
1212-3,6,27,monjes,75,90,1,223,173,0,0,0,22,36,0,0,0,2,,0,0
1212-3,6,28,monjes,75,90,1,234,157,0,0,0,22,36,0,0,0,2,,0,0
1212-3,6,29,monjes,75,90,1,245,159,0,0,0,30,44,0,0,0,2,,0,0
1212-3,6,30,monjes,75,90,1,262,161,0,0,0,30,50,0,0,0,2,,0,0
1212-3,6,31,monjes,75,90,1,256,145,0,0,0,30,50,0,0,0,2,1,24,0
1212-3,6,32,monjes,83,90,1,196,147,0,2,0,30,50,0,0,0,2,,0,0
1212-3,6,33,monjes,83,90,1,191,149,0,3,0,30,50,0,0,0,2,,0,0
1212-3,6,34,monjes,83,90,1,208,149,0,3,0,30,50,0,0,0,2,,0,0
1212-3,6,35,monjes,91,90,1,225,180,0,3,0,60,80,0,0,0,2,,0,0
1212-3,6,36,monjes,91,90,1,242,210,0,3,0,60,80,0,0,0,2,,0,0
1212-3,6,37,monjes,91,90,1,215,224,0,1,0,60,80,0,0,0,2,1,15,0
1212-3,6,38,monjes,91,90,1,162,249,0,1,0,60,80,0,0,0,2,,0,0
1212-3,6,39,monjes,91,90,1,139,272,0,1,0,60,80,0,0,0,2,,0,0
1212-3,6,40,monjes,91,90,1,156,298,0,1,0,60,80,0,0,0,2,,0,0
1212-3,6,41,monjes,91,90,1,173,301,0,1,0,37,57,0,0,0,2,,0,0
1212-3,6,42,monjes,91,90,1,190,304,0,1,0,37,57,0,0,0,2,,0,0
1212-3,6,43,monjes,90,89,1,216,278,0,1,0,37,57,0,0,0,2,1,32,0
1212-3,6,44,monjes,99,90,1,172,278,0,1,0,37,56,0,0,0,2,,0,0
1212-3,6,45,monjes,178,96,2,189,272,0,1,0,37,57,0,0,0,3,,0,0
1212-3,6,46,monjes,178,97,2,201,264,0,1,0,37,57,0,0,0,3,,0,0
1212-3,6,47,monjes,178,97,2,213,234,0,1,0,22,42,0,0,0,3,,0,0
1212-3,6,48,monjes,186,97,2,219,213,0,1,0,22,36,0,0,0,3,,0,0
1212-3,6,49,monjes,185,92,2,289,184,0,1,0,22,36,0,0,0,3,1,22,0
1212-3,6,50,monjes,185,92,2,225,171,0,1,0,22,36,0,0,0,3,,0,0
1212-3,6,51,monjes,185,92,2,221,155,0,1,0,22,36,0,1,0,3,,0,0
1212-3,6,52,monjes,274,97,3,217,149,0,1,0,23,37,0,0,0,4,,0,0
1212-3,6,53,monjes,274,99,3,219,149,0,1,0,32,46,0,0,0,4,,0,0
1212-3,6,54,monjes,275,101,3,227,150,0,1,0,33,53,0,1,0,4,,0,0
1212-3,6,55,monjes,274,98,3,186,97,0,1,0,32,52,0,0,0,4,1,33,0
1212-3,6,56,monjes,283,100,3,131,109,0,2,0,40,61,0,2,0,4,,0,0
1212-3,6,57,monjes,292,108,4,122,170,0,3,0,47,67,0,0,0,4,,0,0
1212-3,6,58,monjes,293,111,4,121,175,0,3,0,48,69,0,1,0,4,,0,0
1212-3,6,59,monjes,293,114,4,109,233,0,3,0,93,115,0,0,0,4,,0,0
1212-3,6,60,monjes,294,117,4,112,287,0,3,0,95,117,0,1,0,4,,0,0
1212-3,6,61,monjes,303,120,4,69,287,0,1,0,96,119,0,0,0,4,1,23,0
1212-3,6,62,monjes,303,123,4,64,332,0,1,0,99,123,0,0,0,4,,0,0
1212-3,6,63,monjes,321,173,5,70,376,0,1,0,102,127,0,1,0,4,,0,0
1212-3,6,64,monjes,322,178,5,77,411,0,1,0,105,142,0,0,0,4,,0,0
1212-3,6,65,monjes,323,183,5,69,409,0,1,0,69,107,0,0,0,4,,0,0
1212-3,6,66,monjes,324,188,5,78,405,0,1,0,70,110,0,1,0,4,,0,0
1212-3,6,67,monjes,326,196,5,205,382,0,1,0,81,122,0,0,0,4,1,24,0
1212-3,6,68,monjes,327,201,5,213,387,0,1,0,80,117,0,0,0,4,,0,0
1212-3,6,69,monjes,345,253,6,221,392,0,1,0,83,120,0,1,0,4,,0,0
1212-3,6,70,monjes,347,264,6,230,388,0,1,0,85,130,0,0,0,4,,0,0
1212-3,6,71,monjes,347,264,6,243,357,0,1,0,60,110,0,0,0,4,,0,0
1212-3,6,72,monjes,347,264,6,250,326,0,1,0,60,104,0,0,0,4,,0,0
1212-3,6,73,monjes,346,255,6,281,251,0,1,0,60,104,0,1,0,4,1,32,0
1212-3,6,74,monjes,346,255,6,230,238,0,1,0,60,99,0,0,0,4,,0,0
1212-3,6,75,monjes,355,260,7,219,263,0,1,0,60,99,0,1,0,4,,0,0
1212-3,6,76,monjes,356,266,7,174,254,0,1,0,67,106,0,1,0,4,,0,0
1212-3,6,77,monjes,357,272,7,156,256,0,1,0,82,127,0,0,0,4,,0,0
1212-3,6,78,monjes,358,278,7,165,254,0,1,0,86,138,0,1,0,4,,0,0
1212-3,6,79,monjes,359,280,7,205,242,0,1,0,96,149,0,0,0,4,1,29,0
1212-3,6,80,monjes,360,286,7,180,254,0,2,0,99,152,0,1,0,4,,0,0
1212-3,6,81,monjes,369,291,7,171,274,0,2,0,110,164,0,0,0,4,,0,0
1212-3,6,82,monjes,370,298,7,179,289,0,2,0,111,167,0,2,0,4,,0,0
1212-3,6,83,monjes,372,305,7,179,382,0,2,0,192,248,0,0,0,4,,0,0
1212-3,6,84,monjes,373,312,7,191,469,0,2,0,194,250,0,1,0,4,,0,0
1212-3,6,85,monjes,374,319,7,223,546,0,2,0,220,276,0,0,0,4,1,16,0
1212-3,6,86,monjes,376,326,7,170,657,0,2,0,222,281,0,1,0,4,,0,0
1212-3,6,87,monjes,392,369,8,185,783,0,2,0,249,308,0,1,0,4,,0,0
1212-3,6,88,monjes,394,377,8,199,885,0,2,0,241,310,0,0,0,4,,0,0
1212-3,6,89,monjes,396,386,8,215,904,0,2,0,161,232,0,0,0,4,,0,0
1212-3,6,90,monjes,398,395,8,231,921,0,2,0,161,232,0,0,0,4,,0,0
1212-3,6,91,monjes,399,401,8,307,920,0,2,0,163,235,0,0,0,4,1,35,0
1212-3,6,92,monjes,408,407,8,244,939,0,2,0,163,238,0,1,0,4,,0,0
1212-3,6,93,monjes,410,417,8,236,961,0,2,0,174,249,0,2,0,4,,0,0
1212-3,6,94,monjes,412,427,8,258,985,0,2,0,181,256,0,1,0,4,,0,0
1212-3,6,95,monjes,414,437,8,280,948,0,2,0,127,202,0,0,0,4,,0,0
1212-3,6,96,monjes,416,449,8,299,918,0,2,0,127,199,0,0,0,4,,0,0
1212-3,6,97,monjes,426,456,8,393,875,0,2,0,127,201,0,0,0,4,1,25,0
1212-3,6,98,monjes,428,469,8,339,848,0,2,0,125,194,0,0,0,4,,0,0
1212-3,6,99,monjes,440,486,9,285,819,0,2,0,127,196,0,0,0,4,,0,0
1212-3,6,100,monjes,442,498,9,277,779,0,2,0,127,198,0,1,0,4,,0,0
1212-3,6,101,monjes,445,510,9,290,767,0,2,0,156,228,0,0,0,4,,0,0
1212-3,6,102,monjes,447,521,9,312,753,0,2,0,156,237,0,1,0,4,,0,0
1212-3,6,103,monjes,449,532,9,419,733,0,2,0,156,238,0,0,0,4,1,33,0
1212-3,6,104,monjes,451,543,9,399,725,0,2,0,156,240,0,1,0,4,,0,0
1212-3,6,105,monjes,461,554,9,364,727,0,2,0,168,252,0,1,0,4,,0,0
1212-3,6,106,monjes,464,566,9,346,726,0,2,0,168,254,0,1,0,4,,0,0
1212-3,6,107,monjes,466,579,9,331,849,0,2,0,298,387,0,0,0,4,,0,0
1212-3,6,108,monjes,469,593,9,327,964,0,2,0,300,390,0,0,0,4,,0,0
1212-3,6,109,monjes,472,607,9,407,1065,0,0,0,302,392,0,1,0,4,1,26,0
1212-3,6,110,monjes,483,621,9,370,1156,0,0,0,293,387,0,0,0,4,,0,0
1212-3,6,111,monjes,486,635,9,333,1239,0,0,0,294,388,0,1,0,4,,0,0
1212-3,6,112,monjes,488,648,9,319,1311,0,0,0,296,393,0,0,0,4,,0,0
1212-3,6,113,monjes,492,665,9,357,1281,0,0,0,201,300,0,1,0,4,,0,0
1212-3,6,114,monjes,495,682,9,397,1255,0,0,0,202,303,0,0,0,4,,0,0
1212-3,6,115,monjes,506,697,9,515,1223,0,0,0,203,307,0,0,0,4,1,24,0
1212-3,6,116,monjes,509,713,9,492,1196,0,0,0,204,313,0,0,0,4,,0,0
1212-3,6,117,monjes,512,729,9,470,1169,0,0,0,204,314,0,1,0,4,,0,0
1212-3,6,118,monjes,516,749,9,440,1141,0,0,0,206,318,0,1,0,4,,0,0
1212-3,6,119,monjes,516,749,9,440,1049,0,0,0,145,257,0,0,0,4,,0,0
1212-3,6,120,monjes,516,749,9,484,955,0,0,0,145,251,0,1,0,4,,0,0
1212-3,6,121,monjes,516,749,9,601,860,0,0,0,145,257,0,0,0,4,1,37,0
1212-3,6,122,monjes,516,749,9,600,785,0,0,0,145,257,0,1,0,4,,0,0
1212-3,6,123,monjes,524,749,9,599,715,0,0,0,145,257,0,0,0,4,,0,0
1212-3,6,124,monjes,524,749,9,598,648,0,0,0,145,257,0,0,0,4,,0,0
1212-3,6,125,monjes,524,749,9,597,612,0,0,0,177,289,0,0,0,4,,0,0
1212-3,6,126,monjes,524,749,9,602,577,0,0,0,177,295,0,1,0,4,,0,0
1212-3,6,127,monjes,523,744,9,689,541,0,0,0,177,295,0,0,0,4,1,33,0
1212-3,6,128,monjes,523,744,9,654,502,0,2,0,173,290,0,1,0,4,,0,0
1212-3,6,129,monjes,532,749,10,619,457,0,4,0,173,290,0,0,0,4,,0,0
1212-3,6,130,monjes,532,749,10,578,423,0,4,0,173,290,0,0,0,4,,0,0
1212-3,6,131,monjes,545,773,10,537,510,0,4,0,298,415,0,0,0,4,,0,0
1212-3,6,132,monjes,550,798,10,500,590,0,4,0,300,422,0,0,0,4,,0,0
1212-3,6,133,monjes,554,819,10,728,663,0,6,0,301,426,0,0,0,4,1,31,0
1212-3,6,134,monjes,558,837,10,735,726,0,6,0,302,428,0,3,0,4,,0,0
1212-3,6,135,monjes,561,853,10,733,843,0,6,0,360,488,0,0,0,4,,0,0
1212-3,6,136,monjes,563,863,10,746,952,0,6,0,362,493,0,1,0,4,,0,0
1212-3,6,137,monjes,565,870,10,749,947,0,6,0,248,381,0,0,0,4,,0,0
1212-3,6,138,monjes,566,879,10,767,941,0,6,0,251,388,0,1,0,4,,0,0
1212-3,6,139,monjes,568,887,10,849,934,0,6,0,255,392,0,0,0,4,1,30,0
1212-3,6,140,monjes,571,900,10,867,914,0,6,0,248,385,0,2,0,4,,0,0
1212-3,6,141,monjes,573,913,10,878,904,0,6,0,251,391,0,0,0,4,,0,0
1212-3,6,142,monjes,576,926,10,899,893,0,6,0,255,395,0,1,0,4,,0,0
1212-3,6,143,monjes,576,926,10,922,803,0,6,0,173,316,0,0,0,4,,0,0
1212-3,6,144,monjes,585,931,11,939,717,0,6,0,173,310,0,0,0,4,,0,0
1212-3,6,145,monjes,584,927,11,988,624,0,6,0,173,310,0,0,0,4,1,30,0
1212-3,6,146,monjes,584,927,11,999,543,0,6,0,173,310,0,0,0,4,,0,0
1212-3,6,147,monjes,584,927,11,1010,465,0,6,0,173,310,0,1,0,4,,0,0
1212-3,6,148,monjes,584,927,11,1011,396,0,6,0,177,314,0,0,0,4,,0,0
1212-3,6,149,monjes,584,927,11,1022,370,0,6,0,221,358,0,0,0,4,,0,0
1212-3,6,150,monjes,584,927,11,1038,345,0,6,0,221,363,0,1,0,4,,0,0
1212-3,6,151,monjes,584,927,11,1124,320,0,6,0,218,361,0,0,0,4,1,26,0
1212-3,6,152,monjes,584,927,11,1140,276,0,0,0,193,336,0,1,0,4,,0,0
1212-3,6,153,monjes,584,927,11,1141,230,0,0,0,193,336,0,0,0,4,,0,0
1212-3,6,154,monjes,584,927,11,1157,184,0,0,0,193,336,0,1,0,4,,0,0
1212-3,6,155,monjes,588,947,11,1173,262,0,0,0,318,460,0,0,0,4,,0,0
1212-3,6,156,monjes,591,964,11,1192,335,0,0,0,321,466,0,0,0,4,,0,0
1212-3,6,157,monjes,595,981,11,1269,401,0,0,0,323,471,0,0,0,4,1,32,0
1212-3,6,158,monjes,597,992,11,1251,457,0,2,0,327,476,0,2,0,4,,0,0
1212-3,6,159,monjes,599,1001,11,1237,539,0,4,0,355,508,0,0,0,4,,0,0
1212-3,6,160,monjes,601,1010,11,1224,619,0,4,0,358,512,0,0,0,4,,0,0
1212-3,6,161,monjes,602,1019,11,1212,599,0,4,0,260,415,0,0,0,4,,0,0
1212-3,6,162,monjes,604,1028,11,1200,580,0,4,0,262,417,0,0,0,4,,0,0
1212-3,6,163,monjes,606,1037,11,1493,549,0,4,0,265,424,0,0,0,4,1,30,0
1212-3,6,164,monjes,607,1041,11,1526,531,0,4,0,266,426,0,0,0,4,,0,0
1212-3,6,165,monjes,608,1045,11,1559,520,0,4,0,269,429,0,0,0,4,,0,0
1212-3,6,166,monjes,608,1049,11,1592,511,0,4,0,272,433,0,0,0,4,,0,0
1212-3,6,167,monjes,616,1049,11,1625,413,0,4,0,180,341,0,0,0,4,,0,0
1212-3,6,168,monjes,616,1049,11,1652,319,0,4,0,180,335,0,0,0,4,,0,0
1212-3,6,169,monjes,616,1049,11,1797,235,0,0,0,180,335,0,0,0,4,1,25,0
1212-3,6,170,monjes,616,1049,11,1824,150,0,0,0,180,335,0,0,0,4,,0,0
1212-3,6,171,monjes,616,1049,11,1851,68,0,0,0,180,335,0,0,0,4,,0,0
1212-3,6,172,monjes,615,1049,11,1878,41,0,0,0,180,335,1,0,0,4,,0,0
1212-3,6,173,monjes,614,1049,11,1905,41,0,0,0,228,383,1,0,0,4,,0,0
1212-3,6,174,monjes,608,1022,11,1938,41,0,0,0,228,389,1,0,0,4,,0,0
1212-3,6,175,monjes,602,995,11,2028,44,0,0,0,226,375,1,0,0,4,1,24,0
1212-3,6,176,monjes,595,968,11,1998,44,0,2,0,224,372,1,0,0,4,,0,0
1212-3,6,177,monjes,589,941,11,1966,44,0,2,0,221,367,1,0,0,4,,0,0
1212-3,6,178,monjes,589,941,11,1930,67,0,1,0,254,396,0,0,0,4,,0,0
1212-3,6,179,monjes,597,983,11,1894,286,0,3,0,460,602,0,0,0,4,,0,0
1212-3,6,180,monjes,606,1025,11,1862,491,0,3,0,464,610,0,0,0,4,,0,0
1212-3,6,181,monjes,610,1047,11,2021,678,0,3,0,468,618,0,0,0,4,1,20,0
1212-3,6,182,monjes,611,1053,11,2068,859,0,3,0,473,633,0,0,0,4,,0,0
1212-3,6,183,monjes,612,1057,11,2117,1034,0,3,0,477,639,0,0,0,4,,0,0
1212-3,6,184,monjes,613,1061,11,2166,1140,0,3,0,413,576,0,0,0,4,,0,0
1212-3,6,185,monjes,614,1065,11,2219,1125,0,3,0,293,456,0,0,0,4,,0,0
1212-3,6,186,monjes,614,1069,11,2273,1112,0,3,0,295,459,0,0,0,4,,0,0
1212-3,6,187,monjes,615,1074,11,2350,1091,0,3,0,298,463,0,0,0,4,1,30,0
1212-3,6,188,monjes,616,1079,11,2386,1073,0,3,0,300,465,0,0,0,4,,0,0
1212-3,6,189,monjes,625,1084,11,2418,1064,0,3,0,303,469,0,0,0,4,,0,0
1212-3,6,190,monjes,626,1089,11,2451,1056,0,3,0,306,472,0,0,0,4,,0,0
1212-3,6,191,monjes,626,1089,11,2487,938,0,3,0,192,359,0,0,0,4,,0,0
1212-3,6,192,monjes,626,1089,11,2517,825,0,3,0,192,353,0,0,0,4,,0,0
1212-3,6,193,monjes,626,1089,11,2641,670,0,3,0,192,353,0,0,0,4,1,35,0
1212-3,6,194,monjes,634,1089,11,2671,568,0,3,0,192,353,0,0,0,4,,0,0
1212-3,6,195,monjes,652,1139,12,2701,470,0,3,0,192,353,0,0,0,4,,0,0
1212-3,6,196,monjes,652,1139,12,2727,356,0,3,0,192,362,0,0,0,4,,0,0
1212-3,6,197,monjes,660,1139,12,2750,305,0,3,0,244,414,0,0,0,4,,0,0
1212-3,6,198,monjes,660,1139,12,2780,256,0,3,0,244,420,0,0,0,4,,0,0
1212-3,6,199,monjes,660,1139,12,2853,209,0,3,0,244,420,0,0,0,4,1,30,0
1212-3,6,200,monjes,660,1139,12,2884,162,0,0,0,244,417,0,2,0,4,,0,0
1212-3,6,1,salineros,27,56,1,3,72,0,13,0,17,36,0,0,0,0,1,6,0
1212-3,6,2,salineros,27,56,1,4,71,0,16,0,17,29,0,0,0,0,,0,0
1212-3,6,3,salineros,27,56,1,5,70,0,19,0,17,29,0,0,0,0,,0,0
1212-3,6,4,salineros,27,56,1,6,69,0,22,0,17,29,0,0,0,0,,0,0
1212-3,6,5,salineros,27,58,1,7,68,0,25,0,17,29,0,2,0,0,,0,0
1212-3,6,6,salineros,28,60,1,21,71,0,36,0,17,50,0,0,0,0,,0,0
1212-3,6,7,salineros,27,58,1,17,63,0,36,0,17,51,0,0,0,0,1,6,0
1212-3,6,8,salineros,28,60,1,31,66,0,36,0,17,49,0,0,0,0,,0,0
1212-3,6,9,salineros,28,60,1,47,68,0,46,0,17,51,0,0,0,0,,0,0
1212-3,6,10,salineros,43,60,1,63,70,0,55,0,17,50,0,0,0,1,,0,0
1212-3,6,11,salineros,43,60,1,79,80,0,64,0,25,58,0,0,0,1,,0,0
1212-3,6,12,salineros,43,60,1,95,90,0,73,0,25,58,0,0,0,1,,0,0
1212-3,6,13,salineros,42,58,1,284,82,0,74,0,25,57,0,0,0,1,1,24,0
1212-3,6,14,salineros,61,60,1,298,93,0,72,0,25,55,0,0,0,2,,0,0
1212-3,6,15,salineros,61,60,1,314,103,0,69,0,25,57,0,0,0,2,,0,0
1212-3,6,16,salineros,61,60,1,330,105,0,64,0,25,57,0,0,0,2,,0,0
1212-3,6,17,salineros,69,60,1,346,111,0,60,0,21,52,0,0,0,2,,0,0
1212-3,6,18,salineros,69,60,1,362,117,0,56,0,21,52,0,0,0,2,,0,0
1212-3,6,19,salineros,68,58,1,954,113,0,59,0,21,52,0,0,0,2,1,19,0
1212-3,6,20,salineros,69,60,1,921,120,0,61,0,21,49,0,0,0,2,,0,0
1212-3,6,21,salineros,69,60,1,890,126,0,63,0,21,51,0,0,0,2,,0,0
1212-3,6,22,salineros,69,60,1,859,132,0,65,0,21,51,0,0,0,2,,0,0
1212-3,6,23,salineros,69,60,1,828,134,0,66,0,17,46,0,0,0,2,,0,0
1212-3,6,24,salineros,69,60,1,791,136,0,67,0,17,40,0,0,0,2,,0,0
1212-3,6,25,salineros,69,60,1,1003,117,0,68,0,17,40,0,0,0,2,1,34,0
1212-3,6,26,salineros,77,60,1,966,119,0,69,0,17,40,0,0,0,2,,0,0
1212-3,6,27,salineros,77,60,1,929,121,0,69,0,17,39,0,0,0,2,,0,0
1212-3,6,28,salineros,77,60,1,892,116,0,69,0,17,39,0,0,0,2,,0,0
1212-3,6,29,salineros,85,60,1,855,120,0,69,0,19,41,0,0,0,2,,0,0
1212-3,6,30,salineros,85,60,1,824,124,0,68,0,19,46,0,0,0,2,,0,0
1212-3,6,31,salineros,85,60,1,1095,128,0,67,0,19,46,0,0,0,2,1,18,0
1212-3,6,32,salineros,85,60,1,1064,132,0,66,0,19,46,0,0,0,2,,0,0
1212-3,6,33,salineros,85,60,1,1033,136,0,64,0,19,45,0,0,0,2,,0,0
1212-3,6,34,salineros,85,60,1,1002,140,0,62,0,19,45,0,0,0,2,,0,0
1212-3,6,35,salineros,85,60,1,971,150,0,60,0,25,51,0,0,0,2,,0,0
1212-3,6,36,salineros,85,60,1,940,160,0,57,0,25,51,0,0,0,2,,0,0
1212-3,6,37,salineros,85,60,1,1228,157,0,53,0,25,51,0,0,0,2,1,36,0
1212-3,6,38,salineros,93,60,1,1217,164,0,50,0,25,51,0,0,0,2,,0,0
1212-3,6,39,salineros,93,60,1,1206,171,0,47,0,25,51,0,0,0,2,,0,0
1212-3,6,40,salineros,93,60,1,1175,171,0,43,0,25,51,0,0,0,2,,0,0
1212-3,6,41,salineros,101,60,1,1144,177,0,40,0,21,47,0,0,0,2,,0,0
1212-3,6,42,salineros,101,60,1,1113,183,0,37,0,21,47,0,0,0,2,,0,0
1212-3,6,43,salineros,101,60,1,1408,175,0,34,0,21,47,0,0,0,2,1,24,0
1212-3,6,44,salineros,101,60,1,1397,178,0,31,0,21,47,0,0,0,2,,0,0
1212-3,6,45,salineros,109,60,1,1386,181,0,28,0,21,47,0,0,0,2,,0,0
1212-3,6,46,salineros,109,60,1,1375,184,0,25,0,21,47,0,0,0,2,,0,0
1212-3,6,47,salineros,109,60,1,1364,183,0,22,0,17,43,0,0,0,2,,0,0
1212-3,6,48,salineros,109,60,1,1347,182,0,19,0,17,37,0,0,0,2,,0,0
1212-3,6,49,salineros,109,60,1,1581,169,0,16,0,17,37,0,0,0,2,1,25,0
1212-3,6,50,salineros,109,60,1,1544,168,0,16,0,17,37,0,0,0,2,,0,0
1212-3,6,51,salineros,109,60,1,1507,167,0,16,0,17,37,0,0,0,2,,0,0
1212-3,6,52,salineros,109,60,1,1470,166,0,16,0,17,37,0,0,0,2,,0,0
1212-3,6,53,salineros,109,60,1,1433,167,0,16,0,19,39,0,0,0,2,,0,0
1212-3,6,54,salineros,109,60,1,1402,168,0,16,0,19,45,0,0,0,2,,0,0
1212-3,6,55,salineros,109,64,1,1532,114,0,17,0,19,45,0,0,0,2,1,23,0
1212-3,6,56,salineros,109,64,1,1515,112,0,18,0,19,45,0,0,0,2,,0,0
1212-3,6,57,salineros,147,114,2,1498,110,0,19,0,19,45,0,0,0,3,,0,0
1212-3,6,58,salineros,147,114,2,1484,94,0,20,0,19,55,0,0,0,3,,0,0
1212-3,6,59,salineros,147,114,2,1470,91,0,22,0,25,61,0,0,0,3,,0,0
1212-3,6,60,salineros,147,114,2,1456,88,0,24,0,25,61,0,0,0,3,,0,0
1212-3,6,61,salineros,147,110,2,1444,75,0,23,0,25,61,0,0,0,3,1,29,0
1212-3,6,62,salineros,147,110,2,1412,73,0,22,0,25,61,0,2,0,3,,0,0
1212-3,6,63,salineros,147,112,2,1340,103,0,21,0,53,89,0,0,0,3,,0,0
1212-3,6,64,salineros,147,114,2,1294,126,0,22,0,53,89,0,3,0,3,,0,0
1212-3,6,65,salineros,148,116,2,1218,154,0,23,0,49,88,0,0,0,3,,0,0
1212-3,6,66,salineros,148,118,2,1172,177,0,23,0,49,88,0,2,0,3,,0,0
1212-3,6,67,salineros,149,120,2,1317,172,0,16,0,73,112,0,0,0,3,1,37,0
1212-3,6,68,salineros,149,120,2,1300,213,0,8,0,73,114,0,0,0,3,,0,0
1212-3,6,69,salineros,206,177,3,1270,254,0,2,0,73,114,0,0,0,4,,0,0
1212-3,6,70,salineros,206,179,3,1243,260,0,0,0,49,100,0,0,0,4,,0,0
1212-3,6,71,salineros,206,179,3,1216,241,0,1,0,24,75,0,0,0,4,,0,0
1212-3,6,72,salineros,206,179,3,1183,222,0,2,0,24,69,0,0,0,4,,0,0
1212-3,6,73,salineros,206,179,3,1303,216,0,1,0,37,82,0,0,0,4,1,37,0
1212-3,6,74,salineros,206,179,3,1255,192,0,4,0,24,69,0,0,0,4,,0,0
1212-3,6,75,salineros,207,180,3,1207,200,0,3,0,56,101,0,2,0,4,,0,0
1212-3,6,76,salineros,207,180,3,1131,195,0,3,0,49,96,0,0,0,4,,0,0
1212-3,6,77,salineros,207,180,3,1085,205,0,3,0,61,108,0,0,0,4,,0,0
1212-3,6,78,salineros,207,180,3,1045,217,0,3,0,61,114,0,2,0,4,,0,0
1212-3,6,79,salineros,215,180,3,1095,201,0,3,0,69,122,0,0,0,4,1,31,0
1212-3,6,80,salineros,215,180,3,1055,221,0,3,0,69,122,0,2,0,4,,0,0
1212-3,6,81,salineros,243,280,4,1015,245,0,3,0,69,122,0,0,0,4,,0,0
1212-3,6,82,salineros,243,280,4,988,244,0,3,0,69,142,0,0,0,4,,0,0
1212-3,6,83,salineros,243,280,4,961,272,0,2,0,98,171,0,0,0,4,,0,0
1212-3,6,84,salineros,243,280,4,934,300,0,1,0,98,171,0,0,0,4,,0,0
1212-3,6,85,salineros,243,280,4,1030,309,0,1,0,81,154,0,0,0,4,1,36,0
1212-3,6,86,salineros,243,280,4,1012,310,0,1,0,81,154,0,3,0,4,,0,0
1212-3,6,87,salineros,243,280,4,941,344,0,1,0,108,181,0,0,0,4,,0,0
1212-3,6,88,salineros,243,280,4,923,372,0,8,0,108,181,0,3,0,4,,0,0
1212-3,6,89,salineros,243,280,4,905,441,0,7,0,143,216,0,0,0,4,,0,0
1212-3,6,90,salineros,243,280,4,887,495,0,8,0,128,201,0,0,0,4,,0,0
1212-3,6,91,salineros,243,284,4,957,518,0,7,0,143,216,0,0,0,4,1,31,0
1212-3,6,92,salineros,243,284,4,887,572,0,11,0,128,201,0,0,0,4,,0,0
1212-3,6,93,salineros,262,336,5,817,657,0,11,0,159,232,0,0,0,4,,0,0
1212-3,6,94,salineros,262,338,5,750,725,0,11,0,159,242,0,0,0,4,,0,0
1212-3,6,95,salineros,263,340,5,683,773,0,11,0,135,218,0,0,0,4,,0,0
1212-3,6,96,salineros,263,342,5,610,820,0,11,0,135,212,0,0,0,4,,0,0
1212-3,6,97,salineros,263,340,5,693,816,0,11,0,135,212,0,0,0,4,1,23,0
1212-3,6,98,salineros,263,340,5,617,858,0,13,0,135,214,0,0,0,4,,0,0
1212-3,6,99,salineros,283,400,6,541,913,0,13,0,148,227,0,2,0,4,,0,0
1212-3,6,100,salineros,284,405,6,466,962,0,13,0,153,242,0,0,0,4,,0,0
1212-3,6,101,salineros,284,409,6,429,1022,0,13,0,167,256,0,0,0,4,,0,0
1212-3,6,102,salineros,285,412,6,476,1075,0,11,0,167,264,0,1,0,4,,0,0
1212-3,6,103,salineros,286,415,6,635,1070,0,6,0,154,253,0,0,0,4,1,30,0
1212-3,6,104,salineros,286,418,6,575,1083,0,10,0,123,222,0,0,0,4,,0,0
1212-3,6,105,salineros,309,491,7,515,1130,0,10,0,154,253,0,0,0,4,,0,0
1212-3,6,106,salineros,318,495,7,484,1157,0,10,0,154,269,0,0,0,4,,0,0
1212-3,6,107,salineros,318,499,7,540,1229,0,10,0,205,320,0,0,0,4,,0,0
1212-3,6,108,salineros,319,503,7,586,1300,0,6,0,205,320,0,0,0,4,,0,0
1212-3,6,109,salineros,320,507,7,739,1344,0,6,0,174,291,0,1,0,4,1,23,0
1212-3,6,110,salineros,321,511,7,688,1403,0,10,0,188,305,0,0,0,4,,0,0
1212-3,6,111,salineros,322,515,7,639,1492,0,10,0,219,338,0,0,0,4,,0,0
1212-3,6,112,salineros,322,519,7,590,1580,0,10,0,219,338,0,0,0,4,,0,0
1212-3,6,113,salineros,323,523,7,563,1623,0,10,0,177,296,0,0,0,4,,0,0
1212-3,6,114,salineros,324,527,7,615,1660,0,10,0,177,298,0,0,0,4,,0,0
1212-3,6,115,salineros,325,530,7,784,1680,0,6,0,177,298,0,1,0,4,1,35,0
1212-3,6,116,salineros,325,530,7,734,1695,0,12,0,155,278,0,0,0,4,,0,0
1212-3,6,117,salineros,333,530,7,684,1758,0,12,0,199,322,0,0,0,4,,0,0
1212-3,6,118,salineros,333,530,7,634,1821,0,12,0,199,322,0,0,0,4,,0,0
1212-3,6,119,salineros,333,530,7,603,1847,0,12,0,163,286,0,0,0,4,,0,0
1212-3,6,120,salineros,333,530,7,661,1868,0,11,0,163,280,0,0,0,4,,0,0
1212-3,6,121,salineros,333,530,7,858,1868,0,7,0,150,267,0,0,0,4,1,23,0
1212-3,6,122,salineros,333,530,7,802,1843,0,13,0,119,236,0,0,0,4,,0,0
1212-3,6,123,salineros,333,530,7,746,1870,0,13,0,163,280,0,0,0,4,,0,0
1212-3,6,124,salineros,333,530,7,690,1895,0,13,0,163,280,0,0,0,4,,0,0
1212-3,6,125,salineros,333,534,7,634,1938,0,13,0,181,298,0,1,0,4,,0,0
1212-3,6,126,salineros,334,538,7,679,1977,0,13,0,181,304,0,0,0,4,,0,0
1212-3,6,127,salineros,343,542,7,885,2007,0,8,0,181,304,0,0,0,4,1,29,0
1212-3,6,128,salineros,344,546,7,842,2021,0,10,0,152,277,0,0,0,4,,0,0
1212-3,6,129,salineros,345,550,7,799,2050,0,10,0,168,293,0,0,0,4,,0,0
1212-3,6,130,salineros,345,554,7,758,2078,0,10,0,168,295,0,0,0,4,,0,0
1212-3,6,131,salineros,346,558,7,717,2170,0,10,0,233,360,0,0,0,4,,0,0
1212-3,6,132,salineros,347,563,7,717,2256,0,10,0,233,360,0,1,0,4,,0,0
1212-3,6,133,salineros,348,566,7,865,2293,0,7,0,233,362,0,0,0,4,1,24,0
1212-3,6,134,salineros,348,569,7,821,2350,0,13,0,202,331,0,0,0,4,,0,0
1212-3,6,135,salineros,377,672,8,777,2450,0,13,0,246,375,0,0,0,4,,0,0
1212-3,6,136,salineros,378,675,8,744,2521,0,12,0,246,397,0,0,0,4,,0,0
1212-3,6,137,salineros,378,678,8,711,2548,0,12,0,199,350,0,0,0,4,,0,0
1212-3,6,138,salineros,379,681,8,716,2572,0,12,0,199,350,0,0,0,4,,0,0
1212-3,6,139,salineros,380,689,8,912,2558,0,10,0,199,352,0,0,0,4,1,24,0
1212-3,6,140,salineros,381,693,8,881,2566,0,12,0,186,339,0,1,0,4,,0,0
1212-3,6,141,salineros,400,746,9,850,2601,0,12,0,212,365,0,0,0,4,,0,0
1212-3,6,142,salineros,400,748,9,818,2623,0,12,0,212,377,0,0,0,4,,0,0
1212-3,6,143,salineros,400,748,9,786,2603,0,12,0,171,336,0,0,0,4,,0,0
1212-3,6,144,salineros,400,748,9,786,2581,0,12,0,171,330,0,0,0,4,,0,0
1212-3,6,145,salineros,399,744,9,952,2511,0,10,0,171,330,0,0,0,4,1,25,0
1212-3,6,146,salineros,399,744,9,913,2477,0,13,0,158,317,0,0,0,4,,0,0
1212-3,6,147,salineros,424,829,10,874,2456,0,14,0,171,330,0,1,0,4,,0,0
1212-3,6,148,salineros,424,829,10,838,2434,0,13,0,189,364,0,0,0,4,,0,0
1212-3,6,149,salineros,424,829,10,802,2421,0,14,0,198,373,0,0,0,4,,0,0
1212-3,6,150,salineros,425,833,10,771,2421,0,13,0,211,391,0,0,0,4,,0,0
1212-3,6,151,salineros,425,833,10,994,2394,0,14,0,198,378,0,0,0,4,1,33,0
1212-3,6,152,salineros,426,837,10,963,2385,0,15,0,211,393,0,1,0,4,,0,0
1212-3,6,153,salineros,434,839,10,934,2390,0,16,0,218,402,0,0,0,4,,0,0
1212-3,6,154,salineros,434,839,10,907,2395,0,17,0,218,404,0,0,0,4,,0,0
1212-3,6,155,salineros,434,839,10,880,2450,0,17,0,279,465,0,0,0,4,,0,0
1212-3,6,156,salineros,434,839,10,853,2516,0,18,0,279,465,0,0,0,4,,0,0
1212-3,6,157,salineros,434,839,10,1136,2583,0,16,0,279,465,0,0,0,4,1,20,0
1212-3,6,158,salineros,434,839,10,1105,2649,0,15,0,279,457,0,0,0,4,,0,0
1212-3,6,159,salineros,434,839,10,1074,2715,0,16,0,279,457,0,0,0,4,,0,0
1212-3,6,160,salineros,443,842,10,1043,2779,0,17,0,279,457,0,1,0,4,,0,0
1212-3,6,161,salineros,444,845,10,1012,2808,0,18,0,243,421,0,0,0,4,,0,0
1212-3,6,162,salineros,444,848,10,981,2836,0,19,0,243,421,0,0,0,4,,0,0
1212-3,6,163,salineros,445,851,10,1307,2865,0,17,0,244,422,0,0,0,4,1,26,0
1212-3,6,164,salineros,445,854,10,1274,2894,0,13,0,244,411,0,0,0,4,,0,0
1212-3,6,165,salineros,446,857,10,1241,2909,0,14,0,231,398,0,0,0,4,,0,0
1212-3,6,166,salineros,447,860,10,1208,2936,0,13,0,244,411,0,0,0,4,,0,0
1212-3,6,167,salineros,447,860,10,1176,2900,0,14,0,182,350,0,0,0,4,,0,0
1212-3,6,168,salineros,447,860,10,1138,2877,0,13,0,195,357,0,0,0,4,,0,0
1212-3,6,169,salineros,447,864,10,1333,2792,0,14,0,175,337,0,0,0,4,1,27,0
1212-3,6,170,salineros,447,864,10,1301,2759,0,13,0,188,356,0,1,0,4,,0,0
1212-3,6,171,salineros,462,899,11,1269,2715,0,14,0,175,343,0,0,0,4,,0,0
1212-3,6,172,salineros,462,899,11,1227,2676,0,13,0,188,362,0,0,0,4,,0,0
1212-3,6,173,salineros,462,899,11,1185,2656,0,14,0,207,381,0,0,0,4,,0,0
1212-3,6,174,salineros,462,899,11,1149,2649,0,13,0,220,400,0,0,0,4,,0,0
1212-3,6,175,salineros,462,895,11,1277,2578,0,14,0,207,387,0,0,0,4,1,22,0
1212-3,6,176,salineros,462,895,11,1240,2569,0,15,0,220,404,0,1,0,4,,0,0
1212-3,6,177,salineros,484,965,12,1203,2566,0,16,0,224,408,0,0,0,4,,0,0
1212-3,6,178,salineros,484,965,12,1167,2545,0,17,0,224,422,0,0,0,4,,0,0
1212-3,6,179,salineros,485,972,12,1131,2620,0,18,0,320,518,0,0,0,4,,0,0
1212-3,6,180,salineros,486,979,12,1095,2693,0,19,0,320,518,0,0,0,4,,0,0
1212-3,6,181,salineros,487,984,12,1354,2755,0,14,0,320,520,0,0,0,4,1,25,0
1212-3,6,182,salineros,488,989,12,1321,2823,0,13,0,320,521,0,1,0,4,,0,0
1212-3,6,183,salineros,489,994,12,1288,2893,0,16,0,321,522,0,0,0,4,,0,0
1212-3,6,184,salineros,491,1001,12,1259,2975,0,17,0,334,539,0,0,0,4,,0,0
1212-3,6,185,salineros,492,1008,12,1230,2980,0,18,0,259,464,0,0,0,4,,0,0
1212-3,6,186,salineros,494,1015,12,1202,2983,0,19,0,259,465,0,0,0,4,,0,0
1212-3,6,187,salineros,503,1021,12,1510,2986,0,17,0,259,465,0,0,0,4,1,20,0
1212-3,6,188,salineros,503,1023,12,1481,2986,0,16,0,259,460,0,0,0,4,,0,0
1212-3,6,189,salineros,504,1025,12,1453,2986,0,17,0,259,461,0,0,0,4,,0,0
1212-3,6,190,salineros,505,1032,12,1425,2983,0,18,0,259,461,0,1,0,4,,0,0
1212-3,6,191,salineros,505,1032,12,1397,2916,0,19,0,195,397,0,0,0,4,,0,0
1212-3,6,192,salineros,505,1032,12,1363,2849,0,20,0,195,391,0,0,0,4,,0,0
1212-3,6,193,salineros,505,1032,12,1655,2792,0,18,0,204,400,0,0,0,4,1,26,0
1212-3,6,194,salineros,505,1032,12,1615,2734,0,17,0,204,390,0,0,0,4,,0,0
1212-3,6,195,salineros,505,1032,12,1575,2676,0,18,0,204,390,0,0,0,4,,0,0
1212-3,6,196,salineros,505,1032,12,1535,2618,0,19,0,204,390,0,0,0,4,,0,0
1212-3,6,197,salineros,505,1032,12,1495,2581,0,20,0,225,411,0,0,0,4,,0,0
1212-3,6,198,salineros,505,1032,12,1461,2544,0,21,0,225,417,0,0,0,4,,0,0
1212-3,6,199,salineros,506,1036,12,1759,2507,0,19,0,226,418,0,1,0,4,1,28,0
1212-3,6,200,salineros,506,1036,12,1745,2470,0,15,0,226,422,0,0,0,4,,0,0
