semilla,cadencia,turno,casa,prestigio,poblacion,comarcas,maravedis,pan,lana,sal,hierro,produccion_pan,produccion_total,escasez,obras_terminadas,obras_mayores,hitos,decidio,ordenes_propuestas,sin_ordenes
1492,1,1,arrieros,39,116,1,48,60,0,0,0,18,42,0,0,0,0,1,4,0
1492,1,2,arrieros,39,116,1,55,46,0,0,0,18,29,0,0,0,0,1,0,1
1492,1,3,arrieros,39,116,1,62,32,0,0,0,18,29,0,0,0,0,1,0,1
1492,1,4,arrieros,39,116,1,69,19,0,0,0,18,29,0,0,0,0,1,0,1
1492,1,5,arrieros,39,116,1,76,6,0,0,0,18,29,0,1,0,0,1,0,1
1492,1,6,arrieros,38,116,1,89,0,0,0,0,18,48,1,0,0,0,1,4,0
1492,1,7,arrieros,37,116,1,113,3,0,0,0,18,48,1,0,0,0,1,2,0
1492,1,8,arrieros,35,113,1,100,6,0,0,0,18,48,1,0,0,0,1,3,0
1492,1,9,arrieros,34,110,1,102,9,0,0,0,18,48,1,0,0,0,1,2,0
1492,1,10,arrieros,34,110,1,101,9,0,0,0,18,48,0,0,0,0,1,2,0
1492,1,11,arrieros,34,110,1,104,38,0,0,0,48,78,0,0,0,0,1,2,0
1492,1,12,arrieros,34,110,1,106,66,0,0,0,48,78,0,0,0,0,1,2,0
1492,1,13,arrieros,33,106,1,87,87,0,0,0,48,78,0,0,0,0,1,4,0
1492,1,14,arrieros,47,102,1,87,108,0,0,0,48,76,0,0,0,1,1,3,0
1492,1,15,arrieros,46,98,1,81,126,0,0,0,48,76,0,0,0,1,1,3,0
1492,1,16,arrieros,45,94,1,77,145,0,0,0,48,74,0,0,0,1,1,3,0
1492,1,17,arrieros,45,90,1,84,118,0,0,0,30,56,0,0,0,1,1,13,0
1492,1,18,arrieros,63,90,1,87,121,0,0,0,30,56,0,0,0,2,1,2,0
1492,1,19,arrieros,63,90,1,91,129,0,0,0,30,56,0,0,0,2,1,2,0
1492,1,20,arrieros,63,90,1,92,138,0,0,0,30,56,0,0,0,2,1,2,0
1492,1,21,arrieros,63,90,1,96,124,0,0,0,30,56,0,0,0,2,1,12,0
1492,1,22,arrieros,63,90,1,93,127,0,0,0,30,56,0,0,0,2,1,2,0
1492,1,23,arrieros,71,90,1,92,127,0,0,0,18,44,0,0,0,2,1,3,0
1492,1,24,arrieros,71,90,1,85,125,0,0,0,18,35,0,0,0,2,1,2,0
1492,1,25,arrieros,71,90,1,81,122,0,0,0,18,35,0,1,0,2,1,2,0
1492,1,26,arrieros,71,90,1,82,96,0,0,0,18,35,0,0,0,2,1,12,0
1492,1,27,arrieros,79,90,1,81,94,0,0,0,18,35,0,0,0,2,1,2,0
1492,1,28,arrieros,79,90,1,80,92,0,0,0,18,35,0,0,0,2,1,2,0
1492,1,29,arrieros,79,90,1,83,96,0,0,0,24,41,0,0,0,2,1,2,0
1492,1,30,arrieros,79,90,1,89,75,0,0,0,24,50,0,0,0,2,1,12,0
1492,1,31,arrieros,87,90,1,88,79,0,0,0,24,50,0,0,0,2,1,2,0
1492,1,32,arrieros,87,90,1,93,85,0,0,0,24,50,0,0,0,2,1,2,0
1492,1,33,arrieros,87,90,1,89,90,0,0,0,24,50,0,0,0,2,1,2,0
1492,1,34,arrieros,87,90,1,90,67,0,0,0,24,50,0,0,0,2,1,12,0
1492,1,35,arrieros,95,90,1,93,97,0,0,0,48,74,0,0,0,2,1,2,0
1492,1,36,arrieros,95,90,1,92,126,0,0,0,48,74,0,0,0,2,1,2,0
1492,1,37,arrieros,95,90,1,95,154,0,0,0,48,74,0,0,0,2,1,2,0
1492,1,38,arrieros,95,90,1,99,166,0,0,0,33,59,0,0,0,2,1,2,0
1492,1,39,arrieros,95,90,1,93,170,0,0,0,33,59,0,0,0,2,1,2,0
1492,1,40,arrieros,95,90,1,99,174,0,0,0,33,59,0,0,0,2,1,2,0
1492,1,41,arrieros,96,98,1,105,189,0,0,0,21,47,0,0,0,2,1,4,0
1492,1,42,arrieros,95,94,1,81,173,0,0,0,21,47,0,0,0,2,1,4,0
1492,1,43,arrieros,95,90,1,86,143,0,0,0,21,47,0,1,0,2,1,8,0
1492,1,44,arrieros,103,90,1,89,131,0,0,0,30,56,0,0,0,2,1,8,0
1492,1,45,arrieros,103,90,1,89,132,0,0,0,30,56,0,1,0,2,1,2,0
1492,1,46,arrieros,103,90,1,95,142,0,0,0,30,56,0,0,0,2,1,2,0
1492,1,47,arrieros,103,90,1,94,139,0,0,0,18,44,0,0,0,2,1,2,0
1492,1,48,arrieros,103,90,1,86,96,0,0,0,18,35,0,0,0,2,1,12,0
1492,1,49,arrieros,103,90,1,83,89,0,0,0,18,35,0,0,0,2,1,2,0
1492,1,50,arrieros,111,90,1,82,88,0,0,0,18,35,0,0,0,2,1,2,0
1492,1,51,arrieros,111,90,1,80,86,0,0,0,18,35,0,0,0,2,1,2,0
1492,1,52,arrieros,111,90,1,82,84,0,0,0,18,35,0,0,0,2,1,2,0
1492,1,53,arrieros,111,90,1,80,87,0,0,0,24,41,0,0,0,2,1,2,0
1492,1,54,arrieros,111,90,1,92,91,0,0,0,24,50,0,0,0,2,1,2,0
1492,1,55,arrieros,111,90,1,91,94,0,0,0,24,50,0,0,0,2,1,2,0
1492,1,56,arrieros,111,90,1,93,100,0,0,0,24,50,0,0,0,2,1,2,0
1492,1,57,arrieros,111,90,1,91,105,0,0,0,24,50,0,0,0,2,1,2,0
1492,1,58,arrieros,111,90,1,93,111,0,0,0,24,50,0,0,0,2,1,2,0
1492,1,59,arrieros,112,98,1,102,139,0,0,0,48,74,0,0,0,2,1,4,0
1492,1,60,arrieros,111,94,1,83,159,0,0,0,48,74,0,0,0,2,1,3,0
1492,1,61,arrieros,111,90,1,88,180,0,0,0,48,74,0,0,0,2,1,3,0
1492,1,62,arrieros,111,90,1,97,198,0,0,0,48,74,0,0,0,2,1,2,0
1492,1,63,arrieros,111,90,1,88,201,0,0,0,33,59,0,0,0,2,1,2,0
1492,1,64,arrieros,111,90,1,94,204,0,0,0,33,59,0,0,0,2,1,2,0
1492,1,65,arrieros,111,90,1,97,157,0,0,0,21,47,0,0,0,2,1,12,0
1492,1,66,arrieros,111,90,1,91,150,0,0,0,21,47,0,0,0,2,1,2,0
1492,1,67,arrieros,119,90,1,97,144,0,0,0,21,47,0,0,0,2,1,3,0
1492,1,68,arrieros,119,90,1,90,136,0,0,0,21,47,0,1,0,2,1,3,0
1492,1,69,arrieros,119,90,1,96,145,0,0,0,30,56,0,0,0,2,1,3,0
1492,1,70,arrieros,119,90,1,96,149,0,0,0,30,56,0,0,0,2,1,2,0
1492,1,71,arrieros,119,90,1,115,140,0,0,0,18,44,0,0,0,2,1,2,0
1492,1,72,arrieros,119,90,1,77,131,0,0,0,18,35,0,0,0,2,1,2,0
1492,1,73,arrieros,119,90,1,89,122,0,0,0,18,35,0,0,0,2,1,2,0
1492,1,74,arrieros,119,90,1,78,118,0,0,0,18,35,0,0,0,2,1,3,0
1492,1,75,arrieros,120,98,1,95,117,0,0,0,18,35,0,0,0,2,1,4,0
1492,1,76,arrieros,119,94,1,68,103,0,0,0,18,35,0,1,0,2,1,3,0
1492,1,77,arrieros,119,90,1,73,86,0,0,0,24,41,0,0,0,2,1,8,0
1492,1,78,arrieros,119,90,1,84,67,0,0,0,24,50,0,0,0,2,1,7,0
1492,1,79,arrieros,127,90,1,89,70,0,0,0,24,50,0,0,0,2,1,2,0
1492,1,80,arrieros,127,90,1,88,75,0,0,0,24,50,0,0,0,2,1,2,0
1492,1,81,arrieros,127,90,1,96,81,0,0,0,24,50,0,0,0,2,1,2,0
1492,1,82,arrieros,127,90,1,94,86,0,0,0,24,50,0,0,0,2,1,2,0
1492,1,83,arrieros,127,90,1,94,116,0,0,0,48,74,0,0,0,2,1,2,0
1492,1,84,arrieros,127,90,1,93,145,0,0,0,48,74,0,0,0,2,1,2,0
1492,1,85,arrieros,127,90,1,94,173,0,0,0,48,74,0,0,0,2,1,2,0
1492,1,86,arrieros,127,90,1,95,192,0,0,0,48,74,0,0,0,2,1,2,0
1492,1,87,arrieros,127,90,1,99,210,0,0,0,48,74,0,0,0,2,1,2,0
1492,1,88,arrieros,127,94,1,99,232,0,0,0,48,74,0,0,0,2,1,3,0
1492,1,89,arrieros,127,94,1,90,231,0,0,0,30,56,0,0,0,2,1,4,0
1492,1,90,arrieros,127,90,1,84,204,0,0,0,30,56,0,0,0,2,1,9,0
1492,1,91,arrieros,127,90,1,90,183,0,0,0,30,56,0,1,0,2,1,7,0
1492,1,92,arrieros,135,90,1,89,184,0,0,0,30,56,0,0,0,2,1,2,0
1492,1,93,arrieros,135,90,1,114,185,0,0,0,30,56,0,0,0,2,1,2,0
1492,1,94,arrieros,135,90,1,83,186,0,0,0,30,56,0,0,0,2,1,2,0
1492,1,95,arrieros,135,90,1,103,175,0,0,0,18,44,0,0,0,2,1,2,0
1492,1,96,arrieros,135,90,1,85,165,0,0,0,18,35,0,0,0,2,1,2,0
1492,1,97,arrieros,135,90,1,90,155,0,0,0,18,35,0,0,0,2,1,2,0
1492,1,98,arrieros,135,90,1,81,145,0,0,0,18,35,0,0,0,2,1,2,0
1492,1,99,arrieros,135,94,1,90,137,0,0,0,18,35,0,0,0,2,1,3,0
1492,1,100,arrieros,135,94,1,73,122,0,0,0,18,35,0,0,0,2,1,4,0
1492,1,101,arrieros,135,90,1,70,103,0,0,0,24,41,0,0,0,2,1,8,0
1492,1,102,arrieros,135,90,1,87,85,0,0,0,24,50,0,0,0,2,1,7,0
1492,1,103,arrieros,143,90,1,87,86,0,0,0,24,50,0,0,0,2,1,2,0
1492,1,104,arrieros,143,90,1,91,91,0,0,0,24,50,0,0,0,2,1,2,0
1492,1,105,arrieros,143,90,1,91,96,0,0,0,24,50,0,0,0,2,1,2,0
1492,1,106,arrieros,143,90,1,91,102,0,0,0,24,50,0,0,0,2,1,2,0
1492,1,107,arrieros,143,90,1,94,139,0,0,0,57,83,0,0,0,2,1,2,0
1492,1,108,arrieros,143,90,1,69,136,0,0,0,57,83,0,0,0,2,1,3,0
1492,1,109,arrieros,143,90,1,90,165,0,0,0,57,83,0,0,0,2,1,2,0
1492,1,110,arrieros,179,132,2,88,194,0,0,0,57,83,0,0,0,3,1,2,0
1492,1,111,arrieros,179,134,2,81,210,0,0,0,57,91,0,0,0,3,1,5,0
1492,1,112,arrieros,181,140,2,95,230,0,0,0,57,91,0,2,0,3,1,4,0
1492,1,113,arrieros,181,142,2,87,232,0,0,0,40,74,0,0,0,3,1,4,0
1492,1,114,arrieros,181,140,2,81,206,0,0,0,40,74,0,0,0,3,1,8,0
1492,1,115,arrieros,181,142,2,94,187,0,0,0,40,76,0,0,0,3,1,7,0
1492,1,116,arrieros,189,144,2,89,189,0,0,0,40,76,0,0,0,3,1,2,0
1492,1,117,arrieros,190,146,2,92,194,0,0,0,40,76,0,0,0,3,1,3,0
1492,1,118,arrieros,190,148,2,94,196,0,0,0,40,76,0,1,0,3,1,2,0
1492,1,119,arrieros,190,148,2,91,183,0,0,0,24,60,0,0,0,3,1,2,0
1492,1,120,arrieros,190,148,2,88,172,0,0,0,24,51,0,0,0,3,1,2,0
1492,1,121,arrieros,190,148,2,87,146,0,0,0,24,51,0,0,0,3,1,7,0
1492,1,122,arrieros,198,148,2,84,120,0,0,0,24,51,0,0,0,3,1,7,0
1492,1,123,arrieros,198,148,2,85,109,0,0,0,24,51,0,0,0,3,1,2,0
1492,1,124,arrieros,198,148,2,80,98,0,0,0,24,51,0,0,0,3,1,2,0
1492,1,125,arrieros,198,148,2,84,81,0,0,0,32,59,0,0,0,3,1,7,0
1492,1,126,arrieros,198,148,2,91,77,0,0,0,32,68,0,0,0,3,1,2,0
1492,1,127,arrieros,206,148,2,91,75,0,0,0,32,68,0,0,0,3,1,2,0
1492,1,128,arrieros,206,148,2,92,75,0,0,0,32,68,0,0,0,3,1,2,0
1492,1,129,arrieros,206,148,2,96,75,0,0,0,32,68,0,0,0,3,1,2,0
1492,1,130,arrieros,206,148,2,96,75,0,0,0,32,68,0,0,0,3,1,2,0
1492,1,131,arrieros,207,150,2,96,106,0,0,0,64,100,0,0,0,3,1,2,0
1492,1,132,arrieros,207,150,2,98,136,0,0,0,64,102,0,0,0,3,1,3,0
1492,1,133,arrieros,207,150,2,95,165,0,0,0,64,102,0,0,0,3,1,2,0
1492,1,134,arrieros,207,150,2,97,194,0,0,0,64,102,0,0,0,3,1,2,0
1492,1,135,arrieros,207,154,2,103,228,0,0,0,64,102,0,0,0,3,1,3,0
1492,1,136,arrieros,207,150,2,85,248,0,0,0,64,102,0,0,0,3,1,4,0
1492,1,137,arrieros,207,150,2,97,205,0,0,0,40,76,0,0,0,3,1,12,0
1492,1,138,arrieros,207,150,2,90,200,0,0,0,40,76,0,0,0,3,1,2,0
1492,1,139,arrieros,215,150,2,95,204,0,0,0,40,76,0,0,0,3,1,3,0
1492,1,140,arrieros,215,150,2,93,204,0,0,0,40,76,0,1,0,3,1,2,0
1492,1,141,arrieros,215,150,2,92,207,0,0,0,40,76,0,0,0,3,1,2,0
1492,1,142,arrieros,215,150,2,98,210,0,0,0,40,76,0,0,0,3,1,2,0
1492,1,143,arrieros,215,150,2,94,197,0,0,0,24,60,0,0,0,3,1,2,0
1492,1,144,arrieros,215,150,2,88,162,0,0,0,24,52,0,0,0,3,1,7,0
1492,1,145,arrieros,215,150,2,88,152,0,0,0,24,52,0,0,0,3,1,2,0
1492,1,146,arrieros,223,150,2,85,140,0,0,0,24,52,0,0,0,3,1,2,0
1492,1,147,arrieros,223,150,2,82,128,0,0,0,24,52,0,0,0,3,1,2,0
1492,1,148,arrieros,223,154,2,89,117,0,0,0,24,52,0,0,0,3,1,3,0
1492,1,149,arrieros,223,150,2,72,106,0,0,0,32,61,0,0,0,3,1,3,0
1492,1,150,arrieros,223,150,2,96,80,0,0,0,32,68,0,0,0,3,1,7,0
1492,1,151,arrieros,223,150,2,89,74,0,0,0,32,68,0,0,0,3,1,3,0
1492,1,152,arrieros,231,150,2,96,75,0,0,0,32,68,0,0,0,3,1,2,0
1492,1,153,arrieros,231,150,2,94,74,0,0,0,32,68,0,0,0,3,1,2,0
1492,1,154,arrieros,231,150,2,93,75,0,0,0,32,68,0,0,0,3,1,2,0
1492,1,155,arrieros,231,150,2,96,106,0,0,0,64,100,0,0,0,3,1,2,0
1492,1,156,arrieros,231,150,2,94,135,0,0,0,64,100,0,0,0,3,1,2,0
1492,1,157,arrieros,231,150,2,96,164,0,0,0,64,100,0,0,0,3,1,2,0
1492,1,158,arrieros,231,150,2,97,192,0,0,0,64,100,0,0,0,3,1,2,0
1492,1,159,arrieros,231,150,2,93,219,0,0,0,64,100,0,0,0,3,1,2,0
1492,1,160,arrieros,231,150,2,94,246,0,0,0,64,100,0,0,0,3,1,2,0
1492,1,161,arrieros,231,150,2,96,176,0,0,0,40,76,0,0,0,3,1,16,0
1492,1,162,arrieros,231,150,2,95,172,0,0,0,40,76,0,0,0,3,1,2,0
1492,1,163,arrieros,239,150,2,94,176,0,0,0,40,76,0,0,0,3,1,2,0
1492,1,164,arrieros,239,150,2,96,180,0,0,0,40,76,0,0,0,3,1,2,0
1492,1,165,arrieros,239,150,2,97,168,0,0,0,40,76,0,0,0,3,1,6,0
1492,1,166,arrieros,239,150,2,94,173,0,0,0,40,76,0,0,0,3,1,2,0
1492,1,167,arrieros,239,150,2,95,163,0,0,0,24,60,0,0,0,3,1,2,0
1492,1,168,arrieros,239,150,2,86,152,0,0,0,24,52,0,0,0,3,1,2,0
1492,1,169,arrieros,239,150,2,85,142,0,0,0,24,52,0,0,0,3,1,2,0
1492,1,170,arrieros,240,158,2,94,130,0,0,0,24,52,0,0,0,3,1,4,0
1492,1,171,arrieros,241,162,2,86,114,0,0,0,24,53,0,0,0,3,1,5,0
1492,1,172,arrieros,240,158,2,78,98,0,0,0,24,53,0,0,0,3,1,3,0
1492,1,173,arrieros,239,154,2,75,89,0,0,0,32,61,0,0,0,3,1,3,0
1492,1,174,arrieros,239,150,2,82,79,0,0,0,32,70,0,0,0,3,1,3,0
1492,1,175,arrieros,239,150,2,88,75,0,0,0,32,68,0,0,0,3,1,2,0
1492,1,176,arrieros,239,150,2,91,73,0,0,0,32,68,0,0,0,3,1,2,0
1492,1,177,arrieros,239,150,2,92,72,0,0,0,32,68,0,0,0,3,1,2,0
1492,1,178,arrieros,239,150,2,93,72,0,0,0,32,68,0,0,0,3,1,2,0
1492,1,179,arrieros,239,150,2,98,95,0,0,0,56,92,0,0,0,3,1,2,0
1492,1,180,arrieros,239,150,2,95,117,0,0,0,56,92,0,0,0,3,1,2,0
1492,1,181,arrieros,239,150,2,97,140,0,0,0,56,92,0,0,0,3,1,2,0
1492,1,182,arrieros,239,150,2,93,161,0,0,0,56,92,0,0,0,3,1,2,0
1492,1,183,arrieros,239,150,2,93,182,0,0,0,56,92,0,0,0,3,1,2,0
1492,1,184,arrieros,239,150,2,92,201,0,0,0,56,92,0,0,0,3,1,2,0
1492,1,185,arrieros,239,150,2,98,150,0,0,0,40,76,0,0,0,3,1,12,0
1492,1,186,arrieros,239,150,2,94,154,0,0,0,40,76,0,0,0,3,1,2,0
1492,1,187,arrieros,239,150,2,96,160,0,0,0,40,76,0,0,0,3,1,2,0
1492,1,188,arrieros,247,150,2,96,165,0,0,0,40,76,0,0,0,3,1,2,0
1492,1,189,arrieros,247,150,2,95,170,0,0,0,40,76,0,0,0,3,1,2,0
1492,1,190,arrieros,247,150,2,94,175,0,0,0,40,76,0,0,0,3,1,2,0
1492,1,191,arrieros,247,150,2,96,144,0,0,0,24,60,0,0,0,3,1,6,0
1492,1,192,arrieros,247,150,2,89,134,0,0,0,24,52,0,0,0,3,1,2,0
1492,1,193,arrieros,247,150,2,86,125,0,0,0,24,52,0,0,0,3,1,2,0
1492,1,194,arrieros,247,150,2,85,115,0,0,0,24,52,0,0,0,3,1,2,0
1492,1,195,arrieros,247,150,2,82,104,0,0,0,24,52,0,0,0,3,1,2,0
1492,1,196,arrieros,247,150,2,83,94,0,0,0,24,52,0,0,0,3,1,2,0
1492,1,197,arrieros,247,150,2,83,91,0,0,0,32,60,0,0,0,3,1,2,0
1492,1,198,arrieros,248,158,2,101,90,0,0,0,32,68,0,0,0,3,1,4,0
1492,1,199,arrieros,247,154,2,87,80,0,0,0,32,70,0,0,0,3,1,3,0
1492,1,200,arrieros,247,154,2,99,81,0,0,0,32,70,0,0,0,3,1,2,0
1492,1,1,canteros,39,116,1,40,56,0,0,0,18,48,0,0,0,0,1,4,0
1492,1,2,canteros,39,116,1,47,42,0,0,0,18,34,0,0,0,0,1,0,1
1492,1,3,canteros,39,116,1,54,28,0,0,0,18,34,0,1,0,0,1,0,1
1492,1,4,canteros,39,116,1,69,17,0,0,0,18,42,0,0,0,0,1,1,0
1492,1,5,canteros,39,116,1,79,12,0,0,0,24,48,0,0,0,0,1,2,0
1492,1,6,canteros,39,116,1,89,8,0,0,0,24,59,0,0,0,0,1,2,0
1492,1,7,canteros,39,116,1,97,7,0,0,0,24,59,0,0,0,0,1,3,0
1492,1,8,canteros,39,116,1,94,6,0,0,0,24,59,0,0,0,0,1,3,0
1492,1,9,canteros,39,116,1,101,5,0,0,0,24,59,0,0,0,0,1,3,0
1492,1,10,canteros,39,116,1,100,4,0,0,0,24,59,0,0,0,0,1,3,0
1492,1,11,canteros,39,116,1,101,27,0,0,0,48,83,0,0,0,0,1,3,0
1492,1,12,canteros,39,116,1,102,49,0,0,0,48,83,0,0,0,0,1,3,0
1492,1,13,canteros,39,116,1,103,70,0,0,0,48,83,0,0,0,0,1,3,0
1492,1,14,canteros,38,112,1,85,80,0,0,0,48,83,0,0,0,0,1,4,0
1492,1,15,canteros,52,108,1,78,91,0,0,0,48,83,0,0,0,1,1,4,0
1492,1,16,canteros,52,108,1,92,112,0,0,0,48,81,0,0,0,1,1,2,0
1492,1,17,canteros,52,108,1,93,101,0,0,0,30,63,0,0,0,1,1,7,0
1492,1,18,canteros,52,108,1,98,107,0,0,0,30,62,0,0,0,1,1,2,0
1492,1,19,canteros,70,108,1,96,113,0,0,0,30,62,0,0,0,2,1,3,0
1492,1,20,canteros,70,108,1,95,119,0,0,0,30,62,0,0,0,2,1,3,0
1492,1,21,canteros,70,108,1,93,125,0,0,0,30,62,0,0,0,2,1,3,0
1492,1,22,canteros,70,108,1,97,130,0,0,0,30,62,0,0,0,2,1,2,0
1492,1,23,canteros,70,108,1,97,111,0,0,0,18,50,0,0,0,2,1,8,0
1492,1,24,canteros,70,108,1,87,105,0,0,0,18,40,0,0,0,2,1,3,0
1492,1,25,canteros,78,108,1,86,100,0,0,0,18,40,0,0,0,2,1,2,0
1492,1,26,canteros,78,108,1,83,94,0,0,0,18,40,0,0,0,2,1,2,0
1492,1,27,canteros,78,108,1,83,88,0,0,0,18,40,0,0,0,2,1,2,0
1492,1,28,canteros,78,108,1,82,81,0,0,0,18,40,0,0,0,2,1,2,0
1492,1,29,canteros,78,108,1,85,71,0,0,0,24,46,0,0,0,2,1,7,0
1492,1,30,canteros,78,108,1,91,70,0,0,0,24,56,0,0,0,2,1,3,0
1492,1,31,canteros,86,108,1,92,69,0,0,0,24,56,0,0,0,2,1,3,0
1492,1,32,canteros,86,108,1,96,68,0,0,0,24,56,0,0,0,2,1,3,0
1492,1,33,canteros,86,108,1,100,67,0,0,0,24,56,0,0,0,2,1,2,0
1492,1,34,canteros,86,108,1,117,69,0,0,0,24,56,0,0,0,2,1,3,0
1492,1,35,canteros,86,108,1,18,91,0,0,0,48,79,0,0,0,2,1,5,0
1492,1,36,canteros,86,108,1,77,110,0,1,0,48,79,0,0,0,2,1,1,0
1492,1,37,canteros,86,108,1,84,113,0,0,0,48,79,0,0,0,2,1,7,0
1492,1,38,canteros,94,108,1,90,131,0,0,0,48,79,0,0,0,2,1,3,0
1492,1,39,canteros,94,108,1,86,148,0,0,0,48,79,0,0,0,2,1,3,0
1492,1,40,canteros,94,108,1,95,165,0,0,0,48,79,0,0,0,2,1,3,0
1492,1,41,canteros,94,108,1,90,160,0,0,0,26,57,0,0,0,2,1,3,0
1492,1,42,canteros,94,108,1,88,158,0,0,0,26,57,0,0,0,2,1,2,0
1492,1,43,canteros,94,108,1,94,147,0,0,0,26,57,0,0,0,2,1,7,0
1492,1,44,canteros,94,108,1,98,145,0,0,0,26,57,0,0,0,2,1,2,0
1492,1,45,canteros,102,108,1,97,144,0,0,0,26,57,0,0,0,2,1,3,0
1492,1,46,canteros,102,108,1,96,143,0,0,0,26,57,0,0,0,2,1,3,0
1492,1,47,canteros,102,108,1,95,134,0,0,0,18,49,0,0,0,2,1,3,0
1492,1,48,canteros,102,108,1,83,126,0,0,0,18,39,0,0,0,2,1,3,0
1492,1,49,canteros,102,108,1,79,118,0,0,0,18,39,0,0,0,2,1,2,0
1492,1,50,canteros,102,108,1,82,108,0,0,0,18,39,0,0,0,2,1,2,0
1492,1,51,canteros,102,108,1,81,98,0,0,0,18,39,0,0,0,2,1,2,0
1492,1,52,canteros,102,108,1,81,89,0,0,0,18,38,0,0,0,2,1,2,0
1492,1,53,canteros,103,112,1,95,86,0,0,0,24,44,0,0,0,2,1,3,0
1492,1,54,canteros,102,108,1,72,72,0,0,0,24,56,0,0,0,2,1,4,0
1492,1,55,canteros,102,108,1,97,56,0,0,0,24,54,0,0,0,2,1,7,0
1492,1,56,canteros,102,108,1,88,51,0,0,0,24,54,0,0,0,2,1,3,0
1492,1,57,canteros,110,108,1,93,49,0,0,0,24,54,0,0,0,2,1,3,0
1492,1,58,canteros,110,108,1,94,47,0,0,0,24,54,0,0,0,2,1,3,0
1492,1,59,canteros,110,108,1,91,68,0,0,0,48,78,0,0,0,2,1,3,0
1492,1,60,canteros,110,108,1,95,88,0,0,0,48,78,0,0,0,2,1,3,0
1492,1,61,canteros,110,108,1,87,107,0,0,0,48,78,0,0,0,2,1,3,0
1492,1,62,canteros,110,108,1,92,125,0,0,0,48,78,0,0,0,2,1,3,0
1492,1,63,canteros,110,108,1,93,143,0,0,0,48,78,0,0,0,2,1,3,0
1492,1,64,canteros,110,108,1,97,160,0,0,0,48,78,0,0,0,2,1,3,0
1492,1,65,canteros,111,112,1,99,162,0,0,0,30,60,0,0,0,2,1,4,0
1492,1,66,canteros,110,108,1,81,153,0,0,0,30,62,0,0,0,2,1,4,0
1492,1,67,canteros,110,108,1,94,142,0,0,0,30,60,0,0,0,2,1,7,0
1492,1,68,canteros,110,108,1,95,143,0,0,0,30,60,0,0,0,2,1,2,0
1492,1,69,canteros,118,108,1,92,146,0,0,0,30,60,0,0,0,2,1,3,0
1492,1,70,canteros,118,108,1,90,149,0,0,0,30,60,0,0,0,2,1,2,0
1492,1,71,canteros,118,108,1,92,140,0,0,0,18,48,0,0,0,2,1,2,0
1492,1,72,canteros,118,108,1,87,131,0,0,0,18,38,0,0,0,2,1,2,0
1492,1,73,canteros,118,108,1,86,123,0,0,0,18,38,0,0,0,2,1,2,0
1492,1,74,canteros,118,108,1,83,114,0,0,0,18,38,0,0,0,2,1,2,0
1492,1,75,canteros,118,108,1,84,105,0,0,0,18,38,0,0,0,2,1,2,0
1492,1,76,canteros,118,108,1,83,96,0,0,0,18,38,0,0,0,2,1,2,0
1492,1,77,canteros,118,108,1,80,93,0,0,0,24,44,0,0,0,2,1,3,0
1492,1,78,canteros,118,108,1,93,89,0,0,0,24,54,0,0,0,2,1,2,0
1492,1,79,canteros,119,112,1,103,88,0,0,0,24,54,0,0,0,2,1,4,0
1492,1,80,canteros,118,108,1,82,74,0,0,0,24,56,0,0,0,2,1,4,0
1492,1,81,canteros,118,108,1,93,58,0,0,0,24,54,0,0,0,2,1,7,0
1492,1,82,canteros,118,108,1,94,55,0,0,0,24,54,0,0,0,2,1,3,0
1492,1,83,canteros,126,108,1,91,76,0,0,0,48,78,0,0,0,2,1,3,0
1492,1,84,canteros,126,108,1,96,96,0,0,0,48,78,0,0,0,2,1,3,0
1492,1,85,canteros,126,108,1,89,115,0,0,0,48,78,0,0,0,2,1,3,0
1492,1,86,canteros,126,108,1,89,133,0,0,0,48,78,0,0,0,2,1,3,0
1492,1,87,canteros,126,108,1,92,150,0,0,0,48,78,0,0,0,2,1,3,0
1492,1,88,canteros,126,108,1,89,167,0,0,0,48,78,0,0,0,2,1,3,0
1492,1,89,canteros,126,108,1,92,166,0,0,0,30,60,0,0,0,2,1,2,0
1492,1,90,canteros,126,108,1,95,168,0,0,0,30,60,0,0,0,2,1,2,0
1492,1,91,canteros,127,112,1,106,172,0,0,0,30,60,0,0,0,2,1,4,0
1492,1,92,canteros,126,108,1,81,162,0,0,0,30,62,0,0,0,2,1,4,0
1492,1,93,canteros,126,108,1,91,153,0,0,0,30,60,0,0,0,2,1,7,0
1492,1,94,canteros,126,108,1,93,153,0,0,0,30,60,0,0,0,2,1,2,0
1492,1,95,canteros,134,108,1,97,144,0,0,0,18,48,0,0,0,2,1,2,0
1492,1,96,canteros,134,108,1,85,135,0,0,0,18,38,0,0,0,2,1,3,0
1492,1,97,canteros,134,108,1,83,127,0,0,0,18,38,0,0,0,2,1,2,0
1492,1,98,canteros,134,108,1,83,118,0,0,0,18,38,0,0,0,2,1,2,0
1492,1,99,canteros,134,108,1,81,108,0,0,0,18,38,0,0,0,2,1,2,0
1492,1,100,canteros,134,108,1,82,99,0,0,0,18,38,0,0,0,2,1,2,0
1492,1,101,canteros,134,108,1,86,96,0,0,0,24,44,0,0,0,2,1,2,0
1492,1,102,canteros,134,108,1,93,92,0,0,0,24,54,0,0,0,2,1,3,0
1492,1,103,canteros,134,108,1,95,88,0,0,0,24,54,0,0,0,2,1,3,0
1492,1,104,canteros,135,112,1,96,85,0,0,0,24,54,0,0,0,2,1,4,0
1492,1,105,canteros,134,108,1,71,71,0,0,0,24,56,0,0,0,2,1,4,0
1492,1,106,canteros,134,108,1,96,68,0,0,0,24,54,0,0,0,2,1,2,0
1492,1,107,canteros,134,108,1,88,86,0,0,0,48,78,0,0,0,2,1,3,0
1492,1,108,canteros,134,108,1,94,105,0,0,0,48,78,0,0,0,2,1,3,0
1492,1,109,canteros,134,108,1,95,124,0,0,0,48,78,0,0,0,2,1,3,0
1492,1,110,canteros,134,108,1,86,142,0,0,0,48,78,0,0,0,2,1,3,0
1492,1,111,canteros,344,108,1,95,159,0,0,0,48,78,0,1,1,3,1,3,0
1492,1,112,canteros,344,108,1,94,177,0,0,0,48,78,0,0,0,3,1,4,0
1492,1,113,canteros,344,108,1,98,160,0,0,0,27,57,0,0,0,3,1,7,0
1492,1,114,canteros,344,108,1,97,154,0,0,0,27,57,0,0,0,3,1,3,0
1492,1,115,canteros,352,108,1,95,150,0,0,0,27,57,0,0,0,3,1,3,0
1492,1,116,canteros,352,108,1,95,151,0,0,0,27,57,0,0,0,3,1,3,0
1492,1,117,canteros,352,108,1,94,152,0,0,0,27,57,0,0,0,3,1,3,0
1492,1,118,canteros,352,108,1,99,153,0,0,0,27,57,0,0,0,3,1,2,0
1492,1,119,canteros,352,108,1,96,144,0,0,0,16,46,0,0,0,3,1,3,0
1492,1,120,canteros,352,108,1,84,135,0,0,0,16,36,0,0,0,3,1,3,0
1492,1,121,canteros,352,108,1,85,127,0,0,0,16,36,0,0,0,3,1,2,0
1492,1,122,canteros,352,108,1,82,117,0,0,0,16,36,0,0,0,3,1,2,0
1492,1,123,canteros,353,112,1,94,109,0,0,0,16,36,0,0,0,3,1,3,0
1492,1,124,canteros,352,108,1,67,89,0,0,0,16,37,0,0,0,3,1,3,0
1492,1,125,canteros,352,108,1,85,76,0,0,0,21,41,0,0,0,3,1,7,0
1492,1,126,canteros,352,108,1,88,69,0,0,0,21,51,0,0,0,3,1,3,0
1492,1,127,canteros,360,108,1,95,65,0,0,0,21,51,0,0,0,3,1,3,0
1492,1,128,canteros,360,108,1,90,61,0,0,0,21,51,0,0,0,3,1,3,0
1492,1,129,canteros,360,108,1,95,57,0,0,0,21,51,0,0,0,3,1,3,0
1492,1,130,canteros,360,108,1,92,53,0,0,0,21,51,0,0,0,3,1,3,0
1492,1,131,canteros,360,108,1,96,71,0,0,0,43,73,0,0,0,3,1,3,0
1492,1,132,canteros,360,108,1,100,88,0,0,0,43,73,0,0,0,3,1,2,0
1492,1,133,canteros,360,108,1,102,107,0,0,0,43,73,0,0,0,3,1,2,0
1492,1,134,canteros,360,108,1,107,126,0,0,0,43,73,0,0,0,3,1,2,0
1492,1,135,canteros,361,112,1,122,145,0,0,0,43,73,0,0,0,3,1,3,0
1492,1,136,canteros,360,108,1,82,151,0,0,0,43,75,0,0,0,3,1,4,0
1492,1,137,canteros,360,108,1,103,139,0,1,0,27,57,0,0,0,3,1,7,0
1492,1,138,canteros,360,108,1,92,139,0,1,0,27,57,0,0,0,3,1,2,0
1492,1,139,canteros,368,108,1,98,144,0,1,0,27,57,0,0,0,3,1,2,0
1492,1,140,canteros,368,108,1,100,146,0,1,0,27,57,0,0,0,3,1,3,0
1492,1,141,canteros,368,108,1,113,148,0,1,0,27,57,0,0,0,3,1,2,0
1492,1,142,canteros,368,108,1,120,152,0,1,0,27,57,0,0,0,3,1,3,0
1492,1,143,canteros,368,108,1,139,143,0,1,0,16,46,0,0,0,3,1,3,0
1492,1,144,canteros,368,108,1,136,134,0,1,0,16,36,0,0,0,3,1,2,0
1492,1,145,canteros,368,108,1,132,129,0,1,0,16,36,0,0,0,3,1,3,0
1492,1,146,canteros,368,108,1,139,121,0,1,0,16,36,0,0,0,3,1,3,0
1492,1,147,canteros,369,112,1,148,114,0,1,0,16,36,0,0,0,3,1,3,0
1492,1,148,canteros,368,108,1,128,99,0,1,0,16,37,0,0,0,3,1,4,0
1492,1,149,canteros,368,108,1,123,86,0,1,0,21,41,0,0,0,3,1,9,0
1492,1,150,canteros,368,108,1,121,81,0,2,0,21,51,0,0,0,3,1,3,0
1492,1,151,canteros,376,108,1,132,81,0,1,0,21,51,0,0,0,3,1,4,0
1492,1,152,canteros,376,108,1,136,79,0,1,0,21,51,0,0,0,3,1,4,0
1492,1,153,canteros,376,108,1,133,75,0,2,0,21,51,0,0,0,3,1,3,0
1492,1,154,canteros,376,108,1,143,75,0,1,0,21,51,0,0,0,3,1,3,0
1492,1,155,canteros,376,108,1,149,95,0,1,0,43,73,0,0,0,3,1,4,0
1492,1,156,canteros,376,108,1,147,111,0,2,0,43,73,0,0,0,3,1,3,0
1492,1,157,canteros,376,108,1,160,129,0,3,0,43,73,0,0,0,3,1,3,0
1492,1,158,canteros,376,108,1,179,150,0,0,0,43,73,0,0,0,3,1,3,0
1492,1,159,canteros,377,112,1,156,168,0,0,0,43,73,0,0,0,3,1,4,0
1492,1,160,canteros,376,108,1,135,174,0,2,0,43,75,0,0,0,3,1,4,0
1492,1,161,canteros,376,108,1,194,155,0,4,0,27,57,0,0,0,3,1,6,0
1492,1,162,canteros,376,108,1,189,152,0,0,0,27,57,0,0,0,3,1,3,0
1492,1,163,canteros,384,108,1,207,153,0,0,0,27,57,0,0,0,3,1,3,0
1492,1,164,canteros,384,108,1,216,154,0,0,0,27,57,0,0,0,3,1,2,0
1492,1,165,canteros,384,108,1,224,157,0,0,0,27,57,0,0,0,3,1,3,0
1492,1,166,canteros,384,108,1,252,158,0,0,0,27,57,0,0,0,3,1,3,0
1492,1,167,canteros,384,108,1,281,147,0,0,0,16,46,0,0,0,3,1,2,0
1492,1,168,canteros,384,108,1,271,135,0,0,0,16,36,0,0,0,3,1,3,0
1492,1,169,canteros,384,108,1,280,127,0,0,0,16,36,0,0,0,3,1,3,0
1492,1,170,canteros,384,108,1,276,119,0,0,0,16,36,0,0,0,3,1,2,0
1492,1,171,canteros,384,108,1,272,114,0,0,0,16,36,0,0,0,3,1,3,0
1492,1,172,canteros,385,112,1,293,107,0,0,0,16,36,0,0,0,3,1,4,0
1492,1,173,canteros,384,108,1,233,94,0,0,0,21,42,0,0,0,3,1,4,0
1492,1,174,canteros,384,108,1,214,79,0,2,0,21,51,0,0,0,3,1,9,0
1492,1,175,canteros,384,108,1,238,76,0,2,0,21,51,0,0,0,3,1,2,0
1492,1,176,canteros,384,108,1,245,79,0,0,0,21,51,0,0,0,3,1,3,0
1492,1,177,canteros,384,108,1,224,78,0,0,0,21,51,0,0,0,3,1,4,0
1492,1,178,canteros,392,108,1,204,74,0,2,0,21,51,0,0,0,3,1,3,0
1492,1,179,canteros,392,108,1,221,96,0,2,0,43,73,0,0,0,3,1,3,0
1492,1,180,canteros,392,108,1,241,115,0,2,0,43,73,0,0,0,3,1,3,0
1492,1,181,canteros,392,108,1,249,133,0,2,0,43,73,0,0,0,3,1,2,0
1492,1,182,canteros,392,108,1,257,154,0,2,0,43,73,0,0,0,3,1,3,0
1492,1,183,canteros,392,108,1,276,171,0,2,0,43,73,0,0,0,3,1,3,0
1492,1,184,canteros,392,108,1,323,187,0,2,0,43,73,0,0,0,3,1,1,0
1492,1,185,canteros,392,108,1,347,180,0,2,0,27,57,0,0,0,3,1,2,0
1492,1,186,canteros,392,108,1,391,173,0,2,0,27,57,0,0,0,3,1,1,0
1492,1,187,canteros,393,112,1,425,167,0,2,0,27,57,0,0,0,3,1,3,0
1492,1,188,canteros,392,108,1,446,150,0,2,0,27,59,0,0,0,3,1,3,0
1492,1,189,canteros,392,108,1,443,134,0,2,0,27,57,0,0,0,3,1,8,0
1492,1,190,canteros,392,108,1,461,136,0,2,0,27,57,0,0,0,3,1,3,0
1492,1,191,canteros,392,108,1,467,127,0,2,0,16,46,0,0,0,3,1,2,0
1492,1,192,canteros,392,108,1,462,122,0,2,0,16,36,0,0,0,3,1,3,0
1492,1,193,canteros,392,108,1,472,114,0,2,0,16,36,0,0,0,3,1,3,0
1492,1,194,canteros,400,108,1,470,106,0,2,0,16,36,0,0,0,3,1,2,0
1492,1,195,canteros,400,108,1,467,104,0,0,0,16,36,0,0,0,3,1,3,0
1492,1,196,canteros,400,108,1,475,97,0,0,0,16,36,0,0,0,3,1,3,0
1492,1,197,canteros,400,108,1,432,95,0,0,0,21,41,0,0,0,3,1,3,0
1492,1,198,canteros,400,108,1,412,93,0,2,0,21,51,0,0,0,3,1,4,0
1492,1,199,canteros,400,108,1,437,90,0,2,0,21,51,0,0,0,3,1,2,0
1492,1,200,canteros,400,108,1,446,93,0,0,0,21,51,0,0,0,3,1,3,0
1492,1,1,ferrones,25,46,1,45,63,0,0,0,7,17,0,0,0,0,1,4,0
1492,1,2,ferrones,24,42,1,25,46,0,0,0,7,11,0,0,0,0,1,2,0
1492,1,3,ferrones,23,38,1,5,30,0,0,0,7,11,0,0,0,0,1,1,0
1492,1,4,ferrones,23,38,1,4,25,0,0,0,7,10,0,0,0,0,1,0,1
1492,1,5,ferrones,23,38,1,3,21,0,0,0,7,10,0,1,0,0,1,0,1
1492,1,6,ferrones,23,38,1,13,19,0,0,0,7,21,0,0,0,0,1,1,0
1492,1,7,ferrones,23,38,1,23,17,0,0,0,7,21,0,0,0,0,1,0,1
1492,1,8,ferrones,23,38,1,33,15,0,0,0,7,21,0,0,0,0,1,0,1
1492,1,9,ferrones,23,38,1,43,13,0,0,0,7,21,0,0,0,0,1,0,1
1492,1,10,ferrones,23,38,1,53,11,0,0,0,7,21,0,0,0,0,1,0,1
1492,1,11,ferrones,23,38,1,63,21,0,0,0,19,33,0,0,0,0,1,0,1
1492,1,12,ferrones,23,39,1,73,30,0,0,0,19,33,0,0,0,0,1,0,1
1492,1,13,ferrones,24,40,1,74,39,0,0,0,19,33,0,0,0,0,1,2,0
1492,1,14,ferrones,23,37,1,54,37,0,0,0,19,35,0,0,0,0,1,4,0
1492,1,15,ferrones,23,38,1,67,47,0,0,0,19,33,0,0,0,0,1,1,0
1492,1,16,ferrones,23,39,1,72,55,0,0,0,19,33,0,0,0,0,1,2,0
1492,1,17,ferrones,24,40,1,74,44,0,0,0,12,26,0,0,0,0,1,7,0
1492,1,18,ferrones,24,42,1,74,45,0,0,0,12,28,0,0,0,0,1,3,0
1492,1,19,ferrones,42,44,1,75,47,0,0,0,12,28,0,0,0,1,1,3,0
1492,1,20,ferrones,42,44,1,66,48,0,0,0,12,28,0,0,0,1,1,3,0
1492,1,21,ferrones,43,46,1,75,47,0,0,0,12,28,0,1,0,1,1,2,0
1492,1,22,ferrones,43,48,1,76,47,0,0,0,12,32,0,0,0,1,1,2,0
1492,1,23,ferrones,43,48,1,77,41,0,0,0,7,27,0,0,0,1,1,3,0
1492,1,24,ferrones,43,48,1,74,36,0,0,0,7,23,0,0,0,1,1,3,0
1492,1,25,ferrones,43,48,1,71,31,0,0,0,7,23,0,0,0,1,1,3,0
1492,1,26,ferrones,43,48,1,73,26,0,0,0,7,23,0,0,0,1,1,2,0
1492,1,27,ferrones,43,48,1,74,21,0,0,0,7,23,0,0,0,1,1,2,0
1492,1,28,ferrones,43,48,1,74,16,0,0,0,7,23,0,0,0,1,1,2,0
1492,1,29,ferrones,44,52,1,81,15,0,0,0,9,25,0,0,0,1,1,4,0
1492,1,30,ferrones,44,52,1,79,12,0,0,0,9,31,0,0,0,1,1,3,0
1492,1,31,ferrones,44,52,1,79,10,0,0,0,9,31,0,0,0,1,1,3,0
1492,1,32,ferrones,44,52,1,79,8,0,0,0,9,31,0,0,0,1,1,3,0
1492,1,33,ferrones,44,52,1,79,6,0,0,0,9,31,0,0,0,1,1,3,0
1492,1,34,ferrones,44,52,1,79,4,0,0,0,9,31,0,0,0,1,1,3,0
1492,1,35,ferrones,44,52,1,79,12,0,0,0,19,41,0,0,0,1,1,3,0
1492,1,36,ferrones,44,52,1,79,20,0,0,0,19,41,0,0,0,1,1,3,0
1492,1,37,ferrones,44,52,1,79,27,0,0,0,19,41,0,0,0,1,1,3,0
1492,1,38,ferrones,44,52,1,80,28,0,0,0,13,35,0,0,0,1,1,2,0
1492,1,39,ferrones,44,52,1,81,27,0,0,0,13,35,0,0,0,1,1,2,0
1492,1,40,ferrones,44,52,1,82,26,0,0,0,13,35,0,0,0,1,1,2,0
1492,1,41,ferrones,44,52,1,82,21,0,0,0,8,30,0,0,0,1,1,3,0
1492,1,42,ferrones,44,52,1,71,18,0,0,0,8,30,0,0,0,1,1,3,0
1492,1,43,ferrones,44,52,1,81,15,0,0,0,8,30,0,1,0,1,1,3,0
1492,1,44,ferrones,44,52,1,47,16,0,0,0,12,34,0,0,0,1,1,2,0
1492,1,45,ferrones,44,52,1,66,17,0,0,0,12,34,0,0,0,1,1,1,0
1492,1,46,ferrones,44,52,1,75,14,0,0,0,12,34,0,0,0,1,1,2,0
1492,1,47,ferrones,44,52,1,75,7,0,0,0,7,29,0,0,0,1,1,2,0
1492,1,48,ferrones,43,52,1,73,3,0,0,0,7,24,1,1,0,1,1,2,0
1492,1,49,ferrones,42,52,1,76,3,0,0,5,7,29,1,0,0,1,1,2,0
1492,1,50,ferrones,41,51,1,72,2,0,0,9,7,28,1,0,0,1,1,2,0
1492,1,51,ferrones,40,50,1,75,3,0,0,13,7,28,1,0,0,1,1,2,0
1492,1,52,ferrones,38,49,1,71,2,0,0,17,7,28,1,0,0,1,1,2,0
1492,1,53,ferrones,37,48,1,73,3,0,0,21,9,29,1,0,0,1,1,2,0
1492,1,54,ferrones,37,48,1,77,2,0,0,17,9,33,0,0,0,1,1,3,0
1492,1,55,ferrones,37,48,1,76,2,0,0,21,10,36,0,0,0,1,1,2,0
1492,1,56,ferrones,37,48,1,77,3,0,0,17,10,36,0,0,0,1,1,3,0
1492,1,57,ferrones,37,48,1,78,5,0,0,20,11,37,0,0,0,1,1,2,0
1492,1,58,ferrones,62,48,1,79,7,0,0,15,11,37,0,0,0,1,1,3,0
1492,1,59,ferrones,62,48,1,81,22,0,0,17,24,51,0,0,0,1,1,2,0
1492,1,60,ferrones,63,50,1,78,36,0,0,19,24,51,0,0,0,1,1,2,0
1492,1,61,ferrones,62,48,1,64,41,0,0,21,24,53,0,0,0,1,1,3,0
1492,1,62,ferrones,63,50,1,81,54,0,0,15,24,51,0,0,0,1,1,2,0
1492,1,63,ferrones,63,52,1,75,58,0,0,17,18,48,0,0,0,1,1,2,0
1492,1,64,ferrones,63,54,1,80,65,0,0,18,18,47,0,0,0,1,1,2,0
1492,1,65,ferrones,63,54,1,78,51,0,0,19,11,40,0,0,0,1,1,7,0
1492,1,66,ferrones,63,54,1,83,52,0,0,20,11,40,0,0,0,1,1,2,0
1492,1,67,ferrones,71,54,1,81,51,0,0,21,11,40,0,0,0,1,1,2,0
1492,1,68,ferrones,71,54,1,81,52,0,0,22,11,40,0,0,0,1,1,2,0
1492,1,69,ferrones,72,56,1,80,57,0,0,23,16,45,0,0,0,1,1,2,0
1492,1,70,ferrones,72,58,1,79,61,0,0,21,16,45,0,0,0,1,1,3,0
1492,1,71,ferrones,72,58,1,138,59,0,0,22,10,39,0,0,0,1,1,2,0
1492,1,72,ferrones,72,58,1,89,56,0,0,23,10,34,0,0,0,1,1,3,0
1492,1,73,ferrones,72,58,1,86,57,0,0,21,10,34,0,0,0,1,1,4,0
1492,1,74,ferrones,72,58,1,133,55,0,0,22,10,34,0,0,0,1,1,2,0
1492,1,75,ferrones,72,58,1,88,54,0,0,23,10,34,0,0,0,1,1,3,0
1492,1,76,ferrones,72,58,1,96,55,0,0,21,10,34,0,0,0,1,1,3,0
1492,1,77,ferrones,73,62,1,145,56,0,0,22,13,37,0,0,0,1,1,4,0
1492,1,78,ferrones,72,58,1,76,47,0,0,22,13,43,0,0,0,1,1,5,0
1492,1,79,ferrones,72,58,1,98,36,0,1,22,13,41,0,0,0,1,1,7,0
1492,1,80,ferrones,72,58,1,78,38,0,0,22,13,41,0,0,0,1,1,3,0
1492,1,81,ferrones,80,58,1,87,40,0,0,22,13,41,0,0,0,1,1,2,0
1492,1,82,ferrones,80,58,1,85,41,0,0,22,13,41,0,0,0,1,1,2,0
1492,1,83,ferrones,81,60,1,84,55,0,0,22,26,54,0,0,0,1,1,2,0
1492,1,84,ferrones,81,60,1,85,68,0,0,22,26,56,0,0,0,1,1,2,0
1492,1,85,ferrones,81,60,1,86,80,0,0,22,26,56,0,0,0,1,1,2,0
1492,1,86,ferrones,96,60,1,89,92,0,0,22,26,56,0,0,0,2,1,2,0
1492,1,87,ferrones,96,60,1,85,103,0,0,22,26,56,0,0,0,2,1,2,0
1492,1,88,ferrones,96,60,1,91,110,0,0,22,26,56,0,0,0,2,1,2,0
1492,1,89,ferrones,96,64,1,95,110,0,0,22,16,46,0,0,0,2,1,3,0
1492,1,90,ferrones,96,60,1,72,96,0,0,22,16,46,0,0,0,2,1,3,0
1492,1,91,ferrones,96,60,1,87,81,0,0,22,16,46,0,0,0,2,1,7,0
1492,1,92,ferrones,96,60,1,80,79,0,0,21,16,45,0,0,0,2,1,2,0
1492,1,93,ferrones,104,60,1,84,82,0,0,20,16,45,0,0,0,2,1,2,0
1492,1,94,ferrones,104,60,1,86,84,0,0,19,16,45,0,0,0,2,1,2,0
1492,1,95,ferrones,104,60,1,83,80,0,0,18,10,39,0,0,0,2,1,2,0
1492,1,96,ferrones,104,60,1,80,77,0,0,17,10,33,0,0,0,2,1,2,0
1492,1,97,ferrones,104,60,1,75,74,0,0,16,10,33,0,0,0,2,1,2,0
1492,1,98,ferrones,104,60,1,75,71,0,0,15,10,33,0,0,0,2,1,2,0
1492,1,99,ferrones,104,60,1,74,67,0,0,14,10,33,0,0,0,2,1,2,0
1492,1,100,ferrones,104,60,1,78,63,0,0,13,10,33,0,0,0,2,1,2,0
1492,1,101,ferrones,104,60,1,75,61,0,0,12,13,36,0,0,0,2,1,2,0
1492,1,102,ferrones,104,60,1,80,60,0,0,11,13,42,0,0,0,2,1,2,0
1492,1,103,ferrones,104,64,1,90,62,0,0,10,13,42,0,0,0,2,1,3,0
1492,1,104,ferrones,104,60,1,62,52,0,0,9,13,42,0,0,0,2,1,4,0
1492,1,105,ferrones,104,60,1,87,39,0,0,8,13,42,0,0,0,2,1,6,0
1492,1,106,ferrones,104,60,1,83,36,0,0,7,13,42,0,0,0,2,1,2,0
1492,1,107,ferrones,112,60,1,86,55,0,0,5,32,60,0,0,0,2,1,2,0
1492,1,108,ferrones,112,60,1,58,35,0,0,3,32,60,0,0,0,2,1,3,0
1492,1,109,ferrones,112,60,1,80,54,0,0,1,32,60,0,0,0,2,1,1,0
1492,1,110,ferrones,144,81,2,76,69,0,0,3,32,60,0,0,0,3,1,2,0
1492,1,111,ferrones,144,82,2,64,82,0,0,1,32,64,0,0,0,3,1,3,0
1492,1,112,ferrones,144,83,2,75,92,0,0,3,32,64,0,1,0,3,1,2,0
1492,1,113,ferrones,144,83,2,57,90,0,0,1,21,53,0,0,0,3,1,2,0
1492,1,114,ferrones,144,84,2,68,89,0,0,3,21,53,0,1,0,3,1,1,0
1492,1,115,ferrones,145,88,2,80,87,0,0,1,21,53,0,0,0,3,1,3,0
1492,1,116,ferrones,145,85,2,48,74,0,0,3,21,53,0,0,0,3,1,3,0
1492,1,117,ferrones,145,86,2,61,65,0,0,1,21,53,0,0,0,3,1,6,0
1492,1,118,ferrones,145,87,2,68,63,0,0,3,21,53,0,0,0,3,1,0,1
1492,1,119,ferrones,153,87,2,70,53,0,0,1,13,45,0,0,0,3,1,2,0
1492,1,120,ferrones,153,87,2,62,45,0,0,3,13,39,0,0,0,3,1,2,0
1492,1,121,ferrones,153,87,2,66,38,0,0,1,13,39,0,0,0,3,1,1,0
1492,1,122,ferrones,153,87,2,62,29,0,0,3,13,39,0,0,0,3,1,2,0
1492,1,123,ferrones,153,87,2,64,22,0,0,1,13,39,0,0,0,3,1,1,0
1492,1,124,ferrones,153,87,2,65,14,0,0,3,13,39,0,0,0,3,1,0,1
1492,1,125,ferrones,153,87,2,61,10,0,0,1,17,43,0,0,0,3,1,2,0
1492,1,126,ferrones,153,87,2,69,7,0,0,3,17,49,0,0,0,3,1,1,0
1492,1,127,ferrones,153,87,2,71,3,0,0,1,17,49,0,0,0,3,1,3,0
1492,1,128,ferrones,153,91,2,80,2,0,0,3,17,46,1,0,0,3,1,3,0
1492,1,129,ferrones,152,91,2,71,2,0,0,1,17,46,1,0,0,3,1,2,0
1492,1,130,ferrones,150,89,2,75,4,0,0,3,17,46,1,0,0,3,1,2,0
1492,1,131,ferrones,150,89,2,71,17,0,0,1,33,62,0,0,0,3,1,2,0
1492,1,132,ferrones,151,90,2,73,30,0,0,3,33,62,0,0,0,3,1,2,0
1492,1,133,ferrones,151,91,2,73,43,0,0,1,34,63,0,0,0,3,1,2,0
1492,1,134,ferrones,151,92,2,73,55,0,0,3,34,63,0,0,0,3,1,2,0
1492,1,135,ferrones,151,93,2,73,66,0,0,1,34,63,0,0,0,3,1,2,0
1492,1,136,ferrones,151,91,2,54,67,0,0,3,34,64,0,0,0,3,1,3,0
1492,1,137,ferrones,151,91,2,65,53,0,0,1,21,51,0,0,0,3,1,6,0
1492,1,138,ferrones,151,91,2,69,50,0,0,3,21,51,0,0,0,3,1,2,0
1492,1,139,ferrones,159,91,2,74,49,0,0,1,22,52,0,0,0,3,1,2,0
1492,1,140,ferrones,159,91,2,74,49,0,0,3,22,52,0,0,0,3,1,2,0
1492,1,141,ferrones,159,91,2,75,50,0,0,1,22,52,0,0,0,3,1,2,0
1492,1,142,ferrones,159,91,2,71,50,0,0,3,22,52,0,0,0,3,1,2,0
1492,1,143,ferrones,159,91,2,74,43,0,0,1,13,43,0,0,0,3,1,3,0
1492,1,144,ferrones,159,91,2,71,35,0,0,3,13,39,0,0,0,3,1,2,0
1492,1,145,ferrones,159,91,2,68,27,0,0,1,13,39,0,0,0,3,1,2,0
1492,1,146,ferrones,159,91,2,70,20,0,0,3,13,39,0,0,0,3,1,2,0
1492,1,147,ferrones,159,91,2,66,12,0,0,1,13,39,0,0,0,3,1,2,0
1492,1,148,ferrones,159,91,2,68,5,0,0,3,13,39,0,0,0,3,1,2,0
1492,1,149,ferrones,160,95,2,79,1,0,0,1,17,43,0,0,0,3,1,3,0
1492,1,150,ferrones,159,95,2,76,1,0,0,3,17,49,1,0,0,3,1,2,0
1492,1,151,ferrones,158,95,2,76,3,0,0,1,17,49,1,0,0,3,1,3,0
1492,1,152,ferrones,156,93,2,75,3,0,0,0,17,50,1,0,0,3,1,2,0
1492,1,153,ferrones,155,91,2,74,3,0,0,3,17,50,1,0,0,3,1,2,0
1492,1,154,ferrones,153,89,2,76,3,0,0,2,17,48,1,0,0,3,1,2,0
1492,1,155,ferrones,153,89,2,71,17,0,0,1,34,65,0,0,0,3,1,3,0
1492,1,156,ferrones,154,90,2,72,31,0,0,0,34,64,0,0,0,3,1,2,0
1492,1,157,ferrones,154,91,2,71,44,0,0,3,34,64,0,0,0,3,1,2,0
1492,1,158,ferrones,154,92,2,71,56,0,0,2,34,65,0,0,0,3,1,2,0
1492,1,159,ferrones,154,91,2,51,57,0,0,1,34,65,0,0,0,3,1,3,0
1492,1,160,ferrones,154,93,2,59,69,0,0,0,34,63,0,0,0,3,1,1,0
1492,1,161,ferrones,154,93,2,67,53,0,0,3,22,53,0,0,0,3,1,5,0
1492,1,162,ferrones,154,93,2,70,50,0,0,2,22,53,0,0,0,3,1,2,0
1492,1,163,ferrones,154,93,2,69,49,0,0,1,22,53,0,0,0,3,1,2,0
1492,1,164,ferrones,162,93,2,74,49,0,0,0,22,53,0,0,0,3,1,3,0
1492,1,165,ferrones,162,93,2,75,48,0,0,3,22,55,0,0,0,3,1,2,0
1492,1,166,ferrones,162,93,2,72,48,0,0,2,22,55,0,0,0,3,1,2,0
1492,1,167,ferrones,162,93,2,76,40,0,0,1,13,46,0,0,0,3,1,2,0
1492,1,168,ferrones,162,93,2,67,31,0,0,0,13,40,0,0,0,3,1,2,0
1492,1,169,ferrones,162,93,2,70,24,0,0,3,13,40,0,0,0,3,1,2,0
1492,1,170,ferrones,162,93,2,65,15,0,0,2,13,40,0,0,0,3,1,2,0
1492,1,171,ferrones,162,93,2,66,7,0,0,1,13,40,0,0,0,3,1,2,0
1492,1,172,ferrones,161,93,2,66,1,0,0,0,13,40,1,0,0,3,1,2,0
1492,1,173,ferrones,160,93,2,66,1,0,0,3,17,44,1,0,0,3,1,2,0
1492,1,174,ferrones,159,91,2,72,1,0,0,2,17,50,1,0,0,3,1,2,0
1492,1,175,ferrones,158,93,2,81,1,0,0,1,17,48,1,0,0,3,1,3,0
1492,1,176,ferrones,157,91,2,73,2,0,0,0,17,50,1,0,0,3,1,2,0
1492,1,177,ferrones,155,89,2,78,4,0,0,3,16,49,1,0,0,3,1,3,0
1492,1,178,ferrones,154,87,2,72,2,0,0,2,15,45,1,0,0,3,1,2,0
1492,1,179,ferrones,154,87,2,71,10,0,0,1,26,54,0,0,0,3,1,3,0
1492,1,180,ferrones,154,87,2,62,17,0,0,0,26,47,0,0,0,3,1,2,0
1492,1,181,ferrones,154,87,2,63,24,0,0,3,26,47,0,0,0,3,1,1,0
1492,1,182,ferrones,154,87,2,62,28,0,0,2,26,47,0,0,0,3,1,0,1
1492,1,183,ferrones,154,89,2,61,35,0,0,1,29,50,0,0,0,3,1,0,1
1492,1,184,ferrones,155,90,2,61,41,0,0,0,29,51,0,0,0,3,1,0,1
1492,1,185,ferrones,155,90,2,62,39,0,0,3,21,44,0,0,0,3,1,0,1
1492,1,186,ferrones,155,90,2,63,37,0,0,2,21,44,0,0,0,3,1,0,1
1492,1,187,ferrones,155,90,2,64,35,0,0,1,21,44,0,0,0,3,1,0,1
1492,1,188,ferrones,155,90,2,65,33,0,0,0,21,44,0,0,0,3,1,0,1
1492,1,189,ferrones,155,91,2,61,32,0,0,3,22,45,0,0,0,3,1,2,0
1492,1,190,ferrones,155,91,2,63,32,0,0,2,22,45,0,0,0,3,1,1,0
1492,1,191,ferrones,155,91,2,64,23,0,0,1,13,36,0,0,0,3,1,0,1
1492,1,192,ferrones,155,91,2,65,14,0,0,0,13,36,0,0,0,3,1,0,1
1492,1,193,ferrones,155,91,2,61,5,0,0,3,13,36,0,0,0,3,1,3,0
1492,1,194,ferrones,154,91,2,65,1,0,0,2,13,38,1,0,0,3,1,1,0
1492,1,195,ferrones,153,91,2,63,0,0,0,1,13,38,1,0,0,3,1,2,0
1492,1,196,ferrones,151,89,2,67,1,0,0,0,13,38,1,0,0,3,1,1,0
1492,1,197,ferrones,150,87,2,64,0,0,0,3,17,41,1,0,0,3,1,2,0
1492,1,198,ferrones,149,85,2,69,1,0,0,2,17,43,1,0,0,3,1,1,0
1492,1,199,ferrones,147,83,2,68,0,0,0,1,16,42,1,0,0,3,1,3,0
1492,1,200,ferrones,146,81,2,67,1,0,0,0,16,41,1,0,0,3,1,2,0
1492,1,1,hortelanos,29,66,1,30,81,0,0,0,31,45,0,0,0,0,1,4,0
1492,1,2,hortelanos,28,62,1,12,71,0,0,0,31,37,0,0,0,0,1,7,0
1492,1,3,hortelanos,96,62,1,14,82,0,0,0,31,37,0,0,0,1,1,0,1
1492,1,4,hortelanos,96,62,1,16,93,0,0,0,31,37,0,0,0,1,1,0,1
1492,1,5,hortelanos,161,62,1,18,115,0,0,0,43,49,0,1,0,2,1,0,1
1492,1,6,hortelanos,161,62,1,34,130,0,0,0,43,63,0,0,0,2,1,6,0
1492,1,7,hortelanos,169,60,1,30,143,0,0,0,43,63,0,0,0,2,1,1,0
1492,1,8,hortelanos,169,60,1,46,151,0,0,0,43,63,0,0,0,2,1,5,0
1492,1,9,hortelanos,169,60,1,62,172,0,0,0,43,63,0,0,0,2,1,0,1
1492,1,10,hortelanos,169,60,1,78,173,0,0,0,43,63,0,0,0,2,1,7,0
1492,1,11,hortelanos,177,60,1,99,203,0,0,0,61,81,0,0,0,2,1,3,0
1492,1,12,hortelanos,177,60,1,106,234,0,0,0,61,81,0,0,0,2,1,3,0
1492,1,13,hortelanos,177,60,1,96,264,0,0,0,61,81,0,0,0,2,1,4,0
1492,1,14,hortelanos,177,60,1,106,292,0,1,0,61,81,0,0,0,2,1,3,0
1492,1,15,hortelanos,177,60,1,96,320,0,1,0,61,81,0,0,0,2,1,4,0
1492,1,16,hortelanos,177,60,1,110,331,0,0,0,61,81,0,0,0,2,1,14,0
1492,1,17,hortelanos,177,60,1,99,340,0,1,0,43,63,0,0,0,2,1,3,0
1492,1,18,hortelanos,185,60,1,111,347,0,1,0,43,63,0,0,0,2,1,3,0
1492,1,19,hortelanos,185,60,1,99,355,0,1,0,43,63,0,0,0,2,1,3,0
1492,1,20,hortelanos,185,60,1,99,361,0,1,0,43,63,0,0,0,2,1,3,0
1492,1,21,hortelanos,185,60,1,101,367,0,1,0,43,63,0,1,0,2,1,4,0
1492,1,22,hortelanos,185,60,1,100,375,0,1,0,43,63,0,0,0,2,1,3,0
1492,1,23,hortelanos,185,60,1,127,378,0,1,0,43,63,0,0,0,2,1,3,0
1492,1,24,hortelanos,185,60,1,98,386,0,1,0,43,57,0,0,0,2,1,3,0
1492,1,25,hortelanos,185,60,1,104,391,0,1,0,43,57,0,0,0,2,1,3,0
1492,1,26,hortelanos,185,64,1,103,397,0,1,0,43,57,0,0,0,2,1,4,0
1492,1,27,hortelanos,185,63,1,78,391,0,1,0,43,57,0,1,0,2,1,4,0
1492,1,28,hortelanos,186,66,1,92,381,0,1,0,43,57,0,0,0,2,1,8,0
1492,1,29,hortelanos,186,69,1,92,379,0,1,0,36,50,0,0,0,2,1,3,0
1492,1,30,hortelanos,187,72,1,98,377,0,1,0,36,56,0,0,0,2,1,3,0
1492,1,31,hortelanos,196,75,1,113,373,0,1,0,36,58,0,0,0,2,1,3,0
1492,1,32,hortelanos,196,78,1,112,370,0,1,0,36,58,0,0,0,2,1,3,0
1492,1,33,hortelanos,197,81,1,114,366,0,1,0,36,58,0,0,0,2,1,3,0
1492,1,34,hortelanos,198,85,1,118,352,0,0,0,36,60,0,0,0,2,1,8,0
1492,1,35,hortelanos,198,89,1,104,355,0,0,0,43,67,0,0,0,2,1,4,0
1492,1,36,hortelanos,199,90,1,110,355,0,1,0,43,67,0,0,0,2,1,3,0
1492,1,37,hortelanos,199,90,1,115,355,0,1,0,43,69,0,0,0,2,1,3,0
1492,1,38,hortelanos,199,90,1,119,355,0,1,0,43,69,0,0,0,2,1,3,0
1492,1,39,hortelanos,199,90,1,106,356,0,1,0,43,69,0,0,0,2,1,4,0
1492,1,40,hortelanos,199,90,1,114,345,0,1,0,43,69,0,0,0,2,1,8,0
1492,1,41,hortelanos,199,90,1,109,349,0,1,0,45,71,0,0,0,2,1,3,0
1492,1,42,hortelanos,207,90,1,115,345,0,1,0,45,71,0,0,0,2,1,8,0
1492,1,43,hortelanos,207,90,1,109,349,0,1,0,45,71,0,0,0,2,1,3,0
1492,1,44,hortelanos,207,90,1,114,352,0,1,0,45,71,0,0,0,2,1,3,0
1492,1,45,hortelanos,207,90,1,108,355,0,1,0,45,71,0,0,0,2,1,3,0
1492,1,46,hortelanos,207,90,1,112,345,0,1,0,45,71,0,0,0,2,1,8,0
1492,1,47,hortelanos,207,90,1,76,308,0,1,0,43,69,0,0,0,2,1,4,0
1492,1,48,hortelanos,207,90,1,102,294,0,1,0,43,60,0,0,0,2,1,8,0
1492,1,49,hortelanos,249,160,2,95,297,0,1,0,43,60,0,0,0,3,1,3,0
1492,1,50,hortelanos,257,160,2,93,281,0,1,0,43,74,0,0,0,3,1,5,0
1492,1,51,hortelanos,257,160,2,90,274,0,1,0,52,83,0,0,0,3,1,4,0
1492,1,52,hortelanos,257,160,2,101,265,0,1,0,52,83,0,1,0,3,1,4,0
1492,1,53,hortelanos,257,160,2,102,271,0,1,0,65,96,0,1,0,3,1,3,0
1492,1,54,hortelanos,257,160,2,121,290,0,1,0,79,119,0,1,0,3,1,4,0
1492,1,55,hortelanos,257,163,2,114,309,0,1,0,79,119,0,1,0,3,1,5,0
1492,1,56,hortelanos,258,166,2,120,328,0,2,0,79,119,0,1,0,3,1,4,0
1492,1,57,hortelanos,258,169,2,121,349,0,3,0,79,122,0,0,0,3,1,3,0
1492,1,58,hortelanos,260,176,2,120,367,0,3,0,79,122,0,0,0,3,1,4,0
1492,1,59,hortelanos,260,176,2,97,373,0,3,0,79,124,0,0,0,3,1,4,0
1492,1,60,hortelanos,261,180,2,122,373,0,0,0,79,124,0,0,0,3,1,8,0
1492,1,61,hortelanos,261,180,2,119,386,0,0,0,79,126,0,0,0,3,1,4,0
1492,1,62,hortelanos,269,180,2,120,399,0,1,0,79,126,0,0,0,3,1,4,0
1492,1,63,hortelanos,269,180,2,121,411,0,2,0,79,126,0,0,0,3,1,4,0
1492,1,64,hortelanos,269,180,2,119,424,0,3,0,79,126,0,0,0,3,1,3,0
1492,1,65,hortelanos,269,180,2,126,424,0,3,0,79,126,0,0,0,3,1,8,0
1492,1,66,hortelanos,269,180,2,92,398,0,3,0,79,126,0,0,0,3,1,4,0
1492,1,67,hortelanos,277,180,2,119,408,0,3,0,79,126,0,0,0,3,1,3,0
1492,1,68,hortelanos,335,280,3,127,420,0,3,0,79,126,0,0,0,4,1,3,0
1492,1,69,hortelanos,335,280,3,121,408,0,3,0,79,146,0,0,0,4,1,4,0
1492,1,70,hortelanos,335,280,3,133,396,0,3,0,79,146,0,1,0,4,1,5,0
1492,1,71,hortelanos,335,280,3,142,404,0,3,0,95,162,0,0,0,4,1,5,0
1492,1,72,hortelanos,335,280,3,122,371,0,3,0,95,153,0,1,0,4,1,6,0
1492,1,73,hortelanos,335,280,3,132,393,0,3,0,111,169,0,0,0,4,1,5,0
1492,1,74,hortelanos,352,327,4,141,412,0,3,0,111,169,0,2,0,4,1,4,0
1492,1,75,hortelanos,354,337,4,129,386,0,3,0,111,177,0,1,0,4,1,7,0
1492,1,76,hortelanos,355,343,4,102,388,0,3,0,111,177,0,0,0,4,1,5,0
1492,1,77,hortelanos,374,396,5,122,385,0,3,0,111,179,0,0,0,4,1,10,0
1492,1,78,hortelanos,375,404,5,113,342,0,3,0,111,198,0,1,0,4,1,6,0
1492,1,79,hortelanos,377,412,5,135,348,0,3,0,120,207,0,0,0,4,1,4,0
1492,1,80,hortelanos,399,482,6,146,352,0,3,0,120,211,0,0,0,4,1,4,0
1492,1,81,hortelanos,407,482,6,179,337,0,3,0,120,225,0,1,0,4,1,6,0
1492,1,82,hortelanos,408,486,6,162,329,0,3,0,124,229,0,0,0,4,1,6,0
1492,1,83,hortelanos,408,489,6,180,320,0,3,0,124,229,0,0,0,4,1,5,0
1492,1,84,hortelanos,409,491,6,215,309,0,3,0,124,231,0,1,0,4,1,5,0
1492,1,85,hortelanos,410,497,6,260,305,0,3,0,128,235,0,0,0,4,1,5,0
1492,1,86,hortelanos,410,498,6,214,289,0,3,0,128,235,0,0,0,4,1,5,0
1492,1,87,hortelanos,410,498,6,250,270,0,1,0,128,237,0,1,0,4,1,9,0
1492,1,88,hortelanos,410,498,6,278,263,0,1,0,128,237,0,0,0,4,1,5,0
1492,1,89,hortelanos,410,498,6,320,255,0,2,0,128,237,0,0,0,4,1,4,0
1492,1,90,hortelanos,418,498,6,341,250,0,2,0,128,237,0,0,0,4,1,4,0
1492,1,91,hortelanos,418,498,6,376,243,0,2,0,128,237,0,1,0,4,1,5,0
1492,1,92,hortelanos,418,498,6,412,241,0,2,0,131,240,0,0,0,4,1,4,0
1492,1,93,hortelanos,418,498,6,453,238,0,2,0,131,240,0,0,0,4,1,4,0
1492,1,94,hortelanos,418,498,6,508,235,0,2,0,131,240,0,1,0,4,1,4,0
1492,1,95,hortelanos,418,498,6,559,246,0,2,0,141,250,0,0,0,4,1,3,0
1492,1,96,hortelanos,418,498,6,541,257,0,2,0,141,241,0,0,0,4,1,5,0
1492,1,97,hortelanos,418,498,6,563,266,0,2,0,141,241,0,0,0,4,1,6,0
1492,1,98,hortelanos,418,498,6,591,259,0,2,0,141,241,0,0,0,4,1,9,0
1492,1,99,hortelanos,418,498,6,619,265,0,2,0,141,241,0,1,0,4,1,4,0
1492,1,100,hortelanos,426,498,6,578,272,0,2,0,141,241,0,0,0,4,1,4,0
1492,1,101,hortelanos,426,498,6,605,277,0,2,0,141,241,0,0,0,4,1,6,0
1492,1,102,hortelanos,426,498,6,661,282,0,2,0,141,250,0,1,0,4,1,3,0
1492,1,103,hortelanos,426,498,6,712,294,0,2,0,144,253,0,0,0,4,1,3,0
1492,1,104,hortelanos,426,498,6,703,306,0,2,0,144,253,0,0,0,4,1,3,0
1492,1,105,hortelanos,426,498,6,734,316,0,2,0,144,253,0,1,0,4,1,6,0
1492,1,106,hortelanos,427,502,6,780,324,0,2,0,144,253,0,0,0,4,1,5,0
1492,1,107,hortelanos,427,502,6,797,321,0,2,0,144,253,0,0,0,4,1,5,0
1492,1,108,hortelanos,427,502,6,784,317,0,0,0,144,253,0,0,0,4,1,10,0
1492,1,109,hortelanos,427,502,6,745,323,0,0,0,144,253,0,0,0,4,1,6,0
1492,1,110,hortelanos,427,502,6,777,326,0,2,0,144,253,0,0,0,4,1,5,0
1492,1,111,hortelanos,427,502,6,838,331,0,4,0,144,253,0,1,0,4,1,4,0
1492,1,112,hortelanos,435,502,6,889,346,0,4,0,150,259,0,0,0,4,1,3,0
1492,1,113,hortelanos,435,502,6,890,361,0,4,0,150,259,0,0,0,4,1,3,0
1492,1,114,hortelanos,435,502,6,891,375,0,4,0,150,259,0,0,0,4,1,4,0
1492,1,115,hortelanos,435,502,6,912,350,0,4,0,150,259,0,0,0,4,1,4,0
1492,1,116,hortelanos,435,502,6,962,364,0,4,0,150,259,0,0,0,4,1,4,0
1492,1,117,hortelanos,457,571,7,1012,379,0,4,0,150,259,0,0,0,4,1,4,0
1492,1,118,hortelanos,457,571,7,1012,326,0,4,0,150,271,0,1,0,4,1,6,0
1492,1,119,hortelanos,457,571,7,1012,316,0,4,0,155,276,0,0,0,4,1,9,0
1492,1,120,hortelanos,471,602,8,1053,316,0,4,0,155,267,0,0,0,4,1,4,0
1492,1,121,hortelanos,471,603,8,1071,311,0,4,0,155,273,0,0,0,4,1,4,0
1492,1,122,hortelanos,479,604,8,1057,306,0,4,0,155,273,0,0,0,4,1,5,0
1492,1,123,hortelanos,480,605,8,1092,300,0,4,0,155,273,0,1,0,4,1,4,0
1492,1,124,hortelanos,480,606,8,1127,300,0,4,0,159,277,0,0,0,4,1,3,0
1492,1,125,hortelanos,480,607,8,1144,300,0,4,0,159,277,0,0,0,4,1,3,0
1492,1,126,hortelanos,480,608,8,1138,298,0,4,0,159,286,0,1,0,4,1,5,0
1492,1,127,hortelanos,480,609,8,1178,302,0,4,0,164,283,0,0,0,4,1,4,0
1492,1,128,hortelanos,481,610,8,1177,268,0,4,0,164,283,0,0,0,4,1,4,0
1492,1,129,hortelanos,481,611,8,1195,271,0,4,0,164,283,0,1,0,4,1,5,0
1492,1,130,hortelanos,499,661,9,1172,273,0,4,0,164,285,0,0,0,4,1,4,0
1492,1,131,hortelanos,499,661,9,1148,263,0,4,0,164,295,0,0,0,4,1,6,0
1492,1,132,hortelanos,499,661,9,1106,253,0,4,0,164,295,0,0,0,4,1,5,0
1492,1,133,hortelanos,499,661,9,1132,241,0,4,0,164,295,0,1,0,4,1,6,0
1492,1,134,hortelanos,500,665,9,1179,236,0,4,0,168,299,0,0,0,4,1,3,0
1492,1,135,hortelanos,500,669,9,1220,233,0,4,0,168,299,0,0,0,4,1,3,0
1492,1,136,hortelanos,500,669,9,1192,229,0,4,0,168,299,0,0,0,4,1,3,0
1492,1,137,hortelanos,501,673,9,1182,223,0,4,0,168,299,0,1,0,4,1,5,0
1492,1,138,hortelanos,502,677,9,1224,222,0,4,0,172,303,0,0,0,4,1,4,0
1492,1,139,hortelanos,503,681,9,1266,220,0,4,0,172,303,0,0,0,4,1,4,0
1492,1,140,hortelanos,503,683,9,1306,218,0,4,0,172,311,0,0,0,4,1,3,0
1492,1,141,hortelanos,504,685,9,1285,214,0,4,0,172,311,0,1,0,4,1,4,0
1492,1,142,hortelanos,504,687,9,1320,208,0,4,0,172,311,0,0,0,4,1,5,0
1492,1,143,hortelanos,504,689,9,1355,202,0,4,0,172,311,0,0,0,4,1,4,0
1492,1,144,hortelanos,504,689,9,1333,160,0,0,0,172,302,0,0,0,4,1,6,0
1492,1,145,hortelanos,504,689,9,1309,153,0,0,0,172,302,0,0,0,4,1,5,0
1492,1,146,hortelanos,527,764,10,1306,146,0,0,0,172,302,0,1,0,4,1,4,0
1492,1,147,hortelanos,527,764,10,1339,139,0,0,0,182,326,0,0,0,4,1,4,0
1492,1,148,hortelanos,527,764,10,1351,135,0,0,0,182,326,0,0,0,4,1,2,0
1492,1,149,hortelanos,527,764,10,1306,130,0,0,0,182,326,0,0,0,4,1,4,0
1492,1,150,hortelanos,528,766,10,1331,133,0,2,0,194,347,0,1,0,4,1,4,0
1492,1,151,hortelanos,528,766,10,1381,141,0,4,0,197,352,0,0,0,4,1,3,0
1492,1,152,hortelanos,528,766,10,1400,191,0,0,0,234,389,0,0,0,4,1,2,0
1492,1,153,hortelanos,528,766,10,1371,229,0,0,0,234,389,0,1,0,4,1,5,0
1492,1,154,hortelanos,528,766,10,1405,265,0,2,0,238,393,0,0,0,4,1,5,0
1492,1,155,hortelanos,528,766,10,1454,301,0,4,0,238,393,0,0,0,4,1,3,0
1492,1,156,hortelanos,528,766,10,1482,322,0,4,0,223,378,0,1,0,4,1,4,0
1492,1,157,hortelanos,528,766,10,1467,341,0,4,0,223,378,0,0,0,4,1,4,0
1492,1,158,hortelanos,528,766,10,1502,360,0,4,0,223,378,0,0,0,4,1,5,0
1492,1,159,hortelanos,528,766,10,1519,378,0,4,0,223,378,0,0,0,4,1,4,0
1492,1,160,hortelanos,528,766,10,1554,393,0,4,0,223,378,0,1,0,4,1,6,0
1492,1,161,hortelanos,528,766,10,1560,414,0,4,0,236,391,0,0,0,4,1,8,0
1492,1,162,hortelanos,528,766,10,1599,445,0,4,0,236,391,0,0,0,4,1,4,0
1492,1,163,hortelanos,536,766,10,1628,473,0,4,0,236,391,0,1,0,4,1,5,0
1492,1,164,hortelanos,536,766,10,1663,499,0,4,0,236,391,0,0,0,4,1,4,0
1492,1,165,hortelanos,536,766,10,1698,524,0,4,0,236,391,0,0,0,4,1,4,0
1492,1,166,hortelanos,536,766,10,1683,534,0,4,0,236,391,0,0,0,4,1,10,0
1492,1,167,hortelanos,536,766,10,1718,557,0,4,0,236,391,0,0,0,4,1,5,0
1492,1,168,hortelanos,544,766,10,1764,579,0,4,0,236,382,0,0,0,4,1,3,0
1492,1,169,hortelanos,544,766,10,1794,604,0,4,0,236,382,0,0,0,4,1,3,0
1492,1,170,hortelanos,544,766,10,1784,626,0,4,0,236,382,0,0,0,4,1,4,0
1492,1,171,hortelanos,544,766,10,1793,608,0,4,0,236,382,0,1,0,4,1,4,0
1492,1,172,hortelanos,544,766,10,1832,627,0,4,0,242,388,0,0,0,4,1,9,0
1492,1,173,hortelanos,569,813,11,1871,655,0,4,0,242,388,0,0,0,4,1,3,0
1492,1,174,hortelanos,570,815,11,1896,671,0,4,0,242,405,0,0,0,4,1,4,0
1492,1,175,hortelanos,570,817,11,1889,684,0,4,0,242,405,0,1,0,4,1,5,0
1492,1,176,hortelanos,570,819,11,1934,695,0,3,0,253,418,0,0,0,4,1,9,0
1492,1,177,hortelanos,571,821,11,1961,719,0,3,0,253,418,0,0,0,4,1,3,0
1492,1,178,hortelanos,579,823,11,2006,739,0,3,0,253,418,0,1,0,4,1,4,0
1492,1,179,hortelanos,580,825,11,2000,772,0,3,0,265,430,0,0,0,4,1,3,0
1492,1,180,hortelanos,580,826,11,2034,802,0,3,0,265,430,0,0,0,4,1,5,0
1492,1,181,hortelanos,580,826,11,2060,829,0,3,0,265,432,0,1,0,4,1,4,0
1492,1,182,hortelanos,580,826,11,2092,854,0,3,0,265,432,0,0,0,4,1,4,0
1492,1,183,hortelanos,580,826,11,2074,878,0,3,0,265,432,0,0,0,4,1,4,0
1492,1,184,hortelanos,580,826,11,2106,895,0,2,0,265,432,0,0,0,4,1,10,0
1492,1,185,hortelanos,588,826,11,2138,917,0,2,0,265,432,0,0,0,4,1,4,0
1492,1,186,hortelanos,588,826,11,2190,938,0,2,0,265,432,0,0,0,4,1,4,0
1492,1,187,hortelanos,588,826,11,2176,962,0,2,0,265,432,0,0,0,4,1,3,0
1492,1,188,hortelanos,588,826,11,2222,971,0,2,0,265,432,0,1,0,4,1,9,0
1492,1,189,hortelanos,588,826,11,2268,999,0,2,0,271,438,0,0,0,4,1,3,0
1492,1,190,hortelanos,596,826,11,2313,1026,0,2,0,271,438,0,0,0,4,1,4,0
1492,1,191,hortelanos,596,826,11,2304,1052,0,2,0,271,430,0,0,0,4,1,3,0
1492,1,192,hortelanos,596,826,11,2338,1077,0,2,0,271,421,0,0,0,4,1,4,0
1492,1,193,hortelanos,596,826,11,2372,1101,0,2,0,271,421,0,0,0,4,1,3,0
1492,1,194,hortelanos,596,826,11,2406,1124,0,2,0,271,421,0,0,0,4,1,3,0
1492,1,195,hortelanos,596,826,11,2390,1146,0,2,0,271,421,0,0,0,4,1,3,0
1492,1,196,hortelanos,596,826,11,2404,1167,0,2,0,273,423,0,0,0,4,1,5,0
1492,1,197,hortelanos,597,833,11,2433,1185,0,2,0,273,423,0,1,0,4,1,5,0
1492,1,198,hortelanos,598,836,11,2441,1192,0,2,0,273,432,0,0,0,4,1,5,0
1492,1,199,hortelanos,599,840,11,2441,1192,0,2,0,273,434,0,0,0,4,1,10,0
1492,1,200,hortelanos,599,844,11,2493,1206,0,2,0,273,438,0,0,0,4,1,4,0
1492,1,1,mercaderes,33,86,1,62,59,0,0,0,13,39,0,0,0,0,1,4,0
1492,1,2,mercaderes,32,82,1,54,38,0,0,0,13,29,0,0,0,0,1,2,0
1492,1,3,mercaderes,32,82,1,66,28,0,0,0,13,29,0,1,0,0,1,0,1
1492,1,4,mercaderes,32,82,1,74,21,0,0,0,13,29,0,0,0,0,1,2,0
1492,1,5,mercaderes,32,82,1,73,15,0,0,0,13,29,0,0,0,0,1,2,0
1492,1,6,mercaderes,32,82,1,87,12,0,0,0,13,37,0,0,0,0,1,2,0
1492,1,7,mercaderes,32,82,1,87,8,0,0,0,13,37,0,0,0,0,1,3,0
1492,1,8,mercaderes,32,82,1,91,5,0,0,0,13,37,0,0,0,0,1,3,0
1492,1,9,mercaderes,31,82,1,95,4,0,0,0,13,37,1,0,0,0,1,3,0
1492,1,10,mercaderes,30,82,1,89,4,0,0,0,13,37,1,0,0,0,1,3,0
1492,1,11,mercaderes,30,82,1,95,24,0,0,0,36,60,0,0,0,0,1,3,0
1492,1,12,mercaderes,31,86,1,88,43,0,0,0,36,60,0,0,0,0,1,3,0
1492,1,13,mercaderes,32,90,1,94,60,0,0,0,36,60,0,0,0,0,1,3,0
1492,1,14,mercaderes,32,90,1,70,66,0,0,0,36,62,0,0,0,0,1,4,0
1492,1,15,mercaderes,47,90,1,73,72,0,0,0,36,62,0,0,0,1,1,3,0
1492,1,16,mercaderes,47,90,1,65,76,0,0,0,36,62,0,0,0,1,1,3,0
1492,1,17,mercaderes,47,90,1,87,67,0,0,0,22,48,0,0,0,1,1,7,0
1492,1,18,mercaderes,65,90,1,87,66,0,0,0,22,48,0,0,0,2,1,2,0
1492,1,19,mercaderes,65,90,1,94,71,0,0,0,22,48,0,0,0,2,1,3,0
1492,1,20,mercaderes,65,90,1,92,74,0,0,0,22,48,0,1,0,2,1,4,0
1492,1,21,mercaderes,65,90,1,93,71,0,0,0,22,48,0,0,0,2,1,8,0
1492,1,22,mercaderes,65,90,1,93,76,0,0,0,22,48,0,0,0,2,1,3,0
1492,1,23,mercaderes,73,90,1,93,72,0,0,0,13,39,0,0,0,2,1,3,0
1492,1,24,mercaderes,73,90,1,86,68,0,0,0,13,30,0,0,0,2,1,4,0
1492,1,25,mercaderes,73,90,1,87,62,0,0,0,13,30,0,0,0,2,1,2,0
1492,1,26,mercaderes,73,90,1,85,48,0,0,0,13,30,0,1,0,2,1,7,0
1492,1,27,mercaderes,81,90,1,82,45,0,0,0,13,30,0,0,0,2,1,2,0
1492,1,28,mercaderes,81,90,1,82,42,0,0,0,13,30,0,0,0,2,1,2,0
1492,1,29,mercaderes,81,90,1,79,43,0,0,0,18,35,0,0,0,2,1,3,0
1492,1,30,mercaderes,81,90,1,94,42,0,0,0,18,44,0,0,0,2,1,2,0
1492,1,31,mercaderes,81,90,1,91,41,0,0,0,18,44,0,0,0,2,1,3,0
1492,1,32,mercaderes,81,90,1,95,40,0,0,0,18,44,0,0,0,2,1,3,0
1492,1,33,mercaderes,81,90,1,98,39,0,0,0,18,44,0,0,0,2,1,3,0
1492,1,34,mercaderes,81,90,1,94,38,0,0,0,18,44,0,0,0,2,1,3,0
1492,1,35,mercaderes,81,90,1,99,54,0,0,0,36,62,0,0,0,2,1,3,0
1492,1,36,mercaderes,81,90,1,98,70,0,0,0,36,62,0,0,0,2,1,3,0
1492,1,37,mercaderes,81,90,1,97,85,0,0,0,36,62,0,0,0,2,1,3,0
1492,1,38,mercaderes,81,90,1,96,100,0,0,0,36,62,0,0,0,2,1,3,0
1492,1,39,mercaderes,81,90,1,95,114,0,0,0,36,62,0,0,0,2,1,3,0
1492,1,40,mercaderes,81,90,1,94,127,0,0,0,36,62,0,0,0,2,1,3,0
1492,1,41,mercaderes,81,90,1,92,114,0,0,0,22,48,0,0,0,2,1,8,0
1492,1,42,mercaderes,81,90,1,100,117,0,0,0,22,48,0,0,0,2,1,3,0
1492,1,43,mercaderes,89,90,1,93,118,0,0,0,22,48,0,1,0,2,1,3,0
1492,1,44,mercaderes,89,90,1,97,121,0,0,0,22,48,0,0,0,2,1,3,0
1492,1,45,mercaderes,89,90,1,99,124,0,0,0,22,48,0,0,0,2,1,3,0
1492,1,46,mercaderes,89,90,1,93,127,0,0,0,22,48,0,0,0,2,1,3,0
1492,1,47,mercaderes,89,90,1,96,108,0,0,0,13,39,0,0,0,2,1,8,0
1492,1,48,mercaderes,89,90,1,88,103,0,0,0,13,30,0,0,0,2,1,3,0
1492,1,49,mercaderes,97,90,1,87,100,0,0,0,15,32,0,0,0,2,1,2,0
1492,1,50,mercaderes,97,90,1,86,97,0,0,0,15,32,0,0,0,2,1,2,0
1492,1,51,mercaderes,97,90,1,84,94,0,0,0,15,32,0,0,0,2,1,2,0
1492,1,52,mercaderes,97,90,1,82,91,0,0,0,15,32,0,0,0,2,1,2,0
1492,1,53,mercaderes,97,90,1,89,82,0,0,0,18,35,0,0,0,2,1,7,0
1492,1,54,mercaderes,97,90,1,92,79,0,0,0,18,44,0,0,0,2,1,3,0
1492,1,55,mercaderes,105,90,1,98,76,0,0,0,18,44,0,0,0,2,1,3,0
1492,1,56,mercaderes,105,90,1,93,74,0,0,0,18,44,0,0,0,2,1,3,0
1492,1,57,mercaderes,105,90,1,91,72,0,0,0,18,44,0,0,0,2,1,3,0
1492,1,58,mercaderes,105,90,1,99,70,0,0,0,18,44,0,0,0,2,1,3,0
1492,1,59,mercaderes,105,90,1,94,94,0,0,0,45,71,0,0,0,2,1,3,0
1492,1,60,mercaderes,105,90,1,94,117,0,0,0,45,71,0,0,0,2,1,3,0
1492,1,61,mercaderes,105,90,1,93,139,0,0,0,45,71,0,0,0,2,1,4,0
1492,1,62,mercaderes,105,90,1,97,158,0,0,0,45,71,0,1,0,2,1,3,0
1492,1,63,mercaderes,105,90,1,92,178,0,0,0,45,71,0,0,0,2,1,2,0
1492,1,64,mercaderes,105,90,1,96,193,0,0,0,45,71,0,0,0,2,1,2,0
1492,1,65,mercaderes,105,90,1,105,177,0,0,0,25,51,0,0,0,2,1,7,0
1492,1,66,mercaderes,105,90,1,93,173,0,0,0,25,51,0,0,0,2,1,2,0
1492,1,67,mercaderes,113,90,1,97,169,0,0,0,25,51,0,0,0,2,1,2,0
1492,1,68,mercaderes,113,90,1,98,166,0,0,0,25,51,0,0,0,2,1,2,0
1492,1,69,mercaderes,113,90,1,99,163,0,0,0,25,51,0,0,0,2,1,3,0
1492,1,70,mercaderes,113,90,1,94,158,0,0,0,25,51,0,1,0,2,1,2,0
1492,1,71,mercaderes,113,90,1,98,145,0,0,0,15,41,0,0,0,2,1,2,0
1492,1,72,mercaderes,113,90,1,111,133,0,0,0,15,32,0,0,0,2,1,2,0
1492,1,73,mercaderes,113,90,1,80,120,0,0,0,13,30,0,0,0,2,1,3,0
1492,1,74,mercaderes,113,94,1,98,113,0,0,0,13,30,0,0,0,2,1,3,0
1492,1,75,mercaderes,113,90,1,63,96,0,0,0,13,30,0,0,0,2,1,5,0
1492,1,76,mercaderes,113,90,1,86,76,0,0,0,13,30,0,0,0,2,1,6,0
1492,1,77,mercaderes,113,90,1,78,68,0,0,0,18,35,0,1,0,2,1,3,0
1492,1,78,mercaderes,121,90,1,93,66,0,0,0,18,44,0,0,0,2,1,2,0
1492,1,79,mercaderes,121,90,1,90,64,0,0,0,18,44,0,0,0,2,1,3,0
1492,1,80,mercaderes,121,90,1,92,62,0,0,0,18,44,0,0,0,2,1,3,0
1492,1,81,mercaderes,121,90,1,94,60,0,0,0,18,44,0,0,0,2,1,3,0
1492,1,82,mercaderes,121,90,1,105,58,0,0,0,18,44,0,0,0,2,1,3,0
1492,1,83,mercaderes,121,90,1,91,74,0,0,0,36,62,0,0,0,2,1,3,0
1492,1,84,mercaderes,121,90,1,103,89,0,0,0,36,62,0,0,0,2,1,3,0
1492,1,85,mercaderes,121,90,1,89,103,0,0,0,36,62,0,0,0,2,1,3,0
1492,1,86,mercaderes,121,90,1,101,117,0,0,0,36,62,0,0,0,2,1,3,0
1492,1,87,mercaderes,121,90,1,97,130,0,0,0,36,62,0,0,0,2,1,3,0
1492,1,88,mercaderes,121,90,1,96,143,0,0,0,36,62,0,0,0,2,1,4,0
1492,1,89,mercaderes,121,90,1,97,128,0,0,0,22,48,0,1,0,2,1,8,0
1492,1,90,mercaderes,121,90,1,98,130,0,0,0,22,48,0,0,0,2,1,3,0
1492,1,91,mercaderes,129,90,1,91,132,0,0,0,22,48,0,0,0,2,1,3,0
1492,1,92,mercaderes,129,90,1,100,134,0,0,0,22,48,0,0,0,2,1,3,0
1492,1,93,mercaderes,129,90,1,96,135,0,0,0,22,48,0,0,0,2,1,3,0
1492,1,94,mercaderes,129,90,1,97,134,0,0,0,22,48,0,0,0,2,1,3,0
1492,1,95,mercaderes,129,90,1,96,123,0,0,0,13,39,0,0,0,2,1,3,0
1492,1,96,mercaderes,129,90,1,86,114,0,0,0,13,30,0,0,0,2,1,3,0
1492,1,97,mercaderes,129,90,1,86,108,0,0,0,13,30,0,0,0,2,1,2,0
1492,1,98,mercaderes,129,94,1,93,103,0,0,0,13,30,0,0,0,2,1,3,0
1492,1,99,mercaderes,129,90,1,59,87,0,0,0,13,30,0,0,0,2,1,4,0
1492,1,100,mercaderes,129,90,1,81,69,0,0,0,13,30,0,0,0,2,1,6,0
1492,1,101,mercaderes,129,90,1,81,63,0,0,0,18,35,0,0,0,2,1,2,0
1492,1,102,mercaderes,137,90,1,94,61,0,0,0,18,44,0,0,0,2,1,2,0
1492,1,103,mercaderes,137,90,1,87,59,0,0,0,18,44,0,0,0,2,1,3,0
1492,1,104,mercaderes,137,90,1,96,57,0,0,0,18,44,0,0,0,2,1,3,0
1492,1,105,mercaderes,137,90,1,92,55,0,0,0,18,44,0,0,0,2,1,4,0
1492,1,106,mercaderes,137,90,1,96,52,0,0,0,18,44,0,1,0,2,1,3,0
1492,1,107,mercaderes,137,90,1,92,68,0,0,0,36,62,0,0,0,2,1,3,0
1492,1,108,mercaderes,137,90,1,97,83,0,0,0,36,62,0,0,0,2,1,3,0
1492,1,109,mercaderes,137,90,1,99,98,0,0,0,36,62,0,0,0,2,1,3,0
1492,1,110,mercaderes,137,90,1,96,112,0,0,0,36,62,0,0,0,2,1,3,0
1492,1,111,mercaderes,137,90,1,94,125,0,0,0,36,62,0,0,0,2,1,3,0
1492,1,112,mercaderes,137,90,1,92,138,0,0,0,36,62,0,0,0,2,1,3,0
1492,1,113,mercaderes,137,90,1,95,125,0,0,0,22,48,0,0,0,2,1,7,0
1492,1,114,mercaderes,137,90,1,93,120,0,0,0,22,48,0,0,0,2,1,3,0
1492,1,115,mercaderes,145,90,1,93,123,0,0,0,22,48,0,0,0,2,1,4,0
1492,1,116,mercaderes,145,90,1,95,124,0,0,0,22,48,0,1,0,2,1,3,0
1492,1,117,mercaderes,145,90,1,96,127,0,0,0,22,48,0,0,0,2,1,3,0
1492,1,118,mercaderes,145,90,1,97,129,0,0,0,22,48,0,0,0,2,1,3,0
1492,1,119,mercaderes,145,90,1,97,123,0,0,0,13,39,0,0,0,2,1,3,0
1492,1,120,mercaderes,145,90,1,88,117,0,0,0,13,30,0,0,0,2,1,3,0
1492,1,121,mercaderes,145,90,1,90,111,0,0,0,13,30,0,0,0,2,1,2,0
1492,1,122,mercaderes,145,94,1,98,105,0,0,0,13,30,0,0,0,2,1,3,0
1492,1,123,mercaderes,145,90,1,61,89,0,0,0,13,30,0,0,0,2,1,4,0
1492,1,124,mercaderes,145,90,1,86,71,0,0,0,13,30,0,0,0,2,1,6,0
1492,1,125,mercaderes,145,90,1,78,65,0,0,0,18,35,0,0,0,2,1,3,0
1492,1,126,mercaderes,145,90,1,94,63,0,0,0,18,44,0,0,0,2,1,2,0
1492,1,127,mercaderes,153,90,1,87,61,0,0,0,18,44,0,0,0,2,1,3,0
1492,1,128,mercaderes,153,90,1,95,59,0,0,0,18,44,0,0,0,2,1,3,0
1492,1,129,mercaderes,153,90,1,90,57,0,0,0,18,44,0,0,0,2,1,3,0
1492,1,130,mercaderes,153,90,1,98,55,0,0,0,18,44,0,0,0,2,1,3,0
1492,1,131,mercaderes,153,90,1,93,71,0,0,0,36,62,0,0,0,2,1,3,0
1492,1,132,mercaderes,153,90,1,93,86,0,0,0,36,62,0,0,0,2,1,4,0
1492,1,133,mercaderes,153,90,1,97,99,0,0,0,36,62,0,1,0,2,1,3,0
1492,1,134,mercaderes,153,90,1,93,113,0,0,0,36,62,0,0,0,2,1,3,0
1492,1,135,mercaderes,153,94,1,108,129,0,0,0,36,62,0,0,0,2,1,4,0
1492,1,136,mercaderes,153,90,1,84,131,0,0,0,36,62,0,0,0,2,1,4,0
1492,1,137,mercaderes,153,90,1,94,117,0,0,0,22,48,0,0,0,2,1,7,0
1492,1,138,mercaderes,153,90,1,90,120,0,0,0,22,48,0,0,0,2,1,3,0
1492,1,139,mercaderes,161,90,1,99,123,0,0,0,22,48,0,0,0,2,1,2,0
1492,1,140,mercaderes,161,90,1,94,126,0,0,0,22,48,0,0,0,2,1,3,0
1492,1,141,mercaderes,161,90,1,95,128,0,0,0,22,48,0,0,0,2,1,3,0
1492,1,142,mercaderes,161,90,1,95,130,0,0,0,22,48,0,0,0,2,1,3,0
1492,1,143,mercaderes,161,90,1,95,124,0,0,0,13,39,0,0,0,2,1,3,0
1492,1,144,mercaderes,161,90,1,85,118,0,0,0,13,30,0,0,0,2,1,3,0
1492,1,145,mercaderes,161,90,1,85,112,0,0,0,13,30,0,0,0,2,1,2,0
1492,1,146,mercaderes,161,90,1,82,106,0,0,0,13,30,0,0,0,2,1,3,0
1492,1,147,mercaderes,161,94,1,92,100,0,0,0,13,30,0,0,0,2,1,3,0
1492,1,148,mercaderes,161,90,1,61,81,0,0,0,13,30,0,1,0,2,1,4,0
1492,1,149,mercaderes,161,90,1,85,70,0,0,0,18,35,0,0,0,2,1,6,0
1492,1,150,mercaderes,161,90,1,86,64,0,0,0,18,44,0,0,0,2,1,3,0
1492,1,151,mercaderes,169,90,1,94,62,0,0,0,18,44,0,0,0,2,1,4,0
1492,1,152,mercaderes,169,90,1,102,60,0,0,0,18,51,0,0,0,2,1,3,0
1492,1,153,mercaderes,169,90,1,105,58,0,0,0,18,51,0,0,0,2,1,3,0
1492,1,154,mercaderes,169,90,1,110,56,0,0,0,18,51,0,0,0,2,1,3,0
1492,1,155,mercaderes,169,90,1,122,72,0,0,0,36,69,0,0,0,2,1,3,0
1492,1,156,mercaderes,169,90,1,117,87,0,0,0,36,69,0,0,0,2,1,3,0
1492,1,157,mercaderes,169,90,1,115,101,0,0,0,36,69,0,0,0,2,1,3,0
1492,1,158,mercaderes,169,90,1,113,115,0,0,0,36,69,0,0,0,2,1,3,0
1492,1,159,mercaderes,169,94,1,121,129,0,0,0,36,69,0,0,0,2,1,4,0
1492,1,160,mercaderes,169,90,1,99,131,0,0,0,36,69,0,0,0,2,1,4,0
1492,1,161,mercaderes,169,90,1,109,117,0,0,0,22,55,0,0,0,2,1,8,0
1492,1,162,mercaderes,169,90,1,106,120,0,0,0,22,55,0,0,0,2,1,3,0
1492,1,163,mercaderes,177,90,1,106,123,0,0,0,22,55,0,0,0,2,1,3,0
1492,1,164,mercaderes,177,90,1,105,126,0,0,0,22,55,0,0,0,2,1,3,0
1492,1,165,mercaderes,177,90,1,104,128,0,0,0,22,55,0,0,0,2,1,3,0
1492,1,166,mercaderes,177,90,1,103,130,0,0,0,22,55,0,0,0,2,1,3,0
1492,1,167,mercaderes,177,90,1,101,124,0,0,0,13,46,0,0,0,2,1,3,0
1492,1,168,mercaderes,177,90,1,100,118,0,0,0,13,34,0,0,0,2,1,3,0
1492,1,169,mercaderes,177,90,1,95,112,0,0,0,13,34,0,0,0,2,1,3,0
1492,1,170,mercaderes,177,90,1,90,106,0,0,0,13,34,0,0,0,2,1,3,0
1492,1,171,mercaderes,177,94,1,104,102,0,0,0,13,34,0,0,0,2,1,3,0
1492,1,172,mercaderes,177,90,1,65,86,0,0,0,13,34,0,0,0,2,1,4,0
1492,1,173,mercaderes,177,90,1,90,75,0,0,0,18,39,0,0,0,2,1,7,0
1492,1,174,mercaderes,177,90,1,97,70,0,0,0,18,51,0,0,0,2,1,3,0
1492,1,175,mercaderes,185,90,1,99,68,0,0,0,18,51,0,0,0,2,1,3,0
1492,1,176,mercaderes,185,90,1,104,66,0,0,0,18,51,0,0,0,2,1,3,0
1492,1,177,mercaderes,185,90,1,101,64,0,0,0,18,51,0,0,0,2,1,3,0
1492,1,178,mercaderes,185,90,1,110,62,0,0,0,18,51,0,0,0,2,1,3,0
1492,1,179,mercaderes,185,90,1,106,77,0,0,0,36,69,0,0,0,2,1,3,0
1492,1,180,mercaderes,185,90,1,105,92,0,0,0,36,69,0,0,0,2,1,3,0
1492,1,181,mercaderes,185,90,1,104,106,0,0,0,36,69,0,0,0,2,1,3,0
1492,1,182,mercaderes,185,90,1,103,120,0,0,0,36,69,0,0,0,2,1,3,0
1492,1,183,mercaderes,185,94,1,112,134,0,0,0,36,69,0,0,0,2,1,4,0
1492,1,184,mercaderes,185,90,1,90,136,0,0,0,36,69,0,0,0,2,1,4,0
1492,1,185,mercaderes,185,90,1,104,122,0,0,0,22,55,0,0,0,2,1,8,0
1492,1,186,mercaderes,185,90,1,97,120,0,0,0,22,55,0,0,0,2,1,3,0
1492,1,187,mercaderes,193,90,1,104,123,0,0,0,22,55,0,0,0,2,1,3,0
1492,1,188,mercaderes,193,90,1,99,126,0,0,0,22,55,0,0,0,2,1,3,0
1492,1,189,mercaderes,193,90,1,109,128,0,0,0,22,55,0,0,0,2,1,3,0
1492,1,190,mercaderes,193,90,1,106,130,0,0,0,22,55,0,0,0,2,1,3,0
1492,1,191,mercaderes,193,90,1,106,124,0,0,0,13,46,0,0,0,2,1,3,0
1492,1,192,mercaderes,193,90,1,93,118,0,0,0,13,34,0,0,0,2,1,3,0
1492,1,193,mercaderes,193,90,1,90,112,0,0,0,13,34,0,0,0,2,1,3,0
1492,1,194,mercaderes,193,90,1,93,106,0,0,0,13,34,0,0,0,2,1,2,0
1492,1,195,mercaderes,193,90,1,83,101,0,0,0,13,34,0,0,0,2,1,3,0
1492,1,196,mercaderes,193,90,1,88,96,0,0,0,13,34,0,0,0,2,1,2,0
1492,1,197,mercaderes,193,94,1,100,96,0,0,0,18,39,0,0,0,2,1,4,0
1492,1,198,mercaderes,193,90,1,83,82,0,0,0,18,51,0,0,0,2,1,4,0
1492,1,199,mercaderes,193,90,1,99,66,0,0,0,18,51,0,0,0,2,1,8,0
1492,1,200,mercaderes,193,90,1,102,64,0,0,0,18,51,0,0,0,2,1,3,0
1492,1,1,mesta,22,30,1,42,75,0,0,0,5,11,0,0,0,0,1,3,0
1492,1,2,mesta,22,30,1,41,69,0,0,0,5,8,0,0,0,0,1,1,0
1492,1,3,mesta,22,30,1,40,63,0,0,0,5,8,0,0,0,0,1,0,1
1492,1,4,mesta,22,30,1,39,57,0,0,0,5,8,0,0,0,0,1,0,1
1492,1,5,mesta,22,30,1,38,51,0,0,0,5,8,0,1,0,0,1,0,1
1492,1,6,mesta,21,26,1,28,38,0,0,0,5,19,0,0,0,0,1,1,0
1492,1,7,mesta,21,26,1,36,36,0,0,0,5,17,0,0,0,0,1,1,0
1492,1,8,mesta,21,26,1,44,34,0,0,0,5,17,0,0,0,0,1,0,1
1492,1,9,mesta,21,26,1,52,32,0,0,0,5,17,0,0,0,0,1,0,1
1492,1,10,mesta,21,26,1,60,30,0,0,0,5,17,0,0,0,0,1,0,1
1492,1,11,mesta,21,27,1,68,36,0,0,0,13,25,0,0,0,0,1,0,1
1492,1,12,mesta,21,28,1,71,42,0,0,0,13,25,0,0,0,0,1,2,0
1492,1,13,mesta,21,29,1,71,48,0,0,0,13,25,0,0,0,0,1,2,0
1492,1,14,mesta,22,30,1,72,52,0,0,0,13,25,0,0,0,0,1,2,0
1492,1,15,mesta,21,29,1,45,56,0,0,0,13,27,0,0,0,0,1,3,0
1492,1,16,mesta,22,30,1,55,62,0,0,0,13,25,0,0,0,0,1,1,0
1492,1,17,mesta,22,31,1,65,63,0,0,0,8,22,0,0,0,0,1,0,1
1492,1,18,mesta,37,32,1,75,64,0,0,0,8,22,0,0,0,1,1,0,1
1492,1,19,mesta,37,33,1,76,64,0,0,0,8,22,0,0,0,1,1,2,0
1492,1,20,mesta,37,34,1,79,64,0,0,0,8,22,0,0,0,1,1,2,0
1492,1,21,mesta,37,34,1,63,63,0,0,0,8,22,0,0,0,1,1,2,0
1492,1,22,mesta,38,35,1,78,60,0,0,0,8,22,0,1,0,1,1,1,0
1492,1,23,mesta,38,35,1,70,56,0,0,0,5,25,0,0,0,1,1,2,0
1492,1,24,mesta,38,35,1,73,52,0,0,0,5,22,0,0,0,1,1,2,0
1492,1,25,mesta,38,35,1,72,48,0,0,0,5,22,0,0,0,1,1,2,0
1492,1,26,mesta,38,35,1,72,47,0,0,0,5,22,0,0,0,1,1,2,0
1492,1,27,mesta,38,35,1,72,46,0,0,0,5,22,0,0,0,1,1,2,0
1492,1,28,mesta,38,35,1,72,45,0,0,0,5,22,0,0,0,1,1,3,0
1492,1,29,mesta,38,35,1,94,45,0,0,0,6,23,0,0,0,1,1,3,0
1492,1,30,mesta,38,35,1,93,44,0,0,0,6,26,0,0,0,1,1,4,0
1492,1,31,mesta,38,35,1,100,43,0,0,0,6,26,0,0,0,1,1,4,0
1492,1,32,mesta,38,35,1,107,42,0,0,0,6,26,0,0,0,1,1,4,0
1492,1,33,mesta,38,35,1,114,41,0,0,0,6,26,0,0,0,1,1,4,0
1492,1,34,mesta,38,35,1,120,40,1,0,0,6,26,0,0,0,1,1,4,0
1492,1,35,mesta,38,36,1,100,46,1,0,0,13,33,0,0,0,1,1,5,0
1492,1,36,mesta,38,37,1,112,50,1,1,0,13,33,0,0,0,1,1,4,0
1492,1,37,mesta,38,38,1,118,54,1,1,0,13,33,0,0,0,1,1,4,0
1492,1,38,mesta,38,39,1,101,54,1,1,0,9,29,0,0,0,1,1,5,0
1492,1,39,mesta,38,39,1,114,54,1,2,0,9,29,0,0,0,1,1,4,0
1492,1,40,mesta,38,39,1,106,55,1,0,0,9,29,0,0,0,1,1,4,0
1492,1,41,mesta,38,39,1,101,54,1,0,0,5,25,0,0,0,1,1,4,0
1492,1,42,mesta,38,39,1,97,53,1,0,0,5,25,0,0,0,1,1,4,0
1492,1,43,mesta,38,39,1,101,52,1,0,0,5,25,0,0,0,1,1,4,0
1492,1,44,mesta,38,39,1,97,54,1,0,0,8,28,0,0,0,1,1,4,0
1492,1,45,mesta,38,39,1,101,55,1,0,0,8,28,0,0,0,1,1,4,0
1492,1,46,mesta,38,39,1,96,56,1,0,0,8,28,0,0,0,1,1,4,0
1492,1,47,mesta,38,39,1,100,54,1,0,0,5,25,0,0,0,1,1,4,0
1492,1,48,mesta,38,39,1,94,52,1,0,0,5,22,0,0,0,1,1,4,0
1492,1,49,mesta,38,39,1,97,51,1,0,0,5,22,0,0,0,1,1,4,0
1492,1,50,mesta,38,39,1,99,50,1,0,0,5,22,0,0,0,1,1,4,0
1492,1,51,mesta,38,39,1,92,49,1,0,0,5,22,0,0,0,1,1,4,0
1492,1,52,mesta,38,39,1,94,48,1,0,0,5,22,0,0,0,1,1,4,0
1492,1,53,mesta,38,39,1,93,48,1,0,0,6,23,0,0,0,1,1,4,0
1492,1,54,mesta,38,39,1,99,45,1,0,0,6,26,0,0,0,1,1,4,0
1492,1,55,mesta,38,39,1,108,42,1,0,0,6,26,0,0,0,1,1,4,0
1492,1,56,mesta,38,39,1,115,39,1,0,0,6,26,0,0,0,1,1,4,0
1492,1,57,mesta,38,39,1,122,36,1,0,0,6,26,0,0,0,1,1,4,0
1492,1,58,mesta,38,39,1,102,33,2,0,0,6,26,0,0,0,1,1,5,0
1492,1,59,mesta,39,40,1,114,37,2,1,0,13,33,0,0,0,1,1,4,0
1492,1,60,mesta,38,37,1,102,31,2,0,0,13,35,0,0,0,1,1,5,0
1492,1,61,mesta,38,38,1,108,35,2,0,0,13,33,0,0,0,1,1,4,0
1492,1,62,mesta,38,39,1,113,39,2,0,0,13,33,0,0,0,1,1,4,0
1492,1,63,mesta,38,39,1,118,39,2,0,0,9,29,0,0,0,1,1,4,0
1492,1,64,mesta,38,39,1,97,39,2,0,0,9,29,0,0,0,1,1,5,0
1492,1,65,mesta,38,39,1,111,22,2,1,0,5,25,0,0,0,1,1,9,0
1492,1,66,mesta,38,39,1,100,22,2,0,0,5,25,0,0,0,1,1,4,0
1492,1,67,mesta,56,39,1,94,22,2,0,0,5,25,0,0,0,2,1,4,0
1492,1,68,mesta,56,39,1,99,22,2,0,0,5,25,0,0,0,2,1,4,0
1492,1,69,mesta,56,39,1,95,25,2,0,0,8,28,0,0,0,2,1,4,0
1492,1,70,mesta,56,39,1,100,28,2,0,0,8,28,0,0,0,2,1,4,0
1492,1,71,mesta,56,39,1,96,28,2,0,0,5,25,0,0,0,2,1,4,0
1492,1,72,mesta,56,39,1,97,28,2,0,0,5,22,0,0,0,2,1,4,0
1492,1,73,mesta,56,39,1,101,28,2,0,0,5,22,0,0,0,2,1,4,0
1492,1,74,mesta,56,39,1,95,28,2,0,0,5,22,0,0,0,2,1,4,0
1492,1,75,mesta,56,39,1,97,28,2,0,0,5,22,0,0,0,2,1,4,0
1492,1,76,mesta,56,39,1,99,28,2,0,0,5,22,0,0,0,2,1,4,0
1492,1,77,mesta,57,43,1,108,28,2,0,0,6,23,0,0,0,2,1,5,0
1492,1,78,mesta,57,43,1,116,25,2,0,0,6,28,0,0,0,2,1,4,0
1492,1,79,mesta,57,43,1,123,22,2,0,0,6,28,0,0,0,2,1,4,0
1492,1,80,mesta,57,43,1,107,19,2,0,0,6,28,0,0,0,2,1,5,0
1492,1,81,mesta,57,43,1,122,16,2,1,0,6,28,0,0,0,2,1,4,0
1492,1,82,mesta,57,43,1,105,13,2,0,0,6,28,0,0,0,2,1,5,0
1492,1,83,mesta,57,43,1,118,17,2,1,0,13,35,0,0,0,2,1,4,0
1492,1,84,mesta,57,43,1,100,21,2,0,0,13,35,0,0,0,2,1,5,0
1492,1,85,mesta,57,43,1,113,25,2,1,0,13,35,0,0,0,2,1,4,0
1492,1,86,mesta,57,43,1,121,29,2,0,0,13,35,0,0,0,2,1,4,0
1492,1,87,mesta,58,45,1,103,32,2,0,0,13,35,0,0,0,2,1,5,0
1492,1,88,mesta,58,47,1,115,34,2,1,0,13,35,0,0,0,2,1,4,0
1492,1,89,mesta,57,43,1,87,22,2,0,0,8,30,0,0,0,2,1,5,0
1492,1,90,mesta,57,43,1,101,24,2,0,0,8,30,0,0,0,2,1,3,0
1492,1,91,mesta,57,43,1,100,26,2,0,0,8,30,0,0,0,2,1,4,0
1492,1,92,mesta,57,43,1,96,28,2,0,0,8,30,0,0,0,2,1,4,0
1492,1,93,mesta,57,43,1,101,29,2,0,0,8,30,0,0,0,2,1,4,0
1492,1,94,mesta,57,43,1,100,17,2,0,0,8,30,0,0,0,2,1,9,0
1492,1,95,mesta,57,43,1,98,16,2,0,0,5,27,0,0,0,2,1,4,0
1492,1,96,mesta,57,43,1,92,15,2,0,0,5,23,0,0,0,2,1,4,0
1492,1,97,mesta,57,43,1,97,14,2,0,0,5,23,0,0,0,2,1,4,0
1492,1,98,mesta,57,43,1,102,13,2,0,0,5,23,0,0,0,2,1,4,0
1492,1,99,mesta,65,43,1,97,12,2,0,0,5,23,0,0,0,2,1,4,0
1492,1,100,mesta,65,43,1,100,11,2,0,0,5,23,0,0,0,2,1,4,0
1492,1,101,mesta,65,43,1,100,11,2,0,0,6,24,0,0,0,2,1,4,0
1492,1,102,mesta,65,43,1,108,8,2,0,0,6,28,0,0,0,2,1,4,0
1492,1,103,mesta,65,43,1,115,5,2,0,0,6,28,0,0,0,2,1,4,0
1492,1,104,mesta,65,43,1,122,2,2,0,0,6,28,0,0,0,2,1,4,0
1492,1,105,mesta,64,43,1,103,1,2,0,0,6,28,1,0,0,2,1,5,0
1492,1,106,mesta,63,43,1,116,1,2,1,0,6,28,1,0,0,2,1,4,0
1492,1,107,mesta,64,47,1,136,8,2,0,0,16,38,0,0,0,2,1,5,0
1492,1,108,mesta,64,47,1,119,14,2,0,0,16,38,0,0,0,2,1,5,0
1492,1,109,mesta,64,47,1,106,20,2,1,0,16,38,0,0,0,2,1,5,0
1492,1,110,mesta,64,47,1,119,26,2,1,0,16,38,0,0,0,2,1,4,0
1492,1,111,mesta,64,49,1,101,32,2,0,0,16,38,0,0,0,2,1,5,0
1492,1,112,mesta,65,51,1,114,36,2,1,0,16,38,0,0,0,2,1,4,0
1492,1,113,mesta,64,47,1,89,23,2,0,0,8,32,0,0,0,2,1,5,0
1492,1,114,mesta,64,47,1,95,24,2,0,0,8,30,0,0,0,2,1,4,0
1492,1,115,mesta,64,47,1,102,25,2,0,0,8,30,0,0,0,2,1,4,0
1492,1,116,mesta,64,47,1,99,26,2,0,0,8,30,0,0,0,2,1,4,0
1492,1,117,mesta,64,47,1,96,27,2,0,0,8,30,0,0,0,2,1,4,0
1492,1,118,mesta,64,47,1,102,28,2,0,0,8,30,0,0,0,2,1,4,0
1492,1,119,mesta,64,47,1,99,26,2,0,0,5,27,0,0,0,2,1,4,0
1492,1,120,mesta,64,47,1,92,24,2,0,0,5,23,0,0,0,2,1,4,0
1492,1,121,mesta,64,47,1,96,22,2,0,0,5,23,0,0,0,2,1,4,0
1492,1,122,mesta,64,47,1,100,20,2,0,0,5,23,0,0,0,2,1,4,0
1492,1,123,mesta,64,47,1,96,18,2,0,0,5,23,0,0,0,2,1,4,0
1492,1,124,mesta,64,47,1,100,16,2,0,0,5,23,0,0,0,2,1,4,0
1492,1,125,mesta,64,47,1,101,15,2,0,0,6,24,0,0,0,2,1,4,0
1492,1,126,mesta,64,47,1,110,11,2,0,0,6,28,0,0,0,2,1,4,0
1492,1,127,mesta,64,47,1,118,7,2,0,0,6,28,0,0,0,2,1,4,0
1492,1,128,mesta,64,47,1,100,3,2,0,0,6,28,0,0,0,2,1,5,0
1492,1,129,mesta,63,47,1,113,1,2,1,0,6,28,1,0,0,2,1,4,0
1492,1,130,mesta,62,47,1,121,1,2,1,0,6,28,1,0,0,2,1,4,0
1492,1,131,mesta,62,47,1,102,4,2,0,0,13,35,0,0,0,2,1,5,0
1492,1,132,mesta,62,47,1,114,7,2,1,0,13,35,0,0,0,2,1,4,0
1492,1,133,mesta,62,47,1,121,10,2,0,0,13,35,0,0,0,2,1,4,0
1492,1,134,mesta,62,47,1,102,13,2,0,0,13,35,0,0,0,2,1,5,0
1492,1,135,mesta,62,47,1,116,16,2,1,0,13,35,0,0,0,2,1,4,0
1492,1,136,mesta,62,47,1,31,19,2,0,0,13,35,0,0,0,2,1,5,0
1492,1,137,mesta,62,47,1,74,18,2,1,0,8,30,0,0,0,2,1,2,0
1492,1,138,mesta,62,47,1,110,13,2,0,0,8,30,0,0,0,2,1,3,0
1492,1,139,mesta,62,47,1,105,10,2,0,0,8,30,0,0,0,2,1,4,0
1492,1,140,mesta,62,47,1,102,9,2,0,0,8,30,0,0,0,2,1,4,0
1492,1,141,mesta,62,47,1,99,8,2,0,0,8,30,0,0,0,2,1,4,0
1492,1,142,mesta,62,47,1,96,7,2,0,0,8,30,0,0,0,2,1,4,0
1492,1,143,mesta,61,47,1,100,4,2,0,0,5,27,1,0,0,2,1,4,0
1492,1,144,mesta,60,47,1,91,4,2,0,0,5,23,1,0,0,2,1,4,0
1492,1,145,mesta,59,46,1,93,4,2,0,0,5,23,1,0,0,2,1,4,0
1492,1,146,mesta,58,45,1,97,4,2,0,0,5,23,1,0,0,2,1,4,0
1492,1,147,mesta,56,44,1,101,4,2,0,0,5,23,1,0,0,2,1,4,0
1492,1,148,mesta,55,43,1,95,4,2,0,0,5,23,1,0,0,2,1,4,0
1492,1,149,mesta,54,42,1,96,4,2,0,0,6,24,1,0,0,2,1,4,0
1492,1,150,mesta,53,41,1,106,1,2,0,0,6,28,1,0,0,2,1,4,0
1492,1,151,mesta,52,40,1,115,1,2,0,0,6,28,1,0,0,2,1,5,0
1492,1,152,mesta,50,39,1,119,1,2,0,0,6,27,1,0,0,2,1,4,0
1492,1,153,mesta,49,38,1,99,1,2,0,0,6,25,1,0,0,2,1,5,0
1492,1,154,mesta,48,37,1,111,1,2,1,0,6,25,1,0,0,2,1,4,0
1492,1,155,mesta,48,37,1,117,1,2,1,0,10,28,0,0,0,2,1,5,0
1492,1,156,mesta,48,37,1,114,3,2,0,0,12,27,0,0,0,2,1,4,0
1492,1,157,mesta,48,37,1,116,5,2,0,0,12,27,0,0,0,2,1,4,0
1492,1,158,mesta,48,37,1,118,7,2,0,0,12,27,0,0,0,2,1,4,0
1492,1,159,mesta,48,37,1,94,10,2,0,0,13,29,0,0,0,2,1,5,0
1492,1,160,mesta,48,37,1,104,13,2,1,0,13,29,0,0,0,2,1,4,0
1492,1,161,mesta,48,37,1,98,11,2,0,0,8,24,0,0,0,2,1,4,0
1492,1,162,mesta,48,37,1,92,12,2,0,0,8,24,0,0,0,2,1,4,0
1492,1,163,mesta,48,37,1,95,13,2,0,0,8,24,0,0,0,2,1,4,0
1492,1,164,mesta,48,37,1,97,14,2,0,0,8,24,0,0,0,2,1,4,0
1492,1,165,mesta,48,37,1,99,15,2,0,0,8,24,0,0,0,2,1,4,0
1492,1,166,mesta,48,37,1,92,16,2,0,0,8,24,0,0,0,2,1,4,0
1492,1,167,mesta,48,37,1,90,14,2,0,0,5,21,0,0,0,2,1,4,0
1492,1,168,mesta,48,37,1,91,12,2,0,0,5,21,0,0,0,2,1,4,0
1492,1,169,mesta,48,37,1,94,10,2,0,0,5,21,0,0,0,2,1,4,0
1492,1,170,mesta,48,37,1,97,8,2,0,0,5,21,0,0,0,2,1,4,0
1492,1,171,mesta,48,37,1,98,6,2,0,0,5,21,0,0,0,2,1,4,0
1492,1,172,mesta,48,37,1,91,4,2,0,0,5,21,0,0,0,2,1,4,0
1492,1,173,mesta,47,37,1,99,4,2,0,0,6,22,1,0,0,2,1,4,0
1492,1,174,mesta,46,37,1,104,1,2,0,0,6,24,1,0,0,2,1,4,0
1492,1,175,mesta,45,36,1,112,1,2,0,0,6,24,1,0,0,2,1,4,0
1492,1,176,mesta,44,35,1,118,1,2,0,0,6,24,1,0,0,2,1,4,0
1492,1,177,mesta,42,34,1,94,1,2,0,0,6,24,1,0,0,2,1,5,0
1492,1,178,mesta,41,33,1,105,1,2,1,0,6,24,1,0,0,2,1,4,0
1492,1,179,mesta,41,33,1,110,3,2,0,0,11,29,0,0,0,2,1,4,0
1492,1,180,mesta,41,33,1,115,5,2,0,0,11,29,0,0,0,2,1,4,0
1492,1,181,mesta,41,33,1,120,7,2,0,0,11,29,0,0,0,2,1,4,0
1492,1,182,mesta,41,33,1,93,9,2,0,0,11,29,0,0,0,2,1,5,0
1492,1,183,mesta,41,33,1,103,11,2,1,0,11,29,0,0,0,2,1,4,0
1492,1,184,mesta,41,33,1,107,13,2,0,0,11,29,0,0,0,2,1,4,0
1492,1,185,mesta,41,33,1,96,12,2,0,0,8,26,0,0,0,2,1,4,0
1492,1,186,mesta,41,33,1,100,14,2,0,0,8,26,0,0,0,2,1,4,0
1492,1,187,mesta,41,33,1,93,16,2,0,0,8,26,0,0,0,2,1,4,0
1492,1,188,mesta,41,33,1,97,18,2,0,0,8,26,0,0,0,2,1,4,0
1492,1,189,mesta,41,33,1,101,20,2,0,0,8,26,0,0,0,2,1,4,0
1492,1,190,mesta,41,33,1,96,22,2,0,0,8,26,0,0,0,2,1,4,0
1492,1,191,mesta,41,33,1,99,21,2,0,0,5,23,0,0,0,2,1,4,0
1492,1,192,mesta,41,33,1,90,20,2,0,0,5,21,0,0,0,2,1,4,0
1492,1,193,mesta,41,33,1,93,19,2,0,0,5,21,0,0,0,2,1,4,0
1492,1,194,mesta,41,33,1,96,18,2,0,0,5,21,0,0,0,2,1,4,0
1492,1,195,mesta,41,33,1,98,17,2,0,0,5,21,0,0,0,2,1,4,0
1492,1,196,mesta,41,33,1,91,16,2,0,0,5,21,0,0,0,2,1,4,0
1492,1,197,mesta,41,33,1,99,16,2,0,0,6,22,0,0,0,2,1,4,0
1492,1,198,mesta,41,33,1,104,13,2,0,0,6,24,0,0,0,2,1,4,0
1492,1,199,mesta,41,33,1,109,10,2,0,0,6,24,0,0,0,2,1,4,0
1492,1,200,mesta,41,33,1,111,7,2,0,0,6,24,0,0,0,2,1,4,0
1492,1,1,monjes,39,116,1,40,56,0,0,0,18,42,0,0,0,0,1,4,0
1492,1,2,monjes,39,116,1,37,42,0,0,0,18,29,0,0,0,0,1,1,0
1492,1,3,monjes,39,116,1,44,26,0,0,0,18,29,0,0,0,0,1,0,1
1492,1,4,monjes,39,116,1,51,11,0,0,0,18,29,0,1,0,0,1,0,1
1492,1,5,monjes,39,116,1,58,24,0,0,0,45,56,0,1,0,0,1,0,1
1492,1,6,monjes,39,116,1,84,39,0,0,0,45,75,0,0,0,0,1,1,0
1492,1,7,monjes,39,116,1,88,53,0,0,0,45,75,0,0,0,0,1,3,0
1492,1,8,monjes,39,116,1,100,71,0,0,0,45,75,0,0,0,0,1,3,0
1492,1,9,monjes,38,112,1,79,78,0,0,0,45,75,0,0,0,0,1,4,0
1492,1,10,monjes,37,108,1,83,77,0,0,0,45,75,0,0,0,0,1,9,0
1492,1,11,monjes,54,104,1,65,112,0,0,0,72,94,0,0,0,1,1,4,0
1492,1,12,monjes,54,104,1,87,156,0,0,0,72,94,0,0,0,1,1,2,0
1492,1,13,monjes,69,104,1,85,195,0,0,0,72,94,0,0,0,2,1,2,0
1492,1,14,monjes,69,104,1,89,232,0,0,0,72,94,0,0,0,2,1,2,0
1492,1,15,monjes,69,104,1,86,261,0,0,0,72,94,0,0,0,2,1,3,0
1492,1,16,monjes,69,104,1,104,288,0,0,0,72,94,0,0,0,2,1,3,0
1492,1,17,monjes,69,104,1,99,277,0,0,0,45,67,0,0,0,2,1,13,0
1492,1,18,monjes,77,104,1,103,280,0,0,0,45,67,0,0,0,2,1,3,0
1492,1,19,monjes,77,104,1,106,283,0,0,0,45,67,0,0,0,2,1,3,0
1492,1,20,monjes,77,104,1,100,286,0,0,0,45,67,0,0,0,2,1,3,0
1492,1,21,monjes,77,104,1,102,276,0,0,0,45,67,0,0,0,2,1,13,0
1492,1,22,monjes,77,104,1,110,278,0,0,0,45,67,0,0,0,2,1,3,0
1492,1,23,monjes,85,104,1,97,263,0,0,0,27,49,0,0,0,2,1,3,0
1492,1,24,monjes,85,104,1,104,247,0,0,0,27,42,0,0,0,2,1,3,0
1492,1,25,monjes,85,104,1,100,225,0,0,0,27,42,0,0,0,2,1,8,0
1492,1,26,monjes,85,104,1,96,201,0,0,0,27,42,0,0,0,2,1,8,0
1492,1,27,monjes,93,104,1,102,194,0,0,0,27,42,0,0,0,2,1,2,0
1492,1,28,monjes,93,104,1,83,188,0,0,0,27,42,0,0,0,2,1,2,0
1492,1,29,monjes,93,104,1,87,174,0,0,0,28,43,0,0,0,2,1,7,0
1492,1,30,monjes,93,104,1,92,157,0,0,0,28,50,0,0,0,2,1,7,0
1492,1,31,monjes,93,104,1,87,153,0,0,0,28,50,0,0,0,2,1,2,0
1492,1,32,monjes,101,104,1,95,149,0,0,0,28,50,0,0,0,2,1,3,0
1492,1,33,monjes,101,104,1,87,148,0,0,0,28,50,0,0,0,2,1,3,0
1492,1,34,monjes,101,104,1,93,148,0,0,0,28,50,0,0,0,2,1,3,0
1492,1,35,monjes,101,104,1,86,191,0,0,0,72,94,0,0,0,2,1,3,0
1492,1,36,monjes,101,104,1,95,232,0,0,0,72,94,0,0,0,2,1,2,0
1492,1,37,monjes,101,104,1,90,260,0,0,0,72,94,0,0,0,2,1,3,0
1492,1,38,monjes,101,104,1,102,287,0,0,0,72,94,0,0,0,2,1,3,0
1492,1,39,monjes,101,104,1,104,314,0,0,0,72,94,0,0,0,2,1,3,0
1492,1,40,monjes,101,104,1,106,340,0,0,0,72,94,0,0,0,2,1,3,0
1492,1,41,monjes,100,99,1,107,319,0,0,0,49,71,0,0,0,2,1,16,0
1492,1,42,monjes,108,99,1,106,325,0,0,0,49,69,0,0,0,2,1,3,0
1492,1,43,monjes,188,105,2,105,332,0,0,0,49,69,0,0,0,3,1,5,0
1492,1,44,monjes,188,106,2,90,335,0,0,0,49,69,0,0,0,3,1,4,0
1492,1,45,monjes,187,102,2,97,312,0,0,0,49,69,0,1,0,3,1,16,0
1492,1,46,monjes,187,103,2,95,323,0,0,0,54,74,0,0,0,3,1,3,0
1492,1,47,monjes,195,104,2,100,310,0,0,0,31,51,0,0,0,3,1,3,0
1492,1,48,monjes,285,111,3,91,299,0,0,0,32,46,0,0,0,4,1,4,0
1492,1,49,monjes,285,113,3,87,285,0,0,0,33,47,0,0,0,4,1,5,0
1492,1,50,monjes,285,110,3,86,271,0,0,0,42,56,0,0,0,4,1,7,0
1492,1,51,monjes,285,112,3,85,264,0,0,0,44,58,0,1,0,4,1,3,0
1492,1,52,monjes,286,118,3,86,266,0,0,0,48,62,0,0,0,4,1,4,0
1492,1,53,monjes,286,116,3,68,274,0,0,0,67,83,0,0,0,4,1,5,0
1492,1,54,monjes,295,124,4,89,279,0,0,0,69,90,0,1,0,4,1,9,0
1492,1,55,monjes,296,127,4,40,257,0,0,0,65,87,0,0,0,4,1,5,0
1492,1,56,monjes,305,130,4,62,267,0,0,0,66,88,0,2,0,4,1,4,0
1492,1,57,monjes,320,169,5,73,289,0,0,0,76,99,0,0,0,4,1,2,0
1492,1,58,monjes,321,173,5,55,261,0,0,0,76,106,0,1,0,4,1,7,0
1492,1,59,monjes,322,177,5,64,343,0,0,0,149,181,0,0,0,4,1,2,0
1492,1,60,monjes,342,238,6,86,421,0,0,0,151,184,0,1,0,4,1,2,0
1492,1,61,monjes,343,244,6,92,487,0,0,0,153,195,0,0,0,4,1,5,0
1492,1,62,monjes,345,250,6,89,551,0,0,0,155,196,0,0,0,4,1,3,0
1492,1,63,monjes,346,255,6,102,613,0,0,0,157,201,0,0,0,4,1,3,0
1492,1,64,monjes,347,260,6,93,674,0,0,0,160,204,0,1,0,4,1,4,0
1492,1,65,monjes,348,265,6,81,649,0,0,0,103,148,0,0,0,4,1,13,0
1492,1,66,monjes,349,270,6,92,644,0,0,0,104,149,0,1,0,4,1,3,0
1492,1,67,monjes,350,275,6,94,650,0,0,0,107,152,0,0,0,4,1,3,0
1492,1,68,monjes,359,280,6,86,656,0,0,0,108,154,0,0,0,4,1,3,0
1492,1,69,monjes,360,285,6,93,651,0,0,0,111,159,0,1,0,4,1,9,0
1492,1,70,monjes,361,290,6,98,667,0,0,0,124,173,0,1,0,4,1,4,0
1492,1,71,monjes,362,295,6,104,641,0,0,0,79,131,0,0,0,4,1,3,0
1492,1,72,monjes,362,298,6,94,606,0,0,0,83,130,0,0,0,4,1,8,0
1492,1,73,monjes,363,301,6,81,574,0,0,0,83,133,0,0,0,4,1,9,0
1492,1,74,monjes,372,307,6,92,547,0,0,0,83,133,0,1,0,4,1,4,0
1492,1,75,monjes,373,313,6,91,523,0,0,0,83,133,0,1,0,4,1,3,0
1492,1,76,monjes,374,319,6,93,505,0,0,0,90,140,0,0,0,4,1,3,0
1492,1,77,monjes,375,320,6,83,508,0,0,0,115,165,0,1,0,4,1,6,0
1492,1,78,monjes,376,326,6,94,489,0,0,0,115,174,0,1,0,4,1,14,0
1492,1,79,monjes,377,332,6,99,496,0,0,0,123,182,0,1,0,4,1,5,0
1492,1,80,monjes,386,338,6,105,510,0,0,0,123,188,0,0,0,4,1,4,0
1492,1,81,monjes,397,354,7,98,521,0,0,0,123,190,0,1,0,4,1,6,0
1492,1,82,monjes,400,365,7,88,527,0,0,0,123,190,0,1,0,4,1,5,0
1492,1,83,monjes,402,377,7,101,632,0,0,0,230,298,0,1,0,4,1,6,0
1492,1,84,monjes,404,389,7,84,750,0,0,0,248,313,0,0,0,4,1,3,0
1492,1,85,monjes,407,401,7,101,857,0,0,0,250,316,0,1,0,4,1,4,0
1492,1,86,monjes,409,414,7,97,954,0,0,0,242,313,0,0,0,4,1,3,0
1492,1,87,monjes,412,427,7,105,1042,0,0,0,243,314,0,1,0,4,1,4,0
1492,1,88,monjes,416,446,7,103,1134,0,0,0,245,322,0,0,0,4,1,7,0
1492,1,89,monjes,418,458,7,89,1102,0,0,0,162,241,0,4,0,4,1,11,0
1492,1,90,monjes,421,474,7,116,1081,0,0,0,163,241,0,1,0,4,1,8,0
1492,1,91,monjes,425,490,7,113,1076,0,0,0,163,244,0,0,0,4,1,3,0
1492,1,92,monjes,436,506,7,113,1067,0,0,0,164,245,0,1,0,4,1,3,0
1492,1,93,monjes,438,519,7,116,1050,0,0,0,165,250,0,0,0,4,1,6,0
1492,1,94,monjes,441,532,7,121,1035,0,0,0,162,249,0,0,0,4,1,3,0
1492,1,95,monjes,441,532,7,117,968,0,0,0,110,198,0,0,0,4,1,3,0
1492,1,96,monjes,450,537,8,124,890,0,0,0,110,192,0,0,0,4,1,9,0
1492,1,97,monjes,450,537,8,99,821,0,0,0,110,192,0,0,0,4,1,9,0
1492,1,98,monjes,458,537,8,113,758,0,0,0,110,192,0,0,0,4,1,5,0
1492,1,99,monjes,458,537,8,113,701,0,0,0,110,192,0,1,0,4,1,4,0
1492,1,100,monjes,458,537,8,100,654,0,0,0,113,195,0,0,0,4,1,4,0
1492,1,101,monjes,461,551,8,106,633,0,0,0,143,225,0,0,0,4,1,5,0
1492,1,102,monjes,464,565,8,120,600,0,0,0,145,234,0,1,0,4,1,9,0
1492,1,103,monjes,464,565,8,111,570,0,0,0,142,236,0,0,0,4,1,5,0
1492,1,104,monjes,473,571,8,135,542,0,1,0,142,236,0,1,0,4,1,5,0
1492,1,105,monjes,473,571,8,111,519,0,1,0,144,238,0,0,0,4,1,5,0
1492,1,106,monjes,474,579,8,135,494,0,2,0,144,238,0,1,0,4,1,4,0
1492,1,107,monjes,477,594,8,144,568,0,1,0,254,348,0,0,0,4,1,9,0
1492,1,108,monjes,489,610,8,135,648,0,1,0,256,352,0,0,0,4,1,5,0
1492,1,109,monjes,492,627,8,137,720,0,2,0,258,357,0,0,0,4,1,5,0
1492,1,110,monjes,495,643,8,159,790,0,3,0,260,362,0,0,0,4,1,4,0
1492,1,111,monjes,497,654,8,173,858,0,3,0,262,366,0,0,0,4,1,4,0
1492,1,112,monjes,500,666,8,178,923,0,3,0,265,373,0,0,0,4,1,5,0
1492,1,113,monjes,502,678,8,182,897,0,3,0,178,286,0,1,0,4,1,5,0
1492,1,114,monjes,506,695,8,209,890,0,3,0,192,301,0,1,0,4,1,5,0
1492,1,115,monjes,508,705,8,158,879,0,3,0,207,319,0,0,0,4,1,7,0
1492,1,116,monjes,510,719,8,180,861,0,3,0,208,323,0,1,0,4,1,11,0
1492,1,117,monjes,513,733,8,202,855,0,3,0,209,325,0,1,0,4,1,4,0
1492,1,118,monjes,516,748,8,227,848,0,3,0,210,329,0,0,0,4,1,4,0
1492,1,119,monjes,524,748,8,204,771,0,3,0,141,262,0,0,0,4,1,4,0
1492,1,120,monjes,524,748,8,225,697,0,3,0,141,256,0,0,0,4,1,5,0
1492,1,121,monjes,524,748,8,246,626,0,3,0,141,256,0,0,0,4,1,4,0
1492,1,122,monjes,524,748,8,267,558,0,3,0,141,256,0,0,0,4,1,4,0
1492,1,123,monjes,524,748,8,238,493,0,3,0,141,256,0,0,0,4,1,4,0
1492,1,124,monjes,523,743,8,259,425,0,3,0,141,256,0,0,0,4,1,8,0
1492,1,125,monjes,523,743,8,279,401,0,3,0,176,289,0,0,0,4,1,4,0
1492,1,126,monjes,524,747,8,315,378,0,3,0,176,295,0,0,0,4,1,5,0
1492,1,127,monjes,524,747,8,292,355,0,3,0,176,296,0,0,0,4,1,4,0
1492,1,128,monjes,533,752,9,318,333,0,3,0,176,296,0,0,0,4,1,6,0
1492,1,129,monjes,533,752,9,293,271,0,3,0,176,296,0,0,0,4,1,6,0
1492,1,130,monjes,533,752,9,260,248,0,3,0,176,296,0,1,0,4,1,6,0
1492,1,131,monjes,556,827,10,267,374,0,3,0,328,448,0,0,0,4,1,5,0
1492,1,132,monjes,560,847,10,263,479,0,3,0,331,462,0,1,0,4,1,7,0
1492,1,133,monjes,563,862,10,243,556,0,3,0,324,456,0,2,0,4,1,7,0
1492,1,134,monjes,565,874,10,255,667,0,0,0,368,504,0,2,0,4,1,10,0
1492,1,135,monjes,566,877,10,240,814,0,0,0,400,542,0,1,0,4,1,7,0
1492,1,136,monjes,567,883,10,176,970,0,2,0,422,566,0,2,0,4,1,8,0
1492,1,137,monjes,568,889,10,204,984,0,4,0,279,424,0,1,0,4,1,5,0
1492,1,138,monjes,570,895,10,232,1007,0,4,0,287,432,0,1,0,4,1,4,0
1492,1,139,monjes,579,901,10,260,1032,0,4,0,289,433,0,0,0,4,1,4,0
1492,1,140,monjes,580,907,10,239,1055,0,4,0,290,435,0,0,0,4,1,4,0
1492,1,141,monjes,581,913,10,238,1037,0,4,0,290,436,0,0,0,4,1,5,0
1492,1,142,monjes,583,920,10,219,1058,0,4,0,292,440,0,0,0,4,1,5,0
1492,1,143,monjes,602,975,11,253,985,0,4,0,196,347,0,0,0,4,1,6,0
1492,1,144,monjes,602,975,11,262,900,0,4,0,196,350,0,0,0,4,1,6,0
1492,1,145,monjes,602,975,11,224,817,0,4,0,196,347,0,1,0,4,1,6,0
1492,1,146,monjes,602,975,11,246,737,0,4,0,196,347,0,1,0,4,1,6,0
1492,1,147,monjes,602,975,11,268,668,0,4,0,202,353,0,1,0,4,1,4,0
1492,1,148,monjes,602,975,11,275,601,0,4,0,202,359,0,0,0,4,1,5,0
1492,1,149,monjes,604,985,11,247,585,0,4,0,254,411,0,1,0,4,1,5,0
1492,1,150,monjes,606,999,11,285,617,0,5,0,304,467,0,1,0,4,1,6,0
1492,1,151,monjes,608,1009,11,294,642,0,5,0,311,475,0,1,0,4,1,6,0
1492,1,152,monjes,611,1020,11,326,631,0,4,0,277,444,0,0,0,4,1,9,0
1492,1,153,monjes,613,1031,11,308,623,0,4,0,278,446,0,0,0,4,1,4,0
1492,1,154,monjes,615,1043,11,341,616,0,4,0,278,447,0,0,0,4,1,5,0
1492,1,155,monjes,626,1055,11,375,833,0,4,0,510,680,0,0,0,4,1,4,0
1492,1,156,monjes,628,1068,11,411,952,0,4,0,420,592,0,0,0,4,1,4,0
1492,1,157,monjes,631,1080,11,385,1062,0,4,0,420,592,0,0,0,4,1,5,0
1492,1,158,monjes,632,1088,11,411,1157,0,2,0,420,594,0,1,0,4,1,10,0
1492,1,159,monjes,642,1098,11,441,1266,0,2,0,434,612,0,1,0,4,1,5,0
1492,1,160,monjes,644,1108,11,472,1384,0,2,0,450,629,0,1,0,4,1,5,0
1492,1,161,monjes,646,1118,11,536,1357,0,2,0,309,489,0,1,0,4,1,4,0
1492,1,162,monjes,648,1128,11,444,1332,0,2,0,319,500,0,0,0,4,1,10,0
1492,1,163,monjes,650,1135,11,486,1315,0,2,0,321,504,0,0,0,4,1,8,0
1492,1,164,monjes,660,1147,11,530,1295,0,2,0,317,501,0,0,0,4,1,4,0
1492,1,165,monjes,671,1161,12,574,1273,0,2,0,318,502,0,0,0,4,1,5,0
1492,1,166,monjes,673,1170,12,547,1249,0,2,0,319,506,0,0,0,4,1,6,0
1492,1,167,monjes,673,1170,12,584,1120,0,2,0,212,399,0,0,0,4,1,5,0
1492,1,168,monjes,673,1170,12,615,996,0,2,0,212,393,0,1,0,4,1,4,0
1492,1,169,monjes,673,1170,12,646,885,0,2,0,218,399,0,0,0,4,1,4,0
1492,1,170,monjes,673,1170,12,626,769,0,2,0,218,399,0,0,0,4,1,9,0
1492,1,171,monjes,673,1170,12,657,667,0,2,0,218,399,0,0,0,4,1,5,0
1492,1,172,monjes,681,1170,12,688,569,0,2,0,218,399,0,0,0,4,1,4,0
1492,1,173,monjes,681,1170,12,716,530,0,2,0,276,457,0,0,0,4,1,4,0
1492,1,174,monjes,681,1170,12,701,493,0,2,0,276,463,0,0,0,4,1,4,0
1492,1,175,monjes,681,1170,12,736,457,0,2,0,276,463,0,0,0,4,1,5,0
1492,1,176,monjes,681,1170,12,770,423,0,2,0,276,463,0,0,0,4,1,4,0
1492,1,177,monjes,681,1170,12,809,390,0,2,0,276,463,0,0,0,4,1,4,0
1492,1,178,monjes,681,1170,12,794,359,0,2,0,276,463,0,0,0,4,1,4,0
1492,1,179,monjes,682,1177,12,829,544,0,2,0,500,687,0,0,0,4,1,5,0
1492,1,180,monjes,683,1181,12,866,724,0,2,0,505,694,0,0,0,4,1,4,0
1492,1,181,monjes,684,1186,12,909,892,0,0,0,508,698,0,0,0,4,1,9,0
1492,1,182,monjes,693,1191,12,855,1058,0,0,0,508,698,0,0,0,4,1,5,0
1492,1,183,monjes,694,1196,12,866,1214,0,2,0,508,699,0,0,0,4,1,6,0
1492,1,184,monjes,694,1197,12,924,1360,0,3,0,508,699,0,0,0,4,1,7,0
1492,1,185,monjes,695,1202,12,963,1331,0,3,0,336,527,0,0,0,4,1,9,0
1492,1,186,monjes,713,1212,13,1002,1312,0,3,0,336,527,0,0,0,4,1,5,0
1492,1,187,monjes,714,1218,13,967,1291,0,3,0,336,528,0,0,0,4,1,6,0
1492,1,188,monjes,716,1226,13,1002,1268,0,3,0,336,532,0,1,0,4,1,6,0
1492,1,189,monjes,717,1234,13,1033,1247,0,3,0,348,544,0,0,0,4,1,9,0
1492,1,190,monjes,718,1239,13,1063,1237,0,3,0,350,546,0,0,0,4,1,4,0
1492,1,191,monjes,726,1239,13,1047,1109,0,3,0,228,425,0,0,0,4,1,4,0
1492,1,192,monjes,726,1239,13,1075,986,0,3,0,228,419,0,0,0,4,1,5,0
1492,1,193,monjes,726,1239,13,1103,868,0,3,0,228,419,0,0,0,4,1,4,0
1492,1,194,monjes,726,1239,13,1131,744,0,3,0,228,419,0,0,0,4,1,9,0
1492,1,195,monjes,726,1239,13,1109,636,0,3,0,228,419,0,0,0,4,1,4,0
1492,1,196,monjes,734,1239,13,1137,532,0,3,0,228,419,0,0,0,4,1,5,0
1492,1,197,monjes,734,1239,13,1162,493,0,3,0,291,482,0,0,0,4,1,4,0
1492,1,198,monjes,894,1239,13,1193,456,0,3,0,291,488,0,1,1,5,1,4,0
1492,1,199,monjes,894,1239,13,1179,422,0,3,0,291,488,0,0,0,5,1,4,0
1492,1,200,monjes,894,1239,13,1215,389,0,3,0,291,488,0,0,0,5,1,5,0
1492,1,1,salineros,29,66,1,50,70,0,6,0,17,31,0,0,0,0,1,4,0
1492,1,2,salineros,28,62,1,32,59,0,2,0,17,23,0,0,0,0,1,2,0
1492,1,3,salineros,28,60,1,14,37,0,0,0,17,23,0,1,0,0,1,7,0
1492,1,4,salineros,46,60,1,16,24,0,0,0,4,10,0,1,0,1,1,0,1
1492,1,5,salineros,46,60,1,18,15,0,0,0,6,12,0,0,0,1,1,0,1
1492,1,6,salineros,46,60,1,26,6,0,0,0,6,18,0,0,0,1,1,0,1
1492,1,7,salineros,45,60,1,34,0,0,0,0,6,18,1,0,0,1,1,0,1
1492,1,8,salineros,44,60,1,42,0,0,0,0,6,18,1,0,0,1,1,1,0
1492,1,9,salineros,42,59,1,50,0,0,0,0,6,18,1,0,0,1,1,0,1
1492,1,10,salineros,41,58,1,56,0,0,0,0,6,16,1,0,0,1,1,0,1
1492,1,11,salineros,40,57,1,62,0,0,0,0,12,22,1,0,0,1,1,0,1
1492,1,12,salineros,39,56,1,68,0,0,0,0,12,22,1,0,0,1,1,0,1
1492,1,13,salineros,38,55,1,74,0,0,0,0,11,21,1,0,0,1,1,0,1
1492,1,14,salineros,36,54,1,80,0,0,0,0,11,21,1,0,0,1,1,1,0
1492,1,15,salineros,35,53,1,80,0,0,0,0,9,12,1,0,0,1,1,0,1
1492,1,16,salineros,34,52,1,80,0,0,0,0,9,12,1,0,0,1,1,0,1
1492,1,17,salineros,33,51,1,80,0,0,0,0,6,9,1,0,0,1,1,0,1
1492,1,18,salineros,32,50,1,80,0,0,0,0,4,7,1,0,0,1,1,0,1
1492,1,19,salineros,30,49,1,80,0,0,0,0,4,7,1,0,0,1,1,0,1
1492,1,20,salineros,29,48,1,79,0,0,0,0,4,6,1,0,0,1,1,0,1
1492,1,21,salineros,28,47,1,78,0,0,0,0,4,6,1,0,0,1,1,0,1
1492,1,22,salineros,27,46,1,77,0,0,0,0,4,6,1,0,0,1,1,0,1
1492,1,23,salineros,26,45,1,76,0,0,0,0,2,4,1,0,0,1,1,0,1
1492,1,24,salineros,24,44,1,75,0,0,0,0,2,4,1,0,0,1,1,0,1
1492,1,25,salineros,23,43,1,74,0,0,0,0,2,4,1,0,0,1,1,0,1
1492,1,26,salineros,22,42,1,73,0,0,0,0,2,4,1,0,0,1,1,0,1
1492,1,27,salineros,21,41,1,72,0,0,0,0,2,4,1,0,0,1,1,0,1
1492,1,28,salineros,20,40,1,71,0,0,0,0,2,4,1,0,0,1,1,0,1
1492,1,29,salineros,18,39,1,70,0,0,0,0,3,5,1,0,0,1,1,0,1
1492,1,30,salineros,17,38,1,71,0,0,0,0,3,7,1,0,0,1,1,1,0
1492,1,31,salineros,16,37,1,70,0,0,0,0,3,5,1,0,0,1,1,0,1
1492,1,32,salineros,15,36,1,69,0,0,0,0,3,5,1,0,0,1,1,0,1
1492,1,33,salineros,14,35,1,68,0,0,0,0,3,5,1,0,0,1,1,0,1
1492,1,34,salineros,12,34,1,67,0,0,0,0,3,5,1,0,0,1,1,0,1
1492,1,35,salineros,11,33,1,66,0,0,0,0,7,9,1,0,0,1,1,0,1
1492,1,36,salineros,10,32,1,65,0,0,0,0,7,9,1,0,0,1,1,0,1
1492,1,37,salineros,9,31,1,64,0,0,0,0,7,9,1,0,0,1,1,0,1
1492,1,38,salineros,9,31,1,63,0,0,0,0,7,9,0,0,0,1,1,0,1
1492,1,39,salineros,9,31,1,62,0,0,0,0,7,9,0,0,0,1,1,0,1
1492,1,40,salineros,9,31,1,61,0,0,0,0,7,9,0,0,0,1,1,0,1
1492,1,41,salineros,8,31,1,60,0,0,0,0,4,6,1,0,0,1,1,0,1
1492,1,42,salineros,7,31,1,59,0,0,0,0,4,6,1,0,0,1,1,0,1
1492,1,43,salineros,6,30,1,58,0,0,0,0,4,6,1,0,0,1,1,0,1
1492,1,44,salineros,4,29,1,57,0,0,0,0,4,6,1,0,0,1,1,0,1
1492,1,45,salineros,3,28,1,55,0,0,0,0,4,5,1,0,0,1,1,0,1
1492,1,46,salineros,2,27,1,53,0,0,0,0,4,5,1,0,0,1,1,0,1
1492,1,47,salineros,1,26,1,51,0,0,0,0,2,3,1,0,0,1,1,0,1
1492,1,48,salineros,0,25,1,49,0,0,0,0,2,3,1,0,0,1,1,0,1
1492,1,49,salineros,-2,24,1,47,0,0,0,0,3,4,1,0,0,1,1,0,1
1492,1,50,salineros,-3,23,1,45,0,0,0,0,3,4,1,0,0,1,1,0,1
1492,1,51,salineros,-4,22,1,43,0,0,0,0,3,4,1,0,0,1,1,0,1
1492,1,52,salineros,-5,21,1,41,0,0,0,0,3,4,1,0,0,1,1,0,1
1492,1,53,salineros,-6,20,1,39,0,0,0,0,3,4,1,0,0,1,1,0,1
1492,1,54,salineros,-8,19,1,38,0,0,0,0,3,5,1,0,0,1,1,1,0
1492,1,55,salineros,-9,18,1,35,0,0,0,0,3,3,1,0,0,1,1,0,1
1492,1,56,salineros,-10,17,1,32,0,0,0,0,3,3,1,0,0,1,1,0,1
1492,1,57,salineros,-11,16,1,29,0,0,0,0,3,3,1,0,0,1,1,0,1
1492,1,58,salineros,-12,15,1,26,0,0,0,0,3,3,1,0,0,1,1,0,1
1492,1,59,salineros,-12,15,1,23,4,0,0,0,7,7,0,0,0,1,1,0,1
1492,1,60,salineros,-12,15,1,20,8,0,0,0,7,7,0,0,0,1,1,0,1
1492,1,61,salineros,-12,15,1,17,12,0,0,0,7,7,0,0,0,1,1,0,1
1492,1,62,salineros,-12,15,1,14,16,0,0,0,7,7,0,0,0,1,1,0,1
1492,1,63,salineros,-12,15,1,11,19,0,0,0,6,6,0,0,0,1,1,0,1
1492,1,64,salineros,-12,15,1,8,22,0,0,0,6,6,0,0,0,1,1,0,1
1492,1,65,salineros,-12,15,1,5,14,0,0,0,3,3,0,0,0,1,1,5,0
1492,1,66,salineros,-4,15,1,2,14,0,0,0,3,3,0,0,0,1,1,0,1
1492,1,67,salineros,-4,15,1,2,14,0,0,0,3,3,0,0,0,1,1,0,1
1492,1,68,salineros,-4,15,1,0,14,0,0,0,3,3,0,0,0,1,1,0,1
1492,1,69,salineros,-4,15,1,0,17,0,0,0,6,6,0,0,0,1,1,0,1
1492,1,70,salineros,-4,15,1,0,20,0,0,0,6,6,0,0,0,1,1,0,1
1492,1,71,salineros,-4,15,1,0,21,0,0,0,4,4,0,0,0,1,1,0,1
1492,1,72,salineros,-4,15,1,0,22,0,0,0,4,4,0,0,0,1,1,0,1
1492,1,73,salineros,-4,15,1,0,23,0,0,0,4,4,0,0,0,1,1,0,1
1492,1,74,salineros,-4,15,1,0,24,0,0,0,4,4,0,0,0,1,1,0,1
1492,1,75,salineros,-4,15,1,0,25,0,0,0,4,4,0,0,0,1,1,0,1
1492,1,76,salineros,-4,15,1,0,26,0,0,0,4,4,0,0,0,1,1,0,1
1492,1,77,salineros,-4,15,1,0,28,0,0,0,5,5,0,0,0,1,1,0,1
1492,1,78,salineros,-4,16,1,0,30,0,0,0,5,6,0,0,0,1,1,0,1
1492,1,79,salineros,-4,17,1,0,31,0,0,0,5,6,0,0,0,1,1,0,1
1492,1,80,salineros,-4,18,1,0,32,0,0,0,5,6,0,0,0,1,1,0,1
1492,1,81,salineros,-4,19,1,0,33,0,0,0,5,6,0,0,0,1,1,0,1
1492,1,82,salineros,-3,20,1,0,34,0,0,0,5,6,0,0,0,1,1,0,1
1492,1,83,salineros,-3,21,1,0,40,0,0,0,11,13,0,0,0,1,1,0,1
1492,1,84,salineros,-3,22,1,0,46,0,0,0,11,13,0,0,0,1,1,0,1
1492,1,85,salineros,-3,23,1,0,52,0,0,0,11,13,0,0,0,1,1,0,1
1492,1,86,salineros,-3,24,1,0,58,0,0,0,11,13,0,0,0,1,1,0,1
1492,1,87,salineros,-2,25,1,0,63,0,0,0,11,13,0,0,0,1,1,0,1
1492,1,88,salineros,-2,26,1,0,68,0,0,0,11,13,0,0,0,1,1,0,1
1492,1,89,salineros,13,27,1,0,69,0,0,0,7,9,0,0,0,2,1,0,1
1492,1,90,salineros,13,28,1,0,70,0,0,0,7,9,0,0,0,2,1,0,1
1492,1,91,salineros,13,29,1,0,70,0,0,0,7,9,0,0,0,2,1,0,1
1492,1,92,salineros,14,30,1,0,70,0,0,0,7,9,0,0,0,2,1,0,1
1492,1,93,salineros,14,31,1,0,70,0,0,0,7,11,0,0,0,2,1,0,1
1492,1,94,salineros,14,31,1,0,70,0,0,0,7,11,0,0,0,2,1,0,1
1492,1,95,salineros,14,31,1,0,67,0,0,0,4,8,0,0,0,2,1,0,1
1492,1,96,salineros,14,31,1,0,64,0,0,0,4,6,0,0,0,2,1,0,1
1492,1,97,salineros,14,31,1,0,61,0,0,0,4,6,0,0,0,2,1,0,1
1492,1,98,salineros,14,31,1,0,58,0,0,0,4,6,0,0,0,2,1,0,1
1492,1,99,salineros,14,31,1,0,55,0,0,0,4,6,0,0,0,2,1,0,1
1492,1,100,salineros,14,31,1,0,52,0,0,0,4,6,0,0,0,2,1,0,1
1492,1,101,salineros,14,31,1,0,51,0,0,0,6,8,0,0,0,2,1,0,1
1492,1,102,salineros,14,31,1,0,50,0,0,0,6,10,0,0,0,2,1,0,1
1492,1,103,salineros,14,31,1,0,49,0,0,0,6,10,0,0,0,2,1,0,1
1492,1,104,salineros,14,31,1,0,48,0,0,0,6,10,0,0,0,2,1,0,1
1492,1,105,salineros,14,31,1,0,47,0,0,0,6,10,0,0,0,2,1,0,1
1492,1,106,salineros,14,31,1,0,46,0,0,0,6,10,0,0,0,2,1,0,1
1492,1,107,salineros,14,32,1,0,51,0,0,0,12,16,0,0,0,2,1,0,1
1492,1,108,salineros,14,33,1,0,55,0,0,0,12,16,0,0,0,2,1,0,1
1492,1,109,salineros,14,34,1,0,59,0,0,0,12,16,0,0,0,2,1,0,1
1492,1,110,salineros,15,35,1,0,63,0,0,0,12,16,0,0,0,2,1,0,1
1492,1,111,salineros,15,36,1,0,67,0,0,0,12,16,0,0,0,2,1,0,1
1492,1,112,salineros,15,37,1,0,70,0,0,0,12,16,0,0,0,2,1,0,1
1492,1,113,salineros,15,37,1,0,69,0,0,0,8,12,0,0,0,2,1,0,1
1492,1,114,salineros,15,37,1,0,68,0,0,0,8,12,0,0,0,2,1,0,1
1492,1,115,salineros,15,37,1,0,67,0,0,0,8,12,0,0,0,2,1,0,1
1492,1,116,salineros,15,37,1,0,66,0,0,0,8,12,0,0,0,2,1,0,1
1492,1,117,salineros,15,37,1,0,65,0,0,0,8,12,0,0,0,2,1,0,1
1492,1,118,salineros,15,37,1,0,64,0,0,0,8,12,0,0,0,2,1,0,1
1492,1,119,salineros,15,37,1,0,59,0,0,0,4,8,0,0,0,2,1,0,1
1492,1,120,salineros,15,37,1,0,54,0,0,0,4,6,0,0,0,2,1,0,1
1492,1,121,salineros,15,37,1,0,49,0,0,0,4,6,0,0,0,2,1,0,1
1492,1,122,salineros,15,37,1,0,44,0,0,0,4,6,0,0,0,2,1,0,1
1492,1,123,salineros,15,37,1,0,39,0,0,0,4,6,0,0,0,2,1,0,1
1492,1,124,salineros,15,37,1,0,34,0,0,0,4,6,0,0,0,2,1,0,1
1492,1,125,salineros,15,37,1,0,31,0,0,0,6,8,0,0,0,2,1,0,1
1492,1,126,salineros,15,37,1,0,28,0,0,0,6,10,0,0,0,2,1,0,1
1492,1,127,salineros,15,37,1,0,25,0,0,0,6,10,0,0,0,2,1,0,1
1492,1,128,salineros,15,37,1,0,22,0,0,0,6,10,0,0,0,2,1,0,1
1492,1,129,salineros,15,37,1,0,19,0,0,0,6,10,0,0,0,2,1,0,1
1492,1,130,salineros,15,37,1,0,16,0,0,0,6,10,0,0,0,2,1,0,1
1492,1,131,salineros,15,37,1,0,19,0,0,0,12,16,0,0,0,2,1,0,1
1492,1,132,salineros,15,37,1,0,22,0,0,0,12,16,0,0,0,2,1,0,1
1492,1,133,salineros,15,37,1,0,25,0,0,0,12,16,0,0,0,2,1,0,1
1492,1,134,salineros,15,37,1,0,28,0,0,0,12,16,0,0,0,2,1,0,1
1492,1,135,salineros,15,38,1,0,31,0,0,0,12,16,0,0,0,2,1,0,1
1492,1,136,salineros,15,39,1,0,34,0,0,0,12,16,0,0,0,2,1,0,1
1492,1,137,salineros,15,39,1,0,33,0,0,0,8,12,0,0,0,2,1,0,1
1492,1,138,salineros,15,39,1,0,32,0,0,0,8,12,0,0,0,2,1,0,1
1492,1,139,salineros,15,39,1,0,31,0,0,0,8,12,0,0,0,2,1,0,1
1492,1,140,salineros,15,39,1,0,30,0,0,0,8,12,0,0,0,2,1,0,1
1492,1,141,salineros,15,39,1,0,29,0,0,0,8,12,0,0,0,2,1,0,1
1492,1,142,salineros,15,39,1,0,28,0,0,0,8,12,0,0,0,2,1,0,1
1492,1,143,salineros,15,39,1,0,23,0,0,0,4,8,0,0,0,2,1,0,1
1492,1,144,salineros,15,39,1,0,18,0,0,0,4,6,0,0,0,2,1,0,1
1492,1,145,salineros,15,39,1,0,13,0,0,0,4,6,0,0,0,2,1,0,1
1492,1,146,salineros,15,39,1,0,8,0,0,0,4,6,0,0,0,2,1,0,1
1492,1,147,salineros,15,39,1,0,3,0,0,0,4,6,0,0,0,2,1,0,1
1492,1,148,salineros,14,39,1,0,0,0,0,0,4,6,1,0,0,2,1,0,1
1492,1,149,salineros,13,39,1,0,0,0,0,0,6,8,1,0,0,2,1,0,1
1492,1,150,salineros,12,38,1,0,0,0,0,0,6,10,1,0,0,2,1,0,1
1492,1,151,salineros,11,37,1,0,0,0,0,0,6,10,1,0,0,2,1,1,0
1492,1,152,salineros,10,36,1,0,0,0,0,0,6,10,1,0,0,2,1,0,1
1492,1,153,salineros,9,35,1,0,0,0,0,0,5,9,1,0,0,2,1,0,1
1492,1,154,salineros,7,34,1,0,0,0,0,0,5,9,1,0,0,2,1,1,0
1492,1,155,salineros,7,34,1,0,1,0,0,0,9,11,0,0,0,2,1,0,1
1492,1,156,salineros,7,34,1,0,2,0,0,0,9,11,0,0,0,2,1,0,1
1492,1,157,salineros,7,34,1,0,3,0,0,0,9,11,0,0,0,2,1,0,1
1492,1,158,salineros,7,34,1,0,6,0,0,0,11,13,0,0,0,2,1,0,1
1492,1,159,salineros,7,34,1,0,9,0,0,0,11,13,0,0,0,2,1,0,1
1492,1,160,salineros,7,34,1,0,12,0,0,0,11,13,0,0,0,2,1,0,1
1492,1,161,salineros,7,34,1,0,11,0,0,0,7,9,0,0,0,2,1,0,1
1492,1,162,salineros,7,34,1,0,10,0,0,0,7,9,0,0,0,2,1,0,1
1492,1,163,salineros,7,34,1,0,9,0,0,0,7,9,0,0,0,2,1,0,1
1492,1,164,salineros,7,34,1,0,8,0,0,0,7,9,0,0,0,2,1,0,1
1492,1,165,salineros,7,34,1,0,7,0,0,0,7,9,0,0,0,2,1,0,1
1492,1,166,salineros,7,34,1,0,6,0,0,0,7,9,0,0,0,2,1,0,1
1492,1,167,salineros,7,34,1,0,2,0,0,0,4,6,0,0,0,2,1,0,1
1492,1,168,salineros,6,34,1,0,0,0,0,0,4,6,1,0,0,2,1,0,1
1492,1,169,salineros,5,34,1,0,0,0,0,0,4,6,1,0,0,2,1,0,1
1492,1,170,salineros,4,33,1,0,0,0,0,0,4,6,1,0,0,2,1,0,1
1492,1,171,salineros,3,32,1,0,0,0,0,0,4,6,1,0,0,2,1,0,1
1492,1,172,salineros,2,31,1,0,0,0,0,0,3,5,1,0,0,2,1,0,1
1492,1,173,salineros,1,30,1,0,0,0,0,0,4,6,1,0,0,2,1,0,1
1492,1,174,salineros,-1,29,1,0,0,0,0,0,4,8,1,0,0,2,1,1,0
1492,1,175,salineros,-2,28,1,0,0,0,0,0,3,4,1,0,0,2,1,0,1
1492,1,176,salineros,-3,27,1,0,0,0,0,0,3,4,1,0,0,2,1,0,1
1492,1,177,salineros,-4,26,1,0,0,0,0,0,3,4,1,0,0,2,1,0,1
1492,1,178,salineros,-5,25,1,0,0,0,0,0,3,4,1,0,0,2,1,0,1
1492,1,179,salineros,-5,25,1,0,1,0,0,0,7,8,0,0,0,2,1,0,1
1492,1,180,salineros,-5,25,1,0,2,0,0,0,7,8,0,0,0,2,1,0,1
1492,1,181,salineros,-5,25,1,0,3,0,0,0,7,8,0,0,0,2,1,0,1
1492,1,182,salineros,-5,25,1,0,4,0,0,0,7,8,0,0,0,2,1,0,1
1492,1,183,salineros,-5,25,1,0,5,0,0,0,7,8,0,0,0,2,1,0,1
1492,1,184,salineros,-5,25,1,0,4,0,0,0,5,6,0,0,0,2,1,0,1
1492,1,185,salineros,-5,25,1,0,1,0,0,0,3,4,0,0,0,2,1,0,1
1492,1,186,salineros,-6,25,1,0,0,0,0,0,3,4,1,0,0,2,1,0,1
1492,1,187,salineros,-7,25,1,0,0,0,0,0,3,4,1,0,0,2,1,0,1
1492,1,188,salineros,-9,24,1,0,0,0,0,0,3,4,1,0,0,2,1,0,1
1492,1,189,salineros,-10,23,1,0,0,0,0,0,3,4,1,0,0,2,1,0,1
1492,1,190,salineros,-11,22,1,0,0,0,0,0,4,5,1,0,0,2,1,0,1
1492,1,191,salineros,-12,21,1,0,0,0,0,0,2,3,1,0,0,2,1,0,1
1492,1,192,salineros,-13,20,1,0,0,0,0,0,2,3,1,0,0,2,1,0,1
1492,1,193,salineros,-15,19,1,0,0,0,0,0,2,3,1,0,0,2,1,0,1
1492,1,194,salineros,-16,18,1,0,0,0,0,0,2,2,1,0,0,2,1,0,1
1492,1,195,salineros,-17,17,1,0,0,0,0,0,2,2,1,0,0,2,1,0,1
1492,1,196,salineros,-18,16,1,0,0,0,0,0,2,2,1,0,0,2,1,0,1
1492,1,197,salineros,-19,15,1,0,0,0,0,0,3,3,1,0,0,2,1,0,1
1492,1,198,salineros,-19,15,1,0,0,0,0,0,3,4,0,0,0,2,1,1,0
1492,1,199,salineros,-19,15,1,0,0,0,0,0,3,3,0,0,0,2,1,0,1
1492,1,200,salineros,-19,15,1,0,0,0,0,0,3,3,0,0,0,2,1,0,1
1492-2,1,1,arrieros,34,91,1,42,64,0,0,0,15,33,0,0,0,0,1,4,0
1492-2,1,2,arrieros,33,87,1,35,48,0,0,0,15,24,0,0,0,0,1,2,0
1492-2,1,3,arrieros,33,87,1,39,39,0,0,0,15,23,0,0,0,0,1,0,1
1492-2,1,4,arrieros,33,87,1,43,30,0,0,0,15,23,0,0,0,0,1,0,1
1492-2,1,5,arrieros,33,87,1,47,26,0,0,0,20,28,0,1,0,0,1,0,1
1492-2,1,6,arrieros,33,87,1,67,24,0,0,0,20,44,0,0,0,0,1,3,0
1492-2,1,7,arrieros,33,87,1,102,23,0,0,0,20,44,0,0,0,0,1,2,0
1492-2,1,8,arrieros,33,87,1,90,23,0,0,0,20,44,0,0,0,0,1,2,0
1492-2,1,9,arrieros,33,87,1,90,31,0,0,0,20,44,0,0,0,0,1,2,0
1492-2,1,10,arrieros,33,87,1,89,37,0,0,0,20,44,0,0,0,0,1,2,0
1492-2,1,11,arrieros,33,87,1,91,62,0,0,0,40,64,0,0,0,0,1,2,0
1492-2,1,12,arrieros,32,83,1,77,79,0,0,0,40,64,0,0,0,0,1,3,0
1492-2,1,13,arrieros,46,79,1,80,98,0,0,0,40,64,0,0,0,1,1,3,0
1492-2,1,14,arrieros,46,75,1,73,113,0,0,0,40,62,0,0,0,1,1,3,0
1492-2,1,15,arrieros,45,71,1,81,129,0,0,0,40,62,0,0,0,1,1,3,0
1492-2,1,16,arrieros,45,71,1,80,147,0,0,0,40,62,0,0,0,1,1,2,0
1492-2,1,17,arrieros,45,71,1,84,129,0,0,0,25,47,0,0,0,1,1,12,0
1492-2,1,18,arrieros,63,71,1,88,132,0,0,0,25,47,0,0,0,2,1,2,0
1492-2,1,19,arrieros,63,71,1,82,135,0,0,0,25,47,0,0,0,2,1,2,0
1492-2,1,20,arrieros,63,71,1,86,136,0,0,0,25,47,0,1,0,2,1,2,0
1492-2,1,21,arrieros,63,71,1,90,115,0,0,0,25,51,0,0,0,2,1,12,0
1492-2,1,22,arrieros,63,71,1,84,119,0,0,0,25,51,0,0,0,2,1,2,0
1492-2,1,23,arrieros,71,71,1,91,113,0,0,0,15,41,0,0,0,2,1,2,0
1492-2,1,24,arrieros,71,71,1,78,107,0,0,0,15,34,0,0,0,2,1,3,0
1492-2,1,25,arrieros,71,71,1,80,99,0,0,0,15,34,0,0,0,2,1,2,0
1492-2,1,26,arrieros,71,71,1,78,73,0,0,0,15,34,0,1,0,2,1,12,0
1492-2,1,27,arrieros,79,71,1,76,74,0,0,0,15,34,0,0,0,2,1,3,0
1492-2,1,28,arrieros,79,71,1,92,75,0,0,0,15,34,0,0,0,2,1,3,0
1492-2,1,29,arrieros,79,71,1,90,79,0,0,0,20,39,0,0,0,2,1,4,0
1492-2,1,30,arrieros,79,71,1,110,61,0,0,0,20,46,0,0,0,2,1,13,0
1492-2,1,31,arrieros,87,71,1,107,68,0,0,0,20,46,0,0,0,2,1,4,0
1492-2,1,32,arrieros,87,71,1,112,75,0,0,0,20,46,0,0,0,2,1,4,0
1492-2,1,33,arrieros,87,71,1,106,81,0,0,0,20,46,0,0,0,2,1,4,0
1492-2,1,34,arrieros,87,71,1,112,53,0,0,0,20,46,0,0,0,2,1,15,0
1492-2,1,35,arrieros,95,71,1,114,78,0,0,0,40,66,0,1,0,2,1,3,0
1492-2,1,36,arrieros,95,71,1,92,106,0,0,0,40,66,0,0,0,2,1,3,0
1492-2,1,37,arrieros,95,71,1,97,133,0,0,0,40,66,0,0,0,2,1,3,0
1492-2,1,38,arrieros,95,71,1,93,152,0,0,0,40,66,0,0,0,2,1,3,0
1492-2,1,39,arrieros,95,71,1,112,168,0,0,0,40,66,0,0,0,2,1,4,0
1492-2,1,40,arrieros,95,71,1,103,182,0,0,0,40,66,0,1,0,2,1,2,0
1492-2,1,41,arrieros,95,71,1,96,183,0,0,0,25,51,0,0,0,2,1,2,0
1492-2,1,42,arrieros,96,79,1,107,206,0,0,0,25,51,0,0,0,2,1,5,0
1492-2,1,43,arrieros,96,75,1,81,196,0,0,0,25,51,0,1,0,2,1,3,0
1492-2,1,44,arrieros,95,71,1,78,171,0,0,0,25,51,0,0,0,2,1,8,0
1492-2,1,45,arrieros,95,71,1,91,155,0,0,0,25,51,0,0,0,2,1,9,0
1492-2,1,46,arrieros,103,71,1,96,155,0,0,0,25,51,0,1,0,2,1,2,0
1492-2,1,47,arrieros,103,71,1,92,147,0,0,0,15,41,0,0,0,2,1,2,0
1492-2,1,48,arrieros,103,71,1,81,140,0,0,0,15,34,0,0,0,2,1,2,0
1492-2,1,49,arrieros,103,71,1,80,133,0,0,0,15,34,0,0,0,2,1,3,0
1492-2,1,50,arrieros,103,71,1,98,126,0,0,0,15,34,0,0,0,2,1,3,0
1492-2,1,51,arrieros,103,71,1,99,120,0,0,0,15,34,0,0,0,2,1,3,0
1492-2,1,52,arrieros,103,71,1,102,114,0,0,0,15,34,0,0,0,2,1,3,0
1492-2,1,53,arrieros,103,71,1,95,113,0,0,0,20,39,0,0,0,2,1,3,0
1492-2,1,54,arrieros,104,75,1,114,112,0,0,0,20,46,0,0,0,2,1,4,0
1492-2,1,55,arrieros,104,75,1,100,107,0,0,0,20,46,0,0,0,2,1,6,0
1492-2,1,56,arrieros,103,71,1,102,82,0,0,0,20,46,0,0,0,2,1,10,0
1492-2,1,57,arrieros,103,71,1,100,69,0,0,0,20,46,0,0,0,2,1,9,0
1492-2,1,58,arrieros,111,71,1,111,76,0,0,0,20,46,0,0,0,2,1,4,0
1492-2,1,59,arrieros,111,71,1,109,102,0,0,0,40,66,0,0,0,2,1,4,0
1492-2,1,60,arrieros,111,71,1,110,126,0,0,0,40,66,0,0,0,2,1,4,0
1492-2,1,61,arrieros,111,71,1,105,150,0,0,0,40,66,0,0,0,2,1,3,0
1492-2,1,62,arrieros,111,71,1,111,167,0,0,0,40,66,0,0,0,2,1,3,0
1492-2,1,63,arrieros,111,71,1,104,183,0,0,0,40,66,0,0,0,2,1,3,0
1492-2,1,64,arrieros,111,71,1,110,198,0,0,0,40,66,0,0,0,2,1,3,0
1492-2,1,65,arrieros,111,71,1,75,160,0,0,0,25,51,0,0,0,2,1,4,0
1492-2,1,66,arrieros,112,75,1,119,171,0,0,0,25,51,0,0,0,2,1,4,0
1492-2,1,67,arrieros,145,101,2,99,173,0,0,0,25,51,0,0,0,3,1,5,0
1492-2,1,68,arrieros,144,97,2,85,142,0,0,0,25,55,0,0,0,3,1,10,0
1492-2,1,69,arrieros,144,98,2,95,119,0,0,0,25,55,0,1,0,3,1,8,0
1492-2,1,70,arrieros,152,99,2,78,126,0,0,0,30,60,0,0,0,3,1,2,0
1492-2,1,71,arrieros,152,99,2,79,123,0,0,0,18,48,0,0,0,3,1,2,0
1492-2,1,72,arrieros,152,99,2,68,116,0,0,0,18,41,0,1,0,3,1,2,0
1492-2,1,73,arrieros,152,99,2,67,111,0,0,0,18,41,0,0,0,3,1,2,0
1492-2,1,74,arrieros,152,99,2,67,61,0,0,0,18,41,0,0,0,3,1,6,0
1492-2,1,75,arrieros,152,99,2,66,54,0,0,0,18,41,0,0,0,3,1,2,0
1492-2,1,76,arrieros,152,99,2,65,48,0,0,0,18,41,0,0,0,3,1,2,0
1492-2,1,77,arrieros,153,103,2,70,48,0,0,0,24,47,0,0,0,3,1,4,0
1492-2,1,78,arrieros,153,103,2,95,47,0,0,0,24,54,0,0,0,3,1,3,0
1492-2,1,79,arrieros,154,107,2,95,47,0,0,0,24,54,0,0,0,3,1,5,0
1492-2,1,80,arrieros,154,107,2,96,50,0,0,0,24,54,0,0,0,3,1,4,0
1492-2,1,81,arrieros,154,107,2,97,53,0,0,0,24,54,0,0,0,3,1,4,0
1492-2,1,82,arrieros,154,107,2,100,55,0,0,0,24,54,0,0,0,3,1,4,0
1492-2,1,83,arrieros,154,108,2,102,80,0,0,0,48,78,0,0,0,3,1,4,0
1492-2,1,84,arrieros,154,105,2,81,98,0,0,0,48,78,0,0,0,3,1,6,0
1492-2,1,85,arrieros,153,102,2,89,116,0,0,0,48,76,0,0,0,3,1,4,0
1492-2,1,86,arrieros,153,103,2,97,139,0,0,0,48,76,0,0,0,3,1,3,0
1492-2,1,87,arrieros,153,104,2,96,162,0,0,0,48,76,0,0,0,3,1,4,0
1492-2,1,88,arrieros,154,105,2,100,183,0,0,0,48,76,0,0,0,3,1,3,0
1492-2,1,89,arrieros,154,106,2,94,142,0,0,0,30,58,0,0,0,3,1,13,0
1492-2,1,90,arrieros,154,107,2,98,142,0,0,0,31,59,0,0,0,3,1,3,0
1492-2,1,91,arrieros,162,108,2,99,151,0,0,0,31,59,0,0,0,3,1,3,0
1492-2,1,92,arrieros,162,109,2,99,158,0,0,0,31,59,0,0,0,3,1,3,0
1492-2,1,93,arrieros,163,110,2,103,165,0,0,0,31,59,0,0,0,3,1,4,0
1492-2,1,94,arrieros,163,111,2,100,172,0,0,0,31,61,0,0,0,3,1,4,0
1492-2,1,95,arrieros,163,111,2,100,160,0,0,0,18,49,0,0,0,3,1,3,0
1492-2,1,96,arrieros,163,111,2,96,145,0,0,0,18,42,0,0,0,3,1,4,0
1492-2,1,97,arrieros,163,111,2,97,139,0,0,0,18,42,0,0,0,3,1,3,0
1492-2,1,98,arrieros,163,111,2,96,134,0,0,0,18,42,0,0,0,3,1,3,0
1492-2,1,99,arrieros,164,119,2,106,131,0,0,0,18,42,0,0,0,3,1,5,0
1492-2,1,100,arrieros,164,115,2,85,119,0,0,0,18,42,0,0,0,3,1,5,0
1492-2,1,101,arrieros,163,111,2,87,97,0,0,0,24,48,0,0,0,3,1,9,0
1492-2,1,102,arrieros,163,111,2,101,78,0,0,0,24,55,0,0,0,3,1,8,0
1492-2,1,103,arrieros,171,111,2,105,78,0,0,0,24,55,0,0,0,3,1,4,0
1492-2,1,104,arrieros,171,111,2,101,78,0,0,0,24,55,0,0,0,3,1,4,0
1492-2,1,105,arrieros,171,111,2,109,78,0,0,0,24,55,0,0,0,3,1,4,0
1492-2,1,106,arrieros,171,111,2,104,78,0,0,0,24,55,0,0,0,3,1,4,0
1492-2,1,107,arrieros,171,113,2,101,95,0,0,0,41,72,0,0,0,3,1,4,0
1492-2,1,108,arrieros,172,115,2,111,110,0,0,0,41,72,0,0,0,3,1,4,0
1492-2,1,109,arrieros,172,117,2,107,125,0,0,0,41,72,0,0,0,3,1,4,0
1492-2,1,110,arrieros,172,119,2,106,138,0,0,0,41,72,0,0,0,3,1,4,0
1492-2,1,111,arrieros,173,121,2,105,150,0,0,0,41,72,0,0,0,3,1,4,0
1492-2,1,112,arrieros,174,127,2,111,166,0,0,0,41,74,0,0,0,3,1,5,0
1492-2,1,113,arrieros,174,127,2,104,167,0,0,0,31,64,0,0,0,3,1,6,0
1492-2,1,114,arrieros,174,125,2,91,145,0,0,0,31,64,0,0,0,3,1,10,0
1492-2,1,115,arrieros,174,127,2,107,130,0,0,0,31,64,0,0,0,3,1,8,0
1492-2,1,116,arrieros,182,127,2,104,133,0,0,0,31,64,0,0,0,3,1,4,0
1492-2,1,117,arrieros,182,127,2,105,137,0,0,0,31,64,0,0,0,3,1,4,0
1492-2,1,118,arrieros,182,127,2,107,141,0,0,0,31,64,0,0,0,3,1,4,0
1492-2,1,119,arrieros,182,127,2,108,132,0,0,0,18,51,0,0,0,3,1,4,0
1492-2,1,120,arrieros,182,127,2,101,124,0,0,0,18,44,0,0,0,3,1,4,0
1492-2,1,121,arrieros,182,127,2,107,116,0,0,0,18,44,0,0,0,3,1,3,0
1492-2,1,122,arrieros,182,127,2,99,108,0,0,0,18,44,0,0,0,3,1,4,0
1492-2,1,123,arrieros,183,131,2,109,102,0,0,0,18,44,0,0,0,3,1,4,0
1492-2,1,124,arrieros,183,131,2,94,89,0,0,0,18,44,0,0,0,3,1,6,0
1492-2,1,125,arrieros,182,127,2,86,64,0,0,0,24,50,0,0,0,3,1,10,0
1492-2,1,126,arrieros,182,127,2,103,61,0,0,0,24,57,0,0,0,3,1,3,0
1492-2,1,127,arrieros,190,127,2,99,58,0,0,0,24,57,0,0,0,3,1,4,0
1492-2,1,128,arrieros,190,127,2,110,55,0,0,0,24,57,0,0,0,3,1,4,0
1492-2,1,129,arrieros,190,127,2,108,53,0,0,0,24,57,0,0,0,3,1,4,0
1492-2,1,130,arrieros,190,127,2,109,51,0,0,0,24,57,0,0,0,3,1,4,0
1492-2,1,131,arrieros,190,129,2,109,73,0,0,0,49,82,0,0,0,3,1,4,0
1492-2,1,132,arrieros,191,131,2,109,93,0,0,0,49,82,0,0,0,3,1,4,0
1492-2,1,133,arrieros,191,131,2,110,112,0,0,0,49,83,0,0,0,3,1,4,0
1492-2,1,134,arrieros,191,131,2,111,130,0,0,0,49,83,0,0,0,3,1,4,0
1492-2,1,135,arrieros,191,131,2,114,148,0,0,0,49,83,0,0,0,3,1,4,0
1492-2,1,136,arrieros,192,135,2,112,169,0,0,0,49,83,0,0,0,3,1,5,0
1492-2,1,137,arrieros,191,131,2,104,139,0,0,0,28,62,0,0,0,3,1,10,0
1492-2,1,138,arrieros,191,131,2,105,120,0,0,0,28,62,0,0,0,3,1,9,0
1492-2,1,139,arrieros,199,131,2,105,121,0,0,0,28,62,0,0,0,3,1,4,0
1492-2,1,140,arrieros,199,131,2,105,122,0,0,0,28,62,0,0,0,3,1,4,0
1492-2,1,141,arrieros,199,131,2,110,123,0,0,0,28,62,0,0,0,3,1,4,0
1492-2,1,142,arrieros,199,131,2,114,124,0,0,0,28,62,0,0,0,3,1,4,0
1492-2,1,143,arrieros,199,131,2,107,115,0,0,0,18,52,0,0,0,3,1,4,0
1492-2,1,144,arrieros,199,131,2,105,106,0,0,0,18,45,0,0,0,3,1,4,0
1492-2,1,145,arrieros,199,131,2,99,98,0,0,0,18,45,0,0,0,3,1,4,0
1492-2,1,146,arrieros,199,131,2,102,90,0,0,0,18,45,0,0,0,3,1,3,0
1492-2,1,147,arrieros,199,131,2,106,82,0,0,0,18,45,0,0,0,3,1,3,0
1492-2,1,148,arrieros,200,135,2,105,75,0,0,0,18,45,0,0,0,3,1,5,0
1492-2,1,149,arrieros,200,135,2,95,67,0,0,0,24,51,0,0,0,3,1,6,0
1492-2,1,150,arrieros,200,135,2,104,62,0,0,0,24,56,0,0,0,3,1,4,0
1492-2,1,151,arrieros,200,135,2,100,57,0,0,0,24,56,0,0,0,3,1,5,0
1492-2,1,152,arrieros,200,135,2,109,53,0,0,0,24,56,0,0,0,3,1,4,0
1492-2,1,153,arrieros,200,135,2,105,49,0,0,0,24,56,0,0,0,3,1,4,0
1492-2,1,154,arrieros,200,135,2,106,45,0,0,0,24,56,0,0,0,3,1,4,0
1492-2,1,155,arrieros,200,135,2,106,65,0,0,0,49,81,0,0,0,3,1,4,0
1492-2,1,156,arrieros,200,135,2,106,84,0,0,0,49,81,0,0,0,3,1,4,0
1492-2,1,157,arrieros,199,131,2,96,98,0,0,0,49,81,0,0,0,3,1,5,0
1492-2,1,158,arrieros,199,131,2,105,117,0,0,0,49,81,0,0,0,3,1,4,0
1492-2,1,159,arrieros,199,131,2,101,135,0,0,0,49,81,0,0,0,3,1,4,0
1492-2,1,160,arrieros,199,131,2,110,152,0,0,0,49,81,0,0,0,3,1,4,0
1492-2,1,161,arrieros,199,131,2,105,111,0,0,0,31,63,0,0,0,3,1,14,0
1492-2,1,162,arrieros,199,131,2,106,115,0,0,0,31,63,0,0,0,3,1,4,0
1492-2,1,163,arrieros,207,131,2,108,119,0,0,0,31,63,0,0,0,3,1,4,0
1492-2,1,164,arrieros,207,131,2,109,123,0,0,0,31,63,0,0,0,3,1,4,0
1492-2,1,165,arrieros,207,131,2,110,127,0,0,0,31,63,0,0,0,3,1,4,0
1492-2,1,166,arrieros,207,131,2,109,130,0,0,0,31,63,0,0,0,3,1,4,0
1492-2,1,167,arrieros,207,131,2,107,121,0,0,0,18,50,0,0,0,3,1,4,0
1492-2,1,168,arrieros,207,131,2,103,112,0,0,0,18,44,0,0,0,3,1,4,0
1492-2,1,169,arrieros,207,131,2,98,104,0,0,0,18,44,0,0,0,3,1,4,0
1492-2,1,170,arrieros,207,131,2,102,96,0,0,0,18,44,0,0,0,3,1,3,0
1492-2,1,171,arrieros,207,131,2,103,88,0,0,0,18,44,0,0,0,3,1,3,0
1492-2,1,172,arrieros,207,131,2,92,81,0,0,0,18,44,0,0,0,3,1,4,0
1492-2,1,173,arrieros,208,139,2,104,80,0,0,0,24,50,0,0,0,3,1,6,0
1492-2,1,174,arrieros,208,135,2,94,69,0,0,0,24,58,0,0,0,3,1,5,0
1492-2,1,175,arrieros,208,135,2,104,64,0,0,0,24,56,0,0,0,3,1,4,0
1492-2,1,176,arrieros,208,135,2,101,59,0,0,0,24,56,0,0,0,3,1,4,0
1492-2,1,177,arrieros,208,135,2,111,54,0,0,0,24,56,0,0,0,3,1,4,0
1492-2,1,178,arrieros,208,135,2,107,50,0,0,0,24,56,0,0,0,3,1,4,0
1492-2,1,179,arrieros,208,135,2,106,60,0,0,0,39,71,0,0,0,3,1,4,0
1492-2,1,180,arrieros,208,135,2,105,70,0,0,0,39,71,0,0,0,3,1,4,0
1492-2,1,181,arrieros,208,135,2,103,79,0,0,0,39,71,0,0,0,3,1,4,0
1492-2,1,182,arrieros,207,131,2,94,83,0,0,0,39,71,0,0,0,3,1,5,0
1492-2,1,183,arrieros,207,131,2,104,93,0,0,0,39,71,0,0,0,3,1,4,0
1492-2,1,184,arrieros,207,131,2,101,102,0,0,0,39,71,0,0,0,3,1,4,0
1492-2,1,185,arrieros,207,131,2,110,63,0,0,0,31,63,0,0,0,3,1,13,0
1492-2,1,186,arrieros,207,131,2,108,69,0,0,0,31,63,0,0,0,3,1,4,0
1492-2,1,187,arrieros,215,131,2,108,75,0,0,0,31,63,0,0,0,3,1,4,0
1492-2,1,188,arrieros,215,131,2,107,81,0,0,0,31,63,0,0,0,3,1,4,0
1492-2,1,189,arrieros,215,131,2,109,86,0,0,0,31,63,0,0,0,3,1,4,0
1492-2,1,190,arrieros,215,131,2,110,91,0,0,0,31,63,0,0,0,3,1,4,0
1492-2,1,191,arrieros,215,131,2,110,83,0,0,0,18,50,0,0,0,3,1,4,0
1492-2,1,192,arrieros,215,131,2,103,76,0,0,0,18,44,0,0,0,3,1,4,0
1492-2,1,193,arrieros,215,131,2,96,69,0,0,0,18,44,0,0,0,3,1,4,0
1492-2,1,194,arrieros,215,131,2,102,62,0,0,0,18,44,0,0,0,3,1,3,0
1492-2,1,195,arrieros,215,131,2,103,56,0,0,0,18,44,0,0,0,3,1,3,0
1492-2,1,196,arrieros,215,131,2,93,50,0,0,0,18,44,0,0,0,3,1,4,0
1492-2,1,197,arrieros,215,131,2,97,50,0,0,0,24,50,0,0,0,3,1,4,0
1492-2,1,198,arrieros,215,131,2,103,47,0,0,0,24,56,0,0,0,3,1,4,0
1492-2,1,199,arrieros,215,131,2,99,44,0,0,0,24,56,0,0,0,3,1,4,0
1492-2,1,200,arrieros,215,131,2,108,41,0,0,0,24,56,0,0,0,3,1,4,0
1492-2,1,1,canteros,39,116,1,40,56,0,0,0,18,48,0,0,0,0,1,4,0
1492-2,1,2,canteros,39,116,1,47,42,0,0,0,18,34,0,0,0,0,1,0,1
1492-2,1,3,canteros,39,116,1,54,28,0,0,0,18,34,0,1,0,0,1,0,1
1492-2,1,4,canteros,39,116,1,69,17,0,0,0,18,42,0,0,0,0,1,1,0
1492-2,1,5,canteros,39,116,1,79,12,0,0,0,24,48,0,0,0,0,1,2,0
1492-2,1,6,canteros,39,116,1,89,8,0,0,0,24,59,0,0,0,0,1,2,0
1492-2,1,7,canteros,39,116,1,97,7,0,0,0,24,59,0,0,0,0,1,3,0
1492-2,1,8,canteros,39,116,1,94,6,0,0,0,24,59,0,0,0,0,1,3,0
1492-2,1,9,canteros,39,116,1,101,5,0,0,0,24,59,0,0,0,0,1,3,0
1492-2,1,10,canteros,39,116,1,100,4,0,0,0,24,59,0,0,0,0,1,3,0
1492-2,1,11,canteros,39,116,1,101,27,0,0,0,48,83,0,0,0,0,1,3,0
1492-2,1,12,canteros,39,116,1,102,49,0,0,0,48,83,0,0,0,0,1,3,0
1492-2,1,13,canteros,39,116,1,103,70,0,0,0,48,83,0,0,0,0,1,3,0
1492-2,1,14,canteros,38,112,1,85,80,0,0,0,48,83,0,0,0,0,1,4,0
1492-2,1,15,canteros,52,108,1,78,91,0,0,0,48,83,0,0,0,1,1,4,0
1492-2,1,16,canteros,52,108,1,92,112,0,0,0,48,81,0,0,0,1,1,2,0
1492-2,1,17,canteros,52,108,1,93,101,0,0,0,30,63,0,0,0,1,1,7,0
1492-2,1,18,canteros,52,108,1,98,107,0,0,0,30,62,0,0,0,1,1,2,0
1492-2,1,19,canteros,70,108,1,96,113,0,0,0,30,62,0,0,0,2,1,3,0
1492-2,1,20,canteros,70,108,1,95,119,0,0,0,30,62,0,0,0,2,1,3,0
1492-2,1,21,canteros,70,108,1,93,125,0,0,0,30,62,0,0,0,2,1,3,0
1492-2,1,22,canteros,70,108,1,97,130,0,0,0,30,62,0,0,0,2,1,2,0
1492-2,1,23,canteros,70,108,1,97,111,0,0,0,18,50,0,0,0,2,1,8,0
1492-2,1,24,canteros,70,108,1,87,105,0,0,0,18,40,0,0,0,2,1,3,0
1492-2,1,25,canteros,78,108,1,86,100,0,0,0,18,40,0,0,0,2,1,2,0
1492-2,1,26,canteros,78,108,1,83,94,0,0,0,18,40,0,0,0,2,1,2,0
1492-2,1,27,canteros,78,108,1,83,88,0,0,0,18,40,0,0,0,2,1,2,0
1492-2,1,28,canteros,78,108,1,82,81,0,0,0,18,40,0,0,0,2,1,2,0
1492-2,1,29,canteros,78,108,1,85,71,0,0,0,24,46,0,0,0,2,1,7,0
1492-2,1,30,canteros,78,108,1,91,70,0,0,0,24,56,0,0,0,2,1,3,0
1492-2,1,31,canteros,86,108,1,92,69,0,0,0,24,56,0,0,0,2,1,3,0
1492-2,1,32,canteros,86,108,1,96,68,0,0,0,24,56,0,0,0,2,1,3,0
1492-2,1,33,canteros,86,108,1,100,67,0,0,0,24,56,0,0,0,2,1,2,0
1492-2,1,34,canteros,86,108,1,117,69,0,0,0,24,56,0,0,0,2,1,3,0
1492-2,1,35,canteros,86,108,1,18,91,0,0,0,48,79,0,0,0,2,1,5,0
1492-2,1,36,canteros,86,108,1,77,110,0,1,0,48,79,0,0,0,2,1,1,0
1492-2,1,37,canteros,86,108,1,84,113,0,0,0,48,79,0,0,0,2,1,7,0
1492-2,1,38,canteros,94,108,1,90,131,0,0,0,48,79,0,0,0,2,1,3,0
1492-2,1,39,canteros,94,108,1,86,148,0,0,0,48,79,0,0,0,2,1,3,0
1492-2,1,40,canteros,94,108,1,95,165,0,0,0,48,79,0,0,0,2,1,3,0
1492-2,1,41,canteros,94,108,1,90,164,0,0,0,30,61,0,0,0,2,1,3,0
1492-2,1,42,canteros,94,108,1,88,166,0,0,0,30,61,0,0,0,2,1,2,0
1492-2,1,43,canteros,94,108,1,94,159,0,0,0,30,61,0,0,0,2,1,7,0
1492-2,1,44,canteros,94,108,1,98,160,0,0,0,30,61,0,0,0,2,1,2,0
1492-2,1,45,canteros,102,108,1,97,162,0,0,0,30,61,0,0,0,2,1,3,0
1492-2,1,46,canteros,102,108,1,96,164,0,0,0,30,61,0,0,0,2,1,3,0
1492-2,1,47,canteros,102,108,1,95,154,0,0,0,18,49,0,0,0,2,1,3,0
1492-2,1,48,canteros,102,108,1,83,145,0,0,0,18,39,0,0,0,2,1,3,0
1492-2,1,49,canteros,102,108,1,79,136,0,0,0,18,39,0,0,0,2,1,2,0
1492-2,1,50,canteros,102,108,1,82,125,0,0,0,18,39,0,0,0,2,1,2,0
1492-2,1,51,canteros,102,108,1,81,114,0,0,0,18,39,0,0,0,2,1,2,0
1492-2,1,52,canteros,102,108,1,81,104,0,0,0,18,38,0,0,0,2,1,2,0
1492-2,1,53,canteros,103,112,1,95,101,0,0,0,24,44,0,0,0,2,1,3,0
1492-2,1,54,canteros,102,108,1,72,86,0,0,0,24,56,0,0,0,2,1,4,0
1492-2,1,55,canteros,102,108,1,97,69,0,0,0,24,54,0,0,0,2,1,7,0
1492-2,1,56,canteros,102,108,1,89,64,0,0,0,24,54,0,0,0,2,1,3,0
1492-2,1,57,canteros,110,108,1,88,61,0,0,0,24,54,0,0,0,2,1,3,0
1492-2,1,58,canteros,110,108,1,91,58,0,0,0,24,54,0,0,0,2,1,3,0
1492-2,1,59,canteros,110,108,1,92,78,0,0,0,48,78,0,0,0,2,1,3,0
1492-2,1,60,canteros,110,108,1,95,98,0,0,0,48,78,0,0,0,2,1,3,0
1492-2,1,61,canteros,110,108,1,87,117,0,0,0,48,78,0,0,0,2,1,3,0
1492-2,1,62,canteros,110,108,1,92,135,0,0,0,48,78,0,0,0,2,1,3,0
1492-2,1,63,canteros,110,108,1,93,152,0,0,0,48,78,0,0,0,2,1,3,0
1492-2,1,64,canteros,110,108,1,97,169,0,0,0,48,78,0,0,0,2,1,3,0
1492-2,1,65,canteros,111,112,1,101,171,0,0,0,30,60,0,0,0,2,1,4,0
1492-2,1,66,canteros,110,108,1,76,160,0,0,0,30,62,0,0,0,2,1,4,0
1492-2,1,67,canteros,110,108,1,93,149,0,0,0,30,60,0,0,0,2,1,7,0
1492-2,1,68,canteros,110,108,1,92,147,0,0,0,30,60,0,0,0,2,1,2,0
1492-2,1,69,canteros,118,108,1,96,150,0,0,0,30,60,0,0,0,2,1,2,0
1492-2,1,70,canteros,118,108,1,93,152,0,0,0,30,60,0,0,0,2,1,3,0
1492-2,1,71,canteros,118,108,1,97,143,0,0,0,18,48,0,0,0,2,1,2,0
1492-2,1,72,canteros,118,108,1,87,134,0,0,0,18,38,0,0,0,2,1,3,0
1492-2,1,73,canteros,118,108,1,87,126,0,0,0,18,38,0,0,0,2,1,2,0
1492-2,1,74,canteros,118,108,1,84,117,0,0,0,18,38,0,0,0,2,1,2,0
1492-2,1,75,canteros,118,108,1,85,108,0,0,0,18,38,0,0,0,2,1,2,0
1492-2,1,76,canteros,118,108,1,80,99,0,0,0,18,38,0,0,0,2,1,2,0
1492-2,1,77,canteros,118,108,1,84,97,0,0,0,24,44,0,0,0,2,1,2,0
1492-2,1,78,canteros,118,108,1,90,93,0,0,0,24,54,0,0,0,2,1,3,0
1492-2,1,79,canteros,119,112,1,95,92,0,0,0,24,54,0,0,0,2,1,4,0
1492-2,1,80,canteros,118,108,1,74,77,0,0,0,24,56,0,0,0,2,1,4,0
1492-2,1,81,canteros,118,108,1,89,61,0,0,0,24,54,0,0,0,2,1,7,0
1492-2,1,82,canteros,118,108,1,89,57,0,0,0,24,54,0,0,0,2,1,3,0
1492-2,1,83,canteros,126,108,1,93,77,0,0,0,48,78,0,0,0,2,1,3,0
1492-2,1,84,canteros,126,108,1,96,97,0,0,0,48,78,0,0,0,2,1,3,0
1492-2,1,85,canteros,126,108,1,94,116,0,0,0,48,78,0,0,0,2,1,3,0
1492-2,1,86,canteros,126,108,1,94,134,0,0,0,48,78,0,0,0,2,1,3,0
1492-2,1,87,canteros,126,108,1,91,151,0,0,0,48,78,0,0,0,2,1,3,0
1492-2,1,88,canteros,126,108,1,94,168,0,0,0,48,78,0,0,0,2,1,3,0
1492-2,1,89,canteros,126,108,1,89,167,0,0,0,30,60,0,0,0,2,1,3,0
1492-2,1,90,canteros,126,108,1,92,168,0,0,0,30,60,0,0,0,2,1,2,0
1492-2,1,91,canteros,127,112,1,103,172,0,0,0,30,60,0,0,0,2,1,4,0
1492-2,1,92,canteros,126,108,1,78,162,0,0,0,30,62,0,0,0,2,1,4,0
1492-2,1,93,canteros,126,108,1,92,153,0,0,0,30,60,0,0,0,2,1,7,0
1492-2,1,94,canteros,126,108,1,93,152,0,0,0,30,60,0,0,0,2,1,2,0
1492-2,1,95,canteros,134,108,1,97,143,0,0,0,18,48,0,0,0,2,1,2,0
1492-2,1,96,canteros,134,108,1,85,134,0,0,0,18,38,0,0,0,2,1,3,0
1492-2,1,97,canteros,134,108,1,83,126,0,0,0,18,38,0,0,0,2,1,2,0
1492-2,1,98,canteros,134,108,1,83,117,0,0,0,18,38,0,0,0,2,1,2,0
1492-2,1,99,canteros,134,108,1,82,107,0,0,0,18,38,0,0,0,2,1,2,0
1492-2,1,100,canteros,134,108,1,83,98,0,0,0,18,38,0,0,0,2,1,2,0
1492-2,1,101,canteros,134,108,1,81,95,0,0,0,24,44,0,0,0,2,1,3,0
1492-2,1,102,canteros,134,108,1,95,91,0,0,0,24,54,0,0,0,2,1,2,0
1492-2,1,103,canteros,134,108,1,90,87,0,0,0,24,54,0,0,0,2,1,3,0
1492-2,1,104,canteros,135,112,1,99,84,0,0,0,24,54,0,0,0,2,1,4,0
1492-2,1,105,canteros,134,108,1,78,70,0,0,0,24,56,0,0,0,2,1,4,0
1492-2,1,106,canteros,134,108,1,90,67,0,0,0,24,54,0,0,0,2,1,2,0
1492-2,1,107,canteros,134,108,1,90,87,0,0,0,48,78,0,0,0,2,1,3,0
1492-2,1,108,canteros,134,108,1,87,106,0,0,0,48,78,0,0,0,2,1,3,0
1492-2,1,109,canteros,344,108,1,94,124,0,0,0,48,78,0,1,1,3,1,3,0
1492-2,1,110,canteros,344,108,1,95,144,0,0,0,48,78,0,0,0,3,1,4,0
1492-2,1,111,canteros,344,108,1,92,158,0,0,0,43,73,0,0,0,3,1,3,0
1492-2,1,112,canteros,344,108,1,98,172,0,0,0,43,73,0,0,0,3,1,3,0
1492-2,1,113,canteros,344,108,1,95,157,0,0,0,27,57,0,0,0,3,1,7,0
1492-2,1,114,canteros,344,108,1,96,151,0,0,0,27,57,0,0,0,3,1,3,0
1492-2,1,115,canteros,352,108,1,95,150,0,0,0,27,57,0,0,0,3,1,3,0
1492-2,1,116,canteros,352,108,1,94,151,0,0,0,27,57,0,0,0,3,1,3,0
1492-2,1,117,canteros,352,108,1,99,152,0,0,0,27,57,0,0,0,3,1,2,0
1492-2,1,118,canteros,352,108,1,96,153,0,0,0,27,57,0,0,0,3,1,3,0
1492-2,1,119,canteros,352,108,1,94,144,0,0,0,16,46,0,0,0,3,1,3,0
1492-2,1,120,canteros,352,108,1,87,135,0,0,0,16,36,0,0,0,3,1,2,0
1492-2,1,121,canteros,352,108,1,86,127,0,0,0,16,36,0,0,0,3,1,2,0
1492-2,1,122,canteros,352,108,1,84,118,0,0,0,16,36,0,0,0,3,1,2,0
1492-2,1,123,canteros,353,112,1,95,110,0,0,0,16,36,0,0,0,3,1,3,0
1492-2,1,124,canteros,352,108,1,62,90,0,0,0,16,37,0,0,0,3,1,4,0
1492-2,1,125,canteros,352,108,1,86,77,0,0,0,21,41,0,0,0,3,1,6,0
1492-2,1,126,canteros,352,108,1,87,69,0,0,0,21,51,0,0,0,3,1,3,0
1492-2,1,127,canteros,360,108,1,94,65,0,0,0,21,51,0,0,0,3,1,3,0
1492-2,1,128,canteros,360,108,1,95,61,0,0,0,21,51,0,0,0,3,1,3,0
1492-2,1,129,canteros,360,108,1,92,57,0,0,0,21,51,0,0,0,3,1,3,0
1492-2,1,130,canteros,360,108,1,97,53,0,0,0,21,51,0,0,0,3,1,3,0
1492-2,1,131,canteros,360,108,1,105,71,0,0,0,43,73,0,0,0,3,1,3,0
1492-2,1,132,canteros,360,108,1,108,88,0,0,0,43,73,0,0,0,3,1,2,0
1492-2,1,133,canteros,360,108,1,113,107,0,0,0,43,73,0,0,0,3,1,2,0
1492-2,1,134,canteros,360,108,1,117,126,0,0,0,43,73,0,0,0,3,1,2,0
1492-2,1,135,canteros,361,112,1,105,145,0,0,0,43,73,0,0,0,3,1,4,0
1492-2,1,136,canteros,360,108,1,99,151,0,1,0,43,75,0,0,0,3,1,3,0
1492-2,1,137,canteros,360,108,1,94,139,0,1,0,27,57,0,0,0,3,1,7,0
1492-2,1,138,canteros,360,108,1,94,143,0,1,0,27,57,0,0,0,3,1,2,0
1492-2,1,139,canteros,368,108,1,97,146,0,1,0,27,57,0,0,0,3,1,2,0
1492-2,1,140,canteros,368,108,1,103,149,0,1,0,27,57,0,0,0,3,1,3,0
1492-2,1,141,canteros,368,108,1,111,151,0,1,0,27,57,0,0,0,3,1,2,0
1492-2,1,142,canteros,368,108,1,118,155,0,1,0,27,57,0,0,0,3,1,3,0
1492-2,1,143,canteros,368,108,1,136,146,0,1,0,16,46,0,0,0,3,1,3,0
1492-2,1,144,canteros,368,108,1,132,137,0,1,0,16,36,0,0,0,3,1,2,0
1492-2,1,145,canteros,368,108,1,132,131,0,1,0,16,36,0,0,0,3,1,3,0
1492-2,1,146,canteros,368,108,1,142,123,0,1,0,16,36,0,0,0,3,1,3,0
1492-2,1,147,canteros,369,112,1,149,116,0,1,0,16,36,0,0,0,3,1,3,0
1492-2,1,148,canteros,368,108,1,127,101,0,1,0,16,37,0,0,0,3,1,4,0
1492-2,1,149,canteros,368,108,1,121,88,0,1,0,21,41,0,0,0,3,1,9,0
1492-2,1,150,canteros,368,108,1,119,83,0,2,0,21,51,0,0,0,3,1,3,0
1492-2,1,151,canteros,376,108,1,130,83,0,1,0,21,51,0,0,0,3,1,4,0
1492-2,1,152,canteros,376,108,1,137,81,0,1,0,21,51,0,0,0,3,1,4,0
1492-2,1,153,canteros,376,108,1,135,76,0,2,0,21,51,0,0,0,3,1,3,0
1492-2,1,154,canteros,376,108,1,148,76,0,1,0,21,51,0,0,0,3,1,3,0
1492-2,1,155,canteros,376,108,1,153,96,0,1,0,43,73,0,0,0,3,1,4,0
1492-2,1,156,canteros,376,108,1,150,112,0,2,0,43,73,0,0,0,3,1,3,0
1492-2,1,157,canteros,376,108,1,161,130,0,3,0,43,73,0,0,0,3,1,3,0
1492-2,1,158,canteros,376,108,1,179,151,0,0,0,43,73,0,0,0,3,1,3,0
1492-2,1,159,canteros,377,112,1,155,169,0,0,0,43,73,0,0,0,3,1,4,0
1492-2,1,160,canteros,376,108,1,137,175,0,2,0,43,75,0,0,0,3,1,4,0
1492-2,1,161,canteros,376,108,1,196,155,0,4,0,27,57,0,0,0,3,1,6,0
1492-2,1,162,canteros,376,108,1,191,152,0,0,0,27,57,0,0,0,3,1,3,0
1492-2,1,163,canteros,384,108,1,211,153,0,0,0,27,57,0,0,0,3,1,3,0
1492-2,1,164,canteros,384,108,1,222,154,0,0,0,27,57,0,0,0,3,1,2,0
1492-2,1,165,canteros,384,108,1,228,157,0,0,0,27,57,0,0,0,3,1,3,0
1492-2,1,166,canteros,384,108,1,254,158,0,0,0,27,57,0,0,0,3,1,3,0
1492-2,1,167,canteros,384,108,1,282,147,0,0,0,16,46,0,0,0,3,1,2,0
1492-2,1,168,canteros,384,108,1,272,135,0,0,0,16,36,0,0,0,3,1,3,0
1492-2,1,169,canteros,384,108,1,283,124,0,0,0,13,33,0,0,0,3,1,3,0
1492-2,1,170,canteros,384,108,1,281,113,0,0,0,13,33,0,0,0,3,1,2,0
1492-2,1,171,canteros,384,108,1,279,106,0,0,0,13,33,0,0,0,3,1,3,0
1492-2,1,172,canteros,385,112,1,298,97,0,0,0,13,33,0,0,0,3,1,4,0
1492-2,1,173,canteros,384,108,1,236,84,0,0,0,21,42,0,0,0,3,1,4,0
1492-2,1,174,canteros,384,108,1,216,69,0,2,0,21,51,0,0,0,3,1,9,0
1492-2,1,175,canteros,384,108,1,240,66,0,2,0,21,51,0,0,0,3,1,2,0
1492-2,1,176,canteros,384,108,1,250,69,0,0,0,21,51,0,0,0,3,1,3,0
1492-2,1,177,canteros,384,108,1,231,68,0,0,0,21,51,0,0,0,3,1,4,0
1492-2,1,178,canteros,392,108,1,212,64,0,2,0,21,51,0,0,0,3,1,3,0
1492-2,1,179,canteros,392,108,1,231,93,0,2,0,50,80,0,0,0,3,1,3,0
1492-2,1,180,canteros,392,108,1,250,119,0,2,0,50,80,0,0,0,3,1,3,0
1492-2,1,181,canteros,392,108,1,256,144,0,2,0,50,80,0,0,0,3,1,2,0
1492-2,1,182,canteros,392,108,1,262,171,0,2,0,50,80,0,0,0,3,1,3,0
1492-2,1,183,canteros,392,108,1,312,194,0,2,0,50,80,0,0,0,3,1,2,0
1492-2,1,184,canteros,392,108,1,351,209,0,2,0,50,80,0,0,0,3,1,1,0
1492-2,1,185,canteros,392,108,1,375,201,0,2,0,27,57,0,0,0,3,1,2,0
1492-2,1,186,canteros,392,108,1,419,193,0,2,0,27,57,0,0,0,3,1,1,0
1492-2,1,187,canteros,393,112,1,453,186,0,2,0,27,57,0,0,0,3,1,3,0
1492-2,1,188,canteros,392,108,1,479,168,0,2,0,27,59,0,0,0,3,1,2,0
1492-2,1,189,canteros,392,108,1,503,151,0,2,0,27,57,0,0,0,3,1,7,0
1492-2,1,190,canteros,392,108,1,506,145,0,2,0,27,57,0,0,0,3,1,2,0
1492-2,1,191,canteros,392,108,1,514,136,0,2,0,13,43,0,0,0,3,1,3,0
1492-2,1,192,canteros,392,108,1,523,125,0,2,0,13,33,0,0,0,3,1,3,0
1492-2,1,193,canteros,392,108,1,519,117,0,2,0,16,36,0,0,0,3,1,2,0
1492-2,1,194,canteros,400,108,1,515,112,0,2,0,16,36,0,0,0,3,1,3,0
1492-2,1,195,canteros,400,108,1,526,104,0,2,0,16,36,0,0,0,3,1,3,0
1492-2,1,196,canteros,400,108,1,524,99,0,0,0,16,36,0,0,0,3,1,2,0
1492-2,1,197,canteros,400,108,1,483,100,0,0,0,21,41,0,0,0,3,1,4,0
1492-2,1,198,canteros,400,108,1,468,95,0,2,0,21,51,0,0,0,3,1,3,0
1492-2,1,199,canteros,400,108,1,487,95,0,2,0,21,51,0,0,0,3,1,3,0
1492-2,1,200,canteros,400,108,1,505,95,0,0,0,21,51,0,0,0,3,1,3,0
1492-2,1,1,ferrones,25,46,1,45,63,0,0,0,7,17,0,0,0,0,1,4,0
1492-2,1,2,ferrones,24,42,1,25,46,0,0,0,7,11,0,0,0,0,1,2,0
1492-2,1,3,ferrones,23,38,1,5,30,0,0,0,7,11,0,0,0,0,1,1,0
1492-2,1,4,ferrones,23,38,1,4,25,0,0,0,7,10,0,0,0,0,1,0,1
1492-2,1,5,ferrones,23,38,1,3,23,0,0,0,9,12,0,1,0,0,1,0,1
1492-2,1,6,ferrones,23,38,1,13,23,0,0,0,9,23,0,0,0,0,1,1,0
1492-2,1,7,ferrones,23,38,1,23,23,0,0,0,9,23,0,0,0,0,1,0,1
1492-2,1,8,ferrones,23,38,1,33,23,0,0,0,9,23,0,0,0,0,1,0,1
1492-2,1,9,ferrones,23,38,1,43,23,0,0,0,9,23,0,0,0,0,1,0,1
1492-2,1,10,ferrones,23,38,1,53,23,0,0,0,9,23,0,0,0,0,1,0,1
1492-2,1,11,ferrones,23,39,1,63,32,0,0,0,19,33,0,0,0,0,1,0,1
1492-2,1,12,ferrones,24,40,1,73,41,0,0,0,19,33,0,0,0,0,1,0,1
1492-2,1,13,ferrones,23,37,1,56,39,0,0,0,19,35,0,0,0,0,1,3,0
1492-2,1,14,ferrones,23,38,1,68,48,0,0,0,19,33,0,0,0,0,1,1,0
1492-2,1,15,ferrones,23,39,1,73,56,0,0,0,19,33,0,0,0,0,1,2,0
1492-2,1,16,ferrones,24,40,1,75,65,0,0,0,19,33,0,0,0,0,1,2,0
1492-2,1,17,ferrones,24,42,1,74,52,0,0,0,12,28,0,0,0,0,1,8,0
1492-2,1,18,ferrones,24,44,1,75,52,0,0,0,12,28,0,0,0,0,1,3,0
1492-2,1,19,ferrones,43,46,1,76,52,0,0,0,12,28,0,0,0,1,1,3,0
1492-2,1,20,ferrones,43,46,1,67,52,0,0,0,12,28,0,0,0,1,1,3,0
1492-2,1,21,ferrones,43,48,1,76,50,0,0,0,12,28,0,1,0,1,1,2,0
1492-2,1,22,ferrones,44,50,1,77,48,0,0,0,12,32,0,0,0,1,1,2,0
1492-2,1,23,ferrones,44,50,1,80,42,0,0,0,7,29,0,0,0,1,1,3,0
1492-2,1,24,ferrones,44,50,1,74,37,0,0,0,7,24,0,0,0,1,1,2,0
1492-2,1,25,ferrones,44,50,1,74,31,0,0,0,7,24,0,0,0,1,1,3,0
1492-2,1,26,ferrones,44,50,1,72,26,0,0,0,7,24,0,0,0,1,1,3,0
1492-2,1,27,ferrones,44,50,1,75,22,0,0,0,7,24,0,0,0,1,1,2,0
1492-2,1,28,ferrones,44,50,1,71,17,0,0,0,7,24,0,0,0,1,1,2,0
1492-2,1,29,ferrones,44,54,1,84,17,0,0,0,9,26,0,0,0,1,1,3,0
1492-2,1,30,ferrones,44,54,1,78,15,0,0,0,9,31,0,0,0,1,1,3,0
1492-2,1,31,ferrones,44,54,1,84,12,0,0,0,9,31,0,0,0,1,1,3,0
1492-2,1,32,ferrones,44,54,1,78,9,0,0,0,9,31,0,0,0,1,1,3,0
1492-2,1,33,ferrones,44,54,1,84,6,0,0,0,9,31,0,0,0,1,1,3,0
1492-2,1,34,ferrones,44,54,1,78,3,0,0,0,9,31,0,0,0,1,1,3,0
1492-2,1,35,ferrones,44,54,1,84,10,0,0,0,19,41,0,0,0,1,1,3,0
1492-2,1,36,ferrones,44,54,1,78,17,0,0,0,19,41,0,0,0,1,1,3,0
1492-2,1,37,ferrones,44,54,1,84,24,0,0,0,19,41,0,0,0,1,1,3,0
1492-2,1,38,ferrones,45,56,1,78,30,0,0,0,19,41,0,0,0,1,1,3,0
1492-2,1,39,ferrones,45,58,1,84,35,0,0,0,19,41,0,0,0,1,1,3,0
1492-2,1,40,ferrones,46,60,1,71,40,0,0,0,19,41,0,0,0,1,1,3,0
1492-2,1,41,ferrones,46,60,1,83,38,0,0,0,12,36,0,1,0,1,1,3,0
1492-2,1,42,ferrones,46,60,1,52,36,0,0,0,12,36,0,0,0,1,1,2,0
1492-2,1,43,ferrones,46,60,1,73,34,0,0,0,12,36,0,0,0,1,1,1,0
1492-2,1,44,ferrones,46,60,1,79,28,0,0,0,12,36,0,0,0,1,1,2,0
1492-2,1,45,ferrones,46,60,1,83,25,0,0,0,12,36,0,1,0,1,1,2,0
1492-2,1,46,ferrones,46,60,1,83,25,0,0,5,12,41,0,0,0,1,1,2,0
1492-2,1,47,ferrones,46,60,1,84,21,0,0,9,7,35,0,0,0,1,1,2,0
1492-2,1,48,ferrones,46,60,1,79,17,0,0,13,7,29,0,0,0,1,1,2,0
1492-2,1,49,ferrones,46,60,1,79,13,0,0,17,7,29,0,0,0,1,1,2,0
1492-2,1,50,ferrones,46,60,1,78,8,0,0,21,7,29,0,0,0,1,1,2,0
1492-2,1,51,ferrones,46,60,1,78,3,0,0,17,7,29,0,0,0,1,1,3,0
1492-2,1,52,ferrones,45,60,1,78,3,0,0,21,7,31,1,0,0,1,1,2,0
1492-2,1,53,ferrones,44,60,1,78,3,0,0,17,10,34,1,0,0,1,1,3,0
1492-2,1,54,ferrones,42,59,1,84,3,0,0,20,11,41,1,0,0,1,1,2,0
1492-2,1,55,ferrones,67,59,1,83,3,0,0,15,11,39,0,0,0,1,1,3,0
1492-2,1,56,ferrones,67,59,1,83,5,0,0,17,12,41,0,0,0,1,1,2,0
1492-2,1,57,ferrones,66,59,1,83,4,0,0,19,8,37,1,0,0,1,1,2,0
1492-2,1,58,ferrones,65,59,1,83,4,0,0,21,8,37,1,0,0,1,1,2,0
1492-2,1,59,ferrones,65,59,1,83,11,0,0,15,17,46,0,0,0,1,1,3,0
1492-2,1,60,ferrones,65,59,1,82,19,0,0,17,18,48,0,0,0,1,1,2,0
1492-2,1,61,ferrones,65,59,1,81,27,0,0,18,18,47,0,0,0,1,1,2,0
1492-2,1,62,ferrones,66,60,1,80,34,0,0,19,18,47,0,0,0,1,1,2,0
1492-2,1,63,ferrones,66,60,1,81,48,0,0,20,26,57,0,0,0,1,1,2,0
1492-2,1,64,ferrones,65,58,1,62,52,0,0,21,26,57,0,0,0,1,1,3,0
1492-2,1,65,ferrones,66,60,1,83,47,0,0,22,20,49,0,0,0,1,1,6,0
1492-2,1,66,ferrones,66,60,1,79,50,0,0,23,20,51,0,0,0,1,1,2,0
1492-2,1,67,ferrones,74,60,1,87,57,0,0,21,20,51,0,0,0,1,1,3,0
1492-2,1,68,ferrones,74,60,1,108,25,0,0,22,20,51,0,0,0,1,1,3,0
1492-2,1,69,ferrones,74,60,1,88,34,0,0,23,20,51,0,0,0,1,1,3,0
1492-2,1,70,ferrones,106,81,2,97,45,0,0,21,20,51,0,0,0,2,1,3,0
1492-2,1,71,ferrones,106,81,2,129,38,0,0,14,10,45,0,0,0,2,1,3,0
1492-2,1,72,ferrones,106,81,2,68,34,0,0,14,10,39,0,0,0,2,1,4,0
1492-2,1,73,ferrones,106,81,2,81,29,0,0,14,10,39,0,0,0,2,1,3,0
1492-2,1,74,ferrones,106,81,2,63,18,0,0,14,10,39,0,1,0,2,1,2,0
1492-2,1,75,ferrones,106,81,2,59,15,0,0,13,13,41,0,0,0,2,1,1,0
1492-2,1,76,ferrones,106,81,2,60,6,0,0,12,13,41,0,0,0,2,1,0,1
1492-2,1,77,ferrones,107,85,2,71,1,0,0,11,17,45,0,1,0,2,1,1,0
1492-2,1,78,ferrones,106,85,2,68,0,0,0,10,17,51,1,0,0,2,1,2,0
1492-2,1,79,ferrones,105,85,2,73,2,0,0,9,17,51,1,0,0,2,1,2,0
1492-2,1,80,ferrones,103,83,2,71,1,0,0,8,17,51,1,0,0,2,1,3,0
1492-2,1,81,ferrones,102,81,2,72,2,0,0,7,16,47,1,0,0,2,1,2,0
1492-2,1,82,ferrones,100,79,2,72,2,0,0,6,16,46,1,0,0,2,1,2,0
1492-2,1,83,ferrones,100,79,2,72,17,0,0,5,32,62,0,0,0,2,1,2,0
1492-2,1,84,ferrones,101,80,2,72,32,0,0,4,33,63,0,0,0,2,1,2,0
1492-2,1,85,ferrones,101,81,2,72,46,0,0,3,33,63,0,0,0,2,1,2,0
1492-2,1,86,ferrones,101,82,2,73,59,0,0,2,33,64,0,0,0,2,1,2,0
1492-2,1,87,ferrones,101,81,2,54,62,0,0,1,33,64,0,0,0,2,1,3,0
1492-2,1,88,ferrones,101,83,2,63,74,0,0,0,33,62,0,0,0,2,1,1,0
1492-2,1,89,ferrones,101,83,2,71,59,0,0,2,20,50,0,0,0,2,1,5,0
1492-2,1,90,ferrones,101,84,2,69,58,0,0,0,21,51,0,0,0,2,1,2,0
1492-2,1,91,ferrones,110,85,2,75,58,0,0,2,21,51,0,0,0,2,1,2,0
1492-2,1,92,ferrones,110,86,2,69,57,0,0,0,21,51,0,0,0,2,1,2,0
1492-2,1,93,ferrones,110,87,2,76,58,0,0,2,21,51,0,0,0,2,1,2,0
1492-2,1,94,ferrones,110,87,2,70,57,0,0,0,21,51,0,0,0,2,1,2,0
1492-2,1,95,ferrones,110,87,2,72,51,0,0,2,13,43,0,0,0,2,1,2,0
1492-2,1,96,ferrones,110,87,2,67,44,0,0,0,13,37,0,0,0,2,1,2,0
1492-2,1,97,ferrones,110,87,2,67,37,0,0,2,13,37,0,0,0,2,1,2,0
1492-2,1,98,ferrones,110,87,2,65,29,0,0,0,13,37,0,0,0,2,1,2,0
1492-2,1,99,ferrones,110,87,2,63,22,0,0,2,13,37,0,0,0,2,1,2,0
1492-2,1,100,ferrones,110,87,2,66,15,0,0,0,13,37,0,0,0,2,1,2,0
1492-2,1,101,ferrones,111,91,2,74,12,0,0,2,18,43,0,0,0,2,1,3,0
1492-2,1,102,ferrones,111,91,2,74,9,0,0,0,18,49,0,0,0,2,1,2,0
1492-2,1,103,ferrones,111,91,2,76,7,0,0,2,18,49,0,0,0,2,1,2,0
1492-2,1,104,ferrones,111,91,2,73,5,0,0,0,18,48,0,0,0,2,1,2,0
1492-2,1,105,ferrones,111,91,2,76,4,0,0,1,18,48,0,0,0,2,1,2,0
1492-2,1,106,ferrones,111,91,2,72,2,0,0,2,18,48,0,0,0,2,1,2,0
1492-2,1,107,ferrones,111,91,2,75,11,0,0,0,28,58,0,0,0,2,1,2,0
1492-2,1,108,ferrones,111,91,2,71,19,0,0,1,28,58,0,0,0,2,1,2,0
1492-2,1,109,ferrones,111,91,2,74,27,0,0,0,28,58,0,0,0,2,1,2,0
1492-2,1,110,ferrones,111,92,2,75,34,0,0,1,28,58,0,0,0,2,1,2,0
1492-2,1,111,ferrones,111,93,2,71,40,0,0,0,28,58,0,0,0,2,1,2,0
1492-2,1,112,ferrones,111,94,2,74,47,0,0,1,28,58,0,0,0,2,1,2,0
1492-2,1,113,ferrones,111,94,2,77,46,0,0,0,21,53,0,0,0,2,1,2,0
1492-2,1,114,ferrones,111,94,2,75,45,0,0,1,21,53,0,0,0,2,1,2,0
1492-2,1,115,ferrones,111,94,2,75,45,0,0,0,21,53,0,0,0,2,1,2,0
1492-2,1,116,ferrones,111,94,2,75,45,0,0,1,21,53,0,0,0,2,1,2,0
1492-2,1,117,ferrones,111,94,2,75,45,0,0,0,21,53,0,0,0,2,1,2,0
1492-2,1,118,ferrones,111,94,2,76,45,0,0,1,21,53,0,0,0,2,1,2,0
1492-2,1,119,ferrones,111,94,2,77,36,0,0,0,12,44,0,0,0,2,1,2,0
1492-2,1,120,ferrones,111,94,2,72,27,0,0,1,12,38,0,0,0,2,1,2,0
1492-2,1,121,ferrones,111,94,2,72,19,0,0,0,12,38,0,0,0,2,1,2,0
1492-2,1,122,ferrones,111,94,2,70,10,0,0,1,12,38,0,0,0,2,1,2,0
1492-2,1,123,ferrones,110,94,2,68,2,0,0,0,12,38,1,0,0,2,1,2,0
1492-2,1,124,ferrones,109,94,2,71,2,0,0,1,12,38,1,0,0,2,1,2,0
1492-2,1,125,ferrones,108,92,2,67,1,0,0,0,17,43,1,0,0,2,1,2,0
1492-2,1,126,ferrones,107,90,2,74,2,0,0,1,17,47,1,0,0,2,1,2,0
1492-2,1,127,ferrones,105,88,2,74,1,0,0,0,17,47,1,0,0,2,1,2,0
1492-2,1,128,ferrones,104,86,2,76,2,0,0,1,16,46,1,0,0,2,1,2,0
1492-2,1,129,ferrones,102,84,2,73,2,0,0,0,16,46,1,0,0,2,1,2,0
1492-2,1,130,ferrones,101,82,2,74,3,0,0,1,14,41,1,0,0,2,1,3,0
1492-2,1,131,ferrones,101,82,2,73,14,0,0,0,29,55,0,0,0,2,1,3,0
1492-2,1,132,ferrones,101,82,2,66,25,0,0,1,29,48,0,0,0,2,1,2,0
1492-2,1,133,ferrones,102,85,2,64,35,0,0,0,29,48,0,0,0,2,1,2,0
1492-2,1,134,ferrones,102,86,2,66,43,0,0,1,29,49,0,0,0,2,1,1,0
1492-2,1,135,ferrones,102,87,2,62,53,0,0,0,33,54,0,0,0,2,1,2,0
1492-2,1,136,ferrones,102,88,2,64,64,0,0,1,33,54,0,0,0,2,1,1,0
1492-2,1,137,ferrones,101,84,2,45,49,0,0,0,19,40,0,0,0,2,1,1,0
1492-2,1,138,ferrones,101,84,2,45,33,0,0,1,19,39,0,0,0,2,1,5,0
1492-2,1,139,ferrones,101,84,2,45,30,0,0,0,19,39,0,0,0,2,1,0,1
1492-2,1,140,ferrones,109,84,2,45,27,0,0,1,19,39,0,0,0,2,1,0,1
1492-2,1,141,ferrones,109,84,2,45,24,0,0,0,19,39,0,0,0,2,1,0,1
1492-2,1,142,ferrones,109,84,2,45,23,0,0,1,20,40,0,0,0,2,1,0,1
1492-2,1,143,ferrones,109,84,2,45,14,0,0,0,12,32,0,0,0,2,1,0,1
1492-2,1,144,ferrones,109,84,2,45,5,0,0,1,12,32,0,0,0,2,1,0,1
1492-2,1,145,ferrones,108,84,2,45,0,0,0,0,12,32,1,0,0,2,1,1,0
1492-2,1,146,ferrones,107,84,2,46,0,0,0,1,12,33,1,0,0,2,1,0,1
1492-2,1,147,ferrones,106,82,2,47,0,0,0,0,12,33,1,0,0,2,1,0,1
1492-2,1,148,ferrones,105,80,2,48,0,0,0,1,12,33,1,0,0,2,1,0,1
1492-2,1,149,ferrones,103,78,2,49,0,0,0,0,16,37,1,0,0,2,1,0,1
1492-2,1,150,ferrones,103,80,2,64,0,0,0,1,15,40,1,0,0,2,1,2,0
1492-2,1,151,ferrones,101,78,2,68,0,0,0,0,15,39,1,0,0,2,1,1,0
1492-2,1,152,ferrones,100,76,2,66,0,0,0,0,15,40,1,0,0,2,1,2,0
1492-2,1,153,ferrones,98,74,2,65,1,0,0,0,13,37,1,0,0,2,1,2,0
1492-2,1,154,ferrones,97,72,2,64,1,0,0,0,13,37,1,0,0,2,1,2,0
1492-2,1,155,ferrones,97,72,2,68,11,0,0,0,27,51,0,0,0,2,1,2,0
1492-2,1,156,ferrones,97,72,2,62,20,0,0,0,27,47,0,0,0,2,1,2,0
1492-2,1,157,ferrones,65,52,1,62,29,0,0,0,22,41,0,0,0,2,1,1,0
1492-2,1,158,ferrones,65,54,1,70,37,0,0,0,22,41,0,0,0,2,1,0,1
1492-2,1,159,ferrones,66,56,1,68,47,0,0,0,24,44,0,0,0,2,1,2,0
1492-2,1,160,ferrones,65,54,1,54,48,0,0,0,24,44,0,0,0,2,1,3,0
1492-2,1,161,ferrones,66,56,1,63,36,0,0,0,15,35,0,0,0,2,1,6,0
1492-2,1,162,ferrones,66,58,1,71,36,0,0,0,15,35,0,0,0,2,1,0,1
1492-2,1,163,ferrones,75,60,1,69,36,0,0,0,15,35,0,0,0,2,1,2,0
1492-2,1,164,ferrones,75,60,1,76,37,0,0,0,15,36,0,0,0,2,1,2,0
1492-2,1,165,ferrones,75,60,1,71,37,0,0,0,15,36,0,0,0,2,1,2,0
1492-2,1,166,ferrones,75,60,1,74,39,0,0,0,15,36,0,0,0,2,1,2,0
1492-2,1,167,ferrones,75,60,1,76,34,0,0,0,9,30,0,0,0,2,1,2,0
1492-2,1,168,ferrones,75,60,1,73,29,0,0,0,9,30,0,0,0,2,1,2,0
1492-2,1,169,ferrones,75,60,1,76,26,0,0,0,9,30,0,0,0,2,1,2,0
1492-2,1,170,ferrones,75,60,1,73,22,0,0,0,9,30,0,0,0,2,1,2,0
1492-2,1,171,ferrones,75,60,1,76,19,0,0,0,9,30,0,0,0,2,1,2,0
1492-2,1,172,ferrones,75,60,1,72,15,0,0,0,9,30,0,0,0,2,1,2,0
1492-2,1,173,ferrones,75,64,1,85,15,0,0,0,12,33,0,0,0,2,1,3,0
1492-2,1,174,ferrones,75,64,1,80,13,0,0,0,12,37,0,0,0,2,1,2,0
1492-2,1,175,ferrones,75,64,1,78,13,0,0,0,12,37,0,0,0,2,1,2,0
1492-2,1,176,ferrones,75,64,1,81,13,0,0,0,12,37,0,0,0,2,1,2,0
1492-2,1,177,ferrones,75,64,1,78,12,0,0,0,12,37,0,0,0,2,1,2,0
1492-2,1,178,ferrones,75,64,1,81,12,0,0,0,12,37,0,0,0,2,1,2,0
1492-2,1,179,ferrones,75,64,1,79,19,0,0,0,20,45,0,0,0,2,1,2,0
1492-2,1,180,ferrones,75,64,1,84,27,0,0,0,20,45,0,0,0,2,1,2,0
1492-2,1,181,ferrones,75,64,1,82,33,0,0,0,20,45,0,0,0,2,1,2,0
1492-2,1,182,ferrones,75,64,1,81,40,0,0,0,20,45,0,0,0,2,1,2,0
1492-2,1,183,ferrones,75,64,1,80,47,0,0,0,20,45,0,0,0,2,1,2,0
1492-2,1,184,ferrones,75,60,1,59,44,0,0,0,20,45,0,0,0,2,1,3,0
1492-2,1,185,ferrones,75,60,1,78,34,0,0,0,15,40,0,0,0,2,1,6,0
1492-2,1,186,ferrones,75,60,1,76,33,0,0,0,15,40,0,0,0,2,1,2,0
1492-2,1,187,ferrones,83,60,1,78,35,0,0,0,15,40,0,0,0,2,1,2,0
1492-2,1,188,ferrones,83,60,1,80,37,0,0,0,15,40,0,0,0,2,1,2,0
1492-2,1,189,ferrones,83,60,1,77,39,0,0,0,15,40,0,0,0,2,1,2,0
1492-2,1,190,ferrones,83,60,1,80,42,0,0,0,15,40,0,0,0,2,1,2,0
1492-2,1,191,ferrones,83,60,1,77,38,0,0,0,9,34,0,0,0,2,1,2,0
1492-2,1,192,ferrones,83,60,1,76,35,0,0,0,9,30,0,0,0,2,1,2,0
1492-2,1,193,ferrones,83,60,1,74,31,0,0,0,9,30,0,0,0,2,1,2,0
1492-2,1,194,ferrones,83,60,1,77,27,0,0,0,9,30,0,0,0,2,1,2,0
1492-2,1,195,ferrones,83,60,1,74,23,0,0,0,9,30,0,0,0,2,1,2,0
1492-2,1,196,ferrones,83,60,1,78,20,0,0,0,9,30,0,0,0,2,1,2,0
1492-2,1,197,ferrones,83,64,1,85,19,0,0,0,12,33,0,0,0,2,1,3,0
1492-2,1,198,ferrones,83,64,1,83,18,0,0,0,12,37,0,0,0,2,1,2,0
1492-2,1,199,ferrones,83,64,1,82,18,0,0,0,12,37,0,0,0,2,1,2,0
1492-2,1,200,ferrones,83,64,1,81,18,0,0,0,12,37,0,0,0,2,1,2,0
1492-2,1,1,hortelanos,33,86,1,34,76,0,0,0,31,49,0,0,0,0,1,4,0
1492-2,1,2,hortelanos,32,82,1,18,62,0,0,0,31,39,0,0,0,0,1,7,0
1492-2,1,3,hortelanos,100,82,1,22,69,0,0,0,31,39,0,0,0,1,1,0,1
1492-2,1,4,hortelanos,99,78,1,6,66,0,0,0,31,39,0,0,0,1,1,1,0
1492-2,1,5,hortelanos,99,78,1,9,79,0,0,0,37,44,0,1,0,1,1,0,1
1492-2,1,6,hortelanos,99,78,1,27,86,0,0,0,37,59,0,0,0,1,1,6,0
1492-2,1,7,hortelanos,172,78,1,45,100,0,0,0,37,59,0,0,0,2,1,0,1
1492-2,1,8,hortelanos,172,78,1,63,114,0,0,0,37,59,0,0,0,2,1,0,1
1492-2,1,9,hortelanos,172,78,1,81,127,0,0,0,37,59,0,0,0,2,1,0,1
1492-2,1,10,hortelanos,172,78,1,84,131,0,0,0,37,59,0,0,0,2,1,7,0
1492-2,1,11,hortelanos,180,78,1,85,167,0,0,0,61,83,0,0,0,2,1,2,0
1492-2,1,12,hortelanos,180,78,1,88,194,0,0,0,61,83,0,0,0,2,1,3,0
1492-2,1,13,hortelanos,180,78,1,105,220,0,0,0,61,83,0,0,0,2,1,3,0
1492-2,1,14,hortelanos,180,78,1,114,246,0,0,0,61,83,0,0,0,2,1,3,0
1492-2,1,15,hortelanos,180,78,1,123,271,0,0,0,61,83,0,0,0,2,1,3,0
1492-2,1,16,hortelanos,180,78,1,120,295,0,0,0,61,83,0,0,0,2,1,3,0
1492-2,1,17,hortelanos,180,78,1,102,285,0,0,0,43,65,0,0,0,2,1,13,0
1492-2,1,18,hortelanos,180,78,1,97,291,0,0,0,43,65,0,0,0,2,1,3,0
1492-2,1,19,hortelanos,188,78,1,103,296,0,0,0,43,65,0,1,0,2,1,3,0
1492-2,1,20,hortelanos,188,78,1,105,303,0,0,0,43,65,0,0,0,2,1,3,0
1492-2,1,21,hortelanos,188,78,1,135,297,0,0,0,43,65,0,0,0,2,1,8,0
1492-2,1,22,hortelanos,188,78,1,102,306,0,0,0,43,65,0,0,0,2,1,3,0
1492-2,1,23,hortelanos,188,78,1,106,311,0,0,0,43,65,0,0,0,2,1,3,0
1492-2,1,24,hortelanos,188,78,1,100,316,0,0,0,43,58,0,0,0,2,1,3,0
1492-2,1,25,hortelanos,189,82,1,104,322,0,0,0,43,58,0,0,0,2,1,4,0
1492-2,1,26,hortelanos,188,78,1,80,302,0,0,0,43,59,0,0,0,2,1,9,0
1492-2,1,27,hortelanos,188,78,1,94,291,0,0,0,43,58,0,0,0,2,1,8,0
1492-2,1,28,hortelanos,188,78,1,96,296,0,0,0,43,58,0,0,0,2,1,3,0
1492-2,1,29,hortelanos,196,78,1,98,301,0,0,0,43,58,0,0,0,2,1,3,0
1492-2,1,30,hortelanos,196,78,1,107,293,0,0,0,43,65,0,0,0,2,1,8,0
1492-2,1,31,hortelanos,196,78,1,106,299,0,0,0,43,65,0,0,0,2,1,3,0
1492-2,1,32,hortelanos,196,78,1,106,305,0,0,0,43,65,0,0,0,2,1,3,0
1492-2,1,33,hortelanos,196,78,1,107,299,0,0,0,43,65,0,0,0,2,1,8,0
1492-2,1,34,hortelanos,204,78,1,108,305,0,0,0,43,65,0,0,0,2,1,3,0
1492-2,1,35,hortelanos,204,78,1,109,310,0,0,0,43,65,0,0,0,2,1,3,0
1492-2,1,36,hortelanos,204,78,1,109,315,0,0,0,43,65,0,0,0,2,1,3,0
1492-2,1,37,hortelanos,204,78,1,109,320,0,0,0,43,65,0,0,0,2,1,3,0
1492-2,1,38,hortelanos,204,78,1,109,325,0,0,0,43,65,0,0,0,2,1,3,0
1492-2,1,39,hortelanos,204,78,1,109,330,0,0,0,43,65,0,0,0,2,1,3,0
1492-2,1,40,hortelanos,205,82,1,120,341,0,0,0,43,65,0,0,0,2,1,4,0
1492-2,1,41,hortelanos,204,78,1,83,336,0,0,0,43,67,0,0,0,2,1,4,0
1492-2,1,42,hortelanos,204,78,1,105,313,0,0,0,43,65,0,0,0,2,1,13,0
1492-2,1,43,hortelanos,204,78,1,76,280,0,0,0,43,65,0,0,0,2,1,4,0
1492-2,1,44,hortelanos,212,78,1,109,283,0,0,0,43,65,0,0,0,2,1,3,0
1492-2,1,45,hortelanos,250,125,2,107,289,0,0,0,43,65,0,0,0,3,1,3,0
1492-2,1,46,hortelanos,250,127,2,96,283,0,0,0,43,73,0,0,0,3,1,4,0
1492-2,1,47,hortelanos,250,129,2,89,265,0,0,0,43,73,0,0,0,3,1,9,0
1492-2,1,48,hortelanos,251,131,2,95,256,0,0,0,43,68,0,1,0,3,1,4,0
1492-2,1,49,hortelanos,251,133,2,91,258,0,0,0,52,77,0,1,0,3,1,3,0
1492-2,1,50,hortelanos,252,135,2,97,256,0,0,0,61,86,0,0,0,3,1,9,0
1492-2,1,51,hortelanos,252,137,2,94,252,0,0,0,61,86,0,0,0,3,1,9,0
1492-2,1,52,hortelanos,260,139,2,98,258,0,0,0,61,86,0,2,0,3,1,3,0
1492-2,1,53,hortelanos,261,142,2,94,268,0,0,0,61,88,0,0,0,3,1,3,0
1492-2,1,54,hortelanos,262,145,2,107,275,0,0,0,61,95,0,1,0,3,1,3,0
1492-2,1,55,hortelanos,262,148,2,121,282,0,0,0,61,98,0,0,0,3,1,3,0
1492-2,1,56,hortelanos,263,151,2,126,266,0,0,0,61,100,0,0,0,3,1,13,0
1492-2,1,57,hortelanos,271,154,2,80,235,0,0,0,61,100,0,0,0,3,1,6,0
1492-2,1,58,hortelanos,272,157,2,117,252,0,1,0,73,112,0,0,0,3,1,3,0
1492-2,1,59,hortelanos,321,212,3,123,269,0,1,0,73,112,0,0,0,4,1,3,0
1492-2,1,60,hortelanos,322,218,3,106,264,0,0,0,73,124,0,0,0,4,1,11,0
1492-2,1,61,hortelanos,331,224,3,121,265,0,1,0,73,124,0,1,0,4,1,5,0
1492-2,1,62,hortelanos,332,226,3,105,280,0,1,0,88,141,0,1,0,4,1,6,0
1492-2,1,63,hortelanos,332,228,3,131,307,0,2,0,103,156,0,1,0,4,1,5,0
1492-2,1,64,hortelanos,332,228,3,144,352,0,2,0,118,173,0,0,0,4,1,4,0
1492-2,1,65,hortelanos,332,228,3,97,343,0,2,0,101,156,0,0,0,4,1,4,0
1492-2,1,66,hortelanos,332,228,3,126,365,0,2,0,101,156,0,0,0,4,1,3,0
1492-2,1,67,hortelanos,349,274,4,132,393,0,2,0,101,156,0,0,0,4,1,4,0
1492-2,1,68,hortelanos,349,272,4,81,358,0,2,0,101,164,0,0,0,4,1,7,0
1492-2,1,69,hortelanos,349,274,4,104,361,0,2,0,101,164,0,1,0,4,1,9,0
1492-2,1,70,hortelanos,369,333,5,80,343,0,2,0,105,168,0,1,0,4,1,6,0
1492-2,1,71,hortelanos,378,337,5,119,342,0,2,0,98,171,0,0,0,4,1,4,0
1492-2,1,72,hortelanos,393,371,6,111,343,0,2,0,98,166,0,0,0,4,1,4,0
1492-2,1,73,hortelanos,393,374,6,86,296,0,2,0,98,174,0,0,0,4,1,7,0
1492-2,1,74,hortelanos,394,377,6,111,287,0,2,0,98,174,0,0,0,4,1,4,0
1492-2,1,75,hortelanos,409,412,7,99,275,0,2,0,98,174,0,1,0,4,1,4,0
1492-2,1,76,hortelanos,409,412,7,111,258,0,2,0,98,180,0,0,0,4,1,7,0
1492-2,1,77,hortelanos,410,416,7,112,241,0,2,0,104,186,0,1,0,4,1,9,0
1492-2,1,78,hortelanos,411,420,7,106,236,0,2,0,107,196,0,0,0,4,1,4,0
1492-2,1,79,hortelanos,419,422,7,117,228,0,2,0,107,198,0,1,0,4,1,5,0
1492-2,1,80,hortelanos,419,424,7,138,224,0,2,0,110,201,0,0,0,4,1,4,0
1492-2,1,81,hortelanos,420,426,7,118,220,0,2,0,110,201,0,0,0,4,1,4,0
1492-2,1,82,hortelanos,420,429,7,137,220,0,2,0,110,203,0,0,0,4,1,3,0
1492-2,1,83,hortelanos,421,432,7,145,239,0,2,0,133,226,0,1,0,4,1,5,0
1492-2,1,84,hortelanos,423,440,7,171,255,0,2,0,133,228,0,0,0,4,1,5,0
1492-2,1,85,hortelanos,423,440,7,151,259,0,2,0,133,228,0,0,0,4,1,5,0
1492-2,1,86,hortelanos,423,444,7,166,259,0,0,0,133,228,0,1,0,4,1,10,0
1492-2,1,87,hortelanos,424,448,7,143,273,0,0,0,136,235,0,0,0,4,1,6,0
1492-2,1,88,hortelanos,425,452,7,136,283,0,2,0,136,227,0,0,0,4,1,4,0
1492-2,1,89,hortelanos,426,456,7,180,277,0,4,0,119,210,0,1,0,4,1,4,0
1492-2,1,90,hortelanos,435,460,7,209,279,0,4,0,123,214,0,0,0,4,1,3,0
1492-2,1,91,hortelanos,435,464,7,188,280,0,4,0,123,214,0,0,0,4,1,4,0
1492-2,1,92,hortelanos,435,464,7,203,280,0,4,0,123,218,0,0,0,4,1,4,0
1492-2,1,93,hortelanos,435,464,7,236,278,0,4,0,123,218,0,1,0,4,1,4,0
1492-2,1,94,hortelanos,435,464,7,269,281,0,4,0,126,221,0,0,0,4,1,4,0
1492-2,1,95,hortelanos,435,464,7,256,272,0,4,0,114,213,0,0,0,4,1,3,0
1492-2,1,96,hortelanos,435,464,7,225,252,0,4,0,114,206,0,0,0,4,1,9,0
1492-2,1,97,hortelanos,443,464,7,234,243,0,4,0,114,206,0,0,0,4,1,6,0
1492-2,1,98,hortelanos,443,464,7,250,231,0,4,0,114,206,0,0,0,4,1,4,0
1492-2,1,99,hortelanos,443,464,7,265,219,0,4,0,114,206,0,1,0,4,1,4,0
1492-2,1,100,hortelanos,443,464,7,213,210,0,4,0,114,206,0,0,0,4,1,4,0
1492-2,1,101,hortelanos,443,464,7,229,205,0,4,0,120,212,0,0,0,4,1,6,0
1492-2,1,102,hortelanos,443,464,7,273,200,0,4,0,120,219,0,1,0,4,1,3,0
1492-2,1,103,hortelanos,443,464,7,301,205,0,4,0,125,224,0,0,0,4,1,3,0
1492-2,1,104,hortelanos,443,464,7,268,208,0,4,0,125,224,0,1,0,4,1,5,0
1492-2,1,105,hortelanos,443,464,7,291,210,0,4,0,125,224,0,0,0,4,1,5,0
1492-2,1,106,hortelanos,443,464,7,314,212,0,4,0,125,224,0,0,0,4,1,4,0
1492-2,1,107,hortelanos,443,464,7,337,222,0,4,0,134,233,0,0,0,4,1,4,0
1492-2,1,108,hortelanos,443,464,7,310,232,0,4,0,134,233,0,0,0,4,1,4,0
1492-2,1,109,hortelanos,443,464,7,354,241,0,4,0,134,233,0,0,0,4,1,3,0
1492-2,1,110,hortelanos,443,464,7,381,242,0,3,0,134,233,0,0,0,4,1,8,0
1492-2,1,111,hortelanos,451,464,7,418,252,0,3,0,134,233,0,1,0,4,1,5,0
1492-2,1,112,hortelanos,451,464,7,455,276,0,3,0,147,246,0,0,0,4,1,3,0
1492-2,1,113,hortelanos,451,464,7,492,292,0,3,0,140,239,0,0,0,4,1,3,0
1492-2,1,114,hortelanos,451,464,7,481,269,0,3,0,140,239,0,0,0,4,1,4,0
1492-2,1,115,hortelanos,451,464,7,467,272,0,3,0,140,239,0,1,0,4,1,9,0
1492-2,1,116,hortelanos,467,500,8,503,293,0,3,0,145,244,0,0,0,4,1,4,0
1492-2,1,117,hortelanos,475,501,8,534,305,0,3,0,145,250,0,0,0,4,1,4,0
1492-2,1,118,hortelanos,475,502,8,519,278,0,3,0,145,250,0,0,0,4,1,4,0
1492-2,1,119,hortelanos,475,503,8,502,274,0,3,0,130,235,0,0,0,4,1,5,0
1492-2,1,120,hortelanos,490,538,9,528,270,0,3,0,130,228,0,1,0,4,1,4,0
1492-2,1,121,hortelanos,491,540,9,547,268,0,3,0,139,243,0,0,0,4,1,4,0
1492-2,1,122,hortelanos,491,543,9,500,266,0,3,0,139,245,0,0,0,4,1,4,0
1492-2,1,123,hortelanos,492,546,9,490,223,0,3,0,139,245,0,0,0,4,1,5,0
1492-2,1,124,hortelanos,492,549,9,510,220,0,3,0,139,245,0,1,0,4,1,4,0
1492-2,1,125,hortelanos,510,599,10,520,235,0,3,0,157,263,0,0,0,4,1,3,0
1492-2,1,126,hortelanos,512,605,10,523,236,0,3,0,157,280,0,1,0,4,1,6,0
1492-2,1,127,hortelanos,514,615,10,495,236,0,3,0,157,282,0,0,0,4,1,6,0
1492-2,1,128,hortelanos,515,621,10,509,232,0,3,0,157,284,0,0,0,4,1,5,0
1492-2,1,129,hortelanos,515,623,10,505,226,0,3,0,157,284,0,0,0,4,1,5,0
1492-2,1,130,hortelanos,516,629,10,517,218,0,3,0,157,278,0,1,0,4,1,5,0
1492-2,1,131,hortelanos,518,635,10,500,243,0,3,0,191,312,0,0,0,4,1,3,0
1492-2,1,132,hortelanos,518,639,10,529,269,0,3,0,191,315,0,0,0,4,1,3,0
1492-2,1,133,hortelanos,519,642,10,540,293,0,3,0,191,315,0,0,0,4,1,3,0
1492-2,1,134,hortelanos,519,644,10,571,314,0,3,0,191,317,0,1,0,4,1,4,0
1492-2,1,135,hortelanos,520,646,10,601,339,0,3,0,195,321,0,0,0,4,1,3,0
1492-2,1,136,hortelanos,519,644,10,571,315,0,3,0,195,321,0,0,0,4,1,5,0
1492-2,1,137,hortelanos,519,644,10,583,310,0,3,0,166,293,0,1,0,4,1,4,0
1492-2,1,138,hortelanos,532,669,11,601,304,0,3,0,166,293,0,0,0,4,1,4,0
1492-2,1,139,hortelanos,532,669,11,612,292,0,3,0,166,297,0,0,0,4,1,6,0
1492-2,1,140,hortelanos,532,669,11,601,281,0,3,0,166,289,0,0,0,4,1,4,0
1492-2,1,141,hortelanos,532,669,11,608,268,0,3,0,166,289,0,1,0,4,1,5,0
1492-2,1,142,hortelanos,533,670,11,636,261,0,3,0,169,292,0,0,0,4,1,4,0
1492-2,1,143,hortelanos,533,670,11,662,248,0,3,0,160,287,0,0,0,4,1,3,0
1492-2,1,144,hortelanos,533,670,11,613,236,0,3,0,160,280,0,0,0,4,1,5,0
1492-2,1,145,hortelanos,533,670,11,631,223,0,3,0,161,281,0,0,0,4,1,5,0
1492-2,1,146,hortelanos,533,670,11,649,211,0,3,0,161,281,0,1,0,4,1,3,0
1492-2,1,147,hortelanos,533,670,11,667,205,0,3,0,165,285,0,0,0,4,1,3,0
1492-2,1,148,hortelanos,533,670,11,625,199,0,3,0,165,285,0,0,0,4,1,4,0
1492-2,1,149,hortelanos,533,671,11,626,199,0,3,0,173,297,0,0,0,4,1,6,0
1492-2,1,150,hortelanos,533,672,11,640,196,0,3,0,173,304,0,1,0,4,1,4,0
1492-2,1,151,hortelanos,533,673,11,655,194,0,3,0,173,304,0,0,0,4,1,5,0
1492-2,1,152,hortelanos,533,674,11,597,222,0,3,0,204,335,0,0,0,4,1,4,0
1492-2,1,153,hortelanos,534,675,11,579,209,0,3,0,204,337,0,1,0,4,1,6,0
1492-2,1,154,hortelanos,534,676,11,612,240,0,3,0,207,340,0,0,0,4,1,4,0
1492-2,1,155,hortelanos,553,734,12,638,306,0,3,0,243,376,0,0,0,4,1,3,0
1492-2,1,156,hortelanos,554,737,12,644,356,0,3,0,243,386,0,0,0,4,1,4,0
1492-2,1,157,hortelanos,554,739,12,667,401,0,3,0,243,386,0,1,0,4,1,4,0
1492-2,1,158,hortelanos,555,740,12,662,408,0,1,0,255,400,0,0,0,4,1,9,0
1492-2,1,159,hortelanos,555,741,12,673,461,0,1,0,255,400,0,0,0,4,1,4,0
1492-2,1,160,hortelanos,569,773,13,675,509,0,2,0,255,400,0,0,0,4,1,4,0
1492-2,1,161,hortelanos,570,775,13,704,522,0,3,0,228,379,0,1,0,4,1,5,0
1492-2,1,162,hortelanos,578,777,13,675,552,0,3,0,241,392,0,0,0,4,1,4,0
1492-2,1,163,hortelanos,579,780,13,658,541,0,3,0,241,394,0,0,0,4,1,4,0
1492-2,1,164,hortelanos,579,783,13,611,566,0,3,0,241,394,0,1,0,4,1,6,0
1492-2,1,165,hortelanos,596,828,14,619,589,0,3,0,241,394,0,0,0,4,1,5,0
1492-2,1,166,hortelanos,597,833,14,591,561,0,3,0,241,402,0,0,0,4,1,6,0
1492-2,1,167,hortelanos,598,838,14,525,554,0,3,0,223,384,0,0,0,4,1,5,0
1492-2,1,168,hortelanos,620,908,15,522,533,0,3,0,223,379,0,0,0,4,1,11,0
1492-2,1,169,hortelanos,620,908,15,541,507,0,3,0,223,393,0,1,0,4,1,4,0
1492-2,1,170,hortelanos,620,908,15,504,490,0,3,0,226,396,0,0,0,4,1,4,0
1492-2,1,171,hortelanos,620,908,15,499,474,0,3,0,226,396,0,0,0,4,1,4,0
1492-2,1,172,hortelanos,620,908,15,512,457,0,3,0,226,396,0,0,0,4,1,4,0
1492-2,1,173,hortelanos,629,913,15,525,449,0,3,0,235,405,0,1,0,4,1,3,0
1492-2,1,174,hortelanos,630,918,15,485,446,0,3,0,239,416,0,0,0,4,1,4,0
1492-2,1,175,hortelanos,631,924,15,485,440,0,3,0,239,413,0,1,0,4,1,6,0
1492-2,1,176,hortelanos,633,930,15,491,432,0,3,0,239,413,0,0,0,4,1,4,0
1492-2,1,177,hortelanos,634,936,15,497,423,0,3,0,239,413,0,0,0,4,1,4,0
1492-2,1,178,hortelanos,635,940,15,437,412,0,3,0,239,415,0,0,0,4,1,4,0
1492-2,1,179,hortelanos,635,944,15,446,413,0,3,0,254,430,0,1,0,4,1,6,0
1492-2,1,180,hortelanos,637,950,15,489,426,0,3,0,265,444,0,0,0,4,1,4,0
1492-2,1,181,hortelanos,637,952,15,515,441,0,3,0,266,445,0,0,0,4,1,3,0
1492-2,1,182,hortelanos,637,954,15,472,455,0,3,0,266,445,0,0,0,4,1,3,0
1492-2,1,183,hortelanos,638,956,15,497,466,0,3,0,266,445,0,1,0,4,1,4,0
1492-2,1,184,hortelanos,638,958,15,522,490,0,3,0,279,458,0,0,0,4,1,4,0
1492-2,1,185,hortelanos,637,954,15,535,498,0,3,0,273,458,0,0,0,4,1,5,0
1492-2,1,186,hortelanos,637,954,15,499,502,0,3,0,273,446,0,0,0,4,1,9,0
1492-2,1,187,hortelanos,637,954,15,503,514,0,3,0,273,446,0,1,0,4,1,6,0
1492-2,1,188,hortelanos,637,954,15,512,529,0,3,0,273,446,0,0,0,4,1,4,0
1492-2,1,189,hortelanos,645,954,15,521,543,0,3,0,273,446,0,0,0,4,1,4,0
1492-2,1,190,hortelanos,645,954,15,432,518,0,3,0,273,446,0,0,0,4,1,5,0
1492-2,1,191,hortelanos,645,954,15,391,513,0,3,0,255,428,0,0,0,4,1,6,0
1492-2,1,192,hortelanos,665,1011,16,414,508,0,3,0,255,422,0,1,0,4,1,4,0
1492-2,1,193,hortelanos,665,1013,16,428,507,0,3,0,267,444,0,0,0,4,1,5,0
1492-2,1,194,hortelanos,665,1014,16,378,505,0,3,0,267,449,0,0,0,4,1,4,0
1492-2,1,195,hortelanos,665,1014,16,398,501,0,3,0,267,451,0,0,0,4,1,5,0
1492-2,1,196,hortelanos,665,1014,16,418,497,0,3,0,267,451,0,1,0,4,1,3,0
1492-2,1,197,hortelanos,665,1014,16,438,508,0,3,0,280,464,0,0,0,4,1,3,0
1492-2,1,198,hortelanos,665,1014,16,396,518,0,3,0,280,470,0,0,0,4,1,3,0
1492-2,1,199,hortelanos,665,1014,16,421,518,0,3,0,280,470,0,1,0,4,1,10,0
1492-2,1,200,hortelanos,673,1014,16,446,532,0,3,0,285,475,0,0,0,4,1,3,0
1492-2,1,1,mercaderes,39,116,1,458,51,0,0,0,13,45,0,0,0,0,1,4,0
1492-2,1,2,mercaderes,39,116,1,420,32,0,0,0,13,32,0,0,0,0,1,4,0
1492-2,1,3,mercaderes,39,116,1,399,21,0,0,0,13,32,0,1,0,0,1,3,0
1492-2,1,4,mercaderes,39,116,1,377,12,0,0,0,13,32,0,0,0,0,1,3,0
1492-2,1,5,mercaderes,39,116,1,313,8,0,0,0,18,37,0,0,0,0,1,4,0
1492-2,1,6,mercaderes,38,116,1,273,4,0,2,0,18,48,1,0,0,0,1,4,0
1492-2,1,7,mercaderes,37,116,1,275,4,0,4,0,18,48,1,0,0,0,1,3,0
1492-2,1,8,mercaderes,35,113,1,263,7,0,4,0,18,48,1,0,0,0,1,3,0
1492-2,1,9,mercaderes,34,110,1,253,7,0,4,0,18,48,1,0,0,0,1,3,0
1492-2,1,10,mercaderes,32,107,1,243,7,0,4,0,18,48,1,0,0,0,1,3,0
1492-2,1,11,mercaderes,32,107,1,231,24,0,3,0,36,64,0,0,0,0,1,3,0
1492-2,1,12,mercaderes,32,107,1,218,41,0,2,0,36,64,0,0,0,0,1,3,0
1492-2,1,13,mercaderes,32,107,1,205,57,0,0,0,36,64,0,0,0,0,1,3,0
1492-2,1,14,mercaderes,32,107,1,150,72,0,0,0,36,64,0,0,0,0,1,4,0
1492-2,1,15,mercaderes,31,103,1,112,74,0,2,0,36,64,0,0,0,0,1,5,0
1492-2,1,16,mercaderes,30,99,1,94,72,0,0,0,36,64,0,0,0,0,1,9,0
1492-2,1,17,mercaderes,48,95,1,76,65,0,0,0,22,48,0,0,0,1,1,4,0
1492-2,1,18,mercaderes,47,91,1,72,59,0,0,0,22,48,0,0,0,1,1,4,0
1492-2,1,19,mercaderes,47,91,1,89,60,0,0,0,22,48,0,1,0,1,1,3,0
1492-2,1,20,mercaderes,47,91,1,91,56,0,0,0,22,48,0,0,0,1,1,7,0
1492-2,1,21,mercaderes,55,91,1,89,61,0,0,0,22,48,0,0,0,1,1,3,0
1492-2,1,22,mercaderes,55,91,1,98,66,0,0,0,22,48,0,0,0,1,1,2,0
1492-2,1,23,mercaderes,55,91,1,88,62,0,0,0,13,39,0,0,0,1,1,3,0
1492-2,1,24,mercaderes,55,91,1,92,51,0,0,0,13,30,0,0,0,1,1,7,0
1492-2,1,25,mercaderes,63,91,1,82,48,0,0,0,13,30,0,0,0,1,1,3,0
1492-2,1,26,mercaderes,63,91,1,87,45,0,0,0,13,30,0,0,0,1,1,3,0
1492-2,1,27,mercaderes,63,91,1,82,39,0,0,0,13,30,0,0,0,1,1,3,0
1492-2,1,28,mercaderes,63,91,1,82,34,0,0,0,13,30,0,1,0,1,1,2,0
1492-2,1,29,mercaderes,63,91,1,79,35,0,0,0,18,35,0,0,0,1,1,3,0
1492-2,1,30,mercaderes,63,91,1,94,34,0,0,0,18,44,0,0,0,1,1,2,0
1492-2,1,31,mercaderes,63,91,1,91,33,0,0,0,18,44,0,0,0,1,1,3,0
1492-2,1,32,mercaderes,63,91,1,93,32,0,0,0,18,44,0,0,0,1,1,3,0
1492-2,1,33,mercaderes,63,91,1,97,31,0,0,0,18,44,0,0,0,1,1,3,0
1492-2,1,34,mercaderes,63,91,1,93,30,0,0,0,18,44,0,0,0,1,1,3,0
1492-2,1,35,mercaderes,63,91,1,98,47,0,0,0,36,62,0,0,0,1,1,3,0
1492-2,1,36,mercaderes,63,91,1,109,63,0,0,0,36,62,0,0,0,1,1,3,0
1492-2,1,37,mercaderes,63,91,1,95,78,0,0,0,36,62,0,0,0,1,1,3,0
1492-2,1,38,mercaderes,78,91,1,97,93,0,0,0,36,62,0,0,0,2,1,3,0
1492-2,1,39,mercaderes,78,91,1,96,107,0,0,0,36,62,0,0,0,2,1,3,0
1492-2,1,40,mercaderes,78,91,1,95,121,0,0,0,36,62,0,0,0,2,1,3,0
1492-2,1,41,mercaderes,78,91,1,94,109,0,0,0,22,48,0,0,0,2,1,8,0
1492-2,1,42,mercaderes,78,91,1,92,112,0,0,0,22,48,0,0,0,2,1,3,0
1492-2,1,43,mercaderes,86,91,1,100,115,0,0,0,22,48,0,0,0,2,1,2,0
1492-2,1,44,mercaderes,86,91,1,97,118,0,0,0,22,48,0,0,0,2,1,3,0
1492-2,1,45,mercaderes,86,91,1,97,121,0,0,0,22,48,0,0,0,2,1,3,0
1492-2,1,46,mercaderes,86,91,1,97,124,0,0,0,22,48,0,0,0,2,1,3,0
1492-2,1,47,mercaderes,86,91,1,96,105,0,0,0,13,39,0,0,0,2,1,8,0
1492-2,1,48,mercaderes,86,91,1,86,100,0,0,0,13,30,0,0,0,2,1,3,0
1492-2,1,49,mercaderes,94,91,1,85,95,0,0,0,13,30,0,0,0,2,1,2,0
1492-2,1,50,mercaderes,94,91,1,81,90,0,0,0,13,30,0,0,0,2,1,2,0
1492-2,1,51,mercaderes,94,91,1,83,85,0,0,0,13,30,0,0,0,2,1,2,0
1492-2,1,52,mercaderes,94,91,1,79,79,0,0,0,13,30,0,0,0,2,1,2,0
1492-2,1,53,mercaderes,94,91,1,87,68,0,0,0,18,35,0,0,0,2,1,7,0
1492-2,1,54,mercaderes,94,91,1,90,66,0,0,0,18,44,0,0,0,2,1,3,0
1492-2,1,55,mercaderes,102,91,1,96,64,0,0,0,18,44,0,0,0,2,1,3,0
1492-2,1,56,mercaderes,102,91,1,92,62,0,0,0,18,44,0,0,0,2,1,3,0
1492-2,1,57,mercaderes,102,91,1,101,60,0,0,0,18,44,0,0,0,2,1,3,0
1492-2,1,58,mercaderes,102,91,1,96,47,0,0,0,18,44,0,0,0,2,1,8,0
1492-2,1,59,mercaderes,110,91,1,94,63,0,0,0,36,62,0,0,0,2,1,3,0
1492-2,1,60,mercaderes,110,91,1,92,78,0,0,0,36,62,0,0,0,2,1,3,0
1492-2,1,61,mercaderes,110,91,1,100,93,0,0,0,36,62,0,0,0,2,1,3,0
1492-2,1,62,mercaderes,110,91,1,97,107,0,0,0,36,62,0,0,0,2,1,3,0
1492-2,1,63,mercaderes,110,91,1,96,121,0,0,0,36,62,0,0,0,2,1,3,0
1492-2,1,64,mercaderes,110,91,1,95,134,0,0,0,36,62,0,0,0,2,1,3,0
1492-2,1,65,mercaderes,111,95,1,104,140,0,0,0,22,48,0,0,0,2,1,4,0
1492-2,1,66,mercaderes,110,91,1,73,128,0,0,0,22,48,0,0,0,2,1,4,0
1492-2,1,67,mercaderes,110,91,1,95,114,0,0,0,22,48,0,0,0,2,1,7,0
1492-2,1,68,mercaderes,110,91,1,88,114,0,0,0,22,48,0,0,0,2,1,3,0
1492-2,1,69,mercaderes,118,91,1,97,117,0,0,0,22,48,0,0,0,2,1,2,0
1492-2,1,70,mercaderes,118,91,1,92,120,0,0,0,22,48,0,0,0,2,1,3,0
1492-2,1,71,mercaderes,118,91,1,100,114,0,0,0,13,39,0,0,0,2,1,2,0
1492-2,1,72,mercaderes,118,91,1,88,108,0,0,0,13,30,0,0,0,2,1,3,0
1492-2,1,73,mercaderes,118,91,1,89,103,0,0,0,13,30,0,0,0,2,1,2,0
1492-2,1,74,mercaderes,118,91,1,87,98,0,0,0,13,30,0,0,0,2,1,2,0
1492-2,1,75,mercaderes,118,91,1,84,80,0,0,0,13,30,0,0,0,2,1,7,0
1492-2,1,76,mercaderes,118,91,1,81,76,0,0,0,13,30,0,0,0,2,1,2,0
1492-2,1,77,mercaderes,126,91,1,87,72,0,0,0,13,30,0,0,0,2,1,2,0
1492-2,1,78,mercaderes,126,91,1,89,65,0,0,0,13,39,0,0,0,2,1,3,0
1492-2,1,79,mercaderes,126,91,1,96,58,0,0,0,13,39,0,0,0,2,1,3,0
1492-2,1,80,mercaderes,126,91,1,92,52,0,0,0,13,39,0,0,0,2,1,3,0
1492-2,1,81,mercaderes,126,91,1,101,46,0,0,0,13,39,0,0,0,2,1,3,0
1492-2,1,82,mercaderes,126,91,1,97,40,0,0,0,13,39,0,0,0,2,1,3,0
1492-2,1,83,mercaderes,127,95,1,105,56,0,0,0,36,62,0,0,0,2,1,4,0
1492-2,1,84,mercaderes,127,95,1,95,71,0,0,0,36,62,0,0,0,2,1,3,0
1492-2,1,85,mercaderes,126,91,1,77,76,0,0,0,36,62,0,0,0,2,1,4,0
1492-2,1,86,mercaderes,126,91,1,96,91,0,0,0,36,62,0,0,0,2,1,2,0
1492-2,1,87,mercaderes,126,91,1,89,105,0,0,0,36,62,0,0,0,2,1,3,0
1492-2,1,88,mercaderes,126,91,1,97,119,0,0,0,36,62,0,0,0,2,1,3,0
1492-2,1,89,mercaderes,126,91,1,92,103,0,0,0,22,48,0,0,0,2,1,8,0
1492-2,1,90,mercaderes,126,91,1,100,106,0,0,0,22,48,0,0,0,2,1,2,0
1492-2,1,91,mercaderes,134,91,1,98,109,0,0,0,22,48,0,0,0,2,1,3,0
1492-2,1,92,mercaderes,134,91,1,98,112,0,0,0,22,48,0,0,0,2,1,3,0
1492-2,1,93,mercaderes,134,91,1,98,115,0,0,0,22,48,0,0,0,2,1,3,0
1492-2,1,94,mercaderes,134,91,1,97,118,0,0,0,22,48,0,0,0,2,1,3,0
1492-2,1,95,mercaderes,134,91,1,96,98,0,0,0,13,39,0,0,0,2,1,8,0
1492-2,1,96,mercaderes,134,91,1,85,93,0,0,0,13,30,0,0,0,2,1,3,0
1492-2,1,97,mercaderes,142,91,1,84,88,0,0,0,13,30,0,0,0,2,1,2,0
1492-2,1,98,mercaderes,142,91,1,83,83,0,0,0,13,30,0,0,0,2,1,2,0
1492-2,1,99,mercaderes,142,91,1,81,79,0,0,0,13,30,0,0,0,2,1,2,0
1492-2,1,100,mercaderes,142,91,1,83,75,0,0,0,13,30,0,0,0,2,1,2,0
1492-2,1,101,mercaderes,142,91,1,78,75,0,0,0,18,35,0,0,0,2,1,3,0
1492-2,1,102,mercaderes,142,91,1,94,73,0,0,0,18,44,0,0,0,2,1,2,0
1492-2,1,103,mercaderes,142,91,1,87,59,0,0,0,18,44,0,0,0,2,1,8,0
1492-2,1,104,mercaderes,142,91,1,95,57,0,0,0,18,44,0,0,0,2,1,3,0
1492-2,1,105,mercaderes,150,91,1,90,55,0,0,0,18,44,0,0,0,2,1,3,0
1492-2,1,106,mercaderes,150,91,1,98,53,0,0,0,18,44,0,0,0,2,1,3,0
1492-2,1,107,mercaderes,150,91,1,93,69,0,0,0,36,62,0,0,0,2,1,3,0
1492-2,1,108,mercaderes,150,91,1,93,84,0,0,0,36,62,0,0,0,2,1,3,0
1492-2,1,109,mercaderes,150,91,1,92,99,0,0,0,36,62,0,0,0,2,1,3,0
1492-2,1,110,mercaderes,150,91,1,101,113,0,0,0,36,62,0,0,0,2,1,3,0
1492-2,1,111,mercaderes,150,91,1,97,126,0,0,0,36,62,0,0,0,2,1,3,0
1492-2,1,112,mercaderes,150,91,1,96,139,0,0,0,36,62,0,0,0,2,1,3,0
1492-2,1,113,mercaderes,150,91,1,98,138,0,0,0,22,48,0,0,0,2,1,2,0
1492-2,1,114,mercaderes,151,95,1,109,133,0,0,0,22,48,0,0,0,2,1,3,0
1492-2,1,115,mercaderes,150,91,1,77,118,0,0,0,22,48,0,0,0,2,1,4,0
1492-2,1,116,mercaderes,150,91,1,96,108,0,0,0,22,48,0,0,0,2,1,7,0
1492-2,1,117,mercaderes,150,91,1,89,109,0,0,0,22,48,0,0,0,2,1,3,0
1492-2,1,118,mercaderes,150,91,1,97,112,0,0,0,22,48,0,0,0,2,1,2,0
1492-2,1,119,mercaderes,150,91,1,92,106,0,0,0,13,39,0,0,0,2,1,3,0
1492-2,1,120,mercaderes,150,91,1,93,101,0,0,0,13,30,0,0,0,2,1,2,0
1492-2,1,121,mercaderes,150,91,1,81,96,0,0,0,13,30,0,0,0,2,1,3,0
1492-2,1,122,mercaderes,150,91,1,86,91,0,0,0,13,30,0,0,0,2,1,2,0
1492-2,1,123,mercaderes,158,91,1,81,85,0,0,0,13,30,0,0,0,2,1,2,0
1492-2,1,124,mercaderes,158,91,1,82,80,0,0,0,13,30,0,0,0,2,1,2,0
1492-2,1,125,mercaderes,158,91,1,87,79,0,0,0,18,35,0,0,0,2,1,2,0
1492-2,1,126,mercaderes,158,91,1,89,76,0,0,0,18,44,0,0,0,2,1,3,0
1492-2,1,127,mercaderes,158,91,1,94,74,0,0,0,18,44,0,0,0,2,1,3,0
1492-2,1,128,mercaderes,158,91,1,91,72,0,0,0,18,44,0,0,0,2,1,3,0
1492-2,1,129,mercaderes,158,91,1,100,70,0,0,0,18,44,0,0,0,2,1,3,0
1492-2,1,130,mercaderes,158,91,1,96,68,0,0,0,18,44,0,0,0,2,1,3,0
1492-2,1,131,mercaderes,158,91,1,95,83,0,0,0,36,62,0,0,0,2,1,3,0
1492-2,1,132,mercaderes,158,91,1,94,98,0,0,0,36,62,0,0,0,2,1,3,0
1492-2,1,133,mercaderes,159,95,1,103,112,0,0,0,36,62,0,0,0,2,1,4,0
1492-2,1,134,mercaderes,158,91,1,72,115,0,0,0,36,62,0,0,0,2,1,4,0
1492-2,1,135,mercaderes,158,91,1,97,128,0,0,0,36,62,0,0,0,2,1,2,0
1492-2,1,136,mercaderes,158,91,1,89,140,0,0,0,36,62,0,0,0,2,1,3,0
1492-2,1,137,mercaderes,158,91,1,100,124,0,0,0,22,48,0,0,0,2,1,7,0
1492-2,1,138,mercaderes,158,91,1,95,120,0,0,0,22,48,0,0,0,2,1,3,0
1492-2,1,139,mercaderes,158,91,1,93,123,0,0,0,22,48,0,0,0,2,1,3,0
1492-2,1,140,mercaderes,166,91,1,91,126,0,0,0,22,48,0,0,0,2,1,3,0
1492-2,1,141,mercaderes,166,91,1,102,128,0,0,0,22,48,0,0,0,2,1,2,0
1492-2,1,142,mercaderes,166,91,1,99,130,0,0,0,22,48,0,0,0,2,1,3,0
1492-2,1,143,mercaderes,166,91,1,99,124,0,0,0,13,39,0,0,0,2,1,3,0
1492-2,1,144,mercaderes,166,91,1,89,118,0,0,0,13,30,0,0,0,2,1,3,0
1492-2,1,145,mercaderes,166,91,1,89,112,0,0,0,13,30,0,0,0,2,1,2,0
1492-2,1,146,mercaderes,166,91,1,85,106,0,0,0,13,30,0,0,0,2,1,2,0
1492-2,1,147,mercaderes,166,91,1,81,101,0,0,0,13,30,0,0,0,2,1,2,0
1492-2,1,148,mercaderes,166,91,1,83,96,0,0,0,13,30,0,0,0,2,1,2,0
1492-2,1,149,mercaderes,166,91,1,79,95,0,0,0,18,35,0,0,0,2,1,3,0
1492-2,1,150,mercaderes,166,91,1,95,92,0,0,0,18,44,0,0,0,2,1,2,0
1492-2,1,151,mercaderes,166,91,1,88,89,0,0,0,18,44,0,0,0,2,1,4,0
1492-2,1,152,mercaderes,166,91,1,104,86,0,0,0,18,51,0,0,0,2,1,3,0
1492-2,1,153,mercaderes,167,95,1,107,83,0,0,0,18,51,0,0,0,2,1,4,0
1492-2,1,154,mercaderes,166,91,1,86,70,0,0,0,18,51,0,0,0,2,1,4,0
1492-2,1,155,mercaderes,166,91,1,105,85,0,0,0,36,69,0,0,0,2,1,3,0
1492-2,1,156,mercaderes,166,91,1,97,100,0,0,0,36,69,0,0,0,2,1,3,0
1492-2,1,157,mercaderes,166,91,1,105,114,0,0,0,36,69,0,0,0,2,1,3,0
1492-2,1,158,mercaderes,166,91,1,100,127,0,0,0,36,69,0,0,0,2,1,3,0
1492-2,1,159,mercaderes,166,91,1,108,140,0,0,0,36,69,0,0,0,2,1,3,0
1492-2,1,160,mercaderes,166,91,1,108,152,0,0,0,36,69,0,0,0,2,1,2,0
1492-2,1,161,mercaderes,166,91,1,109,131,0,0,0,22,55,0,0,0,2,1,7,0
1492-2,1,162,mercaderes,166,91,1,107,126,0,0,0,22,55,0,0,0,2,1,3,0
1492-2,1,163,mercaderes,166,91,1,107,128,0,0,0,22,55,0,0,0,2,1,3,0
1492-2,1,164,mercaderes,174,91,1,107,130,0,0,0,22,55,0,0,0,2,1,3,0
1492-2,1,165,mercaderes,174,91,1,106,132,0,0,0,22,55,0,0,0,2,1,3,0
1492-2,1,166,mercaderes,174,91,1,109,134,0,0,0,22,55,0,0,0,2,1,3,0
1492-2,1,167,mercaderes,174,91,1,106,126,0,0,0,13,46,0,0,0,2,1,3,0
1492-2,1,168,mercaderes,174,91,1,92,117,0,0,0,13,34,0,0,0,2,1,3,0
1492-2,1,169,mercaderes,174,91,1,98,111,0,0,0,13,34,0,0,0,2,1,2,0
1492-2,1,170,mercaderes,174,91,1,90,105,0,0,0,13,34,0,0,0,2,1,3,0
1492-2,1,171,mercaderes,174,91,1,95,100,0,0,0,13,34,0,0,0,2,1,2,0
1492-2,1,172,mercaderes,174,91,1,87,95,0,0,0,13,34,0,0,0,2,1,3,0
1492-2,1,173,mercaderes,174,91,1,91,95,0,0,0,18,39,0,0,0,2,1,3,0
1492-2,1,174,mercaderes,174,91,1,104,92,0,0,0,18,51,0,0,0,2,1,3,0
1492-2,1,175,mercaderes,175,95,1,107,89,0,0,0,18,51,0,0,0,2,1,4,0
1492-2,1,176,mercaderes,174,91,1,85,76,0,0,0,18,51,0,0,0,2,1,4,0
1492-2,1,177,mercaderes,174,91,1,103,59,0,0,0,18,51,0,0,0,2,1,8,0
1492-2,1,178,mercaderes,174,91,1,95,57,0,0,0,18,51,0,0,0,2,1,3,0
1492-2,1,179,mercaderes,182,91,1,103,73,0,0,0,36,69,0,0,0,2,1,3,0
1492-2,1,180,mercaderes,182,91,1,100,88,0,0,0,36,69,0,0,0,2,1,3,0
1492-2,1,181,mercaderes,182,91,1,109,102,0,0,0,36,69,0,0,0,2,1,3,0
1492-2,1,182,mercaderes,182,91,1,105,116,0,0,0,36,69,0,0,0,2,1,3,0
1492-2,1,183,mercaderes,182,91,1,104,129,0,0,0,36,69,0,0,0,2,1,3,0
1492-2,1,184,mercaderes,182,91,1,102,142,0,0,0,36,69,0,0,0,2,1,3,0
1492-2,1,185,mercaderes,182,91,1,103,141,0,0,0,22,55,0,0,0,2,1,2,0
1492-2,1,186,mercaderes,182,91,1,103,136,0,0,0,22,55,0,0,0,2,1,2,0
1492-2,1,187,mercaderes,182,91,1,106,131,0,0,0,22,55,0,0,0,2,1,3,0
1492-2,1,188,mercaderes,183,95,1,112,129,0,0,0,22,55,0,0,0,2,1,4,0
1492-2,1,189,mercaderes,182,91,1,90,121,0,0,0,22,55,0,0,0,2,1,4,0
1492-2,1,190,mercaderes,182,91,1,108,109,0,0,0,22,55,0,0,0,2,1,7,0
1492-2,1,191,mercaderes,182,91,1,100,103,0,0,0,13,46,0,0,0,2,1,3,0
1492-2,1,192,mercaderes,182,91,1,98,98,0,0,0,13,34,0,0,0,2,1,3,0
1492-2,1,193,mercaderes,190,91,1,93,92,0,0,0,12,33,0,0,0,2,1,3,0
1492-2,1,194,mercaderes,190,91,1,88,86,0,0,0,12,33,0,0,0,2,1,3,0
1492-2,1,195,mercaderes,190,91,1,92,80,0,0,0,12,33,0,0,0,2,1,2,0
1492-2,1,196,mercaderes,190,91,1,4,75,0,0,0,12,33,0,0,0,2,1,3,0
1492-2,1,197,mercaderes,190,91,1,29,77,0,0,0,18,39,0,0,0,2,1,1,0
1492-2,1,198,mercaderes,190,91,1,58,69,0,0,0,18,51,0,0,0,2,1,0,1
1492-2,1,199,mercaderes,190,91,1,87,61,0,0,0,18,51,0,0,0,2,1,0,1
1492-2,1,200,mercaderes,190,91,1,93,53,0,0,0,18,51,0,0,0,2,1,3,0
1492-2,1,1,mesta,22,30,1,42,75,0,0,0,5,11,0,0,0,0,1,3,0
1492-2,1,2,mesta,22,30,1,41,69,0,0,0,5,8,0,0,0,0,1,1,0
1492-2,1,3,mesta,22,30,1,40,63,0,0,0,5,8,0,0,0,0,1,0,1
1492-2,1,4,mesta,22,30,1,39,57,0,0,0,5,8,0,0,0,0,1,0,1
1492-2,1,5,mesta,22,30,1,38,52,0,0,0,6,9,0,1,0,0,1,0,1
1492-2,1,6,mesta,21,27,1,28,40,0,0,0,6,20,0,0,0,0,1,1,0
1492-2,1,7,mesta,21,27,1,36,39,0,0,0,6,18,0,0,0,0,1,1,0
1492-2,1,8,mesta,21,27,1,44,38,0,0,0,6,18,0,0,0,0,1,0,1
1492-2,1,9,mesta,21,27,1,52,37,0,0,0,6,18,0,0,0,0,1,0,1
1492-2,1,10,mesta,21,27,1,60,36,0,0,0,6,18,0,0,0,0,1,0,1
1492-2,1,11,mesta,21,28,1,68,42,0,0,0,13,25,0,0,0,0,1,0,1
1492-2,1,12,mesta,21,29,1,76,47,0,0,0,13,25,0,0,0,0,1,0,1
1492-2,1,13,mesta,22,30,1,70,51,0,0,0,13,25,0,0,0,0,1,3,0
1492-2,1,14,mesta,21,29,1,44,56,0,0,0,13,27,0,0,0,0,1,3,0
1492-2,1,15,mesta,22,30,1,54,62,0,0,0,13,25,0,0,0,0,1,1,0
1492-2,1,16,mesta,22,31,1,64,68,0,0,0,13,27,0,0,0,0,1,0,1
1492-2,1,17,mesta,37,32,1,74,69,0,0,0,8,22,0,0,0,1,1,0,1
1492-2,1,18,mesta,37,33,1,75,69,0,0,0,8,22,0,0,0,1,1,2,0
1492-2,1,19,mesta,37,34,1,78,69,0,0,0,8,22,0,0,0,1,1,2,0
1492-2,1,20,mesta,38,35,1,72,69,0,0,0,8,22,0,0,0,1,1,2,0
1492-2,1,21,mesta,38,35,1,68,68,0,0,0,8,22,0,0,0,1,1,2,0
1492-2,1,22,mesta,38,35,1,80,65,0,0,0,8,22,0,1,0,1,1,1,0
1492-2,1,23,mesta,38,35,1,72,61,0,0,0,5,25,0,0,0,1,1,2,0
1492-2,1,24,mesta,38,35,1,75,57,0,0,0,5,22,0,0,0,1,1,2,0
1492-2,1,25,mesta,38,35,1,75,53,0,0,0,5,22,0,0,0,1,1,2,0
1492-2,1,26,mesta,38,35,1,70,49,0,0,0,5,22,0,0,0,1,1,3,0
1492-2,1,27,mesta,38,35,1,70,47,0,0,0,5,22,0,0,0,1,1,2,0
1492-2,1,28,mesta,38,35,1,70,46,0,0,0,5,22,0,0,0,1,1,3,0
1492-2,1,29,mesta,38,35,1,92,46,0,0,0,6,23,0,0,0,1,1,3,0
1492-2,1,30,mesta,38,35,1,91,45,0,0,0,6,26,0,0,0,1,1,4,0
1492-2,1,31,mesta,38,35,1,107,44,0,0,0,6,26,0,0,0,1,1,4,0
1492-2,1,32,mesta,38,35,1,111,43,0,0,0,6,26,0,0,0,1,1,4,0
1492-2,1,33,mesta,38,35,1,118,42,0,0,0,6,26,0,0,0,1,1,4,0
1492-2,1,34,mesta,38,35,1,98,41,1,0,0,6,26,0,0,0,1,1,5,0
1492-2,1,35,mesta,38,36,1,110,47,1,1,0,13,33,0,0,0,1,1,4,0
1492-2,1,36,mesta,38,37,1,116,51,1,1,0,13,33,0,0,0,1,1,4,0
1492-2,1,37,mesta,38,38,1,122,55,1,1,0,13,33,0,0,0,1,1,4,0
1492-2,1,38,mesta,38,39,1,105,59,1,1,0,13,33,0,0,0,1,1,5,0
1492-2,1,39,mesta,39,40,1,118,63,1,2,0,13,33,0,0,0,1,1,4,0
1492-2,1,40,mesta,38,37,1,85,57,1,0,0,13,35,0,0,0,1,1,4,0
1492-2,1,41,mesta,38,37,1,100,42,1,0,0,8,28,0,0,0,1,1,9,0
1492-2,1,42,mesta,38,37,1,98,44,1,0,0,8,28,0,0,0,1,1,4,0
1492-2,1,43,mesta,56,37,1,94,47,1,0,0,8,28,0,0,0,2,1,4,0
1492-2,1,44,mesta,56,37,1,98,50,1,0,0,8,28,0,0,0,2,1,4,0
1492-2,1,45,mesta,56,37,1,93,52,1,0,0,8,28,0,0,0,2,1,4,0
1492-2,1,46,mesta,56,37,1,97,53,1,0,0,8,28,0,0,0,2,1,4,0
1492-2,1,47,mesta,56,37,1,101,52,1,0,0,5,25,0,0,0,2,1,4,0
1492-2,1,48,mesta,56,37,1,93,51,1,0,0,5,22,0,0,0,2,1,4,0
1492-2,1,49,mesta,56,37,1,96,50,1,0,0,5,22,0,0,0,2,1,4,0
1492-2,1,50,mesta,56,37,1,99,49,1,0,0,5,22,0,0,0,2,1,4,0
1492-2,1,51,mesta,56,37,1,93,48,1,0,0,5,22,0,0,0,2,1,4,0
1492-2,1,52,mesta,56,37,1,94,47,1,0,0,5,22,0,0,0,2,1,4,0
1492-2,1,53,mesta,57,41,1,103,47,1,0,0,6,23,0,0,0,2,1,5,0
1492-2,1,54,mesta,56,37,1,94,33,1,0,0,6,28,0,0,0,2,1,5,0
1492-2,1,55,mesta,56,37,1,102,17,1,0,0,6,26,0,0,0,2,1,9,0
1492-2,1,56,mesta,56,37,1,109,15,1,0,0,6,26,0,0,0,2,1,4,0
1492-2,1,57,mesta,64,37,1,115,11,1,0,0,4,24,0,0,0,2,1,4,0
1492-2,1,58,mesta,64,37,1,121,7,2,0,0,4,24,0,0,0,2,1,4,0
1492-2,1,59,mesta,64,37,1,101,8,2,0,0,9,29,0,0,0,2,1,5,0
1492-2,1,60,mesta,64,37,1,112,9,2,1,0,9,29,0,0,0,2,1,4,0
1492-2,1,61,mesta,64,37,1,117,10,2,0,0,9,29,0,0,0,2,1,4,0
1492-2,1,62,mesta,64,37,1,122,11,2,0,0,9,29,0,0,0,2,1,4,0
1492-2,1,63,mesta,64,37,1,101,16,2,0,0,13,33,0,0,0,2,1,5,0
1492-2,1,64,mesta,64,37,1,112,21,2,1,0,13,33,0,0,0,2,1,4,0
1492-2,1,65,mesta,65,41,1,112,26,2,0,0,10,30,0,0,0,2,1,5,0
1492-2,1,66,mesta,65,41,1,101,29,2,0,0,10,32,0,0,0,2,1,4,0
1492-2,1,67,mesta,65,43,1,98,32,2,0,0,10,32,0,0,0,2,1,4,0
1492-2,1,68,mesta,64,39,1,76,26,2,0,0,10,32,0,0,0,2,1,5,0
1492-2,1,69,mesta,65,40,1,95,30,2,0,0,10,30,0,0,0,2,1,3,0
1492-2,1,70,mesta,64,36,1,86,10,2,0,0,10,32,0,0,0,2,1,10,0
1492-2,1,71,mesta,64,36,1,100,10,2,0,0,5,25,0,0,0,2,1,3,0
1492-2,1,72,mesta,64,36,1,94,10,2,0,0,5,22,0,0,0,2,1,4,0
1492-2,1,73,mesta,64,36,1,97,10,2,0,0,5,22,0,0,0,2,1,4,0
1492-2,1,74,mesta,64,36,1,100,10,2,0,0,5,22,0,0,0,2,1,4,0
1492-2,1,75,mesta,72,36,1,94,10,2,0,0,5,22,0,0,0,2,1,4,0
1492-2,1,76,mesta,72,36,1,96,10,2,0,0,5,22,0,0,0,2,1,4,0
1492-2,1,77,mesta,72,36,1,95,11,2,0,0,6,23,0,0,0,2,1,4,0
1492-2,1,78,mesta,72,36,1,101,9,2,0,0,6,26,0,0,0,2,1,4,0
1492-2,1,79,mesta,72,36,1,106,7,2,0,0,6,26,0,0,0,2,1,4,0
1492-2,1,80,mesta,72,36,1,114,5,2,0,0,6,26,0,0,0,2,1,4,0
1492-2,1,81,mesta,72,36,1,121,3,2,0,0,6,26,0,0,0,2,1,4,0
1492-2,1,82,mesta,72,36,1,102,1,2,0,0,6,26,0,0,0,2,1,5,0
1492-2,1,83,mesta,73,40,1,124,6,2,1,0,13,33,0,0,0,2,1,5,0
1492-2,1,84,mesta,73,40,1,106,10,2,0,0,13,35,0,0,0,2,1,5,0
1492-2,1,85,mesta,73,40,1,119,14,2,1,0,13,35,0,0,0,2,1,4,0
1492-2,1,86,mesta,73,40,1,101,18,2,0,0,13,35,0,0,0,2,1,5,0
1492-2,1,87,mesta,73,40,1,113,22,2,1,0,13,35,0,0,0,2,1,4,0
1492-2,1,88,mesta,73,40,1,120,26,2,0,0,13,35,0,0,0,2,1,4,0
1492-2,1,89,mesta,73,40,1,112,25,2,0,0,8,30,0,0,0,2,1,4,0
1492-2,1,90,mesta,73,40,1,99,27,2,0,0,8,30,0,0,0,2,1,4,0
1492-2,1,91,mesta,73,40,1,95,28,2,0,0,8,30,0,0,0,2,1,4,0
1492-2,1,92,mesta,73,40,1,101,29,2,0,0,8,30,0,0,0,2,1,4,0
1492-2,1,93,mesta,73,40,1,98,30,2,0,0,8,30,0,0,0,2,1,4,0
1492-2,1,94,mesta,72,36,1,74,22,2,0,0,8,30,0,0,0,2,1,5,0
1492-2,1,95,mesta,72,36,1,98,22,2,0,0,5,25,0,0,0,2,1,3,0
1492-2,1,96,mesta,72,36,1,97,20,2,0,0,5,22,0,0,0,2,1,4,0
1492-2,1,97,mesta,72,36,1,99,20,2,0,0,5,22,0,0,0,2,1,4,0
1492-2,1,98,mesta,72,36,1,94,20,2,0,0,5,22,0,0,0,2,1,4,0
1492-2,1,99,mesta,72,36,1,97,20,2,0,0,5,22,0,0,0,2,1,4,0
1492-2,1,100,mesta,72,36,1,101,20,2,0,0,5,22,0,0,0,2,1,4,0
1492-2,1,101,mesta,72,36,1,101,21,2,0,0,6,23,0,0,0,2,1,4,0
1492-2,1,102,mesta,72,36,1,107,19,2,0,0,6,26,0,0,0,2,1,4,0
1492-2,1,103,mesta,72,36,1,112,17,2,0,0,6,26,0,0,0,2,1,4,0
1492-2,1,104,mesta,72,36,1,117,15,2,0,0,6,26,0,0,0,2,1,4,0
1492-2,1,105,mesta,72,36,1,122,13,2,0,0,6,26,0,0,0,2,1,4,0
1492-2,1,106,mesta,72,36,1,101,11,2,0,0,6,26,0,0,0,2,1,5,0
1492-2,1,107,mesta,72,36,1,114,14,2,1,0,11,31,0,0,0,2,1,4,0
1492-2,1,108,mesta,72,36,1,121,17,2,0,0,11,31,0,0,0,2,1,4,0
1492-2,1,109,mesta,72,36,1,102,20,2,0,0,11,31,0,0,0,2,1,5,0
1492-2,1,110,mesta,72,36,1,113,23,2,1,0,11,31,0,0,0,2,1,4,0
1492-2,1,111,mesta,72,36,1,119,26,2,0,0,11,31,0,0,0,2,1,4,0
1492-2,1,112,mesta,72,36,1,99,28,2,0,0,11,31,0,0,0,2,1,5,0
1492-2,1,113,mesta,72,36,1,103,14,2,1,0,8,28,0,0,0,2,1,9,0
1492-2,1,114,mesta,72,36,1,99,17,2,0,0,8,28,0,0,0,2,1,4,0
1492-2,1,115,mesta,80,36,1,95,20,2,0,0,8,28,0,0,0,2,1,4,0
1492-2,1,116,mesta,80,36,1,99,23,2,0,0,8,28,0,0,0,2,1,4,0
1492-2,1,117,mesta,80,36,1,94,26,2,0,0,8,28,0,0,0,2,1,4,0
1492-2,1,118,mesta,80,36,1,98,28,2,0,0,8,28,0,0,0,2,1,4,0
1492-2,1,119,mesta,80,36,1,93,28,2,0,0,5,25,0,0,0,2,1,4,0
1492-2,1,120,mesta,80,36,1,94,28,2,0,0,5,22,0,0,0,2,1,4,0
1492-2,1,121,mesta,80,36,1,97,28,2,0,0,5,22,0,0,0,2,1,4,0
1492-2,1,122,mesta,80,36,1,100,28,2,0,0,5,22,0,0,0,2,1,4,0
1492-2,1,123,mesta,80,36,1,96,28,2,0,0,5,22,0,0,0,2,1,4,0
1492-2,1,124,mesta,80,36,1,99,28,2,0,0,5,22,0,0,0,2,1,4,0
1492-2,1,125,mesta,81,40,1,109,28,2,0,0,6,23,0,0,0,2,1,5,0
1492-2,1,126,mesta,81,40,1,119,25,2,0,0,6,28,0,0,0,2,1,4,0
1492-2,1,127,mesta,81,40,1,101,22,2,0,0,6,28,0,0,0,2,1,5,0
1492-2,1,128,mesta,81,40,1,115,19,2,1,0,6,28,0,0,0,2,1,4,0
1492-2,1,129,mesta,81,40,1,123,16,2,0,0,6,28,0,0,0,2,1,4,0
1492-2,1,130,mesta,81,40,1,105,13,2,0,0,6,28,0,0,0,2,1,5,0
1492-2,1,131,mesta,81,40,1,117,17,2,1,0,13,35,0,0,0,2,1,4,0
1492-2,1,132,mesta,81,40,1,124,21,2,0,0,13,35,0,0,0,2,1,4,0
1492-2,1,133,mesta,81,40,1,105,25,2,0,0,13,35,0,0,0,2,1,5,0
1492-2,1,134,mesta,81,40,1,117,28,2,1,0,13,35,0,0,0,2,1,4,0
1492-2,1,135,mesta,81,42,1,33,32,2,0,0,13,35,0,0,0,2,1,5,0
1492-2,1,136,mesta,81,44,1,77,36,2,1,0,13,35,0,0,0,2,1,2,0
1492-2,1,137,mesta,81,40,1,89,20,2,0,0,7,29,0,0,0,2,1,4,0
1492-2,1,138,mesta,81,40,1,100,18,2,0,0,7,29,0,0,0,2,1,4,0
1492-2,1,139,mesta,81,40,1,98,17,2,0,0,7,29,0,0,0,2,1,4,0
1492-2,1,140,mesta,81,40,1,95,16,2,0,0,7,29,0,0,0,2,1,4,0
1492-2,1,141,mesta,81,40,1,101,15,2,0,0,7,29,0,0,0,2,1,4,0
1492-2,1,142,mesta,81,40,1,98,14,2,0,0,7,29,0,0,0,2,1,4,0
1492-2,1,143,mesta,81,40,1,93,11,2,0,0,5,27,0,0,0,2,1,4,0
1492-2,1,144,mesta,81,40,1,93,8,2,0,0,5,23,0,0,0,2,1,4,0
1492-2,1,145,mesta,81,40,1,97,5,2,0,0,5,23,0,0,0,2,1,4,0
1492-2,1,146,mesta,80,40,1,101,4,2,0,0,5,23,1,0,0,2,1,4,0
1492-2,1,147,mesta,79,40,1,95,4,2,0,0,5,23,1,0,0,2,1,4,0
1492-2,1,148,mesta,77,39,1,97,4,2,0,0,5,23,1,0,0,2,1,4,0
1492-2,1,149,mesta,76,38,1,96,4,2,0,0,6,23,1,0,0,2,1,4,0
1492-2,1,150,mesta,75,37,1,105,1,2,0,0,6,26,1,0,0,2,1,4,0
1492-2,1,151,mesta,74,36,1,113,1,2,0,0,6,26,1,0,0,2,1,5,0
1492-2,1,152,mesta,73,35,1,117,1,2,0,0,6,26,1,0,0,2,1,4,0
1492-2,1,153,mesta,71,34,1,123,1,2,0,0,6,26,1,0,0,2,1,4,0
1492-2,1,154,mesta,70,33,1,103,1,2,0,0,6,26,1,0,0,2,1,5,0
1492-2,1,155,mesta,70,33,1,115,4,2,1,0,12,31,0,0,0,2,1,4,0
1492-2,1,156,mesta,70,33,1,121,7,2,0,0,12,31,0,0,0,2,1,4,0
1492-2,1,157,mesta,70,33,1,95,10,2,0,0,12,31,0,0,0,2,1,5,0
1492-2,1,158,mesta,70,33,1,105,14,2,1,0,13,33,0,0,0,2,1,4,0
1492-2,1,159,mesta,70,33,1,110,18,2,0,0,13,33,0,0,0,2,1,4,0
1492-2,1,160,mesta,70,33,1,115,22,2,0,0,13,33,0,0,0,2,1,4,0
1492-2,1,161,mesta,70,33,1,104,21,2,0,0,8,28,0,0,0,2,1,4,0
1492-2,1,162,mesta,70,33,1,99,23,2,0,0,8,28,0,0,0,2,1,4,0
1492-2,1,163,mesta,70,33,1,96,25,2,0,0,8,28,0,0,0,2,1,4,0
1492-2,1,164,mesta,70,33,1,101,27,2,0,0,8,28,0,0,0,2,1,4,0
1492-2,1,165,mesta,70,33,1,97,28,2,0,0,8,28,0,0,0,2,1,4,0
1492-2,1,166,mesta,70,33,1,101,29,2,0,0,8,28,0,0,0,2,1,4,0
1492-2,1,167,mesta,70,33,1,94,15,2,0,0,5,25,0,0,0,2,1,9,0
1492-2,1,168,mesta,70,33,1,95,14,2,0,0,5,22,0,0,0,2,1,4,0
1492-2,1,169,mesta,70,33,1,96,13,2,0,0,5,22,0,0,0,2,1,4,0
1492-2,1,170,mesta,70,33,1,99,12,2,0,0,5,22,0,0,0,2,1,4,0
1492-2,1,171,mesta,70,33,1,92,11,2,0,0,5,22,0,0,0,2,1,4,0
1492-2,1,172,mesta,78,33,1,94,10,2,0,0,5,22,0,0,0,2,1,4,0
1492-2,1,173,mesta,78,33,1,93,10,2,0,0,6,23,0,0,0,2,1,4,0
1492-2,1,174,mesta,78,33,1,99,7,2,0,0,6,26,0,0,0,2,1,4,0
1492-2,1,175,mesta,78,33,1,104,4,2,0,0,6,26,0,0,0,2,1,4,0
1492-2,1,176,mesta,78,33,1,108,1,2,0,0,6,26,0,0,0,2,1,4,0
1492-2,1,177,mesta,77,33,1,115,1,2,0,0,6,26,1,0,0,2,1,4,0
1492-2,1,178,mesta,76,33,1,122,1,2,0,0,6,26,1,0,0,2,1,4,0
1492-2,1,179,mesta,76,33,1,102,3,2,0,0,11,31,0,0,0,2,1,5,0
1492-2,1,180,mesta,77,37,1,124,5,2,1,0,11,31,0,0,0,2,1,5,0
1492-2,1,181,mesta,77,37,1,99,6,2,0,0,11,31,0,0,0,2,1,5,0
1492-2,1,182,mesta,77,37,1,109,7,2,1,0,11,31,0,0,0,2,1,4,0
1492-2,1,183,mesta,77,37,1,114,8,2,0,0,11,31,0,0,0,2,1,4,0
1492-2,1,184,mesta,77,37,1,119,9,2,0,0,11,31,0,0,0,2,1,4,0
1492-2,1,185,mesta,77,37,1,109,7,2,0,0,8,28,0,0,0,2,1,4,0
1492-2,1,186,mesta,77,37,1,90,8,2,0,0,8,28,0,0,0,2,1,4,0
1492-2,1,187,mesta,77,37,1,93,9,2,0,0,8,28,0,0,0,2,1,4,0
1492-2,1,188,mesta,77,37,1,97,10,2,0,0,8,28,0,0,0,2,1,4,0
1492-2,1,189,mesta,77,37,1,101,11,2,0,0,8,28,0,0,0,2,1,4,0
1492-2,1,190,mesta,77,37,1,98,12,2,0,0,8,28,0,0,0,2,1,4,0
1492-2,1,191,mesta,77,37,1,92,10,2,0,0,5,25,0,0,0,2,1,4,0
1492-2,1,192,mesta,77,37,1,94,8,2,0,0,5,22,0,0,0,2,1,4,0
1492-2,1,193,mesta,77,37,1,98,6,2,0,0,5,22,0,0,0,2,1,4,0
1492-2,1,194,mesta,77,37,1,90,4,2,0,0,5,22,0,0,0,2,1,4,0
1492-2,1,195,mesta,76,37,1,92,4,2,0,0,5,22,1,0,0,2,1,4,0
1492-2,1,196,mesta,75,37,1,95,4,2,0,0,5,22,1,0,0,2,1,4,0
1492-2,1,197,mesta,74,36,1,94,4,2,0,0,6,23,1,0,0,2,1,4,0
1492-2,1,198,mesta,73,35,1,101,1,2,0,0,6,26,1,0,0,2,1,4,0
1492-2,1,199,mesta,71,34,1,106,1,2,0,0,6,26,1,0,0,2,1,4,0
1492-2,1,200,mesta,70,33,1,107,1,2,0,0,6,26,1,0,0,2,1,4,0
1492-2,1,1,monjes,27,56,1,28,68,0,0,0,15,27,0,0,0,0,1,4,0
1492-2,1,2,monjes,26,54,1,9,55,0,0,0,15,20,0,0,0,0,1,2,0
1492-2,1,3,monjes,26,54,1,0,43,0,0,0,15,20,0,0,0,0,1,5,0
1492-2,1,4,monjes,44,54,1,1,40,0,0,0,15,20,0,0,0,1,1,0,1
1492-2,1,5,monjes,45,56,1,2,42,0,0,0,20,25,0,2,0,1,1,0,1
1492-2,1,6,monjes,45,58,1,16,56,0,0,0,30,48,0,0,0,1,1,1,0
1492-2,1,7,monjes,46,60,1,30,70,0,0,0,30,48,0,0,0,1,1,0,1
1492-2,1,8,monjes,45,58,1,26,68,0,0,0,30,50,0,0,0,1,1,6,0
1492-2,1,9,monjes,53,56,1,20,72,0,0,0,30,48,0,0,0,1,1,1,0
1492-2,1,10,monjes,53,58,1,34,85,0,0,0,30,48,0,0,0,1,1,1,0
1492-2,1,11,monjes,69,60,1,46,126,0,0,0,60,75,0,0,0,2,1,0,1
1492-2,1,12,monjes,69,63,1,59,165,0,0,0,60,76,0,0,0,2,1,0,1
1492-2,1,13,monjes,70,66,1,72,202,0,0,0,60,76,0,0,0,2,1,0,1
1492-2,1,14,monjes,70,69,1,77,237,0,0,0,60,76,0,0,0,2,1,2,0
1492-2,1,15,monjes,71,72,1,78,261,0,0,0,60,76,0,0,0,2,1,3,0
1492-2,1,16,monjes,72,75,1,100,283,0,0,0,60,77,0,0,0,2,1,3,0
1492-2,1,17,monjes,72,78,1,101,263,0,0,0,37,54,0,0,0,2,1,13,0
1492-2,1,18,monjes,81,81,1,101,265,0,0,0,37,54,0,0,0,2,1,3,0
1492-2,1,19,monjes,82,85,1,102,266,0,0,0,37,56,0,0,0,2,1,3,0
1492-2,1,20,monjes,82,89,1,102,266,0,0,0,37,56,0,0,0,2,1,3,0
1492-2,1,21,monjes,83,90,1,102,252,0,0,0,37,56,0,0,0,2,1,13,0
1492-2,1,22,monjes,91,90,1,105,252,0,0,0,37,57,0,0,0,2,1,3,0
1492-2,1,23,monjes,91,90,1,100,238,0,0,0,22,42,0,0,0,2,1,3,0
1492-2,1,24,monjes,91,90,1,96,224,0,0,0,22,36,0,0,0,2,1,3,0
1492-2,1,25,monjes,91,90,1,98,202,0,0,0,22,36,0,0,0,2,1,8,0
1492-2,1,26,monjes,99,90,1,102,180,0,0,0,22,36,0,0,0,2,1,7,0
1492-2,1,27,monjes,99,90,1,83,173,0,0,0,22,36,0,0,0,2,1,2,0
1492-2,1,28,monjes,99,90,1,87,167,0,0,0,22,36,0,0,0,2,1,2,0
1492-2,1,29,monjes,99,90,1,84,160,0,0,0,30,44,0,0,0,2,1,7,0
1492-2,1,30,monjes,99,90,1,87,150,0,0,0,30,50,0,0,0,2,1,7,0
1492-2,1,31,monjes,106,89,1,90,142,0,0,0,30,50,0,0,0,2,1,5,0
1492-2,1,32,monjes,107,90,1,82,144,0,0,0,30,49,0,0,0,2,1,2,0
1492-2,1,33,monjes,186,96,2,88,146,0,0,0,30,50,0,0,0,3,1,3,0
1492-2,1,34,monjes,186,97,2,76,135,0,0,0,30,50,0,0,0,3,1,8,0
1492-2,1,35,monjes,194,98,2,79,163,0,0,0,60,80,0,1,0,3,1,3,0
1492-2,1,36,monjes,194,99,2,71,213,0,0,0,78,98,0,0,0,3,1,2,0
1492-2,1,37,monjes,195,100,2,80,246,0,0,0,78,98,0,1,0,3,1,4,0
1492-2,1,38,monjes,195,101,2,101,274,0,0,0,72,95,0,0,0,3,1,3,0
1492-2,1,39,monjes,195,102,2,96,302,0,0,0,73,96,0,1,0,3,1,4,0
1492-2,1,40,monjes,195,103,2,89,331,0,0,0,75,98,0,0,0,3,1,3,0
1492-2,1,41,monjes,195,103,2,116,320,0,0,0,47,70,0,1,0,3,1,12,0
1492-2,1,42,monjes,195,100,2,83,310,0,0,0,43,64,0,0,0,3,1,4,0
1492-2,1,43,monjes,284,107,3,103,295,0,0,0,45,67,0,0,0,4,1,9,0
1492-2,1,44,monjes,284,109,3,85,296,0,0,0,45,67,0,0,0,4,1,5,0
1492-2,1,45,monjes,293,111,3,98,294,0,0,0,57,79,0,1,0,4,1,9,0
1492-2,1,46,monjes,292,108,3,99,314,0,0,0,73,95,0,0,0,4,1,6,0
1492-2,1,47,monjes,293,110,3,91,309,0,0,0,42,65,0,0,0,4,1,3,0
1492-2,1,48,monjes,293,112,3,55,265,0,0,0,43,60,0,0,0,4,1,5,0
1492-2,1,49,monjes,303,120,4,112,291,0,0,0,47,64,0,1,0,4,1,8,0
1492-2,1,50,monjes,311,123,4,82,274,0,0,0,44,63,0,0,0,4,1,9,0
1492-2,1,51,monjes,311,121,4,84,263,0,0,0,46,65,0,0,0,4,1,6,0
1492-2,1,52,monjes,311,124,4,83,261,0,0,0,47,66,0,0,0,4,1,3,0
1492-2,1,53,monjes,312,127,4,84,261,0,0,0,61,83,0,0,0,4,1,8,0
1492-2,1,54,monjes,322,136,5,79,262,0,0,0,63,92,0,0,0,4,1,9,0
1492-2,1,55,monjes,331,140,5,93,271,0,0,0,65,94,0,1,0,4,1,4,0
1492-2,1,56,monjes,330,139,5,57,247,0,0,0,76,105,0,0,0,4,1,7,0
1492-2,1,57,monjes,331,143,5,81,272,0,0,0,80,110,0,0,0,4,1,2,0
1492-2,1,58,monjes,341,153,6,101,338,0,0,0,81,111,0,0,0,4,1,4,0
1492-2,1,59,monjes,342,158,6,51,395,0,0,0,159,190,0,1,0,4,1,6,0
1492-2,1,60,monjes,343,163,6,63,499,0,0,0,174,205,0,0,0,4,1,2,0
1492-2,1,61,monjes,359,204,7,83,598,0,0,0,176,207,0,1,0,4,1,3,0
1492-2,1,62,monjes,361,210,7,37,641,0,0,0,169,207,0,0,0,4,1,6,0
1492-2,1,63,monjes,362,216,7,59,717,0,0,0,170,211,0,1,0,4,1,3,0
1492-2,1,64,monjes,377,253,8,70,810,0,0,0,191,233,0,0,0,4,1,2,0
1492-2,1,65,monjes,379,260,8,84,802,0,0,0,120,168,0,1,0,4,1,16,0
1492-2,1,66,monjes,380,268,8,89,814,0,0,0,119,168,0,0,0,4,1,3,0
1492-2,1,67,monjes,390,276,8,94,823,0,0,0,120,170,0,1,0,4,1,4,0
1492-2,1,68,monjes,391,284,8,73,833,0,0,0,121,172,0,0,0,4,1,3,0
1492-2,1,69,monjes,393,292,8,77,839,0,0,0,123,175,0,1,0,4,1,3,0
1492-2,1,70,monjes,395,300,8,91,820,0,0,0,124,175,0,1,0,4,1,14,0
1492-2,1,71,monjes,395,303,8,79,787,0,0,0,88,141,0,0,0,4,1,6,0
1492-2,1,72,monjes,405,311,8,92,757,0,0,0,87,134,0,0,0,4,1,4,0
1492-2,1,73,monjes,416,326,9,86,727,0,0,0,88,138,0,1,0,4,1,6,0
1492-2,1,74,monjes,418,337,9,83,685,0,0,0,90,141,0,1,0,4,1,9,0
1492-2,1,75,monjes,418,339,9,49,650,0,0,0,90,142,0,0,0,4,1,4,0
1492-2,1,76,monjes,420,347,9,65,604,0,0,0,90,142,0,1,0,4,1,7,0
1492-2,1,77,monjes,422,358,9,70,588,0,0,0,110,162,0,2,0,4,1,2,0
1492-2,1,78,monjes,424,367,9,84,585,0,0,0,121,180,0,1,0,4,1,4,0
1492-2,1,79,monjes,434,376,9,90,592,0,0,0,133,195,0,1,0,4,1,4,0
1492-2,1,80,monjes,436,385,9,61,588,0,0,0,134,198,0,0,0,4,1,8,0
1492-2,1,81,monjes,437,394,9,80,589,0,0,0,135,199,0,2,0,4,1,3,0
1492-2,1,82,monjes,439,403,9,95,598,0,0,0,151,215,0,1,0,4,1,10,0
1492-2,1,83,monjes,449,412,9,89,748,0,0,0,286,353,0,0,0,4,1,4,0
1492-2,1,84,monjes,451,422,9,100,889,0,0,0,288,357,0,0,0,4,1,3,0
1492-2,1,85,monjes,453,434,9,94,1026,0,0,0,290,362,0,0,0,4,1,3,0
1492-2,1,86,monjes,456,446,9,99,1153,0,0,0,290,362,0,0,0,4,1,3,0
1492-2,1,87,monjes,458,458,9,103,1270,0,0,0,290,362,0,1,0,4,1,4,0
1492-2,1,88,monjes,461,470,9,83,1383,0,0,0,290,364,0,0,0,4,1,3,0
1492-2,1,89,monjes,463,482,9,92,1373,0,0,0,191,267,0,1,0,4,1,13,0
1492-2,1,90,monjes,466,495,9,102,1384,0,0,0,197,276,0,1,0,4,1,4,0
1492-2,1,91,monjes,476,509,9,105,1395,0,0,0,198,285,0,0,0,4,1,4,0
1492-2,1,92,monjes,479,524,9,110,1402,0,0,0,198,287,0,0,0,4,1,4,0
1492-2,1,93,monjes,482,536,9,105,1398,0,0,0,200,289,0,0,0,4,1,8,0
1492-2,1,94,monjes,484,548,9,113,1398,0,0,0,200,292,0,1,0,4,1,3,0
1492-2,1,95,monjes,485,551,9,113,1335,0,0,0,139,234,0,0,0,4,1,7,0
1492-2,1,96,monjes,485,551,9,110,1275,0,0,0,137,226,0,0,0,4,1,3,0
1492-2,1,97,monjes,495,560,10,116,1219,0,0,0,137,226,0,1,0,4,1,5,0
1492-2,1,98,monjes,494,556,10,73,1137,0,0,0,139,228,0,0,0,4,1,11,0
1492-2,1,99,monjes,494,556,10,102,1065,0,0,0,139,228,0,1,0,4,1,9,0
1492-2,1,100,monjes,494,556,10,100,1009,0,0,0,139,228,0,1,0,4,1,3,0
1492-2,1,101,monjes,498,578,10,102,999,0,0,0,178,267,0,1,0,4,1,3,0
1492-2,1,102,monjes,501,592,10,100,981,0,0,0,180,276,0,0,0,4,1,6,0
1492-2,1,103,monjes,513,612,10,110,953,0,0,0,174,272,0,1,0,4,1,4,0
1492-2,1,104,monjes,517,633,10,124,929,0,0,0,173,274,0,0,0,4,1,3,0
1492-2,1,105,monjes,521,653,10,120,903,0,0,0,174,277,0,0,0,4,1,5,0
1492-2,1,106,monjes,534,676,11,123,872,0,1,0,174,282,0,1,0,4,1,7,0
1492-2,1,107,monjes,537,692,11,92,967,0,2,0,308,416,0,0,0,4,1,6,0
1492-2,1,108,monjes,540,706,11,128,1043,0,1,0,309,422,0,2,0,4,1,11,0
1492-2,1,109,monjes,543,721,11,120,1147,0,1,0,330,444,0,1,0,4,1,5,0
1492-2,1,110,monjes,546,736,11,143,1242,0,2,0,331,446,0,0,0,4,1,3,0
1492-2,1,111,monjes,549,751,11,125,1332,0,2,0,332,450,0,0,0,4,1,3,0
1492-2,1,112,monjes,560,766,11,129,1414,0,2,0,334,452,0,1,0,4,1,4,0
1492-2,1,113,monjes,563,784,11,136,1382,0,2,0,220,345,0,0,0,4,1,3,0
1492-2,1,114,monjes,567,802,11,133,1348,0,2,0,223,348,0,1,0,4,1,4,0
1492-2,1,115,monjes,571,821,11,117,1315,0,2,0,224,354,0,0,0,4,1,3,0
1492-2,1,116,monjes,575,843,11,124,1273,0,2,0,225,358,0,2,0,4,1,5,0
1492-2,1,117,monjes,579,861,11,153,1233,0,2,0,228,363,0,2,0,4,1,4,0
1492-2,1,118,monjes,583,880,11,183,1205,0,2,0,236,372,0,0,0,4,1,4,0
1492-2,1,119,monjes,583,880,11,164,1109,0,2,0,169,306,0,0,0,4,1,5,0
1492-2,1,120,monjes,583,884,11,198,1022,0,2,0,169,300,0,0,0,4,1,6,0
1492-2,1,121,monjes,583,880,11,202,925,0,2,0,169,300,0,0,0,4,1,5,0
1492-2,1,122,monjes,583,880,11,226,826,0,2,0,169,300,0,0,0,4,1,10,0
1492-2,1,123,monjes,583,880,11,200,747,0,2,0,169,300,0,0,0,4,1,4,0
1492-2,1,124,monjes,583,880,11,224,671,0,2,0,169,300,0,0,0,4,1,5,0
1492-2,1,125,monjes,591,880,11,247,633,0,2,0,205,336,0,0,0,4,1,4,0
1492-2,1,126,monjes,591,880,11,275,596,0,2,0,205,341,0,0,0,4,1,4,0
1492-2,1,127,monjes,591,880,11,253,561,0,2,0,205,341,0,0,0,4,1,4,0
1492-2,1,128,monjes,591,880,11,281,519,0,2,0,205,341,0,0,0,4,1,10,0
1492-2,1,129,monjes,599,880,11,309,487,0,2,0,205,341,0,0,0,4,1,4,0
1492-2,1,130,monjes,599,880,11,337,456,0,2,0,205,341,0,0,0,4,1,4,0
1492-2,1,131,monjes,603,903,11,315,566,0,2,0,350,486,0,0,0,4,1,4,0
1492-2,1,132,monjes,607,923,11,337,661,0,0,0,351,493,0,0,0,4,1,10,0
1492-2,1,133,monjes,619,943,11,322,754,0,0,0,354,499,0,1,0,4,1,6,0
1492-2,1,134,monjes,622,956,11,323,845,0,2,0,364,512,0,1,0,4,1,6,0
1492-2,1,135,monjes,624,969,11,368,951,0,4,0,387,539,0,1,0,4,1,5,0
1492-2,1,136,monjes,627,981,11,398,1067,0,3,0,414,566,0,1,0,4,1,10,0
1492-2,1,137,monjes,628,987,11,393,1067,0,3,0,288,442,0,1,0,4,1,7,0
1492-2,1,138,monjes,639,1002,11,439,1081,0,3,0,306,461,0,2,0,4,1,6,0
1492-2,1,139,monjes,641,1012,11,455,1049,0,3,0,309,464,0,1,0,4,1,8,0
1492-2,1,140,monjes,644,1027,11,502,1061,0,3,0,306,463,0,0,0,4,1,4,0
1492-2,1,141,monjes,665,1090,12,501,1072,0,3,0,308,467,0,0,0,4,1,4,0
1492-2,1,142,monjes,669,1113,12,535,1060,0,3,0,310,477,0,0,0,4,1,12,0
1492-2,1,143,monjes,669,1113,12,576,952,0,3,0,212,381,0,0,0,4,1,5,0
1492-2,1,144,monjes,677,1113,12,621,850,0,3,0,212,375,0,1,0,4,1,5,0
1492-2,1,145,monjes,677,1113,12,616,761,0,3,0,219,382,0,1,0,4,1,4,0
1492-2,1,146,monjes,677,1113,12,646,675,0,3,0,219,386,0,0,0,4,1,6,0
1492-2,1,147,monjes,677,1113,12,691,579,0,3,0,219,386,0,1,0,4,1,10,0
1492-2,1,148,monjes,677,1113,12,736,500,0,3,0,219,386,0,1,0,4,1,4,0
1492-2,1,149,monjes,686,1118,12,731,484,0,3,0,281,448,0,0,0,4,1,4,0
1492-2,1,150,monjes,689,1131,12,784,472,0,3,0,285,460,0,1,0,4,1,5,0
1492-2,1,151,monjes,691,1144,12,837,460,0,3,0,286,462,0,0,0,4,1,5,0
1492-2,1,152,monjes,691,1144,12,892,414,0,3,0,254,432,0,0,0,4,1,4,0
1492-2,1,153,monjes,691,1144,12,897,370,0,3,0,254,432,0,0,0,4,1,4,0
1492-2,1,154,monjes,691,1144,12,952,328,0,3,0,254,432,0,0,0,4,1,5,0
1492-2,1,155,monjes,694,1155,12,1007,473,0,3,0,447,625,0,0,0,4,1,4,0
1492-2,1,156,monjes,696,1166,12,1064,612,0,3,0,449,629,0,0,0,4,1,4,0
1492-2,1,157,monjes,698,1177,12,1073,743,0,3,0,450,632,0,0,0,4,1,4,0
1492-2,1,158,monjes,700,1188,12,1133,857,0,2,0,451,634,0,0,0,4,1,10,0
1492-2,1,159,monjes,710,1197,12,1193,976,0,2,0,453,636,0,0,0,4,1,4,0
1492-2,1,160,monjes,711,1202,12,1255,1088,0,2,0,453,638,0,0,0,4,1,4,0
1492-2,1,161,monjes,712,1207,12,1267,1054,0,2,0,307,492,0,0,0,4,1,4,0
1492-2,1,162,monjes,713,1213,12,1331,1021,0,2,0,307,494,0,0,0,4,1,5,0
1492-2,1,163,monjes,715,1220,12,1397,975,0,2,0,307,496,0,0,0,4,1,9,0
1492-2,1,164,monjes,716,1227,12,1463,941,0,2,0,307,496,0,0,0,4,1,4,0
1492-2,1,165,monjes,725,1230,12,1479,907,0,2,0,307,496,0,0,0,4,1,4,0
1492-2,1,166,monjes,725,1231,12,1545,874,0,2,0,307,496,0,0,0,4,1,5,0
1492-2,1,167,monjes,725,1231,12,1613,744,0,2,0,205,396,0,0,0,4,1,4,0
1492-2,1,168,monjes,725,1231,12,1645,581,0,2,0,205,390,0,0,0,4,1,5,0
1492-2,1,169,monjes,725,1231,12,1657,450,0,2,0,192,377,0,0,0,4,1,4,0
1492-2,1,170,monjes,743,1281,13,1689,323,0,2,0,192,377,0,0,0,4,1,5,0
1492-2,1,171,monjes,743,1281,13,1646,190,0,2,0,192,386,0,0,0,4,1,7,0
1492-2,1,172,monjes,744,1285,13,1687,66,0,1,0,192,383,0,0,0,4,1,5,0
1492-2,1,173,monjes,743,1285,13,1662,47,0,1,0,258,449,1,1,0,4,1,5,0
1492-2,1,174,monjes,742,1285,13,1702,44,0,2,0,269,466,1,1,0,4,1,4,0
1492-2,1,175,monjes,734,1254,13,1752,44,0,3,0,280,477,1,0,0,4,1,3,0
1492-2,1,176,monjes,727,1223,13,1785,47,0,3,0,280,465,1,0,0,4,1,3,0
1492-2,1,177,monjes,720,1192,13,1819,47,0,3,0,280,463,1,0,0,4,1,3,0
1492-2,1,178,monjes,713,1161,13,1854,47,0,3,0,280,461,1,0,0,4,1,3,0
1492-2,1,179,monjes,723,1213,13,1869,298,0,3,0,546,724,0,0,0,4,1,3,0
1492-2,1,180,monjes,734,1265,13,1860,522,0,3,0,546,727,0,1,0,4,1,6,0
1492-2,1,181,monjes,739,1291,13,1917,748,0,3,0,572,761,0,0,0,4,1,5,0
1492-2,1,182,monjes,741,1301,13,1960,950,0,3,0,572,771,0,0,0,4,1,5,0
1492-2,1,183,monjes,743,1311,13,2023,1135,0,1,0,572,771,0,0,0,4,1,9,0
1492-2,1,184,monjes,745,1322,13,2023,1324,0,1,0,572,773,0,0,0,4,1,5,0
1492-2,1,185,monjes,755,1333,13,2102,1287,0,2,0,349,550,0,0,0,4,1,5,0
1492-2,1,186,monjes,757,1342,13,2168,1252,0,2,0,349,552,0,0,0,4,1,4,0
1492-2,1,187,monjes,759,1351,13,2206,1178,0,2,0,349,553,0,0,0,4,1,5,0
1492-2,1,188,monjes,760,1356,13,2230,1130,0,2,0,349,555,0,0,0,4,1,12,0
1492-2,1,189,monjes,785,1401,14,2251,1096,0,2,0,349,556,0,0,0,4,1,5,0
1492-2,1,190,monjes,785,1401,14,2309,1052,0,2,0,349,563,0,0,0,4,1,7,0
1492-2,1,191,monjes,785,1401,14,2369,876,0,2,0,213,425,0,0,0,4,1,5,0
1492-2,1,192,monjes,786,1405,14,2385,697,0,2,0,213,419,0,1,0,4,1,10,0
1492-2,1,193,monjes,786,1405,14,2388,555,0,2,0,233,439,0,1,0,4,1,5,0
1492-2,1,194,monjes,794,1405,14,2454,425,0,2,0,240,446,0,0,0,4,1,6,0
1492-2,1,195,monjes,794,1405,14,2520,301,0,2,0,240,446,0,1,0,4,1,4,0
1492-2,1,196,monjes,794,1405,14,2586,190,0,2,0,247,453,0,0,0,4,1,4,0
1492-2,1,197,monjes,794,1405,14,2559,118,0,0,0,318,524,0,0,0,4,1,4,0
1492-2,1,198,monjes,794,1405,14,2574,89,0,0,0,318,530,0,0,0,4,1,5,0
1492-2,1,199,monjes,816,1475,15,2601,58,0,2,0,318,530,0,0,0,4,1,4,0
1492-2,1,200,monjes,815,1475,15,2666,44,0,4,0,318,542,1,0,0,4,1,5,0
1492-2,1,1,salineros,23,36,1,19,69,0,9,0,9,28,0,0,0,0,1,4,0
1492-2,1,2,salineros,23,36,1,18,67,0,18,0,9,23,0,0,0,0,1,1,0
1492-2,1,3,salineros,23,36,1,17,65,0,27,0,9,23,0,0,0,0,1,0,1
1492-2,1,4,salineros,23,36,1,16,63,0,36,0,9,23,0,0,0,0,1,0,1
1492-2,1,5,salineros,23,37,1,15,64,0,45,0,12,26,0,1,0,0,1,0,1
1492-2,1,6,salineros,23,38,1,17,67,0,65,0,12,40,0,0,0,0,1,0,1
1492-2,1,7,salineros,38,39,1,19,70,0,85,0,12,40,0,0,0,1,1,0,1
1492-2,1,8,salineros,39,40,1,1,73,0,104,0,12,39,0,0,0,1,1,0,1
1492-2,1,9,salineros,39,42,1,5,73,0,123,0,12,41,0,0,0,1,1,0,1
1492-2,1,10,salineros,39,44,1,9,73,0,141,0,12,40,0,1,0,1,1,0,1
1492-2,1,11,salineros,40,46,1,21,87,0,149,0,25,61,0,0,0,1,1,3,0
1492-2,1,12,salineros,39,44,1,104,91,0,156,0,25,60,0,0,0,1,1,3,0
1492-2,1,13,salineros,39,42,1,140,83,0,169,0,25,60,0,0,0,1,1,9,0
1492-2,1,14,salineros,56,39,1,132,88,0,182,0,25,59,0,0,0,2,1,4,0
1492-2,1,15,salineros,57,40,1,141,104,0,194,0,25,57,0,0,0,2,1,3,0
1492-2,1,16,salineros,57,42,1,151,119,0,206,0,25,59,0,0,0,2,1,3,0
1492-2,1,17,salineros,57,44,1,160,125,0,217,0,16,49,0,0,0,2,1,3,0
1492-2,1,18,salineros,58,46,1,168,130,0,228,0,16,49,0,0,0,2,1,3,0
1492-2,1,19,salineros,58,48,1,176,125,0,238,0,16,48,0,0,0,2,1,8,0
1492-2,1,20,salineros,67,50,1,188,129,0,248,0,16,48,0,0,0,2,1,3,0
1492-2,1,21,salineros,67,52,1,200,133,0,257,0,16,49,0,0,0,2,1,3,0
1492-2,1,22,salineros,67,54,1,212,136,0,266,0,16,49,0,0,0,2,1,3,0
1492-2,1,23,salineros,67,54,1,223,132,0,274,0,9,41,0,0,0,2,1,3,0
1492-2,1,24,salineros,67,54,1,232,116,0,282,0,9,36,0,0,0,2,1,8,0
1492-2,1,25,salineros,75,54,1,240,112,0,289,0,9,35,0,0,0,2,1,3,0
1492-2,1,26,salineros,75,54,1,246,108,0,296,0,9,35,0,0,0,2,1,3,0
1492-2,1,27,salineros,75,54,1,252,104,0,303,0,9,35,0,0,0,2,1,3,0
1492-2,1,28,salineros,75,54,1,257,88,0,310,0,9,34,0,0,0,2,1,8,0
1492-2,1,29,salineros,83,54,1,266,87,0,317,0,12,37,0,0,0,2,1,3,0
1492-2,1,30,salineros,83,54,1,279,86,0,323,0,12,41,0,0,0,2,1,3,0
1492-2,1,31,salineros,83,54,1,291,85,0,329,0,12,41,0,0,0,2,1,3,0
1492-2,1,32,salineros,83,54,1,302,72,0,334,0,12,40,0,0,0,2,1,8,0
1492-2,1,33,salineros,91,54,1,318,71,0,339,0,12,40,0,0,0,2,1,4,0
1492-2,1,34,salineros,91,54,1,336,74,0,343,0,12,39,0,0,0,2,1,4,0
1492-2,1,35,salineros,92,56,1,353,90,0,347,0,25,52,0,0,0,2,1,4,0
1492-2,1,36,salineros,92,58,1,363,94,0,349,0,25,52,0,0,0,2,1,8,0
1492-2,1,37,salineros,101,60,1,375,105,0,352,0,25,52,0,0,0,2,1,3,0
1492-2,1,38,salineros,101,60,1,387,115,0,355,0,25,54,0,0,0,2,1,3,0
1492-2,1,39,salineros,101,60,1,399,125,0,358,0,25,54,0,0,0,2,1,3,0
1492-2,1,40,salineros,101,60,1,415,135,0,361,0,25,54,0,0,0,2,1,3,0
1492-2,1,41,salineros,101,60,1,429,136,0,364,0,16,45,0,0,0,2,1,3,0
1492-2,1,42,salineros,101,60,1,443,137,0,367,0,16,45,0,0,0,2,1,3,0
1492-2,1,43,salineros,101,64,1,466,143,0,370,0,16,45,0,0,0,2,1,4,0
1492-2,1,44,salineros,101,60,1,463,133,0,373,0,16,45,0,0,0,2,1,4,0
1492-2,1,45,salineros,101,60,1,478,123,0,376,0,16,45,0,0,0,2,1,8,0
1492-2,1,46,salineros,101,60,1,492,124,0,379,0,16,45,0,0,0,2,1,3,0
1492-2,1,47,salineros,109,60,1,511,118,0,381,0,9,38,0,0,0,2,1,3,0
1492-2,1,48,salineros,109,60,1,497,112,0,384,0,9,32,0,0,0,2,1,3,0
1492-2,1,49,salineros,109,60,1,486,106,0,387,0,9,32,0,0,0,2,1,3,0
1492-2,1,50,salineros,109,60,1,475,100,0,391,0,9,32,0,0,0,2,1,3,0
1492-2,1,51,salineros,109,60,1,462,94,0,395,0,9,32,0,0,0,2,1,3,0
1492-2,1,52,salineros,109,60,1,447,76,0,399,0,9,32,0,0,0,2,1,8,0
1492-2,1,53,salineros,109,60,1,454,73,0,403,0,12,35,0,0,0,2,1,4,0
1492-2,1,54,salineros,109,60,1,465,74,0,407,0,12,41,0,0,0,2,1,4,0
1492-2,1,55,salineros,117,60,1,475,75,0,411,0,12,41,0,0,0,2,1,4,0
1492-2,1,56,salineros,117,60,1,484,76,0,415,0,12,41,0,0,0,2,1,4,0
1492-2,1,57,salineros,117,60,1,493,77,0,419,0,12,41,0,0,0,2,1,4,0
1492-2,1,58,salineros,117,60,1,501,78,0,423,0,12,41,0,0,0,2,1,4,0
1492-2,1,59,salineros,117,60,1,508,92,0,427,0,25,54,0,0,0,2,1,4,0
1492-2,1,60,salineros,117,60,1,493,106,0,430,0,25,54,0,0,0,2,1,3,0
1492-2,1,61,salineros,117,60,1,483,116,0,433,0,25,54,0,0,0,2,1,3,0
1492-2,1,62,salineros,117,60,1,473,126,0,436,0,25,54,0,0,0,2,1,3,0
1492-2,1,63,salineros,117,64,1,481,139,0,439,0,25,54,0,0,0,2,1,4,0
1492-2,1,64,salineros,117,60,1,462,138,0,442,0,25,54,0,0,0,2,1,4,0
1492-2,1,65,salineros,117,60,1,461,129,0,445,0,19,48,0,0,0,2,1,8,0
1492-2,1,66,salineros,117,60,1,488,133,0,445,0,19,48,0,0,0,2,1,3,0
1492-2,1,67,salineros,125,60,1,571,137,0,441,0,19,48,0,0,0,2,1,2,0
1492-2,1,68,salineros,125,60,1,673,141,0,437,0,19,48,0,0,0,2,1,2,0
1492-2,1,69,salineros,125,60,1,787,145,0,433,0,19,48,0,0,0,2,1,2,0
1492-2,1,70,salineros,125,60,1,866,109,0,429,0,19,48,0,0,0,2,1,3,0
1492-2,1,71,salineros,125,60,1,920,103,0,425,0,9,38,0,0,0,2,1,3,0
1492-2,1,72,salineros,161,100,2,1013,97,0,422,0,9,32,0,0,0,3,1,3,0
1492-2,1,73,salineros,161,100,2,1046,41,0,427,0,9,40,0,0,0,3,1,5,0
1492-2,1,74,salineros,160,100,2,1055,47,0,433,0,9,40,1,0,0,3,1,6,0
1492-2,1,75,salineros,205,140,3,1066,44,0,439,0,9,40,1,1,0,4,1,4,0
1492-2,1,76,salineros,204,141,3,1085,45,0,445,0,13,52,1,0,0,4,1,7,0
1492-2,1,77,salineros,202,138,3,1089,44,0,451,0,17,52,1,0,0,4,1,5,0
1492-2,1,78,salineros,201,135,3,1097,44,0,457,0,16,53,1,0,0,4,1,5,0
1492-2,1,79,salineros,199,132,3,1116,44,0,461,0,16,49,1,0,0,4,1,4,0
1492-2,1,80,salineros,197,129,3,1143,44,0,467,0,16,49,1,0,0,4,1,3,0
1492-2,1,81,salineros,196,126,3,1157,47,0,472,0,14,44,1,0,0,4,1,3,0
1492-2,1,82,salineros,194,123,3,1170,47,0,477,0,14,44,1,0,0,4,1,4,0
1492-2,1,83,salineros,194,123,3,1126,10,0,479,0,26,47,0,0,0,4,1,3,0
1492-2,1,84,salineros,194,123,3,1126,13,0,483,0,30,53,0,2,0,4,1,5,0
1492-2,1,85,salineros,143,107,2,1112,32,0,487,0,23,42,0,1,0,4,1,4,0
1492-2,1,86,salineros,143,107,2,1112,33,0,491,0,23,52,0,0,0,4,1,5,0
1492-2,1,87,salineros,143,107,2,1111,32,0,495,0,23,52,0,1,0,4,1,5,0
1492-2,1,88,salineros,144,111,2,1104,49,0,500,0,41,71,0,1,0,4,1,5,0
1492-2,1,89,salineros,144,111,2,1067,20,0,505,0,36,66,0,1,0,4,1,6,0
1492-2,1,90,salineros,144,114,2,1027,37,0,510,0,42,72,0,1,0,4,1,5,0
1492-2,1,91,salineros,160,152,3,1042,61,0,514,0,48,79,0,0,0,4,1,7,0
1492-2,1,92,salineros,161,158,3,1043,71,0,518,0,48,85,0,2,0,4,1,5,0
1492-2,1,93,salineros,162,164,3,1002,82,0,522,0,48,85,0,1,0,4,1,5,0
1492-2,1,94,salineros,164,171,3,1014,101,0,526,0,56,95,0,0,0,4,1,5,0
1492-2,1,95,salineros,163,167,3,1004,90,0,530,0,37,76,0,0,0,4,1,5,0
1492-2,1,96,salineros,163,167,3,984,50,0,535,0,37,76,0,0,0,4,1,5,0
1492-2,1,97,salineros,163,167,3,943,50,0,540,0,37,76,0,0,0,4,1,4,0
1492-2,1,98,salineros,182,222,4,902,50,0,545,0,37,76,0,0,0,4,1,5,0
1492-2,1,99,salineros,182,222,4,902,36,0,550,0,37,86,0,0,0,4,1,6,0
1492-2,1,100,salineros,182,222,4,886,20,0,555,0,37,86,0,0,0,4,1,5,0
1492-2,1,101,salineros,182,222,4,848,11,0,560,0,46,95,0,1,0,4,1,5,0
1492-2,1,102,salineros,182,222,4,838,12,0,565,0,54,107,0,0,0,4,1,6,0
1492-2,1,103,salineros,182,222,4,854,11,0,570,0,54,107,0,1,0,4,1,4,0
1492-2,1,104,salineros,182,222,4,860,12,0,582,0,54,114,0,1,0,4,1,4,0
1492-2,1,105,salineros,182,222,4,825,13,0,602,0,54,122,0,1,0,4,1,5,0
1492-2,1,106,salineros,182,222,4,839,22,0,621,0,62,129,0,1,0,4,1,5,0
1492-2,1,107,salineros,184,231,4,853,70,0,639,0,101,168,0,1,0,4,1,4,0
1492-2,1,108,salineros,186,241,4,838,78,0,657,0,101,170,0,0,0,4,1,5,0
1492-2,1,109,salineros,188,251,4,804,123,0,673,0,101,170,0,0,0,4,1,5,0
1492-2,1,110,salineros,205,296,5,824,166,0,688,0,101,174,0,0,0,4,1,5,0
1492-2,1,111,salineros,207,308,5,813,168,0,701,0,126,201,0,0,0,4,1,12,0
1492-2,1,112,salineros,210,321,5,802,213,0,714,0,126,202,0,1,0,4,1,7,0
1492-2,1,113,salineros,227,369,6,831,227,0,727,0,96,178,0,0,0,4,1,6,0
1492-2,1,114,salineros,238,382,6,871,235,0,740,0,104,188,0,1,0,4,1,6,0
1492-2,1,115,salineros,240,390,6,913,247,0,753,0,109,196,0,0,0,4,1,6,0
1492-2,1,116,salineros,241,397,6,957,257,0,764,0,109,197,0,0,0,4,1,5,0
1492-2,1,117,salineros,243,406,6,1004,265,0,775,0,109,200,0,0,0,4,1,6,0
1492-2,1,118,salineros,244,413,6,1054,271,0,786,0,109,204,0,0,0,4,1,5,0
1492-2,1,119,salineros,244,413,6,1106,235,0,797,0,71,167,0,0,0,4,1,5,0
1492-2,1,120,salineros,245,417,6,1132,159,0,809,0,71,161,0,1,0,4,1,8,0
1492-2,1,121,salineros,245,417,6,1132,124,0,822,0,71,161,0,0,0,4,1,6,0
1492-2,1,122,salineros,264,472,7,1167,92,0,835,0,71,160,0,0,0,4,1,5,0
1492-2,1,123,salineros,264,472,7,1199,49,0,849,0,71,170,0,0,0,4,1,5,0
1492-2,1,124,salineros,264,472,7,1231,6,0,863,0,71,170,0,0,0,4,1,4,0
1492-2,1,125,salineros,263,472,7,1261,4,0,878,0,89,188,1,0,0,4,1,4,0
1492-2,1,126,salineros,262,472,7,1297,4,0,891,0,82,185,1,0,0,4,1,4,0
1492-2,1,127,salineros,259,462,7,1333,4,0,904,0,82,185,1,0,0,4,1,4,0
1492-2,1,128,salineros,256,452,7,1361,4,0,917,0,82,178,1,0,0,4,1,5,0
1492-2,1,129,salineros,253,442,7,1381,4,0,928,0,76,159,1,0,0,4,1,5,0
1492-2,1,130,salineros,250,432,7,1397,4,0,939,0,75,151,1,0,0,4,1,5,0
1492-2,1,131,salineros,250,432,7,1402,24,0,949,0,124,193,0,0,0,4,1,5,0
1492-2,1,132,salineros,253,448,7,1398,42,0,959,0,124,182,0,1,0,4,1,5,0
1492-2,1,133,salineros,256,464,7,1403,67,0,967,0,135,192,0,1,0,4,1,5,0
1492-2,1,134,salineros,259,478,7,1412,112,0,974,0,157,216,0,0,0,4,1,4,0
1492-2,1,135,salineros,262,490,7,1408,157,0,980,0,160,222,0,0,0,4,1,4,0
1492-2,1,136,salineros,264,500,7,1434,200,0,987,0,166,230,0,1,0,4,1,6,0
1492-2,1,137,salineros,264,500,7,1465,184,0,994,0,111,177,0,0,0,4,1,5,0
1492-2,1,138,salineros,264,500,7,1480,169,0,1001,0,112,178,0,0,0,4,1,5,0
1492-2,1,139,salineros,264,500,7,1510,158,0,1008,0,118,184,0,1,0,4,1,6,0
1492-2,1,140,salineros,264,500,7,1540,154,0,1015,0,123,189,0,0,0,4,1,5,0
1492-2,1,141,salineros,264,502,7,1574,152,0,1023,0,125,192,0,0,0,4,1,5,0
1492-2,1,142,salineros,264,502,7,1593,153,0,1031,0,125,192,0,0,0,4,1,4,0
1492-2,1,143,salineros,264,502,7,1622,115,0,1040,0,86,153,0,0,0,4,1,6,0
1492-2,1,144,salineros,264,502,7,1640,82,0,1050,0,91,158,0,0,0,4,1,5,0
1492-2,1,145,salineros,264,502,7,1614,12,0,1061,0,91,158,0,0,0,4,1,6,0
1492-2,1,146,salineros,263,502,7,1581,4,0,1073,0,91,162,1,0,0,4,1,7,0
1492-2,1,147,salineros,287,587,8,1602,4,0,1085,0,91,166,1,1,0,4,1,4,0
1492-2,1,148,salineros,283,574,8,1629,4,0,1097,0,97,188,1,0,0,4,1,5,0
1492-2,1,149,salineros,280,561,8,1652,4,0,1109,0,117,204,1,0,0,4,1,4,0
1492-2,1,150,salineros,276,549,8,1681,4,0,1120,0,109,201,1,0,0,4,1,5,0
1492-2,1,151,salineros,273,537,8,1705,4,0,1131,0,107,187,1,0,0,4,1,6,0
1492-2,1,152,salineros,270,525,8,1723,4,0,1144,0,102,179,1,0,0,4,1,5,0
1492-2,1,153,salineros,266,513,8,1735,4,0,1157,0,93,166,1,0,0,4,1,5,0
1492-2,1,154,salineros,263,501,8,1738,4,0,1169,0,91,154,1,0,0,4,1,5,0
1492-2,1,155,salineros,266,516,8,1737,36,0,1179,0,153,212,0,0,0,4,1,5,0
1492-2,1,156,salineros,269,532,8,1735,72,0,1189,0,163,220,0,1,0,4,1,4,0
1492-2,1,157,salineros,230,478,7,1736,106,0,1198,0,163,219,0,0,0,4,1,4,0
1492-2,1,158,salineros,234,495,7,1739,156,0,1206,0,165,222,0,0,0,4,1,4,0
1492-2,1,159,salineros,236,506,7,1742,211,0,1214,0,177,237,0,0,0,4,1,6,0
1492-2,1,160,salineros,238,515,7,1750,263,0,1221,0,182,243,0,1,0,4,1,6,0
1492-2,1,161,salineros,240,525,7,1779,266,0,1230,0,135,200,0,1,0,4,1,6,0
1492-2,1,162,salineros,242,537,7,1807,273,0,1239,0,140,205,0,0,0,4,1,5,0
1492-2,1,163,salineros,244,549,7,1835,278,0,1248,0,141,207,0,0,0,4,1,5,0
1492-2,1,164,salineros,247,562,7,1813,287,0,1257,0,148,214,0,0,0,4,1,6,0
1492-2,1,165,salineros,249,573,7,1840,296,0,1266,0,151,217,0,0,0,4,1,6,0
1492-2,1,166,salineros,250,579,7,1868,308,0,1274,0,157,224,0,0,0,4,1,6,0
1492-2,1,167,salineros,250,575,7,1873,261,0,1283,0,109,183,0,0,0,4,1,8,0
1492-2,1,168,salineros,250,575,7,1856,223,0,1293,0,109,182,0,0,0,4,1,6,0
1492-2,1,169,salineros,250,575,7,1897,182,0,1304,0,106,187,0,1,0,4,1,7,0
1492-2,1,170,salineros,250,575,7,1942,147,0,1316,0,110,195,0,0,0,4,1,6,0
1492-2,1,171,salineros,250,575,7,1981,115,0,1328,0,110,199,0,0,0,4,1,5,0
1492-2,1,172,salineros,250,575,7,1972,86,0,1341,0,110,205,0,0,0,4,1,4,0
1492-2,1,173,salineros,250,575,7,2012,85,0,1354,0,138,233,0,0,0,4,1,5,0
1492-2,1,174,salineros,250,575,7,2058,84,0,1367,0,138,239,0,0,0,4,1,4,0
1492-2,1,175,salineros,250,575,7,2102,83,0,1380,0,138,239,0,0,0,4,1,4,0
1492-2,1,176,salineros,250,575,7,2096,80,0,1393,0,138,239,0,1,0,4,1,5,0
1492-2,1,177,salineros,250,575,7,2140,79,0,1406,0,138,239,0,0,0,4,1,5,0
1492-2,1,178,salineros,250,575,7,2183,78,0,1419,0,138,239,0,0,0,4,1,4,0
1492-2,1,179,salineros,251,584,7,2226,159,0,1430,0,220,321,0,0,0,4,1,4,0
1492-2,1,180,salineros,253,590,7,2191,194,0,1441,0,220,324,0,0,0,4,1,7,0
1492-2,1,181,salineros,254,596,7,2259,263,0,1450,0,220,324,0,1,0,4,1,7,0
1492-2,1,182,salineros,276,669,8,2312,336,0,1458,0,224,329,0,0,0,4,1,5,0
1492-2,1,183,salineros,277,671,8,2377,357,0,1465,0,192,301,0,1,0,4,1,6,0
1492-2,1,184,salineros,277,674,8,2393,372,0,1471,0,197,307,0,0,0,4,1,10,0
1492-2,1,185,salineros,277,674,8,2458,357,0,1478,0,155,265,0,0,0,4,1,6,0
1492-2,1,186,salineros,285,674,8,2523,342,0,1486,0,155,265,0,0,0,4,1,5,0
1492-2,1,187,salineros,285,674,8,2588,327,0,1494,0,155,265,0,0,0,4,1,6,0
1492-2,1,188,salineros,285,674,8,2597,312,0,1502,0,155,270,0,0,0,4,1,5,0
1492-2,1,189,salineros,286,677,8,2666,315,0,1510,0,175,290,0,1,0,4,1,7,0
1492-2,1,190,salineros,287,680,8,2735,331,0,1518,0,187,302,0,0,0,4,1,5,0
1492-2,1,191,salineros,287,680,8,2808,284,0,1527,0,125,240,0,0,0,4,1,6,0
1492-2,1,192,salineros,287,680,8,2824,237,0,1537,0,125,234,0,0,0,4,1,5,0
1492-2,1,193,salineros,287,680,8,2889,195,0,1548,0,130,239,0,0,0,4,1,6,0
1492-2,1,194,salineros,287,680,8,2954,153,0,1559,0,130,239,0,0,0,4,1,5,0
1492-2,1,195,salineros,287,680,8,3008,111,0,1571,0,130,239,0,0,0,4,1,5,0
1492-2,1,196,salineros,287,680,8,3008,70,0,1584,0,130,239,0,0,0,4,1,5,0
1492-2,1,197,salineros,287,680,8,3055,59,0,1597,0,157,266,0,1,0,4,1,5,0
1492-2,1,198,salineros,287,680,8,3107,60,0,1610,0,167,282,0,0,0,4,1,4,0
1492-2,1,199,salineros,287,680,8,3159,61,0,1623,0,167,282,0,0,0,4,1,4,0
1492-2,1,200,salineros,287,680,8,3160,62,0,1636,0,167,282,0,0,0,4,1,4,0
1492-3,1,1,arrieros,39,116,1,48,60,0,0,0,18,42,0,0,0,0,1,4,0
1492-3,1,2,arrieros,39,116,1,55,46,0,0,0,18,29,0,0,0,0,1,0,1
1492-3,1,3,arrieros,39,116,1,62,32,0,0,0,18,29,0,0,0,0,1,0,1
1492-3,1,4,arrieros,39,116,1,69,19,0,0,0,18,29,0,0,0,0,1,0,1
1492-3,1,5,arrieros,39,116,1,76,12,0,0,0,24,35,0,1,0,0,1,0,1
1492-3,1,6,arrieros,39,116,1,89,7,0,0,0,24,54,0,0,0,0,1,4,0
1492-3,1,7,arrieros,39,116,1,113,5,0,0,0,24,54,0,0,0,0,1,2,0
1492-3,1,8,arrieros,39,116,1,100,6,0,0,0,24,54,0,0,0,0,1,3,0
1492-3,1,9,arrieros,39,116,1,102,10,0,0,0,24,54,0,0,0,0,1,2,0
1492-3,1,10,arrieros,39,116,1,101,14,0,0,0,24,54,0,0,0,0,1,2,0
1492-3,1,11,arrieros,39,116,1,104,41,0,0,0,48,78,0,0,0,0,1,2,0
1492-3,1,12,arrieros,39,116,1,106,67,0,0,0,48,78,0,0,0,0,1,2,0
1492-3,1,13,arrieros,38,112,1,87,86,0,0,0,48,78,0,0,0,0,1,4,0
1492-3,1,14,arrieros,52,108,1,89,105,0,0,0,48,78,0,0,0,1,1,3,0
1492-3,1,15,arrieros,51,104,1,79,122,0,0,0,48,76,0,0,0,1,1,3,0
1492-3,1,16,arrieros,51,100,1,82,140,0,0,0,48,76,0,0,0,1,1,3,0
1492-3,1,17,arrieros,50,96,1,78,110,0,0,0,30,58,0,0,0,1,1,13,0
1492-3,1,18,arrieros,68,96,1,91,117,0,0,0,30,56,0,0,0,2,1,2,0
1492-3,1,19,arrieros,68,96,1,90,123,0,0,0,30,56,0,0,0,2,1,2,0
1492-3,1,20,arrieros,68,96,1,93,131,0,0,0,30,56,0,0,0,2,1,2,0
1492-3,1,21,arrieros,68,96,1,91,115,0,0,0,30,56,0,0,0,2,1,12,0
1492-3,1,22,arrieros,68,96,1,94,125,0,0,0,30,56,0,0,0,2,1,2,0
1492-3,1,23,arrieros,76,96,1,91,122,0,0,0,18,44,0,0,0,2,1,2,0
1492-3,1,24,arrieros,76,96,1,84,120,0,0,0,18,35,0,0,0,2,1,2,0
1492-3,1,25,arrieros,76,96,1,87,117,0,0,0,18,35,0,0,0,2,1,2,0
1492-3,1,26,arrieros,76,96,1,82,88,0,0,0,18,35,0,0,0,2,1,12,0
1492-3,1,27,arrieros,84,96,1,82,85,0,0,0,18,35,0,0,0,2,1,2,0
1492-3,1,28,arrieros,84,96,1,81,81,0,0,0,18,35,0,0,0,2,1,2,0
1492-3,1,29,arrieros,84,96,1,79,83,0,0,0,24,41,0,0,0,2,1,2,0
1492-3,1,30,arrieros,84,96,1,90,61,0,0,0,24,50,0,0,0,2,1,12,0
1492-3,1,31,arrieros,92,96,1,88,63,0,0,0,24,50,0,0,0,2,1,2,0
1492-3,1,32,arrieros,92,96,1,93,68,0,0,0,24,50,0,0,0,2,1,2,0
1492-3,1,33,arrieros,92,96,1,89,72,0,0,0,24,50,0,0,0,2,1,2,0
1492-3,1,34,arrieros,92,96,1,94,48,0,0,0,24,50,0,0,0,2,1,12,0
1492-3,1,35,arrieros,100,96,1,93,77,0,0,0,48,74,0,0,0,2,1,2,0
1492-3,1,36,arrieros,100,96,1,93,105,0,0,0,48,74,0,0,0,2,1,2,0
1492-3,1,37,arrieros,100,96,1,92,144,0,0,0,60,86,0,0,0,2,1,2,0
1492-3,1,38,arrieros,100,96,1,96,181,0,0,0,60,86,0,0,0,2,1,2,0
1492-3,1,39,arrieros,100,96,1,90,209,0,0,0,60,86,0,0,0,2,1,2,0
1492-3,1,40,arrieros,100,96,1,96,236,0,0,0,60,86,0,0,0,2,1,3,0
1492-3,1,41,arrieros,101,104,1,102,239,0,0,0,37,63,0,1,0,2,1,9,0
1492-3,1,42,arrieros,101,100,1,89,235,0,0,0,37,65,0,0,0,2,1,3,0
1492-3,1,43,arrieros,100,96,1,85,211,0,0,0,30,58,0,0,0,2,1,9,0
1492-3,1,44,arrieros,108,96,1,91,193,0,0,0,30,56,0,1,0,2,1,7,0
1492-3,1,45,arrieros,108,96,1,90,192,0,0,0,30,56,0,0,0,2,1,2,0
1492-3,1,46,arrieros,108,96,1,91,191,0,0,0,30,56,0,0,0,2,1,2,0
1492-3,1,47,arrieros,108,96,1,116,178,0,0,0,18,44,0,0,0,2,1,2,0
1492-3,1,48,arrieros,108,96,1,76,132,0,0,0,18,35,0,0,0,2,1,12,0
1492-3,1,49,arrieros,108,96,1,92,121,0,0,0,18,35,0,0,0,2,1,2,0
1492-3,1,50,arrieros,116,96,1,80,114,0,0,0,18,35,0,0,0,2,1,3,0
1492-3,1,51,arrieros,116,96,1,84,109,0,0,0,18,35,0,0,0,2,1,2,0
1492-3,1,52,arrieros,116,96,1,81,101,0,0,0,18,35,0,1,0,2,1,2,0
1492-3,1,53,arrieros,116,96,1,79,102,0,0,0,24,41,0,0,0,2,1,2,0
1492-3,1,54,arrieros,116,96,1,90,103,0,0,0,24,50,0,0,0,2,1,2,0
1492-3,1,55,arrieros,116,96,1,89,103,0,0,0,24,50,0,0,0,2,1,2,0
1492-3,1,56,arrieros,116,96,1,92,106,0,0,0,24,50,0,0,0,2,1,2,0
1492-3,1,57,arrieros,116,96,1,94,109,0,0,0,24,50,0,0,0,2,1,2,0
1492-3,1,58,arrieros,116,96,1,92,112,0,0,0,24,50,0,0,0,2,1,2,0
1492-3,1,59,arrieros,117,104,1,107,139,0,0,0,48,74,0,0,0,2,1,4,0
1492-3,1,60,arrieros,117,100,1,84,156,0,0,0,48,76,0,0,0,2,1,4,0
1492-3,1,61,arrieros,116,96,1,82,176,0,0,0,48,76,0,0,0,2,1,3,0
1492-3,1,62,arrieros,116,96,1,93,192,0,0,0,48,74,0,0,0,2,1,2,0
1492-3,1,63,arrieros,116,96,1,93,208,0,0,0,48,74,0,0,0,2,1,2,0
1492-3,1,64,arrieros,116,96,1,96,223,0,0,0,48,74,0,0,0,2,1,2,0
1492-3,1,65,arrieros,116,96,1,90,177,0,0,0,24,50,0,0,0,2,1,12,0
1492-3,1,66,arrieros,116,96,1,96,170,0,0,0,24,50,0,0,0,2,1,3,0
1492-3,1,67,arrieros,124,96,1,90,162,0,0,0,24,50,0,1,0,2,1,2,0
1492-3,1,68,arrieros,124,96,1,93,156,0,0,0,24,50,0,0,0,2,1,2,0
1492-3,1,69,arrieros,124,96,1,118,150,0,0,0,24,50,0,0,0,2,1,2,0
1492-3,1,70,arrieros,124,96,1,87,144,0,0,0,24,50,0,0,0,2,1,2,0
1492-3,1,71,arrieros,124,96,1,98,133,0,0,0,18,44,0,0,0,2,1,2,0
1492-3,1,72,arrieros,124,96,1,82,122,0,0,0,18,35,0,0,0,2,1,3,0
1492-3,1,73,arrieros,124,96,1,86,119,0,0,0,18,35,0,0,0,2,1,2,0
1492-3,1,74,arrieros,124,96,1,80,112,0,0,0,18,35,0,1,0,2,1,2,0
1492-3,1,75,arrieros,125,104,1,95,110,0,0,0,18,35,0,0,0,2,1,4,0
1492-3,1,76,arrieros,125,100,1,69,97,0,0,0,18,36,0,0,0,2,1,3,0
1492-3,1,77,arrieros,124,96,1,71,78,0,0,0,24,42,0,0,0,2,1,8,0
1492-3,1,78,arrieros,124,96,1,87,58,0,0,0,24,50,0,0,0,2,1,7,0
1492-3,1,79,arrieros,132,96,1,87,58,0,0,0,24,50,0,0,0,2,1,2,0
1492-3,1,80,arrieros,132,96,1,90,62,0,0,0,24,50,0,0,0,2,1,2,0
1492-3,1,81,arrieros,132,96,1,92,66,0,0,0,24,50,0,0,0,2,1,2,0
1492-3,1,82,arrieros,132,96,1,95,71,0,0,0,24,50,0,0,0,2,1,2,0
1492-3,1,83,arrieros,132,96,1,93,99,0,0,0,48,74,0,0,0,2,1,2,0
1492-3,1,84,arrieros,132,96,1,92,127,0,0,0,48,74,0,0,0,2,1,2,0
1492-3,1,85,arrieros,132,96,1,94,153,0,0,0,48,74,0,0,0,2,1,2,0
1492-3,1,86,arrieros,132,96,1,94,177,0,0,0,48,74,0,0,0,2,1,2,0
1492-3,1,87,arrieros,132,96,1,95,193,0,0,0,48,74,0,0,0,2,1,2,0
1492-3,1,88,arrieros,133,100,1,105,214,0,0,0,48,74,0,0,0,2,1,3,0
1492-3,1,89,arrieros,133,100,1,86,212,0,0,0,30,58,0,0,0,2,1,4,0
1492-3,1,90,arrieros,132,96,1,94,184,0,0,0,30,58,0,0,0,2,1,8,0
1492-3,1,91,arrieros,132,96,1,94,164,0,0,0,30,56,0,0,0,2,1,8,0
1492-3,1,92,arrieros,140,96,1,94,162,0,0,0,30,56,0,1,0,2,1,2,0
1492-3,1,93,arrieros,140,96,1,95,162,0,0,0,30,56,0,0,0,2,1,2,0
1492-3,1,94,arrieros,140,96,1,99,162,0,0,0,30,56,0,0,0,2,1,2,0
1492-3,1,95,arrieros,140,96,1,93,150,0,0,0,18,44,0,0,0,2,1,2,0
1492-3,1,96,arrieros,140,96,1,90,139,0,0,0,18,35,0,0,0,2,1,2,0
1492-3,1,97,arrieros,140,96,1,81,128,0,0,0,18,35,0,0,0,2,1,3,0
1492-3,1,98,arrieros,140,96,1,81,123,0,0,0,18,35,0,0,0,2,1,2,0
1492-3,1,99,arrieros,141,100,1,85,119,0,0,0,18,35,0,0,0,2,1,3,0
1492-3,1,100,arrieros,141,100,1,74,108,0,0,0,18,36,0,0,0,2,1,4,0
1492-3,1,101,arrieros,140,96,1,70,86,0,0,0,24,42,0,0,0,2,1,8,0
1492-3,1,102,arrieros,140,96,1,88,67,0,0,0,24,50,0,0,0,2,1,7,0
1492-3,1,103,arrieros,148,96,1,88,67,0,0,0,24,50,0,0,0,2,1,2,0
1492-3,1,104,arrieros,148,96,1,94,71,0,0,0,24,50,0,0,0,2,1,2,0
1492-3,1,105,arrieros,148,96,1,91,75,0,0,0,24,50,0,0,0,2,1,2,0
1492-3,1,106,arrieros,148,96,1,94,80,0,0,0,24,50,0,0,0,2,1,2,0
1492-3,1,107,arrieros,148,96,1,91,107,0,0,0,48,74,0,0,0,2,1,2,0
1492-3,1,108,arrieros,148,96,1,93,134,0,0,0,48,74,0,0,0,2,1,2,0
1492-3,1,109,arrieros,148,96,1,89,159,0,0,0,48,74,0,0,0,2,1,2,0
1492-3,1,110,arrieros,148,96,1,96,184,0,0,0,48,74,0,0,0,2,1,2,0
1492-3,1,111,arrieros,148,96,1,90,200,0,0,0,48,74,0,0,0,2,1,2,0
1492-3,1,112,arrieros,149,100,1,102,221,0,0,0,48,74,0,0,0,2,1,3,0
1492-3,1,113,arrieros,149,100,1,92,219,0,0,0,30,58,0,0,0,2,1,4,0
1492-3,1,114,arrieros,148,96,1,88,191,0,0,0,30,58,0,0,0,2,1,8,0
1492-3,1,115,arrieros,148,96,1,91,171,0,0,0,30,56,0,0,0,2,1,7,0
1492-3,1,116,arrieros,156,96,1,94,170,0,0,0,30,56,0,0,0,2,1,2,0
1492-3,1,117,arrieros,156,96,1,97,169,0,0,0,30,56,0,0,0,2,1,2,0
1492-3,1,118,arrieros,156,96,1,90,168,0,0,0,30,56,0,0,0,2,1,2,0
1492-3,1,119,arrieros,156,96,1,95,156,0,0,0,18,44,0,0,0,2,1,2,0
1492-3,1,120,arrieros,156,96,1,88,144,0,0,0,18,35,0,0,0,2,1,2,0
1492-3,1,121,arrieros,156,96,1,81,133,0,0,0,18,35,0,0,0,2,1,2,0
1492-3,1,122,arrieros,156,96,1,80,122,0,0,0,18,35,0,0,0,2,1,2,0
1492-3,1,123,arrieros,157,100,1,89,118,0,0,0,18,35,0,0,0,2,1,3,0
1492-3,1,124,arrieros,157,100,1,73,106,0,0,0,18,36,0,0,0,2,1,4,0
1492-3,1,125,arrieros,156,96,1,71,86,0,0,0,24,42,0,0,0,2,1,8,0
1492-3,1,126,arrieros,156,96,1,88,67,0,0,0,24,50,0,0,0,2,1,7,0
1492-3,1,127,arrieros,164,96,1,88,67,0,0,0,24,50,0,0,0,2,1,2,0
1492-3,1,128,arrieros,164,96,1,92,71,0,0,0,24,50,0,0,0,2,1,2,0
1492-3,1,129,arrieros,164,96,1,92,75,0,0,0,24,50,0,0,0,2,1,2,0
1492-3,1,130,arrieros,164,96,1,92,79,0,0,0,24,50,0,0,0,2,1,2,0
1492-3,1,131,arrieros,164,96,1,95,106,0,0,0,48,74,0,0,0,2,1,2,0
1492-3,1,132,arrieros,164,96,1,94,132,0,0,0,48,74,0,0,0,2,1,2,0
1492-3,1,133,arrieros,164,96,1,93,158,0,0,0,48,74,0,0,0,2,1,2,0
1492-3,1,134,arrieros,164,96,1,98,183,0,0,0,48,74,0,0,0,2,1,2,0
1492-3,1,135,arrieros,164,96,1,92,199,0,0,0,48,74,0,0,0,2,1,2,0
1492-3,1,136,arrieros,165,100,1,104,220,0,0,0,48,74,0,0,0,2,1,3,0
1492-3,1,137,arrieros,165,100,1,94,218,0,0,0,30,58,0,0,0,2,1,4,0
1492-3,1,138,arrieros,164,96,1,89,190,0,0,0,30,58,0,0,0,2,1,8,0
1492-3,1,139,arrieros,164,96,1,92,170,0,0,0,30,56,0,0,0,2,1,7,0
1492-3,1,140,arrieros,172,96,1,95,169,0,0,0,30,56,0,0,0,2,1,2,0
1492-3,1,141,arrieros,172,96,1,97,168,0,0,0,30,56,0,0,0,2,1,2,0
1492-3,1,142,arrieros,172,96,1,90,168,0,0,0,30,56,0,0,0,2,1,2,0
1492-3,1,143,arrieros,172,96,1,95,156,0,0,0,18,44,0,0,0,2,1,2,0
1492-3,1,144,arrieros,172,96,1,88,144,0,0,0,18,35,0,0,0,2,1,2,0
1492-3,1,145,arrieros,172,96,1,81,133,0,0,0,18,35,0,0,0,2,1,2,0
1492-3,1,146,arrieros,172,96,1,80,122,0,0,0,18,35,0,0,0,2,1,2,0
1492-3,1,147,arrieros,173,100,1,89,118,0,0,0,18,35,0,0,0,2,1,3,0
1492-3,1,148,arrieros,173,100,1,73,106,0,0,0,18,36,0,0,0,2,1,4,0
1492-3,1,149,arrieros,172,96,1,70,86,0,0,0,24,42,0,0,0,2,1,8,0
1492-3,1,150,arrieros,172,96,1,87,67,0,0,0,24,50,0,0,0,2,1,7,0
1492-3,1,151,arrieros,180,96,1,87,67,0,0,0,24,50,0,0,0,2,1,3,0
1492-3,1,152,arrieros,180,96,1,91,71,0,0,0,24,50,0,0,0,2,1,2,0
1492-3,1,153,arrieros,180,96,1,90,75,0,0,0,24,50,0,0,0,2,1,2,0
1492-3,1,154,arrieros,180,96,1,93,79,0,0,0,24,50,0,0,0,2,1,2,0
1492-3,1,155,arrieros,180,96,1,92,106,0,0,0,48,74,0,0,0,2,1,2,0
1492-3,1,156,arrieros,180,96,1,95,133,0,0,0,48,74,0,0,0,2,1,2,0
1492-3,1,157,arrieros,180,96,1,93,158,0,0,0,48,74,0,0,0,2,1,2,0
1492-3,1,158,arrieros,180,96,1,97,183,0,0,0,48,74,0,0,0,2,1,2,0
1492-3,1,159,arrieros,180,96,1,91,199,0,0,0,48,74,0,0,0,2,1,2,0
1492-3,1,160,arrieros,181,100,1,102,220,0,0,0,48,74,0,0,0,2,1,3,0
1492-3,1,161,arrieros,181,100,1,93,219,0,0,0,30,58,0,0,0,2,1,4,0
1492-3,1,162,arrieros,180,96,1,90,191,0,0,0,30,58,0,0,0,2,1,8,0
1492-3,1,163,arrieros,180,96,1,93,170,0,0,0,30,56,0,0,0,2,1,7,0
1492-3,1,164,arrieros,188,96,1,96,169,0,0,0,30,56,0,0,0,2,1,2,0
1492-3,1,165,arrieros,188,96,1,89,168,0,0,0,30,56,0,0,0,2,1,2,0
1492-3,1,166,arrieros,188,96,1,94,168,0,0,0,30,56,0,0,0,2,1,2,0
1492-3,1,167,arrieros,188,96,1,96,156,0,0,0,18,44,0,0,0,2,1,2,0
1492-3,1,168,arrieros,188,96,1,80,144,0,0,0,18,35,0,0,0,2,1,2,0
1492-3,1,169,arrieros,188,96,1,85,133,0,0,0,18,35,0,0,0,2,1,2,0
1492-3,1,170,arrieros,188,96,1,78,122,0,0,0,18,35,0,0,0,2,1,2,0
1492-3,1,171,arrieros,189,100,1,87,100,0,0,0,18,35,0,0,0,2,1,8,0
1492-3,1,172,arrieros,188,96,1,71,89,0,0,0,18,36,0,0,0,2,1,3,0
1492-3,1,173,arrieros,188,96,1,82,74,0,0,0,24,41,0,0,0,2,1,7,0
1492-3,1,174,arrieros,196,96,1,86,74,0,0,0,24,50,0,0,0,2,1,2,0
1492-3,1,175,arrieros,196,96,1,89,77,0,0,0,24,50,0,0,0,2,1,2,0
1492-3,1,176,arrieros,196,96,1,89,80,0,0,0,24,50,0,0,0,2,1,2,0
1492-3,1,177,arrieros,196,96,1,93,84,0,0,0,24,50,0,0,0,2,1,2,0
1492-3,1,178,arrieros,196,96,1,92,88,0,0,0,24,50,0,0,0,2,1,2,0
1492-3,1,179,arrieros,196,96,1,96,116,0,0,0,48,74,0,0,0,2,1,2,0
1492-3,1,180,arrieros,196,96,1,94,142,0,0,0,48,74,0,0,0,2,1,2,0
1492-3,1,181,arrieros,196,96,1,98,168,0,0,0,48,74,0,0,0,2,1,3,0
1492-3,1,182,arrieros,196,96,1,92,187,0,0,0,48,74,0,0,0,2,1,2,0
1492-3,1,183,arrieros,196,96,1,98,203,0,0,0,48,74,0,0,0,2,1,2,0
1492-3,1,184,arrieros,196,96,1,92,218,0,0,0,48,74,0,0,0,2,1,2,0
1492-3,1,185,arrieros,197,100,1,102,217,0,0,0,30,56,0,0,0,2,1,3,0
1492-3,1,186,arrieros,196,96,1,88,209,0,0,0,30,58,0,0,0,2,1,3,0
1492-3,1,187,arrieros,197,100,1,98,187,0,0,0,30,56,0,0,0,2,1,8,0
1492-3,1,188,arrieros,196,96,1,83,180,0,0,0,30,58,0,0,0,2,1,3,0
1492-3,1,189,arrieros,204,96,1,97,161,0,0,0,30,56,0,0,0,2,1,7,0
1492-3,1,190,arrieros,204,96,1,88,161,0,0,0,30,56,0,0,0,2,1,2,0
1492-3,1,191,arrieros,204,96,1,93,149,0,0,0,18,44,0,0,0,2,1,2,0
1492-3,1,192,arrieros,204,96,1,86,138,0,0,0,18,35,0,0,0,2,1,2,0
1492-3,1,193,arrieros,204,96,1,81,127,0,0,0,18,35,0,0,0,2,1,2,0
1492-3,1,194,arrieros,204,96,1,81,123,0,0,0,18,35,0,0,0,2,1,2,0
1492-3,1,195,arrieros,204,96,1,79,118,0,0,0,18,35,0,0,0,2,1,2,0
1492-3,1,196,arrieros,204,96,1,81,113,0,0,0,18,35,0,0,0,2,1,2,0
1492-3,1,197,arrieros,204,96,1,78,113,0,0,0,24,41,0,0,0,2,1,2,0
1492-3,1,198,arrieros,204,96,1,89,114,0,0,0,24,50,0,0,0,2,1,2,0
1492-3,1,199,arrieros,204,96,1,88,114,0,0,0,24,50,0,0,0,2,1,2,0
1492-3,1,200,arrieros,205,100,1,100,117,0,0,0,24,50,0,0,0,2,1,3,0
1492-3,1,1,canteros,39,116,1,40,56,0,0,0,18,48,0,0,0,0,1,4,0
1492-3,1,2,canteros,39,116,1,47,42,0,0,0,18,34,0,0,0,0,1,0,1
1492-3,1,3,canteros,39,116,1,54,28,0,0,0,18,34,0,1,0,0,1,0,1
1492-3,1,4,canteros,39,116,1,69,17,0,0,0,18,42,0,0,0,0,1,1,0
1492-3,1,5,canteros,39,116,1,79,12,0,0,0,24,48,0,0,0,0,1,2,0
1492-3,1,6,canteros,39,116,1,89,8,0,0,0,24,59,0,0,0,0,1,2,0
1492-3,1,7,canteros,39,116,1,97,7,0,0,0,24,59,0,0,0,0,1,3,0
1492-3,1,8,canteros,39,116,1,94,6,0,0,0,24,59,0,0,0,0,1,3,0
1492-3,1,9,canteros,39,116,1,101,5,0,0,0,24,59,0,0,0,0,1,3,0
1492-3,1,10,canteros,39,116,1,100,4,0,0,0,24,59,0,0,0,0,1,3,0
1492-3,1,11,canteros,39,116,1,101,27,0,0,0,48,83,0,0,0,0,1,3,0
1492-3,1,12,canteros,39,116,1,102,49,0,0,0,48,83,0,0,0,0,1,3,0
1492-3,1,13,canteros,39,116,1,103,70,0,0,0,48,83,0,0,0,0,1,3,0
1492-3,1,14,canteros,38,112,1,85,80,0,0,0,48,83,0,0,0,0,1,4,0
1492-3,1,15,canteros,52,108,1,78,91,0,0,0,48,83,0,0,0,1,1,4,0
1492-3,1,16,canteros,52,108,1,92,112,0,0,0,48,81,0,0,0,1,1,2,0
1492-3,1,17,canteros,52,108,1,93,93,0,0,0,22,55,0,0,0,1,1,7,0
1492-3,1,18,canteros,52,108,1,98,92,0,0,0,22,54,0,0,0,1,1,2,0
1492-3,1,19,canteros,70,108,1,96,91,0,0,0,22,54,0,0,0,2,1,3,0
1492-3,1,20,canteros,70,108,1,95,90,0,0,0,22,54,0,0,0,2,1,3,0
1492-3,1,21,canteros,70,108,1,93,89,0,0,0,22,54,0,0,0,2,1,3,0
1492-3,1,22,canteros,70,108,1,97,88,0,0,0,22,54,0,0,0,2,1,2,0
1492-3,1,23,canteros,70,108,1,97,70,0,0,0,18,50,0,0,0,2,1,8,0
1492-3,1,24,canteros,70,108,1,87,66,0,0,0,18,40,0,0,0,2,1,3,0
1492-3,1,25,canteros,78,108,1,86,62,0,0,0,18,40,0,0,0,2,1,2,0
1492-3,1,26,canteros,78,108,1,83,57,0,0,0,18,40,0,0,0,2,1,2,0
1492-3,1,27,canteros,78,108,1,83,53,0,0,0,18,40,0,0,0,2,1,2,0
1492-3,1,28,canteros,78,108,1,81,48,0,0,0,18,40,0,0,0,2,1,2,0
1492-3,1,29,canteros,78,108,1,84,52,0,0,0,27,49,0,0,0,2,1,2,0
1492-3,1,30,canteros,78,108,1,90,54,0,0,0,27,59,0,0,0,2,1,3,0
1492-3,1,31,canteros,78,108,1,92,56,0,0,0,27,59,0,0,0,2,1,3,0
1492-3,1,32,canteros,78,108,1,96,58,0,0,0,27,59,0,0,0,2,1,3,0
1492-3,1,33,canteros,78,108,1,100,60,0,0,0,27,59,0,0,0,2,1,2,0
1492-3,1,34,canteros,78,108,1,117,54,0,0,0,27,59,0,0,0,2,1,8,0
1492-3,1,35,canteros,86,108,1,18,76,0,0,0,48,79,0,0,0,2,1,5,0
1492-3,1,36,canteros,86,108,1,77,96,0,1,0,48,79,0,0,0,2,1,1,0
1492-3,1,37,canteros,86,108,1,84,111,0,1,0,48,79,0,0,0,2,1,2,0
1492-3,1,38,canteros,86,108,1,90,129,0,1,0,48,79,0,0,0,2,1,3,0
1492-3,1,39,canteros,86,108,1,86,147,0,1,0,48,79,0,0,0,2,1,3,0
1492-3,1,40,canteros,86,108,1,95,164,0,1,0,48,79,0,0,0,2,1,3,0
1492-3,1,41,canteros,87,112,1,100,170,0,1,0,30,61,0,0,0,2,1,4,0
1492-3,1,42,canteros,86,108,1,74,161,0,1,0,30,63,0,0,0,2,1,4,0
1492-3,1,43,canteros,86,108,1,93,149,0,1,0,30,61,0,0,0,2,1,7,0
1492-3,1,44,canteros,86,108,1,93,147,0,1,0,30,61,0,0,0,2,1,2,0
1492-3,1,45,canteros,94,108,1,98,150,0,1,0,30,61,0,0,0,2,1,2,0
1492-3,1,46,canteros,94,108,1,96,152,0,1,0,30,61,0,0,0,2,1,3,0
1492-3,1,47,canteros,94,108,1,95,143,0,1,0,18,49,0,0,0,2,1,3,0
1492-3,1,48,canteros,94,108,1,83,134,0,1,0,18,39,0,0,0,2,1,3,0
1492-3,1,49,canteros,94,108,1,79,115,0,1,0,18,39,0,0,0,2,1,7,0
1492-3,1,50,canteros,94,108,1,82,105,0,1,0,18,39,0,0,0,2,1,2,0
1492-3,1,51,canteros,102,108,1,81,95,0,1,0,18,39,0,0,0,2,1,2,0
1492-3,1,52,canteros,102,108,1,81,86,0,1,0,18,38,0,0,0,2,1,2,0
1492-3,1,53,canteros,102,108,1,85,83,0,1,0,24,44,0,0,0,2,1,2,0
1492-3,1,54,canteros,102,108,1,92,79,0,1,0,24,54,0,0,0,2,1,3,0
1492-3,1,55,canteros,102,108,1,93,76,0,1,0,24,54,0,0,0,2,1,3,0
1492-3,1,56,canteros,102,108,1,96,73,0,1,0,24,54,0,0,0,2,1,3,0
1492-3,1,57,canteros,102,108,1,87,70,0,1,0,24,54,0,0,0,2,1,3,0
1492-3,1,58,canteros,102,108,1,92,67,0,1,0,24,54,0,0,0,2,1,3,0
1492-3,1,59,canteros,103,112,1,103,88,0,1,0,48,78,0,0,0,2,1,4,0
1492-3,1,60,canteros,102,108,1,82,97,0,1,0,48,80,0,0,0,2,1,4,0
1492-3,1,61,canteros,102,108,1,94,116,0,1,0,48,78,0,0,0,2,1,2,0
1492-3,1,62,canteros,102,108,1,94,134,0,1,0,48,78,0,0,0,2,1,3,0
1492-3,1,63,canteros,102,108,1,92,151,0,1,0,48,78,0,0,0,2,1,3,0
1492-3,1,64,canteros,102,108,1,96,155,0,0,0,48,78,0,0,0,2,1,8,0
1492-3,1,65,canteros,102,108,1,88,154,0,0,0,30,60,0,0,0,2,1,3,0
1492-3,1,66,canteros,110,108,1,97,156,0,0,0,30,60,0,0,0,2,1,2,0
1492-3,1,67,canteros,110,108,1,94,157,0,0,0,30,60,0,0,0,2,1,3,0
1492-3,1,68,canteros,110,108,1,98,159,0,0,0,30,60,0,0,0,2,1,2,0
1492-3,1,69,canteros,110,108,1,95,161,0,0,0,30,60,0,0,0,2,1,3,0
1492-3,1,70,canteros,110,108,1,93,163,0,0,0,30,60,0,0,0,2,1,3,0
1492-3,1,71,canteros,110,108,1,94,153,0,0,0,18,48,0,0,0,2,1,2,0
1492-3,1,72,canteros,110,108,1,89,144,0,0,0,18,38,0,0,0,2,1,2,0
1492-3,1,73,canteros,110,108,1,83,135,0,0,0,18,38,0,0,0,2,1,2,0
1492-3,1,74,canteros,110,108,1,85,127,0,0,0,18,38,0,0,0,2,1,2,0
1492-3,1,75,canteros,111,112,1,90,117,0,0,0,18,38,0,0,0,2,1,3,0
1492-3,1,76,canteros,110,108,1,63,98,0,0,0,18,39,0,0,0,2,1,3,0
1492-3,1,77,canteros,110,108,1,85,86,0,0,0,24,44,0,0,0,2,1,6,0
1492-3,1,78,canteros,110,108,1,86,78,0,0,0,24,54,0,0,0,2,1,3,0
1492-3,1,79,canteros,118,108,1,93,75,0,0,0,24,54,0,0,0,2,1,3,0
1492-3,1,80,canteros,118,108,1,94,72,0,0,0,24,54,0,0,0,2,1,3,0
1492-3,1,81,canteros,118,108,1,92,69,0,0,0,24,54,0,0,0,2,1,3,0
1492-3,1,82,canteros,118,108,1,96,66,0,0,0,24,54,0,0,0,2,1,3,0
1492-3,1,83,canteros,118,108,1,88,86,0,0,0,48,78,0,0,0,2,1,3,0
1492-3,1,84,canteros,118,108,1,95,105,0,0,0,48,78,0,0,0,2,1,3,0
1492-3,1,85,canteros,118,108,1,91,124,0,0,0,48,78,0,0,0,2,1,3,0
1492-3,1,86,canteros,118,108,1,90,142,0,0,0,48,78,0,0,0,2,1,3,0
1492-3,1,87,canteros,119,112,1,103,160,0,0,0,48,78,0,0,0,2,1,4,0
1492-3,1,88,canteros,118,108,1,76,166,0,0,0,48,80,0,0,0,2,1,4,0
1492-3,1,89,canteros,118,108,1,97,152,0,0,0,30,60,0,0,0,2,1,7,0
1492-3,1,90,canteros,118,108,1,90,150,0,0,0,30,60,0,0,0,2,1,3,0
1492-3,1,91,canteros,126,108,1,88,152,0,0,0,30,60,0,0,0,2,1,2,0
1492-3,1,92,canteros,126,108,1,94,154,0,0,0,30,60,0,0,0,2,1,2,0
1492-3,1,93,canteros,126,108,1,98,155,0,0,0,30,60,0,0,0,2,1,2,0
1492-3,1,94,canteros,126,108,1,97,157,0,0,0,30,60,0,0,0,2,1,3,0
1492-3,1,95,canteros,126,108,1,96,148,0,0,0,18,48,0,0,0,2,1,3,0
1492-3,1,96,canteros,126,108,1,85,139,0,0,0,18,38,0,0,0,2,1,3,0
1492-3,1,97,canteros,126,108,1,83,130,0,0,0,18,38,0,0,0,2,1,2,0
1492-3,1,98,canteros,126,108,1,83,121,0,0,0,18,38,0,0,0,2,1,2,0
1492-3,1,99,canteros,127,112,1,92,112,0,0,0,18,38,0,0,0,2,1,3,0
1492-3,1,100,canteros,126,108,1,66,92,0,0,0,18,39,0,0,0,2,1,3,0
1492-3,1,101,canteros,126,108,1,85,80,0,0,0,24,44,0,0,0,2,1,7,0
1492-3,1,102,canteros,126,108,1,88,73,0,0,0,24,54,0,0,0,2,1,3,0
1492-3,1,103,canteros,134,108,1,90,70,0,0,0,24,54,0,0,0,2,1,3,0
1492-3,1,104,canteros,134,108,1,92,67,0,0,0,24,54,0,0,0,2,1,3,0
1492-3,1,105,canteros,134,108,1,95,64,0,0,0,24,54,0,0,0,2,1,3,0
1492-3,1,106,canteros,134,108,1,86,61,0,0,0,24,54,0,0,0,2,1,3,0
1492-3,1,107,canteros,134,108,1,92,81,0,0,0,48,78,0,0,0,2,1,3,0
1492-3,1,108,canteros,134,108,1,93,100,0,0,0,48,78,0,0,0,2,1,3,0
1492-3,1,109,canteros,134,108,1,96,119,0,0,0,48,78,0,0,0,2,1,3,0
1492-3,1,110,canteros,134,108,1,87,137,0,0,0,48,78,0,0,0,2,1,3,0
1492-3,1,111,canteros,295,112,1,106,155,0,0,0,48,78,0,1,1,3,1,4,0
1492-3,1,112,canteros,294,108,1,83,163,0,0,0,48,80,0,0,0,3,1,5,0
1492-3,1,113,canteros,294,108,1,100,148,0,0,0,27,57,0,0,0,3,1,7,0
1492-3,1,114,canteros,294,108,1,94,143,0,0,0,27,57,0,0,0,3,1,3,0
1492-3,1,115,canteros,302,108,1,100,145,0,0,0,27,57,0,0,0,3,1,2,0
1492-3,1,116,canteros,302,108,1,98,147,0,0,0,27,57,0,0,0,3,1,3,0
1492-3,1,117,canteros,302,108,1,97,149,0,0,0,27,57,0,0,0,3,1,3,0
1492-3,1,118,canteros,302,108,1,95,151,0,0,0,27,57,0,0,0,3,1,3,0
1492-3,1,119,canteros,302,108,1,93,142,0,0,0,16,46,0,0,0,3,1,3,0
1492-3,1,120,canteros,302,108,1,86,133,0,0,0,16,36,0,0,0,3,1,2,0
1492-3,1,121,canteros,302,108,1,86,125,0,0,0,16,36,0,0,0,3,1,2,0
1492-3,1,122,canteros,302,108,1,84,116,0,0,0,16,36,0,0,0,3,1,2,0
1492-3,1,123,canteros,303,112,1,95,108,0,0,0,16,36,0,0,0,3,1,3,0
1492-3,1,124,canteros,302,108,1,62,88,0,0,0,16,37,0,0,0,3,1,4,0
1492-3,1,125,canteros,302,108,1,86,75,0,0,0,21,41,0,0,0,3,1,6,0
1492-3,1,126,canteros,302,108,1,87,67,0,0,0,21,51,0,0,0,3,1,3,0
1492-3,1,127,canteros,310,108,1,94,63,0,0,0,21,51,0,0,0,3,1,3,0
1492-3,1,128,canteros,310,108,1,95,59,0,0,0,21,51,0,0,0,3,1,3,0
1492-3,1,129,canteros,310,108,1,92,55,0,0,0,21,51,0,0,0,3,1,3,0
1492-3,1,130,canteros,310,108,1,97,52,0,0,0,21,51,0,0,0,3,1,3,0
1492-3,1,131,canteros,310,108,1,93,70,0,0,0,43,73,0,0,0,3,1,3,0
1492-3,1,132,canteros,310,108,1,99,87,0,0,0,43,73,0,0,0,3,1,3,0
1492-3,1,133,canteros,310,108,1,103,103,0,0,0,43,73,0,0,0,3,1,3,0
1492-3,1,134,canteros,310,108,1,107,119,0,0,0,43,73,0,0,0,3,1,2,0
1492-3,1,135,canteros,311,112,1,122,138,0,0,0,43,73,0,0,0,3,1,3,0
1492-3,1,136,canteros,310,108,1,82,145,0,0,0,43,75,0,0,0,3,1,4,0
1492-3,1,137,canteros,310,108,1,103,134,0,1,0,27,57,0,0,0,3,1,7,0
1492-3,1,138,canteros,310,108,1,92,134,0,1,0,27,57,0,0,0,3,1,2,0
1492-3,1,139,canteros,318,108,1,98,139,0,1,0,27,57,0,0,0,3,1,2,0
1492-3,1,140,canteros,318,108,1,104,141,0,1,0,27,57,0,0,0,3,1,3,0
1492-3,1,141,canteros,318,108,1,113,143,0,1,0,27,57,0,0,0,3,1,2,0
1492-3,1,142,canteros,318,108,1,121,148,0,1,0,27,57,0,0,0,3,1,3,0
1492-3,1,143,canteros,318,108,1,140,139,0,1,0,16,46,0,0,0,3,1,3,0
1492-3,1,144,canteros,318,108,1,136,130,0,1,0,16,36,0,0,0,3,1,2,0
1492-3,1,145,canteros,318,108,1,132,125,0,1,0,16,36,0,0,0,3,1,3,0
1492-3,1,146,canteros,318,108,1,143,117,0,1,0,16,36,0,0,0,3,1,3,0
1492-3,1,147,canteros,319,112,1,151,110,0,1,0,16,36,0,0,0,3,1,3,0
1492-3,1,148,canteros,318,108,1,130,95,0,1,0,16,37,0,0,0,3,1,4,0
1492-3,1,149,canteros,318,108,1,125,82,0,1,0,21,41,0,0,0,3,1,9,0
1492-3,1,150,canteros,318,108,1,123,77,0,2,0,21,51,0,0,0,3,1,3,0
1492-3,1,151,canteros,326,108,1,134,77,0,1,0,21,51,0,0,0,3,1,4,0
1492-3,1,152,canteros,326,108,1,138,76,0,1,0,21,51,0,0,0,3,1,4,0
1492-3,1,153,canteros,326,108,1,136,72,0,2,0,21,51,0,0,0,3,1,3,0
1492-3,1,154,canteros,326,108,1,149,72,0,1,0,21,51,0,0,0,3,1,3,0
1492-3,1,155,canteros,326,108,1,154,92,0,1,0,43,73,0,0,0,3,1,4,0
1492-3,1,156,canteros,326,108,1,151,108,0,2,0,43,73,0,0,0,3,1,3,0
1492-3,1,157,canteros,326,108,1,163,127,0,3,0,43,73,0,0,0,3,1,3,0
1492-3,1,158,canteros,326,108,1,181,148,0,0,0,43,73,0,0,0,3,1,3,0
1492-3,1,159,canteros,327,112,1,158,166,0,0,0,43,73,0,0,0,3,1,4,0
1492-3,1,160,canteros,326,108,1,127,172,0,2,0,43,75,0,0,0,3,1,5,0
1492-3,1,161,canteros,326,108,1,189,147,0,4,0,19,49,0,0,0,3,1,6,0
1492-3,1,162,canteros,326,108,1,184,137,0,1,0,19,49,0,0,0,3,1,3,0
1492-3,1,163,canteros,334,108,1,204,131,0,1,0,19,49,0,0,0,3,1,3,0
1492-3,1,164,canteros,334,108,1,211,126,0,1,0,19,49,0,0,0,3,1,2,0
1492-3,1,165,canteros,334,108,1,218,124,0,1,0,19,49,0,0,0,3,1,3,0
1492-3,1,166,canteros,334,108,1,236,119,0,1,0,19,49,0,0,0,3,1,3,0
1492-3,1,167,canteros,334,108,1,242,111,0,1,0,16,46,0,0,0,3,1,2,0
1492-3,1,168,canteros,334,108,1,242,106,0,1,0,16,36,0,0,0,3,1,3,0
1492-3,1,169,canteros,334,108,1,252,99,0,1,0,16,36,0,0,0,3,1,3,0
1492-3,1,170,canteros,334,108,1,249,92,0,1,0,16,36,0,0,0,3,1,2,0
1492-3,1,171,canteros,334,108,1,246,88,0,1,0,16,36,0,0,0,3,1,3,0
1492-3,1,172,canteros,335,112,1,264,82,0,1,0,16,36,0,0,0,3,1,4,0
1492-3,1,173,canteros,334,108,1,227,70,0,1,0,21,42,0,0,0,3,1,4,0
1492-3,1,174,canteros,334,108,1,223,56,0,2,0,21,51,0,0,0,3,1,9,0
1492-3,1,175,canteros,334,108,1,240,53,0,2,0,21,51,0,0,0,3,1,2,0
1492-3,1,176,canteros,334,108,1,248,57,0,1,0,21,51,0,0,0,3,1,3,0
1492-3,1,177,canteros,334,108,1,254,56,0,1,0,21,51,0,0,0,3,1,4,0
1492-3,1,178,canteros,342,108,1,251,53,0,1,0,21,51,0,0,0,3,1,3,0
1492-3,1,179,canteros,342,108,1,247,74,0,2,0,43,73,0,0,0,3,1,4,0
1492-3,1,180,canteros,342,108,1,264,93,0,1,0,43,73,0,0,0,3,1,2,0
1492-3,1,181,canteros,342,108,1,255,115,0,1,0,43,73,0,0,0,3,1,4,0
1492-3,1,182,canteros,342,108,1,258,130,0,2,0,43,73,0,0,0,3,1,3,0
1492-3,1,183,canteros,342,108,1,271,148,0,3,0,43,73,0,0,0,3,1,3,0
1492-3,1,184,canteros,342,108,1,290,165,0,3,0,43,73,0,0,0,3,1,3,0
1492-3,1,185,canteros,342,108,1,338,166,0,3,0,27,57,0,0,0,3,1,1,0
1492-3,1,186,canteros,342,108,1,362,160,0,3,0,27,57,0,0,0,3,1,2,0
1492-3,1,187,canteros,343,112,1,407,154,0,3,0,27,57,0,0,0,3,1,3,0
1492-3,1,188,canteros,342,108,1,387,143,0,0,0,27,59,0,0,0,3,1,4,0
1492-3,1,189,canteros,342,108,1,405,134,0,0,0,27,57,0,0,0,3,1,8,0
1492-3,1,190,canteros,342,108,1,411,136,0,0,0,27,57,0,0,0,3,1,2,0
1492-3,1,191,canteros,342,108,1,416,130,0,0,0,16,46,0,0,0,3,1,3,0
1492-3,1,192,canteros,342,108,1,426,122,0,0,0,16,36,0,0,0,3,1,3,0
1492-3,1,193,canteros,342,108,1,424,114,0,0,0,16,36,0,0,0,3,1,2,0
1492-3,1,194,canteros,350,108,1,422,109,0,0,0,16,36,0,0,0,3,1,3,0
1492-3,1,195,canteros,350,108,1,431,102,0,0,0,16,36,0,0,0,3,1,3,0
1492-3,1,196,canteros,350,108,1,427,95,0,0,0,16,36,0,0,0,3,1,2,0
1492-3,1,197,canteros,350,108,1,383,96,0,0,0,21,41,0,0,0,3,1,4,0
1492-3,1,198,canteros,350,108,1,369,91,0,2,0,21,51,0,0,0,3,1,3,0
1492-3,1,199,canteros,350,108,1,390,91,0,2,0,21,51,0,0,0,3,1,3,0
1492-3,1,200,canteros,350,108,1,409,91,0,0,0,21,51,0,0,0,3,1,3,0
1492-3,1,1,ferrones,25,46,1,45,63,0,0,0,7,17,0,0,0,0,1,4,0
1492-3,1,2,ferrones,24,42,1,25,46,0,0,0,7,11,0,0,0,0,1,2,0
1492-3,1,3,ferrones,23,38,1,5,30,0,0,0,7,11,0,0,0,0,1,1,0
1492-3,1,4,ferrones,23,38,1,4,25,0,0,0,7,10,0,0,0,0,1,0,1
1492-3,1,5,ferrones,23,38,1,3,23,0,0,0,9,12,0,1,0,0,1,0,1
1492-3,1,6,ferrones,23,38,1,13,23,0,0,0,9,23,0,0,0,0,1,1,0
1492-3,1,7,ferrones,23,38,1,23,23,0,0,0,9,23,0,0,0,0,1,0,1
1492-3,1,8,ferrones,23,38,1,33,23,0,0,0,9,23,0,0,0,0,1,0,1
1492-3,1,9,ferrones,23,38,1,43,23,0,0,0,9,23,0,0,0,0,1,0,1
1492-3,1,10,ferrones,23,38,1,53,23,0,0,0,9,23,0,0,0,0,1,0,1
1492-3,1,11,ferrones,23,39,1,63,32,0,0,0,19,33,0,0,0,0,1,0,1
1492-3,1,12,ferrones,24,40,1,73,41,0,0,0,19,33,0,0,0,0,1,0,1
1492-3,1,13,ferrones,23,37,1,56,39,0,0,0,19,35,0,0,0,0,1,3,0
1492-3,1,14,ferrones,23,38,1,68,48,0,0,0,19,33,0,0,0,0,1,1,0
1492-3,1,15,ferrones,23,39,1,73,56,0,0,0,19,33,0,0,0,0,1,2,0
1492-3,1,16,ferrones,24,40,1,75,65,0,0,0,19,33,0,0,0,0,1,2,0
1492-3,1,17,ferrones,24,42,1,74,52,0,0,0,12,28,0,0,0,0,1,8,0
1492-3,1,18,ferrones,24,44,1,75,52,0,0,0,12,28,0,0,0,0,1,3,0
1492-3,1,19,ferrones,43,46,1,76,52,0,0,0,12,28,0,0,0,1,1,3,0
1492-3,1,20,ferrones,43,46,1,67,52,0,0,0,12,28,0,0,0,1,1,3,0
1492-3,1,21,ferrones,43,48,1,76,50,0,0,0,12,28,0,1,0,1,1,2,0
1492-3,1,22,ferrones,44,50,1,77,48,0,0,0,12,32,0,0,0,1,1,2,0
1492-3,1,23,ferrones,44,50,1,80,42,0,0,0,7,29,0,0,0,1,1,3,0
1492-3,1,24,ferrones,44,50,1,74,37,0,0,0,7,24,0,0,0,1,1,2,0
1492-3,1,25,ferrones,44,50,1,74,31,0,0,0,7,24,0,0,0,1,1,3,0
1492-3,1,26,ferrones,44,50,1,72,26,0,0,0,7,24,0,0,0,1,1,3,0
1492-3,1,27,ferrones,44,50,1,75,22,0,0,0,7,24,0,0,0,1,1,2,0
1492-3,1,28,ferrones,44,50,1,71,17,0,0,0,7,24,0,0,0,1,1,2,0
1492-3,1,29,ferrones,44,54,1,84,17,0,0,0,9,26,0,0,0,1,1,3,0
1492-3,1,30,ferrones,44,54,1,78,15,0,0,0,9,31,0,0,0,1,1,3,0
1492-3,1,31,ferrones,44,54,1,84,12,0,0,0,9,31,0,0,0,1,1,3,0
1492-3,1,32,ferrones,44,54,1,78,9,0,0,0,9,31,0,0,0,1,1,3,0
1492-3,1,33,ferrones,44,54,1,84,6,0,0,0,9,31,0,0,0,1,1,3,0
1492-3,1,34,ferrones,44,54,1,78,3,0,0,0,9,31,0,0,0,1,1,3,0
1492-3,1,35,ferrones,44,54,1,84,10,0,0,0,19,41,0,0,0,1,1,3,0
1492-3,1,36,ferrones,44,54,1,78,17,0,0,0,19,41,0,0,0,1,1,3,0
1492-3,1,37,ferrones,44,54,1,84,28,0,0,0,24,46,0,0,0,1,1,3,0
1492-3,1,38,ferrones,45,56,1,78,39,0,0,0,24,46,0,0,0,1,1,3,0
1492-3,1,39,ferrones,44,54,1,64,39,0,0,0,24,46,0,0,0,1,1,4,0
1492-3,1,40,ferrones,45,56,1,71,49,0,0,0,24,46,0,0,0,1,1,2,0
1492-3,1,41,ferrones,45,58,1,75,34,0,0,0,15,37,0,1,0,1,1,8,0
1492-3,1,42,ferrones,45,58,1,47,36,0,0,0,15,37,0,0,0,1,1,2,0
1492-3,1,43,ferrones,53,58,1,65,34,0,0,0,12,34,0,0,0,1,1,1,0
1492-3,1,44,ferrones,53,58,1,74,29,0,0,0,12,34,0,0,0,1,1,2,0
1492-3,1,45,ferrones,53,58,1,79,25,0,0,0,12,34,0,1,0,1,1,2,0
1492-3,1,46,ferrones,53,58,1,81,25,0,0,5,12,39,0,0,0,1,1,2,0
1492-3,1,47,ferrones,53,58,1,79,21,0,0,9,7,33,0,0,0,1,1,2,0
1492-3,1,48,ferrones,53,58,1,78,18,0,0,13,7,28,0,0,0,1,1,2,0
1492-3,1,49,ferrones,53,58,1,76,14,0,0,17,7,28,0,0,0,1,1,2,0
1492-3,1,50,ferrones,53,58,1,74,10,0,0,21,7,28,0,0,0,1,1,2,0
1492-3,1,51,ferrones,53,58,1,77,6,0,0,17,7,28,0,0,0,1,1,3,0
1492-3,1,52,ferrones,52,58,1,73,2,0,0,21,7,30,1,0,0,1,1,2,0
1492-3,1,53,ferrones,52,62,1,86,3,0,0,17,10,33,1,0,0,1,1,4,0
1492-3,1,54,ferrones,51,61,1,84,2,0,0,20,11,41,1,0,0,1,1,2,0
1492-3,1,55,ferrones,75,60,1,85,4,0,0,15,11,41,1,0,0,1,1,3,0
1492-3,1,56,ferrones,75,60,1,86,5,0,0,17,12,43,0,0,0,1,1,2,0
1492-3,1,57,ferrones,75,60,1,89,6,0,0,19,12,43,0,0,0,1,1,2,0
1492-3,1,58,ferrones,75,60,1,83,7,0,0,21,12,43,0,0,0,1,1,3,0
1492-3,1,59,ferrones,75,60,1,87,20,0,0,15,24,55,0,0,0,1,1,3,0
1492-3,1,60,ferrones,75,60,1,89,34,0,0,17,26,58,0,0,0,1,1,2,0
1492-3,1,61,ferrones,75,60,1,82,48,0,0,18,26,57,0,0,0,1,1,3,0
1492-3,1,62,ferrones,74,58,1,66,52,0,0,19,26,57,0,0,0,1,1,3,0
1492-3,1,63,ferrones,75,60,1,81,66,0,0,20,26,55,0,0,0,1,1,2,0
1492-3,1,64,ferrones,75,60,1,78,75,0,0,21,26,57,0,0,0,1,1,2,0
1492-3,1,65,ferrones,75,60,1,85,62,0,0,22,13,44,0,0,0,1,1,7,0
1492-3,1,66,ferrones,75,60,1,80,61,0,0,23,13,44,0,0,0,1,1,2,0
1492-3,1,67,ferrones,83,60,1,83,62,0,0,21,13,44,0,0,0,1,1,3,0
1492-3,1,68,ferrones,83,60,1,139,62,0,0,22,13,44,0,0,0,1,1,2,0
1492-3,1,69,ferrones,98,60,1,98,62,0,0,23,13,44,0,0,0,2,1,3,0
1492-3,1,70,ferrones,98,60,1,93,65,0,0,21,13,44,0,0,0,2,1,4,0
1492-3,1,71,ferrones,98,60,1,145,62,0,0,22,10,41,0,0,0,2,1,2,0
1492-3,1,72,ferrones,98,60,1,103,61,0,0,23,10,35,0,0,0,2,1,3,0
1492-3,1,73,ferrones,98,60,1,94,61,0,0,21,10,35,0,0,0,2,1,4,0
1492-3,1,74,ferrones,98,60,1,138,58,0,0,22,10,35,0,0,0,2,1,2,0
1492-3,1,75,ferrones,98,60,1,95,57,0,0,22,10,34,0,0,0,2,1,3,0
1492-3,1,76,ferrones,98,60,1,88,57,0,0,22,10,34,0,0,0,2,1,2,0
1492-3,1,77,ferrones,98,64,1,97,60,0,0,22,13,37,0,0,0,2,1,3,0
1492-3,1,78,ferrones,98,60,1,71,50,0,0,22,13,43,0,0,0,2,1,4,0
1492-3,1,79,ferrones,98,60,1,86,38,0,0,22,13,43,0,0,0,2,1,7,0
1492-3,1,80,ferrones,98,60,1,85,37,0,0,22,13,43,0,0,0,2,1,2,0
1492-3,1,81,ferrones,106,60,1,87,38,0,0,22,13,43,0,0,0,2,1,2,0
1492-3,1,82,ferrones,106,60,1,89,39,0,0,22,13,43,0,0,0,2,1,2,0
1492-3,1,83,ferrones,106,60,1,82,52,0,0,22,26,56,0,0,0,2,1,3,0
1492-3,1,84,ferrones,106,60,1,86,65,0,0,22,26,56,0,0,0,2,1,2,0
1492-3,1,85,ferrones,106,60,1,88,77,0,0,22,26,56,0,0,0,2,1,2,0
1492-3,1,86,ferrones,106,60,1,89,89,0,0,22,26,56,0,0,0,2,1,2,0
1492-3,1,87,ferrones,106,60,1,87,100,0,0,22,26,56,0,0,0,2,1,3,0
1492-3,1,88,ferrones,106,60,1,82,108,0,0,22,26,56,0,0,0,2,1,2,0
1492-3,1,89,ferrones,106,64,1,98,108,0,0,21,16,45,0,0,0,2,1,3,0
1492-3,1,90,ferrones,106,60,1,63,95,0,0,20,16,45,0,0,0,2,1,3,0
1492-3,1,91,ferrones,106,60,1,90,80,0,0,19,16,45,0,0,0,2,1,6,0
1492-3,1,92,ferrones,106,60,1,76,78,0,0,18,16,45,0,0,0,2,1,2,0
1492-3,1,93,ferrones,114,60,1,85,82,0,0,17,16,45,0,0,0,2,1,2,0
1492-3,1,94,ferrones,114,60,1,80,83,0,0,16,16,45,0,0,0,2,1,2,0
1492-3,1,95,ferrones,114,60,1,83,80,0,0,15,10,39,0,0,0,2,1,2,0
1492-3,1,96,ferrones,114,60,1,78,76,0,0,14,10,33,0,0,0,2,1,2,0
1492-3,1,97,ferrones,114,60,1,78,73,0,0,13,10,33,0,0,0,2,1,2,0
1492-3,1,98,ferrones,114,60,1,78,69,0,0,12,10,33,0,0,0,2,1,2,0
1492-3,1,99,ferrones,114,60,1,78,65,0,0,11,10,33,0,0,0,2,1,2,0
1492-3,1,100,ferrones,114,60,1,78,61,0,0,10,10,33,0,0,0,2,1,2,0
1492-3,1,101,ferrones,114,60,1,78,60,0,0,9,13,36,0,0,0,2,1,2,0
1492-3,1,102,ferrones,114,60,1,84,59,0,0,8,13,42,0,0,0,2,1,2,0
1492-3,1,103,ferrones,114,64,1,94,61,0,0,7,13,42,0,0,0,2,1,3,0
1492-3,1,104,ferrones,114,60,1,67,51,0,0,5,13,41,0,0,0,2,1,4,0
1492-3,1,105,ferrones,114,60,1,86,39,0,0,3,13,41,0,0,0,2,1,7,0
1492-3,1,106,ferrones,114,60,1,83,37,0,0,1,13,41,0,0,0,2,1,2,0
1492-3,1,107,ferrones,122,60,1,85,51,0,0,3,26,54,0,0,0,2,1,2,0
1492-3,1,108,ferrones,122,60,1,86,64,0,0,1,26,54,0,0,0,2,1,2,0
1492-3,1,109,ferrones,122,60,1,87,76,0,0,3,26,54,0,0,0,2,1,2,0
1492-3,1,110,ferrones,122,60,1,88,88,0,0,1,26,54,0,0,0,2,1,2,0
1492-3,1,111,ferrones,122,60,1,81,100,0,0,3,26,54,0,0,0,2,1,3,0
1492-3,1,112,ferrones,122,60,1,86,109,0,0,1,26,54,0,0,0,2,1,2,0
1492-3,1,113,ferrones,122,60,1,89,106,0,0,3,16,44,0,0,0,2,1,2,0
1492-3,1,114,ferrones,122,60,1,83,103,0,0,1,16,44,0,0,0,2,1,2,0
1492-3,1,115,ferrones,122,64,1,99,101,0,0,3,16,44,0,0,0,2,1,3,0
1492-3,1,116,ferrones,122,60,1,64,88,0,0,1,16,44,0,0,0,2,1,3,0
1492-3,1,117,ferrones,122,60,1,91,75,0,0,3,16,44,0,0,0,2,1,6,0
1492-3,1,118,ferrones,122,60,1,77,73,0,0,1,16,44,0,0,0,2,1,2,0
1492-3,1,119,ferrones,130,60,1,86,72,0,0,3,10,38,0,0,0,2,1,2,0
1492-3,1,120,ferrones,130,60,1,75,68,0,0,1,10,32,0,0,0,2,1,2,0
1492-3,1,121,ferrones,130,60,1,76,66,0,0,3,10,32,0,0,0,2,1,2,0
1492-3,1,122,ferrones,130,60,1,75,62,0,0,1,10,32,0,0,0,2,1,2,0
1492-3,1,123,ferrones,130,60,1,74,58,0,0,3,10,32,0,0,0,2,1,2,0
1492-3,1,124,ferrones,130,60,1,79,54,0,0,1,10,32,0,0,0,2,1,2,0
1492-3,1,125,ferrones,130,60,1,77,52,0,0,3,13,35,0,0,0,2,1,2,0
1492-3,1,126,ferrones,130,60,1,83,51,0,0,1,13,41,0,0,0,2,1,2,0
1492-3,1,127,ferrones,130,60,1,84,51,0,0,3,13,41,0,0,0,2,1,2,0
1492-3,1,128,ferrones,130,64,1,96,53,0,0,1,13,41,0,0,0,2,1,3,0
1492-3,1,129,ferrones,130,60,1,69,43,0,0,3,13,41,0,0,0,2,1,4,0
1492-3,1,130,ferrones,130,60,1,88,44,0,0,1,13,41,0,0,0,2,1,2,0
1492-3,1,131,ferrones,130,60,1,85,54,0,0,3,26,54,0,0,0,2,1,2,0
1492-3,1,132,ferrones,130,60,1,87,67,0,0,1,26,54,0,0,0,2,1,2,0
1492-3,1,133,ferrones,130,60,1,89,79,0,0,3,26,54,0,0,0,2,1,2,0
1492-3,1,134,ferrones,130,60,1,81,91,0,0,1,26,54,0,0,0,2,1,3,0
1492-3,1,135,ferrones,130,60,1,86,102,0,0,3,26,54,0,0,0,2,1,2,0
1492-3,1,136,ferrones,130,60,1,89,109,0,0,1,26,54,0,0,0,2,1,2,0
1492-3,1,137,ferrones,130,60,1,83,93,0,0,3,16,44,0,0,0,2,1,7,0
1492-3,1,138,ferrones,130,60,1,89,91,0,0,1,16,44,0,0,0,2,1,2,0
1492-3,1,139,ferrones,130,60,1,83,89,0,0,3,16,44,0,0,0,2,1,2,0
1492-3,1,140,ferrones,138,60,1,84,87,0,0,1,16,44,0,0,0,2,1,3,0
1492-3,1,141,ferrones,138,60,1,82,86,0,0,3,16,44,0,0,0,2,1,3,0
1492-3,1,142,ferrones,138,60,1,84,87,0,0,1,16,44,0,0,0,2,1,2,0
1492-3,1,143,ferrones,138,60,1,81,83,0,0,3,10,38,0,0,0,2,1,4,0
1492-3,1,144,ferrones,138,60,1,95,78,0,0,1,10,32,0,0,0,2,1,2,0
1492-3,1,145,ferrones,138,60,1,75,75,0,0,3,10,32,0,0,0,2,1,2,0
1492-3,1,146,ferrones,138,60,1,79,75,0,0,1,10,32,0,0,0,2,1,2,0
1492-3,1,147,ferrones,138,60,1,79,71,0,0,3,10,32,0,0,0,2,1,2,0
1492-3,1,148,ferrones,138,60,1,79,67,0,0,1,10,32,0,0,0,2,1,2,0
1492-3,1,149,ferrones,138,60,1,79,66,0,0,3,13,35,0,0,0,2,1,2,0
1492-3,1,150,ferrones,138,60,1,85,65,0,0,1,13,41,0,0,0,2,1,2,0
1492-3,1,151,ferrones,138,64,1,96,64,0,0,3,13,41,0,0,0,2,1,4,0
1492-3,1,152,ferrones,138,60,1,69,53,0,0,2,13,42,0,0,0,2,1,4,0
1492-3,1,153,ferrones,138,60,1,88,53,0,0,1,13,42,0,0,0,2,1,2,0
1492-3,1,154,ferrones,138,60,1,85,50,0,0,0,13,42,0,0,0,2,1,2,0
1492-3,1,155,ferrones,138,60,1,87,63,0,0,3,26,55,0,0,0,2,1,2,0
1492-3,1,156,ferrones,138,60,1,88,76,0,0,2,26,55,0,0,0,2,1,2,0
1492-3,1,157,ferrones,138,60,1,89,88,0,0,1,26,55,0,0,0,2,1,2,0
1492-3,1,158,ferrones,138,60,1,82,100,0,0,0,26,55,0,0,0,2,1,3,0
1492-3,1,159,ferrones,138,60,1,87,109,0,0,3,26,55,0,0,0,2,1,2,0
1492-3,1,160,ferrones,138,60,1,81,116,0,0,2,26,55,0,0,0,2,1,3,0
1492-3,1,161,ferrones,138,60,1,111,100,0,0,1,16,45,0,0,0,2,1,7,0
1492-3,1,162,ferrones,138,60,1,87,97,0,0,0,16,45,0,0,0,2,1,3,0
1492-3,1,163,ferrones,138,60,1,120,95,0,0,3,16,45,0,0,0,2,1,2,0
1492-3,1,164,ferrones,138,60,1,90,93,0,0,2,16,45,0,0,0,2,1,3,0
1492-3,1,165,ferrones,146,60,1,120,91,0,0,1,16,45,0,0,0,2,1,3,0
1492-3,1,166,ferrones,146,60,1,126,89,0,0,0,16,45,0,0,0,2,1,3,0
1492-3,1,167,ferrones,146,60,1,124,81,0,0,3,10,39,0,0,0,2,1,4,0
1492-3,1,168,ferrones,146,60,1,123,74,0,0,2,10,33,0,0,0,2,1,4,0
1492-3,1,169,ferrones,146,60,1,118,71,0,0,1,10,33,0,0,0,2,1,4,0
1492-3,1,170,ferrones,146,60,1,112,68,0,0,0,10,33,0,0,0,2,1,4,0
1492-3,1,171,ferrones,146,60,1,106,65,0,0,3,10,33,0,0,0,2,1,4,0
1492-3,1,172,ferrones,146,60,1,109,62,0,0,2,10,33,0,0,0,2,1,4,0
1492-3,1,173,ferrones,146,60,1,121,62,0,0,1,13,36,0,0,0,2,1,4,0
1492-3,1,174,ferrones,146,60,1,124,59,0,0,0,13,42,0,0,0,2,1,5,0
1492-3,1,175,ferrones,146,60,1,130,56,0,1,3,13,42,0,0,0,2,1,5,0
1492-3,1,176,ferrones,146,64,1,139,54,0,2,2,13,42,0,0,0,2,1,6,0
1492-3,1,177,ferrones,146,60,1,123,42,0,2,1,13,42,0,0,0,2,1,5,0
1492-3,1,178,ferrones,146,60,1,123,33,0,0,0,13,42,0,0,0,2,1,9,0
1492-3,1,179,ferrones,146,60,1,112,47,0,0,3,26,55,0,0,0,2,1,5,0
1492-3,1,180,ferrones,146,60,1,131,57,0,1,2,26,55,0,0,0,2,1,4,0
1492-3,1,181,ferrones,146,60,1,116,67,0,1,1,26,55,0,0,0,2,1,5,0
1492-3,1,182,ferrones,146,60,1,135,76,0,2,0,26,55,0,0,0,2,1,4,0
1492-3,1,183,ferrones,146,60,1,131,87,0,0,3,26,55,0,0,0,2,1,4,0
1492-3,1,184,ferrones,146,60,1,120,99,0,0,2,26,55,0,0,0,2,1,5,0
1492-3,1,185,ferrones,154,60,1,117,97,0,1,1,16,45,0,0,0,2,1,3,0
1492-3,1,186,ferrones,154,60,1,114,95,0,1,0,16,45,0,0,0,2,1,3,0
1492-3,1,187,ferrones,154,60,1,111,93,0,1,3,16,45,0,0,0,2,1,3,0
1492-3,1,188,ferrones,154,60,1,123,91,0,1,2,16,45,0,0,0,2,1,3,0
1492-3,1,189,ferrones,154,60,1,120,89,0,1,1,16,45,0,0,0,2,1,3,0
1492-3,1,190,ferrones,154,60,1,114,87,0,1,0,16,45,0,0,0,2,1,4,0
1492-3,1,191,ferrones,154,60,1,114,80,0,1,3,10,39,0,0,0,2,1,4,0
1492-3,1,192,ferrones,154,60,1,110,75,0,1,2,10,33,0,0,0,2,1,4,0
1492-3,1,193,ferrones,154,60,1,104,72,0,1,1,10,33,0,0,0,2,1,4,0
1492-3,1,194,ferrones,154,60,1,107,69,0,1,0,10,33,0,0,0,2,1,4,0
1492-3,1,195,ferrones,154,60,1,104,66,0,1,3,10,33,0,0,0,2,1,4,0
1492-3,1,196,ferrones,154,60,1,107,63,0,1,2,10,33,0,0,0,2,1,4,0
1492-3,1,197,ferrones,154,60,1,119,63,0,1,1,13,36,0,0,0,2,1,4,0
1492-3,1,198,ferrones,154,60,1,122,60,0,1,0,13,42,0,0,0,2,1,5,0
1492-3,1,199,ferrones,154,64,1,138,58,0,2,3,13,42,0,0,0,2,1,6,0
1492-3,1,200,ferrones,154,60,1,134,46,0,2,2,13,42,0,0,0,2,1,5,0
1492-3,1,1,hortelanos,32,81,1,32,77,0,0,0,31,47,0,0,0,0,1,4,0
1492-3,1,2,hortelanos,31,77,1,16,63,0,0,0,31,39,0,0,0,0,1,7,0
1492-3,1,3,hortelanos,99,77,1,19,71,0,0,0,31,38,0,0,0,1,1,0,1
1492-3,1,4,hortelanos,99,77,1,22,78,0,0,0,31,38,0,0,0,1,1,0,1
1492-3,1,5,hortelanos,163,73,1,5,81,0,0,0,37,44,0,1,0,2,1,1,0
1492-3,1,6,hortelanos,163,73,1,23,88,0,0,0,37,59,0,0,0,2,1,6,0
1492-3,1,7,hortelanos,171,73,1,41,103,0,0,0,37,59,0,0,0,2,1,0,1
1492-3,1,8,hortelanos,171,73,1,59,118,0,0,0,37,59,0,0,0,2,1,0,1
1492-3,1,9,hortelanos,171,73,1,77,132,0,0,0,37,59,0,0,0,2,1,0,1
1492-3,1,10,hortelanos,171,73,1,80,136,0,0,0,37,59,0,0,0,2,1,7,0
1492-3,1,11,hortelanos,179,73,1,88,172,0,0,0,61,83,0,0,0,2,1,2,0
1492-3,1,12,hortelanos,179,73,1,89,200,0,0,0,61,83,0,0,0,2,1,3,0
1492-3,1,13,hortelanos,179,73,1,99,228,0,0,0,61,83,0,0,0,2,1,3,0
1492-3,1,14,hortelanos,179,73,1,108,255,0,0,0,61,83,0,0,0,2,1,3,0
1492-3,1,15,hortelanos,179,73,1,117,281,0,0,0,61,83,0,0,0,2,1,3,0
1492-3,1,16,hortelanos,179,73,1,114,306,0,0,0,61,83,0,0,0,2,1,3,0
1492-3,1,17,hortelanos,179,73,1,106,300,0,0,0,48,70,0,0,0,2,1,13,0
1492-3,1,18,hortelanos,179,73,1,109,311,0,0,0,48,70,0,0,0,2,1,3,0
1492-3,1,19,hortelanos,187,73,1,101,322,0,0,0,48,70,0,0,0,2,1,3,0
1492-3,1,20,hortelanos,187,73,1,107,331,0,0,0,48,70,0,1,0,2,1,3,0
1492-3,1,21,hortelanos,187,73,1,101,335,0,0,0,48,70,0,0,0,2,1,8,0
1492-3,1,22,hortelanos,187,73,1,132,342,0,0,0,48,70,0,0,0,2,1,3,0
1492-3,1,23,hortelanos,187,73,1,99,350,0,0,0,43,65,0,0,0,2,1,3,0
1492-3,1,24,hortelanos,187,73,1,106,353,0,0,0,43,58,0,0,0,2,1,3,0
1492-3,1,25,hortelanos,187,73,1,99,357,0,0,0,43,58,0,0,0,2,1,3,0
1492-3,1,26,hortelanos,188,77,1,113,347,0,0,0,43,58,0,0,0,2,1,9,0
1492-3,1,27,hortelanos,187,73,1,78,342,0,0,0,43,58,0,0,0,2,1,4,0
1492-3,1,28,hortelanos,187,73,1,103,331,0,0,0,43,58,0,0,0,2,1,8,0
1492-3,1,29,hortelanos,187,73,1,95,336,0,0,0,43,58,0,0,0,2,1,3,0
1492-3,1,30,hortelanos,195,73,1,105,328,0,0,0,43,65,0,0,0,2,1,8,0
1492-3,1,31,hortelanos,195,73,1,104,333,0,0,0,43,65,0,0,0,2,1,3,0
1492-3,1,32,hortelanos,195,73,1,104,338,0,0,0,43,65,0,0,0,2,1,3,0
1492-3,1,33,hortelanos,195,73,1,104,343,0,0,0,43,65,0,0,0,2,1,3,0
1492-3,1,34,hortelanos,195,73,1,105,348,0,0,0,43,65,0,0,0,2,1,3,0
1492-3,1,35,hortelanos,195,73,1,106,353,0,0,0,43,65,0,0,0,2,1,3,0
1492-3,1,36,hortelanos,195,73,1,107,357,0,0,0,43,65,0,0,0,2,1,3,0
1492-3,1,37,hortelanos,195,73,1,107,361,0,0,0,43,65,0,0,0,2,1,3,0
1492-3,1,38,hortelanos,195,73,1,107,365,0,0,0,43,65,0,0,0,2,1,3,0
1492-3,1,39,hortelanos,195,73,1,107,369,0,0,0,43,65,0,0,0,2,1,3,0
1492-3,1,40,hortelanos,195,73,1,107,373,0,0,0,43,65,0,0,0,2,1,3,0
1492-3,1,41,hortelanos,195,73,1,107,365,0,0,0,43,65,0,0,0,2,1,8,0
1492-3,1,42,hortelanos,195,73,1,108,357,0,0,0,43,65,0,0,0,2,1,8,0
1492-3,1,43,hortelanos,203,73,1,109,361,0,0,0,43,65,0,0,0,2,1,3,0
1492-3,1,44,hortelanos,203,73,1,80,327,0,0,0,43,65,0,0,0,2,1,4,0
1492-3,1,45,hortelanos,203,73,1,100,330,0,0,0,43,65,0,0,0,2,1,3,0
1492-3,1,46,hortelanos,247,153,2,98,323,0,0,0,43,65,0,0,0,3,1,8,0
1492-3,1,47,hortelanos,247,153,2,102,308,0,0,0,43,81,0,0,0,3,1,5,0
1492-3,1,48,hortelanos,247,153,2,99,298,0,0,0,52,83,0,0,0,3,1,4,0
1492-3,1,49,hortelanos,247,153,2,94,291,0,0,0,52,83,0,1,0,3,1,4,0
1492-3,1,50,hortelanos,248,157,2,116,290,0,0,0,65,96,0,1,0,3,1,10,0
1492-3,1,51,hortelanos,247,153,2,76,297,0,0,0,79,110,0,0,0,3,1,5,0
1492-3,1,52,hortelanos,248,157,2,102,298,0,0,0,79,110,0,2,0,3,1,8,0
1492-3,1,53,hortelanos,249,161,2,112,317,0,0,0,79,110,0,1,0,3,1,3,0
1492-3,1,54,hortelanos,257,163,2,129,336,0,0,0,79,120,0,0,0,3,1,3,0
1492-3,1,55,hortelanos,257,163,2,111,355,0,0,0,79,122,0,0,0,3,1,4,0
1492-3,1,56,hortelanos,257,163,2,130,361,0,1,0,79,122,0,0,0,3,1,8,0
1492-3,1,57,hortelanos,257,163,2,117,379,0,1,0,79,122,0,0,0,3,1,4,0
1492-3,1,58,hortelanos,257,163,2,136,396,0,2,0,79,122,0,0,0,3,1,3,0
1492-3,1,59,hortelanos,257,163,2,118,415,0,2,0,79,122,0,0,0,3,1,3,0
1492-3,1,60,hortelanos,257,163,2,92,383,0,0,0,79,122,0,0,0,3,1,9,0
1492-3,1,61,hortelanos,257,163,2,114,399,0,0,0,79,122,0,0,0,3,1,3,0
1492-3,1,62,hortelanos,308,189,3,124,415,0,0,0,79,122,0,0,0,4,1,3,0
1492-3,1,63,hortelanos,309,190,3,128,424,0,0,0,79,126,0,0,0,4,1,3,0
1492-3,1,64,hortelanos,309,191,3,106,433,0,0,0,79,126,0,0,0,4,1,4,0
1492-3,1,65,hortelanos,309,192,3,117,441,0,1,0,79,126,0,0,0,4,1,3,0
1492-3,1,66,hortelanos,309,193,3,112,437,0,1,0,79,126,0,0,0,4,1,8,0
1492-3,1,67,hortelanos,309,194,3,109,445,0,1,0,79,128,0,0,0,4,1,3,0
1492-3,1,68,hortelanos,310,195,3,146,448,0,1,0,79,128,0,0,0,4,1,3,0
1492-3,1,69,hortelanos,311,200,3,150,451,0,1,0,79,128,0,0,0,4,1,4,0
1492-3,1,70,hortelanos,310,197,3,172,430,0,1,0,79,128,0,0,0,4,1,10,0
1492-3,1,71,hortelanos,310,198,3,61,418,0,1,0,79,128,0,0,0,4,1,7,0
1492-3,1,72,hortelanos,310,199,3,96,415,0,1,0,79,121,0,0,0,4,1,2,0
1492-3,1,73,hortelanos,311,200,3,83,416,0,1,0,79,121,0,0,0,4,1,2,0
1492-3,1,74,hortelanos,319,201,3,99,406,0,1,0,79,121,0,0,0,4,1,8,0
1492-3,1,75,hortelanos,319,202,3,108,409,0,1,0,79,121,0,0,0,4,1,3,0
1492-3,1,76,hortelanos,319,203,3,104,413,0,1,0,79,121,0,0,0,4,1,3,0
1492-3,1,77,hortelanos,320,205,3,101,417,0,1,0,79,123,0,0,0,4,1,3,0
1492-3,1,78,hortelanos,320,207,3,112,396,0,1,0,79,130,0,0,0,4,1,13,0
1492-3,1,79,hortelanos,320,209,3,117,400,0,1,0,79,130,0,0,0,4,1,3,0
1492-3,1,80,hortelanos,329,211,3,119,402,0,1,0,79,130,0,0,0,4,1,3,0
1492-3,1,81,hortelanos,329,213,3,121,404,0,1,0,79,130,0,0,0,4,1,3,0
1492-3,1,82,hortelanos,330,215,3,132,394,0,0,0,79,132,0,0,0,4,1,9,0
1492-3,1,83,hortelanos,330,217,3,110,397,0,0,0,79,132,0,0,0,4,1,4,0
1492-3,1,84,hortelanos,330,219,3,122,398,0,1,0,79,132,0,0,0,4,1,3,0
1492-3,1,85,hortelanos,331,221,3,128,389,0,0,0,79,132,0,0,0,4,1,8,0
1492-3,1,86,hortelanos,339,223,3,113,390,0,0,0,79,132,0,0,0,4,1,4,0
1492-3,1,87,hortelanos,339,223,3,125,390,0,1,0,79,134,0,0,0,4,1,3,0
1492-3,1,88,hortelanos,339,223,3,130,390,0,1,0,79,134,0,0,0,4,1,3,0
1492-3,1,89,hortelanos,339,223,3,105,393,0,1,0,79,134,0,0,0,4,1,3,0
1492-3,1,90,hortelanos,339,223,3,81,347,0,1,0,79,134,0,0,0,4,1,9,0
1492-3,1,91,hortelanos,339,223,3,112,333,0,1,0,79,134,0,0,0,4,1,9,0
1492-3,1,92,hortelanos,359,280,4,117,339,0,1,0,79,134,0,0,0,4,1,4,0
1492-3,1,93,hortelanos,367,282,4,110,330,0,1,0,79,144,0,0,0,4,1,5,0
1492-3,1,94,hortelanos,367,283,4,97,323,0,1,0,79,144,0,1,0,4,1,5,0
1492-3,1,95,hortelanos,367,283,4,113,328,0,1,0,92,159,0,0,0,4,1,5,0
1492-3,1,96,hortelanos,367,283,4,112,334,0,1,0,92,152,0,1,0,4,1,4,0
1492-3,1,97,hortelanos,367,283,4,111,355,0,1,0,106,166,0,0,0,4,1,4,0
1492-3,1,98,hortelanos,367,283,4,111,371,0,1,0,106,166,0,0,0,4,1,4,0
1492-3,1,99,hortelanos,367,283,4,111,390,0,1,0,106,166,0,0,0,4,1,4,0
1492-3,1,100,hortelanos,368,287,4,120,412,0,1,0,106,166,0,0,0,4,1,5,0
1492-3,1,101,hortelanos,367,283,4,86,417,0,1,0,106,166,0,0,0,4,1,6,0
1492-3,1,102,hortelanos,367,283,4,125,414,0,2,0,106,173,0,0,0,4,1,9,0
1492-3,1,103,hortelanos,367,283,4,137,429,0,2,0,106,173,0,0,0,4,1,4,0
1492-3,1,104,hortelanos,376,286,4,147,444,0,2,0,106,173,0,1,0,4,1,5,0
1492-3,1,105,hortelanos,376,289,4,123,459,0,2,0,106,173,0,0,0,4,1,3,0
1492-3,1,106,hortelanos,377,292,4,116,461,0,1,0,106,173,0,0,0,4,1,8,0
1492-3,1,107,hortelanos,378,295,4,128,464,0,0,0,106,173,0,0,0,4,1,3,0
1492-3,1,108,hortelanos,378,298,4,118,471,0,0,0,106,175,0,0,0,4,1,4,0
1492-3,1,109,hortelanos,589,301,4,143,475,0,1,0,106,175,0,1,1,5,1,3,0
1492-3,1,110,hortelanos,589,304,4,139,506,0,1,0,132,201,0,0,0,5,1,5,0
1492-3,1,111,hortelanos,590,308,4,143,535,0,2,0,132,203,0,0,0,5,1,4,0
1492-3,1,112,hortelanos,593,320,4,162,570,0,3,0,132,203,0,1,0,5,1,5,0
1492-3,1,113,hortelanos,593,320,4,140,585,0,3,0,132,203,0,0,0,5,1,4,0
1492-3,1,114,hortelanos,593,320,4,109,586,0,3,0,132,205,0,0,0,5,1,9,0
1492-3,1,115,hortelanos,593,324,4,135,591,0,3,0,132,203,0,1,0,5,1,9,0
1492-3,1,116,hortelanos,602,329,4,130,610,0,3,0,132,205,0,0,0,5,1,3,0
1492-3,1,117,hortelanos,603,334,4,126,631,0,3,0,132,205,0,0,0,5,1,3,0
1492-3,1,118,hortelanos,604,339,4,134,649,0,3,0,132,207,0,0,0,5,1,4,0
1492-3,1,119,hortelanos,605,343,4,130,665,0,3,0,132,207,0,0,0,5,1,3,0
1492-3,1,120,hortelanos,606,349,4,122,669,0,3,0,132,203,0,1,0,5,1,8,0
1492-3,1,121,hortelanos,608,355,4,123,684,0,3,0,132,203,0,0,0,5,1,4,0
1492-3,1,122,hortelanos,609,361,4,163,694,0,3,0,132,205,0,0,0,5,1,3,0
1492-3,1,123,hortelanos,610,367,4,157,706,0,3,0,132,205,0,0,0,5,1,3,0
1492-3,1,124,hortelanos,611,373,4,169,703,0,3,0,132,207,0,0,0,5,1,8,0
1492-3,1,125,hortelanos,611,373,4,171,699,0,3,0,119,196,0,0,0,5,1,3,0
1492-3,1,126,hortelanos,612,377,4,191,695,0,3,0,119,202,0,0,0,5,1,4,0
1492-3,1,127,hortelanos,612,376,4,182,679,0,3,0,119,204,0,1,0,5,1,5,0
1492-3,1,128,hortelanos,612,379,4,190,650,0,3,0,119,202,0,0,0,5,1,13,0
1492-3,1,129,hortelanos,613,382,4,196,647,0,3,0,119,202,0,0,0,5,1,3,0
1492-3,1,130,hortelanos,622,385,4,192,643,0,3,0,119,202,0,0,0,5,1,3,0
1492-3,1,131,hortelanos,622,388,4,199,649,0,3,0,132,217,0,1,0,5,1,3,0
1492-3,1,132,hortelanos,623,391,4,206,656,0,3,0,132,220,0,0,0,5,1,3,0
1492-3,1,133,hortelanos,623,394,4,211,662,0,3,0,132,220,0,0,0,5,1,3,0
1492-3,1,134,hortelanos,624,398,4,227,667,0,3,0,132,222,0,0,0,5,1,3,0
1492-3,1,135,hortelanos,625,402,4,242,671,0,3,0,132,222,0,0,0,5,1,3,0
1492-3,1,136,hortelanos,625,403,4,256,674,0,3,0,132,222,0,0,0,5,1,3,0
1492-3,1,137,hortelanos,625,403,4,271,670,0,3,0,125,217,0,0,0,5,1,3,0
1492-3,1,138,hortelanos,626,407,4,265,619,0,3,0,125,217,0,0,0,5,1,10,0
1492-3,1,139,hortelanos,625,403,4,237,603,0,3,0,125,219,0,0,0,5,1,6,0
1492-3,1,140,hortelanos,645,463,5,270,593,0,3,0,125,217,0,0,0,5,1,10,0
1492-3,1,141,hortelanos,645,463,5,290,578,0,3,0,125,229,0,0,0,5,1,5,0
1492-3,1,142,hortelanos,645,463,5,260,566,0,3,0,125,229,0,1,0,5,1,6,0
1492-3,1,143,hortelanos,653,463,5,288,573,0,3,0,145,249,0,0,0,5,1,6,0
1492-3,1,144,hortelanos,653,463,5,320,578,0,3,0,145,243,0,1,0,5,1,5,0
1492-3,1,145,hortelanos,653,463,5,351,605,0,3,0,166,264,0,0,0,5,1,4,0
1492-3,1,146,hortelanos,653,463,5,332,629,0,3,0,166,264,0,1,0,5,1,5,0
1492-3,1,147,hortelanos,654,466,5,303,654,0,3,0,166,264,0,1,0,5,1,5,0
1492-3,1,148,hortelanos,654,469,5,334,677,0,3,0,166,264,0,0,0,5,1,5,0
1492-3,1,149,hortelanos,655,472,5,365,691,0,3,0,159,257,0,1,0,5,1,4,0
1492-3,1,150,hortelanos,656,479,5,412,706,0,3,0,159,266,0,0,0,5,1,5,0
1492-3,1,151,hortelanos,656,478,5,381,710,0,3,0,159,268,0,0,0,5,1,6,0
1492-3,1,152,hortelanos,657,481,5,263,739,0,3,0,189,298,0,0,0,5,1,11,0
1492-3,1,153,hortelanos,657,484,5,294,777,0,3,0,189,298,0,0,0,5,1,4,0
1492-3,1,154,hortelanos,666,488,5,306,812,0,3,0,189,300,0,0,0,5,1,4,0
1492-3,1,155,hortelanos,667,492,5,267,842,0,3,0,189,300,0,0,0,5,1,3,0
1492-3,1,156,hortelanos,667,493,5,279,869,0,3,0,189,300,0,0,0,5,1,3,0
1492-3,1,157,hortelanos,667,493,5,293,895,0,3,0,189,302,0,0,0,5,1,3,0
1492-3,1,158,hortelanos,667,493,5,315,920,0,3,0,189,302,0,0,0,5,1,3,0
1492-3,1,159,hortelanos,667,493,5,336,944,0,3,0,189,302,0,0,0,5,1,3,0
1492-3,1,160,hortelanos,667,493,5,355,967,0,3,0,189,302,0,0,0,5,1,3,0
1492-3,1,161,hortelanos,668,497,5,383,990,0,3,0,189,302,0,0,0,5,1,4,0
1492-3,1,162,hortelanos,667,493,5,330,992,0,3,0,189,302,0,0,0,5,1,10,0
1492-3,1,163,hortelanos,667,493,5,347,996,0,3,0,189,302,0,0,0,5,1,9,0
1492-3,1,164,hortelanos,667,493,5,363,1017,0,3,0,189,302,0,0,0,5,1,3,0
1492-3,1,165,hortelanos,675,493,5,377,1037,0,3,0,189,302,0,0,0,5,1,3,0
1492-3,1,166,hortelanos,675,493,5,341,1056,0,3,0,189,302,0,0,0,5,1,3,0
1492-3,1,167,hortelanos,675,493,5,358,1083,0,3,0,198,311,0,0,0,5,1,4,0
1492-3,1,168,hortelanos,675,493,5,368,1097,0,3,0,198,305,0,0,0,5,1,8,0
1492-3,1,169,hortelanos,675,493,5,387,1114,0,3,0,189,296,0,0,0,5,1,3,0
1492-3,1,170,hortelanos,675,493,5,355,1130,0,3,0,189,296,0,0,0,5,1,3,0
1492-3,1,171,hortelanos,675,493,5,371,1145,0,3,0,189,296,0,0,0,5,1,4,0
1492-3,1,172,hortelanos,676,497,5,397,1149,0,3,0,189,296,0,0,0,5,1,9,0
1492-3,1,173,hortelanos,676,495,5,388,1153,0,3,0,189,296,0,0,0,5,1,4,0
1492-3,1,174,hortelanos,676,496,5,352,1171,0,3,0,206,317,0,0,0,5,1,8,0
1492-3,1,175,hortelanos,676,496,5,368,1200,0,3,0,206,319,0,0,0,5,1,4,0
1492-3,1,176,hortelanos,796,496,5,383,1216,0,3,0,206,319,0,1,1,5,1,8,0
1492-3,1,177,hortelanos,796,496,5,405,1261,0,3,0,222,335,0,0,0,5,1,3,0
1492-3,1,178,hortelanos,804,496,5,376,1304,0,3,0,222,335,0,0,0,5,1,3,0
1492-3,1,179,hortelanos,804,496,5,397,1345,0,3,0,222,335,0,0,0,5,1,4,0
1492-3,1,180,hortelanos,804,496,5,396,1330,0,3,0,205,318,0,0,0,5,1,4,0
1492-3,1,181,hortelanos,804,496,5,424,1354,0,3,0,205,318,0,0,0,5,1,3,0
1492-3,1,182,hortelanos,822,548,6,401,1377,0,3,0,205,318,0,0,0,5,1,3,0
1492-3,1,183,hortelanos,823,550,6,404,1386,0,3,0,205,328,0,0,0,5,1,4,0
1492-3,1,184,hortelanos,823,552,6,406,1393,0,3,0,205,328,0,1,0,5,1,4,0
1492-3,1,185,hortelanos,824,558,6,425,1404,0,3,0,209,332,0,1,0,5,1,5,0
1492-3,1,186,hortelanos,824,558,6,374,1395,0,3,0,214,337,0,1,0,5,1,11,0
1492-3,1,187,hortelanos,825,563,6,381,1395,0,3,0,214,337,0,1,0,5,1,10,0
1492-3,1,188,hortelanos,826,566,6,400,1407,0,3,0,214,339,0,1,0,5,1,3,0
1492-3,1,189,hortelanos,826,569,6,418,1420,0,3,0,214,343,0,0,0,5,1,3,0
1492-3,1,190,hortelanos,827,572,6,386,1419,0,3,0,214,343,0,0,0,5,1,8,0
1492-3,1,191,hortelanos,836,575,6,414,1429,0,3,0,214,345,0,0,0,5,1,4,0
1492-3,1,192,hortelanos,836,578,6,435,1439,0,3,0,214,339,0,0,0,5,1,3,0
1492-3,1,193,hortelanos,837,581,6,455,1448,0,3,0,214,339,0,0,0,5,1,3,0
1492-3,1,194,hortelanos,837,584,6,426,1443,0,3,0,214,341,0,0,0,5,1,9,0
1492-3,1,195,hortelanos,838,587,6,446,1448,0,3,0,214,341,0,0,0,5,1,4,0
1492-3,1,196,hortelanos,839,590,6,465,1453,0,3,0,214,341,0,1,0,5,1,3,0
1492-3,1,197,hortelanos,839,593,6,486,1458,0,3,0,214,343,0,0,0,5,1,3,0
1492-3,1,198,hortelanos,840,596,6,461,1450,0,3,0,214,349,0,0,0,5,1,8,0
1492-3,1,199,hortelanos,840,599,6,487,1453,0,3,0,214,349,0,0,0,5,1,4,0
1492-3,1,200,hortelanos,842,607,6,514,1457,0,3,0,214,337,0,0,0,5,1,5,0
1492-3,1,1,mercaderes,33,86,1,62,59,0,0,0,13,39,0,0,0,0,1,4,0
1492-3,1,2,mercaderes,32,82,1,54,38,0,0,0,13,29,0,0,0,0,1,2,0
1492-3,1,3,mercaderes,32,82,1,66,28,0,0,0,13,29,0,1,0,0,1,0,1
1492-3,1,4,mercaderes,32,82,1,74,21,0,0,0,13,29,0,0,0,0,1,2,0
1492-3,1,5,mercaderes,32,82,1,73,20,0,0,0,18,34,0,0,0,0,1,2,0
1492-3,1,6,mercaderes,32,82,1,87,22,0,0,0,18,42,0,0,0,0,1,2,0
1492-3,1,7,mercaderes,32,82,1,87,23,0,0,0,18,42,0,0,0,0,1,3,0
1492-3,1,8,mercaderes,32,82,1,91,25,0,0,0,18,42,0,0,0,0,1,3,0
1492-3,1,9,mercaderes,32,82,1,95,27,0,0,0,18,42,0,0,0,0,1,3,0
1492-3,1,10,mercaderes,32,82,1,89,28,0,0,0,18,42,0,0,0,0,1,3,0
1492-3,1,11,mercaderes,33,86,1,95,47,0,0,0,36,60,0,0,0,0,1,3,0
1492-3,1,12,mercaderes,34,90,1,89,64,0,0,0,36,60,0,0,0,0,1,3,0
1492-3,1,13,mercaderes,34,90,1,77,70,0,0,0,36,62,0,0,0,0,1,4,0
1492-3,1,14,mercaderes,49,90,1,72,76,0,0,0,36,62,0,0,0,1,1,3,0
1492-3,1,15,mercaderes,49,90,1,69,81,0,0,0,36,62,0,0,0,1,1,3,0
1492-3,1,16,mercaderes,49,90,1,87,95,0,0,0,36,62,0,0,0,1,1,2,0
1492-3,1,17,mercaderes,49,90,1,88,88,0,0,0,26,52,0,0,0,1,1,7,0
1492-3,1,18,mercaderes,67,90,1,95,96,0,0,0,26,52,0,0,0,2,1,2,0
1492-3,1,19,mercaderes,67,90,1,91,103,0,0,0,26,52,0,0,0,2,1,4,0
1492-3,1,20,mercaderes,67,90,1,92,108,0,0,0,26,52,0,1,0,2,1,3,0
1492-3,1,21,mercaderes,67,90,1,93,107,0,0,0,26,52,0,0,0,2,1,8,0
1492-3,1,22,mercaderes,67,90,1,93,114,0,0,0,26,52,0,0,0,2,1,3,0
1492-3,1,23,mercaderes,75,90,1,96,108,0,0,0,13,39,0,0,0,2,1,3,0
1492-3,1,24,mercaderes,75,90,1,89,103,0,0,0,13,30,0,0,0,2,1,4,0
1492-3,1,25,mercaderes,75,90,1,90,96,0,0,0,13,30,0,0,0,2,1,2,0
1492-3,1,26,mercaderes,75,90,1,87,81,0,0,0,13,30,0,1,0,2,1,7,0
1492-3,1,27,mercaderes,83,90,1,84,77,0,0,0,13,30,0,0,0,2,1,2,0
1492-3,1,28,mercaderes,83,90,1,81,73,0,0,0,13,30,0,0,0,2,1,2,0
1492-3,1,29,mercaderes,83,90,1,79,74,0,0,0,18,35,0,0,0,2,1,3,0
1492-3,1,30,mercaderes,83,90,1,96,60,0,0,0,18,44,0,0,0,2,1,7,0
1492-3,1,31,mercaderes,83,90,1,87,58,0,0,0,18,44,0,0,0,2,1,3,0
1492-3,1,32,mercaderes,91,90,1,99,56,0,0,0,18,44,0,0,0,2,1,3,0
1492-3,1,33,mercaderes,91,90,1,93,54,0,0,0,18,44,0,0,0,2,1,3,0
1492-3,1,34,mercaderes,91,90,1,98,52,0,0,0,18,44,0,0,0,2,1,3,0
1492-3,1,35,mercaderes,91,90,1,101,68,0,0,0,36,62,0,0,0,2,1,3,0
1492-3,1,36,mercaderes,91,90,1,99,83,0,0,0,36,62,0,0,0,2,1,3,0
1492-3,1,37,mercaderes,91,90,1,98,98,0,0,0,36,62,0,0,0,2,1,3,0
1492-3,1,38,mercaderes,91,90,1,97,112,0,0,0,36,62,0,0,0,2,1,3,0
1492-3,1,39,mercaderes,91,90,1,95,125,0,0,0,36,62,0,0,0,2,1,3,0
1492-3,1,40,mercaderes,91,90,1,93,138,0,0,0,36,62,0,0,0,2,1,3,0
1492-3,1,41,mercaderes,91,90,1,94,125,0,0,0,22,48,0,0,0,2,1,7,0
1492-3,1,42,mercaderes,91,90,1,92,120,0,0,0,22,48,0,0,0,2,1,4,0
1492-3,1,43,mercaderes,99,90,1,92,121,0,0,0,22,48,0,1,0,2,1,3,0
1492-3,1,44,mercaderes,99,90,1,95,124,0,0,0,22,48,0,0,0,2,1,3,0
1492-3,1,45,mercaderes,99,90,1,97,127,0,0,0,22,48,0,0,0,2,1,3,0
1492-3,1,46,mercaderes,99,90,1,99,129,0,0,0,22,48,0,0,0,2,1,3,0
1492-3,1,47,mercaderes,99,90,1,93,110,0,0,0,13,39,0,0,0,2,1,8,0
1492-3,1,48,mercaderes,99,90,1,87,104,0,0,0,13,30,0,0,0,2,1,3,0
1492-3,1,49,mercaderes,107,90,1,86,99,0,0,0,13,30,0,0,0,2,1,2,0
1492-3,1,50,mercaderes,107,90,1,82,94,0,0,0,13,30,0,0,0,2,1,2,0
1492-3,1,51,mercaderes,107,90,1,85,89,0,0,0,13,30,0,0,0,2,1,2,0
1492-3,1,52,mercaderes,107,90,1,81,83,0,0,0,13,30,0,0,0,2,1,2,0
1492-3,1,53,mercaderes,107,90,1,81,74,0,0,0,18,35,0,0,0,2,1,8,0
1492-3,1,54,mercaderes,107,90,1,89,72,0,0,0,18,44,0,0,0,2,1,3,0
1492-3,1,55,mercaderes,115,90,1,95,70,0,0,0,18,44,0,0,0,2,1,3,0
1492-3,1,56,mercaderes,115,90,1,91,68,0,0,0,18,44,0,0,0,2,1,3,0
1492-3,1,57,mercaderes,115,90,1,100,66,0,0,0,18,44,0,0,0,2,1,3,0
1492-3,1,58,mercaderes,115,90,1,95,64,0,0,0,18,44,0,0,0,2,1,3,0
1492-3,1,59,mercaderes,115,90,1,93,79,0,0,0,36,62,0,0,0,2,1,3,0
1492-3,1,60,mercaderes,115,90,1,91,94,0,0,0,36,62,0,0,0,2,1,4,0
1492-3,1,61,mercaderes,115,90,1,94,106,0,0,0,36,62,0,1,0,2,1,3,0
1492-3,1,62,mercaderes,115,94,1,108,123,0,0,0,36,62,0,0,0,2,1,4,0
1492-3,1,63,mercaderes,115,90,1,84,125,0,0,0,36,62,0,0,0,2,1,4,0
1492-3,1,64,mercaderes,115,90,1,96,138,0,0,0,36,62,0,0,0,2,1,3,0
1492-3,1,65,mercaderes,115,90,1,110,124,0,0,0,22,48,0,0,0,2,1,7,0
1492-3,1,66,mercaderes,115,90,1,106,120,0,0,0,22,48,0,0,0,2,1,3,0
1492-3,1,67,mercaderes,123,90,1,95,123,0,0,0,22,48,0,0,0,2,1,3,0
1492-3,1,68,mercaderes,123,90,1,97,126,0,0,0,22,48,0,0,0,2,1,3,0
1492-3,1,69,mercaderes,123,90,1,96,128,0,0,0,22,48,0,0,0,2,1,3,0
1492-3,1,70,mercaderes,123,90,1,94,130,0,0,0,22,48,0,0,0,2,1,3,0
1492-3,1,71,mercaderes,123,90,1,95,124,0,0,0,13,39,0,0,0,2,1,3,0
1492-3,1,72,mercaderes,123,90,1,86,118,0,0,0,13,30,0,0,0,2,1,3,0
1492-3,1,73,mercaderes,123,90,1,87,112,0,0,0,13,30,0,0,0,2,1,3,0
1492-3,1,74,mercaderes,123,90,1,84,93,0,0,0,13,30,0,0,0,2,1,7,0
1492-3,1,75,mercaderes,123,90,1,81,86,0,0,0,13,30,0,1,0,2,1,2,0
1492-3,1,76,mercaderes,131,90,1,82,81,0,0,0,13,30,0,0,0,2,1,2,0
1492-3,1,77,mercaderes,131,90,1,79,80,0,0,0,18,35,0,0,0,2,1,3,0
1492-3,1,78,mercaderes,131,90,1,96,77,0,0,0,18,44,0,0,0,2,1,2,0
1492-3,1,79,mercaderes,131,90,1,87,75,0,0,0,18,44,0,0,0,2,1,3,0
1492-3,1,80,mercaderes,131,90,1,99,73,0,0,0,18,44,0,0,0,2,1,3,0
1492-3,1,81,mercaderes,131,90,1,93,71,0,0,0,18,44,0,0,0,2,1,3,0
1492-3,1,82,mercaderes,131,94,1,108,69,0,0,0,18,44,0,0,0,2,1,4,0
1492-3,1,83,mercaderes,131,90,1,76,74,0,0,0,36,62,0,0,0,2,1,4,0
1492-3,1,84,mercaderes,131,90,1,98,89,0,0,0,36,62,0,0,0,2,1,2,0
1492-3,1,85,mercaderes,131,90,1,91,103,0,0,0,36,62,0,0,0,2,1,3,0
1492-3,1,86,mercaderes,131,90,1,100,117,0,0,0,36,62,0,0,0,2,1,3,0
1492-3,1,87,mercaderes,131,90,1,95,130,0,0,0,36,62,0,0,0,2,1,3,0
1492-3,1,88,mercaderes,131,90,1,93,143,0,0,0,36,62,0,0,0,2,1,3,0
1492-3,1,89,mercaderes,131,90,1,94,129,0,0,0,22,48,0,0,0,2,1,7,0
1492-3,1,90,mercaderes,131,90,1,92,124,0,0,0,22,48,0,0,0,2,1,4,0
1492-3,1,91,mercaderes,139,90,1,92,125,0,0,0,22,48,0,1,0,2,1,3,0
1492-3,1,92,mercaderes,139,90,1,95,127,0,0,0,22,48,0,0,0,2,1,3,0
1492-3,1,93,mercaderes,139,90,1,97,129,0,0,0,22,48,0,0,0,2,1,3,0
1492-3,1,94,mercaderes,139,90,1,99,131,0,0,0,22,48,0,0,0,2,1,3,0
1492-3,1,95,mercaderes,139,90,1,93,125,0,0,0,13,39,0,0,0,2,1,3,0
1492-3,1,96,mercaderes,139,90,1,87,119,0,0,0,13,30,0,0,0,2,1,3,0
1492-3,1,97,mercaderes,139,90,1,86,113,0,0,0,13,30,0,0,0,2,1,2,0
1492-3,1,98,mercaderes,139,90,1,82,96,0,0,0,13,30,0,0,0,2,1,7,0
1492-3,1,99,mercaderes,139,90,1,85,91,0,0,0,13,30,0,0,0,2,1,2,0
1492-3,1,100,mercaderes,147,90,1,81,85,0,0,0,13,30,0,0,0,2,1,2,0
1492-3,1,101,mercaderes,147,90,1,81,85,0,0,0,18,35,0,0,0,2,1,3,0
1492-3,1,102,mercaderes,147,90,1,89,82,0,0,0,18,44,0,0,0,2,1,3,0
1492-3,1,103,mercaderes,147,90,1,95,79,0,0,0,18,44,0,0,0,2,1,3,0
1492-3,1,104,mercaderes,147,90,1,91,76,0,0,0,18,44,0,0,0,2,1,3,0
1492-3,1,105,mercaderes,147,90,1,100,74,0,0,0,18,44,0,0,0,2,1,3,0
1492-3,1,106,mercaderes,147,94,1,105,72,0,0,0,18,44,0,0,0,2,1,4,0
1492-3,1,107,mercaderes,147,90,1,73,76,0,0,0,36,62,0,0,0,2,1,4,0
1492-3,1,108,mercaderes,147,90,1,94,91,0,0,0,36,62,0,0,0,2,1,3,0
1492-3,1,109,mercaderes,147,90,1,91,103,0,0,0,36,62,0,1,0,2,1,3,0
1492-3,1,110,mercaderes,147,90,1,95,117,0,0,0,36,62,0,0,0,2,1,3,0
1492-3,1,111,mercaderes,147,90,1,91,130,0,0,0,36,62,0,0,0,2,1,3,0
1492-3,1,112,mercaderes,147,90,1,96,143,0,0,0,36,62,0,0,0,2,1,3,0
1492-3,1,113,mercaderes,147,90,1,112,129,0,0,0,22,48,0,0,0,2,1,7,0
1492-3,1,114,mercaderes,147,90,1,96,124,0,0,0,22,48,0,0,0,2,1,3,0
1492-3,1,115,mercaderes,155,90,1,98,127,0,0,0,22,48,0,0,0,2,1,3,0
1492-3,1,116,mercaderes,155,90,1,97,129,0,0,0,22,48,0,0,0,2,1,3,0
1492-3,1,117,mercaderes,155,90,1,96,131,0,0,0,22,48,0,0,0,2,1,3,0
1492-3,1,118,mercaderes,155,90,1,94,133,0,0,0,22,48,0,0,0,2,1,3,0
1492-3,1,119,mercaderes,155,90,1,102,127,0,0,0,13,39,0,0,0,2,1,3,0
1492-3,1,120,mercaderes,155,90,1,90,119,0,0,0,13,30,0,0,0,2,1,4,0
1492-3,1,121,mercaderes,155,90,1,91,111,0,0,0,13,30,0,0,0,2,1,2,0
1492-3,1,122,mercaderes,155,90,1,80,103,0,0,0,13,30,0,1,0,2,1,3,0
1492-3,1,123,mercaderes,155,94,1,94,99,0,0,0,13,30,0,0,0,2,1,3,0
1492-3,1,124,mercaderes,155,90,1,61,82,0,0,0,13,30,0,0,0,2,1,4,0
1492-3,1,125,mercaderes,155,90,1,83,67,0,0,0,13,30,0,0,0,2,1,6,0
1492-3,1,126,mercaderes,155,90,1,84,56,0,0,0,13,39,0,0,0,2,1,3,0
1492-3,1,127,mercaderes,163,90,1,91,50,0,0,0,13,39,0,0,0,2,1,3,0
1492-3,1,128,mercaderes,163,90,1,91,44,0,0,0,13,39,0,0,0,2,1,3,0
1492-3,1,129,mercaderes,163,90,1,94,38,0,0,0,13,39,0,0,0,2,1,3,0
1492-3,1,130,mercaderes,163,90,1,97,32,0,0,0,13,39,0,0,0,2,1,3,0
1492-3,1,131,mercaderes,163,90,1,95,49,0,0,0,36,62,0,0,0,2,1,3,0
1492-3,1,132,mercaderes,163,90,1,95,65,0,0,0,36,62,0,0,0,2,1,3,0
1492-3,1,133,mercaderes,163,90,1,94,80,0,0,0,36,62,0,0,0,2,1,3,0
1492-3,1,134,mercaderes,163,90,1,93,95,0,0,0,36,62,0,0,0,2,1,3,0
1492-3,1,135,mercaderes,163,94,1,102,110,0,0,0,36,62,0,0,0,2,1,4,0
1492-3,1,136,mercaderes,163,90,1,81,113,0,0,0,36,62,0,0,0,2,1,5,0
1492-3,1,137,mercaderes,163,90,1,94,95,0,0,0,19,45,0,1,0,2,1,7,0
1492-3,1,138,mercaderes,163,90,1,90,95,0,0,0,19,45,0,0,0,2,1,3,0
1492-3,1,139,mercaderes,171,90,1,98,96,0,0,0,19,45,0,0,0,2,1,2,0
1492-3,1,140,mercaderes,171,90,1,91,97,0,0,0,19,45,0,0,0,2,1,3,0
1492-3,1,141,mercaderes,171,90,1,95,98,0,0,0,19,45,0,0,0,2,1,3,0
1492-3,1,142,mercaderes,171,90,1,97,99,0,0,0,19,45,0,0,0,2,1,3,0
1492-3,1,143,mercaderes,171,90,1,98,94,0,0,0,13,39,0,0,0,2,1,3,0
1492-3,1,144,mercaderes,171,90,1,83,89,0,0,0,13,30,0,0,0,2,1,3,0
1492-3,1,145,mercaderes,171,90,1,84,86,0,0,0,15,32,0,0,0,2,1,2,0
1492-3,1,146,mercaderes,171,90,1,80,83,0,0,0,15,32,0,0,0,2,1,2,0
1492-3,1,147,mercaderes,171,94,1,93,81,0,0,0,15,32,0,0,0,2,1,3,0
1492-3,1,148,mercaderes,171,90,1,59,67,0,0,0,15,32,0,0,0,2,1,4,0
1492-3,1,149,mercaderes,171,90,1,83,57,0,0,0,18,35,0,0,0,2,1,6,0
1492-3,1,150,mercaderes,171,90,1,82,51,0,0,0,18,44,0,0,0,2,1,3,0
1492-3,1,151,mercaderes,179,90,1,98,50,0,0,0,18,44,0,0,0,2,1,3,0
1492-3,1,152,mercaderes,179,90,1,98,49,0,0,0,18,51,0,0,0,2,1,3,0
1492-3,1,153,mercaderes,179,90,1,104,48,0,0,0,18,51,0,0,0,2,1,3,0
1492-3,1,154,mercaderes,179,90,1,100,47,0,0,0,18,51,0,0,0,2,1,3,0
1492-3,1,155,mercaderes,179,90,1,108,63,0,0,0,36,69,0,0,0,2,1,4,0
1492-3,1,156,mercaderes,179,90,1,111,76,0,0,0,36,69,0,1,0,2,1,3,0
1492-3,1,157,mercaderes,179,90,1,115,91,0,0,0,36,69,0,0,0,2,1,3,0
1492-3,1,158,mercaderes,179,90,1,119,105,0,0,0,36,69,0,0,0,2,1,3,0
1492-3,1,159,mercaderes,179,94,1,135,120,0,0,0,36,69,0,0,0,2,1,4,0
1492-3,1,160,mercaderes,179,90,1,83,123,0,0,0,36,69,0,0,0,2,1,5,0
1492-3,1,161,mercaderes,179,90,1,112,110,0,2,0,22,55,0,0,0,2,1,7,0
1492-3,1,162,mercaderes,179,90,1,106,113,0,2,0,22,55,0,0,0,2,1,3,0
1492-3,1,163,mercaderes,187,90,1,105,116,0,2,0,22,55,0,0,0,2,1,3,0
1492-3,1,164,mercaderes,187,90,1,104,119,0,2,0,22,55,0,0,0,2,1,3,0
1492-3,1,165,mercaderes,187,90,1,102,122,0,2,0,22,55,0,0,0,2,1,3,0
1492-3,1,166,mercaderes,187,90,1,110,125,0,2,0,22,55,0,0,0,2,1,4,0
1492-3,1,167,mercaderes,187,90,1,106,119,0,2,0,15,48,0,0,0,2,1,3,0
1492-3,1,168,mercaderes,187,90,1,93,113,0,2,0,15,36,0,1,0,2,1,3,0
1492-3,1,169,mercaderes,187,90,1,94,107,0,2,0,13,34,0,0,0,2,1,3,0
1492-3,1,170,mercaderes,187,90,1,90,104,0,0,0,13,34,0,0,0,2,1,3,0
1492-3,1,171,mercaderes,187,94,1,104,100,0,0,0,13,34,0,0,0,2,1,3,0
1492-3,1,172,mercaderes,187,90,1,64,84,0,0,0,13,34,0,0,0,2,1,4,0
1492-3,1,173,mercaderes,187,90,1,89,73,0,0,0,18,39,0,0,0,2,1,7,0
1492-3,1,174,mercaderes,187,90,1,97,72,0,0,0,22,55,0,0,0,2,1,3,0
1492-3,1,175,mercaderes,195,90,1,100,74,0,0,0,22,55,0,0,0,2,1,3,0
1492-3,1,176,mercaderes,195,90,1,106,76,0,0,0,22,55,0,0,0,2,1,3,0
1492-3,1,177,mercaderes,195,90,1,102,77,0,0,0,22,55,0,0,0,2,1,3,0
1492-3,1,178,mercaderes,195,90,1,111,78,0,0,0,22,55,0,0,0,2,1,3,0
1492-3,1,179,mercaderes,195,90,1,107,101,0,0,0,45,78,0,0,0,2,1,3,0
1492-3,1,180,mercaderes,195,90,1,106,115,0,0,0,36,69,0,0,0,2,1,3,0
1492-3,1,181,mercaderes,195,90,1,105,128,0,0,0,36,69,0,0,0,2,1,3,0
1492-3,1,182,mercaderes,195,90,1,103,141,0,0,0,36,69,0,0,0,2,1,3,0
1492-3,1,183,mercaderes,195,94,1,114,154,0,0,0,36,69,0,0,0,2,1,3,0
1492-3,1,184,mercaderes,195,90,1,85,151,0,0,0,36,69,0,0,0,2,1,3,0
1492-3,1,185,mercaderes,195,90,1,108,132,0,0,0,22,55,0,0,0,2,1,7,0
1492-3,1,186,mercaderes,195,90,1,103,127,0,0,0,22,55,0,0,0,2,1,3,0
1492-3,1,187,mercaderes,203,90,1,99,128,0,0,0,22,55,0,0,0,2,1,3,0
1492-3,1,188,mercaderes,203,90,1,106,130,0,0,0,22,55,0,0,0,2,1,3,0
1492-3,1,189,mercaderes,203,90,1,104,132,0,0,0,22,55,0,0,0,2,1,3,0
1492-3,1,190,mercaderes,203,90,1,108,134,0,0,0,22,55,0,0,0,2,1,3,0
1492-3,1,191,mercaderes,203,90,1,106,126,0,0,0,13,46,0,0,0,2,1,3,0
1492-3,1,192,mercaderes,203,90,1,92,117,0,0,0,13,34,0,0,0,2,1,3,0
1492-3,1,193,mercaderes,203,90,1,98,111,0,0,0,13,34,0,0,0,2,1,2,0
1492-3,1,194,mercaderes,203,90,1,89,105,0,0,0,13,34,0,0,0,2,1,3,0
1492-3,1,195,mercaderes,203,94,1,102,101,0,0,0,13,34,0,0,0,2,1,3,0
1492-3,1,196,mercaderes,203,90,1,72,85,0,0,0,13,34,0,0,0,2,1,4,0
1492-3,1,197,mercaderes,203,90,1,90,74,0,0,0,18,39,0,0,0,2,1,7,0
1492-3,1,198,mercaderes,203,90,1,99,71,0,0,0,18,51,0,0,0,2,1,3,0
1492-3,1,199,mercaderes,203,90,1,102,69,0,0,0,18,51,0,0,0,2,1,3,0
1492-3,1,200,mercaderes,211,90,1,108,67,0,0,0,18,51,0,0,0,2,1,3,0
1492-3,1,1,mesta,22,30,1,42,75,0,0,0,5,11,0,0,0,0,1,3,0
1492-3,1,2,mesta,22,30,1,41,69,0,0,0,5,8,0,0,0,0,1,1,0
1492-3,1,3,mesta,22,30,1,40,63,0,0,0,5,8,0,0,0,0,1,0,1
1492-3,1,4,mesta,22,30,1,39,57,0,0,0,5,8,0,0,0,0,1,0,1
1492-3,1,5,mesta,22,30,1,38,52,0,0,0,6,9,0,1,0,0,1,0,1
1492-3,1,6,mesta,21,27,1,28,40,0,0,0,6,20,0,0,0,0,1,1,0
1492-3,1,7,mesta,21,27,1,36,39,0,0,0,6,18,0,0,0,0,1,1,0
1492-3,1,8,mesta,21,27,1,44,38,0,0,0,6,18,0,0,0,0,1,0,1
1492-3,1,9,mesta,21,27,1,52,37,0,0,0,6,18,0,0,0,0,1,0,1
1492-3,1,10,mesta,21,27,1,60,36,0,0,0,6,18,0,0,0,0,1,0,1
1492-3,1,11,mesta,21,28,1,68,42,0,0,0,13,25,0,0,0,0,1,0,1
1492-3,1,12,mesta,21,29,1,76,47,0,0,0,13,25,0,0,0,0,1,0,1
1492-3,1,13,mesta,22,30,1,70,51,0,0,0,13,25,0,0,0,0,1,3,0
1492-3,1,14,mesta,21,29,1,44,56,0,0,0,13,27,0,0,0,0,1,3,0
1492-3,1,15,mesta,22,30,1,54,62,0,0,0,13,25,0,0,0,0,1,1,0
1492-3,1,16,mesta,22,31,1,64,68,0,0,0,13,27,0,0,0,0,1,0,1
1492-3,1,17,mesta,37,32,1,74,69,0,0,0,8,22,0,0,0,1,1,0,1
1492-3,1,18,mesta,37,33,1,75,69,0,0,0,8,22,0,0,0,1,1,2,0
1492-3,1,19,mesta,37,34,1,78,69,0,0,0,8,22,0,0,0,1,1,2,0
1492-3,1,20,mesta,38,35,1,72,69,0,0,0,8,22,0,0,0,1,1,2,0
1492-3,1,21,mesta,38,35,1,68,68,0,0,0,8,22,0,0,0,1,1,2,0
1492-3,1,22,mesta,38,35,1,80,65,0,0,0,8,22,0,1,0,1,1,1,0
1492-3,1,23,mesta,38,35,1,72,61,0,0,0,5,25,0,0,0,1,1,2,0
1492-3,1,24,mesta,38,35,1,75,57,0,0,0,5,22,0,0,0,1,1,2,0
1492-3,1,25,mesta,38,35,1,75,53,0,0,0,5,22,0,0,0,1,1,2,0
1492-3,1,26,mesta,38,35,1,70,49,0,0,0,5,22,0,0,0,1,1,3,0
1492-3,1,27,mesta,38,35,1,70,47,0,0,0,5,22,0,0,0,1,1,2,0
1492-3,1,28,mesta,38,35,1,70,46,0,0,0,5,22,0,0,0,1,1,3,0
1492-3,1,29,mesta,38,35,1,92,46,0,0,0,6,23,0,0,0,1,1,3,0
1492-3,1,30,mesta,38,35,1,91,45,0,0,0,6,26,0,0,0,1,1,4,0
1492-3,1,31,mesta,38,35,1,107,44,0,0,0,6,26,0,0,0,1,1,4,0
1492-3,1,32,mesta,38,35,1,111,43,0,0,0,6,26,0,0,0,1,1,4,0
1492-3,1,33,mesta,38,35,1,118,42,0,0,0,6,26,0,0,0,1,1,4,0
1492-3,1,34,mesta,38,35,1,98,41,1,0,0,6,26,0,0,0,1,1,5,0
1492-3,1,35,mesta,38,36,1,110,47,1,1,0,13,33,0,0,0,1,1,4,0
1492-3,1,36,mesta,38,37,1,116,51,1,1,0,13,33,0,0,0,1,1,4,0
1492-3,1,37,mesta,38,38,1,122,58,1,1,0,16,36,0,0,0,1,1,4,0
1492-3,1,38,mesta,38,39,1,105,65,1,1,0,16,36,0,0,0,1,1,5,0
1492-3,1,39,mesta,39,40,1,114,72,1,2,0,16,36,0,0,0,1,1,3,0
1492-3,1,40,mesta,38,37,1,83,68,1,0,0,16,38,0,0,0,1,1,4,0
1492-3,1,41,mesta,38,38,1,104,55,1,0,0,10,30,0,0,0,1,1,8,0
1492-3,1,42,mesta,38,39,1,108,55,1,0,0,10,30,0,0,0,1,1,4,0
1492-3,1,43,mesta,56,39,1,95,57,1,0,0,8,28,0,0,0,2,1,4,0
1492-3,1,44,mesta,56,39,1,95,59,1,0,0,8,28,0,0,0,2,1,4,0
1492-3,1,45,mesta,56,39,1,98,59,1,0,0,8,28,0,0,0,2,1,4,0
1492-3,1,46,mesta,56,39,1,103,57,1,0,0,8,28,0,0,0,2,1,4,0
1492-3,1,47,mesta,56,39,1,98,52,1,0,0,5,25,0,0,0,2,1,4,0
1492-3,1,48,mesta,56,39,1,91,50,1,0,0,5,22,0,0,0,2,1,4,0
1492-3,1,49,mesta,56,39,1,92,49,1,0,0,5,22,0,0,0,2,1,4,0
1492-3,1,50,mesta,56,39,1,93,48,1,0,0,5,22,0,0,0,2,1,4,0
1492-3,1,51,mesta,56,39,1,94,47,1,0,0,5,22,0,0,0,2,1,4,0
1492-3,1,52,mesta,56,39,1,97,46,1,0,0,5,22,0,0,0,2,1,4,0
1492-3,1,53,mesta,57,43,1,109,46,1,0,0,6,23,0,0,0,2,1,5,0
1492-3,1,54,mesta,56,39,1,98,32,1,0,0,6,28,0,0,0,2,1,5,0
1492-3,1,55,mesta,56,39,1,105,16,1,0,0,6,26,0,0,0,2,1,9,0
1492-3,1,56,mesta,56,39,1,111,14,1,0,0,6,26,0,0,0,2,1,4,0
1492-3,1,57,mesta,64,39,1,117,12,1,0,0,6,26,0,0,0,2,1,4,0
1492-3,1,58,mesta,64,39,1,123,10,2,0,0,6,26,0,0,0,2,1,4,0
1492-3,1,59,mesta,64,39,1,102,15,2,0,0,13,33,0,0,0,2,1,5,0
1492-3,1,60,mesta,64,39,1,113,20,2,1,0,13,33,0,0,0,2,1,4,0
1492-3,1,61,mesta,64,39,1,118,25,2,0,0,13,33,0,0,0,2,1,4,0
1492-3,1,62,mesta,64,39,1,97,29,2,0,0,13,33,0,0,0,2,1,5,0
1492-3,1,63,mesta,65,40,1,109,33,2,1,0,13,33,0,0,0,2,1,4,0
1492-3,1,64,mesta,64,36,1,98,27,2,0,0,13,35,0,0,0,2,1,5,0
1492-3,1,65,mesta,65,40,1,109,28,2,0,0,6,26,0,0,0,2,1,5,0
1492-3,1,66,mesta,65,40,1,99,28,2,0,0,6,28,0,0,0,2,1,4,0
1492-3,1,67,mesta,65,40,1,96,28,2,0,0,6,28,0,0,0,2,1,4,0
1492-3,1,68,mesta,65,40,1,103,28,2,0,0,6,28,0,0,0,2,1,4,0
1492-3,1,69,mesta,65,40,1,101,28,2,0,0,6,28,0,0,0,2,1,4,0
1492-3,1,70,mesta,65,40,1,98,28,2,0,0,6,28,0,0,0,2,1,4,0
1492-3,1,71,mesta,65,40,1,95,27,2,0,0,5,27,0,0,0,2,1,4,0
1492-3,1,72,mesta,65,40,1,97,26,2,0,0,5,23,0,0,0,2,1,4,0
1492-3,1,73,mesta,65,40,1,99,25,2,0,0,5,23,0,0,0,2,1,4,0
1492-3,1,74,mesta,65,40,1,94,24,2,0,0,5,23,0,0,0,2,1,4,0
1492-3,1,75,mesta,65,40,1,98,23,2,0,0,5,23,0,0,0,2,1,4,0
1492-3,1,76,mesta,65,40,1,93,22,2,0,0,5,23,0,0,0,2,1,4,0
1492-3,1,77,mesta,65,40,1,93,22,2,0,0,6,24,0,0,0,2,1,4,0
1492-3,1,78,mesta,65,40,1,100,19,2,0,0,6,28,0,0,0,2,1,4,0
1492-3,1,79,mesta,65,40,1,110,16,2,0,0,6,28,0,0,0,2,1,4,0
1492-3,1,80,mesta,65,40,1,119,13,2,0,0,6,28,0,0,0,2,1,4,0
1492-3,1,81,mesta,65,40,1,102,10,2,0,0,6,28,0,0,0,2,1,5,0
1492-3,1,82,mesta,65,40,1,116,7,2,1,0,6,28,0,0,0,2,1,4,0
1492-3,1,83,mesta,65,40,1,124,11,2,0,0,13,35,0,0,0,2,1,4,0
1492-3,1,84,mesta,65,40,1,106,15,2,0,0,13,35,0,0,0,2,1,5,0
1492-3,1,85,mesta,65,40,1,118,19,2,1,0,13,35,0,0,0,2,1,4,0
1492-3,1,86,mesta,65,40,1,99,23,2,0,0,13,35,0,0,0,2,1,5,0
1492-3,1,87,mesta,65,40,1,111,26,2,1,0,13,35,0,0,0,2,1,4,0
1492-3,1,88,mesta,65,42,1,118,30,2,0,0,13,35,0,0,0,2,1,4,0
1492-3,1,89,mesta,65,42,1,110,28,2,0,0,8,30,0,0,0,2,1,4,0
1492-3,1,90,mesta,65,42,1,97,29,2,0,0,8,30,0,0,0,2,1,4,0
1492-3,1,91,mesta,65,42,1,102,30,2,0,0,8,30,0,0,0,2,1,4,0
1492-3,1,92,mesta,65,42,1,99,31,2,0,0,8,30,0,0,0,2,1,4,0
1492-3,1,93,mesta,65,42,1,97,32,2,0,0,8,30,0,0,0,2,1,4,0
1492-3,1,94,mesta,64,38,1,84,24,2,0,0,8,30,0,0,0,2,1,5,0
1492-3,1,95,mesta,64,38,1,98,24,2,0,0,5,25,0,0,0,2,1,3,0
1492-3,1,96,mesta,64,38,1,93,24,2,0,0,5,22,0,0,0,2,1,4,0
1492-3,1,97,mesta,64,38,1,96,24,2,0,0,5,22,0,0,0,2,1,4,0
1492-3,1,98,mesta,64,38,1,100,24,2,0,0,5,22,0,0,0,2,1,4,0
1492-3,1,99,mesta,64,38,1,95,24,2,0,0,5,22,0,0,0,2,1,4,0
1492-3,1,100,mesta,64,38,1,97,24,2,0,0,5,22,0,0,0,2,1,4,0
1492-3,1,101,mesta,64,38,1,96,25,2,0,0,6,23,0,0,0,2,1,4,0
1492-3,1,102,mesta,64,38,1,102,23,2,0,0,6,26,0,0,0,2,1,4,0
1492-3,1,103,mesta,64,38,1,107,21,2,0,0,6,26,0,0,0,2,1,4,0
1492-3,1,104,mesta,64,38,1,112,19,2,0,0,6,26,0,0,0,2,1,4,0
1492-3,1,105,mesta,64,38,1,117,17,2,0,0,6,26,0,0,0,2,1,4,0
1492-3,1,106,mesta,64,38,1,125,15,2,0,0,6,26,0,0,0,2,1,4,0
1492-3,1,107,mesta,64,38,1,106,20,2,0,0,13,33,0,0,0,2,1,5,0
1492-3,1,108,mesta,64,38,1,118,25,2,1,0,13,33,0,0,0,2,1,4,0
1492-3,1,109,mesta,64,39,1,98,30,2,0,0,13,33,0,0,0,2,1,5,0
1492-3,1,110,mesta,65,40,1,109,34,2,1,0,13,33,0,0,0,2,1,4,0
1492-3,1,111,mesta,64,36,1,97,28,2,0,0,13,35,0,0,0,2,1,5,0
1492-3,1,112,mesta,64,37,1,103,32,2,0,0,13,33,0,0,0,2,1,4,0
1492-3,1,113,mesta,64,37,1,102,18,2,0,0,8,28,0,0,0,2,1,9,0
1492-3,1,114,mesta,64,37,1,98,21,2,0,0,8,28,0,0,0,2,1,4,0
1492-3,1,115,mesta,72,37,1,94,24,2,0,0,8,28,0,0,0,2,1,4,0
1492-3,1,116,mesta,72,37,1,98,27,2,0,0,8,28,0,0,0,2,1,4,0
1492-3,1,117,mesta,72,37,1,93,29,2,0,0,8,28,0,0,0,2,1,4,0
1492-3,1,118,mesta,72,37,1,97,31,2,0,0,8,28,0,0,0,2,1,4,0
1492-3,1,119,mesta,72,37,1,101,30,2,0,0,5,25,0,0,0,2,1,4,0
1492-3,1,120,mesta,72,37,1,93,29,2,0,0,5,22,0,0,0,2,1,4,0
1492-3,1,121,mesta,72,37,1,97,28,2,0,0,5,22,0,0,0,2,1,4,0
1492-3,1,122,mesta,72,37,1,102,28,2,0,0,5,22,0,0,0,2,1,4,0
1492-3,1,123,mesta,72,37,1,96,28,2,0,0,5,22,0,0,0,2,1,4,0
1492-3,1,124,mesta,72,37,1,99,28,2,0,0,5,22,0,0,0,2,1,4,0
1492-3,1,125,mesta,73,41,1,109,28,2,0,0,6,23,0,0,0,2,1,5,0
1492-3,1,126,mesta,73,41,1,118,25,2,0,0,6,28,0,0,0,2,1,4,0
1492-3,1,127,mesta,73,41,1,100,22,2,0,0,6,28,0,0,0,2,1,5,0
1492-3,1,128,mesta,73,41,1,113,19,2,1,0,6,28,0,0,0,2,1,4,0
1492-3,1,129,mesta,73,41,1,120,16,2,0,0,6,28,0,0,0,2,1,4,0
1492-3,1,130,mesta,73,41,1,101,13,2,0,0,6,28,0,0,0,2,1,5,0
1492-3,1,131,mesta,73,41,1,123,17,2,1,0,13,35,0,0,0,2,1,4,0
1492-3,1,132,mesta,73,41,1,37,21,2,0,0,13,35,0,0,0,2,1,5,0
1492-3,1,133,mesta,73,41,1,82,26,2,1,0,13,35,0,0,0,2,1,2,0
1492-3,1,134,mesta,73,41,1,115,27,2,0,0,13,35,0,0,0,2,1,4,0
1492-3,1,135,mesta,73,41,1,125,28,2,0,0,13,35,0,0,0,2,1,4,0
1492-3,1,136,mesta,73,41,1,108,29,2,0,0,13,35,0,0,0,2,1,5,0
1492-3,1,137,mesta,73,41,1,107,25,2,1,0,8,30,0,0,0,2,1,4,0
1492-3,1,138,mesta,73,41,1,91,25,2,0,0,8,30,0,0,0,2,1,4,0
1492-3,1,139,mesta,73,41,1,96,25,2,0,0,8,30,0,0,0,2,1,4,0
1492-3,1,140,mesta,73,41,1,102,25,2,0,0,8,30,0,0,0,2,1,4,0
1492-3,1,141,mesta,73,41,1,99,25,2,0,0,8,30,0,0,0,2,1,4,0
1492-3,1,142,mesta,73,41,1,96,25,2,0,0,8,30,0,0,0,2,1,4,0
1492-3,1,143,mesta,73,41,1,100,22,2,0,0,5,27,0,0,0,2,1,4,0
1492-3,1,144,mesta,73,41,1,95,19,2,0,0,5,23,0,0,0,2,1,4,0
1492-3,1,145,mesta,73,41,1,99,16,2,0,0,5,23,0,0,0,2,1,4,0
1492-3,1,146,mesta,73,41,1,94,13,2,0,0,5,23,0,0,0,2,1,4,0
1492-3,1,147,mesta,73,41,1,94,10,2,0,0,5,23,0,0,0,2,1,4,0
1492-3,1,148,mesta,73,41,1,97,7,2,0,0,5,23,0,0,0,2,1,4,0
1492-3,1,149,mesta,73,41,1,99,5,2,0,0,6,24,0,0,0,2,1,4,0
1492-3,1,150,mesta,72,41,1,109,1,2,0,0,6,28,1,0,0,2,1,4,0
1492-3,1,151,mesta,71,41,1,119,1,2,0,0,6,28,1,0,0,2,1,5,0
1492-3,1,152,mesta,70,40,1,101,1,2,0,0,6,28,1,0,0,2,1,5,0
1492-3,1,153,mesta,68,39,1,110,1,2,1,0,6,28,1,0,0,2,1,4,0
1492-3,1,154,mesta,67,38,1,116,1,2,1,0,6,26,1,0,0,2,1,4,0
1492-3,1,155,mesta,67,38,1,122,4,2,0,0,13,33,0,0,0,2,1,4,0
1492-3,1,156,mesta,67,38,1,101,7,2,0,0,13,33,0,0,0,2,1,5,0
1492-3,1,157,mesta,67,38,1,112,10,2,1,0,13,33,0,0,0,2,1,4,0
1492-3,1,158,mesta,67,38,1,113,13,2,0,0,13,33,0,0,0,2,1,4,0
1492-3,1,159,mesta,67,38,1,118,16,2,0,0,13,33,0,0,0,2,1,4,0
1492-3,1,160,mesta,67,38,1,100,19,2,0,0,13,33,0,0,0,2,1,5,0
1492-3,1,161,mesta,67,38,1,106,17,2,1,0,8,28,0,0,0,2,1,4,0
1492-3,1,162,mesta,67,38,1,103,18,2,0,0,8,28,0,0,0,2,1,4,0
1492-3,1,163,mesta,67,38,1,94,19,2,0,0,8,28,0,0,0,2,1,4,0
1492-3,1,164,mesta,67,38,1,99,20,2,0,0,8,28,0,0,0,2,1,4,0
1492-3,1,165,mesta,67,38,1,95,21,2,0,0,8,28,0,0,0,2,1,4,0
1492-3,1,166,mesta,67,38,1,99,22,2,0,0,8,28,0,0,0,2,1,4,0
1492-3,1,167,mesta,67,38,1,92,20,2,0,0,5,25,0,0,0,2,1,4,0
1492-3,1,168,mesta,67,38,1,93,18,2,0,0,5,22,0,0,0,2,1,4,0
1492-3,1,169,mesta,67,38,1,96,16,2,0,0,5,22,0,0,0,2,1,4,0
1492-3,1,170,mesta,67,38,1,99,14,2,0,0,5,22,0,0,0,2,1,4,0
1492-3,1,171,mesta,67,38,1,92,12,2,0,0,5,22,0,0,0,2,1,4,0
1492-3,1,172,mesta,67,38,1,92,10,2,0,0,5,22,0,0,0,2,1,4,0
1492-3,1,173,mesta,67,38,1,91,9,2,0,0,6,23,0,0,0,2,1,4,0
1492-3,1,174,mesta,67,38,1,106,5,2,0,0,6,26,0,0,0,2,1,4,0
1492-3,1,175,mesta,67,38,1,115,1,2,0,0,6,26,0,0,0,2,1,4,0
1492-3,1,176,mesta,66,38,1,122,1,2,0,0,6,26,1,0,0,2,1,4,0
1492-3,1,177,mesta,65,38,1,103,1,2,0,0,6,26,1,0,0,2,1,5,0
1492-3,1,178,mesta,64,37,1,110,1,2,1,0,6,26,1,0,0,2,1,4,0
1492-3,1,179,mesta,64,37,1,116,4,2,0,0,13,33,0,0,0,2,1,4,0
1492-3,1,180,mesta,64,37,1,122,7,2,0,0,13,33,0,0,0,2,1,4,0
1492-3,1,181,mesta,64,37,1,102,10,2,0,0,13,33,0,0,0,2,1,5,0
1492-3,1,182,mesta,64,37,1,112,13,2,1,0,13,33,0,0,0,2,1,4,0
1492-3,1,183,mesta,64,37,1,113,16,2,0,0,13,33,0,0,0,2,1,4,0
1492-3,1,184,mesta,64,37,1,118,19,2,0,0,13,33,0,0,0,2,1,4,0
1492-3,1,185,mesta,64,37,1,108,17,2,0,0,8,28,0,0,0,2,1,4,0
1492-3,1,186,mesta,64,37,1,95,18,2,0,0,8,28,0,0,0,2,1,4,0
1492-3,1,187,mesta,64,37,1,94,19,2,0,0,8,28,0,0,0,2,1,4,0
1492-3,1,188,mesta,64,37,1,100,20,2,0,0,8,28,0,0,0,2,1,4,0
1492-3,1,189,mesta,64,37,1,96,21,2,0,0,8,28,0,0,0,2,1,4,0
1492-3,1,190,mesta,64,37,1,101,22,2,0,0,8,28,0,0,0,2,1,4,0
1492-3,1,191,mesta,64,37,1,97,20,2,0,0,5,25,0,0,0,2,1,4,0
1492-3,1,192,mesta,64,37,1,96,18,2,0,0,5,22,0,0,0,2,1,4,0
1492-3,1,193,mesta,64,37,1,99,16,2,0,0,5,22,0,0,0,2,1,4,0
1492-3,1,194,mesta,64,37,1,93,14,2,0,0,5,22,0,0,0,2,1,4,0
1492-3,1,195,mesta,64,37,1,95,12,2,0,0,5,22,0,0,0,2,1,4,0
1492-3,1,196,mesta,64,37,1,97,10,2,0,0,5,22,0,0,0,2,1,4,0
1492-3,1,197,mesta,64,37,1,96,9,2,0,0,6,23,0,0,0,2,1,4,0
1492-3,1,198,mesta,64,37,1,102,5,2,0,0,6,26,0,0,0,2,1,4,0
1492-3,1,199,mesta,64,37,1,107,1,2,0,0,6,26,0,0,0,2,1,4,0
1492-3,1,200,mesta,63,37,1,111,1,2,0,0,6,26,1,0,0,2,1,4,0
1492-3,1,1,monjes,39,116,1,40,56,0,0,0,18,42,0,0,0,0,1,4,0
1492-3,1,2,monjes,39,116,1,37,42,0,0,0,18,29,0,0,0,0,1,1,0
1492-3,1,3,monjes,39,116,1,44,26,0,0,0,18,29,0,0,0,0,1,0,1
1492-3,1,4,monjes,39,116,1,51,11,0,0,0,18,29,0,1,0,0,1,0,1
1492-3,1,5,monjes,39,116,1,58,16,0,0,0,36,47,0,1,0,0,1,0,1
1492-3,1,6,monjes,39,116,1,84,23,0,0,0,36,66,0,0,0,0,1,1,0
1492-3,1,7,monjes,39,116,1,88,29,0,0,0,36,66,0,0,0,0,1,3,0
1492-3,1,8,monjes,39,116,1,100,31,0,0,0,28,58,0,0,0,0,1,3,0
1492-3,1,9,monjes,39,116,1,98,33,0,0,0,28,58,0,0,0,0,1,3,0
1492-3,1,10,monjes,39,116,1,100,35,0,0,0,28,58,0,0,0,0,1,4,0
1492-3,1,11,monjes,39,116,1,96,79,0,0,0,72,95,0,0,0,0,1,3,0
1492-3,1,12,monjes,38,112,1,73,112,0,0,0,72,95,0,0,0,0,1,4,0
1492-3,1,13,monjes,52,108,1,70,145,0,0,0,72,95,0,0,0,1,1,3,0
1492-3,1,14,monjes,51,104,1,62,177,0,0,0,72,94,0,0,0,1,1,3,0
1492-3,1,15,monjes,51,104,1,84,218,0,0,0,72,94,0,0,0,1,1,1,0
1492-3,1,16,monjes,51,104,1,81,247,0,0,0,72,94,0,0,0,1,1,3,0
1492-3,1,17,monjes,51,104,1,107,237,0,0,0,40,62,0,0,0,1,1,8,0
1492-3,1,18,monjes,69,104,1,103,237,0,0,0,40,62,0,0,0,2,1,3,0
1492-3,1,19,monjes,69,104,1,107,224,0,0,0,40,62,0,0,0,2,1,8,0
1492-3,1,20,monjes,69,104,1,102,225,0,0,0,40,62,0,0,0,2,1,3,0
1492-3,1,21,monjes,69,104,1,106,220,0,0,0,40,62,0,0,0,2,1,8,0
1492-3,1,22,monjes,77,104,1,99,221,0,0,0,40,62,0,0,0,2,1,3,0
1492-3,1,23,monjes,77,104,1,108,201,0,0,0,27,49,0,0,0,2,1,8,0
1492-3,1,24,monjes,77,104,1,98,194,0,0,0,27,42,0,0,0,2,1,2,0
1492-3,1,25,monjes,77,104,1,93,180,0,0,0,27,42,0,0,0,2,1,7,0
1492-3,1,26,monjes,85,104,1,84,174,0,0,0,27,42,0,0,0,2,1,2,0
1492-3,1,27,monjes,85,104,1,85,160,0,0,0,27,42,0,0,0,2,1,7,0
1492-3,1,28,monjes,85,104,1,83,155,0,0,0,27,42,0,0,0,2,1,2,0
1492-3,1,29,monjes,85,104,1,87,148,0,0,0,36,51,0,0,0,2,1,8,0
1492-3,1,30,monjes,85,104,1,87,153,0,0,0,36,58,0,0,0,2,1,3,0
1492-3,1,31,monjes,93,104,1,93,161,0,0,0,36,58,0,0,0,2,1,3,0
1492-3,1,32,monjes,93,104,1,88,168,0,0,0,36,58,0,0,0,2,1,2,0
1492-3,1,33,monjes,93,104,1,96,162,0,0,0,36,58,0,0,0,2,1,7,0
1492-3,1,34,monjes,93,104,1,91,155,0,0,0,36,58,0,0,0,2,1,7,0
1492-3,1,35,monjes,101,104,1,95,193,0,0,0,72,94,0,0,0,2,1,3,0
1492-3,1,36,monjes,101,104,1,91,231,0,0,0,72,94,0,0,0,2,1,2,0
1492-3,1,37,monjes,101,104,1,89,259,0,0,0,72,94,0,0,0,2,1,3,0
1492-3,1,38,monjes,101,104,1,111,285,0,0,0,72,94,0,0,0,2,1,3,0
1492-3,1,39,monjes,101,104,1,111,312,0,0,0,72,94,0,0,0,2,1,3,0
1492-3,1,40,monjes,101,104,1,113,338,0,0,0,72,94,0,0,0,2,1,3,0
1492-3,1,41,monjes,101,103,1,114,335,0,0,0,45,67,0,0,0,2,1,12,0
1492-3,1,42,monjes,100,99,1,86,327,0,0,0,45,67,0,0,0,2,1,4,0
1492-3,1,43,monjes,180,105,2,107,313,0,0,0,45,65,0,0,0,3,1,9,0
1492-3,1,44,monjes,180,106,2,91,313,0,0,0,45,65,0,0,0,3,1,4,0
1492-3,1,45,monjes,187,102,2,98,297,0,0,0,45,65,0,1,0,3,1,11,0
1492-3,1,46,monjes,187,103,2,95,305,0,0,0,50,70,0,0,0,3,1,3,0
1492-3,1,47,monjes,187,104,2,99,293,0,0,0,31,51,0,0,0,3,1,3,0
1492-3,1,48,monjes,277,111,3,89,283,0,0,0,32,46,0,0,0,4,1,4,0
1492-3,1,49,monjes,277,113,3,92,255,0,0,0,33,47,0,0,0,4,1,10,0
1492-3,1,50,monjes,277,110,3,83,243,0,0,0,42,56,0,0,0,4,1,7,0
1492-3,1,51,monjes,285,112,3,83,237,0,0,0,44,58,0,1,0,4,1,3,0
1492-3,1,52,monjes,285,114,3,73,240,0,0,0,48,62,0,0,0,4,1,3,0
1492-3,1,53,monjes,286,116,3,88,257,0,0,0,67,82,0,0,0,4,1,4,0
1492-3,1,54,monjes,295,124,4,94,266,0,0,0,69,90,0,1,0,4,1,9,0
1492-3,1,55,monjes,304,127,4,45,244,0,0,0,65,87,0,0,0,4,1,5,0
1492-3,1,56,monjes,305,130,4,67,254,0,0,0,66,88,0,2,0,4,1,4,0
1492-3,1,57,monjes,320,169,5,81,277,0,0,0,76,99,0,0,0,4,1,2,0
1492-3,1,58,monjes,321,173,5,37,240,0,0,0,76,106,0,1,0,4,1,12,0
1492-3,1,59,monjes,330,177,5,61,321,0,0,0,149,181,0,1,0,4,1,2,0
1492-3,1,60,monjes,350,238,6,83,399,0,0,0,149,181,0,0,0,4,1,2,0
1492-3,1,61,monjes,351,244,6,88,466,0,0,0,153,195,0,0,0,4,1,5,0
1492-3,1,62,monjes,353,250,6,98,530,0,0,0,155,196,0,0,0,4,1,3,0
1492-3,1,63,monjes,354,255,6,99,593,0,0,0,157,201,0,0,0,4,1,3,0
1492-3,1,64,monjes,355,260,6,101,654,0,0,0,160,204,0,1,0,4,1,4,0
1492-3,1,65,monjes,356,269,6,87,636,0,0,0,84,129,0,0,0,4,1,9,0
1492-3,1,66,monjes,357,270,6,81,610,0,0,0,86,133,0,1,0,4,1,4,0
1492-3,1,67,monjes,358,275,6,93,585,0,0,0,89,134,0,0,0,4,1,8,0
1492-3,1,68,monjes,367,280,6,86,576,0,0,0,90,136,0,0,0,4,1,3,0
1492-3,1,69,monjes,368,285,6,92,557,0,0,0,93,141,0,1,0,4,1,9,0
1492-3,1,70,monjes,368,288,6,98,557,0,0,0,103,153,0,1,0,4,1,4,0
1492-3,1,71,monjes,369,291,6,104,535,0,0,0,79,132,0,0,0,4,1,3,0
1492-3,1,72,monjes,369,294,6,94,506,0,0,0,83,130,0,0,0,4,1,8,0
1492-3,1,73,monjes,369,294,6,81,468,0,0,0,72,122,0,0,0,4,1,9,0
1492-3,1,74,monjes,377,294,6,92,437,0,0,0,72,122,0,1,0,4,1,4,0
1492-3,1,75,monjes,377,294,6,101,412,0,0,0,72,122,0,1,0,4,1,4,0
1492-3,1,76,monjes,379,300,6,95,400,0,0,0,79,129,0,0,0,4,1,4,0
1492-3,1,77,monjes,379,301,6,77,416,0,0,0,115,165,0,1,0,4,1,7,0
1492-3,1,78,monjes,380,307,6,90,413,0,0,0,112,167,0,1,0,4,1,10,0
1492-3,1,79,monjes,381,313,6,102,426,0,0,0,121,176,0,1,0,4,1,5,0
1492-3,1,80,monjes,390,319,6,106,447,0,0,0,122,184,0,0,0,4,1,4,0
1492-3,1,81,monjes,401,334,7,97,465,0,0,0,123,188,0,1,0,4,1,6,0
1492-3,1,82,monjes,403,344,7,85,478,0,0,0,123,188,0,1,0,4,1,6,0
1492-3,1,83,monjes,406,355,7,91,590,0,0,0,230,291,0,1,0,4,1,5,0
1492-3,1,84,monjes,408,366,7,80,716,0,0,0,250,311,0,0,0,4,1,3,0
1492-3,1,85,monjes,410,377,7,93,831,0,0,0,250,312,0,1,0,4,1,4,0
1492-3,1,86,monjes,412,389,7,98,933,0,0,0,242,311,0,0,0,4,1,3,0
1492-3,1,87,monjes,415,401,7,105,1027,0,0,0,243,313,0,1,0,4,1,4,0
1492-3,1,88,monjes,418,419,7,99,1126,0,0,0,245,318,0,0,0,4,1,5,0
1492-3,1,89,monjes,420,429,7,90,1117,0,0,0,162,236,0,2,0,4,1,6,0
1492-3,1,90,monjes,422,438,7,100,1099,0,0,0,163,236,0,1,0,4,1,11,0
1492-3,1,91,monjes,425,454,7,105,1097,0,0,0,160,238,0,1,0,4,1,4,0
1492-3,1,92,monjes,446,476,8,113,1093,0,0,0,160,239,0,0,0,4,1,4,0
1492-3,1,93,monjes,449,494,8,93,1074,0,0,0,161,242,0,0,0,4,1,9,0
1492-3,1,94,monjes,453,512,8,106,1058,0,0,0,162,243,0,2,0,4,1,5,0
1492-3,1,95,monjes,453,512,8,108,985,0,0,0,102,185,0,0,0,4,1,3,0
1492-3,1,96,monjes,453,512,8,105,913,0,0,0,102,179,0,0,0,4,1,3,0
1492-3,1,97,monjes,453,512,8,102,858,0,0,0,116,193,0,1,0,4,1,3,0
1492-3,1,98,monjes,453,512,8,89,807,0,0,0,116,193,0,0,0,4,1,3,0
1492-3,1,99,monjes,454,516,8,117,755,0,0,0,116,193,0,0,0,4,1,5,0
1492-3,1,100,monjes,454,516,8,101,698,0,0,0,116,194,0,1,0,4,1,6,0
1492-3,1,101,monjes,456,525,8,81,658,0,0,0,142,223,0,0,0,4,1,13,0
1492-3,1,102,monjes,459,541,8,111,633,0,0,0,141,228,0,1,0,4,1,5,0
1492-3,1,103,monjes,462,556,8,109,602,0,0,0,141,233,0,0,0,4,1,4,0
1492-3,1,104,monjes,465,571,8,124,576,0,0,0,144,237,0,1,0,4,1,4,0
1492-3,1,105,monjes,482,579,9,115,551,0,0,0,144,238,0,0,0,4,1,6,0
1492-3,1,106,monjes,482,579,9,121,524,0,1,0,144,238,0,0,0,4,1,5,0
1492-3,1,107,monjes,486,596,9,106,604,0,1,0,255,349,0,1,0,4,1,6,0
1492-3,1,108,monjes,489,613,9,116,694,0,2,0,273,369,0,0,0,4,1,4,0
1492-3,1,109,monjes,492,629,9,122,783,0,2,0,278,378,0,1,0,4,1,5,0
1492-3,1,110,monjes,495,644,9,137,865,0,2,0,272,375,0,0,0,4,1,5,0
1492-3,1,111,monjes,498,656,9,125,931,0,2,0,276,383,0,1,0,4,1,6,0
1492-3,1,112,monjes,500,668,9,119,994,0,1,0,280,389,0,0,0,4,1,9,0
1492-3,1,113,monjes,503,680,9,128,1008,0,1,0,223,332,0,1,0,4,1,4,0
1492-3,1,114,monjes,505,694,9,141,1021,0,1,0,224,336,0,0,0,4,1,5,0
1492-3,1,115,monjes,516,708,9,154,1031,0,1,0,226,338,0,1,0,4,1,4,0
1492-3,1,116,monjes,519,723,9,118,1039,0,1,0,227,341,0,0,0,4,1,5,0
1492-3,1,117,monjes,522,738,9,133,1046,0,1,0,229,345,0,0,0,4,1,4,0
1492-3,1,118,monjes,525,753,9,151,1051,0,1,0,231,350,0,0,0,4,1,5,0
1492-3,1,119,monjes,525,753,9,170,957,0,1,0,134,254,0,0,0,4,1,4,0
1492-3,1,120,monjes,525,753,9,133,866,0,1,0,134,248,0,1,0,4,1,5,0
1492-3,1,121,monjes,525,753,9,146,781,0,1,0,134,248,0,0,0,4,1,4,0
1492-3,1,122,monjes,525,753,9,159,699,0,1,0,134,248,0,0,0,4,1,4,0
1492-3,1,123,monjes,525,753,9,172,621,0,1,0,134,248,0,0,0,4,1,5,0
1492-3,1,124,monjes,525,753,9,135,546,0,1,0,134,248,0,0,0,4,1,4,0
1492-3,1,125,monjes,525,753,9,131,504,0,1,0,168,282,0,0,0,4,1,5,0
1492-3,1,126,monjes,526,757,9,153,461,0,2,0,168,288,0,0,0,4,1,6,0
1492-3,1,127,monjes,525,753,9,161,411,0,3,0,168,288,0,0,0,4,1,5,0
1492-3,1,128,monjes,525,753,9,129,362,0,3,0,168,287,0,0,0,4,1,10,0
1492-3,1,129,monjes,525,753,9,146,330,0,3,0,168,287,0,0,0,4,1,4,0
1492-3,1,130,monjes,525,753,9,164,299,0,3,0,168,287,0,0,0,4,1,4,0
1492-3,1,131,monjes,537,773,9,182,388,0,3,0,292,411,0,0,0,4,1,5,0
1492-3,1,132,monjes,541,790,9,143,471,0,3,0,294,417,0,0,0,4,1,5,0
1492-3,1,133,monjes,544,808,9,156,547,0,3,0,296,423,0,1,0,4,1,5,0
1492-3,1,134,monjes,548,825,9,171,636,0,3,0,318,447,0,1,0,4,1,5,0
1492-3,1,135,monjes,550,835,9,188,739,0,3,0,340,472,0,1,0,4,1,5,0
1492-3,1,136,monjes,551,844,9,221,858,0,3,0,363,500,0,1,0,4,1,4,0
1492-3,1,137,monjes,552,848,9,225,836,0,3,0,262,400,0,0,0,4,1,5,0
1492-3,1,138,monjes,553,852,9,209,853,0,3,0,263,401,0,0,0,4,1,5,0
1492-3,1,139,monjes,574,917,10,253,868,0,3,0,263,401,0,0,0,4,1,6,0
1492-3,1,140,monjes,575,923,10,250,858,0,3,0,263,410,0,0,0,4,1,7,0
1492-3,1,141,monjes,576,928,10,241,804,0,3,0,263,408,0,1,0,4,1,11,0
1492-3,1,142,monjes,577,932,10,224,816,0,3,0,278,425,0,1,0,4,1,6,0
1492-3,1,143,monjes,596,987,11,242,737,0,3,0,185,336,0,0,0,4,1,6,0
1492-3,1,144,monjes,596,987,11,250,647,0,3,0,185,339,0,1,0,4,1,7,0
1492-3,1,145,monjes,596,987,11,211,560,0,3,0,185,336,0,1,0,4,1,6,0
1492-3,1,146,monjes,604,987,11,232,483,0,3,0,194,345,0,1,0,4,1,6,0
1492-3,1,147,monjes,604,987,11,252,417,0,3,0,200,351,0,2,0,4,1,4,0
1492-3,1,148,monjes,604,987,11,258,356,0,3,0,200,357,0,0,0,4,1,5,0
1492-3,1,149,monjes,606,996,11,229,344,0,3,0,251,408,0,1,0,4,1,5,0
1492-3,1,150,monjes,606,999,11,257,332,0,3,0,251,415,0,1,0,4,1,5,0
1492-3,1,151,monjes,608,1008,11,285,326,0,3,0,257,421,0,1,0,4,1,5,0
1492-3,1,152,monjes,609,1012,11,324,291,0,3,0,228,393,0,0,0,4,1,5,0
1492-3,1,153,monjes,609,1012,11,303,257,0,3,0,228,393,0,0,0,4,1,4,0
1492-3,1,154,monjes,609,1012,11,302,186,0,3,0,228,393,0,0,0,4,1,5,0
1492-3,1,155,monjes,611,1022,11,322,326,0,3,0,402,567,0,0,0,4,1,4,0
1492-3,1,156,monjes,627,1064,12,336,459,0,3,0,402,568,0,0,0,4,1,5,0
1492-3,1,157,monjes,630,1076,12,331,571,0,3,0,402,574,0,1,0,4,1,7,0
1492-3,1,158,monjes,632,1089,12,337,677,0,3,0,416,589,0,2,0,4,1,7,0
1492-3,1,159,monjes,635,1102,12,340,804,0,1,0,444,617,0,0,0,4,1,9,0
1492-3,1,160,monjes,638,1116,12,339,930,0,1,0,444,620,0,2,0,4,1,6,0
1492-3,1,161,monjes,641,1130,12,365,915,0,2,0,306,488,0,1,0,4,1,5,0
1492-3,1,162,monjes,652,1145,12,345,910,0,2,0,315,499,0,1,0,4,1,6,0
1492-3,1,163,monjes,655,1162,12,381,911,0,2,0,325,515,0,1,0,4,1,5,0
1492-3,1,164,monjes,658,1179,12,418,910,0,2,0,325,516,0,0,0,4,1,4,0
1492-3,1,165,monjes,661,1194,12,456,905,0,2,0,325,517,0,0,0,4,1,4,0
1492-3,1,166,monjes,664,1209,12,447,896,0,2,0,325,520,0,0,0,4,1,4,0
1492-3,1,167,monjes,664,1209,12,490,766,0,2,0,215,412,0,0,0,4,1,10,0
1492-3,1,168,monjes,672,1209,12,527,653,0,2,0,215,406,0,0,0,4,1,4,0
1492-3,1,169,monjes,672,1209,12,564,545,0,2,0,215,406,0,0,0,4,1,4,0
1492-3,1,170,monjes,672,1209,12,550,441,0,2,0,215,406,0,0,0,4,1,4,0
1492-3,1,171,monjes,672,1209,12,537,341,0,2,0,215,406,0,0,0,4,1,5,0
1492-3,1,172,monjes,672,1209,12,574,245,0,2,0,215,406,0,0,0,4,1,5,0
1492-3,1,173,monjes,672,1209,12,611,208,0,2,0,272,463,0,0,0,4,1,4,0
1492-3,1,174,monjes,672,1209,12,654,172,0,2,0,272,469,0,0,0,4,1,4,0
1492-3,1,175,monjes,672,1209,12,638,141,0,2,0,272,469,0,0,0,4,1,3,0
1492-3,1,176,monjes,672,1209,12,668,114,0,2,0,272,469,0,0,0,4,1,4,0
1492-3,1,177,monjes,672,1209,12,613,90,0,0,0,272,469,0,0,0,4,1,3,0
1492-3,1,178,monjes,672,1209,12,595,66,0,0,0,272,469,0,0,0,4,1,4,0
1492-3,1,179,monjes,676,1225,12,543,247,0,2,0,491,688,0,0,0,4,1,4,0
1492-3,1,180,monjes,679,1241,12,594,414,0,4,0,491,690,0,0,0,4,1,4,0
1492-3,1,181,monjes,681,1253,12,638,571,0,4,0,491,693,0,0,0,4,1,4,0
1492-3,1,182,monjes,683,1263,12,686,719,0,4,0,491,693,0,0,0,4,1,4,0
1492-3,1,183,monjes,685,1270,12,684,853,0,2,0,491,696,0,0,0,4,1,10,0
1492-3,1,184,monjes,694,1277,12,731,985,0,2,0,491,697,0,0,0,4,1,5,0
1492-3,1,185,monjes,696,1285,12,784,951,0,2,0,325,532,0,0,0,4,1,4,0
1492-3,1,186,monjes,697,1293,12,833,916,0,2,0,325,532,0,0,0,4,1,4,0
1492-3,1,187,monjes,698,1295,12,834,870,0,2,0,325,534,0,0,0,4,1,9,0
1492-3,1,188,monjes,698,1295,12,886,837,0,2,0,325,535,0,0,0,4,1,5,0
1492-3,1,189,monjes,706,1295,12,942,805,0,2,0,325,535,0,0,0,4,1,4,0
1492-3,1,190,monjes,706,1295,12,994,774,0,2,0,325,535,0,0,0,4,1,4,0
1492-3,1,191,monjes,706,1295,12,998,639,0,2,0,215,425,0,0,0,4,1,4,0
1492-3,1,192,monjes,706,1295,12,1014,471,0,2,0,215,419,0,0,0,4,1,5,0
1492-3,1,193,monjes,706,1295,12,1012,348,0,2,0,215,419,0,0,0,4,1,5,0
1492-3,1,194,monjes,726,1355,13,1060,230,0,2,0,215,419,0,0,0,4,1,5,0
1492-3,1,195,monjes,726,1359,13,1099,102,0,3,0,215,429,0,0,0,4,1,7,0
1492-3,1,196,monjes,725,1359,13,1083,4,0,3,0,215,426,1,0,0,4,1,5,0
1492-3,1,197,monjes,724,1359,13,1111,7,0,3,0,272,483,1,1,0,4,1,3,0
1492-3,1,198,monjes,717,1327,13,1145,7,0,3,0,283,500,1,0,0,4,1,4,0
1492-3,1,199,monjes,710,1295,13,1165,7,0,3,0,283,488,1,0,0,4,1,3,0
1492-3,1,200,monjes,702,1263,13,1186,7,0,3,0,283,485,1,0,0,4,1,3,0
1492-3,1,1,salineros,29,66,1,25,70,0,13,0,17,38,0,0,0,0,1,4,0
1492-3,1,2,salineros,28,62,1,7,59,0,16,0,17,30,0,0,0,0,1,2,0
1492-3,1,3,salineros,28,62,1,9,49,0,19,0,17,30,0,0,0,0,1,5,0
1492-3,1,4,salineros,46,62,1,11,49,0,23,0,17,30,0,0,0,1,1,0,1
1492-3,1,5,salineros,46,62,1,13,51,0,26,0,19,32,0,1,0,1,1,0,1
1492-3,1,6,salineros,46,62,1,1,55,0,37,0,19,46,0,0,0,1,1,0,1
1492-3,1,7,salineros,46,62,1,9,57,0,47,0,19,45,0,0,0,1,1,0,1
1492-3,1,8,salineros,46,62,1,17,51,0,57,0,19,45,0,1,0,1,1,5,0
1492-3,1,9,salineros,54,62,1,33,55,0,57,0,19,53,0,0,0,1,1,3,0
1492-3,1,10,salineros,54,60,1,145,49,0,57,0,19,52,0,0,0,1,1,3,0
1492-3,1,11,salineros,53,58,1,211,49,0,64,0,25,58,0,0,0,1,1,6,0
1492-3,1,12,salineros,54,60,1,235,58,0,68,0,25,56,0,0,0,1,1,9,0
1492-3,1,13,salineros,62,60,1,260,72,0,73,0,25,57,0,0,0,1,1,4,0
1492-3,1,14,salineros,62,60,1,284,86,0,78,0,25,57,0,0,0,1,1,4,0
1492-3,1,15,salineros,77,60,1,308,100,0,83,0,25,57,0,0,0,2,1,4,0
1492-3,1,16,salineros,77,60,1,320,107,0,86,0,25,57,0,0,0,2,1,8,0
1492-3,1,17,salineros,85,60,1,335,112,0,89,0,20,51,0,0,0,2,1,3,0
1492-3,1,18,salineros,85,60,1,348,117,0,92,0,20,51,0,0,0,2,1,3,0
1492-3,1,19,salineros,85,60,1,361,122,0,95,0,20,51,0,0,0,2,1,3,0
1492-3,1,20,salineros,85,60,1,373,116,0,97,0,20,50,0,0,0,2,1,8,0
1492-3,1,21,salineros,85,60,1,390,121,0,99,0,20,50,0,0,0,2,1,3,0
1492-3,1,22,salineros,93,60,1,411,126,0,101,0,20,50,0,0,0,2,1,3,0
1492-3,1,23,salineros,93,60,1,430,128,0,102,0,17,46,0,0,0,2,1,3,0
1492-3,1,24,salineros,93,60,1,442,130,0,103,0,17,40,0,0,0,2,1,3,0
1492-3,1,25,salineros,93,60,1,453,132,0,104,0,17,40,0,0,0,2,1,3,0
1492-3,1,26,salineros,93,60,1,462,134,0,105,0,17,40,0,0,0,2,1,3,0
1492-3,1,27,salineros,93,60,1,470,136,0,105,0,17,39,0,0,0,2,1,3,0
1492-3,1,28,salineros,93,60,1,477,126,0,105,0,17,39,0,0,0,2,1,8,0
1492-3,1,29,salineros,93,60,1,483,130,0,105,0,19,41,0,0,0,2,1,3,0
1492-3,1,30,salineros,101,60,1,501,134,0,104,0,19,46,0,0,0,2,1,3,0
1492-3,1,31,salineros,101,60,1,517,138,0,103,0,19,46,0,0,0,2,1,3,0
1492-3,1,32,salineros,101,60,1,537,142,0,102,0,19,46,0,0,0,2,1,3,0
1492-3,1,33,salineros,101,60,1,555,146,0,100,0,19,45,0,0,0,2,1,3,0
1492-3,1,34,salineros,101,60,1,573,150,0,98,0,19,45,0,0,0,2,1,3,0
1492-3,1,35,salineros,101,60,1,589,160,0,95,0,25,51,0,0,0,2,1,3,0
1492-3,1,36,salineros,101,60,1,625,167,0,92,0,25,51,0,0,0,2,1,4,0
1492-3,1,37,salineros,101,64,1,673,177,0,89,0,25,51,0,0,0,2,1,5,0
1492-3,1,38,salineros,101,60,1,690,173,0,86,0,25,51,0,0,0,2,1,5,0
1492-3,1,39,salineros,101,60,1,727,169,0,81,0,25,51,0,0,0,2,1,9,0
1492-3,1,40,salineros,101,60,1,763,176,0,78,0,25,51,0,0,0,2,1,4,0
1492-3,1,41,salineros,109,60,1,798,179,0,75,0,21,47,0,0,0,2,1,4,0
1492-3,1,42,salineros,109,60,1,838,182,0,72,0,21,47,0,0,0,2,1,4,0
1492-3,1,43,salineros,109,60,1,880,185,0,69,0,21,47,0,0,0,2,1,4,0
1492-3,1,44,salineros,109,60,1,922,188,0,66,0,21,47,0,0,0,2,1,4,0
1492-3,1,45,salineros,109,60,1,963,191,0,63,0,21,47,0,0,0,2,1,4,0
1492-3,1,46,salineros,109,60,1,1002,194,0,60,0,21,47,0,0,0,2,1,4,0
1492-3,1,47,salineros,109,60,1,1041,193,0,57,0,17,43,0,0,0,2,1,4,0
1492-3,1,48,salineros,109,60,1,1073,180,0,54,0,17,37,0,0,0,2,1,9,0
1492-3,1,49,salineros,109,60,1,1105,179,0,51,0,17,37,0,0,0,2,1,4,0
1492-3,1,50,salineros,117,60,1,1137,178,0,48,0,17,37,0,0,0,2,1,4,0
1492-3,1,51,salineros,117,60,1,1167,177,0,45,0,17,37,0,0,0,2,1,4,0
1492-3,1,52,salineros,117,60,1,1202,176,0,42,0,17,37,0,0,0,2,1,4,0
1492-3,1,53,salineros,117,60,1,1236,177,0,39,0,19,39,0,0,0,2,1,4,0
1492-3,1,54,salineros,117,60,1,1290,178,0,34,0,19,45,0,0,0,2,1,4,0
1492-3,1,55,salineros,117,60,1,1341,179,0,31,0,19,45,0,0,0,2,1,4,0
1492-3,1,56,salineros,117,60,1,1375,180,0,28,0,19,45,0,0,0,2,1,4,0
1492-3,1,57,salineros,117,60,1,1410,181,0,25,0,19,45,0,0,0,2,1,4,0
1492-3,1,58,salineros,118,67,1,1411,167,0,21,0,19,45,0,1,0,2,1,11,0
1492-3,1,59,salineros,118,66,1,1429,163,0,18,0,25,51,0,0,0,2,1,6,0
1492-3,1,60,salineros,118,69,1,1465,158,0,13,0,25,51,0,0,0,2,1,9,0
1492-3,1,61,salineros,119,72,1,1454,123,0,14,0,25,51,0,0,0,2,1,4,0
1492-3,1,62,salineros,120,75,1,1379,130,0,15,0,25,53,0,0,0,2,1,2,0
1492-3,1,63,salineros,162,145,2,1399,137,0,16,0,25,53,0,0,0,3,1,3,0
1492-3,1,64,salineros,170,145,2,1360,126,0,17,0,25,67,0,0,0,3,1,4,0
1492-3,1,65,salineros,170,145,2,1289,114,0,18,0,19,61,0,1,0,3,1,5,0
1492-3,1,66,salineros,170,145,2,1277,114,0,16,0,31,73,0,1,0,3,1,6,0
1492-3,1,67,salineros,170,148,2,1282,123,0,17,0,43,85,0,1,0,3,1,4,0
1492-3,1,68,salineros,171,151,2,1244,143,0,18,0,52,94,0,1,0,3,1,4,0
1492-3,1,69,salineros,172,155,2,1172,172,0,15,0,61,105,0,0,0,3,1,6,0
1492-3,1,70,salineros,172,159,2,1176,156,0,15,0,65,109,0,1,0,3,1,5,0
1492-3,1,71,salineros,173,163,2,1164,133,0,25,0,57,110,0,0,0,3,1,6,0
1492-3,1,72,salineros,225,230,3,1095,142,0,32,0,57,103,0,1,0,4,1,6,0
1492-3,1,73,salineros,248,305,4,1121,130,0,48,0,54,123,0,0,0,4,1,11,0
1492-3,1,74,salineros,248,305,4,1152,110,0,64,0,54,137,0,0,0,4,1,6,0
1492-3,1,75,salineros,256,305,4,1142,86,0,81,0,54,137,0,1,0,4,1,5,0
1492-3,1,76,salineros,256,305,4,1181,70,0,97,0,60,142,0,2,0,4,1,7,0
1492-3,1,77,salineros,256,308,4,1220,79,0,113,0,81,163,0,0,0,4,1,4,0
1492-3,1,78,salineros,257,311,4,1268,87,0,128,0,81,171,0,0,0,4,1,4,0
1492-3,1,79,salineros,257,314,4,1265,95,0,143,0,81,171,0,0,0,4,1,4,0
1492-3,1,80,salineros,258,317,4,1317,102,0,158,0,81,171,0,0,0,4,1,5,0
1492-3,1,81,salineros,259,321,4,1369,108,0,171,0,81,172,0,0,0,4,1,4,0
1492-3,1,82,salineros,260,325,4,1431,114,0,184,0,81,172,0,0,0,4,1,5,0
1492-3,1,83,salineros,260,325,4,1434,164,0,196,0,127,220,0,0,0,4,1,4,0
1492-3,1,84,salineros,260,325,4,1492,211,0,206,0,127,219,0,0,0,4,1,7,0
1492-3,1,85,salineros,260,325,4,1528,243,0,216,0,127,219,0,1,0,4,1,7,0
1492-3,1,86,salineros,260,325,4,1583,287,0,222,0,140,231,0,1,0,4,1,11,0
1492-3,1,87,salineros,260,325,4,1603,346,0,229,0,144,235,0,1,0,4,1,5,0
1492-3,1,88,salineros,260,325,4,1673,412,0,234,0,149,240,0,0,0,4,1,6,0
1492-3,1,89,salineros,260,325,4,1742,439,0,238,0,110,200,0,0,0,4,1,5,0
1492-3,1,90,salineros,268,325,4,1786,426,0,242,0,110,200,0,0,0,4,1,6,0
1492-3,1,91,salineros,268,325,4,1809,453,0,245,0,110,200,0,0,0,4,1,5,0
1492-3,1,92,salineros,296,425,5,1832,480,0,247,0,110,199,0,0,0,4,1,6,0
1492-3,1,93,salineros,296,425,5,1857,482,0,249,0,110,219,0,0,0,4,1,7,0
1492-3,1,94,salineros,296,425,5,1941,482,0,250,0,110,218,0,1,0,4,1,6,0
1492-3,1,95,salineros,296,425,5,2025,458,0,251,0,84,192,0,0,0,4,1,5,0
1492-3,1,96,salineros,296,425,5,2099,430,0,253,0,84,183,0,0,0,4,1,6,0
1492-3,1,97,salineros,296,425,5,2123,413,0,254,0,91,189,0,0,0,4,1,5,0
1492-3,1,98,salineros,296,429,5,2207,396,0,256,0,91,189,0,0,0,4,1,7,0
1492-3,1,99,salineros,296,425,5,2260,368,0,258,0,91,189,0,0,0,4,1,6,0
1492-3,1,100,salineros,296,425,5,2338,338,0,259,0,91,188,0,0,0,4,1,10,0
1492-3,1,101,salineros,296,425,5,2365,338,0,261,0,108,205,0,0,0,4,1,5,0
1492-3,1,102,salineros,296,425,5,2451,338,0,262,0,108,213,0,0,0,4,1,6,0
1492-3,1,103,salineros,296,425,5,2536,338,0,263,0,108,213,0,0,0,4,1,5,0
1492-3,1,104,salineros,296,425,5,2620,338,0,264,0,108,213,0,0,0,4,1,5,0
1492-3,1,105,salineros,304,425,5,2654,338,0,265,0,108,213,0,0,0,4,1,5,0
1492-3,1,106,salineros,304,425,5,2737,338,0,266,0,108,213,0,0,0,4,1,6,0
1492-3,1,107,salineros,304,425,5,2820,403,0,265,0,173,278,0,0,0,4,1,5,0
1492-3,1,108,salineros,304,425,5,2903,468,0,263,0,173,278,0,0,0,4,1,5,0
1492-3,1,109,salineros,304,425,5,2935,533,0,260,0,173,278,0,0,0,4,1,5,0
1492-3,1,110,salineros,304,425,5,3022,598,0,256,0,173,278,0,0,0,4,1,6,0
1492-3,1,111,salineros,304,425,5,3108,663,0,250,0,173,278,0,0,0,4,1,5,0
1492-3,1,112,salineros,304,425,5,3192,728,0,243,0,173,278,0,0,0,4,1,4,0
1492-3,1,113,salineros,304,429,5,3234,761,0,235,0,141,246,0,0,0,4,1,5,0
1492-3,1,114,salineros,304,429,5,3298,782,0,227,0,141,246,0,0,0,4,1,6,0
1492-3,1,115,salineros,304,429,5,3382,800,0,218,0,141,246,0,0,0,4,1,9,0
1492-3,1,116,salineros,304,429,5,3465,831,0,209,0,141,246,0,0,0,4,1,4,0
1492-3,1,117,salineros,304,429,5,3497,862,0,199,0,141,246,0,0,0,4,1,4,0
1492-3,1,118,salineros,304,429,5,3579,893,0,189,0,141,246,0,0,0,4,1,5,0
1492-3,1,119,salineros,312,429,5,3660,874,0,179,0,91,196,0,0,0,4,1,4,0
1492-3,1,120,salineros,312,429,5,3737,855,0,169,0,91,187,0,0,0,4,1,4,0
1492-3,1,121,salineros,312,429,5,3763,836,0,160,0,91,187,0,0,0,4,1,4,0
1492-3,1,122,salineros,312,429,5,3839,817,0,151,0,91,187,0,0,0,4,1,5,0
1492-3,1,123,salineros,312,429,5,3914,798,0,142,0,91,187,0,0,0,4,1,4,0
1492-3,1,124,salineros,312,429,5,3988,779,0,134,0,91,187,0,0,0,4,1,4,0
1492-3,1,125,salineros,312,429,5,4011,777,0,126,0,108,204,0,0,0,4,1,4,0
1492-3,1,126,salineros,313,433,5,4102,776,0,118,0,108,213,0,0,0,4,1,6,0
1492-3,1,127,salineros,313,433,5,4165,763,0,110,0,108,215,0,0,0,4,1,5,0
1492-3,1,128,salineros,313,433,5,4248,747,0,102,0,108,215,0,0,0,4,1,9,0
1492-3,1,129,salineros,313,433,5,4280,744,0,95,0,108,215,0,0,0,4,1,4,0
1492-3,1,130,salineros,313,433,5,4366,741,0,88,0,108,215,0,0,0,4,1,5,0
1492-3,1,131,salineros,313,433,5,4458,803,0,78,0,173,280,0,0,0,4,1,4,0
1492-3,1,132,salineros,321,433,5,4549,865,0,68,0,173,280,0,0,0,4,1,4,0
1492-3,1,133,salineros,321,433,5,4580,927,0,57,0,173,280,0,0,0,4,1,4,0
1492-3,1,134,salineros,321,433,5,4660,989,0,45,0,173,280,0,0,0,4,1,5,0
1492-3,1,135,salineros,321,433,5,4740,1051,0,31,0,173,280,0,0,0,4,1,4,0
1492-3,1,136,salineros,322,437,5,4826,1111,0,16,0,173,280,0,1,0,4,1,4,0
1492-3,1,137,salineros,323,440,5,4839,1124,0,4,0,125,232,0,0,0,4,1,3,0
1492-3,1,138,salineros,323,440,5,4847,1096,0,15,0,125,234,0,0,0,4,1,5,0
1492-3,1,139,salineros,323,444,5,4894,1108,0,3,0,125,234,0,0,0,4,1,5,0
1492-3,1,140,salineros,338,475,6,4920,1106,0,14,0,125,234,0,0,0,4,1,5,0
1492-3,1,141,salineros,338,476,6,4935,1099,0,3,0,125,240,0,0,0,4,1,9,0
1492-3,1,142,salineros,338,477,6,4909,1100,0,14,0,125,240,0,1,0,4,1,5,0
1492-3,1,143,salineros,338,477,6,4945,1070,0,4,0,94,209,0,0,0,4,1,4,0
1492-3,1,144,salineros,338,477,6,4966,1040,0,15,0,94,200,0,1,0,4,1,3,0
1492-3,1,145,salineros,338,477,6,4987,1012,0,5,0,94,200,0,0,0,4,1,3,0
1492-3,1,146,salineros,338,477,6,4957,984,0,16,0,94,200,0,0,0,4,1,3,0
1492-3,1,147,salineros,346,477,6,4983,956,0,7,0,94,200,0,0,0,4,1,4,0
1492-3,1,148,salineros,346,477,6,5030,925,0,18,0,94,200,0,0,0,4,1,3,0
1492-3,1,149,salineros,346,477,6,5070,915,0,7,0,112,218,0,0,0,4,1,4,0
1492-3,1,150,salineros,346,477,6,5071,905,0,18,0,112,227,0,0,0,4,1,3,0
1492-3,1,151,salineros,346,477,6,5121,895,0,8,0,112,227,0,0,0,4,1,6,0
1492-3,1,152,salineros,346,477,6,5182,883,0,4,0,112,230,0,1,0,4,1,4,0
1492-3,1,153,salineros,346,477,6,5215,873,0,0,0,112,230,0,0,0,4,1,3,0
1492-3,1,154,salineros,346,477,6,5169,845,0,16,0,95,213,0,0,0,4,1,4,0
1492-3,1,155,salineros,347,484,6,5235,902,0,14,0,182,300,0,0,0,4,1,4,0
1492-3,1,156,salineros,350,495,6,5320,955,0,8,0,182,300,0,0,0,4,1,4,0
1492-3,1,157,salineros,351,502,6,5329,1001,0,1,0,182,304,0,0,0,4,1,4,0
1492-3,1,158,salineros,352,509,6,5305,1036,0,17,0,165,287,0,0,0,4,1,4,0
1492-3,1,159,salineros,354,516,6,5351,1075,0,9,0,182,304,0,1,0,4,1,9,0
1492-3,1,160,salineros,355,523,6,5386,1125,0,0,0,182,304,0,0,0,4,1,3,0
1492-3,1,161,salineros,355,523,6,5377,1106,0,16,0,114,240,0,0,0,4,1,4,0
1492-3,1,162,salineros,356,527,6,5380,1104,0,11,0,131,257,0,0,0,4,1,3,0
1492-3,1,163,salineros,356,527,6,5442,1098,0,2,0,131,259,0,0,0,4,1,4,0
1492-3,1,164,salineros,356,527,6,5451,1095,0,16,0,131,259,0,0,0,4,1,4,0
1492-3,1,165,salineros,364,527,6,5490,1092,0,10,0,131,259,0,0,0,4,1,3,0
1492-3,1,166,salineros,364,527,6,5484,1087,0,2,0,131,259,0,1,0,4,1,3,0
1492-3,1,167,salineros,364,527,6,5501,1047,0,16,0,94,222,0,0,0,4,1,5,0
1492-3,1,168,salineros,364,527,6,5538,1007,0,11,0,94,213,0,0,0,4,1,4,0
1492-3,1,169,salineros,364,527,6,5574,965,0,5,0,94,213,0,0,0,4,1,4,0
1492-3,1,170,salineros,364,527,6,5559,923,0,0,0,94,213,0,1,0,4,1,3,0
1492-3,1,171,salineros,364,527,6,5546,866,0,16,0,77,196,0,0,0,4,1,5,0
1492-3,1,172,salineros,365,531,6,5602,826,0,17,0,94,213,0,0,0,4,1,4,0
1492-3,1,173,salineros,364,527,6,5615,793,0,15,0,112,231,0,0,0,4,1,4,0
1492-3,1,174,salineros,364,527,6,5592,758,0,13,0,112,238,0,0,0,4,1,8,0
1492-3,1,175,salineros,364,527,6,5641,736,0,12,0,112,238,0,0,0,4,1,5,0
1492-3,1,176,salineros,364,527,6,5686,718,0,11,0,112,238,0,0,0,4,1,4,0
1492-3,1,177,salineros,364,527,6,5735,698,0,11,0,112,238,0,1,0,4,1,4,0
1492-3,1,178,salineros,364,527,6,5733,680,0,11,0,112,238,0,0,0,4,1,4,0
1492-3,1,179,salineros,375,542,6,5780,732,0,10,0,182,308,0,0,0,4,1,5,0
1492-3,1,180,salineros,377,552,6,5819,780,0,8,0,182,310,0,0,0,4,1,5,0
1492-3,1,181,salineros,379,560,6,5860,823,0,5,0,182,312,0,1,0,4,1,5,0
1492-3,1,182,salineros,380,568,6,5846,884,0,1,0,202,336,0,1,0,4,1,5,0
1492-3,1,183,salineros,382,576,6,5883,948,0,17,0,209,345,0,1,0,4,1,5,0
1492-3,1,184,salineros,383,584,6,5941,1041,0,10,0,240,376,0,0,0,4,1,3,0
1492-3,1,185,salineros,385,592,6,5991,1065,0,0,0,173,311,0,0,0,4,1,3,0
1492-3,1,186,salineros,385,592,6,5946,1056,0,16,0,142,282,0,0,0,4,1,5,0
1492-3,1,187,salineros,387,604,6,5992,1038,0,11,0,173,313,0,0,0,4,1,5,0
1492-3,1,188,salineros,389,610,6,6027,1047,0,2,0,173,317,0,0,0,4,1,5,0
1492-3,1,189,salineros,404,645,7,6041,1051,0,16,0,159,303,0,0,0,4,1,4,0
1492-3,1,190,salineros,405,652,7,6094,1047,0,10,0,173,323,0,0,0,4,1,10,0
1492-3,1,191,salineros,405,652,7,6097,1004,0,6,0,125,282,0,0,0,4,1,4,0
1492-3,1,192,salineros,405,652,7,6118,955,0,3,0,125,273,0,1,0,4,1,5,0
1492-3,1,193,salineros,405,652,7,6163,904,0,5,0,115,263,0,0,0,4,1,5,0
1492-3,1,194,salineros,405,652,7,6203,870,0,5,0,129,277,0,0,0,4,1,5,0
1492-3,1,195,salineros,413,652,7,6193,836,0,6,0,129,277,0,0,0,4,1,5,0
1492-3,1,196,salineros,413,652,7,6232,802,0,7,0,129,277,0,0,0,4,1,6,0
1492-3,1,197,salineros,413,652,7,6271,792,0,9,0,153,301,0,0,0,4,1,5,0
1492-3,1,198,salineros,413,652,7,6334,782,0,11,0,153,310,0,0,0,4,1,4,0
1492-3,1,199,salineros,413,652,7,6343,773,0,12,0,153,310,0,0,0,4,1,4,0
1492-3,1,200,salineros,413,652,7,6402,764,0,13,0,153,310,0,0,0,4,1,5,0
1492,6,1,arrieros,39,116,1,48,60,0,0,0,18,42,0,0,0,0,1,4,0
1492,6,2,arrieros,39,116,1,55,46,0,0,0,18,29,0,0,0,0,,0,0
1492,6,3,arrieros,39,116,1,62,32,0,0,0,18,29,0,0,0,0,,0,0
1492,6,4,arrieros,39,116,1,69,19,0,0,0,18,29,0,0,0,0,,0,0
1492,6,5,arrieros,39,116,1,76,6,0,0,0,18,29,0,1,0,0,,0,0
1492,6,6,arrieros,38,116,1,102,0,0,0,0,18,48,1,0,0,0,,0,0
1492,6,7,arrieros,37,116,1,93,0,0,0,0,18,48,1,0,0,0,1,8,0
1492,6,8,arrieros,35,113,1,114,6,0,0,0,18,48,1,0,0,0,,0,0
1492,6,9,arrieros,34,110,1,140,1,0,0,0,18,48,1,0,0,0,,0,0
1492,6,10,arrieros,32,107,1,166,0,0,0,0,18,48,1,0,0,0,,0,0
1492,6,11,arrieros,32,107,1,190,22,0,0,0,48,76,0,0,0,0,,0,0
1492,6,12,arrieros,32,107,1,214,43,0,0,0,48,76,0,0,0,0,,0,0
1492,6,13,arrieros,32,107,1,154,63,0,0,0,48,76,0,0,0,0,1,7,0
1492,6,14,arrieros,32,107,1,140,91,0,2,0,48,76,0,0,0,0,,0,0
1492,6,15,arrieros,47,107,1,164,118,0,2,0,48,76,0,0,0,1,,0,0
1492,6,16,arrieros,47,107,1,188,135,0,2,0,48,76,0,0,0,1,,0,0
1492,6,17,arrieros,47,107,1,212,134,0,2,0,30,58,0,0,0,1,,0,0
1492,6,18,arrieros,47,107,1,236,133,0,2,0,30,58,0,0,0,1,,0,0
1492,6,19,arrieros,46,103,1,219,126,0,2,0,30,58,0,0,0,1,1,10,0
1492,6,20,arrieros,46,103,1,167,138,0,2,0,30,58,0,0,0,1,,0,0
1492,6,21,arrieros,46,103,1,170,150,0,2,0,30,58,0,0,0,1,,0,0
1492,6,22,arrieros,46,103,1,194,154,0,2,0,30,58,0,0,0,1,,0,0
1492,6,23,arrieros,46,103,1,218,142,0,2,0,18,46,0,0,0,1,,0,0
1492,6,24,arrieros,46,103,1,232,130,0,2,0,18,36,0,0,0,1,,0,0
1492,6,25,arrieros,45,99,1,212,99,0,2,0,18,36,0,0,0,1,1,20,0
1492,6,26,arrieros,63,99,1,149,104,0,0,0,18,35,0,0,0,2,,0,0
1492,6,27,arrieros,63,99,1,145,107,0,0,0,18,35,0,0,0,2,,0,0
1492,6,28,arrieros,63,99,1,158,87,0,0,0,18,35,0,0,0,2,,0,0
1492,6,29,arrieros,71,99,1,171,84,0,0,0,24,41,0,0,0,2,,0,0
1492,6,30,arrieros,71,99,1,193,81,0,0,0,24,50,0,0,0,2,,0,0
1492,6,31,arrieros,71,95,1,138,72,0,0,0,24,50,0,0,0,2,1,8,0
1492,6,32,arrieros,71,95,1,143,80,0,2,0,24,50,0,0,0,2,,0,0
1492,6,33,arrieros,71,95,1,165,84,0,0,0,24,50,0,0,0,2,,0,0
1492,6,34,arrieros,71,95,1,187,82,0,0,0,24,50,0,0,0,2,,0,0
1492,6,35,arrieros,71,95,1,209,103,0,0,0,48,74,0,0,0,2,,0,0
1492,6,36,arrieros,71,95,1,231,123,0,0,0,48,74,0,0,0,2,,0,0
1492,6,37,arrieros,70,91,1,165,137,0,0,0,48,74,0,0,0,2,1,10,0
1492,6,38,arrieros,70,91,1,132,150,0,2,0,33,59,0,1,0,2,,0,0
1492,6,39,arrieros,70,91,1,154,164,0,2,0,33,59,0,0,0,2,,0,0
1492,6,40,arrieros,70,91,1,176,168,0,2,0,33,59,0,0,0,2,,0,0
1492,6,41,arrieros,70,91,1,198,161,0,2,0,21,47,0,0,0,2,,0,0
1492,6,42,arrieros,70,91,1,220,154,0,2,0,21,47,0,0,0,2,,0,0
1492,6,43,arrieros,69,87,1,161,118,0,2,0,21,47,0,0,0,2,1,27,0
1492,6,44,arrieros,77,87,1,145,120,0,2,0,30,54,0,1,0,2,,0,0
1492,6,45,arrieros,77,87,1,165,124,0,2,0,30,54,0,0,0,2,,0,0
1492,6,46,arrieros,77,87,1,185,128,0,2,0,30,54,0,0,0,2,,0,0
1492,6,47,arrieros,77,87,1,205,96,0,2,0,18,42,0,0,0,2,,0,0
1492,6,48,arrieros,85,87,1,217,92,0,0,0,18,34,0,0,0,2,,0,0
1492,6,49,arrieros,85,87,1,206,86,0,0,0,18,34,0,0,0,2,1,10,0
1492,6,50,arrieros,85,87,1,151,90,0,0,0,18,34,0,0,0,2,,0,0
1492,6,51,arrieros,85,87,1,142,94,0,0,0,18,34,0,1,0,2,,0,0
1492,6,52,arrieros,85,87,1,154,93,0,0,0,18,34,0,0,0,2,,0,0
1492,6,53,arrieros,85,87,1,166,93,0,0,0,24,40,0,0,0,2,,0,0
1492,6,54,arrieros,85,87,1,186,93,0,0,0,24,48,0,0,0,2,,0,0
1492,6,55,arrieros,85,87,1,145,69,0,0,0,24,48,0,0,0,2,1,28,0
1492,6,56,arrieros,93,87,1,148,77,0,2,0,24,48,0,1,0,2,,0,0
1492,6,57,arrieros,93,87,1,168,83,0,0,0,24,48,0,0,0,2,,0,0
1492,6,58,arrieros,93,87,1,188,59,0,0,0,24,48,0,0,0,2,,0,0
1492,6,59,arrieros,101,87,1,208,83,0,0,0,48,72,0,0,0,2,,0,0
1492,6,60,arrieros,101,87,1,228,106,0,0,0,48,72,0,0,0,2,,0,0
1492,6,61,arrieros,101,87,1,178,128,0,0,0,48,72,0,0,0,2,1,10,0
1492,6,62,arrieros,101,87,1,143,158,0,2,0,48,72,0,0,0,2,,0,0
1492,6,63,arrieros,101,87,1,158,173,0,2,0,33,57,0,0,0,2,,0,0
1492,6,64,arrieros,101,87,1,178,179,0,2,0,33,57,0,0,0,2,,0,0
1492,6,65,arrieros,101,87,1,198,172,0,2,0,21,45,0,0,0,2,,0,0
1492,6,66,arrieros,101,87,1,218,166,0,2,0,21,45,0,0,0,2,,0,0
1492,6,67,arrieros,103,95,1,211,176,0,2,0,21,45,0,0,0,2,1,7,0
1492,6,68,arrieros,103,95,1,167,168,0,2,0,21,47,0,0,0,2,,0,0
1492,6,69,arrieros,103,95,1,189,168,0,2,0,30,56,0,0,0,2,,0,0
1492,6,70,arrieros,103,95,1,211,168,0,2,0,30,56,0,0,0,2,,0,0
1492,6,71,arrieros,103,95,1,233,157,0,2,0,18,44,0,0,0,2,,0,0
1492,6,72,arrieros,103,95,1,246,146,0,2,0,18,35,0,0,0,2,,0,0
1492,6,73,arrieros,102,91,1,173,130,0,2,0,18,35,0,0,0,2,1,6,0
1492,6,74,arrieros,102,91,1,123,121,0,2,0,18,35,0,0,0,2,,0,0
1492,6,75,arrieros,102,91,1,136,113,0,2,0,18,35,0,0,0,2,,0,0
1492,6,76,arrieros,102,91,1,149,105,0,2,0,18,35,0,0,0,2,,0,0
1492,6,77,arrieros,102,91,1,162,103,0,2,0,24,41,0,0,0,2,,0,0
1492,6,78,arrieros,102,91,1,184,101,0,2,0,24,50,0,0,0,2,,0,0
1492,6,79,arrieros,101,87,1,171,77,0,0,0,24,50,0,0,0,2,1,18,0
1492,6,80,arrieros,101,87,1,146,87,0,0,0,24,48,0,1,0,2,,0,0
1492,6,81,arrieros,109,87,1,166,98,0,0,0,24,48,0,0,0,2,,0,0
1492,6,82,arrieros,109,87,1,186,97,0,0,0,24,48,0,0,0,2,,0,0
1492,6,83,arrieros,109,87,1,206,120,0,0,0,48,72,0,0,0,2,,0,0
1492,6,84,arrieros,109,87,1,226,142,0,0,0,48,72,0,0,0,2,,0,0
1492,6,85,arrieros,109,87,1,142,124,0,0,0,48,72,0,0,0,2,1,7,0
1492,6,86,arrieros,109,87,1,108,144,0,0,0,48,72,0,1,0,2,,0,0
1492,6,87,arrieros,143,118,2,128,165,0,0,0,48,72,0,0,0,3,,0,0
1492,6,88,arrieros,143,119,2,145,177,0,0,0,48,78,0,0,0,3,,0,0
1492,6,89,arrieros,144,120,2,162,163,0,0,0,30,60,0,0,0,3,,0,0
1492,6,90,arrieros,144,121,2,179,157,0,0,0,30,60,0,0,0,3,,0,0
1492,6,91,arrieros,152,121,2,165,131,0,0,0,30,60,0,0,0,3,1,16,0
1492,6,92,arrieros,152,122,2,133,136,0,0,0,30,60,0,1,0,3,,0,0
1492,6,93,arrieros,160,123,2,150,151,0,0,0,38,68,0,0,0,3,,0,0
1492,6,94,arrieros,160,124,2,167,153,0,0,0,38,68,0,0,0,3,,0,0
1492,6,95,arrieros,160,124,2,184,139,0,0,0,22,52,0,0,0,3,,0,0
1492,6,96,arrieros,160,124,2,193,125,0,0,0,22,44,0,0,0,3,,0,0
1492,6,97,arrieros,160,124,2,166,95,0,0,0,22,44,0,0,0,3,1,19,0
1492,6,98,arrieros,160,124,2,114,95,0,0,0,22,44,0,0,0,3,,0,0
1492,6,99,arrieros,168,124,2,118,95,0,0,0,22,44,0,0,0,3,,0,0
1492,6,100,arrieros,168,124,2,127,84,0,0,0,22,44,0,0,0,3,,0,0
1492,6,101,arrieros,168,124,2,136,80,0,0,0,30,52,0,0,0,3,,0,0
1492,6,102,arrieros,168,124,2,153,76,0,0,0,30,60,0,0,0,3,,0,0
1492,6,103,arrieros,169,128,2,135,73,0,0,0,30,60,0,0,0,3,1,8,0
1492,6,104,arrieros,169,128,2,130,78,0,1,0,30,62,0,0,0,3,,0,0
1492,6,105,arrieros,169,128,2,149,57,0,1,0,30,62,0,1,0,3,,0,0
1492,6,106,arrieros,169,129,2,168,57,0,1,0,34,66,0,0,0,3,,0,0
1492,6,107,arrieros,178,130,2,187,95,0,1,0,73,105,0,0,0,3,,0,0
1492,6,108,arrieros,178,131,2,206,131,0,1,0,73,105,0,0,0,3,,0,0
1492,6,109,arrieros,177,129,2,131,121,0,1,0,73,107,0,0,0,3,1,12,0
1492,6,110,arrieros,178,131,2,95,165,0,2,0,73,105,0,0,0,3,,0,0
1492,6,111,arrieros,225,175,3,105,207,0,2,0,73,105,0,0,0,4,,0,0
1492,6,112,arrieros,225,179,3,123,230,0,2,0,73,113,0,0,0,4,,0,0
1492,6,113,arrieros,225,179,3,141,219,0,2,0,42,82,0,0,0,4,,0,0
1492,6,114,arrieros,225,179,3,159,209,0,2,0,42,82,0,0,0,4,,0,0
1492,6,115,arrieros,226,183,3,157,185,0,2,0,42,82,0,0,0,4,1,14,0
1492,6,116,arrieros,226,183,3,148,187,0,2,0,42,84,0,0,0,4,,0,0
1492,6,117,arrieros,234,183,3,168,184,0,2,0,42,84,0,0,0,4,,0,0
1492,6,118,arrieros,234,183,3,188,174,0,2,0,42,84,0,0,0,4,,0,0
1492,6,119,arrieros,234,183,3,208,149,0,2,0,26,68,0,0,0,4,,0,0
1492,6,120,arrieros,234,183,3,219,125,0,2,0,26,59,0,0,0,4,,0,0
1492,6,121,arrieros,233,179,3,181,98,0,0,0,26,59,0,0,0,4,1,10,0
1492,6,122,arrieros,233,179,3,124,89,0,0,0,26,58,0,0,0,4,,0,0
1492,6,123,arrieros,233,179,3,109,81,0,0,0,26,58,0,0,0,4,,0,0
1492,6,124,arrieros,233,179,3,119,67,0,0,0,26,58,0,0,0,4,,0,0
1492,6,125,arrieros,233,179,3,129,55,0,0,0,34,66,0,0,0,4,,0,0
1492,6,126,arrieros,233,179,3,147,44,0,0,0,34,74,0,0,0,4,,0,0
1492,6,127,arrieros,233,179,3,128,33,0,0,0,34,74,0,0,0,4,1,7,0
1492,6,128,arrieros,233,179,3,131,32,0,1,0,34,74,0,0,0,4,,0,0
1492,6,129,arrieros,233,179,3,149,21,0,0,0,34,74,0,1,0,4,,0,0
1492,6,130,arrieros,233,179,3,167,19,0,0,0,42,82,0,0,0,4,,0,0
1492,6,131,arrieros,234,183,3,185,53,0,0,0,80,120,0,0,0,4,,0,0
1492,6,132,arrieros,235,187,3,205,85,0,0,0,80,122,0,0,0,4,,0,0
1492,6,133,arrieros,236,191,3,147,115,0,0,0,80,122,0,0,0,4,1,7,0
1492,6,134,arrieros,237,195,3,131,152,0,2,0,80,124,0,0,0,4,,0,0
1492,6,135,arrieros,237,199,3,153,186,0,2,0,80,124,0,0,0,4,,0,0
1492,6,136,arrieros,238,203,3,175,209,0,2,0,80,124,0,0,0,4,,0,0
1492,6,137,arrieros,239,205,3,199,203,0,2,0,52,98,0,0,0,4,,0,0
1492,6,138,arrieros,239,207,3,223,196,0,2,0,52,98,0,0,0,4,,0,0
1492,6,139,arrieros,239,207,3,226,150,0,2,0,52,100,0,0,0,4,1,24,0
1492,6,140,arrieros,247,207,3,185,157,0,2,0,52,100,0,0,0,4,,0,0
1492,6,141,arrieros,255,207,3,182,164,0,2,0,52,100,0,0,0,4,,0,0
1492,6,142,arrieros,255,207,3,208,166,0,2,0,52,100,0,0,0,4,,0,0
1492,6,143,arrieros,255,207,3,234,118,0,2,0,32,80,0,0,0,4,,0,0
1492,6,144,arrieros,255,207,3,252,98,0,0,0,32,72,0,0,0,4,,0,0
1492,6,145,arrieros,255,207,3,247,76,0,0,0,32,72,0,0,0,4,1,10,0
1492,6,146,arrieros,255,207,3,197,67,0,0,0,32,72,0,0,0,4,,0,0
1492,6,147,arrieros,255,207,3,159,59,0,0,0,32,72,0,0,0,4,,0,0
1492,6,148,arrieros,255,207,3,177,51,0,0,0,32,72,0,0,0,4,,0,0
1492,6,149,arrieros,255,207,3,195,41,0,0,0,42,82,0,0,0,4,,0,0
1492,6,150,arrieros,255,207,3,221,31,0,0,0,42,90,0,0,0,4,,0,0
1492,6,151,arrieros,255,207,3,195,22,0,0,0,42,90,0,0,0,4,1,9,0
1492,6,152,arrieros,255,207,3,171,22,0,2,0,42,90,0,0,0,4,,0,0
1492,6,153,arrieros,255,207,3,187,22,0,1,0,42,90,0,0,0,4,,0,0
1492,6,154,arrieros,255,207,3,213,11,0,0,0,42,90,0,1,0,4,,0,0
1492,6,155,arrieros,255,207,3,239,51,0,0,0,93,141,0,0,0,4,,0,0
1492,6,156,arrieros,255,207,3,265,90,0,0,0,93,141,0,0,0,4,,0,0
1492,6,157,arrieros,255,207,3,233,127,0,0,0,93,141,0,0,0,4,1,11,0
1492,6,158,arrieros,255,207,3,177,172,0,2,0,93,141,0,0,0,4,,0,0
1492,6,159,arrieros,255,207,3,190,215,0,3,0,93,141,0,0,0,4,,0,0
1492,6,160,arrieros,255,207,3,216,250,0,3,0,93,141,0,0,0,4,,0,0
1492,6,161,arrieros,255,207,3,242,249,0,3,0,60,108,0,0,0,4,,0,0
1492,6,162,arrieros,255,207,3,268,248,0,3,0,60,108,0,0,0,4,,0,0
1492,6,163,arrieros,255,207,3,258,161,0,3,0,60,108,0,0,0,4,1,26,0
1492,6,164,arrieros,255,207,3,217,176,0,3,0,60,108,0,0,0,4,,0,0
1492,6,165,arrieros,277,238,4,176,190,0,3,0,60,108,0,0,0,4,,0,0
1492,6,166,arrieros,277,239,4,194,196,0,3,0,60,114,0,0,0,4,,0,0
1492,6,167,arrieros,277,239,4,217,169,0,3,0,37,91,0,0,0,4,,0,0
1492,6,168,arrieros,277,239,4,232,145,0,0,0,37,83,0,0,0,4,,0,0
1492,6,169,arrieros,277,239,4,243,95,0,0,0,37,83,0,0,0,4,1,15,0
1492,6,170,arrieros,277,239,4,191,83,0,0,0,37,83,0,0,0,4,,0,0
1492,6,171,arrieros,285,239,4,159,71,0,0,0,37,83,0,0,0,4,,0,0
1492,6,172,arrieros,285,239,4,174,55,0,0,0,37,83,0,0,0,4,,0,0
1492,6,173,arrieros,285,239,4,189,41,0,0,0,48,94,0,1,0,4,,0,0
1492,6,174,arrieros,285,239,4,212,36,0,0,0,55,109,0,0,0,4,,0,0
1492,6,175,arrieros,285,239,4,174,31,0,0,0,55,109,0,0,0,4,1,9,0
1492,6,176,arrieros,285,239,4,153,35,0,2,0,55,109,0,0,0,4,,0,0
1492,6,177,arrieros,285,239,4,176,40,0,1,0,55,109,0,0,0,4,,0,0
1492,6,178,arrieros,285,239,4,199,36,0,0,0,55,109,0,0,0,4,,0,0
1492,6,179,arrieros,286,240,4,222,72,0,0,0,98,152,0,0,0,4,,0,0
1492,6,180,arrieros,286,241,4,245,106,0,0,0,98,152,0,0,0,4,,0,0
1492,6,181,arrieros,286,242,4,208,139,0,0,0,98,152,0,0,0,4,1,10,0
1492,6,182,arrieros,286,243,4,175,179,0,2,0,98,152,0,0,0,4,,0,0
1492,6,183,arrieros,286,244,4,177,218,0,2,0,98,152,0,0,0,4,,0,0
1492,6,184,arrieros,287,245,4,200,239,0,2,0,86,140,0,0,0,4,,0,0
1492,6,185,arrieros,287,245,4,223,229,0,2,0,60,114,0,0,0,4,,0,0
1492,6,186,arrieros,287,245,4,246,219,0,2,0,60,114,0,0,0,4,,0,0
1492,6,187,arrieros,287,245,4,257,161,0,2,0,60,114,0,0,0,4,1,19,0
1492,6,188,arrieros,287,245,4,213,166,0,2,0,60,114,0,0,0,4,,0,0
1492,6,189,arrieros,295,245,4,187,171,0,2,0,60,114,0,0,0,4,,0,0
1492,6,190,arrieros,295,246,4,210,183,0,2,0,68,122,0,0,0,4,,0,0
1492,6,191,arrieros,295,246,4,233,158,0,2,0,42,96,0,0,0,4,,0,0
1492,6,192,arrieros,295,246,4,248,134,0,2,0,42,88,0,0,0,4,,0,0
1492,6,193,arrieros,295,246,4,249,111,0,2,0,42,88,0,0,0,4,1,11,0
1492,6,194,arrieros,295,246,4,187,103,0,0,0,42,88,0,0,0,4,,0,0
1492,6,195,arrieros,295,246,4,153,91,0,0,0,42,88,0,0,0,4,,0,0
1492,6,196,arrieros,295,246,4,163,80,0,0,0,42,88,0,1,0,4,,0,0
1492,6,197,arrieros,295,247,4,178,78,0,0,0,61,107,0,0,0,4,,0,0
1492,6,198,arrieros,295,247,4,203,75,0,0,0,61,117,0,0,0,4,,0,0
1492,6,199,arrieros,295,247,4,149,34,0,0,0,61,117,0,0,0,4,1,8,0
1492,6,200,arrieros,295,247,4,140,42,0,2,0,61,117,0,0,0,4,,0,0
1492,6,1,canteros,39,116,1,40,56,0,0,0,18,48,0,0,0,0,1,4,0
1492,6,2,canteros,39,116,1,47,42,0,0,0,18,34,0,0,0,0,,0,0
1492,6,3,canteros,39,116,1,54,28,0,0,0,18,34,0,1,0,0,,0,0
1492,6,4,canteros,39,116,1,69,17,0,0,0,18,42,0,0,0,0,,0,0
1492,6,5,canteros,39,116,1,84,12,0,0,0,24,48,0,0,0,0,,0,0
1492,6,6,canteros,39,116,1,110,7,0,0,0,24,59,0,0,0,0,,0,0
1492,6,7,canteros,39,116,1,100,2,0,0,0,24,59,0,0,0,0,1,7,0
1492,6,8,canteros,38,116,1,112,4,0,0,0,24,59,1,0,0,0,,0,0
1492,6,9,canteros,37,116,1,138,3,0,0,0,24,59,1,0,0,0,,0,0
1492,6,10,canteros,35,113,1,164,0,0,0,0,24,59,1,0,0,0,,0,0
1492,6,11,canteros,35,113,1,190,20,0,0,0,48,83,0,0,0,0,,0,0
1492,6,12,canteros,35,113,1,216,39,0,0,0,48,83,0,0,0,0,,0,0
1492,6,13,canteros,35,113,1,172,57,0,0,0,48,83,0,0,0,0,1,11,0
1492,6,14,canteros,35,113,1,136,78,0,2,0,48,83,0,0,0,0,,0,0
1492,6,15,canteros,35,113,1,157,101,0,1,0,48,83,0,0,0,0,,0,0
1492,6,16,canteros,50,113,1,183,118,0,1,0,48,83,0,0,0,1,,0,0
1492,6,17,canteros,50,113,1,209,116,0,1,0,30,65,0,0,0,1,,0,0
1492,6,18,canteros,50,113,1,235,114,0,1,0,30,64,0,0,0,1,,0,0
1492,6,19,canteros,49,109,1,242,102,0,1,0,30,64,0,0,0,1,1,15,0
1492,6,20,canteros,49,109,1,219,108,0,1,0,30,62,0,0,0,1,,0,0
1492,6,21,canteros,49,109,1,196,114,0,1,0,30,62,0,0,0,1,,0,0
1492,6,22,canteros,49,109,1,191,120,0,1,0,30,62,0,0,0,1,,0,0
1492,6,23,canteros,49,109,1,210,114,0,1,0,18,50,0,0,0,1,,0,0
1492,6,24,canteros,49,109,1,224,102,0,1,0,18,40,0,0,0,1,,0,0
1492,6,25,canteros,49,105,1,223,66,0,1,0,18,40,0,0,0,1,1,18,0
1492,6,26,canteros,49,105,1,190,63,0,1,0,18,40,0,0,0,1,,0,0
1492,6,27,canteros,67,105,1,157,60,0,1,0,18,40,0,0,0,2,,0,0
1492,6,28,canteros,67,105,1,150,57,0,1,0,18,40,0,0,0,2,,0,0
1492,6,29,canteros,67,105,1,164,58,0,1,0,24,46,0,0,0,2,,0,0
1492,6,30,canteros,67,105,1,188,54,0,1,0,24,56,0,0,0,2,,0,0
1492,6,31,canteros,67,105,1,200,50,0,1,0,24,56,0,0,0,2,1,11,0
1492,6,32,canteros,67,105,1,163,52,0,1,0,24,56,0,0,0,2,,0,0
1492,6,33,canteros,67,105,1,182,53,0,1,0,24,56,0,0,0,2,,0,0
1492,6,34,canteros,67,105,1,206,50,0,1,0,24,56,0,0,0,2,,0,0
1492,6,35,canteros,67,105,1,230,70,0,1,0,48,79,0,0,0,2,,0,0
1492,6,36,canteros,67,105,1,254,89,0,1,0,48,79,0,0,0,2,,0,0
1492,6,37,canteros,67,105,1,157,96,0,0,0,48,79,0,0,0,2,1,34,0
1492,6,38,canteros,75,105,1,138,116,0,1,0,48,79,0,0,0,2,,0,0
1492,6,39,canteros,75,105,1,119,135,0,2,0,48,79,0,0,0,2,,0,0
1492,6,40,canteros,75,105,1,88,153,0,3,0,48,79,0,0,0,2,,0,0
1492,6,41,canteros,75,105,1,103,152,0,4,0,26,57,0,0,0,2,,0,0
1492,6,42,canteros,75,105,1,127,139,0,1,0,26,57,0,0,0,2,,0,0
1492,6,43,canteros,75,105,1,240,132,0,1,0,26,57,0,0,0,2,1,6,0
1492,6,44,canteros,83,105,1,247,132,0,1,0,26,57,0,0,0,2,,0,0
1492,6,45,canteros,83,105,1,271,129,0,1,0,26,57,0,0,0,2,,0,0
1492,6,46,canteros,83,105,1,295,122,0,1,0,26,57,0,0,0,2,,0,0
1492,6,47,canteros,83,105,1,319,96,0,1,0,18,49,0,0,0,2,,0,0
1492,6,48,canteros,91,105,1,333,83,0,1,0,18,39,0,0,0,2,,0,0
1492,6,49,canteros,91,105,1,321,71,0,1,0,18,39,0,0,0,2,1,18,0
1492,6,50,canteros,91,105,1,282,66,0,1,0,18,39,0,0,0,2,,0,0
1492,6,51,canteros,91,105,1,243,61,0,1,0,18,39,0,0,0,2,,0,0
1492,6,52,canteros,91,105,1,204,56,0,1,0,18,38,0,0,0,2,,0,0
1492,6,53,canteros,91,105,1,171,57,0,1,0,24,44,0,0,0,2,,0,0
1492,6,54,canteros,91,105,1,154,58,0,1,0,24,54,0,0,0,2,,0,0
1492,6,55,canteros,91,105,1,198,59,0,1,0,24,54,0,0,0,2,1,8,0
1492,6,56,canteros,91,105,1,188,57,0,2,0,24,54,0,0,0,2,,0,0
1492,6,57,canteros,91,105,1,206,56,0,0,0,24,54,0,0,0,2,,0,0
1492,6,58,canteros,91,105,1,230,50,0,0,0,24,54,0,0,0,2,,0,0
1492,6,59,canteros,91,105,1,254,68,0,0,0,48,78,0,0,0,2,,0,0
1492,6,60,canteros,91,105,1,278,85,0,0,0,48,78,0,0,0,2,,0,0
1492,6,61,canteros,91,105,1,244,101,0,0,0,48,78,0,0,0,2,1,14,0
1492,6,62,canteros,91,105,1,182,121,0,2,0,48,78,0,0,0,2,,0,0
1492,6,63,canteros,91,105,1,165,140,0,4,0,48,78,0,0,0,2,,0,0
1492,6,64,canteros,91,105,1,174,161,0,0,0,48,78,0,0,0,2,,0,0
1492,6,65,canteros,91,105,1,198,159,0,0,0,30,60,0,0,0,2,,0,0
1492,6,66,canteros,91,105,1,222,155,0,0,0,30,60,0,0,0,2,,0,0
1492,6,67,canteros,91,105,1,264,139,0,0,0,30,60,0,0,0,2,1,22,0
1492,6,68,canteros,91,105,1,235,143,0,0,0,30,60,0,0,0,2,,0,0
1492,6,69,canteros,99,105,1,206,147,0,0,0,30,60,0,0,0,2,,0,0
1492,6,70,canteros,99,105,1,209,151,0,0,0,30,60,0,0,0,2,,0,0
1492,6,71,canteros,99,105,1,233,141,0,0,0,18,48,0,0,0,2,,0,0
1492,6,72,canteros,99,105,1,247,126,0,0,0,18,38,0,0,0,2,,0,0
1492,6,73,canteros,99,105,1,260,112,0,0,0,18,38,0,0,0,2,1,15,0
1492,6,74,canteros,99,105,1,222,105,0,0,0,18,38,0,0,0,2,,0,0
1492,6,75,canteros,99,105,1,183,99,0,0,0,18,38,0,0,0,2,,0,0
1492,6,76,canteros,99,105,1,150,85,0,0,0,18,38,0,0,0,2,,0,0
1492,6,77,canteros,99,105,1,159,85,0,0,0,24,44,0,0,0,2,,0,0
1492,6,78,canteros,99,105,1,183,79,0,0,0,24,54,0,0,0,2,,0,0
1492,6,79,canteros,99,105,1,177,72,0,0,0,24,54,0,0,0,2,1,8,0
1492,6,80,canteros,99,105,1,160,70,0,2,0,24,54,0,0,0,2,,0,0
1492,6,81,canteros,107,105,1,178,69,0,0,0,24,54,0,0,0,2,,0,0
1492,6,82,canteros,107,105,1,202,63,0,0,0,24,54,0,0,0,2,,0,0
1492,6,83,canteros,107,105,1,226,80,0,0,0,48,78,0,0,0,2,,0,0
1492,6,84,canteros,107,105,1,250,96,0,0,0,48,78,0,0,0,2,,0,0
1492,6,85,canteros,107,105,1,224,112,0,0,0,48,78,0,0,0,2,1,11,0
1492,6,86,canteros,107,105,1,162,131,0,2,0,48,78,0,0,0,2,,0,0
1492,6,87,canteros,107,105,1,163,149,0,4,0,48,78,0,0,0,2,,0,0
1492,6,88,canteros,107,105,1,187,170,0,0,0,48,78,0,0,0,2,,0,0
1492,6,89,canteros,107,105,1,211,166,0,0,0,30,60,0,0,0,2,,0,0
1492,6,90,canteros,107,105,1,235,162,0,0,0,30,60,0,0,0,2,,0,0
1492,6,91,canteros,107,109,1,279,159,0,0,0,30,60,0,0,0,2,1,15,0
1492,6,92,canteros,107,109,1,251,161,0,0,0,30,60,0,0,0,2,,0,0
1492,6,93,canteros,107,109,1,222,163,0,0,0,30,60,0,0,0,2,,0,0
1492,6,94,canteros,317,109,1,215,165,0,0,0,30,60,0,1,1,3,,0,0
1492,6,95,canteros,317,109,1,234,157,0,0,0,18,48,0,0,0,3,,0,0
1492,6,96,canteros,317,109,1,248,144,0,0,0,18,38,0,0,0,3,,0,0
1492,6,97,canteros,317,105,1,248,120,0,0,0,18,38,0,0,0,3,1,15,0
1492,6,98,canteros,317,105,1,215,113,0,0,0,16,36,0,0,0,3,,0,0
1492,6,99,canteros,317,105,1,182,106,0,0,0,16,36,0,0,0,3,,0,0
1492,6,100,canteros,317,105,1,149,100,0,0,0,16,36,0,0,0,3,,0,0
1492,6,101,canteros,317,105,1,163,99,0,0,0,21,41,0,0,0,3,,0,0
1492,6,102,canteros,317,105,1,187,91,0,0,0,21,51,0,0,0,3,,0,0
1492,6,103,canteros,317,105,1,179,70,0,0,0,21,51,0,0,0,3,1,20,0
1492,6,104,canteros,317,105,1,168,67,0,2,0,21,51,0,0,0,3,,0,0
1492,6,105,canteros,325,105,1,187,65,0,0,0,21,51,0,0,0,3,,0,0
1492,6,106,canteros,325,105,1,211,59,0,0,0,21,51,0,0,0,3,,0,0
1492,6,107,canteros,325,105,1,235,73,0,0,0,43,73,0,0,0,3,,0,0
1492,6,108,canteros,325,105,1,259,87,0,0,0,43,73,0,0,0,3,,0,0
1492,6,109,canteros,325,105,1,235,100,0,0,0,43,73,0,0,0,3,1,12,0
1492,6,110,canteros,325,105,1,173,117,0,2,0,43,73,0,0,0,3,,0,0
1492,6,111,canteros,325,105,1,174,133,0,4,0,43,73,0,0,0,3,,0,0
1492,6,112,canteros,325,105,1,198,145,0,0,0,43,73,0,0,0,3,,0,0
1492,6,113,canteros,325,105,1,222,141,0,0,0,27,57,0,0,0,3,,0,0
1492,6,114,canteros,325,105,1,246,137,0,0,0,27,57,0,0,0,3,,0,0
1492,6,115,canteros,325,105,1,281,133,0,0,0,27,57,0,0,0,3,1,13,0
1492,6,116,canteros,333,105,1,258,136,0,0,0,27,57,0,0,0,3,,0,0
1492,6,117,canteros,333,105,1,235,139,0,0,0,27,57,0,0,0,3,,0,0
1492,6,118,canteros,333,105,1,218,142,0,0,0,27,57,0,0,0,3,,0,0
1492,6,119,canteros,333,105,1,242,134,0,0,0,16,46,0,0,0,3,,0,0
1492,6,120,canteros,333,105,1,256,120,0,0,0,16,36,0,0,0,3,,0,0
1492,6,121,canteros,333,105,1,282,106,0,0,0,16,36,0,0,0,3,1,11,0
1492,6,122,canteros,333,105,1,255,103,0,0,0,16,36,0,0,0,3,,0,0
1492,6,123,canteros,333,105,1,228,100,0,0,0,16,36,0,0,0,3,,0,0
1492,6,124,canteros,333,105,1,201,97,0,0,0,16,36,0,0,0,3,,0,0
1492,6,125,canteros,333,105,1,186,99,0,0,0,21,41,0,0,0,3,,0,0
1492,6,126,canteros,333,105,1,210,98,0,0,0,21,51,0,0,0,3,,0,0
1492,6,127,canteros,333,109,1,225,91,0,0,0,21,51,0,0,0,3,1,10,0
1492,6,128,canteros,333,109,1,194,89,0,2,0,21,51,0,0,0,3,,0,0
1492,6,129,canteros,333,109,1,205,89,0,1,0,21,51,0,0,0,3,,0,0
1492,6,130,canteros,333,109,1,229,83,0,1,0,21,51,0,0,0,3,,0,0
1492,6,131,canteros,333,109,1,253,96,0,1,0,43,73,0,0,0,3,,0,0
1492,6,132,canteros,333,109,1,277,108,0,1,0,43,73,0,0,0,3,,0,0
1492,6,133,canteros,333,105,1,272,110,0,1,0,43,73,0,0,0,3,1,15,0
1492,6,134,canteros,333,105,1,241,129,0,2,0,43,73,0,0,0,3,,0,0
1492,6,135,canteros,333,105,1,210,148,0,3,0,43,73,0,0,0,3,,0,0
1492,6,136,canteros,333,105,1,205,166,0,4,0,43,73,0,0,0,3,,0,0
1492,6,137,canteros,333,105,1,208,171,0,0,0,27,57,0,0,0,3,,0,0
1492,6,138,canteros,333,105,1,232,171,0,0,0,27,57,0,0,0,3,,0,0
1492,6,139,canteros,333,105,1,322,153,0,0,0,27,57,0,0,0,3,1,11,0
1492,6,140,canteros,333,105,1,346,148,0,0,0,27,57,0,0,0,3,,0,0
1492,6,141,canteros,341,105,1,370,144,0,0,0,27,57,0,0,0,3,,0,0
1492,6,142,canteros,341,105,1,394,140,0,0,0,27,57,0,0,0,3,,0,0
1492,6,143,canteros,341,105,1,418,125,0,0,0,16,46,0,0,0,3,,0,0
1492,6,144,canteros,341,105,1,432,111,0,0,0,16,36,0,0,0,3,,0,0
1492,6,145,canteros,341,105,1,417,97,0,0,0,16,36,0,0,0,3,1,14,0
1492,6,146,canteros,341,105,1,402,91,0,0,0,16,36,0,0,0,3,,0,0
1492,6,147,canteros,341,105,1,375,85,0,0,0,16,36,0,0,0,3,,0,0
1492,6,148,canteros,341,105,1,348,73,0,0,0,16,36,0,0,0,3,,0,0
1492,6,149,canteros,341,105,1,321,76,0,0,0,21,41,0,0,0,3,,0,0
1492,6,150,canteros,341,105,1,304,79,0,0,0,21,51,0,0,0,3,,0,0
1492,6,151,canteros,349,105,1,359,82,0,0,0,21,51,0,0,0,3,1,18,0
1492,6,152,canteros,349,105,1,315,78,0,2,0,21,51,0,0,0,3,,0,0
1492,6,153,canteros,349,105,1,271,76,0,2,0,21,51,0,0,0,3,,0,0
1492,6,154,canteros,349,105,1,266,74,0,2,0,21,51,0,0,0,3,,0,0
1492,6,155,canteros,349,105,1,281,97,0,0,0,43,73,0,0,0,3,,0,0
1492,6,156,canteros,349,105,1,305,112,0,0,0,43,73,0,0,0,3,,0,0
1492,6,157,canteros,349,105,1,397,124,0,0,0,43,73,0,0,0,3,1,17,0
1492,6,158,canteros,349,105,1,353,140,0,2,0,43,73,0,0,0,3,,0,0
1492,6,159,canteros,349,105,1,309,155,0,4,0,43,73,0,0,0,3,,0,0
1492,6,160,canteros,349,105,1,304,173,0,2,0,43,73,0,0,0,3,,0,0
1492,6,161,canteros,349,105,1,319,175,0,2,0,27,57,0,0,0,3,,0,0
1492,6,162,canteros,349,105,1,343,171,0,2,0,27,57,0,0,0,3,,0,0
1492,6,163,canteros,349,109,1,508,166,0,2,0,27,57,0,0,0,3,1,5,0
1492,6,164,canteros,349,109,1,532,160,0,2,0,27,57,0,0,0,3,,0,0
1492,6,165,canteros,349,109,1,556,154,0,2,0,27,57,0,0,0,3,,0,0
1492,6,166,canteros,349,109,1,580,148,0,2,0,27,57,0,0,0,3,,0,0
1492,6,167,canteros,349,109,1,604,132,0,2,0,16,46,0,0,0,3,,0,0
1492,6,168,canteros,349,109,1,618,117,0,2,0,16,36,0,0,0,3,,0,0
1492,6,169,canteros,349,105,1,647,95,0,0,0,16,36,0,0,0,3,1,17,0
1492,6,170,canteros,349,105,1,632,89,0,0,0,16,36,0,0,0,3,,0,0
1492,6,171,canteros,349,105,1,617,83,0,0,0,16,36,0,0,0,3,,0,0
1492,6,172,canteros,349,105,1,602,78,0,0,0,16,36,0,0,0,3,,0,0
1492,6,173,canteros,349,105,1,575,78,0,0,0,21,41,0,0,0,3,,0,0
1492,6,174,canteros,349,105,1,558,81,0,0,0,21,51,0,0,0,3,,0,0
1492,6,175,canteros,349,105,1,633,70,0,0,0,21,51,0,0,0,3,1,31,0
1492,6,176,canteros,349,105,1,589,67,0,2,0,21,51,0,0,0,3,,0,0
1492,6,177,canteros,357,105,1,545,65,0,2,0,21,51,0,0,0,3,,0,0
1492,6,178,canteros,357,105,1,489,63,0,2,0,21,51,0,0,0,3,,0,0
1492,6,179,canteros,357,105,1,433,86,0,2,0,43,73,0,0,0,3,,0,0
1492,6,180,canteros,357,105,1,377,106,0,4,0,43,73,0,0,0,3,,0,0
1492,6,181,canteros,357,105,1,567,128,0,3,0,43,73,0,0,0,3,1,16,0
1492,6,182,canteros,357,105,1,562,150,0,0,0,43,73,0,0,0,3,,0,0
1492,6,183,canteros,357,105,1,557,168,0,0,0,43,73,0,0,0,3,,0,0
1492,6,184,canteros,357,105,1,552,183,0,0,0,43,73,0,0,0,3,,0,0
1492,6,185,canteros,357,105,1,535,184,0,0,0,27,57,0,0,0,3,,0,0
1492,6,186,canteros,357,105,1,518,188,0,0,0,27,57,0,0,0,3,,0,0
1492,6,187,canteros,357,105,1,662,192,0,0,0,27,57,0,0,0,3,1,2,0
1492,6,188,canteros,357,105,1,686,186,0,0,0,27,57,0,0,0,3,,0,0
1492,6,189,canteros,365,105,1,710,180,0,0,0,27,57,0,0,0,3,,0,0
1492,6,190,canteros,365,105,1,734,174,0,0,0,27,57,0,0,0,3,,0,0
1492,6,191,canteros,365,105,1,758,158,0,0,0,16,46,0,0,0,3,,0,0
1492,6,192,canteros,365,105,1,772,143,0,0,0,16,36,0,0,0,3,,0,0
1492,6,193,canteros,365,105,1,806,128,0,0,0,16,36,0,0,0,3,1,16,0
1492,6,194,canteros,365,105,1,791,121,0,0,0,16,36,0,0,0,3,,0,0
1492,6,195,canteros,365,105,1,776,114,0,0,0,16,36,0,0,0,3,,0,0
1492,6,196,canteros,365,105,1,761,107,0,0,0,16,36,0,0,0,3,,0,0
1492,6,197,canteros,365,105,1,734,105,0,0,0,21,41,0,0,0,3,,0,0
1492,6,198,canteros,365,105,1,717,106,0,0,0,21,51,0,0,0,3,,0,0
1492,6,199,canteros,365,109,1,802,108,0,0,0,21,51,0,0,0,3,1,22,0
1492,6,200,canteros,365,109,1,758,102,0,2,0,21,51,0,0,0,3,,0,0
1492,6,1,ferrones,25,46,1,45,63,0,0,0,7,17,0,0,0,0,1,7,0
1492,6,2,ferrones,25,46,1,45,55,0,0,0,7,11,0,0,0,0,,0,0
1492,6,3,ferrones,25,46,1,45,48,0,0,0,7,11,0,0,0,0,,0,0
1492,6,4,ferrones,25,46,1,45,41,0,0,0,7,11,0,0,0,0,,0,0
1492,6,5,ferrones,25,46,1,45,34,0,0,0,7,11,0,1,0,0,,0,0
1492,6,6,ferrones,25,46,1,57,29,0,0,0,7,23,0,0,0,0,,0,0
1492,6,7,ferrones,25,46,1,69,24,0,0,0,7,23,0,0,0,0,1,1,0
1492,6,8,ferrones,25,46,1,81,20,0,0,0,7,23,0,0,0,0,,0,0
1492,6,9,ferrones,25,46,1,93,16,0,0,0,7,23,0,0,0,0,,0,0
1492,6,10,ferrones,25,46,1,105,12,0,0,0,7,23,0,0,0,0,,0,0
1492,6,11,ferrones,25,46,1,117,20,0,0,0,19,35,0,0,0,0,,0,0
1492,6,12,ferrones,25,46,1,129,27,0,0,0,19,35,0,0,0,0,,0,0
1492,6,13,ferrones,25,48,1,73,34,0,0,0,19,35,0,0,0,0,1,6,0
1492,6,14,ferrones,26,50,1,85,43,0,1,0,19,35,0,0,0,0,,0,0
1492,6,15,ferrones,26,52,1,99,49,0,0,0,19,37,0,0,0,0,,0,0
1492,6,16,ferrones,26,54,1,113,53,0,0,0,19,37,0,0,0,0,,0,0
1492,6,17,ferrones,26,54,1,127,50,0,0,0,12,30,0,0,0,0,,0,0
1492,6,18,ferrones,26,54,1,141,48,0,0,0,12,30,0,0,0,0,,0,0
1492,6,19,ferrones,26,50,1,92,36,0,0,0,12,30,0,0,0,0,1,8,0
1492,6,20,ferrones,26,50,1,78,38,0,0,0,12,30,0,0,0,0,,0,0
1492,6,21,ferrones,26,50,1,92,35,0,0,0,12,30,0,1,0,0,,0,0
1492,6,22,ferrones,26,50,1,106,34,0,0,0,12,34,0,0,0,0,,0,0
1492,6,23,ferrones,26,50,1,120,28,0,0,0,7,29,0,0,0,0,,0,0
1492,6,24,ferrones,26,50,1,129,23,0,0,0,7,24,0,0,0,0,,0,0
1492,6,25,ferrones,26,50,1,95,18,0,0,0,7,24,0,0,0,0,1,4,0
1492,6,26,ferrones,26,50,1,104,19,0,0,0,7,24,0,0,0,0,,0,0
1492,6,27,ferrones,26,50,1,113,14,0,0,0,7,24,0,0,0,0,,0,0
1492,6,28,ferrones,26,50,1,122,9,0,0,0,7,24,0,0,0,0,,0,0
1492,6,29,ferrones,26,50,1,131,6,0,0,0,9,26,0,0,0,0,,0,0
1492,6,30,ferrones,26,50,1,145,3,0,0,0,9,31,0,0,0,0,,0,0
1492,6,31,ferrones,26,50,1,106,0,0,0,0,9,31,0,0,0,0,1,7,0
1492,6,32,ferrones,25,50,1,110,4,0,1,0,9,31,1,0,0,0,,0,0
1492,6,33,ferrones,25,50,1,124,3,0,0,0,9,31,0,0,0,0,,0,0
1492,6,34,ferrones,25,50,1,138,0,0,0,0,9,31,0,0,0,0,,0,0
1492,6,35,ferrones,25,50,1,152,7,0,0,0,19,41,0,0,0,0,,0,0
1492,6,36,ferrones,25,50,1,166,14,0,0,0,19,41,0,0,0,0,,0,0
1492,6,37,ferrones,25,50,1,108,21,0,0,0,19,41,0,0,0,0,1,7,0
1492,6,38,ferrones,25,50,1,117,26,0,2,0,13,35,0,0,0,0,,0,0
1492,6,39,ferrones,25,50,1,131,26,0,1,0,13,35,0,1,0,0,,0,0
1492,6,40,ferrones,25,50,1,145,27,0,0,0,13,35,0,0,0,0,,0,0
1492,6,41,ferrones,25,50,1,159,23,0,0,0,8,30,0,0,0,0,,0,0
1492,6,42,ferrones,25,50,1,173,19,0,0,0,8,30,0,0,0,0,,0,0
1492,6,43,ferrones,25,50,1,156,15,0,0,0,8,30,0,0,0,0,1,7,0
1492,6,44,ferrones,25,50,1,123,22,0,0,0,12,34,0,0,0,0,,0,0
1492,6,45,ferrones,25,50,1,137,26,0,0,0,12,34,0,0,0,0,,0,0
1492,6,46,ferrones,25,50,1,151,25,0,0,0,12,34,0,0,0,0,,0,0
1492,6,47,ferrones,25,50,1,165,20,0,0,0,7,29,0,0,0,0,,0,0
1492,6,48,ferrones,25,50,1,174,15,0,0,0,7,24,0,0,0,0,,0,0
1492,6,49,ferrones,25,50,1,152,10,0,0,0,7,24,0,0,0,0,1,7,0
1492,6,50,ferrones,25,50,1,109,12,0,0,0,7,24,0,0,0,0,,0,0
1492,6,51,ferrones,25,50,1,118,10,0,0,0,7,24,0,0,0,0,,0,0
1492,6,52,ferrones,25,50,1,127,3,0,0,0,7,24,0,1,0,0,,0,0
1492,6,53,ferrones,25,50,1,136,0,0,0,0,9,26,0,0,0,0,,0,0
1492,6,54,ferrones,24,50,1,150,0,0,0,0,9,31,1,0,0,0,,0,0
1492,6,55,ferrones,23,50,1,124,0,0,0,0,9,31,1,0,0,0,1,8,0
1492,6,56,ferrones,21,49,1,124,4,0,1,0,9,31,1,0,0,0,,0,0
1492,6,57,ferrones,21,49,1,136,2,0,0,0,9,29,0,0,0,0,,0,0
1492,6,58,ferrones,20,49,1,148,0,0,0,0,9,29,1,0,0,0,,0,0
1492,6,59,ferrones,20,49,1,160,7,0,0,0,19,39,0,0,0,0,,0,0
1492,6,60,ferrones,20,49,1,172,14,0,0,0,19,39,0,0,0,0,,0,0
1492,6,61,ferrones,20,49,1,111,21,0,0,0,19,39,0,0,0,0,1,8,0
1492,6,62,ferrones,21,51,1,109,31,0,2,0,19,39,0,0,0,0,,0,0
1492,6,63,ferrones,21,53,1,123,33,0,1,0,13,35,0,0,0,0,,0,0
1492,6,64,ferrones,22,55,1,137,33,0,0,0,13,35,0,0,0,0,,0,0
1492,6,65,ferrones,22,55,1,151,27,0,0,0,8,30,0,0,0,0,,0,0
1492,6,66,ferrones,22,55,1,165,22,0,0,0,8,30,0,0,0,0,,0,0
1492,6,67,ferrones,22,55,1,150,17,0,0,0,8,30,0,0,0,0,1,7,0
1492,6,68,ferrones,22,55,1,121,19,0,0,0,8,30,0,0,0,0,,0,0
1492,6,69,ferrones,22,55,1,135,23,0,0,0,12,34,0,0,0,0,,0,0
1492,6,70,ferrones,22,55,1,149,22,0,0,0,12,34,0,0,0,0,,0,0
1492,6,71,ferrones,22,55,1,163,16,0,0,0,7,29,0,0,0,0,,0,0
1492,6,72,ferrones,22,55,1,172,10,0,0,0,7,24,0,0,0,0,,0,0
1492,6,73,ferrones,22,55,1,149,4,0,0,0,7,24,0,0,0,0,1,7,0
1492,6,74,ferrones,21,55,1,111,7,0,0,0,7,24,1,0,0,0,,0,0
1492,6,75,ferrones,21,55,1,120,5,0,0,0,7,24,0,0,0,0,,0,0
1492,6,76,ferrones,20,55,1,129,0,0,0,0,7,24,1,0,0,0,,0,0
1492,6,77,ferrones,19,55,1,138,0,0,0,0,9,26,1,0,0,0,,0,0
1492,6,78,ferrones,17,54,1,152,0,0,0,0,9,31,1,0,0,0,,0,0
1492,6,79,ferrones,16,53,1,124,0,0,0,0,9,31,1,0,0,0,1,7,0
1492,6,80,ferrones,15,52,1,123,4,0,1,0,9,31,1,0,0,0,,0,0
1492,6,81,ferrones,15,52,1,137,3,0,1,0,9,31,0,0,0,0,,0,0
1492,6,82,ferrones,14,52,1,151,0,0,1,0,9,31,1,0,0,0,,0,0
1492,6,83,ferrones,14,52,1,165,6,0,0,0,19,41,0,0,0,0,,0,0
1492,6,84,ferrones,14,52,1,179,12,0,0,0,19,41,0,0,0,0,,0,0
1492,6,85,ferrones,14,52,1,121,18,0,0,0,19,41,0,0,0,0,1,7,0
1492,6,86,ferrones,14,52,1,115,28,0,2,0,19,41,0,0,0,0,,0,0
1492,6,87,ferrones,14,54,1,129,38,0,1,0,19,41,0,0,0,0,,0,0
1492,6,88,ferrones,15,56,1,143,44,0,0,0,19,41,0,0,0,0,,0,0
1492,6,89,ferrones,15,56,1,157,41,0,0,0,12,34,0,0,0,0,,0,0
1492,6,90,ferrones,15,56,1,171,38,0,0,0,12,34,0,0,0,0,,0,0
1492,6,91,ferrones,14,52,1,137,12,0,0,0,12,34,0,0,0,0,1,15,0
1492,6,92,ferrones,14,52,1,107,18,0,0,0,12,34,0,0,0,0,,0,0
1492,6,93,ferrones,32,52,1,116,24,0,0,0,12,34,0,0,0,1,,0,0
1492,6,94,ferrones,32,52,1,130,24,0,0,0,12,34,0,0,0,1,,0,0
1492,6,95,ferrones,32,52,1,144,18,0,0,0,7,29,0,0,0,1,,0,0
1492,6,96,ferrones,32,52,1,153,12,0,0,0,7,24,0,0,0,1,,0,0
1492,6,97,ferrones,32,52,1,130,6,0,0,0,7,24,0,0,0,1,1,6,0
1492,6,98,ferrones,32,52,1,109,7,0,0,0,7,24,0,0,0,1,,0,0
1492,6,99,ferrones,32,52,1,118,7,0,0,0,7,24,0,0,0,1,,0,0
1492,6,100,ferrones,32,52,1,127,1,0,0,0,7,24,0,0,0,1,,0,0
1492,6,101,ferrones,31,52,1,136,0,0,0,0,9,26,1,0,0,1,,0,0
1492,6,102,ferrones,30,52,1,150,0,0,0,0,9,31,1,0,0,1,,0,0
1492,6,103,ferrones,30,55,1,126,3,0,0,0,9,31,1,0,0,1,1,8,0
1492,6,104,ferrones,28,54,1,125,4,0,1,0,9,31,1,0,0,1,,0,0
1492,6,105,ferrones,28,54,1,139,3,0,1,0,9,31,0,0,0,1,,0,0
1492,6,106,ferrones,27,54,1,153,0,0,1,0,9,31,1,0,0,1,,0,0
1492,6,107,ferrones,27,54,1,167,10,0,0,0,23,45,0,0,0,1,,0,0
1492,6,108,ferrones,27,54,1,181,20,0,0,0,23,45,0,0,0,1,,0,0
1492,6,109,ferrones,27,54,1,126,29,0,0,0,23,45,0,0,0,1,1,7,0
1492,6,110,ferrones,28,56,1,120,42,0,2,0,23,45,0,0,0,1,,0,0
1492,6,111,ferrones,28,58,1,134,54,0,0,0,23,45,0,0,0,1,,0,0
1492,6,112,ferrones,29,60,1,148,61,0,0,0,23,45,0,0,0,1,,0,0
1492,6,113,ferrones,29,60,1,164,56,0,0,0,12,36,0,0,0,1,,0,0
1492,6,114,ferrones,29,60,1,180,51,0,0,0,12,36,0,0,0,1,,0,0
1492,6,115,ferrones,28,56,1,150,37,0,0,0,12,36,0,0,0,1,1,10,0
1492,6,116,ferrones,28,56,1,111,41,0,0,0,12,34,0,0,0,1,,0,0
1492,6,117,ferrones,28,56,1,120,45,0,0,0,12,34,0,0,0,1,,0,0
1492,6,118,ferrones,28,56,1,134,43,0,0,0,12,34,0,0,0,1,,0,0
1492,6,119,ferrones,28,56,1,148,35,0,0,0,7,29,0,0,0,1,,0,0
1492,6,120,ferrones,28,56,1,157,27,0,0,0,7,24,0,0,0,1,,0,0
1492,6,121,ferrones,28,56,1,138,20,0,0,0,7,24,0,0,0,1,1,6,0
1492,6,122,ferrones,28,56,1,112,20,0,0,0,7,24,0,0,0,1,,0,0
1492,6,123,ferrones,28,56,1,121,20,0,0,0,7,24,0,0,0,1,,0,0
1492,6,124,ferrones,28,56,1,130,13,0,0,0,7,24,0,0,0,1,,0,0
1492,6,125,ferrones,28,56,1,139,8,0,0,0,9,26,0,0,0,1,,0,0
1492,6,126,ferrones,28,56,1,153,3,0,0,0,9,31,0,0,0,1,,0,0
1492,6,127,ferrones,27,56,1,121,0,0,0,0,9,31,1,0,0,1,1,7,0
1492,6,128,ferrones,26,56,1,115,4,0,1,0,9,31,1,0,0,1,,0,0
1492,6,129,ferrones,25,55,1,129,4,0,1,0,9,31,1,0,0,1,,0,0
1492,6,130,ferrones,25,55,1,143,0,0,1,0,9,31,0,0,0,1,,0,0
1492,6,131,ferrones,25,55,1,157,6,0,0,0,19,41,0,0,0,1,,0,0
1492,6,132,ferrones,25,55,1,171,12,0,0,0,19,41,0,0,0,1,,0,0
1492,6,133,ferrones,25,55,1,114,18,0,0,0,19,41,0,0,0,1,1,7,0
1492,6,134,ferrones,25,55,1,118,28,0,2,0,19,41,0,0,0,1,,0,0
1492,6,135,ferrones,25,57,1,132,36,0,1,0,19,41,0,0,0,1,,0,0
1492,6,136,ferrones,25,59,1,146,41,0,0,0,19,41,0,0,0,1,,0,0
1492,6,137,ferrones,25,59,1,160,38,0,0,0,12,34,0,0,0,1,,0,0
1492,6,138,ferrones,25,59,1,174,35,0,0,0,12,34,0,0,0,1,,0,0
1492,6,139,ferrones,25,59,1,157,32,0,0,0,12,34,0,0,0,1,1,9,0
1492,6,140,ferrones,25,59,1,127,36,0,0,0,12,34,0,0,0,1,,0,0
1492,6,141,ferrones,25,59,1,136,40,0,0,0,12,34,0,0,0,1,,0,0
1492,6,142,ferrones,25,59,1,150,38,0,0,0,12,34,0,0,0,1,,0,0
1492,6,143,ferrones,25,59,1,164,30,0,0,0,7,29,0,0,0,1,,0,0
1492,6,144,ferrones,25,59,1,173,23,0,0,0,7,24,0,0,0,1,,0,0
1492,6,145,ferrones,25,59,1,150,16,0,0,0,7,24,0,0,0,1,1,9,0
1492,6,146,ferrones,25,59,1,115,16,0,0,0,7,24,0,0,0,1,,0,0
1492,6,147,ferrones,25,59,1,119,16,0,0,0,7,24,0,0,0,1,,0,0
1492,6,148,ferrones,25,59,1,128,10,0,0,0,7,24,0,0,0,1,,0,0
1492,6,149,ferrones,25,59,1,137,5,0,0,0,9,26,0,0,0,1,,0,0
1492,6,150,ferrones,25,59,1,151,0,0,0,0,9,31,0,0,0,1,,0,0
1492,6,151,ferrones,24,59,1,111,0,0,0,0,9,31,1,0,0,1,1,9,0
1492,6,152,ferrones,23,59,1,120,1,0,2,0,9,31,1,0,0,1,,0,0
1492,6,153,ferrones,22,58,1,134,1,0,2,0,9,31,1,0,0,1,,0,0
1492,6,154,ferrones,21,57,1,148,0,0,2,0,9,31,1,0,0,1,,0,0
1492,6,155,ferrones,21,57,1,162,5,0,1,0,19,41,0,0,0,1,,0,0
1492,6,156,ferrones,21,57,1,176,10,0,0,0,19,41,0,0,0,1,,0,0
1492,6,157,ferrones,21,57,1,157,15,0,0,0,19,41,0,0,0,1,1,9,0
1492,6,158,ferrones,21,57,1,142,21,0,2,0,19,41,0,0,0,1,,0,0
1492,6,159,ferrones,21,59,1,156,30,0,1,0,19,41,0,0,0,1,,0,0
1492,6,160,ferrones,22,61,1,170,35,0,0,0,19,41,0,0,0,1,,0,0
1492,6,161,ferrones,22,61,1,186,31,0,0,0,12,36,0,0,0,1,,0,0
1492,6,162,ferrones,22,61,1,202,27,0,0,0,12,36,0,0,0,1,,0,0
1492,6,163,ferrones,22,61,1,222,24,0,0,0,12,36,0,0,0,1,1,10,0
1492,6,164,ferrones,22,61,1,176,25,0,0,0,12,36,0,0,0,1,,0,0
1492,6,165,ferrones,22,61,1,162,29,0,0,0,12,36,0,0,0,1,,0,0
1492,6,166,ferrones,22,61,1,178,31,0,0,0,12,36,0,0,0,1,,0,0
1492,6,167,ferrones,22,61,1,194,23,0,0,0,7,31,0,0,0,1,,0,0
1492,6,168,ferrones,22,61,1,204,15,0,0,0,7,25,0,0,0,1,,0,0
1492,6,169,ferrones,22,61,1,225,7,0,0,0,7,25,0,0,0,1,1,14,0
1492,6,170,ferrones,21,61,1,188,4,0,0,0,7,25,1,0,0,1,,0,0
1492,6,171,ferrones,20,61,1,154,4,0,0,0,7,25,1,0,0,1,,0,0
1492,6,172,ferrones,19,60,1,159,7,0,0,0,7,25,1,0,0,1,,0,0
1492,6,173,ferrones,19,60,1,169,2,0,0,0,9,27,0,0,0,1,,0,0
1492,6,174,ferrones,18,60,1,185,0,0,0,0,9,33,1,0,0,1,,0,0
1492,6,175,ferrones,17,60,1,192,0,0,0,0,9,33,1,0,0,1,1,12,0
1492,6,176,ferrones,15,59,1,176,1,0,2,0,9,33,1,0,0,1,,0,0
1492,6,177,ferrones,14,58,1,180,1,0,2,0,9,31,1,0,0,1,,0,0
1492,6,178,ferrones,13,57,1,194,2,0,2,0,8,30,1,0,0,1,,0,0
1492,6,179,ferrones,13,57,1,208,2,0,1,0,14,36,0,0,0,1,,0,0
1492,6,180,ferrones,13,57,1,222,2,0,0,0,14,36,0,0,0,1,,0,0
1492,6,181,ferrones,13,57,1,237,2,0,0,0,14,36,0,0,0,1,1,12,0
1492,6,182,ferrones,13,57,1,178,3,0,2,0,14,36,0,0,0,1,,0,0
1492,6,183,ferrones,13,57,1,187,7,0,2,0,14,36,0,0,0,1,,0,0
1492,6,184,ferrones,13,57,1,201,8,0,1,0,14,36,0,0,0,1,,0,0
1492,6,185,ferrones,13,57,1,215,4,0,0,0,10,32,0,0,0,1,,0,0
1492,6,186,ferrones,13,57,1,229,0,0,0,0,10,32,0,0,0,1,,0,0
1492,6,187,ferrones,12,57,1,267,0,0,0,0,10,32,1,0,0,1,1,14,0
1492,6,188,ferrones,11,57,1,234,4,0,0,0,10,32,1,0,0,1,,0,0
1492,6,189,ferrones,11,57,1,186,4,0,0,0,10,32,0,0,0,1,,0,0
1492,6,190,ferrones,11,57,1,190,7,0,0,0,10,32,0,0,0,1,,0,0
1492,6,191,ferrones,10,57,1,204,2,0,0,0,6,28,1,0,0,1,,0,0
1492,6,192,ferrones,9,57,1,213,0,0,0,0,6,23,1,0,0,1,,0,0
1492,6,193,ferrones,8,56,1,257,0,0,0,0,6,23,1,0,0,1,1,15,0
1492,6,194,ferrones,7,55,1,219,4,0,0,0,6,23,1,0,0,1,,0,0
1492,6,195,ferrones,5,54,1,181,4,0,0,0,5,21,1,0,0,1,,0,0
1492,6,196,ferrones,4,53,1,180,4,0,0,0,5,21,1,0,0,1,,0,0
1492,6,197,ferrones,3,52,1,189,2,0,0,0,7,23,1,0,0,1,,0,0
1492,6,198,ferrones,2,51,1,203,0,0,0,0,5,25,1,0,0,1,,0,0
1492,6,199,ferrones,1,50,1,230,0,0,0,0,5,25,1,0,0,1,1,12,0
1492,6,200,ferrones,-1,49,1,180,1,0,2,0,5,18,1,0,0,1,,0,0
1492,6,1,hortelanos,29,66,1,30,81,0,0,0,31,45,0,0,0,0,1,6,0
1492,6,2,hortelanos,29,66,1,32,91,0,0,0,31,37,0,0,0,0,,0,0
1492,6,3,hortelanos,94,66,1,34,100,0,0,0,31,37,0,0,0,1,,0,0
1492,6,4,hortelanos,94,66,1,36,109,0,0,0,31,37,0,0,0,1,,0,0
1492,6,5,hortelanos,94,66,1,38,129,0,0,0,43,49,0,1,0,1,,0,0
1492,6,6,hortelanos,94,66,1,54,150,0,0,0,43,63,0,0,0,1,,0,0
1492,6,7,hortelanos,93,62,1,50,151,0,0,0,43,63,0,0,0,1,1,11,0
1492,6,8,hortelanos,161,62,1,66,172,0,0,0,43,63,0,0,0,2,,0,0
1492,6,9,hortelanos,161,62,1,82,192,0,0,0,43,63,0,0,0,2,,0,0
1492,6,10,hortelanos,161,62,1,98,202,0,0,0,43,63,0,0,0,2,,0,0
1492,6,11,hortelanos,169,62,1,114,239,0,0,0,61,81,0,0,0,2,,0,0
1492,6,12,hortelanos,169,62,1,130,274,0,0,0,61,81,0,0,0,2,,0,0
1492,6,13,hortelanos,169,60,1,63,294,0,0,0,61,81,0,0,0,2,1,16,0
1492,6,14,hortelanos,169,60,1,79,317,0,2,0,61,81,0,0,0,2,,0,0
1492,6,15,hortelanos,169,60,1,95,339,0,2,0,61,81,0,0,0,2,,0,0
1492,6,16,hortelanos,169,60,1,111,360,0,2,0,61,81,0,0,0,2,,0,0
1492,6,17,hortelanos,169,60,1,127,363,0,2,0,43,63,0,0,0,2,,0,0
1492,6,18,hortelanos,169,60,1,143,366,0,2,0,43,63,0,0,0,2,,0,0
1492,6,19,hortelanos,169,60,1,233,358,0,2,0,43,63,0,0,0,2,1,29,0
1492,6,20,hortelanos,177,60,1,220,365,0,2,0,43,63,0,0,0,2,,0,0
1492,6,21,hortelanos,177,60,1,236,368,0,2,0,43,63,0,0,0,2,,0,0
1492,6,22,hortelanos,177,60,1,252,371,0,2,0,43,63,0,0,0,2,,0,0
1492,6,23,hortelanos,177,60,1,268,356,0,2,0,31,51,0,0,0,2,,0,0
1492,6,24,hortelanos,177,60,1,278,348,0,2,0,31,45,0,0,0,2,,0,0
1492,6,25,hortelanos,185,60,1,338,335,0,2,0,31,45,0,0,0,2,1,20,0
1492,6,26,hortelanos,185,60,1,278,334,0,2,0,31,45,0,0,0,2,,0,0
1492,6,27,hortelanos,185,60,1,218,332,0,2,0,31,45,0,0,0,2,,0,0
1492,6,28,hortelanos,185,63,1,218,323,0,2,0,31,45,0,1,0,2,,0,0
1492,6,29,hortelanos,186,66,1,228,314,0,2,0,31,45,0,0,0,2,,0,0
1492,6,30,hortelanos,186,69,1,244,304,0,2,0,31,51,0,1,0,2,,0,0
1492,6,31,hortelanos,187,72,1,349,294,0,2,0,36,56,0,0,0,2,1,21,0
1492,6,32,hortelanos,188,75,1,316,297,0,2,0,36,58,0,0,0,2,,0,0
1492,6,33,hortelanos,188,78,1,283,300,0,2,0,36,58,0,0,0,2,,0,0
1492,6,34,hortelanos,189,81,1,272,299,0,2,0,36,58,0,0,0,2,,0,0
1492,6,35,hortelanos,190,85,1,292,300,0,2,0,43,67,0,0,0,2,,0,0
1492,6,36,hortelanos,190,89,1,312,300,0,2,0,43,67,0,0,0,2,,0,0
1492,6,37,hortelanos,191,93,1,412,306,0,2,0,43,67,0,0,0,2,1,18,0
1492,6,38,hortelanos,191,93,1,383,310,0,2,0,43,69,0,0,0,2,,0,0
1492,6,39,hortelanos,191,93,1,354,314,0,2,0,43,69,0,0,0,2,,0,0
1492,6,40,hortelanos,191,93,1,325,318,0,2,0,43,69,0,0,0,2,,0,0
1492,6,41,hortelanos,191,93,1,303,323,0,2,0,45,71,0,0,0,2,,0,0
1492,6,42,hortelanos,191,93,1,325,322,0,2,0,45,71,0,0,0,2,,0,0
1492,6,43,hortelanos,191,90,1,354,266,0,2,0,45,71,0,0,0,2,1,23,0
1492,6,44,hortelanos,191,90,1,306,275,0,2,0,45,71,0,0,0,2,,0,0
1492,6,45,hortelanos,283,160,2,258,284,0,2,0,45,71,0,0,0,3,,0,0
1492,6,46,hortelanos,283,160,2,237,269,0,2,0,45,85,0,0,0,3,,0,0
1492,6,47,hortelanos,283,160,2,266,252,0,2,0,43,83,0,0,0,3,,0,0
1492,6,48,hortelanos,283,160,2,286,235,0,2,0,43,74,0,0,0,3,,0,0
1492,6,49,hortelanos,283,160,2,374,212,0,2,0,43,74,0,0,0,3,1,34,0
1492,6,50,hortelanos,283,160,2,351,213,0,2,0,52,83,0,0,0,3,,0,0
1492,6,51,hortelanos,291,160,2,328,214,0,2,0,52,83,0,2,0,3,,0,0
1492,6,52,hortelanos,291,160,2,295,241,0,2,0,76,107,0,0,0,3,,0,0
1492,6,53,hortelanos,291,160,2,272,264,0,2,0,76,107,0,0,0,3,,0,0
1492,6,54,hortelanos,291,163,2,291,282,0,2,0,76,116,0,2,0,3,,0,0
1492,6,55,hortelanos,292,166,2,368,295,0,2,0,76,116,0,0,0,3,1,22,0
1492,6,56,hortelanos,292,169,2,346,312,0,2,0,76,116,0,1,0,3,,0,0
1492,6,57,hortelanos,301,172,2,324,330,0,2,0,76,119,0,0,0,3,,0,0
1492,6,58,hortelanos,302,176,2,304,346,0,2,0,76,121,0,0,0,3,,0,0
1492,6,59,hortelanos,303,180,2,313,356,0,2,0,76,121,0,0,0,3,,0,0
1492,6,60,hortelanos,303,180,2,346,362,0,2,0,76,123,0,0,0,3,,0,0
1492,6,61,hortelanos,303,180,2,433,367,0,0,0,76,123,0,0,0,3,1,21,0
1492,6,62,hortelanos,311,180,2,396,380,0,0,0,76,123,0,0,0,3,,0,0
1492,6,63,hortelanos,311,180,2,359,392,0,0,0,76,123,0,0,0,3,,0,0
1492,6,64,hortelanos,311,180,2,322,404,0,0,0,76,123,0,0,0,3,,0,0
1492,6,65,hortelanos,311,180,2,355,408,0,0,0,76,123,0,0,0,3,,0,0
1492,6,66,hortelanos,311,180,2,388,412,0,0,0,76,123,0,0,0,3,,0,0
1492,6,67,hortelanos,311,180,2,459,373,0,0,0,76,123,0,0,0,3,1,28,0
1492,6,68,hortelanos,311,180,2,422,385,0,0,0,76,123,0,0,0,3,,0,0
1492,6,69,hortelanos,377,280,3,385,397,0,0,0,76,123,0,0,0,4,,0,0
1492,6,70,hortelanos,377,280,3,357,384,0,0,0,76,143,0,0,0,4,,0,0
1492,6,71,hortelanos,377,280,3,359,369,0,0,0,76,143,0,0,0,4,,0,0
1492,6,72,hortelanos,377,280,3,392,350,0,0,0,76,134,0,0,0,4,,0,0
1492,6,73,hortelanos,377,280,3,457,301,0,0,0,76,134,0,0,0,4,1,30,0
1492,6,74,hortelanos,377,280,3,447,279,0,0,0,76,134,0,0,0,4,,0,0
1492,6,75,hortelanos,394,325,4,437,269,0,0,0,76,134,0,2,0,4,,0,0
1492,6,76,hortelanos,394,327,4,426,281,0,0,0,105,171,0,1,0,4,,0,0
1492,6,77,hortelanos,394,329,4,415,290,0,0,0,105,171,0,0,0,4,,0,0
1492,6,78,hortelanos,396,335,4,413,298,0,0,0,105,180,0,2,0,4,,0,0
1492,6,79,hortelanos,405,341,4,446,269,0,0,0,105,182,0,0,0,4,1,34,0
1492,6,80,hortelanos,406,347,4,421,271,0,2,0,105,182,0,2,0,4,,0,0
1492,6,81,hortelanos,425,400,5,378,294,0,4,0,124,203,0,0,0,4,,0,0
1492,6,82,hortelanos,426,408,5,356,299,0,6,0,124,211,0,2,0,4,,0,0
1492,6,83,hortelanos,427,411,5,336,306,0,8,0,124,217,0,0,0,4,,0,0
1492,6,84,hortelanos,427,413,5,384,314,0,3,0,124,221,0,0,0,4,,0,0
1492,6,85,hortelanos,428,415,5,544,320,0,3,0,124,221,0,0,0,4,1,30,0
1492,6,86,hortelanos,428,417,5,538,327,0,3,0,124,221,0,1,0,4,,0,0
1492,6,87,hortelanos,428,419,5,547,342,0,3,0,134,231,0,1,0,4,,0,0
1492,6,88,hortelanos,429,420,5,546,362,0,3,0,138,235,0,0,0,4,,0,0
1492,6,89,hortelanos,429,420,5,557,375,0,3,0,134,233,0,1,0,4,,0,0
1492,6,90,hortelanos,429,420,5,568,396,0,3,0,141,240,0,0,0,4,,0,0
1492,6,91,hortelanos,429,424,5,662,378,0,3,0,141,240,0,0,0,4,1,26,0
1492,6,92,hortelanos,429,424,5,673,396,0,3,0,141,240,0,1,0,4,,0,0
1492,6,93,hortelanos,451,494,6,684,422,0,3,0,148,247,0,0,0,4,,0,0
1492,6,94,hortelanos,451,494,6,692,431,0,3,0,148,261,0,0,0,4,,0,0
1492,6,95,hortelanos,451,494,6,710,430,0,3,0,140,253,0,0,0,4,,0,0
1492,6,96,hortelanos,451,494,6,719,429,0,3,0,140,244,0,1,0,4,,0,0
1492,6,97,hortelanos,451,494,6,738,424,0,3,0,144,248,0,0,0,4,1,32,0
1492,6,98,hortelanos,451,494,6,747,425,0,3,0,144,248,0,0,0,4,,0,0
1492,6,99,hortelanos,451,494,6,756,426,0,3,0,144,248,0,1,0,4,,0,0
1492,6,100,hortelanos,451,494,6,747,432,0,3,0,147,251,0,1,0,4,,0,0
1492,6,101,hortelanos,451,494,6,756,442,0,3,0,152,256,0,0,0,4,,0,0
1492,6,102,hortelanos,451,494,6,774,452,0,3,0,152,265,0,1,0,4,,0,0
1492,6,103,hortelanos,451,494,6,850,454,0,3,0,155,268,0,0,0,4,1,30,0
1492,6,104,hortelanos,452,497,6,868,466,0,3,0,155,268,0,1,0,4,,0,0
1492,6,105,hortelanos,461,500,6,886,479,0,3,0,155,268,0,0,0,4,,0,0
1492,6,106,hortelanos,461,503,6,904,490,0,3,0,155,268,0,0,0,4,,0,0
1492,6,107,hortelanos,462,506,6,922,520,0,3,0,177,290,0,1,0,4,,0,0
1492,6,108,hortelanos,463,510,6,942,550,0,3,0,177,292,0,0,0,4,,0,0
1492,6,109,hortelanos,463,514,6,1020,577,0,3,0,177,292,0,0,0,4,1,25,0
1492,6,110,hortelanos,464,518,6,1042,602,0,3,0,177,294,0,0,0,4,,0,0
1492,6,111,hortelanos,465,522,6,1064,624,0,3,0,177,294,0,1,0,4,,0,0
1492,6,112,hortelanos,466,526,6,1086,646,0,3,0,177,294,0,0,0,4,,0,0
1492,6,113,hortelanos,467,530,6,1110,650,0,3,0,161,280,0,0,0,4,,0,0
1492,6,114,hortelanos,468,537,6,1134,651,0,3,0,161,280,0,1,0,4,,0,0
1492,6,115,hortelanos,469,544,6,1218,642,0,3,0,161,282,0,0,0,4,1,35,0
1492,6,116,hortelanos,479,551,6,1244,642,0,3,0,161,282,0,0,0,4,,0,0
1492,6,117,hortelanos,480,558,6,1270,641,0,3,0,161,282,0,0,0,4,,0,0
1492,6,118,hortelanos,482,565,6,1300,638,0,3,0,161,286,0,0,0,4,,0,0
1492,6,119,hortelanos,483,572,6,1330,613,0,3,0,150,275,0,0,0,4,,0,0
1492,6,120,hortelanos,484,579,6,1353,597,0,3,0,150,268,0,0,0,4,,0,0
1492,6,121,hortelanos,494,587,6,1436,580,0,3,0,150,270,0,0,0,4,1,25,0
1492,6,122,hortelanos,496,595,6,1461,562,0,3,0,150,270,0,0,0,4,,0,0
1492,6,123,hortelanos,497,600,6,1488,543,0,3,0,150,272,0,0,0,4,,0,0
1492,6,124,hortelanos,497,600,6,1517,523,0,3,0,150,274,0,0,0,4,,0,0
1492,6,125,hortelanos,497,604,6,1546,508,0,3,0,155,279,0,0,0,4,,0,0
1492,6,126,hortelanos,497,604,6,1586,493,0,3,0,155,290,0,0,0,4,,0,0
1492,6,127,hortelanos,497,604,6,1684,479,0,3,0,155,290,0,0,0,4,1,25,0
1492,6,128,hortelanos,497,604,6,1724,465,0,3,0,155,290,0,0,0,4,,0,0
1492,6,129,hortelanos,497,604,6,1764,452,0,3,0,155,290,0,0,0,4,,0,0
1492,6,130,hortelanos,497,604,6,1804,439,0,3,0,155,290,0,0,0,4,,0,0
1492,6,131,hortelanos,497,604,6,1844,448,0,3,0,177,312,0,0,0,4,,0,0
1492,6,132,hortelanos,497,604,6,1884,457,0,3,0,177,312,0,0,0,4,,0,0
1492,6,133,hortelanos,498,608,6,1876,427,0,3,0,177,312,0,0,0,4,1,21,0
1492,6,134,hortelanos,498,608,6,1936,436,0,3,0,177,312,0,0,0,4,,0,0
1492,6,135,hortelanos,519,673,7,1996,459,0,3,0,191,326,0,0,0,4,,0,0
1492,6,136,hortelanos,519,673,7,2054,465,0,3,0,191,338,0,0,0,4,,0,0
1492,6,137,hortelanos,519,673,7,2112,454,0,3,0,173,320,0,0,0,4,,0,0
1492,6,138,hortelanos,519,673,7,2170,443,0,3,0,173,320,0,0,0,4,,0,0
1492,6,139,hortelanos,518,669,7,2198,385,0,3,0,173,320,0,0,0,4,1,29,0
1492,6,140,hortelanos,519,673,7,2227,371,0,3,0,173,318,0,2,0,4,,0,0
1492,6,141,hortelanos,533,704,8,2265,379,0,3,0,192,339,0,0,0,4,,0,0
1492,6,142,hortelanos,534,705,8,2291,379,0,3,0,192,345,0,0,0,4,,0,0
1492,6,143,hortelanos,534,706,8,2321,367,0,3,0,180,333,0,0,0,4,,0,0
1492,6,144,hortelanos,534,707,8,2341,356,0,3,0,180,324,0,0,0,4,,0,0
1492,6,145,hortelanos,534,707,8,2419,307,0,3,0,180,324,0,0,0,4,1,32,0
1492,6,146,hortelanos,534,707,8,2438,296,0,3,0,180,324,0,0,0,4,,0,0
1492,6,147,hortelanos,552,757,9,2458,286,0,3,0,180,324,0,1,0,4,,0,0
1492,6,148,hortelanos,552,757,9,2459,269,0,3,0,184,338,0,0,0,4,,0,0
1492,6,149,hortelanos,552,757,9,2474,257,0,3,0,190,344,0,0,0,4,,0,0
1492,6,150,hortelanos,553,760,9,2505,260,0,3,0,205,368,0,1,0,4,,0,0
1492,6,151,hortelanos,553,763,9,2607,267,0,3,0,209,372,0,0,0,4,1,31,0
1492,6,152,hortelanos,554,766,9,2630,309,0,3,0,249,404,0,2,0,4,,0,0
1492,6,153,hortelanos,554,769,9,2646,361,0,3,0,258,413,0,0,0,4,,0,0
1492,6,154,hortelanos,555,772,9,2662,409,0,3,0,258,413,0,0,0,4,,0,0
1492,6,155,hortelanos,555,773,9,2687,489,0,3,0,294,451,0,0,0,4,,0,0
1492,6,156,hortelanos,556,775,9,2707,541,0,3,0,268,427,0,0,0,4,,0,0
1492,6,157,hortelanos,556,777,9,2819,543,0,1,0,270,429,0,0,0,4,1,35,0
1492,6,158,hortelanos,556,779,9,2841,594,0,1,0,270,429,0,0,0,4,,0,0
1492,6,159,hortelanos,580,856,10,2869,643,0,1,0,270,429,0,0,0,4,,0,0
1492,6,160,hortelanos,580,858,10,2892,671,0,1,0,270,443,0,0,0,4,,0,0
1492,6,161,hortelanos,589,860,10,2924,677,0,1,0,249,424,0,0,0,4,,0,0
1492,6,162,hortelanos,589,862,10,2949,682,0,1,0,249,424,0,0,0,4,,0,0
1492,6,163,hortelanos,589,864,10,2996,687,0,1,0,249,424,0,0,0,4,1,32,0
1492,6,164,hortelanos,590,866,10,3032,687,0,1,0,249,428,0,2,0,4,,0,0
1492,6,165,hortelanos,590,868,10,3061,689,0,1,0,256,435,0,0,0,4,,0,0
1492,6,166,hortelanos,590,868,10,3099,698,0,1,0,256,437,0,0,0,4,,0,0
1492,6,167,hortelanos,590,868,10,3134,693,0,1,0,241,422,0,0,0,4,,0,0
1492,6,168,hortelanos,598,868,10,3160,688,0,1,0,241,413,0,0,0,4,,0,0
1492,6,169,hortelanos,598,868,10,3243,683,0,1,0,241,413,0,0,0,4,1,25,0
1492,6,170,hortelanos,598,868,10,3269,678,0,1,0,241,413,0,0,0,4,,0,0
1492,6,171,hortelanos,598,868,10,3294,673,0,1,0,241,413,0,0,0,4,,0,0
1492,6,172,hortelanos,598,868,10,3320,669,0,1,0,241,413,0,0,0,4,,0,0
1492,6,173,hortelanos,598,868,10,3342,672,0,1,0,248,420,0,0,0,4,,0,0
1492,6,174,hortelanos,598,868,10,3373,674,0,1,0,248,429,0,0,0,4,,0,0
1492,6,175,hortelanos,599,872,10,3471,675,0,1,0,248,429,0,0,0,4,1,32,0
1492,6,176,hortelanos,759,872,10,3494,671,0,2,0,248,429,0,1,1,5,,0,0
1492,6,177,hortelanos,759,872,10,3524,699,0,3,0,279,460,0,0,0,5,,0,0
1492,6,178,hortelanos,759,872,10,3554,726,0,4,0,279,460,0,0,0,5,,0,0
1492,6,179,hortelanos,759,872,10,3584,780,0,5,0,308,489,0,0,0,5,,0,0
1492,6,180,hortelanos,759,872,10,3614,832,0,6,0,308,489,0,0,0,5,,0,0
1492,6,181,hortelanos,760,875,10,3726,872,0,7,0,308,489,0,1,0,5,1,26,0
1492,6,182,hortelanos,760,878,10,3764,925,0,7,0,308,489,0,0,0,5,,0,0
1492,6,183,hortelanos,761,882,10,3794,975,0,7,0,308,491,0,0,0,5,,0,0
1492,6,184,hortelanos,762,886,10,3834,1020,0,7,0,308,491,0,1,0,5,,0,0
1492,6,185,hortelanos,762,887,10,3874,1044,0,7,0,287,473,0,0,0,5,,0,0
1492,6,186,hortelanos,762,887,10,3916,1067,0,7,0,287,475,0,0,0,5,,0,0
1492,6,187,hortelanos,763,891,10,4036,1039,0,7,0,287,475,0,1,0,5,1,30,0
1492,6,188,hortelanos,764,895,10,4078,1061,0,7,0,287,475,0,0,0,5,,0,0
1492,6,189,hortelanos,790,946,11,4120,1081,0,7,0,287,475,0,0,0,5,,0,0
1492,6,190,hortelanos,791,952,11,4157,1088,0,7,0,287,485,0,0,0,5,,0,0
1492,6,191,hortelanos,792,958,11,4194,1077,0,7,0,272,470,0,0,0,5,,0,0
1492,6,192,hortelanos,794,967,11,4226,1065,0,7,0,272,465,0,1,0,5,,0,0
1492,6,193,hortelanos,796,976,11,4270,1054,0,7,0,272,465,0,0,0,5,1,30,0
1492,6,194,hortelanos,797,983,11,4304,1034,0,7,0,272,467,0,0,0,5,,0,0
1492,6,195,hortelanos,798,988,11,4340,1014,0,7,0,272,469,0,3,0,5,,0,0
1492,6,196,hortelanos,799,992,11,4376,1021,0,7,0,295,495,0,0,0,5,,0,0
1492,6,197,hortelanos,800,995,11,4414,1032,0,7,0,302,504,0,0,0,5,,0,0
1492,6,198,hortelanos,801,1002,11,4463,1042,0,7,0,302,515,0,1,0,5,,0,0
1492,6,199,hortelanos,802,1009,11,4570,1041,0,7,0,302,515,0,0,0,5,1,35,0
1492,6,200,hortelanos,811,1012,11,4611,1049,0,7,0,302,517,0,0,0,5,,0,0
1492,6,1,mercaderes,33,86,1,62,59,0,0,0,13,39,0,0,0,0,1,4,0
1492,6,2,mercaderes,33,86,1,74,48,0,0,0,13,29,0,0,0,0,,0,0
1492,6,3,mercaderes,33,86,1,86,37,0,0,0,13,29,0,1,0,0,,0,0
1492,6,4,mercaderes,33,86,1,98,28,0,0,0,13,29,0,0,0,0,,0,0
1492,6,5,mercaderes,33,86,1,110,20,0,0,0,13,29,0,0,0,0,,0,0
1492,6,6,mercaderes,33,86,1,130,12,0,0,0,13,37,0,0,0,0,,0,0
1492,6,7,mercaderes,33,86,1,80,4,0,0,0,13,37,0,0,0,0,1,6,0
1492,6,8,mercaderes,32,86,1,100,4,0,1,0,13,37,1,0,0,0,,0,0
1492,6,9,mercaderes,31,86,1,120,0,0,1,0,13,37,1,0,0,0,,0,0
1492,6,10,mercaderes,29,84,1,140,0,0,1,0,13,37,1,0,0,0,,0,0
1492,6,11,mercaderes,29,84,1,160,15,0,0,0,36,60,0,0,0,0,,0,0
1492,6,12,mercaderes,29,84,1,180,29,0,0,0,36,60,0,0,0,0,,0,0
1492,6,13,mercaderes,30,88,1,129,43,0,0,0,36,60,0,0,0,0,1,8,0
1492,6,14,mercaderes,31,90,1,125,59,0,2,0,36,60,0,0,0,0,,0,0
1492,6,15,mercaderes,31,90,1,147,76,0,0,0,36,62,0,0,0,0,,0,0
1492,6,16,mercaderes,31,90,1,169,87,0,0,0,36,62,0,0,0,0,,0,0
1492,6,17,mercaderes,31,90,1,191,84,0,0,0,22,48,0,0,0,0,,0,0
1492,6,18,mercaderes,31,90,1,213,81,0,0,0,22,48,0,0,0,0,,0,0
1492,6,19,mercaderes,31,90,1,200,69,0,0,0,22,48,0,0,0,0,1,13,0
1492,6,20,mercaderes,31,90,1,169,74,0,0,0,22,48,0,0,0,0,,0,0
1492,6,21,mercaderes,31,90,1,148,79,0,0,0,22,48,0,0,0,0,,0,0
1492,6,22,mercaderes,46,90,1,166,83,0,0,0,22,48,0,0,0,1,,0,0
1492,6,23,mercaderes,46,90,1,188,73,0,0,0,13,39,0,0,0,1,,0,0
1492,6,24,mercaderes,46,90,1,201,62,0,0,0,13,30,0,0,0,1,,0,0
1492,6,25,mercaderes,45,86,1,187,32,0,0,0,13,30,0,0,0,1,1,21,0
1492,6,26,mercaderes,63,86,1,146,31,0,0,0,13,29,0,0,0,2,,0,0
1492,6,27,mercaderes,63,86,1,125,30,0,0,0,13,29,0,0,0,2,,0,0
1492,6,28,mercaderes,63,86,1,137,19,0,0,0,13,29,0,0,0,2,,0,0
1492,6,29,mercaderes,71,86,1,149,16,0,0,0,18,34,0,0,0,2,,0,0
1492,6,30,mercaderes,71,86,1,169,13,0,0,0,18,42,0,0,0,2,,0,0
1492,6,31,mercaderes,71,86,1,138,10,0,0,0,18,42,0,0,0,2,1,8,0
1492,6,32,mercaderes,71,86,1,144,9,0,2,0,18,42,0,1,0,2,,0,0
1492,6,33,mercaderes,71,86,1,164,10,0,1,0,18,42,0,0,0,2,,0,0
1492,6,34,mercaderes,71,86,1,184,7,0,0,0,18,42,0,0,0,2,,0,0
1492,6,35,mercaderes,71,86,1,204,22,0,0,0,36,60,0,0,0,2,,0,0
1492,6,36,mercaderes,72,90,1,224,36,0,0,0,36,60,0,0,0,2,,0,0
1492,6,37,mercaderes,72,90,1,194,48,0,0,0,36,62,0,0,0,2,1,12,0
1492,6,38,mercaderes,72,90,1,154,62,0,2,0,36,62,0,1,0,2,,0,0
1492,6,39,mercaderes,72,90,1,162,79,0,1,0,36,62,0,0,0,2,,0,0
1492,6,40,mercaderes,72,90,1,184,94,0,1,0,36,62,0,0,0,2,,0,0
1492,6,41,mercaderes,72,90,1,206,91,0,1,0,22,48,0,0,0,2,,0,0
1492,6,42,mercaderes,72,90,1,228,88,0,1,0,22,48,0,0,0,2,,0,0
1492,6,43,mercaderes,72,90,1,237,69,0,1,0,22,48,0,0,0,2,1,24,0
1492,6,44,mercaderes,80,90,1,214,74,0,1,0,22,48,0,0,0,2,,0,0
1492,6,45,mercaderes,80,90,1,191,79,0,1,0,22,48,0,0,0,2,,0,0
1492,6,46,mercaderes,80,90,1,182,83,0,1,0,22,48,0,0,0,2,,0,0
1492,6,47,mercaderes,80,90,1,204,69,0,1,0,13,39,0,0,0,2,,0,0
1492,6,48,mercaderes,80,90,1,217,58,0,1,0,13,30,0,0,0,2,,0,0
1492,6,49,mercaderes,87,86,1,211,41,0,0,0,15,32,0,0,0,2,1,14,0
1492,6,50,mercaderes,87,86,1,170,39,0,0,0,15,31,0,0,0,2,,0,0
1492,6,51,mercaderes,87,86,1,139,37,0,0,0,15,31,0,1,0,2,,0,0
1492,6,52,mercaderes,87,86,1,144,37,0,0,0,15,31,0,0,0,2,,0,0
1492,6,53,mercaderes,87,86,1,156,35,0,0,0,18,34,0,0,0,2,,0,0
1492,6,54,mercaderes,87,86,1,176,31,0,0,0,18,42,0,0,0,2,,0,0
1492,6,55,mercaderes,87,86,1,157,27,0,0,0,18,42,0,0,0,2,1,9,0
1492,6,56,mercaderes,87,86,1,148,26,0,2,0,18,42,0,1,0,2,,0,0
1492,6,57,mercaderes,87,86,1,168,27,0,1,0,18,42,0,0,0,2,,0,0
1492,6,58,mercaderes,87,86,1,188,24,0,0,0,18,42,0,0,0,2,,0,0
1492,6,59,mercaderes,88,90,1,208,47,0,0,0,45,69,0,0,0,2,,0,0
1492,6,60,mercaderes,88,90,1,230,68,0,0,0,45,71,0,0,0,2,,0,0
1492,6,61,mercaderes,88,90,1,203,88,0,0,0,45,71,0,0,0,2,1,12,0
1492,6,62,mercaderes,88,90,1,164,111,0,2,0,45,71,0,0,0,2,,0,0
1492,6,63,mercaderes,88,90,1,165,133,0,3,0,45,71,0,0,0,2,,0,0
1492,6,64,mercaderes,88,90,1,187,154,0,3,0,45,71,0,0,0,2,,0,0
1492,6,65,mercaderes,88,90,1,209,151,0,3,0,25,51,0,0,0,2,,0,0
1492,6,66,mercaderes,88,90,1,231,148,0,3,0,25,51,0,0,0,2,,0,0
1492,6,67,mercaderes,88,90,1,253,131,0,3,0,25,51,0,0,0,2,1,14,0
1492,6,68,mercaderes,88,90,1,224,132,0,0,0,25,51,0,0,0,2,,0,0
1492,6,69,mercaderes,96,90,1,195,130,0,0,0,25,51,0,0,0,2,,0,0
1492,6,70,mercaderes,96,90,1,202,128,0,0,0,25,51,0,0,0,2,,0,0
1492,6,71,mercaderes,96,90,1,224,117,0,0,0,15,41,0,0,0,2,,0,0
1492,6,72,mercaderes,96,90,1,237,106,0,0,0,15,32,0,0,0,2,,0,0
1492,6,73,mercaderes,96,90,1,245,82,0,0,0,13,30,0,0,0,2,1,17,0
1492,6,74,mercaderes,96,90,1,205,78,0,0,0,13,30,0,0,0,2,,0,0
1492,6,75,mercaderes,104,90,1,165,74,0,0,0,13,30,0,0,0,2,,0,0
1492,6,76,mercaderes,104,90,1,162,70,0,0,0,13,30,0,0,0,2,,0,0
1492,6,77,mercaderes,104,90,1,175,69,0,0,0,18,35,0,0,0,2,,0,0
1492,6,78,mercaderes,104,90,1,197,63,0,0,0,18,44,0,0,0,2,,0,0
1492,6,79,mercaderes,104,90,1,178,45,0,0,0,18,44,0,0,0,2,1,19,0
1492,6,80,mercaderes,104,90,1,157,42,0,2,0,18,44,0,1,0,2,,0,0
1492,6,81,mercaderes,112,90,1,179,42,0,1,0,18,44,0,0,0,2,,0,0
1492,6,82,mercaderes,112,90,1,201,38,0,0,0,18,44,0,0,0,2,,0,0
1492,6,83,mercaderes,112,90,1,223,50,0,0,0,36,62,0,0,0,2,,0,0
1492,6,84,mercaderes,112,90,1,245,62,0,0,0,36,62,0,0,0,2,,0,0
1492,6,85,mercaderes,112,90,1,215,73,0,0,0,36,62,0,0,0,2,1,13,0
1492,6,86,mercaderes,112,90,1,168,88,0,2,0,36,62,0,0,0,2,,0,0
1492,6,87,mercaderes,112,90,1,177,97,0,2,0,36,62,0,0,0,2,,0,0
1492,6,88,mercaderes,112,90,1,192,111,0,2,0,36,62,0,0,0,2,,0,0
1492,6,89,mercaderes,112,90,1,214,109,0,2,0,22,48,0,0,0,2,,0,0
1492,6,90,mercaderes,120,90,1,236,105,0,2,0,22,48,0,0,0,2,,0,0
1492,6,91,mercaderes,120,90,1,261,101,0,2,0,22,48,0,0,0,2,1,13,0
1492,6,92,mercaderes,120,90,1,230,105,0,0,0,22,48,0,1,0,2,,0,0
1492,6,93,mercaderes,120,90,1,199,108,0,0,0,22,48,0,0,0,2,,0,0
1492,6,94,mercaderes,120,90,1,205,111,0,0,0,22,48,0,0,0,2,,0,0
1492,6,95,mercaderes,120,90,1,227,103,0,0,0,13,39,0,0,0,2,,0,0
1492,6,96,mercaderes,120,90,1,240,91,0,0,0,13,30,0,0,0,2,,0,0
1492,6,97,mercaderes,120,94,1,270,80,0,0,0,13,30,0,0,0,2,1,15,0
1492,6,98,mercaderes,120,94,1,238,73,0,0,0,13,30,0,0,0,2,,0,0
1492,6,99,mercaderes,120,94,1,206,66,0,0,0,13,30,0,1,0,2,,0,0
1492,6,100,mercaderes,120,94,1,174,61,0,0,0,13,30,0,0,0,2,,0,0
1492,6,101,mercaderes,120,94,1,187,61,0,0,0,18,35,0,0,0,2,,0,0
1492,6,102,mercaderes,120,94,1,209,54,0,0,0,18,44,0,0,0,2,,0,0
1492,6,103,mercaderes,120,94,1,210,48,0,0,0,18,44,0,0,0,2,1,11,0
1492,6,104,mercaderes,120,94,1,178,46,0,2,0,18,44,0,0,0,2,,0,0
1492,6,105,mercaderes,120,94,1,187,45,0,2,0,18,44,0,0,0,2,,0,0
1492,6,106,mercaderes,120,94,1,209,44,0,1,0,18,44,0,0,0,2,,0,0
1492,6,107,mercaderes,120,94,1,231,55,0,1,0,36,62,0,0,0,2,,0,0
1492,6,108,mercaderes,120,94,1,253,66,0,1,0,36,62,0,0,0,2,,0,0
1492,6,109,mercaderes,120,90,1,230,67,0,1,0,36,62,0,0,0,2,1,15,0
1492,6,110,mercaderes,120,90,1,183,82,0,2,0,36,62,0,0,0,2,,0,0
1492,6,111,mercaderes,120,90,1,162,99,0,1,0,36,62,0,0,0,2,,0,0
1492,6,112,mercaderes,120,90,1,174,113,0,1,0,36,62,0,0,0,2,,0,0
1492,6,113,mercaderes,120,90,1,196,112,0,1,0,22,48,0,0,0,2,,0,0
1492,6,114,mercaderes,120,90,1,218,108,0,1,0,22,48,0,0,0,2,,0,0
1492,6,115,mercaderes,120,90,1,242,91,0,1,0,22,48,0,0,0,2,1,23,0
1492,6,116,mercaderes,120,90,1,211,93,0,1,0,22,48,0,1,0,2,,0,0
1492,6,117,mercaderes,128,90,1,190,97,0,1,0,22,48,0,0,0,2,,0,0
1492,6,118,mercaderes,128,90,1,205,101,0,1,0,22,48,0,0,0,2,,0,0
1492,6,119,mercaderes,128,90,1,227,91,0,1,0,13,39,0,0,0,2,,0,0
1492,6,120,mercaderes,128,90,1,240,79,0,1,0,13,30,0,0,0,2,,0,0
1492,6,121,mercaderes,128,90,1,257,68,0,1,0,13,30,0,0,0,2,1,14,0
1492,6,122,mercaderes,128,90,1,225,51,0,1,0,13,30,0,0,0,2,,0,0
1492,6,123,mercaderes,128,90,1,193,47,0,0,0,13,30,0,1,0,2,,0,0
1492,6,124,mercaderes,136,90,1,161,44,0,0,0,13,30,0,0,0,2,,0,0
1492,6,125,mercaderes,136,90,1,174,46,0,0,0,18,35,0,0,0,2,,0,0
1492,6,126,mercaderes,136,90,1,196,41,0,0,0,18,44,0,0,0,2,,0,0
1492,6,127,mercaderes,136,90,1,187,36,0,0,0,18,44,0,0,0,2,1,10,0
1492,6,128,mercaderes,136,90,1,173,35,0,2,0,18,44,0,0,0,2,,0,0
1492,6,129,mercaderes,136,90,1,184,35,0,1,0,18,44,0,0,0,2,,0,0
1492,6,130,mercaderes,136,90,1,206,34,0,0,0,18,44,0,0,0,2,,0,0
1492,6,131,mercaderes,136,90,1,228,47,0,0,0,36,62,0,0,0,2,,0,0
1492,6,132,mercaderes,136,90,1,250,59,0,0,0,36,62,0,0,0,2,,0,0
1492,6,133,mercaderes,136,94,1,230,71,0,0,0,36,62,0,0,0,2,1,10,0
1492,6,134,mercaderes,136,94,1,158,85,0,2,0,36,62,0,0,0,2,,0,0
1492,6,135,mercaderes,136,94,1,180,101,0,2,0,36,62,0,0,0,2,,0,0
1492,6,136,mercaderes,136,94,1,202,110,0,2,0,36,62,0,0,0,2,,0,0
1492,6,137,mercaderes,136,94,1,224,105,0,2,0,22,48,0,0,0,2,,0,0
1492,6,138,mercaderes,136,94,1,246,100,0,2,0,22,48,0,0,0,2,,0,0
1492,6,139,mercaderes,136,90,1,253,88,0,0,0,22,48,0,0,0,2,1,15,0
1492,6,140,mercaderes,136,90,1,222,92,0,0,0,22,48,0,0,0,2,,0,0
1492,6,141,mercaderes,136,90,1,191,96,0,0,0,22,48,0,0,0,2,,0,0
1492,6,142,mercaderes,136,90,1,190,100,0,0,0,22,48,0,0,0,2,,0,0
1492,6,143,mercaderes,136,90,1,208,95,0,0,0,13,39,0,0,0,2,,0,0
1492,6,144,mercaderes,136,90,1,221,84,0,0,0,13,30,0,0,0,2,,0,0
1492,6,145,mercaderes,136,90,1,236,59,0,0,0,13,30,0,0,0,2,1,21,0
1492,6,146,mercaderes,136,90,1,196,54,0,0,0,13,30,0,0,0,2,,0,0
1492,6,147,mercaderes,144,90,1,156,49,0,0,0,13,30,0,1,0,2,,0,0
1492,6,148,mercaderes,144,90,1,169,46,0,0,0,13,30,0,0,0,2,,0,0
1492,6,149,mercaderes,144,90,1,182,41,0,0,0,18,35,0,0,0,2,,0,0
1492,6,150,mercaderes,144,90,1,204,36,0,0,0,18,44,0,0,0,2,,0,0
1492,6,151,mercaderes,144,90,1,189,31,0,0,0,18,44,0,0,0,2,1,14,0
1492,6,152,mercaderes,144,90,1,182,28,0,2,0,18,51,0,1,0,2,,0,0
1492,6,153,mercaderes,144,90,1,197,17,0,1,0,18,51,0,0,0,2,,0,0
1492,6,154,mercaderes,144,90,1,222,17,0,0,0,18,51,0,0,0,2,,0,0
1492,6,155,mercaderes,144,90,1,251,31,0,0,0,36,69,0,0,0,2,,0,0
1492,6,156,mercaderes,144,90,1,280,44,0,0,0,36,69,0,0,0,2,,0,0
1492,6,157,mercaderes,152,90,1,268,56,0,0,0,36,69,0,0,0,2,1,14,0
1492,6,158,mercaderes,152,90,1,210,72,0,2,0,36,69,0,0,0,2,,0,0
1492,6,159,mercaderes,152,90,1,203,89,0,2,0,36,69,0,0,0,2,,0,0
1492,6,160,mercaderes,152,90,1,224,103,0,2,0,36,69,0,0,0,2,,0,0
1492,6,161,mercaderes,152,90,1,253,101,0,2,0,22,55,0,0,0,2,,0,0
1492,6,162,mercaderes,152,90,1,282,97,0,2,0,22,55,0,0,0,2,,0,0
1492,6,163,mercaderes,152,94,1,347,97,0,0,0,22,55,0,0,0,2,1,18,0
1492,6,164,mercaderes,152,94,1,331,100,0,0,0,22,55,0,0,0,2,,0,0
1492,6,165,mercaderes,152,94,1,315,103,0,0,0,22,55,0,0,0,2,,0,0
1492,6,166,mercaderes,152,94,1,299,105,0,0,0,22,55,0,0,0,2,,0,0
1492,6,167,mercaderes,152,94,1,290,99,0,0,0,13,46,0,0,0,2,,0,0
1492,6,168,mercaderes,152,94,1,303,93,0,0,0,13,34,0,0,0,2,,0,0
1492,6,169,mercaderes,152,90,1,316,72,0,0,0,13,34,0,0,0,2,1,17,0
1492,6,170,mercaderes,152,90,1,280,68,0,0,0,13,34,0,0,0,2,,0,0
1492,6,171,mercaderes,152,90,1,244,64,0,0,0,13,34,0,0,0,2,,0,0
1492,6,172,mercaderes,152,90,1,208,60,0,0,0,13,34,0,0,0,2,,0,0
1492,6,173,mercaderes,152,90,1,202,61,0,0,0,18,39,0,0,0,2,,0,0
1492,6,174,mercaderes,152,90,1,224,62,0,0,0,18,51,0,0,0,2,,0,0
1492,6,175,mercaderes,152,90,1,233,45,0,0,0,18,51,0,0,0,2,1,19,0
1492,6,176,mercaderes,152,90,1,193,44,0,2,0,18,51,0,0,0,2,,0,0
1492,6,177,mercaderes,160,90,1,222,44,0,2,0,18,51,0,0,0,2,,0,0
1492,6,178,mercaderes,160,90,1,251,40,0,1,0,18,51,0,0,0,2,,0,0
1492,6,179,mercaderes,160,90,1,280,52,0,1,0,36,69,0,0,0,2,,0,0
1492,6,180,mercaderes,160,90,1,309,64,0,1,0,36,69,0,0,0,2,,0,0
1492,6,181,mercaderes,160,90,1,319,75,0,1,0,36,69,0,0,0,2,1,18,0
1492,6,182,mercaderes,160,90,1,279,90,0,2,0,36,69,0,0,0,2,,0,0
1492,6,183,mercaderes,160,90,1,239,104,0,3,0,36,69,0,0,0,2,,0,0
1492,6,184,mercaderes,160,90,1,235,114,0,0,0,36,69,0,0,0,2,,0,0
1492,6,185,mercaderes,160,90,1,257,114,0,0,0,22,55,0,0,0,2,,0,0
1492,6,186,mercaderes,160,90,1,286,112,0,0,0,22,55,0,0,0,2,,0,0
1492,6,187,mercaderes,168,90,1,337,108,0,0,0,22,55,0,0,0,2,1,15,0
1492,6,188,mercaderes,168,90,1,313,111,0,0,0,22,55,0,0,0,2,,0,0
1492,6,189,mercaderes,168,90,1,289,114,0,0,0,22,55,0,0,0,2,,0,0
1492,6,190,mercaderes,168,90,1,265,117,0,0,0,22,55,0,0,0,2,,0,0
1492,6,191,mercaderes,168,90,1,281,111,0,0,0,13,46,0,0,0,2,,0,0
1492,6,192,mercaderes,168,90,1,298,102,0,0,0,13,34,0,0,0,2,,0,0
1492,6,193,mercaderes,168,90,1,332,90,0,0,0,13,34,0,0,0,2,1,15,0
1492,6,194,mercaderes,168,90,1,296,85,0,0,0,13,34,0,0,0,2,,0,0
1492,6,195,mercaderes,168,90,1,260,80,0,0,0,13,34,0,0,0,2,,0,0
1492,6,196,mercaderes,168,90,1,224,76,0,0,0,13,34,0,0,0,2,,0,0
1492,6,197,mercaderes,168,90,1,218,77,0,0,0,18,39,0,0,0,2,,0,0
1492,6,198,mercaderes,168,90,1,247,78,0,0,0,18,51,0,0,0,2,,0,0
1492,6,199,mercaderes,168,94,1,261,72,0,0,0,18,51,0,0,0,2,1,13,0
1492,6,200,mercaderes,168,94,1,221,69,0,2,0,18,51,0,0,0,2,,0,0
1492,6,1,mesta,22,30,1,42,75,0,0,0,5,11,0,0,0,0,1,5,0
1492,6,2,mesta,22,30,1,41,69,0,0,0,5,8,0,0,0,0,,0,0
1492,6,3,mesta,22,30,1,40,63,0,0,0,5,8,0,0,0,0,,0,0
1492,6,4,mesta,22,30,1,39,57,0,0,0,5,8,0,0,0,0,,0,0
1492,6,5,mesta,22,30,1,38,51,0,0,0,5,8,0,1,0,0,,0,0
1492,6,6,mesta,22,30,1,48,48,0,0,0,5,19,0,0,0,0,,0,0
1492,6,7,mesta,21,26,1,38,35,0,0,0,5,19,0,0,0,0,1,1,0
1492,6,8,mesta,21,26,1,46,33,0,0,0,5,17,0,0,0,0,,0,0
1492,6,9,mesta,21,26,1,54,31,0,0,0,5,17,0,0,0,0,,0,0
1492,6,10,mesta,21,26,1,62,29,0,0,0,5,17,0,0,0,0,,0,0
1492,6,11,mesta,21,27,1,70,35,0,0,0,13,25,0,0,0,0,,0,0
1492,6,12,mesta,21,28,1,78,41,0,0,0,13,25,0,0,0,0,,0,0
1492,6,13,mesta,21,29,1,72,46,0,0,0,13,25,0,0,0,0,1,5,0
1492,6,14,mesta,22,30,1,80,51,0,0,0,13,25,0,0,0,0,,0,0
1492,6,15,mesta,22,31,1,90,55,0,0,0,13,27,0,0,0,0,,0,0
1492,6,16,mesta,22,32,1,100,59,0,0,0,13,27,0,0,0,0,,0,0
1492,6,17,mesta,22,33,1,110,57,0,0,0,8,22,0,0,0,0,,0,0
1492,6,18,mesta,22,34,1,120,55,0,0,0,8,22,0,0,0,0,,0,0
1492,6,19,mesta,22,33,1,49,53,0,0,0,8,22,0,0,0,0,1,4,0
1492,6,20,mesta,22,33,1,49,53,0,0,0,8,22,0,0,0,0,,0,0
1492,6,21,mesta,22,34,1,59,50,0,0,0,8,22,0,1,0,0,,0,0
1492,6,22,mesta,23,35,1,69,49,0,0,0,8,28,0,0,0,0,,0,0
1492,6,23,mesta,23,35,1,79,46,0,0,0,5,25,0,0,0,0,,0,0
1492,6,24,mesta,23,35,1,86,43,0,0,0,5,22,0,0,0,0,,0,0
1492,6,25,mesta,23,35,1,85,40,0,0,0,5,22,0,0,0,0,1,3,0
1492,6,26,mesta,23,35,1,92,42,0,0,0,5,22,0,0,0,0,,0,0
1492,6,27,mesta,23,35,1,99,39,0,0,0,5,22,0,0,0,0,,0,0
1492,6,28,mesta,23,35,1,106,36,0,0,0,5,22,0,0,0,0,,0,0
1492,6,29,mesta,23,35,1,113,34,0,0,0,6,23,0,0,0,0,,0,0
1492,6,30,mesta,23,35,1,123,32,0,0,0,6,26,0,0,0,0,,0,0
1492,6,31,mesta,23,35,1,83,30,0,0,0,6,26,0,0,0,0,1,12,0
1492,6,32,mesta,23,35,1,88,29,0,1,0,6,26,0,0,0,0,,0,0
1492,6,33,mesta,23,35,1,98,29,0,0,0,6,26,0,0,0,0,,0,0
1492,6,34,mesta,23,35,1,108,27,0,0,0,6,26,0,0,0,0,,0,0
1492,6,35,mesta,23,36,1,118,32,0,0,0,13,33,0,0,0,0,,0,0
1492,6,36,mesta,23,37,1,128,36,0,0,0,13,33,0,0,0,0,,0,0
1492,6,37,mesta,23,38,1,196,40,0,0,0,13,33,0,0,0,0,1,15,0
1492,6,38,mesta,23,39,1,201,41,0,1,0,9,29,0,0,0,0,,0,0
1492,6,39,mesta,23,39,1,206,43,0,0,0,9,29,0,0,0,0,,0,0
1492,6,40,mesta,23,39,1,216,44,0,0,0,9,29,0,0,0,0,,0,0
1492,6,41,mesta,23,39,1,226,40,0,0,0,5,25,0,0,0,0,,0,0
1492,6,42,mesta,23,39,1,236,36,0,0,0,5,25,0,0,0,0,,0,0
1492,6,43,mesta,23,39,1,340,32,0,0,0,5,25,0,0,0,0,1,21,0
1492,6,44,mesta,23,39,1,303,35,0,0,0,8,28,0,0,0,0,,0,0
1492,6,45,mesta,23,39,1,266,35,0,0,0,8,28,0,1,0,0,,0,0
1492,6,46,mesta,23,39,1,247,37,0,0,0,8,28,0,0,0,0,,0,0
1492,6,47,mesta,23,39,1,252,36,0,0,0,5,25,0,0,0,0,,0,0
1492,6,48,mesta,23,39,1,259,32,0,0,0,5,22,0,0,0,0,,0,0
1492,6,49,mesta,23,39,1,379,27,0,0,0,5,22,0,0,0,0,1,19,0
1492,6,50,mesta,23,39,1,339,27,0,0,0,5,22,0,0,0,0,,0,0
1492,6,51,mesta,23,39,1,299,27,0,0,0,5,22,0,0,0,0,,0,0
1492,6,52,mesta,23,39,1,259,27,0,0,0,5,22,0,0,0,0,,0,0
1492,6,53,mesta,23,39,1,256,28,0,0,0,6,23,0,0,0,0,,0,0
1492,6,54,mesta,23,39,1,266,26,0,0,0,6,26,0,0,0,0,,0,0
1492,6,55,mesta,23,39,1,283,23,0,0,0,6,26,0,0,0,0,1,21,0
1492,6,56,mesta,23,39,1,210,21,0,2,0,6,26,0,0,0,0,,0,0
1492,6,57,mesta,23,39,1,188,19,0,3,0,6,26,0,0,0,0,,0,0
1492,6,58,mesta,23,39,1,193,17,1,2,0,6,26,0,0,0,0,,0,0
1492,6,59,mesta,23,39,1,203,22,1,1,0,13,33,0,0,0,0,,0,0
1492,6,60,mesta,23,39,1,213,26,1,0,0,13,33,0,0,0,0,,0,0
1492,6,61,mesta,23,39,1,329,29,1,0,0,13,33,0,0,0,0,1,18,0
1492,6,62,mesta,24,40,1,281,33,1,2,0,13,33,0,0,0,0,,0,0
1492,6,63,mesta,24,40,1,288,33,1,2,0,9,31,0,0,0,0,,0,0
1492,6,64,mesta,24,40,1,295,33,1,1,0,9,31,0,0,0,0,,0,0
1492,6,65,mesta,24,40,1,307,29,1,0,0,5,27,0,0,0,0,,0,0
1492,6,66,mesta,24,40,1,319,24,1,0,0,5,27,0,0,0,0,,0,0
1492,6,67,mesta,24,40,1,449,19,1,0,0,5,27,0,0,0,0,1,23,0
1492,6,68,mesta,24,40,1,414,18,1,0,0,5,27,0,0,0,0,,0,0
1492,6,69,mesta,24,40,1,379,20,1,0,0,8,30,0,0,0,0,,0,0
1492,6,70,mesta,24,40,1,344,22,1,0,0,8,30,0,0,0,0,,0,0
1492,6,71,mesta,24,40,1,309,21,1,0,0,5,27,0,0,0,0,,0,0
1492,6,72,mesta,24,40,1,297,20,1,0,0,5,23,0,0,0,0,,0,0
1492,6,73,mesta,24,40,1,393,19,1,0,0,5,23,0,0,0,0,1,22,0
1492,6,74,mesta,24,40,1,354,18,1,0,0,5,23,0,0,0,0,,0,0
1492,6,75,mesta,24,40,1,315,17,1,0,0,5,23,0,0,0,0,,0,0
1492,6,76,mesta,24,40,1,276,16,1,0,0,5,23,0,0,0,0,,0,0
1492,6,77,mesta,24,40,1,237,16,1,0,0,6,24,0,0,0,0,,0,0
1492,6,78,mesta,24,40,1,249,16,1,0,0,6,28,0,0,0,0,,0,0
1492,6,79,mesta,24,40,1,325,12,1,0,0,6,28,0,0,0,0,1,20,0
1492,6,80,mesta,24,40,1,254,9,1,2,0,6,28,0,0,0,0,,0,0
1492,6,81,mesta,24,40,1,243,6,1,3,0,6,28,0,0,0,0,,0,0
1492,6,82,mesta,24,40,1,255,3,1,2,0,6,28,0,0,0,0,,0,0
1492,6,83,mesta,24,40,1,267,6,1,1,0,13,35,0,0,0,0,,0,0
1492,6,84,mesta,24,40,1,279,9,1,0,0,13,35,0,0,0,0,,0,0
1492,6,85,mesta,24,40,1,413,12,1,0,0,13,35,0,0,0,0,1,23,0
1492,6,86,mesta,24,40,1,342,16,1,2,0,13,35,0,0,0,0,,0,0
1492,6,87,mesta,24,40,1,322,20,1,3,0,13,35,0,0,0,0,,0,0
1492,6,88,mesta,24,40,1,320,24,1,2,0,13,35,0,0,0,0,,0,0
1492,6,89,mesta,24,40,1,327,23,1,1,0,8,30,0,0,0,0,,0,0
1492,6,90,mesta,24,40,1,339,22,1,0,0,8,30,0,0,0,0,,0,0
1492,6,91,mesta,24,40,1,506,20,1,0,0,8,30,0,0,0,0,1,24,0
1492,6,92,mesta,24,40,1,471,22,1,0,0,8,30,0,0,0,0,,0,0
1492,6,93,mesta,24,40,1,436,24,1,0,0,8,30,0,0,0,0,,0,0
1492,6,94,mesta,24,40,1,401,26,1,0,0,8,30,0,0,0,0,,0,0
1492,6,95,mesta,24,40,1,366,25,1,0,0,5,27,0,0,0,0,,0,0
1492,6,96,mesta,24,40,1,336,24,1,0,0,5,23,0,0,0,0,,0,0
1492,6,97,mesta,24,40,1,435,23,1,0,0,5,23,0,0,0,0,1,24,0
1492,6,98,mesta,24,40,1,396,22,1,0,0,5,23,0,0,0,0,,0,0
1492,6,99,mesta,24,40,1,357,21,1,0,0,5,23,0,0,0,0,,0,0
1492,6,100,mesta,24,40,1,318,20,1,0,0,5,23,0,0,0,0,,0,0
1492,6,101,mesta,24,40,1,279,20,1,0,0,6,24,0,0,0,0,,0,0
1492,6,102,mesta,24,40,1,253,20,1,0,0,6,28,0,0,0,0,,0,0
1492,6,103,mesta,24,40,1,322,20,1,0,0,6,28,0,0,0,0,1,20,0
1492,6,104,mesta,24,40,1,251,17,1,2,0,6,28,0,0,0,0,,0,0
1492,6,105,mesta,24,40,1,240,14,1,3,0,6,28,0,0,0,0,,0,0
1492,6,106,mesta,24,40,1,252,11,1,2,0,6,28,0,0,0,0,,0,0
1492,6,107,mesta,24,40,1,264,17,1,1,0,16,38,0,0,0,0,,0,0
1492,6,108,mesta,24,40,1,276,23,1,0,0,16,38,0,0,0,0,,0,0
1492,6,109,mesta,24,40,1,409,28,1,0,0,16,38,0,0,0,0,1,22,0
1492,6,110,mesta,24,42,1,338,34,1,2,0,16,38,0,0,0,0,,0,0
1492,6,111,mesta,24,44,1,318,41,1,3,0,16,38,0,0,0,0,,0,0
1492,6,112,mesta,25,46,1,316,47,1,2,0,16,38,0,0,0,0,,0,0
1492,6,113,mesta,25,46,1,328,45,1,1,0,8,30,0,0,0,0,,0,0
1492,6,114,mesta,25,46,1,340,42,1,0,0,8,30,0,0,0,0,,0,0
1492,6,115,mesta,24,42,1,482,28,1,0,0,8,30,0,0,0,0,1,25,0
1492,6,116,mesta,24,42,1,447,29,1,0,0,8,30,0,0,0,0,,0,0
1492,6,117,mesta,24,42,1,412,30,1,0,0,8,30,0,0,0,0,,0,0
1492,6,118,mesta,24,42,1,377,31,1,0,0,8,30,0,0,0,0,,0,0
1492,6,119,mesta,24,42,1,342,29,1,0,0,5,27,0,0,0,0,,0,0
1492,6,120,mesta,24,42,1,312,28,1,0,0,5,23,0,0,0,0,,0,0
1492,6,121,mesta,24,42,1,412,27,1,0,0,5,23,0,0,0,0,1,23,0
1492,6,122,mesta,24,42,1,373,26,1,0,0,5,23,0,0,0,0,,0,0
1492,6,123,mesta,24,42,1,334,25,1,0,0,5,23,0,0,0,0,,0,0
1492,6,124,mesta,24,42,1,295,24,1,0,0,5,23,0,0,0,0,,0,0
1492,6,125,mesta,24,42,1,256,24,1,0,0,6,24,0,0,0,0,,0,0
1492,6,126,mesta,24,42,1,253,24,1,0,0,6,28,0,0,0,0,,0,0
1492,6,127,mesta,24,42,1,325,23,1,0,0,6,28,0,0,0,0,1,20,0
1492,6,128,mesta,24,42,1,254,20,1,2,0,6,28,0,0,0,0,,0,0
1492,6,129,mesta,24,42,1,243,17,1,3,0,6,28,0,0,0,0,,0,0
1492,6,130,mesta,24,42,1,255,14,1,2,0,6,28,0,0,0,0,,0,0
1492,6,131,mesta,24,42,1,267,17,1,1,0,13,35,0,0,0,0,,0,0
1492,6,132,mesta,24,42,1,279,20,1,0,0,13,35,0,0,0,0,,0,0
1492,6,133,mesta,24,42,1,413,23,1,0,0,13,35,0,0,0,0,1,23,0
1492,6,134,mesta,24,42,1,342,26,1,2,0,13,35,0,0,0,0,,0,0
1492,6,135,mesta,24,44,1,322,30,1,3,0,13,35,0,0,0,0,,0,0
1492,6,136,mesta,25,46,1,320,33,1,2,0,13,35,0,0,0,0,,0,0
1492,6,137,mesta,25,46,1,327,31,1,1,0,8,30,0,0,0,0,,0,0
1492,6,138,mesta,25,46,1,339,29,1,0,0,8,30,0,0,0,0,,0,0
1492,6,139,mesta,25,46,1,499,25,1,0,0,8,30,0,0,0,0,1,24,0
1492,6,140,mesta,25,46,1,464,26,1,0,0,8,30,0,0,0,0,,0,0
1492,6,141,mesta,25,46,1,429,27,1,0,0,8,30,0,0,0,0,,0,0
1492,6,142,mesta,25,46,1,394,28,1,0,0,8,30,0,0,0,0,,0,0
1492,6,143,mesta,25,46,1,359,26,1,0,0,5,27,0,0,0,0,,0,0
1492,6,144,mesta,25,46,1,329,24,1,0,0,5,23,0,0,0,0,,0,0
1492,6,145,mesta,25,46,1,430,22,1,0,0,5,23,0,0,0,0,1,24,0
1492,6,146,mesta,25,46,1,391,20,1,0,0,5,23,0,0,0,0,,0,0
1492,6,147,mesta,25,46,1,352,18,1,0,0,5,23,0,0,0,0,,0,0
1492,6,148,mesta,25,46,1,313,16,1,0,0,5,23,0,0,0,0,,0,0
1492,6,149,mesta,25,46,1,274,15,1,0,0,6,24,0,0,0,0,,0,0
1492,6,150,mesta,25,46,1,257,14,1,0,0,6,28,0,0,0,0,,0,0
1492,6,151,mesta,25,46,1,325,13,1,0,0,6,28,0,0,0,0,1,22,0
1492,6,152,mesta,25,46,1,254,9,1,2,0,6,28,0,0,0,0,,0,0
1492,6,153,mesta,25,46,1,243,5,1,3,0,6,28,0,0,0,0,,0,0
1492,6,154,mesta,25,46,1,250,1,1,3,0,6,28,0,0,0,0,,0,0
1492,6,155,mesta,25,46,1,262,4,1,2,0,13,35,0,0,0,0,,0,0
1492,6,156,mesta,25,46,1,274,6,1,1,0,13,35,0,0,0,0,,0,0
1492,6,157,mesta,25,46,1,433,8,1,0,0,13,35,0,0,0,0,1,24,0
1492,6,158,mesta,25,46,1,387,11,1,1,0,13,35,0,0,0,0,,0,0
1492,6,159,mesta,25,46,1,341,14,1,1,0,13,35,0,0,0,0,,0,0
1492,6,160,mesta,25,46,1,321,17,1,1,0,13,35,0,0,0,0,,0,0
1492,6,161,mesta,25,46,1,328,15,1,0,0,8,30,0,0,0,0,,0,0
1492,6,162,mesta,25,46,1,340,13,1,0,0,8,30,0,0,0,0,,0,0
1492,6,163,mesta,25,46,1,495,10,1,0,0,8,30,0,0,0,0,1,24,0
1492,6,164,mesta,25,46,1,460,11,1,0,0,8,30,0,0,0,0,,0,0
1492,6,165,mesta,25,46,1,425,12,1,0,0,8,30,0,0,0,0,,0,0
1492,6,166,mesta,25,46,1,390,13,1,0,0,8,30,0,0,0,0,,0,0
1492,6,167,mesta,25,46,1,355,11,1,0,0,5,27,0,0,0,0,,0,0
1492,6,168,mesta,25,46,1,325,9,1,0,0,5,23,0,0,0,0,,0,0
1492,6,169,mesta,25,46,1,350,7,1,0,0,5,23,0,0,0,0,1,19,0
1492,6,170,mesta,24,46,1,323,7,1,0,0,5,23,1,0,0,0,,0,0
1492,6,171,mesta,23,46,1,296,7,1,0,0,5,23,1,0,0,0,,0,0
1492,6,172,mesta,22,45,1,269,7,1,0,0,5,23,1,0,0,0,,0,0
1492,6,173,mesta,22,45,1,242,7,1,0,0,6,24,0,0,0,0,,0,0
1492,6,174,mesta,22,45,1,219,7,1,0,0,6,28,0,0,0,0,,0,0
1492,6,175,mesta,22,45,1,267,7,1,0,0,6,28,0,0,0,0,1,20,0
1492,6,176,mesta,22,45,1,221,1,1,2,0,6,28,0,0,0,0,,0,0
1492,6,177,mesta,21,45,1,219,1,1,3,0,6,28,1,0,0,0,,0,0
1492,6,178,mesta,20,45,1,231,1,1,3,0,6,28,1,0,0,0,,0,0
1492,6,179,mesta,18,44,1,243,0,1,3,0,11,33,1,0,0,0,,0,0
1492,6,180,mesta,17,43,1,255,0,1,3,0,11,33,1,0,0,0,,0,0
1492,6,181,mesta,16,42,1,424,0,1,3,0,11,33,1,0,0,0,1,21,0
1492,6,182,mesta,15,41,1,385,4,1,3,0,11,33,1,0,0,0,,0,0
1492,6,183,mesta,15,41,1,350,7,1,2,0,11,33,0,0,0,0,,0,0
1492,6,184,mesta,15,41,1,315,10,1,1,0,11,33,0,0,0,0,,0,0
1492,6,185,mesta,15,41,1,322,10,1,0,0,8,30,0,0,0,0,,0,0
1492,6,186,mesta,15,41,1,334,7,1,0,0,8,30,0,0,0,0,,0,0
1492,6,187,mesta,15,41,1,454,3,1,0,0,8,30,0,0,0,0,1,24,0
1492,6,188,mesta,14,41,1,415,4,1,0,0,8,30,1,0,0,0,,0,0
1492,6,189,mesta,14,41,1,380,4,1,0,0,8,30,0,0,0,0,,0,0
1492,6,190,mesta,14,41,1,345,4,1,0,0,8,30,0,0,0,0,,0,0
1492,6,191,mesta,13,41,1,307,4,1,0,0,5,27,1,0,0,0,,0,0
1492,6,192,mesta,12,41,1,277,4,1,0,0,5,23,1,0,0,0,,0,0
1492,6,193,mesta,11,40,1,374,4,1,0,0,5,23,1,0,0,0,1,22,0
1492,6,194,mesta,9,39,1,335,4,1,0,0,5,23,1,0,0,0,,0,0
1492,6,195,mesta,8,38,1,295,4,1,0,0,5,22,1,0,0,0,,0,0
1492,6,196,mesta,7,37,1,253,4,1,0,0,5,22,1,0,0,0,,0,0
1492,6,197,mesta,6,36,1,231,4,1,0,0,6,23,1,0,0,0,,0,0
1492,6,198,mesta,5,35,1,241,4,1,0,0,6,26,1,0,0,0,,0,0
1492,6,199,mesta,5,35,1,311,0,1,0,0,6,25,0,0,0,0,1,20,0
1492,6,200,mesta,4,35,1,238,1,1,2,0,6,25,1,0,0,0,,0,0
1492,6,1,monjes,39,116,1,30,56,0,0,0,18,42,0,0,0,0,1,5,0
1492,6,2,monjes,39,116,1,37,40,0,0,0,18,29,0,0,0,0,,0,0
1492,6,3,monjes,39,116,1,44,24,0,0,0,18,29,0,1,0,0,,0,0
1492,6,4,monjes,39,116,1,51,20,0,0,0,27,38,0,0,0,0,,0,0
1492,6,5,monjes,39,116,1,58,33,0,0,0,45,56,0,1,0,0,,0,0
1492,6,6,monjes,39,116,1,84,48,0,0,0,45,75,0,0,0,0,,0,0
1492,6,7,monjes,39,116,1,88,62,0,0,0,45,75,0,0,0,0,1,5,0
1492,6,8,monjes,39,116,1,114,79,0,0,0,45,75,0,0,0,0,,0,0
1492,6,9,monjes,54,116,1,140,92,0,0,0,45,75,0,0,0,1,,0,0
1492,6,10,monjes,54,116,1,166,104,0,0,0,45,75,0,0,0,1,,0,0
1492,6,11,monjes,54,116,1,192,142,0,0,0,72,102,0,0,0,1,,0,0
1492,6,12,monjes,54,116,1,218,178,0,0,0,72,102,0,0,0,1,,0,0
1492,6,13,monjes,53,112,1,130,203,0,0,0,72,102,0,0,0,1,1,8,0
1492,6,14,monjes,53,112,1,99,238,0,2,0,72,95,0,0,0,1,,0,0
1492,6,15,monjes,53,112,1,119,271,0,2,0,72,95,0,0,0,1,,0,0
1492,6,16,monjes,53,112,1,139,303,0,2,0,72,95,0,0,0,1,,0,0
1492,6,17,monjes,53,112,1,159,308,0,2,0,45,68,0,0,0,1,,0,0
1492,6,18,monjes,53,112,1,179,312,0,2,0,45,68,0,0,0,1,,0,0
1492,6,19,monjes,52,108,1,175,298,0,2,0,45,68,0,0,0,1,1,26,0
1492,6,20,monjes,70,108,1,143,301,0,2,0,45,67,0,0,0,2,,0,0
1492,6,21,monjes,70,108,1,147,299,0,2,0,45,67,0,0,0,2,,0,0
1492,6,22,monjes,70,108,1,166,289,0,2,0,45,67,0,0,0,2,,0,0
1492,6,23,monjes,78,108,1,185,268,0,2,0,27,49,0,0,0,2,,0,0
1492,6,24,monjes,78,108,1,197,248,0,2,0,27,42,0,0,0,2,,0,0
1492,6,25,monjes,77,104,1,257,214,0,2,0,27,42,0,0,0,2,1,21,0
1492,6,26,monjes,77,104,1,218,204,0,2,0,27,42,0,0,0,2,,0,0
1492,6,27,monjes,77,104,1,201,191,0,2,0,27,42,0,0,0,2,,0,0
1492,6,28,monjes,77,104,1,213,175,0,2,0,27,42,0,0,0,2,,0,0
1492,6,29,monjes,77,104,1,225,160,0,2,0,28,43,0,0,0,2,,0,0
1492,6,30,monjes,77,104,1,244,146,0,2,0,28,50,0,0,0,2,,0,0
1492,6,31,monjes,77,104,1,326,136,0,2,0,28,50,0,0,0,2,1,22,0
1492,6,32,monjes,85,104,1,292,140,0,2,0,28,50,0,0,0,2,,0,0
1492,6,33,monjes,85,104,1,258,144,0,2,0,28,50,0,0,0,2,,0,0
1492,6,34,monjes,85,104,1,254,137,0,2,0,28,50,0,0,0,2,,0,0
1492,6,35,monjes,85,104,1,273,183,0,2,0,72,94,0,0,0,2,,0,0
1492,6,36,monjes,85,104,1,292,220,0,2,0,72,94,0,0,0,2,,0,0
1492,6,37,monjes,93,104,1,298,243,0,0,0,72,94,0,0,0,2,1,19,0
1492,6,38,monjes,93,104,1,247,275,0,0,0,72,94,0,0,0,2,,0,0
1492,6,39,monjes,93,104,1,196,306,0,0,0,72,94,0,0,0,2,,0,0
1492,6,40,monjes,93,104,1,195,330,0,0,0,72,94,0,0,0,2,,0,0
1492,6,41,monjes,93,104,1,214,336,0,0,0,49,71,0,0,0,2,,0,0
1492,6,42,monjes,93,104,1,233,345,0,0,0,49,71,0,0,0,2,,0,0
1492,6,43,monjes,93,103,1,299,350,0,0,0,49,71,0,0,0,2,1,24,0
1492,6,44,monjes,93,103,1,248,357,0,0,0,49,71,0,0,0,2,,0,0
1492,6,45,monjes,122,109,2,237,359,0,0,0,49,71,0,0,0,3,,0,0
1492,6,46,monjes,123,110,2,252,356,0,0,0,49,71,0,0,0,3,,0,0
1492,6,47,monjes,123,111,2,267,332,0,0,0,27,49,0,0,0,3,,0,0
1492,6,48,monjes,123,111,2,275,309,0,0,0,27,42,0,0,0,3,,0,0
1492,6,49,monjes,121,103,2,311,268,0,0,0,27,42,0,0,0,3,1,25,0
1492,6,50,monjes,121,103,2,248,255,0,0,0,27,41,0,0,0,3,,0,0
1492,6,51,monjes,211,110,3,185,242,0,0,0,27,41,0,1,0,4,,0,0
1492,6,52,monjes,211,112,3,187,228,0,0,0,32,46,0,0,0,4,,0,0
1492,6,53,monjes,211,114,3,189,226,0,0,0,45,59,0,0,0,4,,0,0
1492,6,54,monjes,212,116,3,197,225,0,0,0,46,66,0,0,0,4,,0,0
1492,6,55,monjes,212,118,3,244,217,0,0,0,48,68,0,0,0,4,1,22,0
1492,6,56,monjes,213,120,3,198,232,0,2,0,60,81,0,1,0,4,,0,0
1492,6,57,monjes,221,122,3,198,254,0,3,0,72,94,0,0,0,4,,0,0
1492,6,58,monjes,221,124,3,208,277,0,3,0,72,94,0,1,0,4,,0,0
1492,6,59,monjes,222,126,3,218,371,0,3,0,140,164,0,0,0,4,,0,0
1492,6,60,monjes,222,128,3,228,460,0,3,0,141,166,0,1,0,4,,0,0
1492,6,61,monjes,223,130,3,243,546,0,3,0,143,168,0,0,0,4,1,15,0
1492,6,62,monjes,223,132,3,183,628,0,3,0,145,170,0,1,0,4,,0,0
1492,6,63,monjes,223,134,3,173,701,0,3,0,143,167,0,0,0,4,,0,0
1492,6,64,monjes,224,136,3,183,771,0,3,0,145,169,0,0,0,4,,0,0
1492,6,65,monjes,224,138,3,193,787,0,3,0,93,117,0,0,0,4,,0,0
1492,6,66,monjes,225,140,3,204,804,0,3,0,94,119,0,0,0,4,,0,0
1492,6,67,monjes,224,137,3,245,773,0,3,0,95,122,0,0,0,4,1,23,0
1492,6,68,monjes,224,139,3,186,790,0,3,0,91,116,0,0,0,4,,0,0
1492,6,69,monjes,248,177,4,197,805,0,3,0,92,117,0,0,0,4,,0,0
1492,6,70,monjes,249,180,4,205,810,0,3,0,93,124,0,0,0,4,,0,0
1492,6,71,monjes,250,189,4,214,781,0,3,0,58,90,0,0,0,4,,0,0
1492,6,72,monjes,251,193,4,219,753,0,3,0,60,89,0,0,0,4,,0,0
1492,6,73,monjes,251,192,4,240,676,0,3,0,60,89,0,0,0,4,1,34,0
1492,6,74,monjes,260,196,4,165,656,0,3,0,60,86,0,0,0,4,,0,0
1492,6,75,monjes,278,246,5,160,630,0,3,0,62,88,0,1,0,4,,0,0
1492,6,76,monjes,280,257,5,166,587,0,3,0,68,104,0,1,0,4,,0,0
1492,6,77,monjes,281,263,5,157,578,0,3,0,89,131,0,0,0,4,,0,0
1492,6,78,monjes,290,268,5,171,566,0,3,0,89,139,0,1,0,4,,0,0
1492,6,79,monjes,290,269,5,203,515,0,3,0,95,149,0,0,0,4,1,30,0
1492,6,80,monjes,292,275,5,169,514,0,3,0,95,144,0,1,0,4,,0,0
1492,6,81,monjes,312,337,6,185,518,0,3,0,105,154,0,1,0,4,,0,0
1492,6,82,monjes,313,344,6,193,506,0,3,0,105,173,0,0,0,4,,0,0
1492,6,83,monjes,314,347,6,218,580,0,3,0,196,266,0,1,0,4,,0,0
1492,6,84,monjes,315,352,6,244,658,0,3,0,203,274,0,1,0,4,,0,0
1492,6,85,monjes,316,357,6,324,726,0,0,0,203,274,0,0,0,4,1,37,0
1492,6,86,monjes,317,362,6,266,802,0,0,0,203,270,0,1,0,4,,0,0
1492,6,87,monjes,318,367,6,240,871,0,0,0,203,270,0,1,0,4,,0,0
1492,6,88,monjes,327,373,6,251,951,0,0,0,223,292,0,1,0,4,,0,0
1492,6,89,monjes,328,379,6,277,951,0,0,0,145,217,0,1,0,4,,0,0
1492,6,90,monjes,330,385,6,303,957,0,0,0,152,224,0,1,0,4,,0,0
1492,6,91,monjes,332,395,6,404,967,0,0,0,152,226,0,0,0,4,1,20,0
1492,6,92,monjes,334,405,6,364,976,0,0,0,152,228,0,1,0,4,,0,0
1492,6,93,monjes,336,416,6,325,972,0,0,0,152,229,0,1,0,4,,0,0
1492,6,94,monjes,347,433,7,327,971,0,0,0,152,230,0,1,0,4,,0,0
1492,6,95,monjes,347,433,7,353,917,0,0,0,102,180,0,0,0,4,,0,0
1492,6,96,monjes,347,433,7,373,863,0,0,0,102,174,0,0,0,4,,0,0
1492,6,97,monjes,346,429,7,426,809,0,0,0,102,174,0,1,0,4,1,27,0
1492,6,98,monjes,354,429,7,376,765,0,0,0,102,174,0,0,0,4,,0,0
1492,6,99,monjes,354,429,7,326,721,0,0,0,102,174,0,2,0,4,,0,0
1492,6,100,monjes,354,429,7,264,683,0,0,0,102,177,0,1,0,4,,0,0
1492,6,101,monjes,357,444,7,254,668,0,0,0,129,204,0,0,0,4,,0,0
1492,6,102,monjes,361,461,7,284,645,0,0,0,129,215,0,2,0,4,,0,0
1492,6,103,monjes,363,473,7,377,627,0,0,0,134,220,0,1,0,4,1,26,0
1492,6,104,monjes,367,490,7,325,610,0,2,0,131,217,0,1,0,4,,0,0
1492,6,105,monjes,379,513,8,310,589,0,4,0,132,219,0,1,0,4,,0,0
1492,6,106,monjes,383,531,8,326,561,0,4,0,132,223,0,1,0,4,,0,0
1492,6,107,monjes,387,551,8,352,632,0,4,0,237,328,0,0,0,4,,0,0
1492,6,108,monjes,391,572,8,387,695,0,4,0,238,334,0,0,0,4,,0,0
1492,6,109,monjes,396,599,8,532,757,0,4,0,239,338,0,0,0,4,1,27,0
1492,6,110,monjes,401,621,8,531,815,0,4,0,241,344,0,1,0,4,,0,0
1492,6,111,monjes,404,639,8,524,883,0,4,0,258,366,0,0,0,4,,0,0
1492,6,112,monjes,408,658,8,530,943,0,4,0,259,370,0,1,0,4,,0,0
1492,6,113,monjes,412,677,8,538,913,0,4,0,170,287,0,0,0,4,,0,0
1492,6,114,monjes,414,687,8,549,880,0,4,0,171,292,0,0,0,4,,0,0
1492,6,115,monjes,413,683,8,608,837,0,4,0,171,293,0,0,0,4,1,32,0
1492,6,116,monjes,414,687,8,609,798,0,4,0,171,282,0,4,0,4,,0,0
1492,6,117,monjes,418,708,8,598,807,0,4,0,212,321,0,0,0,4,,0,0
1492,6,118,monjes,423,731,8,603,810,0,4,0,214,327,0,1,0,4,,0,0
1492,6,119,monjes,423,731,8,598,740,0,4,0,141,256,0,0,0,4,,0,0
1492,6,120,monjes,423,731,8,599,671,0,4,0,141,250,0,0,0,4,,0,0
1492,6,121,monjes,423,731,8,664,589,0,4,0,141,250,0,1,0,4,1,36,0
1492,6,122,monjes,423,731,8,665,528,0,4,0,141,249,0,0,0,4,,0,0
1492,6,123,monjes,431,731,8,666,467,0,4,0,141,249,0,0,0,4,,0,0
1492,6,124,monjes,431,731,8,667,409,0,4,0,141,249,0,1,0,4,,0,0
1492,6,125,monjes,431,731,8,668,394,0,4,0,182,290,0,0,0,4,,0,0
1492,6,126,monjes,431,731,8,675,380,0,4,0,182,296,0,0,0,4,,0,0
1492,6,127,monjes,431,731,8,740,351,0,4,0,182,296,0,0,0,4,1,25,0
1492,6,128,monjes,431,731,8,747,338,0,4,0,182,296,0,0,0,4,,0,0
1492,6,129,monjes,431,731,8,754,326,0,4,0,182,296,0,0,0,4,,0,0
1492,6,130,monjes,439,731,8,761,314,0,4,0,182,296,0,0,0,4,,0,0
1492,6,131,monjes,443,754,8,768,449,0,4,0,334,448,0,0,0,4,,0,0
1492,6,132,monjes,447,774,8,776,577,0,4,0,338,454,0,0,0,4,,0,0
1492,6,133,monjes,451,792,8,867,658,0,4,0,340,459,0,0,0,4,1,25,0
1492,6,134,monjes,454,805,8,882,773,0,4,0,344,467,0,0,0,4,,0,0
1492,6,135,monjes,475,870,9,900,884,0,4,0,347,474,0,0,0,4,,0,0
1492,6,136,monjes,477,880,9,919,978,0,4,0,350,486,0,0,0,4,,0,0
1492,6,137,monjes,478,888,9,939,951,0,4,0,231,368,0,0,0,4,,0,0
1492,6,138,monjes,479,890,9,961,925,0,4,0,233,372,0,0,0,4,,0,0
1492,6,139,monjes,480,896,9,1079,903,0,4,0,235,374,0,0,0,4,1,32,0
1492,6,140,monjes,480,898,9,1100,878,0,4,0,238,374,0,2,0,4,,0,0
1492,6,141,monjes,481,900,9,1106,871,0,4,0,252,392,0,0,0,4,,0,0
1492,6,142,monjes,482,905,9,1127,861,0,4,0,253,394,0,2,0,4,,0,0
1492,6,143,monjes,482,905,9,1148,775,0,4,0,171,312,0,0,0,4,,0,0
1492,6,144,monjes,482,905,9,1163,689,0,4,0,171,306,0,0,0,4,,0,0
1492,6,145,monjes,481,901,9,1216,597,0,4,0,171,306,0,2,0,4,1,26,0
1492,6,146,monjes,481,901,9,1231,523,0,4,0,171,306,0,0,0,4,,0,0
1492,6,147,monjes,481,901,9,1246,452,0,4,0,171,306,0,0,0,4,,0,0
1492,6,148,monjes,481,901,9,1261,384,0,4,0,171,306,0,0,0,4,,0,0
1492,6,149,monjes,481,901,9,1276,365,0,4,0,220,355,0,0,0,4,,0,0
1492,6,150,monjes,482,909,9,1296,387,0,4,0,262,402,0,0,0,4,,0,0
1492,6,151,monjes,483,914,9,1375,409,0,4,0,265,407,0,0,0,4,1,26,0
1492,6,152,monjes,484,919,9,1397,404,0,4,0,238,381,0,0,0,4,,0,0
1492,6,153,monjes,485,924,9,1420,399,0,4,0,239,383,0,0,0,4,,0,0
1492,6,154,monjes,486,929,9,1443,393,0,4,0,240,384,0,0,0,4,,0,0
1492,6,155,monjes,487,934,9,1466,587,0,4,0,449,593,0,0,0,4,,0,0
1492,6,156,monjes,489,940,9,1491,696,0,4,0,369,516,0,0,0,4,,0,0
1492,6,157,monjes,490,946,9,1496,789,0,2,0,371,518,0,0,0,4,1,30,0
1492,6,158,monjes,491,952,9,1542,891,0,2,0,372,519,0,0,0,4,,0,0
1492,6,159,monjes,492,958,9,1589,988,0,2,0,374,522,0,0,0,4,,0,0
1492,6,160,monjes,493,964,9,1636,1082,0,2,0,375,523,0,0,0,4,,0,0
1492,6,161,monjes,495,972,9,1686,1047,0,2,0,247,398,0,0,0,4,,0,0
1492,6,162,monjes,505,981,9,1738,1012,0,2,0,248,402,0,0,0,4,,0,0
1492,6,163,monjes,506,985,9,1797,971,0,2,0,248,403,0,0,0,4,1,28,0
1492,6,164,monjes,506,985,9,1824,933,0,2,0,247,399,0,0,0,4,,0,0
1492,6,165,monjes,506,985,9,1851,896,0,2,0,247,399,0,0,0,4,,0,0
1492,6,166,monjes,514,989,10,1878,861,0,2,0,247,399,0,0,0,4,,0,0
1492,6,167,monjes,514,989,10,1897,732,0,2,0,160,312,0,0,0,4,,0,0
1492,6,168,monjes,514,989,10,1910,619,0,2,0,160,306,0,0,0,4,,0,0
1492,6,169,monjes,514,989,10,1967,510,0,2,0,160,306,0,0,0,4,1,29,0
1492,6,170,monjes,514,989,10,1979,404,0,2,0,160,306,0,0,0,4,,0,0
1492,6,171,monjes,514,989,10,1992,302,0,2,0,160,306,0,1,0,4,,0,0
1492,6,172,monjes,514,989,10,1990,210,0,2,0,164,310,0,0,0,4,,0,0
1492,6,173,monjes,514,989,10,2001,165,0,2,0,211,357,0,0,0,4,,0,0
1492,6,174,monjes,514,989,10,2018,121,0,2,0,211,363,0,1,0,4,,0,0
1492,6,175,monjes,522,989,10,2083,85,0,0,0,210,362,0,0,0,4,1,19,0
1492,6,176,monjes,522,989,10,2089,52,0,0,0,210,362,0,0,0,4,,0,0
1492,6,177,monjes,522,989,10,2100,20,0,0,0,210,362,0,0,0,4,,0,0
1492,6,178,monjes,521,989,10,2107,7,0,0,0,210,362,1,0,0,4,,0,0
1492,6,179,monjes,523,998,10,2114,144,0,0,0,384,536,0,0,0,4,,0,0
1492,6,180,monjes,525,1009,10,2125,276,0,0,0,387,544,0,0,0,4,,0,0
1492,6,181,monjes,528,1020,10,2160,360,0,0,0,389,547,0,0,0,4,1,32,0
1492,6,182,monjes,530,1031,10,2141,469,0,2,0,390,549,0,1,0,4,,0,0
1492,6,183,monjes,551,1099,11,2121,577,0,4,0,394,553,0,0,0,4,,0,0
1492,6,184,monjes,554,1111,11,2100,668,0,6,0,397,566,0,0,0,4,,0,0
1492,6,185,monjes,554,1111,11,2078,622,0,8,0,262,434,0,0,0,4,,0,0
1492,6,186,monjes,554,1111,11,2056,578,0,10,0,262,434,0,0,0,4,,0,0
1492,6,187,monjes,555,1115,11,2207,537,0,12,0,262,434,0,0,0,4,1,33,0
1492,6,188,monjes,555,1115,11,2233,506,0,1,0,262,432,0,2,0,4,,0,0
1492,6,189,monjes,555,1115,11,2231,487,0,1,0,280,450,0,0,0,4,,0,0
1492,6,190,monjes,555,1115,11,2252,465,0,1,0,280,450,0,2,0,4,,0,0
1492,6,191,monjes,555,1115,11,2246,362,0,1,0,191,361,0,0,0,4,,0,0
1492,6,192,monjes,555,1115,11,2264,260,0,1,0,191,355,0,0,0,4,,0,0
1492,6,193,monjes,555,1115,11,2339,162,0,1,0,191,355,0,2,0,4,1,25,0
1492,6,194,monjes,555,1115,11,2356,81,0,1,0,201,365,0,0,0,4,,0,0
1492,6,195,monjes,555,1115,11,2373,3,0,0,0,201,365,0,0,0,4,,0,0
1492,6,196,monjes,554,1115,11,2390,1,0,0,0,201,365,1,0,0,4,,0,0
1492,6,197,monjes,553,1115,11,2405,1,0,0,0,256,420,1,0,0,4,,0,0
1492,6,198,monjes,706,1087,11,2425,1,0,0,0,256,426,1,1,1,5,,0,0
1492,6,199,monjes,699,1059,11,2505,4,0,0,0,255,417,1,0,0,5,1,24,0
1492,6,200,monjes,693,1031,11,2471,4,0,2,0,253,415,1,0,0,5,,0,0
1492,6,1,salineros,29,66,1,50,70,0,6,0,17,31,0,0,0,0,1,6,0
1492,6,2,salineros,29,66,1,52,67,0,2,0,17,23,0,0,0,0,,0,0
1492,6,3,salineros,29,69,1,54,64,0,0,0,17,23,0,2,0,0,,0,0
1492,6,4,salineros,29,69,1,56,51,0,0,0,4,10,0,0,0,0,,0,0
1492,6,5,salineros,29,69,1,58,40,0,0,0,6,12,0,0,0,0,,0,0
1492,6,6,salineros,29,69,1,66,29,0,0,0,6,18,0,0,0,0,,0,0
1492,6,7,salineros,29,69,1,74,18,0,0,0,6,18,0,0,0,0,1,0,1
1492,6,8,salineros,29,69,1,82,7,0,0,0,6,18,0,0,0,0,,0,0
1492,6,9,salineros,28,69,1,90,0,0,0,0,6,18,1,0,0,0,,0,0
1492,6,10,salineros,27,69,1,98,0,0,0,0,6,18,1,0,0,0,,0,0
1492,6,11,salineros,26,67,1,106,0,0,0,0,12,24,1,0,0,0,,0,0
1492,6,12,salineros,25,65,1,114,0,0,0,0,12,24,1,0,0,0,,0,0
1492,6,13,salineros,23,64,1,122,0,0,0,0,12,24,1,0,0,0,1,1,0
1492,6,14,salineros,22,63,1,130,0,0,0,0,12,24,1,0,0,0,,0,0
1492,6,15,salineros,21,62,1,138,0,0,0,0,11,23,1,0,0,0,,0,0
1492,6,16,salineros,20,61,1,146,0,0,0,0,11,23,1,0,0,0,,0,0
1492,6,17,salineros,19,60,1,154,0,0,0,0,6,18,1,0,0,0,,0,0
1492,6,18,salineros,17,59,1,162,0,0,0,0,6,18,1,0,0,0,,0,0
1492,6,19,salineros,16,58,1,168,0,0,0,0,4,14,1,0,0,0,1,1,0
1492,6,20,salineros,15,57,1,168,0,0,0,0,4,7,1,0,0,0,,0,0
1492,6,21,salineros,14,56,1,168,0,0,0,0,4,7,1,0,0,0,,0,0
1492,6,22,salineros,13,55,1,168,0,0,0,0,4,7,1,0,0,0,,0,0
1492,6,23,salineros,11,54,1,168,0,0,0,0,2,5,1,0,0,0,,0,0
1492,6,24,salineros,10,53,1,168,0,0,0,0,2,5,1,0,0,0,,0,0
1492,6,25,salineros,9,52,1,168,0,0,0,0,2,5,1,0,0,0,1,0,1
1492,6,26,salineros,8,51,1,168,0,0,0,0,2,5,1,0,0,0,,0,0
1492,6,27,salineros,7,50,1,168,0,0,0,0,2,5,1,0,0,0,,0,0
1492,6,28,salineros,5,49,1,168,0,0,0,0,2,5,1,0,0,0,,0,0
1492,6,29,salineros,4,48,1,167,0,0,0,0,3,5,1,0,0,0,,0,0
1492,6,30,salineros,3,47,1,169,0,0,0,0,3,8,1,0,0,0,,0,0
1492,6,31,salineros,2,46,1,171,0,0,0,0,3,8,1,0,0,0,1,1,0
1492,6,32,salineros,1,45,1,170,0,0,0,0,3,5,1,0,0,0,,0,0
1492,6,33,salineros,-1,44,1,169,0,0,0,0,3,5,1,0,0,0,,0,0
1492,6,34,salineros,-2,43,1,168,0,0,0,0,3,5,1,0,0,0,,0,0
1492,6,35,salineros,-3,42,1,167,0,0,0,0,7,9,1,0,0,0,,0,0
1492,6,36,salineros,-4,41,1,166,0,0,0,0,7,9,1,0,0,0,,0,0
1492,6,37,salineros,-5,40,1,165,0,0,0,0,7,9,1,0,0,0,1,0,1
1492,6,38,salineros,-7,39,1,164,0,0,0,0,7,9,1,0,0,0,,0,0
1492,6,39,salineros,-8,38,1,163,0,0,0,0,7,9,1,0,0,0,,0,0
1492,6,40,salineros,-9,37,1,162,0,0,0,0,7,9,1,0,0,0,,0,0
1492,6,41,salineros,-10,36,1,161,0,0,0,0,4,6,1,0,0,0,,0,0
1492,6,42,salineros,-11,35,1,160,0,0,0,0,4,6,1,0,0,0,,0,0
1492,6,43,salineros,-13,34,1,159,0,0,0,0,4,6,1,0,0,0,1,0,1
1492,6,44,salineros,-14,33,1,158,0,0,0,0,4,6,1,0,0,0,,0,0
1492,6,45,salineros,-15,32,1,157,0,0,0,0,4,6,1,0,0,0,,0,0
1492,6,46,salineros,-16,31,1,156,0,0,0,0,4,6,1,0,0,0,,0,0
1492,6,47,salineros,-17,30,1,155,0,0,0,0,2,4,1,0,0,0,,0,0
1492,6,48,salineros,-19,29,1,154,0,0,0,0,2,4,1,0,0,0,,0,0
1492,6,49,salineros,-20,28,1,152,0,0,0,0,3,4,1,0,0,0,1,0,1
1492,6,50,salineros,-21,27,1,150,0,0,0,0,3,4,1,0,0,0,,0,0
1492,6,51,salineros,-22,26,1,148,0,0,0,0,3,4,1,0,0,0,,0,0
1492,6,52,salineros,-23,25,1,146,0,0,0,0,3,4,1,0,0,0,,0,0
1492,6,53,salineros,-25,24,1,144,0,0,0,0,3,4,1,0,0,0,,0,0
1492,6,54,salineros,-26,23,1,143,0,0,0,0,3,5,1,0,0,0,,0,0
1492,6,55,salineros,-27,22,1,142,0,0,0,0,3,5,1,0,0,0,1,1,0
1492,6,56,salineros,-28,21,1,140,0,0,0,0,3,4,1,0,0,0,,0,0
1492,6,57,salineros,-29,20,1,138,0,0,0,0,3,4,1,0,0,0,,0,0
1492,6,58,salineros,-31,19,1,136,0,0,0,0,3,4,1,0,0,0,,0,0
1492,6,59,salineros,-31,19,1,133,3,0,0,0,7,7,0,0,0,0,,0,0
1492,6,60,salineros,-31,19,1,130,6,0,0,0,7,7,0,0,0,0,,0,0
1492,6,61,salineros,-31,19,1,127,9,0,0,0,7,7,0,0,0,0,1,0,1
1492,6,62,salineros,-31,19,1,124,12,0,0,0,7,7,0,0,0,0,,0,0
1492,6,63,salineros,-31,19,1,121,14,0,0,0,6,6,0,0,0,0,,0,0
1492,6,64,salineros,-31,19,1,118,16,0,0,0,6,6,0,0,0,0,,0,0
1492,6,65,salineros,-31,19,1,115,16,0,0,0,4,4,0,0,0,0,,0,0
1492,6,66,salineros,-31,19,1,112,16,0,0,0,4,4,0,0,0,0,,0,0
1492,6,67,salineros,-31,19,1,109,16,0,0,0,4,4,0,0,0,0,1,0,1
1492,6,68,salineros,-31,19,1,106,17,0,0,0,5,5,0,0,0,0,,0,0
1492,6,69,salineros,-31,19,1,103,20,0,0,0,7,7,0,0,0,0,,0,0
1492,6,70,salineros,-31,19,1,100,23,0,0,0,7,7,0,0,0,0,,0,0
1492,6,71,salineros,-31,19,1,97,24,0,0,0,5,5,0,0,0,0,,0,0
1492,6,72,salineros,-31,19,1,94,25,0,0,0,5,5,0,0,0,0,,0,0
1492,6,73,salineros,-31,19,1,91,25,0,0,0,4,4,0,0,0,0,1,0,1
1492,6,74,salineros,-31,19,1,88,25,0,0,0,4,4,0,0,0,0,,0,0
1492,6,75,salineros,-31,19,1,85,25,0,0,0,4,4,0,0,0,0,,0,0
1492,6,76,salineros,-31,19,1,82,25,0,0,0,4,4,0,0,0,0,,0,0
1492,6,77,salineros,-31,19,1,79,27,0,0,0,6,6,0,0,0,0,,0,0
1492,6,78,salineros,-31,19,1,77,29,0,0,0,6,7,0,0,0,0,,0,0
1492,6,79,salineros,-30,20,1,75,31,0,0,0,6,7,0,0,0,0,1,0,1
1492,6,80,salineros,-30,21,1,74,32,0,0,0,6,8,0,0,0,0,,0,0
1492,6,81,salineros,-30,22,1,73,33,0,0,0,6,8,0,0,0,0,,0,0
1492,6,82,salineros,-30,23,1,72,34,0,0,0,6,8,0,0,0,0,,0,0
1492,6,83,salineros,-30,24,1,71,41,0,0,0,12,14,0,0,0,0,,0,0
1492,6,84,salineros,-29,25,1,70,47,0,0,0,12,14,0,0,0,0,,0,0
1492,6,85,salineros,-29,26,1,69,53,0,0,0,12,14,0,0,0,0,1,0,1
1492,6,86,salineros,-29,27,1,68,59,0,0,0,12,14,0,0,0,0,,0,0
1492,6,87,salineros,-29,28,1,67,65,0,0,0,12,14,0,0,0,0,,0,0
1492,6,88,salineros,-29,29,1,66,70,0,0,0,12,14,0,0,0,0,,0,0
1492,6,89,salineros,-13,30,1,65,71,0,0,0,8,10,0,0,0,1,,0,0
1492,6,90,salineros,-13,31,1,66,72,0,0,0,8,12,0,0,0,1,,0,0
1492,6,91,salineros,-13,32,1,67,73,0,0,0,8,12,0,0,0,1,1,0,1
1492,6,92,salineros,-13,33,1,68,73,0,0,0,8,12,0,0,0,1,,0,0
1492,6,93,salineros,-13,34,1,69,73,0,0,0,8,12,0,0,0,1,,0,0
1492,6,94,salineros,-12,35,1,70,73,0,0,0,8,12,0,0,0,1,,0,0
1492,6,95,salineros,-12,35,1,71,69,0,0,0,4,8,0,0,0,1,,0,0
1492,6,96,salineros,-12,35,1,70,65,0,0,0,4,6,0,0,0,1,,0,0
1492,6,97,salineros,-12,35,1,69,61,0,0,0,4,6,0,0,0,1,1,0,1
1492,6,98,salineros,-12,35,1,68,57,0,0,0,4,6,0,0,0,1,,0,0
1492,6,99,salineros,-12,35,1,67,53,0,0,0,4,6,0,0,0,1,,0,0
1492,6,100,salineros,-12,35,1,66,49,0,0,0,4,6,0,0,0,1,,0,0
1492,6,101,salineros,-12,35,1,65,47,0,0,0,6,8,0,0,0,1,,0,0
1492,6,102,salineros,-12,35,1,66,45,0,0,0,6,10,0,0,0,1,,0,0
1492,6,103,salineros,-12,35,1,67,43,0,0,0,6,10,0,0,0,1,1,0,1
1492,6,104,salineros,-12,35,1,68,41,0,0,0,6,10,0,0,0,1,,0,0
1492,6,105,salineros,-12,35,1,69,39,0,0,0,6,10,0,0,0,1,,0,0
1492,6,106,salineros,-12,35,1,70,37,0,0,0,6,10,0,0,0,1,,0,0
1492,6,107,salineros,-12,36,1,71,41,0,0,0,12,16,0,0,0,1,,0,0
1492,6,108,salineros,-12,37,1,72,44,0,0,0,12,16,0,0,0,1,,0,0
1492,6,109,salineros,-12,38,1,73,47,0,0,0,12,16,0,0,0,1,1,0,1
1492,6,110,salineros,-12,39,1,74,50,0,0,0,12,16,0,0,0,1,,0,0
1492,6,111,salineros,-11,40,1,75,53,0,0,0,12,16,0,0,0,1,,0,0
1492,6,112,salineros,-11,42,1,77,55,0,0,0,12,17,0,0,0,1,,0,0
1492,6,113,salineros,-11,42,1,79,53,0,0,0,8,13,0,0,0,1,,0,0
1492,6,114,salineros,-11,42,1,81,51,0,0,0,8,13,0,0,0,1,,0,0
1492,6,115,salineros,-12,38,1,63,39,0,0,0,8,13,0,0,0,1,1,1,0
1492,6,116,salineros,-12,38,1,64,38,0,0,0,8,12,0,0,0,1,,0,0
1492,6,117,salineros,-12,38,1,65,37,0,0,0,8,12,0,0,0,1,,0,0
1492,6,118,salineros,-12,38,1,66,36,0,0,0,8,12,0,0,0,1,,0,0
1492,6,119,salineros,-12,38,1,67,31,0,0,0,4,8,0,0,0,1,,0,0
1492,6,120,salineros,-12,38,1,66,26,0,0,0,4,6,0,0,0,1,,0,0
1492,6,121,salineros,-12,38,1,65,11,0,0,0,4,6,0,0,0,1,1,5,0
1492,6,122,salineros,6,38,1,64,6,0,0,0,4,6,0,0,0,2,,0,0
1492,6,123,salineros,6,38,1,63,1,0,0,0,4,6,0,0,0,2,,0,0
1492,6,124,salineros,5,38,1,62,0,0,0,0,4,6,1,0,0,2,,0,0
1492,6,125,salineros,4,38,1,61,0,0,0,0,6,8,1,0,0,2,,0,0
1492,6,126,salineros,3,37,1,62,0,0,0,0,6,10,1,0,0,2,,0,0
1492,6,127,salineros,2,36,1,63,0,0,0,0,6,10,1,0,0,2,1,0,1
1492,6,128,salineros,1,35,1,64,0,0,0,0,6,10,1,0,0,2,,0,0
1492,6,129,salineros,-1,34,1,65,0,0,0,0,6,10,1,0,0,2,,0,0
1492,6,130,salineros,-2,33,1,66,0,0,0,0,6,10,1,0,0,2,,0,0
1492,6,131,salineros,-2,33,1,67,3,0,0,0,11,15,0,0,0,2,,0,0
1492,6,132,salineros,-2,33,1,68,6,0,0,0,11,15,0,0,0,2,,0,0
1492,6,133,salineros,-2,33,1,69,9,0,0,0,11,15,0,0,0,2,1,0,1
1492,6,134,salineros,-2,33,1,70,12,0,0,0,11,15,0,0,0,2,,0,0
1492,6,135,salineros,-2,33,1,71,16,0,0,0,12,16,0,0,0,2,,0,0
1492,6,136,salineros,-2,33,1,72,20,0,0,0,12,16,0,0,0,2,,0,0
1492,6,137,salineros,-2,33,1,73,20,0,0,0,8,12,0,0,0,2,,0,0
1492,6,138,salineros,-2,33,1,74,20,0,0,0,8,12,0,0,0,2,,0,0
1492,6,139,salineros,-2,33,1,75,20,0,0,0,8,12,0,0,0,2,1,0,1
1492,6,140,salineros,-2,33,1,76,20,0,0,0,8,12,0,0,0,2,,0,0
1492,6,141,salineros,-2,33,1,77,20,0,0,0,8,12,0,0,0,2,,0,0
1492,6,142,salineros,-2,33,1,78,20,0,0,0,8,12,0,0,0,2,,0,0
1492,6,143,salineros,-2,33,1,79,16,0,0,0,4,8,0,0,0,2,,0,0
1492,6,144,salineros,-2,33,1,78,12,0,0,0,4,6,0,0,0,2,,0,0
1492,6,145,salineros,-2,33,1,77,8,0,0,0,4,6,0,0,0,2,1,0,1
1492,6,146,salineros,-2,33,1,76,4,0,0,0,4,6,0,0,0,2,,0,0
1492,6,147,salineros,-2,33,1,75,0,0,0,0,4,6,0,0,0,2,,0,0
1492,6,148,salineros,-3,33,1,74,0,0,0,0,4,6,1,0,0,2,,0,0
1492,6,149,salineros,-4,33,1,73,0,0,0,0,6,8,1,0,0,2,,0,0
1492,6,150,salineros,-5,32,1,74,0,0,0,0,6,10,1,0,0,2,,0,0
1492,6,151,salineros,-6,31,1,75,0,0,0,0,6,10,1,0,0,2,1,1,0
1492,6,152,salineros,-7,30,1,76,0,0,0,0,6,10,1,0,0,2,,0,0
1492,6,153,salineros,-9,29,1,77,0,0,0,0,6,10,1,0,0,2,,0,0
1492,6,154,salineros,-10,28,1,76,0,0,0,0,5,7,1,0,0,2,,0,0
1492,6,155,salineros,-10,28,1,75,4,0,0,0,11,13,0,0,0,2,,0,0
1492,6,156,salineros,-10,28,1,74,8,0,0,0,11,13,0,0,0,2,,0,0
1492,6,157,salineros,-10,28,1,73,12,0,0,0,11,13,0,0,0,2,1,0,1
1492,6,158,salineros,-10,28,1,72,16,0,0,0,11,13,0,0,0,2,,0,0
1492,6,159,salineros,-10,28,1,71,20,0,0,0,11,13,0,0,0,2,,0,0
1492,6,160,salineros,-10,28,1,70,24,0,0,0,11,13,0,0,0,2,,0,0
1492,6,161,salineros,-10,28,1,69,25,0,0,0,8,10,0,0,0,2,,0,0
1492,6,162,salineros,-10,28,1,68,26,0,0,0,8,10,0,0,0,2,,0,0
1492,6,163,salineros,-10,28,1,67,19,0,0,0,8,10,0,0,0,2,1,10,0
1492,6,164,salineros,-2,28,1,66,20,0,0,0,8,10,0,0,0,2,,0,0
1492,6,165,salineros,-2,28,1,65,21,0,0,0,8,10,0,0,0,2,,0,0
1492,6,166,salineros,-2,28,1,64,22,0,0,0,8,10,0,0,0,2,,0,0
1492,6,167,salineros,-2,28,1,63,8,0,0,0,4,6,0,0,0,2,,0,0
1492,6,168,salineros,-2,28,1,61,5,0,0,0,4,5,0,0,0,2,,0,0
1492,6,169,salineros,6,28,1,59,2,0,0,0,4,5,0,0,0,2,1,0,1
1492,6,170,salineros,5,28,1,57,0,0,0,0,4,5,1,0,0,2,,0,0
1492,6,171,salineros,4,28,1,55,0,0,0,0,4,5,1,0,0,2,,0,0
1492,6,172,salineros,3,27,1,53,0,0,0,0,4,5,1,0,0,2,,0,0
1492,6,173,salineros,3,27,1,51,0,0,0,0,6,7,0,0,0,2,,0,0
1492,6,174,salineros,3,27,1,50,0,0,0,0,6,8,0,0,0,2,,0,0
1492,6,175,salineros,3,27,1,49,0,0,0,0,6,8,0,0,0,2,1,0,1
1492,6,176,salineros,3,27,1,48,0,0,0,0,6,8,0,0,0,2,,0,0
1492,6,177,salineros,3,27,1,47,0,0,0,0,6,8,0,0,0,2,,0,0
1492,6,178,salineros,3,27,1,46,0,0,0,0,6,8,0,0,0,2,,0,0
1492,6,179,salineros,3,27,1,45,6,0,0,0,12,14,0,0,0,2,,0,0
1492,6,180,salineros,3,27,1,44,12,0,0,0,12,14,0,0,0,2,,0,0
1492,6,181,salineros,3,27,1,43,18,0,0,0,12,14,0,0,0,2,1,0,1
1492,6,182,salineros,3,27,1,42,24,0,0,0,12,14,0,0,0,2,,0,0
1492,6,183,salineros,3,28,1,41,30,0,0,0,12,14,0,0,0,2,,0,0
1492,6,184,salineros,3,29,1,40,31,0,0,0,8,10,0,0,0,2,,0,0
1492,6,185,salineros,3,29,1,39,29,0,0,0,5,7,0,0,0,2,,0,0
1492,6,186,salineros,3,29,1,38,27,0,0,0,5,7,0,0,0,2,,0,0
1492,6,187,salineros,3,29,1,37,14,0,0,0,5,7,0,0,0,2,1,10,0
1492,6,188,salineros,3,29,1,36,12,0,0,0,5,7,0,0,0,2,,0,0
1492,6,189,salineros,11,29,1,35,10,0,0,0,5,7,0,0,0,2,,0,0
1492,6,190,salineros,11,29,1,34,11,0,0,0,8,10,0,0,0,2,,0,0
1492,6,191,salineros,11,29,1,33,8,0,0,0,4,6,0,0,0,2,,0,0
1492,6,192,salineros,11,29,1,31,5,0,0,0,4,5,0,0,0,2,,0,0
1492,6,193,salineros,11,29,1,29,2,0,0,0,4,5,0,0,0,2,1,0,1
1492,6,194,salineros,10,29,1,27,0,0,0,0,4,5,1,0,0,2,,0,0
1492,6,195,salineros,9,29,1,25,0,0,0,0,4,5,1,0,0,2,,0,0
1492,6,196,salineros,8,28,1,23,0,0,0,0,4,5,1,0,0,2,,0,0
1492,6,197,salineros,7,27,1,21,0,0,0,0,6,7,1,0,0,2,,0,0
1492,6,198,salineros,7,27,1,20,0,0,0,0,6,8,0,0,0,2,,0,0
1492,6,199,salineros,7,27,1,19,0,0,0,0,6,8,0,0,0,2,1,0,1
1492,6,200,salineros,7,27,1,18,0,0,0,0,6,8,0,0,0,2,,0,0
1492-2,6,1,arrieros,34,91,1,42,64,0,0,0,15,33,0,0,0,0,1,5,0
1492-2,6,2,arrieros,34,91,1,47,53,0,0,0,15,24,0,0,0,0,,0,0
1492-2,6,3,arrieros,34,91,1,52,43,0,0,0,15,24,0,0,0,0,,0,0
1492-2,6,4,arrieros,34,91,1,57,33,0,0,0,15,24,0,0,0,0,,0,0
1492-2,6,5,arrieros,34,91,1,62,28,0,0,0,20,29,0,1,0,0,,0,0
1492-2,6,6,arrieros,34,91,1,84,25,0,0,0,20,46,0,0,0,0,,0,0
1492-2,6,7,arrieros,34,91,1,84,23,0,0,0,20,46,0,0,0,0,1,5,0
1492-2,6,8,arrieros,34,91,1,106,27,0,0,0,20,46,0,0,0,0,,0,0
1492-2,6,9,arrieros,34,91,1,128,24,0,0,0,20,46,0,0,0,0,,0,0
1492-2,6,10,arrieros,34,91,1,150,22,0,0,0,20,46,0,0,0,0,,0,0
1492-2,6,11,arrieros,34,91,1,172,39,0,0,0,40,66,0,0,0,0,,0,0
1492-2,6,12,arrieros,34,91,1,194,55,0,0,0,40,66,0,0,0,0,,0,0
1492-2,6,13,arrieros,33,87,1,116,65,0,0,0,40,66,0,0,0,0,1,8,0
1492-2,6,14,arrieros,33,87,1,118,90,0,2,0,40,64,0,0,0,0,,0,0
1492-2,6,15,arrieros,48,87,1,138,110,0,2,0,40,64,0,0,0,1,,0,0
1492-2,6,16,arrieros,48,87,1,158,124,0,2,0,40,64,0,0,0,1,,0,0
1492-2,6,17,arrieros,48,87,1,178,123,0,2,0,25,49,0,0,0,1,,0,0
1492-2,6,18,arrieros,48,87,1,198,122,0,2,0,25,49,0,0,0,1,,0,0
1492-2,6,19,arrieros,47,83,1,161,106,0,2,0,25,49,0,0,0,1,1,20,0
1492-2,6,20,arrieros,65,83,1,125,117,0,2,0,25,49,0,0,0,2,,0,0
1492-2,6,21,arrieros,65,83,1,141,126,0,2,0,25,49,0,1,0,2,,0,0
1492-2,6,22,arrieros,65,83,1,161,113,0,2,0,25,53,0,0,0,2,,0,0
1492-2,6,23,arrieros,73,83,1,181,104,0,2,0,15,43,0,0,0,2,,0,0
1492-2,6,24,arrieros,73,83,1,193,98,0,0,0,15,35,0,0,0,2,,0,0
1492-2,6,25,arrieros,72,79,1,158,84,0,0,0,15,35,0,0,0,2,1,10,0
1492-2,6,26,arrieros,72,79,1,115,89,0,0,0,15,34,0,0,0,2,,0,0
1492-2,6,27,arrieros,72,79,1,122,94,0,0,0,15,34,0,0,0,2,,0,0
1492-2,6,28,arrieros,72,79,1,133,88,0,0,0,15,34,0,0,0,2,,0,0
1492-2,6,29,arrieros,72,79,1,144,86,0,0,0,20,39,0,0,0,2,,0,0
1492-2,6,30,arrieros,72,79,1,162,84,0,0,0,20,46,0,0,0,2,,0,0
1492-2,6,31,arrieros,72,75,1,130,51,0,0,0,20,46,0,0,0,2,1,31,0
1492-2,6,32,arrieros,80,75,1,126,57,0,1,0,20,46,0,0,0,2,,0,0
1492-2,6,33,arrieros,80,75,1,144,63,0,1,0,20,46,0,0,0,2,,0,0
1492-2,6,34,arrieros,80,75,1,162,38,0,1,0,20,46,0,0,0,2,,0,0
1492-2,6,35,arrieros,88,75,1,180,58,0,1,0,40,66,0,0,0,2,,0,0
1492-2,6,36,arrieros,88,75,1,198,77,0,1,0,40,66,0,0,0,2,,0,0
1492-2,6,37,arrieros,87,71,1,253,90,0,1,0,40,66,0,0,0,2,1,15,0
1492-2,6,38,arrieros,87,71,1,219,113,0,2,0,40,66,0,1,0,2,,0,0
1492-2,6,39,arrieros,87,71,1,229,137,0,2,0,40,66,0,0,0,2,,0,0
1492-2,6,40,arrieros,87,71,1,247,156,0,2,0,40,66,0,0,0,2,,0,0
1492-2,6,41,arrieros,87,71,1,265,158,0,2,0,25,51,0,0,0,2,,0,0
1492-2,6,42,arrieros,87,71,1,283,160,0,2,0,25,51,0,0,0,2,,0,0
1492-2,6,43,arrieros,88,79,1,321,179,0,2,0,25,51,0,0,0,2,1,10,0
1492-2,6,44,arrieros,88,79,1,240,178,0,2,0,25,51,0,0,0,2,,0,0
1492-2,6,45,arrieros,88,79,1,258,177,0,2,0,25,51,0,0,0,2,,0,0
1492-2,6,46,arrieros,88,79,1,276,176,0,2,0,25,51,0,0,0,2,,0,0
1492-2,6,47,arrieros,88,79,1,294,166,0,2,0,15,41,0,0,0,2,,0,0
1492-2,6,48,arrieros,88,79,1,305,156,0,2,0,15,34,0,0,0,2,,0,0
1492-2,6,49,arrieros,88,75,1,301,141,0,2,0,15,34,0,0,0,2,1,12,0
1492-2,6,50,arrieros,88,75,1,193,131,0,2,0,15,34,0,0,0,2,,0,0
1492-2,6,51,arrieros,88,75,1,204,121,0,2,0,15,34,0,1,0,2,,0,0
1492-2,6,52,arrieros,88,75,1,215,114,0,2,0,15,34,0,0,0,2,,0,0
1492-2,6,53,arrieros,88,75,1,226,112,0,2,0,20,39,0,0,0,2,,0,0
1492-2,6,54,arrieros,88,75,1,244,110,0,2,0,20,46,0,0,0,2,,0,0
1492-2,6,55,arrieros,87,71,1,306,84,0,2,0,20,46,0,0,0,2,1,24,0
1492-2,6,56,arrieros,95,71,1,239,88,0,0,0,20,46,0,1,0,2,,0,0
1492-2,6,57,arrieros,95,71,1,253,92,0,0,0,20,46,0,0,0,2,,0,0
1492-2,6,58,arrieros,95,71,1,271,76,0,0,0,20,46,0,0,0,2,,0,0
1492-2,6,59,arrieros,95,71,1,289,96,0,0,0,40,66,0,0,0,2,,0,0
1492-2,6,60,arrieros,95,71,1,307,115,0,0,0,40,66,0,0,0,2,,0,0
1492-2,6,61,arrieros,95,71,1,309,133,0,0,0,40,66,0,0,0,2,1,13,0
1492-2,6,62,arrieros,103,71,1,211,148,0,1,0,40,66,0,1,0,2,,0,0
1492-2,6,63,arrieros,103,71,1,219,165,0,2,0,40,66,0,0,0,2,,0,0
1492-2,6,64,arrieros,103,71,1,237,181,0,2,0,40,66,0,0,0,2,,0,0
1492-2,6,65,arrieros,103,71,1,255,182,0,2,0,25,51,0,0,0,2,,0,0
1492-2,6,66,arrieros,103,71,1,273,183,0,2,0,25,51,0,0,0,2,,0,0
1492-2,6,67,arrieros,104,75,1,296,172,0,2,0,25,51,0,0,0,2,1,20,0
1492-2,6,68,arrieros,104,75,1,224,170,0,2,0,25,51,0,1,0,2,,0,0
1492-2,6,69,arrieros,112,75,1,242,170,0,2,0,25,51,0,0,0,2,,0,0
1492-2,6,70,arrieros,112,75,1,260,170,0,2,0,25,51,0,0,0,2,,0,0
1492-2,6,71,arrieros,112,75,1,278,161,0,2,0,15,41,0,0,0,2,,0,0
1492-2,6,72,arrieros,112,75,1,289,152,0,2,0,15,34,0,0,0,2,,0,0
1492-2,6,73,arrieros,111,71,1,274,138,0,2,0,15,34,0,0,0,2,1,9,0
1492-2,6,74,arrieros,111,71,1,176,131,0,2,0,15,34,0,0,0,2,,0,0
1492-2,6,75,arrieros,111,71,1,187,124,0,2,0,15,34,0,0,0,2,,0,0
1492-2,6,76,arrieros,111,71,1,198,101,0,2,0,15,34,0,0,0,2,,0,0
1492-2,6,77,arrieros,111,71,1,209,100,0,2,0,20,39,0,0,0,2,,0,0
1492-2,6,78,arrieros,111,71,1,227,99,0,2,0,20,46,0,0,0,2,,0,0
1492-2,6,79,arrieros,119,71,1,275,42,0,0,0,20,46,0,0,0,2,1,26,0
1492-2,6,80,arrieros,119,71,1,230,53,0,0,0,20,46,0,0,0,2,,0,0
1492-2,6,81,arrieros,152,96,2,215,63,0,0,0,20,46,0,0,0,3,,0,0
1492-2,6,82,arrieros,152,96,2,216,66,0,0,0,20,50,0,0,0,3,,0,0
1492-2,6,83,arrieros,152,97,2,225,81,0,0,0,40,70,0,0,0,3,,0,0
1492-2,6,84,arrieros,152,98,2,234,94,0,0,0,40,70,0,0,0,3,,0,0
1492-2,6,85,arrieros,152,99,2,266,106,0,0,0,40,70,0,0,0,3,1,16,0
1492-2,6,86,arrieros,153,100,2,223,122,0,2,0,40,70,0,1,0,3,,0,0
1492-2,6,87,arrieros,153,101,2,214,146,0,2,0,48,78,0,0,0,3,,0,0
1492-2,6,88,arrieros,153,102,2,225,166,0,2,0,48,80,0,1,0,3,,0,0
1492-2,6,89,arrieros,153,103,2,236,157,0,2,0,30,62,0,0,0,3,,0,0
1492-2,6,90,arrieros,153,104,2,247,156,0,2,0,30,62,0,0,0,3,,0,0
1492-2,6,91,arrieros,162,109,2,290,127,0,2,0,30,62,0,0,0,3,1,10,0
1492-2,6,92,arrieros,163,110,2,241,125,0,2,0,30,62,0,0,0,3,,0,0
1492-2,6,93,arrieros,163,111,2,252,123,0,2,0,30,62,0,0,0,3,,0,0
1492-2,6,94,arrieros,163,112,2,263,121,0,2,0,30,62,0,0,0,3,,0,0
1492-2,6,95,arrieros,163,112,2,274,107,0,2,0,18,50,0,0,0,3,,0,0
1492-2,6,96,arrieros,163,112,2,278,96,0,0,0,18,43,0,0,0,3,,0,0
1492-2,6,97,arrieros,162,108,2,260,77,0,0,0,18,43,0,0,0,3,1,18,0
1492-2,6,98,arrieros,162,108,2,201,75,0,0,0,18,39,0,0,0,3,,0,0
1492-2,6,99,arrieros,162,108,2,142,73,0,0,0,18,39,0,0,0,3,,0,0
1492-2,6,100,arrieros,162,108,2,117,71,0,0,0,18,39,0,0,0,3,,0,0
1492-2,6,101,arrieros,162,108,2,121,74,0,0,0,24,45,0,0,0,3,,0,0
1492-2,6,102,arrieros,162,108,2,132,69,0,0,0,24,52,0,0,0,3,,0,0
1492-2,6,103,arrieros,165,120,2,232,46,0,0,0,24,52,0,0,0,3,1,17,0
1492-2,6,104,arrieros,165,120,2,227,45,0,0,0,24,54,0,0,0,3,,0,0
1492-2,6,105,arrieros,173,120,2,240,43,0,0,0,24,54,0,0,0,3,,0,0
1492-2,6,106,arrieros,173,120,2,253,36,0,0,0,24,54,0,0,0,3,,0,0
1492-2,6,107,arrieros,173,121,2,266,46,0,0,0,41,71,0,0,0,3,,0,0
1492-2,6,108,arrieros,173,122,2,279,55,0,0,0,41,71,0,0,0,3,,0,0
1492-2,6,109,arrieros,173,123,2,303,64,0,0,0,41,71,0,0,0,3,1,16,0
1492-2,6,110,arrieros,174,125,2,216,78,0,2,0,41,74,0,0,0,3,,0,0
1492-2,6,111,arrieros,174,127,2,221,93,0,2,0,41,74,0,0,0,3,,0,0
1492-2,6,112,arrieros,174,129,2,237,102,0,2,0,41,74,0,0,0,3,,0,0
1492-2,6,113,arrieros,174,129,2,253,97,0,2,0,31,64,0,0,0,3,,0,0
1492-2,6,114,arrieros,174,129,2,269,95,0,0,0,31,64,0,0,0,3,,0,0
1492-2,6,115,arrieros,174,129,2,374,92,0,0,0,31,64,0,0,0,3,1,19,0
1492-2,6,116,arrieros,174,129,2,327,97,0,0,0,31,64,0,0,0,3,,0,0
1492-2,6,117,arrieros,174,129,2,280,102,0,0,0,31,64,0,0,0,3,,0,0
1492-2,6,118,arrieros,174,129,2,278,106,0,0,0,31,64,0,0,0,3,,0,0
1492-2,6,119,arrieros,174,129,2,294,94,0,0,0,18,51,0,0,0,3,,0,0
1492-2,6,120,arrieros,174,129,2,302,77,0,0,0,18,43,0,0,0,3,,0,0
1492-2,6,121,arrieros,174,125,2,385,36,0,0,0,18,43,0,0,0,3,1,24,0
1492-2,6,122,arrieros,174,125,2,329,32,0,0,0,18,42,0,0,0,3,,0,0
1492-2,6,123,arrieros,182,125,2,273,28,0,0,0,18,42,0,0,0,3,,0,0
1492-2,6,124,arrieros,182,125,2,227,24,0,0,0,18,42,0,0,0,3,,0,0
1492-2,6,125,arrieros,182,125,2,234,26,0,0,0,24,48,0,0,0,3,,0,0
1492-2,6,126,arrieros,182,125,2,248,19,0,0,0,24,55,0,0,0,3,,0,0
1492-2,6,127,arrieros,182,125,2,316,12,0,0,0,24,55,0,0,0,3,1,14,0
1492-2,6,128,arrieros,182,125,2,252,11,0,2,0,24,55,0,0,0,3,,0,0
1492-2,6,129,arrieros,182,125,2,262,10,0,2,0,24,55,0,0,0,3,,0,0
1492-2,6,130,arrieros,182,125,2,276,4,0,1,0,24,55,0,0,0,3,,0,0
1492-2,6,131,arrieros,182,125,2,290,22,0,0,0,49,80,0,0,0,3,,0,0
1492-2,6,132,arrieros,182,127,2,304,39,0,0,0,49,80,0,0,0,3,,0,0
1492-2,6,133,arrieros,183,133,2,365,56,0,0,0,49,80,0,0,0,3,1,19,0
1492-2,6,134,arrieros,184,135,2,280,76,0,2,0,49,84,0,0,0,3,,0,0
1492-2,6,135,arrieros,184,137,2,266,97,0,2,0,49,84,0,0,0,3,,0,0
1492-2,6,136,arrieros,184,139,2,280,114,0,2,0,49,84,0,0,0,3,,0,0
1492-2,6,137,arrieros,184,139,2,298,105,0,2,0,28,63,0,0,0,3,,0,0
1492-2,6,138,arrieros,184,139,2,316,98,0,0,0,28,63,0,0,0,3,,0,0
1492-2,6,139,arrieros,184,135,2,423,83,0,0,0,28,63,0,0,0,3,1,21,0
1492-2,6,140,arrieros,184,135,2,376,84,0,0,0,28,61,0,0,0,3,,0,0
1492-2,6,141,arrieros,184,135,2,329,85,0,0,0,28,61,0,0,0,3,,0,0
1492-2,6,142,arrieros,184,135,2,282,86,0,0,0,28,61,0,0,0,3,,0,0
1492-2,6,143,arrieros,184,135,2,294,78,0,0,0,18,51,0,0,0,3,,0,0
1492-2,6,144,arrieros,184,135,2,303,62,0,0,0,18,44,0,0,0,3,,0,0
1492-2,6,145,arrieros,184,135,2,413,25,0,0,0,18,44,0,0,0,3,1,20,0
1492-2,6,146,arrieros,184,135,2,359,19,0,0,0,18,44,0,0,0,3,,0,0
1492-2,6,147,arrieros,184,135,2,305,13,0,0,0,18,44,0,0,0,3,,0,0
1492-2,6,148,arrieros,183,135,2,261,9,0,0,0,18,44,1,0,0,3,,0,0
1492-2,6,149,arrieros,183,135,2,270,9,0,0,0,24,50,0,0,0,3,,0,0
1492-2,6,150,arrieros,183,135,2,286,0,0,0,0,24,57,0,0,0,3,,0,0
1492-2,6,151,arrieros,182,135,2,363,0,0,0,0,24,57,1,0,0,3,1,16,0
1492-2,6,152,arrieros,181,135,2,276,6,0,2,0,24,57,1,0,0,3,,0,0
1492-2,6,153,arrieros,179,132,2,273,6,0,4,0,24,57,1,0,0,3,,0,0
1492-2,6,154,arrieros,177,129,2,289,5,0,4,0,24,57,1,0,0,3,,0,0
1492-2,6,155,arrieros,177,129,2,305,22,0,3,0,49,82,0,0,0,3,,0,0
1492-2,6,156,arrieros,178,131,2,321,39,0,2,0,49,82,0,0,0,3,,0,0
1492-2,6,157,arrieros,178,133,2,431,55,0,0,0,49,82,0,0,0,3,1,20,0
1492-2,6,158,arrieros,179,135,2,384,78,0,0,0,49,82,0,0,0,3,,0,0
1492-2,6,159,arrieros,179,135,2,338,100,0,0,0,49,83,0,0,0,3,,0,0
1492-2,6,160,arrieros,179,135,2,292,121,0,0,0,49,83,0,0,0,3,,0,0
1492-2,6,161,arrieros,179,135,2,301,124,0,0,0,31,65,0,0,0,3,,0,0
1492-2,6,162,arrieros,179,135,2,318,120,0,0,0,31,65,0,0,0,3,,0,0
1492-2,6,163,arrieros,178,131,2,427,89,0,0,0,31,65,0,0,0,3,1,31,0
1492-2,6,164,arrieros,178,131,2,381,94,0,0,0,31,65,0,0,0,3,,0,0
1492-2,6,165,arrieros,186,131,2,335,99,0,0,0,31,65,0,0,0,3,,0,0
1492-2,6,166,arrieros,186,131,2,289,104,0,0,0,31,65,0,0,0,3,,0,0
1492-2,6,167,arrieros,186,131,2,302,96,0,0,0,18,52,0,0,0,3,,0,0
1492-2,6,168,arrieros,186,131,2,312,80,0,0,0,18,45,0,0,0,3,,0,0
1492-2,6,169,arrieros,185,127,2,416,39,0,0,0,18,45,0,0,0,3,1,24,0
1492-2,6,170,arrieros,185,127,2,362,16,0,0,0,18,44,0,0,0,3,,0,0
1492-2,6,171,arrieros,185,127,2,308,12,0,0,0,18,44,0,0,0,3,,0,0
1492-2,6,172,arrieros,192,127,2,254,9,0,0,0,18,44,1,0,0,3,,0,0
1492-2,6,173,arrieros,192,127,2,263,11,0,0,0,24,50,0,0,0,3,,0,0
1492-2,6,174,arrieros,192,127,2,278,4,0,0,0,24,56,0,0,0,3,,0,0
1492-2,6,175,arrieros,191,127,2,353,0,0,0,0,24,56,1,0,0,3,1,15,0
1492-2,6,176,arrieros,190,127,2,265,6,0,2,0,24,56,1,0,0,3,,0,0
1492-2,6,177,arrieros,188,124,2,269,6,0,4,0,24,56,1,0,0,3,,0,0
1492-2,6,178,arrieros,187,122,2,283,3,0,4,0,24,55,1,0,0,3,,0,0
1492-2,6,179,arrieros,187,122,2,297,12,0,3,0,39,70,0,0,0,3,,0,0
1492-2,6,180,arrieros,187,122,2,311,21,0,2,0,39,70,0,0,0,3,,0,0
1492-2,6,181,arrieros,188,126,2,418,31,0,1,0,39,70,0,0,0,3,1,21,0
1492-2,6,182,arrieros,188,126,2,370,48,0,0,0,39,71,0,0,0,3,,0,0
1492-2,6,183,arrieros,188,126,2,322,63,0,0,0,39,71,0,0,0,3,,0,0
1492-2,6,184,arrieros,188,126,2,284,78,0,0,0,39,71,0,0,0,3,,0,0
1492-2,6,185,arrieros,188,126,2,291,83,0,0,0,30,62,0,0,0,3,,0,0
1492-2,6,186,arrieros,188,126,2,306,81,0,0,0,30,62,0,0,0,3,,0,0
1492-2,6,187,arrieros,188,126,2,418,74,0,0,0,30,62,0,0,0,3,1,22,0
1492-2,6,188,arrieros,188,126,2,370,80,0,0,0,30,62,0,0,0,3,,0,0
1492-2,6,189,arrieros,188,126,2,322,86,0,0,0,31,63,0,0,0,3,,0,0
1492-2,6,190,arrieros,188,126,2,284,92,0,0,0,31,63,0,0,0,3,,0,0
1492-2,6,191,arrieros,188,126,2,295,85,0,0,0,18,50,0,0,0,3,,0,0
1492-2,6,192,arrieros,188,126,2,304,71,0,0,0,18,44,0,0,0,3,,0,0
1492-2,6,193,arrieros,187,122,2,340,51,0,0,0,18,44,0,0,0,3,1,20,0
1492-2,6,194,arrieros,187,122,2,304,48,0,0,0,18,43,0,0,0,3,,0,0
1492-2,6,195,arrieros,187,122,2,268,45,0,0,0,18,43,0,0,0,3,,0,0
1492-2,6,196,arrieros,187,122,2,232,42,0,0,0,18,43,0,0,0,3,,0,0
1492-2,6,197,arrieros,187,122,2,196,45,0,0,0,24,49,0,0,0,3,,0,0
1492-2,6,198,arrieros,187,122,2,187,48,0,0,0,24,54,0,0,0,3,,0,0
1492-2,6,199,arrieros,187,122,2,253,45,0,0,0,24,54,0,0,0,3,1,10,0
1492-2,6,200,arrieros,187,122,2,244,42,0,2,0,24,54,0,0,0,3,,0,0
1492-2,6,1,canteros,39,116,1,40,56,0,0,0,18,48,0,0,0,0,1,4,0
1492-2,6,2,canteros,39,116,1,47,42,0,0,0,18,34,0,0,0,0,,0,0
1492-2,6,3,canteros,39,116,1,54,28,0,0,0,18,34,0,1,0,0,,0,0
1492-2,6,4,canteros,39,116,1,69,17,0,0,0,18,42,0,0,0,0,,0,0
1492-2,6,5,canteros,39,116,1,84,12,0,0,0,24,48,0,0,0,0,,0,0
1492-2,6,6,canteros,39,116,1,110,7,0,0,0,24,59,0,0,0,0,,0,0
1492-2,6,7,canteros,39,116,1,100,2,0,0,0,24,59,0,0,0,0,1,7,0
1492-2,6,8,canteros,38,116,1,112,4,0,0,0,24,59,1,0,0,0,,0,0
1492-2,6,9,canteros,37,116,1,138,3,0,0,0,24,59,1,0,0,0,,0,0
1492-2,6,10,canteros,35,113,1,164,0,0,0,0,24,59,1,0,0,0,,0,0
1492-2,6,11,canteros,35,113,1,190,20,0,0,0,48,83,0,0,0,0,,0,0
1492-2,6,12,canteros,35,113,1,216,39,0,0,0,48,83,0,0,0,0,,0,0
1492-2,6,13,canteros,35,113,1,172,57,0,0,0,48,83,0,0,0,0,1,11,0
1492-2,6,14,canteros,35,113,1,136,78,0,2,0,48,83,0,0,0,0,,0,0
1492-2,6,15,canteros,35,113,1,157,101,0,1,0,48,83,0,0,0,0,,0,0
1492-2,6,16,canteros,50,113,1,183,118,0,1,0,48,83,0,0,0,1,,0,0
1492-2,6,17,canteros,50,113,1,209,116,0,1,0,30,65,0,0,0,1,,0,0
1492-2,6,18,canteros,50,113,1,235,114,0,1,0,30,64,0,0,0,1,,0,0
1492-2,6,19,canteros,49,109,1,242,102,0,1,0,30,64,0,0,0,1,1,15,0
1492-2,6,20,canteros,49,109,1,219,108,0,1,0,30,62,0,0,0,1,,0,0
1492-2,6,21,canteros,49,109,1,196,114,0,1,0,30,62,0,0,0,1,,0,0
1492-2,6,22,canteros,49,109,1,191,120,0,1,0,30,62,0,0,0,1,,0,0
1492-2,6,23,canteros,49,109,1,210,114,0,1,0,18,50,0,0,0,1,,0,0
1492-2,6,24,canteros,49,109,1,224,102,0,1,0,18,40,0,0,0,1,,0,0
1492-2,6,25,canteros,49,105,1,223,66,0,1,0,18,40,0,0,0,1,1,18,0
1492-2,6,26,canteros,49,105,1,190,63,0,1,0,18,40,0,0,0,1,,0,0
1492-2,6,27,canteros,67,105,1,157,60,0,1,0,18,40,0,0,0,2,,0,0
1492-2,6,28,canteros,67,105,1,150,57,0,1,0,18,40,0,0,0,2,,0,0
1492-2,6,29,canteros,67,105,1,164,58,0,1,0,24,46,0,0,0,2,,0,0
1492-2,6,30,canteros,67,105,1,188,54,0,1,0,24,56,0,0,0,2,,0,0
1492-2,6,31,canteros,67,105,1,200,50,0,1,0,24,56,0,0,0,2,1,11,0
1492-2,6,32,canteros,67,105,1,163,52,0,1,0,24,56,0,0,0,2,,0,0
1492-2,6,33,canteros,67,105,1,182,53,0,1,0,24,56,0,0,0,2,,0,0
1492-2,6,34,canteros,67,105,1,206,50,0,1,0,24,56,0,0,0,2,,0,0
1492-2,6,35,canteros,67,105,1,230,70,0,1,0,48,79,0,0,0,2,,0,0
1492-2,6,36,canteros,67,105,1,254,89,0,1,0,48,79,0,0,0,2,,0,0
1492-2,6,37,canteros,67,105,1,157,96,0,0,0,48,79,0,0,0,2,1,34,0
1492-2,6,38,canteros,75,105,1,138,116,0,1,0,48,79,0,0,0,2,,0,0
1492-2,6,39,canteros,75,105,1,119,135,0,2,0,48,79,0,0,0,2,,0,0
1492-2,6,40,canteros,75,105,1,88,153,0,3,0,48,79,0,0,0,2,,0,0
1492-2,6,41,canteros,75,105,1,103,156,0,4,0,30,61,0,0,0,2,,0,0
1492-2,6,42,canteros,75,105,1,127,147,0,0,0,30,61,0,0,0,2,,0,0
1492-2,6,43,canteros,75,105,1,240,144,0,0,0,30,61,0,0,0,2,1,6,0
1492-2,6,44,canteros,83,105,1,247,148,0,0,0,30,61,0,0,0,2,,0,0
1492-2,6,45,canteros,83,105,1,271,148,0,0,0,30,61,0,0,0,2,,0,0
1492-2,6,46,canteros,83,105,1,295,144,0,0,0,30,61,0,0,0,2,,0,0
1492-2,6,47,canteros,83,105,1,319,117,0,0,0,18,49,0,0,0,2,,0,0
1492-2,6,48,canteros,91,105,1,333,103,0,0,0,18,39,0,0,0,2,,0,0
1492-2,6,49,canteros,91,105,1,321,90,0,0,0,18,39,0,0,0,2,1,18,0
1492-2,6,50,canteros,91,105,1,282,84,0,0,0,18,39,0,0,0,2,,0,0
1492-2,6,51,canteros,91,105,1,243,79,0,0,0,18,39,0,0,0,2,,0,0
1492-2,6,52,canteros,91,105,1,204,74,0,0,0,18,38,0,0,0,2,,0,0
1492-2,6,53,canteros,91,105,1,171,75,0,0,0,24,44,0,0,0,2,,0,0
1492-2,6,54,canteros,91,105,1,154,76,0,0,0,24,54,0,0,0,2,,0,0
1492-2,6,55,canteros,91,105,1,173,65,0,0,0,24,54,0,0,0,2,1,17,0
1492-2,6,56,canteros,91,105,1,187,63,0,2,0,24,54,0,0,0,2,,0,0
1492-2,6,57,canteros,99,105,1,211,59,0,0,0,24,54,0,0,0,2,,0,0
1492-2,6,58,canteros,99,105,1,235,53,0,0,0,24,54,0,0,0,2,,0,0
1492-2,6,59,canteros,99,105,1,259,71,0,0,0,48,78,0,0,0,2,,0,0
1492-2,6,60,canteros,99,105,1,283,88,0,0,0,48,78,0,0,0,2,,0,0
1492-2,6,61,canteros,99,105,1,250,104,0,0,0,48,78,0,0,0,2,1,14,0
1492-2,6,62,canteros,99,105,1,182,124,0,2,0,48,78,0,0,0,2,,0,0
1492-2,6,63,canteros,99,105,1,165,143,0,4,0,48,78,0,0,0,2,,0,0
1492-2,6,64,canteros,99,105,1,176,163,0,0,0,48,78,0,0,0,2,,0,0
1492-2,6,65,canteros,99,105,1,200,162,0,0,0,30,60,0,0,0,2,,0,0
1492-2,6,66,canteros,99,105,1,224,158,0,0,0,30,60,0,0,0,2,,0,0
1492-2,6,67,canteros,99,105,1,268,154,0,0,0,30,60,0,0,0,2,1,12,0
1492-2,6,68,canteros,99,105,1,239,157,0,0,0,30,60,0,0,0,2,,0,0
1492-2,6,69,canteros,107,105,1,210,160,0,0,0,30,60,0,0,0,2,,0,0
1492-2,6,70,canteros,107,105,1,207,163,0,0,0,30,60,0,0,0,2,,0,0
1492-2,6,71,canteros,107,105,1,231,152,0,0,0,18,48,0,0,0,2,,0,0
1492-2,6,72,canteros,107,105,1,245,137,0,0,0,18,38,0,0,0,2,,0,0
1492-2,6,73,canteros,107,105,1,258,122,0,0,0,18,38,0,0,0,2,1,13,0
1492-2,6,74,canteros,107,105,1,220,115,0,0,0,18,38,0,0,0,2,,0,0
1492-2,6,75,canteros,107,105,1,187,108,0,0,0,18,38,0,0,0,2,,0,0
1492-2,6,76,canteros,107,105,1,154,102,0,0,0,18,38,0,0,0,2,,0,0
1492-2,6,77,canteros,107,105,1,162,102,0,0,0,24,44,0,0,0,2,,0,0
1492-2,6,78,canteros,107,105,1,186,95,0,0,0,24,54,0,0,0,2,,0,0
1492-2,6,79,canteros,107,109,1,188,88,0,0,0,24,54,0,0,0,2,1,11,0
1492-2,6,80,canteros,107,109,1,177,84,0,2,0,24,54,0,0,0,2,,0,0
1492-2,6,81,canteros,107,109,1,190,82,0,0,0,24,54,0,0,0,2,,0,0
1492-2,6,82,canteros,107,109,1,214,75,0,0,0,24,54,0,0,0,2,,0,0
1492-2,6,83,canteros,107,109,1,238,91,0,0,0,48,78,0,0,0,2,,0,0
1492-2,6,84,canteros,107,109,1,262,106,0,0,0,48,78,0,0,0,2,,0,0
1492-2,6,85,canteros,107,105,1,218,111,0,0,0,48,78,0,0,0,2,1,13,0
1492-2,6,86,canteros,107,105,1,150,130,0,2,0,48,78,0,0,0,2,,0,0
1492-2,6,87,canteros,107,105,1,139,148,0,4,0,48,78,0,0,0,2,,0,0
1492-2,6,88,canteros,107,105,1,163,169,0,0,0,48,78,0,0,0,2,,0,0
1492-2,6,89,canteros,107,105,1,187,165,0,0,0,30,60,0,0,0,2,,0,0
1492-2,6,90,canteros,107,105,1,211,161,0,0,0,30,60,0,0,0,2,,0,0
1492-2,6,91,canteros,107,105,1,248,144,0,0,0,30,60,0,0,0,2,1,22,0
1492-2,6,92,canteros,107,105,1,220,148,0,0,0,30,60,0,0,0,2,,0,0
1492-2,6,93,canteros,115,105,1,191,151,0,0,0,30,60,0,0,0,2,,0,0
1492-2,6,94,canteros,325,105,1,204,154,0,0,0,30,60,0,1,1,3,,0,0
1492-2,6,95,canteros,325,105,1,228,143,0,0,0,18,48,0,0,0,3,,0,0
1492-2,6,96,canteros,325,105,1,242,130,0,0,0,18,38,0,0,0,3,,0,0
1492-2,6,97,canteros,325,105,1,253,118,0,0,0,18,38,0,0,0,3,1,14,0
1492-2,6,98,canteros,325,105,1,220,111,0,0,0,16,36,0,0,0,3,,0,0
1492-2,6,99,canteros,325,105,1,187,104,0,0,0,16,36,0,0,0,3,,0,0
1492-2,6,100,canteros,325,105,1,160,98,0,0,0,16,36,0,0,0,3,,0,0
1492-2,6,101,canteros,325,105,1,174,97,0,0,0,21,41,0,0,0,3,,0,0
1492-2,6,102,canteros,325,105,1,198,84,0,0,0,21,51,0,0,0,3,,0,0
1492-2,6,103,canteros,325,105,1,190,76,0,0,0,21,51,0,0,0,3,1,10,0
1492-2,6,104,canteros,325,105,1,179,73,0,2,0,21,51,0,0,0,3,,0,0
1492-2,6,105,canteros,325,105,1,186,71,0,0,0,21,51,0,0,0,3,,0,0
1492-2,6,106,canteros,333,105,1,210,68,0,0,0,21,51,0,0,0,3,,0,0
1492-2,6,107,canteros,333,105,1,234,82,0,0,0,43,73,0,0,0,3,,0,0
1492-2,6,108,canteros,333,105,1,258,96,0,0,0,43,73,0,0,0,3,,0,0
1492-2,6,109,canteros,333,105,1,237,109,0,0,0,43,73,0,0,0,3,1,12,0
1492-2,6,110,canteros,333,105,1,175,125,0,2,0,43,73,0,0,0,3,,0,0
1492-2,6,111,canteros,333,105,1,176,141,0,4,0,43,73,0,0,0,3,,0,0
1492-2,6,112,canteros,333,105,1,200,159,0,0,0,43,73,0,0,0,3,,0,0
1492-2,6,113,canteros,333,105,1,224,154,0,0,0,27,57,0,0,0,3,,0,0
1492-2,6,114,canteros,333,105,1,248,149,0,0,0,27,57,0,0,0,3,,0,0
1492-2,6,115,canteros,333,109,1,293,144,0,0,0,27,57,0,0,0,3,1,14,0
1492-2,6,116,canteros,333,109,1,270,146,0,0,0,27,57,0,0,0,3,,0,0
1492-2,6,117,canteros,333,109,1,247,148,0,0,0,27,57,0,0,0,3,,0,0
1492-2,6,118,canteros,333,109,1,224,150,0,0,0,27,57,0,0,0,3,,0,0
1492-2,6,119,canteros,333,109,1,248,141,0,0,0,16,46,0,0,0,3,,0,0
1492-2,6,120,canteros,333,109,1,262,125,0,0,0,16,36,0,0,0,3,,0,0
1492-2,6,121,canteros,333,105,1,270,100,0,0,0,16,36,0,0,0,3,1,12,0
1492-2,6,122,canteros,333,105,1,243,97,0,0,0,16,36,0,0,0,3,,0,0
1492-2,6,123,canteros,333,105,1,216,94,0,0,0,16,36,0,0,0,3,,0,0
1492-2,6,124,canteros,333,105,1,189,91,0,0,0,16,36,0,0,0,3,,0,0
1492-2,6,125,canteros,333,105,1,166,93,0,0,0,21,41,0,0,0,3,,0,0
1492-2,6,126,canteros,333,105,1,190,94,0,0,0,21,51,0,0,0,3,,0,0
1492-2,6,127,canteros,333,105,1,198,73,0,0,0,21,51,0,0,0,3,1,18,0
1492-2,6,128,canteros,333,105,1,193,73,0,2,0,21,51,0,0,0,3,,0,0
1492-2,6,129,canteros,341,105,1,196,74,0,0,0,21,51,0,0,0,3,,0,0
1492-2,6,130,canteros,341,105,1,220,72,0,0,0,21,51,0,0,0,3,,0,0
1492-2,6,131,canteros,341,105,1,244,86,0,0,0,43,73,0,0,0,3,,0,0
1492-2,6,132,canteros,341,105,1,268,99,0,0,0,43,73,0,0,0,3,,0,0
1492-2,6,133,canteros,341,105,1,252,112,0,0,0,43,73,0,0,0,3,1,11,0
1492-2,6,134,canteros,341,105,1,196,131,0,2,0,43,73,0,0,0,3,,0,0
1492-2,6,135,canteros,341,105,1,191,150,0,4,0,43,73,0,0,0,3,,0,0
1492-2,6,136,canteros,341,105,1,198,169,0,0,0,43,73,0,0,0,3,,0,0
1492-2,6,137,canteros,341,105,1,222,168,0,0,0,27,57,0,0,0,3,,0,0
1492-2,6,138,canteros,341,105,1,246,163,0,0,0,27,57,0,0,0,3,,0,0
1492-2,6,139,canteros,341,105,1,331,158,0,0,0,27,57,0,0,0,3,1,1,0
1492-2,6,140,canteros,341,105,1,355,153,0,0,0,27,57,0,0,0,3,,0,0
1492-2,6,141,canteros,349,105,1,379,148,0,0,0,27,57,0,0,0,3,,0,0
1492-2,6,142,canteros,349,105,1,403,144,0,0,0,27,57,0,0,0,3,,0,0
1492-2,6,143,canteros,349,105,1,427,129,0,0,0,16,46,0,0,0,3,,0,0
1492-2,6,144,canteros,349,105,1,441,115,0,0,0,16,36,0,0,0,3,,0,0
1492-2,6,145,canteros,349,105,1,426,101,0,0,0,16,36,0,0,0,3,1,14,0
1492-2,6,146,canteros,349,105,1,411,95,0,0,0,16,36,0,0,0,3,,0,0
1492-2,6,147,canteros,349,105,1,384,89,0,0,0,16,36,0,0,0,3,,0,0
1492-2,6,148,canteros,349,105,1,357,86,0,0,0,16,36,0,0,0,3,,0,0
1492-2,6,149,canteros,349,105,1,330,88,0,0,0,21,41,0,0,0,3,,0,0
1492-2,6,150,canteros,349,105,1,313,90,0,0,0,21,51,0,0,0,3,,0,0
1492-2,6,151,canteros,349,109,1,379,93,0,0,0,21,51,0,0,0,3,1,19,0
1492-2,6,152,canteros,349,109,1,335,88,0,2,0,21,51,0,0,0,3,,0,0
1492-2,6,153,canteros,349,109,1,291,85,0,2,0,21,51,0,0,0,3,,0,0
1492-2,6,154,canteros,349,109,1,286,82,0,2,0,21,51,0,0,0,3,,0,0
1492-2,6,155,canteros,349,109,1,293,104,0,0,0,43,73,0,0,0,3,,0,0
1492-2,6,156,canteros,349,109,1,317,120,0,0,0,43,73,0,0,0,3,,0,0
1492-2,6,157,canteros,349,105,1,391,121,0,0,0,43,73,0,0,0,3,1,18,0
1492-2,6,158,canteros,349,105,1,347,137,0,2,0,43,73,0,0,0,3,,0,0
1492-2,6,159,canteros,349,105,1,303,152,0,4,0,43,73,0,0,0,3,,0,0
1492-2,6,160,canteros,349,105,1,298,170,0,2,0,43,73,0,0,0,3,,0,0
1492-2,6,161,canteros,349,105,1,301,172,0,2,0,27,57,0,0,0,3,,0,0
1492-2,6,162,canteros,349,105,1,325,172,0,2,0,27,57,0,0,0,3,,0,0
1492-2,6,163,canteros,349,105,1,485,154,0,2,0,27,57,0,0,0,3,1,14,0
1492-2,6,164,canteros,349,105,1,509,149,0,2,0,27,57,0,0,0,3,,0,0
1492-2,6,165,canteros,357,105,1,533,144,0,2,0,27,57,0,0,0,3,,0,0
1492-2,6,166,canteros,357,105,1,557,140,0,2,0,27,57,0,0,0,3,,0,0
1492-2,6,167,canteros,357,105,1,581,125,0,2,0,16,46,0,0,0,3,,0,0
1492-2,6,168,canteros,357,105,1,595,111,0,2,0,16,36,0,0,0,3,,0,0
1492-2,6,169,canteros,357,105,1,644,97,0,0,0,13,33,0,0,0,3,1,16,0
1492-2,6,170,canteros,357,105,1,629,88,0,0,0,13,33,0,0,0,3,,0,0
1492-2,6,171,canteros,357,105,1,614,79,0,0,0,13,33,0,0,0,3,,0,0
1492-2,6,172,canteros,357,105,1,599,62,0,0,0,13,33,0,0,0,3,,0,0
1492-2,6,173,canteros,357,105,1,572,62,0,0,0,21,41,0,0,0,3,,0,0
1492-2,6,174,canteros,357,105,1,555,65,0,0,0,21,51,0,0,0,3,,0,0
1492-2,6,175,canteros,365,105,1,630,68,0,0,0,21,51,0,0,0,3,1,21,0
1492-2,6,176,canteros,365,105,1,586,65,0,2,0,21,51,0,0,0,3,,0,0
1492-2,6,177,canteros,365,105,1,542,63,0,2,0,21,51,0,0,0,3,,0,0
1492-2,6,178,canteros,365,105,1,486,61,0,2,0,21,51,0,0,0,3,,0,0
1492-2,6,179,canteros,365,105,1,430,91,0,2,0,50,80,0,0,0,3,,0,0
1492-2,6,180,canteros,365,105,1,374,118,0,4,0,50,80,0,0,0,3,,0,0
1492-2,6,181,canteros,365,105,1,564,147,0,3,0,50,80,0,0,0,3,1,16,0
1492-2,6,182,canteros,365,105,1,559,172,0,3,0,50,80,0,0,0,3,,0,0
1492-2,6,183,canteros,365,105,1,554,196,0,3,0,50,80,0,0,0,3,,0,0
1492-2,6,184,canteros,365,105,1,549,219,0,3,0,50,80,0,0,0,3,,0,0
1492-2,6,185,canteros,365,105,1,532,219,0,3,0,27,57,0,0,0,3,,0,0
1492-2,6,186,canteros,365,105,1,515,222,0,3,0,27,57,0,0,0,3,,0,0
1492-2,6,187,canteros,365,109,1,669,225,0,3,0,27,57,0,0,0,3,1,3,0
1492-2,6,188,canteros,365,109,1,693,216,0,3,0,27,57,0,0,0,3,,0,0
1492-2,6,189,canteros,365,109,1,717,208,0,3,0,27,57,0,0,0,3,,0,0
1492-2,6,190,canteros,365,109,1,741,200,0,3,0,27,57,0,0,0,3,,0,0
1492-2,6,191,canteros,365,109,1,765,179,0,3,0,13,43,0,0,0,3,,0,0
1492-2,6,192,canteros,365,109,1,779,159,0,3,0,13,33,0,0,0,3,,0,0
1492-2,6,193,canteros,365,105,1,793,136,0,0,0,16,36,0,0,0,3,1,17,0
1492-2,6,194,canteros,365,105,1,778,128,0,0,0,16,36,0,0,0,3,,0,0
1492-2,6,195,canteros,365,105,1,763,121,0,0,0,16,36,0,0,0,3,,0,0
1492-2,6,196,canteros,365,105,1,748,114,0,0,0,16,36,0,0,0,3,,0,0
1492-2,6,197,canteros,365,105,1,725,112,0,0,0,21,41,0,0,0,3,,0,0
1492-2,6,198,canteros,365,105,1,712,112,0,0,0,21,51,0,0,0,3,,0,0
1492-2,6,199,canteros,365,105,1,784,99,0,0,0,21,51,0,0,0,3,1,31,0
1492-2,6,200,canteros,365,105,1,740,95,0,2,0,21,51,0,0,0,3,,0,0
1492-2,6,1,ferrones,25,46,1,45,63,0,0,0,7,17,0,0,0,0,1,7,0
1492-2,6,2,ferrones,25,46,1,45,55,0,0,0,7,11,0,0,0,0,,0,0
1492-2,6,3,ferrones,25,46,1,45,48,0,0,0,7,11,0,0,0,0,,0,0
1492-2,6,4,ferrones,25,46,1,45,41,0,0,0,7,11,0,0,0,0,,0,0
1492-2,6,5,ferrones,25,46,1,45,36,0,0,0,9,13,0,1,0,0,,0,0
1492-2,6,6,ferrones,25,46,1,57,33,0,0,0,9,25,0,0,0,0,,0,0
1492-2,6,7,ferrones,25,46,1,69,30,0,0,0,9,25,0,0,0,0,1,1,0
1492-2,6,8,ferrones,25,46,1,81,27,0,0,0,9,25,0,0,0,0,,0,0
1492-2,6,9,ferrones,25,46,1,93,24,0,0,0,9,25,0,0,0,0,,0,0
1492-2,6,10,ferrones,25,46,1,105,22,0,0,0,9,25,0,0,0,0,,0,0
1492-2,6,11,ferrones,25,46,1,117,29,0,0,0,19,35,0,0,0,0,,0,0
1492-2,6,12,ferrones,25,48,1,129,36,0,0,0,19,35,0,0,0,0,,0,0
1492-2,6,13,ferrones,25,46,1,53,32,0,0,0,19,35,0,0,0,0,1,7,0
1492-2,6,14,ferrones,25,48,1,65,42,0,1,0,19,35,0,0,0,0,,0,0
1492-2,6,15,ferrones,26,50,1,77,49,0,0,0,19,35,0,0,0,0,,0,0
1492-2,6,16,ferrones,26,52,1,91,54,0,0,0,19,37,0,0,0,0,,0,0
1492-2,6,17,ferrones,26,52,1,105,51,0,0,0,12,30,0,0,0,0,,0,0
1492-2,6,18,ferrones,26,52,1,119,48,0,0,0,12,30,0,0,0,0,,0,0
1492-2,6,19,ferrones,25,48,1,76,23,0,0,0,12,30,0,0,0,0,1,16,0
1492-2,6,20,ferrones,25,48,1,78,26,0,0,0,12,28,0,0,0,0,,0,0
1492-2,6,21,ferrones,43,48,1,90,24,0,0,0,12,28,0,1,0,1,,0,0
1492-2,6,22,ferrones,43,48,1,102,24,0,0,0,12,32,0,0,0,1,,0,0
1492-2,6,23,ferrones,43,48,1,114,19,0,0,0,7,27,0,0,0,1,,0,0
1492-2,6,24,ferrones,43,48,1,122,14,0,0,0,7,23,0,0,0,1,,0,0
1492-2,6,25,ferrones,43,48,1,84,9,0,0,0,7,23,0,0,0,1,1,4,0
1492-2,6,26,ferrones,43,48,1,92,11,0,0,0,7,23,0,0,0,1,,0,0
1492-2,6,27,ferrones,43,48,1,100,6,0,0,0,7,23,0,0,0,1,,0,0
1492-2,6,28,ferrones,43,48,1,108,1,0,0,0,7,23,0,0,0,1,,0,0
1492-2,6,29,ferrones,42,48,1,116,0,0,0,0,9,25,1,0,0,1,,0,0
1492-2,6,30,ferrones,41,48,1,128,0,0,0,0,9,29,1,0,0,1,,0,0
1492-2,6,31,ferrones,40,47,1,111,0,0,0,0,9,29,1,0,0,1,1,7,0
1492-2,6,32,ferrones,39,46,1,104,4,0,0,0,9,29,1,0,0,1,,0,0
1492-2,6,33,ferrones,39,46,1,116,4,0,0,0,9,29,0,0,0,1,,0,0
1492-2,6,34,ferrones,39,46,1,128,2,0,0,0,9,29,0,0,0,1,,0,0
1492-2,6,35,ferrones,39,46,1,140,10,0,0,0,19,39,0,0,0,1,,0,0
1492-2,6,36,ferrones,39,46,1,152,18,0,0,0,19,39,0,0,0,1,,0,0
1492-2,6,37,ferrones,39,46,1,110,25,0,0,0,19,39,0,0,0,1,1,8,0
1492-2,6,38,ferrones,39,48,1,103,36,0,1,0,19,39,0,0,0,1,,0,0
1492-2,6,39,ferrones,48,50,1,115,43,0,0,0,19,39,0,1,0,1,,0,0
1492-2,6,40,ferrones,48,52,1,129,48,0,0,0,19,41,0,0,0,1,,0,0
1492-2,6,41,ferrones,48,52,1,143,46,0,0,0,12,34,0,0,0,1,,0,0
1492-2,6,42,ferrones,48,52,1,157,44,0,0,0,12,34,0,0,0,1,,0,0
1492-2,6,43,ferrones,48,50,1,101,32,0,0,0,12,34,0,0,0,1,1,7,0
1492-2,6,44,ferrones,48,50,1,97,34,0,0,0,12,34,0,0,0,1,,0,0
1492-2,6,45,ferrones,48,50,1,111,33,0,0,0,12,34,0,0,0,1,,0,0
1492-2,6,46,ferrones,48,50,1,125,30,0,0,0,12,34,0,1,0,1,,0,0
1492-2,6,47,ferrones,48,50,1,139,24,0,0,0,7,29,0,0,0,1,,0,0
1492-2,6,48,ferrones,48,50,1,148,19,0,0,0,7,24,0,0,0,1,,0,0
1492-2,6,49,ferrones,48,54,1,133,15,0,0,0,7,24,0,0,0,1,1,7,0
1492-2,6,50,ferrones,48,54,1,117,16,0,0,0,7,24,0,0,0,1,,0,0
1492-2,6,51,ferrones,48,54,1,126,15,0,0,0,7,24,0,0,0,1,,0,0
1492-2,6,52,ferrones,48,54,1,135,9,0,0,0,7,24,0,0,0,1,,0,0
1492-2,6,53,ferrones,48,54,1,144,5,0,0,0,9,26,0,0,0,1,,0,0
1492-2,6,54,ferrones,48,54,1,158,1,0,0,0,9,31,0,0,0,1,,0,0
1492-2,6,55,ferrones,47,54,1,99,0,0,0,0,9,31,1,0,0,1,1,5,0
1492-2,6,56,ferrones,46,54,1,113,4,0,2,0,9,31,1,0,0,1,,0,0
1492-2,6,57,ferrones,45,53,1,127,0,0,2,0,6,28,1,0,0,1,,0,0
1492-2,6,58,ferrones,44,52,1,141,0,0,2,0,6,28,1,0,0,1,,0,0
1492-2,6,59,ferrones,44,52,1,155,0,0,2,0,13,35,0,0,0,1,,0,0
1492-2,6,60,ferrones,44,52,1,169,0,0,2,0,13,35,0,0,0,1,,0,0
1492-2,6,61,ferrones,44,52,1,151,0,0,2,0,13,35,0,0,0,1,1,7,0
1492-2,6,62,ferrones,44,52,1,118,7,0,2,0,13,35,0,0,0,1,,0,0
1492-2,6,63,ferrones,44,52,1,132,17,0,1,0,19,41,0,0,0,1,,0,0
1492-2,6,64,ferrones,44,52,1,146,23,0,0,0,19,41,0,0,0,1,,0,0
1492-2,6,65,ferrones,44,52,1,160,24,0,0,0,14,36,0,0,0,1,,0,0
1492-2,6,66,ferrones,44,52,1,174,24,0,0,0,14,36,0,0,0,1,,0,0
1492-2,6,67,ferrones,44,52,1,149,24,0,0,0,14,36,0,0,0,1,1,7,0
1492-2,6,68,ferrones,44,52,1,121,29,0,0,0,14,36,0,0,0,1,,0,0
1492-2,6,69,ferrones,44,54,1,135,32,0,0,0,14,36,0,0,0,1,,0,0
1492-2,6,70,ferrones,45,56,1,149,32,0,0,0,14,36,0,0,0,1,,0,0
1492-2,6,71,ferrones,45,56,1,163,24,0,0,0,7,29,0,0,0,1,,0,0
1492-2,6,72,ferrones,45,56,1,172,17,0,0,0,7,24,0,0,0,1,,0,0
1492-2,6,73,ferrones,45,56,1,152,10,0,0,0,7,24,0,0,0,1,1,9,0
1492-2,6,74,ferrones,45,56,1,117,10,0,0,0,7,24,0,0,0,1,,0,0
1492-2,6,75,ferrones,45,56,1,121,10,0,0,0,7,24,0,0,0,1,,0,0
1492-2,6,76,ferrones,45,56,1,130,4,0,0,0,7,24,0,0,0,1,,0,0
1492-2,6,77,ferrones,44,56,1,139,0,0,0,0,9,26,1,0,0,1,,0,0
1492-2,6,78,ferrones,43,56,1,153,0,0,0,0,9,31,1,0,0,1,,0,0
1492-2,6,79,ferrones,42,55,1,124,0,0,0,0,9,31,1,0,0,1,1,7,0
1492-2,6,80,ferrones,40,54,1,118,4,0,1,0,9,31,1,0,0,1,,0,0
1492-2,6,81,ferrones,40,54,1,132,4,0,1,0,9,31,0,0,0,1,,0,0
1492-2,6,82,ferrones,40,54,1,146,0,0,1,0,9,31,0,0,0,1,,0,0
1492-2,6,83,ferrones,40,54,1,160,6,0,0,0,19,41,0,0,0,1,,0,0
1492-2,6,84,ferrones,40,54,1,174,12,0,0,0,19,41,0,0,0,1,,0,0
1492-2,6,85,ferrones,40,54,1,117,18,0,0,0,19,41,0,0,0,1,1,7,0
1492-2,6,86,ferrones,40,54,1,116,28,0,2,0,19,41,0,0,0,1,,0,0
1492-2,6,87,ferrones,41,56,1,130,37,0,1,0,19,41,0,0,0,1,,0,0
1492-2,6,88,ferrones,41,58,1,144,42,0,0,0,19,41,0,0,0,1,,0,0
1492-2,6,89,ferrones,41,58,1,158,39,0,0,0,12,34,0,0,0,1,,0,0
1492-2,6,90,ferrones,41,58,1,172,36,0,0,0,12,34,0,0,0,1,,0,0
1492-2,6,91,ferrones,41,58,1,157,33,0,0,0,12,34,0,0,0,1,1,9,0
1492-2,6,92,ferrones,41,58,1,127,37,0,0,0,12,34,0,0,0,1,,0,0
1492-2,6,93,ferrones,41,58,1,136,41,0,0,0,12,34,0,0,0,1,,0,0
1492-2,6,94,ferrones,41,58,1,150,39,0,0,0,12,34,0,0,0,1,,0,0
1492-2,6,95,ferrones,41,58,1,164,31,0,0,0,7,29,0,0,0,1,,0,0
1492-2,6,96,ferrones,41,58,1,173,24,0,0,0,7,24,0,0,0,1,,0,0
1492-2,6,97,ferrones,41,58,1,150,17,0,0,0,7,24,0,0,0,1,1,9,0
1492-2,6,98,ferrones,41,58,1,115,17,0,0,0,7,24,0,0,0,1,,0,0
1492-2,6,99,ferrones,41,58,1,119,17,0,0,0,7,24,0,0,0,1,,0,0
1492-2,6,100,ferrones,41,58,1,128,11,0,0,0,7,24,0,0,0,1,,0,0
1492-2,6,101,ferrones,41,58,1,137,6,0,0,0,9,26,0,0,0,1,,0,0
1492-2,6,102,ferrones,41,58,1,151,1,0,0,0,9,31,0,0,0,1,,0,0
1492-2,6,103,ferrones,40,58,1,121,0,0,0,0,9,31,1,0,0,1,1,7,0
1492-2,6,104,ferrones,39,58,1,120,4,0,1,0,9,31,1,0,0,1,,0,0
1492-2,6,105,ferrones,38,57,1,134,3,0,1,0,9,31,1,0,0,1,,0,0
1492-2,6,106,ferrones,37,56,1,148,0,0,1,0,9,31,1,0,0,1,,0,0
1492-2,6,107,ferrones,37,56,1,162,2,0,0,0,16,38,0,0,0,1,,0,0
1492-2,6,108,ferrones,37,56,1,176,4,0,0,0,16,38,0,0,0,1,,0,0
1492-2,6,109,ferrones,37,56,1,121,6,0,0,0,16,38,0,0,0,1,1,7,0
1492-2,6,110,ferrones,37,56,1,120,12,0,2,0,16,38,0,0,0,1,,0,0
1492-2,6,111,ferrones,37,56,1,134,17,0,1,0,16,38,0,0,0,1,,0,0
1492-2,6,112,ferrones,37,56,1,148,19,0,0,0,16,38,0,0,0,1,,0,0
1492-2,6,113,ferrones,37,56,1,162,17,0,0,0,12,34,0,0,0,1,,0,0
1492-2,6,114,ferrones,37,56,1,176,15,0,0,0,12,34,0,0,0,1,,0,0
1492-2,6,115,ferrones,37,56,1,162,13,0,0,0,12,34,0,0,0,1,1,7,0
1492-2,6,116,ferrones,37,56,1,123,18,0,0,0,12,34,0,0,0,1,,0,0
1492-2,6,117,ferrones,37,56,1,137,23,0,0,0,12,34,0,0,0,1,,0,0
1492-2,6,118,ferrones,37,56,1,151,21,0,0,0,12,34,0,0,0,1,,0,0
1492-2,6,119,ferrones,37,56,1,165,14,0,0,0,7,29,0,0,0,1,,0,0
1492-2,6,120,ferrones,37,56,1,174,7,0,0,0,7,24,0,0,0,1,,0,0
1492-2,6,121,ferrones,37,56,1,154,0,0,0,0,7,24,0,0,0,1,1,9,0
1492-2,6,122,ferrones,36,56,1,119,7,0,0,0,7,24,1,0,0,1,,0,0
1492-2,6,123,ferrones,36,56,1,123,7,0,0,0,7,24,0,0,0,1,,0,0
1492-2,6,124,ferrones,36,56,1,132,1,0,0,0,7,24,0,0,0,1,,0,0
1492-2,6,125,ferrones,35,56,1,141,0,0,0,0,9,26,1,0,0,1,,0,0
1492-2,6,126,ferrones,34,56,1,155,0,0,0,0,9,31,1,0,0,1,,0,0
1492-2,6,127,ferrones,33,55,1,126,0,0,0,0,9,31,1,0,0,1,1,7,0
1492-2,6,128,ferrones,31,54,1,120,4,0,1,0,9,31,1,0,0,1,,0,0
1492-2,6,129,ferrones,31,54,1,134,4,0,1,0,9,31,0,0,0,1,,0,0
1492-2,6,130,ferrones,31,54,1,148,0,0,1,0,9,31,0,0,0,1,,0,0
1492-2,6,131,ferrones,31,54,1,162,6,0,0,0,19,41,0,0,0,1,,0,0
1492-2,6,132,ferrones,31,54,1,176,12,0,0,0,19,41,0,0,0,1,,0,0
1492-2,6,133,ferrones,31,54,1,119,18,0,0,0,19,41,0,0,0,1,1,7,0
1492-2,6,134,ferrones,31,54,1,118,28,0,2,0,19,41,0,0,0,1,,0,0
1492-2,6,135,ferrones,32,56,1,132,37,0,1,0,19,41,0,0,0,1,,0,0
1492-2,6,136,ferrones,32,58,1,146,42,0,0,0,19,41,0,0,0,1,,0,0
1492-2,6,137,ferrones,32,58,1,160,38,0,0,0,11,33,0,0,0,1,,0,0
1492-2,6,138,ferrones,32,58,1,174,34,0,0,0,11,33,0,0,0,1,,0,0
1492-2,6,139,ferrones,32,58,1,159,30,0,0,0,11,33,0,0,0,1,1,9,0
1492-2,6,140,ferrones,32,58,1,129,33,0,0,0,11,33,0,0,0,1,,0,0
1492-2,6,141,ferrones,32,58,1,138,36,0,0,0,11,33,0,0,0,1,,0,0
1492-2,6,142,ferrones,32,58,1,152,33,0,0,0,11,33,0,0,0,1,,0,0
1492-2,6,143,ferrones,32,58,1,166,25,0,0,0,7,29,0,0,0,1,,0,0
1492-2,6,144,ferrones,32,58,1,175,18,0,0,0,7,24,0,0,0,1,,0,0
1492-2,6,145,ferrones,32,58,1,167,11,0,0,0,7,24,0,0,0,1,1,10,0
1492-2,6,146,ferrones,32,58,1,114,8,0,0,0,7,24,0,0,0,1,,0,0
1492-2,6,147,ferrones,32,58,1,118,8,0,0,0,7,24,0,0,0,1,,0,0
1492-2,6,148,ferrones,32,58,1,127,2,0,0,0,7,24,0,0,0,1,,0,0
1492-2,6,149,ferrones,31,58,1,136,0,0,0,0,9,26,1,0,0,1,,0,0
1492-2,6,150,ferrones,30,58,1,150,0,0,0,0,9,31,1,0,0,1,,0,0
1492-2,6,151,ferrones,29,57,1,130,0,0,0,0,9,31,1,0,0,1,1,9,0
1492-2,6,152,ferrones,28,56,1,139,1,0,2,0,9,31,1,0,0,1,,0,0
1492-2,6,153,ferrones,27,55,1,153,1,0,2,0,9,31,1,0,0,1,,0,0
1492-2,6,154,ferrones,25,54,1,167,0,0,2,0,9,31,1,0,0,1,,0,0
1492-2,6,155,ferrones,25,54,1,181,4,0,1,0,17,39,0,0,0,1,,0,0
1492-2,6,156,ferrones,25,54,1,195,8,0,0,0,17,39,0,0,0,1,,0,0
1492-2,6,157,ferrones,25,54,1,176,12,0,0,0,17,39,0,0,0,1,1,11,0
1492-2,6,158,ferrones,25,54,1,143,17,0,2,0,17,39,0,0,0,1,,0,0
1492-2,6,159,ferrones,25,54,1,152,27,0,1,0,19,41,0,0,0,1,,0,0
1492-2,6,160,ferrones,26,56,1,166,34,0,0,0,19,41,0,0,0,1,,0,0
1492-2,6,161,ferrones,26,56,1,180,31,0,0,0,12,34,0,0,0,1,,0,0
1492-2,6,162,ferrones,26,56,1,194,28,0,0,0,12,34,0,0,0,1,,0,0
1492-2,6,163,ferrones,26,56,1,225,25,0,0,0,12,34,0,0,0,1,1,13,0
1492-2,6,164,ferrones,26,56,1,192,27,0,0,0,12,34,0,0,0,1,,0,0
1492-2,6,165,ferrones,26,56,1,171,28,0,0,0,12,34,0,0,0,1,,0,0
1492-2,6,166,ferrones,26,56,1,180,32,0,0,0,12,34,0,0,0,1,,0,0
1492-2,6,167,ferrones,26,56,1,194,25,0,0,0,7,29,0,0,0,1,,0,0
1492-2,6,168,ferrones,26,56,1,203,18,0,0,0,7,24,0,0,0,1,,0,0
1492-2,6,169,ferrones,26,56,1,240,11,0,0,0,7,24,0,0,0,1,1,14,0
1492-2,6,170,ferrones,26,56,1,202,8,0,0,0,7,24,0,0,0,1,,0,0
1492-2,6,171,ferrones,26,56,1,167,5,0,0,0,7,24,0,0,0,1,,0,0
1492-2,6,172,ferrones,25,56,1,171,7,0,0,0,7,24,1,0,0,1,,0,0
1492-2,6,173,ferrones,25,56,1,180,3,0,0,0,9,26,0,0,0,1,,0,0
1492-2,6,174,ferrones,24,56,1,194,0,0,0,0,9,31,1,0,0,1,,0,0
1492-2,6,175,ferrones,23,56,1,199,0,0,0,0,9,31,1,0,0,1,1,12,0
1492-2,6,176,ferrones,22,55,1,181,1,0,2,0,9,31,1,0,0,1,,0,0
1492-2,6,177,ferrones,20,54,1,180,1,0,2,0,9,31,1,0,0,1,,0,0
1492-2,6,178,ferrones,19,53,1,194,3,0,2,0,8,30,1,0,0,1,,0,0
1492-2,6,179,ferrones,19,53,1,208,4,0,1,0,14,36,0,0,0,1,,0,0
1492-2,6,180,ferrones,19,53,1,222,5,0,0,0,14,36,0,0,0,1,,0,0
1492-2,6,181,ferrones,19,53,1,239,6,0,0,0,14,36,0,0,0,1,1,12,0
1492-2,6,182,ferrones,19,53,1,180,8,0,2,0,14,36,0,0,0,1,,0,0
1492-2,6,183,ferrones,19,53,1,189,13,0,2,0,14,36,0,0,0,1,,0,0
1492-2,6,184,ferrones,19,53,1,203,15,0,1,0,14,36,0,0,0,1,,0,0
1492-2,6,185,ferrones,19,53,1,217,12,0,0,0,10,32,0,0,0,1,,0,0
1492-2,6,186,ferrones,19,53,1,231,9,0,0,0,10,32,0,0,0,1,,0,0
1492-2,6,187,ferrones,19,53,1,269,6,0,0,0,10,32,0,0,0,1,1,14,0
1492-2,6,188,ferrones,19,53,1,236,7,0,0,0,10,32,0,0,0,1,,0,0
1492-2,6,189,ferrones,19,53,1,188,8,0,0,0,10,32,0,0,0,1,,0,0
1492-2,6,190,ferrones,19,53,1,187,12,0,0,0,10,32,0,0,0,1,,0,0
1492-2,6,191,ferrones,19,53,1,201,8,0,0,0,6,28,0,0,0,1,,0,0
1492-2,6,192,ferrones,19,53,1,210,2,0,0,0,7,24,0,0,0,1,,0,0
1492-2,6,193,ferrones,18,53,1,256,0,0,0,0,7,24,1,0,0,1,1,15,0
1492-2,6,194,ferrones,17,53,1,218,4,0,0,0,7,24,1,0,0,1,,0,0
1492-2,6,195,ferrones,16,52,1,180,4,0,0,0,7,24,1,0,0,1,,0,0
1492-2,6,196,ferrones,15,51,1,184,4,0,0,0,6,23,1,0,0,1,,0,0
1492-2,6,197,ferrones,15,51,1,193,1,0,0,0,8,25,0,0,0,1,,0,0
1492-2,6,198,ferrones,14,51,1,207,0,0,0,0,8,30,1,0,0,1,,0,0
1492-2,6,199,ferrones,13,51,1,232,0,0,0,0,8,30,1,0,0,1,1,14,0
1492-2,6,200,ferrones,12,50,1,182,1,0,2,0,8,23,1,0,0,1,,0,0
1492-2,6,1,hortelanos,33,86,1,34,76,0,0,0,31,49,0,0,0,0,1,5,0
1492-2,6,2,hortelanos,33,86,1,38,81,0,0,0,31,39,0,0,0,0,,0,0
1492-2,6,3,hortelanos,33,86,1,42,86,0,0,0,31,39,0,0,0,0,,0,0
1492-2,6,4,hortelanos,98,86,1,46,91,0,0,0,31,39,0,0,0,1,,0,0
1492-2,6,5,hortelanos,98,86,1,50,101,0,0,0,37,45,0,1,0,1,,0,0
1492-2,6,6,hortelanos,98,86,1,70,113,0,0,0,37,61,0,0,0,1,,0,0
1492-2,6,7,hortelanos,97,82,1,70,105,0,0,0,37,61,0,0,0,1,1,11,0
1492-2,6,8,hortelanos,165,82,1,90,118,0,0,0,37,61,0,0,0,2,,0,0
1492-2,6,9,hortelanos,165,82,1,110,130,0,0,0,37,61,0,0,0,2,,0,0
1492-2,6,10,hortelanos,165,82,1,130,132,0,0,0,37,61,0,0,0,2,,0,0
1492-2,6,11,hortelanos,173,82,1,150,167,0,0,0,61,85,0,0,0,2,,0,0
1492-2,6,12,hortelanos,173,82,1,170,200,0,0,0,61,85,0,0,0,2,,0,0
1492-2,6,13,hortelanos,172,78,1,90,218,0,0,0,61,85,0,0,0,2,1,17,0
1492-2,6,14,hortelanos,172,78,1,79,244,0,2,0,61,83,0,0,0,2,,0,0
1492-2,6,15,hortelanos,172,78,1,97,265,0,2,0,61,83,0,0,0,2,,0,0
1492-2,6,16,hortelanos,172,78,1,115,285,0,2,0,61,83,0,0,0,2,,0,0
1492-2,6,17,hortelanos,172,78,1,133,287,0,2,0,43,65,0,0,0,2,,0,0
1492-2,6,18,hortelanos,172,78,1,151,289,0,2,0,43,65,0,0,0,2,,0,0
1492-2,6,19,hortelanos,172,78,1,250,280,0,2,0,43,65,0,0,0,2,1,29,0
1492-2,6,20,hortelanos,180,78,1,232,287,0,2,0,43,65,0,0,0,2,,0,0
1492-2,6,21,hortelanos,180,78,1,250,289,0,2,0,43,65,0,0,0,2,,0,0
1492-2,6,22,hortelanos,180,78,1,268,291,0,2,0,43,65,0,0,0,2,,0,0
1492-2,6,23,hortelanos,180,78,1,286,275,0,2,0,31,53,0,0,0,2,,0,0
1492-2,6,24,hortelanos,188,78,1,297,266,0,2,0,31,46,0,0,0,2,,0,0
1492-2,6,25,hortelanos,188,78,1,358,252,0,2,0,31,46,0,0,0,2,1,21,0
1492-2,6,26,hortelanos,188,78,1,299,251,0,2,0,31,46,0,0,0,2,,0,0
1492-2,6,27,hortelanos,188,78,1,230,250,0,2,0,31,46,0,0,0,2,,0,0
1492-2,6,28,hortelanos,188,78,1,221,242,0,2,0,31,46,0,0,0,2,,0,0
1492-2,6,29,hortelanos,188,78,1,232,238,0,2,0,37,52,0,1,0,2,,0,0
1492-2,6,30,hortelanos,188,78,1,250,242,0,2,0,43,65,0,0,0,2,,0,0
1492-2,6,31,hortelanos,189,82,1,385,237,0,2,0,43,65,0,0,0,2,1,24,0
1492-2,6,32,hortelanos,189,82,1,369,245,0,2,0,43,67,0,0,0,2,,0,0
1492-2,6,33,hortelanos,189,82,1,353,253,0,2,0,43,67,0,0,0,2,,0,0
1492-2,6,34,hortelanos,189,82,1,337,260,0,2,0,43,67,0,0,0,2,,0,0
1492-2,6,35,hortelanos,189,82,1,321,267,0,2,0,43,67,0,0,0,2,,0,0
1492-2,6,36,hortelanos,189,82,1,333,270,0,2,0,43,67,0,0,0,2,,0,0
1492-2,6,37,hortelanos,188,78,1,381,269,0,2,0,43,67,0,0,0,2,1,17,0
1492-2,6,38,hortelanos,188,78,1,329,279,0,2,0,43,65,0,0,0,2,,0,0
1492-2,6,39,hortelanos,188,78,1,277,288,0,2,0,43,65,0,0,0,2,,0,0
1492-2,6,40,hortelanos,188,78,1,235,296,0,2,0,43,65,0,0,0,2,,0,0
1492-2,6,41,hortelanos,188,78,1,253,298,0,2,0,43,65,0,0,0,2,,0,0
1492-2,6,42,hortelanos,188,78,1,271,300,0,2,0,43,65,0,0,0,2,,0,0
1492-2,6,43,hortelanos,188,78,1,331,242,0,2,0,43,65,0,0,0,2,1,26,0
1492-2,6,44,hortelanos,188,78,1,279,253,0,2,0,43,65,0,0,0,2,,0,0
1492-2,6,45,hortelanos,284,125,2,227,263,0,2,0,43,65,0,0,0,3,,0,0
1492-2,6,46,hortelanos,284,127,2,246,250,0,2,0,43,73,0,0,0,3,,0,0
1492-2,6,47,hortelanos,284,129,2,265,242,0,2,0,43,73,0,0,0,3,,0,0
1492-2,6,48,hortelanos,285,131,2,279,233,0,2,0,43,68,0,0,0,3,,0,0
1492-2,6,49,hortelanos,285,133,2,324,220,0,2,0,43,68,0,0,0,3,1,25,0
1492-2,6,50,hortelanos,286,135,2,268,214,0,2,0,43,68,0,0,0,3,,0,0
1492-2,6,51,hortelanos,294,137,2,212,209,0,2,0,43,68,0,2,0,3,,0,0
1492-2,6,52,hortelanos,294,138,2,216,215,0,2,0,59,84,0,0,0,3,,0,0
1492-2,6,53,hortelanos,294,138,2,232,217,0,2,0,59,86,0,0,0,3,,0,0
1492-2,6,54,hortelanos,295,141,2,255,219,0,2,0,59,93,0,2,0,3,,0,0
1492-2,6,55,hortelanos,295,144,2,344,220,0,2,0,59,93,0,0,0,3,1,25,0
1492-2,6,56,hortelanos,296,147,2,316,229,0,2,0,59,93,0,1,0,3,,0,0
1492-2,6,57,hortelanos,305,150,2,300,239,0,2,0,59,96,0,0,0,3,,0,0
1492-2,6,58,hortelanos,305,153,2,290,251,0,2,0,59,98,0,0,0,3,,0,0
1492-2,6,59,hortelanos,306,156,2,302,260,0,2,0,59,98,0,0,0,3,,0,0
1492-2,6,60,hortelanos,306,159,2,323,264,0,2,0,59,98,0,0,0,3,,0,0
1492-2,6,61,hortelanos,307,163,2,391,263,0,0,0,59,100,0,0,0,3,1,27,0
1492-2,6,62,hortelanos,316,167,2,348,280,0,0,0,71,112,0,0,0,3,,0,0
1492-2,6,63,hortelanos,316,168,2,305,295,0,0,0,71,112,0,0,0,3,,0,0
1492-2,6,64,hortelanos,316,168,2,284,300,0,0,0,71,114,0,0,0,3,,0,0
1492-2,6,65,hortelanos,316,168,2,313,302,0,0,0,71,114,0,0,0,3,,0,0
1492-2,6,66,hortelanos,324,168,2,342,308,0,0,0,71,114,0,0,0,3,,0,0
1492-2,6,67,hortelanos,324,168,2,418,273,0,0,0,71,114,0,0,0,3,1,22,0
1492-2,6,68,hortelanos,324,168,2,377,287,0,0,0,71,114,0,0,0,3,,0,0
1492-2,6,69,hortelanos,373,220,3,336,301,0,0,0,71,114,0,0,0,4,,0,0
1492-2,6,70,hortelanos,373,222,3,298,298,0,0,0,71,124,0,0,0,4,,0,0
1492-2,6,71,hortelanos,373,224,3,330,292,0,0,0,71,124,0,0,0,4,,0,0
1492-2,6,72,hortelanos,374,226,3,355,285,0,0,0,71,117,0,0,0,4,,0,0
1492-2,6,73,hortelanos,374,228,3,416,238,0,0,0,71,117,0,0,0,4,1,35,0
1492-2,6,74,hortelanos,374,228,3,400,240,0,0,0,71,119,0,0,0,4,,0,0
1492-2,6,75,hortelanos,399,270,4,384,241,0,0,0,71,119,0,2,0,4,,0,0
1492-2,6,76,hortelanos,399,272,4,357,246,0,0,0,81,137,0,0,0,4,,0,0
1492-2,6,77,hortelanos,399,274,4,340,246,0,0,0,81,137,0,0,0,4,,0,0
1492-2,6,78,hortelanos,400,279,4,330,246,0,0,0,81,144,0,2,0,4,,0,0
1492-2,6,79,hortelanos,401,284,4,316,197,0,0,0,81,144,0,0,0,4,1,35,0
1492-2,6,80,hortelanos,402,289,4,266,190,0,2,0,81,146,0,3,0,4,,0,0
1492-2,6,81,hortelanos,429,344,5,196,196,0,4,0,89,157,0,0,0,4,,0,0
1492-2,6,82,hortelanos,431,351,5,218,185,0,2,0,89,167,0,2,0,4,,0,0
1492-2,6,83,hortelanos,431,351,5,256,171,0,2,0,89,172,0,0,0,4,,0,0
1492-2,6,84,hortelanos,432,358,5,294,155,0,2,0,89,172,0,1,0,4,,0,0
1492-2,6,85,hortelanos,432,358,5,427,146,0,2,0,89,172,0,0,0,4,1,22,0
1492-2,6,86,hortelanos,432,359,5,412,143,0,2,0,89,172,0,1,0,4,,0,0
1492-2,6,87,hortelanos,433,364,5,389,149,0,2,0,93,178,0,0,0,4,,0,0
1492-2,6,88,hortelanos,434,369,5,376,151,0,2,0,93,178,0,1,0,4,,0,0
1492-2,6,89,hortelanos,436,376,5,387,159,0,2,0,99,188,0,0,0,4,,0,0
1492-2,6,90,hortelanos,437,383,5,424,163,0,2,0,99,188,0,1,0,4,,0,0
1492-2,6,91,hortelanos,438,387,5,485,167,0,2,0,106,195,0,0,0,4,1,22,0
1492-2,6,92,hortelanos,439,390,5,487,169,0,2,0,106,197,0,1,0,4,,0,0
1492-2,6,93,hortelanos,439,393,5,491,179,0,2,0,113,206,0,0,0,4,,0,0
1492-2,6,94,hortelanos,440,396,5,485,188,0,2,0,113,206,0,0,0,4,,0,0
1492-2,6,95,hortelanos,440,399,5,480,189,0,2,0,105,198,0,0,0,4,,0,0
1492-2,6,96,hortelanos,441,403,5,470,193,0,2,0,105,193,0,1,0,4,,0,0
1492-2,6,97,hortelanos,442,407,5,547,160,0,2,0,109,197,0,0,0,4,1,25,0
1492-2,6,98,hortelanos,442,408,5,546,163,0,2,0,109,197,0,0,0,4,,0,0
1492-2,6,99,hortelanos,456,439,6,547,165,0,2,0,109,199,0,0,0,4,,0,0
1492-2,6,100,hortelanos,456,439,6,547,160,0,2,0,109,205,0,0,0,4,,0,0
1492-2,6,101,hortelanos,457,440,6,547,160,0,2,0,114,210,0,0,0,4,,0,0
1492-2,6,102,hortelanos,457,441,6,554,159,0,2,0,114,217,0,0,0,4,,0,0
1492-2,6,103,hortelanos,457,442,6,627,120,0,2,0,114,217,0,0,0,4,1,26,0
1492-2,6,104,hortelanos,457,443,6,634,119,0,2,0,114,217,0,1,0,4,,0,0
1492-2,6,105,hortelanos,472,478,7,623,122,0,2,0,117,220,0,0,0,4,,0,0
1492-2,6,106,hortelanos,472,478,7,618,118,0,2,0,117,226,0,1,0,4,,0,0
1492-2,6,107,hortelanos,473,480,7,603,130,0,2,0,129,238,0,0,0,4,,0,0
1492-2,6,108,hortelanos,473,482,7,598,139,0,2,0,129,238,0,1,0,4,,0,0
1492-2,6,109,hortelanos,473,484,7,683,150,0,2,0,129,238,0,0,0,4,1,25,0
1492-2,6,110,hortelanos,474,486,7,678,155,0,2,0,129,238,0,2,0,4,,0,0
1492-2,6,111,hortelanos,474,488,7,653,171,0,2,0,136,245,0,0,0,4,,0,0
1492-2,6,112,hortelanos,475,492,7,642,181,0,2,0,136,249,0,2,0,4,,0,0
1492-2,6,113,hortelanos,476,496,7,631,197,0,2,0,141,254,0,1,0,4,,0,0
1492-2,6,114,hortelanos,477,500,7,612,217,0,2,0,147,260,0,1,0,4,,0,0
1492-2,6,115,hortelanos,477,504,7,645,237,0,2,0,152,265,0,1,0,4,1,25,0
1492-2,6,116,hortelanos,478,508,7,653,255,0,2,0,155,268,0,1,0,4,,0,0
1492-2,6,117,hortelanos,479,512,7,665,276,0,2,0,158,275,0,0,0,4,,0,0
1492-2,6,118,hortelanos,480,516,7,677,295,0,2,0,158,275,0,0,0,4,,0,0
1492-2,6,119,hortelanos,481,520,7,689,293,0,2,0,138,255,0,0,0,4,,0,0
1492-2,6,120,hortelanos,481,524,7,694,290,0,2,0,138,248,0,0,0,4,,0,0
1492-2,6,121,hortelanos,482,528,7,780,277,0,2,0,138,248,0,0,0,4,1,24,0
1492-2,6,122,hortelanos,483,531,7,810,276,0,2,0,138,252,0,0,0,4,,0,0
1492-2,6,123,hortelanos,491,534,7,840,275,0,2,0,138,252,0,0,0,4,,0,0
1492-2,6,124,hortelanos,492,537,7,870,273,0,2,0,138,252,0,0,0,4,,0,0
1492-2,6,125,hortelanos,493,540,7,900,280,0,2,0,148,262,0,0,0,4,,0,0
1492-2,6,126,hortelanos,493,543,7,939,286,0,2,0,148,271,0,0,0,4,,0,0
1492-2,6,127,hortelanos,494,546,7,850,292,0,2,0,148,271,0,0,0,4,1,20,0
1492-2,6,128,hortelanos,494,549,7,882,294,0,2,0,148,271,0,0,0,4,,0,0
1492-2,6,129,hortelanos,495,553,7,916,307,0,2,0,160,285,0,0,0,4,,0,0
1492-2,6,130,hortelanos,496,557,7,957,318,0,2,0,160,285,0,0,0,4,,0,0
1492-2,6,131,hortelanos,496,558,7,998,369,0,2,0,203,328,0,0,0,4,,0,0
1492-2,6,132,hortelanos,496,558,7,1041,418,0,2,0,203,330,0,0,0,4,,0,0
1492-2,6,133,hortelanos,496,558,7,1095,457,0,0,0,203,330,0,0,0,4,1,30,0
1492-2,6,134,hortelanos,504,558,7,1118,500,0,0,0,203,330,0,0,0,4,,0,0
1492-2,6,135,hortelanos,504,558,7,1134,541,0,0,0,203,330,0,0,0,4,,0,0
1492-2,6,136,hortelanos,504,558,7,1157,580,0,0,0,203,330,0,0,0,4,,0,0
1492-2,6,137,hortelanos,504,558,7,1173,578,0,0,0,162,289,0,0,0,4,,0,0
1492-2,6,138,hortelanos,504,558,7,1196,577,0,0,0,162,289,0,0,0,4,,0,0
1492-2,6,139,hortelanos,504,558,7,1277,565,0,0,0,162,289,0,0,0,4,1,35,0
1492-2,6,140,hortelanos,504,558,7,1300,564,0,0,0,162,289,0,0,0,4,,0,0
1492-2,6,141,hortelanos,512,558,7,1316,563,0,0,0,162,289,0,0,0,4,,0,0
1492-2,6,142,hortelanos,512,558,7,1332,562,0,0,0,162,289,0,0,0,4,,0,0
1492-2,6,143,hortelanos,512,558,7,1352,549,0,0,0,149,276,0,0,0,4,,0,0
1492-2,6,144,hortelanos,512,558,7,1364,536,0,0,0,149,269,0,0,0,4,,0,0
1492-2,6,145,hortelanos,512,558,7,1457,485,0,0,0,149,269,0,0,0,4,1,25,0
1492-2,6,146,hortelanos,512,558,7,1469,466,0,0,0,149,269,0,0,0,4,,0,0
1492-2,6,147,hortelanos,527,593,8,1482,457,0,0,0,149,269,0,0,0,4,,0,0
1492-2,6,148,hortelanos,535,593,8,1489,439,0,0,0,149,275,0,0,0,4,,0,0
1492-2,6,149,hortelanos,535,594,8,1500,433,0,0,0,160,286,0,0,0,4,,0,0
1492-2,6,150,hortelanos,536,595,8,1512,427,0,0,0,160,293,0,0,0,4,,0,0
1492-2,6,151,hortelanos,536,596,8,1521,420,0,0,0,160,293,0,0,0,4,1,37,0
1492-2,6,152,hortelanos,536,597,8,1496,435,0,2,0,189,322,0,1,0,4,,0,0
1492-2,6,153,hortelanos,536,598,8,1446,462,0,4,0,200,333,0,0,0,4,,0,0
1492-2,6,154,hortelanos,537,600,8,1423,486,0,6,0,200,335,0,1,0,4,,0,0
1492-2,6,155,hortelanos,537,602,8,1393,572,0,8,0,264,399,0,0,0,4,,0,0
1492-2,6,156,hortelanos,537,604,8,1370,654,0,10,0,264,399,0,0,0,4,,0,0
1492-2,6,157,hortelanos,539,610,8,1537,733,0,12,0,264,399,0,0,0,4,1,26,0
1492-2,6,158,hortelanos,539,612,8,1556,811,0,12,0,264,399,0,0,0,4,,0,0
1492-2,6,159,hortelanos,539,614,8,1571,885,0,12,0,264,401,0,0,0,4,,0,0
1492-2,6,160,hortelanos,540,616,8,1592,956,0,12,0,264,401,0,0,0,4,,0,0
1492-2,6,161,hortelanos,540,618,8,1606,985,0,12,0,225,362,0,0,0,4,,0,0
1492-2,6,162,hortelanos,541,620,8,1620,1013,0,12,0,225,362,0,0,0,4,,0,0
1492-2,6,163,hortelanos,540,618,8,1652,1020,0,12,0,225,362,0,0,0,4,1,25,0
1492-2,6,164,hortelanos,540,618,8,1648,1039,0,12,0,225,364,0,0,0,4,,0,0
1492-2,6,165,hortelanos,541,621,8,1637,1059,0,12,0,225,364,0,1,0,4,,0,0
1492-2,6,166,hortelanos,541,624,8,1626,1079,0,12,0,225,364,0,0,0,4,,0,0
1492-2,6,167,hortelanos,542,627,8,1612,1073,0,12,0,199,338,0,0,0,4,,0,0
1492-2,6,168,hortelanos,543,630,8,1598,1065,0,12,0,199,331,0,0,0,4,,0,0
1492-2,6,169,hortelanos,703,633,8,1702,1029,0,12,0,199,333,0,2,1,5,1,34,0
1492-2,6,170,hortelanos,704,636,8,1683,1054,0,12,0,230,367,0,0,0,5,,0,0
1492-2,6,171,hortelanos,712,639,8,1674,1076,0,12,0,230,367,0,0,0,5,,0,0
1492-2,6,172,hortelanos,713,643,8,1667,1097,0,12,0,230,369,0,0,0,5,,0,0
1492-2,6,173,hortelanos,714,647,8,1660,1128,0,12,0,243,382,0,1,0,5,,0,0
1492-2,6,174,hortelanos,714,648,8,1660,1159,0,12,0,243,389,0,0,0,5,,0,0
1492-2,6,175,hortelanos,714,648,8,1782,1135,0,12,0,243,391,0,0,0,5,1,24,0
1492-2,6,176,hortelanos,714,648,8,1784,1154,0,12,0,243,391,0,0,0,5,,0,0
1492-2,6,177,hortelanos,734,705,9,1786,1183,0,12,0,243,391,0,0,0,5,,0,0
1492-2,6,178,hortelanos,742,707,9,1786,1193,0,12,0,243,401,0,0,0,5,,0,0
1492-2,6,179,hortelanos,742,708,9,1786,1226,0,12,0,263,421,0,0,0,5,,0,0
1492-2,6,180,hortelanos,742,708,9,1788,1257,0,12,0,263,423,0,0,0,5,,0,0
1492-2,6,181,hortelanos,742,708,9,1892,1248,0,12,0,263,423,0,0,0,5,1,22,0
1492-2,6,182,hortelanos,742,708,9,1894,1274,0,12,0,263,423,0,2,0,5,,0,0
1492-2,6,183,hortelanos,755,734,10,1886,1325,0,12,0,286,446,0,0,0,5,,0,0
1492-2,6,184,hortelanos,756,735,10,1880,1366,0,12,0,286,450,0,1,0,5,,0,0
1492-2,6,185,hortelanos,756,736,10,1874,1401,0,12,0,279,443,0,0,0,5,,0,0
1492-2,6,186,hortelanos,756,737,10,1868,1434,0,12,0,279,443,0,0,0,5,,0,0
1492-2,6,187,hortelanos,757,742,10,1945,1471,0,12,0,279,443,0,0,0,5,1,27,0
1492-2,6,188,hortelanos,758,746,10,1941,1494,0,12,0,279,445,0,3,0,5,,0,0
1492-2,6,189,hortelanos,759,750,10,1919,1524,0,12,0,282,451,0,0,0,5,,0,0
1492-2,6,190,hortelanos,759,754,10,1915,1550,0,12,0,282,451,0,1,0,5,,0,0
1492-2,6,191,hortelanos,760,758,10,1901,1555,0,12,0,260,429,0,0,0,5,,0,0
1492-2,6,192,hortelanos,761,762,10,1892,1557,0,12,0,260,424,0,0,0,5,,0,0
1492-2,6,193,hortelanos,761,762,10,1986,1548,0,12,0,260,424,0,0,0,5,1,20,0
1492-2,6,194,hortelanos,762,766,10,1977,1549,0,12,0,260,424,0,1,0,5,,0,0
1492-2,6,195,hortelanos,763,771,10,1970,1551,0,12,0,260,426,0,0,0,5,,0,0
1492-2,6,196,hortelanos,764,776,10,1963,1550,0,12,0,260,426,0,0,0,5,,0,0
1492-2,6,197,hortelanos,764,778,10,1956,1559,0,12,0,273,439,0,1,0,5,,0,0
1492-2,6,198,hortelanos,765,780,10,1950,1570,0,12,0,273,450,0,0,0,5,,0,0
1492-2,6,199,hortelanos,765,782,10,2055,1565,0,11,0,273,450,0,1,0,5,1,24,0
1492-2,6,200,hortelanos,765,784,10,2059,1571,0,11,0,273,453,0,0,0,5,,0,0
1492-2,6,1,mercaderes,39,116,1,458,51,0,0,0,13,45,0,0,0,0,1,4,0
1492-2,6,2,mercaderes,39,116,1,473,32,0,0,0,13,32,0,0,0,0,,0,0
1492-2,6,3,mercaderes,39,116,1,488,14,0,0,0,13,32,0,1,0,0,,0,0
1492-2,6,4,mercaderes,38,116,1,503,0,0,0,0,13,32,1,0,0,0,,0,0
1492-2,6,5,mercaderes,37,116,1,518,0,0,0,0,18,37,1,0,0,0,,0,0
1492-2,6,6,mercaderes,35,113,1,544,0,0,0,0,18,48,1,0,0,0,,0,0
1492-2,6,7,mercaderes,34,110,1,475,0,0,0,0,18,48,1,0,0,0,1,23,0
1492-2,6,8,mercaderes,32,107,1,406,4,0,2,0,18,48,1,0,0,0,,0,0
1492-2,6,9,mercaderes,30,104,1,335,4,0,4,0,18,46,1,0,0,0,,0,0
1492-2,6,10,mercaderes,29,101,1,264,4,0,6,0,16,44,1,0,0,0,,0,0
1492-2,6,11,mercaderes,29,101,1,193,15,0,7,0,32,60,0,0,0,0,,0,0
1492-2,6,12,mercaderes,29,101,1,209,26,0,8,0,32,60,0,0,0,0,,0,0
1492-2,6,13,mercaderes,29,101,1,332,35,0,7,0,32,60,0,0,0,0,1,10,0
1492-2,6,14,mercaderes,29,101,1,303,49,0,6,0,32,60,0,0,0,0,,0,0
1492-2,6,15,mercaderes,29,101,1,284,62,0,4,0,32,60,0,0,0,0,,0,0
1492-2,6,16,mercaderes,29,101,1,308,75,0,2,0,32,60,0,0,0,0,,0,0
1492-2,6,17,mercaderes,29,101,1,332,69,0,0,0,20,48,0,0,0,0,,0,0
1492-2,6,18,mercaderes,29,101,1,356,62,0,0,0,20,48,0,0,0,0,,0,0
1492-2,6,19,mercaderes,28,97,1,351,46,0,0,0,20,48,0,0,0,0,1,18,0
1492-2,6,20,mercaderes,28,97,1,320,48,0,0,0,20,46,0,0,0,0,,0,0
1492-2,6,21,mercaderes,28,97,1,289,50,0,0,0,20,46,0,0,0,0,,0,0
1492-2,6,22,mercaderes,28,97,1,258,54,0,0,0,22,48,0,0,0,0,,0,0
1492-2,6,23,mercaderes,28,97,1,227,49,0,0,0,13,39,0,0,0,0,,0,0
1492-2,6,24,mercaderes,28,97,1,217,44,0,0,0,13,30,0,0,0,0,,0,0
1492-2,6,25,mercaderes,28,97,1,266,39,0,0,0,13,30,0,0,0,0,1,12,0
1492-2,6,26,mercaderes,28,97,1,226,34,0,0,0,13,30,0,0,0,0,,0,0
1492-2,6,27,mercaderes,28,97,1,196,30,0,0,0,13,30,0,0,0,0,,0,0
1492-2,6,28,mercaderes,28,97,1,202,26,0,0,0,13,30,0,0,0,0,,0,0
1492-2,6,29,mercaderes,28,97,1,215,22,0,0,0,18,35,0,0,0,0,,0,0
1492-2,6,30,mercaderes,28,97,1,237,16,0,0,0,18,44,0,0,0,0,,0,0
1492-2,6,31,mercaderes,28,97,1,213,10,0,0,0,18,44,0,0,0,0,1,11,0
1492-2,6,32,mercaderes,28,97,1,165,8,0,2,0,18,44,0,0,0,0,,0,0
1492-2,6,33,mercaderes,28,97,1,176,6,0,2,0,18,44,0,0,0,0,,0,0
1492-2,6,34,mercaderes,28,97,1,198,3,0,2,0,18,44,0,0,0,0,,0,0
1492-2,6,35,mercaderes,28,97,1,220,15,0,1,0,36,62,0,0,0,0,,0,0
1492-2,6,36,mercaderes,28,97,1,242,27,0,0,0,36,62,0,0,0,0,,0,0
1492-2,6,37,mercaderes,28,97,1,225,38,0,0,0,36,62,0,0,0,0,1,11,0
1492-2,6,38,mercaderes,28,97,1,177,52,0,2,0,36,62,0,0,0,0,,0,0
1492-2,6,39,mercaderes,28,97,1,185,67,0,1,0,36,62,0,0,0,0,,0,0
1492-2,6,40,mercaderes,28,97,1,207,80,0,1,0,36,62,0,0,0,0,,0,0
1492-2,6,41,mercaderes,28,97,1,229,75,0,1,0,22,48,0,0,0,0,,0,0
1492-2,6,42,mercaderes,28,97,1,251,71,0,1,0,22,48,0,0,0,0,,0,0
1492-2,6,43,mercaderes,27,93,1,256,51,0,1,0,22,48,0,0,0,0,1,25,0
1492-2,6,44,mercaderes,45,93,1,225,56,0,0,0,22,48,0,0,0,1,,0,0
1492-2,6,45,mercaderes,45,93,1,194,60,0,0,0,22,48,0,0,0,1,,0,0
1492-2,6,46,mercaderes,45,93,1,193,58,0,0,0,22,48,0,0,0,1,,0,0
1492-2,6,47,mercaderes,53,93,1,208,54,0,0,0,13,39,0,0,0,1,,0,0
1492-2,6,48,mercaderes,53,93,1,221,45,0,0,0,13,30,0,0,0,1,,0,0
1492-2,6,49,mercaderes,53,93,1,240,34,0,0,0,13,30,0,0,0,1,1,11,0
1492-2,6,50,mercaderes,53,93,1,200,29,0,0,0,13,30,0,0,0,1,,0,0
1492-2,6,51,mercaderes,53,93,1,160,24,0,0,0,13,30,0,1,0,1,,0,0
1492-2,6,52,mercaderes,53,93,1,173,21,0,0,0,13,30,0,0,0,1,,0,0
1492-2,6,53,mercaderes,53,93,1,186,16,0,0,0,18,35,0,0,0,1,,0,0
1492-2,6,54,mercaderes,53,93,1,208,11,0,0,0,18,44,0,0,0,1,,0,0
1492-2,6,55,mercaderes,53,93,1,192,6,0,0,0,18,44,0,0,0,1,1,11,0
1492-2,6,56,mercaderes,53,93,1,178,5,0,2,0,18,44,0,0,0,1,,0,0
1492-2,6,57,mercaderes,53,93,1,178,4,0,2,0,18,44,0,0,0,1,,0,0
1492-2,6,58,mercaderes,52,93,1,200,4,0,2,0,18,44,1,0,0,1,,0,0
1492-2,6,59,mercaderes,52,93,1,222,17,0,1,0,36,62,0,0,0,1,,0,0
1492-2,6,60,mercaderes,52,93,1,244,30,0,0,0,36,62,0,0,0,1,,0,0
1492-2,6,61,mercaderes,52,93,1,217,42,0,0,0,36,62,0,0,0,1,1,13,0
1492-2,6,62,mercaderes,52,93,1,169,57,0,2,0,36,62,0,0,0,1,,0,0
1492-2,6,63,mercaderes,52,93,1,177,73,0,1,0,36,62,0,0,0,1,,0,0
1492-2,6,64,mercaderes,52,93,1,195,87,0,1,0,36,62,0,0,0,1,,0,0
1492-2,6,65,mercaderes,52,93,1,217,84,0,1,0,22,48,0,0,0,1,,0,0
1492-2,6,66,mercaderes,52,93,1,239,80,0,1,0,22,48,0,0,0,1,,0,0
1492-2,6,67,mercaderes,52,90,1,243,60,0,1,0,22,48,0,0,0,1,1,23,0
1492-2,6,68,mercaderes,60,90,1,212,65,0,1,0,22,48,0,0,0,1,,0,0
1492-2,6,69,mercaderes,60,90,1,181,70,0,1,0,22,48,0,0,0,1,,0,0
1492-2,6,70,mercaderes,75,90,1,184,75,0,1,0,22,48,0,0,0,2,,0,0
1492-2,6,71,mercaderes,75,90,1,206,59,0,1,0,13,39,0,0,0,2,,0,0
1492-2,6,72,mercaderes,75,90,1,219,49,0,0,0,13,30,0,0,0,2,,0,0
1492-2,6,73,mercaderes,83,90,1,232,39,0,0,0,13,30,0,0,0,2,1,11,0
1492-2,6,74,mercaderes,83,90,1,192,34,0,0,0,13,30,0,0,0,2,,0,0
1492-2,6,75,mercaderes,83,90,1,152,30,0,0,0,13,30,0,1,0,2,,0,0
1492-2,6,76,mercaderes,83,90,1,165,28,0,0,0,13,30,0,0,0,2,,0,0
1492-2,6,77,mercaderes,83,90,1,178,19,0,0,0,13,30,0,0,0,2,,0,0
1492-2,6,78,mercaderes,83,90,1,200,10,0,0,0,13,39,0,0,0,2,,0,0
1492-2,6,79,mercaderes,83,90,1,184,1,0,0,0,13,39,0,0,0,2,1,11,0
1492-2,6,80,mercaderes,82,90,1,170,4,0,2,0,13,39,1,1,0,2,,0,0
1492-2,6,81,mercaderes,81,90,1,178,4,0,2,0,13,39,1,0,0,2,,0,0
1492-2,6,82,mercaderes,79,88,1,200,4,0,2,0,13,39,1,0,0,2,,0,0
1492-2,6,83,mercaderes,79,88,1,220,18,0,1,0,36,60,0,0,0,2,,0,0
1492-2,6,84,mercaderes,80,90,1,240,32,0,0,0,36,60,0,0,0,2,,0,0
1492-2,6,85,mercaderes,80,90,1,218,45,0,0,0,36,62,0,0,0,2,1,11,0
1492-2,6,86,mercaderes,80,90,1,153,61,0,2,0,36,62,0,0,0,2,,0,0
1492-2,6,87,mercaderes,80,90,1,171,78,0,2,0,36,62,0,0,0,2,,0,0
1492-2,6,88,mercaderes,80,90,1,193,92,0,0,0,36,62,0,0,0,2,,0,0
1492-2,6,89,mercaderes,80,90,1,215,89,0,0,0,22,48,0,0,0,2,,0,0
1492-2,6,90,mercaderes,80,90,1,237,86,0,0,0,22,48,0,0,0,2,,0,0
1492-2,6,91,mercaderes,80,90,1,249,60,0,0,0,22,48,0,0,0,2,1,21,0
1492-2,6,92,mercaderes,80,90,1,226,65,0,0,0,22,48,0,0,0,2,,0,0
1492-2,6,93,mercaderes,88,90,1,203,70,0,0,0,22,48,0,0,0,2,,0,0
1492-2,6,94,mercaderes,88,90,1,187,75,0,0,0,22,48,0,0,0,2,,0,0
1492-2,6,95,mercaderes,88,90,1,205,71,0,0,0,13,39,0,0,0,2,,0,0
1492-2,6,96,mercaderes,88,90,1,218,61,0,0,0,13,30,0,0,0,2,,0,0
1492-2,6,97,mercaderes,88,90,1,235,40,0,0,0,13,30,0,0,0,2,1,23,0
1492-2,6,98,mercaderes,96,90,1,195,35,0,0,0,13,30,0,0,0,2,,0,0
1492-2,6,99,mercaderes,96,90,1,165,31,0,0,0,13,30,0,1,0,2,,0,0
1492-2,6,100,mercaderes,96,90,1,171,17,0,0,0,13,30,0,0,0,2,,0,0
1492-2,6,101,mercaderes,96,90,1,184,15,0,0,0,18,35,0,0,0,2,,0,0
1492-2,6,102,mercaderes,104,90,1,206,11,0,0,0,18,44,0,0,0,2,,0,0
1492-2,6,103,mercaderes,104,90,1,189,7,0,0,0,18,44,0,0,0,2,1,12,0
1492-2,6,104,mercaderes,104,90,1,175,5,0,2,0,18,44,0,1,0,2,,0,0
1492-2,6,105,mercaderes,104,90,1,175,5,0,1,0,18,44,0,0,0,2,,0,0
1492-2,6,106,mercaderes,104,90,1,197,5,0,0,0,18,44,0,0,0,2,,0,0
1492-2,6,107,mercaderes,104,90,1,219,19,0,0,0,36,62,0,0,0,2,,0,0
1492-2,6,108,mercaderes,104,90,1,241,32,0,0,0,36,62,0,0,0,2,,0,0
1492-2,6,109,mercaderes,104,90,1,222,45,0,0,0,36,62,0,0,0,2,1,11,0
1492-2,6,110,mercaderes,104,90,1,157,61,0,2,0,36,62,0,0,0,2,,0,0
1492-2,6,111,mercaderes,104,90,1,175,78,0,2,0,36,62,0,0,0,2,,0,0
1492-2,6,112,mercaderes,104,90,1,197,92,0,0,0,36,62,0,0,0,2,,0,0
1492-2,6,113,mercaderes,104,90,1,219,89,0,0,0,22,48,0,0,0,2,,0,0
1492-2,6,114,mercaderes,104,90,1,241,86,0,0,0,22,48,0,0,0,2,,0,0
1492-2,6,115,mercaderes,104,90,1,280,71,0,0,0,22,48,0,0,0,2,1,26,0
1492-2,6,116,mercaderes,104,90,1,264,76,0,0,0,22,48,0,0,0,2,,0,0
1492-2,6,117,mercaderes,112,90,1,248,80,0,0,0,22,48,0,0,0,2,,0,0
1492-2,6,118,mercaderes,112,90,1,232,84,0,0,0,22,48,0,0,0,2,,0,0
1492-2,6,119,mercaderes,112,90,1,231,79,0,0,0,13,39,0,0,0,2,,0,0
1492-2,6,120,mercaderes,112,90,1,240,75,0,0,0,13,30,0,0,0,2,,0,0
1492-2,6,121,mercaderes,112,90,1,259,65,0,0,0,13,30,0,0,0,2,1,13,0
1492-2,6,122,mercaderes,112,90,1,219,47,0,0,0,13,30,0,0,0,2,,0,0
1492-2,6,123,mercaderes,112,90,1,179,42,0,0,0,13,30,0,1,0,2,,0,0
1492-2,6,124,mercaderes,120,90,1,173,39,0,0,0,13,30,0,0,0,2,,0,0
1492-2,6,125,mercaderes,120,90,1,186,40,0,0,0,18,35,0,0,0,2,,0,0
1492-2,6,126,mercaderes,120,90,1,208,35,0,0,0,18,44,0,0,0,2,,0,0
1492-2,6,127,mercaderes,120,90,1,195,30,0,0,0,18,44,0,0,0,2,1,11,0
1492-2,6,128,mercaderes,120,90,1,181,29,0,2,0,18,44,0,0,0,2,,0,0
1492-2,6,129,mercaderes,120,90,1,181,29,0,1,0,18,44,0,0,0,2,,0,0
1492-2,6,130,mercaderes,120,90,1,203,29,0,0,0,18,44,0,0,0,2,,0,0
1492-2,6,131,mercaderes,120,90,1,225,42,0,0,0,36,62,0,0,0,2,,0,0
1492-2,6,132,mercaderes,120,90,1,247,54,0,0,0,36,62,0,0,0,2,,0,0
1492-2,6,133,mercaderes,120,94,1,233,67,0,0,0,36,62,0,0,0,2,1,13,0
1492-2,6,134,mercaderes,120,94,1,186,81,0,2,0,36,62,0,0,0,2,,0,0
1492-2,6,135,mercaderes,120,94,1,185,97,0,1,0,36,62,0,0,0,2,,0,0
1492-2,6,136,mercaderes,120,94,1,207,110,0,1,0,36,62,0,0,0,2,,0,0
1492-2,6,137,mercaderes,120,94,1,229,105,0,1,0,22,48,0,0,0,2,,0,0
1492-2,6,138,mercaderes,120,94,1,251,100,0,1,0,22,48,0,0,0,2,,0,0
1492-2,6,139,mercaderes,120,90,1,257,86,0,1,0,22,48,0,0,0,2,1,15,0
1492-2,6,140,mercaderes,120,90,1,226,90,0,1,0,22,48,0,0,0,2,,0,0
1492-2,6,141,mercaderes,120,90,1,195,94,0,1,0,22,48,0,0,0,2,,0,0
1492-2,6,142,mercaderes,120,90,1,194,98,0,1,0,22,48,0,0,0,2,,0,0
1492-2,6,143,mercaderes,120,90,1,209,93,0,1,0,13,39,0,0,0,2,,0,0
1492-2,6,144,mercaderes,120,90,1,222,83,0,1,0,13,30,0,0,0,2,,0,0
1492-2,6,145,mercaderes,120,90,1,240,56,0,1,0,13,30,0,0,0,2,1,15,0
1492-2,6,146,mercaderes,120,90,1,200,54,0,0,0,13,30,0,0,0,2,,0,0
1492-2,6,147,mercaderes,128,90,1,160,51,0,0,0,13,30,0,0,0,2,,0,0
1492-2,6,148,mercaderes,128,90,1,173,48,0,0,0,13,30,0,0,0,2,,0,0
1492-2,6,149,mercaderes,128,90,1,186,43,0,0,0,18,35,0,0,0,2,,0,0
1492-2,6,150,mercaderes,128,90,1,208,38,0,0,0,18,44,0,0,0,2,,0,0
1492-2,6,151,mercaderes,128,90,1,184,33,0,0,0,18,44,0,0,0,2,1,11,0
1492-2,6,152,mercaderes,128,90,1,169,32,0,2,0,18,51,0,0,0,2,,0,0
1492-2,6,153,mercaderes,128,90,1,190,32,0,1,0,18,51,0,0,0,2,,0,0
1492-2,6,154,mercaderes,128,90,1,219,30,0,0,0,18,51,0,0,0,2,,0,0
1492-2,6,155,mercaderes,128,90,1,248,43,0,0,0,36,69,0,0,0,2,,0,0
1492-2,6,156,mercaderes,128,90,1,277,55,0,0,0,36,69,0,0,0,2,,0,0
1492-2,6,157,mercaderes,128,90,1,259,67,0,0,0,36,69,0,0,0,2,1,14,0
1492-2,6,158,mercaderes,128,90,1,194,82,0,2,0,36,69,0,0,0,2,,0,0
1492-2,6,159,mercaderes,128,90,1,200,99,0,2,0,36,69,0,0,0,2,,0,0
1492-2,6,160,mercaderes,128,90,1,225,113,0,2,0,36,69,0,0,0,2,,0,0
1492-2,6,161,mercaderes,128,90,1,254,110,0,2,0,22,55,0,0,0,2,,0,0
1492-2,6,162,mercaderes,128,90,1,283,106,0,2,0,22,55,0,0,0,2,,0,0
1492-2,6,163,mercaderes,128,90,1,323,88,0,2,0,22,55,0,0,0,2,1,25,0
1492-2,6,164,mercaderes,128,90,1,299,94,0,0,0,22,55,0,0,0,2,,0,0
1492-2,6,165,mercaderes,136,90,1,275,98,0,0,0,22,55,0,0,0,2,,0,0
1492-2,6,166,mercaderes,136,90,1,251,102,0,0,0,22,55,0,0,0,2,,0,0
1492-2,6,167,mercaderes,136,90,1,270,97,0,0,0,13,46,0,0,0,2,,0,0
1492-2,6,168,mercaderes,136,90,1,287,88,0,0,0,13,34,0,0,0,2,,0,0
1492-2,6,169,mercaderes,136,90,1,320,76,0,0,0,13,34,0,0,0,2,1,15,0
1492-2,6,170,mercaderes,136,90,1,284,60,0,0,0,13,34,0,0,0,2,,0,0
1492-2,6,171,mercaderes,136,90,1,248,56,0,0,0,13,34,0,0,0,2,,0,0
1492-2,6,172,mercaderes,144,90,1,212,53,0,0,0,13,34,0,0,0,2,,0,0
1492-2,6,173,mercaderes,144,90,1,216,55,0,0,0,18,39,0,0,0,2,,0,0
1492-2,6,174,mercaderes,144,90,1,245,53,0,0,0,18,51,0,0,0,2,,0,0
1492-2,6,175,mercaderes,144,90,1,246,48,0,0,0,18,51,0,0,0,2,1,13,0
1492-2,6,176,mercaderes,144,90,1,206,47,0,2,0,18,51,0,0,0,2,,0,0
1492-2,6,177,mercaderes,144,90,1,222,47,0,2,0,18,51,0,0,0,2,,0,0
1492-2,6,178,mercaderes,144,90,1,244,47,0,1,0,18,51,0,0,0,2,,0,0
1492-2,6,179,mercaderes,144,90,1,273,61,0,1,0,36,69,0,0,0,2,,0,0
1492-2,6,180,mercaderes,144,90,1,302,72,0,1,0,36,69,0,0,0,2,,0,0
1492-2,6,181,mercaderes,144,94,1,328,83,0,1,0,36,69,0,0,0,2,1,17,0
1492-2,6,182,mercaderes,144,94,1,288,97,0,2,0,36,69,0,0,0,2,,0,0
1492-2,6,183,mercaderes,144,94,1,248,110,0,3,0,36,69,0,0,0,2,,0,0
1492-2,6,184,mercaderes,144,94,1,244,125,0,1,0,36,69,0,0,0,2,,0,0
1492-2,6,185,mercaderes,144,94,1,273,124,0,1,0,22,55,0,0,0,2,,0,0
1492-2,6,186,mercaderes,144,94,1,302,119,0,1,0,22,55,0,0,0,2,,0,0
1492-2,6,187,mercaderes,144,90,1,331,104,0,1,0,22,55,0,0,0,2,1,17,0
1492-2,6,188,mercaderes,144,90,1,307,107,0,1,0,22,55,0,0,0,2,,0,0
1492-2,6,189,mercaderes,144,90,1,283,110,0,1,0,22,55,0,0,0,2,,0,0
1492-2,6,190,mercaderes,144,90,1,259,113,0,1,0,22,55,0,0,0,2,,0,0
1492-2,6,191,mercaderes,144,90,1,265,107,0,1,0,13,46,0,0,0,2,,0,0
1492-2,6,192,mercaderes,144,90,1,275,102,0,1,0,13,34,0,0,0,2,,0,0
1492-2,6,193,mercaderes,144,90,1,312,76,0,1,0,12,33,0,0,0,2,1,18,0
1492-2,6,194,mercaderes,144,90,1,276,71,0,1,0,12,33,0,0,0,2,,0,0
1492-2,6,195,mercaderes,144,90,1,240,66,0,1,0,12,33,0,0,0,2,,0,0
1492-2,6,196,mercaderes,152,90,1,204,61,0,1,0,12,33,0,0,0,2,,0,0
1492-2,6,197,mercaderes,152,90,1,221,62,0,1,0,18,39,0,0,0,2,,0,0
1492-2,6,198,mercaderes,152,90,1,250,56,0,1,0,18,51,0,0,0,2,,0,0
1492-2,6,199,mercaderes,152,90,1,273,50,0,1,0,18,51,0,0,0,2,1,14,0
1492-2,6,200,mercaderes,152,90,1,233,50,0,1,0,18,51,0,0,0,2,,0,0
1492-2,6,1,mesta,22,30,1,42,75,0,0,0,5,11,0,0,0,0,1,5,0
1492-2,6,2,mesta,22,30,1,41,69,0,0,0,5,8,0,0,0,0,,0,0
1492-2,6,3,mesta,22,30,1,40,63,0,0,0,5,8,0,0,0,0,,0,0
1492-2,6,4,mesta,22,30,1,39,57,0,0,0,5,8,0,0,0,0,,0,0
1492-2,6,5,mesta,22,30,1,38,52,0,0,0,6,9,0,1,0,0,,0,0
1492-2,6,6,mesta,22,30,1,48,49,0,0,0,6,20,0,0,0,0,,0,0
1492-2,6,7,mesta,21,27,1,38,37,0,0,0,6,20,0,0,0,0,1,1,0
1492-2,6,8,mesta,21,27,1,46,36,0,0,0,6,18,0,0,0,0,,0,0
1492-2,6,9,mesta,21,27,1,54,35,0,0,0,6,18,0,0,0,0,,0,0
1492-2,6,10,mesta,21,27,1,62,34,0,0,0,6,18,0,0,0,0,,0,0
1492-2,6,11,mesta,21,28,1,70,40,0,0,0,13,25,0,0,0,0,,0,0
1492-2,6,12,mesta,21,29,1,78,45,0,0,0,13,25,0,0,0,0,,0,0
1492-2,6,13,mesta,22,30,1,71,49,0,0,0,13,25,0,0,0,0,1,4,0
1492-2,6,14,mesta,22,31,1,81,56,0,0,0,13,27,0,0,0,0,,0,0
1492-2,6,15,mesta,22,32,1,91,60,0,0,0,13,27,0,0,0,0,,0,0
1492-2,6,16,mesta,22,33,1,101,63,0,0,0,13,27,0,0,0,0,,0,0
1492-2,6,17,mesta,22,34,1,111,61,0,0,0,8,22,0,0,0,0,,0,0
1492-2,6,18,mesta,23,35,1,121,59,0,0,0,8,22,0,0,0,0,,0,0
1492-2,6,19,mesta,22,34,1,51,57,0,0,0,8,22,0,0,0,0,1,4,0
1492-2,6,20,mesta,22,34,1,51,57,0,0,0,8,22,0,0,0,0,,0,0
1492-2,6,21,mesta,23,35,1,61,54,0,0,0,8,22,0,1,0,0,,0,0
1492-2,6,22,mesta,23,35,1,71,53,0,0,0,8,28,0,0,0,0,,0,0
1492-2,6,23,mesta,23,35,1,81,49,0,0,0,5,25,0,0,0,0,,0,0
1492-2,6,24,mesta,23,35,1,88,46,0,0,0,5,22,0,0,0,0,,0,0
1492-2,6,25,mesta,23,35,1,87,43,0,0,0,5,22,0,0,0,0,1,3,0
1492-2,6,26,mesta,23,35,1,94,45,0,0,0,5,22,0,0,0,0,,0,0
1492-2,6,27,mesta,23,35,1,101,42,0,0,0,5,22,0,0,0,0,,0,0
1492-2,6,28,mesta,23,35,1,108,39,0,0,0,5,22,0,0,0,0,,0,0
1492-2,6,29,mesta,23,35,1,115,37,0,0,0,6,23,0,0,0,0,,0,0
1492-2,6,30,mesta,23,35,1,125,35,0,0,0,6,26,0,0,0,0,,0,0
1492-2,6,31,mesta,23,35,1,85,33,0,0,0,6,26,0,0,0,0,1,12,0
1492-2,6,32,mesta,23,35,1,90,32,0,1,0,6,26,0,0,0,0,,0,0
1492-2,6,33,mesta,23,35,1,100,32,0,0,0,6,26,0,0,0,0,,0,0
1492-2,6,34,mesta,23,35,1,110,30,0,0,0,6,26,0,0,0,0,,0,0
1492-2,6,35,mesta,23,36,1,120,35,0,0,0,13,33,0,0,0,0,,0,0
1492-2,6,36,mesta,23,37,1,130,39,0,0,0,13,33,0,0,0,0,,0,0
1492-2,6,37,mesta,23,38,1,198,43,0,0,0,13,33,0,0,0,0,1,15,0
1492-2,6,38,mesta,23,39,1,203,48,0,1,0,13,33,0,0,0,0,,0,0
1492-2,6,39,mesta,24,40,1,208,52,0,1,0,13,33,0,0,0,0,,0,0
1492-2,6,40,mesta,24,42,1,220,55,0,1,0,13,35,0,0,0,0,,0,0
1492-2,6,41,mesta,24,42,1,232,52,0,1,0,8,30,0,0,0,0,,0,0
1492-2,6,42,mesta,24,42,1,244,49,0,1,0,8,30,0,0,0,0,,0,0
1492-2,6,43,mesta,23,38,1,330,38,0,0,0,8,30,0,0,0,0,1,22,0
1492-2,6,44,mesta,23,38,1,293,41,0,0,0,8,28,0,0,0,0,,0,0
1492-2,6,45,mesta,23,38,1,256,41,0,0,0,8,28,0,1,0,0,,0,0
1492-2,6,46,mesta,23,38,1,228,43,0,0,0,8,28,0,0,0,0,,0,0
1492-2,6,47,mesta,23,38,1,233,42,0,0,0,5,25,0,0,0,0,,0,0
1492-2,6,48,mesta,23,38,1,240,38,0,0,0,5,22,0,0,0,0,,0,0
1492-2,6,49,mesta,23,38,1,360,20,0,0,0,5,22,0,0,0,0,1,22,0
1492-2,6,50,mesta,23,38,1,320,20,0,0,0,5,22,0,0,0,0,,0,0
1492-2,6,51,mesta,23,38,1,280,20,0,0,0,5,22,0,0,0,0,,0,0
1492-2,6,52,mesta,23,38,1,249,20,0,0,0,5,22,0,0,0,0,,0,0
1492-2,6,53,mesta,23,38,1,256,21,0,0,0,6,23,0,0,0,0,,0,0
1492-2,6,54,mesta,41,38,1,266,18,0,0,0,6,26,0,0,0,1,,0,0
1492-2,6,55,mesta,41,38,1,282,15,0,0,0,6,26,0,0,0,1,1,21,0
1492-2,6,56,mesta,41,38,1,209,13,0,2,0,6,26,0,0,0,1,,0,0
1492-2,6,57,mesta,41,38,1,187,9,0,3,0,4,24,0,0,0,1,,0,0
1492-2,6,58,mesta,41,38,1,192,5,1,2,0,4,24,0,0,0,1,,0,0
1492-2,6,59,mesta,41,38,1,202,6,1,1,0,9,29,0,0,0,1,,0,0
1492-2,6,60,mesta,41,38,1,212,6,1,0,0,9,29,0,0,0,1,,0,0
1492-2,6,61,mesta,41,38,1,328,6,1,0,0,9,29,0,0,0,1,1,18,0
1492-2,6,62,mesta,41,38,1,280,7,1,2,0,9,29,0,0,0,1,,0,0
1492-2,6,63,mesta,41,38,1,285,12,1,2,0,13,33,0,0,0,1,,0,0
1492-2,6,64,mesta,41,38,1,290,17,1,1,0,13,33,0,0,0,1,,0,0
1492-2,6,65,mesta,41,38,1,300,19,1,0,0,10,30,0,0,0,1,,0,0
1492-2,6,66,mesta,41,38,1,310,20,1,0,0,10,30,0,0,0,1,,0,0
1492-2,6,67,mesta,42,42,1,448,22,1,0,0,10,30,0,0,0,1,1,24,0
1492-2,6,68,mesta,42,42,1,413,26,1,0,0,10,32,0,0,0,1,,0,0
1492-2,6,69,mesta,42,42,1,378,29,1,0,0,10,32,0,0,0,1,,0,0
1492-2,6,70,mesta,42,42,1,343,32,1,0,0,10,32,0,0,0,1,,0,0
1492-2,6,71,mesta,42,42,1,308,30,1,0,0,5,27,0,0,0,1,,0,0
1492-2,6,72,mesta,42,42,1,301,28,1,0,0,5,23,0,0,0,1,,0,0
1492-2,6,73,mesta,42,42,1,399,26,1,0,0,5,23,0,0,0,1,1,23,0
1492-2,6,74,mesta,42,42,1,360,25,1,0,0,5,23,0,0,0,1,,0,0
1492-2,6,75,mesta,42,42,1,321,24,1,0,0,5,23,0,0,0,1,,0,0
1492-2,6,76,mesta,42,42,1,282,23,1,0,0,5,23,0,0,0,1,,0,0
1492-2,6,77,mesta,42,42,1,243,23,1,0,0,6,24,0,0,0,1,,0,0
1492-2,6,78,mesta,42,42,1,250,23,1,0,0,6,28,0,0,0,1,,0,0
1492-2,6,79,mesta,42,42,1,321,20,1,0,0,6,28,0,0,0,1,1,20,0
1492-2,6,80,mesta,42,42,1,250,17,1,2,0,6,28,0,0,0,1,,0,0
1492-2,6,81,mesta,42,42,1,239,14,1,3,0,6,28,0,0,0,1,,0,0
1492-2,6,82,mesta,42,42,1,251,11,1,2,0,6,28,0,0,0,1,,0,0
1492-2,6,83,mesta,42,42,1,263,14,1,1,0,13,35,0,0,0,1,,0,0
1492-2,6,84,mesta,42,42,1,275,17,1,0,0,13,35,0,0,0,1,,0,0
1492-2,6,85,mesta,42,42,1,409,20,1,0,0,13,35,0,0,0,1,1,22,0
1492-2,6,86,mesta,42,42,1,338,24,1,2,0,13,35,0,0,0,1,,0,0
1492-2,6,87,mesta,42,42,1,318,28,1,3,0,13,35,0,0,0,1,,0,0
1492-2,6,88,mesta,42,44,1,316,32,1,2,0,13,35,0,0,0,1,,0,0
1492-2,6,89,mesta,42,44,1,328,30,1,1,0,8,30,0,0,0,1,,0,0
1492-2,6,90,mesta,42,44,1,340,27,1,0,0,8,30,0,0,0,1,,0,0
1492-2,6,91,mesta,42,44,1,509,24,1,0,0,8,30,0,0,0,1,1,24,0
1492-2,6,92,mesta,42,44,1,474,25,1,0,0,8,30,0,0,0,1,,0,0
1492-2,6,93,mesta,42,44,1,439,26,1,0,0,8,30,0,0,0,1,,0,0
1492-2,6,94,mesta,42,44,1,404,27,1,0,0,8,30,0,0,0,1,,0,0
1492-2,6,95,mesta,42,44,1,369,25,1,0,0,5,27,0,0,0,1,,0,0
1492-2,6,96,mesta,42,44,1,339,23,1,0,0,5,23,0,0,0,1,,0,0
1492-2,6,97,mesta,42,44,1,439,21,1,0,0,5,23,0,0,0,1,1,24,0
1492-2,6,98,mesta,42,44,1,400,19,1,0,0,5,23,0,0,0,1,,0,0
1492-2,6,99,mesta,42,44,1,361,17,1,0,0,5,23,0,0,0,1,,0,0
1492-2,6,100,mesta,42,44,1,322,15,1,0,0,5,23,0,0,0,1,,0,0
1492-2,6,101,mesta,42,44,1,283,14,1,0,0,6,24,0,0,0,1,,0,0
1492-2,6,102,mesta,42,44,1,257,13,1,0,0,6,28,0,0,0,1,,0,0
1492-2,6,103,mesta,42,44,1,324,12,1,0,0,6,28,0,0,0,1,1,21,0
1492-2,6,104,mesta,42,44,1,253,8,1,2,0,6,28,0,0,0,1,,0,0
1492-2,6,105,mesta,42,44,1,242,4,1,3,0,6,28,0,0,0,1,,0,0
1492-2,6,106,mesta,41,44,1,249,1,1,3,0,6,28,1,0,0,1,,0,0
1492-2,6,107,mesta,41,44,1,261,2,1,2,0,11,33,0,0,0,1,,0,0
1492-2,6,108,mesta,41,44,1,273,2,1,1,0,11,33,0,0,0,1,,0,0
1492-2,6,109,mesta,41,44,1,429,2,1,0,0,11,33,0,0,0,1,1,24,0
1492-2,6,110,mesta,41,44,1,383,3,1,1,0,11,33,0,0,0,1,,0,0
1492-2,6,111,mesta,41,44,1,337,4,1,1,0,11,33,0,0,0,1,,0,0
1492-2,6,112,mesta,41,44,1,317,5,1,1,0,11,33,0,0,0,1,,0,0
1492-2,6,113,mesta,41,44,1,324,3,1,0,0,8,30,0,0,0,1,,0,0
1492-2,6,114,mesta,41,44,1,336,1,1,0,0,8,30,0,0,0,1,,0,0
1492-2,6,115,mesta,40,44,1,491,0,1,0,0,8,30,1,0,0,1,1,24,0
1492-2,6,116,mesta,39,44,1,456,4,1,0,0,8,30,1,0,0,1,,0,0
1492-2,6,117,mesta,39,44,1,421,5,1,0,0,8,30,0,0,0,1,,0,0
1492-2,6,118,mesta,39,44,1,386,6,1,0,0,8,30,0,0,0,1,,0,0
1492-2,6,119,mesta,39,44,1,351,4,1,0,0,5,27,0,0,0,1,,0,0
1492-2,6,120,mesta,38,44,1,321,4,1,0,0,5,23,1,0,0,1,,0,0
1492-2,6,121,mesta,37,44,1,421,4,1,0,0,5,23,1,0,0,1,1,23,0
1492-2,6,122,mesta,36,43,1,382,4,1,0,0,5,23,1,0,0,1,,0,0
1492-2,6,123,mesta,35,42,1,343,4,1,0,0,5,23,1,0,0,1,,0,0
1492-2,6,124,mesta,34,41,1,304,4,1,0,0,5,23,1,0,0,1,,0,0
1492-2,6,125,mesta,34,41,1,265,4,1,0,0,6,24,0,0,0,1,,0,0
1492-2,6,126,mesta,34,41,1,257,4,1,0,0,6,28,0,0,0,1,,0,0
1492-2,6,127,mesta,34,41,1,327,4,1,0,0,6,28,0,0,0,1,1,21,0
1492-2,6,128,mesta,34,41,1,256,1,1,2,0,6,28,0,0,0,1,,0,0
1492-2,6,129,mesta,33,41,1,245,1,1,4,0,6,28,1,0,0,1,,0,0
1492-2,6,130,mesta,32,41,1,252,1,1,4,0,6,28,1,0,0,1,,0,0
1492-2,6,131,mesta,32,41,1,264,5,1,3,0,13,35,0,0,0,1,,0,0
1492-2,6,132,mesta,32,41,1,276,8,1,2,0,13,35,0,0,0,1,,0,0
1492-2,6,133,mesta,32,41,1,444,11,1,1,0,13,35,0,0,0,1,1,22,0
1492-2,6,134,mesta,32,41,1,409,18,1,0,0,13,35,0,0,0,1,,0,0
1492-2,6,135,mesta,32,41,1,374,25,1,0,0,13,35,0,0,0,1,,0,0
1492-2,6,136,mesta,32,43,1,339,31,1,0,0,13,35,0,0,0,1,,0,0
1492-2,6,137,mesta,32,43,1,331,31,1,0,0,7,29,0,0,0,1,,0,0
1492-2,6,138,mesta,32,43,1,338,31,1,0,0,7,29,0,0,0,1,,0,0
1492-2,6,139,mesta,32,43,1,451,28,1,0,0,7,29,0,0,0,1,1,24,0
1492-2,6,140,mesta,32,43,1,416,28,1,0,0,7,29,0,0,0,1,,0,0
1492-2,6,141,mesta,32,43,1,381,28,1,0,0,7,29,0,0,0,1,,0,0
1492-2,6,142,mesta,32,43,1,346,28,1,0,0,7,29,0,0,0,1,,0,0
1492-2,6,143,mesta,32,43,1,311,27,1,0,0,5,27,0,0,0,1,,0,0
1492-2,6,144,mesta,32,43,1,281,26,1,0,0,5,23,0,0,0,1,,0,0
1492-2,6,145,mesta,32,43,1,377,25,1,0,0,5,23,0,0,0,1,1,22,0
1492-2,6,146,mesta,32,43,1,338,24,1,0,0,5,23,0,0,0,1,,0,0
1492-2,6,147,mesta,32,43,1,299,23,1,0,0,5,23,0,0,0,1,,0,0
1492-2,6,148,mesta,32,43,1,260,22,1,0,0,5,23,0,0,0,1,,0,0
1492-2,6,149,mesta,32,43,1,239,22,1,0,0,6,24,0,0,0,1,,0,0
1492-2,6,150,mesta,32,43,1,251,22,1,0,0,6,28,0,0,0,1,,0,0
1492-2,6,151,mesta,32,43,1,324,18,1,0,0,6,28,0,0,0,1,1,21,0
1492-2,6,152,mesta,32,43,1,253,15,1,2,0,6,28,0,0,0,1,,0,0
1492-2,6,153,mesta,32,43,1,242,12,1,3,0,6,28,0,0,0,1,,0,0
1492-2,6,154,mesta,32,43,1,254,9,1,2,0,6,28,0,0,0,1,,0,0
1492-2,6,155,mesta,32,43,1,266,12,1,1,0,13,35,0,0,0,1,,0,0
1492-2,6,156,mesta,32,43,1,278,15,1,0,0,13,35,0,0,0,1,,0,0
1492-2,6,157,mesta,32,43,1,412,18,1,0,0,13,35,0,0,0,1,1,23,0
1492-2,6,158,mesta,32,43,1,341,22,1,2,0,13,35,0,0,0,1,,0,0
1492-2,6,159,mesta,32,43,1,321,26,1,3,0,13,35,0,0,0,1,,0,0
1492-2,6,160,mesta,33,45,1,319,30,1,2,0,13,35,0,0,0,1,,0,0
1492-2,6,161,mesta,33,45,1,326,28,1,1,0,8,30,0,0,0,1,,0,0
1492-2,6,162,mesta,33,45,1,338,26,1,0,0,8,30,0,0,0,1,,0,0
1492-2,6,163,mesta,33,45,1,505,23,1,0,0,8,30,0,0,0,1,1,24,0
1492-2,6,164,mesta,33,45,1,470,24,1,0,0,8,30,0,0,0,1,,0,0
1492-2,6,165,mesta,33,45,1,435,25,1,0,0,8,30,0,0,0,1,,0,0
1492-2,6,166,mesta,33,45,1,400,26,1,0,0,8,30,0,0,0,1,,0,0
1492-2,6,167,mesta,33,45,1,365,24,1,0,0,5,27,0,0,0,1,,0,0
1492-2,6,168,mesta,33,45,1,335,22,1,0,0,5,23,0,0,0,1,,0,0
1492-2,6,169,mesta,33,45,1,366,20,1,0,0,5,23,0,0,0,1,1,19,0
1492-2,6,170,mesta,33,45,1,339,19,1,0,0,5,23,0,0,0,1,,0,0
1492-2,6,171,mesta,33,45,1,312,18,1,0,0,5,23,0,0,0,1,,0,0
1492-2,6,172,mesta,33,45,1,285,17,1,0,0,5,23,0,0,0,1,,0,0
1492-2,6,173,mesta,33,45,1,258,17,1,0,0,6,24,0,0,0,1,,0,0
1492-2,6,174,mesta,33,45,1,235,17,1,0,0,6,28,0,0,0,1,,0,0
1492-2,6,175,mesta,33,45,1,286,17,1,0,0,6,28,0,0,0,1,1,19,0
1492-2,6,176,mesta,33,45,1,215,11,1,2,0,6,28,0,0,0,1,,0,0
1492-2,6,177,mesta,33,45,1,222,5,1,3,0,6,28,0,0,0,1,,0,0
1492-2,6,178,mesta,32,45,1,234,1,1,3,0,6,28,1,0,0,1,,0,0
1492-2,6,179,mesta,31,45,1,246,0,1,3,0,11,33,1,0,0,1,,0,0
1492-2,6,180,mesta,29,44,1,258,0,1,3,0,11,33,1,0,0,1,,0,0
1492-2,6,181,mesta,28,43,1,431,0,1,3,0,11,33,1,0,0,1,1,21,0
1492-2,6,182,mesta,27,42,1,396,4,1,3,0,11,33,1,0,0,1,,0,0
1492-2,6,183,mesta,27,42,1,357,7,1,2,0,11,33,0,0,0,1,,0,0
1492-2,6,184,mesta,27,42,1,322,10,1,1,0,11,33,0,0,0,1,,0,0
1492-2,6,185,mesta,27,42,1,324,10,1,0,0,8,30,0,0,0,1,,0,0
1492-2,6,186,mesta,27,42,1,336,8,1,0,0,8,30,0,0,0,1,,0,0
1492-2,6,187,mesta,27,42,1,454,4,1,0,0,8,30,0,0,0,1,1,24,0
1492-2,6,188,mesta,27,42,1,419,4,1,0,0,8,30,0,0,0,1,,0,0
1492-2,6,189,mesta,27,42,1,380,4,1,0,0,8,30,0,0,0,1,,0,0
1492-2,6,190,mesta,27,42,1,345,4,1,0,0,8,30,0,0,0,1,,0,0
1492-2,6,191,mesta,26,42,1,310,4,1,0,0,5,27,1,0,0,1,,0,0
1492-2,6,192,mesta,25,42,1,277,4,1,0,0,5,23,1,0,0,1,,0,0
1492-2,6,193,mesta,24,41,1,375,4,1,0,0,5,23,1,0,0,1,1,22,0
1492-2,6,194,mesta,23,40,1,334,4,1,0,0,5,23,1,0,0,1,,0,0
1492-2,6,195,mesta,21,39,1,295,4,1,0,0,5,23,1,0,0,1,,0,0
1492-2,6,196,mesta,20,38,1,255,4,1,0,0,5,22,1,0,0,1,,0,0
1492-2,6,197,mesta,19,37,1,233,4,1,0,0,6,23,1,0,0,1,,0,0
1492-2,6,198,mesta,18,36,1,243,4,1,0,0,6,26,1,0,0,1,,0,0
1492-2,6,199,mesta,17,35,1,313,0,1,0,0,6,26,1,0,0,1,1,20,0
1492-2,6,200,mesta,15,34,1,240,1,1,2,0,6,25,1,0,0,1,,0,0
1492-2,6,1,monjes,27,56,1,18,68,0,0,0,15,27,0,0,0,0,1,5,0
1492-2,6,2,monjes,27,56,1,19,63,0,0,0,15,20,0,0,0,0,,0,0
1492-2,6,3,monjes,27,56,1,20,58,0,0,0,15,20,0,1,0,0,,0,0
1492-2,6,4,monjes,27,58,1,21,62,0,0,0,22,27,0,0,0,0,,0,0
1492-2,6,5,monjes,28,60,1,22,73,0,0,0,30,35,0,1,0,0,,0,0
1492-2,6,6,monjes,43,63,1,38,85,0,0,0,30,50,0,0,0,1,,0,0
1492-2,6,7,monjes,43,61,1,34,87,0,0,0,30,50,0,0,0,1,1,2,0
1492-2,6,8,monjes,43,64,1,50,98,0,0,0,30,50,0,0,0,1,,0,0
1492-2,6,9,monjes,44,67,1,66,108,0,0,0,30,50,0,0,0,1,,0,0
1492-2,6,10,monjes,45,70,1,82,118,0,0,0,30,50,0,0,0,1,,0,0
1492-2,6,11,monjes,45,73,1,100,155,0,0,0,60,82,0,0,0,1,,0,0
1492-2,6,12,monjes,46,76,1,118,190,0,0,0,60,82,0,0,0,1,,0,0
1492-2,6,13,monjes,46,75,1,65,213,0,0,0,60,82,0,0,0,1,1,5,0
1492-2,6,14,monjes,46,78,1,79,245,0,0,0,60,77,0,0,0,1,,0,0
1492-2,6,15,monjes,47,81,1,93,275,0,0,0,60,77,0,0,0,1,,0,0
1492-2,6,16,monjes,48,85,1,109,303,0,0,0,60,79,0,0,0,1,,0,0
1492-2,6,17,monjes,48,89,1,125,307,0,0,0,37,56,0,0,0,1,,0,0
1492-2,6,18,monjes,49,90,1,141,310,0,0,0,37,56,0,0,0,1,,0,0
1492-2,6,19,monjes,49,90,1,103,290,0,0,0,37,57,0,0,0,1,1,25,0
1492-2,6,20,monjes,67,90,1,91,287,0,0,0,37,57,0,0,0,2,,0,0
1492-2,6,21,monjes,67,90,1,108,280,0,0,0,37,57,0,0,0,2,,0,0
1492-2,6,22,monjes,67,90,1,125,274,0,0,0,37,57,0,0,0,2,,0,0
1492-2,6,23,monjes,67,90,1,142,248,0,0,0,22,42,0,0,0,2,,0,0
1492-2,6,24,monjes,75,90,1,153,229,0,0,0,22,36,0,0,0,2,,0,0
1492-2,6,25,monjes,75,90,1,247,203,0,0,0,22,36,0,0,0,2,1,15,0
1492-2,6,26,monjes,75,90,1,222,190,0,0,0,22,36,0,0,0,2,,0,0
1492-2,6,27,monjes,75,90,1,233,173,0,0,0,22,36,0,0,0,2,,0,0
1492-2,6,28,monjes,75,90,1,244,157,0,0,0,22,36,0,0,0,2,,0,0
1492-2,6,29,monjes,75,90,1,255,159,0,0,0,30,44,0,0,0,2,,0,0
1492-2,6,30,monjes,75,90,1,272,161,0,0,0,30,50,0,0,0,2,,0,0
1492-2,6,31,monjes,75,90,1,273,145,0,0,0,30,50,0,0,0,2,1,24,0
1492-2,6,32,monjes,83,90,1,188,147,0,2,0,30,50,0,0,0,2,,0,0
1492-2,6,33,monjes,83,90,1,197,149,0,4,0,30,50,0,0,0,2,,0,0
1492-2,6,34,monjes,83,90,1,214,152,0,0,0,30,50,0,0,0,2,,0,0
1492-2,6,35,monjes,91,90,1,231,183,0,0,0,60,80,0,0,0,2,,0,0
1492-2,6,36,monjes,91,90,1,248,213,0,0,0,60,80,0,0,0,2,,0,0
1492-2,6,37,monjes,91,90,1,237,237,0,0,0,60,80,0,0,0,2,1,10,0
1492-2,6,38,monjes,91,90,1,163,260,0,2,0,60,80,0,0,0,2,,0,0
1492-2,6,39,monjes,91,90,1,180,282,0,4,0,60,80,0,0,0,2,,0,0
1492-2,6,40,monjes,91,90,1,197,308,0,4,0,60,80,0,0,0,2,,0,0
1492-2,6,41,monjes,91,90,1,214,311,0,4,0,37,57,0,0,0,2,,0,0
1492-2,6,42,monjes,91,90,1,231,313,0,4,0,37,57,0,0,0,2,,0,0
1492-2,6,43,monjes,91,90,1,265,290,0,4,0,37,57,0,0,0,2,1,30,0
1492-2,6,44,monjes,99,90,1,212,290,0,4,0,37,57,0,0,0,2,,0,0
1492-2,6,45,monjes,99,90,1,199,286,0,4,0,37,57,0,0,0,2,,0,0
1492-2,6,46,monjes,99,90,1,216,279,0,4,0,37,57,0,0,0,2,,0,0
1492-2,6,47,monjes,99,90,1,233,250,0,4,0,22,42,0,0,0,2,,0,0
1492-2,6,48,monjes,107,90,1,244,230,0,4,0,22,36,0,0,0,2,,0,0
1492-2,6,49,monjes,106,89,1,332,194,0,4,0,22,36,0,0,0,2,1,21,0
1492-2,6,50,monjes,107,90,1,272,188,0,0,0,22,35,0,0,0,2,,0,0
1492-2,6,51,monjes,136,95,2,243,175,0,0,0,22,36,0,0,0,3,,0,0
1492-2,6,52,monjes,136,95,2,249,154,0,0,0,22,36,0,0,0,3,,0,0
1492-2,6,53,monjes,136,96,2,255,147,0,0,0,30,44,0,0,0,3,,0,0
1492-2,6,54,monjes,136,97,2,267,147,0,0,0,30,50,0,0,0,3,,0,0
1492-2,6,55,monjes,135,93,2,252,91,0,0,0,30,50,0,0,0,3,1,22,0
1492-2,6,56,monjes,135,94,2,162,96,0,2,0,30,50,0,1,0,3,,0,0
1492-2,6,57,monjes,240,139,3,164,107,0,4,0,35,55,0,0,0,4,,0,0
1492-2,6,58,monjes,241,144,3,177,104,0,1,0,35,63,0,1,0,4,,0,0
1492-2,6,59,monjes,242,147,3,192,128,0,1,0,65,95,0,0,0,4,,0,0
1492-2,6,60,monjes,243,150,3,207,150,0,1,0,66,97,0,1,0,4,,0,0
1492-2,6,61,monjes,243,153,3,202,173,0,1,0,67,98,0,0,0,4,1,15,0
1492-2,6,62,monjes,244,156,3,145,214,0,2,0,85,113,0,1,0,4,,0,0
1492-2,6,63,monjes,244,159,3,140,256,0,3,0,87,118,0,0,0,4,,0,0
1492-2,6,64,monjes,245,160,3,155,293,0,3,0,89,122,0,1,0,4,,0,0
1492-2,6,65,monjes,245,161,3,171,296,0,3,0,55,88,0,0,0,4,,0,0
1492-2,6,66,monjes,245,162,3,187,301,0,3,0,57,90,0,0,0,4,,0,0
1492-2,6,67,monjes,245,164,3,141,250,0,3,0,57,90,0,0,0,4,1,27,0
1492-2,6,68,monjes,246,167,3,106,251,0,3,0,59,91,0,1,0,4,,0,0
1492-2,6,69,monjes,266,226,4,121,256,0,3,0,67,100,0,0,0,4,,0,0
1492-2,6,70,monjes,267,230,4,130,243,0,3,0,67,111,0,0,0,4,,0,0
1492-2,6,71,monjes,267,230,4,151,212,0,3,0,47,93,0,0,0,4,,0,0
1492-2,6,72,monjes,267,230,4,166,182,0,3,0,47,87,0,1,0,4,,0,0
1492-2,6,73,monjes,265,223,4,210,119,0,0,0,54,94,0,0,0,4,1,20,0
1492-2,6,74,monjes,265,223,4,161,119,0,0,0,54,89,0,0,0,4,,0,0
1492-2,6,75,monjes,282,268,5,169,117,0,0,0,54,89,0,1,0,4,,0,0
1492-2,6,76,monjes,283,273,5,182,99,0,0,0,54,101,0,1,0,4,,0,0
1492-2,6,77,monjes,284,278,5,197,101,0,0,0,74,123,0,0,0,4,,0,0
1492-2,6,78,monjes,286,285,5,218,100,0,0,0,74,129,0,1,0,4,,0,0
1492-2,6,79,monjes,286,286,5,145,59,0,0,0,76,132,0,0,0,4,1,19,0
1492-2,6,80,monjes,287,292,5,121,66,0,2,0,76,129,0,0,0,4,,0,0
1492-2,6,81,monjes,297,304,6,158,111,0,0,0,77,131,0,1,0,4,,0,0
1492-2,6,82,monjes,299,311,6,177,113,0,0,0,78,134,0,0,0,4,,0,0
1492-2,6,83,monjes,300,318,6,184,170,0,0,0,141,197,0,0,0,4,,0,0
1492-2,6,84,monjes,301,324,6,203,222,0,0,0,142,198,0,1,0,4,,0,0
1492-2,6,85,monjes,303,330,6,174,295,0,0,0,170,229,0,0,0,4,1,17,0
1492-2,6,86,monjes,304,336,6,163,361,0,2,0,170,230,0,1,0,4,,0,0
1492-2,6,87,monjes,305,342,6,152,443,0,2,0,190,250,0,0,0,4,,0,0
1492-2,6,88,monjes,306,348,6,164,521,0,2,0,190,251,0,1,0,4,,0,0
1492-2,6,89,monjes,307,354,6,188,533,0,2,0,123,186,0,1,0,4,,0,0
1492-2,6,90,monjes,309,361,6,214,560,0,2,0,138,204,0,0,0,4,,0,0
1492-2,6,91,monjes,310,366,6,221,523,0,2,0,139,207,0,1,0,4,1,28,0
1492-2,6,92,monjes,312,376,6,186,541,0,2,0,136,204,0,1,0,4,,0,0
1492-2,6,93,monjes,331,391,7,230,596,0,2,0,137,204,0,0,0,4,,0,0
1492-2,6,94,monjes,332,397,7,252,605,0,2,0,138,206,0,1,0,4,,0,0
1492-2,6,95,monjes,332,397,7,279,568,0,2,0,95,165,0,0,0,4,,0,0
1492-2,6,96,monjes,332,397,7,300,532,0,2,0,95,159,0,0,0,4,,0,0
1492-2,6,97,monjes,331,392,7,363,450,0,2,0,95,159,0,0,0,4,1,41,0
1492-2,6,98,monjes,339,392,7,339,427,0,2,0,95,159,0,1,0,4,,0,0
1492-2,6,99,monjes,348,397,8,345,447,0,2,0,95,159,0,1,0,4,,0,0
1492-2,6,100,monjes,348,397,8,303,418,0,2,0,96,160,0,0,0,4,,0,0
1492-2,6,101,monjes,357,404,8,273,417,0,2,0,118,182,0,1,0,4,,0,0
1492-2,6,102,monjes,359,411,8,279,415,0,2,0,120,190,0,1,0,4,,0,0
1492-2,6,103,monjes,360,418,8,357,418,0,2,0,121,191,0,0,0,4,1,27,0
1492-2,6,104,monjes,362,426,8,335,419,0,2,0,125,197,0,2,0,4,,0,0
1492-2,6,105,monjes,363,434,8,298,428,0,2,0,131,203,0,0,0,4,,0,0
1492-2,6,106,monjes,365,442,8,277,433,0,2,0,132,206,0,1,0,4,,0,0
1492-2,6,107,monjes,367,451,8,269,538,0,2,0,239,316,0,1,0,4,,0,0
1492-2,6,108,monjes,369,460,8,292,638,0,2,0,243,321,0,0,0,4,,0,0
1492-2,6,109,monjes,371,470,8,371,689,0,0,0,246,327,0,0,0,4,1,29,0
1492-2,6,110,monjes,373,480,8,356,793,0,0,0,252,333,0,0,0,4,,0,0
1492-2,6,111,monjes,401,542,9,342,891,0,0,0,254,336,0,0,0,4,,0,0
1492-2,6,112,monjes,404,557,9,331,973,0,0,0,258,352,0,1,0,4,,0,0
1492-2,6,113,monjes,407,573,9,321,969,0,0,0,174,270,0,0,0,4,,0,0
1492-2,6,114,monjes,410,589,9,352,955,0,0,0,174,270,0,0,0,4,,0,0
1492-2,6,115,monjes,414,605,9,414,936,0,0,0,175,273,0,1,0,4,1,24,0
1492-2,6,116,monjes,416,619,9,376,916,0,0,0,176,266,0,2,0,4,,0,0
1492-2,6,117,monjes,419,633,9,331,922,0,0,0,201,294,0,0,0,4,,0,0
1492-2,6,118,monjes,421,642,9,297,922,0,0,0,201,295,0,1,0,4,,0,0
1492-2,6,119,monjes,421,642,9,326,858,0,0,0,143,243,0,0,0,4,,0,0
1492-2,6,120,monjes,421,642,9,359,796,0,0,0,143,237,0,1,0,4,,0,0
1492-2,6,121,monjes,421,642,9,486,737,0,0,0,143,237,0,0,0,4,1,29,0
1492-2,6,122,monjes,421,642,9,474,693,0,0,0,143,237,0,0,0,4,,0,0
1492-2,6,123,monjes,429,642,9,462,649,0,0,0,143,237,0,0,0,4,,0,0
1492-2,6,124,monjes,429,642,9,450,606,0,0,0,143,237,0,1,0,4,,0,0
1492-2,6,125,monjes,432,655,9,428,597,0,0,0,174,268,0,0,0,4,,0,0
1492-2,6,126,monjes,434,668,9,422,583,0,0,0,174,275,0,1,0,4,,0,0
1492-2,6,127,monjes,437,681,9,508,556,0,0,0,175,283,0,0,0,4,1,32,0
1492-2,6,128,monjes,439,694,9,464,537,0,2,0,176,285,0,0,0,4,,0,0
1492-2,6,129,monjes,450,707,9,421,515,0,4,0,177,287,0,1,0,4,,0,0
1492-2,6,130,monjes,451,710,9,381,493,0,6,0,177,290,0,0,0,4,,0,0
1492-2,6,131,monjes,454,725,9,412,590,0,8,0,305,418,0,0,0,4,,0,0
1492-2,6,132,monjes,457,740,9,454,678,0,8,0,305,419,0,0,0,4,,0,0
1492-2,6,133,monjes,459,754,9,641,754,0,7,0,305,424,0,0,0,4,1,34,0
1492-2,6,134,monjes,470,766,9,648,838,0,7,0,305,425,0,0,0,4,,0,0
1492-2,6,135,monjes,471,774,9,658,915,0,7,0,305,428,0,0,0,4,,0,0
1492-2,6,136,monjes,473,782,9,669,987,0,7,0,305,429,0,0,0,4,,0,0
1492-2,6,137,monjes,475,790,9,680,960,0,7,0,206,330,0,0,0,4,,0,0
1492-2,6,138,monjes,476,799,9,693,923,0,7,0,206,332,0,0,0,4,,0,0
1492-2,6,139,monjes,478,808,9,828,894,0,7,0,206,332,0,0,0,4,1,24,0
1492-2,6,140,monjes,488,817,9,842,864,0,7,0,206,333,0,0,0,4,,0,0
1492-2,6,141,monjes,490,825,9,856,833,0,7,0,206,333,0,0,0,4,,0,0
1492-2,6,142,monjes,490,826,9,874,801,0,7,0,206,337,0,0,0,4,,0,0
1492-2,6,143,monjes,490,826,9,892,712,0,7,0,145,276,0,0,0,4,,0,0
1492-2,6,144,monjes,490,826,9,904,626,0,7,0,145,270,0,0,0,4,,0,0
1492-2,6,145,monjes,490,826,9,987,544,0,7,0,145,270,0,0,0,4,1,26,0
1492-2,6,146,monjes,490,826,9,999,463,0,7,0,145,270,0,0,0,4,,0,0
1492-2,6,147,monjes,490,826,9,1011,385,0,7,0,145,270,0,1,0,4,,0,0
1492-2,6,148,monjes,490,826,9,1023,319,0,0,0,145,270,0,0,0,4,,0,0
1492-2,6,149,monjes,490,826,9,1035,280,0,0,0,177,302,0,0,0,4,,0,0
1492-2,6,150,monjes,490,826,9,1053,242,0,0,0,177,308,0,0,0,4,,0,0
1492-2,6,151,monjes,491,830,9,1111,206,0,0,0,177,308,0,0,0,4,1,33,0
1492-2,6,152,monjes,491,830,9,1089,148,0,2,0,158,289,0,0,0,4,,0,0
1492-2,6,153,monjes,491,830,9,1067,95,0,2,0,158,289,0,0,0,4,,0,0
1492-2,6,154,monjes,491,830,9,1045,43,0,3,0,158,289,0,0,0,4,,0,0
1492-2,6,155,monjes,492,839,9,1023,101,0,2,0,270,401,0,0,0,4,,0,0
1492-2,6,156,monjes,494,849,9,1002,153,0,4,0,270,402,0,0,0,4,,0,0
1492-2,6,157,monjes,497,860,9,1153,204,0,6,0,270,404,0,0,0,4,1,23,0
1492-2,6,158,monjes,499,872,9,1164,252,0,1,0,270,405,0,5,0,4,,0,0
1492-2,6,159,monjes,501,884,9,1175,384,0,1,0,358,493,0,0,0,4,,0,0
1492-2,6,160,monjes,504,896,9,1189,508,0,1,0,358,496,0,0,0,4,,0,0
1492-2,6,161,monjes,506,906,9,1203,511,0,1,0,241,379,0,0,0,4,,0,0
1492-2,6,162,monjes,507,913,9,1220,512,0,1,0,241,382,0,0,0,4,,0,0
1492-2,6,163,monjes,508,917,9,1295,456,0,1,0,241,384,0,0,0,4,1,29,0
1492-2,6,164,monjes,510,925,9,1325,451,0,1,0,241,384,0,0,0,4,,0,0
1492-2,6,165,monjes,527,970,10,1355,444,0,1,0,241,384,0,0,0,4,,0,0
1492-2,6,166,monjes,527,974,10,1383,427,0,1,0,241,391,0,0,0,4,,0,0
1492-2,6,167,monjes,527,974,10,1411,332,0,1,0,160,310,0,0,0,4,,0,0
1492-2,6,168,monjes,527,974,10,1433,241,0,1,0,160,304,0,0,0,4,,0,0
1492-2,6,169,monjes,527,970,10,1539,98,0,1,0,150,294,0,0,0,4,1,28,0
1492-2,6,170,monjes,527,970,10,1581,0,0,0,0,150,292,0,0,0,4,,0,0
1492-2,6,171,monjes,545,1025,11,1623,4,0,0,0,150,292,1,2,0,4,,0,0
1492-2,6,172,monjes,544,1029,11,1665,4,0,0,0,156,310,1,0,0,4,,0,0
1492-2,6,173,monjes,539,1005,11,1707,4,0,0,0,210,364,1,0,0,4,,0,0
1492-2,6,174,monjes,533,981,11,1747,4,0,0,0,210,362,1,0,0,4,,0,0
1492-2,6,175,monjes,527,957,11,1806,7,0,0,0,210,360,1,0,0,4,1,30,0
1492-2,6,176,monjes,521,933,11,1773,4,0,2,0,210,356,1,0,0,4,,0,0
1492-2,6,177,monjes,515,909,11,1737,4,0,4,0,210,353,1,0,0,4,,0,0
1492-2,6,178,monjes,510,886,11,1698,4,0,6,0,210,350,1,0,0,4,,0,0
1492-2,6,179,monjes,517,924,11,1632,191,0,4,0,407,542,0,0,0,4,,0,0
1492-2,6,180,monjes,526,965,11,1581,351,0,6,0,407,550,0,3,0,4,,0,0
1492-2,6,181,monjes,534,1005,11,1704,521,0,8,0,433,582,0,1,0,4,1,25,0
1492-2,6,182,monjes,539,1030,11,1725,678,0,8,0,439,591,0,2,0,4,,0,0
1492-2,6,183,monjes,541,1042,11,1755,835,0,8,0,447,608,0,0,0,4,,0,0
1492-2,6,184,monjes,543,1053,11,1788,981,0,8,0,447,611,0,1,0,4,,0,0
1492-2,6,185,monjes,545,1064,11,1822,960,0,8,0,280,445,0,0,0,4,,0,0
1492-2,6,186,monjes,548,1075,11,1857,937,0,8,0,280,446,0,0,0,4,,0,0
1492-2,6,187,monjes,550,1086,11,1962,899,0,8,0,280,446,0,0,0,4,1,30,0
1492-2,6,188,monjes,552,1097,11,1999,869,0,8,0,280,448,0,0,0,4,,0,0
1492-2,6,189,monjes,554,1108,11,2036,841,0,8,0,280,448,0,0,0,4,,0,0
1492-2,6,190,monjes,557,1121,11,2076,812,0,8,0,280,451,0,0,0,4,,0,0
1492-2,6,191,monjes,565,1121,11,2015,682,0,8,0,177,352,0,0,0,4,,0,0
1492-2,6,192,monjes,565,1121,11,2051,555,0,8,0,177,346,0,0,0,4,,0,0
1492-2,6,193,monjes,565,1121,11,2207,442,0,8,0,184,353,0,0,0,4,1,25,0
1492-2,6,194,monjes,565,1121,11,2243,339,0,1,0,184,353,0,0,0,4,,0,0
1492-2,6,195,monjes,565,1121,11,2279,234,0,1,0,184,353,0,0,0,4,,0,0
1492-2,6,196,monjes,565,1121,11,2315,134,0,1,0,184,353,0,0,0,4,,0,0
1492-2,6,197,monjes,565,1121,11,2349,88,0,0,0,235,404,0,0,0,4,,0,0
1492-2,6,198,monjes,565,1121,11,2389,42,0,0,0,235,410,0,0,0,4,,0,0
1492-2,6,199,monjes,564,1121,11,2447,44,0,0,0,235,410,1,0,0,4,1,25,0
1492-2,6,200,monjes,563,1121,11,2436,44,0,2,0,235,410,1,0,0,4,,0,0
1492-2,6,1,salineros,23,36,1,19,69,0,9,0,9,28,0,0,0,0,1,5,0
1492-2,6,2,salineros,23,36,1,18,67,0,18,0,9,23,0,0,0,0,,0,0
1492-2,6,3,salineros,23,36,1,17,65,0,27,0,9,23,0,0,0,0,,0,0
1492-2,6,4,salineros,23,36,1,16,63,0,36,0,9,23,0,0,0,0,,0,0
1492-2,6,5,salineros,23,37,1,15,64,0,45,0,12,26,0,1,0,0,,0,0
1492-2,6,6,salineros,23,38,1,17,67,0,65,0,12,40,0,0,0,0,,0,0
1492-2,6,7,salineros,38,39,1,19,70,0,85,0,12,40,0,0,0,1,1,0,1
1492-2,6,8,salineros,39,40,1,1,73,0,104,0,12,39,0,0,0,1,,0,0
1492-2,6,9,salineros,39,42,1,5,73,0,123,0,12,41,0,0,0,1,,0,0
1492-2,6,10,salineros,39,44,1,9,73,0,141,0,12,40,0,1,0,1,,0,0
1492-2,6,11,salineros,40,46,1,21,87,0,159,0,25,61,0,0,0,1,,0,0
1492-2,6,12,salineros,40,48,1,33,101,0,175,0,25,60,0,0,0,1,,0,0
1492-2,6,13,salineros,40,46,1,25,104,0,181,0,25,60,0,0,0,1,1,14,0
1492-2,6,14,salineros,40,48,1,37,118,0,186,0,25,59,0,0,0,1,,0,0
1492-2,6,15,salineros,41,50,1,49,131,0,191,0,25,59,0,0,0,1,,0,0
1492-2,6,16,salineros,41,52,1,63,144,0,196,0,25,61,0,0,0,1,,0,0
1492-2,6,17,salineros,41,54,1,77,147,0,200,0,16,51,0,0,0,1,,0,0
1492-2,6,18,salineros,42,56,1,91,150,0,204,0,16,51,0,0,0,1,,0,0
1492-2,6,19,salineros,41,54,1,592,128,0,212,0,16,50,0,0,0,1,1,19,0
1492-2,6,20,salineros,42,56,1,606,131,0,215,0,16,50,0,0,0,1,,0,0
1492-2,6,21,salineros,60,58,1,620,133,0,217,0,16,49,0,0,0,2,,0,0
1492-2,6,22,salineros,61,60,1,634,135,0,219,0,16,49,0,0,0,2,,0,0
1492-2,6,23,salineros,61,60,1,650,129,0,220,0,9,43,0,0,0,2,,0,0
1492-2,6,24,salineros,61,60,1,660,123,0,221,0,9,37,0,0,0,2,,0,0
1492-2,6,25,salineros,60,56,1,1115,95,0,228,0,9,36,0,0,0,2,1,24,0
1492-2,6,26,salineros,60,56,1,1082,90,0,236,0,9,35,0,0,0,2,,0,0
1492-2,6,27,salineros,68,56,1,1049,85,0,244,0,9,35,0,0,0,2,,0,0
1492-2,6,28,salineros,68,56,1,1016,80,0,251,0,9,34,0,0,0,2,,0,0
1492-2,6,29,salineros,68,56,1,983,78,0,258,0,12,37,0,0,0,2,,0,0
1492-2,6,30,salineros,68,56,1,955,76,0,264,0,12,41,0,0,0,2,,0,0
1492-2,6,31,salineros,68,56,1,1171,61,0,270,0,12,41,0,0,0,2,1,29,0
1492-2,6,32,salineros,68,56,1,1149,63,0,275,0,12,40,0,0,0,2,,0,0
1492-2,6,33,salineros,76,56,1,1127,65,0,280,0,12,40,0,0,0,2,,0,0
1492-2,6,34,salineros,76,56,1,1105,67,0,284,0,12,39,0,0,0,2,,0,0
1492-2,6,35,salineros,76,58,1,1083,82,0,288,0,25,52,0,0,0,2,,0,0
1492-2,6,36,salineros,77,60,1,1061,97,0,292,0,25,52,0,0,0,2,,0,0
1492-2,6,37,salineros,77,60,1,1214,111,0,295,0,25,54,0,0,0,2,1,19,0
1492-2,6,38,salineros,77,60,1,1188,121,0,298,0,25,54,0,0,0,2,,0,0
1492-2,6,39,salineros,77,60,1,1162,131,0,301,0,25,54,0,0,0,2,,0,0
1492-2,6,40,salineros,77,60,1,1136,141,0,304,0,25,54,0,0,0,2,,0,0
1492-2,6,41,salineros,77,60,1,1110,142,0,307,0,16,45,0,0,0,2,,0,0
1492-2,6,42,salineros,77,60,1,1084,143,0,310,0,16,45,0,0,0,2,,0,0
1492-2,6,43,salineros,77,60,1,1240,135,0,313,0,16,45,0,0,0,2,1,34,0
1492-2,6,44,salineros,85,60,1,1214,136,0,316,0,16,45,0,0,0,2,,0,0
1492-2,6,45,salineros,85,60,1,1188,137,0,319,0,16,45,0,0,0,2,,0,0
1492-2,6,46,salineros,85,60,1,1162,138,0,322,0,16,45,0,0,0,2,,0,0
1492-2,6,47,salineros,85,60,1,1136,123,0,325,0,9,38,0,0,0,2,,0,0
1492-2,6,48,salineros,93,60,1,1104,117,0,328,0,9,32,0,0,0,2,,0,0
1492-2,6,49,salineros,93,60,1,1269,111,0,331,0,9,32,0,0,0,2,1,19,0
1492-2,6,50,salineros,93,60,1,1237,105,0,334,0,9,32,0,0,0,2,,0,0
1492-2,6,51,salineros,93,60,1,1205,99,0,338,0,9,32,0,0,0,2,,0,0
1492-2,6,52,salineros,93,60,1,1173,84,0,342,0,9,32,0,0,0,2,,0,0
1492-2,6,53,salineros,101,60,1,1141,81,0,346,0,12,35,0,0,0,2,,0,0
1492-2,6,54,salineros,101,60,1,1115,78,0,350,0,12,41,0,0,0,2,,0,0
1492-2,6,55,salineros,101,60,1,1300,35,0,355,0,12,41,0,0,0,2,1,25,0
1492-2,6,56,salineros,101,60,1,1280,36,0,360,0,12,41,0,0,0,2,,0,0
1492-2,6,57,salineros,137,100,2,1260,37,0,365,0,12,41,0,0,0,3,,0,0
1492-2,6,58,salineros,137,100,2,1239,28,0,370,0,12,49,0,0,0,3,,0,0
1492-2,6,59,salineros,137,102,2,1218,32,0,375,0,25,62,0,0,0,3,,0,0
1492-2,6,60,salineros,137,102,2,1197,36,0,380,0,25,62,0,0,0,3,,0,0
1492-2,6,61,salineros,138,106,2,1343,41,0,385,0,25,62,0,0,0,3,1,30,0
1492-2,6,62,salineros,138,106,2,1321,40,0,390,0,25,62,0,2,0,3,,0,0
1492-2,6,63,salineros,138,108,2,1269,66,0,394,0,48,85,0,0,0,3,,0,0
1492-2,6,64,salineros,139,110,2,1247,87,0,398,0,48,85,0,2,0,3,,0,0
1492-2,6,65,salineros,139,112,2,1225,108,0,401,0,44,81,0,0,0,3,,0,0
1492-2,6,66,salineros,139,114,2,1203,128,0,404,0,44,81,0,0,0,3,,0,0
1492-2,6,67,salineros,139,112,2,1345,138,0,407,0,44,83,0,0,0,3,1,29,0
1492-2,6,68,salineros,139,114,2,1326,158,0,409,0,44,83,0,0,0,3,,0,0
1492-2,6,69,salineros,140,116,2,1307,178,0,411,0,44,83,0,0,0,3,,0,0
1492-2,6,70,salineros,140,118,2,1288,197,0,413,0,44,83,0,0,0,3,,0,0
1492-2,6,71,salineros,140,118,2,1269,197,0,415,0,25,64,0,0,0,3,,0,0
1492-2,6,72,salineros,140,118,2,1244,197,0,417,0,25,58,0,0,0,3,,0,0
1492-2,6,73,salineros,140,118,2,1424,140,0,419,0,25,58,0,0,0,3,1,30,0
1492-2,6,74,salineros,140,118,2,1411,133,0,422,0,25,58,0,0,0,3,,0,0
1492-2,6,75,salineros,197,173,3,1398,126,0,425,0,25,58,0,0,0,4,,0,0
1492-2,6,76,salineros,197,173,3,1386,105,0,428,0,25,68,0,0,0,4,,0,0
1492-2,6,77,salineros,197,173,3,1374,90,0,432,0,31,74,0,0,0,4,,0,0
1492-2,6,78,salineros,197,173,3,1368,75,0,436,0,31,80,0,0,0,4,,0,0
1492-2,6,79,salineros,197,173,3,1558,23,0,441,0,31,80,0,0,0,4,1,32,0
1492-2,6,80,salineros,197,173,3,1539,11,0,446,0,31,80,0,2,0,4,,0,0
1492-2,6,81,salineros,212,208,4,1490,17,0,451,0,45,94,0,0,0,4,,0,0
1492-2,6,82,salineros,212,208,4,1468,10,0,456,0,45,100,0,2,0,4,,0,0
1492-2,6,83,salineros,213,213,4,1396,56,0,460,0,94,149,0,0,0,4,,0,0
1492-2,6,84,salineros,214,216,4,1376,97,0,464,0,94,151,0,0,0,4,,0,0
1492-2,6,85,salineros,214,218,4,1545,97,0,468,0,94,151,0,2,0,4,1,26,0
1492-2,6,86,salineros,214,219,4,1527,139,0,484,0,94,166,0,1,0,4,,0,0
1492-2,6,87,salineros,233,272,5,1509,194,0,499,0,105,177,0,0,0,4,,0,0
1492-2,6,88,salineros,234,276,5,1494,235,0,512,0,105,188,0,0,0,4,,0,0
1492-2,6,89,salineros,235,280,5,1479,243,0,525,0,73,156,0,0,0,4,,0,0
1492-2,6,90,salineros,235,284,5,1464,250,0,538,0,73,156,0,0,0,4,,0,0
1492-2,6,91,salineros,236,286,5,1657,201,0,551,0,73,156,0,0,0,4,1,42,0
1492-2,6,92,salineros,237,290,5,1656,199,0,563,0,73,155,0,1,0,4,,0,0
1492-2,6,93,salineros,261,330,6,1659,207,0,575,0,82,168,0,0,0,4,,0,0
1492-2,6,94,salineros,261,330,6,1661,205,0,587,0,82,176,0,0,0,4,,0,0
1492-2,6,95,salineros,261,330,6,1663,175,0,600,0,54,148,0,0,0,4,,0,0
1492-2,6,96,salineros,261,330,6,1659,145,0,613,0,54,141,0,0,0,4,,0,0
1492-2,6,97,salineros,261,330,6,1855,78,0,627,0,54,141,0,0,0,4,1,26,0
1492-2,6,98,salineros,261,330,6,1837,52,0,642,0,54,141,0,0,0,4,,0,0
1492-2,6,99,salineros,280,385,7,1819,26,0,656,0,54,140,0,1,0,4,,0,0
1492-2,6,100,salineros,279,385,7,1802,4,0,671,0,58,154,1,0,0,4,,0,0
1492-2,6,101,salineros,278,385,7,1785,4,0,686,0,72,168,1,0,0,4,,0,0
1492-2,6,102,salineros,275,378,7,1774,4,0,701,0,72,174,1,0,0,4,,0,0
1492-2,6,103,salineros,273,371,7,1982,4,0,714,0,63,151,1,0,0,4,1,31,0
1492-2,6,104,salineros,270,364,7,1955,4,0,727,0,63,144,1,0,0,4,,0,0
1492-2,6,105,salineros,268,357,7,1928,4,0,738,0,54,133,1,0,0,4,,0,0
1492-2,6,106,salineros,266,350,7,1901,4,0,748,0,49,127,1,0,0,4,,0,0
1492-2,6,107,salineros,266,350,7,1844,3,0,756,0,88,166,0,0,0,4,,0,0
1492-2,6,108,salineros,265,350,7,1817,4,0,766,0,88,166,1,3,0,4,,0,0
1492-2,6,109,salineros,77,114,2,1984,33,0,774,0,43,72,0,2,0,4,1,25,0
1492-2,6,110,salineros,78,118,2,1958,58,0,777,0,49,78,0,0,0,4,,0,0
1492-2,6,111,salineros,79,120,2,1932,82,0,780,0,49,78,0,0,0,4,,0,0
1492-2,6,112,salineros,87,120,2,1909,105,0,782,0,49,81,0,0,0,4,,0,0
1492-2,6,113,salineros,87,120,2,1886,112,0,784,0,33,65,0,0,0,4,,0,0
1492-2,6,114,salineros,87,120,2,1863,119,0,786,0,33,65,0,0,0,4,,0,0
1492-2,6,115,salineros,87,120,2,2063,129,0,788,0,36,68,0,0,0,4,1,24,0
1492-2,6,116,salineros,87,120,2,2041,139,0,790,0,36,68,0,0,0,4,,0,0
1492-2,6,117,salineros,87,120,2,2019,149,0,792,0,36,68,0,0,0,4,,0,0
1492-2,6,118,salineros,87,120,2,1997,159,0,793,0,36,68,0,0,0,4,,0,0
1492-2,6,119,salineros,87,120,2,1975,157,0,794,0,24,56,0,0,0,4,,0,0
1492-2,6,120,salineros,87,120,2,1947,157,0,795,0,26,52,0,0,0,4,,0,0
1492-2,6,121,salineros,87,120,2,2103,155,0,797,0,27,54,0,0,0,4,1,27,0
1492-2,6,122,salineros,87,120,2,2088,150,0,799,0,27,54,0,0,0,4,,0,0
1492-2,6,123,salineros,87,120,2,2060,148,0,802,0,27,54,0,0,0,4,,0,0
1492-2,6,124,salineros,87,120,2,2032,149,0,805,0,27,54,0,0,0,4,,0,0
1492-2,6,125,salineros,87,120,2,2004,156,0,807,0,33,60,0,0,0,4,,0,0
1492-2,6,126,salineros,87,120,2,1982,163,0,809,0,33,66,0,0,0,4,,0,0
1492-2,6,127,salineros,87,120,2,2149,167,0,811,0,33,66,0,0,0,4,1,30,0
1492-2,6,128,salineros,87,120,2,2144,168,0,813,0,33,70,0,0,0,4,,0,0
1492-2,6,129,salineros,87,120,2,2139,169,0,815,0,33,70,0,0,0,4,,0,0
1492-2,6,130,salineros,87,120,2,2134,170,0,817,0,33,70,0,0,0,4,,0,0
1492-2,6,131,salineros,87,120,2,2116,200,0,819,0,59,96,0,0,0,4,,0,0
1492-2,6,132,salineros,87,120,2,2098,233,0,820,0,59,96,0,0,0,4,,0,0
1492-2,6,133,salineros,87,120,2,2281,263,0,820,0,59,96,0,0,0,4,1,25,0
1492-2,6,134,salineros,87,120,2,2275,289,0,820,0,59,96,0,0,0,4,,0,0
1492-2,6,135,salineros,87,120,2,2269,315,0,819,0,59,96,0,0,0,4,,0,0
1492-2,6,136,salineros,87,120,2,2263,341,0,818,0,59,96,0,0,0,4,,0,0
1492-2,6,137,salineros,87,120,2,2257,349,0,816,0,41,78,0,0,0,4,,0,0
1492-2,6,138,salineros,87,120,2,2251,357,0,814,0,41,78,0,0,0,4,,0,0
1492-2,6,139,salineros,87,120,2,2455,365,0,812,0,41,78,0,0,0,4,1,25,0
1492-2,6,140,salineros,87,120,2,2449,373,0,810,0,41,78,0,0,0,4,,0,0
1492-2,6,141,salineros,87,120,2,2443,381,0,808,0,41,78,0,0,0,4,,0,0
1492-2,6,142,salineros,87,120,2,2437,389,0,806,0,41,78,0,0,0,4,,0,0
1492-2,6,143,salineros,87,120,2,2431,383,0,804,0,27,64,0,0,0,4,,0,0
1492-2,6,144,salineros,87,120,2,2419,377,0,802,0,27,58,0,0,0,4,,0,0
1492-2,6,145,salineros,87,120,2,2625,331,0,801,0,27,58,0,0,0,4,1,25,0
1492-2,6,146,salineros,87,120,2,2613,325,0,800,0,27,58,0,0,0,4,,0,0
1492-2,6,147,salineros,106,175,3,2601,319,0,799,0,27,58,0,0,0,4,,0,0
1492-2,6,148,salineros,106,177,3,2586,324,0,804,0,51,91,0,0,0,4,,0,0
1492-2,6,149,salineros,106,179,3,2571,338,0,809,0,61,101,0,0,0,4,,0,0
1492-2,6,150,salineros,107,180,3,2562,352,0,813,0,61,107,0,0,0,4,,0,0
1492-2,6,151,salineros,107,184,3,2787,326,0,818,0,61,108,0,0,0,4,1,28,0
1492-2,6,152,salineros,107,184,3,2783,338,0,826,0,61,115,0,0,0,4,,0,0
1492-2,6,153,salineros,132,269,4,2779,350,0,833,0,61,115,0,0,0,4,,0,0
1492-2,6,154,salineros,132,269,4,2782,341,0,841,0,61,131,0,0,0,4,,0,0
1492-2,6,155,salineros,132,269,4,2785,374,0,848,0,103,173,0,0,0,4,,0,0
1492-2,6,156,salineros,132,269,4,2788,407,0,854,0,103,173,0,0,0,4,,0,0
1492-2,6,157,salineros,132,267,4,2973,390,0,860,0,103,173,0,0,0,4,1,36,0
1492-2,6,158,salineros,132,269,4,2981,419,0,865,0,103,171,0,3,0,4,,0,0
1492-2,6,159,salineros,150,316,5,2976,495,0,869,0,145,215,0,0,0,4,,0,0
1492-2,6,160,salineros,150,318,5,2985,569,0,871,0,157,235,0,1,0,4,,0,0
1492-2,6,161,salineros,151,320,5,2994,604,0,872,0,116,194,0,0,0,4,,0,0
1492-2,6,162,salineros,151,322,5,3005,638,0,873,0,116,196,0,0,0,4,,0,0
1492-2,6,163,salineros,151,324,5,3273,619,0,875,0,116,196,0,0,0,4,1,39,0
1492-2,6,164,salineros,152,326,5,3277,645,0,876,0,116,196,0,0,0,4,,0,0
1492-2,6,165,salineros,180,385,6,3281,677,0,877,0,116,196,0,0,0,4,,0,0
1492-2,6,166,salineros,180,388,6,3286,704,0,877,0,126,216,0,0,0,4,,0,0
1492-2,6,167,salineros,180,388,6,3293,680,0,878,0,87,179,0,0,0,4,,0,0
1492-2,6,168,salineros,180,388,6,3294,667,0,879,0,87,173,0,0,0,4,,0,0
1492-2,6,169,salineros,188,388,6,3521,610,0,881,0,83,169,0,0,0,4,1,28,0
1492-2,6,170,salineros,188,388,6,3522,593,0,884,0,83,169,0,0,0,4,,0,0
1492-2,6,171,salineros,203,423,7,3523,576,0,887,0,83,169,0,0,0,4,,0,0
1492-2,6,172,salineros,203,423,7,3521,559,0,890,0,91,183,0,0,0,4,,0,0
1492-2,6,173,salineros,204,425,7,3519,569,0,893,0,118,210,0,0,0,4,,0,0
1492-2,6,174,salineros,204,426,7,3525,578,0,896,0,118,218,0,0,0,4,,0,0
1492-2,6,175,salineros,204,427,7,3758,534,0,899,0,118,218,0,0,0,4,1,41,0
1492-2,6,176,salineros,204,428,7,3771,544,0,902,0,118,218,0,0,0,4,,0,0
1492-2,6,177,salineros,230,478,8,3784,553,0,904,0,118,218,0,0,0,4,,0,0
1492-2,6,178,salineros,231,481,8,3798,566,0,906,0,134,244,0,0,0,4,,0,0
1492-2,6,179,salineros,232,485,8,3814,666,0,906,0,222,334,0,0,0,4,,0,0
1492-2,6,180,salineros,232,489,8,3830,765,0,904,0,222,334,0,0,0,4,,0,0
1492-2,6,181,salineros,233,493,8,4072,863,0,901,0,222,334,0,0,0,4,1,28,0
1492-2,6,182,salineros,234,497,8,4065,959,0,896,0,222,334,0,0,0,4,,0,0
1492-2,6,183,salineros,234,499,8,4060,1015,0,890,0,183,297,0,0,0,4,,0,0
1492-2,6,184,salineros,235,504,8,4057,1063,0,882,0,183,299,0,1,0,4,,0,0
1492-2,6,185,salineros,236,509,8,4054,1071,0,875,0,137,253,0,0,0,4,,0,0
1492-2,6,186,salineros,237,514,8,4051,1076,0,868,0,137,253,0,1,0,4,,0,0
1492-2,6,187,salineros,238,519,8,4306,1082,0,861,0,137,253,0,0,0,4,1,28,0
1492-2,6,188,salineros,239,524,8,4320,1087,0,854,0,137,254,0,0,0,4,,0,0
1492-2,6,189,salineros,240,527,8,4336,1115,0,846,0,162,281,0,0,0,4,,0,0
1492-2,6,190,salineros,241,530,8,4352,1143,0,838,0,162,281,0,0,0,4,,0,0
1492-2,6,191,salineros,249,530,8,4370,1111,0,830,0,103,224,0,0,0,4,,0,0
1492-2,6,192,salineros,249,530,8,4382,1079,0,823,0,103,218,0,0,0,4,,0,0
1492-2,6,193,salineros,249,530,8,4600,1052,0,816,0,108,223,0,0,0,4,1,25,0
1492-2,6,194,salineros,249,530,8,4612,1025,0,810,0,108,223,0,0,0,4,,0,0
1492-2,6,195,salineros,249,530,8,4624,998,0,804,0,108,223,0,0,0,4,,0,0
1492-2,6,196,salineros,249,530,8,4636,971,0,799,0,108,223,0,0,0,4,,0,0
1492-2,6,197,salineros,249,534,8,4648,970,0,794,0,134,249,0,0,0,4,,0,0
1492-2,6,198,salineros,250,538,8,4666,968,0,789,0,134,255,0,0,0,4,,0,0
1492-2,6,199,salineros,250,538,8,4865,965,0,784,0,134,255,0,0,0,4,1,25,0
1492-2,6,200,salineros,250,538,8,4867,962,0,779,0,134,255,0,0,0,4,,0,0
1492-3,6,1,arrieros,39,116,1,48,60,0,0,0,18,42,0,0,0,0,1,4,0
1492-3,6,2,arrieros,39,116,1,55,46,0,0,0,18,29,0,0,0,0,,0,0
1492-3,6,3,arrieros,39,116,1,62,32,0,0,0,18,29,0,0,0,0,,0,0
1492-3,6,4,arrieros,39,116,1,69,19,0,0,0,18,29,0,0,0,0,,0,0
1492-3,6,5,arrieros,39,116,1,76,12,0,0,0,24,35,0,1,0,0,,0,0
1492-3,6,6,arrieros,39,116,1,102,7,0,0,0,24,54,0,0,0,0,,0,0
1492-3,6,7,arrieros,39,116,1,93,2,0,0,0,24,54,0,0,0,0,1,8,0
1492-3,6,8,arrieros,38,116,1,114,6,0,0,0,24,54,1,0,0,0,,0,0
1492-3,6,9,arrieros,38,116,1,140,2,0,0,0,24,54,0,0,0,0,,0,0
1492-3,6,10,arrieros,37,116,1,166,0,0,0,0,24,54,1,0,0,0,,0,0
1492-3,6,11,arrieros,37,116,1,192,19,0,0,0,48,78,0,0,0,0,,0,0
1492-3,6,12,arrieros,37,116,1,218,37,0,0,0,48,78,0,0,0,0,,0,0
1492-3,6,13,arrieros,37,116,1,160,54,0,0,0,48,78,0,0,0,0,1,7,0
1492-3,6,14,arrieros,37,116,1,148,80,0,2,0,48,78,0,0,0,0,,0,0
1492-3,6,15,arrieros,37,116,1,174,107,0,0,0,48,78,0,0,0,0,,0,0
1492-3,6,16,arrieros,52,116,1,200,121,0,0,0,48,78,0,0,0,1,,0,0
1492-3,6,17,arrieros,52,116,1,226,118,0,0,0,30,60,0,0,0,1,,0,0
1492-3,6,18,arrieros,52,116,1,252,115,0,0,0,30,60,0,0,0,1,,0,0
1492-3,6,19,arrieros,51,112,1,237,106,0,0,0,30,60,0,0,0,1,1,10,0
1492-3,6,20,arrieros,51,112,1,187,116,0,0,0,30,60,0,0,0,1,,0,0
1492-3,6,21,arrieros,51,112,1,176,126,0,0,0,30,60,0,0,0,1,,0,0
1492-3,6,22,arrieros,51,112,1,202,132,0,0,0,30,60,0,0,0,1,,0,0
1492-3,6,23,arrieros,51,112,1,228,118,0,0,0,18,48,0,0,0,1,,0,0
1492-3,6,24,arrieros,51,112,1,243,104,0,0,0,18,37,0,0,0,1,,0,0
1492-3,6,25,arrieros,50,108,1,230,71,0,0,0,18,37,0,0,0,1,1,20,0
1492-3,6,26,arrieros,68,108,1,168,72,0,0,0,18,36,0,0,0,2,,0,0
1492-3,6,27,arrieros,68,108,1,153,73,0,0,0,18,36,0,0,0,2,,0,0
1492-3,6,28,arrieros,68,108,1,167,55,0,0,0,18,36,0,0,0,2,,0,0
1492-3,6,29,arrieros,76,108,1,181,50,0,0,0,24,42,0,0,0,2,,0,0
1492-3,6,30,arrieros,76,108,1,205,46,0,0,0,24,52,0,0,0,2,,0,0
1492-3,6,31,arrieros,76,108,1,166,42,0,0,0,24,52,0,0,0,2,1,7,0
1492-3,6,32,arrieros,76,108,1,165,47,0,2,0,24,52,0,0,0,2,,0,0
1492-3,6,33,arrieros,76,108,1,189,50,0,1,0,24,52,0,0,0,2,,0,0
1492-3,6,34,arrieros,76,108,1,213,47,0,0,0,24,52,0,0,0,2,,0,0
1492-3,6,35,arrieros,76,108,1,237,66,0,0,0,48,76,0,0,0,2,,0,0
1492-3,6,36,arrieros,76,108,1,261,84,0,0,0,48,76,0,0,0,2,,0,0
1492-3,6,37,arrieros,75,104,1,203,107,0,0,0,60,88,0,0,0,2,1,11,0
1492-3,6,38,arrieros,75,104,1,163,145,0,2,0,60,88,0,0,0,2,,0,0
1492-3,6,39,arrieros,75,104,1,166,181,0,2,0,60,88,0,0,0,2,,0,0
1492-3,6,40,arrieros,75,104,1,190,212,0,2,0,60,88,0,0,0,2,,0,0
1492-3,6,41,arrieros,75,104,1,214,215,0,2,0,37,65,0,0,0,2,,0,0
1492-3,6,42,arrieros,75,104,1,238,217,0,2,0,37,65,0,0,0,2,,0,0
1492-3,6,43,arrieros,75,100,1,192,183,0,2,0,30,58,0,0,0,2,1,27,0
1492-3,6,44,arrieros,83,100,1,162,179,0,2,0,30,58,0,1,0,2,,0,0
1492-3,6,45,arrieros,83,100,1,186,177,0,2,0,30,58,0,0,0,2,,0,0
1492-3,6,46,arrieros,83,100,1,210,175,0,2,0,30,58,0,0,0,2,,0,0
1492-3,6,47,arrieros,83,100,1,234,138,0,2,0,18,46,0,0,0,2,,0,0
1492-3,6,48,arrieros,91,100,1,248,126,0,2,0,18,36,0,0,0,2,,0,0
1492-3,6,49,arrieros,90,96,1,223,109,0,2,0,18,36,0,0,0,2,1,11,0
1492-3,6,50,arrieros,90,96,1,160,109,0,2,0,18,35,0,0,0,2,,0,0
1492-3,6,51,arrieros,90,96,1,140,109,0,2,0,18,35,0,1,0,2,,0,0
1492-3,6,52,arrieros,90,96,1,153,107,0,2,0,18,35,0,0,0,2,,0,0
1492-3,6,53,arrieros,90,96,1,166,103,0,2,0,24,41,0,0,0,2,,0,0
1492-3,6,54,arrieros,90,96,1,188,99,0,2,0,24,50,0,0,0,2,,0,0
1492-3,6,55,arrieros,90,96,1,196,74,0,0,0,24,50,0,0,0,2,1,28,0
1492-3,6,56,arrieros,98,96,1,157,82,0,0,0,24,50,0,1,0,2,,0,0
1492-3,6,57,arrieros,98,96,1,179,91,0,0,0,24,50,0,0,0,2,,0,0
1492-3,6,58,arrieros,98,96,1,201,64,0,0,0,24,50,0,0,0,2,,0,0
1492-3,6,59,arrieros,106,96,1,223,85,0,0,0,48,74,0,0,0,2,,0,0
1492-3,6,60,arrieros,106,96,1,245,105,0,0,0,48,74,0,0,0,2,,0,0
1492-3,6,61,arrieros,106,96,1,198,124,0,0,0,48,74,0,0,0,2,1,11,0
1492-3,6,62,arrieros,106,96,1,165,150,0,2,0,48,74,0,1,0,2,,0,0
1492-3,6,63,arrieros,106,96,1,166,177,0,2,0,48,74,0,0,0,2,,0,0
1492-3,6,64,arrieros,106,96,1,188,198,0,2,0,48,74,0,0,0,2,,0,0
1492-3,6,65,arrieros,106,96,1,210,191,0,2,0,24,50,0,0,0,2,,0,0
1492-3,6,66,arrieros,106,96,1,232,184,0,2,0,24,50,0,0,0,2,,0,0
1492-3,6,67,arrieros,107,104,1,230,193,0,2,0,24,50,0,0,0,2,1,8,0
1492-3,6,68,arrieros,107,104,1,176,182,0,2,0,24,52,0,1,0,2,,0,0
1492-3,6,69,arrieros,107,104,1,200,173,0,2,0,24,52,0,0,0,2,,0,0
1492-3,6,70,arrieros,107,104,1,224,165,0,2,0,24,52,0,0,0,2,,0,0
1492-3,6,71,arrieros,107,104,1,248,151,0,2,0,18,46,0,0,0,2,,0,0
1492-3,6,72,arrieros,107,104,1,262,138,0,2,0,18,36,0,0,0,2,,0,0
1492-3,6,73,arrieros,107,100,1,254,120,0,2,0,18,36,0,0,0,2,1,13,0
1492-3,6,74,arrieros,107,100,1,213,121,0,2,0,18,36,0,0,0,2,,0,0
1492-3,6,75,arrieros,107,100,1,172,122,0,2,0,18,36,0,0,0,2,,0,0
1492-3,6,76,arrieros,107,100,1,149,123,0,2,0,18,36,0,0,0,2,,0,0
1492-3,6,77,arrieros,107,100,1,163,127,0,2,0,24,42,0,0,0,2,,0,0
1492-3,6,78,arrieros,107,100,1,187,121,0,2,0,24,52,0,0,0,2,,0,0
1492-3,6,79,arrieros,106,96,1,180,91,0,2,0,24,52,0,0,0,2,1,17,0
1492-3,6,80,arrieros,106,96,1,153,102,0,0,0,24,50,0,0,0,2,,0,0
1492-3,6,81,arrieros,114,96,1,175,110,0,0,0,24,50,0,0,0,2,,0,0
1492-3,6,82,arrieros,114,96,1,197,106,0,0,0,24,50,0,0,0,2,,0,0
1492-3,6,83,arrieros,114,96,1,219,125,0,0,0,48,74,0,0,0,2,,0,0
1492-3,6,84,arrieros,114,96,1,241,144,0,0,0,48,74,0,0,0,2,,0,0
1492-3,6,85,arrieros,114,96,1,193,162,0,0,0,48,74,0,0,0,2,1,5,0
1492-3,6,86,arrieros,114,96,1,143,179,0,0,0,48,74,0,0,0,2,,0,0
1492-3,6,87,arrieros,114,96,1,165,195,0,0,0,48,74,0,0,0,2,,0,0
1492-3,6,88,arrieros,114,96,1,187,211,0,0,0,48,74,0,0,0,2,,0,0
1492-3,6,89,arrieros,114,96,1,209,201,0,0,0,30,56,0,0,0,2,,0,0
1492-3,6,90,arrieros,114,96,1,231,199,0,0,0,30,56,0,0,0,2,,0,0
1492-3,6,91,arrieros,122,96,1,188,178,0,0,0,30,56,0,0,0,2,1,16,0
1492-3,6,92,arrieros,122,96,1,156,175,0,0,0,30,56,0,1,0,2,,0,0
1492-3,6,93,arrieros,122,96,1,178,174,0,0,0,30,56,0,0,0,2,,0,0
1492-3,6,94,arrieros,122,96,1,200,173,0,0,0,30,56,0,0,0,2,,0,0
1492-3,6,95,arrieros,122,96,1,222,161,0,0,0,18,44,0,0,0,2,,0,0
1492-3,6,96,arrieros,122,96,1,235,149,0,0,0,18,35,0,0,0,2,,0,0
1492-3,6,97,arrieros,122,96,1,248,138,0,0,0,18,35,0,0,0,2,1,9,0
1492-3,6,98,arrieros,122,96,1,213,127,0,0,0,18,35,0,0,0,2,,0,0
1492-3,6,99,arrieros,122,96,1,178,100,0,0,0,18,35,0,0,0,2,,0,0
1492-3,6,100,arrieros,122,96,1,161,91,0,0,0,18,35,0,0,0,2,,0,0
1492-3,6,101,arrieros,130,96,1,174,88,0,0,0,24,41,0,0,0,2,,0,0
1492-3,6,102,arrieros,130,96,1,196,85,0,0,0,24,50,0,0,0,2,,0,0
1492-3,6,103,arrieros,131,100,1,171,83,0,0,0,24,50,0,0,0,2,1,12,0
1492-3,6,104,arrieros,131,100,1,170,85,0,2,0,24,52,0,0,0,2,,0,0
1492-3,6,105,arrieros,131,100,1,189,89,0,0,0,24,52,0,0,0,2,,0,0
1492-3,6,106,arrieros,131,100,1,213,86,0,0,0,24,52,0,0,0,2,,0,0
1492-3,6,107,arrieros,131,100,1,237,105,0,0,0,48,76,0,0,0,2,,0,0
1492-3,6,108,arrieros,131,100,1,261,123,0,0,0,48,76,0,0,0,2,,0,0
1492-3,6,109,arrieros,131,100,1,249,135,0,0,0,48,76,0,0,0,2,1,12,0
1492-3,6,110,arrieros,131,100,1,209,161,0,2,0,48,76,0,0,0,2,,0,0
1492-3,6,111,arrieros,131,100,1,212,186,0,2,0,48,76,0,0,0,2,,0,0
1492-3,6,112,arrieros,131,100,1,236,206,0,2,0,48,76,0,0,0,2,,0,0
1492-3,6,113,arrieros,131,100,1,260,203,0,2,0,30,58,0,0,0,2,,0,0
1492-3,6,114,arrieros,131,100,1,284,200,0,2,0,30,58,0,0,0,2,,0,0
1492-3,6,115,arrieros,130,96,1,239,173,0,2,0,30,58,0,0,0,2,1,16,0
1492-3,6,116,arrieros,130,96,1,162,172,0,2,0,30,56,0,0,0,2,,0,0
1492-3,6,117,arrieros,138,96,1,184,171,0,2,0,30,56,0,0,0,2,,0,0
1492-3,6,118,arrieros,138,96,1,206,170,0,2,0,30,56,0,0,0,2,,0,0
1492-3,6,119,arrieros,138,96,1,228,158,0,2,0,18,44,0,0,0,2,,0,0
1492-3,6,120,arrieros,138,96,1,241,146,0,2,0,18,35,0,0,0,2,,0,0
1492-3,6,121,arrieros,138,96,1,198,116,0,2,0,18,35,0,0,0,2,1,15,0
1492-3,6,122,arrieros,138,96,1,148,106,0,2,0,18,35,0,0,0,2,,0,0
1492-3,6,123,arrieros,146,96,1,161,81,0,0,0,18,35,0,0,0,2,,0,0
1492-3,6,124,arrieros,146,96,1,174,72,0,0,0,18,35,0,0,0,2,,0,0
1492-3,6,125,arrieros,146,96,1,187,70,0,0,0,24,41,0,0,0,2,,0,0
1492-3,6,126,arrieros,146,96,1,209,68,0,0,0,24,50,0,0,0,2,,0,0
1492-3,6,127,arrieros,146,96,1,165,66,0,0,0,24,50,0,0,0,2,1,7,0
1492-3,6,128,arrieros,146,96,1,154,73,0,2,0,24,50,0,0,0,2,,0,0
1492-3,6,129,arrieros,146,96,1,176,80,0,0,0,24,50,0,0,0,2,,0,0
1492-3,6,130,arrieros,146,96,1,198,60,0,0,0,24,50,0,0,0,2,,0,0
1492-3,6,131,arrieros,146,96,1,220,81,0,0,0,48,74,0,0,0,2,,0,0
1492-3,6,132,arrieros,146,96,1,242,101,0,0,0,48,74,0,0,0,2,,0,0
1492-3,6,133,arrieros,147,100,1,201,120,0,0,0,48,74,0,0,0,2,1,9,0
1492-3,6,134,arrieros,147,100,1,161,147,0,2,0,48,76,0,0,0,2,,0,0
1492-3,6,135,arrieros,155,100,1,185,173,0,2,0,48,76,0,0,0,2,,0,0
1492-3,6,136,arrieros,155,100,1,209,189,0,2,0,48,76,0,0,0,2,,0,0
1492-3,6,137,arrieros,155,100,1,233,187,0,2,0,30,58,0,0,0,2,,0,0
1492-3,6,138,arrieros,155,100,1,257,185,0,2,0,30,58,0,0,0,2,,0,0
1492-3,6,139,arrieros,154,96,1,205,177,0,2,0,30,58,0,0,0,2,1,6,0
1492-3,6,140,arrieros,154,96,1,155,176,0,2,0,30,56,0,0,0,2,,0,0
1492-3,6,141,arrieros,154,96,1,177,175,0,2,0,30,56,0,0,0,2,,0,0
1492-3,6,142,arrieros,154,96,1,199,174,0,2,0,30,56,0,0,0,2,,0,0
1492-3,6,143,arrieros,154,96,1,221,162,0,2,0,18,44,0,0,0,2,,0,0
1492-3,6,144,arrieros,154,96,1,234,150,0,2,0,18,35,0,0,0,2,,0,0
1492-3,6,145,arrieros,155,100,1,188,122,0,2,0,18,35,0,0,0,2,1,16,0
1492-3,6,146,arrieros,155,100,1,148,111,0,2,0,18,36,0,0,0,2,,0,0
1492-3,6,147,arrieros,163,100,1,162,100,0,2,0,18,36,0,0,0,2,,0,0
1492-3,6,148,arrieros,163,100,1,176,92,0,0,0,18,36,0,0,0,2,,0,0
1492-3,6,149,arrieros,163,100,1,190,88,0,0,0,24,42,0,0,0,2,,0,0
1492-3,6,150,arrieros,163,100,1,214,84,0,0,0,24,52,0,0,0,2,,0,0
1492-3,6,151,arrieros,162,96,1,157,74,0,0,0,24,52,0,0,0,2,1,9,0
1492-3,6,152,arrieros,162,96,1,142,81,0,2,0,24,50,0,0,0,2,,0,0
1492-3,6,153,arrieros,162,96,1,164,89,0,0,0,24,50,0,0,0,2,,0,0
1492-3,6,154,arrieros,162,96,1,186,68,0,0,0,24,50,0,0,0,2,,0,0
1492-3,6,155,arrieros,162,96,1,208,89,0,0,0,48,74,0,0,0,2,,0,0
1492-3,6,156,arrieros,162,96,1,230,109,0,0,0,48,74,0,0,0,2,,0,0
1492-3,6,157,arrieros,162,96,1,183,128,0,0,0,48,74,0,0,0,2,1,8,0
1492-3,6,158,arrieros,162,96,1,150,155,0,2,0,48,74,0,0,0,2,,0,0
1492-3,6,159,arrieros,170,96,1,172,181,0,2,0,48,74,0,0,0,2,,0,0
1492-3,6,160,arrieros,170,96,1,194,197,0,2,0,48,74,0,0,0,2,,0,0
1492-3,6,161,arrieros,170,96,1,216,195,0,2,0,30,56,0,0,0,2,,0,0
1492-3,6,162,arrieros,170,96,1,238,193,0,2,0,30,56,0,0,0,2,,0,0
1492-3,6,163,arrieros,170,96,1,192,172,0,2,0,30,56,0,0,0,2,1,15,0
1492-3,6,164,arrieros,170,96,1,160,171,0,2,0,30,56,0,0,0,2,,0,0
1492-3,6,165,arrieros,178,96,1,182,170,0,2,0,30,56,0,0,0,2,,0,0
1492-3,6,166,arrieros,178,96,1,204,169,0,2,0,30,56,0,0,0,2,,0,0
1492-3,6,167,arrieros,178,96,1,226,157,0,2,0,18,44,0,0,0,2,,0,0
1492-3,6,168,arrieros,178,96,1,239,145,0,2,0,18,35,0,0,0,2,,0,0
1492-3,6,169,arrieros,179,100,1,188,136,0,2,0,18,35,0,0,0,2,1,6,0
1492-3,6,170,arrieros,179,100,1,148,106,0,2,0,18,36,0,0,0,2,,0,0
1492-3,6,171,arrieros,179,100,1,162,98,0,0,0,18,36,0,0,0,2,,0,0
1492-3,6,172,arrieros,187,100,1,176,88,0,0,0,18,36,0,0,0,2,,0,0
1492-3,6,173,arrieros,187,100,1,190,84,0,0,0,24,42,0,0,0,2,,0,0
1492-3,6,174,arrieros,187,100,1,214,80,0,0,0,24,52,0,0,0,2,,0,0
1492-3,6,175,arrieros,186,96,1,160,72,0,0,0,24,52,0,0,0,2,1,8,0
1492-3,6,176,arrieros,186,96,1,145,79,0,2,0,24,50,0,0,0,2,,0,0
1492-3,6,177,arrieros,186,96,1,167,87,0,0,0,24,50,0,0,0,2,,0,0
1492-3,6,178,arrieros,186,96,1,189,84,0,0,0,24,50,0,0,0,2,,0,0
1492-3,6,179,arrieros,186,96,1,211,104,0,0,0,48,74,0,0,0,2,,0,0
1492-3,6,180,arrieros,186,96,1,233,123,0,0,0,48,74,0,0,0,2,,0,0
1492-3,6,181,arrieros,187,100,1,191,142,0,0,0,48,74,0,0,0,2,1,9,0
1492-3,6,182,arrieros,187,100,1,160,168,0,2,0,48,76,0,0,0,2,,0,0
1492-3,6,183,arrieros,187,100,1,184,193,0,2,0,48,76,0,0,0,2,,0,0
1492-3,6,184,arrieros,187,100,1,208,208,0,2,0,48,76,0,0,0,2,,0,0
1492-3,6,185,arrieros,187,100,1,232,205,0,2,0,30,58,0,0,0,2,,0,0
1492-3,6,186,arrieros,187,100,1,256,202,0,2,0,30,58,0,0,0,2,,0,0
1492-3,6,187,arrieros,186,96,1,202,174,0,2,0,30,58,0,0,0,2,1,16,0
1492-3,6,188,arrieros,186,96,1,152,173,0,2,0,30,56,0,0,0,2,,0,0
1492-3,6,189,arrieros,194,96,1,174,172,0,2,0,30,56,0,0,0,2,,0,0
1492-3,6,190,arrieros,194,96,1,196,171,0,2,0,30,56,0,0,0,2,,0,0
1492-3,6,191,arrieros,194,96,1,218,159,0,2,0,18,44,0,0,0,2,,0,0
1492-3,6,192,arrieros,194,96,1,231,147,0,2,0,18,35,0,0,0,2,,0,0
1492-3,6,193,arrieros,194,96,1,179,116,0,2,0,18,35,0,0,0,2,1,10,0
1492-3,6,194,arrieros,194,96,1,138,106,0,2,0,18,35,0,0,0,2,,0,0
1492-3,6,195,arrieros,194,96,1,151,98,0,0,0,18,35,0,0,0,2,,0,0
1492-3,6,196,arrieros,194,96,1,164,89,0,0,0,18,35,0,0,0,2,,0,0
1492-3,6,197,arrieros,194,96,1,177,86,0,0,0,24,41,0,0,0,2,,0,0
1492-3,6,198,arrieros,202,96,1,199,83,0,0,0,24,50,0,0,0,2,,0,0
1492-3,6,199,arrieros,202,96,1,153,65,0,0,0,24,50,0,0,0,2,1,7,0
1492-3,6,200,arrieros,202,96,1,154,72,0,2,0,24,50,0,0,0,2,,0,0
1492-3,6,1,canteros,39,116,1,40,56,0,0,0,18,48,0,0,0,0,1,4,0
1492-3,6,2,canteros,39,116,1,47,42,0,0,0,18,34,0,0,0,0,,0,0
1492-3,6,3,canteros,39,116,1,54,28,0,0,0,18,34,0,1,0,0,,0,0
1492-3,6,4,canteros,39,116,1,69,17,0,0,0,18,42,0,0,0,0,,0,0
1492-3,6,5,canteros,39,116,1,84,12,0,0,0,24,48,0,0,0,0,,0,0
1492-3,6,6,canteros,39,116,1,110,7,0,0,0,24,59,0,0,0,0,,0,0
1492-3,6,7,canteros,39,116,1,100,2,0,0,0,24,59,0,0,0,0,1,7,0
1492-3,6,8,canteros,38,116,1,112,4,0,0,0,24,59,1,0,0,0,,0,0
1492-3,6,9,canteros,37,116,1,138,3,0,0,0,24,59,1,0,0,0,,0,0
1492-3,6,10,canteros,35,113,1,164,0,0,0,0,24,59,1,0,0,0,,0,0
1492-3,6,11,canteros,35,113,1,190,20,0,0,0,48,83,0,0,0,0,,0,0
1492-3,6,12,canteros,35,113,1,216,39,0,0,0,48,83,0,0,0,0,,0,0
1492-3,6,13,canteros,35,113,1,172,57,0,0,0,48,83,0,0,0,0,1,11,0
1492-3,6,14,canteros,35,113,1,136,78,0,2,0,48,83,0,0,0,0,,0,0
1492-3,6,15,canteros,35,113,1,157,101,0,1,0,48,83,0,0,0,0,,0,0
1492-3,6,16,canteros,50,113,1,183,118,0,1,0,48,83,0,0,0,1,,0,0
1492-3,6,17,canteros,50,113,1,209,108,0,1,0,22,57,0,0,0,1,,0,0
1492-3,6,18,canteros,50,113,1,235,98,0,1,0,22,56,0,0,0,1,,0,0
1492-3,6,19,canteros,49,109,1,242,79,0,1,0,22,56,0,0,0,1,1,15,0
1492-3,6,20,canteros,49,109,1,219,79,0,1,0,22,54,0,0,0,1,,0,0
1492-3,6,21,canteros,49,109,1,196,79,0,1,0,22,54,0,0,0,1,,0,0
1492-3,6,22,canteros,49,109,1,191,79,0,1,0,22,54,0,0,0,1,,0,0
1492-3,6,23,canteros,49,109,1,210,75,0,1,0,18,50,0,0,0,1,,0,0
1492-3,6,24,canteros,49,109,1,224,65,0,1,0,18,40,0,0,0,1,,0,0
1492-3,6,25,canteros,49,109,1,243,54,0,1,0,18,40,0,0,0,1,1,12,0
1492-3,6,26,canteros,49,109,1,210,52,0,0,0,18,40,0,0,0,1,,0,0
1492-3,6,27,canteros,49,109,1,177,49,0,0,0,18,40,0,0,0,1,,0,0
1492-3,6,28,canteros,49,109,1,170,46,0,0,0,18,40,0,0,0,1,,0,0
1492-3,6,29,canteros,49,109,1,184,50,0,0,0,27,49,0,0,0,1,,0,0
1492-3,6,30,canteros,49,109,1,208,48,0,0,0,27,59,0,0,0,1,,0,0
1492-3,6,31,canteros,49,109,1,194,47,0,0,0,27,59,0,0,0,1,1,11,0
1492-3,6,32,canteros,49,109,1,182,50,0,2,0,27,59,0,0,0,1,,0,0
1492-3,6,33,canteros,49,109,1,182,53,0,1,0,27,59,0,0,0,1,,0,0
1492-3,6,34,canteros,49,109,1,206,55,0,1,0,27,59,0,0,0,1,,0,0
1492-3,6,35,canteros,49,109,1,230,73,0,1,0,48,79,0,0,0,1,,0,0
1492-3,6,36,canteros,49,109,1,254,91,0,1,0,48,79,0,0,0,1,,0,0
1492-3,6,37,canteros,49,105,1,143,86,0,0,0,48,79,0,0,0,1,1,35,0
1492-3,6,38,canteros,67,105,1,124,106,0,1,0,48,79,0,0,0,2,,0,0
1492-3,6,39,canteros,67,105,1,105,125,0,2,0,48,79,0,0,0,2,,0,0
1492-3,6,40,canteros,67,105,1,74,144,0,3,0,48,79,0,0,0,2,,0,0
1492-3,6,41,canteros,67,105,1,89,151,0,1,0,30,61,0,0,0,2,,0,0
1492-3,6,42,canteros,67,105,1,113,139,0,1,0,30,61,0,0,0,2,,0,0
1492-3,6,43,canteros,67,105,1,225,136,0,1,0,30,61,0,0,0,2,1,6,0
1492-3,6,44,canteros,75,105,1,238,140,0,1,0,30,61,0,0,0,2,,0,0
1492-3,6,45,canteros,75,105,1,262,138,0,1,0,30,61,0,0,0,2,,0,0
1492-3,6,46,canteros,75,105,1,286,135,0,1,0,30,61,0,0,0,2,,0,0
1492-3,6,47,canteros,75,105,1,310,109,0,1,0,18,49,0,0,0,2,,0,0
1492-3,6,48,canteros,75,105,1,324,96,0,1,0,18,39,0,0,0,2,,0,0
1492-3,6,49,canteros,83,105,1,308,83,0,1,0,18,39,0,0,0,2,1,17,0
1492-3,6,50,canteros,83,105,1,275,78,0,1,0,18,39,0,0,0,2,,0,0
1492-3,6,51,canteros,83,105,1,236,73,0,1,0,18,39,0,0,0,2,,0,0
1492-3,6,52,canteros,83,105,1,197,68,0,1,0,18,38,0,0,0,2,,0,0
1492-3,6,53,canteros,83,105,1,158,69,0,1,0,24,44,0,0,0,2,,0,0
1492-3,6,54,canteros,83,105,1,153,70,0,1,0,24,54,0,0,0,2,,0,0
1492-3,6,55,canteros,83,105,1,192,58,0,1,0,24,54,0,0,0,2,1,13,0
1492-3,6,56,canteros,91,105,1,182,56,0,2,0,24,54,0,0,0,2,,0,0
1492-3,6,57,canteros,91,105,1,200,55,0,0,0,24,54,0,0,0,2,,0,0
1492-3,6,58,canteros,91,105,1,224,49,0,0,0,24,54,0,0,0,2,,0,0
1492-3,6,59,canteros,91,105,1,248,67,0,0,0,48,78,0,0,0,2,,0,0
1492-3,6,60,canteros,91,105,1,272,84,0,0,0,48,78,0,0,0,2,,0,0
1492-3,6,61,canteros,91,105,1,238,100,0,0,0,48,78,0,0,0,2,1,14,0
1492-3,6,62,canteros,91,105,1,176,120,0,2,0,48,78,0,0,0,2,,0,0
1492-3,6,63,canteros,91,105,1,159,139,0,4,0,48,78,0,0,0,2,,0,0
1492-3,6,64,canteros,91,105,1,172,160,0,0,0,48,78,0,0,0,2,,0,0
1492-3,6,65,canteros,91,105,1,196,157,0,0,0,30,60,0,0,0,2,,0,0
1492-3,6,66,canteros,91,105,1,220,153,0,0,0,30,60,0,0,0,2,,0,0
1492-3,6,67,canteros,91,105,1,262,137,0,0,0,30,60,0,0,0,2,1,22,0
1492-3,6,68,canteros,91,105,1,233,141,0,0,0,30,60,0,0,0,2,,0,0
1492-3,6,69,canteros,99,105,1,204,145,0,0,0,30,60,0,0,0,2,,0,0
1492-3,6,70,canteros,99,105,1,211,149,0,0,0,30,60,0,0,0,2,,0,0
1492-3,6,71,canteros,99,105,1,235,138,0,0,0,18,48,0,0,0,2,,0,0
1492-3,6,72,canteros,99,105,1,249,123,0,0,0,18,38,0,0,0,2,,0,0
1492-3,6,73,canteros,99,105,1,261,109,0,0,0,18,38,0,0,0,2,1,13,0
1492-3,6,74,canteros,99,105,1,223,103,0,0,0,18,38,0,0,0,2,,0,0
1492-3,6,75,canteros,99,105,1,184,97,0,0,0,18,38,0,0,0,2,,0,0
1492-3,6,76,canteros,99,105,1,145,83,0,0,0,18,38,0,0,0,2,,0,0
1492-3,6,77,canteros,99,105,1,159,83,0,0,0,24,44,0,0,0,2,,0,0
1492-3,6,78,canteros,99,105,1,183,76,0,0,0,24,54,0,0,0,2,,0,0
1492-3,6,79,canteros,99,105,1,177,70,0,0,0,24,54,0,0,0,2,1,8,0
1492-3,6,80,canteros,99,105,1,160,68,0,2,0,24,54,0,0,0,2,,0,0
1492-3,6,81,canteros,107,105,1,178,67,0,0,0,24,54,0,0,0,2,,0,0
1492-3,6,82,canteros,107,105,1,202,61,0,0,0,24,54,0,0,0,2,,0,0
1492-3,6,83,canteros,107,105,1,226,78,0,0,0,48,78,0,0,0,2,,0,0
1492-3,6,84,canteros,107,105,1,250,95,0,0,0,48,78,0,0,0,2,,0,0
1492-3,6,85,canteros,107,105,1,224,111,0,0,0,48,78,0,0,0,2,1,11,0
1492-3,6,86,canteros,107,105,1,156,130,0,2,0,48,78,0,0,0,2,,0,0
1492-3,6,87,canteros,107,105,1,163,148,0,4,0,48,78,0,0,0,2,,0,0
1492-3,6,88,canteros,107,105,1,187,169,0,0,0,48,78,0,0,0,2,,0,0
1492-3,6,89,canteros,107,105,1,211,165,0,0,0,30,60,0,0,0,2,,0,0
1492-3,6,90,canteros,107,105,1,235,161,0,0,0,30,60,0,0,0,2,,0,0
1492-3,6,91,canteros,107,109,1,279,158,0,0,0,30,60,0,0,0,2,1,15,0
1492-3,6,92,canteros,107,109,1,251,160,0,0,0,30,60,0,0,0,2,,0,0
1492-3,6,93,canteros,107,109,1,222,162,0,0,0,30,60,0,0,0,2,,0,0
1492-3,6,94,canteros,317,109,1,215,164,0,0,0,30,60,0,1,1,3,,0,0
1492-3,6,95,canteros,317,109,1,234,156,0,0,0,18,48,0,0,0,3,,0,0
1492-3,6,96,canteros,317,109,1,248,143,0,0,0,18,38,0,0,0,3,,0,0
1492-3,6,97,canteros,317,105,1,249,120,0,0,0,18,38,0,0,0,3,1,15,0
1492-3,6,98,canteros,317,105,1,216,113,0,0,0,16,36,0,0,0,3,,0,0
1492-3,6,99,canteros,317,105,1,183,106,0,0,0,16,36,0,0,0,3,,0,0
1492-3,6,100,canteros,317,105,1,150,100,0,0,0,16,36,0,0,0,3,,0,0
1492-3,6,101,canteros,317,105,1,164,99,0,0,0,21,41,0,0,0,3,,0,0
1492-3,6,102,canteros,317,105,1,188,91,0,0,0,21,51,0,0,0,3,,0,0
1492-3,6,103,canteros,317,105,1,180,70,0,0,0,21,51,0,0,0,3,1,20,0
1492-3,6,104,canteros,317,105,1,169,67,0,2,0,21,51,0,0,0,3,,0,0
1492-3,6,105,canteros,325,105,1,188,65,0,0,0,21,51,0,0,0,3,,0,0
1492-3,6,106,canteros,325,105,1,212,59,0,0,0,21,51,0,0,0,3,,0,0
1492-3,6,107,canteros,325,105,1,236,73,0,0,0,43,73,0,0,0,3,,0,0
1492-3,6,108,canteros,325,105,1,260,87,0,0,0,43,73,0,0,0,3,,0,0
1492-3,6,109,canteros,325,105,1,236,100,0,0,0,43,73,0,0,0,3,1,14,0
1492-3,6,110,canteros,325,105,1,174,117,0,2,0,43,73,0,0,0,3,,0,0
1492-3,6,111,canteros,325,105,1,175,133,0,4,0,43,73,0,0,0,3,,0,0
1492-3,6,112,canteros,325,105,1,194,145,0,0,0,43,73,0,0,0,3,,0,0
1492-3,6,113,canteros,325,105,1,218,142,0,0,0,27,57,0,0,0,3,,0,0
1492-3,6,114,canteros,325,105,1,242,138,0,0,0,27,57,0,0,0,3,,0,0
1492-3,6,115,canteros,325,105,1,285,134,0,0,0,27,57,0,0,0,3,1,15,0
1492-3,6,116,canteros,333,105,1,268,137,0,0,0,27,57,0,0,0,3,,0,0
1492-3,6,117,canteros,333,105,1,251,140,0,0,0,27,57,0,0,0,3,,0,0
1492-3,6,118,canteros,333,105,1,234,143,0,0,0,27,57,0,0,0,3,,0,0
1492-3,6,119,canteros,333,105,1,241,135,0,0,0,16,46,0,0,0,3,,0,0
1492-3,6,120,canteros,333,105,1,255,124,0,0,0,16,36,0,0,0,3,,0,0
1492-3,6,121,canteros,333,105,1,281,110,0,0,0,16,36,0,0,0,3,1,11,0
1492-3,6,122,canteros,333,105,1,254,106,0,0,0,16,36,0,0,0,3,,0,0
1492-3,6,123,canteros,333,105,1,227,103,0,0,0,16,36,0,0,0,3,,0,0
1492-3,6,124,canteros,333,105,1,200,100,0,0,0,16,36,0,0,0,3,,0,0
1492-3,6,125,canteros,333,105,1,185,102,0,0,0,21,41,0,0,0,3,,0,0
1492-3,6,126,canteros,333,105,1,209,101,0,0,0,21,51,0,0,0,3,,0,0
1492-3,6,127,canteros,333,109,1,221,94,0,0,0,21,51,0,0,0,3,1,10,0
1492-3,6,128,canteros,333,109,1,190,92,0,2,0,21,51,0,0,0,3,,0,0
1492-3,6,129,canteros,333,109,1,201,92,0,1,0,21,51,0,0,0,3,,0,0
1492-3,6,130,canteros,333,109,1,225,86,0,1,0,21,51,0,0,0,3,,0,0
1492-3,6,131,canteros,333,109,1,249,98,0,1,0,43,73,0,0,0,3,,0,0
1492-3,6,132,canteros,333,109,1,273,110,0,1,0,43,73,0,0,0,3,,0,0
1492-3,6,133,canteros,333,105,1,268,112,0,1,0,43,73,0,0,0,3,1,15,0
1492-3,6,134,canteros,333,105,1,237,131,0,2,0,43,73,0,0,0,3,,0,0
1492-3,6,135,canteros,333,105,1,206,150,0,3,0,43,73,0,0,0,3,,0,0
1492-3,6,136,canteros,333,105,1,201,168,0,4,0,43,73,0,0,0,3,,0,0
1492-3,6,137,canteros,333,105,1,208,173,0,0,0,27,57,0,0,0,3,,0,0
1492-3,6,138,canteros,333,105,1,232,172,0,0,0,27,57,0,0,0,3,,0,0
1492-3,6,139,canteros,333,105,1,320,154,0,0,0,27,57,0,0,0,3,1,11,0
1492-3,6,140,canteros,333,105,1,344,149,0,0,0,27,57,0,0,0,3,,0,0
1492-3,6,141,canteros,341,105,1,368,144,0,0,0,27,57,0,0,0,3,,0,0
1492-3,6,142,canteros,341,105,1,392,140,0,0,0,27,57,0,0,0,3,,0,0
1492-3,6,143,canteros,341,105,1,416,125,0,0,0,16,46,0,0,0,3,,0,0
1492-3,6,144,canteros,341,105,1,430,111,0,0,0,16,36,0,0,0,3,,0,0
1492-3,6,145,canteros,341,105,1,415,97,0,0,0,16,36,0,0,0,3,1,14,0
1492-3,6,146,canteros,341,105,1,400,91,0,0,0,16,36,0,0,0,3,,0,0
1492-3,6,147,canteros,341,105,1,373,85,0,0,0,16,36,0,0,0,3,,0,0
1492-3,6,148,canteros,341,105,1,346,73,0,0,0,16,36,0,0,0,3,,0,0
1492-3,6,149,canteros,341,105,1,319,76,0,0,0,21,41,0,0,0,3,,0,0
1492-3,6,150,canteros,341,105,1,302,79,0,0,0,21,51,0,0,0,3,,0,0
1492-3,6,151,canteros,349,105,1,357,82,0,0,0,21,51,0,0,0,3,1,18,0
1492-3,6,152,canteros,349,105,1,313,78,0,2,0,21,51,0,0,0,3,,0,0
1492-3,6,153,canteros,349,105,1,269,76,0,2,0,21,51,0,0,0,3,,0,0
1492-3,6,154,canteros,349,105,1,264,74,0,2,0,21,51,0,0,0,3,,0,0
1492-3,6,155,canteros,349,105,1,279,97,0,0,0,43,73,0,0,0,3,,0,0
1492-3,6,156,canteros,349,105,1,303,112,0,0,0,43,73,0,0,0,3,,0,0
1492-3,6,157,canteros,349,105,1,395,124,0,0,0,43,73,0,0,0,3,1,17,0
1492-3,6,158,canteros,349,105,1,351,140,0,2,0,43,73,0,0,0,3,,0,0
1492-3,6,159,canteros,349,105,1,307,155,0,4,0,43,73,0,0,0,3,,0,0
1492-3,6,160,canteros,349,105,1,302,173,0,2,0,43,73,0,0,0,3,,0,0
1492-3,6,161,canteros,349,105,1,317,167,0,2,0,19,49,0,0,0,3,,0,0
1492-3,6,162,canteros,349,105,1,341,156,0,2,0,19,49,0,0,0,3,,0,0
1492-3,6,163,canteros,349,109,1,481,144,0,2,0,19,49,0,0,0,3,1,16,0
1492-3,6,164,canteros,349,109,1,480,137,0,2,0,19,49,0,0,0,3,,0,0
1492-3,6,165,canteros,349,109,1,479,130,0,2,0,19,49,0,0,0,3,,0,0
1492-3,6,166,canteros,349,109,1,478,124,0,2,0,19,49,0,0,0,3,,0,0
1492-3,6,167,canteros,349,109,1,477,115,0,2,0,16,46,0,0,0,3,,0,0
1492-3,6,168,canteros,349,109,1,466,106,0,2,0,16,36,0,0,0,3,,0,0
1492-3,6,169,canteros,349,105,1,537,90,0,0,0,16,36,0,0,0,3,1,17,0
1492-3,6,170,canteros,349,105,1,522,84,0,0,0,16,36,0,0,0,3,,0,0
1492-3,6,171,canteros,349,105,1,507,79,0,0,0,16,36,0,0,0,3,,0,0
1492-3,6,172,canteros,349,105,1,492,74,0,0,0,16,36,0,0,0,3,,0,0
1492-3,6,173,canteros,349,105,1,465,74,0,0,0,21,41,0,0,0,3,,0,0
1492-3,6,174,canteros,349,105,1,448,77,0,0,0,21,51,0,0,0,3,,0,0
1492-3,6,175,canteros,349,105,1,523,67,0,0,0,21,51,0,0,0,3,1,30,0
1492-3,6,176,canteros,349,105,1,479,64,0,2,0,21,51,0,0,0,3,,0,0
1492-3,6,177,canteros,357,105,1,435,62,0,2,0,21,51,0,0,0,3,,0,0
1492-3,6,178,canteros,357,105,1,379,60,0,2,0,21,51,0,0,0,3,,0,0
1492-3,6,179,canteros,357,105,1,323,83,0,2,0,43,73,0,0,0,3,,0,0
1492-3,6,180,canteros,357,105,1,326,105,0,2,0,43,73,0,0,0,3,,0,0
1492-3,6,181,canteros,357,105,1,500,123,0,2,0,43,73,0,0,0,3,1,16,0
1492-3,6,182,canteros,357,105,1,495,142,0,2,0,43,73,0,0,0,3,,0,0
1492-3,6,183,canteros,357,105,1,490,160,0,2,0,43,73,0,0,0,3,,0,0
1492-3,6,184,canteros,357,105,1,485,171,0,1,0,43,73,0,0,0,3,,0,0
1492-3,6,185,canteros,357,105,1,468,173,0,1,0,27,57,0,0,0,3,,0,0
1492-3,6,186,canteros,357,105,1,451,178,0,1,0,27,57,0,0,0,3,,0,0
1492-3,6,187,canteros,357,105,1,598,182,0,1,0,27,57,0,0,0,3,1,4,0
1492-3,6,188,canteros,365,105,1,622,176,0,1,0,27,57,0,0,0,3,,0,0
1492-3,6,189,canteros,365,105,1,646,170,0,1,0,27,57,0,0,0,3,,0,0
1492-3,6,190,canteros,365,105,1,670,165,0,1,0,27,57,0,0,0,3,,0,0
1492-3,6,191,canteros,365,105,1,694,149,0,1,0,16,46,0,0,0,3,,0,0
1492-3,6,192,canteros,365,105,1,708,134,0,1,0,16,36,0,0,0,3,,0,0
1492-3,6,193,canteros,365,105,1,757,120,0,1,0,16,36,0,0,0,3,1,16,0
1492-3,6,194,canteros,365,105,1,742,113,0,1,0,16,36,0,0,0,3,,0,0
1492-3,6,195,canteros,365,105,1,727,106,0,1,0,16,36,0,0,0,3,,0,0
1492-3,6,196,canteros,365,105,1,712,100,0,1,0,16,36,0,0,0,3,,0,0
1492-3,6,197,canteros,365,105,1,685,99,0,1,0,21,41,0,0,0,3,,0,0
1492-3,6,198,canteros,365,105,1,668,101,0,1,0,21,51,0,0,0,3,,0,0
1492-3,6,199,canteros,365,109,1,780,104,0,1,0,21,51,0,0,0,3,1,21,0
1492-3,6,200,canteros,365,109,1,761,99,0,2,0,21,51,0,0,0,3,,0,0
1492-3,6,1,ferrones,25,46,1,45,63,0,0,0,7,17,0,0,0,0,1,7,0
1492-3,6,2,ferrones,25,46,1,45,55,0,0,0,7,11,0,0,0,0,,0,0
1492-3,6,3,ferrones,25,46,1,45,48,0,0,0,7,11,0,0,0,0,,0,0
1492-3,6,4,ferrones,25,46,1,45,41,0,0,0,7,11,0,0,0,0,,0,0
1492-3,6,5,ferrones,25,46,1,45,36,0,0,0,9,13,0,1,0,0,,0,0
1492-3,6,6,ferrones,25,46,1,57,33,0,0,0,9,25,0,0,0,0,,0,0
1492-3,6,7,ferrones,25,46,1,69,30,0,0,0,9,25,0,0,0,0,1,1,0
1492-3,6,8,ferrones,25,46,1,81,27,0,0,0,9,25,0,0,0,0,,0,0
1492-3,6,9,ferrones,25,46,1,93,24,0,0,0,9,25,0,0,0,0,,0,0
1492-3,6,10,ferrones,25,46,1,105,22,0,0,0,9,25,0,0,0,0,,0,0
1492-3,6,11,ferrones,25,46,1,117,29,0,0,0,19,35,0,0,0,0,,0,0
1492-3,6,12,ferrones,25,48,1,129,36,0,0,0,19,35,0,0,0,0,,0,0
1492-3,6,13,ferrones,25,46,1,53,32,0,0,0,19,35,0,0,0,0,1,7,0
1492-3,6,14,ferrones,25,48,1,65,42,0,1,0,19,35,0,0,0,0,,0,0
1492-3,6,15,ferrones,26,50,1,77,49,0,0,0,19,35,0,0,0,0,,0,0
1492-3,6,16,ferrones,26,52,1,91,54,0,0,0,19,37,0,0,0,0,,0,0
1492-3,6,17,ferrones,26,52,1,105,51,0,0,0,12,30,0,0,0,0,,0,0
1492-3,6,18,ferrones,26,52,1,119,48,0,0,0,12,30,0,0,0,0,,0,0
1492-3,6,19,ferrones,25,48,1,76,23,0,0,0,12,30,0,0,0,0,1,16,0
1492-3,6,20,ferrones,25,48,1,78,26,0,0,0,12,28,0,0,0,0,,0,0
1492-3,6,21,ferrones,43,48,1,90,24,0,0,0,12,28,0,1,0,1,,0,0
1492-3,6,22,ferrones,43,48,1,102,24,0,0,0,12,32,0,0,0,1,,0,0
1492-3,6,23,ferrones,43,48,1,114,19,0,0,0,7,27,0,0,0,1,,0,0
1492-3,6,24,ferrones,43,48,1,122,14,0,0,0,7,23,0,0,0,1,,0,0
1492-3,6,25,ferrones,43,48,1,84,9,0,0,0,7,23,0,0,0,1,1,4,0
1492-3,6,26,ferrones,43,48,1,92,11,0,0,0,7,23,0,0,0,1,,0,0
1492-3,6,27,ferrones,43,48,1,100,6,0,0,0,7,23,0,0,0,1,,0,0
1492-3,6,28,ferrones,43,48,1,108,1,0,0,0,7,23,0,0,0,1,,0,0
1492-3,6,29,ferrones,42,48,1,116,0,0,0,0,9,25,1,0,0,1,,0,0
1492-3,6,30,ferrones,41,48,1,128,0,0,0,0,9,29,1,0,0,1,,0,0
1492-3,6,31,ferrones,40,47,1,111,0,0,0,0,9,29,1,0,0,1,1,7,0
1492-3,6,32,ferrones,39,46,1,104,4,0,0,0,9,29,1,0,0,1,,0,0
1492-3,6,33,ferrones,39,46,1,116,4,0,0,0,9,29,0,0,0,1,,0,0
1492-3,6,34,ferrones,39,46,1,128,2,0,0,0,9,29,0,0,0,1,,0,0
1492-3,6,35,ferrones,39,46,1,140,10,0,0,0,19,39,0,0,0,1,,0,0
1492-3,6,36,ferrones,39,46,1,152,18,0,0,0,19,39,0,0,0,1,,0,0
1492-3,6,37,ferrones,39,48,1,110,30,0,0,0,24,44,0,0,0,1,1,8,0
1492-3,6,38,ferrones,40,50,1,103,45,0,1,0,24,44,0,0,0,1,,0,0
1492-3,6,39,ferrones,48,52,1,117,55,0,1,0,24,46,0,1,0,1,,0,0
1492-3,6,40,ferrones,48,54,1,131,64,0,1,0,24,46,0,0,0,1,,0,0
1492-3,6,41,ferrones,49,56,1,145,64,0,1,0,15,37,0,0,0,1,,0,0
1492-3,6,42,ferrones,49,58,1,159,63,0,1,0,15,37,0,0,0,1,,0,0
1492-3,6,43,ferrones,48,54,1,103,49,0,1,0,12,34,0,0,0,1,1,7,0
1492-3,6,44,ferrones,48,54,1,99,51,0,0,0,12,34,0,0,0,1,,0,0
1492-3,6,45,ferrones,48,54,1,113,48,0,0,0,12,34,0,0,0,1,,0,0
1492-3,6,46,ferrones,48,54,1,127,44,0,0,0,12,34,0,1,0,1,,0,0
1492-3,6,47,ferrones,48,54,1,141,37,0,0,0,7,29,0,0,0,1,,0,0
1492-3,6,48,ferrones,48,54,1,150,30,0,0,0,7,24,0,0,0,1,,0,0
1492-3,6,49,ferrones,49,58,1,119,25,0,0,0,7,24,0,0,0,1,1,7,0
1492-3,6,50,ferrones,49,58,1,119,21,0,0,0,7,24,0,0,0,1,,0,0
1492-3,6,51,ferrones,49,58,1,128,14,0,0,0,7,24,0,0,0,1,,0,0
1492-3,6,52,ferrones,49,58,1,137,7,0,0,0,7,24,0,0,0,1,,0,0
1492-3,6,53,ferrones,49,58,1,146,2,0,0,0,9,26,0,0,0,1,,0,0
1492-3,6,54,ferrones,48,58,1,160,0,0,0,0,9,31,1,0,0,1,,0,0
1492-3,6,55,ferrones,47,58,1,101,0,0,0,0,9,31,1,0,0,1,1,5,0
1492-3,6,56,ferrones,46,57,1,115,4,0,2,0,9,31,1,0,0,1,,0,0
1492-3,6,57,ferrones,45,56,1,129,0,0,2,0,9,31,1,0,0,1,,0,0
1492-3,6,58,ferrones,44,55,1,143,0,0,2,0,9,31,1,0,0,1,,0,0
1492-3,6,59,ferrones,44,55,1,157,6,0,1,0,19,41,0,0,0,1,,0,0
1492-3,6,60,ferrones,44,55,1,171,12,0,0,0,19,41,0,0,0,1,,0,0
1492-3,6,61,ferrones,44,55,1,117,18,0,0,0,19,41,0,0,0,1,1,7,0
1492-3,6,62,ferrones,44,55,1,121,28,0,2,0,19,41,0,0,0,1,,0,0
1492-3,6,63,ferrones,44,57,1,135,36,0,1,0,19,41,0,0,0,1,,0,0
1492-3,6,64,ferrones,44,59,1,149,41,0,0,0,19,41,0,0,0,1,,0,0
1492-3,6,65,ferrones,44,59,1,163,35,0,0,0,9,31,0,0,0,1,,0,0
1492-3,6,66,ferrones,44,59,1,177,29,0,0,0,9,31,0,0,0,1,,0,0
1492-3,6,67,ferrones,44,59,1,150,24,0,0,0,9,31,0,0,0,1,1,7,0
1492-3,6,68,ferrones,44,59,1,123,23,0,0,0,9,31,0,0,0,1,,0,0
1492-3,6,69,ferrones,44,59,1,137,19,0,0,0,9,31,0,0,0,1,,0,0
1492-3,6,70,ferrones,44,59,1,151,14,0,0,0,9,31,0,0,0,1,,0,0
1492-3,6,71,ferrones,44,59,1,165,7,0,0,0,7,29,0,0,0,1,,0,0
1492-3,6,72,ferrones,44,59,1,174,0,0,0,0,7,24,0,0,0,1,,0,0
1492-3,6,73,ferrones,43,59,1,155,0,0,0,0,7,24,1,0,0,1,1,9,0
1492-3,6,74,ferrones,42,59,1,120,7,0,0,0,7,24,1,0,0,1,,0,0
1492-3,6,75,ferrones,42,59,1,124,7,0,0,0,7,24,0,0,0,1,,0,0
1492-3,6,76,ferrones,42,59,1,133,1,0,0,0,7,24,0,0,0,1,,0,0
1492-3,6,77,ferrones,41,59,1,142,0,0,0,0,9,26,1,0,0,1,,0,0
1492-3,6,78,ferrones,40,59,1,156,0,0,0,0,9,31,1,0,0,1,,0,0
1492-3,6,79,ferrones,39,58,1,128,0,0,0,0,9,31,1,0,0,1,1,7,0
1492-3,6,80,ferrones,38,57,1,122,4,0,1,0,9,31,1,0,0,1,,0,0
1492-3,6,81,ferrones,37,56,1,136,4,0,1,0,8,30,1,0,0,1,,0,0
1492-3,6,82,ferrones,36,55,1,150,0,0,1,0,8,30,1,0,0,1,,0,0
1492-3,6,83,ferrones,36,55,1,164,4,0,0,0,17,39,0,0,0,1,,0,0
1492-3,6,84,ferrones,36,55,1,178,8,0,0,0,17,39,0,0,0,1,,0,0
1492-3,6,85,ferrones,36,55,1,121,12,0,0,0,17,39,0,0,0,1,1,8,0
1492-3,6,86,ferrones,36,55,1,109,20,0,2,0,17,32,0,0,0,1,,0,0
1492-3,6,87,ferrones,36,55,1,117,28,0,1,0,17,32,0,0,0,1,,0,0
1492-3,6,88,ferrones,36,57,1,125,32,0,0,0,17,32,0,0,0,1,,0,0
1492-3,6,89,ferrones,36,57,1,133,29,0,0,0,12,27,0,0,0,1,,0,0
1492-3,6,90,ferrones,36,57,1,141,26,0,0,0,12,27,0,0,0,1,,0,0
1492-3,6,91,ferrones,36,57,1,121,24,0,0,0,12,27,0,0,0,1,1,6,0
1492-3,6,92,ferrones,36,57,1,114,29,0,0,0,12,27,0,0,0,1,,0,0
1492-3,6,93,ferrones,36,57,1,122,29,0,0,0,12,27,0,0,0,1,,0,0
1492-3,6,94,ferrones,36,57,1,130,26,0,0,0,12,27,0,0,0,1,,0,0
1492-3,6,95,ferrones,36,57,1,138,19,0,0,0,7,22,0,0,0,1,,0,0
1492-3,6,96,ferrones,36,57,1,146,12,0,0,0,7,22,0,0,0,1,,0,0
1492-3,6,97,ferrones,36,57,1,114,5,0,0,0,7,22,0,0,0,1,1,6,0
1492-3,6,98,ferrones,35,57,1,102,7,0,0,0,7,22,1,0,0,1,,0,0
1492-3,6,99,ferrones,35,57,1,110,4,0,0,0,7,22,0,0,0,1,,0,0
1492-3,6,100,ferrones,34,57,1,118,0,0,0,0,7,22,1,0,0,1,,0,0
1492-3,6,101,ferrones,33,57,1,126,0,0,0,0,9,24,1,0,0,1,,0,0
1492-3,6,102,ferrones,32,56,1,138,0,0,0,0,9,28,1,0,0,1,,0,0
1492-3,6,103,ferrones,31,55,1,100,0,0,0,0,9,28,1,0,0,1,1,7,0
1492-3,6,104,ferrones,29,54,1,107,4,0,1,0,9,28,1,0,0,1,,0,0
1492-3,6,105,ferrones,29,54,1,119,1,0,1,0,9,28,0,0,0,1,,0,0
1492-3,6,106,ferrones,28,54,1,131,0,0,1,0,9,28,1,0,0,1,,0,0
1492-3,6,107,ferrones,28,54,1,143,6,0,0,0,19,38,0,0,0,1,,0,0
1492-3,6,108,ferrones,28,54,1,155,12,0,0,0,19,38,0,0,0,1,,0,0
1492-3,6,109,ferrones,28,54,1,117,18,0,0,0,19,38,0,0,0,1,1,7,0
1492-3,6,110,ferrones,28,54,1,109,28,0,1,0,19,38,0,0,0,1,,0,0
1492-3,6,111,ferrones,29,56,1,121,38,0,0,0,19,38,0,0,0,1,,0,0
1492-3,6,112,ferrones,29,58,1,133,42,0,0,0,19,38,0,0,0,1,,0,0
1492-3,6,113,ferrones,29,58,1,145,39,0,0,0,12,31,0,0,0,1,,0,0
1492-3,6,114,ferrones,29,58,1,157,36,0,0,0,12,31,0,0,0,1,,0,0
1492-3,6,115,ferrones,29,58,1,135,33,0,0,0,12,31,0,0,0,1,1,6,0
1492-3,6,116,ferrones,29,58,1,112,37,0,0,0,12,31,0,0,0,1,,0,0
1492-3,6,117,ferrones,29,58,1,124,41,0,0,0,12,31,0,0,0,1,,0,0
1492-3,6,118,ferrones,29,58,1,136,38,0,0,0,12,31,0,0,0,1,,0,0
1492-3,6,119,ferrones,29,58,1,148,30,0,0,0,7,26,0,0,0,1,,0,0
1492-3,6,120,ferrones,29,58,1,156,23,0,0,0,7,22,0,0,0,1,,0,0
1492-3,6,121,ferrones,29,58,1,129,16,0,0,0,7,22,0,0,0,1,1,6,0
1492-3,6,122,ferrones,29,58,1,107,16,0,0,0,7,22,0,0,0,1,,0,0
1492-3,6,123,ferrones,29,58,1,115,15,0,0,0,7,22,0,0,0,1,,0,0
1492-3,6,124,ferrones,29,58,1,123,8,0,0,0,7,22,0,0,0,1,,0,0
1492-3,6,125,ferrones,29,58,1,131,3,0,0,0,9,24,0,0,0,1,,0,0
1492-3,6,126,ferrones,28,58,1,143,0,0,0,0,9,28,1,0,0,1,,0,0
1492-3,6,127,ferrones,27,58,1,107,0,0,0,0,9,28,1,0,0,1,1,7,0
1492-3,6,128,ferrones,26,57,1,109,4,0,1,0,9,28,1,0,0,1,,0,0
1492-3,6,129,ferrones,25,56,1,121,2,0,1,0,9,28,1,0,0,1,,0,0
1492-3,6,130,ferrones,24,55,1,133,0,0,1,0,9,28,1,0,0,1,,0,0
1492-3,6,131,ferrones,24,55,1,145,6,0,0,0,19,38,0,0,0,1,,0,0
1492-3,6,132,ferrones,24,55,1,157,12,0,0,0,19,38,0,0,0,1,,0,0
1492-3,6,133,ferrones,24,55,1,123,18,0,0,0,19,38,0,0,0,1,1,7,0
1492-3,6,134,ferrones,24,55,1,115,28,0,1,0,19,38,0,0,0,1,,0,0
1492-3,6,135,ferrones,24,57,1,127,38,0,0,0,19,38,0,0,0,1,,0,0
1492-3,6,136,ferrones,24,59,1,139,42,0,0,0,19,38,0,0,0,1,,0,0
1492-3,6,137,ferrones,24,59,1,151,39,0,0,0,12,31,0,0,0,1,,0,0
1492-3,6,138,ferrones,24,59,1,163,36,0,0,0,12,31,0,0,0,1,,0,0
1492-3,6,139,ferrones,24,59,1,142,33,0,0,0,12,31,0,0,0,1,1,8,0
1492-3,6,140,ferrones,24,59,1,119,37,0,0,0,12,31,0,0,0,1,,0,0
1492-3,6,141,ferrones,24,59,1,126,41,0,0,0,12,31,0,0,0,1,,0,0
1492-3,6,142,ferrones,24,59,1,138,39,0,0,0,12,31,0,0,0,1,,0,0
1492-3,6,143,ferrones,24,59,1,150,31,0,0,0,7,26,0,0,0,1,,0,0
1492-3,6,144,ferrones,24,59,1,158,24,0,0,0,7,22,0,0,0,1,,0,0
1492-3,6,145,ferrones,24,59,1,133,17,0,0,0,7,22,0,0,0,1,1,6,0
1492-3,6,146,ferrones,24,59,1,106,17,0,0,0,7,22,0,0,0,1,,0,0
1492-3,6,147,ferrones,24,59,1,114,17,0,0,0,7,22,0,0,0,1,,0,0
1492-3,6,148,ferrones,24,59,1,122,10,0,0,0,7,22,0,0,0,1,,0,0
1492-3,6,149,ferrones,24,59,1,130,5,0,0,0,9,24,0,0,0,1,,0,0
1492-3,6,150,ferrones,24,59,1,142,0,0,0,0,9,28,0,0,0,1,,0,0
1492-3,6,151,ferrones,23,59,1,123,0,0,0,0,9,28,1,0,0,1,1,9,0
1492-3,6,152,ferrones,22,59,1,115,1,0,1,0,9,28,1,0,0,1,,0,0
1492-3,6,153,ferrones,21,58,1,127,4,0,1,0,9,28,1,0,0,1,,0,0
1492-3,6,154,ferrones,20,57,1,139,0,0,1,0,9,28,1,0,0,1,,0,0
1492-3,6,155,ferrones,20,57,1,151,5,0,0,0,19,38,0,0,0,1,,0,0
1492-3,6,156,ferrones,20,57,1,163,10,0,0,0,19,38,0,0,0,1,,0,0
1492-3,6,157,ferrones,20,57,1,139,15,0,0,0,19,38,0,0,0,1,1,8,0
1492-3,6,158,ferrones,20,57,1,131,21,0,2,0,19,38,0,0,0,1,,0,0
1492-3,6,159,ferrones,20,59,1,143,30,0,1,0,19,38,0,0,0,1,,0,0
1492-3,6,160,ferrones,21,61,1,155,35,0,0,0,19,38,0,0,0,1,,0,0
1492-3,6,161,ferrones,21,61,1,168,31,0,0,0,12,32,0,0,0,1,,0,0
1492-3,6,162,ferrones,21,61,1,181,27,0,0,0,12,32,0,0,0,1,,0,0
1492-3,6,163,ferrones,21,61,1,196,24,0,0,0,12,32,0,0,0,1,1,10,0
1492-3,6,164,ferrones,21,61,1,147,25,0,0,0,12,32,0,0,0,1,,0,0
1492-3,6,165,ferrones,21,61,1,150,29,0,0,0,12,32,0,0,0,1,,0,0
1492-3,6,166,ferrones,21,61,1,163,27,0,0,0,12,32,0,0,0,1,,0,0
1492-3,6,167,ferrones,21,61,1,176,19,0,0,0,7,27,0,0,0,1,,0,0
1492-3,6,168,ferrones,21,61,1,185,11,0,0,0,7,23,0,0,0,1,,0,0
1492-3,6,169,ferrones,21,61,1,199,3,0,0,0,7,23,0,0,0,1,1,11,0
1492-3,6,170,ferrones,20,61,1,161,4,0,0,0,7,23,1,0,0,1,,0,0
1492-3,6,171,ferrones,19,61,1,140,4,0,0,0,7,23,1,0,0,1,,0,0
1492-3,6,172,ferrones,18,60,1,149,6,0,0,0,7,23,1,0,0,1,,0,0
1492-3,6,173,ferrones,18,60,1,158,0,0,0,0,9,25,0,0,0,1,,0,0
1492-3,6,174,ferrones,17,60,1,171,0,0,0,0,9,29,1,0,0,1,,0,0
1492-3,6,175,ferrones,16,60,1,171,0,0,0,0,9,29,1,0,0,1,1,10,0
1492-3,6,176,ferrones,14,59,1,164,1,0,2,0,9,29,1,0,0,1,,0,0
1492-3,6,177,ferrones,13,58,1,171,4,0,2,0,9,28,1,0,0,1,,0,0
1492-3,6,178,ferrones,12,57,1,183,1,0,2,0,9,28,1,0,0,1,,0,0
1492-3,6,179,ferrones,12,57,1,195,6,0,1,0,19,38,0,0,0,1,,0,0
1492-3,6,180,ferrones,12,57,1,207,11,0,0,0,19,38,0,0,0,1,,0,0
1492-3,6,181,ferrones,12,57,1,191,16,0,0,0,19,38,0,0,0,1,1,11,0
1492-3,6,182,ferrones,12,57,1,156,22,0,2,0,19,38,0,0,0,1,,0,0
1492-3,6,183,ferrones,12,59,1,153,31,0,1,0,19,38,0,0,0,1,,0,0
1492-3,6,184,ferrones,13,61,1,165,39,0,0,0,19,38,0,0,0,1,,0,0
1492-3,6,185,ferrones,13,61,1,178,35,0,0,0,12,32,0,0,0,1,,0,0
1492-3,6,186,ferrones,13,61,1,191,31,0,0,0,12,32,0,0,0,1,,0,0
1492-3,6,187,ferrones,13,61,1,223,27,0,0,0,12,32,0,0,0,1,1,11,0
1492-3,6,188,ferrones,13,61,1,189,28,0,0,0,12,32,0,0,0,1,,0,0
1492-3,6,189,ferrones,13,61,1,167,28,0,0,0,12,32,0,0,0,1,,0,0
1492-3,6,190,ferrones,13,61,1,180,31,0,0,0,12,32,0,0,0,1,,0,0
1492-3,6,191,ferrones,13,61,1,193,23,0,0,0,7,27,0,0,0,1,,0,0
1492-3,6,192,ferrones,13,61,1,202,15,0,0,0,7,23,0,0,0,1,,0,0
1492-3,6,193,ferrones,13,61,1,235,7,0,0,0,7,23,0,0,0,1,1,12,0
1492-3,6,194,ferrones,12,61,1,197,4,0,0,0,7,23,1,0,0,1,,0,0
1492-3,6,195,ferrones,11,61,1,162,4,0,0,0,7,23,1,0,0,1,,0,0
1492-3,6,196,ferrones,10,60,1,171,7,0,0,0,7,23,1,0,0,1,,0,0
1492-3,6,197,ferrones,10,60,1,180,1,0,0,0,9,25,0,0,0,1,,0,0
1492-3,6,198,ferrones,9,60,1,193,0,0,0,0,9,29,1,0,0,1,,0,0
1492-3,6,199,ferrones,8,60,1,196,0,0,0,0,9,29,1,0,0,1,1,12,0
1492-3,6,200,ferrones,6,59,1,177,1,0,2,0,9,29,1,0,0,1,,0,0
1492-3,6,1,hortelanos,32,81,1,32,77,0,0,0,31,47,0,0,0,0,1,5,0
1492-3,6,2,hortelanos,32,81,1,36,83,0,0,0,31,39,0,0,0,0,,0,0
1492-3,6,3,hortelanos,32,81,1,40,89,0,0,0,31,39,0,0,0,0,,0,0
1492-3,6,4,hortelanos,97,81,1,44,95,0,0,0,31,39,0,0,0,1,,0,0
1492-3,6,5,hortelanos,97,81,1,48,106,0,0,0,37,45,0,1,0,1,,0,0
1492-3,6,6,hortelanos,97,81,1,68,119,0,0,0,37,61,0,0,0,1,,0,0
1492-3,6,7,hortelanos,96,77,1,68,111,0,0,0,37,61,0,0,0,1,1,11,0
1492-3,6,8,hortelanos,164,77,1,86,124,0,0,0,37,59,0,0,0,2,,0,0
1492-3,6,9,hortelanos,164,77,1,104,137,0,0,0,37,59,0,0,0,2,,0,0
1492-3,6,10,hortelanos,164,77,1,122,139,0,0,0,37,59,0,0,0,2,,0,0
1492-3,6,11,hortelanos,172,77,1,140,174,0,0,0,61,83,0,0,0,2,,0,0
1492-3,6,12,hortelanos,172,77,1,158,208,0,0,0,61,83,0,0,0,2,,0,0
1492-3,6,13,hortelanos,171,73,1,76,227,0,0,0,61,83,0,0,0,2,1,17,0
1492-3,6,14,hortelanos,171,73,1,79,252,0,2,0,61,83,0,0,0,2,,0,0
1492-3,6,15,hortelanos,171,73,1,97,274,0,2,0,61,83,0,0,0,2,,0,0
1492-3,6,16,hortelanos,171,73,1,115,295,0,2,0,61,83,0,0,0,2,,0,0
1492-3,6,17,hortelanos,171,73,1,133,302,0,2,0,48,70,0,0,0,2,,0,0
1492-3,6,18,hortelanos,171,73,1,151,309,0,2,0,48,70,0,0,0,2,,0,0
1492-3,6,19,hortelanos,171,73,1,250,305,0,2,0,48,70,0,0,0,2,1,29,0
1492-3,6,20,hortelanos,179,73,1,232,317,0,2,0,48,70,0,0,0,2,,0,0
1492-3,6,21,hortelanos,179,73,1,250,324,0,2,0,48,70,0,0,0,2,,0,0
1492-3,6,22,hortelanos,179,73,1,268,330,0,2,0,48,70,0,0,0,2,,0,0
1492-3,6,23,hortelanos,179,73,1,286,314,0,2,0,31,53,0,0,0,2,,0,0
1492-3,6,24,hortelanos,179,73,1,297,304,0,2,0,31,46,0,0,0,2,,0,0
1492-3,6,25,hortelanos,187,73,1,358,290,0,2,0,31,46,0,0,0,2,1,21,0
1492-3,6,26,hortelanos,187,73,1,299,288,0,2,0,31,46,0,0,0,2,,0,0
1492-3,6,27,hortelanos,187,73,1,230,286,0,2,0,31,46,0,0,0,2,,0,0
1492-3,6,28,hortelanos,187,73,1,221,278,0,2,0,31,46,0,0,0,2,,0,0
1492-3,6,29,hortelanos,187,73,1,232,274,0,2,0,37,52,0,1,0,2,,0,0
1492-3,6,30,hortelanos,187,73,1,250,278,0,2,0,43,65,0,0,0,2,,0,0
1492-3,6,31,hortelanos,187,73,1,360,274,0,2,0,43,65,0,0,0,2,1,21,0
1492-3,6,32,hortelanos,187,73,1,327,285,0,2,0,43,65,0,0,0,2,,0,0
1492-3,6,33,hortelanos,187,73,1,294,295,0,2,0,43,65,0,0,0,2,,0,0
1492-3,6,34,hortelanos,187,73,1,276,303,0,2,0,43,65,0,0,0,2,,0,0
1492-3,6,35,hortelanos,187,73,1,294,305,0,2,0,43,65,0,0,0,2,,0,0
1492-3,6,36,hortelanos,187,73,1,312,307,0,2,0,43,65,0,0,0,2,,0,0
1492-3,6,37,hortelanos,188,77,1,390,316,0,2,0,43,65,0,0,0,2,1,17,0
1492-3,6,38,hortelanos,188,77,1,338,324,0,2,0,43,65,0,0,0,2,,0,0
1492-3,6,39,hortelanos,188,77,1,286,332,0,2,0,43,65,0,0,0,2,,0,0
1492-3,6,40,hortelanos,188,77,1,264,336,0,2,0,43,65,0,0,0,2,,0,0
1492-3,6,41,hortelanos,188,77,1,282,336,0,2,0,43,65,0,0,0,2,,0,0
1492-3,6,42,hortelanos,188,77,1,300,336,0,2,0,43,65,0,0,0,2,,0,0
1492-3,6,43,hortelanos,187,73,1,368,319,0,2,0,43,65,0,0,0,2,1,22,0
1492-3,6,44,hortelanos,187,73,1,316,328,0,2,0,43,65,0,0,0,2,,0,0
1492-3,6,45,hortelanos,187,73,1,264,336,0,2,0,43,65,0,0,0,2,,0,0
1492-3,6,46,hortelanos,187,73,1,252,340,0,2,0,43,65,0,0,0,2,,0,0
1492-3,6,47,hortelanos,187,73,1,270,341,0,2,0,43,65,0,0,0,2,,0,0
1492-3,6,48,hortelanos,187,73,1,281,342,0,2,0,43,58,0,0,0,2,,0,0
1492-3,6,49,hortelanos,187,73,1,324,284,0,2,0,43,58,0,0,0,2,1,32,0
1492-3,6,50,hortelanos,187,73,1,265,294,0,2,0,43,58,0,0,0,2,,0,0
1492-3,6,51,hortelanos,239,153,2,206,304,0,2,0,43,58,0,0,0,3,,0,0
1492-3,6,52,hortelanos,239,153,2,216,284,0,2,0,43,74,0,0,0,3,,0,0
1492-3,6,53,hortelanos,239,153,2,236,268,0,2,0,43,74,0,0,0,3,,0,0
1492-3,6,54,hortelanos,239,153,2,263,253,0,2,0,43,81,0,0,0,3,,0,0
1492-3,6,55,hortelanos,239,153,2,310,245,0,2,0,43,81,0,0,0,3,1,21,0
1492-3,6,56,hortelanos,239,153,2,267,240,0,2,0,52,90,0,3,0,3,,0,0
1492-3,6,57,hortelanos,239,153,2,224,252,0,2,0,76,114,0,0,0,3,,0,0
1492-3,6,58,hortelanos,240,157,2,251,261,0,2,0,76,114,0,2,0,3,,0,0
1492-3,6,59,hortelanos,249,161,2,278,277,0,2,0,76,117,0,0,0,3,,0,0
1492-3,6,60,hortelanos,249,163,2,305,291,0,2,0,76,117,0,0,0,3,,0,0
1492-3,6,61,hortelanos,249,163,2,406,311,0,2,0,76,119,0,0,0,3,1,16,0
1492-3,6,62,hortelanos,249,163,2,365,331,0,2,0,76,119,0,0,0,3,,0,0
1492-3,6,63,hortelanos,249,163,2,324,350,0,2,0,76,119,0,0,0,3,,0,0
1492-3,6,64,hortelanos,249,163,2,323,364,0,2,0,76,119,0,0,0,3,,0,0
1492-3,6,65,hortelanos,249,163,2,352,374,0,2,0,76,119,0,0,0,3,,0,0
1492-3,6,66,hortelanos,249,163,2,381,384,0,2,0,76,119,0,0,0,3,,0,0
1492-3,6,67,hortelanos,250,167,2,462,360,0,2,0,76,119,0,0,0,3,1,24,0
1492-3,6,68,hortelanos,250,167,2,421,377,0,2,0,76,119,0,0,0,3,,0,0
1492-3,6,69,hortelanos,300,227,3,380,393,0,2,0,76,119,0,0,0,4,,0,0
1492-3,6,70,hortelanos,300,227,3,344,390,0,2,0,76,131,0,0,0,4,,0,0
1492-3,6,71,hortelanos,300,227,3,338,388,0,2,0,76,131,0,0,0,4,,0,0
1492-3,6,72,hortelanos,300,227,3,365,382,0,2,0,76,124,0,0,0,4,,0,0
1492-3,6,73,hortelanos,299,223,3,451,328,0,2,0,76,124,0,0,0,4,1,20,0
1492-3,6,74,hortelanos,299,223,3,478,322,0,2,0,76,124,0,0,0,4,,0,0
1492-3,6,75,hortelanos,319,280,4,505,316,0,2,0,76,124,0,2,0,4,,0,0
1492-3,6,76,hortelanos,319,282,4,525,323,0,2,0,100,158,0,0,0,4,,0,0
1492-3,6,77,hortelanos,319,283,4,555,326,0,2,0,100,158,0,0,0,4,,0,0
1492-3,6,78,hortelanos,320,286,4,571,335,0,2,0,100,167,0,2,0,4,,0,0
1492-3,6,79,hortelanos,320,289,4,603,342,0,2,0,100,167,0,0,0,4,1,35,0
1492-3,6,80,hortelanos,321,292,4,599,353,0,2,0,100,167,0,2,0,4,,0,0
1492-3,6,81,hortelanos,330,295,4,580,378,0,2,0,112,182,0,0,0,4,,0,0
1492-3,6,82,hortelanos,330,298,4,578,400,0,2,0,112,184,0,1,0,4,,0,0
1492-3,6,83,hortelanos,331,301,4,566,433,0,2,0,124,196,0,0,0,4,,0,0
1492-3,6,84,hortelanos,331,304,4,564,462,0,2,0,124,196,0,1,0,4,,0,0
1492-3,6,85,hortelanos,332,308,4,638,483,0,0,0,124,198,0,0,0,4,1,31,0
1492-3,6,86,hortelanos,341,312,4,611,504,0,0,0,124,198,0,1,0,4,,0,0
1492-3,6,87,hortelanos,341,313,4,584,525,0,0,0,124,201,0,0,0,4,,0,0
1492-3,6,88,hortelanos,341,313,4,579,539,0,0,0,124,203,0,0,0,4,,0,0
1492-3,6,89,hortelanos,342,316,4,581,556,0,0,0,124,203,0,1,0,4,,0,0
1492-3,6,90,hortelanos,342,319,4,583,574,0,0,0,124,203,0,0,0,4,,0,0
1492-3,6,91,hortelanos,343,322,4,646,586,0,0,0,124,203,0,0,0,4,1,24,0
1492-3,6,92,hortelanos,352,325,4,621,598,0,0,0,124,203,0,0,0,4,,0,0
1492-3,6,93,hortelanos,352,328,4,598,613,0,0,0,124,205,0,0,0,4,,0,0
1492-3,6,94,hortelanos,353,331,4,575,626,0,0,0,124,205,0,0,0,4,,0,0
1492-3,6,95,hortelanos,353,334,4,552,639,0,0,0,124,205,0,0,0,4,,0,0
1492-3,6,96,hortelanos,354,338,4,524,650,0,0,0,124,200,0,0,0,4,,0,0
1492-3,6,97,hortelanos,355,342,4,525,626,0,0,0,124,200,0,0,0,4,1,24,0
1492-3,6,98,hortelanos,355,343,4,564,627,0,0,0,124,200,0,0,0,4,,0,0
1492-3,6,99,hortelanos,363,343,4,604,637,0,0,0,133,211,0,0,0,4,,0,0
1492-3,6,100,hortelanos,363,343,4,645,646,0,0,0,133,211,0,0,0,4,,0,0
1492-3,6,101,hortelanos,363,343,4,675,655,0,0,0,133,211,0,0,0,4,,0,0
1492-3,6,102,hortelanos,363,343,4,726,663,0,0,0,133,218,0,0,0,4,,0,0
1492-3,6,103,hortelanos,363,343,4,751,651,0,0,0,133,218,0,0,0,4,1,40,0
1492-3,6,104,hortelanos,363,343,4,711,666,0,2,0,133,218,0,0,0,4,,0,0
1492-3,6,105,hortelanos,371,343,4,664,680,0,4,0,133,218,0,0,0,4,,0,0
1492-3,6,106,hortelanos,371,343,4,618,693,0,6,0,133,218,0,0,0,4,,0,0
1492-3,6,107,hortelanos,371,343,4,571,706,0,8,0,133,218,0,0,0,4,,0,0
1492-3,6,108,hortelanos,371,343,4,524,718,0,10,0,133,218,0,0,0,4,,0,0
1492-3,6,109,hortelanos,371,343,4,708,731,0,12,0,133,218,0,0,0,4,1,18,0
1492-3,6,110,hortelanos,371,343,4,682,743,0,12,0,133,218,0,0,0,4,,0,0
1492-3,6,111,hortelanos,371,343,4,656,750,0,11,0,133,218,0,0,0,4,,0,0
1492-3,6,112,hortelanos,371,343,4,631,762,0,11,0,133,218,0,0,0,4,,0,0
1492-3,6,113,hortelanos,371,343,4,605,773,0,11,0,133,218,0,0,0,4,,0,0
1492-3,6,114,hortelanos,371,343,4,579,784,0,11,0,133,218,0,0,0,4,,0,0
1492-3,6,115,hortelanos,371,343,4,683,742,0,11,0,133,218,0,0,0,4,1,24,0
1492-3,6,116,hortelanos,371,343,4,657,754,0,11,0,133,218,0,0,0,4,,0,0
1492-3,6,117,hortelanos,411,463,5,632,765,0,11,0,133,218,0,0,0,4,,0,0
1492-3,6,118,hortelanos,411,463,5,619,743,0,11,0,133,242,0,0,0,4,,0,0
1492-3,6,119,hortelanos,411,463,5,609,726,0,11,0,133,242,0,0,0,4,,0,0
1492-3,6,120,hortelanos,411,463,5,593,710,0,11,0,133,235,0,0,0,4,,0,0
1492-3,6,121,hortelanos,411,463,5,642,694,0,11,0,133,235,0,0,0,4,1,30,0
1492-3,6,122,hortelanos,411,463,5,631,671,0,11,0,133,235,0,0,0,4,,0,0
1492-3,6,123,hortelanos,411,463,5,642,650,0,11,0,133,235,0,3,0,4,,0,0
1492-3,6,124,hortelanos,411,463,5,652,662,0,11,0,157,259,0,1,0,4,,0,0
1492-3,6,125,hortelanos,411,463,5,666,665,0,11,0,148,250,0,0,0,4,,0,0
1492-3,6,126,hortelanos,571,463,5,680,668,0,11,0,148,257,0,2,1,5,,0,0
1492-3,6,127,hortelanos,572,467,5,779,697,0,11,0,170,279,0,0,0,5,1,26,0
1492-3,6,128,hortelanos,572,467,5,800,722,0,11,0,170,279,0,0,0,5,,0,0
1492-3,6,129,hortelanos,572,467,5,821,746,0,11,0,170,279,0,0,0,5,,0,0
1492-3,6,130,hortelanos,572,467,5,842,769,0,11,0,170,279,0,0,0,5,,0,0
1492-3,6,131,hortelanos,572,467,5,863,804,0,11,0,183,292,0,0,0,5,,0,0
1492-3,6,132,hortelanos,572,467,5,884,838,0,11,0,183,292,0,0,0,5,,0,0
1492-3,6,133,hortelanos,571,463,5,966,861,0,11,0,183,292,0,0,0,5,1,19,0
1492-3,6,134,hortelanos,571,463,5,958,889,0,11,0,183,290,0,0,0,5,,0,0
1492-3,6,135,hortelanos,571,463,5,950,916,0,11,0,183,290,0,0,0,5,,0,0
1492-3,6,136,hortelanos,571,463,5,942,942,0,11,0,183,290,0,0,0,5,,0,0
1492-3,6,137,hortelanos,571,463,5,934,960,0,11,0,176,283,0,0,0,5,,0,0
1492-3,6,138,hortelanos,571,463,5,926,978,0,11,0,176,283,0,0,0,5,,0,0
1492-3,6,139,hortelanos,571,463,5,1039,971,0,11,0,176,283,0,0,0,5,1,29,0
1492-3,6,140,hortelanos,571,463,5,1031,980,0,11,0,176,283,0,0,0,5,,0,0
1492-3,6,141,hortelanos,571,463,5,1023,995,0,11,0,176,283,0,0,0,5,,0,0
1492-3,6,142,hortelanos,571,463,5,1015,1011,0,11,0,176,283,0,0,0,5,,0,0
1492-3,6,143,hortelanos,579,463,5,1007,1033,0,11,0,183,290,0,0,0,5,,0,0
1492-3,6,144,hortelanos,579,463,5,993,1054,0,11,0,183,284,0,0,0,5,,0,0
1492-3,6,145,hortelanos,579,463,5,1075,1081,0,11,0,190,291,0,0,0,5,1,19,0
1492-3,6,146,hortelanos,579,463,5,1061,1107,0,11,0,190,291,0,0,0,5,,0,0
1492-3,6,147,hortelanos,579,463,5,1047,1132,0,11,0,190,291,0,0,0,5,,0,0
1492-3,6,148,hortelanos,579,463,5,1033,1156,0,11,0,190,291,0,0,0,5,,0,0
1492-3,6,149,hortelanos,579,463,5,1019,1173,0,11,0,183,284,0,0,0,5,,0,0
1492-3,6,150,hortelanos,579,463,5,1011,1189,0,11,0,183,290,0,0,0,5,,0,0
1492-3,6,151,hortelanos,579,463,5,968,1178,0,11,0,183,290,0,0,0,5,1,31,0
1492-3,6,152,hortelanos,579,463,5,952,1225,0,11,0,218,325,0,0,0,5,,0,0
1492-3,6,153,hortelanos,587,463,5,936,1270,0,11,0,218,325,0,0,0,5,,0,0
1492-3,6,154,hortelanos,587,463,5,920,1314,0,11,0,218,325,0,0,0,5,,0,0
1492-3,6,155,hortelanos,587,463,5,904,1356,0,11,0,218,325,0,0,0,5,,0,0
1492-3,6,156,hortelanos,587,463,5,889,1396,0,11,0,218,325,0,0,0,5,,0,0
1492-3,6,157,hortelanos,587,463,5,979,1435,0,11,0,218,325,0,0,0,5,1,19,0
1492-3,6,158,hortelanos,587,463,5,963,1472,0,11,0,218,325,0,0,0,5,,0,0
1492-3,6,159,hortelanos,587,463,5,947,1508,0,11,0,218,325,0,0,0,5,,0,0
1492-3,6,160,hortelanos,587,463,5,931,1542,0,11,0,218,325,0,0,0,5,,0,0
1492-3,6,161,hortelanos,587,463,5,915,1575,0,11,0,218,325,0,0,0,5,,0,0
1492-3,6,162,hortelanos,587,463,5,900,1606,0,11,0,218,325,0,0,0,5,,0,0
1492-3,6,163,hortelanos,587,463,5,1002,1611,0,11,0,218,325,0,0,0,5,1,34,0
1492-3,6,164,hortelanos,587,463,5,986,1641,0,11,0,218,325,0,0,0,5,,0,0
1492-3,6,165,hortelanos,595,463,5,970,1670,0,11,0,218,325,0,0,0,5,,0,0
1492-3,6,166,hortelanos,595,463,5,954,1698,0,11,0,218,325,0,0,0,5,,0,0
1492-3,6,167,hortelanos,595,463,5,942,1733,0,11,0,227,334,0,0,0,5,,0,0
1492-3,6,168,hortelanos,595,463,5,924,1767,0,11,0,227,328,0,0,0,5,,0,0
1492-3,6,169,hortelanos,595,463,5,1010,1777,0,11,0,218,319,0,0,0,5,1,24,0
1492-3,6,170,hortelanos,595,463,5,992,1800,0,11,0,218,319,0,0,0,5,,0,0
1492-3,6,171,hortelanos,595,463,5,973,1822,0,11,0,218,319,0,0,0,5,,0,0
1492-3,6,172,hortelanos,595,463,5,955,1836,0,11,0,218,319,0,0,0,5,,0,0
1492-3,6,173,hortelanos,595,463,5,933,1857,0,11,0,218,319,0,0,0,5,,0,0
1492-3,6,174,hortelanos,595,463,5,917,1893,0,11,0,235,342,0,0,0,5,,0,0
1492-3,6,175,hortelanos,715,463,5,1061,1916,0,11,0,235,342,0,1,1,5,1,24,0
1492-3,6,176,hortelanos,715,463,5,1052,1969,0,11,0,251,358,0,0,0,5,,0,0
1492-3,6,177,hortelanos,723,463,5,1043,2020,0,11,0,251,358,0,0,0,5,,0,0
1492-3,6,178,hortelanos,723,463,5,1034,2069,0,11,0,251,358,0,0,0,5,,0,0
1492-3,6,179,hortelanos,723,463,5,1025,2116,0,11,0,251,358,0,0,0,5,,0,0
1492-3,6,180,hortelanos,723,463,5,1016,2145,0,11,0,234,341,0,0,0,5,,0,0
1492-3,6,181,hortelanos,723,463,5,1123,2161,0,9,0,234,341,0,0,0,5,1,24,0
1492-3,6,182,hortelanos,723,463,5,1114,2188,0,9,0,234,341,0,0,0,5,,0,0
1492-3,6,183,hortelanos,723,463,5,1105,2214,0,9,0,234,341,0,0,0,5,,0,0
1492-3,6,184,hortelanos,723,463,5,1096,2239,0,9,0,234,341,0,0,0,5,,0,0
1492-3,6,185,hortelanos,723,463,5,1087,2263,0,9,0,234,341,0,0,0,5,,0,0
1492-3,6,186,hortelanos,723,463,5,1078,2286,0,9,0,234,341,0,0,0,5,,0,0
1492-3,6,187,hortelanos,724,467,5,1029,2301,0,9,0,234,341,0,0,0,5,1,26,0
1492-3,6,188,hortelanos,724,467,5,1015,2319,0,9,0,234,343,0,0,0,5,,0,0
1492-3,6,189,hortelanos,724,467,5,1001,2340,0,9,0,237,346,0,0,0,5,,0,0
1492-3,6,190,hortelanos,724,467,5,987,2360,0,9,0,237,346,0,0,0,5,,0,0
1492-3,6,191,hortelanos,724,467,5,977,2379,0,9,0,237,346,0,0,0,5,,0,0
1492-3,6,192,hortelanos,724,467,5,959,2397,0,9,0,237,339,0,0,0,5,,0,0
1492-3,6,193,hortelanos,723,463,5,1036,2393,0,9,0,237,339,0,0,0,5,1,25,0
1492-3,6,194,hortelanos,723,463,5,1018,2412,0,9,0,237,338,0,0,0,5,,0,0
1492-3,6,195,hortelanos,723,463,5,999,2430,0,9,0,237,338,0,0,0,5,,0,0
1492-3,6,196,hortelanos,723,463,5,981,2447,0,9,0,237,338,0,0,0,5,,0,0
1492-3,6,197,hortelanos,723,463,5,959,2463,0,9,0,237,338,0,0,0,5,,0,0
1492-3,6,198,hortelanos,723,463,5,943,2479,0,9,0,237,344,0,0,0,5,,0,0
1492-3,6,199,hortelanos,723,463,5,1028,2469,0,8,0,237,344,0,0,0,5,1,29,0
1492-3,6,200,hortelanos,723,463,5,1012,2481,0,8,0,237,344,0,0,0,5,,0,0
1492-3,6,1,mercaderes,33,86,1,62,59,0,0,0,13,39,0,0,0,0,1,4,0
1492-3,6,2,mercaderes,33,86,1,74,48,0,0,0,13,29,0,0,0,0,,0,0
1492-3,6,3,mercaderes,33,86,1,86,37,0,0,0,13,29,0,1,0,0,,0,0
1492-3,6,4,mercaderes,33,86,1,98,28,0,0,0,13,29,0,0,0,0,,0,0
1492-3,6,5,mercaderes,33,86,1,110,24,0,0,0,18,34,0,0,0,0,,0,0
1492-3,6,6,mercaderes,33,86,1,130,21,0,0,0,18,42,0,0,0,0,,0,0
1492-3,6,7,mercaderes,33,86,1,80,18,0,0,0,18,42,0,0,0,0,1,6,0
1492-3,6,8,mercaderes,33,86,1,100,19,0,1,0,18,42,0,0,0,0,,0,0
1492-3,6,9,mercaderes,33,86,1,120,16,0,0,0,18,42,0,0,0,0,,0,0
1492-3,6,10,mercaderes,33,86,1,140,13,0,0,0,18,42,0,0,0,0,,0,0
1492-3,6,11,mercaderes,33,86,1,160,27,0,0,0,36,60,0,0,0,0,,0,0
1492-3,6,12,mercaderes,34,90,1,180,41,0,0,0,36,60,0,0,0,0,,0,0
1492-3,6,13,mercaderes,34,90,1,131,53,0,0,0,36,62,0,0,0,0,1,8,0
1492-3,6,14,mercaderes,34,90,1,129,69,0,2,0,36,62,0,0,0,0,,0,0
1492-3,6,15,mercaderes,34,90,1,151,86,0,0,0,36,62,0,0,0,0,,0,0
1492-3,6,16,mercaderes,49,90,1,173,96,0,0,0,36,62,0,0,0,1,,0,0
1492-3,6,17,mercaderes,49,90,1,195,96,0,0,0,26,52,0,0,0,1,,0,0
1492-3,6,18,mercaderes,49,90,1,217,96,0,0,0,26,52,0,0,0,1,,0,0
1492-3,6,19,mercaderes,49,90,1,204,87,0,0,0,26,52,0,0,0,1,1,13,0
1492-3,6,20,mercaderes,49,90,1,173,95,0,0,0,26,52,0,0,0,1,,0,0
1492-3,6,21,mercaderes,49,90,1,152,103,0,0,0,26,52,0,0,0,1,,0,0
1492-3,6,22,mercaderes,49,90,1,167,110,0,0,0,26,52,0,0,0,1,,0,0
1492-3,6,23,mercaderes,49,90,1,189,99,0,0,0,13,39,0,0,0,1,,0,0
1492-3,6,24,mercaderes,49,90,1,202,87,0,0,0,13,30,0,0,0,1,,0,0
1492-3,6,25,mercaderes,48,86,1,189,56,0,0,0,13,30,0,0,0,1,1,21,0
1492-3,6,26,mercaderes,66,86,1,148,54,0,0,0,13,29,0,0,0,2,,0,0
1492-3,6,27,mercaderes,66,86,1,127,52,0,0,0,13,29,0,0,0,2,,0,0
1492-3,6,28,mercaderes,66,86,1,139,40,0,0,0,13,29,0,0,0,2,,0,0
1492-3,6,29,mercaderes,74,86,1,151,36,0,0,0,18,34,0,0,0,2,,0,0
1492-3,6,30,mercaderes,74,86,1,171,32,0,0,0,18,42,0,0,0,2,,0,0
1492-3,6,31,mercaderes,74,86,1,140,28,0,0,0,18,42,0,0,0,2,1,8,0
1492-3,6,32,mercaderes,74,86,1,146,27,0,2,0,18,42,0,1,0,2,,0,0
1492-3,6,33,mercaderes,74,86,1,166,28,0,1,0,18,42,0,0,0,2,,0,0
1492-3,6,34,mercaderes,74,86,1,186,25,0,0,0,18,42,0,0,0,2,,0,0
1492-3,6,35,mercaderes,75,90,1,206,39,0,0,0,36,60,0,0,0,2,,0,0
1492-3,6,36,mercaderes,75,90,1,228,51,0,0,0,36,62,0,0,0,2,,0,0
1492-3,6,37,mercaderes,75,90,1,199,63,0,0,0,36,62,0,0,0,2,1,13,0
1492-3,6,38,mercaderes,75,90,1,160,76,0,2,0,36,62,0,1,0,2,,0,0
1492-3,6,39,mercaderes,75,90,1,161,93,0,1,0,36,62,0,0,0,2,,0,0
1492-3,6,40,mercaderes,75,90,1,183,107,0,1,0,36,62,0,0,0,2,,0,0
1492-3,6,41,mercaderes,75,90,1,205,103,0,1,0,22,48,0,0,0,2,,0,0
1492-3,6,42,mercaderes,75,90,1,227,99,0,1,0,22,48,0,0,0,2,,0,0
1492-3,6,43,mercaderes,75,90,1,236,80,0,1,0,22,48,0,0,0,2,1,24,0
1492-3,6,44,mercaderes,83,90,1,213,84,0,1,0,22,48,0,0,0,2,,0,0
1492-3,6,45,mercaderes,83,90,1,190,88,0,1,0,22,48,0,0,0,2,,0,0
1492-3,6,46,mercaderes,83,90,1,181,92,0,1,0,22,48,0,0,0,2,,0,0
1492-3,6,47,mercaderes,83,90,1,203,77,0,1,0,13,39,0,0,0,2,,0,0
1492-3,6,48,mercaderes,83,90,1,216,66,0,1,0,13,30,0,0,0,2,,0,0
1492-3,6,49,mercaderes,90,86,1,210,47,0,0,0,13,30,0,0,0,2,1,14,0
1492-3,6,50,mercaderes,90,86,1,169,43,0,0,0,13,29,0,0,0,2,,0,0
1492-3,6,51,mercaderes,90,86,1,138,39,0,0,0,13,29,0,1,0,2,,0,0
1492-3,6,52,mercaderes,90,86,1,143,37,0,0,0,13,29,0,0,0,2,,0,0
1492-3,6,53,mercaderes,90,86,1,155,35,0,0,0,18,34,0,0,0,2,,0,0
1492-3,6,54,mercaderes,90,86,1,175,31,0,0,0,18,42,0,0,0,2,,0,0
1492-3,6,55,mercaderes,90,86,1,156,27,0,0,0,18,42,0,0,0,2,1,11,0
1492-3,6,56,mercaderes,90,86,1,154,26,0,2,0,18,42,0,1,0,2,,0,0
1492-3,6,57,mercaderes,90,86,1,170,27,0,1,0,18,42,0,0,0,2,,0,0
1492-3,6,58,mercaderes,90,86,1,190,25,0,0,0,18,42,0,0,0,2,,0,0
1492-3,6,59,mercaderes,91,90,1,210,39,0,0,0,36,60,0,0,0,2,,0,0
1492-3,6,60,mercaderes,91,90,1,232,51,0,0,0,36,62,0,0,0,2,,0,0
1492-3,6,61,mercaderes,91,90,1,204,63,0,0,0,36,62,0,0,0,2,1,9,0
1492-3,6,62,mercaderes,91,90,1,140,78,0,2,0,36,62,0,0,0,2,,0,0
1492-3,6,63,mercaderes,91,90,1,162,95,0,2,0,36,62,0,0,0,2,,0,0
1492-3,6,64,mercaderes,91,90,1,184,105,0,2,0,36,62,0,0,0,2,,0,0
1492-3,6,65,mercaderes,91,90,1,206,101,0,2,0,22,48,0,0,0,2,,0,0
1492-3,6,66,mercaderes,91,90,1,228,97,0,2,0,22,48,0,0,0,2,,0,0
1492-3,6,67,mercaderes,91,90,1,258,82,0,0,0,22,48,0,0,0,2,1,18,0
1492-3,6,68,mercaderes,91,90,1,235,86,0,0,0,22,48,0,0,0,2,,0,0
1492-3,6,69,mercaderes,99,90,1,212,90,0,0,0,22,48,0,0,0,2,,0,0
1492-3,6,70,mercaderes,99,90,1,203,94,0,0,0,22,48,0,0,0,2,,0,0
1492-3,6,71,mercaderes,99,90,1,225,89,0,0,0,13,39,0,0,0,2,,0,0
1492-3,6,72,mercaderes,99,90,1,238,77,0,0,0,13,30,0,0,0,2,,0,0
1492-3,6,73,mercaderes,99,90,1,249,54,0,0,0,13,30,0,0,0,2,1,17,0
1492-3,6,74,mercaderes,99,90,1,209,51,0,0,0,13,30,0,0,0,2,,0,0
1492-3,6,75,mercaderes,107,90,1,169,48,0,0,0,13,30,0,0,0,2,,0,0
1492-3,6,76,mercaderes,107,90,1,163,45,0,0,0,13,30,0,0,0,2,,0,0
1492-3,6,77,mercaderes,107,90,1,176,46,0,0,0,18,35,0,0,0,2,,0,0
1492-3,6,78,mercaderes,107,90,1,198,41,0,0,0,18,44,0,0,0,2,,0,0
1492-3,6,79,mercaderes,107,90,1,179,36,0,0,0,18,44,0,0,0,2,1,11,0
1492-3,6,80,mercaderes,107,90,1,167,33,0,2,0,18,44,0,1,0,2,,0,0
1492-3,6,81,mercaderes,107,90,1,181,33,0,1,0,18,44,0,0,0,2,,0,0
1492-3,6,82,mercaderes,107,90,1,203,31,0,0,0,18,44,0,0,0,2,,0,0
1492-3,6,83,mercaderes,107,90,1,225,44,0,0,0,36,62,0,0,0,2,,0,0
1492-3,6,84,mercaderes,107,90,1,247,56,0,0,0,36,62,0,0,0,2,,0,0
1492-3,6,85,mercaderes,107,90,1,226,68,0,0,0,36,62,0,0,0,2,1,11,0
1492-3,6,86,mercaderes,107,90,1,162,83,0,2,0,36,62,0,0,0,2,,0,0
1492-3,6,87,mercaderes,107,90,1,171,100,0,2,0,36,62,0,0,0,2,,0,0
1492-3,6,88,mercaderes,107,90,1,193,114,0,2,0,36,62,0,0,0,2,,0,0
1492-3,6,89,mercaderes,107,90,1,215,110,0,2,0,22,48,0,0,0,2,,0,0
1492-3,6,90,mercaderes,107,90,1,237,106,0,2,0,22,48,0,0,0,2,,0,0
1492-3,6,91,mercaderes,107,90,1,277,90,0,2,0,22,48,0,0,0,2,1,25,0
1492-3,6,92,mercaderes,107,90,1,261,96,0,0,0,22,48,0,0,0,2,,0,0
1492-3,6,93,mercaderes,115,90,1,245,100,0,0,0,22,48,0,0,0,2,,0,0
1492-3,6,94,mercaderes,115,90,1,229,103,0,0,0,22,48,0,0,0,2,,0,0
1492-3,6,95,mercaderes,115,90,1,228,98,0,0,0,13,39,0,0,0,2,,0,0
1492-3,6,96,mercaderes,115,90,1,241,93,0,0,0,13,30,0,0,0,2,,0,0
1492-3,6,97,mercaderes,115,90,1,258,81,0,0,0,13,30,0,0,0,2,1,12,0
1492-3,6,98,mercaderes,115,90,1,218,67,0,0,0,13,30,0,0,0,2,,0,0
1492-3,6,99,mercaderes,115,90,1,178,63,0,0,0,13,30,0,0,0,2,,0,0
1492-3,6,100,mercaderes,123,90,1,172,59,0,0,0,13,30,0,0,0,2,,0,0
1492-3,6,101,mercaderes,123,90,1,185,59,0,0,0,18,35,0,0,0,2,,0,0
1492-3,6,102,mercaderes,123,90,1,207,53,0,0,0,18,44,0,0,0,2,,0,0
1492-3,6,103,mercaderes,123,90,1,187,48,0,0,0,18,44,0,0,0,2,1,11,0
1492-3,6,104,mercaderes,123,90,1,166,45,0,2,0,18,44,0,1,0,2,,0,0
1492-3,6,105,mercaderes,123,90,1,178,45,0,1,0,18,44,0,0,0,2,,0,0
1492-3,6,106,mercaderes,123,90,1,200,44,0,0,0,18,44,0,0,0,2,,0,0
1492-3,6,107,mercaderes,123,90,1,222,56,0,0,0,36,62,0,0,0,2,,0,0
1492-3,6,108,mercaderes,123,90,1,244,68,0,0,0,36,62,0,0,0,2,,0,0
1492-3,6,109,mercaderes,123,94,1,235,80,0,0,0,36,62,0,0,0,2,1,13,0
1492-3,6,110,mercaderes,123,94,1,171,92,0,2,0,36,62,0,1,0,2,,0,0
1492-3,6,111,mercaderes,123,94,1,183,105,0,4,0,36,62,0,0,0,2,,0,0
1492-3,6,112,mercaderes,123,94,1,205,119,0,1,0,36,62,0,0,0,2,,0,0
1492-3,6,113,mercaderes,123,94,1,227,114,0,1,0,22,48,0,0,0,2,,0,0
1492-3,6,114,mercaderes,123,94,1,249,109,0,1,0,22,48,0,0,0,2,,0,0
1492-3,6,115,mercaderes,123,90,1,263,95,0,1,0,22,48,0,0,0,2,1,16,0
1492-3,6,116,mercaderes,123,90,1,240,99,0,1,0,22,48,0,0,0,2,,0,0
1492-3,6,117,mercaderes,123,90,1,217,103,0,1,0,22,48,0,0,0,2,,0,0
1492-3,6,118,mercaderes,123,90,1,194,106,0,1,0,22,48,0,0,0,2,,0,0
1492-3,6,119,mercaderes,123,90,1,209,101,0,1,0,13,39,0,0,0,2,,0,0
1492-3,6,120,mercaderes,123,90,1,222,91,0,1,0,13,30,0,0,0,2,,0,0
1492-3,6,121,mercaderes,123,90,1,240,66,0,1,0,13,30,0,0,0,2,1,20,0
1492-3,6,122,mercaderes,123,90,1,200,62,0,1,0,13,30,0,0,0,2,,0,0
1492-3,6,123,mercaderes,131,90,1,160,58,0,1,0,13,30,0,0,0,2,,0,0
1492-3,6,124,mercaderes,131,90,1,173,56,0,0,0,13,30,0,0,0,2,,0,0
1492-3,6,125,mercaderes,131,90,1,186,46,0,0,0,13,30,0,0,0,2,,0,0
1492-3,6,126,mercaderes,131,90,1,208,36,0,0,0,13,39,0,0,0,2,,0,0
1492-3,6,127,mercaderes,131,90,1,184,26,0,0,0,13,39,0,0,0,2,1,11,0
1492-3,6,128,mercaderes,131,90,1,162,19,0,2,0,13,39,0,1,0,2,,0,0
1492-3,6,129,mercaderes,131,90,1,176,3,0,1,0,13,39,0,0,0,2,,0,0
1492-3,6,130,mercaderes,130,90,1,198,2,0,1,0,13,39,1,0,0,2,,0,0
1492-3,6,131,mercaderes,138,90,1,220,16,0,0,0,36,62,0,0,0,2,,0,0
1492-3,6,132,mercaderes,138,90,1,242,29,0,0,0,36,62,0,0,0,2,,0,0
1492-3,6,133,mercaderes,138,90,1,224,42,0,0,0,36,62,0,0,0,2,1,11,0
1492-3,6,134,mercaderes,138,90,1,159,58,0,2,0,36,62,0,0,0,2,,0,0
1492-3,6,135,mercaderes,138,90,1,173,75,0,2,0,36,62,0,0,0,2,,0,0
1492-3,6,136,mercaderes,138,90,1,195,90,0,0,0,36,62,0,0,0,2,,0,0
1492-3,6,137,mercaderes,138,90,1,217,84,0,0,0,19,45,0,0,0,2,,0,0
1492-3,6,138,mercaderes,138,90,1,239,78,0,0,0,19,45,0,0,0,2,,0,0
1492-3,6,139,mercaderes,138,94,1,277,76,0,0,0,19,45,0,0,0,2,1,13,0
1492-3,6,140,mercaderes,138,94,1,246,77,0,0,0,19,45,0,0,0,2,,0,0
1492-3,6,141,mercaderes,138,94,1,215,78,0,0,0,19,45,0,0,0,2,,0,0
1492-3,6,142,mercaderes,138,94,1,218,79,0,0,0,19,45,0,0,0,2,,0,0
1492-3,6,143,mercaderes,138,94,1,240,73,0,0,0,13,39,0,0,0,2,,0,0
1492-3,6,144,mercaderes,138,94,1,253,61,0,0,0,13,30,0,0,0,2,,0,0
1492-3,6,145,mercaderes,138,90,1,248,42,0,0,0,15,32,0,0,0,2,1,15,0
1492-3,6,146,mercaderes,138,90,1,208,39,0,0,0,15,32,0,0,0,2,,0,0
1492-3,6,147,mercaderes,138,90,1,168,36,0,0,0,15,32,0,1,0,2,,0,0
1492-3,6,148,mercaderes,138,90,1,148,35,0,0,0,15,32,0,0,0,2,,0,0
1492-3,6,149,mercaderes,138,90,1,161,37,0,0,0,18,35,0,0,0,2,,0,0
1492-3,6,150,mercaderes,138,90,1,183,32,0,0,0,18,44,0,0,0,2,,0,0
1492-3,6,151,mercaderes,138,90,1,177,27,0,0,0,18,44,0,0,0,2,1,10,0
1492-3,6,152,mercaderes,138,90,1,170,25,0,2,0,18,51,0,1,0,2,,0,0
1492-3,6,153,mercaderes,138,90,1,199,25,0,1,0,18,51,0,0,0,2,,0,0
1492-3,6,154,mercaderes,138,90,1,228,21,0,0,0,18,51,0,0,0,2,,0,0
1492-3,6,155,mercaderes,138,90,1,257,34,0,0,0,36,69,0,0,0,2,,0,0
1492-3,6,156,mercaderes,138,90,1,286,47,0,0,0,36,69,0,0,0,2,,0,0
1492-3,6,157,mercaderes,138,90,1,267,59,0,0,0,36,69,0,0,0,2,1,16,0
1492-3,6,158,mercaderes,138,90,1,210,75,0,2,0,36,69,0,0,0,2,,0,0
1492-3,6,159,mercaderes,138,90,1,204,92,0,2,0,36,69,0,0,0,2,,0,0
1492-3,6,160,mercaderes,138,90,1,220,106,0,2,0,36,69,0,0,0,2,,0,0
1492-3,6,161,mercaderes,138,90,1,245,106,0,2,0,22,55,0,0,0,2,,0,0
1492-3,6,162,mercaderes,138,90,1,274,103,0,2,0,22,55,0,0,0,2,,0,0
1492-3,6,163,mercaderes,138,90,1,325,86,0,2,0,22,55,0,0,0,2,1,26,0
1492-3,6,164,mercaderes,138,90,1,309,92,0,0,0,22,55,0,0,0,2,,0,0
1492-3,6,165,mercaderes,146,90,1,293,96,0,0,0,22,55,0,0,0,2,,0,0
1492-3,6,166,mercaderes,146,90,1,277,100,0,0,0,22,55,0,0,0,2,,0,0
1492-3,6,167,mercaderes,146,90,1,275,97,0,0,0,15,48,0,0,0,2,,0,0
1492-3,6,168,mercaderes,146,90,1,292,94,0,0,0,15,36,0,0,0,2,,0,0
1492-3,6,169,mercaderes,146,90,1,322,82,0,0,0,13,34,0,0,0,2,1,15,0
1492-3,6,170,mercaderes,146,90,1,286,67,0,0,0,13,34,0,0,0,2,,0,0
1492-3,6,171,mercaderes,146,90,1,250,63,0,0,0,13,34,0,0,0,2,,0,0
1492-3,6,172,mercaderes,146,90,1,214,59,0,0,0,13,34,0,0,0,2,,0,0
1492-3,6,173,mercaderes,154,90,1,212,60,0,0,0,18,39,0,0,0,2,,0,0
1492-3,6,174,mercaderes,154,90,1,241,64,0,0,0,22,55,0,0,0,2,,0,0
1492-3,6,175,mercaderes,154,90,1,247,62,0,0,0,22,55,0,0,0,2,1,14,0
1492-3,6,176,mercaderes,154,90,1,207,62,0,2,0,22,55,0,1,0,2,,0,0
1492-3,6,177,mercaderes,154,90,1,223,65,0,1,0,22,55,0,0,0,2,,0,0
1492-3,6,178,mercaderes,154,90,1,248,67,0,1,0,22,55,0,0,0,2,,0,0
1492-3,6,179,mercaderes,154,90,1,277,88,0,1,0,45,78,0,0,0,2,,0,0
1492-3,6,180,mercaderes,154,90,1,306,98,0,1,0,36,69,0,0,0,2,,0,0
1492-3,6,181,mercaderes,154,94,1,346,110,0,1,0,36,69,0,0,0,2,1,21,0
1492-3,6,182,mercaderes,154,94,1,321,123,0,2,0,36,69,0,0,0,2,,0,0
1492-3,6,183,mercaderes,154,94,1,296,135,0,3,0,36,69,0,0,0,2,,0,0
1492-3,6,184,mercaderes,154,94,1,271,150,0,1,0,36,69,0,0,0,2,,0,0
1492-3,6,185,mercaderes,154,94,1,272,148,0,2,0,22,55,0,0,0,2,,0,0
1492-3,6,186,mercaderes,154,94,1,301,146,0,2,0,22,55,0,0,0,2,,0,0
1492-3,6,187,mercaderes,154,90,1,286,130,0,2,0,22,55,0,0,0,2,1,8,0
1492-3,6,188,mercaderes,154,90,1,216,125,0,2,0,22,55,0,0,0,2,,0,0
1492-3,6,189,mercaderes,154,90,1,205,120,0,2,0,22,55,0,0,0,2,,0,0
1492-3,6,190,mercaderes,154,90,1,234,116,0,2,0,22,55,0,0,0,2,,0,0
1492-3,6,191,mercaderes,154,90,1,263,103,0,2,0,13,46,0,0,0,2,,0,0
1492-3,6,192,mercaderes,154,90,1,280,93,0,0,0,13,34,0,0,0,2,,0,0
1492-3,6,193,mercaderes,154,90,1,312,68,0,0,0,13,34,0,0,0,2,1,25,0
1492-3,6,194,mercaderes,154,90,1,276,64,0,0,0,13,34,0,0,0,2,,0,0
1492-3,6,195,mercaderes,162,90,1,240,60,0,0,0,13,34,0,0,0,2,,0,0
1492-3,6,196,mercaderes,162,90,1,204,56,0,0,0,13,34,0,0,0,2,,0,0
1492-3,6,197,mercaderes,162,90,1,214,57,0,0,0,18,39,0,0,0,2,,0,0
1492-3,6,198,mercaderes,162,90,1,243,53,0,0,0,18,51,0,0,0,2,,0,0
1492-3,6,199,mercaderes,162,90,1,244,48,0,0,0,18,51,0,0,0,2,1,13,0
1492-3,6,200,mercaderes,162,90,1,204,47,0,2,0,18,51,0,0,0,2,,0,0
1492-3,6,1,mesta,22,30,1,42,75,0,0,0,5,11,0,0,0,0,1,5,0
1492-3,6,2,mesta,22,30,1,41,69,0,0,0,5,8,0,0,0,0,,0,0
1492-3,6,3,mesta,22,30,1,40,63,0,0,0,5,8,0,0,0,0,,0,0
1492-3,6,4,mesta,22,30,1,39,57,0,0,0,5,8,0,0,0,0,,0,0
1492-3,6,5,mesta,22,30,1,38,52,0,0,0,6,9,0,1,0,0,,0,0
1492-3,6,6,mesta,22,30,1,48,49,0,0,0,6,20,0,0,0,0,,0,0
1492-3,6,7,mesta,21,27,1,38,37,0,0,0,6,20,0,0,0,0,1,1,0
1492-3,6,8,mesta,21,27,1,46,36,0,0,0,6,18,0,0,0,0,,0,0
1492-3,6,9,mesta,21,27,1,54,35,0,0,0,6,18,0,0,0,0,,0,0
1492-3,6,10,mesta,21,27,1,62,34,0,0,0,6,18,0,0,0,0,,0,0
1492-3,6,11,mesta,21,28,1,70,40,0,0,0,13,25,0,0,0,0,,0,0
1492-3,6,12,mesta,21,29,1,78,45,0,0,0,13,25,0,0,0,0,,0,0
1492-3,6,13,mesta,22,30,1,71,49,0,0,0,13,25,0,0,0,0,1,4,0
1492-3,6,14,mesta,22,31,1,81,56,0,0,0,13,27,0,0,0,0,,0,0
1492-3,6,15,mesta,22,32,1,91,60,0,0,0,13,27,0,0,0,0,,0,0
1492-3,6,16,mesta,22,33,1,101,63,0,0,0,13,27,0,0,0,0,,0,0
1492-3,6,17,mesta,22,34,1,111,61,0,0,0,8,22,0,0,0,0,,0,0
1492-3,6,18,mesta,23,35,1,121,59,0,0,0,8,22,0,0,0,0,,0,0
1492-3,6,19,mesta,22,34,1,51,57,0,0,0,8,22,0,0,0,0,1,4,0
1492-3,6,20,mesta,22,34,1,51,57,0,0,0,8,22,0,0,0,0,,0,0
1492-3,6,21,mesta,23,35,1,61,54,0,0,0,8,22,0,1,0,0,,0,0
1492-3,6,22,mesta,23,35,1,71,53,0,0,0,8,28,0,0,0,0,,0,0
1492-3,6,23,mesta,23,35,1,81,49,0,0,0,5,25,0,0,0,0,,0,0
1492-3,6,24,mesta,23,35,1,88,46,0,0,0,5,22,0,0,0,0,,0,0
1492-3,6,25,mesta,23,35,1,87,43,0,0,0,5,22,0,0,0,0,1,3,0
1492-3,6,26,mesta,23,35,1,94,45,0,0,0,5,22,0,0,0,0,,0,0
1492-3,6,27,mesta,23,35,1,101,42,0,0,0,5,22,0,0,0,0,,0,0
1492-3,6,28,mesta,23,35,1,108,39,0,0,0,5,22,0,0,0,0,,0,0
1492-3,6,29,mesta,23,35,1,115,37,0,0,0,6,23,0,0,0,0,,0,0
1492-3,6,30,mesta,23,35,1,125,35,0,0,0,6,26,0,0,0,0,,0,0
1492-3,6,31,mesta,23,35,1,85,33,0,0,0,6,26,0,0,0,0,1,12,0
1492-3,6,32,mesta,23,35,1,90,32,0,1,0,6,26,0,0,0,0,,0,0
1492-3,6,33,mesta,23,35,1,100,32,0,0,0,6,26,0,0,0,0,,0,0
1492-3,6,34,mesta,23,35,1,110,30,0,0,0,6,26,0,0,0,0,,0,0
1492-3,6,35,mesta,23,36,1,120,35,0,0,0,13,33,0,0,0,0,,0,0
1492-3,6,36,mesta,23,37,1,130,39,0,0,0,13,33,0,0,0,0,,0,0
1492-3,6,37,mesta,23,38,1,198,46,0,0,0,16,36,0,0,0,0,1,15,0
1492-3,6,38,mesta,23,39,1,203,53,0,1,0,16,36,0,0,0,0,,0,0
1492-3,6,39,mesta,24,40,1,208,60,0,1,0,16,36,0,0,0,0,,0,0
1492-3,6,40,mesta,24,42,1,220,66,0,1,0,16,38,0,0,0,0,,0,0
1492-3,6,41,mesta,24,42,1,232,65,0,1,0,10,32,0,0,0,0,,0,0
1492-3,6,42,mesta,24,42,1,244,64,0,1,0,10,32,0,0,0,0,,0,0
1492-3,6,43,mesta,23,38,1,322,51,0,1,0,8,30,0,0,0,0,1,21,0
1492-3,6,44,mesta,23,38,1,277,51,0,1,0,8,28,0,0,0,0,,0,0
1492-3,6,45,mesta,23,38,1,232,50,0,0,0,8,28,0,1,0,0,,0,0
1492-3,6,46,mesta,23,38,1,223,50,0,0,0,8,28,0,0,0,0,,0,0
1492-3,6,47,mesta,23,38,1,233,47,0,0,0,5,25,0,0,0,0,,0,0
1492-3,6,48,mesta,23,38,1,240,42,0,0,0,5,22,0,0,0,0,,0,0
1492-3,6,49,mesta,23,38,1,375,24,0,0,0,5,22,0,0,0,0,1,20,0
1492-3,6,50,mesta,23,38,1,335,24,0,0,0,5,22,0,0,0,0,,0,0
1492-3,6,51,mesta,23,38,1,295,24,0,0,0,5,22,0,0,0,0,,0,0
1492-3,6,52,mesta,23,38,1,267,24,0,0,0,5,22,0,0,0,0,,0,0
1492-3,6,53,mesta,23,38,1,274,28,0,0,0,6,23,0,0,0,0,,0,0
1492-3,6,54,mesta,41,38,1,284,24,0,0,0,6,26,0,0,0,1,,0,0
1492-3,6,55,mesta,41,38,1,288,21,0,0,0,6,26,0,0,0,1,1,21,0
1492-3,6,56,mesta,41,38,1,215,19,0,2,0,6,26,0,0,0,1,,0,0
1492-3,6,57,mesta,41,38,1,167,17,0,3,0,6,26,0,0,0,1,,0,0
1492-3,6,58,mesta,41,38,1,177,15,1,3,0,6,26,0,0,0,1,,0,0
1492-3,6,59,mesta,41,38,1,187,19,1,2,0,13,33,0,0,0,1,,0,0
1492-3,6,60,mesta,41,38,1,197,23,1,1,0,13,33,0,0,0,1,,0,0
1492-3,6,61,mesta,41,38,1,339,27,1,0,0,13,33,0,0,0,1,1,19,0
1492-3,6,62,mesta,41,39,1,291,31,1,1,0,13,33,0,0,0,1,,0,0
1492-3,6,63,mesta,42,40,1,287,36,1,1,0,13,33,0,0,0,1,,0,0
1492-3,6,64,mesta,42,42,1,294,40,1,0,0,13,35,0,0,0,1,,0,0
1492-3,6,65,mesta,42,42,1,306,36,1,0,0,6,28,0,0,0,1,,0,0
1492-3,6,66,mesta,42,42,1,318,31,1,0,0,6,28,0,0,0,1,,0,0
1492-3,6,67,mesta,43,46,1,451,27,1,0,0,6,28,0,0,0,1,1,24,0
1492-3,6,68,mesta,43,46,1,416,26,1,0,0,6,28,0,0,0,1,,0,0
1492-3,6,69,mesta,43,46,1,381,25,1,0,0,6,28,0,0,0,1,,0,0
1492-3,6,70,mesta,43,46,1,346,24,1,0,0,6,28,0,0,0,1,,0,0
1492-3,6,71,mesta,43,46,1,311,22,1,0,0,5,27,0,0,0,1,,0,0
1492-3,6,72,mesta,43,46,1,299,20,1,0,0,5,23,0,0,0,1,,0,0
1492-3,6,73,mesta,43,46,1,395,18,1,0,0,5,23,0,0,0,1,1,22,0
1492-3,6,74,mesta,43,46,1,356,16,1,0,0,5,23,0,0,0,1,,0,0
1492-3,6,75,mesta,43,46,1,317,14,1,0,0,5,23,0,0,0,1,,0,0
1492-3,6,76,mesta,43,46,1,278,12,1,0,0,5,23,0,0,0,1,,0,0
1492-3,6,77,mesta,43,46,1,239,11,1,0,0,6,24,0,0,0,1,,0,0
1492-3,6,78,mesta,43,46,1,251,10,1,0,0,6,28,0,0,0,1,,0,0
1492-3,6,79,mesta,43,46,1,327,5,1,0,0,6,28,0,0,0,1,1,20,0
1492-3,6,80,mesta,43,46,1,256,1,1,2,0,6,28,0,0,0,1,,0,0
1492-3,6,81,mesta,42,46,1,245,1,1,4,0,6,28,1,0,0,1,,0,0
1492-3,6,82,mesta,41,46,1,257,1,1,4,0,6,28,1,0,0,1,,0,0
1492-3,6,83,mesta,41,46,1,269,3,1,3,0,13,35,0,0,0,1,,0,0
1492-3,6,84,mesta,41,46,1,281,5,1,2,0,13,35,0,0,0,1,,0,0
1492-3,6,85,mesta,41,46,1,451,7,1,1,0,13,35,0,0,0,1,1,22,0
1492-3,6,86,mesta,41,46,1,416,13,1,0,0,13,35,0,0,0,1,,0,0
1492-3,6,87,mesta,41,46,1,381,19,1,0,0,13,35,0,0,0,1,,0,0
1492-3,6,88,mesta,41,46,1,346,25,1,0,0,13,35,0,0,0,1,,0,0
1492-3,6,89,mesta,41,46,1,329,26,1,0,0,8,30,0,0,0,1,,0,0
1492-3,6,90,mesta,41,46,1,341,27,1,0,0,8,30,0,0,0,1,,0,0
1492-3,6,91,mesta,41,46,1,450,24,1,0,0,8,30,0,0,0,1,1,24,0
1492-3,6,92,mesta,41,46,1,415,25,1,0,0,8,30,0,0,0,1,,0,0
1492-3,6,93,mesta,41,46,1,380,26,1,0,0,8,30,0,0,0,1,,0,0
1492-3,6,94,mesta,41,46,1,345,27,1,0,0,8,30,0,0,0,1,,0,0
1492-3,6,95,mesta,41,46,1,310,25,1,0,0,5,27,0,0,0,1,,0,0
1492-3,6,96,mesta,41,46,1,280,23,1,0,0,5,23,0,0,0,1,,0,0
1492-3,6,97,mesta,41,46,1,380,21,1,0,0,5,23,0,0,0,1,1,22,0
1492-3,6,98,mesta,41,46,1,341,19,1,0,0,5,23,0,0,0,1,,0,0
1492-3,6,99,mesta,41,46,1,302,17,1,0,0,5,23,0,0,0,1,,0,0
1492-3,6,100,mesta,41,46,1,263,15,1,0,0,5,23,0,0,0,1,,0,0
1492-3,6,101,mesta,41,46,1,242,14,1,0,0,6,24,0,0,0,1,,0,0
1492-3,6,102,mesta,41,46,1,254,13,1,0,0,6,28,0,0,0,1,,0,0
1492-3,6,103,mesta,41,46,1,331,8,1,0,0,6,28,0,0,0,1,1,21,0
1492-3,6,104,mesta,41,46,1,260,4,1,2,0,6,28,0,0,0,1,,0,0
1492-3,6,105,mesta,40,46,1,249,1,1,4,0,6,28,1,0,0,1,,0,0
1492-3,6,106,mesta,39,46,1,256,1,1,4,0,6,28,1,0,0,1,,0,0
1492-3,6,107,mesta,39,46,1,268,4,1,3,0,13,35,0,0,0,1,,0,0
1492-3,6,108,mesta,39,46,1,280,6,1,2,0,13,35,0,0,0,1,,0,0
1492-3,6,109,mesta,39,46,1,450,8,1,1,0,13,35,0,0,0,1,1,22,0
1492-3,6,110,mesta,39,46,1,415,14,1,0,0,13,35,0,0,0,1,,0,0
1492-3,6,111,mesta,39,46,1,380,20,1,0,0,13,35,0,0,0,1,,0,0
1492-3,6,112,mesta,39,46,1,345,26,1,0,0,13,35,0,0,0,1,,0,0
1492-3,6,113,mesta,39,46,1,328,27,1,0,0,8,30,0,0,0,1,,0,0
1492-3,6,114,mesta,39,46,1,340,28,1,0,0,8,30,0,0,0,1,,0,0
1492-3,6,115,mesta,39,46,1,452,24,1,0,0,8,30,0,0,0,1,1,24,0
1492-3,6,116,mesta,39,46,1,417,25,1,0,0,8,30,0,0,0,1,,0,0
1492-3,6,117,mesta,39,46,1,382,26,1,0,0,8,30,0,0,0,1,,0,0
1492-3,6,118,mesta,39,46,1,347,27,1,0,0,8,30,0,0,0,1,,0,0
1492-3,6,119,mesta,39,46,1,312,25,1,0,0,5,27,0,0,0,1,,0,0
1492-3,6,120,mesta,39,46,1,282,23,1,0,0,5,23,0,0,0,1,,0,0
1492-3,6,121,mesta,39,46,1,377,21,1,0,0,5,23,0,0,0,1,1,23,0
1492-3,6,122,mesta,39,46,1,338,19,1,0,0,5,23,0,0,0,1,,0,0
1492-3,6,123,mesta,39,46,1,299,17,1,0,0,5,23,0,0,0,1,,0,0
1492-3,6,124,mesta,39,46,1,260,15,1,0,0,5,23,0,0,0,1,,0,0
1492-3,6,125,mesta,39,46,1,239,14,1,0,0,6,24,0,0,0,1,,0,0
1492-3,6,126,mesta,39,46,1,246,13,1,0,0,6,28,0,0,0,1,,0,0
1492-3,6,127,mesta,39,46,1,316,9,1,0,0,6,28,0,0,0,1,1,21,0
1492-3,6,128,mesta,39,46,1,245,5,1,2,0,6,28,0,0,0,1,,0,0
1492-3,6,129,mesta,39,46,1,243,1,1,4,0,6,28,0,0,0,1,,0,0
1492-3,6,130,mesta,38,46,1,250,1,1,4,0,6,28,1,0,0,1,,0,0
1492-3,6,131,mesta,38,46,1,262,4,1,3,0,13,35,0,0,0,1,,0,0
1492-3,6,132,mesta,38,46,1,274,6,1,2,0,13,35,0,0,0,1,,0,0
1492-3,6,133,mesta,38,46,1,445,8,1,1,0,13,35,0,0,0,1,1,22,0
1492-3,6,134,mesta,38,46,1,410,14,1,0,0,13,35,0,0,0,1,,0,0
1492-3,6,135,mesta,38,46,1,375,20,1,0,0,13,35,0,0,0,1,,0,0
1492-3,6,136,mesta,38,46,1,340,26,1,0,0,13,35,0,0,0,1,,0,0
1492-3,6,137,mesta,38,46,1,332,27,1,0,0,8,30,0,0,0,1,,0,0
1492-3,6,138,mesta,38,46,1,339,28,1,0,0,8,30,0,0,0,1,,0,0
1492-3,6,139,mesta,38,46,1,444,25,1,0,0,8,30,0,0,0,1,1,24,0
1492-3,6,140,mesta,38,46,1,409,26,1,0,0,8,30,0,0,0,1,,0,0
1492-3,6,141,mesta,38,46,1,374,27,1,0,0,8,30,0,0,0,1,,0,0
1492-3,6,142,mesta,38,46,1,339,28,1,0,0,8,30,0,0,0,1,,0,0
1492-3,6,143,mesta,38,46,1,304,26,1,0,0,5,27,0,0,0,1,,0,0
1492-3,6,144,mesta,38,46,1,274,24,1,0,0,5,23,0,0,0,1,,0,0
1492-3,6,145,mesta,38,46,1,377,22,1,0,0,5,23,0,0,0,1,1,22,0
1492-3,6,146,mesta,38,46,1,338,20,1,0,0,5,23,0,0,0,1,,0,0
1492-3,6,147,mesta,38,46,1,299,18,1,0,0,5,23,0,0,0,1,,0,0
1492-3,6,148,mesta,38,46,1,260,16,1,0,0,5,23,0,0,0,1,,0,0
1492-3,6,149,mesta,38,46,1,248,15,1,0,0,6,24,0,0,0,1,,0,0
1492-3,6,150,mesta,38,46,1,255,14,1,0,0,6,28,0,0,0,1,,0,0
1492-3,6,151,mesta,38,46,1,331,10,1,0,0,6,28,0,0,0,1,1,22,0
1492-3,6,152,mesta,38,46,1,260,6,1,2,0,6,28,0,0,0,1,,0,0
1492-3,6,153,mesta,38,46,1,249,2,1,3,0,6,28,0,0,0,1,,0,0
1492-3,6,154,mesta,37,46,1,256,1,1,3,0,6,28,1,0,0,1,,0,0
1492-3,6,155,mesta,37,46,1,268,4,1,2,0,13,35,0,0,0,1,,0,0
1492-3,6,156,mesta,37,46,1,280,6,1,1,0,13,35,0,0,0,1,,0,0
1492-3,6,157,mesta,37,46,1,439,8,1,0,0,13,35,0,0,0,1,1,25,0
1492-3,6,158,mesta,37,46,1,393,11,1,1,0,13,35,0,0,0,1,,0,0
1492-3,6,159,mesta,37,46,1,347,14,1,1,0,13,35,0,0,0,1,,0,0
1492-3,6,160,mesta,37,46,1,327,17,1,1,0,13,35,0,0,0,1,,0,0
1492-3,6,161,mesta,37,46,1,325,15,1,0,0,8,30,0,0,0,1,,0,0
1492-3,6,162,mesta,37,46,1,337,13,1,0,0,8,30,0,0,0,1,,0,0
1492-3,6,163,mesta,37,46,1,490,10,1,0,0,8,30,0,0,0,1,1,24,0
1492-3,6,164,mesta,37,46,1,455,11,1,0,0,8,30,0,0,0,1,,0,0
1492-3,6,165,mesta,37,46,1,420,12,1,0,0,8,30,0,0,0,1,,0,0
1492-3,6,166,mesta,37,46,1,385,13,1,0,0,8,30,0,0,0,1,,0,0
1492-3,6,167,mesta,37,46,1,350,11,1,0,0,5,27,0,0,0,1,,0,0
1492-3,6,168,mesta,37,46,1,320,9,1,0,0,5,23,0,0,0,1,,0,0
1492-3,6,169,mesta,37,46,1,347,7,1,0,0,5,23,0,0,0,1,1,19,0
1492-3,6,170,mesta,36,46,1,320,7,1,0,0,5,23,1,0,0,1,,0,0
1492-3,6,171,mesta,35,46,1,293,7,1,0,0,5,23,1,0,0,1,,0,0
1492-3,6,172,mesta,34,45,1,266,7,1,0,0,5,23,1,0,0,1,,0,0
1492-3,6,173,mesta,34,45,1,239,7,1,0,0,6,24,0,0,0,1,,0,0
1492-3,6,174,mesta,34,45,1,216,7,1,0,0,6,28,0,0,0,1,,0,0
1492-3,6,175,mesta,34,45,1,271,7,1,0,0,6,28,0,0,0,1,1,20,0
1492-3,6,176,mesta,34,45,1,225,1,1,2,0,6,28,0,0,0,1,,0,0
1492-3,6,177,mesta,33,45,1,223,1,1,3,0,6,28,1,0,0,1,,0,0
1492-3,6,178,mesta,32,45,1,235,1,1,3,0,6,28,1,0,0,1,,0,0
1492-3,6,179,mesta,32,45,1,247,1,1,2,0,13,35,0,0,0,1,,0,0
1492-3,6,180,mesta,32,45,1,259,1,1,1,0,13,35,0,0,0,1,,0,0
1492-3,6,181,mesta,32,45,1,416,1,1,0,0,13,35,0,0,0,1,1,23,0
1492-3,6,182,mesta,32,45,1,370,2,1,1,0,13,35,0,0,0,1,,0,0
1492-3,6,183,mesta,32,45,1,324,3,1,1,0,13,35,0,0,0,1,,0,0
1492-3,6,184,mesta,32,45,1,309,4,1,1,0,13,35,0,0,0,1,,0,0
1492-3,6,185,mesta,31,45,1,321,1,1,1,0,8,30,1,0,0,1,,0,0
1492-3,6,186,mesta,30,45,1,333,0,1,1,0,8,30,1,0,0,1,,0,0
1492-3,6,187,mesta,28,44,1,493,0,1,1,0,8,30,1,0,0,1,1,24,0
1492-3,6,188,mesta,27,43,1,458,4,1,1,0,8,30,1,0,0,1,,0,0
1492-3,6,189,mesta,27,43,1,423,4,1,1,0,8,30,0,0,0,1,,0,0
1492-3,6,190,mesta,27,43,1,388,4,1,1,0,8,30,0,0,0,1,,0,0
1492-3,6,191,mesta,26,43,1,351,4,1,1,0,5,27,1,0,0,1,,0,0
1492-3,6,192,mesta,25,43,1,318,4,1,1,0,5,23,1,0,0,1,,0,0
1492-3,6,193,mesta,24,42,1,417,4,1,1,0,5,23,1,0,0,1,1,23,0
1492-3,6,194,mesta,23,41,1,378,4,1,1,0,5,23,1,0,0,1,,0,0
1492-3,6,195,mesta,22,40,1,339,4,1,1,0,5,23,1,0,0,1,,0,0
1492-3,6,196,mesta,20,39,1,298,4,1,1,0,5,23,1,0,0,1,,0,0
1492-3,6,197,mesta,19,38,1,258,4,1,1,0,6,23,1,0,0,1,,0,0
1492-3,6,198,mesta,18,37,1,248,4,1,1,0,6,26,1,0,0,1,,0,0
1492-3,6,199,mesta,17,36,1,344,4,1,1,0,6,25,1,0,0,1,1,23,0
1492-3,6,200,mesta,16,35,1,296,1,1,2,0,6,25,1,0,0,1,,0,0
1492-3,6,1,monjes,39,116,1,30,56,0,0,0,18,42,0,0,0,0,1,5,0
1492-3,6,2,monjes,39,116,1,37,40,0,0,0,18,29,0,0,0,0,,0,0
1492-3,6,3,monjes,39,116,1,44,24,0,0,0,18,29,0,1,0,0,,0,0
1492-3,6,4,monjes,39,116,1,51,20,0,0,0,27,38,0,0,0,0,,0,0
1492-3,6,5,monjes,39,116,1,58,24,0,0,0,36,47,0,1,0,0,,0,0
1492-3,6,6,monjes,39,116,1,84,30,0,0,0,36,66,0,0,0,0,,0,0
1492-3,6,7,monjes,39,116,1,88,36,0,0,0,36,66,0,0,0,0,1,5,0
1492-3,6,8,monjes,39,116,1,114,38,0,0,0,28,58,0,0,0,0,,0,0
1492-3,6,9,monjes,39,116,1,140,36,0,0,0,28,58,0,0,0,0,,0,0
1492-3,6,10,monjes,39,116,1,166,34,0,0,0,28,58,0,0,0,0,,0,0
1492-3,6,11,monjes,39,116,1,192,74,0,0,0,72,102,0,0,0,0,,0,0
1492-3,6,12,monjes,39,116,1,218,113,0,0,0,72,102,0,0,0,0,,0,0
1492-3,6,13,monjes,53,112,1,146,141,0,0,0,72,102,0,0,0,1,1,13,0
1492-3,6,14,monjes,53,112,1,105,182,0,2,0,72,95,0,0,0,1,,0,0
1492-3,6,15,monjes,53,112,1,115,221,0,3,0,72,95,0,0,0,1,,0,0
1492-3,6,16,monjes,53,112,1,135,258,0,3,0,72,95,0,0,0,1,,0,0
1492-3,6,17,monjes,53,112,1,155,260,0,3,0,40,63,0,0,0,1,,0,0
1492-3,6,18,monjes,53,112,1,175,262,0,3,0,40,63,0,0,0,1,,0,0
1492-3,6,19,monjes,52,108,1,173,245,0,3,0,40,63,0,0,0,1,1,26,0
1492-3,6,20,monjes,70,108,1,141,245,0,3,0,40,62,0,0,0,2,,0,0
1492-3,6,21,monjes,70,108,1,152,239,0,3,0,40,62,0,0,0,2,,0,0
1492-3,6,22,monjes,70,108,1,171,226,0,3,0,40,62,0,0,0,2,,0,0
1492-3,6,23,monjes,78,108,1,190,207,0,3,0,27,49,0,0,0,2,,0,0
1492-3,6,24,monjes,78,108,1,202,189,0,3,0,27,42,0,0,0,2,,0,0
1492-3,6,25,monjes,77,104,1,240,160,0,3,0,27,42,0,0,0,2,1,11,0
1492-3,6,26,monjes,77,104,1,187,155,0,3,0,27,42,0,0,0,2,,0,0
1492-3,6,27,monjes,77,104,1,199,150,0,3,0,27,42,0,0,0,2,,0,0
1492-3,6,28,monjes,77,104,1,211,145,0,3,0,27,42,0,0,0,2,,0,0
1492-3,6,29,monjes,77,104,1,223,149,0,3,0,36,51,0,0,0,2,,0,0
1492-3,6,30,monjes,77,104,1,242,153,0,3,0,36,58,0,0,0,2,,0,0
1492-3,6,31,monjes,77,104,1,259,150,0,3,0,36,58,0,0,0,2,1,26,0
1492-3,6,32,monjes,85,104,1,239,157,0,3,0,36,58,0,0,0,2,,0,0
1492-3,6,33,monjes,85,104,1,219,164,0,3,0,36,58,0,0,0,2,,0,0
1492-3,6,34,monjes,85,104,1,199,160,0,3,0,36,58,0,0,0,2,,0,0
1492-3,6,35,monjes,85,104,1,193,201,0,3,0,72,94,0,0,0,2,,0,0
1492-3,6,36,monjes,85,104,1,212,241,0,3,0,72,94,0,0,0,2,,0,0
1492-3,6,37,monjes,93,104,1,212,263,0,1,0,72,94,0,0,0,2,1,20,0
1492-3,6,38,monjes,93,104,1,161,294,0,1,0,72,94,0,0,0,2,,0,0
1492-3,6,39,monjes,93,104,1,170,318,0,1,0,72,94,0,0,0,2,,0,0
1492-3,6,40,monjes,93,104,1,189,340,0,1,0,72,94,0,0,0,2,,0,0
1492-3,6,41,monjes,93,104,1,208,335,0,1,0,45,67,0,0,0,2,,0,0
1492-3,6,42,monjes,93,104,1,227,334,0,1,0,45,67,0,0,0,2,,0,0
1492-3,6,43,monjes,93,103,1,312,335,0,1,0,45,67,0,0,0,2,1,24,0
1492-3,6,44,monjes,93,103,1,261,338,0,1,0,45,67,0,0,0,2,,0,0
1492-3,6,45,monjes,172,109,2,260,336,0,1,0,45,67,0,0,0,3,,0,0
1492-3,6,46,monjes,173,110,2,275,330,0,1,0,45,67,0,0,0,3,,0,0
1492-3,6,47,monjes,173,111,2,290,307,0,1,0,27,49,0,0,0,3,,0,0
1492-3,6,48,monjes,173,111,2,298,285,0,1,0,27,42,0,0,0,3,,0,0
1492-3,6,49,monjes,171,103,2,338,244,0,1,0,27,42,0,0,0,3,1,26,0
1492-3,6,50,monjes,171,103,2,275,232,0,1,0,27,41,0,0,0,3,,0,0
1492-3,6,51,monjes,261,110,3,212,220,0,1,0,27,41,0,1,0,4,,0,0
1492-3,6,52,monjes,261,112,3,194,208,0,1,0,32,46,0,0,0,4,,0,0
1492-3,6,53,monjes,261,114,3,196,206,0,1,0,45,59,0,0,0,4,,0,0
1492-3,6,54,monjes,262,116,3,204,206,0,1,0,46,66,0,0,0,4,,0,0
1492-3,6,55,monjes,261,113,3,282,190,0,0,0,48,68,0,0,0,4,1,23,0
1492-3,6,56,monjes,262,115,3,220,208,0,1,0,60,80,0,1,0,4,,0,0
1492-3,6,57,monjes,270,117,3,204,240,0,2,0,69,90,0,0,0,4,,0,0
1492-3,6,58,monjes,270,119,3,213,268,0,2,0,70,91,0,1,0,4,,0,0
1492-3,6,59,monjes,280,127,4,222,357,0,2,0,132,154,0,0,0,4,,0,0
1492-3,6,60,monjes,281,130,4,225,440,0,2,0,134,157,0,1,0,4,,0,0
1492-3,6,61,monjes,281,133,4,171,480,0,2,0,135,159,0,0,0,4,1,20,0
1492-3,6,62,monjes,282,136,4,105,556,0,2,0,137,161,0,1,0,4,,0,0
1492-3,6,63,monjes,298,175,5,89,643,0,2,0,156,180,0,0,0,4,,0,0
1492-3,6,64,monjes,298,179,5,91,720,0,2,0,160,191,0,0,0,4,,0,0
1492-3,6,65,monjes,299,183,5,83,717,0,2,0,81,113,0,0,0,4,,0,0
1492-3,6,66,monjes,300,187,5,85,711,0,2,0,81,113,0,1,0,4,,0,0
1492-3,6,67,monjes,300,186,5,154,647,0,2,0,80,117,0,0,0,4,1,32,0
1492-3,6,68,monjes,301,191,5,158,639,0,2,0,77,111,0,1,0,4,,0,0
1492-3,6,69,monjes,329,253,6,153,635,0,2,0,79,113,0,0,0,4,,0,0
1492-3,6,70,monjes,331,261,6,162,612,0,2,0,79,123,0,1,0,4,,0,0
1492-3,6,71,monjes,331,261,6,159,572,0,2,0,59,113,0,0,0,4,,0,0
1492-3,6,72,monjes,331,261,6,150,532,0,2,0,59,107,0,0,0,4,,0,0
1492-3,6,73,monjes,331,261,6,180,469,0,2,0,50,98,0,1,0,4,1,36,0
1492-3,6,74,monjes,339,261,6,164,424,0,2,0,56,100,0,1,0,4,,0,0
1492-3,6,75,monjes,339,261,6,168,391,0,2,0,62,105,0,2,0,4,,0,0
1492-3,6,76,monjes,340,266,6,172,355,0,2,0,69,115,0,0,0,4,,0,0
1492-3,6,77,monjes,341,271,6,164,362,0,2,0,100,147,0,1,0,4,,0,0
1492-3,6,78,monjes,350,276,6,176,369,0,2,0,101,156,0,1,0,4,,0,0
1492-3,6,79,monjes,351,281,6,271,393,0,2,0,112,167,0,0,0,4,1,19,0
1492-3,6,80,monjes,352,289,6,240,419,0,2,0,114,169,0,1,0,4,,0,0
1492-3,6,81,monjes,354,297,6,229,442,0,2,0,116,172,0,1,0,4,,0,0
1492-3,6,82,monjes,356,305,6,236,461,0,2,0,116,174,0,0,0,4,,0,0
1492-3,6,83,monjes,357,311,6,239,559,0,2,0,207,266,0,1,0,4,,0,0
1492-3,6,84,monjes,358,317,6,256,652,0,2,0,209,270,0,1,0,4,,0,0
1492-3,6,85,monjes,359,323,6,313,752,0,0,0,226,288,0,0,0,4,1,30,0
1492-3,6,86,monjes,360,329,6,262,861,0,0,0,227,291,0,0,0,4,,0,0
1492-3,6,87,monjes,362,339,6,233,961,0,0,0,229,295,0,1,0,4,,0,0
1492-3,6,88,monjes,364,349,6,254,1053,0,0,0,230,297,0,0,0,4,,0,0
1492-3,6,89,monjes,374,359,6,275,1064,0,0,0,152,219,0,0,0,4,,0,0
1492-3,6,90,monjes,376,369,6,297,1072,0,0,0,152,220,0,0,0,4,,0,0
1492-3,6,91,monjes,379,381,6,394,1081,0,0,0,152,221,0,0,0,4,1,20,0
1492-3,6,92,monjes,381,392,6,348,1083,0,0,0,152,222,0,0,0,4,,0,0
1492-3,6,93,monjes,391,404,6,304,1089,0,0,0,152,224,0,0,0,4,,0,0
1492-3,6,94,monjes,403,423,7,314,1087,0,0,0,152,228,0,0,0,4,,0,0
1492-3,6,95,monjes,403,423,7,341,1020,0,0,0,90,169,0,0,0,4,,0,0
1492-3,6,96,monjes,403,423,7,362,955,0,0,0,90,163,0,0,0,4,,0,0
1492-3,6,97,monjes,402,419,7,413,902,0,0,0,102,175,0,0,0,4,1,28,0
1492-3,6,98,monjes,402,419,7,356,854,0,0,0,102,167,0,0,0,4,,0,0
1492-3,6,99,monjes,402,419,7,299,806,0,0,0,102,167,0,4,0,4,,0,0
1492-3,6,100,monjes,403,423,7,232,772,0,0,0,107,172,0,1,0,4,,0,0
1492-3,6,101,monjes,406,437,7,225,762,0,0,0,137,202,0,0,0,4,,0,0
1492-3,6,102,monjes,409,452,7,246,747,0,0,0,139,212,0,2,0,4,,0,0
1492-3,6,103,monjes,413,472,7,321,719,0,0,0,134,212,0,0,0,4,1,22,0
1492-3,6,104,monjes,416,488,7,256,701,0,2,0,135,216,0,1,0,4,,0,0
1492-3,6,105,monjes,420,506,7,284,677,0,4,0,136,218,0,0,0,4,,0,0
1492-3,6,106,monjes,423,524,7,313,649,0,4,0,137,220,0,1,0,4,,0,0
1492-3,6,107,monjes,426,536,7,345,722,0,4,0,244,330,0,0,0,4,,0,0
1492-3,6,108,monjes,428,548,7,378,790,0,4,0,245,332,0,0,0,4,,0,0
1492-3,6,109,monjes,429,553,7,504,843,0,2,0,246,338,0,0,0,4,1,28,0
1492-3,6,110,monjes,432,567,7,498,911,0,2,0,242,333,0,0,0,4,,0,0
1492-3,6,111,monjes,435,581,7,493,974,0,2,0,243,335,0,0,0,4,,0,0
1492-3,6,112,monjes,447,603,8,491,1032,0,2,0,244,339,0,0,0,4,,0,0
1492-3,6,113,monjes,450,619,8,484,1034,0,2,0,194,290,0,0,0,4,,0,0
1492-3,6,114,monjes,453,630,8,480,1033,0,2,0,195,295,0,0,0,4,,0,0
1492-3,6,115,monjes,455,641,8,553,1006,0,2,0,196,296,0,0,0,4,1,32,0
1492-3,6,116,monjes,457,652,8,523,997,0,2,0,197,298,0,1,0,4,,0,0
1492-3,6,117,monjes,467,664,8,485,1003,0,2,0,213,316,0,0,0,4,,0,0
1492-3,6,118,monjes,470,676,8,457,1005,0,2,0,214,317,0,1,0,4,,0,0
1492-3,6,119,monjes,470,676,8,434,914,0,2,0,119,229,0,0,0,4,,0,0
1492-3,6,120,monjes,470,676,8,405,825,0,2,0,119,223,0,0,0,4,,0,0
1492-3,6,121,monjes,470,676,8,518,689,0,2,0,119,223,0,1,0,4,1,31,0
1492-3,6,122,monjes,470,676,8,501,613,0,2,0,119,223,0,0,0,4,,0,0
1492-3,6,123,monjes,493,711,9,499,538,0,2,0,119,223,0,1,0,4,,0,0
1492-3,6,124,monjes,493,711,9,491,460,0,2,0,119,228,0,1,0,4,,0,0
1492-3,6,125,monjes,493,711,9,483,418,0,2,0,151,259,0,0,0,4,,0,0
1492-3,6,126,monjes,493,711,9,481,378,0,2,0,151,265,0,0,0,4,,0,0
1492-3,6,127,monjes,493,711,9,588,329,0,2,0,151,265,0,0,0,4,1,34,0
1492-3,6,128,monjes,493,711,9,587,287,0,2,0,151,263,0,1,0,4,,0,0
1492-3,6,129,monjes,501,711,9,576,260,0,2,0,159,271,0,0,0,4,,0,0
1492-3,6,130,monjes,501,711,9,575,232,0,2,0,159,271,0,1,0,4,,0,0
1492-3,6,131,monjes,504,726,9,574,324,0,2,0,281,399,0,0,0,4,,0,0
1492-3,6,132,monjes,507,741,9,573,409,0,2,0,283,402,0,1,0,4,,0,0
1492-3,6,133,monjes,510,757,9,674,480,0,1,0,285,407,0,0,0,4,1,39,0
1492-3,6,134,monjes,521,773,9,676,555,0,1,0,288,411,0,1,0,4,,0,0
1492-3,6,135,monjes,524,789,9,680,633,0,1,0,296,421,0,0,0,4,,0,0
1492-3,6,136,monjes,528,807,9,688,706,0,1,0,298,427,0,0,0,4,,0,0
1492-3,6,137,monjes,528,807,9,696,679,0,1,0,201,330,0,0,0,4,,0,0
1492-3,6,138,monjes,528,807,9,704,644,0,1,0,201,330,0,0,0,4,,0,0
1492-3,6,139,monjes,528,807,9,766,620,0,1,0,201,330,0,0,0,4,1,30,0
1492-3,6,140,monjes,536,807,9,774,587,0,1,0,201,330,0,5,0,4,,0,0
1492-3,6,141,monjes,539,823,9,770,618,0,1,0,256,384,0,0,0,4,,0,0
1492-3,6,142,monjes,542,836,9,782,643,0,1,0,257,390,0,1,0,4,,0,0
1492-3,6,143,monjes,542,836,9,795,573,0,1,0,173,306,0,0,0,4,,0,0
1492-3,6,144,monjes,550,836,9,802,517,0,1,0,173,300,0,0,0,4,,0,0
1492-3,6,145,monjes,550,836,9,867,463,0,1,0,173,300,0,0,0,4,1,25,0
1492-3,6,146,monjes,550,836,9,874,411,0,1,0,173,300,0,0,0,4,,0,0
1492-3,6,147,monjes,550,836,9,881,361,0,1,0,173,300,0,0,0,4,,0,0
1492-3,6,148,monjes,550,836,9,888,313,0,1,0,173,300,0,0,0,4,,0,0
1492-3,6,149,monjes,552,848,9,895,312,0,1,0,219,346,0,0,0,4,,0,0
1492-3,6,150,monjes,553,853,9,910,309,0,1,0,220,355,0,0,0,4,,0,0
1492-3,6,151,monjes,554,857,9,969,306,0,1,0,223,361,0,0,0,4,1,32,0
1492-3,6,152,monjes,554,857,9,970,276,0,2,0,199,338,0,0,0,4,,0,0
1492-3,6,153,monjes,554,857,9,971,247,0,3,0,199,338,0,0,0,4,,0,0
1492-3,6,154,monjes,554,857,9,972,219,0,4,0,199,338,0,0,0,4,,0,0
1492-3,6,155,monjes,555,861,9,973,348,0,5,0,361,500,0,0,0,4,,0,0
1492-3,6,156,monjes,556,865,9,974,475,0,6,0,365,504,0,0,0,4,,0,0
1492-3,6,157,monjes,556,869,9,1016,588,0,6,0,366,505,0,0,0,4,1,30,0
1492-3,6,158,monjes,565,873,9,1050,712,0,6,0,368,507,0,0,0,4,,0,0
1492-3,6,159,monjes,566,878,9,1085,831,0,6,0,369,509,0,0,0,4,,0,0
1492-3,6,160,monjes,567,883,9,1120,945,0,6,0,370,510,0,0,0,4,,0,0
1492-3,6,161,monjes,568,888,9,1159,934,0,6,0,245,385,0,0,0,4,,0,0
1492-3,6,162,monjes,569,893,9,1199,912,0,6,0,247,388,0,0,0,4,,0,0
1492-3,6,163,monjes,570,898,9,1252,902,0,6,0,248,390,0,0,0,4,1,25,0
1492-3,6,164,monjes,571,904,9,1275,889,0,6,0,249,393,0,0,0,4,,0,0
1492-3,6,165,monjes,581,910,9,1293,875,0,6,0,249,393,0,0,0,4,,0,0
1492-3,6,166,monjes,582,917,9,1314,862,0,6,0,250,397,0,0,0,4,,0,0
1492-3,6,167,monjes,582,917,9,1337,766,0,6,0,165,312,0,0,0,4,,0,0
1492-3,6,168,monjes,582,917,9,1354,673,0,6,0,165,306,0,0,0,4,,0,0
1492-3,6,169,monjes,582,917,9,1453,546,0,6,0,165,306,0,0,0,4,1,27,0
1492-3,6,170,monjes,582,917,9,1470,462,0,6,0,165,306,0,0,0,4,,0,0
1492-3,6,171,monjes,601,972,10,1487,382,0,6,0,165,306,0,0,0,4,,0,0
1492-3,6,172,monjes,601,972,10,1499,291,0,6,0,165,315,0,0,0,4,,0,0
1492-3,6,173,monjes,601,972,10,1508,252,0,0,0,210,360,0,0,0,4,,0,0
1492-3,6,174,monjes,601,972,10,1524,210,0,0,0,210,366,0,0,0,4,,0,0
1492-3,6,175,monjes,602,976,10,1539,168,0,0,0,210,366,0,0,0,4,1,34,0
1492-3,6,176,monjes,602,976,10,1514,120,0,2,0,210,363,0,2,0,4,,0,0
1492-3,6,177,monjes,602,976,10,1479,100,0,4,0,229,382,0,0,0,4,,0,0
1492-3,6,178,monjes,602,976,10,1448,86,0,4,0,229,382,0,0,0,4,,0,0
1492-3,6,179,monjes,603,982,10,1412,245,0,6,0,411,564,0,0,0,4,,0,0
1492-3,6,180,monjes,604,987,10,1378,399,0,8,0,413,567,0,0,0,4,,0,0
1492-3,6,181,monjes,605,991,10,1549,505,0,10,0,414,569,0,0,0,4,1,25,0
1492-3,6,182,monjes,605,994,10,1568,647,0,10,0,416,572,0,0,0,4,,0,0
1492-3,6,183,monjes,624,1049,11,1587,783,0,10,0,417,573,0,0,0,4,,0,0
1492-3,6,184,monjes,626,1055,11,1602,902,0,10,0,419,586,0,0,0,4,,0,0
1492-3,6,185,monjes,627,1061,11,1621,880,0,10,0,278,445,0,0,0,4,,0,0
1492-3,6,186,monjes,628,1068,11,1636,857,0,10,0,278,446,0,0,0,4,,0,0
1492-3,6,187,monjes,629,1074,11,1670,823,0,10,0,278,446,0,0,0,4,1,33,0
1492-3,6,188,monjes,630,1079,11,1693,795,0,10,0,278,444,0,2,0,4,,0,0
1492-3,6,189,monjes,631,1084,11,1713,788,0,10,0,295,462,0,0,0,4,,0,0
1492-3,6,190,monjes,632,1089,11,1734,779,0,10,0,295,463,0,0,0,4,,0,0
1492-3,6,191,monjes,632,1089,11,1757,675,0,10,0,197,365,0,0,0,4,,0,0
1492-3,6,192,monjes,632,1089,11,1774,576,0,10,0,197,359,0,0,0,4,,0,0
1492-3,6,193,monjes,632,1089,11,1849,479,0,0,0,197,359,0,0,0,4,1,30,0
1492-3,6,194,monjes,792,1089,11,1865,381,0,0,0,197,359,0,1,1,5,,0,0
1492-3,6,195,monjes,792,1089,11,1884,291,0,0,0,197,359,0,0,0,5,,0,0
1492-3,6,196,monjes,800,1089,11,1893,209,0,0,0,197,359,0,0,0,5,,0,0
1492-3,6,197,monjes,800,1089,11,1912,178,0,0,0,249,411,0,0,0,5,,0,0
1492-3,6,198,monjes,800,1089,11,1937,148,0,0,0,249,417,0,1,0,5,,0,0
1492-3,6,199,monjes,800,1089,11,1968,124,0,0,0,249,421,0,0,0,5,1,25,0
1492-3,6,200,monjes,800,1089,11,1941,101,0,2,0,249,421,0,0,0,5,,0,0
1492-3,6,1,salineros,29,66,1,5,70,0,13,0,17,38,0,0,0,0,1,6,0
1492-3,6,2,salineros,29,66,1,7,67,0,16,0,17,30,0,0,0,0,,0,0
1492-3,6,3,salineros,29,66,1,9,64,0,19,0,17,30,0,0,0,0,,0,0
1492-3,6,4,salineros,29,66,1,11,61,0,22,0,17,30,0,0,0,0,,0,0
1492-3,6,5,salineros,29,66,1,13,60,0,25,0,19,32,0,2,0,0,,0,0
1492-3,6,6,salineros,29,66,1,29,63,0,36,0,19,54,0,0,0,0,,0,0
1492-3,6,7,salineros,28,62,1,25,56,0,36,0,19,53,0,0,0,0,1,6,0
1492-3,6,8,salineros,28,62,1,41,60,0,36,0,19,53,0,0,0,0,,0,0
1492-3,6,9,salineros,28,62,1,57,64,0,46,0,19,53,0,0,0,0,,0,0
1492-3,6,10,salineros,43,62,1,73,68,0,55,0,19,52,0,0,0,1,,0,0
1492-3,6,11,salineros,43,62,1,89,78,0,64,0,25,58,0,0,0,1,,0,0
1492-3,6,12,salineros,43,62,1,105,88,0,73,0,25,58,0,0,0,1,,0,0
1492-3,6,13,salineros,43,60,1,287,80,0,76,0,25,57,0,0,0,1,1,26,0
1492-3,6,14,salineros,61,60,1,298,94,0,75,0,25,57,0,0,0,2,,0,0
1492-3,6,15,salineros,61,60,1,314,105,0,72,0,25,57,0,0,0,2,,0,0
1492-3,6,16,salineros,61,60,1,330,107,0,67,0,25,57,0,0,0,2,,0,0
1492-3,6,17,salineros,69,60,1,346,112,0,63,0,20,51,0,0,0,2,,0,0
1492-3,6,18,salineros,69,60,1,362,117,0,59,0,20,51,0,0,0,2,,0,0
1492-3,6,19,salineros,68,58,1,925,112,0,62,0,20,51,0,0,0,2,1,19,0
1492-3,6,20,salineros,69,60,1,888,118,0,64,0,20,48,0,0,0,2,,0,0
1492-3,6,21,salineros,69,60,1,853,123,0,66,0,20,50,0,0,0,2,,0,0
1492-3,6,22,salineros,69,60,1,818,128,0,68,0,20,50,0,0,0,2,,0,0
1492-3,6,23,salineros,69,60,1,783,130,0,69,0,17,46,0,0,0,2,,0,0
1492-3,6,24,salineros,69,60,1,749,132,0,69,0,17,40,0,0,0,2,,0,0
1492-3,6,25,salineros,69,60,1,1022,127,0,70,0,17,40,0,0,0,2,1,28,0
1492-3,6,26,salineros,77,60,1,981,129,0,71,0,17,40,0,0,0,2,,0,0
1492-3,6,27,salineros,77,60,1,940,131,0,71,0,17,39,0,0,0,2,,0,0
1492-3,6,28,salineros,77,60,1,899,126,0,71,0,17,39,0,0,0,2,,0,0
1492-3,6,29,salineros,85,60,1,858,130,0,71,0,19,41,0,0,0,2,,0,0
1492-3,6,30,salineros,85,60,1,823,134,0,70,0,19,46,0,0,0,2,,0,0
1492-3,6,31,salineros,85,60,1,1097,138,0,69,0,19,46,0,0,0,2,1,18,0
1492-3,6,32,salineros,85,60,1,1062,142,0,68,0,19,46,0,0,0,2,,0,0
1492-3,6,33,salineros,85,60,1,1027,146,0,66,0,19,45,0,0,0,2,,0,0
1492-3,6,34,salineros,85,60,1,992,150,0,64,0,19,45,0,0,0,2,,0,0
1492-3,6,35,salineros,85,60,1,957,160,0,61,0,25,51,0,0,0,2,,0,0
1492-3,6,36,salineros,85,60,1,922,170,0,58,0,25,51,0,0,0,2,,0,0
1492-3,6,37,salineros,85,60,1,1218,166,0,54,0,25,51,0,0,0,2,1,34,0
1492-3,6,38,salineros,85,60,1,1205,173,0,51,0,25,51,0,0,0,2,,0,0
1492-3,6,39,salineros,93,60,1,1192,180,0,48,0,25,51,0,0,0,2,,0,0
1492-3,6,40,salineros,93,60,1,1179,187,0,45,0,25,51,0,0,0,2,,0,0
1492-3,6,41,salineros,93,60,1,1166,190,0,42,0,21,47,0,0,0,2,,0,0
1492-3,6,42,salineros,93,60,1,1153,193,0,39,0,21,47,0,0,0,2,,0,0
1492-3,6,43,salineros,93,60,1,1453,196,0,36,0,21,47,0,0,0,2,1,24,0
1492-3,6,44,salineros,93,60,1,1440,188,0,32,0,21,47,0,0,0,2,,0,0
1492-3,6,45,salineros,93,60,1,1427,191,0,29,0,21,47,0,0,0,2,,0,0
1492-3,6,46,salineros,101,60,1,1414,194,0,26,0,21,47,0,0,0,2,,0,0
1492-3,6,47,salineros,101,60,1,1401,193,0,23,0,17,43,0,0,0,2,,0,0
1492-3,6,48,salineros,101,60,1,1382,192,0,20,0,17,37,0,0,0,2,,0,0
1492-3,6,49,salineros,101,60,1,1666,191,0,17,0,17,37,0,0,0,2,1,19,0
1492-3,6,50,salineros,101,60,1,1625,190,0,17,0,17,37,0,0,0,2,,0,0
1492-3,6,51,salineros,101,60,1,1584,189,0,17,0,17,37,0,0,0,2,,0,0
1492-3,6,52,salineros,101,60,1,1543,188,0,17,0,17,37,0,0,0,2,,0,0
1492-3,6,53,salineros,101,60,1,1502,189,0,17,0,19,39,0,0,0,2,,0,0
1492-3,6,54,salineros,101,60,1,1467,190,0,17,0,19,45,0,0,0,2,,0,0
1492-3,6,55,salineros,101,64,1,1613,192,0,17,0,19,45,0,0,0,2,1,19,0
1492-3,6,56,salineros,101,64,1,1578,192,0,17,0,19,45,0,0,0,2,,0,0
1492-3,6,57,salineros,101,64,1,1543,192,0,17,0,19,45,0,0,0,2,,0,0
1492-3,6,58,salineros,101,64,1,1508,192,0,17,0,19,45,0,0,0,2,,0,0
1492-3,6,59,salineros,101,64,1,1473,198,0,16,0,25,51,0,0,0,2,,0,0
1492-3,6,60,salineros,101,64,1,1438,204,0,15,0,25,51,0,0,0,2,,0,0
1492-3,6,61,salineros,101,60,1,1513,200,0,14,0,25,51,0,0,0,2,1,19,0
1492-3,6,62,salineros,101,60,1,1466,207,0,13,0,25,51,0,0,0,2,,0,0
1492-3,6,63,salineros,101,63,1,1419,212,0,12,0,25,51,0,1,0,2,,0,0
1492-3,6,64,salineros,102,66,1,1372,219,0,11,0,25,51,0,0,0,2,,0,0
1492-3,6,65,salineros,102,69,1,1325,219,0,10,0,19,45,0,0,0,2,,0,0
1492-3,6,66,salineros,103,72,1,1278,218,0,9,0,19,45,0,0,0,2,,0,0
1492-3,6,67,salineros,104,75,1,1390,203,0,8,0,19,47,0,0,0,2,1,28,0
1492-3,6,68,salineros,104,78,1,1345,201,0,7,0,19,47,0,0,0,2,,0,0
1492-3,6,69,salineros,112,78,1,1300,198,0,6,0,19,47,0,0,0,2,,0,0
1492-3,6,70,salineros,112,78,1,1255,195,0,6,0,19,47,0,0,0,2,,0,0
1492-3,6,71,salineros,112,78,1,1210,190,0,6,0,17,45,0,0,0,2,,0,0
1492-3,6,72,salineros,112,78,1,1158,185,0,6,0,17,38,0,0,0,2,,0,0
1492-3,6,73,salineros,112,78,1,1272,180,0,6,0,17,38,0,0,0,2,1,18,0
1492-3,6,74,salineros,112,78,1,1220,164,0,6,0,17,38,0,0,0,2,,0,0
1492-3,6,75,salineros,112,78,1,1168,159,0,6,0,17,38,0,0,0,2,,0,0
1492-3,6,76,salineros,120,78,1,1116,154,0,6,0,17,38,0,0,0,2,,0,0
1492-3,6,77,salineros,120,78,1,1064,151,0,6,0,19,40,0,0,0,2,,0,0
1492-3,6,78,salineros,120,78,1,1019,148,0,6,0,19,47,0,0,0,2,,0,0
1492-3,6,79,salineros,120,78,1,993,148,0,7,0,19,47,0,0,0,2,1,2,0
1492-3,6,80,salineros,120,78,1,1011,146,0,8,0,19,47,0,0,0,2,,0,0
1492-3,6,81,salineros,120,78,1,1029,144,0,9,0,19,47,0,0,0,2,,0,0
1492-3,6,82,salineros,120,78,1,1047,142,0,10,0,19,47,0,0,0,2,,0,0
1492-3,6,83,salineros,121,81,1,1065,146,0,11,0,25,53,0,0,0,2,,0,0
1492-3,6,84,salineros,122,85,1,1085,149,0,12,0,25,55,0,0,0,2,,0,0
1492-3,6,85,salineros,123,90,1,1043,151,0,12,0,25,55,0,0,0,2,1,13,0
1492-3,6,86,salineros,123,90,1,987,152,0,12,0,25,57,0,0,0,2,,0,0
1492-3,6,87,salineros,123,90,1,930,153,0,12,0,25,57,0,0,0,2,,0,0
1492-3,6,88,salineros,123,90,1,873,154,0,12,0,25,57,0,0,0,2,,0,0
1492-3,6,89,salineros,123,90,1,817,151,0,12,0,21,53,0,0,0,2,,0,0
1492-3,6,90,salineros,123,90,1,760,148,0,13,0,21,53,0,0,0,2,,0,0
1492-3,6,91,salineros,122,86,1,817,135,0,14,0,21,53,0,0,0,2,1,19,0
1492-3,6,92,salineros,122,86,1,770,135,0,15,0,21,51,0,0,0,2,,0,0
1492-3,6,93,salineros,122,86,1,723,135,0,16,0,21,51,0,0,0,2,,0,0
1492-3,6,94,salineros,122,86,1,676,135,0,17,0,21,51,0,0,0,2,,0,0
1492-3,6,95,salineros,122,86,1,629,131,0,18,0,17,47,0,0,0,2,,0,0
1492-3,6,96,salineros,122,86,1,574,127,0,19,0,17,39,0,0,0,2,,0,0
1492-3,6,97,salineros,122,86,1,662,110,0,17,0,17,39,0,0,0,2,1,29,0
1492-3,6,98,salineros,122,86,1,620,108,0,18,0,17,39,0,0,0,2,,0,0
1492-3,6,99,salineros,130,86,1,578,109,0,19,0,17,39,0,0,0,2,,0,0
1492-3,6,100,salineros,130,86,1,536,110,0,20,0,17,39,0,0,0,2,,0,0
1492-3,6,101,salineros,130,86,1,494,113,0,21,0,19,41,0,0,0,2,,0,0
1492-3,6,102,salineros,130,86,1,460,116,0,22,0,19,49,0,0,0,2,,0,0
1492-3,6,103,salineros,130,86,1,575,119,0,20,0,19,49,0,0,0,2,1,20,0
1492-3,6,104,salineros,130,86,1,555,119,0,18,0,19,49,0,0,0,2,,0,0
1492-3,6,105,salineros,130,86,1,521,119,0,19,0,19,49,0,0,0,2,,0,0
1492-3,6,106,salineros,130,86,1,487,113,0,20,0,19,49,0,0,0,2,,0,0
1492-3,6,107,salineros,131,90,1,453,122,0,21,0,25,55,0,0,0,2,,0,0
1492-3,6,108,salineros,131,90,1,421,130,0,22,0,25,57,0,0,0,2,,0,0
1492-3,6,109,salineros,131,90,1,563,138,0,20,0,25,57,0,0,0,2,1,20,0
1492-3,6,110,salineros,131,90,1,545,143,0,18,0,25,57,0,0,0,2,,0,0
1492-3,6,111,salineros,131,90,1,513,148,0,19,0,25,57,0,0,0,2,,0,0
1492-3,6,112,salineros,139,90,1,481,156,0,20,0,25,57,0,0,0,2,,0,0
1492-3,6,113,salineros,139,90,1,449,161,0,20,0,22,54,0,0,0,2,,0,0
1492-3,6,114,salineros,139,90,1,417,166,0,20,0,22,54,0,0,0,2,,0,0
1492-3,6,115,salineros,139,90,1,567,168,0,17,0,22,54,0,0,0,2,1,18,0
1492-3,6,116,salineros,139,90,1,538,163,0,17,0,22,54,0,0,0,2,,0,0
1492-3,6,117,salineros,139,90,1,509,158,0,17,0,22,54,0,0,0,2,,0,0
1492-3,6,118,salineros,139,90,1,480,153,0,17,0,22,54,0,0,0,2,,0,0
1492-3,6,119,salineros,139,90,1,451,143,0,18,0,17,49,0,0,0,2,,0,0
1492-3,6,120,salineros,139,90,1,392,136,0,19,0,17,40,0,0,0,2,,0,0
1492-3,6,121,salineros,139,94,1,549,129,0,17,0,17,40,0,0,0,2,1,20,0
1492-3,6,122,salineros,139,94,1,508,125,0,18,0,17,40,0,0,0,2,,0,0
1492-3,6,123,salineros,139,94,1,467,124,0,19,0,17,40,0,0,0,2,,0,0
1492-3,6,124,salineros,139,94,1,426,123,0,20,0,17,40,0,0,0,2,,0,0
1492-3,6,125,salineros,139,94,1,385,124,0,21,0,19,42,0,0,0,2,,0,0
1492-3,6,126,salineros,139,94,1,353,125,0,22,0,19,51,0,0,0,2,,0,0
1492-3,6,127,salineros,139,90,1,444,116,0,20,0,19,51,0,0,0,2,1,21,0
1492-3,6,128,salineros,139,90,1,426,115,0,18,0,19,51,0,0,0,2,,0,0
1492-3,6,129,salineros,139,90,1,394,114,0,19,0,19,51,0,0,0,2,,0,0
1492-3,6,130,salineros,139,90,1,362,116,0,20,0,19,51,0,0,0,2,,0,0
1492-3,6,131,salineros,139,90,1,330,124,0,21,0,25,57,0,0,0,2,,0,0
1492-3,6,132,salineros,139,90,1,305,132,0,22,0,25,57,0,0,0,2,,0,0
1492-3,6,133,salineros,139,90,1,441,129,0,18,0,25,57,0,0,0,2,1,28,0
1492-3,6,134,salineros,139,90,1,423,134,0,16,0,25,57,0,0,0,2,,0,0
1492-3,6,135,salineros,139,90,1,391,139,0,17,0,25,57,0,0,0,2,,0,0
1492-3,6,136,salineros,139,90,1,359,147,0,18,0,25,57,0,0,0,2,,0,0
1492-3,6,137,salineros,139,90,1,327,151,0,19,0,21,53,0,0,0,2,,0,0
1492-3,6,138,salineros,147,90,1,349,155,0,20,0,21,53,0,0,0,2,,0,0
1492-3,6,139,salineros,147,90,1,483,149,0,17,0,21,53,0,0,0,2,1,13,0
1492-3,6,140,salineros,147,90,1,433,146,0,18,0,21,53,0,0,0,2,,0,0
1492-3,6,141,salineros,147,90,1,383,143,0,19,0,21,53,0,0,0,2,,0,0
1492-3,6,142,salineros,147,90,1,333,140,0,20,0,21,53,0,0,0,2,,0,0
1492-3,6,143,salineros,147,90,1,311,133,0,21,0,17,49,0,0,0,2,,0,0
1492-3,6,144,salineros,147,90,1,324,126,0,22,0,17,40,0,0,0,2,,0,0
1492-3,6,145,salineros,147,90,1,428,119,0,20,0,17,40,0,0,0,2,1,19,0
1492-3,6,146,salineros,147,90,1,392,108,0,18,0,17,40,0,0,0,2,,0,0
1492-3,6,147,salineros,147,90,1,342,105,0,19,0,17,40,0,0,0,2,,0,0
1492-3,6,148,salineros,147,90,1,291,105,0,21,0,17,40,0,0,0,2,,0,0
1492-3,6,149,salineros,147,90,1,247,107,0,23,0,19,42,0,0,0,2,,0,0
1492-3,6,150,salineros,147,90,1,258,109,0,24,0,19,51,0,0,0,2,,0,0
1492-3,6,151,salineros,147,90,1,385,105,0,22,0,19,51,0,0,0,2,1,19,0
1492-3,6,152,salineros,155,90,1,367,104,0,22,0,19,52,0,0,0,2,,0,0
1492-3,6,153,salineros,155,90,1,349,103,0,22,0,19,52,0,0,0,2,,0,0
1492-3,6,154,salineros,155,90,1,317,102,0,25,0,19,52,0,0,0,2,,0,0
1492-3,6,155,salineros,155,90,1,316,110,0,27,0,25,58,0,0,0,2,,0,0
1492-3,6,156,salineros,155,90,1,338,116,0,29,0,25,58,0,0,0,2,,0,0
1492-3,6,157,salineros,155,90,1,486,117,0,28,0,25,58,0,0,0,2,1,22,0
1492-3,6,158,salineros,155,90,1,468,122,0,27,0,25,58,0,0,0,2,,0,0
1492-3,6,159,salineros,155,90,1,450,127,0,26,0,25,58,0,0,0,2,,0,0
1492-3,6,160,salineros,155,90,1,432,132,0,25,0,25,58,0,0,0,2,,0,0
1492-3,6,161,salineros,155,90,1,400,133,0,27,0,21,54,0,0,0,2,,0,0
1492-3,6,162,salineros,155,90,1,368,137,0,29,0,21,54,0,0,0,2,,0,0
1492-3,6,163,salineros,155,94,1,573,141,0,28,0,21,54,0,0,0,2,1,23,0
1492-3,6,164,salineros,155,94,1,555,141,0,27,0,21,54,0,0,0,2,,0,0
1492-3,6,165,salineros,155,94,1,537,141,0,26,0,21,54,0,0,0,2,,0,0
1492-3,6,166,salineros,155,94,1,519,141,0,25,0,21,54,0,0,0,2,,0,0
1492-3,6,167,salineros,155,94,1,482,137,0,27,0,17,50,0,0,0,2,,0,0
1492-3,6,168,salineros,155,94,1,441,136,0,29,0,17,41,0,0,0,2,,0,0
1492-3,6,169,salineros,155,90,1,610,125,0,28,0,17,41,0,0,0,2,1,23,0
1492-3,6,170,salineros,155,90,1,574,122,0,27,0,17,41,0,0,0,2,,0,0
1492-3,6,171,salineros,155,90,1,537,119,0,26,0,17,41,0,0,0,2,,0,0
1492-3,6,172,salineros,155,90,1,501,116,0,25,0,17,41,0,0,0,2,,0,0
1492-3,6,173,salineros,155,90,1,448,115,0,27,0,19,43,0,0,0,2,,0,0
1492-3,6,174,salineros,155,90,1,405,117,0,29,0,19,52,0,0,0,2,,0,0
1492-3,6,175,salineros,155,90,1,605,106,0,28,0,19,52,0,0,0,2,1,27,0
1492-3,6,176,salineros,155,90,1,587,105,0,27,0,19,52,0,0,0,2,,0,0
1492-3,6,177,salineros,155,90,1,569,104,0,27,0,19,52,0,0,0,2,,0,0
1492-3,6,178,salineros,155,90,1,551,103,0,27,0,19,52,0,0,0,2,,0,0
1492-3,6,179,salineros,163,90,1,519,108,0,29,0,25,58,0,0,0,2,,0,0
1492-3,6,180,salineros,163,90,1,487,116,0,31,0,25,58,0,0,0,2,,0,0
1492-3,6,181,salineros,163,90,1,681,124,0,30,0,25,58,0,0,0,2,1,23,0
1492-3,6,182,salineros,163,90,1,663,129,0,29,0,25,58,0,0,0,2,,0,0
1492-3,6,183,salineros,163,90,1,645,134,0,28,0,25,58,0,0,0,2,,0,0
1492-3,6,184,salineros,163,90,1,627,139,0,27,0,25,58,0,0,0,2,,0,0
1492-3,6,185,salineros,163,90,1,609,140,0,26,0,21,54,0,0,0,2,,0,0
1492-3,6,186,salineros,163,90,1,577,141,0,28,0,21,54,0,0,0,2,,0,0
1492-3,6,187,salineros,163,90,1,808,145,0,27,0,21,54,0,0,0,2,1,22,0
1492-3,6,188,salineros,163,90,1,778,146,0,26,0,21,54,0,0,0,2,,0,0
1492-3,6,189,salineros,163,90,1,749,147,0,25,0,21,54,0,0,0,2,,0,0
1492-3,6,190,salineros,163,90,1,719,148,0,24,0,21,54,0,0,0,2,,0,0
1492-3,6,191,salineros,163,90,1,678,145,0,26,0,17,50,0,0,0,2,,0,0
1492-3,6,192,salineros,163,90,1,627,145,0,28,0,17,41,0,0,0,2,,0,0
1492-3,6,193,salineros,163,94,1,829,145,0,27,0,17,41,0,0,0,2,1,23,0
1492-3,6,194,salineros,163,94,1,797,141,0,26,0,17,41,0,0,0,2,,0,0
1492-3,6,195,salineros,163,94,1,770,137,0,25,0,17,41,0,0,0,2,,0,0
1492-3,6,196,salineros,163,94,1,743,133,0,24,0,17,41,0,0,0,2,,0,0
1492-3,6,197,salineros,163,94,1,697,131,0,26,0,19,43,0,0,0,2,,0,0
1492-3,6,198,salineros,163,94,1,660,130,0,28,0,19,52,0,0,0,2,,0,0
1492-3,6,199,salineros,163,90,1,847,119,0,27,0,19,52,0,0,0,2,1,23,0
1492-3,6,200,salineros,163,90,1,829,118,0,26,0,19,52,0,0,0,2,,0,0
