semilla,cadencia,turno,casa,prestigio,poblacion,comarcas,maravedis,pan,lana,sal,hierro,produccion_pan,produccion_total,escasez,obras_terminadas,obras_mayores,hitos,decidio,ordenes_propuestas,sin_ordenes
1492,1,1,arrieros,34,56,1,36,69,0,0,0,12,24,0,0,0,0,1,4,0
1492,1,2,arrieros,33,52,1,25,57,0,0,0,12,17,0,0,0,0,1,2,0
1492,1,3,arrieros,32,48,1,14,26,0,0,0,12,17,0,0,0,0,1,4,0
1492,1,4,arrieros,32,48,1,14,24,0,0,0,12,16,0,0,0,0,1,0,1
1492,1,5,arrieros,32,48,1,14,25,0,0,0,16,20,0,1,0,0,1,0,1
1492,1,6,arrieros,45,48,1,26,28,0,0,0,16,32,0,0,0,1,1,3,0
1492,1,7,arrieros,46,50,1,57,31,0,0,0,16,32,0,0,0,1,1,3,0
1492,1,8,arrieros,46,52,1,71,34,0,0,0,16,34,0,0,0,1,1,0,1
1492,1,9,arrieros,46,50,1,62,30,0,0,0,16,34,0,0,0,1,1,3,0
1492,1,10,arrieros,46,50,1,83,26,0,0,0,16,34,0,0,0,1,1,1,0
1492,1,11,arrieros,46,52,1,74,45,0,0,0,32,50,0,0,0,1,1,3,0
1492,1,12,arrieros,46,50,1,71,43,0,0,0,32,50,0,0,0,1,1,6,0
1492,1,13,arrieros,48,48,1,72,56,0,0,0,32,50,0,0,0,1,1,3,0
1492,1,14,arrieros,49,50,1,79,74,0,0,0,32,48,0,0,0,1,1,4,0
1492,1,15,arrieros,49,52,1,82,92,0,0,0,32,50,0,0,0,1,1,3,0
1492,1,16,arrieros,64,54,1,79,109,0,0,0,32,50,0,0,0,2,1,2,0
1492,1,17,arrieros,65,56,1,83,115,0,0,0,23,41,0,0,0,2,1,2,0
1492,1,18,arrieros,65,58,1,70,99,0,0,0,23,41,0,0,0,2,1,5,0
1492,1,19,arrieros,66,60,1,84,102,0,0,0,23,41,0,1,0,2,1,5,0
1492,1,20,arrieros,66,60,1,82,94,0,0,0,23,49,0,0,0,2,1,5,0
1492,1,21,arrieros,66,60,1,87,98,0,0,0,23,49,0,0,0,2,1,2,0
1492,1,22,arrieros,66,60,1,85,102,0,0,0,23,49,0,0,0,2,1,2,0
1492,1,23,arrieros,69,60,1,84,96,0,0,0,12,38,0,0,0,2,1,3,0
1492,1,24,arrieros,69,60,1,113,88,0,0,0,12,32,0,0,0,2,1,7,0
1492,1,25,arrieros,69,60,1,80,82,0,0,0,12,32,0,1,0,2,1,3,0
1492,1,26,arrieros,69,60,1,94,81,0,0,0,12,32,0,0,0,2,1,4,0
1492,1,27,arrieros,69,60,1,106,77,0,0,0,12,32,0,0,0,2,1,4,0
1492,1,28,arrieros,69,60,1,109,75,0,0,0,12,32,0,0,0,2,1,4,0
1492,1,29,arrieros,69,60,1,108,82,0,0,0,20,40,0,0,0,2,1,4,0
1492,1,30,arrieros,69,60,1,117,89,0,0,0,20,46,0,0,0,2,1,5,0
1492,1,31,arrieros,69,63,1,65,82,0,0,0,20,46,0,1,0,2,1,7,0
1492,1,32,arrieros,70,66,1,98,90,0,0,0,20,46,0,0,0,2,1,1,0
1492,1,33,arrieros,73,69,1,76,91,0,0,0,20,46,0,0,0,2,1,3,0
1492,1,34,arrieros,74,72,1,89,95,0,0,0,20,46,0,0,0,2,1,4,0
1492,1,35,arrieros,75,75,1,91,106,0,0,0,32,60,0,0,0,2,1,4,0
1492,1,36,arrieros,75,78,1,109,119,0,0,0,32,60,0,0,0,2,1,4,0
1492,1,37,arrieros,76,81,1,114,121,0,0,0,22,50,0,0,0,2,1,4,0
1492,1,38,arrieros,77,85,1,121,124,0,0,0,22,52,0,0,0,2,1,6,0
1492,1,39,arrieros,77,89,1,117,126,0,0,0,22,52,0,0,0,2,1,4,0
1492,1,40,arrieros,77,89,1,123,127,0,0,0,22,52,0,0,0,2,1,4,0
1492,1,41,arrieros,77,89,1,122,121,0,0,0,14,44,0,0,0,2,1,4,0
1492,1,42,arrieros,77,89,1,128,115,0,0,0,14,44,0,0,0,2,1,4,0
1492,1,43,arrieros,77,89,1,127,115,0,0,0,20,50,0,0,0,2,1,4,0
1492,1,44,arrieros,77,89,1,137,116,0,0,0,20,50,0,0,0,2,1,4,0
1492,1,45,arrieros,77,89,1,134,117,0,0,0,20,50,0,0,0,2,1,4,0
1492,1,46,arrieros,77,89,1,147,119,0,0,0,20,50,0,0,0,2,1,4,0
1492,1,47,arrieros,77,89,1,143,113,0,0,0,12,42,0,0,0,2,1,3,0
1492,1,48,arrieros,77,89,1,151,108,0,0,0,12,34,0,0,0,2,1,3,0
1492,1,49,arrieros,77,89,1,150,101,0,0,0,9,31,0,0,0,2,1,3,0
1492,1,50,arrieros,77,89,1,157,94,0,0,0,9,31,0,0,0,2,1,3,0
1492,1,51,arrieros,77,89,1,155,87,0,0,0,9,31,0,0,0,2,1,3,0
1492,1,52,arrieros,77,89,1,164,81,0,0,0,9,31,0,0,0,2,1,3,0
1492,1,53,arrieros,77,89,1,161,81,0,0,0,16,38,0,0,0,2,1,3,0
1492,1,54,arrieros,77,89,1,176,81,0,0,0,16,46,0,0,0,2,1,3,0
1492,1,55,arrieros,77,89,1,178,81,0,0,0,16,46,0,0,0,2,1,3,0
1492,1,56,arrieros,77,89,1,191,81,0,0,0,16,46,0,0,0,2,1,3,0
1492,1,57,arrieros,77,89,1,203,81,0,0,0,16,46,0,0,0,2,1,3,0
1492,1,58,arrieros,77,89,1,216,81,0,0,0,16,46,0,0,0,2,1,3,0
1492,1,59,arrieros,77,89,1,228,97,0,0,0,32,62,0,0,0,2,1,3,0
1492,1,60,arrieros,77,89,1,238,112,0,0,0,32,62,0,0,0,2,1,3,0
1492,1,61,arrieros,77,89,1,253,127,0,0,0,32,62,0,0,0,2,1,3,0
1492,1,62,arrieros,77,89,1,267,141,0,0,0,32,62,0,0,0,2,1,3,0
1492,1,63,arrieros,77,89,1,283,154,0,0,0,32,62,0,0,0,2,1,3,0
1492,1,64,arrieros,77,89,1,270,158,0,0,0,32,62,0,0,0,2,1,3,0
1492,1,65,arrieros,77,89,1,255,150,0,0,0,20,50,0,0,0,2,1,3,0
1492,1,66,arrieros,77,89,1,239,143,0,0,0,20,50,0,0,0,2,1,3,0
1492,1,67,arrieros,77,89,1,221,136,0,0,0,20,50,0,0,0,2,1,3,0
1492,1,68,arrieros,77,89,1,202,129,0,0,0,20,50,0,0,0,2,1,3,0
1492,1,69,arrieros,77,89,1,215,131,0,0,0,20,50,0,0,0,2,1,3,0
1492,1,70,arrieros,77,89,1,227,133,0,0,0,20,50,0,0,0,2,1,3,0
1492,1,71,arrieros,77,89,1,237,125,0,0,0,9,39,0,0,0,2,1,3,0
1492,1,72,arrieros,77,89,1,244,117,0,0,0,9,31,0,0,0,2,1,3,0
1492,1,73,arrieros,77,89,1,253,112,0,0,0,12,34,0,0,0,2,1,3,0
1492,1,74,arrieros,77,89,1,261,107,0,0,0,12,34,0,0,0,2,1,3,0
1492,1,75,arrieros,77,89,1,267,103,0,0,0,12,34,0,0,0,2,1,3,0
1492,1,76,arrieros,77,89,1,272,99,0,0,0,12,34,0,0,0,2,1,3,0
1492,1,77,arrieros,77,89,1,275,99,0,0,0,16,38,0,0,0,2,1,3,0
1492,1,78,arrieros,77,89,1,291,99,0,0,0,16,46,0,0,0,2,1,3,0
1492,1,79,arrieros,77,89,1,306,99,0,0,0,16,46,0,0,0,2,1,3,0
1492,1,80,arrieros,77,89,1,320,99,0,0,0,16,46,0,0,0,2,1,3,0
1492,1,81,arrieros,77,89,1,332,99,0,0,0,16,46,0,0,0,2,1,3,0
1492,1,82,arrieros,77,89,1,343,99,0,0,0,16,46,0,0,0,2,1,3,0
1492,1,83,arrieros,77,89,1,358,114,0,0,0,32,62,0,0,0,2,1,3,0
1492,1,84,arrieros,77,89,1,375,129,0,0,0,32,62,0,0,0,2,1,3,0
1492,1,85,arrieros,77,89,1,391,143,0,0,0,32,62,0,0,0,2,1,3,0
1492,1,86,arrieros,77,89,1,405,156,0,0,0,32,62,0,0,0,2,1,3,0
1492,1,87,arrieros,77,89,1,392,160,0,0,0,32,62,0,0,0,2,1,3,0
1492,1,88,arrieros,77,89,1,377,164,0,0,0,32,62,0,0,0,2,1,3,0
1492,1,89,arrieros,77,89,1,361,156,0,0,0,20,50,0,0,0,2,1,3,0
1492,1,90,arrieros,77,89,1,344,148,0,0,0,20,50,0,0,0,2,1,3,0
1492,1,91,arrieros,77,89,1,326,141,0,0,0,20,50,0,0,0,2,1,3,0
1492,1,92,arrieros,77,89,1,306,134,0,0,0,20,50,0,0,0,2,1,3,0
1492,1,93,arrieros,77,89,1,294,127,0,0,0,20,50,0,0,0,2,1,3,0
1492,1,94,arrieros,77,89,1,306,129,0,0,0,20,50,0,0,0,2,1,3,0
1492,1,95,arrieros,77,89,1,320,124,0,0,0,12,42,0,0,0,2,1,3,0
1492,1,96,arrieros,77,89,1,325,119,0,0,0,12,34,0,0,0,2,1,3,0
1492,1,97,arrieros,77,89,1,334,114,0,0,0,12,34,0,0,0,2,1,3,0
1492,1,98,arrieros,77,89,1,342,109,0,0,0,12,34,0,0,0,2,1,3,0
1492,1,99,arrieros,77,89,1,348,105,0,0,0,12,34,0,0,0,2,1,3,0
1492,1,100,arrieros,77,89,1,353,101,0,0,0,12,34,0,0,0,2,1,3,0
1492,1,101,arrieros,77,89,1,357,101,0,0,0,16,38,0,0,0,2,1,3,0
1492,1,102,arrieros,77,89,1,368,101,0,0,0,16,46,0,0,0,2,1,3,0
1492,1,103,arrieros,77,89,1,382,101,0,0,0,16,46,0,0,0,2,1,3,0
1492,1,104,arrieros,77,89,1,395,101,0,0,0,16,46,0,0,0,2,1,3,0
1492,1,105,arrieros,77,89,1,410,101,0,0,0,16,46,0,0,0,2,1,3,0
1492,1,106,arrieros,77,89,1,425,101,0,0,0,16,46,0,0,0,2,1,3,0
1492,1,107,arrieros,77,89,1,438,116,0,0,0,32,62,0,0,0,2,1,3,0
1492,1,108,arrieros,77,89,1,455,130,0,0,0,32,62,0,0,0,2,1,3,0
1492,1,109,arrieros,77,89,1,470,144,0,0,0,32,62,0,0,0,2,1,3,0
1492,1,110,arrieros,77,89,1,484,157,0,0,0,32,62,0,0,0,2,1,3,0
1492,1,111,arrieros,77,89,1,470,161,0,0,0,32,62,0,0,0,2,1,3,0
1492,1,112,arrieros,77,89,1,455,165,0,0,0,32,62,0,0,0,2,1,3,0
1492,1,113,arrieros,77,89,1,438,157,0,0,0,20,50,0,0,0,2,1,3,0
1492,1,114,arrieros,77,89,1,420,149,0,0,0,20,50,0,0,0,2,1,3,0
1492,1,115,arrieros,77,89,1,401,142,0,0,0,20,50,0,0,0,2,1,3,0
1492,1,116,arrieros,77,89,1,384,135,0,0,0,20,50,0,0,0,2,1,3,0
1492,1,117,arrieros,77,89,1,375,128,0,0,0,20,50,0,0,0,2,1,3,0
1492,1,118,arrieros,77,89,1,389,130,0,0,0,20,50,0,0,0,2,1,3,0
1492,1,119,arrieros,77,89,1,402,125,0,0,0,12,42,0,0,0,2,1,3,0
1492,1,120,arrieros,77,89,1,406,120,0,0,0,12,34,0,0,0,2,1,3,0
1492,1,121,arrieros,77,89,1,414,115,0,0,0,12,34,0,0,0,2,1,3,0
1492,1,122,arrieros,77,89,1,421,110,0,0,0,12,34,0,0,0,2,1,3,0
1492,1,123,arrieros,77,89,1,427,105,0,0,0,12,34,0,0,0,2,1,3,0
1492,1,124,arrieros,77,89,1,431,101,0,0,0,12,34,0,0,0,2,1,3,0
1492,1,125,arrieros,77,89,1,434,101,0,0,0,16,38,0,0,0,2,1,3,0
1492,1,126,arrieros,77,89,1,444,101,0,0,0,16,46,0,0,0,2,1,3,0
1492,1,127,arrieros,77,89,1,462,101,0,0,0,16,46,0,0,0,2,1,3,0
1492,1,128,arrieros,77,89,1,479,101,0,0,0,16,46,0,0,0,2,1,3,0
1492,1,129,arrieros,77,89,1,494,101,0,0,0,16,46,0,0,0,2,1,3,0
1492,1,130,arrieros,77,89,1,508,101,0,0,0,16,46,0,0,0,2,1,3,0
1492,1,131,arrieros,77,89,1,520,116,0,0,0,32,62,0,0,0,2,1,3,0
1492,1,132,arrieros,77,89,1,531,130,0,0,0,32,62,0,0,0,2,1,3,0
1492,1,133,arrieros,77,89,1,547,144,0,0,0,32,62,0,0,0,2,1,3,0
1492,1,134,arrieros,77,89,1,561,157,0,0,0,32,62,0,0,0,2,1,3,0
1492,1,135,arrieros,77,89,1,546,161,0,0,0,32,62,0,0,0,2,1,3,0
1492,1,136,arrieros,77,89,1,530,165,0,0,0,32,62,0,0,0,2,1,3,0
1492,1,137,arrieros,77,89,1,516,157,0,0,0,20,50,0,0,0,2,1,3,0
1492,1,138,arrieros,77,89,1,501,149,0,0,0,20,50,0,0,0,2,1,3,0
1492,1,139,arrieros,77,89,1,484,142,0,0,0,20,50,0,0,0,2,1,3,0
1492,1,140,arrieros,77,89,1,466,135,0,0,0,20,50,0,0,0,2,1,3,0
1492,1,141,arrieros,77,89,1,371,128,0,0,0,20,50,0,0,0,2,1,4,0
1492,1,142,arrieros,77,89,1,385,129,0,0,0,20,50,0,0,0,2,1,3,0
1492,1,143,arrieros,77,89,1,398,122,0,0,0,12,42,0,0,0,2,1,3,0
1492,1,144,arrieros,77,89,1,402,115,0,0,0,12,34,0,0,0,2,1,3,0
1492,1,145,arrieros,77,89,1,409,108,0,0,0,12,34,0,0,0,2,1,3,0
1492,1,146,arrieros,77,89,1,415,102,0,0,0,12,34,0,0,0,2,1,3,0
1492,1,147,arrieros,77,89,1,420,96,0,0,0,12,34,0,0,0,2,1,3,0
1492,1,148,arrieros,77,89,1,427,90,0,0,0,12,34,0,0,0,2,1,3,0
1492,1,149,arrieros,77,89,1,433,88,0,0,0,16,38,0,0,0,2,1,3,0
1492,1,150,arrieros,77,89,1,445,86,0,0,0,16,46,0,0,0,2,1,3,0
1492,1,151,arrieros,77,89,1,462,84,0,0,0,16,46,0,0,0,2,1,4,0
1492,1,152,arrieros,77,89,1,477,82,0,0,0,16,46,0,0,0,2,1,3,0
1492,1,153,arrieros,77,89,1,491,81,0,0,0,16,46,0,0,0,2,1,3,0
1492,1,154,arrieros,77,89,1,504,80,0,0,0,16,46,0,0,0,2,1,3,0
1492,1,155,arrieros,77,89,1,516,94,0,0,0,32,62,0,0,0,2,1,3,0
1492,1,156,arrieros,77,89,1,526,107,0,0,0,32,62,0,0,0,2,1,3,0
1492,1,157,arrieros,77,89,1,541,120,0,0,0,32,62,0,0,0,2,1,3,0
1492,1,158,arrieros,77,89,1,555,132,0,0,0,32,62,0,0,0,2,1,3,0
1492,1,159,arrieros,77,89,1,571,144,0,0,0,32,62,0,0,0,2,1,3,0
1492,1,160,arrieros,77,89,1,586,155,0,0,0,32,62,0,0,0,2,1,3,0
1492,1,161,arrieros,77,89,1,599,149,0,0,0,14,44,0,0,0,2,1,3,0
1492,1,162,arrieros,77,89,1,586,134,0,0,0,14,44,0,0,0,2,1,3,0
1492,1,163,arrieros,77,89,1,601,129,0,0,0,14,44,0,0,0,2,1,3,0
1492,1,164,arrieros,77,89,1,615,124,0,0,0,14,44,0,0,0,2,1,3,0
1492,1,165,arrieros,77,89,1,628,119,0,0,0,14,44,0,0,0,2,1,3,0
1492,1,166,arrieros,77,89,1,640,114,0,0,0,14,44,0,0,0,2,1,3,0
1492,1,167,arrieros,77,89,1,618,69,0,0,0,12,42,0,0,0,2,1,4,0
1492,1,168,arrieros,77,89,1,625,64,0,0,0,12,34,0,0,0,2,1,3,0
1492,1,169,arrieros,123,119,2,634,60,0,0,0,13,35,0,0,0,3,1,3,0
1492,1,170,arrieros,123,119,2,625,50,0,0,0,13,41,0,0,0,3,1,4,0
1492,1,171,arrieros,123,119,2,624,38,0,0,0,13,41,0,0,0,3,1,4,0
1492,1,172,arrieros,123,119,2,570,31,0,0,0,13,41,0,1,0,3,1,3,0
1492,1,173,arrieros,123,119,2,524,33,0,0,0,20,48,0,0,0,3,1,3,0
1492,1,174,arrieros,123,119,2,484,35,0,0,0,20,56,0,0,0,3,1,3,0
1492,1,175,arrieros,123,119,2,477,35,0,0,0,20,56,0,0,0,3,1,3,0
1492,1,176,arrieros,123,119,2,483,33,0,0,0,20,56,0,0,0,3,1,3,0
1492,1,177,arrieros,123,119,2,488,31,0,0,0,20,56,0,0,0,3,1,3,0
1492,1,178,arrieros,123,119,2,497,29,0,0,0,20,56,0,0,0,3,1,3,0
1492,1,179,arrieros,124,120,2,505,47,0,0,0,41,77,0,0,0,3,1,3,0
1492,1,180,arrieros,124,121,2,511,63,0,0,0,41,77,0,0,0,3,1,3,0
1492,1,181,arrieros,124,122,2,516,79,0,0,0,41,77,0,0,0,3,1,3,0
1492,1,182,arrieros,124,123,2,520,85,0,0,0,41,77,0,0,0,3,1,9,0
1492,1,183,arrieros,124,124,2,526,100,0,0,0,41,77,0,0,0,3,1,3,0
1492,1,184,arrieros,125,125,2,537,113,0,0,0,41,77,0,0,0,3,1,3,0
1492,1,185,arrieros,125,125,2,546,111,0,0,0,26,62,0,0,0,3,1,3,0
1492,1,186,arrieros,125,125,2,554,109,0,0,0,26,62,0,0,0,3,1,3,0
1492,1,187,arrieros,128,125,2,560,107,0,0,0,26,62,0,0,0,3,1,3,0
1492,1,188,arrieros,128,125,2,565,105,0,0,0,26,62,0,0,0,3,1,7,0
1492,1,189,arrieros,128,125,2,569,104,0,0,0,26,62,0,0,0,3,1,3,0
1492,1,190,arrieros,128,125,2,578,103,0,0,0,26,62,0,0,0,3,1,3,0
1492,1,191,arrieros,128,125,2,584,92,0,0,0,16,52,0,0,0,3,1,3,0
1492,1,192,arrieros,128,125,2,582,81,0,0,0,16,44,0,0,0,3,1,3,0
1492,1,193,arrieros,128,125,2,579,70,0,0,0,15,43,0,0,0,3,1,3,0
1492,1,194,arrieros,128,125,2,578,59,0,0,0,15,43,0,0,0,3,1,3,0
1492,1,195,arrieros,128,125,2,581,49,0,0,0,15,43,0,0,0,3,1,3,0
1492,1,196,arrieros,128,125,2,582,39,0,0,0,15,43,0,0,0,3,1,3,0
1492,1,197,arrieros,128,125,2,582,34,0,0,0,20,48,0,0,0,3,1,3,0
1492,1,198,arrieros,128,125,2,588,30,0,0,0,20,56,0,0,0,3,1,3,0
1492,1,199,arrieros,128,125,2,593,26,0,0,0,20,56,0,0,0,3,1,3,0
1492,1,200,arrieros,128,125,2,597,22,0,0,0,20,56,0,0,0,3,1,3,0
1492,1,1,canteros,46,116,1,45,50,0,0,0,12,36,0,0,0,0,1,4,0
1492,1,2,canteros,46,116,1,32,30,0,0,0,12,23,0,0,0,0,1,1,0
1492,1,3,canteros,46,116,1,24,9,0,0,0,12,23,0,1,0,0,1,1,0
1492,1,4,canteros,45,116,1,31,0,0,0,0,12,29,1,1,0,0,1,0,1
1492,1,5,canteros,44,116,1,46,0,0,0,0,16,40,1,1,0,0,1,1,0
1492,1,6,canteros,42,113,1,72,0,0,0,0,16,57,1,0,0,0,1,0,1
1492,1,7,canteros,41,110,1,86,0,0,0,0,16,57,1,0,0,0,1,3,0
1492,1,8,canteros,39,107,1,89,1,0,0,0,16,57,1,0,0,0,1,3,0
1492,1,9,canteros,37,104,1,94,2,0,0,0,16,54,1,0,0,0,1,3,0
1492,1,10,canteros,36,101,1,94,3,0,0,0,14,51,1,0,0,0,1,3,0
1492,1,11,canteros,36,101,1,99,9,0,0,0,28,64,0,0,0,0,1,3,0
1492,1,12,canteros,36,101,1,99,15,0,0,0,28,64,0,0,0,0,1,3,0
1492,1,13,canteros,36,101,1,97,22,0,0,0,28,64,0,0,0,0,1,3,0
1492,1,14,canteros,36,101,1,97,28,0,0,0,28,63,0,0,0,0,1,3,0
1492,1,15,canteros,36,101,1,95,34,0,0,0,28,63,0,0,0,0,1,3,0
1492,1,16,canteros,36,101,1,94,40,0,0,0,28,63,0,0,0,0,1,3,0
1492,1,17,canteros,36,101,1,100,35,0,0,0,18,53,0,0,0,0,1,3,0
1492,1,18,canteros,36,101,1,99,30,0,0,0,18,52,0,0,0,0,1,3,0
1492,1,19,canteros,36,101,1,97,27,0,0,0,18,52,0,0,0,0,1,3,0
1492,1,20,canteros,36,101,1,98,24,0,0,0,18,52,0,0,0,0,1,3,0
1492,1,21,canteros,36,101,1,96,21,0,0,0,18,51,0,0,0,0,1,3,0
1492,1,22,canteros,36,101,1,97,20,0,0,0,20,54,0,0,0,0,1,3,0
1492,1,23,canteros,36,101,1,94,11,0,0,0,12,45,0,0,0,0,1,3,0
1492,1,24,canteros,35,101,1,85,4,0,0,0,12,35,1,0,0,0,1,3,0
1492,1,25,canteros,34,101,1,89,3,0,0,0,12,34,1,0,0,0,1,3,0
1492,1,26,canteros,32,98,1,83,2,0,0,0,12,34,1,0,0,0,1,3,0
1492,1,27,canteros,31,96,1,83,3,0,0,0,10,31,1,0,0,0,1,3,0
1492,1,28,canteros,29,94,1,84,2,0,0,0,10,31,1,0,0,0,1,3,0
1492,1,29,canteros,28,92,1,84,2,0,0,0,12,32,1,0,0,0,1,4,0
1492,1,30,canteros,27,90,1,79,2,0,0,0,12,29,1,0,0,0,1,3,0
1492,1,31,canteros,25,88,1,79,2,0,0,0,12,29,1,0,0,0,1,3,0
1492,1,32,canteros,24,86,1,77,2,0,0,0,12,28,1,0,0,0,1,3,0
1492,1,33,canteros,22,84,1,77,2,0,0,0,9,24,1,0,0,0,1,4,0
1492,1,34,canteros,21,82,1,78,1,0,0,0,9,24,1,0,0,0,1,3,0
1492,1,35,canteros,21,82,1,18,1,0,0,0,19,34,0,0,0,0,1,3,0
1492,1,36,canteros,20,82,1,34,2,0,0,0,19,34,1,0,0,0,1,1,0
1492,1,37,canteros,19,82,1,44,0,0,0,0,19,34,1,0,0,0,1,0,1
1492,1,38,canteros,19,82,1,50,2,0,0,0,24,40,0,0,0,0,1,0,1
1492,1,39,canteros,19,82,1,60,4,0,0,0,24,40,0,0,0,0,1,0,1
1492,1,40,canteros,19,82,1,70,6,0,0,0,24,40,0,0,0,0,1,0,1
1492,1,41,canteros,19,82,1,70,2,0,0,0,18,35,0,0,0,0,1,2,0
1492,1,42,canteros,18,82,1,72,1,0,0,0,18,35,1,0,0,0,1,2,0
1492,1,43,canteros,17,82,1,76,1,0,0,0,18,35,1,0,0,0,1,3,0
1492,1,44,canteros,16,80,1,73,1,0,0,0,18,35,1,0,0,0,1,3,0
1492,1,45,canteros,14,78,1,77,1,0,0,0,18,35,1,0,0,0,1,3,0
1492,1,46,canteros,13,76,1,68,1,0,0,0,18,34,1,0,0,0,1,3,0
1492,1,47,canteros,11,74,1,85,1,0,0,0,10,26,1,0,0,0,1,1,0
1492,1,48,canteros,10,72,1,69,0,0,0,0,10,26,1,0,0,0,1,3,0
1492,1,49,canteros,9,70,1,83,2,0,0,0,9,24,1,0,0,0,1,1,0
1492,1,50,canteros,7,68,1,69,0,0,0,0,9,24,1,0,0,0,1,3,0
1492,1,51,canteros,6,66,1,89,2,0,0,0,9,24,1,0,0,0,1,1,0
1492,1,52,canteros,5,65,1,69,0,0,0,0,9,24,1,0,0,0,1,3,0
1492,1,53,canteros,3,64,1,88,3,0,0,0,12,27,1,0,0,0,1,1,0
1492,1,54,canteros,2,63,1,69,0,0,0,0,12,31,1,0,0,0,1,4,0
1492,1,55,canteros,1,62,1,87,3,0,0,0,9,23,1,0,0,0,1,1,0
1492,1,56,canteros,0,61,1,69,0,0,0,0,9,23,1,0,0,0,1,2,0
1492,1,57,canteros,-1,60,1,85,6,0,0,0,9,23,1,0,0,0,1,1,0
1492,1,58,canteros,-3,59,1,69,0,0,0,0,9,23,1,0,0,0,1,2,0
1492,1,59,canteros,-3,59,1,85,8,0,0,0,19,32,0,0,0,0,1,1,0
1492,1,60,canteros,-3,59,1,63,11,0,0,0,19,32,0,0,0,0,1,2,0
1492,1,61,canteros,-3,59,1,79,24,0,0,0,24,38,0,0,0,0,1,1,0
1492,1,62,canteros,-2,60,1,68,31,0,0,0,24,38,0,0,0,0,1,2,0
1492,1,63,canteros,-2,60,1,82,41,0,0,0,24,39,0,0,0,0,1,1,0
1492,1,64,canteros,-2,60,1,65,50,0,0,0,28,44,0,0,0,0,1,2,0
1492,1,65,canteros,-3,58,1,62,47,0,0,0,21,37,0,0,0,0,1,2,0
1492,1,66,canteros,-4,54,1,50,27,0,0,0,21,36,0,0,0,0,1,4,0
1492,1,67,canteros,-3,56,1,58,34,0,0,0,23,38,0,0,0,0,1,0,1
1492,1,68,canteros,10,58,1,62,40,0,0,0,23,38,0,0,0,1,1,0,1
1492,1,69,canteros,11,60,1,70,46,0,0,0,23,38,0,0,0,1,1,2,0
1492,1,70,canteros,11,60,1,69,50,0,0,0,23,39,0,0,0,1,1,2,0
1492,1,71,canteros,14,60,1,76,46,0,0,0,12,28,0,0,0,1,1,1,0
1492,1,72,canteros,14,60,1,69,40,0,0,0,12,28,0,0,0,1,1,4,0
1492,1,73,canteros,14,60,1,84,37,0,0,0,12,28,0,0,0,1,1,1,0
1492,1,74,canteros,14,60,1,69,31,0,0,0,12,28,0,0,0,1,1,2,0
1492,1,75,canteros,14,60,1,81,30,0,0,0,12,28,0,0,0,1,1,1,0
1492,1,76,canteros,17,60,1,69,24,0,0,0,12,28,0,0,0,1,1,2,0
1492,1,77,canteros,17,60,1,86,27,0,0,0,16,32,0,0,0,1,1,3,0
1492,1,78,canteros,17,60,1,69,25,0,0,0,16,36,0,0,0,1,1,2,0
1492,1,79,canteros,17,60,1,91,29,0,0,0,16,36,0,0,0,1,1,1,0
1492,1,80,canteros,17,60,1,73,27,0,0,0,16,36,0,0,0,1,1,2,0
1492,1,81,canteros,17,60,1,79,31,0,0,0,16,36,0,0,0,1,1,2,0
1492,1,82,canteros,17,60,1,79,31,0,0,0,16,36,0,0,0,1,1,2,0
1492,1,83,canteros,17,60,1,78,49,0,0,0,32,52,0,0,0,1,1,2,0
1492,1,84,canteros,17,60,1,78,61,0,0,0,32,52,0,0,0,1,1,5,0
1492,1,85,canteros,17,60,1,75,77,0,0,0,32,52,0,0,0,1,1,2,0
1492,1,86,canteros,32,60,1,79,93,0,0,0,32,52,0,0,0,2,1,2,0
1492,1,87,canteros,35,60,1,79,107,0,0,0,32,52,0,0,0,2,1,2,0
1492,1,88,canteros,245,63,1,94,122,0,0,0,32,52,0,1,1,3,1,3,0
1492,1,89,canteros,246,66,1,107,122,0,0,0,20,40,0,0,0,3,1,1,0
1492,1,90,canteros,246,69,1,120,120,0,0,0,18,38,0,0,0,3,1,0,1
1492,1,91,canteros,247,72,1,133,117,0,0,0,18,38,0,0,0,3,1,0,1
1492,1,92,canteros,248,75,1,147,113,0,0,0,18,39,0,0,0,3,1,0,1
1492,1,93,canteros,248,75,1,74,109,0,0,0,18,39,0,0,0,3,1,2,0
1492,1,94,canteros,248,75,1,129,115,0,0,0,18,39,0,0,0,3,1,2,0
1492,1,95,canteros,248,75,1,147,106,0,0,0,10,31,0,0,0,3,1,1,0
1492,1,96,canteros,248,75,1,69,95,0,0,0,10,26,0,0,0,3,1,2,0
1492,1,97,canteros,248,75,1,132,94,0,0,0,10,26,0,0,0,3,1,1,0
1492,1,98,canteros,248,75,1,69,83,0,0,0,10,26,0,0,0,3,1,2,0
1492,1,99,canteros,248,75,1,116,82,0,0,0,10,26,0,0,0,3,1,1,0
1492,1,100,canteros,248,75,1,69,72,0,0,0,10,26,0,0,0,3,1,2,0
1492,1,101,canteros,248,75,1,104,76,0,0,0,14,30,0,0,0,3,1,1,0
1492,1,102,canteros,248,75,1,74,70,0,0,0,14,35,0,0,0,3,1,2,0
1492,1,103,canteros,248,75,1,90,73,0,0,0,14,35,0,0,0,3,1,2,0
1492,1,104,canteros,248,75,1,78,70,0,0,0,14,35,0,0,0,3,1,2,0
1492,1,105,canteros,248,75,1,84,70,0,0,0,14,35,0,0,0,3,1,2,0
1492,1,106,canteros,248,75,1,79,68,0,0,0,14,35,0,0,0,3,1,2,0
1492,1,107,canteros,248,78,1,81,80,0,0,0,28,49,0,0,0,3,1,2,0
1492,1,108,canteros,249,80,1,79,90,0,0,0,28,49,0,0,0,3,1,2,0
1492,1,109,canteros,249,80,1,83,99,0,0,0,28,51,0,0,0,3,1,2,0
1492,1,110,canteros,249,80,1,83,107,0,0,0,28,51,0,0,0,3,1,2,0
1492,1,111,canteros,249,80,1,84,116,0,0,0,28,51,0,0,0,3,1,2,0
1492,1,112,canteros,249,80,1,84,125,0,0,0,28,51,0,0,0,3,1,2,0
1492,1,113,canteros,249,80,1,108,124,0,0,0,18,41,0,0,0,3,1,1,0
1492,1,114,canteros,249,80,1,124,118,0,0,0,18,41,0,0,0,3,1,0,1
1492,1,115,canteros,249,80,1,76,112,0,0,0,18,41,0,0,0,3,1,2,0
1492,1,116,canteros,249,80,1,108,116,0,0,0,18,41,0,0,0,3,1,2,0
1492,1,117,canteros,249,80,1,82,113,0,0,0,18,41,0,0,0,3,1,2,0
1492,1,118,canteros,249,80,1,91,117,0,0,0,18,41,0,0,0,3,1,2,0
1492,1,119,canteros,249,80,1,84,107,0,0,0,10,33,0,0,0,3,1,2,0
1492,1,120,canteros,249,80,1,84,100,0,0,0,10,27,0,0,0,3,1,2,0
1492,1,121,canteros,249,80,1,79,92,0,0,0,10,27,0,0,0,3,1,2,0
1492,1,122,canteros,249,80,1,79,84,0,0,0,10,27,0,0,0,3,1,2,0
1492,1,123,canteros,249,80,1,76,76,0,0,0,10,27,0,0,0,3,1,2,0
1492,1,124,canteros,249,80,1,76,68,0,0,0,10,27,0,0,0,3,1,2,0
1492,1,125,canteros,249,80,1,76,63,0,0,0,14,31,0,0,0,3,1,2,0
1492,1,126,canteros,249,80,1,82,58,0,0,0,14,37,0,0,0,3,1,2,0
1492,1,127,canteros,249,80,1,82,53,0,0,0,14,37,0,0,0,3,1,2,0
1492,1,128,canteros,249,80,1,85,50,0,0,0,14,37,0,0,0,3,1,2,0
1492,1,129,canteros,249,80,1,85,47,0,0,0,14,37,0,0,0,3,1,2,0
1492,1,130,canteros,249,80,1,84,45,0,0,0,14,37,0,0,0,3,1,2,0
1492,1,131,canteros,249,80,1,84,56,0,0,0,28,51,0,0,0,3,1,2,0
1492,1,132,canteros,249,80,1,85,67,0,0,0,28,51,0,0,0,3,1,2,0
1492,1,133,canteros,249,80,1,85,77,0,0,0,28,51,0,0,0,3,1,2,0
1492,1,134,canteros,249,80,1,86,87,0,0,0,28,51,0,0,0,3,1,2,0
1492,1,135,canteros,249,80,1,85,97,0,0,0,28,51,0,0,0,3,1,2,0
1492,1,136,canteros,249,80,1,86,106,0,0,0,28,51,0,0,0,3,1,2,0
1492,1,137,canteros,249,80,1,85,105,0,0,0,18,41,0,0,0,3,1,2,0
1492,1,138,canteros,249,80,1,85,104,0,0,0,18,41,0,0,0,3,1,2,0
1492,1,139,canteros,249,80,1,84,103,0,0,0,18,41,0,0,0,3,1,2,0
1492,1,140,canteros,249,80,1,84,102,0,0,0,18,41,0,0,0,3,1,2,0
1492,1,141,canteros,249,80,1,83,101,0,0,0,18,41,0,0,0,3,1,2,0
1492,1,142,canteros,249,80,1,85,101,0,0,0,18,41,0,0,0,3,1,2,0
1492,1,143,canteros,249,80,1,84,93,0,0,0,10,33,0,0,0,3,1,2,0
1492,1,144,canteros,249,80,1,80,85,0,0,0,10,27,0,0,0,3,1,2,0
1492,1,145,canteros,249,80,1,78,77,0,0,0,10,27,0,0,0,3,1,2,0
1492,1,146,canteros,249,80,1,77,69,0,0,0,10,27,0,0,0,3,1,2,0
1492,1,147,canteros,249,80,1,75,61,0,0,0,10,27,0,0,0,3,1,2,0
1492,1,148,canteros,249,80,1,77,52,0,0,0,10,27,0,0,0,3,1,2,0
1492,1,149,canteros,249,80,1,75,48,0,0,0,14,31,0,0,0,3,1,2,0
1492,1,150,canteros,249,80,1,83,44,0,0,0,14,37,0,0,0,3,1,2,0
1492,1,151,canteros,249,80,1,81,40,0,0,0,14,37,0,0,0,3,1,3,0
1492,1,152,canteros,249,80,1,82,38,0,0,0,14,37,0,0,0,3,1,2,0
1492,1,153,canteros,249,80,1,83,35,0,0,0,14,37,0,0,0,3,1,2,0
1492,1,154,canteros,249,80,1,84,32,0,0,0,14,37,0,0,0,3,1,2,0
1492,1,155,canteros,249,80,1,84,44,0,0,0,28,51,0,0,0,3,1,2,0
1492,1,156,canteros,249,80,1,85,55,0,0,0,28,51,0,0,0,3,1,2,0
1492,1,157,canteros,249,80,1,85,66,0,0,0,28,51,0,0,0,3,1,2,0
1492,1,158,canteros,249,80,1,85,77,0,0,0,28,51,0,0,0,3,1,2,0
1492,1,159,canteros,249,80,1,85,87,0,0,0,28,51,0,0,0,3,1,2,0
1492,1,160,canteros,249,80,1,85,97,0,0,0,28,51,0,0,0,3,1,2,0
1492,1,161,canteros,249,80,1,84,97,0,0,0,18,41,0,0,0,3,1,2,0
1492,1,162,canteros,249,80,1,84,97,0,0,0,18,41,0,0,0,3,1,2,0
1492,1,163,canteros,249,80,1,83,97,0,0,0,18,41,0,0,0,3,1,2,0
1492,1,164,canteros,249,80,1,83,97,0,0,0,18,41,0,0,0,3,1,2,0
1492,1,165,canteros,249,80,1,84,97,0,0,0,18,41,0,0,0,3,1,2,0
1492,1,166,canteros,249,80,1,84,97,0,0,0,18,41,0,0,0,3,1,2,0
1492,1,167,canteros,249,80,1,85,89,0,0,0,10,33,0,0,0,3,1,2,0
1492,1,168,canteros,249,80,1,78,81,0,0,0,10,27,0,0,0,3,1,2,0
1492,1,169,canteros,249,80,1,79,74,0,0,0,10,27,0,0,0,3,1,2,0
1492,1,170,canteros,249,80,1,75,66,0,0,0,10,27,0,0,0,3,1,2,0
1492,1,171,canteros,249,80,1,76,58,0,0,0,10,27,0,0,0,3,1,2,0
1492,1,172,canteros,249,80,1,75,50,0,0,0,10,27,0,0,0,3,1,2,0
1492,1,173,canteros,249,80,1,76,46,0,0,0,14,31,0,0,0,3,1,2,0
1492,1,174,canteros,249,80,1,81,42,0,0,0,14,37,0,0,0,3,1,2,0
1492,1,175,canteros,249,80,1,82,38,0,0,0,14,37,0,0,0,3,1,2,0
1492,1,176,canteros,249,80,1,83,35,0,0,0,14,37,0,0,0,3,1,2,0
1492,1,177,canteros,249,80,1,84,32,0,0,0,14,37,0,0,0,3,1,2,0
1492,1,178,canteros,249,80,1,84,30,0,0,0,14,37,0,0,0,3,1,2,0
1492,1,179,canteros,249,80,1,85,42,0,0,0,28,51,0,0,0,3,1,2,0
1492,1,180,canteros,249,80,1,85,53,0,0,0,28,51,0,0,0,3,1,2,0
1492,1,181,canteros,249,80,1,85,64,0,0,0,28,51,0,0,0,3,1,2,0
1492,1,182,canteros,249,80,1,85,75,0,0,0,28,51,0,0,0,3,1,2,0
1492,1,183,canteros,249,80,1,85,85,0,0,0,28,51,0,0,0,3,1,2,0
1492,1,184,canteros,249,80,1,84,95,0,0,0,28,51,0,0,0,3,1,2,0
1492,1,185,canteros,249,80,1,84,95,0,0,0,18,41,0,0,0,3,1,2,0
1492,1,186,canteros,249,80,1,83,95,0,0,0,18,41,0,0,0,3,1,2,0
1492,1,187,canteros,249,80,1,83,95,0,0,0,18,41,0,0,0,3,1,2,0
1492,1,188,canteros,249,80,1,84,95,0,0,0,18,41,0,0,0,3,1,2,0
1492,1,189,canteros,249,80,1,84,95,0,0,0,18,41,0,0,0,3,1,2,0
1492,1,190,canteros,249,80,1,85,95,0,0,0,18,41,0,0,0,3,1,2,0
1492,1,191,canteros,249,80,1,84,87,0,0,0,10,33,0,0,0,3,1,2,0
1492,1,192,canteros,249,80,1,79,79,0,0,0,10,27,0,0,0,3,1,2,0
1492,1,193,canteros,249,80,1,78,72,0,0,0,10,27,0,0,0,3,1,2,0
1492,1,194,canteros,249,80,1,76,64,0,0,0,10,27,0,0,0,3,1,2,0
1492,1,195,canteros,249,80,1,75,56,0,0,0,10,27,0,0,0,3,1,2,0
1492,1,196,canteros,249,80,1,76,48,0,0,0,10,27,0,0,0,3,1,2,0
1492,1,197,canteros,249,80,1,75,44,0,0,0,14,31,0,0,0,3,1,2,0
1492,1,198,canteros,249,80,1,82,40,0,0,0,14,37,0,0,0,3,1,2,0
1492,1,199,canteros,249,80,1,81,36,0,0,0,14,37,0,0,0,3,1,2,0
1492,1,200,canteros,249,80,1,84,33,0,0,0,14,37,0,0,0,3,1,2,0
1492,1,1,ferrones,32,46,1,31,63,0,0,0,7,17,0,0,0,0,1,4,0
1492,1,2,ferrones,31,42,1,11,46,0,0,0,7,11,0,0,0,0,1,2,0
1492,1,3,ferrones,31,42,1,11,26,0,0,0,7,11,0,0,0,0,1,3,0
1492,1,4,ferrones,31,42,1,11,21,0,0,0,7,11,0,0,0,0,1,0,1
1492,1,5,ferrones,31,42,1,11,18,0,0,0,9,13,0,1,0,0,1,0,1
1492,1,6,ferrones,31,42,1,15,17,0,0,0,9,21,0,0,0,0,1,0,1
1492,1,7,ferrones,44,42,1,19,16,0,0,0,9,21,0,0,0,1,1,0,1
1492,1,8,ferrones,44,42,1,3,15,0,0,0,9,21,0,0,0,1,1,2,0
1492,1,9,ferrones,44,42,1,7,12,0,0,0,9,21,0,0,0,1,1,0,1
1492,1,10,ferrones,44,42,1,11,9,0,0,0,9,21,0,1,0,1,1,0,1
1492,1,11,ferrones,44,42,1,23,18,0,0,0,19,39,0,0,0,1,1,1,0
1492,1,12,ferrones,44,42,1,35,26,0,0,0,19,39,0,0,0,1,1,0,1
1492,1,13,ferrones,44,44,1,47,34,0,0,0,19,39,0,0,0,1,1,0,1
1492,1,14,ferrones,44,42,1,39,31,0,0,0,19,39,0,0,0,1,1,1,0
1492,1,15,ferrones,44,44,1,51,39,0,0,0,19,39,0,0,0,1,1,0,1
1492,1,16,ferrones,44,42,1,43,36,0,0,0,19,39,0,0,0,1,1,1,0
1492,1,17,ferrones,44,44,1,55,37,0,0,0,12,32,0,0,0,1,1,0,1
1492,1,18,ferrones,45,46,1,67,37,0,0,0,12,32,0,0,0,1,1,0,1
1492,1,19,ferrones,45,48,1,79,37,0,0,0,12,32,0,0,0,1,1,0,1
1492,1,20,ferrones,46,50,1,72,36,0,0,0,12,32,0,0,0,1,1,3,0
1492,1,21,ferrones,46,50,1,81,37,0,0,0,12,34,0,0,0,1,1,4,0
1492,1,22,ferrones,46,50,1,106,37,0,0,0,12,34,0,0,0,1,1,4,0
1492,1,23,ferrones,46,50,1,106,33,0,0,0,7,28,0,0,0,1,1,4,0
1492,1,24,ferrones,46,50,1,117,32,0,0,0,7,23,0,0,0,1,1,4,0
1492,1,25,ferrones,46,50,1,107,31,0,0,0,7,23,0,0,0,1,1,4,0
1492,1,26,ferrones,46,50,1,118,31,0,0,0,7,23,0,0,0,1,1,4,0
1492,1,27,ferrones,46,50,1,107,30,0,0,0,7,23,0,0,0,1,1,4,0
1492,1,28,ferrones,46,50,1,119,30,0,0,0,7,23,0,0,0,1,1,4,0
1492,1,29,ferrones,46,50,1,109,31,0,0,0,9,25,0,0,0,1,1,4,0
1492,1,30,ferrones,46,50,1,127,33,0,0,0,9,30,0,0,0,1,1,4,0
1492,1,31,ferrones,46,50,1,116,34,0,0,0,9,30,0,0,0,1,1,3,0
1492,1,32,ferrones,46,50,1,135,37,0,0,0,9,30,0,0,0,1,1,4,0
1492,1,33,ferrones,46,50,1,122,39,0,0,0,9,30,0,0,0,1,1,3,0
1492,1,34,ferrones,46,50,1,142,39,0,0,0,6,27,0,0,0,1,1,4,0
1492,1,35,ferrones,46,52,1,127,45,0,0,0,13,34,0,0,0,1,1,3,0
1492,1,36,ferrones,46,54,1,148,51,0,0,0,13,34,0,0,0,1,1,3,0
1492,1,37,ferrones,46,54,1,136,56,0,0,0,13,34,0,0,0,1,1,3,0
1492,1,38,ferrones,46,54,1,157,61,0,0,0,13,34,0,0,0,1,1,3,0
1492,1,39,ferrones,46,54,1,144,66,0,0,0,13,34,0,0,0,1,1,3,0
1492,1,40,ferrones,62,56,1,165,77,0,0,0,19,40,0,0,0,2,1,3,0
1492,1,41,ferrones,62,56,1,151,79,0,0,0,12,33,0,0,0,2,1,3,0
1492,1,42,ferrones,62,56,1,172,81,0,0,0,12,33,0,0,0,2,1,3,0
1492,1,43,ferrones,62,56,1,157,83,0,0,0,12,33,0,0,0,2,1,3,0
1492,1,44,ferrones,62,56,1,181,85,0,0,0,12,32,0,0,0,2,1,3,0
1492,1,45,ferrones,62,56,1,167,87,0,0,0,12,32,0,0,0,2,1,2,0
1492,1,46,ferrones,62,56,1,152,82,0,0,0,12,32,0,0,0,2,1,3,0
1492,1,47,ferrones,62,56,1,167,72,0,0,0,7,27,0,0,0,2,1,3,0
1492,1,48,ferrones,62,56,1,130,71,0,0,0,7,22,0,0,0,2,1,4,0
1492,1,49,ferrones,62,56,1,179,66,0,0,0,7,22,0,1,0,2,1,3,0
1492,1,50,ferrones,62,56,1,73,64,0,0,0,7,22,0,0,0,2,1,3,0
1492,1,51,ferrones,62,56,1,190,59,0,0,0,7,22,0,0,0,2,1,3,0
1492,1,52,ferrones,62,56,1,83,49,0,0,0,7,22,0,0,0,2,1,2,0
1492,1,53,ferrones,62,56,1,155,51,0,0,0,9,24,0,0,0,2,1,3,0
1492,1,54,ferrones,62,56,1,86,45,0,0,0,9,29,0,0,0,2,1,2,0
1492,1,55,ferrones,62,56,1,138,47,0,0,0,9,29,0,1,0,2,1,3,0
1492,1,56,ferrones,62,56,1,84,43,0,0,0,9,29,0,0,0,2,1,3,0
1492,1,57,ferrones,62,56,1,118,45,0,0,4,9,33,0,0,0,2,1,3,0
1492,1,58,ferrones,62,56,1,82,41,0,0,4,9,29,0,0,0,2,1,3,0
1492,1,59,ferrones,62,58,1,95,51,0,0,8,19,43,0,0,0,2,1,3,0
1492,1,60,ferrones,63,60,1,84,56,0,0,12,19,43,0,0,0,2,1,3,0
1492,1,61,ferrones,63,60,1,92,61,0,0,12,19,41,0,0,0,2,1,3,0
1492,1,62,ferrones,63,60,1,84,65,0,0,16,19,45,0,0,0,2,1,4,0
1492,1,63,ferrones,63,60,1,112,70,0,0,16,19,41,0,0,0,2,1,3,0
1492,1,64,ferrones,63,60,1,84,74,0,0,20,19,45,0,0,0,2,1,4,0
1492,1,65,ferrones,63,60,1,129,74,0,0,12,12,33,0,0,0,2,1,4,0
1492,1,66,ferrones,63,60,1,84,72,0,0,11,13,35,0,0,0,2,1,3,0
1492,1,67,ferrones,63,60,1,138,75,0,0,14,13,39,0,0,0,2,1,3,0
1492,1,68,ferrones,63,60,1,85,73,0,0,13,13,35,0,0,0,2,1,3,0
1492,1,69,ferrones,63,60,1,159,75,0,0,12,13,35,0,0,0,2,1,3,0
1492,1,70,ferrones,63,60,1,86,73,0,0,11,13,35,0,0,0,2,1,3,0
1492,1,71,ferrones,63,60,1,178,69,0,0,14,7,33,0,0,0,2,1,3,0
1492,1,72,ferrones,63,60,1,80,61,0,0,13,7,23,0,0,0,2,1,3,0
1492,1,73,ferrones,63,60,1,191,57,0,0,12,7,23,0,0,0,2,1,3,0
1492,1,74,ferrones,63,60,1,89,50,0,0,11,7,23,0,0,0,2,1,3,0
1492,1,75,ferrones,63,60,1,192,47,0,0,14,7,27,0,0,0,2,1,3,0
1492,1,76,ferrones,63,60,1,92,41,0,0,13,7,23,0,0,0,2,1,3,0
1492,1,77,ferrones,63,60,1,192,41,0,0,12,10,26,0,0,0,2,1,3,0
1492,1,78,ferrones,63,60,1,101,38,0,0,11,10,32,0,0,0,2,1,3,0
1492,1,79,ferrones,63,60,1,197,38,0,0,14,10,36,0,0,0,2,1,3,0
1492,1,80,ferrones,63,60,1,109,36,0,0,13,10,32,0,0,0,2,1,3,0
1492,1,81,ferrones,63,60,1,200,36,0,0,12,10,32,0,0,0,2,1,3,0
1492,1,82,ferrones,63,60,1,112,35,0,0,11,10,32,0,0,0,2,1,3,0
1492,1,83,ferrones,63,60,1,199,46,0,0,14,21,47,0,0,0,2,1,3,0
1492,1,84,ferrones,63,60,1,114,55,0,0,13,21,43,0,0,0,2,1,3,0
1492,1,85,ferrones,63,60,1,198,65,0,0,15,21,46,0,0,0,2,1,3,0
1492,1,86,ferrones,63,60,1,111,75,0,0,14,21,43,0,0,0,2,1,3,0
1492,1,87,ferrones,63,60,1,198,84,0,0,16,21,46,0,0,0,2,1,3,0
1492,1,88,ferrones,63,60,1,113,92,0,0,15,21,43,0,0,0,2,1,3,0
1492,1,89,ferrones,63,60,1,200,93,0,0,17,13,38,0,0,0,2,1,2,0
1492,1,90,ferrones,63,60,1,114,88,0,0,16,13,35,0,0,0,2,1,3,0
1492,1,91,ferrones,63,60,1,191,83,0,0,18,13,38,0,0,0,2,1,3,0
1492,1,92,ferrones,63,60,1,104,84,0,0,20,13,38,0,0,0,2,1,3,0
1492,1,93,ferrones,63,60,1,199,85,0,0,14,13,38,0,0,0,2,1,4,0
1492,1,94,ferrones,63,60,1,113,85,0,0,15,14,39,0,0,0,2,1,3,0
1492,1,95,ferrones,63,60,1,198,81,0,0,16,8,33,0,0,0,2,1,3,0
1492,1,96,ferrones,63,60,1,106,77,0,0,17,8,27,0,0,0,2,1,3,0
1492,1,97,ferrones,63,60,1,192,74,0,0,18,8,27,0,0,0,2,1,3,0
1492,1,98,ferrones,63,60,1,98,70,0,0,16,8,24,0,0,0,2,1,3,0
1492,1,99,ferrones,63,60,1,194,67,0,0,14,8,24,0,0,0,2,1,3,0
1492,1,100,ferrones,63,60,1,97,62,0,0,12,8,24,0,0,0,2,1,3,0
1492,1,101,ferrones,63,60,1,194,60,0,0,13,9,28,0,0,0,2,1,3,0
1492,1,102,ferrones,63,60,1,101,56,0,0,11,9,31,0,0,0,2,1,3,0
1492,1,103,ferrones,63,60,1,199,54,0,0,12,9,34,0,0,0,2,1,3,0
1492,1,104,ferrones,63,60,1,110,51,0,0,10,9,31,0,0,0,2,1,3,0
1492,1,105,ferrones,63,60,1,198,50,0,0,11,9,34,0,0,0,2,1,3,0
1492,1,106,ferrones,63,60,1,109,48,0,0,9,9,31,0,0,0,2,1,3,0
1492,1,107,ferrones,63,60,1,198,60,0,0,9,23,47,0,0,0,2,1,3,0
1492,1,108,ferrones,63,60,1,110,71,0,0,7,23,45,0,0,0,2,1,3,0
1492,1,109,ferrones,63,60,1,200,82,0,0,7,23,47,0,0,0,2,1,3,0
1492,1,110,ferrones,63,60,1,113,92,0,0,5,23,45,0,0,0,2,1,3,0
1492,1,111,ferrones,63,60,1,199,107,0,0,5,28,52,0,0,0,2,1,2,0
1492,1,112,ferrones,63,60,1,113,116,0,0,3,28,50,0,0,0,2,1,3,0
1492,1,113,ferrones,63,60,1,191,115,0,0,3,18,42,0,0,0,2,1,2,0
1492,1,114,ferrones,63,60,1,104,114,0,0,3,18,42,0,0,0,2,1,3,0
1492,1,115,ferrones,63,60,1,195,113,0,0,3,18,42,0,0,0,2,1,2,0
1492,1,116,ferrones,63,60,1,107,112,0,0,3,18,42,0,0,0,2,1,3,0
1492,1,117,ferrones,63,60,1,194,107,0,0,3,14,38,0,0,0,2,1,2,0
1492,1,118,ferrones,63,60,1,108,102,0,0,3,14,38,0,0,0,2,1,3,0
1492,1,119,ferrones,63,60,1,193,92,0,0,3,8,32,0,0,0,2,1,2,0
1492,1,120,ferrones,63,60,1,97,82,0,0,3,8,26,0,0,0,2,1,3,0
1492,1,121,ferrones,63,60,1,186,72,0,0,3,8,26,0,0,0,2,1,3,0
1492,1,122,ferrones,63,60,1,87,67,0,0,3,8,26,0,0,0,2,1,3,0
1492,1,123,ferrones,63,60,1,193,64,0,0,3,8,26,0,0,0,2,1,3,0
1492,1,124,ferrones,63,60,1,94,57,0,0,3,8,26,0,0,0,2,1,3,0
1492,1,125,ferrones,63,60,1,192,57,0,0,3,11,29,0,0,0,2,1,3,0
1492,1,126,ferrones,63,60,1,103,54,0,0,3,11,35,0,0,0,2,1,3,0
1492,1,127,ferrones,63,60,1,198,54,0,0,3,11,35,0,0,0,2,1,3,0
1492,1,128,ferrones,63,60,1,110,52,0,0,3,11,35,0,0,0,2,1,3,0
1492,1,129,ferrones,63,60,1,201,53,0,0,3,11,35,0,0,0,2,1,3,0
1492,1,130,ferrones,63,60,1,115,53,0,0,3,11,35,0,0,0,2,1,3,0
1492,1,131,ferrones,63,60,1,200,65,0,0,3,23,47,0,0,0,2,1,3,0
1492,1,132,ferrones,63,60,1,115,77,0,0,3,23,47,0,0,0,2,1,3,0
1492,1,133,ferrones,63,60,1,199,88,0,0,3,23,47,0,0,0,2,1,3,0
1492,1,134,ferrones,63,60,1,112,99,0,0,1,23,45,0,0,0,2,1,3,0
1492,1,135,ferrones,63,60,1,198,109,0,0,1,23,47,0,0,0,2,1,2,0
1492,1,136,ferrones,63,60,1,111,113,0,0,1,23,45,0,0,0,2,1,3,0
1492,1,137,ferrones,63,60,1,191,108,0,0,1,14,38,0,0,0,2,1,2,0
1492,1,138,ferrones,63,60,1,102,103,0,0,1,14,38,0,0,0,2,1,3,0
1492,1,139,ferrones,63,60,1,195,98,0,0,1,14,38,0,0,0,2,1,2,0
1492,1,140,ferrones,63,60,1,105,94,0,0,1,14,38,0,0,0,2,1,3,0
1492,1,141,ferrones,63,60,1,194,90,0,0,1,14,38,0,0,0,2,1,2,0
1492,1,142,ferrones,63,60,1,106,86,0,0,1,14,38,0,0,0,2,1,3,0
1492,1,143,ferrones,63,60,1,193,76,0,0,1,8,32,0,0,0,2,1,3,0
1492,1,144,ferrones,63,60,1,100,72,0,0,1,8,26,0,0,0,2,1,3,0
1492,1,145,ferrones,63,60,1,192,69,0,0,1,8,26,0,0,0,2,1,3,0
1492,1,146,ferrones,63,60,1,95,64,0,0,1,8,26,0,0,0,2,1,3,0
1492,1,147,ferrones,63,60,1,192,61,0,0,1,8,26,0,0,0,2,1,3,0
1492,1,148,ferrones,63,60,1,99,55,0,0,1,8,26,0,0,0,2,1,3,0
1492,1,149,ferrones,63,60,1,194,55,0,0,1,11,29,0,0,0,2,1,3,0
1492,1,150,ferrones,63,60,1,104,53,0,0,1,11,35,0,0,0,2,1,3,0
1492,1,151,ferrones,63,60,1,199,54,0,0,1,11,35,0,0,0,2,1,4,0
1492,1,152,ferrones,63,60,1,113,52,0,0,2,11,36,0,0,0,2,1,3,0
1492,1,153,ferrones,63,60,1,199,53,0,0,3,11,36,0,0,0,2,1,3,0
1492,1,154,ferrones,63,60,1,114,53,0,0,1,11,33,0,0,0,2,1,3,0
1492,1,155,ferrones,63,60,1,198,65,0,0,2,23,48,0,0,0,2,1,3,0
1492,1,156,ferrones,63,60,1,111,77,0,0,0,23,45,0,0,0,2,1,3,0
1492,1,157,ferrones,63,60,1,200,88,0,0,1,23,48,0,0,0,2,1,3,0
1492,1,158,ferrones,63,60,1,115,98,0,0,1,23,45,0,0,0,2,1,3,0
1492,1,159,ferrones,63,60,1,200,108,0,0,2,23,48,0,0,0,2,1,2,0
1492,1,160,ferrones,63,60,1,112,112,0,0,0,23,45,0,0,0,2,1,3,0
1492,1,161,ferrones,63,60,1,191,107,0,0,1,14,39,0,0,0,2,1,2,0
1492,1,162,ferrones,63,60,1,103,102,0,0,2,14,39,0,0,0,2,1,3,0
1492,1,163,ferrones,63,60,1,195,97,0,0,3,14,39,0,0,0,2,1,2,0
1492,1,164,ferrones,63,60,1,106,93,0,0,4,14,39,0,0,0,2,1,3,0
1492,1,165,ferrones,63,60,1,194,89,0,0,5,14,39,0,0,0,2,1,2,0
1492,1,166,ferrones,63,60,1,107,85,0,0,6,14,39,0,0,0,2,1,3,0
1492,1,167,ferrones,63,60,1,199,81,0,0,7,8,33,0,0,0,2,1,3,0
1492,1,168,ferrones,63,60,1,107,77,0,0,8,8,27,0,0,0,2,1,3,0
1492,1,169,ferrones,63,60,1,192,75,0,0,9,9,28,0,0,0,2,1,3,0
1492,1,170,ferrones,63,60,1,99,72,0,0,10,9,28,0,0,0,2,1,3,0
1492,1,171,ferrones,63,60,1,192,70,0,0,11,9,28,0,0,0,2,1,3,0
1492,1,172,ferrones,63,60,1,94,66,0,0,12,9,28,0,0,0,2,1,3,0
1492,1,173,ferrones,63,60,1,194,66,0,0,13,11,30,0,0,0,2,1,3,0
1492,1,174,ferrones,63,60,1,106,63,0,0,14,11,36,0,0,0,2,1,3,0
1492,1,175,ferrones,63,60,1,200,63,0,0,15,11,36,0,0,0,2,1,3,0
1492,1,176,ferrones,63,60,1,113,62,0,0,13,11,33,0,0,0,2,1,3,0
1492,1,177,ferrones,63,60,1,199,62,0,0,14,11,36,0,0,0,2,1,3,0
1492,1,178,ferrones,63,60,1,115,61,0,0,12,11,33,0,0,0,2,1,3,0
1492,1,179,ferrones,63,60,1,198,73,0,0,13,23,48,0,0,0,2,1,3,0
1492,1,180,ferrones,63,60,1,112,84,0,0,11,23,45,0,0,0,2,1,3,0
1492,1,181,ferrones,63,60,1,198,95,0,0,12,23,48,0,0,0,2,1,3,0
1492,1,182,ferrones,63,60,1,114,104,0,0,10,23,45,0,0,0,2,1,3,0
1492,1,183,ferrones,63,60,1,192,108,0,0,11,23,48,0,0,0,2,1,2,0
1492,1,184,ferrones,63,60,1,102,112,0,0,12,23,48,0,0,0,2,1,3,0
1492,1,185,ferrones,63,60,1,191,107,0,0,13,14,39,0,0,0,2,1,2,0
1492,1,186,ferrones,63,60,1,97,102,0,0,14,14,39,0,0,0,2,1,3,0
1492,1,187,ferrones,63,60,1,195,97,0,0,15,14,39,0,0,0,2,1,2,0
1492,1,188,ferrones,63,60,1,104,93,0,0,16,14,39,0,0,0,2,1,3,0
1492,1,189,ferrones,63,60,1,194,89,0,0,17,14,39,0,0,0,2,1,2,0
1492,1,190,ferrones,63,60,1,105,85,0,0,18,14,39,0,0,0,2,1,3,0
1492,1,191,ferrones,63,60,1,199,82,0,0,19,9,34,0,0,0,2,1,3,0
1492,1,192,ferrones,63,60,1,108,77,0,0,20,9,28,0,0,0,2,1,3,0
1492,1,193,ferrones,73,60,1,193,74,0,0,13,8,27,0,0,0,2,1,4,0
1492,1,194,ferrones,73,60,1,98,71,0,0,13,9,28,0,0,0,2,1,3,0
1492,1,195,ferrones,73,60,1,192,69,0,0,13,9,28,0,0,0,2,1,3,0
1492,1,196,ferrones,73,60,1,93,65,0,0,13,9,28,0,0,0,2,1,3,0
1492,1,197,ferrones,73,60,1,192,66,0,0,13,12,31,0,0,0,2,1,3,0
1492,1,198,ferrones,73,60,1,103,64,0,0,13,12,37,0,0,0,2,1,3,0
1492,1,199,ferrones,73,60,1,200,65,0,0,13,12,37,0,0,0,2,1,3,0
1492,1,200,ferrones,73,60,1,114,64,0,0,10,12,34,0,0,0,2,1,3,0
1492,1,1,hortelanos,45,111,1,43,58,0,0,0,18,40,0,0,0,0,1,4,0
1492,1,2,hortelanos,45,111,1,40,46,0,0,0,18,29,0,0,0,0,1,1,0
1492,1,3,hortelanos,45,111,1,32,32,0,0,0,18,29,0,1,0,0,1,1,0
1492,1,4,hortelanos,45,111,1,39,31,0,0,0,31,42,0,0,0,0,1,0,1
1492,1,5,hortelanos,45,111,1,46,36,0,0,0,37,48,0,2,0,0,1,0,1
1492,1,6,hortelanos,45,111,1,64,64,0,0,0,57,79,0,0,0,0,1,0,1
1492,1,7,hortelanos,45,111,1,82,91,0,0,0,57,79,0,0,0,0,1,0,1
1492,1,8,hortelanos,59,107,1,80,93,0,0,0,57,79,0,0,0,1,1,4,0
1492,1,9,hortelanos,71,103,1,76,110,0,0,0,57,77,0,0,0,2,1,1,0
1492,1,10,hortelanos,71,103,1,92,137,0,0,0,57,77,0,0,0,2,1,2,0
1492,1,11,hortelanos,71,103,1,108,163,0,0,0,57,77,0,0,0,2,1,0,1
1492,1,12,hortelanos,71,103,1,124,188,0,0,0,57,77,0,0,0,2,1,0,1
1492,1,13,hortelanos,71,103,1,140,212,0,0,0,57,77,0,0,0,2,1,0,1
1492,1,14,hortelanos,71,103,1,156,235,0,0,0,57,77,0,0,0,2,1,0,1
1492,1,15,hortelanos,74,103,1,172,257,0,0,0,57,77,0,0,0,2,1,0,1
1492,1,16,hortelanos,74,103,1,188,278,0,0,0,57,77,0,0,0,2,1,2,0
1492,1,17,hortelanos,74,103,1,204,298,0,0,0,57,77,0,0,0,2,1,0,1
1492,1,18,hortelanos,74,103,1,170,297,0,0,0,57,77,0,0,0,2,1,4,0
1492,1,19,hortelanos,77,103,1,186,316,0,0,0,57,77,0,0,0,2,1,1,0
1492,1,20,hortelanos,77,103,1,202,335,0,0,0,57,77,0,0,0,2,1,2,0
1492,1,21,hortelanos,77,103,1,218,353,0,0,0,57,77,0,0,0,2,1,0,1
1492,1,22,hortelanos,77,103,1,184,370,0,0,0,57,77,0,0,0,2,1,0,1
1492,1,23,hortelanos,77,103,1,200,386,0,0,0,57,77,0,0,0,2,1,1,0
1492,1,24,hortelanos,77,103,1,206,396,0,0,0,57,67,0,0,0,2,1,2,0
1492,1,25,hortelanos,80,103,1,212,411,0,0,0,57,67,0,0,0,2,1,0,1
1492,1,26,hortelanos,80,103,1,168,426,0,0,0,57,67,0,0,0,2,1,2,0
1492,1,27,hortelanos,80,103,1,174,440,0,0,0,57,67,0,0,0,2,1,1,0
1492,1,28,hortelanos,80,103,1,180,454,0,0,0,57,67,0,0,0,2,1,0,1
1492,1,29,hortelanos,80,103,1,186,458,0,0,0,57,67,0,0,0,2,1,3,0
1492,1,30,hortelanos,80,103,1,152,471,0,0,0,57,77,0,0,0,2,1,0,1
1492,1,31,hortelanos,80,103,1,168,483,0,0,0,57,77,0,0,0,2,1,1,0
1492,1,32,hortelanos,80,103,1,184,495,0,0,0,57,77,0,0,0,2,1,2,0
1492,1,33,hortelanos,80,103,1,200,506,0,0,0,57,77,0,0,0,2,1,0,1
1492,1,34,hortelanos,80,103,1,166,517,0,0,0,57,77,0,0,0,2,1,0,1
1492,1,35,hortelanos,80,103,1,182,528,0,0,0,57,77,0,0,0,2,1,1,0
1492,1,36,hortelanos,80,103,1,198,535,0,0,0,57,77,0,0,0,2,1,3,0
1492,1,37,hortelanos,80,103,1,214,545,0,0,0,57,77,0,0,0,2,1,0,1
1492,1,38,hortelanos,80,103,1,180,554,0,0,0,57,77,0,0,0,2,1,0,1
1492,1,39,hortelanos,80,103,1,196,563,0,0,0,57,77,0,0,0,2,1,1,0
1492,1,40,hortelanos,80,103,1,212,572,0,0,0,57,77,0,0,0,2,1,0,1
1492,1,41,hortelanos,80,103,1,228,576,0,0,0,53,73,0,0,0,2,1,0,1
1492,1,42,hortelanos,80,103,1,194,580,0,0,0,53,73,0,0,0,2,1,0,1
1492,1,43,hortelanos,80,103,1,210,584,0,0,0,53,73,0,0,0,2,1,3,0
1492,1,44,hortelanos,80,103,1,226,588,0,0,0,53,73,0,0,0,2,1,0,1
1492,1,45,hortelanos,80,103,1,242,592,0,0,0,53,73,0,0,0,2,1,0,1
1492,1,46,hortelanos,80,103,1,208,596,0,0,0,53,73,0,0,0,2,1,0,1
1492,1,47,hortelanos,80,103,1,194,565,0,0,0,57,77,0,0,0,2,1,1,0
1492,1,48,hortelanos,80,103,1,200,569,0,0,0,57,67,0,0,0,2,1,4,0
1492,1,49,hortelanos,132,160,2,206,577,0,0,0,57,67,0,0,0,3,1,0,1
1492,1,50,hortelanos,132,162,2,198,571,0,0,0,57,77,0,0,0,3,1,2,0
1492,1,51,hortelanos,132,163,2,140,574,0,0,0,68,88,0,0,0,3,1,2,0
1492,1,52,hortelanos,132,163,2,149,571,0,0,0,68,90,0,1,0,3,1,4,0
1492,1,53,hortelanos,132,163,2,158,583,0,0,0,78,100,0,1,0,3,1,0,1
1492,1,54,hortelanos,132,163,2,177,607,0,0,0,89,121,0,0,0,3,1,0,1
1492,1,55,hortelanos,132,163,2,146,626,0,0,0,89,121,0,0,0,3,1,0,1
1492,1,56,hortelanos,132,163,2,165,648,0,0,0,89,121,0,0,0,3,1,1,0
1492,1,57,hortelanos,132,163,2,184,670,0,0,0,89,121,0,0,0,3,1,0,1
1492,1,58,hortelanos,132,163,2,203,691,0,0,0,89,121,0,0,0,3,1,0,1
1492,1,59,hortelanos,132,163,2,172,711,0,0,0,89,121,0,0,0,3,1,2,0
1492,1,60,hortelanos,132,163,2,191,730,0,0,0,89,121,0,0,0,3,1,1,0
1492,1,61,hortelanos,132,163,2,210,748,0,0,0,89,121,0,0,0,3,1,0,1
1492,1,62,hortelanos,132,163,2,229,766,0,0,0,89,121,0,0,0,3,1,0,1
1492,1,63,hortelanos,132,163,2,198,783,0,0,0,89,121,0,0,0,3,1,2,0
1492,1,64,hortelanos,132,163,2,217,799,0,0,0,89,121,0,0,0,3,1,1,0
1492,1,65,hortelanos,132,163,2,236,815,0,0,0,89,121,0,0,0,3,1,0,1
1492,1,66,hortelanos,132,163,2,255,830,0,0,0,89,121,0,0,0,3,1,0,1
1492,1,67,hortelanos,132,163,2,224,844,0,0,0,89,121,0,0,0,3,1,2,0
1492,1,68,hortelanos,132,163,2,243,858,0,0,0,89,121,0,0,0,3,1,1,0
1492,1,69,hortelanos,132,163,2,262,871,0,0,0,89,121,0,0,0,3,1,0,1
1492,1,70,hortelanos,132,163,2,281,884,0,0,0,89,121,0,0,0,3,1,0,1
1492,1,71,hortelanos,132,163,2,250,896,0,0,0,89,121,0,0,0,3,1,0,1
1492,1,72,hortelanos,132,163,2,259,904,0,0,0,89,111,0,0,0,3,1,3,0
1492,1,73,hortelanos,132,163,2,268,915,0,0,0,89,111,0,0,0,3,1,0,1
1492,1,74,hortelanos,132,163,2,277,926,0,0,0,89,111,0,0,0,3,1,0,1
1492,1,75,hortelanos,132,163,2,236,936,0,0,0,89,111,0,0,0,3,1,0,1
1492,1,76,hortelanos,132,163,2,245,946,0,0,0,89,111,0,0,0,3,1,3,0
1492,1,77,hortelanos,132,163,2,254,956,0,0,0,89,111,0,0,0,3,1,0,1
1492,1,78,hortelanos,132,163,2,273,965,0,0,0,89,121,0,0,0,3,1,0,1
1492,1,79,hortelanos,132,163,2,242,974,0,0,0,89,121,0,0,0,3,1,0,1
1492,1,80,hortelanos,132,163,2,261,979,0,0,0,89,121,0,0,0,3,1,3,0
1492,1,81,hortelanos,132,163,2,280,987,0,0,0,89,121,0,0,0,3,1,0,1
1492,1,82,hortelanos,132,163,2,299,995,0,0,0,89,121,0,0,0,3,1,0,1
1492,1,83,hortelanos,132,163,2,268,1003,0,0,0,89,121,0,0,0,3,1,0,1
1492,1,84,hortelanos,132,163,2,287,1010,0,0,0,89,121,0,0,0,3,1,3,0
1492,1,85,hortelanos,132,163,2,306,1017,0,0,0,89,121,0,0,0,3,1,0,1
1492,1,86,hortelanos,132,163,2,325,1024,0,0,0,89,121,0,0,0,3,1,0,1
1492,1,87,hortelanos,132,163,2,294,1031,0,0,0,89,121,0,0,0,3,1,0,1
1492,1,88,hortelanos,132,163,2,313,1037,0,0,0,89,121,0,0,0,3,1,3,0
1492,1,89,hortelanos,132,163,2,332,1043,0,0,0,89,121,0,0,0,3,1,0,1
1492,1,90,hortelanos,132,163,2,351,1049,0,0,0,89,121,0,0,0,3,1,0,1
1492,1,91,hortelanos,132,163,2,320,1055,0,0,0,89,121,0,0,0,3,1,0,1
1492,1,92,hortelanos,132,163,2,339,1060,0,0,0,89,121,0,0,0,3,1,3,0
1492,1,93,hortelanos,132,163,2,358,1065,0,0,0,89,121,0,0,0,3,1,0,1
1492,1,94,hortelanos,132,163,2,377,1070,0,0,0,89,121,0,0,0,3,1,0,1
1492,1,95,hortelanos,132,163,2,346,1075,0,0,0,89,121,0,0,0,3,1,0,1
1492,1,96,hortelanos,132,163,2,325,1037,0,0,0,89,111,0,0,0,3,1,3,0
1492,1,97,hortelanos,132,163,2,334,1043,0,0,0,89,111,0,0,0,3,1,1,0
1492,1,98,hortelanos,193,215,3,343,1049,0,0,0,89,111,0,0,0,4,1,0,1
1492,1,99,hortelanos,193,217,3,338,1042,0,0,0,89,121,0,0,0,4,1,1,0
1492,1,100,hortelanos,193,219,3,298,1028,0,0,0,89,121,0,0,0,4,1,4,0
1492,1,101,hortelanos,194,221,3,308,1019,0,0,0,89,121,0,1,0,4,1,1,0
1492,1,102,hortelanos,194,223,3,328,1021,0,0,0,99,141,0,0,0,4,1,0,1
1492,1,103,hortelanos,194,223,3,350,1019,0,0,0,99,143,0,0,0,4,1,0,1
1492,1,104,hortelanos,194,223,3,322,1021,0,0,0,99,143,0,0,0,4,1,0,1
1492,1,105,hortelanos,194,223,3,314,984,0,0,0,99,143,0,0,0,4,1,1,0
1492,1,106,hortelanos,194,223,3,336,987,0,0,0,99,143,0,0,0,4,1,1,0
1492,1,107,hortelanos,221,259,4,358,990,0,0,0,99,143,0,0,0,4,1,2,0
1492,1,108,hortelanos,222,260,4,377,984,0,0,0,99,149,0,0,0,4,1,1,0
1492,1,109,hortelanos,222,261,4,346,978,0,0,0,99,149,0,0,0,4,1,1,0
1492,1,110,hortelanos,222,262,4,365,972,0,0,0,99,149,0,0,0,4,1,1,0
1492,1,111,hortelanos,222,263,4,384,966,0,0,0,99,149,0,0,0,4,1,2,0
1492,1,112,hortelanos,223,265,4,405,960,0,0,0,99,151,0,0,0,4,1,0,1
1492,1,113,hortelanos,223,267,4,376,954,0,0,0,99,151,0,0,0,4,1,0,1
1492,1,114,hortelanos,223,269,4,397,948,0,0,0,99,151,0,0,0,4,1,3,0
1492,1,115,hortelanos,224,271,4,418,941,0,0,0,99,151,0,0,0,4,1,0,1
1492,1,116,hortelanos,224,273,4,439,935,0,0,0,99,151,0,0,0,4,1,0,1
1492,1,117,hortelanos,225,275,4,412,926,0,0,0,99,153,0,0,0,4,1,2,0
1492,1,118,hortelanos,225,277,4,435,919,0,0,0,99,153,0,0,0,4,1,1,0
1492,1,119,hortelanos,225,279,4,458,912,0,0,0,99,153,0,0,0,4,1,0,1
1492,1,120,hortelanos,226,281,4,471,905,0,0,0,99,143,0,0,0,4,1,0,1
1492,1,121,hortelanos,226,283,4,434,897,0,0,0,99,143,0,0,0,4,1,2,0
1492,1,122,hortelanos,226,283,4,449,889,0,0,0,99,145,0,0,0,4,1,1,0
1492,1,123,hortelanos,226,283,4,464,882,0,0,0,99,145,0,0,0,4,1,0,1
1492,1,124,hortelanos,226,283,4,479,875,0,0,0,99,145,0,0,0,4,1,1,0
1492,1,125,hortelanos,226,283,4,439,866,0,0,0,99,137,0,0,0,4,1,2,0
1492,1,126,hortelanos,226,283,4,459,860,0,0,0,99,147,0,0,0,4,1,1,0
1492,1,127,hortelanos,226,283,4,479,854,0,0,0,99,147,0,0,0,4,1,0,1
1492,1,128,hortelanos,226,283,4,499,848,0,0,0,99,147,0,0,0,4,1,0,1
1492,1,129,hortelanos,226,283,4,469,842,0,0,0,99,147,0,0,0,4,1,2,0
1492,1,130,hortelanos,226,283,4,459,798,0,0,0,99,147,0,0,0,4,1,1,0
1492,1,131,hortelanos,226,283,4,479,794,0,0,0,99,147,0,0,0,4,1,1,0
1492,1,132,hortelanos,258,340,5,499,791,0,0,0,99,147,0,0,0,4,1,0,1
1492,1,133,hortelanos,258,342,5,522,773,0,0,0,99,157,0,0,0,4,1,2,0
1492,1,134,hortelanos,258,343,5,549,756,0,0,0,99,161,0,0,0,4,1,0,1
1492,1,135,hortelanos,258,343,5,578,740,0,0,0,99,163,0,0,0,4,1,0,1
1492,1,136,hortelanos,258,343,5,607,724,0,0,0,99,163,0,0,0,4,1,0,1
1492,1,137,hortelanos,258,343,5,636,709,0,0,0,99,163,0,0,0,4,1,0,1
1492,1,138,hortelanos,258,343,5,665,695,0,0,0,99,163,0,0,0,4,1,0,1
1492,1,139,hortelanos,258,343,5,694,681,0,0,0,99,163,0,0,0,4,1,0,1
1492,1,140,hortelanos,258,343,5,723,668,0,0,0,99,163,0,0,0,4,1,0,1
1492,1,141,hortelanos,258,343,5,752,655,0,0,0,99,163,0,0,0,4,1,0,1
1492,1,142,hortelanos,258,343,5,781,643,0,0,0,99,163,0,0,0,4,1,0,1
1492,1,143,hortelanos,258,343,5,810,631,0,0,0,99,163,0,0,0,4,1,0,1
1492,1,144,hortelanos,258,343,5,829,620,0,0,0,99,153,0,0,0,4,1,0,1
1492,1,145,hortelanos,258,343,5,848,609,0,0,0,99,153,0,0,0,4,1,0,1
1492,1,146,hortelanos,258,343,5,867,599,0,0,0,99,153,0,0,0,4,1,0,1
1492,1,147,hortelanos,258,343,5,886,589,0,0,0,99,153,0,0,0,4,1,0,1
1492,1,148,hortelanos,258,343,5,905,579,0,0,0,99,153,0,0,0,4,1,0,1
1492,1,149,hortelanos,258,343,5,924,570,0,0,0,99,153,0,0,0,4,1,1,0
1492,1,150,hortelanos,258,343,5,947,561,0,0,0,99,155,0,0,0,4,1,0,1
1492,1,151,hortelanos,258,343,5,970,552,0,0,0,99,155,0,0,0,4,1,1,0
1492,1,152,hortelanos,258,343,5,992,562,0,0,0,118,174,0,0,0,4,1,0,1
1492,1,153,hortelanos,258,343,5,1014,572,0,0,0,118,174,0,0,0,4,1,0,1
1492,1,154,hortelanos,258,343,5,1036,581,0,0,0,118,174,0,0,0,4,1,0,1
1492,1,155,hortelanos,258,343,5,1058,590,0,0,0,118,174,0,0,0,4,1,0,1
1492,1,156,hortelanos,258,343,5,1080,599,0,0,0,118,174,0,0,0,4,1,0,1
1492,1,157,hortelanos,258,343,5,1102,607,0,0,0,118,174,0,0,0,4,1,0,1
1492,1,158,hortelanos,258,343,5,1124,615,0,0,0,118,174,0,0,0,4,1,1,0
1492,1,159,hortelanos,258,343,5,1150,623,0,0,0,118,178,0,0,0,4,1,0,1
1492,1,160,hortelanos,258,343,5,1176,630,0,0,0,118,178,0,0,0,4,1,0,1
1492,1,161,hortelanos,258,343,5,1202,637,0,0,0,118,178,0,0,0,4,1,0,1
1492,1,162,hortelanos,258,343,5,1228,644,0,0,0,118,178,0,0,0,4,1,0,1
1492,1,163,hortelanos,258,343,5,1254,650,0,0,0,118,178,0,0,0,4,1,0,1
1492,1,164,hortelanos,258,343,5,1280,656,0,0,0,118,178,0,0,0,4,1,0,1
1492,1,165,hortelanos,258,343,5,1306,662,0,0,0,118,178,0,0,0,4,1,0,1
1492,1,166,hortelanos,258,343,5,1332,668,0,0,0,118,178,0,0,0,4,1,0,1
1492,1,167,hortelanos,258,343,5,1358,673,0,0,0,118,178,0,0,0,4,1,0,1
1492,1,168,hortelanos,258,343,5,1374,678,0,0,0,118,168,0,0,0,4,1,0,1
1492,1,169,hortelanos,258,343,5,1390,683,0,0,0,118,168,0,0,0,4,1,0,1
1492,1,170,hortelanos,258,343,5,1406,688,0,0,0,118,168,0,0,0,4,1,0,1
1492,1,171,hortelanos,258,343,5,1422,693,0,0,0,118,168,0,0,0,4,1,0,1
1492,1,172,hortelanos,258,343,5,1438,697,0,0,0,118,168,0,0,0,4,1,0,1
1492,1,173,hortelanos,258,343,5,1454,701,0,0,0,118,168,0,0,0,4,1,0,1
1492,1,174,hortelanos,258,343,5,1480,705,0,0,0,118,178,0,0,0,4,1,0,1
1492,1,175,hortelanos,258,343,5,1506,709,0,0,0,118,178,0,0,0,4,1,0,1
1492,1,176,hortelanos,258,343,5,1532,713,0,0,0,118,178,0,0,0,4,1,0,1
1492,1,177,hortelanos,258,343,5,1558,717,0,0,0,118,178,0,0,0,4,1,0,1
1492,1,178,hortelanos,258,343,5,1584,720,0,0,0,118,178,0,0,0,4,1,0,1
1492,1,179,hortelanos,258,343,5,1610,723,0,0,0,118,178,0,0,0,4,1,0,1
1492,1,180,hortelanos,258,343,5,1636,726,0,0,0,118,178,0,0,0,4,1,0,1
1492,1,181,hortelanos,258,343,5,1662,729,0,0,0,118,178,0,0,0,4,1,0,1
1492,1,182,hortelanos,258,343,5,1688,732,0,0,0,118,178,0,0,0,4,1,0,1
1492,1,183,hortelanos,258,343,5,1714,735,0,0,0,118,178,0,0,0,4,1,0,1
1492,1,184,hortelanos,258,343,5,1740,738,0,0,0,118,178,0,0,0,4,1,0,1
1492,1,185,hortelanos,258,343,5,1766,741,0,0,0,118,178,0,0,0,4,1,0,1
1492,1,186,hortelanos,258,343,5,1792,744,0,0,0,118,178,0,0,0,4,1,0,1
1492,1,187,hortelanos,258,343,5,1818,746,0,0,0,118,178,0,0,0,4,1,0,1
1492,1,188,hortelanos,258,343,5,1844,748,0,0,0,118,178,0,0,0,4,1,0,1
1492,1,189,hortelanos,258,343,5,1870,750,0,0,0,118,178,0,0,0,4,1,0,1
1492,1,190,hortelanos,258,343,5,1896,752,0,0,0,118,178,0,0,0,4,1,0,1
1492,1,191,hortelanos,258,343,5,1922,754,0,0,0,118,178,0,0,0,4,1,0,1
1492,1,192,hortelanos,258,343,5,1938,756,0,0,0,118,168,0,0,0,4,1,0,1
1492,1,193,hortelanos,258,343,5,1954,767,0,0,0,127,177,0,0,0,4,1,0,1
1492,1,194,hortelanos,258,343,5,1970,777,0,0,0,127,177,0,0,0,4,1,0,1
1492,1,195,hortelanos,258,343,5,1986,787,0,0,0,127,177,0,0,0,4,1,0,1
1492,1,196,hortelanos,258,343,5,2002,796,0,0,0,127,177,0,0,0,4,1,0,1
1492,1,197,hortelanos,258,343,5,2018,796,0,0,0,118,168,0,0,0,4,1,0,1
1492,1,198,hortelanos,258,343,5,2044,796,0,0,0,118,178,0,0,0,4,1,0,1
1492,1,199,hortelanos,258,343,5,2070,796,0,0,0,118,178,0,0,0,4,1,0,1
1492,1,200,hortelanos,258,343,5,2096,796,0,0,0,118,178,0,0,0,4,1,0,1
1492,1,1,mercaderes,34,56,1,28,62,0,0,0,9,21,0,0,0,0,1,4,0
1492,1,2,mercaderes,33,52,1,9,44,0,0,0,9,14,0,0,0,0,1,2,0
1492,1,3,mercaderes,33,52,1,10,23,0,0,0,9,14,0,0,0,0,1,3,0
1492,1,4,mercaderes,33,52,1,11,17,0,0,0,9,14,0,0,0,0,1,0,1
1492,1,5,mercaderes,46,52,1,12,14,0,0,0,12,17,0,1,0,1,1,0,1
1492,1,6,mercaderes,46,52,1,26,13,0,0,0,12,30,0,0,0,1,1,3,0
1492,1,7,mercaderes,46,52,1,40,12,0,0,0,12,30,0,0,0,1,1,0,1
1492,1,8,mercaderes,49,52,1,54,11,0,0,0,12,30,0,0,0,1,1,0,1
1492,1,9,mercaderes,49,52,1,68,10,0,0,0,12,30,0,0,0,1,1,2,0
1492,1,10,mercaderes,49,52,1,82,9,0,0,0,12,30,0,0,0,1,1,0,1
1492,1,11,mercaderes,49,52,1,74,20,0,0,0,24,42,0,0,0,1,1,3,0
1492,1,12,mercaderes,52,54,1,82,32,0,0,0,24,42,0,0,0,1,1,2,0
1492,1,13,mercaderes,53,56,1,84,43,0,0,0,24,42,0,0,0,1,1,5,0
1492,1,14,mercaderes,52,54,1,62,44,0,0,0,24,42,0,0,0,1,1,4,0
1492,1,15,mercaderes,52,52,1,66,46,0,0,0,24,42,0,0,0,1,1,2,0
1492,1,16,mercaderes,52,50,1,60,46,0,0,0,24,42,0,0,0,1,1,1,0
1492,1,17,mercaderes,52,52,1,74,48,0,0,0,15,33,0,0,0,1,1,0,1
1492,1,18,mercaderes,52,54,1,74,48,0,0,0,15,33,0,0,0,1,1,2,0
1492,1,19,mercaderes,53,56,1,84,49,0,0,0,15,33,0,0,0,1,1,2,0
1492,1,20,mercaderes,53,58,1,84,49,0,0,0,15,33,0,0,0,1,1,3,0
1492,1,21,mercaderes,54,60,1,84,50,0,0,0,15,33,0,0,0,1,1,3,0
1492,1,22,mercaderes,54,60,1,76,50,0,0,0,15,35,0,0,0,1,1,3,0
1492,1,23,mercaderes,54,60,1,86,43,0,0,0,9,29,0,0,0,1,1,2,0
1492,1,24,mercaderes,54,60,1,82,35,0,0,0,9,23,0,1,0,1,1,3,0
1492,1,25,mercaderes,54,60,1,82,30,0,0,0,9,27,0,0,0,1,1,3,0
1492,1,26,mercaderes,54,60,1,78,26,0,0,0,9,27,0,0,0,1,1,3,0
1492,1,27,mercaderes,54,60,1,78,22,0,0,0,9,27,0,0,0,1,1,3,0
1492,1,28,mercaderes,54,60,1,74,18,0,0,0,9,27,0,0,0,1,1,3,0
1492,1,29,mercaderes,54,60,1,74,17,0,0,0,12,30,0,0,0,1,1,2,0
1492,1,30,mercaderes,54,60,1,86,15,0,0,0,12,36,0,0,0,1,1,2,0
1492,1,31,mercaderes,54,60,1,86,13,0,0,0,12,36,0,0,0,1,1,3,0
1492,1,32,mercaderes,54,60,1,88,12,0,0,0,12,36,0,0,0,1,1,3,0
1492,1,33,mercaderes,54,60,1,88,11,0,0,0,12,36,0,0,0,1,1,3,0
1492,1,34,mercaderes,54,60,1,87,11,0,0,0,12,36,0,0,0,1,1,3,0
1492,1,35,mercaderes,54,60,1,87,23,0,0,0,24,48,0,0,0,1,1,3,0
1492,1,36,mercaderes,54,60,1,89,33,0,0,0,24,48,0,0,0,1,1,3,0
1492,1,37,mercaderes,54,60,1,89,43,0,0,0,24,48,0,0,0,1,1,3,0
1492,1,38,mercaderes,54,60,1,88,53,0,0,0,24,48,0,0,0,1,1,3,0
1492,1,39,mercaderes,54,60,1,88,63,0,0,0,24,48,0,0,0,1,1,3,0
1492,1,40,mercaderes,54,60,1,87,73,0,0,0,24,48,0,0,0,1,1,3,0
1492,1,41,mercaderes,69,60,1,87,74,0,0,0,15,39,0,0,0,2,1,3,0
1492,1,42,mercaderes,69,60,1,89,74,0,0,0,15,39,0,0,0,2,1,3,0
1492,1,43,mercaderes,69,60,1,89,74,0,0,0,15,39,0,0,0,2,1,3,0
1492,1,44,mercaderes,69,60,1,88,75,0,0,0,15,39,0,0,0,2,1,3,0
1492,1,45,mercaderes,69,60,1,88,75,0,0,0,15,39,0,0,0,2,1,3,0
1492,1,46,mercaderes,69,60,1,88,75,0,0,0,15,39,0,0,0,2,1,3,0
1492,1,47,mercaderes,69,60,1,88,70,0,0,0,9,33,0,0,0,2,1,3,0
1492,1,48,mercaderes,69,60,1,82,65,0,0,0,9,27,0,0,0,2,1,3,0
1492,1,49,mercaderes,69,60,1,82,60,0,0,0,9,27,0,0,0,2,1,3,0
1492,1,50,mercaderes,69,60,1,79,54,0,0,0,9,27,0,0,0,2,1,3,0
1492,1,51,mercaderes,69,60,1,78,49,0,0,0,9,27,0,0,0,2,1,3,0
1492,1,52,mercaderes,69,60,1,75,44,0,0,0,9,27,0,0,0,2,1,3,0
1492,1,53,mercaderes,69,60,1,74,42,0,0,0,12,30,0,0,0,2,1,2,0
1492,1,54,mercaderes,69,60,1,87,39,0,0,0,12,36,0,0,0,2,1,2,0
1492,1,55,mercaderes,69,60,1,86,36,0,0,0,12,36,0,0,0,2,1,3,0
1492,1,56,mercaderes,69,60,1,89,34,0,0,0,12,36,0,0,0,2,1,3,0
1492,1,57,mercaderes,69,60,1,88,32,0,0,0,12,36,0,0,0,2,1,3,0
1492,1,58,mercaderes,69,60,1,88,31,0,0,0,12,36,0,0,0,2,1,3,0
1492,1,59,mercaderes,69,60,1,87,42,0,0,0,24,48,0,0,0,2,1,3,0
1492,1,60,mercaderes,69,60,1,87,52,0,0,0,24,48,0,0,0,2,1,3,0
1492,1,61,mercaderes,69,60,1,89,61,0,0,0,24,48,0,0,0,2,1,3,0
1492,1,62,mercaderes,69,60,1,89,70,0,0,0,24,48,0,0,0,2,1,3,0
1492,1,63,mercaderes,69,60,1,88,79,0,0,0,24,48,0,0,0,2,1,3,0
1492,1,64,mercaderes,69,60,1,88,88,0,0,0,24,48,0,0,0,2,1,3,0
1492,1,65,mercaderes,69,60,1,87,88,0,0,0,15,39,0,0,0,2,1,3,0
1492,1,66,mercaderes,69,60,1,87,88,0,0,0,15,39,0,0,0,2,1,3,0
1492,1,67,mercaderes,69,60,1,89,87,0,0,0,15,39,0,0,0,2,1,3,0
1492,1,68,mercaderes,69,60,1,89,86,0,0,0,15,39,0,0,0,2,1,3,0
1492,1,69,mercaderes,69,60,1,88,86,0,0,0,15,39,0,0,0,2,1,3,0
1492,1,70,mercaderes,69,60,1,88,86,0,0,0,15,39,0,0,0,2,1,3,0
1492,1,71,mercaderes,69,60,1,87,80,0,0,0,9,33,0,0,0,2,1,3,0
1492,1,72,mercaderes,69,60,1,82,75,0,0,0,9,27,0,0,0,2,1,3,0
1492,1,73,mercaderes,69,60,1,84,69,0,0,0,9,27,0,0,0,2,1,3,0
1492,1,74,mercaderes,69,60,1,79,63,0,0,0,9,27,0,0,0,2,1,3,0
1492,1,75,mercaderes,69,60,1,81,57,0,0,0,9,27,0,0,0,2,1,3,0
1492,1,76,mercaderes,69,60,1,76,51,0,0,0,9,27,0,0,0,2,1,3,0
1492,1,77,mercaderes,69,60,1,78,49,0,0,0,12,30,0,0,0,2,1,2,0
1492,1,78,mercaderes,69,60,1,88,46,0,0,0,12,36,0,0,0,2,1,3,0
1492,1,79,mercaderes,69,60,1,80,44,0,0,0,12,36,0,0,0,2,1,3,0
1492,1,80,mercaderes,69,60,1,87,43,0,0,0,12,36,0,0,0,2,1,3,0
1492,1,81,mercaderes,69,60,1,82,41,0,0,0,12,36,0,0,0,2,1,3,0
1492,1,82,mercaderes,69,60,1,89,39,0,0,0,12,36,0,0,0,2,1,3,0
1492,1,83,mercaderes,69,60,1,84,49,0,0,0,24,48,0,0,0,2,1,3,0
1492,1,84,mercaderes,69,60,1,88,59,0,0,0,24,48,0,0,0,2,1,3,0
1492,1,85,mercaderes,69,60,1,86,68,0,0,0,24,48,0,0,0,2,1,3,0
1492,1,86,mercaderes,69,60,1,87,77,0,0,0,24,48,0,0,0,2,1,3,0
1492,1,87,mercaderes,69,60,1,88,85,0,0,0,24,48,0,0,0,2,1,3,0
1492,1,88,mercaderes,69,60,1,89,93,0,0,0,24,48,0,0,0,2,1,3,0
1492,1,89,mercaderes,69,60,1,87,93,0,0,0,15,39,0,0,0,2,1,2,0
1492,1,90,mercaderes,69,60,1,86,90,0,0,0,15,39,0,0,0,2,1,2,0
1492,1,91,mercaderes,69,60,1,84,87,0,0,0,15,39,0,0,0,2,1,2,0
1492,1,92,mercaderes,69,60,1,89,84,0,0,0,15,39,0,0,0,2,1,3,0
1492,1,93,mercaderes,69,60,1,86,83,0,0,0,15,39,0,0,0,2,1,3,0
1492,1,94,mercaderes,69,60,1,88,83,0,0,0,15,39,0,0,0,2,1,3,0
1492,1,95,mercaderes,69,60,1,88,76,0,0,0,9,33,0,0,0,2,1,3,0
1492,1,96,mercaderes,69,60,1,81,71,0,0,0,9,27,0,0,0,2,1,3,0
1492,1,97,mercaderes,69,60,1,81,66,0,0,0,9,27,0,0,0,2,1,3,0
1492,1,98,mercaderes,69,60,1,77,60,0,0,0,9,27,0,0,0,2,1,3,0
1492,1,99,mercaderes,69,60,1,77,54,0,0,0,9,27,0,0,0,2,1,2,0
1492,1,100,mercaderes,69,60,1,83,48,0,0,0,9,27,0,0,0,2,1,2,0
1492,1,101,mercaderes,69,60,1,83,45,0,0,0,12,30,0,0,0,2,1,3,0
1492,1,102,mercaderes,69,60,1,85,43,0,0,0,12,36,0,0,0,2,1,3,0
1492,1,103,mercaderes,69,60,1,85,41,0,0,0,12,36,0,0,0,2,1,3,0
1492,1,104,mercaderes,69,60,1,87,39,0,0,0,12,36,0,0,0,2,1,3,0
1492,1,105,mercaderes,69,60,1,87,37,0,0,0,12,36,0,0,0,2,1,3,0
1492,1,106,mercaderes,69,60,1,89,35,0,0,0,12,36,0,0,0,2,1,3,0
1492,1,107,mercaderes,69,60,1,89,45,0,0,0,24,48,0,0,0,2,1,3,0
1492,1,108,mercaderes,69,60,1,88,55,0,0,0,24,48,0,0,0,2,1,3,0
1492,1,109,mercaderes,69,60,1,88,65,0,0,0,24,48,0,0,0,2,1,3,0
1492,1,110,mercaderes,69,60,1,87,75,0,0,0,24,48,0,0,0,2,1,3,0
1492,1,111,mercaderes,69,60,1,87,84,0,0,0,24,48,0,0,0,2,1,3,0
1492,1,112,mercaderes,69,60,1,89,92,0,0,0,24,48,0,0,0,2,1,3,0
1492,1,113,mercaderes,69,60,1,89,91,0,0,0,15,39,0,0,0,2,1,2,0
1492,1,114,mercaderes,69,60,1,86,88,0,0,0,15,39,0,0,0,2,1,2,0
1492,1,115,mercaderes,69,60,1,86,85,0,0,0,15,39,0,0,0,2,1,3,0
1492,1,116,mercaderes,69,60,1,88,84,0,0,0,15,39,0,0,0,2,1,3,0
1492,1,117,mercaderes,69,60,1,88,83,0,0,0,15,39,0,0,0,2,1,3,0
1492,1,118,mercaderes,69,60,1,87,83,0,0,0,15,39,0,0,0,2,1,3,0
1492,1,119,mercaderes,69,60,1,87,77,0,0,0,9,33,0,0,0,2,1,3,0
1492,1,120,mercaderes,69,60,1,83,71,0,0,0,9,27,0,0,0,2,1,3,0
1492,1,121,mercaderes,69,60,1,83,65,0,0,0,9,27,0,0,0,2,1,3,0
1492,1,122,mercaderes,69,60,1,79,59,0,0,0,9,27,0,0,0,2,1,3,0
1492,1,123,mercaderes,69,60,1,79,53,0,0,0,9,27,0,0,0,2,1,3,0
1492,1,124,mercaderes,69,60,1,75,48,0,0,0,9,27,0,0,0,2,1,3,0
1492,1,125,mercaderes,69,60,1,75,46,0,0,0,12,30,0,0,0,2,1,2,0
1492,1,126,mercaderes,69,60,1,87,43,0,0,0,12,36,0,0,0,2,1,2,0
1492,1,127,mercaderes,69,60,1,87,40,0,0,0,12,36,0,0,0,2,1,3,0
1492,1,128,mercaderes,69,60,1,89,38,0,0,0,12,36,0,0,0,2,1,3,0
1492,1,129,mercaderes,69,60,1,89,36,0,0,0,12,36,0,0,0,2,1,3,0
1492,1,130,mercaderes,69,60,1,88,35,0,0,0,12,36,0,0,0,2,1,3,0
1492,1,131,mercaderes,69,60,1,88,46,0,0,0,24,48,0,0,0,2,1,3,0
1492,1,132,mercaderes,69,60,1,87,56,0,0,0,24,48,0,0,0,2,1,3,0
1492,1,133,mercaderes,69,60,1,87,66,0,0,0,24,48,0,0,0,2,1,3,0
1492,1,134,mercaderes,69,60,1,90,74,0,0,0,24,48,0,0,0,2,1,3,0
1492,1,135,mercaderes,69,60,1,90,82,0,0,0,24,48,0,0,0,2,1,3,0
1492,1,136,mercaderes,69,60,1,90,91,0,0,0,24,48,0,0,0,2,1,3,0
1492,1,137,mercaderes,69,60,1,90,91,0,0,0,15,39,0,0,0,2,1,2,0
1492,1,138,mercaderes,69,60,1,87,88,0,0,0,15,39,0,0,0,2,1,2,0
1492,1,139,mercaderes,69,60,1,87,85,0,0,0,15,39,0,0,0,2,1,3,0
1492,1,140,mercaderes,69,60,1,90,84,0,0,0,15,39,0,0,0,2,1,3,0
1492,1,141,mercaderes,69,60,1,89,83,0,0,0,15,39,0,0,0,2,1,3,0
1492,1,142,mercaderes,69,60,1,89,83,0,0,0,15,39,0,0,0,2,1,3,0
1492,1,143,mercaderes,69,60,1,88,77,0,0,0,9,33,0,0,0,2,1,3,0
1492,1,144,mercaderes,69,60,1,82,72,0,0,0,9,27,0,0,0,2,1,3,0
1492,1,145,mercaderes,69,60,1,81,67,0,0,0,9,27,0,0,0,2,1,3,0
1492,1,146,mercaderes,69,60,1,78,61,0,0,0,9,27,0,0,0,2,1,3,0
1492,1,147,mercaderes,69,60,1,77,55,0,0,0,9,27,0,0,0,2,1,3,0
1492,1,148,mercaderes,69,60,1,74,50,0,0,0,9,27,0,0,0,2,1,2,0
1492,1,149,mercaderes,69,60,1,83,47,0,0,0,12,30,0,0,0,2,1,2,0
1492,1,150,mercaderes,69,60,1,86,44,0,0,0,12,36,0,0,0,2,1,3,0
1492,1,151,mercaderes,69,60,1,85,42,0,0,0,12,36,0,0,0,2,1,4,0
1492,1,152,mercaderes,69,60,1,93,40,0,0,0,12,41,0,0,0,2,1,3,0
1492,1,153,mercaderes,69,60,1,92,38,0,0,0,12,41,0,0,0,2,1,3,0
1492,1,154,mercaderes,69,60,1,97,40,0,0,0,15,44,0,0,0,2,1,3,0
1492,1,155,mercaderes,69,60,1,96,56,0,0,0,30,59,0,0,0,2,1,3,0
1492,1,156,mercaderes,69,60,1,91,73,0,0,0,30,59,0,0,0,2,1,3,0
1492,1,157,mercaderes,69,60,1,90,89,0,0,0,30,59,0,0,0,2,1,3,0
1492,1,158,mercaderes,69,60,1,95,103,0,0,0,30,59,0,0,0,2,1,3,0
1492,1,159,mercaderes,69,60,1,94,117,0,0,0,30,59,0,0,0,2,1,2,0
1492,1,160,mercaderes,69,60,1,97,121,0,0,0,24,53,0,0,0,2,1,2,0
1492,1,161,mercaderes,69,60,1,96,117,0,0,0,15,44,0,0,0,2,1,2,0
1492,1,162,mercaderes,69,60,1,92,113,0,0,0,15,44,0,0,0,2,1,2,0
1492,1,163,mercaderes,69,60,1,91,109,0,0,0,15,44,0,0,0,2,1,2,0
1492,1,164,mercaderes,69,60,1,93,105,0,0,0,15,44,0,0,0,2,1,2,0
1492,1,165,mercaderes,69,60,1,92,101,0,0,0,15,44,0,0,0,2,1,2,0
1492,1,166,mercaderes,69,60,1,94,97,0,0,0,15,44,0,0,0,2,1,2,0
1492,1,167,mercaderes,69,60,1,93,88,0,0,0,9,38,0,0,0,2,1,2,0
1492,1,168,mercaderes,69,60,1,87,79,0,0,0,9,30,0,0,0,2,1,3,0
1492,1,169,mercaderes,69,60,1,90,74,0,0,0,9,30,0,0,0,2,1,3,0
1492,1,170,mercaderes,69,60,1,87,68,0,0,0,9,30,0,0,0,2,1,3,0
1492,1,171,mercaderes,69,60,1,86,63,0,0,0,9,30,0,0,0,2,1,3,0
1492,1,172,mercaderes,69,60,1,86,57,0,0,0,9,30,0,0,0,2,1,3,0
1492,1,173,mercaderes,69,60,1,85,54,0,0,0,12,33,0,0,0,2,1,3,0
1492,1,174,mercaderes,69,60,1,93,51,0,0,0,12,41,0,0,0,2,1,3,0
1492,1,175,mercaderes,69,60,1,92,49,0,0,0,12,41,0,0,0,2,1,3,0
1492,1,176,mercaderes,69,60,1,97,48,0,0,0,12,41,0,0,0,2,1,3,0
1492,1,177,mercaderes,69,60,1,96,47,0,0,0,12,41,0,0,0,2,1,3,0
1492,1,178,mercaderes,69,60,1,92,47,0,0,0,12,41,0,0,0,2,1,3,0
1492,1,179,mercaderes,69,60,1,91,58,0,0,0,24,53,0,0,0,2,1,3,0
1492,1,180,mercaderes,69,60,1,96,68,0,0,0,24,53,0,0,0,2,1,3,0
1492,1,181,mercaderes,69,60,1,95,77,0,0,0,24,53,0,0,0,2,1,3,0
1492,1,182,mercaderes,69,60,1,90,87,0,0,0,24,53,0,0,0,2,1,3,0
1492,1,183,mercaderes,69,60,1,99,96,0,0,0,24,53,0,0,0,2,1,3,0
1492,1,184,mercaderes,69,60,1,95,104,0,0,0,24,53,0,0,0,2,1,2,0
1492,1,185,mercaderes,69,60,1,94,100,0,0,0,15,44,0,0,0,2,1,2,0
1492,1,186,mercaderes,69,60,1,97,96,0,0,0,15,44,0,0,0,2,1,2,0
1492,1,187,mercaderes,69,60,1,96,93,0,0,0,15,44,0,0,0,2,1,2,0
1492,1,188,mercaderes,69,60,1,92,90,0,0,0,15,44,0,0,0,2,1,2,0
1492,1,189,mercaderes,69,60,1,91,87,0,0,0,15,44,0,0,0,2,1,2,0
1492,1,190,mercaderes,69,60,1,93,84,0,0,0,15,44,0,0,0,2,1,3,0
1492,1,191,mercaderes,69,60,1,96,78,0,0,0,9,38,0,0,0,2,1,3,0
1492,1,192,mercaderes,69,60,1,90,73,0,0,0,9,30,0,0,0,2,1,3,0
1492,1,193,mercaderes,69,60,1,83,69,0,0,0,9,30,0,0,0,2,1,3,0
1492,1,194,mercaderes,69,60,1,86,64,0,0,0,9,30,0,0,0,2,1,3,0
1492,1,195,mercaderes,69,60,1,82,58,0,0,0,9,30,0,0,0,2,1,3,0
1492,1,196,mercaderes,69,60,1,85,52,0,0,0,9,30,0,0,0,2,1,3,0
1492,1,197,mercaderes,69,60,1,81,50,0,0,0,12,33,0,0,0,2,1,3,0
1492,1,198,mercaderes,69,60,1,92,48,0,0,0,12,41,0,0,0,2,1,3,0
1492,1,199,mercaderes,69,60,1,88,46,0,0,0,12,41,0,0,0,2,1,3,0
1492,1,200,mercaderes,69,60,1,96,45,0,0,0,12,41,0,0,0,2,1,3,0
1492,1,1,mesta,36,66,1,30,59,0,0,0,8,22,0,0,0,0,1,4,0
1492,1,2,mesta,35,62,1,12,24,0,0,0,8,14,0,0,0,0,1,5,0
1492,1,3,mesta,35,62,1,14,15,0,0,0,8,14,0,0,0,0,1,0,1
1492,1,4,mesta,98,62,1,16,6,0,0,0,8,14,0,0,0,1,1,0,1
1492,1,5,mesta,98,62,1,18,0,0,0,0,11,17,0,1,0,1,1,2,0
1492,1,6,mesta,97,62,1,34,0,0,0,0,11,31,1,0,0,1,1,1,0
1492,1,7,mesta,99,62,1,50,0,0,0,0,11,31,1,0,0,1,1,1,0
1492,1,8,mesta,98,61,1,66,0,0,0,0,11,31,1,0,0,1,1,2,0
1492,1,9,mesta,97,60,1,82,0,0,0,0,11,31,1,0,0,1,1,0,1
1492,1,10,mesta,95,59,1,76,0,0,0,0,11,31,1,0,0,1,1,3,0
1492,1,11,mesta,95,59,1,72,10,0,0,0,22,40,0,0,0,1,1,2,0
1492,1,12,mesta,95,57,1,56,17,0,0,0,22,40,0,1,0,1,1,4,0
1492,1,13,mesta,95,59,1,73,38,0,0,0,33,51,0,0,0,1,1,1,0
1492,1,14,mesta,96,60,1,74,56,0,0,0,33,51,0,0,0,1,1,3,0
1492,1,15,mesta,98,58,1,60,64,0,0,0,33,53,0,0,0,1,1,4,0
1492,1,16,mesta,98,56,1,59,73,0,0,0,33,51,0,0,0,1,1,4,0
1492,1,17,mesta,113,58,1,73,78,0,0,0,21,39,0,0,0,2,1,0,1
1492,1,18,mesta,114,60,1,74,83,0,0,0,21,39,0,0,0,2,1,3,0
1492,1,19,mesta,117,60,1,80,88,0,0,0,21,41,0,0,0,2,1,3,0
1492,1,20,mesta,117,60,1,81,93,0,0,0,21,41,0,0,0,2,1,5,0
1492,1,21,mesta,117,60,1,84,98,0,0,0,21,41,0,0,0,2,1,2,0
1492,1,22,mesta,117,60,1,84,101,0,0,0,21,41,0,0,0,2,1,2,0
1492,1,23,mesta,117,60,1,77,96,0,0,0,12,32,0,0,0,2,1,2,0
1492,1,24,mesta,117,60,1,81,82,0,0,0,12,26,0,0,0,2,1,6,0
1492,1,25,mesta,117,60,1,78,76,0,0,0,12,26,0,1,0,2,1,3,0
1492,1,26,mesta,120,60,1,79,74,0,0,0,12,30,0,0,0,2,1,3,0
1492,1,27,mesta,120,60,1,76,72,0,0,0,12,30,0,0,0,2,1,5,0
1492,1,28,mesta,120,60,1,75,70,0,0,0,12,30,0,0,0,2,1,2,0
1492,1,29,mesta,120,60,1,82,71,0,0,0,16,34,0,0,0,2,1,2,0
1492,1,30,mesta,120,60,1,87,72,0,0,0,16,40,0,0,0,2,1,3,0
1492,1,31,mesta,120,60,1,84,74,0,0,0,16,40,0,0,0,2,1,3,0
1492,1,32,mesta,120,60,1,89,75,0,0,0,16,40,0,0,0,2,1,3,0
1492,1,33,mesta,120,60,1,86,76,0,0,0,16,40,0,0,0,2,1,3,0
1492,1,34,mesta,120,60,1,88,78,6,0,0,16,40,0,0,0,2,1,3,0
1492,1,35,mesta,120,60,1,88,98,0,0,0,35,59,0,0,0,2,1,4,0
1492,1,36,mesta,120,60,1,372,118,0,0,0,35,59,0,0,0,2,1,2,0
1492,1,37,mesta,120,60,1,247,134,0,0,0,35,59,0,0,0,2,1,3,0
1492,1,38,mesta,120,60,1,199,151,0,0,0,35,59,0,0,0,2,1,2,0
1492,1,39,mesta,120,60,1,149,167,0,0,0,35,59,0,0,0,2,1,2,0
1492,1,40,mesta,120,60,1,129,182,0,0,0,35,59,0,0,0,2,1,2,0
1492,1,41,mesta,120,60,1,104,184,0,0,0,22,46,0,0,0,2,1,2,0
1492,1,42,mesta,120,60,1,105,185,0,0,0,22,46,0,0,0,2,1,2,0
1492,1,43,mesta,120,60,1,96,186,0,0,0,22,46,0,0,0,2,1,2,0
1492,1,44,mesta,120,60,1,91,187,0,0,0,22,46,0,0,0,2,1,2,0
1492,1,45,mesta,120,60,1,88,188,0,0,0,22,46,0,0,0,2,1,2,0
1492,1,46,mesta,120,60,1,89,189,0,0,0,22,46,0,0,0,2,1,2,0
1492,1,47,mesta,120,60,1,85,181,0,0,0,13,37,0,0,0,2,1,2,0
1492,1,48,mesta,120,60,1,80,173,0,0,0,13,31,0,0,0,2,1,2,0
1492,1,49,mesta,120,60,1,82,166,0,0,0,13,31,0,0,0,2,1,2,0
1492,1,50,mesta,120,60,1,77,159,0,0,0,13,31,0,0,0,2,1,2,0
1492,1,51,mesta,120,60,1,79,152,0,0,0,13,31,0,0,0,2,1,2,0
1492,1,52,mesta,120,60,1,80,145,0,0,0,13,31,0,0,0,2,1,2,0
1492,1,53,mesta,120,60,1,76,143,0,0,0,17,35,0,0,0,2,1,2,0
1492,1,54,mesta,120,60,1,83,141,0,0,0,17,41,0,0,0,2,1,2,0
1492,1,55,mesta,120,60,1,85,139,0,0,0,17,41,0,0,0,2,1,2,0
1492,1,56,mesta,120,60,1,86,137,0,0,0,17,41,0,0,0,2,1,2,0
1492,1,57,mesta,120,60,1,88,135,0,0,0,17,41,0,0,0,2,1,2,0
1492,1,58,mesta,120,60,1,89,133,8,0,0,17,41,0,0,0,2,1,2,0
1492,1,59,mesta,120,60,1,85,149,0,0,0,36,60,0,0,0,2,1,3,0
1492,1,60,mesta,120,60,1,467,165,0,0,0,36,60,0,0,0,2,1,2,0
1492,1,61,mesta,120,60,1,345,180,0,0,0,36,60,0,0,0,2,1,3,0
1492,1,62,mesta,120,60,1,296,196,0,0,0,36,60,0,0,0,2,1,2,0
1492,1,63,mesta,120,60,1,245,211,0,0,0,36,60,0,0,0,2,1,2,0
1492,1,64,mesta,120,60,1,193,225,0,0,0,36,60,0,0,0,2,1,2,0
1492,1,65,mesta,120,60,1,151,226,0,0,0,23,47,0,0,0,2,1,2,0
1492,1,66,mesta,120,60,1,136,227,0,0,0,23,47,0,0,0,2,1,3,0
1492,1,67,mesta,120,63,1,106,225,0,0,0,23,47,0,1,0,2,1,2,0
1492,1,68,mesta,121,66,1,103,225,0,0,0,23,47,0,0,0,2,1,2,0
1492,1,69,mesta,121,69,1,91,224,0,0,0,23,47,0,0,0,2,1,2,0
1492,1,70,mesta,122,72,1,94,222,0,0,0,23,47,0,0,0,2,1,2,0
1492,1,71,mesta,122,72,1,90,210,0,0,0,13,39,0,0,0,2,1,2,0
1492,1,72,mesta,122,72,1,86,198,0,0,0,13,32,0,0,0,2,1,2,0
1492,1,73,mesta,122,72,1,82,187,0,0,0,13,32,0,0,0,2,1,2,0
1492,1,74,mesta,122,72,1,84,176,0,0,0,13,32,0,0,0,2,1,2,0
1492,1,75,mesta,122,72,1,80,166,0,0,0,13,32,0,0,0,2,1,2,0
1492,1,76,mesta,122,72,1,82,156,0,0,0,13,32,0,0,0,2,1,2,0
1492,1,77,mesta,123,75,1,78,151,0,0,0,18,37,0,0,0,2,1,2,0
1492,1,78,mesta,123,75,1,87,146,0,0,0,18,44,0,0,0,2,1,2,0
1492,1,79,mesta,123,75,1,83,142,0,0,0,18,44,0,0,0,2,1,2,0
1492,1,80,mesta,123,75,1,85,138,0,0,0,18,44,0,0,0,2,1,2,0
1492,1,81,mesta,123,75,1,88,134,0,0,0,18,44,0,0,0,2,1,2,0
1492,1,82,mesta,123,75,1,90,130,12,0,0,18,44,0,0,0,2,1,2,0
1492,1,83,mesta,123,78,1,116,145,2,0,0,38,64,0,0,0,2,1,2,0
1492,1,84,mesta,124,81,1,542,159,2,0,0,38,64,0,0,0,2,1,2,0
1492,1,85,mesta,124,82,1,429,171,2,0,0,38,66,0,0,0,2,1,3,0
1492,1,86,mesta,125,86,1,382,185,2,0,0,38,66,0,0,0,2,1,2,0
1492,1,87,mesta,126,90,1,334,196,2,0,0,38,66,0,0,0,2,1,2,0
1492,1,88,mesta,126,90,1,298,206,2,0,0,38,68,0,0,0,2,1,2,0
1492,1,89,mesta,126,90,1,260,202,2,0,0,24,54,0,0,0,2,1,2,0
1492,1,90,mesta,126,90,1,221,198,2,0,0,24,54,0,0,0,2,1,2,0
1492,1,91,mesta,126,90,1,216,193,2,0,0,24,54,0,0,0,2,1,2,0
1492,1,92,mesta,126,90,1,118,187,2,0,0,24,54,0,0,0,2,1,2,0
1492,1,93,mesta,126,90,1,134,181,2,0,0,24,54,0,0,0,2,1,2,0
1492,1,94,mesta,126,90,1,102,175,2,0,0,24,54,0,0,0,2,1,2,0
1492,1,95,mesta,126,90,1,100,160,2,0,0,14,44,0,0,0,2,1,2,0
1492,1,96,mesta,126,90,1,87,145,2,0,0,14,35,0,0,0,2,1,2,0
1492,1,97,mesta,126,90,1,85,131,2,0,0,14,35,0,0,0,2,1,3,0
1492,1,98,mesta,126,90,1,86,120,2,0,0,14,35,0,0,0,2,1,3,0
1492,1,99,mesta,126,90,1,84,109,2,0,0,14,35,0,0,0,2,1,3,0
1492,1,100,mesta,126,90,1,85,98,2,0,0,14,35,0,0,0,2,1,3,0
1492,1,101,mesta,126,90,1,83,93,2,0,0,19,40,0,0,0,2,1,3,0
1492,1,102,mesta,126,90,1,93,88,2,0,0,19,49,0,0,0,2,1,3,0
1492,1,103,mesta,126,90,1,91,83,2,0,0,19,49,0,0,0,2,1,3,0
1492,1,104,mesta,126,90,1,98,79,2,0,0,19,49,0,0,0,2,1,3,0
1492,1,105,mesta,126,90,1,96,75,2,0,0,19,49,0,0,0,2,1,3,0
1492,1,106,mesta,126,90,1,94,73,15,0,0,19,49,0,0,0,2,1,3,0
1492,1,107,mesta,126,90,1,121,89,5,0,0,38,68,0,0,0,2,1,2,0
1492,1,108,mesta,126,90,1,545,100,0,0,0,38,68,0,0,0,2,1,3,0
1492,1,109,mesta,126,90,1,718,116,0,0,0,38,68,0,0,0,2,1,2,0
1492,1,110,mesta,126,90,1,676,136,0,0,0,38,68,0,0,0,2,1,3,0
1492,1,111,mesta,126,90,1,669,157,0,0,0,38,68,0,0,0,2,1,2,0
1492,1,112,mesta,126,90,1,661,177,0,0,0,38,68,0,0,0,2,1,2,0
1492,1,113,mesta,126,90,1,618,172,0,0,0,24,54,0,0,0,2,1,2,0
1492,1,114,mesta,126,90,1,570,168,0,0,0,24,54,0,0,0,2,1,2,0
1492,1,115,mesta,126,90,1,521,163,0,0,0,24,54,0,0,0,2,1,2,0
1492,1,116,mesta,126,90,1,475,158,0,0,0,24,54,0,0,0,2,1,2,0
1492,1,117,mesta,126,90,1,434,153,0,0,0,24,54,0,0,0,2,1,2,0
1492,1,118,mesta,126,90,1,392,148,0,0,0,24,54,0,0,0,2,1,2,0
1492,1,119,mesta,126,90,1,349,134,0,0,0,14,44,0,0,0,2,1,2,0
1492,1,120,mesta,126,90,1,328,130,0,0,0,14,35,0,0,0,2,1,2,0
1492,1,121,mesta,126,90,1,308,127,0,0,0,14,35,0,0,0,2,1,2,0
1492,1,122,mesta,126,90,1,287,124,0,0,0,14,35,0,0,0,2,1,2,0
1492,1,123,mesta,126,90,1,271,121,0,0,0,14,35,0,0,0,2,1,2,0
1492,1,124,mesta,126,90,1,254,118,0,0,0,14,35,0,0,0,2,1,2,0
1492,1,125,mesta,126,90,1,236,120,0,0,0,19,40,0,0,0,2,1,2,0
1492,1,126,mesta,126,90,1,225,122,0,0,0,19,49,0,0,0,2,1,2,0
1492,1,127,mesta,126,90,1,213,124,0,0,0,19,49,0,0,0,2,1,2,0
1492,1,128,mesta,126,90,1,206,126,0,0,0,19,49,0,0,0,2,1,2,0
1492,1,129,mesta,126,90,1,198,128,0,0,0,19,49,0,0,0,2,1,2,0
1492,1,130,mesta,126,90,1,189,130,15,0,0,19,49,0,0,0,2,1,2,0
1492,1,131,mesta,126,90,1,299,150,5,0,0,38,68,0,0,0,2,1,2,0
1492,1,132,mesta,126,90,1,663,159,0,0,0,38,68,0,0,0,2,1,3,0
1492,1,133,mesta,126,90,1,881,168,0,0,0,38,68,0,0,0,2,1,2,0
1492,1,134,mesta,126,90,1,805,128,0,0,0,38,68,0,0,0,2,1,6,0
1492,1,135,mesta,126,90,1,712,138,0,0,0,38,68,0,0,0,2,1,3,0
1492,1,136,mesta,174,132,2,701,157,0,0,0,38,68,0,0,0,3,1,2,0
1492,1,137,mesta,174,132,2,679,152,0,0,0,24,63,0,0,0,3,1,3,0
1492,1,138,mesta,174,132,2,662,145,0,0,0,24,63,0,1,0,3,1,3,0
1492,1,139,mesta,174,132,2,643,143,0,0,0,29,67,0,1,0,3,1,3,0
1492,1,140,mesta,174,132,2,622,147,0,0,0,35,73,0,1,0,3,1,3,0
1492,1,141,mesta,174,134,2,595,155,0,0,0,40,78,0,1,0,3,1,3,0
1492,1,142,mesta,175,136,2,572,169,0,0,0,46,84,0,1,0,3,1,3,0
1492,1,143,mesta,175,136,2,562,166,0,0,0,30,68,0,0,0,3,1,2,0
1492,1,144,mesta,175,136,2,514,121,0,0,0,30,59,0,1,0,3,1,5,0
1492,1,145,mesta,175,136,2,465,82,0,0,0,29,58,0,0,0,3,1,3,0
1492,1,146,mesta,233,176,3,394,83,0,0,0,29,58,0,0,0,4,1,3,0
1492,1,147,mesta,264,231,4,361,75,0,0,0,29,66,0,0,0,4,1,4,0
1492,1,148,mesta,264,231,4,324,53,0,0,0,29,76,0,0,0,4,1,4,0
1492,1,149,mesta,264,231,4,296,37,0,0,0,39,86,0,1,0,4,1,4,0
1492,1,150,mesta,264,231,4,276,26,0,0,0,43,99,0,3,0,4,1,2,0
1492,1,151,mesta,264,231,4,255,27,0,0,0,51,107,0,1,0,4,1,4,0
1492,1,152,mesta,264,231,4,232,33,0,0,0,56,112,0,1,0,4,1,3,0
1492,1,153,mesta,265,235,4,224,42,0,0,0,60,116,0,1,0,4,1,4,0
1492,1,154,mesta,265,235,4,185,29,15,0,0,76,132,0,0,0,4,1,3,0
1492,1,155,mesta,266,241,4,295,125,5,0,0,150,206,0,0,0,4,1,2,0
1492,1,156,mesta,298,304,5,630,167,0,0,0,150,208,0,0,0,4,1,4,0
1492,1,157,mesta,300,311,5,855,235,0,0,0,150,218,0,0,0,4,1,3,0
1492,1,158,mesta,335,386,6,838,302,0,0,0,150,220,0,1,0,4,1,3,0
1492,1,159,mesta,336,390,6,821,365,0,0,0,167,255,0,1,0,4,1,4,0
1492,1,160,mesta,336,394,6,819,390,0,0,0,133,221,0,2,0,4,1,3,0
1492,1,161,mesta,336,394,6,818,383,0,0,0,100,190,0,1,0,4,1,3,0
1492,1,162,mesta,336,394,6,815,376,0,0,0,100,190,0,1,0,4,1,3,0
1492,1,163,mesta,337,396,6,811,378,0,0,0,109,199,0,1,0,4,1,3,0
1492,1,164,mesta,337,398,6,816,388,0,0,0,118,208,0,1,0,4,1,2,0
1492,1,165,mesta,338,400,6,826,406,0,0,0,125,215,0,0,0,4,1,3,0
1492,1,166,mesta,338,400,6,837,422,0,0,0,125,217,0,0,0,4,1,2,0
1492,1,167,mesta,338,400,6,847,390,0,0,0,75,167,0,0,0,4,1,2,0
1492,1,168,mesta,338,400,6,846,359,0,0,0,75,158,0,0,0,4,1,2,0
1492,1,169,mesta,338,400,6,844,329,0,0,0,75,158,0,0,0,4,1,2,0
1492,1,170,mesta,338,400,6,847,300,0,0,0,75,158,0,0,0,4,1,2,0
1492,1,171,mesta,338,400,6,849,273,0,0,0,75,158,0,0,0,4,1,2,0
1492,1,172,mesta,338,400,6,850,247,0,0,0,75,158,0,0,0,4,1,2,0
1492,1,173,mesta,338,400,6,850,245,0,0,0,99,182,0,0,0,4,1,2,0
1492,1,174,mesta,338,400,6,858,243,0,0,0,99,191,0,0,0,4,1,2,0
1492,1,175,mesta,338,400,6,864,241,0,0,0,99,191,0,0,0,4,1,2,0
1492,1,176,mesta,338,400,6,875,239,0,0,0,99,191,0,0,0,4,1,2,0
1492,1,177,mesta,338,400,6,885,237,0,0,0,99,191,0,0,0,4,1,2,0
1492,1,178,mesta,338,400,6,894,235,8,0,0,99,191,0,0,0,4,1,2,0
1492,1,179,mesta,338,400,6,902,327,0,0,0,197,289,0,0,0,4,1,3,0
1492,1,180,mesta,338,400,6,1310,408,0,0,0,197,289,0,0,0,4,1,2,0
1492,1,181,mesta,338,400,6,1317,493,0,0,0,197,289,0,0,0,4,1,2,0
1492,1,182,mesta,338,400,6,1329,575,0,0,0,197,289,0,0,0,4,1,2,0
1492,1,183,mesta,338,400,6,1340,654,0,0,0,197,289,0,0,0,4,1,2,0
1492,1,184,mesta,338,400,6,1349,730,0,0,0,197,289,0,0,0,4,1,2,0
1492,1,185,mesta,338,400,6,1327,723,0,0,0,125,217,0,0,0,4,1,2,0
1492,1,186,mesta,338,403,6,1304,715,0,0,0,125,217,0,1,0,4,1,2,0
1492,1,187,mesta,339,409,6,1279,707,0,0,0,125,217,0,1,0,4,1,3,0
1492,1,188,mesta,341,415,6,1253,697,0,0,0,125,217,0,1,0,4,1,2,0
1492,1,189,mesta,342,424,6,1226,687,0,0,0,125,217,0,1,0,4,1,3,0
1492,1,190,mesta,344,433,6,1206,674,0,0,0,125,219,0,1,0,4,1,2,0
1492,1,191,mesta,344,433,6,1189,614,0,0,0,75,171,0,0,0,4,1,2,0
1492,1,192,mesta,344,433,6,1162,556,0,0,0,75,162,0,0,0,4,1,2,0
1492,1,193,mesta,344,433,6,1163,511,0,0,0,75,162,0,0,0,4,1,2,0
1492,1,194,mesta,344,433,6,1166,467,0,0,0,75,162,0,0,0,4,1,2,0
1492,1,195,mesta,344,433,6,1168,425,0,0,0,75,162,0,0,0,4,1,2,0
1492,1,196,mesta,344,433,6,1175,385,0,0,0,75,162,0,0,0,4,1,2,0
1492,1,197,mesta,344,433,6,1180,370,0,0,0,99,186,0,0,0,4,1,2,0
1492,1,198,mesta,344,433,6,1193,355,0,0,0,99,195,0,0,0,4,1,2,0
1492,1,199,mesta,344,433,6,1205,341,0,0,0,99,195,0,0,0,4,1,2,0
1492,1,200,mesta,344,433,6,1216,327,0,0,0,99,195,0,0,0,4,1,2,0
1492,1,1,monjes,38,76,1,32,63,0,0,0,15,31,0,0,0,0,1,4,0
1492,1,2,monjes,37,72,1,5,46,0,0,0,15,22,0,0,0,0,1,2,0
1492,1,3,monjes,37,72,1,8,38,0,0,0,15,22,0,0,0,0,1,0,1
1492,1,4,monjes,37,72,1,11,30,0,0,0,15,22,0,1,0,0,1,0,1
1492,1,5,monjes,37,72,1,14,39,0,0,0,30,37,0,1,0,0,1,0,1
1492,1,6,monjes,37,72,1,32,49,0,0,0,30,52,0,0,0,0,1,2,0
1492,1,7,monjes,36,68,1,30,35,0,0,0,30,52,0,0,0,0,1,4,0
1492,1,8,monjes,49,68,1,46,47,0,0,0,30,50,0,0,0,1,1,0,1
1492,1,9,monjes,48,64,1,42,48,0,0,0,30,50,0,0,0,1,1,3,0
1492,1,10,monjes,48,64,1,58,56,0,0,0,30,50,0,0,0,1,1,1,0
1492,1,11,monjes,51,64,1,71,96,0,0,0,60,76,0,0,0,1,1,0,1
1492,1,12,monjes,51,64,1,73,135,0,0,0,60,76,0,0,0,1,1,4,0
1492,1,13,monjes,66,64,1,79,162,0,0,0,60,76,0,0,0,2,1,5,0
1492,1,14,monjes,66,64,1,77,198,0,0,0,60,76,0,0,0,2,1,2,0
1492,1,15,monjes,69,64,1,79,233,0,0,0,60,76,0,0,0,2,1,2,0
1492,1,16,monjes,69,64,1,100,256,0,0,0,60,76,0,0,0,2,1,4,0
1492,1,17,monjes,69,64,1,141,256,0,0,0,37,53,0,0,0,2,1,2,0
1492,1,18,monjes,69,64,1,131,256,0,0,0,37,53,0,0,0,2,1,3,0
1492,1,19,monjes,72,64,1,170,256,0,0,0,37,53,0,0,0,2,1,3,0
1492,1,20,monjes,72,64,1,213,256,0,0,0,37,53,0,0,0,2,1,4,0
1492,1,21,monjes,72,64,1,255,256,0,0,0,37,53,0,0,0,2,1,2,0
1492,1,22,monjes,72,64,1,246,256,0,0,0,37,53,0,0,0,2,1,4,0
1492,1,23,monjes,72,60,1,286,232,0,0,0,22,38,0,0,0,2,1,6,0
1492,1,24,monjes,72,60,1,321,211,0,0,0,22,34,0,0,0,2,1,5,0
1492,1,25,monjes,166,66,2,360,200,0,0,0,22,34,0,0,0,3,1,3,0
1492,1,26,monjes,166,67,2,213,188,0,0,0,22,34,0,0,0,3,1,9,0
1492,1,27,monjes,166,68,2,175,179,0,0,0,22,34,0,0,0,3,1,4,0
1492,1,28,monjes,166,69,2,191,175,0,0,0,22,34,0,1,0,3,1,2,0
1492,1,29,monjes,167,70,2,135,188,0,0,0,37,49,0,0,0,3,1,4,0
1492,1,30,monjes,167,71,2,105,201,0,0,0,38,55,0,0,0,3,1,2,0
1492,1,31,monjes,169,67,2,78,208,0,0,0,38,55,0,0,0,3,1,5,0
1492,1,32,monjes,169,68,2,85,212,0,0,0,37,53,0,0,0,3,1,5,0
1492,1,33,monjes,169,69,2,125,206,0,0,0,38,54,0,0,0,3,1,5,0
1492,1,34,monjes,271,76,3,95,212,0,0,0,38,54,0,0,0,4,1,5,0
1492,1,35,monjes,271,78,3,154,245,0,0,0,76,93,0,0,0,4,1,7,0
1492,1,36,monjes,271,75,3,134,295,0,0,0,95,112,0,1,0,4,1,7,0
1492,1,37,monjes,271,77,3,168,355,0,0,0,103,120,0,0,0,4,1,3,0
1492,1,38,monjes,271,79,3,201,415,0,0,0,106,123,0,0,0,4,1,2,0
1492,1,39,monjes,272,81,3,233,476,0,0,0,110,127,0,0,0,4,1,2,0
1492,1,40,monjes,272,83,3,214,537,0,0,0,113,130,0,0,0,4,1,2,0
1492,1,41,monjes,273,85,3,214,517,0,0,0,71,88,0,0,0,4,1,3,0
1492,1,42,monjes,294,93,4,278,577,0,0,0,73,90,0,0,0,4,1,4,0
1492,1,43,monjes,295,96,4,244,587,0,0,0,73,90,0,0,0,4,1,7,0
1492,1,44,monjes,294,94,4,271,591,0,0,0,73,91,0,1,0,4,1,7,0
1492,1,45,monjes,295,97,4,299,608,0,0,0,77,96,0,0,0,4,1,2,0
1492,1,46,monjes,296,100,4,326,626,0,0,0,78,97,0,0,0,4,1,4,0
1492,1,47,monjes,296,103,4,277,575,0,0,0,48,67,0,0,0,4,1,3,0
1492,1,48,monjes,318,112,5,332,606,0,0,0,49,64,0,0,0,4,1,4,0
1492,1,49,monjes,319,116,5,289,589,0,0,0,50,65,0,0,0,4,1,6,0
1492,1,50,monjes,319,115,5,308,569,0,0,0,51,66,0,0,0,4,1,7,0
1492,1,51,monjes,319,119,5,296,514,0,0,0,51,66,0,1,0,4,1,5,0
1492,1,52,monjes,320,123,5,319,508,0,0,0,54,70,0,0,0,4,1,2,0
1492,1,53,monjes,342,133,6,370,561,0,0,0,75,91,0,0,0,4,1,3,0
1492,1,54,monjes,343,138,6,340,566,0,0,0,76,97,0,0,0,4,1,6,0
1492,1,55,monjes,344,143,6,362,571,0,0,0,77,100,0,0,0,4,1,3,0
1492,1,56,monjes,345,148,6,383,581,0,0,0,79,102,0,0,0,4,1,2,0
1492,1,57,monjes,346,153,6,408,589,0,0,0,79,102,0,0,0,4,1,4,0
1492,1,58,monjes,347,158,6,383,595,0,0,0,79,104,0,0,0,4,1,2,0
1492,1,59,monjes,348,163,6,407,678,0,0,0,160,185,0,0,0,4,1,3,0
1492,1,60,monjes,349,168,6,431,757,0,0,0,160,185,0,0,0,4,1,2,0
1492,1,61,monjes,350,173,6,454,830,0,0,0,160,185,0,0,0,4,1,2,0
1492,1,62,monjes,351,178,6,432,900,0,0,0,160,186,0,0,0,4,1,4,0
1492,1,63,monjes,352,183,6,458,966,0,0,0,160,186,0,0,0,4,1,3,0
1492,1,64,monjes,353,188,6,485,1028,0,0,0,160,188,0,0,0,4,1,2,0
1492,1,65,monjes,354,194,6,513,1025,0,0,0,97,126,0,0,0,4,1,2,0
1492,1,66,monjes,356,200,6,490,1022,0,0,0,97,126,0,0,0,4,1,2,0
1492,1,67,monjes,357,206,6,521,1017,0,0,0,97,126,0,0,0,4,1,5,0
1492,1,68,monjes,358,212,6,552,1011,0,0,0,97,128,0,0,0,4,1,2,0
1492,1,69,monjes,359,218,6,582,999,0,0,0,97,128,0,0,0,4,1,2,0
1492,1,70,monjes,360,224,6,564,991,0,0,0,97,130,0,0,0,4,1,2,0
1492,1,71,monjes,362,230,6,595,944,0,0,0,58,91,0,0,0,4,1,3,0
1492,1,72,monjes,363,235,6,628,893,0,0,0,58,89,0,0,0,4,1,5,0
1492,1,73,monjes,363,235,6,659,844,0,0,0,58,89,0,0,0,4,1,2,0
1492,1,74,monjes,363,235,6,639,801,0,0,0,58,89,0,0,0,4,1,2,0
1492,1,75,monjes,363,235,6,669,759,0,0,0,58,89,0,0,0,4,1,5,0
1492,1,76,monjes,363,235,6,698,719,0,0,0,58,89,0,0,0,4,1,2,0
1492,1,77,monjes,364,241,6,731,699,0,0,0,79,110,0,0,0,4,1,2,0
1492,1,78,monjes,365,247,6,716,680,0,0,0,79,114,0,0,0,4,1,2,0
1492,1,79,monjes,366,252,6,752,661,0,0,0,79,116,0,0,0,4,1,3,0
1492,1,80,monjes,367,257,6,788,640,0,0,0,79,116,0,0,0,4,1,2,0
1492,1,81,monjes,368,262,6,823,615,0,0,0,79,116,0,0,0,4,1,4,0
1492,1,82,monjes,369,267,6,816,590,0,0,0,79,120,0,0,0,4,1,2,0
1492,1,83,monjes,369,267,6,857,647,0,0,0,160,201,0,0,0,4,1,6,0
1492,1,84,monjes,370,272,6,897,702,0,0,0,160,201,0,0,0,4,1,4,0
1492,1,85,monjes,371,277,6,937,753,0,0,0,160,201,0,0,0,4,1,2,0
1492,1,86,monjes,372,283,6,927,801,0,0,0,160,202,0,0,0,4,1,2,0
1492,1,87,monjes,373,289,6,973,846,0,0,0,160,204,0,0,0,4,1,3,0
1492,1,88,monjes,375,295,6,1017,887,0,0,0,160,204,0,0,0,4,1,2,0
1492,1,89,monjes,375,299,6,1061,861,0,0,0,97,142,0,0,0,4,1,4,0
1492,1,90,monjes,376,303,6,1055,835,0,0,0,97,142,0,0,0,4,1,2,0
1492,1,91,monjes,398,313,7,1100,813,0,0,0,97,144,0,0,0,4,1,4,0
1492,1,92,monjes,399,319,7,1142,789,0,0,0,97,145,0,0,0,4,1,3,0
1492,1,93,monjes,401,325,7,1182,765,0,0,0,97,145,0,0,0,4,1,2,0
1492,1,94,monjes,402,331,7,1221,740,0,0,0,97,145,0,0,0,4,1,3,0
1492,1,95,monjes,402,331,7,1254,678,0,0,0,58,100,0,0,0,4,1,2,0
1492,1,96,monjes,402,331,7,1282,618,0,0,0,58,96,0,0,0,4,1,2,0
1492,1,97,monjes,402,331,7,1314,561,0,0,0,58,96,0,0,0,4,1,2,0
1492,1,98,monjes,402,331,7,1344,506,0,0,0,58,96,0,0,0,4,1,2,0
1492,1,99,monjes,402,331,7,1373,453,0,0,0,58,96,0,0,0,4,1,2,0
1492,1,100,monjes,402,331,7,1402,402,0,0,0,58,96,0,0,0,4,1,2,0
1492,1,101,monjes,402,331,7,1430,374,0,0,0,79,117,0,0,0,4,1,2,0
1492,1,102,monjes,402,331,7,1466,347,0,0,0,79,121,0,0,0,4,1,2,0
1492,1,103,monjes,402,331,7,1500,321,0,0,0,79,121,0,0,0,4,1,2,0
1492,1,104,monjes,402,331,7,1533,296,0,0,0,79,121,0,0,0,4,1,2,0
1492,1,105,monjes,402,331,7,1566,272,0,0,0,79,121,0,0,0,4,1,2,0
1492,1,106,monjes,402,331,7,1598,249,0,0,0,79,121,0,0,0,4,1,2,0
1492,1,107,monjes,403,337,7,1634,304,0,0,0,160,202,0,0,0,4,1,2,0
1492,1,108,monjes,404,341,7,1670,355,0,0,0,160,204,0,0,0,4,1,2,0
1492,1,109,monjes,405,346,7,1708,403,0,0,0,160,207,0,0,0,4,1,2,0
1492,1,110,monjes,406,351,7,1746,448,0,0,0,160,207,0,0,0,4,1,2,0
1492,1,111,monjes,407,356,7,1783,491,0,0,0,160,207,0,0,0,4,1,2,0
1492,1,112,monjes,408,361,7,1824,530,0,0,0,160,207,0,0,0,4,1,2,0
1492,1,113,monjes,409,366,7,1863,506,0,0,0,97,144,0,0,0,4,1,2,0
1492,1,114,monjes,409,369,7,1903,482,0,0,0,97,146,0,0,0,4,1,2,0
1492,1,115,monjes,410,372,7,1943,458,0,0,0,97,146,0,0,0,4,1,2,0
1492,1,116,monjes,411,375,7,1982,434,0,0,0,97,146,0,0,0,4,1,2,0
1492,1,117,monjes,411,378,7,2025,411,0,0,0,97,146,0,0,0,4,1,2,0
1492,1,118,monjes,412,381,7,2067,388,0,0,0,97,147,0,0,0,4,1,2,0
1492,1,119,monjes,412,381,7,2109,327,0,0,0,58,109,0,0,0,4,1,2,0
1492,1,120,monjes,412,381,7,2147,269,0,0,0,58,105,0,0,0,4,1,2,0
1492,1,121,monjes,412,381,7,2184,213,0,0,0,58,105,0,0,0,4,1,2,0
1492,1,122,monjes,412,381,7,2225,159,0,0,0,58,105,0,0,0,4,1,2,0
1492,1,123,monjes,412,381,7,2144,118,0,0,0,58,105,0,0,0,4,1,2,0
1492,1,124,monjes,412,381,7,2124,88,0,0,0,58,105,0,0,0,4,1,2,0
1492,1,125,monjes,412,381,7,2103,80,0,0,0,79,126,0,0,0,4,1,2,0
1492,1,126,monjes,412,381,7,2085,72,0,0,0,79,130,0,0,0,4,1,2,0
1492,1,127,monjes,412,381,7,2066,64,0,0,0,79,130,0,0,0,4,1,2,0
1492,1,128,monjes,412,381,7,2052,57,0,0,0,79,130,0,0,0,4,1,2,0
1492,1,129,monjes,412,381,7,2037,50,0,0,0,79,130,0,0,0,4,1,2,0
1492,1,130,monjes,412,381,7,2020,43,0,0,0,79,130,0,0,0,4,1,2,0
1492,1,131,monjes,412,382,7,2002,114,0,0,0,160,211,0,0,0,4,1,2,0
1492,1,132,monjes,412,383,7,1983,182,0,0,0,160,211,0,0,0,4,1,2,0
1492,1,133,monjes,412,384,7,1969,248,0,0,0,160,211,0,0,0,4,1,2,0
1492,1,134,monjes,413,385,7,2074,300,0,0,0,160,211,0,0,0,4,1,2,0
1492,1,135,monjes,413,386,7,2117,340,0,0,0,160,211,0,0,0,4,1,2,0
1492,1,136,monjes,413,387,7,2159,378,0,0,0,160,211,0,0,0,4,1,2,0
1492,1,137,monjes,413,388,7,2200,354,0,0,0,97,148,0,0,0,4,1,2,0
1492,1,138,monjes,413,389,7,2245,330,0,0,0,97,148,0,0,0,4,1,2,0
1492,1,139,monjes,414,390,7,2289,307,0,0,0,97,148,0,0,0,4,1,2,0
1492,1,140,monjes,414,391,7,2333,285,0,0,0,97,149,0,0,0,4,1,2,0
1492,1,141,monjes,414,391,7,2376,264,0,0,0,97,149,0,0,0,4,1,2,0
1492,1,142,monjes,414,391,7,2418,244,0,0,0,97,149,0,0,0,4,1,2,0
1492,1,143,monjes,414,391,7,2464,187,0,0,0,58,110,0,0,0,4,1,2,0
1492,1,144,monjes,414,391,7,2385,143,0,0,0,58,106,0,0,0,4,1,2,0
1492,1,145,monjes,414,391,7,2366,110,0,0,0,58,106,0,0,0,4,1,2,0
1492,1,146,monjes,414,391,7,2346,79,0,0,0,58,106,0,0,0,4,1,2,0
1492,1,147,monjes,414,391,7,2325,49,0,0,0,58,106,0,0,0,4,1,2,0
1492,1,148,monjes,414,391,7,2303,20,0,0,0,58,106,0,0,0,4,1,2,0
1492,1,149,monjes,414,391,7,2286,12,0,0,0,79,127,0,0,0,4,1,2,0
1492,1,150,monjes,413,391,7,2271,10,0,0,0,79,131,1,0,0,4,1,2,0
1492,1,151,monjes,412,391,7,2255,10,0,0,0,79,131,1,0,0,4,1,3,0
1492,1,152,monjes,409,384,7,2238,10,0,0,0,71,123,1,0,0,4,1,2,0
1492,1,153,monjes,407,377,7,2214,10,0,0,0,71,117,1,0,0,4,1,2,0
1492,1,154,monjes,405,370,7,2194,10,0,0,0,74,119,1,0,0,4,1,2,0
1492,1,155,monjes,407,383,7,2173,75,0,0,0,149,194,0,0,0,4,1,2,0
1492,1,156,monjes,409,390,7,2150,134,0,0,0,149,194,0,0,0,4,1,2,0
1492,1,157,monjes,409,391,7,2133,189,0,0,0,149,201,0,0,0,4,1,2,0
1492,1,158,monjes,409,392,7,2115,242,0,0,0,149,201,0,0,0,4,1,2,0
1492,1,159,monjes,409,393,7,2222,282,0,0,0,149,201,0,0,0,4,1,2,0
1492,1,160,monjes,409,394,7,2265,304,0,0,0,143,195,0,0,0,4,1,2,0
1492,1,161,monjes,409,394,7,2307,254,0,0,0,69,121,0,0,0,4,1,2,0
1492,1,162,monjes,409,394,7,2353,206,0,0,0,69,121,0,0,0,4,1,2,0
1492,1,163,monjes,409,394,7,2278,164,0,0,0,69,121,0,0,0,4,1,3,0
1492,1,164,monjes,409,394,7,2299,134,0,0,0,69,121,0,0,0,4,1,2,0
1492,1,165,monjes,409,394,7,2284,111,0,0,0,69,121,0,0,0,4,1,2,0
1492,1,166,monjes,409,394,7,2268,89,0,0,0,69,121,0,0,0,4,1,2,0
1492,1,167,monjes,409,394,7,2251,51,0,0,0,51,103,0,0,0,4,1,2,0
1492,1,168,monjes,409,394,7,2229,14,0,0,0,51,99,0,0,0,4,1,2,0
1492,1,169,monjes,408,394,7,2212,10,0,0,0,51,99,1,0,0,4,1,2,0
1492,1,170,monjes,407,394,7,2194,10,0,0,0,51,99,1,0,0,4,1,2,0
1492,1,171,monjes,405,387,7,2174,10,0,0,0,51,99,1,0,0,4,1,2,0
1492,1,172,monjes,403,380,7,2148,10,0,0,0,51,94,1,0,0,4,1,2,0
1492,1,173,monjes,400,373,7,2121,10,0,0,0,71,114,1,0,0,4,1,2,0
1492,1,174,monjes,398,366,7,2102,10,0,0,0,71,117,1,0,0,4,1,2,0
1492,1,175,monjes,395,359,7,2082,10,0,0,0,71,117,1,0,0,4,1,2,0
1492,1,176,monjes,393,352,7,2060,10,0,0,0,71,116,1,0,0,4,1,2,0
1492,1,177,monjes,391,345,7,2036,10,0,0,0,71,116,1,0,0,4,1,2,0
1492,1,178,monjes,388,338,7,2011,10,0,0,0,71,116,1,0,0,4,1,2,0
1492,1,179,monjes,391,351,7,1991,77,0,0,0,143,188,0,0,0,4,1,2,0
1492,1,180,monjes,393,364,7,1970,138,0,0,0,143,188,0,0,0,4,1,2,0
1492,1,181,monjes,396,377,7,1948,193,0,0,0,143,188,0,0,0,4,1,2,0
1492,1,182,monjes,399,390,7,1925,243,0,0,0,143,188,0,0,0,4,1,2,0
1492,1,183,monjes,399,391,7,2027,278,0,0,0,143,195,0,0,0,4,1,2,0
1492,1,184,monjes,399,392,7,2071,302,0,0,0,143,195,0,0,0,4,1,2,0
1492,1,185,monjes,399,392,7,2114,272,0,0,0,89,141,0,0,0,4,1,2,0
1492,1,186,monjes,399,392,7,2156,243,0,0,0,89,141,0,0,0,4,1,2,0
1492,1,187,monjes,399,392,7,2202,215,0,0,0,89,141,0,0,0,4,1,2,0
1492,1,188,monjes,399,392,7,2247,188,0,0,0,89,141,0,0,0,4,1,2,0
1492,1,189,monjes,399,392,7,2171,172,0,0,0,89,141,0,0,0,4,1,2,0
1492,1,190,monjes,399,392,7,2157,167,0,0,0,89,141,0,0,0,4,1,2,0
1492,1,191,monjes,399,392,7,2142,126,0,0,0,51,103,0,0,0,4,1,2,0
1492,1,192,monjes,399,392,7,2122,86,0,0,0,51,99,0,0,0,4,1,2,0
1492,1,193,monjes,399,392,7,2101,48,0,0,0,51,99,0,0,0,4,1,2,0
1492,1,194,monjes,399,392,7,2079,11,0,0,0,51,99,0,0,0,4,1,2,0
1492,1,195,monjes,398,392,7,2062,10,0,0,0,51,99,1,0,0,4,1,2,0
1492,1,196,monjes,397,392,7,2043,10,0,0,0,51,99,1,0,0,4,1,2,0
1492,1,197,monjes,395,385,7,2023,10,0,0,0,71,119,1,0,0,4,1,2,0
1492,1,198,monjes,392,378,7,2000,10,0,0,0,71,117,1,0,0,4,1,2,0
1492,1,199,monjes,390,371,7,1976,10,0,0,0,71,117,1,0,0,4,1,2,0
1492,1,200,monjes,387,364,7,1956,10,0,0,0,71,116,1,0,0,4,1,2,0
1492,1,1,salineros,30,36,1,19,69,0,0,0,9,17,0,0,0,0,1,4,0
1492,1,2,salineros,30,36,1,18,67,0,0,0,9,12,0,0,0,0,1,1,0
1492,1,3,salineros,30,36,1,17,65,0,0,0,9,12,0,0,0,0,1,0,1
1492,1,4,salineros,30,36,1,16,63,0,0,0,9,12,0,0,0,0,1,0,1
1492,1,5,salineros,30,37,1,15,64,0,0,0,12,15,0,1,0,0,1,0,1
1492,1,6,salineros,30,38,1,17,67,0,9,0,12,29,0,0,0,0,1,0,1
1492,1,7,salineros,95,39,1,19,70,0,18,0,12,29,0,0,0,1,1,0,1
1492,1,8,salineros,96,40,1,21,73,0,27,0,12,29,0,0,0,1,1,0,1
1492,1,9,salineros,95,37,1,5,65,0,36,0,12,31,0,0,0,1,1,1,0
1492,1,10,salineros,95,38,1,7,54,0,45,0,12,29,0,0,0,1,1,3,0
1492,1,11,salineros,95,39,1,9,70,0,54,0,25,42,0,0,0,1,1,0,1
1492,1,12,salineros,96,40,1,11,86,0,63,0,25,42,0,0,0,1,1,0,1
1492,1,13,salineros,109,42,1,15,101,0,71,0,25,44,0,0,0,2,1,0,1
1492,1,14,salineros,109,44,1,19,116,0,79,0,25,44,0,0,0,2,1,2,0
1492,1,15,salineros,110,46,1,23,130,0,87,0,25,44,0,0,0,2,1,0,1
1492,1,16,salineros,109,44,1,7,126,0,95,0,17,36,0,0,0,2,1,1,0
1492,1,17,salineros,110,46,1,11,128,0,103,0,13,32,0,0,0,2,1,0,1
1492,1,18,salineros,110,48,1,15,130,0,111,0,13,32,0,0,0,2,1,0,1
1492,1,19,salineros,114,50,1,19,131,0,119,0,13,32,0,0,0,2,1,0,1
1492,1,20,salineros,114,50,1,0,132,0,127,0,13,34,0,0,0,2,1,2,0
1492,1,21,salineros,114,50,1,6,131,0,135,0,13,34,0,0,0,2,1,1,0
1492,1,22,salineros,114,52,1,12,135,0,143,0,18,39,0,1,0,2,1,0,1
1492,1,23,salineros,114,52,1,18,125,0,162,0,9,41,0,0,0,2,1,0,1
1492,1,24,salineros,117,52,1,19,121,0,181,0,9,36,0,0,0,2,1,0,1
1492,1,25,salineros,117,52,1,0,117,0,199,0,9,35,0,0,0,2,1,2,0
1492,1,26,salineros,117,52,1,1,111,0,217,0,9,35,0,0,0,2,1,1,0
1492,1,27,salineros,117,52,1,2,105,0,234,0,9,34,0,0,0,2,1,0,1
1492,1,28,salineros,117,52,1,3,99,0,252,0,9,34,0,0,0,2,1,0,1
1492,1,29,salineros,117,52,1,4,96,0,269,0,12,36,0,1,0,2,1,0,1
1492,1,30,salineros,117,52,1,18,90,0,276,0,12,49,0,0,0,2,1,6,0
1492,1,31,salineros,117,52,1,161,89,0,282,0,12,48,0,0,0,2,1,2,0
1492,1,32,salineros,120,50,1,277,78,0,288,0,12,48,0,0,0,2,1,3,0
1492,1,33,salineros,120,50,1,431,78,0,294,0,12,48,0,0,0,2,1,4,0
1492,1,34,salineros,120,50,1,576,78,0,299,0,12,47,0,0,0,2,1,2,0
1492,1,35,salineros,120,52,1,714,91,0,304,0,25,60,0,0,0,2,1,2,0
1492,1,36,salineros,120,54,1,846,103,0,307,0,25,59,0,0,0,2,1,2,0
1492,1,37,salineros,121,56,1,946,101,0,309,0,25,59,0,0,0,2,1,6,0
1492,1,38,salineros,121,58,1,1088,112,0,311,0,25,58,0,0,0,2,1,3,0
1492,1,39,salineros,122,60,1,1223,123,0,313,0,25,58,0,0,0,2,1,2,0
1492,1,40,salineros,122,60,1,1378,133,0,314,0,25,59,0,0,0,2,1,2,0
1492,1,41,salineros,122,60,1,1474,134,0,315,0,16,50,0,0,0,2,1,4,0
1492,1,42,salineros,122,60,1,1563,135,0,315,0,16,49,0,0,0,2,1,3,0
1492,1,43,salineros,122,60,1,1720,136,0,315,0,16,49,0,0,0,2,1,3,0
1492,1,44,salineros,122,60,1,1868,128,0,315,0,16,49,0,0,0,2,1,5,0
1492,1,45,salineros,122,60,1,2009,129,0,314,0,16,48,0,0,0,2,1,2,0
1492,1,46,salineros,122,60,1,2093,130,0,313,0,16,48,0,0,0,2,1,2,0
1492,1,47,salineros,122,60,1,2245,124,0,311,0,9,40,0,0,0,2,1,3,0
1492,1,48,salineros,122,60,1,2383,118,0,309,0,9,34,0,0,0,2,1,2,0
1492,1,49,salineros,122,60,1,2514,112,0,306,0,9,33,0,0,0,2,1,4,0
1492,1,50,salineros,122,60,1,2614,106,0,303,0,9,33,0,0,0,2,1,2,0
1492,1,51,salineros,122,60,1,2755,100,0,300,0,9,32,0,0,0,2,1,3,0
1492,1,52,salineros,122,60,1,2888,94,0,297,0,9,32,0,0,0,2,1,2,0
1492,1,53,salineros,122,60,1,3040,91,0,294,0,12,35,0,0,0,2,1,2,0
1492,1,54,salineros,122,60,1,3139,88,0,291,0,12,41,0,0,0,2,1,2,0
1492,1,55,salineros,122,60,1,3280,85,0,288,0,12,41,0,0,0,2,1,3,0
1492,1,56,salineros,122,60,1,3415,82,0,285,0,12,41,0,0,0,2,1,2,0
1492,1,57,salineros,122,60,1,3568,79,0,282,0,12,41,0,0,0,2,1,2,0
1492,1,58,salineros,122,60,1,3662,76,0,279,0,12,41,0,0,0,2,1,2,0
1492,1,59,salineros,122,60,1,3769,51,0,276,0,30,59,0,0,0,2,1,3,0
1492,1,60,salineros,122,60,1,3925,66,0,273,0,30,59,0,0,0,2,1,3,0
1492,1,61,salineros,173,117,2,4072,81,0,270,0,30,59,0,0,0,3,1,2,0
1492,1,62,salineros,173,119,2,4213,82,0,267,0,30,69,0,0,0,3,1,3,0
1492,1,63,salineros,174,120,2,4297,83,0,264,0,30,69,0,0,0,3,1,3,0
1492,1,64,salineros,174,120,2,4451,83,0,261,0,30,71,0,0,0,3,1,3,0
1492,1,65,salineros,174,120,2,4597,69,0,258,0,16,57,0,0,0,3,1,2,0
1492,1,66,salineros,174,120,2,4736,55,0,255,0,16,57,0,0,0,3,1,2,0
1492,1,67,salineros,174,120,2,4844,41,0,253,0,16,57,0,0,0,3,1,2,0
1492,1,68,salineros,174,120,2,4993,27,0,251,0,16,57,0,0,0,3,1,3,0
1492,1,69,salineros,174,120,2,5135,13,0,249,0,16,57,0,0,0,3,1,2,0
1492,1,70,salineros,173,120,2,5295,0,0,248,0,16,57,1,0,0,3,1,2,0
1492,1,71,salineros,172,120,2,5396,0,0,247,0,9,50,1,0,0,3,1,2,0
1492,1,72,salineros,170,118,2,5534,0,0,246,0,9,44,1,0,0,3,1,3,0
1492,1,73,salineros,169,116,2,5658,0,0,245,0,9,34,1,0,0,3,1,2,0
1492,1,74,salineros,167,114,2,5800,0,0,244,0,9,34,1,0,0,3,1,2,0
1492,1,75,salineros,166,112,2,5934,0,0,243,0,9,34,1,0,0,3,1,2,0
1492,1,76,salineros,165,110,2,6061,0,0,242,0,9,34,1,0,0,3,1,2,0
1492,1,77,salineros,163,108,2,6206,0,0,240,0,11,35,1,0,0,3,1,2,0
1492,1,78,salineros,162,106,2,6348,0,0,238,0,14,43,1,0,0,3,1,2,0
1492,1,79,salineros,110,52,1,6482,0,0,236,0,14,40,1,0,0,3,1,3,0
1492,1,80,salineros,109,51,1,6632,0,0,232,0,12,29,1,0,0,3,1,2,0
1492,1,81,salineros,109,51,1,6773,0,0,228,0,12,29,0,0,0,3,1,2,0
1492,1,82,salineros,109,51,1,6906,0,0,224,0,12,29,0,0,0,3,1,2,0
1492,1,83,salineros,109,51,1,7033,16,0,221,0,28,47,0,0,0,3,1,2,0
1492,1,84,salineros,109,51,1,7128,27,0,218,0,23,42,0,0,0,3,1,3,0
1492,1,85,salineros,109,53,1,7264,38,0,215,0,23,42,0,0,0,3,1,3,0
1492,1,86,salineros,110,55,1,7393,48,0,212,0,23,42,0,0,0,3,1,2,0
1492,1,87,salineros,110,57,1,7541,60,0,209,0,25,45,0,0,0,3,1,2,0
1492,1,88,salineros,110,59,1,7630,71,0,206,0,25,45,0,0,0,3,1,2,0
1492,1,89,salineros,111,60,1,7762,73,0,203,0,16,36,0,0,0,3,1,3,0
1492,1,90,salineros,111,60,1,7888,74,0,200,0,16,37,0,0,0,3,1,2,0
1492,1,91,salineros,111,60,1,8032,75,0,197,0,16,37,0,0,0,3,1,2,0
1492,1,92,salineros,111,60,1,8118,76,0,194,0,16,37,0,0,0,3,1,2,0
1492,1,93,salineros,111,60,1,8247,77,0,191,0,16,37,0,0,0,3,1,3,0
1492,1,94,salineros,111,60,1,8395,78,0,188,0,16,37,0,0,0,3,1,2,0
1492,1,95,salineros,111,60,1,8534,72,0,185,0,9,30,0,0,0,3,1,2,0
1492,1,96,salineros,111,60,1,8616,66,0,182,0,9,30,0,0,0,3,1,2,0
1492,1,97,salineros,111,60,1,8766,60,0,179,0,9,30,0,0,0,3,1,3,0
1492,1,98,salineros,111,60,1,8907,54,0,176,0,9,30,0,0,0,3,1,2,0
1492,1,99,salineros,111,60,1,9041,48,0,174,0,9,30,0,0,0,3,1,2,0
1492,1,100,salineros,111,60,1,9118,42,0,172,0,9,30,0,0,0,3,1,2,0
1492,1,101,salineros,111,60,1,9263,39,0,170,0,12,33,0,0,0,3,1,3,0
1492,1,102,salineros,111,60,1,9404,36,0,168,0,12,37,0,0,0,3,1,2,0
1492,1,103,salineros,111,60,1,9538,33,0,166,0,12,37,0,0,0,3,1,2,0
1492,1,104,salineros,111,60,1,9640,30,0,164,0,12,37,0,0,0,3,1,2,0
1492,1,105,salineros,111,60,1,9784,27,0,162,0,12,37,0,0,0,3,1,3,0
1492,1,106,salineros,111,60,1,9920,24,0,160,0,12,37,0,0,0,3,1,2,0
1492,1,107,salineros,111,60,1,10075,34,0,158,0,25,50,0,0,0,3,1,2,0
1492,1,108,salineros,111,60,1,10171,44,0,156,0,25,50,0,0,0,3,1,2,0
1492,1,109,salineros,111,60,1,10279,14,0,154,0,25,50,0,0,0,3,1,3,0
1492,1,110,salineros,111,60,1,10411,24,0,152,0,25,50,0,0,0,3,1,3,0
1492,1,111,salineros,141,112,2,10561,34,0,150,0,25,50,0,0,0,3,1,2,0
1492,1,112,salineros,141,112,2,10699,31,0,148,0,25,53,0,0,0,3,1,3,0
1492,1,113,salineros,141,112,2,10830,19,0,146,0,16,44,0,0,0,3,1,2,0
1492,1,114,salineros,141,112,2,10980,7,0,144,0,16,44,0,0,0,3,1,2,0
1492,1,115,salineros,140,112,2,11121,0,0,143,0,16,44,1,0,0,3,1,2,0
1492,1,116,salineros,139,112,2,11255,0,0,142,0,16,44,1,0,0,3,1,2,0
1492,1,117,salineros,138,110,2,11382,0,0,141,0,16,44,1,0,0,3,1,2,0
1492,1,118,salineros,136,108,2,11526,0,0,140,0,16,43,1,0,0,3,1,2,0
1492,1,119,salineros,135,106,2,11662,0,0,139,0,9,36,1,0,0,3,1,2,0
1492,1,120,salineros,133,104,2,11786,0,0,138,0,9,31,1,0,0,3,1,2,0
1492,1,121,salineros,132,102,2,11929,0,0,137,0,9,31,1,0,0,3,1,2,0
1492,1,122,salineros,131,100,2,12063,0,0,136,0,9,31,1,0,0,3,1,2,0
1492,1,123,salineros,129,98,2,12190,0,0,134,0,8,29,1,0,0,3,1,2,0
1492,1,124,salineros,128,96,2,12335,0,0,132,0,8,29,1,0,0,3,1,2,0
1492,1,125,salineros,126,94,2,12471,0,0,130,0,11,32,1,0,0,3,1,2,0
1492,1,126,salineros,125,92,2,12604,0,0,128,0,11,36,1,0,0,3,1,3,0
1492,1,127,salineros,124,90,2,12726,0,0,124,0,9,28,1,0,0,3,1,2,0
1492,1,128,salineros,74,48,1,12865,0,0,120,0,9,25,1,0,0,3,1,2,0
1492,1,129,salineros,73,47,1,13000,0,0,116,0,9,25,1,0,0,3,1,2,0
1492,1,130,salineros,72,46,1,13128,0,0,112,0,9,25,1,0,0,3,1,2,0
1492,1,131,salineros,72,46,1,13274,4,0,106,0,15,30,0,0,0,3,1,2,0
1492,1,132,salineros,72,46,1,13412,12,0,101,0,19,35,0,0,0,3,1,2,0
1492,1,133,salineros,72,46,1,13542,20,0,96,0,19,35,0,0,0,3,1,2,0
1492,1,134,salineros,72,46,1,13691,28,0,91,0,19,35,0,0,0,3,1,2,0
1492,1,135,salineros,72,48,1,13831,36,0,86,0,19,35,0,0,0,3,1,2,0
1492,1,136,salineros,73,50,1,13963,47,0,83,0,23,41,0,0,0,3,1,2,0
1492,1,137,salineros,73,52,1,14040,49,0,80,0,14,33,0,0,0,3,1,3,0
1492,1,138,salineros,73,54,1,14185,50,0,77,0,14,33,0,0,0,3,1,3,0
1492,1,139,salineros,74,56,1,14321,51,0,73,0,14,33,0,0,0,3,1,2,0
1492,1,140,salineros,74,58,1,14450,53,0,70,0,16,36,0,0,0,3,1,2,0
1492,1,141,salineros,75,60,1,14548,55,0,67,0,16,36,0,0,0,3,1,2,0
1492,1,142,salineros,75,60,1,14688,56,0,64,0,16,37,0,0,0,3,1,3,0
1492,1,143,salineros,75,60,1,14821,50,0,62,0,9,30,0,0,0,3,1,2,0
1492,1,144,salineros,75,60,1,14947,44,0,60,0,9,30,0,0,0,3,1,2,0
1492,1,145,salineros,75,60,1,15041,38,0,58,0,9,30,0,0,0,3,1,2,0
1492,1,146,salineros,75,60,1,15177,32,0,56,0,9,30,0,0,0,3,1,3,0
1492,1,147,salineros,75,60,1,15306,26,0,54,0,9,30,0,0,0,3,1,2,0
1492,1,148,salineros,75,60,1,15454,20,0,52,0,9,30,0,0,0,3,1,2,0
1492,1,149,salineros,75,60,1,15543,17,0,50,0,12,33,0,0,0,3,1,2,0
1492,1,150,salineros,75,60,1,15679,14,0,48,0,12,37,0,0,0,3,1,3,0
1492,1,151,salineros,75,60,1,15833,11,0,46,0,12,37,0,0,0,3,1,3,0
1492,1,152,salineros,75,60,1,15978,8,0,46,0,12,39,0,0,0,3,1,2,0
1492,1,153,salineros,75,60,1,16066,5,0,46,0,12,39,0,0,0,3,1,2,0
1492,1,154,salineros,75,60,1,16197,2,0,46,0,12,39,0,0,0,3,1,3,0
1492,1,155,salineros,75,60,1,16346,12,0,46,0,25,52,0,0,0,3,1,2,0
1492,1,156,salineros,75,60,1,16487,22,0,46,0,25,52,0,0,0,3,1,2,0
1492,1,157,salineros,75,60,1,16571,32,0,46,0,25,52,0,0,0,3,1,2,0
1492,1,158,salineros,75,60,1,16723,42,0,46,0,25,52,0,0,0,3,1,2,0
1492,1,159,salineros,75,60,1,16837,12,0,46,0,25,52,0,0,0,3,1,3,0
1492,1,160,salineros,75,60,1,16973,22,0,46,0,25,52,0,0,0,3,1,3,0
1492,1,161,salineros,103,100,2,17078,23,0,46,0,16,43,0,0,0,3,1,2,0
1492,1,162,salineros,103,100,2,17220,14,0,46,0,16,45,0,0,0,3,1,3,0
1492,1,163,salineros,103,100,2,17354,5,0,46,0,16,45,0,0,0,3,1,2,0
1492,1,164,salineros,102,100,2,17482,0,0,47,0,16,45,1,0,0,3,1,2,0
1492,1,165,salineros,101,100,2,17628,0,0,48,0,16,45,1,0,0,3,1,2,0
1492,1,166,salineros,99,98,2,17765,0,0,49,0,16,45,1,0,0,3,1,2,0
1492,1,167,salineros,98,96,2,17894,0,0,50,0,9,37,1,0,0,3,1,2,0
1492,1,168,salineros,96,94,2,18038,0,0,51,0,9,33,1,0,0,3,1,2,0
1492,1,169,salineros,95,92,2,18173,0,0,52,0,9,33,1,0,0,3,1,2,0
1492,1,170,salineros,94,90,2,18301,0,0,53,0,9,33,1,0,0,3,1,2,0
1492,1,171,salineros,92,88,2,18422,0,0,54,0,9,33,1,0,0,3,1,2,0
1492,1,172,salineros,91,86,2,18561,0,0,55,0,9,33,1,0,0,3,1,2,0
1492,1,173,salineros,89,84,2,18692,0,0,55,0,11,34,1,0,0,3,1,2,0
1492,1,174,salineros,88,82,2,18820,0,0,55,0,11,38,1,0,0,3,1,2,0
1492,1,175,salineros,87,80,2,18967,0,0,55,0,11,38,1,0,0,3,1,3,0
1492,1,176,salineros,85,78,2,19101,0,0,53,0,9,30,1,0,0,3,1,2,0
1492,1,177,salineros,38,48,1,19226,0,0,51,0,9,27,1,0,0,3,1,2,0
1492,1,178,salineros,37,47,1,19374,0,0,49,0,9,27,1,0,0,3,1,2,0
1492,1,179,salineros,37,47,1,19513,8,0,46,0,19,37,0,0,0,3,1,2,0
1492,1,180,salineros,37,47,1,19645,16,0,43,0,19,37,0,0,0,3,1,2,0
1492,1,181,salineros,37,47,1,19770,24,0,40,0,19,37,0,0,0,3,1,2,0
1492,1,182,salineros,37,49,1,19913,32,0,37,0,19,37,0,0,0,3,1,2,0
1492,1,183,salineros,38,51,1,20048,43,0,36,0,23,43,0,0,0,3,1,2,0
1492,1,184,salineros,38,53,1,20127,54,0,34,0,23,44,0,0,0,3,1,3,0
1492,1,185,salineros,39,55,1,20274,55,0,32,0,14,35,0,0,0,3,1,3,0
1492,1,186,salineros,39,57,1,20413,56,0,30,0,14,35,0,0,0,3,1,2,0
1492,1,187,salineros,39,59,1,20544,58,0,29,0,16,38,0,0,0,3,1,2,0
1492,1,188,salineros,40,60,1,20644,60,0,28,0,16,38,0,0,0,3,1,2,0
1492,1,189,salineros,40,60,1,20786,61,0,27,0,16,39,0,0,0,3,1,3,0
1492,1,190,salineros,40,60,1,20920,62,0,26,0,16,39,0,0,0,3,1,2,0
1492,1,191,salineros,40,60,1,21048,56,0,25,0,9,32,0,0,0,3,1,2,0
1492,1,192,salineros,40,60,1,21144,50,0,25,0,9,32,0,0,0,3,1,2,0
1492,1,193,salineros,40,60,1,21281,44,0,25,0,9,32,0,0,0,3,1,3,0
1492,1,194,salineros,40,60,1,21411,38,0,25,0,9,32,0,0,0,3,1,2,0
1492,1,195,salineros,40,60,1,21560,32,0,25,0,9,32,0,0,0,3,1,2,0
1492,1,196,salineros,40,60,1,21650,26,0,25,0,9,32,0,0,0,3,1,2,0
1492,1,197,salineros,40,60,1,21783,23,0,25,0,12,35,0,0,0,3,1,3,0
1492,1,198,salineros,40,60,1,21913,20,0,25,0,12,39,0,0,0,3,1,2,0
1492,1,199,salineros,40,60,1,22061,17,0,25,0,12,39,0,0,0,3,1,2,0
1492,1,200,salineros,40,60,1,22151,14,0,25,0,12,39,0,0,0,3,1,2,0
1492-2,1,1,arrieros,44,106,1,46,63,0,0,0,18,40,0,0,0,0,1,4,0
1492-2,1,2,arrieros,44,106,1,52,51,0,0,0,18,28,0,0,0,0,1,1,0
1492-2,1,3,arrieros,44,106,1,58,40,0,0,0,18,28,0,0,0,0,1,0,1
1492-2,1,4,arrieros,44,106,1,64,29,0,0,0,18,28,0,0,0,0,1,0,1
1492-2,1,5,arrieros,44,106,1,70,24,0,0,0,24,34,0,1,0,0,1,0,1
1492-2,1,6,arrieros,44,106,1,84,22,0,0,0,24,52,0,0,0,0,1,4,0
1492-2,1,7,arrieros,44,106,1,109,21,0,0,0,24,52,0,0,0,0,1,3,0
1492-2,1,8,arrieros,44,106,1,94,21,0,0,0,24,52,0,0,0,0,1,3,0
1492-2,1,9,arrieros,44,106,1,104,24,0,0,0,24,52,0,0,0,0,1,3,0
1492-2,1,10,arrieros,44,106,1,101,25,0,0,0,24,52,0,0,0,0,1,3,0
1492-2,1,11,arrieros,44,106,1,102,50,0,0,0,48,76,0,0,0,0,1,3,0
1492-2,1,12,arrieros,44,106,1,99,72,0,0,0,48,76,0,1,0,0,1,3,0
1492-2,1,13,arrieros,43,102,1,88,89,0,0,0,48,76,0,0,0,0,1,4,0
1492-2,1,14,arrieros,57,98,1,84,91,0,0,0,48,76,0,0,0,1,1,7,0
1492-2,1,15,arrieros,56,94,1,81,108,0,0,0,48,74,0,0,0,1,1,4,0
1492-2,1,16,arrieros,56,90,1,80,109,0,0,0,48,74,0,0,0,1,1,7,0
1492-2,1,17,arrieros,68,86,1,77,107,0,0,0,30,56,0,0,0,2,1,4,0
1492-2,1,18,arrieros,68,86,1,86,114,0,0,0,30,54,0,0,0,2,1,5,0
1492-2,1,19,arrieros,71,89,1,93,118,0,0,0,30,54,0,1,0,2,1,5,0
1492-2,1,20,arrieros,71,89,1,90,123,0,0,0,30,54,0,0,0,2,1,5,0
1492-2,1,21,arrieros,74,89,1,94,129,0,0,0,30,54,0,0,0,2,1,5,0
1492-2,1,22,arrieros,74,89,1,91,135,0,0,0,30,54,0,0,0,2,1,5,0
1492-2,1,23,arrieros,74,89,1,95,129,0,0,0,18,42,0,0,0,2,1,5,0
1492-2,1,24,arrieros,74,89,1,84,123,0,0,0,18,34,0,0,0,2,1,3,0
1492-2,1,25,arrieros,74,89,1,89,112,0,0,0,18,34,0,0,0,2,1,3,0
1492-2,1,26,arrieros,77,89,1,81,100,0,0,0,18,34,0,0,0,2,1,3,0
1492-2,1,27,arrieros,77,89,1,83,96,0,0,0,18,34,0,0,0,2,1,5,0
1492-2,1,28,arrieros,80,89,1,82,91,0,0,0,18,34,0,0,0,2,1,5,0
1492-2,1,29,arrieros,80,89,1,84,92,0,0,0,24,40,0,0,0,2,1,5,0
1492-2,1,30,arrieros,80,89,1,90,93,0,0,0,24,48,0,0,0,2,1,3,0
1492-2,1,31,arrieros,80,89,1,88,94,0,0,0,24,48,0,0,0,2,1,3,0
1492-2,1,32,arrieros,80,89,1,91,96,0,0,0,24,48,0,0,0,2,1,5,0
1492-2,1,33,arrieros,80,89,1,89,98,0,0,0,24,48,0,0,0,2,1,3,0
1492-2,1,34,arrieros,80,89,1,92,86,0,0,0,24,48,0,0,0,2,1,6,0
1492-2,1,35,arrieros,83,89,1,92,111,0,0,0,48,72,0,0,0,2,1,3,0
1492-2,1,36,arrieros,83,89,1,95,135,0,0,0,48,72,0,0,0,2,1,5,0
1492-2,1,37,arrieros,83,89,1,95,150,0,0,0,48,72,0,0,0,2,1,6,0
1492-2,1,38,arrieros,83,89,1,98,172,0,0,0,48,72,0,0,0,2,1,2,0
1492-2,1,39,arrieros,83,89,1,96,191,0,0,0,48,72,0,0,0,2,1,2,0
1492-2,1,40,arrieros,83,89,1,93,209,0,0,0,48,72,0,0,0,2,1,2,0
1492-2,1,41,arrieros,86,89,1,91,209,0,0,0,30,54,0,0,0,2,1,2,0
1492-2,1,42,arrieros,86,89,1,94,209,0,0,0,30,54,0,0,0,2,1,4,0
1492-2,1,43,arrieros,86,89,1,92,209,0,0,0,30,54,0,0,0,2,1,4,0
1492-2,1,44,arrieros,86,89,1,95,209,0,0,0,30,54,0,0,0,2,1,2,0
1492-2,1,45,arrieros,86,89,1,93,209,0,0,0,30,54,0,0,0,2,1,2,0
1492-2,1,46,arrieros,86,89,1,95,209,0,0,0,30,54,0,0,0,2,1,2,0
1492-2,1,47,arrieros,86,89,1,93,197,0,0,0,18,42,0,0,0,2,1,2,0
1492-2,1,48,arrieros,86,89,1,87,186,0,0,0,18,34,0,0,0,2,1,2,0
1492-2,1,49,arrieros,86,89,1,85,175,0,0,0,18,34,0,0,0,2,1,2,0
1492-2,1,50,arrieros,89,89,1,79,165,0,0,0,18,34,0,0,0,2,1,2,0
1492-2,1,51,arrieros,89,89,1,84,155,0,0,0,18,34,0,0,0,2,1,4,0
1492-2,1,52,arrieros,89,89,1,78,145,0,0,0,18,34,0,0,0,2,1,2,0
1492-2,1,53,arrieros,89,89,1,83,142,0,0,0,24,40,0,0,0,2,1,4,0
1492-2,1,54,arrieros,89,89,1,85,139,0,0,0,24,48,0,0,0,2,1,2,0
1492-2,1,55,arrieros,89,89,1,90,136,0,0,0,24,48,0,0,0,2,1,2,0
1492-2,1,56,arrieros,89,89,1,92,133,0,0,0,24,48,0,0,0,2,1,3,0
1492-2,1,57,arrieros,89,89,1,93,133,0,0,0,24,48,0,0,0,2,1,3,0
1492-2,1,58,arrieros,89,89,1,95,121,0,0,0,24,48,0,0,0,2,1,6,0
1492-2,1,59,arrieros,89,89,1,96,145,0,0,0,48,72,0,0,0,2,1,3,0
1492-2,1,60,arrieros,89,89,1,98,162,0,0,0,48,72,0,0,0,2,1,5,0
1492-2,1,61,arrieros,89,89,1,90,181,0,0,0,48,72,0,0,0,2,1,2,0
1492-2,1,62,arrieros,92,89,1,92,199,0,0,0,48,72,0,0,0,2,1,2,0
1492-2,1,63,arrieros,92,89,1,90,201,0,0,0,48,72,0,0,0,2,1,7,0
1492-2,1,64,arrieros,92,89,1,92,218,0,0,0,48,72,0,0,0,2,1,2,0
1492-2,1,65,arrieros,92,89,1,60,186,0,0,0,37,61,0,0,0,2,1,3,0
1492-2,1,66,arrieros,92,89,1,62,147,0,0,0,37,61,0,0,0,2,1,4,0
1492-2,1,67,arrieros,138,115,2,82,156,0,0,0,37,61,0,0,0,3,1,0,1
1492-2,1,68,arrieros,198,165,3,61,159,0,0,0,37,65,0,0,0,4,1,4,0
1492-2,1,69,arrieros,201,165,3,77,149,0,0,0,37,75,0,1,0,4,1,4,0
1492-2,1,70,arrieros,201,165,3,68,144,0,0,0,42,80,0,0,0,4,1,5,0
1492-2,1,71,arrieros,201,165,3,84,119,0,0,0,21,59,0,0,0,4,1,1,0
1492-2,1,72,arrieros,201,165,3,60,94,0,0,0,21,51,0,1,0,4,1,3,0
1492-2,1,73,arrieros,201,165,3,68,74,0,0,0,21,51,0,0,0,4,1,1,0
1492-2,1,74,arrieros,201,165,3,68,52,0,0,0,21,51,0,0,0,4,1,0,1
1492-2,1,75,arrieros,201,165,3,68,31,0,0,0,21,51,0,0,0,4,1,0,1
1492-2,1,76,arrieros,201,165,3,68,11,0,0,0,21,51,0,0,0,4,1,0,1
1492-2,1,77,arrieros,200,165,3,68,0,0,0,0,28,58,1,0,0,4,1,1,0
1492-2,1,78,arrieros,199,165,3,73,0,0,0,0,28,59,1,0,0,4,1,0,1
1492-2,1,79,arrieros,197,161,3,65,0,0,0,0,27,58,1,0,0,4,1,6,0
1492-2,1,80,arrieros,195,157,3,74,1,0,0,0,27,54,1,0,0,4,1,1,0
1492-2,1,81,arrieros,193,153,3,65,0,0,0,0,27,54,1,0,0,4,1,3,0
1492-2,1,82,arrieros,191,149,3,75,1,0,0,0,26,53,1,0,0,4,1,1,0
1492-2,1,83,arrieros,191,149,3,65,12,0,0,0,48,75,0,0,0,4,1,3,0
1492-2,1,84,arrieros,191,149,3,76,24,0,0,0,48,75,0,0,0,4,1,1,0
1492-2,1,85,arrieros,193,156,3,65,34,0,0,0,48,75,0,0,0,4,1,3,0
1492-2,1,86,arrieros,144,113,2,77,45,0,0,0,50,75,0,0,0,4,1,1,0
1492-2,1,87,arrieros,144,114,2,72,70,0,0,0,55,80,0,0,0,4,1,3,0
1492-2,1,88,arrieros,145,115,2,80,89,0,0,0,55,80,0,0,0,4,1,6,0
1492-2,1,89,arrieros,145,116,2,75,88,0,0,0,34,59,0,0,0,4,1,3,0
1492-2,1,90,arrieros,145,117,2,80,81,0,0,0,34,59,0,0,0,4,1,6,0
1492-2,1,91,arrieros,145,118,2,78,84,0,0,0,34,59,0,0,0,4,1,3,0
1492-2,1,92,arrieros,145,119,2,80,88,0,0,0,34,59,0,0,0,4,1,3,0
1492-2,1,93,arrieros,149,120,2,79,93,0,0,0,35,61,0,0,0,4,1,3,0
1492-2,1,94,arrieros,149,121,2,81,97,0,0,0,35,61,0,0,0,4,1,5,0
1492-2,1,95,arrieros,149,121,2,80,87,0,0,0,21,47,0,0,0,4,1,3,0
1492-2,1,96,arrieros,149,121,2,74,77,0,0,0,21,39,0,0,0,4,1,5,0
1492-2,1,97,arrieros,149,121,2,73,68,0,0,0,21,39,0,0,0,4,1,3,0
1492-2,1,98,arrieros,149,121,2,70,58,0,0,0,21,39,0,0,0,4,1,3,0
1492-2,1,99,arrieros,149,121,2,69,49,0,0,0,21,39,0,0,0,4,1,2,0
1492-2,1,100,arrieros,149,121,2,80,40,0,0,0,21,39,0,0,0,4,1,1,0
1492-2,1,101,arrieros,149,121,2,65,38,0,0,0,29,47,0,0,0,4,1,3,0
1492-2,1,102,arrieros,149,121,2,86,38,0,0,0,29,55,0,0,0,4,1,1,0
1492-2,1,103,arrieros,149,121,2,73,36,0,0,0,29,55,0,0,0,4,1,4,0
1492-2,1,104,arrieros,149,121,2,85,36,0,0,0,29,57,0,0,0,4,1,3,0
1492-2,1,105,arrieros,149,121,2,79,35,0,0,0,29,57,0,0,0,4,1,3,0
1492-2,1,106,arrieros,149,121,2,84,35,0,0,0,29,57,0,0,0,4,1,3,0
1492-2,1,107,arrieros,149,122,2,82,62,0,0,0,57,85,0,0,0,4,1,3,0
1492-2,1,108,arrieros,149,123,2,83,88,0,0,0,57,85,0,0,0,4,1,3,0
1492-2,1,109,arrieros,149,124,2,85,103,0,0,0,57,85,0,0,0,4,1,9,0
1492-2,1,110,arrieros,150,125,2,84,126,0,0,0,57,85,0,0,0,4,1,3,0
1492-2,1,111,arrieros,150,126,2,86,148,0,0,0,57,85,0,0,0,4,1,3,0
1492-2,1,112,arrieros,150,127,2,85,170,0,0,0,57,85,0,0,0,4,1,3,0
1492-2,1,113,arrieros,153,128,2,87,170,0,0,0,36,64,0,0,0,4,1,3,0
1492-2,1,114,arrieros,153,129,2,86,170,0,0,0,36,64,0,0,0,4,1,7,0
1492-2,1,115,arrieros,154,131,2,89,170,0,0,0,36,65,0,0,0,4,1,3,0
1492-2,1,116,arrieros,154,133,2,88,170,0,0,0,36,65,0,0,0,4,1,3,0
1492-2,1,117,arrieros,155,135,2,88,170,0,0,0,36,65,0,0,0,4,1,3,0
1492-2,1,118,arrieros,155,137,2,87,170,0,0,0,36,65,0,0,0,4,1,3,0
1492-2,1,119,arrieros,155,137,2,87,154,0,0,0,21,50,0,0,0,4,1,3,0
1492-2,1,120,arrieros,158,137,2,81,138,0,0,0,21,42,0,0,0,4,1,3,0
1492-2,1,121,arrieros,158,137,2,81,122,0,0,0,21,42,0,0,0,4,1,7,0
1492-2,1,122,arrieros,158,137,2,75,107,0,0,0,21,42,0,0,0,4,1,3,0
1492-2,1,123,arrieros,158,137,2,75,93,0,0,0,21,42,0,0,0,4,1,2,0
1492-2,1,124,arrieros,158,137,2,79,78,0,0,0,21,42,0,0,0,4,1,2,0
1492-2,1,125,arrieros,158,137,2,79,71,0,0,0,28,49,0,0,0,4,1,3,0
1492-2,1,126,arrieros,158,137,2,81,65,0,0,0,28,57,0,0,0,4,1,3,0
1492-2,1,127,arrieros,158,137,2,81,59,0,0,0,28,57,0,0,0,4,1,3,0
1492-2,1,128,arrieros,158,137,2,83,53,0,0,0,28,57,0,0,0,4,1,3,0
1492-2,1,129,arrieros,158,137,2,83,48,0,0,0,28,57,0,0,0,4,1,3,0
1492-2,1,130,arrieros,158,137,2,85,43,0,0,0,28,57,0,0,0,4,1,3,0
1492-2,1,131,arrieros,158,139,2,85,66,0,0,0,57,86,0,0,0,4,1,3,0
1492-2,1,132,arrieros,159,141,2,89,88,0,0,0,57,88,0,0,0,4,1,3,0
1492-2,1,133,arrieros,159,143,2,89,96,0,0,0,57,88,0,0,0,4,1,9,0
1492-2,1,134,arrieros,160,145,2,90,117,0,0,0,57,88,0,0,0,4,1,3,0
1492-2,1,135,arrieros,160,147,2,90,136,0,0,0,57,88,0,0,0,4,1,3,0
1492-2,1,136,arrieros,160,149,2,91,154,0,0,0,57,88,0,0,0,4,1,3,0
1492-2,1,137,arrieros,163,149,2,92,150,0,0,0,36,68,0,0,0,4,1,3,0
1492-2,1,138,arrieros,163,149,2,94,147,0,0,0,36,68,0,0,0,4,1,7,0
1492-2,1,139,arrieros,163,149,2,95,144,0,0,0,36,68,0,0,0,4,1,3,0
1492-2,1,140,arrieros,163,149,2,97,141,0,0,0,36,68,0,0,0,4,1,3,0
1492-2,1,141,arrieros,163,149,2,98,138,0,0,0,36,68,0,0,0,4,1,3,0
1492-2,1,142,arrieros,163,149,2,90,136,0,0,0,36,68,0,0,0,4,1,3,0
1492-2,1,143,arrieros,163,149,2,91,120,0,0,0,21,53,0,0,0,4,1,3,0
1492-2,1,144,arrieros,163,149,2,84,103,0,0,0,21,45,0,0,0,4,1,3,0
1492-2,1,145,arrieros,163,149,2,85,87,0,0,0,21,45,0,0,0,4,1,3,0
1492-2,1,146,arrieros,166,149,2,81,71,0,0,0,21,45,0,0,0,4,1,3,0
1492-2,1,147,arrieros,166,149,2,82,55,0,0,0,21,45,0,0,0,4,1,7,0
1492-2,1,148,arrieros,166,149,2,78,40,0,0,0,21,45,0,0,0,4,1,3,0
1492-2,1,149,arrieros,166,149,2,79,32,0,0,0,28,52,0,0,0,4,1,3,0
1492-2,1,150,arrieros,166,149,2,83,25,0,0,0,28,60,0,0,0,4,1,3,0
1492-2,1,151,arrieros,166,149,2,84,18,0,0,0,28,60,0,0,0,4,1,4,0
1492-2,1,152,arrieros,166,149,2,88,11,0,0,0,28,60,0,0,0,4,1,3,0
1492-2,1,153,arrieros,166,149,2,89,4,0,0,0,28,60,0,0,0,4,1,3,0
1492-2,1,154,arrieros,165,149,2,90,3,0,0,0,28,60,1,0,0,4,1,3,0
1492-2,1,155,arrieros,165,149,2,91,26,0,0,0,57,89,0,0,0,4,1,3,0
1492-2,1,156,arrieros,165,149,2,92,48,0,0,0,57,89,0,0,0,4,1,3,0
1492-2,1,157,arrieros,165,149,2,93,69,0,0,0,57,89,0,0,0,4,1,3,0
1492-2,1,158,arrieros,165,149,2,94,89,0,0,0,57,89,0,0,0,4,1,3,0
1492-2,1,159,arrieros,165,149,2,95,96,0,0,0,57,89,0,0,0,4,1,9,0
1492-2,1,160,arrieros,165,149,2,96,115,0,0,0,57,89,0,0,0,4,1,3,0
1492-2,1,161,arrieros,165,149,2,98,113,0,0,0,36,68,0,0,0,4,1,3,0
1492-2,1,162,arrieros,165,149,2,90,112,0,0,0,36,68,0,0,0,4,1,3,0
1492-2,1,163,arrieros,165,149,2,92,111,0,0,0,36,68,0,0,0,4,1,3,0
1492-2,1,164,arrieros,168,149,2,93,109,0,0,0,36,68,0,0,0,4,1,3,0
1492-2,1,165,arrieros,168,149,2,94,107,0,0,0,36,68,0,0,0,4,1,7,0
1492-2,1,166,arrieros,168,149,2,95,105,0,0,0,36,68,0,0,0,4,1,3,0
1492-2,1,167,arrieros,168,149,2,96,89,0,0,0,21,53,0,0,0,4,1,3,0
1492-2,1,168,arrieros,168,149,2,89,74,0,0,0,21,45,0,0,0,4,1,3,0
1492-2,1,169,arrieros,168,149,2,81,60,0,0,0,21,45,0,0,0,4,1,3,0
1492-2,1,170,arrieros,168,149,2,83,46,0,0,0,21,45,0,0,0,4,1,3,0
1492-2,1,171,arrieros,168,149,2,78,31,0,0,0,21,45,0,0,0,4,1,3,0
1492-2,1,172,arrieros,168,149,2,80,17,0,0,0,21,45,0,0,0,4,1,3,0
1492-2,1,173,arrieros,168,149,2,75,10,0,0,0,28,52,0,0,0,4,1,3,0
1492-2,1,174,arrieros,168,149,2,85,3,0,0,0,28,60,0,0,0,4,1,2,0
1492-2,1,175,arrieros,167,149,2,90,1,0,0,0,28,60,1,0,0,4,1,3,0
1492-2,1,176,arrieros,166,149,2,90,2,0,0,0,28,60,1,0,0,4,1,3,0
1492-2,1,177,arrieros,165,146,2,92,3,0,0,0,28,60,1,0,0,4,1,3,0
1492-2,1,178,arrieros,163,143,2,91,3,0,0,0,28,59,1,0,0,4,1,3,0
1492-2,1,179,arrieros,163,143,2,93,27,0,0,0,57,88,0,0,0,4,1,3,0
1492-2,1,180,arrieros,164,149,2,92,51,0,0,0,57,88,0,0,0,4,1,3,0
1492-2,1,181,arrieros,164,149,2,95,72,0,0,0,57,89,0,0,0,4,1,3,0
1492-2,1,182,arrieros,164,149,2,94,92,0,0,0,57,89,0,0,0,4,1,3,0
1492-2,1,183,arrieros,164,149,2,98,111,0,0,0,57,89,0,0,0,4,1,3,0
1492-2,1,184,arrieros,164,149,2,97,129,0,0,0,57,89,0,0,0,4,1,3,0
1492-2,1,185,arrieros,164,149,2,92,127,0,0,0,36,68,0,0,0,4,1,3,0
1492-2,1,186,arrieros,164,149,2,91,125,0,0,0,36,68,0,0,0,4,1,3,0
1492-2,1,187,arrieros,164,149,2,94,123,0,0,0,36,68,0,0,0,4,1,3,0
1492-2,1,188,arrieros,164,149,2,93,121,0,0,0,36,68,0,0,0,4,1,3,0
1492-2,1,189,arrieros,164,149,2,96,119,0,0,0,36,68,0,0,0,4,1,3,0
1492-2,1,190,arrieros,164,149,2,95,117,0,0,0,36,68,0,0,0,4,1,3,0
1492-2,1,191,arrieros,164,149,2,89,101,0,0,0,21,53,0,0,0,4,1,3,0
1492-2,1,192,arrieros,164,149,2,89,85,0,0,0,21,45,0,0,0,4,1,3,0
1492-2,1,193,arrieros,164,149,2,83,70,0,0,0,21,45,0,0,0,4,1,3,0
1492-2,1,194,arrieros,164,149,2,83,55,0,0,0,21,45,0,0,0,4,1,3,0
1492-2,1,195,arrieros,164,149,2,80,40,0,0,0,21,45,0,0,0,4,1,3,0
1492-2,1,196,arrieros,164,149,2,80,26,0,0,0,21,45,0,0,0,4,1,3,0
1492-2,1,197,arrieros,164,149,2,77,19,0,0,0,28,52,0,0,0,4,1,3,0
1492-2,1,198,arrieros,164,149,2,85,12,0,0,0,28,60,0,0,0,4,1,2,0
1492-2,1,199,arrieros,164,149,2,92,4,0,0,0,28,60,0,0,0,4,1,3,0
1492-2,1,200,arrieros,163,149,2,90,2,0,0,0,28,60,1,0,0,4,1,3,0
1492-2,1,1,canteros,46,116,1,45,50,0,0,0,12,36,0,0,0,0,1,4,0
1492-2,1,2,canteros,46,116,1,32,30,0,0,0,12,23,0,0,0,0,1,1,0
1492-2,1,3,canteros,46,116,1,24,9,0,0,0,12,23,0,1,0,0,1,1,0
1492-2,1,4,canteros,45,116,1,31,0,0,0,0,12,29,1,1,0,0,1,0,1
1492-2,1,5,canteros,44,116,1,46,0,0,0,0,16,40,1,1,0,0,1,1,0
1492-2,1,6,canteros,42,113,1,72,0,0,0,0,16,57,1,0,0,0,1,0,1
1492-2,1,7,canteros,41,110,1,86,0,0,0,0,16,57,1,0,0,0,1,3,0
1492-2,1,8,canteros,39,107,1,89,1,0,0,0,16,57,1,0,0,0,1,3,0
1492-2,1,9,canteros,37,104,1,94,2,0,0,0,16,54,1,0,0,0,1,3,0
1492-2,1,10,canteros,36,101,1,94,3,0,0,0,14,51,1,0,0,0,1,3,0
1492-2,1,11,canteros,36,101,1,99,9,0,0,0,28,64,0,0,0,0,1,3,0
1492-2,1,12,canteros,36,101,1,99,15,0,0,0,28,64,0,0,0,0,1,3,0
1492-2,1,13,canteros,36,101,1,97,22,0,0,0,28,64,0,0,0,0,1,3,0
1492-2,1,14,canteros,36,101,1,97,28,0,0,0,28,63,0,0,0,0,1,3,0
1492-2,1,15,canteros,36,101,1,95,34,0,0,0,28,63,0,0,0,0,1,3,0
1492-2,1,16,canteros,36,101,1,94,40,0,0,0,28,63,0,0,0,0,1,3,0
1492-2,1,17,canteros,36,101,1,100,35,0,0,0,18,53,0,0,0,0,1,3,0
1492-2,1,18,canteros,36,101,1,99,30,0,0,0,18,52,0,0,0,0,1,3,0
1492-2,1,19,canteros,36,101,1,97,27,0,0,0,18,52,0,0,0,0,1,3,0
1492-2,1,20,canteros,36,101,1,98,24,0,0,0,18,52,0,0,0,0,1,3,0
1492-2,1,21,canteros,36,101,1,96,21,0,0,0,18,51,0,0,0,0,1,3,0
1492-2,1,22,canteros,36,101,1,97,20,0,0,0,20,54,0,0,0,0,1,3,0
1492-2,1,23,canteros,36,101,1,94,11,0,0,0,12,45,0,0,0,0,1,3,0
1492-2,1,24,canteros,35,101,1,85,4,0,0,0,12,35,1,0,0,0,1,3,0
1492-2,1,25,canteros,34,101,1,89,3,0,0,0,12,34,1,0,0,0,1,3,0
1492-2,1,26,canteros,32,98,1,83,2,0,0,0,12,34,1,0,0,0,1,3,0
1492-2,1,27,canteros,31,96,1,83,3,0,0,0,10,31,1,0,0,0,1,3,0
1492-2,1,28,canteros,29,94,1,84,2,0,0,0,10,31,1,0,0,0,1,3,0
1492-2,1,29,canteros,28,92,1,84,2,0,0,0,12,32,1,0,0,0,1,4,0
1492-2,1,30,canteros,27,90,1,79,2,0,0,0,12,29,1,0,0,0,1,3,0
1492-2,1,31,canteros,25,88,1,79,2,0,0,0,12,29,1,0,0,0,1,3,0
1492-2,1,32,canteros,24,86,1,77,2,0,0,0,12,28,1,0,0,0,1,3,0
1492-2,1,33,canteros,22,84,1,77,2,0,0,0,9,24,1,0,0,0,1,4,0
1492-2,1,34,canteros,21,82,1,78,1,0,0,0,9,24,1,0,0,0,1,3,0
1492-2,1,35,canteros,21,82,1,18,1,0,0,0,19,34,0,0,0,0,1,3,0
1492-2,1,36,canteros,20,82,1,34,2,0,0,0,19,34,1,0,0,0,1,1,0
1492-2,1,37,canteros,19,82,1,44,0,0,0,0,19,34,1,0,0,0,1,0,1
1492-2,1,38,canteros,19,82,1,50,2,0,0,0,24,40,0,0,0,0,1,0,1
1492-2,1,39,canteros,19,82,1,60,4,0,0,0,24,40,0,0,0,0,1,0,1
1492-2,1,40,canteros,19,82,1,70,6,0,0,0,24,40,0,0,0,0,1,0,1
1492-2,1,41,canteros,19,82,1,70,2,0,0,0,18,35,0,0,0,0,1,2,0
1492-2,1,42,canteros,18,82,1,72,1,0,0,0,18,35,1,0,0,0,1,2,0
1492-2,1,43,canteros,17,82,1,76,1,0,0,0,18,35,1,0,0,0,1,3,0
1492-2,1,44,canteros,16,80,1,73,1,0,0,0,18,35,1,0,0,0,1,3,0
1492-2,1,45,canteros,14,78,1,77,1,0,0,0,18,35,1,0,0,0,1,3,0
1492-2,1,46,canteros,13,76,1,68,1,0,0,0,18,34,1,0,0,0,1,3,0
1492-2,1,47,canteros,11,74,1,85,1,0,0,0,10,26,1,0,0,0,1,1,0
1492-2,1,48,canteros,10,72,1,69,0,0,0,0,10,26,1,0,0,0,1,3,0
1492-2,1,49,canteros,9,70,1,83,2,0,0,0,9,24,1,0,0,0,1,1,0
1492-2,1,50,canteros,7,68,1,69,0,0,0,0,9,24,1,0,0,0,1,3,0
1492-2,1,51,canteros,6,66,1,89,2,0,0,0,9,24,1,0,0,0,1,1,0
1492-2,1,52,canteros,5,65,1,69,0,0,0,0,9,24,1,0,0,0,1,3,0
1492-2,1,53,canteros,3,64,1,88,3,0,0,0,12,27,1,0,0,0,1,1,0
1492-2,1,54,canteros,2,63,1,69,0,0,0,0,12,31,1,0,0,0,1,4,0
1492-2,1,55,canteros,1,62,1,87,3,0,0,0,9,23,1,0,0,0,1,1,0
1492-2,1,56,canteros,0,61,1,69,0,0,0,0,9,23,1,0,0,0,1,2,0
1492-2,1,57,canteros,-1,60,1,85,6,0,0,0,9,23,1,0,0,0,1,1,0
1492-2,1,58,canteros,-3,59,1,69,0,0,0,0,9,23,1,0,0,0,1,2,0
1492-2,1,59,canteros,-3,59,1,85,8,0,0,0,19,32,0,0,0,0,1,1,0
1492-2,1,60,canteros,-3,59,1,63,11,0,0,0,19,32,0,0,0,0,1,2,0
1492-2,1,61,canteros,-3,59,1,79,24,0,0,0,24,38,0,0,0,0,1,1,0
1492-2,1,62,canteros,-2,60,1,68,31,0,0,0,24,38,0,0,0,0,1,2,0
1492-2,1,63,canteros,-2,60,1,82,41,0,0,0,24,39,0,0,0,0,1,1,0
1492-2,1,64,canteros,-2,60,1,65,50,0,0,0,28,44,0,0,0,0,1,2,0
1492-2,1,65,canteros,-3,58,1,62,44,0,0,0,18,34,0,0,0,0,1,2,0
1492-2,1,66,canteros,-4,54,1,50,21,0,0,0,18,33,0,0,0,0,1,4,0
1492-2,1,67,canteros,-4,54,1,58,25,0,0,0,20,35,0,0,0,0,1,0,1
1492-2,1,68,canteros,9,54,1,62,29,0,0,0,20,35,0,0,0,1,1,0,1
1492-2,1,69,canteros,10,56,1,70,33,0,0,0,20,35,0,0,0,1,1,2,0
1492-2,1,70,canteros,10,58,1,68,36,0,0,0,20,35,0,0,0,1,1,2,0
1492-2,1,71,canteros,13,58,1,74,33,0,0,0,12,27,0,0,0,1,1,1,0
1492-2,1,72,canteros,13,58,1,68,28,0,0,0,12,27,0,0,0,1,1,4,0
1492-2,1,73,canteros,13,58,1,80,27,0,0,0,12,27,0,0,0,1,1,1,0
1492-2,1,74,canteros,13,58,1,68,23,0,0,0,12,27,0,0,0,1,1,2,0
1492-2,1,75,canteros,13,58,1,79,23,0,0,0,12,27,0,0,0,1,1,1,0
1492-2,1,76,canteros,16,58,1,68,19,0,0,0,12,27,0,0,0,1,1,2,0
1492-2,1,77,canteros,16,58,1,82,23,0,0,0,16,31,0,0,0,1,1,3,0
1492-2,1,78,canteros,16,58,1,68,23,0,0,0,16,35,0,0,0,1,1,2,0
1492-2,1,79,canteros,16,58,1,89,27,0,0,0,16,35,0,0,0,1,1,1,0
1492-2,1,80,canteros,16,58,1,72,26,0,0,0,16,35,0,0,0,1,1,2,0
1492-2,1,81,canteros,16,58,1,76,31,0,0,0,16,35,0,0,0,1,1,2,0
1492-2,1,82,canteros,16,58,1,77,32,0,0,0,16,35,0,0,0,1,1,2,0
1492-2,1,83,canteros,17,60,1,78,50,0,0,0,32,51,0,0,0,1,1,2,0
1492-2,1,84,canteros,17,60,1,80,61,0,0,0,32,52,0,0,0,1,1,5,0
1492-2,1,85,canteros,17,60,1,73,77,0,0,0,32,52,0,0,0,1,1,2,0
1492-2,1,86,canteros,32,60,1,81,93,0,0,0,32,52,0,0,0,2,1,2,0
1492-2,1,87,canteros,35,60,1,80,106,0,0,0,32,52,0,0,0,2,1,2,0
1492-2,1,88,canteros,245,63,1,98,121,0,0,0,32,52,0,1,1,3,1,3,0
1492-2,1,89,canteros,246,66,1,111,121,0,0,0,20,40,0,0,0,3,1,1,0
1492-2,1,90,canteros,246,69,1,124,119,0,0,0,18,38,0,0,0,3,1,0,1
1492-2,1,91,canteros,247,72,1,137,116,0,0,0,18,38,0,0,0,3,1,0,1
1492-2,1,92,canteros,248,75,1,151,112,0,0,0,18,39,0,0,0,3,1,0,1
1492-2,1,93,canteros,248,75,1,74,108,0,0,0,18,39,0,0,0,3,1,2,0
1492-2,1,94,canteros,248,75,1,134,114,0,0,0,18,39,0,0,0,3,1,2,0
1492-2,1,95,canteros,248,75,1,152,105,0,0,0,10,31,0,0,0,3,1,1,0
1492-2,1,96,canteros,248,75,1,69,94,0,0,0,10,26,0,0,0,3,1,2,0
1492-2,1,97,canteros,248,75,1,137,93,0,0,0,10,26,0,0,0,3,1,1,0
1492-2,1,98,canteros,248,75,1,69,82,0,0,0,10,26,0,0,0,3,1,2,0
1492-2,1,99,canteros,248,75,1,122,82,0,0,0,10,26,0,0,0,3,1,1,0
1492-2,1,100,canteros,248,75,1,69,72,0,0,0,10,26,0,0,0,3,1,2,0
1492-2,1,101,canteros,248,75,1,106,76,0,0,0,14,30,0,0,0,3,1,1,0
1492-2,1,102,canteros,248,75,1,74,70,0,0,0,14,35,0,0,0,3,1,2,0
1492-2,1,103,canteros,248,75,1,89,74,0,0,0,14,35,0,0,0,3,1,2,0
1492-2,1,104,canteros,248,75,1,78,71,0,0,0,14,35,0,0,0,3,1,2,0
1492-2,1,105,canteros,248,75,1,84,71,0,0,0,14,35,0,0,0,3,1,2,0
1492-2,1,106,canteros,248,75,1,79,69,0,0,0,14,35,0,0,0,3,1,2,0
1492-2,1,107,canteros,248,78,1,81,81,0,0,0,28,49,0,0,0,3,1,2,0
1492-2,1,108,canteros,249,80,1,80,91,0,0,0,28,49,0,0,0,3,1,2,0
1492-2,1,109,canteros,249,80,1,83,100,0,0,0,28,51,0,0,0,3,1,2,0
1492-2,1,110,canteros,249,80,1,82,108,0,0,0,28,51,0,0,0,3,1,2,0
1492-2,1,111,canteros,249,80,1,82,117,0,0,0,28,51,0,0,0,3,1,2,0
1492-2,1,112,canteros,249,80,1,86,124,0,0,0,28,51,0,0,0,3,1,2,0
1492-2,1,113,canteros,249,80,1,112,122,0,0,0,18,41,0,0,0,3,1,1,0
1492-2,1,114,canteros,249,80,1,128,116,0,0,0,18,41,0,0,0,3,1,0,1
1492-2,1,115,canteros,249,80,1,76,110,0,0,0,18,41,0,0,0,3,1,2,0
1492-2,1,116,canteros,249,80,1,113,114,0,0,0,18,41,0,0,0,3,1,2,0
1492-2,1,117,canteros,249,80,1,82,111,0,0,0,18,41,0,0,0,3,1,3,0
1492-2,1,118,canteros,249,80,1,97,115,0,0,0,18,41,0,0,0,3,1,2,0
1492-2,1,119,canteros,249,80,1,85,105,0,0,0,10,33,0,0,0,3,1,2,0
1492-2,1,120,canteros,249,80,1,80,100,0,0,0,10,27,0,0,0,3,1,2,0
1492-2,1,121,canteros,249,80,1,80,92,0,0,0,10,27,0,0,0,3,1,2,0
1492-2,1,122,canteros,249,80,1,78,83,0,0,0,10,27,0,0,0,3,1,2,0
1492-2,1,123,canteros,249,80,1,78,75,0,0,0,10,27,0,0,0,3,1,2,0
1492-2,1,124,canteros,249,80,1,75,67,0,0,0,10,27,0,0,0,3,1,2,0
1492-2,1,125,canteros,249,80,1,75,63,0,0,0,14,31,0,0,0,3,1,2,0
1492-2,1,126,canteros,249,80,1,81,58,0,0,0,14,37,0,0,0,3,1,2,0
1492-2,1,127,canteros,249,80,1,81,53,0,0,0,14,37,0,0,0,3,1,2,0
1492-2,1,128,canteros,249,80,1,84,50,0,0,0,14,37,0,0,0,3,1,2,0
1492-2,1,129,canteros,249,80,1,84,47,0,0,0,14,37,0,0,0,3,1,2,0
1492-2,1,130,canteros,249,80,1,83,45,0,0,0,14,37,0,0,0,3,1,2,0
1492-2,1,131,canteros,249,80,1,83,56,0,0,0,28,51,0,0,0,3,1,2,0
1492-2,1,132,canteros,249,80,1,82,67,0,0,0,28,51,0,0,0,3,1,2,0
1492-2,1,133,canteros,249,80,1,84,77,0,0,0,28,51,0,0,0,3,1,2,0
1492-2,1,134,canteros,249,80,1,86,86,0,0,0,28,51,0,0,0,3,1,2,0
1492-2,1,135,canteros,249,80,1,85,96,0,0,0,28,51,0,0,0,3,1,2,0
1492-2,1,136,canteros,249,80,1,86,105,0,0,0,28,51,0,0,0,3,1,2,0
1492-2,1,137,canteros,249,80,1,85,104,0,0,0,18,41,0,0,0,3,1,2,0
1492-2,1,138,canteros,249,80,1,86,103,0,0,0,18,41,0,0,0,3,1,2,0
1492-2,1,139,canteros,249,80,1,85,102,0,0,0,18,41,0,0,0,3,1,2,0
1492-2,1,140,canteros,249,80,1,85,101,0,0,0,18,41,0,0,0,3,1,2,0
1492-2,1,141,canteros,249,80,1,84,101,0,0,0,18,41,0,0,0,3,1,2,0
1492-2,1,142,canteros,249,80,1,84,101,0,0,0,18,41,0,0,0,3,1,2,0
1492-2,1,143,canteros,249,80,1,85,93,0,0,0,10,33,0,0,0,3,1,2,0
1492-2,1,144,canteros,249,80,1,79,85,0,0,0,10,27,0,0,0,3,1,2,0
1492-2,1,145,canteros,249,80,1,80,77,0,0,0,10,27,0,0,0,3,1,2,0
1492-2,1,146,canteros,249,80,1,76,69,0,0,0,10,27,0,0,0,3,1,2,0
1492-2,1,147,canteros,249,80,1,77,61,0,0,0,10,27,0,0,0,3,1,2,0
1492-2,1,148,canteros,249,80,1,76,52,0,0,0,10,27,0,0,0,3,1,2,0
1492-2,1,149,canteros,249,80,1,77,48,0,0,0,14,31,0,0,0,3,1,2,0
1492-2,1,150,canteros,249,80,1,82,44,0,0,0,14,37,0,0,0,3,1,2,0
1492-2,1,151,canteros,249,80,1,83,40,0,0,0,14,37,0,0,0,3,1,3,0
1492-2,1,152,canteros,249,80,1,85,37,0,0,0,14,37,0,0,0,3,1,2,0
1492-2,1,153,canteros,249,80,1,82,35,0,0,0,14,37,0,0,0,3,1,2,0
1492-2,1,154,canteros,249,80,1,84,33,0,0,0,14,37,0,0,0,3,1,2,0
1492-2,1,155,canteros,249,80,1,86,44,0,0,0,28,51,0,0,0,3,1,2,0
1492-2,1,156,canteros,249,80,1,85,55,0,0,0,28,51,0,0,0,3,1,2,0
1492-2,1,157,canteros,249,80,1,87,66,0,0,0,28,51,0,0,0,3,1,2,0
1492-2,1,158,canteros,249,80,1,85,77,0,0,0,28,51,0,0,0,3,1,2,0
1492-2,1,159,canteros,249,80,1,84,88,0,0,0,28,51,0,0,0,3,1,2,0
1492-2,1,160,canteros,249,80,1,85,98,0,0,0,28,51,0,0,0,3,1,2,0
1492-2,1,161,canteros,249,80,1,83,98,0,0,0,18,41,0,0,0,3,1,2,0
1492-2,1,162,canteros,249,80,1,84,98,0,0,0,18,41,0,0,0,3,1,2,0
1492-2,1,163,canteros,249,80,1,82,98,0,0,0,18,41,0,0,0,3,1,2,0
1492-2,1,164,canteros,249,80,1,83,98,0,0,0,18,41,0,0,0,3,1,2,0
1492-2,1,165,canteros,249,80,1,86,97,0,0,0,18,41,0,0,0,3,1,2,0
1492-2,1,166,canteros,249,80,1,84,97,0,0,0,18,41,0,0,0,3,1,2,0
1492-2,1,167,canteros,249,80,1,87,89,0,0,0,10,33,0,0,0,3,1,2,0
1492-2,1,168,canteros,249,80,1,78,81,0,0,0,10,27,0,0,0,3,1,2,0
1492-2,1,169,canteros,249,80,1,78,75,0,0,0,10,27,0,0,0,3,1,2,0
1492-2,1,170,canteros,249,80,1,75,67,0,0,0,10,27,0,0,0,3,1,2,0
1492-2,1,171,canteros,249,80,1,75,59,0,0,0,10,27,0,0,0,3,1,2,0
1492-2,1,172,canteros,249,80,1,75,51,0,0,0,10,27,0,0,0,3,1,2,0
1492-2,1,173,canteros,249,80,1,75,47,0,0,0,14,31,0,0,0,3,1,2,0
1492-2,1,174,canteros,249,80,1,81,43,0,0,0,14,37,0,0,0,3,1,2,0
1492-2,1,175,canteros,249,80,1,81,39,0,0,0,14,37,0,0,0,3,1,2,0
1492-2,1,176,canteros,249,80,1,83,36,0,0,0,14,37,0,0,0,3,1,2,0
1492-2,1,177,canteros,249,80,1,83,33,0,0,0,14,37,0,0,0,3,1,2,0
1492-2,1,178,canteros,249,80,1,84,31,0,0,0,14,37,0,0,0,3,1,2,0
1492-2,1,179,canteros,249,80,1,84,43,0,0,0,28,51,0,0,0,3,1,2,0
1492-2,1,180,canteros,249,80,1,85,54,0,0,0,28,51,0,0,0,3,1,2,0
1492-2,1,181,canteros,249,80,1,84,65,0,0,0,28,51,0,0,0,3,1,2,0
1492-2,1,182,canteros,249,80,1,85,76,0,0,0,28,51,0,0,0,3,1,2,0
1492-2,1,183,canteros,249,80,1,84,86,0,0,0,28,51,0,0,0,3,1,2,0
1492-2,1,184,canteros,249,80,1,84,96,0,0,0,28,51,0,0,0,3,1,2,0
1492-2,1,185,canteros,249,80,1,83,96,0,0,0,18,41,0,0,0,3,1,2,0
1492-2,1,186,canteros,249,80,1,83,96,0,0,0,18,41,0,0,0,3,1,2,0
1492-2,1,187,canteros,249,80,1,82,96,0,0,0,18,41,0,0,0,3,1,2,0
1492-2,1,188,canteros,249,80,1,84,96,0,0,0,18,41,0,0,0,3,1,2,0
1492-2,1,189,canteros,249,80,1,86,95,0,0,0,18,41,0,0,0,3,1,2,0
1492-2,1,190,canteros,249,80,1,85,95,0,0,0,18,41,0,0,0,3,1,2,0
1492-2,1,191,canteros,249,80,1,86,87,0,0,0,10,33,0,0,0,3,1,2,0
1492-2,1,192,canteros,249,80,1,79,79,0,0,0,10,27,0,0,0,3,1,2,0
1492-2,1,193,canteros,249,80,1,80,72,0,0,0,10,27,0,0,0,3,1,2,0
1492-2,1,194,canteros,249,80,1,76,64,0,0,0,10,27,0,0,0,3,1,2,0
1492-2,1,195,canteros,249,80,1,77,56,0,0,0,10,27,0,0,0,3,1,2,0
1492-2,1,196,canteros,249,80,1,76,48,0,0,0,10,27,0,0,0,3,1,2,0
1492-2,1,197,canteros,249,80,1,77,44,0,0,0,14,31,0,0,0,3,1,2,0
1492-2,1,198,canteros,249,80,1,82,40,0,0,0,14,37,0,0,0,3,1,2,0
1492-2,1,199,canteros,249,80,1,83,36,0,0,0,14,37,0,0,0,3,1,2,0
1492-2,1,200,canteros,249,80,1,84,33,0,0,0,14,37,0,0,0,3,1,2,0
1492-2,1,1,ferrones,40,86,1,39,53,0,0,0,7,25,0,0,0,0,1,4,0
1492-2,1,2,ferrones,40,86,1,23,36,0,0,0,7,15,0,0,0,0,1,1,0
1492-2,1,3,ferrones,40,86,1,27,18,0,0,0,7,15,0,0,0,0,1,0,1
1492-2,1,4,ferrones,40,86,1,31,0,0,0,0,7,15,0,0,0,0,1,0,1
1492-2,1,5,ferrones,39,86,1,35,0,0,0,0,9,17,1,1,0,0,1,0,1
1492-2,1,6,ferrones,38,86,1,47,0,0,0,0,9,28,1,1,0,0,1,1,0
1492-2,1,7,ferrones,36,84,1,67,0,0,0,0,9,36,1,0,0,0,1,1,0
1492-2,1,8,ferrones,35,82,1,87,0,0,0,0,9,36,1,0,0,0,1,0,1
1492-2,1,9,ferrones,34,80,1,80,0,0,0,0,9,36,1,0,0,0,1,3,0
1492-2,1,10,ferrones,32,78,1,91,2,0,0,0,9,36,1,0,0,0,1,3,0
1492-2,1,11,ferrones,32,78,1,71,2,0,0,0,17,42,0,0,0,0,1,3,0
1492-2,1,12,ferrones,31,78,1,90,3,0,0,0,17,42,1,1,0,0,1,2,0
1492-2,1,13,ferrones,31,78,1,85,2,0,0,0,17,42,0,0,0,0,1,4,0
1492-2,1,14,ferrones,31,78,1,96,2,0,0,0,17,41,0,0,0,0,1,3,0
1492-2,1,15,ferrones,31,78,1,94,1,0,0,0,17,41,0,0,0,0,1,3,0
1492-2,1,16,ferrones,30,78,1,98,2,0,0,0,17,41,1,0,0,0,1,3,0
1492-2,1,17,ferrones,29,78,1,100,2,0,0,0,10,34,1,0,0,0,1,3,0
1492-2,1,18,ferrones,28,76,1,100,2,0,0,0,10,34,1,0,0,0,1,3,0
1492-2,1,19,ferrones,26,74,1,102,2,0,0,0,9,33,1,0,0,0,1,4,0
1492-2,1,20,ferrones,25,72,1,93,2,0,0,0,9,23,1,0,0,0,1,3,0
1492-2,1,21,ferrones,24,70,1,92,3,0,0,0,9,23,1,0,0,0,1,3,0
1492-2,1,22,ferrones,22,68,1,90,2,0,0,0,9,23,1,0,0,0,1,3,0
1492-2,1,23,ferrones,21,66,1,89,2,0,0,0,4,17,1,0,0,0,1,3,0
1492-2,1,24,ferrones,20,65,1,87,2,0,0,0,4,17,1,0,0,0,1,3,0
1492-2,1,25,ferrones,18,64,1,86,2,0,0,0,4,17,1,0,0,0,1,3,0
1492-2,1,26,ferrones,17,63,1,84,2,0,0,0,4,17,1,0,0,0,1,3,0
1492-2,1,27,ferrones,16,62,1,86,1,0,0,0,4,17,1,0,0,0,1,3,0
1492-2,1,28,ferrones,15,61,1,84,1,0,0,0,4,17,1,0,0,0,1,3,0
1492-2,1,29,ferrones,14,60,1,86,1,0,0,0,5,18,1,0,0,0,1,3,0
1492-2,1,30,ferrones,12,59,1,88,1,0,0,0,5,22,1,0,0,0,1,4,0
1492-2,1,31,ferrones,11,58,1,85,1,0,0,0,5,17,1,0,0,0,1,3,0
1492-2,1,32,ferrones,10,57,1,84,2,0,0,0,5,17,1,0,0,0,1,3,0
1492-2,1,33,ferrones,9,56,1,84,1,0,0,0,5,17,1,0,0,0,1,3,0
1492-2,1,34,ferrones,8,55,1,83,1,0,0,0,5,17,1,0,0,0,1,3,0
1492-2,1,35,ferrones,6,54,1,83,1,0,0,0,11,23,1,0,0,0,1,3,0
1492-2,1,36,ferrones,5,53,1,82,1,0,0,0,11,23,1,0,0,0,1,3,0
1492-2,1,37,ferrones,4,52,1,82,1,0,0,0,11,23,1,0,0,0,1,3,0
1492-2,1,38,ferrones,3,51,1,81,1,0,0,0,11,23,1,0,0,0,1,3,0
1492-2,1,39,ferrones,3,51,1,66,1,0,0,0,11,23,0,0,0,0,1,4,0
1492-2,1,40,ferrones,2,51,1,103,1,0,0,0,11,23,1,1,0,0,1,1,0
1492-2,1,41,ferrones,1,51,1,68,0,0,0,0,7,19,1,0,0,0,1,3,0
1492-2,1,42,ferrones,0,50,1,100,3,0,0,0,7,19,1,0,0,0,1,2,0
1492-2,1,43,ferrones,-2,49,1,85,0,0,0,0,7,19,1,0,0,0,1,3,0
1492-2,1,44,ferrones,-3,48,1,91,2,0,0,0,7,18,1,0,0,0,1,3,0
1492-2,1,45,ferrones,-4,47,1,83,1,0,0,0,7,18,1,0,0,0,1,4,0
1492-2,1,46,ferrones,-5,46,1,103,2,0,0,0,7,18,1,0,0,0,1,3,0
1492-2,1,47,ferrones,-6,45,1,81,1,0,0,0,4,15,1,0,0,0,1,3,0
1492-2,1,48,ferrones,-8,44,1,91,3,0,0,0,4,15,1,0,0,0,1,4,0
1492-2,1,49,ferrones,-9,43,1,96,1,0,0,0,4,15,1,0,0,0,1,3,0
1492-2,1,50,ferrones,-10,42,1,86,2,0,0,0,4,15,1,0,0,0,1,3,0
1492-2,1,51,ferrones,-11,41,1,87,2,0,0,0,4,15,1,0,0,0,1,4,0
1492-2,1,52,ferrones,-12,40,1,101,1,0,0,0,4,15,1,0,0,0,1,3,0
1492-2,1,53,ferrones,-14,39,1,82,2,0,0,0,5,16,1,0,0,0,1,3,0
1492-2,1,54,ferrones,-15,38,1,94,2,0,0,0,5,18,1,0,0,0,1,5,0
1492-2,1,55,ferrones,-16,37,1,97,1,0,0,0,5,16,1,0,0,0,1,3,0
1492-2,1,56,ferrones,-17,36,1,89,2,0,0,0,5,15,1,0,0,0,1,3,0
1492-2,1,57,ferrones,-18,35,1,88,2,0,0,0,5,15,1,0,0,0,1,3,0
1492-2,1,58,ferrones,-20,34,1,84,2,0,0,0,5,15,1,0,0,0,1,3,0
1492-2,1,59,ferrones,-20,34,1,83,5,0,0,0,9,19,0,0,0,0,1,3,0
1492-2,1,60,ferrones,-20,34,1,82,7,0,0,0,9,19,0,0,0,0,1,3,0
1492-2,1,61,ferrones,-20,34,1,81,9,0,0,0,9,19,0,0,0,0,1,3,0
1492-2,1,62,ferrones,-20,34,1,80,14,0,0,0,12,23,0,0,0,0,1,3,0
1492-2,1,63,ferrones,-20,34,1,79,19,0,0,0,12,22,0,0,0,0,1,4,0
1492-2,1,64,ferrones,-20,34,1,95,24,0,0,0,12,22,0,0,0,0,1,3,0
1492-2,1,65,ferrones,-20,34,1,77,24,0,0,0,7,17,0,0,0,0,1,3,0
1492-2,1,66,ferrones,-20,34,1,89,26,0,0,0,9,20,0,0,0,0,1,2,0
1492-2,1,67,ferrones,-20,34,1,80,27,0,0,0,9,20,0,0,0,0,1,2,0
1492-2,1,68,ferrones,-19,35,1,86,30,0,0,0,9,20,0,0,0,0,1,3,0
1492-2,1,69,ferrones,-19,36,1,97,32,0,0,0,9,20,0,0,0,0,1,2,0
1492-2,1,70,ferrones,-19,37,1,86,34,0,0,0,10,21,0,0,0,0,1,2,0
1492-2,1,71,ferrones,-19,37,1,91,34,0,0,0,6,17,0,0,0,0,1,3,0
1492-2,1,72,ferrones,-19,37,1,103,32,0,0,0,6,17,0,0,0,0,1,2,0
1492-2,1,73,ferrones,-19,37,1,88,31,0,0,0,6,17,0,0,0,0,1,3,0
1492-2,1,74,ferrones,-19,37,1,81,31,0,1,0,6,17,0,0,0,0,1,3,0
1492-2,1,75,ferrones,-19,37,1,102,31,0,0,0,6,17,0,0,0,0,1,2,0
1492-2,1,76,ferrones,-19,37,1,81,29,0,0,0,6,17,0,0,0,0,1,3,0
1492-2,1,77,ferrones,-19,37,1,80,31,0,1,0,8,19,0,0,0,0,1,3,0
1492-2,1,78,ferrones,-19,37,1,101,32,0,0,0,8,21,0,0,0,0,1,2,0
1492-2,1,79,ferrones,-19,37,1,83,32,0,0,0,8,21,0,0,0,0,1,2,0
1492-2,1,80,ferrones,-19,37,1,98,34,0,0,0,8,21,0,0,0,0,1,3,0
1492-2,1,81,ferrones,-19,37,1,103,34,0,0,0,8,21,0,0,0,0,1,2,0
1492-2,1,82,ferrones,-19,37,1,94,36,0,0,0,8,21,0,0,0,0,1,3,0
1492-2,1,83,ferrones,-19,38,1,84,47,0,1,0,17,30,0,0,0,0,1,3,0
1492-2,1,84,ferrones,-19,39,1,110,57,0,1,0,18,31,0,0,0,0,1,2,0
1492-2,1,85,ferrones,-18,40,1,86,66,0,1,0,18,31,0,0,0,0,1,3,0
1492-2,1,86,ferrones,-19,37,1,69,68,0,2,0,19,33,0,0,0,0,1,4,0
1492-2,1,87,ferrones,-4,38,1,106,69,0,0,0,22,35,0,0,0,1,1,4,0
1492-2,1,88,ferrones,-4,39,1,69,75,0,0,0,18,31,0,0,0,1,1,2,0
1492-2,1,89,ferrones,-3,40,1,95,74,0,2,0,11,24,0,0,0,1,1,2,0
1492-2,1,90,ferrones,9,37,1,67,70,0,0,0,18,32,0,0,0,2,1,3,0
1492-2,1,91,ferrones,9,38,1,96,70,0,1,0,11,24,0,0,0,2,1,3,0
1492-2,1,92,ferrones,12,39,1,69,70,0,1,0,11,24,0,0,0,2,1,3,0
1492-2,1,93,ferrones,13,40,1,116,70,0,2,0,11,24,0,0,0,2,1,3,0
1492-2,1,94,ferrones,12,37,1,50,66,0,0,0,18,32,0,0,0,2,1,3,0
1492-2,1,95,ferrones,12,37,1,85,61,0,2,0,6,19,0,0,0,2,1,2,0
1492-2,1,96,ferrones,12,38,1,84,55,0,0,0,11,22,0,0,0,2,1,2,0
1492-2,1,97,ferrones,15,38,1,77,50,0,1,0,6,17,0,0,0,2,1,2,0
1492-2,1,98,ferrones,15,38,1,84,49,0,0,0,6,17,0,0,0,2,1,5,0
1492-2,1,99,ferrones,15,38,1,97,46,0,0,0,6,17,0,0,0,2,1,2,0
1492-2,1,100,ferrones,15,38,1,84,44,0,0,0,6,17,0,0,0,2,1,2,0
1492-2,1,101,ferrones,15,39,1,91,47,0,0,0,9,20,0,0,0,2,1,3,0
1492-2,1,102,ferrones,15,39,1,103,48,0,0,0,9,22,0,0,0,2,1,2,0
1492-2,1,103,ferrones,18,39,1,90,50,0,0,0,9,22,0,0,0,2,1,3,0
1492-2,1,104,ferrones,18,39,1,84,52,0,1,0,9,22,0,0,0,2,1,5,0
1492-2,1,105,ferrones,18,39,1,106,53,0,1,0,9,22,0,0,0,2,1,2,0
1492-2,1,106,ferrones,18,39,1,86,53,0,1,0,9,22,0,0,0,2,1,3,0
1492-2,1,107,ferrones,19,40,1,83,65,0,2,0,18,31,0,0,0,2,1,3,0
1492-2,1,108,ferrones,19,42,1,106,79,0,0,0,25,39,0,0,0,2,1,2,0
1492-2,1,109,ferrones,19,44,1,78,85,0,1,0,19,33,0,0,0,2,1,2,0
1492-2,1,110,ferrones,20,46,1,104,90,0,3,0,19,33,0,0,0,2,1,2,0
1492-2,1,111,ferrones,20,48,1,87,100,0,1,0,25,39,0,0,0,2,1,2,0
1492-2,1,112,ferrones,21,50,1,84,103,0,3,0,19,33,0,0,0,2,1,2,0
1492-2,1,113,ferrones,21,52,1,84,105,0,2,0,18,34,0,0,0,2,1,3,0
1492-2,1,114,ferrones,21,54,1,98,106,0,1,0,18,34,0,0,0,2,1,2,0
1492-2,1,115,ferrones,21,54,1,81,101,0,2,0,12,28,0,0,0,2,1,2,0
1492-2,1,116,ferrones,22,56,1,95,102,0,1,0,18,34,0,0,0,2,1,3,0
1492-2,1,117,ferrones,22,56,1,95,96,0,2,0,12,28,0,0,0,2,1,2,0
1492-2,1,118,ferrones,22,58,1,92,96,0,1,0,18,34,0,0,0,2,1,2,0
1492-2,1,119,ferrones,22,58,1,92,86,0,2,0,7,23,0,0,0,2,1,3,0
1492-2,1,120,ferrones,22,58,1,102,82,0,1,0,13,25,0,0,0,2,1,2,0
1492-2,1,121,ferrones,22,58,1,90,75,0,1,0,7,19,0,0,0,2,1,3,0
1492-2,1,122,ferrones,22,58,1,82,70,0,2,0,7,19,0,0,0,2,1,3,0
1492-2,1,123,ferrones,22,58,1,105,70,0,0,0,13,25,0,0,0,2,1,2,0
1492-2,1,124,ferrones,22,58,1,83,63,0,0,0,7,19,0,0,0,2,1,3,0
1492-2,1,125,ferrones,22,58,1,85,60,0,1,0,9,21,0,0,0,2,1,3,0
1492-2,1,126,ferrones,22,58,1,105,55,0,1,0,9,25,0,0,0,2,1,2,0
1492-2,1,127,ferrones,22,58,1,90,51,0,0,0,9,25,0,0,0,2,1,3,0
1492-2,1,128,ferrones,22,58,1,88,49,0,1,0,9,25,0,0,0,2,1,3,0
1492-2,1,129,ferrones,22,58,1,109,47,0,0,0,9,25,0,0,0,2,1,2,0
1492-2,1,130,ferrones,22,58,1,90,44,0,0,0,9,25,0,0,0,2,1,3,0
1492-2,1,131,ferrones,23,60,1,89,53,0,1,0,19,35,0,0,0,2,1,3,0
1492-2,1,132,ferrones,23,60,1,111,58,0,1,0,19,36,0,0,0,2,1,2,0
1492-2,1,133,ferrones,23,60,1,93,63,0,1,0,19,36,0,0,0,2,1,3,0
1492-2,1,134,ferrones,23,60,1,94,70,0,2,0,19,36,0,0,0,2,1,3,0
1492-2,1,135,ferrones,23,60,1,113,80,0,0,0,25,42,0,0,0,2,1,2,0
1492-2,1,136,ferrones,23,60,1,97,84,0,0,0,19,36,0,0,0,2,1,3,0
1492-2,1,137,ferrones,23,60,1,95,83,0,1,0,12,29,0,0,0,2,1,3,0
1492-2,1,138,ferrones,23,60,1,114,81,0,1,0,12,29,0,0,0,2,1,2,0
1492-2,1,139,ferrones,23,60,1,98,78,0,1,0,12,29,0,0,0,2,1,3,0
1492-2,1,140,ferrones,23,60,1,92,78,0,2,0,12,29,0,0,0,2,1,3,0
1492-2,1,141,ferrones,23,60,1,114,82,0,0,0,18,35,0,0,0,2,1,2,0
1492-2,1,142,ferrones,23,60,1,95,79,0,0,0,12,29,0,0,0,2,1,3,0
1492-2,1,143,ferrones,23,60,1,92,75,0,1,0,7,24,0,0,0,2,1,3,0
1492-2,1,144,ferrones,23,60,1,112,68,0,1,0,7,20,0,0,0,2,1,2,0
1492-2,1,145,ferrones,23,60,1,92,61,0,1,0,7,20,0,0,0,2,1,3,0
1492-2,1,146,ferrones,23,60,1,91,56,0,2,0,7,20,0,0,0,2,1,3,0
1492-2,1,147,ferrones,23,60,1,108,55,0,0,0,13,26,0,0,0,2,1,2,0
1492-2,1,148,ferrones,23,60,1,90,49,0,0,0,7,20,0,0,0,2,1,3,0
1492-2,1,149,ferrones,23,60,1,86,47,0,1,0,9,22,0,0,0,2,1,3,0
1492-2,1,150,ferrones,23,60,1,110,44,0,0,0,9,26,0,0,0,2,1,2,0
1492-2,1,151,ferrones,23,60,1,92,39,0,0,0,9,26,0,0,0,2,1,4,0
1492-2,1,152,ferrones,23,60,1,92,37,0,1,0,9,26,0,0,0,2,1,3,0
1492-2,1,153,ferrones,23,60,1,112,34,0,0,0,9,26,0,0,0,2,1,2,0
1492-2,1,154,ferrones,23,60,1,95,30,0,0,0,9,26,0,0,0,2,1,3,0
1492-2,1,155,ferrones,23,60,1,93,38,0,1,0,19,36,0,0,0,2,1,3,0
1492-2,1,156,ferrones,23,60,1,115,45,0,0,0,19,36,0,0,0,2,1,2,0
1492-2,1,157,ferrones,23,60,1,96,51,0,0,0,19,36,0,0,0,2,1,3,0
1492-2,1,158,ferrones,23,60,1,96,59,0,1,0,19,36,0,0,0,2,1,3,0
1492-2,1,159,ferrones,23,60,1,114,65,0,1,0,19,36,0,0,0,2,1,2,0
1492-2,1,160,ferrones,23,60,1,97,71,0,1,0,19,36,0,0,0,2,1,3,0
1492-2,1,161,ferrones,23,60,1,93,72,0,2,0,12,29,0,0,0,2,1,3,0
1492-2,1,162,ferrones,23,60,1,114,76,0,0,0,18,35,0,0,0,2,1,2,0
1492-2,1,163,ferrones,23,60,1,96,74,0,0,0,12,29,0,0,0,2,1,3,0
1492-2,1,164,ferrones,23,60,1,93,75,0,1,0,12,29,0,0,0,2,1,3,0
1492-2,1,165,ferrones,23,60,1,113,74,0,1,0,12,29,0,0,0,2,1,2,0
1492-2,1,166,ferrones,23,60,1,96,72,0,1,0,12,29,0,0,0,2,1,3,0
1492-2,1,167,ferrones,23,60,1,94,67,0,2,0,7,24,0,0,0,2,1,3,0
1492-2,1,168,ferrones,23,60,1,108,67,0,0,0,13,26,0,0,0,2,1,2,0
1492-2,1,169,ferrones,23,60,1,93,60,0,0,0,7,20,0,0,0,2,1,3,0
1492-2,1,170,ferrones,23,60,1,87,55,0,1,0,7,20,0,0,0,2,1,3,0
1492-2,1,171,ferrones,23,60,1,110,50,0,0,0,7,20,0,0,0,2,1,2,0
1492-2,1,172,ferrones,23,60,1,90,43,0,0,0,7,20,0,0,0,2,1,3,0
1492-2,1,173,ferrones,23,60,1,89,41,0,1,0,9,22,0,0,0,2,1,3,0
1492-2,1,174,ferrones,23,60,1,110,38,0,0,0,9,26,0,0,0,2,1,2,0
1492-2,1,175,ferrones,23,60,1,92,34,0,0,0,9,26,0,0,0,2,1,3,0
1492-2,1,176,ferrones,23,60,1,92,32,0,1,0,9,26,0,0,0,2,1,3,0
1492-2,1,177,ferrones,23,60,1,112,29,0,0,0,9,26,0,0,0,2,1,2,0
1492-2,1,178,ferrones,23,60,1,95,26,0,0,0,9,26,0,0,0,2,1,3,0
1492-2,1,179,ferrones,23,60,1,93,34,0,1,0,19,36,0,0,0,2,1,3,0
1492-2,1,180,ferrones,23,60,1,115,41,0,0,0,19,36,0,0,0,2,1,2,0
1492-2,1,181,ferrones,23,60,1,96,47,0,0,0,19,36,0,0,0,2,1,3,0
1492-2,1,182,ferrones,23,60,1,93,55,0,1,0,19,36,0,0,0,2,1,3,0
1492-2,1,183,ferrones,23,60,1,114,61,0,1,0,19,36,0,0,0,2,1,2,0
1492-2,1,184,ferrones,23,60,1,97,66,0,1,0,19,36,0,0,0,2,1,3,0
1492-2,1,185,ferrones,23,60,1,94,67,0,2,0,12,29,0,0,0,2,1,3,0
1492-2,1,186,ferrones,23,60,1,114,72,0,0,0,18,35,0,0,0,2,1,2,0
1492-2,1,187,ferrones,23,60,1,97,70,0,0,0,12,29,0,0,0,2,1,3,0
1492-2,1,188,ferrones,23,60,1,93,71,0,1,0,12,29,0,0,0,2,1,3,0
1492-2,1,189,ferrones,23,60,1,114,70,0,1,0,12,29,0,0,0,2,1,2,0
1492-2,1,190,ferrones,23,60,1,96,68,0,1,0,12,29,0,0,0,2,1,3,0
1492-2,1,191,ferrones,23,60,1,92,64,0,2,0,7,24,0,0,0,2,1,3,0
1492-2,1,192,ferrones,23,60,1,108,64,0,0,0,13,26,0,0,0,2,1,2,0
1492-2,1,193,ferrones,23,60,1,91,57,0,0,0,7,20,0,0,0,2,1,3,0
1492-2,1,194,ferrones,23,60,1,85,53,0,1,0,7,20,0,0,0,2,1,3,0
1492-2,1,195,ferrones,23,60,1,108,48,0,0,0,7,20,0,0,0,2,1,2,0
1492-2,1,196,ferrones,23,60,1,88,41,0,0,0,7,20,0,0,0,2,1,3,0
1492-2,1,197,ferrones,23,60,1,87,39,0,1,0,9,22,0,0,0,2,1,3,0
1492-2,1,198,ferrones,23,60,1,109,36,0,0,0,9,26,0,0,0,2,1,2,0
1492-2,1,199,ferrones,23,60,1,93,31,0,0,0,9,26,0,0,0,2,1,3,0
1492-2,1,200,ferrones,23,60,1,91,29,0,1,0,9,26,0,0,0,2,1,3,0
1492-2,1,1,hortelanos,38,76,1,37,63,0,0,0,15,31,0,0,0,0,1,4,0
1492-2,1,2,hortelanos,37,72,1,10,32,0,0,0,15,22,0,0,0,0,1,5,0
1492-2,1,3,hortelanos,100,72,1,13,24,0,0,0,15,22,0,1,0,1,1,1,0
1492-2,1,4,hortelanos,100,72,1,1,29,0,0,0,26,33,0,0,0,1,1,2,0
1492-2,1,5,hortelanos,103,72,1,4,37,0,0,0,31,38,0,1,0,1,1,0,1
1492-2,1,6,hortelanos,103,72,1,14,51,0,0,0,36,50,0,1,0,1,1,2,0
1492-2,1,7,hortelanos,106,72,1,24,77,0,0,0,47,61,0,0,0,1,1,0,1
1492-2,1,8,hortelanos,105,68,1,14,93,0,0,0,47,61,0,0,0,1,1,3,0
1492-2,1,9,hortelanos,170,68,1,22,119,0,0,0,47,59,0,0,0,2,1,0,1
1492-2,1,10,hortelanos,170,68,1,30,130,0,0,0,47,59,0,0,0,2,1,3,0
1492-2,1,11,hortelanos,173,68,1,38,154,0,0,0,47,59,0,0,0,2,1,0,1
1492-2,1,12,hortelanos,173,68,1,46,177,0,0,0,47,59,0,0,0,2,1,4,0
1492-2,1,13,hortelanos,173,68,1,54,199,0,0,0,47,59,0,0,0,2,1,0,1
1492-2,1,14,hortelanos,173,68,1,62,220,0,0,0,47,59,0,0,0,2,1,0,1
1492-2,1,15,hortelanos,173,68,1,70,240,0,0,0,47,59,0,0,0,2,1,0,1
1492-2,1,16,hortelanos,173,68,1,78,253,0,0,0,47,59,0,0,0,2,1,3,0
1492-2,1,17,hortelanos,173,68,1,86,272,0,0,0,47,59,0,0,0,2,1,0,1
1492-2,1,18,hortelanos,176,68,1,94,286,0,0,0,47,59,0,0,0,2,1,2,0
1492-2,1,19,hortelanos,176,68,1,102,304,0,0,0,47,59,0,0,0,2,1,2,0
1492-2,1,20,hortelanos,176,68,1,110,321,0,0,0,47,59,0,0,0,2,1,0,1
1492-2,1,21,hortelanos,176,68,1,68,337,0,0,0,47,59,0,0,0,2,1,1,0
1492-2,1,22,hortelanos,176,68,1,76,353,0,0,0,47,59,0,0,0,2,1,0,1
1492-2,1,23,hortelanos,176,68,1,84,368,0,0,0,47,59,0,0,0,2,1,2,0
1492-2,1,24,hortelanos,176,68,1,86,376,0,0,0,47,53,0,0,0,2,1,3,0
1492-2,1,25,hortelanos,176,68,1,88,390,0,0,0,47,53,0,0,0,2,1,0,1
1492-2,1,26,hortelanos,179,68,1,90,404,0,0,0,47,53,0,0,0,2,1,0,1
1492-2,1,27,hortelanos,179,68,1,92,407,0,0,0,47,53,0,0,0,2,1,5,0
1492-2,1,28,hortelanos,179,68,1,94,420,0,0,0,47,53,0,0,0,2,1,0,1
1492-2,1,29,hortelanos,179,68,1,96,432,0,0,0,47,53,0,0,0,2,1,0,1
1492-2,1,30,hortelanos,179,68,1,104,444,0,0,0,47,59,0,0,0,2,1,2,0
1492-2,1,31,hortelanos,179,68,1,112,456,0,0,0,47,59,0,0,0,2,1,0,1
1492-2,1,32,hortelanos,179,68,1,70,467,0,0,0,47,59,0,0,0,2,1,1,0
1492-2,1,33,hortelanos,179,68,1,78,478,0,0,0,47,59,0,0,0,2,1,0,1
1492-2,1,34,hortelanos,179,68,1,86,480,0,0,0,47,59,0,0,0,2,1,3,0
1492-2,1,35,hortelanos,179,68,1,94,490,0,0,0,47,59,0,0,0,2,1,0,1
1492-2,1,36,hortelanos,179,68,1,102,500,0,0,0,47,59,0,0,0,2,1,0,1
1492-2,1,37,hortelanos,179,68,1,110,509,0,0,0,47,59,0,0,0,2,1,0,1
1492-2,1,38,hortelanos,179,68,1,68,518,0,0,0,47,59,0,0,0,2,1,1,0
1492-2,1,39,hortelanos,179,68,1,76,527,0,0,0,47,59,0,0,0,2,1,0,1
1492-2,1,40,hortelanos,179,68,1,84,535,0,0,0,47,59,0,0,0,2,1,0,1
1492-2,1,41,hortelanos,179,68,1,92,543,0,0,0,47,59,0,0,0,2,1,0,1
1492-2,1,42,hortelanos,179,68,1,100,551,0,0,0,47,59,0,0,0,2,1,2,0
1492-2,1,43,hortelanos,179,68,1,108,558,0,0,0,47,59,0,0,0,2,1,0,1
1492-2,1,44,hortelanos,179,68,1,116,565,0,0,0,47,59,0,0,0,2,1,0,1
1492-2,1,45,hortelanos,179,68,1,74,572,0,0,0,47,59,0,0,0,2,1,1,0
1492-2,1,46,hortelanos,179,68,1,82,572,0,0,0,47,59,0,0,0,2,1,3,0
1492-2,1,47,hortelanos,179,68,1,90,578,0,0,0,47,59,0,0,0,2,1,0,1
1492-2,1,48,hortelanos,179,68,1,92,584,0,0,0,47,53,0,0,0,2,1,2,0
1492-2,1,49,hortelanos,179,68,1,94,590,0,0,0,47,53,0,0,0,2,1,0,1
1492-2,1,50,hortelanos,179,68,1,96,596,0,0,0,47,53,0,0,0,2,1,0,1
1492-2,1,51,hortelanos,179,68,1,98,596,0,0,0,47,53,0,0,0,2,1,3,0
1492-2,1,52,hortelanos,179,68,1,100,601,0,0,0,47,53,0,0,0,2,1,0,1
1492-2,1,53,hortelanos,179,68,1,102,606,0,0,0,47,53,0,0,0,2,1,2,0
1492-2,1,54,hortelanos,179,68,1,110,611,0,0,0,47,59,0,0,0,2,1,0,1
1492-2,1,55,hortelanos,179,68,1,68,616,0,0,0,47,59,0,0,0,2,1,1,0
1492-2,1,56,hortelanos,179,68,1,76,617,0,0,0,47,59,0,0,0,2,1,2,0
1492-2,1,57,hortelanos,179,68,1,84,622,0,0,0,47,59,0,0,0,2,1,0,1
1492-2,1,58,hortelanos,179,68,1,92,626,0,0,0,47,59,0,0,0,2,1,2,0
1492-2,1,59,hortelanos,179,68,1,100,630,0,0,0,47,59,0,0,0,2,1,0,1
1492-2,1,60,hortelanos,179,68,1,108,634,0,0,0,47,59,0,0,0,2,1,0,1
1492-2,1,61,hortelanos,179,68,1,116,638,0,0,0,47,59,0,0,0,2,1,2,0
1492-2,1,62,hortelanos,179,68,1,74,642,0,0,0,47,59,0,0,0,2,1,1,0
1492-2,1,63,hortelanos,179,68,1,52,607,0,0,0,47,59,0,0,0,2,1,1,0
1492-2,1,64,hortelanos,179,68,1,60,612,0,0,0,47,59,0,0,0,2,1,2,0
1492-2,1,65,hortelanos,233,138,2,68,617,0,0,0,47,59,0,0,0,3,1,0,1
1492-2,1,66,hortelanos,233,138,2,68,605,0,0,0,47,73,0,0,0,3,1,1,0
1492-2,1,67,hortelanos,233,138,2,68,588,0,0,0,47,73,0,1,0,3,1,3,0
1492-2,1,68,hortelanos,233,138,2,83,586,0,0,0,58,84,0,1,0,3,1,1,0
1492-2,1,69,hortelanos,233,138,2,98,597,0,0,0,69,95,0,0,0,3,1,2,0
1492-2,1,70,hortelanos,233,138,2,113,607,0,0,0,69,95,0,0,0,3,1,0,1
1492-2,1,71,hortelanos,233,138,2,78,617,0,0,0,69,95,0,0,0,3,1,1,0
1492-2,1,72,hortelanos,233,138,2,87,622,0,0,0,69,89,0,0,0,3,1,2,0
1492-2,1,73,hortelanos,233,138,2,96,631,0,0,0,69,89,0,0,0,3,1,0,1
1492-2,1,74,hortelanos,233,138,2,105,640,0,0,0,69,89,0,0,0,3,1,2,0
1492-2,1,75,hortelanos,233,138,2,114,648,0,0,0,69,89,0,0,0,3,1,0,1
1492-2,1,76,hortelanos,233,138,2,73,656,0,0,0,69,89,0,0,0,3,1,1,0
1492-2,1,77,hortelanos,233,138,2,82,662,0,0,0,69,89,0,0,0,3,1,2,0
1492-2,1,78,hortelanos,233,138,2,97,670,0,0,0,69,95,0,0,0,3,1,0,1
1492-2,1,79,hortelanos,233,138,2,112,677,0,0,0,69,95,0,0,0,3,1,0,1
1492-2,1,80,hortelanos,233,138,2,77,684,0,0,0,69,95,0,0,0,3,1,1,0
1492-2,1,81,hortelanos,233,138,2,92,691,0,0,0,69,95,0,0,0,3,1,2,0
1492-2,1,82,hortelanos,233,138,2,107,697,0,0,0,69,95,0,0,0,3,1,0,1
1492-2,1,83,hortelanos,233,138,2,122,703,0,0,0,69,95,0,0,0,3,1,0,1
1492-2,1,84,hortelanos,233,138,2,87,709,0,0,0,69,95,0,0,0,3,1,3,0
1492-2,1,85,hortelanos,233,138,2,102,715,0,0,0,69,95,0,0,0,3,1,0,1
1492-2,1,86,hortelanos,233,138,2,117,720,0,0,0,69,95,0,0,0,3,1,0,1
1492-2,1,87,hortelanos,233,138,2,132,725,0,0,0,69,95,0,0,0,3,1,3,0
1492-2,1,88,hortelanos,233,138,2,97,730,0,0,0,69,95,0,0,0,3,1,0,1
1492-2,1,89,hortelanos,233,138,2,112,735,0,0,0,69,95,0,0,0,3,1,0,1
1492-2,1,90,hortelanos,233,138,2,127,736,0,0,0,69,95,0,0,0,3,1,3,0
1492-2,1,91,hortelanos,233,138,2,142,741,0,0,0,69,95,0,0,0,3,1,0,1
1492-2,1,92,hortelanos,233,138,2,107,745,0,0,0,69,95,0,0,0,3,1,2,0
1492-2,1,93,hortelanos,233,138,2,122,749,0,0,0,69,95,0,0,0,3,1,0,1
1492-2,1,94,hortelanos,233,138,2,137,753,0,0,0,69,95,0,0,0,3,1,1,0
1492-2,1,95,hortelanos,233,138,2,152,757,0,0,0,69,95,0,0,0,3,1,0,1
1492-2,1,96,hortelanos,233,138,2,111,757,0,0,0,69,89,0,0,0,3,1,2,0
1492-2,1,97,hortelanos,233,138,2,120,761,0,0,0,69,89,0,0,0,3,1,1,0
1492-2,1,98,hortelanos,233,138,2,129,765,0,0,0,69,89,0,0,0,3,1,2,0
1492-2,1,99,hortelanos,233,138,2,138,768,0,0,0,69,89,0,0,0,3,1,0,1
1492-2,1,100,hortelanos,233,138,2,97,771,0,0,0,69,89,0,0,0,3,1,0,1
1492-2,1,101,hortelanos,233,138,2,106,772,0,0,0,69,89,0,0,0,3,1,2,0
1492-2,1,102,hortelanos,233,138,2,121,775,0,0,0,69,95,0,0,0,3,1,0,1
1492-2,1,103,hortelanos,233,138,2,136,778,0,0,0,69,95,0,0,0,3,1,1,0
1492-2,1,104,hortelanos,233,138,2,101,781,0,0,0,69,95,0,0,0,3,1,0,1
1492-2,1,105,hortelanos,233,138,2,116,784,0,0,0,69,95,0,0,0,3,1,2,0
1492-2,1,106,hortelanos,233,138,2,131,787,0,0,0,69,95,0,0,0,3,1,1,0
1492-2,1,107,hortelanos,233,138,2,146,790,0,0,0,69,95,0,0,0,3,1,0,1
1492-2,1,108,hortelanos,233,138,2,111,792,0,0,0,69,95,0,0,0,3,1,2,0
1492-2,1,109,hortelanos,233,138,2,126,794,0,0,0,69,95,0,0,0,3,1,1,0
1492-2,1,110,hortelanos,233,138,2,141,796,0,0,0,69,95,0,0,0,3,1,0,1
1492-2,1,111,hortelanos,233,138,2,156,798,0,0,0,69,95,0,0,0,3,1,2,0
1492-2,1,112,hortelanos,233,138,2,121,800,0,0,0,69,95,0,0,0,3,1,0,1
1492-2,1,113,hortelanos,233,138,2,136,802,0,0,0,69,95,0,0,0,3,1,1,0
1492-2,1,114,hortelanos,233,138,2,151,800,0,0,0,69,95,0,0,0,3,1,2,0
1492-2,1,115,hortelanos,233,138,2,166,802,0,0,0,69,95,0,0,0,3,1,0,1
1492-2,1,116,hortelanos,233,138,2,131,804,0,0,0,69,95,0,0,0,3,1,2,0
1492-2,1,117,hortelanos,233,138,2,116,768,0,0,0,69,95,0,0,0,3,1,1,0
1492-2,1,118,hortelanos,233,138,2,131,771,0,0,0,69,95,0,0,0,3,1,1,0
1492-2,1,119,hortelanos,294,190,3,146,774,0,0,0,69,95,0,0,0,4,1,0,1
1492-2,1,120,hortelanos,294,192,3,143,761,0,0,0,69,99,0,0,0,4,1,4,0
1492-2,1,121,hortelanos,294,194,3,105,764,0,0,0,84,114,0,0,0,4,1,2,0
1492-2,1,122,hortelanos,295,196,3,87,728,0,0,0,84,114,0,1,0,4,1,3,0
1492-2,1,123,hortelanos,295,198,3,99,745,0,0,0,97,127,0,0,0,4,1,0,1
1492-2,1,124,hortelanos,328,263,4,113,762,0,0,0,97,129,0,0,0,4,1,0,1
1492-2,1,125,hortelanos,328,263,4,82,765,0,0,0,101,145,0,0,0,4,1,4,0
1492-2,1,126,hortelanos,328,263,4,107,769,0,0,0,101,151,0,0,0,4,1,0,1
1492-2,1,127,hortelanos,328,263,4,132,773,0,0,0,101,151,0,0,0,4,1,0,1
1492-2,1,128,hortelanos,328,263,4,157,777,0,0,0,101,151,0,0,0,4,1,1,0
1492-2,1,129,hortelanos,328,263,4,132,781,0,0,0,101,151,0,0,0,4,1,2,0
1492-2,1,130,hortelanos,328,263,4,157,785,0,0,0,101,151,0,0,0,4,1,1,0
1492-2,1,131,hortelanos,328,263,4,182,785,0,0,0,97,147,0,0,0,4,1,0,1
1492-2,1,132,hortelanos,328,263,4,207,785,0,0,0,97,147,0,0,0,4,1,0,1
1492-2,1,133,hortelanos,328,263,4,182,785,0,0,0,97,147,0,0,0,4,1,0,1
1492-2,1,134,hortelanos,328,263,4,207,785,0,0,0,97,147,0,0,0,4,1,0,1
1492-2,1,135,hortelanos,328,263,4,232,785,0,0,0,97,147,0,0,0,4,1,0,1
1492-2,1,136,hortelanos,328,263,4,257,785,0,0,0,97,147,0,0,0,4,1,0,1
1492-2,1,137,hortelanos,328,263,4,282,785,0,0,0,97,147,0,0,0,4,1,0,1
1492-2,1,138,hortelanos,328,263,4,257,781,0,0,0,97,147,0,0,0,4,1,3,0
1492-2,1,139,hortelanos,328,263,4,282,781,0,0,0,97,147,0,0,0,4,1,1,0
1492-2,1,140,hortelanos,328,263,4,307,781,0,0,0,97,147,0,0,0,4,1,2,0
1492-2,1,141,hortelanos,328,263,4,332,781,0,0,0,97,147,0,0,0,4,1,1,0
1492-2,1,142,hortelanos,328,263,4,301,781,0,0,0,97,139,0,0,0,4,1,0,1
1492-2,1,143,hortelanos,328,263,4,320,781,0,0,0,97,139,0,0,0,4,1,1,0
1492-2,1,144,hortelanos,328,263,4,333,777,0,0,0,97,133,0,0,0,4,1,2,0
1492-2,1,145,hortelanos,328,263,4,346,777,0,0,0,97,133,0,0,0,4,1,0,1
1492-2,1,146,hortelanos,328,263,4,309,777,0,0,0,97,133,0,0,0,4,1,2,0
1492-2,1,147,hortelanos,328,263,4,322,777,0,0,0,97,133,0,0,0,4,1,1,0
1492-2,1,148,hortelanos,328,263,4,335,777,0,0,0,97,133,0,0,0,4,1,0,1
1492-2,1,149,hortelanos,328,263,4,348,775,0,0,0,97,133,0,0,0,4,1,2,0
1492-2,1,150,hortelanos,328,263,4,287,737,0,0,0,97,139,0,0,0,4,1,2,0
1492-2,1,151,hortelanos,328,263,4,310,739,0,0,0,97,143,0,0,0,4,1,2,0
1492-2,1,152,hortelanos,360,323,5,333,759,0,0,0,116,162,0,0,0,4,1,0,1
1492-2,1,153,hortelanos,360,323,5,331,721,0,0,0,116,174,0,0,0,4,1,4,0
1492-2,1,154,hortelanos,360,323,5,309,727,0,0,0,116,174,0,0,0,4,1,1,0
1492-2,1,155,hortelanos,389,365,6,337,733,0,0,0,116,174,0,0,0,4,1,1,0
1492-2,1,156,hortelanos,389,367,6,364,728,0,0,0,116,182,0,0,0,4,1,1,0
1492-2,1,157,hortelanos,389,369,6,391,723,0,0,0,116,182,0,0,0,4,1,0,1
1492-2,1,158,hortelanos,390,371,6,418,718,0,0,0,116,182,0,0,0,4,1,0,1
1492-2,1,159,hortelanos,390,373,6,445,713,0,0,0,116,182,0,0,0,4,1,0,1
1492-2,1,160,hortelanos,391,375,6,474,707,0,0,0,116,184,0,0,0,4,1,0,1
1492-2,1,161,hortelanos,391,377,6,503,701,0,0,0,116,184,0,0,0,4,1,0,1
1492-2,1,162,hortelanos,391,379,6,482,691,0,0,0,116,184,0,0,0,4,1,3,0
1492-2,1,163,hortelanos,392,381,6,511,685,0,0,0,116,184,0,0,0,4,1,1,0
1492-2,1,164,hortelanos,392,383,6,540,678,0,0,0,116,184,0,0,0,4,1,0,1
1492-2,1,165,hortelanos,392,383,6,571,670,0,0,0,116,186,0,0,0,4,1,0,1
1492-2,1,166,hortelanos,392,383,6,552,664,0,0,0,116,186,0,0,0,4,1,0,1
1492-2,1,167,hortelanos,392,383,6,583,658,0,0,0,116,186,0,0,0,4,1,1,0
1492-2,1,168,hortelanos,392,383,6,608,648,0,0,0,116,180,0,0,0,4,1,0,1
1492-2,1,169,hortelanos,392,383,6,633,643,0,0,0,116,180,0,0,0,4,1,0,1
1492-2,1,170,hortelanos,392,383,6,608,638,0,0,0,116,180,0,0,0,4,1,3,0
1492-2,1,171,hortelanos,392,383,6,627,633,0,0,0,116,172,0,0,0,4,1,1,0
1492-2,1,172,hortelanos,392,383,6,646,624,0,0,0,116,172,0,0,0,4,1,0,1
1492-2,1,173,hortelanos,392,383,6,665,620,0,0,0,116,172,0,0,0,4,1,0,1
1492-2,1,174,hortelanos,392,383,6,640,612,0,0,0,116,178,0,0,0,4,1,2,0
1492-2,1,175,hortelanos,392,383,6,665,604,0,0,0,116,178,0,0,0,4,1,1,0
1492-2,1,176,hortelanos,392,383,6,690,600,0,0,0,116,178,0,0,0,4,1,0,1
1492-2,1,177,hortelanos,392,383,6,715,597,0,0,0,116,178,0,0,0,4,1,2,0
1492-2,1,178,hortelanos,392,383,6,690,594,0,0,0,116,178,0,0,0,4,1,1,0
1492-2,1,179,hortelanos,392,383,6,709,591,0,0,0,116,170,0,0,0,4,1,2,0
1492-2,1,180,hortelanos,392,383,6,732,588,0,0,0,116,174,0,0,0,4,1,0,1
1492-2,1,181,hortelanos,392,383,6,755,585,0,0,0,116,174,0,0,0,4,1,0,1
1492-2,1,182,hortelanos,392,383,6,728,582,0,0,0,116,174,0,0,0,4,1,0,1
1492-2,1,183,hortelanos,392,383,6,751,579,0,0,0,116,174,0,0,0,4,1,0,1
1492-2,1,184,hortelanos,392,383,6,774,576,0,0,0,116,174,0,0,0,4,1,0,1
1492-2,1,185,hortelanos,392,383,6,797,574,0,0,0,116,174,0,0,0,4,1,0,1
1492-2,1,186,hortelanos,392,383,6,770,568,0,0,0,116,174,0,0,0,4,1,3,0
1492-2,1,187,hortelanos,392,383,6,793,562,0,0,0,116,174,0,0,0,4,1,2,0
1492-2,1,188,hortelanos,392,383,6,820,560,0,0,0,116,178,0,0,0,4,1,0,1
1492-2,1,189,hortelanos,392,383,6,847,558,0,0,0,116,178,0,0,0,4,1,2,0
1492-2,1,190,hortelanos,392,383,6,824,556,0,0,0,116,178,0,0,0,4,1,0,1
1492-2,1,191,hortelanos,392,383,6,851,550,0,0,0,116,178,0,0,0,4,1,1,0
1492-2,1,192,hortelanos,392,383,6,872,549,0,0,0,116,172,0,0,0,4,1,0,1
1492-2,1,193,hortelanos,392,383,6,893,544,0,0,0,116,172,0,0,0,4,1,2,0
1492-2,1,194,hortelanos,392,383,6,864,539,0,0,0,116,172,0,0,0,4,1,0,1
1492-2,1,195,hortelanos,392,383,6,885,538,0,0,0,116,172,0,0,0,4,1,1,0
1492-2,1,196,hortelanos,392,383,6,906,537,0,0,0,116,172,0,0,0,4,1,2,0
1492-2,1,197,hortelanos,392,383,6,927,536,0,0,0,116,172,0,0,0,4,1,0,1
1492-2,1,198,hortelanos,392,383,6,904,535,0,0,0,116,178,0,0,0,4,1,0,1
1492-2,1,199,hortelanos,392,383,6,931,534,0,0,0,116,178,0,0,0,4,1,1,0
1492-2,1,200,hortelanos,392,383,6,958,533,0,0,0,116,178,0,0,0,4,1,0,1
1492-2,1,1,mercaderes,46,116,1,40,51,0,0,0,13,37,0,0,0,0,1,4,0
1492-2,1,2,mercaderes,46,116,1,47,32,0,0,0,13,24,0,0,0,0,1,0,1
1492-2,1,3,mercaderes,46,116,1,54,14,0,0,0,13,24,0,0,0,0,1,0,1
1492-2,1,4,mercaderes,45,116,1,61,0,0,0,0,13,24,1,0,0,0,1,0,1
1492-2,1,5,mercaderes,44,116,1,68,0,0,0,0,18,29,1,1,0,0,1,1,0
1492-2,1,6,mercaderes,42,113,1,94,0,0,0,0,18,48,1,0,0,0,1,1,0
1492-2,1,7,mercaderes,41,110,1,86,0,0,0,0,18,48,1,0,0,0,1,3,0
1492-2,1,8,mercaderes,39,107,1,103,3,0,0,0,18,48,1,0,0,0,1,3,0
1492-2,1,9,mercaderes,37,104,1,96,2,0,0,0,18,46,1,0,0,0,1,3,0
1492-2,1,10,mercaderes,36,101,1,101,4,0,0,0,16,44,1,0,0,0,1,3,0
1492-2,1,11,mercaderes,36,101,1,84,15,0,0,0,32,60,0,0,0,0,1,3,0
1492-2,1,12,mercaderes,36,101,1,99,24,0,0,0,32,60,0,1,0,0,1,3,0
1492-2,1,13,mercaderes,36,101,1,92,48,0,0,0,48,76,0,0,0,0,1,3,0
1492-2,1,14,mercaderes,36,101,1,97,73,0,0,0,48,76,0,0,0,0,1,3,0
1492-2,1,15,mercaderes,35,97,1,77,86,0,0,0,48,76,0,0,0,0,1,4,0
1492-2,1,16,mercaderes,49,93,1,72,90,0,0,0,48,74,0,0,0,1,1,6,0
1492-2,1,17,mercaderes,48,89,1,75,83,0,0,0,30,56,0,0,0,1,1,3,0
1492-2,1,18,mercaderes,61,85,1,68,79,0,0,0,30,54,0,0,0,2,1,3,0
1492-2,1,19,mercaderes,61,85,1,99,86,0,0,0,30,54,0,0,0,2,1,3,0
1492-2,1,20,mercaderes,64,85,1,80,92,0,0,0,30,54,0,0,0,2,1,3,0
1492-2,1,21,mercaderes,64,85,1,93,101,0,0,0,30,54,0,0,0,2,1,5,0
1492-2,1,22,mercaderes,64,85,1,86,108,0,0,0,30,54,0,0,0,2,1,3,0
1492-2,1,23,mercaderes,67,85,1,96,106,0,0,0,20,44,0,0,0,2,1,3,0
1492-2,1,24,mercaderes,67,85,1,84,103,0,0,0,20,36,0,0,0,2,1,5,0
1492-2,1,25,mercaderes,67,85,1,81,102,0,0,0,20,36,0,0,0,2,1,3,0
1492-2,1,26,mercaderes,67,85,1,82,99,0,0,0,20,36,0,0,0,2,1,3,0
1492-2,1,27,mercaderes,67,85,1,79,97,0,0,0,20,36,0,0,0,2,1,3,0
1492-2,1,28,mercaderes,67,85,1,80,82,0,0,0,20,36,0,0,0,2,1,6,0
1492-2,1,29,mercaderes,67,85,1,77,87,0,0,0,27,43,0,0,0,2,1,3,0
1492-2,1,30,mercaderes,67,85,1,86,92,0,0,0,27,51,0,0,0,2,1,2,0
1492-2,1,31,mercaderes,70,85,1,93,96,0,0,0,27,51,0,0,0,2,1,3,0
1492-2,1,32,mercaderes,70,85,1,92,100,0,0,0,27,51,0,0,0,2,1,5,0
1492-2,1,33,mercaderes,73,85,1,96,105,0,0,0,27,51,0,0,0,2,1,3,0
1492-2,1,34,mercaderes,73,85,1,95,110,0,0,0,27,51,0,0,0,2,1,5,0
1492-2,1,35,mercaderes,73,85,1,89,142,0,0,0,54,78,0,0,0,2,1,3,0
1492-2,1,36,mercaderes,73,85,1,99,161,0,0,0,54,78,0,0,0,2,1,5,0
1492-2,1,37,mercaderes,73,85,1,90,187,0,0,0,54,78,0,0,0,2,1,2,0
1492-2,1,38,mercaderes,73,85,1,94,212,0,0,0,54,78,0,0,0,2,1,2,0
1492-2,1,39,mercaderes,73,85,1,91,231,0,0,0,54,78,0,0,0,2,1,5,0
1492-2,1,40,mercaderes,73,85,1,95,254,0,0,0,54,78,0,0,0,2,1,2,0
1492-2,1,41,mercaderes,73,85,1,92,256,0,0,0,33,57,0,0,0,2,1,2,0
1492-2,1,42,mercaderes,76,85,1,96,258,0,0,0,33,57,0,0,0,2,1,2,0
1492-2,1,43,mercaderes,76,85,1,92,260,0,0,0,33,57,0,0,0,2,1,4,0
1492-2,1,44,mercaderes,79,85,1,90,262,0,0,0,33,57,0,0,0,2,1,2,0
1492-2,1,45,mercaderes,79,85,1,92,264,0,0,0,33,57,0,0,0,2,1,4,0
1492-2,1,46,mercaderes,79,85,1,90,265,0,0,0,33,57,0,0,0,2,1,4,0
1492-2,1,47,mercaderes,79,85,1,92,254,0,0,0,20,44,0,0,0,2,1,2,0
1492-2,1,48,mercaderes,79,85,1,82,243,0,0,0,20,36,0,0,0,2,1,2,0
1492-2,1,49,mercaderes,79,85,1,84,233,0,0,0,20,36,0,0,0,2,1,2,0
1492-2,1,50,mercaderes,82,85,1,51,185,0,0,0,20,36,0,0,0,2,1,3,0
1492-2,1,51,mercaderes,82,85,1,74,169,0,0,0,20,36,0,0,0,2,1,6,0
1492-2,1,52,mercaderes,128,115,2,72,162,0,0,0,20,36,0,0,0,3,1,2,0
1492-2,1,53,mercaderes,128,115,2,66,155,0,0,0,27,49,0,0,0,3,1,3,0
1492-2,1,54,mercaderes,128,115,2,92,147,0,0,0,27,57,0,1,0,3,1,2,0
1492-2,1,55,mercaderes,128,116,2,77,144,0,0,0,31,61,0,0,0,3,1,3,0
1492-2,1,56,mercaderes,128,117,2,90,144,0,0,0,31,61,0,0,0,3,1,3,0
1492-2,1,57,mercaderes,128,118,2,65,142,0,0,0,31,61,0,0,0,3,1,3,0
1492-2,1,58,mercaderes,128,119,2,93,140,0,0,0,31,61,0,0,0,3,1,2,0
1492-2,1,59,mercaderes,129,120,2,77,166,0,0,0,63,93,0,1,0,3,1,3,0
1492-2,1,60,mercaderes,129,121,2,69,156,0,0,0,63,101,0,0,0,3,1,4,0
1492-2,1,61,mercaderes,129,122,2,102,183,0,0,0,63,101,0,0,0,3,1,1,0
1492-2,1,62,mercaderes,186,159,3,85,208,0,0,0,63,101,0,0,0,4,1,3,0
1492-2,1,63,mercaderes,187,161,3,98,227,0,0,0,63,107,0,0,0,4,1,6,0
1492-2,1,64,mercaderes,187,163,3,91,242,0,0,0,63,107,0,0,0,4,1,3,0
1492-2,1,65,mercaderes,188,166,3,96,244,0,0,0,49,95,0,1,0,4,1,3,0
1492-2,1,66,mercaderes,188,169,3,96,245,0,0,0,49,95,0,0,0,4,1,3,0
1492-2,1,67,mercaderes,189,173,3,96,246,0,0,0,49,97,0,0,0,4,1,3,0
1492-2,1,68,mercaderes,190,177,3,95,246,0,0,0,49,97,0,0,0,4,1,3,0
1492-2,1,69,mercaderes,191,181,3,95,245,0,0,0,49,97,0,0,0,4,1,3,0
1492-2,1,70,mercaderes,192,185,3,104,243,0,0,0,49,99,0,0,0,4,1,3,0
1492-2,1,71,mercaderes,192,185,3,104,215,0,0,0,23,73,0,0,0,4,1,3,0
1492-2,1,72,mercaderes,192,185,3,89,189,0,0,0,23,65,0,0,0,4,1,3,0
1492-2,1,73,mercaderes,192,185,3,99,162,0,0,0,23,65,0,0,0,4,1,4,0
1492-2,1,74,mercaderes,192,185,3,91,135,0,0,0,23,65,0,1,0,4,1,3,0
1492-2,1,75,mercaderes,192,185,3,94,114,0,0,0,25,67,0,0,0,4,1,3,0
1492-2,1,76,mercaderes,192,185,3,92,93,0,0,0,25,67,0,0,0,4,1,3,0
1492-2,1,77,mercaderes,192,185,3,95,81,0,0,0,34,76,0,0,0,4,1,3,0
1492-2,1,78,mercaderes,192,185,3,81,70,0,0,0,34,84,0,0,0,4,1,3,0
1492-2,1,79,mercaderes,192,185,3,104,57,0,0,0,34,84,0,0,0,4,1,4,0
1492-2,1,80,mercaderes,192,185,3,97,44,0,0,0,34,84,0,1,0,4,1,3,0
1492-2,1,81,mercaderes,192,185,3,114,7,0,0,0,34,92,0,0,0,4,1,7,0
1492-2,1,82,mercaderes,191,185,3,107,4,0,0,0,34,92,1,0,0,4,1,3,0
1492-2,1,83,mercaderes,191,189,3,112,32,0,0,0,69,127,0,0,0,4,1,3,0
1492-2,1,84,mercaderes,192,193,3,115,55,0,0,0,69,129,0,1,0,4,1,3,0
1492-2,1,85,mercaderes,193,197,3,117,78,0,0,0,69,129,0,0,0,4,1,3,0
1492-2,1,86,mercaderes,194,201,3,117,101,0,0,0,69,129,0,0,0,4,1,3,0
1492-2,1,87,mercaderes,194,203,3,121,122,0,0,0,69,131,0,0,0,4,1,3,0
1492-2,1,88,mercaderes,195,205,3,110,142,0,0,0,69,131,0,0,0,4,1,3,0
1492-2,1,89,mercaderes,195,205,3,126,133,0,0,0,43,107,0,1,0,4,1,4,0
1492-2,1,90,mercaderes,195,205,3,120,131,0,0,0,49,113,0,0,0,4,1,3,0
1492-2,1,91,mercaderes,195,205,3,133,131,0,0,0,49,113,0,0,0,4,1,3,0
1492-2,1,92,mercaderes,195,205,3,0,118,0,0,0,49,113,0,0,0,4,1,7,0
1492-2,1,93,mercaderes,195,205,3,84,112,0,0,0,49,113,0,0,0,4,1,1,0
1492-2,1,94,mercaderes,195,205,3,102,106,0,0,0,49,113,0,0,0,4,1,3,0
1492-2,1,95,mercaderes,195,205,3,228,83,0,0,0,29,93,0,0,0,4,1,5,0
1492-2,1,96,mercaderes,195,205,3,159,61,0,0,0,29,85,0,0,0,4,1,2,0
1492-2,1,97,mercaderes,195,205,3,183,46,0,0,0,29,85,0,1,0,4,1,2,0
1492-2,1,98,mercaderes,195,205,3,164,36,0,0,0,32,88,0,0,0,4,1,2,0
1492-2,1,99,mercaderes,195,205,3,181,27,0,0,0,32,88,0,0,0,4,1,2,0
1492-2,1,100,mercaderes,195,205,3,165,18,0,0,0,32,88,0,0,0,4,1,2,0
1492-2,1,101,mercaderes,195,205,3,185,23,0,0,0,46,102,0,0,0,4,1,2,0
1492-2,1,102,mercaderes,195,205,3,181,28,0,0,0,46,110,0,0,0,4,1,2,0
1492-2,1,103,mercaderes,195,205,3,191,33,0,0,0,46,110,0,0,0,4,1,2,0
1492-2,1,104,mercaderes,195,205,3,200,37,0,0,0,46,110,0,0,0,4,1,2,0
1492-2,1,105,mercaderes,195,205,3,208,41,0,0,0,46,110,0,0,0,4,1,2,0
1492-2,1,106,mercaderes,195,205,3,221,45,0,0,0,46,110,0,0,0,4,1,2,0
1492-2,1,107,mercaderes,195,205,3,233,90,0,0,0,89,153,0,0,0,4,1,2,0
1492-2,1,108,mercaderes,195,205,3,243,133,0,0,0,89,153,0,0,0,4,1,2,0
1492-2,1,109,mercaderes,195,205,3,252,175,0,0,0,89,153,0,0,0,4,1,2,0
1492-2,1,110,mercaderes,195,205,3,260,215,0,0,0,89,153,0,0,0,4,1,2,0
1492-2,1,111,mercaderes,195,205,3,273,253,0,0,0,89,153,0,0,0,4,1,2,0
1492-2,1,112,mercaderes,195,205,3,285,290,0,0,0,89,153,0,0,0,4,1,2,0
1492-2,1,113,mercaderes,195,205,3,296,293,0,0,0,55,119,0,0,0,4,1,2,0
1492-2,1,114,mercaderes,195,205,3,305,296,0,0,0,55,119,0,0,0,4,1,2,0
1492-2,1,115,mercaderes,195,205,3,313,298,0,0,0,55,119,0,0,0,4,1,2,0
1492-2,1,116,mercaderes,195,205,3,326,300,0,0,0,55,119,0,0,0,4,1,2,0
1492-2,1,117,mercaderes,195,205,3,338,302,0,0,0,55,119,0,0,0,4,1,2,0
1492-2,1,118,mercaderes,195,205,3,349,304,0,0,0,55,119,0,0,0,4,1,2,0
1492-2,1,119,mercaderes,195,205,3,359,284,0,0,0,32,96,0,0,0,4,1,2,0
1492-2,1,120,mercaderes,195,205,3,359,265,0,0,0,32,88,0,0,0,4,1,2,0
1492-2,1,121,mercaderes,195,205,3,364,247,0,0,0,32,88,0,0,0,4,1,2,0
1492-2,1,122,mercaderes,195,205,3,368,229,0,0,0,32,88,0,0,0,4,1,2,0
1492-2,1,123,mercaderes,195,205,3,371,212,0,0,0,32,88,0,0,0,4,1,2,0
1492-2,1,124,mercaderes,195,205,3,373,196,0,0,0,32,88,0,0,0,4,1,2,0
1492-2,1,125,mercaderes,195,205,3,374,192,0,0,0,44,100,0,0,0,4,1,2,0
1492-2,1,126,mercaderes,195,205,3,381,188,0,0,0,44,108,0,0,0,4,1,2,0
1492-2,1,127,mercaderes,195,205,3,393,184,0,0,0,44,108,0,0,0,4,1,2,0
1492-2,1,128,mercaderes,195,205,3,404,180,0,0,0,44,108,0,0,0,4,1,2,0
1492-2,1,129,mercaderes,195,205,3,414,177,0,0,0,44,108,0,0,0,4,1,2,0
1492-2,1,130,mercaderes,195,205,3,423,174,0,0,0,44,108,0,0,0,4,1,2,0
1492-2,1,131,mercaderes,195,205,3,431,214,0,0,0,89,153,0,0,0,4,1,2,0
1492-2,1,132,mercaderes,195,205,3,444,252,0,0,0,89,153,0,0,0,4,1,2,0
1492-2,1,133,mercaderes,195,205,3,456,289,0,0,0,89,153,0,0,0,4,1,2,0
1492-2,1,134,mercaderes,195,205,3,466,324,0,0,0,89,153,0,0,0,4,1,2,0
1492-2,1,135,mercaderes,195,205,3,475,358,0,0,0,89,153,0,0,0,4,1,2,0
1492-2,1,136,mercaderes,195,205,3,475,381,0,0,0,89,153,0,0,0,4,1,2,0
1492-2,1,137,mercaderes,195,205,3,474,370,0,0,0,55,119,0,0,0,4,1,2,0
1492-2,1,138,mercaderes,195,205,3,472,360,0,0,0,55,119,0,0,0,4,1,2,0
1492-2,1,139,mercaderes,195,205,3,469,350,0,0,0,55,119,0,0,0,4,1,2,0
1492-2,1,140,mercaderes,195,205,3,449,340,0,0,0,55,119,0,0,0,4,1,2,0
1492-2,1,141,mercaderes,195,205,3,428,331,0,0,0,55,119,0,0,0,4,1,2,0
1492-2,1,142,mercaderes,195,205,3,405,322,0,0,0,55,119,0,0,0,4,1,2,0
1492-2,1,143,mercaderes,195,205,3,381,291,0,0,0,32,96,0,0,0,4,1,2,0
1492-2,1,144,mercaderes,195,205,3,348,262,0,0,0,32,88,0,0,0,4,1,2,0
1492-2,1,145,mercaderes,195,205,3,349,244,0,0,0,32,88,0,0,0,4,1,2,0
1492-2,1,146,mercaderes,195,205,3,349,226,0,0,0,32,88,0,0,0,4,1,2,0
1492-2,1,147,mercaderes,195,205,3,354,209,0,0,0,32,88,0,0,0,4,1,2,0
1492-2,1,148,mercaderes,195,205,3,358,193,0,0,0,32,88,0,0,0,4,1,2,0
1492-2,1,149,mercaderes,195,205,3,361,189,0,0,0,44,100,0,0,0,4,1,2,0
1492-2,1,150,mercaderes,195,205,3,371,185,0,0,0,44,108,0,0,0,4,1,2,0
1492-2,1,151,mercaderes,195,205,3,379,181,0,0,0,44,108,0,0,0,4,1,3,0
1492-2,1,152,mercaderes,195,205,3,406,178,0,0,0,44,124,0,0,0,4,1,2,0
1492-2,1,153,mercaderes,195,205,3,432,175,0,0,0,44,124,0,0,0,4,1,2,0
1492-2,1,154,mercaderes,195,205,3,457,172,0,0,0,44,124,0,0,0,4,1,2,0
1492-2,1,155,mercaderes,195,205,3,481,212,0,0,0,89,169,0,0,0,4,1,2,0
1492-2,1,156,mercaderes,195,205,3,504,250,0,0,0,89,169,0,0,0,4,1,2,0
1492-2,1,157,mercaderes,195,205,3,526,287,0,0,0,89,169,0,0,0,4,1,2,0
1492-2,1,158,mercaderes,195,205,3,552,322,0,0,0,89,169,0,0,0,4,1,2,0
1492-2,1,159,mercaderes,195,205,3,577,356,0,0,0,89,169,0,0,0,4,1,2,0
1492-2,1,160,mercaderes,195,205,3,572,379,0,0,0,89,169,0,0,0,4,1,2,0
1492-2,1,161,mercaderes,195,205,3,565,368,0,0,0,55,135,0,0,0,4,1,2,0
1492-2,1,162,mercaderes,195,205,3,557,358,0,0,0,55,135,0,0,0,4,1,2,0
1492-2,1,163,mercaderes,195,205,3,548,348,0,0,0,55,135,0,0,0,4,1,2,0
1492-2,1,164,mercaderes,195,205,3,538,338,0,0,0,55,135,0,0,0,4,1,2,0
1492-2,1,165,mercaderes,195,205,3,527,329,0,0,0,55,135,0,0,0,4,1,2,0
1492-2,1,166,mercaderes,195,205,3,525,320,0,0,0,55,135,0,0,0,4,1,2,0
1492-2,1,167,mercaderes,195,205,3,522,289,0,0,0,32,112,0,0,0,4,1,2,0
1492-2,1,168,mercaderes,195,205,3,507,260,0,0,0,32,102,0,0,0,4,1,2,0
1492-2,1,169,mercaderes,195,205,3,521,242,0,0,0,32,102,0,0,0,4,1,2,0
1492-2,1,170,mercaderes,195,205,3,534,225,0,0,0,32,102,0,0,0,4,1,2,0
1492-2,1,171,mercaderes,195,205,3,546,208,0,0,0,32,102,0,0,0,4,1,2,0
1492-2,1,172,mercaderes,195,205,3,563,192,0,0,0,32,102,0,0,0,4,1,2,0
1492-2,1,173,mercaderes,195,205,3,579,188,0,0,0,44,114,0,0,0,4,1,2,0
1492-2,1,174,mercaderes,195,205,3,603,184,0,0,0,44,124,0,0,0,4,1,2,0
1492-2,1,175,mercaderes,195,205,3,626,180,0,0,0,44,124,0,0,0,4,1,2,0
1492-2,1,176,mercaderes,195,205,3,648,177,0,0,0,44,124,0,0,0,4,1,2,0
1492-2,1,177,mercaderes,195,205,3,675,174,0,0,0,44,124,0,0,0,4,1,2,0
1492-2,1,178,mercaderes,195,205,3,701,171,0,0,0,44,124,0,0,0,4,1,2,0
1492-2,1,179,mercaderes,195,205,3,726,211,0,0,0,89,169,0,0,0,4,1,2,0
1492-2,1,180,mercaderes,195,205,3,749,250,0,0,0,89,169,0,0,0,4,1,2,0
1492-2,1,181,mercaderes,195,205,3,771,287,0,0,0,89,169,0,0,0,4,1,2,0
1492-2,1,182,mercaderes,195,205,3,798,322,0,0,0,89,169,0,0,0,4,1,2,0
1492-2,1,183,mercaderes,195,205,3,824,356,0,0,0,89,169,0,0,0,4,1,2,0
1492-2,1,184,mercaderes,195,205,3,818,379,0,0,0,89,169,0,0,0,4,1,2,0
1492-2,1,185,mercaderes,195,205,3,811,368,0,0,0,55,135,0,0,0,4,1,2,0
1492-2,1,186,mercaderes,195,205,3,802,358,0,0,0,55,135,0,0,0,4,1,2,0
1492-2,1,187,mercaderes,195,205,3,792,348,0,0,0,55,135,0,0,0,4,1,2,0
1492-2,1,188,mercaderes,195,205,3,781,338,0,0,0,55,135,0,0,0,4,1,2,0
1492-2,1,189,mercaderes,195,205,3,780,329,0,0,0,55,135,0,0,0,4,1,2,0
1492-2,1,190,mercaderes,195,205,3,777,320,0,0,0,55,135,0,0,0,4,1,2,0
1492-2,1,191,mercaderes,195,205,3,772,289,0,0,0,32,112,0,0,0,4,1,2,0
1492-2,1,192,mercaderes,195,205,3,756,260,0,0,0,32,102,0,0,0,4,1,2,0
1492-2,1,193,mercaderes,195,205,3,688,242,0,0,0,32,102,0,0,0,4,1,3,0
1492-2,1,194,mercaderes,195,205,3,701,223,0,0,0,32,102,0,0,0,4,1,2,0
1492-2,1,195,mercaderes,195,205,3,713,204,0,0,0,32,102,0,0,0,4,1,2,0
1492-2,1,196,mercaderes,195,205,3,730,186,0,0,0,32,102,0,0,0,4,1,2,0
1492-2,1,197,mercaderes,195,205,3,746,180,0,0,0,44,114,0,0,0,4,1,2,0
1492-2,1,198,mercaderes,195,205,3,771,175,0,0,0,44,124,0,0,0,4,1,2,0
1492-2,1,199,mercaderes,195,205,3,794,170,0,0,0,44,124,0,0,0,4,1,2,0
1492-2,1,200,mercaderes,195,205,3,816,165,0,0,0,44,124,0,0,0,4,1,2,0
1492-2,1,1,mesta,31,41,1,24,62,0,0,0,5,13,0,0,0,0,1,4,0
1492-2,1,2,mesta,30,37,1,4,30,0,0,0,5,9,0,0,0,0,1,5,0
1492-2,1,3,mesta,30,37,1,3,24,0,0,0,5,8,0,0,0,0,1,0,1
1492-2,1,4,mesta,30,37,1,2,18,0,0,0,5,8,0,0,0,0,1,0,1
1492-2,1,5,mesta,30,37,1,1,13,0,0,0,6,9,0,1,0,0,1,0,1
1492-2,1,6,mesta,43,37,1,11,10,0,0,0,6,20,0,0,0,1,1,1,0
1492-2,1,7,mesta,43,37,1,21,7,0,0,0,6,20,0,0,0,1,1,2,0
1492-2,1,8,mesta,43,37,1,31,4,0,0,0,6,20,0,0,0,1,1,0,1
1492-2,1,9,mesta,43,37,1,41,1,0,0,0,6,20,0,0,0,1,1,0,1
1492-2,1,10,mesta,42,37,1,51,0,0,0,0,6,20,1,0,0,1,1,0,1
1492-2,1,11,mesta,42,37,1,61,4,0,0,0,13,27,0,0,0,1,1,0,1
1492-2,1,12,mesta,42,37,1,71,8,0,0,0,13,27,0,0,0,1,1,0,1
1492-2,1,13,mesta,42,35,1,40,12,0,0,0,13,27,0,0,0,1,1,3,0
1492-2,1,14,mesta,42,35,1,57,20,0,0,0,13,27,0,0,0,1,1,1,0
1492-2,1,15,mesta,42,35,1,67,26,0,0,0,13,27,0,0,0,1,1,0,1
1492-2,1,16,mesta,42,36,1,77,32,0,0,0,13,27,0,0,0,1,1,0,1
1492-2,1,17,mesta,42,36,1,70,32,0,0,0,8,22,0,0,0,1,1,2,0
1492-2,1,18,mesta,42,36,1,83,33,0,0,0,8,22,0,0,0,1,1,2,0
1492-2,1,19,mesta,42,36,1,76,34,0,0,0,8,22,0,0,0,1,1,3,0
1492-2,1,20,mesta,42,36,1,79,36,0,0,0,8,22,0,0,0,1,1,2,0
1492-2,1,21,mesta,42,36,1,82,36,0,0,0,8,22,0,0,0,1,1,3,0
1492-2,1,22,mesta,42,36,1,75,37,0,0,0,8,22,0,0,0,1,1,3,0
1492-2,1,23,mesta,42,36,1,78,35,0,0,0,5,19,0,0,0,1,1,2,0
1492-2,1,24,mesta,42,36,1,78,32,0,0,0,5,16,0,0,0,1,1,3,0
1492-2,1,25,mesta,42,36,1,71,30,0,0,0,5,16,0,0,0,1,1,3,0
1492-2,1,26,mesta,42,36,1,61,28,0,0,0,5,16,0,0,0,1,1,2,0
1492-2,1,27,mesta,42,36,1,75,24,0,0,0,5,16,0,0,0,1,1,1,0
1492-2,1,28,mesta,42,36,1,67,19,0,0,0,5,16,0,1,0,1,1,2,0
1492-2,1,29,mesta,42,36,1,85,18,0,0,0,6,23,0,0,0,1,1,1,0
1492-2,1,30,mesta,42,36,1,70,16,0,0,0,6,26,0,0,0,1,1,3,0
1492-2,1,31,mesta,42,36,1,81,16,0,0,0,6,26,0,0,0,1,1,2,0
1492-2,1,32,mesta,42,36,1,76,15,0,0,0,6,26,0,0,0,1,1,3,0
1492-2,1,33,mesta,42,36,1,77,15,0,0,0,6,26,0,0,0,1,1,2,0
1492-2,1,34,mesta,42,36,1,82,14,2,0,0,6,26,0,0,0,1,1,2,0
1492-2,1,35,mesta,42,36,1,83,20,2,0,0,13,33,0,0,0,1,1,3,0
1492-2,1,36,mesta,42,36,1,78,26,2,0,0,13,33,0,0,0,1,1,3,0
1492-2,1,37,mesta,42,37,1,79,35,2,0,0,16,36,0,0,0,1,1,3,0
1492-2,1,38,mesta,42,38,1,74,44,2,0,0,16,36,0,0,0,1,1,3,0
1492-2,1,39,mesta,42,39,1,75,52,2,0,0,16,36,0,0,0,1,1,2,0
1492-2,1,40,mesta,43,40,1,80,59,2,0,0,16,36,0,0,0,1,1,2,0
1492-2,1,41,mesta,42,37,1,63,49,2,0,0,10,32,0,0,0,1,1,4,0
1492-2,1,42,mesta,42,38,1,79,51,2,0,0,10,30,0,0,0,1,1,1,0
1492-2,1,43,mesta,42,38,1,70,49,2,0,0,8,28,0,0,0,1,1,3,0
1492-2,1,44,mesta,42,38,1,75,50,2,0,0,8,28,0,0,0,1,1,2,0
1492-2,1,45,mesta,42,38,1,76,49,2,0,0,8,28,0,0,0,1,1,2,0
1492-2,1,46,mesta,42,38,1,81,48,2,0,0,8,28,0,0,0,1,1,2,0
1492-2,1,47,mesta,42,38,1,82,44,2,0,0,5,25,0,0,0,1,1,3,0
1492-2,1,48,mesta,42,38,1,74,41,2,0,0,5,22,0,0,0,1,1,3,0
1492-2,1,49,mesta,42,38,1,75,38,2,0,0,5,22,0,0,0,1,1,2,0
1492-2,1,50,mesta,42,38,1,77,34,2,0,0,5,22,0,0,0,1,1,2,0
1492-2,1,51,mesta,42,38,1,78,30,2,0,0,5,22,0,0,0,1,1,2,0
1492-2,1,52,mesta,42,38,1,80,26,2,0,0,5,22,0,0,0,1,1,3,0
1492-2,1,53,mesta,42,38,1,71,25,2,0,0,6,23,0,0,0,1,1,3,0
1492-2,1,54,mesta,42,38,1,76,24,2,0,0,6,26,0,0,0,1,1,2,0
1492-2,1,55,mesta,42,38,1,77,22,2,0,0,6,26,0,0,0,1,1,2,0
1492-2,1,56,mesta,42,38,1,82,20,2,0,0,6,26,0,0,0,1,1,2,0
1492-2,1,57,mesta,42,38,1,83,18,2,0,0,6,26,0,0,0,1,1,3,0
1492-2,1,58,mesta,42,38,1,78,17,3,0,0,6,26,0,0,0,1,1,3,0
1492-2,1,59,mesta,42,38,1,79,23,0,0,0,13,33,0,0,0,1,1,4,0
1492-2,1,60,mesta,42,38,1,219,28,0,0,0,13,33,0,0,0,1,1,3,0
1492-2,1,61,mesta,42,39,1,114,33,0,0,0,13,33,0,0,0,1,1,2,0
1492-2,1,62,mesta,43,40,1,157,46,0,0,0,13,33,0,0,0,1,1,3,0
1492-2,1,63,mesta,42,37,1,66,44,0,0,0,13,35,0,0,0,1,1,3,0
1492-2,1,64,mesta,42,38,1,144,57,0,0,0,13,33,0,0,0,1,1,1,0
1492-2,1,65,mesta,42,38,1,70,54,0,0,0,8,28,0,0,0,1,1,3,0
1492-2,1,66,mesta,42,38,1,120,60,0,0,0,8,28,0,0,0,1,1,2,0
1492-2,1,67,mesta,42,38,1,76,58,0,0,0,8,28,0,0,0,1,1,2,0
1492-2,1,68,mesta,42,38,1,92,55,0,0,0,8,28,0,0,0,1,1,2,0
1492-2,1,69,mesta,42,38,1,82,53,0,0,0,8,28,0,0,0,1,1,3,0
1492-2,1,70,mesta,42,38,1,85,53,0,0,0,8,28,0,0,0,1,1,3,0
1492-2,1,71,mesta,42,38,1,78,50,0,0,0,5,25,0,0,0,1,1,3,0
1492-2,1,72,mesta,42,38,1,78,47,0,0,0,5,22,0,0,0,1,1,3,0
1492-2,1,73,mesta,42,38,1,71,44,0,0,0,5,22,0,0,0,1,1,3,0
1492-2,1,74,mesta,42,38,1,71,41,0,0,0,5,22,0,0,0,1,1,2,0
1492-2,1,75,mesta,42,38,1,74,37,0,0,0,5,22,0,0,0,1,1,2,0
1492-2,1,76,mesta,42,38,1,74,33,0,0,0,5,22,0,0,0,1,1,2,0
1492-2,1,77,mesta,42,38,1,77,30,0,0,0,6,23,0,0,0,1,1,2,0
1492-2,1,78,mesta,42,38,1,80,27,0,0,0,6,26,0,0,0,1,1,2,0
1492-2,1,79,mesta,42,38,1,83,25,0,0,0,6,26,0,0,0,1,1,3,0
1492-2,1,80,mesta,42,38,1,76,24,0,0,0,6,26,0,0,0,1,1,3,0
1492-2,1,81,mesta,42,38,1,79,23,0,0,0,6,26,0,0,0,1,1,2,0
1492-2,1,82,mesta,42,38,1,82,21,0,0,0,6,26,0,0,0,1,1,3,0
1492-2,1,83,mesta,42,38,1,75,26,0,0,0,13,33,0,0,0,1,1,3,0
1492-2,1,84,mesta,42,39,1,78,31,0,0,0,13,33,0,0,0,1,1,2,0
1492-2,1,85,mesta,43,40,1,81,35,0,0,0,13,33,0,0,0,1,1,3,0
1492-2,1,86,mesta,43,42,1,76,39,0,0,0,13,35,0,0,0,1,1,3,0
1492-2,1,87,mesta,43,44,1,79,43,0,0,0,13,35,0,0,0,1,1,2,0
1492-2,1,88,mesta,44,46,1,84,45,0,0,0,13,35,0,0,0,1,1,3,0
1492-2,1,89,mesta,44,46,1,77,43,0,0,0,8,30,0,0,0,1,1,3,0
1492-2,1,90,mesta,44,46,1,82,41,0,0,0,8,30,0,0,0,1,1,2,0
1492-2,1,91,mesta,44,46,1,85,38,0,0,0,8,30,0,0,0,1,1,3,0
1492-2,1,92,mesta,44,46,1,80,36,0,0,0,8,30,0,0,0,1,1,3,0
1492-2,1,93,mesta,44,46,1,83,34,0,0,0,8,30,0,0,0,1,1,3,0
1492-2,1,94,mesta,44,46,1,78,32,0,0,0,8,30,0,0,0,1,1,3,0
1492-2,1,95,mesta,44,46,1,81,27,0,0,0,5,27,0,0,0,1,1,3,0
1492-2,1,96,mesta,44,46,1,72,23,0,0,0,5,23,0,0,0,1,1,3,0
1492-2,1,97,mesta,44,46,1,75,19,0,0,0,5,23,0,0,0,1,1,2,0
1492-2,1,98,mesta,44,46,1,76,14,0,0,0,5,23,0,0,0,1,1,2,0
1492-2,1,99,mesta,44,46,1,79,9,0,0,0,5,23,0,0,0,1,1,2,0
1492-2,1,100,mesta,44,46,1,80,4,0,0,0,5,23,0,0,0,1,1,3,0
1492-2,1,101,mesta,43,46,1,73,2,0,0,0,6,24,1,0,0,1,1,3,0
1492-2,1,102,mesta,42,46,1,78,2,0,0,0,6,28,1,0,0,1,1,2,0
1492-2,1,103,mesta,41,45,1,81,1,0,0,0,6,28,1,0,0,1,1,3,0
1492-2,1,104,mesta,39,44,1,76,2,0,0,0,6,28,1,0,0,1,1,3,0
1492-2,1,105,mesta,38,43,1,79,2,0,0,0,6,28,1,0,0,1,1,2,0
1492-2,1,106,mesta,37,42,1,84,1,0,0,0,6,28,1,0,0,1,1,3,0
1492-2,1,107,mesta,37,42,1,77,5,0,0,0,12,33,0,0,0,1,1,3,0
1492-2,1,108,mesta,37,42,1,82,9,0,0,0,12,33,0,0,0,1,1,2,0
1492-2,1,109,mesta,37,42,1,85,12,0,0,0,12,33,0,0,0,1,1,3,0
1492-2,1,110,mesta,37,42,1,80,16,0,0,0,12,33,0,0,0,1,1,3,0
1492-2,1,111,mesta,37,42,1,83,21,0,0,0,13,35,0,0,0,1,1,3,0
1492-2,1,112,mesta,37,42,1,78,26,0,0,0,13,35,0,0,0,1,1,3,0
1492-2,1,113,mesta,37,42,1,81,26,0,0,0,8,30,0,0,0,1,1,3,0
1492-2,1,114,mesta,37,42,1,76,26,0,0,0,8,30,0,0,0,1,1,3,0
1492-2,1,115,mesta,37,42,1,79,26,0,0,0,8,30,0,0,0,1,1,2,0
1492-2,1,116,mesta,37,42,1,84,25,0,0,0,8,30,0,0,0,1,1,3,0
1492-2,1,117,mesta,37,42,1,77,25,0,0,0,8,30,0,0,0,1,1,3,0
1492-2,1,118,mesta,37,42,1,82,25,0,0,0,8,30,0,0,0,1,1,2,0
1492-2,1,119,mesta,37,42,1,85,21,0,0,0,5,27,0,0,0,1,1,3,0
1492-2,1,120,mesta,37,42,1,76,18,0,0,0,5,23,0,0,0,1,1,3,0
1492-2,1,121,mesta,37,42,1,79,15,0,0,0,5,23,0,0,0,1,1,2,0
1492-2,1,122,mesta,37,42,1,80,11,0,0,0,5,23,0,0,0,1,1,3,0
1492-2,1,123,mesta,37,42,1,73,8,0,0,0,5,23,0,0,0,1,1,3,0
1492-2,1,124,mesta,37,42,1,74,5,0,0,0,5,23,0,0,0,1,1,2,0
1492-2,1,125,mesta,37,42,1,77,3,0,0,0,7,25,0,0,0,1,1,2,0
1492-2,1,126,mesta,37,42,1,82,1,0,0,0,7,29,0,0,0,1,1,2,0
1492-2,1,127,mesta,36,42,1,85,1,0,0,0,7,29,1,0,0,1,1,3,0
1492-2,1,128,mesta,35,42,1,80,2,0,0,0,7,29,1,0,0,1,1,3,0
1492-2,1,129,mesta,34,41,1,83,2,0,0,0,7,29,1,0,0,1,1,3,0
1492-2,1,130,mesta,33,40,1,78,2,0,0,0,7,29,1,0,0,1,1,3,0
1492-2,1,131,mesta,33,40,1,81,7,0,0,0,13,35,0,0,0,1,1,3,0
1492-2,1,132,mesta,33,40,1,76,12,0,0,0,13,35,0,0,0,1,1,3,0
1492-2,1,133,mesta,33,40,1,79,17,0,0,0,13,35,0,0,0,1,1,2,0
1492-2,1,134,mesta,33,40,1,84,21,0,0,0,13,35,0,0,0,1,1,3,0
1492-2,1,135,mesta,33,40,1,77,26,0,0,0,13,35,0,0,0,1,1,3,0
1492-2,1,136,mesta,33,42,1,82,30,0,0,0,13,35,0,0,0,1,1,2,0
1492-2,1,137,mesta,33,42,1,85,28,0,0,0,8,30,0,0,0,1,1,3,0
1492-2,1,138,mesta,33,42,1,80,27,0,0,0,8,30,0,0,0,1,1,3,0
1492-2,1,139,mesta,33,42,1,83,26,0,0,0,8,30,0,0,0,1,1,3,0
1492-2,1,140,mesta,33,42,1,78,26,0,0,0,8,30,0,0,0,1,1,3,0
1492-2,1,141,mesta,33,42,1,81,26,0,0,0,8,30,0,0,0,1,1,3,0
1492-2,1,142,mesta,33,42,1,76,26,0,0,0,8,30,0,0,0,1,1,3,0
1492-2,1,143,mesta,33,42,1,79,23,0,0,0,5,27,0,0,0,1,1,2,0
1492-2,1,144,mesta,33,42,1,80,19,0,0,0,5,23,0,0,0,1,1,3,0
1492-2,1,145,mesta,33,42,1,73,16,0,0,0,5,23,0,0,0,1,1,3,0
1492-2,1,146,mesta,33,42,1,74,13,0,0,0,5,23,0,0,0,1,1,2,0
1492-2,1,147,mesta,33,42,1,77,9,0,0,0,5,23,0,0,0,1,1,2,0
1492-2,1,148,mesta,33,42,1,78,5,0,0,0,5,23,0,0,0,1,1,2,0
1492-2,1,149,mesta,33,42,1,81,2,0,0,0,6,24,0,0,0,1,1,3,0
1492-2,1,150,mesta,32,42,1,76,2,0,0,0,6,28,1,0,0,1,1,3,0
1492-2,1,151,mesta,31,42,1,79,2,0,0,0,6,28,1,0,0,1,1,3,0
1492-2,1,152,mesta,30,41,1,84,1,0,0,0,6,28,1,0,0,1,1,3,0
1492-2,1,153,mesta,29,40,1,77,2,0,0,0,6,28,1,0,0,1,1,3,0
1492-2,1,154,mesta,27,39,1,82,2,0,0,0,6,28,1,0,0,1,1,2,0
1492-2,1,155,mesta,27,39,1,83,6,0,0,0,12,31,0,0,0,1,1,3,0
1492-2,1,156,mesta,27,39,1,78,11,0,0,0,12,31,0,0,0,1,1,3,0
1492-2,1,157,mesta,27,39,1,79,17,0,0,0,13,33,0,0,0,1,1,3,0
1492-2,1,158,mesta,27,39,1,74,23,0,0,0,13,33,0,0,0,1,1,3,0
1492-2,1,159,mesta,27,39,1,75,28,0,0,0,13,33,0,0,0,1,1,2,0
1492-2,1,160,mesta,28,40,1,80,32,0,0,0,13,33,0,0,0,1,1,2,0
1492-2,1,161,mesta,28,40,1,83,30,0,0,0,8,30,0,0,0,1,1,3,0
1492-2,1,162,mesta,28,40,1,78,29,0,0,0,8,30,0,0,0,1,1,3,0
1492-2,1,163,mesta,28,40,1,81,28,0,0,0,8,30,0,0,0,1,1,3,0
1492-2,1,164,mesta,28,40,1,76,27,0,0,0,8,30,0,0,0,1,1,3,0
1492-2,1,165,mesta,28,40,1,79,26,0,0,0,8,30,0,0,0,1,1,2,0
1492-2,1,166,mesta,28,40,1,84,25,0,0,0,8,30,0,0,0,1,1,3,0
1492-2,1,167,mesta,28,40,1,77,22,0,0,0,5,27,0,0,0,1,1,3,0
1492-2,1,168,mesta,28,40,1,78,19,0,0,0,5,23,0,0,0,1,1,2,0
1492-2,1,169,mesta,28,40,1,81,15,0,0,0,5,23,0,0,0,1,1,3,0
1492-2,1,170,mesta,28,40,1,72,12,0,0,0,5,23,0,0,0,1,1,3,0
1492-2,1,171,mesta,28,40,1,75,9,0,0,0,5,23,0,0,0,1,1,2,0
1492-2,1,172,mesta,28,40,1,76,5,0,0,0,5,23,0,0,0,1,1,2,0
1492-2,1,173,mesta,28,40,1,79,2,0,0,0,6,24,0,0,0,1,1,2,0
1492-2,1,174,mesta,27,40,1,84,1,0,0,0,6,28,1,0,0,1,1,3,0
1492-2,1,175,mesta,26,40,1,77,2,0,0,0,6,28,1,0,0,1,1,3,0
1492-2,1,176,mesta,24,39,1,82,2,0,0,0,6,28,1,0,0,1,1,2,0
1492-2,1,177,mesta,23,38,1,83,1,0,0,0,6,26,1,0,0,1,1,3,0
1492-2,1,178,mesta,22,37,1,78,2,0,0,0,6,26,1,0,0,1,1,3,0
1492-2,1,179,mesta,22,37,1,79,7,0,0,0,12,31,0,0,0,1,1,3,0
1492-2,1,180,mesta,22,37,1,74,12,0,0,0,12,31,0,0,0,1,1,3,0
1492-2,1,181,mesta,22,37,1,75,17,0,0,0,12,31,0,0,0,1,1,2,0
1492-2,1,182,mesta,22,37,1,80,21,0,0,0,12,31,0,0,0,1,1,2,0
1492-2,1,183,mesta,22,37,1,81,25,0,0,0,12,31,0,0,0,1,1,3,0
1492-2,1,184,mesta,22,37,1,76,29,0,0,0,12,31,0,0,0,1,1,3,0
1492-2,1,185,mesta,22,37,1,77,27,0,0,0,6,26,0,0,0,1,1,2,0
1492-2,1,186,mesta,22,37,1,82,25,0,0,0,6,26,0,0,0,1,1,2,0
1492-2,1,187,mesta,22,37,1,83,23,0,0,0,6,26,0,0,0,1,1,3,0
1492-2,1,188,mesta,22,37,1,78,22,0,0,0,6,26,0,0,0,1,1,3,0
1492-2,1,189,mesta,22,37,1,79,21,0,0,0,6,26,0,0,0,1,1,3,0
1492-2,1,190,mesta,22,37,1,74,20,0,0,0,6,26,0,0,0,1,1,3,0
1492-2,1,191,mesta,22,37,1,75,18,0,0,0,5,25,0,0,0,1,1,2,0
1492-2,1,192,mesta,22,37,1,77,15,0,0,0,5,22,0,0,0,1,1,2,0
1492-2,1,193,mesta,22,37,1,78,12,0,0,0,5,22,0,0,0,1,1,2,0
1492-2,1,194,mesta,22,37,1,80,9,0,0,0,5,22,0,0,0,1,1,3,0
1492-2,1,195,mesta,22,37,1,71,7,0,0,0,5,22,0,0,0,1,1,3,0
1492-2,1,196,mesta,22,37,1,73,5,0,0,0,5,22,0,0,0,1,1,2,0
1492-2,1,197,mesta,22,37,1,74,3,0,0,0,6,23,0,0,0,1,1,2,0
1492-2,1,198,mesta,22,37,1,79,1,0,0,0,6,26,0,0,0,1,1,2,0
1492-2,1,199,mesta,21,37,1,80,1,0,0,0,6,26,1,0,0,1,1,3,0
1492-2,1,200,mesta,20,37,1,75,2,0,0,0,6,26,1,0,0,1,1,3,0
1492-2,1,1,monjes,39,81,1,32,65,0,0,0,18,34,0,0,0,0,1,4,0
1492-2,1,2,monjes,38,77,1,6,49,0,0,0,18,26,0,0,0,0,1,2,0
1492-2,1,3,monjes,38,77,1,9,43,0,0,0,18,25,0,0,0,0,1,0,1
1492-2,1,4,monjes,38,77,1,12,37,0,0,0,18,25,0,1,0,0,1,0,1
1492-2,1,5,monjes,38,77,1,15,50,0,0,0,36,43,0,1,0,0,1,1,0
1492-2,1,6,monjes,38,77,1,33,51,0,0,0,36,58,0,0,0,0,1,4,0
1492-2,1,7,monjes,37,73,1,31,56,0,0,0,36,58,0,0,0,0,1,1,0
1492-2,1,8,monjes,49,69,1,29,62,0,0,0,36,58,0,0,0,1,1,1,0
1492-2,1,9,monjes,49,69,1,45,78,0,0,0,36,56,0,0,0,1,1,2,0
1492-2,1,10,monjes,64,69,1,61,94,0,0,0,36,56,0,0,0,2,1,1,0
1492-2,1,11,monjes,64,69,1,74,144,0,0,0,72,88,0,0,0,2,1,0,1
1492-2,1,12,monjes,64,69,1,73,182,0,0,0,72,88,0,0,0,2,1,5,0
1492-2,1,13,monjes,64,69,1,78,228,0,0,0,72,88,0,0,0,2,1,2,0
1492-2,1,14,monjes,67,69,1,95,262,0,0,0,72,88,0,0,0,2,1,2,0
1492-2,1,15,monjes,67,69,1,136,295,0,0,0,72,88,0,0,0,2,1,4,0
1492-2,1,16,monjes,67,69,1,126,326,0,0,0,72,88,0,0,0,2,1,3,0
1492-2,1,17,monjes,67,69,1,165,330,0,0,0,45,61,0,0,0,2,1,3,0
1492-2,1,18,monjes,67,69,1,208,325,0,0,0,45,61,0,0,0,2,1,7,0
1492-2,1,19,monjes,70,69,1,250,329,0,0,0,45,61,0,0,0,2,1,2,0
1492-2,1,20,monjes,70,69,1,241,333,0,0,0,45,61,0,0,0,2,1,4,0
1492-2,1,21,monjes,70,69,1,281,329,0,0,0,45,61,0,0,0,2,1,6,0
1492-2,1,22,monjes,70,69,1,320,333,0,0,0,45,61,0,0,0,2,1,2,0
1492-2,1,23,monjes,70,69,1,363,320,0,0,0,27,43,0,0,0,2,1,2,0
1492-2,1,24,monjes,73,69,1,351,307,0,0,0,27,39,0,0,0,2,1,4,0
1492-2,1,25,monjes,72,64,1,388,285,0,0,0,27,39,0,0,0,2,1,8,0
1492-2,1,26,monjes,72,64,1,424,275,0,0,0,27,39,0,0,0,2,1,2,0
1492-2,1,27,monjes,164,70,2,459,265,0,0,0,27,39,0,0,0,3,1,3,0
1492-2,1,28,monjes,164,71,2,433,246,0,0,0,27,39,0,0,0,3,1,7,0
1492-2,1,29,monjes,164,72,2,466,243,0,0,0,36,48,0,0,0,3,1,4,0
1492-2,1,30,monjes,164,73,2,502,239,0,0,0,36,52,0,1,0,3,1,4,0
1492-2,1,31,monjes,163,69,2,537,242,0,0,0,45,61,0,0,0,3,1,5,0
1492-2,1,32,monjes,164,70,2,521,247,0,0,0,42,58,0,0,0,3,1,2,0
1492-2,1,33,monjes,265,77,3,559,253,0,0,0,43,59,0,0,0,4,1,4,0
1492-2,1,34,monjes,265,79,3,541,251,0,0,0,44,60,0,0,0,4,1,8,0
1492-2,1,35,monjes,266,81,3,572,324,0,0,0,115,131,0,0,0,4,1,3,0
1492-2,1,36,monjes,266,83,3,602,393,0,0,0,115,131,0,0,0,4,1,4,0
1492-2,1,37,monjes,266,80,3,632,480,0,0,0,137,154,0,0,0,4,1,5,0
1492-2,1,38,monjes,266,82,3,616,564,0,0,0,137,154,0,0,0,4,1,2,0
1492-2,1,39,monjes,266,84,3,649,643,0,0,0,137,154,0,0,0,4,1,6,0
1492-2,1,40,monjes,267,86,3,680,719,0,0,0,137,154,0,0,0,4,1,2,0
1492-2,1,41,monjes,267,88,3,711,742,0,0,0,85,102,0,0,0,4,1,2,0
1492-2,1,42,monjes,268,90,3,691,763,0,0,0,85,102,0,0,0,4,1,4,0
1492-2,1,43,monjes,289,98,4,726,770,0,0,0,71,89,0,0,0,4,1,4,0
1492-2,1,44,monjes,290,101,4,704,775,0,0,0,71,89,0,0,0,4,1,4,0
1492-2,1,45,monjes,289,99,4,701,735,0,0,0,71,89,0,0,0,4,1,8,0
1492-2,1,46,monjes,290,102,4,728,741,0,0,0,71,89,0,0,0,4,1,3,0
1492-2,1,47,monjes,316,131,5,755,718,0,0,0,42,61,0,0,0,4,1,2,0
1492-2,1,48,monjes,318,140,5,775,689,0,0,0,42,61,0,0,0,4,1,4,0
1492-2,1,49,monjes,318,144,5,796,659,0,0,0,42,61,0,0,0,4,1,2,0
1492-2,1,50,monjes,319,148,5,816,629,0,0,0,42,61,0,0,0,4,1,2,0
1492-2,1,51,monjes,320,152,5,836,599,0,0,0,42,61,0,0,0,4,1,2,0
1492-2,1,52,monjes,321,156,5,855,569,0,0,0,42,61,0,0,0,4,1,2,0
1492-2,1,53,monjes,322,160,5,880,554,0,0,0,57,78,0,0,0,4,1,2,0
1492-2,1,54,monjes,322,164,5,907,539,0,0,0,57,82,0,0,0,4,1,2,0
1492-2,1,55,monjes,323,168,5,933,523,0,0,0,57,82,0,0,0,4,1,2,0
1492-2,1,56,monjes,324,172,5,959,507,0,0,0,57,82,0,0,0,4,1,2,0
1492-2,1,57,monjes,325,177,5,987,491,0,0,0,57,85,0,0,0,4,1,2,0
1492-2,1,58,monjes,326,182,5,1019,474,0,0,0,57,85,0,0,0,4,1,2,0
1492-2,1,59,monjes,327,187,5,1049,513,0,0,0,115,143,0,0,0,4,1,2,0
1492-2,1,60,monjes,328,192,5,1078,549,0,0,0,115,143,0,0,0,4,1,2,0
1492-2,1,61,monjes,329,197,5,1107,582,0,0,0,115,143,0,0,0,4,1,2,0
1492-2,1,62,monjes,330,202,5,1137,613,0,0,0,115,145,0,0,0,4,1,2,0
1492-2,1,63,monjes,331,207,5,1174,641,0,0,0,115,148,0,0,0,4,1,2,0
1492-2,1,64,monjes,332,212,5,1209,667,0,0,0,115,148,0,0,0,4,1,2,0
1492-2,1,65,monjes,333,217,5,1243,648,0,0,0,71,104,0,0,0,4,1,2,0
1492-2,1,66,monjes,334,222,5,1277,629,0,0,0,71,104,0,0,0,4,1,2,0
1492-2,1,67,monjes,335,226,5,1312,610,0,0,0,71,106,0,0,0,4,1,2,0
1492-2,1,68,monjes,336,230,5,1351,590,0,0,0,71,106,0,0,0,4,1,2,0
1492-2,1,69,monjes,336,234,5,1388,570,0,0,0,71,106,0,0,0,4,1,2,0
1492-2,1,70,monjes,337,238,5,1424,550,0,0,0,71,106,0,0,0,4,1,2,0
1492-2,1,71,monjes,337,238,5,1460,502,0,0,0,42,77,0,0,0,4,1,2,0
1492-2,1,72,monjes,337,238,5,1491,456,0,0,0,42,73,0,0,0,4,1,2,0
1492-2,1,73,monjes,337,238,5,1526,412,0,0,0,42,73,0,0,0,4,1,2,0
1492-2,1,74,monjes,337,238,5,1559,370,0,0,0,42,73,0,0,0,4,1,2,0
1492-2,1,75,monjes,337,238,5,1591,329,0,0,0,42,73,0,0,0,4,1,2,0
1492-2,1,76,monjes,337,238,5,1623,290,0,0,0,42,73,0,0,0,4,1,2,0
1492-2,1,77,monjes,337,238,5,1654,267,0,0,0,57,88,0,0,0,4,1,2,0
1492-2,1,78,monjes,337,238,5,1693,245,0,0,0,57,92,0,0,0,4,1,2,0
1492-2,1,79,monjes,337,238,5,1730,224,0,0,0,57,92,0,0,0,4,1,2,0
1492-2,1,80,monjes,337,238,5,1766,204,0,0,0,57,92,0,0,0,4,1,2,0
1492-2,1,81,monjes,337,238,5,1682,190,0,0,0,57,92,0,0,0,4,1,3,0
1492-2,1,82,monjes,337,238,5,1685,187,0,0,0,57,92,0,0,0,4,1,2,0
1492-2,1,83,monjes,338,242,5,1665,244,0,0,0,115,150,0,0,0,4,1,2,0
1492-2,1,84,monjes,339,246,5,1765,288,0,0,0,115,152,0,0,0,4,1,2,0
1492-2,1,85,monjes,340,251,5,1807,319,0,0,0,115,155,0,0,0,4,1,2,0
1492-2,1,86,monjes,341,256,5,1848,348,0,0,0,115,155,0,0,0,4,1,2,0
1492-2,1,87,monjes,342,261,5,1888,374,0,0,0,115,155,0,0,0,4,1,2,0
1492-2,1,88,monjes,343,266,5,1932,398,0,0,0,115,155,0,0,0,4,1,2,0
1492-2,1,89,monjes,343,269,5,1976,377,0,0,0,71,112,0,0,0,4,1,2,0
1492-2,1,90,monjes,344,272,5,2021,356,0,0,0,71,114,0,0,0,4,1,2,0
1492-2,1,91,monjes,345,275,5,2065,335,0,0,0,71,114,0,0,0,4,1,2,0
1492-2,1,92,monjes,345,278,5,2108,315,0,0,0,71,114,0,0,0,4,1,2,0
1492-2,1,93,monjes,346,281,5,2155,295,0,0,0,71,114,0,0,0,4,1,2,0
1492-2,1,94,monjes,346,284,5,2201,275,0,0,0,71,114,0,0,0,4,1,2,0
1492-2,1,95,monjes,346,284,5,2248,227,0,0,0,42,87,0,0,0,4,1,2,0
1492-2,1,96,monjes,346,284,5,2290,181,0,0,0,42,83,0,0,0,4,1,2,0
1492-2,1,97,monjes,346,284,5,2211,146,0,0,0,42,83,0,0,0,4,1,2,0
1492-2,1,98,monjes,346,284,5,2195,123,0,0,0,42,83,0,0,0,4,1,2,0
1492-2,1,99,monjes,346,284,5,2178,101,0,0,0,42,83,0,0,0,4,1,2,0
1492-2,1,100,monjes,346,284,5,2160,80,0,0,0,42,83,0,0,0,4,1,2,0
1492-2,1,101,monjes,346,284,5,2141,74,0,0,0,57,98,0,0,0,4,1,2,0
1492-2,1,102,monjes,346,284,5,2131,68,0,0,0,57,102,0,0,0,4,1,2,0
1492-2,1,103,monjes,346,284,5,2119,62,0,0,0,57,102,0,0,0,4,1,2,0
1492-2,1,104,monjes,346,284,5,2106,57,0,0,0,57,102,0,0,0,4,1,2,0
1492-2,1,105,monjes,346,284,5,2092,52,0,0,0,57,102,0,0,0,4,1,2,0
1492-2,1,106,monjes,346,284,5,2077,47,0,0,0,57,102,0,0,0,4,1,2,0
1492-2,1,107,monjes,347,286,5,2067,98,0,0,0,115,160,0,0,0,4,1,2,0
1492-2,1,108,monjes,347,288,5,2056,147,0,0,0,115,160,0,0,0,4,1,2,0
1492-2,1,109,monjes,348,290,5,2044,193,0,0,0,115,160,0,0,0,4,1,2,0
1492-2,1,110,monjes,348,292,5,2030,237,0,0,0,115,160,0,0,0,4,1,2,0
1492-2,1,111,monjes,348,294,5,2135,268,0,0,0,115,160,0,0,0,4,1,2,0
1492-2,1,112,monjes,349,296,5,2184,288,0,0,0,115,162,0,0,0,4,1,2,0
1492-2,1,113,monjes,349,296,5,2232,264,0,0,0,71,118,0,0,0,4,1,2,0
1492-2,1,114,monjes,349,296,5,2279,241,0,0,0,71,118,0,0,0,4,1,2,0
1492-2,1,115,monjes,349,296,5,2330,219,0,0,0,71,118,0,0,0,4,1,2,0
1492-2,1,116,monjes,349,296,5,2380,198,0,0,0,71,118,0,0,0,4,1,2,0
1492-2,1,117,monjes,349,296,5,2309,188,0,0,0,71,118,0,0,0,4,1,2,0
1492-2,1,118,monjes,349,296,5,2300,188,0,0,0,71,118,0,0,0,4,1,2,0
1492-2,1,119,monjes,349,296,5,2290,160,0,0,0,42,89,0,0,0,4,1,2,0
1492-2,1,120,monjes,349,296,5,2275,133,0,0,0,42,85,0,0,0,4,1,2,0
1492-2,1,121,monjes,349,296,5,2259,107,0,0,0,42,85,0,0,0,4,1,2,0
1492-2,1,122,monjes,349,296,5,2242,82,0,0,0,42,85,0,0,0,4,1,2,0
1492-2,1,123,monjes,349,296,5,2230,58,0,0,0,42,85,0,0,0,4,1,2,0
1492-2,1,124,monjes,349,296,5,2216,35,0,0,0,42,85,0,0,0,4,1,2,0
1492-2,1,125,monjes,349,296,5,2201,34,0,0,0,63,106,0,0,0,4,1,2,0
1492-2,1,126,monjes,349,296,5,2189,33,0,0,0,63,110,0,0,0,4,1,2,0
1492-2,1,127,monjes,349,296,5,2176,32,0,0,0,63,110,0,0,0,4,1,2,0
1492-2,1,128,monjes,349,296,5,2168,31,0,0,0,63,110,0,0,0,4,1,2,0
1492-2,1,129,monjes,349,296,5,2159,30,0,0,0,63,110,0,0,0,4,1,2,0
1492-2,1,130,monjes,349,296,5,2148,29,0,0,0,63,110,0,0,0,4,1,2,0
1492-2,1,131,monjes,349,298,5,2136,78,0,0,0,115,162,0,0,0,4,1,2,0
1492-2,1,132,monjes,350,300,5,2123,125,0,0,0,115,162,0,0,0,4,1,2,0
1492-2,1,133,monjes,350,302,5,2115,169,0,0,0,115,162,0,0,0,4,1,2,0
1492-2,1,134,monjes,350,304,5,2106,211,0,0,0,115,162,0,0,0,4,1,2,0
1492-2,1,135,monjes,350,304,5,2217,240,0,0,0,115,163,0,0,0,4,1,2,0
1492-2,1,136,monjes,350,304,5,2268,258,0,0,0,115,163,0,0,0,4,1,2,0
1492-2,1,137,monjes,350,304,5,2318,233,0,0,0,71,119,0,0,0,4,1,2,0
1492-2,1,138,monjes,350,304,5,2367,209,0,0,0,71,119,0,0,0,4,1,2,0
1492-2,1,139,monjes,350,304,5,2295,187,0,0,0,71,119,0,0,0,4,1,3,0
1492-2,1,140,monjes,350,304,5,2340,176,0,0,0,71,119,0,0,0,4,1,2,0
1492-2,1,141,monjes,350,304,5,2330,175,0,0,0,71,119,0,0,0,4,1,2,0
1492-2,1,142,monjes,350,304,5,2319,174,0,0,0,71,119,0,0,0,4,1,2,0
1492-2,1,143,monjes,350,304,5,2307,145,0,0,0,42,90,0,0,0,4,1,2,0
1492-2,1,144,monjes,350,304,5,2296,117,0,0,0,42,86,0,0,0,4,1,2,0
1492-2,1,145,monjes,350,304,5,2283,90,0,0,0,42,86,0,0,0,4,1,2,0
1492-2,1,146,monjes,350,304,5,2269,64,0,0,0,42,86,0,0,0,4,1,2,0
1492-2,1,147,monjes,350,304,5,2254,39,0,0,0,42,86,0,0,0,4,1,2,0
1492-2,1,148,monjes,350,304,5,2238,15,0,0,0,42,86,0,0,0,4,1,2,0
1492-2,1,149,monjes,349,304,5,2227,10,0,0,0,57,101,1,0,0,4,1,2,0
1492-2,1,150,monjes,348,304,5,2219,10,0,0,0,57,105,1,0,0,4,1,2,0
1492-2,1,151,monjes,346,299,5,2209,10,0,0,0,57,105,1,0,0,4,1,3,0
1492-2,1,152,monjes,344,294,5,2194,10,0,0,0,51,95,1,0,0,4,1,2,0
1492-2,1,153,monjes,342,289,5,2178,10,0,0,0,51,95,1,0,0,4,1,2,0
1492-2,1,154,monjes,340,284,5,2167,10,0,0,0,51,95,1,0,0,4,1,2,0
1492-2,1,155,monjes,342,292,5,2155,49,0,0,0,101,145,0,0,0,4,1,2,0
1492-2,1,156,monjes,344,300,5,2142,84,0,0,0,101,145,0,0,0,4,1,2,0
1492-2,1,157,monjes,344,300,5,2131,116,0,0,0,101,149,0,0,0,4,1,2,0
1492-2,1,158,monjes,344,300,5,2119,147,0,0,0,101,149,0,0,0,4,1,2,0
1492-2,1,159,monjes,344,300,5,2112,178,0,0,0,103,151,0,0,0,4,1,2,0
1492-2,1,160,monjes,344,300,5,2104,208,0,0,0,103,151,0,0,0,4,1,2,0
1492-2,1,161,monjes,344,300,5,2095,192,0,0,0,64,112,0,0,0,4,1,3,0
1492-2,1,162,monjes,344,300,5,2134,176,0,0,0,64,112,0,0,0,4,1,2,0
1492-2,1,163,monjes,344,300,5,2124,169,0,0,0,64,112,0,0,0,4,1,2,0
1492-2,1,164,monjes,344,300,5,2113,162,0,0,0,64,112,0,0,0,4,1,2,0
1492-2,1,165,monjes,344,300,5,2101,155,0,0,0,64,112,0,0,0,4,1,2,0
1492-2,1,166,monjes,344,300,5,2094,149,0,0,0,64,112,0,0,0,4,1,2,0
1492-2,1,167,monjes,344,300,5,2086,118,0,0,0,38,86,0,0,0,4,1,2,0
1492-2,1,168,monjes,344,300,5,2073,88,0,0,0,38,82,0,0,0,4,1,2,0
1492-2,1,169,monjes,344,300,5,2058,58,0,0,0,36,80,0,0,0,4,1,2,0
1492-2,1,170,monjes,344,300,5,2042,29,0,0,0,36,80,0,0,0,4,1,2,0
1492-2,1,171,monjes,343,300,5,2031,10,0,0,0,36,80,1,0,0,4,1,2,0
1492-2,1,172,monjes,342,300,5,2019,10,0,0,0,36,80,1,0,0,4,1,2,0
1492-2,1,173,monjes,340,295,5,2006,10,0,0,0,51,95,1,0,0,4,1,2,0
1492-2,1,174,monjes,338,290,5,1991,10,0,0,0,51,94,1,0,0,4,1,2,0
1492-2,1,175,monjes,336,285,5,1974,10,0,0,0,51,94,1,0,0,4,1,2,0
1492-2,1,176,monjes,334,280,5,1962,10,0,0,0,50,93,1,0,0,4,1,2,0
1492-2,1,177,monjes,332,275,5,1949,10,0,0,0,50,93,1,0,0,4,1,2,0
1492-2,1,178,monjes,330,270,5,1935,10,0,0,0,50,93,1,0,0,4,1,2,0
1492-2,1,179,monjes,332,280,5,1920,41,0,0,0,89,132,0,0,0,4,1,2,0
1492-2,1,180,monjes,334,290,5,1904,68,0,0,0,89,132,0,0,0,4,1,2,0
1492-2,1,181,monjes,336,300,5,1886,101,0,0,0,98,141,0,0,0,4,1,2,0
1492-2,1,182,monjes,336,300,5,1878,130,0,0,0,98,146,0,0,0,4,1,2,0
1492-2,1,183,monjes,336,300,5,1869,159,0,0,0,100,148,0,0,0,4,1,2,0
1492-2,1,184,monjes,336,300,5,1859,187,0,0,0,100,148,0,0,0,4,1,2,0
1492-2,1,185,monjes,336,300,5,1848,166,0,0,0,50,98,0,0,0,4,1,2,0
1492-2,1,186,monjes,336,300,5,1836,146,0,0,0,50,98,0,0,0,4,1,2,0
1492-2,1,187,monjes,336,300,5,1829,127,0,0,0,50,98,0,0,0,4,1,2,0
1492-2,1,188,monjes,336,300,5,1821,108,0,0,0,50,98,0,0,0,4,1,2,0
1492-2,1,189,monjes,336,300,5,1811,90,0,0,0,50,98,0,0,0,4,1,2,0
1492-2,1,190,monjes,336,300,5,1800,73,0,0,0,50,98,0,0,0,4,1,2,0
1492-2,1,191,monjes,336,300,5,1788,43,0,0,0,36,84,0,0,0,4,1,2,0
1492-2,1,192,monjes,336,300,5,1777,14,0,0,0,36,80,0,0,0,4,1,2,0
1492-2,1,193,monjes,335,300,5,1765,10,0,0,0,38,82,1,0,0,4,1,2,0
1492-2,1,194,monjes,334,300,5,1752,10,0,0,0,38,82,1,0,0,4,1,2,0
1492-2,1,195,monjes,332,295,5,1737,10,0,0,0,38,82,1,0,0,4,1,2,0
1492-2,1,196,monjes,330,290,5,1716,10,0,0,0,38,77,1,0,0,4,1,2,0
1492-2,1,197,monjes,328,285,5,1700,10,0,0,0,50,89,1,0,0,4,1,2,0
1492-2,1,198,monjes,326,280,5,1687,10,0,0,0,50,93,1,0,0,4,1,2,0
1492-2,1,199,monjes,324,275,5,1673,10,0,0,0,50,93,1,0,0,4,1,2,0
1492-2,1,200,monjes,322,270,5,1658,10,0,0,0,50,93,1,0,0,4,1,2,0
1492-2,1,1,salineros,36,66,1,25,71,0,0,0,18,32,0,0,0,0,1,4,0
1492-2,1,2,salineros,35,62,1,7,61,0,0,0,18,24,0,0,0,0,1,2,0
1492-2,1,3,salineros,35,62,1,9,48,0,0,0,18,24,0,0,0,0,1,3,0
1492-2,1,4,salineros,48,62,1,11,49,0,0,0,18,24,0,0,0,1,1,0,1
1492-2,1,5,salineros,48,62,1,13,56,0,0,0,24,30,0,1,0,1,1,2,0
1492-2,1,6,salineros,48,62,1,21,65,0,7,0,24,45,0,0,0,1,1,0,1
1492-2,1,7,salineros,51,60,1,9,64,0,14,0,24,45,0,0,0,1,1,1,0
1492-2,1,8,salineros,51,60,1,17,73,0,21,0,24,45,0,0,0,1,1,2,0
1492-2,1,9,salineros,54,60,1,0,82,0,28,0,24,45,0,0,0,1,1,0,1
1492-2,1,10,salineros,69,60,1,8,89,0,35,0,24,45,0,0,0,2,1,3,0
1492-2,1,11,salineros,69,60,1,16,120,0,41,0,48,69,0,1,0,2,1,0,1
1492-2,1,12,salineros,69,60,1,4,153,0,55,0,48,78,0,0,0,2,1,0,1
1492-2,1,13,salineros,72,60,1,12,184,0,69,0,48,78,0,0,0,2,1,1,0
1492-2,1,14,salineros,72,60,1,20,215,0,82,0,48,78,0,1,0,2,1,2,0
1492-2,1,15,salineros,71,58,1,16,238,0,84,0,48,85,0,0,0,2,1,4,0
1492-2,1,16,salineros,72,60,1,159,259,0,84,0,48,83,0,0,0,2,1,5,0
1492-2,1,17,salineros,75,60,1,247,274,0,84,0,30,66,0,0,0,2,1,3,0
1492-2,1,18,salineros,75,60,1,403,289,0,84,0,30,66,0,0,0,2,1,5,0
1492-2,1,19,salineros,75,60,1,550,304,0,83,0,30,66,0,0,0,2,1,2,0
1492-2,1,20,salineros,75,60,1,690,319,0,81,0,30,65,0,0,0,2,1,2,0
1492-2,1,21,salineros,75,60,1,774,334,0,79,0,30,65,0,0,0,2,1,2,0
1492-2,1,22,salineros,75,60,1,926,349,0,77,0,30,65,0,0,0,2,1,5,0
1492-2,1,23,salineros,75,60,1,1070,352,0,73,0,18,52,0,0,0,2,1,2,0
1492-2,1,24,salineros,75,60,1,1201,355,0,69,0,18,46,0,0,0,2,1,2,0
1492-2,1,25,salineros,75,60,1,1300,358,0,64,0,18,45,0,0,0,2,1,2,0
1492-2,1,26,salineros,75,60,1,1440,349,0,59,0,18,45,0,0,0,2,1,6,0
1492-2,1,27,salineros,75,60,1,1573,352,0,54,0,18,45,0,0,0,2,1,2,0
1492-2,1,28,salineros,75,60,1,1724,355,0,48,0,18,44,0,0,0,2,1,4,0
1492-2,1,29,salineros,75,60,1,1816,367,0,42,0,27,53,0,0,0,2,1,2,0
1492-2,1,30,salineros,75,60,1,1907,367,0,36,0,27,59,0,0,0,2,1,6,0
1492-2,1,31,salineros,75,60,1,2041,379,0,29,0,27,58,0,0,0,2,1,3,0
1492-2,1,32,salineros,75,60,1,2193,391,0,22,0,27,58,0,0,0,2,1,2,0
1492-2,1,33,salineros,75,60,1,2217,403,0,16,0,27,57,0,0,0,2,1,3,0
1492-2,1,34,salineros,75,60,1,2257,415,0,17,0,27,57,0,0,0,2,1,4,0
1492-2,1,35,salineros,75,60,1,2231,448,0,18,0,48,78,0,0,0,2,1,3,0
1492-2,1,36,salineros,75,60,1,2204,481,0,14,0,48,77,0,0,0,2,1,3,0
1492-2,1,37,salineros,75,60,1,2231,514,0,12,0,48,77,0,0,0,2,1,2,0
1492-2,1,38,salineros,75,60,1,2152,538,0,9,0,48,77,0,0,0,2,1,5,0
1492-2,1,39,salineros,75,60,1,2130,571,0,5,0,48,76,0,0,0,2,1,3,0
1492-2,1,40,salineros,75,60,1,2106,604,0,0,0,48,76,0,0,0,2,1,2,0
1492-2,1,41,salineros,75,60,1,2081,619,0,7,0,30,57,0,0,0,2,1,2,0
1492-2,1,42,salineros,75,60,1,2005,634,0,1,0,30,57,0,0,0,2,1,2,0
1492-2,1,43,salineros,75,60,1,1948,609,0,8,0,30,57,0,0,0,2,1,3,0
1492-2,1,44,salineros,75,60,1,1920,624,0,2,0,30,57,0,0,0,2,1,5,0
1492-2,1,45,salineros,129,130,2,1891,639,0,9,0,30,57,0,0,0,3,1,2,0
1492-2,1,46,salineros,129,130,2,1835,590,0,4,0,30,71,0,0,0,3,1,7,0
1492-2,1,47,salineros,129,130,2,1743,574,0,11,0,18,59,0,0,0,3,1,4,0
1492-2,1,48,salineros,188,175,3,1719,548,0,6,0,18,53,0,1,0,4,1,7,0
1492-2,1,49,salineros,188,175,3,1660,525,0,2,0,22,65,0,0,0,4,1,4,0
1492-2,1,50,salineros,191,175,3,1585,492,0,9,0,22,65,0,0,0,4,1,7,0
1492-2,1,51,salineros,191,175,3,1509,465,0,6,0,22,65,0,2,0,4,1,5,0
1492-2,1,52,salineros,191,175,3,1463,448,0,11,0,28,78,0,0,0,4,1,5,0
1492-2,1,53,salineros,191,175,3,1412,399,0,17,0,38,88,0,1,0,4,1,3,0
1492-2,1,54,salineros,191,175,3,1396,392,0,31,0,38,102,0,1,0,4,1,2,0
1492-2,1,55,salineros,225,245,4,1449,404,0,31,0,55,118,0,0,0,4,1,2,0
1492-2,1,56,salineros,225,245,4,1599,392,0,32,0,55,132,0,0,0,4,1,7,0
1492-2,1,57,salineros,225,245,4,1752,380,0,33,0,55,132,0,1,0,4,1,2,0
1492-2,1,58,salineros,225,247,4,1923,384,0,33,0,65,141,0,0,0,4,1,2,0
1492-2,1,59,salineros,225,249,4,2036,436,0,32,0,113,189,0,0,0,4,1,7,0
1492-2,1,60,salineros,226,251,4,2191,487,0,30,0,113,189,0,0,0,4,1,3,0
1492-2,1,61,salineros,226,253,4,2342,538,0,26,0,113,190,0,0,0,4,1,2,0
1492-2,1,62,salineros,227,255,4,2511,588,0,21,0,113,190,0,0,0,4,1,2,0
1492-2,1,63,salineros,227,257,4,2502,638,0,19,0,113,190,0,0,0,4,1,3,0
1492-2,1,64,salineros,227,259,4,2592,682,0,17,0,113,190,0,0,0,4,1,7,0
1492-2,1,65,salineros,228,260,4,2649,695,0,19,0,77,153,0,0,0,4,1,2,0
1492-2,1,66,salineros,228,260,4,2641,707,0,16,0,77,155,0,0,0,4,1,3,0
1492-2,1,67,salineros,228,260,4,2654,719,0,17,0,77,155,0,0,0,4,1,2,0
1492-2,1,68,salineros,228,260,4,2644,731,0,17,0,77,154,0,0,0,4,1,3,0
1492-2,1,69,salineros,228,260,4,2641,743,0,17,0,77,154,0,0,0,4,1,4,0
1492-2,1,70,salineros,228,260,4,2636,755,0,16,0,77,154,0,0,0,4,1,2,0
1492-2,1,71,salineros,228,260,4,2580,738,0,15,0,52,128,0,0,0,4,1,2,0
1492-2,1,72,salineros,228,260,4,2567,725,0,14,0,52,122,0,0,0,4,1,3,0
1492-2,1,73,salineros,228,260,4,2553,707,0,13,0,52,122,0,0,0,4,1,5,0
1492-2,1,74,salineros,228,260,4,2538,690,0,13,0,52,122,0,0,0,4,1,2,0
1492-2,1,75,salineros,228,260,4,2472,677,0,12,0,52,121,0,0,0,4,1,2,0
1492-2,1,76,salineros,228,260,4,2462,664,0,11,0,52,121,0,0,0,4,1,5,0
1492-2,1,77,salineros,228,260,4,2451,664,0,10,0,65,134,0,0,0,4,1,2,0
1492-2,1,78,salineros,228,260,4,2415,624,0,9,0,65,139,0,0,0,4,1,3,0
1492-2,1,79,salineros,228,260,4,2358,624,0,8,0,65,139,0,0,0,4,1,2,0
1492-2,1,80,salineros,263,335,5,2350,624,0,7,0,65,139,0,0,0,4,1,3,0
1492-2,1,81,salineros,263,335,5,2304,562,0,6,0,65,152,0,0,0,4,1,6,0
1492-2,1,82,salineros,263,335,5,2228,538,0,6,0,65,152,0,1,0,4,1,4,0
1492-2,1,83,salineros,303,435,6,2227,578,0,5,0,125,212,0,1,0,4,1,3,0
1492-2,1,84,salineros,303,435,6,2184,565,0,1,0,139,246,0,0,0,4,1,8,0
1492-2,1,85,salineros,303,435,6,2133,569,0,2,0,108,215,0,2,0,4,1,5,0
1492-2,1,86,salineros,332,482,7,2130,629,0,0,0,162,269,0,1,0,4,1,5,0
1492-2,1,87,salineros,332,484,7,2111,664,0,13,0,149,264,0,1,0,4,1,5,0
1492-2,1,88,salineros,333,486,7,2111,732,0,7,0,185,300,0,2,0,4,1,3,0
1492-2,1,89,salineros,333,488,7,2115,775,0,14,0,156,273,0,1,0,4,1,3,0
1492-2,1,90,salineros,334,490,7,2133,827,0,4,0,166,283,0,1,0,4,1,4,0
1492-2,1,91,salineros,334,492,7,2139,862,0,13,0,157,274,0,0,0,4,1,2,0
1492-2,1,92,salineros,334,494,7,2144,911,0,1,0,172,289,0,0,0,4,1,2,0
1492-2,1,93,salineros,335,495,7,2148,914,0,14,0,126,243,0,0,0,4,1,2,0
1492-2,1,94,salineros,335,495,7,2153,963,0,1,0,172,291,0,0,0,4,1,2,0
1492-2,1,95,salineros,335,495,7,2164,920,0,14,0,80,199,0,0,0,4,1,2,0
1492-2,1,96,salineros,335,495,7,2168,923,0,2,0,126,239,0,0,0,4,1,2,0
1492-2,1,97,salineros,335,495,7,2171,897,0,13,0,97,210,0,0,0,4,1,2,0
1492-2,1,98,salineros,335,495,7,2173,900,0,2,0,126,239,0,0,0,4,1,2,0
1492-2,1,99,salineros,335,495,7,2174,874,0,13,0,97,210,0,0,0,4,1,2,0
1492-2,1,100,salineros,335,495,7,2174,877,0,2,0,126,239,0,0,0,4,1,2,0
1492-2,1,101,salineros,335,495,7,2173,877,0,13,0,123,236,0,0,0,4,1,2,0
1492-2,1,102,salineros,335,495,7,2184,906,0,1,0,152,271,0,0,0,4,1,2,0
1492-2,1,103,salineros,335,495,7,2194,889,0,14,0,106,225,0,0,0,4,1,2,0
1492-2,1,104,salineros,335,495,7,2203,918,0,2,0,152,271,0,0,0,4,1,2,0
1492-2,1,105,salineros,335,495,7,2211,918,0,13,0,123,242,0,0,0,4,1,3,0
1492-2,1,106,salineros,335,495,7,2195,947,0,3,0,152,271,0,0,0,4,1,2,0
1492-2,1,107,salineros,335,498,7,2181,1031,0,14,0,209,328,0,1,0,4,1,3,0
1492-2,1,108,salineros,336,501,7,2188,1143,0,21,0,238,357,0,1,0,4,1,2,0
1492-2,1,109,salineros,336,504,7,2194,1256,0,0,0,238,357,0,0,0,4,1,3,0
1492-2,1,110,salineros,337,507,7,2253,1322,0,13,0,192,311,0,0,0,4,1,2,0
1492-2,1,111,salineros,338,510,7,2260,1434,0,20,0,238,359,0,0,0,4,1,2,0
1492-2,1,112,salineros,338,513,7,2273,1545,0,22,0,238,359,0,0,0,4,1,3,0
1492-2,1,113,salineros,339,516,7,2371,1589,0,22,0,172,293,0,0,0,4,1,3,0
1492-2,1,114,salineros,340,520,7,2495,1632,0,22,0,172,295,0,0,0,4,1,3,0
1492-2,1,115,salineros,340,524,7,2616,1674,0,22,0,172,295,0,0,0,4,1,3,0
1492-2,1,116,salineros,341,528,7,2749,1715,0,22,0,172,295,0,0,0,4,1,3,0
1492-2,1,117,salineros,343,535,7,2880,1753,0,22,0,172,297,0,1,0,4,1,4,0
1492-2,1,118,salineros,344,542,7,3014,1792,0,22,0,172,297,0,0,0,4,1,3,0
1492-2,1,119,salineros,344,542,7,3146,1783,0,22,0,126,253,0,0,0,4,1,3,0
1492-2,1,120,salineros,344,542,7,3269,1774,0,22,0,126,247,0,0,0,4,1,3,0
1492-2,1,121,salineros,344,542,7,3405,1765,0,22,0,126,247,0,0,0,4,1,3,0
1492-2,1,122,salineros,344,542,7,3537,1756,0,22,0,126,247,0,0,0,4,1,3,0
1492-2,1,123,salineros,344,542,7,3665,1747,0,22,0,126,247,0,0,0,4,1,3,0
1492-2,1,124,salineros,344,542,7,3784,1738,0,22,0,126,247,0,0,0,4,1,3,0
1492-2,1,125,salineros,345,549,7,3915,1752,0,22,0,149,270,0,0,0,4,1,3,0
1492-2,1,126,salineros,347,556,7,4048,1764,0,22,0,149,276,0,0,0,4,1,3,0
1492-2,1,127,salineros,348,564,7,4179,1772,0,22,0,149,278,0,1,0,4,1,4,0
1492-2,1,128,salineros,350,572,7,4315,1780,0,22,0,149,280,0,0,0,4,1,3,0
1492-2,1,129,salineros,351,579,7,4450,1786,0,22,0,149,282,0,0,0,4,1,3,0
1492-2,1,130,salineros,352,583,7,4600,1791,0,22,0,149,284,0,0,0,4,1,3,0
1492-2,1,131,salineros,353,587,7,4746,1884,0,22,0,238,373,0,0,0,4,1,3,0
1492-2,1,132,salineros,354,591,7,4890,1954,0,22,0,216,353,0,0,0,4,1,3,0
1492-2,1,133,salineros,355,595,7,5031,2023,0,22,0,216,353,0,0,0,4,1,3,0
1492-2,1,134,salineros,355,599,7,5186,2091,0,22,0,216,355,0,0,0,4,1,3,0
1492-2,1,135,salineros,356,603,7,5337,2158,0,22,0,216,355,0,0,0,4,1,3,0
1492-2,1,136,salineros,357,605,7,5484,2224,0,22,0,216,355,0,0,0,4,1,3,0
1492-2,1,137,salineros,357,605,7,5624,2229,0,22,0,156,297,0,0,0,4,1,3,0
1492-2,1,138,salineros,357,605,7,5761,2250,0,22,0,172,313,0,0,0,4,1,3,0
1492-2,1,139,salineros,357,609,7,5911,2269,0,22,0,172,313,0,1,0,4,1,3,0
1492-2,1,140,salineros,358,613,7,6063,2289,0,22,0,172,313,0,0,0,4,1,3,0
1492-2,1,141,salineros,359,617,7,6211,2308,0,22,0,172,313,0,0,0,4,1,3,0
1492-2,1,142,salineros,360,621,7,6358,2326,0,22,0,172,315,0,0,0,4,1,3,0
1492-2,1,143,salineros,360,621,7,6517,2297,0,22,0,126,269,0,0,0,4,1,3,0
1492-2,1,144,salineros,360,621,7,6666,2268,0,22,0,126,263,0,0,0,4,1,3,0
1492-2,1,145,salineros,360,621,7,6811,2239,0,22,0,126,263,0,0,0,4,1,3,0
1492-2,1,146,salineros,360,621,7,6953,2210,0,22,0,126,263,0,0,0,4,1,3,0
1492-2,1,147,salineros,360,621,7,7092,2181,0,22,0,126,263,0,0,0,4,1,3,0
1492-2,1,148,salineros,360,621,7,7238,2152,0,22,0,126,263,0,0,0,4,1,3,0
1492-2,1,149,salineros,360,621,7,7380,2146,0,22,0,149,286,0,0,0,4,1,3,0
1492-2,1,150,salineros,360,621,7,7524,2138,0,22,0,149,292,0,1,0,4,1,4,0
1492-2,1,151,salineros,360,621,7,7671,2132,0,22,0,149,292,0,0,0,4,1,4,0
1492-2,1,152,salineros,360,621,7,7830,2126,0,25,0,149,295,0,0,0,4,1,3,0
1492-2,1,153,salineros,360,621,7,8105,2120,0,25,0,149,295,0,0,0,4,1,2,0
1492-2,1,154,salineros,360,621,7,8305,2114,0,25,0,149,295,0,0,0,4,1,2,0
1492-2,1,155,salineros,361,627,7,8498,2197,0,25,0,238,384,0,0,0,4,1,2,0
1492-2,1,156,salineros,362,633,7,8710,2279,0,25,0,238,384,0,0,0,4,1,2,0
1492-2,1,157,salineros,363,639,7,8915,2359,0,25,0,238,386,0,0,0,4,1,2,0
1492-2,1,158,salineros,365,645,7,9113,2438,0,25,0,238,386,0,0,0,4,1,2,0
1492-2,1,159,salineros,366,650,7,9332,2515,0,25,0,238,388,0,0,0,4,1,2,0
1492-2,1,160,salineros,366,653,7,9544,2591,0,25,0,238,390,0,0,0,4,1,2,0
1492-2,1,161,salineros,367,655,7,9748,2600,0,25,0,172,324,0,0,0,4,1,2,0
1492-2,1,162,salineros,367,655,7,9948,2609,0,25,0,172,326,0,0,0,4,1,2,0
1492-2,1,163,salineros,367,655,7,10166,2618,0,25,0,172,326,0,0,0,4,1,2,0
1492-2,1,164,salineros,367,655,7,10376,2627,0,25,0,172,326,0,0,0,4,1,2,0
1492-2,1,165,salineros,367,655,7,10579,2636,0,25,0,172,326,0,0,0,4,1,2,0
1492-2,1,166,salineros,367,655,7,10800,2645,0,25,0,172,326,0,0,0,4,1,2,0
1492-2,1,167,salineros,367,655,7,11012,2608,0,25,0,126,280,0,0,0,4,1,2,0
1492-2,1,168,salineros,367,655,7,11211,2571,0,25,0,126,274,0,0,0,4,1,2,0
1492-2,1,169,salineros,367,655,7,11429,2534,0,25,0,126,274,0,0,0,4,1,2,0
1492-2,1,170,salineros,367,655,7,11637,2497,0,25,0,126,274,0,0,0,4,1,2,0
1492-2,1,171,salineros,367,655,7,11838,2460,0,25,0,126,274,0,0,0,4,1,2,0
1492-2,1,172,salineros,367,655,7,12032,2423,0,25,0,126,274,0,0,0,4,1,2,0
1492-2,1,173,salineros,367,655,7,12245,2409,0,25,0,149,297,0,0,0,4,1,2,0
1492-2,1,174,salineros,367,655,7,12455,2395,0,25,0,149,303,0,0,0,4,1,2,0
1492-2,1,175,salineros,367,655,7,12658,2381,0,25,0,149,303,0,0,0,4,1,2,0
1492-2,1,176,salineros,367,655,7,12880,2390,0,25,0,172,326,0,0,0,4,1,2,0
1492-2,1,177,salineros,367,655,7,13093,2399,0,25,0,172,326,0,0,0,4,1,2,0
1492-2,1,178,salineros,367,655,7,13298,2408,0,25,0,172,326,0,0,0,4,1,2,0
1492-2,1,179,salineros,367,655,7,13522,2529,0,25,0,284,438,0,0,0,4,1,2,0
1492-2,1,180,salineros,367,655,7,13737,2650,0,25,0,284,438,0,0,0,4,1,2,0
1492-2,1,181,salineros,367,655,7,13944,2771,0,25,0,284,438,0,0,0,4,1,2,0
1492-2,1,182,salineros,367,655,7,14145,2846,0,25,0,238,392,0,0,0,4,1,2,0
1492-2,1,183,salineros,367,655,7,14364,2865,0,25,0,182,336,0,0,0,4,1,2,0
1492-2,1,184,salineros,367,655,7,14574,2884,0,25,0,182,336,0,0,0,4,1,2,0
1492-2,1,185,salineros,367,655,7,14777,2858,0,25,0,137,291,0,0,0,4,1,2,0
1492-2,1,186,salineros,367,655,7,14999,2832,0,25,0,137,291,0,0,0,4,1,2,0
1492-2,1,187,salineros,367,655,7,15212,2806,0,25,0,137,291,0,0,0,4,1,2,0
1492-2,1,188,salineros,367,655,7,15418,2780,0,25,0,137,291,0,0,0,4,1,2,0
1492-2,1,189,salineros,367,655,7,15617,2789,0,25,0,172,326,0,0,0,4,1,2,0
1492-2,1,190,salineros,367,655,7,15834,2798,0,25,0,172,326,0,0,0,4,1,2,0
1492-2,1,191,salineros,367,655,7,16043,2761,0,25,0,126,280,0,0,0,4,1,2,0
1492-2,1,192,salineros,367,655,7,16239,2724,0,25,0,126,274,0,0,0,4,1,2,0
1492-2,1,193,salineros,367,655,7,16454,2687,0,25,0,126,274,0,0,0,4,1,2,0
1492-2,1,194,salineros,367,655,7,16660,2650,0,25,0,126,274,0,0,0,4,1,2,0
1492-2,1,195,salineros,367,655,7,16859,2613,0,25,0,126,274,0,0,0,4,1,2,0
1492-2,1,196,salineros,367,655,7,17076,2576,0,25,0,126,274,0,0,0,4,1,2,0
1492-2,1,197,salineros,367,655,7,17284,2562,0,25,0,149,297,0,0,0,4,1,2,0
1492-2,1,198,salineros,367,655,7,17491,2548,0,25,0,149,303,0,0,0,4,1,2,0
1492-2,1,199,salineros,367,655,7,17691,2534,0,25,0,149,303,0,0,0,4,1,2,0
1492-2,1,200,salineros,367,655,7,17909,2520,0,25,0,149,303,0,0,0,4,1,2,0
1492-3,1,1,arrieros,40,86,1,42,59,0,0,0,9,27,0,0,0,0,1,4,0
1492-3,1,2,arrieros,39,82,1,34,38,0,0,0,9,17,0,0,0,0,1,2,0
1492-3,1,3,arrieros,39,82,1,38,24,0,0,0,9,17,0,0,0,0,1,0,1
1492-3,1,4,arrieros,39,82,1,42,11,0,0,0,9,17,0,0,0,0,1,0,1
1492-3,1,5,arrieros,39,82,1,46,1,0,0,0,12,20,0,1,0,0,1,0,1
1492-3,1,6,arrieros,38,82,1,66,0,0,0,0,12,36,1,0,0,0,1,3,0
1492-3,1,7,arrieros,37,82,1,105,0,0,0,0,12,36,1,0,0,0,1,2,0
1492-3,1,8,arrieros,36,80,1,80,0,0,0,0,12,36,1,0,0,0,1,3,0
1492-3,1,9,arrieros,34,78,1,99,4,0,0,0,12,36,1,0,0,0,1,3,0
1492-3,1,10,arrieros,33,76,1,84,2,0,0,0,12,34,1,0,0,0,1,3,0
1492-3,1,11,arrieros,33,76,1,71,12,0,0,0,25,47,0,0,0,0,1,3,0
1492-3,1,12,arrieros,33,76,1,88,16,0,0,0,25,47,0,2,0,0,1,3,0
1492-3,1,13,arrieros,33,76,1,85,35,0,0,0,38,66,0,0,0,0,1,3,0
1492-3,1,14,arrieros,33,76,1,88,55,0,0,0,38,66,0,0,0,0,1,3,0
1492-3,1,15,arrieros,32,72,1,77,53,0,0,0,38,66,0,0,0,0,1,7,0
1492-3,1,16,arrieros,31,68,1,77,68,0,0,0,38,66,0,0,0,0,1,3,0
1492-3,1,17,arrieros,30,64,1,77,47,0,0,0,24,50,0,0,0,0,1,6,0
1492-3,1,18,arrieros,43,60,1,77,49,0,0,0,24,50,0,0,0,1,1,3,0
1492-3,1,19,arrieros,43,60,1,89,57,0,0,0,24,50,0,0,0,1,1,7,0
1492-3,1,20,arrieros,46,60,1,120,65,0,0,0,24,50,0,0,0,1,1,4,0
1492-3,1,21,arrieros,46,60,1,111,75,0,0,0,24,50,0,0,0,1,1,8,0
1492-3,1,22,arrieros,61,60,1,119,87,0,0,0,24,50,0,0,0,2,1,4,0
1492-3,1,23,arrieros,64,60,1,119,88,0,0,0,14,40,0,0,0,2,1,4,0
1492-3,1,24,arrieros,64,60,1,111,90,0,0,0,14,34,0,0,0,2,1,6,0
1492-3,1,25,arrieros,64,60,1,113,90,0,0,0,14,34,0,0,0,2,1,3,0
1492-3,1,26,arrieros,64,60,1,93,89,0,0,0,14,34,0,1,0,2,1,5,0
1492-3,1,27,arrieros,64,60,1,95,90,0,0,0,14,34,0,0,0,2,1,4,0
1492-3,1,28,arrieros,64,60,1,115,83,0,0,0,14,34,0,0,0,2,1,3,0
1492-3,1,29,arrieros,67,60,1,107,84,0,0,0,19,39,0,0,0,2,1,4,0
1492-3,1,30,arrieros,67,60,1,114,91,0,0,0,19,45,0,0,0,2,1,6,0
1492-3,1,31,arrieros,67,60,1,118,97,0,0,0,19,45,0,0,0,2,1,3,0
1492-3,1,32,arrieros,67,60,1,115,81,0,0,0,19,45,0,0,0,2,1,6,0
1492-3,1,33,arrieros,70,60,1,118,82,0,0,0,19,45,0,0,0,2,1,4,0
1492-3,1,34,arrieros,70,60,1,114,83,0,0,0,19,45,0,0,0,2,1,6,0
1492-3,1,35,arrieros,73,60,1,116,108,0,0,0,38,64,0,0,0,2,1,4,0
1492-3,1,36,arrieros,73,60,1,112,132,0,0,0,38,64,0,0,0,2,1,7,0
1492-3,1,37,arrieros,73,60,1,115,149,0,0,0,38,64,0,0,0,2,1,3,0
1492-3,1,38,arrieros,73,60,1,117,166,0,0,0,38,64,0,0,0,2,1,3,0
1492-3,1,39,arrieros,73,60,1,112,182,0,0,0,38,64,0,0,0,2,1,3,0
1492-3,1,40,arrieros,73,60,1,114,197,0,0,0,38,64,0,0,0,2,1,3,0
1492-3,1,41,arrieros,73,60,1,120,198,0,0,0,24,50,0,0,0,2,1,3,0
1492-3,1,42,arrieros,76,60,1,119,199,0,0,0,24,50,0,0,0,2,1,3,0
1492-3,1,43,arrieros,76,60,1,74,179,0,0,0,24,50,0,0,0,2,1,9,0
1492-3,1,44,arrieros,76,60,1,122,181,0,0,0,24,50,0,0,0,2,1,5,0
1492-3,1,45,arrieros,76,60,1,106,183,0,0,0,24,50,0,0,0,2,1,4,0
1492-3,1,46,arrieros,76,60,1,169,185,0,0,0,24,50,0,0,0,2,1,2,0
1492-3,1,47,arrieros,76,60,1,98,177,0,0,0,14,40,0,0,0,2,1,3,0
1492-3,1,48,arrieros,76,60,1,113,158,0,0,0,14,34,0,0,0,2,1,8,0
1492-3,1,49,arrieros,76,60,1,105,140,0,0,0,14,34,0,0,0,2,1,6,0
1492-3,1,50,arrieros,79,60,1,112,134,0,0,0,14,34,0,0,0,2,1,3,0
1492-3,1,51,arrieros,79,60,1,104,128,0,0,0,14,34,0,0,0,2,1,5,0
1492-3,1,52,arrieros,79,60,1,111,122,0,0,0,14,34,0,0,0,2,1,5,0
1492-3,1,53,arrieros,79,60,1,112,121,0,0,0,19,39,0,0,0,2,1,3,0
1492-3,1,54,arrieros,79,60,1,118,120,0,0,0,19,45,0,0,0,2,1,3,0
1492-3,1,55,arrieros,79,60,1,118,120,0,0,0,19,45,0,0,0,2,1,3,0
1492-3,1,56,arrieros,79,60,1,117,120,0,0,0,19,45,0,0,0,2,1,3,0
1492-3,1,57,arrieros,79,60,1,116,120,0,0,0,19,45,0,0,0,2,1,3,0
1492-3,1,58,arrieros,79,60,1,115,108,0,0,0,19,45,0,0,0,2,1,6,0
1492-3,1,59,arrieros,79,60,1,120,120,0,0,0,38,64,0,0,0,2,1,6,0
1492-3,1,60,arrieros,79,60,1,118,138,0,0,0,38,64,0,0,0,2,1,3,0
1492-3,1,61,arrieros,79,60,1,121,155,0,0,0,38,64,0,0,0,2,1,3,0
1492-3,1,62,arrieros,82,60,1,119,171,0,0,0,38,64,0,0,0,2,1,3,0
1492-3,1,63,arrieros,82,60,1,124,187,0,0,0,38,64,0,0,0,2,1,5,0
1492-3,1,64,arrieros,82,60,1,121,202,0,0,0,38,64,0,0,0,2,1,3,0
1492-3,1,65,arrieros,85,60,1,119,203,0,0,0,24,50,0,0,0,2,1,3,0
1492-3,1,66,arrieros,85,60,1,91,146,0,0,0,24,50,0,0,0,2,1,11,0
1492-3,1,67,arrieros,88,60,1,118,149,0,0,0,24,50,0,0,0,2,1,3,0
1492-3,1,68,arrieros,135,96,2,59,152,0,0,0,24,50,0,0,0,3,1,6,0
1492-3,1,69,arrieros,135,96,2,103,146,0,0,0,24,56,0,0,0,3,1,3,0
1492-3,1,70,arrieros,135,97,2,95,139,0,0,0,24,56,0,1,0,3,1,6,0
1492-3,1,71,arrieros,135,97,2,80,132,0,0,0,18,50,0,0,0,3,1,3,0
1492-3,1,72,arrieros,135,97,2,85,123,0,0,0,18,44,0,0,0,3,1,4,0
1492-3,1,73,arrieros,135,97,2,73,113,0,0,0,18,44,0,1,0,3,1,3,0
1492-3,1,74,arrieros,135,97,2,78,110,0,0,0,23,49,0,0,0,3,1,2,0
1492-3,1,75,arrieros,135,97,2,46,54,0,0,0,23,49,0,0,0,3,1,8,0
1492-3,1,76,arrieros,135,97,2,57,45,0,0,0,23,49,0,1,0,3,1,1,0
1492-3,1,77,arrieros,196,137,3,34,12,0,0,0,31,57,0,0,0,4,1,1,0
1492-3,1,78,arrieros,196,137,3,36,7,0,0,0,31,71,0,1,0,4,1,4,0
1492-3,1,79,arrieros,226,187,4,48,2,0,0,0,31,71,0,1,0,4,1,1,0
1492-3,1,80,arrieros,225,187,4,61,0,0,0,0,37,87,1,1,0,4,1,1,0
1492-3,1,81,arrieros,224,187,4,74,0,0,0,0,35,85,1,0,0,4,1,0,1
1492-3,1,82,arrieros,222,183,4,73,0,0,0,0,35,85,1,0,0,4,1,2,0
1492-3,1,83,arrieros,222,183,4,67,27,0,0,0,72,116,0,0,0,4,1,3,0
1492-3,1,84,arrieros,223,188,4,80,51,0,0,0,72,110,0,1,0,4,1,3,0
1492-3,1,85,arrieros,224,193,4,66,87,0,0,0,86,123,0,0,0,4,1,4,0
1492-3,1,86,arrieros,228,198,4,67,122,0,0,0,86,119,0,0,0,4,1,1,0
1492-3,1,87,arrieros,229,203,4,72,145,0,0,0,86,119,0,1,0,4,1,6,0
1492-3,1,88,arrieros,230,209,4,65,188,0,0,0,100,133,0,0,0,4,1,2,0
1492-3,1,89,arrieros,231,214,4,78,193,0,0,0,66,99,0,1,0,4,1,1,0
1492-3,1,90,arrieros,232,218,4,37,156,0,0,0,68,103,0,0,0,4,1,6,0
1492-3,1,91,arrieros,233,222,4,48,166,0,0,0,68,103,0,0,0,4,1,1,0
1492-3,1,92,arrieros,262,267,5,55,161,0,0,0,68,103,0,0,0,4,1,4,0
1492-3,1,93,arrieros,266,274,5,65,155,0,0,0,68,115,0,1,0,4,1,2,0
1492-3,1,94,arrieros,266,274,5,79,149,0,0,0,68,119,0,0,0,4,1,3,0
1492-3,1,95,arrieros,266,274,5,67,116,0,0,0,39,93,0,0,0,4,1,3,0
1492-3,1,96,arrieros,266,274,5,83,84,0,0,0,39,87,0,0,0,4,1,2,0
1492-3,1,97,arrieros,266,274,5,71,51,0,0,0,39,87,0,1,0,4,1,3,0
1492-3,1,98,arrieros,266,274,5,70,22,0,0,0,44,92,0,0,0,4,1,4,0
1492-3,1,99,arrieros,265,274,5,78,1,0,0,0,44,92,1,0,0,4,1,3,0
1492-3,1,100,arrieros,264,274,5,77,1,0,0,0,44,92,1,1,0,4,1,3,0
1492-3,1,101,arrieros,264,274,5,75,2,0,0,0,67,115,0,0,0,4,1,2,0
1492-3,1,102,arrieros,263,274,5,90,1,0,0,0,67,121,1,1,0,4,1,3,0
1492-3,1,103,arrieros,263,274,5,88,1,0,0,0,67,121,0,0,0,4,1,4,0
1492-3,1,104,arrieros,263,274,5,87,3,0,0,0,67,115,0,0,0,4,1,3,0
1492-3,1,105,arrieros,263,274,5,85,3,0,0,0,67,115,0,1,0,4,1,3,0
1492-3,1,106,arrieros,263,274,5,87,4,0,0,0,67,115,0,0,0,4,1,3,0
1492-3,1,107,arrieros,265,283,5,85,40,0,0,0,103,151,0,0,0,4,1,3,0
1492-3,1,108,arrieros,267,292,5,80,74,0,0,0,105,156,0,0,0,4,1,4,0
1492-3,1,109,arrieros,268,299,5,90,102,0,0,0,105,158,0,1,0,4,1,4,0
1492-3,1,110,arrieros,270,306,5,85,143,0,0,0,118,171,0,0,0,4,1,4,0
1492-3,1,111,arrieros,271,313,5,86,181,0,0,0,118,175,0,0,0,4,1,3,0
1492-3,1,112,arrieros,273,320,5,94,201,0,0,0,118,175,0,1,0,4,1,10,0
1492-3,1,113,arrieros,274,329,5,98,217,0,0,0,108,168,0,0,0,4,1,3,0
1492-3,1,114,arrieros,276,339,5,64,198,0,0,0,108,169,0,0,0,4,1,4,0
1492-3,1,115,arrieros,278,345,5,102,216,0,0,0,108,169,0,1,0,4,1,2,0
1492-3,1,116,arrieros,309,403,6,87,239,0,0,0,118,179,0,0,0,4,1,3,0
1492-3,1,117,arrieros,314,411,6,75,213,0,0,0,118,191,0,0,0,4,1,5,0
1492-3,1,118,arrieros,315,419,6,103,222,0,0,0,118,191,0,0,0,4,1,4,0
1492-3,1,119,arrieros,346,474,7,101,179,0,0,0,69,142,0,0,0,4,1,3,0
1492-3,1,120,arrieros,346,474,7,101,127,0,0,0,69,146,0,1,0,4,1,6,0
1492-3,1,121,arrieros,346,474,7,99,73,0,0,0,69,146,0,0,0,4,1,3,0
1492-3,1,122,arrieros,346,474,7,91,28,0,0,0,69,146,0,0,0,4,1,3,0
1492-3,1,123,arrieros,345,474,7,99,4,0,0,0,69,146,1,0,0,4,1,4,0
1492-3,1,124,arrieros,344,474,7,100,3,0,0,0,69,146,1,1,0,4,1,3,0
1492-3,1,125,arrieros,341,464,7,99,4,0,0,0,98,175,1,0,0,4,1,3,0
1492-3,1,126,arrieros,338,454,7,102,4,0,0,0,97,177,1,0,0,4,1,4,0
1492-3,1,127,arrieros,335,444,7,97,4,0,0,0,97,170,1,0,0,4,1,4,0
1492-3,1,128,arrieros,332,434,7,96,4,0,0,0,97,163,1,0,0,4,1,3,0
1492-3,1,129,arrieros,329,424,7,90,4,0,0,0,87,152,1,0,0,4,1,3,0
1492-3,1,130,arrieros,327,415,7,86,4,0,0,0,85,146,1,0,0,4,1,5,0
1492-3,1,131,arrieros,330,432,7,107,62,0,0,0,160,216,0,0,0,4,1,5,0
1492-3,1,132,arrieros,283,396,6,99,117,0,0,0,169,218,0,2,0,4,1,4,0
1492-3,1,133,arrieros,235,356,5,83,191,0,0,0,168,209,0,0,0,4,1,4,0
1492-3,1,134,arrieros,237,369,5,79,254,0,0,0,168,207,0,0,0,4,1,10,0
1492-3,1,135,arrieros,240,382,5,72,323,0,0,0,172,208,0,0,0,4,1,3,0
1492-3,1,136,arrieros,243,397,5,70,391,0,0,0,177,215,0,0,0,4,1,3,0
1492-3,1,137,arrieros,246,412,5,73,390,0,0,0,115,153,0,1,0,4,1,3,0
1492-3,1,138,arrieros,248,424,5,72,388,0,0,0,116,155,0,0,0,4,1,2,0
1492-3,1,139,arrieros,254,436,5,76,385,0,0,0,118,158,0,0,0,4,1,3,0
1492-3,1,140,arrieros,256,448,5,81,378,0,0,0,118,164,0,1,0,4,1,5,0
1492-3,1,141,arrieros,258,457,5,95,370,0,0,0,118,174,0,0,0,4,1,4,0
1492-3,1,142,arrieros,260,466,5,96,362,0,0,0,118,180,0,0,0,4,1,6,0
1492-3,1,143,arrieros,260,466,5,115,306,0,0,0,69,139,0,0,0,4,1,3,0
1492-3,1,144,arrieros,260,466,5,96,247,0,0,0,69,139,0,0,0,4,1,4,0
1492-3,1,145,arrieros,260,466,5,103,197,0,0,0,69,139,0,0,0,4,1,4,0
1492-3,1,146,arrieros,260,466,5,108,139,0,0,0,69,139,0,1,0,4,1,4,0
1492-3,1,147,arrieros,260,466,5,115,96,0,0,0,74,144,0,1,0,4,1,3,0
1492-3,1,148,arrieros,260,466,5,117,62,0,0,0,79,149,0,0,0,4,1,3,0
1492-3,1,149,arrieros,260,466,5,74,18,0,0,0,106,176,0,0,0,4,1,4,0
1492-3,1,150,arrieros,260,466,5,120,12,0,0,0,106,180,0,1,0,4,1,2,0
1492-3,1,151,arrieros,289,511,6,61,9,0,0,0,112,186,0,0,0,4,1,5,0
1492-3,1,152,arrieros,288,511,6,117,6,0,0,0,112,194,1,0,0,4,1,2,0
1492-3,1,153,arrieros,287,511,6,95,0,0,0,0,112,194,1,0,0,4,1,3,0
1492-3,1,154,arrieros,283,499,6,113,6,0,0,0,112,194,1,0,0,4,1,3,0
1492-3,1,155,arrieros,286,514,6,101,107,0,0,0,226,306,0,0,0,4,1,4,0
1492-3,1,156,arrieros,288,521,6,116,200,0,0,0,226,302,0,1,0,4,1,4,0
1492-3,1,157,arrieros,289,528,6,107,297,0,0,0,237,313,0,1,0,4,1,4,0
1492-3,1,158,arrieros,291,535,6,115,381,0,0,0,237,315,0,0,0,4,1,9,0
1492-3,1,159,arrieros,292,542,6,84,431,0,0,0,237,315,0,1,0,4,1,5,0
1492-3,1,160,arrieros,293,549,6,115,518,0,0,0,237,317,0,0,0,4,1,3,0
1492-3,1,161,arrieros,321,589,7,57,489,0,0,0,126,206,0,0,0,4,1,4,0
1492-3,1,162,arrieros,321,589,7,105,456,0,0,0,126,214,0,0,0,4,1,3,0
1492-3,1,163,arrieros,321,589,7,91,416,0,0,0,126,214,0,1,0,4,1,3,0
1492-3,1,164,arrieros,321,589,7,110,384,0,0,0,126,214,0,0,0,4,1,3,0
1492-3,1,165,arrieros,321,589,7,95,352,0,0,0,126,214,0,0,0,4,1,3,0
1492-3,1,166,arrieros,321,589,7,112,321,0,0,0,126,214,0,1,0,4,1,3,0
1492-3,1,167,arrieros,324,589,7,109,260,0,0,0,93,181,0,0,0,4,1,4,0
1492-3,1,168,arrieros,324,589,7,113,203,0,0,0,93,181,0,0,0,4,1,7,0
1492-3,1,169,arrieros,324,589,7,100,149,0,0,0,93,181,0,0,0,4,1,3,0
1492-3,1,170,arrieros,324,589,7,116,95,0,0,0,93,181,0,0,0,4,1,4,0
1492-3,1,171,arrieros,324,589,7,106,40,0,0,0,93,181,0,1,0,4,1,4,0
1492-3,1,172,arrieros,323,589,7,108,6,0,0,0,97,179,1,1,0,4,1,3,0
1492-3,1,173,arrieros,322,589,7,106,5,0,0,0,129,211,1,0,0,4,1,4,0
1492-3,1,174,arrieros,319,575,7,112,5,0,0,0,129,215,1,0,0,4,1,3,0
1492-3,1,175,arrieros,315,562,7,109,5,0,0,0,127,212,1,0,0,4,1,3,0
1492-3,1,176,arrieros,311,549,7,115,5,0,0,0,127,212,1,0,0,4,1,3,0
1492-3,1,177,arrieros,308,536,7,108,5,0,0,0,127,209,1,0,0,4,1,4,0
1492-3,1,178,arrieros,304,523,7,100,6,0,0,0,114,192,1,0,0,4,1,4,0
1492-3,1,179,arrieros,308,540,7,110,106,0,0,0,229,302,0,0,0,4,1,5,0
1492-3,1,180,arrieros,311,558,7,117,198,0,0,0,233,305,0,1,0,4,1,3,0
1492-3,1,181,arrieros,315,577,7,101,286,0,0,0,233,305,0,0,0,4,1,3,0
1492-3,1,182,arrieros,317,588,7,101,366,0,0,0,233,309,0,0,0,4,1,3,0
1492-3,1,183,arrieros,319,596,7,88,435,0,0,0,242,318,0,0,0,4,1,10,0
1492-3,1,184,arrieros,321,605,7,99,513,0,0,0,246,323,0,1,0,4,1,3,0
1492-3,1,185,arrieros,322,614,7,96,504,0,0,0,159,237,0,0,0,4,1,3,0
1492-3,1,186,arrieros,323,619,7,98,494,0,0,0,159,237,0,0,0,4,1,4,0
1492-3,1,187,arrieros,324,624,7,101,492,0,0,0,168,252,0,0,0,4,1,3,0
1492-3,1,188,arrieros,325,629,7,103,476,0,0,0,168,252,0,0,0,4,1,4,0
1492-3,1,189,arrieros,329,634,7,136,472,0,0,0,168,253,0,0,0,4,1,4,0
1492-3,1,190,arrieros,330,639,7,130,469,0,0,0,170,255,0,0,0,4,1,8,0
1492-3,1,191,arrieros,330,639,7,157,403,0,0,0,101,187,0,0,0,4,1,4,0
1492-3,1,192,arrieros,330,639,7,147,339,0,0,0,101,183,0,0,0,4,1,3,0
1492-3,1,193,arrieros,330,639,7,180,279,0,0,0,101,183,0,0,0,4,1,3,0
1492-3,1,194,arrieros,330,639,7,169,206,0,0,0,101,183,0,0,0,4,1,4,0
1492-3,1,195,arrieros,330,639,7,207,152,0,0,0,101,189,0,0,0,4,1,3,0
1492-3,1,196,arrieros,330,639,7,225,100,0,0,0,101,189,0,0,0,4,1,3,0
1492-3,1,197,arrieros,330,639,7,253,83,0,0,0,136,224,0,0,0,4,1,3,0
1492-3,1,198,arrieros,330,639,7,239,67,0,0,0,136,228,0,0,0,4,1,4,0
1492-3,1,199,arrieros,330,639,7,273,52,0,0,0,136,228,0,0,0,4,1,4,0
1492-3,1,200,arrieros,330,639,7,306,37,0,0,0,136,228,0,0,0,4,1,4,0
1492-3,1,1,canteros,46,116,1,45,50,0,0,0,12,36,0,0,0,0,1,4,0
1492-3,1,2,canteros,46,116,1,32,30,0,0,0,12,23,0,0,0,0,1,1,0
1492-3,1,3,canteros,46,116,1,24,9,0,0,0,12,23,0,1,0,0,1,1,0
1492-3,1,4,canteros,45,116,1,31,0,0,0,0,12,29,1,1,0,0,1,0,1
1492-3,1,5,canteros,44,116,1,46,0,0,0,0,16,40,1,1,0,0,1,1,0
1492-3,1,6,canteros,42,113,1,72,0,0,0,0,16,57,1,0,0,0,1,0,1
1492-3,1,7,canteros,41,110,1,86,0,0,0,0,16,57,1,0,0,0,1,3,0
1492-3,1,8,canteros,39,107,1,89,1,0,0,0,16,57,1,0,0,0,1,3,0
1492-3,1,9,canteros,37,104,1,94,2,0,0,0,16,54,1,0,0,0,1,3,0
1492-3,1,10,canteros,36,101,1,94,3,0,0,0,14,51,1,0,0,0,1,3,0
1492-3,1,11,canteros,36,101,1,99,9,0,0,0,28,64,0,0,0,0,1,3,0
1492-3,1,12,canteros,36,101,1,99,15,0,0,0,28,64,0,0,0,0,1,3,0
1492-3,1,13,canteros,36,101,1,97,22,0,0,0,28,64,0,0,0,0,1,3,0
1492-3,1,14,canteros,36,101,1,97,28,0,0,0,28,63,0,0,0,0,1,3,0
1492-3,1,15,canteros,36,101,1,95,34,0,0,0,28,63,0,0,0,0,1,3,0
1492-3,1,16,canteros,36,101,1,94,40,0,0,0,28,63,0,0,0,0,1,3,0
1492-3,1,17,canteros,36,101,1,100,35,0,0,0,18,53,0,0,0,0,1,3,0
1492-3,1,18,canteros,36,101,1,99,30,0,0,0,18,52,0,0,0,0,1,3,0
1492-3,1,19,canteros,36,101,1,97,27,0,0,0,18,52,0,0,0,0,1,3,0
1492-3,1,20,canteros,36,101,1,98,24,0,0,0,18,52,0,0,0,0,1,3,0
1492-3,1,21,canteros,36,101,1,96,21,0,0,0,18,51,0,0,0,0,1,3,0
1492-3,1,22,canteros,36,101,1,97,20,0,0,0,20,54,0,0,0,0,1,3,0
1492-3,1,23,canteros,36,101,1,94,11,0,0,0,12,45,0,0,0,0,1,3,0
1492-3,1,24,canteros,35,101,1,85,4,0,0,0,12,35,1,0,0,0,1,3,0
1492-3,1,25,canteros,34,101,1,89,3,0,0,0,12,34,1,0,0,0,1,3,0
1492-3,1,26,canteros,32,98,1,83,2,0,0,0,12,34,1,0,0,0,1,3,0
1492-3,1,27,canteros,31,96,1,83,3,0,0,0,10,31,1,0,0,0,1,3,0
1492-3,1,28,canteros,29,94,1,84,2,0,0,0,10,31,1,0,0,0,1,3,0
1492-3,1,29,canteros,28,92,1,84,2,0,0,0,12,32,1,0,0,0,1,4,0
1492-3,1,30,canteros,27,90,1,79,2,0,0,0,12,29,1,0,0,0,1,3,0
1492-3,1,31,canteros,25,88,1,79,2,0,0,0,12,29,1,0,0,0,1,3,0
1492-3,1,32,canteros,24,86,1,77,2,0,0,0,12,28,1,0,0,0,1,3,0
1492-3,1,33,canteros,22,84,1,77,2,0,0,0,9,24,1,0,0,0,1,4,0
1492-3,1,34,canteros,21,82,1,78,1,0,0,0,9,24,1,0,0,0,1,3,0
1492-3,1,35,canteros,21,82,1,18,1,0,0,0,19,34,0,0,0,0,1,3,0
1492-3,1,36,canteros,20,82,1,34,2,0,0,0,19,34,1,0,0,0,1,1,0
1492-3,1,37,canteros,19,82,1,44,0,0,0,0,19,34,1,0,0,0,1,0,1
1492-3,1,38,canteros,19,82,1,50,2,0,0,0,24,40,0,0,0,0,1,0,1
1492-3,1,39,canteros,19,82,1,60,4,0,0,0,24,40,0,0,0,0,1,0,1
1492-3,1,40,canteros,19,82,1,70,6,0,0,0,24,40,0,0,0,0,1,0,1
1492-3,1,41,canteros,19,82,1,70,2,0,0,0,18,35,0,0,0,0,1,2,0
1492-3,1,42,canteros,18,82,1,72,1,0,0,0,18,35,1,0,0,0,1,2,0
1492-3,1,43,canteros,17,82,1,76,1,0,0,0,18,35,1,0,0,0,1,3,0
1492-3,1,44,canteros,16,80,1,73,1,0,0,0,18,35,1,0,0,0,1,3,0
1492-3,1,45,canteros,14,78,1,77,1,0,0,0,18,35,1,0,0,0,1,3,0
1492-3,1,46,canteros,13,76,1,68,1,0,0,0,18,34,1,0,0,0,1,3,0
1492-3,1,47,canteros,11,74,1,85,1,0,0,0,10,26,1,0,0,0,1,1,0
1492-3,1,48,canteros,10,72,1,69,0,0,0,0,10,26,1,0,0,0,1,3,0
1492-3,1,49,canteros,9,70,1,83,2,0,0,0,9,24,1,0,0,0,1,1,0
1492-3,1,50,canteros,7,68,1,69,0,0,0,0,9,24,1,0,0,0,1,3,0
1492-3,1,51,canteros,6,66,1,89,2,0,0,0,9,24,1,0,0,0,1,1,0
1492-3,1,52,canteros,5,65,1,69,0,0,0,0,9,24,1,0,0,0,1,3,0
1492-3,1,53,canteros,3,64,1,88,3,0,0,0,12,27,1,0,0,0,1,1,0
1492-3,1,54,canteros,2,63,1,69,0,0,0,0,12,31,1,0,0,0,1,4,0
1492-3,1,55,canteros,1,62,1,87,3,0,0,0,9,23,1,0,0,0,1,1,0
1492-3,1,56,canteros,0,61,1,69,0,0,0,0,9,23,1,0,0,0,1,2,0
1492-3,1,57,canteros,-1,60,1,85,6,0,0,0,9,23,1,0,0,0,1,1,0
1492-3,1,58,canteros,-3,59,1,69,0,0,0,0,9,23,1,0,0,0,1,2,0
1492-3,1,59,canteros,-3,59,1,85,8,0,0,0,19,32,0,0,0,0,1,1,0
1492-3,1,60,canteros,-3,59,1,63,11,0,0,0,19,32,0,0,0,0,1,2,0
1492-3,1,61,canteros,-3,59,1,79,24,0,0,0,24,38,0,0,0,0,1,1,0
1492-3,1,62,canteros,-2,60,1,68,31,0,0,0,24,38,0,0,0,0,1,2,0
1492-3,1,63,canteros,-2,60,1,82,41,0,0,0,24,39,0,0,0,0,1,1,0
1492-3,1,64,canteros,-2,60,1,65,50,0,0,0,28,44,0,0,0,0,1,2,0
1492-3,1,65,canteros,-3,58,1,62,44,0,0,0,18,34,0,0,0,0,1,2,0
1492-3,1,66,canteros,-4,54,1,50,21,0,0,0,18,33,0,0,0,0,1,4,0
1492-3,1,67,canteros,-4,54,1,58,25,0,0,0,20,35,0,0,0,0,1,0,1
1492-3,1,68,canteros,9,54,1,62,29,0,0,0,20,35,0,0,0,1,1,0,1
1492-3,1,69,canteros,10,56,1,70,33,0,0,0,20,35,0,0,0,1,1,2,0
1492-3,1,70,canteros,10,58,1,68,36,0,0,0,20,35,0,0,0,1,1,2,0
1492-3,1,71,canteros,13,58,1,74,33,0,0,0,12,27,0,0,0,1,1,1,0
1492-3,1,72,canteros,13,58,1,68,28,0,0,0,12,27,0,0,0,1,1,4,0
1492-3,1,73,canteros,13,58,1,80,27,0,0,0,12,27,0,0,0,1,1,1,0
1492-3,1,74,canteros,13,58,1,68,23,0,0,0,12,27,0,0,0,1,1,2,0
1492-3,1,75,canteros,13,58,1,79,23,0,0,0,12,27,0,0,0,1,1,1,0
1492-3,1,76,canteros,16,58,1,68,19,0,0,0,12,27,0,0,0,1,1,2,0
1492-3,1,77,canteros,16,58,1,82,23,0,0,0,16,31,0,0,0,1,1,3,0
1492-3,1,78,canteros,16,58,1,72,23,0,0,0,16,35,0,0,0,1,1,2,0
1492-3,1,79,canteros,16,58,1,81,27,0,0,0,16,35,0,0,0,1,1,2,0
1492-3,1,80,canteros,16,58,1,73,28,0,0,0,16,35,0,0,0,1,1,2,0
1492-3,1,81,canteros,16,58,1,74,31,0,0,0,16,35,0,0,0,1,1,2,0
1492-3,1,82,canteros,16,58,1,78,32,0,0,0,16,35,0,0,0,1,1,2,0
1492-3,1,83,canteros,17,60,1,76,50,0,0,0,32,51,0,0,0,1,1,2,0
1492-3,1,84,canteros,17,60,1,77,62,0,0,0,32,52,0,0,0,1,1,5,0
1492-3,1,85,canteros,17,60,1,75,77,0,0,0,32,52,0,0,0,1,1,2,0
1492-3,1,86,canteros,32,60,1,81,92,0,0,0,32,52,0,0,0,2,1,2,0
1492-3,1,87,canteros,35,60,1,79,106,0,0,0,32,52,0,0,0,2,1,2,0
1492-3,1,88,canteros,245,63,1,97,121,0,0,0,32,52,0,1,1,3,1,3,0
1492-3,1,89,canteros,246,66,1,110,121,0,0,0,20,40,0,0,0,3,1,1,0
1492-3,1,90,canteros,246,69,1,123,119,0,0,0,18,38,0,0,0,3,1,0,1
1492-3,1,91,canteros,247,72,1,136,116,0,0,0,18,38,0,0,0,3,1,0,1
1492-3,1,92,canteros,248,75,1,150,112,0,0,0,18,39,0,0,0,3,1,0,1
1492-3,1,93,canteros,248,75,1,74,108,0,0,0,18,39,0,0,0,3,1,2,0
1492-3,1,94,canteros,248,75,1,133,114,0,0,0,18,39,0,0,0,3,1,2,0
1492-3,1,95,canteros,248,75,1,151,105,0,0,0,10,31,0,0,0,3,1,1,0
1492-3,1,96,canteros,248,75,1,69,94,0,0,0,10,26,0,0,0,3,1,2,0
1492-3,1,97,canteros,248,75,1,136,93,0,0,0,10,26,0,0,0,3,1,1,0
1492-3,1,98,canteros,248,75,1,69,82,0,0,0,10,26,0,0,0,3,1,2,0
1492-3,1,99,canteros,248,75,1,120,82,0,0,0,10,26,0,0,0,3,1,1,0
1492-3,1,100,canteros,248,75,1,69,72,0,0,0,10,26,0,0,0,3,1,2,0
1492-3,1,101,canteros,248,75,1,108,76,0,0,0,14,30,0,0,0,3,1,1,0
1492-3,1,102,canteros,248,75,1,74,70,0,0,0,14,35,0,0,0,3,1,2,0
1492-3,1,103,canteros,248,75,1,91,74,0,0,0,14,35,0,0,0,3,1,2,0
1492-3,1,104,canteros,248,75,1,78,71,0,0,0,14,35,0,0,0,3,1,2,0
1492-3,1,105,canteros,248,75,1,85,71,0,0,0,14,35,0,0,0,3,1,2,0
1492-3,1,106,canteros,248,75,1,79,69,0,0,0,14,35,0,0,0,3,1,2,0
1492-3,1,107,canteros,248,78,1,82,78,0,0,0,25,46,0,0,0,3,1,2,0
1492-3,1,108,canteros,249,80,1,79,85,0,0,0,25,46,0,0,0,3,1,2,0
1492-3,1,109,canteros,249,80,1,84,91,0,0,0,25,48,0,0,0,3,1,2,0
1492-3,1,110,canteros,249,80,1,83,97,0,0,0,25,48,0,0,0,3,1,2,0
1492-3,1,111,canteros,249,80,1,85,103,0,0,0,25,48,0,0,0,3,1,2,0
1492-3,1,112,canteros,249,80,1,84,109,0,0,0,25,48,0,0,0,3,1,2,0
1492-3,1,113,canteros,249,80,1,85,108,0,0,0,18,41,0,0,0,3,1,2,0
1492-3,1,114,canteros,249,80,1,84,107,0,0,0,18,41,0,0,0,3,1,2,0
1492-3,1,115,canteros,249,80,1,85,106,0,0,0,18,41,0,0,0,3,1,2,0
1492-3,1,116,canteros,249,80,1,83,105,0,0,0,18,41,0,0,0,3,1,2,0
1492-3,1,117,canteros,249,80,1,84,104,0,0,0,18,41,0,0,0,3,1,2,0
1492-3,1,118,canteros,249,80,1,82,103,0,0,0,18,41,0,0,0,3,1,2,0
1492-3,1,119,canteros,249,80,1,83,95,0,0,0,10,33,0,0,0,3,1,2,0
1492-3,1,120,canteros,249,80,1,80,86,0,0,0,10,27,0,0,0,3,1,2,0
1492-3,1,121,canteros,249,80,1,78,78,0,0,0,10,27,0,0,0,3,1,2,0
1492-3,1,122,canteros,249,80,1,78,70,0,0,0,10,27,0,0,0,3,1,2,0
1492-3,1,123,canteros,249,80,1,75,62,0,0,0,10,27,0,0,0,3,1,2,0
1492-3,1,124,canteros,249,80,1,75,54,0,0,0,10,27,0,0,0,3,1,2,0
1492-3,1,125,canteros,249,80,1,75,50,0,0,0,14,31,0,0,0,3,1,2,0
1492-3,1,126,canteros,249,80,1,81,46,0,0,0,14,37,0,0,0,3,1,2,0
1492-3,1,127,canteros,249,80,1,81,42,0,0,0,14,37,0,0,0,3,1,2,0
1492-3,1,128,canteros,249,80,1,84,39,0,0,0,14,37,0,0,0,3,1,2,0
1492-3,1,129,canteros,249,80,1,84,36,0,0,0,14,37,0,0,0,3,1,2,0
1492-3,1,130,canteros,249,80,1,83,34,0,0,0,14,37,0,0,0,3,1,2,0
1492-3,1,131,canteros,249,80,1,83,46,0,0,0,28,51,0,0,0,3,1,2,0
1492-3,1,132,canteros,249,80,1,84,57,0,0,0,28,51,0,0,0,3,1,2,0
1492-3,1,133,canteros,249,80,1,84,68,0,0,0,28,51,0,0,0,3,1,2,0
1492-3,1,134,canteros,249,80,1,85,78,0,0,0,28,51,0,0,0,3,1,2,0
1492-3,1,135,canteros,249,80,1,84,88,0,0,0,28,51,0,0,0,3,1,2,0
1492-3,1,136,canteros,249,80,1,85,98,0,0,0,28,51,0,0,0,3,1,2,0
1492-3,1,137,canteros,249,80,1,84,98,0,0,0,18,41,0,0,0,3,1,2,0
1492-3,1,138,canteros,249,80,1,84,98,0,0,0,18,41,0,0,0,3,1,2,0
1492-3,1,139,canteros,249,80,1,83,98,0,0,0,18,41,0,0,0,3,1,2,0
1492-3,1,140,canteros,249,80,1,83,98,0,0,0,18,41,0,0,0,3,1,2,0
1492-3,1,141,canteros,249,80,1,82,98,0,0,0,18,41,0,0,0,3,1,2,0
1492-3,1,142,canteros,249,80,1,84,98,0,0,0,18,41,0,0,0,3,1,2,0
1492-3,1,143,canteros,249,80,1,86,89,0,0,0,10,33,0,0,0,3,1,2,0
1492-3,1,144,canteros,249,80,1,79,81,0,0,0,10,27,0,0,0,3,1,2,0
1492-3,1,145,canteros,249,80,1,80,74,0,0,0,10,27,0,0,0,3,1,2,0
1492-3,1,146,canteros,249,80,1,76,66,0,0,0,10,27,0,0,0,3,1,2,0
1492-3,1,147,canteros,249,80,1,77,58,0,0,0,10,27,0,0,0,3,1,2,0
1492-3,1,148,canteros,249,80,1,76,50,0,0,0,10,27,0,0,0,3,1,2,0
1492-3,1,149,canteros,249,80,1,77,46,0,0,0,14,31,0,0,0,3,1,2,0
1492-3,1,150,canteros,249,80,1,82,42,0,0,0,14,37,0,0,0,3,1,2,0
1492-3,1,151,canteros,249,80,1,83,38,0,0,0,14,37,0,0,0,3,1,3,0
1492-3,1,152,canteros,249,80,1,85,35,0,0,0,14,37,0,0,0,3,1,2,0
1492-3,1,153,canteros,249,80,1,82,33,0,0,0,14,37,0,0,0,3,1,2,0
1492-3,1,154,canteros,249,80,1,84,31,0,0,0,14,37,0,0,0,3,1,2,0
1492-3,1,155,canteros,249,80,1,86,42,0,0,0,28,51,0,0,0,3,1,2,0
1492-3,1,156,canteros,249,80,1,85,53,0,0,0,28,51,0,0,0,3,1,2,0
1492-3,1,157,canteros,249,80,1,87,64,0,0,0,28,51,0,0,0,3,1,2,0
1492-3,1,158,canteros,249,80,1,85,75,0,0,0,28,51,0,0,0,3,1,2,0
1492-3,1,159,canteros,249,80,1,84,86,0,0,0,28,51,0,0,0,3,1,2,0
1492-3,1,160,canteros,249,80,1,85,96,0,0,0,28,51,0,0,0,3,1,2,0
1492-3,1,161,canteros,249,80,1,83,96,0,0,0,18,41,0,0,0,3,1,2,0
1492-3,1,162,canteros,249,80,1,84,96,0,0,0,18,41,0,0,0,3,1,2,0
1492-3,1,163,canteros,249,80,1,82,96,0,0,0,18,41,0,0,0,3,1,2,0
1492-3,1,164,canteros,249,80,1,85,96,0,0,0,18,41,0,0,0,3,1,2,0
1492-3,1,165,canteros,249,80,1,86,95,0,0,0,18,41,0,0,0,3,1,2,0
1492-3,1,166,canteros,249,80,1,86,95,0,0,0,18,41,0,0,0,3,1,2,0
1492-3,1,167,canteros,249,80,1,86,87,0,0,0,10,33,0,0,0,3,1,2,0
1492-3,1,168,canteros,249,80,1,80,79,0,0,0,10,27,0,0,0,3,1,2,0
1492-3,1,169,canteros,249,80,1,80,72,0,0,0,10,27,0,0,0,3,1,2,0
1492-3,1,170,canteros,249,80,1,77,64,0,0,0,10,27,0,0,0,3,1,2,0
1492-3,1,171,canteros,249,80,1,77,56,0,0,0,10,27,0,0,0,3,1,2,0
1492-3,1,172,canteros,249,80,1,77,48,0,0,0,10,27,0,0,0,3,1,2,0
1492-3,1,173,canteros,249,80,1,77,44,0,0,0,14,31,0,0,0,3,1,2,0
1492-3,1,174,canteros,249,80,1,83,44,0,0,0,18,41,0,0,0,3,1,2,0
1492-3,1,175,canteros,249,80,1,83,44,0,0,0,18,41,0,0,0,3,1,2,0
1492-3,1,176,canteros,249,80,1,82,46,0,0,0,18,41,0,0,0,3,1,2,0
1492-3,1,177,canteros,249,80,1,84,48,0,0,0,18,41,0,0,0,3,1,2,0
1492-3,1,178,canteros,249,80,1,86,49,0,0,0,18,41,0,0,0,3,1,2,0
1492-3,1,179,canteros,249,80,1,85,68,0,0,0,36,59,0,0,0,3,1,2,0
1492-3,1,180,canteros,249,80,1,86,78,0,0,0,28,51,0,0,0,3,1,2,0
1492-3,1,181,canteros,249,80,1,85,88,0,0,0,28,51,0,0,0,3,1,2,0
1492-3,1,182,canteros,249,80,1,86,98,0,0,0,28,51,0,0,0,3,1,2,0
1492-3,1,183,canteros,249,80,1,85,107,0,0,0,28,51,0,0,0,3,1,2,0
1492-3,1,184,canteros,249,80,1,85,116,0,0,0,28,51,0,0,0,3,1,2,0
1492-3,1,185,canteros,249,80,1,84,115,0,0,0,18,41,0,0,0,3,1,2,0
1492-3,1,186,canteros,249,80,1,84,114,0,0,0,18,41,0,0,0,3,1,2,0
1492-3,1,187,canteros,249,80,1,85,113,0,0,0,18,41,0,0,0,3,1,2,0
1492-3,1,188,canteros,249,80,1,85,112,0,0,0,18,41,0,0,0,3,1,2,0
1492-3,1,189,canteros,249,80,1,86,111,0,0,0,18,41,0,0,0,3,1,2,0
1492-3,1,190,canteros,249,80,1,85,110,0,0,0,18,41,0,0,0,3,1,2,0
1492-3,1,191,canteros,249,80,1,86,101,0,0,0,10,33,0,0,0,3,1,2,0
1492-3,1,192,canteros,249,80,1,79,93,0,0,0,10,27,0,0,0,3,1,2,0
1492-3,1,193,canteros,249,80,1,79,85,0,0,0,10,27,0,0,0,3,1,2,0
1492-3,1,194,canteros,249,80,1,76,76,0,0,0,10,27,0,0,0,3,1,2,0
1492-3,1,195,canteros,249,80,1,75,68,0,0,0,10,27,0,0,0,3,1,2,0
1492-3,1,196,canteros,249,80,1,76,59,0,0,0,10,27,0,0,0,3,1,2,0
1492-3,1,197,canteros,249,80,1,75,54,0,0,0,14,31,0,0,0,3,1,2,0
1492-3,1,198,canteros,249,80,1,82,50,0,0,0,14,37,0,0,0,3,1,2,0
1492-3,1,199,canteros,249,80,1,82,46,0,0,0,14,37,0,0,0,3,1,2,0
1492-3,1,200,canteros,249,80,1,86,47,0,0,0,18,41,0,0,0,3,1,2,0
1492-3,1,1,ferrones,30,36,1,29,65,0,0,0,7,15,0,0,0,0,1,4,0
1492-3,1,2,ferrones,30,36,1,28,59,0,0,0,7,10,0,0,0,0,1,1,0
1492-3,1,3,ferrones,30,36,1,27,53,0,0,0,7,10,0,0,0,0,1,0,1
1492-3,1,4,ferrones,30,36,1,26,48,0,0,0,7,10,0,0,0,0,1,0,1
1492-3,1,5,ferrones,30,37,1,25,45,0,0,0,9,12,0,1,0,0,1,0,1
1492-3,1,6,ferrones,30,37,1,7,44,0,0,0,9,19,0,0,0,0,1,0,1
1492-3,1,7,ferrones,30,37,1,9,41,0,0,0,9,19,0,0,0,0,1,0,1
1492-3,1,8,ferrones,30,38,1,11,38,0,0,0,9,19,0,1,0,0,1,0,1
1492-3,1,9,ferrones,30,39,1,21,37,0,0,0,9,27,0,0,0,0,1,1,0
1492-3,1,10,ferrones,30,39,1,31,36,0,0,0,9,27,0,0,0,0,1,0,1
1492-3,1,11,ferrones,31,40,1,41,45,0,0,0,19,37,0,0,0,0,1,0,1
1492-3,1,12,ferrones,30,37,1,33,43,0,0,0,19,39,0,0,0,0,1,1,0
1492-3,1,13,ferrones,30,38,1,43,41,0,0,0,19,37,0,0,0,0,1,3,0
1492-3,1,14,ferrones,30,39,1,53,49,0,0,0,19,37,0,0,0,0,1,0,1
1492-3,1,15,ferrones,31,40,1,63,57,0,0,0,19,37,0,0,0,0,1,0,1
1492-3,1,16,ferrones,30,37,1,55,54,0,0,0,19,39,0,0,0,0,1,1,0
1492-3,1,17,ferrones,30,38,1,65,55,0,0,0,12,30,0,0,0,0,1,0,1
1492-3,1,18,ferrones,43,39,1,75,56,0,0,0,12,30,0,0,0,1,1,0,1
1492-3,1,19,ferrones,44,40,1,70,57,0,0,0,12,30,0,0,0,1,1,5,0
1492-3,1,20,ferrones,43,37,1,58,49,0,0,0,12,32,0,0,0,1,1,3,0
1492-3,1,21,ferrones,43,38,1,74,51,0,0,0,12,30,0,0,0,1,1,2,0
1492-3,1,22,ferrones,43,39,1,99,52,0,0,0,12,30,0,0,0,1,1,4,0
1492-3,1,23,ferrones,43,39,1,98,49,0,0,0,7,24,0,0,0,1,1,4,0
1492-3,1,24,ferrones,43,39,1,107,50,0,0,0,7,21,0,0,0,1,1,4,0
1492-3,1,25,ferrones,43,39,1,96,51,0,0,0,7,21,0,0,0,1,1,4,0
1492-3,1,26,ferrones,43,39,1,106,53,0,0,0,7,21,0,0,0,1,1,4,0
1492-3,1,27,ferrones,46,39,1,94,53,0,0,0,7,21,0,0,0,1,1,4,0
1492-3,1,28,ferrones,46,39,1,104,54,0,0,0,7,21,0,0,0,1,1,6,0
1492-3,1,29,ferrones,46,39,1,99,55,0,0,0,9,23,0,0,0,1,1,4,0
1492-3,1,30,ferrones,46,39,1,104,57,0,0,0,9,26,0,0,0,1,1,4,0
1492-3,1,31,ferrones,46,39,1,99,59,0,0,0,9,26,0,0,0,1,1,4,0
1492-3,1,32,ferrones,46,39,1,105,61,0,0,0,9,26,0,0,0,1,1,4,0
1492-3,1,33,ferrones,46,39,1,135,63,0,0,0,9,26,0,0,0,1,1,3,0
1492-3,1,34,ferrones,46,39,1,86,59,0,0,0,9,26,0,1,0,1,1,4,0
1492-3,1,35,ferrones,47,40,1,109,74,0,0,0,19,36,0,0,0,1,1,4,0
1492-3,1,36,ferrones,47,42,1,98,80,0,0,0,19,38,0,0,0,1,1,2,0
1492-3,1,37,ferrones,62,44,1,86,84,0,0,0,19,38,0,0,0,2,1,2,0
1492-3,1,38,ferrones,63,46,1,84,87,0,0,0,19,38,0,1,0,2,1,2,0
1492-3,1,39,ferrones,63,48,1,80,92,0,0,4,19,42,0,0,0,2,1,2,0
1492-3,1,40,ferrones,64,50,1,78,96,0,0,7,19,41,0,0,0,2,1,2,0
1492-3,1,41,ferrones,64,50,1,80,93,0,0,10,12,36,0,0,0,2,1,2,0
1492-3,1,42,ferrones,64,50,1,78,90,0,0,13,12,36,0,0,0,2,1,2,0
1492-3,1,43,ferrones,64,50,1,80,87,0,0,16,12,36,0,0,0,2,1,3,0
1492-3,1,44,ferrones,64,50,1,101,84,0,0,19,12,35,0,0,0,2,1,3,0
1492-3,1,45,ferrones,64,50,1,97,81,0,0,22,12,35,0,0,0,2,1,2,0
1492-3,1,46,ferrones,64,50,1,88,78,0,0,17,12,35,0,0,0,2,1,4,0
1492-3,1,47,ferrones,64,50,1,110,71,0,0,20,7,32,0,0,0,2,1,2,0
1492-3,1,48,ferrones,64,50,1,81,64,0,0,15,7,27,0,0,0,2,1,4,0
1492-3,1,49,ferrones,64,50,1,131,63,0,0,17,8,28,0,0,0,2,1,4,0
1492-3,1,50,ferrones,64,50,1,96,59,0,0,19,8,28,0,0,0,2,1,3,0
1492-3,1,51,ferrones,64,50,1,134,60,0,0,21,8,28,0,0,0,2,1,4,0
1492-3,1,52,ferrones,74,50,1,96,58,0,0,11,8,24,0,0,0,2,1,4,0
1492-3,1,53,ferrones,74,50,1,136,60,0,0,12,9,29,0,0,0,2,1,4,0
1492-3,1,54,ferrones,74,50,1,100,59,0,0,9,9,30,0,0,0,2,1,3,0
1492-3,1,55,ferrones,74,50,1,146,61,0,0,6,9,30,0,0,0,2,1,4,0
1492-3,1,56,ferrones,74,50,1,105,60,0,0,3,9,30,0,0,0,2,1,3,0
1492-3,1,57,ferrones,74,50,1,155,62,0,0,4,9,34,0,0,0,2,1,4,0
1492-3,1,58,ferrones,74,50,1,109,61,0,0,1,9,29,0,0,0,2,1,3,0
1492-3,1,59,ferrones,74,52,1,163,78,0,0,2,24,48,0,0,0,2,1,3,0
1492-3,1,60,ferrones,74,54,1,90,91,0,0,2,24,44,0,0,0,2,1,3,0
1492-3,1,61,ferrones,75,56,1,174,98,0,0,3,24,48,0,0,0,2,1,2,0
1492-3,1,62,ferrones,75,58,1,82,104,0,0,4,24,48,0,0,0,2,1,3,0
1492-3,1,63,ferrones,76,60,1,184,110,0,0,4,24,47,0,0,0,2,1,2,0
1492-3,1,64,ferrones,76,60,1,89,115,0,0,4,24,49,0,0,0,2,1,3,0
1492-3,1,65,ferrones,76,60,1,192,111,0,0,4,15,40,0,0,0,2,1,2,0
1492-3,1,66,ferrones,76,60,1,99,107,0,0,4,15,40,0,0,0,2,1,3,0
1492-3,1,67,ferrones,76,60,1,191,103,0,0,4,15,40,0,0,0,2,1,2,0
1492-3,1,68,ferrones,76,60,1,99,99,0,0,4,15,40,0,0,0,2,1,3,0
1492-3,1,69,ferrones,76,60,1,195,96,0,0,4,15,40,0,0,0,2,1,2,0
1492-3,1,70,ferrones,76,60,1,106,93,0,0,4,15,40,0,0,0,2,1,3,0
1492-3,1,71,ferrones,76,60,1,194,84,0,0,4,9,34,0,0,0,2,1,2,0
1492-3,1,72,ferrones,76,60,1,101,75,0,0,4,9,28,0,0,0,2,1,3,0
1492-3,1,73,ferrones,76,60,1,193,71,0,0,4,7,26,0,0,0,2,1,3,0
1492-3,1,74,ferrones,76,60,1,98,65,0,0,4,7,26,0,0,0,2,1,3,0
1492-3,1,75,ferrones,76,60,1,192,61,0,0,4,7,26,0,0,0,2,1,3,0
1492-3,1,76,ferrones,76,60,1,94,55,0,0,4,7,26,0,0,0,2,1,3,0
1492-3,1,77,ferrones,76,60,1,192,56,0,0,4,12,31,0,0,0,2,1,3,0
1492-3,1,78,ferrones,76,60,1,104,54,0,0,4,12,37,0,0,0,2,1,3,0
1492-3,1,79,ferrones,76,60,1,200,55,0,0,4,12,37,0,0,0,2,1,3,0
1492-3,1,80,ferrones,76,60,1,115,54,0,0,4,12,37,0,0,0,2,1,3,0
1492-3,1,81,ferrones,76,60,1,199,55,0,0,1,12,34,0,0,0,2,1,3,0
1492-3,1,82,ferrones,76,60,1,114,56,0,0,1,12,34,0,0,0,2,1,3,0
1492-3,1,83,ferrones,76,60,1,198,69,0,0,0,24,48,0,0,0,2,1,3,0
1492-3,1,84,ferrones,76,60,1,111,81,0,0,0,24,46,0,0,0,2,1,3,0
1492-3,1,85,ferrones,66,60,1,198,93,0,0,2,24,48,0,0,0,2,1,3,0
1492-3,1,86,ferrones,66,60,1,111,102,0,0,0,23,45,0,0,0,2,1,3,0
1492-3,1,87,ferrones,66,60,1,192,106,0,0,0,23,47,0,0,0,2,1,2,0
1492-3,1,88,ferrones,66,60,1,104,110,0,0,0,23,47,0,0,0,2,1,3,0
1492-3,1,89,ferrones,66,60,1,191,105,0,0,0,14,38,0,0,0,2,1,2,0
1492-3,1,90,ferrones,66,60,1,99,100,0,0,0,14,38,0,0,0,2,1,3,0
1492-3,1,91,ferrones,66,60,1,195,96,0,0,0,14,38,0,0,0,2,1,2,0
1492-3,1,92,ferrones,66,60,1,106,92,0,0,0,14,38,0,0,0,2,1,3,0
1492-3,1,93,ferrones,66,60,1,194,88,0,0,0,14,38,0,0,0,2,1,2,0
1492-3,1,94,ferrones,66,60,1,107,84,0,0,0,14,38,0,0,0,2,1,3,0
1492-3,1,95,ferrones,66,60,1,199,78,0,0,0,6,30,0,0,0,2,1,3,0
1492-3,1,96,ferrones,66,60,1,107,72,0,0,0,6,24,0,0,0,2,1,3,0
1492-3,1,97,ferrones,66,60,1,193,69,0,0,0,8,26,0,0,0,2,1,3,0
1492-3,1,98,ferrones,66,60,1,101,65,0,0,1,8,25,0,0,0,2,1,3,0
1492-3,1,99,ferrones,66,60,1,192,62,0,0,0,8,25,0,0,0,2,1,3,0
1492-3,1,100,ferrones,66,60,1,96,57,0,0,1,8,25,0,0,0,2,1,3,0
1492-3,1,101,ferrones,66,60,1,192,57,0,0,0,11,28,0,0,0,2,1,3,0
1492-3,1,102,ferrones,66,60,1,99,55,0,0,1,11,34,0,0,0,2,1,3,0
1492-3,1,103,ferrones,66,60,1,200,55,0,0,0,11,34,0,0,0,2,1,3,0
1492-3,1,104,ferrones,66,60,1,110,53,0,0,0,11,33,0,0,0,2,1,3,0
1492-3,1,105,ferrones,66,60,1,199,54,0,0,1,11,34,0,0,0,2,1,3,0
1492-3,1,106,ferrones,66,60,1,112,53,0,0,0,10,32,0,0,0,2,1,3,0
1492-3,1,107,ferrones,66,60,1,198,63,0,0,0,21,44,0,0,0,2,1,3,0
1492-3,1,108,ferrones,66,60,1,112,72,0,0,0,21,43,0,0,0,2,1,3,0
1492-3,1,109,ferrones,66,60,1,198,81,0,0,0,21,44,0,0,0,2,1,3,0
1492-3,1,110,ferrones,66,60,1,112,89,0,0,0,21,43,0,0,0,2,1,3,0
1492-3,1,111,ferrones,66,60,1,200,98,0,0,0,21,44,0,0,0,2,1,3,0
1492-3,1,112,ferrones,66,60,1,116,105,0,0,0,21,43,0,0,0,2,1,3,0
1492-3,1,113,ferrones,66,60,1,192,99,0,0,0,13,36,0,0,0,2,1,2,0
1492-3,1,114,ferrones,66,60,1,104,94,0,0,0,13,36,0,0,0,2,1,3,0
1492-3,1,115,ferrones,66,60,1,191,89,0,0,0,13,36,0,0,0,2,1,2,0
1492-3,1,116,ferrones,66,60,1,104,84,0,0,0,13,36,0,0,0,2,1,3,0
1492-3,1,117,ferrones,66,60,1,199,85,0,0,0,13,36,0,0,0,2,1,3,0
1492-3,1,118,ferrones,66,60,1,114,84,0,0,0,13,36,0,0,0,2,1,3,0
1492-3,1,119,ferrones,66,60,1,199,79,0,0,0,7,30,0,0,0,2,1,3,0
1492-3,1,120,ferrones,66,60,1,107,75,0,0,0,7,24,0,0,0,2,1,3,0
1492-3,1,121,ferrones,66,60,1,192,71,0,0,0,7,24,0,0,0,2,1,3,0
1492-3,1,122,ferrones,66,60,1,100,66,0,0,0,7,24,0,0,0,2,1,3,0
1492-3,1,123,ferrones,66,60,1,191,62,0,0,0,7,24,0,0,0,2,1,3,0
1492-3,1,124,ferrones,66,60,1,96,56,0,0,0,7,23,0,0,0,2,1,3,0
1492-3,1,125,ferrones,66,60,1,194,55,0,0,0,10,26,0,0,0,2,1,3,0
1492-3,1,126,ferrones,66,60,1,101,52,0,0,0,9,30,0,0,0,2,1,3,0
1492-3,1,127,ferrones,66,60,1,199,51,0,0,1,9,31,0,0,0,2,1,3,0
1492-3,1,128,ferrones,66,60,1,110,48,0,0,1,9,30,0,0,0,2,1,2,0
1492-3,1,129,ferrones,66,60,1,163,51,0,0,2,9,31,0,0,0,2,1,4,0
1492-3,1,130,ferrones,66,60,1,117,49,0,0,2,9,30,0,0,0,2,1,2,0
1492-3,1,131,ferrones,66,60,1,145,61,0,0,2,19,40,0,0,0,2,1,3,0
1492-3,1,132,ferrones,66,60,1,98,69,0,0,2,19,40,0,0,0,2,1,3,0
1492-3,1,133,ferrones,66,60,1,157,78,0,0,3,19,41,0,0,0,2,1,3,0
1492-3,1,134,ferrones,66,60,1,88,83,0,0,3,19,40,0,0,0,2,1,2,0
1492-3,1,135,ferrones,66,60,1,141,94,0,0,4,19,41,0,0,0,2,1,4,0
1492-3,1,136,ferrones,66,60,1,102,98,0,0,4,19,40,0,0,0,2,1,2,0
1492-3,1,137,ferrones,66,60,1,114,92,0,0,5,12,34,0,0,0,2,1,2,0
1492-3,1,138,ferrones,66,60,1,87,86,0,0,6,12,34,0,0,0,2,1,3,0
1492-3,1,139,ferrones,66,60,1,116,80,0,0,7,12,34,0,0,0,2,1,3,0
1492-3,1,140,ferrones,66,60,1,87,76,0,0,8,12,34,0,0,0,2,1,3,0
1492-3,1,141,ferrones,66,60,1,94,77,0,0,9,12,34,0,0,0,2,1,4,0
1492-3,1,142,ferrones,66,60,1,104,74,0,0,10,12,34,0,0,0,2,1,3,0
1492-3,1,143,ferrones,66,60,1,91,67,0,0,11,7,29,0,0,0,2,1,3,0
1492-3,1,144,ferrones,66,60,1,86,61,0,0,12,7,23,0,0,0,2,1,4,0
1492-3,1,145,ferrones,66,60,1,99,54,0,0,13,7,23,0,0,0,2,1,3,0
1492-3,1,146,ferrones,66,60,1,80,47,0,0,14,7,23,0,0,0,2,1,3,0
1492-3,1,147,ferrones,66,60,1,81,42,0,0,15,7,23,0,0,0,2,1,4,0
1492-3,1,148,ferrones,66,60,1,95,35,0,0,16,7,23,0,0,0,2,1,3,0
1492-3,1,149,ferrones,66,60,1,79,30,0,0,16,9,24,0,0,0,2,1,3,0
1492-3,1,150,ferrones,66,60,1,92,27,0,0,16,9,30,0,0,0,2,1,4,0
1492-3,1,151,ferrones,66,60,1,101,23,0,0,17,9,31,0,0,0,2,1,4,0
1492-3,1,152,ferrones,66,60,1,90,20,0,0,17,9,30,0,0,0,2,1,3,0
1492-3,1,153,ferrones,66,60,1,92,18,0,0,17,9,30,0,0,0,2,1,4,0
1492-3,1,154,ferrones,66,60,1,105,15,0,0,19,9,32,0,0,0,2,1,3,0
1492-3,1,155,ferrones,66,60,1,89,22,0,0,21,19,42,0,0,0,2,1,3,0
1492-3,1,156,ferrones,66,60,1,95,29,0,0,13,19,40,0,0,0,2,1,5,0
1492-3,1,157,ferrones,66,60,1,103,42,0,0,14,26,50,0,0,0,2,1,3,0
1492-3,1,158,ferrones,66,60,1,92,54,0,0,13,26,48,0,0,0,2,1,4,0
1492-3,1,159,ferrones,66,60,1,110,67,0,0,14,26,50,0,0,0,2,1,3,0
1492-3,1,160,ferrones,66,60,1,89,78,0,0,15,26,50,0,0,0,2,1,4,0
1492-3,1,161,ferrones,66,60,1,127,81,0,0,14,16,38,0,0,0,2,1,3,0
1492-3,1,162,ferrones,66,60,1,86,82,0,0,13,16,38,0,0,0,2,1,3,0
1492-3,1,163,ferrones,66,60,1,146,83,0,0,14,13,37,0,0,0,2,1,3,0
1492-3,1,164,ferrones,66,60,1,87,80,0,0,13,13,35,0,0,0,2,1,3,0
1492-3,1,165,ferrones,66,60,1,166,81,0,0,12,13,35,0,0,0,2,1,3,0
1492-3,1,166,ferrones,66,60,1,88,78,0,0,11,13,35,0,0,0,2,1,3,0
1492-3,1,167,ferrones,66,60,1,185,74,0,0,12,7,31,0,0,0,2,1,3,0
1492-3,1,168,ferrones,66,60,1,84,67,0,0,11,7,23,0,0,0,2,1,3,0
1492-3,1,169,ferrones,66,60,1,193,63,0,0,10,7,23,0,0,0,2,1,3,0
1492-3,1,170,ferrones,66,60,1,91,55,0,0,9,7,23,0,0,0,2,1,3,0
1492-3,1,171,ferrones,66,60,1,192,52,0,0,10,7,25,0,0,0,2,1,3,0
1492-3,1,172,ferrones,66,60,1,94,46,0,0,9,7,23,0,0,0,2,1,3,0
1492-3,1,173,ferrones,66,60,1,192,46,0,0,8,10,26,0,0,0,2,1,3,0
1492-3,1,174,ferrones,66,60,1,103,43,0,0,7,10,32,0,0,0,2,1,3,0
1492-3,1,175,ferrones,66,60,1,197,43,0,0,8,10,34,0,0,0,2,1,3,0
1492-3,1,176,ferrones,66,60,1,111,41,0,0,7,10,32,0,0,0,2,1,3,0
1492-3,1,177,ferrones,66,60,1,200,41,0,0,8,10,34,0,0,0,2,1,3,0
1492-3,1,178,ferrones,66,60,1,114,40,0,0,7,10,32,0,0,0,2,1,3,0
1492-3,1,179,ferrones,66,60,1,199,51,0,0,8,21,45,0,0,0,2,1,3,0
1492-3,1,180,ferrones,66,60,1,113,61,0,0,7,21,43,0,0,0,2,1,3,0
1492-3,1,181,ferrones,66,60,1,198,71,0,0,8,21,45,0,0,0,2,1,3,0
1492-3,1,182,ferrones,66,60,1,113,79,0,0,7,21,43,0,0,0,2,1,3,0
1492-3,1,183,ferrones,66,60,1,198,88,0,0,8,21,45,0,0,0,2,1,3,0
1492-3,1,184,ferrones,66,60,1,115,96,0,0,7,21,43,0,0,0,2,1,3,0
1492-3,1,185,ferrones,66,60,1,200,97,0,0,8,13,37,0,0,0,2,1,2,0
1492-3,1,186,ferrones,66,60,1,112,92,0,0,7,13,35,0,0,0,2,1,3,0
1492-3,1,187,ferrones,66,60,1,191,87,0,0,8,13,37,0,0,0,2,1,2,0
1492-3,1,188,ferrones,66,60,1,103,82,0,0,9,13,37,0,0,0,2,1,3,0
1492-3,1,189,ferrones,66,60,1,199,83,0,0,10,13,37,0,0,0,2,1,3,0
1492-3,1,190,ferrones,66,60,1,113,82,0,0,11,13,37,0,0,0,2,1,3,0
1492-3,1,191,ferrones,66,60,1,199,78,0,0,12,7,31,0,0,0,2,1,3,0
1492-3,1,192,ferrones,66,60,1,110,73,0,0,13,7,25,0,0,0,2,1,3,0
1492-3,1,193,ferrones,66,60,1,192,69,0,0,14,7,25,0,0,0,2,1,3,0
1492-3,1,194,ferrones,66,60,1,99,64,0,0,13,7,23,0,0,0,2,1,3,0
1492-3,1,195,ferrones,66,60,1,191,60,0,0,14,7,25,0,0,0,2,1,3,0
1492-3,1,196,ferrones,66,60,1,95,54,0,0,13,7,23,0,0,0,2,1,3,0
1492-3,1,197,ferrones,66,60,1,194,54,0,0,14,10,28,0,0,0,2,1,3,0
1492-3,1,198,ferrones,66,60,1,107,51,0,0,13,10,32,0,0,0,2,1,3,0
1492-3,1,199,ferrones,66,60,1,199,51,0,0,12,10,32,0,0,0,2,1,3,0
1492-3,1,200,ferrones,66,60,1,113,50,0,0,11,10,32,0,0,0,2,1,3,0
1492-3,1,1,hortelanos,38,76,1,37,63,0,0,0,15,31,0,0,0,0,1,4,0
1492-3,1,2,hortelanos,37,72,1,10,32,0,0,0,15,22,0,0,0,0,1,5,0
1492-3,1,3,hortelanos,100,72,1,13,24,0,0,0,15,22,0,1,0,1,1,1,0
1492-3,1,4,hortelanos,100,72,1,1,29,0,0,0,26,33,0,0,0,1,1,2,0
1492-3,1,5,hortelanos,103,72,1,4,37,0,0,0,31,38,0,1,0,1,1,0,1
1492-3,1,6,hortelanos,103,72,1,14,51,0,0,0,36,50,0,1,0,1,1,2,0
1492-3,1,7,hortelanos,106,72,1,24,77,0,0,0,47,61,0,0,0,1,1,0,1
1492-3,1,8,hortelanos,105,68,1,14,93,0,0,0,47,61,0,0,0,1,1,3,0
1492-3,1,9,hortelanos,170,68,1,22,119,0,0,0,47,59,0,0,0,2,1,0,1
1492-3,1,10,hortelanos,170,68,1,30,130,0,0,0,47,59,0,0,0,2,1,3,0
1492-3,1,11,hortelanos,173,68,1,38,154,0,0,0,47,59,0,0,0,2,1,0,1
1492-3,1,12,hortelanos,173,68,1,46,177,0,0,0,47,59,0,0,0,2,1,4,0
1492-3,1,13,hortelanos,173,68,1,54,199,0,0,0,47,59,0,0,0,2,1,0,1
1492-3,1,14,hortelanos,173,68,1,62,220,0,0,0,47,59,0,0,0,2,1,0,1
1492-3,1,15,hortelanos,173,68,1,70,240,0,0,0,47,59,0,0,0,2,1,0,1
1492-3,1,16,hortelanos,173,68,1,78,253,0,0,0,47,59,0,0,0,2,1,3,0
1492-3,1,17,hortelanos,173,68,1,86,277,0,0,0,52,64,0,0,0,2,1,0,1
1492-3,1,18,hortelanos,176,68,1,94,296,0,0,0,52,64,0,0,0,2,1,2,0
1492-3,1,19,hortelanos,176,68,1,102,318,0,0,0,52,64,0,0,0,2,1,2,0
1492-3,1,20,hortelanos,176,68,1,110,339,0,0,0,52,64,0,0,0,2,1,0,1
1492-3,1,21,hortelanos,176,68,1,68,360,0,0,0,52,64,0,0,0,2,1,1,0
1492-3,1,22,hortelanos,176,68,1,76,380,0,0,0,52,64,0,0,0,2,1,0,1
1492-3,1,23,hortelanos,176,68,1,84,394,0,0,0,47,59,0,0,0,2,1,2,0
1492-3,1,24,hortelanos,176,68,1,86,401,0,0,0,47,53,0,0,0,2,1,3,0
1492-3,1,25,hortelanos,176,68,1,88,414,0,0,0,47,53,0,0,0,2,1,0,1
1492-3,1,26,hortelanos,179,68,1,90,427,0,0,0,47,53,0,0,0,2,1,0,1
1492-3,1,27,hortelanos,179,68,1,92,429,0,0,0,47,53,0,0,0,2,1,5,0
1492-3,1,28,hortelanos,179,68,1,94,441,0,0,0,47,53,0,0,0,2,1,0,1
1492-3,1,29,hortelanos,179,68,1,96,453,0,0,0,47,53,0,0,0,2,1,0,1
1492-3,1,30,hortelanos,179,68,1,104,464,0,0,0,47,59,0,0,0,2,1,2,0
1492-3,1,31,hortelanos,179,68,1,112,475,0,0,0,47,59,0,0,0,2,1,0,1
1492-3,1,32,hortelanos,179,68,1,70,485,0,0,0,47,59,0,0,0,2,1,1,0
1492-3,1,33,hortelanos,179,68,1,78,495,0,0,0,47,59,0,0,0,2,1,0,1
1492-3,1,34,hortelanos,179,68,1,86,496,0,0,0,47,59,0,0,0,2,1,3,0
1492-3,1,35,hortelanos,179,68,1,94,505,0,0,0,47,59,0,0,0,2,1,0,1
1492-3,1,36,hortelanos,179,68,1,102,514,0,0,0,47,59,0,0,0,2,1,0,1
1492-3,1,37,hortelanos,179,68,1,110,523,0,0,0,47,59,0,0,0,2,1,0,1
1492-3,1,38,hortelanos,179,68,1,68,531,0,0,0,47,59,0,0,0,2,1,1,0
1492-3,1,39,hortelanos,179,68,1,76,539,0,0,0,47,59,0,0,0,2,1,0,1
1492-3,1,40,hortelanos,179,68,1,84,547,0,0,0,47,59,0,0,0,2,1,0,1
1492-3,1,41,hortelanos,179,68,1,92,554,0,0,0,47,59,0,0,0,2,1,0,1
1492-3,1,42,hortelanos,179,68,1,100,561,0,0,0,47,59,0,0,0,2,1,2,0
1492-3,1,43,hortelanos,179,68,1,108,568,0,0,0,47,59,0,0,0,2,1,0,1
1492-3,1,44,hortelanos,179,68,1,116,575,0,0,0,47,59,0,0,0,2,1,0,1
1492-3,1,45,hortelanos,179,68,1,74,581,0,0,0,47,59,0,0,0,2,1,1,0
1492-3,1,46,hortelanos,179,68,1,82,581,0,0,0,47,59,0,0,0,2,1,3,0
1492-3,1,47,hortelanos,179,68,1,90,587,0,0,0,47,59,0,0,0,2,1,0,1
1492-3,1,48,hortelanos,179,68,1,92,593,0,0,0,47,53,0,0,0,2,1,2,0
1492-3,1,49,hortelanos,179,68,1,94,599,0,0,0,47,53,0,0,0,2,1,0,1
1492-3,1,50,hortelanos,179,68,1,96,604,0,0,0,47,53,0,0,0,2,1,0,1
1492-3,1,51,hortelanos,179,68,1,98,604,0,0,0,47,53,0,0,0,2,1,3,0
1492-3,1,52,hortelanos,179,68,1,100,609,0,0,0,47,53,0,0,0,2,1,0,1
1492-3,1,53,hortelanos,179,68,1,102,614,0,0,0,47,53,0,0,0,2,1,2,0
1492-3,1,54,hortelanos,179,68,1,110,619,0,0,0,47,59,0,0,0,2,1,0,1
1492-3,1,55,hortelanos,179,68,1,68,624,0,0,0,47,59,0,0,0,2,1,1,0
1492-3,1,56,hortelanos,179,68,1,76,624,0,0,0,47,59,0,0,0,2,1,2,0
1492-3,1,57,hortelanos,179,68,1,84,628,0,0,0,47,59,0,0,0,2,1,0,1
1492-3,1,58,hortelanos,179,68,1,92,632,0,0,0,47,59,0,0,0,2,1,2,0
1492-3,1,59,hortelanos,179,68,1,100,636,0,0,0,47,59,0,0,0,2,1,0,1
1492-3,1,60,hortelanos,179,68,1,108,640,0,0,0,47,59,0,0,0,2,1,0,1
1492-3,1,61,hortelanos,179,68,1,116,644,0,0,0,47,59,0,0,0,2,1,2,0
1492-3,1,62,hortelanos,179,68,1,74,648,0,0,0,47,59,0,0,0,2,1,1,0
1492-3,1,63,hortelanos,179,68,1,52,613,0,0,0,47,59,0,0,0,2,1,1,0
1492-3,1,64,hortelanos,179,68,1,60,618,0,0,0,47,59,0,0,0,2,1,2,0
1492-3,1,65,hortelanos,233,138,2,68,623,0,0,0,47,59,0,0,0,3,1,0,1
1492-3,1,66,hortelanos,233,138,2,68,611,0,0,0,47,73,0,0,0,3,1,1,0
1492-3,1,67,hortelanos,233,138,2,68,594,0,0,0,47,73,0,1,0,3,1,3,0
1492-3,1,68,hortelanos,233,138,2,83,592,0,0,0,58,84,0,1,0,3,1,1,0
1492-3,1,69,hortelanos,233,138,2,98,602,0,0,0,69,95,0,0,0,3,1,2,0
1492-3,1,70,hortelanos,233,138,2,113,612,0,0,0,69,95,0,0,0,3,1,0,1
1492-3,1,71,hortelanos,233,138,2,78,622,0,0,0,69,95,0,0,0,3,1,1,0
1492-3,1,72,hortelanos,233,138,2,87,627,0,0,0,69,89,0,0,0,3,1,2,0
1492-3,1,73,hortelanos,233,138,2,96,636,0,0,0,69,89,0,0,0,3,1,0,1
1492-3,1,74,hortelanos,233,138,2,105,645,0,0,0,69,89,0,0,0,3,1,2,0
1492-3,1,75,hortelanos,233,138,2,114,653,0,0,0,69,89,0,0,0,3,1,0,1
1492-3,1,76,hortelanos,233,138,2,73,661,0,0,0,69,89,0,0,0,3,1,1,0
1492-3,1,77,hortelanos,233,138,2,82,667,0,0,0,69,89,0,0,0,3,1,2,0
1492-3,1,78,hortelanos,233,138,2,97,674,0,0,0,69,95,0,0,0,3,1,0,1
1492-3,1,79,hortelanos,233,138,2,112,681,0,0,0,69,95,0,0,0,3,1,0,1
1492-3,1,80,hortelanos,233,138,2,77,688,0,0,0,69,95,0,0,0,3,1,1,0
1492-3,1,81,hortelanos,233,138,2,92,695,0,0,0,69,95,0,0,0,3,1,2,0
1492-3,1,82,hortelanos,233,138,2,107,701,0,0,0,69,95,0,0,0,3,1,0,1
1492-3,1,83,hortelanos,233,138,2,122,707,0,0,0,69,95,0,0,0,3,1,0,1
1492-3,1,84,hortelanos,233,138,2,87,713,0,0,0,69,95,0,0,0,3,1,3,0
1492-3,1,85,hortelanos,233,138,2,102,719,0,0,0,69,95,0,0,0,3,1,0,1
1492-3,1,86,hortelanos,233,138,2,117,724,0,0,0,69,95,0,0,0,3,1,0,1
1492-3,1,87,hortelanos,233,138,2,132,729,0,0,0,69,95,0,0,0,3,1,3,0
1492-3,1,88,hortelanos,233,138,2,97,734,0,0,0,69,95,0,0,0,3,1,0,1
1492-3,1,89,hortelanos,233,138,2,112,739,0,0,0,69,95,0,0,0,3,1,0,1
1492-3,1,90,hortelanos,233,138,2,127,740,0,0,0,69,95,0,0,0,3,1,3,0
1492-3,1,91,hortelanos,233,138,2,142,744,0,0,0,69,95,0,0,0,3,1,0,1
1492-3,1,92,hortelanos,233,138,2,107,748,0,0,0,69,95,0,0,0,3,1,2,0
1492-3,1,93,hortelanos,233,138,2,122,752,0,0,0,69,95,0,0,0,3,1,0,1
1492-3,1,94,hortelanos,233,138,2,137,756,0,0,0,69,95,0,0,0,3,1,1,0
1492-3,1,95,hortelanos,233,138,2,152,760,0,0,0,69,95,0,0,0,3,1,0,1
1492-3,1,96,hortelanos,233,138,2,111,760,0,0,0,69,89,0,0,0,3,1,2,0
1492-3,1,97,hortelanos,233,138,2,120,764,0,0,0,69,89,0,0,0,3,1,1,0
1492-3,1,98,hortelanos,233,138,2,129,768,0,0,0,69,89,0,0,0,3,1,2,0
1492-3,1,99,hortelanos,233,138,2,138,771,0,0,0,69,89,0,0,0,3,1,0,1
1492-3,1,100,hortelanos,233,138,2,97,774,0,0,0,69,89,0,0,0,3,1,0,1
1492-3,1,101,hortelanos,233,138,2,106,775,0,0,0,69,89,0,0,0,3,1,2,0
1492-3,1,102,hortelanos,233,138,2,121,778,0,0,0,69,95,0,0,0,3,1,0,1
1492-3,1,103,hortelanos,233,138,2,136,781,0,0,0,69,95,0,0,0,3,1,1,0
1492-3,1,104,hortelanos,233,138,2,101,784,0,0,0,69,95,0,0,0,3,1,0,1
1492-3,1,105,hortelanos,233,138,2,116,787,0,0,0,69,95,0,0,0,3,1,2,0
1492-3,1,106,hortelanos,233,138,2,131,790,0,0,0,69,95,0,0,0,3,1,1,0
1492-3,1,107,hortelanos,233,138,2,146,792,0,0,0,69,95,0,0,0,3,1,0,1
1492-3,1,108,hortelanos,233,138,2,111,794,0,0,0,69,95,0,0,0,3,1,2,0
1492-3,1,109,hortelanos,233,138,2,126,796,0,0,0,69,95,0,0,0,3,1,1,0
1492-3,1,110,hortelanos,233,138,2,141,798,0,0,0,69,95,0,0,0,3,1,0,1
1492-3,1,111,hortelanos,233,138,2,156,800,0,0,0,69,95,0,0,0,3,1,2,0
1492-3,1,112,hortelanos,233,138,2,121,802,0,0,0,69,95,0,0,0,3,1,0,1
1492-3,1,113,hortelanos,233,138,2,136,804,0,0,0,69,95,0,0,0,3,1,1,0
1492-3,1,114,hortelanos,233,138,2,151,802,0,0,0,69,95,0,0,0,3,1,2,0
1492-3,1,115,hortelanos,233,138,2,166,804,0,0,0,69,95,0,0,0,3,1,0,1
1492-3,1,116,hortelanos,233,138,2,131,806,0,0,0,69,95,0,0,0,3,1,2,0
1492-3,1,117,hortelanos,233,138,2,116,769,0,0,0,69,95,0,0,0,3,1,1,0
1492-3,1,118,hortelanos,233,138,2,131,772,0,0,0,69,95,0,0,0,3,1,1,0
1492-3,1,119,hortelanos,294,190,3,146,775,0,0,0,69,95,0,0,0,4,1,0,1
1492-3,1,120,hortelanos,294,192,3,143,762,0,0,0,69,99,0,0,0,4,1,4,0
1492-3,1,121,hortelanos,294,194,3,105,765,0,0,0,84,114,0,0,0,4,1,2,0
1492-3,1,122,hortelanos,295,196,3,87,729,0,0,0,84,114,0,1,0,4,1,3,0
1492-3,1,123,hortelanos,295,198,3,99,746,0,0,0,97,127,0,0,0,4,1,0,1
1492-3,1,124,hortelanos,328,263,4,113,763,0,0,0,97,129,0,0,0,4,1,0,1
1492-3,1,125,hortelanos,328,263,4,82,762,0,0,0,97,141,0,0,0,4,1,4,0
1492-3,1,126,hortelanos,328,263,4,107,763,0,0,0,97,147,0,0,0,4,1,0,1
1492-3,1,127,hortelanos,328,263,4,132,764,0,0,0,97,147,0,0,0,4,1,0,1
1492-3,1,128,hortelanos,328,263,4,157,765,0,0,0,97,147,0,0,0,4,1,1,0
1492-3,1,129,hortelanos,328,263,4,132,766,0,0,0,97,147,0,0,0,4,1,2,0
1492-3,1,130,hortelanos,328,263,4,157,767,0,0,0,97,147,0,0,0,4,1,1,0
1492-3,1,131,hortelanos,328,263,4,182,768,0,0,0,97,147,0,0,0,4,1,0,1
1492-3,1,132,hortelanos,328,263,4,207,768,0,0,0,97,147,0,0,0,4,1,0,1
1492-3,1,133,hortelanos,328,263,4,182,768,0,0,0,97,147,0,0,0,4,1,0,1
1492-3,1,134,hortelanos,328,263,4,207,768,0,0,0,97,147,0,0,0,4,1,0,1
1492-3,1,135,hortelanos,328,263,4,232,768,0,0,0,97,147,0,0,0,4,1,0,1
1492-3,1,136,hortelanos,328,263,4,257,768,0,0,0,97,147,0,0,0,4,1,0,1
1492-3,1,137,hortelanos,328,263,4,282,775,0,0,0,104,154,0,0,0,4,1,0,1
1492-3,1,138,hortelanos,328,263,4,257,778,0,0,0,104,154,0,0,0,4,1,3,0
1492-3,1,139,hortelanos,328,263,4,282,785,0,0,0,104,154,0,0,0,4,1,1,0
1492-3,1,140,hortelanos,328,263,4,307,792,0,0,0,104,154,0,0,0,4,1,2,0
1492-3,1,141,hortelanos,328,263,4,332,798,0,0,0,104,154,0,0,0,4,1,1,0
1492-3,1,142,hortelanos,328,263,4,301,804,0,0,0,104,146,0,0,0,4,1,0,1
1492-3,1,143,hortelanos,328,263,4,320,803,0,0,0,97,139,0,0,0,4,1,1,0
1492-3,1,144,hortelanos,328,263,4,333,798,0,0,0,97,133,0,0,0,4,1,2,0
1492-3,1,145,hortelanos,328,263,4,346,797,0,0,0,97,133,0,0,0,4,1,0,1
1492-3,1,146,hortelanos,328,263,4,309,796,0,0,0,97,133,0,0,0,4,1,2,0
1492-3,1,147,hortelanos,328,263,4,322,795,0,0,0,97,133,0,0,0,4,1,1,0
1492-3,1,148,hortelanos,328,263,4,335,794,0,0,0,97,133,0,0,0,4,1,0,1
1492-3,1,149,hortelanos,328,263,4,348,791,0,0,0,97,133,0,0,0,4,1,2,0
1492-3,1,150,hortelanos,328,263,4,287,752,0,0,0,97,139,0,0,0,4,1,2,0
1492-3,1,151,hortelanos,328,263,4,310,753,0,0,0,97,143,0,0,0,4,1,2,0
1492-3,1,152,hortelanos,360,323,5,333,772,0,0,0,116,162,0,0,0,4,1,0,1
1492-3,1,153,hortelanos,360,323,5,331,734,0,0,0,116,174,0,0,0,4,1,4,0
1492-3,1,154,hortelanos,360,323,5,309,740,0,0,0,116,174,0,0,0,4,1,1,0
1492-3,1,155,hortelanos,389,365,6,337,745,0,0,0,116,174,0,0,0,4,1,1,0
1492-3,1,156,hortelanos,389,367,6,364,740,0,0,0,116,182,0,0,0,4,1,1,0
1492-3,1,157,hortelanos,389,369,6,391,735,0,0,0,116,182,0,0,0,4,1,0,1
1492-3,1,158,hortelanos,390,371,6,418,729,0,0,0,116,182,0,0,0,4,1,0,1
1492-3,1,159,hortelanos,390,373,6,445,723,0,0,0,116,182,0,0,0,4,1,0,1
1492-3,1,160,hortelanos,391,375,6,474,717,0,0,0,116,184,0,0,0,4,1,0,1
1492-3,1,161,hortelanos,391,377,6,503,720,0,0,0,126,194,0,0,0,4,1,0,1
1492-3,1,162,hortelanos,391,379,6,482,718,0,0,0,126,194,0,0,0,4,1,3,0
1492-3,1,163,hortelanos,392,381,6,511,720,0,0,0,126,194,0,0,0,4,1,1,0
1492-3,1,164,hortelanos,392,383,6,540,721,0,0,0,126,194,0,0,0,4,1,0,1
1492-3,1,165,hortelanos,392,383,6,571,720,0,0,0,126,196,0,0,0,4,1,0,1
1492-3,1,166,hortelanos,392,383,6,552,721,0,0,0,126,196,0,0,0,4,1,0,1
1492-3,1,167,hortelanos,392,383,6,583,713,0,0,0,116,186,0,0,0,4,1,1,0
1492-3,1,168,hortelanos,392,383,6,608,701,0,0,0,116,180,0,0,0,4,1,0,1
1492-3,1,169,hortelanos,392,383,6,633,694,0,0,0,116,180,0,0,0,4,1,0,1
1492-3,1,170,hortelanos,392,383,6,608,687,0,0,0,116,180,0,0,0,4,1,3,0
1492-3,1,171,hortelanos,392,383,6,627,680,0,0,0,116,172,0,0,0,4,1,1,0
1492-3,1,172,hortelanos,392,383,6,646,669,0,0,0,116,172,0,0,0,4,1,0,1
1492-3,1,173,hortelanos,392,383,6,665,663,0,0,0,116,172,0,0,0,4,1,0,1
1492-3,1,174,hortelanos,392,383,6,640,653,0,0,0,116,178,0,0,0,4,1,2,0
1492-3,1,175,hortelanos,392,383,6,665,644,0,0,0,116,178,0,0,0,4,1,1,0
1492-3,1,176,hortelanos,392,383,6,690,639,0,0,0,116,178,0,0,0,4,1,0,1
1492-3,1,177,hortelanos,392,383,6,715,634,0,0,0,116,178,0,0,0,4,1,2,0
1492-3,1,178,hortelanos,392,383,6,690,629,0,0,0,116,178,0,0,0,4,1,1,0
1492-3,1,179,hortelanos,392,383,6,709,624,0,0,0,116,170,0,0,0,4,1,2,0
1492-3,1,180,hortelanos,392,383,6,732,620,0,0,0,116,174,0,0,0,4,1,0,1
1492-3,1,181,hortelanos,392,383,6,755,616,0,0,0,116,174,0,0,0,4,1,0,1
1492-3,1,182,hortelanos,392,383,6,728,612,0,0,0,116,174,0,0,0,4,1,0,1
1492-3,1,183,hortelanos,392,383,6,751,608,0,0,0,116,174,0,0,0,4,1,0,1
1492-3,1,184,hortelanos,392,383,6,774,604,0,0,0,116,174,0,0,0,4,1,0,1
1492-3,1,185,hortelanos,392,383,6,797,600,0,0,0,116,174,0,0,0,4,1,0,1
1492-3,1,186,hortelanos,392,383,6,770,593,0,0,0,116,174,0,0,0,4,1,3,0
1492-3,1,187,hortelanos,392,383,6,793,586,0,0,0,116,174,0,0,0,4,1,2,0
1492-3,1,188,hortelanos,392,383,6,820,583,0,0,0,116,178,0,0,0,4,1,0,1
1492-3,1,189,hortelanos,392,383,6,847,580,0,0,0,116,178,0,0,0,4,1,2,0
1492-3,1,190,hortelanos,392,383,6,824,577,0,0,0,116,178,0,0,0,4,1,0,1
1492-3,1,191,hortelanos,392,383,6,851,571,0,0,0,116,178,0,0,0,4,1,1,0
1492-3,1,192,hortelanos,392,383,6,872,569,0,0,0,116,172,0,0,0,4,1,0,1
1492-3,1,193,hortelanos,392,383,6,893,563,0,0,0,116,172,0,0,0,4,1,2,0
1492-3,1,194,hortelanos,392,383,6,864,557,0,0,0,116,172,0,0,0,4,1,0,1
1492-3,1,195,hortelanos,392,383,6,885,555,0,0,0,116,172,0,0,0,4,1,1,0
1492-3,1,196,hortelanos,392,383,6,906,553,0,0,0,116,172,0,0,0,4,1,2,0
1492-3,1,197,hortelanos,392,383,6,927,552,0,0,0,116,172,0,0,0,4,1,0,1
1492-3,1,198,hortelanos,392,383,6,904,551,0,0,0,116,178,0,0,0,4,1,0,1
1492-3,1,199,hortelanos,392,383,6,931,550,0,0,0,116,178,0,0,0,4,1,1,0
1492-3,1,200,hortelanos,392,383,6,958,549,0,0,0,116,178,0,0,0,4,1,0,1
1492-3,1,1,mercaderes,40,86,1,34,57,0,0,0,11,29,0,0,0,0,1,4,0
1492-3,1,2,mercaderes,40,86,1,38,44,0,0,0,11,19,0,0,0,0,1,1,0
1492-3,1,3,mercaderes,40,86,1,42,31,0,0,0,11,19,0,0,0,0,1,0,1
1492-3,1,4,mercaderes,40,86,1,46,19,0,0,0,11,19,0,0,0,0,1,0,1
1492-3,1,5,mercaderes,40,86,1,50,11,0,0,0,15,23,0,1,0,0,1,0,1
1492-3,1,6,mercaderes,40,86,1,70,5,0,0,0,15,39,0,0,0,0,1,1,0
1492-3,1,7,mercaderes,39,86,1,80,0,0,0,0,15,39,1,0,0,0,1,2,0
1492-3,1,8,mercaderes,38,86,1,86,1,0,0,0,15,39,1,0,0,0,1,3,0
1492-3,1,9,mercaderes,36,84,1,86,2,0,0,0,15,39,1,0,0,0,1,3,0
1492-3,1,10,mercaderes,35,82,1,92,2,0,0,0,15,39,1,0,0,0,1,3,0
1492-3,1,11,mercaderes,35,82,1,92,14,0,0,0,30,54,0,0,0,0,1,3,0
1492-3,1,12,mercaderes,35,82,1,95,27,0,0,0,30,54,0,0,0,0,1,3,0
1492-3,1,13,mercaderes,35,82,1,85,39,0,0,0,30,54,0,0,0,0,1,3,0
1492-3,1,14,mercaderes,35,82,1,98,49,0,0,0,30,54,0,1,0,0,1,3,0
1492-3,1,15,mercaderes,35,82,1,91,59,0,0,0,30,57,0,0,0,0,1,3,0
1492-3,1,16,mercaderes,34,78,1,72,61,0,0,0,30,57,0,0,0,0,1,4,0
1492-3,1,17,mercaderes,33,74,1,72,37,0,0,0,18,43,0,0,0,0,1,6,0
1492-3,1,18,mercaderes,46,74,1,86,37,0,0,0,18,43,0,0,0,1,1,2,0
1492-3,1,19,mercaderes,46,74,1,86,37,0,0,0,18,43,0,0,0,1,1,5,0
1492-3,1,20,mercaderes,49,74,1,90,38,0,0,0,18,43,0,0,0,1,1,3,0
1492-3,1,21,mercaderes,49,74,1,90,39,0,0,0,18,43,0,0,0,1,1,5,0
1492-3,1,22,mercaderes,49,74,1,91,41,0,0,0,18,43,0,0,0,1,1,3,0
1492-3,1,23,mercaderes,49,74,1,91,36,0,0,0,11,36,0,0,0,1,1,3,0
1492-3,1,24,mercaderes,49,74,1,85,31,0,0,0,11,29,0,0,0,1,1,3,0
1492-3,1,25,mercaderes,49,74,1,85,27,0,0,0,11,29,0,0,0,1,1,3,0
1492-3,1,26,mercaderes,49,74,1,82,22,0,0,0,11,29,0,0,0,1,1,3,0
1492-3,1,27,mercaderes,52,74,1,82,17,0,0,0,11,29,0,0,0,1,1,3,0
1492-3,1,28,mercaderes,52,74,1,79,12,0,0,0,11,29,0,0,0,1,1,5,0
1492-3,1,29,mercaderes,52,74,1,79,11,0,0,0,15,33,0,0,0,1,1,3,0
1492-3,1,30,mercaderes,52,74,1,83,10,0,0,0,15,40,0,0,0,1,1,3,0
1492-3,1,31,mercaderes,52,74,1,83,9,0,0,0,15,40,0,0,0,1,1,3,0
1492-3,1,32,mercaderes,52,74,1,87,8,0,0,0,15,40,0,0,0,1,1,3,0
1492-3,1,33,mercaderes,52,74,1,87,7,0,0,0,15,40,0,0,0,1,1,3,0
1492-3,1,34,mercaderes,52,74,1,91,6,0,0,0,15,40,0,0,0,1,1,3,0
1492-3,1,35,mercaderes,52,74,1,91,20,0,0,0,30,55,0,0,0,1,1,3,0
1492-3,1,36,mercaderes,52,74,1,92,34,0,0,0,30,55,0,0,0,1,1,3,0
1492-3,1,37,mercaderes,52,74,1,92,48,0,0,0,30,55,0,0,0,1,1,3,0
1492-3,1,38,mercaderes,52,70,1,73,48,0,0,0,30,55,0,0,0,1,1,7,0
1492-3,1,39,mercaderes,51,66,1,74,52,0,0,0,30,55,0,0,0,1,1,3,0
1492-3,1,40,mercaderes,54,66,1,86,65,0,0,0,30,53,0,0,0,1,1,2,0
1492-3,1,41,mercaderes,54,66,1,87,66,0,0,0,18,41,0,0,0,1,1,5,0
1492-3,1,42,mercaderes,69,66,1,89,68,0,0,0,18,41,0,0,0,2,1,3,0
1492-3,1,43,mercaderes,69,66,1,90,70,0,0,0,18,41,0,0,0,2,1,3,0
1492-3,1,44,mercaderes,69,66,1,89,73,0,0,0,18,41,0,0,0,2,1,3,0
1492-3,1,45,mercaderes,69,66,1,89,75,0,0,0,18,41,0,0,0,2,1,3,0
1492-3,1,46,mercaderes,69,66,1,88,77,0,0,0,18,41,0,0,0,2,1,3,0
1492-3,1,47,mercaderes,69,66,1,88,73,0,0,0,11,34,0,0,0,2,1,3,0
1492-3,1,48,mercaderes,69,66,1,81,69,0,0,0,11,28,0,0,0,2,1,3,0
1492-3,1,49,mercaderes,69,66,1,81,65,0,0,0,11,28,0,0,0,2,1,3,0
1492-3,1,50,mercaderes,69,66,1,77,60,0,0,0,11,28,0,0,0,2,1,3,0
1492-3,1,51,mercaderes,69,66,1,77,55,0,0,0,11,28,0,0,0,2,1,2,0
1492-3,1,52,mercaderes,69,66,1,83,49,0,0,0,11,28,0,0,0,2,1,2,0
1492-3,1,53,mercaderes,69,66,1,83,48,0,0,0,15,32,0,0,0,2,1,3,0
1492-3,1,54,mercaderes,69,66,1,85,48,0,0,0,15,38,0,0,0,2,1,3,0
1492-3,1,55,mercaderes,69,66,1,85,48,0,0,0,15,38,0,0,0,2,1,3,0
1492-3,1,56,mercaderes,69,66,1,87,48,0,0,0,15,38,0,0,0,2,1,3,0
1492-3,1,57,mercaderes,69,66,1,87,48,0,0,0,15,38,0,0,0,2,1,3,0
1492-3,1,58,mercaderes,69,66,1,89,48,0,0,0,15,38,0,0,0,2,1,3,0
1492-3,1,59,mercaderes,69,66,1,89,62,0,0,0,30,53,0,0,0,2,1,3,0
1492-3,1,60,mercaderes,69,66,1,88,76,0,0,0,30,53,0,0,0,2,1,3,0
1492-3,1,61,mercaderes,69,66,1,88,90,0,0,0,30,53,0,0,0,2,1,3,0
1492-3,1,62,mercaderes,69,66,1,87,103,0,0,0,30,53,0,0,0,2,1,3,0
1492-3,1,63,mercaderes,69,66,1,87,116,0,0,0,30,53,0,0,0,2,1,2,0
1492-3,1,64,mercaderes,69,66,1,84,125,0,0,0,30,53,0,0,0,2,1,2,0
1492-3,1,65,mercaderes,69,66,1,84,122,0,0,0,18,41,0,0,0,2,1,2,0
1492-3,1,66,mercaderes,69,66,1,87,120,0,0,0,18,41,0,0,0,2,1,2,0
1492-3,1,67,mercaderes,69,66,1,87,118,0,0,0,18,41,0,0,0,2,1,2,0
1492-3,1,68,mercaderes,69,66,1,84,116,0,0,0,18,41,0,0,0,2,1,2,0
1492-3,1,69,mercaderes,69,66,1,84,114,0,0,0,18,41,0,0,0,2,1,2,0
1492-3,1,70,mercaderes,69,66,1,87,112,0,0,0,18,41,0,0,0,2,1,2,0
1492-3,1,71,mercaderes,69,66,1,87,103,0,0,0,11,34,0,0,0,2,1,2,0
1492-3,1,72,mercaderes,69,66,1,78,95,0,0,0,11,28,0,0,0,2,1,2,0
1492-3,1,73,mercaderes,69,66,1,77,87,0,0,0,11,28,0,0,0,2,1,3,0
1492-3,1,74,mercaderes,69,66,1,74,81,0,0,0,11,28,0,0,0,2,1,2,0
1492-3,1,75,mercaderes,69,66,1,83,74,0,0,0,11,28,0,0,0,2,1,2,0
1492-3,1,76,mercaderes,69,66,1,80,68,0,0,0,11,28,0,0,0,2,1,3,0
1492-3,1,77,mercaderes,69,66,1,79,67,0,0,0,15,32,0,0,0,2,1,3,0
1492-3,1,78,mercaderes,69,66,1,82,66,0,0,0,15,38,0,0,0,2,1,3,0
1492-3,1,79,mercaderes,69,66,1,81,65,0,0,0,15,38,0,0,0,2,1,3,0
1492-3,1,80,mercaderes,69,66,1,84,64,0,0,0,15,38,0,0,0,2,1,3,0
1492-3,1,81,mercaderes,69,66,1,83,63,0,0,0,15,38,0,0,0,2,1,3,0
1492-3,1,82,mercaderes,69,66,1,86,62,0,0,0,15,38,0,0,0,2,1,3,0
1492-3,1,83,mercaderes,69,66,1,85,75,0,0,0,30,53,0,0,0,2,1,3,0
1492-3,1,84,mercaderes,69,66,1,88,88,0,0,0,30,53,0,0,0,2,1,3,0
1492-3,1,85,mercaderes,69,66,1,87,100,0,0,0,30,53,0,0,0,2,1,3,0
1492-3,1,86,mercaderes,69,66,1,87,113,0,0,0,30,53,0,0,0,2,1,3,0
1492-3,1,87,mercaderes,69,66,1,89,124,0,0,0,30,53,0,0,0,2,1,2,0
1492-3,1,88,mercaderes,69,66,1,84,133,0,0,0,30,53,0,0,0,2,1,2,0
1492-3,1,89,mercaderes,69,66,1,86,130,0,0,0,18,41,0,0,0,2,1,2,0
1492-3,1,90,mercaderes,69,66,1,87,127,0,0,0,18,41,0,0,0,2,1,2,0
1492-3,1,91,mercaderes,69,66,1,89,124,0,0,0,18,41,0,0,0,2,1,2,0
1492-3,1,92,mercaderes,69,66,1,84,121,0,0,0,18,41,0,0,0,2,1,2,0
1492-3,1,93,mercaderes,69,66,1,86,119,0,0,0,18,41,0,0,0,2,1,2,0
1492-3,1,94,mercaderes,69,66,1,87,117,0,0,0,18,41,0,0,0,2,1,2,0
1492-3,1,95,mercaderes,69,66,1,89,108,0,0,0,11,34,0,0,0,2,1,2,0
1492-3,1,96,mercaderes,69,66,1,77,99,0,0,0,11,28,0,0,0,2,1,2,0
1492-3,1,97,mercaderes,69,66,1,79,91,0,0,0,11,28,0,0,0,2,1,2,0
1492-3,1,98,mercaderes,69,66,1,83,84,0,0,0,11,28,0,0,0,2,1,3,0
1492-3,1,99,mercaderes,69,66,1,75,78,0,0,0,11,28,0,0,0,2,1,3,0
1492-3,1,100,mercaderes,69,66,1,79,73,0,0,0,11,28,0,0,0,2,1,2,0
1492-3,1,101,mercaderes,69,66,1,81,71,0,0,0,15,32,0,0,0,2,1,3,0
1492-3,1,102,mercaderes,69,66,1,81,70,0,0,0,15,38,0,0,0,2,1,3,0
1492-3,1,103,mercaderes,69,66,1,83,69,0,0,0,15,38,0,0,0,2,1,3,0
1492-3,1,104,mercaderes,69,66,1,83,68,0,0,0,15,38,0,0,0,2,1,3,0
1492-3,1,105,mercaderes,69,66,1,85,67,0,0,0,15,38,0,0,0,2,1,3,0
1492-3,1,106,mercaderes,69,66,1,85,66,0,0,0,15,38,0,0,0,2,1,3,0
1492-3,1,107,mercaderes,69,66,1,87,79,0,0,0,30,53,0,0,0,2,1,3,0
1492-3,1,108,mercaderes,69,66,1,87,92,0,0,0,30,53,0,0,0,2,1,3,0
1492-3,1,109,mercaderes,69,66,1,89,104,0,0,0,30,53,0,0,0,2,1,3,0
1492-3,1,110,mercaderes,69,66,1,89,116,0,0,0,30,53,0,0,0,2,1,2,0
1492-3,1,111,mercaderes,69,66,1,86,125,0,0,0,30,53,0,0,0,2,1,2,0
1492-3,1,112,mercaderes,69,66,1,86,134,0,0,0,30,53,0,0,0,2,1,2,0
1492-3,1,113,mercaderes,69,66,1,89,131,0,0,0,18,41,0,0,0,2,1,2,0
1492-3,1,114,mercaderes,69,66,1,89,128,0,0,0,18,41,0,0,0,2,1,2,0
1492-3,1,115,mercaderes,69,66,1,86,125,0,0,0,18,41,0,0,0,2,1,2,0
1492-3,1,116,mercaderes,69,66,1,86,122,0,0,0,18,41,0,0,0,2,1,2,0
1492-3,1,117,mercaderes,69,66,1,89,120,0,0,0,18,41,0,0,0,2,1,2,0
1492-3,1,118,mercaderes,69,66,1,89,118,0,0,0,18,41,0,0,0,2,1,2,0
1492-3,1,119,mercaderes,69,66,1,85,109,0,0,0,11,34,0,0,0,2,1,2,0
1492-3,1,120,mercaderes,69,66,1,79,100,0,0,0,11,28,0,0,0,2,1,2,0
1492-3,1,121,mercaderes,69,66,1,82,92,0,0,0,11,28,0,0,0,2,1,3,0
1492-3,1,122,mercaderes,69,66,1,75,86,0,0,0,11,28,0,0,0,2,1,3,0
1492-3,1,123,mercaderes,69,66,1,78,80,0,0,0,11,28,0,0,0,2,1,2,0
1492-3,1,124,mercaderes,69,66,1,81,73,0,0,0,11,28,0,0,0,2,1,3,0
1492-3,1,125,mercaderes,69,66,1,74,70,0,0,0,13,30,0,0,0,2,1,3,0
1492-3,1,126,mercaderes,69,66,1,83,67,0,0,0,13,36,0,0,0,2,1,2,0
1492-3,1,127,mercaderes,69,66,1,86,63,0,0,0,13,36,0,0,0,2,1,3,0
1492-3,1,128,mercaderes,69,66,1,85,60,0,0,0,13,36,0,0,0,2,1,3,0
1492-3,1,129,mercaderes,69,66,1,88,57,0,0,0,13,36,0,0,0,2,1,3,0
1492-3,1,130,mercaderes,69,66,1,87,54,0,0,0,13,36,0,0,0,2,1,3,0
1492-3,1,131,mercaderes,69,66,1,87,69,0,0,0,30,53,0,0,0,2,1,3,0
1492-3,1,132,mercaderes,69,66,1,89,82,0,0,0,30,53,0,0,0,2,1,3,0
1492-3,1,133,mercaderes,69,66,1,89,95,0,0,0,30,53,0,0,0,2,1,3,0
1492-3,1,134,mercaderes,69,66,1,88,108,0,0,0,30,53,0,0,0,2,1,3,0
1492-3,1,135,mercaderes,69,66,1,88,121,0,0,0,30,53,0,0,0,2,1,2,0
1492-3,1,136,mercaderes,69,66,1,85,130,0,0,0,30,53,0,0,0,2,1,2,0
1492-3,1,137,mercaderes,69,66,1,85,127,0,0,0,18,41,0,0,0,2,1,2,0
1492-3,1,138,mercaderes,69,66,1,88,124,0,0,0,18,41,0,0,0,2,1,2,0
1492-3,1,139,mercaderes,69,66,1,88,121,0,0,0,18,41,0,0,0,2,1,2,0
1492-3,1,140,mercaderes,69,66,1,85,119,0,0,0,18,41,0,0,0,2,1,2,0
1492-3,1,141,mercaderes,69,66,1,85,117,0,0,0,18,41,0,0,0,2,1,2,0
1492-3,1,142,mercaderes,69,66,1,88,115,0,0,0,18,41,0,0,0,2,1,2,0
1492-3,1,143,mercaderes,69,66,1,88,106,0,0,0,11,34,0,0,0,2,1,2,0
1492-3,1,144,mercaderes,69,66,1,78,97,0,0,0,11,28,0,0,0,2,1,2,0
1492-3,1,145,mercaderes,69,66,1,78,89,0,0,0,11,28,0,0,0,2,1,3,0
1492-3,1,146,mercaderes,69,66,1,74,83,0,0,0,11,28,0,0,0,2,1,3,0
1492-3,1,147,mercaderes,69,66,1,74,77,0,0,0,11,28,0,0,0,2,1,2,0
1492-3,1,148,mercaderes,69,66,1,80,71,0,0,0,11,28,0,0,0,2,1,2,0
1492-3,1,149,mercaderes,69,66,1,80,69,0,0,0,15,32,0,0,0,2,1,3,0
1492-3,1,150,mercaderes,69,66,1,82,68,0,0,0,15,38,0,0,0,2,1,3,0
1492-3,1,151,mercaderes,69,66,1,82,67,0,0,0,15,38,0,0,0,2,1,4,0
1492-3,1,152,mercaderes,69,66,1,89,66,0,0,0,15,43,0,0,0,2,1,3,0
1492-3,1,153,mercaderes,69,66,1,89,65,0,0,0,15,43,0,0,0,2,1,3,0
1492-3,1,154,mercaderes,69,66,1,93,65,0,0,0,15,43,0,0,0,2,1,3,0
1492-3,1,155,mercaderes,69,66,1,93,79,0,0,0,30,58,0,0,0,2,1,3,0
1492-3,1,156,mercaderes,69,66,1,97,93,0,0,0,30,58,0,0,0,2,1,3,0
1492-3,1,157,mercaderes,69,66,1,97,106,0,0,0,30,58,0,0,0,2,1,3,0
1492-3,1,158,mercaderes,69,66,1,91,120,0,0,0,30,58,0,0,0,2,1,2,0
1492-3,1,159,mercaderes,69,66,1,92,129,0,0,0,30,58,0,0,0,2,1,2,0
1492-3,1,160,mercaderes,69,66,1,93,138,0,0,0,30,58,0,0,0,2,1,2,0
1492-3,1,161,mercaderes,69,66,1,94,140,0,0,0,23,51,0,0,0,2,1,2,0
1492-3,1,162,mercaderes,69,66,1,95,142,0,0,0,23,51,0,0,0,2,1,2,0
1492-3,1,163,mercaderes,69,66,1,95,144,0,0,0,23,51,0,0,0,2,1,2,0
1492-3,1,164,mercaderes,69,66,1,96,145,0,0,0,23,51,0,0,0,2,1,2,0
1492-3,1,165,mercaderes,69,66,1,96,146,0,0,0,23,51,0,0,0,2,1,2,0
1492-3,1,166,mercaderes,69,66,1,91,147,0,0,0,23,51,0,0,0,2,1,2,0
1492-3,1,167,mercaderes,69,66,1,91,137,0,0,0,11,39,0,0,0,2,1,2,0
1492-3,1,168,mercaderes,69,66,1,84,127,0,0,0,11,31,0,0,0,2,1,2,0
1492-3,1,169,mercaderes,69,66,1,84,118,0,0,0,11,31,0,0,0,2,1,2,0
1492-3,1,170,mercaderes,69,66,1,84,109,0,0,0,11,31,0,0,0,2,1,2,0
1492-3,1,171,mercaderes,69,66,1,84,100,0,0,0,11,31,0,0,0,2,1,2,0
1492-3,1,172,mercaderes,69,66,1,84,92,0,0,0,11,31,0,0,0,2,1,3,0
1492-3,1,173,mercaderes,69,66,1,83,94,0,0,0,19,39,0,0,0,2,1,3,0
1492-3,1,174,mercaderes,69,66,1,91,96,0,0,0,19,47,0,0,0,2,1,3,0
1492-3,1,175,mercaderes,69,66,1,90,98,0,0,0,19,47,0,0,0,2,1,3,0
1492-3,1,176,mercaderes,69,66,1,95,100,0,0,0,19,47,0,0,0,2,1,3,0
1492-3,1,177,mercaderes,69,66,1,94,102,0,0,0,19,47,0,0,0,2,1,3,0
1492-3,1,178,mercaderes,69,66,1,99,104,0,0,0,19,47,0,0,0,2,1,2,0
1492-3,1,179,mercaderes,69,66,1,96,114,0,0,0,30,58,0,0,0,2,1,2,0
1492-3,1,180,mercaderes,69,66,1,94,123,0,0,0,30,58,0,0,0,2,1,2,0
1492-3,1,181,mercaderes,69,66,1,45,132,0,0,0,30,58,0,0,0,2,1,2,0
1492-3,1,182,mercaderes,69,66,1,66,139,0,0,0,30,58,0,0,0,2,1,0,1
1492-3,1,183,mercaderes,69,66,1,87,145,0,0,0,30,58,0,0,0,2,1,0,1
1492-3,1,184,mercaderes,69,66,1,81,151,0,0,0,30,58,0,0,0,2,1,2,0
1492-3,1,185,mercaderes,69,66,1,89,145,0,0,0,18,46,0,0,0,2,1,2,0
1492-3,1,186,mercaderes,69,66,1,89,140,0,0,0,18,46,0,0,0,2,1,2,0
1492-3,1,187,mercaderes,69,66,1,87,135,0,0,0,18,46,0,0,0,2,1,2,0
1492-3,1,188,mercaderes,69,66,1,90,130,0,0,0,18,46,0,0,0,2,1,2,0
1492-3,1,189,mercaderes,69,66,1,88,125,0,0,0,18,46,0,0,0,2,1,2,0
1492-3,1,190,mercaderes,69,66,1,91,120,0,0,0,18,46,0,0,0,2,1,2,0
1492-3,1,191,mercaderes,69,66,1,87,109,0,0,0,11,39,0,0,0,2,1,2,0
1492-3,1,192,mercaderes,69,66,1,82,98,0,0,0,11,31,0,0,0,2,1,3,0
1492-3,1,193,mercaderes,69,66,1,86,90,0,0,0,11,31,0,0,0,2,1,3,0
1492-3,1,194,mercaderes,69,66,1,81,82,0,0,0,11,31,0,0,0,2,1,3,0
1492-3,1,195,mercaderes,69,66,1,85,74,0,0,0,11,31,0,0,0,2,1,3,0
1492-3,1,196,mercaderes,69,66,1,77,67,0,0,0,11,31,0,0,0,2,1,3,0
1492-3,1,197,mercaderes,69,66,1,84,64,0,0,0,15,35,0,0,0,2,1,2,0
1492-3,1,198,mercaderes,69,66,1,94,60,0,0,0,15,43,0,0,0,2,1,3,0
1492-3,1,199,mercaderes,69,66,1,91,57,0,0,0,15,43,0,0,0,2,1,3,0
1492-3,1,200,mercaderes,69,66,1,98,55,0,0,0,15,43,0,0,0,2,1,3,0
1492-3,1,1,mesta,29,30,1,42,75,0,0,0,5,11,0,0,0,0,1,3,0
1492-3,1,2,mesta,29,30,1,41,69,0,0,0,5,8,0,0,0,0,1,1,0
1492-3,1,3,mesta,29,30,1,40,63,0,0,0,5,8,0,0,0,0,1,0,1
1492-3,1,4,mesta,29,30,1,39,57,0,0,0,5,8,0,0,0,0,1,0,1
1492-3,1,5,mesta,29,30,1,38,52,0,0,0,6,9,0,1,0,0,1,0,1
1492-3,1,6,mesta,29,30,1,48,49,0,0,0,6,20,0,0,0,0,1,0,1
1492-3,1,7,mesta,29,30,1,58,47,0,0,0,6,20,0,0,0,0,1,0,1
1492-3,1,8,mesta,29,30,1,68,45,0,0,0,6,20,0,0,0,0,1,0,1
1492-3,1,9,mesta,29,30,1,78,43,0,0,0,6,20,0,0,0,0,1,0,1
1492-3,1,10,mesta,28,28,1,58,41,0,0,0,6,20,0,0,0,0,1,1,0
1492-3,1,11,mesta,28,29,1,66,48,0,0,0,13,25,0,0,0,0,1,0,1
1492-3,1,12,mesta,29,30,1,74,54,0,0,0,13,25,0,0,0,0,1,0,1
1492-3,1,13,mesta,29,31,1,84,60,0,0,0,13,27,0,0,0,0,1,0,1
1492-3,1,14,mesta,29,32,1,94,66,0,0,0,13,27,0,0,0,0,1,0,1
1492-3,1,15,mesta,44,33,1,104,71,0,0,0,13,27,0,0,0,1,1,0,1
1492-3,1,16,mesta,44,34,1,114,75,0,0,0,13,27,0,0,0,1,1,0,1
1492-3,1,17,mesta,45,35,1,124,74,0,0,0,8,22,0,0,0,1,1,0,1
1492-3,1,18,mesta,45,35,1,134,73,0,0,0,8,22,0,0,0,1,1,0,1
1492-3,1,19,mesta,45,35,1,144,72,0,0,0,8,22,0,0,0,1,1,0,1
1492-3,1,20,mesta,45,35,1,154,72,0,0,0,8,22,0,0,0,1,1,0,1
1492-3,1,21,mesta,45,35,1,164,71,0,0,0,8,22,0,0,0,1,1,0,1
1492-3,1,22,mesta,45,35,1,174,70,0,0,0,8,22,0,0,0,1,1,0,1
1492-3,1,23,mesta,45,35,1,184,66,0,0,0,5,19,0,0,0,1,1,0,1
1492-3,1,24,mesta,45,35,1,191,62,0,0,0,5,16,0,0,0,1,1,0,1
1492-3,1,25,mesta,45,35,1,198,59,0,0,0,6,17,0,0,0,1,1,0,1
1492-3,1,26,mesta,45,35,1,205,56,0,0,0,6,17,0,0,0,1,1,0,1
1492-3,1,27,mesta,45,35,1,212,53,0,0,0,6,17,0,0,0,1,1,0,1
1492-3,1,28,mesta,45,35,1,219,50,0,0,0,6,17,0,0,0,1,1,0,1
1492-3,1,29,mesta,45,35,1,226,48,0,0,0,6,17,0,0,0,1,1,0,1
1492-3,1,30,mesta,44,33,1,206,46,0,0,0,6,20,0,0,0,1,1,1,0
1492-3,1,31,mesta,44,33,1,216,46,0,0,0,6,20,0,0,0,1,1,0,1
1492-3,1,32,mesta,44,33,1,226,45,0,0,0,6,20,0,0,0,1,1,0,1
1492-3,1,33,mesta,44,33,1,236,44,0,0,0,6,20,0,0,0,1,1,0,1
1492-3,1,34,mesta,44,33,1,246,43,3,0,0,6,20,0,0,0,1,1,0,1
1492-3,1,35,mesta,44,34,1,256,48,3,0,0,13,27,0,0,0,1,1,0,1
1492-3,1,36,mesta,45,35,1,266,53,3,0,0,13,27,0,0,0,1,1,0,1
1492-3,1,37,mesta,45,36,1,276,58,3,0,0,13,27,0,0,0,1,1,0,1
1492-3,1,38,mesta,45,37,1,286,62,3,0,0,13,27,0,0,0,1,1,0,1
1492-3,1,39,mesta,45,38,1,296,66,3,0,0,13,27,0,0,0,1,1,0,1
1492-3,1,40,mesta,45,39,1,306,70,3,0,0,13,27,0,0,0,1,1,0,1
1492-3,1,41,mesta,45,39,1,316,69,3,0,0,8,22,0,0,0,1,1,0,1
1492-3,1,42,mesta,45,39,1,326,68,3,0,0,8,22,0,0,0,1,1,0,1
1492-3,1,43,mesta,45,39,1,336,67,3,0,0,8,22,0,0,0,1,1,0,1
1492-3,1,44,mesta,45,39,1,346,66,3,0,0,8,22,0,0,0,1,1,0,1
1492-3,1,45,mesta,45,39,1,356,64,3,0,0,8,22,0,0,0,1,1,0,1
1492-3,1,46,mesta,45,39,1,366,62,3,0,0,8,22,0,0,0,1,1,0,1
1492-3,1,47,mesta,45,39,1,376,58,3,0,0,6,20,0,0,0,1,1,0,1
1492-3,1,48,mesta,45,37,1,353,54,3,0,0,6,17,0,0,0,1,1,1,0
1492-3,1,49,mesta,45,37,1,360,51,3,0,0,5,16,0,0,0,1,1,0,1
1492-3,1,50,mesta,45,37,1,367,48,3,0,0,5,16,0,0,0,1,1,0,1
1492-3,1,51,mesta,45,37,1,374,45,3,0,0,5,16,0,0,0,1,1,0,1
1492-3,1,52,mesta,45,37,1,381,42,3,0,0,5,16,0,0,0,1,1,0,1
1492-3,1,53,mesta,45,37,1,388,40,3,0,0,6,17,0,0,0,1,1,0,1
1492-3,1,54,mesta,45,37,1,398,38,3,0,0,6,20,0,0,0,1,1,0,1
1492-3,1,55,mesta,45,37,1,408,36,3,0,0,6,20,0,0,0,1,1,0,1
1492-3,1,56,mesta,45,37,1,418,33,3,0,0,6,20,0,0,0,1,1,0,1
1492-3,1,57,mesta,45,37,1,428,30,3,0,0,6,20,0,0,0,1,1,0,1
1492-3,1,58,mesta,45,37,1,438,27,6,0,0,6,20,0,0,0,1,1,0,1
1492-3,1,59,mesta,45,38,1,448,31,6,0,0,13,27,0,0,0,1,1,0,1
1492-3,1,60,mesta,45,39,1,458,35,6,0,0,13,27,0,0,0,1,1,0,1
1492-3,1,61,mesta,46,40,1,468,39,6,0,0,13,27,0,0,0,1,1,0,1
1492-3,1,62,mesta,45,37,1,460,32,6,0,0,13,29,0,0,0,1,1,1,0
1492-3,1,63,mesta,44,33,1,450,16,6,0,0,13,27,0,0,0,1,1,4,0
1492-3,1,64,mesta,44,33,1,340,22,0,0,0,13,27,0,0,0,1,1,4,0
1492-3,1,65,mesta,44,33,1,622,27,0,0,0,8,22,0,0,0,1,1,2,0
1492-3,1,66,mesta,44,32,1,570,37,0,0,0,8,22,0,0,0,1,1,3,0
1492-3,1,67,mesta,57,33,1,547,49,0,0,0,8,22,0,0,0,2,1,2,0
1492-3,1,68,mesta,57,34,1,523,60,0,0,0,8,22,0,0,0,2,1,4,0
1492-3,1,69,mesta,58,35,1,504,70,0,0,0,8,22,0,0,0,2,1,2,0
1492-3,1,70,mesta,58,35,1,441,70,0,0,0,8,22,0,0,0,2,1,2,0
1492-3,1,71,mesta,58,35,1,387,65,0,0,0,5,19,0,0,0,2,1,2,0
1492-3,1,72,mesta,58,35,1,328,60,0,0,0,5,16,0,1,0,2,1,2,0
1492-3,1,73,mesta,58,35,1,304,65,0,0,0,3,20,0,0,0,2,1,2,0
1492-3,1,74,mesta,58,35,1,245,59,0,0,0,3,20,0,0,0,2,1,2,0
1492-3,1,75,mesta,58,35,1,185,53,0,0,0,3,20,0,0,0,2,1,2,0
1492-3,1,76,mesta,58,35,1,124,48,0,0,0,3,20,0,0,0,2,1,2,0
1492-3,1,77,mesta,58,35,1,155,56,0,0,0,6,23,0,0,0,2,1,3,0
1492-3,1,78,mesta,58,35,1,93,60,0,0,0,6,26,0,0,0,2,1,2,0
1492-3,1,79,mesta,58,35,1,104,57,0,0,0,6,26,0,0,0,2,1,2,0
1492-3,1,80,mesta,58,35,1,84,54,0,0,0,6,26,0,0,0,2,1,2,0
1492-3,1,81,mesta,58,35,1,89,51,0,0,0,6,26,0,0,0,2,1,2,0
1492-3,1,82,mesta,58,35,1,81,48,3,0,0,6,26,0,0,0,2,1,3,0
1492-3,1,83,mesta,58,36,1,82,55,0,0,0,13,33,0,0,0,2,1,4,0
1492-3,1,84,mesta,58,37,1,221,60,0,0,0,13,33,0,0,0,2,1,2,0
1492-3,1,85,mesta,58,38,1,120,63,0,0,0,13,33,0,0,0,2,1,2,0
1492-3,1,86,mesta,58,39,1,126,66,0,0,0,13,33,0,0,0,2,1,2,0
1492-3,1,87,mesta,59,40,1,92,69,0,0,0,13,33,0,0,0,2,1,2,0
1492-3,1,88,mesta,58,37,1,73,61,0,0,0,13,35,0,0,0,2,1,3,0
1492-3,1,89,mesta,58,37,1,82,59,0,0,0,8,28,0,0,0,2,1,2,0
1492-3,1,90,mesta,58,37,1,76,57,0,0,0,8,28,0,0,0,2,1,3,0
1492-3,1,91,mesta,58,37,1,78,57,0,0,0,8,28,0,0,0,2,1,2,0
1492-3,1,92,mesta,58,37,1,82,56,0,0,0,8,28,0,0,0,2,1,3,0
1492-3,1,93,mesta,58,37,1,74,55,0,0,0,8,28,0,0,0,2,1,3,0
1492-3,1,94,mesta,58,37,1,78,54,0,0,0,8,28,0,0,0,2,1,2,0
1492-3,1,95,mesta,58,37,1,80,48,0,0,0,3,23,0,0,0,2,1,3,0
1492-3,1,96,mesta,58,37,1,71,43,0,0,0,3,20,0,0,0,2,1,3,0
1492-3,1,97,mesta,58,37,1,73,40,0,0,0,5,22,0,0,0,2,1,2,0
1492-3,1,98,mesta,58,37,1,74,36,0,0,0,5,22,0,0,0,2,1,2,0
1492-3,1,99,mesta,58,37,1,76,32,0,0,0,5,22,0,0,0,2,1,2,0
1492-3,1,100,mesta,58,37,1,77,28,0,0,0,5,22,0,0,0,2,1,2,0
1492-3,1,101,mesta,58,37,1,79,25,0,0,0,6,23,0,0,0,2,1,2,0
1492-3,1,102,mesta,58,37,1,83,23,0,0,0,6,26,0,0,0,2,1,3,0
1492-3,1,103,mesta,58,37,1,75,22,0,0,0,6,26,0,0,0,2,1,3,0
1492-3,1,104,mesta,58,37,1,79,21,0,0,0,6,26,0,0,0,2,1,2,0
1492-3,1,105,mesta,58,37,1,81,19,0,0,0,6,26,0,0,0,2,1,3,0
1492-3,1,106,mesta,58,37,1,75,18,2,0,0,6,26,0,0,0,2,1,3,0
1492-3,1,107,mesta,58,37,1,77,24,2,0,0,13,33,0,0,0,2,1,2,0
1492-3,1,108,mesta,58,37,1,81,28,2,0,0,13,33,0,0,0,2,1,2,0
1492-3,1,109,mesta,58,38,1,83,32,2,0,0,13,33,0,0,0,2,1,3,0
1492-3,1,110,mesta,58,39,1,77,37,2,0,0,13,33,0,0,0,2,1,3,0
1492-3,1,111,mesta,59,40,1,79,42,2,0,0,13,33,0,0,0,2,1,2,0
1492-3,1,112,mesta,58,37,1,65,35,2,0,0,13,35,0,0,0,2,1,4,0
1492-3,1,113,mesta,58,37,1,80,35,2,0,0,8,28,0,0,0,2,1,1,0
1492-3,1,114,mesta,58,37,1,70,33,2,0,0,8,28,0,0,0,2,1,3,0
1492-3,1,115,mesta,58,37,1,76,33,2,0,0,8,28,0,0,0,2,1,2,0
1492-3,1,116,mesta,58,37,1,76,32,2,0,0,8,28,0,0,0,2,1,2,0
1492-3,1,117,mesta,58,37,1,82,31,2,0,0,8,28,0,0,0,2,1,2,0
1492-3,1,118,mesta,58,37,1,82,30,2,0,0,8,28,0,0,0,2,1,3,0
1492-3,1,119,mesta,58,37,1,78,27,2,0,0,5,25,0,0,0,2,1,3,0
1492-3,1,120,mesta,58,37,1,75,25,2,0,0,5,22,0,0,0,2,1,3,0
1492-3,1,121,mesta,58,37,1,71,23,2,0,0,5,22,0,0,0,2,1,2,0
1492-3,1,122,mesta,58,37,1,78,20,2,0,0,5,22,0,0,0,2,1,2,0
1492-3,1,123,mesta,58,37,1,74,17,2,0,0,5,22,0,0,0,2,1,3,0
1492-3,1,124,mesta,58,37,1,71,15,2,0,0,5,22,0,0,0,2,1,2,0
1492-3,1,125,mesta,58,37,1,77,13,2,0,0,6,23,0,0,0,2,1,2,0
1492-3,1,126,mesta,58,37,1,77,11,2,0,0,6,26,0,0,0,2,1,2,0
1492-3,1,127,mesta,58,37,1,83,9,2,0,0,6,26,0,0,0,2,1,2,0
1492-3,1,128,mesta,58,37,1,83,7,2,0,0,6,26,0,0,0,2,1,3,0
1492-3,1,129,mesta,58,37,1,79,6,2,0,0,6,26,0,0,0,2,1,3,0
1492-3,1,130,mesta,58,37,1,79,5,2,0,0,6,26,0,0,0,2,1,3,0
1492-3,1,131,mesta,58,37,1,75,11,2,0,0,13,33,0,0,0,2,1,3,0
1492-3,1,132,mesta,58,37,1,75,17,2,0,0,13,33,0,0,0,2,1,2,0
1492-3,1,133,mesta,58,37,1,81,22,2,0,0,13,33,0,0,0,2,1,2,0
1492-3,1,134,mesta,58,37,1,81,26,2,0,0,13,33,0,0,0,2,1,3,0
1492-3,1,135,mesta,58,38,1,77,31,2,0,0,13,33,0,0,0,2,1,3,0
1492-3,1,136,mesta,58,39,1,77,36,2,0,0,13,33,0,0,0,2,1,2,0
1492-3,1,137,mesta,58,39,1,83,35,2,0,0,8,28,0,0,0,2,1,2,0
1492-3,1,138,mesta,58,39,1,83,34,2,0,0,8,28,0,0,0,2,1,3,0
1492-3,1,139,mesta,58,39,1,79,34,2,0,0,8,28,0,0,0,2,1,3,0
1492-3,1,140,mesta,58,39,1,79,34,2,0,0,8,28,0,0,0,2,1,3,0
1492-3,1,141,mesta,58,39,1,75,34,2,0,0,8,28,0,0,0,2,1,3,0
1492-3,1,142,mesta,58,39,1,75,34,2,0,0,8,28,0,0,0,2,1,2,0
1492-3,1,143,mesta,58,39,1,81,30,2,0,0,5,25,0,0,0,2,1,2,0
1492-3,1,144,mesta,58,39,1,78,26,2,0,0,5,22,0,0,0,2,1,3,0
1492-3,1,145,mesta,58,39,1,74,24,2,0,0,5,22,0,0,0,2,1,3,0
1492-3,1,146,mesta,58,39,1,71,22,2,0,0,5,22,0,0,0,2,1,2,0
1492-3,1,147,mesta,58,39,1,77,19,2,0,0,5,22,0,0,0,2,1,2,0
1492-3,1,148,mesta,58,39,1,74,16,2,0,0,5,22,0,0,0,2,1,2,0
1492-3,1,149,mesta,58,39,1,80,14,2,0,0,6,23,0,0,0,2,1,2,0
1492-3,1,150,mesta,58,39,1,80,12,2,0,0,6,26,0,0,0,2,1,3,0
1492-3,1,151,mesta,58,39,1,76,11,2,0,0,6,26,0,0,0,2,1,4,0
1492-3,1,152,mesta,58,39,1,76,10,2,0,0,6,26,0,0,0,2,1,2,0
1492-3,1,153,mesta,58,39,1,82,8,2,0,0,6,26,0,0,0,2,1,2,0
1492-3,1,154,mesta,58,39,1,82,6,2,0,0,6,26,0,0,0,2,1,3,0
1492-3,1,155,mesta,58,39,1,78,12,2,0,0,13,33,0,0,0,2,1,3,0
1492-3,1,156,mesta,58,39,1,78,18,2,0,0,13,33,0,0,0,2,1,3,0
1492-3,1,157,mesta,58,39,1,74,24,2,0,0,13,33,0,0,0,2,1,3,0
1492-3,1,158,mesta,58,39,1,74,29,2,0,0,13,33,0,0,0,2,1,2,0
1492-3,1,159,mesta,59,40,1,80,33,2,0,0,13,33,0,0,0,2,1,2,0
1492-3,1,160,mesta,59,42,1,82,36,2,0,0,13,35,0,0,0,2,1,3,0
1492-3,1,161,mesta,59,42,1,78,35,2,0,0,8,30,0,0,0,2,1,3,0
1492-3,1,162,mesta,59,42,1,80,34,2,0,0,8,30,0,0,0,2,1,3,0
1492-3,1,163,mesta,59,42,1,76,33,2,0,0,8,30,0,0,0,2,1,3,0
1492-3,1,164,mesta,59,42,1,78,32,2,0,0,8,30,0,0,0,2,1,2,0
1492-3,1,165,mesta,59,42,1,84,30,2,0,0,8,30,0,0,0,2,1,3,0
1492-3,1,166,mesta,59,42,1,76,29,2,0,0,8,30,0,0,0,2,1,3,0
1492-3,1,167,mesta,59,42,1,82,26,2,0,0,5,27,0,0,0,2,1,2,0
1492-3,1,168,mesta,59,42,1,80,22,2,0,0,5,23,0,0,0,2,1,3,0
1492-3,1,169,mesta,59,42,1,76,19,2,0,0,5,23,0,0,0,2,1,3,0
1492-3,1,170,mesta,59,42,1,74,16,2,0,0,5,23,0,0,0,2,1,2,0
1492-3,1,171,mesta,59,42,1,80,12,2,0,0,5,23,0,0,0,2,1,2,0
1492-3,1,172,mesta,59,42,1,78,8,2,0,0,5,23,0,0,0,2,1,3,0
1492-3,1,173,mesta,59,42,1,74,6,2,0,0,6,24,0,0,0,2,1,3,0
1492-3,1,174,mesta,59,42,1,76,4,2,0,0,6,28,0,0,0,2,1,2,0
1492-3,1,175,mesta,59,42,1,82,1,2,0,0,6,28,0,0,0,2,1,2,0
1492-3,1,176,mesta,58,42,1,84,1,2,0,0,6,28,1,0,0,2,1,3,0
1492-3,1,177,mesta,57,42,1,80,2,2,0,0,6,28,1,0,0,2,1,3,0
1492-3,1,178,mesta,56,41,1,82,2,2,0,0,6,28,1,0,0,2,1,3,0
1492-3,1,179,mesta,56,41,1,78,7,2,0,0,13,35,0,0,0,2,1,3,0
1492-3,1,180,mesta,56,41,1,80,12,2,0,0,13,35,0,0,0,2,1,3,0
1492-3,1,181,mesta,56,41,1,76,17,2,0,0,13,35,0,0,0,2,1,3,0
1492-3,1,182,mesta,56,41,1,78,22,2,0,0,13,35,0,0,0,2,1,2,0
1492-3,1,183,mesta,56,41,1,84,25,2,0,0,13,35,0,0,0,2,1,3,0
1492-3,1,184,mesta,56,41,1,76,29,2,0,0,13,35,0,0,0,2,1,3,0
1492-3,1,185,mesta,56,41,1,82,28,2,0,0,8,30,0,0,0,2,1,2,0
1492-3,1,186,mesta,56,41,1,84,26,2,0,0,8,30,0,0,0,2,1,3,0
1492-3,1,187,mesta,56,41,1,80,26,2,0,0,8,30,0,0,0,2,1,3,0
1492-3,1,188,mesta,56,41,1,82,26,2,0,0,8,30,0,0,0,2,1,3,0
1492-3,1,189,mesta,56,41,1,78,26,2,0,0,8,30,0,0,0,2,1,3,0
1492-3,1,190,mesta,56,41,1,80,26,2,0,0,8,30,0,0,0,2,1,3,0
1492-3,1,191,mesta,56,41,1,76,23,2,0,0,5,27,0,0,0,2,1,3,0
1492-3,1,192,mesta,56,41,1,74,20,2,0,0,5,23,0,0,0,2,1,2,0
1492-3,1,193,mesta,56,41,1,80,16,2,0,0,5,23,0,0,0,2,1,2,0
1492-3,1,194,mesta,56,41,1,78,12,2,0,0,5,23,0,0,0,2,1,3,0
1492-3,1,195,mesta,56,41,1,74,9,2,0,0,5,23,0,0,0,2,1,3,0
1492-3,1,196,mesta,56,41,1,72,6,2,0,0,5,23,0,0,0,2,1,2,0
1492-3,1,197,mesta,56,41,1,78,3,2,0,0,6,24,0,0,0,2,1,2,0
1492-3,1,198,mesta,55,41,1,80,1,2,0,0,6,28,1,0,0,2,1,3,0
1492-3,1,199,mesta,54,41,1,76,2,2,0,0,6,28,1,0,0,2,1,3,0
1492-3,1,200,mesta,53,40,1,78,2,2,0,0,6,28,1,0,0,2,1,2,0
1492-3,1,1,monjes,38,76,1,32,66,0,0,0,18,34,0,0,0,0,1,4,0
1492-3,1,2,monjes,37,72,1,5,51,0,0,0,18,25,0,0,0,0,1,2,0
1492-3,1,3,monjes,37,72,1,8,46,0,0,0,18,25,0,0,0,0,1,1,0
1492-3,1,4,monjes,37,72,1,11,41,0,0,0,18,25,0,1,0,0,1,0,1
1492-3,1,5,monjes,37,72,1,14,52,0,0,0,33,40,0,1,0,0,1,0,1
1492-3,1,6,monjes,37,72,1,32,51,0,0,0,33,55,0,0,0,0,1,4,0
1492-3,1,7,monjes,49,68,1,30,54,0,0,0,33,55,0,0,0,1,1,1,0
1492-3,1,8,monjes,48,64,1,26,58,0,0,0,33,53,0,0,0,1,1,3,0
1492-3,1,9,monjes,51,64,1,42,72,0,0,0,33,53,0,0,0,1,1,0,1
1492-3,1,10,monjes,51,64,1,58,86,0,0,0,33,53,0,0,0,1,1,3,0
1492-3,1,11,monjes,69,64,1,71,137,0,0,0,72,88,0,0,0,2,1,0,1
1492-3,1,12,monjes,69,64,1,73,176,0,0,0,72,88,0,0,0,2,1,7,0
1492-3,1,13,monjes,69,64,1,79,223,0,0,0,72,88,0,0,0,2,1,2,0
1492-3,1,14,monjes,69,64,1,96,258,0,0,0,72,88,0,0,0,2,1,2,0
1492-3,1,15,monjes,69,64,1,137,292,0,0,0,72,88,0,0,0,2,1,2,0
1492-3,1,16,monjes,69,64,1,127,318,0,0,0,72,88,0,0,0,2,1,6,0
1492-3,1,17,monjes,69,64,1,166,324,0,0,0,45,61,0,0,0,2,1,3,0
1492-3,1,18,monjes,72,64,1,209,329,0,0,0,45,61,0,0,0,2,1,2,0
1492-3,1,19,monjes,72,64,1,251,334,0,0,0,45,61,0,0,0,2,1,4,0
1492-3,1,20,monjes,72,64,1,242,339,0,0,0,45,61,0,0,0,2,1,2,0
1492-3,1,21,monjes,72,64,1,282,344,0,0,0,45,61,0,0,0,2,1,3,0
1492-3,1,22,monjes,72,60,1,321,341,0,0,0,45,61,0,0,0,2,1,7,0
1492-3,1,23,monjes,75,60,1,364,329,0,0,0,27,43,0,0,0,2,1,2,0
1492-3,1,24,monjes,166,66,2,402,318,0,0,0,27,39,0,0,0,3,1,5,0
1492-3,1,25,monjes,166,67,2,375,306,0,0,0,27,39,0,0,0,3,1,4,0
1492-3,1,26,monjes,166,68,2,407,284,0,0,0,27,39,0,0,0,3,1,7,0
1492-3,1,27,monjes,166,69,2,438,271,0,0,0,27,39,0,1,0,3,1,2,0
1492-3,1,28,monjes,167,70,2,473,268,0,0,0,35,47,0,0,0,3,1,2,0
1492-3,1,29,monjes,167,71,2,458,278,0,0,0,48,61,0,0,0,3,1,4,0
1492-3,1,30,monjes,166,67,2,496,275,0,0,0,48,65,0,0,0,3,1,9,0
1492-3,1,31,monjes,169,68,2,532,283,0,0,0,46,62,0,0,0,3,1,2,0
1492-3,1,32,monjes,271,75,3,567,292,0,0,0,48,64,0,0,0,4,1,5,0
1492-3,1,33,monjes,271,77,3,552,291,0,0,0,48,64,0,0,0,4,1,8,0
1492-3,1,34,monjes,270,74,3,587,303,0,0,0,60,77,0,0,0,4,1,6,0
1492-3,1,35,monjes,271,76,3,621,379,0,0,0,120,137,0,0,0,4,1,2,0
1492-3,1,36,monjes,292,84,4,654,451,0,0,0,120,137,0,0,0,4,1,3,0
1492-3,1,37,monjes,296,87,4,631,514,0,0,0,120,137,0,0,0,4,1,7,0
1492-3,1,38,monjes,297,90,4,662,579,0,0,0,120,137,0,0,0,4,1,5,0
1492-3,1,39,monjes,297,93,4,692,640,0,0,0,120,137,0,0,0,4,1,2,0
1492-3,1,40,monjes,297,91,4,720,698,0,0,0,120,137,0,0,0,4,1,7,0
1492-3,1,41,monjes,297,94,4,698,704,0,0,0,74,91,0,0,0,4,1,2,0
1492-3,1,42,monjes,298,97,4,676,715,0,0,0,74,92,0,0,0,4,1,3,0
1492-3,1,43,monjes,320,106,5,708,726,0,0,0,74,92,0,0,0,4,1,4,0
1492-3,1,44,monjes,321,110,5,733,727,0,0,0,74,93,0,0,0,4,1,7,0
1492-3,1,45,monjes,321,114,5,707,732,0,0,0,74,93,0,0,0,4,1,2,0
1492-3,1,46,monjes,322,118,5,732,737,0,0,0,74,94,0,0,0,4,1,3,0
1492-3,1,47,monjes,323,122,5,756,712,0,0,0,44,64,0,0,0,4,1,2,0
1492-3,1,48,monjes,324,126,5,781,687,0,0,0,44,61,0,0,0,4,1,4,0
1492-3,1,49,monjes,325,130,5,754,662,0,0,0,44,61,0,0,0,4,1,2,0
1492-3,1,50,monjes,325,134,5,776,634,0,0,0,44,61,0,0,0,4,1,3,0
1492-3,1,51,monjes,326,138,5,798,610,0,0,0,44,61,0,0,0,4,1,2,0
1492-3,1,52,monjes,327,142,5,820,582,0,0,0,44,62,0,0,0,4,1,4,0
1492-3,1,53,monjes,328,146,5,796,557,0,0,0,45,63,0,0,0,4,1,2,0
1492-3,1,54,monjes,329,150,5,826,534,0,0,0,45,69,0,0,0,4,1,3,0
1492-3,1,55,monjes,329,154,5,855,511,0,0,0,45,69,0,0,0,4,1,2,0
1492-3,1,56,monjes,330,158,5,885,488,0,0,0,45,70,0,0,0,4,1,2,0
1492-3,1,57,monjes,331,162,5,864,465,0,0,0,45,70,0,0,0,4,1,4,0
1492-3,1,58,monjes,332,166,5,848,442,0,0,0,45,71,0,0,0,4,1,3,0
1492-3,1,59,monjes,333,170,5,830,491,0,0,0,120,146,0,0,0,4,1,3,0
1492-3,1,60,monjes,332,169,5,861,537,0,0,0,120,146,0,0,0,4,1,6,0
1492-3,1,61,monjes,333,173,5,841,581,0,0,0,120,145,0,0,0,4,1,2,0
1492-3,1,62,monjes,334,177,5,872,622,0,0,0,120,147,0,0,0,4,1,5,0
1492-3,1,63,monjes,335,181,5,908,661,0,0,0,120,148,0,0,0,4,1,2,0
1492-3,1,64,monjes,336,186,5,943,697,0,0,0,120,149,0,0,0,4,1,2,0
1492-3,1,65,monjes,358,197,6,977,705,0,0,0,93,122,0,0,0,4,1,3,0
1492-3,1,66,monjes,359,203,6,955,710,0,0,0,93,124,0,0,0,4,1,4,0
1492-3,1,67,monjes,360,209,6,982,708,0,0,0,93,124,0,0,0,4,1,6,0
1492-3,1,68,monjes,362,215,6,1013,706,0,0,0,93,124,0,0,0,4,1,2,0
1492-3,1,69,monjes,363,221,6,1044,704,0,0,0,93,126,0,0,0,4,1,2,0
1492-3,1,70,monjes,364,227,6,1025,703,0,0,0,93,127,0,0,0,4,1,2,0
1492-3,1,71,monjes,364,227,6,1056,654,0,0,0,44,78,0,0,0,4,1,5,0
1492-3,1,72,monjes,364,227,6,1082,607,0,0,0,44,74,0,0,0,4,1,2,0
1492-3,1,73,monjes,364,227,6,1112,562,0,0,0,44,74,0,0,0,4,1,2,0
1492-3,1,74,monjes,364,227,6,1090,518,0,0,0,44,74,0,0,0,4,1,2,0
1492-3,1,75,monjes,364,227,6,1117,470,0,0,0,44,74,0,0,0,4,1,6,0
1492-3,1,76,monjes,364,227,6,1144,430,0,0,0,44,74,0,0,0,4,1,2,0
1492-3,1,77,monjes,365,233,6,1170,407,0,0,0,60,90,0,0,0,4,1,4,0
1492-3,1,78,monjes,367,240,6,1155,383,0,0,0,60,95,0,0,0,4,1,2,0
1492-3,1,79,monjes,367,243,6,1190,358,0,0,0,60,97,0,0,0,4,1,3,0
1492-3,1,80,monjes,367,243,6,1224,334,0,0,0,60,97,0,0,0,4,1,2,0
1492-3,1,81,monjes,367,243,6,1258,311,0,0,0,60,97,0,0,0,4,1,2,0
1492-3,1,82,monjes,367,243,6,1241,289,0,0,0,60,97,0,0,0,4,1,2,0
1492-3,1,83,monjes,369,250,6,1278,326,0,0,0,120,157,0,0,0,4,1,3,0
1492-3,1,84,monjes,370,255,6,1315,359,0,0,0,120,159,0,0,0,4,1,2,0
1492-3,1,85,monjes,371,261,6,1352,390,0,0,0,120,160,0,0,0,4,1,2,0
1492-3,1,86,monjes,372,267,6,1338,418,0,0,0,120,159,0,0,0,4,1,2,0
1492-3,1,87,monjes,373,273,6,1375,443,0,0,0,120,161,0,0,0,4,1,6,0
1492-3,1,88,monjes,374,279,6,1416,466,0,0,0,120,161,0,0,0,4,1,2,0
1492-3,1,89,monjes,376,285,6,1456,443,0,0,0,74,116,0,0,0,4,1,2,0
1492-3,1,90,monjes,377,291,6,1447,419,0,0,0,74,118,0,0,0,4,1,2,0
1492-3,1,91,monjes,377,292,6,1488,391,0,0,0,74,118,0,0,0,4,1,6,0
1492-3,1,92,monjes,378,297,6,1529,363,0,0,0,74,119,0,0,0,4,1,4,0
1492-3,1,93,monjes,378,298,6,1574,336,0,0,0,74,119,0,0,0,4,1,2,0
1492-3,1,94,monjes,378,299,6,1568,313,0,0,0,74,120,0,0,0,4,1,2,0
1492-3,1,95,monjes,399,304,7,1611,262,0,0,0,44,90,0,0,0,4,1,4,0
1492-3,1,96,monjes,399,304,7,1594,211,0,0,0,44,86,0,0,0,4,1,4,0
1492-3,1,97,monjes,399,304,7,1626,162,0,0,0,44,86,0,0,0,4,1,3,0
1492-3,1,98,monjes,399,304,7,1542,125,0,0,0,44,86,0,0,0,4,1,2,0
1492-3,1,99,monjes,399,304,7,1516,100,0,0,0,44,86,0,0,0,4,1,2,0
1492-3,1,100,monjes,399,304,7,1439,76,0,0,0,44,86,0,0,0,4,1,2,0
1492-3,1,101,monjes,399,304,7,1411,68,0,0,0,60,102,0,0,0,4,1,3,0
1492-3,1,102,monjes,399,304,7,1392,60,0,0,0,60,106,0,0,0,4,1,2,0
1492-3,1,103,monjes,399,304,7,1372,53,0,0,0,60,106,0,0,0,4,1,2,0
1492-3,1,104,monjes,399,304,7,1300,46,0,0,0,60,106,0,0,0,4,1,2,0
1492-3,1,105,monjes,399,304,7,1277,39,0,0,0,60,106,0,0,0,4,1,3,0
1492-3,1,106,monjes,399,304,7,1253,33,0,0,0,60,106,0,0,0,4,1,2,0
1492-3,1,107,monjes,401,310,7,1234,84,0,0,0,120,166,0,0,0,4,1,2,0
1492-3,1,108,monjes,402,316,7,1164,132,0,0,0,120,166,0,0,0,4,1,3,0
1492-3,1,109,monjes,403,320,7,1139,177,0,0,0,120,162,0,0,0,4,1,3,0
1492-3,1,110,monjes,403,324,7,1112,219,0,0,0,120,162,0,0,0,4,1,2,0
1492-3,1,111,monjes,404,328,7,1205,248,0,0,0,120,163,0,0,0,4,1,2,0
1492-3,1,112,monjes,405,332,7,1191,265,0,0,0,120,164,0,0,0,4,1,2,0
1492-3,1,113,monjes,405,332,7,1226,236,0,0,0,74,118,0,0,0,4,1,3,0
1492-3,1,114,monjes,405,332,7,1260,208,0,0,0,74,118,0,0,0,4,1,2,0
1492-3,1,115,monjes,405,332,7,1178,184,0,0,0,74,118,0,0,0,4,1,3,0
1492-3,1,116,monjes,405,332,7,1153,170,0,0,0,74,118,0,0,0,4,1,2,0
1492-3,1,117,monjes,405,332,7,1130,165,0,0,0,74,118,0,0,0,4,1,3,0
1492-3,1,118,monjes,405,332,7,1105,160,0,0,0,74,118,0,0,0,4,1,2,0
1492-3,1,119,monjes,405,332,7,1079,127,0,0,0,44,88,0,0,0,4,1,2,0
1492-3,1,120,monjes,405,332,7,1004,95,0,0,0,44,84,0,0,0,4,1,2,0
1492-3,1,121,monjes,404,327,7,978,58,0,0,0,44,84,0,0,0,4,1,6,0
1492-3,1,122,monjes,404,327,7,950,31,0,0,0,44,83,0,0,0,4,1,2,0
1492-3,1,123,monjes,403,327,7,921,10,0,0,0,44,83,1,0,0,4,1,2,0
1492-3,1,124,monjes,423,332,8,890,10,0,0,0,44,83,1,0,0,4,1,4,0
1492-3,1,125,monjes,420,324,8,856,10,0,0,0,60,99,1,0,0,4,1,3,0
1492-3,1,126,monjes,418,316,8,821,10,0,0,0,60,99,1,0,0,4,1,2,0
1492-3,1,127,monjes,415,308,8,785,10,0,0,0,60,99,1,0,0,4,1,2,0
1492-3,1,128,monjes,413,300,8,748,10,0,0,0,60,99,1,0,0,4,1,2,0
1492-3,1,129,monjes,410,292,8,710,10,0,0,0,60,99,1,0,0,4,1,2,0
1492-3,1,130,monjes,408,285,8,670,10,0,0,0,60,98,1,0,0,4,1,2,0
1492-3,1,131,monjes,410,298,8,635,67,0,0,0,120,158,0,0,0,4,1,2,0
1492-3,1,132,monjes,413,311,8,599,119,0,0,0,120,159,0,0,0,4,1,2,0
1492-3,1,133,monjes,415,324,8,562,166,0,0,0,120,159,0,0,0,4,1,2,0
1492-3,1,134,monjes,416,329,8,528,207,0,0,0,120,163,0,0,0,4,1,2,0
1492-3,1,135,monjes,417,334,8,493,239,0,0,0,120,163,0,0,0,4,1,3,0
1492-3,1,136,monjes,418,339,8,623,258,0,0,0,120,163,0,0,0,4,1,2,0
1492-3,1,137,monjes,418,339,8,650,229,0,0,0,74,118,0,0,0,4,1,2,0
1492-3,1,138,monjes,418,339,8,676,201,0,0,0,74,118,0,0,0,4,1,2,0
1492-3,1,139,monjes,418,339,8,586,184,0,0,0,74,118,0,0,0,4,1,2,0
1492-3,1,140,monjes,418,339,8,554,178,0,0,0,74,118,0,0,0,4,1,2,0
1492-3,1,141,monjes,418,339,8,521,172,0,0,0,74,118,0,0,0,4,1,2,0
1492-3,1,142,monjes,418,339,8,487,166,0,0,0,74,118,0,0,0,4,1,2,0
1492-3,1,143,monjes,418,339,8,458,131,0,0,0,44,88,0,0,0,4,1,2,0
1492-3,1,144,monjes,418,339,8,423,98,0,0,0,44,84,0,0,0,4,1,2,0
1492-3,1,145,monjes,418,339,8,387,66,0,0,0,44,84,0,0,0,4,1,2,0
1492-3,1,146,monjes,418,339,8,350,35,0,0,0,44,84,0,0,0,4,1,2,0
1492-3,1,147,monjes,417,339,8,312,10,0,0,0,44,84,1,0,0,4,1,2,0
1492-3,1,148,monjes,416,339,8,279,10,0,0,0,44,84,1,0,0,4,1,2,0
1492-3,1,149,monjes,414,331,8,245,10,0,0,0,60,100,1,0,0,4,1,2,0
1492-3,1,150,monjes,411,323,8,208,10,0,0,0,60,99,1,0,0,4,1,2,0
1492-3,1,151,monjes,409,315,8,170,10,0,0,0,60,99,1,0,0,4,1,3,0
1492-3,1,152,monjes,406,307,8,141,10,0,0,0,53,92,1,0,0,4,1,2,0
1492-3,1,153,monjes,403,299,8,136,10,0,0,0,53,92,1,0,0,4,1,3,0
1492-3,1,154,monjes,401,291,8,103,8,0,0,0,53,92,1,0,0,4,1,3,0
1492-3,1,155,monjes,403,304,8,97,51,0,0,0,108,147,0,0,0,4,1,3,0
1492-3,1,156,monjes,406,317,8,72,84,0,0,0,108,147,0,0,0,4,1,3,0
1492-3,1,157,monjes,409,330,8,66,113,0,0,0,108,147,0,0,0,4,1,3,0
1492-3,1,158,monjes,409,333,8,69,135,0,0,0,108,152,0,0,0,4,1,1,0
1492-3,1,159,monjes,410,336,8,69,154,0,0,0,108,152,0,0,0,4,1,0,1
1492-3,1,160,monjes,410,339,8,69,171,0,0,0,108,152,0,0,0,4,1,0,1
1492-3,1,161,monjes,410,339,8,69,140,0,0,0,58,102,0,0,0,4,1,0,1
1492-3,1,162,monjes,410,339,8,69,110,0,0,0,58,102,0,0,0,4,1,0,1
1492-3,1,163,monjes,410,339,8,69,81,0,0,0,58,102,0,0,0,4,1,0,1
1492-3,1,164,monjes,410,339,8,69,53,0,0,0,58,102,0,0,0,4,1,0,1
1492-3,1,165,monjes,410,339,8,69,26,0,0,0,58,102,0,0,0,4,1,0,1
1492-3,1,166,monjes,410,339,8,69,0,0,0,0,58,102,0,0,0,4,1,0,1
1492-3,1,167,monjes,409,339,8,69,0,0,0,0,40,84,1,0,0,4,1,0,1
1492-3,1,168,monjes,408,339,8,65,0,0,0,0,40,80,1,0,0,4,1,0,1
1492-3,1,169,monjes,406,331,8,61,0,0,0,0,40,80,1,0,0,4,1,0,1
1492-3,1,170,monjes,403,323,8,53,0,0,0,0,40,76,1,0,0,4,1,0,1
1492-3,1,171,monjes,401,315,8,45,0,0,0,0,40,76,1,0,0,4,1,0,1
1492-3,1,172,monjes,398,307,8,37,0,0,0,0,40,76,1,0,0,4,1,0,1
1492-3,1,173,monjes,395,299,8,29,0,0,0,0,53,89,1,0,0,4,1,0,1
1492-3,1,174,monjes,393,291,8,24,0,0,0,0,53,92,1,0,0,4,1,0,1
1492-3,1,175,monjes,391,285,8,19,0,0,0,0,53,92,1,0,0,4,1,0,1
1492-3,1,176,monjes,388,279,8,14,0,0,0,0,53,92,1,0,0,4,1,0,1
1492-3,1,177,monjes,386,273,8,8,0,0,0,0,53,91,1,0,0,4,1,0,1
1492-3,1,178,monjes,384,267,8,2,0,0,0,0,53,91,1,0,0,4,1,0,1
1492-3,1,179,monjes,387,280,8,4,41,0,0,0,108,146,0,0,0,4,1,0,1
1492-3,1,180,monjes,389,293,8,0,76,0,0,0,108,146,0,0,0,4,1,0,1
1492-3,1,181,monjes,392,306,8,0,107,0,0,0,108,146,0,0,0,4,1,0,1
1492-3,1,182,monjes,394,319,8,0,134,0,0,0,108,147,0,0,0,4,1,0,1
1492-3,1,183,monjes,397,332,8,0,157,0,0,0,108,147,0,0,0,4,1,0,1
1492-3,1,184,monjes,398,335,8,0,175,0,0,0,108,152,0,0,0,4,1,0,1
1492-3,1,185,monjes,398,335,8,0,152,0,0,0,66,110,0,0,0,4,1,0,1
1492-3,1,186,monjes,398,335,8,0,130,0,0,0,66,110,0,0,0,4,1,0,1
1492-3,1,187,monjes,398,335,8,0,109,0,0,0,66,110,0,0,0,4,1,0,1
1492-3,1,188,monjes,398,335,8,0,89,0,0,0,66,110,0,0,0,4,1,0,1
1492-3,1,189,monjes,398,335,8,0,70,0,0,0,66,110,0,0,0,4,1,0,1
1492-3,1,190,monjes,398,335,8,0,51,0,0,0,66,110,0,0,0,4,1,0,1
1492-3,1,191,monjes,398,335,8,0,8,0,0,0,40,84,0,0,0,4,1,0,1
1492-3,1,192,monjes,397,335,8,0,0,0,0,0,40,80,1,0,0,4,1,0,1
1492-3,1,193,monjes,396,335,8,0,0,0,0,0,40,80,1,0,0,4,1,0,1
1492-3,1,194,monjes,393,327,8,0,0,0,0,0,40,80,1,0,0,4,1,0,1
1492-3,1,195,monjes,390,319,8,0,0,0,0,0,40,76,1,0,0,4,1,0,1
1492-3,1,196,monjes,388,311,8,0,0,0,0,0,40,76,1,0,0,4,1,0,1
1492-3,1,197,monjes,385,303,8,0,0,0,0,0,53,89,1,0,0,4,1,0,1
1492-3,1,198,monjes,383,295,8,0,0,0,0,0,53,91,1,0,0,4,1,0,1
1492-3,1,199,monjes,380,287,8,0,0,0,0,0,53,91,1,0,0,4,1,0,1
1492-3,1,200,monjes,378,281,8,0,0,0,0,0,53,91,1,0,0,4,1,0,1
1492-3,1,1,salineros,41,91,1,34,59,0,0,0,12,30,0,0,0,0,1,4,0
1492-3,1,2,salineros,41,91,1,24,47,0,0,0,12,21,0,0,0,0,1,1,0
1492-3,1,3,salineros,41,91,1,29,33,0,0,0,12,21,0,0,0,0,1,1,0
1492-3,1,4,salineros,41,91,1,34,19,0,0,0,12,21,0,1,0,0,1,0,1
1492-3,1,5,salineros,41,91,1,39,9,0,0,0,14,23,0,1,0,0,1,0,1
1492-3,1,6,salineros,41,91,1,61,1,0,0,0,14,40,0,0,0,0,1,1,0
1492-3,1,7,salineros,40,91,1,83,0,0,0,0,14,40,1,0,0,0,1,0,1
1492-3,1,8,salineros,39,91,1,82,0,0,0,0,14,40,1,0,0,0,1,4,0
1492-3,1,9,salineros,37,89,1,96,1,0,0,0,14,40,1,0,0,0,1,3,0
1492-3,1,10,salineros,36,87,1,93,1,0,0,0,14,38,1,0,0,0,1,3,0
1492-3,1,11,salineros,36,87,1,85,14,0,0,0,32,56,0,0,0,0,1,3,0
1492-3,1,12,salineros,36,87,1,101,25,0,0,0,32,56,0,1,0,0,1,3,0
1492-3,1,13,salineros,36,87,1,96,43,0,0,0,38,62,0,0,0,0,1,3,0
1492-3,1,14,salineros,36,87,1,105,62,0,0,0,38,62,0,0,0,0,1,3,0
1492-3,1,15,salineros,35,83,1,80,71,0,0,0,38,62,0,0,0,0,1,4,0
1492-3,1,16,salineros,49,79,1,86,72,0,0,0,38,62,0,0,0,1,1,7,0
1492-3,1,17,salineros,49,75,1,69,66,0,0,0,26,48,0,0,0,1,1,4,0
1492-3,1,18,salineros,62,75,1,104,75,0,0,0,26,48,0,0,0,2,1,1,0
1492-3,1,19,salineros,62,75,1,78,83,0,0,0,26,48,0,0,0,2,1,5,0
1492-3,1,20,salineros,65,75,1,103,94,0,0,0,26,48,0,0,0,2,1,3,0
1492-3,1,21,salineros,65,75,1,87,103,0,0,0,26,48,0,0,0,2,1,5,0
1492-3,1,22,salineros,65,75,1,102,114,0,0,0,26,48,0,0,0,2,1,3,0
1492-3,1,23,salineros,68,75,1,93,116,0,0,0,18,40,0,0,0,2,1,3,0
1492-3,1,24,salineros,68,75,1,85,116,0,1,0,18,33,0,0,0,2,1,4,0
1492-3,1,25,salineros,68,75,1,95,116,0,1,0,18,33,0,0,0,2,1,2,0
1492-3,1,26,salineros,68,75,1,87,116,0,1,0,18,33,0,0,0,2,1,2,0
1492-3,1,27,salineros,68,75,1,97,112,0,1,0,18,33,0,0,0,2,1,2,0
1492-3,1,28,salineros,71,75,1,89,112,0,1,0,18,33,0,0,0,2,1,3,0
1492-3,1,29,salineros,71,75,1,92,118,0,1,0,22,37,0,0,0,2,1,5,0
1492-3,1,30,salineros,71,75,1,95,124,0,1,0,22,44,0,0,0,2,1,2,0
1492-3,1,31,salineros,71,75,1,101,128,0,1,0,22,44,0,0,0,2,1,2,0
1492-3,1,32,salineros,71,75,1,104,132,0,1,0,22,44,0,0,0,2,1,2,0
1492-3,1,33,salineros,71,75,1,106,125,0,1,0,22,44,0,0,0,2,1,6,0
1492-3,1,34,salineros,71,75,1,94,129,0,2,0,22,44,0,0,0,2,1,3,0
1492-3,1,35,salineros,74,75,1,96,160,0,1,0,49,71,0,0,0,2,1,2,0
1492-3,1,36,salineros,74,75,1,103,167,0,0,0,38,60,0,0,0,2,1,7,0
1492-3,1,37,salineros,74,75,1,101,187,0,0,0,38,60,0,0,0,2,1,3,0
1492-3,1,38,salineros,74,75,1,93,207,0,1,0,38,60,0,0,0,2,1,4,0
1492-3,1,39,salineros,74,75,1,106,227,0,1,0,38,60,0,0,0,2,1,2,0
1492-3,1,40,salineros,74,75,1,102,247,0,1,0,38,60,0,0,0,2,1,3,0
1492-3,1,41,salineros,74,75,1,96,255,0,2,0,26,48,0,0,0,2,1,3,0
1492-3,1,42,salineros,74,75,1,92,274,0,1,0,37,59,0,0,0,2,1,2,0
1492-3,1,43,salineros,74,75,1,101,278,0,1,0,26,48,0,0,0,2,1,4,0
1492-3,1,44,salineros,74,75,1,101,286,0,1,0,26,48,0,0,0,2,1,2,0
1492-3,1,45,salineros,74,75,1,106,294,0,1,0,26,48,0,0,0,2,1,4,0
1492-3,1,46,salineros,74,75,1,106,302,0,1,0,26,48,0,0,0,2,1,3,0
1492-3,1,47,salineros,74,75,1,96,302,0,2,0,18,40,0,0,0,2,1,3,0
1492-3,1,48,salineros,74,75,1,88,303,0,1,0,29,44,0,0,0,2,1,5,0
1492-3,1,49,salineros,74,75,1,93,303,0,1,0,18,33,0,0,0,2,1,2,0
1492-3,1,50,salineros,74,75,1,90,303,0,1,0,18,33,0,0,0,2,1,2,0
1492-3,1,51,salineros,74,75,1,95,303,0,1,0,18,33,0,0,0,2,1,2,0
1492-3,1,52,salineros,74,75,1,92,303,0,1,0,18,33,0,0,0,2,1,4,0
1492-3,1,53,salineros,74,75,1,67,263,0,1,0,18,33,0,0,0,2,1,3,0
1492-3,1,54,salineros,74,75,1,108,263,0,1,0,18,40,0,0,0,2,1,1,0
1492-3,1,55,salineros,122,115,2,78,263,0,1,0,18,40,0,0,0,3,1,3,0
1492-3,1,56,salineros,122,115,2,84,253,0,2,0,18,48,0,0,0,3,1,3,0
1492-3,1,57,salineros,122,115,2,77,252,0,0,0,29,59,0,1,0,3,1,3,0
1492-3,1,58,salineros,122,115,2,94,244,0,0,0,22,52,0,1,0,3,1,2,0
1492-3,1,59,salineros,122,117,2,91,266,0,0,0,50,80,0,0,0,3,1,2,0
1492-3,1,60,salineros,122,119,2,104,287,0,0,0,50,80,0,0,0,3,1,2,0
1492-3,1,61,salineros,123,121,2,101,308,0,0,0,50,80,0,0,0,3,1,3,0
1492-3,1,62,salineros,123,123,2,95,328,0,1,0,50,80,0,0,0,3,1,2,0
1492-3,1,63,salineros,124,125,2,107,348,0,1,0,50,80,0,0,0,3,1,2,0
1492-3,1,64,salineros,124,127,2,107,367,0,1,0,50,82,0,0,0,3,1,3,0
1492-3,1,65,salineros,124,129,2,100,377,0,2,0,41,73,0,0,0,3,1,3,0
1492-3,1,66,salineros,125,131,2,100,397,0,1,0,52,84,0,0,0,3,1,3,0
1492-3,1,67,salineros,125,133,2,78,356,0,1,0,41,73,0,0,0,3,1,6,0
1492-3,1,68,salineros,126,135,2,108,364,0,1,0,41,73,0,0,0,3,1,2,0
1492-3,1,69,salineros,187,190,3,96,372,0,1,0,41,75,0,0,0,4,1,5,0
1492-3,1,70,salineros,187,190,3,91,358,0,2,0,41,85,0,0,0,4,1,6,0
1492-3,1,71,salineros,187,190,3,90,341,0,0,0,36,80,0,0,0,4,1,3,0
1492-3,1,72,salineros,190,190,3,101,312,0,0,0,22,59,0,1,0,4,1,3,0
1492-3,1,73,salineros,190,190,3,100,291,0,0,0,28,65,0,1,0,4,1,4,0
1492-3,1,74,salineros,190,190,3,107,272,0,0,0,28,65,0,0,0,4,1,2,0
1492-3,1,75,salineros,190,190,3,95,253,0,0,0,28,65,0,0,0,4,1,4,0
1492-3,1,76,salineros,190,190,3,92,235,0,0,0,28,65,0,0,0,4,1,4,0
1492-3,1,77,salineros,193,190,3,102,222,0,0,0,36,73,0,1,0,4,1,4,0
1492-3,1,78,salineros,193,190,3,91,219,0,0,0,44,88,0,1,0,4,1,5,0
1492-3,1,79,salineros,193,192,3,109,223,0,0,0,50,94,0,1,0,4,1,3,0
1492-3,1,80,salineros,193,194,3,75,193,0,0,0,56,100,0,0,0,4,1,4,0
1492-3,1,81,salineros,194,195,3,116,204,0,0,0,56,100,0,0,0,4,1,2,0
1492-3,1,82,salineros,224,245,4,49,213,0,0,0,56,102,0,0,0,4,1,4,0
1492-3,1,83,salineros,224,247,4,100,250,0,0,0,94,150,0,0,0,4,1,2,0
1492-3,1,84,salineros,224,249,4,81,281,0,0,0,94,150,0,1,0,4,1,4,0
1492-3,1,85,salineros,225,251,4,115,329,0,0,0,110,166,0,1,0,4,1,4,0
1492-3,1,86,salineros,225,253,4,88,394,0,0,0,126,182,0,0,0,4,1,3,0
1492-3,1,87,salineros,226,255,4,120,459,0,0,0,126,182,0,1,0,4,1,4,0
1492-3,1,88,salineros,226,255,4,59,526,0,0,0,132,190,0,0,0,4,1,7,0
1492-3,1,89,salineros,226,255,4,115,551,0,1,0,92,150,0,0,0,4,1,1,0
1492-3,1,90,salineros,226,255,4,93,580,0,1,0,92,150,0,0,0,4,1,4,0
1492-3,1,91,salineros,226,255,4,148,609,0,2,0,92,150,0,0,0,4,1,1,0
1492-3,1,92,salineros,226,255,4,93,652,0,0,0,106,164,0,0,0,4,1,2,0
1492-3,1,93,salineros,226,255,4,118,681,0,0,0,92,150,0,0,0,4,1,4,0
1492-3,1,94,salineros,226,255,4,117,710,0,0,0,92,150,0,0,0,4,1,4,0
1492-3,1,95,salineros,226,255,4,175,711,0,1,0,64,122,0,0,0,4,1,1,0
1492-3,1,96,salineros,226,255,4,86,712,0,1,0,64,115,0,0,0,4,1,3,0
1492-3,1,97,salineros,226,255,4,95,713,0,2,0,64,115,0,0,0,4,1,2,0
1492-3,1,98,salineros,226,255,4,103,726,0,0,0,78,129,0,0,0,4,1,3,0
1492-3,1,99,salineros,226,255,4,112,720,0,0,0,64,115,0,1,0,4,1,6,0
1492-3,1,100,salineros,226,255,4,51,717,0,1,0,64,115,0,0,0,4,1,4,0
1492-3,1,101,salineros,226,255,4,96,732,0,2,0,78,129,0,0,0,4,1,1,0
1492-3,1,102,salineros,226,255,4,93,761,0,0,0,92,150,0,0,0,4,1,4,0
1492-3,1,103,salineros,226,255,4,116,776,0,0,0,78,136,0,0,0,4,1,2,0
1492-3,1,104,salineros,226,255,4,67,787,0,0,0,78,136,0,0,0,4,1,4,0
1492-3,1,105,salineros,226,255,4,123,802,0,1,0,78,136,0,0,0,4,1,1,0
1492-3,1,106,salineros,226,255,4,93,813,0,1,0,78,136,0,0,0,4,1,6,0
1492-3,1,107,salineros,226,255,4,152,879,0,1,0,132,190,0,0,0,4,1,1,0
1492-3,1,108,salineros,226,255,4,93,948,0,1,0,132,190,0,0,0,4,1,3,0
1492-3,1,109,salineros,226,255,4,107,1017,0,2,0,132,190,0,0,0,4,1,4,0
1492-3,1,110,salineros,226,255,4,117,1100,0,0,0,146,204,0,0,0,4,1,3,0
1492-3,1,111,salineros,226,255,4,62,1169,0,1,0,132,190,0,0,0,4,1,4,0
1492-3,1,112,salineros,226,255,4,119,1238,0,2,0,132,190,0,0,0,4,1,1,0
1492-3,1,113,salineros,226,255,4,43,1281,0,0,0,106,164,0,0,0,4,1,4,0
1492-3,1,114,salineros,226,255,4,102,1306,0,1,0,92,150,0,0,0,4,1,3,0
1492-3,1,115,salineros,226,255,4,93,1331,0,1,0,92,150,0,0,0,4,1,3,0
1492-3,1,116,salineros,226,255,4,107,1360,0,2,0,92,150,0,0,0,4,1,2,0
1492-3,1,117,salineros,226,255,4,117,1403,0,0,0,106,164,0,0,0,4,1,5,0
1492-3,1,118,salineros,226,255,4,62,1432,0,1,0,92,150,0,0,0,4,1,4,0
1492-3,1,119,salineros,226,255,4,119,1429,0,2,0,64,122,0,0,0,4,1,1,0
1492-3,1,120,salineros,226,255,4,86,1444,0,0,0,78,129,0,0,0,4,1,4,0
1492-3,1,121,salineros,226,255,4,138,1441,0,1,0,64,115,0,0,0,4,1,3,0
1492-3,1,122,salineros,226,255,4,86,1438,0,1,0,64,115,0,0,0,4,1,2,0
1492-3,1,123,salineros,226,255,4,105,1439,0,1,0,64,115,0,0,0,4,1,2,0
1492-3,1,124,salineros,226,255,4,103,1440,0,1,0,64,115,0,0,0,4,1,5,0
1492-3,1,125,salineros,226,255,4,103,1455,0,2,0,78,129,0,0,0,4,1,3,0
1492-3,1,126,salineros,226,255,4,108,1484,0,1,0,92,150,0,0,0,4,1,3,0
1492-3,1,127,salineros,226,255,4,108,1499,0,2,0,78,136,0,0,0,4,1,3,0
1492-3,1,128,salineros,226,255,4,108,1528,0,1,0,92,150,0,0,0,4,1,3,0
1492-3,1,129,salineros,226,255,4,108,1539,0,2,0,78,136,0,0,0,4,1,5,0
1492-3,1,130,salineros,226,255,4,108,1564,0,1,0,92,150,0,0,0,4,1,3,0
1492-3,1,131,salineros,226,255,4,108,1633,0,2,0,132,190,0,0,0,4,1,3,0
1492-3,1,132,salineros,226,255,4,108,1716,0,1,0,146,204,0,0,0,4,1,5,0
1492-3,1,133,salineros,226,255,4,110,1785,0,2,0,132,190,0,0,0,4,1,3,0
1492-3,1,134,salineros,226,255,4,60,1868,0,1,0,146,204,0,0,0,4,1,4,0
1492-3,1,135,salineros,226,255,4,112,1937,0,2,0,132,190,0,0,0,4,1,1,0
1492-3,1,136,salineros,226,255,4,93,2020,0,0,0,146,204,0,0,0,4,1,4,0
1492-3,1,137,salineros,226,255,4,147,2045,0,1,0,92,150,0,0,0,4,1,3,0
1492-3,1,138,salineros,226,255,4,93,2070,0,1,0,92,150,0,0,0,4,1,2,0
1492-3,1,139,salineros,226,255,4,117,2099,0,1,0,92,150,0,0,0,4,1,2,0
1492-3,1,140,salineros,226,255,4,117,2128,0,1,0,92,150,0,0,0,4,1,6,0
1492-3,1,141,salineros,226,255,4,175,2157,0,2,0,92,150,0,0,0,4,1,1,0
1492-3,1,142,salineros,226,255,4,93,2200,0,0,0,106,164,0,0,0,4,1,3,0
1492-3,1,143,salineros,226,255,4,122,2201,0,1,0,64,122,0,0,0,4,1,2,0
1492-3,1,144,salineros,226,255,4,110,2202,0,1,0,64,115,0,0,0,4,1,4,0
1492-3,1,145,salineros,226,255,4,162,2199,0,2,0,64,115,0,0,0,4,1,3,0
1492-3,1,146,salineros,226,255,4,86,2210,0,0,0,78,129,0,0,0,4,1,3,0
1492-3,1,147,salineros,226,255,4,106,2211,0,1,0,64,115,0,0,0,4,1,2,0
1492-3,1,148,salineros,226,255,4,103,2212,0,1,0,64,115,0,0,0,4,1,5,0
1492-3,1,149,salineros,226,255,4,104,2227,0,2,0,78,129,0,0,0,4,1,3,0
1492-3,1,150,salineros,226,255,4,108,2256,0,1,0,92,150,0,0,0,4,1,3,0
1492-3,1,151,salineros,226,255,4,109,2271,0,2,0,78,136,0,0,0,4,1,4,0
1492-3,1,152,salineros,226,255,4,108,2300,0,1,0,92,150,0,0,0,4,1,3,0
1492-3,1,153,salineros,226,255,4,109,2311,0,2,0,78,136,0,0,0,4,1,5,0
1492-3,1,154,salineros,226,255,4,108,2336,0,1,0,92,150,0,0,0,4,1,3,0
1492-3,1,155,salineros,226,255,4,109,2405,0,2,0,132,190,0,0,0,4,1,3,0
1492-3,1,156,salineros,226,255,4,108,2488,0,1,0,146,204,0,0,0,4,1,5,0
1492-3,1,157,salineros,226,255,4,109,2557,0,2,0,132,190,0,0,0,4,1,3,0
1492-3,1,158,salineros,226,255,4,108,2640,0,1,0,146,204,0,0,0,4,1,3,0
1492-3,1,159,salineros,226,255,4,111,2709,0,2,0,132,190,0,0,0,4,1,3,0
1492-3,1,160,salineros,226,255,4,60,2792,0,1,0,146,204,0,0,0,4,1,4,0
1492-3,1,161,salineros,226,255,4,113,2806,0,2,0,81,139,0,0,0,4,1,3,0
1492-3,1,162,salineros,226,255,4,93,2834,0,0,0,95,153,0,0,0,4,1,4,0
1492-3,1,163,salineros,226,255,4,148,2852,0,1,0,81,139,0,0,0,4,1,1,0
1492-3,1,164,salineros,226,255,4,93,2870,0,1,0,81,139,0,0,0,4,1,4,0
1492-3,1,165,salineros,226,255,4,88,2848,0,1,0,81,139,0,0,0,4,1,3,0
1492-3,1,166,salineros,226,255,4,117,2866,0,1,0,81,139,0,0,0,4,1,2,0
1492-3,1,167,salineros,269,370,5,112,2867,0,1,0,64,122,0,0,0,4,1,4,0
1492-3,1,168,salineros,269,370,5,164,2839,0,2,0,64,137,0,0,0,4,1,2,0
1492-3,1,169,salineros,269,370,5,47,2819,0,0,0,78,151,0,0,0,4,1,7,0
1492-3,1,170,salineros,269,370,5,124,2789,0,2,0,64,137,0,1,0,4,1,1,0
1492-3,1,171,salineros,269,370,5,97,2784,0,0,0,87,160,0,0,0,4,1,4,0
1492-3,1,172,salineros,269,370,5,161,2765,0,1,0,73,146,0,0,0,4,1,1,0
1492-3,1,173,salineros,269,370,5,97,2763,0,1,0,90,163,0,0,0,4,1,3,0
1492-3,1,174,salineros,269,370,5,123,2761,0,2,0,90,170,0,0,0,4,1,2,0
1492-3,1,175,salineros,269,370,5,128,2773,0,0,0,104,184,0,0,0,4,1,4,0
1492-3,1,176,salineros,269,370,5,180,2771,0,1,0,90,170,0,0,0,4,1,4,0
1492-3,1,177,salineros,269,370,5,117,2769,0,1,0,90,170,0,0,0,4,1,3,0
1492-3,1,178,salineros,269,370,5,137,2767,0,2,0,90,170,0,0,0,4,1,4,0
1492-3,1,179,salineros,269,370,5,178,2845,0,1,0,170,250,0,0,0,4,1,2,0
1492-3,1,180,salineros,269,370,5,172,2909,0,1,0,156,236,0,0,0,4,1,3,0
1492-3,1,181,salineros,269,370,5,135,2973,0,2,0,156,236,0,0,0,4,1,3,0
1492-3,1,182,salineros,269,370,5,129,3047,0,0,0,170,250,0,0,0,4,1,6,0
1492-3,1,183,salineros,269,370,5,187,3111,0,1,0,156,236,0,0,0,4,1,2,0
1492-3,1,184,salineros,269,370,5,169,3175,0,1,0,156,236,0,0,0,4,1,3,0
1492-3,1,185,salineros,269,370,5,142,3190,0,2,0,107,187,0,0,0,4,1,3,0
1492-3,1,186,salineros,269,370,5,132,3219,0,1,0,121,201,0,0,0,4,1,4,0
1492-3,1,187,salineros,269,370,5,176,3234,0,2,0,107,187,0,0,0,4,1,3,0
1492-3,1,188,salineros,269,370,5,148,3263,0,1,0,121,201,0,0,0,4,1,6,0
1492-3,1,189,salineros,269,370,5,169,3278,0,3,0,107,187,0,0,0,4,1,1,0
1492-3,1,190,salineros,269,370,5,134,3307,0,1,0,121,201,0,0,0,4,1,4,0
1492-3,1,191,salineros,269,370,5,217,3288,0,2,0,73,153,0,0,0,4,1,1,0
1492-3,1,192,salineros,269,370,5,177,3283,0,0,0,87,160,0,0,0,4,1,3,0
1492-3,1,193,salineros,269,370,5,164,3264,0,1,0,73,146,0,0,0,4,1,2,0
1492-3,1,194,salineros,269,370,5,151,3238,0,1,0,73,146,0,0,0,4,1,7,0
1492-3,1,195,salineros,269,370,5,222,3217,0,2,0,73,146,0,1,0,4,1,1,0
1492-3,1,196,salineros,269,370,5,177,3212,0,0,0,87,160,0,0,0,4,1,3,0
1492-3,1,197,salineros,269,370,5,168,3210,0,1,0,90,163,0,0,0,4,1,2,0
1492-3,1,198,salineros,269,370,5,158,3208,0,1,0,90,170,0,0,0,4,1,4,0
1492-3,1,199,salineros,269,370,5,221,3206,0,2,0,90,170,0,0,0,4,1,2,0
1492-3,1,200,salineros,269,373,5,197,3218,0,0,0,104,184,0,0,0,4,1,5,0
1492,6,1,arrieros,34,56,1,36,69,0,0,0,12,24,0,0,0,0,1,4,0
1492,6,2,arrieros,34,56,1,37,63,0,0,0,12,17,0,0,0,0,,0,0
1492,6,3,arrieros,34,56,1,38,57,0,0,0,12,17,0,0,0,0,,0,0
1492,6,4,arrieros,34,56,1,39,51,0,0,0,12,17,0,0,0,0,,0,0
1492,6,5,arrieros,34,58,1,40,49,0,0,0,16,21,0,1,0,0,,0,0
1492,6,6,arrieros,35,60,1,54,49,0,0,0,16,34,0,0,0,0,,0,0
1492,6,7,arrieros,34,58,1,58,43,0,0,0,16,36,0,0,0,0,1,5,0
1492,6,8,arrieros,35,60,1,72,44,0,0,0,16,34,0,0,0,0,,0,0
1492,6,9,arrieros,35,60,1,88,44,0,0,0,16,36,0,0,0,0,,0,0
1492,6,10,arrieros,35,60,1,104,44,0,0,0,16,36,0,0,0,0,,0,0
1492,6,11,arrieros,35,60,1,120,59,0,0,0,32,52,0,0,0,0,,0,0
1492,6,12,arrieros,35,60,1,136,73,0,0,0,32,52,0,0,0,0,,0,0
1492,6,13,arrieros,34,58,1,83,66,0,0,0,32,52,0,0,0,0,1,7,0
1492,6,14,arrieros,35,60,1,97,81,0,0,0,32,50,0,0,0,0,,0,0
1492,6,15,arrieros,35,60,1,113,95,0,0,0,32,52,0,0,0,0,,0,0
1492,6,16,arrieros,50,60,1,129,108,0,0,0,32,52,0,0,0,1,,0,0
1492,6,17,arrieros,50,60,1,145,112,0,0,0,23,43,0,0,0,1,,0,0
1492,6,18,arrieros,63,60,1,161,116,0,0,0,23,43,0,0,0,2,,0,0
1492,6,19,arrieros,62,58,1,40,122,0,0,0,23,43,0,0,0,2,1,6,0
1492,6,20,arrieros,63,60,1,54,126,0,0,0,23,41,0,0,0,2,,0,0
1492,6,21,arrieros,63,60,1,70,129,0,0,0,23,43,0,0,0,2,,0,0
1492,6,22,arrieros,63,60,1,86,132,0,0,0,23,43,0,0,0,2,,0,0
1492,6,23,arrieros,63,60,1,102,116,0,0,0,12,32,0,0,0,2,,0,0
1492,6,24,arrieros,63,60,1,112,109,0,0,0,12,26,0,0,0,2,,0,0
1492,6,25,arrieros,62,56,1,79,75,0,0,0,12,26,0,0,0,2,1,6,0
1492,6,26,arrieros,62,56,1,88,69,0,0,0,12,25,0,0,0,2,,0,0
1492,6,27,arrieros,65,56,1,97,63,0,0,0,12,25,0,1,0,2,,0,0
1492,6,28,arrieros,65,56,1,106,59,0,0,0,12,31,0,0,0,2,,0,0
1492,6,29,arrieros,65,58,1,115,63,0,0,0,20,39,0,0,0,2,,0,0
1492,6,30,arrieros,66,60,1,129,67,0,0,0,20,44,0,0,0,2,,0,0
1492,6,31,arrieros,65,58,1,35,64,0,0,0,20,46,0,0,0,2,1,10,0
1492,6,32,arrieros,66,60,1,49,66,0,0,0,20,44,0,1,0,2,,0,0
1492,6,33,arrieros,66,60,1,65,69,0,0,0,20,46,0,0,0,2,,0,0
1492,6,34,arrieros,66,60,1,81,72,0,0,0,20,46,0,0,0,2,,0,0
1492,6,35,arrieros,66,60,1,97,86,0,0,0,32,58,0,0,0,2,,0,0
1492,6,36,arrieros,66,60,1,113,99,0,0,0,32,58,0,0,0,2,,0,0
1492,6,37,arrieros,66,60,1,207,109,0,0,0,22,48,0,0,0,2,1,2,0
1492,6,38,arrieros,66,60,1,223,112,0,0,0,22,48,0,0,0,2,,0,0
1492,6,39,arrieros,69,60,1,239,115,0,0,0,22,48,0,0,0,2,,0,0
1492,6,40,arrieros,69,60,1,255,118,0,0,0,22,48,0,0,0,2,,0,0
1492,6,41,arrieros,69,60,1,271,113,0,0,0,14,40,0,0,0,2,,0,0
1492,6,42,arrieros,69,60,1,287,108,0,0,0,14,40,0,0,0,2,,0,0
1492,6,43,arrieros,69,60,1,358,97,0,0,0,20,46,0,0,0,2,1,7,0
1492,6,44,arrieros,69,60,1,374,98,0,0,0,20,46,0,0,0,2,,0,0
1492,6,45,arrieros,72,60,1,390,99,0,0,0,20,46,0,0,0,2,,0,0
1492,6,46,arrieros,72,60,1,406,100,0,0,0,20,46,0,0,0,2,,0,0
1492,6,47,arrieros,72,60,1,422,86,0,0,0,12,38,0,0,0,2,,0,0
1492,6,48,arrieros,72,60,1,432,80,0,0,0,12,32,0,0,0,2,,0,0
1492,6,49,arrieros,72,60,1,496,72,0,0,0,9,29,0,0,0,2,1,4,0
1492,6,50,arrieros,72,60,1,506,64,0,0,0,9,29,0,0,0,2,,0,0
1492,6,51,arrieros,72,60,1,516,56,0,0,0,9,29,0,0,0,2,,0,0
1492,6,52,arrieros,72,60,1,526,48,0,0,0,9,29,0,0,0,2,,0,0
1492,6,53,arrieros,72,60,1,536,48,0,0,0,16,36,0,0,0,2,,0,0
1492,6,54,arrieros,72,60,1,552,48,0,0,0,16,42,0,0,0,2,,0,0
1492,6,55,arrieros,72,60,1,622,48,0,0,0,16,42,0,0,0,2,1,4,0
1492,6,56,arrieros,72,60,1,638,48,0,0,0,16,42,0,0,0,2,,0,0
1492,6,57,arrieros,72,60,1,654,48,0,0,0,16,42,0,0,0,2,,0,0
1492,6,58,arrieros,72,60,1,670,48,0,0,0,16,42,0,0,0,2,,0,0
1492,6,59,arrieros,72,60,1,686,63,0,0,0,32,58,0,0,0,2,,0,0
1492,6,60,arrieros,72,60,1,702,77,0,0,0,32,58,0,0,0,2,,0,0
1492,6,61,arrieros,72,60,1,742,52,0,0,0,32,58,0,0,0,2,1,3,0
1492,6,62,arrieros,72,60,1,758,67,0,0,0,32,58,0,0,0,2,,0,0
1492,6,63,arrieros,118,91,2,774,81,0,0,0,32,58,0,0,0,3,,0,0
1492,6,64,arrieros,118,92,2,783,88,0,0,0,32,64,0,0,0,3,,0,0
1492,6,65,arrieros,118,92,2,792,82,0,0,0,20,52,0,0,0,3,,0,0
1492,6,66,arrieros,118,92,2,801,76,0,0,0,20,52,0,0,0,3,,0,0
1492,6,67,arrieros,118,92,2,823,8,0,0,0,20,52,0,0,0,3,1,10,0
1492,6,68,arrieros,118,92,2,832,3,0,0,0,20,52,0,1,0,3,,0,0
1492,6,69,arrieros,176,132,3,841,5,0,0,0,25,57,0,0,0,4,,0,0
1492,6,70,arrieros,175,132,3,845,0,0,0,0,25,65,1,0,0,4,,0,0
1492,6,71,arrieros,177,132,3,849,0,0,0,0,12,52,1,0,0,4,,0,0
1492,6,72,arrieros,175,129,3,847,0,0,0,0,11,45,1,0,0,4,,0,0
1492,6,73,arrieros,174,126,3,895,0,0,0,0,14,45,1,0,0,4,1,11,0
1492,6,74,arrieros,172,123,3,890,0,0,0,0,14,41,1,0,0,4,,0,0
1492,6,75,arrieros,171,120,3,884,0,0,0,0,14,40,1,0,0,4,,0,0
1492,6,76,arrieros,169,117,3,878,0,0,0,0,14,40,1,0,0,4,,0,0
1492,6,77,arrieros,167,114,3,872,0,0,0,0,16,41,1,0,0,4,,0,0
1492,6,78,arrieros,166,111,3,871,0,0,0,0,17,47,1,0,0,4,,0,0
1492,6,79,arrieros,73,52,1,923,0,0,0,0,14,37,1,0,0,4,1,3,0
1492,6,80,arrieros,72,51,1,931,0,0,0,0,12,27,1,0,0,4,,0,0
1492,6,81,arrieros,72,51,1,929,0,0,0,0,12,27,0,0,0,4,,0,0
1492,6,82,arrieros,71,51,1,937,0,0,0,0,12,27,1,1,0,4,,0,0
1492,6,83,arrieros,71,51,1,945,24,0,0,0,36,51,0,0,0,4,,0,0
1492,6,84,arrieros,71,53,1,953,53,0,0,0,43,59,0,0,0,4,,0,0
1492,6,85,arrieros,72,55,1,984,42,0,0,0,43,59,0,0,0,4,1,3,0
1492,6,86,arrieros,72,57,1,992,70,0,0,0,43,59,0,0,0,4,,0,0
1492,6,87,arrieros,99,90,2,1000,96,0,0,0,43,59,0,0,0,4,,0,0
1492,6,88,arrieros,99,92,2,1001,118,0,0,0,48,71,0,0,0,4,,0,0
1492,6,89,arrieros,99,93,2,1003,120,0,0,0,30,54,0,0,0,4,,0,0
1492,6,90,arrieros,99,94,2,1005,122,0,0,0,30,54,0,0,0,4,,0,0
1492,6,91,arrieros,100,95,2,1020,64,0,0,0,30,54,0,0,0,4,1,10,0
1492,6,92,arrieros,100,96,2,1022,67,0,0,0,30,54,0,1,0,4,,0,0
1492,6,93,arrieros,126,128,3,1024,75,0,0,0,35,59,0,0,0,4,,0,0
1492,6,94,arrieros,127,130,3,1019,75,0,0,0,35,65,0,0,0,4,,0,0
1492,6,95,arrieros,127,130,3,1014,62,0,0,0,21,51,0,0,0,4,,0,0
1492,6,96,arrieros,127,130,3,1009,49,0,0,0,21,51,0,0,0,4,,0,0
1492,6,97,arrieros,127,130,3,997,37,0,0,0,21,51,0,0,0,4,1,5,0
1492,6,98,arrieros,127,130,3,992,24,0,0,0,21,51,0,0,0,4,,0,0
1492,6,99,arrieros,127,130,3,987,11,0,0,0,21,51,0,1,0,4,,0,0
1492,6,100,arrieros,127,130,3,982,3,0,0,0,24,54,0,0,0,4,,0,0
1492,6,101,arrieros,127,130,3,977,3,0,0,0,32,62,0,0,0,4,,0,0
1492,6,102,arrieros,127,130,3,976,3,0,0,0,32,66,0,0,0,4,,0,0
1492,6,103,arrieros,127,130,3,1028,3,0,0,0,32,66,0,0,0,4,1,4,0
1492,6,104,arrieros,127,130,3,1027,3,0,0,0,32,62,0,0,0,4,,0,0
1492,6,105,arrieros,127,130,3,1026,3,0,0,0,32,62,0,0,0,4,,0,0
1492,6,106,arrieros,127,130,3,1025,3,0,0,0,32,62,0,0,0,4,,0,0
1492,6,107,arrieros,127,132,3,1024,34,0,0,0,64,94,0,0,0,4,,0,0
1492,6,108,arrieros,127,134,3,1023,63,0,0,0,64,94,0,0,0,4,,0,0
1492,6,109,arrieros,131,137,3,1075,92,0,0,0,65,95,0,0,0,4,1,3,0
1492,6,110,arrieros,132,140,3,1074,119,0,0,0,65,91,0,0,0,4,,0,0
1492,6,111,arrieros,132,143,3,1073,144,0,0,0,65,91,0,0,0,4,,0,0
1492,6,112,arrieros,133,146,3,1072,168,0,0,0,65,91,0,0,0,4,,0,0
1492,6,113,arrieros,133,149,3,1071,167,0,0,0,41,67,0,0,0,4,,0,0
1492,6,114,arrieros,134,152,3,1071,165,0,0,0,41,68,0,0,0,4,,0,0
1492,6,115,arrieros,135,156,3,1094,124,0,0,0,42,69,0,0,0,4,1,8,0
1492,6,116,arrieros,136,160,3,1098,122,0,0,0,42,73,0,0,0,4,,0,0
1492,6,117,arrieros,167,215,4,1102,120,0,0,0,42,73,0,0,0,4,,0,0
1492,6,118,arrieros,167,215,4,1100,105,0,0,0,42,83,0,0,0,4,,0,0
1492,6,119,arrieros,167,215,4,1098,73,0,0,0,24,65,0,0,0,4,,0,0
1492,6,120,arrieros,167,215,4,1092,43,0,0,0,24,61,0,0,0,4,,0,0
1492,6,121,arrieros,166,215,4,1139,40,0,0,0,24,61,1,0,0,4,1,5,0
1492,6,122,arrieros,165,215,4,1136,40,0,0,0,24,64,1,0,0,4,,0,0
1492,6,123,arrieros,163,211,4,1133,40,0,0,0,24,64,1,0,0,4,,0,0
1492,6,124,arrieros,161,207,4,1129,40,0,0,0,24,63,1,0,0,4,,0,0
1492,6,125,arrieros,159,203,4,1125,40,0,0,0,32,71,1,0,0,4,,0,0
1492,6,126,arrieros,157,199,4,1125,40,0,0,0,32,75,1,0,0,4,,0,0
1492,6,127,arrieros,156,195,4,1178,40,0,0,0,31,74,1,0,0,4,1,3,0
1492,6,128,arrieros,154,191,4,1174,40,0,0,0,30,65,1,0,0,4,,0,0
1492,6,129,arrieros,102,139,3,1169,40,0,0,0,26,57,1,0,0,4,,0,0
1492,6,130,arrieros,101,136,3,1172,40,0,0,0,25,54,1,0,0,4,,0,0
1492,6,131,arrieros,101,136,3,1145,19,0,0,0,53,82,0,0,0,4,,0,0
1492,6,132,arrieros,102,141,3,1148,37,0,0,0,53,82,0,0,0,4,,0,0
1492,6,133,arrieros,80,134,3,1206,53,0,0,0,48,75,0,0,0,4,1,3,0
1492,6,134,arrieros,31,85,2,1204,66,0,0,0,43,67,0,0,0,4,,0,0
1492,6,135,arrieros,31,88,2,1204,85,0,0,0,43,67,0,0,0,4,,0,0
1492,6,136,arrieros,31,89,2,1205,102,0,0,0,43,68,0,0,0,4,,0,0
1492,6,137,arrieros,32,90,2,1206,106,0,0,0,30,56,0,0,0,4,,0,0
1492,6,138,arrieros,32,91,2,1209,110,0,0,0,30,58,0,0,0,4,,0,0
1492,6,139,arrieros,32,92,2,1225,55,0,0,0,30,58,0,0,0,4,1,10,0
1492,6,140,arrieros,32,93,2,1228,58,0,0,0,30,58,0,1,0,4,,0,0
1492,6,141,arrieros,59,127,3,1231,68,0,0,0,35,63,0,0,0,4,,0,0
1492,6,142,arrieros,59,129,3,1227,70,0,0,0,35,69,0,0,0,4,,0,0
1492,6,143,arrieros,59,129,3,1223,57,0,0,0,21,55,0,0,0,4,,0,0
1492,6,144,arrieros,59,129,3,1215,45,0,0,0,21,51,0,0,0,4,,0,0
1492,6,145,arrieros,59,129,3,1250,33,0,0,0,21,51,0,0,0,4,1,5,0
1492,6,146,arrieros,59,129,3,1242,20,0,0,0,21,47,0,0,0,4,,0,0
1492,6,147,arrieros,59,129,3,1234,7,0,0,0,21,47,0,1,0,4,,0,0
1492,6,148,arrieros,59,129,3,1226,0,0,0,0,25,51,0,0,0,4,,0,0
1492,6,149,arrieros,59,129,3,1218,1,0,0,0,33,59,0,0,0,4,,0,0
1492,6,150,arrieros,62,129,3,1214,2,0,0,0,33,63,0,0,0,4,,0,0
1492,6,151,arrieros,62,129,3,1213,3,0,0,0,33,63,0,0,0,4,1,9,0
1492,6,152,arrieros,62,129,3,1209,4,0,0,0,33,63,0,0,0,4,,0,0
1492,6,153,arrieros,62,129,3,1205,5,0,0,0,33,63,0,0,0,4,,0,0
1492,6,154,arrieros,62,129,3,1201,6,0,0,0,33,63,0,0,0,4,,0,0
1492,6,155,arrieros,63,131,3,1197,41,0,0,0,68,98,0,0,0,4,,0,0
1492,6,156,arrieros,63,133,3,1193,74,0,0,0,68,98,0,0,0,4,,0,0
1492,6,157,arrieros,64,135,3,1242,105,0,0,0,68,98,0,0,0,4,1,3,0
1492,6,158,arrieros,64,137,3,1240,135,0,0,0,68,100,0,0,0,4,,0,0
1492,6,159,arrieros,64,139,3,1238,163,0,0,0,68,100,0,0,0,4,,0,0
1492,6,160,arrieros,65,142,3,1237,188,0,0,0,66,99,0,0,0,4,,0,0
1492,6,161,arrieros,65,142,3,1238,176,0,0,0,30,65,0,0,0,4,,0,0
1492,6,162,arrieros,65,142,3,1239,165,0,0,0,30,65,0,0,0,4,,0,0
1492,6,163,arrieros,65,142,3,1283,132,0,0,0,30,65,0,0,0,4,1,10,0
1492,6,164,arrieros,65,142,3,1282,120,0,0,0,30,59,0,1,0,4,,0,0
1492,6,165,arrieros,66,146,3,1281,117,0,0,0,36,65,0,0,0,4,,0,0
1492,6,166,arrieros,66,146,3,1280,113,0,0,0,36,65,0,0,0,4,,0,0
1492,6,167,arrieros,66,146,3,1279,86,0,0,0,29,58,0,0,0,4,,0,0
1492,6,168,arrieros,66,146,3,1274,76,0,0,0,29,54,0,0,0,4,,0,0
1492,6,169,arrieros,66,146,3,1272,71,0,0,0,33,58,0,0,0,4,1,3,0
1492,6,170,arrieros,66,146,3,1267,66,0,0,0,33,58,0,0,0,4,,0,0
1492,6,171,arrieros,66,146,3,1262,62,0,0,0,34,59,0,0,0,4,,0,0
1492,6,172,arrieros,66,146,3,1257,58,0,0,0,34,59,0,0,0,4,,0,0
1492,6,173,arrieros,70,150,3,1252,60,0,0,0,40,65,0,0,0,4,,0,0
1492,6,174,arrieros,70,154,3,1251,61,0,0,0,40,69,0,0,0,4,,0,0
1492,6,175,arrieros,70,154,3,1303,63,0,0,0,40,69,0,0,0,4,1,8,0
1492,6,176,arrieros,70,154,3,1305,64,0,0,0,40,72,0,0,0,4,,0,0
1492,6,177,arrieros,70,154,3,1307,65,0,0,0,40,72,0,0,0,4,,0,0
1492,6,178,arrieros,70,154,3,1309,66,0,0,0,40,72,0,0,0,4,,0,0
1492,6,179,arrieros,71,158,3,1311,108,0,0,0,82,114,0,0,0,4,,0,0
1492,6,180,arrieros,72,162,3,1315,147,0,0,0,82,116,0,0,0,4,,0,0
1492,6,181,arrieros,73,166,3,1324,184,0,0,0,82,118,0,0,0,4,1,3,0
1492,6,182,arrieros,74,170,3,1330,218,0,0,0,82,118,0,0,0,4,,0,0
1492,6,183,arrieros,74,174,3,1336,250,0,0,0,82,118,0,0,0,4,,0,0
1492,6,184,arrieros,75,178,3,1342,280,0,0,0,82,118,0,0,0,4,,0,0
1492,6,185,arrieros,76,180,3,1349,279,0,0,0,52,89,0,0,0,4,,0,0
1492,6,186,arrieros,76,180,3,1357,277,0,0,0,52,90,0,0,0,4,,0,0
1492,6,187,arrieros,76,180,3,1368,275,0,0,0,52,90,0,0,0,4,1,3,0
1492,6,188,arrieros,76,180,3,1376,273,0,0,0,52,90,0,0,0,4,,0,0
1492,6,189,arrieros,76,180,3,1384,271,0,0,0,52,90,0,0,0,4,,0,0
1492,6,190,arrieros,76,180,3,1392,269,0,0,0,52,90,0,0,0,4,,0,0
1492,6,191,arrieros,76,180,3,1400,250,0,0,0,34,72,0,0,0,4,,0,0
1492,6,192,arrieros,76,180,3,1404,232,0,0,0,34,68,0,0,0,4,,0,0
1492,6,193,arrieros,76,180,3,1411,186,0,0,0,30,64,0,0,0,4,1,9,0
1492,6,194,arrieros,76,180,3,1415,166,0,0,0,30,64,0,0,0,4,,0,0
1492,6,195,arrieros,76,180,3,1419,147,0,0,0,30,64,0,0,0,4,,0,0
1492,6,196,arrieros,76,180,3,1423,129,0,0,0,30,64,0,0,0,4,,0,0
1492,6,197,arrieros,76,180,3,1427,121,0,0,0,40,74,0,0,0,4,,0,0
1492,6,198,arrieros,76,180,3,1435,113,0,0,0,40,78,0,0,0,4,,0,0
1492,6,199,arrieros,76,180,3,1446,106,0,0,0,40,78,0,0,0,4,1,3,0
1492,6,200,arrieros,76,180,3,1454,99,0,0,0,40,78,0,0,0,4,,0,0
1492,6,1,canteros,46,116,1,45,50,0,0,0,12,36,0,0,0,0,1,4,0
1492,6,2,canteros,46,116,1,52,30,0,0,0,12,23,0,0,0,0,,0,0
1492,6,3,canteros,46,116,1,59,11,0,0,0,12,23,0,1,0,0,,0,0
1492,6,4,canteros,45,116,1,66,0,0,0,0,12,29,1,0,0,0,,0,0
1492,6,5,canteros,44,116,1,73,0,0,0,0,16,32,1,0,0,0,,0,0
1492,6,6,canteros,42,113,1,91,0,0,0,0,16,43,1,0,0,0,,0,0
1492,6,7,canteros,41,110,1,109,0,0,0,0,16,43,1,0,0,0,1,1,0
1492,6,8,canteros,39,107,1,127,0,0,0,0,16,43,1,0,0,0,,0,0
1492,6,9,canteros,37,104,1,143,0,0,0,0,16,41,1,0,0,0,,0,0
1492,6,10,canteros,36,101,1,159,0,0,0,0,14,39,1,0,0,0,,0,0
1492,6,11,canteros,36,101,1,165,3,0,0,0,28,53,0,0,0,0,,0,0
1492,6,12,canteros,36,101,1,181,4,0,0,0,28,52,0,1,0,0,,0,0
1492,6,13,canteros,36,101,1,177,22,0,0,0,43,67,0,0,0,0,1,2,0
1492,6,14,canteros,36,101,1,181,37,0,0,0,43,54,0,0,0,0,,0,0
1492,6,15,canteros,36,101,1,185,51,0,0,0,43,54,0,1,0,0,,0,0
1492,6,16,canteros,36,101,1,197,67,0,0,0,43,62,0,0,0,0,,0,0
1492,6,17,canteros,36,101,1,209,70,0,0,0,30,50,0,0,0,0,,0,0
1492,6,18,canteros,51,101,1,221,72,0,0,0,30,50,0,0,0,1,,0,0
1492,6,19,canteros,50,97,1,93,65,0,0,0,30,50,0,0,0,1,1,4,0
1492,6,20,canteros,50,97,1,104,69,0,0,0,30,49,0,0,0,1,,0,0
1492,6,21,canteros,50,97,1,115,72,0,0,0,30,48,0,0,0,1,,0,0
1492,6,22,canteros,50,97,1,126,75,0,0,0,30,48,0,0,0,1,,0,0
1492,6,23,canteros,50,97,1,137,67,0,0,0,18,36,0,0,0,1,,0,0
1492,6,24,canteros,50,97,1,148,59,0,0,0,18,36,0,0,0,1,,0,0
1492,6,25,canteros,50,97,1,159,61,0,0,0,18,36,0,0,0,1,1,3,0
1492,6,26,canteros,50,97,1,170,53,0,0,0,18,36,0,0,0,1,,0,0
1492,6,27,canteros,50,97,1,181,46,0,0,0,18,36,0,0,0,1,,0,0
1492,6,28,canteros,50,97,1,192,39,0,0,0,18,36,0,0,0,1,,0,0
1492,6,29,canteros,50,97,1,203,38,0,0,0,24,42,0,0,0,1,,0,0
1492,6,30,canteros,50,97,1,220,37,0,0,0,24,48,0,0,0,1,,0,0
1492,6,31,canteros,50,97,1,171,45,0,0,0,24,48,0,0,0,1,1,2,0
1492,6,32,canteros,50,97,1,188,44,0,0,0,24,48,0,0,0,1,,0,0
1492,6,33,canteros,50,97,1,205,43,0,0,0,24,48,0,0,0,1,,0,0
1492,6,34,canteros,50,97,1,222,42,0,0,0,24,48,0,0,0,1,,0,0
1492,6,35,canteros,50,97,1,239,64,0,0,0,48,72,0,0,0,1,,0,0
1492,6,36,canteros,50,97,1,256,85,0,0,0,48,72,0,0,0,1,,0,0
1492,6,37,canteros,49,93,1,220,96,0,0,0,48,72,0,0,0,1,1,6,0
1492,6,38,canteros,49,93,1,237,117,0,0,0,48,71,0,0,0,1,,0,0
1492,6,39,canteros,49,93,1,254,137,0,0,0,48,71,0,0,0,1,,0,0
1492,6,40,canteros,49,93,1,271,156,0,0,0,48,71,0,0,0,1,,0,0
1492,6,41,canteros,62,93,1,288,157,0,0,0,30,53,0,0,0,2,,0,0
1492,6,42,canteros,62,93,1,305,158,0,0,0,30,53,0,0,0,2,,0,0
1492,6,43,canteros,62,93,1,289,169,0,0,0,30,53,0,0,0,2,1,4,0
1492,6,44,canteros,65,93,1,306,169,0,0,0,30,53,0,0,0,2,,0,0
1492,6,45,canteros,65,93,1,323,169,0,0,0,30,53,0,0,0,2,,0,0
1492,6,46,canteros,65,93,1,340,169,0,0,0,30,53,0,0,0,2,,0,0
1492,6,47,canteros,65,93,1,357,158,0,0,0,18,41,0,0,0,2,,0,0
1492,6,48,canteros,65,93,1,368,147,0,0,0,18,35,0,0,0,2,,0,0
1492,6,49,canteros,65,93,1,337,137,0,0,0,18,35,0,0,0,2,1,4,0
1492,6,50,canteros,65,93,1,348,127,0,0,0,18,35,0,0,0,2,,0,0
1492,6,51,canteros,65,93,1,359,118,0,0,0,18,35,0,0,0,2,,0,0
1492,6,52,canteros,65,93,1,370,109,0,0,0,18,35,0,0,0,2,,0,0
1492,6,53,canteros,68,93,1,381,106,0,0,0,24,41,0,0,0,2,,0,0
1492,6,54,canteros,68,93,1,398,103,0,0,0,24,47,0,0,0,2,,0,0
1492,6,55,canteros,68,93,1,373,100,0,0,0,24,46,0,0,0,2,1,4,0
1492,6,56,canteros,68,93,1,390,97,0,0,0,24,46,0,0,0,2,,0,0
1492,6,57,canteros,68,93,1,407,95,0,0,0,24,46,0,0,0,2,,0,0
1492,6,58,canteros,68,93,1,424,93,0,0,0,24,46,0,0,0,2,,0,0
1492,6,59,canteros,68,93,1,441,114,0,0,0,48,70,0,0,0,2,,0,0
1492,6,60,canteros,68,93,1,458,134,0,0,0,48,70,0,0,0,2,,0,0
1492,6,61,canteros,68,93,1,443,160,0,0,0,48,70,0,0,0,2,1,5,0
1492,6,62,canteros,68,93,1,460,178,0,0,0,48,70,0,0,0,2,,0,0
1492,6,63,canteros,68,93,1,477,195,0,0,0,48,70,0,0,0,2,,0,0
1492,6,64,canteros,71,93,1,494,212,0,0,0,48,70,0,0,0,2,,0,0
1492,6,65,canteros,71,93,1,511,216,0,0,0,35,57,0,0,0,2,,0,0
1492,6,66,canteros,71,93,1,528,219,0,0,0,35,57,0,0,0,2,,0,0
1492,6,67,canteros,71,93,1,512,232,0,0,0,35,57,0,0,0,2,1,4,0
1492,6,68,canteros,71,93,1,529,235,0,0,0,35,57,0,0,0,2,,0,0
1492,6,69,canteros,71,93,1,546,238,0,0,0,35,57,0,0,0,2,,0,0
1492,6,70,canteros,71,93,1,563,240,0,0,0,35,57,0,0,0,2,,0,0
1492,6,71,canteros,71,93,1,580,226,0,0,0,18,40,0,0,0,2,,0,0
1492,6,72,canteros,71,93,1,591,213,0,0,0,18,34,0,0,0,2,,0,0
1492,6,73,canteros,71,93,1,560,200,0,0,0,18,34,0,0,0,2,1,2,0
1492,6,74,canteros,71,93,1,571,188,0,0,0,18,34,0,0,0,2,,0,0
1492,6,75,canteros,71,93,1,582,176,0,0,0,18,34,0,0,0,2,,0,0
1492,6,76,canteros,71,93,1,593,165,0,0,0,18,34,0,0,0,2,,0,0
1492,6,77,canteros,71,93,1,604,160,0,0,0,24,40,0,0,0,2,,0,0
1492,6,78,canteros,71,93,1,621,155,0,0,0,24,46,0,0,0,2,,0,0
1492,6,79,canteros,71,93,1,595,150,0,0,0,24,46,0,0,0,2,1,2,0
1492,6,80,canteros,71,93,1,612,145,0,0,0,24,46,0,0,0,2,,0,0
1492,6,81,canteros,71,93,1,629,141,0,0,0,24,46,0,0,0,2,,0,0
1492,6,82,canteros,71,93,1,646,137,0,0,0,24,46,0,0,0,2,,0,0
1492,6,83,canteros,71,93,1,663,156,0,0,0,48,70,0,0,0,2,,0,0
1492,6,84,canteros,71,93,1,680,174,0,0,0,48,70,0,0,0,2,,0,0
1492,6,85,canteros,71,93,1,654,192,0,0,0,48,70,0,0,0,2,1,2,0
1492,6,86,canteros,71,93,1,671,209,0,0,0,48,70,0,0,0,2,,0,0
1492,6,87,canteros,71,93,1,688,225,0,0,0,48,70,0,0,0,2,,0,0
1492,6,88,canteros,71,93,1,705,240,0,0,0,48,70,0,0,0,2,,0,0
1492,6,89,canteros,71,93,1,722,238,0,0,0,30,52,0,0,0,2,,0,0
1492,6,90,canteros,71,93,1,739,236,0,0,0,30,52,0,0,0,2,,0,0
1492,6,91,canteros,71,93,1,713,234,0,0,0,30,52,0,0,0,2,1,2,0
1492,6,92,canteros,71,93,1,730,232,0,0,0,30,52,0,0,0,2,,0,0
1492,6,93,canteros,71,93,1,747,230,0,0,0,30,52,0,0,0,2,,0,0
1492,6,94,canteros,71,93,1,764,228,0,0,0,30,52,0,0,0,2,,0,0
1492,6,95,canteros,71,93,1,781,215,0,0,0,18,40,0,0,0,2,,0,0
1492,6,96,canteros,71,93,1,792,202,0,0,0,18,34,0,0,0,2,,0,0
1492,6,97,canteros,71,93,1,760,190,0,0,0,18,34,0,0,0,2,1,2,0
1492,6,98,canteros,71,93,1,771,178,0,0,0,18,34,0,0,0,2,,0,0
1492,6,99,canteros,71,93,1,782,167,0,0,0,18,34,0,0,0,2,,0,0
1492,6,100,canteros,71,93,1,793,156,0,0,0,18,34,0,0,0,2,,0,0
1492,6,101,canteros,71,93,1,804,151,0,0,0,24,40,0,0,0,2,,0,0
1492,6,102,canteros,71,93,1,821,146,0,0,0,24,46,0,0,0,2,,0,0
1492,6,103,canteros,71,93,1,798,142,0,0,0,24,46,0,0,0,2,1,2,0
1492,6,104,canteros,71,93,1,809,136,0,0,0,24,46,0,0,0,2,,0,0
1492,6,105,canteros,71,93,1,820,130,0,0,0,24,46,0,0,0,2,,0,0
1492,6,106,canteros,71,93,1,837,124,0,0,0,24,46,0,0,0,2,,0,0
1492,6,107,canteros,71,93,1,854,142,0,0,0,48,70,0,0,0,2,,0,0
1492,6,108,canteros,71,93,1,871,159,0,0,0,48,70,0,0,0,2,,0,0
1492,6,109,canteros,71,93,1,768,175,0,0,0,48,70,0,0,0,2,1,2,0
1492,6,110,canteros,71,93,1,785,191,0,0,0,48,70,0,0,0,2,,0,0
1492,6,111,canteros,71,93,1,802,206,0,0,0,48,70,0,0,0,2,,0,0
1492,6,112,canteros,71,93,1,819,220,0,0,0,48,70,0,0,0,2,,0,0
1492,6,113,canteros,71,93,1,836,216,0,0,0,30,52,0,0,0,2,,0,0
1492,6,114,canteros,71,93,1,853,213,0,0,0,30,52,0,0,0,2,,0,0
1492,6,115,canteros,71,93,1,822,210,0,0,0,30,52,0,0,0,2,1,2,0
1492,6,116,canteros,71,93,1,833,207,0,0,0,30,52,0,0,0,2,,0,0
1492,6,117,canteros,71,93,1,850,204,0,0,0,30,52,0,0,0,2,,0,0
1492,6,118,canteros,71,93,1,867,201,0,0,0,30,52,0,0,0,2,,0,0
1492,6,119,canteros,71,93,1,884,187,0,0,0,18,40,0,0,0,2,,0,0
1492,6,120,canteros,71,93,1,895,173,0,0,0,18,34,0,0,0,2,,0,0
1492,6,121,canteros,71,93,1,858,160,0,0,0,18,34,0,0,0,2,1,2,0
1492,6,122,canteros,71,93,1,863,147,0,0,0,18,34,0,0,0,2,,0,0
1492,6,123,canteros,71,93,1,868,135,0,0,0,18,34,0,0,0,2,,0,0
1492,6,124,canteros,71,93,1,879,123,0,0,0,18,34,0,0,0,2,,0,0
1492,6,125,canteros,71,93,1,890,118,0,0,0,24,40,0,0,0,2,,0,0
1492,6,126,canteros,71,93,1,907,113,0,0,0,24,46,0,0,0,2,,0,0
1492,6,127,canteros,71,93,1,875,108,0,0,0,24,46,0,0,0,2,1,2,0
1492,6,128,canteros,71,93,1,886,103,0,0,0,24,46,0,0,0,2,,0,0
1492,6,129,canteros,71,93,1,903,98,0,0,0,24,46,0,0,0,2,,0,0
1492,6,130,canteros,71,93,1,920,94,0,0,0,24,46,0,0,0,2,,0,0
1492,6,131,canteros,71,93,1,937,113,0,0,0,48,70,0,0,0,2,,0,0
1492,6,132,canteros,71,93,1,954,131,0,0,0,48,70,0,0,0,2,,0,0
1492,6,133,canteros,71,93,1,939,158,0,0,0,48,70,0,0,0,2,1,2,0
1492,6,134,canteros,71,93,1,956,174,0,0,0,48,70,0,0,0,2,,0,0
1492,6,135,canteros,71,93,1,973,190,0,0,0,48,70,0,0,0,2,,0,0
1492,6,136,canteros,71,93,1,990,205,0,0,0,48,70,0,0,0,2,,0,0
1492,6,137,canteros,71,93,1,1007,202,0,0,0,30,52,0,0,0,2,,0,0
1492,6,138,canteros,71,93,1,1024,199,0,0,0,30,52,0,0,0,2,,0,0
1492,6,139,canteros,71,93,1,979,154,0,0,0,30,52,0,0,0,2,1,6,0
1492,6,140,canteros,71,93,1,996,153,0,0,0,30,52,0,0,0,2,,0,0
1492,6,141,canteros,121,143,2,1013,152,0,0,0,30,52,0,0,0,3,,0,0
1492,6,142,canteros,121,143,2,1031,140,0,0,0,30,62,0,0,0,3,,0,0
1492,6,143,canteros,121,143,2,1049,117,0,0,0,18,50,0,0,0,3,,0,0
1492,6,144,canteros,121,143,2,1061,95,0,0,0,18,44,0,0,0,3,,0,0
1492,6,145,canteros,121,143,2,995,35,0,0,0,18,44,0,0,0,3,1,4,0
1492,6,146,canteros,121,143,2,1002,16,0,0,0,18,44,0,0,0,3,,0,0
1492,6,147,canteros,180,193,3,1008,0,0,0,0,18,44,1,0,0,4,,0,0
1492,6,148,canteros,179,193,3,1021,0,0,0,0,18,54,1,0,0,4,,0,0
1492,6,149,canteros,177,189,3,1034,0,0,0,0,24,60,1,0,0,4,,0,0
1492,6,150,canteros,176,185,3,1049,0,0,0,0,24,62,1,0,0,4,,0,0
1492,6,151,canteros,174,181,3,1031,10,0,0,0,24,61,1,0,0,4,1,6,0
1492,6,152,canteros,172,177,3,1041,0,0,0,0,24,55,1,0,0,4,,0,0
1492,6,153,canteros,170,173,3,1051,0,0,0,0,24,55,1,0,0,4,,0,0
1492,6,154,canteros,168,169,3,1061,0,0,0,0,24,55,1,0,0,4,,0,0
1492,6,155,canteros,168,169,3,1071,4,0,0,0,48,79,0,0,0,4,,0,0
1492,6,156,canteros,168,169,3,1081,8,0,0,0,48,79,0,0,0,4,,0,0
1492,6,157,canteros,168,169,3,1058,22,0,0,0,48,79,0,0,0,4,1,3,0
1492,6,158,canteros,168,169,3,1064,25,0,0,0,48,73,0,0,0,4,,0,0
1492,6,159,canteros,168,169,3,1070,28,0,0,0,48,73,0,0,0,4,,0,0
1492,6,160,canteros,169,173,3,1076,31,0,0,0,48,73,0,0,0,4,,0,0
1492,6,161,canteros,169,173,3,1082,16,0,0,0,30,55,0,0,0,4,,0,0
1492,6,162,canteros,169,173,3,1088,1,0,0,0,30,55,0,0,0,4,,0,0
1492,6,163,canteros,168,173,3,1061,10,0,0,0,30,55,1,0,0,4,1,2,0
1492,6,164,canteros,167,173,3,1067,0,0,0,0,30,55,1,0,0,4,,0,0
1492,6,165,canteros,165,169,3,1073,0,0,0,0,30,55,1,0,0,4,,0,0
1492,6,166,canteros,164,165,3,1077,0,0,0,0,30,53,1,0,0,4,,0,0
1492,6,167,canteros,162,161,3,1081,0,0,0,0,18,41,1,0,0,4,,0,0
1492,6,168,canteros,160,157,3,1080,0,0,0,0,18,36,1,0,0,4,,0,0
1492,6,169,canteros,158,153,3,1046,10,0,0,0,18,36,1,0,0,4,1,2,0
1492,6,170,canteros,156,149,3,1045,0,0,0,0,18,36,1,0,0,4,,0,0
1492,6,171,canteros,155,145,3,1044,0,0,0,0,18,36,1,0,0,4,,0,0
1492,6,172,canteros,153,141,3,1043,0,0,0,0,18,36,1,0,0,4,,0,0
1492,6,173,canteros,151,138,3,1042,0,0,0,0,24,42,1,0,0,4,,0,0
1492,6,174,canteros,150,135,3,1045,0,0,0,0,24,46,1,0,0,4,,0,0
1492,6,175,canteros,148,132,3,1015,10,0,0,0,21,43,1,0,0,4,1,2,0
1492,6,176,canteros,146,129,3,1018,0,0,0,0,21,43,1,0,0,4,,0,0
1492,6,177,canteros,98,93,2,1021,0,0,0,0,21,41,1,0,0,4,,0,0
1492,6,178,canteros,97,91,2,1029,0,0,0,0,21,41,1,0,0,4,,0,0
1492,6,179,canteros,50,59,1,1036,12,0,0,0,36,52,0,0,0,4,,0,0
1492,6,180,canteros,51,60,1,1048,38,0,0,0,43,60,0,0,0,4,,0,0
1492,6,181,canteros,51,60,1,1028,72,0,0,0,43,61,0,0,0,4,1,4,0
1492,6,182,canteros,51,60,1,1041,95,0,0,0,43,61,0,0,0,4,,0,0
1492,6,183,canteros,51,60,1,1054,117,0,0,0,43,61,0,0,0,4,,0,0
1492,6,184,canteros,51,60,1,1067,143,0,0,0,48,66,0,0,0,4,,0,0
1492,6,185,canteros,51,60,1,1080,150,0,0,0,30,48,0,0,0,4,,0,0
1492,6,186,canteros,51,60,1,1093,157,0,0,0,30,48,0,0,0,4,,0,0
1492,6,187,canteros,51,60,1,1043,130,0,0,0,30,48,0,0,0,4,1,6,0
1492,6,188,canteros,51,60,1,1056,138,0,0,0,30,48,0,0,0,4,,0,0
1492,6,189,canteros,81,112,2,1069,145,0,0,0,30,48,0,0,0,4,,0,0
1492,6,190,canteros,81,114,2,1083,140,0,0,0,30,58,0,0,0,4,,0,0
1492,6,191,canteros,81,114,2,1097,123,0,0,0,18,46,0,0,0,4,,0,0
1492,6,192,canteros,81,114,2,1107,107,0,0,0,18,42,0,0,0,4,,0,0
1492,6,193,canteros,81,114,2,1039,53,0,0,0,18,42,0,0,0,4,1,4,0
1492,6,194,canteros,81,114,2,1043,40,0,0,0,18,42,0,0,0,4,,0,0
1492,6,195,canteros,111,164,3,1053,27,0,0,0,18,42,0,0,0,4,,0,0
1492,6,196,canteros,111,164,3,1064,2,0,0,0,18,52,0,0,0,4,,0,0
1492,6,197,canteros,110,164,3,1075,0,0,0,0,24,58,1,0,0,4,,0,0
1492,6,198,canteros,109,164,3,1090,0,0,0,0,24,62,1,0,0,4,,0,0
1492,6,199,canteros,108,161,3,1072,10,0,0,0,24,62,1,0,0,4,1,3,0
1492,6,200,canteros,106,158,3,1084,0,0,0,0,24,59,1,0,0,4,,0,0
1492,6,1,ferrones,32,46,1,31,63,0,0,0,7,17,0,0,0,0,1,4,0
1492,6,2,ferrones,32,46,1,31,55,0,0,0,7,11,0,0,0,0,,0,0
1492,6,3,ferrones,32,46,1,31,48,0,0,0,7,11,0,0,0,0,,0,0
1492,6,4,ferrones,32,46,1,31,41,0,0,0,7,11,0,0,0,0,,0,0
1492,6,5,ferrones,32,46,1,31,36,0,0,0,9,13,0,1,0,0,,0,0
1492,6,6,ferrones,32,46,1,35,33,0,0,0,9,21,0,0,0,0,,0,0
1492,6,7,ferrones,32,46,1,19,30,0,0,0,9,21,0,0,0,0,1,1,0
1492,6,8,ferrones,32,46,1,23,25,0,0,0,9,21,0,0,0,0,,0,0
1492,6,9,ferrones,32,46,1,27,21,0,0,0,9,21,0,1,0,0,,0,0
1492,6,10,ferrones,32,46,1,39,19,0,0,0,9,29,0,0,0,0,,0,0
1492,6,11,ferrones,32,46,1,51,26,0,0,0,19,39,0,0,0,0,,0,0
1492,6,12,ferrones,32,48,1,63,33,0,0,0,19,39,0,0,0,0,,0,0
1492,6,13,ferrones,33,50,1,75,39,0,0,0,19,39,0,0,0,0,1,1,0
1492,6,14,ferrones,33,52,1,89,45,0,0,0,19,41,0,0,0,0,,0,0
1492,6,15,ferrones,33,54,1,103,49,0,0,0,19,41,0,0,0,0,,0,0
1492,6,16,ferrones,34,56,1,117,53,0,0,0,19,41,0,0,0,0,,0,0
1492,6,17,ferrones,34,56,1,131,49,0,0,0,12,34,0,0,0,0,,0,0
1492,6,18,ferrones,34,56,1,145,46,0,0,0,12,34,0,0,0,0,,0,0
1492,6,19,ferrones,33,52,1,54,33,0,0,0,12,34,0,0,0,0,1,4,0
1492,6,20,ferrones,33,52,1,68,31,0,0,0,12,34,0,0,0,0,,0,0
1492,6,21,ferrones,33,52,1,82,29,0,0,0,12,34,0,0,0,0,,0,0
1492,6,22,ferrones,33,52,1,96,27,0,0,0,12,34,0,0,0,0,,0,0
1492,6,23,ferrones,33,52,1,110,21,0,0,0,7,28,0,0,0,0,,0,0
1492,6,24,ferrones,33,52,1,119,15,0,0,0,7,23,0,0,0,0,,0,0
1492,6,25,ferrones,33,52,1,180,18,0,0,0,7,23,0,0,0,0,1,2,0
1492,6,26,ferrones,33,52,1,189,12,0,0,0,7,23,0,0,0,0,,0,0
1492,6,27,ferrones,33,52,1,198,6,0,0,0,7,23,0,0,0,0,,0,0
1492,6,28,ferrones,33,52,1,207,0,0,0,0,7,23,0,0,0,0,,0,0
1492,6,29,ferrones,32,52,1,216,0,0,0,0,9,25,1,0,0,0,,0,0
1492,6,30,ferrones,31,52,1,230,0,0,0,0,9,30,1,0,0,0,,0,0
1492,6,31,ferrones,30,51,1,301,0,0,0,0,9,30,1,0,0,0,1,2,0
1492,6,32,ferrones,29,50,1,315,0,0,0,0,9,30,1,0,0,0,,0,0
1492,6,33,ferrones,27,49,1,329,0,0,0,0,9,30,1,0,0,0,,0,0
1492,6,34,ferrones,26,48,1,341,0,0,0,0,6,25,1,0,0,0,,0,0
1492,6,35,ferrones,26,48,1,353,0,0,0,0,12,31,0,0,0,0,,0,0
1492,6,36,ferrones,26,48,1,365,0,0,0,0,12,31,0,0,0,0,,0,0
1492,6,37,ferrones,26,48,1,433,0,0,0,0,12,30,0,0,0,0,1,2,0
1492,6,38,ferrones,26,48,1,445,0,0,0,0,12,30,0,0,0,0,,0,0
1492,6,39,ferrones,26,48,1,457,1,0,0,0,13,32,0,0,0,0,,0,0
1492,6,40,ferrones,26,48,1,469,8,0,0,0,19,38,0,0,0,0,,0,0
1492,6,41,ferrones,26,48,1,481,8,0,0,0,12,31,0,0,0,0,,0,0
1492,6,42,ferrones,26,48,1,493,8,0,0,0,12,31,0,0,0,0,,0,0
1492,6,43,ferrones,26,48,1,561,8,0,0,0,12,31,0,0,0,0,1,2,0
1492,6,44,ferrones,26,48,1,573,8,0,0,0,12,30,0,0,0,0,,0,0
1492,6,45,ferrones,26,48,1,585,8,0,0,0,12,30,0,0,0,0,,0,0
1492,6,46,ferrones,26,48,1,597,8,0,0,0,12,30,0,0,0,0,,0,0
1492,6,47,ferrones,26,48,1,609,3,0,0,0,7,25,0,0,0,0,,0,0
1492,6,48,ferrones,25,48,1,617,0,0,0,0,7,21,1,0,0,0,,0,0
1492,6,49,ferrones,24,48,1,681,0,0,0,0,7,21,1,0,0,0,1,2,0
1492,6,50,ferrones,23,47,1,689,0,0,0,0,7,21,1,0,0,0,,0,0
1492,6,51,ferrones,22,46,1,697,0,0,0,0,7,21,1,0,0,0,,0,0
1492,6,52,ferrones,21,45,1,705,0,0,0,0,6,20,1,0,0,0,,0,0
1492,6,53,ferrones,19,44,1,713,0,0,0,0,8,22,1,0,0,0,,0,0
1492,6,54,ferrones,18,43,1,725,0,0,0,0,7,24,1,0,0,0,,0,0
1492,6,55,ferrones,17,42,1,792,0,0,0,0,7,24,1,0,0,0,1,3,0
1492,6,56,ferrones,16,41,1,799,0,0,0,0,7,18,1,0,0,0,,0,0
1492,6,57,ferrones,15,40,1,806,0,0,0,0,5,16,1,0,0,0,,0,0
1492,6,58,ferrones,13,39,1,813,0,0,0,0,5,16,1,0,0,0,,0,0
1492,6,59,ferrones,13,39,1,820,2,0,0,0,11,22,0,0,0,0,,0,0
1492,6,60,ferrones,13,39,1,827,4,0,0,0,11,22,0,0,0,0,,0,0
1492,6,61,ferrones,13,39,1,889,6,0,0,0,11,22,0,0,0,0,1,2,0
1492,6,62,ferrones,13,39,1,896,11,0,0,0,14,25,0,0,0,0,,0,0
1492,6,63,ferrones,13,39,1,903,16,0,0,0,14,25,0,0,0,0,,0,0
1492,6,64,ferrones,13,39,1,910,21,0,0,0,14,25,0,0,0,0,,0,0
1492,6,65,ferrones,13,39,1,917,21,0,0,0,9,20,0,0,0,0,,0,0
1492,6,66,ferrones,13,39,1,924,22,0,0,0,10,21,0,0,0,0,,0,0
1492,6,67,ferrones,13,39,1,986,23,0,0,0,10,21,0,0,0,0,1,2,0
1492,6,68,ferrones,13,39,1,993,24,0,0,0,10,21,0,0,0,0,,0,0
1492,6,69,ferrones,13,39,1,1000,24,0,0,0,10,21,0,0,0,0,,0,0
1492,6,70,ferrones,13,39,1,1007,26,0,0,0,12,23,0,0,0,0,,0,0
1492,6,71,ferrones,13,39,1,1014,24,0,0,0,7,18,0,0,0,0,,0,0
1492,6,72,ferrones,13,39,1,1021,22,0,0,0,7,18,0,0,0,0,,0,0
1492,6,73,ferrones,13,39,1,1083,20,0,0,0,7,18,0,0,0,0,1,2,0
1492,6,74,ferrones,13,39,1,1090,18,0,0,0,7,18,0,0,0,0,,0,0
1492,6,75,ferrones,13,39,1,1097,16,0,0,0,7,18,0,0,0,0,,0,0
1492,6,76,ferrones,13,39,1,1104,14,0,0,0,7,18,0,0,0,0,,0,0
1492,6,77,ferrones,13,39,1,1111,14,0,0,0,9,20,0,0,0,0,,0,0
1492,6,78,ferrones,13,39,1,1120,14,0,0,0,9,22,0,0,0,0,,0,0
1492,6,79,ferrones,13,39,1,1184,14,0,0,0,9,22,0,0,0,0,1,2,0
1492,6,80,ferrones,13,39,1,1193,14,0,0,0,9,22,0,0,0,0,,0,0
1492,6,81,ferrones,13,39,1,1202,14,0,0,0,9,22,0,0,0,0,,0,0
1492,6,82,ferrones,13,39,1,1211,14,0,0,0,9,22,0,0,0,0,,0,0
1492,6,83,ferrones,13,39,1,1220,24,0,0,0,19,32,0,0,0,0,,0,0
1492,6,84,ferrones,14,40,1,1229,33,0,0,0,19,32,0,0,0,0,,0,0
1492,6,85,ferrones,13,36,1,1274,21,0,0,0,19,33,0,0,0,0,1,6,0
1492,6,86,ferrones,13,37,1,1283,30,0,0,0,19,32,0,0,0,0,,0,0
1492,6,87,ferrones,13,38,1,1292,39,0,0,0,19,32,0,0,0,0,,0,0
1492,6,88,ferrones,13,39,1,1301,48,0,0,0,19,32,0,0,0,0,,0,0
1492,6,89,ferrones,14,40,1,1310,49,0,0,0,12,25,0,0,0,0,,0,0
1492,6,90,ferrones,27,42,1,1320,49,0,0,0,12,26,0,0,0,1,,0,0
1492,6,91,ferrones,26,39,1,1365,40,0,0,0,12,26,0,0,0,1,1,5,0
1492,6,92,ferrones,27,40,1,1374,42,0,0,0,12,25,0,0,0,1,,0,0
1492,6,93,ferrones,27,42,1,1384,43,0,0,0,12,26,0,0,0,1,,0,0
1492,6,94,ferrones,27,44,1,1394,44,0,0,0,12,26,0,0,0,1,,0,0
1492,6,95,ferrones,27,44,1,1404,39,0,0,0,7,21,0,0,0,1,,0,0
1492,6,96,ferrones,27,44,1,1411,34,0,0,0,7,18,0,0,0,1,,0,0
1492,6,97,ferrones,27,44,1,1473,29,0,0,0,7,18,0,0,0,1,1,2,0
1492,6,98,ferrones,27,44,1,1480,24,0,0,0,7,18,0,0,0,1,,0,0
1492,6,99,ferrones,30,44,1,1487,20,0,0,0,7,18,0,0,0,1,,0,0
1492,6,100,ferrones,30,44,1,1494,16,0,0,0,7,18,0,0,0,1,,0,0
1492,6,101,ferrones,30,44,1,1501,12,0,0,0,7,18,0,0,0,1,,0,0
1492,6,102,ferrones,30,44,1,1511,8,0,0,0,7,21,0,0,0,1,,0,0
1492,6,103,ferrones,30,44,1,1576,4,0,0,0,7,21,0,0,0,1,1,4,0
1492,6,104,ferrones,30,44,1,1586,0,0,0,0,7,21,0,0,0,1,,0,0
1492,6,105,ferrones,29,44,1,1596,0,0,0,0,7,21,1,0,0,1,,0,0
1492,6,106,ferrones,28,44,1,1606,0,0,0,0,7,21,1,0,0,1,,0,0
1492,6,107,ferrones,28,44,1,1616,8,0,0,0,19,33,0,0,0,1,,0,0
1492,6,108,ferrones,28,44,1,1626,16,0,0,0,19,33,0,0,0,1,,0,0
1492,6,109,ferrones,28,44,1,1571,24,0,0,0,19,33,0,0,0,1,1,3,0
1492,6,110,ferrones,29,46,1,1581,31,0,0,0,19,33,0,0,0,1,,0,0
1492,6,111,ferrones,29,48,1,1591,43,0,0,0,24,38,0,0,0,1,,0,0
1492,6,112,ferrones,30,50,1,1601,53,0,0,0,24,38,0,0,0,1,,0,0
1492,6,113,ferrones,30,52,1,1613,54,0,0,0,15,31,0,0,0,1,,0,0
1492,6,114,ferrones,30,54,1,1625,54,0,0,0,15,31,0,0,0,1,,0,0
1492,6,115,ferrones,30,54,1,1653,17,0,0,0,15,31,0,0,0,1,1,4,0
1492,6,116,ferrones,30,54,1,1665,19,0,0,0,15,31,0,0,0,1,,0,0
1492,6,117,ferrones,74,74,2,1677,18,0,0,0,12,28,0,0,0,2,,0,0
1492,6,118,ferrones,74,74,2,1680,12,0,0,0,12,32,0,0,0,2,,0,0
1492,6,119,ferrones,74,74,2,1683,1,0,0,0,7,27,0,0,0,2,,0,0
1492,6,120,ferrones,73,74,2,1682,0,0,0,0,7,23,1,0,0,2,,0,0
1492,6,121,ferrones,72,74,2,1702,4,0,0,0,7,23,1,0,0,2,1,4,0
1492,6,122,ferrones,71,72,2,1701,0,0,0,0,7,23,1,0,0,2,,0,0
1492,6,123,ferrones,70,70,2,1698,0,0,0,0,7,21,1,0,0,2,,0,0
1492,6,124,ferrones,68,68,2,1695,0,0,0,0,7,21,1,0,0,2,,0,0
1492,6,125,ferrones,67,66,2,1692,0,0,0,0,9,23,1,0,0,2,,0,0
1492,6,126,ferrones,65,64,2,1693,0,0,0,0,9,27,1,0,0,2,,0,0
1492,6,127,ferrones,64,62,2,1713,4,0,0,0,9,25,1,0,0,2,1,4,0
1492,6,128,ferrones,20,47,1,1714,0,0,0,0,9,23,1,0,0,2,,0,0
1492,6,129,ferrones,19,46,1,1724,0,0,0,0,8,22,1,0,0,2,,0,0
1492,6,130,ferrones,18,45,1,1734,0,0,0,0,8,22,1,0,0,2,,0,0
1492,6,131,ferrones,18,45,1,1744,3,0,0,0,14,28,0,0,0,2,,0,0
1492,6,132,ferrones,18,45,1,1754,9,0,0,0,17,31,0,0,0,2,,0,0
1492,6,133,ferrones,18,45,1,1785,19,0,0,0,17,31,0,0,0,2,1,3,0
1492,6,134,ferrones,18,45,1,1795,24,0,0,0,17,31,0,0,0,2,,0,0
1492,6,135,ferrones,18,45,1,1805,29,0,0,0,17,31,0,0,0,2,,0,0
1492,6,136,ferrones,18,47,1,1815,34,0,0,0,17,31,0,0,0,2,,0,0
1492,6,137,ferrones,18,47,1,1825,32,0,0,0,10,24,0,0,0,2,,0,0
1492,6,138,ferrones,18,49,1,1835,32,0,0,0,12,26,0,0,0,2,,0,0
1492,6,139,ferrones,19,51,1,1866,35,0,0,0,12,26,0,0,0,2,1,3,0
1492,6,140,ferrones,19,51,1,1878,34,0,0,0,12,28,0,0,0,2,,0,0
1492,6,141,ferrones,19,51,1,1890,33,0,0,0,12,28,0,0,0,2,,0,0
1492,6,142,ferrones,19,51,1,1902,32,0,0,0,12,28,0,0,0,2,,0,0
1492,6,143,ferrones,19,51,1,1914,26,0,0,0,7,23,0,0,0,2,,0,0
1492,6,144,ferrones,19,51,1,1922,21,0,0,0,7,19,0,0,0,2,,0,0
1492,6,145,ferrones,19,51,1,1951,20,0,0,0,7,19,0,0,0,2,1,3,0
1492,6,146,ferrones,19,51,1,1959,15,0,0,0,7,19,0,0,0,2,,0,0
1492,6,147,ferrones,19,51,1,1967,10,0,0,0,7,19,0,0,0,2,,0,0
1492,6,148,ferrones,19,51,1,1975,5,0,0,0,7,19,0,0,0,2,,0,0
1492,6,149,ferrones,19,51,1,1983,2,0,0,0,9,21,0,0,0,2,,0,0
1492,6,150,ferrones,18,51,1,1995,0,0,0,0,9,25,1,0,0,2,,0,0
1492,6,151,ferrones,17,51,1,2028,4,0,0,0,9,25,1,0,0,2,1,4,0
1492,6,152,ferrones,17,51,1,2040,1,0,0,0,9,25,0,0,0,2,,0,0
1492,6,153,ferrones,16,51,1,2052,0,0,0,0,9,25,1,0,0,2,,0,0
1492,6,154,ferrones,15,51,1,2064,0,0,0,0,9,25,1,0,0,2,,0,0
1492,6,155,ferrones,15,51,1,2076,7,0,0,0,19,35,0,0,0,2,,0,0
1492,6,156,ferrones,15,51,1,2088,14,0,0,0,19,35,0,0,0,2,,0,0
1492,6,157,ferrones,15,51,1,2121,25,0,0,0,19,35,0,0,0,2,1,3,0
1492,6,158,ferrones,15,53,1,2133,31,0,0,0,19,35,0,0,0,2,,0,0
1492,6,159,ferrones,16,55,1,2145,36,0,0,0,19,35,0,0,0,2,,0,0
1492,6,160,ferrones,16,57,1,2157,41,0,0,0,19,35,0,0,0,2,,0,0
1492,6,161,ferrones,16,57,1,2169,38,0,0,0,12,28,0,0,0,2,,0,0
1492,6,162,ferrones,16,57,1,2181,35,0,0,0,12,28,0,0,0,2,,0,0
1492,6,163,ferrones,16,57,1,2214,36,0,0,0,12,28,0,0,0,2,1,3,0
1492,6,164,ferrones,16,57,1,2226,33,0,0,0,12,28,0,0,0,2,,0,0
1492,6,165,ferrones,16,57,1,2238,30,0,0,0,12,28,0,0,0,2,,0,0
1492,6,166,ferrones,16,57,1,2250,27,0,0,0,12,28,0,0,0,2,,0,0
1492,6,167,ferrones,16,57,1,2262,20,0,0,0,7,23,0,0,0,2,,0,0
1492,6,168,ferrones,16,57,1,2270,13,0,0,0,7,19,0,0,0,2,,0,0
1492,6,169,ferrones,16,57,1,2299,11,0,0,0,8,20,0,0,0,2,1,3,0
1492,6,170,ferrones,16,57,1,2307,5,0,0,0,8,20,0,0,0,2,,0,0
1492,6,171,ferrones,15,57,1,2315,0,0,0,0,8,20,1,0,0,2,,0,0
1492,6,172,ferrones,14,57,1,2323,0,0,0,0,8,20,1,0,0,2,,0,0
1492,6,173,ferrones,13,56,1,2331,0,0,0,0,9,21,1,0,0,2,,0,0
1492,6,174,ferrones,12,55,1,2343,0,0,0,0,9,25,1,0,0,2,,0,0
1492,6,175,ferrones,10,54,1,2376,4,0,0,0,9,25,1,0,0,2,1,3,0
1492,6,176,ferrones,10,54,1,2388,0,0,0,0,9,25,0,0,0,2,,0,0
1492,6,177,ferrones,9,54,1,2400,0,0,0,0,9,25,1,0,0,2,,0,0
1492,6,178,ferrones,8,54,1,2412,0,0,0,0,9,25,1,0,0,2,,0,0
1492,6,179,ferrones,8,54,1,2424,6,0,0,0,19,35,0,0,0,2,,0,0
1492,6,180,ferrones,8,54,1,2436,12,0,0,0,19,35,0,0,0,2,,0,0
1492,6,181,ferrones,8,54,1,2469,22,0,0,0,19,35,0,0,0,2,1,3,0
1492,6,182,ferrones,8,54,1,2481,27,0,0,0,19,35,0,0,0,2,,0,0
1492,6,183,ferrones,9,56,1,2493,32,0,0,0,19,35,0,0,0,2,,0,0
1492,6,184,ferrones,9,58,1,2505,36,0,0,0,19,35,0,0,0,2,,0,0
1492,6,185,ferrones,9,58,1,2517,33,0,0,0,12,28,0,0,0,2,,0,0
1492,6,186,ferrones,9,58,1,2529,30,0,0,0,12,28,0,0,0,2,,0,0
1492,6,187,ferrones,9,58,1,2562,31,0,0,0,12,28,0,0,0,2,1,3,0
1492,6,188,ferrones,9,58,1,2574,28,0,0,0,12,28,0,0,0,2,,0,0
1492,6,189,ferrones,9,58,1,2586,25,0,0,0,12,28,0,0,0,2,,0,0
1492,6,190,ferrones,9,58,1,2598,23,0,0,0,12,28,0,0,0,2,,0,0
1492,6,191,ferrones,9,58,1,2610,17,0,0,0,8,24,0,0,0,2,,0,0
1492,6,192,ferrones,9,58,1,2618,11,0,0,0,8,20,0,0,0,2,,0,0
1492,6,193,ferrones,9,58,1,2647,8,0,0,0,7,19,0,0,0,2,1,3,0
1492,6,194,ferrones,9,58,1,2655,1,0,0,0,7,19,0,0,0,2,,0,0
1492,6,195,ferrones,8,58,1,2663,0,0,0,0,7,19,1,0,0,2,,0,0
1492,6,196,ferrones,7,58,1,2671,0,0,0,0,7,19,1,0,0,2,,0,0
1492,6,197,ferrones,6,57,1,2679,0,0,0,0,9,21,1,0,0,2,,0,0
1492,6,198,ferrones,5,56,1,2691,0,0,0,0,9,25,1,0,0,2,,0,0
1492,6,199,ferrones,4,55,1,2724,4,0,0,0,9,25,1,0,0,2,1,3,0
1492,6,200,ferrones,4,55,1,2736,0,0,0,0,9,25,0,0,0,2,,0,0
1492,6,1,hortelanos,45,111,1,43,58,0,0,0,18,40,0,0,0,0,1,4,0
1492,6,2,hortelanos,45,111,1,50,46,0,0,0,18,29,0,0,0,0,,0,0
1492,6,3,hortelanos,45,111,1,57,34,0,0,0,18,29,0,1,0,0,,0,0
1492,6,4,hortelanos,45,111,1,64,37,0,0,0,31,42,0,0,0,0,,0,0
1492,6,5,hortelanos,45,111,1,71,46,0,0,0,37,48,0,0,0,0,,0,0
1492,6,6,hortelanos,45,111,1,89,54,0,0,0,37,59,0,0,0,0,,0,0
1492,6,7,hortelanos,45,111,1,97,62,0,0,0,37,59,0,0,0,0,1,1,0
1492,6,8,hortelanos,45,111,1,115,68,0,0,0,37,59,0,1,0,0,,0,0
1492,6,9,hortelanos,60,111,1,133,81,0,0,0,43,65,0,0,0,1,,0,0
1492,6,10,hortelanos,60,111,1,151,94,0,0,0,43,65,0,0,0,1,,0,0
1492,6,11,hortelanos,60,111,1,169,106,0,0,0,43,65,0,0,0,1,,0,0
1492,6,12,hortelanos,60,111,1,187,118,0,0,0,43,65,0,0,0,1,,0,0
1492,6,13,hortelanos,59,107,1,170,110,0,0,0,43,65,0,0,0,1,1,5,0
1492,6,14,hortelanos,59,107,1,186,120,0,0,0,43,63,0,1,0,1,,0,0
1492,6,15,hortelanos,59,107,1,202,145,0,0,0,57,77,0,0,0,1,,0,0
1492,6,16,hortelanos,122,107,1,218,169,0,0,0,57,77,0,0,0,2,,0,0
1492,6,17,hortelanos,122,107,1,234,192,0,0,0,57,77,0,0,0,2,,0,0
1492,6,18,hortelanos,122,107,1,250,215,0,0,0,57,77,0,0,0,2,,0,0
1492,6,19,hortelanos,121,103,1,196,227,0,0,0,57,77,0,0,0,2,1,4,0
1492,6,20,hortelanos,121,103,1,212,243,0,0,0,57,77,0,0,0,2,,0,0
1492,6,21,hortelanos,124,103,1,228,264,0,0,0,57,77,0,0,0,2,,0,0
1492,6,22,hortelanos,124,103,1,244,285,0,0,0,57,77,0,0,0,2,,0,0
1492,6,23,hortelanos,124,103,1,260,305,0,0,0,57,77,0,0,0,2,,0,0
1492,6,24,hortelanos,124,103,1,266,324,0,0,0,57,67,0,0,0,2,,0,0
1492,6,25,hortelanos,124,103,1,222,328,0,0,0,57,67,0,0,0,2,1,6,0
1492,6,26,hortelanos,124,103,1,228,340,0,0,0,57,67,0,0,0,2,,0,0
1492,6,27,hortelanos,127,103,1,234,358,0,0,0,57,67,0,0,0,2,,0,0
1492,6,28,hortelanos,127,103,1,240,375,0,0,0,57,67,0,0,0,2,,0,0
1492,6,29,hortelanos,127,103,1,246,391,0,0,0,57,67,0,0,0,2,,0,0
1492,6,30,hortelanos,127,103,1,262,407,0,0,0,57,77,0,0,0,2,,0,0
1492,6,31,hortelanos,127,103,1,228,422,0,0,0,57,77,0,0,0,2,1,5,0
1492,6,32,hortelanos,127,103,1,244,436,0,0,0,57,77,0,0,0,2,,0,0
1492,6,33,hortelanos,127,103,1,260,450,0,0,0,57,77,0,0,0,2,,0,0
1492,6,34,hortelanos,127,103,1,276,463,0,0,0,57,77,0,0,0,2,,0,0
1492,6,35,hortelanos,127,103,1,292,476,0,0,0,57,77,0,0,0,2,,0,0
1492,6,36,hortelanos,127,103,1,308,488,0,0,0,57,77,0,0,0,2,,0,0
1492,6,37,hortelanos,127,103,1,274,488,0,0,0,57,77,0,0,0,2,1,7,0
1492,6,38,hortelanos,127,103,1,290,500,0,0,0,57,77,0,0,0,2,,0,0
1492,6,39,hortelanos,127,103,1,306,511,0,0,0,57,77,0,0,0,2,,0,0
1492,6,40,hortelanos,130,103,1,322,522,0,0,0,57,77,0,0,0,2,,0,0
1492,6,41,hortelanos,130,103,1,338,528,0,0,0,53,73,0,0,0,2,,0,0
1492,6,42,hortelanos,130,103,1,354,534,0,0,0,53,73,0,0,0,2,,0,0
1492,6,43,hortelanos,130,103,1,320,540,0,0,0,53,73,0,0,0,2,1,3,0
1492,6,44,hortelanos,130,103,1,336,546,0,0,0,53,73,0,0,0,2,,0,0
1492,6,45,hortelanos,130,103,1,352,552,0,0,0,53,73,0,0,0,2,,0,0
1492,6,46,hortelanos,130,103,1,368,557,0,0,0,53,73,0,0,0,2,,0,0
1492,6,47,hortelanos,130,103,1,384,566,0,0,0,57,77,0,0,0,2,,0,0
1492,6,48,hortelanos,130,103,1,390,575,0,0,0,57,67,0,0,0,2,,0,0
1492,6,49,hortelanos,130,103,1,346,583,0,0,0,57,67,0,0,0,2,1,3,0
1492,6,50,hortelanos,130,103,1,352,591,0,0,0,57,67,0,0,0,2,,0,0
1492,6,51,hortelanos,130,103,1,358,599,0,0,0,57,67,0,0,0,2,,0,0
1492,6,52,hortelanos,130,103,1,364,606,0,0,0,57,67,0,0,0,2,,0,0
1492,6,53,hortelanos,130,103,1,370,613,0,0,0,57,67,0,0,0,2,,0,0
1492,6,54,hortelanos,130,103,1,386,620,0,0,0,57,77,0,0,0,2,,0,0
1492,6,55,hortelanos,130,103,1,352,622,0,0,0,57,77,0,0,0,2,1,3,0
1492,6,56,hortelanos,130,103,1,368,628,0,0,0,57,77,0,0,0,2,,0,0
1492,6,57,hortelanos,130,103,1,384,634,0,0,0,57,77,0,0,0,2,,0,0
1492,6,58,hortelanos,130,103,1,400,640,0,0,0,57,77,0,0,0,2,,0,0
1492,6,59,hortelanos,130,103,1,416,646,0,0,0,57,77,0,0,0,2,,0,0
1492,6,60,hortelanos,130,103,1,432,651,0,0,0,57,77,0,0,0,2,,0,0
1492,6,61,hortelanos,130,103,1,398,656,0,0,0,57,77,0,0,0,2,1,3,0
1492,6,62,hortelanos,130,103,1,414,661,0,0,0,57,77,0,0,0,2,,0,0
1492,6,63,hortelanos,130,103,1,430,666,0,0,0,57,77,0,0,0,2,,0,0
1492,6,64,hortelanos,130,103,1,446,671,0,0,0,57,77,0,0,0,2,,0,0
1492,6,65,hortelanos,130,103,1,462,675,0,0,0,57,77,0,0,0,2,,0,0
1492,6,66,hortelanos,130,103,1,478,679,0,0,0,57,77,0,0,0,2,,0,0
1492,6,67,hortelanos,130,103,1,444,679,0,0,0,57,77,0,0,0,2,1,3,0
1492,6,68,hortelanos,130,103,1,460,683,0,0,0,57,77,0,0,0,2,,0,0
1492,6,69,hortelanos,130,103,1,476,687,0,0,0,57,77,0,0,0,2,,0,0
1492,6,70,hortelanos,130,103,1,492,691,0,0,0,57,77,0,0,0,2,,0,0
1492,6,71,hortelanos,130,103,1,508,695,0,0,0,57,77,0,0,0,2,,0,0
1492,6,72,hortelanos,130,103,1,514,698,0,0,0,57,67,0,0,0,2,,0,0
1492,6,73,hortelanos,130,103,1,490,663,0,0,0,57,67,0,0,0,2,1,3,0
1492,6,74,hortelanos,130,103,1,496,668,0,0,0,57,67,0,0,0,2,,0,0
1492,6,75,hortelanos,182,160,2,502,672,0,0,0,57,67,0,0,0,3,,0,0
1492,6,76,hortelanos,182,162,2,509,662,0,0,0,57,77,0,0,0,3,,0,0
1492,6,77,hortelanos,182,163,2,516,652,0,0,0,57,77,0,0,0,3,,0,0
1492,6,78,hortelanos,182,163,2,535,643,0,0,0,57,89,0,0,0,3,,0,0
1492,6,79,hortelanos,182,163,2,489,630,0,0,0,57,89,0,0,0,3,1,5,0
1492,6,80,hortelanos,182,163,2,508,630,0,0,0,68,100,0,1,0,3,,0,0
1492,6,81,hortelanos,182,163,2,527,641,0,0,0,77,109,0,0,0,3,,0,0
1492,6,82,hortelanos,182,163,2,546,651,0,0,0,77,109,0,0,0,3,,0,0
1492,6,83,hortelanos,182,163,2,565,661,0,0,0,77,109,0,0,0,3,,0,0
1492,6,84,hortelanos,182,163,2,584,671,0,0,0,77,109,0,0,0,3,,0,0
1492,6,85,hortelanos,182,163,2,538,680,0,0,0,77,109,0,0,0,3,1,4,0
1492,6,86,hortelanos,182,163,2,557,687,0,0,0,77,109,0,1,0,3,,0,0
1492,6,87,hortelanos,182,163,2,576,705,0,0,0,87,119,0,0,0,3,,0,0
1492,6,88,hortelanos,182,163,2,595,722,0,0,0,87,119,0,0,0,3,,0,0
1492,6,89,hortelanos,182,163,2,614,739,0,0,0,87,119,0,0,0,3,,0,0
1492,6,90,hortelanos,182,163,2,633,755,0,0,0,87,119,0,0,0,3,,0,0
1492,6,91,hortelanos,182,163,2,602,766,0,0,0,87,119,0,0,0,3,1,4,0
1492,6,92,hortelanos,182,163,2,621,781,0,0,0,87,119,0,0,0,3,,0,0
1492,6,93,hortelanos,182,163,2,640,795,0,0,0,87,119,0,0,0,3,,0,0
1492,6,94,hortelanos,182,163,2,659,809,0,0,0,87,119,0,0,0,3,,0,0
1492,6,95,hortelanos,182,163,2,678,822,0,0,0,87,119,0,0,0,3,,0,0
1492,6,96,hortelanos,182,163,2,687,835,0,0,0,87,109,0,0,0,3,,0,0
1492,6,97,hortelanos,182,163,2,646,847,0,0,0,87,109,0,0,0,3,1,3,0
1492,6,98,hortelanos,182,163,2,655,859,0,0,0,87,109,0,0,0,3,,0,0
1492,6,99,hortelanos,182,163,2,664,870,0,0,0,87,109,0,0,0,3,,0,0
1492,6,100,hortelanos,182,163,2,673,881,0,0,0,87,109,0,0,0,3,,0,0
1492,6,101,hortelanos,182,163,2,682,891,0,0,0,87,109,0,0,0,3,,0,0
1492,6,102,hortelanos,182,163,2,701,901,0,0,0,87,119,0,0,0,3,,0,0
1492,6,103,hortelanos,182,163,2,670,907,0,0,0,87,119,0,0,0,3,1,3,0
1492,6,104,hortelanos,182,163,2,689,916,0,0,0,87,119,0,0,0,3,,0,0
1492,6,105,hortelanos,182,163,2,708,925,0,0,0,87,119,0,0,0,3,,0,0
1492,6,106,hortelanos,182,163,2,727,934,0,0,0,87,119,0,0,0,3,,0,0
1492,6,107,hortelanos,182,163,2,746,942,0,0,0,87,119,0,0,0,3,,0,0
1492,6,108,hortelanos,182,163,2,765,950,0,0,0,87,119,0,0,0,3,,0,0
1492,6,109,hortelanos,182,163,2,734,958,0,0,0,87,119,0,0,0,3,1,3,0
1492,6,110,hortelanos,182,163,2,753,965,0,0,0,87,119,0,0,0,3,,0,0
1492,6,111,hortelanos,182,163,2,772,972,0,0,0,87,119,0,0,0,3,,0,0
1492,6,112,hortelanos,182,163,2,791,979,0,0,0,87,119,0,0,0,3,,0,0
1492,6,113,hortelanos,182,163,2,810,985,0,0,0,87,119,0,0,0,3,,0,0
1492,6,114,hortelanos,182,163,2,829,991,0,0,0,87,119,0,0,0,3,,0,0
1492,6,115,hortelanos,182,163,2,798,993,0,0,0,87,119,0,0,0,3,1,3,0
1492,6,116,hortelanos,182,163,2,817,999,0,0,0,87,119,0,0,0,3,,0,0
1492,6,117,hortelanos,182,163,2,836,1005,0,0,0,87,119,0,0,0,3,,0,0
1492,6,118,hortelanos,182,163,2,855,1010,0,0,0,87,119,0,0,0,3,,0,0
1492,6,119,hortelanos,182,163,2,874,1015,0,0,0,87,119,0,0,0,3,,0,0
1492,6,120,hortelanos,182,163,2,883,1020,0,0,0,87,109,0,0,0,3,,0,0
1492,6,121,hortelanos,182,163,2,842,1025,0,0,0,87,109,0,0,0,3,1,3,0
1492,6,122,hortelanos,182,163,2,851,1030,0,0,0,87,109,0,0,0,3,,0,0
1492,6,123,hortelanos,182,163,2,860,1034,0,0,0,87,109,0,0,0,3,,0,0
1492,6,124,hortelanos,182,163,2,869,1038,0,0,0,87,109,0,0,0,3,,0,0
1492,6,125,hortelanos,182,163,2,878,1042,0,0,0,87,109,0,0,0,3,,0,0
1492,6,126,hortelanos,182,163,2,897,1046,0,0,0,87,119,0,0,0,3,,0,0
1492,6,127,hortelanos,182,163,2,866,1046,0,0,0,87,119,0,0,0,3,1,3,0
1492,6,128,hortelanos,182,163,2,885,1050,0,0,0,87,119,0,0,0,3,,0,0
1492,6,129,hortelanos,182,163,2,904,1054,0,0,0,87,119,0,0,0,3,,0,0
1492,6,130,hortelanos,182,163,2,923,1057,0,0,0,87,119,0,0,0,3,,0,0
1492,6,131,hortelanos,182,163,2,942,1060,0,0,0,87,119,0,0,0,3,,0,0
1492,6,132,hortelanos,182,163,2,961,1063,0,0,0,87,119,0,0,0,3,,0,0
1492,6,133,hortelanos,182,163,2,930,1066,0,0,0,87,119,0,0,0,3,1,3,0
1492,6,134,hortelanos,182,163,2,949,1069,0,0,0,87,119,0,0,0,3,,0,0
1492,6,135,hortelanos,182,163,2,968,1072,0,0,0,87,119,0,0,0,3,,0,0
1492,6,136,hortelanos,182,163,2,987,1075,0,0,0,87,119,0,0,0,3,,0,0
1492,6,137,hortelanos,182,163,2,1006,1078,0,0,0,87,119,0,0,0,3,,0,0
1492,6,138,hortelanos,182,163,2,1025,1080,0,0,0,87,119,0,0,0,3,,0,0
1492,6,139,hortelanos,182,163,2,994,1078,0,0,0,87,119,0,0,0,3,1,3,0
1492,6,140,hortelanos,182,163,2,1013,1080,0,0,0,87,119,0,0,0,3,,0,0
1492,6,141,hortelanos,182,163,2,1032,1082,0,0,0,87,119,0,0,0,3,,0,0
1492,6,142,hortelanos,182,163,2,1051,1084,0,0,0,87,119,0,0,0,3,,0,0
1492,6,143,hortelanos,182,163,2,1070,1086,0,0,0,87,119,0,0,0,3,,0,0
1492,6,144,hortelanos,182,163,2,1079,1088,0,0,0,87,109,0,0,0,3,,0,0
1492,6,145,hortelanos,182,163,2,1038,1090,0,0,0,87,109,0,0,0,3,1,3,0
1492,6,146,hortelanos,182,163,2,1047,1092,0,0,0,87,109,0,0,0,3,,0,0
1492,6,147,hortelanos,182,163,2,1056,1094,0,0,0,87,109,0,0,0,3,,0,0
1492,6,148,hortelanos,182,163,2,1065,1096,0,0,0,87,109,0,0,0,3,,0,0
1492,6,149,hortelanos,182,163,2,1074,1098,0,0,0,87,109,0,0,0,3,,0,0
1492,6,150,hortelanos,182,163,2,1093,1100,0,0,0,87,119,0,0,0,3,,0,0
1492,6,151,hortelanos,182,163,2,1082,1059,0,0,0,87,119,0,0,0,3,1,4,0
1492,6,152,hortelanos,182,163,2,1101,1079,0,0,0,104,136,0,0,0,3,,0,0
1492,6,153,hortelanos,243,215,3,1120,1098,0,0,0,104,136,0,0,0,4,,0,0
1492,6,154,hortelanos,243,217,3,1140,1104,0,0,0,104,146,0,0,0,4,,0,0
1492,6,155,hortelanos,243,219,3,1160,1108,0,0,0,104,146,0,0,0,4,,0,0
1492,6,156,hortelanos,244,221,3,1180,1112,0,0,0,104,146,0,0,0,4,,0,0
1492,6,157,hortelanos,244,223,3,1155,1077,0,0,0,104,146,0,0,0,4,1,4,0
1492,6,158,hortelanos,244,223,3,1177,1080,0,0,0,104,148,0,1,0,4,,0,0
1492,6,159,hortelanos,271,259,4,1199,1096,0,0,0,116,160,0,0,0,4,,0,0
1492,6,160,hortelanos,272,260,4,1218,1103,0,0,0,116,166,0,0,0,4,,0,0
1492,6,161,hortelanos,272,261,4,1237,1108,0,0,0,116,166,0,0,0,4,,0,0
1492,6,162,hortelanos,272,262,4,1256,1113,0,0,0,116,166,0,0,0,4,,0,0
1492,6,163,hortelanos,272,263,4,1225,1118,0,0,0,116,166,0,0,0,4,1,3,0
1492,6,164,hortelanos,273,265,4,1246,1123,0,0,0,116,168,0,0,0,4,,0,0
1492,6,165,hortelanos,273,267,4,1267,1127,0,0,0,116,168,0,0,0,4,,0,0
1492,6,166,hortelanos,273,269,4,1288,1130,0,0,0,116,168,0,0,0,4,,0,0
1492,6,167,hortelanos,274,271,4,1309,1132,0,0,0,116,168,0,0,0,4,,0,0
1492,6,168,hortelanos,274,273,4,1320,1134,0,0,0,116,158,0,0,0,4,,0,0
1492,6,169,hortelanos,275,275,4,1283,1130,0,0,0,116,160,0,0,0,4,1,4,0
1492,6,170,hortelanos,275,277,4,1296,1131,0,0,0,116,160,0,0,0,4,,0,0
1492,6,171,hortelanos,275,279,4,1309,1131,0,0,0,116,160,0,0,0,4,,0,0
1492,6,172,hortelanos,276,281,4,1322,1127,0,0,0,116,160,0,0,0,4,,0,0
1492,6,173,hortelanos,276,283,4,1335,1127,0,0,0,116,160,0,0,0,4,,0,0
1492,6,174,hortelanos,276,283,4,1360,1127,0,0,0,116,172,0,0,0,4,,0,0
1492,6,175,hortelanos,276,283,4,1335,1127,0,0,0,116,172,0,0,0,4,1,3,0
1492,6,176,hortelanos,276,283,4,1360,1127,0,0,0,116,172,0,0,0,4,,0,0
1492,6,177,hortelanos,276,283,4,1385,1127,0,0,0,116,172,0,0,0,4,,0,0
1492,6,178,hortelanos,276,283,4,1410,1127,0,0,0,116,172,0,0,0,4,,0,0
1492,6,179,hortelanos,276,283,4,1435,1127,0,0,0,116,172,0,0,0,4,,0,0
1492,6,180,hortelanos,276,283,4,1460,1127,0,0,0,116,172,0,0,0,4,,0,0
1492,6,181,hortelanos,276,283,4,1435,1127,0,0,0,116,172,0,0,0,4,1,3,0
1492,6,182,hortelanos,276,283,4,1460,1127,0,0,0,116,172,0,0,0,4,,0,0
1492,6,183,hortelanos,276,283,4,1485,1127,0,0,0,116,172,0,0,0,4,,0,0
1492,6,184,hortelanos,276,283,4,1510,1127,0,0,0,116,172,0,0,0,4,,0,0
1492,6,185,hortelanos,276,283,4,1535,1127,0,0,0,116,172,0,0,0,4,,0,0
1492,6,186,hortelanos,276,283,4,1560,1127,0,0,0,116,172,0,0,0,4,,0,0
1492,6,187,hortelanos,276,283,4,1585,1127,0,0,0,116,172,0,0,0,4,1,3,0
1492,6,188,hortelanos,276,283,4,1604,1127,0,0,0,116,164,0,0,0,4,,0,0
1492,6,189,hortelanos,276,283,4,1623,1127,0,0,0,116,164,0,0,0,4,,0,0
1492,6,190,hortelanos,276,283,4,1642,1127,0,0,0,116,164,0,0,0,4,,0,0
1492,6,191,hortelanos,276,283,4,1661,1127,0,0,0,116,164,0,0,0,4,,0,0
1492,6,192,hortelanos,276,283,4,1670,1127,0,0,0,116,154,0,0,0,4,,0,0
1492,6,193,hortelanos,276,283,4,1649,1093,0,0,0,125,163,0,0,0,4,1,3,0
1492,6,194,hortelanos,276,283,4,1658,1103,0,0,0,125,163,0,0,0,4,,0,0
1492,6,195,hortelanos,308,340,5,1667,1112,0,0,0,125,163,0,0,0,4,,0,0
1492,6,196,hortelanos,308,342,5,1679,1106,0,0,0,125,173,0,0,0,4,,0,0
1492,6,197,hortelanos,308,343,5,1691,1092,0,0,0,116,164,0,0,0,4,,0,0
1492,6,198,hortelanos,308,343,5,1715,1079,0,0,0,116,176,0,0,0,4,,0,0
1492,6,199,hortelanos,308,343,5,1739,1066,0,0,0,116,176,0,0,0,4,1,2,0
1492,6,200,hortelanos,308,343,5,1767,1054,0,0,0,116,180,0,0,0,4,,0,0
1492,6,1,mercaderes,34,56,1,28,62,0,0,0,9,21,0,0,0,0,1,4,0
1492,6,2,mercaderes,34,56,1,29,53,0,0,0,9,14,0,0,0,0,,0,0
1492,6,3,mercaderes,34,56,1,30,45,0,0,0,9,14,0,0,0,0,,0,0
1492,6,4,mercaderes,34,56,1,31,37,0,0,0,9,14,0,0,0,0,,0,0
1492,6,5,mercaderes,34,56,1,32,32,0,0,0,12,17,0,1,0,0,,0,0
1492,6,6,mercaderes,34,56,1,46,29,0,0,0,12,30,0,0,0,0,,0,0
1492,6,7,mercaderes,34,56,1,60,26,0,0,0,12,30,0,0,0,0,1,2,0
1492,6,8,mercaderes,34,56,1,74,24,0,0,0,12,30,0,0,0,0,,0,0
1492,6,9,mercaderes,34,56,1,88,22,0,0,0,12,30,0,0,0,0,,0,0
1492,6,10,mercaderes,34,56,1,102,20,0,0,0,12,30,0,0,0,0,,0,0
1492,6,11,mercaderes,34,56,1,116,29,0,0,0,24,42,0,0,0,0,,0,0
1492,6,12,mercaderes,34,58,1,130,38,0,0,0,24,42,0,0,0,0,,0,0
1492,6,13,mercaderes,35,60,1,74,47,0,0,0,24,42,0,0,0,0,1,3,0
1492,6,14,mercaderes,35,60,1,90,54,0,0,0,24,44,0,0,0,0,,0,0
1492,6,15,mercaderes,35,60,1,106,61,0,0,0,24,44,0,0,0,0,,0,0
1492,6,16,mercaderes,35,60,1,122,68,0,0,0,24,44,0,0,0,0,,0,0
1492,6,17,mercaderes,35,60,1,138,66,0,0,0,15,35,0,0,0,0,,0,0
1492,6,18,mercaderes,35,60,1,154,64,0,0,0,15,35,0,0,0,0,,0,0
1492,6,19,mercaderes,34,58,1,85,59,0,0,0,15,35,0,0,0,0,1,3,0
1492,6,20,mercaderes,35,60,1,99,58,0,0,0,15,33,0,0,0,0,,0,0
1492,6,21,mercaderes,35,60,1,115,56,0,0,0,15,35,0,0,0,0,,0,0
1492,6,22,mercaderes,35,60,1,131,54,0,0,0,15,35,0,0,0,0,,0,0
1492,6,23,mercaderes,35,60,1,147,47,0,0,0,9,29,0,0,0,0,,0,0
1492,6,24,mercaderes,35,60,1,157,40,0,0,0,9,23,0,0,0,0,,0,0
1492,6,25,mercaderes,34,56,1,112,20,0,0,0,9,23,0,0,0,0,1,6,0
1492,6,26,mercaderes,34,56,1,121,15,0,0,0,9,22,0,0,0,0,,0,0
1492,6,27,mercaderes,47,56,1,130,10,0,0,0,9,22,0,0,0,1,,0,0
1492,6,28,mercaderes,47,56,1,139,5,0,0,0,9,22,0,0,0,1,,0,0
1492,6,29,mercaderes,47,56,1,148,3,0,0,0,12,25,0,0,0,1,,0,0
1492,6,30,mercaderes,47,56,1,162,1,0,0,0,12,30,0,0,0,1,,0,0
1492,6,31,mercaderes,46,56,1,138,10,0,0,0,12,30,1,0,0,1,1,4,0
1492,6,32,mercaderes,46,56,1,152,8,0,0,0,12,30,0,0,0,1,,0,0
1492,6,33,mercaderes,46,56,1,166,6,0,0,0,12,30,0,0,0,1,,0,0
1492,6,34,mercaderes,49,56,1,180,4,0,0,0,12,30,0,0,0,1,,0,0
1492,6,35,mercaderes,49,56,1,194,14,0,0,0,24,42,0,0,0,1,,0,0
1492,6,36,mercaderes,49,56,1,208,24,0,0,0,24,42,0,0,0,1,,0,0
1492,6,37,mercaderes,49,58,1,171,43,0,0,0,24,42,0,0,0,1,1,4,0
1492,6,38,mercaderes,50,60,1,185,51,0,0,0,24,42,0,0,0,1,,0,0
1492,6,39,mercaderes,50,60,1,201,58,0,0,0,24,44,0,0,0,1,,0,0
1492,6,40,mercaderes,53,60,1,217,65,0,0,0,24,44,0,0,0,1,,0,0
1492,6,41,mercaderes,53,60,1,233,63,0,0,0,15,35,0,0,0,1,,0,0
1492,6,42,mercaderes,53,60,1,249,61,0,0,0,15,35,0,0,0,1,,0,0
1492,6,43,mercaderes,52,58,1,212,59,0,0,0,15,35,0,0,0,1,1,5,0
1492,6,44,mercaderes,53,60,1,226,58,0,0,0,15,33,0,0,0,1,,0,0
1492,6,45,mercaderes,53,60,1,242,56,0,0,0,15,35,0,0,0,1,,0,0
1492,6,46,mercaderes,53,60,1,258,54,0,0,0,15,35,0,0,0,1,,0,0
1492,6,47,mercaderes,53,60,1,274,47,0,0,0,9,29,0,0,0,1,,0,0
1492,6,48,mercaderes,53,60,1,284,40,0,0,0,9,23,0,0,0,1,,0,0
1492,6,49,mercaderes,52,56,1,241,34,0,0,0,9,23,0,0,0,1,1,3,0
1492,6,50,mercaderes,52,56,1,250,28,0,0,0,9,22,0,0,0,1,,0,0
1492,6,51,mercaderes,52,56,1,259,23,0,0,0,9,22,0,0,0,1,,0,0
1492,6,52,mercaderes,52,56,1,268,18,0,0,0,9,22,0,0,0,1,,0,0
1492,6,53,mercaderes,52,56,1,277,16,0,0,0,12,25,0,0,0,1,,0,0
1492,6,54,mercaderes,52,56,1,291,14,0,0,0,12,30,0,0,0,1,,0,0
1492,6,55,mercaderes,52,56,1,272,22,0,0,0,12,30,0,0,0,1,1,2,0
1492,6,56,mercaderes,52,56,1,286,20,0,0,0,12,30,0,0,0,1,,0,0
1492,6,57,mercaderes,52,56,1,300,18,0,0,0,12,30,0,0,0,1,,0,0
1492,6,58,mercaderes,52,56,1,314,16,0,0,0,12,30,0,0,0,1,,0,0
1492,6,59,mercaderes,52,56,1,328,25,0,0,0,24,42,0,0,0,1,,0,0
1492,6,60,mercaderes,52,58,1,342,34,0,0,0,24,42,0,0,0,1,,0,0
1492,6,61,mercaderes,53,60,1,323,53,0,0,0,24,42,0,0,0,1,1,2,0
1492,6,62,mercaderes,53,60,1,339,60,0,0,0,24,44,0,0,0,1,,0,0
1492,6,63,mercaderes,53,60,1,355,67,0,0,0,24,44,0,0,0,1,,0,0
1492,6,64,mercaderes,68,60,1,371,73,0,0,0,24,44,0,0,0,2,,0,0
1492,6,65,mercaderes,68,60,1,387,71,0,0,0,15,35,0,0,0,2,,0,0
1492,6,66,mercaderes,68,60,1,403,69,0,0,0,15,35,0,0,0,2,,0,0
1492,6,67,mercaderes,68,60,1,386,77,0,0,0,15,35,0,0,0,2,1,2,0
1492,6,68,mercaderes,68,60,1,402,74,0,0,0,15,35,0,0,0,2,,0,0
1492,6,69,mercaderes,68,60,1,418,72,0,0,0,15,35,0,0,0,2,,0,0
1492,6,70,mercaderes,68,60,1,434,70,0,0,0,15,35,0,0,0,2,,0,0
1492,6,71,mercaderes,68,60,1,450,62,0,0,0,9,29,0,0,0,2,,0,0
1492,6,72,mercaderes,68,60,1,460,54,0,0,0,9,23,0,0,0,2,,0,0
1492,6,73,mercaderes,68,60,1,437,57,0,0,0,9,23,0,0,0,2,1,2,0
1492,6,74,mercaderes,68,60,1,447,49,0,0,0,9,23,0,0,0,2,,0,0
1492,6,75,mercaderes,68,60,1,457,42,0,0,0,9,23,0,0,0,2,,0,0
1492,6,76,mercaderes,68,60,1,467,35,0,0,0,9,23,0,0,0,2,,0,0
1492,6,77,mercaderes,68,60,1,477,31,0,0,0,12,26,0,0,0,2,,0,0
1492,6,78,mercaderes,68,60,1,493,27,0,0,0,12,32,0,0,0,2,,0,0
1492,6,79,mercaderes,68,60,1,476,34,0,0,0,12,32,0,0,0,2,1,2,0
1492,6,80,mercaderes,68,60,1,492,30,0,0,0,12,32,0,0,0,2,,0,0
1492,6,81,mercaderes,68,60,1,508,26,0,0,0,12,32,0,0,0,2,,0,0
1492,6,82,mercaderes,68,60,1,524,23,0,0,0,12,32,0,0,0,2,,0,0
1492,6,83,mercaderes,68,60,1,540,31,0,0,0,24,44,0,0,0,2,,0,0
1492,6,84,mercaderes,68,60,1,556,39,0,0,0,24,44,0,0,0,2,,0,0
1492,6,85,mercaderes,68,60,1,539,57,0,0,0,24,44,0,0,0,2,1,2,0
1492,6,86,mercaderes,68,60,1,555,64,0,0,0,24,44,0,0,0,2,,0,0
1492,6,87,mercaderes,68,60,1,571,71,0,0,0,24,44,0,0,0,2,,0,0
1492,6,88,mercaderes,68,60,1,587,77,0,0,0,24,44,0,0,0,2,,0,0
1492,6,89,mercaderes,68,60,1,603,74,0,0,0,15,35,0,0,0,2,,0,0
1492,6,90,mercaderes,68,60,1,619,72,0,0,0,15,35,0,0,0,2,,0,0
1492,6,91,mercaderes,68,60,1,602,80,0,0,0,15,35,0,0,0,2,1,2,0
1492,6,92,mercaderes,68,60,1,618,77,0,0,0,15,35,0,0,0,2,,0,0
1492,6,93,mercaderes,68,60,1,634,74,0,0,0,15,35,0,0,0,2,,0,0
1492,6,94,mercaderes,68,60,1,650,72,0,0,0,15,35,0,0,0,2,,0,0
1492,6,95,mercaderes,68,60,1,666,64,0,0,0,9,29,0,0,0,2,,0,0
1492,6,96,mercaderes,68,60,1,676,56,0,0,0,9,23,0,0,0,2,,0,0
1492,6,97,mercaderes,68,60,1,653,58,0,0,0,9,23,0,0,0,2,1,2,0
1492,6,98,mercaderes,68,60,1,663,50,0,0,0,9,23,0,0,0,2,,0,0
1492,6,99,mercaderes,68,60,1,673,43,0,0,0,9,23,0,0,0,2,,0,0
1492,6,100,mercaderes,68,60,1,683,36,0,0,0,9,23,0,0,0,2,,0,0
1492,6,101,mercaderes,68,60,1,693,32,0,0,0,12,26,0,0,0,2,,0,0
1492,6,102,mercaderes,68,60,1,709,28,0,0,0,12,32,0,0,0,2,,0,0
1492,6,103,mercaderes,68,60,1,692,34,0,0,0,12,32,0,0,0,2,1,2,0
1492,6,104,mercaderes,68,60,1,708,30,0,0,0,12,32,0,0,0,2,,0,0
1492,6,105,mercaderes,68,60,1,724,26,0,0,0,12,32,0,0,0,2,,0,0
1492,6,106,mercaderes,68,60,1,740,23,0,0,0,12,32,0,0,0,2,,0,0
1492,6,107,mercaderes,68,60,1,756,31,0,0,0,24,44,0,0,0,2,,0,0
1492,6,108,mercaderes,68,60,1,772,39,0,0,0,24,44,0,0,0,2,,0,0
1492,6,109,mercaderes,68,60,1,755,57,0,0,0,24,44,0,0,0,2,1,2,0
1492,6,110,mercaderes,68,60,1,771,64,0,0,0,24,44,0,0,0,2,,0,0
1492,6,111,mercaderes,68,60,1,787,71,0,0,0,24,44,0,0,0,2,,0,0
1492,6,112,mercaderes,68,60,1,803,77,0,0,0,24,44,0,0,0,2,,0,0
1492,6,113,mercaderes,68,60,1,819,74,0,0,0,15,35,0,0,0,2,,0,0
1492,6,114,mercaderes,68,60,1,835,72,0,0,0,15,35,0,0,0,2,,0,0
1492,6,115,mercaderes,68,60,1,818,80,0,0,0,15,35,0,0,0,2,1,2,0
1492,6,116,mercaderes,68,60,1,834,77,0,0,0,15,35,0,0,0,2,,0,0
1492,6,117,mercaderes,68,60,1,850,74,0,0,0,15,35,0,0,0,2,,0,0
1492,6,118,mercaderes,68,60,1,866,72,0,0,0,15,35,0,0,0,2,,0,0
1492,6,119,mercaderes,68,60,1,882,64,0,0,0,9,29,0,0,0,2,,0,0
1492,6,120,mercaderes,68,60,1,892,56,0,0,0,9,23,0,0,0,2,,0,0
1492,6,121,mercaderes,68,60,1,869,58,0,0,0,9,23,0,0,0,2,1,2,0
1492,6,122,mercaderes,68,60,1,879,50,0,0,0,9,23,0,0,0,2,,0,0
1492,6,123,mercaderes,68,60,1,889,43,0,0,0,9,23,0,0,0,2,,0,0
1492,6,124,mercaderes,68,60,1,899,36,0,0,0,9,23,0,0,0,2,,0,0
1492,6,125,mercaderes,68,60,1,909,32,0,0,0,12,26,0,0,0,2,,0,0
1492,6,126,mercaderes,68,60,1,925,28,0,0,0,12,32,0,0,0,2,,0,0
1492,6,127,mercaderes,68,60,1,908,34,0,0,0,12,32,0,0,0,2,1,2,0
1492,6,128,mercaderes,68,60,1,924,30,0,0,0,12,32,0,0,0,2,,0,0
1492,6,129,mercaderes,68,60,1,940,26,0,0,0,12,32,0,0,0,2,,0,0
1492,6,130,mercaderes,68,60,1,956,23,0,0,0,12,32,0,0,0,2,,0,0
1492,6,131,mercaderes,68,60,1,972,31,0,0,0,24,44,0,0,0,2,,0,0
1492,6,132,mercaderes,68,60,1,988,39,0,0,0,24,44,0,0,0,2,,0,0
1492,6,133,mercaderes,68,60,1,971,57,0,0,0,24,44,0,0,0,2,1,2,0
1492,6,134,mercaderes,68,60,1,987,64,0,0,0,24,44,0,0,0,2,,0,0
1492,6,135,mercaderes,68,60,1,1003,71,0,0,0,24,44,0,0,0,2,,0,0
1492,6,136,mercaderes,68,60,1,1019,77,0,0,0,24,44,0,0,0,2,,0,0
1492,6,137,mercaderes,68,60,1,1035,74,0,0,0,15,35,0,0,0,2,,0,0
1492,6,138,mercaderes,68,60,1,1051,72,0,0,0,15,35,0,0,0,2,,0,0
1492,6,139,mercaderes,68,60,1,1004,41,0,0,0,15,35,0,0,0,2,1,3,0
1492,6,140,mercaderes,68,60,1,1020,40,0,0,0,15,35,0,0,0,2,,0,0
1492,6,141,mercaderes,118,110,2,1036,39,0,0,0,15,35,0,0,0,3,,0,0
1492,6,142,mercaderes,118,110,2,1053,26,0,0,0,15,45,0,0,0,3,,0,0
1492,6,143,mercaderes,118,110,2,1070,8,0,0,0,9,39,0,0,0,3,,0,0
1492,6,144,mercaderes,117,110,2,1081,0,0,0,0,9,33,1,0,0,3,,0,0
1492,6,145,mercaderes,116,110,2,1059,10,0,0,0,9,33,1,0,0,3,1,4,0
1492,6,146,mercaderes,114,108,2,1070,0,0,0,0,9,33,1,0,0,3,,0,0
1492,6,147,mercaderes,113,106,2,1078,0,0,0,0,9,30,1,0,0,3,,0,0
1492,6,148,mercaderes,111,104,2,1086,0,0,0,0,9,30,1,0,0,3,,0,0
1492,6,149,mercaderes,110,102,2,1094,0,0,0,0,12,33,1,0,0,3,,0,0
1492,6,150,mercaderes,109,100,2,1107,0,0,0,0,12,38,1,0,0,3,,0,0
1492,6,151,mercaderes,107,98,2,1087,10,0,0,0,10,36,1,0,0,3,1,4,0
1492,6,152,mercaderes,106,96,2,1102,0,0,0,0,10,36,1,0,0,3,,0,0
1492,6,153,mercaderes,56,52,1,1117,0,0,0,0,9,32,1,0,0,3,,0,0
1492,6,154,mercaderes,55,51,1,1136,0,0,0,0,11,34,1,0,0,3,,0,0
1492,6,155,mercaderes,55,51,1,1145,10,0,0,0,22,45,0,0,0,3,,0,0
1492,6,156,mercaderes,55,51,1,1164,18,0,0,0,22,45,0,1,0,3,,0,0
1492,6,157,mercaderes,55,53,1,1150,48,0,0,0,33,56,0,0,0,3,1,3,0
1492,6,158,mercaderes,56,55,1,1161,66,0,0,0,33,47,0,0,0,3,,0,0
1492,6,159,mercaderes,56,57,1,1172,83,0,0,0,33,47,0,0,0,3,,0,0
1492,6,160,mercaderes,56,59,1,1183,93,0,0,0,27,41,0,0,0,3,,0,0
1492,6,161,mercaderes,57,60,1,1194,96,0,0,0,20,34,0,0,0,3,,0,0
1492,6,162,mercaderes,57,60,1,1206,97,0,0,0,20,35,0,0,0,3,,0,0
1492,6,163,mercaderes,57,60,1,1155,70,0,0,0,20,35,0,0,0,3,1,3,0
1492,6,164,mercaderes,57,60,1,1167,72,0,0,0,20,35,0,0,0,3,,0,0
1492,6,165,mercaderes,86,105,2,1179,76,0,0,0,22,37,0,0,0,3,,0,0
1492,6,166,mercaderes,86,105,2,1192,70,0,0,0,22,47,0,0,0,3,,0,0
1492,6,167,mercaderes,86,105,2,1205,55,0,0,0,13,38,0,0,0,3,,0,0
1492,6,168,mercaderes,86,105,2,1218,41,0,0,0,13,38,0,0,0,3,,0,0
1492,6,169,mercaderes,86,105,2,1129,27,0,0,0,13,38,0,0,0,3,1,4,0
1492,6,170,mercaderes,86,105,2,1142,12,0,0,0,13,38,0,0,0,3,,0,0
1492,6,171,mercaderes,85,105,2,1155,0,0,0,0,13,38,1,1,0,3,,0,0
1492,6,172,mercaderes,84,105,2,1168,0,0,0,0,16,41,1,0,0,3,,0,0
1492,6,173,mercaderes,82,103,2,1181,0,0,0,0,22,47,1,0,0,3,,0,0
1492,6,174,mercaderes,81,101,2,1198,0,0,0,0,21,50,1,0,0,3,,0,0
1492,6,175,mercaderes,79,99,2,1182,10,0,0,0,21,50,1,0,0,3,1,4,0
1492,6,176,mercaderes,79,99,2,1194,7,0,0,0,21,43,0,0,0,3,,0,0
1492,6,177,mercaderes,79,99,2,1206,4,0,0,0,21,43,0,0,0,3,,0,0
1492,6,178,mercaderes,79,99,2,1218,1,0,0,0,21,43,0,0,0,3,,0,0
1492,6,179,mercaderes,79,99,2,1230,20,0,0,0,43,65,0,0,0,3,,0,0
1492,6,180,mercaderes,80,103,2,1242,38,0,0,0,43,65,0,0,0,3,,0,0
1492,6,181,mercaderes,81,106,2,1221,65,0,0,0,44,66,0,0,0,3,1,2,0
1492,6,182,mercaderes,81,108,2,1234,80,0,0,0,44,67,0,0,0,3,,0,0
1492,6,183,mercaderes,82,110,2,1247,94,0,0,0,44,67,0,0,0,3,,0,0
1492,6,184,mercaderes,82,112,2,1261,107,0,0,0,44,68,0,0,0,3,,0,0
1492,6,185,mercaderes,82,112,2,1275,102,0,0,0,27,51,0,0,0,3,,0,0
1492,6,186,mercaderes,82,114,2,1289,98,0,0,0,28,52,0,0,0,3,,0,0
1492,6,187,mercaderes,82,114,2,1240,59,0,0,0,28,52,0,0,0,3,1,7,0
1492,6,188,mercaderes,82,114,2,1254,57,0,0,0,28,52,0,0,0,3,,0,0
1492,6,189,mercaderes,145,179,3,1268,55,0,0,0,28,52,0,0,0,4,,0,0
1492,6,190,mercaderes,145,179,3,1288,38,0,0,0,28,67,0,0,0,4,,0,0
1492,6,191,mercaderes,145,179,3,1308,10,0,0,0,16,55,0,0,0,4,,0,0
1492,6,192,mercaderes,147,179,3,1323,0,0,0,0,16,50,1,0,0,4,,0,0
1492,6,193,mercaderes,146,179,3,1305,10,0,0,0,16,50,1,0,0,4,1,7,0
1492,6,194,mercaderes,145,176,3,1323,0,0,0,0,16,55,1,0,0,4,,0,0
1492,6,195,mercaderes,143,173,3,1340,0,0,0,0,16,54,1,0,0,4,,0,0
1492,6,196,mercaderes,142,170,3,1357,0,0,0,0,16,54,1,0,0,4,,0,0
1492,6,197,mercaderes,140,167,3,1374,0,0,0,0,22,60,1,0,0,4,,0,0
1492,6,198,mercaderes,138,164,3,1396,0,0,0,0,22,65,1,0,0,4,,0,0
1492,6,199,mercaderes,137,161,3,1383,10,0,0,0,22,63,1,0,0,4,1,3,0
1492,6,200,mercaderes,135,158,3,1397,0,0,0,0,21,56,1,0,0,4,,0,0
1492,6,1,mesta,36,66,1,30,59,0,0,0,8,22,0,0,0,0,1,4,0
1492,6,2,mesta,36,66,1,32,48,0,0,0,8,14,0,0,0,0,,0,0
1492,6,3,mesta,36,66,1,34,37,0,0,0,8,14,0,0,0,0,,0,0
1492,6,4,mesta,36,66,1,36,26,0,0,0,8,14,0,0,0,0,,0,0
1492,6,5,mesta,36,66,1,38,19,0,0,0,11,17,0,1,0,0,,0,0
1492,6,6,mesta,36,66,1,54,14,0,0,0,11,31,0,0,0,0,,0,0
1492,6,7,mesta,34,62,1,50,0,0,0,0,11,31,1,0,0,0,1,2,0
1492,6,8,mesta,33,62,1,66,0,0,0,0,11,31,1,0,0,0,,0,0
1492,6,9,mesta,32,61,1,82,0,0,0,0,11,31,1,0,0,0,,0,0
1492,6,10,mesta,31,60,1,98,0,0,0,0,11,31,1,0,0,0,,0,0
1492,6,11,mesta,31,60,1,114,7,0,0,0,22,42,0,0,0,0,,0,0
1492,6,12,mesta,31,60,1,130,14,0,0,0,22,42,0,0,0,0,,0,0
1492,6,13,mesta,30,58,1,46,21,0,0,0,22,42,0,0,0,0,1,5,0
1492,6,14,mesta,31,60,1,60,30,0,0,0,22,40,0,0,0,0,,0,0
1492,6,15,mesta,31,60,1,76,37,0,0,0,22,42,0,0,0,0,,0,0
1492,6,16,mesta,31,60,1,92,44,0,0,0,22,42,0,0,0,0,,0,0
1492,6,17,mesta,31,60,1,108,43,0,0,0,14,34,0,0,0,0,,0,0
1492,6,18,mesta,31,60,1,124,42,0,0,0,14,34,0,0,0,0,,0,0
1492,6,19,mesta,30,56,1,85,24,0,0,0,14,34,0,0,0,0,1,7,0
1492,6,20,mesta,30,56,1,99,24,0,0,0,14,32,0,0,0,0,,0,0
1492,6,21,mesta,43,56,1,113,24,0,0,0,14,32,0,0,0,1,,0,0
1492,6,22,mesta,43,56,1,127,24,0,0,0,14,32,0,0,0,1,,0,0
1492,6,23,mesta,43,56,1,141,19,0,0,0,8,26,0,0,0,1,,0,0
1492,6,24,mesta,43,56,1,150,14,0,0,0,8,21,0,0,0,1,,0,0
1492,6,25,mesta,43,56,1,82,16,0,0,0,8,21,0,0,0,1,1,4,0
1492,6,26,mesta,43,56,1,91,9,0,0,0,8,21,0,0,0,1,,0,0
1492,6,27,mesta,46,56,1,100,2,0,0,0,8,21,0,1,0,1,,0,0
1492,6,28,mesta,45,56,1,109,0,0,0,0,8,25,1,0,0,1,,0,0
1492,6,29,mesta,44,56,1,118,0,0,0,0,11,28,1,0,0,1,,0,0
1492,6,30,mesta,43,55,1,132,0,0,0,0,11,33,1,0,0,1,,0,0
1492,6,31,mesta,41,54,1,132,10,0,0,0,11,33,1,0,0,1,1,6,0
1492,6,32,mesta,41,54,1,136,9,0,0,0,11,33,0,0,0,1,,0,0
1492,6,33,mesta,41,54,1,150,6,0,0,0,11,33,0,1,0,1,,0,0
1492,6,34,mesta,41,54,1,164,10,6,0,0,16,38,0,0,0,1,,0,0
1492,6,35,mesta,42,56,1,178,32,6,0,0,35,57,0,0,0,1,,0,0
1492,6,36,mesta,45,58,1,192,52,6,0,0,35,57,0,0,0,1,,0,0
1492,6,37,mesta,45,56,1,99,70,0,0,0,35,57,0,0,0,1,1,6,0
1492,6,38,mesta,45,58,1,113,89,0,0,0,35,57,0,0,0,1,,0,0
1492,6,39,mesta,61,60,1,127,107,0,0,0,35,57,0,0,0,2,,0,0
1492,6,40,mesta,64,60,1,143,123,0,0,0,35,59,0,0,0,2,,0,0
1492,6,41,mesta,64,60,1,159,126,0,0,0,22,46,0,0,0,2,,0,0
1492,6,42,mesta,64,60,1,175,129,0,0,0,22,46,0,0,0,2,,0,0
1492,6,43,mesta,64,60,1,468,135,0,0,0,22,46,0,0,0,2,1,4,0
1492,6,44,mesta,64,60,1,484,137,0,0,0,22,46,0,0,0,2,,0,0
1492,6,45,mesta,64,60,1,500,139,0,0,0,22,46,0,0,0,2,,0,0
1492,6,46,mesta,64,60,1,516,141,0,0,0,22,46,0,0,0,2,,0,0
1492,6,47,mesta,67,60,1,532,134,0,0,0,13,37,0,0,0,2,,0,0
1492,6,48,mesta,67,60,1,542,127,0,0,0,13,31,0,0,0,2,,0,0
1492,6,49,mesta,66,58,1,454,120,0,0,0,13,31,0,0,0,2,1,5,0
1492,6,50,mesta,66,58,1,463,117,0,0,0,13,30,0,0,0,2,,0,0
1492,6,51,mesta,66,58,1,472,114,0,0,0,13,30,0,0,0,2,,0,0
1492,6,52,mesta,66,58,1,481,111,0,0,0,13,30,0,0,0,2,,0,0
1492,6,53,mesta,67,60,1,490,112,0,0,0,17,34,0,0,0,2,,0,0
1492,6,54,mesta,67,60,1,506,112,0,0,0,17,41,0,0,0,2,,0,0
1492,6,55,mesta,67,60,1,428,112,0,0,0,17,41,0,0,0,2,1,3,0
1492,6,56,mesta,67,60,1,444,114,0,0,0,17,41,0,0,0,2,,0,0
1492,6,57,mesta,67,60,1,460,116,0,0,0,17,41,0,0,0,2,,0,0
1492,6,58,mesta,67,60,1,476,118,6,0,0,17,41,0,0,0,2,,0,0
1492,6,59,mesta,67,60,1,492,136,6,0,0,36,60,0,0,0,2,,0,0
1492,6,60,mesta,67,60,1,508,153,6,0,0,36,60,0,0,0,2,,0,0
1492,6,61,mesta,67,60,1,460,169,0,0,0,36,60,0,0,0,2,1,3,0
1492,6,62,mesta,67,60,1,476,185,0,0,0,36,60,0,0,0,2,,0,0
1492,6,63,mesta,67,60,1,492,200,0,0,0,36,60,0,0,0,2,,0,0
1492,6,64,mesta,67,60,1,508,215,0,0,0,36,60,0,0,0,2,,0,0
1492,6,65,mesta,67,60,1,524,216,0,0,0,23,47,0,0,0,2,,0,0
1492,6,66,mesta,67,60,1,540,217,0,0,0,23,47,0,0,0,2,,0,0
1492,6,67,mesta,67,60,1,785,218,0,0,0,23,47,0,0,0,2,1,4,0
1492,6,68,mesta,67,63,1,801,219,0,0,0,23,47,0,1,0,2,,0,0
1492,6,69,mesta,68,66,1,817,222,0,0,0,23,47,0,0,0,2,,0,0
1492,6,70,mesta,68,69,1,833,224,0,0,0,23,47,0,0,0,2,,0,0
1492,6,71,mesta,68,69,1,849,216,0,0,0,13,37,0,0,0,2,,0,0
1492,6,72,mesta,68,69,1,859,208,0,0,0,13,31,0,0,0,2,,0,0
1492,6,73,mesta,68,67,1,745,148,0,0,0,13,31,0,0,0,2,1,7,0
1492,6,74,mesta,68,67,1,755,145,0,0,0,13,31,0,0,0,2,,0,0
1492,6,75,mesta,116,107,2,765,143,0,0,0,13,31,0,0,0,3,,0,0
1492,6,76,mesta,116,107,2,774,131,0,0,0,13,39,0,0,0,3,,0,0
1492,6,77,mesta,116,107,2,783,124,0,0,0,18,44,0,0,0,3,,0,0
1492,6,78,mesta,116,107,2,798,118,0,0,0,18,50,0,0,0,3,,0,0
1492,6,79,mesta,116,107,2,709,73,0,0,0,18,50,0,0,0,3,1,4,0
1492,6,80,mesta,116,107,2,724,67,0,0,0,18,50,0,1,0,3,,0,0
1492,6,81,mesta,174,147,3,739,67,0,0,0,22,54,0,0,0,4,,0,0
1492,6,82,mesta,174,147,3,753,57,24,0,0,22,62,0,0,0,4,,0,0
1492,6,83,mesta,175,154,3,767,69,24,0,0,46,86,0,0,0,4,,0,0
1492,6,84,mesta,177,161,3,783,78,24,0,0,46,88,0,0,0,4,,0,0
1492,6,85,mesta,178,168,3,867,95,14,0,0,46,88,0,0,0,4,1,5,0
1492,6,86,mesta,180,175,3,883,96,14,0,0,46,88,0,2,0,4,,0,0
1492,6,87,mesta,181,182,3,899,114,14,0,0,63,105,0,0,0,4,,0,0
1492,6,88,mesta,183,190,3,921,129,14,0,0,63,111,0,0,0,4,,0,0
1492,6,89,mesta,183,190,3,943,120,14,0,0,40,88,0,0,0,4,,0,0
1492,6,90,mesta,183,190,3,965,111,14,0,0,40,88,0,0,0,4,,0,0
1492,6,91,mesta,183,190,3,1431,102,4,0,0,40,88,0,0,0,4,1,4,0
1492,6,92,mesta,183,190,3,1453,90,4,0,0,40,88,0,2,0,4,,0,0
1492,6,93,mesta,183,190,3,1475,87,4,0,0,45,93,0,0,0,4,,0,0
1492,6,94,mesta,183,190,3,1497,84,4,0,0,45,93,0,0,0,4,,0,0
1492,6,95,mesta,183,190,3,1519,64,4,0,0,27,75,0,0,0,4,,0,0
1492,6,96,mesta,183,190,3,1533,45,4,0,0,27,67,0,0,0,4,,0,0
1492,6,97,mesta,182,190,3,1879,40,0,0,0,27,67,1,0,0,4,1,5,0
1492,6,98,mesta,181,190,3,1893,40,0,0,0,26,66,1,0,0,4,,0,0
1492,6,99,mesta,179,186,3,1907,40,0,0,0,26,66,1,0,0,4,,0,0
1492,6,100,mesta,177,182,3,1921,40,0,0,0,25,65,1,0,0,4,,0,0
1492,6,101,mesta,175,178,3,1935,40,0,0,0,32,72,1,0,0,4,,0,0
1492,6,102,mesta,173,174,3,1953,40,0,0,0,31,75,1,0,0,4,,0,0
1492,6,103,mesta,172,170,3,2134,46,0,0,0,29,71,1,0,0,4,1,3,0
1492,6,104,mesta,170,166,3,2147,40,0,0,0,27,63,1,0,0,4,,0,0
1492,6,105,mesta,168,162,3,2160,40,0,0,0,27,63,1,0,0,4,,0,0
1492,6,106,mesta,117,114,2,2173,40,24,0,0,22,49,1,0,0,4,,0,0
1492,6,107,mesta,69,70,1,2147,18,24,0,0,28,53,0,1,0,4,,0,0
1492,6,108,mesta,69,73,1,2165,30,24,0,0,28,53,0,0,0,4,,0,0
1492,6,109,mesta,100,128,2,2271,51,14,0,0,28,53,0,0,0,4,1,5,0
1492,6,110,mesta,100,128,2,2281,48,14,0,0,28,53,0,0,0,4,,0,0
1492,6,111,mesta,101,133,2,2291,48,14,0,0,34,60,0,0,0,4,,0,0
1492,6,112,mesta,102,138,2,2301,48,14,0,0,34,60,0,0,0,4,,0,0
1492,6,113,mesta,102,138,2,2311,34,14,0,0,21,47,0,0,0,4,,0,0
1492,6,114,mesta,102,138,2,2321,21,14,0,0,21,47,0,0,0,4,,0,0
1492,6,115,mesta,102,138,2,2778,11,4,0,0,24,50,0,0,0,4,1,3,0
1492,6,116,mesta,101,138,2,2788,0,4,0,0,24,50,1,1,0,4,,0,0
1492,6,117,mesta,100,138,2,2798,0,4,0,0,29,55,1,0,0,4,,0,0
1492,6,118,mesta,99,135,2,2808,0,4,0,0,29,55,1,0,0,4,,0,0
1492,6,119,mesta,97,132,2,2818,0,4,0,0,16,42,1,0,0,4,,0,0
1492,6,120,mesta,95,129,2,2828,0,4,0,0,15,41,1,0,0,4,,0,0
1492,6,121,mesta,94,126,2,3167,0,0,0,0,15,41,1,0,0,4,1,5,0
1492,6,122,mesta,92,123,2,3173,0,0,0,0,15,34,1,0,0,4,,0,0
1492,6,123,mesta,91,120,2,3179,0,0,0,0,15,34,1,0,0,4,,0,0
1492,6,124,mesta,89,117,2,3185,0,0,0,0,12,30,1,0,0,4,,0,0
1492,6,125,mesta,37,64,1,3191,0,0,0,0,14,29,1,0,0,4,,0,0
1492,6,126,mesta,36,63,1,3204,0,0,0,0,14,33,1,0,0,4,,0,0
1492,6,127,mesta,35,62,1,3381,6,0,0,0,11,29,1,0,0,4,1,3,0
1492,6,128,mesta,35,62,1,3390,2,0,0,0,11,25,0,0,0,4,,0,0
1492,6,129,mesta,34,62,1,3399,0,0,0,0,11,25,1,0,0,4,,0,0
1492,6,130,mesta,33,62,1,3408,0,13,0,0,11,25,1,0,0,4,,0,0
1492,6,131,mesta,33,62,1,3417,8,13,0,0,23,37,0,0,0,4,,0,0
1492,6,132,mesta,33,62,1,3426,21,13,0,0,28,43,0,0,0,4,,0,0
1492,6,133,mesta,34,65,1,3523,43,3,0,0,28,43,0,0,0,4,1,2,0
1492,6,134,mesta,34,68,1,3532,53,3,0,0,28,43,0,0,0,4,,0,0
1492,6,135,mesta,35,71,1,3541,62,3,0,0,28,43,0,0,0,4,,0,0
1492,6,136,mesta,35,74,1,3550,76,3,0,0,34,50,0,0,0,4,,0,0
1492,6,137,mesta,36,77,1,3560,76,3,0,0,21,38,0,0,0,4,,0,0
1492,6,138,mesta,37,80,1,3570,78,3,0,0,24,41,0,0,0,4,,0,0
1492,6,139,mesta,37,84,1,3887,41,0,0,0,24,41,0,0,0,4,1,4,0
1492,6,140,mesta,38,88,1,3897,43,0,0,0,24,41,0,0,0,4,,0,0
1492,6,141,mesta,72,158,2,3907,44,0,0,0,24,41,0,0,0,4,,0,0
1492,6,142,mesta,72,158,2,3924,28,0,0,0,24,55,0,0,0,4,,0,0
1492,6,143,mesta,72,158,2,3941,3,0,0,0,14,45,0,0,0,4,,0,0
1492,6,144,mesta,71,158,2,3958,0,0,0,0,14,45,1,0,0,4,,0,0
1492,6,145,mesta,70,158,2,4093,7,0,0,0,14,45,1,0,0,4,1,3,0
1492,6,146,mesta,68,154,2,4110,0,0,0,0,14,45,1,0,0,4,,0,0
1492,6,147,mesta,67,150,2,4125,0,0,0,0,14,43,1,0,0,4,,0,0
1492,6,148,mesta,65,147,2,4140,0,0,0,0,14,43,1,0,0,4,,0,0
1492,6,149,mesta,63,144,2,4155,0,0,0,0,19,48,1,0,0,4,,0,0
1492,6,150,mesta,62,141,2,4176,0,0,0,0,19,54,1,0,0,4,,0,0
1492,6,151,mesta,60,138,2,4163,10,0,0,0,19,52,1,0,0,4,1,4,0
1492,6,152,mesta,59,135,2,4176,0,0,0,0,17,42,1,0,0,4,,0,0
1492,6,153,mesta,5,72,1,4189,0,0,0,0,17,38,1,0,0,4,,0,0
1492,6,154,mesta,5,72,1,4203,3,11,0,0,21,42,0,0,0,4,,0,0
1492,6,155,mesta,5,72,1,4217,27,11,0,0,43,64,0,0,0,4,,0,0
1492,6,156,mesta,6,75,1,4231,50,11,0,0,43,64,0,0,0,4,,0,0
1492,6,157,mesta,6,78,1,4282,82,1,0,0,43,64,0,0,0,4,1,3,0
1492,6,158,mesta,7,81,1,4296,102,1,0,0,43,64,0,0,0,4,,0,0
1492,6,159,mesta,8,85,1,4312,120,1,0,0,43,66,0,0,0,4,,0,0
1492,6,160,mesta,8,89,1,4328,128,1,0,0,34,57,0,0,0,4,,0,0
1492,6,161,mesta,9,90,1,4344,125,1,0,0,24,47,0,0,0,4,,0,0
1492,6,162,mesta,9,90,1,4361,122,1,0,0,24,48,0,0,0,4,,0,0
1492,6,163,mesta,9,90,1,4670,120,1,0,0,24,48,0,0,0,4,1,3,0
1492,6,164,mesta,9,90,1,4687,118,1,0,0,24,48,0,0,0,4,,0,0
1492,6,165,mesta,9,90,1,4704,116,1,0,0,24,48,0,0,0,4,,0,0
1492,6,166,mesta,9,90,1,4721,114,1,0,0,24,48,0,0,0,4,,0,0
1492,6,167,mesta,9,90,1,4738,102,1,0,0,14,38,0,0,0,4,,0,0
1492,6,168,mesta,9,90,1,4749,91,1,0,0,14,32,0,0,0,4,,0,0
1492,6,169,mesta,9,90,1,4698,52,1,0,0,14,32,0,0,0,4,1,3,0
1492,6,170,mesta,9,90,1,4709,43,1,0,0,14,32,0,0,0,4,,0,0
1492,6,171,mesta,39,141,2,4720,34,1,0,0,14,32,0,0,0,4,,0,0
1492,6,172,mesta,39,141,2,4728,16,1,0,0,17,38,0,0,0,4,,0,0
1492,6,173,mesta,39,141,2,4736,4,1,0,0,23,44,0,0,0,4,,0,0
1492,6,174,mesta,38,141,2,4750,0,1,0,0,23,50,1,0,0,4,,0,0
1492,6,175,mesta,37,141,2,4731,10,1,0,0,23,50,1,0,0,4,1,3,0
1492,6,176,mesta,35,138,2,4745,0,1,0,0,23,50,1,0,0,4,,0,0
1492,6,177,mesta,34,135,2,4758,0,1,0,0,23,49,1,0,0,4,,0,0
1492,6,178,mesta,32,132,2,4770,0,7,0,0,23,48,1,0,0,4,,0,0
1492,6,179,mesta,32,132,2,4772,13,7,0,0,46,71,0,0,0,4,,0,0
1492,6,180,mesta,32,132,2,4784,24,7,0,0,46,71,0,1,0,4,,0,0
1492,6,181,mesta,33,138,2,4753,54,0,0,0,54,79,0,0,0,4,1,4,0
1492,6,182,mesta,34,142,2,4766,71,0,0,0,55,81,0,1,0,4,,0,0
1492,6,183,mesta,34,144,2,4780,96,0,0,0,64,91,0,0,0,4,,0,0
1492,6,184,mesta,35,146,2,4794,120,0,0,0,64,91,0,0,0,4,,0,0
1492,6,185,mesta,35,148,2,4808,120,0,0,0,40,67,0,0,0,4,,0,0
1492,6,186,mesta,36,150,2,4822,119,0,0,0,40,67,0,0,0,4,,0,0
1492,6,187,mesta,36,150,2,5116,82,0,0,0,40,68,0,0,0,4,1,5,0
1492,6,188,mesta,36,150,2,5135,80,0,0,0,40,72,0,1,0,4,,0,0
1492,6,189,mesta,64,194,3,5154,80,0,0,0,40,72,0,0,0,4,,0,0
1492,6,190,mesta,65,196,3,5169,85,0,0,0,56,90,0,0,0,4,,0,0
1492,6,191,mesta,65,196,3,5184,68,0,0,0,34,68,0,0,0,4,,0,0
1492,6,192,mesta,65,196,3,5193,51,0,0,0,34,62,0,0,0,4,,0,0
1492,6,193,mesta,64,196,3,5169,50,0,0,0,34,62,1,0,0,4,1,5,0
1492,6,194,mesta,63,196,3,5181,40,0,0,0,34,65,1,0,0,4,,0,0
1492,6,195,mesta,61,192,3,5193,40,0,0,0,34,65,1,0,0,4,,0,0
1492,6,196,mesta,59,188,3,5203,40,0,0,0,33,62,1,0,0,4,,0,0
1492,6,197,mesta,57,184,3,5213,40,0,0,0,44,73,1,0,0,4,,0,0
1492,6,198,mesta,56,180,3,5229,40,0,0,0,44,79,1,0,0,4,,0,0
1492,6,199,mesta,54,176,3,5212,50,0,0,0,41,76,1,0,0,4,1,4,0
1492,6,200,mesta,54,176,3,5185,7,0,0,0,41,73,0,0,0,4,,0,0
1492,6,1,monjes,38,76,1,32,63,0,0,0,15,31,0,0,0,0,1,4,0
1492,6,2,monjes,38,76,1,35,55,0,0,0,15,22,0,0,0,0,,0,0
1492,6,3,monjes,38,76,1,38,48,0,0,0,15,22,0,0,0,0,,0,0
1492,6,4,monjes,38,76,1,41,41,0,0,0,15,22,0,0,0,0,,0,0
1492,6,5,monjes,38,76,1,44,39,0,0,0,20,27,0,1,0,0,,0,0
1492,6,6,monjes,38,76,1,62,39,0,0,0,20,42,0,0,0,0,,0,0
1492,6,7,monjes,38,76,1,70,39,0,0,0,20,42,0,0,0,0,1,2,0
1492,6,8,monjes,38,76,1,88,37,0,0,0,20,42,0,1,0,0,,0,0
1492,6,9,monjes,38,76,1,106,47,0,0,0,30,52,0,0,0,0,,0,0
1492,6,10,monjes,38,76,1,124,56,0,0,0,30,52,0,0,0,0,,0,0
1492,6,11,monjes,38,76,1,142,94,0,0,0,60,82,0,0,0,0,,0,0
1492,6,12,monjes,38,76,1,160,130,0,0,0,60,82,0,0,0,0,,0,0
1492,6,13,monjes,52,72,1,58,155,0,0,0,60,82,0,0,0,1,1,5,0
1492,6,14,monjes,52,72,1,72,190,0,0,0,60,77,0,0,0,1,,0,0
1492,6,15,monjes,52,72,1,86,223,0,0,0,60,77,0,0,0,1,,0,0
1492,6,16,monjes,52,72,1,100,255,0,0,0,60,77,0,0,0,1,,0,0
1492,6,17,monjes,52,72,1,114,264,0,0,0,37,54,0,0,0,1,,0,0
1492,6,18,monjes,52,72,1,128,272,0,0,0,37,54,0,0,0,1,,0,0
1492,6,19,monjes,51,68,1,180,246,0,0,0,37,54,0,0,0,1,1,6,0
1492,6,20,monjes,64,68,1,193,256,0,0,0,37,53,0,0,0,2,,0,0
1492,6,21,monjes,64,68,1,206,265,0,0,0,37,53,0,0,0,2,,0,0
1492,6,22,monjes,64,68,1,219,274,0,0,0,37,53,0,0,0,2,,0,0
1492,6,23,monjes,64,68,1,232,268,0,0,0,22,38,0,0,0,2,,0,0
1492,6,24,monjes,64,68,1,241,263,0,0,0,22,34,0,0,0,2,,0,0
1492,6,25,monjes,63,64,1,208,224,0,0,0,22,34,0,0,0,2,1,9,0
1492,6,26,monjes,63,64,1,217,217,0,0,0,22,34,0,0,0,2,,0,0
1492,6,27,monjes,66,64,1,226,215,0,0,0,22,34,0,0,0,2,,0,0
1492,6,28,monjes,66,64,1,235,213,0,0,0,22,34,0,0,0,2,,0,0
1492,6,29,monjes,66,64,1,244,218,0,0,0,30,42,0,0,0,2,,0,0
1492,6,30,monjes,66,64,1,257,223,0,0,0,30,46,0,0,0,2,,0,0
1492,6,31,monjes,66,60,1,248,208,0,0,0,30,46,0,0,0,2,1,10,0
1492,6,32,monjes,69,60,1,261,215,0,0,0,30,46,0,0,0,2,,0,0
1492,6,33,monjes,160,66,2,274,221,0,0,0,30,46,0,0,0,3,,0,0
1492,6,34,monjes,160,67,2,282,226,0,0,0,30,46,0,0,0,3,,0,0
1492,6,35,monjes,160,68,2,290,260,0,0,0,60,76,0,0,0,3,,0,0
1492,6,36,monjes,160,69,2,298,291,0,0,0,60,76,0,0,0,3,,0,0
1492,6,37,monjes,161,70,2,273,303,0,0,0,60,76,0,0,0,3,1,9,0
1492,6,38,monjes,161,71,2,282,331,0,0,0,60,77,0,1,0,3,,0,0
1492,6,39,monjes,161,72,2,291,375,0,0,0,76,93,0,0,0,3,,0,0
1492,6,40,monjes,161,73,2,300,416,0,0,0,76,93,0,0,0,3,,0,0
1492,6,41,monjes,161,74,2,309,428,0,0,0,47,64,0,0,0,3,,0,0
1492,6,42,monjes,165,75,2,318,439,0,0,0,47,64,0,0,0,3,,0,0
1492,6,43,monjes,164,71,2,304,436,0,0,0,47,64,0,0,0,3,1,9,0
1492,6,44,monjes,164,72,2,313,448,0,0,0,47,64,0,0,0,3,,0,0
1492,6,45,monjes,265,79,3,322,458,0,0,0,47,64,0,0,0,4,,0,0
1492,6,46,monjes,266,81,3,326,467,0,0,0,47,64,0,0,0,4,,0,0
1492,6,47,monjes,266,83,3,330,456,0,0,0,28,45,0,0,0,4,,0,0
1492,6,48,monjes,267,85,3,330,446,0,0,0,28,41,0,0,0,4,,0,0
1492,6,49,monjes,266,82,3,307,405,0,0,0,28,41,0,0,0,4,1,14,0
1492,6,50,monjes,266,84,3,307,400,0,0,0,35,48,0,0,0,4,,0,0
1492,6,51,monjes,291,92,4,307,398,0,0,0,35,48,0,0,0,4,,0,0
1492,6,52,monjes,292,95,4,302,394,0,0,0,35,48,0,0,0,4,,0,0
1492,6,53,monjes,292,98,4,298,402,0,0,0,47,61,0,0,0,4,,0,0
1492,6,54,monjes,293,101,4,298,408,0,0,0,47,65,0,0,0,4,,0,0
1492,6,55,monjes,293,104,4,276,393,0,0,0,47,66,0,0,0,4,1,9,0
1492,6,56,monjes,294,107,4,278,394,0,0,0,47,67,0,0,0,4,,0,0
1492,6,57,monjes,295,110,4,280,395,0,0,0,47,67,0,0,0,4,,0,0
1492,6,58,monjes,295,113,4,282,395,0,0,0,47,67,0,0,0,4,,0,0
1492,6,59,monjes,299,116,4,284,444,0,0,0,95,115,0,0,0,4,,0,0
1492,6,60,monjes,299,119,4,286,490,0,0,0,95,115,0,0,0,4,,0,0
1492,6,61,monjes,299,117,4,285,486,0,0,0,95,115,0,0,0,4,1,10,0
1492,6,62,monjes,300,120,4,287,530,0,0,0,95,115,0,0,0,4,,0,0
1492,6,63,monjes,329,165,5,291,572,0,0,0,95,117,0,0,0,4,,0,0
1492,6,64,monjes,330,170,5,296,601,0,0,0,95,125,0,0,0,4,,0,0
1492,6,65,monjes,331,175,5,302,593,0,0,0,58,89,0,0,0,4,,0,0
1492,6,66,monjes,333,185,5,308,584,0,0,0,58,89,0,0,0,4,,0,0
1492,6,67,monjes,334,190,5,293,559,0,0,0,58,91,0,0,0,4,1,7,0
1492,6,68,monjes,335,195,5,300,544,0,0,0,58,88,0,0,0,4,,0,0
1492,6,69,monjes,336,200,5,307,532,0,0,0,58,88,0,0,0,4,,0,0
1492,6,70,monjes,336,204,5,314,519,0,0,0,58,88,0,0,0,4,,0,0
1492,6,71,monjes,336,204,5,323,483,0,0,0,35,67,0,0,0,4,,0,0
1492,6,72,monjes,336,204,5,328,449,0,0,0,35,63,0,0,0,4,,0,0
1492,6,73,monjes,336,204,5,360,406,0,0,0,35,63,0,0,0,4,1,4,0
1492,6,74,monjes,336,204,5,365,375,0,0,0,35,63,0,0,0,4,,0,0
1492,6,75,monjes,336,204,5,370,341,0,0,0,35,63,0,0,0,4,,0,0
1492,6,76,monjes,336,204,5,375,312,0,0,0,35,63,0,0,0,4,,0,0
1492,6,77,monjes,336,204,5,380,296,0,0,0,47,75,0,0,0,4,,0,0
1492,6,78,monjes,336,204,5,389,281,0,0,0,47,79,0,0,0,4,,0,0
1492,6,79,monjes,336,204,5,425,256,0,0,0,47,79,0,0,0,4,1,2,0
1492,6,80,monjes,336,204,5,434,242,0,0,0,47,79,0,0,0,4,,0,0
1492,6,81,monjes,336,204,5,443,229,0,0,0,47,79,0,0,0,4,,0,0
1492,6,82,monjes,336,204,5,452,216,0,0,0,47,79,0,0,0,4,,0,0
1492,6,83,monjes,337,207,5,461,250,0,0,0,95,127,0,0,0,4,,0,0
1492,6,84,monjes,338,210,5,470,283,0,0,0,95,127,0,0,0,4,,0,0
1492,6,85,monjes,338,214,5,507,303,0,0,0,95,128,0,0,0,4,1,2,0
1492,6,86,monjes,339,218,5,517,332,0,0,0,95,128,0,0,0,4,,0,0
1492,6,87,monjes,340,222,5,529,359,0,0,0,95,130,0,0,0,4,,0,0
1492,6,88,monjes,341,226,5,541,384,0,0,0,95,130,0,0,0,4,,0,0
1492,6,89,monjes,342,230,5,553,371,0,0,0,58,93,0,0,0,4,,0,0
1492,6,90,monjes,342,234,5,567,358,0,0,0,58,95,0,0,0,4,,0,0
1492,6,91,monjes,343,235,5,608,334,0,0,0,58,95,0,0,0,4,1,2,0
1492,6,92,monjes,343,235,5,622,321,0,0,0,58,95,0,0,0,4,,0,0
1492,6,93,monjes,343,235,5,636,309,0,0,0,58,95,0,0,0,4,,0,0
1492,6,94,monjes,343,235,5,650,297,0,0,0,58,95,0,0,0,4,,0,0
1492,6,95,monjes,343,235,5,664,264,0,0,0,35,72,0,0,0,4,,0,0
1492,6,96,monjes,343,235,5,674,232,0,0,0,35,68,0,0,0,4,,0,0
1492,6,97,monjes,343,235,5,711,191,0,0,0,35,68,0,0,0,4,1,2,0
1492,6,98,monjes,343,235,5,721,162,0,0,0,35,68,0,0,0,4,,0,0
1492,6,99,monjes,343,235,5,731,134,0,0,0,35,68,0,0,0,4,,0,0
1492,6,100,monjes,343,235,5,741,107,0,0,0,35,68,0,0,0,4,,0,0
1492,6,101,monjes,343,235,5,751,93,0,0,0,47,80,0,0,0,4,,0,0
1492,6,102,monjes,343,235,5,765,79,0,0,0,47,84,0,0,0,4,,0,0
1492,6,103,monjes,343,235,5,686,66,0,0,0,47,84,0,0,0,4,1,2,0
1492,6,104,monjes,343,235,5,700,53,0,0,0,47,84,0,0,0,4,,0,0
1492,6,105,monjes,343,235,5,714,41,0,0,0,47,84,0,0,0,4,,0,0
1492,6,106,monjes,343,235,5,728,29,0,0,0,47,84,0,0,0,4,,0,0
1492,6,107,monjes,343,239,5,742,64,0,0,0,95,132,0,0,0,4,,0,0
1492,6,108,monjes,344,243,5,758,96,0,0,0,95,134,0,0,0,4,,0,0
1492,6,109,monjes,345,247,5,744,136,0,0,0,95,134,0,0,0,4,1,2,0
1492,6,110,monjes,346,251,5,760,164,0,0,0,95,134,0,0,0,4,,0,0
1492,6,111,monjes,346,253,5,777,190,0,0,0,95,135,0,0,0,4,,0,0
1492,6,112,monjes,347,255,5,794,214,0,0,0,95,135,0,0,0,4,,0,0
1492,6,113,monjes,347,255,5,812,201,0,0,0,58,99,0,0,0,4,,0,0
1492,6,114,monjes,347,255,5,830,189,0,0,0,58,99,0,0,0,4,,0,0
1492,6,115,monjes,346,250,5,786,144,0,0,0,58,99,0,0,0,4,1,6,0
1492,6,116,monjes,346,250,5,803,135,0,0,0,58,98,0,0,0,4,,0,0
1492,6,117,monjes,367,255,6,850,166,0,0,0,58,98,0,0,0,4,,0,0
1492,6,118,monjes,367,255,6,859,155,0,0,0,58,98,0,0,0,4,,0,0
1492,6,119,monjes,367,255,6,868,122,0,0,0,35,75,0,0,0,4,,0,0
1492,6,120,monjes,367,255,6,873,91,0,0,0,35,71,0,0,0,4,,0,0
1492,6,121,monjes,367,255,6,846,71,0,0,0,35,71,0,0,0,4,1,3,0
1492,6,122,monjes,367,255,6,851,42,0,0,0,35,71,0,0,0,4,,0,0
1492,6,123,monjes,367,255,6,856,14,0,0,0,35,71,0,0,0,4,,0,0
1492,6,124,monjes,366,255,6,861,0,0,0,0,35,71,1,0,0,4,,0,0
1492,6,125,monjes,365,255,6,866,0,0,0,0,47,83,1,0,0,4,,0,0
1492,6,126,monjes,362,249,6,875,0,0,0,0,47,87,1,0,0,4,,0,0
1492,6,127,monjes,360,243,6,848,10,0,0,0,47,84,1,0,0,4,1,2,0
1492,6,128,monjes,358,237,6,854,0,0,0,0,47,84,1,0,0,4,,0,0
1492,6,129,monjes,356,231,6,860,0,0,0,0,47,84,1,0,0,4,,0,0
1492,6,130,monjes,354,225,6,866,0,0,0,0,46,83,1,0,0,4,,0,0
1492,6,131,monjes,354,225,6,872,28,0,0,0,85,122,0,0,0,4,,0,0
1492,6,132,monjes,355,234,6,878,63,0,0,0,93,130,0,0,0,4,,0,0
1492,6,133,monjes,357,243,6,851,105,0,0,0,93,130,0,0,0,4,1,2,0
1492,6,134,monjes,359,250,6,857,133,0,0,0,93,130,0,0,0,4,,0,0
1492,6,135,monjes,360,255,6,865,160,0,0,0,95,134,0,0,0,4,,0,0
1492,6,136,monjes,361,260,6,873,185,0,0,0,95,134,0,0,0,4,,0,0
1492,6,137,monjes,361,260,6,883,171,0,0,0,58,99,0,0,0,4,,0,0
1492,6,138,monjes,361,260,6,893,158,0,0,0,58,99,0,0,0,4,,0,0
1492,6,139,monjes,361,260,6,870,155,0,0,0,58,99,0,0,0,4,1,2,0
1492,6,140,monjes,361,260,6,880,143,0,0,0,58,99,0,0,0,4,,0,0
1492,6,141,monjes,361,260,6,890,131,0,0,0,58,99,0,0,0,4,,0,0
1492,6,142,monjes,361,260,6,900,120,0,0,0,58,99,0,0,0,4,,0,0
1492,6,143,monjes,361,260,6,910,87,0,0,0,35,76,0,0,0,4,,0,0
1492,6,144,monjes,361,260,6,916,55,0,0,0,35,72,0,0,0,4,,0,0
1492,6,145,monjes,361,260,6,889,34,0,0,0,35,72,0,0,0,4,1,2,0
1492,6,146,monjes,361,260,6,895,4,0,0,0,35,72,0,0,0,4,,0,0
1492,6,147,monjes,360,260,6,901,0,0,0,0,35,72,1,0,0,4,,0,0
1492,6,148,monjes,359,260,6,907,0,0,0,0,35,72,1,0,0,4,,0,0
1492,6,149,monjes,356,254,6,913,0,0,0,0,47,84,1,0,0,4,,0,0
1492,6,150,monjes,354,248,6,919,0,0,0,0,47,84,1,0,0,4,,0,0
1492,6,151,monjes,352,242,6,892,10,0,0,0,47,84,1,0,0,4,1,3,0
1492,6,152,monjes,350,236,6,898,0,0,0,0,41,78,1,0,0,4,,0,0
1492,6,153,monjes,348,230,6,904,0,0,0,0,41,78,1,0,0,4,,0,0
1492,6,154,monjes,346,225,6,910,0,0,0,0,41,78,1,0,0,4,,0,0
1492,6,155,monjes,346,225,6,914,20,0,0,0,76,111,0,0,0,4,,0,0
1492,6,156,monjes,347,234,6,918,39,0,0,0,76,111,0,0,0,4,,0,0
1492,6,157,monjes,349,243,6,891,72,0,0,0,83,120,0,0,0,4,1,2,0
1492,6,158,monjes,351,252,6,897,92,0,0,0,83,120,0,0,0,4,,0,0
1492,6,159,monjes,352,255,6,906,110,0,0,0,85,125,0,0,0,4,,0,0
1492,6,160,monjes,352,258,6,915,127,0,0,0,85,125,0,0,0,4,,0,0
1492,6,161,monjes,352,258,6,924,98,0,0,0,39,79,0,0,0,4,,0,0
1492,6,162,monjes,352,258,6,933,71,0,0,0,39,79,0,0,0,4,,0,0
1492,6,163,monjes,352,258,6,909,55,0,0,0,39,79,0,0,0,4,1,2,0
1492,6,164,monjes,352,258,6,918,29,0,0,0,39,79,0,0,0,4,,0,0
1492,6,165,monjes,352,258,6,927,4,0,0,0,39,79,0,0,0,4,,0,0
1492,6,166,monjes,351,258,6,936,0,0,0,0,39,79,1,0,0,4,,0,0
1492,6,167,monjes,350,258,6,945,0,0,0,0,31,71,1,0,0,4,,0,0
1492,6,168,monjes,348,252,6,950,0,0,0,0,31,67,1,0,0,4,,0,0
1492,6,169,monjes,346,246,6,919,10,0,0,0,31,64,1,0,0,4,1,2,0
1492,6,170,monjes,344,240,6,921,0,0,0,0,31,64,1,0,0,4,,0,0
1492,6,171,monjes,341,234,6,923,0,0,0,0,31,64,1,0,0,4,,0,0
1492,6,172,monjes,339,228,6,925,0,0,0,0,31,64,1,0,0,4,,0,0
1492,6,173,monjes,337,223,6,925,0,0,0,0,41,72,1,0,0,4,,0,0
1492,6,174,monjes,335,218,6,929,0,0,0,0,38,73,1,0,0,4,,0,0
1492,6,175,monjes,333,213,6,900,10,0,0,0,38,73,1,0,0,4,1,2,0
1492,6,176,monjes,331,208,6,904,0,0,0,0,38,73,1,0,0,4,,0,0
1492,6,177,monjes,329,203,6,908,0,0,0,0,38,73,1,0,0,4,,0,0
1492,6,178,monjes,327,198,6,910,0,0,0,0,38,71,1,0,0,4,,0,0
1492,6,179,monjes,327,198,6,906,26,0,0,0,76,103,0,0,0,4,,0,0
1492,6,180,monjes,329,207,6,902,51,0,0,0,76,103,0,0,0,4,,0,0
1492,6,181,monjes,331,216,6,871,83,0,0,0,76,109,0,0,0,4,1,2,0
1492,6,182,monjes,333,225,6,875,108,0,0,0,83,118,0,0,0,4,,0,0
1492,6,183,monjes,334,234,6,879,132,0,0,0,85,120,0,0,0,4,,0,0
1492,6,184,monjes,336,243,6,883,153,0,0,0,85,120,0,0,0,4,,0,0
1492,6,185,monjes,336,243,6,887,141,0,0,0,53,88,0,0,0,4,,0,0
1492,6,186,monjes,336,243,6,891,129,0,0,0,53,88,0,0,0,4,,0,0
1492,6,187,monjes,336,243,6,862,128,0,0,0,53,88,0,0,0,4,1,2,0
1492,6,188,monjes,336,243,6,866,117,0,0,0,53,88,0,0,0,4,,0,0
1492,6,189,monjes,336,243,6,870,106,0,0,0,53,88,0,0,0,4,,0,0
1492,6,190,monjes,336,243,6,874,96,0,0,0,53,88,0,0,0,4,,0,0
1492,6,191,monjes,336,243,6,878,65,0,0,0,31,66,0,0,0,4,,0,0
1492,6,192,monjes,336,243,6,878,35,0,0,0,31,62,0,0,0,4,,0,0
1492,6,193,monjes,336,243,6,845,16,0,0,0,31,62,0,0,0,4,1,2,0
1492,6,194,monjes,335,243,6,845,0,0,0,0,31,62,1,0,0,4,,0,0
1492,6,195,monjes,334,243,6,845,0,0,0,0,31,62,1,0,0,4,,0,0
1492,6,196,monjes,332,237,6,845,0,0,0,0,31,62,1,0,0,4,,0,0
1492,6,197,monjes,330,231,6,845,0,0,0,0,42,73,1,0,0,4,,0,0
1492,6,198,monjes,328,225,6,849,0,0,0,0,42,77,1,0,0,4,,0,0
1492,6,199,monjes,325,219,6,820,10,0,0,0,41,76,1,0,0,4,1,2,0
1492,6,200,monjes,323,213,6,822,0,0,0,0,41,74,1,0,0,4,,0,0
1492,6,1,salineros,30,36,1,19,69,0,0,0,9,17,0,0,0,0,1,4,0
1492,6,2,salineros,30,36,1,18,67,0,0,0,9,12,0,0,0,0,,0,0
1492,6,3,salineros,30,36,1,17,65,0,0,0,9,12,0,0,0,0,,0,0
1492,6,4,salineros,30,36,1,16,63,0,0,0,9,12,0,0,0,0,,0,0
1492,6,5,salineros,30,37,1,15,64,0,0,0,12,15,0,1,0,0,,0,0
1492,6,6,salineros,30,38,1,17,67,0,9,0,12,29,0,0,0,0,,0,0
1492,6,7,salineros,95,39,1,19,70,0,18,0,12,29,0,0,0,1,1,1,0
1492,6,8,salineros,96,40,1,21,73,0,27,0,12,29,0,0,0,1,,0,0
1492,6,9,salineros,96,42,1,0,75,0,36,0,12,31,0,0,0,1,,0,0
1492,6,10,salineros,96,42,1,4,75,0,45,0,12,31,0,0,0,1,,0,0
1492,6,11,salineros,96,44,1,8,88,0,54,0,25,44,0,1,0,1,,0,0
1492,6,12,salineros,97,46,1,12,102,0,73,0,25,55,0,0,0,1,,0,0
1492,6,13,salineros,97,48,1,16,116,0,92,0,25,55,0,0,0,1,1,1,0
1492,6,14,salineros,98,50,1,0,129,0,110,0,25,54,0,0,0,1,,0,0
1492,6,15,salineros,98,52,1,6,140,0,128,0,25,56,0,0,0,1,,0,0
1492,6,16,salineros,98,54,1,12,142,0,145,0,17,47,0,1,0,1,,0,0
1492,6,17,salineros,98,54,1,26,142,0,162,0,13,51,0,0,0,1,,0,0
1492,6,18,salineros,98,54,1,40,142,0,178,0,13,50,0,0,0,1,,0,0
1492,6,19,salineros,98,52,1,34,132,0,184,0,13,50,0,0,0,1,1,5,0
1492,6,20,salineros,98,54,1,48,132,0,199,0,13,49,0,0,0,1,,0,0
1492,6,21,salineros,98,54,1,62,132,0,214,0,13,49,0,0,0,1,,0,0
1492,6,22,salineros,99,56,1,76,137,0,229,0,18,54,0,0,0,1,,0,0
1492,6,23,salineros,99,56,1,90,132,0,243,0,9,44,0,0,0,1,,0,0
1492,6,24,salineros,99,56,1,99,127,0,257,0,9,39,0,0,0,1,,0,0
1492,6,25,salineros,98,52,1,217,98,0,260,0,9,38,0,0,0,1,1,6,0
1492,6,26,salineros,98,52,1,226,94,0,274,0,9,38,0,0,0,1,,0,0
1492,6,27,salineros,111,52,1,235,90,0,287,0,9,37,0,0,0,2,,0,0
1492,6,28,salineros,111,52,1,244,86,0,300,0,9,37,0,0,0,2,,0,0
1492,6,29,salineros,111,52,1,253,85,0,312,0,12,39,0,0,0,2,,0,0
1492,6,30,salineros,111,52,1,267,84,0,324,0,12,44,0,0,0,2,,0,0
1492,6,31,salineros,111,50,1,386,73,0,325,0,12,43,0,0,0,2,1,5,0
1492,6,32,salineros,111,50,1,400,73,0,336,0,12,43,0,0,0,2,,0,0
1492,6,33,salineros,111,50,1,414,73,0,347,0,12,43,0,0,0,2,,0,0
1492,6,34,salineros,111,50,1,428,67,0,357,0,12,42,0,0,0,2,,0,0
1492,6,35,salineros,114,52,1,442,80,0,367,0,25,55,0,0,0,2,,0,0
1492,6,36,salineros,114,54,1,456,92,0,376,0,25,54,0,0,0,2,,0,0
1492,6,37,salineros,115,56,1,593,104,0,374,0,25,54,0,0,0,2,1,4,0
1492,6,38,salineros,115,58,1,607,115,0,381,0,25,53,0,0,0,2,,0,0
1492,6,39,salineros,116,60,1,621,126,0,388,0,25,53,0,0,0,2,,0,0
1492,6,40,salineros,116,60,1,637,136,0,394,0,25,54,0,0,0,2,,0,0
1492,6,41,salineros,116,60,1,653,137,0,400,0,16,45,0,0,0,2,,0,0
1492,6,42,salineros,116,60,1,669,138,0,406,0,16,45,0,0,0,2,,0,0
1492,6,43,salineros,119,60,1,816,139,0,402,0,16,45,0,0,0,2,1,2,0
1492,6,44,salineros,119,60,1,832,140,0,408,0,16,45,0,0,0,2,,0,0
1492,6,45,salineros,119,60,1,848,141,0,414,0,16,45,0,0,0,2,,0,0
1492,6,46,salineros,119,60,1,864,142,0,420,0,16,45,0,0,0,2,,0,0
1492,6,47,salineros,119,60,1,880,136,0,426,0,9,38,0,0,0,2,,0,0
1492,6,48,salineros,119,60,1,890,130,0,432,0,9,32,0,0,0,2,,0,0
1492,6,49,salineros,119,60,1,976,110,0,428,0,9,32,0,0,0,2,1,8,0
1492,6,50,salineros,119,60,1,986,104,0,434,0,9,32,0,0,0,2,,0,0
1492,6,51,salineros,119,60,1,996,98,0,441,0,9,32,0,0,0,2,,0,0
1492,6,52,salineros,119,60,1,1006,92,0,448,0,9,32,0,0,0,2,,0,0
1492,6,53,salineros,119,60,1,1016,89,0,455,0,12,35,0,0,0,2,,0,0
1492,6,54,salineros,119,60,1,1032,86,0,462,0,12,41,0,0,0,2,,0,0
1492,6,55,salineros,119,60,1,1121,78,0,459,0,12,41,0,0,0,2,1,8,0
1492,6,56,salineros,119,60,1,1137,75,0,466,0,12,41,0,0,0,2,,0,0
1492,6,57,salineros,122,60,1,1153,72,0,473,0,12,41,0,0,0,2,,0,0
1492,6,58,salineros,122,60,1,1169,69,0,480,0,12,41,0,0,0,2,,0,0
1492,6,59,salineros,122,60,1,1185,84,0,487,0,30,59,0,0,0,2,,0,0
1492,6,60,salineros,122,60,1,1201,99,0,494,0,30,59,0,0,0,2,,0,0
1492,6,61,salineros,122,60,1,1298,103,0,489,0,30,59,0,0,0,2,1,8,0
1492,6,62,salineros,122,60,1,1314,118,0,495,0,30,59,0,0,0,2,,0,0
1492,6,63,salineros,122,60,1,1330,133,0,501,0,30,59,0,0,0,2,,0,0
1492,6,64,salineros,122,60,1,1346,148,0,507,0,30,59,0,0,0,2,,0,0
1492,6,65,salineros,122,60,1,1362,149,0,513,0,16,45,0,0,0,2,,0,0
1492,6,66,salineros,122,60,1,1378,150,0,519,0,16,45,0,0,0,2,,0,0
1492,6,67,salineros,122,60,1,1490,111,0,515,0,16,45,0,0,0,2,1,3,0
1492,6,68,salineros,122,60,1,1506,112,0,521,0,16,45,0,0,0,2,,0,0
1492,6,69,salineros,173,115,2,1522,113,0,527,0,16,45,0,0,0,3,,0,0
1492,6,70,salineros,173,115,2,1539,101,0,533,0,16,55,0,0,0,3,,0,0
1492,6,71,salineros,173,115,2,1556,82,0,540,0,9,48,0,0,0,3,,0,0
1492,6,72,salineros,173,115,2,1567,63,0,547,0,9,42,0,0,0,3,,0,0
1492,6,73,salineros,173,115,2,1671,4,0,545,0,9,42,0,0,0,3,1,4,0
1492,6,74,salineros,172,115,2,1682,0,0,554,0,9,42,1,0,0,3,,0,0
1492,6,75,salineros,229,155,3,1693,0,0,563,0,9,42,1,0,0,4,,0,0
1492,6,76,salineros,227,152,3,1703,0,0,572,0,9,50,1,0,0,4,,0,0
1492,6,77,salineros,225,149,3,1710,0,0,581,0,12,50,1,0,0,4,,0,0
1492,6,78,salineros,224,146,3,1722,0,0,590,0,16,59,1,0,0,4,,0,0
1492,6,79,salineros,222,143,3,1865,0,0,589,0,16,59,1,0,0,4,1,5,0
1492,6,80,salineros,221,140,3,1876,0,0,598,0,16,55,1,0,0,4,,0,0
1492,6,81,salineros,219,137,3,1887,0,0,606,0,14,52,1,0,0,4,,0,0
1492,6,82,salineros,217,134,3,1896,0,0,614,0,14,50,1,0,0,4,,0,0
1492,6,83,salineros,216,131,3,1905,0,0,620,0,24,58,1,0,0,4,,0,0
1492,6,84,salineros,165,82,2,1914,0,0,626,0,19,45,1,0,0,4,,0,0
1492,6,85,salineros,118,50,1,2050,0,0,621,0,15,38,1,0,0,4,1,5,0
1492,6,86,salineros,118,50,1,2058,3,0,625,0,15,31,0,0,0,4,,0,0
1492,6,87,salineros,118,50,1,2066,6,0,629,0,15,31,0,0,0,4,,0,0
1492,6,88,salineros,118,50,1,2074,13,0,634,0,19,36,0,0,0,4,,0,0
1492,6,89,salineros,118,50,1,2082,13,0,639,0,12,29,0,0,0,4,,0,0
1492,6,90,salineros,118,50,1,2090,13,0,644,0,12,29,0,0,0,4,,0,0
1492,6,91,salineros,118,50,1,2221,13,0,639,0,12,29,0,0,0,4,1,2,0
1492,6,92,salineros,118,50,1,2229,15,0,646,0,14,33,0,0,0,4,,0,0
1492,6,93,salineros,118,50,1,2237,17,0,653,0,14,33,0,0,0,4,,0,0
1492,6,94,salineros,118,50,1,2245,19,0,660,0,14,33,0,0,0,4,,0,0
1492,6,95,salineros,118,50,1,2253,15,0,667,0,8,27,0,0,0,4,,0,0
1492,6,96,salineros,118,50,1,2261,12,0,675,0,9,29,0,0,0,4,,0,0
1492,6,97,salineros,118,50,1,2350,9,0,673,0,9,29,0,0,0,4,1,3,0
1492,6,98,salineros,118,50,1,2358,6,0,681,0,9,29,0,0,0,4,,0,0
1492,6,99,salineros,118,50,1,2366,3,0,689,0,9,29,0,0,0,4,,0,0
1492,6,100,salineros,118,50,1,2374,0,0,698,0,9,29,0,0,0,4,,0,0
1492,6,101,salineros,118,50,1,2382,0,0,707,0,12,32,0,0,0,4,,0,0
1492,6,102,salineros,118,50,1,2394,0,0,716,0,12,36,0,0,0,4,,0,0
1492,6,103,salineros,118,50,1,2482,0,0,715,0,12,36,0,0,0,4,1,3,0
1492,6,104,salineros,118,50,1,2494,0,0,724,0,12,36,0,0,0,4,,0,0
1492,6,105,salineros,118,50,1,2506,0,0,733,0,12,36,0,0,0,4,,0,0
1492,6,106,salineros,118,50,1,2518,0,0,742,0,12,36,0,0,0,4,,0,0
1492,6,107,salineros,118,50,1,2530,13,0,750,0,25,49,0,0,0,4,,0,0
1492,6,108,salineros,118,50,1,2542,26,0,758,0,25,49,0,0,0,4,,0,0
1492,6,109,salineros,118,52,1,2627,39,0,756,0,25,49,0,0,0,4,1,3,0
1492,6,110,salineros,118,54,1,2639,51,0,763,0,25,49,0,0,0,4,,0,0
1492,6,111,salineros,119,56,1,2651,63,0,770,0,25,49,0,0,0,4,,0,0
1492,6,112,salineros,119,58,1,2663,74,0,777,0,25,49,0,0,0,4,,0,0
1492,6,113,salineros,120,60,1,2675,76,0,784,0,16,40,0,0,0,4,,0,0
1492,6,114,salineros,120,60,1,2688,77,0,791,0,16,41,0,0,0,4,,0,0
1492,6,115,salineros,120,60,1,2782,78,0,788,0,16,41,0,0,0,4,1,3,0
1492,6,116,salineros,120,60,1,2795,79,0,795,0,16,41,0,0,0,4,,0,0
1492,6,117,salineros,120,60,1,2808,80,0,802,0,16,41,0,0,0,4,,0,0
1492,6,118,salineros,120,60,1,2821,81,0,809,0,16,41,0,0,0,4,,0,0
1492,6,119,salineros,120,60,1,2834,75,0,816,0,9,34,0,0,0,4,,0,0
1492,6,120,salineros,120,60,1,2843,69,0,823,0,9,30,0,0,0,4,,0,0
1492,6,121,salineros,120,60,1,2928,63,0,820,0,9,30,0,0,0,4,1,3,0
1492,6,122,salineros,120,60,1,2937,57,0,827,0,9,30,0,0,0,4,,0,0
1492,6,123,salineros,120,60,1,2946,51,0,834,0,9,30,0,0,0,4,,0,0
1492,6,124,salineros,120,60,1,2955,45,0,842,0,9,30,0,0,0,4,,0,0
1492,6,125,salineros,120,60,1,2964,42,0,850,0,12,33,0,0,0,4,,0,0
1492,6,126,salineros,120,60,1,2977,39,0,858,0,12,37,0,0,0,4,,0,0
1492,6,127,salineros,120,60,1,3113,36,0,856,0,12,37,0,0,0,4,1,2,0
1492,6,128,salineros,120,60,1,3126,33,0,864,0,12,37,0,0,0,4,,0,0
1492,6,129,salineros,120,60,1,3139,30,0,872,0,12,37,0,0,0,4,,0,0
1492,6,130,salineros,120,60,1,3152,27,0,880,0,12,37,0,0,0,4,,0,0
1492,6,131,salineros,120,60,1,3165,37,0,888,0,25,50,0,0,0,4,,0,0
1492,6,132,salineros,120,60,1,3178,47,0,896,0,25,50,0,0,0,4,,0,0
1492,6,133,salineros,120,60,1,3292,17,0,894,0,25,50,0,0,0,4,1,3,0
1492,6,134,salineros,120,60,1,3305,27,0,902,0,25,50,0,0,0,4,,0,0
1492,6,135,salineros,149,106,2,3318,37,0,910,0,25,50,0,0,0,4,,0,0
1492,6,136,salineros,149,106,2,3330,36,0,918,0,25,58,0,0,0,4,,0,0
1492,6,137,salineros,149,106,2,3342,26,0,926,0,16,49,0,0,0,4,,0,0
1492,6,138,salineros,149,106,2,3354,16,0,934,0,16,49,0,0,0,4,,0,0
1492,6,139,salineros,149,106,2,3492,6,0,932,0,16,49,0,0,0,4,1,3,0
1492,6,140,salineros,148,106,2,3504,0,0,941,0,16,49,1,0,0,4,,0,0
1492,6,141,salineros,147,106,2,3516,0,0,950,0,16,49,1,0,0,4,,0,0
1492,6,142,salineros,145,104,2,3528,0,0,959,0,16,49,1,0,0,4,,0,0
1492,6,143,salineros,144,102,2,3539,0,0,968,0,9,41,1,0,0,4,,0,0
1492,6,144,salineros,143,100,2,3546,0,0,977,0,9,37,1,0,0,4,,0,0
1492,6,145,salineros,141,98,2,3676,0,0,976,0,9,37,1,0,0,4,1,3,0
1492,6,146,salineros,140,96,2,3680,0,0,985,0,9,31,1,0,0,4,,0,0
1492,6,147,salineros,138,94,2,3684,0,0,994,0,9,31,1,0,0,4,,0,0
1492,6,148,salineros,137,92,2,3688,0,0,1003,0,9,31,1,0,0,4,,0,0
1492,6,149,salineros,88,52,1,3692,0,0,1011,0,11,30,1,0,0,4,,0,0
1492,6,150,salineros,87,51,1,3704,0,0,1019,0,11,34,1,0,0,4,,0,0
1492,6,151,salineros,86,50,1,3847,0,0,1017,0,11,34,1,0,0,4,1,4,0
1492,6,152,salineros,84,49,1,3855,0,0,1025,0,9,28,1,0,0,4,,0,0
1492,6,153,salineros,83,48,1,3862,0,0,1033,0,9,27,1,0,0,4,,0,0
1492,6,154,salineros,82,47,1,3869,0,0,1041,0,9,27,1,0,0,4,,0,0
1492,6,155,salineros,82,47,1,3876,8,0,1048,0,19,37,0,0,0,4,,0,0
1492,6,156,salineros,82,47,1,3883,16,0,1055,0,19,37,0,0,0,4,,0,0
1492,6,157,salineros,82,47,1,4016,24,0,1052,0,19,37,0,0,0,4,1,2,0
1492,6,158,salineros,82,49,1,4023,32,0,1059,0,19,37,0,0,0,4,,0,0
1492,6,159,salineros,83,51,1,4030,43,0,1068,0,23,43,0,0,0,4,,0,0
1492,6,160,salineros,83,53,1,4038,54,0,1076,0,23,44,0,0,0,4,,0,0
1492,6,161,salineros,84,55,1,4046,55,0,1084,0,14,35,0,0,0,4,,0,0
1492,6,162,salineros,84,57,1,4054,56,0,1092,0,14,35,0,0,0,4,,0,0
1492,6,163,salineros,84,59,1,4135,58,0,1091,0,16,38,0,0,0,4,1,3,0
1492,6,164,salineros,85,60,1,4143,60,0,1100,0,16,38,0,0,0,4,,0,0
1492,6,165,salineros,85,60,1,4152,61,0,1109,0,16,39,0,0,0,4,,0,0
1492,6,166,salineros,85,60,1,4161,62,0,1118,0,16,39,0,0,0,4,,0,0
1492,6,167,salineros,85,60,1,4170,56,0,1127,0,9,32,0,0,0,4,,0,0
1492,6,168,salineros,85,60,1,4179,50,0,1137,0,9,32,0,0,0,4,,0,0
1492,6,169,salineros,85,60,1,4269,44,0,1137,0,9,32,0,0,0,4,1,3,0
1492,6,170,salineros,85,60,1,4278,38,0,1147,0,9,32,0,0,0,4,,0,0
1492,6,171,salineros,85,60,1,4287,32,0,1157,0,9,32,0,0,0,4,,0,0
1492,6,172,salineros,85,60,1,4296,26,0,1167,0,9,32,0,0,0,4,,0,0
1492,6,173,salineros,85,60,1,4305,23,0,1177,0,12,35,0,0,0,4,,0,0
1492,6,174,salineros,85,60,1,4318,20,0,1187,0,12,39,0,0,0,4,,0,0
1492,6,175,salineros,85,60,1,4407,17,0,1187,0,12,39,0,0,0,4,1,3,0
1492,6,176,salineros,85,60,1,4420,14,0,1197,0,12,39,0,0,0,4,,0,0
1492,6,177,salineros,85,60,1,4433,11,0,1207,0,12,39,0,0,0,4,,0,0
1492,6,178,salineros,85,60,1,4446,8,0,1217,0,12,39,0,0,0,4,,0,0
1492,6,179,salineros,85,60,1,4459,18,0,1227,0,25,52,0,0,0,4,,0,0
1492,6,180,salineros,85,60,1,4472,28,0,1237,0,25,52,0,0,0,4,,0,0
1492,6,181,salineros,85,60,1,4558,38,0,1237,0,25,52,0,0,0,4,1,3,0
1492,6,182,salineros,85,60,1,4571,48,0,1247,0,25,52,0,0,0,4,,0,0
1492,6,183,salineros,85,60,1,4584,58,0,1256,0,25,52,0,0,0,4,,0,0
1492,6,184,salineros,85,60,1,4597,68,0,1265,0,25,52,0,0,0,4,,0,0
1492,6,185,salineros,85,60,1,4610,69,0,1274,0,16,43,0,0,0,4,,0,0
1492,6,186,salineros,85,60,1,4623,70,0,1283,0,16,43,0,0,0,4,,0,0
1492,6,187,salineros,85,60,1,4737,31,0,1283,0,16,43,0,0,0,4,1,3,0
1492,6,188,salineros,85,60,1,4750,32,0,1293,0,16,43,0,0,0,4,,0,0
1492,6,189,salineros,112,98,2,4763,33,0,1303,0,16,43,0,0,0,4,,0,0
1492,6,190,salineros,112,98,2,4772,25,0,1313,0,16,45,0,0,0,4,,0,0
1492,6,191,salineros,112,98,2,4781,10,0,1323,0,9,38,0,0,0,4,,0,0
1492,6,192,salineros,111,98,2,4786,0,0,1334,0,9,34,1,0,0,4,,0,0
1492,6,193,salineros,110,98,2,4917,0,0,1335,0,9,34,1,0,0,4,1,3,0
1492,6,194,salineros,109,96,2,4922,0,0,1346,0,9,34,1,0,0,4,,0,0
1492,6,195,salineros,107,94,2,4926,0,0,1357,0,9,33,1,0,0,4,,0,0
1492,6,196,salineros,106,92,2,4930,0,0,1368,0,9,33,1,0,0,4,,0,0
1492,6,197,salineros,105,90,2,4934,0,0,1379,0,12,36,1,0,0,4,,0,0
1492,6,198,salineros,103,88,2,4942,0,0,1390,0,12,40,1,0,0,4,,0,0
1492,6,199,salineros,102,86,2,5073,0,0,1391,0,12,40,1,0,0,4,1,2,0
1492,6,200,salineros,100,84,2,5081,0,0,1402,0,12,40,1,0,0,4,,0,0
1492-2,6,1,arrieros,44,106,1,46,63,0,0,0,18,40,0,0,0,0,1,4,0
1492-2,6,2,arrieros,44,106,1,52,51,0,0,0,18,28,0,0,0,0,,0,0
1492-2,6,3,arrieros,44,106,1,58,40,0,0,0,18,28,0,0,0,0,,0,0
1492-2,6,4,arrieros,44,106,1,64,29,0,0,0,18,28,0,0,0,0,,0,0
1492-2,6,5,arrieros,44,106,1,70,24,0,0,0,24,34,0,1,0,0,,0,0
1492-2,6,6,arrieros,44,106,1,94,22,0,0,0,24,52,0,0,0,0,,0,0
1492-2,6,7,arrieros,44,106,1,84,20,0,0,0,24,52,0,0,0,0,1,6,0
1492-2,6,8,arrieros,44,106,1,108,18,0,0,0,24,52,0,0,0,0,,0,0
1492-2,6,9,arrieros,44,106,1,132,16,0,0,0,24,52,0,0,0,0,,0,0
1492-2,6,10,arrieros,44,106,1,156,14,0,0,0,24,52,0,0,0,0,,0,0
1492-2,6,11,arrieros,44,106,1,180,35,0,0,0,48,76,0,0,0,0,,0,0
1492-2,6,12,arrieros,44,106,1,204,55,0,0,0,48,76,0,0,0,0,,0,0
1492-2,6,13,arrieros,44,106,1,144,77,0,0,0,48,76,0,0,0,0,1,3,0
1492-2,6,14,arrieros,44,106,1,168,96,0,0,0,48,76,0,0,0,0,,0,0
1492-2,6,15,arrieros,59,106,1,192,114,0,0,0,48,76,0,0,0,1,,0,0
1492-2,6,16,arrieros,59,106,1,216,131,0,0,0,48,76,0,0,0,1,,0,0
1492-2,6,17,arrieros,59,106,1,240,130,0,0,0,30,58,0,0,0,1,,0,0
1492-2,6,18,arrieros,59,106,1,264,129,0,0,0,30,58,0,0,0,1,,0,0
1492-2,6,19,arrieros,58,102,1,221,135,0,0,0,30,58,0,0,0,1,1,4,0
1492-2,6,20,arrieros,58,102,1,245,135,0,0,0,30,58,0,0,0,1,,0,0
1492-2,6,21,arrieros,58,102,1,269,135,0,0,0,30,58,0,0,0,1,,0,0
1492-2,6,22,arrieros,58,102,1,293,135,0,0,0,30,58,0,0,0,1,,0,0
1492-2,6,23,arrieros,58,102,1,317,123,0,0,0,18,46,0,0,0,1,,0,0
1492-2,6,24,arrieros,58,102,1,331,112,0,0,0,18,36,0,0,0,1,,0,0
1492-2,6,25,arrieros,57,98,1,277,92,0,0,0,18,36,0,0,0,1,1,7,0
1492-2,6,26,arrieros,70,98,1,290,81,0,0,0,18,35,0,0,0,2,,0,0
1492-2,6,27,arrieros,70,98,1,303,71,0,0,0,18,35,0,1,0,2,,0,0
1492-2,6,28,arrieros,70,98,1,316,63,0,0,0,18,35,0,0,0,2,,0,0
1492-2,6,29,arrieros,70,98,1,329,61,0,0,0,24,41,0,0,0,2,,0,0
1492-2,6,30,arrieros,70,98,1,351,59,0,0,0,24,50,0,0,0,2,,0,0
1492-2,6,31,arrieros,69,94,1,305,64,0,0,0,24,50,0,0,0,2,1,6,0
1492-2,6,32,arrieros,72,94,1,327,63,0,0,0,24,50,0,0,0,2,,0,0
1492-2,6,33,arrieros,72,94,1,349,62,0,0,0,24,50,0,0,0,2,,0,0
1492-2,6,34,arrieros,72,94,1,371,61,0,0,0,24,50,0,0,0,2,,0,0
1492-2,6,35,arrieros,72,94,1,393,83,0,0,0,48,74,0,0,0,2,,0,0
1492-2,6,36,arrieros,72,94,1,415,104,0,0,0,48,74,0,0,0,2,,0,0
1492-2,6,37,arrieros,72,90,1,368,117,0,0,0,48,74,0,0,0,2,1,9,0
1492-2,6,38,arrieros,72,90,1,390,138,0,0,0,48,74,0,0,0,2,,0,0
1492-2,6,39,arrieros,72,90,1,412,158,0,0,0,48,74,0,0,0,2,,0,0
1492-2,6,40,arrieros,75,90,1,434,177,0,0,0,48,74,0,0,0,2,,0,0
1492-2,6,41,arrieros,75,90,1,456,178,0,0,0,30,56,0,0,0,2,,0,0
1492-2,6,42,arrieros,75,90,1,478,179,0,0,0,30,56,0,0,0,2,,0,0
1492-2,6,43,arrieros,74,86,1,435,187,0,0,0,30,56,0,0,0,2,1,7,0
1492-2,6,44,arrieros,74,86,1,455,189,0,0,0,30,54,0,0,0,2,,0,0
1492-2,6,45,arrieros,77,86,1,475,191,0,0,0,30,54,0,0,0,2,,0,0
1492-2,6,46,arrieros,77,86,1,495,192,0,0,0,30,54,0,0,0,2,,0,0
1492-2,6,47,arrieros,77,86,1,515,182,0,0,0,18,42,0,0,0,2,,0,0
1492-2,6,48,arrieros,77,86,1,527,172,0,0,0,18,34,0,0,0,2,,0,0
1492-2,6,49,arrieros,77,86,1,457,163,0,0,0,18,34,0,0,0,2,1,7,0
1492-2,6,50,arrieros,77,86,1,469,152,0,0,0,18,34,0,0,0,2,,0,0
1492-2,6,51,arrieros,77,86,1,481,142,0,0,0,18,34,0,1,0,2,,0,0
1492-2,6,52,arrieros,80,86,1,493,134,0,0,0,18,34,0,0,0,2,,0,0
1492-2,6,53,arrieros,80,89,1,505,132,0,0,0,24,40,0,0,0,2,,0,0
1492-2,6,54,arrieros,80,89,1,525,129,0,0,0,24,48,0,0,0,2,,0,0
1492-2,6,55,arrieros,80,89,1,461,111,0,0,0,24,48,0,0,0,2,1,8,0
1492-2,6,56,arrieros,83,89,1,481,109,0,0,0,24,48,0,0,0,2,,0,0
1492-2,6,57,arrieros,83,89,1,501,107,0,0,0,24,48,0,0,0,2,,0,0
1492-2,6,58,arrieros,83,89,1,521,105,0,0,0,24,48,0,0,0,2,,0,0
1492-2,6,59,arrieros,83,89,1,541,126,0,0,0,48,72,0,0,0,2,,0,0
1492-2,6,60,arrieros,83,89,1,561,146,0,0,0,48,72,0,0,0,2,,0,0
1492-2,6,61,arrieros,83,89,1,530,171,0,0,0,48,72,0,0,0,2,1,7,0
1492-2,6,62,arrieros,83,89,1,550,190,0,0,0,48,72,0,0,0,2,,0,0
1492-2,6,63,arrieros,83,89,1,570,208,0,0,0,48,72,0,0,0,2,,0,0
1492-2,6,64,arrieros,83,89,1,590,225,0,0,0,48,72,0,0,0,2,,0,0
1492-2,6,65,arrieros,86,89,1,610,231,0,0,0,37,61,0,0,0,2,,0,0
1492-2,6,66,arrieros,86,89,1,630,237,0,0,0,37,61,0,0,0,2,,0,0
1492-2,6,67,arrieros,86,89,1,556,183,0,0,0,37,61,0,0,0,2,1,10,0
1492-2,6,68,arrieros,86,89,1,576,191,0,0,0,37,61,0,0,0,2,,0,0
1492-2,6,69,arrieros,136,136,2,596,198,0,0,0,37,61,0,0,0,3,,0,0
1492-2,6,70,arrieros,136,138,2,615,193,0,0,0,37,69,0,0,0,3,,0,0
1492-2,6,71,arrieros,136,138,2,634,170,0,0,0,18,50,0,0,0,3,,0,0
1492-2,6,72,arrieros,136,138,2,645,148,0,0,0,18,42,0,0,0,3,,0,0
1492-2,6,73,arrieros,136,138,2,580,127,0,0,0,18,42,0,0,0,3,1,4,0
1492-2,6,74,arrieros,136,138,2,591,105,0,0,0,18,42,0,0,0,3,,0,0
1492-2,6,75,arrieros,139,138,2,602,84,0,0,0,18,42,0,1,0,3,,0,0
1492-2,6,76,arrieros,139,138,2,613,70,0,0,0,22,46,0,0,0,3,,0,0
1492-2,6,77,arrieros,139,138,2,624,64,0,0,0,30,54,0,0,0,3,,0,0
1492-2,6,78,arrieros,139,138,2,643,58,0,0,0,30,62,0,0,0,3,,0,0
1492-2,6,79,arrieros,139,138,2,611,65,0,0,0,30,62,0,0,0,3,1,8,0
1492-2,6,80,arrieros,139,138,2,630,57,0,0,0,30,62,0,1,0,3,,0,0
1492-2,6,81,arrieros,139,138,2,649,51,0,0,0,30,62,0,0,0,3,,0,0
1492-2,6,82,arrieros,139,138,2,668,46,0,0,0,30,62,0,0,0,3,,0,0
1492-2,6,83,arrieros,140,140,2,687,70,0,0,0,60,92,0,0,0,3,,0,0
1492-2,6,84,arrieros,140,142,2,708,92,0,0,0,60,94,0,0,0,3,,0,0
1492-2,6,85,arrieros,140,144,2,647,87,0,0,0,60,94,0,0,0,3,1,4,0
1492-2,6,86,arrieros,141,146,2,668,107,0,0,0,60,94,0,0,0,3,,0,0
1492-2,6,87,arrieros,198,184,3,689,126,0,0,0,60,94,0,0,0,4,,0,0
1492-2,6,88,arrieros,199,186,3,707,135,0,0,0,60,100,0,0,0,4,,0,0
1492-2,6,89,arrieros,199,186,3,727,122,0,0,0,38,80,0,0,0,4,,0,0
1492-2,6,90,arrieros,199,186,3,747,110,0,0,0,38,80,0,0,0,4,,0,0
1492-2,6,91,arrieros,199,186,3,715,87,0,0,0,38,80,0,0,0,4,1,12,0
1492-2,6,92,arrieros,199,186,3,735,66,0,0,0,38,80,0,0,0,4,,0,0
1492-2,6,93,arrieros,199,186,3,755,56,0,0,0,38,80,0,0,0,4,,0,0
1492-2,6,94,arrieros,202,186,3,775,47,0,0,0,38,80,0,0,0,4,,0,0
1492-2,6,95,arrieros,202,186,3,795,23,0,0,0,22,64,0,0,0,4,,0,0
1492-2,6,96,arrieros,201,186,3,807,0,0,0,0,22,56,1,0,0,4,,0,0
1492-2,6,97,arrieros,200,186,3,766,13,0,0,0,22,56,1,0,0,4,1,7,0
1492-2,6,98,arrieros,198,182,3,778,0,0,0,0,22,56,1,0,0,4,,0,0
1492-2,6,99,arrieros,196,178,3,788,0,0,0,0,22,54,1,0,0,4,,0,0
1492-2,6,100,arrieros,194,174,3,798,0,0,0,0,21,53,1,0,0,4,,0,0
1492-2,6,101,arrieros,193,170,3,808,0,0,0,0,30,62,1,0,0,4,,0,0
1492-2,6,102,arrieros,191,166,3,826,0,0,0,0,29,69,1,0,0,4,,0,0
1492-2,6,103,arrieros,189,162,3,793,13,0,0,0,26,64,1,0,0,4,1,4,0
1492-2,6,104,arrieros,141,128,2,805,0,0,0,0,26,51,1,0,0,4,,0,0
1492-2,6,105,arrieros,140,125,2,820,0,0,0,0,23,48,1,0,0,4,,0,0
1492-2,6,106,arrieros,88,71,1,835,0,0,0,0,19,41,1,0,0,4,,0,0
1492-2,6,107,arrieros,88,71,1,853,19,0,0,0,36,58,0,0,0,4,,0,0
1492-2,6,108,arrieros,88,73,1,871,37,0,0,0,36,58,0,0,0,4,,0,0
1492-2,6,109,arrieros,89,76,1,838,66,0,0,0,36,58,0,0,0,4,1,6,0
1492-2,6,110,arrieros,89,79,1,847,80,0,0,0,36,48,0,0,0,4,,0,0
1492-2,6,111,arrieros,90,82,1,856,94,0,0,0,36,48,0,0,0,4,,0,0
1492-2,6,112,arrieros,91,85,1,866,106,0,0,0,36,49,0,0,0,4,,0,0
1492-2,6,113,arrieros,91,88,1,876,108,0,0,0,27,40,0,0,0,4,,0,0
1492-2,6,114,arrieros,94,89,1,886,109,0,0,0,27,40,0,0,0,4,,0,0
1492-2,6,115,arrieros,94,89,1,794,123,0,0,0,27,40,0,0,0,4,1,8,0
1492-2,6,116,arrieros,94,89,1,804,123,0,0,0,27,40,0,0,0,4,,0,0
1492-2,6,117,arrieros,94,89,1,814,126,0,0,0,30,43,0,0,0,4,,0,0
1492-2,6,118,arrieros,94,89,1,824,129,0,0,0,30,43,0,0,0,4,,0,0
1492-2,6,119,arrieros,94,89,1,834,120,0,0,0,18,31,0,0,0,4,,0,0
1492-2,6,120,arrieros,94,89,1,844,112,0,0,0,18,31,0,0,0,4,,0,0
1492-2,6,121,arrieros,94,89,1,752,117,0,0,0,18,31,0,0,0,4,1,4,0
1492-2,6,122,arrieros,94,89,1,762,109,0,0,0,18,31,0,0,0,4,,0,0
1492-2,6,123,arrieros,94,89,1,772,101,0,0,0,18,31,0,0,0,4,,0,0
1492-2,6,124,arrieros,94,89,1,782,94,0,0,0,18,31,0,0,0,4,,0,0
1492-2,6,125,arrieros,94,89,1,792,93,0,0,0,24,37,0,0,0,4,,0,0
1492-2,6,126,arrieros,94,89,1,808,92,0,0,0,24,43,0,0,0,4,,0,0
1492-2,6,127,arrieros,94,89,1,721,84,0,0,0,24,43,0,0,0,4,1,10,0
1492-2,6,128,arrieros,94,89,1,737,83,0,0,0,24,43,0,0,0,4,,0,0
1492-2,6,129,arrieros,97,89,1,753,82,0,0,0,24,43,0,0,0,4,,0,0
1492-2,6,130,arrieros,97,89,1,769,81,0,0,0,24,43,0,0,0,4,,0,0
1492-2,6,131,arrieros,97,89,1,785,103,0,0,0,48,67,0,0,0,4,,0,0
1492-2,6,132,arrieros,97,89,1,801,124,0,0,0,48,67,0,0,0,4,,0,0
1492-2,6,133,arrieros,97,89,1,738,119,0,0,0,48,67,0,0,0,4,1,8,0
1492-2,6,134,arrieros,97,89,1,754,140,0,0,0,48,67,0,0,0,4,,0,0
1492-2,6,135,arrieros,123,115,2,770,160,0,0,0,48,67,0,0,0,4,,0,0
1492-2,6,136,arrieros,123,116,2,777,173,0,0,0,48,71,0,0,0,4,,0,0
1492-2,6,137,arrieros,123,117,2,784,168,0,0,0,30,53,0,0,0,4,,0,0
1492-2,6,138,arrieros,123,118,2,791,163,0,0,0,30,53,0,0,0,4,,0,0
1492-2,6,139,arrieros,123,118,2,687,171,0,0,0,30,53,0,0,0,4,1,5,0
1492-2,6,140,arrieros,123,119,2,694,164,0,0,0,30,53,0,1,0,4,,0,0
1492-2,6,141,arrieros,124,120,2,703,164,0,0,0,35,60,0,0,0,4,,0,0
1492-2,6,142,arrieros,124,121,2,712,163,0,0,0,35,60,0,0,0,4,,0,0
1492-2,6,143,arrieros,124,121,2,721,148,0,0,0,21,46,0,0,0,4,,0,0
1492-2,6,144,arrieros,124,121,2,724,134,0,0,0,21,40,0,0,0,4,,0,0
1492-2,6,145,arrieros,124,121,2,645,75,0,0,0,21,40,0,0,0,4,1,11,0
1492-2,6,146,arrieros,124,121,2,648,62,0,0,0,21,40,0,0,0,4,,0,0
1492-2,6,147,arrieros,150,151,3,651,49,0,0,0,21,40,0,1,0,4,,0,0
1492-2,6,148,arrieros,150,151,3,651,32,0,0,0,21,46,0,0,0,4,,0,0
1492-2,6,149,arrieros,150,151,3,651,23,0,0,0,28,53,0,0,0,4,,0,0
1492-2,6,150,arrieros,153,151,3,657,14,0,0,0,28,59,0,0,0,4,,0,0
1492-2,6,151,arrieros,153,151,3,611,18,0,0,0,28,59,0,0,0,4,1,10,0
1492-2,6,152,arrieros,153,151,3,617,9,0,0,0,28,55,0,0,0,4,,0,0
1492-2,6,153,arrieros,153,151,3,623,0,0,0,0,28,55,0,0,0,4,,0,0
1492-2,6,154,arrieros,152,151,3,629,0,0,0,0,28,55,1,0,0,4,,0,0
1492-2,6,155,arrieros,152,151,3,635,19,0,0,0,56,83,0,0,0,4,,0,0
1492-2,6,156,arrieros,152,153,3,641,37,0,0,0,56,83,0,0,0,4,,0,0
1492-2,6,157,arrieros,153,155,3,594,66,0,0,0,56,83,0,0,0,4,1,3,0
1492-2,6,158,arrieros,153,157,3,600,81,0,0,0,56,83,0,0,0,4,,0,0
1492-2,6,159,arrieros,153,159,3,606,96,0,0,0,57,84,0,0,0,4,,0,0
1492-2,6,160,arrieros,154,161,3,612,110,0,0,0,57,84,0,0,0,4,,0,0
1492-2,6,161,arrieros,154,161,3,618,102,0,0,0,36,63,0,0,0,4,,0,0
1492-2,6,162,arrieros,154,161,3,624,95,0,0,0,36,63,0,0,0,4,,0,0
1492-2,6,163,arrieros,154,161,3,581,79,0,0,0,36,63,0,0,0,4,1,10,0
1492-2,6,164,arrieros,154,161,3,589,60,0,0,0,36,65,0,0,0,4,,0,0
1492-2,6,165,arrieros,157,161,3,597,54,0,0,0,36,65,0,0,0,4,,0,0
1492-2,6,166,arrieros,157,161,3,605,48,0,0,0,36,65,0,0,0,4,,0,0
1492-2,6,167,arrieros,157,161,3,613,28,0,0,0,21,50,0,0,0,4,,0,0
1492-2,6,168,arrieros,157,161,3,615,9,0,0,0,21,44,0,0,0,4,,0,0
1492-2,6,169,arrieros,156,161,3,566,13,0,0,0,21,44,1,0,0,4,1,8,0
1492-2,6,170,arrieros,155,161,3,567,0,0,0,0,21,40,1,0,0,4,,0,0
1492-2,6,171,arrieros,153,157,3,568,0,0,0,0,21,40,1,0,0,4,,0,0
1492-2,6,172,arrieros,151,153,3,569,0,0,0,0,21,40,1,0,0,4,,0,0
1492-2,6,173,arrieros,149,149,3,570,0,0,0,0,28,47,1,0,0,4,,0,0
1492-2,6,174,arrieros,148,145,3,577,0,0,0,0,28,53,1,0,0,4,,0,0
1492-2,6,175,arrieros,146,141,3,532,13,0,0,0,27,52,1,0,0,4,1,4,0
1492-2,6,176,arrieros,146,141,3,535,5,0,0,0,27,48,0,0,0,4,,0,0
1492-2,6,177,arrieros,99,111,2,538,0,0,0,0,27,46,1,0,0,4,,0,0
1492-2,6,178,arrieros,99,111,2,545,0,0,0,0,27,46,0,0,0,4,,0,0
1492-2,6,179,arrieros,99,111,2,552,27,0,0,0,55,74,0,0,0,4,,0,0
1492-2,6,180,arrieros,100,115,2,559,53,0,0,0,55,74,0,0,0,4,,0,0
1492-2,6,181,arrieros,104,120,2,516,90,0,0,0,55,76,0,0,0,4,1,3,0
1492-2,6,182,arrieros,104,124,2,525,112,0,0,0,56,77,0,0,0,4,,0,0
1492-2,6,183,arrieros,105,125,2,534,132,0,0,0,56,77,0,0,0,4,,0,0
1492-2,6,184,arrieros,105,126,2,543,151,0,0,0,56,77,0,0,0,4,,0,0
1492-2,6,185,arrieros,105,127,2,552,149,0,0,0,35,56,0,0,0,4,,0,0
1492-2,6,186,arrieros,105,128,2,561,147,0,0,0,35,56,0,0,0,4,,0,0
1492-2,6,187,arrieros,105,129,2,517,157,0,0,0,35,56,0,0,0,4,1,7,0
1492-2,6,188,arrieros,106,131,2,526,154,0,0,0,35,56,0,0,0,4,,0,0
1492-2,6,189,arrieros,106,133,2,535,152,0,0,0,36,57,0,0,0,4,,0,0
1492-2,6,190,arrieros,107,135,2,544,149,0,0,0,36,57,0,0,0,4,,0,0
1492-2,6,191,arrieros,107,135,2,553,132,0,0,0,21,42,0,0,0,4,,0,0
1492-2,6,192,arrieros,107,135,2,556,116,0,0,0,21,36,0,0,0,4,,0,0
1492-2,6,193,arrieros,107,135,2,510,85,0,0,0,21,36,0,0,0,4,1,10,0
1492-2,6,194,arrieros,107,135,2,516,71,0,0,0,21,39,0,0,0,4,,0,0
1492-2,6,195,arrieros,110,135,2,522,57,0,0,0,21,39,0,0,0,4,,0,0
1492-2,6,196,arrieros,110,135,2,528,44,0,0,0,21,39,0,0,0,4,,0,0
1492-2,6,197,arrieros,110,135,2,534,38,0,0,0,28,46,0,0,0,4,,0,0
1492-2,6,198,arrieros,110,135,2,546,32,0,0,0,28,52,0,0,0,4,,0,0
1492-2,6,199,arrieros,110,135,2,507,39,0,0,0,28,52,0,0,0,4,1,7,0
1492-2,6,200,arrieros,113,135,2,519,33,0,0,0,28,52,0,0,0,4,,0,0
1492-2,6,1,canteros,46,116,1,45,50,0,0,0,12,36,0,0,0,0,1,4,0
1492-2,6,2,canteros,46,116,1,52,30,0,0,0,12,23,0,0,0,0,,0,0
1492-2,6,3,canteros,46,116,1,59,11,0,0,0,12,23,0,1,0,0,,0,0
1492-2,6,4,canteros,45,116,1,66,0,0,0,0,12,29,1,0,0,0,,0,0
1492-2,6,5,canteros,44,116,1,73,0,0,0,0,16,32,1,0,0,0,,0,0
1492-2,6,6,canteros,42,113,1,91,0,0,0,0,16,43,1,0,0,0,,0,0
1492-2,6,7,canteros,41,110,1,109,0,0,0,0,16,43,1,0,0,0,1,1,0
1492-2,6,8,canteros,39,107,1,127,0,0,0,0,16,43,1,0,0,0,,0,0
1492-2,6,9,canteros,37,104,1,143,0,0,0,0,16,41,1,0,0,0,,0,0
1492-2,6,10,canteros,36,101,1,159,0,0,0,0,14,39,1,0,0,0,,0,0
1492-2,6,11,canteros,36,101,1,165,3,0,0,0,28,53,0,0,0,0,,0,0
1492-2,6,12,canteros,36,101,1,181,4,0,0,0,28,52,0,1,0,0,,0,0
1492-2,6,13,canteros,36,101,1,177,22,0,0,0,43,67,0,0,0,0,1,2,0
1492-2,6,14,canteros,36,101,1,181,37,0,0,0,43,54,0,0,0,0,,0,0
1492-2,6,15,canteros,36,101,1,185,51,0,0,0,43,54,0,1,0,0,,0,0
1492-2,6,16,canteros,36,101,1,197,67,0,0,0,43,62,0,0,0,0,,0,0
1492-2,6,17,canteros,36,101,1,209,70,0,0,0,30,50,0,0,0,0,,0,0
1492-2,6,18,canteros,51,101,1,221,72,0,0,0,30,50,0,0,0,1,,0,0
1492-2,6,19,canteros,50,97,1,93,65,0,0,0,30,50,0,0,0,1,1,4,0
1492-2,6,20,canteros,50,97,1,104,69,0,0,0,30,49,0,0,0,1,,0,0
1492-2,6,21,canteros,50,97,1,115,72,0,0,0,30,48,0,0,0,1,,0,0
1492-2,6,22,canteros,50,97,1,126,75,0,0,0,30,48,0,0,0,1,,0,0
1492-2,6,23,canteros,50,97,1,137,67,0,0,0,18,36,0,0,0,1,,0,0
1492-2,6,24,canteros,50,97,1,148,59,0,0,0,18,36,0,0,0,1,,0,0
1492-2,6,25,canteros,50,97,1,159,61,0,0,0,18,36,0,0,0,1,1,3,0
1492-2,6,26,canteros,50,97,1,170,53,0,0,0,18,36,0,0,0,1,,0,0
1492-2,6,27,canteros,50,97,1,181,46,0,0,0,18,36,0,0,0,1,,0,0
1492-2,6,28,canteros,50,97,1,192,39,0,0,0,18,36,0,0,0,1,,0,0
1492-2,6,29,canteros,50,97,1,203,38,0,0,0,24,42,0,0,0,1,,0,0
1492-2,6,30,canteros,50,97,1,220,37,0,0,0,24,48,0,0,0,1,,0,0
1492-2,6,31,canteros,50,97,1,171,45,0,0,0,24,48,0,0,0,1,1,2,0
1492-2,6,32,canteros,50,97,1,188,44,0,0,0,24,48,0,0,0,1,,0,0
1492-2,6,33,canteros,50,97,1,205,43,0,0,0,24,48,0,0,0,1,,0,0
1492-2,6,34,canteros,50,97,1,222,42,0,0,0,24,48,0,0,0,1,,0,0
1492-2,6,35,canteros,50,97,1,239,64,0,0,0,48,72,0,0,0,1,,0,0
1492-2,6,36,canteros,50,97,1,256,85,0,0,0,48,72,0,0,0,1,,0,0
1492-2,6,37,canteros,49,93,1,220,96,0,0,0,48,72,0,0,0,1,1,6,0
1492-2,6,38,canteros,49,93,1,237,117,0,0,0,48,71,0,0,0,1,,0,0
1492-2,6,39,canteros,49,93,1,254,137,0,0,0,48,71,0,0,0,1,,0,0
1492-2,6,40,canteros,49,93,1,271,156,0,0,0,48,71,0,0,0,1,,0,0
1492-2,6,41,canteros,62,93,1,288,157,0,0,0,30,53,0,0,0,2,,0,0
1492-2,6,42,canteros,62,93,1,305,158,0,0,0,30,53,0,0,0,2,,0,0
1492-2,6,43,canteros,62,93,1,289,169,0,0,0,30,53,0,0,0,2,1,4,0
1492-2,6,44,canteros,65,93,1,306,169,0,0,0,30,53,0,0,0,2,,0,0
1492-2,6,45,canteros,65,93,1,323,169,0,0,0,30,53,0,0,0,2,,0,0
1492-2,6,46,canteros,65,93,1,340,169,0,0,0,30,53,0,0,0,2,,0,0
1492-2,6,47,canteros,65,93,1,357,158,0,0,0,18,41,0,0,0,2,,0,0
1492-2,6,48,canteros,65,93,1,368,147,0,0,0,18,35,0,0,0,2,,0,0
1492-2,6,49,canteros,65,93,1,337,137,0,0,0,18,35,0,0,0,2,1,4,0
1492-2,6,50,canteros,65,93,1,348,127,0,0,0,18,35,0,0,0,2,,0,0
1492-2,6,51,canteros,65,93,1,359,118,0,0,0,18,35,0,0,0,2,,0,0
1492-2,6,52,canteros,65,93,1,370,109,0,0,0,18,35,0,0,0,2,,0,0
1492-2,6,53,canteros,68,93,1,381,106,0,0,0,24,41,0,0,0,2,,0,0
1492-2,6,54,canteros,68,93,1,398,103,0,0,0,24,47,0,0,0,2,,0,0
1492-2,6,55,canteros,68,93,1,373,100,0,0,0,24,46,0,0,0,2,1,4,0
1492-2,6,56,canteros,68,93,1,390,97,0,0,0,24,46,0,0,0,2,,0,0
1492-2,6,57,canteros,68,93,1,407,95,0,0,0,24,46,0,0,0,2,,0,0
1492-2,6,58,canteros,68,93,1,424,93,0,0,0,24,46,0,0,0,2,,0,0
1492-2,6,59,canteros,68,93,1,441,114,0,0,0,48,70,0,0,0,2,,0,0
1492-2,6,60,canteros,68,93,1,458,134,0,0,0,48,70,0,0,0,2,,0,0
1492-2,6,61,canteros,68,93,1,443,160,0,0,0,48,70,0,0,0,2,1,5,0
1492-2,6,62,canteros,68,93,1,460,178,0,0,0,48,70,0,0,0,2,,0,0
1492-2,6,63,canteros,68,93,1,477,195,0,0,0,48,70,0,0,0,2,,0,0
1492-2,6,64,canteros,71,93,1,494,212,0,0,0,48,70,0,0,0,2,,0,0
1492-2,6,65,canteros,71,93,1,511,211,0,0,0,30,52,0,0,0,2,,0,0
1492-2,6,66,canteros,71,93,1,528,210,0,0,0,30,52,0,0,0,2,,0,0
1492-2,6,67,canteros,71,93,1,512,219,0,0,0,30,52,0,0,0,2,1,4,0
1492-2,6,68,canteros,71,93,1,529,217,0,0,0,30,52,0,0,0,2,,0,0
1492-2,6,69,canteros,71,93,1,546,216,0,0,0,30,52,0,0,0,2,,0,0
1492-2,6,70,canteros,71,93,1,563,215,0,0,0,30,52,0,0,0,2,,0,0
1492-2,6,71,canteros,71,93,1,580,202,0,0,0,18,40,0,0,0,2,,0,0
1492-2,6,72,canteros,71,93,1,591,190,0,0,0,18,34,0,0,0,2,,0,0
1492-2,6,73,canteros,71,93,1,560,178,0,0,0,18,34,0,0,0,2,1,2,0
1492-2,6,74,canteros,71,93,1,571,167,0,0,0,18,34,0,0,0,2,,0,0
1492-2,6,75,canteros,71,93,1,582,156,0,0,0,18,34,0,0,0,2,,0,0
1492-2,6,76,canteros,71,93,1,593,145,0,0,0,18,34,0,0,0,2,,0,0
1492-2,6,77,canteros,71,93,1,604,141,0,0,0,24,40,0,0,0,2,,0,0
1492-2,6,78,canteros,71,93,1,621,137,0,0,0,24,46,0,0,0,2,,0,0
1492-2,6,79,canteros,71,93,1,595,133,0,0,0,24,46,0,0,0,2,1,2,0
1492-2,6,80,canteros,71,93,1,612,129,0,0,0,24,46,0,0,0,2,,0,0
1492-2,6,81,canteros,71,93,1,629,125,0,0,0,24,46,0,0,0,2,,0,0
1492-2,6,82,canteros,71,93,1,646,121,0,0,0,24,46,0,0,0,2,,0,0
1492-2,6,83,canteros,71,93,1,663,141,0,0,0,48,70,0,0,0,2,,0,0
1492-2,6,84,canteros,71,93,1,680,160,0,0,0,48,70,0,0,0,2,,0,0
1492-2,6,85,canteros,71,93,1,665,188,0,0,0,48,70,0,0,0,2,1,2,0
1492-2,6,86,canteros,71,93,1,682,205,0,0,0,48,70,0,0,0,2,,0,0
1492-2,6,87,canteros,71,93,1,699,221,0,0,0,48,70,0,0,0,2,,0,0
1492-2,6,88,canteros,71,93,1,716,237,0,0,0,48,70,0,0,0,2,,0,0
1492-2,6,89,canteros,71,93,1,733,235,0,0,0,30,52,0,0,0,2,,0,0
1492-2,6,90,canteros,71,93,1,750,233,0,0,0,30,52,0,0,0,2,,0,0
1492-2,6,91,canteros,71,93,1,725,231,0,0,0,30,52,0,0,0,2,1,2,0
1492-2,6,92,canteros,71,93,1,742,229,0,0,0,30,52,0,0,0,2,,0,0
1492-2,6,93,canteros,71,93,1,759,227,0,0,0,30,52,0,0,0,2,,0,0
1492-2,6,94,canteros,71,93,1,776,225,0,0,0,30,52,0,0,0,2,,0,0
1492-2,6,95,canteros,71,93,1,793,212,0,0,0,18,40,0,0,0,2,,0,0
1492-2,6,96,canteros,71,93,1,804,199,0,0,0,18,34,0,0,0,2,,0,0
1492-2,6,97,canteros,71,93,1,772,187,0,0,0,18,34,0,0,0,2,1,2,0
1492-2,6,98,canteros,71,93,1,783,175,0,0,0,18,34,0,0,0,2,,0,0
1492-2,6,99,canteros,71,93,1,794,164,0,0,0,18,34,0,0,0,2,,0,0
1492-2,6,100,canteros,71,93,1,805,153,0,0,0,18,34,0,0,0,2,,0,0
1492-2,6,101,canteros,71,93,1,816,148,0,0,0,24,40,0,0,0,2,,0,0
1492-2,6,102,canteros,71,93,1,833,144,0,0,0,24,46,0,0,0,2,,0,0
1492-2,6,103,canteros,71,93,1,807,140,0,0,0,24,46,0,0,0,2,1,2,0
1492-2,6,104,canteros,71,93,1,824,136,0,0,0,24,46,0,0,0,2,,0,0
1492-2,6,105,canteros,71,93,1,841,132,0,0,0,24,46,0,0,0,2,,0,0
1492-2,6,106,canteros,71,93,1,858,128,0,0,0,24,46,0,0,0,2,,0,0
1492-2,6,107,canteros,71,93,1,875,147,0,0,0,48,70,0,0,0,2,,0,0
1492-2,6,108,canteros,71,93,1,892,166,0,0,0,48,70,0,0,0,2,,0,0
1492-2,6,109,canteros,71,93,1,869,184,0,0,0,48,70,0,0,0,2,1,2,0
1492-2,6,110,canteros,71,93,1,880,199,0,0,0,48,70,0,0,0,2,,0,0
1492-2,6,111,canteros,71,93,1,891,214,0,0,0,48,70,0,0,0,2,,0,0
1492-2,6,112,canteros,71,93,1,908,228,0,0,0,48,70,0,0,0,2,,0,0
1492-2,6,113,canteros,71,93,1,925,224,0,0,0,30,52,0,0,0,2,,0,0
1492-2,6,114,canteros,71,93,1,942,220,0,0,0,30,52,0,0,0,2,,0,0
1492-2,6,115,canteros,71,93,1,839,216,0,0,0,30,52,0,0,0,2,1,2,0
1492-2,6,116,canteros,71,93,1,856,213,0,0,0,30,52,0,0,0,2,,0,0
1492-2,6,117,canteros,71,93,1,873,210,0,0,0,30,52,0,0,0,2,,0,0
1492-2,6,118,canteros,71,93,1,890,207,0,0,0,30,52,0,0,0,2,,0,0
1492-2,6,119,canteros,71,93,1,907,192,0,0,0,18,40,0,0,0,2,,0,0
1492-2,6,120,canteros,71,93,1,918,178,0,0,0,18,34,0,0,0,2,,0,0
1492-2,6,121,canteros,71,93,1,881,165,0,0,0,18,34,0,0,0,2,1,2,0
1492-2,6,122,canteros,71,93,1,886,152,0,0,0,18,34,0,0,0,2,,0,0
1492-2,6,123,canteros,71,93,1,897,140,0,0,0,18,34,0,0,0,2,,0,0
1492-2,6,124,canteros,71,93,1,908,128,0,0,0,18,34,0,0,0,2,,0,0
1492-2,6,125,canteros,71,93,1,919,122,0,0,0,24,40,0,0,0,2,,0,0
1492-2,6,126,canteros,71,93,1,936,117,0,0,0,24,46,0,0,0,2,,0,0
1492-2,6,127,canteros,71,93,1,905,112,0,0,0,24,46,0,0,0,2,1,2,0
1492-2,6,128,canteros,71,93,1,916,107,0,0,0,24,46,0,0,0,2,,0,0
1492-2,6,129,canteros,71,93,1,927,102,0,0,0,24,46,0,0,0,2,,0,0
1492-2,6,130,canteros,71,93,1,944,97,0,0,0,24,46,0,0,0,2,,0,0
1492-2,6,131,canteros,71,93,1,961,116,0,0,0,48,70,0,0,0,2,,0,0
1492-2,6,132,canteros,71,93,1,978,134,0,0,0,48,70,0,0,0,2,,0,0
1492-2,6,133,canteros,71,93,1,963,161,0,0,0,48,70,0,0,0,2,1,2,0
1492-2,6,134,canteros,71,93,1,980,177,0,0,0,48,70,0,0,0,2,,0,0
1492-2,6,135,canteros,71,93,1,997,192,0,0,0,48,70,0,0,0,2,,0,0
1492-2,6,136,canteros,71,93,1,1014,207,0,0,0,48,70,0,0,0,2,,0,0
1492-2,6,137,canteros,71,93,1,1031,204,0,0,0,30,52,0,0,0,2,,0,0
1492-2,6,138,canteros,71,93,1,1048,201,0,0,0,30,52,0,0,0,2,,0,0
1492-2,6,139,canteros,71,93,1,1003,156,0,0,0,30,52,0,0,0,2,1,6,0
1492-2,6,140,canteros,71,93,1,1020,155,0,0,0,30,52,0,0,0,2,,0,0
1492-2,6,141,canteros,121,143,2,1037,154,0,0,0,30,52,0,0,0,3,,0,0
1492-2,6,142,canteros,121,143,2,1055,142,0,0,0,30,62,0,0,0,3,,0,0
1492-2,6,143,canteros,121,143,2,1073,119,0,0,0,18,50,0,0,0,3,,0,0
1492-2,6,144,canteros,121,143,2,1085,96,0,0,0,18,44,0,0,0,3,,0,0
1492-2,6,145,canteros,121,143,2,1019,36,0,0,0,18,44,0,0,0,3,1,4,0
1492-2,6,146,canteros,121,143,2,1025,17,0,0,0,18,44,0,0,0,3,,0,0
1492-2,6,147,canteros,180,193,3,1037,0,0,0,0,18,44,1,0,0,4,,0,0
1492-2,6,148,canteros,179,193,3,1050,0,0,0,0,18,54,1,0,0,4,,0,0
1492-2,6,149,canteros,177,189,3,1063,0,0,0,0,24,60,1,0,0,4,,0,0
1492-2,6,150,canteros,176,185,3,1078,0,0,0,0,24,62,1,0,0,4,,0,0
1492-2,6,151,canteros,174,181,3,1060,10,0,0,0,24,61,1,0,0,4,1,6,0
1492-2,6,152,canteros,172,177,3,1070,0,0,0,0,24,55,1,0,0,4,,0,0
1492-2,6,153,canteros,170,173,3,1080,0,0,0,0,24,55,1,0,0,4,,0,0
1492-2,6,154,canteros,168,169,3,1090,0,0,0,0,24,55,1,0,0,4,,0,0
1492-2,6,155,canteros,168,169,3,1100,4,0,0,0,48,79,0,0,0,4,,0,0
1492-2,6,156,canteros,168,169,3,1110,8,0,0,0,48,79,0,0,0,4,,0,0
1492-2,6,157,canteros,168,169,3,1087,22,0,0,0,48,79,0,0,0,4,1,3,0
1492-2,6,158,canteros,168,169,3,1093,25,0,0,0,48,73,0,0,0,4,,0,0
1492-2,6,159,canteros,168,169,3,1099,28,0,0,0,48,73,0,0,0,4,,0,0
1492-2,6,160,canteros,169,173,3,1105,31,0,0,0,48,73,0,0,0,4,,0,0
1492-2,6,161,canteros,169,173,3,1111,16,0,0,0,30,55,0,0,0,4,,0,0
1492-2,6,162,canteros,169,173,3,1117,1,0,0,0,30,55,0,0,0,4,,0,0
1492-2,6,163,canteros,168,173,3,1090,10,0,0,0,30,55,1,0,0,4,1,2,0
1492-2,6,164,canteros,167,173,3,1096,0,0,0,0,30,55,1,0,0,4,,0,0
1492-2,6,165,canteros,165,169,3,1102,0,0,0,0,30,55,1,0,0,4,,0,0
1492-2,6,166,canteros,164,165,3,1106,0,0,0,0,30,53,1,0,0,4,,0,0
1492-2,6,167,canteros,162,161,3,1110,0,0,0,0,18,41,1,0,0,4,,0,0
1492-2,6,168,canteros,160,157,3,1109,0,0,0,0,18,36,1,0,0,4,,0,0
1492-2,6,169,canteros,158,153,3,1075,10,0,0,0,18,36,1,0,0,4,1,2,0
1492-2,6,170,canteros,156,149,3,1074,0,0,0,0,18,36,1,0,0,4,,0,0
1492-2,6,171,canteros,155,145,3,1073,0,0,0,0,18,36,1,0,0,4,,0,0
1492-2,6,172,canteros,153,141,3,1072,0,0,0,0,18,36,1,0,0,4,,0,0
1492-2,6,173,canteros,151,138,3,1071,0,0,0,0,24,42,1,0,0,4,,0,0
1492-2,6,174,canteros,150,135,3,1074,0,0,0,0,24,46,1,0,0,4,,0,0
1492-2,6,175,canteros,148,132,3,1044,10,0,0,0,21,43,1,0,0,4,1,2,0
1492-2,6,176,canteros,146,129,3,1047,0,0,0,0,21,43,1,0,0,4,,0,0
1492-2,6,177,canteros,98,93,2,1050,0,0,0,0,21,41,1,0,0,4,,0,0
1492-2,6,178,canteros,97,91,2,1058,0,0,0,0,21,41,1,0,0,4,,0,0
1492-2,6,179,canteros,50,59,1,1065,12,0,0,0,36,52,0,0,0,4,,0,0
1492-2,6,180,canteros,51,60,1,1077,38,0,0,0,43,60,0,0,0,4,,0,0
1492-2,6,181,canteros,51,60,1,1057,72,0,0,0,43,61,0,0,0,4,1,4,0
1492-2,6,182,canteros,51,60,1,1070,95,0,0,0,43,61,0,0,0,4,,0,0
1492-2,6,183,canteros,51,60,1,1083,117,0,0,0,43,61,0,0,0,4,,0,0
1492-2,6,184,canteros,51,60,1,1096,143,0,0,0,48,66,0,0,0,4,,0,0
1492-2,6,185,canteros,51,60,1,1109,150,0,0,0,30,48,0,0,0,4,,0,0
1492-2,6,186,canteros,51,60,1,1122,157,0,0,0,30,48,0,0,0,4,,0,0
1492-2,6,187,canteros,51,60,1,1072,130,0,0,0,30,48,0,0,0,4,1,6,0
1492-2,6,188,canteros,51,60,1,1085,138,0,0,0,30,48,0,0,0,4,,0,0
1492-2,6,189,canteros,81,112,2,1098,145,0,0,0,30,48,0,0,0,4,,0,0
1492-2,6,190,canteros,81,114,2,1112,140,0,0,0,30,58,0,0,0,4,,0,0
1492-2,6,191,canteros,81,114,2,1126,123,0,0,0,18,46,0,0,0,4,,0,0
1492-2,6,192,canteros,81,114,2,1136,107,0,0,0,18,42,0,0,0,4,,0,0
1492-2,6,193,canteros,81,114,2,1068,53,0,0,0,18,42,0,0,0,4,1,4,0
1492-2,6,194,canteros,81,114,2,1073,40,0,0,0,18,42,0,0,0,4,,0,0
1492-2,6,195,canteros,111,164,3,1077,27,0,0,0,18,42,0,0,0,4,,0,0
1492-2,6,196,canteros,111,164,3,1088,2,0,0,0,18,52,0,0,0,4,,0,0
1492-2,6,197,canteros,110,164,3,1099,0,0,0,0,24,58,1,0,0,4,,0,0
1492-2,6,198,canteros,109,164,3,1114,0,0,0,0,24,62,1,0,0,4,,0,0
1492-2,6,199,canteros,108,161,3,1096,10,0,0,0,24,62,1,0,0,4,1,3,0
1492-2,6,200,canteros,106,158,3,1108,0,0,0,0,24,59,1,0,0,4,,0,0
1492-2,6,1,ferrones,40,86,1,39,53,0,0,0,7,25,0,0,0,0,1,4,0
1492-2,6,2,ferrones,40,86,1,43,36,0,0,0,7,15,0,0,0,0,,0,0
1492-2,6,3,ferrones,40,86,1,47,20,0,0,0,7,15,0,0,0,0,,0,0
1492-2,6,4,ferrones,40,86,1,51,4,0,0,0,7,15,0,0,0,0,,0,0
1492-2,6,5,ferrones,39,86,1,55,0,0,0,0,9,17,1,1,0,0,,0,0
1492-2,6,6,ferrones,38,86,1,67,0,0,0,0,9,28,1,0,0,0,,0,0
1492-2,6,7,ferrones,36,84,1,79,0,0,0,0,9,28,1,0,0,0,1,1,0
1492-2,6,8,ferrones,35,82,1,91,0,0,0,0,9,28,1,0,0,0,,0,0
1492-2,6,9,ferrones,34,80,1,103,0,0,0,0,9,28,1,0,0,0,,0,0
1492-2,6,10,ferrones,32,78,1,115,0,0,0,0,9,28,1,0,0,0,,0,0
1492-2,6,11,ferrones,31,76,1,125,0,0,0,0,17,34,1,0,0,0,,0,0
1492-2,6,12,ferrones,29,74,1,135,0,0,0,0,17,34,1,0,0,0,,0,0
1492-2,6,13,ferrones,28,72,1,145,0,0,0,0,14,30,1,0,0,0,1,1,0
1492-2,6,14,ferrones,27,70,1,146,0,0,0,0,14,20,1,0,0,0,,0,0
1492-2,6,15,ferrones,25,68,1,147,0,0,0,0,11,16,1,0,0,0,,0,0
1492-2,6,16,ferrones,24,66,1,148,0,0,0,0,11,16,1,0,0,0,,0,0
1492-2,6,17,ferrones,23,65,1,149,0,0,0,0,7,12,1,0,0,0,,0,0
1492-2,6,18,ferrones,21,64,1,150,0,0,0,0,7,12,1,0,0,0,,0,0
1492-2,6,19,ferrones,20,63,1,151,0,0,0,0,7,12,1,0,0,0,1,0,1
1492-2,6,20,ferrones,19,62,1,152,0,0,0,0,7,12,1,0,0,0,,0,0
1492-2,6,21,ferrones,18,61,1,153,0,0,0,0,7,12,1,0,0,0,,0,0
1492-2,6,22,ferrones,17,60,1,154,0,0,0,0,7,12,1,0,0,0,,0,0
1492-2,6,23,ferrones,15,59,1,155,0,0,0,0,4,9,1,0,0,0,,0,0
1492-2,6,24,ferrones,14,58,1,155,0,0,0,0,4,8,1,0,0,0,,0,0
1492-2,6,25,ferrones,13,57,1,155,0,0,0,0,4,8,1,0,0,0,1,0,1
1492-2,6,26,ferrones,12,56,1,155,0,0,0,0,4,8,1,0,0,0,,0,0
1492-2,6,27,ferrones,11,55,1,155,0,0,0,0,4,8,1,0,0,0,,0,0
1492-2,6,28,ferrones,9,54,1,155,0,0,0,0,4,8,1,0,0,0,,0,0
1492-2,6,29,ferrones,8,53,1,155,0,0,0,0,5,9,1,0,0,0,,0,0
1492-2,6,30,ferrones,7,52,1,159,0,0,0,0,5,13,1,0,0,0,,0,0
1492-2,6,31,ferrones,6,51,1,163,0,0,0,0,5,13,1,0,0,0,1,1,0
1492-2,6,32,ferrones,5,50,1,163,0,0,0,0,5,9,1,0,0,0,,0,0
1492-2,6,33,ferrones,3,49,1,163,0,0,0,0,5,9,1,0,0,0,,0,0
1492-2,6,34,ferrones,2,48,1,162,0,0,0,0,5,8,1,0,0,0,,0,0
1492-2,6,35,ferrones,1,47,1,161,0,0,0,0,11,14,1,0,0,0,,0,0
1492-2,6,36,ferrones,1,47,1,145,0,0,0,0,11,14,0,0,0,0,,0,0
1492-2,6,37,ferrones,0,47,1,144,0,0,0,0,11,14,1,1,0,0,1,1,0
1492-2,6,38,ferrones,0,47,1,123,0,0,0,0,11,14,0,0,0,0,,0,0
1492-2,6,39,ferrones,-1,47,1,122,0,0,0,0,11,14,1,0,0,0,,0,0
1492-2,6,40,ferrones,-2,47,1,121,0,0,0,0,11,14,1,1,0,0,,0,0
1492-2,6,41,ferrones,-3,46,1,128,0,0,0,0,7,18,1,0,0,0,,0,0
1492-2,6,42,ferrones,-4,45,1,135,0,0,0,0,7,18,1,0,0,0,,0,0
1492-2,6,43,ferrones,-6,44,1,67,0,0,0,0,7,18,1,0,0,0,1,6,0
1492-2,6,44,ferrones,-7,43,1,74,0,0,0,0,7,18,1,0,0,0,,0,0
1492-2,6,45,ferrones,-8,42,1,81,0,0,0,0,7,18,1,0,0,0,,0,0
1492-2,6,46,ferrones,-9,41,1,88,0,0,0,0,7,18,1,0,0,0,,0,0
1492-2,6,47,ferrones,-10,40,1,95,0,0,0,0,4,15,1,0,0,0,,0,0
1492-2,6,48,ferrones,-12,39,1,102,0,0,0,0,4,15,1,0,0,0,,0,0
1492-2,6,49,ferrones,-13,38,1,94,5,0,1,0,4,15,1,0,0,0,1,4,0
1492-2,6,50,ferrones,-13,38,1,101,0,0,1,0,4,15,0,0,0,0,,0,0
1492-2,6,51,ferrones,-14,38,1,108,0,0,1,0,4,15,1,0,0,0,,0,0
1492-2,6,52,ferrones,-15,38,1,115,0,0,1,0,4,15,1,0,0,0,,0,0
1492-2,6,53,ferrones,-16,37,1,122,0,0,1,0,5,16,1,0,0,0,,0,0
1492-2,6,54,ferrones,-17,36,1,131,0,0,1,0,5,18,1,0,0,0,,0,0
1492-2,6,55,ferrones,-18,35,1,115,3,0,1,0,5,18,1,0,0,0,1,4,0
1492-2,6,56,ferrones,-18,35,1,122,0,0,1,0,5,16,0,0,0,0,,0,0
1492-2,6,57,ferrones,-19,35,1,129,0,0,1,0,5,16,1,0,0,0,,0,0
1492-2,6,58,ferrones,-20,35,1,136,0,0,1,0,5,16,1,0,0,0,,0,0
1492-2,6,59,ferrones,-20,35,1,143,3,0,0,0,11,22,0,0,0,0,,0,0
1492-2,6,60,ferrones,-20,35,1,150,6,0,0,0,11,21,0,0,0,0,,0,0
1492-2,6,61,ferrones,-20,35,1,160,16,0,0,0,14,25,0,0,0,0,1,3,0
1492-2,6,62,ferrones,-20,35,1,167,22,0,0,0,14,25,0,0,0,0,,0,0
1492-2,6,63,ferrones,-20,35,1,174,27,0,0,0,14,25,0,0,0,0,,0,0
1492-2,6,64,ferrones,-20,36,1,181,32,0,0,0,14,25,0,0,0,0,,0,0
1492-2,6,65,ferrones,-20,37,1,188,32,0,0,0,10,21,0,0,0,0,,0,0
1492-2,6,66,ferrones,-20,38,1,195,32,0,0,0,10,21,0,0,0,0,,0,0
1492-2,6,67,ferrones,-20,39,1,185,37,0,0,0,10,21,0,0,0,0,1,3,0
1492-2,6,68,ferrones,-19,40,1,192,37,0,0,0,10,21,0,0,0,0,,0,0
1492-2,6,69,ferrones,-19,42,1,199,38,0,0,0,12,23,0,0,0,0,,0,0
1492-2,6,70,ferrones,-19,44,1,206,39,0,0,0,12,23,0,0,0,0,,0,0
1492-2,6,71,ferrones,-19,44,1,213,34,0,0,0,7,18,0,0,0,0,,0,0
1492-2,6,72,ferrones,-19,44,1,220,29,0,0,0,7,18,0,0,0,0,,0,0
1492-2,6,73,ferrones,-19,44,1,248,28,0,0,0,7,18,0,0,0,0,1,3,0
1492-2,6,74,ferrones,-19,44,1,255,24,0,0,0,7,18,0,0,0,0,,0,0
1492-2,6,75,ferrones,-19,44,1,262,20,0,0,0,7,18,0,0,0,0,,0,0
1492-2,6,76,ferrones,-19,44,1,269,16,0,0,0,7,18,0,0,0,0,,0,0
1492-2,6,77,ferrones,-19,44,1,276,14,0,0,0,9,20,0,0,0,0,,0,0
1492-2,6,78,ferrones,-19,44,1,286,12,0,0,0,9,23,0,0,0,0,,0,0
1492-2,6,79,ferrones,-19,44,1,317,14,0,0,0,9,23,0,0,0,0,1,3,0
1492-2,6,80,ferrones,-19,44,1,327,12,0,0,0,9,23,0,0,0,0,,0,0
1492-2,6,81,ferrones,-19,44,1,337,10,0,0,0,9,23,0,0,0,0,,0,0
1492-2,6,82,ferrones,-19,44,1,347,8,0,0,0,9,23,0,0,0,0,,0,0
1492-2,6,83,ferrones,-19,44,1,357,16,0,0,0,19,33,0,0,0,0,,0,0
1492-2,6,84,ferrones,-19,44,1,367,24,0,0,0,19,33,0,0,0,0,,0,0
1492-2,6,85,ferrones,-18,46,1,398,35,0,0,0,19,33,0,0,0,0,1,3,0
1492-2,6,86,ferrones,-18,48,1,408,42,0,0,0,19,33,0,0,0,0,,0,0
1492-2,6,87,ferrones,-17,50,1,418,48,0,0,0,19,33,0,0,0,0,,0,0
1492-2,6,88,ferrones,-17,52,1,430,53,0,0,0,19,35,0,0,0,0,,0,0
1492-2,6,89,ferrones,-17,52,1,442,50,0,0,0,12,28,0,0,0,0,,0,0
1492-2,6,90,ferrones,-17,52,1,454,48,0,0,0,12,28,0,0,0,0,,0,0
1492-2,6,91,ferrones,-17,50,1,467,40,0,0,0,12,28,0,0,0,0,1,4,0
1492-2,6,92,ferrones,-17,50,1,479,39,0,0,0,12,28,0,0,0,0,,0,0
1492-2,6,93,ferrones,-17,50,1,491,38,0,0,0,12,28,0,0,0,0,,0,0
1492-2,6,94,ferrones,-17,50,1,503,37,0,0,0,12,28,0,0,0,0,,0,0
1492-2,6,95,ferrones,-17,50,1,515,31,0,0,0,7,23,0,0,0,0,,0,0
1492-2,6,96,ferrones,-17,50,1,523,25,0,0,0,7,19,0,0,0,0,,0,0
1492-2,6,97,ferrones,-17,50,1,552,24,0,0,0,7,19,0,0,0,0,1,3,0
1492-2,6,98,ferrones,-17,50,1,560,19,0,0,0,7,19,0,0,0,0,,0,0
1492-2,6,99,ferrones,-17,50,1,568,14,0,0,0,7,19,0,0,0,0,,0,0
1492-2,6,100,ferrones,-17,50,1,576,9,0,0,0,7,19,0,0,0,0,,0,0
1492-2,6,101,ferrones,-17,50,1,584,6,0,0,0,9,21,0,0,0,0,,0,0
1492-2,6,102,ferrones,-17,50,1,596,3,0,0,0,9,25,0,0,0,0,,0,0
1492-2,6,103,ferrones,-17,50,1,629,4,0,0,0,9,25,0,0,0,0,1,3,0
1492-2,6,104,ferrones,-17,50,1,641,1,0,0,0,9,25,0,0,0,0,,0,0
1492-2,6,105,ferrones,-18,50,1,653,0,0,0,0,9,25,1,0,0,0,,0,0
1492-2,6,106,ferrones,-19,50,1,665,0,0,0,0,9,25,1,0,0,0,,0,0
1492-2,6,107,ferrones,-19,50,1,677,7,0,0,0,19,35,0,0,0,0,,0,0
1492-2,6,108,ferrones,-19,50,1,689,14,0,0,0,19,35,0,0,0,0,,0,0
1492-2,6,109,ferrones,-19,50,1,722,25,0,0,0,19,35,0,0,0,0,1,3,0
1492-2,6,110,ferrones,-19,52,1,734,31,0,0,0,19,35,0,0,0,0,,0,0
1492-2,6,111,ferrones,-19,54,1,746,36,0,0,0,19,35,0,0,0,0,,0,0
1492-2,6,112,ferrones,-18,56,1,758,41,0,0,0,19,35,0,0,0,0,,0,0
1492-2,6,113,ferrones,-18,56,1,770,38,0,0,0,12,28,0,0,0,0,,0,0
1492-2,6,114,ferrones,-18,56,1,782,35,0,0,0,12,28,0,0,0,0,,0,0
1492-2,6,115,ferrones,-18,56,1,815,36,0,0,0,12,28,0,0,0,0,1,3,0
1492-2,6,116,ferrones,-18,56,1,827,33,0,0,0,12,28,0,0,0,0,,0,0
1492-2,6,117,ferrones,-18,56,1,839,30,0,0,0,12,28,0,0,0,0,,0,0
1492-2,6,118,ferrones,-18,56,1,851,27,0,0,0,12,28,0,0,0,0,,0,0
1492-2,6,119,ferrones,-18,56,1,863,20,0,0,0,7,23,0,0,0,0,,0,0
1492-2,6,120,ferrones,-18,56,1,871,13,0,0,0,7,19,0,0,0,0,,0,0
1492-2,6,121,ferrones,-18,56,1,900,10,0,0,0,7,19,0,0,0,0,1,3,0
1492-2,6,122,ferrones,-18,56,1,908,3,0,0,0,7,19,0,0,0,0,,0,0
1492-2,6,123,ferrones,-19,56,1,916,0,0,0,0,7,19,1,0,0,0,,0,0
1492-2,6,124,ferrones,-20,56,1,924,0,0,0,0,7,19,1,0,0,0,,0,0
1492-2,6,125,ferrones,-21,55,1,932,0,0,0,0,9,21,1,0,0,0,,0,0
1492-2,6,126,ferrones,-23,54,1,944,0,0,0,0,9,25,1,0,0,0,,0,0
1492-2,6,127,ferrones,-24,53,1,977,4,0,0,0,9,25,1,0,0,0,1,3,0
1492-2,6,128,ferrones,-24,53,1,989,0,0,0,0,9,25,0,0,0,0,,0,0
1492-2,6,129,ferrones,-25,53,1,1001,0,0,0,0,9,25,1,0,0,0,,0,0
1492-2,6,130,ferrones,-26,53,1,1013,0,0,0,0,9,25,1,0,0,0,,0,0
1492-2,6,131,ferrones,-26,53,1,1025,6,0,0,0,19,35,0,0,0,0,,0,0
1492-2,6,132,ferrones,-26,53,1,1037,12,0,0,0,19,35,0,0,0,0,,0,0
1492-2,6,133,ferrones,-26,53,1,1070,22,0,0,0,19,35,0,0,0,0,1,3,0
1492-2,6,134,ferrones,-26,53,1,1082,27,0,0,0,19,35,0,0,0,0,,0,0
1492-2,6,135,ferrones,-25,55,1,1094,32,0,0,0,19,35,0,0,0,0,,0,0
1492-2,6,136,ferrones,-25,57,1,1106,37,0,0,0,19,35,0,0,0,0,,0,0
1492-2,6,137,ferrones,-25,57,1,1118,34,0,0,0,12,28,0,0,0,0,,0,0
1492-2,6,138,ferrones,-25,57,1,1130,31,0,0,0,12,28,0,0,0,0,,0,0
1492-2,6,139,ferrones,-25,57,1,1163,32,0,0,0,12,28,0,0,0,0,1,3,0
1492-2,6,140,ferrones,-25,57,1,1175,29,0,0,0,12,28,0,0,0,0,,0,0
1492-2,6,141,ferrones,-25,57,1,1187,26,0,0,0,12,28,0,0,0,0,,0,0
1492-2,6,142,ferrones,-25,57,1,1199,24,0,0,0,12,28,0,0,0,0,,0,0
1492-2,6,143,ferrones,-25,57,1,1211,17,0,0,0,7,23,0,0,0,0,,0,0
1492-2,6,144,ferrones,-25,57,1,1219,10,0,0,0,7,19,0,0,0,0,,0,0
1492-2,6,145,ferrones,-25,57,1,1248,7,0,0,0,7,19,0,0,0,0,1,3,0
1492-2,6,146,ferrones,-25,57,1,1256,0,0,0,0,7,19,0,0,0,0,,0,0
1492-2,6,147,ferrones,-26,57,1,1264,0,0,0,0,7,19,1,0,0,0,,0,0
1492-2,6,148,ferrones,-27,57,1,1272,0,0,0,0,7,19,1,0,0,0,,0,0
1492-2,6,149,ferrones,-28,56,1,1280,0,0,0,0,9,21,1,0,0,0,,0,0
1492-2,6,150,ferrones,-29,55,1,1292,0,0,0,0,9,25,1,0,0,0,,0,0
1492-2,6,151,ferrones,-31,54,1,1325,4,0,0,0,9,25,1,0,0,0,1,4,0
1492-2,6,152,ferrones,-31,54,1,1337,0,0,0,0,9,25,0,0,0,0,,0,0
1492-2,6,153,ferrones,-32,54,1,1349,0,0,0,0,9,25,1,0,0,0,,0,0
1492-2,6,154,ferrones,-33,54,1,1361,0,0,0,0,9,25,1,0,0,0,,0,0
1492-2,6,155,ferrones,-33,54,1,1373,6,0,0,0,19,35,0,0,0,0,,0,0
1492-2,6,156,ferrones,-33,54,1,1385,12,0,0,0,19,35,0,0,0,0,,0,0
1492-2,6,157,ferrones,-33,54,1,1418,22,0,0,0,19,35,0,0,0,0,1,3,0
1492-2,6,158,ferrones,-33,54,1,1430,27,0,0,0,19,35,0,0,0,0,,0,0
1492-2,6,159,ferrones,-32,56,1,1442,32,0,0,0,19,35,0,0,0,0,,0,0
1492-2,6,160,ferrones,-32,58,1,1454,36,0,0,0,19,35,0,0,0,0,,0,0
1492-2,6,161,ferrones,-32,58,1,1466,33,0,0,0,12,28,0,0,0,0,,0,0
1492-2,6,162,ferrones,-32,58,1,1478,30,0,0,0,12,28,0,0,0,0,,0,0
1492-2,6,163,ferrones,-32,58,1,1511,31,0,0,0,12,28,0,0,0,0,1,3,0
1492-2,6,164,ferrones,-32,58,1,1523,28,0,0,0,12,28,0,0,0,0,,0,0
1492-2,6,165,ferrones,-32,58,1,1535,25,0,0,0,12,28,0,0,0,0,,0,0
1492-2,6,166,ferrones,-32,58,1,1547,23,0,0,0,12,28,0,0,0,0,,0,0
1492-2,6,167,ferrones,-32,58,1,1559,16,0,0,0,7,23,0,0,0,0,,0,0
1492-2,6,168,ferrones,-32,58,1,1567,9,0,0,0,7,19,0,0,0,0,,0,0
1492-2,6,169,ferrones,-32,58,1,1596,6,0,0,0,7,19,0,0,0,0,1,3,0
1492-2,6,170,ferrones,-33,58,1,1604,0,0,0,0,7,19,1,0,0,0,,0,0
1492-2,6,171,ferrones,-34,58,1,1612,0,0,0,0,7,19,1,0,0,0,,0,0
1492-2,6,172,ferrones,-35,57,1,1620,0,0,0,0,7,19,1,0,0,0,,0,0
1492-2,6,173,ferrones,-36,56,1,1628,0,0,0,0,9,21,1,0,0,0,,0,0
1492-2,6,174,ferrones,-37,55,1,1640,0,0,0,0,9,25,1,0,0,0,,0,0
1492-2,6,175,ferrones,-39,54,1,1673,4,0,0,0,9,25,1,0,0,0,1,3,0
1492-2,6,176,ferrones,-39,54,1,1685,0,0,0,0,9,25,0,0,0,0,,0,0
1492-2,6,177,ferrones,-40,54,1,1697,0,0,0,0,9,25,1,0,0,0,,0,0
1492-2,6,178,ferrones,-41,54,1,1709,0,0,0,0,9,25,1,0,0,0,,0,0
1492-2,6,179,ferrones,-41,54,1,1721,6,0,0,0,19,35,0,0,0,0,,0,0
1492-2,6,180,ferrones,-41,54,1,1733,12,0,0,0,19,35,0,0,0,0,,0,0
1492-2,6,181,ferrones,-41,54,1,1766,22,0,0,0,19,35,0,0,0,0,1,3,0
1492-2,6,182,ferrones,-41,54,1,1778,27,0,0,0,19,35,0,0,0,0,,0,0
1492-2,6,183,ferrones,-40,56,1,1790,32,0,0,0,19,35,0,0,0,0,,0,0
1492-2,6,184,ferrones,-40,58,1,1802,36,0,0,0,19,35,0,0,0,0,,0,0
1492-2,6,185,ferrones,-40,58,1,1814,33,0,0,0,12,28,0,0,0,0,,0,0
1492-2,6,186,ferrones,-40,58,1,1826,30,0,0,0,12,28,0,0,0,0,,0,0
1492-2,6,187,ferrones,-40,58,1,1859,31,0,0,0,12,28,0,0,0,0,1,3,0
1492-2,6,188,ferrones,-40,58,1,1871,28,0,0,0,12,28,0,0,0,0,,0,0
1492-2,6,189,ferrones,-40,58,1,1883,25,0,0,0,12,28,0,0,0,0,,0,0
1492-2,6,190,ferrones,-40,58,1,1895,23,0,0,0,12,28,0,0,0,0,,0,0
1492-2,6,191,ferrones,-40,58,1,1907,16,0,0,0,7,23,0,0,0,0,,0,0
1492-2,6,192,ferrones,-40,58,1,1915,9,0,0,0,7,19,0,0,0,0,,0,0
1492-2,6,193,ferrones,-40,58,1,1944,6,0,0,0,7,19,0,0,0,0,1,3,0
1492-2,6,194,ferrones,-41,58,1,1952,0,0,0,0,7,19,1,0,0,0,,0,0
1492-2,6,195,ferrones,-42,58,1,1960,0,0,0,0,7,19,1,0,0,0,,0,0
1492-2,6,196,ferrones,-43,57,1,1968,0,0,0,0,7,19,1,0,0,0,,0,0
1492-2,6,197,ferrones,-44,56,1,1976,0,0,0,0,9,21,1,0,0,0,,0,0
1492-2,6,198,ferrones,-45,55,1,1988,0,0,0,0,9,25,1,0,0,0,,0,0
1492-2,6,199,ferrones,-47,54,1,2021,4,0,0,0,9,25,1,0,0,0,1,3,0
1492-2,6,200,ferrones,-47,54,1,2033,0,0,0,0,9,25,0,0,0,0,,0,0
1492-2,6,1,hortelanos,38,76,1,37,63,0,0,0,15,31,0,0,0,0,1,4,0
1492-2,6,2,hortelanos,38,76,1,40,55,0,0,0,15,22,0,0,0,0,,0,0
1492-2,6,3,hortelanos,38,76,1,43,48,0,0,0,15,22,0,1,0,0,,0,0
1492-2,6,4,hortelanos,38,76,1,46,53,0,0,0,26,33,0,0,0,0,,0,0
1492-2,6,5,hortelanos,38,76,1,49,63,0,0,0,31,38,0,0,0,0,,0,0
1492-2,6,6,hortelanos,38,76,1,59,72,0,0,0,31,45,0,0,0,0,,0,0
1492-2,6,7,hortelanos,37,72,1,39,58,0,0,0,31,45,0,0,0,0,1,5,0
1492-2,6,8,hortelanos,100,72,1,49,67,0,0,0,31,45,0,1,0,1,,0,0
1492-2,6,9,hortelanos,100,72,1,59,82,0,0,0,36,50,0,0,0,1,,0,0
1492-2,6,10,hortelanos,115,72,1,69,96,0,0,0,36,50,0,0,0,2,,0,0
1492-2,6,11,hortelanos,115,72,1,79,110,0,0,0,36,50,0,0,0,2,,0,0
1492-2,6,12,hortelanos,115,72,1,89,123,0,0,0,36,50,0,0,0,2,,0,0
1492-2,6,13,hortelanos,114,68,1,64,126,0,0,0,36,50,0,0,0,2,1,4,0
1492-2,6,14,hortelanos,114,68,1,72,138,0,0,0,36,48,0,1,0,2,,0,0
1492-2,6,15,hortelanos,114,68,1,80,162,0,0,0,47,59,0,0,0,2,,0,0
1492-2,6,16,hortelanos,117,68,1,88,185,0,0,0,47,59,0,0,0,2,,0,0
1492-2,6,17,hortelanos,117,68,1,96,207,0,0,0,47,59,0,0,0,2,,0,0
1492-2,6,18,hortelanos,117,68,1,104,228,0,0,0,47,59,0,0,0,2,,0,0
1492-2,6,19,hortelanos,117,68,1,112,234,0,0,0,47,59,0,0,0,2,1,5,0
1492-2,6,20,hortelanos,120,68,1,120,254,0,0,0,47,59,0,0,0,2,,0,0
1492-2,6,21,hortelanos,120,68,1,128,273,0,0,0,47,59,0,0,0,2,,0,0
1492-2,6,22,hortelanos,120,68,1,136,291,0,0,0,47,59,0,0,0,2,,0,0
1492-2,6,23,hortelanos,120,68,1,144,309,0,0,0,47,59,0,0,0,2,,0,0
1492-2,6,24,hortelanos,120,68,1,146,326,0,0,0,47,53,0,0,0,2,,0,0
1492-2,6,25,hortelanos,120,68,1,98,342,0,0,0,47,53,0,0,0,2,1,5,0
1492-2,6,26,hortelanos,123,68,1,100,358,0,0,0,47,53,0,0,0,2,,0,0
1492-2,6,27,hortelanos,123,68,1,102,373,0,0,0,47,53,0,0,0,2,,0,0
1492-2,6,28,hortelanos,123,68,1,104,387,0,0,0,47,53,0,0,0,2,,0,0
1492-2,6,29,hortelanos,123,68,1,106,401,0,0,0,47,53,0,0,0,2,,0,0
1492-2,6,30,hortelanos,123,68,1,114,414,0,0,0,47,59,0,0,0,2,,0,0
1492-2,6,31,hortelanos,123,68,1,72,415,0,0,0,47,59,0,0,0,2,1,6,0
1492-2,6,32,hortelanos,123,68,1,80,428,0,0,0,47,59,0,0,0,2,,0,0
1492-2,6,33,hortelanos,123,68,1,88,440,0,0,0,47,59,0,0,0,2,,0,0
1492-2,6,34,hortelanos,123,68,1,96,452,0,0,0,47,59,0,0,0,2,,0,0
1492-2,6,35,hortelanos,126,68,1,104,463,0,0,0,47,59,0,0,0,2,,0,0
1492-2,6,36,hortelanos,126,68,1,112,474,0,0,0,47,59,0,0,0,2,,0,0
1492-2,6,37,hortelanos,126,68,1,70,484,0,0,0,47,59,0,0,0,2,1,5,0
1492-2,6,38,hortelanos,126,68,1,78,494,0,0,0,47,59,0,0,0,2,,0,0
1492-2,6,39,hortelanos,126,68,1,86,504,0,0,0,47,59,0,0,0,2,,0,0
1492-2,6,40,hortelanos,126,68,1,94,513,0,0,0,47,59,0,0,0,2,,0,0
1492-2,6,41,hortelanos,126,68,1,102,522,0,0,0,47,59,0,0,0,2,,0,0
1492-2,6,42,hortelanos,126,68,1,110,530,0,0,0,47,59,0,0,0,2,,0,0
1492-2,6,43,hortelanos,126,68,1,68,528,0,0,0,47,59,0,0,0,2,1,4,0
1492-2,6,44,hortelanos,126,68,1,76,536,0,0,0,47,59,0,0,0,2,,0,0
1492-2,6,45,hortelanos,126,68,1,84,544,0,0,0,47,59,0,0,0,2,,0,0
1492-2,6,46,hortelanos,126,68,1,92,552,0,0,0,47,59,0,0,0,2,,0,0
1492-2,6,47,hortelanos,126,68,1,100,559,0,0,0,47,59,0,0,0,2,,0,0
1492-2,6,48,hortelanos,126,68,1,102,566,0,0,0,47,53,0,0,0,2,,0,0
1492-2,6,49,hortelanos,126,68,1,104,573,0,0,0,47,53,0,0,0,2,1,2,0
1492-2,6,50,hortelanos,126,68,1,106,579,0,0,0,47,53,0,0,0,2,,0,0
1492-2,6,51,hortelanos,126,68,1,108,585,0,0,0,47,53,0,0,0,2,,0,0
1492-2,6,52,hortelanos,126,68,1,110,591,0,0,0,47,53,0,0,0,2,,0,0
1492-2,6,53,hortelanos,126,68,1,112,597,0,0,0,47,53,0,0,0,2,,0,0
1492-2,6,54,hortelanos,126,68,1,120,602,0,0,0,47,59,0,0,0,2,,0,0
1492-2,6,55,hortelanos,126,68,1,78,599,0,0,0,47,59,0,0,0,2,1,4,0
1492-2,6,56,hortelanos,126,68,1,86,604,0,0,0,47,59,0,0,0,2,,0,0
1492-2,6,57,hortelanos,126,68,1,94,609,0,0,0,47,59,0,0,0,2,,0,0
1492-2,6,58,hortelanos,126,68,1,102,614,0,0,0,47,59,0,0,0,2,,0,0
1492-2,6,59,hortelanos,126,68,1,110,619,0,0,0,47,59,0,0,0,2,,0,0
1492-2,6,60,hortelanos,126,68,1,118,624,0,0,0,47,59,0,0,0,2,,0,0
1492-2,6,61,hortelanos,126,68,1,76,628,0,0,0,47,59,0,0,0,2,1,3,0
1492-2,6,62,hortelanos,126,68,1,84,632,0,0,0,47,59,0,0,0,2,,0,0
1492-2,6,63,hortelanos,126,68,1,92,636,0,0,0,47,59,0,0,0,2,,0,0
1492-2,6,64,hortelanos,126,68,1,100,640,0,0,0,47,59,0,0,0,2,,0,0
1492-2,6,65,hortelanos,126,68,1,108,644,0,0,0,47,59,0,0,0,2,,0,0
1492-2,6,66,hortelanos,126,68,1,116,648,0,0,0,47,59,0,0,0,2,,0,0
1492-2,6,67,hortelanos,126,68,1,74,645,0,0,0,47,59,0,0,0,2,1,4,0
1492-2,6,68,hortelanos,126,68,1,82,648,0,0,0,47,59,0,0,0,2,,0,0
1492-2,6,69,hortelanos,126,68,1,90,651,0,0,0,47,59,0,0,0,2,,0,0
1492-2,6,70,hortelanos,126,68,1,98,654,0,0,0,47,59,0,0,0,2,,0,0
1492-2,6,71,hortelanos,126,68,1,106,657,0,0,0,47,59,0,0,0,2,,0,0
1492-2,6,72,hortelanos,126,68,1,108,660,0,0,0,47,53,0,0,0,2,,0,0
1492-2,6,73,hortelanos,126,68,1,80,624,0,0,0,47,53,0,0,0,2,1,3,0
1492-2,6,74,hortelanos,126,68,1,82,628,0,0,0,47,53,0,0,0,2,,0,0
1492-2,6,75,hortelanos,180,138,2,84,632,0,0,0,47,53,0,0,0,3,,0,0
1492-2,6,76,hortelanos,180,138,2,93,620,0,0,0,47,67,0,0,0,3,,0,0
1492-2,6,77,hortelanos,180,138,2,102,608,0,0,0,47,67,0,0,0,3,,0,0
1492-2,6,78,hortelanos,180,138,2,117,597,0,0,0,47,73,0,0,0,3,,0,0
1492-2,6,79,hortelanos,180,138,2,67,574,0,0,0,47,73,0,0,0,3,1,8,0
1492-2,6,80,hortelanos,180,138,2,82,562,0,0,0,47,73,0,1,0,3,,0,0
1492-2,6,81,hortelanos,180,138,2,97,562,0,0,0,57,83,0,0,0,3,,0,0
1492-2,6,82,hortelanos,180,138,2,112,562,0,0,0,57,83,0,0,0,3,,0,0
1492-2,6,83,hortelanos,183,138,2,127,562,0,0,0,57,83,0,0,0,3,,0,0
1492-2,6,84,hortelanos,183,138,2,142,562,0,0,0,57,83,0,0,0,3,,0,0
1492-2,6,85,hortelanos,183,138,2,92,562,0,0,0,57,83,0,0,0,3,1,6,0
1492-2,6,86,hortelanos,183,138,2,107,560,0,0,0,57,83,0,1,0,3,,0,0
1492-2,6,87,hortelanos,183,138,2,122,570,0,0,0,67,93,0,0,0,3,,0,0
1492-2,6,88,hortelanos,183,138,2,137,579,0,0,0,67,93,0,0,0,3,,0,0
1492-2,6,89,hortelanos,183,138,2,152,588,0,0,0,67,93,0,0,0,3,,0,0
1492-2,6,90,hortelanos,183,138,2,167,597,0,0,0,67,93,0,0,0,3,,0,0
1492-2,6,91,hortelanos,183,138,2,132,601,0,0,0,67,93,0,0,0,3,1,4,0
1492-2,6,92,hortelanos,183,138,2,147,609,0,0,0,67,93,0,0,0,3,,0,0
1492-2,6,93,hortelanos,183,138,2,162,617,0,0,0,67,93,0,0,0,3,,0,0
1492-2,6,94,hortelanos,183,138,2,177,624,0,0,0,67,93,0,0,0,3,,0,0
1492-2,6,95,hortelanos,183,138,2,192,631,0,0,0,67,93,0,0,0,3,,0,0
1492-2,6,96,hortelanos,183,138,2,201,638,0,0,0,67,87,0,0,0,3,,0,0
1492-2,6,97,hortelanos,183,138,2,160,645,0,0,0,67,87,0,0,0,3,1,3,0
1492-2,6,98,hortelanos,183,138,2,169,651,0,0,0,67,87,0,0,0,3,,0,0
1492-2,6,99,hortelanos,183,138,2,178,657,0,0,0,67,87,0,0,0,3,,0,0
1492-2,6,100,hortelanos,183,138,2,187,663,0,0,0,67,87,0,0,0,3,,0,0
1492-2,6,101,hortelanos,183,138,2,196,669,0,0,0,67,87,0,0,0,3,,0,0
1492-2,6,102,hortelanos,183,138,2,211,674,0,0,0,67,93,0,0,0,3,,0,0
1492-2,6,103,hortelanos,183,138,2,176,675,0,0,0,67,93,0,0,0,3,1,3,0
1492-2,6,104,hortelanos,183,138,2,191,680,0,0,0,67,93,0,0,0,3,,0,0
1492-2,6,105,hortelanos,183,138,2,206,685,0,0,0,67,93,0,0,0,3,,0,0
1492-2,6,106,hortelanos,183,138,2,221,690,0,0,0,67,93,0,0,0,3,,0,0
1492-2,6,107,hortelanos,183,138,2,236,695,0,0,0,67,93,0,0,0,3,,0,0
1492-2,6,108,hortelanos,183,138,2,251,699,0,0,0,67,93,0,0,0,3,,0,0
1492-2,6,109,hortelanos,183,138,2,216,703,0,0,0,67,93,0,0,0,3,1,3,0
1492-2,6,110,hortelanos,183,138,2,231,707,0,0,0,67,93,0,0,0,3,,0,0
1492-2,6,111,hortelanos,183,138,2,246,711,0,0,0,67,93,0,0,0,3,,0,0
1492-2,6,112,hortelanos,183,138,2,261,715,0,0,0,67,93,0,0,0,3,,0,0
1492-2,6,113,hortelanos,183,138,2,276,719,0,0,0,67,93,0,0,0,3,,0,0
1492-2,6,114,hortelanos,183,138,2,291,722,0,0,0,67,93,0,0,0,3,,0,0
1492-2,6,115,hortelanos,183,138,2,256,721,0,0,0,67,93,0,0,0,3,1,3,0
1492-2,6,116,hortelanos,183,138,2,271,724,0,0,0,67,93,0,0,0,3,,0,0
1492-2,6,117,hortelanos,183,138,2,286,727,0,0,0,67,93,0,0,0,3,,0,0
1492-2,6,118,hortelanos,183,138,2,301,730,0,0,0,67,93,0,0,0,3,,0,0
1492-2,6,119,hortelanos,183,138,2,316,733,0,0,0,67,93,0,0,0,3,,0,0
1492-2,6,120,hortelanos,183,138,2,325,736,0,0,0,67,87,0,0,0,3,,0,0
1492-2,6,121,hortelanos,183,138,2,284,739,0,0,0,67,87,0,0,0,3,1,3,0
1492-2,6,122,hortelanos,183,138,2,293,742,0,0,0,67,87,0,0,0,3,,0,0
1492-2,6,123,hortelanos,183,138,2,302,744,0,0,0,67,87,0,0,0,3,,0,0
1492-2,6,124,hortelanos,183,138,2,311,746,0,0,0,67,87,0,0,0,3,,0,0
1492-2,6,125,hortelanos,183,138,2,320,751,0,0,0,70,90,0,0,0,3,,0,0
1492-2,6,126,hortelanos,183,138,2,335,756,0,0,0,70,96,0,0,0,3,,0,0
1492-2,6,127,hortelanos,183,138,2,300,757,0,0,0,70,96,0,0,0,3,1,3,0
1492-2,6,128,hortelanos,183,138,2,315,762,0,0,0,70,96,0,0,0,3,,0,0
1492-2,6,129,hortelanos,183,138,2,330,767,0,0,0,70,96,0,0,0,3,,0,0
1492-2,6,130,hortelanos,183,138,2,345,771,0,0,0,70,96,0,0,0,3,,0,0
1492-2,6,131,hortelanos,183,138,2,360,772,0,0,0,67,93,0,0,0,3,,0,0
1492-2,6,132,hortelanos,183,138,2,375,773,0,0,0,67,93,0,0,0,3,,0,0
1492-2,6,133,hortelanos,183,138,2,340,774,0,0,0,67,93,0,0,0,3,1,3,0
1492-2,6,134,hortelanos,183,138,2,355,775,0,0,0,67,93,0,0,0,3,,0,0
1492-2,6,135,hortelanos,183,138,2,370,776,0,0,0,67,93,0,0,0,3,,0,0
1492-2,6,136,hortelanos,183,138,2,385,777,0,0,0,67,93,0,0,0,3,,0,0
1492-2,6,137,hortelanos,183,138,2,400,778,0,0,0,67,93,0,0,0,3,,0,0
1492-2,6,138,hortelanos,183,138,2,415,779,0,0,0,67,93,0,0,0,3,,0,0
1492-2,6,139,hortelanos,183,138,2,380,776,0,0,0,67,93,0,0,0,3,1,3,0
1492-2,6,140,hortelanos,183,138,2,395,777,0,0,0,67,93,0,0,0,3,,0,0
1492-2,6,141,hortelanos,183,138,2,410,778,0,0,0,67,93,0,0,0,3,,0,0
1492-2,6,142,hortelanos,183,138,2,425,779,0,0,0,67,93,0,0,0,3,,0,0
1492-2,6,143,hortelanos,183,138,2,440,780,0,0,0,67,93,0,0,0,3,,0,0
1492-2,6,144,hortelanos,183,138,2,449,781,0,0,0,67,87,0,0,0,3,,0,0
1492-2,6,145,hortelanos,183,138,2,408,782,0,0,0,67,87,0,0,0,3,1,3,0
1492-2,6,146,hortelanos,183,138,2,417,783,0,0,0,67,87,0,0,0,3,,0,0
1492-2,6,147,hortelanos,183,138,2,426,784,0,0,0,67,87,0,0,0,3,,0,0
1492-2,6,148,hortelanos,183,138,2,435,785,0,0,0,67,87,0,0,0,3,,0,0
1492-2,6,149,hortelanos,183,138,2,444,786,0,0,0,67,87,0,0,0,3,,0,0
1492-2,6,150,hortelanos,183,138,2,459,787,0,0,0,67,93,0,0,0,3,,0,0
1492-2,6,151,hortelanos,183,138,2,424,784,0,0,0,67,93,0,0,0,3,1,4,0
1492-2,6,152,hortelanos,183,138,2,439,798,0,0,0,81,107,0,0,0,3,,0,0
1492-2,6,153,hortelanos,183,138,2,454,812,0,0,0,81,107,0,0,0,3,,0,0
1492-2,6,154,hortelanos,183,138,2,469,825,0,0,0,81,107,0,0,0,3,,0,0
1492-2,6,155,hortelanos,183,138,2,484,838,0,0,0,81,107,0,0,0,3,,0,0
1492-2,6,156,hortelanos,183,138,2,499,850,0,0,0,81,107,0,0,0,3,,0,0
1492-2,6,157,hortelanos,183,138,2,464,862,0,0,0,81,107,0,0,0,3,1,3,0
1492-2,6,158,hortelanos,183,138,2,479,873,0,0,0,81,107,0,0,0,3,,0,0
1492-2,6,159,hortelanos,183,138,2,494,884,0,0,0,81,107,0,0,0,3,,0,0
1492-2,6,160,hortelanos,183,138,2,509,894,0,0,0,81,107,0,0,0,3,,0,0
1492-2,6,161,hortelanos,183,138,2,524,904,0,0,0,81,107,0,0,0,3,,0,0
1492-2,6,162,hortelanos,183,138,2,539,913,0,0,0,81,107,0,0,0,3,,0,0
1492-2,6,163,hortelanos,183,138,2,524,880,0,0,0,81,107,0,0,0,3,1,3,0
1492-2,6,164,hortelanos,183,138,2,539,890,0,0,0,81,107,0,0,0,3,,0,0
1492-2,6,165,hortelanos,245,198,3,554,900,0,0,0,81,107,0,0,0,4,,0,0
1492-2,6,166,hortelanos,245,198,3,569,895,0,0,0,81,119,0,0,0,4,,0,0
1492-2,6,167,hortelanos,245,198,3,584,890,0,0,0,81,119,0,0,0,4,,0,0
1492-2,6,168,hortelanos,245,198,3,593,886,0,0,0,81,113,0,0,0,4,,0,0
1492-2,6,169,hortelanos,245,198,3,557,839,0,0,0,81,113,0,0,0,4,1,5,0
1492-2,6,170,hortelanos,245,198,3,566,850,0,0,0,97,129,0,0,0,4,,0,0
1492-2,6,171,hortelanos,278,263,4,575,861,0,0,0,97,129,0,1,0,4,,0,0
1492-2,6,172,hortelanos,278,263,4,589,876,0,0,0,116,160,0,0,0,4,,0,0
1492-2,6,173,hortelanos,278,263,4,603,890,0,0,0,116,160,0,0,0,4,,0,0
1492-2,6,174,hortelanos,278,263,4,623,904,0,0,0,116,166,0,0,0,4,,0,0
1492-2,6,175,hortelanos,278,263,4,593,913,0,0,0,116,166,0,0,0,4,1,5,0
1492-2,6,176,hortelanos,278,263,4,613,926,0,0,0,116,166,0,0,0,4,,0,0
1492-2,6,177,hortelanos,278,263,4,633,938,0,0,0,116,166,0,0,0,4,,0,0
1492-2,6,178,hortelanos,278,263,4,653,950,0,0,0,116,166,0,0,0,4,,0,0
1492-2,6,179,hortelanos,278,263,4,673,961,0,0,0,116,166,0,0,0,4,,0,0
1492-2,6,180,hortelanos,278,263,4,693,972,0,0,0,116,166,0,0,0,4,,0,0
1492-2,6,181,hortelanos,278,263,4,663,983,0,0,0,116,166,0,0,0,4,1,3,0
1492-2,6,182,hortelanos,278,263,4,683,993,0,0,0,116,166,0,0,0,4,,0,0
1492-2,6,183,hortelanos,278,263,4,703,1003,0,0,0,116,166,0,0,0,4,,0,0
1492-2,6,184,hortelanos,278,263,4,723,1012,0,0,0,116,166,0,0,0,4,,0,0
1492-2,6,185,hortelanos,278,263,4,743,1021,0,0,0,116,166,0,0,0,4,,0,0
1492-2,6,186,hortelanos,278,263,4,763,1030,0,0,0,116,166,0,0,0,4,,0,0
1492-2,6,187,hortelanos,278,263,4,733,1034,0,0,0,116,166,0,0,0,4,1,3,0
1492-2,6,188,hortelanos,278,263,4,753,1042,0,0,0,116,166,0,0,0,4,,0,0
1492-2,6,189,hortelanos,278,263,4,773,1050,0,0,0,116,166,0,0,0,4,,0,0
1492-2,6,190,hortelanos,278,263,4,793,1057,0,0,0,116,166,0,0,0,4,,0,0
1492-2,6,191,hortelanos,278,263,4,813,1064,0,0,0,116,166,0,0,0,4,,0,0
1492-2,6,192,hortelanos,278,263,4,827,1071,0,0,0,116,160,0,0,0,4,,0,0
1492-2,6,193,hortelanos,278,263,4,841,1078,0,0,0,116,160,0,0,0,4,1,3,0
1492-2,6,194,hortelanos,278,263,4,849,1084,0,0,0,116,152,0,0,0,4,,0,0
1492-2,6,195,hortelanos,278,263,4,857,1090,0,0,0,116,152,0,0,0,4,,0,0
1492-2,6,196,hortelanos,278,263,4,865,1096,0,0,0,116,152,0,0,0,4,,0,0
1492-2,6,197,hortelanos,278,263,4,873,1102,0,0,0,116,152,0,0,0,4,,0,0
1492-2,6,198,hortelanos,278,263,4,887,1107,0,0,0,116,158,0,0,0,4,,0,0
1492-2,6,199,hortelanos,278,263,4,871,1070,0,0,0,116,158,0,0,0,4,1,3,0
1492-2,6,200,hortelanos,278,263,4,885,1077,0,0,0,116,158,0,0,0,4,,0,0
1492-2,6,1,mercaderes,46,116,1,40,51,0,0,0,13,37,0,0,0,0,1,4,0
1492-2,6,2,mercaderes,46,116,1,47,32,0,0,0,13,24,0,0,0,0,,0,0
1492-2,6,3,mercaderes,46,116,1,54,14,0,0,0,13,24,0,0,0,0,,0,0
1492-2,6,4,mercaderes,45,116,1,61,0,0,0,0,13,24,1,0,0,0,,0,0
1492-2,6,5,mercaderes,44,116,1,68,0,0,0,0,18,29,1,1,0,0,,0,0
1492-2,6,6,mercaderes,42,113,1,94,0,0,0,0,18,48,1,0,0,0,,0,0
1492-2,6,7,mercaderes,41,110,1,86,0,0,0,0,18,48,1,0,0,0,1,5,0
1492-2,6,8,mercaderes,39,107,1,112,0,0,0,0,18,48,1,0,0,0,,0,0
1492-2,6,9,mercaderes,37,104,1,136,0,0,0,0,18,46,1,0,0,0,,0,0
1492-2,6,10,mercaderes,36,101,1,160,0,0,0,0,16,44,1,0,0,0,,0,0
1492-2,6,11,mercaderes,36,101,1,174,7,0,0,0,32,60,0,0,0,0,,0,0
1492-2,6,12,mercaderes,36,101,1,198,12,0,0,0,32,60,0,1,0,0,,0,0
1492-2,6,13,mercaderes,36,101,1,119,37,0,0,0,48,76,0,0,0,0,1,2,0
1492-2,6,14,mercaderes,36,101,1,143,58,0,0,0,48,76,0,0,0,0,,0,0
1492-2,6,15,mercaderes,36,101,1,167,78,0,0,0,48,76,0,0,0,0,,0,0
1492-2,6,16,mercaderes,36,101,1,191,97,0,0,0,48,76,0,0,0,0,,0,0
1492-2,6,17,mercaderes,51,101,1,215,98,0,0,0,30,58,0,0,0,1,,0,0
1492-2,6,18,mercaderes,51,101,1,239,99,0,0,0,30,58,0,0,0,1,,0,0
1492-2,6,19,mercaderes,50,97,1,211,101,0,0,0,30,58,0,0,0,1,1,3,0
1492-2,6,20,mercaderes,50,97,1,233,103,0,0,0,30,56,0,0,0,1,,0,0
1492-2,6,21,mercaderes,50,97,1,255,105,0,0,0,30,56,0,0,0,1,,0,0
1492-2,6,22,mercaderes,50,97,1,277,107,0,0,0,30,56,0,0,0,1,,0,0
1492-2,6,23,mercaderes,50,97,1,299,99,0,0,0,20,46,0,0,0,1,,0,0
1492-2,6,24,mercaderes,50,97,1,312,92,0,0,0,20,37,0,0,0,1,,0,0
1492-2,6,25,mercaderes,49,93,1,273,73,0,0,0,20,37,0,0,0,1,1,6,0
1492-2,6,26,mercaderes,62,93,1,286,68,0,0,0,20,37,0,0,0,2,,0,0
1492-2,6,27,mercaderes,62,93,1,299,63,0,0,0,20,37,0,0,0,2,,0,0
1492-2,6,28,mercaderes,62,93,1,312,58,0,0,0,20,37,0,0,0,2,,0,0
1492-2,6,29,mercaderes,62,93,1,325,60,0,0,0,27,44,0,0,0,2,,0,0
1492-2,6,30,mercaderes,62,93,1,347,62,0,0,0,27,53,0,0,0,2,,0,0
1492-2,6,31,mercaderes,61,89,1,316,64,0,0,0,27,53,0,0,0,2,1,5,0
1492-2,6,32,mercaderes,64,89,1,336,67,0,0,0,27,51,0,0,0,2,,0,0
1492-2,6,33,mercaderes,64,89,1,356,70,0,0,0,27,51,0,0,0,2,,0,0
1492-2,6,34,mercaderes,64,89,1,376,72,0,0,0,27,51,0,0,0,2,,0,0
1492-2,6,35,mercaderes,64,89,1,396,100,0,0,0,54,78,0,0,0,2,,0,0
1492-2,6,36,mercaderes,64,89,1,416,127,0,0,0,54,78,0,0,0,2,,0,0
1492-2,6,37,mercaderes,64,85,1,383,154,0,0,0,54,78,0,0,0,2,1,5,0
1492-2,6,38,mercaderes,64,85,1,403,180,0,0,0,54,78,0,0,0,2,,0,0
1492-2,6,39,mercaderes,64,85,1,423,205,0,0,0,54,78,0,0,0,2,,0,0
1492-2,6,40,mercaderes,64,85,1,443,229,0,0,0,54,78,0,0,0,2,,0,0
1492-2,6,41,mercaderes,67,85,1,463,232,0,0,0,33,57,0,0,0,2,,0,0
1492-2,6,42,mercaderes,67,85,1,483,235,0,0,0,33,57,0,0,0,2,,0,0
1492-2,6,43,mercaderes,67,85,1,470,248,0,0,0,33,57,0,0,0,2,1,4,0
1492-2,6,44,mercaderes,67,85,1,490,250,0,0,0,33,57,0,0,0,2,,0,0
1492-2,6,45,mercaderes,67,85,1,510,252,0,0,0,33,57,0,0,0,2,,0,0
1492-2,6,46,mercaderes,67,85,1,530,254,0,0,0,33,57,0,0,0,2,,0,0
1492-2,6,47,mercaderes,70,85,1,550,243,0,0,0,20,44,0,0,0,2,,0,0
1492-2,6,48,mercaderes,70,85,1,562,233,0,0,0,20,36,0,0,0,2,,0,0
1492-2,6,49,mercaderes,70,85,1,482,209,0,0,0,20,36,0,0,0,2,1,8,0
1492-2,6,50,mercaderes,70,85,1,494,200,0,0,0,20,36,0,0,0,2,,0,0
1492-2,6,51,mercaderes,70,85,1,506,192,0,0,0,20,36,0,0,0,2,,0,0
1492-2,6,52,mercaderes,70,85,1,518,184,0,0,0,20,36,0,0,0,2,,0,0
1492-2,6,53,mercaderes,70,85,1,530,183,0,0,0,27,43,0,0,0,2,,0,0
1492-2,6,54,mercaderes,70,85,1,550,182,0,0,0,27,51,0,0,0,2,,0,0
1492-2,6,55,mercaderes,70,85,1,498,136,0,0,0,27,51,0,0,0,2,1,8,0
1492-2,6,56,mercaderes,70,85,1,518,137,0,0,0,27,51,0,0,0,2,,0,0
1492-2,6,57,mercaderes,120,120,2,538,138,0,0,0,27,51,0,0,0,3,,0,0
1492-2,6,58,mercaderes,120,120,2,555,130,0,0,0,27,57,0,0,0,3,,0,0
1492-2,6,59,mercaderes,120,121,2,572,148,0,0,0,54,84,0,0,0,3,,0,0
1492-2,6,60,mercaderes,120,122,2,589,166,0,0,0,54,84,0,0,0,3,,0,0
1492-2,6,61,mercaderes,120,123,2,533,183,0,0,0,54,84,0,0,0,3,1,5,0
1492-2,6,62,mercaderes,120,124,2,550,197,0,0,0,54,84,0,1,0,3,,0,0
1492-2,6,63,mercaderes,121,125,2,567,217,0,0,0,60,90,0,0,0,3,,0,0
1492-2,6,64,mercaderes,121,127,2,586,237,0,0,0,60,92,0,0,0,3,,0,0
1492-2,6,65,mercaderes,121,129,2,605,243,0,0,0,47,79,0,0,0,3,,0,0
1492-2,6,66,mercaderes,122,131,2,624,248,0,0,0,47,79,0,0,0,3,,0,0
1492-2,6,67,mercaderes,122,133,2,561,214,0,0,0,47,79,0,0,0,3,1,7,0
1492-2,6,68,mercaderes,123,135,2,580,217,0,0,0,47,79,0,0,0,3,,0,0
1492-2,6,69,mercaderes,183,189,3,601,220,0,0,0,47,81,0,1,0,4,,0,0
1492-2,6,70,mercaderes,184,191,3,633,212,0,0,0,47,99,0,0,0,4,,0,0
1492-2,6,71,mercaderes,184,191,3,665,180,0,0,0,22,74,0,0,0,4,,0,0
1492-2,6,72,mercaderes,184,191,3,689,149,0,0,0,22,66,0,0,0,4,,0,0
1492-2,6,73,mercaderes,184,191,3,631,53,0,0,0,22,66,0,0,0,4,1,10,0
1492-2,6,74,mercaderes,184,191,3,655,25,0,0,0,22,66,0,0,0,4,,0,0
1492-2,6,75,mercaderes,209,221,4,679,0,0,0,0,22,66,1,1,0,4,,0,0
1492-2,6,76,mercaderes,208,221,4,700,0,0,0,0,27,77,1,0,0,4,,0,0
1492-2,6,77,mercaderes,206,216,4,721,0,0,0,0,36,86,1,0,0,4,,0,0
1492-2,6,78,mercaderes,204,211,4,748,0,0,0,0,36,92,1,0,0,4,,0,0
1492-2,6,79,mercaderes,202,206,4,743,0,0,0,0,34,90,1,0,0,4,1,9,0
1492-2,6,80,mercaderes,200,201,4,761,0,0,0,0,34,79,1,0,0,4,,0,0
1492-2,6,81,mercaderes,198,196,4,779,0,0,0,0,33,78,1,0,0,4,,0,0
1492-2,6,82,mercaderes,196,191,4,796,0,0,0,0,30,74,1,0,0,4,,0,0
1492-2,6,83,mercaderes,196,191,4,813,14,0,0,0,61,105,0,0,0,4,,0,0
1492-2,6,84,mercaderes,196,191,4,830,28,0,0,0,62,106,0,0,0,4,,0,0
1492-2,6,85,mercaderes,102,123,2,814,52,0,0,0,53,85,0,0,0,4,1,3,0
1492-2,6,86,mercaderes,103,125,2,827,72,0,0,0,53,76,0,0,0,4,,0,0
1492-2,6,87,mercaderes,103,127,2,840,91,0,0,0,53,76,0,0,0,4,,0,0
1492-2,6,88,mercaderes,103,129,2,853,110,0,0,0,54,77,0,0,0,4,,0,0
1492-2,6,89,mercaderes,104,131,2,866,111,0,0,0,37,60,0,0,0,4,,0,0
1492-2,6,90,mercaderes,104,133,2,879,112,0,0,0,37,60,0,0,0,4,,0,0
1492-2,6,91,mercaderes,104,133,2,810,112,0,0,0,37,61,0,0,0,4,1,8,0
1492-2,6,92,mercaderes,104,133,2,824,112,0,0,0,37,61,0,0,0,4,,0,0
1492-2,6,93,mercaderes,104,133,2,838,112,0,0,0,37,61,0,0,0,4,,0,0
1492-2,6,94,mercaderes,104,133,2,852,112,0,0,0,37,61,0,0,0,4,,0,0
1492-2,6,95,mercaderes,104,133,2,866,97,0,0,0,22,46,0,0,0,4,,0,0
1492-2,6,96,mercaderes,104,133,2,880,83,0,0,0,22,46,0,0,0,4,,0,0
1492-2,6,97,mercaderes,104,133,2,811,80,0,0,0,22,46,0,0,0,4,1,4,0
1492-2,6,98,mercaderes,104,133,2,829,67,0,0,0,22,50,0,0,0,4,,0,0
1492-2,6,99,mercaderes,104,133,2,847,54,0,0,0,22,50,0,0,0,4,,0,0
1492-2,6,100,mercaderes,104,133,2,865,42,0,0,0,22,50,0,0,0,4,,0,0
1492-2,6,101,mercaderes,104,133,2,883,39,0,0,0,31,59,0,0,0,4,,0,0
1492-2,6,102,mercaderes,104,133,2,906,36,0,0,0,31,64,0,0,0,4,,0,0
1492-2,6,103,mercaderes,104,133,2,846,43,0,0,0,31,64,0,0,0,4,1,3,0
1492-2,6,104,mercaderes,104,133,2,869,40,0,0,0,31,64,0,0,0,4,,0,0
1492-2,6,105,mercaderes,104,133,2,892,37,0,0,0,31,64,0,0,0,4,,0,0
1492-2,6,106,mercaderes,104,133,2,915,34,0,0,0,31,64,0,0,0,4,,0,0
1492-2,6,107,mercaderes,104,133,2,938,60,0,0,0,61,94,0,0,0,4,,0,0
1492-2,6,108,mercaderes,104,133,2,961,85,0,0,0,61,94,0,0,0,4,,0,0
1492-2,6,109,mercaderes,104,133,2,901,119,0,0,0,61,94,0,0,0,4,1,3,0
1492-2,6,110,mercaderes,104,133,2,924,142,0,0,0,61,94,0,0,0,4,,0,0
1492-2,6,111,mercaderes,104,133,2,947,164,0,0,0,61,94,0,0,0,4,,0,0
1492-2,6,112,mercaderes,104,133,2,970,185,0,0,0,61,94,0,0,0,4,,0,0
1492-2,6,113,mercaderes,104,133,2,993,182,0,0,0,37,70,0,0,0,4,,0,0
1492-2,6,114,mercaderes,104,133,2,1016,179,0,0,0,37,70,0,0,0,4,,0,0
1492-2,6,115,mercaderes,104,133,2,976,148,0,0,0,37,70,0,0,0,4,1,3,0
1492-2,6,116,mercaderes,104,133,2,999,146,0,0,0,37,70,0,0,0,4,,0,0
1492-2,6,117,mercaderes,133,179,3,1022,144,0,0,0,37,70,0,0,0,4,,0,0
1492-2,6,118,mercaderes,134,181,3,1046,141,0,0,0,46,87,0,0,0,4,,0,0
1492-2,6,119,mercaderes,134,181,3,1070,119,0,0,0,27,68,0,0,0,4,,0,0
1492-2,6,120,mercaderes,134,181,3,1089,97,0,0,0,27,63,0,0,0,4,,0,0
1492-2,6,121,mercaderes,134,181,3,1045,48,0,0,0,27,63,0,0,0,4,1,4,0
1492-2,6,122,mercaderes,134,181,3,1064,29,0,0,0,27,63,0,0,0,4,,0,0
1492-2,6,123,mercaderes,165,236,4,1083,11,0,0,0,27,63,0,0,0,4,,0,0
1492-2,6,124,mercaderes,164,236,4,1106,0,0,0,0,27,73,1,0,0,4,,0,0
1492-2,6,125,mercaderes,163,236,4,1129,0,0,0,0,36,82,1,0,0,4,,0,0
1492-2,6,126,mercaderes,161,231,4,1157,0,0,0,0,36,87,1,0,0,4,,0,0
1492-2,6,127,mercaderes,159,226,4,1151,4,0,0,0,36,86,1,0,0,4,1,8,0
1492-2,6,128,mercaderes,157,221,4,1172,0,0,0,0,35,77,1,0,0,4,,0,0
1492-2,6,129,mercaderes,155,216,4,1193,0,0,0,0,35,77,1,0,0,4,,0,0
1492-2,6,130,mercaderes,153,212,4,1214,0,0,0,0,34,76,1,0,0,4,,0,0
1492-2,6,131,mercaderes,153,212,4,1235,10,0,0,0,63,105,0,0,0,4,,0,0
1492-2,6,132,mercaderes,153,212,4,1256,26,0,0,0,70,112,0,0,0,4,,0,0
1492-2,6,133,mercaderes,154,218,4,1244,52,0,0,0,70,112,0,0,0,4,1,3,0
1492-2,6,134,mercaderes,106,177,3,1261,66,0,0,0,61,95,0,0,0,4,,0,0
1492-2,6,135,mercaderes,107,180,3,1281,80,0,0,0,61,95,0,0,0,4,,0,0
1492-2,6,136,mercaderes,107,182,3,1302,93,0,0,0,61,96,0,0,0,4,,0,0
1492-2,6,137,mercaderes,107,182,3,1323,82,0,0,0,37,72,0,0,0,4,,0,0
1492-2,6,138,mercaderes,107,182,3,1344,72,0,0,0,37,72,0,0,0,4,,0,0
1492-2,6,139,mercaderes,107,182,3,1332,72,0,0,0,37,72,0,0,0,4,1,2,0
1492-2,6,140,mercaderes,107,182,3,1353,62,0,0,0,37,72,0,0,0,4,,0,0
1492-2,6,141,mercaderes,107,182,3,1374,52,0,0,0,37,72,0,0,0,4,,0,0
1492-2,6,142,mercaderes,107,182,3,1395,43,0,0,0,37,72,0,0,0,4,,0,0
1492-2,6,143,mercaderes,107,182,3,1416,20,0,0,0,22,57,0,0,0,4,,0,0
1492-2,6,144,mercaderes,106,182,3,1433,0,0,0,0,22,53,1,0,0,4,,0,0
1492-2,6,145,mercaderes,105,182,3,1417,10,0,0,0,22,53,1,0,0,4,1,2,0
1492-2,6,146,mercaderes,103,179,3,1434,0,0,0,0,22,53,1,0,0,4,,0,0
1492-2,6,147,mercaderes,102,176,3,1450,0,0,0,0,22,52,1,0,0,4,,0,0
1492-2,6,148,mercaderes,100,173,3,1466,0,0,0,0,22,52,1,0,0,4,,0,0
1492-2,6,149,mercaderes,99,170,3,1482,0,0,0,0,30,60,1,0,0,4,,0,0
1492-2,6,150,mercaderes,97,167,3,1502,0,0,0,0,30,64,1,0,0,4,,0,0
1492-2,6,151,mercaderes,95,164,3,1488,10,0,0,0,30,63,1,0,0,4,1,3,0
1492-2,6,152,mercaderes,94,161,3,1514,0,0,0,0,27,69,1,0,0,4,,0,0
1492-2,6,153,mercaderes,92,158,3,1540,0,0,0,0,26,68,1,0,0,4,,0,0
1492-2,6,154,mercaderes,41,106,2,1566,0,0,0,0,26,64,1,0,0,4,,0,0
1492-2,6,155,mercaderes,41,106,2,1593,19,0,0,0,45,83,0,0,0,4,,0,0
1492-2,6,156,mercaderes,42,110,2,1620,37,0,0,0,45,83,0,0,0,4,,0,0
1492-2,6,157,mercaderes,42,114,2,1614,71,0,0,0,53,91,0,0,0,4,1,3,0
1492-2,6,158,mercaderes,43,117,2,1636,93,0,0,0,53,86,0,0,0,4,,0,0
1492-2,6,159,mercaderes,43,119,2,1659,113,0,0,0,53,87,0,0,0,4,,0,0
1492-2,6,160,mercaderes,44,120,2,1682,133,0,0,0,54,88,0,0,0,4,,0,0
1492-2,6,161,mercaderes,44,120,2,1706,135,0,0,0,37,72,0,0,0,4,,0,0
1492-2,6,162,mercaderes,44,120,2,1730,137,0,0,0,37,72,0,0,0,4,,0,0
1492-2,6,163,mercaderes,44,120,2,1691,110,0,0,0,37,72,0,0,0,4,1,3,0
1492-2,6,164,mercaderes,44,120,2,1715,113,0,0,0,37,72,0,0,0,4,,0,0
1492-2,6,165,mercaderes,78,190,3,1739,116,0,0,0,37,72,0,0,0,4,,0,0
1492-2,6,166,mercaderes,78,190,3,1774,102,0,0,0,37,90,0,0,0,4,,0,0
1492-2,6,167,mercaderes,78,190,3,1809,74,0,0,0,22,75,0,0,0,4,,0,0
1492-2,6,168,mercaderes,78,190,3,1844,48,0,0,0,22,75,0,0,0,4,,0,0
1492-2,6,169,mercaderes,77,190,3,1846,50,0,0,0,22,75,1,0,0,4,1,4,0
1492-2,6,170,mercaderes,76,190,3,1881,40,0,0,0,22,75,1,0,0,4,,0,0
1492-2,6,171,mercaderes,74,186,3,1916,40,0,0,0,22,75,1,0,0,4,,0,0
1492-2,6,172,mercaderes,72,182,3,1946,40,0,0,0,22,70,1,0,0,4,,0,0
1492-2,6,173,mercaderes,70,179,3,1976,40,0,0,0,30,78,1,0,0,4,,0,0
1492-2,6,174,mercaderes,69,176,3,2011,40,0,0,0,30,83,1,0,0,4,,0,0
1492-2,6,175,mercaderes,67,173,3,2013,50,0,0,0,29,82,1,0,0,4,1,3,0
1492-2,6,176,mercaderes,66,170,3,2043,40,0,0,0,29,77,1,0,0,4,,0,0
1492-2,6,177,mercaderes,64,167,3,2073,40,0,0,0,26,74,1,0,0,4,,0,0
1492-2,6,178,mercaderes,10,104,2,2103,40,0,0,0,26,59,1,0,0,4,,0,0
1492-2,6,179,mercaderes,10,104,2,2095,25,0,0,0,52,85,0,0,0,4,,0,0
1492-2,6,180,mercaderes,11,108,2,2117,50,0,0,0,53,86,0,0,0,4,,0,0
1492-2,6,181,mercaderes,41,159,3,2106,83,0,0,0,53,86,0,0,0,4,1,2,0
1492-2,6,182,mercaderes,43,165,3,2125,108,0,0,0,68,104,0,0,0,4,,0,0
1492-2,6,183,mercaderes,44,171,3,2144,130,0,0,0,68,104,0,0,0,4,,0,0
1492-2,6,184,mercaderes,44,173,3,2166,151,0,0,0,69,108,0,0,0,4,,0,0
1492-2,6,185,mercaderes,45,175,3,2188,148,0,0,0,46,85,0,0,0,4,,0,0
1492-2,6,186,mercaderes,45,177,3,2210,145,0,0,0,46,85,0,0,0,4,,0,0
1492-2,6,187,mercaderes,45,179,3,2169,113,0,0,0,46,85,0,0,0,4,1,5,0
1492-2,6,188,mercaderes,46,180,3,2196,111,0,0,0,46,90,0,0,0,4,,0,0
1492-2,6,189,mercaderes,70,204,4,2224,108,0,0,0,46,91,0,0,0,4,,0,0
1492-2,6,190,mercaderes,70,204,4,2247,99,0,0,0,46,96,0,0,0,4,,0,0
1492-2,6,191,mercaderes,70,204,4,2270,72,0,0,0,27,77,0,0,0,4,,0,0
1492-2,6,192,mercaderes,70,204,4,2288,47,0,0,0,27,72,0,0,0,4,,0,0
1492-2,6,193,mercaderes,69,204,4,2273,50,0,0,0,27,72,1,0,0,4,1,6,0
1492-2,6,194,mercaderes,68,204,4,2296,40,0,0,0,27,77,1,0,0,4,,0,0
1492-2,6,195,mercaderes,67,200,4,2319,40,0,0,0,27,77,1,0,0,4,,0,0
1492-2,6,196,mercaderes,65,196,4,2339,40,0,0,0,27,74,1,0,0,4,,0,0
1492-2,6,197,mercaderes,63,192,4,2359,40,0,0,0,37,84,1,0,0,4,,0,0
1492-2,6,198,mercaderes,61,188,4,2384,40,0,0,0,37,89,1,0,0,4,,0,0
1492-2,6,199,mercaderes,59,184,4,2376,50,0,0,0,36,88,1,0,0,4,1,3,0
1492-2,6,200,mercaderes,58,180,4,2398,40,0,0,0,33,80,1,0,0,4,,0,0
1492-2,6,1,mesta,31,41,1,24,62,0,0,0,5,13,0,0,0,0,1,4,0
1492-2,6,2,mesta,31,41,1,24,53,0,0,0,5,9,0,0,0,0,,0,0
1492-2,6,3,mesta,31,41,1,24,45,0,0,0,5,9,0,0,0,0,,0,0
1492-2,6,4,mesta,31,41,1,24,37,0,0,0,5,9,0,0,0,0,,0,0
1492-2,6,5,mesta,31,41,1,24,30,0,0,0,6,10,0,1,0,0,,0,0
1492-2,6,6,mesta,31,41,1,36,25,0,0,0,6,22,0,0,0,0,,0,0
1492-2,6,7,mesta,30,37,1,28,11,0,0,0,6,22,0,0,0,0,1,2,0
1492-2,6,8,mesta,30,37,1,38,8,0,0,0,6,20,0,0,0,0,,0,0
1492-2,6,9,mesta,30,37,1,48,5,0,0,0,6,20,0,0,0,0,,0,0
1492-2,6,10,mesta,30,37,1,58,2,0,0,0,6,20,0,0,0,0,,0,0
1492-2,6,11,mesta,30,37,1,68,6,0,0,0,13,27,0,0,0,0,,0,0
1492-2,6,12,mesta,30,37,1,78,10,0,0,0,13,27,0,0,0,0,,0,0
1492-2,6,13,mesta,30,35,1,40,14,0,0,0,13,27,0,0,0,0,1,5,0
1492-2,6,14,mesta,30,35,1,50,21,0,0,0,13,27,0,0,0,0,,0,0
1492-2,6,15,mesta,30,35,1,60,27,0,0,0,13,27,0,0,0,0,,0,0
1492-2,6,16,mesta,30,36,1,70,33,0,0,0,13,27,0,0,0,0,,0,0
1492-2,6,17,mesta,30,36,1,80,33,0,0,0,8,22,0,0,0,0,,0,0
1492-2,6,18,mesta,30,36,1,90,33,0,0,0,8,22,0,0,0,0,,0,0
1492-2,6,19,mesta,30,36,1,74,21,0,0,0,8,22,0,0,0,0,1,6,0
1492-2,6,20,mesta,30,36,1,84,22,0,0,0,8,22,0,0,0,0,,0,0
1492-2,6,21,mesta,30,36,1,94,22,0,0,0,8,22,0,0,0,0,,0,0
1492-2,6,22,mesta,30,36,1,104,22,0,0,0,8,22,0,0,0,0,,0,0
1492-2,6,23,mesta,43,36,1,114,19,0,0,0,5,19,0,0,0,1,,0,0
1492-2,6,24,mesta,43,36,1,121,16,0,0,0,5,16,0,0,0,1,,0,0
1492-2,6,25,mesta,43,36,1,80,16,0,0,0,5,16,0,0,0,1,1,5,0
1492-2,6,26,mesta,43,36,1,87,13,0,0,0,5,16,0,0,0,1,,0,0
1492-2,6,27,mesta,43,36,1,94,10,0,0,0,5,16,0,0,0,1,,0,0
1492-2,6,28,mesta,43,36,1,101,7,0,0,0,5,16,0,0,0,1,,0,0
1492-2,6,29,mesta,43,36,1,108,5,0,0,0,6,17,0,0,0,1,,0,0
1492-2,6,30,mesta,43,36,1,118,3,0,0,0,6,20,0,0,0,1,,0,0
1492-2,6,31,mesta,43,36,1,83,7,0,0,0,6,20,0,0,0,1,1,3,0
1492-2,6,32,mesta,43,36,1,93,3,0,0,0,6,20,0,1,0,1,,0,0
1492-2,6,33,mesta,43,36,1,103,1,0,0,0,6,26,0,0,0,1,,0,0
1492-2,6,34,mesta,42,36,1,113,0,2,0,0,6,26,1,0,0,1,,0,0
1492-2,6,35,mesta,42,36,1,123,5,2,0,0,13,33,0,0,0,1,,0,0
1492-2,6,36,mesta,42,36,1,133,10,2,0,0,13,33,0,0,0,1,,0,0
1492-2,6,37,mesta,42,36,1,90,24,2,0,0,16,36,0,0,0,1,1,3,0
1492-2,6,38,mesta,42,37,1,100,31,2,0,0,16,36,0,0,0,1,,0,0
1492-2,6,39,mesta,42,38,1,110,38,2,0,0,16,36,0,0,0,1,,0,0
1492-2,6,40,mesta,42,39,1,120,45,2,0,0,16,36,0,0,0,1,,0,0
1492-2,6,41,mesta,43,40,1,130,46,2,0,0,10,30,0,0,0,1,,0,0
1492-2,6,42,mesta,43,42,1,142,46,2,0,0,10,32,0,0,0,1,,0,0
1492-2,6,43,mesta,42,38,1,86,32,2,0,0,8,30,0,0,0,1,1,7,0
1492-2,6,44,mesta,42,38,1,96,31,2,0,0,8,28,0,0,0,1,,0,0
1492-2,6,45,mesta,42,38,1,106,29,2,0,0,8,28,0,0,0,1,,0,0
1492-2,6,46,mesta,42,38,1,116,27,2,0,0,8,28,0,0,0,1,,0,0
1492-2,6,47,mesta,45,38,1,126,23,2,0,0,5,25,0,0,0,1,,0,0
1492-2,6,48,mesta,45,38,1,133,19,2,0,0,5,22,0,0,0,1,,0,0
1492-2,6,49,mesta,45,38,1,113,24,2,0,0,5,22,0,0,0,1,1,5,0
1492-2,6,50,mesta,45,38,1,120,20,2,0,0,5,22,0,0,0,1,,0,0
1492-2,6,51,mesta,45,38,1,127,16,2,0,0,5,22,0,0,0,1,,0,0
1492-2,6,52,mesta,45,38,1,134,12,2,0,0,5,22,0,0,0,1,,0,0
1492-2,6,53,mesta,45,38,1,141,9,2,0,0,6,23,0,0,0,1,,0,0
1492-2,6,54,mesta,45,38,1,151,6,2,0,0,6,26,0,0,0,1,,0,0
1492-2,6,55,mesta,45,38,1,104,11,2,0,0,6,26,0,0,0,1,1,2,0
1492-2,6,56,mesta,45,38,1,114,8,2,0,0,6,26,0,0,0,1,,0,0
1492-2,6,57,mesta,45,38,1,124,5,2,0,0,6,26,0,0,0,1,,0,0
1492-2,6,58,mesta,45,38,1,134,2,3,0,0,6,26,0,0,0,1,,0,0
1492-2,6,59,mesta,45,38,1,144,6,3,0,0,13,33,0,0,0,1,,0,0
1492-2,6,60,mesta,45,38,1,154,10,3,0,0,13,33,0,0,0,1,,0,0
1492-2,6,61,mesta,45,38,1,128,24,0,0,0,13,33,0,0,0,1,1,3,0
1492-2,6,62,mesta,45,38,1,138,27,0,0,0,13,33,0,0,0,1,,0,0
1492-2,6,63,mesta,45,39,1,148,30,0,0,0,13,33,0,0,0,1,,0,0
1492-2,6,64,mesta,46,40,1,158,33,0,0,0,13,33,0,0,0,1,,0,0
1492-2,6,65,mesta,46,40,1,170,30,0,0,0,8,30,0,0,0,1,,0,0
1492-2,6,66,mesta,46,40,1,182,27,0,0,0,8,30,0,0,0,1,,0,0
1492-2,6,67,mesta,46,40,1,290,31,0,0,0,8,30,0,0,0,1,1,2,0
1492-2,6,68,mesta,46,40,1,302,28,0,0,0,8,30,0,0,0,1,,0,0
1492-2,6,69,mesta,46,40,1,314,25,0,0,0,8,30,0,0,0,1,,0,0
1492-2,6,70,mesta,46,40,1,326,23,0,0,0,8,30,0,0,0,1,,0,0
1492-2,6,71,mesta,46,40,1,338,18,0,0,0,5,27,0,0,0,1,,0,0
1492-2,6,72,mesta,46,40,1,346,13,0,0,0,5,23,0,0,0,1,,0,0
1492-2,6,73,mesta,45,38,1,291,18,0,0,0,5,23,0,0,0,1,1,3,0
1492-2,6,74,mesta,45,38,1,298,16,0,0,0,5,22,0,0,0,1,,0,0
1492-2,6,75,mesta,45,38,1,305,13,0,0,0,5,22,0,0,0,1,,0,0
1492-2,6,76,mesta,45,38,1,312,10,0,0,0,5,22,0,0,0,1,,0,0
1492-2,6,77,mesta,45,38,1,319,8,0,0,0,6,23,0,0,0,1,,0,0
1492-2,6,78,mesta,45,38,1,329,6,0,0,0,6,26,0,0,0,1,,0,0
1492-2,6,79,mesta,45,38,1,306,14,0,0,0,6,26,0,0,0,1,1,2,0
1492-2,6,80,mesta,45,38,1,316,12,0,0,0,6,26,0,0,0,1,,0,0
1492-2,6,81,mesta,45,38,1,326,10,0,0,0,6,26,0,0,0,1,,0,0
1492-2,6,82,mesta,45,38,1,336,8,0,0,0,6,26,0,0,0,1,,0,0
1492-2,6,83,mesta,45,38,1,346,13,0,0,0,13,33,0,0,0,1,,0,0
1492-2,6,84,mesta,45,38,1,356,18,0,0,0,13,33,0,0,0,1,,0,0
1492-2,6,85,mesta,45,39,1,333,33,0,0,0,13,33,0,0,0,1,1,2,0
1492-2,6,86,mesta,46,40,1,343,37,0,0,0,13,33,0,0,0,1,,0,0
1492-2,6,87,mesta,46,42,1,355,40,0,0,0,13,35,0,0,0,1,,0,0
1492-2,6,88,mesta,46,44,1,367,43,0,0,0,13,35,0,0,0,1,,0,0
1492-2,6,89,mesta,46,44,1,379,40,0,0,0,8,30,0,0,0,1,,0,0
1492-2,6,90,mesta,46,44,1,391,37,0,0,0,8,30,0,0,0,1,,0,0
1492-2,6,91,mesta,45,38,1,320,34,0,0,0,8,30,0,0,0,1,1,4,0
1492-2,6,92,mesta,45,38,1,330,35,0,0,0,8,28,0,0,0,1,,0,0
1492-2,6,93,mesta,45,38,1,340,35,0,0,0,8,28,0,0,0,1,,0,0
1492-2,6,94,mesta,45,38,1,350,35,0,0,0,8,28,0,0,0,1,,0,0
1492-2,6,95,mesta,45,38,1,360,32,0,0,0,5,25,0,0,0,1,,0,0
1492-2,6,96,mesta,45,38,1,367,29,0,0,0,5,22,0,0,0,1,,0,0
1492-2,6,97,mesta,45,38,1,341,36,0,0,0,5,22,0,0,0,1,1,2,0
1492-2,6,98,mesta,45,38,1,348,33,0,0,0,5,22,0,0,0,1,,0,0
1492-2,6,99,mesta,45,38,1,355,29,0,0,0,5,22,0,0,0,1,,0,0
1492-2,6,100,mesta,45,38,1,362,25,0,0,0,5,22,0,0,0,1,,0,0
1492-2,6,101,mesta,45,38,1,369,23,0,0,0,6,23,0,0,0,1,,0,0
1492-2,6,102,mesta,45,38,1,379,21,0,0,0,6,26,0,0,0,1,,0,0
1492-2,6,103,mesta,45,38,1,356,29,0,0,0,6,26,0,0,0,1,1,2,0
1492-2,6,104,mesta,45,38,1,366,26,0,0,0,6,26,0,0,0,1,,0,0
1492-2,6,105,mesta,45,38,1,376,24,0,0,0,6,26,0,0,0,1,,0,0
1492-2,6,106,mesta,45,38,1,386,22,2,0,0,6,26,0,0,0,1,,0,0
1492-2,6,107,mesta,45,38,1,396,26,2,0,0,13,33,0,0,0,1,,0,0
1492-2,6,108,mesta,45,39,1,406,30,2,0,0,13,33,0,0,0,1,,0,0
1492-2,6,109,mesta,46,40,1,383,44,2,0,0,13,33,0,0,0,1,1,2,0
1492-2,6,110,mesta,46,42,1,395,47,2,0,0,13,35,0,0,0,1,,0,0
1492-2,6,111,mesta,46,44,1,407,49,2,0,0,13,35,0,0,0,1,,0,0
1492-2,6,112,mesta,47,46,1,419,50,2,0,0,13,35,0,0,0,1,,0,0
1492-2,6,113,mesta,47,46,1,431,47,2,0,0,8,30,0,0,0,1,,0,0
1492-2,6,114,mesta,47,46,1,443,44,2,0,0,8,30,0,0,0,1,,0,0
1492-2,6,115,mesta,47,46,1,422,51,2,0,0,8,30,0,0,0,1,1,2,0
1492-2,6,116,mesta,47,46,1,434,48,2,0,0,8,30,0,0,0,1,,0,0
1492-2,6,117,mesta,47,46,1,446,44,2,0,0,8,30,0,0,0,1,,0,0
1492-2,6,118,mesta,47,46,1,458,40,2,0,0,8,30,0,0,0,1,,0,0
1492-2,6,119,mesta,47,46,1,470,33,2,0,0,5,27,0,0,0,1,,0,0
1492-2,6,120,mesta,47,46,1,478,26,2,0,0,5,23,0,0,0,1,,0,0
1492-2,6,121,mesta,47,46,1,453,30,2,0,0,5,23,0,0,0,1,1,2,0
1492-2,6,122,mesta,47,46,1,461,24,2,0,0,5,23,0,0,0,1,,0,0
1492-2,6,123,mesta,47,46,1,469,18,2,0,0,5,23,0,0,0,1,,0,0
1492-2,6,124,mesta,47,46,1,477,12,2,0,0,5,23,0,0,0,1,,0,0
1492-2,6,125,mesta,47,46,1,485,8,2,0,0,7,25,0,0,0,1,,0,0
1492-2,6,126,mesta,47,46,1,497,4,2,0,0,7,29,0,0,0,1,,0,0
1492-2,6,127,mesta,47,46,1,476,10,2,0,0,7,29,0,0,0,1,1,2,0
1492-2,6,128,mesta,47,46,1,488,6,2,0,0,7,29,0,0,0,1,,0,0
1492-2,6,129,mesta,47,46,1,500,2,2,0,0,7,29,0,0,0,1,,0,0
1492-2,6,130,mesta,46,46,1,512,0,4,0,0,7,29,1,0,0,1,,0,0
1492-2,6,131,mesta,46,46,1,524,2,4,0,0,13,35,0,0,0,1,,0,0
1492-2,6,132,mesta,46,46,1,536,4,4,0,0,13,35,0,0,0,1,,0,0
1492-2,6,133,mesta,45,44,1,485,16,0,0,0,13,35,0,0,0,1,1,4,0
1492-2,6,134,mesta,45,44,1,497,20,0,0,0,13,35,0,0,0,1,,0,0
1492-2,6,135,mesta,45,44,1,509,24,0,0,0,13,35,0,0,0,1,,0,0
1492-2,6,136,mesta,45,44,1,521,27,0,0,0,13,35,0,0,0,1,,0,0
1492-2,6,137,mesta,45,44,1,533,25,0,0,0,8,30,0,0,0,1,,0,0
1492-2,6,138,mesta,45,44,1,545,24,0,0,0,8,30,0,0,0,1,,0,0
1492-2,6,139,mesta,45,44,1,729,29,0,0,0,8,30,0,0,0,1,1,2,0
1492-2,6,140,mesta,45,44,1,741,27,0,0,0,8,30,0,0,0,1,,0,0
1492-2,6,141,mesta,45,44,1,753,24,0,0,0,8,30,0,0,0,1,,0,0
1492-2,6,142,mesta,45,44,1,765,22,0,0,0,8,30,0,0,0,1,,0,0
1492-2,6,143,mesta,45,44,1,777,17,0,0,0,5,27,0,0,0,1,,0,0
1492-2,6,144,mesta,45,44,1,785,12,0,0,0,5,23,0,0,0,1,,0,0
1492-2,6,145,mesta,45,42,1,730,17,0,0,0,5,23,0,0,0,1,1,3,0
1492-2,6,146,mesta,45,42,1,738,15,0,0,0,5,23,0,0,0,1,,0,0
1492-2,6,147,mesta,45,42,1,746,12,0,0,0,5,23,0,0,0,1,,0,0
1492-2,6,148,mesta,45,42,1,754,9,0,0,0,5,23,0,0,0,1,,0,0
1492-2,6,149,mesta,45,42,1,762,7,0,0,0,6,24,0,0,0,1,,0,0
1492-2,6,150,mesta,45,42,1,774,5,0,0,0,6,28,0,0,0,1,,0,0
1492-2,6,151,mesta,45,42,1,753,13,0,0,0,6,28,0,0,0,1,1,3,0
1492-2,6,152,mesta,45,42,1,765,11,0,0,0,6,28,0,0,0,1,,0,0
1492-2,6,153,mesta,45,42,1,777,9,0,0,0,6,28,0,0,0,1,,0,0
1492-2,6,154,mesta,45,42,1,789,7,3,0,0,6,28,0,0,0,1,,0,0
1492-2,6,155,mesta,45,42,1,801,12,3,0,0,13,35,0,0,0,1,,0,0
1492-2,6,156,mesta,45,42,1,813,17,3,0,0,13,35,0,0,0,1,,0,0
1492-2,6,157,mesta,45,44,1,792,32,0,0,0,13,35,0,0,0,1,1,3,0
1492-2,6,158,mesta,46,46,1,804,35,0,0,0,13,35,0,0,0,1,,0,0
1492-2,6,159,mesta,46,48,1,816,38,0,0,0,13,35,0,0,0,1,,0,0
1492-2,6,160,mesta,47,50,1,828,40,0,0,0,13,35,0,0,0,1,,0,0
1492-2,6,161,mesta,47,50,1,842,37,0,0,0,8,32,0,0,0,1,,0,0
1492-2,6,162,mesta,47,50,1,856,34,0,0,0,8,32,0,0,0,1,,0,0
1492-2,6,163,mesta,47,50,1,992,38,0,0,0,8,32,0,0,0,1,1,2,0
1492-2,6,164,mesta,47,50,1,1006,35,0,0,0,8,32,0,0,0,1,,0,0
1492-2,6,165,mesta,47,50,1,1020,31,0,0,0,8,32,0,0,0,1,,0,0
1492-2,6,166,mesta,47,50,1,1034,27,0,0,0,8,32,0,0,0,1,,0,0
1492-2,6,167,mesta,47,50,1,1048,21,0,0,0,5,29,0,0,0,1,,0,0
1492-2,6,168,mesta,47,50,1,1057,15,0,0,0,5,24,0,0,0,1,,0,0
1492-2,6,169,mesta,47,50,1,1033,19,0,0,0,5,24,0,0,0,1,1,2,0
1492-2,6,170,mesta,47,50,1,1042,13,0,0,0,5,24,0,0,0,1,,0,0
1492-2,6,171,mesta,47,50,1,1051,6,0,0,0,5,24,0,0,0,1,,0,0
1492-2,6,172,mesta,46,50,1,1060,0,0,0,0,5,24,1,0,0,1,,0,0
1492-2,6,173,mesta,45,50,1,1069,0,0,0,0,6,25,1,0,0,1,,0,0
1492-2,6,174,mesta,43,49,1,1083,0,0,0,0,6,30,1,0,0,1,,0,0
1492-2,6,175,mesta,42,48,1,1062,10,0,0,0,6,28,1,0,0,1,1,2,0
1492-2,6,176,mesta,42,48,1,1074,4,0,0,0,6,28,0,0,0,1,,0,0
1492-2,6,177,mesta,41,48,1,1086,0,0,0,0,6,28,1,0,0,1,,0,0
1492-2,6,178,mesta,40,48,1,1098,0,4,0,0,6,28,1,0,0,1,,0,0
1492-2,6,179,mesta,40,48,1,1110,1,4,0,0,13,35,0,0,0,1,,0,0
1492-2,6,180,mesta,40,48,1,1122,2,4,0,0,13,35,0,0,0,1,,0,0
1492-2,6,181,mesta,40,48,1,1101,13,0,0,0,13,35,0,0,0,1,1,3,0
1492-2,6,182,mesta,40,48,1,1113,14,0,0,0,13,35,0,0,0,1,,0,0
1492-2,6,183,mesta,40,48,1,1125,15,0,0,0,13,35,0,0,0,1,,0,0
1492-2,6,184,mesta,40,48,1,1137,16,0,0,0,13,35,0,0,0,1,,0,0
1492-2,6,185,mesta,40,48,1,1149,10,0,0,0,6,28,0,0,0,1,,0,0
1492-2,6,186,mesta,40,48,1,1161,4,0,0,0,6,28,0,0,0,1,,0,0
1492-2,6,187,mesta,39,48,1,1345,6,0,0,0,6,28,1,0,0,1,1,2,0
1492-2,6,188,mesta,39,48,1,1357,0,0,0,0,6,28,0,0,0,1,,0,0
1492-2,6,189,mesta,38,48,1,1369,0,0,0,0,6,28,1,0,0,1,,0,0
1492-2,6,190,mesta,37,48,1,1381,0,0,0,0,6,28,1,0,0,1,,0,0
1492-2,6,191,mesta,36,47,1,1393,0,0,0,0,5,27,1,0,0,1,,0,0
1492-2,6,192,mesta,35,46,1,1401,0,0,0,0,4,21,1,0,0,1,,0,0
1492-2,6,193,mesta,34,45,1,1376,10,0,0,0,4,21,1,0,0,1,1,2,0
1492-2,6,194,mesta,34,45,1,1384,3,0,0,0,4,21,0,0,0,1,,0,0
1492-2,6,195,mesta,33,45,1,1392,0,0,0,0,4,21,1,0,0,1,,0,0
1492-2,6,196,mesta,32,45,1,1400,0,0,0,0,4,21,1,0,0,1,,0,0
1492-2,6,197,mesta,30,44,1,1408,0,0,0,0,6,23,1,0,0,1,,0,0
1492-2,6,198,mesta,29,43,1,1420,0,0,0,0,5,25,1,0,0,1,,0,0
1492-2,6,199,mesta,28,42,1,1399,10,0,0,0,5,25,1,0,0,1,1,3,0
1492-2,6,200,mesta,28,42,1,1406,5,0,0,0,5,19,0,0,0,1,,0,0
1492-2,6,1,monjes,39,81,1,32,65,0,0,0,18,34,0,0,0,0,1,4,0
1492-2,6,2,monjes,39,81,1,36,59,0,0,0,18,26,0,0,0,0,,0,0
1492-2,6,3,monjes,39,81,1,40,53,0,0,0,18,26,0,0,0,0,,0,0
1492-2,6,4,monjes,39,81,1,44,48,0,0,0,18,26,0,0,0,0,,0,0
1492-2,6,5,monjes,39,81,1,48,48,0,0,0,24,32,0,1,0,0,,0,0
1492-2,6,6,monjes,39,81,1,68,50,0,0,0,24,48,0,0,0,0,,0,0
1492-2,6,7,monjes,39,81,1,78,52,0,0,0,24,48,0,0,0,0,1,2,0
1492-2,6,8,monjes,39,81,1,98,52,0,0,0,24,48,0,1,0,0,,0,0
1492-2,6,9,monjes,39,81,1,118,66,0,0,0,36,60,0,0,0,0,,0,0
1492-2,6,10,monjes,39,81,1,138,79,0,0,0,36,60,0,0,0,0,,0,0
1492-2,6,11,monjes,54,81,1,158,126,0,0,0,72,96,0,0,0,1,,0,0
1492-2,6,12,monjes,54,81,1,178,171,0,0,0,72,96,0,0,0,1,,0,0
1492-2,6,13,monjes,53,77,1,60,205,0,0,0,72,96,0,0,0,1,1,5,0
1492-2,6,14,monjes,53,77,1,74,248,0,0,0,72,89,0,0,0,1,,0,0
1492-2,6,15,monjes,53,77,1,88,289,0,0,0,72,89,0,0,0,1,,0,0
1492-2,6,16,monjes,53,77,1,102,329,0,0,0,72,89,0,0,0,1,,0,0
1492-2,6,17,monjes,53,77,1,116,341,0,0,0,45,62,0,0,0,1,,0,0
1492-2,6,18,monjes,53,77,1,130,353,0,0,0,45,62,0,0,0,1,,0,0
1492-2,6,19,monjes,52,73,1,200,331,0,0,0,45,62,0,0,0,1,1,6,0
1492-2,6,20,monjes,52,73,1,214,344,0,0,0,45,62,0,0,0,1,,0,0
1492-2,6,21,monjes,65,73,1,228,357,0,0,0,45,62,0,0,0,2,,0,0
1492-2,6,22,monjes,65,73,1,242,369,0,0,0,45,62,0,0,0,2,,0,0
1492-2,6,23,monjes,65,73,1,256,363,0,0,0,27,44,0,0,0,2,,0,0
1492-2,6,24,monjes,65,73,1,265,358,0,0,0,27,39,0,0,0,2,,0,0
1492-2,6,25,monjes,64,69,1,232,319,0,0,0,27,39,0,0,0,2,1,9,0
1492-2,6,26,monjes,64,69,1,241,316,0,0,0,27,39,0,0,0,2,,0,0
1492-2,6,27,monjes,64,69,1,250,313,0,0,0,27,39,0,0,0,2,,0,0
1492-2,6,28,monjes,64,69,1,259,307,0,0,0,27,39,0,0,0,2,,0,0
1492-2,6,29,monjes,67,69,1,268,313,0,0,0,36,48,0,0,0,2,,0,0
1492-2,6,30,monjes,67,69,1,281,319,0,0,0,36,52,0,0,0,2,,0,0
1492-2,6,31,monjes,67,69,1,272,315,0,0,0,36,52,0,0,0,2,1,7,0
1492-2,6,32,monjes,67,69,1,285,321,0,0,0,36,52,0,0,0,2,,0,0
1492-2,6,33,monjes,67,69,1,298,327,0,0,0,36,52,0,0,0,2,,0,0
1492-2,6,34,monjes,67,69,1,311,333,0,0,0,36,52,0,0,0,2,,0,0
1492-2,6,35,monjes,67,69,1,324,373,0,0,0,72,88,0,0,0,2,,0,0
1492-2,6,36,monjes,67,69,1,337,411,0,0,0,72,88,0,0,0,2,,0,0
1492-2,6,37,monjes,67,69,1,327,442,0,0,0,90,106,0,0,0,2,1,9,0
1492-2,6,38,monjes,67,69,1,340,495,0,0,0,90,106,0,0,0,2,,0,0
1492-2,6,39,monjes,70,69,1,353,546,0,0,0,90,106,0,0,0,2,,0,0
1492-2,6,40,monjes,70,69,1,366,595,0,0,0,90,106,0,0,0,2,,0,0
1492-2,6,41,monjes,70,69,1,379,609,0,0,0,56,72,0,0,0,2,,0,0
1492-2,6,42,monjes,70,69,1,392,623,0,0,0,56,72,0,0,0,2,,0,0
1492-2,6,43,monjes,69,64,1,382,605,0,0,0,45,61,0,0,0,2,1,8,0
1492-2,6,44,monjes,69,64,1,395,609,0,0,0,45,61,0,0,0,2,,0,0
1492-2,6,45,monjes,161,70,2,408,613,0,0,0,45,61,0,0,0,3,,0,0
1492-2,6,46,monjes,161,71,2,416,616,0,0,0,45,61,0,0,0,3,,0,0
1492-2,6,47,monjes,164,72,2,424,601,0,0,0,27,43,0,0,0,3,,0,0
1492-2,6,48,monjes,164,73,2,428,586,0,0,0,27,39,0,0,0,3,,0,0
1492-2,6,49,monjes,163,69,2,399,550,0,0,0,27,39,0,0,0,3,1,12,0
1492-2,6,50,monjes,164,70,2,403,536,0,0,0,27,39,0,0,0,3,,0,0
1492-2,6,51,monjes,265,77,3,407,523,0,0,0,27,39,0,1,0,4,,0,0
1492-2,6,52,monjes,265,79,3,406,516,0,0,0,33,45,0,0,0,4,,0,0
1492-2,6,53,monjes,266,81,3,405,522,0,0,0,46,58,0,0,0,4,,0,0
1492-2,6,54,monjes,266,83,3,408,527,0,0,0,46,62,0,0,0,4,,0,0
1492-2,6,55,monjes,266,80,3,389,502,0,0,0,46,63,0,0,0,4,1,15,0
1492-2,6,56,monjes,266,82,3,393,514,0,0,0,57,74,0,0,0,4,,0,0
1492-2,6,57,monjes,269,84,3,397,529,0,0,0,57,74,0,0,0,4,,0,0
1492-2,6,58,monjes,291,92,4,401,543,0,0,0,57,74,0,0,0,4,,0,0
1492-2,6,59,monjes,292,95,4,400,610,0,0,0,115,132,0,0,0,4,,0,0
1492-2,6,60,monjes,292,98,4,399,674,0,0,0,115,132,0,0,0,4,,0,0
1492-2,6,61,monjes,292,96,4,396,680,0,0,0,115,133,0,0,0,4,1,12,0
1492-2,6,62,monjes,292,99,4,396,741,0,0,0,115,133,0,0,0,4,,0,0
1492-2,6,63,monjes,318,128,5,396,799,0,0,0,115,133,0,0,0,4,,0,0
1492-2,6,64,monjes,323,137,5,389,847,0,0,0,115,137,0,0,0,4,,0,0
1492-2,6,65,monjes,324,141,5,385,849,0,0,0,71,96,0,0,0,4,,0,0
1492-2,6,66,monjes,325,145,5,381,850,0,0,0,71,96,0,0,0,4,,0,0
1492-2,6,67,monjes,325,149,5,354,836,0,0,0,71,96,0,0,0,4,1,9,0
1492-2,6,68,monjes,326,153,5,352,832,0,0,0,71,95,0,0,0,4,,0,0
1492-2,6,69,monjes,327,157,5,350,829,0,0,0,71,95,0,0,0,4,,0,0
1492-2,6,70,monjes,328,161,5,348,827,0,0,0,71,95,0,0,0,4,,0,0
1492-2,6,71,monjes,329,165,5,347,796,0,0,0,42,67,0,0,0,4,,0,0
1492-2,6,72,monjes,329,169,5,342,766,0,0,0,42,63,0,0,0,4,,0,0
1492-2,6,73,monjes,330,171,5,315,726,0,0,0,42,64,0,0,0,4,1,5,0
1492-2,6,74,monjes,330,171,5,311,697,0,0,0,42,64,0,0,0,4,,0,0
1492-2,6,75,monjes,330,171,5,307,666,0,0,0,42,64,0,0,0,4,,0,0
1492-2,6,76,monjes,330,171,5,303,640,0,0,0,42,64,0,0,0,4,,0,0
1492-2,6,77,monjes,331,176,5,299,629,0,0,0,57,79,0,0,0,4,,0,0
1492-2,6,78,monjes,332,181,5,299,617,0,0,0,57,83,0,0,0,4,,0,0
1492-2,6,79,monjes,333,186,5,278,589,0,0,0,57,85,0,0,0,4,1,6,0
1492-2,6,80,monjes,334,191,5,280,572,0,0,0,57,85,0,0,0,4,,0,0
1492-2,6,81,monjes,335,196,5,284,559,0,0,0,57,87,0,0,0,4,,0,0
1492-2,6,82,monjes,336,201,5,289,545,0,0,0,57,88,0,0,0,4,,0,0
1492-2,6,83,monjes,337,206,5,294,586,0,0,0,115,146,0,0,0,4,,0,0
1492-2,6,84,monjes,338,211,5,299,624,0,0,0,115,146,0,0,0,4,,0,0
1492-2,6,85,monjes,339,216,5,283,650,0,0,0,115,148,0,0,0,4,1,5,0
1492-2,6,86,monjes,339,219,5,291,683,0,0,0,115,149,0,0,0,4,,0,0
1492-2,6,87,monjes,340,222,5,299,715,0,0,0,115,149,0,0,0,4,,0,0
1492-2,6,88,monjes,341,225,5,307,744,0,0,0,115,149,0,0,0,4,,0,0
1492-2,6,89,monjes,341,229,5,316,729,0,0,0,71,106,0,0,0,4,,0,0
1492-2,6,90,monjes,342,233,5,325,714,0,0,0,71,106,0,0,0,4,,0,0
1492-2,6,91,monjes,343,237,5,361,688,0,0,0,71,106,0,0,0,4,1,2,0
1492-2,6,92,monjes,344,241,5,372,672,0,0,0,71,108,0,0,0,4,,0,0
1492-2,6,93,monjes,345,245,5,383,656,0,0,0,71,108,0,0,0,4,,0,0
1492-2,6,94,monjes,345,249,5,396,640,0,0,0,71,110,0,0,0,4,,0,0
1492-2,6,95,monjes,345,249,5,410,596,0,0,0,42,82,0,0,0,4,,0,0
1492-2,6,96,monjes,345,249,5,420,553,0,0,0,42,78,0,0,0,4,,0,0
1492-2,6,97,monjes,345,249,5,457,502,0,0,0,42,78,0,0,0,4,1,2,0
1492-2,6,98,monjes,345,249,5,467,463,0,0,0,42,78,0,0,0,4,,0,0
1492-2,6,99,monjes,345,249,5,477,426,0,0,0,42,78,0,0,0,4,,0,0
1492-2,6,100,monjes,345,249,5,487,390,0,0,0,42,78,0,0,0,4,,0,0
1492-2,6,101,monjes,345,249,5,497,370,0,0,0,57,93,0,0,0,4,,0,0
1492-2,6,102,monjes,345,249,5,511,351,0,0,0,57,97,0,0,0,4,,0,0
1492-2,6,103,monjes,345,249,5,552,323,0,0,0,57,97,0,0,0,4,1,2,0
1492-2,6,104,monjes,345,249,5,566,306,0,0,0,57,97,0,0,0,4,,0,0
1492-2,6,105,monjes,345,249,5,580,289,0,0,0,57,97,0,0,0,4,,0,0
1492-2,6,106,monjes,345,249,5,594,273,0,0,0,57,97,0,0,0,4,,0,0
1492-2,6,107,monjes,346,254,5,608,313,0,0,0,115,155,0,0,0,4,,0,0
1492-2,6,108,monjes,347,259,5,622,351,0,0,0,115,155,0,0,0,4,,0,0
1492-2,6,109,monjes,348,264,5,663,376,0,0,0,115,155,0,0,0,4,1,2,0
1492-2,6,110,monjes,349,269,5,677,408,0,0,0,115,155,0,0,0,4,,0,0
1492-2,6,111,monjes,350,272,5,692,438,0,0,0,115,156,0,0,0,4,,0,0
1492-2,6,112,monjes,351,275,5,709,466,0,0,0,115,158,0,0,0,4,,0,0
1492-2,6,113,monjes,351,278,5,726,451,0,0,0,71,114,0,0,0,4,,0,0
1492-2,6,114,monjes,352,282,5,744,435,0,0,0,71,115,0,0,0,4,,0,0
1492-2,6,115,monjes,353,286,5,789,409,0,0,0,71,115,0,0,0,4,1,2,0
1492-2,6,116,monjes,353,286,5,807,393,0,0,0,71,115,0,0,0,4,,0,0
1492-2,6,117,monjes,353,286,5,825,378,0,0,0,71,115,0,0,0,4,,0,0
1492-2,6,118,monjes,353,286,5,843,363,0,0,0,71,115,0,0,0,4,,0,0
1492-2,6,119,monjes,353,286,5,861,321,0,0,0,42,86,0,0,0,4,,0,0
1492-2,6,120,monjes,353,286,5,875,281,0,0,0,42,82,0,0,0,4,,0,0
1492-2,6,121,monjes,353,286,5,916,232,0,0,0,42,82,0,0,0,4,1,2,0
1492-2,6,122,monjes,353,286,5,930,195,0,0,0,42,82,0,0,0,4,,0,0
1492-2,6,123,monjes,353,286,5,944,160,0,0,0,42,82,0,0,0,4,,0,0
1492-2,6,124,monjes,353,286,5,958,126,0,0,0,42,82,0,0,0,4,,0,0
1492-2,6,125,monjes,353,286,5,972,114,0,0,0,63,103,0,0,0,4,,0,0
1492-2,6,126,monjes,353,286,5,990,102,0,0,0,63,107,0,0,0,4,,0,0
1492-2,6,127,monjes,353,286,5,915,91,0,0,0,63,107,0,0,0,4,1,2,0
1492-2,6,128,monjes,353,286,5,933,80,0,0,0,63,107,0,0,0,4,,0,0
1492-2,6,129,monjes,353,286,5,951,70,0,0,0,63,107,0,0,0,4,,0,0
1492-2,6,130,monjes,353,286,5,969,60,0,0,0,63,107,0,0,0,4,,0,0
1492-2,6,131,monjes,354,290,5,987,100,0,0,0,115,159,0,0,0,4,,0,0
1492-2,6,132,monjes,354,292,5,1006,138,0,0,0,115,160,0,0,0,4,,0,0
1492-2,6,133,monjes,354,294,5,945,183,0,0,0,115,160,0,0,0,4,1,5,0
1492-2,6,134,monjes,355,296,5,966,216,0,0,0,115,162,0,0,0,4,,0,0
1492-2,6,135,monjes,355,298,5,987,247,0,0,0,115,162,0,0,0,4,,0,0
1492-2,6,136,monjes,356,300,5,1008,277,0,0,0,115,162,0,0,0,4,,0,0
1492-2,6,137,monjes,356,300,5,1029,263,0,0,0,71,118,0,0,0,4,,0,0
1492-2,6,138,monjes,356,300,5,1050,249,0,0,0,71,118,0,0,0,4,,0,0
1492-2,6,139,monjes,356,300,5,1109,236,0,0,0,71,118,0,0,0,4,1,5,0
1492-2,6,140,monjes,356,300,5,1130,223,0,0,0,71,118,0,0,0,4,,0,0
1492-2,6,141,monjes,356,300,5,1151,209,0,0,0,71,118,0,0,0,4,,0,0
1492-2,6,142,monjes,356,300,5,1172,197,0,0,0,71,118,0,0,0,4,,0,0
1492-2,6,143,monjes,356,300,5,1193,158,0,0,0,42,89,0,0,0,4,,0,0
1492-2,6,144,monjes,356,300,5,1210,120,0,0,0,42,85,0,0,0,4,,0,0
1492-2,6,145,monjes,356,300,5,1086,80,0,0,0,42,85,0,0,0,4,1,5,0
1492-2,6,146,monjes,356,300,5,1103,42,0,0,0,42,85,0,0,0,4,,0,0
1492-2,6,147,monjes,356,300,5,1120,9,0,0,0,42,85,0,0,0,4,,0,0
1492-2,6,148,monjes,355,300,5,1137,0,0,0,0,42,85,1,0,0,4,,0,0
1492-2,6,149,monjes,354,300,5,1154,0,0,0,0,57,100,1,0,0,4,,0,0
1492-2,6,150,monjes,352,295,5,1175,0,0,0,0,57,104,1,0,0,4,,0,0
1492-2,6,151,monjes,350,290,5,1162,10,0,0,0,57,101,1,0,0,4,1,5,0
1492-2,6,152,monjes,348,285,5,1180,0,0,0,0,51,95,1,0,0,4,,0,0
1492-2,6,153,monjes,346,280,5,1198,0,0,0,0,51,95,1,0,0,4,,0,0
1492-2,6,154,monjes,344,275,5,1216,0,0,0,0,50,94,1,0,0,4,,0,0
1492-2,6,155,monjes,344,275,5,1233,24,0,0,0,92,135,0,0,0,4,,0,0
1492-2,6,156,monjes,345,284,5,1250,55,0,0,0,101,144,0,0,0,4,,0,0
1492-2,6,157,monjes,347,292,5,1186,92,0,0,0,101,145,0,0,0,4,1,3,0
1492-2,6,158,monjes,348,297,5,1204,116,0,0,0,101,145,0,0,0,4,,0,0
1492-2,6,159,monjes,348,299,5,1225,140,0,0,0,103,150,0,0,0,4,,0,0
1492-2,6,160,monjes,349,300,5,1246,163,0,0,0,103,150,0,0,0,4,,0,0
1492-2,6,161,monjes,349,300,5,1268,146,0,0,0,64,112,0,0,0,4,,0,0
1492-2,6,162,monjes,349,300,5,1290,130,0,0,0,64,112,0,0,0,4,,0,0
1492-2,6,163,monjes,349,300,5,1229,121,0,0,0,64,112,0,0,0,4,1,5,0
1492-2,6,164,monjes,349,300,5,1251,102,0,0,0,64,112,0,0,0,4,,0,0
1492-2,6,165,monjes,349,300,5,1273,88,0,0,0,64,112,0,0,0,4,,0,0
1492-2,6,166,monjes,349,300,5,1295,74,0,0,0,64,112,0,0,0,4,,0,0
1492-2,6,167,monjes,349,300,5,1317,36,0,0,0,38,86,0,0,0,4,,0,0
1492-2,6,168,monjes,348,300,5,1335,0,0,0,0,38,82,1,0,0,4,,0,0
1492-2,6,169,monjes,347,300,5,1320,10,0,0,0,36,80,1,0,0,4,1,4,0
1492-2,6,170,monjes,345,295,5,1338,0,0,0,0,36,80,1,0,0,4,,0,0
1492-2,6,171,monjes,343,290,5,1351,0,0,0,0,36,75,1,0,0,4,,0,0
1492-2,6,172,monjes,341,285,5,1364,0,0,0,0,35,74,1,0,0,4,,0,0
1492-2,6,173,monjes,339,280,5,1377,0,0,0,0,50,89,1,0,0,4,,0,0
1492-2,6,174,monjes,337,275,5,1394,0,0,0,0,50,93,1,0,0,4,,0,0
1492-2,6,175,monjes,335,270,5,1378,10,0,0,0,50,93,1,0,0,4,1,2,0
1492-2,6,176,monjes,333,265,5,1395,0,0,0,0,46,89,1,0,0,4,,0,0
1492-2,6,177,monjes,331,260,5,1412,0,0,0,0,46,89,1,0,0,4,,0,0
1492-2,6,178,monjes,329,255,5,1429,0,0,0,0,46,89,1,0,0,4,,0,0
1492-2,6,179,monjes,329,255,5,1446,25,0,0,0,89,132,0,0,0,4,,0,0
1492-2,6,180,monjes,331,265,5,1463,49,0,0,0,89,132,0,0,0,4,,0,0
1492-2,6,181,monjes,333,275,5,1397,80,0,0,0,89,132,0,0,0,4,1,3,0
1492-2,6,182,monjes,335,285,5,1414,106,0,0,0,98,141,0,0,0,4,,0,0
1492-2,6,183,monjes,337,295,5,1431,130,0,0,0,100,143,0,0,0,4,,0,0
1492-2,6,184,monjes,338,300,5,1448,151,0,0,0,100,143,0,0,0,4,,0,0
1492-2,6,185,monjes,338,300,5,1470,121,0,0,0,50,98,0,0,0,4,,0,0
1492-2,6,186,monjes,338,300,5,1492,93,0,0,0,50,98,0,0,0,4,,0,0
1492-2,6,187,monjes,337,296,5,1431,66,0,0,0,50,98,0,0,0,4,1,8,0
1492-2,6,188,monjes,337,296,5,1452,37,0,0,0,50,97,0,0,0,4,,0,0
1492-2,6,189,monjes,337,296,5,1473,13,0,0,0,50,97,0,0,0,4,,0,0
1492-2,6,190,monjes,357,300,6,1494,0,0,0,0,50,97,1,0,0,4,,0,0
1492-2,6,191,monjes,356,300,6,1507,0,0,0,0,36,83,1,0,0,4,,0,0
1492-2,6,192,monjes,353,294,6,1516,0,0,0,0,36,79,1,0,0,4,,0,0
1492-2,6,193,monjes,351,288,6,1488,10,0,0,0,38,77,1,0,0,4,1,3,0
1492-2,6,194,monjes,349,282,6,1493,0,0,0,0,37,76,1,0,0,4,,0,0
1492-2,6,195,monjes,347,276,6,1498,0,0,0,0,37,76,1,0,0,4,,0,0
1492-2,6,196,monjes,345,271,6,1503,0,0,0,0,37,76,1,0,0,4,,0,0
1492-2,6,197,monjes,343,266,6,1508,0,0,0,0,46,85,1,0,0,4,,0,0
1492-2,6,198,monjes,341,261,6,1517,0,0,0,0,46,89,1,0,0,4,,0,0
1492-2,6,199,monjes,339,256,6,1491,10,0,0,0,46,87,1,0,0,4,1,2,0
1492-2,6,200,monjes,337,251,6,1498,0,0,0,0,46,87,1,0,0,4,,0,0
1492-2,6,1,salineros,36,66,1,25,71,0,0,0,18,32,0,0,0,0,1,4,0
1492-2,6,2,salineros,36,66,1,27,71,0,0,0,18,24,0,0,0,0,,0,0
1492-2,6,3,salineros,36,66,1,29,71,0,0,0,18,24,0,0,0,0,,0,0
1492-2,6,4,salineros,101,66,1,31,71,0,0,0,18,24,0,0,0,1,,0,0
1492-2,6,5,salineros,101,66,1,33,77,0,0,0,24,30,0,1,0,1,,0,0
1492-2,6,6,salineros,101,66,1,41,85,0,7,0,24,45,0,0,0,1,,0,0
1492-2,6,7,salineros,100,62,1,4,83,0,14,0,24,45,0,0,0,1,1,2,0
1492-2,6,8,salineros,100,62,1,12,90,0,21,0,24,45,0,0,0,1,,0,0
1492-2,6,9,salineros,100,62,1,20,97,0,28,0,24,45,0,1,0,1,,0,0
1492-2,6,10,salineros,100,62,1,28,106,0,43,0,24,54,0,0,0,1,,0,0
1492-2,6,11,salineros,100,62,1,36,139,0,58,0,48,78,0,0,0,1,,0,0
1492-2,6,12,salineros,100,62,1,44,172,0,72,0,48,78,0,0,0,1,,0,0
1492-2,6,13,salineros,100,60,1,12,183,0,83,0,48,77,0,0,0,1,1,5,0
1492-2,6,14,salineros,113,60,1,20,214,0,95,0,48,77,0,0,0,2,,0,0
1492-2,6,15,salineros,113,60,1,28,245,0,106,0,48,76,0,1,0,2,,0,0
1492-2,6,16,salineros,113,60,1,44,278,0,116,0,48,84,0,0,0,2,,0,0
1492-2,6,17,salineros,113,60,1,60,293,0,126,0,30,66,0,0,0,2,,0,0
1492-2,6,18,salineros,113,60,1,76,308,0,134,0,30,65,0,0,0,2,,0,0
1492-2,6,19,salineros,112,58,1,72,313,0,132,0,30,65,0,0,0,2,1,7,0
1492-2,6,20,salineros,116,60,1,86,329,0,140,0,30,63,0,0,0,2,,0,0
1492-2,6,21,salineros,116,60,1,102,344,0,147,0,30,64,0,0,0,2,,0,0
1492-2,6,22,salineros,116,60,1,118,359,0,153,0,30,64,0,0,0,2,,0,0
1492-2,6,23,salineros,116,60,1,134,362,0,158,0,18,51,0,0,0,2,,0,0
1492-2,6,24,salineros,116,60,1,144,365,0,163,0,18,45,0,0,0,2,,0,0
1492-2,6,25,salineros,116,60,1,233,354,0,158,0,18,45,0,0,0,2,1,8,0
1492-2,6,26,salineros,119,60,1,243,357,0,162,0,18,44,0,0,0,2,,0,0
1492-2,6,27,salineros,119,60,1,253,360,0,166,0,18,44,0,0,0,2,,0,0
1492-2,6,28,salineros,119,60,1,263,363,0,170,0,18,44,0,0,0,2,,0,0
1492-2,6,29,salineros,119,60,1,273,375,0,173,0,27,52,0,0,0,2,,0,0
1492-2,6,30,salineros,119,60,1,289,387,0,176,0,27,58,0,0,0,2,,0,0
1492-2,6,31,salineros,119,60,1,380,399,0,168,0,27,57,0,0,0,2,1,7,0
1492-2,6,32,salineros,119,60,1,396,411,0,169,0,27,57,0,0,0,2,,0,0
1492-2,6,33,salineros,119,60,1,412,423,0,170,0,27,57,0,0,0,2,,0,0
1492-2,6,34,salineros,119,60,1,428,435,0,170,0,27,56,0,0,0,2,,0,0
1492-2,6,35,salineros,119,60,1,444,468,0,169,0,48,77,0,0,0,2,,0,0
1492-2,6,36,salineros,119,60,1,460,501,0,167,0,48,77,0,0,0,2,,0,0
1492-2,6,37,salineros,119,60,1,549,513,0,152,0,48,76,0,0,0,2,1,9,0
1492-2,6,38,salineros,119,60,1,565,546,0,149,0,48,76,0,0,0,2,,0,0
1492-2,6,39,salineros,122,60,1,581,579,0,144,0,48,75,0,0,0,2,,0,0
1492-2,6,40,salineros,122,60,1,597,612,0,138,0,48,75,0,0,0,2,,0,0
1492-2,6,41,salineros,122,60,1,613,627,0,132,0,30,57,0,0,0,2,,0,0
1492-2,6,42,salineros,122,60,1,629,642,0,126,0,30,57,0,0,0,2,,0,0
1492-2,6,43,salineros,122,60,1,726,657,0,109,0,30,57,0,0,0,2,1,5,0
1492-2,6,44,salineros,122,60,1,742,672,0,102,0,30,57,0,0,0,2,,0,0
1492-2,6,45,salineros,122,60,1,758,687,0,95,0,30,57,0,0,0,2,,0,0
1492-2,6,46,salineros,122,60,1,774,702,0,87,0,30,57,0,0,0,2,,0,0
1492-2,6,47,salineros,125,60,1,790,705,0,79,0,18,45,0,0,0,2,,0,0
1492-2,6,48,salineros,125,60,1,800,708,0,71,0,18,39,0,0,0,2,,0,0
1492-2,6,49,salineros,125,60,1,906,671,0,54,0,18,39,0,0,0,2,1,7,0
1492-2,6,50,salineros,125,60,1,916,674,0,47,0,18,39,0,0,0,2,,0,0
1492-2,6,51,salineros,179,130,2,926,677,0,40,0,18,39,0,0,0,3,,0,0
1492-2,6,52,salineros,179,130,2,943,663,0,33,0,18,53,0,0,0,3,,0,0
1492-2,6,53,salineros,179,130,2,960,655,0,26,0,24,59,0,0,0,3,,0,0
1492-2,6,54,salineros,179,130,2,983,647,0,20,0,24,65,0,0,0,3,,0,0
1492-2,6,55,salineros,179,130,2,979,581,0,10,0,24,65,0,0,0,3,1,11,0
1492-2,6,56,salineros,179,130,2,1002,573,0,5,0,24,65,0,0,0,3,,0,0
1492-2,6,57,salineros,241,175,3,1025,565,0,0,0,24,65,0,0,0,4,,0,0
1492-2,6,58,salineros,241,175,3,1049,546,0,7,0,24,73,0,0,0,4,,0,0
1492-2,6,59,salineros,241,177,3,1073,551,0,2,0,48,97,0,0,0,4,,0,0
1492-2,6,60,salineros,241,179,3,1097,555,0,9,0,48,97,0,0,0,4,,0,0
1492-2,6,61,salineros,242,181,3,1117,549,0,3,0,48,97,0,0,0,4,1,10,0
1492-2,6,62,salineros,242,183,3,1143,552,0,10,0,48,99,0,0,0,4,,0,0
1492-2,6,63,salineros,243,185,3,1169,555,0,5,0,48,99,0,0,0,4,,0,0
1492-2,6,64,salineros,243,187,3,1195,557,0,0,0,48,99,0,0,0,4,,0,0
1492-2,6,65,salineros,243,187,3,1221,541,0,7,0,30,81,0,0,0,4,,0,0
1492-2,6,66,salineros,243,187,3,1247,525,0,3,0,30,81,0,0,0,4,,0,0
1492-2,6,67,salineros,243,187,3,1191,469,0,0,0,30,81,0,0,0,4,1,3,0
1492-2,6,68,salineros,243,187,3,1217,451,0,7,0,30,81,0,1,0,4,,0,0
1492-2,6,69,salineros,272,232,4,1243,444,0,5,0,39,90,0,0,0,4,,0,0
1492-2,6,70,salineros,272,232,4,1268,425,0,3,0,39,98,0,0,0,4,,0,0
1492-2,6,71,salineros,272,232,4,1293,390,0,2,0,23,82,0,0,0,4,,0,0
1492-2,6,72,salineros,272,232,4,1312,355,0,1,0,23,76,0,0,0,4,,0,0
1492-2,6,73,salineros,272,232,4,1288,320,0,1,0,23,76,0,0,0,4,1,4,0
1492-2,6,74,salineros,272,232,4,1299,285,0,2,0,23,66,0,0,0,4,,0,0
1492-2,6,75,salineros,272,232,4,1310,250,0,4,0,23,66,0,0,0,4,,0,0
1492-2,6,76,salineros,272,232,4,1321,215,0,6,0,23,66,0,0,0,4,,0,0
1492-2,6,77,salineros,272,232,4,1332,188,0,9,0,31,74,0,0,0,4,,0,0
1492-2,6,78,salineros,272,232,4,1349,161,0,12,0,31,80,0,0,0,4,,0,0
1492-2,6,79,salineros,272,232,4,1313,134,0,16,0,31,80,0,0,0,4,1,2,0
1492-2,6,80,salineros,272,232,4,1330,105,0,20,0,31,80,0,1,0,4,,0,0
1492-2,6,81,salineros,272,232,4,1347,84,0,25,0,37,86,0,0,0,4,,0,0
1492-2,6,82,salineros,272,232,4,1364,63,0,30,0,37,86,0,0,0,4,,0,0
1492-2,6,83,salineros,273,236,4,1381,79,0,35,0,74,123,0,0,0,4,,0,0
1492-2,6,84,salineros,273,239,4,1398,94,0,40,0,74,123,0,0,0,4,,0,0
1492-2,6,85,salineros,274,241,4,1475,79,0,35,0,74,125,0,0,0,4,1,5,0
1492-2,6,86,salineros,274,243,4,1501,93,0,40,0,74,132,0,0,0,4,,0,0
1492-2,6,87,salineros,308,313,5,1527,107,0,44,0,74,132,0,0,0,4,,0,0
1492-2,6,88,salineros,308,313,5,1560,103,0,48,0,74,146,0,0,0,4,,0,0
1492-2,6,89,salineros,308,313,5,1593,72,0,53,0,47,119,0,0,0,4,,0,0
1492-2,6,90,salineros,308,313,5,1626,41,0,59,0,47,119,0,0,0,4,,0,0
1492-2,6,91,salineros,308,313,5,1738,10,0,55,0,47,119,0,0,0,4,1,4,0
1492-2,6,92,salineros,307,313,5,1771,0,0,62,0,47,119,1,0,0,4,,0,0
1492-2,6,93,salineros,306,313,5,1804,0,0,69,0,47,119,1,0,0,4,,0,0
1492-2,6,94,salineros,304,306,5,1837,0,0,76,0,47,119,1,0,0,4,,0,0
1492-2,6,95,salineros,301,299,5,1863,0,0,83,0,26,91,1,0,0,4,,0,0
1492-2,6,96,salineros,299,294,5,1884,0,0,90,0,26,86,1,0,0,4,,0,0
1492-2,6,97,salineros,297,289,5,2030,0,0,87,0,25,85,1,0,0,4,1,3,0
1492-2,6,98,salineros,295,284,5,2044,0,0,94,0,25,76,1,0,0,4,,0,0
1492-2,6,99,salineros,293,279,5,2058,0,0,100,0,23,73,1,0,0,4,,0,0
1492-2,6,100,salineros,291,274,5,2072,0,0,106,0,22,72,1,0,0,4,,0,0
1492-2,6,101,salineros,187,157,3,2086,0,0,112,0,28,63,1,0,0,4,,0,0
1492-2,6,102,salineros,137,110,2,2102,0,0,117,0,24,55,1,0,0,4,,0,0
1492-2,6,103,salineros,135,108,2,2241,0,0,112,0,23,53,1,0,0,4,1,5,0
1492-2,6,104,salineros,134,106,2,2251,0,0,116,0,19,41,1,0,0,4,,0,0
1492-2,6,105,salineros,132,104,2,2260,0,0,120,0,19,40,1,0,0,4,,0,0
1492-2,6,106,salineros,131,102,2,2269,0,0,124,0,19,40,1,0,0,4,,0,0
1492-2,6,107,salineros,80,47,1,2278,10,0,127,0,28,42,0,0,0,4,,0,0
1492-2,6,108,salineros,80,47,1,2285,27,0,130,0,28,42,0,0,0,4,,0,0
1492-2,6,109,salineros,80,49,1,2423,44,0,123,0,28,42,0,0,0,4,1,2,0
1492-2,6,110,salineros,81,51,1,2430,68,0,126,0,36,51,0,0,0,4,,0,0
1492-2,6,111,salineros,81,53,1,2438,92,0,129,0,36,52,0,0,0,4,,0,0
1492-2,6,112,salineros,82,55,1,2446,115,0,131,0,36,52,0,0,0,4,,0,0
1492-2,6,113,salineros,82,57,1,2454,124,0,133,0,22,38,0,0,0,4,,0,0
1492-2,6,114,salineros,82,59,1,2462,137,0,136,0,27,44,0,0,0,4,,0,0
1492-2,6,115,salineros,83,60,1,2546,144,0,129,0,27,44,0,0,0,4,1,6,0
1492-2,6,116,salineros,83,60,1,2555,156,0,131,0,27,45,0,0,0,4,,0,0
1492-2,6,117,salineros,83,60,1,2564,168,0,133,0,27,45,0,0,0,4,,0,0
1492-2,6,118,salineros,83,60,1,2573,183,0,136,0,30,49,0,0,0,4,,0,0
1492-2,6,119,salineros,83,60,1,2582,186,0,139,0,18,37,0,0,0,4,,0,0
1492-2,6,120,salineros,83,60,1,2591,189,0,142,0,18,37,0,0,0,4,,0,0
1492-2,6,121,salineros,83,60,1,2673,192,0,135,0,18,37,0,0,0,4,1,5,0
1492-2,6,122,salineros,83,60,1,2682,195,0,138,0,18,37,0,0,0,4,,0,0
1492-2,6,123,salineros,83,60,1,2691,198,0,141,0,18,37,0,0,0,4,,0,0
1492-2,6,124,salineros,83,60,1,2700,201,0,143,0,18,37,0,0,0,4,,0,0
1492-2,6,125,salineros,83,60,1,2709,210,0,145,0,24,43,0,0,0,4,,0,0
1492-2,6,126,salineros,83,60,1,2722,219,0,147,0,24,47,0,0,0,4,,0,0
1492-2,6,127,salineros,83,60,1,2816,223,0,139,0,24,47,0,0,0,4,1,6,0
1492-2,6,128,salineros,83,60,1,2829,232,0,141,0,24,47,0,0,0,4,,0,0
1492-2,6,129,salineros,83,60,1,2842,241,0,143,0,24,47,0,0,0,4,,0,0
1492-2,6,130,salineros,83,60,1,2855,250,0,145,0,24,47,0,0,0,4,,0,0
1492-2,6,131,salineros,83,60,1,2868,283,0,146,0,48,71,0,0,0,4,,0,0
1492-2,6,132,salineros,83,60,1,2881,310,0,146,0,42,65,0,0,0,4,,0,0
1492-2,6,133,salineros,83,60,1,2970,337,0,136,0,42,65,0,0,0,4,1,5,0
1492-2,6,134,salineros,83,60,1,2983,364,0,135,0,42,65,0,0,0,4,,0,0
1492-2,6,135,salineros,83,60,1,2996,391,0,134,0,42,65,0,0,0,4,,0,0
1492-2,6,136,salineros,83,60,1,3009,418,0,132,0,42,65,0,0,0,4,,0,0
1492-2,6,137,salineros,83,60,1,3022,429,0,130,0,26,49,0,0,0,4,,0,0
1492-2,6,138,salineros,83,60,1,3035,444,0,128,0,30,53,0,0,0,4,,0,0
1492-2,6,139,salineros,83,60,1,3121,455,0,115,0,30,53,0,0,0,4,1,5,0
1492-2,6,140,salineros,83,60,1,3134,470,0,112,0,30,53,0,0,0,4,,0,0
1492-2,6,141,salineros,83,60,1,3147,485,0,109,0,30,53,0,0,0,4,,0,0
1492-2,6,142,salineros,83,60,1,3160,500,0,106,0,30,53,0,0,0,4,,0,0
1492-2,6,143,salineros,83,60,1,3173,503,0,102,0,18,41,0,0,0,4,,0,0
1492-2,6,144,salineros,83,60,1,3182,506,0,98,0,18,37,0,0,0,4,,0,0
1492-2,6,145,salineros,83,60,1,3292,469,0,85,0,18,37,0,0,0,4,1,5,0
1492-2,6,146,salineros,83,60,1,3301,472,0,82,0,18,37,0,0,0,4,,0,0
1492-2,6,147,salineros,114,115,2,3310,475,0,79,0,18,37,0,0,0,4,,0,0
1492-2,6,148,salineros,114,115,2,3321,469,0,76,0,22,48,0,0,0,4,,0,0
1492-2,6,149,salineros,114,117,2,3332,471,0,73,0,30,56,0,0,0,4,,0,0
1492-2,6,150,salineros,114,119,2,3347,472,0,70,0,30,60,0,0,0,4,,0,0
1492-2,6,151,salineros,115,120,2,3458,429,0,58,0,30,60,0,0,0,4,1,7,0
1492-2,6,152,salineros,115,120,2,3474,425,0,58,0,30,63,0,0,0,4,,0,0
1492-2,6,153,salineros,155,220,3,3490,425,0,58,0,30,63,0,0,0,4,,0,0
1492-2,6,154,salineros,155,220,3,3515,400,0,59,0,30,83,0,0,0,4,,0,0
1492-2,6,155,salineros,155,220,3,3540,405,0,59,0,60,113,0,0,0,4,,0,0
1492-2,6,156,salineros,155,220,3,3565,410,0,59,0,60,113,0,0,0,4,,0,0
1492-2,6,157,salineros,155,220,3,3663,411,0,48,0,60,113,0,0,0,4,1,6,0
1492-2,6,158,salineros,155,220,3,3688,416,0,48,0,60,113,0,0,0,4,,0,0
1492-2,6,159,salineros,155,220,3,3713,421,0,48,0,60,113,0,0,0,4,,0,0
1492-2,6,160,salineros,155,220,3,3738,426,0,48,0,60,113,0,0,0,4,,0,0
1492-2,6,161,salineros,155,220,3,3763,409,0,48,0,38,91,0,0,0,4,,0,0
1492-2,6,162,salineros,155,220,3,3788,392,0,49,0,38,91,0,0,0,4,,0,0
1492-2,6,163,salineros,155,220,3,3894,375,0,40,0,38,91,0,0,0,4,1,5,0
1492-2,6,164,salineros,155,220,3,3919,358,0,41,0,38,91,0,0,0,4,,0,0
1492-2,6,165,salineros,155,220,3,3944,341,0,43,0,38,91,0,0,0,4,,0,0
1492-2,6,166,salineros,155,220,3,3969,324,0,45,0,38,91,0,0,0,4,,0,0
1492-2,6,167,salineros,155,220,3,3994,291,0,48,0,22,75,0,0,0,4,,0,0
1492-2,6,168,salineros,155,220,3,4015,258,0,51,0,22,71,0,0,0,4,,0,0
1492-2,6,169,salineros,155,220,3,4112,221,0,45,0,22,71,0,0,0,4,1,5,0
1492-2,6,170,salineros,155,220,3,4133,188,0,50,0,22,71,0,0,0,4,,0,0
1492-2,6,171,salineros,155,220,3,4154,155,0,55,0,22,71,0,0,0,4,,0,0
1492-2,6,172,salineros,155,220,3,4175,122,0,61,0,22,71,0,0,0,4,,0,0
1492-2,6,173,salineros,155,220,3,4196,97,0,68,0,30,79,0,0,0,4,,0,0
1492-2,6,174,salineros,155,220,3,4221,72,0,75,0,30,83,0,0,0,4,,0,0
1492-2,6,175,salineros,155,220,3,4369,47,0,73,0,30,83,0,0,0,4,1,5,0
1492-2,6,176,salineros,155,220,3,4384,30,0,81,0,38,78,0,0,0,4,,0,0
1492-2,6,177,salineros,155,220,3,4399,13,0,89,0,38,78,0,0,0,4,,0,0
1492-2,6,178,salineros,154,220,3,4414,0,0,98,0,38,78,1,0,0,4,,0,0
1492-2,6,179,salineros,154,220,3,4429,21,0,106,0,76,116,0,0,0,4,,0,0
1492-2,6,180,salineros,154,220,3,4444,42,0,114,0,76,116,0,0,0,4,,0,0
1492-2,6,181,salineros,154,220,3,4540,59,0,110,0,76,116,0,0,0,4,1,5,0
1492-2,6,182,salineros,154,220,3,4555,64,0,117,0,60,100,0,0,0,4,,0,0
1492-2,6,183,salineros,154,220,3,4570,50,0,125,0,41,81,0,0,0,4,,0,0
1492-2,6,184,salineros,154,220,3,4585,36,0,133,0,41,81,0,0,0,4,,0,0
1492-2,6,185,salineros,154,220,3,4600,7,0,141,0,26,66,0,0,0,4,,0,0
1492-2,6,186,salineros,153,220,3,4615,0,0,150,0,26,66,1,0,0,4,,0,0
1492-2,6,187,salineros,152,220,3,4756,0,0,149,0,26,66,1,0,0,4,1,4,0
1492-2,6,188,salineros,150,215,3,4771,0,0,158,0,26,66,1,0,0,4,,0,0
1492-2,6,189,salineros,148,211,3,4783,0,0,167,0,38,75,1,0,0,4,,0,0
1492-2,6,190,salineros,146,207,3,4795,0,0,176,0,38,75,1,0,0,4,,0,0
1492-2,6,191,salineros,144,203,3,4807,0,0,185,0,22,59,1,0,0,4,,0,0
1492-2,6,192,salineros,142,199,3,4815,0,0,194,0,22,55,1,0,0,4,,0,0
1492-2,6,193,salineros,141,195,3,4945,0,0,193,0,22,54,1,0,0,4,1,3,0
1492-2,6,194,salineros,139,191,3,4948,0,0,201,0,19,46,1,0,0,4,,0,0
1492-2,6,195,salineros,137,187,3,4951,0,0,209,0,19,46,1,0,0,4,,0,0
1492-2,6,196,salineros,135,183,3,4954,0,0,217,0,19,46,1,0,0,4,,0,0
1492-2,6,197,salineros,133,179,3,4957,0,0,225,0,25,52,1,0,0,4,,0,0
1492-2,6,198,salineros,132,175,3,4963,0,0,232,0,21,50,1,0,0,4,,0,0
1492-2,6,199,salineros,75,96,2,5097,0,0,229,0,21,43,1,0,0,4,1,3,0
1492-2,6,200,salineros,73,94,2,5101,0,0,236,0,21,40,1,0,0,4,,0,0
1492-3,6,1,arrieros,40,86,1,42,59,0,0,0,9,27,0,0,0,0,1,4,0
1492-3,6,2,arrieros,40,86,1,46,44,0,0,0,9,17,0,0,0,0,,0,0
1492-3,6,3,arrieros,40,86,1,50,29,0,0,0,9,17,0,0,0,0,,0,0
1492-3,6,4,arrieros,40,86,1,54,15,0,0,0,9,17,0,0,0,0,,0,0
1492-3,6,5,arrieros,40,86,1,58,4,0,0,0,12,20,0,1,0,0,,0,0
1492-3,6,6,arrieros,39,86,1,78,0,0,0,0,12,36,1,0,0,0,,0,0
1492-3,6,7,arrieros,38,86,1,80,0,0,0,0,12,36,1,0,0,0,1,6,0
1492-3,6,8,arrieros,36,84,1,100,0,0,0,0,12,36,1,0,0,0,,0,0
1492-3,6,9,arrieros,35,82,1,120,0,0,0,0,12,36,1,0,0,0,,0,0
1492-3,6,10,arrieros,34,80,1,140,0,0,0,0,12,36,1,0,0,0,,0,0
1492-3,6,11,arrieros,34,80,1,150,5,0,0,0,25,49,0,0,0,0,,0,0
1492-3,6,12,arrieros,34,80,1,170,8,0,0,0,25,49,0,1,0,0,,0,0
1492-3,6,13,arrieros,34,80,1,103,27,0,0,0,38,62,0,0,0,0,1,4,0
1492-3,6,14,arrieros,34,80,1,123,44,0,0,0,38,62,0,0,0,0,,0,0
1492-3,6,15,arrieros,34,80,1,143,60,0,0,0,38,62,0,0,0,0,,0,0
1492-3,6,16,arrieros,34,80,1,163,75,0,0,0,38,62,0,0,0,0,,0,0
1492-3,6,17,arrieros,49,80,1,183,76,0,0,0,24,48,0,0,0,1,,0,0
1492-3,6,18,arrieros,49,80,1,203,77,0,0,0,24,48,0,0,0,1,,0,0
1492-3,6,19,arrieros,48,76,1,151,84,0,0,0,24,48,0,0,0,1,1,4,0
1492-3,6,20,arrieros,48,76,1,169,86,0,0,0,24,46,0,0,0,1,,0,0
1492-3,6,21,arrieros,48,76,1,187,88,0,0,0,24,46,0,0,0,1,,0,0
1492-3,6,22,arrieros,48,76,1,205,90,0,0,0,24,46,0,0,0,1,,0,0
1492-3,6,23,arrieros,48,76,1,223,82,0,0,0,14,36,0,0,0,1,,0,0
1492-3,6,24,arrieros,48,76,1,234,74,0,0,0,14,29,0,0,0,1,,0,0
1492-3,6,25,arrieros,47,72,1,181,53,0,0,0,14,29,0,0,0,1,1,7,0
1492-3,6,26,arrieros,60,72,1,192,48,0,0,0,14,29,0,0,0,2,,0,0
1492-3,6,27,arrieros,60,72,1,203,43,0,0,0,14,29,0,0,0,2,,0,0
1492-3,6,28,arrieros,60,72,1,214,38,0,0,0,14,29,0,0,0,2,,0,0
1492-3,6,29,arrieros,60,72,1,225,38,0,0,0,19,34,0,0,0,2,,0,0
1492-3,6,30,arrieros,60,72,1,243,38,0,0,0,19,41,0,0,0,2,,0,0
1492-3,6,31,arrieros,60,72,1,209,51,0,0,0,19,41,0,0,0,2,1,5,0
1492-3,6,32,arrieros,63,72,1,227,50,0,0,0,19,41,0,0,0,2,,0,0
1492-3,6,33,arrieros,63,72,1,245,49,0,0,0,19,41,0,0,0,2,,0,0
1492-3,6,34,arrieros,63,72,1,263,48,0,0,0,19,41,0,0,0,2,,0,0
1492-3,6,35,arrieros,63,72,1,281,66,0,0,0,38,60,0,0,0,2,,0,0
1492-3,6,36,arrieros,63,72,1,299,83,0,0,0,38,60,0,0,0,2,,0,0
1492-3,6,37,arrieros,62,68,1,252,107,0,0,0,38,60,0,0,0,2,1,6,0
1492-3,6,38,arrieros,62,68,1,268,123,0,0,0,38,58,0,0,0,2,,0,0
1492-3,6,39,arrieros,62,68,1,284,139,0,0,0,38,58,0,0,0,2,,0,0
1492-3,6,40,arrieros,62,68,1,300,154,0,0,0,38,58,0,0,0,2,,0,0
1492-3,6,41,arrieros,62,68,1,316,155,0,0,0,24,44,0,0,0,2,,0,0
1492-3,6,42,arrieros,65,68,1,332,156,0,0,0,24,44,0,0,0,2,,0,0
1492-3,6,43,arrieros,64,64,1,287,143,0,0,0,24,44,0,0,0,2,1,8,0
1492-3,6,44,arrieros,67,64,1,303,139,0,0,0,24,44,0,0,0,2,,0,0
1492-3,6,45,arrieros,67,64,1,319,142,0,0,0,24,44,0,0,0,2,,0,0
1492-3,6,46,arrieros,67,64,1,335,144,0,0,0,24,44,0,0,0,2,,0,0
1492-3,6,47,arrieros,67,64,1,351,137,0,0,0,14,34,0,0,0,2,,0,0
1492-3,6,48,arrieros,67,64,1,361,130,0,0,0,14,28,0,0,0,2,,0,0
1492-3,6,49,arrieros,67,60,1,294,118,0,0,0,14,28,0,0,0,2,1,7,0
1492-3,6,50,arrieros,67,60,1,304,107,0,0,0,14,28,0,0,0,2,,0,0
1492-3,6,51,arrieros,70,60,1,314,102,0,0,0,14,28,0,0,0,2,,0,0
1492-3,6,52,arrieros,70,60,1,324,97,0,0,0,14,28,0,0,0,2,,0,0
1492-3,6,53,arrieros,70,60,1,334,91,0,0,0,19,33,0,0,0,2,,0,0
1492-3,6,54,arrieros,70,60,1,350,92,0,0,0,19,39,0,0,0,2,,0,0
1492-3,6,55,arrieros,70,60,1,274,93,0,0,0,19,39,0,0,0,2,1,5,0
1492-3,6,56,arrieros,73,60,1,290,92,0,0,0,19,39,0,1,0,2,,0,0
1492-3,6,57,arrieros,73,60,1,306,93,0,0,0,19,45,0,0,0,2,,0,0
1492-3,6,58,arrieros,73,60,1,322,94,0,0,0,19,45,0,0,0,2,,0,0
1492-3,6,59,arrieros,73,60,1,338,113,0,0,0,38,64,0,0,0,2,,0,0
1492-3,6,60,arrieros,73,60,1,354,131,0,0,0,38,64,0,0,0,2,,0,0
1492-3,6,61,arrieros,73,60,1,335,148,0,0,0,38,64,0,0,0,2,1,8,0
1492-3,6,62,arrieros,73,60,1,351,163,0,0,0,38,64,0,1,0,2,,0,0
1492-3,6,63,arrieros,73,60,1,367,179,0,0,0,38,64,0,0,0,2,,0,0
1492-3,6,64,arrieros,73,60,1,383,194,0,0,0,38,64,0,0,0,2,,0,0
1492-3,6,65,arrieros,73,60,1,399,195,0,0,0,24,50,0,0,0,2,,0,0
1492-3,6,66,arrieros,76,60,1,415,196,0,0,0,24,50,0,0,0,2,,0,0
1492-3,6,67,arrieros,76,60,1,566,138,0,0,0,24,50,0,0,0,2,1,8,0
1492-3,6,68,arrieros,76,60,1,582,142,0,0,0,24,50,0,0,0,2,,0,0
1492-3,6,69,arrieros,123,96,2,598,145,0,0,0,24,50,0,0,0,3,,0,0
1492-3,6,70,arrieros,123,97,2,611,140,0,0,0,24,56,0,0,0,3,,0,0
1492-3,6,71,arrieros,123,97,2,624,125,0,0,0,14,46,0,0,0,3,,0,0
1492-3,6,72,arrieros,123,97,2,631,111,0,0,0,14,40,0,0,0,3,,0,0
1492-3,6,73,arrieros,123,97,2,683,71,0,0,0,14,40,0,0,0,3,1,9,0
1492-3,6,74,arrieros,126,97,2,690,51,0,0,0,14,40,0,0,0,3,,0,0
1492-3,6,75,arrieros,126,97,2,697,38,0,0,0,14,40,0,1,0,3,,0,0
1492-3,6,76,arrieros,126,97,2,704,31,0,0,0,18,44,0,0,0,3,,0,0
1492-3,6,77,arrieros,126,98,2,711,31,0,0,0,25,51,0,0,0,3,,0,0
1492-3,6,78,arrieros,126,99,2,724,31,0,0,0,25,57,0,0,0,3,,0,0
1492-3,6,79,arrieros,127,100,2,791,31,0,0,0,25,57,0,0,0,3,1,7,0
1492-3,6,80,arrieros,130,102,2,806,30,0,0,0,25,59,0,0,0,3,,0,0
1492-3,6,81,arrieros,130,102,2,821,29,0,0,0,25,59,0,0,0,3,,0,0
1492-3,6,82,arrieros,130,102,2,836,28,0,0,0,25,59,0,0,0,3,,0,0
1492-3,6,83,arrieros,130,104,2,851,51,0,0,0,50,84,0,0,0,3,,0,0
1492-3,6,84,arrieros,131,106,2,866,72,0,0,0,50,84,0,0,0,3,,0,0
1492-3,6,85,arrieros,131,108,2,905,54,0,0,0,50,84,0,0,0,3,1,7,0
1492-3,6,86,arrieros,132,110,2,920,74,0,0,0,50,84,0,0,0,3,,0,0
1492-3,6,87,arrieros,190,154,3,937,94,0,0,0,50,86,0,0,0,4,,0,0
1492-3,6,88,arrieros,191,158,3,953,102,0,0,0,50,94,0,0,0,4,,0,0
1492-3,6,89,arrieros,191,158,3,969,92,0,0,0,32,76,0,0,0,4,,0,0
1492-3,6,90,arrieros,191,158,3,985,82,0,0,0,32,76,0,0,0,4,,0,0
1492-3,6,91,arrieros,194,158,3,1015,34,0,0,0,32,76,0,0,0,4,1,5,0
1492-3,6,92,arrieros,194,158,3,1031,24,0,0,0,32,76,0,1,0,4,,0,0
1492-3,6,93,arrieros,223,203,4,1047,24,0,0,0,39,83,0,0,0,4,,0,0
1492-3,6,94,arrieros,223,203,4,1062,13,0,0,0,39,91,0,0,0,4,,0,0
1492-3,6,95,arrieros,222,203,4,1077,0,0,0,0,22,74,1,0,0,4,,0,0
1492-3,6,96,arrieros,221,203,4,1086,0,0,0,0,22,68,1,0,0,4,,0,0
1492-3,6,97,arrieros,219,199,4,1148,0,0,0,0,22,68,1,0,0,4,1,6,0
1492-3,6,98,arrieros,218,195,4,1156,0,0,0,0,21,66,1,0,0,4,,0,0
1492-3,6,99,arrieros,216,191,4,1164,0,0,0,0,20,65,1,0,0,4,,0,0
1492-3,6,100,arrieros,214,187,4,1172,0,0,0,0,19,64,1,0,0,4,,0,0
1492-3,6,101,arrieros,212,183,4,1180,0,0,0,0,25,70,1,0,0,4,,0,0
1492-3,6,102,arrieros,210,179,4,1189,0,0,0,0,23,68,1,0,0,4,,0,0
1492-3,6,103,arrieros,209,175,4,1249,0,0,0,0,23,66,1,0,0,4,1,3,0
1492-3,6,104,arrieros,112,98,2,1255,0,0,0,0,20,51,1,0,0,4,,0,0
1492-3,6,105,arrieros,62,51,1,1268,0,0,0,0,14,36,1,0,0,4,,0,0
1492-3,6,106,arrieros,62,51,1,1282,2,0,0,0,14,36,0,0,0,4,,0,0
1492-3,6,107,arrieros,62,51,1,1296,12,0,0,0,22,44,0,0,0,4,,0,0
1492-3,6,108,arrieros,62,51,1,1310,22,0,0,0,22,44,0,0,0,4,,0,0
1492-3,6,109,arrieros,62,53,1,1377,31,0,0,0,22,44,0,0,0,4,1,5,0
1492-3,6,110,arrieros,63,55,1,1385,39,0,0,0,22,37,0,0,0,4,,0,0
1492-3,6,111,arrieros,63,57,1,1393,47,0,0,0,22,37,0,0,0,4,,0,0
1492-3,6,112,arrieros,63,59,1,1401,57,0,0,0,26,42,0,0,0,4,,0,0
1492-3,6,113,arrieros,64,60,1,1409,62,0,0,0,21,37,0,0,0,4,,0,0
1492-3,6,114,arrieros,64,60,1,1418,66,0,0,0,21,38,0,0,0,4,,0,0
1492-3,6,115,arrieros,64,60,1,1450,9,0,0,0,21,38,0,0,0,4,1,9,0
1492-3,6,116,arrieros,64,60,1,1459,18,0,0,0,24,42,0,0,0,4,,0,0
1492-3,6,117,arrieros,97,110,2,1468,26,0,0,0,24,42,0,0,0,4,,0,0
1492-3,6,118,arrieros,97,110,2,1478,23,0,0,0,24,52,0,0,0,4,,0,0
1492-3,6,119,arrieros,97,110,2,1488,10,0,0,0,14,42,0,0,0,4,,0,0
1492-3,6,120,arrieros,96,110,2,1498,0,0,0,0,14,42,1,0,0,4,,0,0
1492-3,6,121,arrieros,95,110,2,1561,0,0,0,0,14,42,1,0,0,4,1,7,0
1492-3,6,122,arrieros,93,108,2,1571,0,0,0,0,14,42,1,0,0,4,,0,0
1492-3,6,123,arrieros,92,106,2,1578,0,0,0,0,14,39,1,0,0,4,,0,0
1492-3,6,124,arrieros,90,104,2,1585,0,0,0,0,14,39,1,0,0,4,,0,0
1492-3,6,125,arrieros,89,102,2,1592,0,0,0,0,19,44,1,0,0,4,,0,0
1492-3,6,126,arrieros,88,100,2,1603,0,0,0,0,17,45,1,0,0,4,,0,0
1492-3,6,127,arrieros,86,98,2,1667,0,0,0,0,17,45,1,0,0,4,1,3,0
1492-3,6,128,arrieros,85,96,2,1675,0,0,0,0,17,39,1,0,0,4,,0,0
1492-3,6,129,arrieros,35,52,1,1683,0,0,0,0,14,33,1,0,0,4,,0,0
1492-3,6,130,arrieros,35,52,1,1695,1,0,0,0,14,33,0,0,0,4,,0,0
1492-3,6,131,arrieros,35,52,1,1707,16,0,0,0,28,47,0,0,0,4,,0,0
1492-3,6,132,arrieros,35,54,1,1719,30,0,0,0,28,47,0,0,0,4,,0,0
1492-3,6,133,arrieros,36,56,1,1784,49,0,0,0,34,54,0,0,0,4,1,3,0
1492-3,6,134,arrieros,36,58,1,1792,67,0,0,0,34,50,0,0,0,4,,0,0
1492-3,6,135,arrieros,37,60,1,1800,84,0,0,0,34,50,0,0,0,4,,0,0
1492-3,6,136,arrieros,37,60,1,1809,99,0,0,0,34,51,0,0,0,4,,0,0
1492-3,6,137,arrieros,37,60,1,1818,104,0,0,0,24,42,0,0,0,4,,0,0
1492-3,6,138,arrieros,37,60,1,1827,109,0,0,0,24,42,0,0,0,4,,0,0
1492-3,6,139,arrieros,37,60,1,1839,76,0,0,0,24,42,0,0,0,4,1,12,0
1492-3,6,140,arrieros,37,60,1,1848,82,0,0,0,24,42,0,0,0,4,,0,0
1492-3,6,141,arrieros,40,60,1,1857,88,0,0,0,24,42,0,0,0,4,,0,0
1492-3,6,142,arrieros,40,60,1,1866,94,0,0,0,24,42,0,0,0,4,,0,0
1492-3,6,143,arrieros,40,60,1,1875,90,0,0,0,14,32,0,0,0,4,,0,0
1492-3,6,144,arrieros,40,60,1,1884,86,0,0,0,14,32,0,0,0,4,,0,0
1492-3,6,145,arrieros,40,60,1,1916,44,0,0,0,14,32,0,0,0,4,1,7,0
1492-3,6,146,arrieros,40,60,1,1925,42,0,0,0,14,32,0,0,0,4,,0,0
1492-3,6,147,arrieros,69,105,2,1934,40,0,0,0,14,32,0,0,0,4,,0,0
1492-3,6,148,arrieros,69,105,2,1942,31,0,0,0,18,44,0,0,0,4,,0,0
1492-3,6,149,arrieros,69,105,2,1950,29,0,0,0,25,51,0,0,0,4,,0,0
1492-3,6,150,arrieros,69,105,2,1962,27,0,0,0,25,55,0,0,0,4,,0,0
1492-3,6,151,arrieros,69,105,2,2027,25,0,0,0,25,55,0,0,0,4,1,4,0
1492-3,6,152,arrieros,69,105,2,2039,24,0,0,0,25,55,0,0,0,4,,0,0
1492-3,6,153,arrieros,69,105,2,2051,23,0,0,0,25,55,0,0,0,4,,0,0
1492-3,6,154,arrieros,69,105,2,2063,22,0,0,0,25,55,0,0,0,4,,0,0
1492-3,6,155,arrieros,69,107,2,2075,45,0,0,0,50,80,0,0,0,4,,0,0
1492-3,6,156,arrieros,69,109,2,2087,67,0,0,0,50,80,0,0,0,4,,0,0
1492-3,6,157,arrieros,70,111,2,2122,38,0,0,0,50,80,0,0,0,4,1,9,0
1492-3,6,158,arrieros,70,113,2,2136,59,0,0,0,50,82,0,0,0,4,,0,0
1492-3,6,159,arrieros,101,167,3,2150,78,0,0,0,50,82,0,0,0,4,,0,0
1492-3,6,160,arrieros,102,171,3,2165,84,0,0,0,50,92,0,0,0,4,,0,0
1492-3,6,161,arrieros,102,171,3,2180,66,0,0,0,26,68,0,0,0,4,,0,0
1492-3,6,162,arrieros,105,171,3,2195,48,0,0,0,26,68,0,0,0,4,,0,0
1492-3,6,163,arrieros,104,171,3,2263,40,0,0,0,26,68,1,0,0,4,1,8,0
1492-3,6,164,arrieros,103,171,3,2278,40,0,0,0,26,68,1,0,0,4,,0,0
1492-3,6,165,arrieros,101,168,3,2293,40,0,0,0,26,68,1,0,0,4,,0,0
1492-3,6,166,arrieros,100,165,3,2307,40,0,0,0,26,67,1,0,0,4,,0,0
1492-3,6,167,arrieros,98,162,3,2321,40,0,0,0,17,58,1,0,0,4,,0,0
1492-3,6,168,arrieros,96,159,3,2331,40,0,0,0,17,54,1,0,0,4,,0,0
1492-3,6,169,arrieros,95,156,3,2394,40,0,0,0,16,53,1,0,0,4,1,3,0
1492-3,6,170,arrieros,93,153,3,2399,40,0,0,0,16,45,1,0,0,4,,0,0
1492-3,6,171,arrieros,92,150,3,2404,40,0,0,0,14,42,1,0,0,4,,0,0
1492-3,6,172,arrieros,41,101,2,2409,40,0,0,0,14,40,1,0,0,4,,0,0
1492-3,6,173,arrieros,-10,51,1,2416,40,0,0,0,17,33,1,0,0,4,,0,0
1492-3,6,174,arrieros,-10,51,1,2398,5,0,0,0,17,37,0,0,0,4,,0,0
1492-3,6,175,arrieros,-10,51,1,2463,10,0,0,0,17,37,0,0,0,4,1,5,0
1492-3,6,176,arrieros,21,106,2,2471,15,0,0,0,17,33,0,0,0,4,,0,0
1492-3,6,177,arrieros,21,106,2,2480,6,0,0,0,17,43,0,0,0,4,,0,0
1492-3,6,178,arrieros,23,106,2,2489,0,0,0,0,17,43,1,0,0,4,,0,0
1492-3,6,179,arrieros,23,106,2,2498,8,0,0,0,34,60,0,0,0,4,,0,0
1492-3,6,180,arrieros,23,106,2,2507,20,0,0,0,38,65,0,0,0,4,,0,0
1492-3,6,181,arrieros,24,110,2,2559,31,0,0,0,38,65,0,0,0,4,1,7,0
1492-3,6,182,arrieros,24,114,2,2568,39,0,0,0,38,65,0,1,0,4,,0,0
1492-3,6,183,arrieros,25,117,2,2577,58,0,0,0,49,76,0,0,0,4,,0,0
1492-3,6,184,arrieros,25,119,2,2588,75,0,0,0,49,78,0,0,0,4,,0,0
1492-3,6,185,arrieros,26,120,2,2599,74,0,0,0,31,60,0,0,0,4,,0,0
1492-3,6,186,arrieros,26,120,2,2611,72,0,0,0,31,61,0,0,0,4,,0,0
1492-3,6,187,arrieros,26,120,2,2646,32,0,0,0,31,61,0,0,0,4,1,4,0
1492-3,6,188,arrieros,26,120,2,2658,32,0,0,0,31,61,0,0,0,4,,0,0
1492-3,6,189,arrieros,53,157,3,2670,32,0,0,0,31,61,0,0,0,4,,0,0
1492-3,6,190,arrieros,53,157,3,2678,24,0,0,0,31,63,0,0,0,4,,0,0
1492-3,6,191,arrieros,53,157,3,2686,3,0,0,0,18,50,0,0,0,4,,0,0
1492-3,6,192,arrieros,52,157,3,2694,0,0,0,0,18,50,1,0,0,4,,0,0
1492-3,6,193,arrieros,51,157,3,2755,0,0,0,0,18,50,1,0,0,4,1,3,0
1492-3,6,194,arrieros,49,154,3,2763,0,0,0,0,18,50,1,0,0,4,,0,0
1492-3,6,195,arrieros,48,151,3,2768,0,0,0,0,17,46,1,0,0,4,,0,0
1492-3,6,196,arrieros,46,148,3,2773,0,0,0,0,17,46,1,0,0,4,,0,0
1492-3,6,197,arrieros,45,145,3,2778,0,0,0,0,22,51,1,0,0,4,,0,0
1492-3,6,198,arrieros,43,142,3,2787,0,0,0,0,22,55,1,0,0,4,,0,0
1492-3,6,199,arrieros,41,139,3,2849,0,0,0,0,22,55,1,0,0,4,1,3,0
1492-3,6,200,arrieros,40,136,3,2854,0,0,0,0,22,48,1,0,0,4,,0,0
1492-3,6,1,canteros,46,116,1,45,50,0,0,0,12,36,0,0,0,0,1,4,0
1492-3,6,2,canteros,46,116,1,52,30,0,0,0,12,23,0,0,0,0,,0,0
1492-3,6,3,canteros,46,116,1,59,11,0,0,0,12,23,0,1,0,0,,0,0
1492-3,6,4,canteros,45,116,1,66,0,0,0,0,12,29,1,0,0,0,,0,0
1492-3,6,5,canteros,44,116,1,73,0,0,0,0,16,32,1,0,0,0,,0,0
1492-3,6,6,canteros,42,113,1,91,0,0,0,0,16,43,1,0,0,0,,0,0
1492-3,6,7,canteros,41,110,1,109,0,0,0,0,16,43,1,0,0,0,1,1,0
1492-3,6,8,canteros,39,107,1,127,0,0,0,0,16,43,1,0,0,0,,0,0
1492-3,6,9,canteros,37,104,1,143,0,0,0,0,16,41,1,0,0,0,,0,0
1492-3,6,10,canteros,36,101,1,159,0,0,0,0,14,39,1,0,0,0,,0,0
1492-3,6,11,canteros,36,101,1,165,3,0,0,0,28,53,0,0,0,0,,0,0
1492-3,6,12,canteros,36,101,1,181,4,0,0,0,28,52,0,1,0,0,,0,0
1492-3,6,13,canteros,36,101,1,177,22,0,0,0,43,67,0,0,0,0,1,2,0
1492-3,6,14,canteros,36,101,1,181,37,0,0,0,43,54,0,0,0,0,,0,0
1492-3,6,15,canteros,36,101,1,185,51,0,0,0,43,54,0,1,0,0,,0,0
1492-3,6,16,canteros,36,101,1,197,67,0,0,0,43,62,0,0,0,0,,0,0
1492-3,6,17,canteros,36,101,1,209,70,0,0,0,30,50,0,0,0,0,,0,0
1492-3,6,18,canteros,51,101,1,221,72,0,0,0,30,50,0,0,0,1,,0,0
1492-3,6,19,canteros,50,97,1,93,65,0,0,0,30,50,0,0,0,1,1,4,0
1492-3,6,20,canteros,50,97,1,104,69,0,0,0,30,49,0,0,0,1,,0,0
1492-3,6,21,canteros,50,97,1,115,72,0,0,0,30,48,0,0,0,1,,0,0
1492-3,6,22,canteros,50,97,1,126,75,0,0,0,30,48,0,0,0,1,,0,0
1492-3,6,23,canteros,50,97,1,137,67,0,0,0,18,36,0,0,0,1,,0,0
1492-3,6,24,canteros,50,97,1,148,59,0,0,0,18,36,0,0,0,1,,0,0
1492-3,6,25,canteros,50,97,1,159,61,0,0,0,18,36,0,0,0,1,1,3,0
1492-3,6,26,canteros,50,97,1,170,53,0,0,0,18,36,0,0,0,1,,0,0
1492-3,6,27,canteros,50,97,1,181,46,0,0,0,18,36,0,0,0,1,,0,0
1492-3,6,28,canteros,50,97,1,192,39,0,0,0,18,36,0,0,0,1,,0,0
1492-3,6,29,canteros,50,97,1,203,38,0,0,0,24,42,0,0,0,1,,0,0
1492-3,6,30,canteros,50,97,1,220,37,0,0,0,24,48,0,0,0,1,,0,0
1492-3,6,31,canteros,50,97,1,171,45,0,0,0,24,48,0,0,0,1,1,2,0
1492-3,6,32,canteros,50,97,1,188,44,0,0,0,24,48,0,0,0,1,,0,0
1492-3,6,33,canteros,50,97,1,205,43,0,0,0,24,48,0,0,0,1,,0,0
1492-3,6,34,canteros,50,97,1,222,42,0,0,0,24,48,0,0,0,1,,0,0
1492-3,6,35,canteros,50,97,1,239,64,0,0,0,48,72,0,0,0,1,,0,0
1492-3,6,36,canteros,50,97,1,256,85,0,0,0,48,72,0,0,0,1,,0,0
1492-3,6,37,canteros,49,93,1,220,96,0,0,0,48,72,0,0,0,1,1,6,0
1492-3,6,38,canteros,49,93,1,237,117,0,0,0,48,71,0,0,0,1,,0,0
1492-3,6,39,canteros,49,93,1,254,137,0,0,0,48,71,0,0,0,1,,0,0
1492-3,6,40,canteros,49,93,1,271,156,0,0,0,48,71,0,0,0,1,,0,0
1492-3,6,41,canteros,62,93,1,288,157,0,0,0,30,53,0,0,0,2,,0,0
1492-3,6,42,canteros,62,93,1,305,158,0,0,0,30,53,0,0,0,2,,0,0
1492-3,6,43,canteros,62,93,1,289,169,0,0,0,30,53,0,0,0,2,1,4,0
1492-3,6,44,canteros,65,93,1,306,169,0,0,0,30,53,0,0,0,2,,0,0
1492-3,6,45,canteros,65,93,1,323,169,0,0,0,30,53,0,0,0,2,,0,0
1492-3,6,46,canteros,65,93,1,340,169,0,0,0,30,53,0,0,0,2,,0,0
1492-3,6,47,canteros,65,93,1,357,158,0,0,0,18,41,0,0,0,2,,0,0
1492-3,6,48,canteros,65,93,1,368,147,0,0,0,18,35,0,0,0,2,,0,0
1492-3,6,49,canteros,65,93,1,337,137,0,0,0,18,35,0,0,0,2,1,4,0
1492-3,6,50,canteros,65,93,1,348,127,0,0,0,18,35,0,0,0,2,,0,0
1492-3,6,51,canteros,65,93,1,359,118,0,0,0,18,35,0,0,0,2,,0,0
1492-3,6,52,canteros,65,93,1,370,109,0,0,0,18,35,0,0,0,2,,0,0
1492-3,6,53,canteros,68,93,1,381,106,0,0,0,24,41,0,0,0,2,,0,0
1492-3,6,54,canteros,68,93,1,398,103,0,0,0,24,47,0,0,0,2,,0,0
1492-3,6,55,canteros,68,93,1,373,100,0,0,0,24,46,0,0,0,2,1,4,0
1492-3,6,56,canteros,68,93,1,390,97,0,0,0,24,46,0,0,0,2,,0,0
1492-3,6,57,canteros,68,93,1,407,95,0,0,0,24,46,0,0,0,2,,0,0
1492-3,6,58,canteros,68,93,1,424,93,0,0,0,24,46,0,0,0,2,,0,0
1492-3,6,59,canteros,68,93,1,441,114,0,0,0,48,70,0,0,0,2,,0,0
1492-3,6,60,canteros,68,93,1,458,134,0,0,0,48,70,0,0,0,2,,0,0
1492-3,6,61,canteros,68,93,1,443,160,0,0,0,48,70,0,0,0,2,1,5,0
1492-3,6,62,canteros,68,93,1,460,178,0,0,0,48,70,0,0,0,2,,0,0
1492-3,6,63,canteros,68,93,1,477,195,0,0,0,48,70,0,0,0,2,,0,0
1492-3,6,64,canteros,71,93,1,494,212,0,0,0,48,70,0,0,0,2,,0,0
1492-3,6,65,canteros,71,93,1,511,211,0,0,0,30,52,0,0,0,2,,0,0
1492-3,6,66,canteros,71,93,1,528,210,0,0,0,30,52,0,0,0,2,,0,0
1492-3,6,67,canteros,71,93,1,512,219,0,0,0,30,52,0,0,0,2,1,4,0
1492-3,6,68,canteros,71,93,1,529,217,0,0,0,30,52,0,0,0,2,,0,0
1492-3,6,69,canteros,71,93,1,546,216,0,0,0,30,52,0,0,0,2,,0,0
1492-3,6,70,canteros,71,93,1,563,215,0,0,0,30,52,0,0,0,2,,0,0
1492-3,6,71,canteros,71,93,1,580,202,0,0,0,18,40,0,0,0,2,,0,0
1492-3,6,72,canteros,71,93,1,591,190,0,0,0,18,34,0,0,0,2,,0,0
1492-3,6,73,canteros,71,93,1,560,178,0,0,0,18,34,0,0,0,2,1,2,0
1492-3,6,74,canteros,71,93,1,571,167,0,0,0,18,34,0,0,0,2,,0,0
1492-3,6,75,canteros,71,93,1,582,156,0,0,0,18,34,0,0,0,2,,0,0
1492-3,6,76,canteros,71,93,1,593,145,0,0,0,18,34,0,0,0,2,,0,0
1492-3,6,77,canteros,71,93,1,604,141,0,0,0,24,40,0,0,0,2,,0,0
1492-3,6,78,canteros,71,93,1,621,137,0,0,0,24,46,0,0,0,2,,0,0
1492-3,6,79,canteros,71,93,1,595,133,0,0,0,24,46,0,0,0,2,1,2,0
1492-3,6,80,canteros,71,93,1,612,129,0,0,0,24,46,0,0,0,2,,0,0
1492-3,6,81,canteros,71,93,1,629,125,0,0,0,24,46,0,0,0,2,,0,0
1492-3,6,82,canteros,71,93,1,646,121,0,0,0,24,46,0,0,0,2,,0,0
1492-3,6,83,canteros,71,93,1,663,141,0,0,0,48,70,0,0,0,2,,0,0
1492-3,6,84,canteros,71,93,1,680,160,0,0,0,48,70,0,0,0,2,,0,0
1492-3,6,85,canteros,71,93,1,665,188,0,0,0,48,70,0,0,0,2,1,2,0
1492-3,6,86,canteros,71,93,1,682,205,0,0,0,48,70,0,0,0,2,,0,0
1492-3,6,87,canteros,71,93,1,699,221,0,0,0,48,70,0,0,0,2,,0,0
1492-3,6,88,canteros,71,93,1,716,237,0,0,0,48,70,0,0,0,2,,0,0
1492-3,6,89,canteros,71,93,1,733,235,0,0,0,30,52,0,0,0,2,,0,0
1492-3,6,90,canteros,71,93,1,750,233,0,0,0,30,52,0,0,0,2,,0,0
1492-3,6,91,canteros,71,93,1,725,231,0,0,0,30,52,0,0,0,2,1,2,0
1492-3,6,92,canteros,71,93,1,742,229,0,0,0,30,52,0,0,0,2,,0,0
1492-3,6,93,canteros,71,93,1,759,227,0,0,0,30,52,0,0,0,2,,0,0
1492-3,6,94,canteros,71,93,1,776,225,0,0,0,30,52,0,0,0,2,,0,0
1492-3,6,95,canteros,71,93,1,793,212,0,0,0,18,40,0,0,0,2,,0,0
1492-3,6,96,canteros,71,93,1,804,199,0,0,0,18,34,0,0,0,2,,0,0
1492-3,6,97,canteros,71,93,1,772,187,0,0,0,18,34,0,0,0,2,1,2,0
1492-3,6,98,canteros,71,93,1,783,175,0,0,0,18,34,0,0,0,2,,0,0
1492-3,6,99,canteros,71,93,1,794,164,0,0,0,18,34,0,0,0,2,,0,0
1492-3,6,100,canteros,71,93,1,805,153,0,0,0,18,34,0,0,0,2,,0,0
1492-3,6,101,canteros,71,93,1,816,148,0,0,0,24,40,0,0,0,2,,0,0
1492-3,6,102,canteros,71,93,1,833,144,0,0,0,24,46,0,0,0,2,,0,0
1492-3,6,103,canteros,71,93,1,807,140,0,0,0,24,46,0,0,0,2,1,2,0
1492-3,6,104,canteros,71,93,1,824,136,0,0,0,24,46,0,0,0,2,,0,0
1492-3,6,105,canteros,71,93,1,841,132,0,0,0,24,46,0,0,0,2,,0,0
1492-3,6,106,canteros,71,93,1,858,128,0,0,0,24,46,0,0,0,2,,0,0
1492-3,6,107,canteros,71,93,1,875,141,0,0,0,41,63,0,0,0,2,,0,0
1492-3,6,108,canteros,71,93,1,892,153,0,0,0,41,63,0,0,0,2,,0,0
1492-3,6,109,canteros,71,93,1,869,165,0,0,0,41,63,0,0,0,2,1,2,0
1492-3,6,110,canteros,71,93,1,880,174,0,0,0,41,63,0,0,0,2,,0,0
1492-3,6,111,canteros,71,93,1,891,183,0,0,0,41,63,0,0,0,2,,0,0
1492-3,6,112,canteros,71,93,1,908,192,0,0,0,41,63,0,0,0,2,,0,0
1492-3,6,113,canteros,71,93,1,925,190,0,0,0,30,52,0,0,0,2,,0,0
1492-3,6,114,canteros,71,93,1,942,188,0,0,0,30,52,0,0,0,2,,0,0
1492-3,6,115,canteros,71,93,1,839,186,0,0,0,30,52,0,0,0,2,1,2,0
1492-3,6,116,canteros,71,93,1,856,184,0,0,0,30,52,0,0,0,2,,0,0
1492-3,6,117,canteros,71,93,1,873,182,0,0,0,30,52,0,0,0,2,,0,0
1492-3,6,118,canteros,71,93,1,890,180,0,0,0,30,52,0,0,0,2,,0,0
1492-3,6,119,canteros,71,93,1,907,167,0,0,0,18,40,0,0,0,2,,0,0
1492-3,6,120,canteros,71,93,1,918,154,0,0,0,18,34,0,0,0,2,,0,0
1492-3,6,121,canteros,71,93,1,881,142,0,0,0,18,34,0,0,0,2,1,2,0
1492-3,6,122,canteros,71,93,1,886,130,0,0,0,18,34,0,0,0,2,,0,0
1492-3,6,123,canteros,71,93,1,897,119,0,0,0,18,34,0,0,0,2,,0,0
1492-3,6,124,canteros,71,93,1,908,108,0,0,0,18,34,0,0,0,2,,0,0
1492-3,6,125,canteros,71,93,1,919,103,0,0,0,24,40,0,0,0,2,,0,0
1492-3,6,126,canteros,71,93,1,936,98,0,0,0,24,46,0,0,0,2,,0,0
1492-3,6,127,canteros,71,93,1,921,104,0,0,0,24,46,0,0,0,2,1,2,0
1492-3,6,128,canteros,71,93,1,938,99,0,0,0,24,46,0,0,0,2,,0,0
1492-3,6,129,canteros,71,93,1,955,95,0,0,0,24,46,0,0,0,2,,0,0
1492-3,6,130,canteros,71,93,1,972,91,0,0,0,24,46,0,0,0,2,,0,0
1492-3,6,131,canteros,71,93,1,989,110,0,0,0,48,70,0,0,0,2,,0,0
1492-3,6,132,canteros,71,93,1,1006,128,0,0,0,48,70,0,0,0,2,,0,0
1492-3,6,133,canteros,71,93,1,961,117,0,0,0,48,70,0,0,0,2,1,3,0
1492-3,6,134,canteros,71,93,1,978,135,0,0,0,48,70,0,0,0,2,,0,0
1492-3,6,135,canteros,122,145,2,995,152,0,0,0,48,70,0,0,0,3,,0,0
1492-3,6,136,canteros,122,147,2,1013,156,0,0,0,48,80,0,0,0,3,,0,0
1492-3,6,137,canteros,122,147,2,1031,143,0,0,0,30,62,0,0,0,3,,0,0
1492-3,6,138,canteros,122,147,2,1049,130,0,0,0,30,62,0,0,0,3,,0,0
1492-3,6,139,canteros,122,147,2,1004,89,0,0,0,30,62,0,0,0,3,1,4,0
1492-3,6,140,canteros,122,147,2,1022,78,0,0,0,30,62,0,0,0,3,,0,0
1492-3,6,141,canteros,182,197,3,1040,68,0,0,0,30,62,0,0,0,4,,0,0
1492-3,6,142,canteros,182,197,3,1059,46,0,0,0,30,72,0,0,0,4,,0,0
1492-3,6,143,canteros,182,197,3,1078,13,0,0,0,18,60,0,0,0,4,,0,0
1492-3,6,144,canteros,181,197,3,1091,0,0,0,0,18,54,1,0,0,4,,0,0
1492-3,6,145,canteros,180,197,3,1071,10,0,0,0,18,54,1,0,0,4,1,4,0
1492-3,6,146,canteros,178,193,3,1084,0,0,0,0,18,54,1,0,0,4,,0,0
1492-3,6,147,canteros,176,189,3,1095,0,0,0,0,18,52,1,0,0,4,,0,0
1492-3,6,148,canteros,175,185,3,1105,0,0,0,0,18,51,1,0,0,4,,0,0
1492-3,6,149,canteros,173,181,3,1115,0,0,0,0,24,57,1,0,0,4,,0,0
1492-3,6,150,canteros,171,177,3,1131,0,0,0,0,24,63,1,0,0,4,,0,0
1492-3,6,151,canteros,169,173,3,1112,10,0,0,0,24,61,1,0,0,4,1,4,0
1492-3,6,152,canteros,167,169,3,1122,0,0,0,0,24,55,1,0,0,4,,0,0
1492-3,6,153,canteros,166,165,3,1130,0,0,0,0,24,53,1,0,0,4,,0,0
1492-3,6,154,canteros,116,120,2,1138,0,0,0,0,24,45,1,0,0,4,,0,0
1492-3,6,155,canteros,67,75,1,1147,11,0,0,0,43,62,0,0,0,4,,0,0
1492-3,6,156,canteros,67,75,1,1161,38,0,0,0,48,67,0,0,0,4,,0,0
1492-3,6,157,canteros,67,75,1,1142,74,0,0,0,48,67,0,0,0,4,1,2,0
1492-3,6,158,canteros,67,75,1,1156,98,0,0,0,48,67,0,0,0,4,,0,0
1492-3,6,159,canteros,67,75,1,1170,121,0,0,0,48,67,0,0,0,4,,0,0
1492-3,6,160,canteros,67,75,1,1184,144,0,0,0,48,67,0,0,0,4,,0,0
1492-3,6,161,canteros,67,75,1,1198,148,0,0,0,30,49,0,0,0,4,,0,0
1492-3,6,162,canteros,67,75,1,1212,152,0,0,0,30,49,0,0,0,4,,0,0
1492-3,6,163,canteros,67,75,1,1163,114,0,0,0,30,49,0,0,0,4,1,6,0
1492-3,6,164,canteros,67,75,1,1177,120,0,0,0,30,49,0,0,0,4,,0,0
1492-3,6,165,canteros,97,125,2,1191,125,0,0,0,30,49,0,0,0,4,,0,0
1492-3,6,166,canteros,97,125,2,1206,118,0,0,0,30,59,0,0,0,4,,0,0
1492-3,6,167,canteros,97,125,2,1221,99,0,0,0,18,47,0,0,0,4,,0,0
1492-3,6,168,canteros,97,125,2,1231,81,0,0,0,18,42,0,0,0,4,,0,0
1492-3,6,169,canteros,97,125,2,1164,25,0,0,0,18,42,0,0,0,4,1,4,0
1492-3,6,170,canteros,97,125,2,1168,10,0,0,0,18,42,0,0,0,4,,0,0
1492-3,6,171,canteros,126,175,3,1172,0,0,0,0,18,42,1,0,0,4,,0,0
1492-3,6,172,canteros,125,175,3,1183,0,0,0,0,18,52,1,0,0,4,,0,0
1492-3,6,173,canteros,123,171,3,1194,0,0,0,0,24,58,1,0,0,4,,0,0
1492-3,6,174,canteros,121,167,3,1206,0,0,0,0,30,65,1,0,0,4,,0,0
1492-3,6,175,canteros,119,163,3,1186,10,0,0,0,30,65,1,0,0,4,1,4,0
1492-3,6,176,canteros,117,159,3,1193,0,0,0,0,30,58,1,0,0,4,,0,0
1492-3,6,177,canteros,116,155,3,1200,0,0,0,0,30,58,1,0,0,4,,0,0
1492-3,6,178,canteros,114,152,3,1207,0,0,0,0,30,58,1,0,0,4,,0,0
1492-3,6,179,canteros,114,152,3,1214,20,0,0,0,60,88,0,0,0,4,,0,0
1492-3,6,180,canteros,114,152,3,1221,27,0,0,0,48,76,0,0,0,4,,0,0
1492-3,6,181,canteros,115,156,3,1195,44,0,0,0,48,76,0,0,0,4,1,3,0
1492-3,6,182,canteros,116,160,3,1198,49,0,0,0,48,70,0,0,0,4,,0,0
1492-3,6,183,canteros,116,164,3,1201,53,0,0,0,48,70,0,0,0,4,,0,0
1492-3,6,184,canteros,117,168,3,1206,56,0,0,0,48,72,0,0,0,4,,0,0
1492-3,6,185,canteros,117,168,3,1211,41,0,0,0,30,54,0,0,0,4,,0,0
1492-3,6,186,canteros,117,168,3,1216,26,0,0,0,30,54,0,0,0,4,,0,0
1492-3,6,187,canteros,117,168,3,1188,22,0,0,0,30,54,0,0,0,4,1,2,0
1492-3,6,188,canteros,117,168,3,1193,8,0,0,0,30,54,0,0,0,4,,0,0
1492-3,6,189,canteros,116,168,3,1198,0,0,0,0,30,54,1,0,0,4,,0,0
1492-3,6,190,canteros,115,168,3,1203,0,0,0,0,30,54,1,0,0,4,,0,0
1492-3,6,191,canteros,114,165,3,1208,0,0,0,0,18,42,1,0,0,4,,0,0
1492-3,6,192,canteros,112,162,3,1209,0,0,0,0,18,38,1,0,0,4,,0,0
1492-3,6,193,canteros,110,159,3,1177,10,0,0,0,18,38,1,0,0,4,1,2,0
1492-3,6,194,canteros,109,156,3,1176,0,0,0,0,18,36,1,0,0,4,,0,0
1492-3,6,195,canteros,107,153,3,1175,0,0,0,0,18,36,1,0,0,4,,0,0
1492-3,6,196,canteros,106,150,3,1173,0,0,0,0,18,35,1,0,0,4,,0,0
1492-3,6,197,canteros,104,147,3,1171,0,0,0,0,24,41,1,0,0,4,,0,0
1492-3,6,198,canteros,102,144,3,1173,0,0,0,0,24,45,1,0,0,4,,0,0
1492-3,6,199,canteros,101,141,3,1142,10,0,0,0,24,45,1,0,0,4,1,2,0
1492-3,6,200,canteros,101,141,3,1144,3,0,0,0,30,51,0,0,0,4,,0,0
1492-3,6,1,ferrones,30,36,1,29,65,0,0,0,7,15,0,0,0,0,1,4,0
1492-3,6,2,ferrones,30,36,1,28,59,0,0,0,7,10,0,0,0,0,,0,0
1492-3,6,3,ferrones,30,36,1,27,53,0,0,0,7,10,0,0,0,0,,0,0
1492-3,6,4,ferrones,30,36,1,26,48,0,0,0,7,10,0,0,0,0,,0,0
1492-3,6,5,ferrones,30,37,1,25,45,0,0,0,9,12,0,1,0,0,,0,0
1492-3,6,6,ferrones,30,38,1,27,44,0,0,0,9,19,0,0,0,0,,0,0
1492-3,6,7,ferrones,30,38,1,9,43,0,0,0,9,19,0,0,0,0,1,1,0
1492-3,6,8,ferrones,30,38,1,11,40,0,0,0,9,19,0,0,0,0,,0,0
1492-3,6,9,ferrones,30,39,1,13,37,0,0,0,9,19,0,1,0,0,,0,0
1492-3,6,10,ferrones,30,39,1,23,36,0,0,0,9,27,0,0,0,0,,0,0
1492-3,6,11,ferrones,31,40,1,33,45,0,0,0,19,37,0,0,0,0,,0,0
1492-3,6,12,ferrones,31,42,1,45,52,0,0,0,19,39,0,0,0,0,,0,0
1492-3,6,13,ferrones,30,39,1,37,49,0,0,0,19,39,0,0,0,0,1,2,0
1492-3,6,14,ferrones,31,40,1,47,57,0,0,0,19,37,0,0,0,0,,0,0
1492-3,6,15,ferrones,31,42,1,59,64,0,0,0,19,39,0,0,0,0,,0,0
1492-3,6,16,ferrones,31,44,1,71,71,0,0,0,19,39,0,0,0,0,,0,0
1492-3,6,17,ferrones,32,46,1,83,70,0,0,0,12,32,0,0,0,0,,0,0
1492-3,6,18,ferrones,32,48,1,95,69,0,0,0,12,32,0,0,0,0,,0,0
1492-3,6,19,ferrones,32,46,1,52,43,0,0,0,12,32,0,0,0,0,1,7,0
1492-3,6,20,ferrones,32,48,1,64,43,0,0,0,12,32,0,0,0,0,,0,0
1492-3,6,21,ferrones,33,50,1,76,42,0,0,0,12,32,0,0,0,0,,0,0
1492-3,6,22,ferrones,33,50,1,90,41,0,0,0,12,34,0,0,0,0,,0,0
1492-3,6,23,ferrones,46,50,1,104,35,0,0,0,7,28,0,0,0,1,,0,0
1492-3,6,24,ferrones,46,50,1,113,29,0,0,0,7,23,0,0,0,1,,0,0
1492-3,6,25,ferrones,46,50,1,138,27,0,0,0,7,23,0,0,0,1,1,4,0
1492-3,6,26,ferrones,46,50,1,147,22,0,0,0,7,23,0,0,0,1,,0,0
1492-3,6,27,ferrones,46,50,1,156,17,0,0,0,7,23,0,0,0,1,,0,0
1492-3,6,28,ferrones,46,50,1,165,12,0,0,0,7,23,0,0,0,1,,0,0
1492-3,6,29,ferrones,46,50,1,174,9,0,0,0,9,25,0,0,0,1,,0,0
1492-3,6,30,ferrones,46,50,1,188,6,0,0,0,9,30,0,0,0,1,,0,0
1492-3,6,31,ferrones,46,50,1,259,3,0,0,0,9,30,0,0,0,1,1,2,0
1492-3,6,32,ferrones,46,50,1,273,0,0,0,0,9,30,0,0,0,1,,0,0
1492-3,6,33,ferrones,45,50,1,287,0,0,0,0,9,30,1,0,0,1,,0,0
1492-3,6,34,ferrones,44,50,1,301,0,0,0,0,9,30,1,0,0,1,,0,0
1492-3,6,35,ferrones,44,50,1,315,7,0,0,0,19,40,0,0,0,1,,0,0
1492-3,6,36,ferrones,44,50,1,329,14,0,0,0,19,40,0,0,0,1,,0,0
1492-3,6,37,ferrones,44,50,1,399,21,0,0,0,19,40,0,0,0,1,1,2,0
1492-3,6,38,ferrones,44,50,1,413,27,0,0,0,19,40,0,0,0,1,,0,0
1492-3,6,39,ferrones,44,52,1,427,33,0,0,0,19,40,0,0,0,1,,0,0
1492-3,6,40,ferrones,44,54,1,441,38,0,0,0,19,40,0,0,0,1,,0,0
1492-3,6,41,ferrones,44,54,1,455,36,0,0,0,12,33,0,0,0,1,,0,0
1492-3,6,42,ferrones,44,54,1,469,34,0,0,0,12,33,0,0,0,1,,0,0
1492-3,6,43,ferrones,44,54,1,539,22,0,0,0,12,33,0,0,0,1,1,5,0
1492-3,6,44,ferrones,44,54,1,553,21,0,0,0,12,32,0,0,0,1,,0,0
1492-3,6,45,ferrones,44,54,1,567,20,0,0,0,12,32,0,0,0,1,,0,0
1492-3,6,46,ferrones,44,54,1,581,19,0,0,0,12,32,0,0,0,1,,0,0
1492-3,6,47,ferrones,47,54,1,595,13,0,0,0,7,27,0,0,0,1,,0,0
1492-3,6,48,ferrones,47,54,1,604,7,0,0,0,7,22,0,0,0,1,,0,0
1492-3,6,49,ferrones,47,54,1,669,1,0,0,0,7,22,0,0,0,1,1,4,0
1492-3,6,50,ferrones,46,54,1,678,0,0,0,0,7,22,1,0,0,1,,0,0
1492-3,6,51,ferrones,45,54,1,687,0,0,0,0,7,22,1,0,0,1,,0,0
1492-3,6,52,ferrones,44,53,1,696,0,0,0,0,7,22,1,0,0,1,,0,0
1492-3,6,53,ferrones,43,52,1,705,0,0,0,0,7,22,1,0,0,1,,0,0
1492-3,6,54,ferrones,42,51,1,719,0,0,0,0,7,27,1,0,0,1,,0,0
1492-3,6,55,ferrones,41,50,1,788,0,0,0,0,7,27,1,0,0,1,1,2,0
1492-3,6,56,ferrones,39,49,1,802,0,0,0,0,7,27,1,0,0,1,,0,0
1492-3,6,57,ferrones,38,48,1,814,0,0,0,0,6,24,1,0,0,1,,0,0
1492-3,6,58,ferrones,37,47,1,826,0,0,0,0,6,24,1,0,0,1,,0,0
1492-3,6,59,ferrones,37,47,1,838,3,0,0,0,14,31,0,0,0,1,,0,0
1492-3,6,60,ferrones,37,47,1,850,6,0,0,0,14,31,0,0,0,1,,0,0
1492-3,6,61,ferrones,37,47,1,917,9,0,0,0,14,31,0,0,0,1,1,3,0
1492-3,6,62,ferrones,37,47,1,924,15,0,0,0,17,28,0,0,0,1,,0,0
1492-3,6,63,ferrones,37,47,1,931,21,0,0,0,17,28,0,0,0,1,,0,0
1492-3,6,64,ferrones,37,47,1,938,26,0,0,0,17,28,0,0,0,1,,0,0
1492-3,6,65,ferrones,37,47,1,945,24,0,0,0,10,21,0,0,0,1,,0,0
1492-3,6,66,ferrones,37,47,1,952,24,0,0,0,12,23,0,0,0,1,,0,0
1492-3,6,67,ferrones,37,47,1,964,24,0,0,0,12,23,0,0,0,1,1,3,0
1492-3,6,68,ferrones,37,47,1,971,24,0,0,0,12,23,0,0,0,1,,0,0
1492-3,6,69,ferrones,37,47,1,978,24,0,0,0,12,23,0,0,0,1,,0,0
1492-3,6,70,ferrones,37,47,1,985,24,0,0,0,12,23,0,0,0,1,,0,0
1492-3,6,71,ferrones,37,47,1,992,20,0,0,0,7,18,0,0,0,1,,0,0
1492-3,6,72,ferrones,37,47,1,999,16,0,0,0,7,18,0,0,0,1,,0,0
1492-3,6,73,ferrones,37,47,1,1061,10,0,0,0,5,16,0,0,0,1,1,2,0
1492-3,6,74,ferrones,37,47,1,1068,4,0,0,0,5,16,0,0,0,1,,0,0
1492-3,6,75,ferrones,36,47,1,1075,0,0,0,0,5,16,1,0,0,1,,0,0
1492-3,6,76,ferrones,35,47,1,1082,0,0,0,0,5,16,1,0,0,1,,0,0
1492-3,6,77,ferrones,34,46,1,1089,0,0,0,0,9,20,1,0,0,1,,0,0
1492-3,6,78,ferrones,33,45,1,1099,0,0,0,0,9,23,1,0,0,1,,0,0
1492-3,6,79,ferrones,31,44,1,1164,0,0,0,0,9,23,1,0,0,1,1,2,0
1492-3,6,80,ferrones,30,43,1,1174,0,0,0,0,9,23,1,0,0,1,,0,0
1492-3,6,81,ferrones,29,42,1,1184,0,0,0,0,9,23,1,0,0,1,,0,0
1492-3,6,82,ferrones,28,41,1,1194,0,0,0,0,9,23,1,0,0,1,,0,0
1492-3,6,83,ferrones,28,41,1,1204,7,0,0,0,17,31,0,0,0,1,,0,0
1492-3,6,84,ferrones,28,41,1,1214,14,0,0,0,17,31,0,0,0,1,,0,0
1492-3,6,85,ferrones,28,41,1,1279,23,0,0,0,19,33,0,0,0,1,1,2,0
1492-3,6,86,ferrones,28,43,1,1289,31,0,0,0,19,33,0,0,0,1,,0,0
1492-3,6,87,ferrones,29,45,1,1299,39,0,0,0,19,33,0,0,0,1,,0,0
1492-3,6,88,ferrones,29,47,1,1309,46,0,0,0,19,33,0,0,0,1,,0,0
1492-3,6,89,ferrones,29,49,1,1319,46,0,0,0,12,26,0,0,0,1,,0,0
1492-3,6,90,ferrones,30,51,1,1329,45,0,0,0,12,26,0,0,0,1,,0,0
1492-3,6,91,ferrones,29,49,1,1376,34,0,0,0,12,28,0,0,0,1,1,3,0
1492-3,6,92,ferrones,30,51,1,1386,33,0,0,0,12,26,0,0,0,1,,0,0
1492-3,6,93,ferrones,30,51,1,1398,32,0,0,0,12,28,0,0,0,1,,0,0
1492-3,6,94,ferrones,30,51,1,1410,31,0,0,0,12,28,0,0,0,1,,0,0
1492-3,6,95,ferrones,30,51,1,1422,24,0,0,0,5,21,0,0,0,1,,0,0
1492-3,6,96,ferrones,30,51,1,1430,17,0,0,0,5,17,0,0,0,1,,0,0
1492-3,6,97,ferrones,30,51,1,1493,12,0,0,0,7,19,0,0,0,1,1,2,0
1492-3,6,98,ferrones,30,51,1,1501,7,0,0,0,7,19,0,0,0,1,,0,0
1492-3,6,99,ferrones,30,51,1,1509,2,0,0,0,7,19,0,0,0,1,,0,0
1492-3,6,100,ferrones,29,51,1,1517,0,0,0,0,7,19,1,0,0,1,,0,0
1492-3,6,101,ferrones,28,51,1,1525,0,0,0,0,9,21,1,0,0,1,,0,0
1492-3,6,102,ferrones,27,50,1,1537,0,0,0,0,9,25,1,0,0,1,,0,0
1492-3,6,103,ferrones,25,49,1,1604,0,0,0,0,9,25,1,0,0,1,1,2,0
1492-3,6,104,ferrones,24,48,1,1614,0,0,0,0,9,23,1,0,0,1,,0,0
1492-3,6,105,ferrones,23,47,1,1624,0,0,0,0,9,23,1,0,0,1,,0,0
1492-3,6,106,ferrones,22,46,1,1634,0,0,0,0,9,23,1,0,0,1,,0,0
1492-3,6,107,ferrones,22,46,1,1644,6,0,0,0,17,31,0,0,0,1,,0,0
1492-3,6,108,ferrones,22,46,1,1654,14,0,0,0,19,33,0,0,0,1,,0,0
1492-3,6,109,ferrones,22,46,1,1719,22,0,0,0,19,33,0,0,0,1,1,2,0
1492-3,6,110,ferrones,22,46,1,1729,29,0,0,0,19,33,0,0,0,1,,0,0
1492-3,6,111,ferrones,22,48,1,1739,36,0,0,0,19,33,0,0,0,1,,0,0
1492-3,6,112,ferrones,23,50,1,1749,42,0,0,0,19,33,0,0,0,1,,0,0
1492-3,6,113,ferrones,23,50,1,1761,41,0,0,0,12,28,0,0,0,1,,0,0
1492-3,6,114,ferrones,23,50,1,1773,40,0,0,0,12,28,0,0,0,1,,0,0
1492-3,6,115,ferrones,23,50,1,1810,0,0,0,0,12,28,0,0,0,1,1,3,0
1492-3,6,116,ferrones,23,50,1,1822,0,0,0,0,12,28,0,0,0,1,,0,0
1492-3,6,117,ferrones,70,85,2,1834,0,0,0,0,12,28,0,0,0,2,,0,0
1492-3,6,118,ferrones,69,85,2,1839,0,0,0,0,12,34,1,0,0,2,,0,0
1492-3,6,119,ferrones,68,85,2,1844,0,0,0,0,7,29,1,0,0,2,,0,0
1492-3,6,120,ferrones,66,83,2,1845,0,0,0,0,7,25,1,0,0,2,,0,0
1492-3,6,121,ferrones,65,81,2,1780,0,0,0,0,7,24,1,0,0,2,1,5,0
1492-3,6,122,ferrones,63,79,2,1780,0,0,0,0,7,20,1,0,0,2,,0,0
1492-3,6,123,ferrones,62,77,2,1780,0,0,0,0,7,20,1,0,0,2,,0,0
1492-3,6,124,ferrones,61,75,2,1780,0,0,0,0,7,20,1,0,0,2,,0,0
1492-3,6,125,ferrones,59,73,2,1780,0,0,0,0,9,22,1,0,0,2,,0,0
1492-3,6,126,ferrones,58,71,2,1782,0,0,0,0,8,23,1,0,0,2,,0,0
1492-3,6,127,ferrones,11,42,1,1822,2,0,0,0,8,22,1,0,0,2,1,3,0
1492-3,6,128,ferrones,11,42,1,1832,0,0,0,0,8,22,0,0,0,2,,0,0
1492-3,6,129,ferrones,10,42,1,1842,0,0,0,0,8,22,1,0,0,2,,0,0
1492-3,6,130,ferrones,9,42,1,1852,0,0,0,0,8,22,1,0,0,2,,0,0
1492-3,6,131,ferrones,9,42,1,1862,7,0,0,0,17,31,0,0,0,2,,0,0
1492-3,6,132,ferrones,9,42,1,1872,14,0,0,0,17,31,0,0,0,2,,0,0
1492-3,6,133,ferrones,9,42,1,1903,25,0,0,0,17,31,0,0,0,2,1,3,0
1492-3,6,134,ferrones,9,44,1,1913,31,0,0,0,17,31,0,0,0,2,,0,0
1492-3,6,135,ferrones,10,46,1,1923,36,0,0,0,17,31,0,0,0,2,,0,0
1492-3,6,136,ferrones,10,48,1,1933,41,0,0,0,17,31,0,0,0,2,,0,0
1492-3,6,137,ferrones,11,50,1,1943,40,0,0,0,12,26,0,0,0,2,,0,0
1492-3,6,138,ferrones,11,50,1,1955,39,0,0,0,12,28,0,0,0,2,,0,0
1492-3,6,139,ferrones,11,50,1,1988,42,0,0,0,12,28,0,0,0,2,1,3,0
1492-3,6,140,ferrones,11,50,1,2000,41,0,0,0,12,28,0,0,0,2,,0,0
1492-3,6,141,ferrones,11,50,1,2012,40,0,0,0,12,28,0,0,0,2,,0,0
1492-3,6,142,ferrones,11,50,1,2024,39,0,0,0,12,28,0,0,0,2,,0,0
1492-3,6,143,ferrones,11,50,1,2036,33,0,0,0,7,23,0,0,0,2,,0,0
1492-3,6,144,ferrones,11,50,1,2044,27,0,0,0,7,19,0,0,0,2,,0,0
1492-3,6,145,ferrones,11,50,1,2073,26,0,0,0,7,19,0,0,0,2,1,3,0
1492-3,6,146,ferrones,11,50,1,2081,21,0,0,0,7,19,0,0,0,2,,0,0
1492-3,6,147,ferrones,11,50,1,2089,16,0,0,0,7,19,0,0,0,2,,0,0
1492-3,6,148,ferrones,11,50,1,2097,11,0,0,0,7,19,0,0,0,2,,0,0
1492-3,6,149,ferrones,11,50,1,2105,8,0,0,0,9,21,0,0,0,2,,0,0
1492-3,6,150,ferrones,11,50,1,2117,5,0,0,0,9,25,0,0,0,2,,0,0
1492-3,6,151,ferrones,11,50,1,2150,6,0,0,0,9,25,0,0,0,2,1,4,0
1492-3,6,152,ferrones,11,50,1,2162,3,0,0,0,9,25,0,0,0,2,,0,0
1492-3,6,153,ferrones,11,50,1,2174,0,0,0,0,9,25,0,0,0,2,,0,0
1492-3,6,154,ferrones,10,50,1,2186,0,0,0,0,9,25,1,0,0,2,,0,0
1492-3,6,155,ferrones,10,50,1,2198,7,0,0,0,19,35,0,0,0,2,,0,0
1492-3,6,156,ferrones,10,50,1,2210,14,0,0,0,19,35,0,0,0,2,,0,0
1492-3,6,157,ferrones,10,50,1,2243,29,0,0,0,24,40,0,0,0,2,1,3,0
1492-3,6,158,ferrones,10,52,1,2255,40,0,0,0,24,40,0,0,0,2,,0,0
1492-3,6,159,ferrones,10,54,1,2267,49,0,0,0,24,40,0,0,0,2,,0,0
1492-3,6,160,ferrones,11,56,1,2279,58,0,0,0,24,40,0,0,0,2,,0,0
1492-3,6,161,ferrones,11,58,1,2291,57,0,0,0,15,31,0,0,0,2,,0,0
1492-3,6,162,ferrones,12,60,1,2303,56,0,0,0,15,31,0,0,0,2,,0,0
1492-3,6,163,ferrones,12,60,1,2307,17,0,0,0,12,29,0,0,0,2,1,4,0
1492-3,6,164,ferrones,12,60,1,2320,14,0,0,0,12,29,0,0,0,2,,0,0
1492-3,6,165,ferrones,39,95,2,2333,11,0,0,0,12,29,0,0,0,2,,0,0
1492-3,6,166,ferrones,39,95,2,2338,0,0,0,0,12,35,0,0,0,2,,0,0
1492-3,6,167,ferrones,38,95,2,2343,0,0,0,0,7,30,1,0,0,2,,0,0
1492-3,6,168,ferrones,37,95,2,2344,0,0,0,0,7,26,1,0,0,2,,0,0
1492-3,6,169,ferrones,35,93,2,2366,4,0,0,0,7,26,1,0,0,2,1,5,0
1492-3,6,170,ferrones,34,91,2,2366,0,0,0,0,7,21,1,0,0,2,,0,0
1492-3,6,171,ferrones,32,89,2,2366,0,0,0,0,7,21,1,0,0,2,,0,0
1492-3,6,172,ferrones,31,87,2,2366,0,0,0,0,7,21,1,0,0,2,,0,0
1492-3,6,173,ferrones,30,85,2,2366,0,0,0,0,9,23,1,0,0,2,,0,0
1492-3,6,174,ferrones,28,83,2,2370,0,0,0,0,9,27,1,0,0,2,,0,0
1492-3,6,175,ferrones,27,81,2,2394,4,0,0,0,9,26,1,0,0,2,1,3,0
1492-3,6,176,ferrones,25,79,2,2397,0,0,0,0,8,25,1,0,0,2,,0,0
1492-3,6,177,ferrones,-21,51,1,2400,0,0,0,0,8,24,1,0,0,2,,0,0
1492-3,6,178,ferrones,-22,50,1,2412,0,0,0,0,8,24,1,0,0,2,,0,0
1492-3,6,179,ferrones,-22,50,1,2424,2,0,0,0,14,30,0,0,0,2,,0,0
1492-3,6,180,ferrones,-22,50,1,2436,4,0,0,0,14,30,0,0,0,2,,0,0
1492-3,6,181,ferrones,-22,50,1,2469,13,0,0,0,17,33,0,0,0,2,1,4,0
1492-3,6,182,ferrones,-22,50,1,2477,18,0,0,0,17,29,0,0,0,2,,0,0
1492-3,6,183,ferrones,-22,50,1,2485,23,0,0,0,17,29,0,0,0,2,,0,0
1492-3,6,184,ferrones,-22,50,1,2493,27,0,0,0,17,29,0,0,0,2,,0,0
1492-3,6,185,ferrones,-22,50,1,2501,26,0,0,0,12,24,0,0,0,2,,0,0
1492-3,6,186,ferrones,-22,50,1,2509,25,0,0,0,12,24,0,0,0,2,,0,0
1492-3,6,187,ferrones,-22,50,1,2538,28,0,0,0,12,24,0,0,0,2,1,3,0
1492-3,6,188,ferrones,-22,50,1,2546,27,0,0,0,12,24,0,0,0,2,,0,0
1492-3,6,189,ferrones,-22,50,1,2554,26,0,0,0,12,24,0,0,0,2,,0,0
1492-3,6,190,ferrones,-22,50,1,2562,25,0,0,0,12,24,0,0,0,2,,0,0
1492-3,6,191,ferrones,-22,50,1,2570,20,0,0,0,7,19,0,0,0,2,,0,0
1492-3,6,192,ferrones,-22,50,1,2578,15,0,0,0,7,19,0,0,0,2,,0,0
1492-3,6,193,ferrones,-22,50,1,2607,14,0,0,0,7,19,0,0,0,2,1,3,0
1492-3,6,194,ferrones,-22,50,1,2615,9,0,0,0,7,19,0,0,0,2,,0,0
1492-3,6,195,ferrones,-22,50,1,2623,4,0,0,0,7,19,0,0,0,2,,0,0
1492-3,6,196,ferrones,-23,50,1,2631,0,0,0,0,7,19,1,0,0,2,,0,0
1492-3,6,197,ferrones,-24,50,1,2639,0,0,0,0,9,21,1,0,0,2,,0,0
1492-3,6,198,ferrones,-26,49,1,2651,0,0,0,0,9,25,1,0,0,2,,0,0
1492-3,6,199,ferrones,-27,48,1,2682,4,0,0,0,9,23,1,0,0,2,1,3,0
1492-3,6,200,ferrones,-27,48,1,2692,1,0,0,0,9,23,0,0,0,2,,0,0
1492-3,6,1,hortelanos,38,76,1,37,63,0,0,0,15,31,0,0,0,0,1,4,0
1492-3,6,2,hortelanos,38,76,1,40,55,0,0,0,15,22,0,0,0,0,,0,0
1492-3,6,3,hortelanos,38,76,1,43,48,0,0,0,15,22,0,1,0,0,,0,0
1492-3,6,4,hortelanos,38,76,1,46,53,0,0,0,26,33,0,0,0,0,,0,0
1492-3,6,5,hortelanos,38,76,1,49,63,0,0,0,31,38,0,0,0,0,,0,0
1492-3,6,6,hortelanos,38,76,1,59,72,0,0,0,31,45,0,0,0,0,,0,0
1492-3,6,7,hortelanos,37,72,1,39,58,0,0,0,31,45,0,0,0,0,1,5,0
1492-3,6,8,hortelanos,100,72,1,49,67,0,0,0,31,45,0,1,0,1,,0,0
1492-3,6,9,hortelanos,100,72,1,59,82,0,0,0,36,50,0,0,0,1,,0,0
1492-3,6,10,hortelanos,165,72,1,69,96,0,0,0,36,50,0,0,0,2,,0,0
1492-3,6,11,hortelanos,165,72,1,79,110,0,0,0,36,50,0,0,0,2,,0,0
1492-3,6,12,hortelanos,165,72,1,89,123,0,0,0,36,50,0,0,0,2,,0,0
1492-3,6,13,hortelanos,164,68,1,64,126,0,0,0,36,50,0,0,0,2,1,4,0
1492-3,6,14,hortelanos,164,68,1,72,138,0,0,0,36,48,0,1,0,2,,0,0
1492-3,6,15,hortelanos,164,68,1,80,162,0,0,0,47,59,0,0,0,2,,0,0
1492-3,6,16,hortelanos,167,68,1,88,185,0,0,0,47,59,0,0,0,2,,0,0
1492-3,6,17,hortelanos,167,68,1,96,212,0,0,0,52,64,0,0,0,2,,0,0
1492-3,6,18,hortelanos,167,68,1,104,238,0,0,0,52,64,0,0,0,2,,0,0
1492-3,6,19,hortelanos,167,68,1,112,249,0,0,0,52,64,0,0,0,2,1,5,0
1492-3,6,20,hortelanos,170,68,1,120,273,0,0,0,52,64,0,0,0,2,,0,0
1492-3,6,21,hortelanos,170,68,1,128,296,0,0,0,52,64,0,0,0,2,,0,0
1492-3,6,22,hortelanos,170,68,1,136,318,0,0,0,52,64,0,0,0,2,,0,0
1492-3,6,23,hortelanos,170,68,1,144,335,0,0,0,47,59,0,0,0,2,,0,0
1492-3,6,24,hortelanos,170,68,1,146,351,0,0,0,47,53,0,0,0,2,,0,0
1492-3,6,25,hortelanos,170,68,1,98,366,0,0,0,47,53,0,0,0,2,1,5,0
1492-3,6,26,hortelanos,173,68,1,100,381,0,0,0,47,53,0,0,0,2,,0,0
1492-3,6,27,hortelanos,173,68,1,102,395,0,0,0,47,53,0,0,0,2,,0,0
1492-3,6,28,hortelanos,173,68,1,104,408,0,0,0,47,53,0,0,0,2,,0,0
1492-3,6,29,hortelanos,173,68,1,106,421,0,0,0,47,53,0,0,0,2,,0,0
1492-3,6,30,hortelanos,173,68,1,114,433,0,0,0,47,59,0,0,0,2,,0,0
1492-3,6,31,hortelanos,173,68,1,72,433,0,0,0,47,59,0,0,0,2,1,6,0
1492-3,6,32,hortelanos,173,68,1,80,445,0,0,0,47,59,0,0,0,2,,0,0
1492-3,6,33,hortelanos,173,68,1,88,456,0,0,0,47,59,0,0,0,2,,0,0
1492-3,6,34,hortelanos,173,68,1,96,467,0,0,0,47,59,0,0,0,2,,0,0
1492-3,6,35,hortelanos,176,68,1,104,478,0,0,0,47,59,0,0,0,2,,0,0
1492-3,6,36,hortelanos,176,68,1,112,488,0,0,0,47,59,0,0,0,2,,0,0
1492-3,6,37,hortelanos,176,68,1,70,498,0,0,0,47,59,0,0,0,2,1,5,0
1492-3,6,38,hortelanos,176,68,1,78,507,0,0,0,47,59,0,0,0,2,,0,0
1492-3,6,39,hortelanos,176,68,1,86,516,0,0,0,47,59,0,0,0,2,,0,0
1492-3,6,40,hortelanos,176,68,1,94,525,0,0,0,47,59,0,0,0,2,,0,0
1492-3,6,41,hortelanos,176,68,1,102,533,0,0,0,47,59,0,0,0,2,,0,0
1492-3,6,42,hortelanos,176,68,1,110,541,0,0,0,47,59,0,0,0,2,,0,0
1492-3,6,43,hortelanos,176,68,1,68,539,0,0,0,47,59,0,0,0,2,1,4,0
1492-3,6,44,hortelanos,176,68,1,76,547,0,0,0,47,59,0,0,0,2,,0,0
1492-3,6,45,hortelanos,176,68,1,84,554,0,0,0,47,59,0,0,0,2,,0,0
1492-3,6,46,hortelanos,176,68,1,92,561,0,0,0,47,59,0,0,0,2,,0,0
1492-3,6,47,hortelanos,176,68,1,100,568,0,0,0,47,59,0,0,0,2,,0,0
1492-3,6,48,hortelanos,176,68,1,102,575,0,0,0,47,53,0,0,0,2,,0,0
1492-3,6,49,hortelanos,176,68,1,104,581,0,0,0,47,53,0,0,0,2,1,2,0
1492-3,6,50,hortelanos,176,68,1,106,587,0,0,0,47,53,0,0,0,2,,0,0
1492-3,6,51,hortelanos,176,68,1,108,593,0,0,0,47,53,0,0,0,2,,0,0
1492-3,6,52,hortelanos,176,68,1,110,599,0,0,0,47,53,0,0,0,2,,0,0
1492-3,6,53,hortelanos,176,68,1,112,604,0,0,0,47,53,0,0,0,2,,0,0
1492-3,6,54,hortelanos,176,68,1,120,609,0,0,0,47,59,0,0,0,2,,0,0
1492-3,6,55,hortelanos,176,68,1,78,606,0,0,0,47,59,0,0,0,2,1,4,0
1492-3,6,56,hortelanos,176,68,1,86,611,0,0,0,47,59,0,0,0,2,,0,0
1492-3,6,57,hortelanos,176,68,1,94,616,0,0,0,47,59,0,0,0,2,,0,0
1492-3,6,58,hortelanos,176,68,1,102,621,0,0,0,47,59,0,0,0,2,,0,0
1492-3,6,59,hortelanos,176,68,1,110,625,0,0,0,47,59,0,0,0,2,,0,0
1492-3,6,60,hortelanos,176,68,1,118,629,0,0,0,47,59,0,0,0,2,,0,0
1492-3,6,61,hortelanos,176,68,1,76,633,0,0,0,47,59,0,0,0,2,1,3,0
1492-3,6,62,hortelanos,176,68,1,84,637,0,0,0,47,59,0,0,0,2,,0,0
1492-3,6,63,hortelanos,176,68,1,92,641,0,0,0,47,59,0,0,0,2,,0,0
1492-3,6,64,hortelanos,176,68,1,100,645,0,0,0,47,59,0,0,0,2,,0,0
1492-3,6,65,hortelanos,176,68,1,108,648,0,0,0,47,59,0,0,0,2,,0,0
1492-3,6,66,hortelanos,176,68,1,116,651,0,0,0,47,59,0,0,0,2,,0,0
1492-3,6,67,hortelanos,176,68,1,74,648,0,0,0,47,59,0,0,0,2,1,4,0
1492-3,6,68,hortelanos,176,68,1,82,651,0,0,0,47,59,0,0,0,2,,0,0
1492-3,6,69,hortelanos,176,68,1,90,654,0,0,0,47,59,0,0,0,2,,0,0
1492-3,6,70,hortelanos,176,68,1,98,657,0,0,0,47,59,0,0,0,2,,0,0
1492-3,6,71,hortelanos,176,68,1,106,660,0,0,0,47,59,0,0,0,2,,0,0
1492-3,6,72,hortelanos,176,68,1,108,663,0,0,0,47,53,0,0,0,2,,0,0
1492-3,6,73,hortelanos,176,68,1,80,627,0,0,0,47,53,0,0,0,2,1,3,0
1492-3,6,74,hortelanos,176,68,1,82,631,0,0,0,47,53,0,0,0,2,,0,0
1492-3,6,75,hortelanos,230,138,2,84,635,0,0,0,47,53,0,0,0,3,,0,0
1492-3,6,76,hortelanos,230,138,2,93,623,0,0,0,47,67,0,0,0,3,,0,0
1492-3,6,77,hortelanos,230,138,2,102,611,0,0,0,47,67,0,0,0,3,,0,0
1492-3,6,78,hortelanos,230,138,2,117,600,0,0,0,47,73,0,0,0,3,,0,0
1492-3,6,79,hortelanos,230,138,2,67,577,0,0,0,47,73,0,0,0,3,1,8,0
1492-3,6,80,hortelanos,230,138,2,82,565,0,0,0,47,73,0,1,0,3,,0,0
1492-3,6,81,hortelanos,230,138,2,97,565,0,0,0,57,83,0,0,0,3,,0,0
1492-3,6,82,hortelanos,230,138,2,112,565,0,0,0,57,83,0,0,0,3,,0,0
1492-3,6,83,hortelanos,233,138,2,127,565,0,0,0,57,83,0,0,0,3,,0,0
1492-3,6,84,hortelanos,233,138,2,142,565,0,0,0,57,83,0,0,0,3,,0,0
1492-3,6,85,hortelanos,233,138,2,92,565,0,0,0,57,83,0,0,0,3,1,6,0
1492-3,6,86,hortelanos,233,138,2,107,563,0,0,0,57,83,0,1,0,3,,0,0
1492-3,6,87,hortelanos,233,138,2,122,573,0,0,0,67,93,0,0,0,3,,0,0
1492-3,6,88,hortelanos,233,138,2,137,582,0,0,0,67,93,0,0,0,3,,0,0
1492-3,6,89,hortelanos,233,138,2,152,591,0,0,0,67,93,0,0,0,3,,0,0
1492-3,6,90,hortelanos,233,138,2,167,600,0,0,0,67,93,0,0,0,3,,0,0
1492-3,6,91,hortelanos,233,138,2,132,604,0,0,0,67,93,0,0,0,3,1,4,0
1492-3,6,92,hortelanos,233,138,2,147,612,0,0,0,67,93,0,0,0,3,,0,0
1492-3,6,93,hortelanos,233,138,2,162,620,0,0,0,67,93,0,0,0,3,,0,0
1492-3,6,94,hortelanos,233,138,2,177,627,0,0,0,67,93,0,0,0,3,,0,0
1492-3,6,95,hortelanos,233,138,2,192,634,0,0,0,67,93,0,0,0,3,,0,0
1492-3,6,96,hortelanos,233,138,2,201,641,0,0,0,67,87,0,0,0,3,,0,0
1492-3,6,97,hortelanos,233,138,2,160,648,0,0,0,67,87,0,0,0,3,1,3,0
1492-3,6,98,hortelanos,233,138,2,169,654,0,0,0,67,87,0,0,0,3,,0,0
1492-3,6,99,hortelanos,233,138,2,178,660,0,0,0,67,87,0,0,0,3,,0,0
1492-3,6,100,hortelanos,233,138,2,187,666,0,0,0,67,87,0,0,0,3,,0,0
1492-3,6,101,hortelanos,233,138,2,196,672,0,0,0,67,87,0,0,0,3,,0,0
1492-3,6,102,hortelanos,233,138,2,211,677,0,0,0,67,93,0,0,0,3,,0,0
1492-3,6,103,hortelanos,233,138,2,176,678,0,0,0,67,93,0,0,0,3,1,3,0
1492-3,6,104,hortelanos,233,138,2,191,683,0,0,0,67,93,0,0,0,3,,0,0
1492-3,6,105,hortelanos,233,138,2,206,688,0,0,0,67,93,0,0,0,3,,0,0
1492-3,6,106,hortelanos,233,138,2,221,693,0,0,0,67,93,0,0,0,3,,0,0
1492-3,6,107,hortelanos,233,138,2,236,697,0,0,0,67,93,0,0,0,3,,0,0
1492-3,6,108,hortelanos,233,138,2,251,701,0,0,0,67,93,0,0,0,3,,0,0
1492-3,6,109,hortelanos,233,138,2,216,705,0,0,0,67,93,0,0,0,3,1,3,0
1492-3,6,110,hortelanos,233,138,2,231,709,0,0,0,67,93,0,0,0,3,,0,0
1492-3,6,111,hortelanos,233,138,2,246,713,0,0,0,67,93,0,0,0,3,,0,0
1492-3,6,112,hortelanos,233,138,2,261,717,0,0,0,67,93,0,0,0,3,,0,0
1492-3,6,113,hortelanos,233,138,2,276,720,0,0,0,67,93,0,0,0,3,,0,0
1492-3,6,114,hortelanos,233,138,2,291,723,0,0,0,67,93,0,0,0,3,,0,0
1492-3,6,115,hortelanos,233,138,2,256,722,0,0,0,67,93,0,0,0,3,1,3,0
1492-3,6,116,hortelanos,233,138,2,271,725,0,0,0,67,93,0,0,0,3,,0,0
1492-3,6,117,hortelanos,233,138,2,286,728,0,0,0,67,93,0,0,0,3,,0,0
1492-3,6,118,hortelanos,233,138,2,301,731,0,0,0,67,93,0,0,0,3,,0,0
1492-3,6,119,hortelanos,233,138,2,316,734,0,0,0,67,93,0,0,0,3,,0,0
1492-3,6,120,hortelanos,233,138,2,325,737,0,0,0,67,87,0,0,0,3,,0,0
1492-3,6,121,hortelanos,233,138,2,284,740,0,0,0,67,87,0,0,0,3,1,3,0
1492-3,6,122,hortelanos,233,138,2,293,743,0,0,0,67,87,0,0,0,3,,0,0
1492-3,6,123,hortelanos,233,138,2,302,745,0,0,0,67,87,0,0,0,3,,0,0
1492-3,6,124,hortelanos,233,138,2,311,747,0,0,0,67,87,0,0,0,3,,0,0
1492-3,6,125,hortelanos,233,138,2,320,749,0,0,0,67,87,0,0,0,3,,0,0
1492-3,6,126,hortelanos,233,138,2,335,751,0,0,0,67,93,0,0,0,3,,0,0
1492-3,6,127,hortelanos,233,138,2,300,749,0,0,0,67,93,0,0,0,3,1,3,0
1492-3,6,128,hortelanos,233,138,2,315,751,0,0,0,67,93,0,0,0,3,,0,0
1492-3,6,129,hortelanos,233,138,2,330,753,0,0,0,67,93,0,0,0,3,,0,0
1492-3,6,130,hortelanos,233,138,2,345,755,0,0,0,67,93,0,0,0,3,,0,0
1492-3,6,131,hortelanos,233,138,2,360,757,0,0,0,67,93,0,0,0,3,,0,0
1492-3,6,132,hortelanos,233,138,2,375,759,0,0,0,67,93,0,0,0,3,,0,0
1492-3,6,133,hortelanos,233,138,2,340,761,0,0,0,67,93,0,0,0,3,1,3,0
1492-3,6,134,hortelanos,233,138,2,355,763,0,0,0,67,93,0,0,0,3,,0,0
1492-3,6,135,hortelanos,233,138,2,370,765,0,0,0,67,93,0,0,0,3,,0,0
1492-3,6,136,hortelanos,233,138,2,385,767,0,0,0,67,93,0,0,0,3,,0,0
1492-3,6,137,hortelanos,233,138,2,400,773,0,0,0,72,98,0,0,0,3,,0,0
1492-3,6,138,hortelanos,233,138,2,415,779,0,0,0,72,98,0,0,0,3,,0,0
1492-3,6,139,hortelanos,233,138,2,380,781,0,0,0,72,98,0,0,0,3,1,3,0
1492-3,6,140,hortelanos,233,138,2,395,787,0,0,0,72,98,0,0,0,3,,0,0
1492-3,6,141,hortelanos,233,138,2,410,792,0,0,0,72,98,0,0,0,3,,0,0
1492-3,6,142,hortelanos,233,138,2,425,797,0,0,0,72,98,0,0,0,3,,0,0
1492-3,6,143,hortelanos,233,138,2,440,797,0,0,0,67,93,0,0,0,3,,0,0
1492-3,6,144,hortelanos,233,138,2,449,797,0,0,0,67,87,0,0,0,3,,0,0
1492-3,6,145,hortelanos,233,138,2,408,797,0,0,0,67,87,0,0,0,3,1,3,0
1492-3,6,146,hortelanos,233,138,2,417,797,0,0,0,67,87,0,0,0,3,,0,0
1492-3,6,147,hortelanos,233,138,2,426,797,0,0,0,67,87,0,0,0,3,,0,0
1492-3,6,148,hortelanos,233,138,2,435,797,0,0,0,67,87,0,0,0,3,,0,0
1492-3,6,149,hortelanos,233,138,2,444,797,0,0,0,67,87,0,0,0,3,,0,0
1492-3,6,150,hortelanos,233,138,2,459,797,0,0,0,67,93,0,0,0,3,,0,0
1492-3,6,151,hortelanos,233,138,2,424,793,0,0,0,67,93,0,0,0,3,1,4,0
1492-3,6,152,hortelanos,233,138,2,439,807,0,0,0,81,107,0,0,0,3,,0,0
1492-3,6,153,hortelanos,233,138,2,454,820,0,0,0,81,107,0,0,0,3,,0,0
1492-3,6,154,hortelanos,233,138,2,469,833,0,0,0,81,107,0,0,0,3,,0,0
1492-3,6,155,hortelanos,233,138,2,484,845,0,0,0,81,107,0,0,0,3,,0,0
1492-3,6,156,hortelanos,233,138,2,499,857,0,0,0,81,107,0,0,0,3,,0,0
1492-3,6,157,hortelanos,233,138,2,464,868,0,0,0,81,107,0,0,0,3,1,3,0
1492-3,6,158,hortelanos,233,138,2,479,879,0,0,0,81,107,0,0,0,3,,0,0
1492-3,6,159,hortelanos,233,138,2,494,889,0,0,0,81,107,0,0,0,3,,0,0
1492-3,6,160,hortelanos,233,138,2,509,899,0,0,0,81,107,0,0,0,3,,0,0
1492-3,6,161,hortelanos,233,138,2,524,916,0,0,0,89,115,0,0,0,3,,0,0
1492-3,6,162,hortelanos,233,138,2,539,933,0,0,0,89,115,0,0,0,3,,0,0
1492-3,6,163,hortelanos,233,138,2,524,907,0,0,0,89,115,0,0,0,3,1,3,0
1492-3,6,164,hortelanos,233,138,2,539,924,0,0,0,89,115,0,0,0,3,,0,0
1492-3,6,165,hortelanos,295,198,3,554,940,0,0,0,89,115,0,0,0,4,,0,0
1492-3,6,166,hortelanos,295,198,3,569,941,0,0,0,89,127,0,0,0,4,,0,0
1492-3,6,167,hortelanos,295,198,3,584,935,0,0,0,81,119,0,0,0,4,,0,0
1492-3,6,168,hortelanos,295,198,3,593,929,0,0,0,81,113,0,0,0,4,,0,0
1492-3,6,169,hortelanos,295,198,3,557,881,0,0,0,81,113,0,0,0,4,1,5,0
1492-3,6,170,hortelanos,295,198,3,566,890,0,0,0,97,129,0,0,0,4,,0,0
1492-3,6,171,hortelanos,328,263,4,575,899,0,0,0,97,129,0,1,0,4,,0,0
1492-3,6,172,hortelanos,328,263,4,589,912,0,0,0,116,160,0,0,0,4,,0,0
1492-3,6,173,hortelanos,328,263,4,603,925,0,0,0,116,160,0,0,0,4,,0,0
1492-3,6,174,hortelanos,328,263,4,623,937,0,0,0,116,166,0,0,0,4,,0,0
1492-3,6,175,hortelanos,328,263,4,593,945,0,0,0,116,166,0,0,0,4,1,5,0
1492-3,6,176,hortelanos,328,263,4,613,957,0,0,0,116,166,0,0,0,4,,0,0
1492-3,6,177,hortelanos,328,263,4,633,968,0,0,0,116,166,0,0,0,4,,0,0
1492-3,6,178,hortelanos,328,263,4,653,979,0,0,0,116,166,0,0,0,4,,0,0
1492-3,6,179,hortelanos,328,263,4,673,989,0,0,0,116,166,0,0,0,4,,0,0
1492-3,6,180,hortelanos,328,263,4,693,999,0,0,0,116,166,0,0,0,4,,0,0
1492-3,6,181,hortelanos,328,263,4,663,1008,0,0,0,116,166,0,0,0,4,1,3,0
1492-3,6,182,hortelanos,328,263,4,683,1017,0,0,0,116,166,0,0,0,4,,0,0
1492-3,6,183,hortelanos,328,263,4,703,1026,0,0,0,116,166,0,0,0,4,,0,0
1492-3,6,184,hortelanos,328,263,4,723,1034,0,0,0,116,166,0,0,0,4,,0,0
1492-3,6,185,hortelanos,328,263,4,743,1042,0,0,0,116,166,0,0,0,4,,0,0
1492-3,6,186,hortelanos,328,263,4,763,1050,0,0,0,116,166,0,0,0,4,,0,0
1492-3,6,187,hortelanos,328,263,4,733,1053,0,0,0,116,166,0,0,0,4,1,3,0
1492-3,6,188,hortelanos,328,263,4,753,1060,0,0,0,116,166,0,0,0,4,,0,0
1492-3,6,189,hortelanos,328,263,4,773,1067,0,0,0,116,166,0,0,0,4,,0,0
1492-3,6,190,hortelanos,328,263,4,793,1074,0,0,0,116,166,0,0,0,4,,0,0
1492-3,6,191,hortelanos,328,263,4,813,1080,0,0,0,116,166,0,0,0,4,,0,0
1492-3,6,192,hortelanos,328,263,4,827,1086,0,0,0,116,160,0,0,0,4,,0,0
1492-3,6,193,hortelanos,328,263,4,841,1092,0,0,0,116,160,0,0,0,4,1,3,0
1492-3,6,194,hortelanos,328,263,4,849,1098,0,0,0,116,152,0,0,0,4,,0,0
1492-3,6,195,hortelanos,328,263,4,857,1104,0,0,0,116,152,0,0,0,4,,0,0
1492-3,6,196,hortelanos,328,263,4,865,1109,0,0,0,116,152,0,0,0,4,,0,0
1492-3,6,197,hortelanos,328,263,4,873,1114,0,0,0,116,152,0,0,0,4,,0,0
1492-3,6,198,hortelanos,328,263,4,887,1119,0,0,0,116,158,0,0,0,4,,0,0
1492-3,6,199,hortelanos,328,263,4,871,1081,0,0,0,116,158,0,0,0,4,1,3,0
1492-3,6,200,hortelanos,328,263,4,885,1087,0,0,0,116,158,0,0,0,4,,0,0
1492-3,6,1,mercaderes,40,86,1,34,57,0,0,0,11,29,0,0,0,0,1,4,0
1492-3,6,2,mercaderes,40,86,1,38,44,0,0,0,11,19,0,0,0,0,,0,0
1492-3,6,3,mercaderes,40,86,1,42,31,0,0,0,11,19,0,0,0,0,,0,0
1492-3,6,4,mercaderes,40,86,1,46,19,0,0,0,11,19,0,0,0,0,,0,0
1492-3,6,5,mercaderes,40,86,1,50,11,0,0,0,15,23,0,1,0,0,,0,0
1492-3,6,6,mercaderes,40,86,1,70,5,0,0,0,15,39,0,0,0,0,,0,0
1492-3,6,7,mercaderes,39,86,1,80,0,0,0,0,15,39,1,0,0,0,1,4,0
1492-3,6,8,mercaderes,38,86,1,100,0,0,0,0,15,39,1,0,0,0,,0,0
1492-3,6,9,mercaderes,36,84,1,120,0,0,0,0,15,39,1,0,0,0,,0,0
1492-3,6,10,mercaderes,35,82,1,140,0,0,0,0,15,39,1,0,0,0,,0,0
1492-3,6,11,mercaderes,35,82,1,160,10,0,0,0,30,54,0,0,0,0,,0,0
1492-3,6,12,mercaderes,35,82,1,180,20,0,0,0,30,54,0,0,0,0,,0,0
1492-3,6,13,mercaderes,35,82,1,86,30,0,0,0,30,54,0,0,0,0,1,2,0
1492-3,6,14,mercaderes,35,82,1,106,39,0,0,0,30,54,0,0,0,0,,0,0
1492-3,6,15,mercaderes,35,82,1,126,48,0,0,0,30,54,0,0,0,0,,0,0
1492-3,6,16,mercaderes,35,82,1,146,56,0,0,0,30,54,0,0,0,0,,0,0
1492-3,6,17,mercaderes,35,82,1,166,52,0,0,0,18,42,0,0,0,0,,0,0
1492-3,6,18,mercaderes,35,82,1,186,48,0,0,0,18,42,0,0,0,0,,0,0
1492-3,6,19,mercaderes,35,82,1,174,55,0,0,0,18,42,0,0,0,0,1,2,0
1492-3,6,20,mercaderes,35,82,1,194,51,0,0,0,18,42,0,0,0,0,,0,0
1492-3,6,21,mercaderes,35,82,1,214,48,0,0,0,18,42,0,0,0,0,,0,0
1492-3,6,22,mercaderes,35,82,1,234,45,0,0,0,18,42,0,0,0,0,,0,0
1492-3,6,23,mercaderes,35,82,1,254,35,0,0,0,11,35,0,0,0,0,,0,0
1492-3,6,24,mercaderes,35,82,1,266,25,0,0,0,11,27,0,0,0,0,,0,0
1492-3,6,25,mercaderes,35,82,1,246,26,0,0,0,11,27,0,0,0,0,1,2,0
1492-3,6,26,mercaderes,35,82,1,258,17,0,0,0,11,27,0,0,0,0,,0,0
1492-3,6,27,mercaderes,35,82,1,270,8,0,0,0,11,27,0,0,0,0,,0,0
1492-3,6,28,mercaderes,34,82,1,282,0,0,0,0,11,27,1,0,0,0,,0,0
1492-3,6,29,mercaderes,33,82,1,294,0,0,0,0,15,31,1,0,0,0,,0,0
1492-3,6,30,mercaderes,32,80,1,314,0,0,0,0,15,39,1,0,0,0,,0,0
1492-3,6,31,mercaderes,30,78,1,301,10,0,0,0,15,39,1,0,0,0,1,2,0
1492-3,6,32,mercaderes,30,78,1,319,6,0,0,0,15,37,0,0,0,0,,0,0
1492-3,6,33,mercaderes,30,78,1,337,2,0,0,0,15,37,0,0,0,0,,0,0
1492-3,6,34,mercaderes,29,78,1,355,0,0,0,0,15,37,1,0,0,0,,0,0
1492-3,6,35,mercaderes,29,78,1,373,11,0,0,0,30,52,0,0,0,0,,0,0
1492-3,6,36,mercaderes,29,78,1,391,22,0,0,0,30,52,0,0,0,0,,0,0
1492-3,6,37,mercaderes,29,78,1,376,42,0,0,0,30,52,0,0,0,0,1,2,0
1492-3,6,38,mercaderes,29,78,1,394,51,0,0,0,30,52,0,0,0,0,,0,0
1492-3,6,39,mercaderes,29,78,1,412,60,0,0,0,30,52,0,0,0,0,,0,0
1492-3,6,40,mercaderes,29,78,1,430,69,0,0,0,30,52,0,0,0,0,,0,0
1492-3,6,41,mercaderes,29,78,1,448,66,0,0,0,18,40,0,0,0,0,,0,0
1492-3,6,42,mercaderes,29,78,1,466,63,0,0,0,18,40,0,0,0,0,,0,0
1492-3,6,43,mercaderes,28,74,1,431,60,0,0,0,18,40,0,0,0,0,1,3,0
1492-3,6,44,mercaderes,28,74,1,449,58,0,0,0,18,40,0,0,0,0,,0,0
1492-3,6,45,mercaderes,28,74,1,467,56,0,0,0,18,40,0,0,0,0,,0,0
1492-3,6,46,mercaderes,28,74,1,485,54,0,0,0,18,40,0,0,0,0,,0,0
1492-3,6,47,mercaderes,28,74,1,503,46,0,0,0,11,33,0,0,0,0,,0,0
1492-3,6,48,mercaderes,28,74,1,514,38,0,0,0,11,26,0,0,0,0,,0,0
1492-3,6,49,mercaderes,28,74,1,492,40,0,0,0,11,26,0,0,0,0,1,2,0
1492-3,6,50,mercaderes,28,74,1,503,32,0,0,0,11,26,0,0,0,0,,0,0
1492-3,6,51,mercaderes,28,74,1,514,24,0,0,0,11,26,0,0,0,0,,0,0
1492-3,6,52,mercaderes,28,74,1,525,17,0,0,0,11,26,0,0,0,0,,0,0
1492-3,6,53,mercaderes,28,74,1,536,14,0,0,0,15,30,0,0,0,0,,0,0
1492-3,6,54,mercaderes,28,74,1,554,11,0,0,0,15,37,0,0,0,0,,0,0
1492-3,6,55,mercaderes,28,74,1,539,18,0,0,0,15,37,0,0,0,0,1,2,0
1492-3,6,56,mercaderes,28,74,1,557,15,0,0,0,15,37,0,0,0,0,,0,0
1492-3,6,57,mercaderes,28,74,1,575,12,0,0,0,15,37,0,0,0,0,,0,0
1492-3,6,58,mercaderes,28,74,1,593,9,0,0,0,15,37,0,0,0,0,,0,0
1492-3,6,59,mercaderes,28,74,1,611,21,0,0,0,30,52,0,0,0,0,,0,0
1492-3,6,60,mercaderes,28,74,1,629,32,0,0,0,30,52,0,0,0,0,,0,0
1492-3,6,61,mercaderes,28,74,1,614,53,0,0,0,30,52,0,0,0,0,1,2,0
1492-3,6,62,mercaderes,28,74,1,632,63,0,0,0,30,52,0,0,0,0,,0,0
1492-3,6,63,mercaderes,28,74,1,650,72,0,0,0,30,52,0,0,0,0,,0,0
1492-3,6,64,mercaderes,43,74,1,668,81,0,0,0,30,52,0,0,0,1,,0,0
1492-3,6,65,mercaderes,43,74,1,686,78,0,0,0,18,40,0,0,0,1,,0,0
1492-3,6,66,mercaderes,43,74,1,704,75,0,0,0,18,40,0,0,0,1,,0,0
1492-3,6,67,mercaderes,43,70,1,669,59,0,0,0,18,40,0,0,0,1,1,6,0
1492-3,6,68,mercaderes,56,70,1,687,58,0,0,0,18,40,0,0,0,2,,0,0
1492-3,6,69,mercaderes,56,70,1,705,57,0,0,0,18,40,0,0,0,2,,0,0
1492-3,6,70,mercaderes,56,70,1,723,56,0,0,0,18,40,0,0,0,2,,0,0
1492-3,6,71,mercaderes,56,70,1,741,48,0,0,0,11,33,0,0,0,2,,0,0
1492-3,6,72,mercaderes,56,70,1,752,41,0,0,0,11,26,0,0,0,2,,0,0
1492-3,6,73,mercaderes,56,70,1,730,44,0,0,0,11,26,0,0,0,2,1,4,0
1492-3,6,74,mercaderes,59,70,1,741,37,0,0,0,11,26,0,0,0,2,,0,0
1492-3,6,75,mercaderes,59,70,1,752,30,0,0,0,11,26,0,0,0,2,,0,0
1492-3,6,76,mercaderes,59,70,1,763,24,0,0,0,11,26,0,0,0,2,,0,0
1492-3,6,77,mercaderes,59,70,1,774,22,0,0,0,15,30,0,0,0,2,,0,0
1492-3,6,78,mercaderes,59,70,1,792,20,0,0,0,15,37,0,0,0,2,,0,0
1492-3,6,79,mercaderes,59,70,1,777,28,0,0,0,15,37,0,0,0,2,1,4,0
1492-3,6,80,mercaderes,59,70,1,795,25,0,0,0,15,37,0,0,0,2,,0,0
1492-3,6,81,mercaderes,59,70,1,813,23,0,0,0,15,37,0,0,0,2,,0,0
1492-3,6,82,mercaderes,59,70,1,831,21,0,0,0,15,37,0,0,0,2,,0,0
1492-3,6,83,mercaderes,59,70,1,849,33,0,0,0,30,52,0,0,0,2,,0,0
1492-3,6,84,mercaderes,62,70,1,867,45,0,0,0,30,52,0,0,0,2,,0,0
1492-3,6,85,mercaderes,62,70,1,852,66,0,0,0,30,52,0,0,0,2,1,4,0
1492-3,6,86,mercaderes,62,70,1,870,76,0,0,0,30,52,0,0,0,2,,0,0
1492-3,6,87,mercaderes,62,70,1,888,86,0,0,0,30,52,0,0,0,2,,0,0
1492-3,6,88,mercaderes,62,70,1,906,96,0,0,0,30,52,0,0,0,2,,0,0
1492-3,6,89,mercaderes,62,70,1,924,94,0,0,0,18,40,0,0,0,2,,0,0
1492-3,6,90,mercaderes,62,70,1,942,92,0,0,0,18,40,0,0,0,2,,0,0
1492-3,6,91,mercaderes,61,66,1,907,83,0,0,0,18,40,0,0,0,2,1,6,0
1492-3,6,92,mercaderes,64,66,1,923,82,0,0,0,18,38,0,0,0,2,,0,0
1492-3,6,93,mercaderes,64,66,1,939,81,0,0,0,18,38,0,0,0,2,,0,0
1492-3,6,94,mercaderes,64,66,1,955,80,0,0,0,18,38,0,0,0,2,,0,0
1492-3,6,95,mercaderes,64,66,1,971,72,0,0,0,11,31,0,0,0,2,,0,0
1492-3,6,96,mercaderes,64,66,1,981,65,0,0,0,11,25,0,0,0,2,,0,0
1492-3,6,97,mercaderes,63,62,1,938,58,0,0,0,11,25,0,0,0,2,1,5,0
1492-3,6,98,mercaderes,63,62,1,948,52,0,0,0,11,25,0,0,0,2,,0,0
1492-3,6,99,mercaderes,63,62,1,958,47,0,0,0,11,25,0,0,0,2,,0,0
1492-3,6,100,mercaderes,66,62,1,968,42,0,0,0,11,25,0,0,0,2,,0,0
1492-3,6,101,mercaderes,66,62,1,978,41,0,0,0,15,29,0,0,0,2,,0,0
1492-3,6,102,mercaderes,66,62,1,994,40,0,0,0,15,35,0,0,0,2,,0,0
1492-3,6,103,mercaderes,66,62,1,977,49,0,0,0,15,35,0,0,0,2,1,4,0
1492-3,6,104,mercaderes,66,62,1,993,48,0,0,0,15,35,0,0,0,2,,0,0
1492-3,6,105,mercaderes,66,62,1,1009,47,0,0,0,15,35,0,0,0,2,,0,0
1492-3,6,106,mercaderes,66,62,1,1025,46,0,0,0,15,35,0,0,0,2,,0,0
1492-3,6,107,mercaderes,66,62,1,1041,59,0,0,0,30,50,0,0,0,2,,0,0
1492-3,6,108,mercaderes,66,62,1,1057,72,0,0,0,30,50,0,0,0,2,,0,0
1492-3,6,109,mercaderes,66,62,1,1010,56,0,0,0,30,50,0,0,0,2,1,3,0
1492-3,6,110,mercaderes,66,62,1,1026,69,0,0,0,30,50,0,0,0,2,,0,0
1492-3,6,111,mercaderes,116,114,2,1042,81,0,0,0,30,50,0,0,0,3,,0,0
1492-3,6,112,mercaderes,117,116,2,1061,80,0,0,0,30,60,0,0,0,3,,0,0
1492-3,6,113,mercaderes,117,116,2,1080,67,0,0,0,18,48,0,0,0,3,,0,0
1492-3,6,114,mercaderes,117,116,2,1099,54,0,0,0,18,48,0,0,0,3,,0,0
1492-3,6,115,mercaderes,117,116,2,1045,13,0,0,0,18,48,0,0,0,3,1,4,0
1492-3,6,116,mercaderes,117,116,2,1064,0,0,0,0,18,48,0,1,0,3,,0,0
1492-3,6,117,mercaderes,177,171,3,1083,0,0,0,0,26,56,1,0,0,4,,0,0
1492-3,6,118,mercaderes,176,171,3,1103,0,0,0,0,26,66,1,0,0,4,,0,0
1492-3,6,119,mercaderes,174,168,3,1123,0,0,0,0,16,56,1,0,0,4,,0,0
1492-3,6,120,mercaderes,173,165,3,1137,0,0,0,0,15,49,1,0,0,4,,0,0
1492-3,6,121,mercaderes,171,162,3,1118,10,0,0,0,15,49,1,0,0,4,1,6,0
1492-3,6,122,mercaderes,169,159,3,1126,0,0,0,0,15,41,1,0,0,4,,0,0
1492-3,6,123,mercaderes,168,156,3,1134,0,0,0,0,14,40,1,0,0,4,,0,0
1492-3,6,124,mercaderes,166,153,3,1141,0,0,0,0,13,38,1,0,0,4,,0,0
1492-3,6,125,mercaderes,165,150,3,1146,0,0,0,0,16,39,1,0,0,4,,0,0
1492-3,6,126,mercaderes,163,147,3,1156,0,0,0,0,16,44,1,0,0,4,,0,0
1492-3,6,127,mercaderes,63,53,1,1133,10,0,0,0,10,28,1,0,0,4,1,3,0
1492-3,6,128,mercaderes,63,53,1,1141,7,0,0,0,10,21,0,0,0,4,,0,0
1492-3,6,129,mercaderes,63,53,1,1149,4,0,0,0,10,21,0,0,0,4,,0,0
1492-3,6,130,mercaderes,63,53,1,1157,1,0,0,0,10,21,0,0,0,4,,0,0
1492-3,6,131,mercaderes,63,53,1,1165,15,0,0,0,27,38,0,0,0,4,,0,0
1492-3,6,132,mercaderes,63,53,1,1173,28,0,0,0,27,38,0,0,0,4,,0,0
1492-3,6,133,mercaderes,64,55,1,1148,51,0,0,0,27,38,0,0,0,4,1,2,0
1492-3,6,134,mercaderes,64,57,1,1156,63,0,0,0,27,38,0,0,0,4,,0,0
1492-3,6,135,mercaderes,64,59,1,1164,76,0,0,0,30,41,0,0,0,4,,0,0
1492-3,6,136,mercaderes,65,60,1,1172,89,0,0,0,30,41,0,0,0,4,,0,0
1492-3,6,137,mercaderes,65,60,1,1181,89,0,0,0,18,30,0,0,0,4,,0,0
1492-3,6,138,mercaderes,65,60,1,1190,89,0,0,0,18,30,0,0,0,4,,0,0
1492-3,6,139,mercaderes,65,60,1,1136,60,0,0,0,18,30,0,0,0,4,1,3,0
1492-3,6,140,mercaderes,65,60,1,1145,61,0,0,0,18,30,0,0,0,4,,0,0
1492-3,6,141,mercaderes,97,120,2,1154,62,0,0,0,18,30,0,0,0,4,,0,0
1492-3,6,142,mercaderes,97,120,2,1168,48,0,0,0,18,42,0,0,0,4,,0,0
1492-3,6,143,mercaderes,97,120,2,1182,28,0,0,0,11,35,0,0,0,4,,0,0
1492-3,6,144,mercaderes,97,120,2,1196,9,0,0,0,11,35,0,0,0,4,,0,0
1492-3,6,145,mercaderes,96,120,2,1127,10,0,0,0,11,35,1,0,0,4,1,4,0
1492-3,6,146,mercaderes,95,120,2,1141,0,0,0,0,11,35,1,0,0,4,,0,0
1492-3,6,147,mercaderes,93,118,2,1155,0,0,0,0,11,35,1,0,0,4,,0,0
1492-3,6,148,mercaderes,92,116,2,1166,0,0,0,0,11,32,1,0,0,4,,0,0
1492-3,6,149,mercaderes,90,114,2,1177,0,0,0,0,15,36,1,0,0,4,,0,0
1492-3,6,150,mercaderes,89,112,2,1192,0,0,0,0,15,40,1,0,0,4,,0,0
1492-3,6,151,mercaderes,88,110,2,1174,10,0,0,0,15,40,1,0,0,4,1,4,0
1492-3,6,152,mercaderes,86,108,2,1188,0,0,0,0,15,38,1,0,0,4,,0,0
1492-3,6,153,mercaderes,85,106,2,1202,0,0,0,0,13,36,1,0,0,4,,0,0
1492-3,6,154,mercaderes,33,52,1,1216,0,0,0,0,13,32,1,0,0,4,,0,0
1492-3,6,155,mercaderes,33,52,1,1232,14,0,0,0,27,46,0,0,0,4,,0,0
1492-3,6,156,mercaderes,33,52,1,1248,27,0,0,0,27,46,0,0,0,4,,0,0
1492-3,6,157,mercaderes,33,54,1,1181,50,0,0,0,27,46,0,0,0,4,1,3,0
1492-3,6,158,mercaderes,34,56,1,1197,62,0,0,0,27,46,0,0,0,4,,0,0
1492-3,6,159,mercaderes,34,58,1,1213,72,0,0,0,27,46,0,0,0,4,,0,0
1492-3,6,160,mercaderes,35,60,1,1229,82,0,0,0,27,46,0,0,0,4,,0,0
1492-3,6,161,mercaderes,35,60,1,1246,87,0,0,0,23,43,0,0,0,4,,0,0
1492-3,6,162,mercaderes,35,60,1,1263,92,0,0,0,23,43,0,0,0,4,,0,0
1492-3,6,163,mercaderes,35,60,1,1217,68,0,0,0,23,43,0,0,0,4,1,3,0
1492-3,6,164,mercaderes,35,60,1,1234,73,0,0,0,23,43,0,0,0,4,,0,0
1492-3,6,165,mercaderes,64,105,2,1251,78,0,0,0,23,43,0,0,0,4,,0,0
1492-3,6,166,mercaderes,64,107,2,1265,83,0,0,0,34,57,0,0,0,4,,0,0
1492-3,6,167,mercaderes,64,107,2,1279,71,0,0,0,16,39,0,0,0,4,,0,0
1492-3,6,168,mercaderes,64,107,2,1288,59,0,0,0,16,34,0,0,0,4,,0,0
1492-3,6,169,mercaderes,64,107,2,1215,9,0,0,0,16,34,0,0,0,4,1,5,0
1492-3,6,170,mercaderes,63,107,2,1228,0,0,0,0,16,38,1,0,0,4,,0,0
1492-3,6,171,mercaderes,95,172,3,1241,0,0,0,0,16,38,1,1,0,4,,0,0
1492-3,6,172,mercaderes,93,169,3,1261,0,0,0,0,22,59,1,0,0,4,,0,0
1492-3,6,173,mercaderes,92,166,3,1280,0,0,0,0,38,74,1,0,0,4,,0,0
1492-3,6,174,mercaderes,90,163,3,1304,0,0,0,0,36,77,1,0,0,4,,0,0
1492-3,6,175,mercaderes,89,160,3,1295,10,0,0,0,36,77,1,0,0,4,1,5,0
1492-3,6,176,mercaderes,89,160,3,1315,3,0,0,0,33,70,0,0,0,4,,0,0
1492-3,6,177,mercaderes,88,160,3,1335,0,0,0,0,36,73,1,0,0,4,,0,0
1492-3,6,178,mercaderes,87,160,3,1355,0,0,0,0,36,73,1,0,0,4,,0,0
1492-3,6,179,mercaderes,87,160,3,1375,17,0,0,0,57,94,0,0,0,4,,0,0
1492-3,6,180,mercaderes,35,103,2,1395,33,0,0,0,57,79,0,0,0,4,,0,0
1492-3,6,181,mercaderes,36,107,2,1375,73,0,0,0,57,79,0,0,0,4,1,2,0
1492-3,6,182,mercaderes,36,109,2,1389,100,0,0,0,57,80,0,0,0,4,,0,0
1492-3,6,183,mercaderes,37,111,2,1403,125,0,0,0,57,80,0,0,0,4,,0,0
1492-3,6,184,mercaderes,37,113,2,1418,152,0,0,0,60,84,0,0,0,4,,0,0
1492-3,6,185,mercaderes,38,115,2,1433,154,0,0,0,36,60,0,0,0,4,,0,0
1492-3,6,186,mercaderes,38,117,2,1448,156,0,0,0,36,60,0,0,0,4,,0,0
1492-3,6,187,mercaderes,38,119,2,1400,129,0,0,0,36,60,0,0,0,4,1,4,0
1492-3,6,188,mercaderes,39,120,2,1420,131,0,0,0,36,65,0,0,0,4,,0,0
1492-3,6,189,mercaderes,68,166,3,1441,132,0,0,0,36,66,0,0,0,4,,0,0
1492-3,6,190,mercaderes,68,166,3,1462,122,0,0,0,36,76,0,0,0,4,,0,0
1492-3,6,191,mercaderes,68,166,3,1483,99,0,0,0,22,62,0,0,0,4,,0,0
1492-3,6,192,mercaderes,68,166,3,1499,77,0,0,0,22,57,0,0,0,4,,0,0
1492-3,6,193,mercaderes,68,166,3,1452,28,0,0,0,22,57,0,0,0,4,1,5,0
1492-3,6,194,mercaderes,68,166,3,1468,9,0,0,0,22,57,0,0,0,4,,0,0
1492-3,6,195,mercaderes,97,218,4,1484,0,0,0,0,22,57,1,0,0,4,,0,0
1492-3,6,196,mercaderes,96,218,4,1498,0,0,0,0,22,61,1,0,0,4,,0,0
1492-3,6,197,mercaderes,94,214,4,1512,0,0,0,0,30,69,1,0,0,4,,0,0
1492-3,6,198,mercaderes,93,210,4,1529,0,0,0,0,30,72,1,0,0,4,,0,0
1492-3,6,199,mercaderes,91,206,4,1513,10,0,0,0,30,72,1,0,0,4,1,4,0
1492-3,6,200,mercaderes,89,202,4,1524,0,0,0,0,28,62,1,0,0,4,,0,0
1492-3,6,1,mesta,29,30,1,42,75,0,0,0,5,11,0,0,0,0,1,3,0
1492-3,6,2,mesta,29,30,1,41,69,0,0,0,5,8,0,0,0,0,,0,0
1492-3,6,3,mesta,29,30,1,40,63,0,0,0,5,8,0,0,0,0,,0,0
1492-3,6,4,mesta,29,30,1,39,57,0,0,0,5,8,0,0,0,0,,0,0
1492-3,6,5,mesta,29,30,1,38,52,0,0,0,6,9,0,1,0,0,,0,0
1492-3,6,6,mesta,29,30,1,48,49,0,0,0,6,20,0,0,0,0,,0,0
1492-3,6,7,mesta,29,30,1,58,47,0,0,0,6,20,0,0,0,0,1,1,0
1492-3,6,8,mesta,29,30,1,68,45,0,0,0,6,20,0,0,0,0,,0,0
1492-3,6,9,mesta,29,30,1,78,43,0,0,0,6,20,0,0,0,0,,0,0
1492-3,6,10,mesta,29,30,1,88,41,0,0,0,6,20,0,0,0,0,,0,0
1492-3,6,11,mesta,29,31,1,98,46,0,0,0,13,27,0,0,0,0,,0,0
1492-3,6,12,mesta,29,32,1,108,50,0,0,0,13,27,0,0,0,0,,0,0
1492-3,6,13,mesta,29,31,1,88,53,0,0,0,13,27,0,0,0,0,1,1,0
1492-3,6,14,mesta,29,32,1,98,59,0,0,0,13,27,0,0,0,0,,0,0
1492-3,6,15,mesta,29,33,1,108,64,0,0,0,13,27,0,0,0,0,,0,0
1492-3,6,16,mesta,29,34,1,118,69,0,0,0,13,27,0,0,0,0,,0,0
1492-3,6,17,mesta,45,35,1,128,69,0,0,0,8,22,0,0,0,1,,0,0
1492-3,6,18,mesta,45,35,1,138,69,0,0,0,8,22,0,0,0,1,,0,0
1492-3,6,19,mesta,45,35,1,148,69,0,0,0,8,22,0,0,0,1,1,0,1
1492-3,6,20,mesta,45,35,1,158,69,0,0,0,8,22,0,0,0,1,,0,0
1492-3,6,21,mesta,45,35,1,168,68,0,0,0,8,22,0,0,0,1,,0,0
1492-3,6,22,mesta,45,35,1,178,67,0,0,0,8,22,0,0,0,1,,0,0
1492-3,6,23,mesta,45,35,1,188,63,0,0,0,5,19,0,0,0,1,,0,0
1492-3,6,24,mesta,45,35,1,195,59,0,0,0,5,16,0,0,0,1,,0,0
1492-3,6,25,mesta,45,35,1,202,56,0,0,0,6,17,0,0,0,1,1,0,1
1492-3,6,26,mesta,45,35,1,209,53,0,0,0,6,17,0,0,0,1,,0,0
1492-3,6,27,mesta,45,35,1,216,50,0,0,0,6,17,0,0,0,1,,0,0
1492-3,6,28,mesta,45,35,1,223,48,0,0,0,6,17,0,0,0,1,,0,0
1492-3,6,29,mesta,45,35,1,230,46,0,0,0,6,17,0,0,0,1,,0,0
1492-3,6,30,mesta,45,35,1,240,44,0,0,0,6,20,0,0,0,1,,0,0
1492-3,6,31,mesta,44,33,1,220,42,0,0,0,6,20,0,0,0,1,1,1,0
1492-3,6,32,mesta,44,33,1,230,42,0,0,0,6,20,0,0,0,1,,0,0
1492-3,6,33,mesta,44,33,1,240,41,0,0,0,6,20,0,0,0,1,,0,0
1492-3,6,34,mesta,44,33,1,250,40,2,0,0,6,20,0,0,0,1,,0,0
1492-3,6,35,mesta,44,34,1,260,46,2,0,0,13,27,0,0,0,1,,0,0
1492-3,6,36,mesta,45,35,1,270,51,2,0,0,13,27,0,0,0,1,,0,0
1492-3,6,37,mesta,45,36,1,280,56,2,0,0,13,27,0,0,0,1,1,0,1
1492-3,6,38,mesta,45,37,1,290,60,2,0,0,13,27,0,0,0,1,,0,0
1492-3,6,39,mesta,45,38,1,300,64,2,0,0,13,27,0,0,0,1,,0,0
1492-3,6,40,mesta,45,39,1,310,68,2,0,0,13,27,0,0,0,1,,0,0
1492-3,6,41,mesta,45,39,1,320,67,2,0,0,8,22,0,0,0,1,,0,0
1492-3,6,42,mesta,45,39,1,330,66,2,0,0,8,22,0,0,0,1,,0,0
1492-3,6,43,mesta,45,39,1,340,65,2,0,0,8,22,0,0,0,1,1,0,1
1492-3,6,44,mesta,45,39,1,350,64,2,0,0,8,22,0,0,0,1,,0,0
1492-3,6,45,mesta,45,39,1,360,62,2,0,0,8,22,0,0,0,1,,0,0
1492-3,6,46,mesta,45,39,1,370,60,2,0,0,8,22,0,0,0,1,,0,0
1492-3,6,47,mesta,45,39,1,380,56,2,0,0,6,20,0,0,0,1,,0,0
1492-3,6,48,mesta,45,39,1,387,52,2,0,0,6,17,0,0,0,1,,0,0
1492-3,6,49,mesta,45,37,1,364,48,2,0,0,5,16,0,0,0,1,1,1,0
1492-3,6,50,mesta,45,37,1,371,46,2,0,0,5,16,0,0,0,1,,0,0
1492-3,6,51,mesta,45,37,1,378,43,2,0,0,5,16,0,0,0,1,,0,0
1492-3,6,52,mesta,45,37,1,385,40,2,0,0,5,16,0,0,0,1,,0,0
1492-3,6,53,mesta,45,37,1,392,38,2,0,0,6,17,0,0,0,1,,0,0
1492-3,6,54,mesta,45,37,1,402,36,2,0,0,6,20,0,0,0,1,,0,0
1492-3,6,55,mesta,45,37,1,412,34,2,0,0,6,20,0,0,0,1,1,0,1
1492-3,6,56,mesta,45,37,1,422,32,2,0,0,6,20,0,0,0,1,,0,0
1492-3,6,57,mesta,45,37,1,432,29,2,0,0,6,20,0,0,0,1,,0,0
1492-3,6,58,mesta,45,37,1,442,26,6,0,0,6,20,0,0,0,1,,0,0
1492-3,6,59,mesta,45,38,1,452,30,6,0,0,13,27,0,0,0,1,,0,0
1492-3,6,60,mesta,45,39,1,462,34,6,0,0,13,27,0,0,0,1,,0,0
1492-3,6,61,mesta,46,40,1,472,38,6,0,0,13,27,0,0,0,1,1,0,1
1492-3,6,62,mesta,46,42,1,484,41,6,0,0,13,29,0,0,0,1,,0,0
1492-3,6,63,mesta,46,44,1,496,44,6,0,0,13,29,0,0,0,1,,0,0
1492-3,6,64,mesta,47,46,1,508,46,6,0,0,13,29,0,0,0,1,,0,0
1492-3,6,65,mesta,47,46,1,520,43,6,0,0,8,24,0,0,0,1,,0,0
1492-3,6,66,mesta,47,46,1,532,40,6,0,0,8,24,0,0,0,1,,0,0
1492-3,6,67,mesta,46,40,1,494,27,6,0,0,8,24,0,0,0,1,1,2,0
1492-3,6,68,mesta,46,40,1,506,27,6,0,0,8,24,0,0,0,1,,0,0
1492-3,6,69,mesta,46,40,1,518,26,6,0,0,8,24,0,0,0,1,,0,0
1492-3,6,70,mesta,46,40,1,530,25,6,0,0,8,24,0,0,0,1,,0,0
1492-3,6,71,mesta,46,40,1,542,22,6,0,0,5,21,0,0,0,1,,0,0
1492-3,6,72,mesta,46,40,1,550,19,6,0,0,5,17,0,0,0,1,,0,0
1492-3,6,73,mesta,45,36,1,538,4,6,0,0,3,15,0,0,0,1,1,1,0
1492-3,6,74,mesta,45,36,1,545,0,6,0,0,3,14,0,0,0,1,,0,0
1492-3,6,75,mesta,44,36,1,552,0,6,0,0,3,14,1,0,0,1,,0,0
1492-3,6,76,mesta,43,36,1,559,0,6,0,0,3,14,1,0,0,1,,0,0
1492-3,6,77,mesta,42,35,1,566,0,6,0,0,6,17,1,0,0,1,,0,0
1492-3,6,78,mesta,40,34,1,576,0,6,0,0,6,20,1,0,0,1,,0,0
1492-3,6,79,mesta,39,33,1,466,0,0,0,0,6,20,1,0,0,1,1,4,0
1492-3,6,80,mesta,38,32,1,476,0,0,0,0,6,20,1,0,0,1,,0,0
1492-3,6,81,mesta,37,31,1,486,0,0,0,0,6,20,1,0,0,1,,0,0
1492-3,6,82,mesta,37,31,1,496,0,3,0,0,6,20,0,0,0,1,,0,0
1492-3,6,83,mesta,37,31,1,506,6,3,0,0,12,26,0,0,0,1,,0,0
1492-3,6,84,mesta,37,31,1,516,12,3,0,0,12,26,0,0,0,1,,0,0
1492-3,6,85,mesta,37,31,1,798,22,0,0,0,12,26,0,0,0,1,1,3,0
1492-3,6,86,mesta,37,31,1,808,27,0,0,0,12,26,0,0,0,1,,0,0
1492-3,6,87,mesta,37,32,1,818,32,0,0,0,12,26,0,0,0,1,,0,0
1492-3,6,88,mesta,37,33,1,828,36,0,0,0,12,26,0,0,0,1,,0,0
1492-3,6,89,mesta,37,33,1,838,35,0,0,0,7,21,0,0,0,1,,0,0
1492-3,6,90,mesta,37,33,1,848,34,0,0,0,7,21,0,0,0,1,,0,0
1492-3,6,91,mesta,37,31,1,949,27,0,0,0,8,22,0,0,0,1,1,6,0
1492-3,6,92,mesta,37,32,1,959,30,0,0,0,8,22,0,0,0,1,,0,0
1492-3,6,93,mesta,37,33,1,969,30,0,0,0,8,22,0,0,0,1,,0,0
1492-3,6,94,mesta,37,34,1,979,30,0,0,0,8,22,0,0,0,1,,0,0
1492-3,6,95,mesta,50,34,1,989,25,0,0,0,3,17,0,0,0,2,,0,0
1492-3,6,96,mesta,50,34,1,996,21,0,0,0,3,14,0,0,0,2,,0,0
1492-3,6,97,mesta,50,34,1,971,29,0,0,0,5,16,0,0,0,2,1,4,0
1492-3,6,98,mesta,50,34,1,978,26,0,0,0,5,16,0,0,0,2,,0,0
1492-3,6,99,mesta,50,34,1,985,24,0,0,0,5,16,0,0,0,2,,0,0
1492-3,6,100,mesta,50,34,1,992,22,0,0,0,5,16,0,0,0,2,,0,0
1492-3,6,101,mesta,50,34,1,999,21,0,0,0,6,17,0,0,0,2,,0,0
1492-3,6,102,mesta,50,34,1,1009,20,0,0,0,6,20,0,0,0,2,,0,0
1492-3,6,103,mesta,50,34,1,986,29,0,0,0,6,20,0,0,0,2,1,2,0
1492-3,6,104,mesta,50,34,1,996,27,0,0,0,6,20,0,0,0,2,,0,0
1492-3,6,105,mesta,50,34,1,1006,25,0,0,0,6,20,0,0,0,2,,0,0
1492-3,6,106,mesta,50,34,1,1016,24,2,0,0,6,20,0,0,0,2,,0,0
1492-3,6,107,mesta,50,34,1,1026,29,2,0,0,13,27,0,0,0,2,,0,0
1492-3,6,108,mesta,51,35,1,1036,34,2,0,0,13,27,0,0,0,2,,0,0
1492-3,6,109,mesta,51,36,1,1013,43,2,0,0,13,27,0,0,0,2,1,5,0
1492-3,6,110,mesta,51,37,1,1023,47,2,0,0,13,27,0,0,0,2,,0,0
1492-3,6,111,mesta,51,38,1,1033,50,2,0,0,13,27,0,0,0,2,,0,0
1492-3,6,112,mesta,51,39,1,1043,53,2,0,0,13,27,0,0,0,2,,0,0
1492-3,6,113,mesta,51,39,1,1053,51,2,0,0,8,22,0,0,0,2,,0,0
1492-3,6,114,mesta,54,39,1,1063,49,2,0,0,8,22,0,0,0,2,,0,0
1492-3,6,115,mesta,54,39,1,1010,19,2,0,0,8,22,0,0,0,2,1,5,0
1492-3,6,116,mesta,54,39,1,1020,19,2,0,0,8,22,0,0,0,2,,0,0
1492-3,6,117,mesta,100,69,2,1030,18,2,0,0,8,22,0,0,0,3,,0,0
1492-3,6,118,mesta,100,69,2,1033,9,2,0,0,8,28,0,0,0,3,,0,0
1492-3,6,119,mesta,99,69,2,1036,0,2,0,0,5,25,1,0,0,3,,0,0
1492-3,6,120,mesta,98,69,2,1036,0,2,0,0,5,22,1,0,0,3,,0,0
1492-3,6,121,mesta,97,67,2,1003,10,2,0,0,5,22,1,0,0,3,1,4,0
1492-3,6,122,mesta,96,65,2,1002,0,2,0,0,5,17,1,0,0,3,,0,0
1492-3,6,123,mesta,94,63,2,1001,0,2,0,0,5,17,1,0,0,3,,0,0
1492-3,6,124,mesta,93,61,2,1000,0,2,0,0,5,17,1,0,0,3,,0,0
1492-3,6,125,mesta,91,59,2,999,0,2,0,0,6,18,1,0,0,3,,0,0
1492-3,6,126,mesta,90,57,2,1001,0,2,0,0,6,21,1,0,0,3,,0,0
1492-3,6,127,mesta,89,55,2,970,10,2,0,0,6,21,1,0,0,3,1,2,0
1492-3,6,128,mesta,89,55,2,962,3,2,0,0,6,21,0,0,0,3,,0,0
1492-3,6,129,mesta,43,32,1,964,0,2,0,0,6,20,1,1,0,3,,0,0
1492-3,6,130,mesta,42,32,1,974,0,3,0,0,5,19,1,0,0,3,,0,0
1492-3,6,131,mesta,42,32,1,984,2,3,0,0,10,24,0,0,0,3,,0,0
1492-3,6,132,mesta,42,32,1,994,4,3,0,0,10,24,0,0,0,3,,0,0
1492-3,6,133,mesta,42,32,1,971,16,0,0,0,10,24,0,0,0,3,1,4,0
1492-3,6,134,mesta,42,32,1,978,20,0,0,0,12,22,0,0,0,3,,0,0
1492-3,6,135,mesta,42,32,1,985,24,0,0,0,12,22,0,0,0,3,,0,0
1492-3,6,136,mesta,42,32,1,992,27,0,0,0,12,22,0,0,0,3,,0,0
1492-3,6,137,mesta,42,32,1,999,25,0,0,0,7,17,0,0,0,3,,0,0
1492-3,6,138,mesta,42,32,1,1006,24,0,0,0,8,18,0,0,0,3,,0,0
1492-3,6,139,mesta,42,33,1,1135,31,0,0,0,8,18,0,0,0,3,1,2,0
1492-3,6,140,mesta,42,34,1,1142,30,0,0,0,8,18,0,0,0,3,,0,0
1492-3,6,141,mesta,42,34,1,1149,29,0,0,0,8,18,0,0,0,3,,0,0
1492-3,6,142,mesta,42,34,1,1156,28,0,0,0,8,18,0,0,0,3,,0,0
1492-3,6,143,mesta,42,34,1,1163,24,0,0,0,5,15,0,0,0,3,,0,0
1492-3,6,144,mesta,42,34,1,1170,21,0,0,0,5,15,0,0,0,3,,0,0
1492-3,6,145,mesta,42,34,1,1144,28,0,0,0,5,15,0,0,0,3,1,2,0
1492-3,6,146,mesta,42,34,1,1151,24,0,0,0,5,15,0,0,0,3,,0,0
1492-3,6,147,mesta,42,34,1,1158,21,0,0,0,5,15,0,0,0,3,,0,0
1492-3,6,148,mesta,42,34,1,1165,18,0,0,0,5,15,0,0,0,3,,0,0
1492-3,6,149,mesta,42,34,1,1172,16,0,0,0,6,16,0,0,0,3,,0,0
1492-3,6,150,mesta,42,34,1,1181,14,0,0,0,6,18,0,0,0,3,,0,0
1492-3,6,151,mesta,42,34,1,1157,22,0,0,0,6,18,0,0,0,3,1,3,0
1492-3,6,152,mesta,42,34,1,1166,20,0,0,0,6,18,0,0,0,3,,0,0
1492-3,6,153,mesta,42,34,1,1175,18,0,0,0,6,18,0,0,0,3,,0,0
1492-3,6,154,mesta,42,34,1,1184,16,1,0,0,6,18,0,0,0,3,,0,0
1492-3,6,155,mesta,42,34,1,1193,21,1,0,0,13,25,0,0,0,3,,0,0
1492-3,6,156,mesta,42,34,1,1202,25,1,0,0,13,25,0,0,0,3,,0,0
1492-3,6,157,mesta,43,35,1,1178,39,1,0,0,13,25,0,0,0,3,1,2,0
1492-3,6,158,mesta,43,36,1,1187,43,1,0,0,13,25,0,0,0,3,,0,0
1492-3,6,159,mesta,43,37,1,1196,46,1,0,0,13,25,0,0,0,3,,0,0
1492-3,6,160,mesta,43,38,1,1205,48,1,0,0,13,25,0,0,0,3,,0,0
1492-3,6,161,mesta,43,38,1,1214,46,1,0,0,8,20,0,0,0,3,,0,0
1492-3,6,162,mesta,43,38,1,1223,44,1,0,0,8,20,0,0,0,3,,0,0
1492-3,6,163,mesta,43,38,1,1169,13,1,0,0,8,20,0,0,0,3,1,3,0
1492-3,6,164,mesta,43,38,1,1178,12,1,0,0,8,20,0,0,0,3,,0,0
1492-3,6,165,mesta,70,73,2,1187,11,1,0,0,8,20,0,0,0,3,,0,0
1492-3,6,166,mesta,70,73,2,1189,1,1,0,0,8,26,0,0,0,3,,0,0
1492-3,6,167,mesta,69,73,2,1191,0,1,0,0,5,23,1,0,0,3,,0,0
1492-3,6,168,mesta,68,73,2,1191,0,1,0,0,5,21,1,0,0,3,,0,0
1492-3,6,169,mesta,67,71,2,1158,10,1,0,0,5,21,1,0,0,3,1,4,0
1492-3,6,170,mesta,65,69,2,1158,0,1,0,0,5,17,1,0,0,3,,0,0
1492-3,6,171,mesta,64,67,2,1158,0,1,0,0,5,17,1,0,0,3,,0,0
1492-3,6,172,mesta,63,65,2,1158,0,1,0,0,5,17,1,0,0,3,,0,0
1492-3,6,173,mesta,61,63,2,1158,0,1,0,0,6,18,1,0,0,3,,0,0
1492-3,6,174,mesta,60,61,2,1160,0,1,0,0,6,20,1,0,0,3,,0,0
1492-3,6,175,mesta,58,59,2,1128,10,1,0,0,6,19,1,0,0,3,1,2,0
1492-3,6,176,mesta,58,59,2,1119,2,1,0,0,6,19,0,0,0,3,,0,0
1492-3,6,177,mesta,12,31,1,1120,0,1,0,0,6,18,1,1,0,3,,0,0
1492-3,6,178,mesta,11,31,1,1129,0,1,0,0,6,18,1,0,0,3,,0,0
1492-3,6,179,mesta,11,31,1,1138,5,1,0,0,12,24,0,0,0,3,,0,0
1492-3,6,180,mesta,11,31,1,1147,10,1,0,0,12,24,0,0,0,3,,0,0
1492-3,6,181,mesta,11,31,1,1073,26,1,0,0,13,25,0,0,0,3,1,3,0
1492-3,6,182,mesta,11,32,1,1082,31,1,0,0,13,25,0,0,0,3,,0,0
1492-3,6,183,mesta,11,33,1,1091,35,1,0,0,13,25,0,0,0,3,,0,0
1492-3,6,184,mesta,11,34,1,1100,39,1,0,0,13,25,0,0,0,3,,0,0
1492-3,6,185,mesta,12,35,1,1109,38,1,0,0,8,20,0,0,0,3,,0,0
1492-3,6,186,mesta,12,35,1,1118,37,1,0,0,8,20,0,0,0,3,,0,0
1492-3,6,187,mesta,12,35,1,1094,46,1,0,0,8,20,0,0,0,3,1,2,0
1492-3,6,188,mesta,12,35,1,1103,45,1,0,0,8,20,0,0,0,3,,0,0
1492-3,6,189,mesta,12,35,1,1112,44,1,0,0,8,20,0,0,0,3,,0,0
1492-3,6,190,mesta,12,35,1,1121,43,1,0,0,8,20,0,0,0,3,,0,0
1492-3,6,191,mesta,12,35,1,1130,39,1,0,0,5,17,0,0,0,3,,0,0
1492-3,6,192,mesta,12,35,1,1137,35,1,0,0,5,15,0,0,0,3,,0,0
1492-3,6,193,mesta,12,35,1,1111,41,1,0,0,5,15,0,0,0,3,1,2,0
1492-3,6,194,mesta,12,35,1,1118,37,1,0,0,5,15,0,0,0,3,,0,0
1492-3,6,195,mesta,12,35,1,1125,33,1,0,0,5,15,0,0,0,3,,0,0
1492-3,6,196,mesta,12,35,1,1132,29,1,0,0,5,15,0,0,0,3,,0,0
1492-3,6,197,mesta,12,35,1,1139,26,1,0,0,6,16,0,0,0,3,,0,0
1492-3,6,198,mesta,12,35,1,1148,24,1,0,0,6,18,0,0,0,3,,0,0
1492-3,6,199,mesta,12,35,1,1124,32,1,0,0,6,18,0,0,0,3,1,2,0
1492-3,6,200,mesta,12,35,1,1133,29,1,0,0,6,18,0,0,0,3,,0,0
1492-3,6,1,monjes,38,76,1,32,66,0,0,0,18,34,0,0,0,0,1,4,0
1492-3,6,2,monjes,38,76,1,35,61,0,0,0,18,25,0,0,0,0,,0,0
1492-3,6,3,monjes,38,76,1,38,56,0,0,0,18,25,0,0,0,0,,0,0
1492-3,6,4,monjes,38,76,1,41,51,0,0,0,18,25,0,0,0,0,,0,0
1492-3,6,5,monjes,38,76,1,44,50,0,0,0,22,29,0,1,0,0,,0,0
1492-3,6,6,monjes,38,76,1,62,51,0,0,0,22,44,0,0,0,0,,0,0
1492-3,6,7,monjes,37,72,1,50,43,0,0,0,22,44,0,0,0,0,1,3,0
1492-3,6,8,monjes,37,72,1,68,44,0,0,0,22,44,0,1,0,0,,0,0
1492-3,6,9,monjes,37,72,1,86,57,0,0,0,33,55,0,0,0,0,,0,0
1492-3,6,10,monjes,37,72,1,104,70,0,0,0,33,55,0,0,0,0,,0,0
1492-3,6,11,monjes,37,72,1,122,120,0,0,0,72,94,0,0,0,0,,0,0
1492-3,6,12,monjes,52,72,1,140,168,0,0,0,72,94,0,0,0,1,,0,0
1492-3,6,13,monjes,51,68,1,58,194,0,0,0,72,94,0,0,0,1,1,8,0
1492-3,6,14,monjes,51,68,1,71,240,0,0,0,72,88,0,0,0,1,,0,0
1492-3,6,15,monjes,51,68,1,84,284,0,0,0,72,88,0,0,0,1,,0,0
1492-3,6,16,monjes,64,68,1,97,326,0,0,0,72,88,0,0,0,2,,0,0
1492-3,6,17,monjes,64,68,1,110,340,0,0,0,45,61,0,0,0,2,,0,0
1492-3,6,18,monjes,64,68,1,123,354,0,0,0,45,61,0,0,0,2,,0,0
1492-3,6,19,monjes,63,64,1,154,334,0,0,0,45,61,0,0,0,2,1,8,0
1492-3,6,20,monjes,66,64,1,167,349,0,0,0,45,61,0,0,0,2,,0,0
1492-3,6,21,monjes,66,64,1,180,363,0,0,0,45,61,0,0,0,2,,0,0
1492-3,6,22,monjes,66,64,1,193,377,0,0,0,45,61,0,0,0,2,,0,0
1492-3,6,23,monjes,66,64,1,206,373,0,0,0,27,43,0,0,0,2,,0,0
1492-3,6,24,monjes,66,64,1,215,369,0,0,0,27,39,0,0,0,2,,0,0
1492-3,6,25,monjes,66,64,1,202,355,0,0,0,27,39,0,0,0,2,1,7,0
1492-3,6,26,monjes,69,64,1,211,352,0,0,0,27,39,0,0,0,2,,0,0
1492-3,6,27,monjes,69,64,1,220,349,0,0,0,27,39,0,0,0,2,,0,0
1492-3,6,28,monjes,69,64,1,229,346,0,0,0,27,39,0,0,0,2,,0,0
1492-3,6,29,monjes,69,64,1,238,352,0,0,0,36,48,0,0,0,2,,0,0
1492-3,6,30,monjes,69,64,1,251,358,0,0,0,36,52,0,0,0,2,,0,0
1492-3,6,31,monjes,69,64,1,242,343,0,0,0,36,52,0,0,0,2,1,8,0
1492-3,6,32,monjes,69,64,1,255,349,0,0,0,36,52,0,0,0,2,,0,0
1492-3,6,33,monjes,69,64,1,268,355,0,0,0,36,52,0,0,0,2,,0,0
1492-3,6,34,monjes,69,64,1,281,360,0,0,0,36,52,0,0,0,2,,0,0
1492-3,6,35,monjes,69,64,1,294,400,0,0,0,72,88,0,0,0,2,,0,0
1492-3,6,36,monjes,69,64,1,307,438,0,0,0,72,88,0,0,0,2,,0,0
1492-3,6,37,monjes,69,60,1,297,453,0,0,0,72,88,0,0,0,2,1,11,0
1492-3,6,38,monjes,69,60,1,310,490,0,0,0,72,88,0,0,0,2,,0,0
1492-3,6,39,monjes,69,60,1,323,526,0,0,0,72,88,0,0,0,2,,0,0
1492-3,6,40,monjes,69,60,1,336,560,0,0,0,72,88,0,0,0,2,,0,0
1492-3,6,41,monjes,163,66,2,349,567,0,0,0,45,61,0,0,0,3,,0,0
1492-3,6,42,monjes,163,67,2,358,573,0,0,0,45,61,0,0,0,3,,0,0
1492-3,6,43,monjes,163,68,2,334,560,0,0,0,45,61,0,0,0,3,1,9,0
1492-3,6,44,monjes,163,69,2,343,563,0,0,0,45,61,0,1,0,3,,0,0
1492-3,6,45,monjes,164,70,2,352,580,0,0,0,58,74,0,0,0,3,,0,0
1492-3,6,46,monjes,164,71,2,362,599,0,0,0,60,77,0,0,0,3,,0,0
1492-3,6,47,monjes,164,72,2,372,594,0,0,0,36,53,0,0,0,3,,0,0
1492-3,6,48,monjes,167,73,2,378,588,0,0,0,36,49,0,0,0,3,,0,0
1492-3,6,49,monjes,166,69,2,361,567,0,0,0,36,49,0,0,0,3,1,11,0
1492-3,6,50,monjes,167,70,2,366,563,0,0,0,36,48,0,0,0,3,,0,0
1492-3,6,51,monjes,268,77,3,372,559,0,0,0,36,49,0,0,0,4,,0,0
1492-3,6,52,monjes,268,79,3,374,553,0,0,0,36,49,0,0,0,4,,0,0
1492-3,6,53,monjes,269,81,3,376,548,0,0,0,36,49,0,0,0,4,,0,0
1492-3,6,54,monjes,269,83,3,382,542,0,0,0,36,53,0,0,0,4,,0,0
1492-3,6,55,monjes,269,80,3,385,473,0,0,0,36,53,0,0,0,4,1,11,0
1492-3,6,56,monjes,269,82,3,391,479,0,0,0,45,62,0,0,0,4,,0,0
1492-3,6,57,monjes,291,90,4,427,524,0,0,0,45,62,0,0,0,4,,0,0
1492-3,6,58,monjes,291,93,4,428,526,0,0,0,45,62,0,0,0,4,,0,0
1492-3,6,59,monjes,292,96,4,429,599,0,0,0,120,137,0,0,0,4,,0,0
1492-3,6,60,monjes,292,99,4,430,668,0,0,0,120,137,0,0,0,4,,0,0
1492-3,6,61,monjes,292,97,4,430,682,0,0,0,120,139,0,0,0,4,1,10,0
1492-3,6,62,monjes,293,100,4,433,747,0,0,0,120,139,0,0,0,4,,0,0
1492-3,6,63,monjes,325,160,5,436,809,0,0,0,120,139,0,0,0,4,,0,0
1492-3,6,64,monjes,326,165,5,440,854,0,0,0,120,149,0,0,0,4,,0,0
1492-3,6,65,monjes,326,169,5,444,870,0,0,0,93,122,0,0,0,4,,0,0
1492-3,6,66,monjes,327,172,5,450,885,0,0,0,93,124,0,0,0,4,,0,0
1492-3,6,67,monjes,328,175,5,434,884,0,0,0,93,125,0,0,0,4,1,7,0
1492-3,6,68,monjes,328,178,5,440,897,0,0,0,93,121,0,0,0,4,,0,0
1492-3,6,69,monjes,329,181,5,446,909,0,0,0,93,121,0,0,0,4,,0,0
1492-3,6,70,monjes,329,184,5,452,919,0,0,0,93,121,0,0,0,4,,0,0
1492-3,6,71,monjes,329,184,5,461,881,0,0,0,44,75,0,0,0,4,,0,0
1492-3,6,72,monjes,329,184,5,466,844,0,0,0,44,71,0,0,0,4,,0,0
1492-3,6,73,monjes,329,184,5,448,799,0,0,0,44,71,0,0,0,4,1,5,0
1492-3,6,74,monjes,329,184,5,453,766,0,0,0,44,71,0,0,0,4,,0,0
1492-3,6,75,monjes,329,184,5,458,734,0,0,0,44,71,0,0,0,4,,0,0
1492-3,6,76,monjes,329,184,5,463,703,0,0,0,44,71,0,0,0,4,,0,0
1492-3,6,77,monjes,330,187,5,468,689,0,0,0,60,87,0,0,0,4,,0,0
1492-3,6,78,monjes,331,190,5,477,675,0,0,0,60,91,0,0,0,4,,0,0
1492-3,6,79,monjes,331,193,5,463,645,0,0,0,60,91,0,0,0,4,1,6,0
1492-3,6,80,monjes,332,196,5,472,631,0,0,0,60,91,0,0,0,4,,0,0
1492-3,6,81,monjes,332,199,5,481,617,0,0,0,60,91,0,0,0,4,,0,0
1492-3,6,82,monjes,333,202,5,490,603,0,0,0,60,91,0,0,0,4,,0,0
1492-3,6,83,monjes,334,205,5,500,647,0,0,0,120,152,0,0,0,4,,0,0
1492-3,6,84,monjes,334,208,5,511,688,0,0,0,120,153,0,0,0,4,,0,0
1492-3,6,85,monjes,335,211,5,499,716,0,0,0,120,153,0,0,0,4,1,5,0
1492-3,6,86,monjes,335,214,5,509,753,0,0,0,120,152,0,0,0,4,,0,0
1492-3,6,87,monjes,336,218,5,522,788,0,0,0,120,155,0,0,0,4,,0,0
1492-3,6,88,monjes,337,222,5,535,820,0,0,0,120,155,0,0,0,4,,0,0
1492-3,6,89,monjes,338,226,5,548,806,0,0,0,74,109,0,0,0,4,,0,0
1492-3,6,90,monjes,339,230,5,561,792,0,0,0,74,109,0,0,0,4,,0,0
1492-3,6,91,monjes,339,234,5,551,762,0,0,0,74,109,0,0,0,4,1,5,0
1492-3,6,92,monjes,340,238,5,566,747,0,0,0,74,111,0,0,0,4,,0,0
1492-3,6,93,monjes,341,242,5,583,732,0,0,0,74,113,0,0,0,4,,0,0
1492-3,6,94,monjes,342,246,5,600,717,0,0,0,74,113,0,0,0,4,,0,0
1492-3,6,95,monjes,342,246,5,617,672,0,0,0,44,83,0,0,0,4,,0,0
1492-3,6,96,monjes,342,246,5,630,629,0,0,0,44,79,0,0,0,4,,0,0
1492-3,6,97,monjes,342,246,5,670,578,0,0,0,44,79,0,0,0,4,1,4,0
1492-3,6,98,monjes,342,246,5,683,539,0,0,0,44,79,0,0,0,4,,0,0
1492-3,6,99,monjes,342,246,5,696,502,0,0,0,44,79,0,0,0,4,,0,0
1492-3,6,100,monjes,342,246,5,709,466,0,0,0,44,79,0,0,0,4,,0,0
1492-3,6,101,monjes,342,246,5,722,447,0,0,0,60,95,0,0,0,4,,0,0
1492-3,6,102,monjes,342,246,5,739,429,0,0,0,60,99,0,0,0,4,,0,0
1492-3,6,103,monjes,342,246,5,783,401,0,0,0,60,99,0,0,0,4,1,2,0
1492-3,6,104,monjes,342,246,5,800,384,0,0,0,60,99,0,0,0,4,,0,0
1492-3,6,105,monjes,342,246,5,817,368,0,0,0,60,99,0,0,0,4,,0,0
1492-3,6,106,monjes,342,246,5,834,353,0,0,0,60,99,0,0,0,4,,0,0
1492-3,6,107,monjes,343,250,5,851,396,0,0,0,120,159,0,0,0,4,,0,0
1492-3,6,108,monjes,343,254,5,868,436,0,0,0,120,159,0,0,0,4,,0,0
1492-3,6,109,monjes,344,257,5,914,464,0,0,0,120,161,0,0,0,4,1,2,0
1492-3,6,110,monjes,345,260,5,933,500,0,0,0,120,161,0,0,0,4,,0,0
1492-3,6,111,monjes,345,263,5,952,533,0,0,0,120,161,0,0,0,4,,0,0
1492-3,6,112,monjes,346,266,5,971,565,0,0,0,120,161,0,0,0,4,,0,0
1492-3,6,113,monjes,346,269,5,990,551,0,0,0,74,115,0,0,0,4,,0,0
1492-3,6,114,monjes,347,272,5,1011,536,0,0,0,74,117,0,0,0,4,,0,0
1492-3,6,115,monjes,348,276,5,1060,511,0,0,0,74,118,0,0,0,4,1,2,0
1492-3,6,116,monjes,349,280,5,1082,496,0,0,0,74,118,0,0,0,4,,0,0
1492-3,6,117,monjes,349,284,5,1104,480,0,0,0,74,118,0,0,0,4,,0,0
1492-3,6,118,monjes,350,288,5,1126,464,0,0,0,74,118,0,0,0,4,,0,0
1492-3,6,119,monjes,350,288,5,1149,419,0,0,0,44,89,0,0,0,4,,0,0
1492-3,6,120,monjes,350,288,5,1168,376,0,0,0,44,85,0,0,0,4,,0,0
1492-3,6,121,monjes,350,288,5,1164,325,0,0,0,44,85,0,0,0,4,1,3,0
1492-3,6,122,monjes,350,288,5,1183,286,0,0,0,44,85,0,0,0,4,,0,0
1492-3,6,123,monjes,350,288,5,1202,248,0,0,0,44,85,0,0,0,4,,0,0
1492-3,6,124,monjes,350,288,5,1221,212,0,0,0,44,85,0,0,0,4,,0,0
1492-3,6,125,monjes,350,288,5,1240,192,0,0,0,60,101,0,0,0,4,,0,0
1492-3,6,126,monjes,350,288,5,1263,173,0,0,0,60,105,0,0,0,4,,0,0
1492-3,6,127,monjes,350,288,5,1143,155,0,0,0,60,105,0,0,0,4,1,3,0
1492-3,6,128,monjes,350,288,5,1166,138,0,0,0,60,105,0,0,0,4,,0,0
1492-3,6,129,monjes,350,288,5,1189,121,0,0,0,60,105,0,0,0,4,,0,0
1492-3,6,130,monjes,350,288,5,1212,105,0,0,0,60,105,0,0,0,4,,0,0
1492-3,6,131,monjes,351,290,5,1235,147,0,0,0,120,165,0,0,0,4,,0,0
1492-3,6,132,monjes,351,292,5,1260,188,0,0,0,120,167,0,0,0,4,,0,0
1492-3,6,133,monjes,351,294,5,1205,236,0,0,0,120,167,0,0,0,4,1,3,0
1492-3,6,134,monjes,352,296,5,1230,272,0,0,0,120,167,0,0,0,4,,0,0
1492-3,6,135,monjes,352,298,5,1255,306,0,0,0,120,167,0,0,0,4,,0,0
1492-3,6,136,monjes,353,300,5,1280,338,0,0,0,120,167,0,0,0,4,,0,0
1492-3,6,137,monjes,353,300,5,1306,324,0,0,0,74,122,0,0,0,4,,0,0
1492-3,6,138,monjes,353,300,5,1332,311,0,0,0,74,122,0,0,0,4,,0,0
1492-3,6,139,monjes,352,299,5,1396,294,0,0,0,74,122,0,0,0,4,1,6,0
1492-3,6,140,monjes,352,299,5,1421,283,0,0,0,74,121,0,0,0,4,,0,0
1492-3,6,141,monjes,352,299,5,1446,272,0,0,0,74,121,0,0,0,4,,0,0
1492-3,6,142,monjes,352,299,5,1471,262,0,0,0,74,121,0,0,0,4,,0,0
1492-3,6,143,monjes,352,299,5,1496,223,0,0,0,44,91,0,0,0,4,,0,0
1492-3,6,144,monjes,352,299,5,1517,186,0,0,0,44,87,0,0,0,4,,0,0
1492-3,6,145,monjes,373,304,6,1447,150,0,0,0,44,87,0,0,0,4,1,4,0
1492-3,6,146,monjes,373,304,6,1462,114,0,0,0,44,87,0,0,0,4,,0,0
1492-3,6,147,monjes,373,304,6,1477,79,0,0,0,44,87,0,0,0,4,,0,0
1492-3,6,148,monjes,373,304,6,1492,46,0,0,0,44,87,0,0,0,4,,0,0
1492-3,6,149,monjes,373,304,6,1507,29,0,0,0,60,103,0,0,0,4,,0,0
1492-3,6,150,monjes,373,304,6,1526,13,0,0,0,60,107,0,0,0,4,,0,0
1492-3,6,151,monjes,372,304,6,1514,10,0,0,0,60,107,1,0,0,4,1,4,0
1492-3,6,152,monjes,371,304,6,1533,0,0,0,0,53,100,1,0,0,4,,0,0
1492-3,6,153,monjes,369,298,6,1552,0,0,0,0,53,100,1,0,0,4,,0,0
1492-3,6,154,monjes,367,292,6,1567,0,0,0,0,53,96,1,0,0,4,,0,0
1492-3,6,155,monjes,369,303,6,1582,34,0,0,0,108,151,0,0,0,4,,0,0
1492-3,6,156,monjes,370,305,6,1601,65,0,0,0,108,155,0,0,0,4,,0,0
1492-3,6,157,monjes,370,306,6,1589,104,0,0,0,108,156,0,0,0,4,1,2,0
1492-3,6,158,monjes,370,307,6,1609,131,0,0,0,108,156,0,0,0,4,,0,0
1492-3,6,159,monjes,370,308,6,1629,157,0,0,0,108,156,0,0,0,4,,0,0
1492-3,6,160,monjes,370,309,6,1649,181,0,0,0,108,156,0,0,0,4,,0,0
1492-3,6,161,monjes,370,309,6,1669,156,0,0,0,58,106,0,0,0,4,,0,0
1492-3,6,162,monjes,370,309,6,1689,132,0,0,0,58,106,0,0,0,4,,0,0
1492-3,6,163,monjes,370,309,6,1676,119,0,0,0,58,106,0,0,0,4,1,2,0
1492-3,6,164,monjes,370,309,6,1696,96,0,0,0,58,106,0,0,0,4,,0,0
1492-3,6,165,monjes,370,309,6,1716,74,0,0,0,58,106,0,0,0,4,,0,0
1492-3,6,166,monjes,370,309,6,1736,53,0,0,0,58,106,0,0,0,4,,0,0
1492-3,6,167,monjes,370,309,6,1756,16,0,0,0,40,88,0,0,0,4,,0,0
1492-3,6,168,monjes,369,309,6,1772,0,0,0,0,40,84,1,0,0,4,,0,0
1492-3,6,169,monjes,368,309,6,1755,10,0,0,0,40,84,1,0,0,4,1,2,0
1492-3,6,170,monjes,366,303,6,1771,0,0,0,0,40,84,1,0,0,4,,0,0
1492-3,6,171,monjes,364,297,6,1782,0,0,0,0,40,79,1,0,0,4,,0,0
1492-3,6,172,monjes,362,291,6,1793,0,0,0,0,40,79,1,0,0,4,,0,0
1492-3,6,173,monjes,360,285,6,1804,0,0,0,0,53,92,1,0,0,4,,0,0
1492-3,6,174,monjes,357,279,6,1819,0,0,0,0,52,95,1,0,0,4,,0,0
1492-3,6,175,monjes,355,273,6,1801,10,0,0,0,52,95,1,0,0,4,1,2,0
1492-3,6,176,monjes,353,267,6,1816,0,0,0,0,52,95,1,0,0,4,,0,0
1492-3,6,177,monjes,351,261,6,1831,0,0,0,0,48,91,1,0,0,4,,0,0
1492-3,6,178,monjes,349,255,6,1846,0,0,0,0,48,91,1,0,0,4,,0,0
1492-3,6,179,monjes,351,266,6,1861,32,0,0,0,96,139,0,0,0,4,,0,0
1492-3,6,180,monjes,353,277,6,1876,60,0,0,0,96,139,0,0,0,4,,0,0
1492-3,6,181,monjes,355,288,6,1858,94,0,0,0,96,139,0,0,0,4,1,2,0
1492-3,6,182,monjes,357,299,6,1873,122,0,0,0,105,148,0,0,0,4,,0,0
1492-3,6,183,monjes,359,305,6,1888,150,0,0,0,108,151,0,0,0,4,,0,0
1492-3,6,184,monjes,359,306,6,1908,175,0,0,0,108,156,0,0,0,4,,0,0
1492-3,6,185,monjes,359,306,6,1928,159,0,0,0,66,114,0,0,0,4,,0,0
1492-3,6,186,monjes,359,306,6,1948,144,0,0,0,66,114,0,0,0,4,,0,0
1492-3,6,187,monjes,359,306,6,1935,139,0,0,0,66,114,0,0,0,4,1,2,0
1492-3,6,188,monjes,359,306,6,1955,124,0,0,0,66,114,0,0,0,4,,0,0
1492-3,6,189,monjes,359,306,6,1975,110,0,0,0,66,114,0,0,0,4,,0,0
1492-3,6,190,monjes,359,306,6,1995,96,0,0,0,66,114,0,0,0,4,,0,0
1492-3,6,191,monjes,359,306,6,2015,58,0,0,0,40,88,0,0,0,4,,0,0
1492-3,6,192,monjes,359,306,6,2031,22,0,0,0,40,84,0,0,0,4,,0,0
1492-3,6,193,monjes,358,306,6,2014,10,0,0,0,40,84,1,0,0,4,1,2,0
1492-3,6,194,monjes,357,306,6,2030,0,0,0,0,40,84,1,0,0,4,,0,0
1492-3,6,195,monjes,355,300,6,2046,0,0,0,0,40,84,1,0,0,4,,0,0
1492-3,6,196,monjes,352,294,6,2057,0,0,0,0,40,79,1,0,0,4,,0,0
1492-3,6,197,monjes,350,288,6,2068,0,0,0,0,52,91,1,0,0,4,,0,0
1492-3,6,198,monjes,348,282,6,2083,0,0,0,0,52,95,1,0,0,4,,0,0
1492-3,6,199,monjes,346,276,6,2065,10,0,0,0,52,95,1,0,0,4,1,2,0
1492-3,6,200,monjes,344,270,6,2080,0,0,0,0,52,95,1,0,0,4,,0,0
1492-3,6,1,salineros,41,91,1,34,59,0,0,0,12,30,0,0,0,0,1,4,0
1492-3,6,2,salineros,41,91,1,39,47,0,0,0,12,21,0,0,0,0,,0,0
1492-3,6,3,salineros,41,91,1,44,35,0,0,0,12,21,0,0,0,0,,0,0
1492-3,6,4,salineros,41,91,1,49,23,0,0,0,12,21,0,0,0,0,,0,0
1492-3,6,5,salineros,41,91,1,54,13,0,0,0,14,23,0,1,0,0,,0,0
1492-3,6,6,salineros,41,91,1,76,5,0,0,0,14,40,0,0,0,0,,0,0
1492-3,6,7,salineros,40,91,1,82,0,0,0,0,14,40,1,0,0,0,1,5,0
1492-3,6,8,salineros,39,91,1,104,0,0,0,0,14,40,1,0,0,0,,0,0
1492-3,6,9,salineros,37,89,1,126,0,0,0,0,14,40,1,0,0,0,,0,0
1492-3,6,10,salineros,36,87,1,146,0,0,0,0,14,38,1,0,0,0,,0,0
1492-3,6,11,salineros,36,87,1,151,11,0,0,0,32,56,0,0,0,0,,0,0
1492-3,6,12,salineros,36,87,1,171,20,0,0,0,32,56,0,1,0,0,,0,0
1492-3,6,13,salineros,36,87,1,87,32,0,0,0,32,56,0,0,0,0,1,4,0
1492-3,6,14,salineros,36,87,1,107,43,0,0,0,32,56,0,0,0,0,,0,0
1492-3,6,15,salineros,36,87,1,127,54,0,0,0,32,56,0,0,0,0,,0,0
1492-3,6,16,salineros,36,87,1,147,65,0,0,0,32,56,0,0,0,0,,0,0
1492-3,6,17,salineros,36,87,1,167,64,0,0,0,20,44,0,0,0,0,,0,0
1492-3,6,18,salineros,36,87,1,187,63,0,0,0,20,44,0,0,0,0,,0,0
1492-3,6,19,salineros,35,83,1,144,60,0,0,0,20,44,0,0,0,0,1,4,0
1492-3,6,20,salineros,35,83,1,164,60,0,0,0,20,44,0,0,0,0,,0,0
1492-3,6,21,salineros,35,83,1,184,60,0,0,0,20,44,0,0,0,0,,0,0
1492-3,6,22,salineros,50,83,1,204,60,0,0,0,20,44,0,0,0,1,,0,0
1492-3,6,23,salineros,50,83,1,224,52,0,0,0,12,36,0,0,0,1,,0,0
1492-3,6,24,salineros,50,83,1,236,44,0,0,0,12,28,0,0,0,1,,0,0
1492-3,6,25,salineros,50,83,1,213,44,0,0,0,12,28,0,0,0,1,1,3,0
1492-3,6,26,salineros,50,83,1,225,36,0,0,0,12,28,0,0,0,1,,0,0
1492-3,6,27,salineros,50,83,1,237,28,0,0,0,12,28,0,0,0,1,,0,0
1492-3,6,28,salineros,50,83,1,249,20,0,0,0,12,28,0,0,0,1,,0,0
1492-3,6,29,salineros,50,83,1,261,16,0,0,0,16,32,0,0,0,1,,0,0
1492-3,6,30,salineros,50,83,1,281,12,0,0,0,16,40,0,0,0,1,,0,0
1492-3,6,31,salineros,50,83,1,266,16,0,0,0,16,40,0,0,0,1,1,3,0
1492-3,6,32,salineros,50,83,1,286,12,0,0,0,16,40,0,0,0,1,,0,0
1492-3,6,33,salineros,50,83,1,306,8,0,0,0,16,40,0,0,0,1,,0,0
1492-3,6,34,salineros,50,83,1,326,4,0,0,0,16,40,0,0,0,1,,0,0
1492-3,6,35,salineros,50,83,1,346,16,0,0,0,32,56,0,0,0,1,,0,0
1492-3,6,36,salineros,50,83,1,366,28,0,0,0,32,56,0,0,0,1,,0,0
1492-3,6,37,salineros,50,83,1,351,48,0,0,0,32,56,0,0,0,1,1,3,0
1492-3,6,38,salineros,50,83,1,371,60,0,0,0,32,56,0,0,0,1,,0,0
1492-3,6,39,salineros,50,83,1,391,72,0,0,0,32,56,0,0,0,1,,0,0
1492-3,6,40,salineros,50,83,1,411,84,0,0,0,32,56,0,0,0,1,,0,0
1492-3,6,41,salineros,50,83,1,431,84,0,0,0,20,44,0,0,0,1,,0,0
1492-3,6,42,salineros,50,83,1,451,84,0,0,0,20,44,0,0,0,1,,0,0
1492-3,6,43,salineros,49,79,1,416,68,0,0,0,20,44,0,0,0,1,1,7,0
1492-3,6,44,salineros,62,79,1,434,69,0,0,0,20,42,0,0,0,2,,0,0
1492-3,6,45,salineros,62,79,1,452,70,0,0,0,20,42,0,0,0,2,,0,0
1492-3,6,46,salineros,62,79,1,470,71,0,0,0,20,42,0,0,0,2,,0,0
1492-3,6,47,salineros,62,79,1,488,64,0,0,0,12,34,0,0,0,2,,0,0
1492-3,6,48,salineros,62,79,1,499,57,0,0,0,12,27,0,0,0,2,,0,0
1492-3,6,49,salineros,62,75,1,455,48,0,0,0,12,27,0,0,0,2,1,6,0
1492-3,6,50,salineros,65,75,1,466,42,0,0,0,12,27,0,0,0,2,,0,0
1492-3,6,51,salineros,65,75,1,477,36,0,0,0,12,27,0,0,0,2,,0,0
1492-3,6,52,salineros,65,75,1,488,30,0,0,0,12,27,0,0,0,2,,0,0
1492-3,6,53,salineros,65,75,1,499,24,0,0,0,12,27,0,0,0,2,,0,0
1492-3,6,54,salineros,65,75,1,517,18,0,0,0,12,34,0,0,0,2,,0,0
1492-3,6,55,salineros,65,75,1,500,20,0,0,0,12,34,0,0,0,2,1,5,0
1492-3,6,56,salineros,68,75,1,518,14,0,0,0,12,34,0,0,0,2,,0,0
1492-3,6,57,salineros,68,75,1,536,8,0,0,0,12,34,0,0,0,2,,0,0
1492-3,6,58,salineros,68,75,1,554,2,0,0,0,12,34,0,0,0,2,,0,0
1492-3,6,59,salineros,68,75,1,572,16,0,0,0,32,54,0,0,0,2,,0,0
1492-3,6,60,salineros,68,75,1,590,30,0,0,0,32,54,0,0,0,2,,0,0
1492-3,6,61,salineros,68,75,1,573,52,0,0,0,32,54,0,0,0,2,1,5,0
1492-3,6,62,salineros,68,75,1,591,66,0,0,0,32,54,0,0,0,2,,0,0
1492-3,6,63,salineros,68,75,1,609,80,0,0,0,32,54,0,0,0,2,,0,0
1492-3,6,64,salineros,68,75,1,627,94,0,0,0,32,54,0,0,0,2,,0,0
1492-3,6,65,salineros,68,75,1,645,101,0,0,0,25,47,0,0,0,2,,0,0
1492-3,6,66,salineros,71,75,1,663,108,0,0,0,25,47,0,0,0,2,,0,0
1492-3,6,67,salineros,71,75,1,646,123,0,0,0,25,47,0,0,0,2,1,5,0
1492-3,6,68,salineros,71,75,1,664,130,0,0,0,25,47,0,0,0,2,,0,0
1492-3,6,69,salineros,71,75,1,682,137,0,0,0,25,47,0,0,0,2,,0,0
1492-3,6,70,salineros,71,75,1,700,144,0,0,0,25,47,0,0,0,2,,0,0
1492-3,6,71,salineros,71,75,1,718,138,0,0,0,12,34,0,0,0,2,,0,0
1492-3,6,72,salineros,71,75,1,729,132,0,0,0,12,27,0,0,0,2,,0,0
1492-3,6,73,salineros,71,75,1,705,126,0,0,0,12,27,0,0,0,2,1,5,0
1492-3,6,74,salineros,71,75,1,716,120,0,0,0,12,27,0,0,0,2,,0,0
1492-3,6,75,salineros,74,75,1,727,114,0,0,0,12,27,0,0,0,2,,0,0
1492-3,6,76,salineros,74,75,1,738,108,0,0,0,12,27,0,0,0,2,,0,0
1492-3,6,77,salineros,74,75,1,749,106,0,0,0,16,31,0,0,0,2,,0,0
1492-3,6,78,salineros,74,75,1,767,104,0,0,0,16,38,0,0,0,2,,0,0
1492-3,6,79,salineros,74,75,1,743,102,0,0,0,16,38,0,0,0,2,1,5,0
1492-3,6,80,salineros,74,75,1,761,100,0,0,0,16,38,0,0,0,2,,0,0
1492-3,6,81,salineros,74,75,1,779,98,0,0,0,16,38,0,0,0,2,,0,0
1492-3,6,82,salineros,74,75,1,797,96,0,0,0,16,38,0,0,0,2,,0,0
1492-3,6,83,salineros,74,75,1,815,110,0,0,0,32,54,0,0,0,2,,0,0
1492-3,6,84,salineros,74,75,1,833,124,0,0,0,32,54,0,0,0,2,,0,0
1492-3,6,85,salineros,74,75,1,786,96,0,0,0,32,54,0,0,0,2,1,6,0
1492-3,6,86,salineros,74,75,1,804,110,0,0,0,32,54,0,0,0,2,,0,0
1492-3,6,87,salineros,122,117,2,822,124,0,0,0,32,54,0,0,0,3,,0,0
1492-3,6,88,salineros,122,119,2,841,127,0,0,0,32,62,0,0,0,3,,0,0
1492-3,6,89,salineros,122,119,2,860,118,0,0,0,20,50,0,0,0,3,,0,0
1492-3,6,90,salineros,122,119,2,879,109,0,0,0,20,50,0,0,0,3,,0,0
1492-3,6,91,salineros,122,119,2,846,100,0,0,0,20,50,0,0,0,3,1,4,0
1492-3,6,92,salineros,122,119,2,865,89,0,0,0,20,50,0,1,0,3,,0,0
1492-3,6,93,salineros,122,119,2,884,88,0,0,0,28,58,0,0,0,3,,0,0
1492-3,6,94,salineros,122,119,2,903,87,0,0,0,28,58,0,0,0,3,,0,0
1492-3,6,95,salineros,122,119,2,922,74,0,0,0,16,46,0,0,0,3,,0,0
1492-3,6,96,salineros,122,119,2,934,61,0,0,0,16,39,0,0,0,3,,0,0
1492-3,6,97,salineros,122,119,2,901,56,0,0,0,16,39,0,0,0,3,1,4,0
1492-3,6,98,salineros,122,119,2,913,41,0,0,0,16,39,0,0,0,3,,0,0
1492-3,6,99,salineros,122,119,2,925,26,0,0,0,16,39,0,1,0,3,,0,0
1492-3,6,100,salineros,122,119,2,937,18,0,0,0,21,44,0,0,0,3,,0,0
1492-3,6,101,salineros,122,119,2,949,17,0,0,0,28,51,0,0,0,3,,0,0
1492-3,6,102,salineros,122,119,2,968,16,0,0,0,28,58,0,0,0,3,,0,0
1492-3,6,103,salineros,122,119,2,937,23,0,0,0,28,58,0,0,0,3,1,4,0
1492-3,6,104,salineros,122,119,2,956,20,0,0,0,28,58,0,1,0,3,,0,0
1492-3,6,105,salineros,122,119,2,975,19,0,0,0,28,58,0,0,0,3,,0,0
1492-3,6,106,salineros,122,119,2,994,18,0,0,0,28,58,0,0,0,3,,0,0
1492-3,6,107,salineros,123,121,2,1013,46,0,0,0,57,87,0,0,0,3,,0,0
1492-3,6,108,salineros,123,123,2,1032,73,0,0,0,57,87,0,0,0,3,,0,0
1492-3,6,109,salineros,124,125,2,986,68,0,0,0,57,87,0,0,0,3,1,6,0
1492-3,6,110,salineros,124,127,2,1007,94,0,0,0,57,89,0,0,0,3,,0,0
1492-3,6,111,salineros,185,181,3,1028,120,0,0,0,57,89,0,0,0,4,,0,0
1492-3,6,112,salineros,186,185,3,1052,132,0,0,0,57,99,0,0,0,4,,0,0
1492-3,6,113,salineros,186,185,3,1076,122,0,0,0,36,78,0,0,0,4,,0,0
1492-3,6,114,salineros,186,185,3,1100,112,0,0,0,36,78,0,0,0,4,,0,0
1492-3,6,115,salineros,186,185,3,1059,66,0,0,0,36,78,0,0,0,4,1,8,0
1492-3,6,116,salineros,186,185,3,1083,56,0,0,0,36,78,0,0,0,4,,0,0
1492-3,6,117,salineros,217,240,4,1107,46,0,0,0,36,78,0,0,0,4,,0,0
1492-3,6,118,salineros,217,240,4,1134,22,0,0,0,36,88,0,0,0,4,,0,0
1492-3,6,119,salineros,216,240,4,1161,0,0,0,0,21,73,1,0,0,4,,0,0
1492-3,6,120,salineros,215,240,4,1181,0,0,0,0,20,65,1,0,0,4,,0,0
1492-3,6,121,salineros,213,235,4,1166,8,0,0,0,20,65,1,0,0,4,1,5,0
1492-3,6,122,salineros,211,230,4,1181,0,0,0,0,20,58,1,0,0,4,,0,0
1492-3,6,123,salineros,209,225,4,1196,0,0,0,0,19,57,1,0,0,4,,0,0
1492-3,6,124,salineros,207,220,4,1210,0,0,0,0,19,56,1,0,0,4,,0,0
1492-3,6,125,salineros,205,215,4,1224,0,0,0,0,23,60,1,0,0,4,,0,0
1492-3,6,126,salineros,203,211,4,1243,0,0,0,0,21,63,1,0,0,4,,0,0
1492-3,6,127,salineros,201,207,4,1225,8,0,0,0,21,61,1,0,0,4,1,4,0
1492-3,6,128,salineros,199,203,4,1236,0,0,0,0,21,53,1,0,0,4,,0,0
1492-3,6,129,salineros,50,61,1,1247,0,0,0,0,12,32,1,0,0,4,,0,0
1492-3,6,130,salineros,49,60,1,1263,0,0,0,0,12,32,1,0,0,4,,0,0
1492-3,6,131,salineros,49,60,1,1279,4,0,0,0,19,39,0,0,0,4,,0,0
1492-3,6,132,salineros,49,60,1,1295,8,0,0,0,19,39,0,0,0,4,,0,0
1492-3,6,133,salineros,49,60,1,1276,20,0,0,0,19,39,0,0,0,4,1,6,0
1492-3,6,134,salineros,49,60,1,1285,29,0,0,0,24,36,0,0,0,4,,0,0
1492-3,6,135,salineros,49,60,1,1294,38,0,0,0,24,36,0,0,0,4,,0,0
1492-3,6,136,salineros,49,60,1,1303,47,0,0,0,24,36,0,0,0,4,,0,0
1492-3,6,137,salineros,49,60,1,1312,47,0,0,0,15,27,0,0,0,4,,0,0
1492-3,6,138,salineros,49,60,1,1321,50,0,0,0,18,30,0,0,0,4,,0,0
1492-3,6,139,salineros,49,60,1,1245,57,0,0,0,18,30,0,0,0,4,1,6,0
1492-3,6,140,salineros,49,60,1,1254,60,0,0,0,18,30,0,0,0,4,,0,0
1492-3,6,141,salineros,49,60,1,1263,63,0,0,0,18,30,0,0,0,4,,0,0
1492-3,6,142,salineros,49,60,1,1272,68,0,0,0,20,32,0,0,0,4,,0,0
1492-3,6,143,salineros,49,60,1,1281,65,0,0,0,12,24,0,0,0,4,,0,0
1492-3,6,144,salineros,49,60,1,1290,62,0,0,0,12,24,0,0,0,4,,0,0
1492-3,6,145,salineros,49,60,1,1214,67,0,0,0,12,24,0,0,0,4,1,6,0
1492-3,6,146,salineros,49,60,1,1223,64,0,0,0,12,24,0,0,0,4,,0,0
1492-3,6,147,salineros,49,60,1,1232,61,0,0,0,12,24,0,0,0,4,,0,0
1492-3,6,148,salineros,49,60,1,1241,58,0,0,0,12,24,0,0,0,4,,0,0
1492-3,6,149,salineros,49,60,1,1250,59,0,0,0,16,28,0,0,0,4,,0,0
1492-3,6,150,salineros,49,60,1,1263,60,0,0,0,16,32,0,0,0,4,,0,0
1492-3,6,151,salineros,49,60,1,1191,69,0,0,0,16,32,0,0,0,4,1,5,0
1492-3,6,152,salineros,49,60,1,1204,70,0,0,0,16,32,0,0,0,4,,0,0
1492-3,6,153,salineros,49,60,1,1217,71,0,0,0,16,32,0,0,0,4,,0,0
1492-3,6,154,salineros,49,60,1,1230,72,0,0,0,16,32,0,0,0,4,,0,0
1492-3,6,155,salineros,49,60,1,1243,89,0,0,0,32,48,0,0,0,4,,0,0
1492-3,6,156,salineros,49,60,1,1256,106,0,0,0,32,48,0,0,0,4,,0,0
1492-3,6,157,salineros,49,60,1,1184,130,0,0,0,32,48,0,0,0,4,1,6,0
1492-3,6,158,salineros,49,60,1,1197,147,0,0,0,32,48,0,0,0,4,,0,0
1492-3,6,159,salineros,49,60,1,1210,164,0,0,0,32,48,0,0,0,4,,0,0
1492-3,6,160,salineros,49,60,1,1223,181,0,0,0,32,48,0,0,0,4,,0,0
1492-3,6,161,salineros,49,60,1,1236,183,0,0,0,17,33,0,0,0,4,,0,0
1492-3,6,162,salineros,49,60,1,1249,185,0,0,0,17,33,0,0,0,4,,0,0
1492-3,6,163,salineros,49,60,1,1190,147,0,0,0,17,33,0,0,0,4,1,5,0
1492-3,6,164,salineros,49,60,1,1203,149,0,0,0,17,33,0,0,0,4,,0,0
1492-3,6,165,salineros,78,106,2,1216,151,0,0,0,17,33,0,0,0,4,,0,0
1492-3,6,166,salineros,78,106,2,1226,142,0,0,0,17,35,0,0,0,4,,0,0
1492-3,6,167,salineros,78,106,2,1236,128,0,0,0,12,30,0,0,0,4,,0,0
1492-3,6,168,salineros,78,106,2,1242,114,0,0,0,12,26,0,0,0,4,,0,0
1492-3,6,169,salineros,78,106,2,1145,96,0,0,0,12,26,0,0,0,4,1,7,0
1492-3,6,170,salineros,78,106,2,1151,80,0,0,0,12,26,0,0,0,4,,0,0
1492-3,6,171,salineros,78,106,2,1157,64,0,0,0,12,26,0,1,0,4,,0,0
1492-3,6,172,salineros,78,106,2,1163,56,0,0,0,18,32,0,0,0,4,,0,0
1492-3,6,173,salineros,78,106,2,1169,54,0,0,0,24,38,0,0,0,4,,0,0
1492-3,6,174,salineros,78,106,2,1179,52,0,0,0,24,42,0,0,0,4,,0,0
1492-3,6,175,salineros,78,106,2,1105,18,0,0,0,24,42,0,0,0,4,1,8,0
1492-3,6,176,salineros,78,106,2,1118,14,0,0,0,24,45,0,1,0,4,,0,0
1492-3,6,177,salineros,107,151,3,1131,12,0,0,0,24,45,0,0,0,4,,0,0
1492-3,6,178,salineros,106,151,3,1141,0,0,0,0,24,47,1,0,0,4,,0,0
1492-3,6,179,salineros,106,151,3,1151,11,0,0,0,48,71,0,0,0,4,,0,0
1492-3,6,180,salineros,106,151,3,1161,22,0,0,0,48,71,0,0,0,4,,0,0
1492-3,6,181,salineros,107,155,3,1086,41,0,0,0,48,71,0,0,0,4,1,8,0
1492-3,6,182,salineros,107,159,3,1096,51,0,0,0,48,71,0,0,0,4,,0,0
1492-3,6,183,salineros,108,163,3,1108,60,0,0,0,48,73,0,0,0,4,,0,0
1492-3,6,184,salineros,109,167,3,1121,68,0,0,0,48,74,0,0,0,4,,0,0
1492-3,6,185,salineros,109,167,3,1134,57,0,0,0,30,56,0,0,0,4,,0,0
1492-3,6,186,salineros,109,167,3,1147,46,0,0,0,30,56,0,0,0,4,,0,0
1492-3,6,187,salineros,108,167,3,1125,48,0,0,0,30,56,1,0,0,4,1,7,0
1492-3,6,188,salineros,107,167,3,1142,40,0,0,0,30,60,1,0,0,4,,0,0
1492-3,6,189,salineros,105,164,3,1159,40,0,0,0,30,60,1,0,0,4,,0,0
1492-3,6,190,salineros,104,161,3,1175,40,0,0,0,30,59,1,0,0,4,,0,0
1492-3,6,191,salineros,102,158,3,1191,40,0,0,0,18,47,1,0,0,4,,0,0
1492-3,6,192,salineros,101,155,3,1203,40,0,0,0,18,43,1,0,0,4,,0,0
1492-3,6,193,salineros,99,152,3,1178,48,0,0,0,17,40,1,0,0,4,1,4,0
1492-3,6,194,salineros,97,149,3,1183,40,0,0,0,17,35,1,0,0,4,,0,0
1492-3,6,195,salineros,96,146,3,1188,40,0,0,0,14,32,1,0,0,4,,0,0
1492-3,6,196,salineros,94,143,3,1193,40,0,0,0,14,32,1,0,0,4,,0,0
1492-3,6,197,salineros,93,140,3,1198,40,0,0,0,20,38,1,0,0,4,,0,0
1492-3,6,198,salineros,91,137,3,1207,40,0,0,0,18,40,1,0,0,4,,0,0
1492-3,6,199,salineros,89,134,3,1181,48,0,0,0,16,38,1,0,0,4,1,4,0
1492-3,6,200,salineros,40,90,2,1185,40,0,0,0,16,31,1,0,0,4,,0,0
