semilla,turno,casa,prestigio,poblacion,comarcas,maravedis,pan,escasez,decidio,sin_decision
1492,1,arrieros,34,56,1,36,69,0,1,0
1492,2,arrieros,33,52,1,25,57,0,1,0
1492,3,arrieros,32,48,1,14,47,0,1,0
1492,4,arrieros,31,44,1,2,38,0,1,0
1492,5,arrieros,32,46,1,2,40,0,1,1
1492,6,arrieros,32,48,1,14,44,0,1,0
1492,7,arrieros,32,46,1,33,41,0,1,0
1492,8,arrieros,31,44,1,33,39,0,1,0
1492,9,arrieros,32,46,1,45,43,0,1,1
1492,10,arrieros,32,48,1,57,47,0,1,1
1492,11,arrieros,33,50,1,69,65,0,1,1
1492,12,arrieros,33,50,1,83,12,0,1,0
1492,13,arrieros,33,52,1,74,31,0,1,0
1492,14,arrieros,33,54,1,83,50,0,1,0
1492,15,arrieros,34,56,1,84,68,0,1,0
1492,16,arrieros,34,58,1,83,85,0,1,0
1492,17,arrieros,50,60,1,84,93,0,1,0
1492,18,arrieros,63,60,1,85,99,0,1,0
1492,19,arrieros,63,60,1,77,103,0,1,0
1492,20,arrieros,63,60,1,88,105,0,1,0
1492,21,arrieros,63,60,1,86,109,0,1,0
1492,22,arrieros,63,60,1,85,113,0,1,0
1492,23,arrieros,66,60,1,89,106,0,1,0
1492,24,arrieros,66,60,1,82,99,0,1,0
1492,25,arrieros,66,60,1,111,91,0,1,0
1492,26,arrieros,66,60,1,78,85,0,1,0
1492,27,arrieros,66,60,1,92,84,0,1,0
1492,28,arrieros,66,60,1,104,80,0,1,0
1492,29,arrieros,69,60,1,107,85,0,1,0
1492,30,arrieros,69,60,1,116,91,0,1,0
1492,31,arrieros,69,63,1,65,96,0,1,0
1492,32,arrieros,70,66,1,98,103,0,1,0
1492,33,arrieros,70,69,1,76,103,0,1,0
1492,34,arrieros,71,72,1,88,102,0,1,0
1492,35,arrieros,75,75,1,90,113,0,1,0
1492,36,arrieros,75,78,1,107,125,0,1,0
1492,37,arrieros,76,81,1,113,126,0,1,0
1492,38,arrieros,77,85,1,116,123,0,1,0
1492,39,arrieros,77,89,1,122,120,0,1,0
1492,40,arrieros,77,89,1,117,122,0,1,0
1492,41,arrieros,77,89,1,126,116,0,1,0
1492,42,arrieros,77,89,1,123,110,0,1,0
1492,43,arrieros,77,89,1,128,89,0,1,0
1492,44,arrieros,77,89,1,127,90,0,1,0
1492,45,arrieros,77,89,1,128,92,0,1,0
1492,46,arrieros,80,89,1,126,94,0,1,0
1492,47,arrieros,80,89,1,127,88,0,1,0
1492,48,arrieros,80,89,1,116,82,0,1,0
1492,49,arrieros,80,89,1,120,74,0,1,0
1492,50,arrieros,80,89,1,111,65,0,1,0
1492,51,arrieros,80,89,1,114,56,0,1,0
1492,52,arrieros,80,89,1,118,47,0,1,0
1492,53,arrieros,80,89,1,111,46,0,1,0
1492,54,arrieros,80,89,1,121,45,0,1,0
1492,55,arrieros,80,89,1,124,43,0,1,0
1492,56,arrieros,80,89,1,123,42,0,1,0
1492,57,arrieros,80,89,1,122,42,0,1,0
1492,58,arrieros,80,89,1,127,41,0,1,0
1492,59,arrieros,80,89,1,126,55,0,1,0
1492,60,arrieros,80,89,1,126,54,0,1,0
1492,61,arrieros,80,89,1,125,69,0,1,0
1492,62,arrieros,80,89,1,124,83,0,1,0
1492,63,arrieros,80,89,1,126,97,0,1,0
1492,64,arrieros,80,89,1,124,110,0,1,0
1492,65,arrieros,80,89,1,129,111,0,1,0
1492,66,arrieros,83,89,1,126,112,0,1,0
1492,67,arrieros,83,89,1,129,113,0,1,0
1492,68,arrieros,83,89,1,126,114,0,1,0
1492,69,arrieros,83,89,1,128,115,0,1,0
1492,70,arrieros,83,89,1,125,116,0,1,0
1492,71,arrieros,83,89,1,125,106,0,1,0
1492,72,arrieros,83,89,1,118,97,0,1,0
1492,73,arrieros,83,89,1,120,91,0,1,0
1492,74,arrieros,83,89,1,115,84,0,1,0
1492,75,arrieros,83,89,1,116,78,0,1,0
1492,76,arrieros,83,89,1,111,72,0,1,0
1492,77,arrieros,83,89,1,110,70,0,1,0
1492,78,arrieros,83,89,1,122,67,0,1,0
1492,79,arrieros,83,89,1,122,64,0,1,0
1492,80,arrieros,83,89,1,127,62,0,1,0
1492,81,arrieros,83,89,1,125,60,0,1,0
1492,82,arrieros,83,89,1,126,59,0,1,0
1492,83,arrieros,83,89,1,124,74,0,1,0
1492,84,arrieros,83,89,1,127,88,0,1,0
1492,85,arrieros,83,89,1,125,102,0,1,0
1492,86,arrieros,83,89,1,126,115,0,1,0
1492,87,arrieros,83,89,1,128,127,0,1,0
1492,88,arrieros,83,89,1,127,139,0,1,0
1492,89,arrieros,83,89,1,128,139,0,1,0
1492,90,arrieros,83,89,1,122,132,0,1,0
1492,91,arrieros,83,89,1,123,125,0,1,0
1492,92,arrieros,83,89,1,126,125,0,1,0
1492,93,arrieros,83,89,1,127,125,0,1,0
1492,94,arrieros,83,89,1,126,126,0,1,0
1492,95,arrieros,83,89,1,129,119,0,1,0
1492,96,arrieros,83,89,1,124,112,0,1,0
1492,97,arrieros,83,89,1,124,105,0,1,0
1492,98,arrieros,83,89,1,118,99,0,1,0
1492,99,arrieros,83,89,1,117,93,0,1,0
1492,100,arrieros,83,89,1,113,86,0,1,0
1492,101,arrieros,83,89,1,112,83,0,1,0
1492,102,arrieros,83,89,1,125,79,0,1,0
1492,103,arrieros,83,89,1,123,76,0,1,0
1492,104,arrieros,83,89,1,127,75,0,1,0
1492,105,arrieros,83,89,1,130,73,0,1,0
1492,106,arrieros,83,89,1,130,72,0,1,0
1492,107,arrieros,83,89,1,132,86,0,1,0
1492,108,arrieros,83,89,1,131,100,0,1,0
1492,109,arrieros,83,89,1,121,114,0,1,0
1492,110,arrieros,83,89,1,129,127,0,1,0
1492,111,arrieros,83,89,1,125,138,0,1,0
1492,112,arrieros,83,89,1,130,150,0,1,0
1492,113,arrieros,83,89,1,120,143,0,1,0
1492,114,arrieros,83,89,1,105,136,0,1,0
1492,115,arrieros,83,89,1,101,127,0,1,0
1492,116,arrieros,83,89,1,123,123,0,1,0
1492,117,arrieros,83,89,1,119,119,0,1,0
1492,118,arrieros,83,89,1,123,117,0,1,0
1492,119,arrieros,83,89,1,122,107,0,1,0
1492,120,arrieros,83,89,1,115,98,0,1,0
1492,121,arrieros,83,89,1,116,89,0,1,0
1492,122,arrieros,83,89,1,110,80,0,1,0
1492,123,arrieros,83,89,1,112,72,0,1,0
1492,124,arrieros,83,89,1,115,63,0,1,0
1492,125,arrieros,83,89,1,116,58,0,1,0
1492,126,arrieros,83,89,1,117,54,0,1,0
1492,127,arrieros,83,89,1,120,51,0,1,0
1492,128,arrieros,83,89,1,116,48,0,1,0
1492,129,arrieros,83,89,1,123,45,0,1,0
1492,130,arrieros,83,89,1,118,42,0,1,0
1492,131,arrieros,83,89,1,127,54,0,1,0
1492,132,arrieros,83,89,1,118,66,0,1,0
1492,133,arrieros,83,89,1,127,79,0,1,0
1492,134,arrieros,83,89,1,121,90,0,1,0
1492,135,arrieros,83,89,1,125,102,0,1,0
1492,136,arrieros,83,89,1,122,112,0,1,0
1492,137,arrieros,83,89,1,120,111,0,1,0
1492,138,arrieros,83,89,1,129,109,0,1,0
1492,139,arrieros,83,89,1,125,107,0,1,0
1492,140,arrieros,83,89,1,130,106,0,1,0
1492,141,arrieros,83,89,1,125,105,0,1,0
1492,142,arrieros,83,89,1,125,104,0,1,0
1492,143,arrieros,83,89,1,124,96,0,1,0
1492,144,arrieros,83,89,1,113,88,0,1,0
1492,145,arrieros,83,89,1,117,80,0,1,0
1492,146,arrieros,83,89,1,117,71,0,1,0
1492,147,arrieros,83,89,1,109,63,0,1,0
1492,148,arrieros,83,89,1,114,55,0,1,0
1492,149,arrieros,83,89,1,116,51,0,1,0
1492,150,arrieros,83,89,1,117,48,0,1,0
1492,151,arrieros,83,89,1,119,45,0,1,0
1492,152,arrieros,83,89,1,115,42,0,1,0
1492,153,arrieros,83,89,1,120,39,0,1,0
1492,154,arrieros,83,89,1,119,36,0,1,0
1492,155,arrieros,83,89,1,124,49,0,1,0
1492,156,arrieros,83,89,1,116,61,0,1,0
1492,157,arrieros,83,89,1,123,74,0,1,0
1492,158,arrieros,83,89,1,117,85,0,1,0
1492,159,arrieros,83,89,1,127,96,0,1,0
1492,160,arrieros,83,89,1,121,106,0,1,0
1492,161,arrieros,83,89,1,122,100,0,1,0
1492,162,arrieros,83,89,1,126,93,0,1,0
1492,163,arrieros,83,89,1,126,86,0,1,0
1492,164,arrieros,83,89,1,126,80,0,1,0
1492,165,arrieros,83,89,1,122,75,0,1,0
1492,166,arrieros,83,89,1,125,70,0,1,0
1492,167,arrieros,83,89,1,123,62,0,1,0
1492,168,arrieros,83,89,1,111,55,0,1,0
1492,169,arrieros,83,89,1,121,49,0,1,0
1492,170,arrieros,83,89,1,116,42,0,1,0
1492,171,arrieros,83,89,1,118,36,0,1,0
1492,172,arrieros,83,89,1,112,30,0,1,0
1492,173,arrieros,83,89,1,113,28,0,1,0
1492,174,arrieros,83,89,1,125,25,0,1,0
1492,175,arrieros,83,89,1,125,22,0,1,0
1492,176,arrieros,83,89,1,119,21,0,1,0
1492,177,arrieros,83,89,1,126,20,0,1,0
1492,178,arrieros,83,89,1,122,18,0,1,0
1492,179,arrieros,83,89,1,125,32,0,1,0
1492,180,arrieros,83,89,1,122,45,0,1,0
1492,181,arrieros,83,89,1,126,58,0,1,0
1492,182,arrieros,83,89,1,125,70,0,1,0
1492,183,arrieros,83,89,1,125,82,0,1,0
1492,184,arrieros,83,89,1,123,94,0,1,0
1492,185,arrieros,83,89,1,122,94,0,1,0
1492,186,arrieros,83,89,1,127,93,0,1,0
1492,187,arrieros,83,89,1,125,92,0,1,0
1492,188,arrieros,83,89,1,126,92,0,1,0
1492,189,arrieros,83,89,1,123,92,0,1,0
1492,190,arrieros,83,89,1,119,92,0,1,0
1492,191,arrieros,83,89,1,127,84,0,1,0
1492,192,arrieros,83,89,1,115,77,0,1,0
1492,193,arrieros,83,89,1,121,70,0,1,0
1492,194,arrieros,83,89,1,109,62,0,1,0
1492,195,arrieros,83,89,1,116,54,0,1,0
1492,196,arrieros,83,89,1,113,46,0,1,0
1492,197,arrieros,83,89,1,110,43,0,1,0
1492,198,arrieros,83,89,1,125,39,0,1,0
1492,199,arrieros,83,89,1,121,35,0,1,0
1492,200,arrieros,243,89,1,117,33,0,1,0
1492,1,canteros,46,116,1,45,50,0,1,0
1492,2,canteros,46,116,1,32,30,0,1,0
1492,3,canteros,46,116,1,24,9,0,1,0
1492,4,canteros,45,116,1,31,0,1,1,1
1492,5,canteros,44,116,1,46,0,1,1,0
1492,6,canteros,42,113,1,72,0,1,1,1
1492,7,canteros,41,110,1,86,0,1,1,0
1492,8,canteros,39,107,1,89,1,1,1,0
1492,9,canteros,37,104,1,94,2,1,1,0
1492,10,canteros,36,101,1,94,3,1,1,0
1492,11,canteros,36,101,1,99,9,0,1,0
1492,12,canteros,36,101,1,99,15,0,1,0
1492,13,canteros,36,101,1,97,22,0,1,0
1492,14,canteros,36,101,1,97,28,0,1,0
1492,15,canteros,36,101,1,95,34,0,1,0
1492,16,canteros,36,101,1,94,40,0,1,0
1492,17,canteros,36,101,1,100,35,0,1,0
1492,18,canteros,36,101,1,99,30,0,1,0
1492,19,canteros,36,101,1,97,27,0,1,0
1492,20,canteros,36,101,1,98,24,0,1,0
1492,21,canteros,36,101,1,96,21,0,1,0
1492,22,canteros,36,101,1,97,20,0,1,0
1492,23,canteros,36,101,1,94,11,0,1,0
1492,24,canteros,35,101,1,85,4,1,1,0
1492,25,canteros,34,101,1,89,3,1,1,0
1492,26,canteros,32,98,1,83,2,1,1,0
1492,27,canteros,31,96,1,83,3,1,1,0
1492,28,canteros,29,94,1,84,2,1,1,0
1492,29,canteros,28,92,1,84,2,1,1,0
1492,30,canteros,27,90,1,79,2,1,1,0
1492,31,canteros,25,88,1,79,2,1,1,0
1492,32,canteros,24,86,1,77,2,1,1,0
1492,33,canteros,22,84,1,77,2,1,1,0
1492,34,canteros,21,82,1,78,1,1,1,0
1492,35,canteros,21,82,1,18,1,0,1,0
1492,36,canteros,20,82,1,34,2,1,1,0
1492,37,canteros,19,82,1,44,0,1,1,1
1492,38,canteros,19,82,1,50,2,0,1,1
1492,39,canteros,19,82,1,60,4,0,1,1
1492,40,canteros,19,82,1,70,6,0,1,1
1492,41,canteros,19,82,1,70,2,0,1,0
1492,42,canteros,18,82,1,72,1,1,1,0
1492,43,canteros,17,82,1,76,1,1,1,0
1492,44,canteros,16,80,1,73,1,1,1,0
1492,45,canteros,14,78,1,77,1,1,1,0
1492,46,canteros,13,76,1,68,1,1,1,0
1492,47,canteros,11,74,1,85,1,1,1,0
1492,48,canteros,10,72,1,69,0,1,1,0
1492,49,canteros,9,70,1,83,2,1,1,0
1492,50,canteros,7,68,1,69,0,1,1,0
1492,51,canteros,6,66,1,89,2,1,1,0
1492,52,canteros,5,65,1,69,0,1,1,0
1492,53,canteros,3,64,1,88,3,1,1,0
1492,54,canteros,2,63,1,69,0,1,1,0
1492,55,canteros,1,62,1,87,3,1,1,0
1492,56,canteros,0,61,1,69,0,1,1,0
1492,57,canteros,-1,60,1,85,6,1,1,0
1492,58,canteros,-3,59,1,69,0,1,1,0
1492,59,canteros,-3,59,1,85,8,0,1,0
1492,60,canteros,-3,59,1,63,11,0,1,0
1492,61,canteros,-3,59,1,79,24,0,1,0
1492,62,canteros,-2,60,1,68,31,0,1,0
1492,63,canteros,-2,60,1,82,41,0,1,0
1492,64,canteros,-2,60,1,65,50,0,1,0
1492,65,canteros,-3,58,1,62,47,0,1,0
1492,66,canteros,-3,56,1,50,41,0,1,0
1492,67,canteros,-3,58,1,58,47,0,1,1
1492,68,canteros,-2,60,1,62,52,0,1,1
1492,69,canteros,-2,60,1,71,56,0,1,1
1492,70,canteros,-2,60,1,69,60,0,1,0
1492,71,canteros,-2,60,1,77,55,0,1,0
1492,72,canteros,-2,60,1,69,48,0,1,0
1492,73,canteros,-2,60,1,85,45,0,1,0
1492,74,canteros,-2,60,1,69,39,0,1,0
1492,75,canteros,-2,60,1,82,38,0,1,0
1492,76,canteros,-2,60,1,69,32,0,1,0
1492,77,canteros,-2,60,1,87,34,0,1,0
1492,78,canteros,-2,60,1,69,32,0,1,0
1492,79,canteros,-2,60,1,89,36,0,1,0
1492,80,canteros,-2,60,1,73,34,0,1,0
1492,81,canteros,-2,60,1,77,38,0,1,0
1492,82,canteros,-2,60,1,79,38,0,1,0
1492,83,canteros,-2,60,1,80,54,0,1,0
1492,84,canteros,-2,60,1,78,71,0,1,0
1492,85,canteros,-2,60,1,77,57,0,1,0
1492,86,canteros,-2,60,1,79,74,0,1,0
1492,87,canteros,-2,60,1,81,89,0,1,0
1492,88,canteros,223,63,1,76,104,0,1,0
1492,89,canteros,237,66,1,97,109,0,1,0
1492,90,canteros,237,69,1,110,107,0,1,0
1492,91,canteros,241,72,1,73,104,0,1,0
1492,92,canteros,242,75,1,89,111,0,1,0
1492,93,canteros,242,75,1,80,109,0,1,0
1492,94,canteros,242,75,1,83,111,0,1,0
1492,95,canteros,245,75,1,80,103,0,1,0
1492,96,canteros,245,75,1,75,97,0,1,0
1492,97,canteros,245,75,1,77,90,0,1,0
1492,98,canteros,245,75,1,75,82,0,1,0
1492,99,canteros,248,75,1,77,75,0,1,0
1492,100,canteros,248,75,1,75,68,0,1,0
1492,101,canteros,248,75,1,76,65,0,1,0
1492,102,canteros,248,75,1,79,62,0,1,0
1492,103,canteros,251,75,1,80,59,0,1,0
1492,104,canteros,251,75,1,80,57,0,1,0
1492,105,canteros,251,75,1,81,55,0,1,0
1492,106,canteros,251,75,1,81,53,0,1,0
1492,107,canteros,254,78,1,82,65,0,1,0
1492,108,canteros,255,80,1,81,76,0,1,0
1492,109,canteros,255,80,1,84,85,0,1,0
1492,110,canteros,255,80,1,83,94,0,1,0
1492,111,canteros,258,80,1,85,103,0,1,0
1492,112,canteros,258,80,1,84,112,0,1,0
1492,113,canteros,258,80,1,86,111,0,1,0
1492,114,canteros,261,80,1,84,110,0,1,0
1492,115,canteros,261,80,1,86,109,0,1,0
1492,116,canteros,264,80,1,84,108,0,1,0
1492,117,canteros,264,80,1,85,107,0,1,0
1492,118,canteros,264,80,1,83,106,0,1,0
1492,119,canteros,264,80,1,84,98,0,1,0
1492,120,canteros,264,80,1,76,90,0,1,0
1492,121,canteros,264,80,1,79,82,0,1,0
1492,122,canteros,264,80,1,77,73,0,1,0
1492,123,canteros,264,80,1,77,57,0,1,0
1492,124,canteros,264,80,1,78,49,0,1,0
1492,125,canteros,264,80,1,77,45,0,1,0
1492,126,canteros,267,80,1,81,42,0,1,0
1492,127,canteros,267,80,1,83,38,0,1,0
1492,128,canteros,267,80,1,84,35,0,1,0
1492,129,canteros,267,80,1,83,33,0,1,0
1492,130,canteros,267,80,1,83,31,0,1,0
1492,131,canteros,267,80,1,82,43,0,1,0
1492,132,canteros,267,80,1,82,54,0,1,0
1492,133,canteros,267,80,1,86,64,0,1,0
1492,134,canteros,267,80,1,86,74,0,1,0
1492,135,canteros,267,80,1,87,84,0,1,0
1492,136,canteros,267,80,1,86,94,0,1,0
1492,137,canteros,267,80,1,84,95,0,1,0
1492,138,canteros,267,80,1,86,95,0,1,0
1492,139,canteros,267,80,1,83,95,0,1,0
1492,140,canteros,267,80,1,85,95,0,1,0
1492,141,canteros,267,80,1,82,95,0,1,0
1492,142,canteros,267,80,1,84,95,0,1,0
1492,143,canteros,267,80,1,86,86,0,1,0
1492,144,canteros,267,80,1,79,78,0,1,0
1492,145,canteros,267,80,1,81,71,0,1,0
1492,146,canteros,267,80,1,76,63,0,1,0
1492,147,canteros,267,80,1,78,55,0,1,0
1492,148,canteros,267,80,1,76,47,0,1,0
1492,149,canteros,267,80,1,75,44,0,1,0
1492,150,canteros,267,80,1,82,40,0,1,0
1492,151,canteros,267,80,1,81,36,0,1,0
1492,152,canteros,267,80,1,85,33,0,1,0
1492,153,canteros,267,80,1,83,30,0,1,0
1492,154,canteros,267,80,1,84,29,0,1,0
1492,155,canteros,267,80,1,84,41,0,1,0
1492,156,canteros,267,80,1,85,53,0,1,0
1492,157,canteros,267,80,1,85,64,0,1,0
1492,158,canteros,267,80,1,85,75,0,1,0
1492,159,canteros,267,80,1,85,85,0,1,0
1492,160,canteros,267,80,1,85,95,0,1,0
1492,161,canteros,267,80,1,84,95,0,1,0
1492,162,canteros,267,80,1,84,95,0,1,0
1492,163,canteros,267,80,1,83,95,0,1,0
1492,164,canteros,267,80,1,83,95,0,1,0
1492,165,canteros,267,80,1,84,95,0,1,0
1492,166,canteros,267,80,1,84,95,0,1,0
1492,167,canteros,267,80,1,85,87,0,1,0
1492,168,canteros,267,80,1,78,79,0,1,0
1492,169,canteros,267,80,1,79,72,0,1,0
1492,170,canteros,267,80,1,75,64,0,1,0
1492,171,canteros,267,80,1,76,56,0,1,0
1492,172,canteros,267,80,1,75,48,0,1,0
1492,173,canteros,267,80,1,76,44,0,1,0
1492,174,canteros,267,80,1,81,40,0,1,0
1492,175,canteros,267,80,1,82,36,0,1,0
1492,176,canteros,267,80,1,83,33,0,1,0
1492,177,canteros,267,80,1,84,30,0,1,0
1492,178,canteros,267,80,1,84,29,0,1,0
1492,179,canteros,267,80,1,85,41,0,1,0
1492,180,canteros,267,80,1,85,53,0,1,0
1492,181,canteros,267,80,1,85,64,0,1,0
1492,182,canteros,267,80,1,85,75,0,1,0
1492,183,canteros,267,80,1,85,85,0,1,0
1492,184,canteros,267,80,1,84,95,0,1,0
1492,185,canteros,267,80,1,84,95,0,1,0
1492,186,canteros,267,80,1,83,95,0,1,0
1492,187,canteros,267,80,1,83,95,0,1,0
1492,188,canteros,267,80,1,84,95,0,1,0
1492,189,canteros,267,80,1,84,95,0,1,0
1492,190,canteros,267,80,1,85,95,0,1,0
1492,191,canteros,267,80,1,84,87,0,1,0
1492,192,canteros,267,80,1,79,79,0,1,0
1492,193,canteros,267,80,1,78,72,0,1,0
1492,194,canteros,267,80,1,76,64,0,1,0
1492,195,canteros,267,80,1,75,56,0,1,0
1492,196,canteros,267,80,1,76,48,0,1,0
1492,197,canteros,267,80,1,75,44,0,1,0
1492,198,canteros,267,80,1,82,40,0,1,0
1492,199,canteros,267,80,1,81,36,0,1,0
1492,200,canteros,267,80,1,84,33,0,1,0
1492,1,ferrones,32,46,1,31,63,0,1,0
1492,2,ferrones,31,42,1,11,46,0,1,0
1492,3,ferrones,31,42,1,11,40,0,1,1
1492,4,ferrones,31,42,1,11,34,0,1,1
1492,5,ferrones,31,42,1,11,30,0,1,1
1492,6,ferrones,31,42,1,15,28,0,1,1
1492,7,ferrones,31,42,1,19,26,0,1,1
1492,8,ferrones,31,42,1,3,24,0,1,1
1492,9,ferrones,31,42,1,7,21,0,1,1
1492,10,ferrones,31,42,1,11,18,0,1,1
1492,11,ferrones,31,42,1,23,26,0,1,0
1492,12,ferrones,31,44,1,35,34,0,1,1
1492,13,ferrones,31,42,1,27,31,0,1,0
1492,14,ferrones,31,44,1,39,39,0,1,1
1492,15,ferrones,31,42,1,31,36,0,1,0
1492,16,ferrones,31,44,1,43,44,0,1,1
1492,17,ferrones,32,46,1,55,44,0,1,1
1492,18,ferrones,32,48,1,67,44,0,1,1
1492,19,ferrones,33,50,1,79,43,0,1,1
1492,20,ferrones,33,50,1,74,42,0,1,0
1492,21,ferrones,33,50,1,81,43,0,1,0
1492,22,ferrones,33,50,1,108,43,0,1,0
1492,23,ferrones,33,50,1,106,39,0,1,0
1492,24,ferrones,33,50,1,107,38,0,1,0
1492,25,ferrones,33,50,1,103,37,0,1,0
1492,26,ferrones,33,50,1,103,36,0,1,0
1492,27,ferrones,33,50,1,103,34,0,1,0
1492,28,ferrones,33,50,1,102,32,0,1,0
1492,29,ferrones,33,50,1,102,32,0,1,0
1492,30,ferrones,33,50,1,106,32,0,1,0
1492,31,ferrones,33,50,1,98,32,0,1,0
1492,32,ferrones,33,50,1,106,36,0,1,0
1492,33,ferrones,33,50,1,72,36,0,1,0
1492,34,ferrones,33,50,1,107,32,0,1,0
1492,35,ferrones,33,50,1,77,31,0,1,0
1492,36,ferrones,33,52,1,92,34,0,1,0
1492,37,ferrones,33,54,1,82,34,0,1,0
1492,38,ferrones,33,54,1,87,36,0,1,0
1492,39,ferrones,33,54,1,84,37,0,1,0
1492,40,ferrones,34,56,1,85,44,0,1,0
1492,41,ferrones,34,56,1,82,43,0,1,0
1492,42,ferrones,34,56,1,106,42,0,1,0
1492,43,ferrones,34,56,1,101,41,0,1,0
1492,44,ferrones,34,56,1,107,43,0,1,0
1492,45,ferrones,34,56,1,105,44,0,1,0
1492,46,ferrones,34,56,1,91,46,0,1,0
1492,47,ferrones,34,56,1,116,42,0,1,0
1492,48,ferrones,34,56,1,82,37,0,1,0
1492,49,ferrones,34,56,1,117,35,0,1,0
1492,50,ferrones,34,56,1,97,29,0,1,0
1492,51,ferrones,34,56,1,105,29,0,1,0
1492,52,ferrones,34,56,1,80,27,0,1,0
1492,53,ferrones,34,56,1,116,28,0,1,0
1492,54,ferrones,44,56,1,98,26,0,1,0
1492,55,ferrones,44,56,1,108,30,0,1,0
1492,56,ferrones,44,56,1,85,31,0,1,0
1492,57,ferrones,44,56,1,115,33,0,1,0
1492,58,ferrones,44,56,1,99,32,0,1,0
1492,59,ferrones,44,58,1,106,47,0,1,0
1492,60,ferrones,45,60,1,87,59,0,1,0
1492,61,ferrones,45,60,1,115,71,0,1,0
1492,62,ferrones,45,60,1,88,49,0,1,0
1492,63,ferrones,45,60,1,116,62,0,1,0
1492,64,ferrones,45,60,1,85,72,0,1,0
1492,65,ferrones,60,60,1,117,76,0,1,0
1492,66,ferrones,60,60,1,85,75,0,1,0
1492,67,ferrones,73,60,1,117,78,0,1,0
1492,68,ferrones,73,60,1,85,77,0,1,0
1492,69,ferrones,73,60,1,117,80,0,1,0
1492,70,ferrones,73,60,1,85,79,0,1,0
1492,71,ferrones,76,60,1,117,77,0,1,0
1492,72,ferrones,76,60,1,81,71,0,1,0
1492,73,ferrones,76,60,1,115,69,0,1,0
1492,74,ferrones,76,60,1,81,63,0,1,0
1492,75,ferrones,76,60,1,112,61,0,1,0
1492,76,ferrones,79,60,1,80,55,0,1,0
1492,77,ferrones,79,60,1,112,55,0,1,0
1492,78,ferrones,79,60,1,84,52,0,1,0
1492,79,ferrones,79,60,1,117,50,0,1,0
1492,80,ferrones,79,60,1,84,48,0,1,0
1492,81,ferrones,82,60,1,118,50,0,1,0
1492,82,ferrones,82,60,1,84,48,0,1,0
1492,83,ferrones,85,60,1,119,61,0,1,0
1492,84,ferrones,85,60,1,85,70,0,1,0
1492,85,ferrones,85,60,1,122,82,0,1,0
1492,86,ferrones,85,60,1,86,90,0,1,0
1492,87,ferrones,85,60,1,119,102,0,1,0
1492,88,ferrones,88,60,1,84,107,0,1,0
1492,89,ferrones,88,60,1,117,103,0,1,0
1492,90,ferrones,88,60,1,82,99,0,1,0
1492,91,ferrones,88,60,1,114,96,0,1,0
1492,92,ferrones,88,60,1,86,93,0,1,0
1492,93,ferrones,88,60,1,116,90,0,1,0
1492,94,ferrones,88,60,1,86,87,0,1,0
1492,95,ferrones,88,60,1,117,78,0,1,0
1492,96,ferrones,88,60,1,80,72,0,1,0
1492,97,ferrones,91,60,1,113,70,0,1,0
1492,98,ferrones,91,60,1,78,64,0,1,0
1492,99,ferrones,91,60,1,112,61,0,1,0
1492,100,ferrones,91,60,1,76,55,0,1,0
1492,101,ferrones,91,60,1,110,53,0,1,0
1492,102,ferrones,91,60,1,83,48,0,1,0
1492,103,ferrones,91,60,1,114,47,0,1,0
1492,104,ferrones,91,60,1,87,43,0,1,0
1492,105,ferrones,91,60,1,114,43,0,1,0
1492,106,ferrones,91,60,1,88,39,0,1,0
1492,107,ferrones,91,60,1,116,53,0,1,0
1492,108,ferrones,91,60,1,86,63,0,1,0
1492,109,ferrones,91,60,1,117,76,0,1,0
1492,110,ferrones,91,60,1,86,84,0,1,0
1492,111,ferrones,91,60,1,118,102,0,1,0
1492,112,ferrones,91,60,1,86,116,0,1,0
1492,113,ferrones,91,60,1,116,116,0,1,0
1492,114,ferrones,91,60,1,86,116,0,1,0
1492,115,ferrones,91,60,1,118,116,0,1,0
1492,116,ferrones,91,60,1,86,116,0,1,0
1492,117,ferrones,91,60,1,119,112,0,1,0
1492,118,ferrones,91,60,1,85,108,0,1,0
1492,119,ferrones,91,60,1,119,98,0,1,0
1492,120,ferrones,91,60,1,78,89,0,1,0
1492,121,ferrones,91,60,1,112,80,0,1,0
1492,122,ferrones,91,60,1,76,74,0,1,0
1492,123,ferrones,91,60,1,110,71,0,1,0
1492,124,ferrones,91,60,1,77,64,0,1,0
1492,125,ferrones,91,60,1,108,64,0,1,0
1492,126,ferrones,91,60,1,84,60,0,1,0
1492,127,ferrones,91,60,1,111,60,0,1,0
1492,128,ferrones,91,60,1,84,57,0,1,0
1492,129,ferrones,91,60,1,114,57,0,1,0
1492,130,ferrones,91,60,1,84,54,0,1,0
1492,131,ferrones,91,60,1,114,67,0,1,0
1492,132,ferrones,91,60,1,85,75,0,1,0
1492,133,ferrones,91,60,1,116,87,0,1,0
1492,134,ferrones,91,60,1,86,95,0,1,0
1492,135,ferrones,91,60,1,117,106,0,1,0
1492,136,ferrones,91,60,1,84,111,0,1,0
1492,137,ferrones,91,60,1,121,107,0,1,0
1492,138,ferrones,91,60,1,84,103,0,1,0
1492,139,ferrones,91,60,1,119,99,0,1,0
1492,140,ferrones,91,60,1,83,96,0,1,0
1492,141,ferrones,91,60,1,119,93,0,1,0
1492,142,ferrones,91,60,1,86,90,0,1,0
1492,143,ferrones,91,60,1,118,81,0,1,0
1492,144,ferrones,91,60,1,78,72,0,1,0
1492,145,ferrones,91,60,1,113,70,0,1,0
1492,146,ferrones,91,60,1,76,64,0,1,0
1492,147,ferrones,91,60,1,111,61,0,1,0
1492,148,ferrones,91,60,1,77,54,0,1,0
1492,149,ferrones,91,60,1,108,54,0,1,0
1492,150,ferrones,91,60,1,84,50,0,1,0
1492,151,ferrones,91,60,1,111,51,0,1,0
1492,152,ferrones,91,60,1,84,49,0,1,0
1492,153,ferrones,91,60,1,114,50,0,1,0
1492,154,ferrones,91,60,1,84,48,0,1,0
1492,155,ferrones,91,60,1,113,61,0,1,0
1492,156,ferrones,91,60,1,85,70,0,1,0
1492,157,ferrones,91,60,1,118,81,0,1,0
1492,158,ferrones,91,60,1,86,89,0,1,0
1492,159,ferrones,91,60,1,119,101,0,1,0
1492,160,ferrones,91,60,1,86,108,0,1,0
1492,161,ferrones,91,60,1,116,104,0,1,0
1492,162,ferrones,91,60,1,86,100,0,1,0
1492,163,ferrones,91,60,1,118,96,0,1,0
1492,164,ferrones,91,60,1,86,93,0,1,0
1492,165,ferrones,91,60,1,119,90,0,1,0
1492,166,ferrones,91,60,1,85,87,0,1,0
1492,167,ferrones,91,60,1,118,78,0,1,0
1492,168,ferrones,91,60,1,79,72,0,1,0
1492,169,ferrones,91,60,1,113,71,0,1,0
1492,170,ferrones,91,60,1,77,66,0,1,0
1492,171,ferrones,91,60,1,111,64,0,1,0
1492,172,ferrones,91,60,1,78,58,0,1,0
1492,173,ferrones,91,60,1,108,58,0,1,0
1492,174,ferrones,91,60,1,82,55,0,1,0
1492,175,ferrones,91,60,1,111,55,0,1,0
1492,176,ferrones,91,60,1,86,52,0,1,0
1492,177,ferrones,91,60,1,114,53,0,1,0
1492,178,ferrones,91,60,1,87,50,0,1,0
1492,179,ferrones,91,60,1,116,63,0,1,0
1492,180,ferrones,91,60,1,88,72,0,1,0
1492,181,ferrones,91,60,1,117,84,0,1,0
1492,182,ferrones,91,60,1,85,93,0,1,0
1492,183,ferrones,91,60,1,118,104,0,1,0
1492,184,ferrones,91,60,1,83,109,0,1,0
1492,185,ferrones,91,60,1,115,105,0,1,0
1492,186,ferrones,91,60,1,87,101,0,1,0
1492,187,ferrones,91,60,1,117,97,0,1,0
1492,188,ferrones,91,60,1,87,94,0,1,0
1492,189,ferrones,91,60,1,118,91,0,1,0
1492,190,ferrones,91,60,1,86,88,0,1,0
1492,191,ferrones,91,60,1,117,80,0,1,0
1492,192,ferrones,91,60,1,80,74,0,1,0
1492,193,ferrones,91,60,1,112,72,0,1,0
1492,194,ferrones,91,60,1,78,66,0,1,0
1492,195,ferrones,91,60,1,109,63,0,1,0
1492,196,ferrones,91,60,1,76,57,0,1,0
1492,197,ferrones,91,60,1,106,57,0,1,0
1492,198,ferrones,91,60,1,83,53,0,1,0
1492,199,ferrones,91,60,1,114,53,0,1,0
1492,200,ferrones,91,60,1,87,50,0,1,0
1492,1,hortelanos,45,111,1,43,58,0,1,0
1492,2,hortelanos,45,111,1,40,46,0,1,0
1492,3,hortelanos,45,111,1,32,32,0,1,0
1492,4,hortelanos,45,111,1,39,31,0,1,1
1492,5,hortelanos,45,111,1,46,36,0,1,1
1492,6,hortelanos,45,111,1,64,64,0,1,1
1492,7,hortelanos,45,111,1,82,91,0,1,1
1492,8,hortelanos,44,107,1,80,75,0,1,0
1492,9,hortelanos,106,103,1,76,93,0,1,0
1492,10,hortelanos,106,103,1,92,120,0,1,0
1492,11,hortelanos,121,103,1,108,146,0,1,1
1492,12,hortelanos,121,103,1,124,171,0,1,1
1492,13,hortelanos,121,103,1,140,195,0,1,1
1492,14,hortelanos,121,103,1,156,218,0,1,1
1492,15,hortelanos,124,103,1,172,240,0,1,1
1492,16,hortelanos,124,103,1,188,262,0,1,0
1492,17,hortelanos,124,103,1,204,283,0,1,1
1492,18,hortelanos,124,103,1,170,269,0,1,0
1492,19,hortelanos,124,103,1,186,289,0,1,0
1492,20,hortelanos,127,103,1,202,309,0,1,1
1492,21,hortelanos,127,103,1,218,328,0,1,0
1492,22,hortelanos,127,103,1,184,346,0,1,1
1492,23,hortelanos,127,103,1,200,361,0,1,0
1492,24,hortelanos,127,103,1,206,378,0,1,1
1492,25,hortelanos,130,103,1,212,394,0,1,1
1492,26,hortelanos,130,103,1,168,409,0,1,0
1492,27,hortelanos,130,103,1,174,424,0,1,0
1492,28,hortelanos,130,103,1,180,438,0,1,1
1492,29,hortelanos,130,103,1,186,452,0,1,1
1492,30,hortelanos,130,103,1,152,465,0,1,1
1492,31,hortelanos,133,103,1,168,478,0,1,0
1492,32,hortelanos,133,103,1,184,490,0,1,0
1492,33,hortelanos,133,103,1,200,502,0,1,1
1492,34,hortelanos,136,103,1,136,475,0,1,0
1492,35,hortelanos,136,103,1,152,487,0,1,0
1492,36,hortelanos,188,160,2,168,499,0,1,1
1492,37,hortelanos,188,162,2,170,496,0,1,0
1492,38,hortelanos,191,163,2,172,502,0,1,0
1492,39,hortelanos,191,163,2,191,517,0,1,0
1492,40,hortelanos,191,163,2,210,544,0,1,1
1492,41,hortelanos,191,163,2,179,548,0,1,0
1492,42,hortelanos,191,163,2,198,570,0,1,0
1492,43,hortelanos,191,163,2,217,591,0,1,1
1492,44,hortelanos,191,163,2,236,611,0,1,1
1492,45,hortelanos,194,163,2,205,630,0,1,1
1492,46,hortelanos,194,163,2,224,648,0,1,0
1492,47,hortelanos,194,163,2,243,667,0,1,1
1492,48,hortelanos,194,163,2,252,688,0,1,1
1492,49,hortelanos,194,163,2,211,700,0,1,0
1492,50,hortelanos,194,163,2,220,720,0,1,0
1492,51,hortelanos,194,163,2,229,739,0,1,1
1492,52,hortelanos,194,163,2,238,757,0,1,1
1492,53,hortelanos,197,163,2,197,774,0,1,1
1492,54,hortelanos,197,163,2,216,791,0,1,0
1492,55,hortelanos,197,163,2,235,807,0,1,1
1492,56,hortelanos,197,163,2,254,822,0,1,1
1492,57,hortelanos,197,163,2,193,798,0,1,0
1492,58,hortelanos,197,163,2,212,814,0,1,0
1492,59,hortelanos,258,215,3,231,829,0,1,1
1492,60,hortelanos,258,217,3,236,811,0,1,0
1492,61,hortelanos,258,219,3,206,809,0,1,0
1492,62,hortelanos,259,221,3,226,820,0,1,0
1492,63,hortelanos,259,223,3,246,830,0,1,1
1492,64,hortelanos,259,223,3,268,840,0,1,0
1492,65,hortelanos,259,223,3,240,849,0,1,1
1492,66,hortelanos,262,223,3,212,858,0,1,0
1492,67,hortelanos,262,223,3,234,864,0,1,0
1492,68,hortelanos,262,223,3,256,872,0,1,1
1492,69,hortelanos,262,223,3,278,880,0,1,1
1492,70,hortelanos,262,223,3,250,888,0,1,1
1492,71,hortelanos,262,223,3,272,895,0,1,0
1492,72,hortelanos,262,223,3,284,902,0,1,1
1492,73,hortelanos,262,223,3,296,909,0,1,1
1492,74,hortelanos,262,223,3,258,915,0,1,1
1492,75,hortelanos,262,223,3,270,921,0,1,0
1492,76,hortelanos,262,223,3,282,927,0,1,1
1492,77,hortelanos,262,223,3,294,933,0,1,1
1492,78,hortelanos,262,223,3,266,938,0,1,1
1492,79,hortelanos,262,223,3,288,943,0,1,0
1492,80,hortelanos,262,223,3,310,948,0,1,1
1492,81,hortelanos,262,223,3,332,953,0,1,1
1492,82,hortelanos,262,223,3,274,919,0,1,0
1492,83,hortelanos,262,223,3,296,925,0,1,0
1492,84,hortelanos,296,293,4,318,931,0,1,1
1492,85,hortelanos,296,293,4,343,916,0,1,0
1492,86,hortelanos,296,293,4,368,905,0,1,1
1492,87,hortelanos,296,293,4,393,894,0,1,1
1492,88,hortelanos,296,293,4,418,884,0,1,1
1492,89,hortelanos,296,293,4,443,874,0,1,1
1492,90,hortelanos,296,293,4,418,856,0,1,0
1492,91,hortelanos,299,293,4,443,847,0,1,0
1492,92,hortelanos,299,293,4,468,839,0,1,0
1492,93,hortelanos,299,293,4,493,831,0,1,1
1492,94,hortelanos,299,293,4,438,785,0,1,0
1492,95,hortelanos,299,293,4,463,776,0,1,0
1492,96,hortelanos,331,350,5,478,770,0,1,1
1492,97,hortelanos,331,352,5,496,742,0,1,0
1492,98,hortelanos,331,353,5,464,716,0,1,0
1492,99,hortelanos,331,353,5,484,696,0,1,0
1492,100,hortelanos,331,353,5,504,677,0,1,1
1492,101,hortelanos,331,353,5,524,661,0,1,1
1492,102,hortelanos,331,353,5,504,646,0,1,1
1492,103,hortelanos,334,353,5,534,631,0,1,0
1492,104,hortelanos,334,353,5,564,617,0,1,0
1492,105,hortelanos,334,353,5,594,603,0,1,1
1492,106,hortelanos,334,353,5,574,590,0,1,1
1492,107,hortelanos,334,353,5,574,539,0,1,0
1492,108,hortelanos,334,353,5,604,528,0,1,0
1492,109,hortelanos,367,418,6,634,518,0,1,0
1492,110,hortelanos,367,418,6,655,493,0,1,0
1492,111,hortelanos,367,418,6,676,469,0,1,1
1492,112,hortelanos,367,418,6,697,446,0,1,1
1492,113,hortelanos,367,418,6,718,421,0,1,0
1492,114,hortelanos,367,418,6,739,398,0,1,1
1492,115,hortelanos,367,418,6,760,376,0,1,0
1492,116,hortelanos,367,418,6,775,355,0,1,1
1492,117,hortelanos,370,418,6,790,336,0,1,1
1492,118,hortelanos,370,418,6,805,318,0,1,0
1492,119,hortelanos,373,418,6,825,301,0,1,0
1492,120,hortelanos,373,418,6,781,283,0,1,0
1492,121,hortelanos,373,418,6,787,265,0,1,0
1492,122,hortelanos,373,418,6,793,248,0,1,1
1492,123,hortelanos,373,418,6,799,229,0,1,1
1492,124,hortelanos,373,418,6,755,216,0,1,0
1492,125,hortelanos,373,418,6,765,203,0,1,0
1492,126,hortelanos,373,418,6,755,152,0,1,0
1492,127,hortelanos,373,418,6,775,140,0,1,1
1492,128,hortelanos,403,468,7,745,128,0,1,1
1492,129,hortelanos,403,468,7,762,104,0,1,0
1492,130,hortelanos,403,468,7,779,83,0,1,1
1492,131,hortelanos,403,468,7,796,63,0,1,1
1492,132,hortelanos,403,468,7,813,44,0,1,0
1492,133,hortelanos,403,468,7,834,25,0,1,1
1492,134,hortelanos,403,468,7,855,7,0,1,1
1492,135,hortelanos,402,468,7,876,0,1,1,1
1492,136,hortelanos,401,468,7,897,0,1,1,0
1492,137,hortelanos,398,458,7,915,0,1,1,1
1492,138,hortelanos,395,448,7,926,0,1,1,0
1492,139,hortelanos,393,440,7,931,0,1,1,0
1492,140,hortelanos,390,432,7,932,0,1,1,0
1492,141,hortelanos,387,424,7,929,0,1,1,0
1492,142,hortelanos,385,416,7,922,0,1,1,0
1492,143,hortelanos,382,408,7,902,0,1,1,0
1492,144,hortelanos,331,358,6,878,0,1,1,1
1492,145,hortelanos,279,300,5,861,0,1,1,1
1492,146,hortelanos,175,189,3,846,0,1,1,1
1492,147,hortelanos,174,185,3,841,0,1,1,1
1492,148,hortelanos,122,133,2,834,0,1,1,1
1492,149,hortelanos,71,77,1,830,7,0,1,1
1492,150,hortelanos,71,77,1,836,27,0,1,0
1492,151,hortelanos,71,77,1,837,47,0,1,0
1492,152,hortelanos,71,77,1,838,73,0,1,1
1492,153,hortelanos,71,77,1,839,98,0,1,1
1492,154,hortelanos,71,77,1,840,135,0,1,1
1492,155,hortelanos,71,77,1,841,170,0,1,1
1492,156,hortelanos,71,77,1,842,204,0,1,1
1492,157,hortelanos,71,77,1,843,237,0,1,1
1492,158,hortelanos,71,77,1,844,268,0,1,1
1492,159,hortelanos,71,77,1,845,309,0,1,1
1492,160,hortelanos,71,77,1,816,310,0,1,0
1492,161,hortelanos,71,77,1,767,347,0,1,0
1492,162,hortelanos,98,113,2,768,384,0,1,0
1492,163,hortelanos,98,114,2,766,406,0,1,0
1492,164,hortelanos,99,115,2,714,438,0,1,0
1492,165,hortelanos,99,116,2,712,472,0,1,0
1492,166,hortelanos,99,117,2,710,504,0,1,1
1492,167,hortelanos,99,119,2,710,534,0,1,1
1492,168,hortelanos,103,121,2,660,563,0,1,1
1492,169,hortelanos,103,123,2,660,590,0,1,0
1492,170,hortelanos,104,125,2,660,616,0,1,0
1492,171,hortelanos,104,127,2,660,640,0,1,1
1492,172,hortelanos,104,129,2,612,663,0,1,1
1492,173,hortelanos,105,131,2,614,682,0,1,0
1492,174,hortelanos,105,133,2,621,697,0,1,0
1492,175,hortelanos,106,135,2,628,716,0,1,1
1492,176,hortelanos,106,137,2,585,734,0,1,1
1492,177,hortelanos,106,137,2,594,745,0,1,0
1492,178,hortelanos,106,137,2,603,761,0,1,1
1492,179,hortelanos,106,137,2,612,776,0,1,1
1492,180,hortelanos,106,137,2,571,791,0,1,1
1492,181,hortelanos,106,137,2,580,805,0,1,0
1492,182,hortelanos,109,137,2,583,815,0,1,0
1492,183,hortelanos,109,137,2,586,828,0,1,0
1492,184,hortelanos,109,137,2,539,840,0,1,1
1492,185,hortelanos,109,137,2,542,852,0,1,0
1492,186,hortelanos,109,137,2,545,861,0,1,1
1492,187,hortelanos,109,137,2,548,872,0,1,0
1492,188,hortelanos,109,137,2,501,883,0,1,1
1492,189,hortelanos,109,137,2,504,893,0,1,0
1492,190,hortelanos,109,137,2,507,903,0,1,0
1492,191,hortelanos,109,137,2,514,912,0,1,1
1492,192,hortelanos,109,137,2,466,916,0,1,0
1492,193,hortelanos,109,137,2,438,895,0,1,0
1492,194,hortelanos,109,137,2,440,913,0,1,0
1492,195,hortelanos,140,190,3,442,931,0,1,0
1492,196,hortelanos,140,192,3,440,944,0,1,0
1492,197,hortelanos,140,194,3,388,950,0,1,0
1492,198,hortelanos,141,196,3,391,951,0,1,0
1492,199,hortelanos,141,197,3,394,956,0,1,0
1492,200,hortelanos,141,197,3,402,960,0,1,1
1492,1,mercaderes,34,56,1,28,62,0,1,0
1492,2,mercaderes,33,52,1,9,44,0,1,0
1492,3,mercaderes,33,52,1,10,37,0,1,1
1492,4,mercaderes,33,52,1,11,30,0,1,1
1492,5,mercaderes,33,52,1,12,26,0,1,1
1492,6,mercaderes,33,52,1,26,24,0,1,0
1492,7,mercaderes,33,52,1,40,23,0,1,1
1492,8,mercaderes,33,52,1,54,22,0,1,1
1492,9,mercaderes,33,52,1,68,21,0,1,1
1492,10,mercaderes,33,52,1,82,20,0,1,1
1492,11,mercaderes,33,54,1,74,30,0,1,0
1492,12,mercaderes,34,56,1,82,42,0,1,0
1492,13,mercaderes,33,54,1,64,42,0,1,0
1492,14,mercaderes,33,52,1,66,44,0,1,0
1492,15,mercaderes,33,50,1,60,44,0,1,0
1492,16,mercaderes,33,52,1,74,54,0,1,1
1492,17,mercaderes,33,54,1,74,54,0,1,0
1492,18,mercaderes,34,56,1,84,55,0,1,0
1492,19,mercaderes,34,58,1,84,55,0,1,0
1492,20,mercaderes,35,60,1,84,56,0,1,0
1492,21,mercaderes,35,60,1,86,56,0,1,0
1492,22,mercaderes,35,60,1,76,56,0,1,0
1492,23,mercaderes,35,60,1,88,49,0,1,0
1492,24,mercaderes,35,60,1,82,41,0,1,0
1492,25,mercaderes,35,60,1,81,37,0,1,0
1492,26,mercaderes,35,60,1,78,32,0,1,0
1492,27,mercaderes,35,60,1,77,27,0,1,0
1492,28,mercaderes,35,60,1,74,23,0,1,0
1492,29,mercaderes,35,60,1,83,21,0,1,0
1492,30,mercaderes,35,60,1,86,19,0,1,0
1492,31,mercaderes,35,60,1,85,18,0,1,0
1492,32,mercaderes,35,60,1,88,17,0,1,0
1492,33,mercaderes,35,60,1,87,16,0,1,0
1492,34,mercaderes,35,60,1,87,16,0,1,0
1492,35,mercaderes,35,60,1,89,26,0,1,0
1492,36,mercaderes,35,60,1,89,36,0,1,0
1492,37,mercaderes,35,60,1,88,47,0,1,0
1492,38,mercaderes,35,60,1,88,57,0,1,0
1492,39,mercaderes,35,60,1,87,67,0,1,0
1492,40,mercaderes,35,60,1,87,46,0,1,0
1492,41,mercaderes,35,60,1,89,45,0,1,0
1492,42,mercaderes,35,60,1,89,46,0,1,0
1492,43,mercaderes,48,60,1,88,48,0,1,0
1492,44,mercaderes,48,60,1,88,50,0,1,0
1492,45,mercaderes,48,60,1,88,51,0,1,0
1492,46,mercaderes,48,60,1,88,52,0,1,0
1492,47,mercaderes,51,60,1,88,48,0,1,0
1492,48,mercaderes,51,60,1,82,44,0,1,0
1492,49,mercaderes,54,60,1,81,40,0,1,0
1492,50,mercaderes,54,60,1,78,35,0,1,0
1492,51,mercaderes,54,60,1,77,30,0,1,0
1492,52,mercaderes,54,60,1,74,26,0,1,0
1492,53,mercaderes,57,60,1,83,24,0,1,0
1492,54,mercaderes,57,60,1,86,22,0,1,0
1492,55,mercaderes,57,60,1,85,21,0,1,0
1492,56,mercaderes,57,60,1,88,20,0,1,0
1492,57,mercaderes,60,60,1,87,19,0,1,0
1492,58,mercaderes,60,60,1,87,19,0,1,0
1492,59,mercaderes,60,60,1,89,29,0,1,0
1492,60,mercaderes,60,60,1,89,39,0,1,0
1492,61,mercaderes,63,60,1,88,50,0,1,0
1492,62,mercaderes,63,60,1,88,60,0,1,0
1492,63,mercaderes,63,60,1,87,70,0,1,0
1492,64,mercaderes,78,60,1,87,79,0,1,0
1492,65,mercaderes,78,60,1,89,78,0,1,0
1492,66,mercaderes,81,60,1,89,77,0,1,0
1492,67,mercaderes,81,60,1,88,77,0,1,0
1492,68,mercaderes,84,60,1,88,77,0,1,0
1492,69,mercaderes,84,60,1,87,77,0,1,0
1492,70,mercaderes,84,60,1,87,77,0,1,0
1492,71,mercaderes,87,60,1,90,71,0,1,0
1492,72,mercaderes,87,60,1,84,65,0,1,0
1492,73,mercaderes,87,60,1,84,60,0,1,0
1492,74,mercaderes,87,60,1,81,54,0,1,0
1492,75,mercaderes,87,60,1,81,49,0,1,0
1492,76,mercaderes,87,60,1,77,44,0,1,0
1492,77,mercaderes,87,60,1,77,42,0,1,0
1492,78,mercaderes,87,60,1,89,39,0,1,0
1492,79,mercaderes,87,60,1,89,36,0,1,0
1492,80,mercaderes,87,60,1,88,35,0,1,0
1492,81,mercaderes,87,60,1,88,34,0,1,0
1492,82,mercaderes,87,60,1,87,33,0,1,0
1492,83,mercaderes,87,60,1,87,44,0,1,0
1492,84,mercaderes,87,60,1,89,53,0,1,0
1492,85,mercaderes,87,60,1,89,62,0,1,0
1492,86,mercaderes,87,60,1,88,72,0,1,0
1492,87,mercaderes,87,60,1,88,81,0,1,0
1492,88,mercaderes,87,60,1,87,90,0,1,0
1492,89,mercaderes,87,60,1,87,90,0,1,0
1492,90,mercaderes,87,60,1,84,87,0,1,0
1492,91,mercaderes,87,60,1,84,84,0,1,0
1492,92,mercaderes,87,60,1,86,83,0,1,0
1492,93,mercaderes,87,60,1,86,82,0,1,0
1492,94,mercaderes,87,60,1,88,81,0,1,0
1492,95,mercaderes,87,60,1,88,74,0,1,0
1492,96,mercaderes,87,60,1,81,69,0,1,0
1492,97,mercaderes,87,60,1,81,64,0,1,0
1492,98,mercaderes,87,60,1,77,58,0,1,0
1492,99,mercaderes,87,60,1,77,52,0,1,0
1492,100,mercaderes,87,60,1,83,46,0,1,0
1492,101,mercaderes,87,60,1,83,43,0,1,0
1492,102,mercaderes,87,60,1,85,41,0,1,0
1492,103,mercaderes,87,60,1,85,39,0,1,0
1492,104,mercaderes,87,60,1,87,37,0,1,0
1492,105,mercaderes,87,60,1,87,35,0,1,0
1492,106,mercaderes,87,60,1,89,33,0,1,0
1492,107,mercaderes,87,60,1,89,43,0,1,0
1492,108,mercaderes,87,60,1,88,53,0,1,0
1492,109,mercaderes,87,60,1,88,63,0,1,0
1492,110,mercaderes,87,60,1,87,73,0,1,0
1492,111,mercaderes,87,60,1,87,82,0,1,0
1492,112,mercaderes,87,60,1,90,90,0,1,0
1492,113,mercaderes,87,60,1,90,89,0,1,0
1492,114,mercaderes,87,60,1,87,86,0,1,0
1492,115,mercaderes,87,60,1,90,86,0,1,0
1492,116,mercaderes,87,60,1,90,85,0,1,0
1492,117,mercaderes,87,60,1,90,85,0,1,0
1492,118,mercaderes,87,60,1,89,85,0,1,0
1492,119,mercaderes,87,60,1,89,79,0,1,0
1492,120,mercaderes,87,60,1,82,74,0,1,0
1492,121,mercaderes,87,60,1,82,69,0,1,0
1492,122,mercaderes,87,60,1,78,63,0,1,0
1492,123,mercaderes,87,60,1,78,57,0,1,0
1492,124,mercaderes,87,60,1,74,51,0,1,0
1492,125,mercaderes,87,60,1,74,49,0,1,0
1492,126,mercaderes,87,60,1,86,46,0,1,0
1492,127,mercaderes,87,60,1,86,43,0,1,0
1492,128,mercaderes,87,60,1,88,41,0,1,0
1492,129,mercaderes,87,60,1,88,39,0,1,0
1492,130,mercaderes,87,60,1,87,38,0,1,0
1492,131,mercaderes,87,60,1,87,49,0,1,0
1492,132,mercaderes,87,60,1,89,58,0,1,0
1492,133,mercaderes,87,60,1,89,67,0,1,0
1492,134,mercaderes,87,60,1,88,76,0,1,0
1492,135,mercaderes,87,60,1,88,85,0,1,0
1492,136,mercaderes,87,60,1,87,94,0,1,0
1492,137,mercaderes,87,60,1,87,94,0,1,0
1492,138,mercaderes,87,60,1,84,91,0,1,0
1492,139,mercaderes,87,60,1,84,88,0,1,0
1492,140,mercaderes,87,60,1,87,85,0,1,0
1492,141,mercaderes,87,60,1,86,84,0,1,0
1492,142,mercaderes,87,60,1,89,83,0,1,0
1492,143,mercaderes,87,60,1,88,76,0,1,0
1492,144,mercaderes,87,60,1,82,71,0,1,0
1492,145,mercaderes,87,60,1,81,66,0,1,0
1492,146,mercaderes,87,60,1,78,60,0,1,0
1492,147,mercaderes,87,60,1,77,54,0,1,0
1492,148,mercaderes,87,60,1,74,49,0,1,0
1492,149,mercaderes,87,60,1,83,46,0,1,0
1492,150,mercaderes,87,60,1,86,43,0,1,0
1492,151,mercaderes,87,60,1,85,41,0,1,0
1492,152,mercaderes,87,60,1,93,39,0,1,0
1492,153,mercaderes,87,60,1,92,37,0,1,0
1492,154,mercaderes,87,60,1,97,39,0,1,0
1492,155,mercaderes,87,60,1,96,55,0,1,0
1492,156,mercaderes,87,60,1,91,72,0,1,0
1492,157,mercaderes,87,60,1,90,88,0,1,0
1492,158,mercaderes,87,60,1,96,102,0,1,0
1492,159,mercaderes,87,60,1,95,116,0,1,0
1492,160,mercaderes,87,60,1,92,120,0,1,0
1492,161,mercaderes,87,60,1,97,116,0,1,0
1492,162,mercaderes,87,60,1,94,112,0,1,0
1492,163,mercaderes,87,60,1,92,108,0,1,0
1492,164,mercaderes,87,60,1,95,104,0,1,0
1492,165,mercaderes,87,60,1,93,100,0,1,0
1492,166,mercaderes,87,60,1,96,96,0,1,0
1492,167,mercaderes,87,60,1,94,87,0,1,0
1492,168,mercaderes,87,60,1,83,78,0,1,0
1492,169,mercaderes,87,60,1,91,73,0,1,0
1492,170,mercaderes,87,60,1,82,67,0,1,0
1492,171,mercaderes,87,60,1,87,62,0,1,0
1492,172,mercaderes,87,60,1,81,56,0,1,0
1492,173,mercaderes,87,60,1,86,53,0,1,0
1492,174,mercaderes,87,60,1,88,50,0,1,0
1492,175,mercaderes,87,60,1,93,48,0,1,0
1492,176,mercaderes,87,60,1,92,47,0,1,0
1492,177,mercaderes,87,60,1,97,46,0,1,0
1492,178,mercaderes,87,60,1,96,45,0,1,0
1492,179,mercaderes,87,60,1,92,56,0,1,0
1492,180,mercaderes,87,60,1,90,67,0,1,0
1492,181,mercaderes,87,60,1,96,76,0,1,0
1492,182,mercaderes,87,60,1,94,85,0,1,0
1492,183,mercaderes,87,60,1,90,95,0,1,0
1492,184,mercaderes,87,60,1,99,103,0,1,0
1492,185,mercaderes,87,60,1,92,99,0,1,0
1492,186,mercaderes,87,60,1,94,96,0,1,0
1492,187,mercaderes,87,60,1,94,93,0,1,0
1492,188,mercaderes,87,60,1,95,90,0,1,0
1492,189,mercaderes,87,60,1,95,87,0,1,0
1492,190,mercaderes,87,60,1,96,84,0,1,0
1492,191,mercaderes,87,60,1,100,78,0,1,0
1492,192,mercaderes,87,60,1,83,74,0,1,0
1492,193,mercaderes,87,60,1,87,70,0,1,0
1492,194,mercaderes,87,60,1,82,64,0,1,0
1492,195,mercaderes,87,60,1,86,58,0,1,0
1492,196,mercaderes,87,60,1,81,52,0,1,0
1492,197,mercaderes,87,60,1,85,50,0,1,0
1492,198,mercaderes,87,60,1,88,48,0,1,0
1492,199,mercaderes,87,60,1,92,46,0,1,0
1492,200,mercaderes,87,60,1,92,45,0,1,0
1492,1,mesta,36,66,1,30,59,0,1,0
1492,2,mesta,35,62,1,12,38,0,1,0
1492,3,mesta,35,62,1,14,28,0,1,1
1492,4,mesta,35,62,1,16,19,0,1,1
1492,5,mesta,35,62,1,18,13,0,1,1
1492,6,mesta,35,62,1,34,9,0,1,0
1492,7,mesta,35,62,1,50,5,0,1,1
1492,8,mesta,35,62,1,66,1,0,1,1
1492,9,mesta,34,62,1,82,0,1,1,1
1492,10,mesta,33,62,1,76,0,1,1,0
1492,11,mesta,33,62,1,74,9,0,1,0
1492,12,mesta,33,60,1,58,15,0,1,0
1492,13,mesta,33,60,1,79,35,0,1,0
1492,14,mesta,33,60,1,76,52,0,1,0
1492,15,mesta,32,58,1,63,61,0,1,0
1492,16,mesta,32,56,1,64,40,0,1,0
1492,17,mesta,32,58,1,78,45,0,1,1
1492,18,mesta,33,60,1,74,51,0,1,0
1492,19,mesta,46,60,1,82,58,0,1,0
1492,20,mesta,46,60,1,81,64,0,1,0
1492,21,mesta,46,60,1,86,71,0,1,0
1492,22,mesta,61,60,1,83,77,0,1,0
1492,23,mesta,64,60,1,88,74,0,1,0
1492,24,mesta,64,60,1,79,72,0,1,0
1492,25,mesta,64,60,1,71,71,0,1,0
1492,26,mesta,67,60,1,75,67,0,1,0
1492,27,mesta,67,60,1,77,62,0,1,0
1492,28,mesta,70,60,1,76,59,0,1,0
1492,29,mesta,70,60,1,78,60,0,1,0
1492,30,mesta,70,60,1,88,61,0,1,0
1492,31,mesta,73,60,1,80,63,0,1,0
1492,32,mesta,73,60,1,87,66,0,1,0
1492,33,mesta,73,60,1,82,68,0,1,0
1492,34,mesta,76,60,1,89,70,0,1,0
1492,35,mesta,76,60,1,84,90,0,1,0
1492,36,mesta,76,60,1,373,110,0,1,0
1492,37,mesta,76,60,1,250,126,0,1,0
1492,38,mesta,76,60,1,183,144,0,1,0
1492,39,mesta,76,60,1,113,160,0,1,0
1492,40,mesta,76,60,1,108,175,0,1,0
1492,41,mesta,76,60,1,100,177,0,1,0
1492,42,mesta,76,60,1,95,178,0,1,0
1492,43,mesta,79,60,1,92,179,0,1,0
1492,44,mesta,79,60,1,93,180,0,1,0
1492,45,mesta,82,60,1,90,181,0,1,0
1492,46,mesta,82,60,1,90,182,0,1,0
1492,47,mesta,82,60,1,87,174,0,1,0
1492,48,mesta,85,60,1,81,167,0,1,0
1492,49,mesta,85,60,1,78,160,0,1,0
1492,50,mesta,85,60,1,78,153,0,1,0
1492,51,mesta,85,60,1,75,146,0,1,0
1492,52,mesta,85,60,1,75,140,0,1,0
1492,53,mesta,85,60,1,78,138,0,1,0
1492,54,mesta,85,60,1,84,136,0,1,0
1492,55,mesta,85,60,1,81,134,0,1,0
1492,56,mesta,85,60,1,87,132,0,1,0
1492,57,mesta,85,60,1,84,130,0,1,0
1492,58,mesta,85,60,1,84,128,0,1,0
1492,59,mesta,85,60,1,87,144,0,1,0
1492,60,mesta,85,60,1,462,160,0,1,0
1492,61,mesta,85,60,1,336,175,0,1,0
1492,62,mesta,85,60,1,267,192,0,1,0
1492,63,mesta,85,60,1,196,207,0,1,0
1492,64,mesta,85,60,1,135,221,0,1,0
1492,65,mesta,85,60,1,117,222,0,1,0
1492,66,mesta,85,60,1,102,223,0,1,0
1492,67,mesta,85,63,1,95,221,0,1,0
1492,68,mesta,86,66,1,93,221,0,1,0
1492,69,mesta,86,69,1,92,220,0,1,0
1492,70,mesta,87,72,1,90,218,0,1,0
1492,71,mesta,87,72,1,91,206,0,1,0
1492,72,mesta,87,72,1,82,194,0,1,0
1492,73,mesta,87,72,1,82,183,0,1,0
1492,74,mesta,87,72,1,80,172,0,1,0
1492,75,mesta,87,72,1,80,162,0,1,0
1492,76,mesta,87,72,1,78,152,0,1,0
1492,77,mesta,88,75,1,78,147,0,1,0
1492,78,mesta,88,75,1,83,143,0,1,0
1492,79,mesta,88,75,1,83,139,0,1,0
1492,80,mesta,88,75,1,88,135,0,1,0
1492,81,mesta,88,75,1,88,131,0,1,0
1492,82,mesta,88,75,1,86,127,0,1,0
1492,83,mesta,88,78,1,86,143,0,1,0
1492,84,mesta,89,81,1,642,157,0,1,0
1492,85,mesta,89,82,1,525,169,0,1,0
1492,86,mesta,90,86,1,459,183,0,1,0
1492,87,mesta,91,90,1,391,194,0,1,0
1492,88,mesta,91,90,1,335,204,0,1,0
1492,89,mesta,91,90,1,277,200,0,1,0
1492,90,mesta,91,90,1,253,196,0,1,0
1492,91,mesta,91,90,1,155,190,0,1,0
1492,92,mesta,91,90,1,114,184,0,1,0
1492,93,mesta,91,90,1,106,178,0,1,0
1492,94,mesta,91,90,1,96,172,0,1,0
1492,95,mesta,91,90,1,93,157,0,1,0
1492,96,mesta,91,90,1,80,143,0,1,0
1492,97,mesta,91,90,1,86,129,0,1,0
1492,98,mesta,91,90,1,76,118,0,1,0
1492,99,mesta,91,90,1,85,107,0,1,0
1492,100,mesta,91,90,1,85,96,0,1,0
1492,101,mesta,91,90,1,84,91,0,1,0
1492,102,mesta,91,90,1,93,86,0,1,0
1492,103,mesta,91,90,1,92,81,0,1,0
1492,104,mesta,91,90,1,98,77,0,1,0
1492,105,mesta,91,90,1,97,74,0,1,0
1492,106,mesta,91,90,1,94,72,0,1,0
1492,107,mesta,91,90,1,93,88,0,1,0
1492,108,mesta,91,90,1,693,102,0,1,0
1492,109,mesta,91,90,1,581,116,0,1,0
1492,110,mesta,91,90,1,515,141,0,1,0
1492,111,mesta,91,90,1,460,164,0,1,0
1492,112,mesta,91,90,1,399,186,0,1,0
1492,113,mesta,91,90,1,328,181,0,1,0
1492,114,mesta,91,90,1,269,176,0,1,0
1492,115,mesta,91,90,1,206,170,0,1,0
1492,116,mesta,91,90,1,146,165,0,1,0
1492,117,mesta,91,90,1,114,160,0,1,0
1492,118,mesta,91,90,1,103,155,0,1,0
1492,119,mesta,91,90,1,94,141,0,1,0
1492,120,mesta,91,90,1,87,127,0,1,0
1492,121,mesta,91,90,1,90,117,0,1,0
1492,122,mesta,91,90,1,86,106,0,1,0
1492,123,mesta,91,90,1,86,97,0,1,0
1492,124,mesta,91,90,1,83,87,0,1,0
1492,125,mesta,91,90,1,85,82,0,1,0
1492,126,mesta,91,90,1,91,77,0,1,0
1492,127,mesta,91,90,1,93,73,0,1,0
1492,128,mesta,91,90,1,96,70,0,1,0
1492,129,mesta,91,90,1,98,67,0,1,0
1492,130,mesta,91,90,1,92,65,0,1,0
1492,131,mesta,91,90,1,93,81,0,1,0
1492,132,mesta,91,90,1,734,96,0,1,0
1492,133,mesta,91,90,1,652,110,0,1,0
1492,134,mesta,91,90,1,585,133,0,1,0
1492,135,mesta,91,90,1,530,156,0,1,0
1492,136,mesta,91,90,1,469,178,0,1,0
1492,137,mesta,91,90,1,399,172,0,1,0
1492,138,mesta,91,90,1,345,167,0,1,0
1492,139,mesta,91,90,1,283,161,0,1,0
1492,140,mesta,251,94,1,218,155,0,1,0
1492,141,mesta,252,98,1,156,150,0,1,0
1492,142,mesta,252,98,1,116,144,0,1,0
1492,143,mesta,252,98,1,110,129,0,1,0
1492,144,mesta,252,98,1,90,127,0,1,0
1492,145,mesta,252,98,1,86,124,0,1,0
1492,146,mesta,252,98,1,82,116,0,1,0
1492,147,mesta,252,98,1,84,107,0,1,0
1492,148,mesta,252,98,1,83,98,0,1,0
1492,149,mesta,252,98,1,82,95,0,1,0
1492,150,mesta,252,98,1,89,92,0,1,0
1492,151,mesta,252,98,1,91,88,0,1,0
1492,152,mesta,252,98,1,92,86,0,1,0
1492,153,mesta,252,98,1,93,84,0,1,0
1492,154,mesta,252,98,1,90,88,0,1,0
1492,155,mesta,253,102,1,91,115,0,1,0
1492,156,mesta,254,107,1,603,139,0,1,0
1492,157,mesta,255,110,1,520,161,0,1,0
1492,158,mesta,255,110,1,461,201,0,1,0
1492,159,mesta,255,110,1,515,240,0,1,0
1492,160,mesta,255,110,1,541,241,0,1,1
1492,161,mesta,255,110,1,567,229,0,1,1
1492,162,mesta,255,110,1,593,217,0,1,1
1492,163,mesta,255,110,1,619,206,0,1,1
1492,164,mesta,255,110,1,645,195,0,1,1
1492,165,mesta,255,110,1,671,185,0,1,1
1492,166,mesta,255,110,1,697,175,0,1,1
1492,167,mesta,255,110,1,723,156,0,1,1
1492,168,mesta,255,110,1,618,138,0,1,0
1492,169,mesta,255,110,1,547,146,0,1,0
1492,170,mesta,255,110,1,469,154,0,1,0
1492,171,mesta,255,110,1,400,162,0,1,0
1492,172,mesta,255,110,1,324,170,0,1,0
1492,173,mesta,255,110,1,376,182,0,1,0
1492,174,mesta,255,110,1,402,168,0,1,1
1492,175,mesta,255,110,1,428,154,0,1,1
1492,176,mesta,255,110,1,334,141,0,1,0
1492,177,mesta,255,110,1,271,154,0,1,0
1492,178,mesta,255,110,1,216,167,0,1,0
1492,179,mesta,255,110,1,154,197,0,1,0
1492,180,mesta,255,110,1,559,223,0,1,0
1492,181,mesta,255,110,1,585,225,0,1,1
1492,182,mesta,255,110,1,611,227,0,1,1
1492,183,mesta,255,110,1,637,229,0,1,1
1492,184,mesta,255,110,1,663,231,0,1,1
1492,185,mesta,255,110,1,689,219,0,1,1
1492,186,mesta,255,110,1,715,208,0,1,1
1492,187,mesta,255,110,1,741,197,0,1,1
1492,188,mesta,255,110,1,767,187,0,1,1
1492,189,mesta,255,110,1,793,177,0,1,1
1492,190,mesta,255,110,1,789,129,0,1,0
1492,191,mesta,255,110,1,645,112,0,1,0
1492,192,mesta,303,150,2,574,122,0,1,0
1492,193,mesta,303,150,2,484,122,0,1,0
1492,194,mesta,303,150,2,402,120,0,1,0
1492,195,mesta,303,150,2,324,116,0,1,0
1492,196,mesta,303,150,2,244,117,0,1,0
1492,197,mesta,303,150,2,157,127,0,1,0
1492,198,mesta,303,150,2,122,135,0,1,0
1492,199,mesta,303,150,2,95,150,0,1,0
1492,200,mesta,303,150,2,98,155,0,1,0
1492,1,monjes,38,76,1,32,63,0,1,0
1492,2,monjes,37,72,1,5,46,0,1,0
1492,3,monjes,37,72,1,8,38,0,1,1
1492,4,monjes,37,72,1,11,30,0,1,1
1492,5,monjes,37,72,1,14,39,0,1,1
1492,6,monjes,37,72,1,32,49,0,1,0
1492,7,monjes,36,68,1,30,49,0,1,0
1492,8,monjes,35,64,1,26,50,0,1,0
1492,9,monjes,35,64,1,42,62,0,1,1
1492,10,monjes,35,64,1,58,41,0,1,0
1492,11,monjes,48,64,1,71,82,0,1,1
1492,12,monjes,48,64,1,73,121,0,1,0
1492,13,monjes,63,64,1,80,160,0,1,0
1492,14,monjes,63,64,1,77,166,0,1,0
1492,15,monjes,63,64,1,80,202,0,1,0
1492,16,monjes,63,64,1,81,237,0,1,0
1492,17,monjes,66,64,1,101,218,0,1,0
1492,18,monjes,66,64,1,153,212,0,1,0
1492,19,monjes,69,64,1,85,212,0,1,0
1492,20,monjes,69,64,1,135,212,0,1,0
1492,21,monjes,69,64,1,113,211,0,1,0
1492,22,monjes,69,64,1,178,212,0,1,0
1492,23,monjes,72,60,1,101,190,0,1,0
1492,24,monjes,72,60,1,130,190,0,1,0
1492,25,monjes,166,66,2,85,188,0,1,0
1492,26,monjes,167,70,2,80,180,0,1,0
1492,27,monjes,167,74,2,72,172,0,1,0
1492,28,monjes,168,78,2,71,166,0,1,0
1492,29,monjes,172,82,2,67,177,0,1,0
1492,30,monjes,173,86,2,83,188,0,1,0
1492,31,monjes,174,90,2,70,195,0,1,0
1492,32,monjes,176,89,2,80,200,0,1,0
1492,33,monjes,177,94,2,76,208,0,1,0
1492,34,monjes,178,99,2,78,205,0,1,0
1492,35,monjes,283,107,3,102,242,0,1,0
1492,36,monjes,283,109,3,119,243,0,1,0
1492,37,monjes,283,106,3,153,266,0,1,0
1492,38,monjes,283,108,3,242,300,0,1,0
1492,39,monjes,284,110,3,324,334,0,1,0
1492,40,monjes,284,112,3,411,371,0,1,0
1492,41,monjes,284,114,3,453,366,0,1,0
1492,42,monjes,288,116,3,507,325,0,1,0
1492,43,monjes,309,124,4,626,365,0,1,0
1492,44,monjes,313,127,4,641,359,0,1,0
1492,45,monjes,313,125,4,695,312,0,1,0
1492,46,monjes,313,128,4,784,315,0,1,0
1492,47,monjes,345,173,5,865,288,0,1,0
1492,48,monjes,347,183,5,916,212,0,1,0
1492,49,monjes,348,188,5,819,189,0,1,0
1492,50,monjes,377,233,6,795,198,0,1,0
1492,51,monjes,377,233,6,702,196,0,1,0
1492,52,monjes,379,228,6,567,188,0,1,0
1492,53,monjes,381,235,6,437,165,0,1,0
1492,54,monjes,382,242,6,369,192,0,1,0
1492,55,monjes,408,255,7,327,268,0,1,0
1492,56,monjes,409,263,7,306,266,0,1,0
1492,57,monjes,411,270,7,389,246,0,1,0
1492,58,monjes,412,276,7,468,239,0,1,0
1492,59,monjes,416,282,7,553,330,0,1,0
1492,60,monjes,417,288,7,581,417,0,1,0
1492,61,monjes,418,294,7,665,498,0,1,0
1492,62,monjes,420,300,7,754,575,0,1,0
1492,63,monjes,420,304,7,836,647,0,1,0
1492,64,monjes,421,308,7,873,715,0,1,0
1492,65,monjes,422,312,7,953,702,0,1,0
1492,66,monjes,423,316,7,1039,685,0,1,0
1492,67,monjes,423,315,7,1130,666,0,1,0
1492,68,monjes,427,320,7,1166,654,0,1,0
1492,69,monjes,449,331,8,1257,641,0,1,0
1492,70,monjes,450,337,8,1283,616,0,1,0
1492,71,monjes,450,337,8,1364,550,0,1,0
1492,72,monjes,450,337,8,1444,484,0,1,0
1492,73,monjes,450,337,8,1516,424,0,1,0
1492,74,monjes,450,337,8,1543,368,0,1,0
1492,75,monjes,449,332,8,1613,308,0,1,0
1492,76,monjes,452,332,8,1688,258,0,1,0
1492,77,monjes,453,338,8,1768,233,0,1,0
1492,78,monjes,454,344,8,1796,210,0,1,0
1492,79,monjes,456,350,8,1730,168,0,1,0
1492,80,monjes,478,362,9,1725,225,0,1,0
1492,81,monjes,482,369,9,1577,215,0,1,0
1492,82,monjes,483,371,9,1598,159,0,1,0
1492,83,monjes,484,378,9,1541,285,0,1,0
1492,84,monjes,517,441,10,1580,378,0,1,0
1492,85,monjes,518,449,10,1659,442,0,1,0
1492,86,monjes,520,456,10,1693,505,0,1,0
1492,87,monjes,521,462,10,1770,565,0,1,0
1492,88,monjes,522,468,10,1852,628,0,1,0
1492,89,monjes,523,474,10,1928,597,0,1,0
1492,90,monjes,525,480,10,1960,567,0,1,0
1492,91,monjes,529,486,10,2048,536,0,1,0
1492,92,monjes,530,493,10,2131,505,0,1,0
1492,93,monjes,532,500,10,2219,474,0,1,0
1492,94,monjes,533,505,10,2250,442,0,1,0
1492,95,monjes,533,505,10,2338,355,0,1,0
1492,96,monjes,533,505,10,2425,270,0,1,0
1492,97,monjes,533,505,10,2504,190,0,1,0
1492,98,monjes,533,505,10,2418,144,0,1,0
1492,99,monjes,533,505,10,2329,112,0,1,0
1492,100,monjes,533,505,10,2249,80,0,1,0
1492,101,monjes,533,505,10,2166,79,0,1,0
1492,102,monjes,533,505,10,2024,89,0,1,0
1492,103,monjes,533,507,10,1956,97,0,1,0
1492,104,monjes,534,512,10,1885,121,0,1,0
1492,105,monjes,535,517,10,1811,142,0,1,0
1492,106,monjes,536,522,10,1686,161,0,1,0
1492,107,monjes,537,527,10,1616,317,0,1,0
1492,108,monjes,538,532,10,1664,434,0,1,0
1492,109,monjes,539,538,10,1756,533,0,1,0
1492,110,monjes,540,544,10,1803,627,0,1,0
1492,111,monjes,541,548,10,1893,715,0,1,0
1492,112,monjes,542,552,10,1988,799,0,1,0
1492,113,monjes,543,556,10,2076,770,0,1,0
1492,114,monjes,547,560,10,2121,741,0,1,0
1492,115,monjes,547,564,10,2221,713,0,1,0
1492,116,monjes,569,574,11,2313,685,0,1,0
1492,117,monjes,573,579,11,2340,656,0,1,0
1492,118,monjes,573,579,11,2423,623,0,1,0
1492,119,monjes,573,579,11,2512,532,0,1,0
1492,120,monjes,573,579,11,2600,445,0,1,0
1492,121,monjes,573,579,11,2630,361,0,1,0
1492,122,monjes,573,579,11,2685,240,0,1,0
1492,123,monjes,573,579,11,2763,164,0,1,0
1492,124,monjes,603,629,12,2726,121,0,1,0
1492,125,monjes,604,634,12,2601,80,0,1,0
1492,126,monjes,603,629,12,2473,71,0,1,0
1492,127,monjes,631,669,13,2392,80,0,1,0
1492,128,monjes,631,669,13,2300,79,0,1,0
1492,129,monjes,631,669,13,2175,76,0,1,0
1492,130,monjes,631,669,13,2097,80,0,1,0
1492,131,monjes,633,676,13,2016,247,0,1,0
1492,132,monjes,634,683,13,2031,340,0,1,0
1492,133,monjes,637,695,13,2061,456,0,1,0
1492,134,monjes,664,733,14,2147,563,0,1,0
1492,135,monjes,666,741,14,2177,625,0,1,0
1492,136,monjes,668,754,14,2209,723,0,1,0
1492,137,monjes,701,816,15,2298,694,0,1,0
1492,138,monjes,702,824,15,2337,613,0,1,0
1492,139,monjes,707,832,15,2373,569,0,1,0
1492,140,monjes,739,893,16,2454,539,0,1,0
1492,141,monjes,741,902,16,2496,459,0,1,0
1492,142,monjes,743,911,16,2536,415,0,1,0
1492,143,monjes,769,941,17,2619,285,0,1,0
1492,144,monjes,769,941,17,2693,156,0,1,0
1492,145,monjes,769,941,17,2592,64,0,1,0
1492,146,monjes,769,946,17,2507,13,1,1,0
1492,147,monjes,768,946,17,2419,13,1,1,0
1492,148,monjes,763,928,17,2328,13,1,1,0
1492,149,monjes,759,910,17,2173,13,1,1,0
1492,150,monjes,754,892,17,2086,13,1,1,0
1492,151,monjes,749,874,17,1996,13,1,1,0
1492,152,monjes,745,856,17,1903,13,1,1,0
1492,153,monjes,740,838,17,1806,13,1,1,0
1492,154,monjes,736,820,17,1708,13,1,1,0
1492,155,monjes,742,852,17,1591,185,0,1,0
1492,156,monjes,748,881,17,1447,338,0,1,0
1492,157,monjes,755,915,17,1455,464,0,1,0
1492,158,monjes,760,940,17,1528,565,0,1,0
1492,159,monjes,762,953,17,1605,660,0,1,0
1492,160,monjes,765,965,17,1637,739,0,1,0
1492,161,monjes,765,965,17,1702,624,0,1,0
1492,162,monjes,765,965,17,1785,512,0,1,0
1492,163,monjes,768,965,17,1849,414,0,1,0
1492,164,monjes,788,969,18,1930,318,0,1,0
1492,165,monjes,788,969,18,1978,194,0,1,0
1492,166,monjes,788,966,18,1878,140,0,1,0
1492,167,monjes,823,1041,19,1786,57,0,1,0
1492,168,monjes,822,1041,19,1697,11,1,1,0
1492,169,monjes,821,1041,19,1605,11,1,1,0
1492,170,monjes,815,1019,19,1511,13,1,1,0
1492,171,monjes,810,999,19,1411,13,1,1,0
1492,172,monjes,805,979,19,1309,13,1,1,0
1492,173,monjes,800,959,19,1203,13,1,1,0
1492,174,monjes,795,939,19,1100,13,1,1,0
1492,175,monjes,791,920,19,1003,13,1,1,0
1492,176,monjes,786,901,19,906,13,1,1,0
1492,177,monjes,781,882,19,806,13,1,1,0
1492,178,monjes,776,863,19,703,13,1,1,0
1492,179,monjes,783,897,19,515,210,0,1,0
1492,180,monjes,790,931,19,366,367,0,1,0
1492,181,monjes,797,965,19,416,526,0,1,0
1492,182,monjes,804,1001,19,451,655,0,1,0
1492,183,monjes,809,1028,19,515,771,0,1,0
1492,184,monjes,812,1042,19,535,906,0,1,0
1492,185,monjes,815,1055,19,611,868,0,1,0
1492,186,monjes,817,1066,19,681,831,0,1,0
1492,187,monjes,822,1077,19,757,794,0,1,0
1492,188,monjes,824,1088,19,791,756,0,1,0
1492,189,monjes,826,1098,19,839,678,0,1,0
1492,190,monjes,827,1104,19,923,640,0,1,0
1492,191,monjes,853,1134,20,1002,482,0,1,0
1492,192,monjes,854,1138,20,1060,327,0,1,0
1492,193,monjes,853,1134,20,1075,171,0,1,0
1492,194,monjes,853,1134,20,1012,54,0,1,0
1492,195,monjes,852,1134,20,929,13,1,1,0
1492,196,monjes,851,1134,20,843,13,1,1,0
1492,197,monjes,846,1111,20,705,13,1,1,0
1492,198,monjes,840,1088,20,604,13,1,1,0
1492,199,monjes,861,1092,21,496,15,0,1,0
1492,200,monjes,860,1092,21,388,13,1,1,0
1492,1,salineros,30,36,1,19,69,0,1,0
1492,2,salineros,30,36,1,18,67,0,1,0
1492,3,salineros,30,36,1,17,65,0,1,1
1492,4,salineros,30,36,1,16,63,0,1,1
1492,5,salineros,30,37,1,15,64,0,1,1
1492,6,salineros,30,38,1,17,67,0,1,1
1492,7,salineros,95,39,1,19,70,0,1,1
1492,8,salineros,96,40,1,21,73,0,1,1
1492,9,salineros,95,37,1,5,65,0,1,0
1492,10,salineros,95,38,1,7,36,0,1,0
1492,11,salineros,95,39,1,9,52,0,1,1
1492,12,salineros,96,40,1,11,68,0,1,1
1492,13,salineros,109,42,1,15,83,0,1,1
1492,14,salineros,109,44,1,19,98,0,1,0
1492,15,salineros,110,46,1,23,112,0,1,1
1492,16,salineros,109,44,1,7,108,0,1,0
1492,17,salineros,110,46,1,11,110,0,1,1
1492,18,salineros,110,48,1,15,112,0,1,1
1492,19,salineros,114,50,1,19,113,0,1,1
1492,20,salineros,114,50,1,0,114,0,1,0
1492,21,salineros,114,50,1,6,113,0,1,0
1492,22,salineros,114,52,1,12,117,0,1,1
1492,23,salineros,114,52,1,18,113,0,1,1
1492,24,salineros,117,52,1,19,109,0,1,1
1492,25,salineros,117,52,1,0,105,0,1,0
1492,26,salineros,117,52,1,1,99,0,1,0
1492,27,salineros,117,52,1,2,93,0,1,1
1492,28,salineros,120,52,1,3,87,0,1,1
1492,29,salineros,120,52,1,4,84,0,1,0
1492,30,salineros,120,52,1,18,83,0,1,0
1492,31,salineros,120,52,1,388,79,0,1,0
1492,32,salineros,123,50,1,771,68,0,1,0
1492,33,salineros,123,50,1,1124,68,0,1,0
1492,34,salineros,123,50,1,1460,65,0,1,0
1492,35,salineros,126,52,1,1800,78,0,1,0
1492,36,salineros,126,54,1,2173,90,0,1,0
1492,37,salineros,127,56,1,2579,102,0,1,0
1492,38,salineros,127,58,1,2884,113,0,1,0
1492,39,salineros,128,60,1,3272,124,0,1,0
1492,40,salineros,128,60,1,3615,102,0,1,0
1492,41,salineros,128,60,1,3992,103,0,1,0
1492,42,salineros,131,60,1,4351,104,0,1,0
1492,43,salineros,131,60,1,4710,105,0,1,0
1492,44,salineros,131,60,1,4981,106,0,1,0
1492,45,salineros,131,60,1,5252,107,0,1,0
1492,46,salineros,131,60,1,5258,108,0,1,0
1492,47,salineros,134,60,1,5291,102,0,1,0
1492,48,salineros,134,60,1,5344,96,0,1,0
1492,49,salineros,134,60,1,5343,50,0,1,0
1492,50,salineros,134,60,1,5325,44,0,1,0
1492,51,salineros,185,115,2,5370,51,0,1,0
1492,52,salineros,185,115,2,5420,45,0,1,0
1492,53,salineros,185,115,2,5393,40,0,1,0
1492,54,salineros,185,115,2,5434,33,0,1,0
1492,55,salineros,185,115,2,5454,46,0,1,0
1492,56,salineros,185,115,2,5475,57,0,1,0
1492,57,salineros,185,117,2,5438,74,0,1,0
1492,58,salineros,185,119,2,5483,83,0,1,0
1492,59,salineros,186,120,2,5505,133,0,1,0
1492,60,salineros,186,120,2,5539,184,0,1,0
1492,61,salineros,186,120,2,5614,235,0,1,0
1492,62,salineros,186,120,2,5822,260,0,1,0
1492,63,salineros,186,120,2,6027,298,0,1,0
1492,64,salineros,189,120,2,6177,336,0,1,0
1492,65,salineros,189,120,2,6332,348,0,1,0
1492,66,salineros,189,120,2,6269,360,0,1,0
1492,67,salineros,192,120,2,6171,332,0,1,0
1492,68,salineros,192,120,2,6099,344,0,1,0
1492,69,salineros,259,205,3,5986,356,0,1,0
1492,70,salineros,259,205,3,5866,342,0,1,0
1492,71,salineros,259,205,3,5802,316,0,1,0
1492,72,salineros,259,205,3,5731,287,0,1,0
1492,73,salineros,259,205,3,5658,279,0,1,0
1492,74,salineros,259,205,3,5502,224,0,1,0
1492,75,salineros,259,205,3,5436,222,0,1,0
1492,76,salineros,289,255,4,5375,231,0,1,0
1492,77,salineros,290,260,4,5302,250,0,1,0
1492,78,salineros,291,265,4,5192,274,0,1,0
1492,79,salineros,295,270,4,5137,307,0,1,0
1492,80,salineros,296,275,4,5087,339,0,1,0
1492,81,salineros,297,280,4,5036,370,0,1,0
1492,82,salineros,297,283,4,4938,399,0,1,0
1492,83,salineros,299,290,4,4888,491,0,1,0
1492,84,salineros,300,295,4,4834,562,0,1,0
1492,85,salineros,300,299,4,4780,623,0,1,0
1492,86,salineros,301,300,4,4671,683,0,1,0
1492,87,salineros,301,303,4,4622,738,0,1,0
1492,88,salineros,302,306,4,4568,794,0,1,0
1492,89,salineros,302,309,4,4523,810,0,1,0
1492,90,salineros,303,312,4,4423,825,0,1,0
1492,91,salineros,304,315,4,4343,799,0,1,0
1492,92,salineros,304,318,4,4304,813,0,1,0
1492,93,salineros,348,438,5,4262,826,0,1,0
1492,94,salineros,348,438,5,4188,748,0,1,0
1492,95,salineros,351,438,5,4102,700,0,1,0
1492,96,salineros,382,493,6,4058,652,0,1,0
1492,97,salineros,382,493,6,3963,555,0,1,0
1492,98,salineros,382,493,6,3856,522,0,1,0
1492,99,salineros,410,533,7,3793,487,0,1,0
1492,100,salineros,410,533,7,3712,412,0,1,0
1492,101,salineros,410,533,7,3604,395,0,1,0
1492,102,salineros,438,573,8,3570,380,0,1,0
1492,103,salineros,438,573,8,3473,334,0,1,0
1492,104,salineros,438,573,8,3379,324,0,1,0
1492,105,salineros,465,608,9,3323,324,0,1,0
1492,106,salineros,465,608,9,3262,323,0,1,0
1492,107,salineros,467,618,9,3169,439,0,1,0
1492,108,salineros,469,629,9,3120,574,0,1,0
1492,109,salineros,471,639,9,3079,704,0,1,0
1492,110,salineros,476,645,9,3048,839,0,1,0
1492,111,salineros,477,650,9,2950,996,0,1,0
1492,112,salineros,478,656,9,2991,1105,0,1,0
1492,113,salineros,480,669,9,2916,1130,0,1,0
1492,114,salineros,510,718,10,2880,1164,0,1,0
1492,115,salineros,513,732,10,2824,1183,0,1,0
1492,116,salineros,516,746,10,2727,1194,0,1,0
1492,117,salineros,519,762,10,2686,1207,0,1,0
1492,118,salineros,522,778,10,2778,1212,0,1,0
1492,119,salineros,522,778,10,2829,1155,0,1,0
1492,120,salineros,522,778,10,2712,1098,0,1,0
1492,121,salineros,522,778,10,2648,1027,0,1,0
1492,122,salineros,522,778,10,2607,996,0,1,0
1492,123,salineros,548,808,11,2575,960,0,1,0
1492,124,salineros,551,808,11,2528,919,0,1,0
1492,125,salineros,551,808,11,2439,909,0,1,0
1492,126,salineros,551,808,11,2399,899,0,1,0
1492,127,salineros,551,808,11,2357,889,0,1,0
1492,128,salineros,551,808,11,2318,877,0,1,0
1492,129,salineros,551,808,11,2237,869,0,1,0
1492,130,salineros,551,808,11,2199,861,0,1,0
1492,131,salineros,555,826,11,2169,981,0,1,0
1492,132,salineros,558,843,11,2122,1094,0,1,0
1492,133,salineros,561,858,11,2364,1202,0,1,0
1492,134,salineros,564,871,11,2321,1322,0,1,0
1492,135,salineros,566,883,11,2422,1437,0,1,0
1492,136,salineros,569,897,11,2488,1518,0,1,0
1492,137,salineros,569,897,11,2504,1513,0,1,1
1492,138,salineros,569,897,11,2540,1468,0,1,0
1492,139,salineros,569,897,11,2606,1461,0,1,0
1492,140,salineros,601,942,12,2672,1456,0,1,0
1492,141,salineros,601,942,12,2736,1438,0,1,0
1492,142,salineros,601,942,12,2750,1414,0,1,0
1492,143,salineros,601,942,12,2694,1329,0,1,0
1492,144,salineros,601,942,12,2665,1270,0,1,0
1492,145,salineros,601,942,12,2619,1206,0,1,0
1492,146,salineros,601,942,12,2542,1142,0,1,0
1492,147,salineros,601,942,12,2508,1081,0,1,0
1492,148,salineros,601,942,12,2482,1024,0,1,0
1492,149,salineros,601,942,12,2449,1005,0,1,0
1492,150,salineros,601,942,12,2380,986,0,1,0
1492,151,salineros,601,942,12,2356,967,0,1,0
1492,152,salineros,601,942,12,2340,948,0,1,0
1492,153,salineros,601,942,12,2287,887,0,1,0
1492,154,salineros,604,942,12,2213,855,0,1,0
1492,155,salineros,635,998,13,2199,957,0,1,0
1492,156,salineros,638,1013,13,2166,1068,0,1,0
1492,157,salineros,641,1026,13,2407,1175,0,1,0
1492,158,salineros,643,1039,13,2381,1279,0,1,0
1492,159,salineros,646,1054,13,2342,1380,0,1,0
1492,160,salineros,649,1069,13,2325,1477,0,1,0
1492,161,salineros,649,1069,13,2251,1481,0,1,0
1492,162,salineros,649,1069,13,2235,1481,0,1,0
1492,163,salineros,649,1069,13,2212,1485,0,1,0
1492,164,salineros,649,1069,13,2191,1489,0,1,0
1492,165,salineros,649,1069,13,2121,1491,0,1,0
1492,166,salineros,649,1069,13,2109,1504,0,1,0
1492,167,salineros,652,1069,13,2075,1435,0,1,0
1492,168,salineros,652,1069,13,2057,1364,0,1,0
1492,169,salineros,652,1069,13,1983,1297,0,1,0
1492,170,salineros,652,1069,13,1966,1239,0,1,0
1492,171,salineros,652,1069,13,1942,1178,0,1,0
1492,172,salineros,652,1069,13,1911,1120,0,1,0
1492,173,salineros,652,1069,13,1839,1096,0,1,0
1492,174,salineros,652,1069,13,1820,1073,0,1,0
1492,175,salineros,652,1069,13,1817,1036,0,1,0
1492,176,salineros,652,1069,13,1811,999,0,1,0
1492,177,salineros,652,1069,13,1745,975,0,1,0
1492,178,salineros,655,1069,13,1736,954,0,1,0
1492,179,salineros,659,1087,13,1690,1047,0,1,0
1492,180,salineros,662,1102,13,1684,1174,0,1,0
1492,181,salineros,691,1149,14,1958,1286,0,1,0
1492,182,salineros,695,1166,14,1928,1386,0,1,0
1492,183,salineros,698,1181,14,2244,1493,0,1,0
1492,184,salineros,701,1196,14,2229,1604,0,1,0
1492,185,salineros,701,1196,14,2174,1598,0,1,0
1492,186,salineros,701,1196,14,2162,1592,0,1,0
1492,187,salineros,701,1196,14,2133,1586,0,1,0
1492,188,salineros,701,1196,14,2122,1578,0,1,0
1492,189,salineros,701,1196,14,2055,1579,0,1,0
1492,190,salineros,701,1196,14,2046,1580,0,1,0
1492,191,salineros,701,1196,14,2030,1500,0,1,0
1492,192,salineros,701,1196,14,2006,1420,0,1,0
1492,193,salineros,701,1196,14,1935,1330,0,1,0
1492,194,salineros,701,1196,14,1923,1244,0,1,0
1492,195,salineros,701,1196,14,1904,1166,0,1,0
1492,196,salineros,701,1196,14,1893,1088,0,1,0
1492,197,salineros,701,1196,14,1825,1056,0,1,0
1492,198,salineros,701,1196,14,1820,1024,0,1,0
1492,199,salineros,701,1196,14,1808,991,0,1,0
1492,200,salineros,701,1196,14,1804,960,0,1,0
1492-2,1,arrieros,44,106,1,46,63,0,1,0
1492-2,2,arrieros,44,106,1,52,51,0,1,0
1492-2,3,arrieros,44,106,1,58,40,0,1,1
1492-2,4,arrieros,44,106,1,64,29,0,1,1
1492-2,5,arrieros,44,106,1,70,24,0,1,1
1492-2,6,arrieros,44,106,1,84,22,0,1,0
1492-2,7,arrieros,44,106,1,109,21,0,1,0
1492-2,8,arrieros,44,106,1,94,21,0,1,0
1492-2,9,arrieros,44,106,1,104,24,0,1,0
1492-2,10,arrieros,44,106,1,101,25,0,1,0
1492-2,11,arrieros,44,106,1,102,50,0,1,0
1492-2,12,arrieros,44,106,1,99,72,0,1,0
1492-2,13,arrieros,43,102,1,88,89,0,1,0
1492-2,14,arrieros,42,98,1,84,71,0,1,0
1492-2,15,arrieros,41,94,1,81,89,0,1,0
1492-2,16,arrieros,41,90,1,80,71,0,1,0
1492-2,17,arrieros,53,86,1,77,72,0,1,0
1492-2,18,arrieros,53,86,1,86,80,0,1,0
1492-2,19,arrieros,71,89,1,93,85,0,1,0
1492-2,20,arrieros,71,89,1,90,92,0,1,0
1492-2,21,arrieros,74,89,1,94,99,0,1,0
1492-2,22,arrieros,74,89,1,91,106,0,1,0
1492-2,23,arrieros,74,89,1,95,101,0,1,0
1492-2,24,arrieros,77,89,1,84,97,0,1,0
1492-2,25,arrieros,77,89,1,89,93,0,1,0
1492-2,26,arrieros,80,89,1,81,88,0,1,0
1492-2,27,arrieros,80,89,1,83,84,0,1,0
1492-2,28,arrieros,80,89,1,82,79,0,1,0
1492-2,29,arrieros,83,89,1,84,80,0,1,0
1492-2,30,arrieros,83,89,1,90,81,0,1,0
1492-2,31,arrieros,83,89,1,88,82,0,1,0
1492-2,32,arrieros,86,89,1,91,84,0,1,0
1492-2,33,arrieros,86,89,1,89,86,0,1,0
1492-2,34,arrieros,86,89,1,92,88,0,1,0
1492-2,35,arrieros,89,89,1,92,113,0,1,0
1492-2,36,arrieros,89,89,1,95,137,0,1,0
1492-2,37,arrieros,89,89,1,95,160,0,1,0
1492-2,38,arrieros,89,89,1,98,182,0,1,0
1492-2,39,arrieros,89,89,1,96,200,0,1,0
1492-2,40,arrieros,89,89,1,93,217,0,1,0
1492-2,41,arrieros,89,89,1,91,216,0,1,0
1492-2,42,arrieros,89,89,1,94,216,0,1,0
1492-2,43,arrieros,92,89,1,92,216,0,1,0
1492-2,44,arrieros,92,89,1,95,178,0,1,0
1492-2,45,arrieros,92,89,1,93,179,0,1,0
1492-2,46,arrieros,92,89,1,95,180,0,1,0
1492-2,47,arrieros,92,89,1,93,169,0,1,0
1492-2,48,arrieros,92,89,1,87,159,0,1,0
1492-2,49,arrieros,92,89,1,85,149,0,1,0
1492-2,50,arrieros,92,89,1,79,140,0,1,0
1492-2,51,arrieros,92,89,1,84,131,0,1,0
1492-2,52,arrieros,92,89,1,48,84,0,1,0
1492-2,53,arrieros,92,89,1,70,72,0,1,0
1492-2,54,arrieros,137,114,2,80,61,0,1,0
1492-2,55,arrieros,140,114,2,67,56,0,1,0
1492-2,56,arrieros,140,114,2,84,50,0,1,0
1492-2,57,arrieros,140,114,2,71,48,0,1,0
1492-2,58,arrieros,144,115,2,79,47,0,1,0
1492-2,59,arrieros,144,116,2,78,73,0,1,0
1492-2,60,arrieros,144,117,2,78,98,0,1,0
1492-2,61,arrieros,144,118,2,77,122,0,1,0
1492-2,62,arrieros,144,119,2,77,146,0,1,0
1492-2,63,arrieros,145,120,2,81,168,0,1,0
1492-2,64,arrieros,145,121,2,81,188,0,1,0
1492-2,65,arrieros,145,122,2,82,194,0,1,0
1492-2,66,arrieros,145,123,2,51,160,0,1,0
1492-2,67,arrieros,145,124,2,73,154,0,1,0
1492-2,68,arrieros,203,161,3,73,159,0,1,0
1492-2,69,arrieros,206,163,3,74,156,0,1,0
1492-2,70,arrieros,207,165,3,74,143,0,1,0
1492-2,71,arrieros,207,165,3,75,120,0,1,0
1492-2,72,arrieros,207,165,3,57,94,0,1,0
1492-2,73,arrieros,210,165,3,65,71,0,1,0
1492-2,74,arrieros,210,165,3,67,48,0,1,0
1492-2,75,arrieros,213,165,3,69,31,0,1,1
1492-2,76,arrieros,213,165,3,71,15,0,1,0
1492-2,77,arrieros,213,165,3,62,7,0,1,0
1492-2,78,arrieros,212,165,3,79,1,1,1,0
1492-2,79,arrieros,211,165,3,70,0,1,1,0
1492-2,80,arrieros,209,161,3,77,2,1,1,0
1492-2,81,arrieros,207,157,3,76,1,1,1,0
1492-2,82,arrieros,205,153,3,77,1,1,1,0
1492-2,83,arrieros,205,153,3,76,28,0,1,0
1492-2,84,arrieros,206,159,3,77,54,0,1,0
1492-2,85,arrieros,207,163,3,76,78,0,1,0
1492-2,86,arrieros,208,165,3,77,100,0,1,0
1492-2,87,arrieros,208,167,3,76,106,0,1,0
1492-2,88,arrieros,208,169,3,77,128,0,1,0
1492-2,89,arrieros,209,171,3,76,124,0,1,0
1492-2,90,arrieros,213,175,3,77,121,0,1,0
1492-2,91,arrieros,213,175,3,76,118,0,1,0
1492-2,92,arrieros,216,179,3,77,116,0,1,0
1492-2,93,arrieros,216,179,3,76,113,0,1,0
1492-2,94,arrieros,216,179,3,80,110,0,1,0
1492-2,95,arrieros,216,179,3,82,89,0,1,0
1492-2,96,arrieros,216,179,3,75,70,0,1,0
1492-2,97,arrieros,216,179,3,77,51,0,1,0
1492-2,98,arrieros,216,179,3,73,32,0,1,0
1492-2,99,arrieros,216,179,3,65,14,0,1,0
1492-2,100,arrieros,215,179,3,76,1,1,1,0
1492-2,101,arrieros,214,179,3,67,0,1,1,0
1492-2,102,arrieros,213,175,3,89,1,1,1,0
1492-2,103,arrieros,213,175,3,75,0,0,1,0
1492-2,104,arrieros,212,175,3,85,3,1,1,0
1492-2,105,arrieros,212,175,3,81,3,0,1,0
1492-2,106,arrieros,212,175,3,84,4,0,1,0
1492-2,107,arrieros,213,181,3,84,43,0,1,0
1492-2,108,arrieros,214,185,3,83,79,0,1,0
1492-2,109,arrieros,214,189,3,83,113,0,1,0
1492-2,110,arrieros,215,193,3,88,129,0,1,0
1492-2,111,arrieros,216,197,3,90,159,0,1,0
1492-2,112,arrieros,217,201,3,88,188,0,1,0
1492-2,113,arrieros,218,205,3,90,186,0,1,0
1492-2,114,arrieros,221,205,3,78,183,0,1,0
1492-2,115,arrieros,221,208,3,90,178,0,1,0
1492-2,116,arrieros,221,209,3,86,181,0,1,0
1492-2,117,arrieros,224,209,3,92,185,0,1,0
1492-2,118,arrieros,224,209,3,91,188,0,1,0
1492-2,119,arrieros,224,209,3,94,168,0,1,0
1492-2,120,arrieros,224,209,3,85,148,0,1,0
1492-2,121,arrieros,224,209,3,89,129,0,1,0
1492-2,122,arrieros,224,209,3,83,110,0,1,0
1492-2,123,arrieros,224,209,3,84,93,0,1,0
1492-2,124,arrieros,224,209,3,85,75,0,1,0
1492-2,125,arrieros,224,209,3,72,70,0,1,0
1492-2,126,arrieros,224,209,3,91,63,0,1,0
1492-2,127,arrieros,224,209,3,84,63,0,1,0
1492-2,128,arrieros,224,209,3,63,27,0,1,0
1492-2,129,arrieros,224,209,3,92,29,0,1,0
1492-2,130,arrieros,254,259,4,81,29,0,1,0
1492-2,131,arrieros,255,261,4,91,74,0,1,0
1492-2,132,arrieros,255,263,4,87,115,0,1,0
1492-2,133,arrieros,256,265,4,90,153,0,1,0
1492-2,134,arrieros,256,267,4,89,174,0,1,0
1492-2,135,arrieros,256,269,4,89,211,0,1,0
1492-2,136,arrieros,256,269,4,90,245,0,1,0
1492-2,137,arrieros,256,269,4,90,240,0,1,0
1492-2,138,arrieros,256,269,4,91,235,0,1,0
1492-2,139,arrieros,259,269,4,91,230,0,1,0
1492-2,140,arrieros,259,269,4,88,225,0,1,0
1492-2,141,arrieros,262,269,4,88,220,0,1,0
1492-2,142,arrieros,262,269,4,75,216,0,1,0
1492-2,143,arrieros,262,269,4,85,183,0,1,0
1492-2,144,arrieros,262,269,4,75,149,0,1,0
1492-2,145,arrieros,262,269,4,78,123,0,1,0
1492-2,146,arrieros,262,269,4,75,97,0,1,0
1492-2,147,arrieros,262,269,4,75,74,0,1,0
1492-2,148,arrieros,262,269,4,75,50,0,1,0
1492-2,149,arrieros,262,269,4,75,42,0,1,0
1492-2,150,arrieros,262,269,4,87,34,0,1,0
1492-2,151,arrieros,262,269,4,87,26,0,1,0
1492-2,152,arrieros,262,269,4,91,20,0,1,0
1492-2,153,arrieros,262,269,4,91,14,0,1,0
1492-2,154,arrieros,262,269,4,92,9,0,1,0
1492-2,155,arrieros,262,269,4,92,63,0,1,0
1492-2,156,arrieros,262,269,4,83,115,0,1,0
1492-2,157,arrieros,262,269,4,93,163,0,1,0
1492-2,158,arrieros,262,269,4,91,206,0,1,0
1492-2,159,arrieros,262,269,4,64,226,0,1,0
1492-2,160,arrieros,262,269,4,96,284,0,1,0
1492-2,161,arrieros,294,329,5,80,289,0,1,0
1492-2,162,arrieros,294,329,5,96,284,0,1,0
1492-2,163,arrieros,297,329,5,94,275,0,1,0
1492-2,164,arrieros,297,329,5,95,270,0,1,0
1492-2,165,arrieros,297,329,5,101,265,0,1,0
1492-2,166,arrieros,297,329,5,102,260,0,1,0
1492-2,167,arrieros,297,329,5,100,222,0,1,0
1492-2,168,arrieros,297,329,5,95,186,0,1,0
1492-2,169,arrieros,297,329,5,93,151,0,1,0
1492-2,170,arrieros,297,329,5,85,111,0,1,0
1492-2,171,arrieros,297,329,5,93,76,0,1,0
1492-2,172,arrieros,297,329,5,87,42,0,1,0
1492-2,173,arrieros,297,329,5,92,36,0,1,0
1492-2,174,arrieros,297,329,5,97,29,0,1,0
1492-2,175,arrieros,297,329,5,99,24,0,1,0
1492-2,176,arrieros,297,329,5,97,20,0,1,0
1492-2,177,arrieros,297,329,5,99,16,0,1,0
1492-2,178,arrieros,297,329,5,97,12,0,1,0
1492-2,179,arrieros,297,329,5,89,82,0,1,0
1492-2,180,arrieros,297,329,5,96,149,0,1,0
1492-2,181,arrieros,297,329,5,132,232,0,1,0
1492-2,182,arrieros,297,329,5,86,258,0,1,0
1492-2,183,arrieros,297,329,5,127,337,0,1,0
1492-2,184,arrieros,333,409,6,116,407,0,1,0
1492-2,185,arrieros,333,409,6,136,401,0,1,0
1492-2,186,arrieros,333,409,6,136,393,0,1,0
1492-2,187,arrieros,336,409,6,142,388,0,1,0
1492-2,188,arrieros,336,409,6,144,383,0,1,0
1492-2,189,arrieros,336,409,6,145,379,0,1,0
1492-2,190,arrieros,336,409,6,144,376,0,1,0
1492-2,191,arrieros,336,409,6,134,331,0,1,0
1492-2,192,arrieros,336,409,6,135,286,0,1,0
1492-2,193,arrieros,336,409,6,135,240,0,1,0
1492-2,194,arrieros,336,409,6,136,200,0,1,0
1492-2,195,arrieros,336,409,6,106,129,0,1,0
1492-2,196,arrieros,336,409,6,133,100,0,1,0
1492-2,197,arrieros,365,454,7,115,90,0,1,0
1492-2,198,arrieros,365,454,7,135,71,0,1,0
1492-2,199,arrieros,365,454,7,129,62,0,1,0
1492-2,200,arrieros,365,454,7,137,55,0,1,0
1492-2,1,canteros,46,116,1,45,50,0,1,0
1492-2,2,canteros,46,116,1,32,30,0,1,0
1492-2,3,canteros,46,116,1,24,9,0,1,0
1492-2,4,canteros,45,116,1,31,0,1,1,1
1492-2,5,canteros,44,116,1,46,0,1,1,0
1492-2,6,canteros,42,113,1,72,0,1,1,1
1492-2,7,canteros,41,110,1,86,0,1,1,0
1492-2,8,canteros,39,107,1,89,1,1,1,0
1492-2,9,canteros,37,104,1,94,2,1,1,0
1492-2,10,canteros,36,101,1,94,3,1,1,0
1492-2,11,canteros,36,101,1,99,9,0,1,0
1492-2,12,canteros,36,101,1,99,15,0,1,0
1492-2,13,canteros,36,101,1,97,22,0,1,0
1492-2,14,canteros,36,101,1,97,28,0,1,0
1492-2,15,canteros,36,101,1,95,34,0,1,0
1492-2,16,canteros,36,101,1,94,40,0,1,0
1492-2,17,canteros,36,101,1,100,35,0,1,0
1492-2,18,canteros,36,101,1,99,30,0,1,0
1492-2,19,canteros,36,101,1,97,27,0,1,0
1492-2,20,canteros,36,101,1,98,24,0,1,0
1492-2,21,canteros,36,101,1,96,21,0,1,0
1492-2,22,canteros,36,101,1,97,20,0,1,0
1492-2,23,canteros,36,101,1,94,11,0,1,0
1492-2,24,canteros,35,101,1,85,4,1,1,0
1492-2,25,canteros,34,101,1,89,3,1,1,0
1492-2,26,canteros,32,98,1,83,2,1,1,0
1492-2,27,canteros,31,96,1,83,3,1,1,0
1492-2,28,canteros,29,94,1,84,2,1,1,0
1492-2,29,canteros,28,92,1,84,2,1,1,0
1492-2,30,canteros,27,90,1,79,2,1,1,0
1492-2,31,canteros,25,88,1,79,2,1,1,0
1492-2,32,canteros,24,86,1,77,2,1,1,0
1492-2,33,canteros,22,84,1,77,2,1,1,0
1492-2,34,canteros,21,82,1,78,1,1,1,0
1492-2,35,canteros,21,82,1,18,1,0,1,0
1492-2,36,canteros,20,82,1,34,2,1,1,0
1492-2,37,canteros,19,82,1,44,0,1,1,1
1492-2,38,canteros,19,82,1,50,2,0,1,1
1492-2,39,canteros,19,82,1,60,4,0,1,1
1492-2,40,canteros,19,82,1,70,6,0,1,1
1492-2,41,canteros,19,82,1,70,2,0,1,0
1492-2,42,canteros,18,82,1,72,1,1,1,0
1492-2,43,canteros,17,82,1,76,1,1,1,0
1492-2,44,canteros,16,80,1,73,1,1,1,0
1492-2,45,canteros,14,78,1,77,1,1,1,0
1492-2,46,canteros,13,76,1,68,1,1,1,0
1492-2,47,canteros,11,74,1,85,1,1,1,0
1492-2,48,canteros,10,72,1,69,0,1,1,0
1492-2,49,canteros,9,70,1,83,2,1,1,0
1492-2,50,canteros,7,68,1,69,0,1,1,0
1492-2,51,canteros,6,66,1,89,2,1,1,0
1492-2,52,canteros,5,65,1,69,0,1,1,0
1492-2,53,canteros,3,64,1,88,3,1,1,0
1492-2,54,canteros,2,63,1,69,0,1,1,0
1492-2,55,canteros,1,62,1,87,3,1,1,0
1492-2,56,canteros,0,61,1,69,0,1,1,0
1492-2,57,canteros,-1,60,1,85,6,1,1,0
1492-2,58,canteros,-3,59,1,69,0,1,1,0
1492-2,59,canteros,-3,59,1,85,8,0,1,0
1492-2,60,canteros,-3,59,1,63,11,0,1,0
1492-2,61,canteros,-3,59,1,79,24,0,1,0
1492-2,62,canteros,-2,60,1,68,31,0,1,0
1492-2,63,canteros,-2,60,1,82,41,0,1,0
1492-2,64,canteros,-2,60,1,65,50,0,1,0
1492-2,65,canteros,-3,58,1,62,44,0,1,0
1492-2,66,canteros,-3,56,1,50,35,0,1,0
1492-2,67,canteros,-3,58,1,58,38,0,1,1
1492-2,68,canteros,-2,60,1,62,41,0,1,1
1492-2,69,canteros,-2,60,1,71,43,0,1,1
1492-2,70,canteros,-2,60,1,69,45,0,1,0
1492-2,71,canteros,-2,60,1,77,41,0,1,0
1492-2,72,canteros,-2,60,1,69,35,0,1,0
1492-2,73,canteros,-2,60,1,85,32,0,1,0
1492-2,74,canteros,-2,60,1,69,26,0,1,0
1492-2,75,canteros,-2,60,1,82,26,0,1,0
1492-2,76,canteros,-2,60,1,69,21,0,1,0
1492-2,77,canteros,-2,60,1,87,24,0,1,0
1492-2,78,canteros,-2,60,1,69,23,0,1,0
1492-2,79,canteros,-2,60,1,89,28,0,1,0
1492-2,80,canteros,-2,60,1,73,26,0,1,0
1492-2,81,canteros,-2,60,1,77,30,0,1,0
1492-2,82,canteros,-2,60,1,79,30,0,1,0
1492-2,83,canteros,-2,60,1,80,47,0,1,0
1492-2,84,canteros,-2,60,1,78,64,0,1,0
1492-2,85,canteros,-2,60,1,77,50,0,1,0
1492-2,86,canteros,-2,60,1,79,67,0,1,0
1492-2,87,canteros,-2,60,1,81,82,0,1,0
1492-2,88,canteros,223,63,1,76,98,0,1,0
1492-2,89,canteros,237,66,1,97,103,0,1,0
1492-2,90,canteros,237,69,1,110,101,0,1,0
1492-2,91,canteros,241,72,1,73,98,0,1,0
1492-2,92,canteros,242,75,1,89,106,0,1,0
1492-2,93,canteros,242,75,1,80,104,0,1,0
1492-2,94,canteros,242,75,1,83,106,0,1,0
1492-2,95,canteros,245,75,1,80,99,0,1,0
1492-2,96,canteros,245,75,1,75,93,0,1,0
1492-2,97,canteros,245,75,1,77,86,0,1,0
1492-2,98,canteros,245,75,1,75,78,0,1,0
1492-2,99,canteros,248,75,1,77,71,0,1,0
1492-2,100,canteros,248,75,1,75,64,0,1,0
1492-2,101,canteros,248,75,1,76,61,0,1,0
1492-2,102,canteros,248,75,1,79,58,0,1,0
1492-2,103,canteros,251,75,1,80,55,0,1,0
1492-2,104,canteros,251,75,1,80,53,0,1,0
1492-2,105,canteros,251,75,1,81,52,0,1,0
1492-2,106,canteros,251,75,1,81,51,0,1,0
1492-2,107,canteros,254,78,1,82,63,0,1,0
1492-2,108,canteros,255,80,1,81,74,0,1,0
1492-2,109,canteros,255,80,1,84,83,0,1,0
1492-2,110,canteros,255,80,1,83,92,0,1,0
1492-2,111,canteros,258,80,1,85,101,0,1,0
1492-2,112,canteros,258,80,1,84,110,0,1,0
1492-2,113,canteros,258,80,1,86,109,0,1,0
1492-2,114,canteros,261,80,1,84,108,0,1,0
1492-2,115,canteros,261,80,1,86,107,0,1,0
1492-2,116,canteros,264,80,1,84,106,0,1,0
1492-2,117,canteros,264,80,1,85,105,0,1,0
1492-2,118,canteros,264,80,1,83,104,0,1,0
1492-2,119,canteros,264,80,1,84,96,0,1,0
1492-2,120,canteros,264,80,1,76,88,0,1,0
1492-2,121,canteros,264,80,1,79,80,0,1,0
1492-2,122,canteros,264,80,1,77,71,0,1,0
1492-2,123,canteros,264,80,1,77,55,0,1,0
1492-2,124,canteros,264,80,1,78,47,0,1,0
1492-2,125,canteros,264,80,1,77,43,0,1,0
1492-2,126,canteros,267,80,1,81,40,0,1,0
1492-2,127,canteros,267,80,1,83,36,0,1,0
1492-2,128,canteros,267,80,1,84,33,0,1,0
1492-2,129,canteros,267,80,1,83,31,0,1,0
1492-2,130,canteros,267,80,1,83,29,0,1,0
1492-2,131,canteros,267,80,1,82,41,0,1,0
1492-2,132,canteros,267,80,1,82,53,0,1,0
1492-2,133,canteros,267,80,1,86,63,0,1,0
1492-2,134,canteros,267,80,1,86,73,0,1,0
1492-2,135,canteros,267,80,1,87,83,0,1,0
1492-2,136,canteros,267,80,1,86,93,0,1,0
1492-2,137,canteros,267,80,1,84,94,0,1,0
1492-2,138,canteros,267,80,1,86,94,0,1,0
1492-2,139,canteros,267,80,1,83,94,0,1,0
1492-2,140,canteros,267,80,1,85,94,0,1,0
1492-2,141,canteros,267,80,1,82,94,0,1,0
1492-2,142,canteros,267,80,1,84,94,0,1,0
1492-2,143,canteros,267,80,1,86,85,0,1,0
1492-2,144,canteros,267,80,1,79,77,0,1,0
1492-2,145,canteros,267,80,1,81,70,0,1,0
1492-2,146,canteros,267,80,1,76,62,0,1,0
1492-2,147,canteros,267,80,1,78,54,0,1,0
1492-2,148,canteros,267,80,1,76,46,0,1,0
1492-2,149,canteros,267,80,1,75,43,0,1,0
1492-2,150,canteros,267,80,1,82,39,0,1,0
1492-2,151,canteros,267,80,1,81,35,0,1,0
1492-2,152,canteros,267,80,1,85,32,0,1,0
1492-2,153,canteros,267,80,1,83,29,0,1,0
1492-2,154,canteros,267,80,1,84,28,0,1,0
1492-2,155,canteros,267,80,1,84,40,0,1,0
1492-2,156,canteros,267,80,1,85,52,0,1,0
1492-2,157,canteros,267,80,1,85,63,0,1,0
1492-2,158,canteros,267,80,1,85,74,0,1,0
1492-2,159,canteros,267,80,1,85,84,0,1,0
1492-2,160,canteros,267,80,1,85,94,0,1,0
1492-2,161,canteros,267,80,1,84,94,0,1,0
1492-2,162,canteros,267,80,1,84,94,0,1,0
1492-2,163,canteros,267,80,1,83,94,0,1,0
1492-2,164,canteros,267,80,1,83,94,0,1,0
1492-2,165,canteros,267,80,1,84,94,0,1,0
1492-2,166,canteros,267,80,1,84,94,0,1,0
1492-2,167,canteros,267,80,1,85,86,0,1,0
1492-2,168,canteros,267,80,1,78,78,0,1,0
1492-2,169,canteros,267,80,1,79,71,0,1,0
1492-2,170,canteros,267,80,1,75,63,0,1,0
1492-2,171,canteros,267,80,1,76,55,0,1,0
1492-2,172,canteros,267,80,1,75,47,0,1,0
1492-2,173,canteros,267,80,1,76,43,0,1,0
1492-2,174,canteros,267,80,1,81,39,0,1,0
1492-2,175,canteros,267,80,1,82,35,0,1,0
1492-2,176,canteros,267,80,1,83,32,0,1,0
1492-2,177,canteros,267,80,1,84,29,0,1,0
1492-2,178,canteros,267,80,1,84,28,0,1,0
1492-2,179,canteros,267,80,1,85,40,0,1,0
1492-2,180,canteros,267,80,1,85,52,0,1,0
1492-2,181,canteros,267,80,1,85,63,0,1,0
1492-2,182,canteros,267,80,1,85,74,0,1,0
1492-2,183,canteros,267,80,1,85,84,0,1,0
1492-2,184,canteros,267,80,1,84,94,0,1,0
1492-2,185,canteros,267,80,1,84,94,0,1,0
1492-2,186,canteros,267,80,1,83,94,0,1,0
1492-2,187,canteros,267,80,1,83,94,0,1,0
1492-2,188,canteros,267,80,1,84,94,0,1,0
1492-2,189,canteros,267,80,1,84,94,0,1,0
1492-2,190,canteros,267,80,1,85,94,0,1,0
1492-2,191,canteros,267,80,1,84,86,0,1,0
1492-2,192,canteros,267,80,1,79,78,0,1,0
1492-2,193,canteros,267,80,1,78,71,0,1,0
1492-2,194,canteros,267,80,1,76,63,0,1,0
1492-2,195,canteros,267,80,1,75,55,0,1,0
1492-2,196,canteros,267,80,1,76,47,0,1,0
1492-2,197,canteros,267,80,1,75,43,0,1,0
1492-2,198,canteros,267,80,1,82,39,0,1,0
1492-2,199,canteros,267,80,1,81,35,0,1,0
1492-2,200,canteros,267,80,1,84,32,0,1,0
1492-2,1,ferrones,40,86,1,39,53,0,1,0
1492-2,2,ferrones,40,86,1,23,36,0,1,0
1492-2,3,ferrones,40,86,1,27,18,0,1,1
1492-2,4,ferrones,40,86,1,31,0,0,1,1
1492-2,5,ferrones,39,86,1,35,0,1,1,1
1492-2,6,ferrones,38,86,1,47,0,1,1,0
1492-2,7,ferrones,36,84,1,67,0,1,1,0
1492-2,8,ferrones,35,82,1,87,0,1,1,1
1492-2,9,ferrones,34,80,1,80,0,1,1,0
1492-2,10,ferrones,32,78,1,91,2,1,1,0
1492-2,11,ferrones,32,78,1,71,2,0,1,0
1492-2,12,ferrones,31,78,1,90,3,1,1,0
1492-2,13,ferrones,31,78,1,85,2,0,1,0
1492-2,14,ferrones,31,78,1,96,2,0,1,0
1492-2,15,ferrones,31,78,1,94,1,0,1,0
1492-2,16,ferrones,30,78,1,98,2,1,1,0
1492-2,17,ferrones,29,78,1,100,2,1,1,0
1492-2,18,ferrones,28,76,1,100,2,1,1,0
1492-2,19,ferrones,26,74,1,102,2,1,1,0
1492-2,20,ferrones,25,72,1,93,2,1,1,0
1492-2,21,ferrones,24,70,1,92,3,1,1,0
1492-2,22,ferrones,22,68,1,90,2,1,1,0
1492-2,23,ferrones,21,66,1,89,2,1,1,0
1492-2,24,ferrones,20,65,1,87,2,1,1,0
1492-2,25,ferrones,18,64,1,86,2,1,1,0
1492-2,26,ferrones,17,63,1,84,2,1,1,0
1492-2,27,ferrones,16,62,1,86,1,1,1,0
1492-2,28,ferrones,15,61,1,84,1,1,1,0
1492-2,29,ferrones,14,60,1,86,1,1,1,0
1492-2,30,ferrones,12,59,1,88,1,1,1,0
1492-2,31,ferrones,11,58,1,85,1,1,1,0
1492-2,32,ferrones,10,57,1,84,2,1,1,0
1492-2,33,ferrones,9,56,1,84,1,1,1,0
1492-2,34,ferrones,8,55,1,83,1,1,1,0
1492-2,35,ferrones,6,54,1,83,1,1,1,0
1492-2,36,ferrones,5,53,1,82,1,1,1,0
1492-2,37,ferrones,4,52,1,82,1,1,1,0
1492-2,38,ferrones,3,51,1,81,1,1,1,0
1492-2,39,ferrones,3,51,1,66,1,0,1,0
1492-2,40,ferrones,2,51,1,103,1,1,1,0
1492-2,41,ferrones,1,51,1,68,0,1,1,0
1492-2,42,ferrones,0,50,1,100,3,1,1,0
1492-2,43,ferrones,-2,49,1,85,0,1,1,0
1492-2,44,ferrones,-3,48,1,91,2,1,1,0
1492-2,45,ferrones,-4,47,1,83,1,1,1,0
1492-2,46,ferrones,-5,46,1,103,2,1,1,0
1492-2,47,ferrones,-6,45,1,81,1,1,1,0
1492-2,48,ferrones,-8,44,1,91,3,1,1,0
1492-2,49,ferrones,-9,43,1,96,1,1,1,0
1492-2,50,ferrones,-10,42,1,86,2,1,1,0
1492-2,51,ferrones,-11,41,1,87,2,1,1,0
1492-2,52,ferrones,-12,40,1,101,1,1,1,0
1492-2,53,ferrones,-14,39,1,82,2,1,1,0
1492-2,54,ferrones,-15,38,1,94,2,1,1,0
1492-2,55,ferrones,-16,37,1,97,1,1,1,0
1492-2,56,ferrones,-17,36,1,89,2,1,1,0
1492-2,57,ferrones,-18,35,1,88,2,1,1,0
1492-2,58,ferrones,-20,34,1,84,2,1,1,0
1492-2,59,ferrones,-20,34,1,83,5,0,1,0
1492-2,60,ferrones,-20,34,1,82,7,0,1,0
1492-2,61,ferrones,-20,34,1,81,9,0,1,0
1492-2,62,ferrones,-20,34,1,80,14,0,1,0
1492-2,63,ferrones,-20,34,1,79,19,0,1,0
1492-2,64,ferrones,-20,34,1,95,24,0,1,0
1492-2,65,ferrones,-20,34,1,77,24,0,1,0
1492-2,66,ferrones,-20,34,1,89,26,0,1,0
1492-2,67,ferrones,-20,34,1,80,27,0,1,0
1492-2,68,ferrones,-19,35,1,86,30,0,1,0
1492-2,69,ferrones,-19,36,1,97,32,0,1,0
1492-2,70,ferrones,-19,37,1,86,34,0,1,0
1492-2,71,ferrones,-19,37,1,91,34,0,1,0
1492-2,72,ferrones,-19,37,1,103,32,0,1,0
1492-2,73,ferrones,-19,37,1,88,31,0,1,0
1492-2,74,ferrones,-19,37,1,81,31,0,1,0
1492-2,75,ferrones,-19,37,1,102,31,0,1,0
1492-2,76,ferrones,-19,37,1,81,29,0,1,0
1492-2,77,ferrones,-19,37,1,80,31,0,1,0
1492-2,78,ferrones,-19,37,1,101,32,0,1,0
1492-2,79,ferrones,-19,37,1,83,32,0,1,0
1492-2,80,ferrones,-19,37,1,98,34,0,1,0
1492-2,81,ferrones,-19,37,1,103,34,0,1,0
1492-2,82,ferrones,-19,37,1,94,36,0,1,0
1492-2,83,ferrones,-19,38,1,84,47,0,1,0
1492-2,84,ferrones,-19,39,1,110,57,0,1,0
1492-2,85,ferrones,-18,40,1,86,66,0,1,0
1492-2,86,ferrones,-19,37,1,69,68,0,1,0
1492-2,87,ferrones,-19,38,1,106,49,0,1,0
1492-2,88,ferrones,-19,39,1,69,56,0,1,0
1492-2,89,ferrones,-18,40,1,93,61,0,1,0
1492-2,90,ferrones,-6,37,1,67,51,0,1,0
1492-2,91,ferrones,-6,38,1,94,51,0,1,0
1492-2,92,ferrones,-3,39,1,69,56,0,1,0
1492-2,93,ferrones,-2,40,1,119,59,0,1,0
1492-2,94,ferrones,-3,37,1,50,49,0,1,0
1492-2,95,ferrones,-3,37,1,83,51,0,1,0
1492-2,96,ferrones,0,37,1,84,48,0,1,0
1492-2,97,ferrones,0,37,1,83,46,0,1,0
1492-2,98,ferrones,0,37,1,84,44,0,1,0
1492-2,99,ferrones,3,37,1,100,42,0,1,0
1492-2,100,ferrones,3,37,1,84,40,0,1,0
1492-2,101,ferrones,3,37,1,94,42,0,1,0
1492-2,102,ferrones,3,37,1,103,42,0,1,0
1492-2,103,ferrones,6,37,1,93,43,0,1,0
1492-2,104,ferrones,6,37,1,83,45,0,1,0
1492-2,105,ferrones,6,37,1,109,47,0,1,0
1492-2,106,ferrones,9,37,1,86,47,0,1,0
1492-2,107,ferrones,9,38,1,88,58,0,1,0
1492-2,108,ferrones,9,39,1,106,67,0,1,0
1492-2,109,ferrones,10,40,1,88,76,0,1,0
1492-2,110,ferrones,25,42,1,87,82,0,1,0
1492-2,111,ferrones,25,44,1,100,94,0,1,0
1492-2,112,ferrones,26,46,1,82,104,0,1,0
1492-2,113,ferrones,26,48,1,95,101,0,1,0
1492-2,114,ferrones,30,50,1,94,103,0,1,0
1492-2,115,ferrones,30,50,1,92,99,0,1,0
1492-2,116,ferrones,30,52,1,91,101,0,1,0
1492-2,117,ferrones,33,52,1,106,96,0,1,0
1492-2,118,ferrones,33,54,1,88,97,0,1,0
1492-2,119,ferrones,33,54,1,88,88,0,1,0
1492-2,120,ferrones,33,54,1,98,85,0,1,0
1492-2,121,ferrones,33,54,1,81,82,0,1,0
1492-2,122,ferrones,33,54,1,91,73,0,1,0
1492-2,123,ferrones,33,54,1,99,73,0,1,0
1492-2,124,ferrones,33,54,1,89,68,0,1,0
1492-2,125,ferrones,33,54,1,94,66,0,1,0
1492-2,126,ferrones,33,54,1,108,63,0,1,0
1492-2,127,ferrones,33,54,1,96,60,0,1,0
1492-2,128,ferrones,33,54,1,88,59,0,1,0
1492-2,129,ferrones,33,54,1,112,57,0,1,0
1492-2,130,ferrones,33,54,1,90,54,0,1,0
1492-2,131,ferrones,34,56,1,92,63,0,1,0
1492-2,132,ferrones,34,58,1,109,75,0,1,0
1492-2,133,ferrones,35,60,1,95,80,0,1,0
1492-2,134,ferrones,35,60,1,92,86,0,1,0
1492-2,135,ferrones,35,60,1,116,90,0,1,0
1492-2,136,ferrones,35,60,1,96,94,0,1,0
1492-2,137,ferrones,35,60,1,99,88,0,1,0
1492-2,138,ferrones,35,60,1,111,88,0,1,0
1492-2,139,ferrones,35,60,1,99,92,0,1,0
1492-2,140,ferrones,35,60,1,93,91,0,1,0
1492-2,141,ferrones,35,60,1,114,85,0,1,0
1492-2,142,ferrones,35,60,1,91,85,0,1,0
1492-2,143,ferrones,35,60,1,93,80,0,1,0
1492-2,144,ferrones,35,60,1,107,78,0,1,0
1492-2,145,ferrones,35,60,1,92,71,0,1,0
1492-2,146,ferrones,35,60,1,84,66,0,1,0
1492-2,147,ferrones,35,60,1,108,59,0,1,0
1492-2,148,ferrones,35,60,1,86,51,0,1,0
1492-2,149,ferrones,35,60,1,85,50,0,1,0
1492-2,150,ferrones,35,60,1,110,46,0,1,0
1492-2,151,ferrones,35,60,1,92,41,0,1,0
1492-2,152,ferrones,35,60,1,93,39,0,1,0
1492-2,153,ferrones,35,60,1,113,36,0,1,0
1492-2,154,ferrones,35,60,1,96,32,0,1,0
1492-2,155,ferrones,35,60,1,95,40,0,1,0
1492-2,156,ferrones,35,60,1,113,48,0,1,0
1492-2,157,ferrones,35,60,1,98,53,0,1,0
1492-2,158,ferrones,35,60,1,95,60,0,1,0
1492-2,159,ferrones,35,60,1,115,66,0,1,0
1492-2,160,ferrones,35,60,1,98,71,0,1,0
1492-2,161,ferrones,35,60,1,93,72,0,1,0
1492-2,162,ferrones,35,60,1,116,76,0,1,0
1492-2,163,ferrones,35,60,1,97,74,0,1,0
1492-2,164,ferrones,35,60,1,96,75,0,1,0
1492-2,165,ferrones,35,60,1,114,74,0,1,0
1492-2,166,ferrones,35,60,1,96,73,0,1,0
1492-2,167,ferrones,35,60,1,93,69,0,1,0
1492-2,168,ferrones,35,60,1,109,69,0,1,0
1492-2,169,ferrones,35,60,1,92,62,0,1,0
1492-2,170,ferrones,35,60,1,86,57,0,1,0
1492-2,171,ferrones,35,60,1,108,52,0,1,0
1492-2,172,ferrones,35,60,1,88,45,0,1,0
1492-2,173,ferrones,35,60,1,85,43,0,1,0
1492-2,174,ferrones,35,60,1,108,40,0,1,0
1492-2,175,ferrones,35,60,1,92,35,0,1,0
1492-2,176,ferrones,35,60,1,91,33,0,1,0
1492-2,177,ferrones,35,60,1,113,30,0,1,0
1492-2,178,ferrones,35,60,1,95,27,0,1,0
1492-2,179,ferrones,35,60,1,95,35,0,1,0
1492-2,180,ferrones,35,60,1,115,42,0,1,0
1492-2,181,ferrones,35,60,1,98,48,0,1,0
1492-2,182,ferrones,35,60,1,93,56,0,1,0
1492-2,183,ferrones,35,60,1,115,62,0,1,0
1492-2,184,ferrones,35,60,1,96,67,0,1,0
1492-2,185,ferrones,35,60,1,93,68,0,1,0
1492-2,186,ferrones,35,60,1,112,73,0,1,0
1492-2,187,ferrones,35,60,1,97,71,0,1,0
1492-2,188,ferrones,35,60,1,95,71,0,1,0
1492-2,189,ferrones,35,60,1,115,70,0,1,0
1492-2,190,ferrones,35,60,1,98,68,0,1,0
1492-2,191,ferrones,35,60,1,94,64,0,1,0
1492-2,192,ferrones,35,60,1,111,64,0,1,0
1492-2,193,ferrones,35,60,1,93,57,0,1,0
1492-2,194,ferrones,35,60,1,89,53,0,1,0
1492-2,195,ferrones,35,60,1,109,48,0,1,0
1492-2,196,ferrones,35,60,1,88,42,0,1,0
1492-2,197,ferrones,35,60,1,86,40,0,1,0
1492-2,198,ferrones,35,60,1,108,37,0,1,0
1492-2,199,ferrones,35,60,1,92,32,0,1,0
1492-2,200,ferrones,35,60,1,89,30,0,1,0
1492-2,1,hortelanos,38,76,1,37,63,0,1,0
1492-2,2,hortelanos,37,72,1,10,46,0,1,0
1492-2,3,hortelanos,37,72,1,13,38,0,1,0
1492-2,4,hortelanos,37,72,1,1,43,0,1,1
1492-2,5,hortelanos,37,72,1,4,50,0,1,1
1492-2,6,hortelanos,37,72,1,14,64,0,1,1
1492-2,7,hortelanos,37,72,1,24,90,0,1,1
1492-2,8,hortelanos,36,68,1,14,73,0,1,0
1492-2,9,hortelanos,49,68,1,22,99,0,1,1
1492-2,10,hortelanos,49,68,1,30,124,0,1,0
1492-2,11,hortelanos,67,68,1,38,148,0,1,1
1492-2,12,hortelanos,67,68,1,46,171,0,1,0
1492-2,13,hortelanos,67,68,1,54,193,0,1,1
1492-2,14,hortelanos,67,68,1,62,215,0,1,1
1492-2,15,hortelanos,70,68,1,70,236,0,1,1
1492-2,16,hortelanos,70,68,1,78,256,0,1,0
1492-2,17,hortelanos,70,68,1,86,275,0,1,1
1492-2,18,hortelanos,73,68,1,94,261,0,1,0
1492-2,19,hortelanos,73,68,1,102,280,0,1,0
1492-2,20,hortelanos,73,68,1,110,298,0,1,0
1492-2,21,hortelanos,76,68,1,68,315,0,1,0
1492-2,22,hortelanos,76,68,1,76,327,0,1,0
1492-2,23,hortelanos,76,68,1,84,343,0,1,1
1492-2,24,hortelanos,76,68,1,86,359,0,1,1
1492-2,25,hortelanos,76,68,1,88,374,0,1,1
1492-2,26,hortelanos,79,68,1,90,388,0,1,1
1492-2,27,hortelanos,79,68,1,92,402,0,1,0
1492-2,28,hortelanos,82,68,1,94,415,0,1,1
1492-2,29,hortelanos,82,68,1,96,428,0,1,0
1492-2,30,hortelanos,82,68,1,104,440,0,1,1
1492-2,31,hortelanos,82,68,1,112,452,0,1,1
1492-2,32,hortelanos,85,68,1,70,463,0,1,0
1492-2,33,hortelanos,85,68,1,78,474,0,1,0
1492-2,34,hortelanos,88,68,1,86,484,0,1,1
1492-2,35,hortelanos,88,68,1,94,494,0,1,0
1492-2,36,hortelanos,88,68,1,102,504,0,1,1
1492-2,37,hortelanos,88,68,1,110,513,0,1,1
1492-2,38,hortelanos,88,68,1,68,522,0,1,0
1492-2,39,hortelanos,88,68,1,76,530,0,1,1
1492-2,40,hortelanos,91,68,1,84,538,0,1,1
1492-2,41,hortelanos,91,68,1,92,546,0,1,0
1492-2,42,hortelanos,91,68,1,100,553,0,1,1
1492-2,43,hortelanos,91,68,1,78,522,0,1,0
1492-2,44,hortelanos,94,68,1,86,530,0,1,1
1492-2,45,hortelanos,148,138,2,94,538,0,1,0
1492-2,46,hortelanos,148,138,2,94,509,0,1,0
1492-2,47,hortelanos,148,138,2,94,500,0,1,0
1492-2,48,hortelanos,148,138,2,103,489,0,1,0
1492-2,49,hortelanos,148,138,2,112,491,0,1,0
1492-2,50,hortelanos,148,138,2,71,505,0,1,0
1492-2,51,hortelanos,148,138,2,80,519,0,1,1
1492-2,52,hortelanos,148,138,2,89,524,0,1,0
1492-2,53,hortelanos,148,138,2,98,537,0,1,1
1492-2,54,hortelanos,148,138,2,113,550,0,1,1
1492-2,55,hortelanos,148,138,2,78,562,0,1,0
1492-2,56,hortelanos,148,138,2,93,574,0,1,1
1492-2,57,hortelanos,148,138,2,108,585,0,1,1
1492-2,58,hortelanos,148,138,2,123,596,0,1,1
1492-2,59,hortelanos,148,138,2,88,606,0,1,0
1492-2,60,hortelanos,148,138,2,103,616,0,1,1
1492-2,61,hortelanos,148,138,2,118,625,0,1,1
1492-2,62,hortelanos,148,138,2,133,634,0,1,0
1492-2,63,hortelanos,148,138,2,98,643,0,1,1
1492-2,64,hortelanos,148,138,2,113,651,0,1,1
1492-2,65,hortelanos,148,138,2,128,659,0,1,0
1492-2,66,hortelanos,148,138,2,143,667,0,1,1
1492-2,67,hortelanos,148,138,2,108,674,0,1,1
1492-2,68,hortelanos,148,138,2,123,681,0,1,1
1492-2,69,hortelanos,148,138,2,138,688,0,1,0
1492-2,70,hortelanos,148,138,2,153,695,0,1,1
1492-2,71,hortelanos,148,138,2,118,701,0,1,1
1492-2,72,hortelanos,148,138,2,97,669,0,1,0
1492-2,73,hortelanos,148,138,2,106,676,0,1,1
1492-2,74,hortelanos,210,198,3,115,683,0,1,1
1492-2,75,hortelanos,210,198,3,60,651,0,1,0
1492-2,76,hortelanos,210,198,3,70,657,0,1,0
1492-2,77,hortelanos,210,198,3,80,663,0,1,1
1492-2,78,hortelanos,210,198,3,96,686,0,1,1
1492-2,79,hortelanos,210,198,3,112,708,0,1,1
1492-2,80,hortelanos,210,198,3,78,729,0,1,0
1492-2,81,hortelanos,213,198,3,94,749,0,1,1
1492-2,82,hortelanos,213,198,3,110,768,0,1,0
1492-2,83,hortelanos,213,198,3,126,787,0,1,0
1492-2,84,hortelanos,213,198,3,92,805,0,1,1
1492-2,85,hortelanos,213,198,3,108,822,0,1,1
1492-2,86,hortelanos,213,198,3,124,839,0,1,1
1492-2,87,hortelanos,213,198,3,140,855,0,1,0
1492-2,88,hortelanos,213,198,3,106,870,0,1,1
1492-2,89,hortelanos,213,198,3,122,885,0,1,1
1492-2,90,hortelanos,213,198,3,138,899,0,1,0
1492-2,91,hortelanos,213,198,3,154,907,0,1,0
1492-2,92,hortelanos,213,198,3,120,920,0,1,1
1492-2,93,hortelanos,213,198,3,106,892,0,1,0
1492-2,94,hortelanos,213,198,3,122,906,0,1,1
1492-2,95,hortelanos,247,250,4,138,919,0,1,0
1492-2,96,hortelanos,247,252,4,121,863,0,1,0
1492-2,97,hortelanos,247,254,4,84,864,0,1,0
1492-2,98,hortelanos,281,321,5,97,865,0,1,1
1492-2,99,hortelanos,281,323,5,115,845,0,1,0
1492-2,100,hortelanos,281,323,5,85,826,0,1,0
1492-2,101,hortelanos,281,323,5,105,813,0,1,1
1492-2,102,hortelanos,281,323,5,131,800,0,1,1
1492-2,103,hortelanos,281,323,5,157,788,0,1,0
1492-2,104,hortelanos,281,323,5,133,771,0,1,0
1492-2,105,hortelanos,281,323,5,159,758,0,1,0
1492-2,106,hortelanos,281,323,5,185,747,0,1,1
1492-2,107,hortelanos,284,323,5,211,737,0,1,1
1492-2,108,hortelanos,284,323,5,187,727,0,1,0
1492-2,109,hortelanos,284,323,5,213,718,0,1,1
1492-2,110,hortelanos,284,323,5,239,709,0,1,1
1492-2,111,hortelanos,284,323,5,265,700,0,1,1
1492-2,112,hortelanos,287,323,5,291,692,0,1,1
1492-2,113,hortelanos,287,323,5,317,684,0,1,0
1492-2,114,hortelanos,287,323,5,343,676,0,1,0
1492-2,115,hortelanos,287,323,5,363,669,0,1,0
1492-2,116,hortelanos,287,323,5,327,657,0,1,0
1492-2,117,hortelanos,287,323,5,311,612,0,1,0
1492-2,118,hortelanos,287,323,5,325,604,0,1,0
1492-2,119,hortelanos,319,383,6,339,598,0,1,1
1492-2,120,hortelanos,319,383,6,322,535,0,1,0
1492-2,121,hortelanos,322,383,6,285,519,0,1,0
1492-2,122,hortelanos,350,423,7,298,504,0,1,0
1492-2,123,hortelanos,350,423,7,310,480,0,1,0
1492-2,124,hortelanos,350,423,7,276,456,0,1,0
1492-2,125,hortelanos,350,423,7,296,437,0,1,0
1492-2,126,hortelanos,350,423,7,322,419,0,1,1
1492-2,127,hortelanos,350,423,7,348,400,0,1,1
1492-2,128,hortelanos,350,423,7,324,384,0,1,1
1492-2,129,hortelanos,350,423,7,350,364,0,1,0
1492-2,130,hortelanos,350,423,7,376,349,0,1,1
1492-2,131,hortelanos,350,423,7,402,331,0,1,1
1492-2,132,hortelanos,350,423,7,378,313,0,1,1
1492-2,133,hortelanos,350,423,7,404,296,0,1,1
1492-2,134,hortelanos,353,423,7,430,280,0,1,1
1492-2,135,hortelanos,353,423,7,456,264,0,1,0
1492-2,136,hortelanos,353,423,7,482,249,0,1,0
1492-2,137,hortelanos,353,423,7,502,235,0,1,1
1492-2,138,hortelanos,353,423,7,522,218,0,1,1
1492-2,139,hortelanos,353,423,7,542,205,0,1,1
1492-2,140,hortelanos,353,423,7,562,192,0,1,1
1492-2,141,hortelanos,353,423,7,582,180,0,1,1
1492-2,142,hortelanos,353,423,7,602,168,0,1,1
1492-2,143,hortelanos,353,423,7,622,157,0,1,1
1492-2,144,hortelanos,353,423,7,586,146,0,1,0
1492-2,145,hortelanos,353,423,7,600,136,0,1,0
1492-2,146,hortelanos,353,423,7,618,126,0,1,1
1492-2,147,hortelanos,353,423,7,636,117,0,1,1
1492-2,148,hortelanos,353,423,7,604,108,0,1,1
1492-2,149,hortelanos,353,423,7,622,99,0,1,0
1492-2,150,hortelanos,353,423,7,646,91,0,1,1
1492-2,151,hortelanos,353,423,7,670,83,0,1,0
1492-2,152,hortelanos,354,425,7,643,94,0,1,1
1492-2,153,hortelanos,354,427,7,666,103,0,1,0
1492-2,154,hortelanos,354,429,7,689,112,0,1,1
1492-2,155,hortelanos,355,431,7,712,120,0,1,1
1492-2,156,hortelanos,355,433,7,685,127,0,1,1
1492-2,157,hortelanos,356,435,7,710,133,0,1,1
1492-2,158,hortelanos,356,437,7,735,139,0,1,1
1492-2,159,hortelanos,356,439,7,760,144,0,1,1
1492-2,160,hortelanos,357,441,7,785,148,0,1,1
1492-2,161,hortelanos,357,443,7,810,151,0,1,1
1492-2,162,hortelanos,357,443,7,787,154,0,1,0
1492-2,163,hortelanos,357,443,7,814,157,0,1,0
1492-2,164,hortelanos,357,443,7,841,160,0,1,1
1492-2,165,hortelanos,357,443,7,868,163,0,1,1
1492-2,166,hortelanos,357,443,7,845,166,0,1,1
1492-2,167,hortelanos,357,443,7,872,168,0,1,0
1492-2,168,hortelanos,357,443,7,893,170,0,1,1
1492-2,169,hortelanos,357,443,7,914,172,0,1,1
1492-2,170,hortelanos,357,443,7,885,174,0,1,1
1492-2,171,hortelanos,357,443,7,856,176,0,1,0
1492-2,172,hortelanos,357,443,7,877,178,0,1,0
1492-2,173,hortelanos,357,443,7,898,180,0,1,1
1492-2,174,hortelanos,357,443,7,925,182,0,1,1
1492-2,175,hortelanos,357,443,7,902,184,0,1,1
1492-2,176,hortelanos,357,443,7,929,186,0,1,0
1492-2,177,hortelanos,357,443,7,956,188,0,1,1
1492-2,178,hortelanos,357,443,7,983,190,0,1,1
1492-2,179,hortelanos,357,443,7,960,192,0,1,1
1492-2,180,hortelanos,357,443,7,987,193,0,1,1
1492-2,181,hortelanos,357,443,7,1014,194,0,1,1
1492-2,182,hortelanos,357,443,7,1041,195,0,1,1
1492-2,183,hortelanos,357,443,7,1068,196,0,1,1
1492-2,184,hortelanos,357,443,7,1095,197,0,1,1
1492-2,185,hortelanos,357,443,7,1122,198,0,1,1
1492-2,186,hortelanos,357,443,7,1099,199,0,1,0
1492-2,187,hortelanos,357,443,7,1126,200,0,1,0
1492-2,188,hortelanos,357,443,7,1153,201,0,1,1
1492-2,189,hortelanos,357,443,7,1180,202,0,1,1
1492-2,190,hortelanos,357,443,7,1157,203,0,1,1
1492-2,191,hortelanos,357,443,7,1184,204,0,1,0
1492-2,192,hortelanos,357,443,7,1205,205,0,1,1
1492-2,193,hortelanos,357,443,7,1226,206,0,1,1
1492-2,194,hortelanos,357,443,7,1197,207,0,1,1
1492-2,195,hortelanos,357,443,7,1168,208,0,1,0
1492-2,196,hortelanos,357,443,7,1189,209,0,1,0
1492-2,197,hortelanos,357,443,7,1210,210,0,1,1
1492-2,198,hortelanos,357,443,7,1237,211,0,1,1
1492-2,199,hortelanos,357,443,7,1214,212,0,1,1
1492-2,200,hortelanos,357,443,7,1211,174,0,1,0
1492-2,1,mercaderes,46,116,1,40,51,0,1,0
1492-2,2,mercaderes,46,116,1,47,32,0,1,1
1492-2,3,mercaderes,46,116,1,54,14,0,1,1
1492-2,4,mercaderes,45,116,1,61,0,1,1,1
1492-2,5,mercaderes,44,116,1,68,0,1,1,0
1492-2,6,mercaderes,42,113,1,94,0,1,1,0
1492-2,7,mercaderes,41,110,1,86,0,1,1,0
1492-2,8,mercaderes,39,107,1,103,3,1,1,0
1492-2,9,mercaderes,37,104,1,96,2,1,1,0
1492-2,10,mercaderes,36,101,1,101,4,1,1,0
1492-2,11,mercaderes,36,101,1,84,15,0,1,0
1492-2,12,mercaderes,36,101,1,99,24,0,1,0
1492-2,13,mercaderes,36,101,1,92,48,0,1,0
1492-2,14,mercaderes,36,101,1,97,73,0,1,0
1492-2,15,mercaderes,35,97,1,77,86,0,1,0
1492-2,16,mercaderes,34,93,1,72,70,0,1,0
1492-2,17,mercaderes,33,89,1,75,65,0,1,0
1492-2,18,mercaderes,46,85,1,68,62,0,1,0
1492-2,19,mercaderes,46,85,1,99,70,0,1,0
1492-2,20,mercaderes,49,85,1,80,76,0,1,0
1492-2,21,mercaderes,64,85,1,93,86,0,1,0
1492-2,22,mercaderes,64,85,1,86,94,0,1,0
1492-2,23,mercaderes,64,85,1,96,93,0,1,0
1492-2,24,mercaderes,67,85,1,84,91,0,1,0
1492-2,25,mercaderes,67,85,1,81,91,0,1,0
1492-2,26,mercaderes,67,85,1,82,89,0,1,0
1492-2,27,mercaderes,70,85,1,79,87,0,1,0
1492-2,28,mercaderes,70,85,1,80,85,0,1,0
1492-2,29,mercaderes,73,85,1,77,90,0,1,0
1492-2,30,mercaderes,73,85,1,86,95,0,1,0
1492-2,31,mercaderes,73,85,1,93,96,0,1,0
1492-2,32,mercaderes,76,85,1,92,100,0,1,0
1492-2,33,mercaderes,76,85,1,96,105,0,1,0
1492-2,34,mercaderes,79,85,1,95,110,0,1,0
1492-2,35,mercaderes,79,85,1,89,142,0,1,0
1492-2,36,mercaderes,79,85,1,99,171,0,1,0
1492-2,37,mercaderes,79,85,1,90,166,0,1,0
1492-2,38,mercaderes,79,85,1,94,192,0,1,0
1492-2,39,mercaderes,79,85,1,91,216,0,1,0
1492-2,40,mercaderes,82,85,1,95,240,0,1,0
1492-2,41,mercaderes,82,85,1,92,242,0,1,0
1492-2,42,mercaderes,82,85,1,96,244,0,1,0
1492-2,43,mercaderes,82,85,1,92,246,0,1,0
1492-2,44,mercaderes,85,85,1,90,248,0,1,0
1492-2,45,mercaderes,85,85,1,92,250,0,1,0
1492-2,46,mercaderes,85,85,1,90,252,0,1,0
1492-2,47,mercaderes,88,85,1,62,203,0,1,0
1492-2,48,mercaderes,88,85,1,84,194,0,1,0
1492-2,49,mercaderes,137,115,2,72,186,0,1,0
1492-2,50,mercaderes,137,115,2,70,171,0,1,0
1492-2,51,mercaderes,137,115,2,74,155,0,1,0
1492-2,52,mercaderes,137,115,2,76,141,0,1,0
1492-2,53,mercaderes,137,116,2,75,140,0,1,0
1492-2,54,mercaderes,137,117,2,85,136,0,1,0
1492-2,55,mercaderes,137,118,2,63,134,0,1,0
1492-2,56,mercaderes,137,119,2,89,120,0,1,0
1492-2,57,mercaderes,138,120,2,77,116,0,1,0
1492-2,58,mercaderes,138,121,2,95,52,0,1,0
1492-2,59,mercaderes,138,122,2,93,83,0,1,0
1492-2,60,mercaderes,138,123,2,101,115,0,1,0
1492-2,61,mercaderes,141,124,2,99,146,0,1,0
1492-2,62,mercaderes,142,125,2,100,175,0,1,0
1492-2,63,mercaderes,142,127,2,100,201,0,1,0
1492-2,64,mercaderes,142,129,2,101,228,0,1,0
1492-2,65,mercaderes,143,131,2,101,236,0,1,0
1492-2,66,mercaderes,143,133,2,72,195,0,1,0
1492-2,67,mercaderes,144,135,2,101,203,0,1,0
1492-2,68,mercaderes,208,194,3,62,171,0,1,0
1492-2,69,mercaderes,209,198,3,110,170,0,1,0
1492-2,70,mercaderes,239,248,4,93,164,0,1,0
1492-2,71,mercaderes,239,248,4,111,125,0,1,0
1492-2,72,mercaderes,239,248,4,102,86,0,1,0
1492-2,73,mercaderes,239,248,4,104,51,0,1,0
1492-2,74,mercaderes,239,248,4,102,16,0,1,0
1492-2,75,mercaderes,238,248,4,106,4,1,1,0
1492-2,76,mercaderes,237,248,4,104,4,1,1,0
1492-2,77,mercaderes,235,243,4,105,5,1,1,0
1492-2,78,mercaderes,233,238,4,106,4,1,1,0
1492-2,79,mercaderes,231,233,4,103,4,1,1,0
1492-2,80,mercaderes,229,228,4,100,5,1,1,0
1492-2,81,mercaderes,227,223,4,95,4,1,1,0
1492-2,82,mercaderes,225,218,4,91,4,1,1,0
1492-2,83,mercaderes,225,218,4,85,8,0,1,0
1492-2,84,mercaderes,176,174,3,82,10,0,1,0
1492-2,85,mercaderes,126,123,2,60,32,0,1,0
1492-2,86,mercaderes,127,125,2,83,58,0,1,0
1492-2,87,mercaderes,127,127,2,73,86,0,1,0
1492-2,88,mercaderes,127,129,2,84,115,0,1,0
1492-2,89,mercaderes,128,131,2,77,118,0,1,0
1492-2,90,mercaderes,128,133,2,81,122,0,1,0
1492-2,91,mercaderes,129,136,2,82,124,0,1,0
1492-2,92,mercaderes,129,139,2,83,126,0,1,0
1492-2,93,mercaderes,130,142,2,88,128,0,1,0
1492-2,94,mercaderes,131,145,2,89,129,0,1,0
1492-2,95,mercaderes,131,145,2,88,115,0,1,0
1492-2,96,mercaderes,131,145,2,89,101,0,1,0
1492-2,97,mercaderes,131,145,2,88,88,0,1,0
1492-2,98,mercaderes,131,145,2,89,75,0,1,0
1492-2,99,mercaderes,131,145,2,88,63,0,1,0
1492-2,100,mercaderes,131,145,2,89,51,0,1,0
1492-2,101,mercaderes,131,145,2,89,50,0,1,0
1492-2,102,mercaderes,131,145,2,95,49,0,1,0
1492-2,103,mercaderes,131,145,2,95,46,0,1,0
1492-2,104,mercaderes,131,145,2,101,45,0,1,0
1492-2,105,mercaderes,131,145,2,100,44,0,1,0
1492-2,106,mercaderes,131,145,2,99,44,0,1,0
1492-2,107,mercaderes,131,148,2,98,73,0,1,0
1492-2,108,mercaderes,132,151,2,97,100,0,1,0
1492-2,109,mercaderes,132,154,2,96,125,0,1,0
1492-2,110,mercaderes,133,158,2,97,148,0,1,0
1492-2,111,mercaderes,134,162,2,96,170,0,1,0
1492-2,112,mercaderes,135,166,2,96,190,0,1,0
1492-2,113,mercaderes,135,166,2,96,185,0,1,0
1492-2,114,mercaderes,135,166,2,96,180,0,1,0
1492-2,115,mercaderes,135,166,2,98,175,0,1,0
1492-2,116,mercaderes,135,166,2,98,171,0,1,0
1492-2,117,mercaderes,135,166,2,100,167,0,1,0
1492-2,118,mercaderes,135,166,2,99,163,0,1,0
1492-2,119,mercaderes,135,166,2,101,144,0,1,0
1492-2,120,mercaderes,135,166,2,95,125,0,1,0
1492-2,121,mercaderes,135,166,2,97,107,0,1,0
1492-2,122,mercaderes,135,166,2,100,89,0,1,0
1492-2,123,mercaderes,135,166,2,93,73,0,1,0
1492-2,124,mercaderes,135,166,2,96,57,0,1,0
1492-2,125,mercaderes,135,166,2,98,49,0,1,0
1492-2,126,mercaderes,135,166,2,96,42,0,1,0
1492-2,127,mercaderes,135,166,2,98,35,0,1,0
1492-2,128,mercaderes,135,166,2,98,28,0,1,0
1492-2,129,mercaderes,135,166,2,100,22,0,1,0
1492-2,130,mercaderes,135,166,2,100,16,0,1,0
1492-2,131,mercaderes,136,170,2,102,41,0,1,0
1492-2,132,mercaderes,136,174,2,101,64,0,1,0
1492-2,133,mercaderes,137,179,2,105,85,0,1,0
1492-2,134,mercaderes,138,184,2,104,104,0,1,0
1492-2,135,mercaderes,139,189,2,109,121,0,1,0
1492-2,136,mercaderes,140,193,2,108,136,0,1,0
1492-2,137,mercaderes,140,193,2,110,127,0,1,0
1492-2,138,mercaderes,140,193,2,109,119,0,1,0
1492-2,139,mercaderes,140,193,2,111,111,0,1,0
1492-2,140,mercaderes,140,193,2,112,103,0,1,0
1492-2,141,mercaderes,140,193,2,114,96,0,1,0
1492-2,142,mercaderes,140,193,2,115,89,0,1,0
1492-2,143,mercaderes,140,193,2,106,68,0,1,0
1492-2,144,mercaderes,140,193,2,102,48,0,1,0
1492-2,145,mercaderes,140,193,2,103,28,0,1,0
1492-2,146,mercaderes,140,193,2,102,7,0,1,0
1492-2,147,mercaderes,139,193,2,103,4,1,1,0
1492-2,148,mercaderes,138,193,2,101,4,1,1,0
1492-2,149,mercaderes,136,188,2,102,4,1,1,0
1492-2,150,mercaderes,134,183,2,104,4,1,1,0
1492-2,151,mercaderes,132,178,2,106,4,1,1,0
1492-2,152,mercaderes,130,173,2,118,4,1,1,0
1492-2,153,mercaderes,128,169,2,115,5,1,1,0
1492-2,154,mercaderes,127,165,2,116,6,1,1,0
1492-2,155,mercaderes,127,165,2,113,27,0,1,0
1492-2,156,mercaderes,127,169,2,113,47,0,1,0
1492-2,157,mercaderes,128,173,2,120,70,0,1,0
1492-2,158,mercaderes,129,177,2,122,91,0,1,0
1492-2,159,mercaderes,130,181,2,119,112,0,1,0
1492-2,160,mercaderes,130,183,2,123,131,0,1,0
1492-2,161,mercaderes,130,183,2,121,126,0,1,0
1492-2,162,mercaderes,130,183,2,124,122,0,1,0
1492-2,163,mercaderes,130,183,2,122,118,0,1,0
1492-2,164,mercaderes,130,183,2,121,115,0,1,0
1492-2,165,mercaderes,130,183,2,122,111,0,1,0
1492-2,166,mercaderes,130,183,2,121,107,0,1,0
1492-2,167,mercaderes,130,183,2,122,88,0,1,0
1492-2,168,mercaderes,130,183,2,118,70,0,1,0
1492-2,169,mercaderes,130,183,2,119,53,0,1,0
1492-2,170,mercaderes,130,183,2,114,36,0,1,0
1492-2,171,mercaderes,130,183,2,115,20,0,1,0
1492-2,172,mercaderes,129,183,2,110,6,1,1,0
1492-2,173,mercaderes,128,183,2,110,6,1,1,0
1492-2,174,mercaderes,126,179,2,120,5,1,1,0
1492-2,175,mercaderes,125,175,2,119,5,1,1,0
1492-2,176,mercaderes,123,171,2,118,6,1,1,0
1492-2,177,mercaderes,121,167,2,120,6,1,1,0
1492-2,178,mercaderes,119,163,2,116,6,1,1,0
1492-2,179,mercaderes,119,163,2,117,28,0,1,0
1492-2,180,mercaderes,120,169,2,113,54,0,1,0
1492-2,181,mercaderes,121,173,2,115,78,0,1,0
1492-2,182,mercaderes,122,177,2,122,100,0,1,0
1492-2,183,mercaderes,123,180,2,114,121,0,1,0
1492-2,184,mercaderes,123,180,2,122,140,0,1,0
1492-2,185,mercaderes,123,180,2,116,135,0,1,0
1492-2,186,mercaderes,123,180,2,124,130,0,1,0
1492-2,187,mercaderes,123,180,2,118,126,0,1,0
1492-2,188,mercaderes,123,180,2,122,123,0,1,0
1492-2,189,mercaderes,123,180,2,119,119,0,1,0
1492-2,190,mercaderes,123,180,2,122,115,0,1,0
1492-2,191,mercaderes,123,180,2,119,96,0,1,0
1492-2,192,mercaderes,123,180,2,117,78,0,1,0
1492-2,193,mercaderes,123,180,2,116,60,0,1,0
1492-2,194,mercaderes,123,180,2,114,43,0,1,0
1492-2,195,mercaderes,123,180,2,112,27,0,1,0
1492-2,196,mercaderes,123,180,2,110,11,0,1,0
1492-2,197,mercaderes,122,180,2,118,5,1,1,0
1492-2,198,mercaderes,121,180,2,121,5,1,1,0
1492-2,199,mercaderes,119,176,2,118,6,1,1,0
1492-2,200,mercaderes,117,172,2,119,6,1,1,0
1492-2,1,mesta,31,41,1,24,62,0,1,0
1492-2,2,mesta,30,37,1,4,12,0,1,0
1492-2,3,mesta,30,37,1,3,6,0,1,1
1492-2,4,mesta,30,37,1,2,0,0,1,1
1492-2,5,mesta,29,37,1,1,0,1,1,1
1492-2,6,mesta,91,37,1,11,0,1,1,0
1492-2,7,mesta,90,36,1,21,0,1,1,0
1492-2,8,mesta,89,35,1,31,0,1,1,1
1492-2,9,mesta,87,34,1,41,0,1,1,1
1492-2,10,mesta,86,33,1,51,0,1,1,1
1492-2,11,mesta,86,33,1,61,4,0,1,1
1492-2,12,mesta,86,33,1,71,8,0,1,1
1492-2,13,mesta,86,31,1,40,12,0,1,0
1492-2,14,mesta,86,31,1,57,20,0,1,0
1492-2,15,mesta,86,31,1,67,27,0,1,1
1492-2,16,mesta,86,32,1,77,34,0,1,1
1492-2,17,mesta,86,33,1,70,35,0,1,0
1492-2,18,mesta,86,34,1,83,37,0,1,0
1492-2,19,mesta,87,35,1,76,39,0,1,0
1492-2,20,mesta,90,35,1,79,42,0,1,0
1492-2,21,mesta,90,35,1,82,43,0,1,0
1492-2,22,mesta,90,35,1,75,45,0,1,0
1492-2,23,mesta,93,35,1,78,44,0,1,0
1492-2,24,mesta,93,35,1,78,42,0,1,0
1492-2,25,mesta,93,35,1,71,41,0,1,0
1492-2,26,mesta,93,35,1,61,40,0,1,0
1492-2,27,mesta,96,35,1,75,36,0,1,0
1492-2,28,mesta,96,35,1,67,31,0,1,0
1492-2,29,mesta,96,35,1,85,30,0,1,0
1492-2,30,mesta,96,35,1,70,28,0,1,0
1492-2,31,mesta,96,35,1,81,28,0,1,0
1492-2,32,mesta,99,35,1,76,27,0,1,0
1492-2,33,mesta,99,35,1,77,27,0,1,0
1492-2,34,mesta,99,35,1,82,26,0,1,0
1492-2,35,mesta,99,36,1,83,32,0,1,0
1492-2,36,mesta,99,37,1,78,38,0,1,0
1492-2,37,mesta,99,38,1,79,47,0,1,0
1492-2,38,mesta,99,39,1,74,46,0,1,0
1492-2,39,mesta,100,40,1,75,54,0,1,0
1492-2,40,mesta,99,37,1,62,50,0,1,0
1492-2,41,mesta,99,38,1,83,51,0,1,0
1492-2,42,mesta,99,39,1,70,51,0,1,0
1492-2,43,mesta,102,39,1,79,51,0,1,0
1492-2,44,mesta,102,39,1,76,50,0,1,0
1492-2,45,mesta,102,39,1,75,50,0,1,0
1492-2,46,mesta,102,39,1,82,49,0,1,0
1492-2,47,mesta,102,39,1,81,45,0,1,0
1492-2,48,mesta,102,39,1,75,42,0,1,0
1492-2,49,mesta,102,39,1,74,39,0,1,0
1492-2,50,mesta,102,39,1,78,35,0,1,0
1492-2,51,mesta,102,39,1,77,31,0,1,0
1492-2,52,mesta,102,39,1,71,28,0,1,0
1492-2,53,mesta,102,39,1,80,25,0,1,0
1492-2,54,mesta,102,39,1,77,23,0,1,0
1492-2,55,mesta,102,39,1,76,22,0,1,0
1492-2,56,mesta,102,39,1,83,20,0,1,0
1492-2,57,mesta,102,39,1,82,18,0,1,0
1492-2,58,mesta,102,39,1,79,17,0,1,0
1492-2,59,mesta,102,39,1,78,23,0,1,0
1492-2,60,mesta,102,39,1,220,28,0,1,0
1492-2,61,mesta,102,38,1,84,33,0,1,0
1492-2,62,mesta,102,39,1,108,51,0,1,0
1492-2,63,mesta,103,40,1,81,57,0,1,0
1492-2,64,mesta,102,37,1,72,55,0,1,0
1492-2,65,mesta,102,37,1,78,56,0,1,0
1492-2,66,mesta,102,37,1,79,56,0,1,0
1492-2,67,mesta,102,37,1,75,57,0,1,0
1492-2,68,mesta,102,37,1,75,58,0,1,0
1492-2,69,mesta,102,37,1,81,57,0,1,0
1492-2,70,mesta,102,37,1,81,56,0,1,0
1492-2,71,mesta,102,37,1,77,53,0,1,0
1492-2,72,mesta,102,37,1,74,50,0,1,0
1492-2,73,mesta,102,37,1,80,47,0,1,0
1492-2,74,mesta,102,37,1,77,44,0,1,0
1492-2,75,mesta,102,37,1,73,42,0,1,0
1492-2,76,mesta,102,37,1,80,39,0,1,0
1492-2,77,mesta,102,37,1,76,37,0,1,0
1492-2,78,mesta,102,37,1,76,36,0,1,0
1492-2,79,mesta,102,37,1,82,34,0,1,0
1492-2,80,mesta,102,37,1,82,32,0,1,0
1492-2,81,mesta,102,37,1,78,31,0,1,0
1492-2,82,mesta,102,37,1,78,30,0,1,0
1492-2,83,mesta,102,38,1,74,36,0,1,0
1492-2,84,mesta,102,39,1,74,42,0,1,0
1492-2,85,mesta,103,40,1,80,47,0,1,0
1492-2,86,mesta,103,42,1,82,50,0,1,0
1492-2,87,mesta,103,44,1,78,54,0,1,0
1492-2,88,mesta,104,46,1,80,57,0,1,0
1492-2,89,mesta,104,46,1,76,55,0,1,0
1492-2,90,mesta,104,46,1,78,53,0,1,0
1492-2,91,mesta,104,46,1,84,50,0,1,0
1492-2,92,mesta,104,46,1,76,49,0,1,0
1492-2,93,mesta,104,46,1,82,47,0,1,0
1492-2,94,mesta,104,46,1,84,44,0,1,0
1492-2,95,mesta,104,46,1,80,39,0,1,0
1492-2,96,mesta,104,46,1,78,34,0,1,0
1492-2,97,mesta,104,46,1,74,29,0,1,0
1492-2,98,mesta,104,46,1,72,25,0,1,0
1492-2,99,mesta,104,46,1,78,20,0,1,0
1492-2,100,mesta,104,46,1,76,15,0,1,0
1492-2,101,mesta,104,46,1,72,12,0,1,0
1492-2,102,mesta,104,46,1,84,8,0,1,0
1492-2,103,mesta,104,46,1,80,4,0,1,0
1492-2,104,mesta,103,46,1,82,2,1,1,0
1492-2,105,mesta,102,46,1,78,2,1,1,0
1492-2,106,mesta,101,45,1,80,2,1,1,0
1492-2,107,mesta,101,45,1,76,6,0,1,0
1492-2,108,mesta,101,45,1,223,10,0,1,0
1492-2,109,mesta,101,45,1,127,13,0,1,0
1492-2,110,mesta,101,45,1,110,28,0,1,0
1492-2,111,mesta,101,47,1,100,36,0,1,0
1492-2,112,mesta,101,49,1,94,42,0,1,0
1492-2,113,mesta,101,49,1,87,41,0,1,0
1492-2,114,mesta,101,49,1,89,39,0,1,0
1492-2,115,mesta,101,49,1,85,36,0,1,0
1492-2,116,mesta,101,49,1,84,34,0,1,0
1492-2,117,mesta,101,49,1,83,31,0,1,0
1492-2,118,mesta,101,49,1,82,28,0,1,0
1492-2,119,mesta,101,49,1,81,23,0,1,0
1492-2,120,mesta,101,49,1,76,18,0,1,0
1492-2,121,mesta,101,49,1,75,13,0,1,0
1492-2,122,mesta,101,49,1,80,7,0,1,0
1492-2,123,mesta,101,49,1,79,1,0,1,0
1492-2,124,mesta,100,49,1,74,2,1,1,0
1492-2,125,mesta,99,49,1,73,2,1,1,0
1492-2,126,mesta,98,48,1,82,1,1,1,0
1492-2,127,mesta,97,47,1,81,1,1,1,0
1492-2,128,mesta,96,46,1,80,2,1,1,0
1492-2,129,mesta,95,45,1,79,2,1,1,0
1492-2,130,mesta,93,44,1,78,2,1,1,0
1492-2,131,mesta,93,44,1,77,5,0,1,0
1492-2,132,mesta,93,44,1,76,8,0,1,0
1492-2,133,mesta,93,44,1,85,10,0,1,0
1492-2,134,mesta,93,44,1,84,12,0,1,0
1492-2,135,mesta,93,44,1,83,15,0,1,0
1492-2,136,mesta,93,44,1,82,18,0,1,0
1492-2,137,mesta,93,44,1,81,16,0,1,0
1492-2,138,mesta,93,44,1,80,14,0,1,0
1492-2,139,mesta,93,44,1,79,12,0,1,0
1492-2,140,mesta,93,44,1,78,10,0,1,0
1492-2,141,mesta,93,44,1,77,8,0,1,0
1492-2,142,mesta,93,44,1,76,7,0,1,0
1492-2,143,mesta,93,44,1,85,2,0,1,0
1492-2,144,mesta,92,44,1,80,1,1,1,0
1492-2,145,mesta,91,44,1,79,2,1,1,0
1492-2,146,mesta,90,43,1,74,2,1,1,0
1492-2,147,mesta,89,42,1,73,2,1,1,0
1492-2,148,mesta,88,41,1,78,1,1,1,0
1492-2,149,mesta,87,40,1,77,1,1,1,0
1492-2,150,mesta,85,39,1,71,2,1,1,0
1492-2,151,mesta,84,38,1,80,1,1,1,0
1492-2,152,mesta,83,37,1,74,1,1,1,0
1492-2,153,mesta,82,36,1,73,2,1,1,0
1492-2,154,mesta,81,35,1,77,1,1,1,0
1492-2,155,mesta,81,35,1,76,2,0,1,0
1492-2,156,mesta,81,35,1,80,3,0,1,0
1492-2,157,mesta,81,35,1,79,4,0,1,0
1492-2,158,mesta,81,35,1,73,8,0,1,0
1492-2,159,mesta,81,35,1,72,12,0,1,0
1492-2,160,mesta,81,35,1,76,15,0,1,0
1492-2,161,mesta,81,35,1,75,14,0,1,0
1492-2,162,mesta,81,35,1,79,14,0,1,0
1492-2,163,mesta,81,35,1,78,14,0,1,0
1492-2,164,mesta,81,35,1,72,15,0,1,0
1492-2,165,mesta,81,35,1,71,16,0,1,0
1492-2,166,mesta,81,35,1,75,17,0,1,0
1492-2,167,mesta,81,35,1,74,15,0,1,0
1492-2,168,mesta,81,35,1,78,13,0,1,0
1492-2,169,mesta,81,35,1,77,11,0,1,0
1492-2,170,mesta,81,35,1,71,10,0,1,0
1492-2,171,mesta,81,35,1,80,8,0,1,0
1492-2,172,mesta,81,35,1,74,6,0,1,0
1492-2,173,mesta,81,35,1,73,6,0,1,0
1492-2,174,mesta,81,35,1,79,5,0,1,0
1492-2,175,mesta,81,35,1,78,4,0,1,0
1492-2,176,mesta,81,35,1,74,4,0,1,0
1492-2,177,mesta,81,35,1,73,4,0,1,0
1492-2,178,mesta,81,35,1,79,3,0,1,0
1492-2,179,mesta,81,35,1,78,9,0,1,0
1492-2,180,mesta,81,35,1,74,16,0,1,0
1492-2,181,mesta,81,35,1,73,23,0,1,0
1492-2,182,mesta,81,35,1,79,28,0,1,0
1492-2,183,mesta,81,36,1,78,33,0,1,0
1492-2,184,mesta,81,37,1,74,38,0,1,0
1492-2,185,mesta,81,37,1,73,36,0,1,0
1492-2,186,mesta,81,37,1,79,33,0,1,0
1492-2,187,mesta,81,37,1,78,30,0,1,0
1492-2,188,mesta,81,37,1,74,28,0,1,0
1492-2,189,mesta,81,37,1,73,26,0,1,0
1492-2,190,mesta,81,37,1,79,24,0,1,0
1492-2,191,mesta,81,37,1,78,21,0,1,0
1492-2,192,mesta,81,37,1,72,19,0,1,0
1492-2,193,mesta,81,37,1,71,17,0,1,0
1492-2,194,mesta,81,37,1,75,14,0,1,0
1492-2,195,mesta,81,37,1,74,11,0,1,0
1492-2,196,mesta,81,37,1,78,8,0,1,0
1492-2,197,mesta,81,37,1,77,6,0,1,0
1492-2,198,mesta,81,37,1,73,5,0,1,0
1492-2,199,mesta,81,37,1,82,3,0,1,0
1492-2,200,mesta,81,37,1,78,1,0,1,0
1492-2,1,monjes,39,81,1,32,65,0,1,0
1492-2,2,monjes,38,77,1,6,49,0,1,0
1492-2,3,monjes,38,77,1,9,43,0,1,1
1492-2,4,monjes,38,77,1,12,37,0,1,1
1492-2,5,monjes,38,77,1,15,50,0,1,0
1492-2,6,monjes,38,77,1,33,65,0,1,0
1492-2,7,monjes,37,73,1,31,70,0,1,0
1492-2,8,monjes,36,69,1,29,43,0,1,0
1492-2,9,monjes,36,69,1,45,60,0,1,1
1492-2,10,monjes,49,69,1,61,76,0,1,0
1492-2,11,monjes,64,69,1,74,126,0,1,0
1492-2,12,monjes,64,69,1,73,174,0,1,0
1492-2,13,monjes,64,69,1,78,190,0,1,0
1492-2,14,monjes,64,69,1,77,236,0,1,0
1492-2,15,monjes,64,69,1,95,250,0,1,0
1492-2,16,monjes,64,69,1,188,263,0,1,0
1492-2,17,monjes,64,69,1,224,250,0,1,0
1492-2,18,monjes,67,69,1,315,237,0,1,0
1492-2,19,monjes,67,69,1,411,225,0,1,0
1492-2,20,monjes,70,69,1,379,218,0,1,0
1492-2,21,monjes,70,69,1,390,219,0,1,0
1492-2,22,monjes,70,69,1,348,217,0,1,0
1492-2,23,monjes,70,69,1,369,201,0,1,0
1492-2,24,monjes,73,69,1,366,203,0,1,0
1492-2,25,monjes,73,69,1,293,202,0,1,0
1492-2,26,monjes,73,69,1,178,202,0,1,0
1492-2,27,monjes,72,64,1,105,194,0,1,0
1492-2,28,monjes,76,67,1,150,195,0,1,0
1492-2,29,monjes,168,76,2,119,207,0,1,0
1492-2,30,monjes,172,80,2,23,202,0,1,0
1492-2,31,monjes,172,84,2,71,208,0,1,0
1492-2,32,monjes,175,83,2,59,213,0,1,0
1492-2,33,monjes,176,87,2,96,209,0,1,0
1492-2,34,monjes,278,98,3,105,209,0,1,0
1492-2,35,monjes,282,104,3,93,238,0,1,0
1492-2,36,monjes,283,106,3,124,268,0,1,0
1492-2,37,monjes,283,108,3,149,344,0,1,0
1492-2,38,monjes,284,110,3,239,415,0,1,0
1492-2,39,monjes,284,112,3,323,480,0,1,0
1492-2,40,monjes,283,109,3,412,546,0,1,0
1492-2,41,monjes,284,111,3,443,551,0,1,0
1492-2,42,monjes,284,113,3,529,562,0,1,0
1492-2,43,monjes,288,115,3,620,558,0,1,0
1492-2,44,monjes,309,123,4,705,555,0,1,0
1492-2,45,monjes,310,126,4,728,552,0,1,0
1492-2,46,monjes,310,129,4,805,549,0,1,0
1492-2,47,monjes,311,132,4,888,524,0,1,0
1492-2,48,monjes,312,135,4,970,502,0,1,0
1492-2,49,monjes,315,138,4,996,482,0,1,0
1492-2,50,monjes,316,141,4,1077,465,0,1,0
1492-2,51,monjes,316,144,4,1151,448,0,1,0
1492-2,52,monjes,316,142,4,1230,426,0,1,0
1492-2,53,monjes,317,145,4,1263,432,0,1,0
1492-2,54,monjes,317,148,4,1346,437,0,1,0
1492-2,55,monjes,318,151,4,1434,439,0,1,0
1492-2,56,monjes,343,160,5,1515,444,0,1,0
1492-2,57,monjes,343,164,5,1551,398,0,1,0
1492-2,58,monjes,343,163,5,1584,390,0,1,0
1492-2,59,monjes,369,193,6,1661,481,0,1,0
1492-2,60,monjes,370,198,6,1724,563,0,1,0
1492-2,61,monjes,372,208,6,1743,643,0,1,0
1492-2,62,monjes,373,213,6,1819,734,0,1,0
1492-2,63,monjes,374,218,6,1900,821,0,1,0
1492-2,64,monjes,375,223,6,1976,909,0,1,0
1492-2,65,monjes,376,228,6,2007,917,0,1,0
1492-2,66,monjes,377,233,6,2082,923,0,1,0
1492-2,67,monjes,381,238,6,2162,928,0,1,0
1492-2,68,monjes,382,243,6,2247,931,0,1,0
1492-2,69,monjes,384,250,6,2276,933,0,1,0
1492-2,70,monjes,384,251,6,2360,930,0,1,0
1492-2,71,monjes,385,257,6,2436,882,0,1,0
1492-2,72,monjes,386,263,6,2511,834,0,1,0
1492-2,73,monjes,409,276,7,2592,785,0,1,0
1492-2,74,monjes,411,285,7,2600,734,0,1,0
1492-2,75,monjes,412,294,7,2671,679,0,1,0
1492-2,76,monjes,414,303,7,2736,627,0,1,0
1492-2,77,monjes,416,312,7,2806,611,0,1,0
1492-2,78,monjes,421,321,7,2839,597,0,1,0
1492-2,79,monjes,423,331,7,2916,582,0,1,0
1492-2,80,monjes,425,341,7,2998,566,0,1,0
1492-2,81,monjes,427,351,7,3073,547,0,1,0
1492-2,82,monjes,429,361,7,3103,527,0,1,0
1492-2,83,monjes,430,369,7,3190,617,0,1,0
1492-2,84,monjes,432,376,7,3272,701,0,1,0
1492-2,85,monjes,432,378,7,3359,778,0,1,0
1492-2,86,monjes,434,386,7,3392,854,0,1,0
1492-2,87,monjes,435,394,7,3480,925,0,1,0
1492-2,88,monjes,439,399,7,3573,991,0,1,0
1492-2,89,monjes,440,403,7,3660,963,0,1,0
1492-2,90,monjes,441,407,7,3702,938,0,1,0
1492-2,91,monjes,463,417,8,3787,915,0,1,0
1492-2,92,monjes,464,422,8,3806,888,0,1,0
1492-2,93,monjes,464,422,8,3893,854,0,1,0
1492-2,94,monjes,465,425,8,3973,829,0,1,0
1492-2,95,monjes,465,425,8,4058,753,0,1,0
1492-2,96,monjes,486,430,9,4130,680,0,1,0
1492-2,97,monjes,486,430,9,4136,611,0,1,0
1492-2,98,monjes,489,430,9,4209,543,0,1,0
1492-2,99,monjes,489,430,9,4274,475,0,1,0
1492-2,100,monjes,489,430,9,4344,418,0,1,0
1492-2,101,monjes,489,434,9,4357,395,0,1,0
1492-2,102,monjes,490,439,9,4433,374,0,1,0
1492-2,103,monjes,491,444,9,4514,354,0,1,0
1492-2,104,monjes,492,449,9,4587,336,0,1,0
1492-2,105,monjes,493,454,9,4615,317,0,1,0
1492-2,106,monjes,494,459,9,4687,301,0,1,0
1492-2,107,monjes,495,464,9,4766,415,0,1,0
1492-2,108,monjes,496,469,9,4850,522,0,1,0
1492-2,109,monjes,497,474,9,4877,624,0,1,0
1492-2,110,monjes,498,479,9,4959,721,0,1,0
1492-2,111,monjes,502,484,9,5034,813,0,1,0
1492-2,112,monjes,503,487,9,5115,897,0,1,0
1492-2,113,monjes,504,490,9,5151,878,0,1,0
1492-2,114,monjes,504,493,9,5229,858,0,1,0
1492-2,115,monjes,505,496,9,5312,837,0,1,0
1492-2,116,monjes,505,499,9,5389,819,0,1,0
1492-2,117,monjes,506,502,9,5422,798,0,1,0
1492-2,118,monjes,507,505,9,5510,781,0,1,0
1492-2,119,monjes,507,505,9,5592,700,0,1,0
1492-2,120,monjes,507,505,9,5673,622,0,1,0
1492-2,121,monjes,507,505,9,5697,547,0,1,0
1492-2,122,monjes,506,500,9,5776,468,0,1,0
1492-2,123,monjes,509,500,9,5859,398,0,1,0
1492-2,124,monjes,509,500,9,5934,333,0,1,0
1492-2,125,monjes,509,504,9,5964,318,0,1,0
1492-2,126,monjes,510,508,9,6043,303,0,1,0
1492-2,127,monjes,532,518,10,6128,287,0,1,0
1492-2,128,monjes,533,523,10,6147,267,0,1,0
1492-2,129,monjes,534,528,10,6220,246,0,1,0
1492-2,130,monjes,535,533,10,6299,239,0,1,0
1492-2,131,monjes,535,533,10,6371,358,0,1,0
1492-2,132,monjes,536,538,10,6398,464,0,1,0
1492-2,133,monjes,537,543,10,6481,570,0,1,0
1492-2,134,monjes,538,548,10,6556,673,0,1,0
1492-2,135,monjes,539,551,10,6637,774,0,1,0
1492-2,136,monjes,539,554,10,6661,871,0,1,0
1492-2,137,monjes,540,557,10,6742,848,0,1,0
1492-2,138,monjes,544,560,10,6828,828,0,1,0
1492-2,139,monjes,544,563,10,6906,810,0,1,0
1492-2,140,monjes,545,566,10,6939,792,0,1,0
1492-2,141,monjes,567,575,11,7015,776,0,1,0
1492-2,142,monjes,567,579,11,7041,718,0,1,0
1492-2,143,monjes,566,574,11,7066,625,0,1,0
1492-2,144,monjes,593,609,12,7127,541,0,1,0
1492-2,145,monjes,593,609,12,7173,455,0,1,0
1492-2,146,monjes,593,609,12,7176,371,0,1,0
1492-2,147,monjes,593,609,12,7204,252,0,1,0
1492-2,148,monjes,593,609,12,7267,181,0,1,0
1492-2,149,monjes,624,664,13,7202,185,0,1,0
1492-2,150,monjes,624,664,13,7055,150,0,1,0
1492-2,151,monjes,624,664,13,6908,151,0,1,0
1492-2,152,monjes,650,694,14,6809,148,0,1,0
1492-2,153,monjes,650,690,14,6650,93,0,1,0
1492-2,154,monjes,650,690,14,6484,83,0,1,0
1492-2,155,monjes,678,730,15,6381,231,0,1,0
1492-2,156,monjes,680,743,15,6375,342,0,1,0
1492-2,157,monjes,683,759,15,6378,435,0,1,0
1492-2,158,monjes,686,770,15,6424,536,0,1,0
1492-2,159,monjes,688,783,15,6481,635,0,1,0
1492-2,160,monjes,691,796,15,6533,730,0,1,0
1492-2,161,monjes,694,810,15,6542,698,0,1,0
1492-2,162,monjes,696,824,15,6606,665,0,1,0
1492-2,163,monjes,699,839,15,6665,629,0,1,0
1492-2,164,monjes,702,854,15,6731,592,0,1,0
1492-2,165,monjes,704,864,15,6741,552,0,1,0
1492-2,166,monjes,706,873,15,6808,511,0,1,0
1492-2,167,monjes,709,873,15,6880,382,0,1,0
1492-2,168,monjes,709,873,15,6938,258,0,1,0
1492-2,169,monjes,709,873,15,6951,133,0,1,0
1492-2,170,monjes,708,869,15,6875,39,0,1,0
1492-2,171,monjes,707,869,15,6780,8,1,1,0
1492-2,172,monjes,706,869,15,6683,11,1,1,0
1492-2,173,monjes,702,851,15,6533,12,1,1,0
1492-2,174,monjes,697,833,15,6428,13,1,1,0
1492-2,175,monjes,693,815,15,6329,13,1,1,0
1492-2,176,monjes,693,815,15,6195,13,0,1,0
1492-2,177,monjes,712,819,16,6092,13,1,1,0
1492-2,178,monjes,712,819,16,5952,19,0,1,0
1492-2,179,monjes,719,850,16,5793,180,0,1,0
1492-2,180,monjes,724,875,16,5690,346,0,1,0
1492-2,181,monjes,727,892,16,5698,474,0,1,0
1492-2,182,monjes,730,908,16,5714,536,0,1,0
1492-2,183,monjes,734,925,16,5721,645,0,1,0
1492-2,184,monjes,766,989,17,5785,755,0,1,0
1492-2,185,monjes,766,989,17,5836,680,0,1,0
1492-2,186,monjes,766,989,17,5831,606,0,1,0
1492-2,187,monjes,769,989,17,5881,546,0,1,0
1492-2,188,monjes,773,1009,17,5924,500,0,1,0
1492-2,189,monjes,777,1029,17,5985,460,0,1,0
1492-2,190,monjes,782,1051,17,6005,432,0,1,0
1492-2,191,monjes,782,1054,17,6071,311,0,1,0
1492-2,192,monjes,782,1050,17,6136,193,0,1,0
1492-2,193,monjes,782,1050,17,6074,129,0,1,0
1492-2,194,monjes,782,1050,17,5923,81,0,1,0
1492-2,195,monjes,782,1050,17,5830,33,0,1,0
1492-2,196,monjes,781,1050,17,5734,13,1,1,0
1492-2,197,monjes,783,1063,17,5636,31,0,1,0
1492-2,198,monjes,783,1063,17,5486,43,0,1,0
1492-2,199,monjes,783,1063,17,5388,54,0,1,0
1492-2,200,monjes,789,1093,17,5299,75,0,1,0
1492-2,1,salineros,36,66,1,25,71,0,1,0
1492-2,2,salineros,35,62,1,7,61,0,1,0
1492-2,3,salineros,35,62,1,9,62,0,1,1
1492-2,4,salineros,35,62,1,11,63,0,1,1
1492-2,5,salineros,100,62,1,13,70,0,1,1
1492-2,6,salineros,100,62,1,21,47,0,1,0
1492-2,7,salineros,113,60,1,9,46,0,1,0
1492-2,8,salineros,113,60,1,17,55,0,1,0
1492-2,9,salineros,116,60,1,0,64,0,1,1
1492-2,10,salineros,116,60,1,8,71,0,1,0
1492-2,11,salineros,119,60,1,16,102,0,1,1
1492-2,12,salineros,119,60,1,4,135,0,1,0
1492-2,13,salineros,119,60,1,12,166,0,1,0
1492-2,14,salineros,119,60,1,20,197,0,1,1
1492-2,15,salineros,121,58,1,16,220,0,1,0
1492-2,16,salineros,122,60,1,386,223,0,1,0
1492-2,17,salineros,122,60,1,741,238,0,1,0
1492-2,18,salineros,125,60,1,976,253,0,1,0
1492-2,19,salineros,125,60,1,1088,268,0,1,0
1492-2,20,salineros,125,60,1,1138,283,0,1,0
1492-2,21,salineros,128,60,1,1152,298,0,1,0
1492-2,22,salineros,128,60,1,1203,313,0,1,0
1492-2,23,salineros,128,60,1,1244,316,0,1,0
1492-2,24,salineros,131,60,1,1259,319,0,1,0
1492-2,25,salineros,131,60,1,1234,322,0,1,0
1492-2,26,salineros,134,60,1,1250,325,0,1,0
1492-2,27,salineros,134,60,1,1246,328,0,1,0
1492-2,28,salineros,134,60,1,1219,291,0,1,0
1492-2,29,salineros,137,60,1,1164,303,0,1,0
1492-2,30,salineros,186,107,2,1122,315,0,1,0
1492-2,31,salineros,189,107,2,1064,316,0,1,0
1492-2,32,salineros,189,109,2,1060,298,0,1,0
1492-2,33,salineros,190,111,2,1038,307,0,1,0
1492-2,34,salineros,190,113,2,1025,316,0,1,0
1492-2,35,salineros,194,115,2,947,350,0,1,0
1492-2,36,salineros,195,120,2,917,382,0,1,0
1492-2,37,salineros,196,125,2,896,416,0,1,0
1492-2,38,salineros,197,130,2,828,449,0,1,0
1492-2,39,salineros,198,136,2,708,481,0,1,0
1492-2,40,salineros,199,142,2,599,511,0,1,0
1492-2,41,salineros,200,148,2,536,516,0,1,0
1492-2,42,salineros,201,154,2,473,519,0,1,0
1492-2,43,salineros,203,161,2,423,510,0,1,0
1492-2,44,salineros,203,161,2,370,508,0,1,0
1492-2,45,salineros,203,161,2,315,508,0,1,0
1492-2,46,salineros,203,161,2,258,508,0,1,0
1492-2,47,salineros,206,161,2,199,492,0,1,0
1492-2,48,salineros,206,161,2,250,476,0,1,0
1492-2,49,salineros,209,161,2,269,460,0,1,1
1492-2,50,salineros,209,161,2,288,444,0,1,0
1492-2,51,salineros,209,161,2,307,428,0,1,1
1492-2,52,salineros,209,161,2,326,412,0,1,1
1492-2,53,salineros,209,161,2,345,404,0,1,1
1492-2,54,salineros,209,161,2,372,396,0,1,1
1492-2,55,salineros,212,161,2,399,388,0,1,1
1492-2,56,salineros,212,161,2,426,380,0,1,0
1492-2,57,salineros,212,161,2,453,372,0,1,1
1492-2,58,salineros,212,161,2,480,364,0,1,1
1492-2,59,salineros,213,168,2,507,388,0,1,1
1492-2,60,salineros,214,172,2,534,410,0,1,1
1492-2,61,salineros,215,176,2,565,431,0,1,1
1492-2,62,salineros,216,180,2,596,451,0,1,1
1492-2,63,salineros,216,184,2,629,470,0,1,1
1492-2,64,salineros,217,188,2,662,488,0,1,1
1492-2,65,salineros,217,188,2,645,479,0,1,0
1492-2,66,salineros,217,188,2,678,470,0,1,0
1492-2,67,salineros,217,188,2,711,463,0,1,1
1492-2,68,salineros,217,188,2,744,456,0,1,1
1492-2,69,salineros,217,188,2,727,449,0,1,1
1492-2,70,salineros,217,188,2,760,442,0,1,0
1492-2,71,salineros,217,188,2,793,419,0,1,1
1492-2,72,salineros,217,188,2,817,396,0,1,1
1492-2,73,salineros,217,188,2,791,373,0,1,1
1492-2,74,salineros,217,188,2,815,350,0,1,0
1492-2,75,salineros,217,188,2,839,327,0,1,1
1492-2,76,salineros,217,188,2,863,304,0,1,1
1492-2,77,salineros,217,188,2,837,289,0,1,1
1492-2,78,salineros,217,188,2,840,234,0,1,0
1492-2,79,salineros,217,188,2,743,219,0,1,0
1492-2,80,salineros,273,218,3,675,228,0,1,0
1492-2,81,salineros,273,218,3,600,233,0,1,0
1492-2,82,salineros,273,218,3,543,247,0,1,0
1492-2,83,salineros,274,223,3,475,306,0,1,0
1492-2,84,salineros,278,228,3,465,364,0,1,0
1492-2,85,salineros,279,233,3,411,438,0,1,0
1492-2,86,salineros,280,238,3,321,447,0,1,0
1492-2,87,salineros,281,243,3,220,504,0,1,0
1492-2,88,salineros,311,293,4,235,562,0,1,0
1492-2,89,salineros,315,296,4,258,565,0,1,0
1492-2,90,salineros,315,299,4,291,565,0,1,0
1492-2,91,salineros,319,302,4,326,577,0,1,1
1492-2,92,salineros,320,305,4,311,586,0,1,0
1492-2,93,salineros,320,309,4,228,594,0,1,0
1492-2,94,salineros,321,313,4,176,603,0,1,0
1492-2,95,salineros,321,313,4,124,579,0,1,0
1492-2,96,salineros,321,313,4,78,555,0,1,0
1492-2,97,salineros,321,313,4,126,531,0,1,0
1492-2,98,salineros,321,313,4,154,507,0,1,0
1492-2,99,salineros,321,313,4,182,483,0,1,1
1492-2,100,salineros,321,313,4,160,459,0,1,1
1492-2,101,salineros,321,313,4,58,410,0,1,0
1492-2,102,salineros,321,313,4,122,427,0,1,0
1492-2,103,salineros,348,348,5,97,422,0,1,0
1492-2,104,salineros,348,348,5,135,421,0,1,0
1492-2,105,salineros,348,348,5,90,402,0,1,0
1492-2,106,salineros,351,348,5,116,410,0,1,0
1492-2,107,salineros,352,353,5,101,474,0,1,0
1492-2,108,salineros,353,359,5,94,541,0,1,0
1492-2,109,salineros,355,365,5,91,599,0,1,0
1492-2,110,salineros,356,371,5,109,660,0,1,0
1492-2,111,salineros,357,377,5,106,725,0,1,0
1492-2,112,salineros,358,384,5,113,788,0,1,0
1492-2,113,salineros,360,391,5,114,797,0,1,0
1492-2,114,salineros,361,398,5,116,805,0,1,0
1492-2,115,salineros,363,407,5,116,806,0,1,0
1492-2,116,salineros,365,416,5,180,808,0,1,0
1492-2,117,salineros,366,421,5,226,809,0,1,1
1492-2,118,salineros,366,423,5,272,809,0,1,1
1492-2,119,salineros,366,423,5,318,774,0,1,1
1492-2,120,salineros,366,423,5,355,739,0,1,0
1492-2,121,salineros,369,423,5,269,702,0,1,0
1492-2,122,salineros,369,423,5,220,663,0,1,0
1492-2,123,salineros,369,423,5,167,626,0,1,0
1492-2,124,salineros,369,423,5,72,591,0,1,0
1492-2,125,salineros,369,423,5,134,584,0,1,0
1492-2,126,salineros,369,423,5,111,568,0,1,0
1492-2,127,salineros,369,423,5,125,559,0,1,0
1492-2,128,salineros,369,423,5,124,547,0,1,0
1492-2,129,salineros,369,423,5,129,535,0,1,0
1492-2,130,salineros,369,423,5,131,525,0,1,0
1492-2,131,salineros,371,432,5,129,590,0,1,0
1492-2,132,salineros,373,441,5,121,638,0,1,0
1492-2,133,salineros,375,450,5,110,682,0,1,0
1492-2,134,salineros,377,460,5,120,733,0,1,0
1492-2,135,salineros,379,471,5,133,777,0,1,0
1492-2,136,salineros,381,482,5,134,821,0,1,0
1492-2,137,salineros,384,482,5,137,810,0,1,0
1492-2,138,salineros,386,490,5,213,813,0,1,0
1492-2,139,salineros,386,493,5,272,814,0,1,1
1492-2,140,salineros,386,493,5,331,814,0,1,1
1492-2,141,salineros,386,493,5,390,814,0,1,1
1492-2,142,salineros,386,493,5,449,814,0,1,1
1492-2,143,salineros,386,493,5,508,775,0,1,1
1492-2,144,salineros,386,493,5,508,724,0,1,0
1492-2,145,salineros,386,493,5,408,645,0,1,0
1492-2,146,salineros,386,493,5,372,632,0,1,0
1492-2,147,salineros,415,538,6,329,615,0,1,0
1492-2,148,salineros,415,538,6,278,589,0,1,0
1492-2,149,salineros,415,538,6,230,582,0,1,0
1492-2,150,salineros,415,538,6,190,575,0,1,0
1492-2,151,salineros,415,538,6,138,575,0,1,0
1492-2,152,salineros,415,538,6,152,569,0,1,0
1492-2,153,salineros,415,538,6,90,565,0,1,0
1492-2,154,salineros,418,538,6,142,561,0,1,0
1492-2,155,salineros,420,546,6,74,643,0,1,0
1492-2,156,salineros,421,554,6,125,729,0,1,0
1492-2,157,salineros,423,563,6,112,803,0,1,0
1492-2,158,salineros,425,572,6,138,886,0,1,0
1492-2,159,salineros,426,578,6,140,982,0,1,0
1492-2,160,salineros,427,583,6,140,1072,0,1,0
1492-2,161,salineros,428,588,6,150,1088,0,1,0
1492-2,162,salineros,429,593,6,98,1097,0,1,0
1492-2,163,salineros,431,602,6,152,1106,0,1,0
1492-2,164,salineros,433,612,6,138,1115,0,1,0
1492-2,165,salineros,435,621,6,147,1120,0,1,0
1492-2,166,salineros,436,629,6,144,1126,0,1,0
1492-2,167,salineros,436,629,6,156,1077,0,1,0
1492-2,168,salineros,436,629,6,113,990,0,1,0
1492-2,169,salineros,436,629,6,192,934,0,1,0
1492-2,170,salineros,473,699,7,129,891,0,1,0
1492-2,171,salineros,473,699,7,169,817,0,1,0
1492-2,172,salineros,473,699,7,75,719,0,1,0
1492-2,173,salineros,505,759,8,148,704,0,1,0
1492-2,174,salineros,535,809,9,110,659,0,1,0
1492-2,175,salineros,535,809,9,157,605,0,1,0
1492-2,176,salineros,535,809,9,143,586,0,1,0
1492-2,177,salineros,535,809,9,97,584,0,1,0
1492-2,178,salineros,535,809,9,132,545,0,1,0
1492-2,179,salineros,539,825,9,363,719,0,1,0
1492-2,180,salineros,582,941,10,706,897,0,1,0
1492-2,181,salineros,585,955,10,904,1053,0,1,0
1492-2,182,salineros,587,967,10,1051,1139,0,1,0
1492-2,183,salineros,589,979,10,1203,1167,0,1,0
1492-2,184,salineros,591,988,10,1258,1192,0,1,0
1492-2,185,salineros,591,988,10,1317,1139,0,1,0
1492-2,186,salineros,591,988,10,1344,1093,0,1,0
1492-2,187,salineros,591,988,10,1407,1055,0,1,0
1492-2,188,salineros,591,988,10,1450,975,0,1,0
1492-2,189,salineros,593,995,10,1531,1004,0,1,0
1492-2,190,salineros,628,1071,11,1573,1041,0,1,0
1492-2,191,salineros,631,1071,11,1589,987,0,1,0
1492-2,192,salineros,631,1071,11,1628,931,0,1,0
1492-2,193,salineros,631,1071,11,1691,875,0,1,0
1492-2,194,salineros,631,1071,11,1758,826,0,1,0
1492-2,195,salineros,631,1071,11,1770,777,0,1,0
1492-2,196,salineros,631,1071,11,1828,731,0,1,0
1492-2,197,salineros,631,1071,11,1902,727,0,1,0
1492-2,198,salineros,631,1071,11,1981,723,0,1,0
1492-2,199,salineros,631,1071,11,1993,719,0,1,0
1492-2,200,salineros,631,1071,11,2066,717,0,1,0
1492-3,1,arrieros,40,86,1,42,59,0,1,0
1492-3,2,arrieros,39,82,1,34,38,0,1,0
1492-3,3,arrieros,39,82,1,38,24,0,1,1
1492-3,4,arrieros,39,82,1,42,11,0,1,1
1492-3,5,arrieros,39,82,1,46,1,0,1,1
1492-3,6,arrieros,38,82,1,66,0,1,1,0
1492-3,7,arrieros,37,82,1,105,0,1,1,0
1492-3,8,arrieros,36,80,1,80,0,1,1,0
1492-3,9,arrieros,34,78,1,99,4,1,1,0
1492-3,10,arrieros,33,76,1,84,2,1,1,0
1492-3,11,arrieros,33,76,1,71,12,0,1,0
1492-3,12,arrieros,33,76,1,88,16,0,1,0
1492-3,13,arrieros,33,76,1,85,35,0,1,0
1492-3,14,arrieros,33,76,1,88,55,0,1,0
1492-3,15,arrieros,32,72,1,77,68,0,1,0
1492-3,16,arrieros,31,68,1,77,82,0,1,0
1492-3,17,arrieros,30,64,1,77,5,0,1,0
1492-3,18,arrieros,43,64,1,89,14,0,1,0
1492-3,19,arrieros,43,64,1,89,23,0,1,0
1492-3,20,arrieros,46,64,1,119,33,0,1,0
1492-3,21,arrieros,46,64,1,111,43,0,1,0
1492-3,22,arrieros,46,60,1,106,50,0,1,0
1492-3,23,arrieros,49,60,1,119,53,0,1,0
1492-3,24,arrieros,49,60,1,110,53,0,1,0
1492-3,25,arrieros,49,60,1,92,48,0,1,0
1492-3,26,arrieros,52,60,1,92,51,0,1,0
1492-3,27,arrieros,52,60,1,114,51,0,1,0
1492-3,28,arrieros,52,60,1,106,51,0,1,0
1492-3,29,arrieros,55,60,1,107,59,0,1,0
1492-3,30,arrieros,55,60,1,114,66,0,1,0
1492-3,31,arrieros,58,60,1,117,73,0,1,0
1492-3,32,arrieros,73,60,1,115,80,0,1,0
1492-3,33,arrieros,73,60,1,117,87,0,1,0
1492-3,34,arrieros,76,60,1,117,94,0,1,0
1492-3,35,arrieros,76,60,1,117,119,0,1,0
1492-3,36,arrieros,76,60,1,116,137,0,1,0
1492-3,37,arrieros,76,60,1,116,154,0,1,0
1492-3,38,arrieros,76,60,1,114,170,0,1,0
1492-3,39,arrieros,76,60,1,113,186,0,1,0
1492-3,40,arrieros,76,60,1,111,201,0,1,0
1492-3,41,arrieros,79,60,1,121,202,0,1,0
1492-3,42,arrieros,79,60,1,72,165,0,1,0
1492-3,43,arrieros,82,60,1,125,168,0,1,0
1492-3,44,arrieros,82,60,1,105,170,0,1,0
1492-3,45,arrieros,85,60,1,166,172,0,1,0
1492-3,46,arrieros,85,60,1,98,174,0,1,0
1492-3,47,arrieros,88,60,1,87,128,0,1,0
1492-3,48,arrieros,88,60,1,105,122,0,1,0
1492-3,49,arrieros,135,95,2,100,117,0,1,0
1492-3,50,arrieros,135,95,2,91,104,0,1,0
1492-3,51,arrieros,135,95,2,102,94,0,1,0
1492-3,52,arrieros,138,95,2,81,83,0,1,0
1492-3,53,arrieros,138,95,2,73,86,0,1,0
1492-3,54,arrieros,138,96,2,80,85,0,1,0
1492-3,55,arrieros,138,97,2,82,90,0,1,0
1492-3,56,arrieros,138,98,2,79,94,0,1,0
1492-3,57,arrieros,138,99,2,81,99,0,1,0
1492-3,58,arrieros,139,100,2,48,64,0,1,0
1492-3,59,arrieros,139,102,2,40,46,0,1,0
1492-3,60,arrieros,198,146,3,55,81,0,1,1
1492-3,61,arrieros,229,202,4,59,104,0,1,0
1492-3,62,arrieros,230,208,4,64,111,0,1,0
1492-3,63,arrieros,231,214,4,79,127,0,1,0
1492-3,64,arrieros,233,220,4,77,159,0,1,0
1492-3,65,arrieros,237,226,4,84,156,0,1,0
1492-3,66,arrieros,238,230,4,94,153,0,1,0
1492-3,67,arrieros,238,230,4,81,150,0,1,0
1492-3,68,arrieros,241,234,4,98,147,0,1,0
1492-3,69,arrieros,242,238,4,88,153,0,1,0
1492-3,70,arrieros,243,243,4,85,160,0,1,0
1492-3,71,arrieros,243,243,4,96,129,0,1,0
1492-3,72,arrieros,246,243,4,90,104,0,1,0
1492-3,73,arrieros,246,243,4,88,88,0,1,0
1492-3,74,arrieros,246,243,4,62,33,0,1,0
1492-3,75,arrieros,246,243,4,92,21,0,1,0
1492-3,76,arrieros,275,288,5,79,6,0,1,0
1492-3,77,arrieros,274,288,5,93,1,1,1,0
1492-3,78,arrieros,273,288,5,89,2,1,1,0
1492-3,79,arrieros,271,283,5,100,3,1,1,0
1492-3,80,arrieros,269,278,5,90,3,1,1,0
1492-3,81,arrieros,267,273,5,88,4,1,1,0
1492-3,82,arrieros,265,268,5,85,3,1,1,0
1492-3,83,arrieros,265,268,5,67,23,0,1,0
1492-3,84,arrieros,267,278,5,70,47,0,1,0
1492-3,85,arrieros,269,288,5,62,79,0,1,0
1492-3,86,arrieros,271,296,5,75,125,0,1,0
1492-3,87,arrieros,272,304,5,56,170,0,1,0
1492-3,88,arrieros,274,312,5,74,196,0,1,0
1492-3,89,arrieros,276,320,5,67,200,0,1,0
1492-3,90,arrieros,277,328,5,85,210,0,1,0
1492-3,91,arrieros,279,336,5,67,218,0,1,0
1492-3,92,arrieros,284,345,5,46,188,0,1,0
1492-3,93,arrieros,285,354,5,55,192,0,1,0
1492-3,94,arrieros,317,410,6,65,211,0,1,1
1492-3,95,arrieros,320,410,6,66,170,0,1,0
1492-3,96,arrieros,320,410,6,71,130,0,1,0
1492-3,97,arrieros,320,410,6,71,92,0,1,0
1492-3,98,arrieros,320,410,6,82,60,0,1,0
1492-3,99,arrieros,319,410,6,86,41,1,1,0
1492-3,100,arrieros,318,410,6,119,42,1,1,0
1492-3,101,arrieros,315,402,6,115,40,1,1,0
1492-3,102,arrieros,312,394,6,129,43,1,1,0
1492-3,103,arrieros,310,386,6,124,42,1,1,0
1492-3,104,arrieros,310,378,6,125,44,1,1,0
1492-3,105,arrieros,308,370,6,123,43,1,1,0
1492-3,106,arrieros,305,362,6,130,43,1,1,0
1492-3,107,arrieros,305,362,6,98,28,0,1,0
1492-3,108,arrieros,308,376,6,78,52,0,1,0
1492-3,109,arrieros,342,447,7,68,79,0,1,0
1492-3,110,arrieros,345,463,7,70,98,0,1,0
1492-3,111,arrieros,348,475,7,61,120,0,1,0
1492-3,112,arrieros,349,480,7,60,140,0,1,0
1492-3,113,arrieros,349,483,7,63,133,0,1,1
1492-3,114,arrieros,350,488,7,66,137,0,1,1
1492-3,115,arrieros,351,493,7,59,142,0,1,1
1492-3,116,arrieros,352,496,7,63,149,0,1,0
1492-3,117,arrieros,352,499,7,67,165,0,1,0
1492-3,118,arrieros,353,503,7,48,140,0,1,0
1492-3,119,arrieros,353,503,7,65,96,0,1,0
1492-3,120,arrieros,386,568,8,88,56,0,1,0
1492-3,121,arrieros,386,568,8,90,1,0,1,0
1492-3,122,arrieros,385,568,8,101,3,1,1,0
1492-3,123,arrieros,384,568,8,107,3,1,1,0
1492-3,124,arrieros,381,557,8,109,4,1,1,0
1492-3,125,arrieros,378,546,8,106,5,1,1,0
1492-3,126,arrieros,375,535,8,108,5,1,1,0
1492-3,127,arrieros,371,524,8,98,5,1,1,0
1492-3,128,arrieros,368,513,8,98,5,1,1,0
1492-3,129,arrieros,365,502,8,82,4,1,1,0
1492-3,130,arrieros,362,491,8,91,4,1,1,0
1492-3,131,arrieros,313,449,7,81,52,0,1,0
1492-3,132,arrieros,265,408,6,90,118,0,1,0
1492-3,133,arrieros,268,423,6,68,185,0,1,0
1492-3,134,arrieros,271,436,6,84,247,0,1,0
1492-3,135,arrieros,273,448,6,56,295,0,1,0
1492-3,136,arrieros,275,458,6,73,362,0,1,0
1492-3,137,arrieros,277,465,6,67,369,0,1,0
1492-3,138,arrieros,278,472,6,83,375,0,1,0
1492-3,139,arrieros,282,479,6,38,339,0,1,0
1492-3,140,arrieros,284,489,6,55,345,0,1,0
1492-3,141,arrieros,314,535,7,63,352,0,1,1
1492-3,142,arrieros,316,547,7,65,355,0,1,0
1492-3,143,arrieros,316,547,7,27,257,0,1,0
1492-3,144,arrieros,316,547,7,31,199,0,1,0
1492-3,145,arrieros,345,592,8,43,144,0,1,0
1492-3,146,arrieros,345,592,8,55,84,0,1,0
1492-3,147,arrieros,345,592,8,71,24,0,1,0
1492-3,148,arrieros,344,592,8,82,0,1,1,0
1492-3,149,arrieros,343,592,8,89,1,1,1,0
1492-3,150,arrieros,339,578,8,94,2,1,1,0
1492-3,151,arrieros,335,564,8,97,3,1,1,0
1492-3,152,arrieros,332,551,8,100,3,1,1,0
1492-3,153,arrieros,328,538,8,93,4,1,1,0
1492-3,154,arrieros,325,525,8,125,4,1,1,0
1492-3,155,arrieros,329,545,8,94,63,0,1,0
1492-3,156,arrieros,333,565,8,111,134,0,1,0
1492-3,157,arrieros,287,539,7,80,201,0,1,0
1492-3,158,arrieros,243,516,6,103,282,0,1,0
1492-3,159,arrieros,244,522,6,86,342,0,1,0
1492-3,160,arrieros,245,525,6,87,417,0,1,0
1492-3,161,arrieros,245,525,6,83,393,0,1,0
1492-3,162,arrieros,245,525,6,84,372,0,1,0
1492-3,163,arrieros,245,525,6,70,355,0,1,0
1492-3,164,arrieros,248,525,6,88,337,0,1,0
1492-3,165,arrieros,249,533,6,90,327,0,1,0
1492-3,166,arrieros,249,533,6,92,317,0,1,0
1492-3,167,arrieros,249,533,6,110,267,0,1,0
1492-3,168,arrieros,249,533,6,84,181,0,1,0
1492-3,169,arrieros,249,533,6,90,107,0,1,0
1492-3,170,arrieros,280,588,7,99,72,0,1,0
1492-3,171,arrieros,315,668,8,109,43,1,1,0
1492-3,172,arrieros,314,668,8,142,41,1,1,0
1492-3,173,arrieros,310,653,8,134,42,1,1,0
1492-3,174,arrieros,306,638,8,152,45,1,1,0
1492-3,175,arrieros,302,623,8,140,44,1,1,0
1492-3,176,arrieros,298,608,8,146,46,1,1,0
1492-3,177,arrieros,294,593,8,142,45,1,1,0
1492-3,178,arrieros,290,578,8,130,46,1,1,0
1492-3,179,arrieros,294,597,8,115,85,0,1,0
1492-3,180,arrieros,298,616,8,107,151,0,1,0
1492-3,181,arrieros,276,609,8,83,249,0,1,0
1492-3,182,arrieros,280,628,8,79,349,0,1,0
1492-3,183,arrieros,283,642,8,61,421,0,1,0
1492-3,184,arrieros,286,656,8,68,504,0,1,0
1492-3,185,arrieros,288,669,8,73,491,0,1,1
1492-3,186,arrieros,291,682,8,67,484,0,1,0
1492-3,187,arrieros,297,695,8,53,445,0,1,0
1492-3,188,arrieros,299,708,8,61,442,0,1,0
1492-3,189,arrieros,331,751,9,75,436,0,1,0
1492-3,190,arrieros,333,764,9,75,425,0,1,0
1492-3,191,arrieros,333,764,9,92,336,0,1,0
1492-3,192,arrieros,333,764,9,81,250,0,1,0
1492-3,193,arrieros,333,764,9,108,164,0,1,0
1492-3,194,arrieros,333,764,9,115,83,0,1,0
1492-3,195,arrieros,333,764,9,121,6,0,1,0
1492-3,196,arrieros,332,764,9,129,4,1,1,0
1492-3,197,arrieros,331,764,9,135,4,1,1,0
1492-3,198,arrieros,327,746,9,125,5,1,1,0
1492-3,199,arrieros,322,728,9,130,5,1,1,0
1492-3,200,arrieros,318,710,9,125,4,1,1,0
1492-3,1,canteros,46,116,1,45,50,0,1,0
1492-3,2,canteros,46,116,1,32,30,0,1,0
1492-3,3,canteros,46,116,1,24,9,0,1,0
1492-3,4,canteros,45,116,1,31,0,1,1,1
1492-3,5,canteros,44,116,1,46,0,1,1,0
1492-3,6,canteros,42,113,1,72,0,1,1,1
1492-3,7,canteros,41,110,1,86,0,1,1,0
1492-3,8,canteros,39,107,1,89,1,1,1,0
1492-3,9,canteros,37,104,1,94,2,1,1,0
1492-3,10,canteros,36,101,1,94,3,1,1,0
1492-3,11,canteros,36,101,1,99,9,0,1,0
1492-3,12,canteros,36,101,1,99,15,0,1,0
1492-3,13,canteros,36,101,1,97,22,0,1,0
1492-3,14,canteros,36,101,1,97,28,0,1,0
1492-3,15,canteros,36,101,1,95,34,0,1,0
1492-3,16,canteros,36,101,1,94,40,0,1,0
1492-3,17,canteros,36,101,1,100,35,0,1,0
1492-3,18,canteros,36,101,1,99,30,0,1,0
1492-3,19,canteros,36,101,1,97,27,0,1,0
1492-3,20,canteros,36,101,1,98,24,0,1,0
1492-3,21,canteros,36,101,1,96,21,0,1,0
1492-3,22,canteros,36,101,1,97,20,0,1,0
1492-3,23,canteros,36,101,1,94,11,0,1,0
1492-3,24,canteros,35,101,1,85,4,1,1,0
1492-3,25,canteros,34,101,1,89,3,1,1,0
1492-3,26,canteros,32,98,1,83,2,1,1,0
1492-3,27,canteros,31,96,1,83,3,1,1,0
1492-3,28,canteros,29,94,1,84,2,1,1,0
1492-3,29,canteros,28,92,1,84,2,1,1,0
1492-3,30,canteros,27,90,1,79,2,1,1,0
1492-3,31,canteros,25,88,1,79,2,1,1,0
1492-3,32,canteros,24,86,1,77,2,1,1,0
1492-3,33,canteros,22,84,1,77,2,1,1,0
1492-3,34,canteros,21,82,1,78,1,1,1,0
1492-3,35,canteros,21,82,1,18,1,0,1,0
1492-3,36,canteros,20,82,1,34,2,1,1,0
1492-3,37,canteros,19,82,1,44,0,1,1,1
1492-3,38,canteros,19,82,1,50,2,0,1,1
1492-3,39,canteros,19,82,1,60,4,0,1,1
1492-3,40,canteros,19,82,1,70,6,0,1,1
1492-3,41,canteros,19,82,1,70,2,0,1,0
1492-3,42,canteros,18,82,1,72,1,1,1,0
1492-3,43,canteros,17,82,1,76,1,1,1,0
1492-3,44,canteros,16,80,1,73,1,1,1,0
1492-3,45,canteros,14,78,1,77,1,1,1,0
1492-3,46,canteros,13,76,1,68,1,1,1,0
1492-3,47,canteros,11,74,1,85,1,1,1,0
1492-3,48,canteros,10,72,1,69,0,1,1,0
1492-3,49,canteros,9,70,1,83,2,1,1,0
1492-3,50,canteros,7,68,1,69,0,1,1,0
1492-3,51,canteros,6,66,1,89,2,1,1,0
1492-3,52,canteros,5,65,1,69,0,1,1,0
1492-3,53,canteros,3,64,1,88,3,1,1,0
1492-3,54,canteros,2,63,1,69,0,1,1,0
1492-3,55,canteros,1,62,1,87,3,1,1,0
1492-3,56,canteros,0,61,1,69,0,1,1,0
1492-3,57,canteros,-1,60,1,85,6,1,1,0
1492-3,58,canteros,-3,59,1,69,0,1,1,0
1492-3,59,canteros,-3,59,1,85,8,0,1,0
1492-3,60,canteros,-3,59,1,63,11,0,1,0
1492-3,61,canteros,-3,59,1,79,24,0,1,0
1492-3,62,canteros,-2,60,1,68,31,0,1,0
1492-3,63,canteros,-2,60,1,82,41,0,1,0
1492-3,64,canteros,-2,60,1,65,50,0,1,0
1492-3,65,canteros,-3,58,1,62,44,0,1,0
1492-3,66,canteros,-3,56,1,50,35,0,1,0
1492-3,67,canteros,-3,58,1,58,38,0,1,1
1492-3,68,canteros,-2,60,1,62,41,0,1,1
1492-3,69,canteros,-2,60,1,71,43,0,1,1
1492-3,70,canteros,-2,60,1,69,45,0,1,0
1492-3,71,canteros,-2,60,1,77,41,0,1,0
1492-3,72,canteros,-2,60,1,69,35,0,1,0
1492-3,73,canteros,-2,60,1,85,32,0,1,0
1492-3,74,canteros,-2,60,1,69,26,0,1,0
1492-3,75,canteros,-2,60,1,82,26,0,1,0
1492-3,76,canteros,-2,60,1,69,21,0,1,0
1492-3,77,canteros,-2,60,1,87,24,0,1,0
1492-3,78,canteros,-2,60,1,73,23,0,1,0
1492-3,79,canteros,-2,60,1,80,28,0,1,0
1492-3,80,canteros,-2,60,1,75,28,0,1,0
1492-3,81,canteros,-2,60,1,74,30,0,1,0
1492-3,82,canteros,-2,60,1,78,31,0,1,0
1492-3,83,canteros,-2,60,1,77,48,0,1,0
1492-3,84,canteros,-2,60,1,79,65,0,1,0
1492-3,85,canteros,-2,60,1,77,50,0,1,0
1492-3,86,canteros,-2,60,1,80,67,0,1,0
1492-3,87,canteros,-2,60,1,81,82,0,1,0
1492-3,88,canteros,223,63,1,76,98,0,1,0
1492-3,89,canteros,237,66,1,97,103,0,1,0
1492-3,90,canteros,237,69,1,110,101,0,1,0
1492-3,91,canteros,241,72,1,73,98,0,1,0
1492-3,92,canteros,242,75,1,88,106,0,1,0
1492-3,93,canteros,242,75,1,80,104,0,1,0
1492-3,94,canteros,242,75,1,82,106,0,1,0
1492-3,95,canteros,245,75,1,80,99,0,1,0
1492-3,96,canteros,245,75,1,77,92,0,1,0
1492-3,97,canteros,245,75,1,77,85,0,1,0
1492-3,98,canteros,245,75,1,77,77,0,1,0
1492-3,99,canteros,248,75,1,77,70,0,1,0
1492-3,100,canteros,248,75,1,77,63,0,1,0
1492-3,101,canteros,248,75,1,76,60,0,1,0
1492-3,102,canteros,248,75,1,81,57,0,1,0
1492-3,103,canteros,251,75,1,80,54,0,1,0
1492-3,104,canteros,251,75,1,82,52,0,1,0
1492-3,105,canteros,251,75,1,81,51,0,1,0
1492-3,106,canteros,251,75,1,83,50,0,1,0
1492-3,107,canteros,254,78,1,82,59,0,1,0
1492-3,108,canteros,255,80,1,80,68,0,1,0
1492-3,109,canteros,255,80,1,84,75,0,1,0
1492-3,110,canteros,255,80,1,82,81,0,1,0
1492-3,111,canteros,258,80,1,85,88,0,1,0
1492-3,112,canteros,258,80,1,86,94,0,1,0
1492-3,113,canteros,258,80,1,86,94,0,1,0
1492-3,114,canteros,261,80,1,86,94,0,1,0
1492-3,115,canteros,261,80,1,86,94,0,1,0
1492-3,116,canteros,264,80,1,86,94,0,1,0
1492-3,117,canteros,264,80,1,86,94,0,1,0
1492-3,118,canteros,264,80,1,85,94,0,1,0
1492-3,119,canteros,264,80,1,85,86,0,1,0
1492-3,120,canteros,264,80,1,78,78,0,1,0
1492-3,121,canteros,264,80,1,80,71,0,1,0
1492-3,122,canteros,264,80,1,76,63,0,1,0
1492-3,123,canteros,264,80,1,78,47,0,1,0
1492-3,124,canteros,264,80,1,76,39,0,1,0
1492-3,125,canteros,264,80,1,75,36,0,1,0
1492-3,126,canteros,267,80,1,82,32,0,1,0
1492-3,127,canteros,267,80,1,81,28,0,1,0
1492-3,128,canteros,267,80,1,85,26,0,1,0
1492-3,129,canteros,267,80,1,84,24,0,1,0
1492-3,130,canteros,267,80,1,84,23,0,1,0
1492-3,131,canteros,267,80,1,83,35,0,1,0
1492-3,132,canteros,267,80,1,83,47,0,1,0
1492-3,133,canteros,267,80,1,84,58,0,1,0
1492-3,134,canteros,267,80,1,84,69,0,1,0
1492-3,135,canteros,267,80,1,85,79,0,1,0
1492-3,136,canteros,267,80,1,84,89,0,1,0
1492-3,137,canteros,267,80,1,85,89,0,1,0
1492-3,138,canteros,267,80,1,84,89,0,1,0
1492-3,139,canteros,267,80,1,84,89,0,1,0
1492-3,140,canteros,267,80,1,83,89,0,1,0
1492-3,141,canteros,267,80,1,83,89,0,1,0
1492-3,142,canteros,267,80,1,82,89,0,1,0
1492-3,143,canteros,267,80,1,84,81,0,1,0
1492-3,144,canteros,267,80,1,80,73,0,1,0
1492-3,145,canteros,267,80,1,79,66,0,1,0
1492-3,146,canteros,267,80,1,77,58,0,1,0
1492-3,147,canteros,267,80,1,76,51,0,1,0
1492-3,148,canteros,267,80,1,77,43,0,1,0
1492-3,149,canteros,267,80,1,76,39,0,1,0
1492-3,150,canteros,267,80,1,83,35,0,1,0
1492-3,151,canteros,267,80,1,82,31,0,1,0
1492-3,152,canteros,267,80,1,82,29,0,1,0
1492-3,153,canteros,267,80,1,84,27,0,1,0
1492-3,154,canteros,267,80,1,84,25,0,1,0
1492-3,155,canteros,267,80,1,83,37,0,1,0
1492-3,156,canteros,267,80,1,85,49,0,1,0
1492-3,157,canteros,267,80,1,84,60,0,1,0
1492-3,158,canteros,267,80,1,86,71,0,1,0
1492-3,159,canteros,267,80,1,84,81,0,1,0
1492-3,160,canteros,267,80,1,86,91,0,1,0
1492-3,161,canteros,267,80,1,84,91,0,1,0
1492-3,162,canteros,267,80,1,85,91,0,1,0
1492-3,163,canteros,267,80,1,83,91,0,1,0
1492-3,164,canteros,267,80,1,84,91,0,1,0
1492-3,165,canteros,267,80,1,82,91,0,1,0
1492-3,166,canteros,267,80,1,85,91,0,1,0
1492-3,167,canteros,267,80,1,86,82,0,1,0
1492-3,168,canteros,267,80,1,80,75,0,1,0
1492-3,169,canteros,267,80,1,80,68,0,1,0
1492-3,170,canteros,267,80,1,77,60,0,1,0
1492-3,171,canteros,267,80,1,77,52,0,1,0
1492-3,172,canteros,267,80,1,77,44,0,1,0
1492-3,173,canteros,267,80,1,77,40,0,1,0
1492-3,174,canteros,267,80,1,83,40,0,1,0
1492-3,175,canteros,267,80,1,83,40,0,1,0
1492-3,176,canteros,267,80,1,82,42,0,1,0
1492-3,177,canteros,267,80,1,82,44,0,1,0
1492-3,178,canteros,267,80,1,86,45,0,1,0
1492-3,179,canteros,267,80,1,86,63,0,1,0
1492-3,180,canteros,267,80,1,87,74,0,1,0
1492-3,181,canteros,267,80,1,86,84,0,1,0
1492-3,182,canteros,267,80,1,84,95,0,1,0
1492-3,183,canteros,267,80,1,86,104,0,1,0
1492-3,184,canteros,267,80,1,83,113,0,1,0
1492-3,185,canteros,267,80,1,85,112,0,1,0
1492-3,186,canteros,267,80,1,82,111,0,1,0
1492-3,187,canteros,267,80,1,84,110,0,1,0
1492-3,188,canteros,267,80,1,86,108,0,1,0
1492-3,189,canteros,267,80,1,85,107,0,1,0
1492-3,190,canteros,267,80,1,87,106,0,1,0
1492-3,191,canteros,267,80,1,85,98,0,1,0
1492-3,192,canteros,267,80,1,78,91,0,1,0
1492-3,193,canteros,267,80,1,79,83,0,1,0
1492-3,194,canteros,267,80,1,75,75,0,1,0
1492-3,195,canteros,267,80,1,76,67,0,1,0
1492-3,196,canteros,267,80,1,75,58,0,1,0
1492-3,197,canteros,267,80,1,76,53,0,1,0
1492-3,198,canteros,267,80,1,81,49,0,1,0
1492-3,199,canteros,267,80,1,82,45,0,1,0
1492-3,200,canteros,267,80,1,83,46,0,1,0
1492-3,1,ferrones,30,36,1,29,65,0,1,0
1492-3,2,ferrones,30,36,1,28,59,0,1,0
1492-3,3,ferrones,30,36,1,27,53,0,1,1
1492-3,4,ferrones,30,36,1,26,48,0,1,1
1492-3,5,ferrones,30,37,1,25,45,0,1,1
1492-3,6,ferrones,30,37,1,7,44,0,1,1
1492-3,7,ferrones,30,37,1,9,41,0,1,1
1492-3,8,ferrones,30,38,1,11,38,0,1,1
1492-3,9,ferrones,30,39,1,21,37,0,1,0
1492-3,10,ferrones,30,39,1,31,36,0,1,1
1492-3,11,ferrones,31,40,1,41,45,0,1,1
1492-3,12,ferrones,30,37,1,33,43,0,1,0
1492-3,13,ferrones,30,38,1,43,51,0,1,1
1492-3,14,ferrones,30,38,1,53,29,0,1,0
1492-3,15,ferrones,30,39,1,63,38,0,1,1
1492-3,16,ferrones,31,40,1,73,47,0,1,1
1492-3,17,ferrones,30,37,1,52,38,0,1,0
1492-3,18,ferrones,30,38,1,66,41,0,1,0
1492-3,19,ferrones,43,39,1,76,43,0,1,1
1492-3,20,ferrones,44,40,1,70,45,0,1,0
1492-3,21,ferrones,43,37,1,59,37,0,1,0
1492-3,22,ferrones,43,38,1,104,40,0,1,0
1492-3,23,ferrones,46,38,1,93,37,0,1,0
1492-3,24,ferrones,46,38,1,108,38,0,1,0
1492-3,25,ferrones,46,38,1,98,38,0,1,0
1492-3,26,ferrones,46,38,1,99,40,0,1,0
1492-3,27,ferrones,46,38,1,96,41,0,1,0
1492-3,28,ferrones,49,38,1,97,42,0,1,0
1492-3,29,ferrones,49,39,1,93,45,0,1,0
1492-3,30,ferrones,52,39,1,97,48,0,1,0
1492-3,31,ferrones,52,39,1,101,50,0,1,0
1492-3,32,ferrones,55,39,1,86,52,0,1,0
1492-3,33,ferrones,55,39,1,101,57,0,1,0
1492-3,34,ferrones,58,39,1,67,57,0,1,0
1492-3,35,ferrones,59,40,1,109,67,0,1,0
1492-3,36,ferrones,59,42,1,72,72,0,1,0
1492-3,37,ferrones,74,44,1,88,81,0,1,0
1492-3,38,ferrones,75,46,1,75,87,0,1,0
1492-3,39,ferrones,75,48,1,82,92,0,1,0
1492-3,40,ferrones,76,50,1,78,96,0,1,0
1492-3,41,ferrones,76,50,1,83,93,0,1,0
1492-3,42,ferrones,79,50,1,79,90,0,1,0
1492-3,43,ferrones,79,50,1,107,87,0,1,0
1492-3,44,ferrones,82,50,1,97,84,0,1,0
1492-3,45,ferrones,82,50,1,107,81,0,1,0
1492-3,46,ferrones,82,50,1,84,78,0,1,0
1492-3,47,ferrones,82,50,1,116,71,0,1,0
1492-3,48,ferrones,82,50,1,77,64,0,1,0
1492-3,49,ferrones,82,50,1,112,63,0,1,0
1492-3,50,ferrones,82,50,1,95,57,0,1,0
1492-3,51,ferrones,82,50,1,106,56,0,1,0
1492-3,52,ferrones,82,50,1,85,53,0,1,0
1492-3,53,ferrones,82,50,1,113,53,0,1,0
1492-3,54,ferrones,92,50,1,99,50,0,1,0
1492-3,55,ferrones,92,50,1,109,51,0,1,0
1492-3,56,ferrones,92,50,1,86,51,0,1,0
1492-3,57,ferrones,92,50,1,117,52,0,1,0
1492-3,58,ferrones,92,50,1,101,50,0,1,0
1492-3,59,ferrones,92,52,1,112,66,0,1,0
1492-3,60,ferrones,92,54,1,90,78,0,1,0
1492-3,61,ferrones,93,56,1,114,91,0,1,0
1492-3,62,ferrones,93,58,1,85,100,0,1,0
1492-3,63,ferrones,94,60,1,110,106,0,1,0
1492-3,64,ferrones,94,60,1,83,111,0,1,0
1492-3,65,ferrones,94,60,1,112,107,0,1,0
1492-3,66,ferrones,94,60,1,87,103,0,1,0
1492-3,67,ferrones,94,60,1,118,99,0,1,0
1492-3,68,ferrones,94,60,1,87,96,0,1,0
1492-3,69,ferrones,94,60,1,119,93,0,1,0
1492-3,70,ferrones,94,60,1,86,90,0,1,0
1492-3,71,ferrones,94,60,1,119,81,0,1,0
1492-3,72,ferrones,94,60,1,79,72,0,1,0
1492-3,73,ferrones,94,60,1,114,68,0,1,0
1492-3,74,ferrones,94,60,1,77,60,0,1,0
1492-3,75,ferrones,94,60,1,108,56,0,1,0
1492-3,76,ferrones,94,60,1,78,48,0,1,0
1492-3,77,ferrones,94,60,1,105,49,0,1,0
1492-3,78,ferrones,94,60,1,82,47,0,1,0
1492-3,79,ferrones,94,60,1,116,47,0,1,0
1492-3,80,ferrones,94,60,1,86,45,0,1,0
1492-3,81,ferrones,94,60,1,116,47,0,1,0
1492-3,82,ferrones,94,60,1,87,45,0,1,0
1492-3,83,ferrones,94,60,1,118,58,0,1,0
1492-3,84,ferrones,94,60,1,88,67,0,1,0
1492-3,85,ferrones,94,60,1,119,79,0,1,0
1492-3,86,ferrones,94,60,1,85,88,0,1,0
1492-3,87,ferrones,94,60,1,120,100,0,1,0
1492-3,88,ferrones,94,60,1,85,107,0,1,0
1492-3,89,ferrones,94,60,1,113,103,0,1,0
1492-3,90,ferrones,94,60,1,85,99,0,1,0
1492-3,91,ferrones,94,60,1,119,96,0,1,0
1492-3,92,ferrones,94,60,1,85,93,0,1,0
1492-3,93,ferrones,94,60,1,120,90,0,1,0
1492-3,94,ferrones,94,60,1,84,87,0,1,0
1492-3,95,ferrones,94,60,1,115,76,0,1,0
1492-3,96,ferrones,94,60,1,78,68,0,1,0
1492-3,97,ferrones,94,60,1,110,66,0,1,0
1492-3,98,ferrones,94,60,1,76,60,0,1,0
1492-3,99,ferrones,94,60,1,107,57,0,1,0
1492-3,100,ferrones,94,60,1,77,50,0,1,0
1492-3,101,ferrones,94,60,1,109,51,0,1,0
1492-3,102,ferrones,94,60,1,84,48,0,1,0
1492-3,103,ferrones,94,60,1,112,49,0,1,0
1492-3,104,ferrones,94,60,1,84,47,0,1,0
1492-3,105,ferrones,94,60,1,115,48,0,1,0
1492-3,106,ferrones,94,60,1,85,46,0,1,0
1492-3,107,ferrones,94,60,1,117,59,0,1,0
1492-3,108,ferrones,94,60,1,86,68,0,1,0
1492-3,109,ferrones,94,60,1,118,80,0,1,0
1492-3,110,ferrones,94,60,1,86,88,0,1,0
1492-3,111,ferrones,94,60,1,119,100,0,1,0
1492-3,112,ferrones,94,60,1,86,107,0,1,0
1492-3,113,ferrones,94,60,1,117,103,0,1,0
1492-3,114,ferrones,94,60,1,86,99,0,1,0
1492-3,115,ferrones,94,60,1,119,96,0,1,0
1492-3,116,ferrones,94,60,1,86,93,0,1,0
1492-3,117,ferrones,94,60,1,120,90,0,1,0
1492-3,118,ferrones,94,60,1,85,87,0,1,0
1492-3,119,ferrones,94,60,1,115,78,0,1,0
1492-3,120,ferrones,94,60,1,79,72,0,1,0
1492-3,121,ferrones,94,60,1,110,70,0,1,0
1492-3,122,ferrones,94,60,1,77,64,0,1,0
1492-3,123,ferrones,94,60,1,107,61,0,1,0
1492-3,124,ferrones,94,60,1,78,54,0,1,0
1492-3,125,ferrones,94,60,1,109,54,0,1,0
1492-3,126,ferrones,94,60,1,82,51,0,1,0
1492-3,127,ferrones,94,60,1,112,52,0,1,0
1492-3,128,ferrones,94,60,1,86,50,0,1,0
1492-3,129,ferrones,94,60,1,115,51,0,1,0
1492-3,130,ferrones,94,60,1,87,49,0,1,0
1492-3,131,ferrones,94,60,1,117,62,0,1,0
1492-3,132,ferrones,94,60,1,88,71,0,1,0
1492-3,133,ferrones,94,60,1,118,83,0,1,0
1492-3,134,ferrones,94,60,1,85,92,0,1,0
1492-3,135,ferrones,94,60,1,119,103,0,1,0
1492-3,136,ferrones,94,60,1,83,108,0,1,0
1492-3,137,ferrones,94,60,1,116,104,0,1,0
1492-3,138,ferrones,94,60,1,87,100,0,1,0
1492-3,139,ferrones,94,60,1,118,96,0,1,0
1492-3,140,ferrones,94,60,1,87,93,0,1,0
1492-3,141,ferrones,94,60,1,119,90,0,1,0
1492-3,142,ferrones,94,60,1,86,87,0,1,0
1492-3,143,ferrones,94,60,1,118,78,0,1,0
1492-3,144,ferrones,94,60,1,80,72,0,1,0
1492-3,145,ferrones,94,60,1,113,70,0,1,0
1492-3,146,ferrones,94,60,1,78,64,0,1,0
1492-3,147,ferrones,94,60,1,110,61,0,1,0
1492-3,148,ferrones,94,60,1,76,55,0,1,0
1492-3,149,ferrones,94,60,1,107,55,0,1,0
1492-3,150,ferrones,94,60,1,83,51,0,1,0
1492-3,151,ferrones,94,60,1,115,52,0,1,0
1492-3,152,ferrones,94,60,1,87,50,0,1,0
1492-3,153,ferrones,94,60,1,114,52,0,1,0
1492-3,154,ferrones,94,60,1,88,50,0,1,0
1492-3,155,ferrones,94,60,1,116,63,0,1,0
1492-3,156,ferrones,94,60,1,86,73,0,1,0
1492-3,157,ferrones,94,60,1,117,92,0,1,0
1492-3,158,ferrones,94,60,1,86,106,0,1,0
1492-3,159,ferrones,94,60,1,115,118,0,1,0
1492-3,160,ferrones,94,60,1,86,129,0,1,0
1492-3,161,ferrones,94,60,1,117,128,0,1,0
1492-3,162,ferrones,94,60,1,86,127,0,1,0
1492-3,163,ferrones,94,60,1,118,122,0,1,0
1492-3,164,ferrones,94,60,1,85,118,0,1,0
1492-3,165,ferrones,94,60,1,118,114,0,1,0
1492-3,166,ferrones,94,60,1,84,110,0,1,0
1492-3,167,ferrones,94,60,1,116,100,0,1,0
1492-3,168,ferrones,94,60,1,76,91,0,1,0
1492-3,169,ferrones,94,60,1,108,82,0,1,0
1492-3,170,ferrones,94,60,1,78,73,0,1,0
1492-3,171,ferrones,94,60,1,108,70,0,1,0
1492-3,172,ferrones,94,60,1,77,64,0,1,0
1492-3,173,ferrones,94,60,1,108,64,0,1,0
1492-3,174,ferrones,94,60,1,85,60,0,1,0
1492-3,175,ferrones,94,60,1,113,60,0,1,0
1492-3,176,ferrones,94,60,1,85,57,0,1,0
1492-3,177,ferrones,94,60,1,117,57,0,1,0
1492-3,178,ferrones,94,60,1,85,54,0,1,0
1492-3,179,ferrones,94,60,1,118,67,0,1,0
1492-3,180,ferrones,94,60,1,86,75,0,1,0
1492-3,181,ferrones,94,60,1,121,87,0,1,0
1492-3,182,ferrones,94,60,1,87,95,0,1,0
1492-3,183,ferrones,94,60,1,118,106,0,1,0
1492-3,184,ferrones,94,60,1,85,111,0,1,0
1492-3,185,ferrones,94,60,1,116,107,0,1,0
1492-3,186,ferrones,94,60,1,83,103,0,1,0
1492-3,187,ferrones,94,60,1,113,99,0,1,0
1492-3,188,ferrones,94,60,1,87,96,0,1,0
1492-3,189,ferrones,94,60,1,119,93,0,1,0
1492-3,190,ferrones,94,60,1,87,90,0,1,0
1492-3,191,ferrones,94,60,1,120,81,0,1,0
1492-3,192,ferrones,94,60,1,80,72,0,1,0
1492-3,193,ferrones,94,60,1,112,70,0,1,0
1492-3,194,ferrones,94,60,1,78,64,0,1,0
1492-3,195,ferrones,94,60,1,111,61,0,1,0
1492-3,196,ferrones,94,60,1,76,55,0,1,0
1492-3,197,ferrones,94,60,1,109,55,0,1,0
1492-3,198,ferrones,94,60,1,83,51,0,1,0
1492-3,199,ferrones,94,60,1,112,52,0,1,0
1492-3,200,ferrones,94,60,1,87,50,0,1,0
1492-3,1,hortelanos,38,76,1,37,63,0,1,0
1492-3,2,hortelanos,37,72,1,10,46,0,1,0
1492-3,3,hortelanos,37,72,1,13,38,0,1,0
1492-3,4,hortelanos,37,72,1,1,43,0,1,1
1492-3,5,hortelanos,37,72,1,4,50,0,1,1
1492-3,6,hortelanos,37,72,1,14,64,0,1,1
1492-3,7,hortelanos,37,72,1,24,90,0,1,1
1492-3,8,hortelanos,36,68,1,14,73,0,1,0
1492-3,9,hortelanos,99,68,1,22,99,0,1,1
1492-3,10,hortelanos,99,68,1,30,124,0,1,0
1492-3,11,hortelanos,167,68,1,38,148,0,1,1
1492-3,12,hortelanos,167,68,1,46,171,0,1,0
1492-3,13,hortelanos,167,68,1,54,193,0,1,1
1492-3,14,hortelanos,167,68,1,62,215,0,1,1
1492-3,15,hortelanos,170,68,1,70,236,0,1,1
1492-3,16,hortelanos,170,68,1,78,256,0,1,0
1492-3,17,hortelanos,170,68,1,86,280,0,1,1
1492-3,18,hortelanos,173,68,1,94,271,0,1,0
1492-3,19,hortelanos,173,68,1,102,294,0,1,0
1492-3,20,hortelanos,173,68,1,110,316,0,1,0
1492-3,21,hortelanos,176,68,1,68,337,0,1,0
1492-3,22,hortelanos,176,68,1,76,353,0,1,0
1492-3,23,hortelanos,176,68,1,84,368,0,1,1
1492-3,24,hortelanos,176,68,1,86,383,0,1,1
1492-3,25,hortelanos,176,68,1,88,397,0,1,1
1492-3,26,hortelanos,179,68,1,90,410,0,1,1
1492-3,27,hortelanos,179,68,1,92,423,0,1,0
1492-3,28,hortelanos,182,68,1,94,435,0,1,1
1492-3,29,hortelanos,182,68,1,96,447,0,1,0
1492-3,30,hortelanos,182,68,1,104,458,0,1,1
1492-3,31,hortelanos,182,68,1,112,469,0,1,1
1492-3,32,hortelanos,185,68,1,70,480,0,1,0
1492-3,33,hortelanos,185,68,1,78,490,0,1,0
1492-3,34,hortelanos,188,68,1,86,500,0,1,1
1492-3,35,hortelanos,188,68,1,94,509,0,1,0
1492-3,36,hortelanos,188,68,1,102,518,0,1,1
1492-3,37,hortelanos,188,68,1,110,527,0,1,1
1492-3,38,hortelanos,188,68,1,68,535,0,1,0
1492-3,39,hortelanos,188,68,1,76,543,0,1,1
1492-3,40,hortelanos,191,68,1,84,551,0,1,1
1492-3,41,hortelanos,191,68,1,92,558,0,1,0
1492-3,42,hortelanos,191,68,1,100,565,0,1,1
1492-3,43,hortelanos,191,68,1,78,533,0,1,0
1492-3,44,hortelanos,194,68,1,86,541,0,1,1
1492-3,45,hortelanos,248,138,2,94,549,0,1,0
1492-3,46,hortelanos,248,138,2,94,520,0,1,0
1492-3,47,hortelanos,248,138,2,94,510,0,1,0
1492-3,48,hortelanos,248,138,2,103,499,0,1,0
1492-3,49,hortelanos,248,138,2,112,501,0,1,0
1492-3,50,hortelanos,248,138,2,71,515,0,1,0
1492-3,51,hortelanos,248,138,2,80,528,0,1,1
1492-3,52,hortelanos,248,138,2,89,533,0,1,0
1492-3,53,hortelanos,248,138,2,98,546,0,1,1
1492-3,54,hortelanos,248,138,2,113,558,0,1,1
1492-3,55,hortelanos,248,138,2,78,570,0,1,0
1492-3,56,hortelanos,248,138,2,93,581,0,1,1
1492-3,57,hortelanos,248,138,2,108,592,0,1,1
1492-3,58,hortelanos,248,138,2,123,602,0,1,1
1492-3,59,hortelanos,248,138,2,88,612,0,1,0
1492-3,60,hortelanos,248,138,2,103,622,0,1,1
1492-3,61,hortelanos,248,138,2,118,631,0,1,1
1492-3,62,hortelanos,248,138,2,133,640,0,1,0
1492-3,63,hortelanos,248,138,2,98,648,0,1,1
1492-3,64,hortelanos,248,138,2,113,656,0,1,1
1492-3,65,hortelanos,248,138,2,128,664,0,1,0
1492-3,66,hortelanos,248,138,2,143,672,0,1,1
1492-3,67,hortelanos,248,138,2,108,679,0,1,1
1492-3,68,hortelanos,248,138,2,123,686,0,1,1
1492-3,69,hortelanos,248,138,2,138,693,0,1,0
1492-3,70,hortelanos,248,138,2,153,699,0,1,1
1492-3,71,hortelanos,248,138,2,118,705,0,1,1
1492-3,72,hortelanos,248,138,2,97,672,0,1,0
1492-3,73,hortelanos,248,138,2,106,679,0,1,1
1492-3,74,hortelanos,310,198,3,115,686,0,1,1
1492-3,75,hortelanos,310,198,3,60,654,0,1,0
1492-3,76,hortelanos,310,198,3,70,660,0,1,0
1492-3,77,hortelanos,310,198,3,80,666,0,1,1
1492-3,78,hortelanos,310,198,3,96,689,0,1,1
1492-3,79,hortelanos,310,198,3,112,711,0,1,1
1492-3,80,hortelanos,310,198,3,78,732,0,1,0
1492-3,81,hortelanos,313,198,3,94,752,0,1,1
1492-3,82,hortelanos,313,198,3,110,771,0,1,0
1492-3,83,hortelanos,313,198,3,126,790,0,1,0
1492-3,84,hortelanos,313,198,3,92,808,0,1,1
1492-3,85,hortelanos,313,198,3,108,825,0,1,1
1492-3,86,hortelanos,313,198,3,124,841,0,1,1
1492-3,87,hortelanos,313,198,3,140,857,0,1,0
1492-3,88,hortelanos,313,198,3,106,872,0,1,1
1492-3,89,hortelanos,313,198,3,122,887,0,1,1
1492-3,90,hortelanos,313,198,3,138,901,0,1,0
1492-3,91,hortelanos,313,198,3,154,909,0,1,0
1492-3,92,hortelanos,313,198,3,120,922,0,1,1
1492-3,93,hortelanos,313,198,3,106,894,0,1,0
1492-3,94,hortelanos,313,198,3,122,908,0,1,1
1492-3,95,hortelanos,347,250,4,138,921,0,1,0
1492-3,96,hortelanos,347,252,4,121,865,0,1,0
1492-3,97,hortelanos,347,254,4,84,866,0,1,0
1492-3,98,hortelanos,381,321,5,97,867,0,1,1
1492-3,99,hortelanos,381,323,5,115,847,0,1,0
1492-3,100,hortelanos,381,323,5,85,828,0,1,0
1492-3,101,hortelanos,381,323,5,105,815,0,1,1
1492-3,102,hortelanos,381,323,5,131,802,0,1,1
1492-3,103,hortelanos,381,323,5,157,790,0,1,0
1492-3,104,hortelanos,381,323,5,133,773,0,1,0
1492-3,105,hortelanos,381,323,5,159,760,0,1,0
1492-3,106,hortelanos,381,323,5,185,749,0,1,1
1492-3,107,hortelanos,384,323,5,211,739,0,1,1
1492-3,108,hortelanos,384,323,5,187,729,0,1,0
1492-3,109,hortelanos,384,323,5,213,720,0,1,1
1492-3,110,hortelanos,384,323,5,239,711,0,1,1
1492-3,111,hortelanos,384,323,5,265,702,0,1,1
1492-3,112,hortelanos,387,323,5,291,694,0,1,1
1492-3,113,hortelanos,387,323,5,317,686,0,1,0
1492-3,114,hortelanos,387,323,5,343,678,0,1,0
1492-3,115,hortelanos,387,323,5,363,671,0,1,0
1492-3,116,hortelanos,387,323,5,327,659,0,1,0
1492-3,117,hortelanos,387,323,5,311,614,0,1,0
1492-3,118,hortelanos,387,323,5,325,606,0,1,0
1492-3,119,hortelanos,419,383,6,339,599,0,1,1
1492-3,120,hortelanos,419,383,6,322,536,0,1,0
1492-3,121,hortelanos,422,383,6,285,520,0,1,0
1492-3,122,hortelanos,450,423,7,298,504,0,1,0
1492-3,123,hortelanos,450,423,7,310,480,0,1,0
1492-3,124,hortelanos,450,423,7,276,456,0,1,0
1492-3,125,hortelanos,450,423,7,296,433,0,1,0
1492-3,126,hortelanos,450,423,7,322,411,0,1,1
1492-3,127,hortelanos,450,423,7,348,388,0,1,1
1492-3,128,hortelanos,450,423,7,324,368,0,1,1
1492-3,129,hortelanos,450,423,7,300,345,0,1,0
1492-3,130,hortelanos,450,423,7,326,327,0,1,0
1492-3,131,hortelanos,450,423,7,352,310,0,1,1
1492-3,132,hortelanos,450,423,7,378,293,0,1,1
1492-3,133,hortelanos,450,423,7,354,277,0,1,1
1492-3,134,hortelanos,453,423,7,380,262,0,1,1
1492-3,135,hortelanos,453,423,7,406,247,0,1,0
1492-3,136,hortelanos,453,423,7,432,233,0,1,0
1492-3,137,hortelanos,454,425,7,452,226,0,1,1
1492-3,138,hortelanos,454,427,7,472,215,0,1,1
1492-3,139,hortelanos,454,429,7,492,208,0,1,1
1492-3,140,hortelanos,455,431,7,512,200,0,1,1
1492-3,141,hortelanos,455,431,7,532,192,0,1,1
1492-3,142,hortelanos,455,431,7,552,185,0,1,1
1492-3,143,hortelanos,455,431,7,572,171,0,1,1
1492-3,144,hortelanos,455,431,7,536,158,0,1,0
1492-3,145,hortelanos,455,431,7,550,145,0,1,0
1492-3,146,hortelanos,455,431,7,568,133,0,1,1
1492-3,147,hortelanos,455,431,7,586,121,0,1,1
1492-3,148,hortelanos,455,431,7,554,110,0,1,1
1492-3,149,hortelanos,455,431,7,572,99,0,1,0
1492-3,150,hortelanos,455,431,7,596,89,0,1,1
1492-3,151,hortelanos,455,431,7,620,79,0,1,0
1492-3,152,hortelanos,455,433,7,593,88,0,1,1
1492-3,153,hortelanos,456,435,7,618,96,0,1,0
1492-3,154,hortelanos,456,437,7,643,103,0,1,1
1492-3,155,hortelanos,456,439,7,668,109,0,1,1
1492-3,156,hortelanos,457,441,7,643,115,0,1,1
1492-3,157,hortelanos,457,443,7,668,120,0,1,1
1492-3,158,hortelanos,457,443,7,695,124,0,1,1
1492-3,159,hortelanos,457,443,7,722,128,0,1,1
1492-3,160,hortelanos,457,443,7,749,132,0,1,1
1492-3,161,hortelanos,457,443,7,776,145,0,1,1
1492-3,162,hortelanos,457,443,7,753,158,0,1,0
1492-3,163,hortelanos,457,443,7,780,170,0,1,0
1492-3,164,hortelanos,457,443,7,807,182,0,1,1
1492-3,165,hortelanos,457,443,7,804,155,0,1,0
1492-3,166,hortelanos,457,443,7,781,168,0,1,1
1492-3,167,hortelanos,488,498,8,808,170,0,1,0
1492-3,168,hortelanos,488,498,8,825,159,0,1,0
1492-3,169,hortelanos,488,498,8,792,148,0,1,0
1492-3,170,hortelanos,488,498,8,809,138,0,1,0
1492-3,171,hortelanos,488,498,8,826,128,0,1,1
1492-3,172,hortelanos,488,498,8,843,119,0,1,1
1492-3,173,hortelanos,488,498,8,810,110,0,1,1
1492-3,174,hortelanos,488,498,8,833,101,0,1,0
1492-3,175,hortelanos,488,498,8,856,93,0,1,1
1492-3,176,hortelanos,488,498,8,879,85,0,1,0
1492-3,177,hortelanos,488,498,8,849,77,0,1,1
1492-3,178,hortelanos,488,498,8,869,70,0,1,0
1492-3,179,hortelanos,488,498,8,889,63,0,1,1
1492-3,180,hortelanos,488,498,8,909,56,0,1,1
1492-3,181,hortelanos,488,498,8,879,49,0,1,1
1492-3,182,hortelanos,488,498,8,899,43,0,1,1
1492-3,183,hortelanos,488,498,8,919,37,0,1,1
1492-3,184,hortelanos,488,498,8,939,31,0,1,1
1492-3,185,hortelanos,488,498,8,959,25,0,1,1
1492-3,186,hortelanos,488,498,8,979,20,0,1,1
1492-3,187,hortelanos,488,498,8,999,15,0,1,1
1492-3,188,hortelanos,488,498,8,1019,10,0,1,1
1492-3,189,hortelanos,488,498,8,1039,5,0,1,0
1492-3,190,hortelanos,488,498,8,1063,0,0,1,1
1492-3,191,hortelanos,487,498,8,1087,0,1,1,1
1492-3,192,hortelanos,486,498,8,1105,0,1,1,1
1492-3,193,hortelanos,483,488,8,1123,0,1,1,1
1492-3,194,hortelanos,480,479,8,1133,0,1,1,0
1492-3,195,hortelanos,478,471,8,1138,0,1,1,0
1492-3,196,hortelanos,475,463,8,1139,0,1,1,0
1492-3,197,hortelanos,473,455,8,1134,0,1,1,0
1492-3,198,hortelanos,470,447,8,1131,0,1,1,0
1492-3,199,hortelanos,467,439,8,1122,0,1,1,0
1492-3,200,hortelanos,465,431,8,1106,0,1,1,0
1492-3,1,mercaderes,40,86,1,34,57,0,1,0
1492-3,2,mercaderes,40,86,1,38,44,0,1,0
1492-3,3,mercaderes,40,86,1,42,31,0,1,1
1492-3,4,mercaderes,40,86,1,46,19,0,1,1
1492-3,5,mercaderes,40,86,1,50,11,0,1,1
1492-3,6,mercaderes,40,86,1,70,5,0,1,0
1492-3,7,mercaderes,39,86,1,80,0,1,1,0
1492-3,8,mercaderes,38,86,1,86,1,1,1,0
1492-3,9,mercaderes,36,84,1,86,2,1,1,0
1492-3,10,mercaderes,35,82,1,92,2,1,1,0
1492-3,11,mercaderes,35,82,1,92,14,0,1,0
1492-3,12,mercaderes,35,82,1,95,27,0,1,0
1492-3,13,mercaderes,35,82,1,85,39,0,1,0
1492-3,14,mercaderes,35,82,1,98,49,0,1,0
1492-3,15,mercaderes,35,82,1,91,59,0,1,0
1492-3,16,mercaderes,34,78,1,72,61,0,1,0
1492-3,17,mercaderes,33,74,1,72,51,0,1,0
1492-3,18,mercaderes,33,70,1,66,41,0,1,0
1492-3,19,mercaderes,33,70,1,92,42,0,1,0
1492-3,20,mercaderes,33,70,1,78,42,0,1,0
1492-3,21,mercaderes,33,70,1,93,45,0,1,0
1492-3,22,mercaderes,33,70,1,82,47,0,1,0
1492-3,23,mercaderes,32,66,1,74,33,0,1,0
1492-3,24,mercaderes,32,66,1,78,29,0,1,0
1492-3,25,mercaderes,32,66,1,80,25,0,1,0
1492-3,26,mercaderes,32,66,1,74,22,0,1,0
1492-3,27,mercaderes,32,66,1,76,19,0,1,0
1492-3,28,mercaderes,32,66,1,80,15,0,1,0
1492-3,29,mercaderes,32,66,1,82,15,0,1,0
1492-3,30,mercaderes,32,66,1,82,16,0,1,0
1492-3,31,mercaderes,32,66,1,84,17,0,1,0
1492-3,32,mercaderes,32,66,1,84,18,0,1,0
1492-3,33,mercaderes,32,66,1,86,19,0,1,0
1492-3,34,mercaderes,32,66,1,86,20,0,1,0
1492-3,35,mercaderes,32,66,1,88,35,0,1,0
1492-3,36,mercaderes,32,66,1,88,50,0,1,0
1492-3,37,mercaderes,32,66,1,87,65,0,1,0
1492-3,38,mercaderes,32,66,1,87,49,0,1,0
1492-3,39,mercaderes,32,66,1,89,63,0,1,0
1492-3,40,mercaderes,32,66,1,89,76,0,1,0
1492-3,41,mercaderes,60,66,1,88,78,0,1,0
1492-3,42,mercaderes,60,66,1,88,80,0,1,0
1492-3,43,mercaderes,63,66,1,87,82,0,1,0
1492-3,44,mercaderes,63,66,1,88,84,0,1,0
1492-3,45,mercaderes,63,66,1,90,84,0,1,0
1492-3,46,mercaderes,63,66,1,88,86,0,1,0
1492-3,47,mercaderes,63,66,1,90,81,0,1,0
1492-3,48,mercaderes,66,66,1,81,76,0,1,0
1492-3,49,mercaderes,66,66,1,83,72,0,1,0
1492-3,50,mercaderes,69,66,1,77,67,0,1,0
1492-3,51,mercaderes,69,66,1,79,62,0,1,0
1492-3,52,mercaderes,72,66,1,83,56,0,1,0
1492-3,53,mercaderes,72,66,1,75,55,0,1,0
1492-3,54,mercaderes,72,66,1,85,54,0,1,0
1492-3,55,mercaderes,75,66,1,87,52,0,1,0
1492-3,56,mercaderes,75,66,1,87,51,0,1,0
1492-3,57,mercaderes,75,66,1,89,50,0,1,0
1492-3,58,mercaderes,78,66,1,89,50,0,1,0
1492-3,59,mercaderes,78,66,1,88,65,0,1,0
1492-3,60,mercaderes,78,66,1,88,79,0,1,0
1492-3,61,mercaderes,78,66,1,87,93,0,1,0
1492-3,62,mercaderes,78,66,1,87,106,0,1,0
1492-3,63,mercaderes,81,66,1,89,118,0,1,0
1492-3,64,mercaderes,81,66,1,84,127,0,1,0
1492-3,65,mercaderes,81,66,1,86,124,0,1,0
1492-3,66,mercaderes,81,66,1,87,121,0,1,0
1492-3,67,mercaderes,84,66,1,89,119,0,1,0
1492-3,68,mercaderes,84,66,1,84,117,0,1,0
1492-3,69,mercaderes,87,66,1,86,115,0,1,0
1492-3,70,mercaderes,87,66,1,87,113,0,1,0
1492-3,71,mercaderes,87,66,1,89,104,0,1,0
1492-3,72,mercaderes,87,66,1,78,96,0,1,0
1492-3,73,mercaderes,87,66,1,79,88,0,1,0
1492-3,74,mercaderes,87,66,1,74,82,0,1,0
1492-3,75,mercaderes,87,66,1,75,76,0,1,0
1492-3,76,mercaderes,90,66,1,80,70,0,1,0
1492-3,77,mercaderes,90,66,1,81,68,0,1,0
1492-3,78,mercaderes,90,66,1,82,67,0,1,0
1492-3,79,mercaderes,90,66,1,83,66,0,1,0
1492-3,80,mercaderes,90,66,1,84,65,0,1,0
1492-3,81,mercaderes,90,66,1,85,64,0,1,0
1492-3,82,mercaderes,90,66,1,86,63,0,1,0
1492-3,83,mercaderes,90,66,1,87,73,0,1,0
1492-3,84,mercaderes,90,66,1,88,86,0,1,0
1492-3,85,mercaderes,90,66,1,89,98,0,1,0
1492-3,86,mercaderes,90,66,1,87,111,0,1,0
1492-3,87,mercaderes,93,66,1,88,123,0,1,0
1492-3,88,mercaderes,93,66,1,84,132,0,1,0
1492-3,89,mercaderes,93,66,1,85,129,0,1,0
1492-3,90,mercaderes,96,66,1,87,126,0,1,0
1492-3,91,mercaderes,96,66,1,88,123,0,1,0
1492-3,92,mercaderes,96,66,1,84,120,0,1,0
1492-3,93,mercaderes,96,66,1,85,118,0,1,0
1492-3,94,mercaderes,96,66,1,87,116,0,1,0
1492-3,95,mercaderes,96,66,1,88,107,0,1,0
1492-3,96,mercaderes,96,66,1,77,94,0,1,0
1492-3,97,mercaderes,96,66,1,78,86,0,1,0
1492-3,98,mercaderes,99,66,1,83,79,0,1,0
1492-3,99,mercaderes,99,66,1,74,74,0,1,0
1492-3,100,mercaderes,99,66,1,79,69,0,1,0
1492-3,101,mercaderes,99,66,1,80,67,0,1,0
1492-3,102,mercaderes,99,66,1,81,66,0,1,0
1492-3,103,mercaderes,99,66,1,82,65,0,1,0
1492-3,104,mercaderes,99,66,1,83,64,0,1,0
1492-3,105,mercaderes,99,66,1,84,63,0,1,0
1492-3,106,mercaderes,99,66,1,85,62,0,1,0
1492-3,107,mercaderes,99,66,1,86,75,0,1,0
1492-3,108,mercaderes,99,66,1,87,88,0,1,0
1492-3,109,mercaderes,99,66,1,88,100,0,1,0
1492-3,110,mercaderes,99,66,1,89,112,0,1,0
1492-3,111,mercaderes,99,66,1,87,124,0,1,0
1492-3,112,mercaderes,99,66,1,86,133,0,1,0
1492-3,113,mercaderes,99,66,1,84,130,0,1,0
1492-3,114,mercaderes,99,66,1,89,127,0,1,0
1492-3,115,mercaderes,99,66,1,87,124,0,1,0
1492-3,116,mercaderes,99,66,1,86,121,0,1,0
1492-3,117,mercaderes,99,66,1,84,119,0,1,0
1492-3,118,mercaderes,99,66,1,89,117,0,1,0
1492-3,119,mercaderes,99,66,1,87,108,0,1,0
1492-3,120,mercaderes,99,66,1,79,99,0,1,0
1492-3,121,mercaderes,99,66,1,77,91,0,1,0
1492-3,122,mercaderes,99,66,1,75,85,0,1,0
1492-3,123,mercaderes,99,66,1,83,78,0,1,0
1492-3,124,mercaderes,99,66,1,81,72,0,1,0
1492-3,125,mercaderes,99,66,1,79,69,0,1,0
1492-3,126,mercaderes,99,66,1,83,66,0,1,0
1492-3,127,mercaderes,99,66,1,81,63,0,1,0
1492-3,128,mercaderes,99,66,1,85,60,0,1,0
1492-3,129,mercaderes,99,66,1,83,57,0,1,0
1492-3,130,mercaderes,99,66,1,87,54,0,1,0
1492-3,131,mercaderes,99,66,1,85,68,0,1,0
1492-3,132,mercaderes,99,66,1,89,81,0,1,0
1492-3,133,mercaderes,99,66,1,87,94,0,1,0
1492-3,134,mercaderes,99,66,1,88,107,0,1,0
1492-3,135,mercaderes,99,66,1,89,119,0,1,0
1492-3,136,mercaderes,99,66,1,85,128,0,1,0
1492-3,137,mercaderes,99,66,1,86,125,0,1,0
1492-3,138,mercaderes,99,66,1,88,122,0,1,0
1492-3,139,mercaderes,99,66,1,89,120,0,1,0
1492-3,140,mercaderes,99,66,1,85,118,0,1,0
1492-3,141,mercaderes,99,66,1,86,116,0,1,0
1492-3,142,mercaderes,99,66,1,88,114,0,1,0
1492-3,143,mercaderes,99,66,1,89,105,0,1,0
1492-3,144,mercaderes,99,66,1,78,96,0,1,0
1492-3,145,mercaderes,99,66,1,79,88,0,1,0
1492-3,146,mercaderes,99,66,1,74,82,0,1,0
1492-3,147,mercaderes,99,66,1,75,76,0,1,0
1492-3,148,mercaderes,99,66,1,80,70,0,1,0
1492-3,149,mercaderes,99,66,1,81,68,0,1,0
1492-3,150,mercaderes,99,66,1,82,67,0,1,0
1492-3,151,mercaderes,99,66,1,83,66,0,1,0
1492-3,152,mercaderes,99,66,1,89,65,0,1,0
1492-3,153,mercaderes,99,66,1,90,64,0,1,0
1492-3,154,mercaderes,99,66,1,93,64,0,1,0
1492-3,155,mercaderes,99,66,1,94,78,0,1,0
1492-3,156,mercaderes,99,66,1,97,92,0,1,0
1492-3,157,mercaderes,99,66,1,98,105,0,1,0
1492-3,158,mercaderes,99,66,1,91,119,0,1,0
1492-3,159,mercaderes,99,66,1,93,128,0,1,0
1492-3,160,mercaderes,99,66,1,93,137,0,1,0
1492-3,161,mercaderes,99,66,1,95,139,0,1,0
1492-3,162,mercaderes,99,66,1,95,141,0,1,0
1492-3,163,mercaderes,99,66,1,96,143,0,1,0
1492-3,164,mercaderes,99,66,1,96,144,0,1,0
1492-3,165,mercaderes,99,66,1,91,145,0,1,0
1492-3,166,mercaderes,99,66,1,91,146,0,1,0
1492-3,167,mercaderes,99,66,1,92,136,0,1,0
1492-3,168,mercaderes,99,66,1,84,126,0,1,0
1492-3,169,mercaderes,99,66,1,85,117,0,1,0
1492-3,170,mercaderes,99,66,1,84,108,0,1,0
1492-3,171,mercaderes,99,66,1,85,99,0,1,0
1492-3,172,mercaderes,99,66,1,84,91,0,1,0
1492-3,173,mercaderes,99,66,1,84,93,0,1,0
1492-3,174,mercaderes,99,66,1,91,95,0,1,0
1492-3,175,mercaderes,99,66,1,91,97,0,1,0
1492-3,176,mercaderes,99,66,1,95,99,0,1,0
1492-3,177,mercaderes,99,66,1,95,101,0,1,0
1492-3,178,mercaderes,99,66,1,99,103,0,1,0
1492-3,179,mercaderes,99,66,1,99,116,0,1,0
1492-3,180,mercaderes,99,66,1,94,125,0,1,0
1492-3,181,mercaderes,99,66,1,94,134,0,1,0
1492-3,182,mercaderes,99,66,1,49,143,0,1,0
1492-3,183,mercaderes,99,66,1,70,149,0,1,1
1492-3,184,mercaderes,99,66,1,81,155,0,1,0
1492-3,185,mercaderes,99,66,1,84,149,0,1,0
1492-3,186,mercaderes,99,66,1,89,144,0,1,0
1492-3,187,mercaderes,99,66,1,92,139,0,1,0
1492-3,188,mercaderes,99,66,1,87,134,0,1,0
1492-3,189,mercaderes,99,66,1,93,129,0,1,0
1492-3,190,mercaderes,99,66,1,88,124,0,1,0
1492-3,191,mercaderes,99,66,1,92,113,0,1,0
1492-3,192,mercaderes,99,66,1,81,102,0,1,0
1492-3,193,mercaderes,99,66,1,88,95,0,1,0
1492-3,194,mercaderes,99,66,1,78,87,0,1,0
1492-3,195,mercaderes,99,66,1,84,80,0,1,0
1492-3,196,mercaderes,99,66,1,77,73,0,1,0
1492-3,197,mercaderes,99,66,1,83,70,0,1,0
1492-3,198,mercaderes,99,66,1,94,66,0,1,0
1492-3,199,mercaderes,99,66,1,90,63,0,1,0
1492-3,200,mercaderes,99,66,1,98,61,0,1,0
1492-3,1,mesta,29,30,1,42,75,0,1,0
1492-3,2,mesta,29,30,1,41,69,0,1,0
1492-3,3,mesta,29,30,1,40,63,0,1,1
1492-3,4,mesta,29,30,1,39,57,0,1,1
1492-3,5,mesta,29,30,1,38,52,0,1,1
1492-3,6,mesta,29,30,1,48,49,0,1,1
1492-3,7,mesta,29,30,1,58,47,0,1,1
1492-3,8,mesta,29,30,1,68,45,0,1,1
1492-3,9,mesta,29,30,1,78,43,0,1,1
1492-3,10,mesta,28,28,1,58,41,0,1,0
1492-3,11,mesta,28,29,1,66,48,0,1,1
1492-3,12,mesta,29,30,1,74,54,0,1,1
1492-3,13,mesta,29,31,1,84,60,0,1,1
1492-3,14,mesta,29,32,1,94,66,0,1,1
1492-3,15,mesta,44,33,1,104,71,0,1,1
1492-3,16,mesta,44,34,1,114,75,0,1,1
1492-3,17,mesta,45,35,1,124,74,0,1,1
1492-3,18,mesta,45,35,1,134,73,0,1,1
1492-3,19,mesta,45,35,1,144,72,0,1,1
1492-3,20,mesta,45,35,1,154,72,0,1,1
1492-3,21,mesta,45,35,1,164,71,0,1,1
1492-3,22,mesta,45,35,1,174,70,0,1,1
1492-3,23,mesta,45,35,1,184,66,0,1,1
1492-3,24,mesta,45,35,1,191,62,0,1,1
1492-3,25,mesta,45,35,1,198,59,0,1,1
1492-3,26,mesta,45,35,1,205,56,0,1,1
1492-3,27,mesta,45,35,1,212,53,0,1,1
1492-3,28,mesta,45,35,1,219,50,0,1,1
1492-3,29,mesta,45,35,1,226,48,0,1,1
1492-3,30,mesta,44,33,1,206,46,0,1,0
1492-3,31,mesta,44,33,1,216,46,0,1,1
1492-3,32,mesta,44,33,1,226,45,0,1,1
1492-3,33,mesta,44,33,1,236,44,0,1,1
1492-3,34,mesta,44,33,1,246,43,0,1,1
1492-3,35,mesta,44,34,1,256,48,0,1,1
1492-3,36,mesta,45,35,1,266,53,0,1,1
1492-3,37,mesta,45,36,1,276,58,0,1,1
1492-3,38,mesta,45,37,1,286,62,0,1,1
1492-3,39,mesta,45,38,1,296,66,0,1,1
1492-3,40,mesta,45,39,1,306,70,0,1,1
1492-3,41,mesta,45,39,1,316,69,0,1,1
1492-3,42,mesta,45,39,1,326,68,0,1,1
1492-3,43,mesta,45,39,1,336,67,0,1,1
1492-3,44,mesta,45,39,1,346,66,0,1,1
1492-3,45,mesta,45,39,1,356,64,0,1,1
1492-3,46,mesta,45,39,1,366,62,0,1,1
1492-3,47,mesta,45,39,1,376,58,0,1,1
1492-3,48,mesta,45,37,1,353,54,0,1,0
1492-3,49,mesta,45,37,1,360,51,0,1,1
1492-3,50,mesta,45,37,1,367,48,0,1,1
1492-3,51,mesta,45,37,1,374,45,0,1,1
1492-3,52,mesta,45,37,1,381,42,0,1,1
1492-3,53,mesta,45,37,1,388,40,0,1,1
1492-3,54,mesta,45,37,1,398,38,0,1,1
1492-3,55,mesta,45,37,1,408,36,0,1,1
1492-3,56,mesta,45,37,1,418,33,0,1,1
1492-3,57,mesta,45,37,1,428,30,0,1,1
1492-3,58,mesta,45,37,1,438,27,0,1,1
1492-3,59,mesta,45,38,1,448,31,0,1,1
1492-3,60,mesta,45,39,1,458,35,0,1,1
1492-3,61,mesta,46,40,1,468,39,0,1,1
1492-3,62,mesta,45,37,1,460,32,0,1,0
1492-3,63,mesta,44,33,1,450,26,0,1,0
1492-3,64,mesta,44,34,1,340,31,0,1,0
1492-3,65,mesta,44,34,1,547,44,0,1,0
1492-3,66,mesta,44,33,1,446,55,0,1,0
1492-3,67,mesta,44,34,1,373,37,0,1,0
1492-3,68,mesta,45,35,1,298,39,0,1,0
1492-3,69,mesta,45,35,1,229,53,0,1,0
1492-3,70,mesta,45,35,1,157,66,0,1,0
1492-3,71,mesta,58,35,1,106,76,0,1,0
1492-3,72,mesta,58,35,1,96,72,0,1,0
1492-3,73,mesta,58,35,1,84,67,0,1,0
1492-3,74,mesta,58,35,1,79,61,0,1,0
1492-3,75,mesta,58,35,1,79,55,0,1,0
1492-3,76,mesta,58,35,1,74,49,0,1,0
1492-3,77,mesta,58,35,1,74,47,0,1,0
1492-3,78,mesta,61,35,1,81,46,0,1,0
1492-3,79,mesta,61,35,1,81,45,0,1,0
1492-3,80,mesta,61,35,1,79,45,0,1,0
1492-3,81,mesta,61,35,1,78,45,0,1,0
1492-3,82,mesta,64,35,1,76,45,0,1,0
1492-3,83,mesta,64,36,1,74,51,0,1,0
1492-3,84,mesta,64,37,1,226,55,0,1,0
1492-3,85,mesta,64,38,1,126,59,0,1,0
1492-3,86,mesta,64,39,1,111,75,0,1,0
1492-3,87,mesta,65,40,1,94,84,0,1,0
1492-3,88,mesta,64,37,1,71,75,0,1,0
1492-3,89,mesta,67,37,1,85,72,0,1,0
1492-3,90,mesta,67,37,1,74,70,0,1,0
1492-3,91,mesta,67,37,1,82,68,0,1,0
1492-3,92,mesta,67,37,1,77,66,0,1,0
1492-3,93,mesta,67,37,1,79,63,0,1,0
1492-3,94,mesta,67,37,1,80,60,0,1,0
1492-3,95,mesta,67,37,1,76,52,0,1,0
1492-3,96,mesta,67,37,1,74,45,0,1,0
1492-3,97,mesta,67,37,1,79,41,0,1,0
1492-3,98,mesta,67,37,1,77,37,0,1,0
1492-3,99,mesta,70,37,1,72,34,0,1,0
1492-3,100,mesta,70,37,1,80,30,0,1,0
1492-3,101,mesta,70,37,1,75,27,0,1,0
1492-3,102,mesta,70,37,1,76,26,0,1,0
1492-3,103,mesta,70,37,1,81,24,0,1,0
1492-3,104,mesta,70,37,1,82,22,0,1,0
1492-3,105,mesta,70,37,1,77,21,0,1,0
1492-3,106,mesta,70,37,1,78,20,0,1,0
1492-3,107,mesta,70,37,1,83,25,0,1,0
1492-3,108,mesta,70,38,1,74,30,0,1,0
1492-3,109,mesta,70,39,1,79,35,0,1,0
1492-3,110,mesta,71,40,1,80,39,0,1,0
1492-3,111,mesta,70,37,1,57,33,0,1,0
1492-3,112,mesta,70,38,1,73,38,0,1,0
1492-3,113,mesta,70,38,1,70,36,0,1,0
1492-3,114,mesta,70,38,1,79,35,0,1,0
1492-3,115,mesta,70,38,1,76,34,0,1,0
1492-3,116,mesta,70,38,1,75,34,0,1,0
1492-3,117,mesta,70,38,1,82,33,0,1,0
1492-3,118,mesta,70,38,1,81,32,0,1,0
1492-3,119,mesta,70,38,1,78,29,0,1,0
1492-3,120,mesta,70,38,1,74,26,0,1,0
1492-3,121,mesta,70,38,1,71,24,0,1,0
1492-3,122,mesta,70,38,1,77,21,0,1,0
1492-3,123,mesta,70,38,1,74,18,0,1,0
1492-3,124,mesta,70,38,1,80,15,0,1,0
1492-3,125,mesta,70,38,1,77,13,0,1,0
1492-3,126,mesta,70,38,1,76,12,0,1,0
1492-3,127,mesta,70,38,1,83,10,0,1,0
1492-3,128,mesta,70,38,1,82,8,0,1,0
1492-3,129,mesta,70,38,1,79,7,0,1,0
1492-3,130,mesta,70,38,1,78,6,0,1,0
1492-3,131,mesta,70,38,1,75,12,0,1,0
1492-3,132,mesta,70,38,1,74,18,0,1,0
1492-3,133,mesta,70,38,1,81,23,0,1,0
1492-3,134,mesta,70,38,1,80,27,0,1,0
1492-3,135,mesta,70,39,1,77,32,0,1,0
1492-3,136,mesta,71,40,1,76,37,0,1,0
1492-3,137,mesta,71,40,1,85,35,0,1,0
1492-3,138,mesta,71,40,1,84,33,0,1,0
1492-3,139,mesta,71,40,1,83,32,0,1,0
1492-3,140,mesta,71,40,1,82,31,0,1,0
1492-3,141,mesta,71,40,1,81,30,0,1,0
1492-3,142,mesta,71,40,1,80,29,0,1,0
1492-3,143,mesta,71,40,1,79,26,0,1,0
1492-3,144,mesta,71,40,1,74,23,0,1,0
1492-3,145,mesta,71,40,1,73,20,0,1,0
1492-3,146,mesta,71,40,1,78,16,0,1,0
1492-3,147,mesta,71,40,1,77,12,0,1,0
1492-3,148,mesta,71,40,1,72,9,0,1,0
1492-3,149,mesta,71,40,1,81,6,0,1,0
1492-3,150,mesta,71,40,1,80,3,0,1,0
1492-3,151,mesta,70,40,1,79,2,1,1,0
1492-3,152,mesta,69,40,1,78,2,1,1,0
1492-3,153,mesta,67,39,1,77,2,1,1,0
1492-3,154,mesta,66,38,1,74,2,1,1,0
1492-3,155,mesta,66,38,1,83,7,0,1,0
1492-3,156,mesta,66,38,1,80,12,0,1,0
1492-3,157,mesta,66,38,1,79,18,0,1,0
1492-3,158,mesta,66,38,1,76,24,0,1,0
1492-3,159,mesta,66,38,1,75,29,0,1,0
1492-3,160,mesta,66,39,1,82,33,0,1,0
1492-3,161,mesta,66,39,1,81,32,0,1,0
1492-3,162,mesta,66,39,1,78,32,0,1,0
1492-3,163,mesta,66,39,1,77,32,0,1,0
1492-3,164,mesta,66,39,1,74,32,0,1,0
1492-3,165,mesta,66,39,1,83,31,0,1,0
1492-3,166,mesta,66,39,1,80,30,0,1,0
1492-3,167,mesta,66,39,1,79,27,0,1,0
1492-3,168,mesta,66,39,1,73,25,0,1,0
1492-3,169,mesta,66,39,1,72,23,0,1,0
1492-3,170,mesta,66,39,1,76,20,0,1,0
1492-3,171,mesta,66,39,1,75,17,0,1,0
1492-3,172,mesta,66,39,1,79,14,0,1,0
1492-3,173,mesta,66,39,1,78,12,0,1,0
1492-3,174,mesta,66,39,1,75,11,0,1,0
1492-3,175,mesta,66,39,1,74,10,0,1,0
1492-3,176,mesta,66,39,1,81,8,0,1,0
1492-3,177,mesta,66,39,1,80,6,0,1,0
1492-3,178,mesta,66,39,1,77,5,0,1,0
1492-3,179,mesta,66,39,1,76,11,0,1,0
1492-3,180,mesta,66,39,1,83,16,0,1,0
1492-3,181,mesta,66,39,1,82,21,0,1,0
1492-3,182,mesta,66,39,1,79,26,0,1,0
1492-3,183,mesta,67,40,1,78,31,0,1,0
1492-3,184,mesta,67,42,1,77,35,0,1,0
1492-3,185,mesta,67,42,1,76,34,0,1,0
1492-3,186,mesta,67,42,1,85,32,0,1,0
1492-3,187,mesta,67,42,1,84,30,0,1,0
1492-3,188,mesta,67,42,1,83,29,0,1,0
1492-3,189,mesta,67,42,1,82,28,0,1,0
1492-3,190,mesta,67,42,1,81,27,0,1,0
1492-3,191,mesta,67,42,1,80,24,0,1,0
1492-3,192,mesta,67,42,1,75,21,0,1,0
1492-3,193,mesta,67,42,1,74,18,0,1,0
1492-3,194,mesta,67,42,1,79,14,0,1,0
1492-3,195,mesta,67,42,1,78,10,0,1,0
1492-3,196,mesta,67,42,1,73,7,0,1,0
1492-3,197,mesta,67,42,1,72,5,0,1,0
1492-3,198,mesta,67,42,1,81,2,0,1,0
1492-3,199,mesta,66,42,1,80,1,1,1,0
1492-3,200,mesta,65,42,1,79,2,1,1,0
1492-3,1,monjes,38,76,1,32,66,0,1,0
1492-3,2,monjes,37,72,1,5,51,0,1,0
1492-3,3,monjes,37,72,1,8,46,0,1,0
1492-3,4,monjes,37,72,1,11,41,0,1,1
1492-3,5,monjes,37,72,1,14,52,0,1,1
1492-3,6,monjes,37,72,1,32,65,0,1,0
1492-3,7,monjes,36,68,1,30,68,0,1,0
1492-3,8,monjes,35,64,1,26,40,0,1,0
1492-3,9,monjes,48,64,1,42,55,0,1,1
1492-3,10,monjes,48,64,1,58,70,0,1,0
1492-3,11,monjes,51,64,1,71,121,0,1,1
1492-3,12,monjes,66,64,1,73,170,0,1,0
1492-3,13,monjes,66,64,1,79,187,0,1,0
1492-3,14,monjes,66,64,1,77,234,0,1,0
1492-3,15,monjes,66,64,1,96,249,0,1,0
1492-3,16,monjes,69,64,1,189,263,0,1,0
1492-3,17,monjes,69,64,1,225,251,0,1,0
1492-3,18,monjes,69,64,1,316,239,0,1,0
1492-3,19,monjes,72,64,1,412,228,0,1,0
1492-3,20,monjes,72,64,1,380,219,0,1,0
1492-3,21,monjes,72,64,1,410,220,0,1,0
1492-3,22,monjes,72,60,1,425,213,0,1,0
1492-3,23,monjes,75,60,1,452,203,0,1,0
1492-3,24,monjes,166,66,2,420,204,0,1,0
1492-3,25,monjes,166,67,2,291,199,0,1,0
1492-3,26,monjes,166,68,2,225,199,0,1,0
1492-3,27,monjes,169,69,2,151,197,0,1,0
1492-3,28,monjes,170,73,2,148,205,0,1,0
1492-3,29,monjes,170,72,2,81,216,0,1,0
1492-3,30,monjes,171,76,2,94,216,0,1,0
1492-3,31,monjes,175,80,2,104,218,0,1,0
1492-3,32,monjes,277,90,3,130,217,0,1,0
1492-3,33,monjes,281,95,3,68,205,0,1,0
1492-3,34,monjes,281,95,3,148,224,0,1,0
1492-3,35,monjes,282,101,3,84,291,0,1,0
1492-3,36,monjes,304,113,4,223,352,0,1,0
1492-3,37,monjes,305,117,4,240,416,0,1,0
1492-3,38,monjes,306,120,4,325,481,0,1,0
1492-3,39,monjes,306,123,4,403,572,0,1,0
1492-3,40,monjes,309,121,4,486,666,0,1,0
1492-3,41,monjes,309,124,4,524,686,0,1,0
1492-3,42,monjes,313,127,4,555,709,0,1,0
1492-3,43,monjes,335,136,5,642,734,0,1,0
1492-3,44,monjes,336,140,5,716,754,0,1,0
1492-3,45,monjes,336,144,5,746,773,0,1,0
1492-3,46,monjes,337,148,5,832,791,0,1,0
1492-3,47,monjes,338,152,5,910,766,0,1,0
1492-3,48,monjes,339,156,5,988,741,0,1,0
1492-3,49,monjes,340,160,5,1009,716,0,1,0
1492-3,50,monjes,343,164,5,1085,691,0,1,0
1492-3,51,monjes,343,163,5,1166,663,0,1,0
1492-3,52,monjes,344,167,5,1239,641,0,1,0
1492-3,53,monjes,366,177,6,1318,619,0,1,0
1492-3,54,monjes,367,182,6,1340,590,0,1,0
1492-3,55,monjes,368,187,6,1417,565,0,1,0
1492-3,56,monjes,369,192,6,1500,540,0,1,0
1492-3,57,monjes,370,197,6,1575,511,0,1,0
1492-3,58,monjes,371,202,6,1606,485,0,1,0
1492-3,59,monjes,372,207,6,1680,567,0,1,0
1492-3,60,monjes,373,212,6,1759,644,0,1,0
1492-3,61,monjes,374,217,6,1843,716,0,1,0
1492-3,62,monjes,378,222,6,1871,785,0,1,0
1492-3,63,monjes,379,227,6,1955,850,0,1,0
1492-3,64,monjes,380,233,6,2033,911,0,1,0
1492-3,65,monjes,381,239,6,2116,930,0,1,0
1492-3,66,monjes,386,245,6,2156,947,0,1,0
1492-3,67,monjes,387,251,6,2238,961,0,1,0
1492-3,68,monjes,391,257,6,2326,974,0,1,0
1492-3,69,monjes,391,258,6,2409,982,0,1,0
1492-3,70,monjes,392,264,6,2446,992,0,1,0
1492-3,71,monjes,394,270,6,2538,931,0,1,0
1492-3,72,monjes,395,277,6,2617,869,0,1,0
1492-3,73,monjes,418,290,7,2704,810,0,1,0
1492-3,74,monjes,419,299,7,2729,736,0,1,0
1492-3,75,monjes,420,303,7,2804,678,0,1,0
1492-3,76,monjes,420,303,7,2886,615,0,1,0
1492-3,77,monjes,422,313,7,2960,583,0,1,0
1492-3,78,monjes,424,323,7,2995,549,0,1,0
1492-3,79,monjes,428,328,7,3075,507,0,1,0
1492-3,80,monjes,430,338,7,3160,473,0,1,0
1492-3,81,monjes,432,348,7,3250,438,0,1,0
1492-3,82,monjes,434,358,7,3283,402,0,1,0
1492-3,83,monjes,461,375,8,3373,451,0,1,0
1492-3,84,monjes,463,389,8,3403,493,0,1,0
1492-3,85,monjes,466,400,8,3488,529,0,1,0
1492-3,86,monjes,468,410,8,3578,561,0,1,0
1492-3,87,monjes,469,418,8,3661,590,0,1,0
1492-3,88,monjes,471,426,8,3701,616,0,1,0
1492-3,89,monjes,472,434,8,3785,573,0,1,0
1492-3,90,monjes,474,442,8,3874,530,0,1,0
1492-3,91,monjes,476,451,8,3970,487,0,1,0
1492-3,92,monjes,478,460,8,4008,438,0,1,0
1492-3,93,monjes,479,466,8,4101,394,0,1,0
1492-3,94,monjes,480,470,8,4192,351,0,1,0
1492-3,95,monjes,483,470,8,4288,267,0,1,0
1492-3,96,monjes,483,470,8,4333,186,0,1,0
1492-3,97,monjes,483,470,8,4300,139,0,1,0
1492-3,98,monjes,483,470,8,4215,107,0,1,0
1492-3,99,monjes,483,470,8,4142,74,0,1,0
1492-3,100,monjes,483,470,8,4004,38,0,1,0
1492-3,101,monjes,483,470,8,3925,40,0,1,0
1492-3,102,monjes,483,470,8,3866,42,0,1,0
1492-3,103,monjes,483,474,8,3788,61,0,1,0
1492-3,104,monjes,484,478,8,3660,76,0,1,0
1492-3,105,monjes,485,482,8,3591,100,0,1,0
1492-3,106,monjes,486,486,8,3516,138,0,1,0
1492-3,107,monjes,490,490,8,3451,285,0,1,0
1492-3,108,monjes,490,494,8,3453,416,0,1,0
1492-3,109,monjes,491,498,8,3555,528,0,1,0
1492-3,110,monjes,492,502,8,3650,635,0,1,0
1492-3,111,monjes,493,506,8,3750,737,0,1,0
1492-3,112,monjes,493,508,8,3794,834,0,1,0
1492-3,113,monjes,493,505,8,3894,811,0,1,0
1492-3,114,monjes,493,507,8,3999,806,0,1,0
1492-3,115,monjes,493,509,8,4096,804,0,1,0
1492-3,116,monjes,494,511,8,4148,801,0,1,0
1492-3,117,monjes,515,519,9,4243,798,0,1,0
1492-3,118,monjes,516,522,9,4287,778,0,1,0
1492-3,119,monjes,515,517,9,4386,710,0,1,0
1492-3,120,monjes,515,517,9,4471,649,0,1,0
1492-3,121,monjes,518,517,9,4561,591,0,1,0
1492-3,122,monjes,539,522,10,4644,537,0,1,0
1492-3,123,monjes,539,522,10,4676,482,0,1,0
1492-3,124,monjes,538,518,10,4763,424,0,1,0
1492-3,125,monjes,539,522,10,4842,407,0,1,0
1492-3,126,monjes,540,526,10,4932,390,0,1,0
1492-3,127,monjes,541,530,10,4966,373,0,1,0
1492-3,128,monjes,542,535,10,5027,317,0,1,0
1492-3,129,monjes,543,540,10,5123,295,0,1,0
1492-3,130,monjes,570,576,11,5211,278,0,1,0
1492-3,131,monjes,575,586,11,5298,376,0,1,0
1492-3,132,monjes,576,592,11,5329,468,0,1,0
1492-3,133,monjes,577,598,11,5417,554,0,1,0
1492-3,134,monjes,578,604,11,5511,636,0,1,0
1492-3,135,monjes,580,610,11,5597,713,0,1,0
1492-3,136,monjes,584,617,11,5640,786,0,1,0
1492-3,137,monjes,586,625,11,5698,719,0,1,0
1492-3,138,monjes,587,630,11,5742,686,0,1,0
1492-3,139,monjes,617,684,12,5840,659,0,1,0
1492-3,140,monjes,620,697,12,5927,615,0,1,0
1492-3,141,monjes,622,705,12,5972,574,0,1,0
1492-3,142,monjes,626,713,12,6061,533,0,1,0
1492-3,143,monjes,626,713,12,6156,432,0,1,0
1492-3,144,monjes,626,713,12,6250,335,0,1,0
1492-3,145,monjes,626,713,12,6286,242,0,1,0
1492-3,146,monjes,626,713,12,6377,153,0,1,0
1492-3,147,monjes,626,713,12,6341,97,0,1,0
1492-3,148,monjes,626,713,12,6259,57,0,1,0
1492-3,149,monjes,626,713,12,6136,49,0,1,0
1492-3,150,monjes,626,713,12,6054,41,0,1,0
1492-3,151,monjes,626,713,12,5981,45,0,1,0
1492-3,152,monjes,626,713,12,5910,43,0,1,0
1492-3,153,monjes,626,713,12,5797,39,0,1,0
1492-3,154,monjes,626,713,12,5731,46,0,1,0
1492-3,155,monjes,628,721,12,5650,195,0,1,0
1492-3,156,monjes,629,727,12,5580,334,0,1,0
1492-3,157,monjes,630,733,12,5574,452,0,1,0
1492-3,158,monjes,631,737,12,5671,545,0,1,0
1492-3,159,monjes,631,739,12,5774,656,0,1,0
1492-3,160,monjes,632,741,12,5869,762,0,1,0
1492-3,161,monjes,632,743,12,5919,716,0,1,0
1492-3,162,monjes,632,743,12,6012,669,0,1,0
1492-3,163,monjes,636,747,12,6109,624,0,1,0
1492-3,164,monjes,636,749,12,6212,580,0,1,0
1492-3,165,monjes,637,751,12,6259,540,0,1,0
1492-3,166,monjes,637,753,12,6362,501,0,1,0
1492-3,167,monjes,658,757,13,6457,412,0,1,0
1492-3,168,monjes,658,757,13,6489,324,0,1,0
1492-3,169,monjes,657,754,13,6576,237,0,1,0
1492-3,170,monjes,657,754,13,6655,159,0,1,0
1492-3,171,monjes,657,754,13,6619,111,0,1,0
1492-3,172,monjes,657,754,13,6492,81,0,1,0
1492-3,173,monjes,658,757,13,6381,54,0,1,0
1492-3,174,monjes,658,757,13,6291,65,0,1,0
1492-3,175,monjes,688,807,14,6218,74,0,1,0
1492-3,176,monjes,689,810,14,6134,76,0,1,0
1492-3,177,monjes,689,810,14,6009,72,0,1,0
1492-3,178,monjes,690,815,14,5931,84,0,1,0
1492-3,179,monjes,691,820,14,5851,269,0,1,0
1492-3,180,monjes,692,825,14,5896,417,0,1,0
1492-3,181,monjes,692,829,14,5927,545,0,1,0
1492-3,182,monjes,693,832,14,6015,668,0,1,0
1492-3,183,monjes,694,835,14,6065,756,0,1,0
1492-3,184,monjes,694,838,14,6151,882,0,1,0
1492-3,185,monjes,732,927,15,6194,864,0,1,0
1492-3,186,monjes,736,932,15,6242,787,0,1,0
1492-3,187,monjes,737,937,15,6286,746,0,1,0
1492-3,188,monjes,765,978,16,6373,721,0,1,0
1492-3,189,monjes,766,984,16,6456,690,0,1,0
1492-3,190,monjes,768,990,16,6497,658,0,1,0
1492-3,191,monjes,768,994,16,6581,531,0,1,0
1492-3,192,monjes,768,994,16,6666,408,0,1,0
1492-3,193,monjes,768,994,16,6744,290,0,1,0
1492-3,194,monjes,768,994,16,6777,177,0,1,0
1492-3,195,monjes,768,994,16,6745,98,0,1,0
1492-3,196,monjes,768,994,16,6655,36,0,1,0
1492-3,197,monjes,768,994,16,6575,23,0,1,0
1492-3,198,monjes,767,994,16,6448,13,1,1,0
1492-3,199,monjes,766,994,16,6368,13,1,1,0
1492-3,200,monjes,761,974,16,6301,13,1,1,0
1492-3,1,salineros,41,91,1,34,59,0,1,0
1492-3,2,salineros,41,91,1,24,47,0,1,0
1492-3,3,salineros,41,91,1,29,33,0,1,0
1492-3,4,salineros,41,91,1,34,19,0,1,1
1492-3,5,salineros,41,91,1,39,9,0,1,1
1492-3,6,salineros,41,91,1,61,1,0,1,0
1492-3,7,salineros,40,91,1,83,0,1,1,1
1492-3,8,salineros,39,91,1,82,0,1,1,0
1492-3,9,salineros,37,89,1,96,1,1,1,0
1492-3,10,salineros,36,87,1,93,1,1,1,0
1492-3,11,salineros,36,87,1,85,14,0,1,0
1492-3,12,salineros,36,87,1,101,25,0,1,0
1492-3,13,salineros,36,87,1,96,43,0,1,0
1492-3,14,salineros,36,87,1,105,62,0,1,0
1492-3,15,salineros,35,83,1,80,71,0,1,0
1492-3,16,salineros,49,79,1,86,82,0,1,0
1492-3,17,salineros,49,75,1,69,48,0,1,0
1492-3,18,salineros,62,75,1,104,57,0,1,0
1492-3,19,salineros,62,75,1,78,65,0,1,0
1492-3,20,salineros,65,75,1,103,76,0,1,0
1492-3,21,salineros,65,75,1,87,85,0,1,0
1492-3,22,salineros,65,75,1,102,96,0,1,0
1492-3,23,salineros,68,75,1,93,98,0,1,0
1492-3,24,salineros,68,75,1,94,101,0,1,0
1492-3,25,salineros,68,75,1,92,101,0,1,0
1492-3,26,salineros,71,75,1,93,103,0,1,0
1492-3,27,salineros,71,75,1,91,105,0,1,0
1492-3,28,salineros,71,75,1,92,107,0,1,0
1492-3,29,salineros,74,75,1,90,113,0,1,0
1492-3,30,salineros,74,75,1,98,119,0,1,0
1492-3,31,salineros,74,75,1,96,125,0,1,0
1492-3,32,salineros,77,75,1,103,129,0,1,0
1492-3,33,salineros,77,75,1,101,133,0,1,0
1492-3,34,salineros,77,75,1,93,137,0,1,0
1492-3,35,salineros,80,75,1,106,157,0,1,0
1492-3,36,salineros,80,75,1,102,177,0,1,0
1492-3,37,salineros,80,75,1,96,197,0,1,0
1492-3,38,salineros,80,75,1,92,228,0,1,0
1492-3,39,salineros,80,75,1,101,217,0,1,0
1492-3,40,salineros,80,75,1,101,237,0,1,0
1492-3,41,salineros,80,75,1,106,245,0,1,0
1492-3,42,salineros,83,75,1,106,253,0,1,0
1492-3,43,salineros,83,75,1,96,261,0,1,0
1492-3,44,salineros,83,75,1,96,269,0,1,0
1492-3,45,salineros,86,75,1,101,288,0,1,0
1492-3,46,salineros,86,75,1,101,292,0,1,0
1492-3,47,salineros,86,75,1,106,292,0,1,0
1492-3,48,salineros,86,75,1,99,292,0,1,0
1492-3,49,salineros,86,75,1,88,292,0,1,0
1492-3,50,salineros,86,75,1,96,286,0,1,0
1492-3,51,salineros,86,75,1,90,286,0,1,0
1492-3,52,salineros,86,75,1,93,286,0,1,0
1492-3,53,salineros,86,75,1,92,286,0,1,0
1492-3,54,salineros,86,75,1,102,286,0,1,0
1492-3,55,salineros,86,75,1,101,286,0,1,0
1492-3,56,salineros,86,75,1,92,286,0,1,0
1492-3,57,salineros,86,75,1,105,297,0,1,0
1492-3,58,salineros,86,75,1,101,289,0,1,0
1492-3,59,salineros,86,75,1,94,309,0,1,0
1492-3,60,salineros,86,75,1,105,329,0,1,0
1492-3,61,salineros,86,75,1,103,349,0,1,0
1492-3,62,salineros,86,75,1,64,329,0,1,0
1492-3,63,salineros,86,75,1,96,360,0,1,0
1492-3,64,salineros,134,117,2,78,379,0,1,0
1492-3,65,salineros,134,119,2,92,381,0,1,0
1492-3,66,salineros,134,119,2,77,381,0,1,0
1492-3,67,salineros,135,121,2,102,391,0,1,0
1492-3,68,salineros,135,123,2,91,402,0,1,0
1492-3,69,salineros,136,125,2,93,413,0,1,0
1492-3,70,salineros,136,127,2,103,423,0,1,0
1492-3,71,salineros,136,127,2,105,414,0,1,0
1492-3,72,salineros,136,127,2,89,405,0,1,0
1492-3,73,salineros,136,129,2,91,407,0,1,0
1492-3,74,salineros,136,129,2,64,355,0,1,0
1492-3,75,salineros,136,129,2,100,345,0,1,0
1492-3,76,salineros,197,184,3,74,335,0,1,0
1492-3,77,salineros,197,184,3,94,317,0,1,0
1492-3,78,salineros,197,184,3,74,297,0,1,0
1492-3,79,salineros,197,184,3,109,285,0,1,0
1492-3,80,salineros,197,184,3,93,275,0,1,0
1492-3,81,salineros,197,184,3,90,265,0,1,0
1492-3,82,salineros,198,188,3,90,269,0,1,0
1492-3,83,salineros,199,192,3,72,264,0,1,0
1492-3,84,salineros,200,195,3,114,306,0,1,0
1492-3,85,salineros,230,247,4,88,346,0,1,0
1492-3,86,salineros,230,249,4,88,368,0,1,0
1492-3,87,salineros,231,251,4,97,392,0,1,0
1492-3,88,salineros,231,253,4,107,440,0,1,0
1492-3,89,salineros,232,255,4,115,463,0,1,0
1492-3,90,salineros,232,255,4,62,484,0,1,0
1492-3,91,salineros,235,255,4,117,507,0,1,0
1492-3,92,salineros,235,255,4,93,544,0,1,0
1492-3,93,salineros,235,255,4,150,567,0,1,0
1492-3,94,salineros,235,255,4,93,590,0,1,0
1492-3,95,salineros,235,255,4,101,585,0,1,0
1492-3,96,salineros,235,255,4,110,578,0,1,0
1492-3,97,salineros,235,255,4,114,569,0,1,0
1492-3,98,salineros,235,255,4,107,564,0,1,0
1492-3,99,salineros,235,255,4,86,569,0,1,0
1492-3,100,salineros,235,255,4,105,562,0,1,0
1492-3,101,salineros,235,255,4,103,571,0,1,0
1492-3,102,salineros,235,255,4,110,580,0,1,0
1492-3,103,salineros,238,255,4,58,603,0,1,0
1492-3,104,salineros,238,255,4,78,572,0,1,0
1492-3,105,salineros,238,255,4,93,595,0,1,0
1492-3,106,salineros,271,320,5,106,604,0,1,0
1492-3,107,salineros,271,320,5,108,640,0,1,0
1492-3,108,salineros,271,320,5,112,683,0,1,0
1492-3,109,salineros,271,320,5,109,741,0,1,0
1492-3,110,salineros,271,320,5,113,799,0,1,0
1492-3,111,salineros,271,320,5,110,871,0,1,0
1492-3,112,salineros,271,320,5,45,926,0,1,0
1492-3,113,salineros,271,320,5,96,938,0,1,0
1492-3,114,salineros,271,320,5,94,952,0,1,0
1492-3,115,salineros,271,320,5,116,966,0,1,0
1492-3,116,salineros,271,320,5,69,978,0,1,0
1492-3,117,salineros,271,320,5,126,991,0,1,0
1492-3,118,salineros,271,320,5,94,1019,0,1,0
1492-3,119,salineros,274,320,5,157,1001,0,1,0
1492-3,120,salineros,274,320,5,87,983,0,1,0
1492-3,121,salineros,274,320,5,105,965,0,1,0
1492-3,122,salineros,274,320,5,105,961,0,1,0
1492-3,123,salineros,274,320,5,103,943,0,1,0
1492-3,124,salineros,274,320,5,103,925,0,1,0
1492-3,125,salineros,274,320,5,101,935,0,1,0
1492-3,126,salineros,274,320,5,108,933,0,1,0
1492-3,127,salineros,274,320,5,121,945,0,1,0
1492-3,128,salineros,274,320,5,59,943,0,1,0
1492-3,129,salineros,274,320,5,116,941,0,1,0
1492-3,130,salineros,274,320,5,94,949,0,1,0
1492-3,131,salineros,274,320,5,153,1005,0,1,0
1492-3,132,salineros,274,320,5,94,1063,0,1,0
1492-3,133,salineros,274,320,5,110,1121,0,1,0
1492-3,134,salineros,274,320,5,90,1139,0,1,0
1492-3,135,salineros,274,320,5,113,1197,0,1,0
1492-3,136,salineros,304,356,6,65,1269,0,1,0
1492-3,137,salineros,304,357,6,102,1274,0,1,0
1492-3,138,salineros,304,358,6,86,1277,0,1,0
1492-3,139,salineros,304,359,6,81,1282,0,1,0
1492-3,140,salineros,305,360,6,103,1304,0,1,0
1492-3,141,salineros,305,362,6,104,1314,0,1,0
1492-3,142,salineros,305,364,6,103,1325,0,1,0
1492-3,143,salineros,305,364,6,104,1300,0,1,0
1492-3,144,salineros,305,364,6,96,1289,0,1,0
1492-3,145,salineros,305,364,6,97,1259,0,1,0
1492-3,146,salineros,305,364,6,104,1246,0,1,0
1492-3,147,salineros,305,364,6,105,1216,0,1,0
1492-3,148,salineros,305,364,6,97,1189,0,1,0
1492-3,149,salineros,308,364,6,98,1181,0,1,0
1492-3,150,salineros,309,366,6,112,1187,0,1,0
1492-3,151,salineros,312,366,6,63,1179,0,1,0
1492-3,152,salineros,312,366,6,110,1171,0,1,0
1492-3,153,salineros,312,366,6,88,1163,0,1,0
1492-3,154,salineros,312,366,6,103,1150,0,1,0
1492-3,155,salineros,312,368,6,105,1222,0,1,0
1492-3,156,salineros,313,370,6,101,1277,0,1,0
1492-3,157,salineros,313,372,6,104,1334,0,1,0
1492-3,158,salineros,313,374,6,115,1390,0,1,0
1492-3,159,salineros,314,376,6,53,1447,0,1,0
1492-3,160,salineros,314,378,6,102,1517,0,1,0
1492-3,161,salineros,314,378,6,87,1510,0,1,0
1492-3,162,salineros,314,378,6,101,1503,0,1,0
1492-3,163,salineros,315,380,6,109,1510,0,1,0
1492-3,164,salineros,315,380,6,120,1502,0,1,0
1492-3,165,salineros,315,380,6,58,1494,0,1,0
1492-3,166,salineros,315,380,6,113,1486,0,1,0
1492-3,167,salineros,315,380,6,92,1471,0,1,0
1492-3,168,salineros,315,380,6,137,1439,0,1,0
1492-3,169,salineros,315,380,6,85,1410,0,1,0
1492-3,170,salineros,315,380,6,103,1381,0,1,0
1492-3,171,salineros,315,380,6,101,1347,0,1,0
1492-3,172,salineros,315,380,6,100,1316,0,1,0
1492-3,173,salineros,315,380,6,113,1318,0,1,0
1492-3,174,salineros,315,380,6,68,1307,0,1,0
1492-3,175,salineros,315,380,6,120,1296,0,1,0
1492-3,176,salineros,315,380,6,92,1285,0,1,0
1492-3,177,salineros,315,380,6,147,1274,0,1,0
1492-3,178,salineros,315,380,6,92,1277,0,1,0
1492-3,179,salineros,315,380,6,116,1332,0,1,0
1492-3,180,salineros,315,380,6,115,1387,0,1,0
1492-3,181,salineros,315,380,6,170,1442,0,1,0
1492-3,182,salineros,315,380,6,92,1497,0,1,0
1492-3,183,salineros,315,380,6,115,1552,0,1,0
1492-3,184,salineros,315,380,6,115,1621,0,1,0
1492-3,185,salineros,315,380,6,169,1628,0,1,0
1492-3,186,salineros,315,380,6,92,1630,0,1,0
1492-3,187,salineros,315,380,6,118,1635,0,1,0
1492-3,188,salineros,315,380,6,115,1654,0,1,0
1492-3,189,salineros,315,380,6,172,1660,0,1,0
1492-3,190,salineros,315,380,6,92,1667,0,1,0
1492-3,191,salineros,315,380,6,117,1638,0,1,0
1492-3,192,salineros,315,380,6,108,1623,0,1,0
1492-3,193,salineros,315,380,6,157,1594,0,1,0
1492-3,194,salineros,315,380,6,85,1565,0,1,0
1492-3,195,salineros,315,380,6,73,1493,0,1,0
1492-3,196,salineros,315,380,6,101,1478,0,1,0
1492-3,197,salineros,341,410,7,93,1467,0,1,0
1492-3,198,salineros,341,410,7,98,1444,0,1,0
1492-3,199,salineros,341,410,7,104,1422,0,1,0
1492-3,200,salineros,341,410,7,86,1406,0,1,0
