semilla,cadencia,turno,casa,prestigio,poblacion,comarcas,maravedis,pan,lana,sal,hierro,produccion_pan,produccion_total,escasez,obras_terminadas,obras_mayores,hitos,decidio,ordenes_propuestas,sin_ordenes
1492,1,1,arrieros,46,116,1,48,60,0,0,0,18,42,0,0,0,0,1,4,0
1492,1,2,arrieros,46,116,1,55,46,0,0,0,18,29,0,0,0,0,1,0,1
1492,1,3,arrieros,46,116,1,62,32,0,0,0,18,29,0,0,0,0,1,0,1
1492,1,4,arrieros,46,116,1,69,19,0,0,0,18,29,0,0,0,0,1,0,1
1492,1,5,arrieros,46,116,1,76,6,0,0,0,18,29,0,1,0,0,1,0,1
1492,1,6,arrieros,45,116,1,89,0,0,0,0,18,48,1,0,0,0,1,4,0
1492,1,7,arrieros,44,116,1,113,3,0,0,0,18,48,1,0,0,0,1,2,0
1492,1,8,arrieros,42,113,1,100,6,0,0,0,18,48,1,0,0,0,1,3,0
1492,1,9,arrieros,41,110,1,102,9,0,0,0,18,48,1,0,0,0,1,2,0
1492,1,10,arrieros,41,110,1,101,9,0,0,0,18,48,0,0,0,0,1,2,0
1492,1,11,arrieros,41,110,1,104,38,0,0,0,48,78,0,0,0,0,1,2,0
1492,1,12,arrieros,41,110,1,106,66,0,0,0,48,78,0,0,0,0,1,2,0
1492,1,13,arrieros,40,106,1,87,87,0,0,0,48,78,0,0,0,0,1,4,0
1492,1,14,arrieros,54,102,1,87,108,0,0,0,48,76,0,0,0,1,1,3,0
1492,1,15,arrieros,53,98,1,81,126,0,0,0,48,76,0,0,0,1,1,3,0
1492,1,16,arrieros,52,94,1,77,145,0,0,0,48,74,0,0,0,1,1,3,0
1492,1,17,arrieros,52,90,1,84,118,0,0,0,30,56,0,0,0,1,1,13,0
1492,1,18,arrieros,65,90,1,87,121,0,0,0,30,56,0,0,0,2,1,2,0
1492,1,19,arrieros,65,90,1,91,129,0,0,0,30,56,0,0,0,2,1,2,0
1492,1,20,arrieros,65,90,1,92,138,0,0,0,30,56,0,0,0,2,1,2,0
1492,1,21,arrieros,65,90,1,96,124,0,0,0,30,56,0,0,0,2,1,12,0
1492,1,22,arrieros,65,90,1,93,127,0,0,0,30,56,0,0,0,2,1,2,0
1492,1,23,arrieros,68,90,1,92,127,0,0,0,18,44,0,0,0,2,1,2,0
1492,1,24,arrieros,68,90,1,85,127,0,0,0,18,35,0,0,0,2,1,2,0
1492,1,25,arrieros,68,90,1,81,126,0,0,0,18,35,0,0,0,2,1,2,0
1492,1,26,arrieros,68,90,1,82,100,0,0,0,18,35,0,0,0,2,1,12,0
1492,1,27,arrieros,71,90,1,81,98,0,0,0,18,35,0,0,0,2,1,2,0
1492,1,28,arrieros,71,90,1,80,96,0,0,0,18,35,0,0,0,2,1,2,0
1492,1,29,arrieros,71,90,1,83,100,0,0,0,24,41,0,0,0,2,1,2,0
1492,1,30,arrieros,71,90,1,89,78,0,0,0,24,50,0,0,0,2,1,12,0
1492,1,31,arrieros,74,90,1,88,82,0,0,0,24,50,0,0,0,2,1,2,0
1492,1,32,arrieros,74,90,1,93,88,0,0,0,24,50,0,0,0,2,1,2,0
1492,1,33,arrieros,74,90,1,89,93,0,0,0,24,50,0,0,0,2,1,2,0
1492,1,34,arrieros,74,90,1,90,70,0,0,0,24,50,0,0,0,2,1,12,0
1492,1,35,arrieros,77,90,1,93,100,0,0,0,48,74,0,0,0,2,1,2,0
1492,1,36,arrieros,77,90,1,92,128,0,0,0,48,74,0,0,0,2,1,2,0
1492,1,37,arrieros,77,90,1,95,156,0,0,0,48,74,0,0,0,2,1,2,0
1492,1,38,arrieros,77,90,1,99,168,0,0,0,33,59,0,0,0,2,1,2,0
1492,1,39,arrieros,77,90,1,93,172,0,0,0,33,59,0,0,0,2,1,2,0
1492,1,40,arrieros,77,90,1,99,176,0,0,0,33,59,0,0,0,2,1,2,0
1492,1,41,arrieros,78,98,1,105,190,0,0,0,21,47,0,0,0,2,1,4,0
1492,1,42,arrieros,77,94,1,81,174,0,0,0,21,47,0,0,0,2,1,3,0
1492,1,43,arrieros,77,90,1,86,146,0,0,0,21,47,0,0,0,2,1,8,0
1492,1,44,arrieros,80,90,1,95,134,0,0,0,30,56,0,0,0,2,1,7,0
1492,1,45,arrieros,80,90,1,87,137,0,0,0,30,56,0,0,0,2,1,3,0
1492,1,46,arrieros,80,90,1,96,144,0,0,0,30,56,0,0,0,2,1,3,0
1492,1,47,arrieros,80,90,1,89,136,0,0,0,18,44,0,0,0,2,1,2,0
1492,1,48,arrieros,80,90,1,85,93,0,0,0,18,35,0,0,0,2,1,13,0
1492,1,49,arrieros,80,90,1,81,88,0,0,0,18,35,0,0,0,2,1,2,0
1492,1,50,arrieros,83,90,1,80,87,0,0,0,18,35,0,0,0,2,1,2,0
1492,1,51,arrieros,83,90,1,82,85,0,0,0,18,35,0,0,0,2,1,2,0
1492,1,52,arrieros,83,90,1,79,82,0,0,0,18,35,0,0,0,2,1,2,0
1492,1,53,arrieros,83,90,1,81,86,0,0,0,24,41,0,0,0,2,1,2,0
1492,1,54,arrieros,83,90,1,87,89,0,0,0,24,50,0,0,0,2,1,2,0
1492,1,55,arrieros,83,90,1,92,93,0,0,0,24,50,0,0,0,2,1,2,0
1492,1,56,arrieros,83,90,1,94,98,0,0,0,24,50,0,0,0,2,1,2,0
1492,1,57,arrieros,83,90,1,92,103,0,0,0,24,50,0,0,0,2,1,2,0
1492,1,58,arrieros,83,90,1,95,109,0,0,0,24,50,0,0,0,2,1,2,0
1492,1,59,arrieros,84,98,1,104,137,0,0,0,48,74,0,0,0,2,1,4,0
1492,1,60,arrieros,83,94,1,86,157,0,0,0,48,74,0,0,0,2,1,3,0
1492,1,61,arrieros,83,90,1,87,178,0,0,0,48,74,0,0,0,2,1,3,0
1492,1,62,arrieros,83,90,1,87,196,0,0,0,48,74,0,0,0,2,1,2,0
1492,1,63,arrieros,83,90,1,90,199,0,0,0,33,59,0,0,0,2,1,2,0
1492,1,64,arrieros,83,90,1,93,202,0,0,0,33,59,0,0,0,2,1,2,0
1492,1,65,arrieros,83,90,1,96,155,0,0,0,21,47,0,0,0,2,1,12,0
1492,1,66,arrieros,83,90,1,90,148,0,0,0,21,47,0,0,0,2,1,2,0
1492,1,67,arrieros,86,90,1,95,142,0,0,0,21,47,0,0,0,2,1,2,0
1492,1,68,arrieros,86,90,1,98,136,0,0,0,21,47,0,0,0,2,1,2,0
1492,1,69,arrieros,86,90,1,92,139,0,0,0,30,56,0,0,0,2,1,3,0
1492,1,70,arrieros,86,90,1,97,144,0,0,0,30,56,0,0,0,2,1,2,0
1492,1,71,arrieros,86,90,1,90,135,0,0,0,18,44,0,0,0,2,1,2,0
1492,1,72,arrieros,86,90,1,91,126,0,0,0,18,35,0,0,0,2,1,3,0
1492,1,73,arrieros,86,90,1,81,121,0,0,0,18,35,0,0,0,2,1,2,0
1492,1,74,arrieros,86,90,1,82,120,0,0,0,18,35,0,0,0,2,1,2,0
1492,1,75,arrieros,87,98,1,92,119,0,0,0,18,35,0,0,0,2,1,4,0
1492,1,76,arrieros,86,94,1,70,108,0,0,0,18,35,0,0,0,2,1,3,0
1492,1,77,arrieros,86,90,1,70,89,0,0,0,24,41,0,0,0,2,1,8,0
1492,1,78,arrieros,86,90,1,86,71,0,0,0,24,50,0,0,0,2,1,7,0
1492,1,79,arrieros,89,90,1,86,73,0,0,0,24,50,0,0,0,2,1,2,0
1492,1,80,arrieros,89,90,1,90,78,0,0,0,24,50,0,0,0,2,1,2,0
1492,1,81,arrieros,89,90,1,92,83,0,0,0,24,50,0,0,0,2,1,2,0
1492,1,82,arrieros,89,90,1,95,89,0,0,0,24,50,0,0,0,2,1,2,0
1492,1,83,arrieros,89,90,1,93,118,0,0,0,48,74,0,0,0,2,1,2,0
1492,1,84,arrieros,89,90,1,92,147,0,0,0,48,74,0,0,0,2,1,2,0
1492,1,85,arrieros,89,90,1,96,175,0,0,0,48,74,0,0,0,2,1,2,0
1492,1,86,arrieros,89,90,1,90,193,0,0,0,48,74,0,0,0,2,1,2,0
1492,1,87,arrieros,89,90,1,96,211,0,0,0,48,74,0,0,0,2,1,2,0
1492,1,88,arrieros,89,94,1,96,233,0,0,0,48,74,0,0,0,2,1,3,0
1492,1,89,arrieros,89,94,1,86,232,0,0,0,30,56,0,0,0,2,1,4,0
1492,1,90,arrieros,89,90,1,88,205,0,0,0,30,56,0,0,0,2,1,8,0
1492,1,91,arrieros,89,90,1,88,186,0,0,0,30,56,0,0,0,2,1,7,0
1492,1,92,arrieros,92,90,1,91,187,0,0,0,30,56,0,0,0,2,1,2,0
1492,1,93,arrieros,92,90,1,93,188,0,0,0,30,56,0,0,0,2,1,2,0
1492,1,94,arrieros,92,90,1,95,189,0,0,0,30,56,0,0,0,2,1,2,0
1492,1,95,arrieros,92,90,1,97,178,0,0,0,18,44,0,0,0,2,1,2,0
1492,1,96,arrieros,92,90,1,81,168,0,0,0,18,35,0,0,0,2,1,2,0
1492,1,97,arrieros,92,90,1,86,158,0,0,0,18,35,0,0,0,2,1,2,0
1492,1,98,arrieros,92,90,1,86,148,0,0,0,18,35,0,0,0,2,1,2,0
1492,1,99,arrieros,92,94,1,92,140,0,0,0,18,35,0,0,0,2,1,3,0
1492,1,100,arrieros,92,94,1,78,125,0,0,0,18,35,0,0,0,2,1,5,0
1492,1,101,arrieros,92,90,1,69,103,0,0,0,24,41,0,0,0,2,1,8,0
1492,1,102,arrieros,92,90,1,87,86,0,0,0,24,50,0,0,0,2,1,7,0
1492,1,103,arrieros,95,90,1,87,87,0,0,0,24,50,0,0,0,2,1,2,0
1492,1,104,arrieros,95,90,1,91,92,0,0,0,24,50,0,0,0,2,1,2,0
1492,1,105,arrieros,95,90,1,91,97,0,0,0,24,50,0,0,0,2,1,2,0
1492,1,106,arrieros,95,90,1,92,103,0,0,0,24,50,0,0,0,2,1,2,0
1492,1,107,arrieros,95,90,1,96,140,0,0,0,57,83,0,0,0,2,1,2,0
1492,1,108,arrieros,95,90,1,62,137,0,0,0,57,83,0,0,0,2,1,3,0
1492,1,109,arrieros,95,90,1,95,166,0,0,0,57,83,0,0,0,2,1,1,0
1492,1,110,arrieros,143,132,2,90,193,0,0,0,57,83,0,0,0,3,1,2,0
1492,1,111,arrieros,143,134,2,79,209,0,0,0,57,91,0,0,0,3,1,4,0
1492,1,112,arrieros,145,140,2,88,232,0,0,0,57,91,0,1,0,3,1,4,0
1492,1,113,arrieros,145,142,2,84,231,0,0,0,40,74,0,1,0,3,1,5,0
1492,1,114,arrieros,145,140,2,76,215,0,0,0,50,84,0,0,0,3,1,8,0
1492,1,115,arrieros,145,142,2,64,167,0,0,0,50,86,0,0,0,3,1,8,0
1492,1,116,arrieros,148,144,2,90,175,0,0,0,50,86,0,0,0,3,1,1,0
1492,1,117,arrieros,206,182,3,84,180,0,0,0,50,86,0,1,0,4,1,3,0
1492,1,118,arrieros,207,185,3,92,185,0,0,0,50,92,0,0,0,4,1,4,0
1492,1,119,arrieros,207,185,3,89,168,0,0,0,30,72,0,0,0,4,1,2,0
1492,1,120,arrieros,207,185,3,79,153,0,0,0,30,63,0,0,0,4,1,2,0
1492,1,121,arrieros,207,185,3,81,125,0,0,0,30,63,0,0,0,4,1,7,0
1492,1,122,arrieros,210,185,3,77,95,0,0,0,30,63,0,0,0,4,1,7,0
1492,1,123,arrieros,210,185,3,78,81,0,0,0,30,63,0,0,0,4,1,2,0
1492,1,124,arrieros,210,185,3,78,67,0,0,0,30,63,0,0,0,4,1,2,0
1492,1,125,arrieros,210,185,3,78,63,0,0,0,40,73,0,0,0,4,1,2,0
1492,1,126,arrieros,210,185,3,86,59,0,0,0,40,82,0,0,0,4,1,2,0
1492,1,127,arrieros,210,185,3,86,55,0,0,0,40,82,0,0,0,4,1,2,0
1492,1,128,arrieros,210,185,3,88,54,0,0,0,40,82,0,0,0,4,1,2,0
1492,1,129,arrieros,210,185,3,90,53,0,0,0,40,82,0,0,0,4,1,2,0
1492,1,130,arrieros,210,185,3,87,52,0,0,0,40,82,0,0,0,4,1,2,0
1492,1,131,arrieros,210,188,3,90,90,0,0,0,80,122,0,0,0,4,1,2,0
1492,1,132,arrieros,210,189,3,91,125,0,0,0,80,124,0,0,0,4,1,2,0
1492,1,133,arrieros,211,190,3,95,159,0,0,0,80,124,0,0,0,4,1,2,0
1492,1,134,arrieros,211,192,3,95,192,0,0,0,80,126,0,0,0,4,1,3,0
1492,1,135,arrieros,211,194,3,93,224,0,0,0,80,120,0,0,0,4,1,2,0
1492,1,136,arrieros,212,196,3,90,254,0,0,0,80,120,0,0,0,4,1,2,0
1492,1,137,arrieros,212,198,3,91,217,0,0,0,50,90,0,0,0,4,1,12,0
1492,1,138,arrieros,213,200,3,94,217,0,0,0,50,90,0,0,0,4,1,2,0
1492,1,139,arrieros,216,202,3,93,216,0,0,0,50,91,0,0,0,4,1,2,0
1492,1,140,arrieros,216,202,3,93,216,0,0,0,50,91,0,0,0,4,1,2,0
1492,1,141,arrieros,216,202,3,92,216,0,0,0,50,91,0,0,0,4,1,2,0
1492,1,142,arrieros,216,202,3,94,216,0,0,0,50,91,0,0,0,4,1,2,0
1492,1,143,arrieros,216,202,3,91,196,0,0,0,30,71,0,0,0,4,1,3,0
1492,1,144,arrieros,216,202,3,87,151,0,0,0,30,66,0,0,0,4,1,7,0
1492,1,145,arrieros,216,202,3,89,133,0,0,0,30,66,0,0,0,4,1,2,0
1492,1,146,arrieros,219,202,3,86,115,0,0,0,30,66,0,0,0,4,1,2,0
1492,1,147,arrieros,220,206,3,93,100,0,0,0,30,66,0,0,0,4,1,3,0
1492,1,148,arrieros,220,206,3,88,82,0,0,0,30,66,0,0,0,4,1,2,0
1492,1,149,arrieros,220,206,3,89,76,0,0,0,40,76,0,0,0,4,1,2,0
1492,1,150,arrieros,220,206,3,97,69,0,0,0,40,85,0,0,0,4,1,2,0
1492,1,151,arrieros,220,206,3,96,62,0,0,0,40,85,0,0,0,4,1,3,0
1492,1,152,arrieros,220,206,3,101,57,0,0,0,40,85,0,0,0,4,1,2,0
1492,1,153,arrieros,220,206,3,101,53,0,0,0,40,85,0,0,0,4,1,2,0
1492,1,154,arrieros,220,206,3,102,50,0,0,0,40,85,0,0,0,4,1,2,0
1492,1,155,arrieros,220,208,3,102,85,0,0,0,80,125,0,0,0,4,1,2,0
1492,1,156,arrieros,221,210,3,101,118,0,0,0,80,125,0,0,0,4,1,2,0
1492,1,157,arrieros,220,208,3,90,145,0,0,0,80,125,0,0,0,4,1,3,0
1492,1,158,arrieros,221,210,3,98,176,0,0,0,80,123,0,0,0,4,1,2,0
1492,1,159,arrieros,221,210,3,96,203,0,0,0,80,124,0,0,0,4,1,2,0
1492,1,160,arrieros,221,210,3,100,231,0,0,0,80,124,0,0,0,4,1,2,0
1492,1,161,arrieros,221,210,3,98,190,0,0,0,50,94,0,0,0,4,1,12,0
1492,1,162,arrieros,221,210,3,96,190,0,0,0,50,94,0,0,0,4,1,2,0
1492,1,163,arrieros,224,210,3,97,190,0,0,0,50,94,0,0,0,4,1,2,0
1492,1,164,arrieros,224,210,3,97,189,0,0,0,50,94,0,0,0,4,1,2,0
1492,1,165,arrieros,224,210,3,97,189,0,0,0,50,94,0,0,0,4,1,2,0
1492,1,166,arrieros,224,210,3,97,141,0,0,0,50,94,0,0,0,4,1,12,0
1492,1,167,arrieros,224,210,3,96,124,0,0,0,30,74,0,0,0,4,1,2,0
1492,1,168,arrieros,227,210,3,90,107,0,0,0,30,66,0,0,0,4,1,2,0
1492,1,169,arrieros,227,210,3,86,90,0,0,0,30,66,0,0,0,4,1,2,0
1492,1,170,arrieros,227,210,3,88,73,0,0,0,30,66,0,0,0,4,1,2,0
1492,1,171,arrieros,227,210,3,89,55,0,0,0,30,66,0,0,0,4,1,2,0
1492,1,172,arrieros,227,210,3,85,38,0,0,0,30,66,0,0,0,4,1,2,0
1492,1,173,arrieros,227,210,3,86,32,0,0,0,40,76,0,0,0,4,1,2,0
1492,1,174,arrieros,227,210,3,93,26,0,0,0,40,84,0,0,0,4,1,2,0
1492,1,175,arrieros,227,210,3,95,20,0,0,0,40,84,0,0,0,4,1,2,0
1492,1,176,arrieros,227,210,3,95,15,0,0,0,40,84,0,0,0,4,1,2,0
1492,1,177,arrieros,227,210,3,99,11,0,0,0,40,84,0,0,0,4,1,2,0
1492,1,178,arrieros,226,210,3,98,8,0,0,0,40,84,1,0,0,4,1,2,0
1492,1,179,arrieros,226,210,3,98,33,0,0,0,68,112,0,0,0,4,1,2,0
1492,1,180,arrieros,226,210,3,97,57,0,0,0,68,112,0,0,0,4,1,2,0
1492,1,181,arrieros,226,210,3,99,80,0,0,0,68,112,0,0,0,4,1,2,0
1492,1,182,arrieros,226,210,3,96,101,0,0,0,68,112,0,0,0,4,1,2,0
1492,1,183,arrieros,226,210,3,101,122,0,0,0,68,112,0,0,0,4,1,2,0
1492,1,184,arrieros,226,210,3,101,141,0,0,0,68,112,0,0,0,4,1,2,0
1492,1,185,arrieros,226,210,3,97,101,0,0,0,48,92,0,0,0,4,1,12,0
1492,1,186,arrieros,226,210,3,100,104,0,0,0,48,92,0,0,0,4,1,2,0
1492,1,187,arrieros,229,210,3,97,104,0,0,0,48,92,0,0,0,4,1,2,0
1492,1,188,arrieros,229,210,3,98,105,0,0,0,48,92,0,0,0,4,1,2,0
1492,1,189,arrieros,229,210,3,98,105,0,0,0,48,92,0,0,0,4,1,2,0
1492,1,190,arrieros,229,210,3,98,106,0,0,0,48,92,0,0,0,4,1,2,0
1492,1,191,arrieros,229,210,3,98,88,0,0,0,28,72,0,0,0,4,1,2,0
1492,1,192,arrieros,229,210,3,89,71,0,0,0,28,64,0,0,0,4,1,2,0
1492,1,193,arrieros,229,210,3,87,55,0,0,0,28,64,0,0,0,4,1,2,0
1492,1,194,arrieros,229,210,3,86,37,0,0,0,28,64,0,0,0,4,1,2,0
1492,1,195,arrieros,229,210,3,87,19,0,0,0,28,64,0,0,0,4,1,2,0
1492,1,196,arrieros,228,210,3,88,6,0,0,0,28,64,1,0,0,4,1,2,0
1492,1,197,arrieros,227,210,3,88,6,0,0,0,38,74,1,0,0,4,1,2,0
1492,1,198,arrieros,225,206,3,96,6,0,0,0,38,82,1,0,0,4,1,2,0
1492,1,199,arrieros,223,202,3,93,6,0,0,0,36,79,1,0,0,4,1,3,0
1492,1,200,arrieros,221,198,3,92,8,0,0,0,36,71,1,0,0,4,1,2,0
1492,1,1,canteros,46,116,1,40,56,0,0,0,18,48,0,0,0,0,1,4,0
1492,1,2,canteros,46,116,1,47,42,0,0,0,18,34,0,0,0,0,1,0,1
1492,1,3,canteros,46,116,1,54,28,0,0,0,18,34,0,1,0,0,1,0,1
1492,1,4,canteros,46,116,1,69,17,0,0,0,18,42,0,0,0,0,1,1,0
1492,1,5,canteros,46,116,1,79,12,0,0,0,24,48,0,0,0,0,1,2,0
1492,1,6,canteros,46,116,1,89,8,0,0,0,24,59,0,0,0,0,1,2,0
1492,1,7,canteros,46,116,1,97,7,0,0,0,24,59,0,0,0,0,1,3,0
1492,1,8,canteros,46,116,1,94,6,0,0,0,24,59,0,0,0,0,1,3,0
1492,1,9,canteros,46,116,1,101,5,0,0,0,24,59,0,0,0,0,1,3,0
1492,1,10,canteros,46,116,1,100,4,0,0,0,24,59,0,0,0,0,1,3,0
1492,1,11,canteros,46,116,1,101,27,0,0,0,48,83,0,0,0,0,1,3,0
1492,1,12,canteros,46,116,1,102,49,0,0,0,48,83,0,0,0,0,1,3,0
1492,1,13,canteros,46,116,1,103,70,0,0,0,48,83,0,0,0,0,1,3,0
1492,1,14,canteros,45,112,1,85,80,0,0,0,48,83,0,0,0,0,1,4,0
1492,1,15,canteros,59,108,1,78,91,0,0,0,48,83,0,0,0,1,1,4,0
1492,1,16,canteros,59,108,1,92,112,0,0,0,48,81,0,0,0,1,1,2,0
1492,1,17,canteros,59,108,1,93,101,0,0,0,30,63,0,0,0,1,1,7,0
1492,1,18,canteros,59,108,1,98,107,0,0,0,30,62,0,0,0,1,1,2,0
1492,1,19,canteros,72,108,1,96,113,0,0,0,30,62,0,0,0,2,1,3,0
1492,1,20,canteros,72,108,1,95,119,0,0,0,30,62,0,0,0,2,1,3,0
1492,1,21,canteros,72,108,1,93,125,0,0,0,30,62,0,0,0,2,1,3,0
1492,1,22,canteros,72,108,1,97,130,0,0,0,30,62,0,0,0,2,1,2,0
1492,1,23,canteros,72,108,1,97,111,0,0,0,18,50,0,0,0,2,1,8,0
1492,1,24,canteros,72,108,1,87,105,0,0,0,18,40,0,0,0,2,1,3,0
1492,1,25,canteros,75,108,1,86,100,0,0,0,18,40,0,0,0,2,1,2,0
1492,1,26,canteros,75,108,1,83,94,0,0,0,18,40,0,0,0,2,1,2,0
1492,1,27,canteros,75,108,1,83,88,0,0,0,18,40,0,0,0,2,1,2,0
1492,1,28,canteros,75,108,1,82,81,0,0,0,18,40,0,0,0,2,1,2,0
1492,1,29,canteros,75,108,1,85,71,0,0,0,24,46,0,0,0,2,1,7,0
1492,1,30,canteros,75,108,1,91,70,0,0,0,24,56,0,0,0,2,1,3,0
1492,1,31,canteros,78,108,1,92,69,0,0,0,24,56,0,0,0,2,1,3,0
1492,1,32,canteros,78,108,1,96,68,0,0,0,24,56,0,0,0,2,1,3,0
1492,1,33,canteros,78,108,1,100,67,0,0,0,24,56,0,0,0,2,1,2,0
1492,1,34,canteros,78,108,1,117,69,0,0,0,24,56,0,0,0,2,1,3,0
1492,1,35,canteros,78,108,1,18,91,0,0,0,48,79,0,0,0,2,1,5,0
1492,1,36,canteros,78,108,1,77,110,0,1,0,48,79,0,0,0,2,1,1,0
1492,1,37,canteros,78,108,1,84,113,0,0,0,48,79,0,0,0,2,1,7,0
1492,1,38,canteros,81,108,1,90,131,0,0,0,48,79,0,0,0,2,1,3,0
1492,1,39,canteros,81,108,1,86,148,0,0,0,48,79,0,0,0,2,1,3,0
1492,1,40,canteros,81,108,1,95,165,0,0,0,48,79,0,0,0,2,1,3,0
1492,1,41,canteros,81,108,1,90,160,0,0,0,26,57,0,0,0,2,1,3,0
1492,1,42,canteros,81,108,1,88,158,0,0,0,26,57,0,0,0,2,1,2,0
1492,1,43,canteros,81,108,1,94,147,0,0,0,26,57,0,0,0,2,1,7,0
1492,1,44,canteros,81,108,1,98,145,0,0,0,26,57,0,0,0,2,1,2,0
1492,1,45,canteros,84,108,1,97,144,0,0,0,26,57,0,0,0,2,1,3,0
1492,1,46,canteros,84,108,1,96,143,0,0,0,26,57,0,0,0,2,1,3,0
1492,1,47,canteros,84,108,1,95,134,0,0,0,18,49,0,0,0,2,1,3,0
1492,1,48,canteros,84,108,1,83,126,0,0,0,18,39,0,0,0,2,1,3,0
1492,1,49,canteros,84,108,1,79,118,0,0,0,18,39,0,0,0,2,1,2,0
1492,1,50,canteros,84,108,1,82,108,0,0,0,18,39,0,0,0,2,1,2,0
1492,1,51,canteros,84,108,1,81,98,0,0,0,18,39,0,0,0,2,1,2,0
1492,1,52,canteros,84,108,1,81,89,0,0,0,18,38,0,0,0,2,1,2,0
1492,1,53,canteros,85,112,1,95,86,0,0,0,24,44,0,0,0,2,1,3,0
1492,1,54,canteros,84,108,1,72,72,0,0,0,24,56,0,0,0,2,1,4,0
1492,1,55,canteros,84,108,1,97,56,0,0,0,24,54,0,0,0,2,1,7,0
1492,1,56,canteros,84,108,1,88,51,0,0,0,24,54,0,0,0,2,1,3,0
1492,1,57,canteros,87,108,1,93,49,0,0,0,24,54,0,0,0,2,1,3,0
1492,1,58,canteros,87,108,1,94,47,0,0,0,24,54,0,0,0,2,1,3,0
1492,1,59,canteros,87,108,1,91,68,0,0,0,48,78,0,0,0,2,1,3,0
1492,1,60,canteros,87,108,1,95,88,0,0,0,48,78,0,0,0,2,1,3,0
1492,1,61,canteros,87,108,1,87,107,0,0,0,48,78,0,0,0,2,1,3,0
1492,1,62,canteros,87,108,1,92,125,0,0,0,48,78,0,0,0,2,1,3,0
1492,1,63,canteros,87,108,1,93,143,0,0,0,48,78,0,0,0,2,1,3,0
1492,1,64,canteros,87,108,1,97,160,0,0,0,48,78,0,0,0,2,1,3,0
1492,1,65,canteros,88,112,1,99,162,0,0,0,30,60,0,0,0,2,1,4,0
1492,1,66,canteros,87,108,1,81,153,0,0,0,30,62,0,0,0,2,1,4,0
1492,1,67,canteros,87,108,1,94,142,0,0,0,30,60,0,0,0,2,1,7,0
1492,1,68,canteros,87,108,1,95,143,0,0,0,30,60,0,0,0,2,1,2,0
1492,1,69,canteros,90,108,1,92,146,0,0,0,30,60,0,0,0,2,1,3,0
1492,1,70,canteros,90,108,1,90,149,0,0,0,30,60,0,0,0,2,1,2,0
1492,1,71,canteros,90,108,1,92,140,0,0,0,18,48,0,0,0,2,1,2,0
1492,1,72,canteros,90,108,1,87,131,0,0,0,18,38,0,0,0,2,1,2,0
1492,1,73,canteros,90,108,1,86,123,0,0,0,18,38,0,0,0,2,1,2,0
1492,1,74,canteros,90,108,1,83,114,0,0,0,18,38,0,0,0,2,1,2,0
1492,1,75,canteros,90,108,1,84,105,0,0,0,18,38,0,0,0,2,1,2,0
1492,1,76,canteros,90,108,1,83,96,0,0,0,18,38,0,0,0,2,1,2,0
1492,1,77,canteros,90,108,1,80,93,0,0,0,24,44,0,0,0,2,1,3,0
1492,1,78,canteros,90,108,1,93,89,0,0,0,24,54,0,0,0,2,1,2,0
1492,1,79,canteros,91,112,1,103,88,0,0,0,24,54,0,0,0,2,1,4,0
1492,1,80,canteros,90,108,1,82,74,0,0,0,24,56,0,0,0,2,1,4,0
1492,1,81,canteros,90,108,1,93,58,0,0,0,24,54,0,0,0,2,1,7,0
1492,1,82,canteros,90,108,1,94,55,0,0,0,24,54,0,0,0,2,1,3,0
1492,1,83,canteros,93,108,1,91,76,0,0,0,48,78,0,0,0,2,1,3,0
1492,1,84,canteros,93,108,1,96,96,0,0,0,48,78,0,0,0,2,1,3,0
1492,1,85,canteros,93,108,1,89,115,0,0,0,48,78,0,0,0,2,1,3,0
1492,1,86,canteros,93,108,1,89,133,0,0,0,48,78,0,0,0,2,1,3,0
1492,1,87,canteros,93,108,1,92,150,0,0,0,48,78,0,0,0,2,1,3,0
1492,1,88,canteros,93,108,1,89,167,0,0,0,48,78,0,0,0,2,1,3,0
1492,1,89,canteros,93,108,1,92,166,0,0,0,30,60,0,0,0,2,1,2,0
1492,1,90,canteros,93,108,1,95,168,0,0,0,30,60,0,0,0,2,1,2,0
1492,1,91,canteros,94,112,1,106,172,0,0,0,30,60,0,0,0,2,1,4,0
1492,1,92,canteros,93,108,1,81,162,0,0,0,30,62,0,0,0,2,1,4,0
1492,1,93,canteros,93,108,1,91,153,0,0,0,30,60,0,0,0,2,1,7,0
1492,1,94,canteros,93,108,1,93,153,0,0,0,30,60,0,0,0,2,1,2,0
1492,1,95,canteros,96,108,1,97,144,0,0,0,18,48,0,0,0,2,1,2,0
1492,1,96,canteros,96,108,1,85,135,0,0,0,18,38,0,0,0,2,1,3,0
1492,1,97,canteros,96,108,1,83,127,0,0,0,18,38,0,0,0,2,1,2,0
1492,1,98,canteros,96,108,1,83,118,0,0,0,18,38,0,0,0,2,1,2,0
1492,1,99,canteros,96,108,1,81,108,0,0,0,18,38,0,0,0,2,1,2,0
1492,1,100,canteros,96,108,1,82,99,0,0,0,18,38,0,0,0,2,1,2,0
1492,1,101,canteros,96,108,1,86,96,0,0,0,24,44,0,0,0,2,1,2,0
1492,1,102,canteros,96,108,1,93,92,0,0,0,24,54,0,0,0,2,1,3,0
1492,1,103,canteros,96,108,1,95,88,0,0,0,24,54,0,0,0,2,1,3,0
1492,1,104,canteros,97,112,1,96,85,0,0,0,24,54,0,0,0,2,1,4,0
1492,1,105,canteros,96,108,1,71,71,0,0,0,24,56,0,0,0,2,1,4,0
1492,1,106,canteros,96,108,1,96,68,0,0,0,24,54,0,0,0,2,1,2,0
1492,1,107,canteros,96,108,1,88,86,0,0,0,48,78,0,0,0,2,1,3,0
1492,1,108,canteros,96,108,1,94,105,0,0,0,48,78,0,0,0,2,1,3,0
1492,1,109,canteros,96,108,1,95,124,0,0,0,48,78,0,0,0,2,1,3,0
1492,1,110,canteros,96,108,1,86,142,0,0,0,48,78,0,0,0,2,1,3,0
1492,1,111,canteros,306,108,1,95,159,0,0,0,48,78,0,1,1,3,1,3,0
1492,1,112,canteros,306,108,1,94,177,0,0,0,48,78,0,0,0,3,1,4,0
1492,1,113,canteros,306,108,1,98,160,0,0,0,27,57,0,0,0,3,1,7,0
1492,1,114,canteros,306,108,1,97,154,0,0,0,27,57,0,0,0,3,1,3,0
1492,1,115,canteros,309,108,1,95,150,0,0,0,27,57,0,0,0,3,1,3,0
1492,1,116,canteros,309,108,1,95,151,0,0,0,27,57,0,0,0,3,1,3,0
1492,1,117,canteros,309,108,1,94,152,0,0,0,27,57,0,0,0,3,1,3,0
1492,1,118,canteros,309,108,1,99,153,0,0,0,27,57,0,0,0,3,1,2,0
1492,1,119,canteros,309,108,1,96,144,0,0,0,16,46,0,0,0,3,1,3,0
1492,1,120,canteros,309,108,1,84,135,0,0,0,16,36,0,0,0,3,1,3,0
1492,1,121,canteros,309,108,1,85,127,0,0,0,16,36,0,0,0,3,1,2,0
1492,1,122,canteros,309,108,1,82,117,0,0,0,16,36,0,0,0,3,1,2,0
1492,1,123,canteros,310,112,1,94,109,0,0,0,16,36,0,0,0,3,1,3,0
1492,1,124,canteros,309,108,1,67,89,0,0,0,16,37,0,0,0,3,1,3,0
1492,1,125,canteros,309,108,1,85,76,0,0,0,21,41,0,0,0,3,1,7,0
1492,1,126,canteros,309,108,1,88,69,0,0,0,21,51,0,0,0,3,1,3,0
1492,1,127,canteros,312,108,1,95,65,0,0,0,21,51,0,0,0,3,1,3,0
1492,1,128,canteros,312,108,1,90,61,0,0,0,21,51,0,0,0,3,1,3,0
1492,1,129,canteros,312,108,1,95,57,0,0,0,21,51,0,0,0,3,1,3,0
1492,1,130,canteros,312,108,1,92,53,0,0,0,21,51,0,0,0,3,1,3,0
1492,1,131,canteros,312,108,1,96,71,0,0,0,43,73,0,0,0,3,1,3,0
1492,1,132,canteros,312,108,1,100,88,0,0,0,43,73,0,0,0,3,1,2,0
1492,1,133,canteros,312,108,1,102,107,0,0,0,43,73,0,0,0,3,1,2,0
1492,1,134,canteros,312,108,1,107,126,0,0,0,43,73,0,0,0,3,1,2,0
1492,1,135,canteros,313,112,1,122,145,0,0,0,43,73,0,0,0,3,1,3,0
1492,1,136,canteros,312,108,1,82,151,0,0,0,43,75,0,0,0,3,1,4,0
1492,1,137,canteros,312,108,1,103,139,0,1,0,27,57,0,0,0,3,1,7,0
1492,1,138,canteros,312,108,1,92,139,0,1,0,27,57,0,0,0,3,1,2,0
1492,1,139,canteros,315,108,1,98,144,0,1,0,27,57,0,0,0,3,1,2,0
1492,1,140,canteros,315,108,1,100,146,0,1,0,27,57,0,0,0,3,1,3,0
1492,1,141,canteros,315,108,1,113,148,0,1,0,27,57,0,0,0,3,1,2,0
1492,1,142,canteros,315,108,1,120,152,0,1,0,27,57,0,0,0,3,1,3,0
1492,1,143,canteros,315,108,1,139,143,0,1,0,16,46,0,0,0,3,1,3,0
1492,1,144,canteros,315,108,1,136,134,0,1,0,16,36,0,0,0,3,1,2,0
1492,1,145,canteros,315,108,1,132,129,0,1,0,16,36,0,0,0,3,1,3,0
1492,1,146,canteros,315,108,1,139,121,0,1,0,16,36,0,0,0,3,1,3,0
1492,1,147,canteros,316,112,1,148,114,0,1,0,16,36,0,0,0,3,1,3,0
1492,1,148,canteros,315,108,1,128,99,0,1,0,16,37,0,0,0,3,1,4,0
1492,1,149,canteros,315,108,1,123,86,0,1,0,21,41,0,0,0,3,1,9,0
1492,1,150,canteros,315,108,1,121,81,0,2,0,21,51,0,0,0,3,1,3,0
1492,1,151,canteros,318,108,1,132,81,0,1,0,21,51,0,0,0,3,1,4,0
1492,1,152,canteros,318,108,1,136,79,0,1,0,21,51,0,0,0,3,1,4,0
1492,1,153,canteros,318,108,1,133,75,0,2,0,21,51,0,0,0,3,1,3,0
1492,1,154,canteros,318,108,1,143,75,0,1,0,21,51,0,0,0,3,1,3,0
1492,1,155,canteros,318,108,1,149,95,0,1,0,43,73,0,0,0,3,1,4,0
1492,1,156,canteros,318,108,1,147,111,0,2,0,43,73,0,0,0,3,1,3,0
1492,1,157,canteros,318,108,1,160,129,0,3,0,43,73,0,0,0,3,1,3,0
1492,1,158,canteros,318,108,1,179,150,0,0,0,43,73,0,0,0,3,1,3,0
1492,1,159,canteros,319,112,1,156,168,0,0,0,43,73,0,0,0,3,1,4,0
1492,1,160,canteros,318,108,1,135,174,0,2,0,43,75,0,0,0,3,1,4,0
1492,1,161,canteros,318,108,1,194,155,0,4,0,27,57,0,0,0,3,1,6,0
1492,1,162,canteros,318,108,1,189,152,0,0,0,27,57,0,0,0,3,1,3,0
1492,1,163,canteros,321,108,1,207,153,0,0,0,27,57,0,0,0,3,1,3,0
1492,1,164,canteros,321,108,1,216,154,0,0,0,27,57,0,0,0,3,1,2,0
1492,1,165,canteros,321,108,1,224,157,0,0,0,27,57,0,0,0,3,1,3,0
1492,1,166,canteros,321,108,1,252,158,0,0,0,27,57,0,0,0,3,1,3,0
1492,1,167,canteros,321,108,1,281,147,0,0,0,16,46,0,0,0,3,1,2,0
1492,1,168,canteros,321,108,1,271,135,0,0,0,16,36,0,0,0,3,1,3,0
1492,1,169,canteros,321,108,1,280,127,0,0,0,16,36,0,0,0,3,1,3,0
1492,1,170,canteros,321,108,1,276,119,0,0,0,16,36,0,0,0,3,1,2,0
1492,1,171,canteros,321,108,1,272,114,0,0,0,16,36,0,0,0,3,1,3,0
1492,1,172,canteros,322,112,1,293,107,0,0,0,16,36,0,0,0,3,1,4,0
1492,1,173,canteros,321,108,1,233,94,0,0,0,21,42,0,0,0,3,1,4,0
1492,1,174,canteros,321,108,1,214,79,0,2,0,21,51,0,0,0,3,1,9,0
1492,1,175,canteros,321,108,1,238,76,0,2,0,21,51,0,0,0,3,1,2,0
1492,1,176,canteros,321,108,1,245,79,0,0,0,21,51,0,0,0,3,1,3,0
1492,1,177,canteros,321,108,1,224,78,0,0,0,21,51,0,0,0,3,1,4,0
1492,1,178,canteros,324,108,1,204,74,0,2,0,21,51,0,0,0,3,1,3,0
1492,1,179,canteros,324,108,1,221,96,0,2,0,43,73,0,0,0,3,1,3,0
1492,1,180,canteros,324,108,1,241,115,0,2,0,43,73,0,0,0,3,1,3,0
1492,1,181,canteros,324,108,1,249,133,0,2,0,43,73,0,0,0,3,1,2,0
1492,1,182,canteros,324,108,1,257,154,0,2,0,43,73,0,0,0,3,1,3,0
1492,1,183,canteros,324,108,1,276,171,0,2,0,43,73,0,0,0,3,1,3,0
1492,1,184,canteros,324,108,1,323,187,0,2,0,43,73,0,0,0,3,1,1,0
1492,1,185,canteros,324,108,1,347,180,0,2,0,27,57,0,0,0,3,1,2,0
1492,1,186,canteros,324,108,1,391,173,0,2,0,27,57,0,0,0,3,1,1,0
1492,1,187,canteros,325,112,1,425,167,0,2,0,27,57,0,0,0,3,1,3,0
1492,1,188,canteros,324,108,1,446,150,0,2,0,27,59,0,0,0,3,1,3,0
1492,1,189,canteros,324,108,1,443,134,0,2,0,27,57,0,0,0,3,1,8,0
1492,1,190,canteros,324,108,1,461,136,0,2,0,27,57,0,0,0,3,1,3,0
1492,1,191,canteros,324,108,1,467,127,0,2,0,16,46,0,0,0,3,1,2,0
1492,1,192,canteros,324,108,1,462,122,0,2,0,16,36,0,0,0,3,1,3,0
1492,1,193,canteros,324,108,1,472,114,0,2,0,16,36,0,0,0,3,1,3,0
1492,1,194,canteros,327,108,1,470,106,0,2,0,16,36,0,0,0,3,1,2,0
1492,1,195,canteros,327,108,1,467,104,0,0,0,16,36,0,0,0,3,1,3,0
1492,1,196,canteros,327,108,1,475,97,0,0,0,16,36,0,0,0,3,1,3,0
1492,1,197,canteros,327,108,1,432,95,0,0,0,21,41,0,0,0,3,1,3,0
1492,1,198,canteros,327,108,1,412,93,0,2,0,21,51,0,0,0,3,1,4,0
1492,1,199,canteros,327,108,1,437,90,0,2,0,21,51,0,0,0,3,1,2,0
1492,1,200,canteros,327,108,1,446,93,0,0,0,21,51,0,0,0,3,1,3,0
1492,1,1,ferrones,32,46,1,45,63,0,0,0,7,17,0,0,0,0,1,4,0
1492,1,2,ferrones,31,42,1,25,46,0,0,0,7,11,0,0,0,0,1,2,0
1492,1,3,ferrones,30,38,1,5,30,0,0,0,7,11,0,0,0,0,1,1,0
1492,1,4,ferrones,30,38,1,4,25,0,0,0,7,10,0,0,0,0,1,0,1
1492,1,5,ferrones,30,38,1,3,21,0,0,0,7,10,0,1,0,0,1,0,1
1492,1,6,ferrones,30,38,1,13,19,0,0,0,7,21,0,0,0,0,1,1,0
1492,1,7,ferrones,30,38,1,23,17,0,0,0,7,21,0,0,0,0,1,0,1
1492,1,8,ferrones,30,38,1,33,15,0,0,0,7,21,0,0,0,0,1,0,1
1492,1,9,ferrones,30,38,1,43,13,0,0,0,7,21,0,0,0,0,1,0,1
1492,1,10,ferrones,30,38,1,53,11,0,0,0,7,21,0,0,0,0,1,0,1
1492,1,11,ferrones,30,38,1,63,21,0,0,0,19,33,0,0,0,0,1,0,1
1492,1,12,ferrones,30,39,1,73,30,0,0,0,19,33,0,0,0,0,1,0,1
1492,1,13,ferrones,31,40,1,74,39,0,0,0,19,33,0,0,0,0,1,2,0
1492,1,14,ferrones,30,37,1,54,37,0,0,0,19,35,0,0,0,0,1,4,0
1492,1,15,ferrones,30,38,1,67,47,0,0,0,19,33,0,0,0,0,1,1,0
1492,1,16,ferrones,30,39,1,72,55,0,0,0,19,33,0,0,0,0,1,2,0
1492,1,17,ferrones,31,40,1,74,44,0,0,0,12,26,0,0,0,0,1,7,0
1492,1,18,ferrones,31,42,1,74,45,0,0,0,12,28,0,0,0,0,1,3,0
1492,1,19,ferrones,44,44,1,75,47,0,0,0,12,28,0,0,0,1,1,3,0
1492,1,20,ferrones,44,44,1,66,48,0,0,0,12,28,0,0,0,1,1,3,0
1492,1,21,ferrones,45,46,1,75,47,0,0,0,12,28,0,1,0,1,1,2,0
1492,1,22,ferrones,45,48,1,76,47,0,0,0,12,32,0,0,0,1,1,2,0
1492,1,23,ferrones,45,48,1,77,41,0,0,0,7,27,0,0,0,1,1,3,0
1492,1,24,ferrones,45,48,1,74,36,0,0,0,7,23,0,0,0,1,1,3,0
1492,1,25,ferrones,45,48,1,71,31,0,0,0,7,23,0,0,0,1,1,3,0
1492,1,26,ferrones,45,48,1,73,26,0,0,0,7,23,0,0,0,1,1,2,0
1492,1,27,ferrones,45,48,1,74,21,0,0,0,7,23,0,0,0,1,1,2,0
1492,1,28,ferrones,45,48,1,74,16,0,0,0,7,23,0,0,0,1,1,2,0
1492,1,29,ferrones,46,52,1,81,15,0,0,0,9,25,0,0,0,1,1,4,0
1492,1,30,ferrones,46,52,1,79,12,0,0,0,9,31,0,0,0,1,1,3,0
1492,1,31,ferrones,46,52,1,79,10,0,0,0,9,31,0,0,0,1,1,3,0
1492,1,32,ferrones,46,52,1,79,8,0,0,0,9,31,0,0,0,1,1,3,0
1492,1,33,ferrones,46,52,1,79,6,0,0,0,9,31,0,0,0,1,1,3,0
1492,1,34,ferrones,46,52,1,79,4,0,0,0,9,31,0,0,0,1,1,3,0
1492,1,35,ferrones,46,52,1,79,12,0,0,0,19,41,0,0,0,1,1,3,0
1492,1,36,ferrones,46,52,1,79,20,0,0,0,19,41,0,0,0,1,1,3,0
1492,1,37,ferrones,46,52,1,79,27,0,0,0,19,41,0,0,0,1,1,3,0
1492,1,38,ferrones,46,52,1,80,28,0,0,0,13,35,0,0,0,1,1,2,0
1492,1,39,ferrones,46,52,1,81,27,0,0,0,13,35,0,0,0,1,1,2,0
1492,1,40,ferrones,46,52,1,82,26,0,0,0,13,35,0,0,0,1,1,2,0
1492,1,41,ferrones,46,52,1,82,21,0,0,0,8,30,0,0,0,1,1,3,0
1492,1,42,ferrones,46,52,1,71,18,0,0,0,8,30,0,0,0,1,1,3,0
1492,1,43,ferrones,46,52,1,81,15,0,0,0,8,30,0,1,0,1,1,3,0
1492,1,44,ferrones,46,52,1,47,16,0,0,0,12,34,0,0,0,1,1,2,0
1492,1,45,ferrones,46,52,1,66,17,0,0,0,12,34,0,0,0,1,1,1,0
1492,1,46,ferrones,46,52,1,75,14,0,0,0,12,34,0,0,0,1,1,2,0
1492,1,47,ferrones,46,52,1,75,7,0,0,0,7,29,0,0,0,1,1,2,0
1492,1,48,ferrones,45,52,1,73,3,0,0,0,7,24,1,1,0,1,1,2,0
1492,1,49,ferrones,44,52,1,76,3,0,0,5,7,29,1,0,0,1,1,2,0
1492,1,50,ferrones,43,51,1,72,2,0,0,9,7,28,1,0,0,1,1,2,0
1492,1,51,ferrones,42,50,1,75,3,0,0,13,7,28,1,0,0,1,1,2,0
1492,1,52,ferrones,40,49,1,71,2,0,0,17,7,28,1,0,0,1,1,2,0
1492,1,53,ferrones,39,48,1,73,3,0,0,21,9,29,1,0,0,1,1,2,0
1492,1,54,ferrones,39,48,1,77,2,0,0,17,9,33,0,0,0,1,1,3,0
1492,1,55,ferrones,39,48,1,76,2,0,0,21,10,36,0,0,0,1,1,2,0
1492,1,56,ferrones,39,48,1,77,3,0,0,17,10,36,0,0,0,1,1,3,0
1492,1,57,ferrones,39,48,1,78,5,0,0,20,11,37,0,0,0,1,1,2,0
1492,1,58,ferrones,49,48,1,79,7,0,0,15,11,37,0,0,0,1,1,3,0
1492,1,59,ferrones,49,48,1,81,22,0,0,17,24,51,0,0,0,1,1,2,0
1492,1,60,ferrones,50,50,1,78,36,0,0,19,24,51,0,0,0,1,1,2,0
1492,1,61,ferrones,49,48,1,64,41,0,0,21,24,53,0,0,0,1,1,3,0
1492,1,62,ferrones,50,50,1,81,54,0,0,15,24,51,0,0,0,1,1,2,0
1492,1,63,ferrones,50,52,1,75,58,0,0,17,18,48,0,0,0,1,1,2,0
1492,1,64,ferrones,50,54,1,80,65,0,0,18,18,47,0,0,0,1,1,2,0
1492,1,65,ferrones,50,54,1,78,51,0,0,19,11,40,0,0,0,1,1,7,0
1492,1,66,ferrones,50,54,1,83,52,0,0,20,11,40,0,0,0,1,1,2,0
1492,1,67,ferrones,53,54,1,81,51,0,0,21,11,40,0,0,0,1,1,2,0
1492,1,68,ferrones,53,54,1,81,52,0,0,22,11,40,0,0,0,1,1,2,0
1492,1,69,ferrones,54,56,1,80,57,0,0,23,16,45,0,0,0,1,1,2,0
1492,1,70,ferrones,54,58,1,79,61,0,0,21,16,45,0,0,0,1,1,3,0
1492,1,71,ferrones,54,58,1,138,59,0,0,22,10,39,0,0,0,1,1,2,0
1492,1,72,ferrones,54,58,1,89,56,0,0,23,10,34,0,0,0,1,1,3,0
1492,1,73,ferrones,54,58,1,86,57,0,0,21,10,34,0,0,0,1,1,4,0
1492,1,74,ferrones,54,58,1,133,55,0,0,22,10,34,0,0,0,1,1,2,0
1492,1,75,ferrones,54,58,1,88,54,0,0,23,10,34,0,0,0,1,1,3,0
1492,1,76,ferrones,54,58,1,96,55,0,0,21,10,34,0,0,0,1,1,3,0
1492,1,77,ferrones,55,62,1,145,56,0,0,22,13,37,0,0,0,1,1,4,0
1492,1,78,ferrones,54,58,1,76,47,0,0,22,13,43,0,0,0,1,1,5,0
1492,1,79,ferrones,54,58,1,98,36,0,1,22,13,41,0,0,0,1,1,7,0
1492,1,80,ferrones,54,58,1,78,38,0,0,22,13,41,0,0,0,1,1,3,0
1492,1,81,ferrones,57,58,1,87,40,0,0,22,13,41,0,0,0,1,1,2,0
1492,1,82,ferrones,57,58,1,85,41,0,0,22,13,41,0,0,0,1,1,2,0
1492,1,83,ferrones,58,60,1,84,55,0,0,22,26,54,0,0,0,1,1,2,0
1492,1,84,ferrones,58,60,1,85,68,0,0,22,26,56,0,0,0,1,1,2,0
1492,1,85,ferrones,58,60,1,86,80,0,0,22,26,56,0,0,0,1,1,2,0
1492,1,86,ferrones,73,60,1,89,92,0,0,22,26,56,0,0,0,2,1,2,0
1492,1,87,ferrones,73,60,1,85,103,0,0,22,26,56,0,0,0,2,1,2,0
1492,1,88,ferrones,73,60,1,91,110,0,0,22,26,56,0,0,0,2,1,2,0
1492,1,89,ferrones,73,64,1,95,110,0,0,22,16,46,0,0,0,2,1,3,0
1492,1,90,ferrones,73,60,1,72,96,0,0,22,16,46,0,0,0,2,1,3,0
1492,1,91,ferrones,73,60,1,87,81,0,0,22,16,46,0,0,0,2,1,7,0
1492,1,92,ferrones,73,60,1,80,79,0,0,21,16,45,0,0,0,2,1,2,0
1492,1,93,ferrones,76,60,1,84,82,0,0,20,16,45,0,0,0,2,1,2,0
1492,1,94,ferrones,76,60,1,86,84,0,0,19,16,45,0,0,0,2,1,2,0
1492,1,95,ferrones,76,60,1,83,80,0,0,18,10,39,0,0,0,2,1,2,0
1492,1,96,ferrones,76,60,1,80,77,0,0,17,10,33,0,0,0,2,1,2,0
1492,1,97,ferrones,76,60,1,75,74,0,0,16,10,33,0,0,0,2,1,2,0
1492,1,98,ferrones,76,60,1,75,71,0,0,15,10,33,0,0,0,2,1,2,0
1492,1,99,ferrones,76,60,1,74,67,0,0,14,10,33,0,0,0,2,1,2,0
1492,1,100,ferrones,76,60,1,78,63,0,0,13,10,33,0,0,0,2,1,2,0
1492,1,101,ferrones,76,60,1,75,61,0,0,12,13,36,0,0,0,2,1,2,0
1492,1,102,ferrones,76,60,1,80,60,0,0,11,13,42,0,0,0,2,1,2,0
1492,1,103,ferrones,76,64,1,90,62,0,0,10,13,42,0,0,0,2,1,3,0
1492,1,104,ferrones,76,60,1,62,52,0,0,9,13,42,0,0,0,2,1,4,0
1492,1,105,ferrones,76,60,1,87,39,0,0,8,13,42,0,0,0,2,1,6,0
1492,1,106,ferrones,76,60,1,83,36,0,0,7,13,42,0,0,0,2,1,2,0
1492,1,107,ferrones,79,60,1,86,55,0,0,5,32,60,0,0,0,2,1,2,0
1492,1,108,ferrones,79,60,1,58,35,0,0,3,32,60,0,0,0,2,1,3,0
1492,1,109,ferrones,79,60,1,80,54,0,0,1,32,60,0,0,0,2,1,1,0
1492,1,110,ferrones,123,81,2,76,69,0,0,3,32,60,0,0,0,3,1,2,0
1492,1,111,ferrones,123,82,2,64,82,0,0,1,32,64,0,0,0,3,1,3,0
1492,1,112,ferrones,123,83,2,75,92,0,0,3,32,64,0,1,0,3,1,2,0
1492,1,113,ferrones,123,83,2,57,90,0,0,1,21,53,0,0,0,3,1,2,0
1492,1,114,ferrones,123,84,2,68,89,0,0,3,21,53,0,1,0,3,1,1,0
1492,1,115,ferrones,124,88,2,80,87,0,0,1,21,53,0,0,0,3,1,3,0
1492,1,116,ferrones,124,85,2,48,74,0,0,3,21,53,0,0,0,3,1,3,0
1492,1,117,ferrones,124,86,2,61,65,0,0,1,21,53,0,0,0,3,1,6,0
1492,1,118,ferrones,124,87,2,68,63,0,0,3,21,53,0,0,0,3,1,0,1
1492,1,119,ferrones,127,87,2,70,53,0,0,1,13,45,0,0,0,3,1,2,0
1492,1,120,ferrones,127,87,2,62,45,0,0,3,13,39,0,0,0,3,1,2,0
1492,1,121,ferrones,127,87,2,66,38,0,0,1,13,39,0,0,0,3,1,1,0
1492,1,122,ferrones,127,87,2,62,29,0,0,3,13,39,0,0,0,3,1,2,0
1492,1,123,ferrones,127,87,2,64,22,0,0,1,13,39,0,0,0,3,1,1,0
1492,1,124,ferrones,127,87,2,65,14,0,0,3,13,39,0,0,0,3,1,0,1
1492,1,125,ferrones,127,87,2,61,10,0,0,1,17,43,0,0,0,3,1,2,0
1492,1,126,ferrones,127,87,2,69,7,0,0,3,17,49,0,0,0,3,1,1,0
1492,1,127,ferrones,127,87,2,71,3,0,0,1,17,49,0,0,0,3,1,3,0
1492,1,128,ferrones,127,91,2,80,2,0,0,3,17,46,1,0,0,3,1,3,0
1492,1,129,ferrones,126,91,2,71,2,0,0,1,17,46,1,0,0,3,1,2,0
1492,1,130,ferrones,124,89,2,75,4,0,0,3,17,46,1,0,0,3,1,2,0
1492,1,131,ferrones,124,89,2,71,17,0,0,1,33,62,0,0,0,3,1,2,0
1492,1,132,ferrones,125,90,2,73,30,0,0,3,33,62,0,0,0,3,1,2,0
1492,1,133,ferrones,125,91,2,73,43,0,0,1,34,63,0,0,0,3,1,2,0
1492,1,134,ferrones,125,92,2,73,55,0,0,3,34,63,0,0,0,3,1,2,0
1492,1,135,ferrones,125,93,2,73,66,0,0,1,34,63,0,0,0,3,1,2,0
1492,1,136,ferrones,125,91,2,54,67,0,0,3,34,64,0,0,0,3,1,3,0
1492,1,137,ferrones,125,91,2,65,53,0,0,1,21,51,0,0,0,3,1,6,0
1492,1,138,ferrones,125,91,2,69,50,0,0,3,21,51,0,0,0,3,1,2,0
1492,1,139,ferrones,128,91,2,74,49,0,0,1,22,52,0,0,0,3,1,2,0
1492,1,140,ferrones,128,91,2,74,49,0,0,3,22,52,0,0,0,3,1,2,0
1492,1,141,ferrones,128,91,2,75,50,0,0,1,22,52,0,0,0,3,1,2,0
1492,1,142,ferrones,128,91,2,71,50,0,0,3,22,52,0,0,0,3,1,2,0
1492,1,143,ferrones,128,91,2,74,43,0,0,1,13,43,0,0,0,3,1,3,0
1492,1,144,ferrones,128,91,2,71,35,0,0,3,13,39,0,0,0,3,1,2,0
1492,1,145,ferrones,128,91,2,68,27,0,0,1,13,39,0,0,0,3,1,2,0
1492,1,146,ferrones,128,91,2,70,20,0,0,3,13,39,0,0,0,3,1,2,0
1492,1,147,ferrones,128,91,2,66,12,0,0,1,13,39,0,0,0,3,1,2,0
1492,1,148,ferrones,128,91,2,68,5,0,0,3,13,39,0,0,0,3,1,2,0
1492,1,149,ferrones,129,95,2,79,1,0,0,1,17,43,0,0,0,3,1,3,0
1492,1,150,ferrones,128,95,2,76,1,0,0,3,17,49,1,0,0,3,1,2,0
1492,1,151,ferrones,127,95,2,76,3,0,0,1,17,49,1,0,0,3,1,3,0
1492,1,152,ferrones,125,93,2,75,3,0,0,0,17,50,1,0,0,3,1,2,0
1492,1,153,ferrones,124,91,2,74,3,0,0,3,17,50,1,0,0,3,1,2,0
1492,1,154,ferrones,122,89,2,76,3,0,0,2,17,48,1,0,0,3,1,2,0
1492,1,155,ferrones,122,89,2,71,17,0,0,1,34,65,0,0,0,3,1,3,0
1492,1,156,ferrones,123,90,2,72,31,0,0,0,34,64,0,0,0,3,1,2,0
1492,1,157,ferrones,123,91,2,71,44,0,0,3,34,64,0,0,0,3,1,2,0
1492,1,158,ferrones,123,92,2,71,56,0,0,2,34,65,0,0,0,3,1,2,0
1492,1,159,ferrones,123,91,2,51,57,0,0,1,34,65,0,0,0,3,1,3,0
1492,1,160,ferrones,123,93,2,59,69,0,0,0,34,63,0,0,0,3,1,1,0
1492,1,161,ferrones,123,93,2,67,53,0,0,3,22,53,0,0,0,3,1,5,0
1492,1,162,ferrones,123,93,2,70,50,0,0,2,22,53,0,0,0,3,1,2,0
1492,1,163,ferrones,123,93,2,69,49,0,0,1,22,53,0,0,0,3,1,2,0
1492,1,164,ferrones,126,93,2,74,49,0,0,0,22,53,0,0,0,3,1,3,0
1492,1,165,ferrones,126,93,2,75,48,0,0,3,22,55,0,0,0,3,1,2,0
1492,1,166,ferrones,126,93,2,72,48,0,0,2,22,55,0,0,0,3,1,2,0
1492,1,167,ferrones,126,93,2,76,40,0,0,1,13,46,0,0,0,3,1,2,0
1492,1,168,ferrones,126,93,2,67,31,0,0,0,13,40,0,0,0,3,1,2,0
1492,1,169,ferrones,126,93,2,70,24,0,0,3,13,40,0,0,0,3,1,2,0
1492,1,170,ferrones,126,93,2,65,15,0,0,2,13,40,0,0,0,3,1,2,0
1492,1,171,ferrones,126,93,2,66,7,0,0,1,13,40,0,0,0,3,1,2,0
1492,1,172,ferrones,125,93,2,66,1,0,0,0,13,40,1,0,0,3,1,2,0
1492,1,173,ferrones,124,93,2,66,1,0,0,3,17,44,1,0,0,3,1,2,0
1492,1,174,ferrones,123,91,2,72,1,0,0,2,17,50,1,0,0,3,1,2,0
1492,1,175,ferrones,122,93,2,81,1,0,0,1,17,48,1,0,0,3,1,3,0
1492,1,176,ferrones,121,91,2,73,2,0,0,0,17,50,1,0,0,3,1,2,0
1492,1,177,ferrones,119,89,2,78,4,0,0,3,16,49,1,0,0,3,1,3,0
1492,1,178,ferrones,118,87,2,72,2,0,0,2,15,45,1,0,0,3,1,2,0
1492,1,179,ferrones,118,87,2,71,10,0,0,1,26,54,0,0,0,3,1,3,0
1492,1,180,ferrones,118,87,2,62,17,0,0,0,26,47,0,0,0,3,1,2,0
1492,1,181,ferrones,118,87,2,63,24,0,0,3,26,47,0,0,0,3,1,1,0
1492,1,182,ferrones,118,87,2,62,28,0,0,2,26,47,0,0,0,3,1,0,1
1492,1,183,ferrones,118,89,2,61,35,0,0,1,29,50,0,0,0,3,1,0,1
1492,1,184,ferrones,119,90,2,61,41,0,0,0,29,51,0,0,0,3,1,0,1
1492,1,185,ferrones,119,90,2,62,39,0,0,3,21,44,0,0,0,3,1,0,1
1492,1,186,ferrones,119,90,2,63,37,0,0,2,21,44,0,0,0,3,1,0,1
1492,1,187,ferrones,119,90,2,64,35,0,0,1,21,44,0,0,0,3,1,0,1
1492,1,188,ferrones,119,90,2,65,33,0,0,0,21,44,0,0,0,3,1,0,1
1492,1,189,ferrones,119,91,2,61,32,0,0,3,22,45,0,0,0,3,1,2,0
1492,1,190,ferrones,119,91,2,63,32,0,0,2,22,45,0,0,0,3,1,1,0
1492,1,191,ferrones,119,91,2,64,23,0,0,1,13,36,0,0,0,3,1,0,1
1492,1,192,ferrones,119,91,2,65,14,0,0,0,13,36,0,0,0,3,1,0,1
1492,1,193,ferrones,119,91,2,61,5,0,0,3,13,36,0,0,0,3,1,3,0
1492,1,194,ferrones,118,91,2,65,1,0,0,2,13,38,1,0,0,3,1,1,0
1492,1,195,ferrones,117,91,2,63,0,0,0,1,13,38,1,0,0,3,1,2,0
1492,1,196,ferrones,115,89,2,67,1,0,0,0,13,38,1,0,0,3,1,1,0
1492,1,197,ferrones,114,87,2,64,0,0,0,3,17,41,1,0,0,3,1,2,0
1492,1,198,ferrones,113,85,2,69,1,0,0,2,17,43,1,0,0,3,1,1,0
1492,1,199,ferrones,111,83,2,68,0,0,0,1,16,42,1,0,0,3,1,3,0
1492,1,200,ferrones,110,81,2,67,1,0,0,0,16,41,1,0,0,3,1,2,0
1492,1,1,hortelanos,36,66,1,30,81,0,0,0,31,45,0,0,0,0,1,4,0
1492,1,2,hortelanos,35,62,1,12,71,0,0,0,31,37,0,0,0,0,1,7,0
1492,1,3,hortelanos,98,62,1,14,82,0,0,0,31,37,0,0,0,1,1,0,1
1492,1,4,hortelanos,98,62,1,16,93,0,0,0,31,37,0,0,0,1,1,0,1
1492,1,5,hortelanos,163,62,1,18,115,0,0,0,43,49,0,1,0,2,1,0,1
1492,1,6,hortelanos,163,62,1,34,130,0,0,0,43,63,0,0,0,2,1,6,0
1492,1,7,hortelanos,166,60,1,30,143,0,0,0,43,63,0,0,0,2,1,1,0
1492,1,8,hortelanos,166,60,1,46,151,0,0,0,43,63,0,0,0,2,1,5,0
1492,1,9,hortelanos,166,60,1,62,172,0,0,0,43,63,0,0,0,2,1,0,1
1492,1,10,hortelanos,166,60,1,78,173,0,0,0,43,63,0,0,0,2,1,7,0
1492,1,11,hortelanos,169,60,1,99,203,0,0,0,61,81,0,0,0,2,1,3,0
1492,1,12,hortelanos,169,60,1,106,234,0,0,0,61,81,0,0,0,2,1,3,0
1492,1,13,hortelanos,169,60,1,96,264,0,0,0,61,81,0,0,0,2,1,4,0
1492,1,14,hortelanos,169,60,1,106,292,0,1,0,61,81,0,0,0,2,1,3,0
1492,1,15,hortelanos,169,60,1,96,320,0,1,0,61,81,0,0,0,2,1,4,0
1492,1,16,hortelanos,169,60,1,110,331,0,0,0,61,81,0,0,0,2,1,14,0
1492,1,17,hortelanos,169,60,1,99,340,0,1,0,43,63,0,0,0,2,1,3,0
1492,1,18,hortelanos,172,60,1,111,347,0,1,0,43,63,0,0,0,2,1,3,0
1492,1,19,hortelanos,172,60,1,99,355,0,1,0,43,63,0,0,0,2,1,3,0
1492,1,20,hortelanos,172,60,1,99,361,0,1,0,43,63,0,0,0,2,1,3,0
1492,1,21,hortelanos,172,60,1,101,367,0,1,0,43,63,0,1,0,2,1,4,0
1492,1,22,hortelanos,172,60,1,100,375,0,1,0,43,63,0,0,0,2,1,3,0
1492,1,23,hortelanos,172,60,1,127,378,0,1,0,43,63,0,0,0,2,1,3,0
1492,1,24,hortelanos,172,60,1,98,386,0,1,0,43,57,0,0,0,2,1,3,0
1492,1,25,hortelanos,172,60,1,104,391,0,1,0,43,57,0,0,0,2,1,3,0
1492,1,26,hortelanos,172,64,1,103,397,0,1,0,43,57,0,0,0,2,1,4,0
1492,1,27,hortelanos,172,63,1,78,391,0,1,0,43,57,0,1,0,2,1,4,0
1492,1,28,hortelanos,173,66,1,92,381,0,1,0,43,57,0,0,0,2,1,8,0
1492,1,29,hortelanos,173,69,1,92,379,0,1,0,36,50,0,0,0,2,1,3,0
1492,1,30,hortelanos,174,72,1,98,377,0,1,0,36,56,0,0,0,2,1,3,0
1492,1,31,hortelanos,178,75,1,113,373,0,1,0,36,58,0,0,0,2,1,3,0
1492,1,32,hortelanos,178,78,1,112,370,0,1,0,36,58,0,0,0,2,1,3,0
1492,1,33,hortelanos,179,81,1,114,366,0,1,0,36,58,0,0,0,2,1,3,0
1492,1,34,hortelanos,180,85,1,118,352,0,0,0,36,60,0,0,0,2,1,8,0
1492,1,35,hortelanos,180,89,1,104,355,0,0,0,43,67,0,0,0,2,1,4,0
1492,1,36,hortelanos,181,90,1,110,355,0,1,0,43,67,0,0,0,2,1,3,0
1492,1,37,hortelanos,181,90,1,115,355,0,1,0,43,69,0,0,0,2,1,3,0
1492,1,38,hortelanos,181,90,1,119,355,0,1,0,43,69,0,0,0,2,1,3,0
1492,1,39,hortelanos,181,90,1,106,356,0,1,0,43,69,0,0,0,2,1,4,0
1492,1,40,hortelanos,181,90,1,114,345,0,1,0,43,69,0,0,0,2,1,8,0
1492,1,41,hortelanos,181,90,1,109,349,0,1,0,45,71,0,0,0,2,1,3,0
1492,1,42,hortelanos,184,90,1,115,345,0,1,0,45,71,0,0,0,2,1,8,0
1492,1,43,hortelanos,184,90,1,109,349,0,1,0,45,71,0,0,0,2,1,3,0
1492,1,44,hortelanos,184,90,1,114,352,0,1,0,45,71,0,0,0,2,1,3,0
1492,1,45,hortelanos,184,90,1,108,355,0,1,0,45,71,0,0,0,2,1,3,0
1492,1,46,hortelanos,184,90,1,112,345,0,1,0,45,71,0,0,0,2,1,8,0
1492,1,47,hortelanos,184,90,1,76,308,0,1,0,43,69,0,0,0,2,1,4,0
1492,1,48,hortelanos,184,90,1,102,294,0,1,0,43,60,0,0,0,2,1,8,0
1492,1,49,hortelanos,238,160,2,95,297,0,1,0,43,60,0,0,0,3,1,3,0
1492,1,50,hortelanos,241,160,2,93,281,0,1,0,43,74,0,0,0,3,1,5,0
1492,1,51,hortelanos,241,160,2,90,274,0,1,0,52,83,0,0,0,3,1,4,0
1492,1,52,hortelanos,241,160,2,101,265,0,1,0,52,83,0,1,0,3,1,4,0
1492,1,53,hortelanos,241,160,2,102,271,0,1,0,65,96,0,1,0,3,1,3,0
1492,1,54,hortelanos,241,160,2,121,290,0,1,0,79,119,0,1,0,3,1,4,0
1492,1,55,hortelanos,241,163,2,114,309,0,1,0,79,119,0,1,0,3,1,5,0
1492,1,56,hortelanos,242,166,2,120,328,0,2,0,79,119,0,1,0,3,1,4,0
1492,1,57,hortelanos,242,169,2,121,349,0,3,0,79,122,0,0,0,3,1,3,0
1492,1,58,hortelanos,244,176,2,120,367,0,3,0,79,122,0,0,0,3,1,4,0
1492,1,59,hortelanos,244,176,2,97,373,0,3,0,79,124,0,0,0,3,1,4,0
1492,1,60,hortelanos,245,180,2,122,373,0,0,0,79,124,0,0,0,3,1,8,0
1492,1,61,hortelanos,245,180,2,119,386,0,0,0,79,126,0,0,0,3,1,4,0
1492,1,62,hortelanos,248,180,2,120,399,0,1,0,79,126,0,0,0,3,1,4,0
1492,1,63,hortelanos,248,180,2,121,411,0,2,0,79,126,0,0,0,3,1,4,0
1492,1,64,hortelanos,248,180,2,119,424,0,3,0,79,126,0,0,0,3,1,3,0
1492,1,65,hortelanos,248,180,2,126,424,0,3,0,79,126,0,0,0,3,1,8,0
1492,1,66,hortelanos,248,180,2,92,398,0,3,0,79,126,0,0,0,3,1,4,0
1492,1,67,hortelanos,251,180,2,119,408,0,3,0,79,126,0,0,0,3,1,3,0
1492,1,68,hortelanos,321,280,3,127,420,0,3,0,79,126,0,0,0,4,1,3,0
1492,1,69,hortelanos,321,280,3,121,408,0,3,0,79,146,0,0,0,4,1,4,0
1492,1,70,hortelanos,321,280,3,133,396,0,3,0,79,146,0,1,0,4,1,5,0
1492,1,71,hortelanos,321,280,3,142,404,0,3,0,95,162,0,0,0,4,1,5,0
1492,1,72,hortelanos,321,280,3,122,371,0,3,0,95,153,0,1,0,4,1,6,0
1492,1,73,hortelanos,321,280,3,132,393,0,3,0,111,169,0,0,0,4,1,5,0
1492,1,74,hortelanos,350,327,4,141,412,0,3,0,111,169,0,2,0,4,1,4,0
1492,1,75,hortelanos,352,337,4,129,386,0,3,0,111,177,0,1,0,4,1,7,0
1492,1,76,hortelanos,353,343,4,102,388,0,3,0,111,177,0,0,0,4,1,5,0
1492,1,77,hortelanos,384,396,5,122,385,0,3,0,111,179,0,0,0,4,1,10,0
1492,1,78,hortelanos,385,404,5,113,342,0,3,0,111,198,0,1,0,4,1,6,0
1492,1,79,hortelanos,387,412,5,135,348,0,3,0,120,207,0,0,0,4,1,4,0
1492,1,80,hortelanos,421,482,6,146,352,0,3,0,120,211,0,0,0,4,1,4,0
1492,1,81,hortelanos,424,482,6,179,337,0,3,0,120,225,0,1,0,4,1,7,0
1492,1,82,hortelanos,425,486,6,162,329,0,3,0,124,229,0,0,0,4,1,5,0
1492,1,83,hortelanos,425,489,6,180,320,0,3,0,124,229,0,0,0,4,1,5,0
1492,1,84,hortelanos,426,491,6,215,309,0,3,0,124,231,0,1,0,4,1,5,0
1492,1,85,hortelanos,427,497,6,260,305,0,3,0,128,235,0,0,0,4,1,5,0
1492,1,86,hortelanos,427,498,6,214,289,0,3,0,128,235,0,0,0,4,1,5,0
1492,1,87,hortelanos,427,498,6,250,270,0,1,0,128,237,0,1,0,4,1,9,0
1492,1,88,hortelanos,427,498,6,278,263,0,1,0,128,237,0,0,0,4,1,5,0
1492,1,89,hortelanos,427,498,6,320,255,0,2,0,128,237,0,0,0,4,1,4,0
1492,1,90,hortelanos,430,498,6,341,250,0,2,0,128,237,0,0,0,4,1,4,0
1492,1,91,hortelanos,430,498,6,376,243,0,2,0,128,237,0,1,0,4,1,5,0
1492,1,92,hortelanos,430,498,6,412,241,0,2,0,131,240,0,0,0,4,1,4,0
1492,1,93,hortelanos,430,498,6,453,238,0,2,0,131,240,0,0,0,4,1,4,0
1492,1,94,hortelanos,430,498,6,508,235,0,2,0,131,240,0,1,0,4,1,4,0
1492,1,95,hortelanos,430,498,6,559,246,0,2,0,141,250,0,0,0,4,1,3,0
1492,1,96,hortelanos,430,498,6,541,257,0,2,0,141,241,0,0,0,4,1,5,0
1492,1,97,hortelanos,430,498,6,563,266,0,2,0,141,241,0,0,0,4,1,6,0
1492,1,98,hortelanos,430,498,6,591,259,0,2,0,141,241,0,0,0,4,1,9,0
1492,1,99,hortelanos,430,498,6,619,265,0,2,0,141,241,0,1,0,4,1,4,0
1492,1,100,hortelanos,433,498,6,578,272,0,2,0,141,241,0,0,0,4,1,4,0
1492,1,101,hortelanos,433,498,6,605,277,0,2,0,141,241,0,0,0,4,1,6,0
1492,1,102,hortelanos,433,498,6,661,282,0,2,0,141,250,0,1,0,4,1,3,0
1492,1,103,hortelanos,433,498,6,712,294,0,2,0,144,253,0,0,0,4,1,3,0
1492,1,104,hortelanos,433,498,6,703,306,0,2,0,144,253,0,0,0,4,1,3,0
1492,1,105,hortelanos,433,498,6,734,316,0,2,0,144,253,0,1,0,4,1,6,0
1492,1,106,hortelanos,434,502,6,780,324,0,2,0,144,253,0,0,0,4,1,5,0
1492,1,107,hortelanos,434,502,6,797,321,0,2,0,144,253,0,0,0,4,1,5,0
1492,1,108,hortelanos,434,502,6,784,317,0,0,0,144,253,0,0,0,4,1,10,0
1492,1,109,hortelanos,434,502,6,745,323,0,0,0,144,253,0,0,0,4,1,6,0
1492,1,110,hortelanos,434,502,6,777,326,0,2,0,144,253,0,0,0,4,1,5,0
1492,1,111,hortelanos,434,502,6,838,331,0,4,0,144,253,0,1,0,4,1,4,0
1492,1,112,hortelanos,437,502,6,889,346,0,4,0,150,259,0,0,0,4,1,3,0
1492,1,113,hortelanos,437,502,6,890,361,0,4,0,150,259,0,0,0,4,1,3,0
1492,1,114,hortelanos,437,502,6,891,375,0,4,0,150,259,0,0,0,4,1,4,0
1492,1,115,hortelanos,437,502,6,912,350,0,4,0,150,259,0,0,0,4,1,4,0
1492,1,116,hortelanos,437,502,6,962,364,0,4,0,150,259,0,0,0,4,1,4,0
1492,1,117,hortelanos,471,571,7,1012,379,0,4,0,150,259,0,0,0,4,1,4,0
1492,1,118,hortelanos,471,571,7,1012,326,0,4,0,150,271,0,1,0,4,1,6,0
1492,1,119,hortelanos,471,571,7,1012,316,0,4,0,155,276,0,0,0,4,1,9,0
1492,1,120,hortelanos,497,602,8,1053,316,0,4,0,155,267,0,0,0,4,1,4,0
1492,1,121,hortelanos,497,603,8,1071,311,0,4,0,155,273,0,0,0,4,1,4,0
1492,1,122,hortelanos,500,604,8,1057,306,0,4,0,155,273,0,0,0,4,1,5,0
1492,1,123,hortelanos,501,605,8,1092,300,0,4,0,155,273,0,1,0,4,1,4,0
1492,1,124,hortelanos,501,606,8,1127,300,0,4,0,159,277,0,0,0,4,1,3,0
1492,1,125,hortelanos,501,607,8,1144,300,0,4,0,159,277,0,0,0,4,1,3,0
1492,1,126,hortelanos,501,608,8,1138,298,0,4,0,159,286,0,1,0,4,1,5,0
1492,1,127,hortelanos,501,609,8,1178,302,0,4,0,164,283,0,0,0,4,1,4,0
1492,1,128,hortelanos,502,610,8,1177,268,0,4,0,164,283,0,0,0,4,1,4,0
1492,1,129,hortelanos,502,611,8,1195,271,0,4,0,164,283,0,1,0,4,1,5,0
1492,1,130,hortelanos,532,661,9,1172,273,0,4,0,164,285,0,0,0,4,1,4,0
1492,1,131,hortelanos,532,661,9,1148,263,0,4,0,164,295,0,0,0,4,1,6,0
1492,1,132,hortelanos,532,661,9,1106,253,0,4,0,164,295,0,0,0,4,1,5,0
1492,1,133,hortelanos,532,661,9,1132,241,0,4,0,164,295,0,1,0,4,1,6,0
1492,1,134,hortelanos,533,665,9,1179,236,0,4,0,168,299,0,0,0,4,1,3,0
1492,1,135,hortelanos,533,669,9,1220,233,0,4,0,168,299,0,0,0,4,1,3,0
1492,1,136,hortelanos,533,669,9,1192,229,0,4,0,168,299,0,0,0,4,1,3,0
1492,1,137,hortelanos,534,673,9,1182,223,0,4,0,168,299,0,1,0,4,1,5,0
1492,1,138,hortelanos,535,677,9,1224,222,0,4,0,172,303,0,0,0,4,1,4,0
1492,1,139,hortelanos,536,681,9,1266,220,0,4,0,172,303,0,0,0,4,1,4,0
1492,1,140,hortelanos,536,683,9,1306,218,0,4,0,172,311,0,0,0,4,1,3,0
1492,1,141,hortelanos,537,685,9,1285,214,0,4,0,172,311,0,1,0,4,1,4,0
1492,1,142,hortelanos,537,687,9,1320,208,0,4,0,172,311,0,0,0,4,1,5,0
1492,1,143,hortelanos,537,689,9,1355,202,0,4,0,172,311,0,0,0,4,1,4,0
1492,1,144,hortelanos,537,689,9,1333,160,0,0,0,172,302,0,0,0,4,1,6,0
1492,1,145,hortelanos,537,689,9,1309,153,0,0,0,172,302,0,0,0,4,1,5,0
1492,1,146,hortelanos,572,764,10,1306,146,0,0,0,172,302,0,1,0,4,1,4,0
1492,1,147,hortelanos,572,764,10,1339,139,0,0,0,182,326,0,0,0,4,1,4,0
1492,1,148,hortelanos,572,764,10,1351,135,0,0,0,182,326,0,0,0,4,1,2,0
1492,1,149,hortelanos,572,764,10,1306,130,0,0,0,182,326,0,0,0,4,1,4,0
1492,1,150,hortelanos,573,766,10,1331,133,0,2,0,194,347,0,1,0,4,1,4,0
1492,1,151,hortelanos,573,766,10,1381,141,0,4,0,197,352,0,0,0,4,1,3,0
1492,1,152,hortelanos,573,766,10,1400,191,0,0,0,234,389,0,0,0,4,1,2,0
1492,1,153,hortelanos,573,766,10,1371,229,0,0,0,234,389,0,1,0,4,1,5,0
1492,1,154,hortelanos,573,766,10,1405,265,0,2,0,238,393,0,0,0,4,1,5,0
1492,1,155,hortelanos,573,766,10,1454,301,0,4,0,238,393,0,0,0,4,1,3,0
1492,1,156,hortelanos,573,766,10,1482,322,0,4,0,223,378,0,1,0,4,1,4,0
1492,1,157,hortelanos,573,766,10,1467,341,0,4,0,223,378,0,0,0,4,1,4,0
1492,1,158,hortelanos,573,766,10,1502,360,0,4,0,223,378,0,0,0,4,1,5,0
1492,1,159,hortelanos,573,766,10,1519,378,0,4,0,223,378,0,0,0,4,1,4,0
1492,1,160,hortelanos,573,766,10,1554,393,0,4,0,223,378,0,1,0,4,1,6,0
1492,1,161,hortelanos,573,766,10,1560,414,0,4,0,236,391,0,0,0,4,1,8,0
1492,1,162,hortelanos,573,766,10,1599,445,0,4,0,236,391,0,0,0,4,1,4,0
1492,1,163,hortelanos,576,766,10,1628,473,0,4,0,236,391,0,1,0,4,1,5,0
1492,1,164,hortelanos,576,766,10,1663,499,0,4,0,236,391,0,0,0,4,1,4,0
1492,1,165,hortelanos,576,766,10,1698,524,0,4,0,236,391,0,0,0,4,1,4,0
1492,1,166,hortelanos,576,766,10,1683,534,0,4,0,236,391,0,0,0,4,1,10,0
1492,1,167,hortelanos,576,766,10,1718,557,0,4,0,236,391,0,0,0,4,1,5,0
1492,1,168,hortelanos,579,766,10,1764,579,0,4,0,236,382,0,0,0,4,1,3,0
1492,1,169,hortelanos,579,766,10,1794,604,0,4,0,236,382,0,0,0,4,1,3,0
1492,1,170,hortelanos,579,766,10,1784,626,0,4,0,236,382,0,0,0,4,1,4,0
1492,1,171,hortelanos,579,766,10,1793,608,0,4,0,236,382,0,1,0,4,1,4,0
1492,1,172,hortelanos,579,766,10,1832,627,0,4,0,242,388,0,0,0,4,1,9,0
1492,1,173,hortelanos,611,813,11,1871,655,0,4,0,242,388,0,0,0,4,1,3,0
1492,1,174,hortelanos,612,815,11,1896,671,0,4,0,242,405,0,0,0,4,1,4,0
1492,1,175,hortelanos,612,817,11,1889,684,0,4,0,242,405,0,1,0,4,1,5,0
1492,1,176,hortelanos,612,819,11,1934,695,0,3,0,253,418,0,0,0,4,1,9,0
1492,1,177,hortelanos,613,821,11,1961,719,0,3,0,253,418,0,0,0,4,1,3,0
1492,1,178,hortelanos,616,823,11,2006,739,0,3,0,253,418,0,1,0,4,1,4,0
1492,1,179,hortelanos,617,825,11,2000,772,0,3,0,265,430,0,0,0,4,1,3,0
1492,1,180,hortelanos,617,826,11,2034,802,0,3,0,265,430,0,0,0,4,1,5,0
1492,1,181,hortelanos,617,826,11,2060,829,0,3,0,265,432,0,1,0,4,1,4,0
1492,1,182,hortelanos,617,826,11,2092,854,0,3,0,265,432,0,0,0,4,1,4,0
1492,1,183,hortelanos,617,826,11,2074,878,0,3,0,265,432,0,0,0,4,1,4,0
1492,1,184,hortelanos,617,826,11,2106,895,0,2,0,265,432,0,0,0,4,1,10,0
1492,1,185,hortelanos,620,826,11,2138,917,0,2,0,265,432,0,0,0,4,1,4,0
1492,1,186,hortelanos,620,826,11,2190,938,0,2,0,265,432,0,0,0,4,1,4,0
1492,1,187,hortelanos,620,826,11,2176,962,0,2,0,265,432,0,0,0,4,1,3,0
1492,1,188,hortelanos,620,826,11,2222,971,0,2,0,265,432,0,1,0,4,1,9,0
1492,1,189,hortelanos,620,826,11,2268,999,0,2,0,271,438,0,0,0,4,1,3,0
1492,1,190,hortelanos,623,826,11,2313,1026,0,2,0,271,438,0,0,0,4,1,4,0
1492,1,191,hortelanos,623,826,11,2304,1052,0,2,0,271,430,0,0,0,4,1,3,0
1492,1,192,hortelanos,623,826,11,2338,1077,0,2,0,271,421,0,0,0,4,1,4,0
1492,1,193,hortelanos,623,826,11,2372,1101,0,2,0,271,421,0,0,0,4,1,3,0
1492,1,194,hortelanos,623,826,11,2406,1124,0,2,0,271,421,0,0,0,4,1,3,0
1492,1,195,hortelanos,623,826,11,2390,1146,0,2,0,271,421,0,0,0,4,1,3,0
1492,1,196,hortelanos,623,826,11,2404,1167,0,2,0,273,423,0,0,0,4,1,5,0
1492,1,197,hortelanos,624,833,11,2433,1185,0,2,0,273,423,0,1,0,4,1,5,0
1492,1,198,hortelanos,625,836,11,2441,1192,0,2,0,273,432,0,0,0,4,1,5,0
1492,1,199,hortelanos,626,840,11,2441,1192,0,2,0,273,434,0,0,0,4,1,10,0
1492,1,200,hortelanos,626,844,11,2493,1206,0,2,0,273,438,0,0,0,4,1,4,0
1492,1,1,mercaderes,40,86,1,62,59,0,0,0,13,39,0,0,0,0,1,4,0
1492,1,2,mercaderes,39,82,1,54,38,0,0,0,13,29,0,0,0,0,1,2,0
1492,1,3,mercaderes,39,82,1,66,28,0,0,0,13,29,0,1,0,0,1,0,1
1492,1,4,mercaderes,39,82,1,74,21,0,0,0,13,29,0,0,0,0,1,2,0
1492,1,5,mercaderes,39,82,1,73,15,0,0,0,13,29,0,0,0,0,1,2,0
1492,1,6,mercaderes,39,82,1,87,12,0,0,0,13,37,0,0,0,0,1,2,0
1492,1,7,mercaderes,39,82,1,87,8,0,0,0,13,37,0,0,0,0,1,3,0
1492,1,8,mercaderes,39,82,1,91,5,0,0,0,13,37,0,0,0,0,1,3,0
1492,1,9,mercaderes,38,82,1,95,4,0,0,0,13,37,1,0,0,0,1,3,0
1492,1,10,mercaderes,37,82,1,89,4,0,0,0,13,37,1,0,0,0,1,3,0
1492,1,11,mercaderes,37,82,1,95,24,0,0,0,36,60,0,0,0,0,1,3,0
1492,1,12,mercaderes,38,86,1,88,43,0,0,0,36,60,0,0,0,0,1,3,0
1492,1,13,mercaderes,39,90,1,94,60,0,0,0,36,60,0,0,0,0,1,3,0
1492,1,14,mercaderes,39,90,1,70,66,0,0,0,36,62,0,0,0,0,1,4,0
1492,1,15,mercaderes,54,90,1,73,72,0,0,0,36,62,0,0,0,1,1,3,0
1492,1,16,mercaderes,54,90,1,65,76,0,0,0,36,62,0,0,0,1,1,3,0
1492,1,17,mercaderes,54,90,1,87,67,0,0,0,22,48,0,0,0,1,1,7,0
1492,1,18,mercaderes,67,90,1,87,66,0,0,0,22,48,0,0,0,2,1,2,0
1492,1,19,mercaderes,67,90,1,94,71,0,0,0,22,48,0,0,0,2,1,2,0
1492,1,20,mercaderes,67,90,1,90,76,0,0,0,22,48,0,0,0,2,1,3,0
1492,1,21,mercaderes,67,90,1,99,72,0,0,0,22,48,0,0,0,2,1,7,0
1492,1,22,mercaderes,67,90,1,94,77,0,0,0,22,48,0,0,0,2,1,3,0
1492,1,23,mercaderes,70,90,1,92,73,0,0,0,13,39,0,0,0,2,1,3,0
1492,1,24,mercaderes,70,90,1,93,69,0,0,0,13,30,0,0,0,2,1,2,0
1492,1,25,mercaderes,70,90,1,81,65,0,0,0,13,30,0,0,0,2,1,3,0
1492,1,26,mercaderes,70,90,1,86,53,0,0,0,13,30,0,0,0,2,1,7,0
1492,1,27,mercaderes,73,90,1,81,49,0,0,0,13,30,0,0,0,2,1,2,0
1492,1,28,mercaderes,73,90,1,82,46,0,0,0,13,30,0,0,0,2,1,2,0
1492,1,29,mercaderes,73,90,1,87,47,0,0,0,18,35,0,0,0,2,1,2,0
1492,1,30,mercaderes,73,90,1,89,46,0,0,0,18,44,0,0,0,2,1,3,0
1492,1,31,mercaderes,73,90,1,94,45,0,0,0,18,44,0,0,0,2,1,3,0
1492,1,32,mercaderes,73,90,1,90,44,0,0,0,18,44,0,0,0,2,1,3,0
1492,1,33,mercaderes,73,90,1,99,43,0,0,0,18,44,0,0,0,2,1,3,0
1492,1,34,mercaderes,73,90,1,95,42,0,0,0,18,44,0,0,0,2,1,3,0
1492,1,35,mercaderes,73,90,1,94,58,0,0,0,36,62,0,0,0,2,1,3,0
1492,1,36,mercaderes,73,90,1,94,74,0,0,0,36,62,0,0,0,2,1,3,0
1492,1,37,mercaderes,73,90,1,93,89,0,0,0,36,62,0,0,0,2,1,3,0
1492,1,38,mercaderes,73,90,1,92,103,0,0,0,36,62,0,0,0,2,1,3,0
1492,1,39,mercaderes,73,90,1,101,117,0,0,0,36,62,0,0,0,2,1,3,0
1492,1,40,mercaderes,73,90,1,97,130,0,0,0,36,62,0,0,0,2,1,3,0
1492,1,41,mercaderes,73,90,1,95,117,0,0,0,22,48,0,0,0,2,1,8,0
1492,1,42,mercaderes,73,90,1,93,120,0,0,0,22,48,0,0,0,2,1,3,0
1492,1,43,mercaderes,76,90,1,94,123,0,0,0,22,48,0,0,0,2,1,3,0
1492,1,44,mercaderes,76,90,1,94,126,0,0,0,22,48,0,0,0,2,1,3,0
1492,1,45,mercaderes,76,90,1,94,128,0,0,0,22,48,0,0,0,2,1,3,0
1492,1,46,mercaderes,76,90,1,93,130,0,0,0,22,48,0,0,0,2,1,3,0
1492,1,47,mercaderes,76,90,1,92,111,0,0,0,13,39,0,0,0,2,1,8,0
1492,1,48,mercaderes,76,90,1,92,105,0,0,0,13,30,0,0,0,2,1,2,0
1492,1,49,mercaderes,79,90,1,88,102,0,0,0,15,32,0,0,0,2,1,2,0
1492,1,50,mercaderes,79,90,1,87,99,0,0,0,15,32,0,0,0,2,1,2,0
1492,1,51,mercaderes,79,90,1,85,96,0,0,0,15,32,0,0,0,2,1,2,0
1492,1,52,mercaderes,79,90,1,83,93,0,0,0,15,32,0,0,0,2,1,2,0
1492,1,53,mercaderes,79,90,1,80,84,0,0,0,18,35,0,0,0,2,1,8,0
1492,1,54,mercaderes,79,90,1,96,81,0,0,0,18,44,0,0,0,2,1,2,0
1492,1,55,mercaderes,82,90,1,89,78,0,0,0,18,44,0,0,0,2,1,3,0
1492,1,56,mercaderes,82,90,1,97,76,0,0,0,18,44,0,0,0,2,1,3,0
1492,1,57,mercaderes,82,90,1,92,74,0,0,0,18,44,0,0,0,2,1,3,0
1492,1,58,mercaderes,82,90,1,100,72,0,0,0,18,44,0,0,0,2,1,3,0
1492,1,59,mercaderes,82,90,1,95,96,0,0,0,45,71,0,0,0,2,1,3,0
1492,1,60,mercaderes,82,90,1,95,119,0,0,0,45,71,0,0,0,2,1,3,0
1492,1,61,mercaderes,82,90,1,94,141,0,0,0,45,71,0,0,0,2,1,3,0
1492,1,62,mercaderes,82,90,1,96,162,0,0,0,45,71,0,0,0,2,1,2,0
1492,1,63,mercaderes,82,90,1,97,178,0,0,0,45,71,0,0,0,2,1,2,0
1492,1,64,mercaderes,82,90,1,98,193,0,0,0,45,71,0,0,0,2,1,2,0
1492,1,65,mercaderes,82,90,1,99,177,0,0,0,25,51,0,0,0,2,1,7,0
1492,1,66,mercaderes,82,90,1,100,173,0,0,0,25,51,0,0,0,2,1,2,0
1492,1,67,mercaderes,85,90,1,91,169,0,0,0,25,51,0,0,0,2,1,2,0
1492,1,68,mercaderes,85,90,1,95,166,0,0,0,25,51,0,0,0,2,1,2,0
1492,1,69,mercaderes,85,90,1,95,163,0,0,0,25,51,0,0,0,2,1,2,0
1492,1,70,mercaderes,85,90,1,95,160,0,0,0,25,51,0,0,0,2,1,2,0
1492,1,71,mercaderes,85,90,1,95,147,0,0,0,15,41,0,0,0,2,1,2,0
1492,1,72,mercaderes,85,90,1,86,135,0,0,0,15,32,0,0,0,2,1,2,0
1492,1,73,mercaderes,85,90,1,87,121,0,0,0,13,30,0,0,0,2,1,3,0
1492,1,74,mercaderes,85,94,1,92,112,0,0,0,13,30,0,0,0,2,1,3,0
1492,1,75,mercaderes,85,90,1,69,96,0,0,0,13,30,0,0,0,2,1,3,0
1492,1,76,mercaderes,85,90,1,82,78,0,0,0,13,30,0,0,0,2,1,7,0
1492,1,77,mercaderes,85,90,1,84,74,0,0,0,18,35,0,0,0,2,1,2,0
1492,1,78,mercaderes,88,90,1,86,72,0,0,0,18,44,0,0,0,2,1,3,0
1492,1,79,mercaderes,88,90,1,91,70,0,0,0,18,44,0,0,0,2,1,3,0
1492,1,80,mercaderes,88,90,1,96,68,0,0,0,18,44,0,0,0,2,1,3,0
1492,1,81,mercaderes,88,90,1,91,66,0,0,0,18,44,0,0,0,2,1,3,0
1492,1,82,mercaderes,88,90,1,101,64,0,0,0,18,44,0,0,0,2,1,3,0
1492,1,83,mercaderes,88,90,1,97,79,0,0,0,36,62,0,0,0,2,1,3,0
1492,1,84,mercaderes,88,90,1,96,94,0,0,0,36,62,0,0,0,2,1,3,0
1492,1,85,mercaderes,88,90,1,95,108,0,0,0,36,62,0,0,0,2,1,3,0
1492,1,86,mercaderes,88,90,1,94,122,0,0,0,36,62,0,0,0,2,1,3,0
1492,1,87,mercaderes,88,90,1,93,135,0,0,0,36,62,0,0,0,2,1,3,0
1492,1,88,mercaderes,88,90,1,95,148,0,0,0,36,62,0,0,0,2,1,3,0
1492,1,89,mercaderes,88,90,1,96,134,0,0,0,22,48,0,0,0,2,1,7,0
1492,1,90,mercaderes,88,90,1,94,129,0,0,0,22,48,0,0,0,2,1,3,0
1492,1,91,mercaderes,91,90,1,93,128,0,0,0,22,48,0,0,0,2,1,3,0
1492,1,92,mercaderes,91,90,1,92,130,0,0,0,22,48,0,0,0,2,1,3,0
1492,1,93,mercaderes,91,90,1,100,132,0,0,0,22,48,0,0,0,2,1,2,0
1492,1,94,mercaderes,91,90,1,92,134,0,0,0,22,48,0,0,0,2,1,3,0
1492,1,95,mercaderes,91,90,1,103,126,0,0,0,13,39,0,0,0,2,1,3,0
1492,1,96,mercaderes,91,90,1,80,117,0,0,0,13,30,0,0,0,2,1,3,0
1492,1,97,mercaderes,91,90,1,87,111,0,0,0,13,30,0,0,0,2,1,2,0
1492,1,98,mercaderes,91,94,1,92,104,0,0,0,13,30,0,0,0,2,1,3,0
1492,1,99,mercaderes,91,90,1,69,88,0,0,0,13,30,0,0,0,2,1,3,0
1492,1,100,mercaderes,91,90,1,81,70,0,0,0,13,30,0,0,0,2,1,7,0
1492,1,101,mercaderes,91,90,1,83,66,0,0,0,18,35,0,0,0,2,1,2,0
1492,1,102,mercaderes,94,90,1,85,64,0,0,0,18,44,0,0,0,2,1,3,0
1492,1,103,mercaderes,94,90,1,92,62,0,0,0,18,44,0,0,0,2,1,3,0
1492,1,104,mercaderes,94,90,1,98,60,0,0,0,18,44,0,0,0,2,1,3,0
1492,1,105,mercaderes,94,90,1,94,58,0,0,0,18,44,0,0,0,2,1,3,0
1492,1,106,mercaderes,94,90,1,93,56,0,0,0,18,44,0,0,0,2,1,3,0
1492,1,107,mercaderes,94,90,1,92,72,0,0,0,36,62,0,0,0,2,1,3,0
1492,1,108,mercaderes,94,90,1,101,87,0,0,0,36,62,0,0,0,2,1,3,0
1492,1,109,mercaderes,94,90,1,97,101,0,0,0,36,62,0,0,0,2,1,3,0
1492,1,110,mercaderes,94,90,1,96,115,0,0,0,36,62,0,0,0,2,1,3,0
1492,1,111,mercaderes,94,90,1,95,128,0,0,0,36,62,0,0,0,2,1,3,0
1492,1,112,mercaderes,94,90,1,93,141,0,0,0,36,62,0,0,0,2,1,3,0
1492,1,113,mercaderes,94,90,1,94,128,0,0,0,22,48,0,0,0,2,1,7,0
1492,1,114,mercaderes,94,90,1,92,123,0,0,0,22,48,0,0,0,2,1,3,0
1492,1,115,mercaderes,97,90,1,100,126,0,0,0,22,48,0,0,0,2,1,2,0
1492,1,116,mercaderes,97,90,1,98,128,0,0,0,22,48,0,0,0,2,1,3,0
1492,1,117,mercaderes,97,90,1,98,130,0,0,0,22,48,0,0,0,2,1,3,0
1492,1,118,mercaderes,97,90,1,98,132,0,0,0,22,48,0,0,0,2,1,3,0
1492,1,119,mercaderes,97,90,1,101,126,0,0,0,13,39,0,0,0,2,1,3,0
1492,1,120,mercaderes,97,90,1,89,119,0,0,0,13,30,0,0,0,2,1,3,0
1492,1,121,mercaderes,97,90,1,89,113,0,0,0,13,30,0,0,0,2,1,2,0
1492,1,122,mercaderes,97,94,1,95,107,0,0,0,13,30,0,0,0,2,1,3,0
1492,1,123,mercaderes,97,90,1,64,91,0,0,0,13,30,0,0,0,2,1,4,0
1492,1,124,mercaderes,97,90,1,84,73,0,0,0,13,30,0,0,0,2,1,7,0
1492,1,125,mercaderes,97,90,1,75,68,0,0,0,18,35,0,0,0,2,1,3,0
1492,1,126,mercaderes,97,90,1,91,66,0,0,0,18,44,0,0,0,2,1,2,0
1492,1,127,mercaderes,100,90,1,94,64,0,0,0,18,44,0,0,0,2,1,3,0
1492,1,128,mercaderes,100,90,1,90,62,0,0,0,18,44,0,0,0,2,1,3,0
1492,1,129,mercaderes,100,90,1,99,60,0,0,0,18,44,0,0,0,2,1,3,0
1492,1,130,mercaderes,100,90,1,95,58,0,0,0,18,44,0,0,0,2,1,3,0
1492,1,131,mercaderes,100,90,1,94,74,0,0,0,36,62,0,0,0,2,1,3,0
1492,1,132,mercaderes,100,90,1,92,89,0,0,0,36,62,0,0,0,2,1,3,0
1492,1,133,mercaderes,100,90,1,100,103,0,0,0,36,62,0,0,0,2,1,3,0
1492,1,134,mercaderes,100,90,1,95,117,0,0,0,36,62,0,0,0,2,1,3,0
1492,1,135,mercaderes,100,94,1,103,133,0,0,0,36,62,0,0,0,2,1,4,0
1492,1,136,mercaderes,100,90,1,73,135,0,0,0,36,62,0,0,0,2,1,4,0
1492,1,137,mercaderes,100,90,1,98,121,0,0,0,22,48,0,0,0,2,1,7,0
1492,1,138,mercaderes,100,90,1,90,120,0,0,0,22,48,0,0,0,2,1,3,0
1492,1,139,mercaderes,103,90,1,100,123,0,0,0,22,48,0,0,0,2,1,2,0
1492,1,140,mercaderes,103,90,1,96,126,0,0,0,22,48,0,0,0,2,1,3,0
1492,1,141,mercaderes,103,90,1,95,128,0,0,0,22,48,0,0,0,2,1,3,0
1492,1,142,mercaderes,103,90,1,93,130,0,0,0,22,48,0,0,0,2,1,3,0
1492,1,143,mercaderes,103,90,1,91,124,0,0,0,13,39,0,0,0,2,1,3,0
1492,1,144,mercaderes,103,90,1,93,118,0,0,0,13,30,0,0,0,2,1,2,0
1492,1,145,mercaderes,103,90,1,81,112,0,0,0,13,30,0,0,0,2,1,3,0
1492,1,146,mercaderes,103,90,1,86,106,0,0,0,13,30,0,0,0,2,1,2,0
1492,1,147,mercaderes,103,94,1,91,101,0,0,0,13,30,0,0,0,2,1,3,0
1492,1,148,mercaderes,103,90,1,68,85,0,0,0,13,30,0,0,0,2,1,3,0
1492,1,149,mercaderes,103,90,1,81,74,0,0,0,18,35,0,0,0,2,1,7,0
1492,1,150,mercaderes,103,90,1,92,70,0,0,0,18,44,0,0,0,2,1,2,0
1492,1,151,mercaderes,106,90,1,94,68,0,0,0,18,44,0,0,0,2,1,4,0
1492,1,152,mercaderes,106,90,1,96,66,0,0,0,18,51,0,0,0,2,1,3,0
1492,1,153,mercaderes,106,90,1,103,64,0,0,0,18,51,0,0,0,2,1,3,0
1492,1,154,mercaderes,106,90,1,99,62,0,0,0,18,51,0,0,0,2,1,3,0
1492,1,155,mercaderes,106,90,1,108,77,0,0,0,36,69,0,0,0,2,1,3,0
1492,1,156,mercaderes,106,90,1,104,92,0,0,0,36,69,0,0,0,2,1,3,0
1492,1,157,mercaderes,106,90,1,103,106,0,0,0,36,69,0,0,0,2,1,3,0
1492,1,158,mercaderes,106,90,1,102,120,0,0,0,36,69,0,0,0,2,1,3,0
1492,1,159,mercaderes,106,94,1,121,134,0,0,0,36,69,0,0,0,2,1,4,0
1492,1,160,mercaderes,106,90,1,97,136,0,0,0,36,69,0,0,0,2,1,4,0
1492,1,161,mercaderes,106,90,1,102,122,0,0,0,22,55,0,0,0,2,1,8,0
1492,1,162,mercaderes,106,90,1,109,120,0,0,0,22,55,0,0,0,2,1,3,0
1492,1,163,mercaderes,109,90,1,104,123,0,0,0,22,55,0,0,0,2,1,3,0
1492,1,164,mercaderes,109,90,1,102,126,0,0,0,22,55,0,0,0,2,1,3,0
1492,1,165,mercaderes,109,90,1,112,128,0,0,0,22,55,0,0,0,2,1,3,0
1492,1,166,mercaderes,109,90,1,109,130,0,0,0,22,55,0,0,0,2,1,3,0
1492,1,167,mercaderes,109,90,1,109,124,0,0,0,13,46,0,0,0,2,1,3,0
1492,1,168,mercaderes,109,90,1,96,118,0,0,0,13,34,0,0,0,2,1,3,0
1492,1,169,mercaderes,109,90,1,93,112,0,0,0,13,34,0,0,0,2,1,3,0
1492,1,170,mercaderes,109,90,1,86,106,0,0,0,13,34,0,0,0,2,1,3,0
1492,1,171,mercaderes,109,94,1,99,102,0,0,0,13,34,0,0,0,2,1,3,0
1492,1,172,mercaderes,109,90,1,71,86,0,0,0,13,34,0,0,0,2,1,4,0
1492,1,173,mercaderes,109,90,1,89,75,0,0,0,18,39,0,0,0,2,1,7,0
1492,1,174,mercaderes,109,90,1,98,72,0,0,0,18,51,0,0,0,2,1,3,0
1492,1,175,mercaderes,112,90,1,101,70,0,0,0,18,51,0,0,0,2,1,3,0
1492,1,176,mercaderes,112,90,1,107,68,0,0,0,18,51,0,0,0,2,1,3,0
1492,1,177,mercaderes,112,90,1,103,66,0,0,0,18,51,0,0,0,2,1,3,0
1492,1,178,mercaderes,112,90,1,102,64,0,0,0,18,51,0,0,0,2,1,3,0
1492,1,179,mercaderes,112,90,1,111,79,0,0,0,36,69,0,0,0,2,1,3,0
1492,1,180,mercaderes,112,90,1,106,94,0,0,0,36,69,0,0,0,2,1,3,0
1492,1,181,mercaderes,112,90,1,104,108,0,0,0,36,69,0,0,0,2,1,3,0
1492,1,182,mercaderes,112,90,1,102,122,0,0,0,36,69,0,0,0,2,1,3,0
1492,1,183,mercaderes,112,94,1,120,136,0,0,0,36,69,0,0,0,2,1,4,0
1492,1,184,mercaderes,112,90,1,97,138,0,0,0,36,69,0,0,0,2,1,4,0
1492,1,185,mercaderes,112,90,1,108,124,0,0,0,22,55,0,0,0,2,1,7,0
1492,1,186,mercaderes,112,90,1,33,120,0,0,0,22,55,0,0,0,2,1,3,0
1492,1,187,mercaderes,115,90,1,72,124,0,0,0,22,55,0,0,0,2,1,1,0
1492,1,188,mercaderes,115,90,1,91,118,0,0,0,22,55,0,0,0,2,1,2,0
1492,1,189,mercaderes,115,90,1,100,115,0,0,0,22,55,0,0,0,2,1,2,0
1492,1,190,mercaderes,115,90,1,103,116,0,0,0,22,55,0,0,0,2,1,3,0
1492,1,191,mercaderes,115,90,1,99,108,0,0,0,13,46,0,0,0,2,1,3,0
1492,1,192,mercaderes,115,90,1,93,101,0,0,0,13,34,0,0,0,2,1,3,0
1492,1,193,mercaderes,115,90,1,86,94,0,0,0,13,34,0,0,0,2,1,3,0
1492,1,194,mercaderes,115,90,1,91,87,0,0,0,13,34,0,0,0,2,1,2,0
1492,1,195,mercaderes,115,90,1,93,80,0,0,0,13,34,0,0,0,2,1,2,0
1492,1,196,mercaderes,115,90,1,85,74,0,0,0,13,34,0,0,0,2,1,3,0
1492,1,197,mercaderes,115,94,1,99,73,0,0,0,18,39,0,0,0,2,1,4,0
1492,1,198,mercaderes,115,90,1,82,58,0,0,0,18,51,0,0,0,2,1,4,0
1492,1,199,mercaderes,115,90,1,108,41,0,0,0,18,51,0,0,0,2,1,7,0
1492,1,200,mercaderes,115,90,1,96,38,0,0,0,18,51,0,0,0,2,1,3,0
1492,1,1,mesta,29,30,1,42,75,0,0,0,5,11,0,0,0,0,1,3,0
1492,1,2,mesta,29,30,1,41,69,0,0,0,5,8,0,0,0,0,1,1,0
1492,1,3,mesta,29,30,1,40,63,0,0,0,5,8,0,0,0,0,1,0,1
1492,1,4,mesta,29,30,1,39,57,0,0,0,5,8,0,0,0,0,1,0,1
1492,1,5,mesta,29,30,1,38,51,0,0,0,5,8,0,1,0,0,1,0,1
1492,1,6,mesta,28,26,1,28,38,0,0,0,5,19,0,0,0,0,1,1,0
1492,1,7,mesta,28,26,1,36,36,0,0,0,5,17,0,0,0,0,1,1,0
1492,1,8,mesta,28,26,1,44,34,0,0,0,5,17,0,0,0,0,1,0,1
1492,1,9,mesta,28,26,1,52,32,0,0,0,5,17,0,0,0,0,1,0,1
1492,1,10,mesta,28,26,1,60,30,0,0,0,5,17,0,0,0,0,1,0,1
1492,1,11,mesta,28,27,1,68,36,0,0,0,13,25,0,0,0,0,1,0,1
1492,1,12,mesta,28,28,1,71,42,0,0,0,13,25,0,0,0,0,1,2,0
1492,1,13,mesta,28,29,1,71,48,0,0,0,13,25,0,0,0,0,1,2,0
1492,1,14,mesta,29,30,1,72,52,0,0,0,13,25,0,0,0,0,1,2,0
1492,1,15,mesta,28,29,1,45,56,0,0,0,13,27,0,0,0,0,1,3,0
1492,1,16,mesta,29,30,1,55,62,0,0,0,13,25,0,0,0,0,1,1,0
1492,1,17,mesta,29,31,1,65,63,0,0,0,8,22,0,0,0,0,1,0,1
1492,1,18,mesta,44,32,1,75,64,0,0,0,8,22,0,0,0,1,1,0,1
1492,1,19,mesta,44,33,1,76,64,0,0,0,8,22,0,0,0,1,1,2,0
1492,1,20,mesta,44,34,1,79,64,0,0,0,8,22,0,0,0,1,1,2,0
1492,1,21,mesta,44,34,1,63,63,0,0,0,8,22,0,0,0,1,1,2,0
1492,1,22,mesta,45,35,1,78,60,0,0,0,8,22,0,1,0,1,1,1,0
1492,1,23,mesta,45,35,1,70,56,0,0,0,5,25,0,0,0,1,1,2,0
1492,1,24,mesta,45,35,1,73,52,0,0,0,5,22,0,0,0,1,1,2,0
1492,1,25,mesta,45,35,1,72,48,0,0,0,5,22,0,0,0,1,1,2,0
1492,1,26,mesta,45,35,1,72,47,0,0,0,5,22,0,0,0,1,1,2,0
1492,1,27,mesta,45,35,1,72,46,0,0,0,5,22,0,0,0,1,1,2,0
1492,1,28,mesta,45,35,1,72,45,0,0,0,5,22,0,0,0,1,1,3,0
1492,1,29,mesta,45,35,1,94,45,0,0,0,6,23,0,0,0,1,1,3,0
1492,1,30,mesta,45,35,1,93,44,0,0,0,6,26,0,0,0,1,1,4,0
1492,1,31,mesta,45,35,1,100,43,0,0,0,6,26,0,0,0,1,1,4,0
1492,1,32,mesta,45,35,1,107,42,0,0,0,6,26,0,0,0,1,1,4,0
1492,1,33,mesta,45,35,1,114,41,0,0,0,6,26,0,0,0,1,1,4,0
1492,1,34,mesta,45,35,1,120,40,1,0,0,6,26,0,0,0,1,1,4,0
1492,1,35,mesta,45,36,1,100,46,1,0,0,13,33,0,0,0,1,1,5,0
1492,1,36,mesta,45,37,1,112,50,1,1,0,13,33,0,0,0,1,1,4,0
1492,1,37,mesta,45,38,1,118,54,1,1,0,13,33,0,0,0,1,1,4,0
1492,1,38,mesta,45,39,1,101,54,1,1,0,9,29,0,0,0,1,1,5,0
1492,1,39,mesta,45,39,1,114,54,1,2,0,9,29,0,0,0,1,1,4,0
1492,1,40,mesta,45,39,1,106,55,1,0,0,9,29,0,0,0,1,1,4,0
1492,1,41,mesta,45,39,1,101,54,1,0,0,5,25,0,0,0,1,1,4,0
1492,1,42,mesta,45,39,1,97,53,1,0,0,5,25,0,0,0,1,1,4,0
1492,1,43,mesta,45,39,1,101,52,1,0,0,5,25,0,0,0,1,1,4,0
1492,1,44,mesta,45,39,1,97,54,1,0,0,8,28,0,0,0,1,1,4,0
1492,1,45,mesta,45,39,1,101,55,1,0,0,8,28,0,0,0,1,1,4,0
1492,1,46,mesta,45,39,1,96,56,1,0,0,8,28,0,0,0,1,1,4,0
1492,1,47,mesta,45,39,1,100,54,1,0,0,5,25,0,0,0,1,1,4,0
1492,1,48,mesta,45,39,1,94,52,1,0,0,5,22,0,0,0,1,1,4,0
1492,1,49,mesta,45,39,1,97,51,1,0,0,5,22,0,0,0,1,1,4,0
1492,1,50,mesta,45,39,1,99,50,1,0,0,5,22,0,0,0,1,1,4,0
1492,1,51,mesta,45,39,1,92,49,1,0,0,5,22,0,0,0,1,1,4,0
1492,1,52,mesta,45,39,1,94,48,1,0,0,5,22,0,0,0,1,1,4,0
1492,1,53,mesta,45,39,1,93,48,1,0,0,6,23,0,0,0,1,1,4,0
1492,1,54,mesta,45,39,1,99,45,1,0,0,6,26,0,0,0,1,1,4,0
1492,1,55,mesta,45,39,1,108,42,1,0,0,6,26,0,0,0,1,1,4,0
1492,1,56,mesta,45,39,1,115,39,1,0,0,6,26,0,0,0,1,1,4,0
1492,1,57,mesta,45,39,1,122,36,1,0,0,6,26,0,0,0,1,1,4,0
1492,1,58,mesta,45,39,1,102,33,2,0,0,6,26,0,0,0,1,1,5,0
1492,1,59,mesta,46,40,1,114,37,2,1,0,13,33,0,0,0,1,1,4,0
1492,1,60,mesta,45,37,1,102,31,2,0,0,13,35,0,0,0,1,1,5,0
1492,1,61,mesta,45,38,1,108,35,2,0,0,13,33,0,0,0,1,1,4,0
1492,1,62,mesta,45,39,1,113,39,2,0,0,13,33,0,0,0,1,1,4,0
1492,1,63,mesta,45,39,1,118,39,2,0,0,9,29,0,0,0,1,1,4,0
1492,1,64,mesta,45,39,1,97,39,2,0,0,9,29,0,0,0,1,1,5,0
1492,1,65,mesta,45,39,1,111,22,2,1,0,5,25,0,0,0,1,1,9,0
1492,1,66,mesta,45,39,1,100,22,2,0,0,5,25,0,0,0,1,1,4,0
1492,1,67,mesta,58,39,1,94,22,2,0,0,5,25,0,0,0,2,1,4,0
1492,1,68,mesta,58,39,1,99,22,2,0,0,5,25,0,0,0,2,1,4,0
1492,1,69,mesta,58,39,1,95,25,2,0,0,8,28,0,0,0,2,1,4,0
1492,1,70,mesta,58,39,1,100,28,2,0,0,8,28,0,0,0,2,1,4,0
1492,1,71,mesta,58,39,1,96,28,2,0,0,5,25,0,0,0,2,1,4,0
1492,1,72,mesta,58,39,1,97,28,2,0,0,5,22,0,0,0,2,1,4,0
1492,1,73,mesta,58,39,1,101,28,2,0,0,5,22,0,0,0,2,1,4,0
1492,1,74,mesta,58,39,1,95,28,2,0,0,5,22,0,0,0,2,1,4,0
1492,1,75,mesta,58,39,1,97,28,2,0,0,5,22,0,0,0,2,1,4,0
1492,1,76,mesta,58,39,1,99,28,2,0,0,5,22,0,0,0,2,1,4,0
1492,1,77,mesta,59,43,1,108,28,2,0,0,6,23,0,0,0,2,1,5,0
1492,1,78,mesta,59,43,1,116,25,2,0,0,6,28,0,0,0,2,1,4,0
1492,1,79,mesta,59,43,1,123,22,2,0,0,6,28,0,0,0,2,1,4,0
1492,1,80,mesta,59,43,1,107,19,2,0,0,6,28,0,0,0,2,1,5,0
1492,1,81,mesta,59,43,1,122,16,2,1,0,6,28,0,0,0,2,1,4,0
1492,1,82,mesta,59,43,1,105,13,2,0,0,6,28,0,0,0,2,1,5,0
1492,1,83,mesta,59,43,1,118,17,2,1,0,13,35,0,0,0,2,1,4,0
1492,1,84,mesta,59,43,1,100,21,2,0,0,13,35,0,0,0,2,1,5,0
1492,1,85,mesta,59,43,1,113,25,2,1,0,13,35,0,0,0,2,1,4,0
1492,1,86,mesta,59,43,1,121,29,2,0,0,13,35,0,0,0,2,1,4,0
1492,1,87,mesta,60,45,1,103,32,2,0,0,13,35,0,0,0,2,1,5,0
1492,1,88,mesta,60,47,1,115,34,2,1,0,13,35,0,0,0,2,1,4,0
1492,1,89,mesta,59,43,1,87,22,2,0,0,8,30,0,0,0,2,1,5,0
1492,1,90,mesta,59,43,1,101,24,2,0,0,8,30,0,0,0,2,1,3,0
1492,1,91,mesta,59,43,1,100,26,2,0,0,8,30,0,0,0,2,1,4,0
1492,1,92,mesta,59,43,1,96,28,2,0,0,8,30,0,0,0,2,1,4,0
1492,1,93,mesta,59,43,1,101,29,2,0,0,8,30,0,0,0,2,1,4,0
1492,1,94,mesta,59,43,1,100,17,2,0,0,8,30,0,0,0,2,1,9,0
1492,1,95,mesta,59,43,1,98,16,2,0,0,5,27,0,0,0,2,1,4,0
1492,1,96,mesta,59,43,1,92,15,2,0,0,5,23,0,0,0,2,1,4,0
1492,1,97,mesta,59,43,1,97,14,2,0,0,5,23,0,0,0,2,1,4,0
1492,1,98,mesta,59,43,1,102,13,2,0,0,5,23,0,0,0,2,1,4,0
1492,1,99,mesta,62,43,1,97,12,2,0,0,5,23,0,0,0,2,1,4,0
1492,1,100,mesta,62,43,1,100,11,2,0,0,5,23,0,0,0,2,1,4,0
1492,1,101,mesta,62,43,1,100,11,2,0,0,6,24,0,0,0,2,1,4,0
1492,1,102,mesta,62,43,1,108,8,2,0,0,6,28,0,0,0,2,1,4,0
1492,1,103,mesta,62,43,1,115,5,2,0,0,6,28,0,0,0,2,1,4,0
1492,1,104,mesta,62,43,1,122,2,2,0,0,6,28,0,0,0,2,1,4,0
1492,1,105,mesta,61,43,1,103,1,2,0,0,6,28,1,0,0,2,1,5,0
1492,1,106,mesta,60,43,1,116,1,2,1,0,6,28,1,0,0,2,1,4,0
1492,1,107,mesta,61,47,1,136,8,2,0,0,16,38,0,0,0,2,1,5,0
1492,1,108,mesta,61,47,1,119,14,2,0,0,16,38,0,0,0,2,1,5,0
1492,1,109,mesta,61,47,1,106,20,2,1,0,16,38,0,0,0,2,1,5,0
1492,1,110,mesta,61,47,1,119,26,2,1,0,16,38,0,0,0,2,1,4,0
1492,1,111,mesta,61,49,1,101,32,2,0,0,16,38,0,0,0,2,1,5,0
1492,1,112,mesta,62,51,1,114,36,2,1,0,16,38,0,0,0,2,1,4,0
1492,1,113,mesta,61,47,1,89,23,2,0,0,8,32,0,0,0,2,1,5,0
1492,1,114,mesta,61,47,1,95,24,2,0,0,8,30,0,0,0,2,1,4,0
1492,1,115,mesta,61,47,1,102,25,2,0,0,8,30,0,0,0,2,1,4,0
1492,1,116,mesta,61,47,1,99,26,2,0,0,8,30,0,0,0,2,1,4,0
1492,1,117,mesta,61,47,1,96,27,2,0,0,8,30,0,0,0,2,1,4,0
1492,1,118,mesta,61,47,1,102,28,2,0,0,8,30,0,0,0,2,1,4,0
1492,1,119,mesta,61,47,1,99,26,2,0,0,5,27,0,0,0,2,1,4,0
1492,1,120,mesta,61,47,1,92,24,2,0,0,5,23,0,0,0,2,1,4,0
1492,1,121,mesta,61,47,1,96,22,2,0,0,5,23,0,0,0,2,1,4,0
1492,1,122,mesta,61,47,1,100,20,2,0,0,5,23,0,0,0,2,1,4,0
1492,1,123,mesta,61,47,1,96,18,2,0,0,5,23,0,0,0,2,1,4,0
1492,1,124,mesta,61,47,1,100,16,2,0,0,5,23,0,0,0,2,1,4,0
1492,1,125,mesta,61,47,1,101,15,2,0,0,6,24,0,0,0,2,1,4,0
1492,1,126,mesta,61,47,1,110,11,2,0,0,6,28,0,0,0,2,1,4,0
1492,1,127,mesta,61,47,1,118,7,2,0,0,6,28,0,0,0,2,1,4,0
1492,1,128,mesta,61,47,1,100,3,2,0,0,6,28,0,0,0,2,1,5,0
1492,1,129,mesta,60,47,1,113,1,2,1,0,6,28,1,0,0,2,1,4,0
1492,1,130,mesta,59,47,1,121,1,2,1,0,6,28,1,0,0,2,1,4,0
1492,1,131,mesta,59,47,1,102,4,2,0,0,13,35,0,0,0,2,1,5,0
1492,1,132,mesta,59,47,1,114,7,2,1,0,13,35,0,0,0,2,1,4,0
1492,1,133,mesta,59,47,1,121,10,2,0,0,13,35,0,0,0,2,1,4,0
1492,1,134,mesta,59,47,1,102,13,2,0,0,13,35,0,0,0,2,1,5,0
1492,1,135,mesta,59,47,1,116,16,2,1,0,13,35,0,0,0,2,1,4,0
1492,1,136,mesta,59,47,1,31,19,2,0,0,13,35,0,0,0,2,1,5,0
1492,1,137,mesta,59,47,1,74,18,2,1,0,8,30,0,0,0,2,1,2,0
1492,1,138,mesta,59,47,1,110,13,2,0,0,8,30,0,0,0,2,1,3,0
1492,1,139,mesta,59,47,1,105,10,2,0,0,8,30,0,0,0,2,1,4,0
1492,1,140,mesta,59,47,1,102,9,2,0,0,8,30,0,0,0,2,1,4,0
1492,1,141,mesta,59,47,1,99,8,2,0,0,8,30,0,0,0,2,1,4,0
1492,1,142,mesta,59,47,1,96,7,2,0,0,8,30,0,0,0,2,1,4,0
1492,1,143,mesta,58,47,1,100,4,2,0,0,5,27,1,0,0,2,1,4,0
1492,1,144,mesta,57,47,1,91,4,2,0,0,5,23,1,0,0,2,1,4,0
1492,1,145,mesta,56,46,1,93,4,2,0,0,5,23,1,0,0,2,1,4,0
1492,1,146,mesta,55,45,1,97,4,2,0,0,5,23,1,0,0,2,1,4,0
1492,1,147,mesta,53,44,1,101,4,2,0,0,5,23,1,0,0,2,1,4,0
1492,1,148,mesta,52,43,1,95,4,2,0,0,5,23,1,0,0,2,1,4,0
1492,1,149,mesta,51,42,1,96,4,2,0,0,6,24,1,0,0,2,1,4,0
1492,1,150,mesta,50,41,1,106,1,2,0,0,6,28,1,0,0,2,1,4,0
1492,1,151,mesta,49,40,1,115,1,2,0,0,6,28,1,0,0,2,1,5,0
1492,1,152,mesta,47,39,1,119,1,2,0,0,6,27,1,0,0,2,1,4,0
1492,1,153,mesta,46,38,1,99,1,2,0,0,6,25,1,0,0,2,1,5,0
1492,1,154,mesta,45,37,1,111,1,2,1,0,6,25,1,0,0,2,1,4,0
1492,1,155,mesta,45,37,1,117,1,2,1,0,10,28,0,0,0,2,1,5,0
1492,1,156,mesta,45,37,1,114,3,2,0,0,12,27,0,0,0,2,1,4,0
1492,1,157,mesta,45,37,1,116,5,2,0,0,12,27,0,0,0,2,1,4,0
1492,1,158,mesta,45,37,1,118,7,2,0,0,12,27,0,0,0,2,1,4,0
1492,1,159,mesta,45,37,1,94,10,2,0,0,13,29,0,0,0,2,1,5,0
1492,1,160,mesta,45,37,1,104,13,2,1,0,13,29,0,0,0,2,1,4,0
1492,1,161,mesta,45,37,1,98,11,2,0,0,8,24,0,0,0,2,1,4,0
1492,1,162,mesta,45,37,1,92,12,2,0,0,8,24,0,0,0,2,1,4,0
1492,1,163,mesta,45,37,1,95,13,2,0,0,8,24,0,0,0,2,1,4,0
1492,1,164,mesta,45,37,1,97,14,2,0,0,8,24,0,0,0,2,1,4,0
1492,1,165,mesta,45,37,1,99,15,2,0,0,8,24,0,0,0,2,1,4,0
1492,1,166,mesta,45,37,1,92,16,2,0,0,8,24,0,0,0,2,1,4,0
1492,1,167,mesta,45,37,1,90,14,2,0,0,5,21,0,0,0,2,1,4,0
1492,1,168,mesta,45,37,1,91,12,2,0,0,5,21,0,0,0,2,1,4,0
1492,1,169,mesta,45,37,1,94,10,2,0,0,5,21,0,0,0,2,1,4,0
1492,1,170,mesta,45,37,1,97,8,2,0,0,5,21,0,0,0,2,1,4,0
1492,1,171,mesta,45,37,1,98,6,2,0,0,5,21,0,0,0,2,1,4,0
1492,1,172,mesta,45,37,1,91,4,2,0,0,5,21,0,0,0,2,1,4,0
1492,1,173,mesta,44,37,1,99,4,2,0,0,6,22,1,0,0,2,1,4,0
1492,1,174,mesta,43,37,1,104,1,2,0,0,6,24,1,0,0,2,1,4,0
1492,1,175,mesta,42,36,1,112,1,2,0,0,6,24,1,0,0,2,1,4,0
1492,1,176,mesta,41,35,1,118,1,2,0,0,6,24,1,0,0,2,1,4,0
1492,1,177,mesta,39,34,1,94,1,2,0,0,6,24,1,0,0,2,1,5,0
1492,1,178,mesta,38,33,1,105,1,2,1,0,6,24,1,0,0,2,1,4,0
1492,1,179,mesta,38,33,1,110,3,2,0,0,11,29,0,0,0,2,1,4,0
1492,1,180,mesta,38,33,1,115,5,2,0,0,11,29,0,0,0,2,1,4,0
1492,1,181,mesta,38,33,1,120,7,2,0,0,11,29,0,0,0,2,1,4,0
1492,1,182,mesta,38,33,1,93,9,2,0,0,11,29,0,0,0,2,1,5,0
1492,1,183,mesta,38,33,1,103,11,2,1,0,11,29,0,0,0,2,1,4,0
1492,1,184,mesta,38,33,1,107,13,2,0,0,11,29,0,0,0,2,1,4,0
1492,1,185,mesta,38,33,1,96,12,2,0,0,8,26,0,0,0,2,1,4,0
1492,1,186,mesta,38,33,1,100,14,2,0,0,8,26,0,0,0,2,1,4,0
1492,1,187,mesta,38,33,1,93,16,2,0,0,8,26,0,0,0,2,1,4,0
1492,1,188,mesta,38,33,1,97,18,2,0,0,8,26,0,0,0,2,1,4,0
1492,1,189,mesta,38,33,1,101,20,2,0,0,8,26,0,0,0,2,1,4,0
1492,1,190,mesta,38,33,1,96,22,2,0,0,8,26,0,0,0,2,1,4,0
1492,1,191,mesta,38,33,1,99,21,2,0,0,5,23,0,0,0,2,1,4,0
1492,1,192,mesta,38,33,1,90,20,2,0,0,5,21,0,0,0,2,1,4,0
1492,1,193,mesta,38,33,1,93,19,2,0,0,5,21,0,0,0,2,1,4,0
1492,1,194,mesta,38,33,1,96,18,2,0,0,5,21,0,0,0,2,1,4,0
1492,1,195,mesta,38,33,1,98,17,2,0,0,5,21,0,0,0,2,1,4,0
1492,1,196,mesta,38,33,1,91,16,2,0,0,5,21,0,0,0,2,1,4,0
1492,1,197,mesta,38,33,1,99,16,2,0,0,6,22,0,0,0,2,1,4,0
1492,1,198,mesta,38,33,1,104,13,2,0,0,6,24,0,0,0,2,1,4,0
1492,1,199,mesta,38,33,1,109,10,2,0,0,6,24,0,0,0,2,1,4,0
1492,1,200,mesta,38,33,1,111,7,2,0,0,6,24,0,0,0,2,1,4,0
1492,1,1,monjes,46,116,1,40,56,0,0,0,18,42,0,0,0,0,1,4,0
1492,1,2,monjes,46,116,1,37,42,0,0,0,18,29,0,0,0,0,1,1,0
1492,1,3,monjes,46,116,1,44,26,0,0,0,18,29,0,0,0,0,1,0,1
1492,1,4,monjes,46,116,1,51,11,0,0,0,18,29,0,1,0,0,1,0,1
1492,1,5,monjes,46,116,1,58,24,0,0,0,45,56,0,1,0,0,1,0,1
1492,1,6,monjes,46,116,1,84,39,0,0,0,45,75,0,0,0,0,1,1,0
1492,1,7,monjes,46,116,1,88,53,0,0,0,45,75,0,0,0,0,1,3,0
1492,1,8,monjes,46,116,1,100,71,0,0,0,45,75,0,0,0,0,1,3,0
1492,1,9,monjes,45,112,1,79,78,0,0,0,45,75,0,0,0,0,1,4,0
1492,1,10,monjes,44,108,1,83,77,0,0,0,45,75,0,0,0,0,1,9,0
1492,1,11,monjes,56,104,1,65,112,0,0,0,72,94,0,0,0,1,1,4,0
1492,1,12,monjes,56,104,1,87,156,0,0,0,72,94,0,0,0,1,1,2,0
1492,1,13,monjes,71,104,1,85,195,0,0,0,72,94,0,0,0,2,1,2,0
1492,1,14,monjes,71,104,1,89,232,0,0,0,72,94,0,0,0,2,1,2,0
1492,1,15,monjes,71,104,1,86,261,0,0,0,72,94,0,0,0,2,1,3,0
1492,1,16,monjes,71,104,1,104,288,0,0,0,72,94,0,0,0,2,1,3,0
1492,1,17,monjes,71,104,1,99,277,0,0,0,45,67,0,0,0,2,1,13,0
1492,1,18,monjes,74,104,1,103,280,0,0,0,45,67,0,0,0,2,1,3,0
1492,1,19,monjes,74,104,1,106,283,0,0,0,45,67,0,0,0,2,1,3,0
1492,1,20,monjes,74,104,1,100,286,0,0,0,45,67,0,0,0,2,1,3,0
1492,1,21,monjes,74,104,1,102,276,0,0,0,45,67,0,0,0,2,1,13,0
1492,1,22,monjes,74,104,1,110,278,0,0,0,45,67,0,0,0,2,1,3,0
1492,1,23,monjes,77,104,1,97,263,0,0,0,27,49,0,0,0,2,1,3,0
1492,1,24,monjes,77,104,1,104,247,0,0,0,27,42,0,0,0,2,1,3,0
1492,1,25,monjes,77,104,1,100,225,0,0,0,27,42,0,0,0,2,1,8,0
1492,1,26,monjes,77,104,1,96,201,0,0,0,27,42,0,0,0,2,1,8,0
1492,1,27,monjes,80,104,1,102,194,0,0,0,27,42,0,0,0,2,1,2,0
1492,1,28,monjes,80,104,1,83,188,0,0,0,27,42,0,0,0,2,1,2,0
1492,1,29,monjes,80,104,1,87,174,0,0,0,28,43,0,0,0,2,1,7,0
1492,1,30,monjes,80,104,1,92,157,0,0,0,28,50,0,0,0,2,1,7,0
1492,1,31,monjes,80,104,1,87,153,0,0,0,28,50,0,0,0,2,1,2,0
1492,1,32,monjes,83,104,1,95,149,0,0,0,28,50,0,0,0,2,1,3,0
1492,1,33,monjes,83,104,1,87,148,0,0,0,28,50,0,0,0,2,1,3,0
1492,1,34,monjes,83,104,1,93,148,0,0,0,28,50,0,0,0,2,1,3,0
1492,1,35,monjes,83,104,1,86,191,0,0,0,72,94,0,0,0,2,1,3,0
1492,1,36,monjes,83,104,1,95,232,0,0,0,72,94,0,0,0,2,1,2,0
1492,1,37,monjes,83,104,1,90,260,0,0,0,72,94,0,0,0,2,1,3,0
1492,1,38,monjes,83,104,1,102,287,0,0,0,72,94,0,0,0,2,1,3,0
1492,1,39,monjes,83,104,1,104,314,0,0,0,72,94,0,0,0,2,1,3,0
1492,1,40,monjes,83,104,1,106,340,0,0,0,72,94,0,0,0,2,1,3,0
1492,1,41,monjes,82,99,1,107,319,0,0,0,49,71,0,0,0,2,1,16,0
1492,1,42,monjes,85,99,1,106,325,0,0,0,49,69,0,0,0,2,1,3,0
1492,1,43,monjes,177,105,2,105,332,0,0,0,49,69,0,0,0,3,1,5,0
1492,1,44,monjes,177,106,2,90,335,0,0,0,49,69,0,0,0,3,1,4,0
1492,1,45,monjes,176,102,2,97,312,0,0,0,49,69,0,1,0,3,1,16,0
1492,1,46,monjes,176,103,2,95,323,0,0,0,54,74,0,0,0,3,1,3,0
1492,1,47,monjes,179,104,2,100,310,0,0,0,31,51,0,0,0,3,1,3,0
1492,1,48,monjes,281,111,3,91,299,0,0,0,32,46,0,0,0,4,1,4,0
1492,1,49,monjes,281,113,3,87,285,0,0,0,33,47,0,0,0,4,1,5,0
1492,1,50,monjes,281,110,3,86,271,0,0,0,42,56,0,0,0,4,1,7,0
1492,1,51,monjes,281,112,3,85,264,0,0,0,44,58,0,1,0,4,1,3,0
1492,1,52,monjes,282,118,3,86,266,0,0,0,48,62,0,0,0,4,1,4,0
1492,1,53,monjes,282,116,3,68,274,0,0,0,67,83,0,0,0,4,1,5,0
1492,1,54,monjes,303,124,4,89,279,0,0,0,69,90,0,1,0,4,1,9,0
1492,1,55,monjes,304,127,4,40,257,0,0,0,65,87,0,0,0,4,1,5,0
1492,1,56,monjes,308,130,4,62,267,0,0,0,66,88,0,2,0,4,1,4,0
1492,1,57,monjes,335,169,5,73,289,0,0,0,76,99,0,0,0,4,1,2,0
1492,1,58,monjes,336,173,5,55,261,0,0,0,76,106,0,1,0,4,1,7,0
1492,1,59,monjes,337,177,5,64,343,0,0,0,149,181,0,0,0,4,1,2,0
1492,1,60,monjes,369,238,6,86,421,0,0,0,151,184,0,1,0,4,1,2,0
1492,1,61,monjes,370,244,6,92,487,0,0,0,153,195,0,0,0,4,1,5,0
1492,1,62,monjes,372,250,6,89,551,0,0,0,155,196,0,0,0,4,1,3,0
1492,1,63,monjes,373,255,6,102,613,0,0,0,157,201,0,0,0,4,1,3,0
1492,1,64,monjes,374,260,6,93,674,0,0,0,160,204,0,1,0,4,1,4,0
1492,1,65,monjes,375,265,6,81,649,0,0,0,103,148,0,0,0,4,1,13,0
1492,1,66,monjes,376,270,6,92,644,0,0,0,104,149,0,1,0,4,1,3,0
1492,1,67,monjes,377,275,6,94,650,0,0,0,107,152,0,0,0,4,1,3,0
1492,1,68,monjes,381,280,6,86,656,0,0,0,108,154,0,0,0,4,1,3,0
1492,1,69,monjes,382,285,6,93,651,0,0,0,111,159,0,1,0,4,1,9,0
1492,1,70,monjes,383,290,6,98,667,0,0,0,124,173,0,1,0,4,1,4,0
1492,1,71,monjes,384,295,6,104,641,0,0,0,79,131,0,0,0,4,1,3,0
1492,1,72,monjes,384,298,6,94,606,0,0,0,83,130,0,0,0,4,1,8,0
1492,1,73,monjes,385,301,6,81,574,0,0,0,83,133,0,0,0,4,1,9,0
1492,1,74,monjes,389,307,6,92,547,0,0,0,83,133,0,1,0,4,1,4,0
1492,1,75,monjes,390,313,6,91,523,0,0,0,83,133,0,1,0,4,1,3,0
1492,1,76,monjes,391,319,6,93,505,0,0,0,90,140,0,0,0,4,1,3,0
1492,1,77,monjes,392,320,6,83,508,0,0,0,115,165,0,1,0,4,1,6,0
1492,1,78,monjes,393,326,6,94,489,0,0,0,115,174,0,1,0,4,1,14,0
1492,1,79,monjes,394,332,6,99,496,0,0,0,123,182,0,1,0,4,1,5,0
1492,1,80,monjes,398,338,6,105,510,0,0,0,123,188,0,0,0,4,1,4,0
1492,1,81,monjes,421,354,7,98,521,0,0,0,123,190,0,1,0,4,1,6,0
1492,1,82,monjes,424,365,7,88,527,0,0,0,123,190,0,1,0,4,1,6,0
1492,1,83,monjes,426,377,7,96,632,0,0,0,230,293,0,1,0,4,1,5,0
1492,1,84,monjes,428,389,7,89,751,0,0,0,250,315,0,0,0,4,1,3,0
1492,1,85,monjes,431,401,7,105,858,0,0,0,250,316,0,1,0,4,1,4,0
1492,1,86,monjes,433,414,7,101,954,0,0,0,242,313,0,0,0,4,1,3,0
1492,1,87,monjes,436,427,7,99,1043,0,0,0,243,314,0,1,0,4,1,4,0
1492,1,88,monjes,440,446,7,108,1134,0,0,0,245,322,0,0,0,4,1,7,0
1492,1,89,monjes,442,458,7,93,1102,0,0,0,162,241,0,4,0,4,1,11,0
1492,1,90,monjes,445,474,7,110,1082,0,0,0,163,241,0,1,0,4,1,8,0
1492,1,91,monjes,449,490,7,108,1077,0,0,0,163,244,0,0,0,4,1,3,0
1492,1,92,monjes,455,506,7,118,1067,0,0,0,164,245,0,1,0,4,1,3,0
1492,1,93,monjes,457,519,7,120,1050,0,0,0,165,250,0,0,0,4,1,6,0
1492,1,94,monjes,460,532,7,115,1036,0,0,0,162,249,0,0,0,4,1,3,0
1492,1,95,monjes,460,532,7,122,968,0,0,0,110,198,0,0,0,4,1,3,0
1492,1,96,monjes,481,537,8,117,891,0,0,0,110,192,0,0,0,4,1,9,0
1492,1,97,monjes,481,537,8,103,821,0,0,0,110,192,0,0,0,4,1,9,0
1492,1,98,monjes,484,537,8,115,758,0,0,0,110,192,0,0,0,4,1,5,0
1492,1,99,monjes,484,537,8,115,701,0,0,0,110,192,0,1,0,4,1,4,0
1492,1,100,monjes,484,537,8,102,654,0,0,0,113,195,0,0,0,4,1,4,0
1492,1,101,monjes,487,551,8,108,633,0,0,0,143,225,0,0,0,4,1,5,0
1492,1,102,monjes,490,565,8,122,600,0,0,0,145,234,0,1,0,4,1,9,0
1492,1,103,monjes,490,565,8,113,570,0,0,0,142,236,0,0,0,4,1,5,0
1492,1,104,monjes,494,571,8,137,542,0,1,0,142,236,0,1,0,4,1,5,0
1492,1,105,monjes,494,571,8,113,519,0,1,0,144,238,0,0,0,4,1,5,0
1492,1,106,monjes,495,579,8,137,494,0,2,0,144,238,0,1,0,4,1,4,0
1492,1,107,monjes,498,594,8,146,568,0,1,0,254,348,0,0,0,4,1,9,0
1492,1,108,monjes,505,610,8,137,648,0,1,0,256,352,0,0,0,4,1,5,0
1492,1,109,monjes,508,627,8,139,720,0,2,0,258,357,0,0,0,4,1,5,0
1492,1,110,monjes,511,643,8,161,790,0,3,0,260,362,0,0,0,4,1,4,0
1492,1,111,monjes,513,654,8,175,858,0,3,0,262,366,0,0,0,4,1,4,0
1492,1,112,monjes,516,666,8,180,923,0,3,0,265,373,0,0,0,4,1,5,0
1492,1,113,monjes,518,678,8,184,897,0,3,0,178,286,0,1,0,4,1,5,0
1492,1,114,monjes,522,695,8,211,890,0,3,0,192,301,0,1,0,4,1,5,0
1492,1,115,monjes,524,705,8,160,879,0,3,0,207,319,0,0,0,4,1,7,0
1492,1,116,monjes,526,719,8,182,861,0,3,0,208,323,0,1,0,4,1,11,0
1492,1,117,monjes,529,733,8,204,855,0,3,0,209,325,0,1,0,4,1,4,0
1492,1,118,monjes,532,748,8,229,848,0,3,0,210,329,0,0,0,4,1,4,0
1492,1,119,monjes,535,748,8,206,771,0,3,0,141,262,0,0,0,4,1,4,0
1492,1,120,monjes,535,748,8,227,697,0,3,0,141,256,0,0,0,4,1,5,0
1492,1,121,monjes,535,748,8,248,626,0,3,0,141,256,0,0,0,4,1,4,0
1492,1,122,monjes,535,748,8,269,558,0,3,0,141,256,0,0,0,4,1,4,0
1492,1,123,monjes,535,748,8,240,493,0,3,0,141,256,0,0,0,4,1,4,0
1492,1,124,monjes,534,743,8,261,425,0,3,0,141,256,0,0,0,4,1,8,0
1492,1,125,monjes,534,743,8,281,401,0,3,0,176,289,0,0,0,4,1,4,0
1492,1,126,monjes,535,747,8,317,378,0,3,0,176,295,0,0,0,4,1,5,0
1492,1,127,monjes,535,747,8,294,355,0,3,0,176,296,0,0,0,4,1,4,0
1492,1,128,monjes,556,752,9,320,333,0,3,0,176,296,0,0,0,4,1,6,0
1492,1,129,monjes,556,752,9,295,271,0,3,0,176,296,0,0,0,4,1,6,0
1492,1,130,monjes,556,752,9,262,248,0,3,0,176,296,0,1,0,4,1,6,0
1492,1,131,monjes,591,827,10,269,374,0,3,0,328,448,0,0,0,4,1,5,0
1492,1,132,monjes,595,847,10,265,479,0,3,0,331,462,0,1,0,4,1,7,0
1492,1,133,monjes,598,862,10,245,556,0,3,0,324,456,0,2,0,4,1,7,0
1492,1,134,monjes,600,874,10,257,667,0,0,0,368,504,0,2,0,4,1,10,0
1492,1,135,monjes,601,877,10,242,814,0,0,0,400,542,0,1,0,4,1,7,0
1492,1,136,monjes,602,883,10,178,970,0,2,0,422,566,0,2,0,4,1,8,0
1492,1,137,monjes,603,889,10,206,984,0,4,0,279,424,0,1,0,4,1,5,0
1492,1,138,monjes,605,895,10,234,1007,0,4,0,287,432,0,1,0,4,1,4,0
1492,1,139,monjes,609,901,10,262,1032,0,4,0,289,433,0,0,0,4,1,4,0
1492,1,140,monjes,610,907,10,241,1055,0,4,0,290,435,0,0,0,4,1,4,0
1492,1,141,monjes,611,913,10,240,1037,0,4,0,290,436,0,0,0,4,1,5,0
1492,1,142,monjes,613,920,10,221,1058,0,4,0,292,440,0,0,0,4,1,5,0
1492,1,143,monjes,644,975,11,255,985,0,4,0,196,347,0,0,0,4,1,6,0
1492,1,144,monjes,644,975,11,264,900,0,4,0,196,350,0,0,0,4,1,6,0
1492,1,145,monjes,644,975,11,226,817,0,4,0,196,347,0,1,0,4,1,6,0
1492,1,146,monjes,644,975,11,248,737,0,4,0,196,347,0,1,0,4,1,6,0
1492,1,147,monjes,644,975,11,270,668,0,4,0,202,353,0,1,0,4,1,4,0
1492,1,148,monjes,644,975,11,277,601,0,4,0,202,359,0,0,0,4,1,5,0
1492,1,149,monjes,646,985,11,249,585,0,4,0,254,411,0,1,0,4,1,5,0
1492,1,150,monjes,648,999,11,287,617,0,5,0,304,467,0,1,0,4,1,6,0
1492,1,151,monjes,650,1009,11,296,642,0,5,0,311,475,0,1,0,4,1,6,0
1492,1,152,monjes,653,1020,11,328,631,0,4,0,277,444,0,0,0,4,1,9,0
1492,1,153,monjes,655,1031,11,310,623,0,4,0,278,446,0,0,0,4,1,4,0
1492,1,154,monjes,657,1043,11,343,616,0,4,0,278,447,0,0,0,4,1,5,0
1492,1,155,monjes,663,1055,11,377,833,0,4,0,510,680,0,0,0,4,1,4,0
1492,1,156,monjes,665,1068,11,413,952,0,4,0,420,592,0,0,0,4,1,4,0
1492,1,157,monjes,668,1080,11,387,1062,0,4,0,420,592,0,0,0,4,1,5,0
1492,1,158,monjes,669,1088,11,413,1157,0,2,0,420,594,0,1,0,4,1,10,0
1492,1,159,monjes,674,1098,11,443,1266,0,2,0,434,612,0,1,0,4,1,5,0
1492,1,160,monjes,676,1108,11,474,1384,0,2,0,450,629,0,1,0,4,1,5,0
1492,1,161,monjes,678,1118,11,528,1358,0,2,0,309,489,0,1,0,4,1,4,0
1492,1,162,monjes,680,1128,11,437,1333,0,2,0,319,500,0,0,0,4,1,10,0
1492,1,163,monjes,682,1135,11,479,1316,0,2,0,321,504,0,0,0,4,1,8,0
1492,1,164,monjes,687,1147,11,523,1296,0,2,0,317,501,0,0,0,4,1,4,0
1492,1,165,monjes,710,1161,12,567,1274,0,2,0,318,502,0,0,0,4,1,5,0
1492,1,166,monjes,712,1170,12,540,1250,0,2,0,319,506,0,0,0,4,1,6,0
1492,1,167,monjes,712,1170,12,577,1121,0,2,0,212,399,0,0,0,4,1,5,0
1492,1,168,monjes,712,1170,12,608,997,0,2,0,212,393,0,1,0,4,1,4,0
1492,1,169,monjes,712,1170,12,639,886,0,2,0,218,399,0,0,0,4,1,4,0
1492,1,170,monjes,712,1170,12,619,770,0,2,0,218,399,0,0,0,4,1,9,0
1492,1,171,monjes,712,1170,12,650,668,0,2,0,218,399,0,0,0,4,1,5,0
1492,1,172,monjes,715,1170,12,681,570,0,2,0,218,399,0,0,0,4,1,4,0
1492,1,173,monjes,715,1170,12,709,531,0,2,0,276,457,0,0,0,4,1,4,0
1492,1,174,monjes,715,1170,12,694,494,0,2,0,276,463,0,0,0,4,1,4,0
1492,1,175,monjes,715,1170,12,729,458,0,2,0,276,463,0,0,0,4,1,5,0
1492,1,176,monjes,715,1170,12,763,424,0,2,0,276,463,0,0,0,4,1,4,0
1492,1,177,monjes,715,1170,12,802,391,0,2,0,276,463,0,0,0,4,1,4,0
1492,1,178,monjes,715,1170,12,787,360,0,2,0,276,463,0,0,0,4,1,4,0
1492,1,179,monjes,716,1177,12,822,545,0,2,0,500,687,0,0,0,4,1,5,0
1492,1,180,monjes,717,1181,12,859,725,0,2,0,505,694,0,0,0,4,1,4,0
1492,1,181,monjes,718,1186,12,902,893,0,0,0,508,698,0,0,0,4,1,9,0
1492,1,182,monjes,722,1191,12,848,1059,0,0,0,508,698,0,0,0,4,1,5,0
1492,1,183,monjes,723,1196,12,859,1215,0,2,0,508,699,0,0,0,4,1,6,0
1492,1,184,monjes,723,1197,12,917,1361,0,3,0,508,699,0,0,0,4,1,7,0
1492,1,185,monjes,724,1202,12,956,1332,0,3,0,336,527,0,0,0,4,1,9,0
1492,1,186,monjes,749,1212,13,995,1313,0,3,0,336,527,0,0,0,4,1,5,0
1492,1,187,monjes,750,1218,13,960,1292,0,3,0,336,528,0,0,0,4,1,6,0
1492,1,188,monjes,752,1226,13,995,1269,0,3,0,336,532,0,1,0,4,1,6,0
1492,1,189,monjes,753,1234,13,1026,1248,0,3,0,348,544,0,0,0,4,1,9,0
1492,1,190,monjes,754,1239,13,1056,1238,0,3,0,350,546,0,0,0,4,1,4,0
1492,1,191,monjes,757,1239,13,1040,1110,0,3,0,228,425,0,0,0,4,1,4,0
1492,1,192,monjes,757,1239,13,1068,987,0,3,0,228,419,0,0,0,4,1,5,0
1492,1,193,monjes,757,1239,13,1096,869,0,3,0,228,419,0,0,0,4,1,4,0
1492,1,194,monjes,757,1239,13,1124,745,0,3,0,228,419,0,0,0,4,1,9,0
1492,1,195,monjes,757,1239,13,1102,637,0,3,0,228,419,0,0,0,4,1,4,0
1492,1,196,monjes,760,1239,13,1130,533,0,3,0,228,419,0,0,0,4,1,5,0
1492,1,197,monjes,760,1239,13,1155,494,0,3,0,291,482,0,0,0,4,1,4,0
1492,1,198,monjes,920,1239,13,1186,457,0,3,0,291,488,0,1,1,5,1,4,0
1492,1,199,monjes,920,1239,13,1172,423,0,3,0,291,488,0,0,0,5,1,4,0
1492,1,200,monjes,920,1239,13,1208,390,0,3,0,291,488,0,0,0,5,1,5,0
1492,1,1,salineros,36,66,1,50,70,0,6,0,17,31,0,0,0,0,1,4,0
1492,1,2,salineros,35,62,1,32,59,0,2,0,17,23,0,0,0,0,1,2,0
1492,1,3,salineros,35,60,1,14,37,0,0,0,17,23,0,1,0,0,1,7,0
1492,1,4,salineros,48,60,1,16,24,0,0,0,4,10,0,1,0,1,1,0,1
1492,1,5,salineros,48,60,1,18,15,0,0,0,6,12,0,0,0,1,1,0,1
1492,1,6,salineros,48,60,1,26,6,0,0,0,6,18,0,0,0,1,1,0,1
1492,1,7,salineros,47,60,1,34,0,0,0,0,6,18,1,0,0,1,1,0,1
1492,1,8,salineros,46,60,1,42,0,0,0,0,6,18,1,0,0,1,1,1,0
1492,1,9,salineros,44,59,1,50,0,0,0,0,6,18,1,0,0,1,1,0,1
1492,1,10,salineros,43,58,1,56,0,0,0,0,6,16,1,0,0,1,1,0,1
1492,1,11,salineros,42,57,1,62,0,0,0,0,12,22,1,0,0,1,1,0,1
1492,1,12,salineros,41,56,1,68,0,0,0,0,12,22,1,0,0,1,1,0,1
1492,1,13,salineros,40,55,1,74,0,0,0,0,11,21,1,0,0,1,1,0,1
1492,1,14,salineros,38,54,1,80,0,0,0,0,11,21,1,0,0,1,1,1,0
1492,1,15,salineros,37,53,1,80,0,0,0,0,9,12,1,0,0,1,1,0,1
1492,1,16,salineros,36,52,1,80,0,0,0,0,9,12,1,0,0,1,1,0,1
1492,1,17,salineros,35,51,1,80,0,0,0,0,6,9,1,0,0,1,1,0,1
1492,1,18,salineros,34,50,1,80,0,0,0,0,4,7,1,0,0,1,1,0,1
1492,1,19,salineros,32,49,1,80,0,0,0,0,4,7,1,0,0,1,1,0,1
1492,1,20,salineros,31,48,1,79,0,0,0,0,4,6,1,0,0,1,1,0,1
1492,1,21,salineros,30,47,1,78,0,0,0,0,4,6,1,0,0,1,1,0,1
1492,1,22,salineros,29,46,1,77,0,0,0,0,4,6,1,0,0,1,1,0,1
1492,1,23,salineros,28,45,1,76,0,0,0,0,2,4,1,0,0,1,1,0,1
1492,1,24,salineros,26,44,1,75,0,0,0,0,2,4,1,0,0,1,1,0,1
1492,1,25,salineros,25,43,1,74,0,0,0,0,2,4,1,0,0,1,1,0,1
1492,1,26,salineros,24,42,1,73,0,0,0,0,2,4,1,0,0,1,1,0,1
1492,1,27,salineros,23,41,1,72,0,0,0,0,2,4,1,0,0,1,1,0,1
1492,1,28,salineros,22,40,1,71,0,0,0,0,2,4,1,0,0,1,1,0,1
1492,1,29,salineros,20,39,1,70,0,0,0,0,3,5,1,0,0,1,1,0,1
1492,1,30,salineros,19,38,1,71,0,0,0,0,3,7,1,0,0,1,1,1,0
1492,1,31,salineros,18,37,1,70,0,0,0,0,3,5,1,0,0,1,1,0,1
1492,1,32,salineros,17,36,1,69,0,0,0,0,3,5,1,0,0,1,1,0,1
1492,1,33,salineros,16,35,1,68,0,0,0,0,3,5,1,0,0,1,1,0,1
1492,1,34,salineros,14,34,1,67,0,0,0,0,3,5,1,0,0,1,1,0,1
1492,1,35,salineros,13,33,1,66,0,0,0,0,7,9,1,0,0,1,1,0,1
1492,1,36,salineros,12,32,1,65,0,0,0,0,7,9,1,0,0,1,1,0,1
1492,1,37,salineros,11,31,1,64,0,0,0,0,7,9,1,0,0,1,1,0,1
1492,1,38,salineros,11,31,1,63,0,0,0,0,7,9,0,0,0,1,1,0,1
1492,1,39,salineros,11,31,1,62,0,0,0,0,7,9,0,0,0,1,1,0,1
1492,1,40,salineros,11,31,1,61,0,0,0,0,7,9,0,0,0,1,1,0,1
1492,1,41,salineros,10,31,1,60,0,0,0,0,4,6,1,0,0,1,1,0,1
1492,1,42,salineros,9,31,1,59,0,0,0,0,4,6,1,0,0,1,1,0,1
1492,1,43,salineros,8,30,1,58,0,0,0,0,4,6,1,0,0,1,1,0,1
1492,1,44,salineros,6,29,1,57,0,0,0,0,4,6,1,0,0,1,1,0,1
1492,1,45,salineros,5,28,1,55,0,0,0,0,4,5,1,0,0,1,1,0,1
1492,1,46,salineros,4,27,1,53,0,0,0,0,4,5,1,0,0,1,1,0,1
1492,1,47,salineros,3,26,1,51,0,0,0,0,2,3,1,0,0,1,1,0,1
1492,1,48,salineros,2,25,1,49,0,0,0,0,2,3,1,0,0,1,1,0,1
1492,1,49,salineros,0,24,1,47,0,0,0,0,3,4,1,0,0,1,1,0,1
1492,1,50,salineros,-1,23,1,45,0,0,0,0,3,4,1,0,0,1,1,0,1
1492,1,51,salineros,-2,22,1,43,0,0,0,0,3,4,1,0,0,1,1,0,1
1492,1,52,salineros,-3,21,1,41,0,0,0,0,3,4,1,0,0,1,1,0,1
1492,1,53,salineros,-4,20,1,39,0,0,0,0,3,4,1,0,0,1,1,0,1
1492,1,54,salineros,-6,19,1,38,0,0,0,0,3,5,1,0,0,1,1,1,0
1492,1,55,salineros,-7,18,1,35,0,0,0,0,3,3,1,0,0,1,1,0,1
1492,1,56,salineros,-8,17,1,32,0,0,0,0,3,3,1,0,0,1,1,0,1
1492,1,57,salineros,-9,16,1,29,0,0,0,0,3,3,1,0,0,1,1,0,1
1492,1,58,salineros,-10,15,1,26,0,0,0,0,3,3,1,0,0,1,1,0,1
1492,1,59,salineros,-10,15,1,23,4,0,0,0,7,7,0,0,0,1,1,0,1
1492,1,60,salineros,-10,15,1,20,8,0,0,0,7,7,0,0,0,1,1,0,1
1492,1,61,salineros,-10,15,1,17,12,0,0,0,7,7,0,0,0,1,1,0,1
1492,1,62,salineros,-10,15,1,14,16,0,0,0,7,7,0,0,0,1,1,0,1
1492,1,63,salineros,-10,15,1,11,19,0,0,0,6,6,0,0,0,1,1,0,1
1492,1,64,salineros,-10,15,1,8,22,0,0,0,6,6,0,0,0,1,1,0,1
1492,1,65,salineros,-10,15,1,5,14,0,0,0,3,3,0,0,0,1,1,5,0
1492,1,66,salineros,-7,15,1,2,14,0,0,0,3,3,0,0,0,1,1,0,1
1492,1,67,salineros,-7,15,1,2,14,0,0,0,3,3,0,0,0,1,1,0,1
1492,1,68,salineros,-7,15,1,0,14,0,0,0,3,3,0,0,0,1,1,0,1
1492,1,69,salineros,-7,15,1,0,17,0,0,0,6,6,0,0,0,1,1,0,1
1492,1,70,salineros,-7,15,1,0,20,0,0,0,6,6,0,0,0,1,1,0,1
1492,1,71,salineros,-7,15,1,0,21,0,0,0,4,4,0,0,0,1,1,0,1
1492,1,72,salineros,-7,15,1,0,22,0,0,0,4,4,0,0,0,1,1,0,1
1492,1,73,salineros,-7,15,1,0,23,0,0,0,4,4,0,0,0,1,1,0,1
1492,1,74,salineros,-7,15,1,0,24,0,0,0,4,4,0,0,0,1,1,0,1
1492,1,75,salineros,-7,15,1,0,25,0,0,0,4,4,0,0,0,1,1,0,1
1492,1,76,salineros,-7,15,1,0,26,0,0,0,4,4,0,0,0,1,1,0,1
1492,1,77,salineros,-7,15,1,0,28,0,0,0,5,5,0,0,0,1,1,0,1
1492,1,78,salineros,-7,16,1,0,30,0,0,0,5,6,0,0,0,1,1,0,1
1492,1,79,salineros,-7,17,1,0,31,0,0,0,5,6,0,0,0,1,1,0,1
1492,1,80,salineros,-7,18,1,0,32,0,0,0,5,6,0,0,0,1,1,0,1
1492,1,81,salineros,-7,19,1,0,33,0,0,0,5,6,0,0,0,1,1,0,1
1492,1,82,salineros,-6,20,1,0,34,0,0,0,5,6,0,0,0,1,1,0,1
1492,1,83,salineros,-6,21,1,0,40,0,0,0,11,13,0,0,0,1,1,0,1
1492,1,84,salineros,-6,22,1,0,46,0,0,0,11,13,0,0,0,1,1,0,1
1492,1,85,salineros,-6,23,1,0,52,0,0,0,11,13,0,0,0,1,1,0,1
1492,1,86,salineros,-6,24,1,0,58,0,0,0,11,13,0,0,0,1,1,0,1
1492,1,87,salineros,-5,25,1,0,63,0,0,0,11,13,0,0,0,1,1,0,1
1492,1,88,salineros,-5,26,1,0,68,0,0,0,11,13,0,0,0,1,1,0,1
1492,1,89,salineros,10,27,1,0,69,0,0,0,7,9,0,0,0,2,1,0,1
1492,1,90,salineros,10,28,1,0,70,0,0,0,7,9,0,0,0,2,1,0,1
1492,1,91,salineros,10,29,1,0,70,0,0,0,7,9,0,0,0,2,1,0,1
1492,1,92,salineros,11,30,1,0,70,0,0,0,7,9,0,0,0,2,1,0,1
1492,1,93,salineros,11,31,1,0,70,0,0,0,7,11,0,0,0,2,1,0,1
1492,1,94,salineros,11,31,1,0,70,0,0,0,7,11,0,0,0,2,1,0,1
1492,1,95,salineros,11,31,1,0,67,0,0,0,4,8,0,0,0,2,1,0,1
1492,1,96,salineros,11,31,1,0,64,0,0,0,4,6,0,0,0,2,1,0,1
1492,1,97,salineros,11,31,1,0,61,0,0,0,4,6,0,0,0,2,1,0,1
1492,1,98,salineros,11,31,1,0,58,0,0,0,4,6,0,0,0,2,1,0,1
1492,1,99,salineros,11,31,1,0,55,0,0,0,4,6,0,0,0,2,1,0,1
1492,1,100,salineros,11,31,1,0,52,0,0,0,4,6,0,0,0,2,1,0,1
1492,1,101,salineros,11,31,1,0,51,0,0,0,6,8,0,0,0,2,1,0,1
1492,1,102,salineros,11,31,1,0,50,0,0,0,6,10,0,0,0,2,1,0,1
1492,1,103,salineros,11,31,1,0,49,0,0,0,6,10,0,0,0,2,1,0,1
1492,1,104,salineros,11,31,1,0,48,0,0,0,6,10,0,0,0,2,1,0,1
1492,1,105,salineros,11,31,1,0,47,0,0,0,6,10,0,0,0,2,1,0,1
1492,1,106,salineros,11,31,1,0,46,0,0,0,6,10,0,0,0,2,1,0,1
1492,1,107,salineros,11,32,1,0,51,0,0,0,12,16,0,0,0,2,1,0,1
1492,1,108,salineros,11,33,1,0,55,0,0,0,12,16,0,0,0,2,1,0,1
1492,1,109,salineros,11,34,1,0,59,0,0,0,12,16,0,0,0,2,1,0,1
1492,1,110,salineros,12,35,1,0,63,0,0,0,12,16,0,0,0,2,1,0,1
1492,1,111,salineros,12,36,1,0,67,0,0,0,12,16,0,0,0,2,1,0,1
1492,1,112,salineros,12,37,1,0,70,0,0,0,12,16,0,0,0,2,1,0,1
1492,1,113,salineros,12,37,1,0,69,0,0,0,8,12,0,0,0,2,1,0,1
1492,1,114,salineros,12,37,1,0,68,0,0,0,8,12,0,0,0,2,1,0,1
1492,1,115,salineros,12,37,1,0,67,0,0,0,8,12,0,0,0,2,1,0,1
1492,1,116,salineros,12,37,1,0,66,0,0,0,8,12,0,0,0,2,1,0,1
1492,1,117,salineros,12,37,1,0,65,0,0,0,8,12,0,0,0,2,1,0,1
1492,1,118,salineros,12,37,1,0,64,0,0,0,8,12,0,0,0,2,1,0,1
1492,1,119,salineros,12,37,1,0,59,0,0,0,4,8,0,0,0,2,1,0,1
1492,1,120,salineros,12,37,1,0,54,0,0,0,4,6,0,0,0,2,1,0,1
1492,1,121,salineros,12,37,1,0,49,0,0,0,4,6,0,0,0,2,1,0,1
1492,1,122,salineros,12,37,1,0,44,0,0,0,4,6,0,0,0,2,1,0,1
1492,1,123,salineros,12,37,1,0,39,0,0,0,4,6,0,0,0,2,1,0,1
1492,1,124,salineros,12,37,1,0,34,0,0,0,4,6,0,0,0,2,1,0,1
1492,1,125,salineros,12,37,1,0,31,0,0,0,6,8,0,0,0,2,1,0,1
1492,1,126,salineros,12,37,1,0,28,0,0,0,6,10,0,0,0,2,1,0,1
1492,1,127,salineros,12,37,1,0,25,0,0,0,6,10,0,0,0,2,1,0,1
1492,1,128,salineros,12,37,1,0,22,0,0,0,6,10,0,0,0,2,1,0,1
1492,1,129,salineros,12,37,1,0,19,0,0,0,6,10,0,0,0,2,1,0,1
1492,1,130,salineros,12,37,1,0,16,0,0,0,6,10,0,0,0,2,1,0,1
1492,1,131,salineros,12,37,1,0,19,0,0,0,12,16,0,0,0,2,1,0,1
1492,1,132,salineros,12,37,1,0,22,0,0,0,12,16,0,0,0,2,1,0,1
1492,1,133,salineros,12,37,1,0,25,0,0,0,12,16,0,0,0,2,1,0,1
1492,1,134,salineros,12,37,1,0,28,0,0,0,12,16,0,0,0,2,1,0,1
1492,1,135,salineros,12,38,1,0,31,0,0,0,12,16,0,0,0,2,1,0,1
1492,1,136,salineros,12,39,1,0,34,0,0,0,12,16,0,0,0,2,1,0,1
1492,1,137,salineros,12,39,1,0,33,0,0,0,8,12,0,0,0,2,1,0,1
1492,1,138,salineros,12,39,1,0,32,0,0,0,8,12,0,0,0,2,1,0,1
1492,1,139,salineros,12,39,1,0,31,0,0,0,8,12,0,0,0,2,1,0,1
1492,1,140,salineros,12,39,1,0,30,0,0,0,8,12,0,0,0,2,1,0,1
1492,1,141,salineros,12,39,1,0,29,0,0,0,8,12,0,0,0,2,1,0,1
1492,1,142,salineros,12,39,1,0,28,0,0,0,8,12,0,0,0,2,1,0,1
1492,1,143,salineros,12,39,1,0,23,0,0,0,4,8,0,0,0,2,1,0,1
1492,1,144,salineros,12,39,1,0,18,0,0,0,4,6,0,0,0,2,1,0,1
1492,1,145,salineros,12,39,1,0,13,0,0,0,4,6,0,0,0,2,1,0,1
1492,1,146,salineros,12,39,1,0,8,0,0,0,4,6,0,0,0,2,1,0,1
1492,1,147,salineros,12,39,1,0,3,0,0,0,4,6,0,0,0,2,1,0,1
1492,1,148,salineros,11,39,1,0,0,0,0,0,4,6,1,0,0,2,1,0,1
1492,1,149,salineros,10,39,1,0,0,0,0,0,6,8,1,0,0,2,1,0,1
1492,1,150,salineros,9,38,1,0,0,0,0,0,6,10,1,0,0,2,1,0,1
1492,1,151,salineros,8,37,1,0,0,0,0,0,6,10,1,0,0,2,1,1,0
1492,1,152,salineros,7,36,1,0,0,0,0,0,6,10,1,0,0,2,1,0,1
1492,1,153,salineros,6,35,1,0,0,0,0,0,5,9,1,0,0,2,1,0,1
1492,1,154,salineros,4,34,1,0,0,0,0,0,5,9,1,0,0,2,1,1,0
1492,1,155,salineros,4,34,1,0,1,0,0,0,9,11,0,0,0,2,1,0,1
1492,1,156,salineros,4,34,1,0,2,0,0,0,9,11,0,0,0,2,1,0,1
1492,1,157,salineros,4,34,1,0,3,0,0,0,9,11,0,0,0,2,1,0,1
1492,1,158,salineros,4,34,1,0,6,0,0,0,11,13,0,0,0,2,1,0,1
1492,1,159,salineros,4,34,1,0,9,0,0,0,11,13,0,0,0,2,1,0,1
1492,1,160,salineros,4,34,1,0,12,0,0,0,11,13,0,0,0,2,1,0,1
1492,1,161,salineros,4,34,1,0,11,0,0,0,7,9,0,0,0,2,1,0,1
1492,1,162,salineros,4,34,1,0,10,0,0,0,7,9,0,0,0,2,1,0,1
1492,1,163,salineros,4,34,1,0,9,0,0,0,7,9,0,0,0,2,1,0,1
1492,1,164,salineros,4,34,1,0,8,0,0,0,7,9,0,0,0,2,1,0,1
1492,1,165,salineros,4,34,1,0,7,0,0,0,7,9,0,0,0,2,1,0,1
1492,1,166,salineros,4,34,1,0,6,0,0,0,7,9,0,0,0,2,1,0,1
1492,1,167,salineros,4,34,1,0,2,0,0,0,4,6,0,0,0,2,1,0,1
1492,1,168,salineros,3,34,1,0,0,0,0,0,4,6,1,0,0,2,1,0,1
1492,1,169,salineros,2,34,1,0,0,0,0,0,4,6,1,0,0,2,1,0,1
1492,1,170,salineros,1,33,1,0,0,0,0,0,4,6,1,0,0,2,1,0,1
1492,1,171,salineros,0,32,1,0,0,0,0,0,4,6,1,0,0,2,1,0,1
1492,1,172,salineros,-1,31,1,0,0,0,0,0,3,5,1,0,0,2,1,0,1
1492,1,173,salineros,-2,30,1,0,0,0,0,0,4,6,1,0,0,2,1,0,1
1492,1,174,salineros,-4,29,1,0,0,0,0,0,4,8,1,0,0,2,1,1,0
1492,1,175,salineros,-5,28,1,0,0,0,0,0,3,4,1,0,0,2,1,0,1
1492,1,176,salineros,-6,27,1,0,0,0,0,0,3,4,1,0,0,2,1,0,1
1492,1,177,salineros,-7,26,1,0,0,0,0,0,3,4,1,0,0,2,1,0,1
1492,1,178,salineros,-8,25,1,0,0,0,0,0,3,4,1,0,0,2,1,0,1
1492,1,179,salineros,-8,25,1,0,1,0,0,0,7,8,0,0,0,2,1,0,1
1492,1,180,salineros,-8,25,1,0,2,0,0,0,7,8,0,0,0,2,1,0,1
1492,1,181,salineros,-8,25,1,0,3,0,0,0,7,8,0,0,0,2,1,0,1
1492,1,182,salineros,-8,25,1,0,4,0,0,0,7,8,0,0,0,2,1,0,1
1492,1,183,salineros,-8,25,1,0,5,0,0,0,7,8,0,0,0,2,1,0,1
1492,1,184,salineros,-8,25,1,0,4,0,0,0,5,6,0,0,0,2,1,0,1
1492,1,185,salineros,-8,25,1,0,1,0,0,0,3,4,0,0,0,2,1,0,1
1492,1,186,salineros,-9,25,1,0,0,0,0,0,3,4,1,0,0,2,1,0,1
1492,1,187,salineros,-10,25,1,0,0,0,0,0,3,4,1,0,0,2,1,0,1
1492,1,188,salineros,-12,24,1,0,0,0,0,0,3,4,1,0,0,2,1,0,1
1492,1,189,salineros,-13,23,1,0,0,0,0,0,3,4,1,0,0,2,1,0,1
1492,1,190,salineros,-14,22,1,0,0,0,0,0,4,5,1,0,0,2,1,0,1
1492,1,191,salineros,-15,21,1,0,0,0,0,0,2,3,1,0,0,2,1,0,1
1492,1,192,salineros,-16,20,1,0,0,0,0,0,2,3,1,0,0,2,1,0,1
1492,1,193,salineros,-18,19,1,0,0,0,0,0,2,3,1,0,0,2,1,0,1
1492,1,194,salineros,-19,18,1,0,0,0,0,0,2,2,1,0,0,2,1,0,1
1492,1,195,salineros,-20,17,1,0,0,0,0,0,2,2,1,0,0,2,1,0,1
1492,1,196,salineros,-21,16,1,0,0,0,0,0,2,2,1,0,0,2,1,0,1
1492,1,197,salineros,-22,15,1,0,0,0,0,0,3,3,1,0,0,2,1,0,1
1492,1,198,salineros,-22,15,1,0,0,0,0,0,3,4,0,0,0,2,1,1,0
1492,1,199,salineros,-22,15,1,0,0,0,0,0,3,3,0,0,0,2,1,0,1
1492,1,200,salineros,-22,15,1,0,0,0,0,0,3,3,0,0,0,2,1,0,1
1492-2,1,1,arrieros,41,91,1,42,64,0,0,0,15,33,0,0,0,0,1,4,0
1492-2,1,2,arrieros,40,87,1,35,48,0,0,0,15,24,0,0,0,0,1,2,0
1492-2,1,3,arrieros,40,87,1,39,39,0,0,0,15,23,0,0,0,0,1,0,1
1492-2,1,4,arrieros,40,87,1,43,30,0,0,0,15,23,0,0,0,0,1,0,1
1492-2,1,5,arrieros,40,87,1,47,26,0,0,0,20,28,0,1,0,0,1,0,1
1492-2,1,6,arrieros,40,87,1,67,24,0,0,0,20,44,0,0,0,0,1,3,0
1492-2,1,7,arrieros,40,87,1,102,23,0,0,0,20,44,0,0,0,0,1,2,0
1492-2,1,8,arrieros,40,87,1,90,23,0,0,0,20,44,0,0,0,0,1,2,0
1492-2,1,9,arrieros,40,87,1,90,31,0,0,0,20,44,0,0,0,0,1,2,0
1492-2,1,10,arrieros,40,87,1,89,37,0,0,0,20,44,0,0,0,0,1,2,0
1492-2,1,11,arrieros,40,87,1,91,62,0,0,0,40,64,0,0,0,0,1,2,0
1492-2,1,12,arrieros,39,83,1,77,79,0,0,0,40,64,0,0,0,0,1,3,0
1492-2,1,13,arrieros,53,79,1,80,98,0,0,0,40,64,0,0,0,1,1,3,0
1492-2,1,14,arrieros,53,75,1,73,113,0,0,0,40,62,0,0,0,1,1,3,0
1492-2,1,15,arrieros,52,71,1,81,129,0,0,0,40,62,0,0,0,1,1,3,0
1492-2,1,16,arrieros,52,71,1,80,147,0,0,0,40,62,0,0,0,1,1,2,0
1492-2,1,17,arrieros,52,71,1,84,129,0,0,0,25,47,0,0,0,1,1,12,0
1492-2,1,18,arrieros,65,71,1,88,132,0,0,0,25,47,0,0,0,2,1,2,0
1492-2,1,19,arrieros,65,71,1,82,135,0,0,0,25,47,0,0,0,2,1,2,0
1492-2,1,20,arrieros,65,71,1,86,136,0,0,0,25,47,0,1,0,2,1,2,0
1492-2,1,21,arrieros,65,71,1,90,115,0,0,0,25,51,0,0,0,2,1,12,0
1492-2,1,22,arrieros,65,71,1,84,119,0,0,0,25,51,0,0,0,2,1,2,0
1492-2,1,23,arrieros,68,71,1,91,113,0,0,0,15,41,0,0,0,2,1,2,0
1492-2,1,24,arrieros,68,71,1,78,107,0,0,0,15,34,0,0,0,2,1,2,0
1492-2,1,25,arrieros,68,71,1,84,101,0,0,0,15,34,0,0,0,2,1,4,0
1492-2,1,26,arrieros,68,71,1,100,73,0,0,0,15,34,0,0,0,2,1,13,0
1492-2,1,27,arrieros,71,71,1,100,75,0,0,0,15,34,0,0,0,2,1,3,0
1492-2,1,28,arrieros,71,71,1,103,80,0,0,0,15,34,0,0,0,2,1,3,0
1492-2,1,29,arrieros,71,71,1,96,89,0,0,0,20,39,0,0,0,2,1,4,0
1492-2,1,30,arrieros,71,71,1,109,71,0,0,0,20,46,0,0,0,2,1,14,0
1492-2,1,31,arrieros,74,71,1,111,78,0,0,0,20,46,0,0,0,2,1,4,0
1492-2,1,32,arrieros,74,71,1,114,84,0,0,0,20,46,0,0,0,2,1,4,0
1492-2,1,33,arrieros,74,71,1,107,90,0,0,0,20,46,0,0,0,2,1,4,0
1492-2,1,34,arrieros,74,71,1,113,62,0,0,0,20,46,0,0,0,2,1,14,0
1492-2,1,35,arrieros,77,71,1,105,88,0,0,0,40,66,0,0,0,2,1,4,0
1492-2,1,36,arrieros,77,71,1,110,113,0,0,0,40,66,0,0,0,2,1,4,0
1492-2,1,37,arrieros,77,71,1,104,137,0,0,0,40,66,0,0,0,2,1,3,0
1492-2,1,38,arrieros,77,71,1,111,154,0,0,0,40,66,0,0,0,2,1,3,0
1492-2,1,39,arrieros,77,71,1,105,170,0,0,0,40,66,0,0,0,2,1,3,0
1492-2,1,40,arrieros,77,71,1,111,186,0,0,0,40,66,0,0,0,2,1,3,0
1492-2,1,41,arrieros,77,71,1,104,187,0,0,0,25,51,0,0,0,2,1,3,0
1492-2,1,42,arrieros,78,79,1,122,210,0,0,0,25,51,0,0,0,2,1,5,0
1492-2,1,43,arrieros,78,75,1,93,202,0,0,0,25,51,0,0,0,2,1,4,0
1492-2,1,44,arrieros,77,71,1,99,176,0,0,0,25,51,0,0,0,2,1,9,0
1492-2,1,45,arrieros,77,71,1,111,160,0,0,0,25,51,0,0,0,2,1,8,0
1492-2,1,46,arrieros,80,71,1,103,162,0,0,0,25,51,0,0,0,2,1,3,0
1492-2,1,47,arrieros,80,71,1,110,154,0,0,0,15,41,0,0,0,2,1,3,0
1492-2,1,48,arrieros,80,71,1,97,146,0,0,0,15,34,0,0,0,2,1,3,0
1492-2,1,49,arrieros,80,71,1,106,139,0,0,0,15,34,0,0,0,2,1,3,0
1492-2,1,50,arrieros,80,71,1,100,132,0,0,0,15,34,0,0,0,2,1,3,0
1492-2,1,51,arrieros,80,71,1,96,125,0,0,0,15,34,0,0,0,2,1,3,0
1492-2,1,52,arrieros,80,71,1,102,119,0,0,0,15,34,0,0,0,2,1,3,0
1492-2,1,53,arrieros,80,71,1,99,118,0,0,0,20,39,0,0,0,2,1,3,0
1492-2,1,54,arrieros,81,75,1,121,117,0,0,0,20,46,0,0,0,2,1,4,0
1492-2,1,55,arrieros,81,75,1,97,112,0,0,0,20,46,0,0,0,2,1,5,0
1492-2,1,56,arrieros,80,71,1,109,85,0,0,0,20,46,0,0,0,2,1,10,0
1492-2,1,57,arrieros,80,71,1,108,68,0,0,0,20,46,0,0,0,2,1,9,0
1492-2,1,58,arrieros,83,71,1,110,75,0,0,0,20,46,0,0,0,2,1,4,0
1492-2,1,59,arrieros,83,71,1,112,101,0,0,0,40,66,0,0,0,2,1,4,0
1492-2,1,60,arrieros,83,71,1,104,126,0,0,0,40,66,0,0,0,2,1,4,0
1492-2,1,61,arrieros,83,71,1,111,150,0,0,0,40,66,0,0,0,2,1,3,0
1492-2,1,62,arrieros,83,71,1,105,167,0,0,0,40,66,0,0,0,2,1,3,0
1492-2,1,63,arrieros,83,71,1,112,183,0,0,0,40,66,0,0,0,2,1,3,0
1492-2,1,64,arrieros,83,71,1,106,198,0,0,0,40,66,0,0,0,2,1,3,0
1492-2,1,65,arrieros,83,71,1,83,160,0,0,0,25,51,0,0,0,2,1,4,0
1492-2,1,66,arrieros,84,75,1,113,171,0,0,0,25,51,0,0,0,2,1,4,0
1492-2,1,67,arrieros,129,101,2,97,173,0,0,0,25,51,0,0,0,3,1,5,0
1492-2,1,68,arrieros,128,97,2,84,142,0,0,0,25,55,0,0,0,3,1,10,0
1492-2,1,69,arrieros,128,98,2,95,119,0,0,0,25,55,0,1,0,3,1,8,0
1492-2,1,70,arrieros,131,99,2,78,126,0,0,0,30,60,0,0,0,3,1,2,0
1492-2,1,71,arrieros,131,99,2,79,123,0,0,0,18,48,0,0,0,3,1,2,0
1492-2,1,72,arrieros,131,99,2,68,116,0,0,0,18,41,0,1,0,3,1,2,0
1492-2,1,73,arrieros,131,99,2,67,111,0,0,0,18,41,0,0,0,3,1,2,0
1492-2,1,74,arrieros,131,99,2,67,103,0,0,0,18,41,0,0,0,3,1,2,0
1492-2,1,75,arrieros,131,99,2,66,95,0,0,0,18,41,0,0,0,3,1,2,0
1492-2,1,76,arrieros,131,99,2,65,87,0,0,0,18,41,0,0,0,3,1,2,0
1492-2,1,77,arrieros,132,103,2,70,85,0,0,0,24,47,0,0,0,3,1,4,0
1492-2,1,78,arrieros,131,99,2,83,76,0,0,0,24,54,0,0,0,3,1,4,0
1492-2,1,79,arrieros,132,103,2,93,56,0,0,0,24,54,0,0,0,3,1,9,0
1492-2,1,80,arrieros,132,103,2,91,59,0,0,0,24,54,0,0,0,3,1,4,0
1492-2,1,81,arrieros,134,99,2,90,56,0,0,0,24,54,0,0,0,3,1,4,0
1492-2,1,82,arrieros,134,99,2,100,60,0,0,0,24,54,0,0,0,3,1,3,0
1492-2,1,83,arrieros,135,100,2,100,87,0,0,0,48,78,0,0,0,3,1,4,0
1492-2,1,84,arrieros,135,101,2,101,112,0,0,0,48,78,0,0,0,3,1,5,0
1492-2,1,85,arrieros,135,102,2,104,136,0,0,0,48,76,0,0,0,3,1,4,0
1492-2,1,86,arrieros,135,103,2,96,159,0,0,0,48,76,0,0,0,3,1,4,0
1492-2,1,87,arrieros,135,104,2,103,181,0,0,0,48,76,0,0,0,3,1,3,0
1492-2,1,88,arrieros,136,105,2,97,195,0,0,0,48,76,0,0,0,3,1,3,0
1492-2,1,89,arrieros,136,106,2,104,173,0,0,0,30,58,0,0,0,3,1,8,0
1492-2,1,90,arrieros,137,111,2,104,178,0,0,0,31,59,0,0,0,3,1,4,0
1492-2,1,91,arrieros,139,108,2,89,169,0,0,0,31,59,0,0,0,3,1,4,0
1492-2,1,92,arrieros,139,109,2,106,148,0,0,0,31,59,0,0,0,3,1,8,0
1492-2,1,93,arrieros,140,110,2,94,146,0,0,0,31,59,0,0,0,3,1,5,0
1492-2,1,94,arrieros,143,111,2,100,153,0,0,0,31,61,0,0,0,3,1,3,0
1492-2,1,95,arrieros,143,111,2,104,148,0,0,0,18,49,0,0,0,3,1,3,0
1492-2,1,96,arrieros,143,111,2,94,143,0,0,0,18,42,0,0,0,3,1,4,0
1492-2,1,97,arrieros,143,111,2,98,138,0,0,0,18,42,0,0,0,3,1,3,0
1492-2,1,98,arrieros,143,111,2,98,133,0,0,0,18,42,0,0,0,3,1,3,0
1492-2,1,99,arrieros,144,115,2,104,130,0,0,0,18,42,0,0,0,3,1,4,0
1492-2,1,100,arrieros,143,111,2,80,119,0,0,0,18,42,0,0,0,3,1,5,0
1492-2,1,101,arrieros,144,115,2,101,104,0,0,0,24,48,0,0,0,3,1,9,0
1492-2,1,102,arrieros,143,111,2,92,96,0,0,0,24,55,0,0,0,3,1,5,0
1492-2,1,103,arrieros,146,111,2,99,77,0,0,0,24,55,0,0,0,3,1,9,0
1492-2,1,104,arrieros,146,111,2,106,78,0,0,0,24,55,0,0,0,3,1,4,0
1492-2,1,105,arrieros,146,111,2,103,78,0,0,0,24,55,0,0,0,3,1,4,0
1492-2,1,106,arrieros,146,111,2,101,78,0,0,0,24,55,0,0,0,3,1,4,0
1492-2,1,107,arrieros,146,113,2,109,95,0,0,0,41,72,0,0,0,3,1,4,0
1492-2,1,108,arrieros,147,115,2,104,110,0,0,0,41,72,0,0,0,3,1,4,0
1492-2,1,109,arrieros,147,117,2,102,125,0,0,0,41,72,0,0,0,3,1,4,0
1492-2,1,110,arrieros,147,119,2,102,138,0,0,0,41,72,0,0,0,3,1,4,0
1492-2,1,111,arrieros,148,121,2,101,150,0,0,0,41,72,0,0,0,3,1,4,0
1492-2,1,112,arrieros,149,127,2,118,165,0,0,0,41,74,0,0,0,3,1,5,0
1492-2,1,113,arrieros,149,125,2,93,159,0,0,0,31,64,0,0,0,3,1,5,0
1492-2,1,114,arrieros,149,129,2,112,150,0,0,0,31,64,0,0,0,3,1,9,0
1492-2,1,115,arrieros,149,127,2,96,147,0,0,0,31,64,0,0,0,3,1,5,0
1492-2,1,116,arrieros,152,127,2,104,132,0,0,0,31,64,0,0,0,3,1,8,0
1492-2,1,117,arrieros,152,127,2,103,136,0,0,0,31,64,0,0,0,3,1,4,0
1492-2,1,118,arrieros,152,127,2,104,140,0,0,0,31,64,0,0,0,3,1,4,0
1492-2,1,119,arrieros,152,127,2,106,131,0,0,0,18,51,0,0,0,3,1,4,0
1492-2,1,120,arrieros,152,127,2,100,123,0,0,0,18,44,0,0,0,3,1,4,0
1492-2,1,121,arrieros,152,127,2,104,115,0,0,0,18,44,0,0,0,3,1,3,0
1492-2,1,122,arrieros,152,127,2,93,107,0,0,0,18,44,0,0,0,3,1,4,0
1492-2,1,123,arrieros,152,127,2,99,100,0,0,0,18,44,0,0,0,3,1,3,0
1492-2,1,124,arrieros,152,127,2,101,93,0,0,0,18,44,0,0,0,3,1,3,0
1492-2,1,125,arrieros,153,131,2,109,92,0,0,0,24,50,0,0,0,3,1,5,0
1492-2,1,126,arrieros,152,127,2,96,81,0,0,0,24,58,0,0,0,3,1,5,0
1492-2,1,127,arrieros,153,131,2,112,60,0,0,0,24,56,0,0,0,3,1,10,0
1492-2,1,128,arrieros,153,131,2,98,56,0,0,0,24,56,0,0,0,3,1,4,0
1492-2,1,129,arrieros,156,131,2,109,53,0,0,0,24,56,0,0,0,3,1,4,0
1492-2,1,130,arrieros,156,131,2,107,50,0,0,0,24,56,0,0,0,3,1,4,0
1492-2,1,131,arrieros,156,131,2,107,71,0,0,0,49,81,0,0,0,3,1,4,0
1492-2,1,132,arrieros,156,131,2,107,91,0,0,0,49,81,0,0,0,3,1,4,0
1492-2,1,133,arrieros,155,127,2,95,104,0,0,0,49,81,0,0,0,3,1,5,0
1492-2,1,134,arrieros,155,127,2,104,124,0,0,0,49,81,0,0,0,3,1,4,0
1492-2,1,135,arrieros,155,127,2,100,143,0,0,0,49,81,0,0,0,3,1,4,0
1492-2,1,136,arrieros,155,127,2,109,161,0,0,0,49,81,0,0,0,3,1,4,0
1492-2,1,137,arrieros,155,127,2,104,139,0,0,0,28,60,0,0,0,3,1,9,0
1492-2,1,138,arrieros,155,127,2,105,140,0,0,0,28,60,0,0,0,3,1,4,0
1492-2,1,139,arrieros,159,131,2,111,141,0,0,0,28,60,0,0,0,3,1,5,0
1492-2,1,140,arrieros,158,127,2,98,135,0,0,0,28,60,0,0,0,3,1,5,0
1492-2,1,141,arrieros,158,127,2,107,119,0,0,0,28,60,0,0,0,3,1,8,0
1492-2,1,142,arrieros,158,127,2,104,121,0,0,0,28,60,0,0,0,3,1,4,0
1492-2,1,143,arrieros,158,127,2,103,113,0,0,0,18,50,0,0,0,3,1,4,0
1492-2,1,144,arrieros,161,127,2,100,105,0,0,0,18,44,0,0,0,3,1,4,0
1492-2,1,145,arrieros,161,127,2,105,98,0,0,0,18,44,0,0,0,3,1,3,0
1492-2,1,146,arrieros,161,127,2,96,91,0,0,0,18,44,0,0,0,3,1,4,0
1492-2,1,147,arrieros,161,127,2,99,84,0,0,0,18,44,0,0,0,3,1,3,0
1492-2,1,148,arrieros,161,127,2,99,78,0,0,0,18,44,0,0,0,3,1,3,0
1492-2,1,149,arrieros,161,127,2,99,78,0,0,0,24,50,0,0,0,3,1,4,0
1492-2,1,150,arrieros,161,127,2,108,75,0,0,0,24,56,0,0,0,3,1,4,0
1492-2,1,151,arrieros,161,127,2,105,72,0,0,0,24,56,0,0,0,3,1,5,0
1492-2,1,152,arrieros,161,127,2,105,69,0,0,0,24,56,0,0,0,3,1,4,0
1492-2,1,153,arrieros,161,127,2,105,66,0,0,0,24,56,0,0,0,3,1,4,0
1492-2,1,154,arrieros,161,127,2,104,63,0,0,0,24,56,0,0,0,3,1,4,0
1492-2,1,155,arrieros,162,131,2,108,84,0,0,0,49,81,0,0,0,3,1,5,0
1492-2,1,156,arrieros,161,127,2,97,99,0,0,0,49,81,0,0,0,3,1,5,0
1492-2,1,157,arrieros,161,127,2,105,119,0,0,0,49,81,0,0,0,3,1,4,0
1492-2,1,158,arrieros,162,131,2,108,141,0,0,0,49,81,0,0,0,3,1,5,0
1492-2,1,159,arrieros,161,128,2,98,153,0,0,0,49,81,0,0,0,3,1,5,0
1492-2,1,160,arrieros,161,128,2,108,170,0,0,0,49,81,0,0,0,3,1,4,0
1492-2,1,161,arrieros,161,128,2,104,129,0,0,0,31,63,0,0,0,3,1,14,0
1492-2,1,162,arrieros,161,128,2,103,132,0,0,0,31,63,0,0,0,3,1,4,0
1492-2,1,163,arrieros,164,128,2,101,135,0,0,0,31,63,0,0,0,3,1,4,0
1492-2,1,164,arrieros,164,128,2,23,138,0,0,0,31,63,0,0,0,3,1,4,0
1492-2,1,165,arrieros,164,128,2,68,141,0,0,0,31,63,0,0,0,3,1,2,0
1492-2,1,166,arrieros,164,128,2,91,133,0,0,0,31,63,0,0,0,3,1,3,0
1492-2,1,167,arrieros,164,128,2,95,115,0,0,0,18,50,0,0,0,3,1,3,0
1492-2,1,168,arrieros,164,128,2,95,104,0,0,0,18,44,0,0,0,3,1,3,0
1492-2,1,169,arrieros,164,128,2,96,94,0,0,0,18,44,0,0,0,3,1,3,0
1492-2,1,170,arrieros,164,128,2,96,84,0,0,0,18,44,0,0,0,3,1,3,0
1492-2,1,171,arrieros,164,128,2,96,75,0,0,0,18,44,0,0,0,3,1,3,0
1492-2,1,172,arrieros,164,128,2,99,66,0,0,0,18,44,0,0,0,3,1,3,0
1492-2,1,173,arrieros,164,128,2,100,63,0,0,0,24,50,0,0,0,3,1,4,0
1492-2,1,174,arrieros,164,128,2,108,57,0,0,0,24,56,0,0,0,3,1,4,0
1492-2,1,175,arrieros,164,128,2,105,52,0,0,0,24,56,0,0,0,3,1,4,0
1492-2,1,176,arrieros,166,136,2,114,49,0,0,0,24,56,0,0,0,3,1,6,0
1492-2,1,177,arrieros,166,136,2,103,42,0,0,0,24,56,0,0,0,3,1,4,0
1492-2,1,178,arrieros,166,136,2,105,35,0,0,0,24,56,0,0,0,3,1,4,0
1492-2,1,179,arrieros,166,136,2,103,43,0,0,0,39,71,0,0,0,3,1,4,0
1492-2,1,180,arrieros,166,136,2,100,51,0,0,0,39,71,0,0,0,3,1,4,0
1492-2,1,181,arrieros,166,136,2,110,58,0,0,0,39,71,0,0,0,3,1,4,0
1492-2,1,182,arrieros,166,136,2,107,65,0,0,0,39,71,0,0,0,3,1,4,0
1492-2,1,183,arrieros,166,136,2,107,72,0,0,0,39,71,0,0,0,3,1,4,0
1492-2,1,184,arrieros,166,136,2,106,78,0,0,0,39,71,0,0,0,3,1,4,0
1492-2,1,185,arrieros,165,132,2,94,72,0,0,0,31,63,0,0,0,3,1,5,0
1492-2,1,186,arrieros,165,132,2,102,75,0,0,0,31,63,0,0,0,3,1,3,0
1492-2,1,187,arrieros,164,128,2,102,73,0,0,0,31,63,0,0,0,3,1,4,0
1492-2,1,188,arrieros,164,128,2,111,77,0,0,0,31,63,0,0,0,3,1,3,0
1492-2,1,189,arrieros,164,128,2,109,81,0,0,0,31,63,0,0,0,3,1,4,0
1492-2,1,190,arrieros,164,128,2,109,64,0,0,0,31,63,0,0,0,3,1,9,0
1492-2,1,191,arrieros,164,128,2,106,56,0,0,0,18,50,0,0,0,3,1,4,0
1492-2,1,192,arrieros,167,128,2,96,48,0,0,0,18,44,0,0,0,3,1,4,0
1492-2,1,193,arrieros,167,128,2,102,40,0,0,0,18,44,0,0,0,3,1,3,0
1492-2,1,194,arrieros,167,128,2,104,33,0,0,0,18,44,0,0,0,3,1,3,0
1492-2,1,195,arrieros,167,128,2,95,26,0,0,0,18,44,0,0,0,3,1,4,0
1492-2,1,196,arrieros,167,128,2,98,19,0,0,0,18,44,0,0,0,3,1,3,0
1492-2,1,197,arrieros,167,128,2,98,18,0,0,0,24,50,0,0,0,3,1,4,0
1492-2,1,198,arrieros,167,128,2,103,14,0,0,0,24,56,0,0,0,3,1,4,0
1492-2,1,199,arrieros,167,128,2,101,10,0,0,0,24,56,0,0,0,3,1,4,0
1492-2,1,200,arrieros,167,128,2,111,6,0,0,0,24,56,0,0,0,3,1,4,0
1492-2,1,1,canteros,46,116,1,40,56,0,0,0,18,48,0,0,0,0,1,4,0
1492-2,1,2,canteros,46,116,1,47,42,0,0,0,18,34,0,0,0,0,1,0,1
1492-2,1,3,canteros,46,116,1,54,28,0,0,0,18,34,0,1,0,0,1,0,1
1492-2,1,4,canteros,46,116,1,69,17,0,0,0,18,42,0,0,0,0,1,1,0
1492-2,1,5,canteros,46,116,1,79,12,0,0,0,24,48,0,0,0,0,1,2,0
1492-2,1,6,canteros,46,116,1,89,8,0,0,0,24,59,0,0,0,0,1,2,0
1492-2,1,7,canteros,46,116,1,97,7,0,0,0,24,59,0,0,0,0,1,3,0
1492-2,1,8,canteros,46,116,1,94,6,0,0,0,24,59,0,0,0,0,1,3,0
1492-2,1,9,canteros,46,116,1,101,5,0,0,0,24,59,0,0,0,0,1,3,0
1492-2,1,10,canteros,46,116,1,100,4,0,0,0,24,59,0,0,0,0,1,3,0
1492-2,1,11,canteros,46,116,1,101,27,0,0,0,48,83,0,0,0,0,1,3,0
1492-2,1,12,canteros,46,116,1,102,49,0,0,0,48,83,0,0,0,0,1,3,0
1492-2,1,13,canteros,46,116,1,103,70,0,0,0,48,83,0,0,0,0,1,3,0
1492-2,1,14,canteros,45,112,1,85,80,0,0,0,48,83,0,0,0,0,1,4,0
1492-2,1,15,canteros,59,108,1,78,91,0,0,0,48,83,0,0,0,1,1,4,0
1492-2,1,16,canteros,59,108,1,92,112,0,0,0,48,81,0,0,0,1,1,2,0
1492-2,1,17,canteros,59,108,1,93,101,0,0,0,30,63,0,0,0,1,1,7,0
1492-2,1,18,canteros,59,108,1,98,107,0,0,0,30,62,0,0,0,1,1,2,0
1492-2,1,19,canteros,72,108,1,96,113,0,0,0,30,62,0,0,0,2,1,3,0
1492-2,1,20,canteros,72,108,1,95,119,0,0,0,30,62,0,0,0,2,1,3,0
1492-2,1,21,canteros,72,108,1,93,125,0,0,0,30,62,0,0,0,2,1,3,0
1492-2,1,22,canteros,72,108,1,97,130,0,0,0,30,62,0,0,0,2,1,2,0
1492-2,1,23,canteros,72,108,1,97,111,0,0,0,18,50,0,0,0,2,1,8,0
1492-2,1,24,canteros,72,108,1,87,105,0,0,0,18,40,0,0,0,2,1,3,0
1492-2,1,25,canteros,75,108,1,86,100,0,0,0,18,40,0,0,0,2,1,2,0
1492-2,1,26,canteros,75,108,1,83,94,0,0,0,18,40,0,0,0,2,1,2,0
1492-2,1,27,canteros,75,108,1,83,88,0,0,0,18,40,0,0,0,2,1,2,0
1492-2,1,28,canteros,75,108,1,82,81,0,0,0,18,40,0,0,0,2,1,2,0
1492-2,1,29,canteros,75,108,1,85,71,0,0,0,24,46,0,0,0,2,1,7,0
1492-2,1,30,canteros,75,108,1,91,70,0,0,0,24,56,0,0,0,2,1,3,0
1492-2,1,31,canteros,78,108,1,92,69,0,0,0,24,56,0,0,0,2,1,3,0
1492-2,1,32,canteros,78,108,1,96,68,0,0,0,24,56,0,0,0,2,1,3,0
1492-2,1,33,canteros,78,108,1,100,67,0,0,0,24,56,0,0,0,2,1,2,0
1492-2,1,34,canteros,78,108,1,117,69,0,0,0,24,56,0,0,0,2,1,3,0
1492-2,1,35,canteros,78,108,1,18,91,0,0,0,48,79,0,0,0,2,1,5,0
1492-2,1,36,canteros,78,108,1,77,110,0,1,0,48,79,0,0,0,2,1,1,0
1492-2,1,37,canteros,78,108,1,84,113,0,0,0,48,79,0,0,0,2,1,7,0
1492-2,1,38,canteros,81,108,1,90,131,0,0,0,48,79,0,0,0,2,1,3,0
1492-2,1,39,canteros,81,108,1,86,148,0,0,0,48,79,0,0,0,2,1,3,0
1492-2,1,40,canteros,81,108,1,95,165,0,0,0,48,79,0,0,0,2,1,3,0
1492-2,1,41,canteros,81,108,1,90,164,0,0,0,30,61,0,0,0,2,1,3,0
1492-2,1,42,canteros,81,108,1,88,166,0,0,0,30,61,0,0,0,2,1,2,0
1492-2,1,43,canteros,81,108,1,94,159,0,0,0,30,61,0,0,0,2,1,7,0
1492-2,1,44,canteros,81,108,1,98,160,0,0,0,30,61,0,0,0,2,1,2,0
1492-2,1,45,canteros,84,108,1,97,162,0,0,0,30,61,0,0,0,2,1,3,0
1492-2,1,46,canteros,84,108,1,96,164,0,0,0,30,61,0,0,0,2,1,3,0
1492-2,1,47,canteros,84,108,1,95,154,0,0,0,18,49,0,0,0,2,1,3,0
1492-2,1,48,canteros,84,108,1,83,145,0,0,0,18,39,0,0,0,2,1,3,0
1492-2,1,49,canteros,84,108,1,79,136,0,0,0,18,39,0,0,0,2,1,2,0
1492-2,1,50,canteros,84,108,1,82,125,0,0,0,18,39,0,0,0,2,1,2,0
1492-2,1,51,canteros,84,108,1,81,114,0,0,0,18,39,0,0,0,2,1,2,0
1492-2,1,52,canteros,84,108,1,81,104,0,0,0,18,38,0,0,0,2,1,2,0
1492-2,1,53,canteros,85,112,1,95,101,0,0,0,24,44,0,0,0,2,1,3,0
1492-2,1,54,canteros,84,108,1,72,86,0,0,0,24,56,0,0,0,2,1,4,0
1492-2,1,55,canteros,84,108,1,97,69,0,0,0,24,54,0,0,0,2,1,7,0
1492-2,1,56,canteros,84,108,1,89,64,0,0,0,24,54,0,0,0,2,1,3,0
1492-2,1,57,canteros,87,108,1,88,61,0,0,0,24,54,0,0,0,2,1,3,0
1492-2,1,58,canteros,87,108,1,91,58,0,0,0,24,54,0,0,0,2,1,3,0
1492-2,1,59,canteros,87,108,1,92,78,0,0,0,48,78,0,0,0,2,1,3,0
1492-2,1,60,canteros,87,108,1,95,98,0,0,0,48,78,0,0,0,2,1,3,0
1492-2,1,61,canteros,87,108,1,87,117,0,0,0,48,78,0,0,0,2,1,3,0
1492-2,1,62,canteros,87,108,1,92,135,0,0,0,48,78,0,0,0,2,1,3,0
1492-2,1,63,canteros,87,108,1,93,152,0,0,0,48,78,0,0,0,2,1,3,0
1492-2,1,64,canteros,87,108,1,97,169,0,0,0,48,78,0,0,0,2,1,3,0
1492-2,1,65,canteros,88,112,1,101,171,0,0,0,30,60,0,0,0,2,1,4,0
1492-2,1,66,canteros,87,108,1,76,160,0,0,0,30,62,0,0,0,2,1,4,0
1492-2,1,67,canteros,87,108,1,93,149,0,0,0,30,60,0,0,0,2,1,7,0
1492-2,1,68,canteros,87,108,1,92,147,0,0,0,30,60,0,0,0,2,1,2,0
1492-2,1,69,canteros,90,108,1,96,150,0,0,0,30,60,0,0,0,2,1,2,0
1492-2,1,70,canteros,90,108,1,93,152,0,0,0,30,60,0,0,0,2,1,3,0
1492-2,1,71,canteros,90,108,1,97,143,0,0,0,18,48,0,0,0,2,1,2,0
1492-2,1,72,canteros,90,108,1,87,134,0,0,0,18,38,0,0,0,2,1,3,0
1492-2,1,73,canteros,90,108,1,87,126,0,0,0,18,38,0,0,0,2,1,2,0
1492-2,1,74,canteros,90,108,1,84,117,0,0,0,18,38,0,0,0,2,1,2,0
1492-2,1,75,canteros,90,108,1,85,108,0,0,0,18,38,0,0,0,2,1,2,0
1492-2,1,76,canteros,90,108,1,80,99,0,0,0,18,38,0,0,0,2,1,2,0
1492-2,1,77,canteros,90,108,1,84,97,0,0,0,24,44,0,0,0,2,1,2,0
1492-2,1,78,canteros,90,108,1,90,93,0,0,0,24,54,0,0,0,2,1,3,0
1492-2,1,79,canteros,91,112,1,95,92,0,0,0,24,54,0,0,0,2,1,4,0
1492-2,1,80,canteros,90,108,1,74,77,0,0,0,24,56,0,0,0,2,1,4,0
1492-2,1,81,canteros,90,108,1,89,61,0,0,0,24,54,0,0,0,2,1,7,0
1492-2,1,82,canteros,90,108,1,89,57,0,0,0,24,54,0,0,0,2,1,3,0
1492-2,1,83,canteros,93,108,1,93,77,0,0,0,48,78,0,0,0,2,1,3,0
1492-2,1,84,canteros,93,108,1,96,97,0,0,0,48,78,0,0,0,2,1,3,0
1492-2,1,85,canteros,93,108,1,94,116,0,0,0,48,78,0,0,0,2,1,3,0
1492-2,1,86,canteros,93,108,1,94,134,0,0,0,48,78,0,0,0,2,1,3,0
1492-2,1,87,canteros,93,108,1,91,151,0,0,0,48,78,0,0,0,2,1,3,0
1492-2,1,88,canteros,93,108,1,94,168,0,0,0,48,78,0,0,0,2,1,3,0
1492-2,1,89,canteros,93,108,1,89,167,0,0,0,30,60,0,0,0,2,1,3,0
1492-2,1,90,canteros,93,108,1,92,168,0,0,0,30,60,0,0,0,2,1,2,0
1492-2,1,91,canteros,94,112,1,103,172,0,0,0,30,60,0,0,0,2,1,4,0
1492-2,1,92,canteros,93,108,1,78,162,0,0,0,30,62,0,0,0,2,1,4,0
1492-2,1,93,canteros,93,108,1,92,153,0,0,0,30,60,0,0,0,2,1,7,0
1492-2,1,94,canteros,93,108,1,93,152,0,0,0,30,60,0,0,0,2,1,2,0
1492-2,1,95,canteros,96,108,1,97,143,0,0,0,18,48,0,0,0,2,1,2,0
1492-2,1,96,canteros,96,108,1,85,134,0,0,0,18,38,0,0,0,2,1,3,0
1492-2,1,97,canteros,96,108,1,83,126,0,0,0,18,38,0,0,0,2,1,2,0
1492-2,1,98,canteros,96,108,1,83,117,0,0,0,18,38,0,0,0,2,1,2,0
1492-2,1,99,canteros,96,108,1,82,107,0,0,0,18,38,0,0,0,2,1,2,0
1492-2,1,100,canteros,96,108,1,83,98,0,0,0,18,38,0,0,0,2,1,2,0
1492-2,1,101,canteros,96,108,1,81,95,0,0,0,24,44,0,0,0,2,1,3,0
1492-2,1,102,canteros,96,108,1,95,91,0,0,0,24,54,0,0,0,2,1,2,0
1492-2,1,103,canteros,96,108,1,90,87,0,0,0,24,54,0,0,0,2,1,3,0
1492-2,1,104,canteros,97,112,1,99,84,0,0,0,24,54,0,0,0,2,1,4,0
1492-2,1,105,canteros,96,108,1,78,70,0,0,0,24,56,0,0,0,2,1,4,0
1492-2,1,106,canteros,96,108,1,90,67,0,0,0,24,54,0,0,0,2,1,2,0
1492-2,1,107,canteros,96,108,1,90,87,0,0,0,48,78,0,0,0,2,1,3,0
1492-2,1,108,canteros,96,108,1,87,106,0,0,0,48,78,0,0,0,2,1,3,0
1492-2,1,109,canteros,306,108,1,94,124,0,0,0,48,78,0,1,1,3,1,3,0
1492-2,1,110,canteros,306,108,1,95,144,0,0,0,48,78,0,0,0,3,1,4,0
1492-2,1,111,canteros,306,108,1,92,158,0,0,0,43,73,0,0,0,3,1,3,0
1492-2,1,112,canteros,306,108,1,98,172,0,0,0,43,73,0,0,0,3,1,3,0
1492-2,1,113,canteros,306,108,1,95,157,0,0,0,27,57,0,0,0,3,1,7,0
1492-2,1,114,canteros,306,108,1,96,151,0,0,0,27,57,0,0,0,3,1,3,0
1492-2,1,115,canteros,309,108,1,95,150,0,0,0,27,57,0,0,0,3,1,3,0
1492-2,1,116,canteros,309,108,1,94,151,0,0,0,27,57,0,0,0,3,1,3,0
1492-2,1,117,canteros,309,108,1,99,152,0,0,0,27,57,0,0,0,3,1,2,0
1492-2,1,118,canteros,309,108,1,96,153,0,0,0,27,57,0,0,0,3,1,3,0
1492-2,1,119,canteros,309,108,1,94,144,0,0,0,16,46,0,0,0,3,1,3,0
1492-2,1,120,canteros,309,108,1,87,135,0,0,0,16,36,0,0,0,3,1,2,0
1492-2,1,121,canteros,309,108,1,86,127,0,0,0,16,36,0,0,0,3,1,2,0
1492-2,1,122,canteros,309,108,1,84,118,0,0,0,16,36,0,0,0,3,1,2,0
1492-2,1,123,canteros,310,112,1,95,110,0,0,0,16,36,0,0,0,3,1,3,0
1492-2,1,124,canteros,309,108,1,62,90,0,0,0,16,37,0,0,0,3,1,4,0
1492-2,1,125,canteros,309,108,1,86,77,0,0,0,21,41,0,0,0,3,1,6,0
1492-2,1,126,canteros,309,108,1,87,69,0,0,0,21,51,0,0,0,3,1,3,0
1492-2,1,127,canteros,312,108,1,94,65,0,0,0,21,51,0,0,0,3,1,3,0
1492-2,1,128,canteros,312,108,1,95,61,0,0,0,21,51,0,0,0,3,1,3,0
1492-2,1,129,canteros,312,108,1,92,57,0,0,0,21,51,0,0,0,3,1,3,0
1492-2,1,130,canteros,312,108,1,97,53,0,0,0,21,51,0,0,0,3,1,3,0
1492-2,1,131,canteros,312,108,1,105,71,0,0,0,43,73,0,0,0,3,1,3,0
1492-2,1,132,canteros,312,108,1,108,88,0,0,0,43,73,0,0,0,3,1,2,0
1492-2,1,133,canteros,312,108,1,113,107,0,0,0,43,73,0,0,0,3,1,2,0
1492-2,1,134,canteros,312,108,1,117,126,0,0,0,43,73,0,0,0,3,1,2,0
1492-2,1,135,canteros,313,112,1,105,145,0,0,0,43,73,0,0,0,3,1,4,0
1492-2,1,136,canteros,312,108,1,99,151,0,1,0,43,75,0,0,0,3,1,3,0
1492-2,1,137,canteros,312,108,1,94,139,0,1,0,27,57,0,0,0,3,1,7,0
1492-2,1,138,canteros,312,108,1,94,143,0,1,0,27,57,0,0,0,3,1,2,0
1492-2,1,139,canteros,315,108,1,97,146,0,1,0,27,57,0,0,0,3,1,2,0
1492-2,1,140,canteros,315,108,1,103,149,0,1,0,27,57,0,0,0,3,1,3,0
1492-2,1,141,canteros,315,108,1,111,151,0,1,0,27,57,0,0,0,3,1,2,0
1492-2,1,142,canteros,315,108,1,118,155,0,1,0,27,57,0,0,0,3,1,3,0
1492-2,1,143,canteros,315,108,1,136,146,0,1,0,16,46,0,0,0,3,1,3,0
1492-2,1,144,canteros,315,108,1,132,137,0,1,0,16,36,0,0,0,3,1,2,0
1492-2,1,145,canteros,315,108,1,132,131,0,1,0,16,36,0,0,0,3,1,3,0
1492-2,1,146,canteros,315,108,1,142,123,0,1,0,16,36,0,0,0,3,1,3,0
1492-2,1,147,canteros,316,112,1,149,116,0,1,0,16,36,0,0,0,3,1,3,0
1492-2,1,148,canteros,315,108,1,127,101,0,1,0,16,37,0,0,0,3,1,4,0
1492-2,1,149,canteros,315,108,1,121,88,0,1,0,21,41,0,0,0,3,1,9,0
1492-2,1,150,canteros,315,108,1,119,83,0,2,0,21,51,0,0,0,3,1,3,0
1492-2,1,151,canteros,318,108,1,130,83,0,1,0,21,51,0,0,0,3,1,4,0
1492-2,1,152,canteros,318,108,1,137,81,0,1,0,21,51,0,0,0,3,1,4,0
1492-2,1,153,canteros,318,108,1,135,76,0,2,0,21,51,0,0,0,3,1,3,0
1492-2,1,154,canteros,318,108,1,148,76,0,1,0,21,51,0,0,0,3,1,3,0
1492-2,1,155,canteros,318,108,1,153,96,0,1,0,43,73,0,0,0,3,1,4,0
1492-2,1,156,canteros,318,108,1,150,112,0,2,0,43,73,0,0,0,3,1,3,0
1492-2,1,157,canteros,318,108,1,161,130,0,3,0,43,73,0,0,0,3,1,3,0
1492-2,1,158,canteros,318,108,1,179,151,0,0,0,43,73,0,0,0,3,1,3,0
1492-2,1,159,canteros,319,112,1,155,169,0,0,0,43,73,0,0,0,3,1,4,0
1492-2,1,160,canteros,318,108,1,137,175,0,2,0,43,75,0,0,0,3,1,4,0
1492-2,1,161,canteros,318,108,1,196,155,0,4,0,27,57,0,0,0,3,1,6,0
1492-2,1,162,canteros,318,108,1,191,152,0,0,0,27,57,0,0,0,3,1,3,0
1492-2,1,163,canteros,321,108,1,211,153,0,0,0,27,57,0,0,0,3,1,3,0
1492-2,1,164,canteros,321,108,1,222,154,0,0,0,27,57,0,0,0,3,1,2,0
1492-2,1,165,canteros,321,108,1,228,157,0,0,0,27,57,0,0,0,3,1,3,0
1492-2,1,166,canteros,321,108,1,254,158,0,0,0,27,57,0,0,0,3,1,3,0
1492-2,1,167,canteros,321,108,1,282,147,0,0,0,16,46,0,0,0,3,1,2,0
1492-2,1,168,canteros,321,108,1,272,135,0,0,0,16,36,0,0,0,3,1,3,0
1492-2,1,169,canteros,321,108,1,283,124,0,0,0,13,33,0,0,0,3,1,3,0
1492-2,1,170,canteros,321,108,1,281,113,0,0,0,13,33,0,0,0,3,1,2,0
1492-2,1,171,canteros,321,108,1,279,106,0,0,0,13,33,0,0,0,3,1,3,0
1492-2,1,172,canteros,322,112,1,298,97,0,0,0,13,33,0,0,0,3,1,4,0
1492-2,1,173,canteros,321,108,1,236,84,0,0,0,21,42,0,0,0,3,1,4,0
1492-2,1,174,canteros,321,108,1,216,69,0,2,0,21,51,0,0,0,3,1,9,0
1492-2,1,175,canteros,321,108,1,240,66,0,2,0,21,51,0,0,0,3,1,2,0
1492-2,1,176,canteros,321,108,1,250,69,0,0,0,21,51,0,0,0,3,1,3,0
1492-2,1,177,canteros,321,108,1,231,68,0,0,0,21,51,0,0,0,3,1,4,0
1492-2,1,178,canteros,324,108,1,212,64,0,2,0,21,51,0,0,0,3,1,3,0
1492-2,1,179,canteros,324,108,1,231,93,0,2,0,50,80,0,0,0,3,1,3,0
1492-2,1,180,canteros,324,108,1,250,119,0,2,0,50,80,0,0,0,3,1,3,0
1492-2,1,181,canteros,324,108,1,256,144,0,2,0,50,80,0,0,0,3,1,2,0
1492-2,1,182,canteros,324,108,1,262,171,0,2,0,50,80,0,0,0,3,1,3,0
1492-2,1,183,canteros,324,108,1,312,194,0,2,0,50,80,0,0,0,3,1,2,0
1492-2,1,184,canteros,324,108,1,351,209,0,2,0,50,80,0,0,0,3,1,1,0
1492-2,1,185,canteros,324,108,1,375,201,0,2,0,27,57,0,0,0,3,1,2,0
1492-2,1,186,canteros,324,108,1,419,193,0,2,0,27,57,0,0,0,3,1,1,0
1492-2,1,187,canteros,325,112,1,453,186,0,2,0,27,57,0,0,0,3,1,3,0
1492-2,1,188,canteros,324,108,1,479,168,0,2,0,27,59,0,0,0,3,1,2,0
1492-2,1,189,canteros,324,108,1,503,151,0,2,0,27,57,0,0,0,3,1,7,0
1492-2,1,190,canteros,324,108,1,506,145,0,2,0,27,57,0,0,0,3,1,2,0
1492-2,1,191,canteros,324,108,1,514,136,0,2,0,13,43,0,0,0,3,1,3,0
1492-2,1,192,canteros,324,108,1,523,125,0,2,0,13,33,0,0,0,3,1,3,0
1492-2,1,193,canteros,324,108,1,519,117,0,2,0,16,36,0,0,0,3,1,2,0
1492-2,1,194,canteros,327,108,1,515,112,0,2,0,16,36,0,0,0,3,1,3,0
1492-2,1,195,canteros,327,108,1,526,104,0,2,0,16,36,0,0,0,3,1,3,0
1492-2,1,196,canteros,327,108,1,524,99,0,0,0,16,36,0,0,0,3,1,2,0
1492-2,1,197,canteros,327,108,1,483,100,0,0,0,21,41,0,0,0,3,1,4,0
1492-2,1,198,canteros,327,108,1,468,95,0,2,0,21,51,0,0,0,3,1,3,0
1492-2,1,199,canteros,327,108,1,487,95,0,2,0,21,51,0,0,0,3,1,3,0
1492-2,1,200,canteros,327,108,1,505,95,0,0,0,21,51,0,0,0,3,1,3,0
1492-2,1,1,ferrones,32,46,1,45,63,0,0,0,7,17,0,0,0,0,1,4,0
1492-2,1,2,ferrones,31,42,1,25,46,0,0,0,7,11,0,0,0,0,1,2,0
1492-2,1,3,ferrones,30,38,1,5,30,0,0,0,7,11,0,0,0,0,1,1,0
1492-2,1,4,ferrones,30,38,1,4,25,0,0,0,7,10,0,0,0,0,1,0,1
1492-2,1,5,ferrones,30,38,1,3,23,0,0,0,9,12,0,1,0,0,1,0,1
1492-2,1,6,ferrones,30,38,1,13,23,0,0,0,9,23,0,0,0,0,1,1,0
1492-2,1,7,ferrones,30,38,1,23,23,0,0,0,9,23,0,0,0,0,1,0,1
1492-2,1,8,ferrones,30,38,1,33,23,0,0,0,9,23,0,0,0,0,1,0,1
1492-2,1,9,ferrones,30,38,1,43,23,0,0,0,9,23,0,0,0,0,1,0,1
1492-2,1,10,ferrones,30,38,1,53,23,0,0,0,9,23,0,0,0,0,1,0,1
1492-2,1,11,ferrones,30,39,1,63,32,0,0,0,19,33,0,0,0,0,1,0,1
1492-2,1,12,ferrones,31,40,1,73,41,0,0,0,19,33,0,0,0,0,1,0,1
1492-2,1,13,ferrones,30,37,1,56,39,0,0,0,19,35,0,0,0,0,1,3,0
1492-2,1,14,ferrones,30,38,1,68,48,0,0,0,19,33,0,0,0,0,1,1,0
1492-2,1,15,ferrones,30,39,1,73,56,0,0,0,19,33,0,0,0,0,1,2,0
1492-2,1,16,ferrones,31,40,1,75,65,0,0,0,19,33,0,0,0,0,1,2,0
1492-2,1,17,ferrones,31,42,1,74,52,0,0,0,12,28,0,0,0,0,1,8,0
1492-2,1,18,ferrones,31,44,1,75,52,0,0,0,12,28,0,0,0,0,1,3,0
1492-2,1,19,ferrones,45,46,1,76,52,0,0,0,12,28,0,0,0,1,1,3,0
1492-2,1,20,ferrones,45,46,1,67,52,0,0,0,12,28,0,0,0,1,1,3,0
1492-2,1,21,ferrones,45,48,1,76,50,0,0,0,12,28,0,1,0,1,1,2,0
1492-2,1,22,ferrones,46,50,1,77,48,0,0,0,12,32,0,0,0,1,1,2,0
1492-2,1,23,ferrones,46,50,1,80,42,0,0,0,7,29,0,0,0,1,1,3,0
1492-2,1,24,ferrones,46,50,1,74,37,0,0,0,7,24,0,0,0,1,1,2,0
1492-2,1,25,ferrones,46,50,1,74,31,0,0,0,7,24,0,0,0,1,1,3,0
1492-2,1,26,ferrones,46,50,1,72,26,0,0,0,7,24,0,0,0,1,1,3,0
1492-2,1,27,ferrones,46,50,1,75,22,0,0,0,7,24,0,0,0,1,1,2,0
1492-2,1,28,ferrones,46,50,1,71,17,0,0,0,7,24,0,0,0,1,1,2,0
1492-2,1,29,ferrones,46,54,1,84,17,0,0,0,9,26,0,0,0,1,1,3,0
1492-2,1,30,ferrones,46,54,1,78,15,0,0,0,9,31,0,0,0,1,1,3,0
1492-2,1,31,ferrones,46,54,1,84,12,0,0,0,9,31,0,0,0,1,1,3,0
1492-2,1,32,ferrones,46,54,1,78,9,0,0,0,9,31,0,0,0,1,1,3,0
1492-2,1,33,ferrones,46,54,1,84,6,0,0,0,9,31,0,0,0,1,1,3,0
1492-2,1,34,ferrones,46,54,1,78,3,0,0,0,9,31,0,0,0,1,1,3,0
1492-2,1,35,ferrones,46,54,1,84,10,0,0,0,19,41,0,0,0,1,1,3,0
1492-2,1,36,ferrones,46,54,1,78,17,0,0,0,19,41,0,0,0,1,1,3,0
1492-2,1,37,ferrones,46,54,1,84,24,0,0,0,19,41,0,0,0,1,1,3,0
1492-2,1,38,ferrones,47,56,1,78,30,0,0,0,19,41,0,0,0,1,1,3,0
1492-2,1,39,ferrones,47,58,1,84,35,0,0,0,19,41,0,0,0,1,1,3,0
1492-2,1,40,ferrones,48,60,1,71,40,0,0,0,19,41,0,0,0,1,1,3,0
1492-2,1,41,ferrones,48,60,1,83,38,0,0,0,12,36,0,1,0,1,1,3,0
1492-2,1,42,ferrones,48,60,1,52,36,0,0,0,12,36,0,0,0,1,1,2,0
1492-2,1,43,ferrones,48,60,1,73,34,0,0,0,12,36,0,0,0,1,1,1,0
1492-2,1,44,ferrones,48,60,1,79,28,0,0,0,12,36,0,0,0,1,1,2,0
1492-2,1,45,ferrones,48,60,1,83,25,0,0,0,12,36,0,1,0,1,1,2,0
1492-2,1,46,ferrones,48,60,1,83,25,0,0,5,12,41,0,0,0,1,1,2,0
1492-2,1,47,ferrones,48,60,1,84,21,0,0,9,7,35,0,0,0,1,1,2,0
1492-2,1,48,ferrones,48,60,1,79,17,0,0,13,7,29,0,0,0,1,1,2,0
1492-2,1,49,ferrones,48,60,1,79,13,0,0,17,7,29,0,0,0,1,1,2,0
1492-2,1,50,ferrones,48,60,1,78,8,0,0,21,7,29,0,0,0,1,1,2,0
1492-2,1,51,ferrones,48,60,1,78,3,0,0,17,7,29,0,0,0,1,1,3,0
1492-2,1,52,ferrones,47,60,1,78,3,0,0,21,7,31,1,0,0,1,1,2,0
1492-2,1,53,ferrones,46,60,1,78,3,0,0,17,10,34,1,0,0,1,1,3,0
1492-2,1,54,ferrones,44,59,1,84,3,0,0,20,11,41,1,0,0,1,1,2,0
1492-2,1,55,ferrones,54,59,1,83,3,0,0,15,11,39,0,0,0,1,1,3,0
1492-2,1,56,ferrones,54,59,1,83,5,0,0,17,12,41,0,0,0,1,1,2,0
1492-2,1,57,ferrones,53,59,1,83,4,0,0,19,8,37,1,0,0,1,1,2,0
1492-2,1,58,ferrones,52,59,1,83,4,0,0,21,8,37,1,0,0,1,1,2,0
1492-2,1,59,ferrones,52,59,1,83,11,0,0,15,17,46,0,0,0,1,1,3,0
1492-2,1,60,ferrones,52,59,1,82,19,0,0,17,18,48,0,0,0,1,1,2,0
1492-2,1,61,ferrones,52,59,1,81,27,0,0,18,18,47,0,0,0,1,1,2,0
1492-2,1,62,ferrones,53,60,1,80,34,0,0,19,18,47,0,0,0,1,1,2,0
1492-2,1,63,ferrones,53,60,1,81,48,0,0,20,26,57,0,0,0,1,1,2,0
1492-2,1,64,ferrones,52,58,1,62,52,0,0,21,26,57,0,0,0,1,1,3,0
1492-2,1,65,ferrones,53,60,1,83,47,0,0,22,20,49,0,0,0,1,1,6,0
1492-2,1,66,ferrones,53,60,1,79,50,0,0,23,20,51,0,0,0,1,1,2,0
1492-2,1,67,ferrones,56,60,1,87,57,0,0,21,20,51,0,0,0,1,1,3,0
1492-2,1,68,ferrones,56,60,1,108,25,0,0,22,20,51,0,0,0,1,1,3,0
1492-2,1,69,ferrones,56,60,1,88,34,0,0,23,20,51,0,0,0,1,1,3,0
1492-2,1,70,ferrones,100,81,2,97,45,0,0,21,20,51,0,0,0,2,1,3,0
1492-2,1,71,ferrones,100,81,2,129,38,0,0,14,10,45,0,0,0,2,1,3,0
1492-2,1,72,ferrones,100,81,2,68,34,0,0,14,10,39,0,0,0,2,1,4,0
1492-2,1,73,ferrones,100,81,2,81,29,0,0,14,10,39,0,0,0,2,1,3,0
1492-2,1,74,ferrones,100,81,2,63,18,0,0,14,10,39,0,1,0,2,1,2,0
1492-2,1,75,ferrones,100,81,2,59,15,0,0,13,13,41,0,0,0,2,1,1,0
1492-2,1,76,ferrones,100,81,2,60,6,0,0,12,13,41,0,0,0,2,1,0,1
1492-2,1,77,ferrones,101,85,2,71,1,0,0,11,17,45,0,1,0,2,1,1,0
1492-2,1,78,ferrones,100,85,2,68,0,0,0,10,17,51,1,0,0,2,1,2,0
1492-2,1,79,ferrones,99,85,2,73,2,0,0,9,17,51,1,0,0,2,1,2,0
1492-2,1,80,ferrones,97,83,2,71,1,0,0,8,17,51,1,0,0,2,1,3,0
1492-2,1,81,ferrones,96,81,2,72,2,0,0,7,16,47,1,0,0,2,1,2,0
1492-2,1,82,ferrones,94,79,2,72,2,0,0,6,16,46,1,0,0,2,1,2,0
1492-2,1,83,ferrones,94,79,2,72,17,0,0,5,32,62,0,0,0,2,1,2,0
1492-2,1,84,ferrones,95,80,2,72,32,0,0,4,33,63,0,0,0,2,1,2,0
1492-2,1,85,ferrones,95,81,2,72,46,0,0,3,33,63,0,0,0,2,1,2,0
1492-2,1,86,ferrones,95,82,2,73,59,0,0,2,33,64,0,0,0,2,1,2,0
1492-2,1,87,ferrones,95,81,2,54,62,0,0,1,33,64,0,0,0,2,1,3,0
1492-2,1,88,ferrones,95,83,2,63,74,0,0,0,33,62,0,0,0,2,1,1,0
1492-2,1,89,ferrones,95,83,2,71,59,0,0,2,20,50,0,0,0,2,1,5,0
1492-2,1,90,ferrones,95,84,2,69,58,0,0,0,21,51,0,0,0,2,1,2,0
1492-2,1,91,ferrones,99,85,2,75,58,0,0,2,21,51,0,0,0,2,1,2,0
1492-2,1,92,ferrones,99,86,2,69,57,0,0,0,21,51,0,0,0,2,1,2,0
1492-2,1,93,ferrones,99,87,2,76,58,0,0,2,21,51,0,0,0,2,1,2,0
1492-2,1,94,ferrones,99,87,2,70,57,0,0,0,21,51,0,0,0,2,1,2,0
1492-2,1,95,ferrones,99,87,2,72,51,0,0,2,13,43,0,0,0,2,1,2,0
1492-2,1,96,ferrones,99,87,2,67,44,0,0,0,13,37,0,0,0,2,1,2,0
1492-2,1,97,ferrones,99,87,2,67,37,0,0,2,13,37,0,0,0,2,1,2,0
1492-2,1,98,ferrones,99,87,2,65,29,0,0,0,13,37,0,0,0,2,1,2,0
1492-2,1,99,ferrones,99,87,2,63,22,0,0,2,13,37,0,0,0,2,1,2,0
1492-2,1,100,ferrones,99,87,2,66,15,0,0,0,13,37,0,0,0,2,1,2,0
1492-2,1,101,ferrones,100,91,2,74,12,0,0,2,18,43,0,0,0,2,1,3,0
1492-2,1,102,ferrones,100,91,2,74,9,0,0,0,18,49,0,0,0,2,1,2,0
1492-2,1,103,ferrones,100,91,2,76,7,0,0,2,18,49,0,0,0,2,1,2,0
1492-2,1,104,ferrones,100,91,2,73,5,0,0,0,18,48,0,0,0,2,1,2,0
1492-2,1,105,ferrones,100,91,2,76,4,0,0,1,18,48,0,0,0,2,1,2,0
1492-2,1,106,ferrones,100,91,2,72,2,0,0,2,18,48,0,0,0,2,1,2,0
1492-2,1,107,ferrones,100,91,2,75,11,0,0,0,28,58,0,0,0,2,1,2,0
1492-2,1,108,ferrones,100,91,2,71,19,0,0,1,28,58,0,0,0,2,1,2,0
1492-2,1,109,ferrones,100,91,2,74,27,0,0,0,28,58,0,0,0,2,1,2,0
1492-2,1,110,ferrones,100,92,2,75,34,0,0,1,28,58,0,0,0,2,1,2,0
1492-2,1,111,ferrones,100,93,2,71,40,0,0,0,28,58,0,0,0,2,1,2,0
1492-2,1,112,ferrones,100,94,2,74,47,0,0,1,28,58,0,0,0,2,1,2,0
1492-2,1,113,ferrones,100,94,2,77,46,0,0,0,21,53,0,0,0,2,1,2,0
1492-2,1,114,ferrones,100,94,2,75,45,0,0,1,21,53,0,0,0,2,1,2,0
1492-2,1,115,ferrones,100,94,2,75,45,0,0,0,21,53,0,0,0,2,1,2,0
1492-2,1,116,ferrones,100,94,2,75,45,0,0,1,21,53,0,0,0,2,1,2,0
1492-2,1,117,ferrones,100,94,2,75,45,0,0,0,21,53,0,0,0,2,1,2,0
1492-2,1,118,ferrones,100,94,2,76,45,0,0,1,21,53,0,0,0,2,1,2,0
1492-2,1,119,ferrones,100,94,2,77,36,0,0,0,12,44,0,0,0,2,1,2,0
1492-2,1,120,ferrones,100,94,2,72,27,0,0,1,12,38,0,0,0,2,1,2,0
1492-2,1,121,ferrones,100,94,2,72,19,0,0,0,12,38,0,0,0,2,1,2,0
1492-2,1,122,ferrones,100,94,2,70,10,0,0,1,12,38,0,0,0,2,1,2,0
1492-2,1,123,ferrones,99,94,2,68,2,0,0,0,12,38,1,0,0,2,1,2,0
1492-2,1,124,ferrones,98,94,2,71,2,0,0,1,12,38,1,0,0,2,1,2,0
1492-2,1,125,ferrones,97,92,2,67,1,0,0,0,17,43,1,0,0,2,1,2,0
1492-2,1,126,ferrones,96,90,2,74,2,0,0,1,17,47,1,0,0,2,1,2,0
1492-2,1,127,ferrones,94,88,2,74,1,0,0,0,17,47,1,0,0,2,1,2,0
1492-2,1,128,ferrones,93,86,2,76,2,0,0,1,16,46,1,0,0,2,1,2,0
1492-2,1,129,ferrones,91,84,2,73,2,0,0,0,16,46,1,0,0,2,1,2,0
1492-2,1,130,ferrones,90,82,2,74,3,0,0,1,14,41,1,0,0,2,1,3,0
1492-2,1,131,ferrones,90,82,2,73,14,0,0,0,29,55,0,0,0,2,1,3,0
1492-2,1,132,ferrones,90,82,2,66,25,0,0,1,29,48,0,0,0,2,1,2,0
1492-2,1,133,ferrones,91,85,2,64,35,0,0,0,29,48,0,0,0,2,1,2,0
1492-2,1,134,ferrones,91,86,2,66,43,0,0,1,29,49,0,0,0,2,1,1,0
1492-2,1,135,ferrones,91,87,2,62,53,0,0,0,33,54,0,0,0,2,1,2,0
1492-2,1,136,ferrones,91,88,2,64,64,0,0,1,33,54,0,0,0,2,1,1,0
1492-2,1,137,ferrones,90,84,2,45,49,0,0,0,19,40,0,0,0,2,1,1,0
1492-2,1,138,ferrones,90,84,2,45,33,0,0,1,19,39,0,0,0,2,1,5,0
1492-2,1,139,ferrones,90,84,2,45,30,0,0,0,19,39,0,0,0,2,1,0,1
1492-2,1,140,ferrones,93,84,2,45,27,0,0,1,19,39,0,0,0,2,1,0,1
1492-2,1,141,ferrones,93,84,2,45,24,0,0,0,19,39,0,0,0,2,1,0,1
1492-2,1,142,ferrones,93,84,2,45,23,0,0,1,20,40,0,0,0,2,1,0,1
1492-2,1,143,ferrones,93,84,2,45,14,0,0,0,12,32,0,0,0,2,1,0,1
1492-2,1,144,ferrones,93,84,2,45,5,0,0,1,12,32,0,0,0,2,1,0,1
1492-2,1,145,ferrones,92,84,2,45,0,0,0,0,12,32,1,0,0,2,1,1,0
1492-2,1,146,ferrones,91,84,2,46,0,0,0,1,12,33,1,0,0,2,1,0,1
1492-2,1,147,ferrones,90,82,2,47,0,0,0,0,12,33,1,0,0,2,1,0,1
1492-2,1,148,ferrones,89,80,2,48,0,0,0,1,12,33,1,0,0,2,1,0,1
1492-2,1,149,ferrones,87,78,2,49,0,0,0,0,16,37,1,0,0,2,1,0,1
1492-2,1,150,ferrones,87,80,2,64,0,0,0,1,15,40,1,0,0,2,1,2,0
1492-2,1,151,ferrones,85,78,2,68,0,0,0,0,15,39,1,0,0,2,1,1,0
1492-2,1,152,ferrones,84,76,2,66,0,0,0,0,15,40,1,0,0,2,1,2,0
1492-2,1,153,ferrones,82,74,2,65,1,0,0,0,13,37,1,0,0,2,1,2,0
1492-2,1,154,ferrones,81,72,2,64,1,0,0,0,13,37,1,0,0,2,1,2,0
1492-2,1,155,ferrones,81,72,2,68,11,0,0,0,27,51,0,0,0,2,1,2,0
1492-2,1,156,ferrones,81,72,2,62,20,0,0,0,27,47,0,0,0,2,1,2,0
1492-2,1,157,ferrones,37,52,1,62,29,0,0,0,22,41,0,0,0,2,1,1,0
1492-2,1,158,ferrones,37,54,1,70,37,0,0,0,22,41,0,0,0,2,1,0,1
1492-2,1,159,ferrones,38,56,1,68,47,0,0,0,24,44,0,0,0,2,1,2,0
1492-2,1,160,ferrones,37,54,1,54,48,0,0,0,24,44,0,0,0,2,1,3,0
1492-2,1,161,ferrones,38,56,1,63,36,0,0,0,15,35,0,0,0,2,1,6,0
1492-2,1,162,ferrones,38,58,1,71,36,0,0,0,15,35,0,0,0,2,1,0,1
1492-2,1,163,ferrones,42,60,1,69,36,0,0,0,15,35,0,0,0,2,1,2,0
1492-2,1,164,ferrones,42,60,1,76,37,0,0,0,15,36,0,0,0,2,1,2,0
1492-2,1,165,ferrones,42,60,1,71,37,0,0,0,15,36,0,0,0,2,1,2,0
1492-2,1,166,ferrones,42,60,1,74,39,0,0,0,15,36,0,0,0,2,1,2,0
1492-2,1,167,ferrones,42,60,1,76,34,0,0,0,9,30,0,0,0,2,1,2,0
1492-2,1,168,ferrones,42,60,1,73,29,0,0,0,9,30,0,0,0,2,1,2,0
1492-2,1,169,ferrones,42,60,1,76,26,0,0,0,9,30,0,0,0,2,1,2,0
1492-2,1,170,ferrones,42,60,1,73,22,0,0,0,9,30,0,0,0,2,1,2,0
1492-2,1,171,ferrones,42,60,1,76,19,0,0,0,9,30,0,0,0,2,1,2,0
1492-2,1,172,ferrones,42,60,1,72,15,0,0,0,9,30,0,0,0,2,1,2,0
1492-2,1,173,ferrones,42,64,1,85,15,0,0,0,12,33,0,0,0,2,1,3,0
1492-2,1,174,ferrones,42,64,1,80,13,0,0,0,12,37,0,0,0,2,1,2,0
1492-2,1,175,ferrones,42,64,1,78,13,0,0,0,12,37,0,0,0,2,1,2,0
1492-2,1,176,ferrones,42,64,1,81,13,0,0,0,12,37,0,0,0,2,1,2,0
1492-2,1,177,ferrones,42,64,1,78,12,0,0,0,12,37,0,0,0,2,1,2,0
1492-2,1,178,ferrones,42,64,1,81,12,0,0,0,12,37,0,0,0,2,1,2,0
1492-2,1,179,ferrones,42,64,1,79,19,0,0,0,20,45,0,0,0,2,1,2,0
1492-2,1,180,ferrones,42,64,1,84,27,0,0,0,20,45,0,0,0,2,1,2,0
1492-2,1,181,ferrones,42,64,1,82,33,0,0,0,20,45,0,0,0,2,1,2,0
1492-2,1,182,ferrones,42,64,1,81,40,0,0,0,20,45,0,0,0,2,1,2,0
1492-2,1,183,ferrones,42,64,1,80,47,0,0,0,20,45,0,0,0,2,1,2,0
1492-2,1,184,ferrones,42,60,1,59,44,0,0,0,20,45,0,0,0,2,1,3,0
1492-2,1,185,ferrones,42,60,1,78,34,0,0,0,15,40,0,0,0,2,1,6,0
1492-2,1,186,ferrones,42,60,1,76,33,0,0,0,15,40,0,0,0,2,1,2,0
1492-2,1,187,ferrones,45,60,1,78,35,0,0,0,15,40,0,0,0,2,1,2,0
1492-2,1,188,ferrones,45,60,1,80,37,0,0,0,15,40,0,0,0,2,1,2,0
1492-2,1,189,ferrones,45,60,1,77,39,0,0,0,15,40,0,0,0,2,1,2,0
1492-2,1,190,ferrones,45,60,1,80,42,0,0,0,15,40,0,0,0,2,1,2,0
1492-2,1,191,ferrones,45,60,1,77,38,0,0,0,9,34,0,0,0,2,1,2,0
1492-2,1,192,ferrones,45,60,1,76,35,0,0,0,9,30,0,0,0,2,1,2,0
1492-2,1,193,ferrones,45,60,1,74,31,0,0,0,9,30,0,0,0,2,1,2,0
1492-2,1,194,ferrones,45,60,1,77,27,0,0,0,9,30,0,0,0,2,1,2,0
1492-2,1,195,ferrones,45,60,1,74,23,0,0,0,9,30,0,0,0,2,1,2,0
1492-2,1,196,ferrones,45,60,1,78,20,0,0,0,9,30,0,0,0,2,1,2,0
1492-2,1,197,ferrones,45,64,1,85,19,0,0,0,12,33,0,0,0,2,1,3,0
1492-2,1,198,ferrones,45,64,1,83,18,0,0,0,12,37,0,0,0,2,1,2,0
1492-2,1,199,ferrones,45,64,1,82,18,0,0,0,12,37,0,0,0,2,1,2,0
1492-2,1,200,ferrones,45,64,1,81,18,0,0,0,12,37,0,0,0,2,1,2,0
1492-2,1,1,hortelanos,40,86,1,34,76,0,0,0,31,49,0,0,0,0,1,4,0
1492-2,1,2,hortelanos,39,82,1,18,62,0,0,0,31,39,0,0,0,0,1,7,0
1492-2,1,3,hortelanos,102,82,1,22,69,0,0,0,31,39,0,0,0,1,1,0,1
1492-2,1,4,hortelanos,101,78,1,6,66,0,0,0,31,39,0,0,0,1,1,1,0
1492-2,1,5,hortelanos,101,78,1,9,79,0,0,0,37,44,0,1,0,1,1,0,1
1492-2,1,6,hortelanos,101,78,1,27,86,0,0,0,37,59,0,0,0,1,1,6,0
1492-2,1,7,hortelanos,169,78,1,45,100,0,0,0,37,59,0,0,0,2,1,0,1
1492-2,1,8,hortelanos,169,78,1,63,114,0,0,0,37,59,0,0,0,2,1,0,1
1492-2,1,9,hortelanos,169,78,1,81,127,0,0,0,37,59,0,0,0,2,1,0,1
1492-2,1,10,hortelanos,169,78,1,84,131,0,0,0,37,59,0,0,0,2,1,7,0
1492-2,1,11,hortelanos,172,78,1,85,167,0,0,0,61,83,0,0,0,2,1,2,0
1492-2,1,12,hortelanos,172,78,1,88,194,0,0,0,61,83,0,0,0,2,1,3,0
1492-2,1,13,hortelanos,172,78,1,105,220,0,0,0,61,83,0,0,0,2,1,3,0
1492-2,1,14,hortelanos,172,78,1,114,246,0,0,0,61,83,0,0,0,2,1,3,0
1492-2,1,15,hortelanos,172,78,1,123,271,0,0,0,61,83,0,0,0,2,1,3,0
1492-2,1,16,hortelanos,172,78,1,120,295,0,0,0,61,83,0,0,0,2,1,3,0
1492-2,1,17,hortelanos,172,78,1,102,285,0,0,0,43,65,0,0,0,2,1,13,0
1492-2,1,18,hortelanos,172,78,1,97,291,0,0,0,43,65,0,0,0,2,1,3,0
1492-2,1,19,hortelanos,175,78,1,103,296,0,0,0,43,65,0,1,0,2,1,3,0
1492-2,1,20,hortelanos,175,78,1,105,303,0,0,0,43,65,0,0,0,2,1,3,0
1492-2,1,21,hortelanos,175,78,1,135,297,0,0,0,43,65,0,0,0,2,1,8,0
1492-2,1,22,hortelanos,175,78,1,102,306,0,0,0,43,65,0,0,0,2,1,3,0
1492-2,1,23,hortelanos,175,78,1,106,311,0,0,0,43,65,0,0,0,2,1,3,0
1492-2,1,24,hortelanos,175,78,1,100,316,0,0,0,43,58,0,0,0,2,1,3,0
1492-2,1,25,hortelanos,176,82,1,104,322,0,0,0,43,58,0,0,0,2,1,4,0
1492-2,1,26,hortelanos,175,78,1,80,302,0,0,0,43,59,0,0,0,2,1,9,0
1492-2,1,27,hortelanos,175,78,1,94,291,0,0,0,43,58,0,0,0,2,1,8,0
1492-2,1,28,hortelanos,175,78,1,96,296,0,0,0,43,58,0,0,0,2,1,3,0
1492-2,1,29,hortelanos,178,78,1,98,301,0,0,0,43,58,0,0,0,2,1,3,0
1492-2,1,30,hortelanos,178,78,1,107,293,0,0,0,43,65,0,0,0,2,1,8,0
1492-2,1,31,hortelanos,178,78,1,106,299,0,0,0,43,65,0,0,0,2,1,3,0
1492-2,1,32,hortelanos,178,78,1,106,305,0,0,0,43,65,0,0,0,2,1,3,0
1492-2,1,33,hortelanos,178,78,1,107,299,0,0,0,43,65,0,0,0,2,1,8,0
1492-2,1,34,hortelanos,181,78,1,108,305,0,0,0,43,65,0,0,0,2,1,3,0
1492-2,1,35,hortelanos,181,78,1,109,310,0,0,0,43,65,0,0,0,2,1,3,0
1492-2,1,36,hortelanos,181,78,1,109,315,0,0,0,43,65,0,0,0,2,1,3,0
1492-2,1,37,hortelanos,181,78,1,109,320,0,0,0,43,65,0,0,0,2,1,3,0
1492-2,1,38,hortelanos,181,78,1,109,325,0,0,0,43,65,0,0,0,2,1,3,0
1492-2,1,39,hortelanos,181,78,1,109,330,0,0,0,43,65,0,0,0,2,1,3,0
1492-2,1,40,hortelanos,182,82,1,120,341,0,0,0,43,65,0,0,0,2,1,4,0
1492-2,1,41,hortelanos,181,78,1,83,336,0,0,0,43,67,0,0,0,2,1,4,0
1492-2,1,42,hortelanos,181,78,1,105,313,0,0,0,43,65,0,0,0,2,1,13,0
1492-2,1,43,hortelanos,181,78,1,76,280,0,0,0,43,65,0,0,0,2,1,4,0
1492-2,1,44,hortelanos,184,78,1,109,283,0,0,0,43,65,0,0,0,2,1,3,0
1492-2,1,45,hortelanos,234,125,2,107,289,0,0,0,43,65,0,0,0,3,1,3,0
1492-2,1,46,hortelanos,234,127,2,96,283,0,0,0,43,73,0,0,0,3,1,4,0
1492-2,1,47,hortelanos,234,129,2,89,265,0,0,0,43,73,0,0,0,3,1,9,0
1492-2,1,48,hortelanos,235,131,2,95,256,0,0,0,43,68,0,1,0,3,1,4,0
1492-2,1,49,hortelanos,235,133,2,91,258,0,0,0,52,77,0,1,0,3,1,3,0
1492-2,1,50,hortelanos,236,135,2,97,256,0,0,0,61,86,0,0,0,3,1,9,0
1492-2,1,51,hortelanos,236,137,2,94,252,0,0,0,61,86,0,0,0,3,1,9,0
1492-2,1,52,hortelanos,239,139,2,98,258,0,0,0,61,86,0,2,0,3,1,3,0
1492-2,1,53,hortelanos,240,142,2,94,268,0,0,0,61,88,0,0,0,3,1,3,0
1492-2,1,54,hortelanos,241,145,2,107,275,0,0,0,61,95,0,1,0,3,1,3,0
1492-2,1,55,hortelanos,241,148,2,121,282,0,0,0,61,98,0,0,0,3,1,3,0
1492-2,1,56,hortelanos,242,151,2,126,266,0,0,0,61,100,0,0,0,3,1,13,0
1492-2,1,57,hortelanos,245,154,2,80,235,0,0,0,61,100,0,0,0,3,1,6,0
1492-2,1,58,hortelanos,246,157,2,117,252,0,1,0,73,112,0,0,0,3,1,3,0
1492-2,1,59,hortelanos,307,212,3,123,269,0,1,0,73,112,0,0,0,4,1,3,0
1492-2,1,60,hortelanos,308,218,3,106,264,0,0,0,73,124,0,0,0,4,1,11,0
1492-2,1,61,hortelanos,312,224,3,121,265,0,1,0,73,124,0,1,0,4,1,5,0
1492-2,1,62,hortelanos,313,226,3,105,280,0,1,0,88,141,0,1,0,4,1,6,0
1492-2,1,63,hortelanos,313,228,3,131,307,0,2,0,103,156,0,1,0,4,1,5,0
1492-2,1,64,hortelanos,313,228,3,144,352,0,2,0,118,173,0,0,0,4,1,4,0
1492-2,1,65,hortelanos,313,228,3,97,343,0,2,0,101,156,0,0,0,4,1,4,0
1492-2,1,66,hortelanos,313,228,3,126,365,0,2,0,101,156,0,0,0,4,1,3,0
1492-2,1,67,hortelanos,342,274,4,132,393,0,2,0,101,156,0,0,0,4,1,4,0
1492-2,1,68,hortelanos,342,272,4,81,358,0,2,0,101,164,0,0,0,4,1,7,0
1492-2,1,69,hortelanos,342,274,4,104,361,0,2,0,101,164,0,1,0,4,1,9,0
1492-2,1,70,hortelanos,374,333,5,80,343,0,2,0,105,168,0,1,0,4,1,6,0
1492-2,1,71,hortelanos,378,337,5,119,342,0,2,0,98,171,0,0,0,4,1,4,0
1492-2,1,72,hortelanos,405,371,6,111,343,0,2,0,98,166,0,0,0,4,1,4,0
1492-2,1,73,hortelanos,405,374,6,86,296,0,2,0,98,174,0,0,0,4,1,8,0
1492-2,1,74,hortelanos,406,377,6,111,287,0,2,0,98,174,0,0,0,4,1,4,0
1492-2,1,75,hortelanos,433,412,7,99,275,0,2,0,98,174,0,1,0,4,1,4,0
1492-2,1,76,hortelanos,433,412,7,111,258,0,2,0,98,180,0,0,0,4,1,6,0
1492-2,1,77,hortelanos,434,416,7,112,241,0,2,0,104,186,0,1,0,4,1,9,0
1492-2,1,78,hortelanos,435,420,7,106,236,0,2,0,107,196,0,0,0,4,1,4,0
1492-2,1,79,hortelanos,438,422,7,117,228,0,2,0,107,198,0,1,0,4,1,5,0
1492-2,1,80,hortelanos,438,424,7,138,225,0,2,0,111,202,0,0,0,4,1,4,0
1492-2,1,81,hortelanos,439,426,7,118,222,0,2,0,111,202,0,0,0,4,1,4,0
1492-2,1,82,hortelanos,439,429,7,129,222,0,2,0,111,204,0,0,0,4,1,3,0
1492-2,1,83,hortelanos,440,432,7,157,242,0,2,0,134,227,0,1,0,4,1,4,0
1492-2,1,84,hortelanos,442,440,7,197,265,0,2,0,137,232,0,0,0,4,1,4,0
1492-2,1,85,hortelanos,442,440,7,207,275,0,2,0,137,232,0,0,0,4,1,4,0
1492-2,1,86,hortelanos,442,444,7,227,283,0,0,0,137,232,0,0,0,4,1,8,0
1492-2,1,87,hortelanos,443,448,7,199,298,0,0,0,137,236,0,1,0,4,1,5,0
1492-2,1,88,hortelanos,444,452,7,192,308,0,2,0,137,236,0,0,0,4,1,5,0
1492-2,1,89,hortelanos,445,456,7,227,301,0,4,0,120,219,0,0,0,4,1,4,0
1492-2,1,90,hortelanos,449,460,7,229,296,0,4,0,120,219,0,0,0,4,1,4,0
1492-2,1,91,hortelanos,449,464,7,249,289,0,4,0,120,219,0,1,0,4,1,5,0
1492-2,1,92,hortelanos,449,464,7,293,286,0,4,0,123,226,0,0,0,4,1,3,0
1492-2,1,93,hortelanos,449,464,7,281,286,0,4,0,123,226,0,0,0,4,1,4,0
1492-2,1,94,hortelanos,449,464,7,301,286,0,4,0,123,226,0,0,0,4,1,4,0
1492-2,1,95,hortelanos,449,464,7,339,272,0,4,0,111,214,0,0,0,4,1,4,0
1492-2,1,96,hortelanos,449,464,7,370,247,0,4,0,111,207,0,1,0,4,1,9,0
1492-2,1,97,hortelanos,452,464,7,340,240,0,4,0,114,210,0,0,0,4,1,3,0
1492-2,1,98,hortelanos,452,464,7,300,231,0,4,0,114,210,0,0,0,4,1,6,0
1492-2,1,99,hortelanos,452,464,7,316,219,0,4,0,114,210,0,0,0,4,1,5,0
1492-2,1,100,hortelanos,452,464,7,333,208,0,4,0,114,210,0,1,0,4,1,4,0
1492-2,1,101,hortelanos,452,464,7,332,205,0,4,0,120,216,0,0,0,4,1,4,0
1492-2,1,102,hortelanos,452,464,7,306,200,0,4,0,120,223,0,1,0,4,1,5,0
1492-2,1,103,hortelanos,452,464,7,351,201,0,4,0,124,227,0,0,0,4,1,4,0
1492-2,1,104,hortelanos,452,464,7,380,205,0,4,0,124,227,0,0,0,4,1,3,0
1492-2,1,105,hortelanos,452,464,7,398,207,0,4,0,124,227,0,1,0,4,1,5,0
1492-2,1,106,hortelanos,452,464,7,372,208,0,4,0,124,227,0,0,0,4,1,4,0
1492-2,1,107,hortelanos,452,464,7,396,217,0,4,0,133,236,0,0,0,4,1,5,0
1492-2,1,108,hortelanos,452,464,7,420,226,0,4,0,133,236,0,0,0,4,1,4,0
1492-2,1,109,hortelanos,452,464,7,444,235,0,4,0,133,236,0,0,0,4,1,4,0
1492-2,1,110,hortelanos,452,464,7,439,243,0,4,0,133,236,0,0,0,4,1,3,0
1492-2,1,111,hortelanos,452,464,7,467,243,0,3,0,133,236,0,0,0,4,1,8,0
1492-2,1,112,hortelanos,455,464,7,505,252,0,3,0,133,236,0,1,0,4,1,5,0
1492-2,1,113,hortelanos,455,464,7,543,268,0,3,0,139,242,0,0,0,4,1,3,0
1492-2,1,114,hortelanos,455,464,7,551,245,0,3,0,139,242,0,0,0,4,1,4,0
1492-2,1,115,hortelanos,455,464,7,521,250,0,3,0,139,242,0,0,0,4,1,9,0
1492-2,1,116,hortelanos,483,500,8,558,265,0,3,0,139,242,0,1,0,4,1,4,0
1492-2,1,117,hortelanos,486,501,8,590,277,0,3,0,144,253,0,0,0,4,1,4,0
1492-2,1,118,hortelanos,486,502,8,592,250,0,3,0,144,253,0,0,0,4,1,4,0
1492-2,1,119,hortelanos,486,503,8,558,248,0,3,0,129,238,0,0,0,4,1,4,0
1492-2,1,120,hortelanos,513,538,9,585,244,0,3,0,129,231,0,0,0,4,1,5,0
1492-2,1,121,hortelanos,513,538,9,605,232,0,3,0,129,237,0,1,0,4,1,4,0
1492-2,1,122,hortelanos,514,540,9,575,231,0,3,0,138,246,0,0,0,4,1,4,0
1492-2,1,123,hortelanos,514,543,9,549,191,0,3,0,138,248,0,0,0,4,1,4,0
1492-2,1,124,hortelanos,515,546,9,570,189,0,3,0,138,248,0,0,0,4,1,5,0
1492-2,1,125,hortelanos,544,591,10,591,194,0,3,0,146,256,0,1,0,4,1,3,0
1492-2,1,126,hortelanos,545,596,10,604,199,0,3,0,156,281,0,0,0,4,1,4,0
1492-2,1,127,hortelanos,547,605,10,566,202,0,3,0,156,281,0,1,0,4,1,7,0
1492-2,1,128,hortelanos,548,611,10,577,200,0,3,0,156,283,0,0,0,4,1,5,0
1492-2,1,129,hortelanos,549,617,10,592,197,0,3,0,156,287,0,0,0,4,1,5,0
1492-2,1,130,hortelanos,549,619,10,587,193,0,3,0,156,281,0,0,0,4,1,4,0
1492-2,1,131,hortelanos,551,625,10,550,216,0,3,0,186,311,0,1,0,4,1,5,0
1492-2,1,132,hortelanos,552,631,10,584,241,0,3,0,190,315,0,0,0,4,1,3,0
1492-2,1,133,hortelanos,553,637,10,611,268,0,3,0,190,315,0,0,0,4,1,3,0
1492-2,1,134,hortelanos,554,640,10,593,253,0,3,0,190,318,0,0,0,4,1,4,0
1492-2,1,135,hortelanos,554,642,10,575,274,0,3,0,190,320,0,1,0,4,1,5,0
1492-2,1,136,hortelanos,580,670,11,606,300,0,3,0,194,324,0,0,0,4,1,3,0
1492-2,1,137,hortelanos,580,670,11,630,291,0,3,0,165,299,0,0,0,4,1,4,0
1492-2,1,138,hortelanos,580,670,11,646,282,0,3,0,165,299,0,0,0,4,1,4,0
1492-2,1,139,hortelanos,580,670,11,647,271,0,3,0,165,291,0,1,0,4,1,4,0
1492-2,1,140,hortelanos,580,670,11,654,260,0,3,0,165,291,0,0,0,4,1,4,0
1492-2,1,141,hortelanos,580,670,11,661,249,0,3,0,165,291,0,0,0,4,1,4,0
1492-2,1,142,hortelanos,580,670,11,650,239,0,3,0,165,291,0,0,0,4,1,5,0
1492-2,1,143,hortelanos,580,670,11,661,218,0,3,0,156,286,0,0,0,4,1,5,0
1492-2,1,144,hortelanos,580,670,11,636,199,0,3,0,157,280,0,1,0,4,1,5,0
1492-2,1,145,hortelanos,580,670,11,655,189,0,3,0,160,283,0,0,0,4,1,4,0
1492-2,1,146,hortelanos,580,670,11,655,179,0,3,0,160,283,0,0,0,4,1,3,0
1492-2,1,147,hortelanos,580,670,11,673,168,0,3,0,160,283,0,0,0,4,1,5,0
1492-2,1,148,hortelanos,580,670,11,645,157,0,3,0,160,287,0,1,0,4,1,3,0
1492-2,1,149,hortelanos,580,673,11,657,160,0,3,0,172,299,0,0,0,4,1,4,0
1492-2,1,150,hortelanos,581,676,11,665,160,0,3,0,172,306,0,1,0,4,1,5,0
1492-2,1,151,hortelanos,581,677,11,681,158,0,3,0,172,307,0,0,0,4,1,5,0
1492-2,1,152,hortelanos,581,678,11,643,186,0,3,0,203,338,0,0,0,4,1,4,0
1492-2,1,153,hortelanos,581,679,11,639,213,0,3,0,203,340,0,0,0,4,1,5,0
1492-2,1,154,hortelanos,582,680,11,622,198,0,3,0,203,336,0,1,0,4,1,6,0
1492-2,1,155,hortelanos,582,681,11,656,261,0,3,0,242,375,0,0,0,4,1,4,0
1492-2,1,156,hortelanos,613,739,12,633,324,0,3,0,242,375,0,0,0,4,1,3,0
1492-2,1,157,hortelanos,614,742,12,640,372,0,3,0,243,386,0,0,0,4,1,4,0
1492-2,1,158,hortelanos,614,744,12,664,415,0,3,0,243,386,0,1,0,4,1,4,0
1492-2,1,159,hortelanos,614,741,12,640,421,0,3,0,255,400,0,0,0,4,1,5,0
1492-2,1,160,hortelanos,614,742,12,666,463,0,2,0,255,400,0,0,0,4,1,9,0
1492-2,1,161,hortelanos,640,774,13,628,490,0,2,0,228,375,0,0,0,4,1,4,0
1492-2,1,162,hortelanos,644,776,13,602,507,0,2,0,228,381,0,1,0,4,1,6,0
1492-2,1,163,hortelanos,644,779,13,597,498,0,2,0,241,395,0,0,0,4,1,4,0
1492-2,1,164,hortelanos,645,782,13,562,528,0,2,0,241,395,0,0,0,4,1,4,0
1492-2,1,165,hortelanos,674,827,14,567,554,0,2,0,241,395,0,1,0,4,1,6,0
1492-2,1,166,hortelanos,675,832,14,571,567,0,2,0,241,403,0,0,0,4,1,5,0
1492-2,1,167,hortelanos,676,837,14,545,522,0,2,0,223,385,0,0,0,4,1,5,0
1492-2,1,168,hortelanos,677,842,14,476,503,0,2,0,223,380,0,0,0,4,1,10,0
1492-2,1,169,hortelanos,711,912,15,475,495,0,2,0,223,380,0,0,0,4,1,6,0
1492-2,1,170,hortelanos,711,912,15,496,470,0,2,0,223,394,0,1,0,4,1,4,0
1492-2,1,171,hortelanos,711,912,15,461,454,0,2,0,226,397,0,0,0,4,1,4,0
1492-2,1,172,hortelanos,711,912,15,458,438,0,2,0,226,397,0,0,0,4,1,4,0
1492-2,1,173,hortelanos,715,917,15,473,430,0,2,0,235,406,0,0,0,4,1,4,0
1492-2,1,174,hortelanos,716,922,15,497,421,0,2,0,235,415,0,1,0,4,1,4,0
1492-2,1,175,hortelanos,717,928,15,470,417,0,2,0,239,414,0,0,0,4,1,3,0
1492-2,1,176,hortelanos,718,934,15,482,412,0,2,0,239,414,0,0,0,4,1,4,0
1492-2,1,177,hortelanos,719,938,15,484,404,0,2,0,239,415,0,1,0,4,1,5,0
1492-2,1,178,hortelanos,720,942,15,494,394,0,2,0,239,415,0,0,0,4,1,4,0
1492-2,1,179,hortelanos,720,944,15,456,398,0,2,0,254,431,0,0,0,4,1,4,0
1492-2,1,180,hortelanos,721,946,15,451,401,0,2,0,254,433,0,0,0,4,1,4,0
1492-2,1,181,hortelanos,722,952,15,474,402,0,2,0,254,433,0,1,0,4,1,6,0
1492-2,1,182,hortelanos,722,954,15,508,414,0,2,0,266,445,0,0,0,4,1,3,0
1492-2,1,183,hortelanos,723,956,15,536,429,0,2,0,266,445,0,0,0,4,1,3,0
1492-2,1,184,hortelanos,723,958,15,546,442,0,2,0,266,445,0,0,0,4,1,3,0
1492-2,1,185,hortelanos,723,958,15,575,447,0,2,0,260,441,0,1,0,4,1,5,0
1492-2,1,186,hortelanos,723,958,15,608,466,0,2,0,273,458,0,0,0,4,1,4,0
1492-2,1,187,hortelanos,723,958,15,574,484,0,2,0,273,448,0,0,0,4,1,4,0
1492-2,1,188,hortelanos,723,958,15,580,500,0,2,0,273,448,0,1,0,4,1,6,0
1492-2,1,189,hortelanos,722,954,15,572,505,0,2,0,273,448,0,0,0,4,1,5,0
1492-2,1,190,hortelanos,722,954,15,582,506,0,2,0,273,446,0,0,0,4,1,9,0
1492-2,1,191,hortelanos,722,954,15,524,500,0,2,0,255,428,0,0,0,4,1,4,0
1492-2,1,192,hortelanos,722,954,15,528,496,0,2,0,255,422,0,0,0,4,1,6,0
1492-2,1,193,hortelanos,725,954,15,552,492,0,2,0,255,422,0,1,0,4,1,3,0
1492-2,1,194,hortelanos,725,954,15,540,466,0,2,0,267,434,0,0,0,4,1,5,0
1492-2,1,195,hortelanos,725,954,15,495,480,0,2,0,267,439,0,0,0,4,1,3,0
1492-2,1,196,hortelanos,757,1011,16,468,491,0,2,0,267,439,0,0,0,4,1,5,0
1492-2,1,197,hortelanos,757,1013,16,486,497,0,2,0,276,458,0,1,0,4,1,5,0
1492-2,1,198,hortelanos,757,1014,16,500,516,0,2,0,289,477,0,0,0,4,1,3,0
1492-2,1,199,hortelanos,757,1014,16,458,532,0,2,0,289,479,0,1,0,4,1,5,0
1492-2,1,200,hortelanos,757,1014,16,472,539,0,2,0,289,479,0,0,0,4,1,10,0
1492-2,1,1,mercaderes,46,116,1,458,51,0,0,0,13,45,0,0,0,0,1,4,0
1492-2,1,2,mercaderes,46,116,1,420,32,0,0,0,13,32,0,0,0,0,1,4,0
1492-2,1,3,mercaderes,46,116,1,399,21,0,0,0,13,32,0,1,0,0,1,3,0
1492-2,1,4,mercaderes,46,116,1,377,12,0,0,0,13,32,0,0,0,0,1,3,0
1492-2,1,5,mercaderes,46,116,1,313,8,0,0,0,18,37,0,0,0,0,1,4,0
1492-2,1,6,mercaderes,45,116,1,273,4,0,2,0,18,48,1,0,0,0,1,4,0
1492-2,1,7,mercaderes,44,116,1,275,4,0,4,0,18,48,1,0,0,0,1,3,0
1492-2,1,8,mercaderes,42,113,1,263,7,0,4,0,18,48,1,0,0,0,1,3,0
1492-2,1,9,mercaderes,41,110,1,253,7,0,4,0,18,48,1,0,0,0,1,3,0
1492-2,1,10,mercaderes,39,107,1,243,7,0,4,0,18,48,1,0,0,0,1,3,0
1492-2,1,11,mercaderes,39,107,1,231,24,0,3,0,36,64,0,0,0,0,1,3,0
1492-2,1,12,mercaderes,39,107,1,218,41,0,2,0,36,64,0,0,0,0,1,3,0
1492-2,1,13,mercaderes,39,107,1,205,57,0,0,0,36,64,0,0,0,0,1,3,0
1492-2,1,14,mercaderes,39,107,1,150,72,0,0,0,36,64,0,0,0,0,1,4,0
1492-2,1,15,mercaderes,38,103,1,112,74,0,2,0,36,64,0,0,0,0,1,5,0
1492-2,1,16,mercaderes,37,99,1,94,72,0,0,0,36,64,0,0,0,0,1,9,0
1492-2,1,17,mercaderes,50,95,1,76,65,0,0,0,22,48,0,0,0,1,1,4,0
1492-2,1,18,mercaderes,49,91,1,72,59,0,0,0,22,48,0,0,0,1,1,3,0
1492-2,1,19,mercaderes,49,91,1,89,62,0,0,0,22,48,0,0,0,1,1,2,0
1492-2,1,20,mercaderes,49,91,1,91,58,0,0,0,22,48,0,0,0,1,1,7,0
1492-2,1,21,mercaderes,52,91,1,97,63,0,0,0,22,48,0,0,0,1,1,2,0
1492-2,1,22,mercaderes,52,91,1,93,68,0,0,0,22,48,0,0,0,1,1,3,0
1492-2,1,23,mercaderes,52,91,1,91,64,0,0,0,13,39,0,0,0,1,1,3,0
1492-2,1,24,mercaderes,52,91,1,93,53,0,0,0,13,30,0,0,0,1,1,7,0
1492-2,1,25,mercaderes,55,91,1,81,50,0,0,0,13,30,0,0,0,1,1,3,0
1492-2,1,26,mercaderes,55,91,1,86,47,0,0,0,13,30,0,0,0,1,1,2,0
1492-2,1,27,mercaderes,55,91,1,81,43,0,0,0,13,30,0,0,0,1,1,2,0
1492-2,1,28,mercaderes,55,91,1,81,40,0,0,0,13,30,0,0,0,1,1,2,0
1492-2,1,29,mercaderes,55,91,1,86,41,0,0,0,18,35,0,0,0,1,1,2,0
1492-2,1,30,mercaderes,55,91,1,88,40,0,0,0,18,44,0,0,0,1,1,3,0
1492-2,1,31,mercaderes,55,91,1,93,39,0,0,0,18,44,0,0,0,1,1,3,0
1492-2,1,32,mercaderes,55,91,1,98,38,0,0,0,18,44,0,0,0,1,1,3,0
1492-2,1,33,mercaderes,55,91,1,95,37,0,0,0,18,44,0,0,0,1,1,3,0
1492-2,1,34,mercaderes,55,91,1,94,36,0,0,0,18,44,0,0,0,1,1,3,0
1492-2,1,35,mercaderes,55,91,1,93,52,0,0,0,36,62,0,0,0,1,1,3,0
1492-2,1,36,mercaderes,55,91,1,93,68,0,0,0,36,62,0,0,0,1,1,3,0
1492-2,1,37,mercaderes,55,91,1,92,83,0,0,0,36,62,0,0,0,1,1,3,0
1492-2,1,38,mercaderes,70,91,1,101,98,0,0,0,36,62,0,0,0,2,1,3,0
1492-2,1,39,mercaderes,70,91,1,97,112,0,0,0,36,62,0,0,0,2,1,3,0
1492-2,1,40,mercaderes,70,91,1,96,125,0,0,0,36,62,0,0,0,2,1,3,0
1492-2,1,41,mercaderes,70,91,1,95,112,0,0,0,22,48,0,0,0,2,1,8,0
1492-2,1,42,mercaderes,70,91,1,93,115,0,0,0,22,48,0,0,0,2,1,3,0
1492-2,1,43,mercaderes,73,91,1,91,118,0,0,0,22,48,0,0,0,2,1,3,0
1492-2,1,44,mercaderes,73,91,1,101,121,0,0,0,22,48,0,0,0,2,1,2,0
1492-2,1,45,mercaderes,73,91,1,98,124,0,0,0,22,48,0,0,0,2,1,3,0
1492-2,1,46,mercaderes,73,91,1,98,127,0,0,0,22,48,0,0,0,2,1,3,0
1492-2,1,47,mercaderes,73,91,1,97,108,0,0,0,13,39,0,0,0,2,1,8,0
1492-2,1,48,mercaderes,73,91,1,87,103,0,0,0,13,30,0,0,0,2,1,3,0
1492-2,1,49,mercaderes,76,91,1,86,98,0,0,0,13,30,0,0,0,2,1,2,0
1492-2,1,50,mercaderes,76,91,1,82,93,0,0,0,13,30,0,0,0,2,1,2,0
1492-2,1,51,mercaderes,76,91,1,84,88,0,0,0,13,30,0,0,0,2,1,2,0
1492-2,1,52,mercaderes,76,91,1,80,82,0,0,0,13,30,0,0,0,2,1,2,0
1492-2,1,53,mercaderes,76,91,1,88,71,0,0,0,18,35,0,0,0,2,1,7,0
1492-2,1,54,mercaderes,76,91,1,91,69,0,0,0,18,44,0,0,0,2,1,3,0
1492-2,1,55,mercaderes,79,91,1,97,67,0,0,0,18,44,0,0,0,2,1,3,0
1492-2,1,56,mercaderes,79,91,1,93,65,0,0,0,18,44,0,0,0,2,1,3,0
1492-2,1,57,mercaderes,79,91,1,92,63,0,0,0,18,44,0,0,0,2,1,3,0
1492-2,1,58,mercaderes,79,91,1,100,50,0,0,0,18,44,0,0,0,2,1,8,0
1492-2,1,59,mercaderes,82,91,1,95,66,0,0,0,36,62,0,0,0,2,1,3,0
1492-2,1,60,mercaderes,82,91,1,93,81,0,0,0,36,62,0,0,0,2,1,3,0
1492-2,1,61,mercaderes,82,91,1,91,96,0,0,0,36,62,0,0,0,2,1,3,0
1492-2,1,62,mercaderes,82,91,1,101,110,0,0,0,36,62,0,0,0,2,1,3,0
1492-2,1,63,mercaderes,82,91,1,97,124,0,0,0,36,62,0,0,0,2,1,3,0
1492-2,1,64,mercaderes,82,91,1,96,137,0,0,0,36,62,0,0,0,2,1,3,0
1492-2,1,65,mercaderes,83,95,1,104,143,0,0,0,22,48,0,0,0,2,1,4,0
1492-2,1,66,mercaderes,82,91,1,72,128,0,0,0,22,48,0,0,0,2,1,4,0
1492-2,1,67,mercaderes,82,91,1,97,111,0,0,0,22,48,0,0,0,2,1,7,0
1492-2,1,68,mercaderes,82,91,1,89,110,0,0,0,22,48,0,0,0,2,1,3,0
1492-2,1,69,mercaderes,85,91,1,98,113,0,0,0,22,48,0,0,0,2,1,2,0
1492-2,1,70,mercaderes,85,91,1,94,116,0,0,0,22,48,0,0,0,2,1,3,0
1492-2,1,71,mercaderes,85,91,1,92,110,0,0,0,13,39,0,0,0,2,1,3,0
1492-2,1,72,mercaderes,85,91,1,91,104,0,0,0,13,30,0,0,0,2,1,2,0
1492-2,1,73,mercaderes,85,91,1,89,99,0,0,0,13,30,0,0,0,2,1,2,0
1492-2,1,74,mercaderes,85,91,1,87,94,0,0,0,13,30,0,0,0,2,1,2,0
1492-2,1,75,mercaderes,85,91,1,85,76,0,0,0,13,30,0,0,0,2,1,7,0
1492-2,1,76,mercaderes,85,91,1,82,72,0,0,0,13,30,0,0,0,2,1,2,0
1492-2,1,77,mercaderes,88,91,1,89,68,0,0,0,13,30,0,0,0,2,1,2,0
1492-2,1,78,mercaderes,88,91,1,91,61,0,0,0,13,39,0,0,0,2,1,3,0
1492-2,1,79,mercaderes,88,91,1,96,54,0,0,0,13,39,0,0,0,2,1,3,0
1492-2,1,80,mercaderes,88,91,1,91,48,0,0,0,13,39,0,0,0,2,1,3,0
1492-2,1,81,mercaderes,88,91,1,99,42,0,0,0,13,39,0,0,0,2,1,3,0
1492-2,1,82,mercaderes,88,91,1,95,36,0,0,0,13,39,0,0,0,2,1,3,0
1492-2,1,83,mercaderes,89,95,1,104,52,0,0,0,36,62,0,0,0,2,1,4,0
1492-2,1,84,mercaderes,89,95,1,94,67,0,0,0,36,62,0,0,0,2,1,3,0
1492-2,1,85,mercaderes,88,91,1,76,72,0,0,0,36,62,0,0,0,2,1,4,0
1492-2,1,86,mercaderes,88,91,1,95,87,0,0,0,36,62,0,0,0,2,1,2,0
1492-2,1,87,mercaderes,88,91,1,88,101,0,0,0,36,62,0,0,0,2,1,3,0
1492-2,1,88,mercaderes,88,91,1,97,115,0,0,0,36,62,0,0,0,2,1,3,0
1492-2,1,89,mercaderes,88,91,1,93,99,0,0,0,22,48,0,0,0,2,1,8,0
1492-2,1,90,mercaderes,88,91,1,92,103,0,0,0,22,48,0,0,0,2,1,3,0
1492-2,1,91,mercaderes,91,91,1,100,106,0,0,0,22,48,0,0,0,2,1,2,0
1492-2,1,92,mercaderes,91,91,1,98,109,0,0,0,22,48,0,0,0,2,1,3,0
1492-2,1,93,mercaderes,91,91,1,98,112,0,0,0,22,48,0,0,0,2,1,3,0
1492-2,1,94,mercaderes,91,91,1,98,115,0,0,0,22,48,0,0,0,2,1,3,0
1492-2,1,95,mercaderes,91,91,1,97,95,0,0,0,13,39,0,0,0,2,1,8,0
1492-2,1,96,mercaderes,91,91,1,87,90,0,0,0,13,30,0,0,0,2,1,3,0
1492-2,1,97,mercaderes,94,91,1,87,85,0,0,0,13,30,0,0,0,2,1,2,0
1492-2,1,98,mercaderes,94,91,1,83,80,0,0,0,13,30,0,0,0,2,1,2,0
1492-2,1,99,mercaderes,94,91,1,82,76,0,0,0,13,30,0,0,0,2,1,2,0
1492-2,1,100,mercaderes,94,91,1,84,72,0,0,0,13,30,0,0,0,2,1,2,0
1492-2,1,101,mercaderes,94,91,1,80,72,0,0,0,18,35,0,0,0,2,1,3,0
1492-2,1,102,mercaderes,94,91,1,96,70,0,0,0,18,44,0,0,0,2,1,2,0
1492-2,1,103,mercaderes,94,91,1,89,56,0,0,0,18,44,0,0,0,2,1,8,0
1492-2,1,104,mercaderes,94,91,1,98,54,0,0,0,18,44,0,0,0,2,1,3,0
1492-2,1,105,mercaderes,97,91,1,94,52,0,0,0,18,44,0,0,0,2,1,3,0
1492-2,1,106,mercaderes,97,91,1,92,51,0,0,0,18,44,0,0,0,2,1,3,0
1492-2,1,107,mercaderes,97,91,1,100,67,0,0,0,36,62,0,0,0,2,1,3,0
1492-2,1,108,mercaderes,97,91,1,95,82,0,0,0,36,62,0,0,0,2,1,3,0
1492-2,1,109,mercaderes,97,91,1,93,97,0,0,0,36,62,0,0,0,2,1,3,0
1492-2,1,110,mercaderes,97,91,1,93,111,0,0,0,36,62,0,0,0,2,1,3,0
1492-2,1,111,mercaderes,97,91,1,92,124,0,0,0,36,62,0,0,0,2,1,3,0
1492-2,1,112,mercaderes,97,91,1,101,137,0,0,0,36,62,0,0,0,2,1,3,0
1492-2,1,113,mercaderes,97,91,1,96,136,0,0,0,22,48,0,0,0,2,1,3,0
1492-2,1,114,mercaderes,98,95,1,111,132,0,0,0,22,48,0,0,0,2,1,4,0
1492-2,1,115,mercaderes,97,91,1,78,119,0,0,0,22,48,0,0,0,2,1,4,0
1492-2,1,116,mercaderes,97,91,1,97,109,0,0,0,22,48,0,0,0,2,1,7,0
1492-2,1,117,mercaderes,97,91,1,90,110,0,0,0,22,48,0,0,0,2,1,3,0
1492-2,1,118,mercaderes,97,91,1,99,113,0,0,0,22,48,0,0,0,2,1,2,0
1492-2,1,119,mercaderes,97,91,1,94,107,0,0,0,13,39,0,0,0,2,1,3,0
1492-2,1,120,mercaderes,97,91,1,86,102,0,0,0,13,30,0,0,0,2,1,3,0
1492-2,1,121,mercaderes,97,91,1,87,97,0,0,0,13,30,0,0,0,2,1,2,0
1492-2,1,122,mercaderes,97,91,1,85,92,0,0,0,13,30,0,0,0,2,1,2,0
1492-2,1,123,mercaderes,100,91,1,82,87,0,0,0,13,30,0,0,0,2,1,2,0
1492-2,1,124,mercaderes,100,91,1,83,82,0,0,0,13,30,0,0,0,2,1,2,0
1492-2,1,125,mercaderes,100,91,1,78,81,0,0,0,18,35,0,0,0,2,1,3,0
1492-2,1,126,mercaderes,100,91,1,93,78,0,0,0,18,44,0,0,0,2,1,2,0
1492-2,1,127,mercaderes,100,91,1,85,76,0,0,0,18,44,0,0,0,2,1,3,0
1492-2,1,128,mercaderes,100,91,1,93,74,0,0,0,18,44,0,0,0,2,1,3,0
1492-2,1,129,mercaderes,100,91,1,90,72,0,0,0,18,44,0,0,0,2,1,3,0
1492-2,1,130,mercaderes,100,91,1,99,70,0,0,0,18,44,0,0,0,2,1,3,0
1492-2,1,131,mercaderes,100,91,1,95,85,0,0,0,36,62,0,0,0,2,1,3,0
1492-2,1,132,mercaderes,100,91,1,94,100,0,0,0,36,62,0,0,0,2,1,3,0
1492-2,1,133,mercaderes,101,95,1,103,114,0,0,0,36,62,0,0,0,2,1,4,0
1492-2,1,134,mercaderes,100,91,1,72,117,0,0,0,36,62,0,0,0,2,1,4,0
1492-2,1,135,mercaderes,100,91,1,97,130,0,0,0,36,62,0,0,0,2,1,2,0
1492-2,1,136,mercaderes,100,91,1,89,142,0,0,0,36,62,0,0,0,2,1,3,0
1492-2,1,137,mercaderes,100,91,1,101,126,0,0,0,22,48,0,0,0,2,1,7,0
1492-2,1,138,mercaderes,100,91,1,96,121,0,0,0,22,48,0,0,0,2,1,3,0
1492-2,1,139,mercaderes,100,91,1,95,124,0,0,0,22,48,0,0,0,2,1,3,0
1492-2,1,140,mercaderes,103,91,1,93,127,0,0,0,22,48,0,0,0,2,1,3,0
1492-2,1,141,mercaderes,103,91,1,94,129,0,0,0,22,48,0,0,0,2,1,3,0
1492-2,1,142,mercaderes,103,91,1,94,131,0,0,0,22,48,0,0,0,2,1,3,0
1492-2,1,143,mercaderes,103,91,1,94,125,0,0,0,13,39,0,0,0,2,1,3,0
1492-2,1,144,mercaderes,103,91,1,84,119,0,0,0,13,30,0,0,0,2,1,3,0
1492-2,1,145,mercaderes,103,91,1,84,113,0,0,0,13,30,0,0,0,2,1,2,0
1492-2,1,146,mercaderes,103,91,1,81,107,0,0,0,13,30,0,0,0,2,1,2,0
1492-2,1,147,mercaderes,103,91,1,81,102,0,0,0,13,30,0,0,0,2,1,2,0
1492-2,1,148,mercaderes,103,91,1,82,96,0,0,0,13,30,0,0,0,2,1,2,0
1492-2,1,149,mercaderes,103,91,1,88,95,0,0,0,18,35,0,0,0,2,1,2,0
1492-2,1,150,mercaderes,103,91,1,91,92,0,0,0,18,44,0,0,0,2,1,3,0
1492-2,1,151,mercaderes,103,91,1,97,89,0,0,0,18,44,0,0,0,2,1,4,0
1492-2,1,152,mercaderes,103,91,1,100,86,0,0,0,18,51,0,0,0,2,1,3,0
1492-2,1,153,mercaderes,104,95,1,116,83,0,0,0,18,51,0,0,0,2,1,4,0
1492-2,1,154,mercaderes,103,91,1,92,70,0,0,0,18,51,0,0,0,2,1,4,0
1492-2,1,155,mercaderes,103,91,1,111,85,0,0,0,36,69,0,0,0,2,1,3,0
1492-2,1,156,mercaderes,103,91,1,103,100,0,0,0,36,69,0,0,0,2,1,3,0
1492-2,1,157,mercaderes,103,91,1,101,114,0,0,0,36,69,0,0,0,2,1,3,0
1492-2,1,158,mercaderes,103,91,1,109,127,0,0,0,36,69,0,0,0,2,1,3,0
1492-2,1,159,mercaderes,103,91,1,104,140,0,0,0,36,69,0,0,0,2,1,3,0
1492-2,1,160,mercaderes,103,91,1,107,152,0,0,0,36,69,0,0,0,2,1,2,0
1492-2,1,161,mercaderes,103,91,1,108,131,0,0,0,22,55,0,0,0,2,1,7,0
1492-2,1,162,mercaderes,103,91,1,106,126,0,0,0,22,55,0,0,0,2,1,3,0
1492-2,1,163,mercaderes,103,91,1,106,128,0,0,0,22,55,0,0,0,2,1,3,0
1492-2,1,164,mercaderes,106,91,1,106,130,0,0,0,22,55,0,0,0,2,1,3,0
1492-2,1,165,mercaderes,106,91,1,105,132,0,0,0,22,55,0,0,0,2,1,3,0
1492-2,1,166,mercaderes,106,91,1,108,134,0,0,0,22,55,0,0,0,2,1,3,0
1492-2,1,167,mercaderes,106,91,1,105,126,0,0,0,13,46,0,0,0,2,1,3,0
1492-2,1,168,mercaderes,106,91,1,91,117,0,0,0,13,34,0,0,0,2,1,3,0
1492-2,1,169,mercaderes,106,91,1,97,111,0,0,0,13,34,0,0,0,2,1,2,0
1492-2,1,170,mercaderes,106,91,1,89,105,0,0,0,13,34,0,0,0,2,1,3,0
1492-2,1,171,mercaderes,106,91,1,94,100,0,0,0,13,34,0,0,0,2,1,2,0
1492-2,1,172,mercaderes,106,91,1,86,95,0,0,0,13,34,0,0,0,2,1,3,0
1492-2,1,173,mercaderes,106,91,1,90,95,0,0,0,18,39,0,0,0,2,1,3,0
1492-2,1,174,mercaderes,106,91,1,103,92,0,0,0,18,51,0,0,0,2,1,3,0
1492-2,1,175,mercaderes,107,95,1,106,89,0,0,0,18,51,0,0,0,2,1,4,0
1492-2,1,176,mercaderes,106,91,1,84,76,0,0,0,18,51,0,0,0,2,1,4,0
1492-2,1,177,mercaderes,106,91,1,102,59,0,0,0,18,51,0,0,0,2,1,8,0
1492-2,1,178,mercaderes,106,91,1,104,57,0,0,0,18,51,0,0,0,2,1,3,0
1492-2,1,179,mercaderes,109,91,1,99,73,0,0,0,36,69,0,0,0,2,1,3,0
1492-2,1,180,mercaderes,109,91,1,109,88,0,0,0,36,69,0,0,0,2,1,3,0
1492-2,1,181,mercaderes,109,91,1,19,102,0,0,0,36,69,0,0,0,2,1,4,0
1492-2,1,182,mercaderes,109,91,1,65,117,0,1,0,36,69,0,0,0,2,1,1,0
1492-2,1,183,mercaderes,109,91,1,90,124,0,1,0,36,69,0,0,0,2,1,2,0
1492-2,1,184,mercaderes,109,91,1,97,132,0,1,0,36,69,0,0,0,2,1,3,0
1492-2,1,185,mercaderes,109,91,1,100,129,0,1,0,22,55,0,0,0,2,1,3,0
1492-2,1,186,mercaderes,109,91,1,106,129,0,1,0,22,55,0,0,0,2,1,3,0
1492-2,1,187,mercaderes,109,91,1,102,129,0,1,0,22,55,0,0,0,2,1,3,0
1492-2,1,188,mercaderes,110,95,1,120,130,0,1,0,22,55,0,0,0,2,1,4,0
1492-2,1,189,mercaderes,109,91,1,85,120,0,1,0,22,55,0,0,0,2,1,4,0
1492-2,1,190,mercaderes,109,91,1,108,106,0,1,0,22,55,0,0,0,2,1,7,0
1492-2,1,191,mercaderes,109,91,1,100,99,0,1,0,13,46,0,0,0,2,1,3,0
1492-2,1,192,mercaderes,109,91,1,96,92,0,1,0,13,34,0,0,0,2,1,3,0
1492-2,1,193,mercaderes,112,91,1,90,84,0,1,0,12,33,0,0,0,2,1,3,0
1492-2,1,194,mercaderes,112,91,1,94,77,0,1,0,12,33,0,0,0,2,1,2,0
1492-2,1,195,mercaderes,112,91,1,84,70,0,1,0,12,33,0,0,0,2,1,3,0
1492-2,1,196,mercaderes,112,91,1,87,63,0,1,0,12,33,0,0,0,2,1,2,0
1492-2,1,197,mercaderes,112,91,1,89,62,0,1,0,18,39,0,0,0,2,1,3,0
1492-2,1,198,mercaderes,112,91,1,102,58,0,1,0,18,51,0,0,0,2,1,3,0
1492-2,1,199,mercaderes,112,91,1,105,54,0,1,0,18,51,0,0,0,2,1,3,0
1492-2,1,200,mercaderes,112,91,1,101,52,0,0,0,18,51,0,0,0,2,1,3,0
1492-2,1,1,mesta,29,30,1,42,75,0,0,0,5,11,0,0,0,0,1,3,0
1492-2,1,2,mesta,29,30,1,41,69,0,0,0,5,8,0,0,0,0,1,1,0
1492-2,1,3,mesta,29,30,1,40,63,0,0,0,5,8,0,0,0,0,1,0,1
1492-2,1,4,mesta,29,30,1,39,57,0,0,0,5,8,0,0,0,0,1,0,1
1492-2,1,5,mesta,29,30,1,38,52,0,0,0,6,9,0,1,0,0,1,0,1
1492-2,1,6,mesta,28,27,1,28,40,0,0,0,6,20,0,0,0,0,1,1,0
1492-2,1,7,mesta,28,27,1,36,39,0,0,0,6,18,0,0,0,0,1,1,0
1492-2,1,8,mesta,28,27,1,44,38,0,0,0,6,18,0,0,0,0,1,0,1
1492-2,1,9,mesta,28,27,1,52,37,0,0,0,6,18,0,0,0,0,1,0,1
1492-2,1,10,mesta,28,27,1,60,36,0,0,0,6,18,0,0,0,0,1,0,1
1492-2,1,11,mesta,28,28,1,68,42,0,0,0,13,25,0,0,0,0,1,0,1
1492-2,1,12,mesta,28,29,1,76,47,0,0,0,13,25,0,0,0,0,1,0,1
1492-2,1,13,mesta,29,30,1,70,51,0,0,0,13,25,0,0,0,0,1,3,0
1492-2,1,14,mesta,28,29,1,44,56,0,0,0,13,27,0,0,0,0,1,3,0
1492-2,1,15,mesta,29,30,1,54,62,0,0,0,13,25,0,0,0,0,1,1,0
1492-2,1,16,mesta,29,31,1,64,68,0,0,0,13,27,0,0,0,0,1,0,1
1492-2,1,17,mesta,44,32,1,74,69,0,0,0,8,22,0,0,0,1,1,0,1
1492-2,1,18,mesta,44,33,1,75,69,0,0,0,8,22,0,0,0,1,1,2,0
1492-2,1,19,mesta,44,34,1,78,69,0,0,0,8,22,0,0,0,1,1,2,0
1492-2,1,20,mesta,45,35,1,72,69,0,0,0,8,22,0,0,0,1,1,2,0
1492-2,1,21,mesta,45,35,1,68,68,0,0,0,8,22,0,0,0,1,1,2,0
1492-2,1,22,mesta,45,35,1,80,65,0,0,0,8,22,0,1,0,1,1,1,0
1492-2,1,23,mesta,45,35,1,72,61,0,0,0,5,25,0,0,0,1,1,2,0
1492-2,1,24,mesta,45,35,1,75,57,0,0,0,5,22,0,0,0,1,1,2,0
1492-2,1,25,mesta,45,35,1,75,53,0,0,0,5,22,0,0,0,1,1,2,0
1492-2,1,26,mesta,45,35,1,70,49,0,0,0,5,22,0,0,0,1,1,3,0
1492-2,1,27,mesta,45,35,1,70,47,0,0,0,5,22,0,0,0,1,1,2,0
1492-2,1,28,mesta,45,35,1,70,46,0,0,0,5,22,0,0,0,1,1,3,0
1492-2,1,29,mesta,45,35,1,92,46,0,0,0,6,23,0,0,0,1,1,3,0
1492-2,1,30,mesta,45,35,1,91,45,0,0,0,6,26,0,0,0,1,1,4,0
1492-2,1,31,mesta,45,35,1,107,44,0,0,0,6,26,0,0,0,1,1,4,0
1492-2,1,32,mesta,45,35,1,111,43,0,0,0,6,26,0,0,0,1,1,4,0
1492-2,1,33,mesta,45,35,1,118,42,0,0,0,6,26,0,0,0,1,1,4,0
1492-2,1,34,mesta,45,35,1,98,41,1,0,0,6,26,0,0,0,1,1,5,0
1492-2,1,35,mesta,45,36,1,110,47,1,1,0,13,33,0,0,0,1,1,4,0
1492-2,1,36,mesta,45,37,1,116,51,1,1,0,13,33,0,0,0,1,1,4,0
1492-2,1,37,mesta,45,38,1,122,55,1,1,0,13,33,0,0,0,1,1,4,0
1492-2,1,38,mesta,45,39,1,105,59,1,1,0,13,33,0,0,0,1,1,5,0
1492-2,1,39,mesta,46,40,1,118,63,1,2,0,13,33,0,0,0,1,1,4,0
1492-2,1,40,mesta,45,37,1,85,57,1,0,0,13,35,0,0,0,1,1,4,0
1492-2,1,41,mesta,45,37,1,100,42,1,0,0,8,28,0,0,0,1,1,9,0
1492-2,1,42,mesta,45,37,1,98,44,1,0,0,8,28,0,0,0,1,1,4,0
1492-2,1,43,mesta,58,37,1,94,47,1,0,0,8,28,0,0,0,2,1,4,0
1492-2,1,44,mesta,58,37,1,98,50,1,0,0,8,28,0,0,0,2,1,4,0
1492-2,1,45,mesta,58,37,1,93,52,1,0,0,8,28,0,0,0,2,1,4,0
1492-2,1,46,mesta,58,37,1,97,53,1,0,0,8,28,0,0,0,2,1,4,0
1492-2,1,47,mesta,58,37,1,101,52,1,0,0,5,25,0,0,0,2,1,4,0
1492-2,1,48,mesta,58,37,1,93,51,1,0,0,5,22,0,0,0,2,1,4,0
1492-2,1,49,mesta,58,37,1,96,50,1,0,0,5,22,0,0,0,2,1,4,0
1492-2,1,50,mesta,58,37,1,99,49,1,0,0,5,22,0,0,0,2,1,4,0
1492-2,1,51,mesta,58,37,1,93,48,1,0,0,5,22,0,0,0,2,1,4,0
1492-2,1,52,mesta,58,37,1,94,47,1,0,0,5,22,0,0,0,2,1,4,0
1492-2,1,53,mesta,59,41,1,103,47,1,0,0,6,23,0,0,0,2,1,5,0
1492-2,1,54,mesta,58,37,1,94,33,1,0,0,6,28,0,0,0,2,1,5,0
1492-2,1,55,mesta,58,37,1,102,17,1,0,0,6,26,0,0,0,2,1,9,0
1492-2,1,56,mesta,58,37,1,109,15,1,0,0,6,26,0,0,0,2,1,4,0
1492-2,1,57,mesta,61,37,1,115,11,1,0,0,4,24,0,0,0,2,1,4,0
1492-2,1,58,mesta,61,37,1,121,7,2,0,0,4,24,0,0,0,2,1,4,0
1492-2,1,59,mesta,61,37,1,101,8,2,0,0,9,29,0,0,0,2,1,5,0
1492-2,1,60,mesta,61,37,1,112,9,2,1,0,9,29,0,0,0,2,1,4,0
1492-2,1,61,mesta,61,37,1,117,10,2,0,0,9,29,0,0,0,2,1,4,0
1492-2,1,62,mesta,61,37,1,122,11,2,0,0,9,29,0,0,0,2,1,4,0
1492-2,1,63,mesta,61,37,1,101,16,2,0,0,13,33,0,0,0,2,1,5,0
1492-2,1,64,mesta,61,37,1,112,21,2,1,0,13,33,0,0,0,2,1,4,0
1492-2,1,65,mesta,62,41,1,112,26,2,0,0,10,30,0,0,0,2,1,5,0
1492-2,1,66,mesta,62,41,1,101,29,2,0,0,10,32,0,0,0,2,1,4,0
1492-2,1,67,mesta,62,43,1,98,32,2,0,0,10,32,0,0,0,2,1,4,0
1492-2,1,68,mesta,61,39,1,76,26,2,0,0,10,32,0,0,0,2,1,5,0
1492-2,1,69,mesta,62,40,1,95,30,2,0,0,10,30,0,0,0,2,1,3,0
1492-2,1,70,mesta,61,36,1,86,10,2,0,0,10,32,0,0,0,2,1,10,0
1492-2,1,71,mesta,61,36,1,100,10,2,0,0,5,25,0,0,0,2,1,3,0
1492-2,1,72,mesta,61,36,1,94,10,2,0,0,5,22,0,0,0,2,1,4,0
1492-2,1,73,mesta,61,36,1,97,10,2,0,0,5,22,0,0,0,2,1,4,0
1492-2,1,74,mesta,61,36,1,100,10,2,0,0,5,22,0,0,0,2,1,4,0
1492-2,1,75,mesta,64,36,1,94,10,2,0,0,5,22,0,0,0,2,1,4,0
1492-2,1,76,mesta,64,36,1,96,10,2,0,0,5,22,0,0,0,2,1,4,0
1492-2,1,77,mesta,64,36,1,95,11,2,0,0,6,23,0,0,0,2,1,4,0
1492-2,1,78,mesta,64,36,1,101,9,2,0,0,6,26,0,0,0,2,1,4,0
1492-2,1,79,mesta,64,36,1,106,7,2,0,0,6,26,0,0,0,2,1,4,0
1492-2,1,80,mesta,64,36,1,114,5,2,0,0,6,26,0,0,0,2,1,4,0
1492-2,1,81,mesta,64,36,1,121,3,2,0,0,6,26,0,0,0,2,1,4,0
1492-2,1,82,mesta,64,36,1,102,1,2,0,0,6,26,0,0,0,2,1,5,0
1492-2,1,83,mesta,65,40,1,124,6,2,1,0,13,33,0,0,0,2,1,5,0
1492-2,1,84,mesta,65,40,1,106,10,2,0,0,13,35,0,0,0,2,1,5,0
1492-2,1,85,mesta,65,40,1,119,14,2,1,0,13,35,0,0,0,2,1,4,0
1492-2,1,86,mesta,65,40,1,101,18,2,0,0,13,35,0,0,0,2,1,5,0
1492-2,1,87,mesta,65,40,1,113,22,2,1,0,13,35,0,0,0,2,1,4,0
1492-2,1,88,mesta,65,40,1,120,26,2,0,0,13,35,0,0,0,2,1,4,0
1492-2,1,89,mesta,65,40,1,112,25,2,0,0,8,30,0,0,0,2,1,4,0
1492-2,1,90,mesta,65,40,1,99,27,2,0,0,8,30,0,0,0,2,1,4,0
1492-2,1,91,mesta,65,40,1,95,28,2,0,0,8,30,0,0,0,2,1,4,0
1492-2,1,92,mesta,65,40,1,101,29,2,0,0,8,30,0,0,0,2,1,4,0
1492-2,1,93,mesta,65,40,1,98,30,2,0,0,8,30,0,0,0,2,1,4,0
1492-2,1,94,mesta,64,36,1,74,22,2,0,0,8,30,0,0,0,2,1,5,0
1492-2,1,95,mesta,64,36,1,98,22,2,0,0,5,25,0,0,0,2,1,3,0
1492-2,1,96,mesta,64,36,1,97,20,2,0,0,5,22,0,0,0,2,1,4,0
1492-2,1,97,mesta,64,36,1,99,20,2,0,0,5,22,0,0,0,2,1,4,0
1492-2,1,98,mesta,64,36,1,94,20,2,0,0,5,22,0,0,0,2,1,4,0
1492-2,1,99,mesta,64,36,1,97,20,2,0,0,5,22,0,0,0,2,1,4,0
1492-2,1,100,mesta,64,36,1,101,20,2,0,0,5,22,0,0,0,2,1,4,0
1492-2,1,101,mesta,64,36,1,101,21,2,0,0,6,23,0,0,0,2,1,4,0
1492-2,1,102,mesta,64,36,1,107,19,2,0,0,6,26,0,0,0,2,1,4,0
1492-2,1,103,mesta,64,36,1,112,17,2,0,0,6,26,0,0,0,2,1,4,0
1492-2,1,104,mesta,64,36,1,117,15,2,0,0,6,26,0,0,0,2,1,4,0
1492-2,1,105,mesta,64,36,1,122,13,2,0,0,6,26,0,0,0,2,1,4,0
1492-2,1,106,mesta,64,36,1,101,11,2,0,0,6,26,0,0,0,2,1,5,0
1492-2,1,107,mesta,64,36,1,114,14,2,1,0,11,31,0,0,0,2,1,4,0
1492-2,1,108,mesta,64,36,1,121,17,2,0,0,11,31,0,0,0,2,1,4,0
1492-2,1,109,mesta,64,36,1,102,20,2,0,0,11,31,0,0,0,2,1,5,0
1492-2,1,110,mesta,64,36,1,113,23,2,1,0,11,31,0,0,0,2,1,4,0
1492-2,1,111,mesta,64,36,1,119,26,2,0,0,11,31,0,0,0,2,1,4,0
1492-2,1,112,mesta,64,36,1,99,28,2,0,0,11,31,0,0,0,2,1,5,0
1492-2,1,113,mesta,64,36,1,103,14,2,1,0,8,28,0,0,0,2,1,9,0
1492-2,1,114,mesta,64,36,1,99,17,2,0,0,8,28,0,0,0,2,1,4,0
1492-2,1,115,mesta,67,36,1,95,20,2,0,0,8,28,0,0,0,2,1,4,0
1492-2,1,116,mesta,67,36,1,99,23,2,0,0,8,28,0,0,0,2,1,4,0
1492-2,1,117,mesta,67,36,1,94,26,2,0,0,8,28,0,0,0,2,1,4,0
1492-2,1,118,mesta,67,36,1,98,28,2,0,0,8,28,0,0,0,2,1,4,0
1492-2,1,119,mesta,67,36,1,93,28,2,0,0,5,25,0,0,0,2,1,4,0
1492-2,1,120,mesta,67,36,1,94,28,2,0,0,5,22,0,0,0,2,1,4,0
1492-2,1,121,mesta,67,36,1,97,28,2,0,0,5,22,0,0,0,2,1,4,0
1492-2,1,122,mesta,67,36,1,100,28,2,0,0,5,22,0,0,0,2,1,4,0
1492-2,1,123,mesta,67,36,1,96,28,2,0,0,5,22,0,0,0,2,1,4,0
1492-2,1,124,mesta,67,36,1,99,28,2,0,0,5,22,0,0,0,2,1,4,0
1492-2,1,125,mesta,68,40,1,109,28,2,0,0,6,23,0,0,0,2,1,5,0
1492-2,1,126,mesta,68,40,1,119,25,2,0,0,6,28,0,0,0,2,1,4,0
1492-2,1,127,mesta,68,40,1,101,22,2,0,0,6,28,0,0,0,2,1,5,0
1492-2,1,128,mesta,68,40,1,115,19,2,1,0,6,28,0,0,0,2,1,4,0
1492-2,1,129,mesta,68,40,1,123,16,2,0,0,6,28,0,0,0,2,1,4,0
1492-2,1,130,mesta,68,40,1,105,13,2,0,0,6,28,0,0,0,2,1,5,0
1492-2,1,131,mesta,68,40,1,117,17,2,1,0,13,35,0,0,0,2,1,4,0
1492-2,1,132,mesta,68,40,1,124,21,2,0,0,13,35,0,0,0,2,1,4,0
1492-2,1,133,mesta,68,40,1,105,25,2,0,0,13,35,0,0,0,2,1,5,0
1492-2,1,134,mesta,68,40,1,117,28,2,1,0,13,35,0,0,0,2,1,4,0
1492-2,1,135,mesta,68,42,1,33,32,2,0,0,13,35,0,0,0,2,1,5,0
1492-2,1,136,mesta,68,44,1,77,36,2,1,0,13,35,0,0,0,2,1,2,0
1492-2,1,137,mesta,68,40,1,89,20,2,0,0,7,29,0,0,0,2,1,4,0
1492-2,1,138,mesta,68,40,1,100,18,2,0,0,7,29,0,0,0,2,1,4,0
1492-2,1,139,mesta,68,40,1,98,17,2,0,0,7,29,0,0,0,2,1,4,0
1492-2,1,140,mesta,68,40,1,95,16,2,0,0,7,29,0,0,0,2,1,4,0
1492-2,1,141,mesta,68,40,1,101,15,2,0,0,7,29,0,0,0,2,1,4,0
1492-2,1,142,mesta,68,40,1,98,14,2,0,0,7,29,0,0,0,2,1,4,0
1492-2,1,143,mesta,68,40,1,93,11,2,0,0,5,27,0,0,0,2,1,4,0
1492-2,1,144,mesta,68,40,1,93,8,2,0,0,5,23,0,0,0,2,1,4,0
1492-2,1,145,mesta,68,40,1,97,5,2,0,0,5,23,0,0,0,2,1,4,0
1492-2,1,146,mesta,67,40,1,101,4,2,0,0,5,23,1,0,0,2,1,4,0
1492-2,1,147,mesta,66,40,1,95,4,2,0,0,5,23,1,0,0,2,1,4,0
1492-2,1,148,mesta,64,39,1,97,4,2,0,0,5,23,1,0,0,2,1,4,0
1492-2,1,149,mesta,63,38,1,96,4,2,0,0,6,23,1,0,0,2,1,4,0
1492-2,1,150,mesta,62,37,1,105,1,2,0,0,6,26,1,0,0,2,1,4,0
1492-2,1,151,mesta,61,36,1,113,1,2,0,0,6,26,1,0,0,2,1,5,0
1492-2,1,152,mesta,60,35,1,117,1,2,0,0,6,26,1,0,0,2,1,4,0
1492-2,1,153,mesta,58,34,1,123,1,2,0,0,6,26,1,0,0,2,1,4,0
1492-2,1,154,mesta,57,33,1,103,1,2,0,0,6,26,1,0,0,2,1,5,0
1492-2,1,155,mesta,57,33,1,115,4,2,1,0,12,31,0,0,0,2,1,4,0
1492-2,1,156,mesta,57,33,1,121,7,2,0,0,12,31,0,0,0,2,1,4,0
1492-2,1,157,mesta,57,33,1,95,10,2,0,0,12,31,0,0,0,2,1,5,0
1492-2,1,158,mesta,57,33,1,105,14,2,1,0,13,33,0,0,0,2,1,4,0
1492-2,1,159,mesta,57,33,1,110,18,2,0,0,13,33,0,0,0,2,1,4,0
1492-2,1,160,mesta,57,33,1,115,22,2,0,0,13,33,0,0,0,2,1,4,0
1492-2,1,161,mesta,57,33,1,104,21,2,0,0,8,28,0,0,0,2,1,4,0
1492-2,1,162,mesta,57,33,1,99,23,2,0,0,8,28,0,0,0,2,1,4,0
1492-2,1,163,mesta,57,33,1,96,25,2,0,0,8,28,0,0,0,2,1,4,0
1492-2,1,164,mesta,57,33,1,101,27,2,0,0,8,28,0,0,0,2,1,4,0
1492-2,1,165,mesta,57,33,1,97,28,2,0,0,8,28,0,0,0,2,1,4,0
1492-2,1,166,mesta,57,33,1,101,29,2,0,0,8,28,0,0,0,2,1,4,0
1492-2,1,167,mesta,57,33,1,94,15,2,0,0,5,25,0,0,0,2,1,9,0
1492-2,1,168,mesta,57,33,1,95,14,2,0,0,5,22,0,0,0,2,1,4,0
1492-2,1,169,mesta,57,33,1,96,13,2,0,0,5,22,0,0,0,2,1,4,0
1492-2,1,170,mesta,57,33,1,99,12,2,0,0,5,22,0,0,0,2,1,4,0
1492-2,1,171,mesta,57,33,1,92,11,2,0,0,5,22,0,0,0,2,1,4,0
1492-2,1,172,mesta,60,33,1,94,10,2,0,0,5,22,0,0,0,2,1,4,0
1492-2,1,173,mesta,60,33,1,93,10,2,0,0,6,23,0,0,0,2,1,4,0
1492-2,1,174,mesta,60,33,1,99,7,2,0,0,6,26,0,0,0,2,1,4,0
1492-2,1,175,mesta,60,33,1,104,4,2,0,0,6,26,0,0,0,2,1,4,0
1492-2,1,176,mesta,60,33,1,108,1,2,0,0,6,26,0,0,0,2,1,4,0
1492-2,1,177,mesta,59,33,1,115,1,2,0,0,6,26,1,0,0,2,1,4,0
1492-2,1,178,mesta,58,33,1,122,1,2,0,0,6,26,1,0,0,2,1,4,0
1492-2,1,179,mesta,58,33,1,102,3,2,0,0,11,31,0,0,0,2,1,5,0
1492-2,1,180,mesta,59,37,1,124,5,2,1,0,11,31,0,0,0,2,1,5,0
1492-2,1,181,mesta,59,37,1,99,6,2,0,0,11,31,0,0,0,2,1,5,0
1492-2,1,182,mesta,59,37,1,109,7,2,1,0,11,31,0,0,0,2,1,4,0
1492-2,1,183,mesta,59,37,1,114,8,2,0,0,11,31,0,0,0,2,1,4,0
1492-2,1,184,mesta,59,37,1,119,9,2,0,0,11,31,0,0,0,2,1,4,0
1492-2,1,185,mesta,59,37,1,109,7,2,0,0,8,28,0,0,0,2,1,4,0
1492-2,1,186,mesta,59,37,1,90,8,2,0,0,8,28,0,0,0,2,1,4,0
1492-2,1,187,mesta,59,37,1,93,9,2,0,0,8,28,0,0,0,2,1,4,0
1492-2,1,188,mesta,59,37,1,97,10,2,0,0,8,28,0,0,0,2,1,4,0
1492-2,1,189,mesta,59,37,1,101,11,2,0,0,8,28,0,0,0,2,1,4,0
1492-2,1,190,mesta,59,37,1,98,12,2,0,0,8,28,0,0,0,2,1,4,0
1492-2,1,191,mesta,59,37,1,92,10,2,0,0,5,25,0,0,0,2,1,4,0
1492-2,1,192,mesta,59,37,1,94,8,2,0,0,5,22,0,0,0,2,1,4,0
1492-2,1,193,mesta,59,37,1,98,6,2,0,0,5,22,0,0,0,2,1,4,0
1492-2,1,194,mesta,59,37,1,90,4,2,0,0,5,22,0,0,0,2,1,4,0
1492-2,1,195,mesta,58,37,1,92,4,2,0,0,5,22,1,0,0,2,1,4,0
1492-2,1,196,mesta,57,37,1,95,4,2,0,0,5,22,1,0,0,2,1,4,0
1492-2,1,197,mesta,56,36,1,94,4,2,0,0,6,23,1,0,0,2,1,4,0
1492-2,1,198,mesta,55,35,1,101,1,2,0,0,6,26,1,0,0,2,1,4,0
1492-2,1,199,mesta,53,34,1,106,1,2,0,0,6,26,1,0,0,2,1,4,0
1492-2,1,200,mesta,52,33,1,107,1,2,0,0,6,26,1,0,0,2,1,4,0
1492-2,1,1,monjes,34,56,1,28,68,0,0,0,15,27,0,0,0,0,1,4,0
1492-2,1,2,monjes,33,54,1,9,55,0,0,0,15,20,0,0,0,0,1,2,0
1492-2,1,3,monjes,33,54,1,0,43,0,0,0,15,20,0,0,0,0,1,5,0
1492-2,1,4,monjes,46,54,1,1,40,0,0,0,15,20,0,0,0,1,1,0,1
1492-2,1,5,monjes,47,56,1,2,42,0,0,0,20,25,0,2,0,1,1,0,1
1492-2,1,6,monjes,47,58,1,16,56,0,0,0,30,48,0,0,0,1,1,1,0
1492-2,1,7,monjes,48,60,1,30,70,0,0,0,30,48,0,0,0,1,1,0,1
1492-2,1,8,monjes,47,58,1,26,68,0,0,0,30,50,0,0,0,1,1,6,0
1492-2,1,9,monjes,50,56,1,20,72,0,0,0,30,48,0,0,0,1,1,1,0
1492-2,1,10,monjes,50,58,1,34,85,0,0,0,30,48,0,0,0,1,1,1,0
1492-2,1,11,monjes,66,60,1,46,126,0,0,0,60,75,0,0,0,2,1,0,1
1492-2,1,12,monjes,66,63,1,59,165,0,0,0,60,76,0,0,0,2,1,0,1
1492-2,1,13,monjes,67,66,1,72,202,0,0,0,60,76,0,0,0,2,1,0,1
1492-2,1,14,monjes,67,69,1,77,237,0,0,0,60,76,0,0,0,2,1,2,0
1492-2,1,15,monjes,68,72,1,78,261,0,0,0,60,76,0,0,0,2,1,3,0
1492-2,1,16,monjes,69,75,1,100,283,0,0,0,60,77,0,0,0,2,1,3,0
1492-2,1,17,monjes,69,78,1,101,263,0,0,0,37,54,0,0,0,2,1,13,0
1492-2,1,18,monjes,73,81,1,101,265,0,0,0,37,54,0,0,0,2,1,3,0
1492-2,1,19,monjes,74,85,1,102,266,0,0,0,37,56,0,0,0,2,1,3,0
1492-2,1,20,monjes,74,89,1,102,266,0,0,0,37,56,0,0,0,2,1,3,0
1492-2,1,21,monjes,75,90,1,102,252,0,0,0,37,56,0,0,0,2,1,13,0
1492-2,1,22,monjes,78,90,1,105,252,0,0,0,37,57,0,0,0,2,1,3,0
1492-2,1,23,monjes,78,90,1,100,238,0,0,0,22,42,0,0,0,2,1,3,0
1492-2,1,24,monjes,78,90,1,96,224,0,0,0,22,36,0,0,0,2,1,3,0
1492-2,1,25,monjes,78,90,1,98,202,0,0,0,22,36,0,0,0,2,1,8,0
1492-2,1,26,monjes,81,90,1,102,180,0,0,0,22,36,0,0,0,2,1,7,0
1492-2,1,27,monjes,81,90,1,83,173,0,0,0,22,36,0,0,0,2,1,2,0
1492-2,1,28,monjes,81,90,1,87,167,0,0,0,22,36,0,0,0,2,1,2,0
1492-2,1,29,monjes,81,90,1,84,160,0,0,0,30,44,0,0,0,2,1,7,0
1492-2,1,30,monjes,81,90,1,87,150,0,0,0,30,50,0,0,0,2,1,7,0
1492-2,1,31,monjes,83,89,1,90,142,0,0,0,30,50,0,0,0,2,1,5,0
1492-2,1,32,monjes,84,90,1,82,144,0,0,0,30,49,0,0,0,2,1,2,0
1492-2,1,33,monjes,175,96,2,88,146,0,0,0,30,50,0,0,0,3,1,3,0
1492-2,1,34,monjes,175,97,2,76,135,0,0,0,30,50,0,0,0,3,1,8,0
1492-2,1,35,monjes,178,98,2,79,163,0,0,0,60,80,0,1,0,3,1,3,0
1492-2,1,36,monjes,178,99,2,71,213,0,0,0,78,98,0,0,0,3,1,2,0
1492-2,1,37,monjes,179,100,2,80,246,0,0,0,78,98,0,1,0,3,1,4,0
1492-2,1,38,monjes,179,101,2,101,274,0,0,0,72,95,0,0,0,3,1,3,0
1492-2,1,39,monjes,179,102,2,96,302,0,0,0,73,96,0,1,0,3,1,4,0
1492-2,1,40,monjes,179,103,2,89,331,0,0,0,75,98,0,0,0,3,1,3,0
1492-2,1,41,monjes,179,103,2,116,320,0,0,0,47,70,0,1,0,3,1,12,0
1492-2,1,42,monjes,179,100,2,83,310,0,0,0,43,64,0,0,0,3,1,4,0
1492-2,1,43,monjes,280,107,3,103,295,0,0,0,45,67,0,0,0,4,1,9,0
1492-2,1,44,monjes,280,109,3,85,296,0,0,0,45,67,0,0,0,4,1,5,0
1492-2,1,45,monjes,284,111,3,98,294,0,0,0,57,79,0,1,0,4,1,9,0
1492-2,1,46,monjes,283,108,3,99,314,0,0,0,73,95,0,0,0,4,1,6,0
1492-2,1,47,monjes,284,110,3,91,309,0,0,0,42,65,0,0,0,4,1,3,0
1492-2,1,48,monjes,284,112,3,55,265,0,0,0,43,60,0,0,0,4,1,5,0
1492-2,1,49,monjes,306,120,4,112,291,0,0,0,47,64,0,1,0,4,1,8,0
1492-2,1,50,monjes,309,123,4,82,274,0,0,0,44,63,0,0,0,4,1,9,0
1492-2,1,51,monjes,309,121,4,84,263,0,0,0,46,65,0,0,0,4,1,6,0
1492-2,1,52,monjes,309,124,4,83,261,0,0,0,47,66,0,0,0,4,1,3,0
1492-2,1,53,monjes,310,127,4,84,261,0,0,0,61,83,0,0,0,4,1,8,0
1492-2,1,54,monjes,332,136,5,79,262,0,0,0,63,92,0,0,0,4,1,9,0
1492-2,1,55,monjes,336,140,5,93,271,0,0,0,65,94,0,1,0,4,1,4,0
1492-2,1,56,monjes,335,139,5,57,247,0,0,0,76,105,0,0,0,4,1,7,0
1492-2,1,57,monjes,336,143,5,81,272,0,0,0,80,110,0,0,0,4,1,2,0
1492-2,1,58,monjes,358,153,6,101,338,0,0,0,81,111,0,0,0,4,1,4,0
1492-2,1,59,monjes,359,158,6,51,395,0,0,0,159,190,0,1,0,4,1,6,0
1492-2,1,60,monjes,360,163,6,63,499,0,0,0,174,205,0,0,0,4,1,2,0
1492-2,1,61,monjes,388,204,7,83,598,0,0,0,176,207,0,1,0,4,1,3,0
1492-2,1,62,monjes,390,210,7,37,641,0,0,0,169,207,0,0,0,4,1,6,0
1492-2,1,63,monjes,391,216,7,59,717,0,0,0,170,211,0,1,0,4,1,3,0
1492-2,1,64,monjes,418,253,8,70,810,0,0,0,191,233,0,0,0,4,1,2,0
1492-2,1,65,monjes,420,260,8,84,802,0,0,0,120,168,0,1,0,4,1,17,0
1492-2,1,66,monjes,421,268,8,85,814,0,0,0,119,164,0,0,0,4,1,3,0
1492-2,1,67,monjes,426,276,8,86,823,0,0,0,120,166,0,1,0,4,1,4,0
1492-2,1,68,monjes,427,284,8,71,832,0,0,0,121,168,0,0,0,4,1,3,0
1492-2,1,69,monjes,429,292,8,70,838,0,0,0,123,171,0,1,0,4,1,3,0
1492-2,1,70,monjes,431,300,8,80,819,0,0,0,124,171,0,1,0,4,1,14,0
1492-2,1,71,monjes,431,303,8,73,785,0,0,0,88,136,0,0,0,4,1,6,0
1492-2,1,72,monjes,436,311,8,80,755,0,0,0,87,129,0,0,0,4,1,4,0
1492-2,1,73,monjes,459,326,9,79,724,0,0,0,88,133,0,1,0,4,1,5,0
1492-2,1,74,monjes,461,337,9,85,681,0,0,0,90,141,0,1,0,4,1,9,0
1492-2,1,75,monjes,461,339,9,50,646,0,0,0,90,142,0,0,0,4,1,4,0
1492-2,1,76,monjes,463,347,9,68,601,0,0,0,90,142,0,1,0,4,1,7,0
1492-2,1,77,monjes,465,358,9,72,585,0,0,0,110,162,0,2,0,4,1,2,0
1492-2,1,78,monjes,467,367,9,85,582,0,0,0,121,180,0,1,0,4,1,4,0
1492-2,1,79,monjes,472,376,9,90,590,0,0,0,133,195,0,1,0,4,1,4,0
1492-2,1,80,monjes,474,385,9,61,586,0,0,0,134,198,0,0,0,4,1,8,0
1492-2,1,81,monjes,475,394,9,92,587,0,0,0,135,199,0,2,0,4,1,3,0
1492-2,1,82,monjes,477,403,9,96,599,0,0,0,151,215,0,0,0,4,1,9,0
1492-2,1,83,monjes,482,412,9,90,753,0,0,0,290,354,0,0,0,4,1,4,0
1492-2,1,84,monjes,484,422,9,80,897,0,0,0,290,356,0,0,0,4,1,3,0
1492-2,1,85,monjes,486,434,9,94,1029,0,0,0,290,359,0,1,0,4,1,4,0
1492-2,1,86,monjes,489,446,9,97,1156,0,0,0,290,362,0,0,0,4,1,3,0
1492-2,1,87,monjes,491,458,9,100,1275,0,0,0,290,362,0,0,0,4,1,3,0
1492-2,1,88,monjes,494,470,9,98,1387,0,0,0,290,364,0,0,0,4,1,3,0
1492-2,1,89,monjes,496,482,9,108,1378,0,0,0,191,267,0,1,0,4,1,14,0
1492-2,1,90,monjes,499,495,9,94,1386,0,0,0,191,270,0,0,0,4,1,3,0
1492-2,1,91,monjes,504,509,9,107,1387,0,0,0,191,272,0,1,0,4,1,4,0
1492-2,1,92,monjes,507,524,9,111,1392,0,0,0,198,281,0,1,0,4,1,4,0
1492-2,1,93,monjes,510,539,9,106,1388,0,0,0,200,283,0,0,0,4,1,8,0
1492-2,1,94,monjes,514,555,9,114,1388,0,0,0,200,286,0,1,0,4,1,3,0
1492-2,1,95,monjes,514,558,9,116,1325,0,0,0,139,228,0,0,0,4,1,7,0
1492-2,1,96,monjes,514,558,9,113,1266,0,0,0,137,220,0,0,0,4,1,3,0
1492-2,1,97,monjes,536,567,10,118,1208,0,0,0,137,220,0,0,0,4,1,6,0
1492-2,1,98,monjes,535,563,10,75,1126,0,0,0,139,222,0,1,0,4,1,10,0
1492-2,1,99,monjes,535,563,10,104,1054,0,0,0,139,222,0,0,0,4,1,9,0
1492-2,1,100,monjes,535,563,10,91,998,0,0,0,139,222,0,2,0,4,1,3,0
1492-2,1,101,monjes,540,585,10,103,986,0,0,0,178,261,0,0,0,4,1,4,0
1492-2,1,102,monjes,543,600,10,110,965,0,0,0,180,271,0,1,0,4,1,6,0
1492-2,1,103,monjes,550,621,10,113,938,0,0,0,174,273,0,0,0,4,1,3,0
1492-2,1,104,monjes,554,642,10,134,912,0,0,0,175,277,0,1,0,4,1,5,0
1492-2,1,105,monjes,558,661,10,128,885,0,0,0,174,278,0,0,0,4,1,5,0
1492-2,1,106,monjes,581,679,11,134,855,0,1,0,174,284,0,0,0,4,1,6,0
1492-2,1,107,monjes,584,692,11,120,949,0,2,0,308,418,0,1,0,4,1,7,0
1492-2,1,108,monjes,587,706,11,121,1029,0,1,0,309,422,0,1,0,4,1,11,0
1492-2,1,109,monjes,590,721,11,104,1134,0,1,0,331,445,0,1,0,4,1,5,0
1492-2,1,110,monjes,592,733,11,127,1227,0,2,0,331,446,0,1,0,4,1,4,0
1492-2,1,111,monjes,594,744,11,129,1310,0,2,0,324,444,0,0,0,4,1,3,0
1492-2,1,112,monjes,600,755,11,132,1389,0,2,0,327,447,0,0,0,4,1,3,0
1492-2,1,113,monjes,602,768,11,128,1360,0,2,0,220,344,0,1,0,4,1,4,0
1492-2,1,114,monjes,605,781,11,119,1332,0,2,0,223,347,0,0,0,4,1,3,0
1492-2,1,115,monjes,608,799,11,137,1298,0,2,0,224,352,0,2,0,4,1,3,0
1492-2,1,116,monjes,613,821,11,124,1267,0,2,0,225,355,0,1,0,4,1,5,0
1492-2,1,117,monjes,617,843,11,136,1233,0,2,0,228,359,0,1,0,4,1,3,0
1492-2,1,118,monjes,622,867,11,171,1204,0,2,0,236,369,0,1,0,4,1,4,0
1492-2,1,119,monjes,622,867,11,149,1112,0,2,0,169,303,0,0,0,4,1,5,0
1492-2,1,120,monjes,623,871,11,180,1028,0,2,0,169,297,0,0,0,4,1,6,0
1492-2,1,121,monjes,622,867,11,182,934,0,2,0,169,298,0,0,0,4,1,5,0
1492-2,1,122,monjes,622,867,11,204,839,0,2,0,169,298,0,0,0,4,1,9,0
1492-2,1,123,monjes,622,867,11,176,763,0,2,0,169,298,0,0,0,4,1,5,0
1492-2,1,124,monjes,622,867,11,198,690,0,2,0,169,298,0,0,0,4,1,4,0
1492-2,1,125,monjes,625,867,11,219,655,0,2,0,205,334,0,0,0,4,1,5,0
1492-2,1,126,monjes,625,867,11,245,621,0,2,0,205,339,0,0,0,4,1,4,0
1492-2,1,127,monjes,625,867,11,221,589,0,2,0,205,339,0,0,0,4,1,4,0
1492-2,1,128,monjes,625,867,11,247,550,0,2,0,205,339,0,0,0,4,1,10,0
1492-2,1,129,monjes,628,867,11,273,521,0,2,0,205,339,0,0,0,4,1,4,0
1492-2,1,130,monjes,628,867,11,299,493,0,2,0,205,339,0,0,0,4,1,4,0
1492-2,1,131,monjes,634,895,11,275,605,0,2,0,350,484,0,0,0,4,1,4,0
1492-2,1,132,monjes,638,919,11,295,701,0,0,0,351,491,0,0,0,4,1,10,0
1492-2,1,133,monjes,645,939,11,280,793,0,0,0,354,499,0,1,0,4,1,6,0
1492-2,1,134,monjes,648,952,11,281,883,0,2,0,364,512,0,1,0,4,1,6,0
1492-2,1,135,monjes,651,965,11,326,989,0,4,0,387,539,0,1,0,4,1,5,0
1492-2,1,136,monjes,653,977,11,356,1105,0,3,0,414,566,0,1,0,4,1,10,0
1492-2,1,137,monjes,654,983,11,351,1104,0,3,0,288,442,0,1,0,4,1,7,0
1492-2,1,138,monjes,660,998,11,397,1118,0,3,0,306,461,0,2,0,4,1,6,0
1492-2,1,139,monjes,662,1008,11,413,1086,0,3,0,309,464,0,1,0,4,1,8,0
1492-2,1,140,monjes,665,1023,11,460,1097,0,3,0,306,463,0,0,0,4,1,4,0
1492-2,1,141,monjes,698,1086,12,459,1107,0,3,0,308,467,0,0,0,4,1,4,0
1492-2,1,142,monjes,702,1109,12,493,1094,0,3,0,310,477,0,0,0,4,1,12,0
1492-2,1,143,monjes,702,1109,12,534,986,0,3,0,212,381,0,0,0,4,1,5,0
1492-2,1,144,monjes,705,1109,12,579,883,0,3,0,212,375,0,1,0,4,1,5,0
1492-2,1,145,monjes,705,1109,12,574,793,0,3,0,219,382,0,1,0,4,1,4,0
1492-2,1,146,monjes,705,1109,12,604,707,0,3,0,219,386,0,0,0,4,1,6,0
1492-2,1,147,monjes,705,1109,12,649,610,0,3,0,219,386,0,1,0,4,1,10,0
1492-2,1,148,monjes,705,1109,12,694,531,0,3,0,219,386,0,1,0,4,1,4,0
1492-2,1,149,monjes,710,1119,12,689,515,0,3,0,281,448,0,0,0,4,1,4,0
1492-2,1,150,monjes,713,1132,12,742,501,0,3,0,285,460,0,1,0,4,1,5,0
1492-2,1,151,monjes,716,1146,12,797,487,0,3,0,286,464,0,0,0,4,1,5,0
1492-2,1,152,monjes,716,1146,12,852,440,0,3,0,254,432,0,0,0,4,1,4,0
1492-2,1,153,monjes,716,1146,12,857,395,0,3,0,254,432,0,0,0,4,1,4,0
1492-2,1,154,monjes,716,1146,12,912,352,0,3,0,254,432,0,0,0,4,1,5,0
1492-2,1,155,monjes,718,1157,12,967,496,0,3,0,447,625,0,0,0,4,1,4,0
1492-2,1,156,monjes,720,1168,12,1025,633,0,3,0,449,630,0,0,0,4,1,4,0
1492-2,1,157,monjes,722,1179,12,1035,752,0,2,0,450,633,0,0,0,4,1,9,0
1492-2,1,158,monjes,727,1188,12,1095,876,0,2,0,451,634,0,0,0,4,1,5,0
1492-2,1,159,monjes,728,1193,12,1156,994,0,2,0,453,637,0,0,0,4,1,4,0
1492-2,1,160,monjes,729,1198,12,1218,1106,0,2,0,453,638,0,0,0,4,1,4,0
1492-2,1,161,monjes,730,1203,12,1230,1073,0,2,0,307,492,0,0,0,4,1,4,0
1492-2,1,162,monjes,731,1209,12,1294,1040,0,2,0,307,494,0,0,0,4,1,5,0
1492-2,1,163,monjes,733,1216,12,1360,996,0,2,0,307,496,0,0,0,4,1,9,0
1492-2,1,164,monjes,734,1223,12,1426,962,0,2,0,307,496,0,0,0,4,1,4,0
1492-2,1,165,monjes,739,1230,12,1442,929,0,2,0,307,496,0,0,0,4,1,4,0
1492-2,1,166,monjes,739,1231,12,1509,895,0,2,0,307,497,0,0,0,4,1,5,0
1492-2,1,167,monjes,739,1231,12,1578,764,0,2,0,205,397,0,0,0,4,1,4,0
1492-2,1,168,monjes,739,1231,12,1611,600,0,2,0,205,391,0,0,0,4,1,5,0
1492-2,1,169,monjes,739,1231,12,1624,469,0,2,0,192,378,0,0,0,4,1,4,0
1492-2,1,170,monjes,769,1281,13,1647,342,0,2,0,192,378,0,0,0,4,1,5,0
1492-2,1,171,monjes,769,1281,13,1605,209,0,2,0,192,387,0,0,0,4,1,7,0
1492-2,1,172,monjes,770,1285,13,1647,85,0,1,0,192,384,0,0,0,4,1,5,0
1492-2,1,173,monjes,769,1285,13,1623,47,0,1,0,258,450,1,1,0,4,1,5,0
1492-2,1,174,monjes,768,1285,13,1664,44,0,2,0,269,467,1,1,0,4,1,4,0
1492-2,1,175,monjes,760,1254,13,1715,44,0,3,0,280,478,1,0,0,4,1,3,0
1492-2,1,176,monjes,753,1223,13,1747,47,0,3,0,280,464,1,0,0,4,1,3,0
1492-2,1,177,monjes,746,1192,13,1781,47,0,3,0,280,463,1,0,0,4,1,3,0
1492-2,1,178,monjes,739,1161,13,1816,47,0,3,0,280,461,1,0,0,4,1,3,0
1492-2,1,179,monjes,749,1213,13,1829,298,0,3,0,546,723,0,0,0,4,1,3,0
1492-2,1,180,monjes,760,1267,13,1820,522,0,3,0,546,727,0,1,0,4,1,6,0
1492-2,1,181,monjes,766,1295,13,1876,748,0,3,0,572,760,0,0,0,4,1,5,0
1492-2,1,182,monjes,768,1305,13,1919,949,0,3,0,572,771,0,0,0,4,1,5,0
1492-2,1,183,monjes,770,1316,13,1983,1133,0,1,0,572,772,0,0,0,4,1,9,0
1492-2,1,184,monjes,772,1327,13,1983,1320,0,1,0,572,773,0,0,0,4,1,5,0
1492-2,1,185,monjes,777,1338,13,2063,1283,0,2,0,349,551,0,0,0,4,1,5,0
1492-2,1,186,monjes,779,1346,13,2129,1247,0,2,0,349,552,0,0,0,4,1,4,0
1492-2,1,187,monjes,780,1351,13,2169,1172,0,2,0,349,555,0,0,0,4,1,5,0
1492-2,1,188,monjes,781,1356,13,2193,1124,0,2,0,349,555,0,0,0,4,1,12,0
1492-2,1,189,monjes,813,1401,14,2214,1090,0,2,0,349,556,0,0,0,4,1,5,0
1492-2,1,190,monjes,813,1401,14,2272,1047,0,2,0,349,563,0,0,0,4,1,7,0
1492-2,1,191,monjes,813,1401,14,2332,871,0,2,0,213,425,0,0,0,4,1,5,0
1492-2,1,192,monjes,814,1405,14,2348,692,0,2,0,213,419,0,1,0,4,1,10,0
1492-2,1,193,monjes,814,1405,14,2351,550,0,2,0,233,439,0,1,0,4,1,5,0
1492-2,1,194,monjes,817,1405,14,2417,421,0,2,0,240,446,0,0,0,4,1,6,0
1492-2,1,195,monjes,817,1405,14,2483,297,0,2,0,240,446,0,1,0,4,1,4,0
1492-2,1,196,monjes,817,1405,14,2549,186,0,2,0,247,453,0,0,0,4,1,4,0
1492-2,1,197,monjes,817,1405,14,2522,114,0,0,0,318,524,0,0,0,4,1,4,0
1492-2,1,198,monjes,817,1405,14,2537,85,0,0,0,318,530,0,0,0,4,1,5,0
1492-2,1,199,monjes,851,1475,15,2564,54,0,2,0,318,530,0,0,0,4,1,4,0
1492-2,1,200,monjes,850,1475,15,2629,44,0,4,0,318,542,1,0,0,4,1,5,0
1492-2,1,1,salineros,30,36,1,19,69,0,9,0,9,28,0,0,0,0,1,4,0
1492-2,1,2,salineros,30,36,1,18,67,0,18,0,9,23,0,0,0,0,1,1,0
1492-2,1,3,salineros,30,36,1,17,65,0,27,0,9,23,0,0,0,0,1,0,1
1492-2,1,4,salineros,30,36,1,16,63,0,36,0,9,23,0,0,0,0,1,0,1
1492-2,1,5,salineros,30,37,1,15,64,0,45,0,12,26,0,1,0,0,1,0,1
1492-2,1,6,salineros,30,38,1,17,67,0,65,0,12,40,0,0,0,0,1,0,1
1492-2,1,7,salineros,45,39,1,19,70,0,85,0,12,40,0,0,0,1,1,0,1
1492-2,1,8,salineros,46,40,1,1,73,0,104,0,12,39,0,0,0,1,1,0,1
1492-2,1,9,salineros,46,42,1,5,73,0,123,0,12,41,0,0,0,1,1,0,1
1492-2,1,10,salineros,46,44,1,9,73,0,141,0,12,40,0,1,0,1,1,0,1
1492-2,1,11,salineros,47,46,1,21,87,0,149,0,25,61,0,0,0,1,1,3,0
1492-2,1,12,salineros,46,44,1,104,91,0,156,0,25,60,0,0,0,1,1,3,0
1492-2,1,13,salineros,46,42,1,140,83,0,169,0,25,60,0,0,0,1,1,9,0
1492-2,1,14,salineros,58,39,1,132,88,0,182,0,25,59,0,0,0,2,1,4,0
1492-2,1,15,salineros,59,40,1,141,104,0,194,0,25,57,0,0,0,2,1,3,0
1492-2,1,16,salineros,59,42,1,151,119,0,206,0,25,59,0,0,0,2,1,3,0
1492-2,1,17,salineros,59,44,1,160,125,0,217,0,16,49,0,0,0,2,1,3,0
1492-2,1,18,salineros,60,46,1,168,130,0,228,0,16,49,0,0,0,2,1,3,0
1492-2,1,19,salineros,60,48,1,176,125,0,238,0,16,48,0,0,0,2,1,8,0
1492-2,1,20,salineros,64,50,1,188,129,0,248,0,16,48,0,0,0,2,1,3,0
1492-2,1,21,salineros,64,52,1,200,133,0,257,0,16,49,0,0,0,2,1,3,0
1492-2,1,22,salineros,64,54,1,212,136,0,266,0,16,49,0,0,0,2,1,3,0
1492-2,1,23,salineros,64,54,1,223,132,0,274,0,9,41,0,0,0,2,1,3,0
1492-2,1,24,salineros,64,54,1,232,116,0,282,0,9,36,0,0,0,2,1,8,0
1492-2,1,25,salineros,67,54,1,240,112,0,289,0,9,35,0,0,0,2,1,3,0
1492-2,1,26,salineros,67,54,1,246,108,0,296,0,9,35,0,0,0,2,1,3,0
1492-2,1,27,salineros,67,54,1,252,104,0,303,0,9,35,0,0,0,2,1,3,0
1492-2,1,28,salineros,67,54,1,257,88,0,310,0,9,34,0,0,0,2,1,8,0
1492-2,1,29,salineros,70,54,1,266,87,0,317,0,12,37,0,0,0,2,1,3,0
1492-2,1,30,salineros,70,54,1,279,86,0,323,0,12,41,0,0,0,2,1,3,0
1492-2,1,31,salineros,70,54,1,291,85,0,329,0,12,41,0,0,0,2,1,3,0
1492-2,1,32,salineros,70,54,1,302,72,0,334,0,12,40,0,0,0,2,1,8,0
1492-2,1,33,salineros,73,54,1,318,71,0,339,0,12,40,0,0,0,2,1,4,0
1492-2,1,34,salineros,73,54,1,336,74,0,343,0,12,39,0,0,0,2,1,4,0
1492-2,1,35,salineros,74,56,1,353,90,0,347,0,25,52,0,0,0,2,1,4,0
1492-2,1,36,salineros,74,58,1,363,94,0,349,0,25,52,0,0,0,2,1,8,0
1492-2,1,37,salineros,78,60,1,375,105,0,352,0,25,52,0,0,0,2,1,3,0
1492-2,1,38,salineros,78,60,1,387,115,0,355,0,25,54,0,0,0,2,1,3,0
1492-2,1,39,salineros,78,60,1,399,125,0,358,0,25,54,0,0,0,2,1,3,0
1492-2,1,40,salineros,78,60,1,415,135,0,361,0,25,54,0,0,0,2,1,3,0
1492-2,1,41,salineros,78,60,1,429,136,0,364,0,16,45,0,0,0,2,1,3,0
1492-2,1,42,salineros,78,60,1,443,137,0,367,0,16,45,0,0,0,2,1,3,0
1492-2,1,43,salineros,78,64,1,466,143,0,370,0,16,45,0,0,0,2,1,4,0
1492-2,1,44,salineros,78,60,1,463,133,0,373,0,16,45,0,0,0,2,1,4,0
1492-2,1,45,salineros,78,60,1,478,123,0,376,0,16,45,0,0,0,2,1,8,0
1492-2,1,46,salineros,78,60,1,492,124,0,379,0,16,45,0,0,0,2,1,3,0
1492-2,1,47,salineros,81,60,1,511,118,0,381,0,9,38,0,0,0,2,1,3,0
1492-2,1,48,salineros,81,60,1,497,112,0,384,0,9,32,0,0,0,2,1,3,0
1492-2,1,49,salineros,81,60,1,486,106,0,387,0,9,32,0,0,0,2,1,3,0
1492-2,1,50,salineros,81,60,1,475,100,0,391,0,9,32,0,0,0,2,1,3,0
1492-2,1,51,salineros,81,60,1,462,94,0,395,0,9,32,0,0,0,2,1,3,0
1492-2,1,52,salineros,81,60,1,447,76,0,399,0,9,32,0,0,0,2,1,8,0
1492-2,1,53,salineros,81,60,1,454,73,0,403,0,12,35,0,0,0,2,1,4,0
1492-2,1,54,salineros,81,60,1,465,74,0,407,0,12,41,0,0,0,2,1,4,0
1492-2,1,55,salineros,84,60,1,475,75,0,411,0,12,41,0,0,0,2,1,4,0
1492-2,1,56,salineros,84,60,1,484,76,0,415,0,12,41,0,0,0,2,1,4,0
1492-2,1,57,salineros,84,60,1,493,77,0,419,0,12,41,0,0,0,2,1,4,0
1492-2,1,58,salineros,84,60,1,501,78,0,423,0,12,41,0,0,0,2,1,4,0
1492-2,1,59,salineros,84,60,1,508,92,0,427,0,25,54,0,0,0,2,1,4,0
1492-2,1,60,salineros,84,60,1,493,106,0,430,0,25,54,0,0,0,2,1,3,0
1492-2,1,61,salineros,84,60,1,483,116,0,433,0,25,54,0,0,0,2,1,3,0
1492-2,1,62,salineros,84,60,1,473,126,0,436,0,25,54,0,0,0,2,1,3,0
1492-2,1,63,salineros,84,64,1,481,139,0,439,0,25,54,0,0,0,2,1,4,0
1492-2,1,64,salineros,84,60,1,462,138,0,442,0,25,54,0,0,0,2,1,4,0
1492-2,1,65,salineros,84,60,1,461,129,0,445,0,19,48,0,0,0,2,1,8,0
1492-2,1,66,salineros,84,60,1,488,133,0,445,0,19,48,0,0,0,2,1,3,0
1492-2,1,67,salineros,87,60,1,571,137,0,441,0,19,48,0,0,0,2,1,2,0
1492-2,1,68,salineros,87,60,1,673,141,0,437,0,19,48,0,0,0,2,1,2,0
1492-2,1,69,salineros,87,60,1,787,145,0,433,0,19,48,0,0,0,2,1,2,0
1492-2,1,70,salineros,87,60,1,866,109,0,429,0,19,48,0,0,0,2,1,3,0
1492-2,1,71,salineros,87,60,1,920,103,0,425,0,9,38,0,0,0,2,1,3,0
1492-2,1,72,salineros,135,100,2,1013,97,0,422,0,9,32,0,0,0,3,1,3,0
1492-2,1,73,salineros,135,100,2,1046,41,0,427,0,9,40,0,0,0,3,1,5,0
1492-2,1,74,salineros,134,100,2,1055,47,0,433,0,9,40,1,0,0,3,1,6,0
1492-2,1,75,salineros,191,140,3,1066,44,0,439,0,9,40,1,1,0,4,1,4,0
1492-2,1,76,salineros,190,141,3,1085,45,0,445,0,13,52,1,0,0,4,1,7,0
1492-2,1,77,salineros,188,138,3,1089,44,0,451,0,17,52,1,0,0,4,1,5,0
1492-2,1,78,salineros,187,135,3,1097,44,0,457,0,16,53,1,0,0,4,1,5,0
1492-2,1,79,salineros,185,132,3,1116,44,0,461,0,16,49,1,0,0,4,1,4,0
1492-2,1,80,salineros,183,129,3,1143,44,0,467,0,16,49,1,0,0,4,1,3,0
1492-2,1,81,salineros,182,126,3,1157,47,0,472,0,14,44,1,0,0,4,1,3,0
1492-2,1,82,salineros,180,123,3,1170,47,0,477,0,14,44,1,0,0,4,1,4,0
1492-2,1,83,salineros,180,123,3,1126,10,0,479,0,26,47,0,0,0,4,1,3,0
1492-2,1,84,salineros,180,123,3,1126,13,0,483,0,30,53,0,2,0,4,1,5,0
1492-2,1,85,salineros,117,107,2,1112,32,0,487,0,23,42,0,1,0,4,1,4,0
1492-2,1,86,salineros,117,107,2,1112,33,0,491,0,23,52,0,0,0,4,1,5,0
1492-2,1,87,salineros,117,107,2,1111,32,0,495,0,23,52,0,1,0,4,1,5,0
1492-2,1,88,salineros,118,111,2,1104,49,0,500,0,41,71,0,1,0,4,1,5,0
1492-2,1,89,salineros,118,111,2,1067,20,0,505,0,36,66,0,1,0,4,1,6,0
1492-2,1,90,salineros,118,114,2,1027,37,0,510,0,42,72,0,1,0,4,1,5,0
1492-2,1,91,salineros,146,152,3,1042,61,0,514,0,48,79,0,0,0,4,1,7,0
1492-2,1,92,salineros,147,158,3,1043,71,0,518,0,48,85,0,2,0,4,1,5,0
1492-2,1,93,salineros,148,164,3,1002,82,0,522,0,48,85,0,1,0,4,1,5,0
1492-2,1,94,salineros,150,171,3,1014,101,0,526,0,56,95,0,0,0,4,1,5,0
1492-2,1,95,salineros,149,167,3,1004,90,0,530,0,37,76,0,0,0,4,1,5,0
1492-2,1,96,salineros,149,167,3,984,50,0,535,0,37,76,0,0,0,4,1,5,0
1492-2,1,97,salineros,149,167,3,943,50,0,540,0,37,76,0,0,0,4,1,4,0
1492-2,1,98,salineros,180,222,4,902,50,0,545,0,37,76,0,0,0,4,1,5,0
1492-2,1,99,salineros,180,222,4,902,36,0,550,0,37,86,0,0,0,4,1,6,0
1492-2,1,100,salineros,180,222,4,886,20,0,555,0,37,86,0,0,0,4,1,5,0
1492-2,1,101,salineros,180,222,4,848,11,0,560,0,46,95,0,1,0,4,1,5,0
1492-2,1,102,salineros,180,222,4,838,12,0,565,0,54,107,0,0,0,4,1,6,0
1492-2,1,103,salineros,180,222,4,854,11,0,570,0,54,107,0,1,0,4,1,4,0
1492-2,1,104,salineros,180,222,4,860,12,0,582,0,54,114,0,1,0,4,1,4,0
1492-2,1,105,salineros,180,222,4,825,13,0,602,0,54,122,0,1,0,4,1,5,0
1492-2,1,106,salineros,180,222,4,839,22,0,621,0,62,129,0,1,0,4,1,5,0
1492-2,1,107,salineros,182,231,4,853,70,0,639,0,101,168,0,1,0,4,1,4,0
1492-2,1,108,salineros,184,241,4,838,78,0,657,0,101,170,0,0,0,4,1,5,0
1492-2,1,109,salineros,186,251,4,804,123,0,673,0,101,170,0,0,0,4,1,5,0
1492-2,1,110,salineros,215,296,5,824,166,0,688,0,101,174,0,0,0,4,1,5,0
1492-2,1,111,salineros,217,308,5,813,168,0,701,0,126,201,0,0,0,4,1,12,0
1492-2,1,112,salineros,220,321,5,802,213,0,714,0,126,202,0,1,0,4,1,7,0
1492-2,1,113,salineros,249,369,6,831,227,0,727,0,96,178,0,0,0,4,1,6,0
1492-2,1,114,salineros,255,382,6,871,235,0,740,0,104,188,0,1,0,4,1,6,0
1492-2,1,115,salineros,257,390,6,913,247,0,753,0,109,196,0,0,0,4,1,6,0
1492-2,1,116,salineros,258,397,6,957,257,0,764,0,109,197,0,0,0,4,1,5,0
1492-2,1,117,salineros,260,406,6,1004,265,0,775,0,109,200,0,0,0,4,1,6,0
1492-2,1,118,salineros,261,413,6,1054,271,0,786,0,109,204,0,0,0,4,1,5,0
1492-2,1,119,salineros,261,413,6,1106,235,0,797,0,71,167,0,0,0,4,1,5,0
1492-2,1,120,salineros,262,417,6,1132,159,0,809,0,71,161,0,1,0,4,1,8,0
1492-2,1,121,salineros,262,417,6,1132,124,0,822,0,71,161,0,0,0,4,1,6,0
1492-2,1,122,salineros,293,472,7,1167,92,0,835,0,71,160,0,0,0,4,1,5,0
1492-2,1,123,salineros,293,472,7,1199,49,0,849,0,71,170,0,0,0,4,1,5,0
1492-2,1,124,salineros,293,472,7,1231,6,0,863,0,71,170,0,0,0,4,1,4,0
1492-2,1,125,salineros,292,472,7,1261,4,0,878,0,89,188,1,0,0,4,1,4,0
1492-2,1,126,salineros,291,472,7,1297,4,0,891,0,82,185,1,0,0,4,1,4,0
1492-2,1,127,salineros,288,462,7,1333,4,0,904,0,82,185,1,0,0,4,1,4,0
1492-2,1,128,salineros,285,452,7,1361,4,0,917,0,82,178,1,0,0,4,1,5,0
1492-2,1,129,salineros,282,442,7,1381,4,0,928,0,76,159,1,0,0,4,1,5,0
1492-2,1,130,salineros,279,432,7,1397,4,0,939,0,75,151,1,0,0,4,1,5,0
1492-2,1,131,salineros,279,432,7,1402,24,0,949,0,124,193,0,0,0,4,1,5,0
1492-2,1,132,salineros,282,448,7,1398,42,0,959,0,124,182,0,1,0,4,1,5,0
1492-2,1,133,salineros,285,464,7,1403,67,0,967,0,135,192,0,1,0,4,1,5,0
1492-2,1,134,salineros,288,478,7,1412,112,0,974,0,157,216,0,0,0,4,1,4,0
1492-2,1,135,salineros,291,490,7,1408,157,0,980,0,160,222,0,0,0,4,1,4,0
1492-2,1,136,salineros,293,500,7,1434,200,0,987,0,166,230,0,1,0,4,1,6,0
1492-2,1,137,salineros,293,500,7,1465,184,0,994,0,111,177,0,0,0,4,1,5,0
1492-2,1,138,salineros,293,500,7,1480,169,0,1001,0,112,178,0,0,0,4,1,5,0
1492-2,1,139,salineros,293,500,7,1510,158,0,1008,0,118,184,0,1,0,4,1,6,0
1492-2,1,140,salineros,293,500,7,1540,154,0,1015,0,123,189,0,0,0,4,1,5,0
1492-2,1,141,salineros,293,502,7,1574,152,0,1023,0,125,192,0,0,0,4,1,5,0
1492-2,1,142,salineros,293,502,7,1593,153,0,1031,0,125,192,0,0,0,4,1,4,0
1492-2,1,143,salineros,293,502,7,1622,115,0,1040,0,86,153,0,0,0,4,1,6,0
1492-2,1,144,salineros,293,502,7,1640,82,0,1050,0,91,158,0,0,0,4,1,5,0
1492-2,1,145,salineros,293,502,7,1614,12,0,1061,0,91,158,0,0,0,4,1,6,0
1492-2,1,146,salineros,292,502,7,1581,4,0,1073,0,91,162,1,0,0,4,1,7,0
1492-2,1,147,salineros,328,587,8,1602,4,0,1085,0,91,166,1,1,0,4,1,4,0
1492-2,1,148,salineros,324,574,8,1629,4,0,1097,0,97,188,1,0,0,4,1,5,0
1492-2,1,149,salineros,321,561,8,1652,4,0,1109,0,117,204,1,0,0,4,1,4,0
1492-2,1,150,salineros,317,549,8,1681,4,0,1120,0,109,201,1,0,0,4,1,5,0
1492-2,1,151,salineros,314,537,8,1705,4,0,1131,0,107,187,1,0,0,4,1,6,0
1492-2,1,152,salineros,311,525,8,1723,4,0,1144,0,102,179,1,0,0,4,1,5,0
1492-2,1,153,salineros,307,513,8,1735,4,0,1157,0,93,166,1,0,0,4,1,5,0
1492-2,1,154,salineros,304,501,8,1738,4,0,1169,0,91,154,1,0,0,4,1,5,0
1492-2,1,155,salineros,307,516,8,1737,36,0,1179,0,153,212,0,0,0,4,1,5,0
1492-2,1,156,salineros,310,532,8,1735,72,0,1189,0,163,220,0,1,0,4,1,4,0
1492-2,1,157,salineros,259,478,7,1736,106,0,1198,0,163,219,0,0,0,4,1,4,0
1492-2,1,158,salineros,263,495,7,1739,156,0,1206,0,165,222,0,0,0,4,1,4,0
1492-2,1,159,salineros,265,506,7,1742,211,0,1214,0,177,237,0,0,0,4,1,6,0
1492-2,1,160,salineros,267,515,7,1750,263,0,1221,0,182,243,0,1,0,4,1,6,0
1492-2,1,161,salineros,269,525,7,1779,266,0,1230,0,135,200,0,1,0,4,1,6,0
1492-2,1,162,salineros,271,537,7,1807,273,0,1239,0,140,205,0,0,0,4,1,5,0
1492-2,1,163,salineros,273,549,7,1835,278,0,1248,0,141,207,0,0,0,4,1,5,0
1492-2,1,164,salineros,276,562,7,1813,287,0,1257,0,148,214,0,0,0,4,1,6,0
1492-2,1,165,salineros,278,573,7,1840,296,0,1266,0,151,217,0,0,0,4,1,6,0
1492-2,1,166,salineros,279,579,7,1868,308,0,1274,0,157,224,0,0,0,4,1,6,0
1492-2,1,167,salineros,279,575,7,1873,261,0,1283,0,109,183,0,0,0,4,1,8,0
1492-2,1,168,salineros,279,575,7,1856,223,0,1293,0,109,182,0,0,0,4,1,6,0
1492-2,1,169,salineros,279,575,7,1897,182,0,1304,0,106,187,0,1,0,4,1,7,0
1492-2,1,170,salineros,279,575,7,1942,147,0,1316,0,110,195,0,0,0,4,1,6,0
1492-2,1,171,salineros,279,575,7,1981,115,0,1328,0,110,199,0,0,0,4,1,5,0
1492-2,1,172,salineros,279,575,7,1972,86,0,1341,0,110,205,0,0,0,4,1,4,0
1492-2,1,173,salineros,279,575,7,2012,85,0,1354,0,138,233,0,0,0,4,1,5,0
1492-2,1,174,salineros,279,575,7,2058,84,0,1367,0,138,239,0,0,0,4,1,4,0
1492-2,1,175,salineros,279,575,7,2102,83,0,1380,0,138,239,0,0,0,4,1,4,0
1492-2,1,176,salineros,279,575,7,2096,80,0,1393,0,138,239,0,1,0,4,1,5,0
1492-2,1,177,salineros,279,575,7,2140,79,0,1406,0,138,239,0,0,0,4,1,5,0
1492-2,1,178,salineros,279,575,7,2183,78,0,1419,0,138,239,0,0,0,4,1,4,0
1492-2,1,179,salineros,280,584,7,2226,159,0,1430,0,220,321,0,0,0,4,1,4,0
1492-2,1,180,salineros,282,590,7,2191,194,0,1441,0,220,324,0,0,0,4,1,7,0
1492-2,1,181,salineros,283,596,7,2259,263,0,1450,0,220,324,0,1,0,4,1,7,0
1492-2,1,182,salineros,317,669,8,2312,336,0,1458,0,224,329,0,0,0,4,1,5,0
1492-2,1,183,salineros,318,671,8,2377,357,0,1465,0,192,301,0,1,0,4,1,6,0
1492-2,1,184,salineros,318,674,8,2393,372,0,1471,0,197,307,0,0,0,4,1,10,0
1492-2,1,185,salineros,318,674,8,2458,357,0,1478,0,155,265,0,0,0,4,1,6,0
1492-2,1,186,salineros,321,674,8,2523,342,0,1486,0,155,265,0,0,0,4,1,5,0
1492-2,1,187,salineros,321,674,8,2588,327,0,1494,0,155,265,0,0,0,4,1,6,0
1492-2,1,188,salineros,321,674,8,2597,312,0,1502,0,155,270,0,0,0,4,1,5,0
1492-2,1,189,salineros,322,677,8,2666,315,0,1510,0,175,290,0,1,0,4,1,7,0
1492-2,1,190,salineros,323,680,8,2735,331,0,1518,0,187,302,0,0,0,4,1,5,0
1492-2,1,191,salineros,323,680,8,2808,284,0,1527,0,125,240,0,0,0,4,1,6,0
1492-2,1,192,salineros,323,680,8,2824,237,0,1537,0,125,234,0,0,0,4,1,5,0
1492-2,1,193,salineros,323,680,8,2889,195,0,1548,0,130,239,0,0,0,4,1,6,0
1492-2,1,194,salineros,323,680,8,2954,153,0,1559,0,130,239,0,0,0,4,1,5,0
1492-2,1,195,salineros,323,680,8,3008,111,0,1571,0,130,239,0,0,0,4,1,5,0
1492-2,1,196,salineros,323,680,8,3008,70,0,1584,0,130,239,0,0,0,4,1,5,0
1492-2,1,197,salineros,323,680,8,3055,59,0,1597,0,157,266,0,1,0,4,1,5,0
1492-2,1,198,salineros,323,680,8,3107,60,0,1610,0,167,282,0,0,0,4,1,4,0
1492-2,1,199,salineros,323,680,8,3159,61,0,1623,0,167,282,0,0,0,4,1,4,0
1492-2,1,200,salineros,323,680,8,3160,62,0,1636,0,167,282,0,0,0,4,1,4,0
1492-3,1,1,arrieros,46,116,1,48,60,0,0,0,18,42,0,0,0,0,1,4,0
1492-3,1,2,arrieros,46,116,1,55,46,0,0,0,18,29,0,0,0,0,1,0,1
1492-3,1,3,arrieros,46,116,1,62,32,0,0,0,18,29,0,0,0,0,1,0,1
1492-3,1,4,arrieros,46,116,1,69,19,0,0,0,18,29,0,0,0,0,1,0,1
1492-3,1,5,arrieros,46,116,1,76,12,0,0,0,24,35,0,1,0,0,1,0,1
1492-3,1,6,arrieros,46,116,1,89,7,0,0,0,24,54,0,0,0,0,1,4,0
1492-3,1,7,arrieros,46,116,1,113,5,0,0,0,24,54,0,0,0,0,1,2,0
1492-3,1,8,arrieros,46,116,1,100,6,0,0,0,24,54,0,0,0,0,1,3,0
1492-3,1,9,arrieros,46,116,1,102,10,0,0,0,24,54,0,0,0,0,1,2,0
1492-3,1,10,arrieros,46,116,1,101,14,0,0,0,24,54,0,0,0,0,1,2,0
1492-3,1,11,arrieros,46,116,1,104,41,0,0,0,48,78,0,0,0,0,1,2,0
1492-3,1,12,arrieros,46,116,1,106,67,0,0,0,48,78,0,0,0,0,1,2,0
1492-3,1,13,arrieros,45,112,1,87,86,0,0,0,48,78,0,0,0,0,1,4,0
1492-3,1,14,arrieros,59,108,1,89,105,0,0,0,48,78,0,0,0,1,1,3,0
1492-3,1,15,arrieros,58,104,1,79,122,0,0,0,48,76,0,0,0,1,1,3,0
1492-3,1,16,arrieros,58,100,1,82,140,0,0,0,48,76,0,0,0,1,1,3,0
1492-3,1,17,arrieros,57,96,1,78,110,0,0,0,30,58,0,0,0,1,1,13,0
1492-3,1,18,arrieros,70,96,1,91,117,0,0,0,30,56,0,0,0,2,1,2,0
1492-3,1,19,arrieros,70,96,1,90,123,0,0,0,30,56,0,0,0,2,1,2,0
1492-3,1,20,arrieros,70,96,1,93,131,0,0,0,30,56,0,0,0,2,1,2,0
1492-3,1,21,arrieros,70,96,1,91,115,0,0,0,30,56,0,0,0,2,1,12,0
1492-3,1,22,arrieros,70,96,1,94,125,0,0,0,30,56,0,0,0,2,1,2,0
1492-3,1,23,arrieros,73,96,1,91,122,0,0,0,18,44,0,0,0,2,1,2,0
1492-3,1,24,arrieros,73,96,1,84,120,0,0,0,18,35,0,0,0,2,1,2,0
1492-3,1,25,arrieros,73,96,1,87,117,0,0,0,18,35,0,0,0,2,1,2,0
1492-3,1,26,arrieros,73,96,1,82,88,0,0,0,18,35,0,0,0,2,1,12,0
1492-3,1,27,arrieros,76,96,1,82,85,0,0,0,18,35,0,0,0,2,1,2,0
1492-3,1,28,arrieros,76,96,1,81,81,0,0,0,18,35,0,0,0,2,1,2,0
1492-3,1,29,arrieros,76,96,1,79,83,0,0,0,24,41,0,0,0,2,1,2,0
1492-3,1,30,arrieros,76,96,1,90,61,0,0,0,24,50,0,0,0,2,1,12,0
1492-3,1,31,arrieros,79,96,1,88,63,0,0,0,24,50,0,0,0,2,1,2,0
1492-3,1,32,arrieros,79,96,1,93,68,0,0,0,24,50,0,0,0,2,1,2,0
1492-3,1,33,arrieros,79,96,1,89,72,0,0,0,24,50,0,0,0,2,1,2,0
1492-3,1,34,arrieros,79,96,1,94,48,0,0,0,24,50,0,0,0,2,1,12,0
1492-3,1,35,arrieros,82,96,1,93,77,0,0,0,48,74,0,0,0,2,1,2,0
1492-3,1,36,arrieros,82,96,1,93,105,0,0,0,48,74,0,0,0,2,1,2,0
1492-3,1,37,arrieros,82,96,1,92,144,0,0,0,60,86,0,0,0,2,1,2,0
1492-3,1,38,arrieros,82,96,1,96,181,0,0,0,60,86,0,0,0,2,1,2,0
1492-3,1,39,arrieros,82,96,1,90,209,0,0,0,60,86,0,0,0,2,1,2,0
1492-3,1,40,arrieros,82,96,1,96,236,0,0,0,60,86,0,0,0,2,1,2,0
1492-3,1,41,arrieros,83,104,1,102,241,0,0,0,37,63,0,0,0,2,1,9,0
1492-3,1,42,arrieros,83,100,1,89,237,0,0,0,37,65,0,0,0,2,1,3,0
1492-3,1,43,arrieros,82,96,1,85,213,0,0,0,30,58,0,0,0,2,1,8,0
1492-3,1,44,arrieros,85,96,1,97,197,0,0,0,30,56,0,0,0,2,1,7,0
1492-3,1,45,arrieros,85,96,1,88,195,0,0,0,30,56,0,0,0,2,1,2,0
1492-3,1,46,arrieros,85,96,1,93,193,0,0,0,30,56,0,0,0,2,1,2,0
1492-3,1,47,arrieros,85,96,1,96,180,0,0,0,18,44,0,0,0,2,1,2,0
1492-3,1,48,arrieros,85,96,1,80,134,0,0,0,18,35,0,0,0,2,1,12,0
1492-3,1,49,arrieros,85,96,1,86,123,0,0,0,18,35,0,0,0,2,1,2,0
1492-3,1,50,arrieros,88,96,1,79,117,0,0,0,18,35,0,0,0,2,1,2,0
1492-3,1,51,arrieros,88,96,1,82,113,0,0,0,18,35,0,0,0,2,1,2,0
1492-3,1,52,arrieros,88,96,1,79,107,0,0,0,18,35,0,0,0,2,1,2,0
1492-3,1,53,arrieros,88,96,1,81,108,0,0,0,24,41,0,0,0,2,1,2,0
1492-3,1,54,arrieros,88,96,1,87,108,0,0,0,24,50,0,0,0,2,1,2,0
1492-3,1,55,arrieros,88,96,1,90,109,0,0,0,24,50,0,0,0,2,1,2,0
1492-3,1,56,arrieros,88,96,1,92,111,0,0,0,24,50,0,0,0,2,1,2,0
1492-3,1,57,arrieros,88,96,1,95,114,0,0,0,24,50,0,0,0,2,1,2,0
1492-3,1,58,arrieros,88,96,1,93,117,0,0,0,24,50,0,0,0,2,1,2,0
1492-3,1,59,arrieros,89,104,1,104,144,0,0,0,48,74,0,0,0,2,1,4,0
1492-3,1,60,arrieros,89,100,1,88,162,0,0,0,48,76,0,0,0,2,1,3,0
1492-3,1,61,arrieros,88,96,1,83,181,0,0,0,48,76,0,0,0,2,1,3,0
1492-3,1,62,arrieros,88,96,1,95,197,0,0,0,48,74,0,0,0,2,1,2,0
1492-3,1,63,arrieros,88,96,1,95,213,0,0,0,48,74,0,0,0,2,1,2,0
1492-3,1,64,arrieros,88,96,1,98,228,0,0,0,48,74,0,0,0,2,1,2,0
1492-3,1,65,arrieros,88,96,1,92,181,0,0,0,24,50,0,0,0,2,1,12,0
1492-3,1,66,arrieros,88,96,1,97,174,0,0,0,24,50,0,0,0,2,1,2,0
1492-3,1,67,arrieros,91,96,1,91,168,0,0,0,24,50,0,0,0,2,1,2,0
1492-3,1,68,arrieros,91,96,1,96,162,0,0,0,24,50,0,0,0,2,1,2,0
1492-3,1,69,arrieros,91,96,1,89,156,0,0,0,24,50,0,0,0,2,1,2,0
1492-3,1,70,arrieros,91,96,1,94,150,0,0,0,24,50,0,0,0,2,1,2,0
1492-3,1,71,arrieros,91,96,1,96,139,0,0,0,18,44,0,0,0,2,1,2,0
1492-3,1,72,arrieros,91,96,1,86,128,0,0,0,18,35,0,0,0,2,1,3,0
1492-3,1,73,arrieros,91,96,1,83,123,0,0,0,18,35,0,0,0,2,1,2,0
1492-3,1,74,arrieros,91,96,1,83,119,0,0,0,18,35,0,0,0,2,1,2,0
1492-3,1,75,arrieros,92,104,1,93,116,0,0,0,18,35,0,0,0,2,1,4,0
1492-3,1,76,arrieros,92,100,1,68,103,0,0,0,18,36,0,0,0,2,1,3,0
1492-3,1,77,arrieros,91,96,1,74,84,0,0,0,24,42,0,0,0,2,1,8,0
1492-3,1,78,arrieros,91,96,1,85,63,0,0,0,24,50,0,0,0,2,1,7,0
1492-3,1,79,arrieros,94,96,1,86,64,0,0,0,24,50,0,0,0,2,1,2,0
1492-3,1,80,arrieros,94,96,1,90,68,0,0,0,24,50,0,0,0,2,1,2,0
1492-3,1,81,arrieros,94,96,1,92,72,0,0,0,24,50,0,0,0,2,1,2,0
1492-3,1,82,arrieros,94,96,1,95,77,0,0,0,24,50,0,0,0,2,1,2,0
1492-3,1,83,arrieros,94,96,1,93,104,0,0,0,48,74,0,0,0,2,1,2,0
1492-3,1,84,arrieros,94,96,1,92,131,0,0,0,48,74,0,0,0,2,1,2,0
1492-3,1,85,arrieros,94,96,1,94,157,0,0,0,48,74,0,0,0,2,1,2,0
1492-3,1,86,arrieros,94,96,1,97,181,0,0,0,48,74,0,0,0,2,1,2,0
1492-3,1,87,arrieros,94,96,1,91,197,0,0,0,48,74,0,0,0,2,1,2,0
1492-3,1,88,arrieros,95,100,1,103,218,0,0,0,48,74,0,0,0,2,1,3,0
1492-3,1,89,arrieros,95,100,1,93,216,0,0,0,30,58,0,0,0,2,1,4,0
1492-3,1,90,arrieros,94,96,1,88,188,0,0,0,30,58,0,0,0,2,1,8,0
1492-3,1,91,arrieros,94,96,1,91,168,0,0,0,30,56,0,0,0,2,1,7,0
1492-3,1,92,arrieros,97,96,1,94,168,0,0,0,30,56,0,0,0,2,1,2,0
1492-3,1,93,arrieros,97,96,1,97,168,0,0,0,30,56,0,0,0,2,1,2,0
1492-3,1,94,arrieros,97,96,1,90,168,0,0,0,30,56,0,0,0,2,1,2,0
1492-3,1,95,arrieros,97,96,1,95,156,0,0,0,18,44,0,0,0,2,1,2,0
1492-3,1,96,arrieros,97,96,1,88,144,0,0,0,18,35,0,0,0,2,1,2,0
1492-3,1,97,arrieros,97,96,1,81,133,0,0,0,18,35,0,0,0,2,1,2,0
1492-3,1,98,arrieros,97,96,1,80,122,0,0,0,18,35,0,0,0,2,1,2,0
1492-3,1,99,arrieros,98,100,1,88,118,0,0,0,18,35,0,0,0,2,1,3,0
1492-3,1,100,arrieros,98,100,1,76,106,0,0,0,18,36,0,0,0,2,1,4,0
1492-3,1,101,arrieros,97,96,1,72,85,0,0,0,24,42,0,0,0,2,1,8,0
1492-3,1,102,arrieros,97,96,1,89,66,0,0,0,24,50,0,0,0,2,1,7,0
1492-3,1,103,arrieros,100,96,1,85,66,0,0,0,24,50,0,0,0,2,1,2,0
1492-3,1,104,arrieros,100,96,1,90,71,0,0,0,24,50,0,0,0,2,1,2,0
1492-3,1,105,arrieros,100,96,1,92,75,0,0,0,24,50,0,0,0,2,1,2,0
1492-3,1,106,arrieros,100,96,1,95,79,0,0,0,24,50,0,0,0,2,1,2,0
1492-3,1,107,arrieros,100,96,1,93,106,0,0,0,48,74,0,0,0,2,1,2,0
1492-3,1,108,arrieros,100,96,1,92,133,0,0,0,48,74,0,0,0,2,1,2,0
1492-3,1,109,arrieros,100,96,1,94,159,0,0,0,48,74,0,0,0,2,1,2,0
1492-3,1,110,arrieros,100,96,1,97,183,0,0,0,48,74,0,0,0,2,1,2,0
1492-3,1,111,arrieros,100,96,1,91,199,0,0,0,48,74,0,0,0,2,1,2,0
1492-3,1,112,arrieros,101,100,1,103,220,0,0,0,48,74,0,0,0,2,1,3,0
1492-3,1,113,arrieros,101,100,1,93,218,0,0,0,30,58,0,0,0,2,1,4,0
1492-3,1,114,arrieros,100,96,1,88,190,0,0,0,30,58,0,0,0,2,1,8,0
1492-3,1,115,arrieros,100,96,1,91,170,0,0,0,30,56,0,0,0,2,1,7,0
1492-3,1,116,arrieros,103,96,1,94,169,0,0,0,30,56,0,0,0,2,1,2,0
1492-3,1,117,arrieros,103,96,1,96,168,0,0,0,30,56,0,0,0,2,1,2,0
1492-3,1,118,arrieros,103,96,1,89,168,0,0,0,30,56,0,0,0,2,1,2,0
1492-3,1,119,arrieros,103,96,1,94,156,0,0,0,18,44,0,0,0,2,1,2,0
1492-3,1,120,arrieros,103,96,1,87,144,0,0,0,18,35,0,0,0,2,1,2,0
1492-3,1,121,arrieros,103,96,1,80,133,0,0,0,18,35,0,0,0,2,1,2,0
1492-3,1,122,arrieros,103,96,1,83,122,0,0,0,18,35,0,0,0,2,1,2,0
1492-3,1,123,arrieros,104,100,1,86,117,0,0,0,18,35,0,0,0,2,1,3,0
1492-3,1,124,arrieros,104,100,1,75,106,0,0,0,18,36,0,0,0,2,1,4,0
1492-3,1,125,arrieros,103,96,1,71,85,0,0,0,24,42,0,0,0,2,1,8,0
1492-3,1,126,arrieros,103,96,1,88,66,0,0,0,24,50,0,0,0,2,1,7,0
1492-3,1,127,arrieros,106,96,1,88,66,0,0,0,24,50,0,0,0,2,1,2,0
1492-3,1,128,arrieros,106,96,1,92,70,0,0,0,24,50,0,0,0,2,1,2,0
1492-3,1,129,arrieros,106,96,1,94,74,0,0,0,24,50,0,0,0,2,1,2,0
1492-3,1,130,arrieros,106,96,1,93,79,0,0,0,24,50,0,0,0,2,1,2,0
1492-3,1,131,arrieros,106,96,1,93,107,0,0,0,48,74,0,0,0,2,1,2,0
1492-3,1,132,arrieros,106,96,1,92,134,0,0,0,48,74,0,0,0,2,1,2,0
1492-3,1,133,arrieros,106,96,1,94,160,0,0,0,48,74,0,0,0,2,1,2,0
1492-3,1,134,arrieros,106,96,1,97,184,0,0,0,48,74,0,0,0,2,1,2,0
1492-3,1,135,arrieros,106,96,1,91,200,0,0,0,48,74,0,0,0,2,1,2,0
1492-3,1,136,arrieros,107,100,1,103,221,0,0,0,48,74,0,0,0,2,1,3,0
1492-3,1,137,arrieros,107,100,1,93,219,0,0,0,30,58,0,0,0,2,1,4,0
1492-3,1,138,arrieros,106,96,1,88,191,0,0,0,30,58,0,0,0,2,1,8,0
1492-3,1,139,arrieros,106,96,1,91,171,0,0,0,30,56,0,0,0,2,1,7,0
1492-3,1,140,arrieros,109,96,1,94,170,0,0,0,30,56,0,0,0,2,1,2,0
1492-3,1,141,arrieros,109,96,1,96,169,0,0,0,30,56,0,0,0,2,1,2,0
1492-3,1,142,arrieros,109,96,1,89,168,0,0,0,30,56,0,0,0,2,1,2,0
1492-3,1,143,arrieros,109,96,1,94,156,0,0,0,18,44,0,0,0,2,1,2,0
1492-3,1,144,arrieros,109,96,1,87,144,0,0,0,18,35,0,0,0,2,1,2,0
1492-3,1,145,arrieros,109,96,1,80,133,0,0,0,18,35,0,0,0,2,1,2,0
1492-3,1,146,arrieros,109,96,1,83,122,0,0,0,18,35,0,0,0,2,1,2,0
1492-3,1,147,arrieros,110,100,1,86,117,0,0,0,18,35,0,0,0,2,1,3,0
1492-3,1,148,arrieros,110,100,1,75,106,0,0,0,18,36,0,0,0,2,1,4,0
1492-3,1,149,arrieros,109,96,1,71,85,0,0,0,24,42,0,0,0,2,1,8,0
1492-3,1,150,arrieros,109,96,1,88,66,0,0,0,24,50,0,0,0,2,1,7,0
1492-3,1,151,arrieros,112,96,1,88,66,0,0,0,24,50,0,0,0,2,1,3,0
1492-3,1,152,arrieros,112,96,1,92,70,0,0,0,24,50,0,0,0,2,1,2,0
1492-3,1,153,arrieros,112,96,1,94,74,0,0,0,24,50,0,0,0,2,1,2,0
1492-3,1,154,arrieros,112,96,1,93,79,0,0,0,24,50,0,0,0,2,1,2,0
1492-3,1,155,arrieros,112,96,1,93,107,0,0,0,48,74,0,0,0,2,1,2,0
1492-3,1,156,arrieros,112,96,1,92,134,0,0,0,48,74,0,0,0,2,1,2,0
1492-3,1,157,arrieros,112,96,1,94,160,0,0,0,48,74,0,0,0,2,1,2,0
1492-3,1,158,arrieros,112,96,1,97,184,0,0,0,48,74,0,0,0,2,1,2,0
1492-3,1,159,arrieros,112,96,1,91,200,0,0,0,48,74,0,0,0,2,1,2,0
1492-3,1,160,arrieros,113,100,1,102,221,0,0,0,48,74,0,0,0,2,1,3,0
1492-3,1,161,arrieros,113,100,1,93,220,0,0,0,30,58,0,0,0,2,1,4,0
1492-3,1,162,arrieros,112,96,1,90,192,0,0,0,30,58,0,0,0,2,1,8,0
1492-3,1,163,arrieros,112,96,1,93,171,0,0,0,30,56,0,0,0,2,1,7,0
1492-3,1,164,arrieros,115,96,1,96,170,0,0,0,30,56,0,0,0,2,1,2,0
1492-3,1,165,arrieros,115,96,1,89,169,0,0,0,30,56,0,0,0,2,1,2,0
1492-3,1,166,arrieros,115,96,1,94,168,0,0,0,30,56,0,0,0,2,1,2,0
1492-3,1,167,arrieros,115,96,1,96,156,0,0,0,18,44,0,0,0,2,1,2,0
1492-3,1,168,arrieros,115,96,1,80,144,0,0,0,18,35,0,0,0,2,1,2,0
1492-3,1,169,arrieros,115,96,1,85,133,0,0,0,18,35,0,0,0,2,1,2,0
1492-3,1,170,arrieros,115,96,1,78,122,0,0,0,18,35,0,0,0,2,1,2,0
1492-3,1,171,arrieros,116,100,1,86,100,0,0,0,18,35,0,0,0,2,1,8,0
1492-3,1,172,arrieros,115,96,1,70,89,0,0,0,18,36,0,0,0,2,1,3,0
1492-3,1,173,arrieros,115,96,1,81,74,0,0,0,24,41,0,0,0,2,1,7,0
1492-3,1,174,arrieros,118,96,1,85,74,0,0,0,24,50,0,0,0,2,1,2,0
1492-3,1,175,arrieros,118,96,1,88,77,0,0,0,24,50,0,0,0,2,1,2,0
1492-3,1,176,arrieros,118,96,1,91,80,0,0,0,24,50,0,0,0,2,1,2,0
1492-3,1,177,arrieros,118,96,1,93,83,0,0,0,24,50,0,0,0,2,1,2,0
1492-3,1,178,arrieros,118,96,1,92,87,0,0,0,24,50,0,0,0,2,1,2,0
1492-3,1,179,arrieros,118,96,1,96,115,0,0,0,48,74,0,0,0,2,1,2,0
1492-3,1,180,arrieros,118,96,1,94,141,0,0,0,48,74,0,0,0,2,1,2,0
1492-3,1,181,arrieros,118,96,1,94,167,0,0,0,48,74,0,0,0,2,1,3,0
1492-3,1,182,arrieros,118,96,1,98,187,0,0,0,48,74,0,0,0,2,1,2,0
1492-3,1,183,arrieros,118,96,1,92,203,0,0,0,48,74,0,0,0,2,1,2,0
1492-3,1,184,arrieros,118,96,1,98,218,0,0,0,48,74,0,0,0,2,1,2,0
1492-3,1,185,arrieros,119,100,1,97,217,0,0,0,30,56,0,0,0,2,1,3,0
1492-3,1,186,arrieros,118,96,1,103,209,0,0,0,30,58,0,0,0,2,1,3,0
1492-3,1,187,arrieros,119,100,1,55,187,0,0,0,30,56,0,0,0,2,1,8,0
1492-3,1,188,arrieros,118,96,1,69,178,0,0,0,30,58,0,0,0,2,1,1,0
1492-3,1,189,arrieros,121,96,1,82,157,0,0,0,30,56,0,0,0,2,1,7,0
1492-3,1,190,arrieros,121,96,1,88,155,0,0,0,30,56,0,0,0,2,1,2,0
1492-3,1,191,arrieros,121,96,1,90,142,0,0,0,18,44,0,0,0,2,1,3,0
1492-3,1,192,arrieros,121,96,1,81,130,0,0,0,18,35,0,0,0,2,1,2,0
1492-3,1,193,arrieros,121,96,1,81,125,0,0,0,18,35,0,0,0,2,1,2,0
1492-3,1,194,arrieros,121,96,1,79,118,0,0,0,18,35,0,0,0,2,1,2,0
1492-3,1,195,arrieros,121,96,1,81,111,0,0,0,18,35,0,0,0,2,1,2,0
1492-3,1,196,arrieros,121,96,1,78,103,0,0,0,18,35,0,0,0,2,1,2,0
1492-3,1,197,arrieros,121,96,1,79,102,0,0,0,24,41,0,0,0,2,1,2,0
1492-3,1,198,arrieros,121,96,1,90,100,0,0,0,24,50,0,0,0,2,1,2,0
1492-3,1,199,arrieros,121,96,1,89,99,0,0,0,24,50,0,0,0,2,1,2,0
1492-3,1,200,arrieros,122,100,1,97,101,0,0,0,24,50,0,0,0,2,1,3,0
1492-3,1,1,canteros,46,116,1,40,56,0,0,0,18,48,0,0,0,0,1,4,0
1492-3,1,2,canteros,46,116,1,47,42,0,0,0,18,34,0,0,0,0,1,0,1
1492-3,1,3,canteros,46,116,1,54,28,0,0,0,18,34,0,1,0,0,1,0,1
1492-3,1,4,canteros,46,116,1,69,17,0,0,0,18,42,0,0,0,0,1,1,0
1492-3,1,5,canteros,46,116,1,79,12,0,0,0,24,48,0,0,0,0,1,2,0
1492-3,1,6,canteros,46,116,1,89,8,0,0,0,24,59,0,0,0,0,1,2,0
1492-3,1,7,canteros,46,116,1,97,7,0,0,0,24,59,0,0,0,0,1,3,0
1492-3,1,8,canteros,46,116,1,94,6,0,0,0,24,59,0,0,0,0,1,3,0
1492-3,1,9,canteros,46,116,1,101,5,0,0,0,24,59,0,0,0,0,1,3,0
1492-3,1,10,canteros,46,116,1,100,4,0,0,0,24,59,0,0,0,0,1,3,0
1492-3,1,11,canteros,46,116,1,101,27,0,0,0,48,83,0,0,0,0,1,3,0
1492-3,1,12,canteros,46,116,1,102,49,0,0,0,48,83,0,0,0,0,1,3,0
1492-3,1,13,canteros,46,116,1,103,70,0,0,0,48,83,0,0,0,0,1,3,0
1492-3,1,14,canteros,45,112,1,85,80,0,0,0,48,83,0,0,0,0,1,4,0
1492-3,1,15,canteros,59,108,1,78,91,0,0,0,48,83,0,0,0,1,1,4,0
1492-3,1,16,canteros,59,108,1,92,112,0,0,0,48,81,0,0,0,1,1,2,0
1492-3,1,17,canteros,59,108,1,93,93,0,0,0,22,55,0,0,0,1,1,7,0
1492-3,1,18,canteros,59,108,1,98,92,0,0,0,22,54,0,0,0,1,1,2,0
1492-3,1,19,canteros,72,108,1,96,91,0,0,0,22,54,0,0,0,2,1,3,0
1492-3,1,20,canteros,72,108,1,95,90,0,0,0,22,54,0,0,0,2,1,3,0
1492-3,1,21,canteros,72,108,1,93,89,0,0,0,22,54,0,0,0,2,1,3,0
1492-3,1,22,canteros,72,108,1,97,88,0,0,0,22,54,0,0,0,2,1,2,0
1492-3,1,23,canteros,72,108,1,97,70,0,0,0,18,50,0,0,0,2,1,8,0
1492-3,1,24,canteros,72,108,1,87,66,0,0,0,18,40,0,0,0,2,1,3,0
1492-3,1,25,canteros,75,108,1,86,62,0,0,0,18,40,0,0,0,2,1,2,0
1492-3,1,26,canteros,75,108,1,83,57,0,0,0,18,40,0,0,0,2,1,2,0
1492-3,1,27,canteros,75,108,1,83,53,0,0,0,18,40,0,0,0,2,1,2,0
1492-3,1,28,canteros,75,108,1,81,48,0,0,0,18,40,0,0,0,2,1,2,0
1492-3,1,29,canteros,75,108,1,84,52,0,0,0,27,49,0,0,0,2,1,2,0
1492-3,1,30,canteros,75,108,1,90,54,0,0,0,27,59,0,0,0,2,1,3,0
1492-3,1,31,canteros,75,108,1,92,56,0,0,0,27,59,0,0,0,2,1,3,0
1492-3,1,32,canteros,75,108,1,96,58,0,0,0,27,59,0,0,0,2,1,3,0
1492-3,1,33,canteros,75,108,1,100,60,0,0,0,27,59,0,0,0,2,1,2,0
1492-3,1,34,canteros,75,108,1,117,54,0,0,0,27,59,0,0,0,2,1,8,0
1492-3,1,35,canteros,78,108,1,18,76,0,0,0,48,79,0,0,0,2,1,5,0
1492-3,1,36,canteros,78,108,1,77,96,0,1,0,48,79,0,0,0,2,1,1,0
1492-3,1,37,canteros,78,108,1,84,111,0,1,0,48,79,0,0,0,2,1,2,0
1492-3,1,38,canteros,78,108,1,90,129,0,1,0,48,79,0,0,0,2,1,3,0
1492-3,1,39,canteros,78,108,1,86,147,0,1,0,48,79,0,0,0,2,1,3,0
1492-3,1,40,canteros,78,108,1,95,164,0,1,0,48,79,0,0,0,2,1,3,0
1492-3,1,41,canteros,79,112,1,100,170,0,1,0,30,61,0,0,0,2,1,4,0
1492-3,1,42,canteros,78,108,1,74,161,0,1,0,30,63,0,0,0,2,1,4,0
1492-3,1,43,canteros,78,108,1,93,149,0,1,0,30,61,0,0,0,2,1,7,0
1492-3,1,44,canteros,78,108,1,93,147,0,1,0,30,61,0,0,0,2,1,2,0
1492-3,1,45,canteros,81,108,1,98,150,0,1,0,30,61,0,0,0,2,1,2,0
1492-3,1,46,canteros,81,108,1,96,152,0,1,0,30,61,0,0,0,2,1,3,0
1492-3,1,47,canteros,81,108,1,95,143,0,1,0,18,49,0,0,0,2,1,3,0
1492-3,1,48,canteros,81,108,1,83,134,0,1,0,18,39,0,0,0,2,1,3,0
1492-3,1,49,canteros,81,108,1,79,115,0,1,0,18,39,0,0,0,2,1,7,0
1492-3,1,50,canteros,81,108,1,82,105,0,1,0,18,39,0,0,0,2,1,2,0
1492-3,1,51,canteros,84,108,1,81,95,0,1,0,18,39,0,0,0,2,1,2,0
1492-3,1,52,canteros,84,108,1,81,86,0,1,0,18,38,0,0,0,2,1,2,0
1492-3,1,53,canteros,84,108,1,85,83,0,1,0,24,44,0,0,0,2,1,2,0
1492-3,1,54,canteros,84,108,1,92,79,0,1,0,24,54,0,0,0,2,1,3,0
1492-3,1,55,canteros,84,108,1,93,76,0,1,0,24,54,0,0,0,2,1,3,0
1492-3,1,56,canteros,84,108,1,96,73,0,1,0,24,54,0,0,0,2,1,3,0
1492-3,1,57,canteros,84,108,1,87,70,0,1,0,24,54,0,0,0,2,1,3,0
1492-3,1,58,canteros,84,108,1,92,67,0,1,0,24,54,0,0,0,2,1,3,0
1492-3,1,59,canteros,85,112,1,103,88,0,1,0,48,78,0,0,0,2,1,4,0
1492-3,1,60,canteros,84,108,1,82,97,0,1,0,48,80,0,0,0,2,1,4,0
1492-3,1,61,canteros,84,108,1,94,116,0,1,0,48,78,0,0,0,2,1,2,0
1492-3,1,62,canteros,84,108,1,94,134,0,1,0,48,78,0,0,0,2,1,3,0
1492-3,1,63,canteros,84,108,1,92,151,0,1,0,48,78,0,0,0,2,1,3,0
1492-3,1,64,canteros,84,108,1,96,155,0,0,0,48,78,0,0,0,2,1,8,0
1492-3,1,65,canteros,84,108,1,88,154,0,0,0,30,60,0,0,0,2,1,3,0
1492-3,1,66,canteros,87,108,1,97,156,0,0,0,30,60,0,0,0,2,1,2,0
1492-3,1,67,canteros,87,108,1,94,157,0,0,0,30,60,0,0,0,2,1,3,0
1492-3,1,68,canteros,87,108,1,98,159,0,0,0,30,60,0,0,0,2,1,2,0
1492-3,1,69,canteros,87,108,1,95,161,0,0,0,30,60,0,0,0,2,1,3,0
1492-3,1,70,canteros,87,108,1,93,163,0,0,0,30,60,0,0,0,2,1,3,0
1492-3,1,71,canteros,87,108,1,94,153,0,0,0,18,48,0,0,0,2,1,2,0
1492-3,1,72,canteros,87,108,1,89,144,0,0,0,18,38,0,0,0,2,1,2,0
1492-3,1,73,canteros,87,108,1,83,135,0,0,0,18,38,0,0,0,2,1,2,0
1492-3,1,74,canteros,87,108,1,85,127,0,0,0,18,38,0,0,0,2,1,2,0
1492-3,1,75,canteros,88,112,1,90,117,0,0,0,18,38,0,0,0,2,1,3,0
1492-3,1,76,canteros,87,108,1,63,98,0,0,0,18,39,0,0,0,2,1,3,0
1492-3,1,77,canteros,87,108,1,85,86,0,0,0,24,44,0,0,0,2,1,6,0
1492-3,1,78,canteros,87,108,1,86,78,0,0,0,24,54,0,0,0,2,1,3,0
1492-3,1,79,canteros,90,108,1,93,75,0,0,0,24,54,0,0,0,2,1,3,0
1492-3,1,80,canteros,90,108,1,94,72,0,0,0,24,54,0,0,0,2,1,3,0
1492-3,1,81,canteros,90,108,1,92,69,0,0,0,24,54,0,0,0,2,1,3,0
1492-3,1,82,canteros,90,108,1,96,66,0,0,0,24,54,0,0,0,2,1,3,0
1492-3,1,83,canteros,90,108,1,88,86,0,0,0,48,78,0,0,0,2,1,3,0
1492-3,1,84,canteros,90,108,1,95,105,0,0,0,48,78,0,0,0,2,1,3,0
1492-3,1,85,canteros,90,108,1,91,124,0,0,0,48,78,0,0,0,2,1,3,0
1492-3,1,86,canteros,90,108,1,90,142,0,0,0,48,78,0,0,0,2,1,3,0
1492-3,1,87,canteros,91,112,1,103,160,0,0,0,48,78,0,0,0,2,1,4,0
1492-3,1,88,canteros,90,108,1,76,166,0,0,0,48,80,0,0,0,2,1,4,0
1492-3,1,89,canteros,90,108,1,97,152,0,0,0,30,60,0,0,0,2,1,7,0
1492-3,1,90,canteros,90,108,1,90,150,0,0,0,30,60,0,0,0,2,1,3,0
1492-3,1,91,canteros,93,108,1,88,152,0,0,0,30,60,0,0,0,2,1,2,0
1492-3,1,92,canteros,93,108,1,94,154,0,0,0,30,60,0,0,0,2,1,2,0
1492-3,1,93,canteros,93,108,1,98,155,0,0,0,30,60,0,0,0,2,1,2,0
1492-3,1,94,canteros,93,108,1,97,157,0,0,0,30,60,0,0,0,2,1,3,0
1492-3,1,95,canteros,93,108,1,96,148,0,0,0,18,48,0,0,0,2,1,3,0
1492-3,1,96,canteros,93,108,1,85,139,0,0,0,18,38,0,0,0,2,1,3,0
1492-3,1,97,canteros,93,108,1,83,130,0,0,0,18,38,0,0,0,2,1,2,0
1492-3,1,98,canteros,93,108,1,83,121,0,0,0,18,38,0,0,0,2,1,2,0
1492-3,1,99,canteros,94,112,1,92,112,0,0,0,18,38,0,0,0,2,1,3,0
1492-3,1,100,canteros,93,108,1,66,92,0,0,0,18,39,0,0,0,2,1,3,0
1492-3,1,101,canteros,93,108,1,85,80,0,0,0,24,44,0,0,0,2,1,7,0
1492-3,1,102,canteros,93,108,1,88,73,0,0,0,24,54,0,0,0,2,1,3,0
1492-3,1,103,canteros,96,108,1,90,70,0,0,0,24,54,0,0,0,2,1,3,0
1492-3,1,104,canteros,96,108,1,92,67,0,0,0,24,54,0,0,0,2,1,3,0
1492-3,1,105,canteros,96,108,1,95,64,0,0,0,24,54,0,0,0,2,1,3,0
1492-3,1,106,canteros,96,108,1,86,61,0,0,0,24,54,0,0,0,2,1,3,0
1492-3,1,107,canteros,96,108,1,92,81,0,0,0,48,78,0,0,0,2,1,3,0
1492-3,1,108,canteros,96,108,1,93,100,0,0,0,48,78,0,0,0,2,1,3,0
1492-3,1,109,canteros,96,108,1,96,119,0,0,0,48,78,0,0,0,2,1,3,0
1492-3,1,110,canteros,96,108,1,87,137,0,0,0,48,78,0,0,0,2,1,3,0
1492-3,1,111,canteros,257,112,1,106,155,0,0,0,48,78,0,1,1,3,1,4,0
1492-3,1,112,canteros,256,108,1,83,163,0,0,0,48,80,0,0,0,3,1,5,0
1492-3,1,113,canteros,256,108,1,100,148,0,0,0,27,57,0,0,0,3,1,7,0
1492-3,1,114,canteros,256,108,1,94,143,0,0,0,27,57,0,0,0,3,1,3,0
1492-3,1,115,canteros,259,108,1,100,145,0,0,0,27,57,0,0,0,3,1,2,0
1492-3,1,116,canteros,259,108,1,98,147,0,0,0,27,57,0,0,0,3,1,3,0
1492-3,1,117,canteros,259,108,1,97,149,0,0,0,27,57,0,0,0,3,1,3,0
1492-3,1,118,canteros,259,108,1,95,151,0,0,0,27,57,0,0,0,3,1,3,0
1492-3,1,119,canteros,259,108,1,93,142,0,0,0,16,46,0,0,0,3,1,3,0
1492-3,1,120,canteros,259,108,1,86,133,0,0,0,16,36,0,0,0,3,1,2,0
1492-3,1,121,canteros,259,108,1,86,125,0,0,0,16,36,0,0,0,3,1,2,0
1492-3,1,122,canteros,259,108,1,84,116,0,0,0,16,36,0,0,0,3,1,2,0
1492-3,1,123,canteros,260,112,1,95,108,0,0,0,16,36,0,0,0,3,1,3,0
1492-3,1,124,canteros,259,108,1,62,88,0,0,0,16,37,0,0,0,3,1,4,0
1492-3,1,125,canteros,259,108,1,86,75,0,0,0,21,41,0,0,0,3,1,6,0
1492-3,1,126,canteros,259,108,1,87,67,0,0,0,21,51,0,0,0,3,1,3,0
1492-3,1,127,canteros,262,108,1,94,63,0,0,0,21,51,0,0,0,3,1,3,0
1492-3,1,128,canteros,262,108,1,95,59,0,0,0,21,51,0,0,0,3,1,3,0
1492-3,1,129,canteros,262,108,1,92,55,0,0,0,21,51,0,0,0,3,1,3,0
1492-3,1,130,canteros,262,108,1,97,52,0,0,0,21,51,0,0,0,3,1,3,0
1492-3,1,131,canteros,262,108,1,93,70,0,0,0,43,73,0,0,0,3,1,3,0
1492-3,1,132,canteros,262,108,1,99,87,0,0,0,43,73,0,0,0,3,1,3,0
1492-3,1,133,canteros,262,108,1,103,103,0,0,0,43,73,0,0,0,3,1,3,0
1492-3,1,134,canteros,262,108,1,107,119,0,0,0,43,73,0,0,0,3,1,2,0
1492-3,1,135,canteros,263,112,1,122,138,0,0,0,43,73,0,0,0,3,1,3,0
1492-3,1,136,canteros,262,108,1,82,145,0,0,0,43,75,0,0,0,3,1,4,0
1492-3,1,137,canteros,262,108,1,103,134,0,1,0,27,57,0,0,0,3,1,7,0
1492-3,1,138,canteros,262,108,1,92,134,0,1,0,27,57,0,0,0,3,1,2,0
1492-3,1,139,canteros,265,108,1,98,139,0,1,0,27,57,0,0,0,3,1,2,0
1492-3,1,140,canteros,265,108,1,104,141,0,1,0,27,57,0,0,0,3,1,3,0
1492-3,1,141,canteros,265,108,1,113,143,0,1,0,27,57,0,0,0,3,1,2,0
1492-3,1,142,canteros,265,108,1,121,148,0,1,0,27,57,0,0,0,3,1,3,0
1492-3,1,143,canteros,265,108,1,140,139,0,1,0,16,46,0,0,0,3,1,3,0
1492-3,1,144,canteros,265,108,1,136,130,0,1,0,16,36,0,0,0,3,1,2,0
1492-3,1,145,canteros,265,108,1,132,125,0,1,0,16,36,0,0,0,3,1,3,0
1492-3,1,146,canteros,265,108,1,143,117,0,1,0,16,36,0,0,0,3,1,3,0
1492-3,1,147,canteros,266,112,1,151,110,0,1,0,16,36,0,0,0,3,1,3,0
1492-3,1,148,canteros,265,108,1,130,95,0,1,0,16,37,0,0,0,3,1,4,0
1492-3,1,149,canteros,265,108,1,125,82,0,1,0,21,41,0,0,0,3,1,9,0
1492-3,1,150,canteros,265,108,1,123,77,0,2,0,21,51,0,0,0,3,1,3,0
1492-3,1,151,canteros,268,108,1,134,77,0,1,0,21,51,0,0,0,3,1,4,0
1492-3,1,152,canteros,268,108,1,138,76,0,1,0,21,51,0,0,0,3,1,4,0
1492-3,1,153,canteros,268,108,1,136,72,0,2,0,21,51,0,0,0,3,1,3,0
1492-3,1,154,canteros,268,108,1,149,72,0,1,0,21,51,0,0,0,3,1,3,0
1492-3,1,155,canteros,268,108,1,154,92,0,1,0,43,73,0,0,0,3,1,4,0
1492-3,1,156,canteros,268,108,1,151,108,0,2,0,43,73,0,0,0,3,1,3,0
1492-3,1,157,canteros,268,108,1,163,127,0,3,0,43,73,0,0,0,3,1,3,0
1492-3,1,158,canteros,268,108,1,181,148,0,0,0,43,73,0,0,0,3,1,3,0
1492-3,1,159,canteros,269,112,1,158,166,0,0,0,43,73,0,0,0,3,1,4,0
1492-3,1,160,canteros,268,108,1,127,172,0,2,0,43,75,0,0,0,3,1,5,0
1492-3,1,161,canteros,268,108,1,189,147,0,4,0,19,49,0,0,0,3,1,6,0
1492-3,1,162,canteros,268,108,1,184,137,0,1,0,19,49,0,0,0,3,1,3,0
1492-3,1,163,canteros,271,108,1,204,131,0,1,0,19,49,0,0,0,3,1,3,0
1492-3,1,164,canteros,271,108,1,211,126,0,1,0,19,49,0,0,0,3,1,2,0
1492-3,1,165,canteros,271,108,1,218,124,0,1,0,19,49,0,0,0,3,1,3,0
1492-3,1,166,canteros,271,108,1,236,119,0,1,0,19,49,0,0,0,3,1,3,0
1492-3,1,167,canteros,271,108,1,242,111,0,1,0,16,46,0,0,0,3,1,2,0
1492-3,1,168,canteros,271,108,1,242,106,0,1,0,16,36,0,0,0,3,1,3,0
1492-3,1,169,canteros,271,108,1,252,99,0,1,0,16,36,0,0,0,3,1,3,0
1492-3,1,170,canteros,271,108,1,249,92,0,1,0,16,36,0,0,0,3,1,2,0
1492-3,1,171,canteros,271,108,1,246,88,0,1,0,16,36,0,0,0,3,1,3,0
1492-3,1,172,canteros,272,112,1,264,82,0,1,0,16,36,0,0,0,3,1,4,0
1492-3,1,173,canteros,271,108,1,227,70,0,1,0,21,42,0,0,0,3,1,4,0
1492-3,1,174,canteros,271,108,1,223,56,0,2,0,21,51,0,0,0,3,1,9,0
1492-3,1,175,canteros,271,108,1,240,53,0,2,0,21,51,0,0,0,3,1,2,0
1492-3,1,176,canteros,271,108,1,248,57,0,1,0,21,51,0,0,0,3,1,3,0
1492-3,1,177,canteros,271,108,1,254,56,0,1,0,21,51,0,0,0,3,1,4,0
1492-3,1,178,canteros,274,108,1,251,53,0,1,0,21,51,0,0,0,3,1,3,0
1492-3,1,179,canteros,274,108,1,247,74,0,2,0,43,73,0,0,0,3,1,4,0
1492-3,1,180,canteros,274,108,1,264,93,0,1,0,43,73,0,0,0,3,1,2,0
1492-3,1,181,canteros,274,108,1,255,115,0,1,0,43,73,0,0,0,3,1,4,0
1492-3,1,182,canteros,274,108,1,258,130,0,2,0,43,73,0,0,0,3,1,3,0
1492-3,1,183,canteros,274,108,1,271,148,0,3,0,43,73,0,0,0,3,1,3,0
1492-3,1,184,canteros,274,108,1,290,165,0,3,0,43,73,0,0,0,3,1,3,0
1492-3,1,185,canteros,274,108,1,338,166,0,3,0,27,57,0,0,0,3,1,1,0
1492-3,1,186,canteros,274,108,1,362,160,0,3,0,27,57,0,0,0,3,1,2,0
1492-3,1,187,canteros,275,112,1,407,154,0,3,0,27,57,0,0,0,3,1,3,0
1492-3,1,188,canteros,274,108,1,387,143,0,0,0,27,59,0,0,0,3,1,4,0
1492-3,1,189,canteros,274,108,1,405,134,0,0,0,27,57,0,0,0,3,1,8,0
1492-3,1,190,canteros,274,108,1,411,136,0,0,0,27,57,0,0,0,3,1,2,0
1492-3,1,191,canteros,274,108,1,416,130,0,0,0,16,46,0,0,0,3,1,3,0
1492-3,1,192,canteros,274,108,1,426,122,0,0,0,16,36,0,0,0,3,1,3,0
1492-3,1,193,canteros,274,108,1,424,114,0,0,0,16,36,0,0,0,3,1,2,0
1492-3,1,194,canteros,277,108,1,422,109,0,0,0,16,36,0,0,0,3,1,3,0
1492-3,1,195,canteros,277,108,1,431,102,0,0,0,16,36,0,0,0,3,1,3,0
1492-3,1,196,canteros,277,108,1,427,95,0,0,0,16,36,0,0,0,3,1,2,0
1492-3,1,197,canteros,277,108,1,383,96,0,0,0,21,41,0,0,0,3,1,4,0
1492-3,1,198,canteros,277,108,1,369,91,0,2,0,21,51,0,0,0,3,1,3,0
1492-3,1,199,canteros,277,108,1,390,91,0,2,0,21,51,0,0,0,3,1,3,0
1492-3,1,200,canteros,277,108,1,409,91,0,0,0,21,51,0,0,0,3,1,3,0
1492-3,1,1,ferrones,32,46,1,45,63,0,0,0,7,17,0,0,0,0,1,4,0
1492-3,1,2,ferrones,31,42,1,25,46,0,0,0,7,11,0,0,0,0,1,2,0
1492-3,1,3,ferrones,30,38,1,5,30,0,0,0,7,11,0,0,0,0,1,1,0
1492-3,1,4,ferrones,30,38,1,4,25,0,0,0,7,10,0,0,0,0,1,0,1
1492-3,1,5,ferrones,30,38,1,3,23,0,0,0,9,12,0,1,0,0,1,0,1
1492-3,1,6,ferrones,30,38,1,13,23,0,0,0,9,23,0,0,0,0,1,1,0
1492-3,1,7,ferrones,30,38,1,23,23,0,0,0,9,23,0,0,0,0,1,0,1
1492-3,1,8,ferrones,30,38,1,33,23,0,0,0,9,23,0,0,0,0,1,0,1
1492-3,1,9,ferrones,30,38,1,43,23,0,0,0,9,23,0,0,0,0,1,0,1
1492-3,1,10,ferrones,30,38,1,53,23,0,0,0,9,23,0,0,0,0,1,0,1
1492-3,1,11,ferrones,30,39,1,63,32,0,0,0,19,33,0,0,0,0,1,0,1
1492-3,1,12,ferrones,31,40,1,73,41,0,0,0,19,33,0,0,0,0,1,0,1
1492-3,1,13,ferrones,30,37,1,56,39,0,0,0,19,35,0,0,0,0,1,3,0
1492-3,1,14,ferrones,30,38,1,68,48,0,0,0,19,33,0,0,0,0,1,1,0
1492-3,1,15,ferrones,30,39,1,73,56,0,0,0,19,33,0,0,0,0,1,2,0
1492-3,1,16,ferrones,31,40,1,75,65,0,0,0,19,33,0,0,0,0,1,2,0
1492-3,1,17,ferrones,31,42,1,74,52,0,0,0,12,28,0,0,0,0,1,8,0
1492-3,1,18,ferrones,31,44,1,75,52,0,0,0,12,28,0,0,0,0,1,3,0
1492-3,1,19,ferrones,45,46,1,76,52,0,0,0,12,28,0,0,0,1,1,3,0
1492-3,1,20,ferrones,45,46,1,67,52,0,0,0,12,28,0,0,0,1,1,3,0
1492-3,1,21,ferrones,45,48,1,76,50,0,0,0,12,28,0,1,0,1,1,2,0
1492-3,1,22,ferrones,46,50,1,77,48,0,0,0,12,32,0,0,0,1,1,2,0
1492-3,1,23,ferrones,46,50,1,80,42,0,0,0,7,29,0,0,0,1,1,3,0
1492-3,1,24,ferrones,46,50,1,74,37,0,0,0,7,24,0,0,0,1,1,2,0
1492-3,1,25,ferrones,46,50,1,74,31,0,0,0,7,24,0,0,0,1,1,3,0
1492-3,1,26,ferrones,46,50,1,72,26,0,0,0,7,24,0,0,0,1,1,3,0
1492-3,1,27,ferrones,46,50,1,75,22,0,0,0,7,24,0,0,0,1,1,2,0
1492-3,1,28,ferrones,46,50,1,71,17,0,0,0,7,24,0,0,0,1,1,2,0
1492-3,1,29,ferrones,46,54,1,84,17,0,0,0,9,26,0,0,0,1,1,3,0
1492-3,1,30,ferrones,46,54,1,78,15,0,0,0,9,31,0,0,0,1,1,3,0
1492-3,1,31,ferrones,46,54,1,84,12,0,0,0,9,31,0,0,0,1,1,3,0
1492-3,1,32,ferrones,46,54,1,78,9,0,0,0,9,31,0,0,0,1,1,3,0
1492-3,1,33,ferrones,46,54,1,84,6,0,0,0,9,31,0,0,0,1,1,3,0
1492-3,1,34,ferrones,46,54,1,78,3,0,0,0,9,31,0,0,0,1,1,3,0
1492-3,1,35,ferrones,46,54,1,84,10,0,0,0,19,41,0,0,0,1,1,3,0
1492-3,1,36,ferrones,46,54,1,78,17,0,0,0,19,41,0,0,0,1,1,3,0
1492-3,1,37,ferrones,46,54,1,84,28,0,0,0,24,46,0,0,0,1,1,3,0
1492-3,1,38,ferrones,47,56,1,78,39,0,0,0,24,46,0,0,0,1,1,3,0
1492-3,1,39,ferrones,46,54,1,64,39,0,0,0,24,46,0,0,0,1,1,4,0
1492-3,1,40,ferrones,47,56,1,71,49,0,0,0,24,46,0,0,0,1,1,2,0
1492-3,1,41,ferrones,47,58,1,75,34,0,0,0,15,37,0,1,0,1,1,8,0
1492-3,1,42,ferrones,47,58,1,47,36,0,0,0,15,37,0,0,0,1,1,2,0
1492-3,1,43,ferrones,50,58,1,65,34,0,0,0,12,34,0,0,0,1,1,1,0
1492-3,1,44,ferrones,50,58,1,74,29,0,0,0,12,34,0,0,0,1,1,2,0
1492-3,1,45,ferrones,50,58,1,79,25,0,0,0,12,34,0,1,0,1,1,2,0
1492-3,1,46,ferrones,50,58,1,81,25,0,0,5,12,39,0,0,0,1,1,2,0
1492-3,1,47,ferrones,50,58,1,79,21,0,0,9,7,33,0,0,0,1,1,2,0
1492-3,1,48,ferrones,50,58,1,78,18,0,0,13,7,28,0,0,0,1,1,2,0
1492-3,1,49,ferrones,50,58,1,76,14,0,0,17,7,28,0,0,0,1,1,2,0
1492-3,1,50,ferrones,50,58,1,74,10,0,0,21,7,28,0,0,0,1,1,2,0
1492-3,1,51,ferrones,50,58,1,77,6,0,0,17,7,28,0,0,0,1,1,3,0
1492-3,1,52,ferrones,49,58,1,73,2,0,0,21,7,30,1,0,0,1,1,2,0
1492-3,1,53,ferrones,49,62,1,86,3,0,0,17,10,33,1,0,0,1,1,4,0
1492-3,1,54,ferrones,48,61,1,84,2,0,0,20,11,41,1,0,0,1,1,2,0
1492-3,1,55,ferrones,57,60,1,85,4,0,0,15,11,41,1,0,0,1,1,3,0
1492-3,1,56,ferrones,57,60,1,86,5,0,0,17,12,43,0,0,0,1,1,2,0
1492-3,1,57,ferrones,57,60,1,89,6,0,0,19,12,43,0,0,0,1,1,2,0
1492-3,1,58,ferrones,57,60,1,83,7,0,0,21,12,43,0,0,0,1,1,3,0
1492-3,1,59,ferrones,57,60,1,87,20,0,0,15,24,55,0,0,0,1,1,3,0
1492-3,1,60,ferrones,57,60,1,89,34,0,0,17,26,58,0,0,0,1,1,2,0
1492-3,1,61,ferrones,57,60,1,82,48,0,0,18,26,57,0,0,0,1,1,3,0
1492-3,1,62,ferrones,56,58,1,66,52,0,0,19,26,57,0,0,0,1,1,3,0
1492-3,1,63,ferrones,57,60,1,81,66,0,0,20,26,55,0,0,0,1,1,2,0
1492-3,1,64,ferrones,57,60,1,78,75,0,0,21,26,57,0,0,0,1,1,2,0
1492-3,1,65,ferrones,57,60,1,85,62,0,0,22,13,44,0,0,0,1,1,7,0
1492-3,1,66,ferrones,57,60,1,80,61,0,0,23,13,44,0,0,0,1,1,2,0
1492-3,1,67,ferrones,60,60,1,83,62,0,0,21,13,44,0,0,0,1,1,3,0
1492-3,1,68,ferrones,60,60,1,139,62,0,0,22,13,44,0,0,0,1,1,2,0
1492-3,1,69,ferrones,75,60,1,98,62,0,0,23,13,44,0,0,0,2,1,3,0
1492-3,1,70,ferrones,75,60,1,93,65,0,0,21,13,44,0,0,0,2,1,4,0
1492-3,1,71,ferrones,75,60,1,145,62,0,0,22,10,41,0,0,0,2,1,2,0
1492-3,1,72,ferrones,75,60,1,103,61,0,0,23,10,35,0,0,0,2,1,3,0
1492-3,1,73,ferrones,75,60,1,94,61,0,0,21,10,35,0,0,0,2,1,4,0
1492-3,1,74,ferrones,75,60,1,138,58,0,0,22,10,35,0,0,0,2,1,2,0
1492-3,1,75,ferrones,75,60,1,95,57,0,0,22,10,34,0,0,0,2,1,3,0
1492-3,1,76,ferrones,75,60,1,88,57,0,0,22,10,34,0,0,0,2,1,2,0
1492-3,1,77,ferrones,75,64,1,97,60,0,0,22,13,37,0,0,0,2,1,3,0
1492-3,1,78,ferrones,75,60,1,71,50,0,0,22,13,43,0,0,0,2,1,4,0
1492-3,1,79,ferrones,75,60,1,86,38,0,0,22,13,43,0,0,0,2,1,7,0
1492-3,1,80,ferrones,75,60,1,85,37,0,0,22,13,43,0,0,0,2,1,2,0
1492-3,1,81,ferrones,78,60,1,87,38,0,0,22,13,43,0,0,0,2,1,2,0
1492-3,1,82,ferrones,78,60,1,89,39,0,0,22,13,43,0,0,0,2,1,2,0
1492-3,1,83,ferrones,78,60,1,82,52,0,0,22,26,56,0,0,0,2,1,3,0
1492-3,1,84,ferrones,78,60,1,86,65,0,0,22,26,56,0,0,0,2,1,2,0
1492-3,1,85,ferrones,78,60,1,88,77,0,0,22,26,56,0,0,0,2,1,2,0
1492-3,1,86,ferrones,78,60,1,89,89,0,0,22,26,56,0,0,0,2,1,2,0
1492-3,1,87,ferrones,78,60,1,87,100,0,0,22,26,56,0,0,0,2,1,3,0
1492-3,1,88,ferrones,78,60,1,82,108,0,0,22,26,56,0,0,0,2,1,2,0
1492-3,1,89,ferrones,78,64,1,98,108,0,0,21,16,45,0,0,0,2,1,3,0
1492-3,1,90,ferrones,78,60,1,63,95,0,0,20,16,45,0,0,0,2,1,3,0
1492-3,1,91,ferrones,78,60,1,90,80,0,0,19,16,45,0,0,0,2,1,6,0
1492-3,1,92,ferrones,78,60,1,76,78,0,0,18,16,45,0,0,0,2,1,2,0
1492-3,1,93,ferrones,81,60,1,85,82,0,0,17,16,45,0,0,0,2,1,2,0
1492-3,1,94,ferrones,81,60,1,80,83,0,0,16,16,45,0,0,0,2,1,2,0
1492-3,1,95,ferrones,81,60,1,83,80,0,0,15,10,39,0,0,0,2,1,2,0
1492-3,1,96,ferrones,81,60,1,78,76,0,0,14,10,33,0,0,0,2,1,2,0
1492-3,1,97,ferrones,81,60,1,78,73,0,0,13,10,33,0,0,0,2,1,2,0
1492-3,1,98,ferrones,81,60,1,78,69,0,0,12,10,33,0,0,0,2,1,2,0
1492-3,1,99,ferrones,81,60,1,78,65,0,0,11,10,33,0,0,0,2,1,2,0
1492-3,1,100,ferrones,81,60,1,78,61,0,0,10,10,33,0,0,0,2,1,2,0
1492-3,1,101,ferrones,81,60,1,78,60,0,0,9,13,36,0,0,0,2,1,2,0
1492-3,1,102,ferrones,81,60,1,84,59,0,0,8,13,42,0,0,0,2,1,2,0
1492-3,1,103,ferrones,81,64,1,94,61,0,0,7,13,42,0,0,0,2,1,3,0
1492-3,1,104,ferrones,81,60,1,67,51,0,0,5,13,41,0,0,0,2,1,4,0
1492-3,1,105,ferrones,81,60,1,86,39,0,0,3,13,41,0,0,0,2,1,7,0
1492-3,1,106,ferrones,81,60,1,83,37,0,0,1,13,41,0,0,0,2,1,2,0
1492-3,1,107,ferrones,84,60,1,85,51,0,0,3,26,54,0,0,0,2,1,2,0
1492-3,1,108,ferrones,84,60,1,86,64,0,0,1,26,54,0,0,0,2,1,2,0
1492-3,1,109,ferrones,84,60,1,87,76,0,0,3,26,54,0,0,0,2,1,2,0
1492-3,1,110,ferrones,84,60,1,88,88,0,0,1,26,54,0,0,0,2,1,2,0
1492-3,1,111,ferrones,84,60,1,81,100,0,0,3,26,54,0,0,0,2,1,3,0
1492-3,1,112,ferrones,84,60,1,86,109,0,0,1,26,54,0,0,0,2,1,2,0
1492-3,1,113,ferrones,84,60,1,89,106,0,0,3,16,44,0,0,0,2,1,2,0
1492-3,1,114,ferrones,84,60,1,83,103,0,0,1,16,44,0,0,0,2,1,2,0
1492-3,1,115,ferrones,84,64,1,99,101,0,0,3,16,44,0,0,0,2,1,3,0
1492-3,1,116,ferrones,84,60,1,64,88,0,0,1,16,44,0,0,0,2,1,3,0
1492-3,1,117,ferrones,84,60,1,91,75,0,0,3,16,44,0,0,0,2,1,6,0
1492-3,1,118,ferrones,84,60,1,77,73,0,0,1,16,44,0,0,0,2,1,2,0
1492-3,1,119,ferrones,87,60,1,86,72,0,0,3,10,38,0,0,0,2,1,2,0
1492-3,1,120,ferrones,87,60,1,75,68,0,0,1,10,32,0,0,0,2,1,2,0
1492-3,1,121,ferrones,87,60,1,76,66,0,0,3,10,32,0,0,0,2,1,2,0
1492-3,1,122,ferrones,87,60,1,75,62,0,0,1,10,32,0,0,0,2,1,2,0
1492-3,1,123,ferrones,87,60,1,74,58,0,0,3,10,32,0,0,0,2,1,2,0
1492-3,1,124,ferrones,87,60,1,79,54,0,0,1,10,32,0,0,0,2,1,2,0
1492-3,1,125,ferrones,87,60,1,77,52,0,0,3,13,35,0,0,0,2,1,2,0
1492-3,1,126,ferrones,87,60,1,83,51,0,0,1,13,41,0,0,0,2,1,2,0
1492-3,1,127,ferrones,87,60,1,84,51,0,0,3,13,41,0,0,0,2,1,2,0
1492-3,1,128,ferrones,87,64,1,96,53,0,0,1,13,41,0,0,0,2,1,3,0
1492-3,1,129,ferrones,87,60,1,69,43,0,0,3,13,41,0,0,0,2,1,4,0
1492-3,1,130,ferrones,87,60,1,88,44,0,0,1,13,41,0,0,0,2,1,2,0
1492-3,1,131,ferrones,87,60,1,85,54,0,0,3,26,54,0,0,0,2,1,2,0
1492-3,1,132,ferrones,87,60,1,87,67,0,0,1,26,54,0,0,0,2,1,2,0
1492-3,1,133,ferrones,87,60,1,89,79,0,0,3,26,54,0,0,0,2,1,2,0
1492-3,1,134,ferrones,87,60,1,81,91,0,0,1,26,54,0,0,0,2,1,3,0
1492-3,1,135,ferrones,87,60,1,86,102,0,0,3,26,54,0,0,0,2,1,2,0
1492-3,1,136,ferrones,87,60,1,89,109,0,0,1,26,54,0,0,0,2,1,2,0
1492-3,1,137,ferrones,87,60,1,83,93,0,0,3,16,44,0,0,0,2,1,7,0
1492-3,1,138,ferrones,87,60,1,89,91,0,0,1,16,44,0,0,0,2,1,2,0
1492-3,1,139,ferrones,87,60,1,83,89,0,0,3,16,44,0,0,0,2,1,2,0
1492-3,1,140,ferrones,90,60,1,84,87,0,0,1,16,44,0,0,0,2,1,3,0
1492-3,1,141,ferrones,90,60,1,82,86,0,0,3,16,44,0,0,0,2,1,3,0
1492-3,1,142,ferrones,90,60,1,84,87,0,0,1,16,44,0,0,0,2,1,2,0
1492-3,1,143,ferrones,90,60,1,81,83,0,0,3,10,38,0,0,0,2,1,4,0
1492-3,1,144,ferrones,90,60,1,95,78,0,0,1,10,32,0,0,0,2,1,2,0
1492-3,1,145,ferrones,90,60,1,75,75,0,0,3,10,32,0,0,0,2,1,2,0
1492-3,1,146,ferrones,90,60,1,79,75,0,0,1,10,32,0,0,0,2,1,2,0
1492-3,1,147,ferrones,90,60,1,79,71,0,0,3,10,32,0,0,0,2,1,2,0
1492-3,1,148,ferrones,90,60,1,79,67,0,0,1,10,32,0,0,0,2,1,2,0
1492-3,1,149,ferrones,90,60,1,79,66,0,0,3,13,35,0,0,0,2,1,2,0
1492-3,1,150,ferrones,90,60,1,85,65,0,0,1,13,41,0,0,0,2,1,2,0
1492-3,1,151,ferrones,90,64,1,96,64,0,0,3,13,41,0,0,0,2,1,4,0
1492-3,1,152,ferrones,90,60,1,69,53,0,0,2,13,42,0,0,0,2,1,4,0
1492-3,1,153,ferrones,90,60,1,88,53,0,0,1,13,42,0,0,0,2,1,2,0
1492-3,1,154,ferrones,90,60,1,85,50,0,0,0,13,42,0,0,0,2,1,2,0
1492-3,1,155,ferrones,90,60,1,87,63,0,0,3,26,55,0,0,0,2,1,2,0
1492-3,1,156,ferrones,90,60,1,88,76,0,0,2,26,55,0,0,0,2,1,2,0
1492-3,1,157,ferrones,90,60,1,89,88,0,0,1,26,55,0,0,0,2,1,2,0
1492-3,1,158,ferrones,90,60,1,82,100,0,0,0,26,55,0,0,0,2,1,3,0
1492-3,1,159,ferrones,90,60,1,87,109,0,0,3,26,55,0,0,0,2,1,2,0
1492-3,1,160,ferrones,90,60,1,81,116,0,0,2,26,55,0,0,0,2,1,3,0
1492-3,1,161,ferrones,90,60,1,111,100,0,0,1,16,45,0,0,0,2,1,7,0
1492-3,1,162,ferrones,90,60,1,87,97,0,0,0,16,45,0,0,0,2,1,3,0
1492-3,1,163,ferrones,90,60,1,120,95,0,0,3,16,45,0,0,0,2,1,2,0
1492-3,1,164,ferrones,90,60,1,90,93,0,0,2,16,45,0,0,0,2,1,3,0
1492-3,1,165,ferrones,93,60,1,120,91,0,0,1,16,45,0,0,0,2,1,3,0
1492-3,1,166,ferrones,93,60,1,126,89,0,0,0,16,45,0,0,0,2,1,3,0
1492-3,1,167,ferrones,93,60,1,124,81,0,0,3,10,39,0,0,0,2,1,4,0
1492-3,1,168,ferrones,93,60,1,123,74,0,0,2,10,33,0,0,0,2,1,4,0
1492-3,1,169,ferrones,93,60,1,118,71,0,0,1,10,33,0,0,0,2,1,4,0
1492-3,1,170,ferrones,93,60,1,112,68,0,0,0,10,33,0,0,0,2,1,4,0
1492-3,1,171,ferrones,93,60,1,106,65,0,0,3,10,33,0,0,0,2,1,4,0
1492-3,1,172,ferrones,93,60,1,109,62,0,0,2,10,33,0,0,0,2,1,4,0
1492-3,1,173,ferrones,93,60,1,121,62,0,0,1,13,36,0,0,0,2,1,4,0
1492-3,1,174,ferrones,93,60,1,124,59,0,0,0,13,42,0,0,0,2,1,5,0
1492-3,1,175,ferrones,93,60,1,130,56,0,1,3,13,42,0,0,0,2,1,5,0
1492-3,1,176,ferrones,93,64,1,139,54,0,2,2,13,42,0,0,0,2,1,6,0
1492-3,1,177,ferrones,93,60,1,123,42,0,2,1,13,42,0,0,0,2,1,5,0
1492-3,1,178,ferrones,93,60,1,123,33,0,0,0,13,42,0,0,0,2,1,9,0
1492-3,1,179,ferrones,93,60,1,112,47,0,0,3,26,55,0,0,0,2,1,5,0
1492-3,1,180,ferrones,93,60,1,131,57,0,1,2,26,55,0,0,0,2,1,4,0
1492-3,1,181,ferrones,93,60,1,116,67,0,1,1,26,55,0,0,0,2,1,5,0
1492-3,1,182,ferrones,93,60,1,135,76,0,2,0,26,55,0,0,0,2,1,4,0
1492-3,1,183,ferrones,93,60,1,131,87,0,0,3,26,55,0,0,0,2,1,4,0
1492-3,1,184,ferrones,93,60,1,120,99,0,0,2,26,55,0,0,0,2,1,5,0
1492-3,1,185,ferrones,96,60,1,117,97,0,1,1,16,45,0,0,0,2,1,3,0
1492-3,1,186,ferrones,96,60,1,114,95,0,1,0,16,45,0,0,0,2,1,3,0
1492-3,1,187,ferrones,96,60,1,111,93,0,1,3,16,45,0,0,0,2,1,3,0
1492-3,1,188,ferrones,96,60,1,123,91,0,1,2,16,45,0,0,0,2,1,3,0
1492-3,1,189,ferrones,96,60,1,120,89,0,1,1,16,45,0,0,0,2,1,3,0
1492-3,1,190,ferrones,96,60,1,114,87,0,1,0,16,45,0,0,0,2,1,4,0
1492-3,1,191,ferrones,96,60,1,114,80,0,1,3,10,39,0,0,0,2,1,4,0
1492-3,1,192,ferrones,96,60,1,110,75,0,1,2,10,33,0,0,0,2,1,4,0
1492-3,1,193,ferrones,96,60,1,104,72,0,1,1,10,33,0,0,0,2,1,4,0
1492-3,1,194,ferrones,96,60,1,107,69,0,1,0,10,33,0,0,0,2,1,4,0
1492-3,1,195,ferrones,96,60,1,104,66,0,1,3,10,33,0,0,0,2,1,4,0
1492-3,1,196,ferrones,96,60,1,107,63,0,1,2,10,33,0,0,0,2,1,4,0
1492-3,1,197,ferrones,96,60,1,119,63,0,1,1,13,36,0,0,0,2,1,4,0
1492-3,1,198,ferrones,96,60,1,122,60,0,1,0,13,42,0,0,0,2,1,5,0
1492-3,1,199,ferrones,96,64,1,138,58,0,2,3,13,42,0,0,0,2,1,6,0
1492-3,1,200,ferrones,96,60,1,134,46,0,2,2,13,42,0,0,0,2,1,5,0
1492-3,1,1,hortelanos,39,81,1,32,77,0,0,0,31,47,0,0,0,0,1,4,0
1492-3,1,2,hortelanos,38,77,1,16,63,0,0,0,31,39,0,0,0,0,1,7,0
1492-3,1,3,hortelanos,101,77,1,19,71,0,0,0,31,38,0,0,0,1,1,0,1
1492-3,1,4,hortelanos,101,77,1,22,78,0,0,0,31,38,0,0,0,1,1,0,1
1492-3,1,5,hortelanos,165,73,1,5,81,0,0,0,37,44,0,1,0,2,1,1,0
1492-3,1,6,hortelanos,165,73,1,23,88,0,0,0,37,59,0,0,0,2,1,6,0
1492-3,1,7,hortelanos,168,73,1,41,103,0,0,0,37,59,0,0,0,2,1,0,1
1492-3,1,8,hortelanos,168,73,1,59,118,0,0,0,37,59,0,0,0,2,1,0,1
1492-3,1,9,hortelanos,168,73,1,77,132,0,0,0,37,59,0,0,0,2,1,0,1
1492-3,1,10,hortelanos,168,73,1,80,136,0,0,0,37,59,0,0,0,2,1,7,0
1492-3,1,11,hortelanos,171,73,1,88,172,0,0,0,61,83,0,0,0,2,1,2,0
1492-3,1,12,hortelanos,171,73,1,89,200,0,0,0,61,83,0,0,0,2,1,3,0
1492-3,1,13,hortelanos,171,73,1,99,228,0,0,0,61,83,0,0,0,2,1,3,0
1492-3,1,14,hortelanos,171,73,1,108,255,0,0,0,61,83,0,0,0,2,1,3,0
1492-3,1,15,hortelanos,171,73,1,117,281,0,0,0,61,83,0,0,0,2,1,3,0
1492-3,1,16,hortelanos,171,73,1,114,306,0,0,0,61,83,0,0,0,2,1,3,0
1492-3,1,17,hortelanos,171,73,1,106,300,0,0,0,48,70,0,0,0,2,1,13,0
1492-3,1,18,hortelanos,171,73,1,109,311,0,0,0,48,70,0,0,0,2,1,3,0
1492-3,1,19,hortelanos,174,73,1,101,322,0,0,0,48,70,0,0,0,2,1,3,0
1492-3,1,20,hortelanos,174,73,1,107,331,0,0,0,48,70,0,1,0,2,1,3,0
1492-3,1,21,hortelanos,174,73,1,101,335,0,0,0,48,70,0,0,0,2,1,8,0
1492-3,1,22,hortelanos,174,73,1,132,342,0,0,0,48,70,0,0,0,2,1,3,0
1492-3,1,23,hortelanos,174,73,1,99,350,0,0,0,43,65,0,0,0,2,1,3,0
1492-3,1,24,hortelanos,174,73,1,106,353,0,0,0,43,58,0,0,0,2,1,3,0
1492-3,1,25,hortelanos,174,73,1,99,357,0,0,0,43,58,0,0,0,2,1,3,0
1492-3,1,26,hortelanos,175,77,1,113,347,0,0,0,43,58,0,0,0,2,1,9,0
1492-3,1,27,hortelanos,174,73,1,78,342,0,0,0,43,58,0,0,0,2,1,4,0
1492-3,1,28,hortelanos,174,73,1,103,331,0,0,0,43,58,0,0,0,2,1,8,0
1492-3,1,29,hortelanos,174,73,1,95,336,0,0,0,43,58,0,0,0,2,1,3,0
1492-3,1,30,hortelanos,177,73,1,105,328,0,0,0,43,65,0,0,0,2,1,8,0
1492-3,1,31,hortelanos,177,73,1,104,333,0,0,0,43,65,0,0,0,2,1,3,0
1492-3,1,32,hortelanos,177,73,1,104,338,0,0,0,43,65,0,0,0,2,1,3,0
1492-3,1,33,hortelanos,177,73,1,104,343,0,0,0,43,65,0,0,0,2,1,3,0
1492-3,1,34,hortelanos,177,73,1,105,348,0,0,0,43,65,0,0,0,2,1,3,0
1492-3,1,35,hortelanos,177,73,1,106,353,0,0,0,43,65,0,0,0,2,1,3,0
1492-3,1,36,hortelanos,177,73,1,107,357,0,0,0,43,65,0,0,0,2,1,3,0
1492-3,1,37,hortelanos,177,73,1,107,361,0,0,0,43,65,0,0,0,2,1,3,0
1492-3,1,38,hortelanos,177,73,1,107,365,0,0,0,43,65,0,0,0,2,1,3,0
1492-3,1,39,hortelanos,177,73,1,107,369,0,0,0,43,65,0,0,0,2,1,3,0
1492-3,1,40,hortelanos,177,73,1,107,373,0,0,0,43,65,0,0,0,2,1,3,0
1492-3,1,41,hortelanos,177,73,1,107,365,0,0,0,43,65,0,0,0,2,1,8,0
1492-3,1,42,hortelanos,177,73,1,108,357,0,0,0,43,65,0,0,0,2,1,8,0
1492-3,1,43,hortelanos,180,73,1,109,361,0,0,0,43,65,0,0,0,2,1,3,0
1492-3,1,44,hortelanos,180,73,1,80,327,0,0,0,43,65,0,0,0,2,1,4,0
1492-3,1,45,hortelanos,180,73,1,100,330,0,0,0,43,65,0,0,0,2,1,3,0
1492-3,1,46,hortelanos,236,153,2,98,323,0,0,0,43,65,0,0,0,3,1,8,0
1492-3,1,47,hortelanos,236,153,2,102,308,0,0,0,43,81,0,0,0,3,1,5,0
1492-3,1,48,hortelanos,236,153,2,99,298,0,0,0,52,83,0,0,0,3,1,4,0
1492-3,1,49,hortelanos,236,153,2,94,291,0,0,0,52,83,0,1,0,3,1,4,0
1492-3,1,50,hortelanos,237,157,2,116,290,0,0,0,65,96,0,1,0,3,1,10,0
1492-3,1,51,hortelanos,236,153,2,76,297,0,0,0,79,110,0,0,0,3,1,5,0
1492-3,1,52,hortelanos,237,157,2,102,298,0,0,0,79,110,0,2,0,3,1,8,0
1492-3,1,53,hortelanos,238,161,2,112,317,0,0,0,79,110,0,1,0,3,1,3,0
1492-3,1,54,hortelanos,241,163,2,129,336,0,0,0,79,120,0,0,0,3,1,3,0
1492-3,1,55,hortelanos,241,163,2,111,355,0,0,0,79,122,0,0,0,3,1,4,0
1492-3,1,56,hortelanos,241,163,2,130,361,0,1,0,79,122,0,0,0,3,1,8,0
1492-3,1,57,hortelanos,241,163,2,117,379,0,1,0,79,122,0,0,0,3,1,4,0
1492-3,1,58,hortelanos,241,163,2,136,396,0,2,0,79,122,0,0,0,3,1,3,0
1492-3,1,59,hortelanos,241,163,2,118,415,0,2,0,79,122,0,0,0,3,1,3,0
1492-3,1,60,hortelanos,241,163,2,92,383,0,0,0,79,122,0,0,0,3,1,9,0
1492-3,1,61,hortelanos,241,163,2,114,399,0,0,0,79,122,0,0,0,3,1,3,0
1492-3,1,62,hortelanos,299,189,3,124,415,0,0,0,79,122,0,0,0,4,1,3,0
1492-3,1,63,hortelanos,300,190,3,128,424,0,0,0,79,126,0,0,0,4,1,3,0
1492-3,1,64,hortelanos,300,191,3,106,433,0,0,0,79,126,0,0,0,4,1,4,0
1492-3,1,65,hortelanos,300,192,3,117,441,0,1,0,79,126,0,0,0,4,1,3,0
1492-3,1,66,hortelanos,300,193,3,112,437,0,1,0,79,126,0,0,0,4,1,8,0
1492-3,1,67,hortelanos,300,194,3,109,445,0,1,0,79,128,0,0,0,4,1,3,0
1492-3,1,68,hortelanos,301,195,3,146,448,0,1,0,79,128,0,0,0,4,1,3,0
1492-3,1,69,hortelanos,302,200,3,150,451,0,1,0,79,128,0,0,0,4,1,4,0
1492-3,1,70,hortelanos,301,197,3,172,430,0,1,0,79,128,0,0,0,4,1,10,0
1492-3,1,71,hortelanos,301,198,3,61,418,0,1,0,79,128,0,0,0,4,1,7,0
1492-3,1,72,hortelanos,301,199,3,96,415,0,1,0,79,121,0,0,0,4,1,2,0
1492-3,1,73,hortelanos,302,200,3,83,416,0,1,0,79,121,0,0,0,4,1,2,0
1492-3,1,74,hortelanos,305,201,3,99,406,0,1,0,79,121,0,0,0,4,1,8,0
1492-3,1,75,hortelanos,305,202,3,108,409,0,1,0,79,121,0,0,0,4,1,3,0
1492-3,1,76,hortelanos,305,203,3,104,413,0,1,0,79,121,0,0,0,4,1,3,0
1492-3,1,77,hortelanos,306,205,3,101,417,0,1,0,79,123,0,0,0,4,1,3,0
1492-3,1,78,hortelanos,306,207,3,112,396,0,1,0,79,130,0,0,0,4,1,13,0
1492-3,1,79,hortelanos,306,209,3,117,400,0,1,0,79,130,0,0,0,4,1,3,0
1492-3,1,80,hortelanos,310,211,3,119,402,0,1,0,79,130,0,0,0,4,1,3,0
1492-3,1,81,hortelanos,310,213,3,121,404,0,1,0,79,130,0,0,0,4,1,3,0
1492-3,1,82,hortelanos,311,215,3,132,394,0,0,0,79,132,0,0,0,4,1,9,0
1492-3,1,83,hortelanos,311,217,3,110,397,0,0,0,79,132,0,0,0,4,1,4,0
1492-3,1,84,hortelanos,311,219,3,122,398,0,1,0,79,132,0,0,0,4,1,3,0
1492-3,1,85,hortelanos,312,221,3,128,389,0,0,0,79,132,0,0,0,4,1,8,0
1492-3,1,86,hortelanos,315,223,3,113,390,0,0,0,79,132,0,0,0,4,1,4,0
1492-3,1,87,hortelanos,315,223,3,125,390,0,1,0,79,134,0,0,0,4,1,3,0
1492-3,1,88,hortelanos,315,223,3,130,390,0,1,0,79,134,0,0,0,4,1,3,0
1492-3,1,89,hortelanos,315,223,3,105,393,0,1,0,79,134,0,0,0,4,1,3,0
1492-3,1,90,hortelanos,315,223,3,81,347,0,1,0,79,134,0,0,0,4,1,9,0
1492-3,1,91,hortelanos,315,223,3,112,333,0,1,0,79,134,0,0,0,4,1,9,0
1492-3,1,92,hortelanos,347,280,4,117,339,0,1,0,79,134,0,0,0,4,1,4,0
1492-3,1,93,hortelanos,350,282,4,110,330,0,1,0,79,144,0,0,0,4,1,5,0
1492-3,1,94,hortelanos,350,283,4,97,323,0,1,0,79,144,0,1,0,4,1,5,0
1492-3,1,95,hortelanos,350,283,4,113,328,0,1,0,92,159,0,0,0,4,1,5,0
1492-3,1,96,hortelanos,350,283,4,112,334,0,1,0,92,152,0,1,0,4,1,4,0
1492-3,1,97,hortelanos,350,283,4,111,355,0,1,0,106,166,0,0,0,4,1,4,0
1492-3,1,98,hortelanos,350,283,4,111,371,0,1,0,106,166,0,0,0,4,1,4,0
1492-3,1,99,hortelanos,350,283,4,111,390,0,1,0,106,166,0,0,0,4,1,4,0
1492-3,1,100,hortelanos,351,287,4,120,412,0,1,0,106,166,0,0,0,4,1,5,0
1492-3,1,101,hortelanos,350,283,4,86,417,0,1,0,106,166,0,0,0,4,1,6,0
1492-3,1,102,hortelanos,350,283,4,125,414,0,2,0,106,173,0,0,0,4,1,9,0
1492-3,1,103,hortelanos,350,283,4,137,429,0,2,0,106,173,0,0,0,4,1,4,0
1492-3,1,104,hortelanos,354,286,4,147,444,0,2,0,106,173,0,1,0,4,1,5,0
1492-3,1,105,hortelanos,354,289,4,123,459,0,2,0,106,173,0,0,0,4,1,3,0
1492-3,1,106,hortelanos,355,292,4,116,461,0,1,0,106,173,0,0,0,4,1,8,0
1492-3,1,107,hortelanos,356,295,4,128,464,0,0,0,106,173,0,0,0,4,1,3,0
1492-3,1,108,hortelanos,356,298,4,118,471,0,0,0,106,175,0,0,0,4,1,4,0
1492-3,1,109,hortelanos,567,301,4,143,475,0,1,0,106,175,0,1,1,5,1,3,0
1492-3,1,110,hortelanos,567,304,4,139,506,0,1,0,132,201,0,0,0,5,1,5,0
1492-3,1,111,hortelanos,568,308,4,143,535,0,2,0,132,203,0,0,0,5,1,4,0
1492-3,1,112,hortelanos,571,320,4,162,570,0,3,0,132,203,0,1,0,5,1,5,0
1492-3,1,113,hortelanos,571,320,4,140,585,0,3,0,132,203,0,0,0,5,1,4,0
1492-3,1,114,hortelanos,571,320,4,109,586,0,3,0,132,205,0,0,0,5,1,9,0
1492-3,1,115,hortelanos,571,324,4,135,591,0,3,0,132,203,0,1,0,5,1,9,0
1492-3,1,116,hortelanos,575,329,4,130,610,0,3,0,132,205,0,0,0,5,1,3,0
1492-3,1,117,hortelanos,576,334,4,126,631,0,3,0,132,205,0,0,0,5,1,3,0
1492-3,1,118,hortelanos,577,339,4,134,649,0,3,0,132,207,0,0,0,5,1,4,0
1492-3,1,119,hortelanos,578,343,4,130,665,0,3,0,132,207,0,0,0,5,1,3,0
1492-3,1,120,hortelanos,579,349,4,122,669,0,3,0,132,203,0,1,0,5,1,8,0
1492-3,1,121,hortelanos,581,355,4,123,684,0,3,0,132,203,0,0,0,5,1,4,0
1492-3,1,122,hortelanos,582,361,4,163,694,0,3,0,132,205,0,0,0,5,1,3,0
1492-3,1,123,hortelanos,583,367,4,157,706,0,3,0,132,205,0,0,0,5,1,3,0
1492-3,1,124,hortelanos,584,373,4,169,703,0,3,0,132,207,0,0,0,5,1,8,0
1492-3,1,125,hortelanos,584,373,4,171,699,0,3,0,119,196,0,0,0,5,1,3,0
1492-3,1,126,hortelanos,585,377,4,191,695,0,3,0,119,202,0,0,0,5,1,4,0
1492-3,1,127,hortelanos,585,376,4,182,679,0,3,0,119,204,0,1,0,5,1,5,0
1492-3,1,128,hortelanos,585,379,4,190,650,0,3,0,119,202,0,0,0,5,1,13,0
1492-3,1,129,hortelanos,586,382,4,196,647,0,3,0,119,202,0,0,0,5,1,3,0
1492-3,1,130,hortelanos,590,385,4,192,643,0,3,0,119,202,0,0,0,5,1,3,0
1492-3,1,131,hortelanos,590,388,4,199,649,0,3,0,132,217,0,1,0,5,1,3,0
1492-3,1,132,hortelanos,591,391,4,206,656,0,3,0,132,220,0,0,0,5,1,3,0
1492-3,1,133,hortelanos,591,394,4,211,662,0,3,0,132,220,0,0,0,5,1,3,0
1492-3,1,134,hortelanos,592,398,4,227,667,0,3,0,132,222,0,0,0,5,1,3,0
1492-3,1,135,hortelanos,593,402,4,242,671,0,3,0,132,222,0,0,0,5,1,3,0
1492-3,1,136,hortelanos,593,403,4,256,674,0,3,0,132,222,0,0,0,5,1,3,0
1492-3,1,137,hortelanos,593,403,4,271,670,0,3,0,125,217,0,0,0,5,1,3,0
1492-3,1,138,hortelanos,594,407,4,265,619,0,3,0,125,217,0,0,0,5,1,10,0
1492-3,1,139,hortelanos,593,403,4,237,603,0,3,0,125,219,0,0,0,5,1,6,0
1492-3,1,140,hortelanos,625,463,5,270,593,0,3,0,125,217,0,0,0,5,1,10,0
1492-3,1,141,hortelanos,625,463,5,290,578,0,3,0,125,229,0,0,0,5,1,5,0
1492-3,1,142,hortelanos,625,463,5,260,566,0,3,0,125,229,0,1,0,5,1,6,0
1492-3,1,143,hortelanos,628,463,5,288,573,0,3,0,145,249,0,0,0,5,1,6,0
1492-3,1,144,hortelanos,628,463,5,320,578,0,3,0,145,243,0,1,0,5,1,5,0
1492-3,1,145,hortelanos,628,463,5,351,605,0,3,0,166,264,0,0,0,5,1,4,0
1492-3,1,146,hortelanos,628,463,5,332,629,0,3,0,166,264,0,1,0,5,1,5,0
1492-3,1,147,hortelanos,629,466,5,303,654,0,3,0,166,264,0,1,0,5,1,5,0
1492-3,1,148,hortelanos,629,469,5,334,677,0,3,0,166,264,0,0,0,5,1,5,0
1492-3,1,149,hortelanos,630,472,5,365,691,0,3,0,159,257,0,1,0,5,1,4,0
1492-3,1,150,hortelanos,631,479,5,412,706,0,3,0,159,266,0,0,0,5,1,5,0
1492-3,1,151,hortelanos,631,478,5,381,710,0,3,0,159,268,0,0,0,5,1,6,0
1492-3,1,152,hortelanos,632,481,5,263,739,0,3,0,189,298,0,0,0,5,1,11,0
1492-3,1,153,hortelanos,632,484,5,294,777,0,3,0,189,298,0,0,0,5,1,4,0
1492-3,1,154,hortelanos,636,488,5,306,812,0,3,0,189,300,0,0,0,5,1,4,0
1492-3,1,155,hortelanos,637,492,5,267,842,0,3,0,189,300,0,0,0,5,1,3,0
1492-3,1,156,hortelanos,637,493,5,279,869,0,3,0,189,300,0,0,0,5,1,3,0
1492-3,1,157,hortelanos,637,493,5,293,895,0,3,0,189,302,0,0,0,5,1,3,0
1492-3,1,158,hortelanos,637,493,5,315,920,0,3,0,189,302,0,0,0,5,1,3,0
1492-3,1,159,hortelanos,637,493,5,336,944,0,3,0,189,302,0,0,0,5,1,3,0
1492-3,1,160,hortelanos,637,493,5,355,967,0,3,0,189,302,0,0,0,5,1,3,0
1492-3,1,161,hortelanos,638,497,5,383,990,0,3,0,189,302,0,0,0,5,1,4,0
1492-3,1,162,hortelanos,637,493,5,330,992,0,3,0,189,302,0,0,0,5,1,10,0
1492-3,1,163,hortelanos,637,493,5,347,996,0,3,0,189,302,0,0,0,5,1,9,0
1492-3,1,164,hortelanos,637,493,5,363,1017,0,3,0,189,302,0,0,0,5,1,3,0
1492-3,1,165,hortelanos,640,493,5,377,1037,0,3,0,189,302,0,0,0,5,1,3,0
1492-3,1,166,hortelanos,640,493,5,341,1056,0,3,0,189,302,0,0,0,5,1,3,0
1492-3,1,167,hortelanos,640,493,5,358,1083,0,3,0,198,311,0,0,0,5,1,4,0
1492-3,1,168,hortelanos,640,493,5,368,1097,0,3,0,198,305,0,0,0,5,1,8,0
1492-3,1,169,hortelanos,640,493,5,387,1114,0,3,0,189,296,0,0,0,5,1,3,0
1492-3,1,170,hortelanos,640,493,5,355,1130,0,3,0,189,296,0,0,0,5,1,3,0
1492-3,1,171,hortelanos,640,493,5,371,1145,0,3,0,189,296,0,0,0,5,1,4,0
1492-3,1,172,hortelanos,641,497,5,397,1149,0,3,0,189,296,0,0,0,5,1,9,0
1492-3,1,173,hortelanos,641,495,5,388,1153,0,3,0,189,296,0,0,0,5,1,4,0
1492-3,1,174,hortelanos,641,496,5,352,1171,0,3,0,206,317,0,0,0,5,1,8,0
1492-3,1,175,hortelanos,641,496,5,368,1200,0,3,0,206,319,0,0,0,5,1,4,0
1492-3,1,176,hortelanos,761,496,5,383,1216,0,3,0,206,319,0,1,1,5,1,8,0
1492-3,1,177,hortelanos,761,496,5,405,1261,0,3,0,222,335,0,0,0,5,1,3,0
1492-3,1,178,hortelanos,764,496,5,376,1304,0,3,0,222,335,0,0,0,5,1,3,0
1492-3,1,179,hortelanos,764,496,5,397,1345,0,3,0,222,335,0,0,0,5,1,4,0
1492-3,1,180,hortelanos,764,496,5,396,1330,0,3,0,205,318,0,0,0,5,1,4,0
1492-3,1,181,hortelanos,764,496,5,424,1354,0,3,0,205,318,0,0,0,5,1,3,0
1492-3,1,182,hortelanos,794,548,6,401,1377,0,3,0,205,318,0,0,0,5,1,3,0
1492-3,1,183,hortelanos,795,550,6,404,1386,0,3,0,205,328,0,0,0,5,1,4,0
1492-3,1,184,hortelanos,795,552,6,406,1393,0,3,0,205,328,0,1,0,5,1,4,0
1492-3,1,185,hortelanos,796,558,6,425,1404,0,3,0,209,332,0,1,0,5,1,5,0
1492-3,1,186,hortelanos,796,558,6,374,1395,0,3,0,214,337,0,1,0,5,1,11,0
1492-3,1,187,hortelanos,797,563,6,381,1395,0,3,0,214,337,0,1,0,5,1,10,0
1492-3,1,188,hortelanos,798,566,6,400,1407,0,3,0,214,339,0,1,0,5,1,3,0
1492-3,1,189,hortelanos,798,569,6,418,1420,0,3,0,214,343,0,0,0,5,1,3,0
1492-3,1,190,hortelanos,799,572,6,386,1419,0,3,0,214,343,0,0,0,5,1,8,0
1492-3,1,191,hortelanos,803,575,6,414,1429,0,3,0,214,345,0,0,0,5,1,4,0
1492-3,1,192,hortelanos,803,578,6,435,1439,0,3,0,214,339,0,0,0,5,1,3,0
1492-3,1,193,hortelanos,804,581,6,455,1448,0,3,0,214,339,0,0,0,5,1,3,0
1492-3,1,194,hortelanos,804,584,6,426,1443,0,3,0,214,341,0,0,0,5,1,9,0
1492-3,1,195,hortelanos,805,587,6,446,1448,0,3,0,214,341,0,0,0,5,1,4,0
1492-3,1,196,hortelanos,806,590,6,465,1453,0,3,0,214,341,0,1,0,5,1,3,0
1492-3,1,197,hortelanos,806,593,6,486,1458,0,3,0,214,343,0,0,0,5,1,3,0
1492-3,1,198,hortelanos,807,596,6,461,1450,0,3,0,214,349,0,0,0,5,1,8,0
1492-3,1,199,hortelanos,807,599,6,487,1453,0,3,0,214,349,0,0,0,5,1,4,0
1492-3,1,200,hortelanos,809,607,6,514,1457,0,3,0,214,337,0,0,0,5,1,5,0
1492-3,1,1,mercaderes,40,86,1,62,59,0,0,0,13,39,0,0,0,0,1,4,0
1492-3,1,2,mercaderes,39,82,1,54,38,0,0,0,13,29,0,0,0,0,1,2,0
1492-3,1,3,mercaderes,39,82,1,66,28,0,0,0,13,29,0,1,0,0,1,0,1
1492-3,1,4,mercaderes,39,82,1,74,21,0,0,0,13,29,0,0,0,0,1,2,0
1492-3,1,5,mercaderes,39,82,1,73,20,0,0,0,18,34,0,0,0,0,1,2,0
1492-3,1,6,mercaderes,39,82,1,87,22,0,0,0,18,42,0,0,0,0,1,2,0
1492-3,1,7,mercaderes,39,82,1,87,23,0,0,0,18,42,0,0,0,0,1,3,0
1492-3,1,8,mercaderes,39,82,1,91,25,0,0,0,18,42,0,0,0,0,1,3,0
1492-3,1,9,mercaderes,39,82,1,95,27,0,0,0,18,42,0,0,0,0,1,3,0
1492-3,1,10,mercaderes,39,82,1,89,28,0,0,0,18,42,0,0,0,0,1,3,0
1492-3,1,11,mercaderes,40,86,1,95,47,0,0,0,36,60,0,0,0,0,1,3,0
1492-3,1,12,mercaderes,41,90,1,89,64,0,0,0,36,60,0,0,0,0,1,3,0
1492-3,1,13,mercaderes,41,90,1,77,70,0,0,0,36,62,0,0,0,0,1,4,0
1492-3,1,14,mercaderes,56,90,1,72,76,0,0,0,36,62,0,0,0,1,1,3,0
1492-3,1,15,mercaderes,56,90,1,69,81,0,0,0,36,62,0,0,0,1,1,3,0
1492-3,1,16,mercaderes,56,90,1,87,95,0,0,0,36,62,0,0,0,1,1,2,0
1492-3,1,17,mercaderes,56,90,1,88,88,0,0,0,26,52,0,0,0,1,1,7,0
1492-3,1,18,mercaderes,69,90,1,95,96,0,0,0,26,52,0,0,0,2,1,2,0
1492-3,1,19,mercaderes,69,90,1,91,103,0,0,0,26,52,0,0,0,2,1,3,0
1492-3,1,20,mercaderes,69,90,1,100,110,0,0,0,26,52,0,0,0,2,1,2,0
1492-3,1,21,mercaderes,69,90,1,96,109,0,0,0,26,52,0,0,0,2,1,8,0
1492-3,1,22,mercaderes,69,90,1,94,116,0,0,0,26,52,0,0,0,2,1,3,0
1492-3,1,23,mercaderes,72,90,1,95,110,0,0,0,13,39,0,0,0,2,1,3,0
1492-3,1,24,mercaderes,72,90,1,86,104,0,0,0,13,30,0,0,0,2,1,3,0
1492-3,1,25,mercaderes,72,90,1,87,99,0,0,0,13,30,0,0,0,2,1,2,0
1492-3,1,26,mercaderes,72,90,1,84,86,0,0,0,13,30,0,0,0,2,1,7,0
1492-3,1,27,mercaderes,75,90,1,81,81,0,0,0,13,30,0,0,0,2,1,2,0
1492-3,1,28,mercaderes,75,90,1,82,77,0,0,0,13,30,0,0,0,2,1,2,0
1492-3,1,29,mercaderes,75,90,1,87,77,0,0,0,18,35,0,0,0,2,1,2,0
1492-3,1,30,mercaderes,75,90,1,91,63,0,0,0,18,44,0,0,0,2,1,8,0
1492-3,1,31,mercaderes,75,90,1,97,61,0,0,0,18,44,0,0,0,2,1,3,0
1492-3,1,32,mercaderes,78,90,1,93,59,0,0,0,18,44,0,0,0,2,1,3,0
1492-3,1,33,mercaderes,78,90,1,92,57,0,0,0,18,44,0,0,0,2,1,3,0
1492-3,1,34,mercaderes,78,90,1,101,55,0,0,0,18,44,0,0,0,2,1,3,0
1492-3,1,35,mercaderes,78,90,1,97,71,0,0,0,36,62,0,0,0,2,1,3,0
1492-3,1,36,mercaderes,78,90,1,96,86,0,0,0,36,62,0,0,0,2,1,3,0
1492-3,1,37,mercaderes,78,90,1,95,100,0,0,0,36,62,0,0,0,2,1,3,0
1492-3,1,38,mercaderes,78,90,1,94,114,0,0,0,36,62,0,0,0,2,1,3,0
1492-3,1,39,mercaderes,78,90,1,92,127,0,0,0,36,62,0,0,0,2,1,3,0
1492-3,1,40,mercaderes,78,90,1,100,140,0,0,0,36,62,0,0,0,2,1,3,0
1492-3,1,41,mercaderes,78,90,1,88,127,0,0,0,22,48,0,0,0,2,1,7,0
1492-3,1,42,mercaderes,78,90,1,99,122,0,0,0,22,48,0,0,0,2,1,2,0
1492-3,1,43,mercaderes,81,90,1,94,125,0,0,0,22,48,0,0,0,2,1,3,0
1492-3,1,44,mercaderes,81,90,1,95,127,0,0,0,22,48,0,0,0,2,1,3,0
1492-3,1,45,mercaderes,81,90,1,95,129,0,0,0,22,48,0,0,0,2,1,3,0
1492-3,1,46,mercaderes,81,90,1,95,131,0,0,0,22,48,0,0,0,2,1,3,0
1492-3,1,47,mercaderes,81,90,1,94,112,0,0,0,13,39,0,0,0,2,1,8,0
1492-3,1,48,mercaderes,81,90,1,84,106,0,0,0,13,30,0,0,0,2,1,3,0
1492-3,1,49,mercaderes,84,90,1,83,101,0,0,0,13,30,0,0,0,2,1,2,0
1492-3,1,50,mercaderes,84,90,1,79,96,0,0,0,13,30,0,0,0,2,1,2,0
1492-3,1,51,mercaderes,84,90,1,82,91,0,0,0,13,30,0,0,0,2,1,2,0
1492-3,1,52,mercaderes,84,90,1,82,85,0,0,0,13,30,0,0,0,2,1,2,0
1492-3,1,53,mercaderes,84,90,1,88,75,0,0,0,18,35,0,0,0,2,1,7,0
1492-3,1,54,mercaderes,84,90,1,91,73,0,0,0,18,44,0,0,0,2,1,3,0
1492-3,1,55,mercaderes,87,90,1,97,71,0,0,0,18,44,0,0,0,2,1,3,0
1492-3,1,56,mercaderes,87,90,1,93,69,0,0,0,18,44,0,0,0,2,1,3,0
1492-3,1,57,mercaderes,87,90,1,92,67,0,0,0,18,44,0,0,0,2,1,3,0
1492-3,1,58,mercaderes,87,90,1,101,65,0,0,0,18,44,0,0,0,2,1,3,0
1492-3,1,59,mercaderes,87,90,1,96,80,0,0,0,36,62,0,0,0,2,1,3,0
1492-3,1,60,mercaderes,87,90,1,94,95,0,0,0,36,62,0,0,0,2,1,3,0
1492-3,1,61,mercaderes,87,90,1,92,109,0,0,0,36,62,0,0,0,2,1,3,0
1492-3,1,62,mercaderes,87,94,1,110,126,0,0,0,36,62,0,0,0,2,1,4,0
1492-3,1,63,mercaderes,87,90,1,77,128,0,0,0,36,62,0,0,0,2,1,4,0
1492-3,1,64,mercaderes,87,90,1,99,141,0,0,0,36,62,0,0,0,2,1,2,0
1492-3,1,65,mercaderes,87,90,1,95,127,0,0,0,22,48,0,0,0,2,1,7,0
1492-3,1,66,mercaderes,87,90,1,93,122,0,0,0,22,48,0,0,0,2,1,3,0
1492-3,1,67,mercaderes,90,90,1,93,125,0,0,0,22,48,0,0,0,2,1,3,0
1492-3,1,68,mercaderes,90,90,1,92,127,0,0,0,22,48,0,0,0,2,1,3,0
1492-3,1,69,mercaderes,90,90,1,101,129,0,0,0,22,48,0,0,0,2,1,2,0
1492-3,1,70,mercaderes,90,90,1,96,131,0,0,0,22,48,0,0,0,2,1,3,0
1492-3,1,71,mercaderes,90,90,1,94,125,0,0,0,13,39,0,0,0,2,1,3,0
1492-3,1,72,mercaderes,90,90,1,85,119,0,0,0,13,30,0,0,0,2,1,3,0
1492-3,1,73,mercaderes,90,90,1,86,113,0,0,0,13,30,0,0,0,2,1,2,0
1492-3,1,74,mercaderes,90,90,1,84,96,0,0,0,13,30,0,0,0,2,1,7,0
1492-3,1,75,mercaderes,90,90,1,81,91,0,0,0,13,30,0,0,0,2,1,2,0
1492-3,1,76,mercaderes,93,90,1,82,86,0,0,0,13,30,0,0,0,2,1,2,0
1492-3,1,77,mercaderes,93,90,1,87,85,0,0,0,18,35,0,0,0,2,1,2,0
1492-3,1,78,mercaderes,93,90,1,89,82,0,0,0,18,44,0,0,0,2,1,3,0
1492-3,1,79,mercaderes,93,90,1,94,79,0,0,0,18,44,0,0,0,2,1,3,0
1492-3,1,80,mercaderes,93,90,1,91,76,0,0,0,18,44,0,0,0,2,1,3,0
1492-3,1,81,mercaderes,93,90,1,100,74,0,0,0,18,44,0,0,0,2,1,3,0
1492-3,1,82,mercaderes,93,94,1,106,72,0,0,0,18,44,0,0,0,2,1,4,0
1492-3,1,83,mercaderes,93,90,1,75,76,0,0,0,36,62,0,0,0,2,1,4,0
1492-3,1,84,mercaderes,93,90,1,97,91,0,0,0,36,62,0,0,0,2,1,2,0
1492-3,1,85,mercaderes,93,90,1,90,105,0,0,0,36,62,0,0,0,2,1,3,0
1492-3,1,86,mercaderes,93,90,1,99,119,0,0,0,36,62,0,0,0,2,1,3,0
1492-3,1,87,mercaderes,93,90,1,95,132,0,0,0,36,62,0,0,0,2,1,3,0
1492-3,1,88,mercaderes,93,90,1,94,145,0,0,0,36,62,0,0,0,2,1,3,0
1492-3,1,89,mercaderes,93,90,1,95,131,0,0,0,22,48,0,0,0,2,1,7,0
1492-3,1,90,mercaderes,93,90,1,93,126,0,0,0,22,48,0,0,0,2,1,3,0
1492-3,1,91,mercaderes,96,90,1,91,128,0,0,0,22,48,0,0,0,2,1,3,0
1492-3,1,92,mercaderes,96,90,1,99,130,0,0,0,22,48,0,0,0,2,1,2,0
1492-3,1,93,mercaderes,96,90,1,96,132,0,0,0,22,48,0,0,0,2,1,3,0
1492-3,1,94,mercaderes,96,90,1,100,134,0,0,0,22,48,0,0,0,2,1,3,0
1492-3,1,95,mercaderes,96,90,1,98,126,0,0,0,13,39,0,0,0,2,1,3,0
1492-3,1,96,mercaderes,96,90,1,88,117,0,0,0,13,30,0,0,0,2,1,3,0
1492-3,1,97,mercaderes,96,90,1,88,111,0,0,0,13,30,0,0,0,2,1,2,0
1492-3,1,98,mercaderes,96,90,1,85,94,0,0,0,13,30,0,0,0,2,1,7,0
1492-3,1,99,mercaderes,96,90,1,81,89,0,0,0,13,30,0,0,0,2,1,2,0
1492-3,1,100,mercaderes,99,90,1,84,84,0,0,0,13,30,0,0,0,2,1,2,0
1492-3,1,101,mercaderes,99,90,1,80,83,0,0,0,18,35,0,0,0,2,1,3,0
1492-3,1,102,mercaderes,99,90,1,96,80,0,0,0,18,44,0,0,0,2,1,2,0
1492-3,1,103,mercaderes,99,90,1,89,77,0,0,0,18,44,0,0,0,2,1,3,0
1492-3,1,104,mercaderes,99,90,1,98,75,0,0,0,18,44,0,0,0,2,1,3,0
1492-3,1,105,mercaderes,99,90,1,94,73,0,0,0,18,44,0,0,0,2,1,3,0
1492-3,1,106,mercaderes,99,94,1,103,71,0,0,0,18,44,0,0,0,2,1,4,0
1492-3,1,107,mercaderes,99,90,1,72,76,0,0,0,36,62,0,0,0,2,1,4,0
1492-3,1,108,mercaderes,99,90,1,96,91,0,0,0,36,62,0,0,0,2,1,2,0
1492-3,1,109,mercaderes,99,90,1,88,104,0,0,0,36,62,0,0,0,2,1,3,0
1492-3,1,110,mercaderes,99,90,1,96,118,0,0,0,36,62,0,0,0,2,1,3,0
1492-3,1,111,mercaderes,99,90,1,91,131,0,0,0,36,62,0,0,0,2,1,3,0
1492-3,1,112,mercaderes,99,90,1,99,144,0,0,0,36,62,0,0,0,2,1,3,0
1492-3,1,113,mercaderes,99,90,1,99,130,0,0,0,22,48,0,0,0,2,1,7,0
1492-3,1,114,mercaderes,99,90,1,97,125,0,0,0,22,48,0,0,0,2,1,3,0
1492-3,1,115,mercaderes,102,90,1,97,127,0,0,0,22,48,0,0,0,2,1,3,0
1492-3,1,116,mercaderes,102,90,1,97,129,0,0,0,22,48,0,0,0,2,1,3,0
1492-3,1,117,mercaderes,102,90,1,96,131,0,0,0,22,48,0,0,0,2,1,3,0
1492-3,1,118,mercaderes,102,90,1,95,133,0,0,0,22,48,0,0,0,2,1,3,0
1492-3,1,119,mercaderes,102,90,1,100,127,0,0,0,13,39,0,0,0,2,1,3,0
1492-3,1,120,mercaderes,102,90,1,87,119,0,0,0,13,30,0,0,0,2,1,3,0
1492-3,1,121,mercaderes,102,90,1,89,113,0,0,0,13,30,0,0,0,2,1,2,0
1492-3,1,122,mercaderes,102,90,1,87,107,0,0,0,13,30,0,0,0,2,1,2,0
1492-3,1,123,mercaderes,102,94,1,95,103,0,0,0,13,30,0,0,0,2,1,3,0
1492-3,1,124,mercaderes,102,90,1,62,87,0,0,0,13,30,0,0,0,2,1,4,0
1492-3,1,125,mercaderes,102,90,1,85,71,0,0,0,13,30,0,0,0,2,1,6,0
1492-3,1,126,mercaderes,102,90,1,84,60,0,0,0,13,39,0,0,0,2,1,3,0
1492-3,1,127,mercaderes,105,90,1,90,53,0,0,0,13,39,0,0,0,2,1,3,0
1492-3,1,128,mercaderes,105,90,1,95,47,0,0,0,13,39,0,0,0,2,1,3,0
1492-3,1,129,mercaderes,105,90,1,90,41,0,0,0,13,39,0,0,0,2,1,3,0
1492-3,1,130,mercaderes,105,90,1,97,35,0,0,0,13,39,0,0,0,2,1,3,0
1492-3,1,131,mercaderes,105,90,1,92,52,0,0,0,36,62,0,0,0,2,1,3,0
1492-3,1,132,mercaderes,105,90,1,103,68,0,0,0,36,62,0,0,0,2,1,3,0
1492-3,1,133,mercaderes,105,90,1,89,83,0,0,0,36,62,0,0,0,2,1,3,0
1492-3,1,134,mercaderes,105,90,1,101,98,0,0,0,36,62,0,0,0,2,1,3,0
1492-3,1,135,mercaderes,105,94,1,107,113,0,0,0,36,62,0,0,0,2,1,4,0
1492-3,1,136,mercaderes,105,90,1,76,116,0,0,0,36,62,0,0,0,2,1,4,0
1492-3,1,137,mercaderes,105,90,1,95,100,0,0,0,19,45,0,0,0,2,1,7,0
1492-3,1,138,mercaderes,105,90,1,88,99,0,0,0,19,45,0,0,0,2,1,3,0
1492-3,1,139,mercaderes,108,90,1,97,100,0,0,0,19,45,0,0,0,2,1,2,0
1492-3,1,140,mercaderes,108,90,1,92,101,0,0,0,19,45,0,0,0,2,1,3,0
1492-3,1,141,mercaderes,108,90,1,100,102,0,0,0,19,45,0,0,0,2,1,2,0
1492-3,1,142,mercaderes,108,90,1,97,103,0,0,0,19,45,0,0,0,2,1,3,0
1492-3,1,143,mercaderes,108,90,1,97,98,0,0,0,13,39,0,0,0,2,1,3,0
1492-3,1,144,mercaderes,108,90,1,88,93,0,0,0,13,30,0,0,0,2,1,3,0
1492-3,1,145,mercaderes,108,90,1,88,90,0,0,0,15,32,0,0,0,2,1,2,0
1492-3,1,146,mercaderes,108,90,1,85,87,0,0,0,15,32,0,0,0,2,1,2,0
1492-3,1,147,mercaderes,108,94,1,91,85,0,0,0,15,32,0,0,0,2,1,3,0
1492-3,1,148,mercaderes,108,90,1,67,72,0,0,0,15,32,0,0,0,2,1,3,0
1492-3,1,149,mercaderes,108,90,1,81,62,0,0,0,18,35,0,0,0,2,1,7,0
1492-3,1,150,mercaderes,108,90,1,92,58,0,0,0,18,44,0,0,0,2,1,2,0
1492-3,1,151,mercaderes,111,90,1,95,56,0,0,0,18,44,0,0,0,2,1,4,0
1492-3,1,152,mercaderes,111,90,1,98,54,0,0,0,18,51,0,0,0,2,1,3,0
1492-3,1,153,mercaderes,111,90,1,104,52,0,0,0,18,51,0,0,0,2,1,3,0
1492-3,1,154,mercaderes,111,90,1,100,51,0,0,0,18,51,0,0,0,2,1,3,0
1492-3,1,155,mercaderes,111,90,1,109,67,0,0,0,36,69,0,0,0,2,1,3,0
1492-3,1,156,mercaderes,111,90,1,105,82,0,0,0,36,69,0,0,0,2,1,3,0
1492-3,1,157,mercaderes,111,90,1,104,97,0,0,0,36,69,0,0,0,2,1,3,0
1492-3,1,158,mercaderes,111,90,1,102,111,0,0,0,36,69,0,0,0,2,1,3,0
1492-3,1,159,mercaderes,111,94,1,120,125,0,0,0,36,69,0,0,0,2,1,4,0
1492-3,1,160,mercaderes,111,90,1,95,127,0,0,0,36,69,0,0,0,2,1,4,0
1492-3,1,161,mercaderes,111,90,1,103,113,0,0,0,22,55,0,0,0,2,1,8,0
1492-3,1,162,mercaderes,111,90,1,101,116,0,0,0,22,55,0,0,0,2,1,3,0
1492-3,1,163,mercaderes,114,90,1,111,119,0,0,0,22,55,0,0,0,2,1,3,0
1492-3,1,164,mercaderes,114,90,1,108,122,0,0,0,22,55,0,0,0,2,1,3,0
1492-3,1,165,mercaderes,114,90,1,107,125,0,0,0,22,55,0,0,0,2,1,3,0
1492-3,1,166,mercaderes,114,90,1,106,127,0,0,0,22,55,0,0,0,2,1,3,0
1492-3,1,167,mercaderes,114,90,1,105,123,0,0,0,15,48,0,0,0,2,1,3,0
1492-3,1,168,mercaderes,114,90,1,91,119,0,0,0,15,36,0,0,0,2,1,3,0
1492-3,1,169,mercaderes,114,90,1,100,113,0,0,0,13,34,0,0,0,2,1,2,0
1492-3,1,170,mercaderes,114,90,1,92,107,0,0,0,13,34,0,0,0,2,1,3,0
1492-3,1,171,mercaderes,114,94,1,107,103,0,0,0,13,34,0,0,0,2,1,3,0
1492-3,1,172,mercaderes,114,90,1,68,87,0,0,0,13,34,0,0,0,2,1,4,0
1492-3,1,173,mercaderes,114,90,1,91,76,0,0,0,18,39,0,0,0,2,1,7,0
1492-3,1,174,mercaderes,114,90,1,99,75,0,0,0,22,55,0,0,0,2,1,3,0
1492-3,1,175,mercaderes,117,90,1,101,76,0,0,0,22,55,0,0,0,2,1,3,0
1492-3,1,176,mercaderes,117,90,1,106,77,0,0,0,22,55,0,0,0,2,1,3,0
1492-3,1,177,mercaderes,117,90,1,101,78,0,0,0,22,55,0,0,0,2,1,3,0
1492-3,1,178,mercaderes,117,90,1,109,79,0,0,0,22,55,0,0,0,2,1,3,0
1492-3,1,179,mercaderes,117,90,1,106,102,0,0,0,45,78,0,0,0,2,1,3,0
1492-3,1,180,mercaderes,117,90,1,105,116,0,0,0,36,69,0,0,0,2,1,3,0
1492-3,1,181,mercaderes,117,90,1,104,129,0,0,0,36,69,0,0,0,2,1,3,0
1492-3,1,182,mercaderes,117,90,1,103,142,0,0,0,36,69,0,0,0,2,1,3,0
1492-3,1,183,mercaderes,117,94,1,115,155,0,0,0,36,69,0,0,0,2,1,3,0
1492-3,1,184,mercaderes,117,90,1,85,152,0,0,0,36,69,0,0,0,2,1,3,0
1492-3,1,185,mercaderes,117,90,1,108,133,0,0,0,22,55,0,0,0,2,1,7,0
1492-3,1,186,mercaderes,117,90,1,96,128,0,0,0,22,55,0,0,0,2,1,3,0
1492-3,1,187,mercaderes,120,90,1,105,128,0,0,0,22,55,0,0,0,2,1,3,0
1492-3,1,188,mercaderes,120,90,1,100,130,0,0,0,22,55,0,0,0,2,1,3,0
1492-3,1,189,mercaderes,120,90,1,108,132,0,0,0,22,55,0,0,0,2,1,3,0
1492-3,1,190,mercaderes,120,90,1,106,134,0,0,0,22,55,0,0,0,2,1,3,0
1492-3,1,191,mercaderes,120,90,1,104,126,0,0,0,13,46,0,0,0,2,1,3,0
1492-3,1,192,mercaderes,120,90,1,90,117,0,0,0,13,34,0,0,0,2,1,3,0
1492-3,1,193,mercaderes,120,90,1,97,111,0,0,0,13,34,0,0,0,2,1,2,0
1492-3,1,194,mercaderes,120,90,1,88,105,0,0,0,13,34,0,0,0,2,1,3,0
1492-3,1,195,mercaderes,120,94,1,102,101,0,0,0,13,34,0,0,0,2,1,3,0
1492-3,1,196,mercaderes,120,90,1,73,85,0,0,0,13,34,0,0,0,2,1,4,0
1492-3,1,197,mercaderes,120,90,1,86,74,0,0,0,18,39,0,0,0,2,1,7,0
1492-3,1,198,mercaderes,120,90,1,97,72,0,0,0,18,51,0,0,0,2,1,3,0
1492-3,1,199,mercaderes,120,90,1,100,70,0,0,0,18,51,0,0,0,2,1,3,0
1492-3,1,200,mercaderes,123,90,1,106,68,0,0,0,18,51,0,0,0,2,1,3,0
1492-3,1,1,mesta,29,30,1,42,75,0,0,0,5,11,0,0,0,0,1,3,0
1492-3,1,2,mesta,29,30,1,41,69,0,0,0,5,8,0,0,0,0,1,1,0
1492-3,1,3,mesta,29,30,1,40,63,0,0,0,5,8,0,0,0,0,1,0,1
1492-3,1,4,mesta,29,30,1,39,57,0,0,0,5,8,0,0,0,0,1,0,1
1492-3,1,5,mesta,29,30,1,38,52,0,0,0,6,9,0,1,0,0,1,0,1
1492-3,1,6,mesta,28,27,1,28,40,0,0,0,6,20,0,0,0,0,1,1,0
1492-3,1,7,mesta,28,27,1,36,39,0,0,0,6,18,0,0,0,0,1,1,0
1492-3,1,8,mesta,28,27,1,44,38,0,0,0,6,18,0,0,0,0,1,0,1
1492-3,1,9,mesta,28,27,1,52,37,0,0,0,6,18,0,0,0,0,1,0,1
1492-3,1,10,mesta,28,27,1,60,36,0,0,0,6,18,0,0,0,0,1,0,1
1492-3,1,11,mesta,28,28,1,68,42,0,0,0,13,25,0,0,0,0,1,0,1
1492-3,1,12,mesta,28,29,1,76,47,0,0,0,13,25,0,0,0,0,1,0,1
1492-3,1,13,mesta,29,30,1,70,51,0,0,0,13,25,0,0,0,0,1,3,0
1492-3,1,14,mesta,28,29,1,44,56,0,0,0,13,27,0,0,0,0,1,3,0
1492-3,1,15,mesta,29,30,1,54,62,0,0,0,13,25,0,0,0,0,1,1,0
1492-3,1,16,mesta,29,31,1,64,68,0,0,0,13,27,0,0,0,0,1,0,1
1492-3,1,17,mesta,44,32,1,74,69,0,0,0,8,22,0,0,0,1,1,0,1
1492-3,1,18,mesta,44,33,1,75,69,0,0,0,8,22,0,0,0,1,1,2,0
1492-3,1,19,mesta,44,34,1,78,69,0,0,0,8,22,0,0,0,1,1,2,0
1492-3,1,20,mesta,45,35,1,72,69,0,0,0,8,22,0,0,0,1,1,2,0
1492-3,1,21,mesta,45,35,1,68,68,0,0,0,8,22,0,0,0,1,1,2,0
1492-3,1,22,mesta,45,35,1,80,65,0,0,0,8,22,0,1,0,1,1,1,0
1492-3,1,23,mesta,45,35,1,72,61,0,0,0,5,25,0,0,0,1,1,2,0
1492-3,1,24,mesta,45,35,1,75,57,0,0,0,5,22,0,0,0,1,1,2,0
1492-3,1,25,mesta,45,35,1,75,53,0,0,0,5,22,0,0,0,1,1,2,0
1492-3,1,26,mesta,45,35,1,70,49,0,0,0,5,22,0,0,0,1,1,3,0
1492-3,1,27,mesta,45,35,1,70,47,0,0,0,5,22,0,0,0,1,1,2,0
1492-3,1,28,mesta,45,35,1,70,46,0,0,0,5,22,0,0,0,1,1,3,0
1492-3,1,29,mesta,45,35,1,92,46,0,0,0,6,23,0,0,0,1,1,3,0
1492-3,1,30,mesta,45,35,1,91,45,0,0,0,6,26,0,0,0,1,1,4,0
1492-3,1,31,mesta,45,35,1,107,44,0,0,0,6,26,0,0,0,1,1,4,0
1492-3,1,32,mesta,45,35,1,111,43,0,0,0,6,26,0,0,0,1,1,4,0
1492-3,1,33,mesta,45,35,1,118,42,0,0,0,6,26,0,0,0,1,1,4,0
1492-3,1,34,mesta,45,35,1,98,41,1,0,0,6,26,0,0,0,1,1,5,0
1492-3,1,35,mesta,45,36,1,110,47,1,1,0,13,33,0,0,0,1,1,4,0
1492-3,1,36,mesta,45,37,1,116,51,1,1,0,13,33,0,0,0,1,1,4,0
1492-3,1,37,mesta,45,38,1,122,58,1,1,0,16,36,0,0,0,1,1,4,0
1492-3,1,38,mesta,45,39,1,105,65,1,1,0,16,36,0,0,0,1,1,5,0
1492-3,1,39,mesta,46,40,1,114,72,1,2,0,16,36,0,0,0,1,1,3,0
1492-3,1,40,mesta,45,37,1,83,68,1,0,0,16,38,0,0,0,1,1,4,0
1492-3,1,41,mesta,45,38,1,104,55,1,0,0,10,30,0,0,0,1,1,8,0
1492-3,1,42,mesta,45,39,1,108,55,1,0,0,10,30,0,0,0,1,1,4,0
1492-3,1,43,mesta,58,39,1,95,57,1,0,0,8,28,0,0,0,2,1,4,0
1492-3,1,44,mesta,58,39,1,95,59,1,0,0,8,28,0,0,0,2,1,4,0
1492-3,1,45,mesta,58,39,1,98,59,1,0,0,8,28,0,0,0,2,1,4,0
1492-3,1,46,mesta,58,39,1,103,57,1,0,0,8,28,0,0,0,2,1,4,0
1492-3,1,47,mesta,58,39,1,98,52,1,0,0,5,25,0,0,0,2,1,4,0
1492-3,1,48,mesta,58,39,1,91,50,1,0,0,5,22,0,0,0,2,1,4,0
1492-3,1,49,mesta,58,39,1,92,49,1,0,0,5,22,0,0,0,2,1,4,0
1492-3,1,50,mesta,58,39,1,93,48,1,0,0,5,22,0,0,0,2,1,4,0
1492-3,1,51,mesta,58,39,1,94,47,1,0,0,5,22,0,0,0,2,1,4,0
1492-3,1,52,mesta,58,39,1,97,46,1,0,0,5,22,0,0,0,2,1,4,0
1492-3,1,53,mesta,59,43,1,109,46,1,0,0,6,23,0,0,0,2,1,5,0
1492-3,1,54,mesta,58,39,1,98,32,1,0,0,6,28,0,0,0,2,1,5,0
1492-3,1,55,mesta,58,39,1,105,16,1,0,0,6,26,0,0,0,2,1,9,0
1492-3,1,56,mesta,58,39,1,111,14,1,0,0,6,26,0,0,0,2,1,4,0
1492-3,1,57,mesta,61,39,1,117,12,1,0,0,6,26,0,0,0,2,1,4,0
1492-3,1,58,mesta,61,39,1,123,10,2,0,0,6,26,0,0,0,2,1,4,0
1492-3,1,59,mesta,61,39,1,102,15,2,0,0,13,33,0,0,0,2,1,5,0
1492-3,1,60,mesta,61,39,1,113,20,2,1,0,13,33,0,0,0,2,1,4,0
1492-3,1,61,mesta,61,39,1,118,25,2,0,0,13,33,0,0,0,2,1,4,0
1492-3,1,62,mesta,61,39,1,97,29,2,0,0,13,33,0,0,0,2,1,5,0
1492-3,1,63,mesta,62,40,1,109,33,2,1,0,13,33,0,0,0,2,1,4,0
1492-3,1,64,mesta,61,36,1,98,27,2,0,0,13,35,0,0,0,2,1,5,0
1492-3,1,65,mesta,62,40,1,109,28,2,0,0,6,26,0,0,0,2,1,5,0
1492-3,1,66,mesta,62,40,1,99,28,2,0,0,6,28,0,0,0,2,1,4,0
1492-3,1,67,mesta,62,40,1,96,28,2,0,0,6,28,0,0,0,2,1,4,0
1492-3,1,68,mesta,62,40,1,103,28,2,0,0,6,28,0,0,0,2,1,4,0
1492-3,1,69,mesta,62,40,1,101,28,2,0,0,6,28,0,0,0,2,1,4,0
1492-3,1,70,mesta,62,40,1,98,28,2,0,0,6,28,0,0,0,2,1,4,0
1492-3,1,71,mesta,62,40,1,95,27,2,0,0,5,27,0,0,0,2,1,4,0
1492-3,1,72,mesta,62,40,1,97,26,2,0,0,5,23,0,0,0,2,1,4,0
1492-3,1,73,mesta,62,40,1,99,25,2,0,0,5,23,0,0,0,2,1,4,0
1492-3,1,74,mesta,62,40,1,94,24,2,0,0,5,23,0,0,0,2,1,4,0
1492-3,1,75,mesta,62,40,1,98,23,2,0,0,5,23,0,0,0,2,1,4,0
1492-3,1,76,mesta,62,40,1,93,22,2,0,0,5,23,0,0,0,2,1,4,0
1492-3,1,77,mesta,62,40,1,93,22,2,0,0,6,24,0,0,0,2,1,4,0
1492-3,1,78,mesta,62,40,1,100,19,2,0,0,6,28,0,0,0,2,1,4,0
1492-3,1,79,mesta,62,40,1,110,16,2,0,0,6,28,0,0,0,2,1,4,0
1492-3,1,80,mesta,62,40,1,119,13,2,0,0,6,28,0,0,0,2,1,4,0
1492-3,1,81,mesta,62,40,1,102,10,2,0,0,6,28,0,0,0,2,1,5,0
1492-3,1,82,mesta,62,40,1,116,7,2,1,0,6,28,0,0,0,2,1,4,0
1492-3,1,83,mesta,62,40,1,124,11,2,0,0,13,35,0,0,0,2,1,4,0
1492-3,1,84,mesta,62,40,1,106,15,2,0,0,13,35,0,0,0,2,1,5,0
1492-3,1,85,mesta,62,40,1,118,19,2,1,0,13,35,0,0,0,2,1,4,0
1492-3,1,86,mesta,62,40,1,99,23,2,0,0,13,35,0,0,0,2,1,5,0
1492-3,1,87,mesta,62,40,1,111,26,2,1,0,13,35,0,0,0,2,1,4,0
1492-3,1,88,mesta,62,42,1,118,30,2,0,0,13,35,0,0,0,2,1,4,0
1492-3,1,89,mesta,62,42,1,110,28,2,0,0,8,30,0,0,0,2,1,4,0
1492-3,1,90,mesta,62,42,1,97,29,2,0,0,8,30,0,0,0,2,1,4,0
1492-3,1,91,mesta,62,42,1,102,30,2,0,0,8,30,0,0,0,2,1,4,0
1492-3,1,92,mesta,62,42,1,99,31,2,0,0,8,30,0,0,0,2,1,4,0
1492-3,1,93,mesta,62,42,1,97,32,2,0,0,8,30,0,0,0,2,1,4,0
1492-3,1,94,mesta,61,38,1,84,24,2,0,0,8,30,0,0,0,2,1,5,0
1492-3,1,95,mesta,61,38,1,98,24,2,0,0,5,25,0,0,0,2,1,3,0
1492-3,1,96,mesta,61,38,1,93,24,2,0,0,5,22,0,0,0,2,1,4,0
1492-3,1,97,mesta,61,38,1,96,24,2,0,0,5,22,0,0,0,2,1,4,0
1492-3,1,98,mesta,61,38,1,100,24,2,0,0,5,22,0,0,0,2,1,4,0
1492-3,1,99,mesta,61,38,1,95,24,2,0,0,5,22,0,0,0,2,1,4,0
1492-3,1,100,mesta,61,38,1,97,24,2,0,0,5,22,0,0,0,2,1,4,0
1492-3,1,101,mesta,61,38,1,96,25,2,0,0,6,23,0,0,0,2,1,4,0
1492-3,1,102,mesta,61,38,1,102,23,2,0,0,6,26,0,0,0,2,1,4,0
1492-3,1,103,mesta,61,38,1,107,21,2,0,0,6,26,0,0,0,2,1,4,0
1492-3,1,104,mesta,61,38,1,112,19,2,0,0,6,26,0,0,0,2,1,4,0
1492-3,1,105,mesta,61,38,1,117,17,2,0,0,6,26,0,0,0,2,1,4,0
1492-3,1,106,mesta,61,38,1,125,15,2,0,0,6,26,0,0,0,2,1,4,0
1492-3,1,107,mesta,61,38,1,106,20,2,0,0,13,33,0,0,0,2,1,5,0
1492-3,1,108,mesta,61,38,1,118,25,2,1,0,13,33,0,0,0,2,1,4,0
1492-3,1,109,mesta,61,39,1,98,30,2,0,0,13,33,0,0,0,2,1,5,0
1492-3,1,110,mesta,62,40,1,109,34,2,1,0,13,33,0,0,0,2,1,4,0
1492-3,1,111,mesta,61,36,1,97,28,2,0,0,13,35,0,0,0,2,1,5,0
1492-3,1,112,mesta,61,37,1,103,32,2,0,0,13,33,0,0,0,2,1,4,0
1492-3,1,113,mesta,61,37,1,102,18,2,0,0,8,28,0,0,0,2,1,9,0
1492-3,1,114,mesta,61,37,1,98,21,2,0,0,8,28,0,0,0,2,1,4,0
1492-3,1,115,mesta,64,37,1,94,24,2,0,0,8,28,0,0,0,2,1,4,0
1492-3,1,116,mesta,64,37,1,98,27,2,0,0,8,28,0,0,0,2,1,4,0
1492-3,1,117,mesta,64,37,1,93,29,2,0,0,8,28,0,0,0,2,1,4,0
1492-3,1,118,mesta,64,37,1,97,31,2,0,0,8,28,0,0,0,2,1,4,0
1492-3,1,119,mesta,64,37,1,101,30,2,0,0,5,25,0,0,0,2,1,4,0
1492-3,1,120,mesta,64,37,1,93,29,2,0,0,5,22,0,0,0,2,1,4,0
1492-3,1,121,mesta,64,37,1,97,28,2,0,0,5,22,0,0,0,2,1,4,0
1492-3,1,122,mesta,64,37,1,102,28,2,0,0,5,22,0,0,0,2,1,4,0
1492-3,1,123,mesta,64,37,1,96,28,2,0,0,5,22,0,0,0,2,1,4,0
1492-3,1,124,mesta,64,37,1,99,28,2,0,0,5,22,0,0,0,2,1,4,0
1492-3,1,125,mesta,65,41,1,109,28,2,0,0,6,23,0,0,0,2,1,5,0
1492-3,1,126,mesta,65,41,1,118,25,2,0,0,6,28,0,0,0,2,1,4,0
1492-3,1,127,mesta,65,41,1,100,22,2,0,0,6,28,0,0,0,2,1,5,0
1492-3,1,128,mesta,65,41,1,113,19,2,1,0,6,28,0,0,0,2,1,4,0
1492-3,1,129,mesta,65,41,1,120,16,2,0,0,6,28,0,0,0,2,1,4,0
1492-3,1,130,mesta,65,41,1,101,13,2,0,0,6,28,0,0,0,2,1,5,0
1492-3,1,131,mesta,65,41,1,123,17,2,1,0,13,35,0,0,0,2,1,4,0
1492-3,1,132,mesta,65,41,1,37,21,2,0,0,13,35,0,0,0,2,1,5,0
1492-3,1,133,mesta,65,41,1,82,26,2,1,0,13,35,0,0,0,2,1,2,0
1492-3,1,134,mesta,65,41,1,115,27,2,0,0,13,35,0,0,0,2,1,4,0
1492-3,1,135,mesta,65,41,1,125,28,2,0,0,13,35,0,0,0,2,1,4,0
1492-3,1,136,mesta,65,41,1,108,29,2,0,0,13,35,0,0,0,2,1,5,0
1492-3,1,137,mesta,65,41,1,107,25,2,1,0,8,30,0,0,0,2,1,4,0
1492-3,1,138,mesta,65,41,1,91,25,2,0,0,8,30,0,0,0,2,1,4,0
1492-3,1,139,mesta,65,41,1,96,25,2,0,0,8,30,0,0,0,2,1,4,0
1492-3,1,140,mesta,65,41,1,102,25,2,0,0,8,30,0,0,0,2,1,4,0
1492-3,1,141,mesta,65,41,1,99,25,2,0,0,8,30,0,0,0,2,1,4,0
1492-3,1,142,mesta,65,41,1,96,25,2,0,0,8,30,0,0,0,2,1,4,0
1492-3,1,143,mesta,65,41,1,100,22,2,0,0,5,27,0,0,0,2,1,4,0
1492-3,1,144,mesta,65,41,1,95,19,2,0,0,5,23,0,0,0,2,1,4,0
1492-3,1,145,mesta,65,41,1,99,16,2,0,0,5,23,0,0,0,2,1,4,0
1492-3,1,146,mesta,65,41,1,94,13,2,0,0,5,23,0,0,0,2,1,4,0
1492-3,1,147,mesta,65,41,1,94,10,2,0,0,5,23,0,0,0,2,1,4,0
1492-3,1,148,mesta,65,41,1,97,7,2,0,0,5,23,0,0,0,2,1,4,0
1492-3,1,149,mesta,65,41,1,99,5,2,0,0,6,24,0,0,0,2,1,4,0
1492-3,1,150,mesta,64,41,1,109,1,2,0,0,6,28,1,0,0,2,1,4,0
1492-3,1,151,mesta,63,41,1,119,1,2,0,0,6,28,1,0,0,2,1,5,0
1492-3,1,152,mesta,62,40,1,101,1,2,0,0,6,28,1,0,0,2,1,5,0
1492-3,1,153,mesta,60,39,1,110,1,2,1,0,6,28,1,0,0,2,1,4,0
1492-3,1,154,mesta,59,38,1,116,1,2,1,0,6,26,1,0,0,2,1,4,0
1492-3,1,155,mesta,59,38,1,122,4,2,0,0,13,33,0,0,0,2,1,4,0
1492-3,1,156,mesta,59,38,1,101,7,2,0,0,13,33,0,0,0,2,1,5,0
1492-3,1,157,mesta,59,38,1,112,10,2,1,0,13,33,0,0,0,2,1,4,0
1492-3,1,158,mesta,59,38,1,113,13,2,0,0,13,33,0,0,0,2,1,4,0
1492-3,1,159,mesta,59,38,1,118,16,2,0,0,13,33,0,0,0,2,1,4,0
1492-3,1,160,mesta,59,38,1,100,19,2,0,0,13,33,0,0,0,2,1,5,0
1492-3,1,161,mesta,59,38,1,106,17,2,1,0,8,28,0,0,0,2,1,4,0
1492-3,1,162,mesta,59,38,1,103,18,2,0,0,8,28,0,0,0,2,1,4,0
1492-3,1,163,mesta,59,38,1,94,19,2,0,0,8,28,0,0,0,2,1,4,0
1492-3,1,164,mesta,59,38,1,99,20,2,0,0,8,28,0,0,0,2,1,4,0
1492-3,1,165,mesta,59,38,1,95,21,2,0,0,8,28,0,0,0,2,1,4,0
1492-3,1,166,mesta,59,38,1,99,22,2,0,0,8,28,0,0,0,2,1,4,0
1492-3,1,167,mesta,59,38,1,92,20,2,0,0,5,25,0,0,0,2,1,4,0
1492-3,1,168,mesta,59,38,1,93,18,2,0,0,5,22,0,0,0,2,1,4,0
1492-3,1,169,mesta,59,38,1,96,16,2,0,0,5,22,0,0,0,2,1,4,0
1492-3,1,170,mesta,59,38,1,99,14,2,0,0,5,22,0,0,0,2,1,4,0
1492-3,1,171,mesta,59,38,1,92,12,2,0,0,5,22,0,0,0,2,1,4,0
1492-3,1,172,mesta,59,38,1,92,10,2,0,0,5,22,0,0,0,2,1,4,0
1492-3,1,173,mesta,59,38,1,91,9,2,0,0,6,23,0,0,0,2,1,4,0
1492-3,1,174,mesta,59,38,1,106,5,2,0,0,6,26,0,0,0,2,1,4,0
1492-3,1,175,mesta,59,38,1,115,1,2,0,0,6,26,0,0,0,2,1,4,0
1492-3,1,176,mesta,58,38,1,122,1,2,0,0,6,26,1,0,0,2,1,4,0
1492-3,1,177,mesta,57,38,1,103,1,2,0,0,6,26,1,0,0,2,1,5,0
1492-3,1,178,mesta,56,37,1,110,1,2,1,0,6,26,1,0,0,2,1,4,0
1492-3,1,179,mesta,56,37,1,116,4,2,0,0,13,33,0,0,0,2,1,4,0
1492-3,1,180,mesta,56,37,1,122,7,2,0,0,13,33,0,0,0,2,1,4,0
1492-3,1,181,mesta,56,37,1,102,10,2,0,0,13,33,0,0,0,2,1,5,0
1492-3,1,182,mesta,56,37,1,112,13,2,1,0,13,33,0,0,0,2,1,4,0
1492-3,1,183,mesta,56,37,1,113,16,2,0,0,13,33,0,0,0,2,1,4,0
1492-3,1,184,mesta,56,37,1,118,19,2,0,0,13,33,0,0,0,2,1,4,0
1492-3,1,185,mesta,56,37,1,108,17,2,0,0,8,28,0,0,0,2,1,4,0
1492-3,1,186,mesta,56,37,1,95,18,2,0,0,8,28,0,0,0,2,1,4,0
1492-3,1,187,mesta,56,37,1,94,19,2,0,0,8,28,0,0,0,2,1,4,0
1492-3,1,188,mesta,56,37,1,100,20,2,0,0,8,28,0,0,0,2,1,4,0
1492-3,1,189,mesta,56,37,1,96,21,2,0,0,8,28,0,0,0,2,1,4,0
1492-3,1,190,mesta,56,37,1,101,22,2,0,0,8,28,0,0,0,2,1,4,0
1492-3,1,191,mesta,56,37,1,97,20,2,0,0,5,25,0,0,0,2,1,4,0
1492-3,1,192,mesta,56,37,1,96,18,2,0,0,5,22,0,0,0,2,1,4,0
1492-3,1,193,mesta,56,37,1,99,16,2,0,0,5,22,0,0,0,2,1,4,0
1492-3,1,194,mesta,56,37,1,93,14,2,0,0,5,22,0,0,0,2,1,4,0
1492-3,1,195,mesta,56,37,1,95,12,2,0,0,5,22,0,0,0,2,1,4,0
1492-3,1,196,mesta,56,37,1,97,10,2,0,0,5,22,0,0,0,2,1,4,0
1492-3,1,197,mesta,56,37,1,96,9,2,0,0,6,23,0,0,0,2,1,4,0
1492-3,1,198,mesta,56,37,1,102,5,2,0,0,6,26,0,0,0,2,1,4,0
1492-3,1,199,mesta,56,37,1,107,1,2,0,0,6,26,0,0,0,2,1,4,0
1492-3,1,200,mesta,55,37,1,111,1,2,0,0,6,26,1,0,0,2,1,4,0
1492-3,1,1,monjes,46,116,1,40,56,0,0,0,18,42,0,0,0,0,1,4,0
1492-3,1,2,monjes,46,116,1,37,42,0,0,0,18,29,0,0,0,0,1,1,0
1492-3,1,3,monjes,46,116,1,44,26,0,0,0,18,29,0,0,0,0,1,0,1
1492-3,1,4,monjes,46,116,1,51,11,0,0,0,18,29,0,1,0,0,1,0,1
1492-3,1,5,monjes,46,116,1,58,16,0,0,0,36,47,0,1,0,0,1,0,1
1492-3,1,6,monjes,46,116,1,84,23,0,0,0,36,66,0,0,0,0,1,1,0
1492-3,1,7,monjes,46,116,1,88,29,0,0,0,36,66,0,0,0,0,1,3,0
1492-3,1,8,monjes,46,116,1,100,31,0,0,0,28,58,0,0,0,0,1,3,0
1492-3,1,9,monjes,46,116,1,98,33,0,0,0,28,58,0,0,0,0,1,3,0
1492-3,1,10,monjes,46,116,1,100,35,0,0,0,28,58,0,0,0,0,1,4,0
1492-3,1,11,monjes,46,116,1,96,79,0,0,0,72,95,0,0,0,0,1,3,0
1492-3,1,12,monjes,45,112,1,73,112,0,0,0,72,95,0,0,0,0,1,4,0
1492-3,1,13,monjes,59,108,1,70,145,0,0,0,72,95,0,0,0,1,1,3,0
1492-3,1,14,monjes,58,104,1,62,177,0,0,0,72,94,0,0,0,1,1,3,0
1492-3,1,15,monjes,58,104,1,84,218,0,0,0,72,94,0,0,0,1,1,1,0
1492-3,1,16,monjes,58,104,1,81,247,0,0,0,72,94,0,0,0,1,1,3,0
1492-3,1,17,monjes,58,104,1,107,237,0,0,0,40,62,0,0,0,1,1,8,0
1492-3,1,18,monjes,71,104,1,103,237,0,0,0,40,62,0,0,0,2,1,3,0
1492-3,1,19,monjes,71,104,1,107,224,0,0,0,40,62,0,0,0,2,1,8,0
1492-3,1,20,monjes,71,104,1,102,225,0,0,0,40,62,0,0,0,2,1,3,0
1492-3,1,21,monjes,71,104,1,106,220,0,0,0,40,62,0,0,0,2,1,8,0
1492-3,1,22,monjes,74,104,1,99,221,0,0,0,40,62,0,0,0,2,1,3,0
1492-3,1,23,monjes,74,104,1,108,201,0,0,0,27,49,0,0,0,2,1,8,0
1492-3,1,24,monjes,74,104,1,98,194,0,0,0,27,42,0,0,0,2,1,2,0
1492-3,1,25,monjes,74,104,1,93,180,0,0,0,27,42,0,0,0,2,1,7,0
1492-3,1,26,monjes,77,104,1,84,174,0,0,0,27,42,0,0,0,2,1,2,0
1492-3,1,27,monjes,77,104,1,85,160,0,0,0,27,42,0,0,0,2,1,7,0
1492-3,1,28,monjes,77,104,1,83,155,0,0,0,27,42,0,0,0,2,1,2,0
1492-3,1,29,monjes,77,104,1,87,148,0,0,0,36,51,0,0,0,2,1,8,0
1492-3,1,30,monjes,77,104,1,87,153,0,0,0,36,58,0,0,0,2,1,3,0
1492-3,1,31,monjes,80,104,1,93,161,0,0,0,36,58,0,0,0,2,1,3,0
1492-3,1,32,monjes,80,104,1,88,168,0,0,0,36,58,0,0,0,2,1,2,0
1492-3,1,33,monjes,80,104,1,96,162,0,0,0,36,58,0,0,0,2,1,7,0
1492-3,1,34,monjes,80,104,1,91,155,0,0,0,36,58,0,0,0,2,1,7,0
1492-3,1,35,monjes,83,104,1,95,193,0,0,0,72,94,0,0,0,2,1,3,0
1492-3,1,36,monjes,83,104,1,91,231,0,0,0,72,94,0,0,0,2,1,2,0
1492-3,1,37,monjes,83,104,1,89,259,0,0,0,72,94,0,0,0,2,1,3,0
1492-3,1,38,monjes,83,104,1,111,285,0,0,0,72,94,0,0,0,2,1,3,0
1492-3,1,39,monjes,83,104,1,111,312,0,0,0,72,94,0,0,0,2,1,3,0
1492-3,1,40,monjes,83,104,1,113,338,0,0,0,72,94,0,0,0,2,1,3,0
1492-3,1,41,monjes,83,103,1,114,335,0,0,0,45,67,0,0,0,2,1,12,0
1492-3,1,42,monjes,82,99,1,86,327,0,0,0,45,67,0,0,0,2,1,4,0
1492-3,1,43,monjes,174,105,2,107,313,0,0,0,45,65,0,0,0,3,1,9,0
1492-3,1,44,monjes,174,106,2,91,313,0,0,0,45,65,0,0,0,3,1,4,0
1492-3,1,45,monjes,176,102,2,98,297,0,0,0,45,65,0,1,0,3,1,11,0
1492-3,1,46,monjes,176,103,2,95,305,0,0,0,50,70,0,0,0,3,1,3,0
1492-3,1,47,monjes,176,104,2,99,293,0,0,0,31,51,0,0,0,3,1,3,0
1492-3,1,48,monjes,278,111,3,89,283,0,0,0,32,46,0,0,0,4,1,4,0
1492-3,1,49,monjes,278,113,3,92,255,0,0,0,33,47,0,0,0,4,1,10,0
1492-3,1,50,monjes,278,110,3,83,243,0,0,0,42,56,0,0,0,4,1,7,0
1492-3,1,51,monjes,281,112,3,83,237,0,0,0,44,58,0,1,0,4,1,3,0
1492-3,1,52,monjes,281,114,3,73,240,0,0,0,48,62,0,0,0,4,1,3,0
1492-3,1,53,monjes,282,116,3,88,257,0,0,0,67,82,0,0,0,4,1,4,0
1492-3,1,54,monjes,303,124,4,94,266,0,0,0,69,90,0,1,0,4,1,9,0
1492-3,1,55,monjes,307,127,4,45,244,0,0,0,65,87,0,0,0,4,1,5,0
1492-3,1,56,monjes,308,130,4,67,254,0,0,0,66,88,0,2,0,4,1,4,0
1492-3,1,57,monjes,335,169,5,81,277,0,0,0,76,99,0,0,0,4,1,2,0
1492-3,1,58,monjes,336,173,5,37,240,0,0,0,76,106,0,1,0,4,1,12,0
1492-3,1,59,monjes,340,177,5,61,321,0,0,0,149,181,0,1,0,4,1,2,0
1492-3,1,60,monjes,372,238,6,83,399,0,0,0,149,181,0,0,0,4,1,2,0
1492-3,1,61,monjes,373,244,6,88,466,0,0,0,153,195,0,0,0,4,1,5,0
1492-3,1,62,monjes,375,250,6,98,530,0,0,0,155,196,0,0,0,4,1,3,0
1492-3,1,63,monjes,376,255,6,99,593,0,0,0,157,201,0,0,0,4,1,3,0
1492-3,1,64,monjes,377,260,6,101,654,0,0,0,160,204,0,1,0,4,1,4,0
1492-3,1,65,monjes,378,269,6,87,636,0,0,0,84,129,0,0,0,4,1,9,0
1492-3,1,66,monjes,379,270,6,81,610,0,0,0,86,133,0,1,0,4,1,4,0
1492-3,1,67,monjes,380,275,6,93,585,0,0,0,89,134,0,0,0,4,1,8,0
1492-3,1,68,monjes,384,280,6,86,576,0,0,0,90,136,0,0,0,4,1,3,0
1492-3,1,69,monjes,385,285,6,92,557,0,0,0,93,141,0,1,0,4,1,9,0
1492-3,1,70,monjes,385,288,6,98,557,0,0,0,103,153,0,1,0,4,1,4,0
1492-3,1,71,monjes,386,291,6,104,535,0,0,0,79,132,0,0,0,4,1,3,0
1492-3,1,72,monjes,386,294,6,94,506,0,0,0,83,130,0,0,0,4,1,8,0
1492-3,1,73,monjes,386,294,6,81,468,0,0,0,72,122,0,0,0,4,1,9,0
1492-3,1,74,monjes,389,294,6,92,437,0,0,0,72,122,0,1,0,4,1,4,0
1492-3,1,75,monjes,389,294,6,101,412,0,0,0,72,122,0,1,0,4,1,4,0
1492-3,1,76,monjes,391,300,6,95,400,0,0,0,79,129,0,0,0,4,1,4,0
1492-3,1,77,monjes,391,301,6,77,416,0,0,0,115,165,0,1,0,4,1,7,0
1492-3,1,78,monjes,392,307,6,90,413,0,0,0,112,167,0,1,0,4,1,10,0
1492-3,1,79,monjes,393,313,6,102,426,0,0,0,121,176,0,1,0,4,1,5,0
1492-3,1,80,monjes,397,319,6,106,447,0,0,0,122,184,0,0,0,4,1,4,0
1492-3,1,81,monjes,420,334,7,97,465,0,0,0,123,188,0,1,0,4,1,6,0
1492-3,1,82,monjes,422,344,7,85,478,0,0,0,123,188,0,1,0,4,1,6,0
1492-3,1,83,monjes,425,355,7,91,590,0,0,0,230,291,0,1,0,4,1,5,0
1492-3,1,84,monjes,427,366,7,80,716,0,0,0,250,311,0,0,0,4,1,3,0
1492-3,1,85,monjes,429,377,7,93,831,0,0,0,250,312,0,1,0,4,1,4,0
1492-3,1,86,monjes,431,389,7,98,933,0,0,0,242,311,0,0,0,4,1,3,0
1492-3,1,87,monjes,434,401,7,105,1027,0,0,0,243,313,0,1,0,4,1,4,0
1492-3,1,88,monjes,437,419,7,99,1126,0,0,0,245,318,0,0,0,4,1,5,0
1492-3,1,89,monjes,439,429,7,90,1117,0,0,0,162,236,0,2,0,4,1,6,0
1492-3,1,90,monjes,441,438,7,100,1099,0,0,0,163,236,0,1,0,4,1,11,0
1492-3,1,91,monjes,444,454,7,105,1097,0,0,0,160,238,0,1,0,4,1,4,0
1492-3,1,92,monjes,472,476,8,113,1093,0,0,0,160,239,0,0,0,4,1,4,0
1492-3,1,93,monjes,475,494,8,93,1074,0,0,0,161,242,0,0,0,4,1,9,0
1492-3,1,94,monjes,479,512,8,106,1058,0,0,0,162,243,0,2,0,4,1,5,0
1492-3,1,95,monjes,479,512,8,108,985,0,0,0,102,185,0,0,0,4,1,3,0
1492-3,1,96,monjes,479,512,8,105,913,0,0,0,102,179,0,0,0,4,1,3,0
1492-3,1,97,monjes,479,512,8,102,858,0,0,0,116,193,0,1,0,4,1,3,0
1492-3,1,98,monjes,479,512,8,89,807,0,0,0,116,193,0,0,0,4,1,3,0
1492-3,1,99,monjes,480,516,8,117,755,0,0,0,116,193,0,0,0,4,1,5,0
1492-3,1,100,monjes,480,516,8,101,698,0,0,0,116,194,0,1,0,4,1,6,0
1492-3,1,101,monjes,482,525,8,81,658,0,0,0,142,223,0,0,0,4,1,13,0
1492-3,1,102,monjes,485,541,8,111,633,0,0,0,141,228,0,1,0,4,1,5,0
1492-3,1,103,monjes,488,556,8,109,602,0,0,0,141,233,0,0,0,4,1,4,0
1492-3,1,104,monjes,491,571,8,124,576,0,0,0,144,237,0,1,0,4,1,4,0
1492-3,1,105,monjes,515,579,9,115,551,0,0,0,144,238,0,0,0,4,1,6,0
1492-3,1,106,monjes,515,579,9,121,524,0,1,0,144,238,0,0,0,4,1,5,0
1492-3,1,107,monjes,519,596,9,106,604,0,1,0,255,349,0,1,0,4,1,6,0
1492-3,1,108,monjes,522,613,9,116,694,0,2,0,273,369,0,0,0,4,1,4,0
1492-3,1,109,monjes,525,629,9,122,783,0,2,0,278,378,0,1,0,4,1,5,0
1492-3,1,110,monjes,528,644,9,137,865,0,2,0,272,375,0,0,0,4,1,5,0
1492-3,1,111,monjes,531,656,9,125,931,0,2,0,276,383,0,1,0,4,1,6,0
1492-3,1,112,monjes,533,668,9,119,994,0,1,0,280,389,0,0,0,4,1,9,0
1492-3,1,113,monjes,536,680,9,128,1008,0,1,0,223,332,0,1,0,4,1,4,0
1492-3,1,114,monjes,538,694,9,141,1021,0,1,0,224,336,0,0,0,4,1,5,0
1492-3,1,115,monjes,544,708,9,154,1031,0,1,0,226,338,0,1,0,4,1,4,0
1492-3,1,116,monjes,547,723,9,118,1039,0,1,0,227,341,0,0,0,4,1,5,0
1492-3,1,117,monjes,550,738,9,133,1046,0,1,0,229,345,0,0,0,4,1,4,0
1492-3,1,118,monjes,553,753,9,151,1051,0,1,0,231,350,0,0,0,4,1,5,0
1492-3,1,119,monjes,553,753,9,170,957,0,1,0,134,254,0,0,0,4,1,4,0
1492-3,1,120,monjes,553,753,9,133,866,0,1,0,134,248,0,1,0,4,1,5,0
1492-3,1,121,monjes,553,753,9,146,781,0,1,0,134,248,0,0,0,4,1,4,0
1492-3,1,122,monjes,553,753,9,159,699,0,1,0,134,248,0,0,0,4,1,4,0
1492-3,1,123,monjes,553,753,9,172,621,0,1,0,134,248,0,0,0,4,1,5,0
1492-3,1,124,monjes,553,753,9,135,546,0,1,0,134,248,0,0,0,4,1,4,0
1492-3,1,125,monjes,553,753,9,131,504,0,1,0,168,282,0,0,0,4,1,5,0
1492-3,1,126,monjes,554,757,9,153,461,0,2,0,168,288,0,0,0,4,1,6,0
1492-3,1,127,monjes,553,753,9,161,411,0,3,0,168,288,0,0,0,4,1,5,0
1492-3,1,128,monjes,553,753,9,129,362,0,3,0,168,287,0,0,0,4,1,10,0
1492-3,1,129,monjes,553,753,9,146,330,0,3,0,168,287,0,0,0,4,1,4,0
1492-3,1,130,monjes,553,753,9,164,299,0,3,0,168,287,0,0,0,4,1,4,0
1492-3,1,131,monjes,560,773,9,182,388,0,3,0,292,411,0,0,0,4,1,5,0
1492-3,1,132,monjes,564,790,9,143,471,0,3,0,294,417,0,0,0,4,1,5,0
1492-3,1,133,monjes,567,808,9,156,547,0,3,0,296,423,0,1,0,4,1,5,0
1492-3,1,134,monjes,571,825,9,171,636,0,3,0,318,447,0,1,0,4,1,5,0
1492-3,1,135,monjes,573,835,9,188,739,0,3,0,340,472,0,1,0,4,1,5,0
1492-3,1,136,monjes,574,844,9,221,858,0,3,0,363,500,0,1,0,4,1,4,0
1492-3,1,137,monjes,575,848,9,225,836,0,3,0,262,400,0,0,0,4,1,5,0
1492-3,1,138,monjes,576,852,9,209,853,0,3,0,263,401,0,0,0,4,1,5,0
1492-3,1,139,monjes,609,917,10,253,868,0,3,0,263,401,0,0,0,4,1,6,0
1492-3,1,140,monjes,610,923,10,250,858,0,3,0,263,410,0,0,0,4,1,7,0
1492-3,1,141,monjes,611,928,10,241,804,0,3,0,263,408,0,1,0,4,1,11,0
1492-3,1,142,monjes,612,932,10,224,816,0,3,0,278,425,0,1,0,4,1,6,0
1492-3,1,143,monjes,643,987,11,242,737,0,3,0,185,336,0,0,0,4,1,6,0
1492-3,1,144,monjes,643,987,11,250,647,0,3,0,185,339,0,1,0,4,1,7,0
1492-3,1,145,monjes,643,987,11,211,560,0,3,0,185,336,0,1,0,4,1,6,0
1492-3,1,146,monjes,646,987,11,232,483,0,3,0,194,345,0,1,0,4,1,6,0
1492-3,1,147,monjes,646,987,11,252,417,0,3,0,200,351,0,2,0,4,1,4,0
1492-3,1,148,monjes,646,987,11,258,356,0,3,0,200,357,0,0,0,4,1,5,0
1492-3,1,149,monjes,648,996,11,229,344,0,3,0,251,408,0,1,0,4,1,5,0
1492-3,1,150,monjes,648,999,11,257,332,0,3,0,251,415,0,1,0,4,1,5,0
1492-3,1,151,monjes,650,1008,11,285,326,0,3,0,257,421,0,1,0,4,1,5,0
1492-3,1,152,monjes,651,1012,11,324,291,0,3,0,228,393,0,0,0,4,1,5,0
1492-3,1,153,monjes,651,1012,11,303,257,0,3,0,228,393,0,0,0,4,1,4,0
1492-3,1,154,monjes,651,1012,11,302,186,0,3,0,228,393,0,0,0,4,1,5,0
1492-3,1,155,monjes,653,1022,11,322,326,0,3,0,402,567,0,0,0,4,1,4,0
1492-3,1,156,monjes,681,1064,12,336,459,0,3,0,402,568,0,0,0,4,1,5,0
1492-3,1,157,monjes,684,1076,12,331,571,0,3,0,402,574,0,1,0,4,1,7,0
1492-3,1,158,monjes,686,1089,12,337,677,0,3,0,416,589,0,2,0,4,1,7,0
1492-3,1,159,monjes,689,1102,12,340,804,0,1,0,444,617,0,0,0,4,1,9,0
1492-3,1,160,monjes,692,1116,12,339,930,0,1,0,444,620,0,2,0,4,1,6,0
1492-3,1,161,monjes,695,1130,12,365,915,0,2,0,306,488,0,1,0,4,1,5,0
1492-3,1,162,monjes,701,1145,12,345,910,0,2,0,315,499,0,1,0,4,1,6,0
1492-3,1,163,monjes,704,1162,12,381,911,0,2,0,325,515,0,1,0,4,1,5,0
1492-3,1,164,monjes,707,1179,12,418,910,0,2,0,325,516,0,0,0,4,1,4,0
1492-3,1,165,monjes,710,1194,12,456,905,0,2,0,325,517,0,0,0,4,1,4,0
1492-3,1,166,monjes,713,1209,12,447,896,0,2,0,325,520,0,0,0,4,1,4,0
1492-3,1,167,monjes,713,1209,12,490,766,0,2,0,215,412,0,0,0,4,1,10,0
1492-3,1,168,monjes,716,1209,12,527,653,0,2,0,215,406,0,0,0,4,1,4,0
1492-3,1,169,monjes,716,1209,12,564,545,0,2,0,215,406,0,0,0,4,1,4,0
1492-3,1,170,monjes,716,1209,12,550,441,0,2,0,215,406,0,0,0,4,1,4,0
1492-3,1,171,monjes,716,1209,12,537,341,0,2,0,215,406,0,0,0,4,1,5,0
1492-3,1,172,monjes,716,1209,12,574,245,0,2,0,215,406,0,0,0,4,1,5,0
1492-3,1,173,monjes,716,1209,12,611,208,0,2,0,272,463,0,0,0,4,1,4,0
1492-3,1,174,monjes,716,1209,12,654,172,0,2,0,272,469,0,0,0,4,1,4,0
1492-3,1,175,monjes,716,1209,12,638,141,0,2,0,272,469,0,0,0,4,1,3,0
1492-3,1,176,monjes,716,1209,12,668,114,0,2,0,272,469,0,0,0,4,1,4,0
1492-3,1,177,monjes,716,1209,12,613,90,0,0,0,272,469,0,0,0,4,1,3,0
1492-3,1,178,monjes,716,1209,12,595,66,0,0,0,272,469,0,0,0,4,1,4,0
1492-3,1,179,monjes,720,1225,12,543,247,0,2,0,491,688,0,0,0,4,1,4,0
1492-3,1,180,monjes,723,1241,12,594,414,0,4,0,491,690,0,0,0,4,1,4,0
1492-3,1,181,monjes,725,1253,12,638,571,0,4,0,491,693,0,0,0,4,1,4,0
1492-3,1,182,monjes,727,1263,12,686,719,0,4,0,491,693,0,0,0,4,1,4,0
1492-3,1,183,monjes,729,1270,12,684,853,0,2,0,491,696,0,0,0,4,1,10,0
1492-3,1,184,monjes,733,1277,12,731,985,0,2,0,491,697,0,0,0,4,1,5,0
1492-3,1,185,monjes,735,1285,12,784,951,0,2,0,325,532,0,0,0,4,1,4,0
1492-3,1,186,monjes,736,1293,12,833,916,0,2,0,325,532,0,0,0,4,1,4,0
1492-3,1,187,monjes,737,1295,12,834,870,0,2,0,325,534,0,0,0,4,1,9,0
1492-3,1,188,monjes,737,1295,12,886,837,0,2,0,325,535,0,0,0,4,1,5,0
1492-3,1,189,monjes,740,1295,12,942,805,0,2,0,325,535,0,0,0,4,1,4,0
1492-3,1,190,monjes,740,1295,12,994,774,0,2,0,325,535,0,0,0,4,1,4,0
1492-3,1,191,monjes,740,1295,12,998,639,0,2,0,215,425,0,0,0,4,1,4,0
1492-3,1,192,monjes,740,1295,12,1014,471,0,2,0,215,419,0,0,0,4,1,5,0
1492-3,1,193,monjes,740,1295,12,1012,348,0,2,0,215,419,0,0,0,4,1,5,0
1492-3,1,194,monjes,772,1355,13,1060,230,0,2,0,215,419,0,0,0,4,1,5,0
1492-3,1,195,monjes,772,1359,13,1099,102,0,3,0,215,429,0,0,0,4,1,7,0
1492-3,1,196,monjes,771,1359,13,1083,4,0,3,0,215,426,1,0,0,4,1,5,0
1492-3,1,197,monjes,770,1359,13,1111,7,0,3,0,272,483,1,1,0,4,1,3,0
1492-3,1,198,monjes,763,1327,13,1145,7,0,3,0,283,500,1,0,0,4,1,4,0
1492-3,1,199,monjes,756,1295,13,1165,7,0,3,0,283,488,1,0,0,4,1,3,0
1492-3,1,200,monjes,748,1263,13,1186,7,0,3,0,283,485,1,0,0,4,1,3,0
1492-3,1,1,salineros,36,66,1,25,70,0,13,0,17,38,0,0,0,0,1,4,0
1492-3,1,2,salineros,35,62,1,7,59,0,16,0,17,30,0,0,0,0,1,2,0
1492-3,1,3,salineros,35,62,1,9,49,0,19,0,17,30,0,0,0,0,1,5,0
1492-3,1,4,salineros,48,62,1,11,49,0,23,0,17,30,0,0,0,1,1,0,1
1492-3,1,5,salineros,48,62,1,13,51,0,26,0,19,32,0,1,0,1,1,0,1
1492-3,1,6,salineros,48,62,1,1,55,0,37,0,19,46,0,0,0,1,1,0,1
1492-3,1,7,salineros,48,62,1,9,57,0,47,0,19,45,0,0,0,1,1,0,1
1492-3,1,8,salineros,48,62,1,17,51,0,57,0,19,45,0,1,0,1,1,5,0
1492-3,1,9,salineros,51,62,1,33,55,0,57,0,19,53,0,0,0,1,1,3,0
1492-3,1,10,salineros,51,60,1,145,49,0,57,0,19,52,0,0,0,1,1,3,0
1492-3,1,11,salineros,50,58,1,211,49,0,64,0,25,58,0,0,0,1,1,6,0
1492-3,1,12,salineros,51,60,1,235,58,0,68,0,25,56,0,0,0,1,1,9,0
1492-3,1,13,salineros,54,60,1,260,72,0,73,0,25,57,0,0,0,1,1,4,0
1492-3,1,14,salineros,54,60,1,284,86,0,78,0,25,57,0,0,0,1,1,4,0
1492-3,1,15,salineros,69,60,1,308,100,0,83,0,25,57,0,0,0,2,1,4,0
1492-3,1,16,salineros,69,60,1,320,107,0,86,0,25,57,0,0,0,2,1,8,0
1492-3,1,17,salineros,72,60,1,335,112,0,89,0,20,51,0,0,0,2,1,3,0
1492-3,1,18,salineros,72,60,1,348,117,0,92,0,20,51,0,0,0,2,1,3,0
1492-3,1,19,salineros,72,60,1,361,122,0,95,0,20,51,0,0,0,2,1,3,0
1492-3,1,20,salineros,72,60,1,373,116,0,97,0,20,50,0,0,0,2,1,8,0
1492-3,1,21,salineros,72,60,1,390,121,0,99,0,20,50,0,0,0,2,1,3,0
1492-3,1,22,salineros,75,60,1,411,126,0,101,0,20,50,0,0,0,2,1,3,0
1492-3,1,23,salineros,75,60,1,430,128,0,102,0,17,46,0,0,0,2,1,3,0
1492-3,1,24,salineros,75,60,1,442,130,0,103,0,17,40,0,0,0,2,1,3,0
1492-3,1,25,salineros,75,60,1,453,132,0,104,0,17,40,0,0,0,2,1,3,0
1492-3,1,26,salineros,75,60,1,462,134,0,105,0,17,40,0,0,0,2,1,3,0
1492-3,1,27,salineros,75,60,1,470,136,0,105,0,17,39,0,0,0,2,1,3,0
1492-3,1,28,salineros,75,60,1,477,126,0,105,0,17,39,0,0,0,2,1,8,0
1492-3,1,29,salineros,75,60,1,483,130,0,105,0,19,41,0,0,0,2,1,3,0
1492-3,1,30,salineros,78,60,1,501,134,0,104,0,19,46,0,0,0,2,1,3,0
1492-3,1,31,salineros,78,60,1,517,138,0,103,0,19,46,0,0,0,2,1,3,0
1492-3,1,32,salineros,78,60,1,537,142,0,102,0,19,46,0,0,0,2,1,3,0
1492-3,1,33,salineros,78,60,1,555,146,0,100,0,19,45,0,0,0,2,1,3,0
1492-3,1,34,salineros,78,60,1,573,150,0,98,0,19,45,0,0,0,2,1,3,0
1492-3,1,35,salineros,78,60,1,589,160,0,95,0,25,51,0,0,0,2,1,3,0
1492-3,1,36,salineros,78,60,1,625,167,0,92,0,25,51,0,0,0,2,1,4,0
1492-3,1,37,salineros,78,64,1,673,177,0,89,0,25,51,0,0,0,2,1,5,0
1492-3,1,38,salineros,78,60,1,690,173,0,86,0,25,51,0,0,0,2,1,5,0
1492-3,1,39,salineros,78,60,1,727,169,0,81,0,25,51,0,0,0,2,1,9,0
1492-3,1,40,salineros,78,60,1,763,176,0,78,0,25,51,0,0,0,2,1,4,0
1492-3,1,41,salineros,81,60,1,798,179,0,75,0,21,47,0,0,0,2,1,4,0
1492-3,1,42,salineros,81,60,1,838,182,0,72,0,21,47,0,0,0,2,1,4,0
1492-3,1,43,salineros,81,60,1,880,185,0,69,0,21,47,0,0,0,2,1,4,0
1492-3,1,44,salineros,81,60,1,922,188,0,66,0,21,47,0,0,0,2,1,4,0
1492-3,1,45,salineros,81,60,1,963,191,0,63,0,21,47,0,0,0,2,1,4,0
1492-3,1,46,salineros,81,60,1,1002,194,0,60,0,21,47,0,0,0,2,1,4,0
1492-3,1,47,salineros,81,60,1,1041,193,0,57,0,17,43,0,0,0,2,1,4,0
1492-3,1,48,salineros,81,60,1,1073,180,0,54,0,17,37,0,0,0,2,1,9,0
1492-3,1,49,salineros,81,60,1,1105,179,0,51,0,17,37,0,0,0,2,1,4,0
1492-3,1,50,salineros,84,60,1,1137,178,0,48,0,17,37,0,0,0,2,1,4,0
1492-3,1,51,salineros,84,60,1,1167,177,0,45,0,17,37,0,0,0,2,1,4,0
1492-3,1,52,salineros,84,60,1,1202,176,0,42,0,17,37,0,0,0,2,1,4,0
1492-3,1,53,salineros,84,60,1,1236,177,0,39,0,19,39,0,0,0,2,1,4,0
1492-3,1,54,salineros,84,60,1,1290,178,0,34,0,19,45,0,0,0,2,1,4,0
1492-3,1,55,salineros,84,60,1,1341,179,0,31,0,19,45,0,0,0,2,1,4,0
1492-3,1,56,salineros,84,60,1,1375,180,0,28,0,19,45,0,0,0,2,1,4,0
1492-3,1,57,salineros,84,60,1,1410,181,0,25,0,19,45,0,0,0,2,1,4,0
1492-3,1,58,salineros,85,67,1,1411,167,0,21,0,19,45,0,1,0,2,1,11,0
1492-3,1,59,salineros,85,66,1,1429,163,0,18,0,25,51,0,0,0,2,1,6,0
1492-3,1,60,salineros,85,69,1,1465,158,0,13,0,25,51,0,0,0,2,1,9,0
1492-3,1,61,salineros,86,72,1,1454,123,0,14,0,25,51,0,0,0,2,1,4,0
1492-3,1,62,salineros,87,75,1,1379,130,0,15,0,25,53,0,0,0,2,1,2,0
1492-3,1,63,salineros,141,145,2,1399,137,0,16,0,25,53,0,0,0,3,1,3,0
1492-3,1,64,salineros,144,145,2,1360,126,0,17,0,25,67,0,0,0,3,1,4,0
1492-3,1,65,salineros,144,145,2,1289,114,0,18,0,19,61,0,1,0,3,1,5,0
1492-3,1,66,salineros,144,145,2,1277,114,0,16,0,31,73,0,1,0,3,1,6,0
1492-3,1,67,salineros,144,148,2,1282,123,0,17,0,43,85,0,1,0,3,1,4,0
1492-3,1,68,salineros,145,151,2,1244,143,0,18,0,52,94,0,1,0,3,1,4,0
1492-3,1,69,salineros,146,155,2,1172,172,0,15,0,61,105,0,0,0,3,1,6,0
1492-3,1,70,salineros,146,159,2,1176,156,0,15,0,65,109,0,1,0,3,1,5,0
1492-3,1,71,salineros,147,163,2,1164,133,0,25,0,57,110,0,0,0,3,1,6,0
1492-3,1,72,salineros,211,230,3,1095,142,0,32,0,57,103,0,1,0,4,1,6,0
1492-3,1,73,salineros,246,305,4,1121,130,0,48,0,54,123,0,0,0,4,1,11,0
1492-3,1,74,salineros,246,305,4,1152,110,0,64,0,54,137,0,0,0,4,1,6,0
1492-3,1,75,salineros,249,305,4,1142,86,0,81,0,54,137,0,1,0,4,1,5,0
1492-3,1,76,salineros,249,305,4,1181,70,0,97,0,60,142,0,2,0,4,1,7,0
1492-3,1,77,salineros,249,308,4,1220,79,0,113,0,81,163,0,0,0,4,1,4,0
1492-3,1,78,salineros,250,311,4,1268,87,0,128,0,81,171,0,0,0,4,1,4,0
1492-3,1,79,salineros,250,314,4,1265,95,0,143,0,81,171,0,0,0,4,1,4,0
1492-3,1,80,salineros,251,317,4,1317,102,0,158,0,81,171,0,0,0,4,1,5,0
1492-3,1,81,salineros,252,321,4,1369,108,0,171,0,81,172,0,0,0,4,1,4,0
1492-3,1,82,salineros,253,325,4,1431,114,0,184,0,81,172,0,0,0,4,1,5,0
1492-3,1,83,salineros,253,325,4,1434,164,0,196,0,127,220,0,0,0,4,1,4,0
1492-3,1,84,salineros,253,325,4,1492,211,0,206,0,127,219,0,0,0,4,1,7,0
1492-3,1,85,salineros,253,325,4,1528,243,0,216,0,127,219,0,1,0,4,1,7,0
1492-3,1,86,salineros,253,325,4,1583,287,0,222,0,140,231,0,1,0,4,1,11,0
1492-3,1,87,salineros,253,325,4,1603,346,0,229,0,144,235,0,1,0,4,1,5,0
1492-3,1,88,salineros,253,325,4,1673,412,0,234,0,149,240,0,0,0,4,1,6,0
1492-3,1,89,salineros,253,325,4,1742,439,0,238,0,110,200,0,0,0,4,1,5,0
1492-3,1,90,salineros,256,325,4,1786,426,0,242,0,110,200,0,0,0,4,1,6,0
1492-3,1,91,salineros,256,325,4,1809,453,0,245,0,110,200,0,0,0,4,1,5,0
1492-3,1,92,salineros,296,425,5,1832,480,0,247,0,110,199,0,0,0,4,1,6,0
1492-3,1,93,salineros,296,425,5,1857,482,0,249,0,110,219,0,0,0,4,1,7,0
1492-3,1,94,salineros,296,425,5,1941,482,0,250,0,110,218,0,1,0,4,1,6,0
1492-3,1,95,salineros,296,425,5,2025,458,0,251,0,84,192,0,0,0,4,1,5,0
1492-3,1,96,salineros,296,425,5,2099,430,0,253,0,84,183,0,0,0,4,1,6,0
1492-3,1,97,salineros,296,425,5,2123,413,0,254,0,91,189,0,0,0,4,1,5,0
1492-3,1,98,salineros,296,429,5,2207,396,0,256,0,91,189,0,0,0,4,1,7,0
1492-3,1,99,salineros,296,425,5,2260,368,0,258,0,91,189,0,0,0,4,1,6,0
1492-3,1,100,salineros,296,425,5,2338,338,0,259,0,91,188,0,0,0,4,1,10,0
1492-3,1,101,salineros,296,425,5,2365,338,0,261,0,108,205,0,0,0,4,1,5,0
1492-3,1,102,salineros,296,425,5,2451,338,0,262,0,108,213,0,0,0,4,1,6,0
1492-3,1,103,salineros,296,425,5,2536,338,0,263,0,108,213,0,0,0,4,1,5,0
1492-3,1,104,salineros,296,425,5,2620,338,0,264,0,108,213,0,0,0,4,1,5,0
1492-3,1,105,salineros,299,425,5,2654,338,0,265,0,108,213,0,0,0,4,1,5,0
1492-3,1,106,salineros,299,425,5,2737,338,0,266,0,108,213,0,0,0,4,1,6,0
1492-3,1,107,salineros,299,425,5,2820,403,0,265,0,173,278,0,0,0,4,1,5,0
1492-3,1,108,salineros,299,425,5,2903,468,0,263,0,173,278,0,0,0,4,1,5,0
1492-3,1,109,salineros,299,425,5,2935,533,0,260,0,173,278,0,0,0,4,1,5,0
1492-3,1,110,salineros,299,425,5,3022,598,0,256,0,173,278,0,0,0,4,1,6,0
1492-3,1,111,salineros,299,425,5,3108,663,0,250,0,173,278,0,0,0,4,1,5,0
1492-3,1,112,salineros,299,425,5,3192,728,0,243,0,173,278,0,0,0,4,1,4,0
1492-3,1,113,salineros,299,429,5,3234,761,0,235,0,141,246,0,0,0,4,1,5,0
1492-3,1,114,salineros,299,429,5,3298,782,0,227,0,141,246,0,0,0,4,1,6,0
1492-3,1,115,salineros,299,429,5,3382,800,0,218,0,141,246,0,0,0,4,1,9,0
1492-3,1,116,salineros,299,429,5,3465,831,0,209,0,141,246,0,0,0,4,1,4,0
1492-3,1,117,salineros,299,429,5,3497,862,0,199,0,141,246,0,0,0,4,1,4,0
1492-3,1,118,salineros,299,429,5,3579,893,0,189,0,141,246,0,0,0,4,1,5,0
1492-3,1,119,salineros,302,429,5,3660,874,0,179,0,91,196,0,0,0,4,1,4,0
1492-3,1,120,salineros,302,429,5,3737,855,0,169,0,91,187,0,0,0,4,1,4,0
1492-3,1,121,salineros,302,429,5,3763,836,0,160,0,91,187,0,0,0,4,1,4,0
1492-3,1,122,salineros,302,429,5,3839,817,0,151,0,91,187,0,0,0,4,1,5,0
1492-3,1,123,salineros,302,429,5,3914,798,0,142,0,91,187,0,0,0,4,1,4,0
1492-3,1,124,salineros,302,429,5,3988,779,0,134,0,91,187,0,0,0,4,1,4,0
1492-3,1,125,salineros,302,429,5,4011,777,0,126,0,108,204,0,0,0,4,1,4,0
1492-3,1,126,salineros,303,433,5,4102,776,0,118,0,108,213,0,0,0,4,1,6,0
1492-3,1,127,salineros,303,433,5,4165,763,0,110,0,108,215,0,0,0,4,1,5,0
1492-3,1,128,salineros,303,433,5,4248,747,0,102,0,108,215,0,0,0,4,1,9,0
1492-3,1,129,salineros,303,433,5,4280,744,0,95,0,108,215,0,0,0,4,1,4,0
1492-3,1,130,salineros,303,433,5,4366,741,0,88,0,108,215,0,0,0,4,1,5,0
1492-3,1,131,salineros,303,433,5,4458,803,0,78,0,173,280,0,0,0,4,1,4,0
1492-3,1,132,salineros,306,433,5,4549,865,0,68,0,173,280,0,0,0,4,1,4,0
1492-3,1,133,salineros,306,433,5,4580,927,0,57,0,173,280,0,0,0,4,1,4,0
1492-3,1,134,salineros,306,433,5,4660,989,0,45,0,173,280,0,0,0,4,1,5,0
1492-3,1,135,salineros,306,433,5,4740,1051,0,31,0,173,280,0,0,0,4,1,4,0
1492-3,1,136,salineros,307,437,5,4826,1111,0,16,0,173,280,0,1,0,4,1,4,0
1492-3,1,137,salineros,308,440,5,4839,1124,0,4,0,125,232,0,0,0,4,1,3,0
1492-3,1,138,salineros,308,440,5,4847,1096,0,15,0,125,234,0,0,0,4,1,5,0
1492-3,1,139,salineros,308,444,5,4894,1108,0,3,0,125,234,0,0,0,4,1,5,0
1492-3,1,140,salineros,335,475,6,4920,1106,0,14,0,125,234,0,0,0,4,1,5,0
1492-3,1,141,salineros,335,476,6,4935,1099,0,3,0,125,240,0,0,0,4,1,9,0
1492-3,1,142,salineros,335,477,6,4909,1100,0,14,0,125,240,0,1,0,4,1,5,0
1492-3,1,143,salineros,335,477,6,4945,1070,0,4,0,94,209,0,0,0,4,1,4,0
1492-3,1,144,salineros,335,477,6,4966,1040,0,15,0,94,200,0,1,0,4,1,3,0
1492-3,1,145,salineros,335,477,6,4987,1012,0,5,0,94,200,0,0,0,4,1,3,0
1492-3,1,146,salineros,335,477,6,4957,984,0,16,0,94,200,0,0,0,4,1,3,0
1492-3,1,147,salineros,338,477,6,4983,956,0,7,0,94,200,0,0,0,4,1,4,0
1492-3,1,148,salineros,338,477,6,5030,925,0,18,0,94,200,0,0,0,4,1,3,0
1492-3,1,149,salineros,338,477,6,5070,915,0,7,0,112,218,0,0,0,4,1,4,0
1492-3,1,150,salineros,338,477,6,5071,905,0,18,0,112,227,0,0,0,4,1,3,0
1492-3,1,151,salineros,338,477,6,5121,895,0,8,0,112,227,0,0,0,4,1,6,0
1492-3,1,152,salineros,338,477,6,5182,883,0,4,0,112,230,0,1,0,4,1,4,0
1492-3,1,153,salineros,338,477,6,5215,873,0,0,0,112,230,0,0,0,4,1,3,0
1492-3,1,154,salineros,338,477,6,5169,845,0,16,0,95,213,0,0,0,4,1,4,0
1492-3,1,155,salineros,339,484,6,5235,902,0,14,0,182,300,0,0,0,4,1,4,0
1492-3,1,156,salineros,342,495,6,5320,955,0,8,0,182,300,0,0,0,4,1,4,0
1492-3,1,157,salineros,343,502,6,5329,1001,0,1,0,182,304,0,0,0,4,1,4,0
1492-3,1,158,salineros,344,509,6,5305,1036,0,17,0,165,287,0,0,0,4,1,4,0
1492-3,1,159,salineros,346,516,6,5351,1075,0,9,0,182,304,0,1,0,4,1,9,0
1492-3,1,160,salineros,347,523,6,5386,1125,0,0,0,182,304,0,0,0,4,1,3,0
1492-3,1,161,salineros,347,523,6,5377,1106,0,16,0,114,240,0,0,0,4,1,4,0
1492-3,1,162,salineros,348,527,6,5380,1104,0,11,0,131,257,0,0,0,4,1,3,0
1492-3,1,163,salineros,348,527,6,5442,1098,0,2,0,131,259,0,0,0,4,1,4,0
1492-3,1,164,salineros,348,527,6,5451,1095,0,16,0,131,259,0,0,0,4,1,4,0
1492-3,1,165,salineros,351,527,6,5490,1092,0,10,0,131,259,0,0,0,4,1,3,0
1492-3,1,166,salineros,351,527,6,5484,1087,0,2,0,131,259,0,1,0,4,1,3,0
1492-3,1,167,salineros,351,527,6,5501,1047,0,16,0,94,222,0,0,0,4,1,5,0
1492-3,1,168,salineros,351,527,6,5538,1007,0,11,0,94,213,0,0,0,4,1,4,0
1492-3,1,169,salineros,351,527,6,5574,965,0,5,0,94,213,0,0,0,4,1,4,0
1492-3,1,170,salineros,351,527,6,5559,923,0,0,0,94,213,0,1,0,4,1,3,0
1492-3,1,171,salineros,351,527,6,5546,866,0,16,0,77,196,0,0,0,4,1,5,0
1492-3,1,172,salineros,352,531,6,5602,826,0,17,0,94,213,0,0,0,4,1,4,0
1492-3,1,173,salineros,351,527,6,5615,793,0,15,0,112,231,0,0,0,4,1,4,0
1492-3,1,174,salineros,351,527,6,5592,758,0,13,0,112,238,0,0,0,4,1,8,0
1492-3,1,175,salineros,351,527,6,5641,736,0,12,0,112,238,0,0,0,4,1,5,0
1492-3,1,176,salineros,351,527,6,5686,718,0,11,0,112,238,0,0,0,4,1,4,0
1492-3,1,177,salineros,351,527,6,5735,698,0,11,0,112,238,0,1,0,4,1,4,0
1492-3,1,178,salineros,351,527,6,5733,680,0,11,0,112,238,0,0,0,4,1,4,0
1492-3,1,179,salineros,357,542,6,5780,732,0,10,0,182,308,0,0,0,4,1,5,0
1492-3,1,180,salineros,359,552,6,5819,780,0,8,0,182,310,0,0,0,4,1,5,0
1492-3,1,181,salineros,361,560,6,5860,823,0,5,0,182,312,0,1,0,4,1,5,0
1492-3,1,182,salineros,362,568,6,5846,884,0,1,0,202,336,0,1,0,4,1,5,0
1492-3,1,183,salineros,364,576,6,5883,948,0,17,0,209,345,0,1,0,4,1,5,0
1492-3,1,184,salineros,365,584,6,5941,1041,0,10,0,240,376,0,0,0,4,1,3,0
1492-3,1,185,salineros,367,592,6,5991,1065,0,0,0,173,311,0,0,0,4,1,3,0
1492-3,1,186,salineros,367,592,6,5946,1056,0,16,0,142,282,0,0,0,4,1,5,0
1492-3,1,187,salineros,369,604,6,5992,1038,0,11,0,173,313,0,0,0,4,1,5,0
1492-3,1,188,salineros,371,610,6,6027,1047,0,2,0,173,317,0,0,0,4,1,5,0
1492-3,1,189,salineros,398,645,7,6041,1051,0,16,0,159,303,0,0,0,4,1,4,0
1492-3,1,190,salineros,399,652,7,6094,1047,0,10,0,173,323,0,0,0,4,1,9,0
1492-3,1,191,salineros,399,652,7,6097,1004,0,1,0,125,277,0,0,0,4,1,4,0
1492-3,1,192,salineros,399,652,7,6094,924,0,17,0,94,237,0,1,0,4,1,5,0
1492-3,1,193,salineros,399,652,7,6150,887,0,15,0,129,272,0,0,0,4,1,5,0
1492-3,1,194,salineros,399,652,7,6201,852,0,9,0,129,272,0,0,0,4,1,4,0
1492-3,1,195,salineros,402,652,7,6202,817,0,4,0,129,272,0,1,0,4,1,4,0
1492-3,1,196,salineros,402,652,7,6238,788,0,0,0,133,276,0,0,0,4,1,7,0
1492-3,1,197,salineros,402,652,7,6267,752,0,6,0,128,276,0,0,0,4,1,5,0
1492-3,1,198,salineros,402,652,7,6306,746,0,10,0,159,316,0,0,0,4,1,6,0
1492-3,1,199,salineros,402,652,7,6319,740,0,13,0,159,316,0,1,0,4,1,4,0
1492-3,1,200,salineros,403,655,7,6378,741,0,15,0,163,320,0,0,0,4,1,5,0
1492,6,1,arrieros,46,116,1,48,60,0,0,0,18,42,0,0,0,0,1,4,0
1492,6,2,arrieros,46,116,1,55,46,0,0,0,18,29,0,0,0,0,,0,0
1492,6,3,arrieros,46,116,1,62,32,0,0,0,18,29,0,0,0,0,,0,0
1492,6,4,arrieros,46,116,1,69,19,0,0,0,18,29,0,0,0,0,,0,0
1492,6,5,arrieros,46,116,1,76,6,0,0,0,18,29,0,1,0,0,,0,0
1492,6,6,arrieros,45,116,1,102,0,0,0,0,18,48,1,0,0,0,,0,0
1492,6,7,arrieros,44,116,1,93,0,0,0,0,18,48,1,0,0,0,1,8,0
1492,6,8,arrieros,42,113,1,114,6,0,0,0,18,48,1,0,0,0,,0,0
1492,6,9,arrieros,41,110,1,140,1,0,0,0,18,48,1,0,0,0,,0,0
1492,6,10,arrieros,39,107,1,166,0,0,0,0,18,48,1,0,0,0,,0,0
1492,6,11,arrieros,39,107,1,190,22,0,0,0,48,76,0,0,0,0,,0,0
1492,6,12,arrieros,39,107,1,214,43,0,0,0,48,76,0,0,0,0,,0,0
1492,6,13,arrieros,39,107,1,154,63,0,0,0,48,76,0,0,0,0,1,7,0
1492,6,14,arrieros,39,107,1,140,91,0,2,0,48,76,0,0,0,0,,0,0
1492,6,15,arrieros,54,107,1,164,118,0,2,0,48,76,0,0,0,1,,0,0
1492,6,16,arrieros,54,107,1,188,135,0,2,0,48,76,0,0,0,1,,0,0
1492,6,17,arrieros,54,107,1,212,134,0,2,0,30,58,0,0,0,1,,0,0
1492,6,18,arrieros,54,107,1,236,133,0,2,0,30,58,0,0,0,1,,0,0
1492,6,19,arrieros,53,103,1,219,126,0,2,0,30,58,0,0,0,1,1,10,0
1492,6,20,arrieros,53,103,1,167,138,0,2,0,30,58,0,0,0,1,,0,0
1492,6,21,arrieros,53,103,1,170,150,0,2,0,30,58,0,0,0,1,,0,0
1492,6,22,arrieros,53,103,1,194,154,0,2,0,30,58,0,0,0,1,,0,0
1492,6,23,arrieros,53,103,1,218,142,0,2,0,18,46,0,0,0,1,,0,0
1492,6,24,arrieros,53,103,1,232,130,0,2,0,18,36,0,0,0,1,,0,0
1492,6,25,arrieros,52,99,1,212,99,0,2,0,18,36,0,0,0,1,1,20,0
1492,6,26,arrieros,65,99,1,149,104,0,0,0,18,35,0,0,0,2,,0,0
1492,6,27,arrieros,65,99,1,145,107,0,0,0,18,35,0,0,0,2,,0,0
1492,6,28,arrieros,65,99,1,158,87,0,0,0,18,35,0,0,0,2,,0,0
1492,6,29,arrieros,68,99,1,171,84,0,0,0,24,41,0,0,0,2,,0,0
1492,6,30,arrieros,68,99,1,193,81,0,0,0,24,50,0,0,0,2,,0,0
1492,6,31,arrieros,68,95,1,138,72,0,0,0,24,50,0,0,0,2,1,8,0
1492,6,32,arrieros,68,95,1,143,80,0,2,0,24,50,0,0,0,2,,0,0
1492,6,33,arrieros,68,95,1,165,84,0,0,0,24,50,0,0,0,2,,0,0
1492,6,34,arrieros,68,95,1,187,82,0,0,0,24,50,0,0,0,2,,0,0
1492,6,35,arrieros,68,95,1,209,103,0,0,0,48,74,0,0,0,2,,0,0
1492,6,36,arrieros,68,95,1,231,123,0,0,0,48,74,0,0,0,2,,0,0
1492,6,37,arrieros,67,91,1,165,137,0,0,0,48,74,0,0,0,2,1,9,0
1492,6,38,arrieros,67,91,1,132,152,0,2,0,33,59,0,0,0,2,,0,0
1492,6,39,arrieros,67,91,1,154,166,0,2,0,33,59,0,0,0,2,,0,0
1492,6,40,arrieros,67,91,1,176,170,0,2,0,33,59,0,0,0,2,,0,0
1492,6,41,arrieros,67,91,1,198,163,0,2,0,21,47,0,0,0,2,,0,0
1492,6,42,arrieros,67,91,1,220,156,0,2,0,21,47,0,0,0,2,,0,0
1492,6,43,arrieros,66,87,1,161,120,0,2,0,21,47,0,0,0,2,1,26,0
1492,6,44,arrieros,69,87,1,145,124,0,2,0,30,54,0,0,0,2,,0,0
1492,6,45,arrieros,69,87,1,165,128,0,2,0,30,54,0,0,0,2,,0,0
1492,6,46,arrieros,69,87,1,185,132,0,2,0,30,54,0,0,0,2,,0,0
1492,6,47,arrieros,69,87,1,205,100,0,2,0,18,42,0,0,0,2,,0,0
1492,6,48,arrieros,72,87,1,217,96,0,0,0,18,34,0,0,0,2,,0,0
1492,6,49,arrieros,72,87,1,197,90,0,0,0,18,34,0,0,0,2,1,9,0
1492,6,50,arrieros,72,87,1,133,96,0,0,0,18,34,0,0,0,2,,0,0
1492,6,51,arrieros,72,87,1,140,102,0,0,0,18,34,0,0,0,2,,0,0
1492,6,52,arrieros,72,87,1,152,97,0,0,0,18,34,0,0,0,2,,0,0
1492,6,53,arrieros,72,87,1,164,96,0,0,0,24,40,0,0,0,2,,0,0
1492,6,54,arrieros,72,87,1,184,96,0,0,0,24,48,0,0,0,2,,0,0
1492,6,55,arrieros,72,87,1,136,72,0,0,0,24,48,0,0,0,2,1,27,0
1492,6,56,arrieros,75,87,1,147,81,0,2,0,24,48,0,0,0,2,,0,0
1492,6,57,arrieros,75,87,1,167,85,0,0,0,24,48,0,0,0,2,,0,0
1492,6,58,arrieros,75,87,1,187,61,0,0,0,24,48,0,0,0,2,,0,0
1492,6,59,arrieros,78,87,1,207,85,0,0,0,48,72,0,0,0,2,,0,0
1492,6,60,arrieros,78,87,1,227,108,0,0,0,48,72,0,0,0,2,,0,0
1492,6,61,arrieros,78,87,1,169,130,0,0,0,48,72,0,0,0,2,1,10,0
1492,6,62,arrieros,78,87,1,143,160,0,2,0,48,72,0,0,0,2,,0,0
1492,6,63,arrieros,78,87,1,158,175,0,2,0,33,57,0,0,0,2,,0,0
1492,6,64,arrieros,78,87,1,178,181,0,2,0,33,57,0,0,0,2,,0,0
1492,6,65,arrieros,78,87,1,198,174,0,2,0,21,45,0,0,0,2,,0,0
1492,6,66,arrieros,78,87,1,218,168,0,2,0,21,45,0,0,0,2,,0,0
1492,6,67,arrieros,80,95,1,180,178,0,2,0,21,45,0,0,0,2,1,7,0
1492,6,68,arrieros,80,95,1,166,169,0,2,0,21,47,0,0,0,2,,0,0
1492,6,69,arrieros,80,95,1,188,169,0,2,0,30,56,0,0,0,2,,0,0
1492,6,70,arrieros,80,95,1,210,169,0,2,0,30,56,0,0,0,2,,0,0
1492,6,71,arrieros,80,95,1,232,158,0,2,0,18,44,0,0,0,2,,0,0
1492,6,72,arrieros,80,95,1,245,147,0,2,0,18,35,0,0,0,2,,0,0
1492,6,73,arrieros,79,91,1,173,131,0,2,0,18,35,0,0,0,2,1,6,0
1492,6,74,arrieros,79,91,1,123,122,0,2,0,18,35,0,0,0,2,,0,0
1492,6,75,arrieros,79,91,1,136,114,0,2,0,18,35,0,0,0,2,,0,0
1492,6,76,arrieros,79,91,1,149,106,0,2,0,18,35,0,0,0,2,,0,0
1492,6,77,arrieros,79,91,1,162,104,0,2,0,24,41,0,0,0,2,,0,0
1492,6,78,arrieros,79,91,1,184,102,0,2,0,24,50,0,0,0,2,,0,0
1492,6,79,arrieros,78,87,1,168,78,0,0,0,24,50,0,0,0,2,1,17,0
1492,6,80,arrieros,78,87,1,143,90,0,0,0,24,48,0,0,0,2,,0,0
1492,6,81,arrieros,81,87,1,163,101,0,0,0,24,48,0,0,0,2,,0,0
1492,6,82,arrieros,81,87,1,183,100,0,0,0,24,48,0,0,0,2,,0,0
1492,6,83,arrieros,81,87,1,203,122,0,0,0,48,72,0,0,0,2,,0,0
1492,6,84,arrieros,81,87,1,223,144,0,0,0,48,72,0,0,0,2,,0,0
1492,6,85,arrieros,81,87,1,140,126,0,0,0,48,72,0,0,0,2,1,6,0
1492,6,86,arrieros,81,87,1,106,147,0,0,0,48,72,0,0,0,2,,0,0
1492,6,87,arrieros,127,118,2,126,168,0,0,0,48,72,0,0,0,3,,0,0
1492,6,88,arrieros,127,119,2,143,180,0,0,0,48,78,0,0,0,3,,0,0
1492,6,89,arrieros,128,120,2,160,166,0,0,0,30,60,0,0,0,3,,0,0
1492,6,90,arrieros,128,121,2,177,160,0,0,0,30,60,0,0,0,3,,0,0
1492,6,91,arrieros,131,121,2,153,134,0,0,0,30,60,0,0,0,3,1,17,0
1492,6,92,arrieros,131,122,2,129,139,0,0,0,30,60,0,1,0,3,,0,0
1492,6,93,arrieros,134,123,2,136,151,0,0,0,37,67,0,0,0,3,,0,0
1492,6,94,arrieros,134,124,2,153,150,0,0,0,37,67,0,1,0,3,,0,0
1492,6,95,arrieros,134,124,2,170,140,0,0,0,26,56,0,0,0,3,,0,0
1492,6,96,arrieros,134,124,2,179,130,0,0,0,26,48,0,0,0,3,,0,0
1492,6,97,arrieros,134,124,2,124,65,0,0,0,26,48,0,0,0,3,1,17,0
1492,6,98,arrieros,134,124,2,84,70,0,0,0,26,48,0,0,0,3,,0,0
1492,6,99,arrieros,195,164,3,93,75,0,0,0,26,48,0,0,0,4,,0,0
1492,6,100,arrieros,195,164,3,101,58,0,0,0,26,56,0,0,0,4,,0,0
1492,6,101,arrieros,195,164,3,109,50,0,0,0,35,65,0,0,0,4,,0,0
1492,6,102,arrieros,195,164,3,125,43,0,0,0,35,73,0,0,0,4,,0,0
1492,6,103,arrieros,196,168,3,126,37,0,0,0,35,73,0,0,0,4,1,10,0
1492,6,104,arrieros,196,168,3,135,38,0,0,0,35,75,0,0,0,4,,0,0
1492,6,105,arrieros,196,168,3,153,16,0,0,0,35,75,0,0,0,4,,0,0
1492,6,106,arrieros,196,168,3,171,9,0,0,0,35,75,0,0,0,4,,0,0
1492,6,107,arrieros,200,171,3,189,46,0,0,0,80,120,0,0,0,4,,0,0
1492,6,108,arrieros,200,174,3,207,81,0,0,0,80,120,0,0,0,4,,0,0
1492,6,109,arrieros,201,177,3,137,114,0,0,0,80,120,0,0,0,4,1,7,0
1492,6,110,arrieros,202,181,3,119,153,0,2,0,80,122,0,0,0,4,,0,0
1492,6,111,arrieros,203,185,3,139,190,0,2,0,80,122,0,0,0,4,,0,0
1492,6,112,arrieros,203,189,3,161,216,0,2,0,80,124,0,0,0,4,,0,0
1492,6,113,arrieros,203,189,3,183,205,0,2,0,44,88,0,0,0,4,,0,0
1492,6,114,arrieros,203,189,3,205,194,0,2,0,44,88,0,0,0,4,,0,0
1492,6,115,arrieros,203,189,3,196,179,0,2,0,44,88,0,0,0,4,1,11,0
1492,6,116,arrieros,203,189,3,151,181,0,2,0,44,88,0,0,0,4,,0,0
1492,6,117,arrieros,203,189,3,164,181,0,2,0,44,88,0,1,0,4,,0,0
1492,6,118,arrieros,203,189,3,186,173,0,2,0,44,88,0,0,0,4,,0,0
1492,6,119,arrieros,203,189,3,208,146,0,2,0,26,70,0,0,0,4,,0,0
1492,6,120,arrieros,203,189,3,221,120,0,2,0,26,61,0,0,0,4,,0,0
1492,6,121,arrieros,203,185,3,198,66,0,0,0,26,61,0,0,0,4,1,16,0
1492,6,122,arrieros,203,185,3,139,57,0,0,0,26,53,0,0,0,4,,0,0
1492,6,123,arrieros,206,185,3,107,48,0,0,0,26,53,0,0,0,4,,0,0
1492,6,124,arrieros,206,185,3,115,31,0,0,0,26,53,0,0,0,4,,0,0
1492,6,125,arrieros,206,185,3,123,18,0,0,0,35,62,0,1,0,4,,0,0
1492,6,126,arrieros,206,185,3,139,11,0,0,0,39,74,0,0,0,4,,0,0
1492,6,127,arrieros,206,185,3,143,4,0,0,0,39,74,0,0,0,4,1,6,0
1492,6,128,arrieros,205,185,3,138,9,0,0,0,39,74,1,0,0,4,,0,0
1492,6,129,arrieros,205,185,3,154,7,0,0,0,39,74,0,0,0,4,,0,0
1492,6,130,arrieros,205,185,3,170,0,0,0,0,39,74,0,0,0,4,,0,0
1492,6,131,arrieros,205,185,3,186,28,0,0,0,75,110,0,0,0,4,,0,0
1492,6,132,arrieros,205,189,3,202,55,0,0,0,75,110,0,0,0,4,,0,0
1492,6,133,arrieros,206,193,3,136,80,0,0,0,75,110,0,0,0,4,1,8,0
1492,6,134,arrieros,207,197,3,124,112,0,2,0,75,116,0,0,0,4,,0,0
1492,6,135,arrieros,208,201,3,146,141,0,2,0,75,116,0,0,0,4,,0,0
1492,6,136,arrieros,208,203,3,169,160,0,2,0,75,117,0,0,0,4,,0,0
1492,6,137,arrieros,208,203,3,192,152,0,2,0,48,90,0,0,0,4,,0,0
1492,6,138,arrieros,208,203,3,215,144,0,2,0,48,90,0,0,0,4,,0,0
1492,6,139,arrieros,208,203,3,214,99,0,2,0,48,90,0,0,0,4,1,19,0
1492,6,140,arrieros,208,203,3,155,108,0,0,0,48,90,0,0,0,4,,0,0
1492,6,141,arrieros,211,203,3,157,112,0,0,0,48,90,0,1,0,4,,0,0
1492,6,142,arrieros,212,205,3,180,115,0,0,0,52,94,0,0,0,4,,0,0
1492,6,143,arrieros,212,205,3,203,95,0,0,0,34,76,0,0,0,4,,0,0
1492,6,144,arrieros,212,205,3,218,75,0,0,0,34,68,0,0,0,4,,0,0
1492,6,145,arrieros,212,205,3,213,56,0,0,0,34,68,0,0,0,4,1,9,0
1492,6,146,arrieros,212,205,3,160,50,0,0,0,34,68,0,0,0,4,,0,0
1492,6,147,arrieros,212,205,3,154,44,0,0,0,34,68,0,0,0,4,,0,0
1492,6,148,arrieros,212,205,3,169,31,0,0,0,34,68,0,0,0,4,,0,0
1492,6,149,arrieros,212,205,3,184,23,0,0,0,43,77,0,0,0,4,,0,0
1492,6,150,arrieros,212,205,3,207,15,0,0,0,43,85,0,0,0,4,,0,0
1492,6,151,arrieros,212,205,3,170,7,0,0,0,43,85,0,0,0,4,1,8,0
1492,6,152,arrieros,211,205,3,155,9,0,2,0,43,85,1,0,0,4,,0,0
1492,6,153,arrieros,211,205,3,178,10,0,1,0,43,85,0,0,0,4,,0,0
1492,6,154,arrieros,211,205,3,201,2,0,0,0,43,85,0,0,0,4,,0,0
1492,6,155,arrieros,211,205,3,224,29,0,0,0,79,121,0,0,0,4,,0,0
1492,6,156,arrieros,211,207,3,247,55,0,0,0,79,121,0,0,0,4,,0,0
1492,6,157,arrieros,211,207,3,207,80,0,0,0,79,123,0,0,0,4,1,10,0
1492,6,158,arrieros,211,207,3,176,113,0,2,0,79,123,0,0,0,4,,0,0
1492,6,159,arrieros,211,207,3,180,145,0,2,0,79,123,0,0,0,4,,0,0
1492,6,160,arrieros,211,207,3,205,172,0,2,0,79,123,0,0,0,4,,0,0
1492,6,161,arrieros,211,207,3,230,167,0,2,0,52,96,0,0,0,4,,0,0
1492,6,162,arrieros,211,207,3,255,162,0,2,0,52,96,0,0,0,4,,0,0
1492,6,163,arrieros,211,207,3,270,133,0,2,0,52,96,0,0,0,4,1,30,0
1492,6,164,arrieros,214,207,3,218,141,0,2,0,52,96,0,0,0,4,,0,0
1492,6,165,arrieros,214,207,3,182,147,0,2,0,52,96,0,1,0,4,,0,0
1492,6,166,arrieros,214,207,3,207,164,0,2,0,62,106,0,0,0,4,,0,0
1492,6,167,arrieros,214,207,3,232,99,0,2,0,40,84,0,0,0,4,,0,0
1492,6,168,arrieros,214,207,3,249,87,0,0,0,40,76,0,0,0,4,,0,0
1492,6,169,arrieros,217,207,3,223,35,0,0,0,40,76,0,0,0,4,1,13,0
1492,6,170,arrieros,217,207,3,172,36,0,0,0,40,76,0,0,0,4,,0,0
1492,6,171,arrieros,244,242,4,139,36,0,0,0,40,76,0,0,0,4,,0,0
1492,6,172,arrieros,244,242,4,153,28,0,0,0,40,82,0,0,0,4,,0,0
1492,6,173,arrieros,244,242,4,167,19,0,0,0,51,93,0,0,0,4,,0,0
1492,6,174,arrieros,244,242,4,189,10,0,0,0,51,101,0,0,0,4,,0,0
1492,6,175,arrieros,244,242,4,159,1,0,0,0,51,101,0,0,0,4,1,9,0
1492,6,176,arrieros,243,242,4,160,9,0,2,0,51,101,1,1,0,4,,0,0
1492,6,177,arrieros,243,242,4,182,5,0,2,0,51,101,0,0,0,4,,0,0
1492,6,178,arrieros,242,242,4,204,0,0,2,0,51,101,1,0,0,4,,0,0
1492,6,179,arrieros,242,242,4,226,22,0,1,0,82,132,0,0,0,4,,0,0
1492,6,180,arrieros,242,243,4,248,44,0,0,0,82,132,0,0,0,4,,0,0
1492,6,181,arrieros,242,244,4,204,64,0,0,0,82,132,0,0,0,4,1,11,0
1492,6,182,arrieros,243,245,4,165,96,0,2,0,87,129,0,0,0,4,,0,0
1492,6,183,arrieros,243,246,4,157,127,0,2,0,87,129,0,0,0,4,,0,0
1492,6,184,arrieros,243,247,4,174,147,0,2,0,80,122,0,0,0,4,,0,0
1492,6,185,arrieros,243,247,4,193,139,0,2,0,58,102,0,0,0,4,,0,0
1492,6,186,arrieros,243,247,4,212,131,0,2,0,58,102,0,0,0,4,,0,0
1492,6,187,arrieros,243,247,4,220,125,0,2,0,60,104,0,0,0,4,1,9,0
1492,6,188,arrieros,243,247,4,172,132,0,2,0,60,104,0,0,0,4,,0,0
1492,6,189,arrieros,243,247,4,174,138,0,2,0,60,104,0,0,0,4,,0,0
1492,6,190,arrieros,243,249,4,193,141,0,2,0,65,109,0,0,0,4,,0,0
1492,6,191,arrieros,243,249,4,212,117,0,2,0,42,86,0,0,0,4,,0,0
1492,6,192,arrieros,243,249,4,223,96,0,0,0,42,78,0,0,0,4,,0,0
1492,6,193,arrieros,243,249,4,212,73,0,0,0,42,78,0,0,0,4,1,10,0
1492,6,194,arrieros,243,249,4,149,63,0,0,0,42,82,0,0,0,4,,0,0
1492,6,195,arrieros,243,249,4,139,52,0,0,0,42,82,0,0,0,4,,0,0
1492,6,196,arrieros,243,249,4,154,35,0,0,0,42,82,0,1,0,4,,0,0
1492,6,197,arrieros,243,249,4,169,30,0,0,0,58,98,0,0,0,4,,0,0
1492,6,198,arrieros,243,249,4,192,25,0,0,0,58,106,0,0,0,4,,0,0
1492,6,199,arrieros,243,249,4,156,21,0,0,0,58,106,0,0,0,4,1,8,0
1492,6,200,arrieros,243,249,4,154,26,0,2,0,58,106,0,0,0,4,,0,0
1492,6,1,canteros,46,116,1,40,56,0,0,0,18,48,0,0,0,0,1,4,0
1492,6,2,canteros,46,116,1,47,42,0,0,0,18,34,0,0,0,0,,0,0
1492,6,3,canteros,46,116,1,54,28,0,0,0,18,34,0,1,0,0,,0,0
1492,6,4,canteros,46,116,1,69,17,0,0,0,18,42,0,0,0,0,,0,0
1492,6,5,canteros,46,116,1,84,12,0,0,0,24,48,0,0,0,0,,0,0
1492,6,6,canteros,46,116,1,110,7,0,0,0,24,59,0,0,0,0,,0,0
1492,6,7,canteros,46,116,1,100,2,0,0,0,24,59,0,0,0,0,1,7,0
1492,6,8,canteros,45,116,1,112,4,0,0,0,24,59,1,0,0,0,,0,0
1492,6,9,canteros,44,116,1,138,3,0,0,0,24,59,1,0,0,0,,0,0
1492,6,10,canteros,42,113,1,164,0,0,0,0,24,59,1,0,0,0,,0,0
1492,6,11,canteros,42,113,1,190,20,0,0,0,48,83,0,0,0,0,,0,0
1492,6,12,canteros,42,113,1,216,39,0,0,0,48,83,0,0,0,0,,0,0
1492,6,13,canteros,42,113,1,172,57,0,0,0,48,83,0,0,0,0,1,11,0
1492,6,14,canteros,42,113,1,136,78,0,2,0,48,83,0,0,0,0,,0,0
1492,6,15,canteros,42,113,1,157,101,0,1,0,48,83,0,0,0,0,,0,0
1492,6,16,canteros,57,113,1,183,118,0,1,0,48,83,0,0,0,1,,0,0
1492,6,17,canteros,57,113,1,209,116,0,1,0,30,65,0,0,0,1,,0,0
1492,6,18,canteros,57,113,1,235,114,0,1,0,30,64,0,0,0,1,,0,0
1492,6,19,canteros,56,109,1,242,102,0,1,0,30,64,0,0,0,1,1,15,0
1492,6,20,canteros,56,109,1,219,108,0,1,0,30,62,0,0,0,1,,0,0
1492,6,21,canteros,56,109,1,196,114,0,1,0,30,62,0,0,0,1,,0,0
1492,6,22,canteros,56,109,1,191,120,0,1,0,30,62,0,0,0,1,,0,0
1492,6,23,canteros,56,109,1,210,114,0,1,0,18,50,0,0,0,1,,0,0
1492,6,24,canteros,56,109,1,224,102,0,1,0,18,40,0,0,0,1,,0,0
1492,6,25,canteros,56,105,1,223,66,0,1,0,18,40,0,0,0,1,1,18,0
1492,6,26,canteros,56,105,1,190,63,0,1,0,18,40,0,0,0,1,,0,0
1492,6,27,canteros,69,105,1,157,60,0,1,0,18,40,0,0,0,2,,0,0
1492,6,28,canteros,69,105,1,150,57,0,1,0,18,40,0,0,0,2,,0,0
1492,6,29,canteros,69,105,1,164,58,0,1,0,24,46,0,0,0,2,,0,0
1492,6,30,canteros,69,105,1,188,54,0,1,0,24,56,0,0,0,2,,0,0
1492,6,31,canteros,69,105,1,200,50,0,1,0,24,56,0,0,0,2,1,11,0
1492,6,32,canteros,69,105,1,163,52,0,1,0,24,56,0,0,0,2,,0,0
1492,6,33,canteros,69,105,1,182,53,0,1,0,24,56,0,0,0,2,,0,0
1492,6,34,canteros,69,105,1,206,50,0,1,0,24,56,0,0,0,2,,0,0
1492,6,35,canteros,69,105,1,230,70,0,1,0,48,79,0,0,0,2,,0,0
1492,6,36,canteros,69,105,1,254,89,0,1,0,48,79,0,0,0,2,,0,0
1492,6,37,canteros,69,105,1,157,96,0,0,0,48,79,0,0,0,2,1,34,0
1492,6,38,canteros,72,105,1,138,116,0,1,0,48,79,0,0,0,2,,0,0
1492,6,39,canteros,72,105,1,119,135,0,2,0,48,79,0,0,0,2,,0,0
1492,6,40,canteros,72,105,1,88,153,0,3,0,48,79,0,0,0,2,,0,0
1492,6,41,canteros,72,105,1,103,152,0,4,0,26,57,0,0,0,2,,0,0
1492,6,42,canteros,72,105,1,127,139,0,1,0,26,57,0,0,0,2,,0,0
1492,6,43,canteros,72,105,1,240,132,0,1,0,26,57,0,0,0,2,1,6,0
1492,6,44,canteros,75,105,1,247,132,0,1,0,26,57,0,0,0,2,,0,0
1492,6,45,canteros,75,105,1,271,129,0,1,0,26,57,0,0,0,2,,0,0
1492,6,46,canteros,75,105,1,295,122,0,1,0,26,57,0,0,0,2,,0,0
1492,6,47,canteros,75,105,1,319,96,0,1,0,18,49,0,0,0,2,,0,0
1492,6,48,canteros,78,105,1,333,83,0,1,0,18,39,0,0,0,2,,0,0
1492,6,49,canteros,78,105,1,321,71,0,1,0,18,39,0,0,0,2,1,18,0
1492,6,50,canteros,78,105,1,282,66,0,1,0,18,39,0,0,0,2,,0,0
1492,6,51,canteros,78,105,1,243,61,0,1,0,18,39,0,0,0,2,,0,0
1492,6,52,canteros,78,105,1,204,56,0,1,0,18,38,0,0,0,2,,0,0
1492,6,53,canteros,78,105,1,171,57,0,1,0,24,44,0,0,0,2,,0,0
1492,6,54,canteros,78,105,1,154,58,0,1,0,24,54,0,0,0,2,,0,0
1492,6,55,canteros,78,105,1,198,59,0,1,0,24,54,0,0,0,2,1,8,0
1492,6,56,canteros,78,105,1,188,57,0,2,0,24,54,0,0,0,2,,0,0
1492,6,57,canteros,78,105,1,206,56,0,0,0,24,54,0,0,0,2,,0,0
1492,6,58,canteros,78,105,1,230,50,0,0,0,24,54,0,0,0,2,,0,0
1492,6,59,canteros,78,105,1,254,68,0,0,0,48,78,0,0,0,2,,0,0
1492,6,60,canteros,78,105,1,278,85,0,0,0,48,78,0,0,0,2,,0,0
1492,6,61,canteros,78,105,1,244,101,0,0,0,48,78,0,0,0,2,1,14,0
1492,6,62,canteros,78,105,1,182,121,0,2,0,48,78,0,0,0,2,,0,0
1492,6,63,canteros,78,105,1,165,140,0,4,0,48,78,0,0,0,2,,0,0
1492,6,64,canteros,78,105,1,174,161,0,0,0,48,78,0,0,0,2,,0,0
1492,6,65,canteros,78,105,1,198,159,0,0,0,30,60,0,0,0,2,,0,0
1492,6,66,canteros,78,105,1,222,155,0,0,0,30,60,0,0,0,2,,0,0
1492,6,67,canteros,78,105,1,264,139,0,0,0,30,60,0,0,0,2,1,22,0
1492,6,68,canteros,78,105,1,235,143,0,0,0,30,60,0,0,0,2,,0,0
1492,6,69,canteros,81,105,1,206,147,0,0,0,30,60,0,0,0,2,,0,0
1492,6,70,canteros,81,105,1,209,151,0,0,0,30,60,0,0,0,2,,0,0
1492,6,71,canteros,81,105,1,233,141,0,0,0,18,48,0,0,0,2,,0,0
1492,6,72,canteros,81,105,1,247,126,0,0,0,18,38,0,0,0,2,,0,0
1492,6,73,canteros,81,105,1,260,112,0,0,0,18,38,0,0,0,2,1,15,0
1492,6,74,canteros,81,105,1,222,105,0,0,0,18,38,0,0,0,2,,0,0
1492,6,75,canteros,81,105,1,183,99,0,0,0,18,38,0,0,0,2,,0,0
1492,6,76,canteros,81,105,1,150,85,0,0,0,18,38,0,0,0,2,,0,0
1492,6,77,canteros,81,105,1,159,85,0,0,0,24,44,0,0,0,2,,0,0
1492,6,78,canteros,81,105,1,183,79,0,0,0,24,54,0,0,0,2,,0,0
1492,6,79,canteros,81,105,1,177,72,0,0,0,24,54,0,0,0,2,1,8,0
1492,6,80,canteros,81,105,1,160,70,0,2,0,24,54,0,0,0,2,,0,0
1492,6,81,canteros,84,105,1,178,69,0,0,0,24,54,0,0,0,2,,0,0
1492,6,82,canteros,84,105,1,202,63,0,0,0,24,54,0,0,0,2,,0,0
1492,6,83,canteros,84,105,1,226,80,0,0,0,48,78,0,0,0,2,,0,0
1492,6,84,canteros,84,105,1,250,96,0,0,0,48,78,0,0,0,2,,0,0
1492,6,85,canteros,84,105,1,224,112,0,0,0,48,78,0,0,0,2,1,11,0
1492,6,86,canteros,84,105,1,162,131,0,2,0,48,78,0,0,0,2,,0,0
1492,6,87,canteros,84,105,1,163,149,0,4,0,48,78,0,0,0,2,,0,0
1492,6,88,canteros,84,105,1,187,170,0,0,0,48,78,0,0,0,2,,0,0
1492,6,89,canteros,84,105,1,211,166,0,0,0,30,60,0,0,0,2,,0,0
1492,6,90,canteros,84,105,1,235,162,0,0,0,30,60,0,0,0,2,,0,0
1492,6,91,canteros,84,109,1,279,159,0,0,0,30,60,0,0,0,2,1,15,0
1492,6,92,canteros,84,109,1,251,161,0,0,0,30,60,0,0,0,2,,0,0
1492,6,93,canteros,84,109,1,222,163,0,0,0,30,60,0,0,0,2,,0,0
1492,6,94,canteros,294,109,1,215,165,0,0,0,30,60,0,1,1,3,,0,0
1492,6,95,canteros,294,109,1,234,157,0,0,0,18,48,0,0,0,3,,0,0
1492,6,96,canteros,294,109,1,248,144,0,0,0,18,38,0,0,0,3,,0,0
1492,6,97,canteros,294,105,1,248,120,0,0,0,18,38,0,0,0,3,1,15,0
1492,6,98,canteros,294,105,1,215,113,0,0,0,16,36,0,0,0,3,,0,0
1492,6,99,canteros,294,105,1,182,106,0,0,0,16,36,0,0,0,3,,0,0
1492,6,100,canteros,294,105,1,149,100,0,0,0,16,36,0,0,0,3,,0,0
1492,6,101,canteros,294,105,1,163,99,0,0,0,21,41,0,0,0,3,,0,0
1492,6,102,canteros,294,105,1,187,91,0,0,0,21,51,0,0,0,3,,0,0
1492,6,103,canteros,294,105,1,179,70,0,0,0,21,51,0,0,0,3,1,20,0
1492,6,104,canteros,294,105,1,168,67,0,2,0,21,51,0,0,0,3,,0,0
1492,6,105,canteros,297,105,1,187,65,0,0,0,21,51,0,0,0,3,,0,0
1492,6,106,canteros,297,105,1,211,59,0,0,0,21,51,0,0,0,3,,0,0
1492,6,107,canteros,297,105,1,235,73,0,0,0,43,73,0,0,0,3,,0,0
1492,6,108,canteros,297,105,1,259,87,0,0,0,43,73,0,0,0,3,,0,0
1492,6,109,canteros,297,105,1,235,100,0,0,0,43,73,0,0,0,3,1,12,0
1492,6,110,canteros,297,105,1,173,117,0,2,0,43,73,0,0,0,3,,0,0
1492,6,111,canteros,297,105,1,174,133,0,4,0,43,73,0,0,0,3,,0,0
1492,6,112,canteros,297,105,1,198,145,0,0,0,43,73,0,0,0,3,,0,0
1492,6,113,canteros,297,105,1,222,141,0,0,0,27,57,0,0,0,3,,0,0
1492,6,114,canteros,297,105,1,246,137,0,0,0,27,57,0,0,0,3,,0,0
1492,6,115,canteros,297,105,1,281,133,0,0,0,27,57,0,0,0,3,1,13,0
1492,6,116,canteros,300,105,1,258,136,0,0,0,27,57,0,0,0,3,,0,0
1492,6,117,canteros,300,105,1,235,139,0,0,0,27,57,0,0,0,3,,0,0
1492,6,118,canteros,300,105,1,218,142,0,0,0,27,57,0,0,0,3,,0,0
1492,6,119,canteros,300,105,1,242,134,0,0,0,16,46,0,0,0,3,,0,0
1492,6,120,canteros,300,105,1,256,120,0,0,0,16,36,0,0,0,3,,0,0
1492,6,121,canteros,300,105,1,282,106,0,0,0,16,36,0,0,0,3,1,11,0
1492,6,122,canteros,300,105,1,255,103,0,0,0,16,36,0,0,0,3,,0,0
1492,6,123,canteros,300,105,1,228,100,0,0,0,16,36,0,0,0,3,,0,0
1492,6,124,canteros,300,105,1,201,97,0,0,0,16,36,0,0,0,3,,0,0
1492,6,125,canteros,300,105,1,186,99,0,0,0,21,41,0,0,0,3,,0,0
1492,6,126,canteros,300,105,1,210,98,0,0,0,21,51,0,0,0,3,,0,0
1492,6,127,canteros,300,109,1,225,91,0,0,0,21,51,0,0,0,3,1,10,0
1492,6,128,canteros,300,109,1,194,89,0,2,0,21,51,0,0,0,3,,0,0
1492,6,129,canteros,300,109,1,205,89,0,1,0,21,51,0,0,0,3,,0,0
1492,6,130,canteros,300,109,1,229,83,0,1,0,21,51,0,0,0,3,,0,0
1492,6,131,canteros,300,109,1,253,96,0,1,0,43,73,0,0,0,3,,0,0
1492,6,132,canteros,300,109,1,277,108,0,1,0,43,73,0,0,0,3,,0,0
1492,6,133,canteros,300,105,1,272,110,0,1,0,43,73,0,0,0,3,1,15,0
1492,6,134,canteros,300,105,1,241,129,0,2,0,43,73,0,0,0,3,,0,0
1492,6,135,canteros,300,105,1,210,148,0,3,0,43,73,0,0,0,3,,0,0
1492,6,136,canteros,300,105,1,205,166,0,4,0,43,73,0,0,0,3,,0,0
1492,6,137,canteros,300,105,1,208,171,0,0,0,27,57,0,0,0,3,,0,0
1492,6,138,canteros,300,105,1,232,171,0,0,0,27,57,0,0,0,3,,0,0
1492,6,139,canteros,300,105,1,322,153,0,0,0,27,57,0,0,0,3,1,11,0
1492,6,140,canteros,300,105,1,346,148,0,0,0,27,57,0,0,0,3,,0,0
1492,6,141,canteros,303,105,1,370,144,0,0,0,27,57,0,0,0,3,,0,0
1492,6,142,canteros,303,105,1,394,140,0,0,0,27,57,0,0,0,3,,0,0
1492,6,143,canteros,303,105,1,418,125,0,0,0,16,46,0,0,0,3,,0,0
1492,6,144,canteros,303,105,1,432,111,0,0,0,16,36,0,0,0,3,,0,0
1492,6,145,canteros,303,105,1,417,97,0,0,0,16,36,0,0,0,3,1,14,0
1492,6,146,canteros,303,105,1,402,91,0,0,0,16,36,0,0,0,3,,0,0
1492,6,147,canteros,303,105,1,375,85,0,0,0,16,36,0,0,0,3,,0,0
1492,6,148,canteros,303,105,1,348,73,0,0,0,16,36,0,0,0,3,,0,0
1492,6,149,canteros,303,105,1,321,76,0,0,0,21,41,0,0,0,3,,0,0
1492,6,150,canteros,303,105,1,304,79,0,0,0,21,51,0,0,0,3,,0,0
1492,6,151,canteros,306,105,1,359,82,0,0,0,21,51,0,0,0,3,1,18,0
1492,6,152,canteros,306,105,1,315,78,0,2,0,21,51,0,0,0,3,,0,0
1492,6,153,canteros,306,105,1,271,76,0,2,0,21,51,0,0,0,3,,0,0
1492,6,154,canteros,306,105,1,266,74,0,2,0,21,51,0,0,0,3,,0,0
1492,6,155,canteros,306,105,1,281,97,0,0,0,43,73,0,0,0,3,,0,0
1492,6,156,canteros,306,105,1,305,112,0,0,0,43,73,0,0,0,3,,0,0
1492,6,157,canteros,306,105,1,397,124,0,0,0,43,73,0,0,0,3,1,17,0
1492,6,158,canteros,306,105,1,353,140,0,2,0,43,73,0,0,0,3,,0,0
1492,6,159,canteros,306,105,1,309,155,0,4,0,43,73,0,0,0,3,,0,0
1492,6,160,canteros,306,105,1,304,173,0,2,0,43,73,0,0,0,3,,0,0
1492,6,161,canteros,306,105,1,319,175,0,2,0,27,57,0,0,0,3,,0,0
1492,6,162,canteros,306,105,1,343,171,0,2,0,27,57,0,0,0,3,,0,0
1492,6,163,canteros,306,109,1,508,166,0,2,0,27,57,0,0,0,3,1,5,0
1492,6,164,canteros,306,109,1,532,160,0,2,0,27,57,0,0,0,3,,0,0
1492,6,165,canteros,306,109,1,556,154,0,2,0,27,57,0,0,0,3,,0,0
1492,6,166,canteros,306,109,1,580,148,0,2,0,27,57,0,0,0,3,,0,0
1492,6,167,canteros,306,109,1,604,132,0,2,0,16,46,0,0,0,3,,0,0
1492,6,168,canteros,306,109,1,618,117,0,2,0,16,36,0,0,0,3,,0,0
1492,6,169,canteros,306,105,1,647,95,0,0,0,16,36,0,0,0,3,1,17,0
1492,6,170,canteros,306,105,1,632,89,0,0,0,16,36,0,0,0,3,,0,0
1492,6,171,canteros,306,105,1,617,83,0,0,0,16,36,0,0,0,3,,0,0
1492,6,172,canteros,306,105,1,602,78,0,0,0,16,36,0,0,0,3,,0,0
1492,6,173,canteros,306,105,1,575,78,0,0,0,21,41,0,0,0,3,,0,0
1492,6,174,canteros,306,105,1,558,81,0,0,0,21,51,0,0,0,3,,0,0
1492,6,175,canteros,306,105,1,633,70,0,0,0,21,51,0,0,0,3,1,31,0
1492,6,176,canteros,306,105,1,589,67,0,2,0,21,51,0,0,0,3,,0,0
1492,6,177,canteros,309,105,1,545,65,0,2,0,21,51,0,0,0,3,,0,0
1492,6,178,canteros,309,105,1,489,63,0,2,0,21,51,0,0,0,3,,0,0
1492,6,179,canteros,309,105,1,433,86,0,2,0,43,73,0,0,0,3,,0,0
1492,6,180,canteros,309,105,1,377,106,0,4,0,43,73,0,0,0,3,,0,0
1492,6,181,canteros,309,105,1,567,128,0,3,0,43,73,0,0,0,3,1,16,0
1492,6,182,canteros,309,105,1,562,150,0,0,0,43,73,0,0,0,3,,0,0
1492,6,183,canteros,309,105,1,557,168,0,0,0,43,73,0,0,0,3,,0,0
1492,6,184,canteros,309,105,1,552,183,0,0,0,43,73,0,0,0,3,,0,0
1492,6,185,canteros,309,105,1,535,184,0,0,0,27,57,0,0,0,3,,0,0
1492,6,186,canteros,309,105,1,518,188,0,0,0,27,57,0,0,0,3,,0,0
1492,6,187,canteros,309,105,1,662,192,0,0,0,27,57,0,0,0,3,1,2,0
1492,6,188,canteros,309,105,1,686,186,0,0,0,27,57,0,0,0,3,,0,0
1492,6,189,canteros,312,105,1,710,180,0,0,0,27,57,0,0,0,3,,0,0
1492,6,190,canteros,312,105,1,734,174,0,0,0,27,57,0,0,0,3,,0,0
1492,6,191,canteros,312,105,1,758,158,0,0,0,16,46,0,0,0,3,,0,0
1492,6,192,canteros,312,105,1,772,143,0,0,0,16,36,0,0,0,3,,0,0
1492,6,193,canteros,312,105,1,806,128,0,0,0,16,36,0,0,0,3,1,16,0
1492,6,194,canteros,312,105,1,791,121,0,0,0,16,36,0,0,0,3,,0,0
1492,6,195,canteros,312,105,1,776,114,0,0,0,16,36,0,0,0,3,,0,0
1492,6,196,canteros,312,105,1,761,107,0,0,0,16,36,0,0,0,3,,0,0
1492,6,197,canteros,312,105,1,734,105,0,0,0,21,41,0,0,0,3,,0,0
1492,6,198,canteros,312,105,1,717,106,0,0,0,21,51,0,0,0,3,,0,0
1492,6,199,canteros,312,109,1,802,108,0,0,0,21,51,0,0,0,3,1,22,0
1492,6,200,canteros,312,109,1,758,102,0,2,0,21,51,0,0,0,3,,0,0
1492,6,1,ferrones,32,46,1,45,63,0,0,0,7,17,0,0,0,0,1,7,0
1492,6,2,ferrones,32,46,1,45,55,0,0,0,7,11,0,0,0,0,,0,0
1492,6,3,ferrones,32,46,1,45,48,0,0,0,7,11,0,0,0,0,,0,0
1492,6,4,ferrones,32,46,1,45,41,0,0,0,7,11,0,0,0,0,,0,0
1492,6,5,ferrones,32,46,1,45,34,0,0,0,7,11,0,1,0,0,,0,0
1492,6,6,ferrones,32,46,1,57,29,0,0,0,7,23,0,0,0,0,,0,0
1492,6,7,ferrones,32,46,1,69,24,0,0,0,7,23,0,0,0,0,1,1,0
1492,6,8,ferrones,32,46,1,81,20,0,0,0,7,23,0,0,0,0,,0,0
1492,6,9,ferrones,32,46,1,93,16,0,0,0,7,23,0,0,0,0,,0,0
1492,6,10,ferrones,32,46,1,105,12,0,0,0,7,23,0,0,0,0,,0,0
1492,6,11,ferrones,32,46,1,117,20,0,0,0,19,35,0,0,0,0,,0,0
1492,6,12,ferrones,32,46,1,129,27,0,0,0,19,35,0,0,0,0,,0,0
1492,6,13,ferrones,32,48,1,73,34,0,0,0,19,35,0,0,0,0,1,6,0
1492,6,14,ferrones,33,50,1,85,43,0,1,0,19,35,0,0,0,0,,0,0
1492,6,15,ferrones,33,52,1,99,49,0,0,0,19,37,0,0,0,0,,0,0
1492,6,16,ferrones,33,54,1,113,53,0,0,0,19,37,0,0,0,0,,0,0
1492,6,17,ferrones,33,54,1,127,50,0,0,0,12,30,0,0,0,0,,0,0
1492,6,18,ferrones,33,54,1,141,48,0,0,0,12,30,0,0,0,0,,0,0
1492,6,19,ferrones,33,50,1,92,36,0,0,0,12,30,0,0,0,0,1,8,0
1492,6,20,ferrones,33,50,1,78,38,0,0,0,12,30,0,0,0,0,,0,0
1492,6,21,ferrones,33,50,1,92,35,0,0,0,12,30,0,1,0,0,,0,0
1492,6,22,ferrones,33,50,1,106,34,0,0,0,12,34,0,0,0,0,,0,0
1492,6,23,ferrones,33,50,1,120,28,0,0,0,7,29,0,0,0,0,,0,0
1492,6,24,ferrones,33,50,1,129,23,0,0,0,7,24,0,0,0,0,,0,0
1492,6,25,ferrones,33,50,1,95,18,0,0,0,7,24,0,0,0,0,1,4,0
1492,6,26,ferrones,33,50,1,104,19,0,0,0,7,24,0,0,0,0,,0,0
1492,6,27,ferrones,33,50,1,113,14,0,0,0,7,24,0,0,0,0,,0,0
1492,6,28,ferrones,33,50,1,122,9,0,0,0,7,24,0,0,0,0,,0,0
1492,6,29,ferrones,33,50,1,131,6,0,0,0,9,26,0,0,0,0,,0,0
1492,6,30,ferrones,33,50,1,145,3,0,0,0,9,31,0,0,0,0,,0,0
1492,6,31,ferrones,33,50,1,106,0,0,0,0,9,31,0,0,0,0,1,7,0
1492,6,32,ferrones,32,50,1,110,4,0,1,0,9,31,1,0,0,0,,0,0
1492,6,33,ferrones,32,50,1,124,3,0,0,0,9,31,0,0,0,0,,0,0
1492,6,34,ferrones,32,50,1,138,0,0,0,0,9,31,0,0,0,0,,0,0
1492,6,35,ferrones,32,50,1,152,7,0,0,0,19,41,0,0,0,0,,0,0
1492,6,36,ferrones,32,50,1,166,14,0,0,0,19,41,0,0,0,0,,0,0
1492,6,37,ferrones,32,50,1,108,21,0,0,0,19,41,0,0,0,0,1,7,0
1492,6,38,ferrones,32,50,1,117,26,0,2,0,13,35,0,0,0,0,,0,0
1492,6,39,ferrones,32,50,1,131,26,0,1,0,13,35,0,1,0,0,,0,0
1492,6,40,ferrones,32,50,1,145,27,0,0,0,13,35,0,0,0,0,,0,0
1492,6,41,ferrones,32,50,1,159,23,0,0,0,8,30,0,0,0,0,,0,0
1492,6,42,ferrones,32,50,1,173,19,0,0,0,8,30,0,0,0,0,,0,0
1492,6,43,ferrones,32,50,1,156,15,0,0,0,8,30,0,0,0,0,1,7,0
1492,6,44,ferrones,32,50,1,123,22,0,0,0,12,34,0,0,0,0,,0,0
1492,6,45,ferrones,32,50,1,137,26,0,0,0,12,34,0,0,0,0,,0,0
1492,6,46,ferrones,32,50,1,151,25,0,0,0,12,34,0,0,0,0,,0,0
1492,6,47,ferrones,32,50,1,165,20,0,0,0,7,29,0,0,0,0,,0,0
1492,6,48,ferrones,32,50,1,174,15,0,0,0,7,24,0,0,0,0,,0,0
1492,6,49,ferrones,32,50,1,152,10,0,0,0,7,24,0,0,0,0,1,7,0
1492,6,50,ferrones,32,50,1,109,12,0,0,0,7,24,0,0,0,0,,0,0
1492,6,51,ferrones,32,50,1,118,10,0,0,0,7,24,0,0,0,0,,0,0
1492,6,52,ferrones,32,50,1,127,3,0,0,0,7,24,0,1,0,0,,0,0
1492,6,53,ferrones,32,50,1,136,0,0,0,0,9,26,0,0,0,0,,0,0
1492,6,54,ferrones,31,50,1,150,0,0,0,0,9,31,1,0,0,0,,0,0
1492,6,55,ferrones,30,50,1,124,0,0,0,0,9,31,1,0,0,0,1,8,0
1492,6,56,ferrones,28,49,1,124,4,0,1,0,9,31,1,0,0,0,,0,0
1492,6,57,ferrones,28,49,1,136,2,0,0,0,9,29,0,0,0,0,,0,0
1492,6,58,ferrones,27,49,1,148,0,0,0,0,9,29,1,0,0,0,,0,0
1492,6,59,ferrones,27,49,1,160,7,0,0,0,19,39,0,0,0,0,,0,0
1492,6,60,ferrones,27,49,1,172,14,0,0,0,19,39,0,0,0,0,,0,0
1492,6,61,ferrones,27,49,1,111,21,0,0,0,19,39,0,0,0,0,1,8,0
1492,6,62,ferrones,28,51,1,109,31,0,2,0,19,39,0,0,0,0,,0,0
1492,6,63,ferrones,28,53,1,123,33,0,1,0,13,35,0,0,0,0,,0,0
1492,6,64,ferrones,29,55,1,137,33,0,0,0,13,35,0,0,0,0,,0,0
1492,6,65,ferrones,29,55,1,151,27,0,0,0,8,30,0,0,0,0,,0,0
1492,6,66,ferrones,29,55,1,165,22,0,0,0,8,30,0,0,0,0,,0,0
1492,6,67,ferrones,29,55,1,150,17,0,0,0,8,30,0,0,0,0,1,7,0
1492,6,68,ferrones,29,55,1,121,19,0,0,0,8,30,0,0,0,0,,0,0
1492,6,69,ferrones,29,55,1,135,23,0,0,0,12,34,0,0,0,0,,0,0
1492,6,70,ferrones,29,55,1,149,22,0,0,0,12,34,0,0,0,0,,0,0
1492,6,71,ferrones,29,55,1,163,16,0,0,0,7,29,0,0,0,0,,0,0
1492,6,72,ferrones,29,55,1,172,10,0,0,0,7,24,0,0,0,0,,0,0
1492,6,73,ferrones,29,55,1,149,4,0,0,0,7,24,0,0,0,0,1,7,0
1492,6,74,ferrones,28,55,1,111,7,0,0,0,7,24,1,0,0,0,,0,0
1492,6,75,ferrones,28,55,1,120,5,0,0,0,7,24,0,0,0,0,,0,0
1492,6,76,ferrones,27,55,1,129,0,0,0,0,7,24,1,0,0,0,,0,0
1492,6,77,ferrones,26,55,1,138,0,0,0,0,9,26,1,0,0,0,,0,0
1492,6,78,ferrones,24,54,1,152,0,0,0,0,9,31,1,0,0,0,,0,0
1492,6,79,ferrones,23,53,1,124,0,0,0,0,9,31,1,0,0,0,1,7,0
1492,6,80,ferrones,22,52,1,123,4,0,1,0,9,31,1,0,0,0,,0,0
1492,6,81,ferrones,22,52,1,137,3,0,1,0,9,31,0,0,0,0,,0,0
1492,6,82,ferrones,21,52,1,151,0,0,1,0,9,31,1,0,0,0,,0,0
1492,6,83,ferrones,21,52,1,165,6,0,0,0,19,41,0,0,0,0,,0,0
1492,6,84,ferrones,21,52,1,179,12,0,0,0,19,41,0,0,0,0,,0,0
1492,6,85,ferrones,21,52,1,121,18,0,0,0,19,41,0,0,0,0,1,7,0
1492,6,86,ferrones,21,52,1,115,28,0,2,0,19,41,0,0,0,0,,0,0
1492,6,87,ferrones,21,54,1,129,38,0,1,0,19,41,0,0,0,0,,0,0
1492,6,88,ferrones,22,56,1,143,44,0,0,0,19,41,0,0,0,0,,0,0
1492,6,89,ferrones,22,56,1,157,41,0,0,0,12,34,0,0,0,0,,0,0
1492,6,90,ferrones,22,56,1,171,38,0,0,0,12,34,0,0,0,0,,0,0
1492,6,91,ferrones,21,52,1,137,12,0,0,0,12,34,0,0,0,0,1,15,0
1492,6,92,ferrones,21,52,1,107,18,0,0,0,12,34,0,0,0,0,,0,0
1492,6,93,ferrones,34,52,1,116,24,0,0,0,12,34,0,0,0,1,,0,0
1492,6,94,ferrones,34,52,1,130,24,0,0,0,12,34,0,0,0,1,,0,0
1492,6,95,ferrones,34,52,1,144,18,0,0,0,7,29,0,0,0,1,,0,0
1492,6,96,ferrones,34,52,1,153,12,0,0,0,7,24,0,0,0,1,,0,0
1492,6,97,ferrones,34,52,1,130,6,0,0,0,7,24,0,0,0,1,1,6,0
1492,6,98,ferrones,34,52,1,109,7,0,0,0,7,24,0,0,0,1,,0,0
1492,6,99,ferrones,34,52,1,118,7,0,0,0,7,24,0,0,0,1,,0,0
1492,6,100,ferrones,34,52,1,127,1,0,0,0,7,24,0,0,0,1,,0,0
1492,6,101,ferrones,33,52,1,136,0,0,0,0,9,26,1,0,0,1,,0,0
1492,6,102,ferrones,32,52,1,150,0,0,0,0,9,31,1,0,0,1,,0,0
1492,6,103,ferrones,32,55,1,126,3,0,0,0,9,31,1,0,0,1,1,8,0
1492,6,104,ferrones,30,54,1,125,4,0,1,0,9,31,1,0,0,1,,0,0
1492,6,105,ferrones,30,54,1,139,3,0,1,0,9,31,0,0,0,1,,0,0
1492,6,106,ferrones,29,54,1,153,0,0,1,0,9,31,1,0,0,1,,0,0
1492,6,107,ferrones,29,54,1,167,10,0,0,0,23,45,0,0,0,1,,0,0
1492,6,108,ferrones,29,54,1,181,20,0,0,0,23,45,0,0,0,1,,0,0
1492,6,109,ferrones,29,54,1,126,29,0,0,0,23,45,0,0,0,1,1,7,0
1492,6,110,ferrones,30,56,1,120,42,0,2,0,23,45,0,0,0,1,,0,0
1492,6,111,ferrones,30,58,1,134,54,0,0,0,23,45,0,0,0,1,,0,0
1492,6,112,ferrones,31,60,1,148,61,0,0,0,23,45,0,0,0,1,,0,0
1492,6,113,ferrones,31,60,1,164,56,0,0,0,12,36,0,0,0,1,,0,0
1492,6,114,ferrones,31,60,1,180,51,0,0,0,12,36,0,0,0,1,,0,0
1492,6,115,ferrones,30,56,1,150,37,0,0,0,12,36,0,0,0,1,1,10,0
1492,6,116,ferrones,30,56,1,111,41,0,0,0,12,34,0,0,0,1,,0,0
1492,6,117,ferrones,30,56,1,120,45,0,0,0,12,34,0,0,0,1,,0,0
1492,6,118,ferrones,30,56,1,134,43,0,0,0,12,34,0,0,0,1,,0,0
1492,6,119,ferrones,30,56,1,148,35,0,0,0,7,29,0,0,0,1,,0,0
1492,6,120,ferrones,30,56,1,157,27,0,0,0,7,24,0,0,0,1,,0,0
1492,6,121,ferrones,30,56,1,138,20,0,0,0,7,24,0,0,0,1,1,6,0
1492,6,122,ferrones,30,56,1,112,20,0,0,0,7,24,0,0,0,1,,0,0
1492,6,123,ferrones,30,56,1,121,20,0,0,0,7,24,0,0,0,1,,0,0
1492,6,124,ferrones,30,56,1,130,13,0,0,0,7,24,0,0,0,1,,0,0
1492,6,125,ferrones,30,56,1,139,8,0,0,0,9,26,0,0,0,1,,0,0
1492,6,126,ferrones,30,56,1,153,3,0,0,0,9,31,0,0,0,1,,0,0
1492,6,127,ferrones,29,56,1,121,0,0,0,0,9,31,1,0,0,1,1,7,0
1492,6,128,ferrones,28,56,1,115,4,0,1,0,9,31,1,0,0,1,,0,0
1492,6,129,ferrones,27,55,1,129,4,0,1,0,9,31,1,0,0,1,,0,0
1492,6,130,ferrones,27,55,1,143,0,0,1,0,9,31,0,0,0,1,,0,0
1492,6,131,ferrones,27,55,1,157,6,0,0,0,19,41,0,0,0,1,,0,0
1492,6,132,ferrones,27,55,1,171,12,0,0,0,19,41,0,0,0,1,,0,0
1492,6,133,ferrones,27,55,1,114,18,0,0,0,19,41,0,0,0,1,1,7,0
1492,6,134,ferrones,27,55,1,118,28,0,2,0,19,41,0,0,0,1,,0,0
1492,6,135,ferrones,27,57,1,132,36,0,1,0,19,41,0,0,0,1,,0,0
1492,6,136,ferrones,27,59,1,146,41,0,0,0,19,41,0,0,0,1,,0,0
1492,6,137,ferrones,27,59,1,160,38,0,0,0,12,34,0,0,0,1,,0,0
1492,6,138,ferrones,27,59,1,174,35,0,0,0,12,34,0,0,0,1,,0,0
1492,6,139,ferrones,27,59,1,157,32,0,0,0,12,34,0,0,0,1,1,9,0
1492,6,140,ferrones,27,59,1,127,36,0,0,0,12,34,0,0,0,1,,0,0
1492,6,141,ferrones,27,59,1,136,40,0,0,0,12,34,0,0,0,1,,0,0
1492,6,142,ferrones,27,59,1,150,38,0,0,0,12,34,0,0,0,1,,0,0
1492,6,143,ferrones,27,59,1,164,30,0,0,0,7,29,0,0,0,1,,0,0
1492,6,144,ferrones,27,59,1,173,23,0,0,0,7,24,0,0,0,1,,0,0
1492,6,145,ferrones,27,59,1,150,16,0,0,0,7,24,0,0,0,1,1,9,0
1492,6,146,ferrones,27,59,1,115,16,0,0,0,7,24,0,0,0,1,,0,0
1492,6,147,ferrones,27,59,1,119,16,0,0,0,7,24,0,0,0,1,,0,0
1492,6,148,ferrones,27,59,1,128,10,0,0,0,7,24,0,0,0,1,,0,0
1492,6,149,ferrones,27,59,1,137,5,0,0,0,9,26,0,0,0,1,,0,0
1492,6,150,ferrones,27,59,1,151,0,0,0,0,9,31,0,0,0,1,,0,0
1492,6,151,ferrones,26,59,1,111,0,0,0,0,9,31,1,0,0,1,1,9,0
1492,6,152,ferrones,25,59,1,120,1,0,2,0,9,31,1,0,0,1,,0,0
1492,6,153,ferrones,24,58,1,134,1,0,2,0,9,31,1,0,0,1,,0,0
1492,6,154,ferrones,23,57,1,148,0,0,2,0,9,31,1,0,0,1,,0,0
1492,6,155,ferrones,23,57,1,162,5,0,1,0,19,41,0,0,0,1,,0,0
1492,6,156,ferrones,23,57,1,176,10,0,0,0,19,41,0,0,0,1,,0,0
1492,6,157,ferrones,23,57,1,157,15,0,0,0,19,41,0,0,0,1,1,9,0
1492,6,158,ferrones,23,57,1,142,21,0,2,0,19,41,0,0,0,1,,0,0
1492,6,159,ferrones,23,59,1,156,30,0,1,0,19,41,0,0,0,1,,0,0
1492,6,160,ferrones,24,61,1,170,35,0,0,0,19,41,0,0,0,1,,0,0
1492,6,161,ferrones,24,61,1,186,31,0,0,0,12,36,0,0,0,1,,0,0
1492,6,162,ferrones,24,61,1,202,27,0,0,0,12,36,0,0,0,1,,0,0
1492,6,163,ferrones,24,61,1,222,24,0,0,0,12,36,0,0,0,1,1,10,0
1492,6,164,ferrones,24,61,1,176,25,0,0,0,12,36,0,0,0,1,,0,0
1492,6,165,ferrones,24,61,1,162,29,0,0,0,12,36,0,0,0,1,,0,0
1492,6,166,ferrones,24,61,1,178,31,0,0,0,12,36,0,0,0,1,,0,0
1492,6,167,ferrones,24,61,1,194,23,0,0,0,7,31,0,0,0,1,,0,0
1492,6,168,ferrones,24,61,1,204,15,0,0,0,7,25,0,0,0,1,,0,0
1492,6,169,ferrones,24,61,1,225,7,0,0,0,7,25,0,0,0,1,1,14,0
1492,6,170,ferrones,23,61,1,188,4,0,0,0,7,25,1,0,0,1,,0,0
1492,6,171,ferrones,22,61,1,154,4,0,0,0,7,25,1,0,0,1,,0,0
1492,6,172,ferrones,21,60,1,159,7,0,0,0,7,25,1,0,0,1,,0,0
1492,6,173,ferrones,21,60,1,169,2,0,0,0,9,27,0,0,0,1,,0,0
1492,6,174,ferrones,20,60,1,185,0,0,0,0,9,33,1,0,0,1,,0,0
1492,6,175,ferrones,19,60,1,192,0,0,0,0,9,33,1,0,0,1,1,12,0
1492,6,176,ferrones,17,59,1,176,1,0,2,0,9,33,1,0,0,1,,0,0
1492,6,177,ferrones,16,58,1,180,1,0,2,0,9,31,1,0,0,1,,0,0
1492,6,178,ferrones,15,57,1,194,2,0,2,0,8,30,1,0,0,1,,0,0
1492,6,179,ferrones,15,57,1,208,2,0,1,0,14,36,0,0,0,1,,0,0
1492,6,180,ferrones,15,57,1,222,2,0,0,0,14,36,0,0,0,1,,0,0
1492,6,181,ferrones,15,57,1,237,2,0,0,0,14,36,0,0,0,1,1,12,0
1492,6,182,ferrones,15,57,1,178,3,0,2,0,14,36,0,0,0,1,,0,0
1492,6,183,ferrones,15,57,1,187,7,0,2,0,14,36,0,0,0,1,,0,0
1492,6,184,ferrones,15,57,1,201,8,0,1,0,14,36,0,0,0,1,,0,0
1492,6,185,ferrones,15,57,1,215,4,0,0,0,10,32,0,0,0,1,,0,0
1492,6,186,ferrones,15,57,1,229,0,0,0,0,10,32,0,0,0,1,,0,0
1492,6,187,ferrones,14,57,1,267,0,0,0,0,10,32,1,0,0,1,1,14,0
1492,6,188,ferrones,13,57,1,234,4,0,0,0,10,32,1,0,0,1,,0,0
1492,6,189,ferrones,13,57,1,186,4,0,0,0,10,32,0,0,0,1,,0,0
1492,6,190,ferrones,13,57,1,190,7,0,0,0,10,32,0,0,0,1,,0,0
1492,6,191,ferrones,12,57,1,204,2,0,0,0,6,28,1,0,0,1,,0,0
1492,6,192,ferrones,11,57,1,213,0,0,0,0,6,23,1,0,0,1,,0,0
1492,6,193,ferrones,10,56,1,257,0,0,0,0,6,23,1,0,0,1,1,15,0
1492,6,194,ferrones,9,55,1,219,4,0,0,0,6,23,1,0,0,1,,0,0
1492,6,195,ferrones,7,54,1,181,4,0,0,0,5,21,1,0,0,1,,0,0
1492,6,196,ferrones,6,53,1,180,4,0,0,0,5,21,1,0,0,1,,0,0
1492,6,197,ferrones,5,52,1,189,2,0,0,0,7,23,1,0,0,1,,0,0
1492,6,198,ferrones,4,51,1,203,0,0,0,0,5,25,1,0,0,1,,0,0
1492,6,199,ferrones,3,50,1,230,0,0,0,0,5,25,1,0,0,1,1,12,0
1492,6,200,ferrones,1,49,1,180,1,0,2,0,5,18,1,0,0,1,,0,0
1492,6,1,hortelanos,36,66,1,30,81,0,0,0,31,45,0,0,0,0,1,6,0
1492,6,2,hortelanos,36,66,1,32,91,0,0,0,31,37,0,0,0,0,,0,0
1492,6,3,hortelanos,101,66,1,34,100,0,0,0,31,37,0,0,0,1,,0,0
1492,6,4,hortelanos,101,66,1,36,109,0,0,0,31,37,0,0,0,1,,0,0
1492,6,5,hortelanos,101,66,1,38,129,0,0,0,43,49,0,1,0,1,,0,0
1492,6,6,hortelanos,101,66,1,54,150,0,0,0,43,63,0,0,0,1,,0,0
1492,6,7,hortelanos,100,62,1,50,151,0,0,0,43,63,0,0,0,1,1,11,0
1492,6,8,hortelanos,163,62,1,66,172,0,0,0,43,63,0,0,0,2,,0,0
1492,6,9,hortelanos,163,62,1,82,192,0,0,0,43,63,0,0,0,2,,0,0
1492,6,10,hortelanos,163,62,1,98,202,0,0,0,43,63,0,0,0,2,,0,0
1492,6,11,hortelanos,166,62,1,114,239,0,0,0,61,81,0,0,0,2,,0,0
1492,6,12,hortelanos,166,62,1,130,274,0,0,0,61,81,0,0,0,2,,0,0
1492,6,13,hortelanos,166,60,1,63,294,0,0,0,61,81,0,0,0,2,1,16,0
1492,6,14,hortelanos,166,60,1,79,317,0,2,0,61,81,0,0,0,2,,0,0
1492,6,15,hortelanos,166,60,1,95,339,0,2,0,61,81,0,0,0,2,,0,0
1492,6,16,hortelanos,166,60,1,111,360,0,2,0,61,81,0,0,0,2,,0,0
1492,6,17,hortelanos,166,60,1,127,363,0,2,0,43,63,0,0,0,2,,0,0
1492,6,18,hortelanos,166,60,1,143,366,0,2,0,43,63,0,0,0,2,,0,0
1492,6,19,hortelanos,166,60,1,233,358,0,2,0,43,63,0,0,0,2,1,29,0
1492,6,20,hortelanos,169,60,1,220,365,0,2,0,43,63,0,0,0,2,,0,0
1492,6,21,hortelanos,169,60,1,236,368,0,2,0,43,63,0,0,0,2,,0,0
1492,6,22,hortelanos,169,60,1,252,371,0,2,0,43,63,0,0,0,2,,0,0
1492,6,23,hortelanos,169,60,1,268,356,0,2,0,31,51,0,0,0,2,,0,0
1492,6,24,hortelanos,169,60,1,278,348,0,2,0,31,45,0,0,0,2,,0,0
1492,6,25,hortelanos,172,60,1,338,335,0,2,0,31,45,0,0,0,2,1,20,0
1492,6,26,hortelanos,172,60,1,278,334,0,2,0,31,45,0,0,0,2,,0,0
1492,6,27,hortelanos,172,60,1,218,332,0,2,0,31,45,0,0,0,2,,0,0
1492,6,28,hortelanos,172,63,1,218,323,0,2,0,31,45,0,1,0,2,,0,0
1492,6,29,hortelanos,173,66,1,228,314,0,2,0,31,45,0,0,0,2,,0,0
1492,6,30,hortelanos,173,69,1,244,304,0,2,0,31,51,0,1,0,2,,0,0
1492,6,31,hortelanos,174,72,1,349,294,0,2,0,36,56,0,0,0,2,1,21,0
1492,6,32,hortelanos,175,75,1,316,297,0,2,0,36,58,0,0,0,2,,0,0
1492,6,33,hortelanos,175,78,1,283,300,0,2,0,36,58,0,0,0,2,,0,0
1492,6,34,hortelanos,176,81,1,272,299,0,2,0,36,58,0,0,0,2,,0,0
1492,6,35,hortelanos,177,85,1,292,300,0,2,0,43,67,0,0,0,2,,0,0
1492,6,36,hortelanos,177,89,1,312,300,0,2,0,43,67,0,0,0,2,,0,0
1492,6,37,hortelanos,178,93,1,412,306,0,2,0,43,67,0,0,0,2,1,18,0
1492,6,38,hortelanos,178,93,1,383,310,0,2,0,43,69,0,0,0,2,,0,0
1492,6,39,hortelanos,178,93,1,354,314,0,2,0,43,69,0,0,0,2,,0,0
1492,6,40,hortelanos,178,93,1,325,318,0,2,0,43,69,0,0,0,2,,0,0
1492,6,41,hortelanos,178,93,1,303,323,0,2,0,45,71,0,0,0,2,,0,0
1492,6,42,hortelanos,178,93,1,325,322,0,2,0,45,71,0,0,0,2,,0,0
1492,6,43,hortelanos,178,90,1,354,266,0,2,0,45,71,0,0,0,2,1,23,0
1492,6,44,hortelanos,178,90,1,306,275,0,2,0,45,71,0,0,0,2,,0,0
1492,6,45,hortelanos,282,160,2,258,284,0,2,0,45,71,0,0,0,3,,0,0
1492,6,46,hortelanos,282,160,2,237,269,0,2,0,45,85,0,0,0,3,,0,0
1492,6,47,hortelanos,282,160,2,266,252,0,2,0,43,83,0,0,0,3,,0,0
1492,6,48,hortelanos,282,160,2,286,235,0,2,0,43,74,0,0,0,3,,0,0
1492,6,49,hortelanos,282,160,2,374,212,0,2,0,43,74,0,0,0,3,1,34,0
1492,6,50,hortelanos,282,160,2,351,213,0,2,0,52,83,0,0,0,3,,0,0
1492,6,51,hortelanos,285,160,2,328,214,0,2,0,52,83,0,2,0,3,,0,0
1492,6,52,hortelanos,285,160,2,295,241,0,2,0,76,107,0,0,0,3,,0,0
1492,6,53,hortelanos,285,160,2,272,264,0,2,0,76,107,0,0,0,3,,0,0
1492,6,54,hortelanos,285,163,2,291,282,0,2,0,76,116,0,2,0,3,,0,0
1492,6,55,hortelanos,286,166,2,368,295,0,2,0,76,116,0,0,0,3,1,22,0
1492,6,56,hortelanos,286,169,2,346,312,0,2,0,76,116,0,1,0,3,,0,0
1492,6,57,hortelanos,290,172,2,324,330,0,2,0,76,119,0,0,0,3,,0,0
1492,6,58,hortelanos,291,176,2,304,346,0,2,0,76,121,0,0,0,3,,0,0
1492,6,59,hortelanos,292,180,2,313,356,0,2,0,76,121,0,0,0,3,,0,0
1492,6,60,hortelanos,292,180,2,346,362,0,2,0,76,123,0,0,0,3,,0,0
1492,6,61,hortelanos,292,180,2,433,367,0,0,0,76,123,0,0,0,3,1,21,0
1492,6,62,hortelanos,295,180,2,396,380,0,0,0,76,123,0,0,0,3,,0,0
1492,6,63,hortelanos,295,180,2,359,392,0,0,0,76,123,0,0,0,3,,0,0
1492,6,64,hortelanos,295,180,2,322,404,0,0,0,76,123,0,0,0,3,,0,0
1492,6,65,hortelanos,295,180,2,355,408,0,0,0,76,123,0,0,0,3,,0,0
1492,6,66,hortelanos,295,180,2,388,412,0,0,0,76,123,0,0,0,3,,0,0
1492,6,67,hortelanos,295,180,2,459,373,0,0,0,76,123,0,0,0,3,1,28,0
1492,6,68,hortelanos,295,180,2,422,385,0,0,0,76,123,0,0,0,3,,0,0
1492,6,69,hortelanos,368,280,3,385,397,0,0,0,76,123,0,0,0,4,,0,0
1492,6,70,hortelanos,368,280,3,357,384,0,0,0,76,143,0,0,0,4,,0,0
1492,6,71,hortelanos,368,280,3,359,369,0,0,0,76,143,0,0,0,4,,0,0
1492,6,72,hortelanos,368,280,3,392,350,0,0,0,76,134,0,0,0,4,,0,0
1492,6,73,hortelanos,368,280,3,457,301,0,0,0,76,134,0,0,0,4,1,30,0
1492,6,74,hortelanos,368,280,3,447,279,0,0,0,76,134,0,0,0,4,,0,0
1492,6,75,hortelanos,397,325,4,437,269,0,0,0,76,134,0,2,0,4,,0,0
1492,6,76,hortelanos,397,327,4,426,281,0,0,0,105,171,0,1,0,4,,0,0
1492,6,77,hortelanos,397,329,4,415,290,0,0,0,105,171,0,0,0,4,,0,0
1492,6,78,hortelanos,399,335,4,413,298,0,0,0,105,180,0,2,0,4,,0,0
1492,6,79,hortelanos,403,341,4,446,269,0,0,0,105,182,0,0,0,4,1,34,0
1492,6,80,hortelanos,404,347,4,421,271,0,2,0,105,182,0,2,0,4,,0,0
1492,6,81,hortelanos,435,400,5,378,294,0,4,0,124,203,0,0,0,4,,0,0
1492,6,82,hortelanos,436,408,5,356,299,0,6,0,124,211,0,2,0,4,,0,0
1492,6,83,hortelanos,437,411,5,336,306,0,8,0,124,217,0,0,0,4,,0,0
1492,6,84,hortelanos,437,413,5,384,314,0,3,0,124,221,0,0,0,4,,0,0
1492,6,85,hortelanos,438,415,5,544,320,0,3,0,124,221,0,0,0,4,1,30,0
1492,6,86,hortelanos,438,417,5,538,327,0,3,0,124,221,0,1,0,4,,0,0
1492,6,87,hortelanos,438,419,5,547,342,0,3,0,134,231,0,1,0,4,,0,0
1492,6,88,hortelanos,439,420,5,546,362,0,3,0,138,235,0,0,0,4,,0,0
1492,6,89,hortelanos,439,420,5,557,375,0,3,0,134,233,0,1,0,4,,0,0
1492,6,90,hortelanos,439,420,5,568,396,0,3,0,141,240,0,0,0,4,,0,0
1492,6,91,hortelanos,439,424,5,662,378,0,3,0,141,240,0,0,0,4,1,26,0
1492,6,92,hortelanos,439,424,5,673,396,0,3,0,141,240,0,1,0,4,,0,0
1492,6,93,hortelanos,473,494,6,684,422,0,3,0,148,247,0,0,0,4,,0,0
1492,6,94,hortelanos,473,494,6,692,431,0,3,0,148,261,0,0,0,4,,0,0
1492,6,95,hortelanos,473,494,6,710,430,0,3,0,140,253,0,0,0,4,,0,0
1492,6,96,hortelanos,473,494,6,719,429,0,3,0,140,244,0,1,0,4,,0,0
1492,6,97,hortelanos,473,494,6,738,424,0,3,0,144,248,0,0,0,4,1,32,0
1492,6,98,hortelanos,473,494,6,747,425,0,3,0,144,248,0,0,0,4,,0,0
1492,6,99,hortelanos,473,494,6,756,426,0,3,0,144,248,0,1,0,4,,0,0
1492,6,100,hortelanos,473,494,6,747,432,0,3,0,147,251,0,1,0,4,,0,0
1492,6,101,hortelanos,473,494,6,756,442,0,3,0,152,256,0,0,0,4,,0,0
1492,6,102,hortelanos,473,494,6,774,452,0,3,0,152,265,0,1,0,4,,0,0
1492,6,103,hortelanos,473,494,6,850,454,0,3,0,155,268,0,0,0,4,1,30,0
1492,6,104,hortelanos,474,497,6,868,466,0,3,0,155,268,0,1,0,4,,0,0
1492,6,105,hortelanos,478,500,6,886,479,0,3,0,155,268,0,0,0,4,,0,0
1492,6,106,hortelanos,478,503,6,904,490,0,3,0,155,268,0,0,0,4,,0,0
1492,6,107,hortelanos,479,506,6,922,520,0,3,0,177,290,0,1,0,4,,0,0
1492,6,108,hortelanos,480,510,6,942,550,0,3,0,177,292,0,0,0,4,,0,0
1492,6,109,hortelanos,480,514,6,1020,577,0,3,0,177,292,0,0,0,4,1,25,0
1492,6,110,hortelanos,481,518,6,1042,602,0,3,0,177,294,0,0,0,4,,0,0
1492,6,111,hortelanos,482,522,6,1064,624,0,3,0,177,294,0,1,0,4,,0,0
1492,6,112,hortelanos,483,526,6,1086,646,0,3,0,177,294,0,0,0,4,,0,0
1492,6,113,hortelanos,484,530,6,1110,650,0,3,0,161,280,0,0,0,4,,0,0
1492,6,114,hortelanos,485,537,6,1134,651,0,3,0,161,280,0,1,0,4,,0,0
1492,6,115,hortelanos,486,544,6,1218,642,0,3,0,161,282,0,0,0,4,1,35,0
1492,6,116,hortelanos,491,551,6,1244,642,0,3,0,161,282,0,0,0,4,,0,0
1492,6,117,hortelanos,492,558,6,1270,641,0,3,0,161,282,0,0,0,4,,0,0
1492,6,118,hortelanos,494,565,6,1300,638,0,3,0,161,286,0,0,0,4,,0,0
1492,6,119,hortelanos,495,572,6,1330,613,0,3,0,150,275,0,0,0,4,,0,0
1492,6,120,hortelanos,496,579,6,1353,597,0,3,0,150,268,0,0,0,4,,0,0
1492,6,121,hortelanos,501,587,6,1436,580,0,3,0,150,270,0,0,0,4,1,25,0
1492,6,122,hortelanos,503,595,6,1461,562,0,3,0,150,270,0,0,0,4,,0,0
1492,6,123,hortelanos,504,600,6,1488,543,0,3,0,150,272,0,0,0,4,,0,0
1492,6,124,hortelanos,504,600,6,1517,523,0,3,0,150,274,0,0,0,4,,0,0
1492,6,125,hortelanos,504,604,6,1546,508,0,3,0,155,279,0,0,0,4,,0,0
1492,6,126,hortelanos,504,604,6,1586,493,0,3,0,155,290,0,0,0,4,,0,0
1492,6,127,hortelanos,504,604,6,1684,479,0,3,0,155,290,0,0,0,4,1,25,0
1492,6,128,hortelanos,504,604,6,1724,465,0,3,0,155,290,0,0,0,4,,0,0
1492,6,129,hortelanos,504,604,6,1764,452,0,3,0,155,290,0,0,0,4,,0,0
1492,6,130,hortelanos,504,604,6,1804,439,0,3,0,155,290,0,0,0,4,,0,0
1492,6,131,hortelanos,504,604,6,1844,448,0,3,0,177,312,0,0,0,4,,0,0
1492,6,132,hortelanos,504,604,6,1884,457,0,3,0,177,312,0,0,0,4,,0,0
1492,6,133,hortelanos,505,608,6,1876,427,0,3,0,177,312,0,0,0,4,1,21,0
1492,6,134,hortelanos,505,608,6,1936,436,0,3,0,177,312,0,0,0,4,,0,0
1492,6,135,hortelanos,538,673,7,1996,459,0,3,0,191,326,0,0,0,4,,0,0
1492,6,136,hortelanos,538,673,7,2054,465,0,3,0,191,338,0,0,0,4,,0,0
1492,6,137,hortelanos,538,673,7,2112,454,0,3,0,173,320,0,0,0,4,,0,0
1492,6,138,hortelanos,538,673,7,2170,443,0,3,0,173,320,0,0,0,4,,0,0
1492,6,139,hortelanos,537,669,7,2198,385,0,3,0,173,320,0,0,0,4,1,29,0
1492,6,140,hortelanos,538,673,7,2227,371,0,3,0,173,318,0,2,0,4,,0,0
1492,6,141,hortelanos,564,704,8,2265,379,0,3,0,192,339,0,0,0,4,,0,0
1492,6,142,hortelanos,565,705,8,2291,379,0,3,0,192,345,0,0,0,4,,0,0
1492,6,143,hortelanos,565,706,8,2321,367,0,3,0,180,333,0,0,0,4,,0,0
1492,6,144,hortelanos,565,707,8,2341,356,0,3,0,180,324,0,0,0,4,,0,0
1492,6,145,hortelanos,565,707,8,2419,307,0,3,0,180,324,0,0,0,4,1,32,0
1492,6,146,hortelanos,565,707,8,2438,296,0,3,0,180,324,0,0,0,4,,0,0
1492,6,147,hortelanos,595,757,9,2458,286,0,3,0,180,324,0,1,0,4,,0,0
1492,6,148,hortelanos,595,757,9,2459,269,0,3,0,184,338,0,0,0,4,,0,0
1492,6,149,hortelanos,595,757,9,2474,257,0,3,0,190,344,0,0,0,4,,0,0
1492,6,150,hortelanos,596,760,9,2505,260,0,3,0,205,368,0,1,0,4,,0,0
1492,6,151,hortelanos,596,763,9,2607,267,0,3,0,209,372,0,0,0,4,1,31,0
1492,6,152,hortelanos,597,766,9,2630,309,0,3,0,249,404,0,2,0,4,,0,0
1492,6,153,hortelanos,597,769,9,2646,361,0,3,0,258,413,0,0,0,4,,0,0
1492,6,154,hortelanos,598,772,9,2662,409,0,3,0,258,413,0,0,0,4,,0,0
1492,6,155,hortelanos,598,773,9,2687,489,0,3,0,294,451,0,0,0,4,,0,0
1492,6,156,hortelanos,599,775,9,2707,541,0,3,0,268,427,0,0,0,4,,0,0
1492,6,157,hortelanos,599,777,9,2819,543,0,1,0,270,429,0,0,0,4,1,35,0
1492,6,158,hortelanos,599,779,9,2841,594,0,1,0,270,429,0,0,0,4,,0,0
1492,6,159,hortelanos,635,856,10,2869,643,0,1,0,270,429,0,0,0,4,,0,0
1492,6,160,hortelanos,635,858,10,2892,671,0,1,0,270,443,0,0,0,4,,0,0
1492,6,161,hortelanos,639,860,10,2924,677,0,1,0,249,424,0,0,0,4,,0,0
1492,6,162,hortelanos,639,862,10,2949,682,0,1,0,249,424,0,0,0,4,,0,0
1492,6,163,hortelanos,639,864,10,2996,687,0,1,0,249,424,0,0,0,4,1,32,0
1492,6,164,hortelanos,640,866,10,3032,687,0,1,0,249,428,0,2,0,4,,0,0
1492,6,165,hortelanos,640,868,10,3061,689,0,1,0,256,435,0,0,0,4,,0,0
1492,6,166,hortelanos,640,868,10,3099,698,0,1,0,256,437,0,0,0,4,,0,0
1492,6,167,hortelanos,640,868,10,3134,693,0,1,0,241,422,0,0,0,4,,0,0
1492,6,168,hortelanos,643,868,10,3160,688,0,1,0,241,413,0,0,0,4,,0,0
1492,6,169,hortelanos,643,868,10,3243,683,0,1,0,241,413,0,0,0,4,1,25,0
1492,6,170,hortelanos,643,868,10,3269,678,0,1,0,241,413,0,0,0,4,,0,0
1492,6,171,hortelanos,643,868,10,3294,673,0,1,0,241,413,0,0,0,4,,0,0
1492,6,172,hortelanos,643,868,10,3320,669,0,1,0,241,413,0,0,0,4,,0,0
1492,6,173,hortelanos,643,868,10,3342,672,0,1,0,248,420,0,0,0,4,,0,0
1492,6,174,hortelanos,643,868,10,3373,674,0,1,0,248,429,0,0,0,4,,0,0
1492,6,175,hortelanos,644,872,10,3471,675,0,1,0,248,429,0,0,0,4,1,32,0
1492,6,176,hortelanos,804,872,10,3494,671,0,2,0,248,429,0,1,1,5,,0,0
1492,6,177,hortelanos,804,872,10,3524,699,0,3,0,279,460,0,0,0,5,,0,0
1492,6,178,hortelanos,804,872,10,3554,726,0,4,0,279,460,0,0,0,5,,0,0
1492,6,179,hortelanos,804,872,10,3584,780,0,5,0,308,489,0,0,0,5,,0,0
1492,6,180,hortelanos,804,872,10,3614,832,0,6,0,308,489,0,0,0,5,,0,0
1492,6,181,hortelanos,805,875,10,3726,872,0,7,0,308,489,0,1,0,5,1,26,0
1492,6,182,hortelanos,805,878,10,3764,925,0,7,0,308,489,0,0,0,5,,0,0
1492,6,183,hortelanos,806,882,10,3794,975,0,7,0,308,491,0,0,0,5,,0,0
1492,6,184,hortelanos,807,886,10,3834,1020,0,7,0,308,491,0,1,0,5,,0,0
1492,6,185,hortelanos,807,887,10,3874,1044,0,7,0,287,473,0,0,0,5,,0,0
1492,6,186,hortelanos,807,887,10,3916,1067,0,7,0,287,475,0,0,0,5,,0,0
1492,6,187,hortelanos,808,891,10,4036,1039,0,7,0,287,475,0,1,0,5,1,30,0
1492,6,188,hortelanos,809,895,10,4078,1061,0,7,0,287,475,0,0,0,5,,0,0
1492,6,189,hortelanos,842,946,11,4120,1081,0,7,0,287,475,0,0,0,5,,0,0
1492,6,190,hortelanos,843,952,11,4157,1088,0,7,0,287,485,0,0,0,5,,0,0
1492,6,191,hortelanos,844,958,11,4194,1077,0,7,0,272,470,0,0,0,5,,0,0
1492,6,192,hortelanos,846,967,11,4226,1065,0,7,0,272,465,0,1,0,5,,0,0
1492,6,193,hortelanos,848,976,11,4270,1054,0,7,0,272,465,0,0,0,5,1,30,0
1492,6,194,hortelanos,849,983,11,4304,1034,0,7,0,272,467,0,0,0,5,,0,0
1492,6,195,hortelanos,850,988,11,4340,1014,0,7,0,272,469,0,3,0,5,,0,0
1492,6,196,hortelanos,851,992,11,4376,1021,0,7,0,295,495,0,0,0,5,,0,0
1492,6,197,hortelanos,852,995,11,4414,1032,0,7,0,302,504,0,0,0,5,,0,0
1492,6,198,hortelanos,853,1002,11,4463,1042,0,7,0,302,515,0,1,0,5,,0,0
1492,6,199,hortelanos,854,1009,11,4570,1041,0,7,0,302,515,0,0,0,5,1,35,0
1492,6,200,hortelanos,858,1012,11,4611,1049,0,7,0,302,517,0,0,0,5,,0,0
1492,6,1,mercaderes,40,86,1,62,59,0,0,0,13,39,0,0,0,0,1,4,0
1492,6,2,mercaderes,40,86,1,74,48,0,0,0,13,29,0,0,0,0,,0,0
1492,6,3,mercaderes,40,86,1,86,37,0,0,0,13,29,0,1,0,0,,0,0
1492,6,4,mercaderes,40,86,1,98,28,0,0,0,13,29,0,0,0,0,,0,0
1492,6,5,mercaderes,40,86,1,110,20,0,0,0,13,29,0,0,0,0,,0,0
1492,6,6,mercaderes,40,86,1,130,12,0,0,0,13,37,0,0,0,0,,0,0
1492,6,7,mercaderes,40,86,1,80,4,0,0,0,13,37,0,0,0,0,1,6,0
1492,6,8,mercaderes,39,86,1,100,4,0,1,0,13,37,1,0,0,0,,0,0
1492,6,9,mercaderes,38,86,1,120,0,0,1,0,13,37,1,0,0,0,,0,0
1492,6,10,mercaderes,36,84,1,140,0,0,1,0,13,37,1,0,0,0,,0,0
1492,6,11,mercaderes,36,84,1,160,15,0,0,0,36,60,0,0,0,0,,0,0
1492,6,12,mercaderes,36,84,1,180,29,0,0,0,36,60,0,0,0,0,,0,0
1492,6,13,mercaderes,37,88,1,129,43,0,0,0,36,60,0,0,0,0,1,8,0
1492,6,14,mercaderes,38,90,1,125,59,0,2,0,36,60,0,0,0,0,,0,0
1492,6,15,mercaderes,38,90,1,147,76,0,0,0,36,62,0,0,0,0,,0,0
1492,6,16,mercaderes,38,90,1,169,87,0,0,0,36,62,0,0,0,0,,0,0
1492,6,17,mercaderes,38,90,1,191,84,0,0,0,22,48,0,0,0,0,,0,0
1492,6,18,mercaderes,38,90,1,213,81,0,0,0,22,48,0,0,0,0,,0,0
1492,6,19,mercaderes,38,90,1,200,69,0,0,0,22,48,0,0,0,0,1,13,0
1492,6,20,mercaderes,38,90,1,169,74,0,0,0,22,48,0,0,0,0,,0,0
1492,6,21,mercaderes,38,90,1,148,79,0,0,0,22,48,0,0,0,0,,0,0
1492,6,22,mercaderes,53,90,1,166,83,0,0,0,22,48,0,0,0,1,,0,0
1492,6,23,mercaderes,53,90,1,188,73,0,0,0,13,39,0,0,0,1,,0,0
1492,6,24,mercaderes,53,90,1,201,62,0,0,0,13,30,0,0,0,1,,0,0
1492,6,25,mercaderes,52,86,1,187,32,0,0,0,13,30,0,0,0,1,1,21,0
1492,6,26,mercaderes,65,86,1,146,31,0,0,0,13,29,0,0,0,2,,0,0
1492,6,27,mercaderes,65,86,1,125,30,0,0,0,13,29,0,0,0,2,,0,0
1492,6,28,mercaderes,65,86,1,137,19,0,0,0,13,29,0,0,0,2,,0,0
1492,6,29,mercaderes,68,86,1,149,16,0,0,0,18,34,0,0,0,2,,0,0
1492,6,30,mercaderes,68,86,1,169,13,0,0,0,18,42,0,0,0,2,,0,0
1492,6,31,mercaderes,68,86,1,138,10,0,0,0,18,42,0,0,0,2,1,7,0
1492,6,32,mercaderes,68,86,1,144,11,0,2,0,18,42,0,0,0,2,,0,0
1492,6,33,mercaderes,68,86,1,164,12,0,1,0,18,42,0,0,0,2,,0,0
1492,6,34,mercaderes,68,86,1,184,9,0,0,0,18,42,0,0,0,2,,0,0
1492,6,35,mercaderes,68,86,1,204,24,0,0,0,36,60,0,0,0,2,,0,0
1492,6,36,mercaderes,69,90,1,224,38,0,0,0,36,60,0,0,0,2,,0,0
1492,6,37,mercaderes,69,90,1,186,50,0,0,0,36,62,0,0,0,2,1,11,0
1492,6,38,mercaderes,69,90,1,164,66,0,2,0,36,62,0,0,0,2,,0,0
1492,6,39,mercaderes,69,90,1,162,83,0,0,0,36,62,0,0,0,2,,0,0
1492,6,40,mercaderes,69,90,1,184,98,0,0,0,36,62,0,0,0,2,,0,0
1492,6,41,mercaderes,69,90,1,206,95,0,0,0,22,48,0,0,0,2,,0,0
1492,6,42,mercaderes,69,90,1,228,92,0,0,0,22,48,0,0,0,2,,0,0
1492,6,43,mercaderes,69,90,1,228,73,0,0,0,22,48,0,0,0,2,1,23,0
1492,6,44,mercaderes,72,90,1,197,78,0,0,0,22,48,0,0,0,2,,0,0
1492,6,45,mercaderes,72,90,1,166,82,0,0,0,22,48,0,0,0,2,,0,0
1492,6,46,mercaderes,72,90,1,181,86,0,0,0,22,48,0,0,0,2,,0,0
1492,6,47,mercaderes,72,90,1,203,66,0,0,0,13,39,0,0,0,2,,0,0
1492,6,48,mercaderes,72,90,1,216,55,0,0,0,13,30,0,0,0,2,,0,0
1492,6,49,mercaderes,75,90,1,227,47,0,0,0,15,32,0,0,0,2,1,12,0
1492,6,50,mercaderes,75,90,1,187,46,0,0,0,15,32,0,0,0,2,,0,0
1492,6,51,mercaderes,75,90,1,157,45,0,0,0,15,32,0,0,0,2,,0,0
1492,6,52,mercaderes,75,90,1,163,44,0,0,0,15,32,0,0,0,2,,0,0
1492,6,53,mercaderes,75,90,1,176,41,0,0,0,18,35,0,0,0,2,,0,0
1492,6,54,mercaderes,75,90,1,198,36,0,0,0,18,44,0,0,0,2,,0,0
1492,6,55,mercaderes,75,90,1,173,31,0,0,0,18,44,0,0,0,2,1,10,0
1492,6,56,mercaderes,75,90,1,161,30,0,2,0,18,44,0,0,0,2,,0,0
1492,6,57,mercaderes,75,90,1,175,30,0,1,0,18,44,0,0,0,2,,0,0
1492,6,58,mercaderes,75,90,1,197,28,0,0,0,18,44,0,0,0,2,,0,0
1492,6,59,mercaderes,75,90,1,219,49,0,0,0,45,71,0,0,0,2,,0,0
1492,6,60,mercaderes,75,90,1,241,70,0,0,0,45,71,0,0,0,2,,0,0
1492,6,61,mercaderes,75,90,1,193,80,0,0,0,45,71,0,0,0,2,1,14,0
1492,6,62,mercaderes,75,90,1,146,103,0,2,0,45,71,0,0,0,2,,0,0
1492,6,63,mercaderes,75,90,1,155,125,0,3,0,45,71,0,0,0,2,,0,0
1492,6,64,mercaderes,75,90,1,173,150,0,0,0,45,71,0,0,0,2,,0,0
1492,6,65,mercaderes,75,90,1,195,148,0,0,0,25,51,0,0,0,2,,0,0
1492,6,66,mercaderes,75,90,1,217,145,0,0,0,25,51,0,0,0,2,,0,0
1492,6,67,mercaderes,75,90,1,193,129,0,0,0,25,51,0,0,0,2,1,10,0
1492,6,68,mercaderes,75,90,1,165,127,0,0,0,25,51,0,0,0,2,,0,0
1492,6,69,mercaderes,78,90,1,187,125,0,0,0,25,51,0,0,0,2,,0,0
1492,6,70,mercaderes,78,90,1,209,123,0,0,0,25,51,0,0,0,2,,0,0
1492,6,71,mercaderes,78,90,1,231,112,0,0,0,15,41,0,0,0,2,,0,0
1492,6,72,mercaderes,78,90,1,244,101,0,0,0,15,32,0,0,0,2,,0,0
1492,6,73,mercaderes,78,90,1,247,77,0,0,0,13,30,0,0,0,2,1,17,0
1492,6,74,mercaderes,78,90,1,207,73,0,0,0,13,30,0,0,0,2,,0,0
1492,6,75,mercaderes,81,90,1,167,69,0,0,0,13,30,0,0,0,2,,0,0
1492,6,76,mercaderes,81,90,1,157,65,0,0,0,13,30,0,0,0,2,,0,0
1492,6,77,mercaderes,81,90,1,170,66,0,0,0,18,35,0,0,0,2,,0,0
1492,6,78,mercaderes,81,90,1,192,60,0,0,0,18,44,0,0,0,2,,0,0
1492,6,79,mercaderes,81,90,1,176,42,0,0,0,18,44,0,0,0,2,1,20,0
1492,6,80,mercaderes,81,90,1,165,41,0,2,0,18,44,0,0,0,2,,0,0
1492,6,81,mercaderes,84,90,1,183,41,0,1,0,18,44,0,0,0,2,,0,0
1492,6,82,mercaderes,84,90,1,205,38,0,0,0,18,44,0,0,0,2,,0,0
1492,6,83,mercaderes,84,90,1,227,50,0,0,0,36,62,0,0,0,2,,0,0
1492,6,84,mercaderes,84,90,1,249,62,0,0,0,36,62,0,0,0,2,,0,0
1492,6,85,mercaderes,84,90,1,217,73,0,0,0,36,62,0,0,0,2,1,9,0
1492,6,86,mercaderes,84,90,1,145,88,0,2,0,36,62,0,0,0,2,,0,0
1492,6,87,mercaderes,84,90,1,167,97,0,3,0,36,62,0,0,0,2,,0,0
1492,6,88,mercaderes,84,90,1,189,109,0,0,0,36,62,0,0,0,2,,0,0
1492,6,89,mercaderes,84,90,1,211,105,0,0,0,22,48,0,0,0,2,,0,0
1492,6,90,mercaderes,87,90,1,233,101,0,0,0,22,48,0,0,0,2,,0,0
1492,6,91,mercaderes,87,90,1,260,97,0,0,0,22,48,0,0,0,2,1,12,0
1492,6,92,mercaderes,87,90,1,229,101,0,0,0,22,48,0,0,0,2,,0,0
1492,6,93,mercaderes,87,90,1,198,104,0,0,0,22,48,0,0,0,2,,0,0
1492,6,94,mercaderes,87,90,1,207,107,0,0,0,22,48,0,0,0,2,,0,0
1492,6,95,mercaderes,87,90,1,229,99,0,0,0,13,39,0,0,0,2,,0,0
1492,6,96,mercaderes,87,90,1,242,87,0,0,0,13,30,0,0,0,2,,0,0
1492,6,97,mercaderes,87,94,1,262,76,0,0,0,13,30,0,0,0,2,1,13,0
1492,6,98,mercaderes,87,94,1,222,71,0,0,0,13,30,0,0,0,2,,0,0
1492,6,99,mercaderes,87,94,1,182,66,0,0,0,13,30,0,0,0,2,,0,0
1492,6,100,mercaderes,87,94,1,172,61,0,0,0,13,30,0,0,0,2,,0,0
1492,6,101,mercaderes,87,94,1,185,61,0,0,0,18,35,0,0,0,2,,0,0
1492,6,102,mercaderes,87,94,1,207,54,0,0,0,18,44,0,0,0,2,,0,0
1492,6,103,mercaderes,87,94,1,192,48,0,0,0,18,44,0,0,0,2,1,10,0
1492,6,104,mercaderes,87,94,1,171,46,0,2,0,18,44,0,0,0,2,,0,0
1492,6,105,mercaderes,87,94,1,183,45,0,1,0,18,44,0,0,0,2,,0,0
1492,6,106,mercaderes,87,94,1,205,43,0,0,0,18,44,0,0,0,2,,0,0
1492,6,107,mercaderes,87,94,1,227,54,0,0,0,36,62,0,0,0,2,,0,0
1492,6,108,mercaderes,87,94,1,249,65,0,0,0,36,62,0,0,0,2,,0,0
1492,6,109,mercaderes,87,90,1,201,66,0,0,0,36,62,0,0,0,2,1,10,0
1492,6,110,mercaderes,87,90,1,129,81,0,2,0,36,62,0,0,0,2,,0,0
1492,6,111,mercaderes,87,90,1,151,98,0,2,0,36,62,0,0,0,2,,0,0
1492,6,112,mercaderes,87,90,1,173,108,0,2,0,36,62,0,0,0,2,,0,0
1492,6,113,mercaderes,87,90,1,195,104,0,2,0,22,48,0,0,0,2,,0,0
1492,6,114,mercaderes,87,90,1,217,100,0,2,0,22,48,0,0,0,2,,0,0
1492,6,115,mercaderes,87,90,1,242,85,0,0,0,22,48,0,0,0,2,1,22,0
1492,6,116,mercaderes,87,90,1,211,89,0,0,0,22,48,0,0,0,2,,0,0
1492,6,117,mercaderes,90,90,1,190,93,0,0,0,22,48,0,0,0,2,,0,0
1492,6,118,mercaderes,90,90,1,205,97,0,0,0,22,48,0,0,0,2,,0,0
1492,6,119,mercaderes,90,90,1,227,87,0,0,0,13,39,0,0,0,2,,0,0
1492,6,120,mercaderes,90,90,1,240,75,0,0,0,13,30,0,0,0,2,,0,0
1492,6,121,mercaderes,90,90,1,248,64,0,0,0,13,30,0,0,0,2,1,12,0
1492,6,122,mercaderes,90,90,1,208,49,0,0,0,13,30,0,0,0,2,,0,0
1492,6,123,mercaderes,90,90,1,168,46,0,0,0,13,30,0,0,0,2,,0,0
1492,6,124,mercaderes,93,90,1,162,43,0,0,0,13,30,0,0,0,2,,0,0
1492,6,125,mercaderes,93,90,1,175,44,0,0,0,18,35,0,0,0,2,,0,0
1492,6,126,mercaderes,93,90,1,197,39,0,0,0,18,44,0,0,0,2,,0,0
1492,6,127,mercaderes,93,90,1,178,34,0,0,0,18,44,0,0,0,2,1,10,0
1492,6,128,mercaderes,93,90,1,166,33,0,2,0,18,44,0,0,0,2,,0,0
1492,6,129,mercaderes,93,90,1,180,33,0,1,0,18,44,0,0,0,2,,0,0
1492,6,130,mercaderes,93,90,1,202,31,0,0,0,18,44,0,0,0,2,,0,0
1492,6,131,mercaderes,93,90,1,224,44,0,0,0,36,62,0,0,0,2,,0,0
1492,6,132,mercaderes,93,90,1,246,56,0,0,0,36,62,0,0,0,2,,0,0
1492,6,133,mercaderes,93,94,1,227,68,0,0,0,36,62,0,0,0,2,1,13,0
1492,6,134,mercaderes,93,94,1,180,82,0,2,0,36,62,0,0,0,2,,0,0
1492,6,135,mercaderes,93,94,1,179,98,0,1,0,36,62,0,0,0,2,,0,0
1492,6,136,mercaderes,93,94,1,201,111,0,1,0,36,62,0,0,0,2,,0,0
1492,6,137,mercaderes,93,94,1,223,106,0,1,0,22,48,0,0,0,2,,0,0
1492,6,138,mercaderes,93,94,1,245,101,0,1,0,22,48,0,0,0,2,,0,0
1492,6,139,mercaderes,93,90,1,249,87,0,1,0,22,48,0,0,0,2,1,13,0
1492,6,140,mercaderes,93,90,1,218,91,0,1,0,22,48,0,0,0,2,,0,0
1492,6,141,mercaderes,93,90,1,187,95,0,1,0,22,48,0,0,0,2,,0,0
1492,6,142,mercaderes,93,90,1,186,99,0,1,0,22,48,0,0,0,2,,0,0
1492,6,143,mercaderes,93,90,1,208,94,0,1,0,13,39,0,0,0,2,,0,0
1492,6,144,mercaderes,93,90,1,221,82,0,1,0,13,30,0,0,0,2,,0,0
1492,6,145,mercaderes,93,90,1,237,58,0,1,0,13,30,0,0,0,2,1,20,0
1492,6,146,mercaderes,93,90,1,197,56,0,0,0,13,30,0,0,0,2,,0,0
1492,6,147,mercaderes,96,90,1,157,53,0,0,0,13,30,0,0,0,2,,0,0
1492,6,148,mercaderes,96,90,1,170,50,0,0,0,13,30,0,0,0,2,,0,0
1492,6,149,mercaderes,96,90,1,183,45,0,0,0,18,35,0,0,0,2,,0,0
1492,6,150,mercaderes,96,90,1,205,40,0,0,0,18,44,0,0,0,2,,0,0
1492,6,151,mercaderes,96,90,1,181,35,0,0,0,18,44,0,0,0,2,1,11,0
1492,6,152,mercaderes,96,90,1,166,34,0,2,0,18,51,0,0,0,2,,0,0
1492,6,153,mercaderes,96,90,1,191,23,0,1,0,18,51,0,0,0,2,,0,0
1492,6,154,mercaderes,96,90,1,220,20,0,0,0,18,51,0,0,0,2,,0,0
1492,6,155,mercaderes,96,90,1,249,33,0,0,0,36,69,0,0,0,2,,0,0
1492,6,156,mercaderes,96,90,1,278,46,0,0,0,36,69,0,0,0,2,,0,0
1492,6,157,mercaderes,99,90,1,257,58,0,0,0,36,69,0,0,0,2,1,14,0
1492,6,158,mercaderes,99,90,1,192,74,0,2,0,36,69,0,0,0,2,,0,0
1492,6,159,mercaderes,99,90,1,198,91,0,2,0,36,69,0,0,0,2,,0,0
1492,6,160,mercaderes,99,90,1,220,105,0,2,0,36,69,0,0,0,2,,0,0
1492,6,161,mercaderes,99,90,1,249,103,0,2,0,22,55,0,0,0,2,,0,0
1492,6,162,mercaderes,99,90,1,278,99,0,2,0,22,55,0,0,0,2,,0,0
1492,6,163,mercaderes,99,94,1,329,99,0,0,0,22,55,0,0,0,2,1,16,0
1492,6,164,mercaderes,99,94,1,305,102,0,0,0,22,55,0,0,0,2,,0,0
1492,6,165,mercaderes,99,94,1,281,104,0,0,0,22,55,0,0,0,2,,0,0
1492,6,166,mercaderes,99,94,1,257,106,0,0,0,22,55,0,0,0,2,,0,0
1492,6,167,mercaderes,99,94,1,282,100,0,0,0,13,46,0,0,0,2,,0,0
1492,6,168,mercaderes,99,94,1,299,88,0,0,0,13,34,0,0,0,2,,0,0
1492,6,169,mercaderes,99,90,1,308,66,0,0,0,13,34,0,0,0,2,1,17,0
1492,6,170,mercaderes,99,90,1,272,62,0,0,0,13,34,0,0,0,2,,0,0
1492,6,171,mercaderes,99,90,1,236,58,0,0,0,13,34,0,0,0,2,,0,0
1492,6,172,mercaderes,99,90,1,200,55,0,0,0,13,34,0,0,0,2,,0,0
1492,6,173,mercaderes,99,90,1,194,56,0,0,0,18,39,0,0,0,2,,0,0
1492,6,174,mercaderes,99,90,1,219,57,0,0,0,18,51,0,0,0,2,,0,0
1492,6,175,mercaderes,99,90,1,224,39,0,0,0,18,51,0,0,0,2,1,17,0
1492,6,176,mercaderes,99,90,1,210,38,0,2,0,18,51,0,0,0,2,,0,0
1492,6,177,mercaderes,102,90,1,226,38,0,1,0,18,51,0,0,0,2,,0,0
1492,6,178,mercaderes,102,90,1,248,38,0,0,0,18,51,0,0,0,2,,0,0
1492,6,179,mercaderes,102,90,1,277,52,0,0,0,36,69,0,0,0,2,,0,0
1492,6,180,mercaderes,102,90,1,306,64,0,0,0,36,69,0,0,0,2,,0,0
1492,6,181,mercaderes,102,90,1,289,75,0,0,0,36,69,0,0,0,2,1,14,0
1492,6,182,mercaderes,102,90,1,224,90,0,2,0,36,69,0,0,0,2,,0,0
1492,6,183,mercaderes,102,90,1,210,104,0,4,0,36,69,0,0,0,2,,0,0
1492,6,184,mercaderes,102,90,1,226,120,0,1,0,36,69,0,0,0,2,,0,0
1492,6,185,mercaderes,102,90,1,255,120,0,1,0,22,55,0,0,0,2,,0,0
1492,6,186,mercaderes,102,90,1,284,116,0,1,0,22,55,0,0,0,2,,0,0
1492,6,187,mercaderes,102,94,1,345,115,0,1,0,22,55,0,0,0,2,1,16,0
1492,6,188,mercaderes,102,94,1,321,117,0,1,0,22,55,0,0,0,2,,0,0
1492,6,189,mercaderes,102,94,1,297,119,0,1,0,22,55,0,0,0,2,,0,0
1492,6,190,mercaderes,102,94,1,273,121,0,1,0,22,55,0,0,0,2,,0,0
1492,6,191,mercaderes,102,94,1,292,114,0,1,0,13,46,0,0,0,2,,0,0
1492,6,192,mercaderes,102,94,1,309,103,0,1,0,13,34,0,0,0,2,,0,0
1492,6,193,mercaderes,102,90,1,322,80,0,1,0,13,34,0,0,0,2,1,18,0
1492,6,194,mercaderes,102,90,1,286,76,0,1,0,13,34,0,0,0,2,,0,0
1492,6,195,mercaderes,102,90,1,250,72,0,1,0,13,34,0,0,0,2,,0,0
1492,6,196,mercaderes,102,90,1,214,68,0,1,0,13,34,0,0,0,2,,0,0
1492,6,197,mercaderes,102,90,1,198,69,0,1,0,18,39,0,0,0,2,,0,0
1492,6,198,mercaderes,102,90,1,223,70,0,1,0,18,51,0,0,0,2,,0,0
1492,6,199,mercaderes,102,90,1,196,52,0,1,0,18,51,0,0,0,2,1,23,0
1492,6,200,mercaderes,102,90,1,176,53,0,1,0,18,51,0,0,0,2,,0,0
1492,6,1,mesta,29,30,1,42,75,0,0,0,5,11,0,0,0,0,1,5,0
1492,6,2,mesta,29,30,1,41,69,0,0,0,5,8,0,0,0,0,,0,0
1492,6,3,mesta,29,30,1,40,63,0,0,0,5,8,0,0,0,0,,0,0
1492,6,4,mesta,29,30,1,39,57,0,0,0,5,8,0,0,0,0,,0,0
1492,6,5,mesta,29,30,1,38,51,0,0,0,5,8,0,1,0,0,,0,0
1492,6,6,mesta,29,30,1,48,48,0,0,0,5,19,0,0,0,0,,0,0
1492,6,7,mesta,28,26,1,38,35,0,0,0,5,19,0,0,0,0,1,1,0
1492,6,8,mesta,28,26,1,46,33,0,0,0,5,17,0,0,0,0,,0,0
1492,6,9,mesta,28,26,1,54,31,0,0,0,5,17,0,0,0,0,,0,0
1492,6,10,mesta,28,26,1,62,29,0,0,0,5,17,0,0,0,0,,0,0
1492,6,11,mesta,28,27,1,70,35,0,0,0,13,25,0,0,0,0,,0,0
1492,6,12,mesta,28,28,1,78,41,0,0,0,13,25,0,0,0,0,,0,0
1492,6,13,mesta,28,29,1,72,46,0,0,0,13,25,0,0,0,0,1,5,0
1492,6,14,mesta,29,30,1,80,51,0,0,0,13,25,0,0,0,0,,0,0
1492,6,15,mesta,29,31,1,90,55,0,0,0,13,27,0,0,0,0,,0,0
1492,6,16,mesta,29,32,1,100,59,0,0,0,13,27,0,0,0,0,,0,0
1492,6,17,mesta,29,33,1,110,57,0,0,0,8,22,0,0,0,0,,0,0
1492,6,18,mesta,29,34,1,120,55,0,0,0,8,22,0,0,0,0,,0,0
1492,6,19,mesta,29,33,1,49,53,0,0,0,8,22,0,0,0,0,1,4,0
1492,6,20,mesta,29,33,1,49,53,0,0,0,8,22,0,0,0,0,,0,0
1492,6,21,mesta,29,34,1,59,50,0,0,0,8,22,0,1,0,0,,0,0
1492,6,22,mesta,30,35,1,69,49,0,0,0,8,28,0,0,0,0,,0,0
1492,6,23,mesta,30,35,1,79,46,0,0,0,5,25,0,0,0,0,,0,0
1492,6,24,mesta,30,35,1,86,43,0,0,0,5,22,0,0,0,0,,0,0
1492,6,25,mesta,30,35,1,85,40,0,0,0,5,22,0,0,0,0,1,3,0
1492,6,26,mesta,30,35,1,92,42,0,0,0,5,22,0,0,0,0,,0,0
1492,6,27,mesta,30,35,1,99,39,0,0,0,5,22,0,0,0,0,,0,0
1492,6,28,mesta,30,35,1,106,36,0,0,0,5,22,0,0,0,0,,0,0
1492,6,29,mesta,30,35,1,113,34,0,0,0,6,23,0,0,0,0,,0,0
1492,6,30,mesta,30,35,1,123,32,0,0,0,6,26,0,0,0,0,,0,0
1492,6,31,mesta,30,35,1,83,30,0,0,0,6,26,0,0,0,0,1,12,0
1492,6,32,mesta,30,35,1,88,29,0,1,0,6,26,0,0,0,0,,0,0
1492,6,33,mesta,30,35,1,98,29,0,0,0,6,26,0,0,0,0,,0,0
1492,6,34,mesta,30,35,1,108,27,0,0,0,6,26,0,0,0,0,,0,0
1492,6,35,mesta,30,36,1,118,32,0,0,0,13,33,0,0,0,0,,0,0
1492,6,36,mesta,30,37,1,128,36,0,0,0,13,33,0,0,0,0,,0,0
1492,6,37,mesta,30,38,1,196,40,0,0,0,13,33,0,0,0,0,1,15,0
1492,6,38,mesta,30,39,1,201,41,0,1,0,9,29,0,0,0,0,,0,0
1492,6,39,mesta,30,39,1,206,43,0,0,0,9,29,0,0,0,0,,0,0
1492,6,40,mesta,30,39,1,216,44,0,0,0,9,29,0,0,0,0,,0,0
1492,6,41,mesta,30,39,1,226,40,0,0,0,5,25,0,0,0,0,,0,0
1492,6,42,mesta,30,39,1,236,36,0,0,0,5,25,0,0,0,0,,0,0
1492,6,43,mesta,30,39,1,340,32,0,0,0,5,25,0,0,0,0,1,21,0
1492,6,44,mesta,30,39,1,303,35,0,0,0,8,28,0,0,0,0,,0,0
1492,6,45,mesta,30,39,1,266,35,0,0,0,8,28,0,1,0,0,,0,0
1492,6,46,mesta,30,39,1,247,37,0,0,0,8,28,0,0,0,0,,0,0
1492,6,47,mesta,30,39,1,252,36,0,0,0,5,25,0,0,0,0,,0,0
1492,6,48,mesta,30,39,1,259,32,0,0,0,5,22,0,0,0,0,,0,0
1492,6,49,mesta,30,39,1,379,27,0,0,0,5,22,0,0,0,0,1,19,0
1492,6,50,mesta,30,39,1,339,27,0,0,0,5,22,0,0,0,0,,0,0
1492,6,51,mesta,30,39,1,299,27,0,0,0,5,22,0,0,0,0,,0,0
1492,6,52,mesta,30,39,1,259,27,0,0,0,5,22,0,0,0,0,,0,0
1492,6,53,mesta,30,39,1,256,28,0,0,0,6,23,0,0,0,0,,0,0
1492,6,54,mesta,30,39,1,266,26,0,0,0,6,26,0,0,0,0,,0,0
1492,6,55,mesta,30,39,1,283,23,0,0,0,6,26,0,0,0,0,1,21,0
1492,6,56,mesta,30,39,1,210,21,0,2,0,6,26,0,0,0,0,,0,0
1492,6,57,mesta,30,39,1,188,19,0,3,0,6,26,0,0,0,0,,0,0
1492,6,58,mesta,30,39,1,193,17,1,2,0,6,26,0,0,0,0,,0,0
1492,6,59,mesta,30,39,1,203,22,1,1,0,13,33,0,0,0,0,,0,0
1492,6,60,mesta,30,39,1,213,26,1,0,0,13,33,0,0,0,0,,0,0
1492,6,61,mesta,30,39,1,329,29,1,0,0,13,33,0,0,0,0,1,18,0
1492,6,62,mesta,31,40,1,281,33,1,2,0,13,33,0,0,0,0,,0,0
1492,6,63,mesta,31,40,1,288,33,1,2,0,9,31,0,0,0,0,,0,0
1492,6,64,mesta,31,40,1,295,33,1,1,0,9,31,0,0,0,0,,0,0
1492,6,65,mesta,31,40,1,307,29,1,0,0,5,27,0,0,0,0,,0,0
1492,6,66,mesta,31,40,1,319,24,1,0,0,5,27,0,0,0,0,,0,0
1492,6,67,mesta,31,40,1,449,19,1,0,0,5,27,0,0,0,0,1,23,0
1492,6,68,mesta,31,40,1,414,18,1,0,0,5,27,0,0,0,0,,0,0
1492,6,69,mesta,31,40,1,379,20,1,0,0,8,30,0,0,0,0,,0,0
1492,6,70,mesta,31,40,1,344,22,1,0,0,8,30,0,0,0,0,,0,0
1492,6,71,mesta,31,40,1,309,21,1,0,0,5,27,0,0,0,0,,0,0
1492,6,72,mesta,31,40,1,297,20,1,0,0,5,23,0,0,0,0,,0,0
1492,6,73,mesta,31,40,1,393,19,1,0,0,5,23,0,0,0,0,1,22,0
1492,6,74,mesta,31,40,1,354,18,1,0,0,5,23,0,0,0,0,,0,0
1492,6,75,mesta,31,40,1,315,17,1,0,0,5,23,0,0,0,0,,0,0
1492,6,76,mesta,31,40,1,276,16,1,0,0,5,23,0,0,0,0,,0,0
1492,6,77,mesta,31,40,1,237,16,1,0,0,6,24,0,0,0,0,,0,0
1492,6,78,mesta,31,40,1,249,16,1,0,0,6,28,0,0,0,0,,0,0
1492,6,79,mesta,31,40,1,325,12,1,0,0,6,28,0,0,0,0,1,20,0
1492,6,80,mesta,31,40,1,254,9,1,2,0,6,28,0,0,0,0,,0,0
1492,6,81,mesta,31,40,1,243,6,1,3,0,6,28,0,0,0,0,,0,0
1492,6,82,mesta,31,40,1,255,3,1,2,0,6,28,0,0,0,0,,0,0
1492,6,83,mesta,31,40,1,267,6,1,1,0,13,35,0,0,0,0,,0,0
1492,6,84,mesta,31,40,1,279,9,1,0,0,13,35,0,0,0,0,,0,0
1492,6,85,mesta,31,40,1,413,12,1,0,0,13,35,0,0,0,0,1,23,0
1492,6,86,mesta,31,40,1,342,16,1,2,0,13,35,0,0,0,0,,0,0
1492,6,87,mesta,31,40,1,322,20,1,3,0,13,35,0,0,0,0,,0,0
1492,6,88,mesta,31,40,1,320,24,1,2,0,13,35,0,0,0,0,,0,0
1492,6,89,mesta,31,40,1,327,23,1,1,0,8,30,0,0,0,0,,0,0
1492,6,90,mesta,31,40,1,339,22,1,0,0,8,30,0,0,0,0,,0,0
1492,6,91,mesta,31,40,1,506,20,1,0,0,8,30,0,0,0,0,1,24,0
1492,6,92,mesta,31,40,1,471,22,1,0,0,8,30,0,0,0,0,,0,0
1492,6,93,mesta,31,40,1,436,24,1,0,0,8,30,0,0,0,0,,0,0
1492,6,94,mesta,31,40,1,401,26,1,0,0,8,30,0,0,0,0,,0,0
1492,6,95,mesta,31,40,1,366,25,1,0,0,5,27,0,0,0,0,,0,0
1492,6,96,mesta,31,40,1,336,24,1,0,0,5,23,0,0,0,0,,0,0
1492,6,97,mesta,31,40,1,435,23,1,0,0,5,23,0,0,0,0,1,24,0
1492,6,98,mesta,31,40,1,396,22,1,0,0,5,23,0,0,0,0,,0,0
1492,6,99,mesta,31,40,1,357,21,1,0,0,5,23,0,0,0,0,,0,0
1492,6,100,mesta,31,40,1,318,20,1,0,0,5,23,0,0,0,0,,0,0
1492,6,101,mesta,31,40,1,279,20,1,0,0,6,24,0,0,0,0,,0,0
1492,6,102,mesta,31,40,1,253,20,1,0,0,6,28,0,0,0,0,,0,0
1492,6,103,mesta,31,40,1,322,20,1,0,0,6,28,0,0,0,0,1,20,0
1492,6,104,mesta,31,40,1,251,17,1,2,0,6,28,0,0,0,0,,0,0
1492,6,105,mesta,31,40,1,240,14,1,3,0,6,28,0,0,0,0,,0,0
1492,6,106,mesta,31,40,1,252,11,1,2,0,6,28,0,0,0,0,,0,0
1492,6,107,mesta,31,40,1,264,17,1,1,0,16,38,0,0,0,0,,0,0
1492,6,108,mesta,31,40,1,276,23,1,0,0,16,38,0,0,0,0,,0,0
1492,6,109,mesta,31,40,1,409,28,1,0,0,16,38,0,0,0,0,1,22,0
1492,6,110,mesta,31,42,1,338,34,1,2,0,16,38,0,0,0,0,,0,0
1492,6,111,mesta,31,44,1,318,41,1,3,0,16,38,0,0,0,0,,0,0
1492,6,112,mesta,32,46,1,316,47,1,2,0,16,38,0,0,0,0,,0,0
1492,6,113,mesta,32,46,1,328,45,1,1,0,8,30,0,0,0,0,,0,0
1492,6,114,mesta,32,46,1,340,42,1,0,0,8,30,0,0,0,0,,0,0
1492,6,115,mesta,31,42,1,482,28,1,0,0,8,30,0,0,0,0,1,25,0
1492,6,116,mesta,31,42,1,447,29,1,0,0,8,30,0,0,0,0,,0,0
1492,6,117,mesta,31,42,1,412,30,1,0,0,8,30,0,0,0,0,,0,0
1492,6,118,mesta,31,42,1,377,31,1,0,0,8,30,0,0,0,0,,0,0
1492,6,119,mesta,31,42,1,342,29,1,0,0,5,27,0,0,0,0,,0,0
1492,6,120,mesta,31,42,1,312,28,1,0,0,5,23,0,0,0,0,,0,0
1492,6,121,mesta,31,42,1,412,27,1,0,0,5,23,0,0,0,0,1,23,0
1492,6,122,mesta,31,42,1,373,26,1,0,0,5,23,0,0,0,0,,0,0
1492,6,123,mesta,31,42,1,334,25,1,0,0,5,23,0,0,0,0,,0,0
1492,6,124,mesta,31,42,1,295,24,1,0,0,5,23,0,0,0,0,,0,0
1492,6,125,mesta,31,42,1,256,24,1,0,0,6,24,0,0,0,0,,0,0
1492,6,126,mesta,31,42,1,253,24,1,0,0,6,28,0,0,0,0,,0,0
1492,6,127,mesta,31,42,1,325,23,1,0,0,6,28,0,0,0,0,1,20,0
1492,6,128,mesta,31,42,1,254,20,1,2,0,6,28,0,0,0,0,,0,0
1492,6,129,mesta,31,42,1,243,17,1,3,0,6,28,0,0,0,0,,0,0
1492,6,130,mesta,31,42,1,255,14,1,2,0,6,28,0,0,0,0,,0,0
1492,6,131,mesta,31,42,1,267,17,1,1,0,13,35,0,0,0,0,,0,0
1492,6,132,mesta,31,42,1,279,20,1,0,0,13,35,0,0,0,0,,0,0
1492,6,133,mesta,31,42,1,413,23,1,0,0,13,35,0,0,0,0,1,23,0
1492,6,134,mesta,31,42,1,342,26,1,2,0,13,35,0,0,0,0,,0,0
1492,6,135,mesta,31,44,1,322,30,1,3,0,13,35,0,0,0,0,,0,0
1492,6,136,mesta,32,46,1,320,33,1,2,0,13,35,0,0,0,0,,0,0
1492,6,137,mesta,32,46,1,327,31,1,1,0,8,30,0,0,0,0,,0,0
1492,6,138,mesta,32,46,1,339,29,1,0,0,8,30,0,0,0,0,,0,0
1492,6,139,mesta,32,46,1,499,25,1,0,0,8,30,0,0,0,0,1,24,0
1492,6,140,mesta,32,46,1,464,26,1,0,0,8,30,0,0,0,0,,0,0
1492,6,141,mesta,32,46,1,429,27,1,0,0,8,30,0,0,0,0,,0,0
1492,6,142,mesta,32,46,1,394,28,1,0,0,8,30,0,0,0,0,,0,0
1492,6,143,mesta,32,46,1,359,26,1,0,0,5,27,0,0,0,0,,0,0
1492,6,144,mesta,32,46,1,329,24,1,0,0,5,23,0,0,0,0,,0,0
1492,6,145,mesta,32,46,1,430,22,1,0,0,5,23,0,0,0,0,1,24,0
1492,6,146,mesta,32,46,1,391,20,1,0,0,5,23,0,0,0,0,,0,0
1492,6,147,mesta,32,46,1,352,18,1,0,0,5,23,0,0,0,0,,0,0
1492,6,148,mesta,32,46,1,313,16,1,0,0,5,23,0,0,0,0,,0,0
1492,6,149,mesta,32,46,1,274,15,1,0,0,6,24,0,0,0,0,,0,0
1492,6,150,mesta,32,46,1,257,14,1,0,0,6,28,0,0,0,0,,0,0
1492,6,151,mesta,32,46,1,325,13,1,0,0,6,28,0,0,0,0,1,22,0
1492,6,152,mesta,32,46,1,254,9,1,2,0,6,28,0,0,0,0,,0,0
1492,6,153,mesta,32,46,1,243,5,1,3,0,6,28,0,0,0,0,,0,0
1492,6,154,mesta,32,46,1,250,1,1,3,0,6,28,0,0,0,0,,0,0
1492,6,155,mesta,32,46,1,262,4,1,2,0,13,35,0,0,0,0,,0,0
1492,6,156,mesta,32,46,1,274,6,1,1,0,13,35,0,0,0,0,,0,0
1492,6,157,mesta,32,46,1,433,8,1,0,0,13,35,0,0,0,0,1,24,0
1492,6,158,mesta,32,46,1,387,11,1,1,0,13,35,0,0,0,0,,0,0
1492,6,159,mesta,32,46,1,341,14,1,1,0,13,35,0,0,0,0,,0,0
1492,6,160,mesta,32,46,1,321,17,1,1,0,13,35,0,0,0,0,,0,0
1492,6,161,mesta,32,46,1,328,15,1,0,0,8,30,0,0,0,0,,0,0
1492,6,162,mesta,32,46,1,340,13,1,0,0,8,30,0,0,0,0,,0,0
1492,6,163,mesta,32,46,1,495,10,1,0,0,8,30,0,0,0,0,1,24,0
1492,6,164,mesta,32,46,1,460,11,1,0,0,8,30,0,0,0,0,,0,0
1492,6,165,mesta,32,46,1,425,12,1,0,0,8,30,0,0,0,0,,0,0
1492,6,166,mesta,32,46,1,390,13,1,0,0,8,30,0,0,0,0,,0,0
1492,6,167,mesta,32,46,1,355,11,1,0,0,5,27,0,0,0,0,,0,0
1492,6,168,mesta,32,46,1,325,9,1,0,0,5,23,0,0,0,0,,0,0
1492,6,169,mesta,32,46,1,350,7,1,0,0,5,23,0,0,0,0,1,19,0
1492,6,170,mesta,31,46,1,323,7,1,0,0,5,23,1,0,0,0,,0,0
1492,6,171,mesta,30,46,1,296,7,1,0,0,5,23,1,0,0,0,,0,0
1492,6,172,mesta,29,45,1,269,7,1,0,0,5,23,1,0,0,0,,0,0
1492,6,173,mesta,29,45,1,242,7,1,0,0,6,24,0,0,0,0,,0,0
1492,6,174,mesta,29,45,1,219,7,1,0,0,6,28,0,0,0,0,,0,0
1492,6,175,mesta,29,45,1,267,7,1,0,0,6,28,0,0,0,0,1,20,0
1492,6,176,mesta,29,45,1,221,1,1,2,0,6,28,0,0,0,0,,0,0
1492,6,177,mesta,28,45,1,219,1,1,3,0,6,28,1,0,0,0,,0,0
1492,6,178,mesta,27,45,1,231,1,1,3,0,6,28,1,0,0,0,,0,0
1492,6,179,mesta,25,44,1,243,0,1,3,0,11,33,1,0,0,0,,0,0
1492,6,180,mesta,24,43,1,255,0,1,3,0,11,33,1,0,0,0,,0,0
1492,6,181,mesta,23,42,1,424,0,1,3,0,11,33,1,0,0,0,1,21,0
1492,6,182,mesta,22,41,1,385,4,1,3,0,11,33,1,0,0,0,,0,0
1492,6,183,mesta,22,41,1,350,7,1,2,0,11,33,0,0,0,0,,0,0
1492,6,184,mesta,22,41,1,315,10,1,1,0,11,33,0,0,0,0,,0,0
1492,6,185,mesta,22,41,1,322,10,1,0,0,8,30,0,0,0,0,,0,0
1492,6,186,mesta,22,41,1,334,7,1,0,0,8,30,0,0,0,0,,0,0
1492,6,187,mesta,22,41,1,454,3,1,0,0,8,30,0,0,0,0,1,24,0
1492,6,188,mesta,21,41,1,415,4,1,0,0,8,30,1,0,0,0,,0,0
1492,6,189,mesta,21,41,1,380,4,1,0,0,8,30,0,0,0,0,,0,0
1492,6,190,mesta,21,41,1,345,4,1,0,0,8,30,0,0,0,0,,0,0
1492,6,191,mesta,20,41,1,307,4,1,0,0,5,27,1,0,0,0,,0,0
1492,6,192,mesta,19,41,1,277,4,1,0,0,5,23,1,0,0,0,,0,0
1492,6,193,mesta,18,40,1,374,4,1,0,0,5,23,1,0,0,0,1,22,0
1492,6,194,mesta,16,39,1,335,4,1,0,0,5,23,1,0,0,0,,0,0
1492,6,195,mesta,15,38,1,295,4,1,0,0,5,22,1,0,0,0,,0,0
1492,6,196,mesta,14,37,1,253,4,1,0,0,5,22,1,0,0,0,,0,0
1492,6,197,mesta,13,36,1,231,4,1,0,0,6,23,1,0,0,0,,0,0
1492,6,198,mesta,12,35,1,241,4,1,0,0,6,26,1,0,0,0,,0,0
1492,6,199,mesta,12,35,1,311,0,1,0,0,6,25,0,0,0,0,1,20,0
1492,6,200,mesta,11,35,1,238,1,1,2,0,6,25,1,0,0,0,,0,0
1492,6,1,monjes,46,116,1,30,56,0,0,0,18,42,0,0,0,0,1,5,0
1492,6,2,monjes,46,116,1,37,40,0,0,0,18,29,0,0,0,0,,0,0
1492,6,3,monjes,46,116,1,44,24,0,0,0,18,29,0,1,0,0,,0,0
1492,6,4,monjes,46,116,1,51,20,0,0,0,27,38,0,0,0,0,,0,0
1492,6,5,monjes,46,116,1,58,33,0,0,0,45,56,0,1,0,0,,0,0
1492,6,6,monjes,46,116,1,84,48,0,0,0,45,75,0,0,0,0,,0,0
1492,6,7,monjes,46,116,1,88,62,0,0,0,45,75,0,0,0,0,1,5,0
1492,6,8,monjes,46,116,1,114,79,0,0,0,45,75,0,0,0,0,,0,0
1492,6,9,monjes,61,116,1,140,92,0,0,0,45,75,0,0,0,1,,0,0
1492,6,10,monjes,61,116,1,166,104,0,0,0,45,75,0,0,0,1,,0,0
1492,6,11,monjes,61,116,1,192,142,0,0,0,72,102,0,0,0,1,,0,0
1492,6,12,monjes,61,116,1,218,178,0,0,0,72,102,0,0,0,1,,0,0
1492,6,13,monjes,60,112,1,130,203,0,0,0,72,102,0,0,0,1,1,8,0
1492,6,14,monjes,60,112,1,99,238,0,2,0,72,95,0,0,0,1,,0,0
1492,6,15,monjes,60,112,1,119,271,0,2,0,72,95,0,0,0,1,,0,0
1492,6,16,monjes,60,112,1,139,303,0,2,0,72,95,0,0,0,1,,0,0
1492,6,17,monjes,60,112,1,159,308,0,2,0,45,68,0,0,0,1,,0,0
1492,6,18,monjes,60,112,1,179,312,0,2,0,45,68,0,0,0,1,,0,0
1492,6,19,monjes,59,108,1,175,298,0,2,0,45,68,0,0,0,1,1,26,0
1492,6,20,monjes,72,108,1,143,301,0,2,0,45,67,0,0,0,2,,0,0
1492,6,21,monjes,72,108,1,147,299,0,2,0,45,67,0,0,0,2,,0,0
1492,6,22,monjes,72,108,1,166,289,0,2,0,45,67,0,0,0,2,,0,0
1492,6,23,monjes,75,108,1,185,268,0,2,0,27,49,0,0,0,2,,0,0
1492,6,24,monjes,75,108,1,197,248,0,2,0,27,42,0,0,0,2,,0,0
1492,6,25,monjes,74,104,1,257,214,0,2,0,27,42,0,0,0,2,1,21,0
1492,6,26,monjes,74,104,1,218,204,0,2,0,27,42,0,0,0,2,,0,0
1492,6,27,monjes,74,104,1,201,191,0,2,0,27,42,0,0,0,2,,0,0
1492,6,28,monjes,74,104,1,213,175,0,2,0,27,42,0,0,0,2,,0,0
1492,6,29,monjes,74,104,1,225,160,0,2,0,28,43,0,0,0,2,,0,0
1492,6,30,monjes,74,104,1,244,146,0,2,0,28,50,0,0,0,2,,0,0
1492,6,31,monjes,74,104,1,326,136,0,2,0,28,50,0,0,0,2,1,22,0
1492,6,32,monjes,77,104,1,292,140,0,2,0,28,50,0,0,0,2,,0,0
1492,6,33,monjes,77,104,1,258,144,0,2,0,28,50,0,0,0,2,,0,0
1492,6,34,monjes,77,104,1,254,137,0,2,0,28,50,0,0,0,2,,0,0
1492,6,35,monjes,77,104,1,273,183,0,2,0,72,94,0,0,0,2,,0,0
1492,6,36,monjes,77,104,1,292,220,0,2,0,72,94,0,0,0,2,,0,0
1492,6,37,monjes,80,104,1,298,243,0,0,0,72,94,0,0,0,2,1,19,0
1492,6,38,monjes,80,104,1,247,275,0,0,0,72,94,0,0,0,2,,0,0
1492,6,39,monjes,80,104,1,196,306,0,0,0,72,94,0,0,0,2,,0,0
1492,6,40,monjes,80,104,1,195,330,0,0,0,72,94,0,0,0,2,,0,0
1492,6,41,monjes,80,104,1,214,336,0,0,0,49,71,0,0,0,2,,0,0
1492,6,42,monjes,80,104,1,233,345,0,0,0,49,71,0,0,0,2,,0,0
1492,6,43,monjes,80,103,1,299,350,0,0,0,49,71,0,0,0,2,1,24,0
1492,6,44,monjes,80,103,1,248,357,0,0,0,49,71,0,0,0,2,,0,0
1492,6,45,monjes,121,109,2,237,359,0,0,0,49,71,0,0,0,3,,0,0
1492,6,46,monjes,122,110,2,252,356,0,0,0,49,71,0,0,0,3,,0,0
1492,6,47,monjes,122,111,2,267,332,0,0,0,27,49,0,0,0,3,,0,0
1492,6,48,monjes,122,111,2,275,309,0,0,0,27,42,0,0,0,3,,0,0
1492,6,49,monjes,120,103,2,311,268,0,0,0,27,42,0,0,0,3,1,25,0
1492,6,50,monjes,120,103,2,248,255,0,0,0,27,41,0,0,0,3,,0,0
1492,6,51,monjes,222,110,3,185,242,0,0,0,27,41,0,1,0,4,,0,0
1492,6,52,monjes,222,112,3,187,228,0,0,0,32,46,0,0,0,4,,0,0
1492,6,53,monjes,222,114,3,189,226,0,0,0,45,59,0,0,0,4,,0,0
1492,6,54,monjes,223,116,3,197,225,0,0,0,46,66,0,0,0,4,,0,0
1492,6,55,monjes,223,118,3,244,217,0,0,0,48,68,0,0,0,4,1,22,0
1492,6,56,monjes,224,120,3,198,232,0,2,0,60,81,0,1,0,4,,0,0
1492,6,57,monjes,227,122,3,198,254,0,3,0,72,94,0,0,0,4,,0,0
1492,6,58,monjes,227,124,3,208,277,0,3,0,72,94,0,1,0,4,,0,0
1492,6,59,monjes,228,126,3,218,371,0,3,0,140,164,0,0,0,4,,0,0
1492,6,60,monjes,228,128,3,228,460,0,3,0,141,166,0,1,0,4,,0,0
1492,6,61,monjes,229,130,3,243,546,0,3,0,143,168,0,0,0,4,1,15,0
1492,6,62,monjes,229,132,3,183,628,0,3,0,145,170,0,1,0,4,,0,0
1492,6,63,monjes,229,134,3,173,701,0,3,0,143,167,0,0,0,4,,0,0
1492,6,64,monjes,230,136,3,183,771,0,3,0,145,169,0,0,0,4,,0,0
1492,6,65,monjes,230,138,3,193,787,0,3,0,93,117,0,0,0,4,,0,0
1492,6,66,monjes,231,140,3,204,804,0,3,0,94,119,0,0,0,4,,0,0
1492,6,67,monjes,230,137,3,245,773,0,3,0,95,122,0,0,0,4,1,23,0
1492,6,68,monjes,230,139,3,186,790,0,3,0,91,116,0,0,0,4,,0,0
1492,6,69,monjes,261,177,4,197,805,0,3,0,92,117,0,0,0,4,,0,0
1492,6,70,monjes,262,180,4,205,810,0,3,0,93,124,0,0,0,4,,0,0
1492,6,71,monjes,263,189,4,214,781,0,3,0,58,90,0,0,0,4,,0,0
1492,6,72,monjes,264,193,4,219,753,0,3,0,60,89,0,0,0,4,,0,0
1492,6,73,monjes,264,192,4,240,676,0,3,0,60,89,0,0,0,4,1,34,0
1492,6,74,monjes,268,196,4,165,656,0,3,0,60,86,0,0,0,4,,0,0
1492,6,75,monjes,298,246,5,160,630,0,3,0,62,88,0,1,0,4,,0,0
1492,6,76,monjes,300,257,5,166,587,0,3,0,68,104,0,1,0,4,,0,0
1492,6,77,monjes,301,263,5,157,578,0,3,0,89,131,0,0,0,4,,0,0
1492,6,78,monjes,305,268,5,171,566,0,3,0,89,139,0,1,0,4,,0,0
1492,6,79,monjes,305,269,5,203,515,0,3,0,95,149,0,0,0,4,1,30,0
1492,6,80,monjes,307,275,5,169,514,0,3,0,95,144,0,1,0,4,,0,0
1492,6,81,monjes,339,337,6,185,518,0,3,0,105,154,0,1,0,4,,0,0
1492,6,82,monjes,340,344,6,193,506,0,3,0,105,173,0,0,0,4,,0,0
1492,6,83,monjes,341,347,6,218,580,0,3,0,196,266,0,1,0,4,,0,0
1492,6,84,monjes,342,352,6,244,658,0,3,0,203,274,0,1,0,4,,0,0
1492,6,85,monjes,343,357,6,324,726,0,0,0,203,274,0,0,0,4,1,37,0
1492,6,86,monjes,344,362,6,266,802,0,0,0,203,270,0,1,0,4,,0,0
1492,6,87,monjes,345,367,6,240,871,0,0,0,203,270,0,1,0,4,,0,0
1492,6,88,monjes,349,373,6,251,951,0,0,0,223,292,0,1,0,4,,0,0
1492,6,89,monjes,350,379,6,277,951,0,0,0,145,217,0,1,0,4,,0,0
1492,6,90,monjes,352,385,6,303,957,0,0,0,152,224,0,1,0,4,,0,0
1492,6,91,monjes,354,395,6,404,967,0,0,0,152,226,0,0,0,4,1,20,0
1492,6,92,monjes,356,405,6,364,976,0,0,0,152,228,0,1,0,4,,0,0
1492,6,93,monjes,358,416,6,325,972,0,0,0,152,229,0,1,0,4,,0,0
1492,6,94,monjes,381,433,7,327,971,0,0,0,152,230,0,1,0,4,,0,0
1492,6,95,monjes,381,433,7,353,917,0,0,0,102,180,0,0,0,4,,0,0
1492,6,96,monjes,381,433,7,373,863,0,0,0,102,174,0,0,0,4,,0,0
1492,6,97,monjes,380,429,7,426,809,0,0,0,102,174,0,1,0,4,1,27,0
1492,6,98,monjes,383,429,7,376,765,0,0,0,102,174,0,0,0,4,,0,0
1492,6,99,monjes,383,429,7,326,721,0,0,0,102,174,0,2,0,4,,0,0
1492,6,100,monjes,383,429,7,264,683,0,0,0,102,177,0,1,0,4,,0,0
1492,6,101,monjes,386,444,7,254,668,0,0,0,129,204,0,0,0,4,,0,0
1492,6,102,monjes,390,461,7,284,645,0,0,0,129,215,0,2,0,4,,0,0
1492,6,103,monjes,392,473,7,377,627,0,0,0,134,220,0,1,0,4,1,26,0
1492,6,104,monjes,396,490,7,325,610,0,2,0,131,217,0,1,0,4,,0,0
1492,6,105,monjes,420,513,8,310,589,0,4,0,132,219,0,1,0,4,,0,0
1492,6,106,monjes,424,531,8,326,561,0,4,0,132,223,0,1,0,4,,0,0
1492,6,107,monjes,428,551,8,352,632,0,4,0,237,328,0,0,0,4,,0,0
1492,6,108,monjes,432,572,8,387,695,0,4,0,238,334,0,0,0,4,,0,0
1492,6,109,monjes,437,599,8,532,757,0,4,0,239,338,0,0,0,4,1,28,0
1492,6,110,monjes,442,621,8,523,815,0,4,0,241,336,0,1,0,4,,0,0
1492,6,111,monjes,445,639,8,506,883,0,4,0,258,356,0,0,0,4,,0,0
1492,6,112,monjes,449,658,8,501,943,0,4,0,259,359,0,1,0,4,,0,0
1492,6,113,monjes,453,677,8,498,913,0,4,0,170,276,0,0,0,4,,0,0
1492,6,114,monjes,455,687,8,497,880,0,4,0,171,280,0,0,0,4,,0,0
1492,6,115,monjes,454,683,8,545,837,0,4,0,171,282,0,0,0,4,1,31,0
1492,6,116,monjes,455,687,8,546,798,0,4,0,171,282,0,4,0,4,,0,0
1492,6,117,monjes,459,708,8,535,807,0,4,0,212,321,0,0,0,4,,0,0
1492,6,118,monjes,464,731,8,540,810,0,4,0,214,327,0,1,0,4,,0,0
1492,6,119,monjes,464,731,8,535,740,0,4,0,141,256,0,0,0,4,,0,0
1492,6,120,monjes,464,731,8,536,671,0,4,0,141,250,0,0,0,4,,0,0
1492,6,121,monjes,464,731,8,601,589,0,4,0,141,250,0,1,0,4,1,36,0
1492,6,122,monjes,464,731,8,602,528,0,4,0,141,249,0,0,0,4,,0,0
1492,6,123,monjes,467,731,8,603,467,0,4,0,141,249,0,0,0,4,,0,0
1492,6,124,monjes,467,731,8,604,409,0,4,0,141,249,0,1,0,4,,0,0
1492,6,125,monjes,467,731,8,605,394,0,4,0,182,290,0,0,0,4,,0,0
1492,6,126,monjes,467,731,8,612,380,0,4,0,182,296,0,0,0,4,,0,0
1492,6,127,monjes,467,731,8,677,351,0,4,0,182,296,0,0,0,4,1,25,0
1492,6,128,monjes,467,731,8,684,338,0,4,0,182,296,0,0,0,4,,0,0
1492,6,129,monjes,467,731,8,691,326,0,4,0,182,296,0,0,0,4,,0,0
1492,6,130,monjes,470,731,8,698,314,0,4,0,182,296,0,0,0,4,,0,0
1492,6,131,monjes,474,754,8,705,449,0,4,0,334,448,0,0,0,4,,0,0
1492,6,132,monjes,478,774,8,713,577,0,4,0,338,454,0,0,0,4,,0,0
1492,6,133,monjes,482,792,8,804,658,0,4,0,340,459,0,0,0,4,1,25,0
1492,6,134,monjes,485,805,8,819,773,0,4,0,344,467,0,0,0,4,,0,0
1492,6,135,monjes,518,870,9,837,884,0,4,0,347,474,0,0,0,4,,0,0
1492,6,136,monjes,520,880,9,856,978,0,4,0,350,486,0,0,0,4,,0,0
1492,6,137,monjes,521,888,9,876,951,0,4,0,231,368,0,0,0,4,,0,0
1492,6,138,monjes,522,890,9,898,925,0,4,0,233,372,0,0,0,4,,0,0
1492,6,139,monjes,523,896,9,1016,903,0,4,0,235,374,0,0,0,4,1,32,0
1492,6,140,monjes,523,898,9,1037,878,0,4,0,238,374,0,2,0,4,,0,0
1492,6,141,monjes,524,900,9,1043,871,0,4,0,252,392,0,0,0,4,,0,0
1492,6,142,monjes,525,905,9,1064,861,0,4,0,253,394,0,2,0,4,,0,0
1492,6,143,monjes,525,905,9,1085,775,0,4,0,171,312,0,0,0,4,,0,0
1492,6,144,monjes,525,905,9,1100,689,0,4,0,171,306,0,0,0,4,,0,0
1492,6,145,monjes,524,901,9,1153,597,0,4,0,171,306,0,2,0,4,1,26,0
1492,6,146,monjes,524,901,9,1168,523,0,4,0,171,306,0,0,0,4,,0,0
1492,6,147,monjes,524,901,9,1183,452,0,4,0,171,306,0,0,0,4,,0,0
1492,6,148,monjes,524,901,9,1198,384,0,4,0,171,306,0,0,0,4,,0,0
1492,6,149,monjes,524,901,9,1213,365,0,4,0,220,355,0,0,0,4,,0,0
1492,6,150,monjes,525,909,9,1233,387,0,4,0,262,402,0,0,0,4,,0,0
1492,6,151,monjes,526,914,9,1312,409,0,4,0,265,407,0,0,0,4,1,26,0
1492,6,152,monjes,527,919,9,1334,404,0,4,0,238,381,0,0,0,4,,0,0
1492,6,153,monjes,528,924,9,1357,399,0,4,0,239,383,0,0,0,4,,0,0
1492,6,154,monjes,529,929,9,1380,393,0,4,0,240,384,0,0,0,4,,0,0
1492,6,155,monjes,530,934,9,1403,587,0,4,0,449,593,0,0,0,4,,0,0
1492,6,156,monjes,532,940,9,1428,696,0,4,0,369,516,0,0,0,4,,0,0
1492,6,157,monjes,533,946,9,1433,789,0,2,0,371,518,0,0,0,4,1,30,0
1492,6,158,monjes,534,952,9,1479,891,0,2,0,372,519,0,0,0,4,,0,0
1492,6,159,monjes,535,958,9,1526,988,0,2,0,374,522,0,0,0,4,,0,0
1492,6,160,monjes,536,964,9,1573,1082,0,2,0,375,523,0,0,0,4,,0,0
1492,6,161,monjes,538,972,9,1623,1047,0,2,0,247,398,0,0,0,4,,0,0
1492,6,162,monjes,543,981,9,1675,1012,0,2,0,248,402,0,0,0,4,,0,0
1492,6,163,monjes,544,985,9,1734,971,0,2,0,248,403,0,0,0,4,1,28,0
1492,6,164,monjes,544,985,9,1761,933,0,2,0,247,399,0,0,0,4,,0,0
1492,6,165,monjes,544,985,9,1788,896,0,2,0,247,399,0,0,0,4,,0,0
1492,6,166,monjes,564,989,10,1815,861,0,2,0,247,399,0,0,0,4,,0,0
1492,6,167,monjes,564,989,10,1834,732,0,2,0,160,312,0,0,0,4,,0,0
1492,6,168,monjes,564,989,10,1847,619,0,2,0,160,306,0,0,0,4,,0,0
1492,6,169,monjes,564,989,10,1904,510,0,2,0,160,306,0,0,0,4,1,29,0
1492,6,170,monjes,564,989,10,1916,404,0,2,0,160,306,0,0,0,4,,0,0
1492,6,171,monjes,564,989,10,1929,302,0,2,0,160,306,0,1,0,4,,0,0
1492,6,172,monjes,564,989,10,1927,210,0,2,0,164,310,0,0,0,4,,0,0
1492,6,173,monjes,564,989,10,1938,165,0,2,0,211,357,0,0,0,4,,0,0
1492,6,174,monjes,564,989,10,1955,121,0,2,0,211,363,0,1,0,4,,0,0
1492,6,175,monjes,567,989,10,2020,85,0,0,0,210,362,0,0,0,4,1,19,0
1492,6,176,monjes,567,989,10,2026,52,0,0,0,210,362,0,0,0,4,,0,0
1492,6,177,monjes,567,989,10,2037,20,0,0,0,210,362,0,0,0,4,,0,0
1492,6,178,monjes,566,989,10,2044,7,0,0,0,210,362,1,0,0,4,,0,0
1492,6,179,monjes,568,998,10,2051,144,0,0,0,384,536,0,0,0,4,,0,0
1492,6,180,monjes,570,1009,10,2062,276,0,0,0,387,544,0,0,0,4,,0,0
1492,6,181,monjes,573,1020,10,2097,360,0,0,0,389,547,0,0,0,4,1,32,0
1492,6,182,monjes,575,1031,10,2078,469,0,2,0,390,549,0,1,0,4,,0,0
1492,6,183,monjes,608,1099,11,2058,577,0,4,0,394,553,0,0,0,4,,0,0
1492,6,184,monjes,611,1111,11,2037,668,0,6,0,397,566,0,0,0,4,,0,0
1492,6,185,monjes,611,1111,11,2015,622,0,8,0,262,434,0,0,0,4,,0,0
1492,6,186,monjes,611,1111,11,1993,578,0,10,0,262,434,0,0,0,4,,0,0
1492,6,187,monjes,612,1115,11,2144,537,0,12,0,262,434,0,0,0,4,1,33,0
1492,6,188,monjes,612,1115,11,2170,506,0,1,0,262,432,0,2,0,4,,0,0
1492,6,189,monjes,612,1115,11,2168,487,0,1,0,280,450,0,0,0,4,,0,0
1492,6,190,monjes,612,1115,11,2189,465,0,1,0,280,450,0,2,0,4,,0,0
1492,6,191,monjes,612,1115,11,2183,362,0,1,0,191,361,0,0,0,4,,0,0
1492,6,192,monjes,612,1115,11,2201,260,0,1,0,191,355,0,0,0,4,,0,0
1492,6,193,monjes,612,1115,11,2276,162,0,1,0,191,355,0,2,0,4,1,25,0
1492,6,194,monjes,612,1115,11,2293,81,0,1,0,201,365,0,0,0,4,,0,0
1492,6,195,monjes,612,1115,11,2310,3,0,0,0,201,365,0,0,0,4,,0,0
1492,6,196,monjes,611,1115,11,2327,1,0,0,0,201,365,1,0,0,4,,0,0
1492,6,197,monjes,610,1115,11,2342,1,0,0,0,256,420,1,0,0,4,,0,0
1492,6,198,monjes,763,1087,11,2362,1,0,0,0,256,426,1,1,1,5,,0,0
1492,6,199,monjes,756,1059,11,2442,4,0,0,0,255,417,1,0,0,5,1,24,0
1492,6,200,monjes,750,1031,11,2408,4,0,2,0,253,415,1,0,0,5,,0,0
1492,6,1,salineros,36,66,1,50,70,0,6,0,17,31,0,0,0,0,1,6,0
1492,6,2,salineros,36,66,1,52,67,0,2,0,17,23,0,0,0,0,,0,0
1492,6,3,salineros,36,69,1,54,64,0,0,0,17,23,0,2,0,0,,0,0
1492,6,4,salineros,36,69,1,56,51,0,0,0,4,10,0,0,0,0,,0,0
1492,6,5,salineros,36,69,1,58,40,0,0,0,6,12,0,0,0,0,,0,0
1492,6,6,salineros,36,69,1,66,29,0,0,0,6,18,0,0,0,0,,0,0
1492,6,7,salineros,36,69,1,74,18,0,0,0,6,18,0,0,0,0,1,0,1
1492,6,8,salineros,36,69,1,82,7,0,0,0,6,18,0,0,0,0,,0,0
1492,6,9,salineros,35,69,1,90,0,0,0,0,6,18,1,0,0,0,,0,0
1492,6,10,salineros,34,69,1,98,0,0,0,0,6,18,1,0,0,0,,0,0
1492,6,11,salineros,33,67,1,106,0,0,0,0,12,24,1,0,0,0,,0,0
1492,6,12,salineros,32,65,1,114,0,0,0,0,12,24,1,0,0,0,,0,0
1492,6,13,salineros,30,64,1,122,0,0,0,0,12,24,1,0,0,0,1,1,0
1492,6,14,salineros,29,63,1,130,0,0,0,0,12,24,1,0,0,0,,0,0
1492,6,15,salineros,28,62,1,138,0,0,0,0,11,23,1,0,0,0,,0,0
1492,6,16,salineros,27,61,1,146,0,0,0,0,11,23,1,0,0,0,,0,0
1492,6,17,salineros,26,60,1,154,0,0,0,0,6,18,1,0,0,0,,0,0
1492,6,18,salineros,24,59,1,162,0,0,0,0,6,18,1,0,0,0,,0,0
1492,6,19,salineros,23,58,1,168,0,0,0,0,4,14,1,0,0,0,1,1,0
1492,6,20,salineros,22,57,1,168,0,0,0,0,4,7,1,0,0,0,,0,0
1492,6,21,salineros,21,56,1,168,0,0,0,0,4,7,1,0,0,0,,0,0
1492,6,22,salineros,20,55,1,168,0,0,0,0,4,7,1,0,0,0,,0,0
1492,6,23,salineros,18,54,1,168,0,0,0,0,2,5,1,0,0,0,,0,0
1492,6,24,salineros,17,53,1,168,0,0,0,0,2,5,1,0,0,0,,0,0
1492,6,25,salineros,16,52,1,168,0,0,0,0,2,5,1,0,0,0,1,0,1
1492,6,26,salineros,15,51,1,168,0,0,0,0,2,5,1,0,0,0,,0,0
1492,6,27,salineros,14,50,1,168,0,0,0,0,2,5,1,0,0,0,,0,0
1492,6,28,salineros,12,49,1,168,0,0,0,0,2,5,1,0,0,0,,0,0
1492,6,29,salineros,11,48,1,167,0,0,0,0,3,5,1,0,0,0,,0,0
1492,6,30,salineros,10,47,1,169,0,0,0,0,3,8,1,0,0,0,,0,0
1492,6,31,salineros,9,46,1,171,0,0,0,0,3,8,1,0,0,0,1,1,0
1492,6,32,salineros,8,45,1,170,0,0,0,0,3,5,1,0,0,0,,0,0
1492,6,33,salineros,6,44,1,169,0,0,0,0,3,5,1,0,0,0,,0,0
1492,6,34,salineros,5,43,1,168,0,0,0,0,3,5,1,0,0,0,,0,0
1492,6,35,salineros,4,42,1,167,0,0,0,0,7,9,1,0,0,0,,0,0
1492,6,36,salineros,3,41,1,166,0,0,0,0,7,9,1,0,0,0,,0,0
1492,6,37,salineros,2,40,1,165,0,0,0,0,7,9,1,0,0,0,1,0,1
1492,6,38,salineros,0,39,1,164,0,0,0,0,7,9,1,0,0,0,,0,0
1492,6,39,salineros,-1,38,1,163,0,0,0,0,7,9,1,0,0,0,,0,0
1492,6,40,salineros,-2,37,1,162,0,0,0,0,7,9,1,0,0,0,,0,0
1492,6,41,salineros,-3,36,1,161,0,0,0,0,4,6,1,0,0,0,,0,0
1492,6,42,salineros,-4,35,1,160,0,0,0,0,4,6,1,0,0,0,,0,0
1492,6,43,salineros,-6,34,1,159,0,0,0,0,4,6,1,0,0,0,1,0,1
1492,6,44,salineros,-7,33,1,158,0,0,0,0,4,6,1,0,0,0,,0,0
1492,6,45,salineros,-8,32,1,157,0,0,0,0,4,6,1,0,0,0,,0,0
1492,6,46,salineros,-9,31,1,156,0,0,0,0,4,6,1,0,0,0,,0,0
1492,6,47,salineros,-10,30,1,155,0,0,0,0,2,4,1,0,0,0,,0,0
1492,6,48,salineros,-12,29,1,154,0,0,0,0,2,4,1,0,0,0,,0,0
1492,6,49,salineros,-13,28,1,152,0,0,0,0,3,4,1,0,0,0,1,0,1
1492,6,50,salineros,-14,27,1,150,0,0,0,0,3,4,1,0,0,0,,0,0
1492,6,51,salineros,-15,26,1,148,0,0,0,0,3,4,1,0,0,0,,0,0
1492,6,52,salineros,-16,25,1,146,0,0,0,0,3,4,1,0,0,0,,0,0
1492,6,53,salineros,-18,24,1,144,0,0,0,0,3,4,1,0,0,0,,0,0
1492,6,54,salineros,-19,23,1,143,0,0,0,0,3,5,1,0,0,0,,0,0
1492,6,55,salineros,-20,22,1,142,0,0,0,0,3,5,1,0,0,0,1,1,0
1492,6,56,salineros,-21,21,1,140,0,0,0,0,3,4,1,0,0,0,,0,0
1492,6,57,salineros,-22,20,1,138,0,0,0,0,3,4,1,0,0,0,,0,0
1492,6,58,salineros,-24,19,1,136,0,0,0,0,3,4,1,0,0,0,,0,0
1492,6,59,salineros,-24,19,1,133,3,0,0,0,7,7,0,0,0,0,,0,0
1492,6,60,salineros,-24,19,1,130,6,0,0,0,7,7,0,0,0,0,,0,0
1492,6,61,salineros,-24,19,1,127,9,0,0,0,7,7,0,0,0,0,1,0,1
1492,6,62,salineros,-24,19,1,124,12,0,0,0,7,7,0,0,0,0,,0,0
1492,6,63,salineros,-24,19,1,121,14,0,0,0,6,6,0,0,0,0,,0,0
1492,6,64,salineros,-24,19,1,118,16,0,0,0,6,6,0,0,0,0,,0,0
1492,6,65,salineros,-24,19,1,115,16,0,0,0,4,4,0,0,0,0,,0,0
1492,6,66,salineros,-24,19,1,112,16,0,0,0,4,4,0,0,0,0,,0,0
1492,6,67,salineros,-24,19,1,109,16,0,0,0,4,4,0,0,0,0,1,0,1
1492,6,68,salineros,-24,19,1,106,17,0,0,0,5,5,0,0,0,0,,0,0
1492,6,69,salineros,-24,19,1,103,20,0,0,0,7,7,0,0,0,0,,0,0
1492,6,70,salineros,-24,19,1,100,23,0,0,0,7,7,0,0,0,0,,0,0
1492,6,71,salineros,-24,19,1,97,24,0,0,0,5,5,0,0,0,0,,0,0
1492,6,72,salineros,-24,19,1,94,25,0,0,0,5,5,0,0,0,0,,0,0
1492,6,73,salineros,-24,19,1,91,25,0,0,0,4,4,0,0,0,0,1,0,1
1492,6,74,salineros,-24,19,1,88,25,0,0,0,4,4,0,0,0,0,,0,0
1492,6,75,salineros,-24,19,1,85,25,0,0,0,4,4,0,0,0,0,,0,0
1492,6,76,salineros,-24,19,1,82,25,0,0,0,4,4,0,0,0,0,,0,0
1492,6,77,salineros,-24,19,1,79,27,0,0,0,6,6,0,0,0,0,,0,0
1492,6,78,salineros,-24,19,1,77,29,0,0,0,6,7,0,0,0,0,,0,0
1492,6,79,salineros,-23,20,1,75,31,0,0,0,6,7,0,0,0,0,1,0,1
1492,6,80,salineros,-23,21,1,74,32,0,0,0,6,8,0,0,0,0,,0,0
1492,6,81,salineros,-23,22,1,73,33,0,0,0,6,8,0,0,0,0,,0,0
1492,6,82,salineros,-23,23,1,72,34,0,0,0,6,8,0,0,0,0,,0,0
1492,6,83,salineros,-23,24,1,71,41,0,0,0,12,14,0,0,0,0,,0,0
1492,6,84,salineros,-22,25,1,70,47,0,0,0,12,14,0,0,0,0,,0,0
1492,6,85,salineros,-22,26,1,69,53,0,0,0,12,14,0,0,0,0,1,0,1
1492,6,86,salineros,-22,27,1,68,59,0,0,0,12,14,0,0,0,0,,0,0
1492,6,87,salineros,-22,28,1,67,65,0,0,0,12,14,0,0,0,0,,0,0
1492,6,88,salineros,-22,29,1,66,70,0,0,0,12,14,0,0,0,0,,0,0
1492,6,89,salineros,-6,30,1,65,71,0,0,0,8,10,0,0,0,1,,0,0
1492,6,90,salineros,-6,31,1,66,72,0,0,0,8,12,0,0,0,1,,0,0
1492,6,91,salineros,-6,32,1,67,73,0,0,0,8,12,0,0,0,1,1,0,1
1492,6,92,salineros,-6,33,1,68,73,0,0,0,8,12,0,0,0,1,,0,0
1492,6,93,salineros,-6,34,1,69,73,0,0,0,8,12,0,0,0,1,,0,0
1492,6,94,salineros,-5,35,1,70,73,0,0,0,8,12,0,0,0,1,,0,0
1492,6,95,salineros,-5,35,1,71,69,0,0,0,4,8,0,0,0,1,,0,0
1492,6,96,salineros,-5,35,1,70,65,0,0,0,4,6,0,0,0,1,,0,0
1492,6,97,salineros,-5,35,1,69,61,0,0,0,4,6,0,0,0,1,1,0,1
1492,6,98,salineros,-5,35,1,68,57,0,0,0,4,6,0,0,0,1,,0,0
1492,6,99,salineros,-5,35,1,67,53,0,0,0,4,6,0,0,0,1,,0,0
1492,6,100,salineros,-5,35,1,66,49,0,0,0,4,6,0,0,0,1,,0,0
1492,6,101,salineros,-5,35,1,65,47,0,0,0,6,8,0,0,0,1,,0,0
1492,6,102,salineros,-5,35,1,66,45,0,0,0,6,10,0,0,0,1,,0,0
1492,6,103,salineros,-5,35,1,67,43,0,0,0,6,10,0,0,0,1,1,0,1
1492,6,104,salineros,-5,35,1,68,41,0,0,0,6,10,0,0,0,1,,0,0
1492,6,105,salineros,-5,35,1,69,39,0,0,0,6,10,0,0,0,1,,0,0
1492,6,106,salineros,-5,35,1,70,37,0,0,0,6,10,0,0,0,1,,0,0
1492,6,107,salineros,-5,36,1,71,41,0,0,0,12,16,0,0,0,1,,0,0
1492,6,108,salineros,-5,37,1,72,44,0,0,0,12,16,0,0,0,1,,0,0
1492,6,109,salineros,-5,38,1,73,47,0,0,0,12,16,0,0,0,1,1,0,1
1492,6,110,salineros,-5,39,1,74,50,0,0,0,12,16,0,0,0,1,,0,0
1492,6,111,salineros,-4,40,1,75,53,0,0,0,12,16,0,0,0,1,,0,0
1492,6,112,salineros,-4,42,1,77,55,0,0,0,12,17,0,0,0,1,,0,0
1492,6,113,salineros,-4,42,1,79,53,0,0,0,8,13,0,0,0,1,,0,0
1492,6,114,salineros,-4,42,1,81,51,0,0,0,8,13,0,0,0,1,,0,0
1492,6,115,salineros,-5,38,1,63,39,0,0,0,8,13,0,0,0,1,1,1,0
1492,6,116,salineros,-5,38,1,64,38,0,0,0,8,12,0,0,0,1,,0,0
1492,6,117,salineros,-5,38,1,65,37,0,0,0,8,12,0,0,0,1,,0,0
1492,6,118,salineros,-5,38,1,66,36,0,0,0,8,12,0,0,0,1,,0,0
1492,6,119,salineros,-5,38,1,67,31,0,0,0,4,8,0,0,0,1,,0,0
1492,6,120,salineros,-5,38,1,66,26,0,0,0,4,6,0,0,0,1,,0,0
1492,6,121,salineros,-5,38,1,65,11,0,0,0,4,6,0,0,0,1,1,5,0
1492,6,122,salineros,8,38,1,64,6,0,0,0,4,6,0,0,0,2,,0,0
1492,6,123,salineros,8,38,1,63,1,0,0,0,4,6,0,0,0,2,,0,0
1492,6,124,salineros,7,38,1,62,0,0,0,0,4,6,1,0,0,2,,0,0
1492,6,125,salineros,6,38,1,61,0,0,0,0,6,8,1,0,0,2,,0,0
1492,6,126,salineros,5,37,1,62,0,0,0,0,6,10,1,0,0,2,,0,0
1492,6,127,salineros,4,36,1,63,0,0,0,0,6,10,1,0,0,2,1,0,1
1492,6,128,salineros,3,35,1,64,0,0,0,0,6,10,1,0,0,2,,0,0
1492,6,129,salineros,1,34,1,65,0,0,0,0,6,10,1,0,0,2,,0,0
1492,6,130,salineros,0,33,1,66,0,0,0,0,6,10,1,0,0,2,,0,0
1492,6,131,salineros,0,33,1,67,3,0,0,0,11,15,0,0,0,2,,0,0
1492,6,132,salineros,0,33,1,68,6,0,0,0,11,15,0,0,0,2,,0,0
1492,6,133,salineros,0,33,1,69,9,0,0,0,11,15,0,0,0,2,1,0,1
1492,6,134,salineros,0,33,1,70,12,0,0,0,11,15,0,0,0,2,,0,0
1492,6,135,salineros,0,33,1,71,16,0,0,0,12,16,0,0,0,2,,0,0
1492,6,136,salineros,0,33,1,72,20,0,0,0,12,16,0,0,0,2,,0,0
1492,6,137,salineros,0,33,1,73,20,0,0,0,8,12,0,0,0,2,,0,0
1492,6,138,salineros,0,33,1,74,20,0,0,0,8,12,0,0,0,2,,0,0
1492,6,139,salineros,0,33,1,75,20,0,0,0,8,12,0,0,0,2,1,0,1
1492,6,140,salineros,0,33,1,76,20,0,0,0,8,12,0,0,0,2,,0,0
1492,6,141,salineros,0,33,1,77,20,0,0,0,8,12,0,0,0,2,,0,0
1492,6,142,salineros,0,33,1,78,20,0,0,0,8,12,0,0,0,2,,0,0
1492,6,143,salineros,0,33,1,79,16,0,0,0,4,8,0,0,0,2,,0,0
1492,6,144,salineros,0,33,1,78,12,0,0,0,4,6,0,0,0,2,,0,0
1492,6,145,salineros,0,33,1,77,8,0,0,0,4,6,0,0,0,2,1,0,1
1492,6,146,salineros,0,33,1,76,4,0,0,0,4,6,0,0,0,2,,0,0
1492,6,147,salineros,0,33,1,75,0,0,0,0,4,6,0,0,0,2,,0,0
1492,6,148,salineros,-1,33,1,74,0,0,0,0,4,6,1,0,0,2,,0,0
1492,6,149,salineros,-2,33,1,73,0,0,0,0,6,8,1,0,0,2,,0,0
1492,6,150,salineros,-3,32,1,74,0,0,0,0,6,10,1,0,0,2,,0,0
1492,6,151,salineros,-4,31,1,75,0,0,0,0,6,10,1,0,0,2,1,1,0
1492,6,152,salineros,-5,30,1,76,0,0,0,0,6,10,1,0,0,2,,0,0
1492,6,153,salineros,-7,29,1,77,0,0,0,0,6,10,1,0,0,2,,0,0
1492,6,154,salineros,-8,28,1,76,0,0,0,0,5,7,1,0,0,2,,0,0
1492,6,155,salineros,-8,28,1,75,4,0,0,0,11,13,0,0,0,2,,0,0
1492,6,156,salineros,-8,28,1,74,8,0,0,0,11,13,0,0,0,2,,0,0
1492,6,157,salineros,-8,28,1,73,12,0,0,0,11,13,0,0,0,2,1,0,1
1492,6,158,salineros,-8,28,1,72,16,0,0,0,11,13,0,0,0,2,,0,0
1492,6,159,salineros,-8,28,1,71,20,0,0,0,11,13,0,0,0,2,,0,0
1492,6,160,salineros,-8,28,1,70,24,0,0,0,11,13,0,0,0,2,,0,0
1492,6,161,salineros,-8,28,1,69,25,0,0,0,8,10,0,0,0,2,,0,0
1492,6,162,salineros,-8,28,1,68,26,0,0,0,8,10,0,0,0,2,,0,0
1492,6,163,salineros,-8,28,1,67,19,0,0,0,8,10,0,0,0,2,1,10,0
1492,6,164,salineros,-5,28,1,66,20,0,0,0,8,10,0,0,0,2,,0,0
1492,6,165,salineros,-5,28,1,65,21,0,0,0,8,10,0,0,0,2,,0,0
1492,6,166,salineros,-5,28,1,64,22,0,0,0,8,10,0,0,0,2,,0,0
1492,6,167,salineros,-5,28,1,63,8,0,0,0,4,6,0,0,0,2,,0,0
1492,6,168,salineros,-5,28,1,61,5,0,0,0,4,5,0,0,0,2,,0,0
1492,6,169,salineros,-2,28,1,59,2,0,0,0,4,5,0,0,0,2,1,0,1
1492,6,170,salineros,-3,28,1,57,0,0,0,0,4,5,1,0,0,2,,0,0
1492,6,171,salineros,-4,28,1,55,0,0,0,0,4,5,1,0,0,2,,0,0
1492,6,172,salineros,-5,27,1,53,0,0,0,0,4,5,1,0,0,2,,0,0
1492,6,173,salineros,-5,27,1,51,0,0,0,0,6,7,0,0,0,2,,0,0
1492,6,174,salineros,-5,27,1,50,0,0,0,0,6,8,0,0,0,2,,0,0
1492,6,175,salineros,-5,27,1,49,0,0,0,0,6,8,0,0,0,2,1,0,1
1492,6,176,salineros,-5,27,1,48,0,0,0,0,6,8,0,0,0,2,,0,0
1492,6,177,salineros,-5,27,1,47,0,0,0,0,6,8,0,0,0,2,,0,0
1492,6,178,salineros,-5,27,1,46,0,0,0,0,6,8,0,0,0,2,,0,0
1492,6,179,salineros,-5,27,1,45,6,0,0,0,12,14,0,0,0,2,,0,0
1492,6,180,salineros,-5,27,1,44,12,0,0,0,12,14,0,0,0,2,,0,0
1492,6,181,salineros,-5,27,1,43,18,0,0,0,12,14,0,0,0,2,1,0,1
1492,6,182,salineros,-5,27,1,42,24,0,0,0,12,14,0,0,0,2,,0,0
1492,6,183,salineros,-5,28,1,41,30,0,0,0,12,14,0,0,0,2,,0,0
1492,6,184,salineros,-5,29,1,40,31,0,0,0,8,10,0,0,0,2,,0,0
1492,6,185,salineros,-5,29,1,39,29,0,0,0,5,7,0,0,0,2,,0,0
1492,6,186,salineros,-5,29,1,38,27,0,0,0,5,7,0,0,0,2,,0,0
1492,6,187,salineros,-5,29,1,37,14,0,0,0,5,7,0,0,0,2,1,10,0
1492,6,188,salineros,-5,29,1,36,12,0,0,0,5,7,0,0,0,2,,0,0
1492,6,189,salineros,-2,29,1,35,10,0,0,0,5,7,0,0,0,2,,0,0
1492,6,190,salineros,-2,29,1,34,11,0,0,0,8,10,0,0,0,2,,0,0
1492,6,191,salineros,-2,29,1,33,8,0,0,0,4,6,0,0,0,2,,0,0
1492,6,192,salineros,-2,29,1,31,5,0,0,0,4,5,0,0,0,2,,0,0
1492,6,193,salineros,-2,29,1,29,2,0,0,0,4,5,0,0,0,2,1,0,1
1492,6,194,salineros,-3,29,1,27,0,0,0,0,4,5,1,0,0,2,,0,0
1492,6,195,salineros,-4,29,1,25,0,0,0,0,4,5,1,0,0,2,,0,0
1492,6,196,salineros,-5,28,1,23,0,0,0,0,4,5,1,0,0,2,,0,0
1492,6,197,salineros,-6,27,1,21,0,0,0,0,6,7,1,0,0,2,,0,0
1492,6,198,salineros,-6,27,1,20,0,0,0,0,6,8,0,0,0,2,,0,0
1492,6,199,salineros,-6,27,1,19,0,0,0,0,6,8,0,0,0,2,1,0,1
1492,6,200,salineros,-6,27,1,18,0,0,0,0,6,8,0,0,0,2,,0,0
1492-2,6,1,arrieros,41,91,1,42,64,0,0,0,15,33,0,0,0,0,1,5,0
1492-2,6,2,arrieros,41,91,1,47,53,0,0,0,15,24,0,0,0,0,,0,0
1492-2,6,3,arrieros,41,91,1,52,43,0,0,0,15,24,0,0,0,0,,0,0
1492-2,6,4,arrieros,41,91,1,57,33,0,0,0,15,24,0,0,0,0,,0,0
1492-2,6,5,arrieros,41,91,1,62,28,0,0,0,20,29,0,1,0,0,,0,0
1492-2,6,6,arrieros,41,91,1,84,25,0,0,0,20,46,0,0,0,0,,0,0
1492-2,6,7,arrieros,41,91,1,84,23,0,0,0,20,46,0,0,0,0,1,5,0
1492-2,6,8,arrieros,41,91,1,106,27,0,0,0,20,46,0,0,0,0,,0,0
1492-2,6,9,arrieros,41,91,1,128,24,0,0,0,20,46,0,0,0,0,,0,0
1492-2,6,10,arrieros,41,91,1,150,22,0,0,0,20,46,0,0,0,0,,0,0
1492-2,6,11,arrieros,41,91,1,172,39,0,0,0,40,66,0,0,0,0,,0,0
1492-2,6,12,arrieros,41,91,1,194,55,0,0,0,40,66,0,0,0,0,,0,0
1492-2,6,13,arrieros,40,87,1,116,65,0,0,0,40,66,0,0,0,0,1,8,0
1492-2,6,14,arrieros,40,87,1,118,90,0,2,0,40,64,0,0,0,0,,0,0
1492-2,6,15,arrieros,55,87,1,138,110,0,2,0,40,64,0,0,0,1,,0,0
1492-2,6,16,arrieros,55,87,1,158,124,0,2,0,40,64,0,0,0,1,,0,0
1492-2,6,17,arrieros,55,87,1,178,123,0,2,0,25,49,0,0,0,1,,0,0
1492-2,6,18,arrieros,55,87,1,198,122,0,2,0,25,49,0,0,0,1,,0,0
1492-2,6,19,arrieros,54,83,1,161,106,0,2,0,25,49,0,0,0,1,1,20,0
1492-2,6,20,arrieros,67,83,1,125,117,0,2,0,25,49,0,0,0,2,,0,0
1492-2,6,21,arrieros,67,83,1,141,126,0,2,0,25,49,0,1,0,2,,0,0
1492-2,6,22,arrieros,67,83,1,161,113,0,2,0,25,53,0,0,0,2,,0,0
1492-2,6,23,arrieros,70,83,1,181,104,0,2,0,15,43,0,0,0,2,,0,0
1492-2,6,24,arrieros,70,83,1,193,98,0,0,0,15,35,0,0,0,2,,0,0
1492-2,6,25,arrieros,69,79,1,158,84,0,0,0,15,35,0,0,0,2,1,10,0
1492-2,6,26,arrieros,69,79,1,115,89,0,0,0,15,34,0,0,0,2,,0,0
1492-2,6,27,arrieros,69,79,1,122,94,0,0,0,15,34,0,0,0,2,,0,0
1492-2,6,28,arrieros,69,79,1,133,88,0,0,0,15,34,0,0,0,2,,0,0
1492-2,6,29,arrieros,69,79,1,144,86,0,0,0,20,39,0,0,0,2,,0,0
1492-2,6,30,arrieros,69,79,1,162,84,0,0,0,20,46,0,0,0,2,,0,0
1492-2,6,31,arrieros,69,75,1,130,51,0,0,0,20,46,0,0,0,2,1,31,0
1492-2,6,32,arrieros,72,75,1,126,57,0,1,0,20,46,0,0,0,2,,0,0
1492-2,6,33,arrieros,72,75,1,144,63,0,1,0,20,46,0,0,0,2,,0,0
1492-2,6,34,arrieros,72,75,1,162,38,0,1,0,20,46,0,0,0,2,,0,0
1492-2,6,35,arrieros,75,75,1,180,58,0,1,0,40,66,0,0,0,2,,0,0
1492-2,6,36,arrieros,75,75,1,198,77,0,1,0,40,66,0,0,0,2,,0,0
1492-2,6,37,arrieros,74,71,1,253,90,0,1,0,40,66,0,0,0,2,1,14,0
1492-2,6,38,arrieros,74,71,1,219,115,0,2,0,40,66,0,0,0,2,,0,0
1492-2,6,39,arrieros,74,71,1,229,139,0,2,0,40,66,0,0,0,2,,0,0
1492-2,6,40,arrieros,74,71,1,247,158,0,2,0,40,66,0,0,0,2,,0,0
1492-2,6,41,arrieros,74,71,1,265,160,0,2,0,25,51,0,0,0,2,,0,0
1492-2,6,42,arrieros,74,71,1,283,162,0,2,0,25,51,0,0,0,2,,0,0
1492-2,6,43,arrieros,75,79,1,321,181,0,2,0,25,51,0,0,0,2,1,10,0
1492-2,6,44,arrieros,75,79,1,240,180,0,2,0,25,51,0,0,0,2,,0,0
1492-2,6,45,arrieros,75,79,1,258,179,0,2,0,25,51,0,0,0,2,,0,0
1492-2,6,46,arrieros,75,79,1,276,178,0,2,0,25,51,0,0,0,2,,0,0
1492-2,6,47,arrieros,75,79,1,294,168,0,2,0,15,41,0,0,0,2,,0,0
1492-2,6,48,arrieros,75,79,1,305,158,0,2,0,15,34,0,0,0,2,,0,0
1492-2,6,49,arrieros,75,75,1,334,143,0,2,0,15,34,0,0,0,2,1,11,0
1492-2,6,50,arrieros,75,75,1,226,135,0,2,0,15,34,0,0,0,2,,0,0
1492-2,6,51,arrieros,75,75,1,237,127,0,2,0,15,34,0,0,0,2,,0,0
1492-2,6,52,arrieros,75,75,1,248,120,0,2,0,15,34,0,0,0,2,,0,0
1492-2,6,53,arrieros,75,75,1,259,118,0,2,0,20,39,0,0,0,2,,0,0
1492-2,6,54,arrieros,75,75,1,277,116,0,2,0,20,46,0,0,0,2,,0,0
1492-2,6,55,arrieros,74,71,1,318,90,0,2,0,20,46,0,0,0,2,1,19,0
1492-2,6,56,arrieros,77,71,1,246,92,0,0,0,20,46,0,0,0,2,,0,0
1492-2,6,57,arrieros,77,71,1,264,92,0,0,0,20,46,0,0,0,2,,0,0
1492-2,6,58,arrieros,77,71,1,282,75,0,0,0,20,46,0,0,0,2,,0,0
1492-2,6,59,arrieros,77,71,1,300,95,0,0,0,40,66,0,0,0,2,,0,0
1492-2,6,60,arrieros,77,71,1,318,114,0,0,0,40,66,0,0,0,2,,0,0
1492-2,6,61,arrieros,77,71,1,360,132,0,0,0,40,66,0,0,0,2,1,12,0
1492-2,6,62,arrieros,80,71,1,262,149,0,1,0,40,66,0,0,0,2,,0,0
1492-2,6,63,arrieros,80,71,1,260,166,0,2,0,40,66,0,0,0,2,,0,0
1492-2,6,64,arrieros,80,71,1,278,182,0,2,0,40,66,0,0,0,2,,0,0
1492-2,6,65,arrieros,80,71,1,296,183,0,2,0,25,51,0,0,0,2,,0,0
1492-2,6,66,arrieros,80,71,1,314,184,0,2,0,25,51,0,0,0,2,,0,0
1492-2,6,67,arrieros,81,75,1,388,173,0,2,0,25,51,0,0,0,2,1,22,0
1492-2,6,68,arrieros,81,75,1,287,173,0,2,0,25,51,0,0,0,2,,0,0
1492-2,6,69,arrieros,84,75,1,295,173,0,2,0,25,51,0,0,0,2,,0,0
1492-2,6,70,arrieros,84,75,1,313,173,0,2,0,25,51,0,0,0,2,,0,0
1492-2,6,71,arrieros,84,75,1,331,164,0,2,0,15,41,0,0,0,2,,0,0
1492-2,6,72,arrieros,84,75,1,342,155,0,2,0,15,34,0,0,0,2,,0,0
1492-2,6,73,arrieros,83,71,1,383,141,0,2,0,15,34,0,0,0,2,1,12,0
1492-2,6,74,arrieros,83,71,1,275,134,0,2,0,15,34,0,0,0,2,,0,0
1492-2,6,75,arrieros,83,71,1,246,127,0,2,0,15,34,0,0,0,2,,0,0
1492-2,6,76,arrieros,83,71,1,257,103,0,2,0,15,34,0,0,0,2,,0,0
1492-2,6,77,arrieros,83,71,1,268,102,0,2,0,20,39,0,0,0,2,,0,0
1492-2,6,78,arrieros,83,71,1,286,101,0,2,0,20,46,0,0,0,2,,0,0
1492-2,6,79,arrieros,86,71,1,358,44,0,0,0,20,46,0,0,0,2,1,27,0
1492-2,6,80,arrieros,86,71,1,300,53,0,0,0,20,46,0,0,0,2,,0,0
1492-2,6,81,arrieros,131,96,2,252,61,0,0,0,20,46,0,0,0,3,,0,0
1492-2,6,82,arrieros,131,96,2,253,62,0,0,0,20,50,0,0,0,3,,0,0
1492-2,6,83,arrieros,131,97,2,262,77,0,0,0,40,70,0,0,0,3,,0,0
1492-2,6,84,arrieros,131,98,2,271,90,0,0,0,40,70,0,0,0,3,,0,0
1492-2,6,85,arrieros,131,99,2,318,102,0,0,0,40,70,0,0,0,3,1,17,0
1492-2,6,86,arrieros,132,100,2,224,118,0,2,0,40,70,0,1,0,3,,0,0
1492-2,6,87,arrieros,132,101,2,229,142,0,4,0,48,78,0,0,0,3,,0,0
1492-2,6,88,arrieros,132,102,2,240,161,0,0,0,48,80,0,1,0,3,,0,0
1492-2,6,89,arrieros,132,103,2,251,152,0,0,0,30,62,0,0,0,3,,0,0
1492-2,6,90,arrieros,132,104,2,262,151,0,0,0,30,62,0,0,0,3,,0,0
1492-2,6,91,arrieros,136,109,2,313,154,0,0,0,30,62,0,0,0,3,1,10,0
1492-2,6,92,arrieros,137,110,2,246,156,0,0,0,30,62,0,0,0,3,,0,0
1492-2,6,93,arrieros,137,111,2,253,158,0,0,0,30,62,0,0,0,3,,0,0
1492-2,6,94,arrieros,137,112,2,264,156,0,0,0,30,62,0,0,0,3,,0,0
1492-2,6,95,arrieros,137,112,2,275,141,0,0,0,18,50,0,0,0,3,,0,0
1492-2,6,96,arrieros,137,112,2,279,126,0,0,0,18,43,0,0,0,3,,0,0
1492-2,6,97,arrieros,136,108,2,264,106,0,0,0,18,43,0,0,0,3,1,18,0
1492-2,6,98,arrieros,136,108,2,205,103,0,0,0,18,39,0,0,0,3,,0,0
1492-2,6,99,arrieros,136,108,2,146,100,0,0,0,18,39,0,0,0,3,,0,0
1492-2,6,100,arrieros,136,108,2,121,97,0,0,0,18,39,0,0,0,3,,0,0
1492-2,6,101,arrieros,136,108,2,125,99,0,0,0,24,45,0,0,0,3,,0,0
1492-2,6,102,arrieros,136,108,2,136,93,0,0,0,24,52,0,0,0,3,,0,0
1492-2,6,103,arrieros,137,112,2,225,69,0,0,0,24,52,0,0,0,3,1,20,0
1492-2,6,104,arrieros,137,112,2,214,69,0,0,0,24,52,0,0,0,3,,0,0
1492-2,6,105,arrieros,140,112,2,225,69,0,0,0,24,52,0,0,0,3,,0,0
1492-2,6,106,arrieros,140,112,2,236,63,0,0,0,24,52,0,0,0,3,,0,0
1492-2,6,107,arrieros,140,113,2,247,73,0,0,0,41,69,0,0,0,3,,0,0
1492-2,6,108,arrieros,140,114,2,258,83,0,0,0,41,69,0,0,0,3,,0,0
1492-2,6,109,arrieros,140,111,2,270,87,0,0,0,41,69,0,0,0,3,1,17,0
1492-2,6,110,arrieros,140,113,2,206,103,0,2,0,41,72,0,0,0,3,,0,0
1492-2,6,111,arrieros,141,115,2,205,118,0,3,0,41,72,0,0,0,3,,0,0
1492-2,6,112,arrieros,141,117,2,219,133,0,0,0,41,72,0,0,0,3,,0,0
1492-2,6,113,arrieros,141,119,2,233,122,0,0,0,31,62,0,0,0,3,,0,0
1492-2,6,114,arrieros,142,121,2,247,120,0,0,0,31,62,0,0,0,3,,0,0
1492-2,6,115,arrieros,145,123,2,351,98,0,0,0,31,64,0,0,0,3,1,26,0
1492-2,6,116,arrieros,146,125,2,304,105,0,0,0,31,64,0,0,0,3,,0,0
1492-2,6,117,arrieros,146,127,2,267,110,0,0,0,31,64,0,0,0,3,,0,0
1492-2,6,118,arrieros,146,127,2,275,115,0,0,0,31,64,0,0,0,3,,0,0
1492-2,6,119,arrieros,146,127,2,291,100,0,0,0,18,51,0,0,0,3,,0,0
1492-2,6,120,arrieros,146,127,2,300,84,0,0,0,18,44,0,0,0,3,,0,0
1492-2,6,121,arrieros,146,127,2,387,69,0,0,0,18,44,0,0,0,3,1,20,0
1492-2,6,122,arrieros,146,127,2,333,63,0,0,0,18,44,0,0,0,3,,0,0
1492-2,6,123,arrieros,146,127,2,279,40,0,0,0,18,44,0,0,0,3,,0,0
1492-2,6,124,arrieros,146,127,2,245,35,0,0,0,18,44,0,0,0,3,,0,0
1492-2,6,125,arrieros,149,127,2,246,36,0,0,0,24,50,0,0,0,3,,0,0
1492-2,6,126,arrieros,149,127,2,262,30,0,0,0,24,57,0,0,0,3,,0,0
1492-2,6,127,arrieros,150,131,2,343,24,0,0,0,24,57,0,0,0,3,1,16,0
1492-2,6,128,arrieros,150,131,2,281,22,0,2,0,24,57,0,0,0,3,,0,0
1492-2,6,129,arrieros,150,131,2,278,20,0,2,0,24,57,0,0,0,3,,0,0
1492-2,6,130,arrieros,150,131,2,294,17,0,1,0,24,57,0,0,0,3,,0,0
1492-2,6,131,arrieros,150,133,2,310,34,0,0,0,49,82,0,0,0,3,,0,0
1492-2,6,132,arrieros,151,135,2,326,48,0,0,0,49,82,0,0,0,3,,0,0
1492-2,6,133,arrieros,151,139,2,400,62,0,0,0,49,83,0,0,0,3,1,19,0
1492-2,6,134,arrieros,151,139,2,314,80,0,2,0,49,83,0,0,0,3,,0,0
1492-2,6,135,arrieros,151,139,2,279,100,0,2,0,49,83,0,0,0,3,,0,0
1492-2,6,136,arrieros,151,139,2,288,117,0,2,0,49,83,0,0,0,3,,0,0
1492-2,6,137,arrieros,151,139,2,305,109,0,2,0,28,62,0,0,0,3,,0,0
1492-2,6,138,arrieros,151,139,2,322,99,0,2,0,28,62,0,0,0,3,,0,0
1492-2,6,139,arrieros,151,135,2,431,86,0,0,0,28,62,0,0,0,3,1,21,0
1492-2,6,140,arrieros,151,135,2,385,87,0,0,0,28,62,0,0,0,3,,0,0
1492-2,6,141,arrieros,151,135,2,339,88,0,0,0,28,62,0,0,0,3,,0,0
1492-2,6,142,arrieros,151,135,2,293,89,0,0,0,28,62,0,0,0,3,,0,0
1492-2,6,143,arrieros,151,135,2,302,81,0,0,0,18,52,0,0,0,3,,0,0
1492-2,6,144,arrieros,151,135,2,312,66,0,0,0,18,45,0,0,0,3,,0,0
1492-2,6,145,arrieros,151,135,2,424,49,0,0,0,18,45,0,0,0,3,1,20,0
1492-2,6,146,arrieros,151,135,2,370,42,0,0,0,18,45,0,0,0,3,,0,0
1492-2,6,147,arrieros,151,135,2,316,35,0,0,0,18,45,0,0,0,3,,0,0
1492-2,6,148,arrieros,151,135,2,272,29,0,0,0,18,45,0,0,0,3,,0,0
1492-2,6,149,arrieros,151,135,2,278,29,0,0,0,24,51,0,0,0,3,,0,0
1492-2,6,150,arrieros,151,135,2,295,21,0,0,0,24,58,0,0,0,3,,0,0
1492-2,6,151,arrieros,151,135,2,317,12,0,0,0,24,58,0,0,0,3,1,18,0
1492-2,6,152,arrieros,151,135,2,250,10,0,2,0,24,58,0,0,0,3,,0,0
1492-2,6,153,arrieros,150,135,2,208,9,0,4,0,24,58,1,0,0,3,,0,0
1492-2,6,154,arrieros,149,135,2,217,9,0,5,0,24,58,1,0,0,3,,0,0
1492-2,6,155,arrieros,149,135,2,234,25,0,4,0,49,83,0,0,0,3,,0,0
1492-2,6,156,arrieros,149,135,2,251,39,0,3,0,49,83,0,0,0,3,,0,0
1492-2,6,157,arrieros,149,135,2,365,52,0,1,0,49,83,0,0,0,3,1,14,0
1492-2,6,158,arrieros,149,135,2,319,73,0,1,0,49,83,0,0,0,3,,0,0
1492-2,6,159,arrieros,149,135,2,269,93,0,1,0,49,83,0,0,0,3,,0,0
1492-2,6,160,arrieros,149,135,2,286,112,0,1,0,49,83,0,0,0,3,,0,0
1492-2,6,161,arrieros,149,135,2,303,104,0,1,0,31,65,0,0,0,3,,0,0
1492-2,6,162,arrieros,149,135,2,320,96,0,1,0,31,65,0,0,0,3,,0,0
1492-2,6,163,arrieros,148,131,2,405,64,0,1,0,31,65,0,0,0,3,1,31,0
1492-2,6,164,arrieros,148,131,2,359,68,0,1,0,31,65,0,0,0,3,,0,0
1492-2,6,165,arrieros,151,131,2,313,72,0,1,0,31,65,0,0,0,3,,0,0
1492-2,6,166,arrieros,151,131,2,267,76,0,1,0,31,65,0,0,0,3,,0,0
1492-2,6,167,arrieros,151,131,2,274,67,0,1,0,18,52,0,0,0,3,,0,0
1492-2,6,168,arrieros,151,131,2,282,51,0,1,0,18,45,0,0,0,3,,0,0
1492-2,6,169,arrieros,151,131,2,397,35,0,0,0,18,45,0,0,0,3,1,17,0
1492-2,6,170,arrieros,151,131,2,344,28,0,0,0,18,45,0,0,0,3,,0,0
1492-2,6,171,arrieros,151,131,2,288,21,0,0,0,18,45,0,0,0,3,,0,0
1492-2,6,172,arrieros,151,131,2,265,14,0,0,0,18,45,0,0,0,3,,0,0
1492-2,6,173,arrieros,151,131,2,275,2,0,0,0,24,51,0,0,0,3,,0,0
1492-2,6,174,arrieros,150,131,2,292,0,0,0,0,24,58,1,0,0,3,,0,0
1492-2,6,175,arrieros,149,131,2,360,0,0,0,0,24,58,1,0,0,3,1,17,0
1492-2,6,176,arrieros,147,128,2,274,6,0,2,0,24,58,1,0,0,3,,0,0
1492-2,6,177,arrieros,146,125,2,266,6,0,4,0,24,55,1,0,0,3,,0,0
1492-2,6,178,arrieros,144,122,2,276,6,0,4,0,24,55,1,0,0,3,,0,0
1492-2,6,179,arrieros,144,122,2,290,14,0,3,0,39,70,0,0,0,3,,0,0
1492-2,6,180,arrieros,144,122,2,304,21,0,2,0,39,70,0,0,0,3,,0,0
1492-2,6,181,arrieros,147,122,2,414,28,0,1,0,39,70,0,0,0,3,1,18,0
1492-2,6,182,arrieros,147,124,2,365,44,0,0,0,39,70,0,0,0,3,,0,0
1492-2,6,183,arrieros,148,125,2,312,57,0,0,0,39,70,0,0,0,3,,0,0
1492-2,6,184,arrieros,148,125,2,274,70,0,0,0,39,71,0,0,0,3,,0,0
1492-2,6,185,arrieros,148,125,2,289,75,0,0,0,31,63,0,0,0,3,,0,0
1492-2,6,186,arrieros,148,125,2,304,71,0,0,0,31,63,0,0,0,3,,0,0
1492-2,6,187,arrieros,148,125,2,418,67,0,0,0,31,63,0,0,0,3,1,18,0
1492-2,6,188,arrieros,148,125,2,370,72,0,0,0,31,63,0,0,0,3,,0,0
1492-2,6,189,arrieros,148,125,2,322,77,0,0,0,31,63,0,0,0,3,,0,0
1492-2,6,190,arrieros,148,125,2,279,81,0,0,0,31,63,0,0,0,3,,0,0
1492-2,6,191,arrieros,148,125,2,294,73,0,0,0,18,50,0,0,0,3,,0,0
1492-2,6,192,arrieros,148,125,2,303,56,0,0,0,18,44,0,0,0,3,,0,0
1492-2,6,193,arrieros,148,129,2,414,40,0,0,0,18,44,0,0,0,3,1,19,0
1492-2,6,194,arrieros,148,129,2,360,33,0,0,0,18,44,0,0,0,3,,0,0
1492-2,6,195,arrieros,148,129,2,304,26,0,0,0,18,44,0,0,0,3,,0,0
1492-2,6,196,arrieros,148,129,2,260,19,0,0,0,18,44,0,0,0,3,,0,0
1492-2,6,197,arrieros,148,129,2,269,18,0,0,0,24,50,0,0,0,3,,0,0
1492-2,6,198,arrieros,148,129,2,284,8,0,0,0,24,56,0,0,0,3,,0,0
1492-2,6,199,arrieros,147,129,2,357,0,0,0,0,24,56,1,0,0,3,1,15,0
1492-2,6,200,arrieros,146,129,2,269,6,0,2,0,24,56,1,0,0,3,,0,0
1492-2,6,1,canteros,46,116,1,40,56,0,0,0,18,48,0,0,0,0,1,4,0
1492-2,6,2,canteros,46,116,1,47,42,0,0,0,18,34,0,0,0,0,,0,0
1492-2,6,3,canteros,46,116,1,54,28,0,0,0,18,34,0,1,0,0,,0,0
1492-2,6,4,canteros,46,116,1,69,17,0,0,0,18,42,0,0,0,0,,0,0
1492-2,6,5,canteros,46,116,1,84,12,0,0,0,24,48,0,0,0,0,,0,0
1492-2,6,6,canteros,46,116,1,110,7,0,0,0,24,59,0,0,0,0,,0,0
1492-2,6,7,canteros,46,116,1,100,2,0,0,0,24,59,0,0,0,0,1,7,0
1492-2,6,8,canteros,45,116,1,112,4,0,0,0,24,59,1,0,0,0,,0,0
1492-2,6,9,canteros,44,116,1,138,3,0,0,0,24,59,1,0,0,0,,0,0
1492-2,6,10,canteros,42,113,1,164,0,0,0,0,24,59,1,0,0,0,,0,0
1492-2,6,11,canteros,42,113,1,190,20,0,0,0,48,83,0,0,0,0,,0,0
1492-2,6,12,canteros,42,113,1,216,39,0,0,0,48,83,0,0,0,0,,0,0
1492-2,6,13,canteros,42,113,1,172,57,0,0,0,48,83,0,0,0,0,1,11,0
1492-2,6,14,canteros,42,113,1,136,78,0,2,0,48,83,0,0,0,0,,0,0
1492-2,6,15,canteros,42,113,1,157,101,0,1,0,48,83,0,0,0,0,,0,0
1492-2,6,16,canteros,57,113,1,183,118,0,1,0,48,83,0,0,0,1,,0,0
1492-2,6,17,canteros,57,113,1,209,116,0,1,0,30,65,0,0,0,1,,0,0
1492-2,6,18,canteros,57,113,1,235,114,0,1,0,30,64,0,0,0,1,,0,0
1492-2,6,19,canteros,56,109,1,242,102,0,1,0,30,64,0,0,0,1,1,15,0
1492-2,6,20,canteros,56,109,1,219,108,0,1,0,30,62,0,0,0,1,,0,0
1492-2,6,21,canteros,56,109,1,196,114,0,1,0,30,62,0,0,0,1,,0,0
1492-2,6,22,canteros,56,109,1,191,120,0,1,0,30,62,0,0,0,1,,0,0
1492-2,6,23,canteros,56,109,1,210,114,0,1,0,18,50,0,0,0,1,,0,0
1492-2,6,24,canteros,56,109,1,224,102,0,1,0,18,40,0,0,0,1,,0,0
1492-2,6,25,canteros,56,105,1,223,66,0,1,0,18,40,0,0,0,1,1,18,0
1492-2,6,26,canteros,56,105,1,190,63,0,1,0,18,40,0,0,0,1,,0,0
1492-2,6,27,canteros,69,105,1,157,60,0,1,0,18,40,0,0,0,2,,0,0
1492-2,6,28,canteros,69,105,1,150,57,0,1,0,18,40,0,0,0,2,,0,0
1492-2,6,29,canteros,69,105,1,164,58,0,1,0,24,46,0,0,0,2,,0,0
1492-2,6,30,canteros,69,105,1,188,54,0,1,0,24,56,0,0,0,2,,0,0
1492-2,6,31,canteros,69,105,1,200,50,0,1,0,24,56,0,0,0,2,1,11,0
1492-2,6,32,canteros,69,105,1,163,52,0,1,0,24,56,0,0,0,2,,0,0
1492-2,6,33,canteros,69,105,1,182,53,0,1,0,24,56,0,0,0,2,,0,0
1492-2,6,34,canteros,69,105,1,206,50,0,1,0,24,56,0,0,0,2,,0,0
1492-2,6,35,canteros,69,105,1,230,70,0,1,0,48,79,0,0,0,2,,0,0
1492-2,6,36,canteros,69,105,1,254,89,0,1,0,48,79,0,0,0,2,,0,0
1492-2,6,37,canteros,69,105,1,157,96,0,0,0,48,79,0,0,0,2,1,34,0
1492-2,6,38,canteros,72,105,1,138,116,0,1,0,48,79,0,0,0,2,,0,0
1492-2,6,39,canteros,72,105,1,119,135,0,2,0,48,79,0,0,0,2,,0,0
1492-2,6,40,canteros,72,105,1,88,153,0,3,0,48,79,0,0,0,2,,0,0
1492-2,6,41,canteros,72,105,1,103,156,0,4,0,30,61,0,0,0,2,,0,0
1492-2,6,42,canteros,72,105,1,127,147,0,0,0,30,61,0,0,0,2,,0,0
1492-2,6,43,canteros,72,105,1,240,144,0,0,0,30,61,0,0,0,2,1,6,0
1492-2,6,44,canteros,75,105,1,247,148,0,0,0,30,61,0,0,0,2,,0,0
1492-2,6,45,canteros,75,105,1,271,148,0,0,0,30,61,0,0,0,2,,0,0
1492-2,6,46,canteros,75,105,1,295,144,0,0,0,30,61,0,0,0,2,,0,0
1492-2,6,47,canteros,75,105,1,319,117,0,0,0,18,49,0,0,0,2,,0,0
1492-2,6,48,canteros,78,105,1,333,103,0,0,0,18,39,0,0,0,2,,0,0
1492-2,6,49,canteros,78,105,1,321,90,0,0,0,18,39,0,0,0,2,1,18,0
1492-2,6,50,canteros,78,105,1,282,84,0,0,0,18,39,0,0,0,2,,0,0
1492-2,6,51,canteros,78,105,1,243,79,0,0,0,18,39,0,0,0,2,,0,0
1492-2,6,52,canteros,78,105,1,204,74,0,0,0,18,38,0,0,0,2,,0,0
1492-2,6,53,canteros,78,105,1,171,75,0,0,0,24,44,0,0,0,2,,0,0
1492-2,6,54,canteros,78,105,1,154,76,0,0,0,24,54,0,0,0,2,,0,0
1492-2,6,55,canteros,78,105,1,173,65,0,0,0,24,54,0,0,0,2,1,17,0
1492-2,6,56,canteros,78,105,1,187,63,0,2,0,24,54,0,0,0,2,,0,0
1492-2,6,57,canteros,81,105,1,211,59,0,0,0,24,54,0,0,0,2,,0,0
1492-2,6,58,canteros,81,105,1,235,53,0,0,0,24,54,0,0,0,2,,0,0
1492-2,6,59,canteros,81,105,1,259,71,0,0,0,48,78,0,0,0,2,,0,0
1492-2,6,60,canteros,81,105,1,283,88,0,0,0,48,78,0,0,0,2,,0,0
1492-2,6,61,canteros,81,105,1,250,104,0,0,0,48,78,0,0,0,2,1,14,0
1492-2,6,62,canteros,81,105,1,182,124,0,2,0,48,78,0,0,0,2,,0,0
1492-2,6,63,canteros,81,105,1,165,143,0,4,0,48,78,0,0,0,2,,0,0
1492-2,6,64,canteros,81,105,1,176,163,0,0,0,48,78,0,0,0,2,,0,0
1492-2,6,65,canteros,81,105,1,200,162,0,0,0,30,60,0,0,0,2,,0,0
1492-2,6,66,canteros,81,105,1,224,158,0,0,0,30,60,0,0,0,2,,0,0
1492-2,6,67,canteros,81,105,1,268,154,0,0,0,30,60,0,0,0,2,1,12,0
1492-2,6,68,canteros,81,105,1,239,157,0,0,0,30,60,0,0,0,2,,0,0
1492-2,6,69,canteros,84,105,1,210,160,0,0,0,30,60,0,0,0,2,,0,0
1492-2,6,70,canteros,84,105,1,207,163,0,0,0,30,60,0,0,0,2,,0,0
1492-2,6,71,canteros,84,105,1,231,152,0,0,0,18,48,0,0,0,2,,0,0
1492-2,6,72,canteros,84,105,1,245,137,0,0,0,18,38,0,0,0,2,,0,0
1492-2,6,73,canteros,84,105,1,258,122,0,0,0,18,38,0,0,0,2,1,13,0
1492-2,6,74,canteros,84,105,1,220,115,0,0,0,18,38,0,0,0,2,,0,0
1492-2,6,75,canteros,84,105,1,187,108,0,0,0,18,38,0,0,0,2,,0,0
1492-2,6,76,canteros,84,105,1,154,102,0,0,0,18,38,0,0,0,2,,0,0
1492-2,6,77,canteros,84,105,1,162,102,0,0,0,24,44,0,0,0,2,,0,0
1492-2,6,78,canteros,84,105,1,186,95,0,0,0,24,54,0,0,0,2,,0,0
1492-2,6,79,canteros,84,109,1,188,88,0,0,0,24,54,0,0,0,2,1,11,0
1492-2,6,80,canteros,84,109,1,177,84,0,2,0,24,54,0,0,0,2,,0,0
1492-2,6,81,canteros,84,109,1,190,82,0,0,0,24,54,0,0,0,2,,0,0
1492-2,6,82,canteros,84,109,1,214,75,0,0,0,24,54,0,0,0,2,,0,0
1492-2,6,83,canteros,84,109,1,238,91,0,0,0,48,78,0,0,0,2,,0,0
1492-2,6,84,canteros,84,109,1,262,106,0,0,0,48,78,0,0,0,2,,0,0
1492-2,6,85,canteros,84,105,1,218,111,0,0,0,48,78,0,0,0,2,1,13,0
1492-2,6,86,canteros,84,105,1,150,130,0,2,0,48,78,0,0,0,2,,0,0
1492-2,6,87,canteros,84,105,1,139,148,0,4,0,48,78,0,0,0,2,,0,0
1492-2,6,88,canteros,84,105,1,163,169,0,0,0,48,78,0,0,0,2,,0,0
1492-2,6,89,canteros,84,105,1,187,165,0,0,0,30,60,0,0,0,2,,0,0
1492-2,6,90,canteros,84,105,1,211,161,0,0,0,30,60,0,0,0,2,,0,0
1492-2,6,91,canteros,84,105,1,248,144,0,0,0,30,60,0,0,0,2,1,22,0
1492-2,6,92,canteros,84,105,1,220,148,0,0,0,30,60,0,0,0,2,,0,0
1492-2,6,93,canteros,87,105,1,191,151,0,0,0,30,60,0,0,0,2,,0,0
1492-2,6,94,canteros,297,105,1,204,154,0,0,0,30,60,0,1,1,3,,0,0
1492-2,6,95,canteros,297,105,1,228,143,0,0,0,18,48,0,0,0,3,,0,0
1492-2,6,96,canteros,297,105,1,242,130,0,0,0,18,38,0,0,0,3,,0,0
1492-2,6,97,canteros,297,105,1,253,118,0,0,0,18,38,0,0,0,3,1,14,0
1492-2,6,98,canteros,297,105,1,220,111,0,0,0,16,36,0,0,0,3,,0,0
1492-2,6,99,canteros,297,105,1,187,104,0,0,0,16,36,0,0,0,3,,0,0
1492-2,6,100,canteros,297,105,1,160,98,0,0,0,16,36,0,0,0,3,,0,0
1492-2,6,101,canteros,297,105,1,174,97,0,0,0,21,41,0,0,0,3,,0,0
1492-2,6,102,canteros,297,105,1,198,84,0,0,0,21,51,0,0,0,3,,0,0
1492-2,6,103,canteros,297,105,1,190,76,0,0,0,21,51,0,0,0,3,1,10,0
1492-2,6,104,canteros,297,105,1,179,73,0,2,0,21,51,0,0,0,3,,0,0
1492-2,6,105,canteros,297,105,1,186,71,0,0,0,21,51,0,0,0,3,,0,0
1492-2,6,106,canteros,300,105,1,210,68,0,0,0,21,51,0,0,0,3,,0,0
1492-2,6,107,canteros,300,105,1,234,82,0,0,0,43,73,0,0,0,3,,0,0
1492-2,6,108,canteros,300,105,1,258,96,0,0,0,43,73,0,0,0,3,,0,0
1492-2,6,109,canteros,300,105,1,237,109,0,0,0,43,73,0,0,0,3,1,12,0
1492-2,6,110,canteros,300,105,1,175,125,0,2,0,43,73,0,0,0,3,,0,0
1492-2,6,111,canteros,300,105,1,176,141,0,4,0,43,73,0,0,0,3,,0,0
1492-2,6,112,canteros,300,105,1,200,159,0,0,0,43,73,0,0,0,3,,0,0
1492-2,6,113,canteros,300,105,1,224,154,0,0,0,27,57,0,0,0,3,,0,0
1492-2,6,114,canteros,300,105,1,248,149,0,0,0,27,57,0,0,0,3,,0,0
1492-2,6,115,canteros,300,109,1,293,144,0,0,0,27,57,0,0,0,3,1,14,0
1492-2,6,116,canteros,300,109,1,270,146,0,0,0,27,57,0,0,0,3,,0,0
1492-2,6,117,canteros,300,109,1,247,148,0,0,0,27,57,0,0,0,3,,0,0
1492-2,6,118,canteros,300,109,1,224,150,0,0,0,27,57,0,0,0,3,,0,0
1492-2,6,119,canteros,300,109,1,248,141,0,0,0,16,46,0,0,0,3,,0,0
1492-2,6,120,canteros,300,109,1,262,125,0,0,0,16,36,0,0,0,3,,0,0
1492-2,6,121,canteros,300,105,1,270,100,0,0,0,16,36,0,0,0,3,1,12,0
1492-2,6,122,canteros,300,105,1,243,97,0,0,0,16,36,0,0,0,3,,0,0
1492-2,6,123,canteros,300,105,1,216,94,0,0,0,16,36,0,0,0,3,,0,0
1492-2,6,124,canteros,300,105,1,189,91,0,0,0,16,36,0,0,0,3,,0,0
1492-2,6,125,canteros,300,105,1,166,93,0,0,0,21,41,0,0,0,3,,0,0
1492-2,6,126,canteros,300,105,1,190,94,0,0,0,21,51,0,0,0,3,,0,0
1492-2,6,127,canteros,300,105,1,198,73,0,0,0,21,51,0,0,0,3,1,18,0
1492-2,6,128,canteros,300,105,1,193,73,0,2,0,21,51,0,0,0,3,,0,0
1492-2,6,129,canteros,303,105,1,196,74,0,0,0,21,51,0,0,0,3,,0,0
1492-2,6,130,canteros,303,105,1,220,72,0,0,0,21,51,0,0,0,3,,0,0
1492-2,6,131,canteros,303,105,1,244,86,0,0,0,43,73,0,0,0,3,,0,0
1492-2,6,132,canteros,303,105,1,268,99,0,0,0,43,73,0,0,0,3,,0,0
1492-2,6,133,canteros,303,105,1,252,112,0,0,0,43,73,0,0,0,3,1,11,0
1492-2,6,134,canteros,303,105,1,196,131,0,2,0,43,73,0,0,0,3,,0,0
1492-2,6,135,canteros,303,105,1,191,150,0,4,0,43,73,0,0,0,3,,0,0
1492-2,6,136,canteros,303,105,1,198,169,0,0,0,43,73,0,0,0,3,,0,0
1492-2,6,137,canteros,303,105,1,222,168,0,0,0,27,57,0,0,0,3,,0,0
1492-2,6,138,canteros,303,105,1,246,163,0,0,0,27,57,0,0,0,3,,0,0
1492-2,6,139,canteros,303,105,1,331,158,0,0,0,27,57,0,0,0,3,1,1,0
1492-2,6,140,canteros,303,105,1,355,153,0,0,0,27,57,0,0,0,3,,0,0
1492-2,6,141,canteros,306,105,1,379,148,0,0,0,27,57,0,0,0,3,,0,0
1492-2,6,142,canteros,306,105,1,403,144,0,0,0,27,57,0,0,0,3,,0,0
1492-2,6,143,canteros,306,105,1,427,129,0,0,0,16,46,0,0,0,3,,0,0
1492-2,6,144,canteros,306,105,1,441,115,0,0,0,16,36,0,0,0,3,,0,0
1492-2,6,145,canteros,306,105,1,426,101,0,0,0,16,36,0,0,0,3,1,14,0
1492-2,6,146,canteros,306,105,1,411,95,0,0,0,16,36,0,0,0,3,,0,0
1492-2,6,147,canteros,306,105,1,384,89,0,0,0,16,36,0,0,0,3,,0,0
1492-2,6,148,canteros,306,105,1,357,86,0,0,0,16,36,0,0,0,3,,0,0
1492-2,6,149,canteros,306,105,1,330,88,0,0,0,21,41,0,0,0,3,,0,0
1492-2,6,150,canteros,306,105,1,313,90,0,0,0,21,51,0,0,0,3,,0,0
1492-2,6,151,canteros,306,109,1,379,93,0,0,0,21,51,0,0,0,3,1,19,0
1492-2,6,152,canteros,306,109,1,335,88,0,2,0,21,51,0,0,0,3,,0,0
1492-2,6,153,canteros,306,109,1,291,85,0,2,0,21,51,0,0,0,3,,0,0
1492-2,6,154,canteros,306,109,1,286,82,0,2,0,21,51,0,0,0,3,,0,0
1492-2,6,155,canteros,306,109,1,293,104,0,0,0,43,73,0,0,0,3,,0,0
1492-2,6,156,canteros,306,109,1,317,120,0,0,0,43,73,0,0,0,3,,0,0
1492-2,6,157,canteros,306,105,1,391,121,0,0,0,43,73,0,0,0,3,1,18,0
1492-2,6,158,canteros,306,105,1,347,137,0,2,0,43,73,0,0,0,3,,0,0
1492-2,6,159,canteros,306,105,1,303,152,0,4,0,43,73,0,0,0,3,,0,0
1492-2,6,160,canteros,306,105,1,298,170,0,2,0,43,73,0,0,0,3,,0,0
1492-2,6,161,canteros,306,105,1,301,172,0,2,0,27,57,0,0,0,3,,0,0
1492-2,6,162,canteros,306,105,1,325,172,0,2,0,27,57,0,0,0,3,,0,0
1492-2,6,163,canteros,306,105,1,485,154,0,2,0,27,57,0,0,0,3,1,14,0
1492-2,6,164,canteros,306,105,1,509,149,0,2,0,27,57,0,0,0,3,,0,0
1492-2,6,165,canteros,309,105,1,533,144,0,2,0,27,57,0,0,0,3,,0,0
1492-2,6,166,canteros,309,105,1,557,140,0,2,0,27,57,0,0,0,3,,0,0
1492-2,6,167,canteros,309,105,1,581,125,0,2,0,16,46,0,0,0,3,,0,0
1492-2,6,168,canteros,309,105,1,595,111,0,2,0,16,36,0,0,0,3,,0,0
1492-2,6,169,canteros,309,105,1,644,97,0,0,0,13,33,0,0,0,3,1,16,0
1492-2,6,170,canteros,309,105,1,629,88,0,0,0,13,33,0,0,0,3,,0,0
1492-2,6,171,canteros,309,105,1,614,79,0,0,0,13,33,0,0,0,3,,0,0
1492-2,6,172,canteros,309,105,1,599,62,0,0,0,13,33,0,0,0,3,,0,0
1492-2,6,173,canteros,309,105,1,572,62,0,0,0,21,41,0,0,0,3,,0,0
1492-2,6,174,canteros,309,105,1,555,65,0,0,0,21,51,0,0,0,3,,0,0
1492-2,6,175,canteros,312,105,1,630,68,0,0,0,21,51,0,0,0,3,1,21,0
1492-2,6,176,canteros,312,105,1,586,65,0,2,0,21,51,0,0,0,3,,0,0
1492-2,6,177,canteros,312,105,1,542,63,0,2,0,21,51,0,0,0,3,,0,0
1492-2,6,178,canteros,312,105,1,486,61,0,2,0,21,51,0,0,0,3,,0,0
1492-2,6,179,canteros,312,105,1,430,91,0,2,0,50,80,0,0,0,3,,0,0
1492-2,6,180,canteros,312,105,1,374,118,0,4,0,50,80,0,0,0,3,,0,0
1492-2,6,181,canteros,312,105,1,564,147,0,3,0,50,80,0,0,0,3,1,16,0
1492-2,6,182,canteros,312,105,1,559,172,0,3,0,50,80,0,0,0,3,,0,0
1492-2,6,183,canteros,312,105,1,554,196,0,3,0,50,80,0,0,0,3,,0,0
1492-2,6,184,canteros,312,105,1,549,219,0,3,0,50,80,0,0,0,3,,0,0
1492-2,6,185,canteros,312,105,1,532,219,0,3,0,27,57,0,0,0,3,,0,0
1492-2,6,186,canteros,312,105,1,515,222,0,3,0,27,57,0,0,0,3,,0,0
1492-2,6,187,canteros,312,109,1,669,225,0,3,0,27,57,0,0,0,3,1,3,0
1492-2,6,188,canteros,312,109,1,693,216,0,3,0,27,57,0,0,0,3,,0,0
1492-2,6,189,canteros,312,109,1,717,208,0,3,0,27,57,0,0,0,3,,0,0
1492-2,6,190,canteros,312,109,1,741,200,0,3,0,27,57,0,0,0,3,,0,0
1492-2,6,191,canteros,312,109,1,765,179,0,3,0,13,43,0,0,0,3,,0,0
1492-2,6,192,canteros,312,109,1,779,159,0,3,0,13,33,0,0,0,3,,0,0
1492-2,6,193,canteros,312,105,1,793,136,0,0,0,16,36,0,0,0,3,1,17,0
1492-2,6,194,canteros,312,105,1,778,128,0,0,0,16,36,0,0,0,3,,0,0
1492-2,6,195,canteros,312,105,1,763,121,0,0,0,16,36,0,0,0,3,,0,0
1492-2,6,196,canteros,312,105,1,748,114,0,0,0,16,36,0,0,0,3,,0,0
1492-2,6,197,canteros,312,105,1,725,112,0,0,0,21,41,0,0,0,3,,0,0
1492-2,6,198,canteros,312,105,1,712,112,0,0,0,21,51,0,0,0,3,,0,0
1492-2,6,199,canteros,312,105,1,784,99,0,0,0,21,51,0,0,0,3,1,31,0
1492-2,6,200,canteros,312,105,1,740,95,0,2,0,21,51,0,0,0,3,,0,0
1492-2,6,1,ferrones,32,46,1,45,63,0,0,0,7,17,0,0,0,0,1,7,0
1492-2,6,2,ferrones,32,46,1,45,55,0,0,0,7,11,0,0,0,0,,0,0
1492-2,6,3,ferrones,32,46,1,45,48,0,0,0,7,11,0,0,0,0,,0,0
1492-2,6,4,ferrones,32,46,1,45,41,0,0,0,7,11,0,0,0,0,,0,0
1492-2,6,5,ferrones,32,46,1,45,36,0,0,0,9,13,0,1,0,0,,0,0
1492-2,6,6,ferrones,32,46,1,57,33,0,0,0,9,25,0,0,0,0,,0,0
1492-2,6,7,ferrones,32,46,1,69,30,0,0,0,9,25,0,0,0,0,1,1,0
1492-2,6,8,ferrones,32,46,1,81,27,0,0,0,9,25,0,0,0,0,,0,0
1492-2,6,9,ferrones,32,46,1,93,24,0,0,0,9,25,0,0,0,0,,0,0
1492-2,6,10,ferrones,32,46,1,105,22,0,0,0,9,25,0,0,0,0,,0,0
1492-2,6,11,ferrones,32,46,1,117,29,0,0,0,19,35,0,0,0,0,,0,0
1492-2,6,12,ferrones,32,48,1,129,36,0,0,0,19,35,0,0,0,0,,0,0
1492-2,6,13,ferrones,32,46,1,53,32,0,0,0,19,35,0,0,0,0,1,7,0
1492-2,6,14,ferrones,32,48,1,65,42,0,1,0,19,35,0,0,0,0,,0,0
1492-2,6,15,ferrones,33,50,1,77,49,0,0,0,19,35,0,0,0,0,,0,0
1492-2,6,16,ferrones,33,52,1,91,54,0,0,0,19,37,0,0,0,0,,0,0
1492-2,6,17,ferrones,33,52,1,105,51,0,0,0,12,30,0,0,0,0,,0,0
1492-2,6,18,ferrones,33,52,1,119,48,0,0,0,12,30,0,0,0,0,,0,0
1492-2,6,19,ferrones,32,48,1,76,23,0,0,0,12,30,0,0,0,0,1,16,0
1492-2,6,20,ferrones,32,48,1,78,26,0,0,0,12,28,0,0,0,0,,0,0
1492-2,6,21,ferrones,45,48,1,90,24,0,0,0,12,28,0,1,0,1,,0,0
1492-2,6,22,ferrones,45,48,1,102,24,0,0,0,12,32,0,0,0,1,,0,0
1492-2,6,23,ferrones,45,48,1,114,19,0,0,0,7,27,0,0,0,1,,0,0
1492-2,6,24,ferrones,45,48,1,122,14,0,0,0,7,23,0,0,0,1,,0,0
1492-2,6,25,ferrones,45,48,1,84,9,0,0,0,7,23,0,0,0,1,1,4,0
1492-2,6,26,ferrones,45,48,1,92,11,0,0,0,7,23,0,0,0,1,,0,0
1492-2,6,27,ferrones,45,48,1,100,6,0,0,0,7,23,0,0,0,1,,0,0
1492-2,6,28,ferrones,45,48,1,108,1,0,0,0,7,23,0,0,0,1,,0,0
1492-2,6,29,ferrones,44,48,1,116,0,0,0,0,9,25,1,0,0,1,,0,0
1492-2,6,30,ferrones,43,48,1,128,0,0,0,0,9,29,1,0,0,1,,0,0
1492-2,6,31,ferrones,42,47,1,111,0,0,0,0,9,29,1,0,0,1,1,7,0
1492-2,6,32,ferrones,41,46,1,104,4,0,0,0,9,29,1,0,0,1,,0,0
1492-2,6,33,ferrones,41,46,1,116,4,0,0,0,9,29,0,0,0,1,,0,0
1492-2,6,34,ferrones,41,46,1,128,2,0,0,0,9,29,0,0,0,1,,0,0
1492-2,6,35,ferrones,41,46,1,140,10,0,0,0,19,39,0,0,0,1,,0,0
1492-2,6,36,ferrones,41,46,1,152,18,0,0,0,19,39,0,0,0,1,,0,0
1492-2,6,37,ferrones,41,46,1,110,25,0,0,0,19,39,0,0,0,1,1,8,0
1492-2,6,38,ferrones,41,48,1,103,36,0,1,0,19,39,0,0,0,1,,0,0
1492-2,6,39,ferrones,45,50,1,115,43,0,0,0,19,39,0,1,0,1,,0,0
1492-2,6,40,ferrones,45,52,1,129,48,0,0,0,19,41,0,0,0,1,,0,0
1492-2,6,41,ferrones,45,52,1,143,46,0,0,0,12,34,0,0,0,1,,0,0
1492-2,6,42,ferrones,45,52,1,157,44,0,0,0,12,34,0,0,0,1,,0,0
1492-2,6,43,ferrones,45,50,1,101,32,0,0,0,12,34,0,0,0,1,1,7,0
1492-2,6,44,ferrones,45,50,1,97,34,0,0,0,12,34,0,0,0,1,,0,0
1492-2,6,45,ferrones,45,50,1,111,33,0,0,0,12,34,0,0,0,1,,0,0
1492-2,6,46,ferrones,45,50,1,125,30,0,0,0,12,34,0,1,0,1,,0,0
1492-2,6,47,ferrones,45,50,1,139,24,0,0,0,7,29,0,0,0,1,,0,0
1492-2,6,48,ferrones,45,50,1,148,19,0,0,0,7,24,0,0,0,1,,0,0
1492-2,6,49,ferrones,45,54,1,133,15,0,0,0,7,24,0,0,0,1,1,7,0
1492-2,6,50,ferrones,45,54,1,117,16,0,0,0,7,24,0,0,0,1,,0,0
1492-2,6,51,ferrones,45,54,1,126,15,0,0,0,7,24,0,0,0,1,,0,0
1492-2,6,52,ferrones,45,54,1,135,9,0,0,0,7,24,0,0,0,1,,0,0
1492-2,6,53,ferrones,45,54,1,144,5,0,0,0,9,26,0,0,0,1,,0,0
1492-2,6,54,ferrones,45,54,1,158,1,0,0,0,9,31,0,0,0,1,,0,0
1492-2,6,55,ferrones,44,54,1,99,0,0,0,0,9,31,1,0,0,1,1,5,0
1492-2,6,56,ferrones,43,54,1,113,4,0,2,0,9,31,1,0,0,1,,0,0
1492-2,6,57,ferrones,42,53,1,127,0,0,2,0,6,28,1,0,0,1,,0,0
1492-2,6,58,ferrones,41,52,1,141,0,0,2,0,6,28,1,0,0,1,,0,0
1492-2,6,59,ferrones,41,52,1,155,0,0,2,0,13,35,0,0,0,1,,0,0
1492-2,6,60,ferrones,41,52,1,169,0,0,2,0,13,35,0,0,0,1,,0,0
1492-2,6,61,ferrones,41,52,1,151,0,0,2,0,13,35,0,0,0,1,1,7,0
1492-2,6,62,ferrones,41,52,1,118,7,0,2,0,13,35,0,0,0,1,,0,0
1492-2,6,63,ferrones,41,52,1,132,17,0,1,0,19,41,0,0,0,1,,0,0
1492-2,6,64,ferrones,41,52,1,146,23,0,0,0,19,41,0,0,0,1,,0,0
1492-2,6,65,ferrones,41,52,1,160,24,0,0,0,14,36,0,0,0,1,,0,0
1492-2,6,66,ferrones,41,52,1,174,24,0,0,0,14,36,0,0,0,1,,0,0
1492-2,6,67,ferrones,41,52,1,149,24,0,0,0,14,36,0,0,0,1,1,7,0
1492-2,6,68,ferrones,41,52,1,121,29,0,0,0,14,36,0,0,0,1,,0,0
1492-2,6,69,ferrones,41,54,1,135,32,0,0,0,14,36,0,0,0,1,,0,0
1492-2,6,70,ferrones,42,56,1,149,32,0,0,0,14,36,0,0,0,1,,0,0
1492-2,6,71,ferrones,42,56,1,163,24,0,0,0,7,29,0,0,0,1,,0,0
1492-2,6,72,ferrones,42,56,1,172,17,0,0,0,7,24,0,0,0,1,,0,0
1492-2,6,73,ferrones,42,56,1,152,10,0,0,0,7,24,0,0,0,1,1,9,0
1492-2,6,74,ferrones,42,56,1,117,10,0,0,0,7,24,0,0,0,1,,0,0
1492-2,6,75,ferrones,42,56,1,121,10,0,0,0,7,24,0,0,0,1,,0,0
1492-2,6,76,ferrones,42,56,1,130,4,0,0,0,7,24,0,0,0,1,,0,0
1492-2,6,77,ferrones,41,56,1,139,0,0,0,0,9,26,1,0,0,1,,0,0
1492-2,6,78,ferrones,40,56,1,153,0,0,0,0,9,31,1,0,0,1,,0,0
1492-2,6,79,ferrones,39,55,1,124,0,0,0,0,9,31,1,0,0,1,1,7,0
1492-2,6,80,ferrones,37,54,1,118,4,0,1,0,9,31,1,0,0,1,,0,0
1492-2,6,81,ferrones,37,54,1,132,4,0,1,0,9,31,0,0,0,1,,0,0
1492-2,6,82,ferrones,37,54,1,146,0,0,1,0,9,31,0,0,0,1,,0,0
1492-2,6,83,ferrones,37,54,1,160,6,0,0,0,19,41,0,0,0,1,,0,0
1492-2,6,84,ferrones,37,54,1,174,12,0,0,0,19,41,0,0,0,1,,0,0
1492-2,6,85,ferrones,37,54,1,117,18,0,0,0,19,41,0,0,0,1,1,7,0
1492-2,6,86,ferrones,37,54,1,116,28,0,2,0,19,41,0,0,0,1,,0,0
1492-2,6,87,ferrones,38,56,1,130,37,0,1,0,19,41,0,0,0,1,,0,0
1492-2,6,88,ferrones,38,58,1,144,42,0,0,0,19,41,0,0,0,1,,0,0
1492-2,6,89,ferrones,38,58,1,158,39,0,0,0,12,34,0,0,0,1,,0,0
1492-2,6,90,ferrones,38,58,1,172,36,0,0,0,12,34,0,0,0,1,,0,0
1492-2,6,91,ferrones,38,58,1,157,33,0,0,0,12,34,0,0,0,1,1,9,0
1492-2,6,92,ferrones,38,58,1,127,37,0,0,0,12,34,0,0,0,1,,0,0
1492-2,6,93,ferrones,38,58,1,136,41,0,0,0,12,34,0,0,0,1,,0,0
1492-2,6,94,ferrones,38,58,1,150,39,0,0,0,12,34,0,0,0,1,,0,0
1492-2,6,95,ferrones,38,58,1,164,31,0,0,0,7,29,0,0,0,1,,0,0
1492-2,6,96,ferrones,38,58,1,173,24,0,0,0,7,24,0,0,0,1,,0,0
1492-2,6,97,ferrones,38,58,1,150,17,0,0,0,7,24,0,0,0,1,1,9,0
1492-2,6,98,ferrones,38,58,1,115,17,0,0,0,7,24,0,0,0,1,,0,0
1492-2,6,99,ferrones,38,58,1,119,17,0,0,0,7,24,0,0,0,1,,0,0
1492-2,6,100,ferrones,38,58,1,128,11,0,0,0,7,24,0,0,0,1,,0,0
1492-2,6,101,ferrones,38,58,1,137,6,0,0,0,9,26,0,0,0,1,,0,0
1492-2,6,102,ferrones,38,58,1,151,1,0,0,0,9,31,0,0,0,1,,0,0
1492-2,6,103,ferrones,37,58,1,121,0,0,0,0,9,31,1,0,0,1,1,7,0
1492-2,6,104,ferrones,36,58,1,120,4,0,1,0,9,31,1,0,0,1,,0,0
1492-2,6,105,ferrones,35,57,1,134,3,0,1,0,9,31,1,0,0,1,,0,0
1492-2,6,106,ferrones,34,56,1,148,0,0,1,0,9,31,1,0,0,1,,0,0
1492-2,6,107,ferrones,34,56,1,162,2,0,0,0,16,38,0,0,0,1,,0,0
1492-2,6,108,ferrones,34,56,1,176,4,0,0,0,16,38,0,0,0,1,,0,0
1492-2,6,109,ferrones,34,56,1,121,6,0,0,0,16,38,0,0,0,1,1,7,0
1492-2,6,110,ferrones,34,56,1,120,12,0,2,0,16,38,0,0,0,1,,0,0
1492-2,6,111,ferrones,34,56,1,134,17,0,1,0,16,38,0,0,0,1,,0,0
1492-2,6,112,ferrones,34,56,1,148,19,0,0,0,16,38,0,0,0,1,,0,0
1492-2,6,113,ferrones,34,56,1,162,17,0,0,0,12,34,0,0,0,1,,0,0
1492-2,6,114,ferrones,34,56,1,176,15,0,0,0,12,34,0,0,0,1,,0,0
1492-2,6,115,ferrones,34,56,1,162,13,0,0,0,12,34,0,0,0,1,1,7,0
1492-2,6,116,ferrones,34,56,1,123,18,0,0,0,12,34,0,0,0,1,,0,0
1492-2,6,117,ferrones,34,56,1,137,23,0,0,0,12,34,0,0,0,1,,0,0
1492-2,6,118,ferrones,34,56,1,151,21,0,0,0,12,34,0,0,0,1,,0,0
1492-2,6,119,ferrones,34,56,1,165,14,0,0,0,7,29,0,0,0,1,,0,0
1492-2,6,120,ferrones,34,56,1,174,7,0,0,0,7,24,0,0,0,1,,0,0
1492-2,6,121,ferrones,34,56,1,154,0,0,0,0,7,24,0,0,0,1,1,9,0
1492-2,6,122,ferrones,33,56,1,119,7,0,0,0,7,24,1,0,0,1,,0,0
1492-2,6,123,ferrones,33,56,1,123,7,0,0,0,7,24,0,0,0,1,,0,0
1492-2,6,124,ferrones,33,56,1,132,1,0,0,0,7,24,0,0,0,1,,0,0
1492-2,6,125,ferrones,32,56,1,141,0,0,0,0,9,26,1,0,0,1,,0,0
1492-2,6,126,ferrones,31,56,1,155,0,0,0,0,9,31,1,0,0,1,,0,0
1492-2,6,127,ferrones,30,55,1,126,0,0,0,0,9,31,1,0,0,1,1,7,0
1492-2,6,128,ferrones,28,54,1,120,4,0,1,0,9,31,1,0,0,1,,0,0
1492-2,6,129,ferrones,28,54,1,134,4,0,1,0,9,31,0,0,0,1,,0,0
1492-2,6,130,ferrones,28,54,1,148,0,0,1,0,9,31,0,0,0,1,,0,0
1492-2,6,131,ferrones,28,54,1,162,6,0,0,0,19,41,0,0,0,1,,0,0
1492-2,6,132,ferrones,28,54,1,176,12,0,0,0,19,41,0,0,0,1,,0,0
1492-2,6,133,ferrones,28,54,1,119,18,0,0,0,19,41,0,0,0,1,1,7,0
1492-2,6,134,ferrones,28,54,1,118,28,0,2,0,19,41,0,0,0,1,,0,0
1492-2,6,135,ferrones,29,56,1,132,37,0,1,0,19,41,0,0,0,1,,0,0
1492-2,6,136,ferrones,29,58,1,146,42,0,0,0,19,41,0,0,0,1,,0,0
1492-2,6,137,ferrones,29,58,1,160,38,0,0,0,11,33,0,0,0,1,,0,0
1492-2,6,138,ferrones,29,58,1,174,34,0,0,0,11,33,0,0,0,1,,0,0
1492-2,6,139,ferrones,29,58,1,159,30,0,0,0,11,33,0,0,0,1,1,9,0
1492-2,6,140,ferrones,29,58,1,129,33,0,0,0,11,33,0,0,0,1,,0,0
1492-2,6,141,ferrones,29,58,1,138,36,0,0,0,11,33,0,0,0,1,,0,0
1492-2,6,142,ferrones,29,58,1,152,33,0,0,0,11,33,0,0,0,1,,0,0
1492-2,6,143,ferrones,29,58,1,166,25,0,0,0,7,29,0,0,0,1,,0,0
1492-2,6,144,ferrones,29,58,1,175,18,0,0,0,7,24,0,0,0,1,,0,0
1492-2,6,145,ferrones,29,58,1,167,11,0,0,0,7,24,0,0,0,1,1,10,0
1492-2,6,146,ferrones,29,58,1,114,8,0,0,0,7,24,0,0,0,1,,0,0
1492-2,6,147,ferrones,29,58,1,118,8,0,0,0,7,24,0,0,0,1,,0,0
1492-2,6,148,ferrones,29,58,1,127,2,0,0,0,7,24,0,0,0,1,,0,0
1492-2,6,149,ferrones,28,58,1,136,0,0,0,0,9,26,1,0,0,1,,0,0
1492-2,6,150,ferrones,27,58,1,150,0,0,0,0,9,31,1,0,0,1,,0,0
1492-2,6,151,ferrones,26,57,1,130,0,0,0,0,9,31,1,0,0,1,1,9,0
1492-2,6,152,ferrones,25,56,1,139,1,0,2,0,9,31,1,0,0,1,,0,0
1492-2,6,153,ferrones,24,55,1,153,1,0,2,0,9,31,1,0,0,1,,0,0
1492-2,6,154,ferrones,22,54,1,167,0,0,2,0,9,31,1,0,0,1,,0,0
1492-2,6,155,ferrones,22,54,1,181,4,0,1,0,17,39,0,0,0,1,,0,0
1492-2,6,156,ferrones,22,54,1,195,8,0,0,0,17,39,0,0,0,1,,0,0
1492-2,6,157,ferrones,22,54,1,176,12,0,0,0,17,39,0,0,0,1,1,11,0
1492-2,6,158,ferrones,22,54,1,143,17,0,2,0,17,39,0,0,0,1,,0,0
1492-2,6,159,ferrones,22,54,1,152,27,0,1,0,19,41,0,0,0,1,,0,0
1492-2,6,160,ferrones,23,56,1,166,34,0,0,0,19,41,0,0,0,1,,0,0
1492-2,6,161,ferrones,23,56,1,180,31,0,0,0,12,34,0,0,0,1,,0,0
1492-2,6,162,ferrones,23,56,1,194,28,0,0,0,12,34,0,0,0,1,,0,0
1492-2,6,163,ferrones,23,56,1,225,25,0,0,0,12,34,0,0,0,1,1,13,0
1492-2,6,164,ferrones,23,56,1,192,27,0,0,0,12,34,0,0,0,1,,0,0
1492-2,6,165,ferrones,23,56,1,171,28,0,0,0,12,34,0,0,0,1,,0,0
1492-2,6,166,ferrones,23,56,1,180,32,0,0,0,12,34,0,0,0,1,,0,0
1492-2,6,167,ferrones,23,56,1,194,25,0,0,0,7,29,0,0,0,1,,0,0
1492-2,6,168,ferrones,23,56,1,203,18,0,0,0,7,24,0,0,0,1,,0,0
1492-2,6,169,ferrones,23,56,1,240,11,0,0,0,7,24,0,0,0,1,1,14,0
1492-2,6,170,ferrones,23,56,1,202,8,0,0,0,7,24,0,0,0,1,,0,0
1492-2,6,171,ferrones,23,56,1,167,5,0,0,0,7,24,0,0,0,1,,0,0
1492-2,6,172,ferrones,22,56,1,171,7,0,0,0,7,24,1,0,0,1,,0,0
1492-2,6,173,ferrones,22,56,1,180,3,0,0,0,9,26,0,0,0,1,,0,0
1492-2,6,174,ferrones,21,56,1,194,0,0,0,0,9,31,1,0,0,1,,0,0
1492-2,6,175,ferrones,20,56,1,199,0,0,0,0,9,31,1,0,0,1,1,12,0
1492-2,6,176,ferrones,19,55,1,181,1,0,2,0,9,31,1,0,0,1,,0,0
1492-2,6,177,ferrones,17,54,1,180,1,0,2,0,9,31,1,0,0,1,,0,0
1492-2,6,178,ferrones,16,53,1,194,3,0,2,0,8,30,1,0,0,1,,0,0
1492-2,6,179,ferrones,16,53,1,208,4,0,1,0,14,36,0,0,0,1,,0,0
1492-2,6,180,ferrones,16,53,1,222,5,0,0,0,14,36,0,0,0,1,,0,0
1492-2,6,181,ferrones,16,53,1,239,6,0,0,0,14,36,0,0,0,1,1,12,0
1492-2,6,182,ferrones,16,53,1,180,8,0,2,0,14,36,0,0,0,1,,0,0
1492-2,6,183,ferrones,16,53,1,189,13,0,2,0,14,36,0,0,0,1,,0,0
1492-2,6,184,ferrones,16,53,1,203,15,0,1,0,14,36,0,0,0,1,,0,0
1492-2,6,185,ferrones,16,53,1,217,12,0,0,0,10,32,0,0,0,1,,0,0
1492-2,6,186,ferrones,16,53,1,231,9,0,0,0,10,32,0,0,0,1,,0,0
1492-2,6,187,ferrones,16,53,1,269,6,0,0,0,10,32,0,0,0,1,1,14,0
1492-2,6,188,ferrones,16,53,1,236,7,0,0,0,10,32,0,0,0,1,,0,0
1492-2,6,189,ferrones,16,53,1,188,8,0,0,0,10,32,0,0,0,1,,0,0
1492-2,6,190,ferrones,16,53,1,187,12,0,0,0,10,32,0,0,0,1,,0,0
1492-2,6,191,ferrones,16,53,1,201,8,0,0,0,6,28,0,0,0,1,,0,0
1492-2,6,192,ferrones,16,53,1,210,2,0,0,0,7,24,0,0,0,1,,0,0
1492-2,6,193,ferrones,15,53,1,256,0,0,0,0,7,24,1,0,0,1,1,15,0
1492-2,6,194,ferrones,14,53,1,218,4,0,0,0,7,24,1,0,0,1,,0,0
1492-2,6,195,ferrones,13,52,1,180,4,0,0,0,7,24,1,0,0,1,,0,0
1492-2,6,196,ferrones,12,51,1,184,4,0,0,0,6,23,1,0,0,1,,0,0
1492-2,6,197,ferrones,12,51,1,193,1,0,0,0,8,25,0,0,0,1,,0,0
1492-2,6,198,ferrones,11,51,1,207,0,0,0,0,8,30,1,0,0,1,,0,0
1492-2,6,199,ferrones,10,51,1,232,0,0,0,0,8,30,1,0,0,1,1,14,0
1492-2,6,200,ferrones,9,50,1,182,1,0,2,0,8,23,1,0,0,1,,0,0
1492-2,6,1,hortelanos,40,86,1,34,76,0,0,0,31,49,0,0,0,0,1,5,0
1492-2,6,2,hortelanos,40,86,1,38,81,0,0,0,31,39,0,0,0,0,,0,0
1492-2,6,3,hortelanos,40,86,1,42,86,0,0,0,31,39,0,0,0,0,,0,0
1492-2,6,4,hortelanos,105,86,1,46,91,0,0,0,31,39,0,0,0,1,,0,0
1492-2,6,5,hortelanos,105,86,1,50,101,0,0,0,37,45,0,1,0,1,,0,0
1492-2,6,6,hortelanos,105,86,1,70,113,0,0,0,37,61,0,0,0,1,,0,0
1492-2,6,7,hortelanos,104,82,1,70,105,0,0,0,37,61,0,0,0,1,1,11,0
1492-2,6,8,hortelanos,167,82,1,90,118,0,0,0,37,61,0,0,0,2,,0,0
1492-2,6,9,hortelanos,167,82,1,110,130,0,0,0,37,61,0,0,0,2,,0,0
1492-2,6,10,hortelanos,167,82,1,130,132,0,0,0,37,61,0,0,0,2,,0,0
1492-2,6,11,hortelanos,170,82,1,150,167,0,0,0,61,85,0,0,0,2,,0,0
1492-2,6,12,hortelanos,170,82,1,170,200,0,0,0,61,85,0,0,0,2,,0,0
1492-2,6,13,hortelanos,169,78,1,90,218,0,0,0,61,85,0,0,0,2,1,17,0
1492-2,6,14,hortelanos,169,78,1,79,244,0,2,0,61,83,0,0,0,2,,0,0
1492-2,6,15,hortelanos,169,78,1,97,265,0,2,0,61,83,0,0,0,2,,0,0
1492-2,6,16,hortelanos,169,78,1,115,285,0,2,0,61,83,0,0,0,2,,0,0
1492-2,6,17,hortelanos,169,78,1,133,287,0,2,0,43,65,0,0,0,2,,0,0
1492-2,6,18,hortelanos,169,78,1,151,289,0,2,0,43,65,0,0,0,2,,0,0
1492-2,6,19,hortelanos,169,78,1,250,280,0,2,0,43,65,0,0,0,2,1,29,0
1492-2,6,20,hortelanos,172,78,1,232,287,0,2,0,43,65,0,0,0,2,,0,0
1492-2,6,21,hortelanos,172,78,1,250,289,0,2,0,43,65,0,0,0,2,,0,0
1492-2,6,22,hortelanos,172,78,1,268,291,0,2,0,43,65,0,0,0,2,,0,0
1492-2,6,23,hortelanos,172,78,1,286,275,0,2,0,31,53,0,0,0,2,,0,0
1492-2,6,24,hortelanos,175,78,1,297,266,0,2,0,31,46,0,0,0,2,,0,0
1492-2,6,25,hortelanos,175,78,1,358,252,0,2,0,31,46,0,0,0,2,1,21,0
1492-2,6,26,hortelanos,175,78,1,299,251,0,2,0,31,46,0,0,0,2,,0,0
1492-2,6,27,hortelanos,175,78,1,230,250,0,2,0,31,46,0,0,0,2,,0,0
1492-2,6,28,hortelanos,175,78,1,221,242,0,2,0,31,46,0,0,0,2,,0,0
1492-2,6,29,hortelanos,175,78,1,232,238,0,2,0,37,52,0,1,0,2,,0,0
1492-2,6,30,hortelanos,175,78,1,250,242,0,2,0,43,65,0,0,0,2,,0,0
1492-2,6,31,hortelanos,176,82,1,385,237,0,2,0,43,65,0,0,0,2,1,24,0
1492-2,6,32,hortelanos,176,82,1,369,245,0,2,0,43,67,0,0,0,2,,0,0
1492-2,6,33,hortelanos,176,82,1,353,253,0,2,0,43,67,0,0,0,2,,0,0
1492-2,6,34,hortelanos,176,82,1,337,260,0,2,0,43,67,0,0,0,2,,0,0
1492-2,6,35,hortelanos,176,82,1,321,267,0,2,0,43,67,0,0,0,2,,0,0
1492-2,6,36,hortelanos,176,82,1,333,270,0,2,0,43,67,0,0,0,2,,0,0
1492-2,6,37,hortelanos,175,78,1,381,269,0,2,0,43,67,0,0,0,2,1,17,0
1492-2,6,38,hortelanos,175,78,1,329,279,0,2,0,43,65,0,0,0,2,,0,0
1492-2,6,39,hortelanos,175,78,1,277,288,0,2,0,43,65,0,0,0,2,,0,0
1492-2,6,40,hortelanos,175,78,1,235,296,0,2,0,43,65,0,0,0,2,,0,0
1492-2,6,41,hortelanos,175,78,1,253,298,0,2,0,43,65,0,0,0,2,,0,0
1492-2,6,42,hortelanos,175,78,1,271,300,0,2,0,43,65,0,0,0,2,,0,0
1492-2,6,43,hortelanos,175,78,1,331,242,0,2,0,43,65,0,0,0,2,1,26,0
1492-2,6,44,hortelanos,175,78,1,279,253,0,2,0,43,65,0,0,0,2,,0,0
1492-2,6,45,hortelanos,278,125,2,227,263,0,2,0,43,65,0,0,0,3,,0,0
1492-2,6,46,hortelanos,278,127,2,246,250,0,2,0,43,73,0,0,0,3,,0,0
1492-2,6,47,hortelanos,278,129,2,265,242,0,2,0,43,73,0,0,0,3,,0,0
1492-2,6,48,hortelanos,279,131,2,279,233,0,2,0,43,68,0,0,0,3,,0,0
1492-2,6,49,hortelanos,279,133,2,324,220,0,2,0,43,68,0,0,0,3,1,25,0
1492-2,6,50,hortelanos,280,135,2,268,214,0,2,0,43,68,0,0,0,3,,0,0
1492-2,6,51,hortelanos,283,137,2,212,209,0,2,0,43,68,0,2,0,3,,0,0
1492-2,6,52,hortelanos,283,138,2,216,215,0,2,0,59,84,0,0,0,3,,0,0
1492-2,6,53,hortelanos,283,138,2,232,217,0,2,0,59,86,0,0,0,3,,0,0
1492-2,6,54,hortelanos,284,141,2,255,219,0,2,0,59,93,0,2,0,3,,0,0
1492-2,6,55,hortelanos,284,144,2,344,220,0,2,0,59,93,0,0,0,3,1,25,0
1492-2,6,56,hortelanos,285,147,2,316,229,0,2,0,59,93,0,1,0,3,,0,0
1492-2,6,57,hortelanos,289,150,2,300,239,0,2,0,59,96,0,0,0,3,,0,0
1492-2,6,58,hortelanos,289,153,2,290,251,0,2,0,59,98,0,0,0,3,,0,0
1492-2,6,59,hortelanos,290,156,2,302,260,0,2,0,59,98,0,0,0,3,,0,0
1492-2,6,60,hortelanos,290,159,2,323,264,0,2,0,59,98,0,0,0,3,,0,0
1492-2,6,61,hortelanos,291,163,2,391,263,0,0,0,59,100,0,0,0,3,1,27,0
1492-2,6,62,hortelanos,295,167,2,348,280,0,0,0,71,112,0,0,0,3,,0,0
1492-2,6,63,hortelanos,295,168,2,305,295,0,0,0,71,112,0,0,0,3,,0,0
1492-2,6,64,hortelanos,295,168,2,284,300,0,0,0,71,114,0,0,0,3,,0,0
1492-2,6,65,hortelanos,295,168,2,313,302,0,0,0,71,114,0,0,0,3,,0,0
1492-2,6,66,hortelanos,298,168,2,342,308,0,0,0,71,114,0,0,0,3,,0,0
1492-2,6,67,hortelanos,298,168,2,418,273,0,0,0,71,114,0,0,0,3,1,22,0
1492-2,6,68,hortelanos,298,168,2,377,287,0,0,0,71,114,0,0,0,3,,0,0
1492-2,6,69,hortelanos,359,220,3,336,301,0,0,0,71,114,0,0,0,4,,0,0
1492-2,6,70,hortelanos,359,222,3,298,298,0,0,0,71,124,0,0,0,4,,0,0
1492-2,6,71,hortelanos,359,224,3,330,292,0,0,0,71,124,0,0,0,4,,0,0
1492-2,6,72,hortelanos,360,226,3,355,285,0,0,0,71,117,0,0,0,4,,0,0
1492-2,6,73,hortelanos,360,228,3,416,238,0,0,0,71,117,0,0,0,4,1,35,0
1492-2,6,74,hortelanos,360,228,3,400,240,0,0,0,71,119,0,0,0,4,,0,0
1492-2,6,75,hortelanos,392,270,4,384,241,0,0,0,71,119,0,2,0,4,,0,0
1492-2,6,76,hortelanos,392,272,4,357,246,0,0,0,81,137,0,0,0,4,,0,0
1492-2,6,77,hortelanos,392,274,4,340,246,0,0,0,81,137,0,0,0,4,,0,0
1492-2,6,78,hortelanos,393,279,4,330,246,0,0,0,81,144,0,2,0,4,,0,0
1492-2,6,79,hortelanos,394,284,4,316,197,0,0,0,81,144,0,0,0,4,1,34,0
1492-2,6,80,hortelanos,395,289,4,266,190,0,2,0,81,146,0,3,0,4,,0,0
1492-2,6,81,hortelanos,429,344,5,196,196,0,4,0,89,157,0,0,0,4,,0,0
1492-2,6,82,hortelanos,431,351,5,218,185,0,2,0,89,167,0,2,0,4,,0,0
1492-2,6,83,hortelanos,431,351,5,256,171,0,2,0,89,172,0,0,0,4,,0,0
1492-2,6,84,hortelanos,432,358,5,294,155,0,2,0,89,172,0,1,0,4,,0,0
1492-2,6,85,hortelanos,432,358,5,430,146,0,2,0,89,172,0,0,0,4,1,23,0
1492-2,6,86,hortelanos,432,359,5,415,143,0,2,0,89,172,0,1,0,4,,0,0
1492-2,6,87,hortelanos,433,364,5,392,149,0,2,0,93,178,0,0,0,4,,0,0
1492-2,6,88,hortelanos,434,369,5,379,151,0,2,0,93,178,0,1,0,4,,0,0
1492-2,6,89,hortelanos,436,376,5,390,159,0,2,0,99,188,0,0,0,4,,0,0
1492-2,6,90,hortelanos,437,383,5,427,163,0,2,0,99,188,0,1,0,4,,0,0
1492-2,6,91,hortelanos,438,387,5,488,167,0,2,0,106,195,0,0,0,4,1,22,0
1492-2,6,92,hortelanos,439,390,5,490,169,0,2,0,106,197,0,1,0,4,,0,0
1492-2,6,93,hortelanos,439,393,5,484,179,0,2,0,113,206,0,0,0,4,,0,0
1492-2,6,94,hortelanos,440,396,5,488,186,0,2,0,113,206,0,1,0,4,,0,0
1492-2,6,95,hortelanos,440,399,5,483,193,0,2,0,109,202,0,0,0,4,,0,0
1492-2,6,96,hortelanos,441,403,5,473,202,0,2,0,109,197,0,0,0,4,,0,0
1492-2,6,97,hortelanos,442,407,5,551,169,0,2,0,109,197,0,0,0,4,1,25,0
1492-2,6,98,hortelanos,442,408,5,550,171,0,2,0,109,197,0,0,0,4,,0,0
1492-2,6,99,hortelanos,468,439,6,551,172,0,2,0,109,199,0,0,0,4,,0,0
1492-2,6,100,hortelanos,468,439,6,551,167,0,2,0,109,205,0,0,0,4,,0,0
1492-2,6,101,hortelanos,469,440,6,551,167,0,2,0,114,210,0,0,0,4,,0,0
1492-2,6,102,hortelanos,469,441,6,558,166,0,2,0,114,217,0,0,0,4,,0,0
1492-2,6,103,hortelanos,469,442,6,630,126,0,2,0,114,217,0,0,0,4,1,28,0
1492-2,6,104,hortelanos,469,443,6,637,124,0,2,0,114,217,0,1,0,4,,0,0
1492-2,6,105,hortelanos,496,478,7,626,127,0,2,0,117,220,0,0,0,4,,0,0
1492-2,6,106,hortelanos,496,478,7,630,120,0,2,0,117,226,0,1,0,4,,0,0
1492-2,6,107,hortelanos,497,480,7,624,126,0,2,0,129,238,0,0,0,4,,0,0
1492-2,6,108,hortelanos,497,482,7,619,132,0,2,0,129,238,0,1,0,4,,0,0
1492-2,6,109,hortelanos,497,484,7,714,143,0,2,0,129,238,0,0,0,4,1,25,0
1492-2,6,110,hortelanos,498,486,7,709,149,0,2,0,129,238,0,2,0,4,,0,0
1492-2,6,111,hortelanos,498,488,7,684,165,0,2,0,136,245,0,0,0,4,,0,0
1492-2,6,112,hortelanos,499,492,7,673,175,0,2,0,136,249,0,2,0,4,,0,0
1492-2,6,113,hortelanos,500,496,7,662,191,0,2,0,141,254,0,1,0,4,,0,0
1492-2,6,114,hortelanos,501,500,7,643,211,0,2,0,147,260,0,1,0,4,,0,0
1492-2,6,115,hortelanos,501,504,7,675,231,0,2,0,152,265,0,1,0,4,1,25,0
1492-2,6,116,hortelanos,502,508,7,683,249,0,2,0,155,268,0,1,0,4,,0,0
1492-2,6,117,hortelanos,503,512,7,695,270,0,2,0,158,275,0,0,0,4,,0,0
1492-2,6,118,hortelanos,504,516,7,707,289,0,2,0,158,275,0,0,0,4,,0,0
1492-2,6,119,hortelanos,505,520,7,719,288,0,2,0,138,255,0,0,0,4,,0,0
1492-2,6,120,hortelanos,505,524,7,724,286,0,2,0,138,248,0,0,0,4,,0,0
1492-2,6,121,hortelanos,506,528,7,661,273,0,2,0,138,248,0,0,0,4,1,25,0
1492-2,6,122,hortelanos,507,531,7,688,270,0,2,0,138,252,0,0,0,4,,0,0
1492-2,6,123,hortelanos,510,534,7,714,278,0,2,0,149,263,0,0,0,4,,0,0
1492-2,6,124,hortelanos,511,537,7,741,285,0,2,0,149,263,0,0,0,4,,0,0
1492-2,6,125,hortelanos,512,540,7,764,301,0,2,0,160,274,0,0,0,4,,0,0
1492-2,6,126,hortelanos,512,543,7,803,316,0,2,0,160,283,0,0,0,4,,0,0
1492-2,6,127,hortelanos,513,546,7,848,320,0,2,0,160,283,0,0,0,4,1,35,0
1492-2,6,128,hortelanos,516,549,7,867,330,0,2,0,160,283,0,0,0,4,,0,0
1492-2,6,129,hortelanos,517,553,7,881,338,0,2,0,160,285,0,0,0,4,,0,0
1492-2,6,130,hortelanos,518,557,7,902,334,0,2,0,160,285,0,0,0,4,,0,0
1492-2,6,131,hortelanos,518,558,7,916,382,0,2,0,203,328,0,0,0,4,,0,0
1492-2,6,132,hortelanos,518,558,7,939,428,0,2,0,203,330,0,0,0,4,,0,0
1492-2,6,133,hortelanos,518,558,7,1018,472,0,2,0,203,330,0,0,0,4,1,25,0
1492-2,6,134,hortelanos,521,558,7,1041,514,0,2,0,203,330,0,0,0,4,,0,0
1492-2,6,135,hortelanos,521,558,7,1057,554,0,2,0,203,330,0,0,0,4,,0,0
1492-2,6,136,hortelanos,521,558,7,1073,593,0,2,0,203,330,0,0,0,4,,0,0
1492-2,6,137,hortelanos,521,558,7,1096,591,0,2,0,162,289,0,0,0,4,,0,0
1492-2,6,138,hortelanos,521,558,7,1112,589,0,2,0,162,289,0,0,0,4,,0,0
1492-2,6,139,hortelanos,522,562,7,1203,593,0,2,0,162,289,0,0,0,4,1,26,0
1492-2,6,140,hortelanos,522,562,7,1219,590,0,2,0,162,289,0,0,0,4,,0,0
1492-2,6,141,hortelanos,522,562,7,1242,587,0,2,0,162,289,0,0,0,4,,0,0
1492-2,6,142,hortelanos,522,562,7,1258,584,0,2,0,162,289,0,0,0,4,,0,0
1492-2,6,143,hortelanos,522,562,7,1278,569,0,2,0,149,276,0,0,0,4,,0,0
1492-2,6,144,hortelanos,522,562,7,1291,554,0,2,0,149,269,0,0,0,4,,0,0
1492-2,6,145,hortelanos,521,558,7,1361,492,0,2,0,149,269,0,0,0,4,1,26,0
1492-2,6,146,hortelanos,521,558,7,1374,481,0,2,0,149,269,0,0,0,4,,0,0
1492-2,6,147,hortelanos,548,593,8,1386,471,0,2,0,149,269,0,0,0,4,,0,0
1492-2,6,148,hortelanos,548,593,8,1394,453,0,2,0,149,275,0,0,0,4,,0,0
1492-2,6,149,hortelanos,548,594,8,1398,446,0,2,0,160,286,0,0,0,4,,0,0
1492-2,6,150,hortelanos,549,595,8,1416,439,0,2,0,160,293,0,0,0,4,,0,0
1492-2,6,151,hortelanos,549,596,8,1467,420,0,1,0,160,293,0,0,0,4,1,36,0
1492-2,6,152,hortelanos,549,597,8,1484,435,0,1,0,189,322,0,1,0,4,,0,0
1492-2,6,153,hortelanos,549,598,8,1477,466,0,1,0,200,333,0,0,0,4,,0,0
1492-2,6,154,hortelanos,553,600,8,1496,494,0,1,0,200,335,0,1,0,4,,0,0
1492-2,6,155,hortelanos,553,602,8,1508,583,0,1,0,264,399,0,0,0,4,,0,0
1492-2,6,156,hortelanos,553,604,8,1520,669,0,1,0,264,399,0,0,0,4,,0,0
1492-2,6,157,hortelanos,554,606,8,1580,748,0,1,0,264,399,0,0,0,4,1,31,0
1492-2,6,158,hortelanos,554,608,8,1575,821,0,2,0,264,399,0,0,0,4,,0,0
1492-2,6,159,hortelanos,555,610,8,1579,890,0,3,0,264,401,0,0,0,4,,0,0
1492-2,6,160,hortelanos,555,612,8,1576,956,0,4,0,264,401,0,0,0,4,,0,0
1492-2,6,161,hortelanos,555,614,8,1580,981,0,5,0,225,362,0,0,0,4,,0,0
1492-2,6,162,hortelanos,716,616,8,1577,1005,0,6,0,225,362,0,1,1,5,,0,0
1492-2,6,163,hortelanos,716,618,8,1684,1041,0,7,0,256,393,0,0,0,5,1,39,0
1492-2,6,164,hortelanos,719,618,8,1680,1091,0,7,0,256,395,0,0,0,5,,0,0
1492-2,6,165,hortelanos,720,621,8,1676,1141,0,7,0,256,395,0,1,0,5,,0,0
1492-2,6,166,hortelanos,720,624,8,1662,1190,0,7,0,256,395,0,0,0,5,,0,0
1492-2,6,167,hortelanos,721,627,8,1658,1199,0,7,0,230,369,0,0,0,5,,0,0
1492-2,6,168,hortelanos,725,630,8,1637,1218,0,7,0,230,362,0,1,0,5,,0,0
1492-2,6,169,hortelanos,725,633,8,1761,1197,0,7,0,230,364,0,0,0,5,1,19,0
1492-2,6,170,hortelanos,726,636,8,1752,1214,0,7,0,230,364,0,1,0,5,,0,0
1492-2,6,171,hortelanos,756,686,9,1743,1231,0,7,0,230,367,0,0,0,5,,0,0
1492-2,6,172,hortelanos,757,692,9,1730,1226,0,7,0,230,377,0,0,0,5,,0,0
1492-2,6,173,hortelanos,758,698,9,1717,1238,0,7,0,243,390,0,0,0,5,,0,0
1492-2,6,174,hortelanos,759,701,9,1713,1252,0,7,0,243,399,0,0,0,5,,0,0
1492-2,6,175,hortelanos,762,703,9,1774,1251,0,7,0,243,401,0,0,0,5,1,30,0
1492-2,6,176,hortelanos,763,705,9,1772,1260,0,7,0,243,401,0,2,0,5,,0,0
1492-2,6,177,hortelanos,763,707,9,1760,1280,0,7,0,252,410,0,0,0,5,,0,0
1492-2,6,178,hortelanos,763,709,9,1758,1295,0,7,0,252,410,0,2,0,5,,0,0
1492-2,6,179,hortelanos,764,712,9,1748,1332,0,7,0,272,432,0,0,0,5,,0,0
1492-2,6,180,hortelanos,765,715,9,1748,1363,0,7,0,272,432,0,2,0,5,,0,0
1492-2,6,181,hortelanos,766,722,9,1901,1361,0,7,0,272,436,0,0,0,5,1,20,0
1492-2,6,182,hortelanos,767,725,9,1903,1392,0,7,0,272,438,0,0,0,5,,0,0
1492-2,6,183,hortelanos,796,770,10,1905,1421,0,7,0,272,438,0,0,0,5,,0,0
1492-2,6,184,hortelanos,797,775,10,1901,1438,0,7,0,272,446,0,0,0,5,,0,0
1492-2,6,185,hortelanos,798,780,10,1897,1447,0,7,0,265,439,0,0,0,5,,0,0
1492-2,6,186,hortelanos,799,785,10,1895,1454,0,7,0,265,441,0,0,0,5,,0,0
1492-2,6,187,hortelanos,799,786,10,1985,1450,0,7,0,265,441,0,0,0,5,1,25,0
1492-2,6,188,hortelanos,800,791,10,1978,1452,0,7,0,265,432,0,2,0,5,,0,0
1492-2,6,189,hortelanos,801,797,10,1962,1479,0,7,0,288,456,0,0,0,5,,0,0
1492-2,6,190,hortelanos,802,803,10,1956,1499,0,7,0,288,456,0,2,0,5,,0,0
1492-2,6,191,hortelanos,803,809,10,1940,1496,0,7,0,262,430,0,0,0,5,,0,0
1492-2,6,192,hortelanos,805,815,10,1928,1489,0,7,0,262,424,0,0,0,5,,0,0
1492-2,6,193,hortelanos,806,822,10,2059,1417,0,7,0,263,427,0,1,0,5,1,34,0
1492-2,6,194,hortelanos,807,829,10,2049,1413,0,7,0,263,431,0,0,0,5,,0,0
1492-2,6,195,hortelanos,843,893,11,2039,1408,0,7,0,263,431,0,0,0,5,,0,0
1492-2,6,196,hortelanos,844,899,11,2027,1384,0,7,0,263,441,0,0,0,5,,0,0
1492-2,6,197,hortelanos,845,903,11,2018,1376,0,7,0,276,457,0,0,0,5,,0,0
1492-2,6,198,hortelanos,846,906,11,2018,1367,0,7,0,276,466,0,0,0,5,,0,0
1492-2,6,199,hortelanos,846,909,11,2133,1358,0,7,0,276,466,0,0,0,5,1,28,0
1492-2,6,200,hortelanos,847,912,11,2143,1333,0,7,0,276,476,0,2,0,5,,0,0
1492-2,6,1,mercaderes,46,116,1,458,51,0,0,0,13,45,0,0,0,0,1,4,0
1492-2,6,2,mercaderes,46,116,1,473,32,0,0,0,13,32,0,0,0,0,,0,0
1492-2,6,3,mercaderes,46,116,1,488,14,0,0,0,13,32,0,1,0,0,,0,0
1492-2,6,4,mercaderes,45,116,1,503,0,0,0,0,13,32,1,0,0,0,,0,0
1492-2,6,5,mercaderes,44,116,1,518,0,0,0,0,18,37,1,0,0,0,,0,0
1492-2,6,6,mercaderes,42,113,1,544,0,0,0,0,18,48,1,0,0,0,,0,0
1492-2,6,7,mercaderes,41,110,1,475,0,0,0,0,18,48,1,0,0,0,1,23,0
1492-2,6,8,mercaderes,39,107,1,406,4,0,2,0,18,48,1,0,0,0,,0,0
1492-2,6,9,mercaderes,37,104,1,335,4,0,4,0,18,46,1,0,0,0,,0,0
1492-2,6,10,mercaderes,36,101,1,264,4,0,6,0,16,44,1,0,0,0,,0,0
1492-2,6,11,mercaderes,36,101,1,193,15,0,7,0,32,60,0,0,0,0,,0,0
1492-2,6,12,mercaderes,36,101,1,209,26,0,8,0,32,60,0,0,0,0,,0,0
1492-2,6,13,mercaderes,36,101,1,332,35,0,7,0,32,60,0,0,0,0,1,10,0
1492-2,6,14,mercaderes,36,101,1,303,49,0,6,0,32,60,0,0,0,0,,0,0
1492-2,6,15,mercaderes,36,101,1,284,62,0,4,0,32,60,0,0,0,0,,0,0
1492-2,6,16,mercaderes,36,101,1,308,75,0,2,0,32,60,0,0,0,0,,0,0
1492-2,6,17,mercaderes,36,101,1,332,69,0,0,0,20,48,0,0,0,0,,0,0
1492-2,6,18,mercaderes,36,101,1,356,62,0,0,0,20,48,0,0,0,0,,0,0
1492-2,6,19,mercaderes,35,97,1,351,46,0,0,0,20,48,0,0,0,0,1,18,0
1492-2,6,20,mercaderes,35,97,1,320,48,0,0,0,20,46,0,0,0,0,,0,0
1492-2,6,21,mercaderes,35,97,1,289,50,0,0,0,20,46,0,0,0,0,,0,0
1492-2,6,22,mercaderes,35,97,1,258,54,0,0,0,22,48,0,0,0,0,,0,0
1492-2,6,23,mercaderes,35,97,1,227,49,0,0,0,13,39,0,0,0,0,,0,0
1492-2,6,24,mercaderes,35,97,1,217,44,0,0,0,13,30,0,0,0,0,,0,0
1492-2,6,25,mercaderes,35,97,1,266,39,0,0,0,13,30,0,0,0,0,1,12,0
1492-2,6,26,mercaderes,35,97,1,226,34,0,0,0,13,30,0,0,0,0,,0,0
1492-2,6,27,mercaderes,35,97,1,196,30,0,0,0,13,30,0,0,0,0,,0,0
1492-2,6,28,mercaderes,35,97,1,202,26,0,0,0,13,30,0,0,0,0,,0,0
1492-2,6,29,mercaderes,35,97,1,215,22,0,0,0,18,35,0,0,0,0,,0,0
1492-2,6,30,mercaderes,35,97,1,237,16,0,0,0,18,44,0,0,0,0,,0,0
1492-2,6,31,mercaderes,35,97,1,213,10,0,0,0,18,44,0,0,0,0,1,11,0
1492-2,6,32,mercaderes,35,97,1,165,8,0,2,0,18,44,0,0,0,0,,0,0
1492-2,6,33,mercaderes,35,97,1,176,6,0,2,0,18,44,0,0,0,0,,0,0
1492-2,6,34,mercaderes,35,97,1,198,3,0,2,0,18,44,0,0,0,0,,0,0
1492-2,6,35,mercaderes,35,97,1,220,15,0,1,0,36,62,0,0,0,0,,0,0
1492-2,6,36,mercaderes,35,97,1,242,27,0,0,0,36,62,0,0,0,0,,0,0
1492-2,6,37,mercaderes,35,97,1,225,38,0,0,0,36,62,0,0,0,0,1,11,0
1492-2,6,38,mercaderes,35,97,1,177,52,0,2,0,36,62,0,0,0,0,,0,0
1492-2,6,39,mercaderes,35,97,1,185,67,0,1,0,36,62,0,0,0,0,,0,0
1492-2,6,40,mercaderes,35,97,1,207,80,0,1,0,36,62,0,0,0,0,,0,0
1492-2,6,41,mercaderes,35,97,1,229,75,0,1,0,22,48,0,0,0,0,,0,0
1492-2,6,42,mercaderes,35,97,1,251,71,0,1,0,22,48,0,0,0,0,,0,0
1492-2,6,43,mercaderes,34,93,1,256,51,0,1,0,22,48,0,0,0,0,1,25,0
1492-2,6,44,mercaderes,47,93,1,225,56,0,0,0,22,48,0,0,0,1,,0,0
1492-2,6,45,mercaderes,47,93,1,194,60,0,0,0,22,48,0,0,0,1,,0,0
1492-2,6,46,mercaderes,47,93,1,193,58,0,0,0,22,48,0,0,0,1,,0,0
1492-2,6,47,mercaderes,50,93,1,208,54,0,0,0,13,39,0,0,0,1,,0,0
1492-2,6,48,mercaderes,50,93,1,221,45,0,0,0,13,30,0,0,0,1,,0,0
1492-2,6,49,mercaderes,50,93,1,240,34,0,0,0,13,30,0,0,0,1,1,10,0
1492-2,6,50,mercaderes,50,93,1,200,31,0,0,0,13,30,0,0,0,1,,0,0
1492-2,6,51,mercaderes,50,93,1,160,28,0,0,0,13,30,0,0,0,1,,0,0
1492-2,6,52,mercaderes,50,93,1,173,25,0,0,0,13,30,0,0,0,1,,0,0
1492-2,6,53,mercaderes,50,93,1,186,20,0,0,0,18,35,0,0,0,1,,0,0
1492-2,6,54,mercaderes,50,93,1,208,15,0,0,0,18,44,0,0,0,1,,0,0
1492-2,6,55,mercaderes,50,93,1,184,10,0,0,0,18,44,0,0,0,1,1,10,0
1492-2,6,56,mercaderes,50,93,1,162,9,0,2,0,18,44,0,0,0,1,,0,0
1492-2,6,57,mercaderes,50,93,1,176,8,0,1,0,18,44,0,0,0,1,,0,0
1492-2,6,58,mercaderes,50,93,1,198,5,0,0,0,18,44,0,0,0,1,,0,0
1492-2,6,59,mercaderes,50,93,1,220,18,0,0,0,36,62,0,0,0,1,,0,0
1492-2,6,60,mercaderes,50,93,1,242,30,0,0,0,36,62,0,0,0,1,,0,0
1492-2,6,61,mercaderes,50,93,1,215,42,0,0,0,36,62,0,0,0,1,1,11,0
1492-2,6,62,mercaderes,50,93,1,167,57,0,2,0,36,62,0,0,0,1,,0,0
1492-2,6,63,mercaderes,50,93,1,175,73,0,1,0,36,62,0,0,0,1,,0,0
1492-2,6,64,mercaderes,50,93,1,197,87,0,1,0,36,62,0,0,0,1,,0,0
1492-2,6,65,mercaderes,50,93,1,219,83,0,1,0,22,48,0,0,0,1,,0,0
1492-2,6,66,mercaderes,50,93,1,241,79,0,1,0,22,48,0,0,0,1,,0,0
1492-2,6,67,mercaderes,50,90,1,245,59,0,1,0,22,48,0,0,0,1,1,23,0
1492-2,6,68,mercaderes,53,90,1,214,64,0,1,0,22,48,0,0,0,1,,0,0
1492-2,6,69,mercaderes,53,90,1,183,69,0,1,0,22,48,0,0,0,1,,0,0
1492-2,6,70,mercaderes,68,90,1,186,74,0,1,0,22,48,0,0,0,2,,0,0
1492-2,6,71,mercaderes,68,90,1,208,58,0,1,0,13,39,0,0,0,2,,0,0
1492-2,6,72,mercaderes,68,90,1,221,49,0,0,0,13,30,0,0,0,2,,0,0
1492-2,6,73,mercaderes,71,90,1,235,39,0,0,0,13,30,0,0,0,2,1,10,0
1492-2,6,74,mercaderes,71,90,1,195,36,0,0,0,13,30,0,0,0,2,,0,0
1492-2,6,75,mercaderes,71,90,1,155,33,0,0,0,13,30,0,0,0,2,,0,0
1492-2,6,76,mercaderes,71,90,1,168,31,0,0,0,13,30,0,0,0,2,,0,0
1492-2,6,77,mercaderes,71,90,1,181,22,0,0,0,13,30,0,0,0,2,,0,0
1492-2,6,78,mercaderes,71,90,1,203,13,0,0,0,13,39,0,0,0,2,,0,0
1492-2,6,79,mercaderes,71,90,1,179,4,0,0,0,13,39,0,0,0,2,1,10,0
1492-2,6,80,mercaderes,70,90,1,157,4,0,2,0,13,39,1,0,0,2,,0,0
1492-2,6,81,mercaderes,69,90,1,175,4,0,2,0,13,39,1,0,0,2,,0,0
1492-2,6,82,mercaderes,67,88,1,197,1,0,2,0,13,39,1,0,0,2,,0,0
1492-2,6,83,mercaderes,67,88,1,217,15,0,1,0,36,60,0,0,0,2,,0,0
1492-2,6,84,mercaderes,67,88,1,237,29,0,0,0,36,60,0,0,0,2,,0,0
1492-2,6,85,mercaderes,68,90,1,207,42,0,0,0,36,60,0,0,0,2,1,11,0
1492-2,6,86,mercaderes,68,90,1,159,58,0,2,0,36,62,0,0,0,2,,0,0
1492-2,6,87,mercaderes,68,90,1,170,75,0,1,0,36,62,0,0,0,2,,0,0
1492-2,6,88,mercaderes,68,90,1,192,89,0,1,0,36,62,0,0,0,2,,0,0
1492-2,6,89,mercaderes,68,90,1,214,86,0,1,0,22,48,0,0,0,2,,0,0
1492-2,6,90,mercaderes,68,90,1,236,83,0,1,0,22,48,0,0,0,2,,0,0
1492-2,6,91,mercaderes,68,90,1,240,58,0,1,0,22,48,0,0,0,2,1,18,0
1492-2,6,92,mercaderes,68,90,1,209,63,0,1,0,22,48,0,0,0,2,,0,0
1492-2,6,93,mercaderes,71,90,1,178,68,0,1,0,22,48,0,0,0,2,,0,0
1492-2,6,94,mercaderes,71,90,1,184,73,0,1,0,22,48,0,0,0,2,,0,0
1492-2,6,95,mercaderes,71,90,1,206,67,0,1,0,13,39,0,0,0,2,,0,0
1492-2,6,96,mercaderes,71,90,1,219,56,0,1,0,13,30,0,0,0,2,,0,0
1492-2,6,97,mercaderes,71,90,1,233,37,0,0,0,13,30,0,0,0,2,1,15,0
1492-2,6,98,mercaderes,74,90,1,193,34,0,0,0,13,30,0,0,0,2,,0,0
1492-2,6,99,mercaderes,74,90,1,153,31,0,0,0,13,30,0,0,0,2,,0,0
1492-2,6,100,mercaderes,74,90,1,166,29,0,0,0,13,30,0,0,0,2,,0,0
1492-2,6,101,mercaderes,74,90,1,179,24,0,0,0,18,35,0,0,0,2,,0,0
1492-2,6,102,mercaderes,74,90,1,201,20,0,0,0,18,44,0,0,0,2,,0,0
1492-2,6,103,mercaderes,74,90,1,177,16,0,0,0,18,44,0,0,0,2,1,8,0
1492-2,6,104,mercaderes,74,90,1,155,16,0,2,0,18,44,0,0,0,2,,0,0
1492-2,6,105,mercaderes,74,90,1,177,16,0,1,0,18,44,0,0,0,2,,0,0
1492-2,6,106,mercaderes,74,90,1,199,12,0,0,0,18,44,0,0,0,2,,0,0
1492-2,6,107,mercaderes,74,90,1,221,25,0,0,0,36,62,0,0,0,2,,0,0
1492-2,6,108,mercaderes,74,90,1,243,38,0,0,0,36,62,0,0,0,2,,0,0
1492-2,6,109,mercaderes,74,90,1,214,50,0,0,0,36,62,0,0,0,2,1,13,0
1492-2,6,110,mercaderes,74,90,1,166,66,0,2,0,36,62,0,0,0,2,,0,0
1492-2,6,111,mercaderes,74,90,1,174,83,0,1,0,36,62,0,0,0,2,,0,0
1492-2,6,112,mercaderes,74,90,1,192,98,0,1,0,36,62,0,0,0,2,,0,0
1492-2,6,113,mercaderes,74,90,1,214,96,0,1,0,22,48,0,0,0,2,,0,0
1492-2,6,114,mercaderes,74,90,1,236,93,0,1,0,22,48,0,0,0,2,,0,0
1492-2,6,115,mercaderes,74,90,1,262,78,0,1,0,22,48,0,0,0,2,1,17,0
1492-2,6,116,mercaderes,74,90,1,231,82,0,1,0,22,48,0,0,0,2,,0,0
1492-2,6,117,mercaderes,77,90,1,200,86,0,1,0,22,48,0,0,0,2,,0,0
1492-2,6,118,mercaderes,77,90,1,206,90,0,1,0,22,48,0,0,0,2,,0,0
1492-2,6,119,mercaderes,77,90,1,228,83,0,1,0,13,39,0,0,0,2,,0,0
1492-2,6,120,mercaderes,77,90,1,241,72,0,1,0,13,30,0,0,0,2,,0,0
1492-2,6,121,mercaderes,77,90,1,255,47,0,1,0,13,30,0,0,0,2,1,17,0
1492-2,6,122,mercaderes,77,90,1,215,45,0,0,0,13,30,0,0,0,2,,0,0
1492-2,6,123,mercaderes,80,90,1,175,42,0,0,0,13,30,0,0,0,2,,0,0
1492-2,6,124,mercaderes,80,90,1,169,39,0,0,0,13,30,0,0,0,2,,0,0
1492-2,6,125,mercaderes,80,90,1,182,40,0,0,0,18,35,0,0,0,2,,0,0
1492-2,6,126,mercaderes,80,90,1,204,35,0,0,0,18,44,0,0,0,2,,0,0
1492-2,6,127,mercaderes,80,90,1,185,30,0,0,0,18,44,0,0,0,2,1,10,0
1492-2,6,128,mercaderes,80,90,1,163,29,0,2,0,18,44,0,0,0,2,,0,0
1492-2,6,129,mercaderes,80,90,1,181,29,0,1,0,18,44,0,0,0,2,,0,0
1492-2,6,130,mercaderes,80,90,1,203,26,0,0,0,18,44,0,0,0,2,,0,0
1492-2,6,131,mercaderes,80,90,1,225,39,0,0,0,36,62,0,0,0,2,,0,0
1492-2,6,132,mercaderes,80,90,1,247,51,0,0,0,36,62,0,0,0,2,,0,0
1492-2,6,133,mercaderes,80,90,1,218,63,0,0,0,36,62,0,0,0,2,1,12,0
1492-2,6,134,mercaderes,80,90,1,171,78,0,2,0,36,62,0,0,0,2,,0,0
1492-2,6,135,mercaderes,80,90,1,170,95,0,1,0,36,62,0,0,0,2,,0,0
1492-2,6,136,mercaderes,80,90,1,192,109,0,1,0,36,62,0,0,0,2,,0,0
1492-2,6,137,mercaderes,80,90,1,214,105,0,1,0,22,48,0,0,0,2,,0,0
1492-2,6,138,mercaderes,80,90,1,236,101,0,1,0,22,48,0,0,0,2,,0,0
1492-2,6,139,mercaderes,80,90,1,260,85,0,1,0,22,48,0,0,0,2,1,22,0
1492-2,6,140,mercaderes,80,90,1,229,89,0,1,0,22,48,0,0,0,2,,0,0
1492-2,6,141,mercaderes,83,90,1,198,93,0,1,0,22,48,0,0,0,2,,0,0
1492-2,6,142,mercaderes,83,90,1,204,97,0,1,0,22,48,0,0,0,2,,0,0
1492-2,6,143,mercaderes,83,90,1,226,90,0,1,0,13,39,0,0,0,2,,0,0
1492-2,6,144,mercaderes,83,90,1,239,78,0,1,0,13,30,0,0,0,2,,0,0
1492-2,6,145,mercaderes,83,90,1,252,67,0,1,0,13,30,0,0,0,2,1,12,0
1492-2,6,146,mercaderes,83,90,1,212,51,0,1,0,13,30,0,0,0,2,,0,0
1492-2,6,147,mercaderes,83,90,1,172,49,0,0,0,13,30,0,0,0,2,,0,0
1492-2,6,148,mercaderes,86,90,1,166,46,0,0,0,13,30,0,0,0,2,,0,0
1492-2,6,149,mercaderes,86,90,1,179,47,0,0,0,18,35,0,0,0,2,,0,0
1492-2,6,150,mercaderes,86,90,1,201,42,0,0,0,18,44,0,0,0,2,,0,0
1492-2,6,151,mercaderes,86,90,1,182,37,0,0,0,18,44,0,0,0,2,1,9,0
1492-2,6,152,mercaderes,86,90,1,167,36,0,2,0,18,51,0,0,0,2,,0,0
1492-2,6,153,mercaderes,86,90,1,196,36,0,1,0,18,51,0,0,0,2,,0,0
1492-2,6,154,mercaderes,86,90,1,225,32,0,0,0,18,51,0,0,0,2,,0,0
1492-2,6,155,mercaderes,86,90,1,254,45,0,0,0,36,69,0,0,0,2,,0,0
1492-2,6,156,mercaderes,86,90,1,283,57,0,0,0,36,69,0,0,0,2,,0,0
1492-2,6,157,mercaderes,86,94,1,270,70,0,0,0,36,69,0,0,0,2,1,13,0
1492-2,6,158,mercaderes,86,94,1,205,84,0,2,0,36,69,0,0,0,2,,0,0
1492-2,6,159,mercaderes,86,94,1,201,100,0,2,0,36,69,0,0,0,2,,0,0
1492-2,6,160,mercaderes,86,94,1,230,113,0,2,0,36,69,0,0,0,2,,0,0
1492-2,6,161,mercaderes,86,94,1,259,108,0,2,0,22,55,0,0,0,2,,0,0
1492-2,6,162,mercaderes,86,94,1,288,103,0,2,0,22,55,0,0,0,2,,0,0
1492-2,6,163,mercaderes,86,90,1,310,91,0,0,0,22,55,0,0,0,2,1,16,0
1492-2,6,164,mercaderes,86,90,1,286,95,0,0,0,22,55,0,0,0,2,,0,0
1492-2,6,165,mercaderes,86,90,1,262,99,0,0,0,22,55,0,0,0,2,,0,0
1492-2,6,166,mercaderes,86,90,1,238,103,0,0,0,22,55,0,0,0,2,,0,0
1492-2,6,167,mercaderes,86,90,1,251,98,0,0,0,13,46,0,0,0,2,,0,0
1492-2,6,168,mercaderes,86,90,1,268,91,0,0,0,13,34,0,0,0,2,,0,0
1492-2,6,169,mercaderes,86,90,1,302,64,0,0,0,13,34,0,0,0,2,1,25,0
1492-2,6,170,mercaderes,86,90,1,266,60,0,0,0,13,34,0,0,0,2,,0,0
1492-2,6,171,mercaderes,89,90,1,230,56,0,0,0,13,34,0,0,0,2,,0,0
1492-2,6,172,mercaderes,89,90,1,204,53,0,0,0,13,34,0,0,0,2,,0,0
1492-2,6,173,mercaderes,89,90,1,217,55,0,0,0,18,39,0,0,0,2,,0,0
1492-2,6,174,mercaderes,89,90,1,246,50,0,0,0,18,51,0,0,0,2,,0,0
1492-2,6,175,mercaderes,89,90,1,243,45,0,0,0,18,51,0,0,0,2,1,12,0
1492-2,6,176,mercaderes,89,90,1,203,33,0,2,0,18,51,0,0,0,2,,0,0
1492-2,6,177,mercaderes,89,90,1,209,33,0,2,0,18,51,0,0,0,2,,0,0
1492-2,6,178,mercaderes,89,90,1,238,33,0,1,0,18,51,0,0,0,2,,0,0
1492-2,6,179,mercaderes,89,90,1,267,47,0,0,0,36,69,0,0,0,2,,0,0
1492-2,6,180,mercaderes,89,90,1,296,59,0,0,0,36,69,0,0,0,2,,0,0
1492-2,6,181,mercaderes,92,90,1,228,71,0,0,0,36,69,0,0,0,2,1,13,0
1492-2,6,182,mercaderes,92,90,1,183,87,0,2,0,36,69,0,0,0,2,,0,0
1492-2,6,183,mercaderes,92,90,1,138,105,0,2,0,36,69,0,0,0,2,,0,0
1492-2,6,184,mercaderes,92,90,1,154,120,0,4,0,36,69,0,0,0,2,,0,0
1492-2,6,185,mercaderes,92,90,1,183,120,0,1,0,22,55,0,0,0,2,,0,0
1492-2,6,186,mercaderes,92,90,1,212,114,0,1,0,22,55,0,0,0,2,,0,0
1492-2,6,187,mercaderes,92,90,1,259,108,0,1,0,22,55,0,0,0,2,1,10,0
1492-2,6,188,mercaderes,92,90,1,235,109,0,1,0,22,55,0,0,0,2,,0,0
1492-2,6,189,mercaderes,92,90,1,221,110,0,1,0,22,55,0,0,0,2,,0,0
1492-2,6,190,mercaderes,92,90,1,250,111,0,1,0,22,55,0,0,0,2,,0,0
1492-2,6,191,mercaderes,92,90,1,277,96,0,1,0,13,46,0,0,0,2,,0,0
1492-2,6,192,mercaderes,92,90,1,294,82,0,1,0,13,34,0,0,0,2,,0,0
1492-2,6,193,mercaderes,92,94,1,315,68,0,1,0,12,33,0,0,0,2,1,16,0
1492-2,6,194,mercaderes,92,94,1,279,60,0,1,0,12,33,0,0,0,2,,0,0
1492-2,6,195,mercaderes,92,94,1,241,54,0,0,0,12,33,0,0,0,2,,0,0
1492-2,6,196,mercaderes,92,94,1,205,47,0,0,0,12,33,0,0,0,2,,0,0
1492-2,6,197,mercaderes,92,94,1,203,46,0,0,0,18,39,0,0,0,2,,0,0
1492-2,6,198,mercaderes,92,94,1,232,44,0,0,0,18,51,0,0,0,2,,0,0
1492-2,6,199,mercaderes,92,94,1,235,36,0,0,0,18,51,0,0,0,2,1,11,0
1492-2,6,200,mercaderes,92,94,1,194,32,0,2,0,18,51,0,0,0,2,,0,0
1492-2,6,1,mesta,29,30,1,42,75,0,0,0,5,11,0,0,0,0,1,5,0
1492-2,6,2,mesta,29,30,1,41,69,0,0,0,5,8,0,0,0,0,,0,0
1492-2,6,3,mesta,29,30,1,40,63,0,0,0,5,8,0,0,0,0,,0,0
1492-2,6,4,mesta,29,30,1,39,57,0,0,0,5,8,0,0,0,0,,0,0
1492-2,6,5,mesta,29,30,1,38,52,0,0,0,6,9,0,1,0,0,,0,0
1492-2,6,6,mesta,29,30,1,48,49,0,0,0,6,20,0,0,0,0,,0,0
1492-2,6,7,mesta,28,27,1,38,37,0,0,0,6,20,0,0,0,0,1,1,0
1492-2,6,8,mesta,28,27,1,46,36,0,0,0,6,18,0,0,0,0,,0,0
1492-2,6,9,mesta,28,27,1,54,35,0,0,0,6,18,0,0,0,0,,0,0
1492-2,6,10,mesta,28,27,1,62,34,0,0,0,6,18,0,0,0,0,,0,0
1492-2,6,11,mesta,28,28,1,70,40,0,0,0,13,25,0,0,0,0,,0,0
1492-2,6,12,mesta,28,29,1,78,45,0,0,0,13,25,0,0,0,0,,0,0
1492-2,6,13,mesta,29,30,1,71,49,0,0,0,13,25,0,0,0,0,1,4,0
1492-2,6,14,mesta,29,31,1,81,56,0,0,0,13,27,0,0,0,0,,0,0
1492-2,6,15,mesta,29,32,1,91,60,0,0,0,13,27,0,0,0,0,,0,0
1492-2,6,16,mesta,29,33,1,101,63,0,0,0,13,27,0,0,0,0,,0,0
1492-2,6,17,mesta,29,34,1,111,61,0,0,0,8,22,0,0,0,0,,0,0
1492-2,6,18,mesta,30,35,1,121,59,0,0,0,8,22,0,0,0,0,,0,0
1492-2,6,19,mesta,29,34,1,51,57,0,0,0,8,22,0,0,0,0,1,4,0
1492-2,6,20,mesta,29,34,1,51,57,0,0,0,8,22,0,0,0,0,,0,0
1492-2,6,21,mesta,30,35,1,61,54,0,0,0,8,22,0,1,0,0,,0,0
1492-2,6,22,mesta,30,35,1,71,53,0,0,0,8,28,0,0,0,0,,0,0
1492-2,6,23,mesta,30,35,1,81,49,0,0,0,5,25,0,0,0,0,,0,0
1492-2,6,24,mesta,30,35,1,88,46,0,0,0,5,22,0,0,0,0,,0,0
1492-2,6,25,mesta,30,35,1,87,43,0,0,0,5,22,0,0,0,0,1,3,0
1492-2,6,26,mesta,30,35,1,94,45,0,0,0,5,22,0,0,0,0,,0,0
1492-2,6,27,mesta,30,35,1,101,42,0,0,0,5,22,0,0,0,0,,0,0
1492-2,6,28,mesta,30,35,1,108,39,0,0,0,5,22,0,0,0,0,,0,0
1492-2,6,29,mesta,30,35,1,115,37,0,0,0,6,23,0,0,0,0,,0,0
1492-2,6,30,mesta,30,35,1,125,35,0,0,0,6,26,0,0,0,0,,0,0
1492-2,6,31,mesta,30,35,1,85,33,0,0,0,6,26,0,0,0,0,1,12,0
1492-2,6,32,mesta,30,35,1,90,32,0,1,0,6,26,0,0,0,0,,0,0
1492-2,6,33,mesta,30,35,1,100,32,0,0,0,6,26,0,0,0,0,,0,0
1492-2,6,34,mesta,30,35,1,110,30,0,0,0,6,26,0,0,0,0,,0,0
1492-2,6,35,mesta,30,36,1,120,35,0,0,0,13,33,0,0,0,0,,0,0
1492-2,6,36,mesta,30,37,1,130,39,0,0,0,13,33,0,0,0,0,,0,0
1492-2,6,37,mesta,30,38,1,198,43,0,0,0,13,33,0,0,0,0,1,15,0
1492-2,6,38,mesta,30,39,1,203,48,0,1,0,13,33,0,0,0,0,,0,0
1492-2,6,39,mesta,31,40,1,208,52,0,1,0,13,33,0,0,0,0,,0,0
1492-2,6,40,mesta,31,42,1,220,55,0,1,0,13,35,0,0,0,0,,0,0
1492-2,6,41,mesta,31,42,1,232,52,0,1,0,8,30,0,0,0,0,,0,0
1492-2,6,42,mesta,31,42,1,244,49,0,1,0,8,30,0,0,0,0,,0,0
1492-2,6,43,mesta,30,38,1,330,38,0,0,0,8,30,0,0,0,0,1,22,0
1492-2,6,44,mesta,30,38,1,293,41,0,0,0,8,28,0,0,0,0,,0,0
1492-2,6,45,mesta,30,38,1,256,41,0,0,0,8,28,0,1,0,0,,0,0
1492-2,6,46,mesta,30,38,1,228,43,0,0,0,8,28,0,0,0,0,,0,0
1492-2,6,47,mesta,30,38,1,233,42,0,0,0,5,25,0,0,0,0,,0,0
1492-2,6,48,mesta,30,38,1,240,38,0,0,0,5,22,0,0,0,0,,0,0
1492-2,6,49,mesta,30,38,1,360,20,0,0,0,5,22,0,0,0,0,1,22,0
1492-2,6,50,mesta,30,38,1,320,20,0,0,0,5,22,0,0,0,0,,0,0
1492-2,6,51,mesta,30,38,1,280,20,0,0,0,5,22,0,0,0,0,,0,0
1492-2,6,52,mesta,30,38,1,249,20,0,0,0,5,22,0,0,0,0,,0,0
1492-2,6,53,mesta,30,38,1,256,21,0,0,0,6,23,0,0,0,0,,0,0
1492-2,6,54,mesta,43,38,1,266,18,0,0,0,6,26,0,0,0,1,,0,0
1492-2,6,55,mesta,43,38,1,282,15,0,0,0,6,26,0,0,0,1,1,21,0
1492-2,6,56,mesta,43,38,1,209,13,0,2,0,6,26,0,0,0,1,,0,0
1492-2,6,57,mesta,43,38,1,187,9,0,3,0,4,24,0,0,0,1,,0,0
1492-2,6,58,mesta,43,38,1,192,5,1,2,0,4,24,0,0,0,1,,0,0
1492-2,6,59,mesta,43,38,1,202,6,1,1,0,9,29,0,0,0,1,,0,0
1492-2,6,60,mesta,43,38,1,212,6,1,0,0,9,29,0,0,0,1,,0,0
1492-2,6,61,mesta,43,38,1,328,6,1,0,0,9,29,0,0,0,1,1,18,0
1492-2,6,62,mesta,43,38,1,280,7,1,2,0,9,29,0,0,0,1,,0,0
1492-2,6,63,mesta,43,38,1,285,12,1,2,0,13,33,0,0,0,1,,0,0
1492-2,6,64,mesta,43,38,1,290,17,1,1,0,13,33,0,0,0,1,,0,0
1492-2,6,65,mesta,43,38,1,300,19,1,0,0,10,30,0,0,0,1,,0,0
1492-2,6,66,mesta,43,38,1,310,20,1,0,0,10,30,0,0,0,1,,0,0
1492-2,6,67,mesta,44,42,1,448,22,1,0,0,10,30,0,0,0,1,1,24,0
1492-2,6,68,mesta,44,42,1,413,26,1,0,0,10,32,0,0,0,1,,0,0
1492-2,6,69,mesta,44,42,1,378,29,1,0,0,10,32,0,0,0,1,,0,0
1492-2,6,70,mesta,44,42,1,343,32,1,0,0,10,32,0,0,0,1,,0,0
1492-2,6,71,mesta,44,42,1,308,30,1,0,0,5,27,0,0,0,1,,0,0
1492-2,6,72,mesta,44,42,1,301,28,1,0,0,5,23,0,0,0,1,,0,0
1492-2,6,73,mesta,44,42,1,399,26,1,0,0,5,23,0,0,0,1,1,23,0
1492-2,6,74,mesta,44,42,1,360,25,1,0,0,5,23,0,0,0,1,,0,0
1492-2,6,75,mesta,44,42,1,321,24,1,0,0,5,23,0,0,0,1,,0,0
1492-2,6,76,mesta,44,42,1,282,23,1,0,0,5,23,0,0,0,1,,0,0
1492-2,6,77,mesta,44,42,1,243,23,1,0,0,6,24,0,0,0,1,,0,0
1492-2,6,78,mesta,44,42,1,250,23,1,0,0,6,28,0,0,0,1,,0,0
1492-2,6,79,mesta,44,42,1,321,20,1,0,0,6,28,0,0,0,1,1,20,0
1492-2,6,80,mesta,44,42,1,250,17,1,2,0,6,28,0,0,0,1,,0,0
1492-2,6,81,mesta,44,42,1,239,14,1,3,0,6,28,0,0,0,1,,0,0
1492-2,6,82,mesta,44,42,1,251,11,1,2,0,6,28,0,0,0,1,,0,0
1492-2,6,83,mesta,44,42,1,263,14,1,1,0,13,35,0,0,0,1,,0,0
1492-2,6,84,mesta,44,42,1,275,17,1,0,0,13,35,0,0,0,1,,0,0
1492-2,6,85,mesta,44,42,1,409,20,1,0,0,13,35,0,0,0,1,1,22,0
1492-2,6,86,mesta,44,42,1,338,24,1,2,0,13,35,0,0,0,1,,0,0
1492-2,6,87,mesta,44,42,1,318,28,1,3,0,13,35,0,0,0,1,,0,0
1492-2,6,88,mesta,44,44,1,316,32,1,2,0,13,35,0,0,0,1,,0,0
1492-2,6,89,mesta,44,44,1,328,30,1,1,0,8,30,0,0,0,1,,0,0
1492-2,6,90,mesta,44,44,1,340,27,1,0,0,8,30,0,0,0,1,,0,0
1492-2,6,91,mesta,44,44,1,509,24,1,0,0,8,30,0,0,0,1,1,24,0
1492-2,6,92,mesta,44,44,1,474,25,1,0,0,8,30,0,0,0,1,,0,0
1492-2,6,93,mesta,44,44,1,439,26,1,0,0,8,30,0,0,0,1,,0,0
1492-2,6,94,mesta,44,44,1,404,27,1,0,0,8,30,0,0,0,1,,0,0
1492-2,6,95,mesta,44,44,1,369,25,1,0,0,5,27,0,0,0,1,,0,0
1492-2,6,96,mesta,44,44,1,339,23,1,0,0,5,23,0,0,0,1,,0,0
1492-2,6,97,mesta,44,44,1,439,21,1,0,0,5,23,0,0,0,1,1,24,0
1492-2,6,98,mesta,44,44,1,400,19,1,0,0,5,23,0,0,0,1,,0,0
1492-2,6,99,mesta,44,44,1,361,17,1,0,0,5,23,0,0,0,1,,0,0
1492-2,6,100,mesta,44,44,1,322,15,1,0,0,5,23,0,0,0,1,,0,0
1492-2,6,101,mesta,44,44,1,283,14,1,0,0,6,24,0,0,0,1,,0,0
1492-2,6,102,mesta,44,44,1,257,13,1,0,0,6,28,0,0,0,1,,0,0
1492-2,6,103,mesta,44,44,1,324,12,1,0,0,6,28,0,0,0,1,1,21,0
1492-2,6,104,mesta,44,44,1,253,8,1,2,0,6,28,0,0,0,1,,0,0
1492-2,6,105,mesta,44,44,1,242,4,1,3,0,6,28,0,0,0,1,,0,0
1492-2,6,106,mesta,43,44,1,249,1,1,3,0,6,28,1,0,0,1,,0,0
1492-2,6,107,mesta,43,44,1,261,2,1,2,0,11,33,0,0,0,1,,0,0
1492-2,6,108,mesta,43,44,1,273,2,1,1,0,11,33,0,0,0,1,,0,0
1492-2,6,109,mesta,43,44,1,429,2,1,0,0,11,33,0,0,0,1,1,24,0
1492-2,6,110,mesta,43,44,1,383,3,1,1,0,11,33,0,0,0,1,,0,0
1492-2,6,111,mesta,43,44,1,337,4,1,1,0,11,33,0,0,0,1,,0,0
1492-2,6,112,mesta,43,44,1,317,5,1,1,0,11,33,0,0,0,1,,0,0
1492-2,6,113,mesta,43,44,1,324,3,1,0,0,8,30,0,0,0,1,,0,0
1492-2,6,114,mesta,43,44,1,336,1,1,0,0,8,30,0,0,0,1,,0,0
1492-2,6,115,mesta,42,44,1,491,0,1,0,0,8,30,1,0,0,1,1,24,0
1492-2,6,116,mesta,41,44,1,456,4,1,0,0,8,30,1,0,0,1,,0,0
1492-2,6,117,mesta,41,44,1,421,5,1,0,0,8,30,0,0,0,1,,0,0
1492-2,6,118,mesta,41,44,1,386,6,1,0,0,8,30,0,0,0,1,,0,0
1492-2,6,119,mesta,41,44,1,351,4,1,0,0,5,27,0,0,0,1,,0,0
1492-2,6,120,mesta,40,44,1,321,4,1,0,0,5,23,1,0,0,1,,0,0
1492-2,6,121,mesta,39,44,1,421,4,1,0,0,5,23,1,0,0,1,1,23,0
1492-2,6,122,mesta,38,43,1,382,4,1,0,0,5,23,1,0,0,1,,0,0
1492-2,6,123,mesta,37,42,1,343,4,1,0,0,5,23,1,0,0,1,,0,0
1492-2,6,124,mesta,36,41,1,304,4,1,0,0,5,23,1,0,0,1,,0,0
1492-2,6,125,mesta,36,41,1,265,4,1,0,0,6,24,0,0,0,1,,0,0
1492-2,6,126,mesta,36,41,1,257,4,1,0,0,6,28,0,0,0,1,,0,0
1492-2,6,127,mesta,36,41,1,327,4,1,0,0,6,28,0,0,0,1,1,21,0
1492-2,6,128,mesta,36,41,1,256,1,1,2,0,6,28,0,0,0,1,,0,0
1492-2,6,129,mesta,35,41,1,245,1,1,4,0,6,28,1,0,0,1,,0,0
1492-2,6,130,mesta,34,41,1,252,1,1,4,0,6,28,1,0,0,1,,0,0
1492-2,6,131,mesta,34,41,1,264,5,1,3,0,13,35,0,0,0,1,,0,0
1492-2,6,132,mesta,34,41,1,276,8,1,2,0,13,35,0,0,0,1,,0,0
1492-2,6,133,mesta,34,41,1,444,11,1,1,0,13,35,0,0,0,1,1,22,0
1492-2,6,134,mesta,34,41,1,409,18,1,0,0,13,35,0,0,0,1,,0,0
1492-2,6,135,mesta,34,41,1,374,25,1,0,0,13,35,0,0,0,1,,0,0
1492-2,6,136,mesta,34,43,1,339,31,1,0,0,13,35,0,0,0,1,,0,0
1492-2,6,137,mesta,34,43,1,331,31,1,0,0,7,29,0,0,0,1,,0,0
1492-2,6,138,mesta,34,43,1,338,31,1,0,0,7,29,0,0,0,1,,0,0
1492-2,6,139,mesta,34,43,1,451,28,1,0,0,7,29,0,0,0,1,1,24,0
1492-2,6,140,mesta,34,43,1,416,28,1,0,0,7,29,0,0,0,1,,0,0
1492-2,6,141,mesta,34,43,1,381,28,1,0,0,7,29,0,0,0,1,,0,0
1492-2,6,142,mesta,34,43,1,346,28,1,0,0,7,29,0,0,0,1,,0,0
1492-2,6,143,mesta,34,43,1,311,27,1,0,0,5,27,0,0,0,1,,0,0
1492-2,6,144,mesta,34,43,1,281,26,1,0,0,5,23,0,0,0,1,,0,0
1492-2,6,145,mesta,34,43,1,377,25,1,0,0,5,23,0,0,0,1,1,22,0
1492-2,6,146,mesta,34,43,1,338,24,1,0,0,5,23,0,0,0,1,,0,0
1492-2,6,147,mesta,34,43,1,299,23,1,0,0,5,23,0,0,0,1,,0,0
1492-2,6,148,mesta,34,43,1,260,22,1,0,0,5,23,0,0,0,1,,0,0
1492-2,6,149,mesta,34,43,1,239,22,1,0,0,6,24,0,0,0,1,,0,0
1492-2,6,150,mesta,34,43,1,251,22,1,0,0,6,28,0,0,0,1,,0,0
1492-2,6,151,mesta,34,43,1,324,18,1,0,0,6,28,0,0,0,1,1,21,0
1492-2,6,152,mesta,34,43,1,253,15,1,2,0,6,28,0,0,0,1,,0,0
1492-2,6,153,mesta,34,43,1,242,12,1,3,0,6,28,0,0,0,1,,0,0
1492-2,6,154,mesta,34,43,1,254,9,1,2,0,6,28,0,0,0,1,,0,0
1492-2,6,155,mesta,34,43,1,266,12,1,1,0,13,35,0,0,0,1,,0,0
1492-2,6,156,mesta,34,43,1,278,15,1,0,0,13,35,0,0,0,1,,0,0
1492-2,6,157,mesta,34,43,1,412,18,1,0,0,13,35,0,0,0,1,1,23,0
1492-2,6,158,mesta,34,43,1,341,22,1,2,0,13,35,0,0,0,1,,0,0
1492-2,6,159,mesta,34,43,1,321,26,1,3,0,13,35,0,0,0,1,,0,0
1492-2,6,160,mesta,35,45,1,319,30,1,2,0,13,35,0,0,0,1,,0,0
1492-2,6,161,mesta,35,45,1,326,28,1,1,0,8,30,0,0,0,1,,0,0
1492-2,6,162,mesta,35,45,1,338,26,1,0,0,8,30,0,0,0,1,,0,0
1492-2,6,163,mesta,35,45,1,505,23,1,0,0,8,30,0,0,0,1,1,24,0
1492-2,6,164,mesta,35,45,1,470,24,1,0,0,8,30,0,0,0,1,,0,0
1492-2,6,165,mesta,35,45,1,435,25,1,0,0,8,30,0,0,0,1,,0,0
1492-2,6,166,mesta,35,45,1,400,26,1,0,0,8,30,0,0,0,1,,0,0
1492-2,6,167,mesta,35,45,1,365,24,1,0,0,5,27,0,0,0,1,,0,0
1492-2,6,168,mesta,35,45,1,335,22,1,0,0,5,23,0,0,0,1,,0,0
1492-2,6,169,mesta,35,45,1,366,20,1,0,0,5,23,0,0,0,1,1,19,0
1492-2,6,170,mesta,35,45,1,339,19,1,0,0,5,23,0,0,0,1,,0,0
1492-2,6,171,mesta,35,45,1,312,18,1,0,0,5,23,0,0,0,1,,0,0
1492-2,6,172,mesta,35,45,1,285,17,1,0,0,5,23,0,0,0,1,,0,0
1492-2,6,173,mesta,35,45,1,258,17,1,0,0,6,24,0,0,0,1,,0,0
1492-2,6,174,mesta,35,45,1,235,17,1,0,0,6,28,0,0,0,1,,0,0
1492-2,6,175,mesta,35,45,1,286,17,1,0,0,6,28,0,0,0,1,1,19,0
1492-2,6,176,mesta,35,45,1,215,11,1,2,0,6,28,0,0,0,1,,0,0
1492-2,6,177,mesta,35,45,1,222,5,1,3,0,6,28,0,0,0,1,,0,0
1492-2,6,178,mesta,34,45,1,234,1,1,3,0,6,28,1,0,0,1,,0,0
1492-2,6,179,mesta,33,45,1,246,0,1,3,0,11,33,1,0,0,1,,0,0
1492-2,6,180,mesta,31,44,1,258,0,1,3,0,11,33,1,0,0,1,,0,0
1492-2,6,181,mesta,30,43,1,431,0,1,3,0,11,33,1,0,0,1,1,21,0
1492-2,6,182,mesta,29,42,1,396,4,1,3,0,11,33,1,0,0,1,,0,0
1492-2,6,183,mesta,29,42,1,357,7,1,2,0,11,33,0,0,0,1,,0,0
1492-2,6,184,mesta,29,42,1,322,10,1,1,0,11,33,0,0,0,1,,0,0
1492-2,6,185,mesta,29,42,1,324,10,1,0,0,8,30,0,0,0,1,,0,0
1492-2,6,186,mesta,29,42,1,336,8,1,0,0,8,30,0,0,0,1,,0,0
1492-2,6,187,mesta,29,42,1,454,4,1,0,0,8,30,0,0,0,1,1,24,0
1492-2,6,188,mesta,29,42,1,419,4,1,0,0,8,30,0,0,0,1,,0,0
1492-2,6,189,mesta,29,42,1,380,4,1,0,0,8,30,0,0,0,1,,0,0
1492-2,6,190,mesta,29,42,1,345,4,1,0,0,8,30,0,0,0,1,,0,0
1492-2,6,191,mesta,28,42,1,310,4,1,0,0,5,27,1,0,0,1,,0,0
1492-2,6,192,mesta,27,42,1,277,4,1,0,0,5,23,1,0,0,1,,0,0
1492-2,6,193,mesta,26,41,1,375,4,1,0,0,5,23,1,0,0,1,1,22,0
1492-2,6,194,mesta,25,40,1,334,4,1,0,0,5,23,1,0,0,1,,0,0
1492-2,6,195,mesta,23,39,1,295,4,1,0,0,5,23,1,0,0,1,,0,0
1492-2,6,196,mesta,22,38,1,255,4,1,0,0,5,22,1,0,0,1,,0,0
1492-2,6,197,mesta,21,37,1,233,4,1,0,0,6,23,1,0,0,1,,0,0
1492-2,6,198,mesta,20,36,1,243,4,1,0,0,6,26,1,0,0,1,,0,0
1492-2,6,199,mesta,19,35,1,313,0,1,0,0,6,26,1,0,0,1,1,20,0
1492-2,6,200,mesta,17,34,1,240,1,1,2,0,6,25,1,0,0,1,,0,0
1492-2,6,1,monjes,34,56,1,18,68,0,0,0,15,27,0,0,0,0,1,5,0
1492-2,6,2,monjes,34,56,1,19,63,0,0,0,15,20,0,0,0,0,,0,0
1492-2,6,3,monjes,34,56,1,20,58,0,0,0,15,20,0,1,0,0,,0,0
1492-2,6,4,monjes,34,58,1,21,62,0,0,0,22,27,0,0,0,0,,0,0
1492-2,6,5,monjes,35,60,1,22,73,0,0,0,30,35,0,1,0,0,,0,0
1492-2,6,6,monjes,50,63,1,38,85,0,0,0,30,50,0,0,0,1,,0,0
1492-2,6,7,monjes,50,61,1,34,87,0,0,0,30,50,0,0,0,1,1,2,0
1492-2,6,8,monjes,50,64,1,50,98,0,0,0,30,50,0,0,0,1,,0,0
1492-2,6,9,monjes,51,67,1,66,108,0,0,0,30,50,0,0,0,1,,0,0
1492-2,6,10,monjes,52,70,1,82,118,0,0,0,30,50,0,0,0,1,,0,0
1492-2,6,11,monjes,52,73,1,100,155,0,0,0,60,82,0,0,0,1,,0,0
1492-2,6,12,monjes,53,76,1,118,190,0,0,0,60,82,0,0,0,1,,0,0
1492-2,6,13,monjes,53,75,1,65,213,0,0,0,60,82,0,0,0,1,1,5,0
1492-2,6,14,monjes,53,78,1,79,245,0,0,0,60,77,0,0,0,1,,0,0
1492-2,6,15,monjes,54,81,1,93,275,0,0,0,60,77,0,0,0,1,,0,0
1492-2,6,16,monjes,55,85,1,109,303,0,0,0,60,79,0,0,0,1,,0,0
1492-2,6,17,monjes,55,89,1,125,307,0,0,0,37,56,0,0,0,1,,0,0
1492-2,6,18,monjes,56,90,1,141,310,0,0,0,37,56,0,0,0,1,,0,0
1492-2,6,19,monjes,56,90,1,103,290,0,0,0,37,57,0,0,0,1,1,25,0
1492-2,6,20,monjes,69,90,1,91,287,0,0,0,37,57,0,0,0,2,,0,0
1492-2,6,21,monjes,69,90,1,108,280,0,0,0,37,57,0,0,0,2,,0,0
1492-2,6,22,monjes,69,90,1,125,274,0,0,0,37,57,0,0,0,2,,0,0
1492-2,6,23,monjes,69,90,1,142,248,0,0,0,22,42,0,0,0,2,,0,0
1492-2,6,24,monjes,72,90,1,153,229,0,0,0,22,36,0,0,0,2,,0,0
1492-2,6,25,monjes,72,90,1,247,203,0,0,0,22,36,0,0,0,2,1,15,0
1492-2,6,26,monjes,72,90,1,222,190,0,0,0,22,36,0,0,0,2,,0,0
1492-2,6,27,monjes,72,90,1,233,173,0,0,0,22,36,0,0,0,2,,0,0
1492-2,6,28,monjes,72,90,1,244,157,0,0,0,22,36,0,0,0,2,,0,0
1492-2,6,29,monjes,72,90,1,255,159,0,0,0,30,44,0,0,0,2,,0,0
1492-2,6,30,monjes,72,90,1,272,161,0,0,0,30,50,0,0,0,2,,0,0
1492-2,6,31,monjes,72,90,1,273,145,0,0,0,30,50,0,0,0,2,1,24,0
1492-2,6,32,monjes,75,90,1,188,147,0,2,0,30,50,0,0,0,2,,0,0
1492-2,6,33,monjes,75,90,1,197,149,0,4,0,30,50,0,0,0,2,,0,0
1492-2,6,34,monjes,75,90,1,214,152,0,0,0,30,50,0,0,0,2,,0,0
1492-2,6,35,monjes,78,90,1,231,183,0,0,0,60,80,0,0,0,2,,0,0
1492-2,6,36,monjes,78,90,1,248,213,0,0,0,60,80,0,0,0,2,,0,0
1492-2,6,37,monjes,78,90,1,237,237,0,0,0,60,80,0,0,0,2,1,10,0
1492-2,6,38,monjes,78,90,1,163,260,0,2,0,60,80,0,0,0,2,,0,0
1492-2,6,39,monjes,78,90,1,180,282,0,4,0,60,80,0,0,0,2,,0,0
1492-2,6,40,monjes,78,90,1,197,308,0,4,0,60,80,0,0,0,2,,0,0
1492-2,6,41,monjes,78,90,1,214,311,0,4,0,37,57,0,0,0,2,,0,0
1492-2,6,42,monjes,78,90,1,231,313,0,4,0,37,57,0,0,0,2,,0,0
1492-2,6,43,monjes,78,90,1,265,290,0,4,0,37,57,0,0,0,2,1,30,0
1492-2,6,44,monjes,81,90,1,212,290,0,4,0,37,57,0,0,0,2,,0,0
1492-2,6,45,monjes,81,90,1,199,286,0,4,0,37,57,0,0,0,2,,0,0
1492-2,6,46,monjes,81,90,1,216,279,0,4,0,37,57,0,0,0,2,,0,0
1492-2,6,47,monjes,81,90,1,233,250,0,4,0,22,42,0,0,0,2,,0,0
1492-2,6,48,monjes,84,90,1,244,230,0,4,0,22,36,0,0,0,2,,0,0
1492-2,6,49,monjes,83,89,1,332,194,0,4,0,22,36,0,0,0,2,1,21,0
1492-2,6,50,monjes,84,90,1,272,188,0,0,0,22,35,0,0,0,2,,0,0
1492-2,6,51,monjes,125,95,2,243,175,0,0,0,22,36,0,0,0,3,,0,0
1492-2,6,52,monjes,125,95,2,249,154,0,0,0,22,36,0,0,0,3,,0,0
1492-2,6,53,monjes,125,96,2,255,147,0,0,0,30,44,0,0,0,3,,0,0
1492-2,6,54,monjes,125,97,2,267,147,0,0,0,30,50,0,0,0,3,,0,0
1492-2,6,55,monjes,124,93,2,252,91,0,0,0,30,50,0,0,0,3,1,22,0
1492-2,6,56,monjes,124,94,2,162,96,0,2,0,30,50,0,1,0,3,,0,0
1492-2,6,57,monjes,236,139,3,164,107,0,4,0,35,55,0,0,0,4,,0,0
1492-2,6,58,monjes,237,144,3,177,104,0,1,0,35,63,0,1,0,4,,0,0
1492-2,6,59,monjes,238,147,3,192,128,0,1,0,65,95,0,0,0,4,,0,0
1492-2,6,60,monjes,239,150,3,207,150,0,1,0,66,97,0,1,0,4,,0,0
1492-2,6,61,monjes,239,153,3,202,173,0,1,0,67,98,0,0,0,4,1,15,0
1492-2,6,62,monjes,240,156,3,145,214,0,2,0,85,113,0,1,0,4,,0,0
1492-2,6,63,monjes,240,159,3,140,256,0,3,0,87,118,0,0,0,4,,0,0
1492-2,6,64,monjes,241,160,3,155,293,0,3,0,89,122,0,1,0,4,,0,0
1492-2,6,65,monjes,241,161,3,171,296,0,3,0,55,88,0,0,0,4,,0,0
1492-2,6,66,monjes,241,162,3,187,301,0,3,0,57,90,0,0,0,4,,0,0
1492-2,6,67,monjes,241,164,3,141,250,0,3,0,57,90,0,0,0,4,1,27,0
1492-2,6,68,monjes,242,167,3,106,251,0,3,0,59,91,0,1,0,4,,0,0
1492-2,6,69,monjes,274,226,4,121,256,0,3,0,67,100,0,0,0,4,,0,0
1492-2,6,70,monjes,275,230,4,130,243,0,3,0,67,111,0,0,0,4,,0,0
1492-2,6,71,monjes,275,230,4,151,212,0,3,0,47,93,0,0,0,4,,0,0
1492-2,6,72,monjes,275,230,4,166,182,0,3,0,47,87,0,1,0,4,,0,0
1492-2,6,73,monjes,273,223,4,210,119,0,0,0,54,94,0,0,0,4,1,20,0
1492-2,6,74,monjes,273,223,4,161,119,0,0,0,54,89,0,0,0,4,,0,0
1492-2,6,75,monjes,302,268,5,169,117,0,0,0,54,89,0,1,0,4,,0,0
1492-2,6,76,monjes,303,273,5,182,99,0,0,0,54,101,0,1,0,4,,0,0
1492-2,6,77,monjes,304,278,5,197,101,0,0,0,74,123,0,0,0,4,,0,0
1492-2,6,78,monjes,306,285,5,218,100,0,0,0,74,129,0,1,0,4,,0,0
1492-2,6,79,monjes,306,286,5,145,59,0,0,0,76,132,0,0,0,4,1,19,0
1492-2,6,80,monjes,307,292,5,121,66,0,2,0,76,129,0,0,0,4,,0,0
1492-2,6,81,monjes,329,304,6,158,111,0,0,0,77,131,0,1,0,4,,0,0
1492-2,6,82,monjes,331,311,6,177,113,0,0,0,78,134,0,0,0,4,,0,0
1492-2,6,83,monjes,332,318,6,184,170,0,0,0,141,197,0,0,0,4,,0,0
1492-2,6,84,monjes,333,324,6,203,222,0,0,0,142,198,0,1,0,4,,0,0
1492-2,6,85,monjes,335,330,6,174,295,0,0,0,170,229,0,0,0,4,1,17,0
1492-2,6,86,monjes,336,336,6,163,361,0,2,0,170,230,0,1,0,4,,0,0
1492-2,6,87,monjes,337,342,6,152,443,0,2,0,190,250,0,0,0,4,,0,0
1492-2,6,88,monjes,338,348,6,164,521,0,2,0,190,251,0,1,0,4,,0,0
1492-2,6,89,monjes,339,354,6,188,533,0,2,0,123,186,0,1,0,4,,0,0
1492-2,6,90,monjes,341,361,6,214,560,0,2,0,138,204,0,0,0,4,,0,0
1492-2,6,91,monjes,342,366,6,221,523,0,2,0,139,207,0,1,0,4,1,28,0
1492-2,6,92,monjes,344,376,6,186,541,0,2,0,136,204,0,1,0,4,,0,0
1492-2,6,93,monjes,370,391,7,230,596,0,2,0,137,204,0,0,0,4,,0,0
1492-2,6,94,monjes,371,397,7,252,605,0,2,0,138,206,0,1,0,4,,0,0
1492-2,6,95,monjes,371,397,7,279,568,0,2,0,95,165,0,0,0,4,,0,0
1492-2,6,96,monjes,371,397,7,300,532,0,2,0,95,159,0,0,0,4,,0,0
1492-2,6,97,monjes,370,392,7,363,450,0,2,0,95,159,0,0,0,4,1,41,0
1492-2,6,98,monjes,373,392,7,339,427,0,2,0,95,159,0,1,0,4,,0,0
1492-2,6,99,monjes,394,397,8,345,447,0,2,0,95,159,0,1,0,4,,0,0
1492-2,6,100,monjes,394,397,8,303,418,0,2,0,96,160,0,0,0,4,,0,0
1492-2,6,101,monjes,398,404,8,273,417,0,2,0,118,182,0,1,0,4,,0,0
1492-2,6,102,monjes,400,411,8,279,415,0,2,0,120,190,0,1,0,4,,0,0
1492-2,6,103,monjes,401,418,8,357,418,0,2,0,121,191,0,0,0,4,1,28,0
1492-2,6,104,monjes,403,426,8,329,419,0,2,0,125,191,0,2,0,4,,0,0
1492-2,6,105,monjes,404,434,8,286,428,0,2,0,131,197,0,0,0,4,,0,0
1492-2,6,106,monjes,406,442,8,259,433,0,2,0,132,200,0,1,0,4,,0,0
1492-2,6,107,monjes,408,451,8,246,538,0,2,0,239,311,0,1,0,4,,0,0
1492-2,6,108,monjes,410,460,8,264,638,0,2,0,243,316,0,0,0,4,,0,0
1492-2,6,109,monjes,412,470,8,337,689,0,0,0,246,321,0,0,0,4,1,28,0
1492-2,6,110,monjes,414,480,8,316,793,0,0,0,252,327,0,0,0,4,,0,0
1492-2,6,111,monjes,449,542,9,296,891,0,0,0,254,330,0,0,0,4,,0,0
1492-2,6,112,monjes,452,557,9,277,973,0,0,0,258,344,0,1,0,4,,0,0
1492-2,6,113,monjes,455,573,9,290,966,0,0,0,174,263,0,0,0,4,,0,0
1492-2,6,114,monjes,458,589,9,310,954,0,0,0,174,263,0,0,0,4,,0,0
1492-2,6,115,monjes,462,605,9,363,938,0,0,0,175,265,0,0,0,4,1,22,0
1492-2,6,116,monjes,464,619,9,325,918,0,0,0,176,266,0,2,0,4,,0,0
1492-2,6,117,monjes,467,633,9,280,922,0,0,0,201,294,0,1,0,4,,0,0
1492-2,6,118,monjes,469,642,9,276,919,0,0,0,201,295,0,1,0,4,,0,0
1492-2,6,119,monjes,469,642,9,315,856,0,0,0,143,243,0,0,0,4,,0,0
1492-2,6,120,monjes,469,642,9,348,794,0,0,0,143,237,0,0,0,4,,0,0
1492-2,6,121,monjes,469,642,9,479,733,0,0,0,143,237,0,1,0,4,1,29,0
1492-2,6,122,monjes,469,642,9,467,689,0,0,0,143,237,0,0,0,4,,0,0
1492-2,6,123,monjes,472,642,9,455,647,0,0,0,143,237,0,0,0,4,,0,0
1492-2,6,124,monjes,472,642,9,443,606,0,0,0,143,237,0,0,0,4,,0,0
1492-2,6,125,monjes,475,655,9,431,595,0,0,0,174,268,0,0,0,4,,0,0
1492-2,6,126,monjes,477,668,9,425,581,0,0,0,174,275,0,1,0,4,,0,0
1492-2,6,127,monjes,480,681,9,490,554,0,0,0,175,277,0,0,0,4,1,31,0
1492-2,6,128,monjes,482,694,9,446,533,0,2,0,176,279,0,1,0,4,,0,0
1492-2,6,129,monjes,488,707,9,403,513,0,4,0,177,287,0,0,0,4,,0,0
1492-2,6,130,monjes,489,710,9,363,491,0,6,0,177,290,0,0,0,4,,0,0
1492-2,6,131,monjes,492,725,9,384,589,0,8,0,305,418,0,0,0,4,,0,0
1492-2,6,132,monjes,495,740,9,430,674,0,8,0,305,419,0,1,0,4,,0,0
1492-2,6,133,monjes,497,754,9,615,749,0,7,0,305,424,0,0,0,4,1,34,0
1492-2,6,134,monjes,503,766,9,622,833,0,7,0,305,425,0,0,0,4,,0,0
1492-2,6,135,monjes,504,774,9,632,911,0,7,0,305,428,0,0,0,4,,0,0
1492-2,6,136,monjes,506,782,9,643,984,0,7,0,305,429,0,0,0,4,,0,0
1492-2,6,137,monjes,508,790,9,654,957,0,7,0,206,330,0,0,0,4,,0,0
1492-2,6,138,monjes,509,799,9,667,920,0,7,0,206,332,0,0,0,4,,0,0
1492-2,6,139,monjes,511,808,9,796,891,0,7,0,206,332,0,0,0,4,1,24,0
1492-2,6,140,monjes,516,817,9,810,861,0,7,0,206,333,0,0,0,4,,0,0
1492-2,6,141,monjes,518,825,9,824,830,0,7,0,206,333,0,0,0,4,,0,0
1492-2,6,142,monjes,518,826,9,842,798,0,7,0,206,337,0,0,0,4,,0,0
1492-2,6,143,monjes,518,826,9,860,709,0,7,0,145,276,0,0,0,4,,0,0
1492-2,6,144,monjes,518,826,9,872,624,0,7,0,145,270,0,0,0,4,,0,0
1492-2,6,145,monjes,518,826,9,954,542,0,7,0,145,270,0,0,0,4,1,26,0
1492-2,6,146,monjes,518,826,9,966,461,0,7,0,145,270,0,0,0,4,,0,0
1492-2,6,147,monjes,518,826,9,978,384,0,7,0,145,270,0,1,0,4,,0,0
1492-2,6,148,monjes,518,826,9,990,318,0,0,0,145,270,0,0,0,4,,0,0
1492-2,6,149,monjes,518,826,9,1002,279,0,0,0,177,302,0,0,0,4,,0,0
1492-2,6,150,monjes,518,826,9,1020,241,0,0,0,177,308,0,0,0,4,,0,0
1492-2,6,151,monjes,519,830,9,1078,205,0,0,0,177,308,0,0,0,4,1,33,0
1492-2,6,152,monjes,519,830,9,1056,147,0,2,0,158,289,0,0,0,4,,0,0
1492-2,6,153,monjes,519,830,9,1034,94,0,2,0,158,289,0,0,0,4,,0,0
1492-2,6,154,monjes,519,830,9,1012,42,0,3,0,158,289,0,0,0,4,,0,0
1492-2,6,155,monjes,520,839,9,990,100,0,2,0,270,401,0,0,0,4,,0,0
1492-2,6,156,monjes,522,849,9,969,152,0,4,0,270,402,0,0,0,4,,0,0
1492-2,6,157,monjes,525,860,9,1120,203,0,6,0,270,404,0,0,0,4,1,23,0
1492-2,6,158,monjes,527,872,9,1131,251,0,1,0,270,405,0,5,0,4,,0,0
1492-2,6,159,monjes,529,884,9,1142,383,0,1,0,358,493,0,0,0,4,,0,0
1492-2,6,160,monjes,532,896,9,1156,507,0,1,0,358,496,0,0,0,4,,0,0
1492-2,6,161,monjes,534,906,9,1170,511,0,1,0,241,379,0,0,0,4,,0,0
1492-2,6,162,monjes,535,913,9,1187,512,0,1,0,241,382,0,0,0,4,,0,0
1492-2,6,163,monjes,536,917,9,1262,456,0,1,0,241,384,0,0,0,4,1,29,0
1492-2,6,164,monjes,538,925,9,1292,451,0,1,0,241,384,0,0,0,4,,0,0
1492-2,6,165,monjes,567,970,10,1322,444,0,1,0,241,384,0,0,0,4,,0,0
1492-2,6,166,monjes,567,974,10,1350,427,0,1,0,241,391,0,0,0,4,,0,0
1492-2,6,167,monjes,567,974,10,1378,332,0,1,0,160,310,0,0,0,4,,0,0
1492-2,6,168,monjes,567,974,10,1400,241,0,1,0,160,304,0,0,0,4,,0,0
1492-2,6,169,monjes,567,970,10,1487,98,0,1,0,150,294,0,0,0,4,1,33,0
1492-2,6,170,monjes,567,970,10,1510,3,0,0,0,150,292,0,0,0,4,,0,0
1492-2,6,171,monjes,597,1025,11,1533,1,0,0,0,150,292,1,2,0,4,,0,0
1492-2,6,172,monjes,596,1025,11,1556,1,0,0,0,156,310,1,0,0,4,,0,0
1492-2,6,173,monjes,590,1001,11,1579,1,0,0,0,210,364,1,0,0,4,,0,0
1492-2,6,174,monjes,585,981,11,1600,1,0,0,0,210,362,1,0,0,4,,0,0
1492-2,6,175,monjes,579,957,11,1707,4,0,0,0,210,360,1,0,0,4,1,25,0
1492-2,6,176,monjes,573,933,11,1693,7,0,2,0,210,356,1,0,0,4,,0,0
1492-2,6,177,monjes,567,909,11,1676,7,0,4,0,210,353,1,0,0,4,,0,0
1492-2,6,178,monjes,562,886,11,1656,7,0,6,0,210,350,1,0,0,4,,0,0
1492-2,6,179,monjes,569,924,11,1609,197,0,4,0,407,542,0,0,0,4,,0,0
1492-2,6,180,monjes,578,965,11,1577,360,0,6,0,407,550,0,3,0,4,,0,0
1492-2,6,181,monjes,586,1005,11,1671,532,0,8,0,433,582,0,1,0,4,1,25,0
1492-2,6,182,monjes,591,1030,11,1692,689,0,8,0,439,591,0,2,0,4,,0,0
1492-2,6,183,monjes,593,1042,11,1722,845,0,8,0,447,608,0,0,0,4,,0,0
1492-2,6,184,monjes,595,1053,11,1755,990,0,8,0,447,611,0,1,0,4,,0,0
1492-2,6,185,monjes,597,1064,11,1789,968,0,8,0,280,445,0,0,0,4,,0,0
1492-2,6,186,monjes,600,1075,11,1824,944,0,8,0,280,446,0,0,0,4,,0,0
1492-2,6,187,monjes,602,1086,11,1933,905,0,8,0,280,446,0,0,0,4,1,30,0
1492-2,6,188,monjes,604,1097,11,1970,875,0,8,0,280,448,0,0,0,4,,0,0
1492-2,6,189,monjes,606,1108,11,2007,847,0,8,0,280,448,0,0,0,4,,0,0
1492-2,6,190,monjes,609,1121,11,2047,817,0,8,0,280,451,0,0,0,4,,0,0
1492-2,6,191,monjes,612,1121,11,2091,687,0,8,0,177,352,0,0,0,4,,0,0
1492-2,6,192,monjes,612,1121,11,2129,562,0,8,0,177,346,0,0,0,4,,0,0
1492-2,6,193,monjes,612,1121,11,2192,449,0,8,0,184,353,0,0,0,4,1,25,0
1492-2,6,194,monjes,612,1121,11,2238,345,0,1,0,184,353,0,0,0,4,,0,0
1492-2,6,195,monjes,612,1121,11,2284,239,0,1,0,184,353,0,0,0,4,,0,0
1492-2,6,196,monjes,612,1121,11,2330,137,0,1,0,184,353,0,0,0,4,,0,0
1492-2,6,197,monjes,612,1121,11,2378,89,0,0,0,235,404,0,0,0,4,,0,0
1492-2,6,198,monjes,612,1121,11,2428,42,0,0,0,235,410,0,0,0,4,,0,0
1492-2,6,199,monjes,611,1121,11,2485,44,0,0,0,235,410,1,0,0,4,1,25,0
1492-2,6,200,monjes,610,1121,11,2474,44,0,2,0,235,410,1,0,0,4,,0,0
1492-2,6,1,salineros,30,36,1,19,69,0,9,0,9,28,0,0,0,0,1,5,0
1492-2,6,2,salineros,30,36,1,18,67,0,18,0,9,23,0,0,0,0,,0,0
1492-2,6,3,salineros,30,36,1,17,65,0,27,0,9,23,0,0,0,0,,0,0
1492-2,6,4,salineros,30,36,1,16,63,0,36,0,9,23,0,0,0,0,,0,0
1492-2,6,5,salineros,30,37,1,15,64,0,45,0,12,26,0,1,0,0,,0,0
1492-2,6,6,salineros,30,38,1,17,67,0,65,0,12,40,0,0,0,0,,0,0
1492-2,6,7,salineros,45,39,1,19,70,0,85,0,12,40,0,0,0,1,1,0,1
1492-2,6,8,salineros,46,40,1,1,73,0,104,0,12,39,0,0,0,1,,0,0
1492-2,6,9,salineros,46,42,1,5,73,0,123,0,12,41,0,0,0,1,,0,0
1492-2,6,10,salineros,46,44,1,9,73,0,141,0,12,40,0,1,0,1,,0,0
1492-2,6,11,salineros,47,46,1,21,87,0,159,0,25,61,0,0,0,1,,0,0
1492-2,6,12,salineros,47,48,1,33,101,0,175,0,25,60,0,0,0,1,,0,0
1492-2,6,13,salineros,47,46,1,25,104,0,181,0,25,60,0,0,0,1,1,14,0
1492-2,6,14,salineros,47,48,1,37,118,0,186,0,25,59,0,0,0,1,,0,0
1492-2,6,15,salineros,48,50,1,49,131,0,191,0,25,59,0,0,0,1,,0,0
1492-2,6,16,salineros,48,52,1,63,144,0,196,0,25,61,0,0,0,1,,0,0
1492-2,6,17,salineros,48,54,1,77,147,0,200,0,16,51,0,0,0,1,,0,0
1492-2,6,18,salineros,49,56,1,91,150,0,204,0,16,51,0,0,0,1,,0,0
1492-2,6,19,salineros,48,54,1,592,128,0,212,0,16,50,0,0,0,1,1,19,0
1492-2,6,20,salineros,49,56,1,606,131,0,215,0,16,50,0,0,0,1,,0,0
1492-2,6,21,salineros,62,58,1,620,133,0,217,0,16,49,0,0,0,2,,0,0
1492-2,6,22,salineros,63,60,1,634,135,0,219,0,16,49,0,0,0,2,,0,0
1492-2,6,23,salineros,63,60,1,650,129,0,220,0,9,43,0,0,0,2,,0,0
1492-2,6,24,salineros,63,60,1,660,123,0,221,0,9,37,0,0,0,2,,0,0
1492-2,6,25,salineros,62,56,1,1115,95,0,228,0,9,36,0,0,0,2,1,24,0
1492-2,6,26,salineros,62,56,1,1082,90,0,236,0,9,35,0,0,0,2,,0,0
1492-2,6,27,salineros,65,56,1,1049,85,0,244,0,9,35,0,0,0,2,,0,0
1492-2,6,28,salineros,65,56,1,1016,80,0,251,0,9,34,0,0,0,2,,0,0
1492-2,6,29,salineros,65,56,1,983,78,0,258,0,12,37,0,0,0,2,,0,0
1492-2,6,30,salineros,65,56,1,955,76,0,264,0,12,41,0,0,0,2,,0,0
1492-2,6,31,salineros,65,56,1,1171,61,0,270,0,12,41,0,0,0,2,1,29,0
1492-2,6,32,salineros,65,56,1,1149,63,0,275,0,12,40,0,0,0,2,,0,0
1492-2,6,33,salineros,68,56,1,1127,65,0,280,0,12,40,0,0,0,2,,0,0
1492-2,6,34,salineros,68,56,1,1105,67,0,284,0,12,39,0,0,0,2,,0,0
1492-2,6,35,salineros,68,58,1,1083,82,0,288,0,25,52,0,0,0,2,,0,0
1492-2,6,36,salineros,69,60,1,1061,97,0,292,0,25,52,0,0,0,2,,0,0
1492-2,6,37,salineros,69,60,1,1214,111,0,295,0,25,54,0,0,0,2,1,19,0
1492-2,6,38,salineros,69,60,1,1188,121,0,298,0,25,54,0,0,0,2,,0,0
1492-2,6,39,salineros,69,60,1,1162,131,0,301,0,25,54,0,0,0,2,,0,0
1492-2,6,40,salineros,69,60,1,1136,141,0,304,0,25,54,0,0,0,2,,0,0
1492-2,6,41,salineros,69,60,1,1110,142,0,307,0,16,45,0,0,0,2,,0,0
1492-2,6,42,salineros,69,60,1,1084,143,0,310,0,16,45,0,0,0,2,,0,0
1492-2,6,43,salineros,69,60,1,1240,135,0,313,0,16,45,0,0,0,2,1,34,0
1492-2,6,44,salineros,72,60,1,1214,136,0,316,0,16,45,0,0,0,2,,0,0
1492-2,6,45,salineros,72,60,1,1188,137,0,319,0,16,45,0,0,0,2,,0,0
1492-2,6,46,salineros,72,60,1,1162,138,0,322,0,16,45,0,0,0,2,,0,0
1492-2,6,47,salineros,72,60,1,1136,123,0,325,0,9,38,0,0,0,2,,0,0
1492-2,6,48,salineros,75,60,1,1104,117,0,328,0,9,32,0,0,0,2,,0,0
1492-2,6,49,salineros,75,60,1,1269,111,0,331,0,9,32,0,0,0,2,1,19,0
1492-2,6,50,salineros,75,60,1,1237,105,0,334,0,9,32,0,0,0,2,,0,0
1492-2,6,51,salineros,75,60,1,1205,99,0,338,0,9,32,0,0,0,2,,0,0
1492-2,6,52,salineros,75,60,1,1173,84,0,342,0,9,32,0,0,0,2,,0,0
1492-2,6,53,salineros,78,60,1,1141,81,0,346,0,12,35,0,0,0,2,,0,0
1492-2,6,54,salineros,78,60,1,1115,78,0,350,0,12,41,0,0,0,2,,0,0
1492-2,6,55,salineros,78,60,1,1300,35,0,355,0,12,41,0,0,0,2,1,25,0
1492-2,6,56,salineros,78,60,1,1280,36,0,360,0,12,41,0,0,0,2,,0,0
1492-2,6,57,salineros,126,100,2,1260,37,0,365,0,12,41,0,0,0,3,,0,0
1492-2,6,58,salineros,126,100,2,1239,28,0,370,0,12,49,0,0,0,3,,0,0
1492-2,6,59,salineros,126,102,2,1218,32,0,375,0,25,62,0,0,0,3,,0,0
1492-2,6,60,salineros,126,102,2,1197,36,0,380,0,25,62,0,0,0,3,,0,0
1492-2,6,61,salineros,127,106,2,1343,41,0,385,0,25,62,0,0,0,3,1,30,0
1492-2,6,62,salineros,127,106,2,1321,40,0,390,0,25,62,0,2,0,3,,0,0
1492-2,6,63,salineros,127,108,2,1269,66,0,394,0,48,85,0,0,0,3,,0,0
1492-2,6,64,salineros,128,110,2,1247,87,0,398,0,48,85,0,2,0,3,,0,0
1492-2,6,65,salineros,128,112,2,1225,108,0,401,0,44,81,0,0,0,3,,0,0
1492-2,6,66,salineros,128,114,2,1203,128,0,404,0,44,81,0,0,0,3,,0,0
1492-2,6,67,salineros,128,112,2,1345,138,0,407,0,44,83,0,0,0,3,1,29,0
1492-2,6,68,salineros,128,114,2,1326,158,0,409,0,44,83,0,0,0,3,,0,0
1492-2,6,69,salineros,129,116,2,1307,178,0,411,0,44,83,0,0,0,3,,0,0
1492-2,6,70,salineros,129,118,2,1288,197,0,413,0,44,83,0,0,0,3,,0,0
1492-2,6,71,salineros,129,118,2,1269,197,0,415,0,25,64,0,0,0,3,,0,0
1492-2,6,72,salineros,129,118,2,1244,197,0,417,0,25,58,0,0,0,3,,0,0
1492-2,6,73,salineros,129,118,2,1424,140,0,419,0,25,58,0,0,0,3,1,30,0
1492-2,6,74,salineros,129,118,2,1411,133,0,422,0,25,58,0,0,0,3,,0,0
1492-2,6,75,salineros,193,173,3,1398,126,0,425,0,25,58,0,0,0,4,,0,0
1492-2,6,76,salineros,193,173,3,1386,105,0,428,0,25,68,0,0,0,4,,0,0
1492-2,6,77,salineros,193,173,3,1374,90,0,432,0,31,74,0,0,0,4,,0,0
1492-2,6,78,salineros,193,173,3,1368,75,0,436,0,31,80,0,0,0,4,,0,0
1492-2,6,79,salineros,193,173,3,1558,23,0,441,0,31,80,0,0,0,4,1,32,0
1492-2,6,80,salineros,193,173,3,1539,11,0,446,0,31,80,0,2,0,4,,0,0
1492-2,6,81,salineros,220,208,4,1490,17,0,451,0,45,94,0,0,0,4,,0,0
1492-2,6,82,salineros,220,208,4,1468,10,0,456,0,45,100,0,2,0,4,,0,0
1492-2,6,83,salineros,221,213,4,1396,56,0,460,0,94,149,0,0,0,4,,0,0
1492-2,6,84,salineros,222,216,4,1376,97,0,464,0,94,151,0,0,0,4,,0,0
1492-2,6,85,salineros,222,218,4,1545,97,0,468,0,94,151,0,2,0,4,1,26,0
1492-2,6,86,salineros,222,219,4,1527,139,0,484,0,94,166,0,1,0,4,,0,0
1492-2,6,87,salineros,253,272,5,1509,194,0,499,0,105,177,0,0,0,4,,0,0
1492-2,6,88,salineros,254,276,5,1494,235,0,512,0,105,188,0,0,0,4,,0,0
1492-2,6,89,salineros,255,280,5,1479,243,0,525,0,73,156,0,0,0,4,,0,0
1492-2,6,90,salineros,255,284,5,1464,250,0,538,0,73,156,0,0,0,4,,0,0
1492-2,6,91,salineros,256,286,5,1657,201,0,551,0,73,156,0,0,0,4,1,42,0
1492-2,6,92,salineros,257,290,5,1656,199,0,563,0,73,155,0,1,0,4,,0,0
1492-2,6,93,salineros,288,330,6,1659,207,0,575,0,82,168,0,0,0,4,,0,0
1492-2,6,94,salineros,288,330,6,1661,205,0,587,0,82,176,0,0,0,4,,0,0
1492-2,6,95,salineros,288,330,6,1663,175,0,600,0,54,148,0,0,0,4,,0,0
1492-2,6,96,salineros,288,330,6,1659,145,0,613,0,54,141,0,0,0,4,,0,0
1492-2,6,97,salineros,288,330,6,1855,78,0,627,0,54,141,0,0,0,4,1,26,0
1492-2,6,98,salineros,288,330,6,1837,52,0,642,0,54,141,0,0,0,4,,0,0
1492-2,6,99,salineros,319,385,7,1819,26,0,656,0,54,140,0,1,0,4,,0,0
1492-2,6,100,salineros,318,385,7,1802,4,0,671,0,58,154,1,0,0,4,,0,0
1492-2,6,101,salineros,317,385,7,1785,4,0,686,0,72,168,1,0,0,4,,0,0
1492-2,6,102,salineros,314,378,7,1774,4,0,701,0,72,174,1,0,0,4,,0,0
1492-2,6,103,salineros,312,371,7,1982,4,0,714,0,63,151,1,0,0,4,1,31,0
1492-2,6,104,salineros,309,364,7,1955,4,0,727,0,63,144,1,0,0,4,,0,0
1492-2,6,105,salineros,307,357,7,1928,4,0,738,0,54,133,1,0,0,4,,0,0
1492-2,6,106,salineros,305,350,7,1901,4,0,748,0,49,127,1,0,0,4,,0,0
1492-2,6,107,salineros,305,350,7,1844,3,0,756,0,88,166,0,0,0,4,,0,0
1492-2,6,108,salineros,304,350,7,1817,4,0,766,0,88,166,1,3,0,4,,0,0
1492-2,6,109,salineros,56,114,2,1984,33,0,774,0,43,72,0,2,0,4,1,25,0
1492-2,6,110,salineros,57,118,2,1958,58,0,777,0,49,78,0,0,0,4,,0,0
1492-2,6,111,salineros,58,120,2,1932,82,0,780,0,49,78,0,0,0,4,,0,0
1492-2,6,112,salineros,61,120,2,1909,105,0,782,0,49,81,0,0,0,4,,0,0
1492-2,6,113,salineros,61,120,2,1886,112,0,784,0,33,65,0,0,0,4,,0,0
1492-2,6,114,salineros,61,120,2,1863,119,0,786,0,33,65,0,0,0,4,,0,0
1492-2,6,115,salineros,61,120,2,2063,129,0,788,0,36,68,0,0,0,4,1,24,0
1492-2,6,116,salineros,61,120,2,2041,139,0,790,0,36,68,0,0,0,4,,0,0
1492-2,6,117,salineros,61,120,2,2019,149,0,792,0,36,68,0,0,0,4,,0,0
1492-2,6,118,salineros,61,120,2,1997,159,0,793,0,36,68,0,0,0,4,,0,0
1492-2,6,119,salineros,61,120,2,1975,157,0,794,0,24,56,0,0,0,4,,0,0
1492-2,6,120,salineros,61,120,2,1947,157,0,795,0,26,52,0,0,0,4,,0,0
1492-2,6,121,salineros,61,120,2,2103,155,0,797,0,27,54,0,0,0,4,1,27,0
1492-2,6,122,salineros,61,120,2,2088,150,0,799,0,27,54,0,0,0,4,,0,0
1492-2,6,123,salineros,61,120,2,2060,148,0,802,0,27,54,0,0,0,4,,0,0
1492-2,6,124,salineros,61,120,2,2032,149,0,805,0,27,54,0,0,0,4,,0,0
1492-2,6,125,salineros,61,120,2,2004,156,0,807,0,33,60,0,0,0,4,,0,0
1492-2,6,126,salineros,61,120,2,1982,163,0,809,0,33,66,0,0,0,4,,0,0
1492-2,6,127,salineros,61,120,2,2149,167,0,811,0,33,66,0,0,0,4,1,30,0
1492-2,6,128,salineros,61,120,2,2144,168,0,813,0,33,70,0,0,0,4,,0,0
1492-2,6,129,salineros,61,120,2,2139,169,0,815,0,33,70,0,0,0,4,,0,0
1492-2,6,130,salineros,61,120,2,2134,170,0,817,0,33,70,0,0,0,4,,0,0
1492-2,6,131,salineros,61,120,2,2116,200,0,819,0,59,96,0,0,0,4,,0,0
1492-2,6,132,salineros,61,120,2,2098,233,0,820,0,59,96,0,0,0,4,,0,0
1492-2,6,133,salineros,61,120,2,2281,263,0,820,0,59,96,0,0,0,4,1,25,0
1492-2,6,134,salineros,61,120,2,2275,289,0,820,0,59,96,0,0,0,4,,0,0
1492-2,6,135,salineros,61,120,2,2269,315,0,819,0,59,96,0,0,0,4,,0,0
1492-2,6,136,salineros,61,120,2,2263,341,0,818,0,59,96,0,0,0,4,,0,0
1492-2,6,137,salineros,61,120,2,2257,349,0,816,0,41,78,0,0,0,4,,0,0
1492-2,6,138,salineros,61,120,2,2251,357,0,814,0,41,78,0,0,0,4,,0,0
1492-2,6,139,salineros,61,120,2,2455,365,0,812,0,41,78,0,0,0,4,1,25,0
1492-2,6,140,salineros,61,120,2,2449,373,0,810,0,41,78,0,0,0,4,,0,0
1492-2,6,141,salineros,61,120,2,2443,381,0,808,0,41,78,0,0,0,4,,0,0
1492-2,6,142,salineros,61,120,2,2437,389,0,806,0,41,78,0,0,0,4,,0,0
1492-2,6,143,salineros,61,120,2,2431,383,0,804,0,27,64,0,0,0,4,,0,0
1492-2,6,144,salineros,61,120,2,2419,377,0,802,0,27,58,0,0,0,4,,0,0
1492-2,6,145,salineros,61,120,2,2625,331,0,801,0,27,58,0,0,0,4,1,25,0
1492-2,6,146,salineros,61,120,2,2613,325,0,800,0,27,58,0,0,0,4,,0,0
1492-2,6,147,salineros,92,175,3,2601,319,0,799,0,27,58,0,0,0,4,,0,0
1492-2,6,148,salineros,92,177,3,2586,324,0,804,0,51,91,0,0,0,4,,0,0
1492-2,6,149,salineros,92,179,3,2571,338,0,809,0,61,101,0,0,0,4,,0,0
1492-2,6,150,salineros,93,180,3,2562,352,0,813,0,61,107,0,0,0,4,,0,0
1492-2,6,151,salineros,93,184,3,2787,326,0,818,0,61,108,0,0,0,4,1,28,0
1492-2,6,152,salineros,93,184,3,2783,338,0,826,0,61,115,0,0,0,4,,0,0
1492-2,6,153,salineros,130,269,4,2779,350,0,833,0,61,115,0,0,0,4,,0,0
1492-2,6,154,salineros,130,269,4,2782,341,0,841,0,61,131,0,0,0,4,,0,0
1492-2,6,155,salineros,130,269,4,2785,374,0,848,0,103,173,0,0,0,4,,0,0
1492-2,6,156,salineros,130,269,4,2788,407,0,854,0,103,173,0,0,0,4,,0,0
1492-2,6,157,salineros,130,267,4,2973,390,0,860,0,103,173,0,0,0,4,1,36,0
1492-2,6,158,salineros,130,269,4,2981,419,0,865,0,103,171,0,3,0,4,,0,0
1492-2,6,159,salineros,160,316,5,2976,495,0,869,0,145,215,0,0,0,4,,0,0
1492-2,6,160,salineros,160,318,5,2985,569,0,871,0,157,235,0,1,0,4,,0,0
1492-2,6,161,salineros,161,320,5,2994,604,0,872,0,116,194,0,0,0,4,,0,0
1492-2,6,162,salineros,161,322,5,3005,638,0,873,0,116,196,0,0,0,4,,0,0
1492-2,6,163,salineros,161,324,5,3273,619,0,875,0,116,196,0,0,0,4,1,39,0
1492-2,6,164,salineros,162,326,5,3277,645,0,876,0,116,196,0,0,0,4,,0,0
1492-2,6,165,salineros,197,385,6,3281,677,0,877,0,116,196,0,0,0,4,,0,0
1492-2,6,166,salineros,197,388,6,3286,704,0,877,0,126,216,0,0,0,4,,0,0
1492-2,6,167,salineros,197,388,6,3293,680,0,878,0,87,179,0,0,0,4,,0,0
1492-2,6,168,salineros,197,388,6,3294,667,0,879,0,87,173,0,0,0,4,,0,0
1492-2,6,169,salineros,200,388,6,3521,610,0,881,0,83,169,0,0,0,4,1,28,0
1492-2,6,170,salineros,200,388,6,3522,593,0,884,0,83,169,0,0,0,4,,0,0
1492-2,6,171,salineros,227,423,7,3523,576,0,887,0,83,169,0,0,0,4,,0,0
1492-2,6,172,salineros,227,423,7,3521,559,0,890,0,91,183,0,0,0,4,,0,0
1492-2,6,173,salineros,228,425,7,3519,569,0,893,0,118,210,0,0,0,4,,0,0
1492-2,6,174,salineros,228,426,7,3525,578,0,896,0,118,218,0,0,0,4,,0,0
1492-2,6,175,salineros,228,427,7,3758,534,0,899,0,118,218,0,0,0,4,1,41,0
1492-2,6,176,salineros,228,428,7,3771,544,0,902,0,118,218,0,0,0,4,,0,0
1492-2,6,177,salineros,261,478,8,3784,553,0,904,0,118,218,0,0,0,4,,0,0
1492-2,6,178,salineros,262,481,8,3798,566,0,906,0,134,244,0,0,0,4,,0,0
1492-2,6,179,salineros,263,485,8,3814,666,0,906,0,222,334,0,0,0,4,,0,0
1492-2,6,180,salineros,263,489,8,3830,765,0,904,0,222,334,0,0,0,4,,0,0
1492-2,6,181,salineros,264,493,8,4072,863,0,901,0,222,334,0,0,0,4,1,28,0
1492-2,6,182,salineros,265,497,8,4065,959,0,896,0,222,334,0,0,0,4,,0,0
1492-2,6,183,salineros,265,499,8,4060,1015,0,890,0,183,297,0,0,0,4,,0,0
1492-2,6,184,salineros,266,504,8,4057,1063,0,882,0,183,299,0,1,0,4,,0,0
1492-2,6,185,salineros,267,509,8,4054,1071,0,875,0,137,253,0,0,0,4,,0,0
1492-2,6,186,salineros,268,514,8,4051,1076,0,868,0,137,253,0,1,0,4,,0,0
1492-2,6,187,salineros,269,519,8,4306,1082,0,861,0,137,253,0,0,0,4,1,28,0
1492-2,6,188,salineros,270,524,8,4320,1087,0,854,0,137,254,0,0,0,4,,0,0
1492-2,6,189,salineros,271,527,8,4336,1115,0,846,0,162,281,0,0,0,4,,0,0
1492-2,6,190,salineros,272,530,8,4352,1143,0,838,0,162,281,0,0,0,4,,0,0
1492-2,6,191,salineros,275,530,8,4370,1111,0,830,0,103,224,0,0,0,4,,0,0
1492-2,6,192,salineros,275,530,8,4382,1079,0,823,0,103,218,0,0,0,4,,0,0
1492-2,6,193,salineros,275,530,8,4600,1052,0,816,0,108,223,0,0,0,4,1,25,0
1492-2,6,194,salineros,275,530,8,4612,1025,0,810,0,108,223,0,0,0,4,,0,0
1492-2,6,195,salineros,275,530,8,4624,998,0,804,0,108,223,0,0,0,4,,0,0
1492-2,6,196,salineros,275,530,8,4636,971,0,799,0,108,223,0,0,0,4,,0,0
1492-2,6,197,salineros,275,534,8,4648,970,0,794,0,134,249,0,0,0,4,,0,0
1492-2,6,198,salineros,276,538,8,4666,968,0,789,0,134,255,0,0,0,4,,0,0
1492-2,6,199,salineros,276,538,8,4865,965,0,784,0,134,255,0,0,0,4,1,25,0
1492-2,6,200,salineros,276,538,8,4867,962,0,779,0,134,255,0,0,0,4,,0,0
1492-3,6,1,arrieros,46,116,1,48,60,0,0,0,18,42,0,0,0,0,1,4,0
1492-3,6,2,arrieros,46,116,1,55,46,0,0,0,18,29,0,0,0,0,,0,0
1492-3,6,3,arrieros,46,116,1,62,32,0,0,0,18,29,0,0,0,0,,0,0
1492-3,6,4,arrieros,46,116,1,69,19,0,0,0,18,29,0,0,0,0,,0,0
1492-3,6,5,arrieros,46,116,1,76,12,0,0,0,24,35,0,1,0,0,,0,0
1492-3,6,6,arrieros,46,116,1,102,7,0,0,0,24,54,0,0,0,0,,0,0
1492-3,6,7,arrieros,46,116,1,93,2,0,0,0,24,54,0,0,0,0,1,8,0
1492-3,6,8,arrieros,45,116,1,114,6,0,0,0,24,54,1,0,0,0,,0,0
1492-3,6,9,arrieros,45,116,1,140,2,0,0,0,24,54,0,0,0,0,,0,0
1492-3,6,10,arrieros,44,116,1,166,0,0,0,0,24,54,1,0,0,0,,0,0
1492-3,6,11,arrieros,44,116,1,192,19,0,0,0,48,78,0,0,0,0,,0,0
1492-3,6,12,arrieros,44,116,1,218,37,0,0,0,48,78,0,0,0,0,,0,0
1492-3,6,13,arrieros,44,116,1,160,54,0,0,0,48,78,0,0,0,0,1,7,0
1492-3,6,14,arrieros,44,116,1,148,80,0,2,0,48,78,0,0,0,0,,0,0
1492-3,6,15,arrieros,44,116,1,174,107,0,0,0,48,78,0,0,0,0,,0,0
1492-3,6,16,arrieros,59,116,1,200,121,0,0,0,48,78,0,0,0,1,,0,0
1492-3,6,17,arrieros,59,116,1,226,118,0,0,0,30,60,0,0,0,1,,0,0
1492-3,6,18,arrieros,59,116,1,252,115,0,0,0,30,60,0,0,0,1,,0,0
1492-3,6,19,arrieros,58,112,1,237,106,0,0,0,30,60,0,0,0,1,1,10,0
1492-3,6,20,arrieros,58,112,1,187,116,0,0,0,30,60,0,0,0,1,,0,0
1492-3,6,21,arrieros,58,112,1,176,126,0,0,0,30,60,0,0,0,1,,0,0
1492-3,6,22,arrieros,58,112,1,202,132,0,0,0,30,60,0,0,0,1,,0,0
1492-3,6,23,arrieros,58,112,1,228,118,0,0,0,18,48,0,0,0,1,,0,0
1492-3,6,24,arrieros,58,112,1,243,104,0,0,0,18,37,0,0,0,1,,0,0
1492-3,6,25,arrieros,57,108,1,230,71,0,0,0,18,37,0,0,0,1,1,20,0
1492-3,6,26,arrieros,70,108,1,168,72,0,0,0,18,36,0,0,0,2,,0,0
1492-3,6,27,arrieros,70,108,1,153,73,0,0,0,18,36,0,0,0,2,,0,0
1492-3,6,28,arrieros,70,108,1,167,55,0,0,0,18,36,0,0,0,2,,0,0
1492-3,6,29,arrieros,73,108,1,181,50,0,0,0,24,42,0,0,0,2,,0,0
1492-3,6,30,arrieros,73,108,1,205,46,0,0,0,24,52,0,0,0,2,,0,0
1492-3,6,31,arrieros,73,108,1,166,42,0,0,0,24,52,0,0,0,2,1,7,0
1492-3,6,32,arrieros,73,108,1,165,47,0,2,0,24,52,0,0,0,2,,0,0
1492-3,6,33,arrieros,73,108,1,189,50,0,1,0,24,52,0,0,0,2,,0,0
1492-3,6,34,arrieros,73,108,1,213,47,0,0,0,24,52,0,0,0,2,,0,0
1492-3,6,35,arrieros,73,108,1,237,66,0,0,0,48,76,0,0,0,2,,0,0
1492-3,6,36,arrieros,73,108,1,261,84,0,0,0,48,76,0,0,0,2,,0,0
1492-3,6,37,arrieros,72,104,1,203,107,0,0,0,60,88,0,0,0,2,1,11,0
1492-3,6,38,arrieros,72,104,1,163,145,0,2,0,60,88,0,0,0,2,,0,0
1492-3,6,39,arrieros,72,104,1,166,181,0,2,0,60,88,0,0,0,2,,0,0
1492-3,6,40,arrieros,72,104,1,190,212,0,2,0,60,88,0,0,0,2,,0,0
1492-3,6,41,arrieros,72,104,1,214,215,0,2,0,37,65,0,0,0,2,,0,0
1492-3,6,42,arrieros,72,104,1,238,217,0,2,0,37,65,0,0,0,2,,0,0
1492-3,6,43,arrieros,72,100,1,192,183,0,2,0,30,58,0,0,0,2,1,26,0
1492-3,6,44,arrieros,75,100,1,162,181,0,2,0,30,58,0,0,0,2,,0,0
1492-3,6,45,arrieros,75,100,1,186,179,0,2,0,30,58,0,0,0,2,,0,0
1492-3,6,46,arrieros,75,100,1,210,177,0,2,0,30,58,0,0,0,2,,0,0
1492-3,6,47,arrieros,75,100,1,234,140,0,2,0,18,46,0,0,0,2,,0,0
1492-3,6,48,arrieros,78,100,1,248,128,0,2,0,18,36,0,0,0,2,,0,0
1492-3,6,49,arrieros,77,96,1,223,111,0,2,0,18,36,0,0,0,2,1,10,0
1492-3,6,50,arrieros,77,96,1,160,113,0,2,0,18,35,0,0,0,2,,0,0
1492-3,6,51,arrieros,77,96,1,140,115,0,2,0,18,35,0,0,0,2,,0,0
1492-3,6,52,arrieros,77,96,1,153,113,0,2,0,18,35,0,0,0,2,,0,0
1492-3,6,53,arrieros,77,96,1,166,109,0,2,0,24,41,0,0,0,2,,0,0
1492-3,6,54,arrieros,77,96,1,188,105,0,2,0,24,50,0,0,0,2,,0,0
1492-3,6,55,arrieros,77,96,1,187,77,0,2,0,24,50,0,0,0,2,1,26,0
1492-3,6,56,arrieros,80,96,1,160,88,0,0,0,24,50,0,0,0,2,,0,0
1492-3,6,57,arrieros,80,96,1,182,97,0,0,0,24,50,0,0,0,2,,0,0
1492-3,6,58,arrieros,80,96,1,204,70,0,0,0,24,50,0,0,0,2,,0,0
1492-3,6,59,arrieros,83,96,1,226,91,0,0,0,48,74,0,0,0,2,,0,0
1492-3,6,60,arrieros,83,96,1,248,111,0,0,0,48,74,0,0,0,2,,0,0
1492-3,6,61,arrieros,83,96,1,192,130,0,0,0,48,74,0,0,0,2,1,10,0
1492-3,6,62,arrieros,83,96,1,150,157,0,2,0,48,74,0,0,0,2,,0,0
1492-3,6,63,arrieros,83,96,1,163,183,0,2,0,48,74,0,0,0,2,,0,0
1492-3,6,64,arrieros,83,96,1,185,201,0,2,0,48,74,0,0,0,2,,0,0
1492-3,6,65,arrieros,83,96,1,207,193,0,2,0,24,50,0,0,0,2,,0,0
1492-3,6,66,arrieros,83,96,1,229,186,0,2,0,24,50,0,0,0,2,,0,0
1492-3,6,67,arrieros,84,104,1,201,195,0,2,0,24,50,0,0,0,2,1,7,0
1492-3,6,68,arrieros,84,104,1,180,186,0,2,0,24,52,0,0,0,2,,0,0
1492-3,6,69,arrieros,84,104,1,204,177,0,2,0,24,52,0,0,0,2,,0,0
1492-3,6,70,arrieros,84,104,1,228,168,0,2,0,24,52,0,0,0,2,,0,0
1492-3,6,71,arrieros,84,104,1,252,154,0,2,0,18,46,0,0,0,2,,0,0
1492-3,6,72,arrieros,84,104,1,266,141,0,2,0,18,36,0,0,0,2,,0,0
1492-3,6,73,arrieros,84,100,1,238,122,0,2,0,18,36,0,0,0,2,1,12,0
1492-3,6,74,arrieros,84,100,1,176,123,0,2,0,18,36,0,0,0,2,,0,0
1492-3,6,75,arrieros,84,100,1,141,124,0,2,0,18,36,0,0,0,2,,0,0
1492-3,6,76,arrieros,84,100,1,150,125,0,2,0,18,36,0,0,0,2,,0,0
1492-3,6,77,arrieros,84,100,1,164,121,0,2,0,24,42,0,0,0,2,,0,0
1492-3,6,78,arrieros,84,100,1,188,116,0,2,0,24,52,0,0,0,2,,0,0
1492-3,6,79,arrieros,83,96,1,183,86,0,2,0,24,52,0,0,0,2,1,17,0
1492-3,6,80,arrieros,83,96,1,156,97,0,0,0,24,50,0,0,0,2,,0,0
1492-3,6,81,arrieros,86,96,1,178,106,0,0,0,24,50,0,0,0,2,,0,0
1492-3,6,82,arrieros,86,96,1,200,102,0,0,0,24,50,0,0,0,2,,0,0
1492-3,6,83,arrieros,86,96,1,222,121,0,0,0,48,74,0,0,0,2,,0,0
1492-3,6,84,arrieros,86,96,1,244,140,0,0,0,48,74,0,0,0,2,,0,0
1492-3,6,85,arrieros,86,96,1,189,158,0,0,0,48,74,0,0,0,2,1,10,0
1492-3,6,86,arrieros,86,96,1,149,179,0,1,0,48,74,0,0,0,2,,0,0
1492-3,6,87,arrieros,86,96,1,166,199,0,1,0,48,74,0,0,0,2,,0,0
1492-3,6,88,arrieros,86,96,1,188,216,0,1,0,48,74,0,0,0,2,,0,0
1492-3,6,89,arrieros,86,96,1,210,206,0,1,0,30,56,0,0,0,2,,0,0
1492-3,6,90,arrieros,86,96,1,232,204,0,1,0,30,56,0,0,0,2,,0,0
1492-3,6,91,arrieros,89,96,1,192,183,0,1,0,30,56,0,0,0,2,1,15,0
1492-3,6,92,arrieros,89,96,1,160,182,0,1,0,30,56,0,0,0,2,,0,0
1492-3,6,93,arrieros,89,96,1,182,181,0,1,0,30,56,0,0,0,2,,0,0
1492-3,6,94,arrieros,89,96,1,204,180,0,1,0,30,56,0,0,0,2,,0,0
1492-3,6,95,arrieros,89,96,1,226,168,0,1,0,18,44,0,0,0,2,,0,0
1492-3,6,96,arrieros,89,96,1,239,156,0,1,0,18,35,0,0,0,2,,0,0
1492-3,6,97,arrieros,89,96,1,183,144,0,1,0,18,35,0,0,0,2,1,5,0
1492-3,6,98,arrieros,89,96,1,142,133,0,1,0,18,35,0,0,0,2,,0,0
1492-3,6,99,arrieros,89,96,1,155,105,0,1,0,18,35,0,0,0,2,,0,0
1492-3,6,100,arrieros,89,96,1,168,96,0,1,0,18,35,0,0,0,2,,0,0
1492-3,6,101,arrieros,92,96,1,181,93,0,1,0,24,41,0,0,0,2,,0,0
1492-3,6,102,arrieros,92,96,1,203,90,0,1,0,24,50,0,0,0,2,,0,0
1492-3,6,103,arrieros,93,100,1,188,88,0,1,0,24,50,0,0,0,2,1,11,0
1492-3,6,104,arrieros,93,100,1,166,93,0,2,0,24,52,0,0,0,2,,0,0
1492-3,6,105,arrieros,93,100,1,185,100,0,0,0,24,52,0,0,0,2,,0,0
1492-3,6,106,arrieros,93,100,1,209,97,0,0,0,24,52,0,0,0,2,,0,0
1492-3,6,107,arrieros,93,100,1,233,116,0,0,0,48,76,0,0,0,2,,0,0
1492-3,6,108,arrieros,93,100,1,257,134,0,0,0,48,76,0,0,0,2,,0,0
1492-3,6,109,arrieros,93,100,1,201,145,0,0,0,48,76,0,0,0,2,1,12,0
1492-3,6,110,arrieros,93,100,1,161,171,0,2,0,48,76,0,0,0,2,,0,0
1492-3,6,111,arrieros,93,100,1,168,196,0,2,0,48,76,0,0,0,2,,0,0
1492-3,6,112,arrieros,93,100,1,192,215,0,2,0,48,76,0,0,0,2,,0,0
1492-3,6,113,arrieros,93,100,1,216,212,0,2,0,30,58,0,0,0,2,,0,0
1492-3,6,114,arrieros,93,100,1,240,209,0,2,0,30,58,0,0,0,2,,0,0
1492-3,6,115,arrieros,92,96,1,192,181,0,2,0,30,58,0,0,0,2,1,16,0
1492-3,6,116,arrieros,92,96,1,151,180,0,2,0,30,56,0,0,0,2,,0,0
1492-3,6,117,arrieros,95,96,1,173,179,0,2,0,30,56,0,0,0,2,,0,0
1492-3,6,118,arrieros,95,96,1,195,178,0,2,0,30,56,0,0,0,2,,0,0
1492-3,6,119,arrieros,95,96,1,217,166,0,2,0,18,44,0,0,0,2,,0,0
1492-3,6,120,arrieros,95,96,1,230,154,0,2,0,18,35,0,0,0,2,,0,0
1492-3,6,121,arrieros,95,96,1,176,124,0,2,0,18,35,0,0,0,2,1,15,0
1492-3,6,122,arrieros,95,96,1,144,114,0,2,0,18,35,0,0,0,2,,0,0
1492-3,6,123,arrieros,98,96,1,157,87,0,2,0,18,35,0,0,0,2,,0,0
1492-3,6,124,arrieros,98,96,1,170,80,0,0,0,18,35,0,0,0,2,,0,0
1492-3,6,125,arrieros,98,96,1,183,77,0,0,0,24,41,0,0,0,2,,0,0
1492-3,6,126,arrieros,98,96,1,205,74,0,0,0,24,50,0,0,0,2,,0,0
1492-3,6,127,arrieros,98,96,1,156,72,0,0,0,24,50,0,0,0,2,1,7,0
1492-3,6,128,arrieros,98,96,1,149,79,0,2,0,24,50,0,0,0,2,,0,0
1492-3,6,129,arrieros,98,96,1,171,85,0,0,0,24,50,0,0,0,2,,0,0
1492-3,6,130,arrieros,98,96,1,193,65,0,0,0,24,50,0,0,0,2,,0,0
1492-3,6,131,arrieros,98,96,1,215,86,0,0,0,48,74,0,0,0,2,,0,0
1492-3,6,132,arrieros,98,96,1,237,106,0,0,0,48,74,0,0,0,2,,0,0
1492-3,6,133,arrieros,99,100,1,195,125,0,0,0,48,74,0,0,0,2,1,11,0
1492-3,6,134,arrieros,99,100,1,164,152,0,2,0,48,76,0,0,0,2,,0,0
1492-3,6,135,arrieros,102,100,1,183,177,0,2,0,48,76,0,0,0,2,,0,0
1492-3,6,136,arrieros,102,100,1,207,193,0,2,0,48,76,0,0,0,2,,0,0
1492-3,6,137,arrieros,102,100,1,231,191,0,2,0,30,58,0,0,0,2,,0,0
1492-3,6,138,arrieros,102,100,1,255,189,0,2,0,30,58,0,0,0,2,,0,0
1492-3,6,139,arrieros,101,96,1,203,181,0,2,0,30,58,0,0,0,2,1,6,0
1492-3,6,140,arrieros,101,96,1,153,180,0,2,0,30,56,0,0,0,2,,0,0
1492-3,6,141,arrieros,101,96,1,175,179,0,2,0,30,56,0,0,0,2,,0,0
1492-3,6,142,arrieros,101,96,1,197,178,0,2,0,30,56,0,0,0,2,,0,0
1492-3,6,143,arrieros,101,96,1,219,166,0,2,0,18,44,0,0,0,2,,0,0
1492-3,6,144,arrieros,101,96,1,232,154,0,2,0,18,35,0,0,0,2,,0,0
1492-3,6,145,arrieros,102,100,1,186,126,0,2,0,18,35,0,0,0,2,1,16,0
1492-3,6,146,arrieros,102,100,1,146,115,0,2,0,18,36,0,0,0,2,,0,0
1492-3,6,147,arrieros,105,100,1,160,104,0,2,0,18,36,0,0,0,2,,0,0
1492-3,6,148,arrieros,105,100,1,174,96,0,0,0,18,36,0,0,0,2,,0,0
1492-3,6,149,arrieros,105,100,1,188,92,0,0,0,24,42,0,0,0,2,,0,0
1492-3,6,150,arrieros,105,100,1,212,88,0,0,0,24,52,0,0,0,2,,0,0
1492-3,6,151,arrieros,104,96,1,156,78,0,0,0,24,52,0,0,0,2,1,9,0
1492-3,6,152,arrieros,104,96,1,141,84,0,2,0,24,50,0,0,0,2,,0,0
1492-3,6,153,arrieros,104,96,1,163,92,0,0,0,24,50,0,0,0,2,,0,0
1492-3,6,154,arrieros,104,96,1,185,71,0,0,0,24,50,0,0,0,2,,0,0
1492-3,6,155,arrieros,104,96,1,207,92,0,0,0,48,74,0,0,0,2,,0,0
1492-3,6,156,arrieros,104,96,1,229,112,0,0,0,48,74,0,0,0,2,,0,0
1492-3,6,157,arrieros,104,96,1,182,131,0,0,0,48,74,0,0,0,2,1,10,0
1492-3,6,158,arrieros,104,96,1,158,158,0,2,0,48,74,0,0,0,2,,0,0
1492-3,6,159,arrieros,107,96,1,175,184,0,2,0,48,74,0,0,0,2,,0,0
1492-3,6,160,arrieros,107,96,1,197,201,0,2,0,48,74,0,0,0,2,,0,0
1492-3,6,161,arrieros,107,96,1,219,199,0,2,0,30,56,0,0,0,2,,0,0
1492-3,6,162,arrieros,107,96,1,241,197,0,2,0,30,56,0,0,0,2,,0,0
1492-3,6,163,arrieros,107,96,1,266,175,0,2,0,30,56,0,0,0,2,1,19,0
1492-3,6,164,arrieros,107,96,1,243,174,0,2,0,30,56,0,0,0,2,,0,0
1492-3,6,165,arrieros,110,96,1,220,173,0,2,0,30,56,0,0,0,2,,0,0
1492-3,6,166,arrieros,110,96,1,197,172,0,2,0,30,56,0,0,0,2,,0,0
1492-3,6,167,arrieros,110,96,1,219,160,0,2,0,18,44,0,0,0,2,,0,0
1492-3,6,168,arrieros,110,96,1,232,148,0,2,0,18,35,0,0,0,2,,0,0
1492-3,6,169,arrieros,111,100,1,220,139,0,2,0,18,35,0,0,0,2,1,3,0
1492-3,6,170,arrieros,111,100,1,232,107,0,2,0,18,36,0,0,0,2,,0,0
1492-3,6,171,arrieros,111,100,1,246,97,0,0,0,18,36,0,0,0,2,,0,0
1492-3,6,172,arrieros,114,100,1,260,85,0,0,0,18,36,0,0,0,2,,0,0
1492-3,6,173,arrieros,114,100,1,274,79,0,0,0,24,42,0,0,0,2,,0,0
1492-3,6,174,arrieros,114,100,1,298,73,0,0,0,24,52,0,0,0,2,,0,0
1492-3,6,175,arrieros,113,96,1,197,63,0,0,0,24,52,0,0,0,2,1,12,0
1492-3,6,176,arrieros,113,96,1,104,68,0,2,0,24,50,0,0,0,2,,0,0
1492-3,6,177,arrieros,113,96,1,121,74,0,2,0,24,50,0,0,0,2,,0,0
1492-3,6,178,arrieros,113,96,1,143,72,0,0,0,24,50,0,0,0,2,,0,0
1492-3,6,179,arrieros,113,96,1,165,91,0,0,0,48,74,0,0,0,2,,0,0
1492-3,6,180,arrieros,113,96,1,187,109,0,0,0,48,74,0,0,0,2,,0,0
1492-3,6,181,arrieros,114,100,1,172,126,0,0,0,48,74,0,0,0,2,1,8,0
1492-3,6,182,arrieros,114,100,1,187,151,0,2,0,48,76,0,0,0,2,,0,0
1492-3,6,183,arrieros,114,100,1,211,168,0,2,0,48,76,0,0,0,2,,0,0
1492-3,6,184,arrieros,114,100,1,235,182,0,2,0,48,76,0,0,0,2,,0,0
1492-3,6,185,arrieros,114,100,1,259,178,0,2,0,30,58,0,0,0,2,,0,0
1492-3,6,186,arrieros,114,100,1,283,174,0,2,0,30,58,0,0,0,2,,0,0
1492-3,6,187,arrieros,113,96,1,217,146,0,2,0,30,58,0,0,0,2,1,16,0
1492-3,6,188,arrieros,113,96,1,136,144,0,2,0,30,56,0,0,0,2,,0,0
1492-3,6,189,arrieros,116,96,1,153,143,0,2,0,30,56,0,0,0,2,,0,0
1492-3,6,190,arrieros,116,96,1,175,142,0,2,0,30,56,0,0,0,2,,0,0
1492-3,6,191,arrieros,116,96,1,195,129,0,2,0,18,44,0,0,0,2,,0,0
1492-3,6,192,arrieros,116,96,1,208,117,0,2,0,18,35,0,0,0,2,,0,0
1492-3,6,193,arrieros,116,96,1,206,85,0,2,0,18,35,0,0,0,2,1,14,0
1492-3,6,194,arrieros,116,96,1,152,88,0,0,0,18,35,0,0,0,2,,0,0
1492-3,6,195,arrieros,116,96,1,160,89,0,0,0,18,35,0,0,0,2,,0,0
1492-3,6,196,arrieros,116,96,1,173,79,0,0,0,18,35,0,0,0,2,,0,0
1492-3,6,197,arrieros,116,96,1,186,74,0,0,0,24,41,0,0,0,2,,0,0
1492-3,6,198,arrieros,119,96,1,208,70,0,0,0,24,50,0,0,0,2,,0,0
1492-3,6,199,arrieros,119,96,1,156,51,0,0,0,24,50,0,0,0,2,1,7,0
1492-3,6,200,arrieros,119,96,1,145,57,0,2,0,24,50,0,0,0,2,,0,0
1492-3,6,1,canteros,46,116,1,40,56,0,0,0,18,48,0,0,0,0,1,4,0
1492-3,6,2,canteros,46,116,1,47,42,0,0,0,18,34,0,0,0,0,,0,0
1492-3,6,3,canteros,46,116,1,54,28,0,0,0,18,34,0,1,0,0,,0,0
1492-3,6,4,canteros,46,116,1,69,17,0,0,0,18,42,0,0,0,0,,0,0
1492-3,6,5,canteros,46,116,1,84,12,0,0,0,24,48,0,0,0,0,,0,0
1492-3,6,6,canteros,46,116,1,110,7,0,0,0,24,59,0,0,0,0,,0,0
1492-3,6,7,canteros,46,116,1,100,2,0,0,0,24,59,0,0,0,0,1,7,0
1492-3,6,8,canteros,45,116,1,112,4,0,0,0,24,59,1,0,0,0,,0,0
1492-3,6,9,canteros,44,116,1,138,3,0,0,0,24,59,1,0,0,0,,0,0
1492-3,6,10,canteros,42,113,1,164,0,0,0,0,24,59,1,0,0,0,,0,0
1492-3,6,11,canteros,42,113,1,190,20,0,0,0,48,83,0,0,0,0,,0,0
1492-3,6,12,canteros,42,113,1,216,39,0,0,0,48,83,0,0,0,0,,0,0
1492-3,6,13,canteros,42,113,1,172,57,0,0,0,48,83,0,0,0,0,1,11,0
1492-3,6,14,canteros,42,113,1,136,78,0,2,0,48,83,0,0,0,0,,0,0
1492-3,6,15,canteros,42,113,1,157,101,0,1,0,48,83,0,0,0,0,,0,0
1492-3,6,16,canteros,57,113,1,183,118,0,1,0,48,83,0,0,0,1,,0,0
1492-3,6,17,canteros,57,113,1,209,108,0,1,0,22,57,0,0,0,1,,0,0
1492-3,6,18,canteros,57,113,1,235,98,0,1,0,22,56,0,0,0,1,,0,0
1492-3,6,19,canteros,56,109,1,242,79,0,1,0,22,56,0,0,0,1,1,15,0
1492-3,6,20,canteros,56,109,1,219,79,0,1,0,22,54,0,0,0,1,,0,0
1492-3,6,21,canteros,56,109,1,196,79,0,1,0,22,54,0,0,0,1,,0,0
1492-3,6,22,canteros,56,109,1,191,79,0,1,0,22,54,0,0,0,1,,0,0
1492-3,6,23,canteros,56,109,1,210,75,0,1,0,18,50,0,0,0,1,,0,0
1492-3,6,24,canteros,56,109,1,224,65,0,1,0,18,40,0,0,0,1,,0,0
1492-3,6,25,canteros,56,109,1,243,54,0,1,0,18,40,0,0,0,1,1,12,0
1492-3,6,26,canteros,56,109,1,210,52,0,0,0,18,40,0,0,0,1,,0,0
1492-3,6,27,canteros,56,109,1,177,49,0,0,0,18,40,0,0,0,1,,0,0
1492-3,6,28,canteros,56,109,1,170,46,0,0,0,18,40,0,0,0,1,,0,0
1492-3,6,29,canteros,56,109,1,184,50,0,0,0,27,49,0,0,0,1,,0,0
1492-3,6,30,canteros,56,109,1,208,48,0,0,0,27,59,0,0,0,1,,0,0
1492-3,6,31,canteros,56,109,1,194,47,0,0,0,27,59,0,0,0,1,1,11,0
1492-3,6,32,canteros,56,109,1,182,50,0,2,0,27,59,0,0,0,1,,0,0
1492-3,6,33,canteros,56,109,1,182,53,0,1,0,27,59,0,0,0,1,,0,0
1492-3,6,34,canteros,56,109,1,206,55,0,1,0,27,59,0,0,0,1,,0,0
1492-3,6,35,canteros,56,109,1,230,73,0,1,0,48,79,0,0,0,1,,0,0
1492-3,6,36,canteros,56,109,1,254,91,0,1,0,48,79,0,0,0,1,,0,0
1492-3,6,37,canteros,56,105,1,143,86,0,0,0,48,79,0,0,0,1,1,35,0
1492-3,6,38,canteros,69,105,1,124,106,0,1,0,48,79,0,0,0,2,,0,0
1492-3,6,39,canteros,69,105,1,105,125,0,2,0,48,79,0,0,0,2,,0,0
1492-3,6,40,canteros,69,105,1,74,144,0,3,0,48,79,0,0,0,2,,0,0
1492-3,6,41,canteros,69,105,1,89,151,0,1,0,30,61,0,0,0,2,,0,0
1492-3,6,42,canteros,69,105,1,113,139,0,1,0,30,61,0,0,0,2,,0,0
1492-3,6,43,canteros,69,105,1,225,136,0,1,0,30,61,0,0,0,2,1,6,0
1492-3,6,44,canteros,72,105,1,238,140,0,1,0,30,61,0,0,0,2,,0,0
1492-3,6,45,canteros,72,105,1,262,138,0,1,0,30,61,0,0,0,2,,0,0
1492-3,6,46,canteros,72,105,1,286,135,0,1,0,30,61,0,0,0,2,,0,0
1492-3,6,47,canteros,72,105,1,310,109,0,1,0,18,49,0,0,0,2,,0,0
1492-3,6,48,canteros,72,105,1,324,96,0,1,0,18,39,0,0,0,2,,0,0
1492-3,6,49,canteros,75,105,1,308,83,0,1,0,18,39,0,0,0,2,1,17,0
1492-3,6,50,canteros,75,105,1,275,78,0,1,0,18,39,0,0,0,2,,0,0
1492-3,6,51,canteros,75,105,1,236,73,0,1,0,18,39,0,0,0,2,,0,0
1492-3,6,52,canteros,75,105,1,197,68,0,1,0,18,38,0,0,0,2,,0,0
1492-3,6,53,canteros,75,105,1,158,69,0,1,0,24,44,0,0,0,2,,0,0
1492-3,6,54,canteros,75,105,1,153,70,0,1,0,24,54,0,0,0,2,,0,0
1492-3,6,55,canteros,75,105,1,192,58,0,1,0,24,54,0,0,0,2,1,13,0
1492-3,6,56,canteros,78,105,1,182,56,0,2,0,24,54,0,0,0,2,,0,0
1492-3,6,57,canteros,78,105,1,200,55,0,0,0,24,54,0,0,0,2,,0,0
1492-3,6,58,canteros,78,105,1,224,49,0,0,0,24,54,0,0,0,2,,0,0
1492-3,6,59,canteros,78,105,1,248,67,0,0,0,48,78,0,0,0,2,,0,0
1492-3,6,60,canteros,78,105,1,272,84,0,0,0,48,78,0,0,0,2,,0,0
1492-3,6,61,canteros,78,105,1,238,100,0,0,0,48,78,0,0,0,2,1,14,0
1492-3,6,62,canteros,78,105,1,176,120,0,2,0,48,78,0,0,0,2,,0,0
1492-3,6,63,canteros,78,105,1,159,139,0,4,0,48,78,0,0,0,2,,0,0
1492-3,6,64,canteros,78,105,1,172,160,0,0,0,48,78,0,0,0,2,,0,0
1492-3,6,65,canteros,78,105,1,196,157,0,0,0,30,60,0,0,0,2,,0,0
1492-3,6,66,canteros,78,105,1,220,153,0,0,0,30,60,0,0,0,2,,0,0
1492-3,6,67,canteros,78,105,1,262,137,0,0,0,30,60,0,0,0,2,1,22,0
1492-3,6,68,canteros,78,105,1,233,141,0,0,0,30,60,0,0,0,2,,0,0
1492-3,6,69,canteros,81,105,1,204,145,0,0,0,30,60,0,0,0,2,,0,0
1492-3,6,70,canteros,81,105,1,211,149,0,0,0,30,60,0,0,0,2,,0,0
1492-3,6,71,canteros,81,105,1,235,138,0,0,0,18,48,0,0,0,2,,0,0
1492-3,6,72,canteros,81,105,1,249,123,0,0,0,18,38,0,0,0,2,,0,0
1492-3,6,73,canteros,81,105,1,261,109,0,0,0,18,38,0,0,0,2,1,13,0
1492-3,6,74,canteros,81,105,1,223,103,0,0,0,18,38,0,0,0,2,,0,0
1492-3,6,75,canteros,81,105,1,184,97,0,0,0,18,38,0,0,0,2,,0,0
1492-3,6,76,canteros,81,105,1,145,83,0,0,0,18,38,0,0,0,2,,0,0
1492-3,6,77,canteros,81,105,1,159,83,0,0,0,24,44,0,0,0,2,,0,0
1492-3,6,78,canteros,81,105,1,183,76,0,0,0,24,54,0,0,0,2,,0,0
1492-3,6,79,canteros,81,105,1,177,70,0,0,0,24,54,0,0,0,2,1,8,0
1492-3,6,80,canteros,81,105,1,160,68,0,2,0,24,54,0,0,0,2,,0,0
1492-3,6,81,canteros,84,105,1,178,67,0,0,0,24,54,0,0,0,2,,0,0
1492-3,6,82,canteros,84,105,1,202,61,0,0,0,24,54,0,0,0,2,,0,0
1492-3,6,83,canteros,84,105,1,226,78,0,0,0,48,78,0,0,0,2,,0,0
1492-3,6,84,canteros,84,105,1,250,95,0,0,0,48,78,0,0,0,2,,0,0
1492-3,6,85,canteros,84,105,1,224,111,0,0,0,48,78,0,0,0,2,1,11,0
1492-3,6,86,canteros,84,105,1,156,130,0,2,0,48,78,0,0,0,2,,0,0
1492-3,6,87,canteros,84,105,1,163,148,0,4,0,48,78,0,0,0,2,,0,0
1492-3,6,88,canteros,84,105,1,187,169,0,0,0,48,78,0,0,0,2,,0,0
1492-3,6,89,canteros,84,105,1,211,165,0,0,0,30,60,0,0,0,2,,0,0
1492-3,6,90,canteros,84,105,1,235,161,0,0,0,30,60,0,0,0,2,,0,0
1492-3,6,91,canteros,84,109,1,279,158,0,0,0,30,60,0,0,0,2,1,15,0
1492-3,6,92,canteros,84,109,1,251,160,0,0,0,30,60,0,0,0,2,,0,0
1492-3,6,93,canteros,84,109,1,222,162,0,0,0,30,60,0,0,0,2,,0,0
1492-3,6,94,canteros,294,109,1,215,164,0,0,0,30,60,0,1,1,3,,0,0
1492-3,6,95,canteros,294,109,1,234,156,0,0,0,18,48,0,0,0,3,,0,0
1492-3,6,96,canteros,294,109,1,248,143,0,0,0,18,38,0,0,0,3,,0,0
1492-3,6,97,canteros,294,105,1,249,120,0,0,0,18,38,0,0,0,3,1,15,0
1492-3,6,98,canteros,294,105,1,216,113,0,0,0,16,36,0,0,0,3,,0,0
1492-3,6,99,canteros,294,105,1,183,106,0,0,0,16,36,0,0,0,3,,0,0
1492-3,6,100,canteros,294,105,1,150,100,0,0,0,16,36,0,0,0,3,,0,0
1492-3,6,101,canteros,294,105,1,164,99,0,0,0,21,41,0,0,0,3,,0,0
1492-3,6,102,canteros,294,105,1,188,91,0,0,0,21,51,0,0,0,3,,0,0
1492-3,6,103,canteros,294,105,1,180,70,0,0,0,21,51,0,0,0,3,1,20,0
1492-3,6,104,canteros,294,105,1,169,67,0,2,0,21,51,0,0,0,3,,0,0
1492-3,6,105,canteros,297,105,1,188,65,0,0,0,21,51,0,0,0,3,,0,0
1492-3,6,106,canteros,297,105,1,212,59,0,0,0,21,51,0,0,0,3,,0,0
1492-3,6,107,canteros,297,105,1,236,73,0,0,0,43,73,0,0,0,3,,0,0
1492-3,6,108,canteros,297,105,1,260,87,0,0,0,43,73,0,0,0,3,,0,0
1492-3,6,109,canteros,297,105,1,236,100,0,0,0,43,73,0,0,0,3,1,14,0
1492-3,6,110,canteros,297,105,1,174,117,0,2,0,43,73,0,0,0,3,,0,0
1492-3,6,111,canteros,297,105,1,175,133,0,4,0,43,73,0,0,0,3,,0,0
1492-3,6,112,canteros,297,105,1,194,145,0,0,0,43,73,0,0,0,3,,0,0
1492-3,6,113,canteros,297,105,1,218,142,0,0,0,27,57,0,0,0,3,,0,0
1492-3,6,114,canteros,297,105,1,242,138,0,0,0,27,57,0,0,0,3,,0,0
1492-3,6,115,canteros,297,105,1,285,134,0,0,0,27,57,0,0,0,3,1,15,0
1492-3,6,116,canteros,300,105,1,268,137,0,0,0,27,57,0,0,0,3,,0,0
1492-3,6,117,canteros,300,105,1,251,140,0,0,0,27,57,0,0,0,3,,0,0
1492-3,6,118,canteros,300,105,1,234,143,0,0,0,27,57,0,0,0,3,,0,0
1492-3,6,119,canteros,300,105,1,241,135,0,0,0,16,46,0,0,0,3,,0,0
1492-3,6,120,canteros,300,105,1,255,124,0,0,0,16,36,0,0,0,3,,0,0
1492-3,6,121,canteros,300,105,1,281,110,0,0,0,16,36,0,0,0,3,1,11,0
1492-3,6,122,canteros,300,105,1,254,106,0,0,0,16,36,0,0,0,3,,0,0
1492-3,6,123,canteros,300,105,1,227,103,0,0,0,16,36,0,0,0,3,,0,0
1492-3,6,124,canteros,300,105,1,200,100,0,0,0,16,36,0,0,0,3,,0,0
1492-3,6,125,canteros,300,105,1,185,102,0,0,0,21,41,0,0,0,3,,0,0
1492-3,6,126,canteros,300,105,1,209,101,0,0,0,21,51,0,0,0,3,,0,0
1492-3,6,127,canteros,300,109,1,221,94,0,0,0,21,51,0,0,0,3,1,10,0
1492-3,6,128,canteros,300,109,1,190,92,0,2,0,21,51,0,0,0,3,,0,0
1492-3,6,129,canteros,300,109,1,201,92,0,1,0,21,51,0,0,0,3,,0,0
1492-3,6,130,canteros,300,109,1,225,86,0,1,0,21,51,0,0,0,3,,0,0
1492-3,6,131,canteros,300,109,1,249,98,0,1,0,43,73,0,0,0,3,,0,0
1492-3,6,132,canteros,300,109,1,273,110,0,1,0,43,73,0,0,0,3,,0,0
1492-3,6,133,canteros,300,105,1,268,112,0,1,0,43,73,0,0,0,3,1,15,0
1492-3,6,134,canteros,300,105,1,237,131,0,2,0,43,73,0,0,0,3,,0,0
1492-3,6,135,canteros,300,105,1,206,150,0,3,0,43,73,0,0,0,3,,0,0
1492-3,6,136,canteros,300,105,1,201,168,0,4,0,43,73,0,0,0,3,,0,0
1492-3,6,137,canteros,300,105,1,208,173,0,0,0,27,57,0,0,0,3,,0,0
1492-3,6,138,canteros,300,105,1,232,172,0,0,0,27,57,0,0,0,3,,0,0
1492-3,6,139,canteros,300,105,1,320,154,0,0,0,27,57,0,0,0,3,1,11,0
1492-3,6,140,canteros,300,105,1,344,149,0,0,0,27,57,0,0,0,3,,0,0
1492-3,6,141,canteros,303,105,1,368,144,0,0,0,27,57,0,0,0,3,,0,0
1492-3,6,142,canteros,303,105,1,392,140,0,0,0,27,57,0,0,0,3,,0,0
1492-3,6,143,canteros,303,105,1,416,125,0,0,0,16,46,0,0,0,3,,0,0
1492-3,6,144,canteros,303,105,1,430,111,0,0,0,16,36,0,0,0,3,,0,0
1492-3,6,145,canteros,303,105,1,415,97,0,0,0,16,36,0,0,0,3,1,14,0
1492-3,6,146,canteros,303,105,1,400,91,0,0,0,16,36,0,0,0,3,,0,0
1492-3,6,147,canteros,303,105,1,373,85,0,0,0,16,36,0,0,0,3,,0,0
1492-3,6,148,canteros,303,105,1,346,73,0,0,0,16,36,0,0,0,3,,0,0
1492-3,6,149,canteros,303,105,1,319,76,0,0,0,21,41,0,0,0,3,,0,0
1492-3,6,150,canteros,303,105,1,302,79,0,0,0,21,51,0,0,0,3,,0,0
1492-3,6,151,canteros,306,105,1,357,82,0,0,0,21,51,0,0,0,3,1,18,0
1492-3,6,152,canteros,306,105,1,313,78,0,2,0,21,51,0,0,0,3,,0,0
1492-3,6,153,canteros,306,105,1,269,76,0,2,0,21,51,0,0,0,3,,0,0
1492-3,6,154,canteros,306,105,1,264,74,0,2,0,21,51,0,0,0,3,,0,0
1492-3,6,155,canteros,306,105,1,279,97,0,0,0,43,73,0,0,0,3,,0,0
1492-3,6,156,canteros,306,105,1,303,112,0,0,0,43,73,0,0,0,3,,0,0
1492-3,6,157,canteros,306,105,1,395,124,0,0,0,43,73,0,0,0,3,1,17,0
1492-3,6,158,canteros,306,105,1,351,140,0,2,0,43,73,0,0,0,3,,0,0
1492-3,6,159,canteros,306,105,1,307,155,0,4,0,43,73,0,0,0,3,,0,0
1492-3,6,160,canteros,306,105,1,302,173,0,2,0,43,73,0,0,0,3,,0,0
1492-3,6,161,canteros,306,105,1,317,167,0,2,0,19,49,0,0,0,3,,0,0
1492-3,6,162,canteros,306,105,1,341,156,0,2,0,19,49,0,0,0,3,,0,0
1492-3,6,163,canteros,306,109,1,481,144,0,2,0,19,49,0,0,0,3,1,16,0
1492-3,6,164,canteros,306,109,1,480,137,0,2,0,19,49,0,0,0,3,,0,0
1492-3,6,165,canteros,306,109,1,479,130,0,2,0,19,49,0,0,0,3,,0,0
1492-3,6,166,canteros,306,109,1,478,124,0,2,0,19,49,0,0,0,3,,0,0
1492-3,6,167,canteros,306,109,1,477,115,0,2,0,16,46,0,0,0,3,,0,0
1492-3,6,168,canteros,306,109,1,466,106,0,2,0,16,36,0,0,0,3,,0,0
1492-3,6,169,canteros,306,105,1,537,90,0,0,0,16,36,0,0,0,3,1,17,0
1492-3,6,170,canteros,306,105,1,522,84,0,0,0,16,36,0,0,0,3,,0,0
1492-3,6,171,canteros,306,105,1,507,79,0,0,0,16,36,0,0,0,3,,0,0
1492-3,6,172,canteros,306,105,1,492,74,0,0,0,16,36,0,0,0,3,,0,0
1492-3,6,173,canteros,306,105,1,465,74,0,0,0,21,41,0,0,0,3,,0,0
1492-3,6,174,canteros,306,105,1,448,77,0,0,0,21,51,0,0,0,3,,0,0
1492-3,6,175,canteros,306,105,1,523,67,0,0,0,21,51,0,0,0,3,1,30,0
1492-3,6,176,canteros,306,105,1,479,64,0,2,0,21,51,0,0,0,3,,0,0
1492-3,6,177,canteros,309,105,1,435,62,0,2,0,21,51,0,0,0,3,,0,0
1492-3,6,178,canteros,309,105,1,379,60,0,2,0,21,51,0,0,0,3,,0,0
1492-3,6,179,canteros,309,105,1,323,83,0,2,0,43,73,0,0,0,3,,0,0
1492-3,6,180,canteros,309,105,1,326,105,0,2,0,43,73,0,0,0,3,,0,0
1492-3,6,181,canteros,309,105,1,500,123,0,2,0,43,73,0,0,0,3,1,16,0
1492-3,6,182,canteros,309,105,1,495,142,0,2,0,43,73,0,0,0,3,,0,0
1492-3,6,183,canteros,309,105,1,490,160,0,2,0,43,73,0,0,0,3,,0,0
1492-3,6,184,canteros,309,105,1,485,171,0,1,0,43,73,0,0,0,3,,0,0
1492-3,6,185,canteros,309,105,1,468,173,0,1,0,27,57,0,0,0,3,,0,0
1492-3,6,186,canteros,309,105,1,451,178,0,1,0,27,57,0,0,0,3,,0,0
1492-3,6,187,canteros,309,105,1,598,182,0,1,0,27,57,0,0,0,3,1,4,0
1492-3,6,188,canteros,312,105,1,622,176,0,1,0,27,57,0,0,0,3,,0,0
1492-3,6,189,canteros,312,105,1,646,170,0,1,0,27,57,0,0,0,3,,0,0
1492-3,6,190,canteros,312,105,1,670,165,0,1,0,27,57,0,0,0,3,,0,0
1492-3,6,191,canteros,312,105,1,694,149,0,1,0,16,46,0,0,0,3,,0,0
1492-3,6,192,canteros,312,105,1,708,134,0,1,0,16,36,0,0,0,3,,0,0
1492-3,6,193,canteros,312,105,1,757,120,0,1,0,16,36,0,0,0,3,1,16,0
1492-3,6,194,canteros,312,105,1,742,113,0,1,0,16,36,0,0,0,3,,0,0
1492-3,6,195,canteros,312,105,1,727,106,0,1,0,16,36,0,0,0,3,,0,0
1492-3,6,196,canteros,312,105,1,712,100,0,1,0,16,36,0,0,0,3,,0,0
1492-3,6,197,canteros,312,105,1,685,99,0,1,0,21,41,0,0,0,3,,0,0
1492-3,6,198,canteros,312,105,1,668,101,0,1,0,21,51,0,0,0,3,,0,0
1492-3,6,199,canteros,312,109,1,780,104,0,1,0,21,51,0,0,0,3,1,21,0
1492-3,6,200,canteros,312,109,1,761,99,0,2,0,21,51,0,0,0,3,,0,0
1492-3,6,1,ferrones,32,46,1,45,63,0,0,0,7,17,0,0,0,0,1,7,0
1492-3,6,2,ferrones,32,46,1,45,55,0,0,0,7,11,0,0,0,0,,0,0
1492-3,6,3,ferrones,32,46,1,45,48,0,0,0,7,11,0,0,0,0,,0,0
1492-3,6,4,ferrones,32,46,1,45,41,0,0,0,7,11,0,0,0,0,,0,0
1492-3,6,5,ferrones,32,46,1,45,36,0,0,0,9,13,0,1,0,0,,0,0
1492-3,6,6,ferrones,32,46,1,57,33,0,0,0,9,25,0,0,0,0,,0,0
1492-3,6,7,ferrones,32,46,1,69,30,0,0,0,9,25,0,0,0,0,1,1,0
1492-3,6,8,ferrones,32,46,1,81,27,0,0,0,9,25,0,0,0,0,,0,0
1492-3,6,9,ferrones,32,46,1,93,24,0,0,0,9,25,0,0,0,0,,0,0
1492-3,6,10,ferrones,32,46,1,105,22,0,0,0,9,25,0,0,0,0,,0,0
1492-3,6,11,ferrones,32,46,1,117,29,0,0,0,19,35,0,0,0,0,,0,0
1492-3,6,12,ferrones,32,48,1,129,36,0,0,0,19,35,0,0,0,0,,0,0
1492-3,6,13,ferrones,32,46,1,53,32,0,0,0,19,35,0,0,0,0,1,7,0
1492-3,6,14,ferrones,32,48,1,65,42,0,1,0,19,35,0,0,0,0,,0,0
1492-3,6,15,ferrones,33,50,1,77,49,0,0,0,19,35,0,0,0,0,,0,0
1492-3,6,16,ferrones,33,52,1,91,54,0,0,0,19,37,0,0,0,0,,0,0
1492-3,6,17,ferrones,33,52,1,105,51,0,0,0,12,30,0,0,0,0,,0,0
1492-3,6,18,ferrones,33,52,1,119,48,0,0,0,12,30,0,0,0,0,,0,0
1492-3,6,19,ferrones,32,48,1,76,23,0,0,0,12,30,0,0,0,0,1,16,0
1492-3,6,20,ferrones,32,48,1,78,26,0,0,0,12,28,0,0,0,0,,0,0
1492-3,6,21,ferrones,45,48,1,90,24,0,0,0,12,28,0,1,0,1,,0,0
1492-3,6,22,ferrones,45,48,1,102,24,0,0,0,12,32,0,0,0,1,,0,0
1492-3,6,23,ferrones,45,48,1,114,19,0,0,0,7,27,0,0,0,1,,0,0
1492-3,6,24,ferrones,45,48,1,122,14,0,0,0,7,23,0,0,0,1,,0,0
1492-3,6,25,ferrones,45,48,1,84,9,0,0,0,7,23,0,0,0,1,1,4,0
1492-3,6,26,ferrones,45,48,1,92,11,0,0,0,7,23,0,0,0,1,,0,0
1492-3,6,27,ferrones,45,48,1,100,6,0,0,0,7,23,0,0,0,1,,0,0
1492-3,6,28,ferrones,45,48,1,108,1,0,0,0,7,23,0,0,0,1,,0,0
1492-3,6,29,ferrones,44,48,1,116,0,0,0,0,9,25,1,0,0,1,,0,0
1492-3,6,30,ferrones,43,48,1,128,0,0,0,0,9,29,1,0,0,1,,0,0
1492-3,6,31,ferrones,42,47,1,111,0,0,0,0,9,29,1,0,0,1,1,7,0
1492-3,6,32,ferrones,41,46,1,104,4,0,0,0,9,29,1,0,0,1,,0,0
1492-3,6,33,ferrones,41,46,1,116,4,0,0,0,9,29,0,0,0,1,,0,0
1492-3,6,34,ferrones,41,46,1,128,2,0,0,0,9,29,0,0,0,1,,0,0
1492-3,6,35,ferrones,41,46,1,140,10,0,0,0,19,39,0,0,0,1,,0,0
1492-3,6,36,ferrones,41,46,1,152,18,0,0,0,19,39,0,0,0,1,,0,0
1492-3,6,37,ferrones,41,48,1,110,30,0,0,0,24,44,0,0,0,1,1,8,0
1492-3,6,38,ferrones,42,50,1,103,45,0,1,0,24,44,0,0,0,1,,0,0
1492-3,6,39,ferrones,45,52,1,117,55,0,1,0,24,46,0,1,0,1,,0,0
1492-3,6,40,ferrones,45,54,1,131,64,0,1,0,24,46,0,0,0,1,,0,0
1492-3,6,41,ferrones,46,56,1,145,64,0,1,0,15,37,0,0,0,1,,0,0
1492-3,6,42,ferrones,46,58,1,159,63,0,1,0,15,37,0,0,0,1,,0,0
1492-3,6,43,ferrones,45,54,1,103,49,0,1,0,12,34,0,0,0,1,1,7,0
1492-3,6,44,ferrones,45,54,1,99,51,0,0,0,12,34,0,0,0,1,,0,0
1492-3,6,45,ferrones,45,54,1,113,48,0,0,0,12,34,0,0,0,1,,0,0
1492-3,6,46,ferrones,45,54,1,127,44,0,0,0,12,34,0,1,0,1,,0,0
1492-3,6,47,ferrones,45,54,1,141,37,0,0,0,7,29,0,0,0,1,,0,0
1492-3,6,48,ferrones,45,54,1,150,30,0,0,0,7,24,0,0,0,1,,0,0
1492-3,6,49,ferrones,46,58,1,119,25,0,0,0,7,24,0,0,0,1,1,7,0
1492-3,6,50,ferrones,46,58,1,119,21,0,0,0,7,24,0,0,0,1,,0,0
1492-3,6,51,ferrones,46,58,1,128,14,0,0,0,7,24,0,0,0,1,,0,0
1492-3,6,52,ferrones,46,58,1,137,7,0,0,0,7,24,0,0,0,1,,0,0
1492-3,6,53,ferrones,46,58,1,146,2,0,0,0,9,26,0,0,0,1,,0,0
1492-3,6,54,ferrones,45,58,1,160,0,0,0,0,9,31,1,0,0,1,,0,0
1492-3,6,55,ferrones,44,58,1,101,0,0,0,0,9,31,1,0,0,1,1,5,0
1492-3,6,56,ferrones,43,57,1,115,4,0,2,0,9,31,1,0,0,1,,0,0
1492-3,6,57,ferrones,42,56,1,129,0,0,2,0,9,31,1,0,0,1,,0,0
1492-3,6,58,ferrones,41,55,1,143,0,0,2,0,9,31,1,0,0,1,,0,0
1492-3,6,59,ferrones,41,55,1,157,6,0,1,0,19,41,0,0,0,1,,0,0
1492-3,6,60,ferrones,41,55,1,171,12,0,0,0,19,41,0,0,0,1,,0,0
1492-3,6,61,ferrones,41,55,1,117,18,0,0,0,19,41,0,0,0,1,1,7,0
1492-3,6,62,ferrones,41,55,1,121,28,0,2,0,19,41,0,0,0,1,,0,0
1492-3,6,63,ferrones,41,57,1,135,36,0,1,0,19,41,0,0,0,1,,0,0
1492-3,6,64,ferrones,41,59,1,149,41,0,0,0,19,41,0,0,0,1,,0,0
1492-3,6,65,ferrones,41,59,1,163,35,0,0,0,9,31,0,0,0,1,,0,0
1492-3,6,66,ferrones,41,59,1,177,29,0,0,0,9,31,0,0,0,1,,0,0
1492-3,6,67,ferrones,41,59,1,150,24,0,0,0,9,31,0,0,0,1,1,7,0
1492-3,6,68,ferrones,41,59,1,123,23,0,0,0,9,31,0,0,0,1,,0,0
1492-3,6,69,ferrones,41,59,1,137,19,0,0,0,9,31,0,0,0,1,,0,0
1492-3,6,70,ferrones,41,59,1,151,14,0,0,0,9,31,0,0,0,1,,0,0
1492-3,6,71,ferrones,41,59,1,165,7,0,0,0,7,29,0,0,0,1,,0,0
1492-3,6,72,ferrones,41,59,1,174,0,0,0,0,7,24,0,0,0,1,,0,0
1492-3,6,73,ferrones,40,59,1,155,0,0,0,0,7,24,1,0,0,1,1,9,0
1492-3,6,74,ferrones,39,59,1,120,7,0,0,0,7,24,1,0,0,1,,0,0
1492-3,6,75,ferrones,39,59,1,124,7,0,0,0,7,24,0,0,0,1,,0,0
1492-3,6,76,ferrones,39,59,1,133,1,0,0,0,7,24,0,0,0,1,,0,0
1492-3,6,77,ferrones,38,59,1,142,0,0,0,0,9,26,1,0,0,1,,0,0
1492-3,6,78,ferrones,37,59,1,156,0,0,0,0,9,31,1,0,0,1,,0,0
1492-3,6,79,ferrones,36,58,1,128,0,0,0,0,9,31,1,0,0,1,1,7,0
1492-3,6,80,ferrones,35,57,1,122,4,0,1,0,9,31,1,0,0,1,,0,0
1492-3,6,81,ferrones,34,56,1,136,4,0,1,0,8,30,1,0,0,1,,0,0
1492-3,6,82,ferrones,33,55,1,150,0,0,1,0,8,30,1,0,0,1,,0,0
1492-3,6,83,ferrones,33,55,1,164,4,0,0,0,17,39,0,0,0,1,,0,0
1492-3,6,84,ferrones,33,55,1,178,8,0,0,0,17,39,0,0,0,1,,0,0
1492-3,6,85,ferrones,33,55,1,121,12,0,0,0,17,39,0,0,0,1,1,8,0
1492-3,6,86,ferrones,33,55,1,109,20,0,2,0,17,32,0,0,0,1,,0,0
1492-3,6,87,ferrones,33,55,1,117,28,0,1,0,17,32,0,0,0,1,,0,0
1492-3,6,88,ferrones,33,57,1,125,32,0,0,0,17,32,0,0,0,1,,0,0
1492-3,6,89,ferrones,33,57,1,133,29,0,0,0,12,27,0,0,0,1,,0,0
1492-3,6,90,ferrones,33,57,1,141,26,0,0,0,12,27,0,0,0,1,,0,0
1492-3,6,91,ferrones,33,57,1,121,24,0,0,0,12,27,0,0,0,1,1,6,0
1492-3,6,92,ferrones,33,57,1,114,29,0,0,0,12,27,0,0,0,1,,0,0
1492-3,6,93,ferrones,33,57,1,122,29,0,0,0,12,27,0,0,0,1,,0,0
1492-3,6,94,ferrones,33,57,1,130,26,0,0,0,12,27,0,0,0,1,,0,0
1492-3,6,95,ferrones,33,57,1,138,19,0,0,0,7,22,0,0,0,1,,0,0
1492-3,6,96,ferrones,33,57,1,146,12,0,0,0,7,22,0,0,0,1,,0,0
1492-3,6,97,ferrones,33,57,1,114,5,0,0,0,7,22,0,0,0,1,1,6,0
1492-3,6,98,ferrones,32,57,1,102,7,0,0,0,7,22,1,0,0,1,,0,0
1492-3,6,99,ferrones,32,57,1,110,4,0,0,0,7,22,0,0,0,1,,0,0
1492-3,6,100,ferrones,31,57,1,118,0,0,0,0,7,22,1,0,0,1,,0,0
1492-3,6,101,ferrones,30,57,1,126,0,0,0,0,9,24,1,0,0,1,,0,0
1492-3,6,102,ferrones,29,56,1,138,0,0,0,0,9,28,1,0,0,1,,0,0
1492-3,6,103,ferrones,28,55,1,100,0,0,0,0,9,28,1,0,0,1,1,7,0
1492-3,6,104,ferrones,26,54,1,107,4,0,1,0,9,28,1,0,0,1,,0,0
1492-3,6,105,ferrones,26,54,1,119,1,0,1,0,9,28,0,0,0,1,,0,0
1492-3,6,106,ferrones,25,54,1,131,0,0,1,0,9,28,1,0,0,1,,0,0
1492-3,6,107,ferrones,25,54,1,143,6,0,0,0,19,38,0,0,0,1,,0,0
1492-3,6,108,ferrones,25,54,1,155,12,0,0,0,19,38,0,0,0,1,,0,0
1492-3,6,109,ferrones,25,54,1,117,18,0,0,0,19,38,0,0,0,1,1,7,0
1492-3,6,110,ferrones,25,54,1,109,28,0,1,0,19,38,0,0,0,1,,0,0
1492-3,6,111,ferrones,26,56,1,121,38,0,0,0,19,38,0,0,0,1,,0,0
1492-3,6,112,ferrones,26,58,1,133,42,0,0,0,19,38,0,0,0,1,,0,0
1492-3,6,113,ferrones,26,58,1,145,39,0,0,0,12,31,0,0,0,1,,0,0
1492-3,6,114,ferrones,26,58,1,157,36,0,0,0,12,31,0,0,0,1,,0,0
1492-3,6,115,ferrones,26,58,1,135,33,0,0,0,12,31,0,0,0,1,1,6,0
1492-3,6,116,ferrones,26,58,1,112,37,0,0,0,12,31,0,0,0,1,,0,0
1492-3,6,117,ferrones,26,58,1,124,41,0,0,0,12,31,0,0,0,1,,0,0
1492-3,6,118,ferrones,26,58,1,136,38,0,0,0,12,31,0,0,0,1,,0,0
1492-3,6,119,ferrones,26,58,1,148,30,0,0,0,7,26,0,0,0,1,,0,0
1492-3,6,120,ferrones,26,58,1,156,23,0,0,0,7,22,0,0,0,1,,0,0
1492-3,6,121,ferrones,26,58,1,129,16,0,0,0,7,22,0,0,0,1,1,6,0
1492-3,6,122,ferrones,26,58,1,107,16,0,0,0,7,22,0,0,0,1,,0,0
1492-3,6,123,ferrones,26,58,1,115,15,0,0,0,7,22,0,0,0,1,,0,0
1492-3,6,124,ferrones,26,58,1,123,8,0,0,0,7,22,0,0,0,1,,0,0
1492-3,6,125,ferrones,26,58,1,131,3,0,0,0,9,24,0,0,0,1,,0,0
1492-3,6,126,ferrones,25,58,1,143,0,0,0,0,9,28,1,0,0,1,,0,0
1492-3,6,127,ferrones,24,58,1,107,0,0,0,0,9,28,1,0,0,1,1,7,0
1492-3,6,128,ferrones,23,57,1,109,4,0,1,0,9,28,1,0,0,1,,0,0
1492-3,6,129,ferrones,22,56,1,121,2,0,1,0,9,28,1,0,0,1,,0,0
1492-3,6,130,ferrones,21,55,1,133,0,0,1,0,9,28,1,0,0,1,,0,0
1492-3,6,131,ferrones,21,55,1,145,6,0,0,0,19,38,0,0,0,1,,0,0
1492-3,6,132,ferrones,21,55,1,157,12,0,0,0,19,38,0,0,0,1,,0,0
1492-3,6,133,ferrones,21,55,1,123,18,0,0,0,19,38,0,0,0,1,1,7,0
1492-3,6,134,ferrones,21,55,1,115,28,0,1,0,19,38,0,0,0,1,,0,0
1492-3,6,135,ferrones,21,57,1,127,38,0,0,0,19,38,0,0,0,1,,0,0
1492-3,6,136,ferrones,21,59,1,139,42,0,0,0,19,38,0,0,0,1,,0,0
1492-3,6,137,ferrones,21,59,1,151,39,0,0,0,12,31,0,0,0,1,,0,0
1492-3,6,138,ferrones,21,59,1,163,36,0,0,0,12,31,0,0,0,1,,0,0
1492-3,6,139,ferrones,21,59,1,142,33,0,0,0,12,31,0,0,0,1,1,8,0
1492-3,6,140,ferrones,21,59,1,119,37,0,0,0,12,31,0,0,0,1,,0,0
1492-3,6,141,ferrones,21,59,1,126,41,0,0,0,12,31,0,0,0,1,,0,0
1492-3,6,142,ferrones,21,59,1,138,39,0,0,0,12,31,0,0,0,1,,0,0
1492-3,6,143,ferrones,21,59,1,150,31,0,0,0,7,26,0,0,0,1,,0,0
1492-3,6,144,ferrones,21,59,1,158,24,0,0,0,7,22,0,0,0,1,,0,0
1492-3,6,145,ferrones,21,59,1,133,17,0,0,0,7,22,0,0,0,1,1,6,0
1492-3,6,146,ferrones,21,59,1,106,17,0,0,0,7,22,0,0,0,1,,0,0
1492-3,6,147,ferrones,21,59,1,114,17,0,0,0,7,22,0,0,0,1,,0,0
1492-3,6,148,ferrones,21,59,1,122,10,0,0,0,7,22,0,0,0,1,,0,0
1492-3,6,149,ferrones,21,59,1,130,5,0,0,0,9,24,0,0,0,1,,0,0
1492-3,6,150,ferrones,21,59,1,142,0,0,0,0,9,28,0,0,0,1,,0,0
1492-3,6,151,ferrones,20,59,1,123,0,0,0,0,9,28,1,0,0,1,1,9,0
1492-3,6,152,ferrones,19,59,1,115,1,0,1,0,9,28,1,0,0,1,,0,0
1492-3,6,153,ferrones,18,58,1,127,4,0,1,0,9,28,1,0,0,1,,0,0
1492-3,6,154,ferrones,17,57,1,139,0,0,1,0,9,28,1,0,0,1,,0,0
1492-3,6,155,ferrones,17,57,1,151,5,0,0,0,19,38,0,0,0,1,,0,0
1492-3,6,156,ferrones,17,57,1,163,10,0,0,0,19,38,0,0,0,1,,0,0
1492-3,6,157,ferrones,17,57,1,139,15,0,0,0,19,38,0,0,0,1,1,8,0
1492-3,6,158,ferrones,17,57,1,131,21,0,2,0,19,38,0,0,0,1,,0,0
1492-3,6,159,ferrones,17,59,1,143,30,0,1,0,19,38,0,0,0,1,,0,0
1492-3,6,160,ferrones,18,61,1,155,35,0,0,0,19,38,0,0,0,1,,0,0
1492-3,6,161,ferrones,18,61,1,168,31,0,0,0,12,32,0,0,0,1,,0,0
1492-3,6,162,ferrones,18,61,1,181,27,0,0,0,12,32,0,0,0,1,,0,0
1492-3,6,163,ferrones,18,61,1,196,24,0,0,0,12,32,0,0,0,1,1,10,0
1492-3,6,164,ferrones,18,61,1,147,25,0,0,0,12,32,0,0,0,1,,0,0
1492-3,6,165,ferrones,18,61,1,150,29,0,0,0,12,32,0,0,0,1,,0,0
1492-3,6,166,ferrones,18,61,1,163,27,0,0,0,12,32,0,0,0,1,,0,0
1492-3,6,167,ferrones,18,61,1,176,19,0,0,0,7,27,0,0,0,1,,0,0
1492-3,6,168,ferrones,18,61,1,185,11,0,0,0,7,23,0,0,0,1,,0,0
1492-3,6,169,ferrones,18,61,1,199,3,0,0,0,7,23,0,0,0,1,1,11,0
1492-3,6,170,ferrones,17,61,1,161,4,0,0,0,7,23,1,0,0,1,,0,0
1492-3,6,171,ferrones,16,61,1,140,4,0,0,0,7,23,1,0,0,1,,0,0
1492-3,6,172,ferrones,15,60,1,149,6,0,0,0,7,23,1,0,0,1,,0,0
1492-3,6,173,ferrones,15,60,1,158,0,0,0,0,9,25,0,0,0,1,,0,0
1492-3,6,174,ferrones,14,60,1,171,0,0,0,0,9,29,1,0,0,1,,0,0
1492-3,6,175,ferrones,13,60,1,171,0,0,0,0,9,29,1,0,0,1,1,10,0
1492-3,6,176,ferrones,11,59,1,164,1,0,2,0,9,29,1,0,0,1,,0,0
1492-3,6,177,ferrones,10,58,1,171,4,0,2,0,9,28,1,0,0,1,,0,0
1492-3,6,178,ferrones,9,57,1,183,1,0,2,0,9,28,1,0,0,1,,0,0
1492-3,6,179,ferrones,9,57,1,195,6,0,1,0,19,38,0,0,0,1,,0,0
1492-3,6,180,ferrones,9,57,1,207,11,0,0,0,19,38,0,0,0,1,,0,0
1492-3,6,181,ferrones,9,57,1,191,16,0,0,0,19,38,0,0,0,1,1,11,0
1492-3,6,182,ferrones,9,57,1,156,22,0,2,0,19,38,0,0,0,1,,0,0
1492-3,6,183,ferrones,9,59,1,153,31,0,1,0,19,38,0,0,0,1,,0,0
1492-3,6,184,ferrones,10,61,1,165,39,0,0,0,19,38,0,0,0,1,,0,0
1492-3,6,185,ferrones,10,61,1,178,35,0,0,0,12,32,0,0,0,1,,0,0
1492-3,6,186,ferrones,10,61,1,191,31,0,0,0,12,32,0,0,0,1,,0,0
1492-3,6,187,ferrones,10,61,1,223,27,0,0,0,12,32,0,0,0,1,1,11,0
1492-3,6,188,ferrones,10,61,1,189,28,0,0,0,12,32,0,0,0,1,,0,0
1492-3,6,189,ferrones,10,61,1,167,28,0,0,0,12,32,0,0,0,1,,0,0
1492-3,6,190,ferrones,10,61,1,180,31,0,0,0,12,32,0,0,0,1,,0,0
1492-3,6,191,ferrones,10,61,1,193,23,0,0,0,7,27,0,0,0,1,,0,0
1492-3,6,192,ferrones,10,61,1,202,15,0,0,0,7,23,0,0,0,1,,0,0
1492-3,6,193,ferrones,10,61,1,235,7,0,0,0,7,23,0,0,0,1,1,12,0
1492-3,6,194,ferrones,9,61,1,197,4,0,0,0,7,23,1,0,0,1,,0,0
1492-3,6,195,ferrones,8,61,1,162,4,0,0,0,7,23,1,0,0,1,,0,0
1492-3,6,196,ferrones,7,60,1,171,7,0,0,0,7,23,1,0,0,1,,0,0
1492-3,6,197,ferrones,7,60,1,180,1,0,0,0,9,25,0,0,0,1,,0,0
1492-3,6,198,ferrones,6,60,1,193,0,0,0,0,9,29,1,0,0,1,,0,0
1492-3,6,199,ferrones,5,60,1,196,0,0,0,0,9,29,1,0,0,1,1,12,0
1492-3,6,200,ferrones,3,59,1,177,1,0,2,0,9,29,1,0,0,1,,0,0
1492-3,6,1,hortelanos,39,81,1,32,77,0,0,0,31,47,0,0,0,0,1,5,0
1492-3,6,2,hortelanos,39,81,1,36,83,0,0,0,31,39,0,0,0,0,,0,0
1492-3,6,3,hortelanos,39,81,1,40,89,0,0,0,31,39,0,0,0,0,,0,0
1492-3,6,4,hortelanos,104,81,1,44,95,0,0,0,31,39,0,0,0,1,,0,0
1492-3,6,5,hortelanos,104,81,1,48,106,0,0,0,37,45,0,1,0,1,,0,0
1492-3,6,6,hortelanos,104,81,1,68,119,0,0,0,37,61,0,0,0,1,,0,0
1492-3,6,7,hortelanos,103,77,1,68,111,0,0,0,37,61,0,0,0,1,1,11,0
1492-3,6,8,hortelanos,166,77,1,86,124,0,0,0,37,59,0,0,0,2,,0,0
1492-3,6,9,hortelanos,166,77,1,104,137,0,0,0,37,59,0,0,0,2,,0,0
1492-3,6,10,hortelanos,166,77,1,122,139,0,0,0,37,59,0,0,0,2,,0,0
1492-3,6,11,hortelanos,169,77,1,140,174,0,0,0,61,83,0,0,0,2,,0,0
1492-3,6,12,hortelanos,169,77,1,158,208,0,0,0,61,83,0,0,0,2,,0,0
1492-3,6,13,hortelanos,168,73,1,76,227,0,0,0,61,83,0,0,0,2,1,17,0
1492-3,6,14,hortelanos,168,73,1,79,252,0,2,0,61,83,0,0,0,2,,0,0
1492-3,6,15,hortelanos,168,73,1,97,274,0,2,0,61,83,0,0,0,2,,0,0
1492-3,6,16,hortelanos,168,73,1,115,295,0,2,0,61,83,0,0,0,2,,0,0
1492-3,6,17,hortelanos,168,73,1,133,302,0,2,0,48,70,0,0,0,2,,0,0
1492-3,6,18,hortelanos,168,73,1,151,309,0,2,0,48,70,0,0,0,2,,0,0
1492-3,6,19,hortelanos,168,73,1,250,305,0,2,0,48,70,0,0,0,2,1,29,0
1492-3,6,20,hortelanos,171,73,1,232,317,0,2,0,48,70,0,0,0,2,,0,0
1492-3,6,21,hortelanos,171,73,1,250,324,0,2,0,48,70,0,0,0,2,,0,0
1492-3,6,22,hortelanos,171,73,1,268,330,0,2,0,48,70,0,0,0,2,,0,0
1492-3,6,23,hortelanos,171,73,1,286,314,0,2,0,31,53,0,0,0,2,,0,0
1492-3,6,24,hortelanos,171,73,1,297,304,0,2,0,31,46,0,0,0,2,,0,0
1492-3,6,25,hortelanos,174,73,1,358,290,0,2,0,31,46,0,0,0,2,1,21,0
1492-3,6,26,hortelanos,174,73,1,299,288,0,2,0,31,46,0,0,0,2,,0,0
1492-3,6,27,hortelanos,174,73,1,230,286,0,2,0,31,46,0,0,0,2,,0,0
1492-3,6,28,hortelanos,174,73,1,221,278,0,2,0,31,46,0,0,0,2,,0,0
1492-3,6,29,hortelanos,174,73,1,232,274,0,2,0,37,52,0,1,0,2,,0,0
1492-3,6,30,hortelanos,174,73,1,250,278,0,2,0,43,65,0,0,0,2,,0,0
1492-3,6,31,hortelanos,174,73,1,360,274,0,2,0,43,65,0,0,0,2,1,21,0
1492-3,6,32,hortelanos,174,73,1,327,285,0,2,0,43,65,0,0,0,2,,0,0
1492-3,6,33,hortelanos,174,73,1,294,295,0,2,0,43,65,0,0,0,2,,0,0
1492-3,6,34,hortelanos,174,73,1,276,303,0,2,0,43,65,0,0,0,2,,0,0
1492-3,6,35,hortelanos,174,73,1,294,305,0,2,0,43,65,0,0,0,2,,0,0
1492-3,6,36,hortelanos,174,73,1,312,307,0,2,0,43,65,0,0,0,2,,0,0
1492-3,6,37,hortelanos,175,77,1,390,316,0,2,0,43,65,0,0,0,2,1,17,0
1492-3,6,38,hortelanos,175,77,1,338,324,0,2,0,43,65,0,0,0,2,,0,0
1492-3,6,39,hortelanos,175,77,1,286,332,0,2,0,43,65,0,0,0,2,,0,0
1492-3,6,40,hortelanos,175,77,1,264,336,0,2,0,43,65,0,0,0,2,,0,0
1492-3,6,41,hortelanos,175,77,1,282,336,0,2,0,43,65,0,0,0,2,,0,0
1492-3,6,42,hortelanos,175,77,1,300,336,0,2,0,43,65,0,0,0,2,,0,0
1492-3,6,43,hortelanos,174,73,1,368,319,0,2,0,43,65,0,0,0,2,1,22,0
1492-3,6,44,hortelanos,174,73,1,316,328,0,2,0,43,65,0,0,0,2,,0,0
1492-3,6,45,hortelanos,174,73,1,264,336,0,2,0,43,65,0,0,0,2,,0,0
1492-3,6,46,hortelanos,174,73,1,252,340,0,2,0,43,65,0,0,0,2,,0,0
1492-3,6,47,hortelanos,174,73,1,270,341,0,2,0,43,65,0,0,0,2,,0,0
1492-3,6,48,hortelanos,174,73,1,281,342,0,2,0,43,58,0,0,0,2,,0,0
1492-3,6,49,hortelanos,174,73,1,324,284,0,2,0,43,58,0,0,0,2,1,32,0
1492-3,6,50,hortelanos,174,73,1,265,294,0,2,0,43,58,0,0,0,2,,0,0
1492-3,6,51,hortelanos,233,153,2,206,304,0,2,0,43,58,0,0,0,3,,0,0
1492-3,6,52,hortelanos,233,153,2,216,284,0,2,0,43,74,0,0,0,3,,0,0
1492-3,6,53,hortelanos,233,153,2,236,268,0,2,0,43,74,0,0,0,3,,0,0
1492-3,6,54,hortelanos,233,153,2,263,253,0,2,0,43,81,0,0,0,3,,0,0
1492-3,6,55,hortelanos,233,153,2,310,245,0,2,0,43,81,0,0,0,3,1,21,0
1492-3,6,56,hortelanos,233,153,2,267,240,0,2,0,52,90,0,3,0,3,,0,0
1492-3,6,57,hortelanos,233,153,2,224,252,0,2,0,76,114,0,0,0,3,,0,0
1492-3,6,58,hortelanos,234,157,2,251,261,0,2,0,76,114,0,2,0,3,,0,0
1492-3,6,59,hortelanos,238,161,2,278,277,0,2,0,76,117,0,0,0,3,,0,0
1492-3,6,60,hortelanos,238,163,2,305,291,0,2,0,76,117,0,0,0,3,,0,0
1492-3,6,61,hortelanos,238,163,2,406,311,0,2,0,76,119,0,0,0,3,1,16,0
1492-3,6,62,hortelanos,238,163,2,365,331,0,2,0,76,119,0,0,0,3,,0,0
1492-3,6,63,hortelanos,238,163,2,324,350,0,2,0,76,119,0,0,0,3,,0,0
1492-3,6,64,hortelanos,238,163,2,323,364,0,2,0,76,119,0,0,0,3,,0,0
1492-3,6,65,hortelanos,238,163,2,352,374,0,2,0,76,119,0,0,0,3,,0,0
1492-3,6,66,hortelanos,238,163,2,381,384,0,2,0,76,119,0,0,0,3,,0,0
1492-3,6,67,hortelanos,239,167,2,462,360,0,2,0,76,119,0,0,0,3,1,24,0
1492-3,6,68,hortelanos,239,167,2,421,377,0,2,0,76,119,0,0,0,3,,0,0
1492-3,6,69,hortelanos,301,227,3,380,393,0,2,0,76,119,0,0,0,4,,0,0
1492-3,6,70,hortelanos,301,227,3,344,390,0,2,0,76,131,0,0,0,4,,0,0
1492-3,6,71,hortelanos,301,227,3,338,388,0,2,0,76,131,0,0,0,4,,0,0
1492-3,6,72,hortelanos,301,227,3,365,382,0,2,0,76,124,0,0,0,4,,0,0
1492-3,6,73,hortelanos,300,223,3,451,328,0,2,0,76,124,0,0,0,4,1,20,0
1492-3,6,74,hortelanos,300,223,3,478,322,0,2,0,76,124,0,0,0,4,,0,0
1492-3,6,75,hortelanos,332,280,4,505,316,0,2,0,76,124,0,2,0,4,,0,0
1492-3,6,76,hortelanos,332,282,4,525,323,0,2,0,100,158,0,0,0,4,,0,0
1492-3,6,77,hortelanos,332,283,4,555,326,0,2,0,100,158,0,0,0,4,,0,0
1492-3,6,78,hortelanos,333,286,4,571,335,0,2,0,100,167,0,2,0,4,,0,0
1492-3,6,79,hortelanos,333,289,4,603,342,0,2,0,100,167,0,0,0,4,1,35,0
1492-3,6,80,hortelanos,334,292,4,599,353,0,2,0,100,167,0,2,0,4,,0,0
1492-3,6,81,hortelanos,338,295,4,580,378,0,2,0,112,182,0,0,0,4,,0,0
1492-3,6,82,hortelanos,338,298,4,578,400,0,2,0,112,184,0,1,0,4,,0,0
1492-3,6,83,hortelanos,339,301,4,566,433,0,2,0,124,196,0,0,0,4,,0,0
1492-3,6,84,hortelanos,339,304,4,564,462,0,2,0,124,196,0,1,0,4,,0,0
1492-3,6,85,hortelanos,340,308,4,638,483,0,0,0,124,198,0,0,0,4,1,31,0
1492-3,6,86,hortelanos,344,312,4,611,504,0,0,0,124,198,0,1,0,4,,0,0
1492-3,6,87,hortelanos,344,313,4,584,525,0,0,0,124,201,0,0,0,4,,0,0
1492-3,6,88,hortelanos,344,313,4,579,539,0,0,0,124,203,0,0,0,4,,0,0
1492-3,6,89,hortelanos,345,316,4,581,556,0,0,0,124,203,0,1,0,4,,0,0
1492-3,6,90,hortelanos,345,319,4,583,574,0,0,0,124,203,0,0,0,4,,0,0
1492-3,6,91,hortelanos,346,322,4,646,586,0,0,0,124,203,0,0,0,4,1,24,0
1492-3,6,92,hortelanos,350,325,4,621,598,0,0,0,124,203,0,0,0,4,,0,0
1492-3,6,93,hortelanos,350,328,4,598,613,0,0,0,124,205,0,0,0,4,,0,0
1492-3,6,94,hortelanos,351,331,4,575,626,0,0,0,124,205,0,0,0,4,,0,0
1492-3,6,95,hortelanos,351,334,4,552,639,0,0,0,124,205,0,0,0,4,,0,0
1492-3,6,96,hortelanos,352,338,4,524,650,0,0,0,124,200,0,0,0,4,,0,0
1492-3,6,97,hortelanos,353,342,4,525,626,0,0,0,124,200,0,0,0,4,1,24,0
1492-3,6,98,hortelanos,353,343,4,564,627,0,0,0,124,200,0,0,0,4,,0,0
1492-3,6,99,hortelanos,356,343,4,604,637,0,0,0,133,211,0,0,0,4,,0,0
1492-3,6,100,hortelanos,356,343,4,645,646,0,0,0,133,211,0,0,0,4,,0,0
1492-3,6,101,hortelanos,356,343,4,675,655,0,0,0,133,211,0,0,0,4,,0,0
1492-3,6,102,hortelanos,356,343,4,726,663,0,0,0,133,218,0,0,0,4,,0,0
1492-3,6,103,hortelanos,356,343,4,751,651,0,0,0,133,218,0,0,0,4,1,40,0
1492-3,6,104,hortelanos,356,343,4,711,666,0,2,0,133,218,0,0,0,4,,0,0
1492-3,6,105,hortelanos,359,343,4,664,680,0,4,0,133,218,0,0,0,4,,0,0
1492-3,6,106,hortelanos,359,343,4,618,693,0,6,0,133,218,0,0,0,4,,0,0
1492-3,6,107,hortelanos,359,343,4,571,706,0,8,0,133,218,0,0,0,4,,0,0
1492-3,6,108,hortelanos,359,343,4,524,718,0,10,0,133,218,0,0,0,4,,0,0
1492-3,6,109,hortelanos,359,343,4,708,731,0,12,0,133,218,0,0,0,4,1,18,0
1492-3,6,110,hortelanos,359,343,4,682,743,0,12,0,133,218,0,0,0,4,,0,0
1492-3,6,111,hortelanos,359,343,4,656,750,0,11,0,133,218,0,0,0,4,,0,0
1492-3,6,112,hortelanos,359,343,4,631,762,0,11,0,133,218,0,0,0,4,,0,0
1492-3,6,113,hortelanos,359,343,4,605,773,0,11,0,133,218,0,0,0,4,,0,0
1492-3,6,114,hortelanos,359,343,4,579,784,0,11,0,133,218,0,0,0,4,,0,0
1492-3,6,115,hortelanos,359,343,4,683,742,0,11,0,133,218,0,0,0,4,1,24,0
1492-3,6,116,hortelanos,359,343,4,657,754,0,11,0,133,218,0,0,0,4,,0,0
1492-3,6,117,hortelanos,406,463,5,632,765,0,11,0,133,218,0,0,0,4,,0,0
1492-3,6,118,hortelanos,406,463,5,619,743,0,11,0,133,242,0,0,0,4,,0,0
1492-3,6,119,hortelanos,406,463,5,609,726,0,11,0,133,242,0,0,0,4,,0,0
1492-3,6,120,hortelanos,406,463,5,593,710,0,11,0,133,235,0,0,0,4,,0,0
1492-3,6,121,hortelanos,406,463,5,642,694,0,11,0,133,235,0,0,0,4,1,30,0
1492-3,6,122,hortelanos,406,463,5,631,671,0,11,0,133,235,0,0,0,4,,0,0
1492-3,6,123,hortelanos,406,463,5,642,650,0,11,0,133,235,0,3,0,4,,0,0
1492-3,6,124,hortelanos,406,463,5,652,662,0,11,0,157,259,0,1,0,4,,0,0
1492-3,6,125,hortelanos,406,463,5,666,665,0,11,0,148,250,0,0,0,4,,0,0
1492-3,6,126,hortelanos,566,463,5,680,668,0,11,0,148,257,0,2,1,5,,0,0
1492-3,6,127,hortelanos,567,467,5,779,697,0,11,0,170,279,0,0,0,5,1,26,0
1492-3,6,128,hortelanos,567,467,5,800,722,0,11,0,170,279,0,0,0,5,,0,0
1492-3,6,129,hortelanos,567,467,5,821,746,0,11,0,170,279,0,0,0,5,,0,0
1492-3,6,130,hortelanos,567,467,5,842,769,0,11,0,170,279,0,0,0,5,,0,0
1492-3,6,131,hortelanos,567,467,5,863,804,0,11,0,183,292,0,0,0,5,,0,0
1492-3,6,132,hortelanos,567,467,5,884,838,0,11,0,183,292,0,0,0,5,,0,0
1492-3,6,133,hortelanos,566,463,5,966,861,0,11,0,183,292,0,0,0,5,1,19,0
1492-3,6,134,hortelanos,566,463,5,958,889,0,11,0,183,290,0,0,0,5,,0,0
1492-3,6,135,hortelanos,566,463,5,950,916,0,11,0,183,290,0,0,0,5,,0,0
1492-3,6,136,hortelanos,566,463,5,942,942,0,11,0,183,290,0,0,0,5,,0,0
1492-3,6,137,hortelanos,566,463,5,934,960,0,11,0,176,283,0,0,0,5,,0,0
1492-3,6,138,hortelanos,566,463,5,926,978,0,11,0,176,283,0,0,0,5,,0,0
1492-3,6,139,hortelanos,566,463,5,1039,971,0,11,0,176,283,0,0,0,5,1,29,0
1492-3,6,140,hortelanos,566,463,5,1031,980,0,11,0,176,283,0,0,0,5,,0,0
1492-3,6,141,hortelanos,566,463,5,1023,995,0,11,0,176,283,0,0,0,5,,0,0
1492-3,6,142,hortelanos,566,463,5,1015,1011,0,11,0,176,283,0,0,0,5,,0,0
1492-3,6,143,hortelanos,569,463,5,1007,1033,0,11,0,183,290,0,0,0,5,,0,0
1492-3,6,144,hortelanos,569,463,5,993,1054,0,11,0,183,284,0,0,0,5,,0,0
1492-3,6,145,hortelanos,569,463,5,1075,1081,0,11,0,190,291,0,0,0,5,1,19,0
1492-3,6,146,hortelanos,569,463,5,1061,1107,0,11,0,190,291,0,0,0,5,,0,0
1492-3,6,147,hortelanos,569,463,5,1047,1132,0,11,0,190,291,0,0,0,5,,0,0
1492-3,6,148,hortelanos,569,463,5,1033,1156,0,11,0,190,291,0,0,0,5,,0,0
1492-3,6,149,hortelanos,569,463,5,1019,1173,0,11,0,183,284,0,0,0,5,,0,0
1492-3,6,150,hortelanos,569,463,5,1011,1189,0,11,0,183,290,0,0,0,5,,0,0
1492-3,6,151,hortelanos,569,463,5,968,1178,0,11,0,183,290,0,0,0,5,1,31,0
1492-3,6,152,hortelanos,569,463,5,952,1225,0,11,0,218,325,0,0,0,5,,0,0
1492-3,6,153,hortelanos,572,463,5,936,1270,0,11,0,218,325,0,0,0,5,,0,0
1492-3,6,154,hortelanos,572,463,5,920,1314,0,11,0,218,325,0,0,0,5,,0,0
1492-3,6,155,hortelanos,572,463,5,904,1356,0,11,0,218,325,0,0,0,5,,0,0
1492-3,6,156,hortelanos,572,463,5,889,1396,0,11,0,218,325,0,0,0,5,,0,0
1492-3,6,157,hortelanos,572,463,5,979,1435,0,11,0,218,325,0,0,0,5,1,19,0
1492-3,6,158,hortelanos,572,463,5,963,1472,0,11,0,218,325,0,0,0,5,,0,0
1492-3,6,159,hortelanos,572,463,5,947,1508,0,11,0,218,325,0,0,0,5,,0,0
1492-3,6,160,hortelanos,572,463,5,931,1542,0,11,0,218,325,0,0,0,5,,0,0
1492-3,6,161,hortelanos,572,463,5,915,1575,0,11,0,218,325,0,0,0,5,,0,0
1492-3,6,162,hortelanos,572,463,5,900,1606,0,11,0,218,325,0,0,0,5,,0,0
1492-3,6,163,hortelanos,572,463,5,1002,1611,0,11,0,218,325,0,0,0,5,1,34,0
1492-3,6,164,hortelanos,572,463,5,986,1641,0,11,0,218,325,0,0,0,5,,0,0
1492-3,6,165,hortelanos,575,463,5,970,1670,0,11,0,218,325,0,0,0,5,,0,0
1492-3,6,166,hortelanos,575,463,5,954,1698,0,11,0,218,325,0,0,0,5,,0,0
1492-3,6,167,hortelanos,575,463,5,942,1733,0,11,0,227,334,0,0,0,5,,0,0
1492-3,6,168,hortelanos,575,463,5,924,1767,0,11,0,227,328,0,0,0,5,,0,0
1492-3,6,169,hortelanos,575,463,5,1010,1777,0,11,0,218,319,0,0,0,5,1,24,0
1492-3,6,170,hortelanos,575,463,5,992,1800,0,11,0,218,319,0,0,0,5,,0,0
1492-3,6,171,hortelanos,575,463,5,973,1822,0,11,0,218,319,0,0,0,5,,0,0
1492-3,6,172,hortelanos,575,463,5,955,1836,0,11,0,218,319,0,0,0,5,,0,0
1492-3,6,173,hortelanos,575,463,5,933,1857,0,11,0,218,319,0,0,0,5,,0,0
1492-3,6,174,hortelanos,575,463,5,917,1893,0,11,0,235,342,0,0,0,5,,0,0
1492-3,6,175,hortelanos,695,463,5,1061,1916,0,11,0,235,342,0,1,1,5,1,24,0
1492-3,6,176,hortelanos,695,463,5,1052,1969,0,11,0,251,358,0,0,0,5,,0,0
1492-3,6,177,hortelanos,698,463,5,1043,2020,0,11,0,251,358,0,0,0,5,,0,0
1492-3,6,178,hortelanos,698,463,5,1034,2069,0,11,0,251,358,0,0,0,5,,0,0
1492-3,6,179,hortelanos,698,463,5,1025,2116,0,11,0,251,358,0,0,0,5,,0,0
1492-3,6,180,hortelanos,698,463,5,1016,2145,0,11,0,234,341,0,0,0,5,,0,0
1492-3,6,181,hortelanos,698,463,5,1123,2161,0,9,0,234,341,0,0,0,5,1,24,0
1492-3,6,182,hortelanos,698,463,5,1114,2188,0,9,0,234,341,0,0,0,5,,0,0
1492-3,6,183,hortelanos,698,463,5,1105,2214,0,9,0,234,341,0,0,0,5,,0,0
1492-3,6,184,hortelanos,698,463,5,1096,2239,0,9,0,234,341,0,0,0,5,,0,0
1492-3,6,185,hortelanos,698,463,5,1087,2263,0,9,0,234,341,0,0,0,5,,0,0
1492-3,6,186,hortelanos,698,463,5,1078,2286,0,9,0,234,341,0,0,0,5,,0,0
1492-3,6,187,hortelanos,699,467,5,1029,2301,0,9,0,234,341,0,0,0,5,1,26,0
1492-3,6,188,hortelanos,699,467,5,1015,2319,0,9,0,234,343,0,0,0,5,,0,0
1492-3,6,189,hortelanos,699,467,5,1001,2340,0,9,0,237,346,0,0,0,5,,0,0
1492-3,6,190,hortelanos,699,467,5,987,2360,0,9,0,237,346,0,0,0,5,,0,0
1492-3,6,191,hortelanos,699,467,5,977,2379,0,9,0,237,346,0,0,0,5,,0,0
1492-3,6,192,hortelanos,699,467,5,959,2397,0,9,0,237,339,0,0,0,5,,0,0
1492-3,6,193,hortelanos,698,463,5,1036,2393,0,9,0,237,339,0,0,0,5,1,25,0
1492-3,6,194,hortelanos,698,463,5,1018,2412,0,9,0,237,338,0,0,0,5,,0,0
1492-3,6,195,hortelanos,698,463,5,999,2430,0,9,0,237,338,0,0,0,5,,0,0
1492-3,6,196,hortelanos,698,463,5,981,2447,0,9,0,237,338,0,0,0,5,,0,0
1492-3,6,197,hortelanos,698,463,5,959,2463,0,9,0,237,338,0,0,0,5,,0,0
1492-3,6,198,hortelanos,698,463,5,943,2479,0,9,0,237,344,0,0,0,5,,0,0
1492-3,6,199,hortelanos,698,463,5,1028,2469,0,8,0,237,344,0,0,0,5,1,29,0
1492-3,6,200,hortelanos,698,463,5,1012,2481,0,8,0,237,344,0,0,0,5,,0,0
1492-3,6,1,mercaderes,40,86,1,62,59,0,0,0,13,39,0,0,0,0,1,4,0
1492-3,6,2,mercaderes,40,86,1,74,48,0,0,0,13,29,0,0,0,0,,0,0
1492-3,6,3,mercaderes,40,86,1,86,37,0,0,0,13,29,0,1,0,0,,0,0
1492-3,6,4,mercaderes,40,86,1,98,28,0,0,0,13,29,0,0,0,0,,0,0
1492-3,6,5,mercaderes,40,86,1,110,24,0,0,0,18,34,0,0,0,0,,0,0
1492-3,6,6,mercaderes,40,86,1,130,21,0,0,0,18,42,0,0,0,0,,0,0
1492-3,6,7,mercaderes,40,86,1,80,18,0,0,0,18,42,0,0,0,0,1,6,0
1492-3,6,8,mercaderes,40,86,1,100,19,0,1,0,18,42,0,0,0,0,,0,0
1492-3,6,9,mercaderes,40,86,1,120,16,0,0,0,18,42,0,0,0,0,,0,0
1492-3,6,10,mercaderes,40,86,1,140,13,0,0,0,18,42,0,0,0,0,,0,0
1492-3,6,11,mercaderes,40,86,1,160,27,0,0,0,36,60,0,0,0,0,,0,0
1492-3,6,12,mercaderes,41,90,1,180,41,0,0,0,36,60,0,0,0,0,,0,0
1492-3,6,13,mercaderes,41,90,1,131,53,0,0,0,36,62,0,0,0,0,1,8,0
1492-3,6,14,mercaderes,41,90,1,129,69,0,2,0,36,62,0,0,0,0,,0,0
1492-3,6,15,mercaderes,41,90,1,151,86,0,0,0,36,62,0,0,0,0,,0,0
1492-3,6,16,mercaderes,56,90,1,173,96,0,0,0,36,62,0,0,0,1,,0,0
1492-3,6,17,mercaderes,56,90,1,195,96,0,0,0,26,52,0,0,0,1,,0,0
1492-3,6,18,mercaderes,56,90,1,217,96,0,0,0,26,52,0,0,0,1,,0,0
1492-3,6,19,mercaderes,56,90,1,204,87,0,0,0,26,52,0,0,0,1,1,13,0
1492-3,6,20,mercaderes,56,90,1,173,95,0,0,0,26,52,0,0,0,1,,0,0
1492-3,6,21,mercaderes,56,90,1,152,103,0,0,0,26,52,0,0,0,1,,0,0
1492-3,6,22,mercaderes,56,90,1,167,110,0,0,0,26,52,0,0,0,1,,0,0
1492-3,6,23,mercaderes,56,90,1,189,99,0,0,0,13,39,0,0,0,1,,0,0
1492-3,6,24,mercaderes,56,90,1,202,87,0,0,0,13,30,0,0,0,1,,0,0
1492-3,6,25,mercaderes,55,86,1,189,56,0,0,0,13,30,0,0,0,1,1,21,0
1492-3,6,26,mercaderes,68,86,1,148,54,0,0,0,13,29,0,0,0,2,,0,0
1492-3,6,27,mercaderes,68,86,1,127,52,0,0,0,13,29,0,0,0,2,,0,0
1492-3,6,28,mercaderes,68,86,1,139,40,0,0,0,13,29,0,0,0,2,,0,0
1492-3,6,29,mercaderes,71,86,1,151,36,0,0,0,18,34,0,0,0,2,,0,0
1492-3,6,30,mercaderes,71,86,1,171,32,0,0,0,18,42,0,0,0,2,,0,0
1492-3,6,31,mercaderes,71,86,1,140,28,0,0,0,18,42,0,0,0,2,1,7,0
1492-3,6,32,mercaderes,71,86,1,146,28,0,2,0,18,42,0,0,0,2,,0,0
1492-3,6,33,mercaderes,71,86,1,166,29,0,1,0,18,42,0,0,0,2,,0,0
1492-3,6,34,mercaderes,71,86,1,186,26,0,0,0,18,42,0,0,0,2,,0,0
1492-3,6,35,mercaderes,72,90,1,206,40,0,0,0,36,60,0,0,0,2,,0,0
1492-3,6,36,mercaderes,72,90,1,228,52,0,0,0,36,62,0,0,0,2,,0,0
1492-3,6,37,mercaderes,72,90,1,191,64,0,0,0,36,62,0,0,0,2,1,11,0
1492-3,6,38,mercaderes,72,90,1,144,79,0,2,0,36,62,0,0,0,2,,0,0
1492-3,6,39,mercaderes,72,90,1,162,96,0,1,0,36,62,0,0,0,2,,0,0
1492-3,6,40,mercaderes,72,90,1,184,107,0,1,0,36,62,0,0,0,2,,0,0
1492-3,6,41,mercaderes,72,90,1,206,103,0,1,0,22,48,0,0,0,2,,0,0
1492-3,6,42,mercaderes,72,90,1,228,99,0,1,0,22,48,0,0,0,2,,0,0
1492-3,6,43,mercaderes,72,90,1,228,80,0,1,0,22,48,0,0,0,2,1,23,0
1492-3,6,44,mercaderes,75,90,1,197,84,0,1,0,22,48,0,0,0,2,,0,0
1492-3,6,45,mercaderes,75,90,1,166,88,0,1,0,22,48,0,0,0,2,,0,0
1492-3,6,46,mercaderes,75,90,1,181,92,0,1,0,22,48,0,0,0,2,,0,0
1492-3,6,47,mercaderes,75,90,1,203,72,0,1,0,13,39,0,0,0,2,,0,0
1492-3,6,48,mercaderes,75,90,1,216,61,0,1,0,13,30,0,0,0,2,,0,0
1492-3,6,49,mercaderes,77,86,1,204,42,0,0,0,13,30,0,0,0,2,1,13,0
1492-3,6,50,mercaderes,77,86,1,163,40,0,0,0,13,29,0,0,0,2,,0,0
1492-3,6,51,mercaderes,77,86,1,132,38,0,0,0,13,29,0,0,0,2,,0,0
1492-3,6,52,mercaderes,77,86,1,137,36,0,0,0,13,29,0,0,0,2,,0,0
1492-3,6,53,mercaderes,77,86,1,149,34,0,0,0,18,34,0,0,0,2,,0,0
1492-3,6,54,mercaderes,77,86,1,169,30,0,0,0,18,42,0,0,0,2,,0,0
1492-3,6,55,mercaderes,77,86,1,142,26,0,0,0,18,42,0,0,0,2,1,7,0
1492-3,6,56,mercaderes,77,86,1,148,27,0,2,0,18,42,0,0,0,2,,0,0
1492-3,6,57,mercaderes,77,86,1,168,28,0,1,0,18,42,0,0,0,2,,0,0
1492-3,6,58,mercaderes,77,86,1,188,25,0,0,0,18,42,0,0,0,2,,0,0
1492-3,6,59,mercaderes,78,90,1,208,39,0,0,0,36,60,0,0,0,2,,0,0
1492-3,6,60,mercaderes,78,90,1,230,51,0,0,0,36,62,0,0,0,2,,0,0
1492-3,6,61,mercaderes,78,90,1,193,63,0,0,0,36,62,0,0,0,2,1,11,0
1492-3,6,62,mercaderes,78,90,1,146,78,0,2,0,36,62,0,0,0,2,,0,0
1492-3,6,63,mercaderes,78,90,1,161,95,0,1,0,36,62,0,0,0,2,,0,0
1492-3,6,64,mercaderes,78,90,1,183,107,0,1,0,36,62,0,0,0,2,,0,0
1492-3,6,65,mercaderes,78,90,1,205,103,0,1,0,22,48,0,0,0,2,,0,0
1492-3,6,66,mercaderes,78,90,1,227,99,0,1,0,22,48,0,0,0,2,,0,0
1492-3,6,67,mercaderes,78,90,1,248,82,0,1,0,22,48,0,0,0,2,1,17,0
1492-3,6,68,mercaderes,78,90,1,217,86,0,1,0,22,48,0,0,0,2,,0,0
1492-3,6,69,mercaderes,81,90,1,186,90,0,1,0,22,48,0,0,0,2,,0,0
1492-3,6,70,mercaderes,81,90,1,201,94,0,1,0,22,48,0,0,0,2,,0,0
1492-3,6,71,mercaderes,81,90,1,223,84,0,1,0,13,39,0,0,0,2,,0,0
1492-3,6,72,mercaderes,81,90,1,236,72,0,1,0,13,30,0,0,0,2,,0,0
1492-3,6,73,mercaderes,81,90,1,247,49,0,1,0,13,30,0,0,0,2,1,17,0
1492-3,6,74,mercaderes,81,90,1,207,47,0,0,0,13,30,0,0,0,2,,0,0
1492-3,6,75,mercaderes,84,90,1,167,44,0,0,0,13,30,0,0,0,2,,0,0
1492-3,6,76,mercaderes,84,90,1,164,41,0,0,0,13,30,0,0,0,2,,0,0
1492-3,6,77,mercaderes,84,90,1,177,41,0,0,0,18,35,0,0,0,2,,0,0
1492-3,6,78,mercaderes,84,90,1,199,36,0,0,0,18,44,0,0,0,2,,0,0
1492-3,6,79,mercaderes,84,90,1,179,31,0,0,0,18,44,0,0,0,2,1,8,0
1492-3,6,80,mercaderes,84,90,1,157,30,0,2,0,18,44,0,0,0,2,,0,0
1492-3,6,81,mercaderes,84,90,1,179,30,0,1,0,18,44,0,0,0,2,,0,0
1492-3,6,82,mercaderes,84,90,1,201,26,0,0,0,18,44,0,0,0,2,,0,0
1492-3,6,83,mercaderes,84,90,1,223,39,0,0,0,36,62,0,0,0,2,,0,0
1492-3,6,84,mercaderes,84,90,1,245,51,0,0,0,36,62,0,0,0,2,,0,0
1492-3,6,85,mercaderes,84,90,1,216,63,0,0,0,36,62,0,0,0,2,1,13,0
1492-3,6,86,mercaderes,84,90,1,169,78,0,2,0,36,62,0,0,0,2,,0,0
1492-3,6,87,mercaderes,84,90,1,178,95,0,1,0,36,62,0,0,0,2,,0,0
1492-3,6,88,mercaderes,84,90,1,193,109,0,1,0,36,62,0,0,0,2,,0,0
1492-3,6,89,mercaderes,84,90,1,215,107,0,1,0,22,48,0,0,0,2,,0,0
1492-3,6,90,mercaderes,84,90,1,237,103,0,1,0,22,48,0,0,0,2,,0,0
1492-3,6,91,mercaderes,84,90,1,260,87,0,1,0,22,48,0,0,0,2,1,22,0
1492-3,6,92,mercaderes,84,90,1,229,91,0,1,0,22,48,0,0,0,2,,0,0
1492-3,6,93,mercaderes,87,90,1,198,95,0,1,0,22,48,0,0,0,2,,0,0
1492-3,6,94,mercaderes,87,90,1,204,99,0,1,0,22,48,0,0,0,2,,0,0
1492-3,6,95,mercaderes,87,90,1,226,92,0,1,0,13,39,0,0,0,2,,0,0
1492-3,6,96,mercaderes,87,90,1,239,80,0,1,0,13,30,0,0,0,2,,0,0
1492-3,6,97,mercaderes,87,90,1,251,69,0,1,0,13,30,0,0,0,2,1,12,0
1492-3,6,98,mercaderes,87,90,1,211,55,0,1,0,13,30,0,0,0,2,,0,0
1492-3,6,99,mercaderes,87,90,1,171,53,0,0,0,13,30,0,0,0,2,,0,0
1492-3,6,100,mercaderes,90,90,1,165,50,0,0,0,13,30,0,0,0,2,,0,0
1492-3,6,101,mercaderes,90,90,1,178,51,0,0,0,18,35,0,0,0,2,,0,0
1492-3,6,102,mercaderes,90,90,1,200,46,0,0,0,18,44,0,0,0,2,,0,0
1492-3,6,103,mercaderes,90,90,1,182,41,0,0,0,18,44,0,0,0,2,1,8,0
1492-3,6,104,mercaderes,90,90,1,161,40,0,2,0,18,44,0,0,0,2,,0,0
1492-3,6,105,mercaderes,90,90,1,183,40,0,1,0,18,44,0,0,0,2,,0,0
1492-3,6,106,mercaderes,90,90,1,205,36,0,0,0,18,44,0,0,0,2,,0,0
1492-3,6,107,mercaderes,90,90,1,227,48,0,0,0,36,62,0,0,0,2,,0,0
1492-3,6,108,mercaderes,90,90,1,249,60,0,0,0,36,62,0,0,0,2,,0,0
1492-3,6,109,mercaderes,90,94,1,227,73,0,0,0,36,62,0,0,0,2,1,10,0
1492-3,6,110,mercaderes,90,94,1,155,87,0,2,0,36,62,0,0,0,2,,0,0
1492-3,6,111,mercaderes,90,94,1,177,102,0,2,0,36,62,0,0,0,2,,0,0
1492-3,6,112,mercaderes,90,94,1,199,111,0,2,0,36,62,0,0,0,2,,0,0
1492-3,6,113,mercaderes,90,94,1,221,106,0,2,0,22,48,0,0,0,2,,0,0
1492-3,6,114,mercaderes,90,94,1,243,101,0,2,0,22,48,0,0,0,2,,0,0
1492-3,6,115,mercaderes,90,90,1,249,89,0,0,0,22,48,0,0,0,2,1,13,0
1492-3,6,116,mercaderes,90,90,1,218,93,0,0,0,22,48,0,0,0,2,,0,0
1492-3,6,117,mercaderes,90,90,1,187,97,0,0,0,22,48,0,0,0,2,,0,0
1492-3,6,118,mercaderes,90,90,1,186,101,0,0,0,22,48,0,0,0,2,,0,0
1492-3,6,119,mercaderes,90,90,1,208,96,0,0,0,13,39,0,0,0,2,,0,0
1492-3,6,120,mercaderes,90,90,1,221,84,0,0,0,13,30,0,0,0,2,,0,0
1492-3,6,121,mercaderes,90,90,1,238,59,0,0,0,13,30,0,0,0,2,1,20,0
1492-3,6,122,mercaderes,90,90,1,198,55,0,0,0,13,30,0,0,0,2,,0,0
1492-3,6,123,mercaderes,93,90,1,158,52,0,0,0,13,30,0,0,0,2,,0,0
1492-3,6,124,mercaderes,93,90,1,171,49,0,0,0,13,30,0,0,0,2,,0,0
1492-3,6,125,mercaderes,93,90,1,184,39,0,0,0,13,30,0,0,0,2,,0,0
1492-3,6,126,mercaderes,93,90,1,206,29,0,0,0,13,39,0,0,0,2,,0,0
1492-3,6,127,mercaderes,93,90,1,182,20,0,0,0,13,39,0,0,0,2,1,10,0
1492-3,6,128,mercaderes,93,90,1,160,15,0,2,0,13,39,0,0,0,2,,0,0
1492-3,6,129,mercaderes,93,90,1,178,3,0,1,0,13,39,0,0,0,2,,0,0
1492-3,6,130,mercaderes,92,90,1,200,1,0,1,0,13,39,1,0,0,2,,0,0
1492-3,6,131,mercaderes,92,90,1,222,15,0,0,0,36,62,0,0,0,2,,0,0
1492-3,6,132,mercaderes,92,90,1,244,28,0,0,0,36,62,0,0,0,2,,0,0
1492-3,6,133,mercaderes,95,90,1,216,41,0,0,0,36,62,0,0,0,2,1,13,0
1492-3,6,134,mercaderes,95,90,1,168,57,0,2,0,36,62,0,0,0,2,,0,0
1492-3,6,135,mercaderes,95,90,1,176,74,0,1,0,36,62,0,0,0,2,,0,0
1492-3,6,136,mercaderes,95,90,1,194,89,0,1,0,36,62,0,0,0,2,,0,0
1492-3,6,137,mercaderes,95,90,1,216,84,0,1,0,19,45,0,0,0,2,,0,0
1492-3,6,138,mercaderes,95,90,1,238,78,0,1,0,19,45,0,0,0,2,,0,0
1492-3,6,139,mercaderes,95,94,1,273,75,0,1,0,19,45,0,0,0,2,1,13,0
1492-3,6,140,mercaderes,95,94,1,242,76,0,1,0,19,45,0,0,0,2,,0,0
1492-3,6,141,mercaderes,95,94,1,211,77,0,1,0,19,45,0,0,0,2,,0,0
1492-3,6,142,mercaderes,95,94,1,214,78,0,1,0,19,45,0,0,0,2,,0,0
1492-3,6,143,mercaderes,95,94,1,236,72,0,1,0,13,39,0,0,0,2,,0,0
1492-3,6,144,mercaderes,95,94,1,249,60,0,1,0,13,30,0,0,0,2,,0,0
1492-3,6,145,mercaderes,95,90,1,243,42,0,0,0,15,32,0,0,0,2,1,15,0
1492-3,6,146,mercaderes,95,90,1,203,41,0,0,0,15,32,0,0,0,2,,0,0
1492-3,6,147,mercaderes,95,90,1,163,40,0,0,0,15,32,0,0,0,2,,0,0
1492-3,6,148,mercaderes,95,90,1,153,39,0,0,0,15,32,0,0,0,2,,0,0
1492-3,6,149,mercaderes,95,90,1,159,41,0,0,0,18,35,0,0,0,2,,0,0
1492-3,6,150,mercaderes,95,90,1,181,38,0,0,0,18,44,0,0,0,2,,0,0
1492-3,6,151,mercaderes,95,90,1,165,33,0,0,0,18,44,0,0,0,2,1,9,0
1492-3,6,152,mercaderes,95,90,1,170,32,0,2,0,18,51,0,0,0,2,,0,0
1492-3,6,153,mercaderes,95,90,1,199,32,0,1,0,18,51,0,0,0,2,,0,0
1492-3,6,154,mercaderes,95,90,1,228,28,0,0,0,18,51,0,0,0,2,,0,0
1492-3,6,155,mercaderes,95,90,1,257,41,0,0,0,36,69,0,0,0,2,,0,0
1492-3,6,156,mercaderes,95,90,1,286,53,0,0,0,36,69,0,0,0,2,,0,0
1492-3,6,157,mercaderes,95,90,1,257,65,0,0,0,36,69,0,0,0,2,1,14,0
1492-3,6,158,mercaderes,95,90,1,192,80,0,2,0,36,69,0,0,0,2,,0,0
1492-3,6,159,mercaderes,95,90,1,188,97,0,2,0,36,69,0,0,0,2,,0,0
1492-3,6,160,mercaderes,95,90,1,213,111,0,2,0,36,69,0,0,0,2,,0,0
1492-3,6,161,mercaderes,95,90,1,242,108,0,2,0,22,55,0,0,0,2,,0,0
1492-3,6,162,mercaderes,95,90,1,271,104,0,2,0,22,55,0,0,0,2,,0,0
1492-3,6,163,mercaderes,95,90,1,313,87,0,2,0,22,55,0,0,0,2,1,25,0
1492-3,6,164,mercaderes,95,90,1,289,93,0,0,0,22,55,0,0,0,2,,0,0
1492-3,6,165,mercaderes,98,90,1,265,97,0,0,0,22,55,0,0,0,2,,0,0
1492-3,6,166,mercaderes,98,90,1,251,101,0,0,0,22,55,0,0,0,2,,0,0
1492-3,6,167,mercaderes,98,90,1,273,98,0,0,0,15,48,0,0,0,2,,0,0
1492-3,6,168,mercaderes,98,90,1,290,90,0,0,0,15,36,0,0,0,2,,0,0
1492-3,6,169,mercaderes,98,90,1,317,78,0,0,0,13,34,0,0,0,2,1,15,0
1492-3,6,170,mercaderes,98,90,1,281,63,0,0,0,13,34,0,0,0,2,,0,0
1492-3,6,171,mercaderes,98,90,1,245,59,0,0,0,13,34,0,0,0,2,,0,0
1492-3,6,172,mercaderes,98,90,1,209,55,0,0,0,13,34,0,0,0,2,,0,0
1492-3,6,173,mercaderes,101,90,1,210,56,0,0,0,18,39,0,0,0,2,,0,0
1492-3,6,174,mercaderes,101,90,1,239,59,0,0,0,22,55,0,0,0,2,,0,0
1492-3,6,175,mercaderes,101,90,1,243,57,0,0,0,22,55,0,0,0,2,1,11,0
1492-3,6,176,mercaderes,101,90,1,203,59,0,2,0,22,55,0,0,0,2,,0,0
1492-3,6,177,mercaderes,101,90,1,219,62,0,1,0,22,55,0,0,0,2,,0,0
1492-3,6,178,mercaderes,101,90,1,248,64,0,1,0,22,55,0,0,0,2,,0,0
1492-3,6,179,mercaderes,101,90,1,277,84,0,1,0,45,78,0,0,0,2,,0,0
1492-3,6,180,mercaderes,101,90,1,306,95,0,1,0,36,69,0,0,0,2,,0,0
1492-3,6,181,mercaderes,101,94,1,330,107,0,1,0,36,69,0,0,0,2,1,19,0
1492-3,6,182,mercaderes,101,94,1,290,120,0,2,0,36,69,0,0,0,2,,0,0
1492-3,6,183,mercaderes,101,94,1,250,132,0,3,0,36,69,0,0,0,2,,0,0
1492-3,6,184,mercaderes,101,94,1,246,147,0,1,0,36,69,0,0,0,2,,0,0
1492-3,6,185,mercaderes,101,94,1,271,145,0,1,0,22,55,0,0,0,2,,0,0
1492-3,6,186,mercaderes,101,94,1,300,140,0,1,0,22,55,0,0,0,2,,0,0
1492-3,6,187,mercaderes,101,90,1,310,124,0,1,0,22,55,0,0,0,2,1,15,0
1492-3,6,188,mercaderes,101,90,1,266,124,0,1,0,22,55,0,0,0,2,,0,0
1492-3,6,189,mercaderes,101,90,1,222,124,0,1,0,22,55,0,0,0,2,,0,0
1492-3,6,190,mercaderes,101,90,1,238,124,0,1,0,22,55,0,0,0,2,,0,0
1492-3,6,191,mercaderes,101,90,1,260,115,0,1,0,13,46,0,0,0,2,,0,0
1492-3,6,192,mercaderes,101,90,1,277,104,0,1,0,13,34,0,0,0,2,,0,0
1492-3,6,193,mercaderes,101,90,1,308,79,0,1,0,13,34,0,0,0,2,1,25,0
1492-3,6,194,mercaderes,101,90,1,272,75,0,1,0,13,34,0,0,0,2,,0,0
1492-3,6,195,mercaderes,104,90,1,236,71,0,1,0,13,34,0,0,0,2,,0,0
1492-3,6,196,mercaderes,104,90,1,200,67,0,1,0,13,34,0,0,0,2,,0,0
1492-3,6,197,mercaderes,104,90,1,213,68,0,1,0,18,39,0,0,0,2,,0,0
1492-3,6,198,mercaderes,104,90,1,242,63,0,1,0,18,51,0,0,0,2,,0,0
1492-3,6,199,mercaderes,104,90,1,208,57,0,1,0,18,51,0,0,0,2,1,15,0
1492-3,6,200,mercaderes,104,90,1,188,56,0,2,0,18,51,0,0,0,2,,0,0
1492-3,6,1,mesta,29,30,1,42,75,0,0,0,5,11,0,0,0,0,1,5,0
1492-3,6,2,mesta,29,30,1,41,69,0,0,0,5,8,0,0,0,0,,0,0
1492-3,6,3,mesta,29,30,1,40,63,0,0,0,5,8,0,0,0,0,,0,0
1492-3,6,4,mesta,29,30,1,39,57,0,0,0,5,8,0,0,0,0,,0,0
1492-3,6,5,mesta,29,30,1,38,52,0,0,0,6,9,0,1,0,0,,0,0
1492-3,6,6,mesta,29,30,1,48,49,0,0,0,6,20,0,0,0,0,,0,0
1492-3,6,7,mesta,28,27,1,38,37,0,0,0,6,20,0,0,0,0,1,1,0
1492-3,6,8,mesta,28,27,1,46,36,0,0,0,6,18,0,0,0,0,,0,0
1492-3,6,9,mesta,28,27,1,54,35,0,0,0,6,18,0,0,0,0,,0,0
1492-3,6,10,mesta,28,27,1,62,34,0,0,0,6,18,0,0,0,0,,0,0
1492-3,6,11,mesta,28,28,1,70,40,0,0,0,13,25,0,0,0,0,,0,0
1492-3,6,12,mesta,28,29,1,78,45,0,0,0,13,25,0,0,0,0,,0,0
1492-3,6,13,mesta,29,30,1,71,49,0,0,0,13,25,0,0,0,0,1,4,0
1492-3,6,14,mesta,29,31,1,81,56,0,0,0,13,27,0,0,0,0,,0,0
1492-3,6,15,mesta,29,32,1,91,60,0,0,0,13,27,0,0,0,0,,0,0
1492-3,6,16,mesta,29,33,1,101,63,0,0,0,13,27,0,0,0,0,,0,0
1492-3,6,17,mesta,29,34,1,111,61,0,0,0,8,22,0,0,0,0,,0,0
1492-3,6,18,mesta,30,35,1,121,59,0,0,0,8,22,0,0,0,0,,0,0
1492-3,6,19,mesta,29,34,1,51,57,0,0,0,8,22,0,0,0,0,1,4,0
1492-3,6,20,mesta,29,34,1,51,57,0,0,0,8,22,0,0,0,0,,0,0
1492-3,6,21,mesta,30,35,1,61,54,0,0,0,8,22,0,1,0,0,,0,0
1492-3,6,22,mesta,30,35,1,71,53,0,0,0,8,28,0,0,0,0,,0,0
1492-3,6,23,mesta,30,35,1,81,49,0,0,0,5,25,0,0,0,0,,0,0
1492-3,6,24,mesta,30,35,1,88,46,0,0,0,5,22,0,0,0,0,,0,0
1492-3,6,25,mesta,30,35,1,87,43,0,0,0,5,22,0,0,0,0,1,3,0
1492-3,6,26,mesta,30,35,1,94,45,0,0,0,5,22,0,0,0,0,,0,0
1492-3,6,27,mesta,30,35,1,101,42,0,0,0,5,22,0,0,0,0,,0,0
1492-3,6,28,mesta,30,35,1,108,39,0,0,0,5,22,0,0,0,0,,0,0
1492-3,6,29,mesta,30,35,1,115,37,0,0,0,6,23,0,0,0,0,,0,0
1492-3,6,30,mesta,30,35,1,125,35,0,0,0,6,26,0,0,0,0,,0,0
1492-3,6,31,mesta,30,35,1,85,33,0,0,0,6,26,0,0,0,0,1,12,0
1492-3,6,32,mesta,30,35,1,90,32,0,1,0,6,26,0,0,0,0,,0,0
1492-3,6,33,mesta,30,35,1,100,32,0,0,0,6,26,0,0,0,0,,0,0
1492-3,6,34,mesta,30,35,1,110,30,0,0,0,6,26,0,0,0,0,,0,0
1492-3,6,35,mesta,30,36,1,120,35,0,0,0,13,33,0,0,0,0,,0,0
1492-3,6,36,mesta,30,37,1,130,39,0,0,0,13,33,0,0,0,0,,0,0
1492-3,6,37,mesta,30,38,1,198,46,0,0,0,16,36,0,0,0,0,1,15,0
1492-3,6,38,mesta,30,39,1,203,53,0,1,0,16,36,0,0,0,0,,0,0
1492-3,6,39,mesta,31,40,1,208,60,0,1,0,16,36,0,0,0,0,,0,0
1492-3,6,40,mesta,31,42,1,220,66,0,1,0,16,38,0,0,0,0,,0,0
1492-3,6,41,mesta,31,42,1,232,65,0,1,0,10,32,0,0,0,0,,0,0
1492-3,6,42,mesta,31,42,1,244,64,0,1,0,10,32,0,0,0,0,,0,0
1492-3,6,43,mesta,30,38,1,322,51,0,1,0,8,30,0,0,0,0,1,21,0
1492-3,6,44,mesta,30,38,1,277,51,0,1,0,8,28,0,0,0,0,,0,0
1492-3,6,45,mesta,30,38,1,232,50,0,0,0,8,28,0,1,0,0,,0,0
1492-3,6,46,mesta,30,38,1,223,50,0,0,0,8,28,0,0,0,0,,0,0
1492-3,6,47,mesta,30,38,1,233,47,0,0,0,5,25,0,0,0,0,,0,0
1492-3,6,48,mesta,30,38,1,240,42,0,0,0,5,22,0,0,0,0,,0,0
1492-3,6,49,mesta,30,38,1,375,24,0,0,0,5,22,0,0,0,0,1,20,0
1492-3,6,50,mesta,30,38,1,335,24,0,0,0,5,22,0,0,0,0,,0,0
1492-3,6,51,mesta,30,38,1,295,24,0,0,0,5,22,0,0,0,0,,0,0
1492-3,6,52,mesta,30,38,1,267,24,0,0,0,5,22,0,0,0,0,,0,0
1492-3,6,53,mesta,30,38,1,274,28,0,0,0,6,23,0,0,0,0,,0,0
1492-3,6,54,mesta,43,38,1,284,24,0,0,0,6,26,0,0,0,1,,0,0
1492-3,6,55,mesta,43,38,1,288,21,0,0,0,6,26,0,0,0,1,1,21,0
1492-3,6,56,mesta,43,38,1,215,19,0,2,0,6,26,0,0,0,1,,0,0
1492-3,6,57,mesta,43,38,1,167,17,0,3,0,6,26,0,0,0,1,,0,0
1492-3,6,58,mesta,43,38,1,177,15,1,3,0,6,26,0,0,0,1,,0,0
1492-3,6,59,mesta,43,38,1,187,19,1,2,0,13,33,0,0,0,1,,0,0
1492-3,6,60,mesta,43,38,1,197,23,1,1,0,13,33,0,0,0,1,,0,0
1492-3,6,61,mesta,43,38,1,339,27,1,0,0,13,33,0,0,0,1,1,19,0
1492-3,6,62,mesta,43,39,1,291,31,1,1,0,13,33,0,0,0,1,,0,0
1492-3,6,63,mesta,44,40,1,287,36,1,1,0,13,33,0,0,0,1,,0,0
1492-3,6,64,mesta,44,42,1,294,40,1,0,0,13,35,0,0,0,1,,0,0
1492-3,6,65,mesta,44,42,1,306,36,1,0,0,6,28,0,0,0,1,,0,0
1492-3,6,66,mesta,44,42,1,318,31,1,0,0,6,28,0,0,0,1,,0,0
1492-3,6,67,mesta,45,46,1,451,27,1,0,0,6,28,0,0,0,1,1,24,0
1492-3,6,68,mesta,45,46,1,416,26,1,0,0,6,28,0,0,0,1,,0,0
1492-3,6,69,mesta,45,46,1,381,25,1,0,0,6,28,0,0,0,1,,0,0
1492-3,6,70,mesta,45,46,1,346,24,1,0,0,6,28,0,0,0,1,,0,0
1492-3,6,71,mesta,45,46,1,311,22,1,0,0,5,27,0,0,0,1,,0,0
1492-3,6,72,mesta,45,46,1,299,20,1,0,0,5,23,0,0,0,1,,0,0
1492-3,6,73,mesta,45,46,1,395,18,1,0,0,5,23,0,0,0,1,1,22,0
1492-3,6,74,mesta,45,46,1,356,16,1,0,0,5,23,0,0,0,1,,0,0
1492-3,6,75,mesta,45,46,1,317,14,1,0,0,5,23,0,0,0,1,,0,0
1492-3,6,76,mesta,45,46,1,278,12,1,0,0,5,23,0,0,0,1,,0,0
1492-3,6,77,mesta,45,46,1,239,11,1,0,0,6,24,0,0,0,1,,0,0
1492-3,6,78,mesta,45,46,1,251,10,1,0,0,6,28,0,0,0,1,,0,0
1492-3,6,79,mesta,45,46,1,327,5,1,0,0,6,28,0,0,0,1,1,20,0
1492-3,6,80,mesta,45,46,1,256,1,1,2,0,6,28,0,0,0,1,,0,0
1492-3,6,81,mesta,44,46,1,245,1,1,4,0,6,28,1,0,0,1,,0,0
1492-3,6,82,mesta,43,46,1,257,1,1,4,0,6,28,1,0,0,1,,0,0
1492-3,6,83,mesta,43,46,1,269,3,1,3,0,13,35,0,0,0,1,,0,0
1492-3,6,84,mesta,43,46,1,281,5,1,2,0,13,35,0,0,0,1,,0,0
1492-3,6,85,mesta,43,46,1,451,7,1,1,0,13,35,0,0,0,1,1,22,0
1492-3,6,86,mesta,43,46,1,416,13,1,0,0,13,35,0,0,0,1,,0,0
1492-3,6,87,mesta,43,46,1,381,19,1,0,0,13,35,0,0,0,1,,0,0
1492-3,6,88,mesta,43,46,1,346,25,1,0,0,13,35,0,0,0,1,,0,0
1492-3,6,89,mesta,43,46,1,329,26,1,0,0,8,30,0,0,0,1,,0,0
1492-3,6,90,mesta,43,46,1,341,27,1,0,0,8,30,0,0,0,1,,0,0
1492-3,6,91,mesta,43,46,1,450,24,1,0,0,8,30,0,0,0,1,1,24,0
1492-3,6,92,mesta,43,46,1,415,25,1,0,0,8,30,0,0,0,1,,0,0
1492-3,6,93,mesta,43,46,1,380,26,1,0,0,8,30,0,0,0,1,,0,0
1492-3,6,94,mesta,43,46,1,345,27,1,0,0,8,30,0,0,0,1,,0,0
1492-3,6,95,mesta,43,46,1,310,25,1,0,0,5,27,0,0,0,1,,0,0
1492-3,6,96,mesta,43,46,1,280,23,1,0,0,5,23,0,0,0,1,,0,0
1492-3,6,97,mesta,43,46,1,380,21,1,0,0,5,23,0,0,0,1,1,22,0
1492-3,6,98,mesta,43,46,1,341,19,1,0,0,5,23,0,0,0,1,,0,0
1492-3,6,99,mesta,43,46,1,302,17,1,0,0,5,23,0,0,0,1,,0,0
1492-3,6,100,mesta,43,46,1,263,15,1,0,0,5,23,0,0,0,1,,0,0
1492-3,6,101,mesta,43,46,1,242,14,1,0,0,6,24,0,0,0,1,,0,0
1492-3,6,102,mesta,43,46,1,254,13,1,0,0,6,28,0,0,0,1,,0,0
1492-3,6,103,mesta,43,46,1,331,8,1,0,0,6,28,0,0,0,1,1,21,0
1492-3,6,104,mesta,43,46,1,260,4,1,2,0,6,28,0,0,0,1,,0,0
1492-3,6,105,mesta,42,46,1,249,1,1,4,0,6,28,1,0,0,1,,0,0
1492-3,6,106,mesta,41,46,1,256,1,1,4,0,6,28,1,0,0,1,,0,0
1492-3,6,107,mesta,41,46,1,268,4,1,3,0,13,35,0,0,0,1,,0,0
1492-3,6,108,mesta,41,46,1,280,6,1,2,0,13,35,0,0,0,1,,0,0
1492-3,6,109,mesta,41,46,1,450,8,1,1,0,13,35,0,0,0,1,1,22,0
1492-3,6,110,mesta,41,46,1,415,14,1,0,0,13,35,0,0,0,1,,0,0
1492-3,6,111,mesta,41,46,1,380,20,1,0,0,13,35,0,0,0,1,,0,0
1492-3,6,112,mesta,41,46,1,345,26,1,0,0,13,35,0,0,0,1,,0,0
1492-3,6,113,mesta,41,46,1,328,27,1,0,0,8,30,0,0,0,1,,0,0
1492-3,6,114,mesta,41,46,1,340,28,1,0,0,8,30,0,0,0,1,,0,0
1492-3,6,115,mesta,41,46,1,452,24,1,0,0,8,30,0,0,0,1,1,24,0
1492-3,6,116,mesta,41,46,1,417,25,1,0,0,8,30,0,0,0,1,,0,0
1492-3,6,117,mesta,41,46,1,382,26,1,0,0,8,30,0,0,0,1,,0,0
1492-3,6,118,mesta,41,46,1,347,27,1,0,0,8,30,0,0,0,1,,0,0
1492-3,6,119,mesta,41,46,1,312,25,1,0,0,5,27,0,0,0,1,,0,0
1492-3,6,120,mesta,41,46,1,282,23,1,0,0,5,23,0,0,0,1,,0,0
1492-3,6,121,mesta,41,46,1,377,21,1,0,0,5,23,0,0,0,1,1,23,0
1492-3,6,122,mesta,41,46,1,338,19,1,0,0,5,23,0,0,0,1,,0,0
1492-3,6,123,mesta,41,46,1,299,17,1,0,0,5,23,0,0,0,1,,0,0
1492-3,6,124,mesta,41,46,1,260,15,1,0,0,5,23,0,0,0,1,,0,0
1492-3,6,125,mesta,41,46,1,239,14,1,0,0,6,24,0,0,0,1,,0,0
1492-3,6,126,mesta,41,46,1,246,13,1,0,0,6,28,0,0,0,1,,0,0
1492-3,6,127,mesta,41,46,1,316,9,1,0,0,6,28,0,0,0,1,1,21,0
1492-3,6,128,mesta,41,46,1,245,5,1,2,0,6,28,0,0,0,1,,0,0
1492-3,6,129,mesta,41,46,1,243,1,1,4,0,6,28,0,0,0,1,,0,0
1492-3,6,130,mesta,40,46,1,250,1,1,4,0,6,28,1,0,0,1,,0,0
1492-3,6,131,mesta,40,46,1,262,4,1,3,0,13,35,0,0,0,1,,0,0
1492-3,6,132,mesta,40,46,1,274,6,1,2,0,13,35,0,0,0,1,,0,0
1492-3,6,133,mesta,40,46,1,445,8,1,1,0,13,35,0,0,0,1,1,22,0
1492-3,6,134,mesta,40,46,1,410,14,1,0,0,13,35,0,0,0,1,,0,0
1492-3,6,135,mesta,40,46,1,375,20,1,0,0,13,35,0,0,0,1,,0,0
1492-3,6,136,mesta,40,46,1,340,26,1,0,0,13,35,0,0,0,1,,0,0
1492-3,6,137,mesta,40,46,1,332,27,1,0,0,8,30,0,0,0,1,,0,0
1492-3,6,138,mesta,40,46,1,339,28,1,0,0,8,30,0,0,0,1,,0,0
1492-3,6,139,mesta,40,46,1,444,25,1,0,0,8,30,0,0,0,1,1,24,0
1492-3,6,140,mesta,40,46,1,409,26,1,0,0,8,30,0,0,0,1,,0,0
1492-3,6,141,mesta,40,46,1,374,27,1,0,0,8,30,0,0,0,1,,0,0
1492-3,6,142,mesta,40,46,1,339,28,1,0,0,8,30,0,0,0,1,,0,0
1492-3,6,143,mesta,40,46,1,304,26,1,0,0,5,27,0,0,0,1,,0,0
1492-3,6,144,mesta,40,46,1,274,24,1,0,0,5,23,0,0,0,1,,0,0
1492-3,6,145,mesta,40,46,1,377,22,1,0,0,5,23,0,0,0,1,1,22,0
1492-3,6,146,mesta,40,46,1,338,20,1,0,0,5,23,0,0,0,1,,0,0
1492-3,6,147,mesta,40,46,1,299,18,1,0,0,5,23,0,0,0,1,,0,0
1492-3,6,148,mesta,40,46,1,260,16,1,0,0,5,23,0,0,0,1,,0,0
1492-3,6,149,mesta,40,46,1,248,15,1,0,0,6,24,0,0,0,1,,0,0
1492-3,6,150,mesta,40,46,1,255,14,1,0,0,6,28,0,0,0,1,,0,0
1492-3,6,151,mesta,40,46,1,331,10,1,0,0,6,28,0,0,0,1,1,22,0
1492-3,6,152,mesta,40,46,1,260,6,1,2,0,6,28,0,0,0,1,,0,0
1492-3,6,153,mesta,40,46,1,249,2,1,3,0,6,28,0,0,0,1,,0,0
1492-3,6,154,mesta,39,46,1,256,1,1,3,0,6,28,1,0,0,1,,0,0
1492-3,6,155,mesta,39,46,1,268,4,1,2,0,13,35,0,0,0,1,,0,0
1492-3,6,156,mesta,39,46,1,280,6,1,1,0,13,35,0,0,0,1,,0,0
1492-3,6,157,mesta,39,46,1,439,8,1,0,0,13,35,0,0,0,1,1,25,0
1492-3,6,158,mesta,39,46,1,393,11,1,1,0,13,35,0,0,0,1,,0,0
1492-3,6,159,mesta,39,46,1,347,14,1,1,0,13,35,0,0,0,1,,0,0
1492-3,6,160,mesta,39,46,1,327,17,1,1,0,13,35,0,0,0,1,,0,0
1492-3,6,161,mesta,39,46,1,325,15,1,0,0,8,30,0,0,0,1,,0,0
1492-3,6,162,mesta,39,46,1,337,13,1,0,0,8,30,0,0,0,1,,0,0
1492-3,6,163,mesta,39,46,1,490,10,1,0,0,8,30,0,0,0,1,1,24,0
1492-3,6,164,mesta,39,46,1,455,11,1,0,0,8,30,0,0,0,1,,0,0
1492-3,6,165,mesta,39,46,1,420,12,1,0,0,8,30,0,0,0,1,,0,0
1492-3,6,166,mesta,39,46,1,385,13,1,0,0,8,30,0,0,0,1,,0,0
1492-3,6,167,mesta,39,46,1,350,11,1,0,0,5,27,0,0,0,1,,0,0
1492-3,6,168,mesta,39,46,1,320,9,1,0,0,5,23,0,0,0,1,,0,0
1492-3,6,169,mesta,39,46,1,347,7,1,0,0,5,23,0,0,0,1,1,19,0
1492-3,6,170,mesta,38,46,1,320,7,1,0,0,5,23,1,0,0,1,,0,0
1492-3,6,171,mesta,37,46,1,293,7,1,0,0,5,23,1,0,0,1,,0,0
1492-3,6,172,mesta,36,45,1,266,7,1,0,0,5,23,1,0,0,1,,0,0
1492-3,6,173,mesta,36,45,1,239,7,1,0,0,6,24,0,0,0,1,,0,0
1492-3,6,174,mesta,36,45,1,216,7,1,0,0,6,28,0,0,0,1,,0,0
1492-3,6,175,mesta,36,45,1,271,7,1,0,0,6,28,0,0,0,1,1,20,0
1492-3,6,176,mesta,36,45,1,225,1,1,2,0,6,28,0,0,0,1,,0,0
1492-3,6,177,mesta,35,45,1,223,1,1,3,0,6,28,1,0,0,1,,0,0
1492-3,6,178,mesta,34,45,1,235,1,1,3,0,6,28,1,0,0,1,,0,0
1492-3,6,179,mesta,34,45,1,247,1,1,2,0,13,35,0,0,0,1,,0,0
1492-3,6,180,mesta,34,45,1,259,1,1,1,0,13,35,0,0,0,1,,0,0
1492-3,6,181,mesta,34,45,1,416,1,1,0,0,13,35,0,0,0,1,1,23,0
1492-3,6,182,mesta,34,45,1,370,2,1,1,0,13,35,0,0,0,1,,0,0
1492-3,6,183,mesta,34,45,1,324,3,1,1,0,13,35,0,0,0,1,,0,0
1492-3,6,184,mesta,34,45,1,309,4,1,1,0,13,35,0,0,0,1,,0,0
1492-3,6,185,mesta,33,45,1,321,1,1,1,0,8,30,1,0,0,1,,0,0
1492-3,6,186,mesta,32,45,1,333,0,1,1,0,8,30,1,0,0,1,,0,0
1492-3,6,187,mesta,30,44,1,493,0,1,1,0,8,30,1,0,0,1,1,24,0
1492-3,6,188,mesta,29,43,1,458,4,1,1,0,8,30,1,0,0,1,,0,0
1492-3,6,189,mesta,29,43,1,423,4,1,1,0,8,30,0,0,0,1,,0,0
1492-3,6,190,mesta,29,43,1,388,4,1,1,0,8,30,0,0,0,1,,0,0
1492-3,6,191,mesta,28,43,1,351,4,1,1,0,5,27,1,0,0,1,,0,0
1492-3,6,192,mesta,27,43,1,318,4,1,1,0,5,23,1,0,0,1,,0,0
1492-3,6,193,mesta,26,42,1,417,4,1,1,0,5,23,1,0,0,1,1,23,0
1492-3,6,194,mesta,25,41,1,378,4,1,1,0,5,23,1,0,0,1,,0,0
1492-3,6,195,mesta,24,40,1,339,4,1,1,0,5,23,1,0,0,1,,0,0
1492-3,6,196,mesta,22,39,1,298,4,1,1,0,5,23,1,0,0,1,,0,0
1492-3,6,197,mesta,21,38,1,258,4,1,1,0,6,23,1,0,0,1,,0,0
1492-3,6,198,mesta,20,37,1,248,4,1,1,0,6,26,1,0,0,1,,0,0
1492-3,6,199,mesta,19,36,1,344,4,1,1,0,6,25,1,0,0,1,1,23,0
1492-3,6,200,mesta,18,35,1,296,1,1,2,0,6,25,1,0,0,1,,0,0
1492-3,6,1,monjes,46,116,1,30,56,0,0,0,18,42,0,0,0,0,1,5,0
1492-3,6,2,monjes,46,116,1,37,40,0,0,0,18,29,0,0,0,0,,0,0
1492-3,6,3,monjes,46,116,1,44,24,0,0,0,18,29,0,1,0,0,,0,0
1492-3,6,4,monjes,46,116,1,51,20,0,0,0,27,38,0,0,0,0,,0,0
1492-3,6,5,monjes,46,116,1,58,24,0,0,0,36,47,0,1,0,0,,0,0
1492-3,6,6,monjes,46,116,1,84,30,0,0,0,36,66,0,0,0,0,,0,0
1492-3,6,7,monjes,46,116,1,88,36,0,0,0,36,66,0,0,0,0,1,5,0
1492-3,6,8,monjes,46,116,1,114,38,0,0,0,28,58,0,0,0,0,,0,0
1492-3,6,9,monjes,46,116,1,140,36,0,0,0,28,58,0,0,0,0,,0,0
1492-3,6,10,monjes,46,116,1,166,34,0,0,0,28,58,0,0,0,0,,0,0
1492-3,6,11,monjes,46,116,1,192,74,0,0,0,72,102,0,0,0,0,,0,0
1492-3,6,12,monjes,46,116,1,218,113,0,0,0,72,102,0,0,0,0,,0,0
1492-3,6,13,monjes,60,112,1,146,141,0,0,0,72,102,0,0,0,1,1,13,0
1492-3,6,14,monjes,60,112,1,105,182,0,2,0,72,95,0,0,0,1,,0,0
1492-3,6,15,monjes,60,112,1,115,221,0,3,0,72,95,0,0,0,1,,0,0
1492-3,6,16,monjes,60,112,1,135,258,0,3,0,72,95,0,0,0,1,,0,0
1492-3,6,17,monjes,60,112,1,155,260,0,3,0,40,63,0,0,0,1,,0,0
1492-3,6,18,monjes,60,112,1,175,262,0,3,0,40,63,0,0,0,1,,0,0
1492-3,6,19,monjes,59,108,1,173,245,0,3,0,40,63,0,0,0,1,1,26,0
1492-3,6,20,monjes,72,108,1,141,245,0,3,0,40,62,0,0,0,2,,0,0
1492-3,6,21,monjes,72,108,1,152,239,0,3,0,40,62,0,0,0,2,,0,0
1492-3,6,22,monjes,72,108,1,171,226,0,3,0,40,62,0,0,0,2,,0,0
1492-3,6,23,monjes,75,108,1,190,207,0,3,0,27,49,0,0,0,2,,0,0
1492-3,6,24,monjes,75,108,1,202,189,0,3,0,27,42,0,0,0,2,,0,0
1492-3,6,25,monjes,74,104,1,240,160,0,3,0,27,42,0,0,0,2,1,11,0
1492-3,6,26,monjes,74,104,1,187,155,0,3,0,27,42,0,0,0,2,,0,0
1492-3,6,27,monjes,74,104,1,199,150,0,3,0,27,42,0,0,0,2,,0,0
1492-3,6,28,monjes,74,104,1,211,145,0,3,0,27,42,0,0,0,2,,0,0
1492-3,6,29,monjes,74,104,1,223,149,0,3,0,36,51,0,0,0,2,,0,0
1492-3,6,30,monjes,74,104,1,242,153,0,3,0,36,58,0,0,0,2,,0,0
1492-3,6,31,monjes,74,104,1,259,150,0,3,0,36,58,0,0,0,2,1,26,0
1492-3,6,32,monjes,77,104,1,239,157,0,3,0,36,58,0,0,0,2,,0,0
1492-3,6,33,monjes,77,104,1,219,164,0,3,0,36,58,0,0,0,2,,0,0
1492-3,6,34,monjes,77,104,1,199,160,0,3,0,36,58,0,0,0,2,,0,0
1492-3,6,35,monjes,77,104,1,193,201,0,3,0,72,94,0,0,0,2,,0,0
1492-3,6,36,monjes,77,104,1,212,241,0,3,0,72,94,0,0,0,2,,0,0
1492-3,6,37,monjes,80,104,1,212,263,0,1,0,72,94,0,0,0,2,1,20,0
1492-3,6,38,monjes,80,104,1,161,294,0,1,0,72,94,0,0,0,2,,0,0
1492-3,6,39,monjes,80,104,1,170,318,0,1,0,72,94,0,0,0,2,,0,0
1492-3,6,40,monjes,80,104,1,189,340,0,1,0,72,94,0,0,0,2,,0,0
1492-3,6,41,monjes,80,104,1,208,335,0,1,0,45,67,0,0,0,2,,0,0
1492-3,6,42,monjes,80,104,1,227,334,0,1,0,45,67,0,0,0,2,,0,0
1492-3,6,43,monjes,80,103,1,312,335,0,1,0,45,67,0,0,0,2,1,24,0
1492-3,6,44,monjes,80,103,1,261,338,0,1,0,45,67,0,0,0,2,,0,0
1492-3,6,45,monjes,171,109,2,260,336,0,1,0,45,67,0,0,0,3,,0,0
1492-3,6,46,monjes,172,110,2,275,330,0,1,0,45,67,0,0,0,3,,0,0
1492-3,6,47,monjes,172,111,2,290,307,0,1,0,27,49,0,0,0,3,,0,0
1492-3,6,48,monjes,172,111,2,298,285,0,1,0,27,42,0,0,0,3,,0,0
1492-3,6,49,monjes,170,103,2,338,244,0,1,0,27,42,0,0,0,3,1,26,0
1492-3,6,50,monjes,170,103,2,275,232,0,1,0,27,41,0,0,0,3,,0,0
1492-3,6,51,monjes,272,110,3,212,220,0,1,0,27,41,0,1,0,4,,0,0
1492-3,6,52,monjes,272,112,3,194,208,0,1,0,32,46,0,0,0,4,,0,0
1492-3,6,53,monjes,272,114,3,196,206,0,1,0,45,59,0,0,0,4,,0,0
1492-3,6,54,monjes,273,116,3,204,206,0,1,0,46,66,0,0,0,4,,0,0
1492-3,6,55,monjes,272,113,3,282,190,0,0,0,48,68,0,0,0,4,1,23,0
1492-3,6,56,monjes,273,115,3,220,208,0,1,0,60,80,0,1,0,4,,0,0
1492-3,6,57,monjes,276,117,3,204,240,0,2,0,69,90,0,0,0,4,,0,0
1492-3,6,58,monjes,276,119,3,213,268,0,2,0,70,91,0,1,0,4,,0,0
1492-3,6,59,monjes,298,127,4,222,357,0,2,0,132,154,0,0,0,4,,0,0
1492-3,6,60,monjes,299,130,4,225,440,0,2,0,134,157,0,1,0,4,,0,0
1492-3,6,61,monjes,299,133,4,171,480,0,2,0,135,159,0,0,0,4,1,20,0
1492-3,6,62,monjes,300,136,4,105,556,0,2,0,137,161,0,1,0,4,,0,0
1492-3,6,63,monjes,328,175,5,89,643,0,2,0,156,180,0,0,0,4,,0,0
1492-3,6,64,monjes,328,179,5,91,720,0,2,0,160,191,0,0,0,4,,0,0
1492-3,6,65,monjes,329,183,5,83,717,0,2,0,81,113,0,0,0,4,,0,0
1492-3,6,66,monjes,330,187,5,85,711,0,2,0,81,113,0,1,0,4,,0,0
1492-3,6,67,monjes,330,186,5,154,647,0,2,0,80,117,0,0,0,4,1,32,0
1492-3,6,68,monjes,331,191,5,158,639,0,2,0,77,111,0,1,0,4,,0,0
1492-3,6,69,monjes,366,253,6,153,635,0,2,0,79,113,0,0,0,4,,0,0
1492-3,6,70,monjes,368,261,6,162,612,0,2,0,79,123,0,1,0,4,,0,0
1492-3,6,71,monjes,368,261,6,159,572,0,2,0,59,113,0,0,0,4,,0,0
1492-3,6,72,monjes,368,261,6,150,532,0,2,0,59,107,0,0,0,4,,0,0
1492-3,6,73,monjes,368,261,6,180,469,0,2,0,50,98,0,1,0,4,1,36,0
1492-3,6,74,monjes,371,261,6,164,424,0,2,0,56,100,0,1,0,4,,0,0
1492-3,6,75,monjes,371,261,6,168,391,0,2,0,62,105,0,2,0,4,,0,0
1492-3,6,76,monjes,372,266,6,172,355,0,2,0,69,115,0,0,0,4,,0,0
1492-3,6,77,monjes,373,271,6,164,362,0,2,0,100,147,0,1,0,4,,0,0
1492-3,6,78,monjes,377,276,6,176,369,0,2,0,101,156,0,1,0,4,,0,0
1492-3,6,79,monjes,378,281,6,271,393,0,2,0,112,167,0,0,0,4,1,19,0
1492-3,6,80,monjes,379,289,6,240,419,0,2,0,114,169,0,1,0,4,,0,0
1492-3,6,81,monjes,381,297,6,229,442,0,2,0,116,172,0,1,0,4,,0,0
1492-3,6,82,monjes,383,305,6,236,461,0,2,0,116,174,0,0,0,4,,0,0
1492-3,6,83,monjes,384,311,6,239,559,0,2,0,207,266,0,1,0,4,,0,0
1492-3,6,84,monjes,385,317,6,256,652,0,2,0,209,270,0,1,0,4,,0,0
1492-3,6,85,monjes,386,323,6,313,752,0,0,0,226,288,0,0,0,4,1,30,0
1492-3,6,86,monjes,387,329,6,262,861,0,0,0,227,291,0,0,0,4,,0,0
1492-3,6,87,monjes,389,339,6,233,961,0,0,0,229,295,0,1,0,4,,0,0
1492-3,6,88,monjes,391,349,6,254,1053,0,0,0,230,297,0,0,0,4,,0,0
1492-3,6,89,monjes,396,359,6,275,1064,0,0,0,152,219,0,0,0,4,,0,0
1492-3,6,90,monjes,398,369,6,297,1072,0,0,0,152,220,0,0,0,4,,0,0
1492-3,6,91,monjes,401,381,6,394,1081,0,0,0,152,221,0,0,0,4,1,20,0
1492-3,6,92,monjes,403,392,6,348,1083,0,0,0,152,222,0,0,0,4,,0,0
1492-3,6,93,monjes,408,404,6,304,1089,0,0,0,152,224,0,0,0,4,,0,0
1492-3,6,94,monjes,432,423,7,314,1087,0,0,0,152,228,0,0,0,4,,0,0
1492-3,6,95,monjes,432,423,7,341,1020,0,0,0,90,169,0,0,0,4,,0,0
1492-3,6,96,monjes,432,423,7,362,955,0,0,0,90,163,0,0,0,4,,0,0
1492-3,6,97,monjes,431,419,7,413,902,0,0,0,102,175,0,0,0,4,1,28,0
1492-3,6,98,monjes,431,419,7,356,854,0,0,0,102,167,0,0,0,4,,0,0
1492-3,6,99,monjes,431,419,7,299,806,0,0,0,102,167,0,4,0,4,,0,0
1492-3,6,100,monjes,432,423,7,232,772,0,0,0,107,172,0,1,0,4,,0,0
1492-3,6,101,monjes,435,437,7,225,762,0,0,0,137,202,0,0,0,4,,0,0
1492-3,6,102,monjes,438,452,7,246,747,0,0,0,139,212,0,2,0,4,,0,0
1492-3,6,103,monjes,442,472,7,321,719,0,0,0,134,212,0,0,0,4,1,22,0
1492-3,6,104,monjes,445,488,7,256,701,0,2,0,135,216,0,1,0,4,,0,0
1492-3,6,105,monjes,449,506,7,284,677,0,4,0,136,218,0,0,0,4,,0,0
1492-3,6,106,monjes,452,524,7,313,649,0,4,0,137,220,0,1,0,4,,0,0
1492-3,6,107,monjes,455,536,7,345,722,0,4,0,244,330,0,0,0,4,,0,0
1492-3,6,108,monjes,457,548,7,378,790,0,4,0,245,332,0,0,0,4,,0,0
1492-3,6,109,monjes,458,553,7,504,843,0,2,0,246,338,0,0,0,4,1,28,0
1492-3,6,110,monjes,461,567,7,498,911,0,2,0,242,333,0,0,0,4,,0,0
1492-3,6,111,monjes,464,581,7,493,974,0,2,0,243,335,0,0,0,4,,0,0
1492-3,6,112,monjes,488,603,8,491,1032,0,2,0,244,339,0,0,0,4,,0,0
1492-3,6,113,monjes,491,619,8,484,1034,0,2,0,194,290,0,0,0,4,,0,0
1492-3,6,114,monjes,494,630,8,480,1033,0,2,0,195,295,0,0,0,4,,0,0
1492-3,6,115,monjes,496,641,8,553,1006,0,2,0,196,296,0,0,0,4,1,32,0
1492-3,6,116,monjes,498,652,8,523,997,0,2,0,197,298,0,1,0,4,,0,0
1492-3,6,117,monjes,503,664,8,485,1003,0,2,0,213,316,0,0,0,4,,0,0
1492-3,6,118,monjes,506,676,8,457,1005,0,2,0,214,317,0,1,0,4,,0,0
1492-3,6,119,monjes,506,676,8,434,914,0,2,0,119,229,0,0,0,4,,0,0
1492-3,6,120,monjes,506,676,8,405,825,0,2,0,119,223,0,0,0,4,,0,0
1492-3,6,121,monjes,506,676,8,518,689,0,2,0,119,223,0,1,0,4,1,31,0
1492-3,6,122,monjes,506,676,8,501,613,0,2,0,119,223,0,0,0,4,,0,0
1492-3,6,123,monjes,536,711,9,499,538,0,2,0,119,223,0,1,0,4,,0,0
1492-3,6,124,monjes,536,711,9,491,460,0,2,0,119,228,0,1,0,4,,0,0
1492-3,6,125,monjes,536,711,9,483,418,0,2,0,151,259,0,0,0,4,,0,0
1492-3,6,126,monjes,536,711,9,481,378,0,2,0,151,265,0,0,0,4,,0,0
1492-3,6,127,monjes,536,711,9,588,329,0,2,0,151,265,0,0,0,4,1,34,0
1492-3,6,128,monjes,536,711,9,587,287,0,2,0,151,263,0,1,0,4,,0,0
1492-3,6,129,monjes,539,711,9,576,260,0,2,0,159,271,0,0,0,4,,0,0
1492-3,6,130,monjes,539,711,9,575,232,0,2,0,159,271,0,1,0,4,,0,0
1492-3,6,131,monjes,542,726,9,574,324,0,2,0,281,399,0,0,0,4,,0,0
1492-3,6,132,monjes,545,741,9,573,409,0,2,0,283,402,0,1,0,4,,0,0
1492-3,6,133,monjes,548,757,9,674,480,0,1,0,285,407,0,0,0,4,1,39,0
1492-3,6,134,monjes,554,773,9,676,555,0,1,0,288,411,0,1,0,4,,0,0
1492-3,6,135,monjes,557,789,9,680,633,0,1,0,296,421,0,0,0,4,,0,0
1492-3,6,136,monjes,561,807,9,688,706,0,1,0,298,427,0,0,0,4,,0,0
1492-3,6,137,monjes,561,807,9,696,679,0,1,0,201,330,0,0,0,4,,0,0
1492-3,6,138,monjes,561,807,9,704,644,0,1,0,201,330,0,0,0,4,,0,0
1492-3,6,139,monjes,561,807,9,766,620,0,1,0,201,330,0,0,0,4,1,30,0
1492-3,6,140,monjes,564,807,9,774,587,0,1,0,201,330,0,5,0,4,,0,0
1492-3,6,141,monjes,567,823,9,770,618,0,1,0,256,384,0,0,0,4,,0,0
1492-3,6,142,monjes,570,836,9,782,643,0,1,0,257,390,0,1,0,4,,0,0
1492-3,6,143,monjes,570,836,9,795,573,0,1,0,173,306,0,0,0,4,,0,0
1492-3,6,144,monjes,573,836,9,802,517,0,1,0,173,300,0,0,0,4,,0,0
1492-3,6,145,monjes,573,836,9,867,463,0,1,0,173,300,0,0,0,4,1,25,0
1492-3,6,146,monjes,573,836,9,874,411,0,1,0,173,300,0,0,0,4,,0,0
1492-3,6,147,monjes,573,836,9,881,361,0,1,0,173,300,0,0,0,4,,0,0
1492-3,6,148,monjes,573,836,9,888,313,0,1,0,173,300,0,0,0,4,,0,0
1492-3,6,149,monjes,575,848,9,895,312,0,1,0,219,346,0,0,0,4,,0,0
1492-3,6,150,monjes,576,853,9,910,309,0,1,0,220,355,0,0,0,4,,0,0
1492-3,6,151,monjes,577,857,9,969,306,0,1,0,223,361,0,0,0,4,1,32,0
1492-3,6,152,monjes,577,857,9,970,276,0,2,0,199,338,0,0,0,4,,0,0
1492-3,6,153,monjes,577,857,9,971,247,0,3,0,199,338,0,0,0,4,,0,0
1492-3,6,154,monjes,577,857,9,972,219,0,4,0,199,338,0,0,0,4,,0,0
1492-3,6,155,monjes,578,861,9,973,348,0,5,0,361,500,0,0,0,4,,0,0
1492-3,6,156,monjes,579,865,9,974,475,0,6,0,365,504,0,0,0,4,,0,0
1492-3,6,157,monjes,579,869,9,1016,588,0,6,0,366,505,0,0,0,4,1,30,0
1492-3,6,158,monjes,583,873,9,1050,712,0,6,0,368,507,0,0,0,4,,0,0
1492-3,6,159,monjes,584,878,9,1085,831,0,6,0,369,509,0,0,0,4,,0,0
1492-3,6,160,monjes,585,883,9,1120,945,0,6,0,370,510,0,0,0,4,,0,0
1492-3,6,161,monjes,586,888,9,1159,934,0,6,0,245,385,0,0,0,4,,0,0
1492-3,6,162,monjes,587,893,9,1199,912,0,6,0,247,388,0,0,0,4,,0,0
1492-3,6,163,monjes,588,898,9,1252,902,0,6,0,248,390,0,0,0,4,1,25,0
1492-3,6,164,monjes,589,904,9,1275,889,0,6,0,249,393,0,0,0,4,,0,0
1492-3,6,165,monjes,594,910,9,1293,875,0,6,0,249,393,0,0,0,4,,0,0
1492-3,6,166,monjes,595,917,9,1314,862,0,6,0,250,397,0,0,0,4,,0,0
1492-3,6,167,monjes,595,917,9,1337,766,0,6,0,165,312,0,0,0,4,,0,0
1492-3,6,168,monjes,595,917,9,1354,673,0,6,0,165,306,0,0,0,4,,0,0
1492-3,6,169,monjes,595,917,9,1453,546,0,6,0,165,306,0,0,0,4,1,27,0
1492-3,6,170,monjes,595,917,9,1470,462,0,6,0,165,306,0,0,0,4,,0,0
1492-3,6,171,monjes,626,972,10,1487,382,0,6,0,165,306,0,0,0,4,,0,0
1492-3,6,172,monjes,626,972,10,1499,291,0,6,0,165,315,0,0,0,4,,0,0
1492-3,6,173,monjes,626,972,10,1508,252,0,0,0,210,360,0,0,0,4,,0,0
1492-3,6,174,monjes,626,972,10,1524,210,0,0,0,210,366,0,0,0,4,,0,0
1492-3,6,175,monjes,627,976,10,1539,168,0,0,0,210,366,0,0,0,4,1,34,0
1492-3,6,176,monjes,627,976,10,1514,120,0,2,0,210,363,0,2,0,4,,0,0
1492-3,6,177,monjes,627,976,10,1479,100,0,4,0,229,382,0,0,0,4,,0,0
1492-3,6,178,monjes,627,976,10,1448,86,0,4,0,229,382,0,0,0,4,,0,0
1492-3,6,179,monjes,628,982,10,1412,245,0,6,0,411,564,0,0,0,4,,0,0
1492-3,6,180,monjes,629,987,10,1378,399,0,8,0,413,567,0,0,0,4,,0,0
1492-3,6,181,monjes,630,991,10,1549,505,0,10,0,414,569,0,0,0,4,1,25,0
1492-3,6,182,monjes,630,994,10,1568,647,0,10,0,416,572,0,0,0,4,,0,0
1492-3,6,183,monjes,661,1049,11,1587,783,0,10,0,417,573,0,0,0,4,,0,0
1492-3,6,184,monjes,663,1055,11,1602,902,0,10,0,419,586,0,0,0,4,,0,0
1492-3,6,185,monjes,664,1061,11,1621,880,0,10,0,278,445,0,0,0,4,,0,0
1492-3,6,186,monjes,665,1068,11,1636,857,0,10,0,278,446,0,0,0,4,,0,0
1492-3,6,187,monjes,666,1074,11,1670,823,0,10,0,278,446,0,0,0,4,1,33,0
1492-3,6,188,monjes,667,1079,11,1693,795,0,10,0,278,444,0,2,0,4,,0,0
1492-3,6,189,monjes,668,1084,11,1713,788,0,10,0,295,462,0,0,0,4,,0,0
1492-3,6,190,monjes,669,1089,11,1734,779,0,10,0,295,463,0,0,0,4,,0,0
1492-3,6,191,monjes,669,1089,11,1757,675,0,10,0,197,365,0,0,0,4,,0,0
1492-3,6,192,monjes,669,1089,11,1774,576,0,10,0,197,359,0,0,0,4,,0,0
1492-3,6,193,monjes,669,1089,11,1849,479,0,0,0,197,359,0,0,0,4,1,30,0
1492-3,6,194,monjes,829,1089,11,1865,381,0,0,0,197,359,0,1,1,5,,0,0
1492-3,6,195,monjes,829,1089,11,1884,291,0,0,0,197,359,0,0,0,5,,0,0
1492-3,6,196,monjes,832,1089,11,1893,209,0,0,0,197,359,0,0,0,5,,0,0
1492-3,6,197,monjes,832,1089,11,1912,178,0,0,0,249,411,0,0,0,5,,0,0
1492-3,6,198,monjes,832,1089,11,1937,148,0,0,0,249,417,0,1,0,5,,0,0
1492-3,6,199,monjes,832,1089,11,1968,124,0,0,0,249,421,0,0,0,5,1,25,0
1492-3,6,200,monjes,832,1089,11,1941,101,0,2,0,249,421,0,0,0,5,,0,0
1492-3,6,1,salineros,36,66,1,5,70,0,13,0,17,38,0,0,0,0,1,6,0
1492-3,6,2,salineros,36,66,1,7,67,0,16,0,17,30,0,0,0,0,,0,0
1492-3,6,3,salineros,36,66,1,9,64,0,19,0,17,30,0,0,0,0,,0,0
1492-3,6,4,salineros,36,66,1,11,61,0,22,0,17,30,0,0,0,0,,0,0
1492-3,6,5,salineros,36,66,1,13,60,0,25,0,19,32,0,2,0,0,,0,0
1492-3,6,6,salineros,36,66,1,29,63,0,36,0,19,54,0,0,0,0,,0,0
1492-3,6,7,salineros,35,62,1,25,56,0,36,0,19,53,0,0,0,0,1,6,0
1492-3,6,8,salineros,35,62,1,41,60,0,36,0,19,53,0,0,0,0,,0,0
1492-3,6,9,salineros,35,62,1,57,64,0,46,0,19,53,0,0,0,0,,0,0
1492-3,6,10,salineros,50,62,1,73,68,0,55,0,19,52,0,0,0,1,,0,0
1492-3,6,11,salineros,50,62,1,89,78,0,64,0,25,58,0,0,0,1,,0,0
1492-3,6,12,salineros,50,62,1,105,88,0,73,0,25,58,0,0,0,1,,0,0
1492-3,6,13,salineros,50,60,1,287,80,0,76,0,25,57,0,0,0,1,1,26,0
1492-3,6,14,salineros,63,60,1,298,94,0,75,0,25,57,0,0,0,2,,0,0
1492-3,6,15,salineros,63,60,1,314,105,0,72,0,25,57,0,0,0,2,,0,0
1492-3,6,16,salineros,63,60,1,330,107,0,67,0,25,57,0,0,0,2,,0,0
1492-3,6,17,salineros,66,60,1,346,112,0,63,0,20,51,0,0,0,2,,0,0
1492-3,6,18,salineros,66,60,1,362,117,0,59,0,20,51,0,0,0,2,,0,0
1492-3,6,19,salineros,65,58,1,925,112,0,62,0,20,51,0,0,0,2,1,19,0
1492-3,6,20,salineros,66,60,1,888,118,0,64,0,20,48,0,0,0,2,,0,0
1492-3,6,21,salineros,66,60,1,853,123,0,66,0,20,50,0,0,0,2,,0,0
1492-3,6,22,salineros,66,60,1,818,128,0,68,0,20,50,0,0,0,2,,0,0
1492-3,6,23,salineros,66,60,1,783,130,0,69,0,17,46,0,0,0,2,,0,0
1492-3,6,24,salineros,66,60,1,749,132,0,69,0,17,40,0,0,0,2,,0,0
1492-3,6,25,salineros,66,60,1,1022,127,0,70,0,17,40,0,0,0,2,1,28,0
1492-3,6,26,salineros,69,60,1,981,129,0,71,0,17,40,0,0,0,2,,0,0
1492-3,6,27,salineros,69,60,1,940,131,0,71,0,17,39,0,0,0,2,,0,0
1492-3,6,28,salineros,69,60,1,899,126,0,71,0,17,39,0,0,0,2,,0,0
1492-3,6,29,salineros,72,60,1,858,130,0,71,0,19,41,0,0,0,2,,0,0
1492-3,6,30,salineros,72,60,1,823,134,0,70,0,19,46,0,0,0,2,,0,0
1492-3,6,31,salineros,72,60,1,1097,138,0,69,0,19,46,0,0,0,2,1,18,0
1492-3,6,32,salineros,72,60,1,1062,142,0,68,0,19,46,0,0,0,2,,0,0
1492-3,6,33,salineros,72,60,1,1027,146,0,66,0,19,45,0,0,0,2,,0,0
1492-3,6,34,salineros,72,60,1,992,150,0,64,0,19,45,0,0,0,2,,0,0
1492-3,6,35,salineros,72,60,1,957,160,0,61,0,25,51,0,0,0,2,,0,0
1492-3,6,36,salineros,72,60,1,922,170,0,58,0,25,51,0,0,0,2,,0,0
1492-3,6,37,salineros,72,60,1,1218,166,0,54,0,25,51,0,0,0,2,1,34,0
1492-3,6,38,salineros,72,60,1,1205,173,0,51,0,25,51,0,0,0,2,,0,0
1492-3,6,39,salineros,75,60,1,1192,180,0,48,0,25,51,0,0,0,2,,0,0
1492-3,6,40,salineros,75,60,1,1179,187,0,45,0,25,51,0,0,0,2,,0,0
1492-3,6,41,salineros,75,60,1,1166,190,0,42,0,21,47,0,0,0,2,,0,0
1492-3,6,42,salineros,75,60,1,1153,193,0,39,0,21,47,0,0,0,2,,0,0
1492-3,6,43,salineros,75,60,1,1453,196,0,36,0,21,47,0,0,0,2,1,24,0
1492-3,6,44,salineros,75,60,1,1440,188,0,32,0,21,47,0,0,0,2,,0,0
1492-3,6,45,salineros,75,60,1,1427,191,0,29,0,21,47,0,0,0,2,,0,0
1492-3,6,46,salineros,78,60,1,1414,194,0,26,0,21,47,0,0,0,2,,0,0
1492-3,6,47,salineros,78,60,1,1401,193,0,23,0,17,43,0,0,0,2,,0,0
1492-3,6,48,salineros,78,60,1,1382,192,0,20,0,17,37,0,0,0,2,,0,0
1492-3,6,49,salineros,78,60,1,1666,191,0,17,0,17,37,0,0,0,2,1,19,0
1492-3,6,50,salineros,78,60,1,1625,190,0,17,0,17,37,0,0,0,2,,0,0
1492-3,6,51,salineros,78,60,1,1584,189,0,17,0,17,37,0,0,0,2,,0,0
1492-3,6,52,salineros,78,60,1,1543,188,0,17,0,17,37,0,0,0,2,,0,0
1492-3,6,53,salineros,78,60,1,1502,189,0,17,0,19,39,0,0,0,2,,0,0
1492-3,6,54,salineros,78,60,1,1467,190,0,17,0,19,45,0,0,0,2,,0,0
1492-3,6,55,salineros,78,64,1,1613,192,0,17,0,19,45,0,0,0,2,1,19,0
1492-3,6,56,salineros,78,64,1,1578,192,0,17,0,19,45,0,0,0,2,,0,0
1492-3,6,57,salineros,78,64,1,1543,192,0,17,0,19,45,0,0,0,2,,0,0
1492-3,6,58,salineros,78,64,1,1508,192,0,17,0,19,45,0,0,0,2,,0,0
1492-3,6,59,salineros,78,64,1,1473,198,0,16,0,25,51,0,0,0,2,,0,0
1492-3,6,60,salineros,78,64,1,1438,204,0,15,0,25,51,0,0,0,2,,0,0
1492-3,6,61,salineros,78,60,1,1513,200,0,14,0,25,51,0,0,0,2,1,19,0
1492-3,6,62,salineros,78,60,1,1466,207,0,13,0,25,51,0,0,0,2,,0,0
1492-3,6,63,salineros,78,63,1,1419,212,0,12,0,25,51,0,1,0,2,,0,0
1492-3,6,64,salineros,79,66,1,1372,219,0,11,0,25,51,0,0,0,2,,0,0
1492-3,6,65,salineros,79,69,1,1325,219,0,10,0,19,45,0,0,0,2,,0,0
1492-3,6,66,salineros,80,72,1,1278,218,0,9,0,19,45,0,0,0,2,,0,0
1492-3,6,67,salineros,81,75,1,1390,203,0,8,0,19,47,0,0,0,2,1,28,0
1492-3,6,68,salineros,81,78,1,1345,201,0,7,0,19,47,0,0,0,2,,0,0
1492-3,6,69,salineros,84,78,1,1300,198,0,6,0,19,47,0,0,0,2,,0,0
1492-3,6,70,salineros,84,78,1,1255,195,0,6,0,19,47,0,0,0,2,,0,0
1492-3,6,71,salineros,84,78,1,1210,190,0,6,0,17,45,0,0,0,2,,0,0
1492-3,6,72,salineros,84,78,1,1158,185,0,6,0,17,38,0,0,0,2,,0,0
1492-3,6,73,salineros,84,78,1,1272,180,0,6,0,17,38,0,0,0,2,1,18,0
1492-3,6,74,salineros,84,78,1,1220,164,0,6,0,17,38,0,0,0,2,,0,0
1492-3,6,75,salineros,84,78,1,1168,159,0,6,0,17,38,0,0,0,2,,0,0
1492-3,6,76,salineros,87,78,1,1116,154,0,6,0,17,38,0,0,0,2,,0,0
1492-3,6,77,salineros,87,78,1,1064,151,0,6,0,19,40,0,0,0,2,,0,0
1492-3,6,78,salineros,87,78,1,1019,148,0,6,0,19,47,0,0,0,2,,0,0
1492-3,6,79,salineros,87,78,1,993,148,0,7,0,19,47,0,0,0,2,1,2,0
1492-3,6,80,salineros,87,78,1,1011,146,0,8,0,19,47,0,0,0,2,,0,0
1492-3,6,81,salineros,87,78,1,1029,144,0,9,0,19,47,0,0,0,2,,0,0
1492-3,6,82,salineros,87,78,1,1047,142,0,10,0,19,47,0,0,0,2,,0,0
1492-3,6,83,salineros,88,81,1,1065,146,0,11,0,25,53,0,0,0,2,,0,0
1492-3,6,84,salineros,89,85,1,1085,149,0,12,0,25,55,0,0,0,2,,0,0
1492-3,6,85,salineros,90,90,1,1043,151,0,12,0,25,55,0,0,0,2,1,13,0
1492-3,6,86,salineros,90,90,1,987,152,0,12,0,25,57,0,0,0,2,,0,0
1492-3,6,87,salineros,90,90,1,930,153,0,12,0,25,57,0,0,0,2,,0,0
1492-3,6,88,salineros,90,90,1,873,154,0,12,0,25,57,0,0,0,2,,0,0
1492-3,6,89,salineros,90,90,1,817,151,0,12,0,21,53,0,0,0,2,,0,0
1492-3,6,90,salineros,90,90,1,760,148,0,13,0,21,53,0,0,0,2,,0,0
1492-3,6,91,salineros,89,86,1,817,135,0,14,0,21,53,0,0,0,2,1,19,0
1492-3,6,92,salineros,89,86,1,770,135,0,15,0,21,51,0,0,0,2,,0,0
1492-3,6,93,salineros,89,86,1,723,135,0,16,0,21,51,0,0,0,2,,0,0
1492-3,6,94,salineros,89,86,1,676,135,0,17,0,21,51,0,0,0,2,,0,0
1492-3,6,95,salineros,89,86,1,629,131,0,18,0,17,47,0,0,0,2,,0,0
1492-3,6,96,salineros,89,86,1,574,127,0,19,0,17,39,0,0,0,2,,0,0
1492-3,6,97,salineros,89,86,1,662,110,0,17,0,17,39,0,0,0,2,1,29,0
1492-3,6,98,salineros,89,86,1,620,108,0,18,0,17,39,0,0,0,2,,0,0
1492-3,6,99,salineros,92,86,1,578,109,0,19,0,17,39,0,0,0,2,,0,0
1492-3,6,100,salineros,92,86,1,536,110,0,20,0,17,39,0,0,0,2,,0,0
1492-3,6,101,salineros,92,86,1,494,113,0,21,0,19,41,0,0,0,2,,0,0
1492-3,6,102,salineros,92,86,1,460,116,0,22,0,19,49,0,0,0,2,,0,0
1492-3,6,103,salineros,92,86,1,575,119,0,20,0,19,49,0,0,0,2,1,20,0
1492-3,6,104,salineros,92,86,1,555,119,0,18,0,19,49,0,0,0,2,,0,0
1492-3,6,105,salineros,92,86,1,521,119,0,19,0,19,49,0,0,0,2,,0,0
1492-3,6,106,salineros,92,86,1,487,113,0,20,0,19,49,0,0,0,2,,0,0
1492-3,6,107,salineros,93,90,1,453,122,0,21,0,25,55,0,0,0,2,,0,0
1492-3,6,108,salineros,93,90,1,421,130,0,22,0,25,57,0,0,0,2,,0,0
1492-3,6,109,salineros,93,90,1,563,138,0,20,0,25,57,0,0,0,2,1,20,0
1492-3,6,110,salineros,93,90,1,545,143,0,18,0,25,57,0,0,0,2,,0,0
1492-3,6,111,salineros,93,90,1,513,148,0,19,0,25,57,0,0,0,2,,0,0
1492-3,6,112,salineros,96,90,1,481,156,0,20,0,25,57,0,0,0,2,,0,0
1492-3,6,113,salineros,96,90,1,449,161,0,20,0,22,54,0,0,0,2,,0,0
1492-3,6,114,salineros,96,90,1,417,166,0,20,0,22,54,0,0,0,2,,0,0
1492-3,6,115,salineros,96,90,1,567,168,0,17,0,22,54,0,0,0,2,1,18,0
1492-3,6,116,salineros,96,90,1,538,163,0,17,0,22,54,0,0,0,2,,0,0
1492-3,6,117,salineros,96,90,1,509,158,0,17,0,22,54,0,0,0,2,,0,0
1492-3,6,118,salineros,96,90,1,480,153,0,17,0,22,54,0,0,0,2,,0,0
1492-3,6,119,salineros,96,90,1,451,143,0,18,0,17,49,0,0,0,2,,0,0
1492-3,6,120,salineros,96,90,1,392,136,0,19,0,17,40,0,0,0,2,,0,0
1492-3,6,121,salineros,96,94,1,549,129,0,17,0,17,40,0,0,0,2,1,20,0
1492-3,6,122,salineros,96,94,1,508,125,0,18,0,17,40,0,0,0,2,,0,0
1492-3,6,123,salineros,96,94,1,467,124,0,19,0,17,40,0,0,0,2,,0,0
1492-3,6,124,salineros,96,94,1,426,123,0,20,0,17,40,0,0,0,2,,0,0
1492-3,6,125,salineros,96,94,1,385,124,0,21,0,19,42,0,0,0,2,,0,0
1492-3,6,126,salineros,96,94,1,353,125,0,22,0,19,51,0,0,0,2,,0,0
1492-3,6,127,salineros,96,90,1,444,116,0,20,0,19,51,0,0,0,2,1,21,0
1492-3,6,128,salineros,96,90,1,426,115,0,18,0,19,51,0,0,0,2,,0,0
1492-3,6,129,salineros,96,90,1,394,114,0,19,0,19,51,0,0,0,2,,0,0
1492-3,6,130,salineros,96,90,1,362,116,0,20,0,19,51,0,0,0,2,,0,0
1492-3,6,131,salineros,96,90,1,330,124,0,21,0,25,57,0,0,0,2,,0,0
1492-3,6,132,salineros,96,90,1,305,132,0,22,0,25,57,0,0,0,2,,0,0
1492-3,6,133,salineros,96,90,1,441,129,0,18,0,25,57,0,0,0,2,1,28,0
1492-3,6,134,salineros,96,90,1,423,134,0,16,0,25,57,0,0,0,2,,0,0
1492-3,6,135,salineros,96,90,1,391,139,0,17,0,25,57,0,0,0,2,,0,0
1492-3,6,136,salineros,96,90,1,359,147,0,18,0,25,57,0,0,0,2,,0,0
1492-3,6,137,salineros,96,90,1,327,151,0,19,0,21,53,0,0,0,2,,0,0
1492-3,6,138,salineros,99,90,1,349,155,0,20,0,21,53,0,0,0,2,,0,0
1492-3,6,139,salineros,99,90,1,483,149,0,17,0,21,53,0,0,0,2,1,13,0
1492-3,6,140,salineros,99,90,1,433,146,0,18,0,21,53,0,0,0,2,,0,0
1492-3,6,141,salineros,99,90,1,383,143,0,19,0,21,53,0,0,0,2,,0,0
1492-3,6,142,salineros,99,90,1,333,140,0,20,0,21,53,0,0,0,2,,0,0
1492-3,6,143,salineros,99,90,1,311,133,0,21,0,17,49,0,0,0,2,,0,0
1492-3,6,144,salineros,99,90,1,324,126,0,22,0,17,40,0,0,0,2,,0,0
1492-3,6,145,salineros,99,90,1,428,119,0,20,0,17,40,0,0,0,2,1,19,0
1492-3,6,146,salineros,99,90,1,392,108,0,18,0,17,40,0,0,0,2,,0,0
1492-3,6,147,salineros,99,90,1,342,105,0,19,0,17,40,0,0,0,2,,0,0
1492-3,6,148,salineros,99,90,1,291,105,0,21,0,17,40,0,0,0,2,,0,0
1492-3,6,149,salineros,99,90,1,247,107,0,23,0,19,42,0,0,0,2,,0,0
1492-3,6,150,salineros,99,90,1,258,109,0,24,0,19,51,0,0,0,2,,0,0
1492-3,6,151,salineros,99,90,1,385,105,0,22,0,19,51,0,0,0,2,1,19,0
1492-3,6,152,salineros,102,90,1,367,104,0,22,0,19,52,0,0,0,2,,0,0
1492-3,6,153,salineros,102,90,1,349,103,0,22,0,19,52,0,0,0,2,,0,0
1492-3,6,154,salineros,102,90,1,317,102,0,25,0,19,52,0,0,0,2,,0,0
1492-3,6,155,salineros,102,90,1,316,110,0,27,0,25,58,0,0,0,2,,0,0
1492-3,6,156,salineros,102,90,1,338,116,0,29,0,25,58,0,0,0,2,,0,0
1492-3,6,157,salineros,102,90,1,486,117,0,28,0,25,58,0,0,0,2,1,22,0
1492-3,6,158,salineros,102,90,1,468,122,0,27,0,25,58,0,0,0,2,,0,0
1492-3,6,159,salineros,102,90,1,450,127,0,26,0,25,58,0,0,0,2,,0,0
1492-3,6,160,salineros,102,90,1,432,132,0,25,0,25,58,0,0,0,2,,0,0
1492-3,6,161,salineros,102,90,1,400,133,0,27,0,21,54,0,0,0,2,,0,0
1492-3,6,162,salineros,102,90,1,368,137,0,29,0,21,54,0,0,0,2,,0,0
1492-3,6,163,salineros,102,94,1,573,141,0,28,0,21,54,0,0,0,2,1,23,0
1492-3,6,164,salineros,102,94,1,555,141,0,27,0,21,54,0,0,0,2,,0,0
1492-3,6,165,salineros,102,94,1,537,141,0,26,0,21,54,0,0,0,2,,0,0
1492-3,6,166,salineros,102,94,1,519,141,0,25,0,21,54,0,0,0,2,,0,0
1492-3,6,167,salineros,102,94,1,482,137,0,27,0,17,50,0,0,0,2,,0,0
1492-3,6,168,salineros,102,94,1,441,136,0,29,0,17,41,0,0,0,2,,0,0
1492-3,6,169,salineros,102,90,1,610,125,0,28,0,17,41,0,0,0,2,1,23,0
1492-3,6,170,salineros,102,90,1,574,122,0,27,0,17,41,0,0,0,2,,0,0
1492-3,6,171,salineros,102,90,1,537,119,0,26,0,17,41,0,0,0,2,,0,0
1492-3,6,172,salineros,102,90,1,501,116,0,25,0,17,41,0,0,0,2,,0,0
1492-3,6,173,salineros,102,90,1,448,115,0,27,0,19,43,0,0,0,2,,0,0
1492-3,6,174,salineros,102,90,1,405,117,0,29,0,19,52,0,0,0,2,,0,0
1492-3,6,175,salineros,102,90,1,605,106,0,28,0,19,52,0,0,0,2,1,27,0
1492-3,6,176,salineros,102,90,1,587,105,0,27,0,19,52,0,0,0,2,,0,0
1492-3,6,177,salineros,102,90,1,569,104,0,27,0,19,52,0,0,0,2,,0,0
1492-3,6,178,salineros,102,90,1,551,103,0,27,0,19,52,0,0,0,2,,0,0
1492-3,6,179,salineros,105,90,1,519,108,0,29,0,25,58,0,0,0,2,,0,0
1492-3,6,180,salineros,105,90,1,487,116,0,31,0,25,58,0,0,0,2,,0,0
1492-3,6,181,salineros,105,90,1,681,124,0,30,0,25,58,0,0,0,2,1,23,0
1492-3,6,182,salineros,105,90,1,663,129,0,29,0,25,58,0,0,0,2,,0,0
1492-3,6,183,salineros,105,90,1,645,134,0,28,0,25,58,0,0,0,2,,0,0
1492-3,6,184,salineros,105,90,1,627,139,0,27,0,25,58,0,0,0,2,,0,0
1492-3,6,185,salineros,105,90,1,609,140,0,26,0,21,54,0,0,0,2,,0,0
1492-3,6,186,salineros,105,90,1,577,141,0,28,0,21,54,0,0,0,2,,0,0
1492-3,6,187,salineros,105,90,1,808,145,0,27,0,21,54,0,0,0,2,1,22,0
1492-3,6,188,salineros,105,90,1,778,146,0,26,0,21,54,0,0,0,2,,0,0
1492-3,6,189,salineros,105,90,1,749,147,0,25,0,21,54,0,0,0,2,,0,0
1492-3,6,190,salineros,105,90,1,719,148,0,24,0,21,54,0,0,0,2,,0,0
1492-3,6,191,salineros,105,90,1,678,145,0,26,0,17,50,0,0,0,2,,0,0
1492-3,6,192,salineros,105,90,1,627,145,0,28,0,17,41,0,0,0,2,,0,0
1492-3,6,193,salineros,105,94,1,829,145,0,27,0,17,41,0,0,0,2,1,23,0
1492-3,6,194,salineros,105,94,1,797,141,0,26,0,17,41,0,0,0,2,,0,0
1492-3,6,195,salineros,105,94,1,770,137,0,25,0,17,41,0,0,0,2,,0,0
1492-3,6,196,salineros,105,94,1,743,133,0,24,0,17,41,0,0,0,2,,0,0
1492-3,6,197,salineros,105,94,1,697,131,0,26,0,19,43,0,0,0,2,,0,0
1492-3,6,198,salineros,105,94,1,660,130,0,28,0,19,52,0,0,0,2,,0,0
1492-3,6,199,salineros,105,90,1,847,119,0,27,0,19,52,0,0,0,2,1,23,0
1492-3,6,200,salineros,105,90,1,829,118,0,26,0,19,52,0,0,0,2,,0,0
